county,precinct,office,district,party,candidate,votes
Appling,not available,Public Service Commissioner,2,Democrat,Alicia M. Johnson,51
Appling,not available,Public Service Commissioner,2,Republican,Lee Muns,42
Appling,not available,Public Service Commissioner,2,Republican,Tim Echols,250
Appling,not available,Public Service Commissioner,3,Democrat,Keisha Sean Waites,36
Appling,not available,Public Service Commissioner,3,Democrat,Peter Hubbard,3
Appling,not available,Public Service Commissioner,3,Democrat,Robert Jones,10
Appling,not available,Public Service Commissioner,3,Republican,Fitz Johnson,229
Atkinson,not available,Public Service Commissioner,2,Democrat,Alicia M. Johnson,21
Atkinson,not available,Public Service Commissioner,2,Republican,Lee Muns,2
Atkinson,not available,Public Service Commissioner,2,Republican,Tim Echols,8
Atkinson,not available,Public Service Commissioner,3,Democrat,Keisha Sean Waites,19
Atkinson,not available,Public Service Commissioner,3,Democrat,Peter Hubbard,0
Atkinson,not available,Public Service Commissioner,3,Democrat,Robert Jones,6
Atkinson,not available,Public Service Commissioner,3,Republican,Fitz Johnson,7
Bacon,not available,Public Service Commissioner,2,Democrat,Alicia M. Johnson,31
Bacon,not available,Public Service Commissioner,2,Republican,Lee Muns,15
Bacon,not available,Public Service Commissioner,2,Republican,Tim Echols,92
Bacon,not available,Public Service Commissioner,3,Democrat,Keisha Sean Waites,32
Bacon,not available,Public Service Commissioner,3,Democrat,Peter Hubbard,3
Bacon,not available,Public Service Commissioner,3,Democrat,Robert Jones,5
Bacon,not available,Public Service Commissioner,3,Republican,Fitz Johnson,81
Baker,not available,Public Service Commissioner,2,Democrat,Alicia M. Johnson,33
Baker,not available,Public Service Commissioner,2,Republican,Lee Muns,10
Baker,not available,Public Service Commissioner,2,Republican,Tim Echols,34
Baker,not available,Public Service Commissioner,3,Democrat,Keisha Sean Waites,18
Baker,not available,Public Service Commissioner,3,Democrat,Peter Hubbard,2
Baker,not available,Public Service Commissioner,3,Democrat,Robert Jones,4
Baker,not available,Public Service Commissioner,3,Republican,Fitz Johnson,32
Baldwin,not available,Public Service Commissioner,2,Democrat,Alicia M. Johnson,547
Baldwin,not available,Public Service Commissioner,2,Republican,Lee Muns,52
Baldwin,not available,Public Service Commissioner,2,Republican,Tim Echols,187
Baldwin,not available,Public Service Commissioner,3,Democrat,Keisha Sean Waites,238
Baldwin,not available,Public Service Commissioner,3,Democrat,Peter Hubbard,93
Baldwin,not available,Public Service Commissioner,3,Democrat,Robert Jones,215
Baldwin,not available,Public Service Commissioner,3,Republican,Fitz Johnson,206
Banks,not available,Public Service Commissioner,2,Democrat,Alicia M. Johnson,29
Banks,not available,Public Service Commissioner,2,Republican,Lee Muns,24
Banks,not available,Public Service Commissioner,2,Republican,Tim Echols,135
Banks,not available,Public Service Commissioner,3,Democrat,Keisha Sean Waites,12
Banks,not available,Public Service Commissioner,3,Democrat,Peter Hubbard,9
Banks,not available,Public Service Commissioner,3,Democrat,Robert Jones,7
Banks,not available,Public Service Commissioner,3,Republican,Fitz Johnson,147
Barrow,not available,Public Service Commissioner,2,Democrat,Alicia M. Johnson,279
Barrow,not available,Public Service Commissioner,2,Republican,Lee Muns,93
Barrow,not available,Public Service Commissioner,2,Republican,Tim Echols,537
Barrow,not available,Public Service Commissioner,3,Democrat,Keisha Sean Waites,146
Barrow,not available,Public Service Commissioner,3,Democrat,Peter Hubbard,62
Barrow,not available,Public Service Commissioner,3,Democrat,Robert Jones,50
Barrow,not available,Public Service Commissioner,3,Republican,Fitz Johnson,548
Bartow,not available,Public Service Commissioner,2,Democrat,Alicia M. Johnson,392
Bartow,not available,Public Service Commissioner,2,Republican,Lee Muns,199
Bartow,not available,Public Service Commissioner,2,Republican,Tim Echols,439
Bartow,not available,Public Service Commissioner,3,Democrat,Keisha Sean Waites,196
Bartow,not available,Public Service Commissioner,3,Democrat,Peter Hubbard,125
Bartow,not available,Public Service Commissioner,3,Democrat,Robert Jones,72
Bartow,not available,Public Service Commissioner,3,Republican,Fitz Johnson,555
Ben Hill,not available,Public Service Commissioner,2,Democrat,Alicia M. Johnson,93
Ben Hill,not available,Public Service Commissioner,2,Republican,Lee Muns,11
Ben Hill,not available,Public Service Commissioner,2,Republican,Tim Echols,39
Ben Hill,not available,Public Service Commissioner,3,Democrat,Keisha Sean Waites,25
Ben Hill,not available,Public Service Commissioner,3,Democrat,Peter Hubbard,8
Ben Hill,not available,Public Service Commissioner,3,Democrat,Robert Jones,44
Ben Hill,not available,Public Service Commissioner,3,Republican,Fitz Johnson,45
Berrien,not available,Public Service Commissioner,2,Democrat,Alicia M. Johnson,43
Berrien,not available,Public Service Commissioner,2,Republican,Lee Muns,33
Berrien,not available,Public Service Commissioner,2,Republican,Tim Echols,160
Berrien,not available,Public Service Commissioner,3,Democrat,Keisha Sean Waites,20
Berrien,not available,Public Service Commissioner,3,Democrat,Peter Hubbard,10
Berrien,not available,Public Service Commissioner,3,Democrat,Robert Jones,5
Berrien,not available,Public Service Commissioner,3,Republican,Fitz Johnson,177
Bibb,not available,Public Service Commissioner,2,Democrat,Alicia M. Johnson,2520
Bibb,not available,Public Service Commissioner,2,Republican,Lee Muns,212
Bibb,not available,Public Service Commissioner,2,Republican,Tim Echols,454
Bibb,not available,Public Service Commissioner,3,Democrat,Keisha Sean Waites,1115
Bibb,not available,Public Service Commissioner,3,Democrat,Peter Hubbard,684
Bibb,not available,Public Service Commissioner,3,Democrat,Robert Jones,670
Bibb,not available,Public Service Commissioner,3,Republican,Fitz Johnson,536
Bleckley,not available,Public Service Commissioner,2,Democrat,Alicia M. Johnson,49
Bleckley,not available,Public Service Commissioner,2,Republican,Lee Muns,17
Bleckley,not available,Public Service Commissioner,2,Republican,Tim Echols,60
Bleckley,not available,Public Service Commissioner,3,Democrat,Keisha Sean Waites,28
Bleckley,not available,Public Service Commissioner,3,Democrat,Peter Hubbard,3
Bleckley,not available,Public Service Commissioner,3,Democrat,Robert Jones,9
Bleckley,not available,Public Service Commissioner,3,Republican,Fitz Johnson,64
Brantley,not available,Public Service Commissioner,2,Democrat,Alicia M. Johnson,11
Brantley,not available,Public Service Commissioner,2,Republican,Lee Muns,35
Brantley,not available,Public Service Commissioner,2,Republican,Tim Echols,154
Brantley,not available,Public Service Commissioner,3,Democrat,Keisha Sean Waites,3
Brantley,not available,Public Service Commissioner,3,Democrat,Peter Hubbard,7
Brantley,not available,Public Service Commissioner,3,Democrat,Robert Jones,1
Brantley,not available,Public Service Commissioner,3,Republican,Fitz Johnson,139
Brooks,not available,Public Service Commissioner,2,Democrat,Alicia M. Johnson,103
Brooks,not available,Public Service Commissioner,2,Republican,Lee Muns,29
Brooks,not available,Public Service Commissioner,2,Republican,Tim Echols,100
Brooks,not available,Public Service Commissioner,3,Democrat,Keisha Sean Waites,62
Brooks,not available,Public Service Commissioner,3,Democrat,Peter Hubbard,9
Brooks,not available,Public Service Commissioner,3,Democrat,Robert Jones,25
Brooks,not available,Public Service Commissioner,3,Republican,Fitz Johnson,111
Bryan,not available,Public Service Commissioner,2,Democrat,Alicia M. Johnson,256
Bryan,not available,Public Service Commissioner,2,Republican,Lee Muns,90
Bryan,not available,Public Service Commissioner,2,Republican,Tim Echols,203
Bryan,not available,Public Service Commissioner,3,Democrat,Keisha Sean Waites,127
Bryan,not available,Public Service Commissioner,3,Democrat,Peter Hubbard,52
Bryan,not available,Public Service Commissioner,3,Democrat,Robert Jones,52
Bryan,not available,Public Service Commissioner,3,Republican,Fitz Johnson,261
Bulloch,not available,Public Service Commissioner,2,Democrat,Alicia M. Johnson,366
Bulloch,not available,Public Service Commissioner,2,Republican,Lee Muns,134
Bulloch,not available,Public Service Commissioner,2,Republican,Tim Echols,441
Bulloch,not available,Public Service Commissioner,3,Democrat,Keisha Sean Waites,168
Bulloch,not available,Public Service Commissioner,3,Democrat,Peter Hubbard,89
Bulloch,not available,Public Service Commissioner,3,Democrat,Robert Jones,101
Bulloch,not available,Public Service Commissioner,3,Republican,Fitz Johnson,462
Burke,not available,Public Service Commissioner,2,Democrat,Alicia M. Johnson,331
Burke,not available,Public Service Commissioner,2,Republican,Lee Muns,46
Burke,not available,Public Service Commissioner,2,Republican,Tim Echols,120
Burke,not available,Public Service Commissioner,3,Democrat,Keisha Sean Waites,178
Burke,not available,Public Service Commissioner,3,Democrat,Peter Hubbard,52
Burke,not available,Public Service Commissioner,3,Democrat,Robert Jones,83
Burke,not available,Public Service Commissioner,3,Republican,Fitz Johnson,137
Butts,not available,Public Service Commissioner,2,Democrat,Alicia M. Johnson,95
Butts,not available,Public Service Commissioner,2,Republican,Lee Muns,36
Butts,not available,Public Service Commissioner,2,Republican,Tim Echols,269
Butts,not available,Public Service Commissioner,3,Democrat,Keisha Sean Waites,59
Butts,not available,Public Service Commissioner,3,Democrat,Peter Hubbard,10
Butts,not available,Public Service Commissioner,3,Democrat,Robert Jones,23
Butts,not available,Public Service Commissioner,3,Republican,Fitz Johnson,263
Calhoun,not available,Public Service Commissioner,2,Democrat,Alicia M. Johnson,86
Calhoun,not available,Public Service Commissioner,2,Republican,Lee Muns,3
Calhoun,not available,Public Service Commissioner,2,Republican,Tim Echols,13
Calhoun,not available,Public Service Commissioner,3,Democrat,Keisha Sean Waites,48
Calhoun,not available,Public Service Commissioner,3,Democrat,Peter Hubbard,8
Calhoun,not available,Public Service Commissioner,3,Democrat,Robert Jones,19
Calhoun,not available,Public Service Commissioner,3,Republican,Fitz Johnson,14
Camden,not available,Public Service Commissioner,2,Democrat,Alicia M. Johnson,348
Camden,not available,Public Service Commissioner,2,Republican,Lee Muns,146
Camden,not available,Public Service Commissioner,2,Republican,Tim Echols,335
Camden,not available,Public Service Commissioner,3,Democrat,Keisha Sean Waites,182
Camden,not available,Public Service Commissioner,3,Democrat,Peter Hubbard,56
Camden,not available,Public Service Commissioner,3,Democrat,Robert Jones,94
Camden,not available,Public Service Commissioner,3,Republican,Fitz Johnson,410
Candler,not available,Public Service Commissioner,2,Democrat,Alicia M. Johnson,50
Candler,not available,Public Service Commissioner,2,Republican,Lee Muns,25
Candler,not available,Public Service Commissioner,2,Republican,Tim Echols,84
Candler,not available,Public Service Commissioner,3,Democrat,Keisha Sean Waites,22
Candler,not available,Public Service Commissioner,3,Democrat,Peter Hubbard,8
Candler,not available,Public Service Commissioner,3,Democrat,Robert Jones,15
Candler,not available,Public Service Commissioner,3,Republican,Fitz Johnson,88
Carroll,not available,Public Service Commissioner,2,Democrat,Alicia M. Johnson,493
Carroll,not available,Public Service Commissioner,2,Republican,Lee Muns,194
Carroll,not available,Public Service Commissioner,2,Republican,Tim Echols,818
Carroll,not available,Public Service Commissioner,3,Democrat,Keisha Sean Waites,258
Carroll,not available,Public Service Commissioner,3,Democrat,Peter Hubbard,165
Carroll,not available,Public Service Commissioner,3,Democrat,Robert Jones,94
Carroll,not available,Public Service Commissioner,3,Republican,Fitz Johnson,909
Catoosa,not available,Public Service Commissioner,2,Democrat,Alicia M. Johnson,195
Catoosa,not available,Public Service Commissioner,2,Republican,Lee Muns,208
Catoosa,not available,Public Service Commissioner,2,Republican,Tim Echols,269
Catoosa,not available,Public Service Commissioner,3,Democrat,Keisha Sean Waites,76
Catoosa,not available,Public Service Commissioner,3,Democrat,Peter Hubbard,63
Catoosa,not available,Public Service Commissioner,3,Democrat,Robert Jones,48
Catoosa,not available,Public Service Commissioner,3,Republican,Fitz Johnson,407
Charlton,not available,Public Service Commissioner,2,Democrat,Alicia M. Johnson,22
Charlton,not available,Public Service Commissioner,2,Republican,Lee Muns,25
Charlton,not available,Public Service Commissioner,2,Republican,Tim Echols,93
Charlton,not available,Public Service Commissioner,3,Democrat,Keisha Sean Waites,6
Charlton,not available,Public Service Commissioner,3,Democrat,Peter Hubbard,3
Charlton,not available,Public Service Commissioner,3,Democrat,Robert Jones,12
Charlton,not available,Public Service Commissioner,3,Republican,Fitz Johnson,112
Chatham,not available,Public Service Commissioner,2,Democrat,Alicia M. Johnson,4808
Chatham,not available,Public Service Commissioner,2,Republican,Lee Muns,429
Chatham,not available,Public Service Commissioner,2,Republican,Tim Echols,1217
Chatham,not available,Public Service Commissioner,3,Democrat,Keisha Sean Waites,1889
Chatham,not available,Public Service Commissioner,3,Democrat,Peter Hubbard,1644
Chatham,not available,Public Service Commissioner,3,Democrat,Robert Jones,1066
Chatham,not available,Public Service Commissioner,3,Republican,Fitz Johnson,1310
Chattahoochee,not available,Public Service Commissioner,2,Democrat,Alicia M. Johnson,14
Chattahoochee,not available,Public Service Commissioner,2,Republican,Lee Muns,11
Chattahoochee,not available,Public Service Commissioner,2,Republican,Tim Echols,26
Chattahoochee,not available,Public Service Commissioner,3,Democrat,Keisha Sean Waites,13
Chattahoochee,not available,Public Service Commissioner,3,Democrat,Peter Hubbard,0
Chattahoochee,not available,Public Service Commissioner,3,Democrat,Robert Jones,3
Chattahoochee,not available,Public Service Commissioner,3,Republican,Fitz Johnson,30
Chattooga,not available,Public Service Commissioner,2,Democrat,Alicia M. Johnson,41
Chattooga,not available,Public Service Commissioner,2,Republican,Lee Muns,49
Chattooga,not available,Public Service Commissioner,2,Republican,Tim Echols,91
Chattooga,not available,Public Service Commissioner,3,Democrat,Keisha Sean Waites,22
Chattooga,not available,Public Service Commissioner,3,Democrat,Peter Hubbard,10
Chattooga,not available,Public Service Commissioner,3,Democrat,Robert Jones,10
Chattooga,not available,Public Service Commissioner,3,Republican,Fitz Johnson,122
Cherokee,not available,Public Service Commissioner,2,Democrat,Alicia M. Johnson,1811
Cherokee,not available,Public Service Commissioner,2,Republican,Lee Muns,665
Cherokee,not available,Public Service Commissioner,2,Republican,Tim Echols,1741
Cherokee,not available,Public Service Commissioner,3,Democrat,Keisha Sean Waites,591
Cherokee,not available,Public Service Commissioner,3,Democrat,Peter Hubbard,806
Cherokee,not available,Public Service Commissioner,3,Democrat,Robert Jones,315
Cherokee,not available,Public Service Commissioner,3,Republican,Fitz Johnson,2219
Clarke,not available,Public Service Commissioner,2,Democrat,Alicia M. Johnson,2565
Clarke,not available,Public Service Commissioner,2,Republican,Lee Muns,121
Clarke,not available,Public Service Commissioner,2,Republican,Tim Echols,580
Clarke,not available,Public Service Commissioner,3,Democrat,Keisha Sean Waites,926
Clarke,not available,Public Service Commissioner,3,Democrat,Peter Hubbard,1230
Clarke,not available,Public Service Commissioner,3,Democrat,Robert Jones,485
Clarke,not available,Public Service Commissioner,3,Republican,Fitz Johnson,517
Clay,not available,Public Service Commissioner,2,Democrat,Alicia M. Johnson,39
Clay,not available,Public Service Commissioner,2,Republican,Lee Muns,3
Clay,not available,Public Service Commissioner,2,Republican,Tim Echols,13
Clay,not available,Public Service Commissioner,3,Democrat,Keisha Sean Waites,14
Clay,not available,Public Service Commissioner,3,Democrat,Peter Hubbard,4
Clay,not available,Public Service Commissioner,3,Democrat,Robert Jones,19
Clay,not available,Public Service Commissioner,3,Republican,Fitz Johnson,16
Clayton,not available,Public Service Commissioner,2,Democrat,Alicia M. Johnson,4820
Clayton,not available,Public Service Commissioner,2,Republican,Lee Muns,93
Clayton,not available,Public Service Commissioner,2,Republican,Tim Echols,267
Clayton,not available,Public Service Commissioner,3,Democrat,Keisha Sean Waites,2908
Clayton,not available,Public Service Commissioner,3,Democrat,Peter Hubbard,1292
Clayton,not available,Public Service Commissioner,3,Democrat,Robert Jones,583
Clayton,not available,Public Service Commissioner,3,Republican,Fitz Johnson,304
Clinch,not available,Public Service Commissioner,2,Democrat,Alicia M. Johnson,9
Clinch,not available,Public Service Commissioner,2,Republican,Lee Muns,4
Clinch,not available,Public Service Commissioner,2,Republican,Tim Echols,34
Clinch,not available,Public Service Commissioner,3,Democrat,Keisha Sean Waites,1
Clinch,not available,Public Service Commissioner,3,Democrat,Peter Hubbard,4
Clinch,not available,Public Service Commissioner,3,Democrat,Robert Jones,5
Clinch,not available,Public Service Commissioner,3,Republican,Fitz Johnson,30
Cobb,not available,Public Service Commissioner,2,Democrat,Alicia M. Johnson,10037
Cobb,not available,Public Service Commissioner,2,Republican,Lee Muns,1052
Cobb,not available,Public Service Commissioner,2,Republican,Tim Echols,3748
Cobb,not available,Public Service Commissioner,3,Democrat,Keisha Sean Waites,4611
Cobb,not available,Public Service Commissioner,3,Democrat,Peter Hubbard,3542
Cobb,not available,Public Service Commissioner,3,Democrat,Robert Jones,2007
Cobb,not available,Public Service Commissioner,3,Republican,Fitz Johnson,4353
Coffee,not available,Public Service Commissioner,2,Democrat,Alicia M. Johnson,124
Coffee,not available,Public Service Commissioner,2,Republican,Lee Muns,44
Coffee,not available,Public Service Commissioner,2,Republican,Tim Echols,97
Coffee,not available,Public Service Commissioner,3,Democrat,Keisha Sean Waites,37
Coffee,not available,Public Service Commissioner,3,Democrat,Peter Hubbard,9
Coffee,not available,Public Service Commissioner,3,Democrat,Robert Jones,42
Coffee,not available,Public Service Commissioner,3,Republican,Fitz Johnson,115
Colquitt,not available,Public Service Commissioner,2,Democrat,Alicia M. Johnson,114
Colquitt,not available,Public Service Commissioner,2,Republican,Lee Muns,42
Colquitt,not available,Public Service Commissioner,2,Republican,Tim Echols,335
Colquitt,not available,Public Service Commissioner,3,Democrat,Keisha Sean Waites,70
Colquitt,not available,Public Service Commissioner,3,Democrat,Peter Hubbard,18
Colquitt,not available,Public Service Commissioner,3,Democrat,Robert Jones,46
Colquitt,not available,Public Service Commissioner,3,Republican,Fitz Johnson,335
Columbia,not available,Public Service Commissioner,2,Democrat,Alicia M. Johnson,1062
Columbia,not available,Public Service Commissioner,2,Republican,Lee Muns,731
Columbia,not available,Public Service Commissioner,2,Republican,Tim Echols,1038
Columbia,not available,Public Service Commissioner,3,Democrat,Keisha Sean Waites,522
Columbia,not available,Public Service Commissioner,3,Democrat,Peter Hubbard,328
Columbia,not available,Public Service Commissioner,3,Democrat,Robert Jones,195
Columbia,not available,Public Service Commissioner,3,Republican,Fitz Johnson,1465
Cook,not available,Public Service Commissioner,2,Democrat,Alicia M. Johnson,85
Cook,not available,Public Service Commissioner,2,Republican,Lee Muns,9
Cook,not available,Public Service Commissioner,2,Republican,Tim Echols,74
Cook,not available,Public Service Commissioner,3,Democrat,Keisha Sean Waites,39
Cook,not available,Public Service Commissioner,3,Democrat,Peter Hubbard,11
Cook,not available,Public Service Commissioner,3,Democrat,Robert Jones,35
Cook,not available,Public Service Commissioner,3,Republican,Fitz Johnson,80
Coweta,not available,Public Service Commissioner,2,Democrat,Alicia M. Johnson,876
Coweta,not available,Public Service Commissioner,2,Republican,Lee Muns,323
Coweta,not available,Public Service Commissioner,2,Republican,Tim Echols,915
Coweta,not available,Public Service Commissioner,3,Democrat,Keisha Sean Waites,474
Coweta,not available,Public Service Commissioner,3,Democrat,Peter Hubbard,203
Coweta,not available,Public Service Commissioner,3,Democrat,Robert Jones,233
Coweta,not available,Public Service Commissioner,3,Republican,Fitz Johnson,1097
Crawford,not available,Public Service Commissioner,2,Democrat,Alicia M. Johnson,51
Crawford,not available,Public Service Commissioner,2,Republican,Lee Muns,40
Crawford,not available,Public Service Commissioner,2,Republican,Tim Echols,108
Crawford,not available,Public Service Commissioner,3,Democrat,Keisha Sean Waites,28
Crawford,not available,Public Service Commissioner,3,Democrat,Peter Hubbard,8
Crawford,not available,Public Service Commissioner,3,Democrat,Robert Jones,17
Crawford,not available,Public Service Commissioner,3,Republican,Fitz Johnson,129
Crisp,not available,Public Service Commissioner,2,Democrat,Alicia M. Johnson,58
Crisp,not available,Public Service Commissioner,2,Republican,Lee Muns,16
Crisp,not available,Public Service Commissioner,2,Republican,Tim Echols,94
Crisp,not available,Public Service Commissioner,3,Democrat,Keisha Sean Waites,28
Crisp,not available,Public Service Commissioner,3,Democrat,Peter Hubbard,11
Crisp,not available,Public Service Commissioner,3,Democrat,Robert Jones,22
Crisp,not available,Public Service Commissioner,3,Republican,Fitz Johnson,96
Dade,not available,Public Service Commissioner,2,Democrat,Alicia M. Johnson,94
Dade,not available,Public Service Commissioner,2,Republican,Lee Muns,28
Dade,not available,Public Service Commissioner,2,Republican,Tim Echols,115
Dade,not available,Public Service Commissioner,3,Democrat,Keisha Sean Waites,25
Dade,not available,Public Service Commissioner,3,Democrat,Peter Hubbard,31
Dade,not available,Public Service Commissioner,3,Democrat,Robert Jones,42
Dade,not available,Public Service Commissioner,3,Republican,Fitz Johnson,130
Dawson,not available,Public Service Commissioner,2,Democrat,Alicia M. Johnson,99
Dawson,not available,Public Service Commissioner,2,Republican,Lee Muns,74
Dawson,not available,Public Service Commissioner,2,Republican,Tim Echols,251
Dawson,not available,Public Service Commissioner,3,Democrat,Keisha Sean Waites,31
Dawson,not available,Public Service Commissioner,3,Democrat,Peter Hubbard,56
Dawson,not available,Public Service Commissioner,3,Democrat,Robert Jones,14
Dawson,not available,Public Service Commissioner,3,Republican,Fitz Johnson,300
DeKalb,not available,Public Service Commissioner,2,Democrat,Alicia M. Johnson,23942
DeKalb,not available,Public Service Commissioner,2,Republican,Lee Muns,593
DeKalb,not available,Public Service Commissioner,2,Republican,Tim Echols,1005
DeKalb,not available,Public Service Commissioner,3,Democrat,Keisha Sean Waites,8892
DeKalb,not available,Public Service Commissioner,3,Democrat,Peter Hubbard,12147
DeKalb,not available,Public Service Commissioner,3,Democrat,Robert Jones,4606
DeKalb,not available,Public Service Commissioner,3,Republican,Fitz Johnson,1292
Decatur,not available,Public Service Commissioner,2,Democrat,Alicia M. Johnson,154
Decatur,not available,Public Service Commissioner,2,Republican,Lee Muns,30
Decatur,not available,Public Service Commissioner,2,Republican,Tim Echols,85
Decatur,not available,Public Service Commissioner,3,Democrat,Keisha Sean Waites,92
Decatur,not available,Public Service Commissioner,3,Democrat,Peter Hubbard,36
Decatur,not available,Public Service Commissioner,3,Democrat,Robert Jones,24
Decatur,not available,Public Service Commissioner,3,Republican,Fitz Johnson,96
Dodge,not available,Public Service Commissioner,2,Democrat,Alicia M. Johnson,66
Dodge,not available,Public Service Commissioner,2,Republican,Lee Muns,52
Dodge,not available,Public Service Commissioner,2,Republican,Tim Echols,148
Dodge,not available,Public Service Commissioner,3,Democrat,Keisha Sean Waites,44
Dodge,not available,Public Service Commissioner,3,Democrat,Peter Hubbard,10
Dodge,not available,Public Service Commissioner,3,Democrat,Robert Jones,10
Dodge,not available,Public Service Commissioner,3,Republican,Fitz Johnson,168
Dooly,not available,Public Service Commissioner,2,Democrat,Alicia M. Johnson,75
Dooly,not available,Public Service Commissioner,2,Republican,Lee Muns,7
Dooly,not available,Public Service Commissioner,2,Republican,Tim Echols,34
Dooly,not available,Public Service Commissioner,3,Democrat,Keisha Sean Waites,48
Dooly,not available,Public Service Commissioner,3,Democrat,Peter Hubbard,9
Dooly,not available,Public Service Commissioner,3,Democrat,Robert Jones,23
Dooly,not available,Public Service Commissioner,3,Republican,Fitz Johnson,33
Dougherty,not available,Public Service Commissioner,2,Democrat,Alicia M. Johnson,1488
Dougherty,not available,Public Service Commissioner,2,Republican,Lee Muns,45
Dougherty,not available,Public Service Commissioner,2,Republican,Tim Echols,137
Dougherty,not available,Public Service Commissioner,3,Democrat,Keisha Sean Waites,769
Dougherty,not available,Public Service Commissioner,3,Democrat,Peter Hubbard,356
Dougherty,not available,Public Service Commissioner,3,Democrat,Robert Jones,252
Dougherty,not available,Public Service Commissioner,3,Republican,Fitz Johnson,155
Douglas,not available,Public Service Commissioner,2,Democrat,Alicia M. Johnson,1793
Douglas,not available,Public Service Commissioner,2,Republican,Lee Muns,103
Douglas,not available,Public Service Commissioner,2,Republican,Tim Echols,434
Douglas,not available,Public Service Commissioner,3,Democrat,Keisha Sean Waites,1109
Douglas,not available,Public Service Commissioner,3,Democrat,Peter Hubbard,280
Douglas,not available,Public Service Commissioner,3,Democrat,Robert Jones,298
Douglas,not available,Public Service Commissioner,3,Republican,Fitz Johnson,492
Early,not available,Public Service Commissioner,2,Democrat,Alicia M. Johnson,87
Early,not available,Public Service Commissioner,2,Republican,Lee Muns,10
Early,not available,Public Service Commissioner,2,Republican,Tim Echols,76
Early,not available,Public Service Commissioner,3,Democrat,Keisha Sean Waites,36
Early,not available,Public Service Commissioner,3,Democrat,Peter Hubbard,11
Early,not available,Public Service Commissioner,3,Democrat,Robert Jones,42
Early,not available,Public Service Commissioner,3,Republican,Fitz Johnson,74
Echols,not available,Public Service Commissioner,2,Democrat,Alicia M. Johnson,7
Echols,not available,Public Service Commissioner,2,Republican,Lee Muns,9
Echols,not available,Public Service Commissioner,2,Republican,Tim Echols,64
Echols,not available,Public Service Commissioner,3,Democrat,Keisha Sean Waites,4
Echols,not available,Public Service Commissioner,3,Democrat,Peter Hubbard,1
Echols,not available,Public Service Commissioner,3,Democrat,Robert Jones,1
Echols,not available,Public Service Commissioner,3,Republican,Fitz Johnson,65
Effingham,not available,Public Service Commissioner,2,Democrat,Alicia M. Johnson,255
Effingham,not available,Public Service Commissioner,2,Republican,Lee Muns,164
Effingham,not available,Public Service Commissioner,2,Republican,Tim Echols,330
Effingham,not available,Public Service Commissioner,3,Democrat,Keisha Sean Waites,147
Effingham,not available,Public Service Commissioner,3,Democrat,Peter Hubbard,50
Effingham,not available,Public Service Commissioner,3,Democrat,Robert Jones,66
Effingham,not available,Public Service Commissioner,3,Republican,Fitz Johnson,394
Elbert,not available,Public Service Commissioner,2,Democrat,Alicia M. Johnson,116
Elbert,not available,Public Service Commissioner,2,Republican,Lee Muns,34
Elbert,not available,Public Service Commissioner,2,Republican,Tim Echols,163
Elbert,not available,Public Service Commissioner,3,Democrat,Keisha Sean Waites,68
Elbert,not available,Public Service Commissioner,3,Democrat,Peter Hubbard,27
Elbert,not available,Public Service Commissioner,3,Democrat,Robert Jones,12
Elbert,not available,Public Service Commissioner,3,Republican,Fitz Johnson,176
Emanuel,not available,Public Service Commissioner,2,Democrat,Alicia M. Johnson,172
Emanuel,not available,Public Service Commissioner,2,Republican,Lee Muns,65
Emanuel,not available,Public Service Commissioner,2,Republican,Tim Echols,187
Emanuel,not available,Public Service Commissioner,3,Democrat,Keisha Sean Waites,68
Emanuel,not available,Public Service Commissioner,3,Democrat,Peter Hubbard,18
Emanuel,not available,Public Service Commissioner,3,Democrat,Robert Jones,85
Emanuel,not available,Public Service Commissioner,3,Republican,Fitz Johnson,211
Evans,not available,Public Service Commissioner,2,Democrat,Alicia M. Johnson,56
Evans,not available,Public Service Commissioner,2,Republican,Lee Muns,9
Evans,not available,Public Service Commissioner,2,Republican,Tim Echols,53
Evans,not available,Public Service Commissioner,3,Democrat,Keisha Sean Waites,36
Evans,not available,Public Service Commissioner,3,Democrat,Peter Hubbard,5
Evans,not available,Public Service Commissioner,3,Democrat,Robert Jones,18
Evans,not available,Public Service Commissioner,3,Republican,Fitz Johnson,56
Fannin,not available,Public Service Commissioner,2,Democrat,Alicia M. Johnson,119
Fannin,not available,Public Service Commissioner,2,Republican,Lee Muns,101
Fannin,not available,Public Service Commissioner,2,Republican,Tim Echols,252
Fannin,not available,Public Service Commissioner,3,Democrat,Keisha Sean Waites,21
Fannin,not available,Public Service Commissioner,3,Democrat,Peter Hubbard,38
Fannin,not available,Public Service Commissioner,3,Democrat,Robert Jones,27
Fannin,not available,Public Service Commissioner,3,Republican,Fitz Johnson,310
Fayette,not available,Public Service Commissioner,2,Democrat,Alicia M. Johnson,1973
Fayette,not available,Public Service Commissioner,2,Republican,Lee Muns,331
Fayette,not available,Public Service Commissioner,2,Republican,Tim Echols,1121
Fayette,not available,Public Service Commissioner,3,Democrat,Keisha Sean Waites,1033
Fayette,not available,Public Service Commissioner,3,Democrat,Peter Hubbard,490
Fayette,not available,Public Service Commissioner,3,Democrat,Robert Jones,479
Fayette,not available,Public Service Commissioner,3,Republican,Fitz Johnson,1312
Floyd,not available,Public Service Commissioner,2,Democrat,Alicia M. Johnson,489
Floyd,not available,Public Service Commissioner,2,Republican,Lee Muns,272
Floyd,not available,Public Service Commissioner,2,Republican,Tim Echols,406
Floyd,not available,Public Service Commissioner,3,Democrat,Keisha Sean Waites,234
Floyd,not available,Public Service Commissioner,3,Democrat,Peter Hubbard,121
Floyd,not available,Public Service Commissioner,3,Democrat,Robert Jones,139
Floyd,not available,Public Service Commissioner,3,Republican,Fitz Johnson,547
Forsyth,not available,Public Service Commissioner,2,Democrat,Alicia M. Johnson,1072
Forsyth,not available,Public Service Commissioner,2,Republican,Lee Muns,369
Forsyth,not available,Public Service Commissioner,2,Republican,Tim Echols,1281
Forsyth,not available,Public Service Commissioner,3,Democrat,Keisha Sean Waites,373
Forsyth,not available,Public Service Commissioner,3,Democrat,Peter Hubbard,393
Forsyth,not available,Public Service Commissioner,3,Democrat,Robert Jones,230
Forsyth,not available,Public Service Commissioner,3,Republican,Fitz Johnson,1488
Franklin,not available,Public Service Commissioner,2,Democrat,Alicia M. Johnson,30
Franklin,not available,Public Service Commissioner,2,Republican,Lee Muns,47
Franklin,not available,Public Service Commissioner,2,Republican,Tim Echols,164
Franklin,not available,Public Service Commissioner,3,Democrat,Keisha Sean Waites,16
Franklin,not available,Public Service Commissioner,3,Democrat,Peter Hubbard,14
Franklin,not available,Public Service Commissioner,3,Democrat,Robert Jones,8
Franklin,not available,Public Service Commissioner,3,Republican,Fitz Johnson,194
Fulton,not available,Public Service Commissioner,2,Democrat,Alicia M. Johnson,22480
Fulton,not available,Public Service Commissioner,2,Republican,Lee Muns,841
Fulton,not available,Public Service Commissioner,2,Republican,Tim Echols,2105
Fulton,not available,Public Service Commissioner,3,Democrat,Keisha Sean Waites,10577
Fulton,not available,Public Service Commissioner,3,Democrat,Peter Hubbard,8490
Fulton,not available,Public Service Commissioner,3,Democrat,Robert Jones,4387
Fulton,not available,Public Service Commissioner,3,Republican,Fitz Johnson,2481
Gilmer,not available,Public Service Commissioner,2,Democrat,Alicia M. Johnson,110
Gilmer,not available,Public Service Commissioner,2,Republican,Lee Muns,144
Gilmer,not available,Public Service Commissioner,2,Republican,Tim Echols,299
Gilmer,not available,Public Service Commissioner,3,Democrat,Keisha Sean Waites,50
Gilmer,not available,Public Service Commissioner,3,Democrat,Peter Hubbard,41
Gilmer,not available,Public Service Commissioner,3,Democrat,Robert Jones,15
Gilmer,not available,Public Service Commissioner,3,Republican,Fitz Johnson,388
Glascock,not available,Public Service Commissioner,2,Democrat,Alicia M. Johnson,3
Glascock,not available,Public Service Commissioner,2,Republican,Lee Muns,49
Glascock,not available,Public Service Commissioner,2,Republican,Tim Echols,71
Glascock,not available,Public Service Commissioner,3,Democrat,Keisha Sean Waites,2
Glascock,not available,Public Service Commissioner,3,Democrat,Peter Hubbard,1
Glascock,not available,Public Service Commissioner,3,Democrat,Robert Jones,1
Glascock,not available,Public Service Commissioner,3,Republican,Fitz Johnson,85
Glynn,not available,Public Service Commissioner,2,Democrat,Alicia M. Johnson,609
Glynn,not available,Public Service Commissioner,2,Republican,Lee Muns,154
Glynn,not available,Public Service Commissioner,2,Republican,Tim Echols,602
Glynn,not available,Public Service Commissioner,3,Democrat,Keisha Sean Waites,259
Glynn,not available,Public Service Commissioner,3,Democrat,Peter Hubbard,133
Glynn,not available,Public Service Commissioner,3,Democrat,Robert Jones,162
Glynn,not available,Public Service Commissioner,3,Republican,Fitz Johnson,637
Gordon,not available,Public Service Commissioner,2,Democrat,Alicia M. Johnson,114
Gordon,not available,Public Service Commissioner,2,Republican,Lee Muns,64
Gordon,not available,Public Service Commissioner,2,Republican,Tim Echols,216
Gordon,not available,Public Service Commissioner,3,Democrat,Keisha Sean Waites,55
Gordon,not available,Public Service Commissioner,3,Democrat,Peter Hubbard,31
Gordon,not available,Public Service Commissioner,3,Democrat,Robert Jones,27
Gordon,not available,Public Service Commissioner,3,Republican,Fitz Johnson,255
Grady,not available,Public Service Commissioner,2,Democrat,Alicia M. Johnson,184
Grady,not available,Public Service Commissioner,2,Republican,Lee Muns,45
Grady,not available,Public Service Commissioner,2,Republican,Tim Echols,258
Grady,not available,Public Service Commissioner,3,Democrat,Keisha Sean Waites,98
Grady,not available,Public Service Commissioner,3,Democrat,Peter Hubbard,35
Grady,not available,Public Service Commissioner,3,Democrat,Robert Jones,41
Grady,not available,Public Service Commissioner,3,Republican,Fitz Johnson,262
Greene,not available,Public Service Commissioner,2,Democrat,Alicia M. Johnson,178
Greene,not available,Public Service Commissioner,2,Republican,Lee Muns,65
Greene,not available,Public Service Commissioner,2,Republican,Tim Echols,267
Greene,not available,Public Service Commissioner,3,Democrat,Keisha Sean Waites,79
Greene,not available,Public Service Commissioner,3,Democrat,Peter Hubbard,25
Greene,not available,Public Service Commissioner,3,Democrat,Robert Jones,42
Greene,not available,Public Service Commissioner,3,Republican,Fitz Johnson,286
Gwinnett,not available,Public Service Commissioner,2,Democrat,Alicia M. Johnson,9341
Gwinnett,not available,Public Service Commissioner,2,Republican,Lee Muns,760
Gwinnett,not available,Public Service Commissioner,2,Republican,Tim Echols,2577
Gwinnett,not available,Public Service Commissioner,3,Democrat,Keisha Sean Waites,4397
Gwinnett,not available,Public Service Commissioner,3,Democrat,Peter Hubbard,3029
Gwinnett,not available,Public Service Commissioner,3,Democrat,Robert Jones,1769
Gwinnett,not available,Public Service Commissioner,3,Republican,Fitz Johnson,2943
Habersham,not available,Public Service Commissioner,2,Democrat,Alicia M. Johnson,177
Habersham,not available,Public Service Commissioner,2,Republican,Lee Muns,75
Habersham,not available,Public Service Commissioner,2,Republican,Tim Echols,420
Habersham,not available,Public Service Commissioner,3,Democrat,Keisha Sean Waites,66
Habersham,not available,Public Service Commissioner,3,Democrat,Peter Hubbard,50
Habersham,not available,Public Service Commissioner,3,Democrat,Robert Jones,47
Habersham,not available,Public Service Commissioner,3,Republican,Fitz Johnson,438
Hall,not available,Public Service Commissioner,2,Democrat,Alicia M. Johnson,847
Hall,not available,Public Service Commissioner,2,Republican,Lee Muns,363
Hall,not available,Public Service Commissioner,2,Republican,Tim Echols,1486
Hall,not available,Public Service Commissioner,3,Democrat,Keisha Sean Waites,307
Hall,not available,Public Service Commissioner,3,Democrat,Peter Hubbard,210
Hall,not available,Public Service Commissioner,3,Democrat,Robert Jones,339
Hall,not available,Public Service Commissioner,3,Republican,Fitz Johnson,1612
Hancock,not available,Public Service Commissioner,2,Democrat,Alicia M. Johnson,206
Hancock,not available,Public Service Commissioner,2,Republican,Lee Muns,10
Hancock,not available,Public Service Commissioner,2,Republican,Tim Echols,20
Hancock,not available,Public Service Commissioner,3,Democrat,Keisha Sean Waites,98
Hancock,not available,Public Service Commissioner,3,Democrat,Peter Hubbard,43
Hancock,not available,Public Service Commissioner,3,Democrat,Robert Jones,62
Hancock,not available,Public Service Commissioner,3,Republican,Fitz Johnson,27
Haralson,not available,Public Service Commissioner,2,Democrat,Alicia M. Johnson,36
Haralson,not available,Public Service Commissioner,2,Republican,Lee Muns,77
Haralson,not available,Public Service Commissioner,2,Republican,Tim Echols,218
Haralson,not available,Public Service Commissioner,3,Democrat,Keisha Sean Waites,14
Haralson,not available,Public Service Commissioner,3,Democrat,Peter Hubbard,13
Haralson,not available,Public Service Commissioner,3,Democrat,Robert Jones,12
Haralson,not available,Public Service Commissioner,3,Republican,Fitz Johnson,244
Harris,not available,Public Service Commissioner,2,Democrat,Alicia M. Johnson,169
Harris,not available,Public Service Commissioner,2,Republican,Lee Muns,67
Harris,not available,Public Service Commissioner,2,Republican,Tim Echols,210
Harris,not available,Public Service Commissioner,3,Democrat,Keisha Sean Waites,99
Harris,not available,Public Service Commissioner,3,Democrat,Peter Hubbard,46
Harris,not available,Public Service Commissioner,3,Democrat,Robert Jones,35
Harris,not available,Public Service Commissioner,3,Republican,Fitz Johnson,254
Hart,not available,Public Service Commissioner,2,Democrat,Alicia M. Johnson,92
Hart,not available,Public Service Commissioner,2,Republican,Lee Muns,61
Hart,not available,Public Service Commissioner,2,Republican,Tim Echols,310
Hart,not available,Public Service Commissioner,3,Democrat,Keisha Sean Waites,45
Hart,not available,Public Service Commissioner,3,Democrat,Peter Hubbard,25
Hart,not available,Public Service Commissioner,3,Democrat,Robert Jones,24
Hart,not available,Public Service Commissioner,3,Republican,Fitz Johnson,309
Heard,not available,Public Service Commissioner,2,Democrat,Alicia M. Johnson,45
Heard,not available,Public Service Commissioner,2,Republican,Lee Muns,38
Heard,not available,Public Service Commissioner,2,Republican,Tim Echols,176
Heard,not available,Public Service Commissioner,3,Democrat,Keisha Sean Waites,22
Heard,not available,Public Service Commissioner,3,Democrat,Peter Hubbard,10
Heard,not available,Public Service Commissioner,3,Democrat,Robert Jones,7
Heard,not available,Public Service Commissioner,3,Republican,Fitz Johnson,192
Henry,not available,Public Service Commissioner,2,Democrat,Alicia M. Johnson,3365
Henry,not available,Public Service Commissioner,2,Republican,Lee Muns,209
Henry,not available,Public Service Commissioner,2,Republican,Tim Echols,773
Henry,not available,Public Service Commissioner,3,Democrat,Keisha Sean Waites,1962
Henry,not available,Public Service Commissioner,3,Democrat,Peter Hubbard,806
Henry,not available,Public Service Commissioner,3,Democrat,Robert Jones,578
Henry,not available,Public Service Commissioner,3,Republican,Fitz Johnson,819
Houston,not available,Public Service Commissioner,2,Democrat,Alicia M. Johnson,1498
Houston,not available,Public Service Commissioner,2,Republican,Lee Muns,154
Houston,not available,Public Service Commissioner,2,Republican,Tim Echols,785
Houston,not available,Public Service Commissioner,3,Democrat,Keisha Sean Waites,893
Houston,not available,Public Service Commissioner,3,Democrat,Peter Hubbard,239
Houston,not available,Public Service Commissioner,3,Democrat,Robert Jones,252
Houston,not available,Public Service Commissioner,3,Republican,Fitz Johnson,863
Irwin,not available,Public Service Commissioner,2,Democrat,Alicia M. Johnson,48
Irwin,not available,Public Service Commissioner,2,Republican,Lee Muns,74
Irwin,not available,Public Service Commissioner,2,Republican,Tim Echols,55
Irwin,not available,Public Service Commissioner,3,Democrat,Keisha Sean Waites,21
Irwin,not available,Public Service Commissioner,3,Democrat,Peter Hubbard,1
Irwin,not available,Public Service Commissioner,3,Democrat,Robert Jones,44
Irwin,not available,Public Service Commissioner,3,Republican,Fitz Johnson,95
Jackson,not available,Public Service Commissioner,2,Democrat,Alicia M. Johnson,232
Jackson,not available,Public Service Commissioner,2,Republican,Lee Muns,83
Jackson,not available,Public Service Commissioner,2,Republican,Tim Echols,471
Jackson,not available,Public Service Commissioner,3,Democrat,Keisha Sean Waites,96
Jackson,not available,Public Service Commissioner,3,Democrat,Peter Hubbard,93
Jackson,not available,Public Service Commissioner,3,Democrat,Robert Jones,59
Jackson,not available,Public Service Commissioner,3,Republican,Fitz Johnson,483
Jasper,not available,Public Service Commissioner,2,Democrat,Alicia M. Johnson,96
Jasper,not available,Public Service Commissioner,2,Republican,Lee Muns,112
Jasper,not available,Public Service Commissioner,2,Republican,Tim Echols,199
Jasper,not available,Public Service Commissioner,3,Democrat,Keisha Sean Waites,37
Jasper,not available,Public Service Commissioner,3,Democrat,Peter Hubbard,13
Jasper,not available,Public Service Commissioner,3,Democrat,Robert Jones,7
Jasper,not available,Public Service Commissioner,3,Republican,Fitz Johnson,259
Jeff Davis,not available,Public Service Commissioner,2,Democrat,Alicia M. Johnson,30
Jeff Davis,not available,Public Service Commissioner,2,Republican,Lee Muns,34
Jeff Davis,not available,Public Service Commissioner,2,Republican,Tim Echols,66
Jeff Davis,not available,Public Service Commissioner,3,Democrat,Keisha Sean Waites,19
Jeff Davis,not available,Public Service Commissioner,3,Democrat,Peter Hubbard,1
Jeff Davis,not available,Public Service Commissioner,3,Democrat,Robert Jones,12
Jeff Davis,not available,Public Service Commissioner,3,Republican,Fitz Johnson,84
Jefferson,not available,Public Service Commissioner,2,Democrat,Alicia M. Johnson,270
Jefferson,not available,Public Service Commissioner,2,Republican,Lee Muns,85
Jefferson,not available,Public Service Commissioner,2,Republican,Tim Echols,114
Jefferson,not available,Public Service Commissioner,3,Democrat,Keisha Sean Waites,92
Jefferson,not available,Public Service Commissioner,3,Democrat,Peter Hubbard,13
Jefferson,not available,Public Service Commissioner,3,Democrat,Robert Jones,132
Jefferson,not available,Public Service Commissioner,3,Republican,Fitz Johnson,159
Jenkins,not available,Public Service Commissioner,2,Democrat,Alicia M. Johnson,80
Jenkins,not available,Public Service Commissioner,2,Republican,Lee Muns,12
Jenkins,not available,Public Service Commissioner,2,Republican,Tim Echols,66
Jenkins,not available,Public Service Commissioner,3,Democrat,Keisha Sean Waites,32
Jenkins,not available,Public Service Commissioner,3,Democrat,Peter Hubbard,11
Jenkins,not available,Public Service Commissioner,3,Democrat,Robert Jones,14
Jenkins,not available,Public Service Commissioner,3,Republican,Fitz Johnson,62
Johnson,not available,Public Service Commissioner,2,Democrat,Alicia M. Johnson,17
Johnson,not available,Public Service Commissioner,2,Republican,Lee Muns,21
Johnson,not available,Public Service Commissioner,2,Republican,Tim Echols,64
Johnson,not available,Public Service Commissioner,3,Democrat,Keisha Sean Waites,8
Johnson,not available,Public Service Commissioner,3,Democrat,Peter Hubbard,3
Johnson,not available,Public Service Commissioner,3,Democrat,Robert Jones,15
Johnson,not available,Public Service Commissioner,3,Republican,Fitz Johnson,70
Jones,not available,Public Service Commissioner,2,Democrat,Alicia M. Johnson,197
Jones,not available,Public Service Commissioner,2,Republican,Lee Muns,37
Jones,not available,Public Service Commissioner,2,Republican,Tim Echols,152
Jones,not available,Public Service Commissioner,3,Democrat,Keisha Sean Waites,123
Jones,not available,Public Service Commissioner,3,Democrat,Peter Hubbard,49
Jones,not available,Public Service Commissioner,3,Democrat,Robert Jones,38
Jones,not available,Public Service Commissioner,3,Republican,Fitz Johnson,170
Lamar,not available,Public Service Commissioner,2,Democrat,Alicia M. Johnson,108
Lamar,not available,Public Service Commissioner,2,Republican,Lee Muns,37
Lamar,not available,Public Service Commissioner,2,Republican,Tim Echols,136
Lamar,not available,Public Service Commissioner,3,Democrat,Keisha Sean Waites,64
Lamar,not available,Public Service Commissioner,3,Democrat,Peter Hubbard,30
Lamar,not available,Public Service Commissioner,3,Democrat,Robert Jones,18
Lamar,not available,Public Service Commissioner,3,Republican,Fitz Johnson,149
Lanier,not available,Public Service Commissioner,2,Democrat,Alicia M. Johnson,34
Lanier,not available,Public Service Commissioner,2,Republican,Lee Muns,10
Lanier,not available,Public Service Commissioner,2,Republican,Tim Echols,39
Lanier,not available,Public Service Commissioner,3,Democrat,Keisha Sean Waites,18
Lanier,not available,Public Service Commissioner,3,Democrat,Peter Hubbard,4
Lanier,not available,Public Service Commissioner,3,Democrat,Robert Jones,7
Lanier,not available,Public Service Commissioner,3,Republican,Fitz Johnson,39
Laurens,not available,Public Service Commissioner,2,Democrat,Alicia M. Johnson,262
Laurens,not available,Public Service Commissioner,2,Republican,Lee Muns,56
Laurens,not available,Public Service Commissioner,2,Republican,Tim Echols,353
Laurens,not available,Public Service Commissioner,3,Democrat,Keisha Sean Waites,146
Laurens,not available,Public Service Commissioner,3,Democrat,Peter Hubbard,29
Laurens,not available,Public Service Commissioner,3,Democrat,Robert Jones,99
Laurens,not available,Public Service Commissioner,3,Republican,Fitz Johnson,330
Lee,not available,Public Service Commissioner,2,Democrat,Alicia M. Johnson,115
Lee,not available,Public Service Commissioner,2,Republican,Lee Muns,51
Lee,not available,Public Service Commissioner,2,Republican,Tim Echols,180
Lee,not available,Public Service Commissioner,3,Democrat,Keisha Sean Waites,78
Lee,not available,Public Service Commissioner,3,Democrat,Peter Hubbard,19
Lee,not available,Public Service Commissioner,3,Democrat,Robert Jones,15
Lee,not available,Public Service Commissioner,3,Republican,Fitz Johnson,203
Liberty,not available,Public Service Commissioner,2,Democrat,Alicia M. Johnson,679
Liberty,not available,Public Service Commissioner,2,Republican,Lee Muns,51
Liberty,not available,Public Service Commissioner,2,Republican,Tim Echols,122
Liberty,not available,Public Service Commissioner,3,Democrat,Keisha Sean Waites,343
Liberty,not available,Public Service Commissioner,3,Democrat,Peter Hubbard,90
Liberty,not available,Public Service Commissioner,3,Democrat,Robert Jones,114
Liberty,not available,Public Service Commissioner,3,Republican,Fitz Johnson,151
Lincoln,not available,Public Service Commissioner,2,Democrat,Alicia M. Johnson,78
Lincoln,not available,Public Service Commissioner,2,Republican,Lee Muns,37
Lincoln,not available,Public Service Commissioner,2,Republican,Tim Echols,107
Lincoln,not available,Public Service Commissioner,3,Democrat,Keisha Sean Waites,56
Lincoln,not available,Public Service Commissioner,3,Democrat,Peter Hubbard,5
Lincoln,not available,Public Service Commissioner,3,Democrat,Robert Jones,25
Lincoln,not available,Public Service Commissioner,3,Republican,Fitz Johnson,113
Long,not available,Public Service Commissioner,2,Democrat,Alicia M. Johnson,64
Long,not available,Public Service Commissioner,2,Republican,Lee Muns,10
Long,not available,Public Service Commissioner,2,Republican,Tim Echols,40
Long,not available,Public Service Commissioner,3,Democrat,Keisha Sean Waites,43
Long,not available,Public Service Commissioner,3,Democrat,Peter Hubbard,8
Long,not available,Public Service Commissioner,3,Democrat,Robert Jones,11
Long,not available,Public Service Commissioner,3,Republican,Fitz Johnson,39
Lowndes,not available,Public Service Commissioner,2,Democrat,Alicia M. Johnson,614
Lowndes,not available,Public Service Commissioner,2,Republican,Lee Muns,95
Lowndes,not available,Public Service Commissioner,2,Republican,Tim Echols,258
Lowndes,not available,Public Service Commissioner,3,Democrat,Keisha Sean Waites,280
Lowndes,not available,Public Service Commissioner,3,Democrat,Peter Hubbard,101
Lowndes,not available,Public Service Commissioner,3,Democrat,Robert Jones,176
Lowndes,not available,Public Service Commissioner,3,Republican,Fitz Johnson,297
Lumpkin,not available,Public Service Commissioner,2,Democrat,Alicia M. Johnson,106
Lumpkin,not available,Public Service Commissioner,2,Republican,Lee Muns,75
Lumpkin,not available,Public Service Commissioner,2,Republican,Tim Echols,229
Lumpkin,not available,Public Service Commissioner,3,Democrat,Keisha Sean Waites,26
Lumpkin,not available,Public Service Commissioner,3,Democrat,Peter Hubbard,35
Lumpkin,not available,Public Service Commissioner,3,Democrat,Robert Jones,23
Lumpkin,not available,Public Service Commissioner,3,Republican,Fitz Johnson,267
Macon,not available,Public Service Commissioner,2,Democrat,Alicia M. Johnson,220
Macon,not available,Public Service Commissioner,2,Republican,Lee Muns,10
Macon,not available,Public Service Commissioner,2,Republican,Tim Echols,79
Macon,not available,Public Service Commissioner,3,Democrat,Keisha Sean Waites,131
Macon,not available,Public Service Commissioner,3,Democrat,Peter Hubbard,22
Macon,not available,Public Service Commissioner,3,Democrat,Robert Jones,56
Macon,not available,Public Service Commissioner,3,Republican,Fitz Johnson,69
Madison,not available,Public Service Commissioner,2,Democrat,Alicia M. Johnson,149
Madison,not available,Public Service Commissioner,2,Republican,Lee Muns,60
Madison,not available,Public Service Commissioner,2,Republican,Tim Echols,355
Madison,not available,Public Service Commissioner,3,Democrat,Keisha Sean Waites,57
Madison,not available,Public Service Commissioner,3,Democrat,Peter Hubbard,50
Madison,not available,Public Service Commissioner,3,Democrat,Robert Jones,36
Madison,not available,Public Service Commissioner,3,Republican,Fitz Johnson,338
Marion,not available,Public Service Commissioner,2,Democrat,Alicia M. Johnson,72
Marion,not available,Public Service Commissioner,2,Republican,Lee Muns,10
Marion,not available,Public Service Commissioner,2,Republican,Tim Echols,42
Marion,not available,Public Service Commissioner,3,Democrat,Keisha Sean Waites,47
Marion,not available,Public Service Commissioner,3,Democrat,Peter Hubbard,14
Marion,not available,Public Service Commissioner,3,Democrat,Robert Jones,3
Marion,not available,Public Service Commissioner,3,Republican,Fitz Johnson,40
McDuffie,not available,Public Service Commissioner,2,Democrat,Alicia M. Johnson,126
McDuffie,not available,Public Service Commissioner,2,Republican,Lee Muns,40
McDuffie,not available,Public Service Commissioner,2,Republican,Tim Echols,151
McDuffie,not available,Public Service Commissioner,3,Democrat,Keisha Sean Waites,69
McDuffie,not available,Public Service Commissioner,3,Democrat,Peter Hubbard,20
McDuffie,not available,Public Service Commissioner,3,Democrat,Robert Jones,26
McDuffie,not available,Public Service Commissioner,3,Republican,Fitz Johnson,175
McIntosh,not available,Public Service Commissioner,2,Democrat,Alicia M. Johnson,132
McIntosh,not available,Public Service Commissioner,2,Republican,Lee Muns,27
McIntosh,not available,Public Service Commissioner,2,Republican,Tim Echols,227
McIntosh,not available,Public Service Commissioner,3,Democrat,Keisha Sean Waites,59
McIntosh,not available,Public Service Commissioner,3,Democrat,Peter Hubbard,32
McIntosh,not available,Public Service Commissioner,3,Democrat,Robert Jones,46
McIntosh,not available,Public Service Commissioner,3,Republican,Fitz Johnson,188
Meriwether,not available,Public Service Commissioner,2,Democrat,Alicia M. Johnson,146
Meriwether,not available,Public Service Commissioner,2,Republican,Lee Muns,58
Meriwether,not available,Public Service Commissioner,2,Republican,Tim Echols,150
Meriwether,not available,Public Service Commissioner,3,Democrat,Keisha Sean Waites,99
Meriwether,not available,Public Service Commissioner,3,Democrat,Peter Hubbard,27
Meriwether,not available,Public Service Commissioner,3,Democrat,Robert Jones,37
Meriwether,not available,Public Service Commissioner,3,Republican,Fitz Johnson,180
Miller,not available,Public Service Commissioner,2,Democrat,Alicia M. Johnson,3
Miller,not available,Public Service Commissioner,2,Republican,Lee Muns,9
Miller,not available,Public Service Commissioner,2,Republican,Tim Echols,31
Miller,not available,Public Service Commissioner,3,Democrat,Keisha Sean Waites,0
Miller,not available,Public Service Commissioner,3,Democrat,Peter Hubbard,0
Miller,not available,Public Service Commissioner,3,Democrat,Robert Jones,1
Miller,not available,Public Service Commissioner,3,Republican,Fitz Johnson,32
Mitchell,not available,Public Service Commissioner,2,Democrat,Alicia M. Johnson,202
Mitchell,not available,Public Service Commissioner,2,Republican,Lee Muns,27
Mitchell,not available,Public Service Commissioner,2,Republican,Tim Echols,117
Mitchell,not available,Public Service Commissioner,3,Democrat,Keisha Sean Waites,99
Mitchell,not available,Public Service Commissioner,3,Democrat,Peter Hubbard,16
Mitchell,not available,Public Service Commissioner,3,Democrat,Robert Jones,44
Mitchell,not available,Public Service Commissioner,3,Republican,Fitz Johnson,113
Monroe,not available,Public Service Commissioner,2,Democrat,Alicia M. Johnson,166
Monroe,not available,Public Service Commissioner,2,Republican,Lee Muns,80
Monroe,not available,Public Service Commissioner,2,Republican,Tim Echols,306
Monroe,not available,Public Service Commissioner,3,Democrat,Keisha Sean Waites,85
Monroe,not available,Public Service Commissioner,3,Democrat,Peter Hubbard,27
Monroe,not available,Public Service Commissioner,3,Democrat,Robert Jones,80
Monroe,not available,Public Service Commissioner,3,Republican,Fitz Johnson,325
Montgomery,not available,Public Service Commissioner,2,Democrat,Alicia M. Johnson,28
Montgomery,not available,Public Service Commissioner,2,Republican,Lee Muns,15
Montgomery,not available,Public Service Commissioner,2,Republican,Tim Echols,62
Montgomery,not available,Public Service Commissioner,3,Democrat,Keisha Sean Waites,31
Montgomery,not available,Public Service Commissioner,3,Democrat,Peter Hubbard,2
Montgomery,not available,Public Service Commissioner,3,Democrat,Robert Jones,9
Montgomery,not available,Public Service Commissioner,3,Republican,Fitz Johnson,61
Morgan,not available,Public Service Commissioner,2,Democrat,Alicia M. Johnson,131
Morgan,not available,Public Service Commissioner,2,Republican,Lee Muns,93
Morgan,not available,Public Service Commissioner,2,Republican,Tim Echols,204
Morgan,not available,Public Service Commissioner,3,Democrat,Keisha Sean Waites,38
Morgan,not available,Public Service Commissioner,3,Democrat,Peter Hubbard,46
Morgan,not available,Public Service Commissioner,3,Democrat,Robert Jones,26
Morgan,not available,Public Service Commissioner,3,Republican,Fitz Johnson,238
Murray,not available,Public Service Commissioner,2,Democrat,Alicia M. Johnson,42
Murray,not available,Public Service Commissioner,2,Republican,Lee Muns,40
Murray,not available,Public Service Commissioner,2,Republican,Tim Echols,123
Murray,not available,Public Service Commissioner,3,Democrat,Keisha Sean Waites,14
Murray,not available,Public Service Commissioner,3,Democrat,Peter Hubbard,14
Murray,not available,Public Service Commissioner,3,Democrat,Robert Jones,10
Murray,not available,Public Service Commissioner,3,Republican,Fitz Johnson,144
Muscogee,not available,Public Service Commissioner,2,Democrat,Alicia M. Johnson,1961
Muscogee,not available,Public Service Commissioner,2,Republican,Lee Muns,175
Muscogee,not available,Public Service Commissioner,2,Republican,Tim Echols,377
Muscogee,not available,Public Service Commissioner,3,Democrat,Keisha Sean Waites,979
Muscogee,not available,Public Service Commissioner,3,Democrat,Peter Hubbard,317
Muscogee,not available,Public Service Commissioner,3,Democrat,Robert Jones,571
Muscogee,not available,Public Service Commissioner,3,Republican,Fitz Johnson,478
Newton,not available,Public Service Commissioner,2,Democrat,Alicia M. Johnson,1104
Newton,not available,Public Service Commissioner,2,Republican,Lee Muns,92
Newton,not available,Public Service Commissioner,2,Republican,Tim Echols,445
Newton,not available,Public Service Commissioner,3,Democrat,Keisha Sean Waites,627
Newton,not available,Public Service Commissioner,3,Democrat,Peter Hubbard,201
Newton,not available,Public Service Commissioner,3,Democrat,Robert Jones,186
Newton,not available,Public Service Commissioner,3,Republican,Fitz Johnson,460
Oconee,not available,Public Service Commissioner,2,Democrat,Alicia M. Johnson,432
Oconee,not available,Public Service Commissioner,2,Republican,Lee Muns,120
Oconee,not available,Public Service Commissioner,2,Republican,Tim Echols,712
Oconee,not available,Public Service Commissioner,3,Democrat,Keisha Sean Waites,111
Oconee,not available,Public Service Commissioner,3,Democrat,Peter Hubbard,146
Oconee,not available,Public Service Commissioner,3,Democrat,Robert Jones,150
Oconee,not available,Public Service Commissioner,3,Republican,Fitz Johnson,706
Oglethorpe,not available,Public Service Commissioner,2,Democrat,Alicia M. Johnson,143
Oglethorpe,not available,Public Service Commissioner,2,Republican,Lee Muns,42
Oglethorpe,not available,Public Service Commissioner,2,Republican,Tim Echols,247
Oglethorpe,not available,Public Service Commissioner,3,Democrat,Keisha Sean Waites,63
Oglethorpe,not available,Public Service Commissioner,3,Democrat,Peter Hubbard,51
Oglethorpe,not available,Public Service Commissioner,3,Democrat,Robert Jones,26
Oglethorpe,not available,Public Service Commissioner,3,Republican,Fitz Johnson,238
Paulding,not available,Public Service Commissioner,2,Democrat,Alicia M. Johnson,854
Paulding,not available,Public Service Commissioner,2,Republican,Lee Muns,236
Paulding,not available,Public Service Commissioner,2,Republican,Tim Echols,719
Paulding,not available,Public Service Commissioner,3,Democrat,Keisha Sean Waites,485
Paulding,not available,Public Service Commissioner,3,Democrat,Peter Hubbard,223
Paulding,not available,Public Service Commissioner,3,Democrat,Robert Jones,117
Paulding,not available,Public Service Commissioner,3,Republican,Fitz Johnson,859
Peach,not available,Public Service Commissioner,2,Democrat,Alicia M. Johnson,254
Peach,not available,Public Service Commissioner,2,Republican,Lee Muns,37
Peach,not available,Public Service Commissioner,2,Republican,Tim Echols,83
Peach,not available,Public Service Commissioner,3,Democrat,Keisha Sean Waites,103
Peach,not available,Public Service Commissioner,3,Democrat,Peter Hubbard,28
Peach,not available,Public Service Commissioner,3,Democrat,Robert Jones,75
Peach,not available,Public Service Commissioner,3,Republican,Fitz Johnson,100
Pickens,not available,Public Service Commissioner,2,Democrat,Alicia M. Johnson,134
Pickens,not available,Public Service Commissioner,2,Republican,Lee Muns,131
Pickens,not available,Public Service Commissioner,2,Republican,Tim Echols,314
Pickens,not available,Public Service Commissioner,3,Democrat,Keisha Sean Waites,37
Pickens,not available,Public Service Commissioner,3,Democrat,Peter Hubbard,47
Pickens,not available,Public Service Commissioner,3,Democrat,Robert Jones,23
Pickens,not available,Public Service Commissioner,3,Republican,Fitz Johnson,400
Pierce,not available,Public Service Commissioner,2,Democrat,Alicia M. Johnson,16
Pierce,not available,Public Service Commissioner,2,Republican,Lee Muns,39
Pierce,not available,Public Service Commissioner,2,Republican,Tim Echols,120
Pierce,not available,Public Service Commissioner,3,Democrat,Keisha Sean Waites,11
Pierce,not available,Public Service Commissioner,3,Democrat,Peter Hubbard,3
Pierce,not available,Public Service Commissioner,3,Democrat,Robert Jones,3
Pierce,not available,Public Service Commissioner,3,Republican,Fitz Johnson,135
Pike,not available,Public Service Commissioner,2,Democrat,Alicia M. Johnson,108
Pike,not available,Public Service Commissioner,2,Republican,Lee Muns,85
Pike,not available,Public Service Commissioner,2,Republican,Tim Echols,256
Pike,not available,Public Service Commissioner,3,Democrat,Keisha Sean Waites,65
Pike,not available,Public Service Commissioner,3,Democrat,Peter Hubbard,9
Pike,not available,Public Service Commissioner,3,Democrat,Robert Jones,23
Pike,not available,Public Service Commissioner,3,Republican,Fitz Johnson,312
Polk,not available,Public Service Commissioner,2,Democrat,Alicia M. Johnson,124
Polk,not available,Public Service Commissioner,2,Republican,Lee Muns,162
Polk,not available,Public Service Commissioner,2,Republican,Tim Echols,189
Polk,not available,Public Service Commissioner,3,Democrat,Keisha Sean Waites,49
Polk,not available,Public Service Commissioner,3,Democrat,Peter Hubbard,38
Polk,not available,Public Service Commissioner,3,Democrat,Robert Jones,35
Polk,not available,Public Service Commissioner,3,Republican,Fitz Johnson,290
Pulaski,not available,Public Service Commissioner,2,Democrat,Alicia M. Johnson,37
Pulaski,not available,Public Service Commissioner,2,Republican,Lee Muns,10
Pulaski,not available,Public Service Commissioner,2,Republican,Tim Echols,45
Pulaski,not available,Public Service Commissioner,3,Democrat,Keisha Sean Waites,15
Pulaski,not available,Public Service Commissioner,3,Democrat,Peter Hubbard,9
Pulaski,not available,Public Service Commissioner,3,Democrat,Robert Jones,13
Pulaski,not available,Public Service Commissioner,3,Republican,Fitz Johnson,45
Putnam,not available,Public Service Commissioner,2,Democrat,Alicia M. Johnson,123
Putnam,not available,Public Service Commissioner,2,Republican,Lee Muns,54
Putnam,not available,Public Service Commissioner,2,Republican,Tim Echols,202
Putnam,not available,Public Service Commissioner,3,Democrat,Keisha Sean Waites,39
Putnam,not available,Public Service Commissioner,3,Democrat,Peter Hubbard,27
Putnam,not available,Public Service Commissioner,3,Democrat,Robert Jones,49
Putnam,not available,Public Service Commissioner,3,Republican,Fitz Johnson,209
Quitman,not available,Public Service Commissioner,2,Democrat,Alicia M. Johnson,33
Quitman,not available,Public Service Commissioner,2,Republican,Lee Muns,4
Quitman,not available,Public Service Commissioner,2,Republican,Tim Echols,14
Quitman,not available,Public Service Commissioner,3,Democrat,Keisha Sean Waites,20
Quitman,not available,Public Service Commissioner,3,Democrat,Peter Hubbard,3
Quitman,not available,Public Service Commissioner,3,Democrat,Robert Jones,11
Quitman,not available,Public Service Commissioner,3,Republican,Fitz Johnson,17
Rabun,not available,Public Service Commissioner,2,Democrat,Alicia M. Johnson,111
Rabun,not available,Public Service Commissioner,2,Republican,Lee Muns,59
Rabun,not available,Public Service Commissioner,2,Republican,Tim Echols,204
Rabun,not available,Public Service Commissioner,3,Democrat,Keisha Sean Waites,35
Rabun,not available,Public Service Commissioner,3,Democrat,Peter Hubbard,24
Rabun,not available,Public Service Commissioner,3,Democrat,Robert Jones,36
Rabun,not available,Public Service Commissioner,3,Republican,Fitz Johnson,221
Randolph,not available,Public Service Commissioner,2,Democrat,Alicia M. Johnson,230
Randolph,not available,Public Service Commissioner,2,Republican,Lee Muns,4
Randolph,not available,Public Service Commissioner,2,Republican,Tim Echols,22
Randolph,not available,Public Service Commissioner,3,Democrat,Keisha Sean Waites,130
Randolph,not available,Public Service Commissioner,3,Democrat,Peter Hubbard,12
Randolph,not available,Public Service Commissioner,3,Democrat,Robert Jones,53
Randolph,not available,Public Service Commissioner,3,Republican,Fitz Johnson,21
Richmond,not available,Public Service Commissioner,2,Democrat,Alicia M. Johnson,2821
Richmond,not available,Public Service Commissioner,2,Republican,Lee Muns,240
Richmond,not available,Public Service Commissioner,2,Republican,Tim Echols,506
Richmond,not available,Public Service Commissioner,3,Democrat,Keisha Sean Waites,1284
Richmond,not available,Public Service Commissioner,3,Democrat,Peter Hubbard,752
Richmond,not available,Public Service Commissioner,3,Democrat,Robert Jones,727
Richmond,not available,Public Service Commissioner,3,Republican,Fitz Johnson,590
Rockdale,not available,Public Service Commissioner,2,Democrat,Alicia M. Johnson,1599
Rockdale,not available,Public Service Commissioner,2,Republican,Lee Muns,57
Rockdale,not available,Public Service Commissioner,2,Republican,Tim Echols,193
Rockdale,not available,Public Service Commissioner,3,Democrat,Keisha Sean Waites,914
Rockdale,not available,Public Service Commissioner,3,Democrat,Peter Hubbard,342
Rockdale,not available,Public Service Commissioner,3,Democrat,Robert Jones,258
Rockdale,not available,Public Service Commissioner,3,Republican,Fitz Johnson,221
Schley,not available,Public Service Commissioner,2,Democrat,Alicia M. Johnson,19
Schley,not available,Public Service Commissioner,2,Republican,Lee Muns,9
Schley,not available,Public Service Commissioner,2,Republican,Tim Echols,43
Schley,not available,Public Service Commissioner,3,Democrat,Keisha Sean Waites,13
Schley,not available,Public Service Commissioner,3,Democrat,Peter Hubbard,2
Schley,not available,Public Service Commissioner,3,Democrat,Robert Jones,5
Schley,not available,Public Service Commissioner,3,Republican,Fitz Johnson,49
Screven,not available,Public Service Commissioner,2,Democrat,Alicia M. Johnson,120
Screven,not available,Public Service Commissioner,2,Republican,Lee Muns,27
Screven,not available,Public Service Commissioner,2,Republican,Tim Echols,63
Screven,not available,Public Service Commissioner,3,Democrat,Keisha Sean Waites,73
Screven,not available,Public Service Commissioner,3,Democrat,Peter Hubbard,13
Screven,not available,Public Service Commissioner,3,Democrat,Robert Jones,34
Screven,not available,Public Service Commissioner,3,Republican,Fitz Johnson,78
Seminole,not available,Public Service Commissioner,2,Democrat,Alicia M. Johnson,46
Seminole,not available,Public Service Commissioner,2,Republican,Lee Muns,18
Seminole,not available,Public Service Commissioner,2,Republican,Tim Echols,103
Seminole,not available,Public Service Commissioner,3,Democrat,Keisha Sean Waites,29
Seminole,not available,Public Service Commissioner,3,Democrat,Peter Hubbard,8
Seminole,not available,Public Service Commissioner,3,Democrat,Robert Jones,27
Seminole,not available,Public Service Commissioner,3,Republican,Fitz Johnson,102
Spalding,not available,Public Service Commissioner,2,Democrat,Alicia M. Johnson,776
Spalding,not available,Public Service Commissioner,2,Republican,Lee Muns,123
Spalding,not available,Public Service Commissioner,2,Republican,Tim Echols,526
Spalding,not available,Public Service Commissioner,3,Democrat,Keisha Sean Waites,571
Spalding,not available,Public Service Commissioner,3,Democrat,Peter Hubbard,66
Spalding,not available,Public Service Commissioner,3,Democrat,Robert Jones,141
Spalding,not available,Public Service Commissioner,3,Republican,Fitz Johnson,581
Stephens,not available,Public Service Commissioner,2,Democrat,Alicia M. Johnson,96
Stephens,not available,Public Service Commissioner,2,Republican,Lee Muns,67
Stephens,not available,Public Service Commissioner,2,Republican,Tim Echols,195
Stephens,not available,Public Service Commissioner,3,Democrat,Keisha Sean Waites,43
Stephens,not available,Public Service Commissioner,3,Democrat,Peter Hubbard,24
Stephens,not available,Public Service Commissioner,3,Democrat,Robert Jones,17
Stephens,not available,Public Service Commissioner,3,Republican,Fitz Johnson,219
Stewart,not available,Public Service Commissioner,2,Democrat,Alicia M. Johnson,57
Stewart,not available,Public Service Commissioner,2,Republican,Lee Muns,1
Stewart,not available,Public Service Commissioner,2,Republican,Tim Echols,20
Stewart,not available,Public Service Commissioner,3,Democrat,Keisha Sean Waites,29
Stewart,not available,Public Service Commissioner,3,Democrat,Peter Hubbard,4
Stewart,not available,Public Service Commissioner,3,Democrat,Robert Jones,16
Stewart,not available,Public Service Commissioner,3,Republican,Fitz Johnson,20
Sumter,not available,Public Service Commissioner,2,Democrat,Alicia M. Johnson,260
Sumter,not available,Public Service Commissioner,2,Republican,Lee Muns,46
Sumter,not available,Public Service Commissioner,2,Republican,Tim Echols,84
Sumter,not available,Public Service Commissioner,3,Democrat,Keisha Sean Waites,117
Sumter,not available,Public Service Commissioner,3,Democrat,Peter Hubbard,36
Sumter,not available,Public Service Commissioner,3,Democrat,Robert Jones,89
Sumter,not available,Public Service Commissioner,3,Republican,Fitz Johnson,106
Talbot,not available,Public Service Commissioner,2,Democrat,Alicia M. Johnson,107
Talbot,not available,Public Service Commissioner,2,Republican,Lee Muns,8
Talbot,not available,Public Service Commissioner,2,Republican,Tim Echols,22
Talbot,not available,Public Service Commissioner,3,Democrat,Keisha Sean Waites,75
Talbot,not available,Public Service Commissioner,3,Democrat,Peter Hubbard,8
Talbot,not available,Public Service Commissioner,3,Democrat,Robert Jones,24
Talbot,not available,Public Service Commissioner,3,Republican,Fitz Johnson,27
Taliaferro,not available,Public Service Commissioner,2,Democrat,Alicia M. Johnson,42
Taliaferro,not available,Public Service Commissioner,2,Republican,Lee Muns,7
Taliaferro,not available,Public Service Commissioner,2,Republican,Tim Echols,13
Taliaferro,not available,Public Service Commissioner,3,Democrat,Keisha Sean Waites,29
Taliaferro,not available,Public Service Commissioner,3,Democrat,Peter Hubbard,1
Taliaferro,not available,Public Service Commissioner,3,Democrat,Robert Jones,8
Taliaferro,not available,Public Service Commissioner,3,Republican,Fitz Johnson,16
Tattnall,not available,Public Service Commissioner,2,Democrat,Alicia M. Johnson,53
Tattnall,not available,Public Service Commissioner,2,Republican,Lee Muns,23
Tattnall,not available,Public Service Commissioner,2,Republican,Tim Echols,80
Tattnall,not available,Public Service Commissioner,3,Democrat,Keisha Sean Waites,35
Tattnall,not available,Public Service Commissioner,3,Democrat,Peter Hubbard,8
Tattnall,not available,Public Service Commissioner,3,Democrat,Robert Jones,15
Tattnall,not available,Public Service Commissioner,3,Republican,Fitz Johnson,80
Taylor,not available,Public Service Commissioner,2,Democrat,Alicia M. Johnson,54
Taylor,not available,Public Service Commissioner,2,Republican,Lee Muns,35
Taylor,not available,Public Service Commissioner,2,Republican,Tim Echols,71
Taylor,not available,Public Service Commissioner,3,Democrat,Keisha Sean Waites,33
Taylor,not available,Public Service Commissioner,3,Democrat,Peter Hubbard,9
Taylor,not available,Public Service Commissioner,3,Democrat,Robert Jones,7
Taylor,not available,Public Service Commissioner,3,Republican,Fitz Johnson,89
Telfair,not available,Public Service Commissioner,2,Democrat,Alicia M. Johnson,43
Telfair,not available,Public Service Commissioner,2,Republican,Lee Muns,32
Telfair,not available,Public Service Commissioner,2,Republican,Tim Echols,48
Telfair,not available,Public Service Commissioner,3,Democrat,Keisha Sean Waites,22
Telfair,not available,Public Service Commissioner,3,Democrat,Peter Hubbard,3
Telfair,not available,Public Service Commissioner,3,Democrat,Robert Jones,13
Telfair,not available,Public Service Commissioner,3,Republican,Fitz Johnson,63
Terrell,not available,Public Service Commissioner,2,Democrat,Alicia M. Johnson,140
Terrell,not available,Public Service Commissioner,2,Republican,Lee Muns,8
Terrell,not available,Public Service Commissioner,2,Republican,Tim Echols,34
Terrell,not available,Public Service Commissioner,3,Democrat,Keisha Sean Waites,59
Terrell,not available,Public Service Commissioner,3,Democrat,Peter Hubbard,17
Terrell,not available,Public Service Commissioner,3,Democrat,Robert Jones,38
Terrell,not available,Public Service Commissioner,3,Republican,Fitz Johnson,35
Thomas,not available,Public Service Commissioner,2,Democrat,Alicia M. Johnson,391
Thomas,not available,Public Service Commissioner,2,Republican,Lee Muns,61
Thomas,not available,Public Service Commissioner,2,Republican,Tim Echols,217
Thomas,not available,Public Service Commissioner,3,Democrat,Keisha Sean Waites,181
Thomas,not available,Public Service Commissioner,3,Democrat,Peter Hubbard,37
Thomas,not available,Public Service Commissioner,3,Democrat,Robert Jones,119
Thomas,not available,Public Service Commissioner,3,Republican,Fitz Johnson,242
Tift,not available,Public Service Commissioner,2,Democrat,Alicia M. Johnson,167
Tift,not available,Public Service Commissioner,2,Republican,Lee Muns,24
Tift,not available,Public Service Commissioner,2,Republican,Tim Echols,101
Tift,not available,Public Service Commissioner,3,Democrat,Keisha Sean Waites,96
Tift,not available,Public Service Commissioner,3,Democrat,Peter Hubbard,29
Tift,not available,Public Service Commissioner,3,Democrat,Robert Jones,42
Tift,not available,Public Service Commissioner,3,Republican,Fitz Johnson,117
Toombs,not available,Public Service Commissioner,2,Democrat,Alicia M. Johnson,154
Toombs,not available,Public Service Commissioner,2,Republican,Lee Muns,34
Toombs,not available,Public Service Commissioner,2,Republican,Tim Echols,127
Toombs,not available,Public Service Commissioner,3,Democrat,Keisha Sean Waites,84
Toombs,not available,Public Service Commissioner,3,Democrat,Peter Hubbard,27
Toombs,not available,Public Service Commissioner,3,Democrat,Robert Jones,38
Toombs,not available,Public Service Commissioner,3,Republican,Fitz Johnson,147
Towns,not available,Public Service Commissioner,2,Democrat,Alicia M. Johnson,44
Towns,not available,Public Service Commissioner,2,Republican,Lee Muns,32
Towns,not available,Public Service Commissioner,2,Republican,Tim Echols,106
Towns,not available,Public Service Commissioner,3,Democrat,Keisha Sean Waites,20
Towns,not available,Public Service Commissioner,3,Democrat,Peter Hubbard,20
Towns,not available,Public Service Commissioner,3,Democrat,Robert Jones,4
Towns,not available,Public Service Commissioner,3,Republican,Fitz Johnson,124
Treutlen,not available,Public Service Commissioner,2,Democrat,Alicia M. Johnson,25
Treutlen,not available,Public Service Commissioner,2,Republican,Lee Muns,15
Treutlen,not available,Public Service Commissioner,2,Republican,Tim Echols,29
Treutlen,not available,Public Service Commissioner,3,Democrat,Keisha Sean Waites,17
Treutlen,not available,Public Service Commissioner,3,Democrat,Peter Hubbard,4
Treutlen,not available,Public Service Commissioner,3,Democrat,Robert Jones,3
Treutlen,not available,Public Service Commissioner,3,Republican,Fitz Johnson,38
Troup,not available,Public Service Commissioner,2,Democrat,Alicia M. Johnson,316
Troup,not available,Public Service Commissioner,2,Republican,Lee Muns,57
Troup,not available,Public Service Commissioner,2,Republican,Tim Echols,226
Troup,not available,Public Service Commissioner,3,Democrat,Keisha Sean Waites,161
Troup,not available,Public Service Commissioner,3,Democrat,Peter Hubbard,70
Troup,not available,Public Service Commissioner,3,Democrat,Robert Jones,48
Troup,not available,Public Service Commissioner,3,Republican,Fitz Johnson,259
Turner,not available,Public Service Commissioner,2,Democrat,Alicia M. Johnson,79
Turner,not available,Public Service Commissioner,2,Republican,Lee Muns,15
Turner,not available,Public Service Commissioner,2,Republican,Tim Echols,19
Turner,not available,Public Service Commissioner,3,Democrat,Keisha Sean Waites,54
Turner,not available,Public Service Commissioner,3,Democrat,Peter Hubbard,10
Turner,not available,Public Service Commissioner,3,Democrat,Robert Jones,23
Turner,not available,Public Service Commissioner,3,Republican,Fitz Johnson,28
Twiggs,not available,Public Service Commissioner,2,Democrat,Alicia M. Johnson,137
Twiggs,not available,Public Service Commissioner,2,Republican,Lee Muns,20
Twiggs,not available,Public Service Commissioner,2,Republican,Tim Echols,30
Twiggs,not available,Public Service Commissioner,3,Democrat,Keisha Sean Waites,84
Twiggs,not available,Public Service Commissioner,3,Democrat,Peter Hubbard,29
Twiggs,not available,Public Service Commissioner,3,Democrat,Robert Jones,20
Twiggs,not available,Public Service Commissioner,3,Republican,Fitz Johnson,36
Union,not available,Public Service Commissioner,2,Democrat,Alicia M. Johnson,175
Union,not available,Public Service Commissioner,2,Republican,Lee Muns,160
Union,not available,Public Service Commissioner,2,Republican,Tim Echols,323
Union,not available,Public Service Commissioner,3,Democrat,Keisha Sean Waites,55
Union,not available,Public Service Commissioner,3,Democrat,Peter Hubbard,58
Union,not available,Public Service Commissioner,3,Democrat,Robert Jones,36
Union,not available,Public Service Commissioner,3,Republican,Fitz Johnson,433
Upson,not available,Public Service Commissioner,2,Democrat,Alicia M. Johnson,154
Upson,not available,Public Service Commissioner,2,Republican,Lee Muns,42
Upson,not available,Public Service Commissioner,2,Republican,Tim Echols,155
Upson,not available,Public Service Commissioner,3,Democrat,Keisha Sean Waites,111
Upson,not available,Public Service Commissioner,3,Democrat,Peter Hubbard,13
Upson,not available,Public Service Commissioner,3,Democrat,Robert Jones,40
Upson,not available,Public Service Commissioner,3,Republican,Fitz Johnson,169
Walker,not available,Public Service Commissioner,2,Democrat,Alicia M. Johnson,103
Walker,not available,Public Service Commissioner,2,Republican,Lee Muns,107
Walker,not available,Public Service Commissioner,2,Republican,Tim Echols,165
Walker,not available,Public Service Commissioner,3,Democrat,Keisha Sean Waites,46
Walker,not available,Public Service Commissioner,3,Democrat,Peter Hubbard,45
Walker,not available,Public Service Commissioner,3,Democrat,Robert Jones,28
Walker,not available,Public Service Commissioner,3,Republican,Fitz Johnson,234
Walton,not available,Public Service Commissioner,2,Democrat,Alicia M. Johnson,428
Walton,not available,Public Service Commissioner,2,Republican,Lee Muns,106
Walton,not available,Public Service Commissioner,2,Republican,Tim Echols,750
Walton,not available,Public Service Commissioner,3,Democrat,Keisha Sean Waites,245
Walton,not available,Public Service Commissioner,3,Democrat,Peter Hubbard,77
Walton,not available,Public Service Commissioner,3,Democrat,Robert Jones,78
Walton,not available,Public Service Commissioner,3,Republican,Fitz Johnson,748
Ware,not available,Public Service Commissioner,2,Democrat,Alicia M. Johnson,135
Ware,not available,Public Service Commissioner,2,Republican,Lee Muns,51
Ware,not available,Public Service Commissioner,2,Republican,Tim Echols,203
Ware,not available,Public Service Commissioner,3,Democrat,Keisha Sean Waites,69
Ware,not available,Public Service Commissioner,3,Democrat,Peter Hubbard,22
Ware,not available,Public Service Commissioner,3,Democrat,Robert Jones,24
Ware,not available,Public Service Commissioner,3,Republican,Fitz Johnson,218
Warren,not available,Public Service Commissioner,2,Democrat,Alicia M. Johnson,58
Warren,not available,Public Service Commissioner,2,Republican,Lee Muns,9
Warren,not available,Public Service Commissioner,2,Republican,Tim Echols,24
Warren,not available,Public Service Commissioner,3,Democrat,Keisha Sean Waites,19
Warren,not available,Public Service Commissioner,3,Democrat,Peter Hubbard,3
Warren,not available,Public Service Commissioner,3,Democrat,Robert Jones,26
Warren,not available,Public Service Commissioner,3,Republican,Fitz Johnson,29
Washington,not available,Public Service Commissioner,2,Democrat,Alicia M. Johnson,1443
Washington,not available,Public Service Commissioner,2,Republican,Lee Muns,105
Washington,not available,Public Service Commissioner,2,Republican,Tim Echols,846
Washington,not available,Public Service Commissioner,3,Democrat,Keisha Sean Waites,650
Washington,not available,Public Service Commissioner,3,Democrat,Peter Hubbard,101
Washington,not available,Public Service Commissioner,3,Democrat,Robert Jones,313
Washington,not available,Public Service Commissioner,3,Republican,Fitz Johnson,868
Wayne,not available,Public Service Commissioner,2,Democrat,Alicia M. Johnson,135
Wayne,not available,Public Service Commissioner,2,Republican,Lee Muns,64
Wayne,not available,Public Service Commissioner,2,Republican,Tim Echols,232
Wayne,not available,Public Service Commissioner,3,Democrat,Keisha Sean Waites,69
Wayne,not available,Public Service Commissioner,3,Democrat,Peter Hubbard,14
Wayne,not available,Public Service Commissioner,3,Democrat,Robert Jones,42
Wayne,not available,Public Service Commissioner,3,Republican,Fitz Johnson,235
Webster,not available,Public Service Commissioner,2,Democrat,Alicia M. Johnson,13
Webster,not available,Public Service Commissioner,2,Republican,Lee Muns,3
Webster,not available,Public Service Commissioner,2,Republican,Tim Echols,23
Webster,not available,Public Service Commissioner,3,Democrat,Keisha Sean Waites,8
Webster,not available,Public Service Commissioner,3,Democrat,Peter Hubbard,2
Webster,not available,Public Service Commissioner,3,Democrat,Robert Jones,1
Webster,not available,Public Service Commissioner,3,Republican,Fitz Johnson,18
Wheeler,not available,Public Service Commissioner,2,Democrat,Alicia M. Johnson,147
Wheeler,not available,Public Service Commissioner,2,Republican,Lee Muns,65
Wheeler,not available,Public Service Commissioner,2,Republican,Tim Echols,435
Wheeler,not available,Public Service Commissioner,3,Democrat,Keisha Sean Waites,73
Wheeler,not available,Public Service Commissioner,3,Democrat,Peter Hubbard,6
Wheeler,not available,Public Service Commissioner,3,Democrat,Robert Jones,63
Wheeler,not available,Public Service Commissioner,3,Republican,Fitz Johnson,431
White,not available,Public Service Commissioner,2,Democrat,Alicia M. Johnson,125
White,not available,Public Service Commissioner,2,Republican,Lee Muns,71
White,not available,Public Service Commissioner,2,Republican,Tim Echols,271
White,not available,Public Service Commissioner,3,Democrat,Keisha Sean Waites,47
White,not available,Public Service Commissioner,3,Democrat,Peter Hubbard,36
White,not available,Public Service Commissioner,3,Democrat,Robert Jones,14
White,not available,Public Service Commissioner,3,Republican,Fitz Johnson,305
Whitfield,not available,Public Service Commissioner,2,Democrat,Alicia M. Johnson,251
Whitfield,not available,Public Service Commissioner,2,Republican,Lee Muns,104
Whitfield,not available,Public Service Commissioner,2,Republican,Tim Echols,234
Whitfield,not available,Public Service Commissioner,3,Democrat,Keisha Sean Waites,99
Whitfield,not available,Public Service Commissioner,3,Democrat,Peter Hubbard,80
Whitfield,not available,Public Service Commissioner,3,Democrat,Robert Jones,69
Whitfield,not available,Public Service Commissioner,3,Republican,Fitz Johnson,281
Wilcox,not available,Public Service Commissioner,2,Democrat,Alicia M. Johnson,32
Wilcox,not available,Public Service Commissioner,2,Republican,Lee Muns,10
Wilcox,not available,Public Service Commissioner,2,Republican,Tim Echols,23
Wilcox,not available,Public Service Commissioner,3,Democrat,Keisha Sean Waites,18
Wilcox,not available,Public Service Commissioner,3,Democrat,Peter Hubbard,1
Wilcox,not available,Public Service Commissioner,3,Democrat,Robert Jones,7
Wilcox,not available,Public Service Commissioner,3,Republican,Fitz Johnson,32
Wilkes,not available,Public Service Commissioner,2,Democrat,Alicia M. Johnson,169
Wilkes,not available,Public Service Commissioner,2,Republican,Lee Muns,21
Wilkes,not available,Public Service Commissioner,2,Republican,Tim Echols,82
Wilkes,not available,Public Service Commissioner,3,Democrat,Keisha Sean Waites,102
Wilkes,not available,Public Service Commissioner,3,Democrat,Peter Hubbard,26
Wilkes,not available,Public Service Commissioner,3,Democrat,Robert Jones,31
Wilkes,not available,Public Service Commissioner,3,Republican,Fitz Johnson,79
Wilkinson,not available,Public Service Commissioner,2,Democrat,Alicia M. Johnson,119
Wilkinson,not available,Public Service Commissioner,2,Republican,Lee Muns,16
Wilkinson,not available,Public Service Commissioner,2,Republican,Tim Echols,65
Wilkinson,not available,Public Service Commissioner,3,Democrat,Keisha Sean Waites,44
Wilkinson,not available,Public Service Commissioner,3,Democrat,Peter Hubbard,25
Wilkinson,not available,Public Service Commissioner,3,Democrat,Robert Jones,56
Wilkinson,not available,Public Service Commissioner,3,Republican,Fitz Johnson,77
Worth,not available,Public Service Commissioner,2,Democrat,Alicia M. Johnson,84
Worth,not available,Public Service Commissioner,2,Republican,Lee Muns,30
Worth,not available,Public Service Commissioner,2,Republican,Tim Echols,81
Worth,not available,Public Service Commissioner,3,Democrat,Keisha Sean Waites,48
Worth,not available,Public Service Commissioner,3,Democrat,Peter Hubbard,7
Worth,not available,Public Service Commissioner,3,Democrat,Robert Jones,15
Worth,not available,Public Service Commissioner,3,Republican,Fitz Johnson,106
