county,precinct,office,district,party,candidate,votes,absentee_by_mail,election_day,advance_in_person,provisional
Clarke,,"U.S. Representative, District 9",9,REP,DOUG COLLINS,66,3,62,1,0
Clarke,1A W'ville Train Depot,"U.S. Representative, District 9",9,REP,DOUG COLLINS,32,3,29,0,0
Clarke,2A Judia J. Harris Sch,"U.S. Representative, District 9",9,REP,DOUG COLLINS,7,0,7,0,0
Clarke,5D ACC Fleet Mgt Bldg,"U.S. Representative, District 9",9,REP,DOUG COLLINS,27,0,26,1,0
Clarke,,"U.S. Representative, District 9",9,REP,MARTHA ZOLLER,61,2,53,6,0
Clarke,1A W'ville Train Depot,"U.S. Representative, District 9",9,REP,MARTHA ZOLLER,38,2,34,2,0
Clarke,2A Judia J. Harris Sch,"U.S. Representative, District 9",9,REP,MARTHA ZOLLER,9,0,7,2,0
Clarke,5D ACC Fleet Mgt Bldg,"U.S. Representative, District 9",9,REP,MARTHA ZOLLER,14,0,12,2,0
