county,precinct,office,district,party,candidate,votes,absentee_by_mail,election_day,advance_in_person,provisional
Candler,,"U.S. Representative, District 12",12,REP,RICK W. ALLEN,111,10,86,15,0
Candler,METTER 1685,"U.S. Representative, District 12",12,REP,RICK W. ALLEN,52,6,40,6,0
Candler,CANDLER-1736,"U.S. Representative, District 12",12,REP,RICK W. ALLEN,59,4,46,9,0
Candler,,"U.S. Representative, District 12",12,REP,LEE ANDERSON,69,11,44,14,0
Candler,METTER 1685,"U.S. Representative, District 12",12,REP,LEE ANDERSON,33,8,21,4,0
Candler,CANDLER-1736,"U.S. Representative, District 12",12,REP,LEE ANDERSON,36,3,23,10,0
