county,precinct,office,district,party,candidate,votes,absentee_by_mail,election_day,advance_in_person,provisional
Houston,,"State Senator, District 26",26,DEM,DAVID E. LUCAS SR.,131,2,119,10,0
Houston,ELBC,"State Senator, District 26",26,DEM,DAVID E. LUCAS SR.,84,2,73,9,0
Houston,RECR,"State Senator, District 26",26,DEM,DAVID E. LUCAS SR.,47,0,46,1,0
Houston,,"State Senator, District 26",26,DEM,MIRIAM PARIS (I),73,3,63,7,0
Houston,ELBC,"State Senator, District 26",26,DEM,MIRIAM PARIS (I),43,3,33,7,0
Houston,RECR,"State Senator, District 26",26,DEM,MIRIAM PARIS (I),30,0,30,0,0
