county,precinct,office,district,party,candidate,votes,absentee_by_mail,election_day,advance_in_person,provisional
Webster,,"U.S. Representative, District 2",2,REP,RICK ALLEN,5,0,5,0,0
Webster,Preston 1,"U.S. Representative, District 2",2,REP,RICK ALLEN,5,0,5,0,0
Webster,,"U.S. Representative, District 2",2,REP,JOHN HOUSE,11,3,8,0,0
Webster,Preston 1,"U.S. Representative, District 2",2,REP,JOHN HOUSE,11,3,8,0,0
Webster,,BOE, AT LARGE,,BONITA A. HIGHTOWER,280,72,165,43,0
Webster,Preston 1,BOE, AT LARGE,,BONITA A. HIGHTOWER,280,72,165,43,0
Webster,,BOE, AT LARGE,,LINDA K. ROGERS ,378,34,217,127,0
Webster,Preston 1,BOE, AT LARGE,,LINDA K. ROGERS ,378,34,217,127,0
