county,precinct,office,district,party,candidate,votes,absentee_by_mail,election_day,advance_in_person,provisional
Dawson,,"U.S. Representative, District 9",9,REP,DOUG COLLINS,616,31,440,145,0
Dawson,West,"U.S. Representative, District 9",9,REP,DOUG COLLINS,82,7,58,17,0
Dawson,Central,"U.S. Representative, District 9",9,REP,DOUG COLLINS,305,18,187,100,0
Dawson,East,"U.S. Representative, District 9",9,REP,DOUG COLLINS,229,6,195,28,0
Dawson,,"U.S. Representative, District 9",9,REP,MARTHA ZOLLER,880,21,680,179,0
Dawson,West,"U.S. Representative, District 9",9,REP,MARTHA ZOLLER,220,3,187,30,0
Dawson,Central,"U.S. Representative, District 9",9,REP,MARTHA ZOLLER,337,14,228,95,0
Dawson,East,"U.S. Representative, District 9",9,REP,MARTHA ZOLLER,323,4,265,54,0
