county,precinct,office,district,party,candidate,votes,absentee_by_mail,election_day,advance_in_person,provisional
Marion,,"Public Service Commission, District 3",3,REP,CHUCK EATON (I),131,0,120,11,0
Marion,Draneville,"Public Service Commission, District 3",3,REP,CHUCK EATON (I),9,0,7,2,0
Marion,Pineknot,"Public Service Commission, District 3",3,REP,CHUCK EATON (I),44,0,44,0,0
Marion,Doyle,"Public Service Commission, District 3",3,REP,CHUCK EATON (I),6,0,5,1,0
Marion,Buena Vista,"Public Service Commission, District 3",3,REP,CHUCK EATON (I),22,0,17,5,0
Marion,Tazewell,"Public Service Commission, District 3",3,REP,CHUCK EATON (I),10,0,9,1,0
Marion,Brantley,"Public Service Commission, District 3",3,REP,CHUCK EATON (I),17,0,15,2,0
Marion,Ft. Perry,"Public Service Commission, District 3",3,REP,CHUCK EATON (I),23,0,23,0,0
Marion,,"Public Service Commission, District 3",3,REP,MATT REID,88,0,76,12,0
Marion,Draneville,"Public Service Commission, District 3",3,REP,MATT REID,6,0,5,1,0
Marion,Pineknot,"Public Service Commission, District 3",3,REP,MATT REID,32,0,28,4,0
Marion,Doyle,"Public Service Commission, District 3",3,REP,MATT REID,6,0,6,0,0
Marion,Buena Vista,"Public Service Commission, District 3",3,REP,MATT REID,14,0,9,5,0
Marion,Tazewell,"Public Service Commission, District 3",3,REP,MATT REID,3,0,3,0,0
Marion,Brantley,"Public Service Commission, District 3",3,REP,MATT REID,8,0,7,1,0
Marion,Ft. Perry,"Public Service Commission, District 3",3,REP,MATT REID,19,0,18,1,0
Marion,,"Public Service Commission, District 3",3,DEM,STEPHEN OPPENHEIMER,1246,93,913,239,1
Marion,Draneville,"Public Service Commission, District 3",3,DEM,STEPHEN OPPENHEIMER,99,7,68,24,0
Marion,Pineknot,"Public Service Commission, District 3",3,DEM,STEPHEN OPPENHEIMER,199,4,177,18,0
Marion,Doyle,"Public Service Commission, District 3",3,DEM,STEPHEN OPPENHEIMER,66,6,40,20,0
Marion,Buena Vista,"Public Service Commission, District 3",3,DEM,STEPHEN OPPENHEIMER,526,70,318,137,1
Marion,Tazewell,"Public Service Commission, District 3",3,DEM,STEPHEN OPPENHEIMER,101,2,88,11,0
Marion,Brantley,"Public Service Commission, District 3",3,DEM,STEPHEN OPPENHEIMER,95,1,76,18,0
Marion,Ft. Perry,"Public Service Commission, District 3",3,DEM,STEPHEN OPPENHEIMER,160,3,146,11,0
Marion,,"Public Service Commission, District 5",5,REP,PAM DAVIDSON,117,0,104,13,0
Marion,Draneville,"Public Service Commission, District 5",5,REP,PAM DAVIDSON,9,0,7,2,0
Marion,Pineknot,"Public Service Commission, District 5",5,REP,PAM DAVIDSON,48,0,44,4,0
Marion,Doyle,"Public Service Commission, District 5",5,REP,PAM DAVIDSON,7,0,7,0,0
Marion,Buena Vista,"Public Service Commission, District 5",5,REP,PAM DAVIDSON,18,0,13,5,0
Marion,Tazewell,"Public Service Commission, District 5",5,REP,PAM DAVIDSON,2,0,2,0,0
Marion,Brantley,"Public Service Commission, District 5",5,REP,PAM DAVIDSON,13,0,11,2,0
Marion,Ft. Perry,"Public Service Commission, District 5",5,REP,PAM DAVIDSON,20,0,20,0,0
Marion,,"Public Service Commission, District 5",5,REP,STAN WISE (I),98,0,88,10,0
Marion,Draneville,"Public Service Commission, District 5",5,REP,STAN WISE (I),7,0,6,1,0
Marion,Pineknot,"Public Service Commission, District 5",5,REP,STAN WISE (I),26,0,26,0,0
Marion,Doyle,"Public Service Commission, District 5",5,REP,STAN WISE (I),4,0,3,1,0
Marion,Buena Vista,"Public Service Commission, District 5",5,REP,STAN WISE (I),18,0,13,5,0
Marion,Tazewell,"Public Service Commission, District 5",5,REP,STAN WISE (I),9,0,8,1,0
Marion,Brantley,"Public Service Commission, District 5",5,REP,STAN WISE (I),13,0,12,1,0
Marion,Ft. Perry,"Public Service Commission, District 5",5,REP,STAN WISE (I),21,0,20,1,0
Marion,,"U.S. Representative, District 2",2,REP,RICK ALLEN,106,0,98,8,0
Marion,Draneville,"U.S. Representative, District 2",2,REP,RICK ALLEN,4,0,4,0,0
Marion,Pineknot,"U.S. Representative, District 2",2,REP,RICK ALLEN,43,0,40,3,0
Marion,Doyle,"U.S. Representative, District 2",2,REP,RICK ALLEN,5,0,5,0,0
Marion,Buena Vista,"U.S. Representative, District 2",2,REP,RICK ALLEN,14,0,11,3,0
Marion,Tazewell,"U.S. Representative, District 2",2,REP,RICK ALLEN,10,0,10,0,0
Marion,Brantley,"U.S. Representative, District 2",2,REP,RICK ALLEN,12,0,11,1,0
Marion,Ft. Perry,"U.S. Representative, District 2",2,REP,RICK ALLEN,18,0,17,1,0
Marion,,"U.S. Representative, District 2",2,REP,KEN DELOACH,43,0,37,6,0
Marion,Draneville,"U.S. Representative, District 2",2,REP,KEN DELOACH,3,0,2,1,0
Marion,Pineknot,"U.S. Representative, District 2",2,REP,KEN DELOACH,10,0,10,0,0
Marion,Doyle,"U.S. Representative, District 2",2,REP,KEN DELOACH,4,0,3,1,0
Marion,Buena Vista,"U.S. Representative, District 2",2,REP,KEN DELOACH,9,0,7,2,0
Marion,Tazewell,"U.S. Representative, District 2",2,REP,KEN DELOACH,2,0,1,1,0
Marion,Brantley,"U.S. Representative, District 2",2,REP,KEN DELOACH,6,0,5,1,0
Marion,Ft. Perry,"U.S. Representative, District 2",2,REP,KEN DELOACH,9,0,9,0,0
Marion,,"U.S. Representative, District 2",2,REP,JOHN HOUSE,65,0,57,8,0
Marion,Draneville,"U.S. Representative, District 2",2,REP,JOHN HOUSE,9,0,7,2,0
Marion,Pineknot,"U.S. Representative, District 2",2,REP,JOHN HOUSE,18,0,17,1,0
Marion,Doyle,"U.S. Representative, District 2",2,REP,JOHN HOUSE,3,0,3,0,0
Marion,Buena Vista,"U.S. Representative, District 2",2,REP,JOHN HOUSE,13,0,9,4,0
Marion,Tazewell,"U.S. Representative, District 2",2,REP,JOHN HOUSE,1,0,1,0,0
Marion,Brantley,"U.S. Representative, District 2",2,REP,JOHN HOUSE,7,0,6,1,0
Marion,Ft. Perry,"U.S. Representative, District 2",2,REP,JOHN HOUSE,14,0,14,0,0
Marion,,"U.S. Representative, District 2",2,DEM,SANFORD BISHOP (I),1408,115,1025,267,1
Marion,Draneville,"U.S. Representative, District 2",2,DEM,SANFORD BISHOP (I),109,7,82,20,0
Marion,Pineknot,"U.S. Representative, District 2",2,DEM,SANFORD BISHOP (I),171,4,157,10,0
Marion,Doyle,"U.S. Representative, District 2",2,DEM,SANFORD BISHOP (I),80,8,51,21,0
Marion,Buena Vista,"U.S. Representative, District 2",2,DEM,SANFORD BISHOP (I),703,87,441,174,1
Marion,Tazewell,"U.S. Representative, District 2",2,DEM,SANFORD BISHOP (I),101,1,89,11,0
Marion,Brantley,"U.S. Representative, District 2",2,DEM,SANFORD BISHOP (I),89,6,66,17,0
Marion,Ft. Perry,"U.S. Representative, District 2",2,DEM,SANFORD BISHOP (I),155,2,139,14,0
Marion,,"State Senator, District 15",15,REP,DAVID BROWN,186,0,165,21,0
Marion,Draneville,"State Senator, District 15",15,REP,DAVID BROWN,13,0,10,3,0
Marion,Pineknot,"State Senator, District 15",15,REP,DAVID BROWN,63,0,59,4,0
Marion,Doyle,"State Senator, District 15",15,REP,DAVID BROWN,11,0,10,1,0
Marion,Buena Vista,"State Senator, District 15",15,REP,DAVID BROWN,31,0,22,9,0
Marion,Tazewell,"State Senator, District 15",15,REP,DAVID BROWN,11,0,10,1,0
Marion,Brantley,"State Senator, District 15",15,REP,DAVID BROWN,20,0,18,2,0
Marion,Ft. Perry,"State Senator, District 15",15,REP,DAVID BROWN,37,0,36,1,0
Marion,,"State Senator, District 15",15,DEM,ED HARBISON (I),1039,67,749,222,1
Marion,Draneville,"State Senator, District 15",15,DEM,ED HARBISON (I),99,4,72,23,0
Marion,Pineknot,"State Senator, District 15",15,DEM,ED HARBISON (I),160,4,142,14,0
Marion,Doyle,"State Senator, District 15",15,DEM,ED HARBISON (I),66,5,43,18,0
Marion,Buena Vista,"State Senator, District 15",15,DEM,ED HARBISON (I),417,49,238,129,1
Marion,Tazewell,"State Senator, District 15",15,DEM,ED HARBISON (I),98,2,82,14,0
Marion,Brantley,"State Senator, District 15",15,DEM,ED HARBISON (I),77,1,59,17,0
Marion,Ft. Perry,"State Senator, District 15",15,DEM,ED HARBISON (I),122,2,113,7,0
Marion,,"State Senator, District 15",15,DEM,REGINALD PUGH,597,71,422,104,0
Marion,Draneville,"State Senator, District 15",15,DEM,REGINALD PUGH,38,6,26,6,0
Marion,Pineknot,"State Senator, District 15",15,DEM,REGINALD PUGH,66,0,59,7,0
Marion,Doyle,"State Senator, District 15",15,DEM,REGINALD PUGH,29,4,19,6,0
Marion,Buena Vista,"State Senator, District 15",15,DEM,REGINALD PUGH,319,55,191,73,0
Marion,Tazewell,"State Senator, District 15",15,DEM,REGINALD PUGH,31,0,29,2,0
Marion,Brantley,"State Senator, District 15",15,DEM,REGINALD PUGH,49,4,39,6,0
Marion,Ft. Perry,"State Senator, District 15",15,DEM,REGINALD PUGH,65,2,59,4,0
Marion,,"State Representative, District 138",138,REP,MIKE CHEOKAS (I),187,0,167,20,0
Marion,Draneville,"State Representative, District 138",138,REP,MIKE CHEOKAS (I),16,0,13,3,0
Marion,Pineknot,"State Representative, District 138",138,REP,MIKE CHEOKAS (I),63,0,60,3,0
Marion,Doyle,"State Representative, District 138",138,REP,MIKE CHEOKAS (I),11,0,10,1,0
Marion,Buena Vista,"State Representative, District 138",138,REP,MIKE CHEOKAS (I),33,0,23,10,0
Marion,Tazewell,"State Representative, District 138",138,REP,MIKE CHEOKAS (I),9,0,8,1,0
Marion,Brantley,"State Representative, District 138",138,REP,MIKE CHEOKAS (I),19,0,17,2,0
Marion,Ft. Perry,"State Representative, District 138",138,REP,MIKE CHEOKAS (I),36,0,36,0,0
Marion,,"State Representative, District 138",138,DEM,KEVIN T. BROWN,1410,113,1031,265,1
Marion,Draneville,"State Representative, District 138",138,DEM,KEVIN T. BROWN,115,7,87,21,0
Marion,Pineknot,"State Representative, District 138",138,DEM,KEVIN T. BROWN,189,4,167,18,0
Marion,Doyle,"State Representative, District 138",138,DEM,KEVIN T. BROWN,80,8,51,21,0
Marion,Buena Vista,"State Representative, District 138",138,DEM,KEVIN T. BROWN,691,82,444,164,1
Marion,Tazewell,"State Representative, District 138",138,DEM,KEVIN T. BROWN,85,1,75,9,0
Marion,Brantley,"State Representative, District 138",138,DEM,KEVIN T. BROWN,100,8,72,20,0
Marion,Ft. Perry,"State Representative, District 138",138,DEM,KEVIN T. BROWN,150,3,135,12,0
Marion,,"District Attorney, Chattahoochee Circuit", Chattahoochee Circuit - REP,REP,MARK POST,167,0,150,17,0
Marion,Draneville,"District Attorney, Chattahoochee Circuit", Chattahoochee Circuit - REP,REP,MARK POST,13,0,10,3,0
Marion,Pineknot,"District Attorney, Chattahoochee Circuit", Chattahoochee Circuit - REP,REP,MARK POST,58,0,55,3,0
Marion,Doyle,"District Attorney, Chattahoochee Circuit", Chattahoochee Circuit - REP,REP,MARK POST,10,0,10,0,0
Marion,Buena Vista,"District Attorney, Chattahoochee Circuit", Chattahoochee Circuit - REP,REP,MARK POST,26,0,18,8,0
Marion,Tazewell,"District Attorney, Chattahoochee Circuit", Chattahoochee Circuit - REP,REP,MARK POST,11,0,10,1,0
Marion,Brantley,"District Attorney, Chattahoochee Circuit", Chattahoochee Circuit - REP,REP,MARK POST,19,0,17,2,0
Marion,Ft. Perry,"District Attorney, Chattahoochee Circuit", Chattahoochee Circuit - REP,REP,MARK POST,30,0,30,0,0
Marion,,"District Attorney, Chattahoochee Circuit", Chattahoochee Circuit - DEM,DEM,JULIA  SLATER (I),1264,102,891,270,1
Marion,Draneville,"District Attorney, Chattahoochee Circuit", Chattahoochee Circuit - DEM,DEM,JULIA  SLATER (I),96,7,67,22,0
Marion,Pineknot,"District Attorney, Chattahoochee Circuit", Chattahoochee Circuit - DEM,DEM,JULIA  SLATER (I),177,4,154,19,0
Marion,Doyle,"District Attorney, Chattahoochee Circuit", Chattahoochee Circuit - DEM,DEM,JULIA  SLATER (I),62,5,35,22,0
Marion,Buena Vista,"District Attorney, Chattahoochee Circuit", Chattahoochee Circuit - DEM,DEM,JULIA  SLATER (I),578,76,339,162,1
Marion,Tazewell,"District Attorney, Chattahoochee Circuit", Chattahoochee Circuit - DEM,DEM,JULIA  SLATER (I),103,2,86,15,0
Marion,Brantley,"District Attorney, Chattahoochee Circuit", Chattahoochee Circuit - DEM,DEM,JULIA  SLATER (I),102,5,79,18,0
Marion,Ft. Perry,"District Attorney, Chattahoochee Circuit", Chattahoochee Circuit - DEM,DEM,JULIA  SLATER (I),146,3,131,12,0
Marion,,"JUDGE, PROBATE COURT", PROBATE COURT - D,,LAURA W. DUDLEY,751,95,510,145,1
Marion,Draneville,"JUDGE, PROBATE COURT", PROBATE COURT - D,,LAURA W. DUDLEY,66,9,42,15,0
Marion,Pineknot,"JUDGE, PROBATE COURT", PROBATE COURT - D,,LAURA W. DUDLEY,76,4,69,3,0
Marion,Doyle,"JUDGE, PROBATE COURT", PROBATE COURT - D,,LAURA W. DUDLEY,42,5,22,15,0
Marion,Buena Vista,"JUDGE, PROBATE COURT", PROBATE COURT - D,,LAURA W. DUDLEY,402,65,242,94,1
Marion,Tazewell,"JUDGE, PROBATE COURT", PROBATE COURT - D,,LAURA W. DUDLEY,41,1,39,1,0
Marion,Brantley,"JUDGE, PROBATE COURT", PROBATE COURT - D,,LAURA W. DUDLEY,43,11,21,11,0
Marion,Ft. Perry,"JUDGE, PROBATE COURT", PROBATE COURT - D,,LAURA W. DUDLEY,81,0,75,6,0
Marion,,"JUDGE, PROBATE COURT", PROBATE COURT - D,I,HEATHER I. STUART,1300,68,969,263,0
Marion,Draneville,"JUDGE, PROBATE COURT", PROBATE COURT - D,I,HEATHER I. STUART,112,3,87,22,0
Marion,Pineknot,"JUDGE, PROBATE COURT", PROBATE COURT - D,I,HEATHER I. STUART,228,2,203,23,0
Marion,Doyle,"JUDGE, PROBATE COURT", PROBATE COURT - D,I,HEATHER I. STUART,79,4,62,13,0
Marion,Buena Vista,"JUDGE, PROBATE COURT", PROBATE COURT - D,I,HEATHER I. STUART,467,48,264,155,0
Marion,Tazewell,"JUDGE, PROBATE COURT", PROBATE COURT - D,I,HEATHER I. STUART,131,2,112,17,0
Marion,Brantley,"JUDGE, PROBATE COURT", PROBATE COURT - D,I,HEATHER I. STUART,139,5,112,22,0
Marion,Ft. Perry,"JUDGE, PROBATE COURT", PROBATE COURT - D,I,HEATHER I. STUART,144,4,129,11,0
Marion,,"CLERK, SUPERIOR COURT", SUPERIOR COURT - D,,JOY SMITH,1549,112,1116,320,1
Marion,Draneville,"CLERK, SUPERIOR COURT", SUPERIOR COURT - D,,JOY SMITH,112,7,81,24,0
Marion,Pineknot,"CLERK, SUPERIOR COURT", SUPERIOR COURT - D,,JOY SMITH,239,6,210,23,0
Marion,Doyle,"CLERK, SUPERIOR COURT", SUPERIOR COURT - D,,JOY SMITH,92,6,60,26,0
Marion,Buena Vista,"CLERK, SUPERIOR COURT", SUPERIOR COURT - D,,JOY SMITH,666,82,388,195,1
Marion,Tazewell,"CLERK, SUPERIOR COURT", SUPERIOR COURT - D,,JOY SMITH,139,2,120,17,0
Marion,Brantley,"CLERK, SUPERIOR COURT", SUPERIOR COURT - D,,JOY SMITH,126,6,97,23,0
Marion,Ft. Perry,"CLERK, SUPERIOR COURT", SUPERIOR COURT - D,,JOY SMITH,175,3,160,12,0
Marion,,SHERIFF,,,GREG FULLER,172,0,154,18,0
Marion,Draneville,SHERIFF,,,GREG FULLER,13,0,11,2,0
Marion,Pineknot,SHERIFF,,,GREG FULLER,61,0,58,3,0
Marion,Doyle,SHERIFF,,,GREG FULLER,6,0,6,0,0
Marion,Buena Vista,SHERIFF,,,GREG FULLER,26,0,17,9,0
Marion,Tazewell,SHERIFF,,,GREG FULLER,10,0,9,1,0
Marion,Brantley,SHERIFF,,,GREG FULLER,17,0,15,2,0
Marion,Ft. Perry,SHERIFF,,,GREG FULLER,39,0,38,1,0
Marion,,SHERIFF,,,DERRELL NEAL,1568,133,1155,279,1
Marion,Draneville,SHERIFF,,,DERRELL NEAL,117,11,90,16,0
Marion,Pineknot,SHERIFF,,,DERRELL NEAL,249,3,224,22,0
Marion,Doyle,SHERIFF,,,DERRELL NEAL,80,9,52,19,0
Marion,Buena Vista,SHERIFF,,,DERRELL NEAL,697,88,438,171,0
Marion,Tazewell,SHERIFF,,,DERRELL NEAL,89,3,78,8,0
Marion,Brantley,SHERIFF,,,DERRELL NEAL,134,13,93,27,1
Marion,Ft. Perry,SHERIFF,,,DERRELL NEAL,202,6,180,16,0
Marion,,SHERIFF,,,HORACE I. SNIDER ,556,36,379,140,1
Marion,Draneville,SHERIFF,,,HORACE I. SNIDER ,70,1,47,22,0
Marion,Pineknot,SHERIFF,,,HORACE I. SNIDER ,58,4,49,5,0
Marion,Doyle,SHERIFF,,,HORACE I. SNIDER ,47,0,35,12,0
Marion,Buena Vista,SHERIFF,,,HORACE I. SNIDER ,214,28,100,85,1
Marion,Tazewell,SHERIFF,,,HORACE I. SNIDER ,86,0,76,10,0
Marion,Brantley,SHERIFF,,,HORACE I. SNIDER ,50,3,41,6,0
Marion,Ft. Perry,SHERIFF,,,HORACE I. SNIDER ,31,0,31,0,0
Marion,,TAX COMMISSIONER,,,PHYLIS EWING GIBSON,1701,122,1222,357,0
Marion,Draneville,TAX COMMISSIONER,,,PHYLIS EWING GIBSON,127,6,91,30,0
Marion,Pineknot,TAX COMMISSIONER,,,PHYLIS EWING GIBSON,250,6,220,24,0
Marion,Doyle,TAX COMMISSIONER,,,PHYLIS EWING GIBSON,97,8,63,26,0
Marion,Buena Vista,TAX COMMISSIONER,,,PHYLIS EWING GIBSON,746,90,437,219,0
Marion,Tazewell,TAX COMMISSIONER,,,PHYLIS EWING GIBSON,146,2,127,17,0
Marion,Brantley,TAX COMMISSIONER,,,PHYLIS EWING GIBSON,140,7,108,25,0
Marion,Ft. Perry,TAX COMMISSIONER,,,PHYLIS EWING GIBSON,195,3,176,16,0
Marion,,CORONER,,,"ROD ""RUDY"" AIDE",176,0,156,20,0
Marion,Draneville,CORONER,,,"ROD ""RUDY"" AIDE",11,0,8,3,0
Marion,Pineknot,CORONER,,,"ROD ""RUDY"" AIDE",61,0,57,4,0
Marion,Doyle,CORONER,,,"ROD ""RUDY"" AIDE",10,0,10,0,0
Marion,Buena Vista,CORONER,,,"ROD ""RUDY"" AIDE",28,0,19,9,0
Marion,Tazewell,CORONER,,,"ROD ""RUDY"" AIDE",11,0,10,1,0
Marion,Brantley,CORONER,,,"ROD ""RUDY"" AIDE",21,0,18,3,0
Marion,Ft. Perry,CORONER,,,"ROD ""RUDY"" AIDE",34,0,34,0,0
Marion,,"CC, AT LARGE", AT LARGE - R,,STEVE WHITE,180,0,163,17,0
Marion,Draneville,"CC, AT LARGE", AT LARGE - R,,STEVE WHITE,12,0,10,2,0
Marion,Pineknot,"CC, AT LARGE", AT LARGE - R,,STEVE WHITE,63,0,60,3,0
Marion,Doyle,"CC, AT LARGE", AT LARGE - R,,STEVE WHITE,7,0,7,0,0
Marion,Buena Vista,"CC, AT LARGE", AT LARGE - R,,STEVE WHITE,28,0,19,9,0
Marion,Tazewell,"CC, AT LARGE", AT LARGE - R,,STEVE WHITE,12,0,11,1,0
Marion,Brantley,"CC, AT LARGE", AT LARGE - R,,STEVE WHITE,23,0,21,2,0
Marion,Ft. Perry,"CC, AT LARGE", AT LARGE - R,,STEVE WHITE,35,0,35,0,0
Marion,,"CC, AT LARGE", AT LARGE - D,,STEVEN C. YOUNG,1508,103,1086,317,2
Marion,Draneville,"CC, AT LARGE", AT LARGE - D,,STEVEN C. YOUNG,122,7,85,30,0
Marion,Pineknot,"CC, AT LARGE", AT LARGE - D,,STEVEN C. YOUNG,219,4,193,22,0
Marion,Doyle,"CC, AT LARGE", AT LARGE - D,,STEVEN C. YOUNG,92,5,62,25,0
Marion,Buena Vista,"CC, AT LARGE", AT LARGE - D,,STEVEN C. YOUNG,637,77,371,188,1
Marion,Tazewell,"CC, AT LARGE", AT LARGE - D,,STEVEN C. YOUNG,136,1,120,15,0
Marion,Brantley,"CC, AT LARGE", AT LARGE - D,,STEVEN C. YOUNG,133,6,103,23,1
Marion,Ft. Perry,"CC, AT LARGE", AT LARGE - D,,STEVEN C. YOUNG,169,3,152,14,0
Marion,,"CC, D1", D1 - D,,ANTHONY MURRAY,240,24,124,92,0
Marion,Doyle,"CC, D1", D1 - D,,ANTHONY MURRAY,8,3,5,0,0
Marion,Buena Vista,"CC, D1", D1 - D,,ANTHONY MURRAY,220,21,111,88,0
Marion,Brantley,"CC, D1", D1 - D,,ANTHONY MURRAY,12,0,8,4,0
Marion,,"CC, D1", D1 - D,,NORMAN ROYAL,280,46,169,64,1
Marion,Doyle,"CC, D1", D1 - D,,NORMAN ROYAL,4,0,4,0,0
Marion,Buena Vista,"CC, D1", D1 - D,,NORMAN ROYAL,268,43,161,63,1
Marion,Brantley,"CC, D1", D1 - D,,NORMAN ROYAL,8,3,4,1,0
Marion,,"CC, D4", D4 - D,,GEORGE NEAL JR. ,431,48,293,90,0
Marion,Draneville,"CC, D4", D4 - D,,GEORGE NEAL JR. ,118,7,86,25,0
Marion,Doyle,"CC, D4", D4 - D,,GEORGE NEAL JR. ,32,3,22,7,0
Marion,Buena Vista,"CC, D4", D4 - D,,GEORGE NEAL JR. ,281,38,185,58,0
Marion,,Republican Party Question 1<br>Should Georgia have casino gambling with funds going to education?,,REP,YES,133,0,118,15,0
Marion,Draneville,Republican Party Question 1<br>Should Georgia have casino gambling with funds going to education?,,REP,YES,10,0,9,1,0
Marion,Pineknot,Republican Party Question 1<br>Should Georgia have casino gambling with funds going to education?,,REP,YES,51,0,47,4,0
Marion,Doyle,Republican Party Question 1<br>Should Georgia have casino gambling with funds going to education?,,REP,YES,6,0,6,0,0
Marion,Buena Vista,Republican Party Question 1<br>Should Georgia have casino gambling with funds going to education?,,REP,YES,19,0,13,6,0
Marion,Tazewell,Republican Party Question 1<br>Should Georgia have casino gambling with funds going to education?,,REP,YES,6,0,5,1,0
Marion,Brantley,Republican Party Question 1<br>Should Georgia have casino gambling with funds going to education?,,REP,YES,18,0,15,3,0
Marion,Ft. Perry,Republican Party Question 1<br>Should Georgia have casino gambling with funds going to education?,,REP,YES,23,0,23,0,0
Marion,,Republican Party Question 1<br>Should Georgia have casino gambling with funds going to education?,,REP,NO,100,1,89,10,0
Marion,Draneville,Republican Party Question 1<br>Should Georgia have casino gambling with funds going to education?,,REP,NO,9,0,7,2,0
Marion,Pineknot,Republican Party Question 1<br>Should Georgia have casino gambling with funds going to education?,,REP,NO,27,0,27,0,0
Marion,Doyle,Republican Party Question 1<br>Should Georgia have casino gambling with funds going to education?,,REP,NO,7,0,6,1,0
Marion,Buena Vista,Republican Party Question 1<br>Should Georgia have casino gambling with funds going to education?,,REP,NO,22,1,16,5,0
Marion,Tazewell,Republican Party Question 1<br>Should Georgia have casino gambling with funds going to education?,,REP,NO,7,0,7,0,0
Marion,Brantley,Republican Party Question 1<br>Should Georgia have casino gambling with funds going to education?,,REP,NO,8,0,7,1,0
Marion,Ft. Perry,Republican Party Question 1<br>Should Georgia have casino gambling with funds going to education?,,REP,NO,20,0,19,1,0
Marion,,Republican Party Question 2<br>Do you support ending the current practice of unlimited gifts from lobbyists to state legislators by imposing a $100 cap on such gifts?,,REP,YES,178,1,155,22,0
Marion,Draneville,Republican Party Question 2<br>Do you support ending the current practice of unlimited gifts from lobbyists to state legislators by imposing a $100 cap on such gifts?,,REP,YES,13,0,10,3,0
Marion,Pineknot,Republican Party Question 2<br>Do you support ending the current practice of unlimited gifts from lobbyists to state legislators by imposing a $100 cap on such gifts?,,REP,YES,60,0,56,4,0
Marion,Doyle,Republican Party Question 2<br>Do you support ending the current practice of unlimited gifts from lobbyists to state legislators by imposing a $100 cap on such gifts?,,REP,YES,11,0,11,0,0
Marion,Buena Vista,Republican Party Question 2<br>Do you support ending the current practice of unlimited gifts from lobbyists to state legislators by imposing a $100 cap on such gifts?,,REP,YES,29,1,19,9,0
Marion,Tazewell,Republican Party Question 2<br>Do you support ending the current practice of unlimited gifts from lobbyists to state legislators by imposing a $100 cap on such gifts?,,REP,YES,11,0,10,1,0
Marion,Brantley,Republican Party Question 2<br>Do you support ending the current practice of unlimited gifts from lobbyists to state legislators by imposing a $100 cap on such gifts?,,REP,YES,25,0,21,4,0
Marion,Ft. Perry,Republican Party Question 2<br>Do you support ending the current practice of unlimited gifts from lobbyists to state legislators by imposing a $100 cap on such gifts?,,REP,YES,29,0,28,1,0
Marion,,Republican Party Question 2<br>Do you support ending the current practice of unlimited gifts from lobbyists to state legislators by imposing a $100 cap on such gifts?,,REP,NO,46,0,45,1,0
Marion,Draneville,Republican Party Question 2<br>Do you support ending the current practice of unlimited gifts from lobbyists to state legislators by imposing a $100 cap on such gifts?,,REP,NO,6,0,6,0,0
Marion,Pineknot,Republican Party Question 2<br>Do you support ending the current practice of unlimited gifts from lobbyists to state legislators by imposing a $100 cap on such gifts?,,REP,NO,15,0,15,0,0
Marion,Doyle,Republican Party Question 2<br>Do you support ending the current practice of unlimited gifts from lobbyists to state legislators by imposing a $100 cap on such gifts?,,REP,NO,1,0,0,1,0
Marion,Buena Vista,Republican Party Question 2<br>Do you support ending the current practice of unlimited gifts from lobbyists to state legislators by imposing a $100 cap on such gifts?,,REP,NO,9,0,9,0,0
Marion,Tazewell,Republican Party Question 2<br>Do you support ending the current practice of unlimited gifts from lobbyists to state legislators by imposing a $100 cap on such gifts?,,REP,NO,2,0,2,0,0
Marion,Brantley,Republican Party Question 2<br>Do you support ending the current practice of unlimited gifts from lobbyists to state legislators by imposing a $100 cap on such gifts?,,REP,NO,1,0,1,0,0
Marion,Ft. Perry,Republican Party Question 2<br>Do you support ending the current practice of unlimited gifts from lobbyists to state legislators by imposing a $100 cap on such gifts?,,REP,NO,12,0,12,0,0
Marion,,Republican Party Question 3<br>Should active duty military personnel who are under the age of 21 be allowed to obtain a Georgia weapons license?,,REP,YES,139,1,126,12,0
Marion,Draneville,Republican Party Question 3<br>Should active duty military personnel who are under the age of 21 be allowed to obtain a Georgia weapons license?,,REP,YES,11,0,11,0,0
Marion,Pineknot,Republican Party Question 3<br>Should active duty military personnel who are under the age of 21 be allowed to obtain a Georgia weapons license?,,REP,YES,49,0,47,2,0
Marion,Doyle,Republican Party Question 3<br>Should active duty military personnel who are under the age of 21 be allowed to obtain a Georgia weapons license?,,REP,YES,6,0,6,0,0
Marion,Buena Vista,Republican Party Question 3<br>Should active duty military personnel who are under the age of 21 be allowed to obtain a Georgia weapons license?,,REP,YES,26,1,16,9,0
Marion,Tazewell,Republican Party Question 3<br>Should active duty military personnel who are under the age of 21 be allowed to obtain a Georgia weapons license?,,REP,YES,9,0,9,0,0
Marion,Brantley,Republican Party Question 3<br>Should active duty military personnel who are under the age of 21 be allowed to obtain a Georgia weapons license?,,REP,YES,19,0,18,1,0
Marion,Ft. Perry,Republican Party Question 3<br>Should active duty military personnel who are under the age of 21 be allowed to obtain a Georgia weapons license?,,REP,YES,19,0,19,0,0
Marion,,Republican Party Question 3<br>Should active duty military personnel who are under the age of 21 be allowed to obtain a Georgia weapons license?,,REP,NO,92,0,80,12,0
Marion,Draneville,Republican Party Question 3<br>Should active duty military personnel who are under the age of 21 be allowed to obtain a Georgia weapons license?,,REP,NO,8,0,5,3,0
Marion,Pineknot,Republican Party Question 3<br>Should active duty military personnel who are under the age of 21 be allowed to obtain a Georgia weapons license?,,REP,NO,28,0,26,2,0
Marion,Doyle,Republican Party Question 3<br>Should active duty military personnel who are under the age of 21 be allowed to obtain a Georgia weapons license?,,REP,NO,6,0,5,1,0
Marion,Buena Vista,Republican Party Question 3<br>Should active duty military personnel who are under the age of 21 be allowed to obtain a Georgia weapons license?,,REP,NO,14,0,13,1,0
Marion,Tazewell,Republican Party Question 3<br>Should active duty military personnel who are under the age of 21 be allowed to obtain a Georgia weapons license?,,REP,NO,4,0,3,1,0
Marion,Brantley,Republican Party Question 3<br>Should active duty military personnel who are under the age of 21 be allowed to obtain a Georgia weapons license?,,REP,NO,9,0,6,3,0
Marion,Ft. Perry,Republican Party Question 3<br>Should active duty military personnel who are under the age of 21 be allowed to obtain a Georgia weapons license?,,REP,NO,23,0,22,1,0
Marion,,Republican Party Question 4<br>Should Citizens who wish to vote in a primary election be required to register by their political party affiliation at least thirty (30) days prior to such primary election?,,REP,YES,143,1,122,20,0
Marion,Draneville,Republican Party Question 4<br>Should Citizens who wish to vote in a primary election be required to register by their political party affiliation at least thirty (30) days prior to such primary election?,,REP,YES,14,0,11,3,0
Marion,Pineknot,Republican Party Question 4<br>Should Citizens who wish to vote in a primary election be required to register by their political party affiliation at least thirty (30) days prior to such primary election?,,REP,YES,50,0,47,3,0
Marion,Doyle,Republican Party Question 4<br>Should Citizens who wish to vote in a primary election be required to register by their political party affiliation at least thirty (30) days prior to such primary election?,,REP,YES,10,0,9,1,0
Marion,Buena Vista,Republican Party Question 4<br>Should Citizens who wish to vote in a primary election be required to register by their political party affiliation at least thirty (30) days prior to such primary election?,,REP,YES,23,1,12,10,0
Marion,Tazewell,Republican Party Question 4<br>Should Citizens who wish to vote in a primary election be required to register by their political party affiliation at least thirty (30) days prior to such primary election?,,REP,YES,8,0,7,1,0
Marion,Brantley,Republican Party Question 4<br>Should Citizens who wish to vote in a primary election be required to register by their political party affiliation at least thirty (30) days prior to such primary election?,,REP,YES,13,0,12,1,0
Marion,Ft. Perry,Republican Party Question 4<br>Should Citizens who wish to vote in a primary election be required to register by their political party affiliation at least thirty (30) days prior to such primary election?,,REP,YES,25,0,24,1,0
Marion,,Republican Party Question 4<br>Should Citizens who wish to vote in a primary election be required to register by their political party affiliation at least thirty (30) days prior to such primary election?,,REP,NO,88,0,84,4,0
Marion,Draneville,Republican Party Question 4<br>Should Citizens who wish to vote in a primary election be required to register by their political party affiliation at least thirty (30) days prior to such primary election?,,REP,NO,5,0,5,0,0
Marion,Pineknot,Republican Party Question 4<br>Should Citizens who wish to vote in a primary election be required to register by their political party affiliation at least thirty (30) days prior to such primary election?,,REP,NO,28,0,27,1,0
Marion,Doyle,Republican Party Question 4<br>Should Citizens who wish to vote in a primary election be required to register by their political party affiliation at least thirty (30) days prior to such primary election?,,REP,NO,2,0,2,0,0
Marion,Buena Vista,Republican Party Question 4<br>Should Citizens who wish to vote in a primary election be required to register by their political party affiliation at least thirty (30) days prior to such primary election?,,REP,NO,17,0,17,0,0
Marion,Tazewell,Republican Party Question 4<br>Should Citizens who wish to vote in a primary election be required to register by their political party affiliation at least thirty (30) days prior to such primary election?,,REP,NO,5,0,5,0,0
Marion,Brantley,Republican Party Question 4<br>Should Citizens who wish to vote in a primary election be required to register by their political party affiliation at least thirty (30) days prior to such primary election?,,REP,NO,14,0,11,3,0
Marion,Ft. Perry,Republican Party Question 4<br>Should Citizens who wish to vote in a primary election be required to register by their political party affiliation at least thirty (30) days prior to such primary election?,,REP,NO,17,0,17,0,0
Marion,,Republican Party Question 5 <br>Life Amendment Question,,REP,YES,155,1,137,17,0
Marion,Draneville,Republican Party Question 5 <br>Life Amendment Question,,REP,YES,15,0,13,2,0
Marion,Pineknot,Republican Party Question 5 <br>Life Amendment Question,,REP,YES,55,0,52,3,0
Marion,Doyle,Republican Party Question 5 <br>Life Amendment Question,,REP,YES,9,0,8,1,0
Marion,Buena Vista,Republican Party Question 5 <br>Life Amendment Question,,REP,YES,25,1,18,6,0
Marion,Tazewell,Republican Party Question 5 <br>Life Amendment Question,,REP,YES,7,0,6,1,0
Marion,Brantley,Republican Party Question 5 <br>Life Amendment Question,,REP,YES,17,0,14,3,0
Marion,Ft. Perry,Republican Party Question 5 <br>Life Amendment Question,,REP,YES,27,0,26,1,0
Marion,,Republican Party Question 5 <br>Life Amendment Question,,REP,NO,71,0,65,6,0
Marion,Draneville,Republican Party Question 5 <br>Life Amendment Question,,REP,NO,3,0,2,1,0
Marion,Pineknot,Republican Party Question 5 <br>Life Amendment Question,,REP,NO,21,0,20,1,0
Marion,Doyle,Republican Party Question 5 <br>Life Amendment Question,,REP,NO,3,0,3,0,0
Marion,Buena Vista,Republican Party Question 5 <br>Life Amendment Question,,REP,NO,13,0,10,3,0
Marion,Tazewell,Republican Party Question 5 <br>Life Amendment Question,,REP,NO,6,0,6,0,0
Marion,Brantley,Republican Party Question 5 <br>Life Amendment Question,,REP,NO,10,0,9,1,0
Marion,Ft. Perry,Republican Party Question 5 <br>Life Amendment Question,,REP,NO,15,0,15,0,0
Marion,,Democratic Party Question 1<br>Should the Georgia Constitution be amended to allow the state to override locally-elected school boards’ decisions when it comes to the creation of charter schools in your county or city?,,DEM,YES,793,73,564,156,0
Marion,Draneville,Democratic Party Question 1<br>Should the Georgia Constitution be amended to allow the state to override locally-elected school boards’ decisions when it comes to the creation of charter schools in your county or city?,,DEM,YES,68,9,47,12,0
Marion,Pineknot,Democratic Party Question 1<br>Should the Georgia Constitution be amended to allow the state to override locally-elected school boards’ decisions when it comes to the creation of charter schools in your county or city?,,DEM,YES,100,1,92,7,0
Marion,Doyle,Democratic Party Question 1<br>Should the Georgia Constitution be amended to allow the state to override locally-elected school boards’ decisions when it comes to the creation of charter schools in your county or city?,,DEM,YES,31,3,18,10,0
Marion,Buena Vista,Democratic Party Question 1<br>Should the Georgia Constitution be amended to allow the state to override locally-elected school boards’ decisions when it comes to the creation of charter schools in your county or city?,,DEM,YES,398,50,241,107,0
Marion,Tazewell,Democratic Party Question 1<br>Should the Georgia Constitution be amended to allow the state to override locally-elected school boards’ decisions when it comes to the creation of charter schools in your county or city?,,DEM,YES,53,1,46,6,0
Marion,Brantley,Democratic Party Question 1<br>Should the Georgia Constitution be amended to allow the state to override locally-elected school boards’ decisions when it comes to the creation of charter schools in your county or city?,,DEM,YES,57,6,41,10,0
Marion,Ft. Perry,Democratic Party Question 1<br>Should the Georgia Constitution be amended to allow the state to override locally-elected school boards’ decisions when it comes to the creation of charter schools in your county or city?,,DEM,YES,86,3,79,4,0
Marion,,Democratic Party Question 1<br>Should the Georgia Constitution be amended to allow the state to override locally-elected school boards’ decisions when it comes to the creation of charter schools in your county or city?,,DEM,NO,1077,60,802,214,1
Marion,Draneville,Democratic Party Question 1<br>Should the Georgia Constitution be amended to allow the state to override locally-elected school boards’ decisions when it comes to the creation of charter schools in your county or city?,,DEM,NO,85,1,66,18,0
Marion,Pineknot,Democratic Party Question 1<br>Should the Georgia Constitution be amended to allow the state to override locally-elected school boards’ decisions when it comes to the creation of charter schools in your county or city?,,DEM,NO,183,5,160,18,0
Marion,Doyle,Democratic Party Question 1<br>Should the Georgia Constitution be amended to allow the state to override locally-elected school boards’ decisions when it comes to the creation of charter schools in your county or city?,,DEM,NO,77,6,54,17,0
Marion,Buena Vista,Democratic Party Question 1<br>Should the Georgia Constitution be amended to allow the state to override locally-elected school boards’ decisions when it comes to the creation of charter schools in your county or city?,,DEM,NO,407,40,246,120,1
Marion,Tazewell,Democratic Party Question 1<br>Should the Georgia Constitution be amended to allow the state to override locally-elected school boards’ decisions when it comes to the creation of charter schools in your county or city?,,DEM,NO,104,2,90,12,0
Marion,Brantley,Democratic Party Question 1<br>Should the Georgia Constitution be amended to allow the state to override locally-elected school boards’ decisions when it comes to the creation of charter schools in your county or city?,,DEM,NO,93,3,71,19,0
Marion,Ft. Perry,Democratic Party Question 1<br>Should the Georgia Constitution be amended to allow the state to override locally-elected school boards’ decisions when it comes to the creation of charter schools in your county or city?,,DEM,NO,128,3,115,10,0
Marion,,Democratic Party Question 2<br>Do you support ending current practice permitting unlimited gifts from lobbyists to state legislators?,,DEM,YES,1319,94,961,264,0
Marion,Draneville,Democratic Party Question 2<br>Do you support ending current practice permitting unlimited gifts from lobbyists to state legislators?,,DEM,YES,111,8,78,25,0
Marion,Pineknot,Democratic Party Question 2<br>Do you support ending current practice permitting unlimited gifts from lobbyists to state legislators?,,DEM,YES,219,5,193,21,0
Marion,Doyle,Democratic Party Question 2<br>Do you support ending current practice permitting unlimited gifts from lobbyists to state legislators?,,DEM,YES,74,5,50,19,0
Marion,Buena Vista,Democratic Party Question 2<br>Do you support ending current practice permitting unlimited gifts from lobbyists to state legislators?,,DEM,YES,502,56,291,155,0
Marion,Tazewell,Democratic Party Question 2<br>Do you support ending current practice permitting unlimited gifts from lobbyists to state legislators?,,DEM,YES,111,3,97,11,0
Marion,Brantley,Democratic Party Question 2<br>Do you support ending current practice permitting unlimited gifts from lobbyists to state legislators?,,DEM,YES,134,11,100,23,0
Marion,Ft. Perry,Democratic Party Question 2<br>Do you support ending current practice permitting unlimited gifts from lobbyists to state legislators?,,DEM,YES,168,6,152,10,0
Marion,,Democratic Party Question 2<br>Do you support ending current practice permitting unlimited gifts from lobbyists to state legislators?,,DEM,NO,570,37,420,112,1
Marion,Draneville,Democratic Party Question 2<br>Do you support ending current practice permitting unlimited gifts from lobbyists to state legislators?,,DEM,NO,40,0,33,7,0
Marion,Pineknot,Democratic Party Question 2<br>Do you support ending current practice permitting unlimited gifts from lobbyists to state legislators?,,DEM,NO,71,2,64,5,0
Marion,Doyle,Democratic Party Question 2<br>Do you support ending current practice permitting unlimited gifts from lobbyists to state legislators?,,DEM,NO,37,4,26,7,0
Marion,Buena Vista,Democratic Party Question 2<br>Do you support ending current practice permitting unlimited gifts from lobbyists to state legislators?,,DEM,NO,300,30,194,75,1
Marion,Tazewell,Democratic Party Question 2<br>Do you support ending current practice permitting unlimited gifts from lobbyists to state legislators?,,DEM,NO,46,0,39,7,0
Marion,Brantley,Democratic Party Question 2<br>Do you support ending current practice permitting unlimited gifts from lobbyists to state legislators?,,DEM,NO,26,1,19,6,0
Marion,Ft. Perry,Democratic Party Question 2<br>Do you support ending current practice permitting unlimited gifts from lobbyists to state legislators?,,DEM,NO,50,0,45,5,0
Marion,,Democratic Party Question 3<br>Should Georgia adopt an income tax credit for home energy costs to support the economic security of our families?,,DEM,YES,1474,124,1064,286,0
Marion,Draneville,Democratic Party Question 3<br>Should Georgia adopt an income tax credit for home energy costs to support the economic security of our families?,,DEM,YES,109,9,78,22,0
Marion,Pineknot,Democratic Party Question 3<br>Should Georgia adopt an income tax credit for home energy costs to support the economic security of our families?,,DEM,YES,220,4,199,17,0
Marion,Doyle,Democratic Party Question 3<br>Should Georgia adopt an income tax credit for home energy costs to support the economic security of our families?,,DEM,YES,79,8,53,18,0
Marion,Buena Vista,Democratic Party Question 3<br>Should Georgia adopt an income tax credit for home energy costs to support the economic security of our families?,,DEM,YES,680,89,411,180,0
Marion,Tazewell,Democratic Party Question 3<br>Should Georgia adopt an income tax credit for home energy costs to support the economic security of our families?,,DEM,YES,110,2,94,14,0
Marion,Brantley,Democratic Party Question 3<br>Should Georgia adopt an income tax credit for home energy costs to support the economic security of our families?,,DEM,YES,115,10,83,22,0
Marion,Ft. Perry,Democratic Party Question 3<br>Should Georgia adopt an income tax credit for home energy costs to support the economic security of our families?,,DEM,YES,161,2,146,13,0
Marion,,Democratic Party Question 3<br>Should Georgia adopt an income tax credit for home energy costs to support the economic security of our families?,,DEM,NO,464,20,345,98,1
Marion,Draneville,Democratic Party Question 3<br>Should Georgia adopt an income tax credit for home energy costs to support the economic security of our families?,,DEM,NO,51,1,39,11,0
Marion,Pineknot,Democratic Party Question 3<br>Should Georgia adopt an income tax credit for home energy costs to support the economic security of our families?,,DEM,NO,77,3,65,9,0
Marion,Doyle,Democratic Party Question 3<br>Should Georgia adopt an income tax credit for home energy costs to support the economic security of our families?,,DEM,NO,29,1,19,9,0
Marion,Buena Vista,Democratic Party Question 3<br>Should Georgia adopt an income tax credit for home energy costs to support the economic security of our families?,,DEM,NO,156,9,91,55,1
Marion,Tazewell,Democratic Party Question 3<br>Should Georgia adopt an income tax credit for home energy costs to support the economic security of our families?,,DEM,NO,51,1,46,4,0
Marion,Brantley,Democratic Party Question 3<br>Should Georgia adopt an income tax credit for home energy costs to support the economic security of our families?,,DEM,NO,41,1,34,6,0
Marion,Ft. Perry,Democratic Party Question 3<br>Should Georgia adopt an income tax credit for home energy costs to support the economic security of our families?,,DEM,NO,59,4,51,4,0
Marion,,Democratic Party Question 4 <br>Should Georgia reduce sales taxes on Made in Georgia products so as to support the growth of small businesses in our state?,,DEM,YES,1762,125,1289,348,0
Marion,Draneville,Democratic Party Question 4 <br>Should Georgia reduce sales taxes on Made in Georgia products so as to support the growth of small businesses in our state?,,DEM,YES,141,7,103,31,0
Marion,Pineknot,Democratic Party Question 4 <br>Should Georgia reduce sales taxes on Made in Georgia products so as to support the growth of small businesses in our state?,,DEM,YES,268,7,240,21,0
Marion,Doyle,Democratic Party Question 4 <br>Should Georgia reduce sales taxes on Made in Georgia products so as to support the growth of small businesses in our state?,,DEM,YES,98,7,68,23,0
Marion,Buena Vista,Democratic Party Question 4 <br>Should Georgia reduce sales taxes on Made in Georgia products so as to support the growth of small businesses in our state?,,DEM,YES,748,83,451,214,0
Marion,Tazewell,Democratic Party Question 4 <br>Should Georgia reduce sales taxes on Made in Georgia products so as to support the growth of small businesses in our state?,,DEM,YES,143,3,124,16,0
Marion,Brantley,Democratic Party Question 4 <br>Should Georgia reduce sales taxes on Made in Georgia products so as to support the growth of small businesses in our state?,,DEM,YES,151,12,113,26,0
Marion,Ft. Perry,Democratic Party Question 4 <br>Should Georgia reduce sales taxes on Made in Georgia products so as to support the growth of small businesses in our state?,,DEM,YES,213,6,190,17,0
Marion,,Democratic Party Question 4 <br>Should Georgia reduce sales taxes on Made in Georgia products so as to support the growth of small businesses in our state?,,DEM,NO,212,10,158,43,1
Marion,Draneville,Democratic Party Question 4 <br>Should Georgia reduce sales taxes on Made in Georgia products so as to support the growth of small businesses in our state?,,DEM,NO,20,1,16,3,0
Marion,Pineknot,Democratic Party Question 4 <br>Should Georgia reduce sales taxes on Made in Georgia products so as to support the growth of small businesses in our state?,,DEM,NO,31,0,26,5,0
Marion,Doyle,Democratic Party Question 4 <br>Should Georgia reduce sales taxes on Made in Georgia products so as to support the growth of small businesses in our state?,,DEM,NO,18,2,12,4,0
Marion,Buena Vista,Democratic Party Question 4 <br>Should Georgia reduce sales taxes on Made in Georgia products so as to support the growth of small businesses in our state?,,DEM,NO,86,7,53,25,1
Marion,Tazewell,Democratic Party Question 4 <br>Should Georgia reduce sales taxes on Made in Georgia products so as to support the growth of small businesses in our state?,,DEM,NO,24,0,22,2,0
Marion,Brantley,Democratic Party Question 4 <br>Should Georgia reduce sales taxes on Made in Georgia products so as to support the growth of small businesses in our state?,,DEM,NO,16,0,12,4,0
Marion,Ft. Perry,Democratic Party Question 4 <br>Should Georgia reduce sales taxes on Made in Georgia products so as to support the growth of small businesses in our state?,,DEM,NO,17,0,17,0,0
Marion,,Supreme Court Justice, Hunstein,,CAROL HUNSTEIN ,1595,94,1195,305,1
Marion,Draneville,Supreme Court Justice, Hunstein,,CAROL HUNSTEIN ,122,7,90,25,0
Marion,Pineknot,Supreme Court Justice, Hunstein,,CAROL HUNSTEIN ,273,4,244,25,0
Marion,Doyle,Supreme Court Justice, Hunstein,,CAROL HUNSTEIN ,80,5,53,22,0
Marion,Buena Vista,Supreme Court Justice, Hunstein,,CAROL HUNSTEIN ,673,72,416,184,1
Marion,Tazewell,Supreme Court Justice, Hunstein,,CAROL HUNSTEIN ,121,2,105,14,0
Marion,Brantley,Supreme Court Justice, Hunstein,,CAROL HUNSTEIN ,124,1,101,22,0
Marion,Ft. Perry,Supreme Court Justice, Hunstein,,CAROL HUNSTEIN ,202,3,186,13,0
Marion,,Supreme Court Justice, Hunstein,,Write-in,6,1,5,0,0
Marion,Draneville,Supreme Court Justice, Hunstein,,Write-in,0,0,0,0,0
Marion,Pineknot,Supreme Court Justice, Hunstein,,Write-in,4,0,4,0,0
Marion,Doyle,Supreme Court Justice, Hunstein,,Write-in,0,0,0,0,0
Marion,Buena Vista,Supreme Court Justice, Hunstein,,Write-in,1,1,0,0,0
Marion,Tazewell,Supreme Court Justice, Hunstein,,Write-in,0,0,0,0,0
Marion,Brantley,Supreme Court Justice, Hunstein,,Write-in,0,0,0,0,0
Marion,Ft. Perry,Supreme Court Justice, Hunstein,,Write-in,1,0,1,0,0
Marion,,Supreme Court Justice, Melton,,HAROLD D. MELTON ,1567,92,1179,295,1
Marion,Draneville,Supreme Court Justice, Melton,,HAROLD D. MELTON ,119,7,89,23,0
Marion,Pineknot,Supreme Court Justice, Melton,,HAROLD D. MELTON ,272,4,243,25,0
Marion,Doyle,Supreme Court Justice, Melton,,HAROLD D. MELTON ,76,4,53,19,0
Marion,Buena Vista,Supreme Court Justice, Melton,,HAROLD D. MELTON ,662,71,408,182,1
Marion,Tazewell,Supreme Court Justice, Melton,,HAROLD D. MELTON ,119,2,105,12,0
Marion,Brantley,Supreme Court Justice, Melton,,HAROLD D. MELTON ,120,1,98,21,0
Marion,Ft. Perry,Supreme Court Justice, Melton,,HAROLD D. MELTON ,199,3,183,13,0
Marion,,Supreme Court Justice, Melton,,Write-in,1,0,1,0,0
Marion,Draneville,Supreme Court Justice, Melton,,Write-in,0,0,0,0,0
Marion,Pineknot,Supreme Court Justice, Melton,,Write-in,0,0,0,0,0
Marion,Doyle,Supreme Court Justice, Melton,,Write-in,0,0,0,0,0
Marion,Buena Vista,Supreme Court Justice, Melton,,Write-in,0,0,0,0,0
Marion,Tazewell,Supreme Court Justice, Melton,,Write-in,0,0,0,0,0
Marion,Brantley,Supreme Court Justice, Melton,,Write-in,0,0,0,0,0
Marion,Ft. Perry,Supreme Court Justice, Melton,,Write-in,1,0,1,0,0
Marion,,Supreme Court Justice, Thompson,,HUGH P. THOMPSON ,1578,95,1188,294,1
Marion,Draneville,Supreme Court Justice, Thompson,,HUGH P. THOMPSON ,121,7,91,23,0
Marion,Pineknot,Supreme Court Justice, Thompson,,HUGH P. THOMPSON ,269,4,240,25,0
Marion,Doyle,Supreme Court Justice, Thompson,,HUGH P. THOMPSON ,75,6,50,19,0
Marion,Buena Vista,Supreme Court Justice, Thompson,,HUGH P. THOMPSON ,669,72,415,181,1
Marion,Tazewell,Supreme Court Justice, Thompson,,HUGH P. THOMPSON ,118,2,105,11,0
Marion,Brantley,Supreme Court Justice, Thompson,,HUGH P. THOMPSON ,122,1,99,22,0
Marion,Ft. Perry,Supreme Court Justice, Thompson,,HUGH P. THOMPSON ,204,3,188,13,0
Marion,,Supreme Court Justice, Thompson,,Write-in,1,0,1,0,0
Marion,Draneville,Supreme Court Justice, Thompson,,Write-in,0,0,0,0,0
Marion,Pineknot,Supreme Court Justice, Thompson,,Write-in,0,0,0,0,0
Marion,Doyle,Supreme Court Justice, Thompson,,Write-in,0,0,0,0,0
Marion,Buena Vista,Supreme Court Justice, Thompson,,Write-in,0,0,0,0,0
Marion,Tazewell,Supreme Court Justice, Thompson,,Write-in,1,0,1,0,0
Marion,Brantley,Supreme Court Justice, Thompson,,Write-in,0,0,0,0,0
Marion,Ft. Perry,Supreme Court Justice, Thompson,,Write-in,0,0,0,0,0
Marion,,Appeals Court Judge, Boggs,,MICHAEL P. BOGGS ,1527,89,1155,282,1
Marion,Draneville,Appeals Court Judge, Boggs,,MICHAEL P. BOGGS ,121,7,91,23,0
Marion,Pineknot,Appeals Court Judge, Boggs,,MICHAEL P. BOGGS ,261,4,233,24,0
Marion,Doyle,Appeals Court Judge, Boggs,,MICHAEL P. BOGGS ,77,4,53,20,0
Marion,Buena Vista,Appeals Court Judge, Boggs,,MICHAEL P. BOGGS ,638,68,401,168,1
Marion,Tazewell,Appeals Court Judge, Boggs,,MICHAEL P. BOGGS ,116,2,101,13,0
Marion,Brantley,Appeals Court Judge, Boggs,,MICHAEL P. BOGGS ,117,1,95,21,0
Marion,Ft. Perry,Appeals Court Judge, Boggs,,MICHAEL P. BOGGS ,197,3,181,13,0
Marion,,Appeals Court Judge, Boggs,,Write-in,3,0,2,1,0
Marion,Draneville,Appeals Court Judge, Boggs,,Write-in,0,0,0,0,0
Marion,Pineknot,Appeals Court Judge, Boggs,,Write-in,0,0,0,0,0
Marion,Doyle,Appeals Court Judge, Boggs,,Write-in,0,0,0,0,0
Marion,Buena Vista,Appeals Court Judge, Boggs,,Write-in,0,0,0,0,0
Marion,Tazewell,Appeals Court Judge, Boggs,,Write-in,0,0,0,0,0
Marion,Brantley,Appeals Court Judge, Boggs,,Write-in,1,0,1,0,0
Marion,Ft. Perry,Appeals Court Judge, Boggs,,Write-in,2,0,1,1,0
Marion,,Appeals Court Judge, Dillard,,STEPHEN DILLARD ,1553,90,1170,292,1
Marion,Draneville,Appeals Court Judge, Dillard,,STEPHEN DILLARD ,115,7,85,23,0
Marion,Pineknot,Appeals Court Judge, Dillard,,STEPHEN DILLARD ,266,3,238,25,0
Marion,Doyle,Appeals Court Judge, Dillard,,STEPHEN DILLARD ,77,4,52,21,0
Marion,Buena Vista,Appeals Court Judge, Dillard,,STEPHEN DILLARD ,661,70,413,177,1
Marion,Tazewell,Appeals Court Judge, Dillard,,STEPHEN DILLARD ,116,2,101,13,0
Marion,Brantley,Appeals Court Judge, Dillard,,STEPHEN DILLARD ,117,1,96,20,0
Marion,Ft. Perry,Appeals Court Judge, Dillard,,STEPHEN DILLARD ,201,3,185,13,0
Marion,,Appeals Court Judge, Dillard,,Write-in,2,0,1,1,0
Marion,Draneville,Appeals Court Judge, Dillard,,Write-in,0,0,0,0,0
Marion,Pineknot,Appeals Court Judge, Dillard,,Write-in,0,0,0,0,0
Marion,Doyle,Appeals Court Judge, Dillard,,Write-in,0,0,0,0,0
Marion,Buena Vista,Appeals Court Judge, Dillard,,Write-in,0,0,0,0,0
Marion,Tazewell,Appeals Court Judge, Dillard,,Write-in,0,0,0,0,0
Marion,Brantley,Appeals Court Judge, Dillard,,Write-in,1,0,1,0,0
Marion,Ft. Perry,Appeals Court Judge, Dillard,,Write-in,1,0,0,1,0
Marion,,Appeals Court Judge, Ellington,,JOHN ELLINGTON ,1532,90,1155,286,1
Marion,Draneville,Appeals Court Judge, Ellington,,JOHN ELLINGTON ,119,6,88,25,0
Marion,Pineknot,Appeals Court Judge, Ellington,,JOHN ELLINGTON ,269,4,241,24,0
Marion,Doyle,Appeals Court Judge, Ellington,,JOHN ELLINGTON ,78,4,52,22,0
Marion,Buena Vista,Appeals Court Judge, Ellington,,JOHN ELLINGTON ,635,70,396,168,1
Marion,Tazewell,Appeals Court Judge, Ellington,,JOHN ELLINGTON ,115,2,100,13,0
Marion,Brantley,Appeals Court Judge, Ellington,,JOHN ELLINGTON ,115,1,94,20,0
Marion,Ft. Perry,Appeals Court Judge, Ellington,,JOHN ELLINGTON ,201,3,184,14,0
Marion,,Appeals Court Judge, Ellington,,Write-in,2,0,2,0,0
Marion,Draneville,Appeals Court Judge, Ellington,,Write-in,0,0,0,0,0
Marion,Pineknot,Appeals Court Judge, Ellington,,Write-in,0,0,0,0,0
Marion,Doyle,Appeals Court Judge, Ellington,,Write-in,0,0,0,0,0
Marion,Buena Vista,Appeals Court Judge, Ellington,,Write-in,0,0,0,0,0
Marion,Tazewell,Appeals Court Judge, Ellington,,Write-in,0,0,0,0,0
Marion,Brantley,Appeals Court Judge, Ellington,,Write-in,1,0,1,0,0
Marion,Ft. Perry,Appeals Court Judge, Ellington,,Write-in,1,0,1,0,0
Marion,,Appeals Court Judge, Miller,,M. YVETTE MILLER ,1544,95,1159,289,1
Marion,Draneville,Appeals Court Judge, Miller,,M. YVETTE MILLER ,117,7,87,23,0
Marion,Pineknot,Appeals Court Judge, Miller,,M. YVETTE MILLER ,262,4,233,25,0
Marion,Doyle,Appeals Court Judge, Miller,,M. YVETTE MILLER ,78,7,52,19,0
Marion,Buena Vista,Appeals Court Judge, Miller,,M. YVETTE MILLER ,661,71,414,175,1
Marion,Tazewell,Appeals Court Judge, Miller,,M. YVETTE MILLER ,115,2,101,12,0
Marion,Brantley,Appeals Court Judge, Miller,,M. YVETTE MILLER ,112,1,91,20,0
Marion,Ft. Perry,Appeals Court Judge, Miller,,M. YVETTE MILLER ,199,3,181,15,0
Marion,,Appeals Court Judge, Miller,,Write-in,2,1,1,0,0
Marion,Draneville,Appeals Court Judge, Miller,,Write-in,0,0,0,0,0
Marion,Pineknot,Appeals Court Judge, Miller,,Write-in,0,0,0,0,0
Marion,Doyle,Appeals Court Judge, Miller,,Write-in,0,0,0,0,0
Marion,Buena Vista,Appeals Court Judge, Miller,,Write-in,1,1,0,0,0
Marion,Tazewell,Appeals Court Judge, Miller,,Write-in,0,0,0,0,0
Marion,Brantley,Appeals Court Judge, Miller,,Write-in,1,0,1,0,0
Marion,Ft. Perry,Appeals Court Judge, Miller,,Write-in,0,0,0,0,0
Marion,,Appeals Court Judge, Phipps,,HERBERT PHIPPS ,1523,90,1152,280,1
Marion,Draneville,Appeals Court Judge, Phipps,,HERBERT PHIPPS ,118,7,89,22,0
Marion,Pineknot,Appeals Court Judge, Phipps,,HERBERT PHIPPS ,264,4,236,24,0
Marion,Doyle,Appeals Court Judge, Phipps,,HERBERT PHIPPS ,76,4,53,19,0
Marion,Buena Vista,Appeals Court Judge, Phipps,,HERBERT PHIPPS ,641,69,400,171,1
Marion,Tazewell,Appeals Court Judge, Phipps,,HERBERT PHIPPS ,116,2,102,12,0
Marion,Brantley,Appeals Court Judge, Phipps,,HERBERT PHIPPS ,114,1,93,20,0
Marion,Ft. Perry,Appeals Court Judge, Phipps,,HERBERT PHIPPS ,194,3,179,12,0
Marion,,Appeals Court Judge, Phipps,,Write-in,2,0,2,0,0
Marion,Draneville,Appeals Court Judge, Phipps,,Write-in,0,0,0,0,0
Marion,Pineknot,Appeals Court Judge, Phipps,,Write-in,0,0,0,0,0
Marion,Doyle,Appeals Court Judge, Phipps,,Write-in,0,0,0,0,0
Marion,Buena Vista,Appeals Court Judge, Phipps,,Write-in,0,0,0,0,0
Marion,Tazewell,Appeals Court Judge, Phipps,,Write-in,0,0,0,0,0
Marion,Brantley,Appeals Court Judge, Phipps,,Write-in,1,0,1,0,0
Marion,Ft. Perry,Appeals Court Judge, Phipps,,Write-in,1,0,1,0,0
Marion,,Superior Court Judge, Chattahoochee Circuit (Allen),,JOHN D. ALLEN ,1625,102,1208,314,1
Marion,Draneville,Superior Court Judge, Chattahoochee Circuit (Allen),,JOHN D. ALLEN ,130,7,97,26,0
Marion,Pineknot,Superior Court Judge, Chattahoochee Circuit (Allen),,JOHN D. ALLEN ,275,4,245,26,0
Marion,Doyle,Superior Court Judge, Chattahoochee Circuit (Allen),,JOHN D. ALLEN ,78,4,52,22,0
Marion,Buena Vista,Superior Court Judge, Chattahoochee Circuit (Allen),,JOHN D. ALLEN ,686,75,421,189,1
Marion,Tazewell,Superior Court Judge, Chattahoochee Circuit (Allen),,JOHN D. ALLEN ,122,2,104,16,0
Marion,Brantley,Superior Court Judge, Chattahoochee Circuit (Allen),,JOHN D. ALLEN ,123,6,95,22,0
Marion,Ft. Perry,Superior Court Judge, Chattahoochee Circuit (Allen),,JOHN D. ALLEN ,211,4,194,13,0
Marion,,Superior Court Judge, Chattahoochee Circuit (Allen),,Write-in,2,0,1,1,0
Marion,Draneville,Superior Court Judge, Chattahoochee Circuit (Allen),,Write-in,0,0,0,0,0
Marion,Pineknot,Superior Court Judge, Chattahoochee Circuit (Allen),,Write-in,0,0,0,0,0
Marion,Doyle,Superior Court Judge, Chattahoochee Circuit (Allen),,Write-in,0,0,0,0,0
Marion,Buena Vista,Superior Court Judge, Chattahoochee Circuit (Allen),,Write-in,0,0,0,0,0
Marion,Tazewell,Superior Court Judge, Chattahoochee Circuit (Allen),,Write-in,0,0,0,0,0
Marion,Brantley,Superior Court Judge, Chattahoochee Circuit (Allen),,Write-in,1,0,1,0,0
Marion,Ft. Perry,Superior Court Judge, Chattahoochee Circuit (Allen),,Write-in,1,0,0,1,0
Marion,,Superior Court Judge, Chattahoochee Circuit (McBride),,GIL MCBRIDE ,1555,95,1167,292,1
Marion,Draneville,Superior Court Judge, Chattahoochee Circuit (McBride),,GIL MCBRIDE ,120,7,89,24,0
Marion,Pineknot,Superior Court Judge, Chattahoochee Circuit (McBride),,GIL MCBRIDE ,271,4,242,25,0
Marion,Doyle,Superior Court Judge, Chattahoochee Circuit (McBride),,GIL MCBRIDE ,81,4,54,23,0
Marion,Buena Vista,Superior Court Judge, Chattahoochee Circuit (McBride),,GIL MCBRIDE ,646,73,398,174,1
Marion,Tazewell,Superior Court Judge, Chattahoochee Circuit (McBride),,GIL MCBRIDE ,118,2,103,13,0
Marion,Brantley,Superior Court Judge, Chattahoochee Circuit (McBride),,GIL MCBRIDE ,116,1,94,21,0
Marion,Ft. Perry,Superior Court Judge, Chattahoochee Circuit (McBride),,GIL MCBRIDE ,203,4,187,12,0
Marion,,Superior Court Judge, Chattahoochee Circuit (McBride),,Write-in,1,0,0,1,0
Marion,Draneville,Superior Court Judge, Chattahoochee Circuit (McBride),,Write-in,0,0,0,0,0
Marion,Pineknot,Superior Court Judge, Chattahoochee Circuit (McBride),,Write-in,0,0,0,0,0
Marion,Doyle,Superior Court Judge, Chattahoochee Circuit (McBride),,Write-in,0,0,0,0,0
Marion,Buena Vista,Superior Court Judge, Chattahoochee Circuit (McBride),,Write-in,0,0,0,0,0
Marion,Tazewell,Superior Court Judge, Chattahoochee Circuit (McBride),,Write-in,0,0,0,0,0
Marion,Brantley,Superior Court Judge, Chattahoochee Circuit (McBride),,Write-in,0,0,0,0,0
Marion,Ft. Perry,Superior Court Judge, Chattahoochee Circuit (McBride),,Write-in,1,0,0,1,0
Marion,,Superior Court Judge, Chattahoochee Circuit (Peters),,BOBBY G. PETERS ,1693,108,1256,328,1
Marion,Draneville,Superior Court Judge, Chattahoochee Circuit (Peters),,BOBBY G. PETERS ,127,7,94,26,0
Marion,Pineknot,Superior Court Judge, Chattahoochee Circuit (Peters),,BOBBY G. PETERS ,287,4,260,23,0
Marion,Doyle,Superior Court Judge, Chattahoochee Circuit (Peters),,BOBBY G. PETERS ,91,6,60,25,0
Marion,Buena Vista,Superior Court Judge, Chattahoochee Circuit (Peters),,BOBBY G. PETERS ,708,78,426,203,1
Marion,Tazewell,Superior Court Judge, Chattahoochee Circuit (Peters),,BOBBY G. PETERS ,126,2,110,14,0
Marion,Brantley,Superior Court Judge, Chattahoochee Circuit (Peters),,BOBBY G. PETERS ,135,7,106,22,0
Marion,Ft. Perry,Superior Court Judge, Chattahoochee Circuit (Peters),,BOBBY G. PETERS ,219,4,200,15,0
Marion,,Superior Court Judge, Chattahoochee Circuit (Peters),,Write-in,2,0,2,0,0
Marion,Draneville,Superior Court Judge, Chattahoochee Circuit (Peters),,Write-in,0,0,0,0,0
Marion,Pineknot,Superior Court Judge, Chattahoochee Circuit (Peters),,Write-in,0,0,0,0,0
Marion,Doyle,Superior Court Judge, Chattahoochee Circuit (Peters),,Write-in,0,0,0,0,0
Marion,Buena Vista,Superior Court Judge, Chattahoochee Circuit (Peters),,Write-in,0,0,0,0,0
Marion,Tazewell,Superior Court Judge, Chattahoochee Circuit (Peters),,Write-in,0,0,0,0,0
Marion,Brantley,Superior Court Judge, Chattahoochee Circuit (Peters),,Write-in,0,0,0,0,0
Marion,Ft. Perry,Superior Court Judge, Chattahoochee Circuit (Peters),,Write-in,2,0,2,0,0
Marion,,Superior Court Judge, Chattahoochee Circuit (Rumer),,WILLIAM C. RUMER ,1527,93,1148,285,1
Marion,Draneville,Superior Court Judge, Chattahoochee Circuit (Rumer),,WILLIAM C. RUMER ,116,7,86,23,0
Marion,Pineknot,Superior Court Judge, Chattahoochee Circuit (Rumer),,WILLIAM C. RUMER ,267,4,239,24,0
Marion,Doyle,Superior Court Judge, Chattahoochee Circuit (Rumer),,WILLIAM C. RUMER ,78,4,51,23,0
Marion,Buena Vista,Superior Court Judge, Chattahoochee Circuit (Rumer),,WILLIAM C. RUMER ,636,68,397,170,1
Marion,Tazewell,Superior Court Judge, Chattahoochee Circuit (Rumer),,WILLIAM C. RUMER ,114,2,99,13,0
Marion,Brantley,Superior Court Judge, Chattahoochee Circuit (Rumer),,WILLIAM C. RUMER ,119,4,96,19,0
Marion,Ft. Perry,Superior Court Judge, Chattahoochee Circuit (Rumer),,WILLIAM C. RUMER ,197,4,180,13,0
Marion,,Superior Court Judge, Chattahoochee Circuit (Rumer),,Write-in,1,0,1,0,0
Marion,Draneville,Superior Court Judge, Chattahoochee Circuit (Rumer),,Write-in,0,0,0,0,0
Marion,Pineknot,Superior Court Judge, Chattahoochee Circuit (Rumer),,Write-in,0,0,0,0,0
Marion,Doyle,Superior Court Judge, Chattahoochee Circuit (Rumer),,Write-in,0,0,0,0,0
Marion,Buena Vista,Superior Court Judge, Chattahoochee Circuit (Rumer),,Write-in,0,0,0,0,0
Marion,Tazewell,Superior Court Judge, Chattahoochee Circuit (Rumer),,Write-in,0,0,0,0,0
Marion,Brantley,Superior Court Judge, Chattahoochee Circuit (Rumer),,Write-in,0,0,0,0,0
Marion,Ft. Perry,Superior Court Judge, Chattahoochee Circuit (Rumer),,Write-in,1,0,1,0,0
Marion,,Superior Court Judge, Chattahoochee Circuit (Smith),,LARAE DIXON MOORE,872,91,647,133,1
Marion,Draneville,Superior Court Judge, Chattahoochee Circuit (Smith),,LARAE DIXON MOORE,65,5,51,9,0
Marion,Pineknot,Superior Court Judge, Chattahoochee Circuit (Smith),,LARAE DIXON MOORE,128,0,115,13,0
Marion,Doyle,Superior Court Judge, Chattahoochee Circuit (Smith),,LARAE DIXON MOORE,40,4,29,7,0
Marion,Buena Vista,Superior Court Judge, Chattahoochee Circuit (Smith),,LARAE DIXON MOORE,441,75,274,91,1
Marion,Tazewell,Superior Court Judge, Chattahoochee Circuit (Smith),,LARAE DIXON MOORE,48,0,42,6,0
Marion,Brantley,Superior Court Judge, Chattahoochee Circuit (Smith),,LARAE DIXON MOORE,50,3,43,4,0
Marion,Ft. Perry,Superior Court Judge, Chattahoochee Circuit (Smith),,LARAE DIXON MOORE,100,4,93,3,0
Marion,,Superior Court Judge, Chattahoochee Circuit (Smith),,ART SMITH ,1106,49,822,235,0
Marion,Draneville,Superior Court Judge, Chattahoochee Circuit (Smith),,ART SMITH ,100,5,69,26,0
Marion,Pineknot,Superior Court Judge, Chattahoochee Circuit (Smith),,ART SMITH ,200,6,179,15,0
Marion,Doyle,Superior Court Judge, Chattahoochee Circuit (Smith),,ART SMITH ,77,3,54,20,0
Marion,Buena Vista,Superior Court Judge, Chattahoochee Circuit (Smith),,ART SMITH ,351,26,196,129,0
Marion,Tazewell,Superior Court Judge, Chattahoochee Circuit (Smith),,ART SMITH ,108,2,96,10,0
Marion,Brantley,Superior Court Judge, Chattahoochee Circuit (Smith),,ART SMITH ,128,7,96,25,0
Marion,Ft. Perry,Superior Court Judge, Chattahoochee Circuit (Smith),,ART SMITH ,142,0,132,10,0
Marion,,Superior Court Judge, Chattahoochee Circuit (Smith),,Write-in,1,0,0,1,0
Marion,Draneville,Superior Court Judge, Chattahoochee Circuit (Smith),,Write-in,0,0,0,0,0
Marion,Pineknot,Superior Court Judge, Chattahoochee Circuit (Smith),,Write-in,0,0,0,0,0
Marion,Doyle,Superior Court Judge, Chattahoochee Circuit (Smith),,Write-in,0,0,0,0,0
Marion,Buena Vista,Superior Court Judge, Chattahoochee Circuit (Smith),,Write-in,0,0,0,0,0
Marion,Tazewell,Superior Court Judge, Chattahoochee Circuit (Smith),,Write-in,0,0,0,0,0
Marion,Brantley,Superior Court Judge, Chattahoochee Circuit (Smith),,Write-in,0,0,0,0,0
Marion,Ft. Perry,Superior Court Judge, Chattahoochee Circuit (Smith),,Write-in,1,0,0,1,0
Marion,,BOE, D2,,ANN C. WATSON ,460,5,398,57,0
Marion,Doyle,BOE, D2,,ANN C. WATSON ,62,2,42,18,0
Marion,Buena Vista,BOE, D2,,ANN C. WATSON ,28,0,17,11,0
Marion,Tazewell,BOE, D2,,ANN C. WATSON ,148,1,132,15,0
Marion,Ft. Perry,BOE, D2,,ANN C. WATSON ,222,2,207,13,0
Marion,,BOE, D2,,Write-in,2,0,2,0,0
Marion,Doyle,BOE, D2,,Write-in,0,0,0,0,0
Marion,Buena Vista,BOE, D2,,Write-in,0,0,0,0,0
Marion,Tazewell,BOE, D2,,Write-in,1,0,1,0,0
Marion,Ft. Perry,BOE, D2,,Write-in,1,0,1,0,0
Marion,,BOE, D3,,STANLEY GOODROE ,398,15,338,45,0
Marion,Pineknot,BOE, D3,,STANLEY GOODROE ,253,7,226,20,0
Marion,Brantley,BOE, D3,,STANLEY GOODROE ,145,8,112,25,0
Marion,,BOE, D3,,CONNIE FAYE ROYAL,128,1,113,14,0
Marion,Pineknot,BOE, D3,,CONNIE FAYE ROYAL,100,0,90,10,0
Marion,Brantley,BOE, D3,,CONNIE FAYE ROYAL,28,1,23,4,0
Marion,,BOE, D3,,Write-in,0,0,0,0,0
Marion,Pineknot,BOE, D3,,Write-in,0,0,0,0,0
Marion,Brantley,BOE, D3,,Write-in,0,0,0,0,0
Marion,,BOE, D4,,LEON WILLIAMS ,443,43,304,96,0
Marion,Draneville,BOE, D4,,LEON WILLIAMS ,133,7,99,27,0
Marion,Doyle,BOE, D4,,LEON WILLIAMS ,30,3,20,7,0
Marion,Buena Vista,BOE, D4,,LEON WILLIAMS ,280,33,185,62,0
Marion,,BOE, D4,,Write-in,0,0,0,0,0
Marion,Draneville,BOE, D4,,Write-in,0,0,0,0,0
Marion,Doyle,BOE, D4,,Write-in,0,0,0,0,0
Marion,Buena Vista,BOE, D4,,Write-in,0,0,0,0,0
Marion,,TSPLOST,,,YES,1376,123,980,273,0
Marion,Draneville,TSPLOST,,,YES,106,9,72,25,0
Marion,Pineknot,TSPLOST,,,YES,206,1,188,17,0
Marion,Doyle,TSPLOST,,,YES,73,2,56,15,0
Marion,Buena Vista,TSPLOST,,,YES,646,93,377,176,0
Marion,Tazewell,TSPLOST,,,YES,94,2,84,8,0
Marion,Brantley,TSPLOST,,,YES,99,14,66,19,0
Marion,Ft. Perry,TSPLOST,,,YES,152,2,137,13,0
Marion,,TSPLOST,,,NO,917,30,731,155,1
Marion,Draneville,TSPLOST,,,NO,88,2,71,15,0
Marion,Pineknot,TSPLOST,,,NO,177,4,159,14,0
Marion,Doyle,TSPLOST,,,NO,59,6,38,15,0
Marion,Buena Vista,TSPLOST,,,NO,268,11,175,81,1
Marion,Tazewell,TSPLOST,,,NO,91,1,79,11,0
Marion,Brantley,TSPLOST,,,NO,103,2,87,14,0
Marion,Ft. Perry,TSPLOST,,,NO,131,4,122,5,0
