county,precinct,office,district,party,candidate,votes,absentee_by_mail,election_day,advance_in_person,provisional
Upson,,"Public Service Commission, District 3",3,REP,CHUCK EATON (I),2887,71,1823,990,3
Upson,THE JUG,"Public Service Commission, District 3",3,REP,CHUCK EATON (I),62,0,47,15,0
Upson,REDBONE,"Public Service Commission, District 3",3,REP,CHUCK EATON (I),741,18,450,272,1
Upson,LINCOLN PARK,"Public Service Commission, District 3",3,REP,CHUCK EATON (I),20,0,9,11,0
Upson,YATESVILLE,"Public Service Commission, District 3",3,REP,CHUCK EATON (I),169,4,143,22,0
Upson,SALEM,"Public Service Commission, District 3",3,REP,CHUCK EATON (I),7,0,4,3,0
Upson,REEVES,"Public Service Commission, District 3",3,REP,CHUCK EATON (I),384,5,296,83,0
Upson,THE ROCK,"Public Service Commission, District 3",3,REP,CHUCK EATON (I),79,0,63,16,0
Upson,ATWATER,"Public Service Commission, District 3",3,REP,CHUCK EATON (I),295,9,201,83,2
Upson,TOWN,"Public Service Commission, District 3",3,REP,CHUCK EATON (I),1130,35,610,485,0
Upson,,"Public Service Commission, District 3",3,REP,MATT REID,1624,56,1081,487,0
Upson,THE JUG,"Public Service Commission, District 3",3,REP,MATT REID,45,0,38,7,0
Upson,REDBONE,"Public Service Commission, District 3",3,REP,MATT REID,439,5,280,154,0
Upson,LINCOLN PARK,"Public Service Commission, District 3",3,REP,MATT REID,9,0,5,4,0
Upson,YATESVILLE,"Public Service Commission, District 3",3,REP,MATT REID,107,2,97,8,0
Upson,SALEM,"Public Service Commission, District 3",3,REP,MATT REID,10,0,10,0,0
Upson,REEVES,"Public Service Commission, District 3",3,REP,MATT REID,242,7,180,55,0
Upson,THE ROCK,"Public Service Commission, District 3",3,REP,MATT REID,53,0,41,12,0
Upson,ATWATER,"Public Service Commission, District 3",3,REP,MATT REID,165,10,120,35,0
Upson,TOWN,"Public Service Commission, District 3",3,REP,MATT REID,554,32,310,212,0
Upson,,"Public Service Commission, District 3",3,DEM,STEPHEN OPPENHEIMER,1157,31,893,233,0
Upson,THE JUG,"Public Service Commission, District 3",3,DEM,STEPHEN OPPENHEIMER,65,0,58,7,0
Upson,REDBONE,"Public Service Commission, District 3",3,DEM,STEPHEN OPPENHEIMER,272,6,192,74,0
Upson,LINCOLN PARK,"Public Service Commission, District 3",3,DEM,STEPHEN OPPENHEIMER,118,0,101,17,0
Upson,YATESVILLE,"Public Service Commission, District 3",3,DEM,STEPHEN OPPENHEIMER,31,0,27,4,0
Upson,SALEM,"Public Service Commission, District 3",3,DEM,STEPHEN OPPENHEIMER,145,6,126,13,0
Upson,REEVES,"Public Service Commission, District 3",3,DEM,STEPHEN OPPENHEIMER,35,3,28,4,0
Upson,THE ROCK,"Public Service Commission, District 3",3,DEM,STEPHEN OPPENHEIMER,12,0,11,1,0
Upson,ATWATER,"Public Service Commission, District 3",3,DEM,STEPHEN OPPENHEIMER,34,2,30,2,0
Upson,TOWN,"Public Service Commission, District 3",3,DEM,STEPHEN OPPENHEIMER,445,14,320,111,0
Upson,,"Public Service Commission, District 5",5,REP,PAM DAVIDSON,1633,50,1096,487,0
Upson,THE JUG,"Public Service Commission, District 5",5,REP,PAM DAVIDSON,49,0,41,8,0
Upson,REDBONE,"Public Service Commission, District 5",5,REP,PAM DAVIDSON,428,8,283,137,0
Upson,LINCOLN PARK,"Public Service Commission, District 5",5,REP,PAM DAVIDSON,9,0,5,4,0
Upson,YATESVILLE,"Public Service Commission, District 5",5,REP,PAM DAVIDSON,96,2,87,7,0
Upson,SALEM,"Public Service Commission, District 5",5,REP,PAM DAVIDSON,7,0,6,1,0
Upson,REEVES,"Public Service Commission, District 5",5,REP,PAM DAVIDSON,247,8,186,53,0
Upson,THE ROCK,"Public Service Commission, District 5",5,REP,PAM DAVIDSON,49,0,39,10,0
Upson,ATWATER,"Public Service Commission, District 5",5,REP,PAM DAVIDSON,162,8,111,43,0
Upson,TOWN,"Public Service Commission, District 5",5,REP,PAM DAVIDSON,586,24,338,224,0
Upson,,"Public Service Commission, District 5",5,REP,STAN WISE (I),2768,71,1746,948,3
Upson,THE JUG,"Public Service Commission, District 5",5,REP,STAN WISE (I),59,0,45,14,0
Upson,REDBONE,"Public Service Commission, District 5",5,REP,STAN WISE (I),722,15,435,271,1
Upson,LINCOLN PARK,"Public Service Commission, District 5",5,REP,STAN WISE (I),19,0,8,11,0
Upson,YATESVILLE,"Public Service Commission, District 5",5,REP,STAN WISE (I),177,4,152,21,0
Upson,SALEM,"Public Service Commission, District 5",5,REP,STAN WISE (I),8,0,6,2,0
Upson,REEVES,"Public Service Commission, District 5",5,REP,STAN WISE (I),366,4,278,84,0
Upson,THE ROCK,"Public Service Commission, District 5",5,REP,STAN WISE (I),79,0,63,16,0
Upson,ATWATER,"Public Service Commission, District 5",5,REP,STAN WISE (I),284,10,202,70,2
Upson,TOWN,"Public Service Commission, District 5",5,REP,STAN WISE (I),1054,38,557,459,0
Upson,,"U.S. Representative, District 3",3,REP,"""CHIP"" FLANEGAN",613,15,448,150,0
Upson,THE JUG,"U.S. Representative, District 3",3,REP,"""CHIP"" FLANEGAN",17,0,12,5,0
Upson,REDBONE,"U.S. Representative, District 3",3,REP,"""CHIP"" FLANEGAN",150,1,109,40,0
Upson,LINCOLN PARK,"U.S. Representative, District 3",3,REP,"""CHIP"" FLANEGAN",0,0,0,0,0
Upson,YATESVILLE,"U.S. Representative, District 3",3,REP,"""CHIP"" FLANEGAN",44,2,40,2,0
Upson,SALEM,"U.S. Representative, District 3",3,REP,"""CHIP"" FLANEGAN",4,0,4,0,0
Upson,REEVES,"U.S. Representative, District 3",3,REP,"""CHIP"" FLANEGAN",107,5,86,16,0
Upson,THE ROCK,"U.S. Representative, District 3",3,REP,"""CHIP"" FLANEGAN",21,0,18,3,0
Upson,ATWATER,"U.S. Representative, District 3",3,REP,"""CHIP"" FLANEGAN",64,2,50,12,0
Upson,TOWN,"U.S. Representative, District 3",3,REP,"""CHIP"" FLANEGAN",206,5,129,72,0
Upson,,"U.S. Representative, District 3",3,REP,KENT KINGSLEY,633,14,441,178,0
Upson,THE JUG,"U.S. Representative, District 3",3,REP,KENT KINGSLEY,11,0,10,1,0
Upson,REDBONE,"U.S. Representative, District 3",3,REP,KENT KINGSLEY,175,1,115,59,0
Upson,LINCOLN PARK,"U.S. Representative, District 3",3,REP,KENT KINGSLEY,7,0,2,5,0
Upson,YATESVILLE,"U.S. Representative, District 3",3,REP,KENT KINGSLEY,45,0,42,3,0
Upson,SALEM,"U.S. Representative, District 3",3,REP,KENT KINGSLEY,4,0,4,0,0
Upson,REEVES,"U.S. Representative, District 3",3,REP,KENT KINGSLEY,93,3,68,22,0
Upson,THE ROCK,"U.S. Representative, District 3",3,REP,KENT KINGSLEY,22,0,19,3,0
Upson,ATWATER,"U.S. Representative, District 3",3,REP,KENT KINGSLEY,67,1,55,11,0
Upson,TOWN,"U.S. Representative, District 3",3,REP,KENT KINGSLEY,209,9,126,74,0
Upson,,"U.S. Representative, District 3",3,REP,LYNN WESTMORELAND (I,3545,104,2187,1251,3
Upson,THE JUG,"U.S. Representative, District 3",3,REP,LYNN WESTMORELAND (I,80,0,64,16,0
Upson,REDBONE,"U.S. Representative, District 3",3,REP,LYNN WESTMORELAND (I,925,23,549,352,1
Upson,LINCOLN PARK,"U.S. Representative, District 3",3,REP,LYNN WESTMORELAND (I,25,0,14,11,0
Upson,YATESVILLE,"U.S. Representative, District 3",3,REP,LYNN WESTMORELAND (I,207,4,177,26,0
Upson,SALEM,"U.S. Representative, District 3",3,REP,LYNN WESTMORELAND (I,9,0,6,3,0
Upson,REEVES,"U.S. Representative, District 3",3,REP,LYNN WESTMORELAND (I,467,5,351,111,0
Upson,THE ROCK,"U.S. Representative, District 3",3,REP,LYNN WESTMORELAND (I,94,0,71,23,0
Upson,ATWATER,"U.S. Representative, District 3",3,REP,LYNN WESTMORELAND (I,351,17,235,97,2
Upson,TOWN,"U.S. Representative, District 3",3,REP,LYNN WESTMORELAND (I,1387,55,720,612,0
Upson,,"State Senator, District 18",18,REP,SPENCER PRICE,3009,96,1943,968,2
Upson,THE JUG,"State Senator, District 18",18,REP,SPENCER PRICE,69,0,54,15,0
Upson,REDBONE,"State Senator, District 18",18,REP,SPENCER PRICE,836,19,533,284,0
Upson,LINCOLN PARK,"State Senator, District 18",18,REP,SPENCER PRICE,16,0,11,5,0
Upson,YATESVILLE,"State Senator, District 18",18,REP,SPENCER PRICE,180,5,155,20,0
Upson,SALEM,"State Senator, District 18",18,REP,SPENCER PRICE,11,0,10,1,0
Upson,REEVES,"State Senator, District 18",18,REP,SPENCER PRICE,388,7,287,94,0
Upson,THE ROCK,"State Senator, District 18",18,REP,SPENCER PRICE,83,0,66,17,0
Upson,ATWATER,"State Senator, District 18",18,REP,SPENCER PRICE,327,17,223,85,2
Upson,TOWN,"State Senator, District 18",18,REP,SPENCER PRICE,1099,48,604,447,0
Upson,,"State Senator, District 18",18,REP,CECIL STATON (I),1776,41,1131,603,1
Upson,THE JUG,"State Senator, District 18",18,REP,CECIL STATON (I),45,0,37,8,0
Upson,REDBONE,"State Senator, District 18",18,REP,CECIL STATON (I),425,9,247,168,1
Upson,LINCOLN PARK,"State Senator, District 18",18,REP,CECIL STATON (I),15,0,4,11,0
Upson,YATESVILLE,"State Senator, District 18",18,REP,CECIL STATON (I),109,1,98,10,0
Upson,SALEM,"State Senator, District 18",18,REP,CECIL STATON (I),5,0,3,2,0
Upson,REEVES,"State Senator, District 18",18,REP,CECIL STATON (I),280,6,218,56,0
Upson,THE ROCK,"State Senator, District 18",18,REP,CECIL STATON (I),51,0,39,12,0
Upson,ATWATER,"State Senator, District 18",18,REP,CECIL STATON (I),157,3,121,33,0
Upson,TOWN,"State Senator, District 18",18,REP,CECIL STATON (I),689,22,364,303,0
Upson,,"State Representative, District 131",131,REP,JOHNNIE L. CALDWELL ,2723,86,1716,919,2
Upson,THE JUG,"State Representative, District 131",131,REP,JOHNNIE L. CALDWELL ,70,0,55,15,0
Upson,REDBONE,"State Representative, District 131",131,REP,JOHNNIE L. CALDWELL ,711,18,443,250,0
Upson,LINCOLN PARK,"State Representative, District 131",131,REP,JOHNNIE L. CALDWELL ,16,0,8,8,0
Upson,YATESVILLE,"State Representative, District 131",131,REP,JOHNNIE L. CALDWELL ,147,3,129,15,0
Upson,SALEM,"State Representative, District 131",131,REP,JOHNNIE L. CALDWELL ,9,0,7,2,0
Upson,REEVES,"State Representative, District 131",131,REP,JOHNNIE L. CALDWELL ,373,10,272,91,0
Upson,THE ROCK,"State Representative, District 131",131,REP,JOHNNIE L. CALDWELL ,69,0,53,16,0
Upson,ATWATER,"State Representative, District 131",131,REP,JOHNNIE L. CALDWELL ,252,13,171,66,2
Upson,TOWN,"State Representative, District 131",131,REP,JOHNNIE L. CALDWELL ,1076,42,578,456,0
Upson,,"State Representative, District 131",131,REP,RYAN CHRISTOPHER,2145,53,1399,692,1
Upson,THE JUG,"State Representative, District 131",131,REP,RYAN CHRISTOPHER,42,0,35,7,0
Upson,REDBONE,"State Representative, District 131",131,REP,RYAN CHRISTOPHER,574,13,343,217,1
Upson,LINCOLN PARK,"State Representative, District 131",131,REP,RYAN CHRISTOPHER,18,0,9,9,0
Upson,YATESVILLE,"State Representative, District 131",131,REP,RYAN CHRISTOPHER,147,3,129,15,0
Upson,SALEM,"State Representative, District 131",131,REP,RYAN CHRISTOPHER,9,0,7,2,0
Upson,REEVES,"State Representative, District 131",131,REP,RYAN CHRISTOPHER,307,2,242,63,0
Upson,THE ROCK,"State Representative, District 131",131,REP,RYAN CHRISTOPHER,71,0,57,14,0
Upson,ATWATER,"State Representative, District 131",131,REP,RYAN CHRISTOPHER,236,8,171,57,0
Upson,TOWN,"State Representative, District 131",131,REP,RYAN CHRISTOPHER,741,27,406,308,0
Upson,,"District Attorney, Griffin Circuit", Griffin Circuit - REP,REP,SCOTT BALLARD (I),4209,115,2715,1376,3
Upson,THE JUG,"District Attorney, Griffin Circuit", Griffin Circuit - REP,REP,SCOTT BALLARD (I),96,0,76,20,0
Upson,REDBONE,"District Attorney, Griffin Circuit", Griffin Circuit - REP,REP,SCOTT BALLARD (I),1112,26,687,398,1
Upson,LINCOLN PARK,"District Attorney, Griffin Circuit", Griffin Circuit - REP,REP,SCOTT BALLARD (I),24,0,12,12,0
Upson,YATESVILLE,"District Attorney, Griffin Circuit", Griffin Circuit - REP,REP,SCOTT BALLARD (I),251,2,222,27,0
Upson,SALEM,"District Attorney, Griffin Circuit", Griffin Circuit - REP,REP,SCOTT BALLARD (I),15,0,12,3,0
Upson,REEVES,"District Attorney, Griffin Circuit", Griffin Circuit - REP,REP,SCOTT BALLARD (I),591,12,445,134,0
Upson,THE ROCK,"District Attorney, Griffin Circuit", Griffin Circuit - REP,REP,SCOTT BALLARD (I),114,0,96,18,0
Upson,ATWATER,"District Attorney, Griffin Circuit", Griffin Circuit - REP,REP,SCOTT BALLARD (I),427,16,304,105,2
Upson,TOWN,"District Attorney, Griffin Circuit", Griffin Circuit - REP,REP,SCOTT BALLARD (I),1579,59,861,659,0
Upson,,CLERK SUPERIOR,,,TERESA S. HARPER ,4207,115,2731,1358,3
Upson,THE JUG,CLERK SUPERIOR,,,TERESA S. HARPER ,99,0,80,19,0
Upson,REDBONE,CLERK SUPERIOR,,,TERESA S. HARPER ,1110,23,692,394,1
Upson,LINCOLN PARK,CLERK SUPERIOR,,,TERESA S. HARPER ,26,0,13,13,0
Upson,YATESVILLE,CLERK SUPERIOR,,,TERESA S. HARPER ,260,2,230,28,0
Upson,SALEM,CLERK SUPERIOR,,,TERESA S. HARPER ,15,0,11,4,0
Upson,REEVES,CLERK SUPERIOR,,,TERESA S. HARPER ,595,13,451,131,0
Upson,THE ROCK,CLERK SUPERIOR,,,TERESA S. HARPER ,114,0,95,19,0
Upson,ATWATER,CLERK SUPERIOR,,,TERESA S. HARPER ,421,16,298,105,2
Upson,TOWN,CLERK SUPERIOR,,,TERESA S. HARPER ,1567,61,861,645,0
Upson,,CLERK SUPERIOR,,,RUSS BRIDGES,1327,31,1007,288,1
Upson,THE JUG,CLERK SUPERIOR,,,RUSS BRIDGES,71,0,63,8,0
Upson,REDBONE,CLERK SUPERIOR,,,RUSS BRIDGES,333,6,223,104,0
Upson,LINCOLN PARK,CLERK SUPERIOR,,,RUSS BRIDGES,127,0,108,18,1
Upson,YATESVILLE,CLERK SUPERIOR,,,RUSS BRIDGES,36,0,31,5,0
Upson,SALEM,CLERK SUPERIOR,,,RUSS BRIDGES,146,6,130,10,0
Upson,REEVES,CLERK SUPERIOR,,,RUSS BRIDGES,48,3,38,7,0
Upson,THE ROCK,CLERK SUPERIOR,,,RUSS BRIDGES,12,0,11,1,0
Upson,ATWATER,CLERK SUPERIOR,,,RUSS BRIDGES,39,2,35,2,0
Upson,TOWN,CLERK SUPERIOR,,,RUSS BRIDGES,515,14,368,133,0
Upson,,SHERIFF,,,SAM BAITY,968,18,673,277,0
Upson,THE JUG,SHERIFF,,,SAM BAITY,26,0,23,3,0
Upson,REDBONE,SHERIFF,,,SAM BAITY,285,1,192,92,0
Upson,LINCOLN PARK,SHERIFF,,,SAM BAITY,6,0,4,2,0
Upson,YATESVILLE,SHERIFF,,,SAM BAITY,43,0,38,5,0
Upson,SALEM,SHERIFF,,,SAM BAITY,6,0,2,4,0
Upson,REEVES,SHERIFF,,,SAM BAITY,152,3,122,27,0
Upson,THE ROCK,SHERIFF,,,SAM BAITY,31,0,26,5,0
Upson,ATWATER,SHERIFF,,,SAM BAITY,119,9,79,31,0
Upson,TOWN,SHERIFF,,,SAM BAITY,300,5,187,108,0
Upson,,SHERIFF,,,GLENN COLLINS,573,18,351,204,0
Upson,THE JUG,SHERIFF,,,GLENN COLLINS,13,0,10,3,0
Upson,REDBONE,SHERIFF,,,GLENN COLLINS,169,2,98,69,0
Upson,LINCOLN PARK,SHERIFF,,,GLENN COLLINS,6,0,3,3,0
Upson,YATESVILLE,SHERIFF,,,GLENN COLLINS,26,0,23,3,0
Upson,SALEM,SHERIFF,,,GLENN COLLINS,1,0,1,0,0
Upson,REEVES,SHERIFF,,,GLENN COLLINS,92,1,71,20,0
Upson,THE ROCK,SHERIFF,,,GLENN COLLINS,3,0,3,0,0
Upson,ATWATER,SHERIFF,,,GLENN COLLINS,55,3,38,14,0
Upson,TOWN,SHERIFF,,,GLENN COLLINS,208,12,104,92,0
Upson,,SHERIFF,,,DAN KILGORE,3253,105,2032,1113,3
Upson,THE JUG,SHERIFF,,,DAN KILGORE,75,0,60,15,0
Upson,REDBONE,SHERIFF,,,DAN KILGORE,808,27,483,297,1
Upson,LINCOLN PARK,SHERIFF,,,DAN KILGORE,17,0,9,8,0
Upson,YATESVILLE,SHERIFF,,,DAN KILGORE,223,6,194,23,0
Upson,SALEM,SHERIFF,,,DAN KILGORE,9,0,9,0,0
Upson,REEVES,SHERIFF,,,DAN KILGORE,430,9,315,106,0
Upson,THE ROCK,SHERIFF,,,DAN KILGORE,103,0,78,25,0
Upson,ATWATER,SHERIFF,,,DAN KILGORE,317,9,226,80,2
Upson,TOWN,SHERIFF,,,DAN KILGORE,1271,54,658,559,0
Upson,,SHERIFF,,,DAVY STOREY,203,2,137,64,0
Upson,THE JUG,SHERIFF,,,DAVY STOREY,3,0,1,2,0
Upson,REDBONE,SHERIFF,,,DAVY STOREY,61,1,36,24,0
Upson,LINCOLN PARK,SHERIFF,,,DAVY STOREY,5,0,1,4,0
Upson,YATESVILLE,SHERIFF,,,DAVY STOREY,7,0,7,0,0
Upson,SALEM,SHERIFF,,,DAVY STOREY,2,0,2,0,0
Upson,REEVES,SHERIFF,,,DAVY STOREY,14,1,10,3,0
Upson,THE ROCK,SHERIFF,,,DAVY STOREY,7,0,7,0,0
Upson,ATWATER,SHERIFF,,,DAVY STOREY,13,0,11,2,0
Upson,TOWN,SHERIFF,,,DAVY STOREY,91,0,62,29,0
Upson,,SHERIFF,,,NASON L. BLACKWELL,513,18,373,122,0
Upson,THE JUG,SHERIFF,,,NASON L. BLACKWELL,34,0,29,5,0
Upson,REDBONE,SHERIFF,,,NASON L. BLACKWELL,153,0,105,48,0
Upson,LINCOLN PARK,SHERIFF,,,NASON L. BLACKWELL,46,0,39,7,0
Upson,YATESVILLE,SHERIFF,,,NASON L. BLACKWELL,17,0,14,3,0
Upson,SALEM,SHERIFF,,,NASON L. BLACKWELL,72,4,62,6,0
Upson,REEVES,SHERIFF,,,NASON L. BLACKWELL,15,1,12,2,0
Upson,THE ROCK,SHERIFF,,,NASON L. BLACKWELL,9,0,8,1,0
Upson,ATWATER,SHERIFF,,,NASON L. BLACKWELL,13,1,10,2,0
Upson,TOWN,SHERIFF,,,NASON L. BLACKWELL,154,12,94,48,0
Upson,,SHERIFF,,,JEFFERY LITTLE,1208,20,936,251,1
Upson,THE JUG,SHERIFF,,,JEFFERY LITTLE,54,0,50,4,0
Upson,REDBONE,SHERIFF,,,JEFFERY LITTLE,258,5,178,75,0
Upson,LINCOLN PARK,SHERIFF,,,JEFFERY LITTLE,167,0,144,22,1
Upson,YATESVILLE,SHERIFF,,,JEFFERY LITTLE,27,0,26,1,0
Upson,SALEM,SHERIFF,,,JEFFERY LITTLE,113,2,99,12,0
Upson,REEVES,SHERIFF,,,JEFFERY LITTLE,28,2,21,5,0
Upson,THE ROCK,SHERIFF,,,JEFFERY LITTLE,6,0,5,1,0
Upson,ATWATER,SHERIFF,,,JEFFERY LITTLE,32,1,30,1,0
Upson,TOWN,SHERIFF,,,JEFFERY LITTLE,523,10,383,130,0
Upson,,TAX COMMISSIONER,,,J. BERRY COOK ,4491,123,2871,1494,3
Upson,THE JUG,TAX COMMISSIONER,,,J. BERRY COOK ,102,0,81,21,0
Upson,REDBONE,TAX COMMISSIONER,,,J. BERRY COOK ,1184,26,726,431,1
Upson,LINCOLN PARK,TAX COMMISSIONER,,,J. BERRY COOK ,26,0,14,12,0
Upson,YATESVILLE,TAX COMMISSIONER,,,J. BERRY COOK ,265,2,233,30,0
Upson,SALEM,TAX COMMISSIONER,,,J. BERRY COOK ,16,0,12,4,0
Upson,REEVES,TAX COMMISSIONER,,,J. BERRY COOK ,622,14,471,137,0
Upson,THE ROCK,TAX COMMISSIONER,,,J. BERRY COOK ,120,0,99,21,0
Upson,ATWATER,TAX COMMISSIONER,,,J. BERRY COOK ,448,19,313,114,2
Upson,TOWN,TAX COMMISSIONER,,,J. BERRY COOK ,1708,62,922,724,0
Upson,,CORONER,,,JAMES M. GEORGE ,3261,95,2097,1066,3
Upson,THE JUG,CORONER,,,JAMES M. GEORGE ,76,0,62,14,0
Upson,REDBONE,CORONER,,,JAMES M. GEORGE ,898,24,552,321,1
Upson,LINCOLN PARK,CORONER,,,JAMES M. GEORGE ,25,0,11,14,0
Upson,YATESVILLE,CORONER,,,JAMES M. GEORGE ,200,4,173,23,0
Upson,SALEM,CORONER,,,JAMES M. GEORGE ,14,0,10,4,0
Upson,REEVES,CORONER,,,JAMES M. GEORGE ,419,7,324,88,0
Upson,THE ROCK,CORONER,,,JAMES M. GEORGE ,89,0,70,19,0
Upson,ATWATER,CORONER,,,JAMES M. GEORGE ,343,13,246,82,2
Upson,TOWN,CORONER,,,JAMES M. GEORGE ,1197,47,649,501,0
Upson,,CORONER,,,CRAIG STUBBS,1515,42,953,520,0
Upson,THE JUG,CORONER,,,CRAIG STUBBS,36,0,27,9,0
Upson,REDBONE,CORONER,,,CRAIG STUBBS,356,5,222,129,0
Upson,LINCOLN PARK,CORONER,,,CRAIG STUBBS,9,0,6,3,0
Upson,YATESVILLE,CORONER,,,CRAIG STUBBS,88,2,78,8,0
Upson,SALEM,CORONER,,,CRAIG STUBBS,3,0,3,0,0
Upson,REEVES,CORONER,,,CRAIG STUBBS,242,6,174,62,0
Upson,THE ROCK,CORONER,,,CRAIG STUBBS,45,0,35,10,0
Upson,ATWATER,CORONER,,,CRAIG STUBBS,140,7,93,40,0
Upson,TOWN,CORONER,,,CRAIG STUBBS,596,22,315,259,0
Upson,,CHAIR COMMISSIONER,,,RUSTY BLACKSTON,2633,71,1748,813,1
Upson,THE JUG,CHAIR COMMISSIONER,,,RUSTY BLACKSTON,66,0,54,12,0
Upson,REDBONE,CHAIR COMMISSIONER,,,RUSTY BLACKSTON,752,15,475,261,1
Upson,LINCOLN PARK,CHAIR COMMISSIONER,,,RUSTY BLACKSTON,17,0,7,10,0
Upson,YATESVILLE,CHAIR COMMISSIONER,,,RUSTY BLACKSTON,153,3,133,17,0
Upson,SALEM,CHAIR COMMISSIONER,,,RUSTY BLACKSTON,11,0,9,2,0
Upson,REEVES,CHAIR COMMISSIONER,,,RUSTY BLACKSTON,307,5,238,64,0
Upson,THE ROCK,CHAIR COMMISSIONER,,,RUSTY BLACKSTON,89,0,73,16,0
Upson,ATWATER,CHAIR COMMISSIONER,,,RUSTY BLACKSTON,274,17,183,74,0
Upson,TOWN,CHAIR COMMISSIONER,,,RUSTY BLACKSTON,964,31,576,357,0
Upson,,CHAIR COMMISSIONER,,,ANTHONY SOUTH,2135,65,1316,752,2
Upson,THE JUG,CHAIR COMMISSIONER,,,ANTHONY SOUTH,46,0,35,11,0
Upson,REDBONE,CHAIR COMMISSIONER,,,ANTHONY SOUTH,523,13,311,199,0
Upson,LINCOLN PARK,CHAIR COMMISSIONER,,,ANTHONY SOUTH,14,0,9,5,0
Upson,YATESVILLE,CHAIR COMMISSIONER,,,ANTHONY SOUTH,135,2,121,12,0
Upson,SALEM,CHAIR COMMISSIONER,,,ANTHONY SOUTH,6,0,4,2,0
Upson,REEVES,CHAIR COMMISSIONER,,,ANTHONY SOUTH,340,7,256,77,0
Upson,THE ROCK,CHAIR COMMISSIONER,,,ANTHONY SOUTH,49,0,38,11,0
Upson,ATWATER,CHAIR COMMISSIONER,,,ANTHONY SOUTH,200,3,151,44,2
Upson,TOWN,CHAIR COMMISSIONER,,,ANTHONY SOUTH,822,40,391,391,0
Upson,,CHAIR COMMISSIONER,,,MAURICE RAINES ,1585,31,1206,347,1
Upson,THE JUG,CHAIR COMMISSIONER,,,MAURICE RAINES ,87,0,78,9,0
Upson,REDBONE,CHAIR COMMISSIONER,,,MAURICE RAINES ,391,6,270,115,0
Upson,LINCOLN PARK,CHAIR COMMISSIONER,,,MAURICE RAINES ,166,0,139,26,1
Upson,YATESVILLE,CHAIR COMMISSIONER,,,MAURICE RAINES ,42,0,38,4,0
Upson,SALEM,CHAIR COMMISSIONER,,,MAURICE RAINES ,176,6,153,17,0
Upson,REEVES,CHAIR COMMISSIONER,,,MAURICE RAINES ,45,3,33,9,0
Upson,THE ROCK,CHAIR COMMISSIONER,,,MAURICE RAINES ,15,0,14,1,0
Upson,ATWATER,CHAIR COMMISSIONER,,,MAURICE RAINES ,45,2,40,3,0
Upson,TOWN,CHAIR COMMISSIONER,,,MAURICE RAINES ,618,14,441,163,0
Upson,,CC D1,,,GEORGE E. CARRIKER,392,6,305,81,0
Upson,THE JUG,CC D1,,,GEORGE E. CARRIKER,18,0,16,2,0
Upson,LINCOLN PARK,CC D1,,,GEORGE E. CARRIKER,118,0,104,14,0
Upson,YATESVILLE,CC D1,,,GEORGE E. CARRIKER,5,0,5,0,0
Upson,SALEM,CC D1,,,GEORGE E. CARRIKER,9,0,5,4,0
Upson,TOWN,CC D1,,,GEORGE E. CARRIKER,242,6,175,61,0
Upson,,CC D1,,,LORENZO WILDER,498,9,407,81,1
Upson,THE JUG,CC D1,,,LORENZO WILDER,73,0,67,6,0
Upson,LINCOLN PARK,CC D1,,,LORENZO WILDER,92,0,77,14,1
Upson,YATESVILLE,CC D1,,,LORENZO WILDER,0,0,0,0,0
Upson,SALEM,CC D1,,,LORENZO WILDER,178,6,158,14,0
Upson,TOWN,CC D1,,,LORENZO WILDER,155,3,105,47,0
Upson,,CC D2,,,STEVE HUDSON ,1127,33,716,376,2
Upson,REEVES,CC D2,,,STEVE HUDSON ,387,6,288,93,0
Upson,ATWATER,CC D2,,,STEVE HUDSON ,296,9,200,85,2
Upson,TOWN,CC D2,,,STEVE HUDSON ,444,18,228,198,0
Upson,,CC D2,,,HEATHER RUSH,680,25,472,183,0
Upson,REEVES,CC D2,,,HEATHER RUSH,281,7,215,59,0
Upson,ATWATER,CC D2,,,HEATHER RUSH,182,11,135,36,0
Upson,TOWN,CC D2,,,HEATHER RUSH,217,7,122,88,0
Upson,,Republican Party Question 1<br>Should Georgia have casino gambling with funds going to education?,,REP,YES,2759,62,1798,899,0
Upson,THE JUG,Republican Party Question 1<br>Should Georgia have casino gambling with funds going to education?,,REP,YES,79,0,60,19,0
Upson,REDBONE,Republican Party Question 1<br>Should Georgia have casino gambling with funds going to education?,,REP,YES,735,13,450,272,0
Upson,LINCOLN PARK,Republican Party Question 1<br>Should Georgia have casino gambling with funds going to education?,,REP,YES,18,0,5,13,0
Upson,YATESVILLE,Republican Party Question 1<br>Should Georgia have casino gambling with funds going to education?,,REP,YES,157,2,137,18,0
Upson,SALEM,Republican Party Question 1<br>Should Georgia have casino gambling with funds going to education?,,REP,YES,8,0,8,0,0
Upson,REEVES,Republican Party Question 1<br>Should Georgia have casino gambling with funds going to education?,,REP,YES,375,8,286,81,0
Upson,THE ROCK,Republican Party Question 1<br>Should Georgia have casino gambling with funds going to education?,,REP,YES,77,0,59,18,0
Upson,ATWATER,Republican Party Question 1<br>Should Georgia have casino gambling with funds going to education?,,REP,YES,286,10,202,74,0
Upson,TOWN,Republican Party Question 1<br>Should Georgia have casino gambling with funds going to education?,,REP,YES,1024,29,591,404,0
Upson,,Republican Party Question 1<br>Should Georgia have casino gambling with funds going to education?,,REP,NO,2207,77,1388,739,3
Upson,THE JUG,Republican Party Question 1<br>Should Georgia have casino gambling with funds going to education?,,REP,NO,37,0,33,4,0
Upson,REDBONE,Republican Party Question 1<br>Should Georgia have casino gambling with funds going to education?,,REP,NO,578,16,355,206,1
Upson,LINCOLN PARK,Republican Party Question 1<br>Should Georgia have casino gambling with funds going to education?,,REP,NO,15,0,11,4,0
Upson,YATESVILLE,Republican Party Question 1<br>Should Georgia have casino gambling with funds going to education?,,REP,NO,142,4,125,13,0
Upson,SALEM,Republican Party Question 1<br>Should Georgia have casino gambling with funds going to education?,,REP,NO,9,0,5,4,0
Upson,REEVES,Republican Party Question 1<br>Should Georgia have casino gambling with funds going to education?,,REP,NO,312,5,234,73,0
Upson,THE ROCK,Republican Party Question 1<br>Should Georgia have casino gambling with funds going to education?,,REP,NO,63,0,51,12,0
Upson,ATWATER,Republican Party Question 1<br>Should Georgia have casino gambling with funds going to education?,,REP,NO,211,11,149,49,2
Upson,TOWN,Republican Party Question 1<br>Should Georgia have casino gambling with funds going to education?,,REP,NO,840,41,425,374,0
Upson,,Republican Party Question 2<br>Do you support ending the current practice of unlimited gifts from lobbyists to state legislators by imposing a $100 cap on such gifts?,,REP,YES,4191,122,2726,1342,1
Upson,THE JUG,Republican Party Question 2<br>Do you support ending the current practice of unlimited gifts from lobbyists to state legislators by imposing a $100 cap on such gifts?,,REP,YES,96,0,76,20,0
Upson,REDBONE,Republican Party Question 2<br>Do you support ending the current practice of unlimited gifts from lobbyists to state legislators by imposing a $100 cap on such gifts?,,REP,YES,1077,27,676,373,1
Upson,LINCOLN PARK,Republican Party Question 2<br>Do you support ending the current practice of unlimited gifts from lobbyists to state legislators by imposing a $100 cap on such gifts?,,REP,YES,25,0,12,13,0
Upson,YATESVILLE,Republican Party Question 2<br>Do you support ending the current practice of unlimited gifts from lobbyists to state legislators by imposing a $100 cap on such gifts?,,REP,YES,251,5,223,23,0
Upson,SALEM,Republican Party Question 2<br>Do you support ending the current practice of unlimited gifts from lobbyists to state legislators by imposing a $100 cap on such gifts?,,REP,YES,15,0,11,4,0
Upson,REEVES,Republican Party Question 2<br>Do you support ending the current practice of unlimited gifts from lobbyists to state legislators by imposing a $100 cap on such gifts?,,REP,YES,596,12,454,130,0
Upson,THE ROCK,Republican Party Question 2<br>Do you support ending the current practice of unlimited gifts from lobbyists to state legislators by imposing a $100 cap on such gifts?,,REP,YES,129,0,106,23,0
Upson,ATWATER,Republican Party Question 2<br>Do you support ending the current practice of unlimited gifts from lobbyists to state legislators by imposing a $100 cap on such gifts?,,REP,YES,424,17,303,104,0
Upson,TOWN,Republican Party Question 2<br>Do you support ending the current practice of unlimited gifts from lobbyists to state legislators by imposing a $100 cap on such gifts?,,REP,YES,1578,61,865,652,0
Upson,,Republican Party Question 2<br>Do you support ending the current practice of unlimited gifts from lobbyists to state legislators by imposing a $100 cap on such gifts?,,REP,NO,693,19,408,264,2
Upson,THE JUG,Republican Party Question 2<br>Do you support ending the current practice of unlimited gifts from lobbyists to state legislators by imposing a $100 cap on such gifts?,,REP,NO,19,0,16,3,0
Upson,REDBONE,Republican Party Question 2<br>Do you support ending the current practice of unlimited gifts from lobbyists to state legislators by imposing a $100 cap on such gifts?,,REP,NO,199,2,106,91,0
Upson,LINCOLN PARK,Republican Party Question 2<br>Do you support ending the current practice of unlimited gifts from lobbyists to state legislators by imposing a $100 cap on such gifts?,,REP,NO,6,0,3,3,0
Upson,YATESVILLE,Republican Party Question 2<br>Do you support ending the current practice of unlimited gifts from lobbyists to state legislators by imposing a $100 cap on such gifts?,,REP,NO,46,1,37,8,0
Upson,SALEM,Republican Party Question 2<br>Do you support ending the current practice of unlimited gifts from lobbyists to state legislators by imposing a $100 cap on such gifts?,,REP,NO,2,0,2,0,0
Upson,REEVES,Republican Party Question 2<br>Do you support ending the current practice of unlimited gifts from lobbyists to state legislators by imposing a $100 cap on such gifts?,,REP,NO,85,2,60,23,0
Upson,THE ROCK,Republican Party Question 2<br>Do you support ending the current practice of unlimited gifts from lobbyists to state legislators by imposing a $100 cap on such gifts?,,REP,NO,14,0,7,7,0
Upson,ATWATER,Republican Party Question 2<br>Do you support ending the current practice of unlimited gifts from lobbyists to state legislators by imposing a $100 cap on such gifts?,,REP,NO,69,4,46,17,2
Upson,TOWN,Republican Party Question 2<br>Do you support ending the current practice of unlimited gifts from lobbyists to state legislators by imposing a $100 cap on such gifts?,,REP,NO,253,10,131,112,0
Upson,,Republican Party Question 3<br>Should active duty military personnel who are under the age of 21 be allowed to obtain a Georgia weapons license?,,REP,YES,3427,100,2248,1077,2
Upson,THE JUG,Republican Party Question 3<br>Should active duty military personnel who are under the age of 21 be allowed to obtain a Georgia weapons license?,,REP,YES,91,0,76,15,0
Upson,REDBONE,Republican Party Question 3<br>Should active duty military personnel who are under the age of 21 be allowed to obtain a Georgia weapons license?,,REP,YES,917,21,579,317,0
Upson,LINCOLN PARK,Republican Party Question 3<br>Should active duty military personnel who are under the age of 21 be allowed to obtain a Georgia weapons license?,,REP,YES,20,0,8,12,0
Upson,YATESVILLE,Republican Party Question 3<br>Should active duty military personnel who are under the age of 21 be allowed to obtain a Georgia weapons license?,,REP,YES,223,5,193,25,0
Upson,SALEM,Republican Party Question 3<br>Should active duty military personnel who are under the age of 21 be allowed to obtain a Georgia weapons license?,,REP,YES,15,0,13,2,0
Upson,REEVES,Republican Party Question 3<br>Should active duty military personnel who are under the age of 21 be allowed to obtain a Georgia weapons license?,,REP,YES,455,8,349,98,0
Upson,THE ROCK,Republican Party Question 3<br>Should active duty military personnel who are under the age of 21 be allowed to obtain a Georgia weapons license?,,REP,YES,95,0,75,20,0
Upson,ATWATER,Republican Party Question 3<br>Should active duty military personnel who are under the age of 21 be allowed to obtain a Georgia weapons license?,,REP,YES,347,17,249,79,2
Upson,TOWN,Republican Party Question 3<br>Should active duty military personnel who are under the age of 21 be allowed to obtain a Georgia weapons license?,,REP,YES,1264,49,706,509,0
Upson,,Republican Party Question 3<br>Should active duty military personnel who are under the age of 21 be allowed to obtain a Georgia weapons license?,,REP,NO,1511,41,921,548,1
Upson,THE JUG,Republican Party Question 3<br>Should active duty military personnel who are under the age of 21 be allowed to obtain a Georgia weapons license?,,REP,NO,25,0,17,8,0
Upson,REDBONE,Republican Party Question 3<br>Should active duty military personnel who are under the age of 21 be allowed to obtain a Georgia weapons license?,,REP,NO,383,8,219,155,1
Upson,LINCOLN PARK,Republican Party Question 3<br>Should active duty military personnel who are under the age of 21 be allowed to obtain a Georgia weapons license?,,REP,NO,13,0,8,5,0
Upson,YATESVILLE,Republican Party Question 3<br>Should active duty military personnel who are under the age of 21 be allowed to obtain a Georgia weapons license?,,REP,NO,77,1,70,6,0
Upson,SALEM,Republican Party Question 3<br>Should active duty military personnel who are under the age of 21 be allowed to obtain a Georgia weapons license?,,REP,NO,2,0,0,2,0
Upson,REEVES,Republican Party Question 3<br>Should active duty military personnel who are under the age of 21 be allowed to obtain a Georgia weapons license?,,REP,NO,229,6,168,55,0
Upson,THE ROCK,Republican Party Question 3<br>Should active duty military personnel who are under the age of 21 be allowed to obtain a Georgia weapons license?,,REP,NO,47,0,37,10,0
Upson,ATWATER,Republican Party Question 3<br>Should active duty military personnel who are under the age of 21 be allowed to obtain a Georgia weapons license?,,REP,NO,147,4,100,43,0
Upson,TOWN,Republican Party Question 3<br>Should active duty military personnel who are under the age of 21 be allowed to obtain a Georgia weapons license?,,REP,NO,588,22,302,264,0
Upson,,Republican Party Question 4<br>Should Citizens who wish to vote in a primary election be required to register by their political party affiliation at least thirty (30) days prior to such primary election?,,REP,YES,2507,85,1573,847,2
Upson,THE JUG,Republican Party Question 4<br>Should Citizens who wish to vote in a primary election be required to register by their political party affiliation at least thirty (30) days prior to such primary election?,,REP,YES,58,0,47,11,0
Upson,REDBONE,Republican Party Question 4<br>Should Citizens who wish to vote in a primary election be required to register by their political party affiliation at least thirty (30) days prior to such primary election?,,REP,YES,688,19,412,257,0
Upson,LINCOLN PARK,Republican Party Question 4<br>Should Citizens who wish to vote in a primary election be required to register by their political party affiliation at least thirty (30) days prior to such primary election?,,REP,YES,15,0,7,8,0
Upson,YATESVILLE,Republican Party Question 4<br>Should Citizens who wish to vote in a primary election be required to register by their political party affiliation at least thirty (30) days prior to such primary election?,,REP,YES,151,2,126,23,0
Upson,SALEM,Republican Party Question 4<br>Should Citizens who wish to vote in a primary election be required to register by their political party affiliation at least thirty (30) days prior to such primary election?,,REP,YES,7,0,6,1,0
Upson,REEVES,Republican Party Question 4<br>Should Citizens who wish to vote in a primary election be required to register by their political party affiliation at least thirty (30) days prior to such primary election?,,REP,YES,360,6,272,82,0
Upson,THE ROCK,Republican Party Question 4<br>Should Citizens who wish to vote in a primary election be required to register by their political party affiliation at least thirty (30) days prior to such primary election?,,REP,YES,69,0,51,18,0
Upson,ATWATER,Republican Party Question 4<br>Should Citizens who wish to vote in a primary election be required to register by their political party affiliation at least thirty (30) days prior to such primary election?,,REP,YES,250,15,168,65,2
Upson,TOWN,Republican Party Question 4<br>Should Citizens who wish to vote in a primary election be required to register by their political party affiliation at least thirty (30) days prior to such primary election?,,REP,YES,909,43,484,382,0
Upson,,Republican Party Question 4<br>Should Citizens who wish to vote in a primary election be required to register by their political party affiliation at least thirty (30) days prior to such primary election?,,REP,NO,2368,54,1555,758,1
Upson,THE JUG,Republican Party Question 4<br>Should Citizens who wish to vote in a primary election be required to register by their political party affiliation at least thirty (30) days prior to such primary election?,,REP,NO,56,0,44,12,0
Upson,REDBONE,Republican Party Question 4<br>Should Citizens who wish to vote in a primary election be required to register by their political party affiliation at least thirty (30) days prior to such primary election?,,REP,NO,592,10,373,208,1
Upson,LINCOLN PARK,Republican Party Question 4<br>Should Citizens who wish to vote in a primary election be required to register by their political party affiliation at least thirty (30) days prior to such primary election?,,REP,NO,17,0,9,8,0
Upson,YATESVILLE,Republican Party Question 4<br>Should Citizens who wish to vote in a primary election be required to register by their political party affiliation at least thirty (30) days prior to such primary election?,,REP,NO,148,4,136,8,0
Upson,SALEM,Republican Party Question 4<br>Should Citizens who wish to vote in a primary election be required to register by their political party affiliation at least thirty (30) days prior to such primary election?,,REP,NO,10,0,7,3,0
Upson,REEVES,Republican Party Question 4<br>Should Citizens who wish to vote in a primary election be required to register by their political party affiliation at least thirty (30) days prior to such primary election?,,REP,NO,318,7,241,70,0
Upson,THE ROCK,Republican Party Question 4<br>Should Citizens who wish to vote in a primary election be required to register by their political party affiliation at least thirty (30) days prior to such primary election?,,REP,NO,70,0,59,11,0
Upson,ATWATER,Republican Party Question 4<br>Should Citizens who wish to vote in a primary election be required to register by their political party affiliation at least thirty (30) days prior to such primary election?,,REP,NO,241,6,177,58,0
Upson,TOWN,Republican Party Question 4<br>Should Citizens who wish to vote in a primary election be required to register by their political party affiliation at least thirty (30) days prior to such primary election?,,REP,NO,916,27,509,380,0
Upson,,Republican Party Question 5 <br>Life Amendment Question,,REP,YES,3282,97,2106,1076,3
Upson,THE JUG,Republican Party Question 5 <br>Life Amendment Question,,REP,YES,73,0,58,15,0
Upson,REDBONE,Republican Party Question 5 <br>Life Amendment Question,,REP,YES,895,21,557,316,1
Upson,LINCOLN PARK,Republican Party Question 5 <br>Life Amendment Question,,REP,YES,24,0,12,12,0
Upson,YATESVILLE,Republican Party Question 5 <br>Life Amendment Question,,REP,YES,191,5,164,22,0
Upson,SALEM,Republican Party Question 5 <br>Life Amendment Question,,REP,YES,15,0,11,4,0
Upson,REEVES,Republican Party Question 5 <br>Life Amendment Question,,REP,YES,470,7,350,113,0
Upson,THE ROCK,Republican Party Question 5 <br>Life Amendment Question,,REP,YES,84,0,69,15,0
Upson,ATWATER,Republican Party Question 5 <br>Life Amendment Question,,REP,YES,316,15,220,79,2
Upson,TOWN,Republican Party Question 5 <br>Life Amendment Question,,REP,YES,1214,49,665,500,0
Upson,,Republican Party Question 5 <br>Life Amendment Question,,REP,NO,1383,34,897,452,0
Upson,THE JUG,Republican Party Question 5 <br>Life Amendment Question,,REP,NO,39,0,32,7,0
Upson,REDBONE,Republican Party Question 5 <br>Life Amendment Question,,REP,NO,340,7,203,130,0
Upson,LINCOLN PARK,Republican Party Question 5 <br>Life Amendment Question,,REP,NO,6,0,2,4,0
Upson,YATESVILLE,Republican Party Question 5 <br>Life Amendment Question,,REP,NO,89,1,82,6,0
Upson,SALEM,Republican Party Question 5 <br>Life Amendment Question,,REP,NO,2,0,2,0,0
Upson,REEVES,Republican Party Question 5 <br>Life Amendment Question,,REP,NO,185,5,143,37,0
Upson,THE ROCK,Republican Party Question 5 <br>Life Amendment Question,,REP,NO,55,0,41,14,0
Upson,ATWATER,Republican Party Question 5 <br>Life Amendment Question,,REP,NO,143,3,105,35,0
Upson,TOWN,Republican Party Question 5 <br>Life Amendment Question,,REP,NO,524,18,287,219,0
Upson,,Democratic Party Question 1<br>Should the Georgia Constitution be amended to allow the state to override locally-elected school boards’ decisions when it comes to the creation of charter schools in your county or city?,,DEM,YES,879,14,687,178,0
Upson,THE JUG,Democratic Party Question 1<br>Should the Georgia Constitution be amended to allow the state to override locally-elected school boards’ decisions when it comes to the creation of charter schools in your county or city?,,DEM,YES,35,0,31,4,0
Upson,REDBONE,Democratic Party Question 1<br>Should the Georgia Constitution be amended to allow the state to override locally-elected school boards’ decisions when it comes to the creation of charter schools in your county or city?,,DEM,YES,230,1,166,63,0
Upson,LINCOLN PARK,Democratic Party Question 1<br>Should the Georgia Constitution be amended to allow the state to override locally-elected school boards’ decisions when it comes to the creation of charter schools in your county or city?,,DEM,YES,105,0,91,14,0
Upson,YATESVILLE,Democratic Party Question 1<br>Should the Georgia Constitution be amended to allow the state to override locally-elected school boards’ decisions when it comes to the creation of charter schools in your county or city?,,DEM,YES,22,0,21,1,0
Upson,SALEM,Democratic Party Question 1<br>Should the Georgia Constitution be amended to allow the state to override locally-elected school boards’ decisions when it comes to the creation of charter schools in your county or city?,,DEM,YES,81,1,74,6,0
Upson,REEVES,Democratic Party Question 1<br>Should the Georgia Constitution be amended to allow the state to override locally-elected school boards’ decisions when it comes to the creation of charter schools in your county or city?,,DEM,YES,20,0,16,4,0
Upson,THE ROCK,Democratic Party Question 1<br>Should the Georgia Constitution be amended to allow the state to override locally-elected school boards’ decisions when it comes to the creation of charter schools in your county or city?,,DEM,YES,9,0,9,0,0
Upson,ATWATER,Democratic Party Question 1<br>Should the Georgia Constitution be amended to allow the state to override locally-elected school boards’ decisions when it comes to the creation of charter schools in your county or city?,,DEM,YES,21,1,19,1,0
Upson,TOWN,Democratic Party Question 1<br>Should the Georgia Constitution be amended to allow the state to override locally-elected school boards’ decisions when it comes to the creation of charter schools in your county or city?,,DEM,YES,356,11,260,85,0
Upson,,Democratic Party Question 1<br>Should the Georgia Constitution be amended to allow the state to override locally-elected school boards’ decisions when it comes to the creation of charter schools in your county or city?,,DEM,NO,825,24,613,187,1
Upson,THE JUG,Democratic Party Question 1<br>Should the Georgia Constitution be amended to allow the state to override locally-elected school boards’ decisions when it comes to the creation of charter schools in your county or city?,,DEM,NO,43,0,39,4,0
Upson,REDBONE,Democratic Party Question 1<br>Should the Georgia Constitution be amended to allow the state to override locally-elected school boards’ decisions when it comes to the creation of charter schools in your county or city?,,DEM,NO,184,5,121,58,0
Upson,LINCOLN PARK,Democratic Party Question 1<br>Should the Georgia Constitution be amended to allow the state to override locally-elected school boards’ decisions when it comes to the creation of charter schools in your county or city?,,DEM,NO,86,0,76,9,1
Upson,YATESVILLE,Democratic Party Question 1<br>Should the Georgia Constitution be amended to allow the state to override locally-elected school boards’ decisions when it comes to the creation of charter schools in your county or city?,,DEM,NO,25,0,21,4,0
Upson,SALEM,Democratic Party Question 1<br>Should the Georgia Constitution be amended to allow the state to override locally-elected school boards’ decisions when it comes to the creation of charter schools in your county or city?,,DEM,NO,98,5,83,10,0
Upson,REEVES,Democratic Party Question 1<br>Should the Georgia Constitution be amended to allow the state to override locally-elected school boards’ decisions when it comes to the creation of charter schools in your county or city?,,DEM,NO,33,3,25,5,0
Upson,THE ROCK,Democratic Party Question 1<br>Should the Georgia Constitution be amended to allow the state to override locally-elected school boards’ decisions when it comes to the creation of charter schools in your county or city?,,DEM,NO,5,0,4,1,0
Upson,ATWATER,Democratic Party Question 1<br>Should the Georgia Constitution be amended to allow the state to override locally-elected school boards’ decisions when it comes to the creation of charter schools in your county or city?,,DEM,NO,29,0,27,2,0
Upson,TOWN,Democratic Party Question 1<br>Should the Georgia Constitution be amended to allow the state to override locally-elected school boards’ decisions when it comes to the creation of charter schools in your county or city?,,DEM,NO,322,11,217,94,0
Upson,,Democratic Party Question 2<br>Do you support ending current practice permitting unlimited gifts from lobbyists to state legislators?,,DEM,YES,1046,33,792,220,1
Upson,THE JUG,Democratic Party Question 2<br>Do you support ending current practice permitting unlimited gifts from lobbyists to state legislators?,,DEM,YES,52,0,45,7,0
Upson,REDBONE,Democratic Party Question 2<br>Do you support ending current practice permitting unlimited gifts from lobbyists to state legislators?,,DEM,YES,260,6,183,71,0
Upson,LINCOLN PARK,Democratic Party Question 2<br>Do you support ending current practice permitting unlimited gifts from lobbyists to state legislators?,,DEM,YES,97,0,83,13,1
Upson,YATESVILLE,Democratic Party Question 2<br>Do you support ending current practice permitting unlimited gifts from lobbyists to state legislators?,,DEM,YES,34,0,30,4,0
Upson,SALEM,Democratic Party Question 2<br>Do you support ending current practice permitting unlimited gifts from lobbyists to state legislators?,,DEM,YES,112,6,94,12,0
Upson,REEVES,Democratic Party Question 2<br>Do you support ending current practice permitting unlimited gifts from lobbyists to state legislators?,,DEM,YES,37,3,28,6,0
Upson,THE ROCK,Democratic Party Question 2<br>Do you support ending current practice permitting unlimited gifts from lobbyists to state legislators?,,DEM,YES,12,0,11,1,0
Upson,ATWATER,Democratic Party Question 2<br>Do you support ending current practice permitting unlimited gifts from lobbyists to state legislators?,,DEM,YES,31,1,28,2,0
Upson,TOWN,Democratic Party Question 2<br>Do you support ending current practice permitting unlimited gifts from lobbyists to state legislators?,,DEM,YES,411,17,290,104,0
Upson,,Democratic Party Question 2<br>Do you support ending current practice permitting unlimited gifts from lobbyists to state legislators?,,DEM,NO,672,4,523,145,0
Upson,THE JUG,Democratic Party Question 2<br>Do you support ending current practice permitting unlimited gifts from lobbyists to state legislators?,,DEM,NO,28,0,27,1,0
Upson,REDBONE,Democratic Party Question 2<br>Do you support ending current practice permitting unlimited gifts from lobbyists to state legislators?,,DEM,NO,155,0,106,49,0
Upson,LINCOLN PARK,Democratic Party Question 2<br>Do you support ending current practice permitting unlimited gifts from lobbyists to state legislators?,,DEM,NO,92,0,83,9,0
Upson,YATESVILLE,Democratic Party Question 2<br>Do you support ending current practice permitting unlimited gifts from lobbyists to state legislators?,,DEM,NO,15,0,14,1,0
Upson,SALEM,Democratic Party Question 2<br>Do you support ending current practice permitting unlimited gifts from lobbyists to state legislators?,,DEM,NO,69,0,64,5,0
Upson,REEVES,Democratic Party Question 2<br>Do you support ending current practice permitting unlimited gifts from lobbyists to state legislators?,,DEM,NO,18,0,15,3,0
Upson,THE ROCK,Democratic Party Question 2<br>Do you support ending current practice permitting unlimited gifts from lobbyists to state legislators?,,DEM,NO,4,0,3,1,0
Upson,ATWATER,Democratic Party Question 2<br>Do you support ending current practice permitting unlimited gifts from lobbyists to state legislators?,,DEM,NO,23,0,22,1,0
Upson,TOWN,Democratic Party Question 2<br>Do you support ending current practice permitting unlimited gifts from lobbyists to state legislators?,,DEM,NO,268,4,189,75,0
Upson,,Democratic Party Question 3<br>Should Georgia adopt an income tax credit for home energy costs to support the economic security of our families?,,DEM,YES,1439,29,1110,299,1
Upson,THE JUG,Democratic Party Question 3<br>Should Georgia adopt an income tax credit for home energy costs to support the economic security of our families?,,DEM,YES,71,0,64,7,0
Upson,REDBONE,Democratic Party Question 3<br>Should Georgia adopt an income tax credit for home energy costs to support the economic security of our families?,,DEM,YES,351,6,244,101,0
Upson,LINCOLN PARK,Democratic Party Question 3<br>Should Georgia adopt an income tax credit for home energy costs to support the economic security of our families?,,DEM,YES,164,0,143,20,1
Upson,YATESVILLE,Democratic Party Question 3<br>Should Georgia adopt an income tax credit for home energy costs to support the economic security of our families?,,DEM,YES,37,0,35,2,0
Upson,SALEM,Democratic Party Question 3<br>Should Georgia adopt an income tax credit for home energy costs to support the economic security of our families?,,DEM,YES,145,6,124,15,0
Upson,REEVES,Democratic Party Question 3<br>Should Georgia adopt an income tax credit for home energy costs to support the economic security of our families?,,DEM,YES,37,2,28,7,0
Upson,THE ROCK,Democratic Party Question 3<br>Should Georgia adopt an income tax credit for home energy costs to support the economic security of our families?,,DEM,YES,14,0,12,2,0
Upson,ATWATER,Democratic Party Question 3<br>Should Georgia adopt an income tax credit for home energy costs to support the economic security of our families?,,DEM,YES,44,0,41,3,0
Upson,TOWN,Democratic Party Question 3<br>Should Georgia adopt an income tax credit for home energy costs to support the economic security of our families?,,DEM,YES,576,15,419,142,0
Upson,,Democratic Party Question 3<br>Should Georgia adopt an income tax credit for home energy costs to support the economic security of our families?,,DEM,NO,310,9,230,71,0
Upson,THE JUG,Democratic Party Question 3<br>Should Georgia adopt an income tax credit for home energy costs to support the economic security of our families?,,DEM,NO,13,0,11,2,0
Upson,REDBONE,Democratic Party Question 3<br>Should Georgia adopt an income tax credit for home energy costs to support the economic security of our families?,,DEM,NO,78,0,56,22,0
Upson,LINCOLN PARK,Democratic Party Question 3<br>Should Georgia adopt an income tax credit for home energy costs to support the economic security of our families?,,DEM,NO,31,0,26,5,0
Upson,YATESVILLE,Democratic Party Question 3<br>Should Georgia adopt an income tax credit for home energy costs to support the economic security of our families?,,DEM,NO,11,0,9,2,0
Upson,SALEM,Democratic Party Question 3<br>Should Georgia adopt an income tax credit for home energy costs to support the economic security of our families?,,DEM,NO,34,0,31,3,0
Upson,REEVES,Democratic Party Question 3<br>Should Georgia adopt an income tax credit for home energy costs to support the economic security of our families?,,DEM,NO,17,1,14,2,0
Upson,THE ROCK,Democratic Party Question 3<br>Should Georgia adopt an income tax credit for home energy costs to support the economic security of our families?,,DEM,NO,2,0,2,0,0
Upson,ATWATER,Democratic Party Question 3<br>Should Georgia adopt an income tax credit for home energy costs to support the economic security of our families?,,DEM,NO,12,2,10,0,0
Upson,TOWN,Democratic Party Question 3<br>Should Georgia adopt an income tax credit for home energy costs to support the economic security of our families?,,DEM,NO,112,6,71,35,0
Upson,,Democratic Party Question 4 <br>Should Georgia reduce sales taxes on Made in Georgia products so as to support the growth of small businesses in our state?,,DEM,YES,1603,31,1231,340,1
Upson,THE JUG,Democratic Party Question 4 <br>Should Georgia reduce sales taxes on Made in Georgia products so as to support the growth of small businesses in our state?,,DEM,YES,74,0,65,9,0
Upson,REDBONE,Democratic Party Question 4 <br>Should Georgia reduce sales taxes on Made in Georgia products so as to support the growth of small businesses in our state?,,DEM,YES,394,4,276,114,0
Upson,LINCOLN PARK,Democratic Party Question 4 <br>Should Georgia reduce sales taxes on Made in Georgia products so as to support the growth of small businesses in our state?,,DEM,YES,183,0,158,24,1
Upson,YATESVILLE,Democratic Party Question 4 <br>Should Georgia reduce sales taxes on Made in Georgia products so as to support the growth of small businesses in our state?,,DEM,YES,47,0,42,5,0
Upson,SALEM,Democratic Party Question 4 <br>Should Georgia reduce sales taxes on Made in Georgia products so as to support the growth of small businesses in our state?,,DEM,YES,162,6,140,16,0
Upson,REEVES,Democratic Party Question 4 <br>Should Georgia reduce sales taxes on Made in Georgia products so as to support the growth of small businesses in our state?,,DEM,YES,53,3,41,9,0
Upson,THE ROCK,Democratic Party Question 4 <br>Should Georgia reduce sales taxes on Made in Georgia products so as to support the growth of small businesses in our state?,,DEM,YES,14,0,12,2,0
Upson,ATWATER,Democratic Party Question 4 <br>Should Georgia reduce sales taxes on Made in Georgia products so as to support the growth of small businesses in our state?,,DEM,YES,49,2,44,3,0
Upson,TOWN,Democratic Party Question 4 <br>Should Georgia reduce sales taxes on Made in Georgia products so as to support the growth of small businesses in our state?,,DEM,YES,627,16,453,158,0
Upson,,Democratic Party Question 4 <br>Should Georgia reduce sales taxes on Made in Georgia products so as to support the growth of small businesses in our state?,,DEM,NO,176,7,131,38,0
Upson,THE JUG,Democratic Party Question 4 <br>Should Georgia reduce sales taxes on Made in Georgia products so as to support the growth of small businesses in our state?,,DEM,NO,8,0,8,0,0
Upson,REDBONE,Democratic Party Question 4 <br>Should Georgia reduce sales taxes on Made in Georgia products so as to support the growth of small businesses in our state?,,DEM,NO,41,2,27,12,0
Upson,LINCOLN PARK,Democratic Party Question 4 <br>Should Georgia reduce sales taxes on Made in Georgia products so as to support the growth of small businesses in our state?,,DEM,NO,20,0,18,2,0
Upson,YATESVILLE,Democratic Party Question 4 <br>Should Georgia reduce sales taxes on Made in Georgia products so as to support the growth of small businesses in our state?,,DEM,NO,4,0,4,0,0
Upson,SALEM,Democratic Party Question 4 <br>Should Georgia reduce sales taxes on Made in Georgia products so as to support the growth of small businesses in our state?,,DEM,NO,17,0,16,1,0
Upson,REEVES,Democratic Party Question 4 <br>Should Georgia reduce sales taxes on Made in Georgia products so as to support the growth of small businesses in our state?,,DEM,NO,4,0,4,0,0
Upson,THE ROCK,Democratic Party Question 4 <br>Should Georgia reduce sales taxes on Made in Georgia products so as to support the growth of small businesses in our state?,,DEM,NO,2,0,2,0,0
Upson,ATWATER,Democratic Party Question 4 <br>Should Georgia reduce sales taxes on Made in Georgia products so as to support the growth of small businesses in our state?,,DEM,NO,6,0,6,0,0
Upson,TOWN,Democratic Party Question 4 <br>Should Georgia reduce sales taxes on Made in Georgia products so as to support the growth of small businesses in our state?,,DEM,NO,74,5,46,23,0
Upson,,Supreme Court Justice, Hunstein,I,CAROL W. HUNSTEIN,5519,133,3725,1658,3
Upson,THE JUG,Supreme Court Justice, Hunstein,I,CAROL W. HUNSTEIN,170,0,142,28,0
Upson,REDBONE,Supreme Court Justice, Hunstein,I,CAROL W. HUNSTEIN,1444,29,912,502,1
Upson,LINCOLN PARK,Supreme Court Justice, Hunstein,I,CAROL W. HUNSTEIN,167,0,134,33,0
Upson,YATESVILLE,Supreme Court Justice, Hunstein,I,CAROL W. HUNSTEIN,288,2,254,32,0
Upson,SALEM,Supreme Court Justice, Hunstein,I,CAROL W. HUNSTEIN,165,6,142,17,0
Upson,REEVES,Supreme Court Justice, Hunstein,I,CAROL W. HUNSTEIN,610,14,462,134,0
Upson,THE ROCK,Supreme Court Justice, Hunstein,I,CAROL W. HUNSTEIN,131,0,111,20,0
Upson,ATWATER,Supreme Court Justice, Hunstein,I,CAROL W. HUNSTEIN,456,14,334,106,2
Upson,TOWN,Supreme Court Justice, Hunstein,I,CAROL W. HUNSTEIN,2088,68,1234,786,0
Upson,,Supreme Court Justice, Hunstein,,Write-in,14,0,9,5,0
Upson,THE JUG,Supreme Court Justice, Hunstein,,Write-in,0,0,0,0,0
Upson,REDBONE,Supreme Court Justice, Hunstein,,Write-in,4,0,3,1,0
Upson,LINCOLN PARK,Supreme Court Justice, Hunstein,,Write-in,0,0,0,0,0
Upson,YATESVILLE,Supreme Court Justice, Hunstein,,Write-in,2,0,2,0,0
Upson,SALEM,Supreme Court Justice, Hunstein,,Write-in,0,0,0,0,0
Upson,REEVES,Supreme Court Justice, Hunstein,,Write-in,1,0,0,1,0
Upson,THE ROCK,Supreme Court Justice, Hunstein,,Write-in,0,0,0,0,0
Upson,ATWATER,Supreme Court Justice, Hunstein,,Write-in,2,0,1,1,0
Upson,TOWN,Supreme Court Justice, Hunstein,,Write-in,5,0,3,2,0
Upson,,Supreme Court Justice, Melton,,HAROLD D. MELTON ,5497,136,3689,1669,3
Upson,THE JUG,Supreme Court Justice, Melton,,HAROLD D. MELTON ,163,0,136,27,0
Upson,REDBONE,Supreme Court Justice, Melton,,HAROLD D. MELTON ,1434,29,901,503,1
Upson,LINCOLN PARK,Supreme Court Justice, Melton,,HAROLD D. MELTON ,169,0,136,33,0
Upson,YATESVILLE,Supreme Court Justice, Melton,,HAROLD D. MELTON ,288,2,253,33,0
Upson,SALEM,Supreme Court Justice, Melton,,HAROLD D. MELTON ,167,6,143,18,0
Upson,REEVES,Supreme Court Justice, Melton,,HAROLD D. MELTON ,607,14,458,135,0
Upson,THE ROCK,Supreme Court Justice, Melton,,HAROLD D. MELTON ,130,0,109,21,0
Upson,ATWATER,Supreme Court Justice, Melton,,HAROLD D. MELTON ,459,14,334,109,2
Upson,TOWN,Supreme Court Justice, Melton,,HAROLD D. MELTON ,2080,71,1219,790,0
Upson,,Supreme Court Justice, Melton,,Write-in,8,0,6,2,0
Upson,THE JUG,Supreme Court Justice, Melton,,Write-in,1,0,1,0,0
Upson,REDBONE,Supreme Court Justice, Melton,,Write-in,1,0,1,0,0
Upson,LINCOLN PARK,Supreme Court Justice, Melton,,Write-in,0,0,0,0,0
Upson,YATESVILLE,Supreme Court Justice, Melton,,Write-in,1,0,1,0,0
Upson,SALEM,Supreme Court Justice, Melton,,Write-in,0,0,0,0,0
Upson,REEVES,Supreme Court Justice, Melton,,Write-in,0,0,0,0,0
Upson,THE ROCK,Supreme Court Justice, Melton,,Write-in,0,0,0,0,0
Upson,ATWATER,Supreme Court Justice, Melton,,Write-in,2,0,1,1,0
Upson,TOWN,Supreme Court Justice, Melton,,Write-in,3,0,2,1,0
Upson,,Supreme Court Justice, Thompson,,HUGH P. THOMPSON ,5519,130,3714,1672,3
Upson,THE JUG,Supreme Court Justice, Thompson,,HUGH P. THOMPSON ,165,0,137,28,0
Upson,REDBONE,Supreme Court Justice, Thompson,,HUGH P. THOMPSON ,1449,27,919,502,1
Upson,LINCOLN PARK,Supreme Court Justice, Thompson,,HUGH P. THOMPSON ,165,0,135,30,0
Upson,YATESVILLE,Supreme Court Justice, Thompson,,HUGH P. THOMPSON ,291,2,256,33,0
Upson,SALEM,Supreme Court Justice, Thompson,,HUGH P. THOMPSON ,167,6,143,18,0
Upson,REEVES,Supreme Court Justice, Thompson,,HUGH P. THOMPSON ,603,14,454,135,0
Upson,THE ROCK,Supreme Court Justice, Thompson,,HUGH P. THOMPSON ,130,0,109,21,0
Upson,ATWATER,Supreme Court Justice, Thompson,,HUGH P. THOMPSON ,460,15,335,108,2
Upson,TOWN,Supreme Court Justice, Thompson,,HUGH P. THOMPSON ,2089,66,1226,797,0
Upson,,Supreme Court Justice, Thompson,,Write-in,7,0,3,4,0
Upson,THE JUG,Supreme Court Justice, Thompson,,Write-in,0,0,0,0,0
Upson,REDBONE,Supreme Court Justice, Thompson,,Write-in,0,0,0,0,0
Upson,LINCOLN PARK,Supreme Court Justice, Thompson,,Write-in,1,0,0,1,0
Upson,YATESVILLE,Supreme Court Justice, Thompson,,Write-in,0,0,0,0,0
Upson,SALEM,Supreme Court Justice, Thompson,,Write-in,0,0,0,0,0
Upson,REEVES,Supreme Court Justice, Thompson,,Write-in,0,0,0,0,0
Upson,THE ROCK,Supreme Court Justice, Thompson,,Write-in,0,0,0,0,0
Upson,ATWATER,Supreme Court Justice, Thompson,,Write-in,2,0,1,1,0
Upson,TOWN,Supreme Court Justice, Thompson,,Write-in,4,0,2,2,0
Upson,,Appeals Court Judge, Boggs,,MICHAEL P. BOGGS ,5393,131,3624,1635,3
Upson,THE JUG,Appeals Court Judge, Boggs,,MICHAEL P. BOGGS ,165,0,137,28,0
Upson,REDBONE,Appeals Court Judge, Boggs,,MICHAEL P. BOGGS ,1403,27,884,491,1
Upson,LINCOLN PARK,Appeals Court Judge, Boggs,,MICHAEL P. BOGGS ,158,0,126,32,0
Upson,YATESVILLE,Appeals Court Judge, Boggs,,MICHAEL P. BOGGS ,284,2,252,30,0
Upson,SALEM,Appeals Court Judge, Boggs,,MICHAEL P. BOGGS ,166,6,142,18,0
Upson,REEVES,Appeals Court Judge, Boggs,,MICHAEL P. BOGGS ,602,14,453,135,0
Upson,THE ROCK,Appeals Court Judge, Boggs,,MICHAEL P. BOGGS ,126,0,109,17,0
Upson,ATWATER,Appeals Court Judge, Boggs,,MICHAEL P. BOGGS ,452,14,331,105,2
Upson,TOWN,Appeals Court Judge, Boggs,,MICHAEL P. BOGGS ,2037,68,1190,779,0
Upson,,Appeals Court Judge, Boggs,,Write-in,5,0,3,2,0
Upson,THE JUG,Appeals Court Judge, Boggs,,Write-in,0,0,0,0,0
Upson,REDBONE,Appeals Court Judge, Boggs,,Write-in,2,0,1,1,0
Upson,LINCOLN PARK,Appeals Court Judge, Boggs,,Write-in,0,0,0,0,0
Upson,YATESVILLE,Appeals Court Judge, Boggs,,Write-in,0,0,0,0,0
Upson,SALEM,Appeals Court Judge, Boggs,,Write-in,0,0,0,0,0
Upson,REEVES,Appeals Court Judge, Boggs,,Write-in,0,0,0,0,0
Upson,THE ROCK,Appeals Court Judge, Boggs,,Write-in,0,0,0,0,0
Upson,ATWATER,Appeals Court Judge, Boggs,,Write-in,2,0,1,1,0
Upson,TOWN,Appeals Court Judge, Boggs,,Write-in,1,0,1,0,0
Upson,,Appeals Court Judge, Dillard,,STEPHEN DILLARD ,5384,131,3626,1624,3
Upson,THE JUG,Appeals Court Judge, Dillard,,STEPHEN DILLARD ,162,0,135,27,0
Upson,REDBONE,Appeals Court Judge, Dillard,,STEPHEN DILLARD ,1401,27,882,491,1
Upson,LINCOLN PARK,Appeals Court Judge, Dillard,,STEPHEN DILLARD ,166,0,134,32,0
Upson,YATESVILLE,Appeals Court Judge, Dillard,,STEPHEN DILLARD ,282,2,250,30,0
Upson,SALEM,Appeals Court Judge, Dillard,,STEPHEN DILLARD ,167,6,143,18,0
Upson,REEVES,Appeals Court Judge, Dillard,,STEPHEN DILLARD ,599,14,452,133,0
Upson,THE ROCK,Appeals Court Judge, Dillard,,STEPHEN DILLARD ,125,0,108,17,0
Upson,ATWATER,Appeals Court Judge, Dillard,,STEPHEN DILLARD ,451,14,329,106,2
Upson,TOWN,Appeals Court Judge, Dillard,,STEPHEN DILLARD ,2031,68,1193,770,0
Upson,,Appeals Court Judge, Dillard,,Write-in,5,0,3,2,0
Upson,THE JUG,Appeals Court Judge, Dillard,,Write-in,0,0,0,0,0
Upson,REDBONE,Appeals Court Judge, Dillard,,Write-in,0,0,0,0,0
Upson,LINCOLN PARK,Appeals Court Judge, Dillard,,Write-in,1,0,1,0,0
Upson,YATESVILLE,Appeals Court Judge, Dillard,,Write-in,0,0,0,0,0
Upson,SALEM,Appeals Court Judge, Dillard,,Write-in,0,0,0,0,0
Upson,REEVES,Appeals Court Judge, Dillard,,Write-in,0,0,0,0,0
Upson,THE ROCK,Appeals Court Judge, Dillard,,Write-in,0,0,0,0,0
Upson,ATWATER,Appeals Court Judge, Dillard,,Write-in,2,0,1,1,0
Upson,TOWN,Appeals Court Judge, Dillard,,Write-in,2,0,1,1,0
Upson,,Appeals Court Judge, Ellington,I,JOHN J. ELLINGTON,5458,130,3684,1641,3
Upson,THE JUG,Appeals Court Judge, Ellington,I,JOHN J. ELLINGTON,169,0,141,28,0
Upson,REDBONE,Appeals Court Judge, Ellington,I,JOHN J. ELLINGTON,1415,26,894,494,1
Upson,LINCOLN PARK,Appeals Court Judge, Ellington,I,JOHN J. ELLINGTON,170,0,137,33,0
Upson,YATESVILLE,Appeals Court Judge, Ellington,I,JOHN J. ELLINGTON,282,2,250,30,0
Upson,SALEM,Appeals Court Judge, Ellington,I,JOHN J. ELLINGTON,167,6,143,18,0
Upson,REEVES,Appeals Court Judge, Ellington,I,JOHN J. ELLINGTON,603,14,457,132,0
Upson,THE ROCK,Appeals Court Judge, Ellington,I,JOHN J. ELLINGTON,124,0,107,17,0
Upson,ATWATER,Appeals Court Judge, Ellington,I,JOHN J. ELLINGTON,457,16,332,107,2
Upson,TOWN,Appeals Court Judge, Ellington,I,JOHN J. ELLINGTON,2071,66,1223,782,0
Upson,,Appeals Court Judge, Ellington,,Write-in,6,0,5,1,0
Upson,THE JUG,Appeals Court Judge, Ellington,,Write-in,0,0,0,0,0
Upson,REDBONE,Appeals Court Judge, Ellington,,Write-in,2,0,2,0,0
Upson,LINCOLN PARK,Appeals Court Judge, Ellington,,Write-in,0,0,0,0,0
Upson,YATESVILLE,Appeals Court Judge, Ellington,,Write-in,0,0,0,0,0
Upson,SALEM,Appeals Court Judge, Ellington,,Write-in,0,0,0,0,0
Upson,REEVES,Appeals Court Judge, Ellington,,Write-in,0,0,0,0,0
Upson,THE ROCK,Appeals Court Judge, Ellington,,Write-in,0,0,0,0,0
Upson,ATWATER,Appeals Court Judge, Ellington,,Write-in,2,0,1,1,0
Upson,TOWN,Appeals Court Judge, Ellington,,Write-in,2,0,2,0,0
Upson,,Appeals Court Judge, Miller,,M. YVETTE MILLER ,5383,130,3628,1622,3
Upson,THE JUG,Appeals Court Judge, Miller,,M. YVETTE MILLER ,167,0,139,28,0
Upson,REDBONE,Appeals Court Judge, Miller,,M. YVETTE MILLER ,1403,27,889,486,1
Upson,LINCOLN PARK,Appeals Court Judge, Miller,,M. YVETTE MILLER ,164,0,132,32,0
Upson,YATESVILLE,Appeals Court Judge, Miller,,M. YVETTE MILLER ,277,2,246,29,0
Upson,SALEM,Appeals Court Judge, Miller,,M. YVETTE MILLER ,170,6,146,18,0
Upson,REEVES,Appeals Court Judge, Miller,,M. YVETTE MILLER ,592,14,446,132,0
Upson,THE ROCK,Appeals Court Judge, Miller,,M. YVETTE MILLER ,123,0,106,17,0
Upson,ATWATER,Appeals Court Judge, Miller,,M. YVETTE MILLER ,451,13,331,105,2
Upson,TOWN,Appeals Court Judge, Miller,,M. YVETTE MILLER ,2036,68,1193,775,0
Upson,,Appeals Court Judge, Miller,,Write-in,6,1,2,3,0
Upson,THE JUG,Appeals Court Judge, Miller,,Write-in,0,0,0,0,0
Upson,REDBONE,Appeals Court Judge, Miller,,Write-in,0,0,0,0,0
Upson,LINCOLN PARK,Appeals Court Judge, Miller,,Write-in,0,0,0,0,0
Upson,YATESVILLE,Appeals Court Judge, Miller,,Write-in,0,0,0,0,0
Upson,SALEM,Appeals Court Judge, Miller,,Write-in,0,0,0,0,0
Upson,REEVES,Appeals Court Judge, Miller,,Write-in,1,0,1,0,0
Upson,THE ROCK,Appeals Court Judge, Miller,,Write-in,0,0,0,0,0
Upson,ATWATER,Appeals Court Judge, Miller,,Write-in,2,0,1,1,0
Upson,TOWN,Appeals Court Judge, Miller,,Write-in,3,1,0,2,0
Upson,,Appeals Court Judge, Phipps,,HERBERT PHIPPS ,5359,129,3611,1616,3
Upson,THE JUG,Appeals Court Judge, Phipps,,HERBERT PHIPPS ,164,0,136,28,0
Upson,REDBONE,Appeals Court Judge, Phipps,,HERBERT PHIPPS ,1399,27,884,487,1
Upson,LINCOLN PARK,Appeals Court Judge, Phipps,,HERBERT PHIPPS ,154,0,123,31,0
Upson,YATESVILLE,Appeals Court Judge, Phipps,,HERBERT PHIPPS ,278,2,247,29,0
Upson,SALEM,Appeals Court Judge, Phipps,,HERBERT PHIPPS ,164,6,140,18,0
Upson,REEVES,Appeals Court Judge, Phipps,,HERBERT PHIPPS ,598,13,452,133,0
Upson,THE ROCK,Appeals Court Judge, Phipps,,HERBERT PHIPPS ,125,0,107,18,0
Upson,ATWATER,Appeals Court Judge, Phipps,,HERBERT PHIPPS ,452,13,331,106,2
Upson,TOWN,Appeals Court Judge, Phipps,,HERBERT PHIPPS ,2025,68,1191,766,0
Upson,,Appeals Court Judge, Phipps,,Write-in,5,1,3,1,0
Upson,THE JUG,Appeals Court Judge, Phipps,,Write-in,0,0,0,0,0
Upson,REDBONE,Appeals Court Judge, Phipps,,Write-in,1,0,1,0,0
Upson,LINCOLN PARK,Appeals Court Judge, Phipps,,Write-in,0,0,0,0,0
Upson,YATESVILLE,Appeals Court Judge, Phipps,,Write-in,0,0,0,0,0
Upson,SALEM,Appeals Court Judge, Phipps,,Write-in,0,0,0,0,0
Upson,REEVES,Appeals Court Judge, Phipps,,Write-in,1,1,0,0,0
Upson,THE ROCK,Appeals Court Judge, Phipps,,Write-in,0,0,0,0,0
Upson,ATWATER,Appeals Court Judge, Phipps,,Write-in,2,0,1,1,0
Upson,TOWN,Appeals Court Judge, Phipps,,Write-in,1,0,1,0,0
Upson,,Superior Court Judge, Griffin Circuit (Crawford),,MACK CRAWFORD ,5738,142,3840,1753,3
Upson,THE JUG,Superior Court Judge, Griffin Circuit (Crawford),,MACK CRAWFORD ,170,0,141,29,0
Upson,REDBONE,Superior Court Judge, Griffin Circuit (Crawford),,MACK CRAWFORD ,1489,28,942,518,1
Upson,LINCOLN PARK,Superior Court Judge, Griffin Circuit (Crawford),,MACK CRAWFORD ,168,0,135,33,0
Upson,YATESVILLE,Superior Court Judge, Griffin Circuit (Crawford),,MACK CRAWFORD ,299,2,264,33,0
Upson,SALEM,Superior Court Judge, Griffin Circuit (Crawford),,MACK CRAWFORD ,166,6,143,17,0
Upson,REEVES,Superior Court Judge, Griffin Circuit (Crawford),,MACK CRAWFORD ,647,14,487,146,0
Upson,THE ROCK,Superior Court Judge, Griffin Circuit (Crawford),,MACK CRAWFORD ,133,0,112,21,0
Upson,ATWATER,Superior Court Judge, Griffin Circuit (Crawford),,MACK CRAWFORD ,488,18,352,116,2
Upson,TOWN,Superior Court Judge, Griffin Circuit (Crawford),,MACK CRAWFORD ,2178,74,1264,840,0
Upson,,Superior Court Judge, Griffin Circuit (Crawford),,Write-in,5,0,3,2,0
Upson,THE JUG,Superior Court Judge, Griffin Circuit (Crawford),,Write-in,0,0,0,0,0
Upson,REDBONE,Superior Court Judge, Griffin Circuit (Crawford),,Write-in,0,0,0,0,0
Upson,LINCOLN PARK,Superior Court Judge, Griffin Circuit (Crawford),,Write-in,0,0,0,0,0
Upson,YATESVILLE,Superior Court Judge, Griffin Circuit (Crawford),,Write-in,0,0,0,0,0
Upson,SALEM,Superior Court Judge, Griffin Circuit (Crawford),,Write-in,0,0,0,0,0
Upson,REEVES,Superior Court Judge, Griffin Circuit (Crawford),,Write-in,0,0,0,0,0
Upson,THE ROCK,Superior Court Judge, Griffin Circuit (Crawford),,Write-in,0,0,0,0,0
Upson,ATWATER,Superior Court Judge, Griffin Circuit (Crawford),,Write-in,3,0,2,1,0
Upson,TOWN,Superior Court Judge, Griffin Circuit (Crawford),,Write-in,2,0,1,1,0
Upson,,Superior Court Judge, Griffin Circuit (Hankinson),,TOMMY HANKINSON ,5710,132,3814,1760,4
Upson,THE JUG,Superior Court Judge, Griffin Circuit (Hankinson),,TOMMY HANKINSON ,172,0,142,30,0
Upson,REDBONE,Superior Court Judge, Griffin Circuit (Hankinson),,TOMMY HANKINSON ,1478,27,933,517,1
Upson,LINCOLN PARK,Superior Court Judge, Griffin Circuit (Hankinson),,TOMMY HANKINSON ,173,0,137,35,1
Upson,YATESVILLE,Superior Court Judge, Griffin Circuit (Hankinson),,TOMMY HANKINSON ,295,2,259,34,0
Upson,SALEM,Superior Court Judge, Griffin Circuit (Hankinson),,TOMMY HANKINSON ,161,6,137,18,0
Upson,REEVES,Superior Court Judge, Griffin Circuit (Hankinson),,TOMMY HANKINSON ,636,12,480,144,0
Upson,THE ROCK,Superior Court Judge, Griffin Circuit (Hankinson),,TOMMY HANKINSON ,129,0,110,19,0
Upson,ATWATER,Superior Court Judge, Griffin Circuit (Hankinson),,TOMMY HANKINSON ,478,12,354,110,2
Upson,TOWN,Superior Court Judge, Griffin Circuit (Hankinson),,TOMMY HANKINSON ,2188,73,1262,853,0
Upson,,Superior Court Judge, Griffin Circuit (Hankinson),,Write-in,29,6,15,8,0
Upson,THE JUG,Superior Court Judge, Griffin Circuit (Hankinson),,Write-in,1,0,1,0,0
Upson,REDBONE,Superior Court Judge, Griffin Circuit (Hankinson),,Write-in,6,1,2,3,0
Upson,LINCOLN PARK,Superior Court Judge, Griffin Circuit (Hankinson),,Write-in,0,0,0,0,0
Upson,YATESVILLE,Superior Court Judge, Griffin Circuit (Hankinson),,Write-in,1,0,1,0,0
Upson,SALEM,Superior Court Judge, Griffin Circuit (Hankinson),,Write-in,0,0,0,0,0
Upson,REEVES,Superior Court Judge, Griffin Circuit (Hankinson),,Write-in,3,2,1,0,0
Upson,THE ROCK,Superior Court Judge, Griffin Circuit (Hankinson),,Write-in,0,0,0,0,0
Upson,ATWATER,Superior Court Judge, Griffin Circuit (Hankinson),,Write-in,6,1,2,3,0
Upson,TOWN,Superior Court Judge, Griffin Circuit (Hankinson),,Write-in,12,2,8,2,0
Upson,,Superior Court Judge, Griffin Circuit (Sams),,W. FLETCHER SAMS ,5599,143,3747,1706,3
Upson,THE JUG,Superior Court Judge, Griffin Circuit (Sams),,W. FLETCHER SAMS ,170,0,141,29,0
Upson,REDBONE,Superior Court Judge, Griffin Circuit (Sams),,W. FLETCHER SAMS ,1453,28,920,504,1
Upson,LINCOLN PARK,Superior Court Judge, Griffin Circuit (Sams),,W. FLETCHER SAMS ,169,0,135,34,0
Upson,YATESVILLE,Superior Court Judge, Griffin Circuit (Sams),,W. FLETCHER SAMS ,292,2,258,32,0
Upson,SALEM,Superior Court Judge, Griffin Circuit (Sams),,W. FLETCHER SAMS ,164,6,139,19,0
Upson,REEVES,Superior Court Judge, Griffin Circuit (Sams),,W. FLETCHER SAMS ,631,14,474,143,0
Upson,THE ROCK,Superior Court Judge, Griffin Circuit (Sams),,W. FLETCHER SAMS ,125,0,106,19,0
Upson,ATWATER,Superior Court Judge, Griffin Circuit (Sams),,W. FLETCHER SAMS ,473,17,342,112,2
Upson,TOWN,Superior Court Judge, Griffin Circuit (Sams),,W. FLETCHER SAMS ,2122,76,1232,814,0
Upson,,Superior Court Judge, Griffin Circuit (Sams),,Write-in,5,1,3,1,0
Upson,THE JUG,Superior Court Judge, Griffin Circuit (Sams),,Write-in,0,0,0,0,0
Upson,REDBONE,Superior Court Judge, Griffin Circuit (Sams),,Write-in,1,0,1,0,0
Upson,LINCOLN PARK,Superior Court Judge, Griffin Circuit (Sams),,Write-in,0,0,0,0,0
Upson,YATESVILLE,Superior Court Judge, Griffin Circuit (Sams),,Write-in,0,0,0,0,0
Upson,SALEM,Superior Court Judge, Griffin Circuit (Sams),,Write-in,0,0,0,0,0
Upson,REEVES,Superior Court Judge, Griffin Circuit (Sams),,Write-in,0,0,0,0,0
Upson,THE ROCK,Superior Court Judge, Griffin Circuit (Sams),,Write-in,0,0,0,0,0
Upson,ATWATER,Superior Court Judge, Griffin Circuit (Sams),,Write-in,2,0,1,1,0
Upson,TOWN,Superior Court Judge, Griffin Circuit (Sams),,Write-in,2,1,1,0,0
Upson,,JUDGE PROBATE,,,T. LARRY DAWSON,740,11,547,181,1
Upson,THE JUG,JUDGE PROBATE,,,T. LARRY DAWSON,20,0,17,3,0
Upson,REDBONE,JUDGE PROBATE,,,T. LARRY DAWSON,241,6,159,75,1
Upson,LINCOLN PARK,JUDGE PROBATE,,,T. LARRY DAWSON,39,0,31,8,0
Upson,YATESVILLE,JUDGE PROBATE,,,T. LARRY DAWSON,42,1,32,9,0
Upson,SALEM,JUDGE PROBATE,,,T. LARRY DAWSON,32,0,31,1,0
Upson,REEVES,JUDGE PROBATE,,,T. LARRY DAWSON,64,0,56,8,0
Upson,THE ROCK,JUDGE PROBATE,,,T. LARRY DAWSON,11,0,10,1,0
Upson,ATWATER,JUDGE PROBATE,,,T. LARRY DAWSON,78,1,70,7,0
Upson,TOWN,JUDGE PROBATE,,,T. LARRY DAWSON,213,3,141,69,0
Upson,,JUDGE PROBATE,,,MARC ELLINGTON,2703,76,1782,844,1
Upson,THE JUG,JUDGE PROBATE,,,MARC ELLINGTON,66,0,54,12,0
Upson,REDBONE,JUDGE PROBATE,,,MARC ELLINGTON,640,12,403,225,0
Upson,LINCOLN PARK,JUDGE PROBATE,,,MARC ELLINGTON,94,0,80,13,1
Upson,YATESVILLE,JUDGE PROBATE,,,MARC ELLINGTON,148,4,131,13,0
Upson,SALEM,JUDGE PROBATE,,,MARC ELLINGTON,61,0,49,12,0
Upson,REEVES,JUDGE PROBATE,,,MARC ELLINGTON,295,11,200,84,0
Upson,THE ROCK,JUDGE PROBATE,,,MARC ELLINGTON,56,0,42,14,0
Upson,ATWATER,JUDGE PROBATE,,,MARC ELLINGTON,190,8,136,46,0
Upson,TOWN,JUDGE PROBATE,,,MARC ELLINGTON,1153,41,687,425,0
Upson,,JUDGE PROBATE,,,DANIELLE MCRAE ,2756,81,1810,865,0
Upson,THE JUG,JUDGE PROBATE,,,DANIELLE MCRAE ,97,0,83,14,0
Upson,REDBONE,JUDGE PROBATE,,,DANIELLE MCRAE ,722,19,442,261,0
Upson,LINCOLN PARK,JUDGE PROBATE,,,DANIELLE MCRAE ,68,0,48,20,0
Upson,YATESVILLE,JUDGE PROBATE,,,DANIELLE MCRAE ,141,1,127,13,0
Upson,SALEM,JUDGE PROBATE,,,DANIELLE MCRAE ,67,1,61,5,0
Upson,REEVES,JUDGE PROBATE,,,DANIELLE MCRAE ,331,4,260,67,0
Upson,THE ROCK,JUDGE PROBATE,,,DANIELLE MCRAE ,73,0,57,16,0
Upson,ATWATER,JUDGE PROBATE,,,DANIELLE MCRAE ,248,10,173,65,0
Upson,TOWN,JUDGE PROBATE,,,DANIELLE MCRAE ,1009,46,559,404,0
Upson,,JUDGE PROBATE,,,HARRY THIEL,530,16,374,138,2
Upson,THE JUG,JUDGE PROBATE,,,HARRY THIEL,14,0,11,3,0
Upson,REDBONE,JUDGE PROBATE,,,HARRY THIEL,138,1,93,44,0
Upson,LINCOLN PARK,JUDGE PROBATE,,,HARRY THIEL,23,0,20,3,0
Upson,YATESVILLE,JUDGE PROBATE,,,HARRY THIEL,26,0,24,2,0
Upson,SALEM,JUDGE PROBATE,,,HARRY THIEL,31,5,24,2,0
Upson,REEVES,JUDGE PROBATE,,,HARRY THIEL,59,2,49,8,0
Upson,THE ROCK,JUDGE PROBATE,,,HARRY THIEL,14,0,13,1,0
Upson,ATWATER,JUDGE PROBATE,,,HARRY THIEL,51,4,34,11,2
Upson,TOWN,JUDGE PROBATE,,,HARRY THIEL,174,4,106,64,0
Upson,,JUDGE PROBATE,,,Write-in,1,0,0,1,0
Upson,THE JUG,JUDGE PROBATE,,,Write-in,0,0,0,0,0
Upson,REDBONE,JUDGE PROBATE,,,Write-in,0,0,0,0,0
Upson,LINCOLN PARK,JUDGE PROBATE,,,Write-in,0,0,0,0,0
Upson,YATESVILLE,JUDGE PROBATE,,,Write-in,0,0,0,0,0
Upson,SALEM,JUDGE PROBATE,,,Write-in,0,0,0,0,0
Upson,REEVES,JUDGE PROBATE,,,Write-in,0,0,0,0,0
Upson,THE ROCK,JUDGE PROBATE,,,Write-in,0,0,0,0,0
Upson,ATWATER,JUDGE PROBATE,,,Write-in,1,0,0,1,0
Upson,TOWN,JUDGE PROBATE,,,Write-in,0,0,0,0,0
Upson,,CHIEF MAGISTRATE,,,DANNY C. BENTLEY ,4746,140,3108,1494,4
Upson,THE JUG,CHIEF MAGISTRATE,,,DANNY C. BENTLEY ,152,0,124,28,0
Upson,REDBONE,CHIEF MAGISTRATE,,,DANNY C. BENTLEY ,1188,28,737,422,1
Upson,LINCOLN PARK,CHIEF MAGISTRATE,,,DANNY C. BENTLEY ,175,0,137,37,1
Upson,YATESVILLE,CHIEF MAGISTRATE,,,DANNY C. BENTLEY ,253,3,221,29,0
Upson,SALEM,CHIEF MAGISTRATE,,,DANNY C. BENTLEY ,132,3,116,13,0
Upson,REEVES,CHIEF MAGISTRATE,,,DANNY C. BENTLEY ,484,12,368,104,0
Upson,THE ROCK,CHIEF MAGISTRATE,,,DANNY C. BENTLEY ,113,0,87,26,0
Upson,ATWATER,CHIEF MAGISTRATE,,,DANNY C. BENTLEY ,380,14,267,97,2
Upson,TOWN,CHIEF MAGISTRATE,,,DANNY C. BENTLEY ,1869,80,1051,738,0
Upson,,CHIEF MAGISTRATE,,,TERRY L. SALTER,1937,44,1378,515,0
Upson,THE JUG,CHIEF MAGISTRATE,,,TERRY L. SALTER,44,0,40,4,0
Upson,REDBONE,CHIEF MAGISTRATE,,,TERRY L. SALTER,543,10,355,178,0
Upson,LINCOLN PARK,CHIEF MAGISTRATE,,,TERRY L. SALTER,55,0,50,5,0
Upson,YATESVILLE,CHIEF MAGISTRATE,,,TERRY L. SALTER,96,3,86,7,0
Upson,SALEM,CHIEF MAGISTRATE,,,TERRY L. SALTER,62,3,50,9,0
Upson,REEVES,CHIEF MAGISTRATE,,,TERRY L. SALTER,255,5,192,58,0
Upson,THE ROCK,CHIEF MAGISTRATE,,,TERRY L. SALTER,40,0,35,5,0
Upson,ATWATER,CHIEF MAGISTRATE,,,TERRY L. SALTER,188,9,148,31,0
Upson,TOWN,CHIEF MAGISTRATE,,,TERRY L. SALTER,654,14,422,218,0
Upson,,CHIEF MAGISTRATE,,,Write-in,8,0,4,4,0
Upson,THE JUG,CHIEF MAGISTRATE,,,Write-in,0,0,0,0,0
Upson,REDBONE,CHIEF MAGISTRATE,,,Write-in,3,0,3,0,0
Upson,LINCOLN PARK,CHIEF MAGISTRATE,,,Write-in,0,0,0,0,0
Upson,YATESVILLE,CHIEF MAGISTRATE,,,Write-in,0,0,0,0,0
Upson,SALEM,CHIEF MAGISTRATE,,,Write-in,0,0,0,0,0
Upson,REEVES,CHIEF MAGISTRATE,,,Write-in,0,0,0,0,0
Upson,THE ROCK,CHIEF MAGISTRATE,,,Write-in,0,0,0,0,0
Upson,ATWATER,CHIEF MAGISTRATE,,,Write-in,2,0,1,1,0
Upson,TOWN,CHIEF MAGISTRATE,,,Write-in,3,0,0,3,0
Upson,,BOE D1,,,ANGELINE MCGILL ,306,9,209,88,0
Upson,TOWN,BOE D1,,,ANGELINE MCGILL ,306,9,209,88,0
Upson,,BOE D1,,,Write-in,1,0,1,0,0
Upson,TOWN,BOE D1,,,Write-in,1,0,1,0,0
Upson,,BOE D3,,,MIRIAM O. ELSEY ,904,34,492,378,0
Upson,LINCOLN PARK,BOE D3,,,MIRIAM O. ELSEY ,7,0,5,2,0
Upson,TOWN,BOE D3,,,MIRIAM O. ELSEY ,897,34,487,376,0
Upson,,BOE D3,,,Write-in,12,0,7,5,0
Upson,LINCOLN PARK,BOE D3,,,Write-in,0,0,0,0,0
Upson,TOWN,BOE D3,,,Write-in,12,0,7,5,0
Upson,,BOE D5,,,LEON FOWLER ,864,24,635,203,2
Upson,REEVES,BOE D5,,,LEON FOWLER ,490,10,371,109,0
Upson,ATWATER,BOE D5,,,LEON FOWLER ,356,13,252,89,2
Upson,TOWN,BOE D5,,,LEON FOWLER ,18,1,12,5,0
Upson,,BOE D5,,,WILLIAM H. ROBERTS,431,15,319,97,0
Upson,REEVES,BOE D5,,,WILLIAM H. ROBERTS,233,6,173,54,0
Upson,ATWATER,BOE D5,,,WILLIAM H. ROBERTS,192,9,143,40,0
Upson,TOWN,BOE D5,,,WILLIAM H. ROBERTS,6,0,3,3,0
Upson,,BOE D5,,,Write-in,4,0,1,3,0
Upson,REEVES,BOE D5,,,Write-in,1,0,0,1,0
Upson,ATWATER,BOE D5,,,Write-in,3,0,1,2,0
Upson,TOWN,BOE D5,,,Write-in,0,0,0,0,0
Upson,,BOE D7,,,TERRELL JACKSON ,522,10,384,128,0
Upson,THE JUG,BOE D7,,,TERRELL JACKSON ,103,0,90,13,0
Upson,REDBONE,BOE D7,,,TERRELL JACKSON ,53,5,30,18,0
Upson,YATESVILLE,BOE D7,,,TERRELL JACKSON ,157,1,137,19,0
Upson,THE ROCK,BOE D7,,,TERRELL JACKSON ,56,0,42,14,0
Upson,TOWN,BOE D7,,,TERRELL JACKSON ,153,4,85,64,0
Upson,,BOE D7,,,BRYAN TRICKEL,494,9,377,108,0
Upson,THE JUG,BOE D7,,,BRYAN TRICKEL,55,0,42,13,0
Upson,REDBONE,BOE D7,,,BRYAN TRICKEL,58,3,39,16,0
Upson,YATESVILLE,BOE D7,,,BRYAN TRICKEL,178,4,157,17,0
Upson,THE ROCK,BOE D7,,,BRYAN TRICKEL,91,0,74,17,0
Upson,TOWN,BOE D7,,,BRYAN TRICKEL,112,2,65,45,0
Upson,,BOE D7,,,Write-in,0,0,0,0,0
Upson,THE JUG,BOE D7,,,Write-in,0,0,0,0,0
Upson,REDBONE,BOE D7,,,Write-in,0,0,0,0,0
Upson,YATESVILLE,BOE D7,,,Write-in,0,0,0,0,0
Upson,THE ROCK,BOE D7,,,Write-in,0,0,0,0,0
Upson,TOWN,BOE D7,,,Write-in,0,0,0,0,0
Upson,,TSPLOST,,,YES,3488,72,2315,1100,1
Upson,THE JUG,TSPLOST,,,YES,101,0,85,16,0
Upson,REDBONE,TSPLOST,,,YES,882,17,541,324,0
Upson,LINCOLN PARK,TSPLOST,,,YES,172,0,139,32,1
Upson,YATESVILLE,TSPLOST,,,YES,116,0,107,9,0
Upson,SALEM,TSPLOST,,,YES,142,6,122,14,0
Upson,REEVES,TSPLOST,,,YES,307,9,221,77,0
Upson,THE ROCK,TSPLOST,,,YES,68,0,53,15,0
Upson,ATWATER,TSPLOST,,,YES,264,7,192,65,0
Upson,TOWN,TSPLOST,,,YES,1436,33,855,548,0
Upson,,TSPLOST,,,NO,3251,105,2237,906,3
Upson,THE JUG,TSPLOST,,,NO,95,0,79,16,0
Upson,REDBONE,TSPLOST,,,NO,878,18,579,280,1
Upson,LINCOLN PARK,TSPLOST,,,NO,63,0,50,13,0
Upson,YATESVILLE,TSPLOST,,,NO,242,6,209,27,0
Upson,SALEM,TSPLOST,,,NO,57,0,49,8,0
Upson,REEVES,TSPLOST,,,NO,443,7,346,90,0
Upson,THE ROCK,TSPLOST,,,NO,87,0,71,16,0
Upson,ATWATER,TSPLOST,,,NO,298,14,222,60,2
Upson,TOWN,TSPLOST,,,NO,1088,60,632,396,0
