county,precinct,office,district,party,candidate,votes,absentee_by_mail,election_day,advance_in_person,provisional
Screven,,"Public Service Commission, District 3",3,REP,CHUCK EATON (I),664,9,476,179,0
Screven,Sylvania,"Public Service Commission, District 3",3,REP,CHUCK EATON (I),95,4,47,44,0
Screven,Hunters,"Public Service Commission, District 3",3,REP,CHUCK EATON (I),41,0,34,7,0
Screven,Newington,"Public Service Commission, District 3",3,REP,CHUCK EATON (I),64,0,58,6,0
Screven,Jenk Hill Fire Sta,"Public Service Commission, District 3",3,REP,CHUCK EATON (I),69,1,47,21,0
Screven,Rocky Ford,"Public Service Commission, District 3",3,REP,CHUCK EATON (I),48,0,39,9,0
Screven,Bay Branch,"Public Service Commission, District 3",3,REP,CHUCK EATON (I),93,0,68,25,0
Screven,Hiltonia,"Public Service Commission, District 3",3,REP,CHUCK EATON (I),28,0,23,5,0
Screven,Screven Rec Dept,"Public Service Commission, District 3",3,REP,CHUCK EATON (I),13,0,8,5,0
Screven,Greenhill Church,"Public Service Commission, District 3",3,REP,CHUCK EATON (I),111,2,77,32,0
Screven,Sr Citizens Center,"Public Service Commission, District 3",3,REP,CHUCK EATON (I),47,1,29,17,0
Screven,Jackson Fire Station,"Public Service Commission, District 3",3,REP,CHUCK EATON (I),44,1,36,7,0
Screven,Foys Store,"Public Service Commission, District 3",3,REP,CHUCK EATON (I),11,0,10,1,0
Screven,,"Public Service Commission, District 3",3,REP,MATT REID,330,5,235,90,0
Screven,Sylvania,"Public Service Commission, District 3",3,REP,MATT REID,31,0,16,15,0
Screven,Hunters,"Public Service Commission, District 3",3,REP,MATT REID,20,0,16,4,0
Screven,Newington,"Public Service Commission, District 3",3,REP,MATT REID,37,0,34,3,0
Screven,Jenk Hill Fire Sta,"Public Service Commission, District 3",3,REP,MATT REID,29,0,23,6,0
Screven,Rocky Ford,"Public Service Commission, District 3",3,REP,MATT REID,25,1,22,2,0
Screven,Bay Branch,"Public Service Commission, District 3",3,REP,MATT REID,50,2,37,11,0
Screven,Hiltonia,"Public Service Commission, District 3",3,REP,MATT REID,15,0,11,4,0
Screven,Screven Rec Dept,"Public Service Commission, District 3",3,REP,MATT REID,8,0,6,2,0
Screven,Greenhill Church,"Public Service Commission, District 3",3,REP,MATT REID,54,0,29,25,0
Screven,Sr Citizens Center,"Public Service Commission, District 3",3,REP,MATT REID,34,1,16,17,0
Screven,Jackson Fire Station,"Public Service Commission, District 3",3,REP,MATT REID,21,1,19,1,0
Screven,Foys Store,"Public Service Commission, District 3",3,REP,MATT REID,6,0,6,0,0
Screven,,"Public Service Commission, District 3",3,DEM,STEPHEN OPPENHEIMER,782,14,580,187,1
Screven,Sylvania,"Public Service Commission, District 3",3,DEM,STEPHEN OPPENHEIMER,111,2,66,43,0
Screven,Hunters,"Public Service Commission, District 3",3,DEM,STEPHEN OPPENHEIMER,43,4,27,12,0
Screven,Newington,"Public Service Commission, District 3",3,DEM,STEPHEN OPPENHEIMER,59,1,51,6,1
Screven,Jenk Hill Fire Sta,"Public Service Commission, District 3",3,DEM,STEPHEN OPPENHEIMER,113,2,90,21,0
Screven,Rocky Ford,"Public Service Commission, District 3",3,DEM,STEPHEN OPPENHEIMER,60,0,48,12,0
Screven,Bay Branch,"Public Service Commission, District 3",3,DEM,STEPHEN OPPENHEIMER,64,0,49,15,0
Screven,Hiltonia,"Public Service Commission, District 3",3,DEM,STEPHEN OPPENHEIMER,66,1,56,9,0
Screven,Screven Rec Dept,"Public Service Commission, District 3",3,DEM,STEPHEN OPPENHEIMER,40,0,34,6,0
Screven,Greenhill Church,"Public Service Commission, District 3",3,DEM,STEPHEN OPPENHEIMER,61,0,41,20,0
Screven,Sr Citizens Center,"Public Service Commission, District 3",3,DEM,STEPHEN OPPENHEIMER,115,2,78,35,0
Screven,Jackson Fire Station,"Public Service Commission, District 3",3,DEM,STEPHEN OPPENHEIMER,34,2,25,7,0
Screven,Foys Store,"Public Service Commission, District 3",3,DEM,STEPHEN OPPENHEIMER,16,0,15,1,0
Screven,,"Public Service Commission, District 5",5,REP,PAM DAVIDSON,372,6,270,96,0
Screven,Sylvania,"Public Service Commission, District 5",5,REP,PAM DAVIDSON,33,0,18,15,0
Screven,Hunters,"Public Service Commission, District 5",5,REP,PAM DAVIDSON,29,0,25,4,0
Screven,Newington,"Public Service Commission, District 5",5,REP,PAM DAVIDSON,41,0,38,3,0
Screven,Jenk Hill Fire Sta,"Public Service Commission, District 5",5,REP,PAM DAVIDSON,37,0,30,7,0
Screven,Rocky Ford,"Public Service Commission, District 5",5,REP,PAM DAVIDSON,30,1,24,5,0
Screven,Bay Branch,"Public Service Commission, District 5",5,REP,PAM DAVIDSON,55,2,39,14,0
Screven,Hiltonia,"Public Service Commission, District 5",5,REP,PAM DAVIDSON,16,0,13,3,0
Screven,Screven Rec Dept,"Public Service Commission, District 5",5,REP,PAM DAVIDSON,8,0,7,1,0
Screven,Greenhill Church,"Public Service Commission, District 5",5,REP,PAM DAVIDSON,64,1,36,27,0
Screven,Sr Citizens Center,"Public Service Commission, District 5",5,REP,PAM DAVIDSON,32,1,17,14,0
Screven,Jackson Fire Station,"Public Service Commission, District 5",5,REP,PAM DAVIDSON,25,1,21,3,0
Screven,Foys Store,"Public Service Commission, District 5",5,REP,PAM DAVIDSON,2,0,2,0,0
Screven,,"Public Service Commission, District 5",5,REP,STAN WISE (I),603,9,424,170,0
Screven,Sylvania,"Public Service Commission, District 5",5,REP,STAN WISE (I),92,4,44,44,0
Screven,Hunters,"Public Service Commission, District 5",5,REP,STAN WISE (I),32,0,25,7,0
Screven,Newington,"Public Service Commission, District 5",5,REP,STAN WISE (I),60,0,55,5,0
Screven,Jenk Hill Fire Sta,"Public Service Commission, District 5",5,REP,STAN WISE (I),59,1,38,20,0
Screven,Rocky Ford,"Public Service Commission, District 5",5,REP,STAN WISE (I),42,0,35,7,0
Screven,Bay Branch,"Public Service Commission, District 5",5,REP,STAN WISE (I),85,0,63,22,0
Screven,Hiltonia,"Public Service Commission, District 5",5,REP,STAN WISE (I),25,0,19,6,0
Screven,Screven Rec Dept,"Public Service Commission, District 5",5,REP,STAN WISE (I),13,0,7,6,0
Screven,Greenhill Church,"Public Service Commission, District 5",5,REP,STAN WISE (I),100,1,69,30,0
Screven,Sr Citizens Center,"Public Service Commission, District 5",5,REP,STAN WISE (I),46,2,26,18,0
Screven,Jackson Fire Station,"Public Service Commission, District 5",5,REP,STAN WISE (I),35,1,30,4,0
Screven,Foys Store,"Public Service Commission, District 5",5,REP,STAN WISE (I),14,0,13,1,0
Screven,,"U.S. Representative, District 12",12,REP,RICK W. ALLEN,276,6,186,84,0
Screven,Sylvania,"U.S. Representative, District 12",12,REP,RICK W. ALLEN,40,2,16,22,0
Screven,Hunters,"U.S. Representative, District 12",12,REP,RICK W. ALLEN,20,0,17,3,0
Screven,Newington,"U.S. Representative, District 12",12,REP,RICK W. ALLEN,30,0,28,2,0
Screven,Jenk Hill Fire Sta,"U.S. Representative, District 12",12,REP,RICK W. ALLEN,16,0,12,4,0
Screven,Rocky Ford,"U.S. Representative, District 12",12,REP,RICK W. ALLEN,17,1,10,6,0
Screven,Bay Branch,"U.S. Representative, District 12",12,REP,RICK W. ALLEN,40,2,27,11,0
Screven,Hiltonia,"U.S. Representative, District 12",12,REP,RICK W. ALLEN,13,0,11,2,0
Screven,Screven Rec Dept,"U.S. Representative, District 12",12,REP,RICK W. ALLEN,9,0,6,3,0
Screven,Greenhill Church,"U.S. Representative, District 12",12,REP,RICK W. ALLEN,47,0,30,17,0
Screven,Sr Citizens Center,"U.S. Representative, District 12",12,REP,RICK W. ALLEN,24,1,10,13,0
Screven,Jackson Fire Station,"U.S. Representative, District 12",12,REP,RICK W. ALLEN,14,0,13,1,0
Screven,Foys Store,"U.S. Representative, District 12",12,REP,RICK W. ALLEN,6,0,6,0,0
Screven,,"U.S. Representative, District 12",12,REP,LEE ANDERSON,286,2,219,65,0
Screven,Sylvania,"U.S. Representative, District 12",12,REP,LEE ANDERSON,21,0,14,7,0
Screven,Hunters,"U.S. Representative, District 12",12,REP,LEE ANDERSON,16,0,13,3,0
Screven,Newington,"U.S. Representative, District 12",12,REP,LEE ANDERSON,36,0,34,2,0
Screven,Jenk Hill Fire Sta,"U.S. Representative, District 12",12,REP,LEE ANDERSON,41,1,31,9,0
Screven,Rocky Ford,"U.S. Representative, District 12",12,REP,LEE ANDERSON,29,0,27,2,0
Screven,Bay Branch,"U.S. Representative, District 12",12,REP,LEE ANDERSON,46,0,34,12,0
Screven,Hiltonia,"U.S. Representative, District 12",12,REP,LEE ANDERSON,14,0,9,5,0
Screven,Screven Rec Dept,"U.S. Representative, District 12",12,REP,LEE ANDERSON,3,0,1,2,0
Screven,Greenhill Church,"U.S. Representative, District 12",12,REP,LEE ANDERSON,43,1,27,15,0
Screven,Sr Citizens Center,"U.S. Representative, District 12",12,REP,LEE ANDERSON,12,0,8,4,0
Screven,Jackson Fire Station,"U.S. Representative, District 12",12,REP,LEE ANDERSON,21,0,18,3,0
Screven,Foys Store,"U.S. Representative, District 12",12,REP,LEE ANDERSON,4,0,3,1,0
Screven,,"U.S. Representative, District 12",12,REP,WRIGHT MCLEOD,319,4,222,93,0
Screven,Sylvania,"U.S. Representative, District 12",12,REP,WRIGHT MCLEOD,50,3,22,25,0
Screven,Hunters,"U.S. Representative, District 12",12,REP,WRIGHT MCLEOD,18,0,14,4,0
Screven,Newington,"U.S. Representative, District 12",12,REP,WRIGHT MCLEOD,34,0,30,4,0
Screven,Jenk Hill Fire Sta,"U.S. Representative, District 12",12,REP,WRIGHT MCLEOD,27,0,15,12,0
Screven,Rocky Ford,"U.S. Representative, District 12",12,REP,WRIGHT MCLEOD,23,0,19,4,0
Screven,Bay Branch,"U.S. Representative, District 12",12,REP,WRIGHT MCLEOD,41,0,35,6,0
Screven,Hiltonia,"U.S. Representative, District 12",12,REP,WRIGHT MCLEOD,15,0,12,3,0
Screven,Screven Rec Dept,"U.S. Representative, District 12",12,REP,WRIGHT MCLEOD,12,0,9,3,0
Screven,Greenhill Church,"U.S. Representative, District 12",12,REP,WRIGHT MCLEOD,51,0,32,19,0
Screven,Sr Citizens Center,"U.S. Representative, District 12",12,REP,WRIGHT MCLEOD,22,0,12,10,0
Screven,Jackson Fire Station,"U.S. Representative, District 12",12,REP,WRIGHT MCLEOD,22,1,18,3,0
Screven,Foys Store,"U.S. Representative, District 12",12,REP,WRIGHT MCLEOD,4,0,4,0,0
Screven,,"U.S. Representative, District 12",12,REP,MARIA SHEFFIELD,177,1,138,38,0
Screven,Sylvania,"U.S. Representative, District 12",12,REP,MARIA SHEFFIELD,26,0,18,8,0
Screven,Hunters,"U.S. Representative, District 12",12,REP,MARIA SHEFFIELD,10,0,10,0,0
Screven,Newington,"U.S. Representative, District 12",12,REP,MARIA SHEFFIELD,11,0,9,2,0
Screven,Jenk Hill Fire Sta,"U.S. Representative, District 12",12,REP,MARIA SHEFFIELD,23,0,18,5,0
Screven,Rocky Ford,"U.S. Representative, District 12",12,REP,MARIA SHEFFIELD,12,0,11,1,0
Screven,Bay Branch,"U.S. Representative, District 12",12,REP,MARIA SHEFFIELD,20,0,15,5,0
Screven,Hiltonia,"U.S. Representative, District 12",12,REP,MARIA SHEFFIELD,6,0,6,0,0
Screven,Screven Rec Dept,"U.S. Representative, District 12",12,REP,MARIA SHEFFIELD,2,0,2,0,0
Screven,Greenhill Church,"U.S. Representative, District 12",12,REP,MARIA SHEFFIELD,27,1,19,7,0
Screven,Sr Citizens Center,"U.S. Representative, District 12",12,REP,MARIA SHEFFIELD,24,0,16,8,0
Screven,Jackson Fire Station,"U.S. Representative, District 12",12,REP,MARIA SHEFFIELD,12,0,10,2,0
Screven,Foys Store,"U.S. Representative, District 12",12,REP,MARIA SHEFFIELD,4,0,4,0,0
Screven,,"U.S. Representative, District 12",12,DEM,JOHN BARROW (I),1082,17,801,263,1
Screven,Sylvania,"U.S. Representative, District 12",12,DEM,JOHN BARROW (I),152,3,89,60,0
Screven,Hunters,"U.S. Representative, District 12",12,DEM,JOHN BARROW (I),46,4,30,12,0
Screven,Newington,"U.S. Representative, District 12",12,DEM,JOHN BARROW (I),79,1,69,8,1
Screven,Jenk Hill Fire Sta,"U.S. Representative, District 12",12,DEM,JOHN BARROW (I),184,2,146,36,0
Screven,Rocky Ford,"U.S. Representative, District 12",12,DEM,JOHN BARROW (I),76,0,58,18,0
Screven,Bay Branch,"U.S. Representative, District 12",12,DEM,JOHN BARROW (I),77,0,53,24,0
Screven,Hiltonia,"U.S. Representative, District 12",12,DEM,JOHN BARROW (I),104,1,90,13,0
Screven,Screven Rec Dept,"U.S. Representative, District 12",12,DEM,JOHN BARROW (I),49,0,41,8,0
Screven,Greenhill Church,"U.S. Representative, District 12",12,DEM,JOHN BARROW (I),89,1,54,34,0
Screven,Sr Citizens Center,"U.S. Representative, District 12",12,DEM,JOHN BARROW (I),152,3,108,41,0
Screven,Jackson Fire Station,"U.S. Representative, District 12",12,DEM,JOHN BARROW (I),40,2,30,8,0
Screven,Foys Store,"U.S. Representative, District 12",12,DEM,JOHN BARROW (I),34,0,33,1,0
Screven,,"State Senator, District 23",23,REP,JESSE STONE (I),867,10,616,241,0
Screven,Sylvania,"State Senator, District 23",23,REP,JESSE STONE (I),111,4,57,50,0
Screven,Hunters,"State Senator, District 23",23,REP,JESSE STONE (I),58,0,46,12,0
Screven,Newington,"State Senator, District 23",23,REP,JESSE STONE (I),81,0,73,8,0
Screven,Jenk Hill Fire Sta,"State Senator, District 23",23,REP,JESSE STONE (I),92,1,66,25,0
Screven,Rocky Ford,"State Senator, District 23",23,REP,JESSE STONE (I),66,1,52,13,0
Screven,Bay Branch,"State Senator, District 23",23,REP,JESSE STONE (I),120,0,90,30,0
Screven,Hiltonia,"State Senator, District 23",23,REP,JESSE STONE (I),40,0,31,9,0
Screven,Screven Rec Dept,"State Senator, District 23",23,REP,JESSE STONE (I),18,0,10,8,0
Screven,Greenhill Church,"State Senator, District 23",23,REP,JESSE STONE (I),136,2,88,46,0
Screven,Sr Citizens Center,"State Senator, District 23",23,REP,JESSE STONE (I),72,1,41,30,0
Screven,Jackson Fire Station,"State Senator, District 23",23,REP,JESSE STONE (I),58,1,48,9,0
Screven,Foys Store,"State Senator, District 23",23,REP,JESSE STONE (I),15,0,14,1,0
Screven,,"State Senator, District 23",23,DEM,ROBERT INGHAM,741,14,551,175,1
Screven,Sylvania,"State Senator, District 23",23,DEM,ROBERT INGHAM,100,2,59,39,0
Screven,Hunters,"State Senator, District 23",23,DEM,ROBERT INGHAM,40,3,25,12,0
Screven,Newington,"State Senator, District 23",23,DEM,ROBERT INGHAM,58,1,50,6,1
Screven,Jenk Hill Fire Sta,"State Senator, District 23",23,DEM,ROBERT INGHAM,112,2,88,22,0
Screven,Rocky Ford,"State Senator, District 23",23,DEM,ROBERT INGHAM,56,0,46,10,0
Screven,Bay Branch,"State Senator, District 23",23,DEM,ROBERT INGHAM,59,0,47,12,0
Screven,Hiltonia,"State Senator, District 23",23,DEM,ROBERT INGHAM,69,1,60,8,0
Screven,Screven Rec Dept,"State Senator, District 23",23,DEM,ROBERT INGHAM,38,0,32,6,0
Screven,Greenhill Church,"State Senator, District 23",23,DEM,ROBERT INGHAM,50,0,31,19,0
Screven,Sr Citizens Center,"State Senator, District 23",23,DEM,ROBERT INGHAM,110,3,74,33,0
Screven,Jackson Fire Station,"State Senator, District 23",23,DEM,ROBERT INGHAM,32,2,23,7,0
Screven,Foys Store,"State Senator, District 23",23,DEM,ROBERT INGHAM,17,0,16,1,0
Screven,,"State Representative, District 159",159,REP,JON G. BURNS (I),940,12,671,257,0
Screven,Sylvania,"State Representative, District 159",159,REP,JON G. BURNS (I),117,4,59,54,0
Screven,Hunters,"State Representative, District 159",159,REP,JON G. BURNS (I),62,0,50,12,0
Screven,Newington,"State Representative, District 159",159,REP,JON G. BURNS (I),96,0,88,8,0
Screven,Jenk Hill Fire Sta,"State Representative, District 159",159,REP,JON G. BURNS (I),94,1,68,25,0
Screven,Rocky Ford,"State Representative, District 159",159,REP,JON G. BURNS (I),66,1,55,10,0
Screven,Bay Branch,"State Representative, District 159",159,REP,JON G. BURNS (I),130,1,95,34,0
Screven,Hiltonia,"State Representative, District 159",159,REP,JON G. BURNS (I),43,0,33,10,0
Screven,Screven Rec Dept,"State Representative, District 159",159,REP,JON G. BURNS (I),19,0,12,7,0
Screven,Greenhill Church,"State Representative, District 159",159,REP,JON G. BURNS (I),152,2,96,54,0
Screven,Sr Citizens Center,"State Representative, District 159",159,REP,JON G. BURNS (I),76,2,41,33,0
Screven,Jackson Fire Station,"State Representative, District 159",159,REP,JON G. BURNS (I),67,1,57,9,0
Screven,Foys Store,"State Representative, District 159",159,REP,JON G. BURNS (I),18,0,17,1,0
Screven,,"District Attorney, Ogeechee Circuit", Ogeechee Circuit - REP,REP,MARTHA KIRKLAND HALL,478,6,359,113,0
Screven,Sylvania,"District Attorney, Ogeechee Circuit", Ogeechee Circuit - REP,REP,MARTHA KIRKLAND HALL,55,0,34,21,0
Screven,Hunters,"District Attorney, Ogeechee Circuit", Ogeechee Circuit - REP,REP,MARTHA KIRKLAND HALL,36,0,28,8,0
Screven,Newington,"District Attorney, Ogeechee Circuit", Ogeechee Circuit - REP,REP,MARTHA KIRKLAND HALL,58,0,55,3,0
Screven,Jenk Hill Fire Sta,"District Attorney, Ogeechee Circuit", Ogeechee Circuit - REP,REP,MARTHA KIRKLAND HALL,34,0,23,11,0
Screven,Rocky Ford,"District Attorney, Ogeechee Circuit", Ogeechee Circuit - REP,REP,MARTHA KIRKLAND HALL,32,0,27,5,0
Screven,Bay Branch,"District Attorney, Ogeechee Circuit", Ogeechee Circuit - REP,REP,MARTHA KIRKLAND HALL,74,2,59,13,0
Screven,Hiltonia,"District Attorney, Ogeechee Circuit", Ogeechee Circuit - REP,REP,MARTHA KIRKLAND HALL,21,0,16,5,0
Screven,Screven Rec Dept,"District Attorney, Ogeechee Circuit", Ogeechee Circuit - REP,REP,MARTHA KIRKLAND HALL,12,0,10,2,0
Screven,Greenhill Church,"District Attorney, Ogeechee Circuit", Ogeechee Circuit - REP,REP,MARTHA KIRKLAND HALL,72,2,48,22,0
Screven,Sr Citizens Center,"District Attorney, Ogeechee Circuit", Ogeechee Circuit - REP,REP,MARTHA KIRKLAND HALL,37,1,18,18,0
Screven,Jackson Fire Station,"District Attorney, Ogeechee Circuit", Ogeechee Circuit - REP,REP,MARTHA KIRKLAND HALL,40,1,34,5,0
Screven,Foys Store,"District Attorney, Ogeechee Circuit", Ogeechee Circuit - REP,REP,MARTHA KIRKLAND HALL,7,0,7,0,0
Screven,,"District Attorney, Ogeechee Circuit", Ogeechee Circuit - REP,REP,RICHARD MALLARD (I),659,10,455,194,0
Screven,Sylvania,"District Attorney, Ogeechee Circuit", Ogeechee Circuit - REP,REP,RICHARD MALLARD (I),91,5,41,45,0
Screven,Hunters,"District Attorney, Ogeechee Circuit", Ogeechee Circuit - REP,REP,RICHARD MALLARD (I),34,0,30,4,0
Screven,Newington,"District Attorney, Ogeechee Circuit", Ogeechee Circuit - REP,REP,RICHARD MALLARD (I),56,0,49,7,0
Screven,Jenk Hill Fire Sta,"District Attorney, Ogeechee Circuit", Ogeechee Circuit - REP,REP,RICHARD MALLARD (I),84,1,60,23,0
Screven,Rocky Ford,"District Attorney, Ogeechee Circuit", Ogeechee Circuit - REP,REP,RICHARD MALLARD (I),53,1,43,9,0
Screven,Bay Branch,"District Attorney, Ogeechee Circuit", Ogeechee Circuit - REP,REP,RICHARD MALLARD (I),84,0,58,26,0
Screven,Hiltonia,"District Attorney, Ogeechee Circuit", Ogeechee Circuit - REP,REP,RICHARD MALLARD (I),32,0,26,6,0
Screven,Screven Rec Dept,"District Attorney, Ogeechee Circuit", Ogeechee Circuit - REP,REP,RICHARD MALLARD (I),13,0,8,5,0
Screven,Greenhill Church,"District Attorney, Ogeechee Circuit", Ogeechee Circuit - REP,REP,RICHARD MALLARD (I),113,0,71,42,0
Screven,Sr Citizens Center,"District Attorney, Ogeechee Circuit", Ogeechee Circuit - REP,REP,RICHARD MALLARD (I),53,2,29,22,0
Screven,Jackson Fire Station,"District Attorney, Ogeechee Circuit", Ogeechee Circuit - REP,REP,RICHARD MALLARD (I),34,1,29,4,0
Screven,Foys Store,"District Attorney, Ogeechee Circuit", Ogeechee Circuit - REP,REP,RICHARD MALLARD (I),12,0,11,1,0
Screven,,Superior Court Clerk,,,JANIS B. REDDICK ,1125,20,810,294,1
Screven,Sylvania,Superior Court Clerk,,,JANIS B. REDDICK ,174,4,101,69,0
Screven,Hunters,Superior Court Clerk,,,JANIS B. REDDICK ,44,4,30,10,0
Screven,Newington,Superior Court Clerk,,,JANIS B. REDDICK ,90,1,79,9,1
Screven,Jenk Hill Fire Sta,Superior Court Clerk,,,JANIS B. REDDICK ,164,2,123,39,0
Screven,Rocky Ford,Superior Court Clerk,,,JANIS B. REDDICK ,76,0,59,17,0
Screven,Bay Branch,Superior Court Clerk,,,JANIS B. REDDICK ,99,0,64,35,0
Screven,Hiltonia,Superior Court Clerk,,,JANIS B. REDDICK ,104,1,91,12,0
Screven,Screven Rec Dept,Superior Court Clerk,,,JANIS B. REDDICK ,50,0,42,8,0
Screven,Greenhill Church,Superior Court Clerk,,,JANIS B. REDDICK ,103,3,61,39,0
Screven,Sr Citizens Center,Superior Court Clerk,,,JANIS B. REDDICK ,156,3,106,47,0
Screven,Jackson Fire Station,Superior Court Clerk,,,JANIS B. REDDICK ,40,2,30,8,0
Screven,Foys Store,Superior Court Clerk,,,JANIS B. REDDICK ,25,0,24,1,0
Screven,,Sheriff,,,MIKE KILE ,1202,19,879,303,1
Screven,Sylvania,Sheriff,,,MIKE KILE ,186,4,107,75,0
Screven,Hunters,Sheriff,,,MIKE KILE ,51,4,36,11,0
Screven,Newington,Sheriff,,,MIKE KILE ,89,1,78,9,1
Screven,Jenk Hill Fire Sta,Sheriff,,,MIKE KILE ,194,2,150,42,0
Screven,Rocky Ford,Sheriff,,,MIKE KILE ,74,0,57,17,0
Screven,Bay Branch,Sheriff,,,MIKE KILE ,98,0,63,35,0
Screven,Hiltonia,Sheriff,,,MIKE KILE ,108,1,93,14,0
Screven,Screven Rec Dept,Sheriff,,,MIKE KILE ,57,0,49,8,0
Screven,Greenhill Church,Sheriff,,,MIKE KILE ,97,2,60,35,0
Screven,Sr Citizens Center,Sheriff,,,MIKE KILE ,177,3,125,49,0
Screven,Jackson Fire Station,Sheriff,,,MIKE KILE ,39,2,30,7,0
Screven,Foys Store,Sheriff,,,MIKE KILE ,32,0,31,1,0
Screven,,Tax Commissioner,,,DAVID E. LONG ,753,14,520,219,0
Screven,Sylvania,Tax Commissioner,,,DAVID E. LONG ,122,2,64,56,0
Screven,Hunters,Tax Commissioner,,,DAVID E. LONG ,23,0,18,5,0
Screven,Newington,Tax Commissioner,,,DAVID E. LONG ,44,0,40,4,0
Screven,Jenk Hill Fire Sta,Tax Commissioner,,,DAVID E. LONG ,112,3,82,27,0
Screven,Rocky Ford,Tax Commissioner,,,DAVID E. LONG ,62,0,48,14,0
Screven,Bay Branch,Tax Commissioner,,,DAVID E. LONG ,76,0,46,30,0
Screven,Hiltonia,Tax Commissioner,,,DAVID E. LONG ,58,1,50,7,0
Screven,Screven Rec Dept,Tax Commissioner,,,DAVID E. LONG ,38,0,35,3,0
Screven,Greenhill Church,Tax Commissioner,,,DAVID E. LONG ,72,2,36,34,0
Screven,Sr Citizens Center,Tax Commissioner,,,DAVID E. LONG ,97,4,64,29,0
Screven,Jackson Fire Station,Tax Commissioner,,,DAVID E. LONG ,32,2,21,9,0
Screven,Foys Store,Tax Commissioner,,,DAVID E. LONG ,17,0,16,1,0
Screven,,Tax Commissioner,,,MELANIE C. LOYD,676,11,508,156,1
Screven,Sylvania,Tax Commissioner,,,MELANIE C. LOYD,100,2,62,36,0
Screven,Hunters,Tax Commissioner,,,MELANIE C. LOYD,34,4,21,9,0
Screven,Newington,Tax Commissioner,,,MELANIE C. LOYD,68,1,57,9,1
Screven,Jenk Hill Fire Sta,Tax Commissioner,,,MELANIE C. LOYD,114,1,89,24,0
Screven,Rocky Ford,Tax Commissioner,,,MELANIE C. LOYD,30,0,25,5,0
Screven,Bay Branch,Tax Commissioner,,,MELANIE C. LOYD,46,0,30,16,0
Screven,Hiltonia,Tax Commissioner,,,MELANIE C. LOYD,68,0,61,7,0
Screven,Screven Rec Dept,Tax Commissioner,,,MELANIE C. LOYD,25,0,19,6,0
Screven,Greenhill Church,Tax Commissioner,,,MELANIE C. LOYD,55,1,38,16,0
Screven,Sr Citizens Center,Tax Commissioner,,,MELANIE C. LOYD,92,2,67,23,0
Screven,Jackson Fire Station,Tax Commissioner,,,MELANIE C. LOYD,23,0,18,5,0
Screven,Foys Store,Tax Commissioner,,,MELANIE C. LOYD,21,0,21,0,0
Screven,,Coroner,,,JAMES STRICKLAND ,1115,18,814,282,1
Screven,Sylvania,Coroner,,,JAMES STRICKLAND ,163,3,92,68,0
Screven,Hunters,Coroner,,,JAMES STRICKLAND ,47,4,31,12,0
Screven,Newington,Coroner,,,JAMES STRICKLAND ,90,1,80,8,1
Screven,Jenk Hill Fire Sta,Coroner,,,JAMES STRICKLAND ,163,1,128,34,0
Screven,Rocky Ford,Coroner,,,JAMES STRICKLAND ,80,0,64,16,0
Screven,Bay Branch,Coroner,,,JAMES STRICKLAND ,92,0,61,31,0
Screven,Hiltonia,Coroner,,,JAMES STRICKLAND ,107,1,93,13,0
Screven,Screven Rec Dept,Coroner,,,JAMES STRICKLAND ,50,0,42,8,0
Screven,Greenhill Church,Coroner,,,JAMES STRICKLAND ,96,3,56,37,0
Screven,Sr Citizens Center,Coroner,,,JAMES STRICKLAND ,156,3,109,44,0
Screven,Jackson Fire Station,Coroner,,,JAMES STRICKLAND ,44,2,32,10,0
Screven,Foys Store,Coroner,,,JAMES STRICKLAND ,27,0,26,1,0
Screven,,Solicitor,,,EVELYN S. HUBBARD,976,17,715,243,1
Screven,Sylvania,Solicitor,,,EVELYN S. HUBBARD,144,3,77,64,0
Screven,Hunters,Solicitor,,,EVELYN S. HUBBARD,45,4,30,11,0
Screven,Newington,Solicitor,,,EVELYN S. HUBBARD,74,1,66,6,1
Screven,Jenk Hill Fire Sta,Solicitor,,,EVELYN S. HUBBARD,155,2,126,27,0
Screven,Rocky Ford,Solicitor,,,EVELYN S. HUBBARD,63,0,49,14,0
Screven,Bay Branch,Solicitor,,,EVELYN S. HUBBARD,73,0,53,20,0
Screven,Hiltonia,Solicitor,,,EVELYN S. HUBBARD,89,1,77,11,0
Screven,Screven Rec Dept,Solicitor,,,EVELYN S. HUBBARD,45,0,39,6,0
Screven,Greenhill Church,Solicitor,,,EVELYN S. HUBBARD,77,1,45,31,0
Screven,Sr Citizens Center,Solicitor,,,EVELYN S. HUBBARD,150,3,104,43,0
Screven,Jackson Fire Station,Solicitor,,,EVELYN S. HUBBARD,37,2,26,9,0
Screven,Foys Store,Solicitor,,,EVELYN S. HUBBARD,24,0,23,1,0
Screven,,County Comm 2,,,DENNIS LAWTON ,153,3,110,40,0
Screven,Sr Citizens Center,County Comm 2,,,DENNIS LAWTON ,153,3,110,40,0
Screven,,County Comm 3,,,GARY CREWS ,134,7,84,43,0
Screven,Hunters,County Comm 3,,,GARY CREWS ,43,4,29,10,0
Screven,Greenhill Church,County Comm 3,,,GARY CREWS ,91,3,55,33,0
Screven,,County Comm 5,,,J.C. WARREN ,210,2,179,29,0
Screven,Jenk Hill Fire Sta,County Comm 5,,,J.C. WARREN ,178,2,148,28,0
Screven,Foys Store,County Comm 5,,,J.C. WARREN ,32,0,31,1,0
Screven,,County Comm 6,,,BILLY EVANS,171,1,132,38,0
Screven,Rocky Ford,County Comm 6,,,BILLY EVANS,63,1,50,12,0
Screven,Bay Branch,County Comm 6,,,BILLY EVANS,108,0,82,26,0
Screven,,County Comm 6,,,STAN SHEPPARD ,146,0,107,39,0
Screven,Rocky Ford,County Comm 6,,,STAN SHEPPARD ,71,0,56,15,0
Screven,Bay Branch,County Comm 6,,,STAN SHEPPARD ,75,0,51,24,0
Screven,,Republican Party Question 1<br>Should Georgia have casino gambling with funds going to education?,,REP,YES,565,9,416,140,0
Screven,Sylvania,Republican Party Question 1<br>Should Georgia have casino gambling with funds going to education?,,REP,YES,79,2,46,31,0
Screven,Hunters,Republican Party Question 1<br>Should Georgia have casino gambling with funds going to education?,,REP,YES,27,0,23,4,0
Screven,Newington,Republican Party Question 1<br>Should Georgia have casino gambling with funds going to education?,,REP,YES,56,0,51,5,0
Screven,Jenk Hill Fire Sta,Republican Party Question 1<br>Should Georgia have casino gambling with funds going to education?,,REP,YES,60,0,49,11,0
Screven,Rocky Ford,Republican Party Question 1<br>Should Georgia have casino gambling with funds going to education?,,REP,YES,45,0,37,8,0
Screven,Bay Branch,Republican Party Question 1<br>Should Georgia have casino gambling with funds going to education?,,REP,YES,82,2,60,20,0
Screven,Hiltonia,Republican Party Question 1<br>Should Georgia have casino gambling with funds going to education?,,REP,YES,24,0,19,5,0
Screven,Screven Rec Dept,Republican Party Question 1<br>Should Georgia have casino gambling with funds going to education?,,REP,YES,15,0,11,4,0
Screven,Greenhill Church,Republican Party Question 1<br>Should Georgia have casino gambling with funds going to education?,,REP,YES,88,2,61,25,0
Screven,Sr Citizens Center,Republican Party Question 1<br>Should Georgia have casino gambling with funds going to education?,,REP,YES,41,2,18,21,0
Screven,Jackson Fire Station,Republican Party Question 1<br>Should Georgia have casino gambling with funds going to education?,,REP,YES,38,1,31,6,0
Screven,Foys Store,Republican Party Question 1<br>Should Georgia have casino gambling with funds going to education?,,REP,YES,10,0,10,0,0
Screven,,Republican Party Question 1<br>Should Georgia have casino gambling with funds going to education?,,REP,NO,559,7,387,165,0
Screven,Sylvania,Republican Party Question 1<br>Should Georgia have casino gambling with funds going to education?,,REP,NO,61,3,25,33,0
Screven,Hunters,Republican Party Question 1<br>Should Georgia have casino gambling with funds going to education?,,REP,NO,39,0,31,8,0
Screven,Newington,Republican Party Question 1<br>Should Georgia have casino gambling with funds going to education?,,REP,NO,59,0,53,6,0
Screven,Jenk Hill Fire Sta,Republican Party Question 1<br>Should Georgia have casino gambling with funds going to education?,,REP,NO,57,1,33,23,0
Screven,Rocky Ford,Republican Party Question 1<br>Should Georgia have casino gambling with funds going to education?,,REP,NO,39,1,31,7,0
Screven,Bay Branch,Republican Party Question 1<br>Should Georgia have casino gambling with funds going to education?,,REP,NO,76,0,57,19,0
Screven,Hiltonia,Republican Party Question 1<br>Should Georgia have casino gambling with funds going to education?,,REP,NO,29,0,23,6,0
Screven,Screven Rec Dept,Republican Party Question 1<br>Should Georgia have casino gambling with funds going to education?,,REP,NO,10,0,6,4,0
Screven,Greenhill Church,Republican Party Question 1<br>Should Georgia have casino gambling with funds going to education?,,REP,NO,89,0,54,35,0
Screven,Sr Citizens Center,Republican Party Question 1<br>Should Georgia have casino gambling with funds going to education?,,REP,NO,53,1,32,20,0
Screven,Jackson Fire Station,Republican Party Question 1<br>Should Georgia have casino gambling with funds going to education?,,REP,NO,38,1,34,3,0
Screven,Foys Store,Republican Party Question 1<br>Should Georgia have casino gambling with funds going to education?,,REP,NO,9,0,8,1,0
Screven,,Republican Party Question 2<br>Do you support ending the current practice of unlimited gifts from lobbyists to state legislators by imposing a $100 cap on such gifts?,,REP,YES,943,15,658,270,0
Screven,Sylvania,Republican Party Question 2<br>Do you support ending the current practice of unlimited gifts from lobbyists to state legislators by imposing a $100 cap on such gifts?,,REP,YES,115,5,59,51,0
Screven,Hunters,Republican Party Question 2<br>Do you support ending the current practice of unlimited gifts from lobbyists to state legislators by imposing a $100 cap on such gifts?,,REP,YES,53,0,41,12,0
Screven,Newington,Republican Party Question 2<br>Do you support ending the current practice of unlimited gifts from lobbyists to state legislators by imposing a $100 cap on such gifts?,,REP,YES,91,0,83,8,0
Screven,Jenk Hill Fire Sta,Republican Party Question 2<br>Do you support ending the current practice of unlimited gifts from lobbyists to state legislators by imposing a $100 cap on such gifts?,,REP,YES,95,1,66,28,0
Screven,Rocky Ford,Republican Party Question 2<br>Do you support ending the current practice of unlimited gifts from lobbyists to state legislators by imposing a $100 cap on such gifts?,,REP,YES,78,1,63,14,0
Screven,Bay Branch,Republican Party Question 2<br>Do you support ending the current practice of unlimited gifts from lobbyists to state legislators by imposing a $100 cap on such gifts?,,REP,YES,137,2,99,36,0
Screven,Hiltonia,Republican Party Question 2<br>Do you support ending the current practice of unlimited gifts from lobbyists to state legislators by imposing a $100 cap on such gifts?,,REP,YES,47,0,36,11,0
Screven,Screven Rec Dept,Republican Party Question 2<br>Do you support ending the current practice of unlimited gifts from lobbyists to state legislators by imposing a $100 cap on such gifts?,,REP,YES,20,0,12,8,0
Screven,Greenhill Church,Republican Party Question 2<br>Do you support ending the current practice of unlimited gifts from lobbyists to state legislators by imposing a $100 cap on such gifts?,,REP,YES,156,2,97,57,0
Screven,Sr Citizens Center,Republican Party Question 2<br>Do you support ending the current practice of unlimited gifts from lobbyists to state legislators by imposing a $100 cap on such gifts?,,REP,YES,78,3,40,35,0
Screven,Jackson Fire Station,Republican Party Question 2<br>Do you support ending the current practice of unlimited gifts from lobbyists to state legislators by imposing a $100 cap on such gifts?,,REP,YES,57,1,47,9,0
Screven,Foys Store,Republican Party Question 2<br>Do you support ending the current practice of unlimited gifts from lobbyists to state legislators by imposing a $100 cap on such gifts?,,REP,YES,16,0,15,1,0
Screven,,Republican Party Question 2<br>Do you support ending the current practice of unlimited gifts from lobbyists to state legislators by imposing a $100 cap on such gifts?,,REP,NO,163,1,132,30,0
Screven,Sylvania,Republican Party Question 2<br>Do you support ending the current practice of unlimited gifts from lobbyists to state legislators by imposing a $100 cap on such gifts?,,REP,NO,22,0,11,11,0
Screven,Hunters,Republican Party Question 2<br>Do you support ending the current practice of unlimited gifts from lobbyists to state legislators by imposing a $100 cap on such gifts?,,REP,NO,16,0,16,0,0
Screven,Newington,Republican Party Question 2<br>Do you support ending the current practice of unlimited gifts from lobbyists to state legislators by imposing a $100 cap on such gifts?,,REP,NO,19,0,16,3,0
Screven,Jenk Hill Fire Sta,Republican Party Question 2<br>Do you support ending the current practice of unlimited gifts from lobbyists to state legislators by imposing a $100 cap on such gifts?,,REP,NO,19,0,15,4,0
Screven,Rocky Ford,Republican Party Question 2<br>Do you support ending the current practice of unlimited gifts from lobbyists to state legislators by imposing a $100 cap on such gifts?,,REP,NO,7,0,6,1,0
Screven,Bay Branch,Republican Party Question 2<br>Do you support ending the current practice of unlimited gifts from lobbyists to state legislators by imposing a $100 cap on such gifts?,,REP,NO,18,0,15,3,0
Screven,Hiltonia,Republican Party Question 2<br>Do you support ending the current practice of unlimited gifts from lobbyists to state legislators by imposing a $100 cap on such gifts?,,REP,NO,4,0,4,0,0
Screven,Screven Rec Dept,Republican Party Question 2<br>Do you support ending the current practice of unlimited gifts from lobbyists to state legislators by imposing a $100 cap on such gifts?,,REP,NO,6,0,6,0,0
Screven,Greenhill Church,Republican Party Question 2<br>Do you support ending the current practice of unlimited gifts from lobbyists to state legislators by imposing a $100 cap on such gifts?,,REP,NO,20,0,16,4,0
Screven,Sr Citizens Center,Republican Party Question 2<br>Do you support ending the current practice of unlimited gifts from lobbyists to state legislators by imposing a $100 cap on such gifts?,,REP,NO,13,0,9,4,0
Screven,Jackson Fire Station,Republican Party Question 2<br>Do you support ending the current practice of unlimited gifts from lobbyists to state legislators by imposing a $100 cap on such gifts?,,REP,NO,17,1,16,0,0
Screven,Foys Store,Republican Party Question 2<br>Do you support ending the current practice of unlimited gifts from lobbyists to state legislators by imposing a $100 cap on such gifts?,,REP,NO,2,0,2,0,0
Screven,,Republican Party Question 3<br>Should active duty military personnel who are under the age of 21 be allowed to obtain a Georgia weapons license?,,REP,YES,795,8,583,204,0
Screven,Sylvania,Republican Party Question 3<br>Should active duty military personnel who are under the age of 21 be allowed to obtain a Georgia weapons license?,,REP,YES,99,2,49,48,0
Screven,Hunters,Republican Party Question 3<br>Should active duty military personnel who are under the age of 21 be allowed to obtain a Georgia weapons license?,,REP,YES,54,0,46,8,0
Screven,Newington,Republican Party Question 3<br>Should active duty military personnel who are under the age of 21 be allowed to obtain a Georgia weapons license?,,REP,YES,85,0,77,8,0
Screven,Jenk Hill Fire Sta,Republican Party Question 3<br>Should active duty military personnel who are under the age of 21 be allowed to obtain a Georgia weapons license?,,REP,YES,70,0,53,17,0
Screven,Rocky Ford,Republican Party Question 3<br>Should active duty military personnel who are under the age of 21 be allowed to obtain a Georgia weapons license?,,REP,YES,64,1,55,8,0
Screven,Bay Branch,Republican Party Question 3<br>Should active duty military personnel who are under the age of 21 be allowed to obtain a Georgia weapons license?,,REP,YES,119,2,86,31,0
Screven,Hiltonia,Republican Party Question 3<br>Should active duty military personnel who are under the age of 21 be allowed to obtain a Georgia weapons license?,,REP,YES,34,0,27,7,0
Screven,Screven Rec Dept,Republican Party Question 3<br>Should active duty military personnel who are under the age of 21 be allowed to obtain a Georgia weapons license?,,REP,YES,20,0,15,5,0
Screven,Greenhill Church,Republican Party Question 3<br>Should active duty military personnel who are under the age of 21 be allowed to obtain a Georgia weapons license?,,REP,YES,125,0,84,41,0
Screven,Sr Citizens Center,Republican Party Question 3<br>Should active duty military personnel who are under the age of 21 be allowed to obtain a Georgia weapons license?,,REP,YES,61,1,35,25,0
Screven,Jackson Fire Station,Republican Party Question 3<br>Should active duty military personnel who are under the age of 21 be allowed to obtain a Georgia weapons license?,,REP,YES,52,2,44,6,0
Screven,Foys Store,Republican Party Question 3<br>Should active duty military personnel who are under the age of 21 be allowed to obtain a Georgia weapons license?,,REP,YES,12,0,12,0,0
Screven,,Republican Party Question 3<br>Should active duty military personnel who are under the age of 21 be allowed to obtain a Georgia weapons license?,,REP,NO,321,8,219,94,0
Screven,Sylvania,Republican Party Question 3<br>Should active duty military personnel who are under the age of 21 be allowed to obtain a Georgia weapons license?,,REP,NO,40,3,21,16,0
Screven,Hunters,Republican Party Question 3<br>Should active duty military personnel who are under the age of 21 be allowed to obtain a Georgia weapons license?,,REP,NO,16,0,12,4,0
Screven,Newington,Republican Party Question 3<br>Should active duty military personnel who are under the age of 21 be allowed to obtain a Georgia weapons license?,,REP,NO,28,0,25,3,0
Screven,Jenk Hill Fire Sta,Republican Party Question 3<br>Should active duty military personnel who are under the age of 21 be allowed to obtain a Georgia weapons license?,,REP,NO,45,1,28,16,0
Screven,Rocky Ford,Republican Party Question 3<br>Should active duty military personnel who are under the age of 21 be allowed to obtain a Georgia weapons license?,,REP,NO,21,0,15,6,0
Screven,Bay Branch,Republican Party Question 3<br>Should active duty military personnel who are under the age of 21 be allowed to obtain a Georgia weapons license?,,REP,NO,39,0,31,8,0
Screven,Hiltonia,Republican Party Question 3<br>Should active duty military personnel who are under the age of 21 be allowed to obtain a Georgia weapons license?,,REP,NO,14,0,12,2,0
Screven,Screven Rec Dept,Republican Party Question 3<br>Should active duty military personnel who are under the age of 21 be allowed to obtain a Georgia weapons license?,,REP,NO,4,0,2,2,0
Screven,Greenhill Church,Republican Party Question 3<br>Should active duty military personnel who are under the age of 21 be allowed to obtain a Georgia weapons license?,,REP,NO,51,2,31,18,0
Screven,Sr Citizens Center,Republican Party Question 3<br>Should active duty military personnel who are under the age of 21 be allowed to obtain a Georgia weapons license?,,REP,NO,32,2,15,15,0
Screven,Jackson Fire Station,Republican Party Question 3<br>Should active duty military personnel who are under the age of 21 be allowed to obtain a Georgia weapons license?,,REP,NO,25,0,22,3,0
Screven,Foys Store,Republican Party Question 3<br>Should active duty military personnel who are under the age of 21 be allowed to obtain a Georgia weapons license?,,REP,NO,6,0,5,1,0
Screven,,Republican Party Question 4<br>Should Citizens who wish to vote in a primary election be required to register by their political party affiliation at least thirty (30) days prior to such primary election?,,REP,YES,511,8,360,143,0
Screven,Sylvania,Republican Party Question 4<br>Should Citizens who wish to vote in a primary election be required to register by their political party affiliation at least thirty (30) days prior to such primary election?,,REP,YES,62,2,27,33,0
Screven,Hunters,Republican Party Question 4<br>Should Citizens who wish to vote in a primary election be required to register by their political party affiliation at least thirty (30) days prior to such primary election?,,REP,YES,36,0,30,6,0
Screven,Newington,Republican Party Question 4<br>Should Citizens who wish to vote in a primary election be required to register by their political party affiliation at least thirty (30) days prior to such primary election?,,REP,YES,45,0,39,6,0
Screven,Jenk Hill Fire Sta,Republican Party Question 4<br>Should Citizens who wish to vote in a primary election be required to register by their political party affiliation at least thirty (30) days prior to such primary election?,,REP,YES,51,1,30,20,0
Screven,Rocky Ford,Republican Party Question 4<br>Should Citizens who wish to vote in a primary election be required to register by their political party affiliation at least thirty (30) days prior to such primary election?,,REP,YES,42,0,32,10,0
Screven,Bay Branch,Republican Party Question 4<br>Should Citizens who wish to vote in a primary election be required to register by their political party affiliation at least thirty (30) days prior to such primary election?,,REP,YES,77,0,57,20,0
Screven,Hiltonia,Republican Party Question 4<br>Should Citizens who wish to vote in a primary election be required to register by their political party affiliation at least thirty (30) days prior to such primary election?,,REP,YES,20,0,17,3,0
Screven,Screven Rec Dept,Republican Party Question 4<br>Should Citizens who wish to vote in a primary election be required to register by their political party affiliation at least thirty (30) days prior to such primary election?,,REP,YES,10,0,8,2,0
Screven,Greenhill Church,Republican Party Question 4<br>Should Citizens who wish to vote in a primary election be required to register by their political party affiliation at least thirty (30) days prior to such primary election?,,REP,YES,78,1,55,22,0
Screven,Sr Citizens Center,Republican Party Question 4<br>Should Citizens who wish to vote in a primary election be required to register by their political party affiliation at least thirty (30) days prior to such primary election?,,REP,YES,44,3,24,17,0
Screven,Jackson Fire Station,Republican Party Question 4<br>Should Citizens who wish to vote in a primary election be required to register by their political party affiliation at least thirty (30) days prior to such primary election?,,REP,YES,35,1,30,4,0
Screven,Foys Store,Republican Party Question 4<br>Should Citizens who wish to vote in a primary election be required to register by their political party affiliation at least thirty (30) days prior to such primary election?,,REP,YES,11,0,11,0,0
Screven,,Republican Party Question 4<br>Should Citizens who wish to vote in a primary election be required to register by their political party affiliation at least thirty (30) days prior to such primary election?,,REP,NO,590,8,426,156,0
Screven,Sylvania,Republican Party Question 4<br>Should Citizens who wish to vote in a primary election be required to register by their political party affiliation at least thirty (30) days prior to such primary election?,,REP,NO,77,3,43,31,0
Screven,Hunters,Republican Party Question 4<br>Should Citizens who wish to vote in a primary election be required to register by their political party affiliation at least thirty (30) days prior to such primary election?,,REP,NO,34,0,28,6,0
Screven,Newington,Republican Party Question 4<br>Should Citizens who wish to vote in a primary election be required to register by their political party affiliation at least thirty (30) days prior to such primary election?,,REP,NO,64,0,59,5,0
Screven,Jenk Hill Fire Sta,Republican Party Question 4<br>Should Citizens who wish to vote in a primary election be required to register by their political party affiliation at least thirty (30) days prior to such primary election?,,REP,NO,62,0,50,12,0
Screven,Rocky Ford,Republican Party Question 4<br>Should Citizens who wish to vote in a primary election be required to register by their political party affiliation at least thirty (30) days prior to such primary election?,,REP,NO,39,1,33,5,0
Screven,Bay Branch,Republican Party Question 4<br>Should Citizens who wish to vote in a primary election be required to register by their political party affiliation at least thirty (30) days prior to such primary election?,,REP,NO,76,2,55,19,0
Screven,Hiltonia,Republican Party Question 4<br>Should Citizens who wish to vote in a primary election be required to register by their political party affiliation at least thirty (30) days prior to such primary election?,,REP,NO,29,0,22,7,0
Screven,Screven Rec Dept,Republican Party Question 4<br>Should Citizens who wish to vote in a primary election be required to register by their political party affiliation at least thirty (30) days prior to such primary election?,,REP,NO,14,0,10,4,0
Screven,Greenhill Church,Republican Party Question 4<br>Should Citizens who wish to vote in a primary election be required to register by their political party affiliation at least thirty (30) days prior to such primary election?,,REP,NO,101,1,61,39,0
Screven,Sr Citizens Center,Republican Party Question 4<br>Should Citizens who wish to vote in a primary election be required to register by their political party affiliation at least thirty (30) days prior to such primary election?,,REP,NO,46,0,24,22,0
Screven,Jackson Fire Station,Republican Party Question 4<br>Should Citizens who wish to vote in a primary election be required to register by their political party affiliation at least thirty (30) days prior to such primary election?,,REP,NO,41,1,35,5,0
Screven,Foys Store,Republican Party Question 4<br>Should Citizens who wish to vote in a primary election be required to register by their political party affiliation at least thirty (30) days prior to such primary election?,,REP,NO,7,0,6,1,0
Screven,,Republican Party Question 5 <br>Life Amendment Question,,REP,YES,770,9,544,217,0
Screven,Sylvania,Republican Party Question 5 <br>Life Amendment Question,,REP,YES,99,4,48,47,0
Screven,Hunters,Republican Party Question 5 <br>Life Amendment Question,,REP,YES,51,0,42,9,0
Screven,Newington,Republican Party Question 5 <br>Life Amendment Question,,REP,YES,76,0,69,7,0
Screven,Jenk Hill Fire Sta,Republican Party Question 5 <br>Life Amendment Question,,REP,YES,77,1,50,26,0
Screven,Rocky Ford,Republican Party Question 5 <br>Life Amendment Question,,REP,YES,63,1,51,11,0
Screven,Bay Branch,Republican Party Question 5 <br>Life Amendment Question,,REP,YES,104,0,79,25,0
Screven,Hiltonia,Republican Party Question 5 <br>Life Amendment Question,,REP,YES,41,0,33,8,0
Screven,Screven Rec Dept,Republican Party Question 5 <br>Life Amendment Question,,REP,YES,18,0,13,5,0
Screven,Greenhill Church,Republican Party Question 5 <br>Life Amendment Question,,REP,YES,115,1,70,44,0
Screven,Sr Citizens Center,Republican Party Question 5 <br>Life Amendment Question,,REP,YES,63,1,35,27,0
Screven,Jackson Fire Station,Republican Party Question 5 <br>Life Amendment Question,,REP,YES,52,1,44,7,0
Screven,Foys Store,Republican Party Question 5 <br>Life Amendment Question,,REP,YES,11,0,10,1,0
Screven,,Republican Party Question 5 <br>Life Amendment Question,,REP,NO,276,6,196,74,0
Screven,Sylvania,Republican Party Question 5 <br>Life Amendment Question,,REP,NO,36,0,20,16,0
Screven,Hunters,Republican Party Question 5 <br>Life Amendment Question,,REP,NO,10,0,9,1,0
Screven,Newington,Republican Party Question 5 <br>Life Amendment Question,,REP,NO,29,0,27,2,0
Screven,Jenk Hill Fire Sta,Republican Party Question 5 <br>Life Amendment Question,,REP,NO,28,0,24,4,0
Screven,Rocky Ford,Republican Party Question 5 <br>Life Amendment Question,,REP,NO,16,0,12,4,0
Screven,Bay Branch,Republican Party Question 5 <br>Life Amendment Question,,REP,NO,42,2,28,12,0
Screven,Hiltonia,Republican Party Question 5 <br>Life Amendment Question,,REP,NO,8,0,6,2,0
Screven,Screven Rec Dept,Republican Party Question 5 <br>Life Amendment Question,,REP,NO,4,0,1,3,0
Screven,Greenhill Church,Republican Party Question 5 <br>Life Amendment Question,,REP,NO,48,1,32,15,0
Screven,Sr Citizens Center,Republican Party Question 5 <br>Life Amendment Question,,REP,NO,27,2,12,13,0
Screven,Jackson Fire Station,Republican Party Question 5 <br>Life Amendment Question,,REP,NO,21,1,18,2,0
Screven,Foys Store,Republican Party Question 5 <br>Life Amendment Question,,REP,NO,7,0,7,0,0
Screven,,Democratic Party Question 1<br>Should the Georgia Constitution be amended to allow the state to override locally-elected school boards’ decisions when it comes to the creation of charter schools in your county or city?,,DEM,YES,553,7,422,124,0
Screven,Sylvania,Democratic Party Question 1<br>Should the Georgia Constitution be amended to allow the state to override locally-elected school boards’ decisions when it comes to the creation of charter schools in your county or city?,,DEM,YES,68,1,42,25,0
Screven,Hunters,Democratic Party Question 1<br>Should the Georgia Constitution be amended to allow the state to override locally-elected school boards’ decisions when it comes to the creation of charter schools in your county or city?,,DEM,YES,26,2,17,7,0
Screven,Newington,Democratic Party Question 1<br>Should the Georgia Constitution be amended to allow the state to override locally-elected school boards’ decisions when it comes to the creation of charter schools in your county or city?,,DEM,YES,49,0,46,3,0
Screven,Jenk Hill Fire Sta,Democratic Party Question 1<br>Should the Georgia Constitution be amended to allow the state to override locally-elected school boards’ decisions when it comes to the creation of charter schools in your county or city?,,DEM,YES,97,1,78,18,0
Screven,Rocky Ford,Democratic Party Question 1<br>Should the Georgia Constitution be amended to allow the state to override locally-elected school boards’ decisions when it comes to the creation of charter schools in your county or city?,,DEM,YES,32,0,28,4,0
Screven,Bay Branch,Democratic Party Question 1<br>Should the Georgia Constitution be amended to allow the state to override locally-elected school boards’ decisions when it comes to the creation of charter schools in your county or city?,,DEM,YES,38,0,25,13,0
Screven,Hiltonia,Democratic Party Question 1<br>Should the Georgia Constitution be amended to allow the state to override locally-elected school boards’ decisions when it comes to the creation of charter schools in your county or city?,,DEM,YES,46,0,42,4,0
Screven,Screven Rec Dept,Democratic Party Question 1<br>Should the Georgia Constitution be amended to allow the state to override locally-elected school boards’ decisions when it comes to the creation of charter schools in your county or city?,,DEM,YES,29,0,26,3,0
Screven,Greenhill Church,Democratic Party Question 1<br>Should the Georgia Constitution be amended to allow the state to override locally-elected school boards’ decisions when it comes to the creation of charter schools in your county or city?,,DEM,YES,46,0,30,16,0
Screven,Sr Citizens Center,Democratic Party Question 1<br>Should the Georgia Constitution be amended to allow the state to override locally-elected school boards’ decisions when it comes to the creation of charter schools in your county or city?,,DEM,YES,84,3,57,24,0
Screven,Jackson Fire Station,Democratic Party Question 1<br>Should the Georgia Constitution be amended to allow the state to override locally-elected school boards’ decisions when it comes to the creation of charter schools in your county or city?,,DEM,YES,18,0,12,6,0
Screven,Foys Store,Democratic Party Question 1<br>Should the Georgia Constitution be amended to allow the state to override locally-elected school boards’ decisions when it comes to the creation of charter schools in your county or city?,,DEM,YES,20,0,19,1,0
Screven,,Democratic Party Question 1<br>Should the Georgia Constitution be amended to allow the state to override locally-elected school boards’ decisions when it comes to the creation of charter schools in your county or city?,,DEM,NO,737,16,513,207,1
Screven,Sylvania,Democratic Party Question 1<br>Should the Georgia Constitution be amended to allow the state to override locally-elected school boards’ decisions when it comes to the creation of charter schools in your county or city?,,DEM,NO,121,3,68,50,0
Screven,Hunters,Democratic Party Question 1<br>Should the Georgia Constitution be amended to allow the state to override locally-elected school boards’ decisions when it comes to the creation of charter schools in your county or city?,,DEM,NO,27,2,18,7,0
Screven,Newington,Democratic Party Question 1<br>Should the Georgia Constitution be amended to allow the state to override locally-elected school boards’ decisions when it comes to the creation of charter schools in your county or city?,,DEM,NO,63,1,51,10,1
Screven,Jenk Hill Fire Sta,Democratic Party Question 1<br>Should the Georgia Constitution be amended to allow the state to override locally-elected school boards’ decisions when it comes to the creation of charter schools in your county or city?,,DEM,NO,103,3,76,24,0
Screven,Rocky Ford,Democratic Party Question 1<br>Should the Georgia Constitution be amended to allow the state to override locally-elected school boards’ decisions when it comes to the creation of charter schools in your county or city?,,DEM,NO,53,0,39,14,0
Screven,Bay Branch,Democratic Party Question 1<br>Should the Georgia Constitution be amended to allow the state to override locally-elected school boards’ decisions when it comes to the creation of charter schools in your county or city?,,DEM,NO,74,0,48,26,0
Screven,Hiltonia,Democratic Party Question 1<br>Should the Georgia Constitution be amended to allow the state to override locally-elected school boards’ decisions when it comes to the creation of charter schools in your county or city?,,DEM,NO,68,1,58,9,0
Screven,Screven Rec Dept,Democratic Party Question 1<br>Should the Georgia Constitution be amended to allow the state to override locally-elected school boards’ decisions when it comes to the creation of charter schools in your county or city?,,DEM,NO,27,0,22,5,0
Screven,Greenhill Church,Democratic Party Question 1<br>Should the Georgia Constitution be amended to allow the state to override locally-elected school boards’ decisions when it comes to the creation of charter schools in your county or city?,,DEM,NO,71,3,37,31,0
Screven,Sr Citizens Center,Democratic Party Question 1<br>Should the Georgia Constitution be amended to allow the state to override locally-elected school boards’ decisions when it comes to the creation of charter schools in your county or city?,,DEM,NO,80,1,55,24,0
Screven,Jackson Fire Station,Democratic Party Question 1<br>Should the Georgia Constitution be amended to allow the state to override locally-elected school boards’ decisions when it comes to the creation of charter schools in your county or city?,,DEM,NO,33,2,24,7,0
Screven,Foys Store,Democratic Party Question 1<br>Should the Georgia Constitution be amended to allow the state to override locally-elected school boards’ decisions when it comes to the creation of charter schools in your county or city?,,DEM,NO,17,0,17,0,0
Screven,,Democratic Party Question 2<br>Do you support ending current practice permitting unlimited gifts from lobbyists to state legislators?,,DEM,YES,859,16,603,239,1
Screven,Sylvania,Democratic Party Question 2<br>Do you support ending current practice permitting unlimited gifts from lobbyists to state legislators?,,DEM,YES,141,4,80,57,0
Screven,Hunters,Democratic Party Question 2<br>Do you support ending current practice permitting unlimited gifts from lobbyists to state legislators?,,DEM,YES,38,1,26,11,0
Screven,Newington,Democratic Party Question 2<br>Do you support ending current practice permitting unlimited gifts from lobbyists to state legislators?,,DEM,YES,69,0,60,8,1
Screven,Jenk Hill Fire Sta,Democratic Party Question 2<br>Do you support ending current practice permitting unlimited gifts from lobbyists to state legislators?,,DEM,YES,120,4,86,30,0
Screven,Rocky Ford,Democratic Party Question 2<br>Do you support ending current practice permitting unlimited gifts from lobbyists to state legislators?,,DEM,YES,58,0,44,14,0
Screven,Bay Branch,Democratic Party Question 2<br>Do you support ending current practice permitting unlimited gifts from lobbyists to state legislators?,,DEM,YES,78,0,50,28,0
Screven,Hiltonia,Democratic Party Question 2<br>Do you support ending current practice permitting unlimited gifts from lobbyists to state legislators?,,DEM,YES,63,0,55,8,0
Screven,Screven Rec Dept,Democratic Party Question 2<br>Do you support ending current practice permitting unlimited gifts from lobbyists to state legislators?,,DEM,YES,37,0,32,5,0
Screven,Greenhill Church,Democratic Party Question 2<br>Do you support ending current practice permitting unlimited gifts from lobbyists to state legislators?,,DEM,YES,86,2,54,30,0
Screven,Sr Citizens Center,Democratic Party Question 2<br>Do you support ending current practice permitting unlimited gifts from lobbyists to state legislators?,,DEM,YES,106,3,68,35,0
Screven,Jackson Fire Station,Democratic Party Question 2<br>Do you support ending current practice permitting unlimited gifts from lobbyists to state legislators?,,DEM,YES,41,2,27,12,0
Screven,Foys Store,Democratic Party Question 2<br>Do you support ending current practice permitting unlimited gifts from lobbyists to state legislators?,,DEM,YES,22,0,21,1,0
Screven,,Democratic Party Question 2<br>Do you support ending current practice permitting unlimited gifts from lobbyists to state legislators?,,DEM,NO,433,6,328,99,0
Screven,Sylvania,Democratic Party Question 2<br>Do you support ending current practice permitting unlimited gifts from lobbyists to state legislators?,,DEM,NO,51,0,29,22,0
Screven,Hunters,Democratic Party Question 2<br>Do you support ending current practice permitting unlimited gifts from lobbyists to state legislators?,,DEM,NO,13,3,7,3,0
Screven,Newington,Democratic Party Question 2<br>Do you support ending current practice permitting unlimited gifts from lobbyists to state legislators?,,DEM,NO,42,0,38,4,0
Screven,Jenk Hill Fire Sta,Democratic Party Question 2<br>Do you support ending current practice permitting unlimited gifts from lobbyists to state legislators?,,DEM,NO,76,0,62,14,0
Screven,Rocky Ford,Democratic Party Question 2<br>Do you support ending current practice permitting unlimited gifts from lobbyists to state legislators?,,DEM,NO,27,0,23,4,0
Screven,Bay Branch,Democratic Party Question 2<br>Do you support ending current practice permitting unlimited gifts from lobbyists to state legislators?,,DEM,NO,33,0,22,11,0
Screven,Hiltonia,Democratic Party Question 2<br>Do you support ending current practice permitting unlimited gifts from lobbyists to state legislators?,,DEM,NO,52,1,46,5,0
Screven,Screven Rec Dept,Democratic Party Question 2<br>Do you support ending current practice permitting unlimited gifts from lobbyists to state legislators?,,DEM,NO,19,0,16,3,0
Screven,Greenhill Church,Democratic Party Question 2<br>Do you support ending current practice permitting unlimited gifts from lobbyists to state legislators?,,DEM,NO,36,1,17,18,0
Screven,Sr Citizens Center,Democratic Party Question 2<br>Do you support ending current practice permitting unlimited gifts from lobbyists to state legislators?,,DEM,NO,57,1,42,14,0
Screven,Jackson Fire Station,Democratic Party Question 2<br>Do you support ending current practice permitting unlimited gifts from lobbyists to state legislators?,,DEM,NO,12,0,11,1,0
Screven,Foys Store,Democratic Party Question 2<br>Do you support ending current practice permitting unlimited gifts from lobbyists to state legislators?,,DEM,NO,15,0,15,0,0
Screven,,Democratic Party Question 3<br>Should Georgia adopt an income tax credit for home energy costs to support the economic security of our families?,,DEM,YES,1004,18,731,254,1
Screven,Sylvania,Democratic Party Question 3<br>Should Georgia adopt an income tax credit for home energy costs to support the economic security of our families?,,DEM,YES,145,3,81,61,0
Screven,Hunters,Democratic Party Question 3<br>Should Georgia adopt an income tax credit for home energy costs to support the economic security of our families?,,DEM,YES,42,4,29,9,0
Screven,Newington,Democratic Party Question 3<br>Should Georgia adopt an income tax credit for home energy costs to support the economic security of our families?,,DEM,YES,96,1,85,9,1
Screven,Jenk Hill Fire Sta,Democratic Party Question 3<br>Should Georgia adopt an income tax credit for home energy costs to support the economic security of our families?,,DEM,YES,151,4,113,34,0
Screven,Rocky Ford,Democratic Party Question 3<br>Should Georgia adopt an income tax credit for home energy costs to support the economic security of our families?,,DEM,YES,64,0,53,11,0
Screven,Bay Branch,Democratic Party Question 3<br>Should Georgia adopt an income tax credit for home energy costs to support the economic security of our families?,,DEM,YES,84,0,53,31,0
Screven,Hiltonia,Democratic Party Question 3<br>Should Georgia adopt an income tax credit for home energy costs to support the economic security of our families?,,DEM,YES,82,0,72,10,0
Screven,Screven Rec Dept,Democratic Party Question 3<br>Should Georgia adopt an income tax credit for home energy costs to support the economic security of our families?,,DEM,YES,46,0,40,6,0
Screven,Greenhill Church,Democratic Party Question 3<br>Should Georgia adopt an income tax credit for home energy costs to support the economic security of our families?,,DEM,YES,96,3,56,37,0
Screven,Sr Citizens Center,Democratic Party Question 3<br>Should Georgia adopt an income tax credit for home energy costs to support the economic security of our families?,,DEM,YES,138,3,101,34,0
Screven,Jackson Fire Station,Democratic Party Question 3<br>Should Georgia adopt an income tax credit for home energy costs to support the economic security of our families?,,DEM,YES,32,0,21,11,0
Screven,Foys Store,Democratic Party Question 3<br>Should Georgia adopt an income tax credit for home energy costs to support the economic security of our families?,,DEM,YES,28,0,27,1,0
Screven,,Democratic Party Question 3<br>Should Georgia adopt an income tax credit for home energy costs to support the economic security of our families?,,DEM,NO,310,5,221,84,0
Screven,Sylvania,Democratic Party Question 3<br>Should Georgia adopt an income tax credit for home energy costs to support the economic security of our families?,,DEM,NO,55,1,35,19,0
Screven,Hunters,Democratic Party Question 3<br>Should Georgia adopt an income tax credit for home energy costs to support the economic security of our families?,,DEM,NO,11,0,6,5,0
Screven,Newington,Democratic Party Question 3<br>Should Georgia adopt an income tax credit for home energy costs to support the economic security of our families?,,DEM,NO,18,0,14,4,0
Screven,Jenk Hill Fire Sta,Democratic Party Question 3<br>Should Georgia adopt an income tax credit for home energy costs to support the economic security of our families?,,DEM,NO,50,0,39,11,0
Screven,Rocky Ford,Democratic Party Question 3<br>Should Georgia adopt an income tax credit for home energy costs to support the economic security of our families?,,DEM,NO,26,0,19,7,0
Screven,Bay Branch,Democratic Party Question 3<br>Should Georgia adopt an income tax credit for home energy costs to support the economic security of our families?,,DEM,NO,27,0,20,7,0
Screven,Hiltonia,Democratic Party Question 3<br>Should Georgia adopt an income tax credit for home energy costs to support the economic security of our families?,,DEM,NO,35,1,31,3,0
Screven,Screven Rec Dept,Democratic Party Question 3<br>Should Georgia adopt an income tax credit for home energy costs to support the economic security of our families?,,DEM,NO,9,0,7,2,0
Screven,Greenhill Church,Democratic Party Question 3<br>Should Georgia adopt an income tax credit for home energy costs to support the economic security of our families?,,DEM,NO,26,0,14,12,0
Screven,Sr Citizens Center,Democratic Party Question 3<br>Should Georgia adopt an income tax credit for home energy costs to support the economic security of our families?,,DEM,NO,28,1,15,12,0
Screven,Jackson Fire Station,Democratic Party Question 3<br>Should Georgia adopt an income tax credit for home energy costs to support the economic security of our families?,,DEM,NO,16,2,12,2,0
Screven,Foys Store,Democratic Party Question 3<br>Should Georgia adopt an income tax credit for home energy costs to support the economic security of our families?,,DEM,NO,9,0,9,0,0
Screven,,Democratic Party Question 4 <br>Should Georgia reduce sales taxes on Made in Georgia products so as to support the growth of small businesses in our state?,,DEM,YES,1160,20,844,295,1
Screven,Sylvania,Democratic Party Question 4 <br>Should Georgia reduce sales taxes on Made in Georgia products so as to support the growth of small businesses in our state?,,DEM,YES,172,4,96,72,0
Screven,Hunters,Democratic Party Question 4 <br>Should Georgia reduce sales taxes on Made in Georgia products so as to support the growth of small businesses in our state?,,DEM,YES,49,4,35,10,0
Screven,Newington,Democratic Party Question 4 <br>Should Georgia reduce sales taxes on Made in Georgia products so as to support the growth of small businesses in our state?,,DEM,YES,99,1,87,10,1
Screven,Jenk Hill Fire Sta,Democratic Party Question 4 <br>Should Georgia reduce sales taxes on Made in Georgia products so as to support the growth of small businesses in our state?,,DEM,YES,177,4,132,41,0
Screven,Rocky Ford,Democratic Party Question 4 <br>Should Georgia reduce sales taxes on Made in Georgia products so as to support the growth of small businesses in our state?,,DEM,YES,74,0,59,15,0
Screven,Bay Branch,Democratic Party Question 4 <br>Should Georgia reduce sales taxes on Made in Georgia products so as to support the growth of small businesses in our state?,,DEM,YES,105,0,68,37,0
Screven,Hiltonia,Democratic Party Question 4 <br>Should Georgia reduce sales taxes on Made in Georgia products so as to support the growth of small businesses in our state?,,DEM,YES,99,1,86,12,0
Screven,Screven Rec Dept,Democratic Party Question 4 <br>Should Georgia reduce sales taxes on Made in Georgia products so as to support the growth of small businesses in our state?,,DEM,YES,53,0,46,7,0
Screven,Greenhill Church,Democratic Party Question 4 <br>Should Georgia reduce sales taxes on Made in Georgia products so as to support the growth of small businesses in our state?,,DEM,YES,107,2,63,42,0
Screven,Sr Citizens Center,Democratic Party Question 4 <br>Should Georgia reduce sales taxes on Made in Georgia products so as to support the growth of small businesses in our state?,,DEM,YES,147,3,105,39,0
Screven,Jackson Fire Station,Democratic Party Question 4 <br>Should Georgia reduce sales taxes on Made in Georgia products so as to support the growth of small businesses in our state?,,DEM,YES,46,1,35,10,0
Screven,Foys Store,Democratic Party Question 4 <br>Should Georgia reduce sales taxes on Made in Georgia products so as to support the growth of small businesses in our state?,,DEM,YES,32,0,32,0,0
Screven,,Democratic Party Question 4 <br>Should Georgia reduce sales taxes on Made in Georgia products so as to support the growth of small businesses in our state?,,DEM,NO,190,3,135,52,0
Screven,Sylvania,Democratic Party Question 4 <br>Should Georgia reduce sales taxes on Made in Georgia products so as to support the growth of small businesses in our state?,,DEM,NO,29,0,20,9,0
Screven,Hunters,Democratic Party Question 4 <br>Should Georgia reduce sales taxes on Made in Georgia products so as to support the growth of small businesses in our state?,,DEM,NO,6,0,2,4,0
Screven,Newington,Democratic Party Question 4 <br>Should Georgia reduce sales taxes on Made in Georgia products so as to support the growth of small businesses in our state?,,DEM,NO,16,0,13,3,0
Screven,Jenk Hill Fire Sta,Democratic Party Question 4 <br>Should Georgia reduce sales taxes on Made in Georgia products so as to support the growth of small businesses in our state?,,DEM,NO,32,0,25,7,0
Screven,Rocky Ford,Democratic Party Question 4 <br>Should Georgia reduce sales taxes on Made in Georgia products so as to support the growth of small businesses in our state?,,DEM,NO,16,0,12,4,0
Screven,Bay Branch,Democratic Party Question 4 <br>Should Georgia reduce sales taxes on Made in Georgia products so as to support the growth of small businesses in our state?,,DEM,NO,11,0,7,4,0
Screven,Hiltonia,Democratic Party Question 4 <br>Should Georgia reduce sales taxes on Made in Georgia products so as to support the growth of small businesses in our state?,,DEM,NO,20,0,19,1,0
Screven,Screven Rec Dept,Democratic Party Question 4 <br>Should Georgia reduce sales taxes on Made in Georgia products so as to support the growth of small businesses in our state?,,DEM,NO,4,0,3,1,0
Screven,Greenhill Church,Democratic Party Question 4 <br>Should Georgia reduce sales taxes on Made in Georgia products so as to support the growth of small businesses in our state?,,DEM,NO,15,1,8,6,0
Screven,Sr Citizens Center,Democratic Party Question 4 <br>Should Georgia reduce sales taxes on Made in Georgia products so as to support the growth of small businesses in our state?,,DEM,NO,27,1,17,9,0
Screven,Jackson Fire Station,Democratic Party Question 4 <br>Should Georgia reduce sales taxes on Made in Georgia products so as to support the growth of small businesses in our state?,,DEM,NO,7,1,3,3,0
Screven,Foys Store,Democratic Party Question 4 <br>Should Georgia reduce sales taxes on Made in Georgia products so as to support the growth of small businesses in our state?,,DEM,NO,7,0,6,1,0
Screven,,Supreme Court Justice, Hunstein,,CAROL HUNSTEIN ,1742,23,1267,451,1
Screven,Sylvania,Supreme Court Justice, Hunstein,,CAROL HUNSTEIN ,237,6,128,103,0
Screven,Hunters,Supreme Court Justice, Hunstein,,CAROL HUNSTEIN ,94,3,71,20,0
Screven,Newington,Supreme Court Justice, Hunstein,,CAROL HUNSTEIN ,154,1,138,14,1
Screven,Jenk Hill Fire Sta,Supreme Court Justice, Hunstein,,CAROL HUNSTEIN ,225,3,170,52,0
Screven,Rocky Ford,Supreme Court Justice, Hunstein,,CAROL HUNSTEIN ,126,1,101,24,0
Screven,Bay Branch,Supreme Court Justice, Hunstein,,CAROL HUNSTEIN ,197,0,149,48,0
Screven,Hiltonia,Supreme Court Justice, Hunstein,,CAROL HUNSTEIN ,117,1,98,18,0
Screven,Screven Rec Dept,Supreme Court Justice, Hunstein,,CAROL HUNSTEIN ,55,0,41,14,0
Screven,Greenhill Church,Supreme Court Justice, Hunstein,,CAROL HUNSTEIN ,196,2,123,71,0
Screven,Sr Citizens Center,Supreme Court Justice, Hunstein,,CAROL HUNSTEIN ,204,3,133,68,0
Screven,Jackson Fire Station,Supreme Court Justice, Hunstein,,CAROL HUNSTEIN ,94,3,74,17,0
Screven,Foys Store,Supreme Court Justice, Hunstein,,CAROL HUNSTEIN ,43,0,41,2,0
Screven,,Supreme Court Justice, Hunstein,,Write-in,11,0,9,2,0
Screven,Sylvania,Supreme Court Justice, Hunstein,,Write-in,1,0,1,0,0
Screven,Hunters,Supreme Court Justice, Hunstein,,Write-in,0,0,0,0,0
Screven,Newington,Supreme Court Justice, Hunstein,,Write-in,2,0,1,1,0
Screven,Jenk Hill Fire Sta,Supreme Court Justice, Hunstein,,Write-in,1,0,1,0,0
Screven,Rocky Ford,Supreme Court Justice, Hunstein,,Write-in,0,0,0,0,0
Screven,Bay Branch,Supreme Court Justice, Hunstein,,Write-in,0,0,0,0,0
Screven,Hiltonia,Supreme Court Justice, Hunstein,,Write-in,0,0,0,0,0
Screven,Screven Rec Dept,Supreme Court Justice, Hunstein,,Write-in,2,0,2,0,0
Screven,Greenhill Church,Supreme Court Justice, Hunstein,,Write-in,3,0,2,1,0
Screven,Sr Citizens Center,Supreme Court Justice, Hunstein,,Write-in,0,0,0,0,0
Screven,Jackson Fire Station,Supreme Court Justice, Hunstein,,Write-in,2,0,2,0,0
Screven,Foys Store,Supreme Court Justice, Hunstein,,Write-in,0,0,0,0,0
Screven,,Supreme Court Justice, Melton,,HAROLD D. MELTON ,1718,21,1253,443,1
Screven,Sylvania,Supreme Court Justice, Melton,,HAROLD D. MELTON ,231,6,125,100,0
Screven,Hunters,Supreme Court Justice, Melton,,HAROLD D. MELTON ,93,4,70,19,0
Screven,Newington,Supreme Court Justice, Melton,,HAROLD D. MELTON ,153,1,137,14,1
Screven,Jenk Hill Fire Sta,Supreme Court Justice, Melton,,HAROLD D. MELTON ,227,2,172,53,0
Screven,Rocky Ford,Supreme Court Justice, Melton,,HAROLD D. MELTON ,128,1,104,23,0
Screven,Bay Branch,Supreme Court Justice, Melton,,HAROLD D. MELTON ,194,0,147,47,0
Screven,Hiltonia,Supreme Court Justice, Melton,,HAROLD D. MELTON ,112,1,94,17,0
Screven,Screven Rec Dept,Supreme Court Justice, Melton,,HAROLD D. MELTON ,56,0,42,14,0
Screven,Greenhill Church,Supreme Court Justice, Melton,,HAROLD D. MELTON ,196,2,123,71,0
Screven,Sr Citizens Center,Supreme Court Justice, Melton,,HAROLD D. MELTON ,193,3,123,67,0
Screven,Jackson Fire Station,Supreme Court Justice, Melton,,HAROLD D. MELTON ,90,1,73,16,0
Screven,Foys Store,Supreme Court Justice, Melton,,HAROLD D. MELTON ,45,0,43,2,0
Screven,,Supreme Court Justice, Melton,,Write-in,5,0,3,2,0
Screven,Sylvania,Supreme Court Justice, Melton,,Write-in,0,0,0,0,0
Screven,Hunters,Supreme Court Justice, Melton,,Write-in,0,0,0,0,0
Screven,Newington,Supreme Court Justice, Melton,,Write-in,1,0,0,1,0
Screven,Jenk Hill Fire Sta,Supreme Court Justice, Melton,,Write-in,0,0,0,0,0
Screven,Rocky Ford,Supreme Court Justice, Melton,,Write-in,0,0,0,0,0
Screven,Bay Branch,Supreme Court Justice, Melton,,Write-in,0,0,0,0,0
Screven,Hiltonia,Supreme Court Justice, Melton,,Write-in,0,0,0,0,0
Screven,Screven Rec Dept,Supreme Court Justice, Melton,,Write-in,1,0,1,0,0
Screven,Greenhill Church,Supreme Court Justice, Melton,,Write-in,2,0,1,1,0
Screven,Sr Citizens Center,Supreme Court Justice, Melton,,Write-in,0,0,0,0,0
Screven,Jackson Fire Station,Supreme Court Justice, Melton,,Write-in,1,0,1,0,0
Screven,Foys Store,Supreme Court Justice, Melton,,Write-in,0,0,0,0,0
Screven,,Supreme Court Justice, Thompson,,HUGH P. THOMPSON ,1736,23,1269,443,1
Screven,Sylvania,Supreme Court Justice, Thompson,,HUGH P. THOMPSON ,232,7,126,99,0
Screven,Hunters,Supreme Court Justice, Thompson,,HUGH P. THOMPSON ,94,4,71,19,0
Screven,Newington,Supreme Court Justice, Thompson,,HUGH P. THOMPSON ,158,1,142,14,1
Screven,Jenk Hill Fire Sta,Supreme Court Justice, Thompson,,HUGH P. THOMPSON ,228,2,174,52,0
Screven,Rocky Ford,Supreme Court Justice, Thompson,,HUGH P. THOMPSON ,130,1,106,23,0
Screven,Bay Branch,Supreme Court Justice, Thompson,,HUGH P. THOMPSON ,193,0,144,49,0
Screven,Hiltonia,Supreme Court Justice, Thompson,,HUGH P. THOMPSON ,118,1,101,16,0
Screven,Screven Rec Dept,Supreme Court Justice, Thompson,,HUGH P. THOMPSON ,54,0,40,14,0
Screven,Greenhill Church,Supreme Court Justice, Thompson,,HUGH P. THOMPSON ,199,2,125,72,0
Screven,Sr Citizens Center,Supreme Court Justice, Thompson,,HUGH P. THOMPSON ,196,4,125,67,0
Screven,Jackson Fire Station,Supreme Court Justice, Thompson,,HUGH P. THOMPSON ,91,1,74,16,0
Screven,Foys Store,Supreme Court Justice, Thompson,,HUGH P. THOMPSON ,43,0,41,2,0
Screven,,Supreme Court Justice, Thompson,,Write-in,5,0,3,2,0
Screven,Sylvania,Supreme Court Justice, Thompson,,Write-in,0,0,0,0,0
Screven,Hunters,Supreme Court Justice, Thompson,,Write-in,0,0,0,0,0
Screven,Newington,Supreme Court Justice, Thompson,,Write-in,1,0,0,1,0
Screven,Jenk Hill Fire Sta,Supreme Court Justice, Thompson,,Write-in,0,0,0,0,0
Screven,Rocky Ford,Supreme Court Justice, Thompson,,Write-in,0,0,0,0,0
Screven,Bay Branch,Supreme Court Justice, Thompson,,Write-in,0,0,0,0,0
Screven,Hiltonia,Supreme Court Justice, Thompson,,Write-in,0,0,0,0,0
Screven,Screven Rec Dept,Supreme Court Justice, Thompson,,Write-in,1,0,1,0,0
Screven,Greenhill Church,Supreme Court Justice, Thompson,,Write-in,2,0,1,1,0
Screven,Sr Citizens Center,Supreme Court Justice, Thompson,,Write-in,0,0,0,0,0
Screven,Jackson Fire Station,Supreme Court Justice, Thompson,,Write-in,1,0,1,0,0
Screven,Foys Store,Supreme Court Justice, Thompson,,Write-in,0,0,0,0,0
Screven,,Appeals Court Judge, Boggs,,MICHAEL P. BOGGS ,1700,24,1238,437,1
Screven,Sylvania,Appeals Court Judge, Boggs,,MICHAEL P. BOGGS ,232,7,127,98,0
Screven,Hunters,Appeals Court Judge, Boggs,,MICHAEL P. BOGGS ,90,4,67,19,0
Screven,Newington,Appeals Court Judge, Boggs,,MICHAEL P. BOGGS ,158,1,140,16,1
Screven,Jenk Hill Fire Sta,Appeals Court Judge, Boggs,,MICHAEL P. BOGGS ,223,2,171,50,0
Screven,Rocky Ford,Appeals Court Judge, Boggs,,MICHAEL P. BOGGS ,128,1,104,23,0
Screven,Bay Branch,Appeals Court Judge, Boggs,,MICHAEL P. BOGGS ,193,0,144,49,0
Screven,Hiltonia,Appeals Court Judge, Boggs,,MICHAEL P. BOGGS ,108,1,91,16,0
Screven,Screven Rec Dept,Appeals Court Judge, Boggs,,MICHAEL P. BOGGS ,54,0,40,14,0
Screven,Greenhill Church,Appeals Court Judge, Boggs,,MICHAEL P. BOGGS ,191,2,122,67,0
Screven,Sr Citizens Center,Appeals Court Judge, Boggs,,MICHAEL P. BOGGS ,189,3,119,67,0
Screven,Jackson Fire Station,Appeals Court Judge, Boggs,,MICHAEL P. BOGGS ,91,3,72,16,0
Screven,Foys Store,Appeals Court Judge, Boggs,,MICHAEL P. BOGGS ,43,0,41,2,0
Screven,,Appeals Court Judge, Boggs,,Write-in,3,0,2,1,0
Screven,Sylvania,Appeals Court Judge, Boggs,,Write-in,0,0,0,0,0
Screven,Hunters,Appeals Court Judge, Boggs,,Write-in,0,0,0,0,0
Screven,Newington,Appeals Court Judge, Boggs,,Write-in,0,0,0,0,0
Screven,Jenk Hill Fire Sta,Appeals Court Judge, Boggs,,Write-in,0,0,0,0,0
Screven,Rocky Ford,Appeals Court Judge, Boggs,,Write-in,0,0,0,0,0
Screven,Bay Branch,Appeals Court Judge, Boggs,,Write-in,0,0,0,0,0
Screven,Hiltonia,Appeals Court Judge, Boggs,,Write-in,0,0,0,0,0
Screven,Screven Rec Dept,Appeals Court Judge, Boggs,,Write-in,1,0,1,0,0
Screven,Greenhill Church,Appeals Court Judge, Boggs,,Write-in,2,0,1,1,0
Screven,Sr Citizens Center,Appeals Court Judge, Boggs,,Write-in,0,0,0,0,0
Screven,Jackson Fire Station,Appeals Court Judge, Boggs,,Write-in,0,0,0,0,0
Screven,Foys Store,Appeals Court Judge, Boggs,,Write-in,0,0,0,0,0
Screven,,Appeals Court Judge, Dillard,,STEPHEN DILLARD ,1701,24,1236,440,1
Screven,Sylvania,Appeals Court Judge, Dillard,,STEPHEN DILLARD ,225,7,123,95,0
Screven,Hunters,Appeals Court Judge, Dillard,,STEPHEN DILLARD ,92,4,68,20,0
Screven,Newington,Appeals Court Judge, Dillard,,STEPHEN DILLARD ,157,1,139,16,1
Screven,Jenk Hill Fire Sta,Appeals Court Judge, Dillard,,STEPHEN DILLARD ,221,2,169,50,0
Screven,Rocky Ford,Appeals Court Judge, Dillard,,STEPHEN DILLARD ,128,1,104,23,0
Screven,Bay Branch,Appeals Court Judge, Dillard,,STEPHEN DILLARD ,194,0,145,49,0
Screven,Hiltonia,Appeals Court Judge, Dillard,,STEPHEN DILLARD ,114,1,96,17,0
Screven,Screven Rec Dept,Appeals Court Judge, Dillard,,STEPHEN DILLARD ,56,0,41,15,0
Screven,Greenhill Church,Appeals Court Judge, Dillard,,STEPHEN DILLARD ,191,2,120,69,0
Screven,Sr Citizens Center,Appeals Court Judge, Dillard,,STEPHEN DILLARD ,188,3,117,68,0
Screven,Jackson Fire Station,Appeals Court Judge, Dillard,,STEPHEN DILLARD ,91,3,72,16,0
Screven,Foys Store,Appeals Court Judge, Dillard,,STEPHEN DILLARD ,44,0,42,2,0
Screven,,Appeals Court Judge, Dillard,,Write-in,4,0,3,1,0
Screven,Sylvania,Appeals Court Judge, Dillard,,Write-in,0,0,0,0,0
Screven,Hunters,Appeals Court Judge, Dillard,,Write-in,0,0,0,0,0
Screven,Newington,Appeals Court Judge, Dillard,,Write-in,0,0,0,0,0
Screven,Jenk Hill Fire Sta,Appeals Court Judge, Dillard,,Write-in,0,0,0,0,0
Screven,Rocky Ford,Appeals Court Judge, Dillard,,Write-in,0,0,0,0,0
Screven,Bay Branch,Appeals Court Judge, Dillard,,Write-in,0,0,0,0,0
Screven,Hiltonia,Appeals Court Judge, Dillard,,Write-in,0,0,0,0,0
Screven,Screven Rec Dept,Appeals Court Judge, Dillard,,Write-in,1,0,1,0,0
Screven,Greenhill Church,Appeals Court Judge, Dillard,,Write-in,3,0,2,1,0
Screven,Sr Citizens Center,Appeals Court Judge, Dillard,,Write-in,0,0,0,0,0
Screven,Jackson Fire Station,Appeals Court Judge, Dillard,,Write-in,0,0,0,0,0
Screven,Foys Store,Appeals Court Judge, Dillard,,Write-in,0,0,0,0,0
Screven,,Appeals Court Judge, Ellington,,JOHN ELLINGTON ,1689,24,1233,431,1
Screven,Sylvania,Appeals Court Judge, Ellington,,JOHN ELLINGTON ,223,7,124,92,0
Screven,Hunters,Appeals Court Judge, Ellington,,JOHN ELLINGTON ,93,4,69,20,0
Screven,Newington,Appeals Court Judge, Ellington,,JOHN ELLINGTON ,152,1,136,14,1
Screven,Jenk Hill Fire Sta,Appeals Court Judge, Ellington,,JOHN ELLINGTON ,219,2,167,50,0
Screven,Rocky Ford,Appeals Court Judge, Ellington,,JOHN ELLINGTON ,124,1,101,22,0
Screven,Bay Branch,Appeals Court Judge, Ellington,,JOHN ELLINGTON ,190,0,143,47,0
Screven,Hiltonia,Appeals Court Judge, Ellington,,JOHN ELLINGTON ,113,1,96,16,0
Screven,Screven Rec Dept,Appeals Court Judge, Ellington,,JOHN ELLINGTON ,55,0,42,13,0
Screven,Greenhill Church,Appeals Court Judge, Ellington,,JOHN ELLINGTON ,194,2,121,71,0
Screven,Sr Citizens Center,Appeals Court Judge, Ellington,,JOHN ELLINGTON ,194,3,123,68,0
Screven,Jackson Fire Station,Appeals Court Judge, Ellington,,JOHN ELLINGTON ,90,3,71,16,0
Screven,Foys Store,Appeals Court Judge, Ellington,,JOHN ELLINGTON ,42,0,40,2,0
Screven,,Appeals Court Judge, Ellington,,Write-in,3,0,2,1,0
Screven,Sylvania,Appeals Court Judge, Ellington,,Write-in,0,0,0,0,0
Screven,Hunters,Appeals Court Judge, Ellington,,Write-in,0,0,0,0,0
Screven,Newington,Appeals Court Judge, Ellington,,Write-in,0,0,0,0,0
Screven,Jenk Hill Fire Sta,Appeals Court Judge, Ellington,,Write-in,0,0,0,0,0
Screven,Rocky Ford,Appeals Court Judge, Ellington,,Write-in,0,0,0,0,0
Screven,Bay Branch,Appeals Court Judge, Ellington,,Write-in,0,0,0,0,0
Screven,Hiltonia,Appeals Court Judge, Ellington,,Write-in,0,0,0,0,0
Screven,Screven Rec Dept,Appeals Court Judge, Ellington,,Write-in,1,0,1,0,0
Screven,Greenhill Church,Appeals Court Judge, Ellington,,Write-in,2,0,1,1,0
Screven,Sr Citizens Center,Appeals Court Judge, Ellington,,Write-in,0,0,0,0,0
Screven,Jackson Fire Station,Appeals Court Judge, Ellington,,Write-in,0,0,0,0,0
Screven,Foys Store,Appeals Court Judge, Ellington,,Write-in,0,0,0,0,0
Screven,,Appeals Court Judge, Miller,,M. YVETTE MILLER ,1691,24,1235,431,1
Screven,Sylvania,Appeals Court Judge, Miller,,M. YVETTE MILLER ,226,7,125,94,0
Screven,Hunters,Appeals Court Judge, Miller,,M. YVETTE MILLER ,96,4,71,21,0
Screven,Newington,Appeals Court Judge, Miller,,M. YVETTE MILLER ,151,1,134,15,1
Screven,Jenk Hill Fire Sta,Appeals Court Judge, Miller,,M. YVETTE MILLER ,222,2,170,50,0
Screven,Rocky Ford,Appeals Court Judge, Miller,,M. YVETTE MILLER ,123,1,100,22,0
Screven,Bay Branch,Appeals Court Judge, Miller,,M. YVETTE MILLER ,195,0,147,48,0
Screven,Hiltonia,Appeals Court Judge, Miller,,M. YVETTE MILLER ,113,1,95,17,0
Screven,Screven Rec Dept,Appeals Court Judge, Miller,,M. YVETTE MILLER ,55,0,41,14,0
Screven,Greenhill Church,Appeals Court Judge, Miller,,M. YVETTE MILLER ,191,2,121,68,0
Screven,Sr Citizens Center,Appeals Court Judge, Miller,,M. YVETTE MILLER ,187,3,120,64,0
Screven,Jackson Fire Station,Appeals Court Judge, Miller,,M. YVETTE MILLER ,89,3,70,16,0
Screven,Foys Store,Appeals Court Judge, Miller,,M. YVETTE MILLER ,43,0,41,2,0
Screven,,Appeals Court Judge, Miller,,Write-in,3,0,2,1,0
Screven,Sylvania,Appeals Court Judge, Miller,,Write-in,0,0,0,0,0
Screven,Hunters,Appeals Court Judge, Miller,,Write-in,0,0,0,0,0
Screven,Newington,Appeals Court Judge, Miller,,Write-in,0,0,0,0,0
Screven,Jenk Hill Fire Sta,Appeals Court Judge, Miller,,Write-in,0,0,0,0,0
Screven,Rocky Ford,Appeals Court Judge, Miller,,Write-in,0,0,0,0,0
Screven,Bay Branch,Appeals Court Judge, Miller,,Write-in,0,0,0,0,0
Screven,Hiltonia,Appeals Court Judge, Miller,,Write-in,0,0,0,0,0
Screven,Screven Rec Dept,Appeals Court Judge, Miller,,Write-in,1,0,1,0,0
Screven,Greenhill Church,Appeals Court Judge, Miller,,Write-in,2,0,1,1,0
Screven,Sr Citizens Center,Appeals Court Judge, Miller,,Write-in,0,0,0,0,0
Screven,Jackson Fire Station,Appeals Court Judge, Miller,,Write-in,0,0,0,0,0
Screven,Foys Store,Appeals Court Judge, Miller,,Write-in,0,0,0,0,0
Screven,,Appeals Court Judge, Phipps,,HERBERT PHIPPS ,1671,24,1227,419,1
Screven,Sylvania,Appeals Court Judge, Phipps,,HERBERT PHIPPS ,222,7,123,92,0
Screven,Hunters,Appeals Court Judge, Phipps,,HERBERT PHIPPS ,94,4,70,20,0
Screven,Newington,Appeals Court Judge, Phipps,,HERBERT PHIPPS ,148,1,132,14,1
Screven,Jenk Hill Fire Sta,Appeals Court Judge, Phipps,,HERBERT PHIPPS ,217,2,167,48,0
Screven,Rocky Ford,Appeals Court Judge, Phipps,,HERBERT PHIPPS ,126,1,103,22,0
Screven,Bay Branch,Appeals Court Judge, Phipps,,HERBERT PHIPPS ,190,0,145,45,0
Screven,Hiltonia,Appeals Court Judge, Phipps,,HERBERT PHIPPS ,110,1,94,15,0
Screven,Screven Rec Dept,Appeals Court Judge, Phipps,,HERBERT PHIPPS ,54,0,41,13,0
Screven,Greenhill Church,Appeals Court Judge, Phipps,,HERBERT PHIPPS ,190,2,121,67,0
Screven,Sr Citizens Center,Appeals Court Judge, Phipps,,HERBERT PHIPPS ,189,3,120,66,0
Screven,Jackson Fire Station,Appeals Court Judge, Phipps,,HERBERT PHIPPS ,89,3,71,15,0
Screven,Foys Store,Appeals Court Judge, Phipps,,HERBERT PHIPPS ,42,0,40,2,0
Screven,,Appeals Court Judge, Phipps,,Write-in,3,0,2,1,0
Screven,Sylvania,Appeals Court Judge, Phipps,,Write-in,0,0,0,0,0
Screven,Hunters,Appeals Court Judge, Phipps,,Write-in,0,0,0,0,0
Screven,Newington,Appeals Court Judge, Phipps,,Write-in,0,0,0,0,0
Screven,Jenk Hill Fire Sta,Appeals Court Judge, Phipps,,Write-in,0,0,0,0,0
Screven,Rocky Ford,Appeals Court Judge, Phipps,,Write-in,0,0,0,0,0
Screven,Bay Branch,Appeals Court Judge, Phipps,,Write-in,0,0,0,0,0
Screven,Hiltonia,Appeals Court Judge, Phipps,,Write-in,0,0,0,0,0
Screven,Screven Rec Dept,Appeals Court Judge, Phipps,,Write-in,1,0,1,0,0
Screven,Greenhill Church,Appeals Court Judge, Phipps,,Write-in,2,0,1,1,0
Screven,Sr Citizens Center,Appeals Court Judge, Phipps,,Write-in,0,0,0,0,0
Screven,Jackson Fire Station,Appeals Court Judge, Phipps,,Write-in,0,0,0,0,0
Screven,Foys Store,Appeals Court Judge, Phipps,,Write-in,0,0,0,0,0
Screven,,Superior Court Judge, Ogeechee Circuit (Peed),,F. GATES PEED ,1834,25,1327,481,1
Screven,Sylvania,Superior Court Judge, Ogeechee Circuit (Peed),,F. GATES PEED ,253,7,135,111,0
Screven,Hunters,Superior Court Judge, Ogeechee Circuit (Peed),,F. GATES PEED ,107,4,81,22,0
Screven,Newington,Superior Court Judge, Ogeechee Circuit (Peed),,F. GATES PEED ,166,1,147,17,1
Screven,Jenk Hill Fire Sta,Superior Court Judge, Ogeechee Circuit (Peed),,F. GATES PEED ,225,2,172,51,0
Screven,Rocky Ford,Superior Court Judge, Ogeechee Circuit (Peed),,F. GATES PEED ,132,1,105,26,0
Screven,Bay Branch,Superior Court Judge, Ogeechee Circuit (Peed),,F. GATES PEED ,213,0,155,58,0
Screven,Hiltonia,Superior Court Judge, Ogeechee Circuit (Peed),,F. GATES PEED ,120,1,99,20,0
Screven,Screven Rec Dept,Superior Court Judge, Ogeechee Circuit (Peed),,F. GATES PEED ,62,0,48,14,0
Screven,Greenhill Church,Superior Court Judge, Ogeechee Circuit (Peed),,F. GATES PEED ,216,2,141,73,0
Screven,Sr Citizens Center,Superior Court Judge, Ogeechee Circuit (Peed),,F. GATES PEED ,199,4,126,69,0
Screven,Jackson Fire Station,Superior Court Judge, Ogeechee Circuit (Peed),,F. GATES PEED ,98,3,77,18,0
Screven,Foys Store,Superior Court Judge, Ogeechee Circuit (Peed),,F. GATES PEED ,43,0,41,2,0
Screven,,Superior Court Judge, Ogeechee Circuit (Peed),,Write-in,8,0,5,3,0
Screven,Sylvania,Superior Court Judge, Ogeechee Circuit (Peed),,Write-in,1,0,0,1,0
Screven,Hunters,Superior Court Judge, Ogeechee Circuit (Peed),,Write-in,1,0,1,0,0
Screven,Newington,Superior Court Judge, Ogeechee Circuit (Peed),,Write-in,0,0,0,0,0
Screven,Jenk Hill Fire Sta,Superior Court Judge, Ogeechee Circuit (Peed),,Write-in,2,0,2,0,0
Screven,Rocky Ford,Superior Court Judge, Ogeechee Circuit (Peed),,Write-in,0,0,0,0,0
Screven,Bay Branch,Superior Court Judge, Ogeechee Circuit (Peed),,Write-in,1,0,0,1,0
Screven,Hiltonia,Superior Court Judge, Ogeechee Circuit (Peed),,Write-in,0,0,0,0,0
Screven,Screven Rec Dept,Superior Court Judge, Ogeechee Circuit (Peed),,Write-in,1,0,1,0,0
Screven,Greenhill Church,Superior Court Judge, Ogeechee Circuit (Peed),,Write-in,2,0,1,1,0
Screven,Sr Citizens Center,Superior Court Judge, Ogeechee Circuit (Peed),,Write-in,0,0,0,0,0
Screven,Jackson Fire Station,Superior Court Judge, Ogeechee Circuit (Peed),,Write-in,0,0,0,0,0
Screven,Foys Store,Superior Court Judge, Ogeechee Circuit (Peed),,Write-in,0,0,0,0,0
Screven,,Superior Court Judge, Ogeechee Circuit (Turner),,JOHN R. TURNER ,1817,25,1317,474,1
Screven,Sylvania,Superior Court Judge, Ogeechee Circuit (Turner),,JOHN R. TURNER ,245,7,137,101,0
Screven,Hunters,Superior Court Judge, Ogeechee Circuit (Turner),,JOHN R. TURNER ,110,4,82,24,0
Screven,Newington,Superior Court Judge, Ogeechee Circuit (Turner),,JOHN R. TURNER ,165,1,146,17,1
Screven,Jenk Hill Fire Sta,Superior Court Judge, Ogeechee Circuit (Turner),,JOHN R. TURNER ,231,3,174,54,0
Screven,Rocky Ford,Superior Court Judge, Ogeechee Circuit (Turner),,JOHN R. TURNER ,136,1,110,25,0
Screven,Bay Branch,Superior Court Judge, Ogeechee Circuit (Turner),,JOHN R. TURNER ,204,0,150,54,0
Screven,Hiltonia,Superior Court Judge, Ogeechee Circuit (Turner),,JOHN R. TURNER ,118,1,98,19,0
Screven,Screven Rec Dept,Superior Court Judge, Ogeechee Circuit (Turner),,JOHN R. TURNER ,60,0,46,14,0
Screven,Greenhill Church,Superior Court Judge, Ogeechee Circuit (Turner),,JOHN R. TURNER ,210,2,133,75,0
Screven,Sr Citizens Center,Superior Court Judge, Ogeechee Circuit (Turner),,JOHN R. TURNER ,200,3,126,71,0
Screven,Jackson Fire Station,Superior Court Judge, Ogeechee Circuit (Turner),,JOHN R. TURNER ,96,3,75,18,0
Screven,Foys Store,Superior Court Judge, Ogeechee Circuit (Turner),,JOHN R. TURNER ,42,0,40,2,0
Screven,,Superior Court Judge, Ogeechee Circuit (Turner),,Write-in,7,0,4,3,0
Screven,Sylvania,Superior Court Judge, Ogeechee Circuit (Turner),,Write-in,0,0,0,0,0
Screven,Hunters,Superior Court Judge, Ogeechee Circuit (Turner),,Write-in,0,0,0,0,0
Screven,Newington,Superior Court Judge, Ogeechee Circuit (Turner),,Write-in,0,0,0,0,0
Screven,Jenk Hill Fire Sta,Superior Court Judge, Ogeechee Circuit (Turner),,Write-in,1,0,1,0,0
Screven,Rocky Ford,Superior Court Judge, Ogeechee Circuit (Turner),,Write-in,0,0,0,0,0
Screven,Bay Branch,Superior Court Judge, Ogeechee Circuit (Turner),,Write-in,1,0,1,0,0
Screven,Hiltonia,Superior Court Judge, Ogeechee Circuit (Turner),,Write-in,1,0,1,0,0
Screven,Screven Rec Dept,Superior Court Judge, Ogeechee Circuit (Turner),,Write-in,1,0,1,0,0
Screven,Greenhill Church,Superior Court Judge, Ogeechee Circuit (Turner),,Write-in,3,0,0,3,0
Screven,Sr Citizens Center,Superior Court Judge, Ogeechee Circuit (Turner),,Write-in,0,0,0,0,0
Screven,Jackson Fire Station,Superior Court Judge, Ogeechee Circuit (Turner),,Write-in,0,0,0,0,0
Screven,Foys Store,Superior Court Judge, Ogeechee Circuit (Turner),,Write-in,0,0,0,0,0
Screven,,Superior Court Judge, Ogeechee Circuit (Woodrum),,WILLIAM WOODRUM ,1849,24,1341,483,1
Screven,Sylvania,Superior Court Judge, Ogeechee Circuit (Woodrum),,WILLIAM WOODRUM ,252,6,138,108,0
Screven,Hunters,Superior Court Judge, Ogeechee Circuit (Woodrum),,WILLIAM WOODRUM ,102,4,75,23,0
Screven,Newington,Superior Court Judge, Ogeechee Circuit (Woodrum),,WILLIAM WOODRUM ,165,1,148,15,1
Screven,Jenk Hill Fire Sta,Superior Court Judge, Ogeechee Circuit (Woodrum),,WILLIAM WOODRUM ,236,2,179,55,0
Screven,Rocky Ford,Superior Court Judge, Ogeechee Circuit (Woodrum),,WILLIAM WOODRUM ,132,1,105,26,0
Screven,Bay Branch,Superior Court Judge, Ogeechee Circuit (Woodrum),,WILLIAM WOODRUM ,211,0,157,54,0
Screven,Hiltonia,Superior Court Judge, Ogeechee Circuit (Woodrum),,WILLIAM WOODRUM ,128,1,110,17,0
Screven,Screven Rec Dept,Superior Court Judge, Ogeechee Circuit (Woodrum),,WILLIAM WOODRUM ,58,0,45,13,0
Screven,Greenhill Church,Superior Court Judge, Ogeechee Circuit (Woodrum),,WILLIAM WOODRUM ,220,3,138,79,0
Screven,Sr Citizens Center,Superior Court Judge, Ogeechee Circuit (Woodrum),,WILLIAM WOODRUM ,207,3,131,73,0
Screven,Jackson Fire Station,Superior Court Judge, Ogeechee Circuit (Woodrum),,WILLIAM WOODRUM ,94,3,73,18,0
Screven,Foys Store,Superior Court Judge, Ogeechee Circuit (Woodrum),,WILLIAM WOODRUM ,44,0,42,2,0
Screven,,Superior Court Judge, Ogeechee Circuit (Woodrum),,Write-in,5,0,2,3,0
Screven,Sylvania,Superior Court Judge, Ogeechee Circuit (Woodrum),,Write-in,0,0,0,0,0
Screven,Hunters,Superior Court Judge, Ogeechee Circuit (Woodrum),,Write-in,0,0,0,0,0
Screven,Newington,Superior Court Judge, Ogeechee Circuit (Woodrum),,Write-in,0,0,0,0,0
Screven,Jenk Hill Fire Sta,Superior Court Judge, Ogeechee Circuit (Woodrum),,Write-in,0,0,0,0,0
Screven,Rocky Ford,Superior Court Judge, Ogeechee Circuit (Woodrum),,Write-in,0,0,0,0,0
Screven,Bay Branch,Superior Court Judge, Ogeechee Circuit (Woodrum),,Write-in,1,0,1,0,0
Screven,Hiltonia,Superior Court Judge, Ogeechee Circuit (Woodrum),,Write-in,0,0,0,0,0
Screven,Screven Rec Dept,Superior Court Judge, Ogeechee Circuit (Woodrum),,Write-in,1,0,1,0,0
Screven,Greenhill Church,Superior Court Judge, Ogeechee Circuit (Woodrum),,Write-in,3,0,0,3,0
Screven,Sr Citizens Center,Superior Court Judge, Ogeechee Circuit (Woodrum),,Write-in,0,0,0,0,0
Screven,Jackson Fire Station,Superior Court Judge, Ogeechee Circuit (Woodrum),,Write-in,0,0,0,0,0
Screven,Foys Store,Superior Court Judge, Ogeechee Circuit (Woodrum),,Write-in,0,0,0,0,0
Screven,,State Court,,,GRADY K. REDDICK ,2030,28,1477,525,0
Screven,Sylvania,State Court,,,GRADY K. REDDICK ,280,7,156,117,0
Screven,Hunters,State Court,,,GRADY K. REDDICK ,108,4,82,22,0
Screven,Newington,State Court,,,GRADY K. REDDICK ,171,1,155,15,0
Screven,Jenk Hill Fire Sta,State Court,,,GRADY K. REDDICK ,259,3,196,60,0
Screven,Rocky Ford,State Court,,,GRADY K. REDDICK ,142,1,115,26,0
Screven,Bay Branch,State Court,,,GRADY K. REDDICK ,216,0,157,59,0
Screven,Hiltonia,State Court,,,GRADY K. REDDICK ,144,1,124,19,0
Screven,Screven Rec Dept,State Court,,,GRADY K. REDDICK ,74,0,59,15,0
Screven,Greenhill Church,State Court,,,GRADY K. REDDICK ,248,4,153,91,0
Screven,Sr Citizens Center,State Court,,,GRADY K. REDDICK ,244,4,158,82,0
Screven,Jackson Fire Station,State Court,,,GRADY K. REDDICK ,102,3,82,17,0
Screven,Foys Store,State Court,,,GRADY K. REDDICK ,42,0,40,2,0
Screven,,State Court,,,Write-in,20,0,18,2,0
Screven,Sylvania,State Court,,,Write-in,5,0,5,0,0
Screven,Hunters,State Court,,,Write-in,0,0,0,0,0
Screven,Newington,State Court,,,Write-in,1,0,1,0,0
Screven,Jenk Hill Fire Sta,State Court,,,Write-in,1,0,1,0,0
Screven,Rocky Ford,State Court,,,Write-in,2,0,1,1,0
Screven,Bay Branch,State Court,,,Write-in,5,0,4,1,0
Screven,Hiltonia,State Court,,,Write-in,1,0,1,0,0
Screven,Screven Rec Dept,State Court,,,Write-in,1,0,1,0,0
Screven,Greenhill Church,State Court,,,Write-in,4,0,4,0,0
Screven,Sr Citizens Center,State Court,,,Write-in,0,0,0,0,0
Screven,Jackson Fire Station,State Court,,,Write-in,0,0,0,0,0
Screven,Foys Store,State Court,,,Write-in,0,0,0,0,0
Screven,,Probate Court Judge,,,DEBBIE C. BROWN ,2114,28,1529,556,1
Screven,Sylvania,Probate Court Judge,,,DEBBIE C. BROWN ,295,7,160,128,0
Screven,Hunters,Probate Court Judge,,,DEBBIE C. BROWN ,114,4,84,26,0
Screven,Newington,Probate Court Judge,,,DEBBIE C. BROWN ,184,1,165,17,1
Screven,Jenk Hill Fire Sta,Probate Court Judge,,,DEBBIE C. BROWN ,278,3,210,65,0
Screven,Rocky Ford,Probate Court Judge,,,DEBBIE C. BROWN ,142,1,113,28,0
Screven,Bay Branch,Probate Court Judge,,,DEBBIE C. BROWN ,228,0,163,65,0
Screven,Hiltonia,Probate Court Judge,,,DEBBIE C. BROWN ,153,1,130,22,0
Screven,Screven Rec Dept,Probate Court Judge,,,DEBBIE C. BROWN ,75,0,60,15,0
Screven,Greenhill Church,Probate Court Judge,,,DEBBIE C. BROWN ,243,3,152,88,0
Screven,Sr Citizens Center,Probate Court Judge,,,DEBBIE C. BROWN ,243,5,156,82,0
Screven,Jackson Fire Station,Probate Court Judge,,,DEBBIE C. BROWN ,108,3,87,18,0
Screven,Foys Store,Probate Court Judge,,,DEBBIE C. BROWN ,51,0,49,2,0
Screven,,Chief Magistrate,,,JAMES GRINER JR. ,2039,31,1468,539,1
Screven,Sylvania,Chief Magistrate,,,JAMES GRINER JR. ,290,8,159,123,0
Screven,Hunters,Chief Magistrate,,,JAMES GRINER JR. ,112,4,84,24,0
Screven,Newington,Chief Magistrate,,,JAMES GRINER JR. ,168,1,150,16,1
Screven,Jenk Hill Fire Sta,Chief Magistrate,,,JAMES GRINER JR. ,255,3,192,60,0
Screven,Rocky Ford,Chief Magistrate,,,JAMES GRINER JR. ,153,1,123,29,0
Screven,Bay Branch,Chief Magistrate,,,JAMES GRINER JR. ,226,0,161,65,0
Screven,Hiltonia,Chief Magistrate,,,JAMES GRINER JR. ,137,1,117,19,0
Screven,Screven Rec Dept,Chief Magistrate,,,JAMES GRINER JR. ,69,0,55,14,0
Screven,Greenhill Church,Chief Magistrate,,,JAMES GRINER JR. ,244,5,151,88,0
Screven,Sr Citizens Center,Chief Magistrate,,,JAMES GRINER JR. ,233,4,149,80,0
Screven,Jackson Fire Station,Chief Magistrate,,,JAMES GRINER JR. ,107,4,84,19,0
Screven,Foys Store,Chief Magistrate,,,JAMES GRINER JR. ,45,0,43,2,0
Screven,,Chief Magistrate,,,Write-in,7,0,5,2,0
Screven,Sylvania,Chief Magistrate,,,Write-in,0,0,0,0,0
Screven,Hunters,Chief Magistrate,,,Write-in,0,0,0,0,0
Screven,Newington,Chief Magistrate,,,Write-in,2,0,1,1,0
Screven,Jenk Hill Fire Sta,Chief Magistrate,,,Write-in,0,0,0,0,0
Screven,Rocky Ford,Chief Magistrate,,,Write-in,0,0,0,0,0
Screven,Bay Branch,Chief Magistrate,,,Write-in,0,0,0,0,0
Screven,Hiltonia,Chief Magistrate,,,Write-in,1,0,1,0,0
Screven,Screven Rec Dept,Chief Magistrate,,,Write-in,1,0,1,0,0
Screven,Greenhill Church,Chief Magistrate,,,Write-in,2,0,1,1,0
Screven,Sr Citizens Center,Chief Magistrate,,,Write-in,1,0,1,0,0
Screven,Jackson Fire Station,Chief Magistrate,,,Write-in,0,0,0,0,0
Screven,Foys Store,Chief Magistrate,,,Write-in,0,0,0,0,0
Screven,,BOE 2,,,TROY LAWTON ,196,4,126,66,0
Screven,Sr Citizens Center,BOE 2,,,TROY LAWTON ,196,4,126,66,0
Screven,,BOE 3,,,JULIE CANNON ,338,7,219,112,0
Screven,Hunters,BOE 3,,,JULIE CANNON ,112,4,83,25,0
Screven,Greenhill Church,BOE 3,,,JULIE CANNON ,226,3,136,87,0
Screven,,BOE 3,,,Write-in,7,0,4,3,0
Screven,Hunters,BOE 3,,,Write-in,2,0,2,0,0
Screven,Greenhill Church,BOE 3,,,Write-in,5,0,2,3,0
Screven,,BOE 5,,,KEVIN BURNS,238,4,180,54,0
Screven,Jenk Hill Fire Sta,BOE 5,,,KEVIN BURNS,211,4,155,52,0
Screven,Foys Store,BOE 5,,,KEVIN BURNS,27,0,25,2,0
Screven,,BOE 5,,,RALEIGH CAIL JR. ,49,1,34,14,0
Screven,Jenk Hill Fire Sta,BOE 5,,,RALEIGH CAIL JR. ,39,1,24,14,0
Screven,Foys Store,BOE 5,,,RALEIGH CAIL JR. ,10,0,10,0,0
Screven,,BOE 5,,,RICHARD EVANS,115,0,96,19,0
Screven,Jenk Hill Fire Sta,BOE 5,,,RICHARD EVANS,96,0,77,19,0
Screven,Foys Store,BOE 5,,,RICHARD EVANS,19,0,19,0,0
Screven,,BOE 5,,,Write-in,0,0,0,0,0
Screven,Jenk Hill Fire Sta,BOE 5,,,Write-in,0,0,0,0,0
Screven,Foys Store,BOE 5,,,Write-in,0,0,0,0,0
Screven,,BOE 6,,,YEVETTE MCCALL,92,2,68,22,0
Screven,Rocky Ford,BOE 6,,,YEVETTE MCCALL,38,1,31,6,0
Screven,Bay Branch,BOE 6,,,YEVETTE MCCALL,54,1,37,16,0
Screven,,BOE 6,,,RANDALL THOMAS ,335,1,249,85,0
Screven,Rocky Ford,BOE 6,,,RANDALL THOMAS ,128,0,104,24,0
Screven,Bay Branch,BOE 6,,,RANDALL THOMAS ,207,1,145,61,0
Screven,,BOE 6,,,Write-in,0,0,0,0,0
Screven,Rocky Ford,BOE 6,,,Write-in,0,0,0,0,0
Screven,Bay Branch,BOE 6,,,Write-in,0,0,0,0,0
Screven,,TSPLOST,,,YES,1615,25,1145,444,1
Screven,Sylvania,TSPLOST,,,YES,243,5,132,106,0
Screven,Hunters,TSPLOST,,,YES,79,1,62,16,0
Screven,Newington,TSPLOST,,,YES,146,1,131,13,1
Screven,Jenk Hill Fire Sta,TSPLOST,,,YES,219,5,161,53,0
Screven,Rocky Ford,TSPLOST,,,YES,90,0,72,18,0
Screven,Bay Branch,TSPLOST,,,YES,168,0,116,52,0
Screven,Hiltonia,TSPLOST,,,YES,119,1,102,16,0
Screven,Screven Rec Dept,TSPLOST,,,YES,54,0,42,12,0
Screven,Greenhill Church,TSPLOST,,,YES,187,2,111,74,0
Screven,Sr Citizens Center,TSPLOST,,,YES,196,7,125,64,0
Screven,Jackson Fire Station,TSPLOST,,,YES,82,3,61,18,0
Screven,Foys Store,TSPLOST,,,YES,32,0,30,2,0
Screven,,TSPLOST,,,NO,911,15,672,224,0
Screven,Sylvania,TSPLOST,,,NO,111,4,66,41,0
Screven,Hunters,TSPLOST,,,NO,46,3,34,9,0
Screven,Newington,TSPLOST,,,NO,80,0,70,10,0
Screven,Jenk Hill Fire Sta,TSPLOST,,,NO,121,0,89,32,0
Screven,Rocky Ford,TSPLOST,,,NO,88,1,71,16,0
Screven,Bay Branch,TSPLOST,,,NO,109,2,75,32,0
Screven,Hiltonia,TSPLOST,,,NO,54,0,47,7,0
Screven,Screven Rec Dept,TSPLOST,,,NO,30,0,26,4,0
Screven,Greenhill Church,TSPLOST,,,NO,124,2,80,42,0
Screven,Sr Citizens Center,TSPLOST,,,NO,73,2,45,26,0
Screven,Jackson Fire Station,TSPLOST,,,NO,49,1,43,5,0
Screven,Foys Store,TSPLOST,,,NO,26,0,26,0,0
