county,precinct,office,district,party,candidate,votes,absentee_by_mail,election_day,advance_in_person,provisional
Webster,,"Public Service Commission, District 3",3,REP,CHUCK EATON (I),19,3,13,3,0
Webster,Preston 1,"Public Service Commission, District 3",3,REP,CHUCK EATON (I),19,3,13,3,0
Webster,,"Public Service Commission, District 3",3,REP,MATT REID,11,2,9,0,0
Webster,Preston 1,"Public Service Commission, District 3",3,REP,MATT REID,11,2,9,0,0
Webster,,"Public Service Commission, District 3",3,DEM,STEPHEN OPPENHEIMER,466,89,262,115,0
Webster,Preston 1,"Public Service Commission, District 3",3,DEM,STEPHEN OPPENHEIMER,466,89,262,115,0
Webster,,"Public Service Commission, District 5",5,REP,PAM DAVIDSON,9,2,7,0,0
Webster,Preston 1,"Public Service Commission, District 5",5,REP,PAM DAVIDSON,9,2,7,0,0
Webster,,"Public Service Commission, District 5",5,REP,STAN WISE (I),21,3,15,3,0
Webster,Preston 1,"Public Service Commission, District 5",5,REP,STAN WISE (I),21,3,15,3,0
Webster,,"U.S. Representative, District 2",2,REP,RICK ALLEN,4,0,3,1,0
Webster,Preston 1,"U.S. Representative, District 2",2,REP,RICK ALLEN,4,0,3,1,0
Webster,,"U.S. Representative, District 2",2,REP,KEN DELOACH,11,1,10,0,0
Webster,Preston 1,"U.S. Representative, District 2",2,REP,KEN DELOACH,11,1,10,0,0
Webster,,"U.S. Representative, District 2",2,REP,JOHN HOUSE,15,4,9,2,0
Webster,Preston 1,"U.S. Representative, District 2",2,REP,JOHN HOUSE,15,4,9,2,0
Webster,,"U.S. Representative, District 2",2,DEM,SANFORD BISHOP (I),570,101,339,130,0
Webster,Preston 1,"U.S. Representative, District 2",2,DEM,SANFORD BISHOP (I),570,101,339,130,0
Webster,,"State Senator, District 12",12,DEM,FREDDIE P SIMS (I),432,87,232,113,0
Webster,Preston 1,"State Senator, District 12",12,DEM,FREDDIE P SIMS (I),432,87,232,113,0
Webster,,"State Representative, District 151",151,REP,GERALD E. GREENE (I),27,5,19,3,0
Webster,Preston 1,"State Representative, District 151",151,REP,GERALD E. GREENE (I),27,5,19,3,0
Webster,,"District Attorney, Southwestern Circuit", Southwestern Circuit - REP,REP,PLEZ H. HARDIN (I),27,5,19,3,0
Webster,Preston 1,"District Attorney, Southwestern Circuit", Southwestern Circuit - REP,REP,PLEZ H. HARDIN (I),27,5,19,3,0
Webster,,"JUDGE, PROBATE COURT", PROBATE COURT - R,,MARY HINMAN,22,4,17,1,0
Webster,Preston 1,"JUDGE, PROBATE COURT", PROBATE COURT - R,,MARY HINMAN,22,4,17,1,0
Webster,,"JUDGE, PROBATE COURT", PROBATE COURT - D,,JIMMY BANKSTON,442,51,240,151,0
Webster,Preston 1,"JUDGE, PROBATE COURT", PROBATE COURT - D,,JIMMY BANKSTON,442,51,240,151,0
Webster,,"JUDGE, PROBATE COURT", PROBATE COURT - D,,JULIANNA E. JAMES,364,70,233,61,0
Webster,Preston 1,"JUDGE, PROBATE COURT", PROBATE COURT - D,,JULIANNA E. JAMES,364,70,233,61,0
Webster,,"CLERK, SUPERIOR COURT", SUPERIOR COURT - R,,TINA BLANKENSHIP,28,5,20,3,0
Webster,Preston 1,"CLERK, SUPERIOR COURT", SUPERIOR COURT - R,,TINA BLANKENSHIP,28,5,20,3,0
Webster,,SHERIFF,,,RANDY DELY ,687,95,400,192,0
Webster,Preston 1,SHERIFF,,,RANDY DELY ,687,95,400,192,0
Webster,,TAX COMMISSIONER,,,LOU HEATH ,566,88,325,153,0
Webster,Preston 1,TAX COMMISSIONER,,,LOU HEATH ,566,88,325,153,0
Webster,,TAX COMMISSIONER,,,JACKY E. SMITH,265,37,161,67,0
Webster,Preston 1,TAX COMMISSIONER,,,JACKY E. SMITH,265,37,161,67,0
Webster,,CORONER,,,SUSIE E POTTER ,616,93,348,175,0
Webster,Preston 1,CORONER,,,SUSIE E POTTER ,616,93,348,175,0
Webster,,CC CHAIRMAN,,,GEORGE MOORE SR ,30,5,22,3,0
Webster,Preston 1,CC CHAIRMAN,,,GEORGE MOORE SR ,30,5,22,3,0
Webster,,CC D1,,,JONAH MCCLUSTER ,148,19,102,27,0
Webster,Preston 1,CC D1,,,JONAH MCCLUSTER ,148,19,102,27,0
Webster,,CC D4,,,JACK HOLBROOK ,180,17,102,61,0
Webster,Preston 1,CC D4,,,JACK HOLBROOK ,180,17,102,61,0
Webster,,Republican Party Question 1<br>Should Georgia have casino gambling with funds going to education?,,REP,YES,20,3,17,0,0
Webster,Preston 1,Republican Party Question 1<br>Should Georgia have casino gambling with funds going to education?,,REP,YES,20,3,17,0,0
Webster,,Republican Party Question 1<br>Should Georgia have casino gambling with funds going to education?,,REP,NO,14,2,9,3,0
Webster,Preston 1,Republican Party Question 1<br>Should Georgia have casino gambling with funds going to education?,,REP,NO,14,2,9,3,0
Webster,,Republican Party Question 2<br>Do you support ending the current practice of unlimited gifts from lobbyists to state legislators by imposing a $100 cap on such gifts?,,REP,YES,30,5,22,3,0
Webster,Preston 1,Republican Party Question 2<br>Do you support ending the current practice of unlimited gifts from lobbyists to state legislators by imposing a $100 cap on such gifts?,,REP,YES,30,5,22,3,0
Webster,,Republican Party Question 2<br>Do you support ending the current practice of unlimited gifts from lobbyists to state legislators by imposing a $100 cap on such gifts?,,REP,NO,3,0,3,0,0
Webster,Preston 1,Republican Party Question 2<br>Do you support ending the current practice of unlimited gifts from lobbyists to state legislators by imposing a $100 cap on such gifts?,,REP,NO,3,0,3,0,0
Webster,,Republican Party Question 3<br>Should active duty military personnel who are under the age of 21 be allowed to obtain a Georgia weapons license?,,REP,YES,25,4,19,2,0
Webster,Preston 1,Republican Party Question 3<br>Should active duty military personnel who are under the age of 21 be allowed to obtain a Georgia weapons license?,,REP,YES,25,4,19,2,0
Webster,,Republican Party Question 3<br>Should active duty military personnel who are under the age of 21 be allowed to obtain a Georgia weapons license?,,REP,NO,9,1,7,1,0
Webster,Preston 1,Republican Party Question 3<br>Should active duty military personnel who are under the age of 21 be allowed to obtain a Georgia weapons license?,,REP,NO,9,1,7,1,0
Webster,,Republican Party Question 4<br>Should Citizens who wish to vote in a primary election be required to register by their political party affiliation at least thirty (30) days prior to such primary election?,,REP,YES,16,2,13,1,0
Webster,Preston 1,Republican Party Question 4<br>Should Citizens who wish to vote in a primary election be required to register by their political party affiliation at least thirty (30) days prior to such primary election?,,REP,YES,16,2,13,1,0
Webster,,Republican Party Question 4<br>Should Citizens who wish to vote in a primary election be required to register by their political party affiliation at least thirty (30) days prior to such primary election?,,REP,NO,18,3,13,2,0
Webster,Preston 1,Republican Party Question 4<br>Should Citizens who wish to vote in a primary election be required to register by their political party affiliation at least thirty (30) days prior to such primary election?,,REP,NO,18,3,13,2,0
Webster,,Republican Party Question 5 <br>Life Amendment Question,,REP,YES,23,4,17,2,0
Webster,Preston 1,Republican Party Question 5 <br>Life Amendment Question,,REP,YES,23,4,17,2,0
Webster,,Republican Party Question 5 <br>Life Amendment Question,,REP,NO,11,1,9,1,0
Webster,Preston 1,Republican Party Question 5 <br>Life Amendment Question,,REP,NO,11,1,9,1,0
Webster,,Democratic Party Question 1<br>Should the Georgia Constitution be amended to allow the state to override locally-elected school boards’ decisions when it comes to the creation of charter schools in your county or city?,,DEM,YES,354,39,225,90,0
Webster,Preston 1,Democratic Party Question 1<br>Should the Georgia Constitution be amended to allow the state to override locally-elected school boards’ decisions when it comes to the creation of charter schools in your county or city?,,DEM,YES,354,39,225,90,0
Webster,,Democratic Party Question 1<br>Should the Georgia Constitution be amended to allow the state to override locally-elected school boards’ decisions when it comes to the creation of charter schools in your county or city?,,DEM,NO,377,70,215,92,0
Webster,Preston 1,Democratic Party Question 1<br>Should the Georgia Constitution be amended to allow the state to override locally-elected school boards’ decisions when it comes to the creation of charter schools in your county or city?,,DEM,NO,377,70,215,92,0
Webster,,Democratic Party Question 2<br>Do you support ending current practice permitting unlimited gifts from lobbyists to state legislators?,,DEM,YES,502,80,278,144,0
Webster,Preston 1,Democratic Party Question 2<br>Do you support ending current practice permitting unlimited gifts from lobbyists to state legislators?,,DEM,YES,502,80,278,144,0
Webster,,Democratic Party Question 2<br>Do you support ending current practice permitting unlimited gifts from lobbyists to state legislators?,,DEM,NO,229,33,153,43,0
Webster,Preston 1,Democratic Party Question 2<br>Do you support ending current practice permitting unlimited gifts from lobbyists to state legislators?,,DEM,NO,229,33,153,43,0
Webster,,Democratic Party Question 3<br>Should Georgia adopt an income tax credit for home energy costs to support the economic security of our families?,,DEM,YES,545,93,312,140,0
Webster,Preston 1,Democratic Party Question 3<br>Should Georgia adopt an income tax credit for home energy costs to support the economic security of our families?,,DEM,YES,545,93,312,140,0
Webster,,Democratic Party Question 3<br>Should Georgia adopt an income tax credit for home energy costs to support the economic security of our families?,,DEM,NO,182,22,116,44,0
Webster,Preston 1,Democratic Party Question 3<br>Should Georgia adopt an income tax credit for home energy costs to support the economic security of our families?,,DEM,NO,182,22,116,44,0
Webster,,Democratic Party Question 4 <br>Should Georgia reduce sales taxes on Made in Georgia products so as to support the growth of small businesses in our state?,,DEM,YES,648,100,383,165,0
Webster,Preston 1,Democratic Party Question 4 <br>Should Georgia reduce sales taxes on Made in Georgia products so as to support the growth of small businesses in our state?,,DEM,YES,648,100,383,165,0
Webster,,Democratic Party Question 4 <br>Should Georgia reduce sales taxes on Made in Georgia products so as to support the growth of small businesses in our state?,,DEM,NO,107,15,64,28,0
Webster,Preston 1,Democratic Party Question 4 <br>Should Georgia reduce sales taxes on Made in Georgia products so as to support the growth of small businesses in our state?,,DEM,NO,107,15,64,28,0
Webster,,Supreme Court Justice, Hunstein,,CAROL W. HUNSTEIN,541,91,320,130,0
Webster,Preston 1,Supreme Court Justice, Hunstein,,CAROL W. HUNSTEIN,541,91,320,130,0
Webster,,Supreme Court Justice, Hunstein,,Write-in,2,0,2,0,0
Webster,Preston 1,Supreme Court Justice, Hunstein,,Write-in,2,0,2,0,0
Webster,,Supreme Court Justice, Melton,,HAROLD D. MELTON ,525,88,307,130,0
Webster,Preston 1,Supreme Court Justice, Melton,,HAROLD D. MELTON ,525,88,307,130,0
Webster,,Supreme Court Justice, Melton,,Write-in,0,0,0,0,0
Webster,Preston 1,Supreme Court Justice, Melton,,Write-in,0,0,0,0,0
Webster,,Supreme Court Justice, Thompson,,HUGH P. THOMPSON ,531,90,310,131,0
Webster,Preston 1,Supreme Court Justice, Thompson,,HUGH P. THOMPSON ,531,90,310,131,0
Webster,,Supreme Court Justice, Thompson,,Write-in,0,0,0,0,0
Webster,Preston 1,Supreme Court Justice, Thompson,,Write-in,0,0,0,0,0
Webster,,Appeals Court Judge, Boggs,,MICHAEL P. BOGGS ,506,89,295,122,0
Webster,Preston 1,Appeals Court Judge, Boggs,,MICHAEL P. BOGGS ,506,89,295,122,0
Webster,,Appeals Court Judge, Boggs,,Write-in,0,0,0,0,0
Webster,Preston 1,Appeals Court Judge, Boggs,,Write-in,0,0,0,0,0
Webster,,Appeals Court Judge, Dillard,,STEPHEN DILLARD ,522,89,305,128,0
Webster,Preston 1,Appeals Court Judge, Dillard,,STEPHEN DILLARD ,522,89,305,128,0
Webster,,Appeals Court Judge, Dillard,,Write-in,1,0,1,0,0
Webster,Preston 1,Appeals Court Judge, Dillard,,Write-in,1,0,1,0,0
Webster,,Appeals Court Judge, Ellington,,JOHN J. ELLINGTON,526,88,307,131,0
Webster,Preston 1,Appeals Court Judge, Ellington,,JOHN J. ELLINGTON,526,88,307,131,0
Webster,,Appeals Court Judge, Ellington,,Write-in,0,0,0,0,0
Webster,Preston 1,Appeals Court Judge, Ellington,,Write-in,0,0,0,0,0
Webster,,Appeals Court Judge, Miller,,M. YVETTE MILLER ,521,91,301,129,0
Webster,Preston 1,Appeals Court Judge, Miller,,M. YVETTE MILLER ,521,91,301,129,0
Webster,,Appeals Court Judge, Miller,,Write-in,0,0,0,0,0
Webster,Preston 1,Appeals Court Judge, Miller,,Write-in,0,0,0,0,0
Webster,,Appeals Court Judge, Phipps,,HERBERT PHIPPS ,515,87,299,129,0
Webster,Preston 1,Appeals Court Judge, Phipps,,HERBERT PHIPPS ,515,87,299,129,0
Webster,,Appeals Court Judge, Phipps,,Write-in,0,0,0,0,0
Webster,Preston 1,Appeals Court Judge, Phipps,,Write-in,0,0,0,0,0
Webster,,Superior Court Judge, Southwestern Circuit (Peagler),,GEORGE M. PEAGLER,580,96,325,159,0
Webster,Preston 1,Superior Court Judge, Southwestern Circuit (Peagler),,GEORGE M. PEAGLER,580,96,325,159,0
Webster,,Superior Court Judge, Southwestern Circuit (Peagler),,Write-in,0,0,0,0,0
Webster,Preston 1,Superior Court Judge, Southwestern Circuit (Peagler),,Write-in,0,0,0,0,0
Webster,,Superior Court Judge, Southwestern Circuit (Smith),,RUCKER SMITH ,611,104,353,154,0
Webster,Preston 1,Superior Court Judge, Southwestern Circuit (Smith),,RUCKER SMITH ,611,104,353,154,0
Webster,,Superior Court Judge, Southwestern Circuit (Smith),,Write-in,1,0,0,1,0
Webster,Preston 1,Superior Court Judge, Southwestern Circuit (Smith),,Write-in,1,0,0,1,0
Webster,,BOE, AT LARGE,,BONITA A. HIGHTOWER,307,78,180,49,0
Webster,Preston 1,BOE, AT LARGE,,BONITA A. HIGHTOWER,307,78,180,49,0
Webster,,BOE, AT LARGE,,LINDA K. ROGERS ,363,36,211,116,0
Webster,Preston 1,BOE, AT LARGE,,LINDA K. ROGERS ,363,36,211,116,0
Webster,,BOE, AT LARGE,,JACK ROWLAND,196,16,125,55,0
Webster,Preston 1,BOE, AT LARGE,,JACK ROWLAND,196,16,125,55,0
Webster,,BOE, AT LARGE,,Write-in,0,0,0,0,0
Webster,Preston 1,BOE, AT LARGE,,Write-in,0,0,0,0,0
Webster,,BOE, D1,,NEHEMIAH STEVENS,167,21,116,30,0
Webster,Preston 1,BOE, D1,,NEHEMIAH STEVENS,167,21,116,30,0
Webster,,BOE, D1,,Write-in,1,0,0,1,0
Webster,Preston 1,BOE, D1,,Write-in,1,0,0,1,0
Webster,,BOE, D4,,DONALD E. BROWN ,173,16,103,54,0
Webster,Preston 1,BOE, D4,,DONALD E. BROWN ,173,16,103,54,0
Webster,,BOE, D4,,Write-in,2,1,1,0,0
Webster,Preston 1,BOE, D4,,Write-in,2,1,1,0,0
Webster,,TSPLOST,,,YES,509,81,299,129,0
Webster,Preston 1,TSPLOST,,,YES,509,81,299,129,0
Webster,,TSPLOST,,,NO,299,33,188,78,0
Webster,Preston 1,TSPLOST,,,NO,299,33,188,78,0
