county,precinct,office,district,party,candidate,votes,absentee_by_mail,election_day,advance_in_person,provisional
Catoosa,,"Public Service Commission, District 3",3,REP,CHUCK EATON (I),4974,104,3188,1682,0
Catoosa,BLACKSTOCK,"Public Service Commission, District 3",3,REP,CHUCK EATON (I),177,2,137,38,0
Catoosa,BOYNTON,"Public Service Commission, District 3",3,REP,CHUCK EATON (I),744,6,506,232,0
Catoosa,CATOOSA KEITH,"Public Service Commission, District 3",3,REP,CHUCK EATON (I),292,5,194,93,0
Catoosa,CHAMBERS,"Public Service Commission, District 3",3,REP,CHUCK EATON (I),393,5,274,114,0
Catoosa,DUNCAN PARK,"Public Service Commission, District 3",3,REP,CHUCK EATON (I),163,9,86,68,0
Catoosa,FORT OGLETHORPE,"Public Service Commission, District 3",3,REP,CHUCK EATON (I),448,10,321,117,0
Catoosa,GRAYSVILLE,"Public Service Commission, District 3",3,REP,CHUCK EATON (I),415,7,296,112,0
Catoosa,LAKEVIEW,"Public Service Commission, District 3",3,REP,CHUCK EATON (I),314,25,202,87,0
Catoosa,POPLAR SPRINGS,"Public Service Commission, District 3",3,REP,CHUCK EATON (I),506,4,322,180,0
Catoosa,RINGGOLD,"Public Service Commission, District 3",3,REP,CHUCK EATON (I),890,20,411,459,0
Catoosa,WESTSIDE,"Public Service Commission, District 3",3,REP,CHUCK EATON (I),275,4,178,93,0
Catoosa,WOODSTATION,"Public Service Commission, District 3",3,REP,CHUCK EATON (I),357,7,261,89,0
Catoosa,,"Public Service Commission, District 3",3,REP,MATT REID,2666,51,1732,883,0
Catoosa,BLACKSTOCK,"Public Service Commission, District 3",3,REP,MATT REID,114,0,82,32,0
Catoosa,BOYNTON,"Public Service Commission, District 3",3,REP,MATT REID,387,4,257,126,0
Catoosa,CATOOSA KEITH,"Public Service Commission, District 3",3,REP,MATT REID,181,0,124,57,0
Catoosa,CHAMBERS,"Public Service Commission, District 3",3,REP,MATT REID,200,4,134,62,0
Catoosa,DUNCAN PARK,"Public Service Commission, District 3",3,REP,MATT REID,86,1,61,24,0
Catoosa,FORT OGLETHORPE,"Public Service Commission, District 3",3,REP,MATT REID,243,8,177,58,0
Catoosa,GRAYSVILLE,"Public Service Commission, District 3",3,REP,MATT REID,238,4,176,58,0
Catoosa,LAKEVIEW,"Public Service Commission, District 3",3,REP,MATT REID,164,8,118,38,0
Catoosa,POPLAR SPRINGS,"Public Service Commission, District 3",3,REP,MATT REID,249,5,152,92,0
Catoosa,RINGGOLD,"Public Service Commission, District 3",3,REP,MATT REID,430,7,206,217,0
Catoosa,WESTSIDE,"Public Service Commission, District 3",3,REP,MATT REID,156,9,76,71,0
Catoosa,WOODSTATION,"Public Service Commission, District 3",3,REP,MATT REID,218,1,169,48,0
Catoosa,,"Public Service Commission, District 3",3,DEM,STEPHEN OPPENHEIMER,381,19,267,95,0
Catoosa,BLACKSTOCK,"Public Service Commission, District 3",3,DEM,STEPHEN OPPENHEIMER,31,2,21,8,0
Catoosa,BOYNTON,"Public Service Commission, District 3",3,DEM,STEPHEN OPPENHEIMER,44,0,37,7,0
Catoosa,CATOOSA KEITH,"Public Service Commission, District 3",3,DEM,STEPHEN OPPENHEIMER,23,0,18,5,0
Catoosa,CHAMBERS,"Public Service Commission, District 3",3,DEM,STEPHEN OPPENHEIMER,33,1,25,7,0
Catoosa,DUNCAN PARK,"Public Service Commission, District 3",3,DEM,STEPHEN OPPENHEIMER,21,1,14,6,0
Catoosa,FORT OGLETHORPE,"Public Service Commission, District 3",3,DEM,STEPHEN OPPENHEIMER,23,3,15,5,0
Catoosa,GRAYSVILLE,"Public Service Commission, District 3",3,DEM,STEPHEN OPPENHEIMER,37,2,30,5,0
Catoosa,LAKEVIEW,"Public Service Commission, District 3",3,DEM,STEPHEN OPPENHEIMER,30,5,21,4,0
Catoosa,POPLAR SPRINGS,"Public Service Commission, District 3",3,DEM,STEPHEN OPPENHEIMER,30,1,19,10,0
Catoosa,RINGGOLD,"Public Service Commission, District 3",3,DEM,STEPHEN OPPENHEIMER,63,4,35,24,0
Catoosa,WESTSIDE,"Public Service Commission, District 3",3,DEM,STEPHEN OPPENHEIMER,23,0,14,9,0
Catoosa,WOODSTATION,"Public Service Commission, District 3",3,DEM,STEPHEN OPPENHEIMER,23,0,18,5,0
Catoosa,,"Public Service Commission, District 5",5,REP,PAM DAVIDSON,3261,60,2129,1072,0
Catoosa,BLACKSTOCK,"Public Service Commission, District 5",5,REP,PAM DAVIDSON,131,0,101,30,0
Catoosa,BOYNTON,"Public Service Commission, District 5",5,REP,PAM DAVIDSON,494,7,332,155,0
Catoosa,CATOOSA KEITH,"Public Service Commission, District 5",5,REP,PAM DAVIDSON,200,2,136,62,0
Catoosa,CHAMBERS,"Public Service Commission, District 5",5,REP,PAM DAVIDSON,243,2,178,63,0
Catoosa,DUNCAN PARK,"Public Service Commission, District 5",5,REP,PAM DAVIDSON,109,1,74,34,0
Catoosa,FORT OGLETHORPE,"Public Service Commission, District 5",5,REP,PAM DAVIDSON,275,7,203,65,0
Catoosa,GRAYSVILLE,"Public Service Commission, District 5",5,REP,PAM DAVIDSON,309,8,229,72,0
Catoosa,LAKEVIEW,"Public Service Commission, District 5",5,REP,PAM DAVIDSON,190,9,132,49,0
Catoosa,POPLAR SPRINGS,"Public Service Commission, District 5",5,REP,PAM DAVIDSON,298,4,194,100,0
Catoosa,RINGGOLD,"Public Service Commission, District 5",5,REP,PAM DAVIDSON,549,5,254,290,0
Catoosa,WESTSIDE,"Public Service Commission, District 5",5,REP,PAM DAVIDSON,209,11,110,88,0
Catoosa,WOODSTATION,"Public Service Commission, District 5",5,REP,PAM DAVIDSON,254,4,186,64,0
Catoosa,,"Public Service Commission, District 5",5,REP,STAN WISE (I),4261,92,2711,1458,0
Catoosa,BLACKSTOCK,"Public Service Commission, District 5",5,REP,STAN WISE (I),150,2,111,37,0
Catoosa,BOYNTON,"Public Service Commission, District 5",5,REP,STAN WISE (I),619,2,418,199,0
Catoosa,CATOOSA KEITH,"Public Service Commission, District 5",5,REP,STAN WISE (I),268,3,179,86,0
Catoosa,CHAMBERS,"Public Service Commission, District 5",5,REP,STAN WISE (I),341,7,223,111,0
Catoosa,DUNCAN PARK,"Public Service Commission, District 5",5,REP,STAN WISE (I),139,9,73,57,0
Catoosa,FORT OGLETHORPE,"Public Service Commission, District 5",5,REP,STAN WISE (I),396,11,275,110,0
Catoosa,GRAYSVILLE,"Public Service Commission, District 5",5,REP,STAN WISE (I),337,3,237,97,0
Catoosa,LAKEVIEW,"Public Service Commission, District 5",5,REP,STAN WISE (I),277,22,182,73,0
Catoosa,POPLAR SPRINGS,"Public Service Commission, District 5",5,REP,STAN WISE (I),451,5,275,171,0
Catoosa,RINGGOLD,"Public Service Commission, District 5",5,REP,STAN WISE (I),746,22,354,370,0
Catoosa,WESTSIDE,"Public Service Commission, District 5",5,REP,STAN WISE (I),221,2,144,75,0
Catoosa,WOODSTATION,"Public Service Commission, District 5",5,REP,STAN WISE (I),316,4,240,72,0
Catoosa,,"U.S. Representative, District 14",14,REP,TOM GRAVES (I),7168,131,4640,2397,0
Catoosa,BLACKSTOCK,"U.S. Representative, District 14",14,REP,TOM GRAVES (I),272,2,207,63,0
Catoosa,BOYNTON,"U.S. Representative, District 14",14,REP,TOM GRAVES (I),1065,7,719,339,0
Catoosa,CATOOSA KEITH,"U.S. Representative, District 14",14,REP,TOM GRAVES (I),443,5,301,137,0
Catoosa,CHAMBERS,"U.S. Representative, District 14",14,REP,TOM GRAVES (I),528,3,362,163,0
Catoosa,DUNCAN PARK,"U.S. Representative, District 14",14,REP,TOM GRAVES (I),233,10,140,83,0
Catoosa,FORT OGLETHORPE,"U.S. Representative, District 14",14,REP,TOM GRAVES (I),637,12,460,165,0
Catoosa,GRAYSVILLE,"U.S. Representative, District 14",14,REP,TOM GRAVES (I),636,10,461,165,0
Catoosa,LAKEVIEW,"U.S. Representative, District 14",14,REP,TOM GRAVES (I),437,33,296,108,0
Catoosa,POPLAR SPRINGS,"U.S. Representative, District 14",14,REP,TOM GRAVES (I),724,8,455,261,0
Catoosa,RINGGOLD,"U.S. Representative, District 14",14,REP,TOM GRAVES (I),1252,23,598,631,0
Catoosa,WESTSIDE,"U.S. Representative, District 14",14,REP,TOM GRAVES (I),401,9,239,153,0
Catoosa,WOODSTATION,"U.S. Representative, District 14",14,REP,TOM GRAVES (I),540,9,402,129,0
Catoosa,,"U.S. Representative, District 14",14,DEM,"DANIEL ""DANNY"" GRANT",393,19,282,92,0
Catoosa,BLACKSTOCK,"U.S. Representative, District 14",14,DEM,"DANIEL ""DANNY"" GRANT",27,2,20,5,0
Catoosa,BOYNTON,"U.S. Representative, District 14",14,DEM,"DANIEL ""DANNY"" GRANT",50,0,43,7,0
Catoosa,CATOOSA KEITH,"U.S. Representative, District 14",14,DEM,"DANIEL ""DANNY"" GRANT",24,0,19,5,0
Catoosa,CHAMBERS,"U.S. Representative, District 14",14,DEM,"DANIEL ""DANNY"" GRANT",32,1,25,6,0
Catoosa,DUNCAN PARK,"U.S. Representative, District 14",14,DEM,"DANIEL ""DANNY"" GRANT",21,1,14,6,0
Catoosa,FORT OGLETHORPE,"U.S. Representative, District 14",14,DEM,"DANIEL ""DANNY"" GRANT",27,3,18,6,0
Catoosa,GRAYSVILLE,"U.S. Representative, District 14",14,DEM,"DANIEL ""DANNY"" GRANT",40,2,33,5,0
Catoosa,LAKEVIEW,"U.S. Representative, District 14",14,DEM,"DANIEL ""DANNY"" GRANT",28,5,20,3,0
Catoosa,POPLAR SPRINGS,"U.S. Representative, District 14",14,DEM,"DANIEL ""DANNY"" GRANT",32,1,22,9,0
Catoosa,RINGGOLD,"U.S. Representative, District 14",14,DEM,"DANIEL ""DANNY"" GRANT",70,4,39,27,0
Catoosa,WESTSIDE,"U.S. Representative, District 14",14,DEM,"DANIEL ""DANNY"" GRANT",19,0,11,8,0
Catoosa,WOODSTATION,"U.S. Representative, District 14",14,DEM,"DANIEL ""DANNY"" GRANT",23,0,18,5,0
Catoosa,,"State Senator, District 53",53,REP,JEFF MULLIS (I),7185,138,4651,2396,0
Catoosa,BLACKSTOCK,"State Senator, District 53",53,REP,JEFF MULLIS (I),263,2,196,65,0
Catoosa,BOYNTON,"State Senator, District 53",53,REP,JEFF MULLIS (I),1063,7,716,340,0
Catoosa,CATOOSA KEITH,"State Senator, District 53",53,REP,JEFF MULLIS (I),441,7,295,139,0
Catoosa,CHAMBERS,"State Senator, District 53",53,REP,JEFF MULLIS (I),539,6,378,155,0
Catoosa,DUNCAN PARK,"State Senator, District 53",53,REP,JEFF MULLIS (I),243,10,144,89,0
Catoosa,FORT OGLETHORPE,"State Senator, District 53",53,REP,JEFF MULLIS (I),654,14,471,169,0
Catoosa,GRAYSVILLE,"State Senator, District 53",53,REP,JEFF MULLIS (I),629,10,461,158,0
Catoosa,LAKEVIEW,"State Senator, District 53",53,REP,JEFF MULLIS (I),454,33,306,115,0
Catoosa,POPLAR SPRINGS,"State Senator, District 53",53,REP,JEFF MULLIS (I),716,9,441,266,0
Catoosa,RINGGOLD,"State Senator, District 53",53,REP,JEFF MULLIS (I),1241,21,601,619,0
Catoosa,WESTSIDE,"State Senator, District 53",53,REP,JEFF MULLIS (I),405,9,244,152,0
Catoosa,WOODSTATION,"State Senator, District 53",53,REP,JEFF MULLIS (I),537,10,398,129,0
Catoosa,,"State Representative, District 2",2,REP,JAY NEAL (I),911,8,656,247,0
Catoosa,BLACKSTOCK,"State Representative, District 2",2,REP,JAY NEAL (I),175,2,131,42,0
Catoosa,CHAMBERS,"State Representative, District 2",2,REP,JAY NEAL (I),364,1,257,106,0
Catoosa,WOODSTATION,"State Representative, District 2",2,REP,JAY NEAL (I),372,5,268,99,0
Catoosa,,"State Representative, District 2",2,REP,STEVE TARVIN,662,14,480,168,0
Catoosa,BLACKSTOCK,"State Representative, District 2",2,REP,STEVE TARVIN,122,0,92,30,0
Catoosa,CHAMBERS,"State Representative, District 2",2,REP,STEVE TARVIN,287,8,190,89,0
Catoosa,WOODSTATION,"State Representative, District 2",2,REP,STEVE TARVIN,253,6,198,49,0
Catoosa,,"State Representative, District 3",3,REP,TOM WELDON (I),5843,118,3647,2078,0
Catoosa,BOYNTON,"State Representative, District 3",3,REP,TOM WELDON (I),1073,7,716,350,0
Catoosa,CATOOSA KEITH,"State Representative, District 3",3,REP,TOM WELDON (I),433,5,291,137,0
Catoosa,DUNCAN PARK,"State Representative, District 3",3,REP,TOM WELDON (I),228,10,132,86,0
Catoosa,FORT OGLETHORPE,"State Representative, District 3",3,REP,TOM WELDON (I),620,13,446,161,0
Catoosa,GRAYSVILLE,"State Representative, District 3",3,REP,TOM WELDON (I),652,11,472,169,0
Catoosa,LAKEVIEW,"State Representative, District 3",3,REP,TOM WELDON (I),431,31,291,109,0
Catoosa,POPLAR SPRINGS,"State Representative, District 3",3,REP,TOM WELDON (I),737,8,455,274,0
Catoosa,RINGGOLD,"State Representative, District 3",3,REP,TOM WELDON (I),1269,24,600,645,0
Catoosa,WESTSIDE,"State Representative, District 3",3,REP,TOM WELDON (I),400,9,244,147,0
Catoosa,,"District Attorney, Lookout Mountain Circuit", Lookout Mountain Circuit - REP,REP,HERBERT FRANKLIN (I),3616,66,2273,1277,0
Catoosa,BLACKSTOCK,"District Attorney, Lookout Mountain Circuit", Lookout Mountain Circuit - REP,REP,HERBERT FRANKLIN (I),156,2,119,35,0
Catoosa,BOYNTON,"District Attorney, Lookout Mountain Circuit", Lookout Mountain Circuit - REP,REP,HERBERT FRANKLIN (I),484,4,304,176,0
Catoosa,CATOOSA KEITH,"District Attorney, Lookout Mountain Circuit", Lookout Mountain Circuit - REP,REP,HERBERT FRANKLIN (I),201,1,144,56,0
Catoosa,CHAMBERS,"District Attorney, Lookout Mountain Circuit", Lookout Mountain Circuit - REP,REP,HERBERT FRANKLIN (I),232,2,158,72,0
Catoosa,DUNCAN PARK,"District Attorney, Lookout Mountain Circuit", Lookout Mountain Circuit - REP,REP,HERBERT FRANKLIN (I),122,4,71,47,0
Catoosa,FORT OGLETHORPE,"District Attorney, Lookout Mountain Circuit", Lookout Mountain Circuit - REP,REP,HERBERT FRANKLIN (I),333,8,231,94,0
Catoosa,GRAYSVILLE,"District Attorney, Lookout Mountain Circuit", Lookout Mountain Circuit - REP,REP,HERBERT FRANKLIN (I),319,4,228,87,0
Catoosa,LAKEVIEW,"District Attorney, Lookout Mountain Circuit", Lookout Mountain Circuit - REP,REP,HERBERT FRANKLIN (I),230,15,150,65,0
Catoosa,POPLAR SPRINGS,"District Attorney, Lookout Mountain Circuit", Lookout Mountain Circuit - REP,REP,HERBERT FRANKLIN (I),367,9,227,131,0
Catoosa,RINGGOLD,"District Attorney, Lookout Mountain Circuit", Lookout Mountain Circuit - REP,REP,HERBERT FRANKLIN (I),682,10,306,366,0
Catoosa,WESTSIDE,"District Attorney, Lookout Mountain Circuit", Lookout Mountain Circuit - REP,REP,HERBERT FRANKLIN (I),206,3,125,78,0
Catoosa,WOODSTATION,"District Attorney, Lookout Mountain Circuit", Lookout Mountain Circuit - REP,REP,HERBERT FRANKLIN (I),284,4,210,70,0
Catoosa,,"District Attorney, Lookout Mountain Circuit", Lookout Mountain Circuit - REP,REP,DOUG WOODRUFF,4520,97,2922,1501,0
Catoosa,BLACKSTOCK,"District Attorney, Lookout Mountain Circuit", Lookout Mountain Circuit - REP,REP,DOUG WOODRUFF,146,0,106,40,0
Catoosa,BOYNTON,"District Attorney, Lookout Mountain Circuit", Lookout Mountain Circuit - REP,REP,DOUG WOODRUFF,716,8,495,213,0
Catoosa,CATOOSA KEITH,"District Attorney, Lookout Mountain Circuit", Lookout Mountain Circuit - REP,REP,DOUG WOODRUFF,284,5,180,99,0
Catoosa,CHAMBERS,"District Attorney, Lookout Mountain Circuit", Lookout Mountain Circuit - REP,REP,DOUG WOODRUFF,414,7,284,123,0
Catoosa,DUNCAN PARK,"District Attorney, Lookout Mountain Circuit", Lookout Mountain Circuit - REP,REP,DOUG WOODRUFF,137,6,82,49,0
Catoosa,FORT OGLETHORPE,"District Attorney, Lookout Mountain Circuit", Lookout Mountain Circuit - REP,REP,DOUG WOODRUFF,396,10,284,102,0
Catoosa,GRAYSVILLE,"District Attorney, Lookout Mountain Circuit", Lookout Mountain Circuit - REP,REP,DOUG WOODRUFF,393,7,285,101,0
Catoosa,LAKEVIEW,"District Attorney, Lookout Mountain Circuit", Lookout Mountain Circuit - REP,REP,DOUG WOODRUFF,272,18,182,72,0
Catoosa,POPLAR SPRINGS,"District Attorney, Lookout Mountain Circuit", Lookout Mountain Circuit - REP,REP,DOUG WOODRUFF,442,2,273,167,0
Catoosa,RINGGOLD,"District Attorney, Lookout Mountain Circuit", Lookout Mountain Circuit - REP,REP,DOUG WOODRUFF,727,18,354,355,0
Catoosa,WESTSIDE,"District Attorney, Lookout Mountain Circuit", Lookout Mountain Circuit - REP,REP,DOUG WOODRUFF,256,9,149,98,0
Catoosa,WOODSTATION,"District Attorney, Lookout Mountain Circuit", Lookout Mountain Circuit - REP,REP,DOUG WOODRUFF,337,7,248,82,0
Catoosa,,JUDGE PROBATE CT- R,,,GENE LOWERY ,7650,154,4859,2637,0
Catoosa,BLACKSTOCK,JUDGE PROBATE CT- R,,,GENE LOWERY ,297,2,221,74,0
Catoosa,BOYNTON,JUDGE PROBATE CT- R,,,GENE LOWERY ,1137,10,746,381,0
Catoosa,CATOOSA KEITH,JUDGE PROBATE CT- R,,,GENE LOWERY ,470,7,322,141,0
Catoosa,CHAMBERS,JUDGE PROBATE CT- R,,,GENE LOWERY ,600,9,409,182,0
Catoosa,DUNCAN PARK,JUDGE PROBATE CT- R,,,GENE LOWERY ,248,10,150,88,0
Catoosa,FORT OGLETHORPE,JUDGE PROBATE CT- R,,,GENE LOWERY ,666,17,471,178,0
Catoosa,GRAYSVILLE,JUDGE PROBATE CT- R,,,GENE LOWERY ,684,11,483,190,0
Catoosa,LAKEVIEW,JUDGE PROBATE CT- R,,,GENE LOWERY ,461,33,305,123,0
Catoosa,POPLAR SPRINGS,JUDGE PROBATE CT- R,,,GENE LOWERY ,760,8,464,288,0
Catoosa,RINGGOLD,JUDGE PROBATE CT- R,,,GENE LOWERY ,1335,25,616,694,0
Catoosa,WESTSIDE,JUDGE PROBATE CT- R,,,GENE LOWERY ,420,11,250,159,0
Catoosa,WOODSTATION,JUDGE PROBATE CT- R,,,GENE LOWERY ,572,11,422,139,0
Catoosa,,CLERK SUPERIOR CT- R,,,TRACY H. BROWN,5142,121,3226,1795,0
Catoosa,BLACKSTOCK,CLERK SUPERIOR CT- R,,,TRACY H. BROWN,216,2,170,44,0
Catoosa,BOYNTON,CLERK SUPERIOR CT- R,,,TRACY H. BROWN,773,11,493,269,0
Catoosa,CATOOSA KEITH,CLERK SUPERIOR CT- R,,,TRACY H. BROWN,358,5,235,118,0
Catoosa,CHAMBERS,CLERK SUPERIOR CT- R,,,TRACY H. BROWN,370,5,251,114,0
Catoosa,DUNCAN PARK,CLERK SUPERIOR CT- R,,,TRACY H. BROWN,163,9,90,64,0
Catoosa,FORT OGLETHORPE,CLERK SUPERIOR CT- R,,,TRACY H. BROWN,431,9,298,124,0
Catoosa,GRAYSVILLE,CLERK SUPERIOR CT- R,,,TRACY H. BROWN,487,10,350,127,0
Catoosa,LAKEVIEW,CLERK SUPERIOR CT- R,,,TRACY H. BROWN,325,28,201,96,0
Catoosa,POPLAR SPRINGS,CLERK SUPERIOR CT- R,,,TRACY H. BROWN,526,3,333,190,0
Catoosa,RINGGOLD,CLERK SUPERIOR CT- R,,,TRACY H. BROWN,880,22,403,455,0
Catoosa,WESTSIDE,CLERK SUPERIOR CT- R,,,TRACY H. BROWN,284,10,166,108,0
Catoosa,WOODSTATION,CLERK SUPERIOR CT- R,,,TRACY H. BROWN,329,7,236,86,0
Catoosa,,CLERK SUPERIOR CT- R,,,MICHAEL CALDWELL,2162,32,1395,735,0
Catoosa,BLACKSTOCK,CLERK SUPERIOR CT- R,,,MICHAEL CALDWELL,67,0,38,29,0
Catoosa,BOYNTON,CLERK SUPERIOR CT- R,,,MICHAEL CALDWELL,300,2,209,89,0
Catoosa,CATOOSA KEITH,CLERK SUPERIOR CT- R,,,MICHAEL CALDWELL,120,0,79,41,0
Catoosa,CHAMBERS,CLERK SUPERIOR CT- R,,,MICHAEL CALDWELL,188,4,122,62,0
Catoosa,DUNCAN PARK,CLERK SUPERIOR CT- R,,,MICHAEL CALDWELL,55,1,41,13,0
Catoosa,FORT OGLETHORPE,CLERK SUPERIOR CT- R,,,MICHAEL CALDWELL,215,5,154,56,0
Catoosa,GRAYSVILLE,CLERK SUPERIOR CT- R,,,MICHAEL CALDWELL,171,1,122,48,0
Catoosa,LAKEVIEW,CLERK SUPERIOR CT- R,,,MICHAEL CALDWELL,137,8,101,28,0
Catoosa,POPLAR SPRINGS,CLERK SUPERIOR CT- R,,,MICHAEL CALDWELL,222,6,130,86,0
Catoosa,RINGGOLD,CLERK SUPERIOR CT- R,,,MICHAEL CALDWELL,391,4,189,198,0
Catoosa,WESTSIDE,CLERK SUPERIOR CT- R,,,MICHAEL CALDWELL,122,0,69,53,0
Catoosa,WOODSTATION,CLERK SUPERIOR CT- R,,,MICHAEL CALDWELL,174,1,141,32,0
Catoosa,,CLERK SUPERIOR CT- R,,,DANIEL MCMURRY,831,17,526,288,0
Catoosa,BLACKSTOCK,CLERK SUPERIOR CT- R,,,DANIEL MCMURRY,22,0,18,4,0
Catoosa,BOYNTON,CLERK SUPERIOR CT- R,,,DANIEL MCMURRY,126,1,87,38,0
Catoosa,CATOOSA KEITH,CLERK SUPERIOR CT- R,,,DANIEL MCMURRY,39,1,29,9,0
Catoosa,CHAMBERS,CLERK SUPERIOR CT- R,,,DANIEL MCMURRY,73,0,56,17,0
Catoosa,DUNCAN PARK,CLERK SUPERIOR CT- R,,,DANIEL MCMURRY,34,0,20,14,0
Catoosa,FORT OGLETHORPE,CLERK SUPERIOR CT- R,,,DANIEL MCMURRY,54,3,40,11,0
Catoosa,GRAYSVILLE,CLERK SUPERIOR CT- R,,,DANIEL MCMURRY,55,0,42,13,0
Catoosa,LAKEVIEW,CLERK SUPERIOR CT- R,,,DANIEL MCMURRY,39,1,26,12,0
Catoosa,POPLAR SPRINGS,CLERK SUPERIOR CT- R,,,DANIEL MCMURRY,79,2,45,32,0
Catoosa,RINGGOLD,CLERK SUPERIOR CT- R,,,DANIEL MCMURRY,156,3,65,88,0
Catoosa,WESTSIDE,CLERK SUPERIOR CT- R,,,DANIEL MCMURRY,45,3,27,15,0
Catoosa,WOODSTATION,CLERK SUPERIOR CT- R,,,DANIEL MCMURRY,109,3,71,35,0
Catoosa,,SHERIFF- R,,,LARRY C. BLACK,3808,85,2344,1379,0
Catoosa,BLACKSTOCK,SHERIFF- R,,,LARRY C. BLACK,191,0,138,53,0
Catoosa,BOYNTON,SHERIFF- R,,,LARRY C. BLACK,497,6,315,176,0
Catoosa,CATOOSA KEITH,SHERIFF- R,,,LARRY C. BLACK,258,1,179,78,0
Catoosa,CHAMBERS,SHERIFF- R,,,LARRY C. BLACK,278,5,171,102,0
Catoosa,DUNCAN PARK,SHERIFF- R,,,LARRY C. BLACK,100,5,58,37,0
Catoosa,FORT OGLETHORPE,SHERIFF- R,,,LARRY C. BLACK,327,8,242,77,0
Catoosa,GRAYSVILLE,SHERIFF- R,,,LARRY C. BLACK,353,4,242,107,0
Catoosa,LAKEVIEW,SHERIFF- R,,,LARRY C. BLACK,214,16,125,73,0
Catoosa,POPLAR SPRINGS,SHERIFF- R,,,LARRY C. BLACK,398,8,243,147,0
Catoosa,RINGGOLD,SHERIFF- R,,,LARRY C. BLACK,732,23,321,388,0
Catoosa,WESTSIDE,SHERIFF- R,,,LARRY C. BLACK,174,3,98,73,0
Catoosa,WOODSTATION,SHERIFF- R,,,LARRY C. BLACK,286,6,212,68,0
Catoosa,,SHERIFF- R,,,MIKE HELTON,1361,25,854,482,0
Catoosa,BLACKSTOCK,SHERIFF- R,,,MIKE HELTON,37,0,26,11,0
Catoosa,BOYNTON,SHERIFF- R,,,MIKE HELTON,213,2,132,79,0
Catoosa,CATOOSA KEITH,SHERIFF- R,,,MIKE HELTON,70,6,42,22,0
Catoosa,CHAMBERS,SHERIFF- R,,,MIKE HELTON,88,2,65,21,0
Catoosa,DUNCAN PARK,SHERIFF- R,,,MIKE HELTON,48,0,34,14,0
Catoosa,FORT OGLETHORPE,SHERIFF- R,,,MIKE HELTON,75,3,46,26,0
Catoosa,GRAYSVILLE,SHERIFF- R,,,MIKE HELTON,112,1,80,31,0
Catoosa,LAKEVIEW,SHERIFF- R,,,MIKE HELTON,39,3,31,5,0
Catoosa,POPLAR SPRINGS,SHERIFF- R,,,MIKE HELTON,159,1,92,66,0
Catoosa,RINGGOLD,SHERIFF- R,,,MIKE HELTON,280,2,135,143,0
Catoosa,WESTSIDE,SHERIFF- R,,,MIKE HELTON,62,4,37,21,0
Catoosa,WOODSTATION,SHERIFF- R,,,MIKE HELTON,178,1,134,43,0
Catoosa,,SHERIFF- R,,,JEFF HOLCOMB,1226,27,887,312,0
Catoosa,BLACKSTOCK,SHERIFF- R,,,JEFF HOLCOMB,35,2,28,5,0
Catoosa,BOYNTON,SHERIFF- R,,,JEFF HOLCOMB,170,2,127,41,0
Catoosa,CATOOSA KEITH,SHERIFF- R,,,JEFF HOLCOMB,60,0,45,15,0
Catoosa,CHAMBERS,SHERIFF- R,,,JEFF HOLCOMB,98,0,82,16,0
Catoosa,DUNCAN PARK,SHERIFF- R,,,JEFF HOLCOMB,68,4,41,23,0
Catoosa,FORT OGLETHORPE,SHERIFF- R,,,JEFF HOLCOMB,170,6,124,40,0
Catoosa,GRAYSVILLE,SHERIFF- R,,,JEFF HOLCOMB,112,2,87,23,0
Catoosa,LAKEVIEW,SHERIFF- R,,,JEFF HOLCOMB,114,7,86,21,0
Catoosa,POPLAR SPRINGS,SHERIFF- R,,,JEFF HOLCOMB,93,1,64,28,0
Catoosa,RINGGOLD,SHERIFF- R,,,JEFF HOLCOMB,129,2,74,53,0
Catoosa,WESTSIDE,SHERIFF- R,,,JEFF HOLCOMB,95,1,64,30,0
Catoosa,WOODSTATION,SHERIFF- R,,,JEFF HOLCOMB,82,0,65,17,0
Catoosa,,SHERIFF- R,,,BEN SCOTT,405,8,264,133,0
Catoosa,BLACKSTOCK,SHERIFF- R,,,BEN SCOTT,17,0,13,4,0
Catoosa,BOYNTON,SHERIFF- R,,,BEN SCOTT,66,0,44,22,0
Catoosa,CATOOSA KEITH,SHERIFF- R,,,BEN SCOTT,55,0,33,22,0
Catoosa,CHAMBERS,SHERIFF- R,,,BEN SCOTT,22,0,14,8,0
Catoosa,DUNCAN PARK,SHERIFF- R,,,BEN SCOTT,15,1,9,5,0
Catoosa,FORT OGLETHORPE,SHERIFF- R,,,BEN SCOTT,32,1,25,6,0
Catoosa,GRAYSVILLE,SHERIFF- R,,,BEN SCOTT,53,2,39,12,0
Catoosa,LAKEVIEW,SHERIFF- R,,,BEN SCOTT,20,1,15,4,0
Catoosa,POPLAR SPRINGS,SHERIFF- R,,,BEN SCOTT,25,2,15,8,0
Catoosa,RINGGOLD,SHERIFF- R,,,BEN SCOTT,59,1,32,26,0
Catoosa,WESTSIDE,SHERIFF- R,,,BEN SCOTT,19,0,12,7,0
Catoosa,WOODSTATION,SHERIFF- R,,,BEN SCOTT,22,0,13,9,0
Catoosa,,SHERIFF- R,,,GARY R. SISK,1957,35,1240,682,0
Catoosa,BLACKSTOCK,SHERIFF- R,,,GARY R. SISK,43,0,37,6,0
Catoosa,BOYNTON,SHERIFF- R,,,GARY R. SISK,338,4,228,106,0
Catoosa,CATOOSA KEITH,SHERIFF- R,,,GARY R. SISK,89,0,55,34,0
Catoosa,CHAMBERS,SHERIFF- R,,,GARY R. SISK,187,4,130,53,0
Catoosa,DUNCAN PARK,SHERIFF- R,,,GARY R. SISK,54,0,27,27,0
Catoosa,FORT OGLETHORPE,SHERIFF- R,,,GARY R. SISK,178,2,120,56,0
Catoosa,GRAYSVILLE,SHERIFF- R,,,GARY R. SISK,162,2,120,40,0
Catoosa,LAKEVIEW,SHERIFF- R,,,GARY R. SISK,150,10,96,44,0
Catoosa,POPLAR SPRINGS,SHERIFF- R,,,GARY R. SISK,209,1,136,72,0
Catoosa,RINGGOLD,SHERIFF- R,,,GARY R. SISK,315,3,143,169,0
Catoosa,WESTSIDE,SHERIFF- R,,,GARY R. SISK,139,5,79,55,0
Catoosa,WOODSTATION,SHERIFF- R,,,GARY R. SISK,93,4,69,20,0
Catoosa,,TAX COMMISSIONER- R,,,SANDRA SELF ,7734,155,4931,2648,0
Catoosa,BLACKSTOCK,TAX COMMISSIONER- R,,,SANDRA SELF ,291,2,220,69,0
Catoosa,BOYNTON,TAX COMMISSIONER- R,,,SANDRA SELF ,1141,10,753,378,0
Catoosa,CATOOSA KEITH,TAX COMMISSIONER- R,,,SANDRA SELF ,463,7,312,144,0
Catoosa,CHAMBERS,TAX COMMISSIONER- R,,,SANDRA SELF ,592,8,410,174,0
Catoosa,DUNCAN PARK,TAX COMMISSIONER- R,,,SANDRA SELF ,263,10,155,98,0
Catoosa,FORT OGLETHORPE,TAX COMMISSIONER- R,,,SANDRA SELF ,696,18,499,179,0
Catoosa,GRAYSVILLE,TAX COMMISSIONER- R,,,SANDRA SELF ,704,8,501,195,0
Catoosa,LAKEVIEW,TAX COMMISSIONER- R,,,SANDRA SELF ,483,34,319,130,0
Catoosa,POPLAR SPRINGS,TAX COMMISSIONER- R,,,SANDRA SELF ,757,9,463,285,0
Catoosa,RINGGOLD,TAX COMMISSIONER- R,,,SANDRA SELF ,1333,26,616,691,0
Catoosa,WESTSIDE,TAX COMMISSIONER- R,,,SANDRA SELF ,445,11,262,172,0
Catoosa,WOODSTATION,TAX COMMISSIONER- R,,,SANDRA SELF ,566,12,421,133,0
Catoosa,,CORONER- R,,,VANITA HULLANDER ,7505,142,4773,2590,0
Catoosa,BLACKSTOCK,CORONER- R,,,VANITA HULLANDER ,290,2,217,71,0
Catoosa,BOYNTON,CORONER- R,,,VANITA HULLANDER ,1120,9,744,367,0
Catoosa,CATOOSA KEITH,CORONER- R,,,VANITA HULLANDER ,456,4,311,141,0
Catoosa,CHAMBERS,CORONER- R,,,VANITA HULLANDER ,564,6,385,173,0
Catoosa,DUNCAN PARK,CORONER- R,,,VANITA HULLANDER ,243,10,143,90,0
Catoosa,FORT OGLETHORPE,CORONER- R,,,VANITA HULLANDER ,667,13,474,180,0
Catoosa,GRAYSVILLE,CORONER- R,,,VANITA HULLANDER ,676,9,483,184,0
Catoosa,LAKEVIEW,CORONER- R,,,VANITA HULLANDER ,463,35,306,122,0
Catoosa,POPLAR SPRINGS,CORONER- R,,,VANITA HULLANDER ,744,8,451,285,0
Catoosa,RINGGOLD,CORONER- R,,,VANITA HULLANDER ,1312,24,611,677,0
Catoosa,WESTSIDE,CORONER- R,,,VANITA HULLANDER ,429,11,253,165,0
Catoosa,WOODSTATION,CORONER- R,,,VANITA HULLANDER ,541,11,395,135,0
Catoosa,,CHIEF MAGISTRATE- R,,,JAMES ELLIS,1572,28,1026,518,0
Catoosa,BLACKSTOCK,CHIEF MAGISTRATE- R,,,JAMES ELLIS,54,0,45,9,0
Catoosa,BOYNTON,CHIEF MAGISTRATE- R,,,JAMES ELLIS,255,1,168,86,0
Catoosa,CATOOSA KEITH,CHIEF MAGISTRATE- R,,,JAMES ELLIS,84,1,54,29,0
Catoosa,CHAMBERS,CHIEF MAGISTRATE- R,,,JAMES ELLIS,131,3,86,42,0
Catoosa,DUNCAN PARK,CHIEF MAGISTRATE- R,,,JAMES ELLIS,70,2,47,21,0
Catoosa,FORT OGLETHORPE,CHIEF MAGISTRATE- R,,,JAMES ELLIS,157,0,113,44,0
Catoosa,GRAYSVILLE,CHIEF MAGISTRATE- R,,,JAMES ELLIS,145,3,113,29,0
Catoosa,LAKEVIEW,CHIEF MAGISTRATE- R,,,JAMES ELLIS,115,5,78,32,0
Catoosa,POPLAR SPRINGS,CHIEF MAGISTRATE- R,,,JAMES ELLIS,135,3,66,66,0
Catoosa,RINGGOLD,CHIEF MAGISTRATE- R,,,JAMES ELLIS,187,4,95,88,0
Catoosa,WESTSIDE,CHIEF MAGISTRATE- R,,,JAMES ELLIS,95,3,57,35,0
Catoosa,WOODSTATION,CHIEF MAGISTRATE- R,,,JAMES ELLIS,144,3,104,37,0
Catoosa,,CHIEF MAGISTRATE- R,,,JOHNNY GASS ,4237,93,2711,1433,0
Catoosa,BLACKSTOCK,CHIEF MAGISTRATE- R,,,JOHNNY GASS ,179,2,141,36,0
Catoosa,BOYNTON,CHIEF MAGISTRATE- R,,,JOHNNY GASS ,539,6,338,195,0
Catoosa,CATOOSA KEITH,CHIEF MAGISTRATE- R,,,JOHNNY GASS ,309,5,222,82,0
Catoosa,CHAMBERS,CHIEF MAGISTRATE- R,,,JOHNNY GASS ,311,6,215,90,0
Catoosa,DUNCAN PARK,CHIEF MAGISTRATE- R,,,JOHNNY GASS ,138,6,76,56,0
Catoosa,FORT OGLETHORPE,CHIEF MAGISTRATE- R,,,JOHNNY GASS ,354,9,256,89,0
Catoosa,GRAYSVILLE,CHIEF MAGISTRATE- R,,,JOHNNY GASS ,347,6,240,101,0
Catoosa,LAKEVIEW,CHIEF MAGISTRATE- R,,,JOHNNY GASS ,255,21,166,68,0
Catoosa,POPLAR SPRINGS,CHIEF MAGISTRATE- R,,,JOHNNY GASS ,455,6,305,144,0
Catoosa,RINGGOLD,CHIEF MAGISTRATE- R,,,JOHNNY GASS ,834,17,394,423,0
Catoosa,WESTSIDE,CHIEF MAGISTRATE- R,,,JOHNNY GASS ,226,3,137,86,0
Catoosa,WOODSTATION,CHIEF MAGISTRATE- R,,,JOHNNY GASS ,290,6,221,63,0
Catoosa,,CHIEF MAGISTRATE- R,,,BRAD PALMER,2513,44,1538,931,0
Catoosa,BLACKSTOCK,CHIEF MAGISTRATE- R,,,BRAD PALMER,81,0,49,32,0
Catoosa,BOYNTON,CHIEF MAGISTRATE- R,,,BRAD PALMER,430,6,300,124,0
Catoosa,CATOOSA KEITH,CHIEF MAGISTRATE- R,,,BRAD PALMER,113,0,60,53,0
Catoosa,CHAMBERS,CHIEF MAGISTRATE- R,,,BRAD PALMER,201,1,134,66,0
Catoosa,DUNCAN PARK,CHIEF MAGISTRATE- R,,,BRAD PALMER,57,2,34,21,0
Catoosa,FORT OGLETHORPE,CHIEF MAGISTRATE- R,,,BRAD PALMER,233,8,159,66,0
Catoosa,GRAYSVILLE,CHIEF MAGISTRATE- R,,,BRAD PALMER,235,1,161,73,0
Catoosa,LAKEVIEW,CHIEF MAGISTRATE- R,,,BRAD PALMER,135,7,91,37,0
Catoosa,POPLAR SPRINGS,CHIEF MAGISTRATE- R,,,BRAD PALMER,250,2,147,101,0
Catoosa,RINGGOLD,CHIEF MAGISTRATE- R,,,BRAD PALMER,438,8,184,246,0
Catoosa,WESTSIDE,CHIEF MAGISTRATE- R,,,BRAD PALMER,142,7,78,57,0
Catoosa,WOODSTATION,CHIEF MAGISTRATE- R,,,BRAD PALMER,198,2,141,55,0
Catoosa,,CHAIR COMMISSIONER- R,,,KEITH GREENE ,7008,126,4488,2394,0
Catoosa,BLACKSTOCK,CHAIR COMMISSIONER- R,,,KEITH GREENE ,278,2,211,65,0
Catoosa,BOYNTON,CHAIR COMMISSIONER- R,,,KEITH GREENE ,1039,8,695,336,0
Catoosa,CATOOSA KEITH,CHAIR COMMISSIONER- R,,,KEITH GREENE ,420,5,277,138,0
Catoosa,CHAMBERS,CHAIR COMMISSIONER- R,,,KEITH GREENE ,539,4,373,162,0
Catoosa,DUNCAN PARK,CHAIR COMMISSIONER- R,,,KEITH GREENE ,233,10,135,88,0
Catoosa,FORT OGLETHORPE,CHAIR COMMISSIONER- R,,,KEITH GREENE ,628,12,448,168,0
Catoosa,GRAYSVILLE,CHAIR COMMISSIONER- R,,,KEITH GREENE ,595,9,431,155,0
Catoosa,LAKEVIEW,CHAIR COMMISSIONER- R,,,KEITH GREENE ,429,29,285,115,0
Catoosa,POPLAR SPRINGS,CHAIR COMMISSIONER- R,,,KEITH GREENE ,710,8,435,267,0
Catoosa,RINGGOLD,CHAIR COMMISSIONER- R,,,KEITH GREENE ,1216,19,580,617,0
Catoosa,WESTSIDE,CHAIR COMMISSIONER- R,,,KEITH GREENE ,400,9,235,156,0
Catoosa,WOODSTATION,CHAIR COMMISSIONER- R,,,KEITH GREENE ,521,11,383,127,0
Catoosa,,CC D1,,,JOYCE M. DEAN,628,16,443,169,0
Catoosa,CHAMBERS,CC D1,,,JOYCE M. DEAN,228,4,156,68,0
Catoosa,FORT OGLETHORPE,CC D1,,,JOYCE M. DEAN,234,9,165,60,0
Catoosa,LAKEVIEW,CC D1,,,JOYCE M. DEAN,150,2,110,38,0
Catoosa,WOODSTATION,CC D1,,,JOYCE M. DEAN,16,1,12,3,0
Catoosa,,CC D1,,,JEFF LONG ,1313,51,890,372,0
Catoosa,CHAMBERS,CC D1,,,JEFF LONG ,400,6,270,124,0
Catoosa,FORT OGLETHORPE,CC D1,,,JEFF LONG ,518,11,371,136,0
Catoosa,LAKEVIEW,CC D1,,,JEFF LONG ,367,33,232,102,0
Catoosa,WOODSTATION,CC D1,,,JEFF LONG ,28,1,17,10,0
Catoosa,,CC D3,,,JIM CUTLER ,1216,19,620,577,0
Catoosa,GRAYSVILLE,CC D3,,,JIM CUTLER ,338,5,228,105,0
Catoosa,RINGGOLD,CC D3,,,JIM CUTLER ,878,14,392,472,0
Catoosa,,CC D3,,,STEVEN M. HENRY,930,18,565,347,0
Catoosa,GRAYSVILLE,CC D3,,,STEVEN M. HENRY,404,4,305,95,0
Catoosa,RINGGOLD,CC D3,,,STEVEN M. HENRY,526,14,260,252,0
Catoosa,,Republican Party Question 1<br>Should Georgia have casino gambling with funds going to education?,,REP,YES,4133,71,2647,1415,0
Catoosa,BLACKSTOCK,Republican Party Question 1<br>Should Georgia have casino gambling with funds going to education?,,REP,YES,152,0,103,49,0
Catoosa,BOYNTON,Republican Party Question 1<br>Should Georgia have casino gambling with funds going to education?,,REP,YES,582,4,383,195,0
Catoosa,CATOOSA KEITH,Republican Party Question 1<br>Should Georgia have casino gambling with funds going to education?,,REP,YES,248,1,164,83,0
Catoosa,CHAMBERS,Republican Party Question 1<br>Should Georgia have casino gambling with funds going to education?,,REP,YES,307,3,219,85,0
Catoosa,DUNCAN PARK,Republican Party Question 1<br>Should Georgia have casino gambling with funds going to education?,,REP,YES,138,6,85,47,0
Catoosa,FORT OGLETHORPE,Republican Party Question 1<br>Should Georgia have casino gambling with funds going to education?,,REP,YES,377,6,268,103,0
Catoosa,GRAYSVILLE,Republican Party Question 1<br>Should Georgia have casino gambling with funds going to education?,,REP,YES,364,4,273,87,0
Catoosa,LAKEVIEW,Republican Party Question 1<br>Should Georgia have casino gambling with funds going to education?,,REP,YES,251,16,161,74,0
Catoosa,POPLAR SPRINGS,Republican Party Question 1<br>Should Georgia have casino gambling with funds going to education?,,REP,YES,408,8,264,136,0
Catoosa,RINGGOLD,Republican Party Question 1<br>Should Georgia have casino gambling with funds going to education?,,REP,YES,754,15,359,380,0
Catoosa,WESTSIDE,Republican Party Question 1<br>Should Georgia have casino gambling with funds going to education?,,REP,YES,231,5,128,98,0
Catoosa,WOODSTATION,Republican Party Question 1<br>Should Georgia have casino gambling with funds going to education?,,REP,YES,321,3,240,78,0
Catoosa,,Republican Party Question 1<br>Should Georgia have casino gambling with funds going to education?,,REP,NO,4525,102,2895,1528,0
Catoosa,BLACKSTOCK,Republican Party Question 1<br>Should Georgia have casino gambling with funds going to education?,,REP,NO,170,2,139,29,0
Catoosa,BOYNTON,Republican Party Question 1<br>Should Georgia have casino gambling with funds going to education?,,REP,NO,679,9,447,223,0
Catoosa,CATOOSA KEITH,Republican Party Question 1<br>Should Georgia have casino gambling with funds going to education?,,REP,NO,274,6,182,86,0
Catoosa,CHAMBERS,Republican Party Question 1<br>Should Georgia have casino gambling with funds going to education?,,REP,NO,360,6,240,114,0
Catoosa,DUNCAN PARK,Republican Party Question 1<br>Should Georgia have casino gambling with funds going to education?,,REP,NO,144,4,83,57,0
Catoosa,FORT OGLETHORPE,Republican Party Question 1<br>Should Georgia have casino gambling with funds going to education?,,REP,NO,396,14,285,97,0
Catoosa,GRAYSVILLE,Republican Party Question 1<br>Should Georgia have casino gambling with funds going to education?,,REP,NO,411,7,291,113,0
Catoosa,LAKEVIEW,Republican Party Question 1<br>Should Georgia have casino gambling with funds going to education?,,REP,NO,281,19,193,69,0
Catoosa,POPLAR SPRINGS,Republican Party Question 1<br>Should Georgia have casino gambling with funds going to education?,,REP,NO,467,5,280,182,0
Catoosa,RINGGOLD,Republican Party Question 1<br>Should Georgia have casino gambling with funds going to education?,,REP,NO,747,14,340,393,0
Catoosa,WESTSIDE,Republican Party Question 1<br>Should Georgia have casino gambling with funds going to education?,,REP,NO,256,8,159,89,0
Catoosa,WOODSTATION,Republican Party Question 1<br>Should Georgia have casino gambling with funds going to education?,,REP,NO,340,8,256,76,0
Catoosa,,Republican Party Question 2<br>Do you support ending the current practice of unlimited gifts from lobbyists to state legislators by imposing a $100 cap on such gifts?,,REP,YES,7345,156,4705,2484,0
Catoosa,BLACKSTOCK,Republican Party Question 2<br>Do you support ending the current practice of unlimited gifts from lobbyists to state legislators by imposing a $100 cap on such gifts?,,REP,YES,268,2,206,60,0
Catoosa,BOYNTON,Republican Party Question 2<br>Do you support ending the current practice of unlimited gifts from lobbyists to state legislators by imposing a $100 cap on such gifts?,,REP,YES,1087,13,725,349,0
Catoosa,CATOOSA KEITH,Republican Party Question 2<br>Do you support ending the current practice of unlimited gifts from lobbyists to state legislators by imposing a $100 cap on such gifts?,,REP,YES,433,4,294,135,0
Catoosa,CHAMBERS,Republican Party Question 2<br>Do you support ending the current practice of unlimited gifts from lobbyists to state legislators by imposing a $100 cap on such gifts?,,REP,YES,565,10,381,174,0
Catoosa,DUNCAN PARK,Republican Party Question 2<br>Do you support ending the current practice of unlimited gifts from lobbyists to state legislators by imposing a $100 cap on such gifts?,,REP,YES,242,10,140,92,0
Catoosa,FORT OGLETHORPE,Republican Party Question 2<br>Do you support ending the current practice of unlimited gifts from lobbyists to state legislators by imposing a $100 cap on such gifts?,,REP,YES,631,16,448,167,0
Catoosa,GRAYSVILLE,Republican Party Question 2<br>Do you support ending the current practice of unlimited gifts from lobbyists to state legislators by imposing a $100 cap on such gifts?,,REP,YES,652,10,476,166,0
Catoosa,LAKEVIEW,Republican Party Question 2<br>Do you support ending the current practice of unlimited gifts from lobbyists to state legislators by imposing a $100 cap on such gifts?,,REP,YES,450,31,293,126,0
Catoosa,POPLAR SPRINGS,Republican Party Question 2<br>Do you support ending the current practice of unlimited gifts from lobbyists to state legislators by imposing a $100 cap on such gifts?,,REP,YES,750,11,464,275,0
Catoosa,RINGGOLD,Republican Party Question 2<br>Do you support ending the current practice of unlimited gifts from lobbyists to state legislators by imposing a $100 cap on such gifts?,,REP,YES,1288,25,613,650,0
Catoosa,WESTSIDE,Republican Party Question 2<br>Do you support ending the current practice of unlimited gifts from lobbyists to state legislators by imposing a $100 cap on such gifts?,,REP,YES,427,13,250,164,0
Catoosa,WOODSTATION,Republican Party Question 2<br>Do you support ending the current practice of unlimited gifts from lobbyists to state legislators by imposing a $100 cap on such gifts?,,REP,YES,552,11,415,126,0
Catoosa,,Republican Party Question 2<br>Do you support ending the current practice of unlimited gifts from lobbyists to state legislators by imposing a $100 cap on such gifts?,,REP,NO,1177,13,769,395,0
Catoosa,BLACKSTOCK,Republican Party Question 2<br>Do you support ending the current practice of unlimited gifts from lobbyists to state legislators by imposing a $100 cap on such gifts?,,REP,NO,50,0,34,16,0
Catoosa,BOYNTON,Republican Party Question 2<br>Do you support ending the current practice of unlimited gifts from lobbyists to state legislators by imposing a $100 cap on such gifts?,,REP,NO,164,0,103,61,0
Catoosa,CATOOSA KEITH,Republican Party Question 2<br>Do you support ending the current practice of unlimited gifts from lobbyists to state legislators by imposing a $100 cap on such gifts?,,REP,NO,74,1,47,26,0
Catoosa,CHAMBERS,Republican Party Question 2<br>Do you support ending the current practice of unlimited gifts from lobbyists to state legislators by imposing a $100 cap on such gifts?,,REP,NO,89,0,69,20,0
Catoosa,DUNCAN PARK,Republican Party Question 2<br>Do you support ending the current practice of unlimited gifts from lobbyists to state legislators by imposing a $100 cap on such gifts?,,REP,NO,34,0,24,10,0
Catoosa,FORT OGLETHORPE,Republican Party Question 2<br>Do you support ending the current practice of unlimited gifts from lobbyists to state legislators by imposing a $100 cap on such gifts?,,REP,NO,131,3,98,30,0
Catoosa,GRAYSVILLE,Republican Party Question 2<br>Do you support ending the current practice of unlimited gifts from lobbyists to state legislators by imposing a $100 cap on such gifts?,,REP,NO,112,0,80,32,0
Catoosa,LAKEVIEW,Republican Party Question 2<br>Do you support ending the current practice of unlimited gifts from lobbyists to state legislators by imposing a $100 cap on such gifts?,,REP,NO,76,3,56,17,0
Catoosa,POPLAR SPRINGS,Republican Party Question 2<br>Do you support ending the current practice of unlimited gifts from lobbyists to state legislators by imposing a $100 cap on such gifts?,,REP,NO,107,1,73,33,0
Catoosa,RINGGOLD,Republican Party Question 2<br>Do you support ending the current practice of unlimited gifts from lobbyists to state legislators by imposing a $100 cap on such gifts?,,REP,NO,190,5,82,103,0
Catoosa,WESTSIDE,Republican Party Question 2<br>Do you support ending the current practice of unlimited gifts from lobbyists to state legislators by imposing a $100 cap on such gifts?,,REP,NO,51,0,31,20,0
Catoosa,WOODSTATION,Republican Party Question 2<br>Do you support ending the current practice of unlimited gifts from lobbyists to state legislators by imposing a $100 cap on such gifts?,,REP,NO,99,0,72,27,0
Catoosa,,Republican Party Question 3<br>Should active duty military personnel who are under the age of 21 be allowed to obtain a Georgia weapons license?,,REP,YES,5556,110,3625,1821,0
Catoosa,BLACKSTOCK,Republican Party Question 3<br>Should active duty military personnel who are under the age of 21 be allowed to obtain a Georgia weapons license?,,REP,YES,220,2,165,53,0
Catoosa,BOYNTON,Republican Party Question 3<br>Should active duty military personnel who are under the age of 21 be allowed to obtain a Georgia weapons license?,,REP,YES,835,8,550,277,0
Catoosa,CATOOSA KEITH,Republican Party Question 3<br>Should active duty military personnel who are under the age of 21 be allowed to obtain a Georgia weapons license?,,REP,YES,346,3,243,100,0
Catoosa,CHAMBERS,Republican Party Question 3<br>Should active duty military personnel who are under the age of 21 be allowed to obtain a Georgia weapons license?,,REP,YES,414,6,286,122,0
Catoosa,DUNCAN PARK,Republican Party Question 3<br>Should active duty military personnel who are under the age of 21 be allowed to obtain a Georgia weapons license?,,REP,YES,179,6,108,65,0
Catoosa,FORT OGLETHORPE,Republican Party Question 3<br>Should active duty military personnel who are under the age of 21 be allowed to obtain a Georgia weapons license?,,REP,YES,489,12,355,122,0
Catoosa,GRAYSVILLE,Republican Party Question 3<br>Should active duty military personnel who are under the age of 21 be allowed to obtain a Georgia weapons license?,,REP,YES,478,6,338,134,0
Catoosa,LAKEVIEW,Republican Party Question 3<br>Should active duty military personnel who are under the age of 21 be allowed to obtain a Georgia weapons license?,,REP,YES,333,25,232,76,0
Catoosa,POPLAR SPRINGS,Republican Party Question 3<br>Should active duty military personnel who are under the age of 21 be allowed to obtain a Georgia weapons license?,,REP,YES,563,10,358,195,0
Catoosa,RINGGOLD,Republican Party Question 3<br>Should active duty military personnel who are under the age of 21 be allowed to obtain a Georgia weapons license?,,REP,YES,942,14,473,455,0
Catoosa,WESTSIDE,Republican Party Question 3<br>Should active duty military personnel who are under the age of 21 be allowed to obtain a Georgia weapons license?,,REP,YES,295,9,174,112,0
Catoosa,WOODSTATION,Republican Party Question 3<br>Should active duty military personnel who are under the age of 21 be allowed to obtain a Georgia weapons license?,,REP,YES,462,9,343,110,0
Catoosa,,Republican Party Question 3<br>Should active duty military personnel who are under the age of 21 be allowed to obtain a Georgia weapons license?,,REP,NO,2982,63,1847,1072,0
Catoosa,BLACKSTOCK,Republican Party Question 3<br>Should active duty military personnel who are under the age of 21 be allowed to obtain a Georgia weapons license?,,REP,NO,99,0,73,26,0
Catoosa,BOYNTON,Republican Party Question 3<br>Should active duty military personnel who are under the age of 21 be allowed to obtain a Georgia weapons license?,,REP,NO,421,6,286,129,0
Catoosa,CATOOSA KEITH,Republican Party Question 3<br>Should active duty military personnel who are under the age of 21 be allowed to obtain a Georgia weapons license?,,REP,NO,171,4,102,65,0
Catoosa,CHAMBERS,Republican Party Question 3<br>Should active duty military personnel who are under the age of 21 be allowed to obtain a Georgia weapons license?,,REP,NO,246,3,168,75,0
Catoosa,DUNCAN PARK,Republican Party Question 3<br>Should active duty military personnel who are under the age of 21 be allowed to obtain a Georgia weapons license?,,REP,NO,96,4,56,36,0
Catoosa,FORT OGLETHORPE,Republican Party Question 3<br>Should active duty military personnel who are under the age of 21 be allowed to obtain a Georgia weapons license?,,REP,NO,269,6,188,75,0
Catoosa,GRAYSVILLE,Republican Party Question 3<br>Should active duty military personnel who are under the age of 21 be allowed to obtain a Georgia weapons license?,,REP,NO,281,4,212,65,0
Catoosa,LAKEVIEW,Republican Party Question 3<br>Should active duty military personnel who are under the age of 21 be allowed to obtain a Georgia weapons license?,,REP,NO,193,10,116,67,0
Catoosa,POPLAR SPRINGS,Republican Party Question 3<br>Should active duty military personnel who are under the age of 21 be allowed to obtain a Georgia weapons license?,,REP,NO,303,3,179,121,0
Catoosa,RINGGOLD,Republican Party Question 3<br>Should active duty military personnel who are under the age of 21 be allowed to obtain a Georgia weapons license?,,REP,NO,535,16,222,297,0
Catoosa,WESTSIDE,Republican Party Question 3<br>Should active duty military personnel who are under the age of 21 be allowed to obtain a Georgia weapons license?,,REP,NO,183,4,106,73,0
Catoosa,WOODSTATION,Republican Party Question 3<br>Should active duty military personnel who are under the age of 21 be allowed to obtain a Georgia weapons license?,,REP,NO,185,3,139,43,0
Catoosa,,Republican Party Question 4<br>Should Citizens who wish to vote in a primary election be required to register by their political party affiliation at least thirty (30) days prior to such primary election?,,REP,YES,3511,83,2205,1223,0
Catoosa,BLACKSTOCK,Republican Party Question 4<br>Should Citizens who wish to vote in a primary election be required to register by their political party affiliation at least thirty (30) days prior to such primary election?,,REP,YES,143,2,102,39,0
Catoosa,BOYNTON,Republican Party Question 4<br>Should Citizens who wish to vote in a primary election be required to register by their political party affiliation at least thirty (30) days prior to such primary election?,,REP,YES,539,7,353,179,0
Catoosa,CATOOSA KEITH,Republican Party Question 4<br>Should Citizens who wish to vote in a primary election be required to register by their political party affiliation at least thirty (30) days prior to such primary election?,,REP,YES,209,2,143,64,0
Catoosa,CHAMBERS,Republican Party Question 4<br>Should Citizens who wish to vote in a primary election be required to register by their political party affiliation at least thirty (30) days prior to such primary election?,,REP,YES,261,2,178,81,0
Catoosa,DUNCAN PARK,Republican Party Question 4<br>Should Citizens who wish to vote in a primary election be required to register by their political party affiliation at least thirty (30) days prior to such primary election?,,REP,YES,123,6,70,47,0
Catoosa,FORT OGLETHORPE,Republican Party Question 4<br>Should Citizens who wish to vote in a primary election be required to register by their political party affiliation at least thirty (30) days prior to such primary election?,,REP,YES,288,10,204,74,0
Catoosa,GRAYSVILLE,Republican Party Question 4<br>Should Citizens who wish to vote in a primary election be required to register by their political party affiliation at least thirty (30) days prior to such primary election?,,REP,YES,322,5,233,84,0
Catoosa,LAKEVIEW,Republican Party Question 4<br>Should Citizens who wish to vote in a primary election be required to register by their political party affiliation at least thirty (30) days prior to such primary election?,,REP,YES,236,21,155,60,0
Catoosa,POPLAR SPRINGS,Republican Party Question 4<br>Should Citizens who wish to vote in a primary election be required to register by their political party affiliation at least thirty (30) days prior to such primary election?,,REP,YES,351,3,214,134,0
Catoosa,RINGGOLD,Republican Party Question 4<br>Should Citizens who wish to vote in a primary election be required to register by their political party affiliation at least thirty (30) days prior to such primary election?,,REP,YES,597,9,270,318,0
Catoosa,WESTSIDE,Republican Party Question 4<br>Should Citizens who wish to vote in a primary election be required to register by their political party affiliation at least thirty (30) days prior to such primary election?,,REP,YES,191,8,101,82,0
Catoosa,WOODSTATION,Republican Party Question 4<br>Should Citizens who wish to vote in a primary election be required to register by their political party affiliation at least thirty (30) days prior to such primary election?,,REP,YES,251,8,182,61,0
Catoosa,,Republican Party Question 4<br>Should Citizens who wish to vote in a primary election be required to register by their political party affiliation at least thirty (30) days prior to such primary election?,,REP,NO,4975,87,3226,1662,0
Catoosa,BLACKSTOCK,Republican Party Question 4<br>Should Citizens who wish to vote in a primary election be required to register by their political party affiliation at least thirty (30) days prior to such primary election?,,REP,NO,176,0,137,39,0
Catoosa,BOYNTON,Republican Party Question 4<br>Should Citizens who wish to vote in a primary election be required to register by their political party affiliation at least thirty (30) days prior to such primary election?,,REP,NO,711,6,474,231,0
Catoosa,CATOOSA KEITH,Republican Party Question 4<br>Should Citizens who wish to vote in a primary election be required to register by their political party affiliation at least thirty (30) days prior to such primary election?,,REP,NO,300,4,196,100,0
Catoosa,CHAMBERS,Republican Party Question 4<br>Should Citizens who wish to vote in a primary election be required to register by their political party affiliation at least thirty (30) days prior to such primary election?,,REP,NO,389,8,266,115,0
Catoosa,DUNCAN PARK,Republican Party Question 4<br>Should Citizens who wish to vote in a primary election be required to register by their political party affiliation at least thirty (30) days prior to such primary election?,,REP,NO,156,4,97,55,0
Catoosa,FORT OGLETHORPE,Republican Party Question 4<br>Should Citizens who wish to vote in a primary election be required to register by their political party affiliation at least thirty (30) days prior to such primary election?,,REP,NO,462,8,337,117,0
Catoosa,GRAYSVILLE,Republican Party Question 4<br>Should Citizens who wish to vote in a primary election be required to register by their political party affiliation at least thirty (30) days prior to such primary election?,,REP,NO,441,6,321,114,0
Catoosa,LAKEVIEW,Republican Party Question 4<br>Should Citizens who wish to vote in a primary election be required to register by their political party affiliation at least thirty (30) days prior to such primary election?,,REP,NO,280,14,187,79,0
Catoosa,POPLAR SPRINGS,Republican Party Question 4<br>Should Citizens who wish to vote in a primary election be required to register by their political party affiliation at least thirty (30) days prior to such primary election?,,REP,NO,509,8,319,182,0
Catoosa,RINGGOLD,Republican Party Question 4<br>Should Citizens who wish to vote in a primary election be required to register by their political party affiliation at least thirty (30) days prior to such primary election?,,REP,NO,872,21,417,434,0
Catoosa,WESTSIDE,Republican Party Question 4<br>Should Citizens who wish to vote in a primary election be required to register by their political party affiliation at least thirty (30) days prior to such primary election?,,REP,NO,284,5,175,104,0
Catoosa,WOODSTATION,Republican Party Question 4<br>Should Citizens who wish to vote in a primary election be required to register by their political party affiliation at least thirty (30) days prior to such primary election?,,REP,NO,395,3,300,92,0
Catoosa,,Republican Party Question 5 <br>Life Amendment Question,,REP,YES,6121,118,3969,2034,0
Catoosa,BLACKSTOCK,Republican Party Question 5 <br>Life Amendment Question,,REP,YES,224,2,175,47,0
Catoosa,BOYNTON,Republican Party Question 5 <br>Life Amendment Question,,REP,YES,918,8,609,301,0
Catoosa,CATOOSA KEITH,Republican Party Question 5 <br>Life Amendment Question,,REP,YES,378,4,254,120,0
Catoosa,CHAMBERS,Republican Party Question 5 <br>Life Amendment Question,,REP,YES,459,6,322,131,0
Catoosa,DUNCAN PARK,Republican Party Question 5 <br>Life Amendment Question,,REP,YES,191,7,116,68,0
Catoosa,FORT OGLETHORPE,Republican Party Question 5 <br>Life Amendment Question,,REP,YES,532,11,378,143,0
Catoosa,GRAYSVILLE,Republican Party Question 5 <br>Life Amendment Question,,REP,YES,555,7,412,136,0
Catoosa,LAKEVIEW,Republican Party Question 5 <br>Life Amendment Question,,REP,YES,388,33,259,96,0
Catoosa,POPLAR SPRINGS,Republican Party Question 5 <br>Life Amendment Question,,REP,YES,604,4,387,213,0
Catoosa,RINGGOLD,Republican Party Question 5 <br>Life Amendment Question,,REP,YES,1065,25,513,527,0
Catoosa,WESTSIDE,Republican Party Question 5 <br>Life Amendment Question,,REP,YES,356,4,209,143,0
Catoosa,WOODSTATION,Republican Party Question 5 <br>Life Amendment Question,,REP,YES,451,7,335,109,0
Catoosa,,Republican Party Question 5 <br>Life Amendment Question,,REP,NO,1966,38,1244,684,0
Catoosa,BLACKSTOCK,Republican Party Question 5 <br>Life Amendment Question,,REP,NO,76,0,54,22,0
Catoosa,BOYNTON,Republican Party Question 5 <br>Life Amendment Question,,REP,NO,264,4,172,88,0
Catoosa,CATOOSA KEITH,Republican Party Question 5 <br>Life Amendment Question,,REP,NO,117,1,78,38,0
Catoosa,CHAMBERS,Republican Party Question 5 <br>Life Amendment Question,,REP,NO,164,4,103,57,0
Catoosa,DUNCAN PARK,Republican Party Question 5 <br>Life Amendment Question,,REP,NO,71,3,45,23,0
Catoosa,FORT OGLETHORPE,Republican Party Question 5 <br>Life Amendment Question,,REP,NO,171,5,127,39,0
Catoosa,GRAYSVILLE,Republican Party Question 5 <br>Life Amendment Question,,REP,NO,168,1,118,49,0
Catoosa,LAKEVIEW,Republican Party Question 5 <br>Life Amendment Question,,REP,NO,109,1,75,33,0
Catoosa,POPLAR SPRINGS,Republican Party Question 5 <br>Life Amendment Question,,REP,NO,216,4,131,81,0
Catoosa,RINGGOLD,Republican Party Question 5 <br>Life Amendment Question,,REP,NO,342,4,151,187,0
Catoosa,WESTSIDE,Republican Party Question 5 <br>Life Amendment Question,,REP,NO,105,8,62,35,0
Catoosa,WOODSTATION,Republican Party Question 5 <br>Life Amendment Question,,REP,NO,163,3,128,32,0
Catoosa,,Democratic Party Question 1<br>Should the Georgia Constitution be amended to allow the state to override locally-elected school boards’ decisions when it comes to the creation of charter schools in your county or city?,,DEM,YES,195,4,153,38,0
Catoosa,BLACKSTOCK,Democratic Party Question 1<br>Should the Georgia Constitution be amended to allow the state to override locally-elected school boards’ decisions when it comes to the creation of charter schools in your county or city?,,DEM,YES,17,0,11,6,0
Catoosa,BOYNTON,Democratic Party Question 1<br>Should the Georgia Constitution be amended to allow the state to override locally-elected school boards’ decisions when it comes to the creation of charter schools in your county or city?,,DEM,YES,21,0,18,3,0
Catoosa,CATOOSA KEITH,Democratic Party Question 1<br>Should the Georgia Constitution be amended to allow the state to override locally-elected school boards’ decisions when it comes to the creation of charter schools in your county or city?,,DEM,YES,8,0,6,2,0
Catoosa,CHAMBERS,Democratic Party Question 1<br>Should the Georgia Constitution be amended to allow the state to override locally-elected school boards’ decisions when it comes to the creation of charter schools in your county or city?,,DEM,YES,15,0,15,0,0
Catoosa,DUNCAN PARK,Democratic Party Question 1<br>Should the Georgia Constitution be amended to allow the state to override locally-elected school boards’ decisions when it comes to the creation of charter schools in your county or city?,,DEM,YES,8,0,6,2,0
Catoosa,FORT OGLETHORPE,Democratic Party Question 1<br>Should the Georgia Constitution be amended to allow the state to override locally-elected school boards’ decisions when it comes to the creation of charter schools in your county or city?,,DEM,YES,12,1,11,0,0
Catoosa,GRAYSVILLE,Democratic Party Question 1<br>Should the Georgia Constitution be amended to allow the state to override locally-elected school boards’ decisions when it comes to the creation of charter schools in your county or city?,,DEM,YES,18,0,16,2,0
Catoosa,LAKEVIEW,Democratic Party Question 1<br>Should the Georgia Constitution be amended to allow the state to override locally-elected school boards’ decisions when it comes to the creation of charter schools in your county or city?,,DEM,YES,21,1,17,3,0
Catoosa,POPLAR SPRINGS,Democratic Party Question 1<br>Should the Georgia Constitution be amended to allow the state to override locally-elected school boards’ decisions when it comes to the creation of charter schools in your county or city?,,DEM,YES,14,0,9,5,0
Catoosa,RINGGOLD,Democratic Party Question 1<br>Should the Georgia Constitution be amended to allow the state to override locally-elected school boards’ decisions when it comes to the creation of charter schools in your county or city?,,DEM,YES,37,2,28,7,0
Catoosa,WESTSIDE,Democratic Party Question 1<br>Should the Georgia Constitution be amended to allow the state to override locally-elected school boards’ decisions when it comes to the creation of charter schools in your county or city?,,DEM,YES,14,0,9,5,0
Catoosa,WOODSTATION,Democratic Party Question 1<br>Should the Georgia Constitution be amended to allow the state to override locally-elected school boards’ decisions when it comes to the creation of charter schools in your county or city?,,DEM,YES,10,0,7,3,0
Catoosa,,Democratic Party Question 1<br>Should the Georgia Constitution be amended to allow the state to override locally-elected school boards’ decisions when it comes to the creation of charter schools in your county or city?,,DEM,NO,306,21,199,86,0
Catoosa,BLACKSTOCK,Democratic Party Question 1<br>Should the Georgia Constitution be amended to allow the state to override locally-elected school boards’ decisions when it comes to the creation of charter schools in your county or city?,,DEM,NO,19,2,13,4,0
Catoosa,BOYNTON,Democratic Party Question 1<br>Should the Georgia Constitution be amended to allow the state to override locally-elected school boards’ decisions when it comes to the creation of charter schools in your county or city?,,DEM,NO,36,0,30,6,0
Catoosa,CATOOSA KEITH,Democratic Party Question 1<br>Should the Georgia Constitution be amended to allow the state to override locally-elected school boards’ decisions when it comes to the creation of charter schools in your county or city?,,DEM,NO,22,0,14,8,0
Catoosa,CHAMBERS,Democratic Party Question 1<br>Should the Georgia Constitution be amended to allow the state to override locally-elected school boards’ decisions when it comes to the creation of charter schools in your county or city?,,DEM,NO,25,1,16,8,0
Catoosa,DUNCAN PARK,Democratic Party Question 1<br>Should the Georgia Constitution be amended to allow the state to override locally-elected school boards’ decisions when it comes to the creation of charter schools in your county or city?,,DEM,NO,14,1,9,4,0
Catoosa,FORT OGLETHORPE,Democratic Party Question 1<br>Should the Georgia Constitution be amended to allow the state to override locally-elected school boards’ decisions when it comes to the creation of charter schools in your county or city?,,DEM,NO,22,5,11,6,0
Catoosa,GRAYSVILLE,Democratic Party Question 1<br>Should the Georgia Constitution be amended to allow the state to override locally-elected school boards’ decisions when it comes to the creation of charter schools in your county or city?,,DEM,NO,32,3,23,6,0
Catoosa,LAKEVIEW,Democratic Party Question 1<br>Should the Georgia Constitution be amended to allow the state to override locally-elected school boards’ decisions when it comes to the creation of charter schools in your county or city?,,DEM,NO,26,4,18,4,0
Catoosa,POPLAR SPRINGS,Democratic Party Question 1<br>Should the Georgia Constitution be amended to allow the state to override locally-elected school boards’ decisions when it comes to the creation of charter schools in your county or city?,,DEM,NO,24,3,15,6,0
Catoosa,RINGGOLD,Democratic Party Question 1<br>Should the Georgia Constitution be amended to allow the state to override locally-elected school boards’ decisions when it comes to the creation of charter schools in your county or city?,,DEM,NO,51,2,25,24,0
Catoosa,WESTSIDE,Democratic Party Question 1<br>Should the Georgia Constitution be amended to allow the state to override locally-elected school boards’ decisions when it comes to the creation of charter schools in your county or city?,,DEM,NO,15,0,10,5,0
Catoosa,WOODSTATION,Democratic Party Question 1<br>Should the Georgia Constitution be amended to allow the state to override locally-elected school boards’ decisions when it comes to the creation of charter schools in your county or city?,,DEM,NO,20,0,15,5,0
Catoosa,,Democratic Party Question 2<br>Do you support ending current practice permitting unlimited gifts from lobbyists to state legislators?,,DEM,YES,387,26,270,91,0
Catoosa,BLACKSTOCK,Democratic Party Question 2<br>Do you support ending current practice permitting unlimited gifts from lobbyists to state legislators?,,DEM,YES,25,2,16,7,0
Catoosa,BOYNTON,Democratic Party Question 2<br>Do you support ending current practice permitting unlimited gifts from lobbyists to state legislators?,,DEM,YES,44,0,39,5,0
Catoosa,CATOOSA KEITH,Democratic Party Question 2<br>Do you support ending current practice permitting unlimited gifts from lobbyists to state legislators?,,DEM,YES,23,0,16,7,0
Catoosa,CHAMBERS,Democratic Party Question 2<br>Do you support ending current practice permitting unlimited gifts from lobbyists to state legislators?,,DEM,YES,30,2,23,5,0
Catoosa,DUNCAN PARK,Democratic Party Question 2<br>Do you support ending current practice permitting unlimited gifts from lobbyists to state legislators?,,DEM,YES,20,1,13,6,0
Catoosa,FORT OGLETHORPE,Democratic Party Question 2<br>Do you support ending current practice permitting unlimited gifts from lobbyists to state legislators?,,DEM,YES,31,5,19,7,0
Catoosa,GRAYSVILLE,Democratic Party Question 2<br>Do you support ending current practice permitting unlimited gifts from lobbyists to state legislators?,,DEM,YES,39,3,30,6,0
Catoosa,LAKEVIEW,Democratic Party Question 2<br>Do you support ending current practice permitting unlimited gifts from lobbyists to state legislators?,,DEM,YES,33,5,24,4,0
Catoosa,POPLAR SPRINGS,Democratic Party Question 2<br>Do you support ending current practice permitting unlimited gifts from lobbyists to state legislators?,,DEM,YES,30,3,17,10,0
Catoosa,RINGGOLD,Democratic Party Question 2<br>Do you support ending current practice permitting unlimited gifts from lobbyists to state legislators?,,DEM,YES,67,5,39,23,0
Catoosa,WESTSIDE,Democratic Party Question 2<br>Do you support ending current practice permitting unlimited gifts from lobbyists to state legislators?,,DEM,YES,23,0,17,6,0
Catoosa,WOODSTATION,Democratic Party Question 2<br>Do you support ending current practice permitting unlimited gifts from lobbyists to state legislators?,,DEM,YES,22,0,17,5,0
Catoosa,,Democratic Party Question 2<br>Do you support ending current practice permitting unlimited gifts from lobbyists to state legislators?,,DEM,NO,114,1,83,30,0
Catoosa,BLACKSTOCK,Democratic Party Question 2<br>Do you support ending current practice permitting unlimited gifts from lobbyists to state legislators?,,DEM,NO,10,0,8,2,0
Catoosa,BOYNTON,Democratic Party Question 2<br>Do you support ending current practice permitting unlimited gifts from lobbyists to state legislators?,,DEM,NO,13,0,9,4,0
Catoosa,CATOOSA KEITH,Democratic Party Question 2<br>Do you support ending current practice permitting unlimited gifts from lobbyists to state legislators?,,DEM,NO,8,0,5,3,0
Catoosa,CHAMBERS,Democratic Party Question 2<br>Do you support ending current practice permitting unlimited gifts from lobbyists to state legislators?,,DEM,NO,11,0,8,3,0
Catoosa,DUNCAN PARK,Democratic Party Question 2<br>Do you support ending current practice permitting unlimited gifts from lobbyists to state legislators?,,DEM,NO,4,0,4,0,0
Catoosa,FORT OGLETHORPE,Democratic Party Question 2<br>Do you support ending current practice permitting unlimited gifts from lobbyists to state legislators?,,DEM,NO,6,1,5,0,0
Catoosa,GRAYSVILLE,Democratic Party Question 2<br>Do you support ending current practice permitting unlimited gifts from lobbyists to state legislators?,,DEM,NO,12,0,10,2,0
Catoosa,LAKEVIEW,Democratic Party Question 2<br>Do you support ending current practice permitting unlimited gifts from lobbyists to state legislators?,,DEM,NO,10,0,8,2,0
Catoosa,POPLAR SPRINGS,Democratic Party Question 2<br>Do you support ending current practice permitting unlimited gifts from lobbyists to state legislators?,,DEM,NO,9,0,7,2,0
Catoosa,RINGGOLD,Democratic Party Question 2<br>Do you support ending current practice permitting unlimited gifts from lobbyists to state legislators?,,DEM,NO,19,0,12,7,0
Catoosa,WESTSIDE,Democratic Party Question 2<br>Do you support ending current practice permitting unlimited gifts from lobbyists to state legislators?,,DEM,NO,5,0,2,3,0
Catoosa,WOODSTATION,Democratic Party Question 2<br>Do you support ending current practice permitting unlimited gifts from lobbyists to state legislators?,,DEM,NO,7,0,5,2,0
Catoosa,,Democratic Party Question 3<br>Should Georgia adopt an income tax credit for home energy costs to support the economic security of our families?,,DEM,YES,402,25,282,95,0
Catoosa,BLACKSTOCK,Democratic Party Question 3<br>Should Georgia adopt an income tax credit for home energy costs to support the economic security of our families?,,DEM,YES,26,2,18,6,0
Catoosa,BOYNTON,Democratic Party Question 3<br>Should Georgia adopt an income tax credit for home energy costs to support the economic security of our families?,,DEM,YES,43,0,36,7,0
Catoosa,CATOOSA KEITH,Democratic Party Question 3<br>Should Georgia adopt an income tax credit for home energy costs to support the economic security of our families?,,DEM,YES,23,0,15,8,0
Catoosa,CHAMBERS,Democratic Party Question 3<br>Should Georgia adopt an income tax credit for home energy costs to support the economic security of our families?,,DEM,YES,37,2,28,7,0
Catoosa,DUNCAN PARK,Democratic Party Question 3<br>Should Georgia adopt an income tax credit for home energy costs to support the economic security of our families?,,DEM,YES,17,1,14,2,0
Catoosa,FORT OGLETHORPE,Democratic Party Question 3<br>Should Georgia adopt an income tax credit for home energy costs to support the economic security of our families?,,DEM,YES,29,5,17,7,0
Catoosa,GRAYSVILLE,Democratic Party Question 3<br>Should Georgia adopt an income tax credit for home energy costs to support the economic security of our families?,,DEM,YES,46,3,35,8,0
Catoosa,LAKEVIEW,Democratic Party Question 3<br>Should Georgia adopt an income tax credit for home energy costs to support the economic security of our families?,,DEM,YES,38,5,28,5,0
Catoosa,POPLAR SPRINGS,Democratic Party Question 3<br>Should Georgia adopt an income tax credit for home energy costs to support the economic security of our families?,,DEM,YES,29,3,18,8,0
Catoosa,RINGGOLD,Democratic Party Question 3<br>Should Georgia adopt an income tax credit for home energy costs to support the economic security of our families?,,DEM,YES,67,4,40,23,0
Catoosa,WESTSIDE,Democratic Party Question 3<br>Should Georgia adopt an income tax credit for home energy costs to support the economic security of our families?,,DEM,YES,22,0,14,8,0
Catoosa,WOODSTATION,Democratic Party Question 3<br>Should Georgia adopt an income tax credit for home energy costs to support the economic security of our families?,,DEM,YES,25,0,19,6,0
Catoosa,,Democratic Party Question 3<br>Should Georgia adopt an income tax credit for home energy costs to support the economic security of our families?,,DEM,NO,99,2,73,24,0
Catoosa,BLACKSTOCK,Democratic Party Question 3<br>Should Georgia adopt an income tax credit for home energy costs to support the economic security of our families?,,DEM,NO,10,0,7,3,0
Catoosa,BOYNTON,Democratic Party Question 3<br>Should Georgia adopt an income tax credit for home energy costs to support the economic security of our families?,,DEM,NO,14,0,12,2,0
Catoosa,CATOOSA KEITH,Democratic Party Question 3<br>Should Georgia adopt an income tax credit for home energy costs to support the economic security of our families?,,DEM,NO,7,0,6,1,0
Catoosa,CHAMBERS,Democratic Party Question 3<br>Should Georgia adopt an income tax credit for home energy costs to support the economic security of our families?,,DEM,NO,5,0,4,1,0
Catoosa,DUNCAN PARK,Democratic Party Question 3<br>Should Georgia adopt an income tax credit for home energy costs to support the economic security of our families?,,DEM,NO,8,0,4,4,0
Catoosa,FORT OGLETHORPE,Democratic Party Question 3<br>Should Georgia adopt an income tax credit for home energy costs to support the economic security of our families?,,DEM,NO,6,1,5,0,0
Catoosa,GRAYSVILLE,Democratic Party Question 3<br>Should Georgia adopt an income tax credit for home energy costs to support the economic security of our families?,,DEM,NO,4,0,4,0,0
Catoosa,LAKEVIEW,Democratic Party Question 3<br>Should Georgia adopt an income tax credit for home energy costs to support the economic security of our families?,,DEM,NO,5,0,4,1,0
Catoosa,POPLAR SPRINGS,Democratic Party Question 3<br>Should Georgia adopt an income tax credit for home energy costs to support the economic security of our families?,,DEM,NO,8,0,6,2,0
Catoosa,RINGGOLD,Democratic Party Question 3<br>Should Georgia adopt an income tax credit for home energy costs to support the economic security of our families?,,DEM,NO,20,1,12,7,0
Catoosa,WESTSIDE,Democratic Party Question 3<br>Should Georgia adopt an income tax credit for home energy costs to support the economic security of our families?,,DEM,NO,6,0,5,1,0
Catoosa,WOODSTATION,Democratic Party Question 3<br>Should Georgia adopt an income tax credit for home energy costs to support the economic security of our families?,,DEM,NO,6,0,4,2,0
Catoosa,,Democratic Party Question 4 <br>Should Georgia reduce sales taxes on Made in Georgia products so as to support the growth of small businesses in our state?,,DEM,YES,442,27,311,104,0
Catoosa,BLACKSTOCK,Democratic Party Question 4 <br>Should Georgia reduce sales taxes on Made in Georgia products so as to support the growth of small businesses in our state?,,DEM,YES,33,2,22,9,0
Catoosa,BOYNTON,Democratic Party Question 4 <br>Should Georgia reduce sales taxes on Made in Georgia products so as to support the growth of small businesses in our state?,,DEM,YES,51,0,43,8,0
Catoosa,CATOOSA KEITH,Democratic Party Question 4 <br>Should Georgia reduce sales taxes on Made in Georgia products so as to support the growth of small businesses in our state?,,DEM,YES,25,0,18,7,0
Catoosa,CHAMBERS,Democratic Party Question 4 <br>Should Georgia reduce sales taxes on Made in Georgia products so as to support the growth of small businesses in our state?,,DEM,YES,37,2,29,6,0
Catoosa,DUNCAN PARK,Democratic Party Question 4 <br>Should Georgia reduce sales taxes on Made in Georgia products so as to support the growth of small businesses in our state?,,DEM,YES,22,1,15,6,0
Catoosa,FORT OGLETHORPE,Democratic Party Question 4 <br>Should Georgia reduce sales taxes on Made in Georgia products so as to support the growth of small businesses in our state?,,DEM,YES,32,6,20,6,0
Catoosa,GRAYSVILLE,Democratic Party Question 4 <br>Should Georgia reduce sales taxes on Made in Georgia products so as to support the growth of small businesses in our state?,,DEM,YES,43,3,34,6,0
Catoosa,LAKEVIEW,Democratic Party Question 4 <br>Should Georgia reduce sales taxes on Made in Georgia products so as to support the growth of small businesses in our state?,,DEM,YES,37,5,26,6,0
Catoosa,POPLAR SPRINGS,Democratic Party Question 4 <br>Should Georgia reduce sales taxes on Made in Georgia products so as to support the growth of small businesses in our state?,,DEM,YES,35,3,22,10,0
Catoosa,RINGGOLD,Democratic Party Question 4 <br>Should Georgia reduce sales taxes on Made in Georgia products so as to support the growth of small businesses in our state?,,DEM,YES,73,5,43,25,0
Catoosa,WESTSIDE,Democratic Party Question 4 <br>Should Georgia reduce sales taxes on Made in Georgia products so as to support the growth of small businesses in our state?,,DEM,YES,25,0,18,7,0
Catoosa,WOODSTATION,Democratic Party Question 4 <br>Should Georgia reduce sales taxes on Made in Georgia products so as to support the growth of small businesses in our state?,,DEM,YES,29,0,21,8,0
Catoosa,,Democratic Party Question 4 <br>Should Georgia reduce sales taxes on Made in Georgia products so as to support the growth of small businesses in our state?,,DEM,NO,61,0,46,15,0
Catoosa,BLACKSTOCK,Democratic Party Question 4 <br>Should Georgia reduce sales taxes on Made in Georgia products so as to support the growth of small businesses in our state?,,DEM,NO,3,0,3,0,0
Catoosa,BOYNTON,Democratic Party Question 4 <br>Should Georgia reduce sales taxes on Made in Georgia products so as to support the growth of small businesses in our state?,,DEM,NO,7,0,6,1,0
Catoosa,CATOOSA KEITH,Democratic Party Question 4 <br>Should Georgia reduce sales taxes on Made in Georgia products so as to support the growth of small businesses in our state?,,DEM,NO,7,0,4,3,0
Catoosa,CHAMBERS,Democratic Party Question 4 <br>Should Georgia reduce sales taxes on Made in Georgia products so as to support the growth of small businesses in our state?,,DEM,NO,5,0,3,2,0
Catoosa,DUNCAN PARK,Democratic Party Question 4 <br>Should Georgia reduce sales taxes on Made in Georgia products so as to support the growth of small businesses in our state?,,DEM,NO,3,0,3,0,0
Catoosa,FORT OGLETHORPE,Democratic Party Question 4 <br>Should Georgia reduce sales taxes on Made in Georgia products so as to support the growth of small businesses in our state?,,DEM,NO,3,0,2,1,0
Catoosa,GRAYSVILLE,Democratic Party Question 4 <br>Should Georgia reduce sales taxes on Made in Georgia products so as to support the growth of small businesses in our state?,,DEM,NO,8,0,6,2,0
Catoosa,LAKEVIEW,Democratic Party Question 4 <br>Should Georgia reduce sales taxes on Made in Georgia products so as to support the growth of small businesses in our state?,,DEM,NO,5,0,5,0,0
Catoosa,POPLAR SPRINGS,Democratic Party Question 4 <br>Should Georgia reduce sales taxes on Made in Georgia products so as to support the growth of small businesses in our state?,,DEM,NO,2,0,2,0,0
Catoosa,RINGGOLD,Democratic Party Question 4 <br>Should Georgia reduce sales taxes on Made in Georgia products so as to support the growth of small businesses in our state?,,DEM,NO,14,0,9,5,0
Catoosa,WESTSIDE,Democratic Party Question 4 <br>Should Georgia reduce sales taxes on Made in Georgia products so as to support the growth of small businesses in our state?,,DEM,NO,2,0,1,1,0
Catoosa,WOODSTATION,Democratic Party Question 4 <br>Should Georgia reduce sales taxes on Made in Georgia products so as to support the growth of small businesses in our state?,,DEM,NO,2,0,2,0,0
Catoosa,,Supreme Court Justice, Hunstein,I,CAROL W. HUNSTEIN,7303,143,4725,2435,0
Catoosa,BLACKSTOCK,Supreme Court Justice, Hunstein,I,CAROL W. HUNSTEIN,293,4,216,73,0
Catoosa,BOYNTON,Supreme Court Justice, Hunstein,I,CAROL W. HUNSTEIN,1051,6,713,332,0
Catoosa,CATOOSA KEITH,Supreme Court Justice, Hunstein,I,CAROL W. HUNSTEIN,428,4,298,126,0
Catoosa,CHAMBERS,Supreme Court Justice, Hunstein,I,CAROL W. HUNSTEIN,553,5,382,166,0
Catoosa,DUNCAN PARK,Supreme Court Justice, Hunstein,I,CAROL W. HUNSTEIN,252,11,153,88,0
Catoosa,FORT OGLETHORPE,Supreme Court Justice, Hunstein,I,CAROL W. HUNSTEIN,662,16,475,171,0
Catoosa,GRAYSVILLE,Supreme Court Justice, Hunstein,I,CAROL W. HUNSTEIN,653,13,475,165,0
Catoosa,LAKEVIEW,Supreme Court Justice, Hunstein,I,CAROL W. HUNSTEIN,472,36,316,120,0
Catoosa,POPLAR SPRINGS,Supreme Court Justice, Hunstein,I,CAROL W. HUNSTEIN,713,10,443,260,0
Catoosa,RINGGOLD,Supreme Court Justice, Hunstein,I,CAROL W. HUNSTEIN,1290,23,616,651,0
Catoosa,WESTSIDE,Supreme Court Justice, Hunstein,I,CAROL W. HUNSTEIN,407,7,242,158,0
Catoosa,WOODSTATION,Supreme Court Justice, Hunstein,I,CAROL W. HUNSTEIN,529,8,396,125,0
Catoosa,,Supreme Court Justice, Hunstein,,Write-in,57,1,42,14,0
Catoosa,BLACKSTOCK,Supreme Court Justice, Hunstein,,Write-in,4,0,3,1,0
Catoosa,BOYNTON,Supreme Court Justice, Hunstein,,Write-in,5,0,5,0,0
Catoosa,CATOOSA KEITH,Supreme Court Justice, Hunstein,,Write-in,4,0,3,1,0
Catoosa,CHAMBERS,Supreme Court Justice, Hunstein,,Write-in,6,0,5,1,0
Catoosa,DUNCAN PARK,Supreme Court Justice, Hunstein,,Write-in,1,0,1,0,0
Catoosa,FORT OGLETHORPE,Supreme Court Justice, Hunstein,,Write-in,4,0,3,1,0
Catoosa,GRAYSVILLE,Supreme Court Justice, Hunstein,,Write-in,3,0,3,0,0
Catoosa,LAKEVIEW,Supreme Court Justice, Hunstein,,Write-in,2,0,2,0,0
Catoosa,POPLAR SPRINGS,Supreme Court Justice, Hunstein,,Write-in,9,0,4,5,0
Catoosa,RINGGOLD,Supreme Court Justice, Hunstein,,Write-in,12,1,6,5,0
Catoosa,WESTSIDE,Supreme Court Justice, Hunstein,,Write-in,0,0,0,0,0
Catoosa,WOODSTATION,Supreme Court Justice, Hunstein,,Write-in,7,0,7,0,0
Catoosa,,Supreme Court Justice, Melton,,HAROLD D. MELTON ,7229,141,4685,2403,0
Catoosa,BLACKSTOCK,Supreme Court Justice, Melton,,HAROLD D. MELTON ,291,3,215,73,0
Catoosa,BOYNTON,Supreme Court Justice, Melton,,HAROLD D. MELTON ,1047,5,712,330,0
Catoosa,CATOOSA KEITH,Supreme Court Justice, Melton,,HAROLD D. MELTON ,427,4,294,129,0
Catoosa,CHAMBERS,Supreme Court Justice, Melton,,HAROLD D. MELTON ,546,5,382,159,0
Catoosa,DUNCAN PARK,Supreme Court Justice, Melton,,HAROLD D. MELTON ,255,11,154,90,0
Catoosa,FORT OGLETHORPE,Supreme Court Justice, Melton,,HAROLD D. MELTON ,645,16,457,172,0
Catoosa,GRAYSVILLE,Supreme Court Justice, Melton,,HAROLD D. MELTON ,640,14,467,159,0
Catoosa,LAKEVIEW,Supreme Court Justice, Melton,,HAROLD D. MELTON ,467,35,316,116,0
Catoosa,POPLAR SPRINGS,Supreme Court Justice, Melton,,HAROLD D. MELTON ,711,10,436,265,0
Catoosa,RINGGOLD,Supreme Court Justice, Melton,,HAROLD D. MELTON ,1258,23,604,631,0
Catoosa,WESTSIDE,Supreme Court Justice, Melton,,HAROLD D. MELTON ,413,7,247,159,0
Catoosa,WOODSTATION,Supreme Court Justice, Melton,,HAROLD D. MELTON ,529,8,401,120,0
Catoosa,,Supreme Court Justice, Melton,,Write-in,27,2,18,7,0
Catoosa,BLACKSTOCK,Supreme Court Justice, Melton,,Write-in,1,0,1,0,0
Catoosa,BOYNTON,Supreme Court Justice, Melton,,Write-in,4,1,3,0,0
Catoosa,CATOOSA KEITH,Supreme Court Justice, Melton,,Write-in,1,0,1,0,0
Catoosa,CHAMBERS,Supreme Court Justice, Melton,,Write-in,1,0,1,0,0
Catoosa,DUNCAN PARK,Supreme Court Justice, Melton,,Write-in,0,0,0,0,0
Catoosa,FORT OGLETHORPE,Supreme Court Justice, Melton,,Write-in,4,0,3,1,0
Catoosa,GRAYSVILLE,Supreme Court Justice, Melton,,Write-in,1,0,1,0,0
Catoosa,LAKEVIEW,Supreme Court Justice, Melton,,Write-in,0,0,0,0,0
Catoosa,POPLAR SPRINGS,Supreme Court Justice, Melton,,Write-in,6,0,3,3,0
Catoosa,RINGGOLD,Supreme Court Justice, Melton,,Write-in,7,1,3,3,0
Catoosa,WESTSIDE,Supreme Court Justice, Melton,,Write-in,0,0,0,0,0
Catoosa,WOODSTATION,Supreme Court Justice, Melton,,Write-in,2,0,2,0,0
Catoosa,,Supreme Court Justice, Thompson,,HUGH P. THOMPSON ,7193,141,4664,2388,0
Catoosa,BLACKSTOCK,Supreme Court Justice, Thompson,,HUGH P. THOMPSON ,284,3,209,72,0
Catoosa,BOYNTON,Supreme Court Justice, Thompson,,HUGH P. THOMPSON ,1044,7,707,330,0
Catoosa,CATOOSA KEITH,Supreme Court Justice, Thompson,,HUGH P. THOMPSON ,429,4,297,128,0
Catoosa,CHAMBERS,Supreme Court Justice, Thompson,,HUGH P. THOMPSON ,540,5,378,157,0
Catoosa,DUNCAN PARK,Supreme Court Justice, Thompson,,HUGH P. THOMPSON ,255,11,156,88,0
Catoosa,FORT OGLETHORPE,Supreme Court Justice, Thompson,,HUGH P. THOMPSON ,639,16,454,169,0
Catoosa,GRAYSVILLE,Supreme Court Justice, Thompson,,HUGH P. THOMPSON ,632,14,460,158,0
Catoosa,LAKEVIEW,Supreme Court Justice, Thompson,,HUGH P. THOMPSON ,462,34,312,116,0
Catoosa,POPLAR SPRINGS,Supreme Court Justice, Thompson,,HUGH P. THOMPSON ,708,9,437,262,0
Catoosa,RINGGOLD,Supreme Court Justice, Thompson,,HUGH P. THOMPSON ,1258,22,607,629,0
Catoosa,WESTSIDE,Supreme Court Justice, Thompson,,HUGH P. THOMPSON ,415,8,249,158,0
Catoosa,WOODSTATION,Supreme Court Justice, Thompson,,HUGH P. THOMPSON ,527,8,398,121,0
Catoosa,,Supreme Court Justice, Thompson,,Write-in,23,2,15,6,0
Catoosa,BLACKSTOCK,Supreme Court Justice, Thompson,,Write-in,2,0,2,0,0
Catoosa,BOYNTON,Supreme Court Justice, Thompson,,Write-in,2,0,2,0,0
Catoosa,CATOOSA KEITH,Supreme Court Justice, Thompson,,Write-in,0,0,0,0,0
Catoosa,CHAMBERS,Supreme Court Justice, Thompson,,Write-in,2,0,2,0,0
Catoosa,DUNCAN PARK,Supreme Court Justice, Thompson,,Write-in,0,0,0,0,0
Catoosa,FORT OGLETHORPE,Supreme Court Justice, Thompson,,Write-in,2,0,2,0,0
Catoosa,GRAYSVILLE,Supreme Court Justice, Thompson,,Write-in,0,0,0,0,0
Catoosa,LAKEVIEW,Supreme Court Justice, Thompson,,Write-in,0,0,0,0,0
Catoosa,POPLAR SPRINGS,Supreme Court Justice, Thompson,,Write-in,6,1,2,3,0
Catoosa,RINGGOLD,Supreme Court Justice, Thompson,,Write-in,7,1,3,3,0
Catoosa,WESTSIDE,Supreme Court Justice, Thompson,,Write-in,0,0,0,0,0
Catoosa,WOODSTATION,Supreme Court Justice, Thompson,,Write-in,2,0,2,0,0
Catoosa,,Appeals Court Judge, Boggs,,MICHAEL P. BOGGS ,7111,138,4614,2359,0
Catoosa,BLACKSTOCK,Appeals Court Judge, Boggs,,MICHAEL P. BOGGS ,281,3,209,69,0
Catoosa,BOYNTON,Appeals Court Judge, Boggs,,MICHAEL P. BOGGS ,1028,7,694,327,0
Catoosa,CATOOSA KEITH,Appeals Court Judge, Boggs,,MICHAEL P. BOGGS ,417,4,289,124,0
Catoosa,CHAMBERS,Appeals Court Judge, Boggs,,MICHAEL P. BOGGS ,540,5,378,157,0
Catoosa,DUNCAN PARK,Appeals Court Judge, Boggs,,MICHAEL P. BOGGS ,245,10,149,86,0
Catoosa,FORT OGLETHORPE,Appeals Court Judge, Boggs,,MICHAEL P. BOGGS ,633,15,452,166,0
Catoosa,GRAYSVILLE,Appeals Court Judge, Boggs,,MICHAEL P. BOGGS ,631,13,458,160,0
Catoosa,LAKEVIEW,Appeals Court Judge, Boggs,,MICHAEL P. BOGGS ,461,34,314,113,0
Catoosa,POPLAR SPRINGS,Appeals Court Judge, Boggs,,MICHAEL P. BOGGS ,705,9,432,264,0
Catoosa,RINGGOLD,Appeals Court Judge, Boggs,,MICHAEL P. BOGGS ,1240,22,600,618,0
Catoosa,WESTSIDE,Appeals Court Judge, Boggs,,MICHAEL P. BOGGS ,401,8,240,153,0
Catoosa,WOODSTATION,Appeals Court Judge, Boggs,,MICHAEL P. BOGGS ,529,8,399,122,0
Catoosa,,Appeals Court Judge, Boggs,,Write-in,16,1,11,4,0
Catoosa,BLACKSTOCK,Appeals Court Judge, Boggs,,Write-in,0,0,0,0,0
Catoosa,BOYNTON,Appeals Court Judge, Boggs,,Write-in,2,0,2,0,0
Catoosa,CATOOSA KEITH,Appeals Court Judge, Boggs,,Write-in,0,0,0,0,0
Catoosa,CHAMBERS,Appeals Court Judge, Boggs,,Write-in,1,0,1,0,0
Catoosa,DUNCAN PARK,Appeals Court Judge, Boggs,,Write-in,0,0,0,0,0
Catoosa,FORT OGLETHORPE,Appeals Court Judge, Boggs,,Write-in,1,0,1,0,0
Catoosa,GRAYSVILLE,Appeals Court Judge, Boggs,,Write-in,0,0,0,0,0
Catoosa,LAKEVIEW,Appeals Court Judge, Boggs,,Write-in,0,0,0,0,0
Catoosa,POPLAR SPRINGS,Appeals Court Judge, Boggs,,Write-in,5,0,3,2,0
Catoosa,RINGGOLD,Appeals Court Judge, Boggs,,Write-in,6,1,3,2,0
Catoosa,WESTSIDE,Appeals Court Judge, Boggs,,Write-in,0,0,0,0,0
Catoosa,WOODSTATION,Appeals Court Judge, Boggs,,Write-in,1,0,1,0,0
Catoosa,,Appeals Court Judge, Dillard,,STEPHEN DILLARD ,7103,139,4606,2358,0
Catoosa,BLACKSTOCK,Appeals Court Judge, Dillard,,STEPHEN DILLARD ,281,3,210,68,0
Catoosa,BOYNTON,Appeals Court Judge, Dillard,,STEPHEN DILLARD ,1026,7,693,326,0
Catoosa,CATOOSA KEITH,Appeals Court Judge, Dillard,,STEPHEN DILLARD ,417,4,289,124,0
Catoosa,CHAMBERS,Appeals Court Judge, Dillard,,STEPHEN DILLARD ,537,5,375,157,0
Catoosa,DUNCAN PARK,Appeals Court Judge, Dillard,,STEPHEN DILLARD ,246,10,149,87,0
Catoosa,FORT OGLETHORPE,Appeals Court Judge, Dillard,,STEPHEN DILLARD ,635,15,452,168,0
Catoosa,GRAYSVILLE,Appeals Court Judge, Dillard,,STEPHEN DILLARD ,632,13,461,158,0
Catoosa,LAKEVIEW,Appeals Court Judge, Dillard,,STEPHEN DILLARD ,462,34,312,116,0
Catoosa,POPLAR SPRINGS,Appeals Court Judge, Dillard,,STEPHEN DILLARD ,698,10,429,259,0
Catoosa,RINGGOLD,Appeals Court Judge, Dillard,,STEPHEN DILLARD ,1242,22,599,621,0
Catoosa,WESTSIDE,Appeals Court Judge, Dillard,,STEPHEN DILLARD ,399,8,239,152,0
Catoosa,WOODSTATION,Appeals Court Judge, Dillard,,STEPHEN DILLARD ,528,8,398,122,0
Catoosa,,Appeals Court Judge, Dillard,,Write-in,13,1,10,2,0
Catoosa,BLACKSTOCK,Appeals Court Judge, Dillard,,Write-in,0,0,0,0,0
Catoosa,BOYNTON,Appeals Court Judge, Dillard,,Write-in,2,0,2,0,0
Catoosa,CATOOSA KEITH,Appeals Court Judge, Dillard,,Write-in,0,0,0,0,0
Catoosa,CHAMBERS,Appeals Court Judge, Dillard,,Write-in,1,0,1,0,0
Catoosa,DUNCAN PARK,Appeals Court Judge, Dillard,,Write-in,0,0,0,0,0
Catoosa,FORT OGLETHORPE,Appeals Court Judge, Dillard,,Write-in,1,0,1,0,0
Catoosa,GRAYSVILLE,Appeals Court Judge, Dillard,,Write-in,0,0,0,0,0
Catoosa,LAKEVIEW,Appeals Court Judge, Dillard,,Write-in,0,0,0,0,0
Catoosa,POPLAR SPRINGS,Appeals Court Judge, Dillard,,Write-in,4,0,3,1,0
Catoosa,RINGGOLD,Appeals Court Judge, Dillard,,Write-in,5,1,3,1,0
Catoosa,WESTSIDE,Appeals Court Judge, Dillard,,Write-in,0,0,0,0,0
Catoosa,WOODSTATION,Appeals Court Judge, Dillard,,Write-in,0,0,0,0,0
Catoosa,,Appeals Court Judge, Ellington,I,JOHN J. ELLINGTON,7111,140,4608,2363,0
Catoosa,BLACKSTOCK,Appeals Court Judge, Ellington,I,JOHN J. ELLINGTON,283,3,209,71,0
Catoosa,BOYNTON,Appeals Court Judge, Ellington,I,JOHN J. ELLINGTON,1024,7,692,325,0
Catoosa,CATOOSA KEITH,Appeals Court Judge, Ellington,I,JOHN J. ELLINGTON,415,4,287,124,0
Catoosa,CHAMBERS,Appeals Court Judge, Ellington,I,JOHN J. ELLINGTON,540,5,377,158,0
Catoosa,DUNCAN PARK,Appeals Court Judge, Ellington,I,JOHN J. ELLINGTON,246,10,148,88,0
Catoosa,FORT OGLETHORPE,Appeals Court Judge, Ellington,I,JOHN J. ELLINGTON,635,16,451,168,0
Catoosa,GRAYSVILLE,Appeals Court Judge, Ellington,I,JOHN J. ELLINGTON,631,13,460,158,0
Catoosa,LAKEVIEW,Appeals Court Judge, Ellington,I,JOHN J. ELLINGTON,462,34,315,113,0
Catoosa,POPLAR SPRINGS,Appeals Court Judge, Ellington,I,JOHN J. ELLINGTON,704,10,432,262,0
Catoosa,RINGGOLD,Appeals Court Judge, Ellington,I,JOHN J. ELLINGTON,1248,22,604,622,0
Catoosa,WESTSIDE,Appeals Court Judge, Ellington,I,JOHN J. ELLINGTON,394,8,234,152,0
Catoosa,WOODSTATION,Appeals Court Judge, Ellington,I,JOHN J. ELLINGTON,529,8,399,122,0
Catoosa,,Appeals Court Judge, Ellington,,Write-in,15,1,11,3,0
Catoosa,BLACKSTOCK,Appeals Court Judge, Ellington,,Write-in,0,0,0,0,0
Catoosa,BOYNTON,Appeals Court Judge, Ellington,,Write-in,2,0,2,0,0
Catoosa,CATOOSA KEITH,Appeals Court Judge, Ellington,,Write-in,0,0,0,0,0
Catoosa,CHAMBERS,Appeals Court Judge, Ellington,,Write-in,1,0,1,0,0
Catoosa,DUNCAN PARK,Appeals Court Judge, Ellington,,Write-in,0,0,0,0,0
Catoosa,FORT OGLETHORPE,Appeals Court Judge, Ellington,,Write-in,2,0,2,0,0
Catoosa,GRAYSVILLE,Appeals Court Judge, Ellington,,Write-in,0,0,0,0,0
Catoosa,LAKEVIEW,Appeals Court Judge, Ellington,,Write-in,0,0,0,0,0
Catoosa,POPLAR SPRINGS,Appeals Court Judge, Ellington,,Write-in,4,0,3,1,0
Catoosa,RINGGOLD,Appeals Court Judge, Ellington,,Write-in,6,1,3,2,0
Catoosa,WESTSIDE,Appeals Court Judge, Ellington,,Write-in,0,0,0,0,0
Catoosa,WOODSTATION,Appeals Court Judge, Ellington,,Write-in,0,0,0,0,0
Catoosa,,Appeals Court Judge, Miller,,M. YVETTE MILLER ,7039,141,4575,2323,0
Catoosa,BLACKSTOCK,Appeals Court Judge, Miller,,M. YVETTE MILLER ,280,3,210,67,0
Catoosa,BOYNTON,Appeals Court Judge, Miller,,M. YVETTE MILLER ,1018,7,690,321,0
Catoosa,CATOOSA KEITH,Appeals Court Judge, Miller,,M. YVETTE MILLER ,408,4,284,120,0
Catoosa,CHAMBERS,Appeals Court Judge, Miller,,M. YVETTE MILLER ,533,5,376,152,0
Catoosa,DUNCAN PARK,Appeals Court Judge, Miller,,M. YVETTE MILLER ,244,10,148,86,0
Catoosa,FORT OGLETHORPE,Appeals Court Judge, Miller,,M. YVETTE MILLER ,623,16,446,161,0
Catoosa,GRAYSVILLE,Appeals Court Judge, Miller,,M. YVETTE MILLER ,624,13,458,153,0
Catoosa,LAKEVIEW,Appeals Court Judge, Miller,,M. YVETTE MILLER ,456,34,308,114,0
Catoosa,POPLAR SPRINGS,Appeals Court Judge, Miller,,M. YVETTE MILLER ,699,9,427,263,0
Catoosa,RINGGOLD,Appeals Court Judge, Miller,,M. YVETTE MILLER ,1241,24,605,612,0
Catoosa,WESTSIDE,Appeals Court Judge, Miller,,M. YVETTE MILLER ,395,8,235,152,0
Catoosa,WOODSTATION,Appeals Court Judge, Miller,,M. YVETTE MILLER ,518,8,388,122,0
Catoosa,,Appeals Court Judge, Miller,,Write-in,18,0,14,4,0
Catoosa,BLACKSTOCK,Appeals Court Judge, Miller,,Write-in,2,0,1,1,0
Catoosa,BOYNTON,Appeals Court Judge, Miller,,Write-in,3,0,3,0,0
Catoosa,CATOOSA KEITH,Appeals Court Judge, Miller,,Write-in,0,0,0,0,0
Catoosa,CHAMBERS,Appeals Court Judge, Miller,,Write-in,1,0,1,0,0
Catoosa,DUNCAN PARK,Appeals Court Judge, Miller,,Write-in,0,0,0,0,0
Catoosa,FORT OGLETHORPE,Appeals Court Judge, Miller,,Write-in,1,0,1,0,0
Catoosa,GRAYSVILLE,Appeals Court Judge, Miller,,Write-in,0,0,0,0,0
Catoosa,LAKEVIEW,Appeals Court Judge, Miller,,Write-in,1,0,1,0,0
Catoosa,POPLAR SPRINGS,Appeals Court Judge, Miller,,Write-in,4,0,3,1,0
Catoosa,RINGGOLD,Appeals Court Judge, Miller,,Write-in,5,0,3,2,0
Catoosa,WESTSIDE,Appeals Court Judge, Miller,,Write-in,0,0,0,0,0
Catoosa,WOODSTATION,Appeals Court Judge, Miller,,Write-in,1,0,1,0,0
Catoosa,,Appeals Court Judge, Phipps,,HERBERT PHIPPS ,7051,138,4587,2326,0
Catoosa,BLACKSTOCK,Appeals Court Judge, Phipps,,HERBERT PHIPPS ,282,3,210,69,0
Catoosa,BOYNTON,Appeals Court Judge, Phipps,,HERBERT PHIPPS ,1022,7,693,322,0
Catoosa,CATOOSA KEITH,Appeals Court Judge, Phipps,,HERBERT PHIPPS ,411,4,286,121,0
Catoosa,CHAMBERS,Appeals Court Judge, Phipps,,HERBERT PHIPPS ,531,5,373,153,0
Catoosa,DUNCAN PARK,Appeals Court Judge, Phipps,,HERBERT PHIPPS ,247,10,152,85,0
Catoosa,FORT OGLETHORPE,Appeals Court Judge, Phipps,,HERBERT PHIPPS ,625,15,450,160,0
Catoosa,GRAYSVILLE,Appeals Court Judge, Phipps,,HERBERT PHIPPS ,625,12,459,154,0
Catoosa,LAKEVIEW,Appeals Court Judge, Phipps,,HERBERT PHIPPS ,459,33,312,114,0
Catoosa,POPLAR SPRINGS,Appeals Court Judge, Phipps,,HERBERT PHIPPS ,696,10,426,260,0
Catoosa,RINGGOLD,Appeals Court Judge, Phipps,,HERBERT PHIPPS ,1236,23,600,613,0
Catoosa,WESTSIDE,Appeals Court Judge, Phipps,,HERBERT PHIPPS ,394,8,233,153,0
Catoosa,WOODSTATION,Appeals Court Judge, Phipps,,HERBERT PHIPPS ,523,8,393,122,0
Catoosa,,Appeals Court Judge, Phipps,,Write-in,16,1,11,4,0
Catoosa,BLACKSTOCK,Appeals Court Judge, Phipps,,Write-in,1,0,1,0,0
Catoosa,BOYNTON,Appeals Court Judge, Phipps,,Write-in,2,0,2,0,0
Catoosa,CATOOSA KEITH,Appeals Court Judge, Phipps,,Write-in,0,0,0,0,0
Catoosa,CHAMBERS,Appeals Court Judge, Phipps,,Write-in,1,0,1,0,0
Catoosa,DUNCAN PARK,Appeals Court Judge, Phipps,,Write-in,0,0,0,0,0
Catoosa,FORT OGLETHORPE,Appeals Court Judge, Phipps,,Write-in,2,1,1,0,0
Catoosa,GRAYSVILLE,Appeals Court Judge, Phipps,,Write-in,0,0,0,0,0
Catoosa,LAKEVIEW,Appeals Court Judge, Phipps,,Write-in,0,0,0,0,0
Catoosa,POPLAR SPRINGS,Appeals Court Judge, Phipps,,Write-in,4,0,3,1,0
Catoosa,RINGGOLD,Appeals Court Judge, Phipps,,Write-in,5,0,3,2,0
Catoosa,WESTSIDE,Appeals Court Judge, Phipps,,Write-in,0,0,0,0,0
Catoosa,WOODSTATION,Appeals Court Judge, Phipps,,Write-in,1,0,0,1,0
Catoosa,,Superior Court Judge, Lookout Mountain Circuit (Connelly),,KRISTINA GRAHAM ,7048,139,4590,2319,0
Catoosa,BLACKSTOCK,Superior Court Judge, Lookout Mountain Circuit (Connelly),,KRISTINA GRAHAM ,284,4,214,66,0
Catoosa,BOYNTON,Superior Court Judge, Lookout Mountain Circuit (Connelly),,KRISTINA GRAHAM ,1016,7,691,318,0
Catoosa,CATOOSA KEITH,Superior Court Judge, Lookout Mountain Circuit (Connelly),,KRISTINA GRAHAM ,411,4,285,122,0
Catoosa,CHAMBERS,Superior Court Judge, Lookout Mountain Circuit (Connelly),,KRISTINA GRAHAM ,538,7,377,154,0
Catoosa,DUNCAN PARK,Superior Court Judge, Lookout Mountain Circuit (Connelly),,KRISTINA GRAHAM ,246,9,148,89,0
Catoosa,FORT OGLETHORPE,Superior Court Judge, Lookout Mountain Circuit (Connelly),,KRISTINA GRAHAM ,627,15,450,162,0
Catoosa,GRAYSVILLE,Superior Court Judge, Lookout Mountain Circuit (Connelly),,KRISTINA GRAHAM ,624,12,459,153,0
Catoosa,LAKEVIEW,Superior Court Judge, Lookout Mountain Circuit (Connelly),,KRISTINA GRAHAM ,457,34,306,117,0
Catoosa,POPLAR SPRINGS,Superior Court Judge, Lookout Mountain Circuit (Connelly),,KRISTINA GRAHAM ,692,10,427,255,0
Catoosa,RINGGOLD,Superior Court Judge, Lookout Mountain Circuit (Connelly),,KRISTINA GRAHAM ,1232,23,601,608,0
Catoosa,WESTSIDE,Superior Court Judge, Lookout Mountain Circuit (Connelly),,KRISTINA GRAHAM ,401,6,242,153,0
Catoosa,WOODSTATION,Superior Court Judge, Lookout Mountain Circuit (Connelly),,KRISTINA GRAHAM ,520,8,390,122,0
Catoosa,,Superior Court Judge, Lookout Mountain Circuit (Connelly),,Write-in,55,3,25,27,0
Catoosa,BLACKSTOCK,Superior Court Judge, Lookout Mountain Circuit (Connelly),,Write-in,3,0,2,1,0
Catoosa,BOYNTON,Superior Court Judge, Lookout Mountain Circuit (Connelly),,Write-in,10,0,4,6,0
Catoosa,CATOOSA KEITH,Superior Court Judge, Lookout Mountain Circuit (Connelly),,Write-in,7,1,4,2,0
Catoosa,CHAMBERS,Superior Court Judge, Lookout Mountain Circuit (Connelly),,Write-in,2,0,0,2,0
Catoosa,DUNCAN PARK,Superior Court Judge, Lookout Mountain Circuit (Connelly),,Write-in,3,1,0,2,0
Catoosa,FORT OGLETHORPE,Superior Court Judge, Lookout Mountain Circuit (Connelly),,Write-in,6,0,2,4,0
Catoosa,GRAYSVILLE,Superior Court Judge, Lookout Mountain Circuit (Connelly),,Write-in,2,0,1,1,0
Catoosa,LAKEVIEW,Superior Court Judge, Lookout Mountain Circuit (Connelly),,Write-in,0,0,0,0,0
Catoosa,POPLAR SPRINGS,Superior Court Judge, Lookout Mountain Circuit (Connelly),,Write-in,6,0,4,2,0
Catoosa,RINGGOLD,Superior Court Judge, Lookout Mountain Circuit (Connelly),,Write-in,11,1,6,4,0
Catoosa,WESTSIDE,Superior Court Judge, Lookout Mountain Circuit (Connelly),,Write-in,4,0,1,3,0
Catoosa,WOODSTATION,Superior Court Judge, Lookout Mountain Circuit (Connelly),,Write-in,1,0,1,0,0
Catoosa,,Superior Court Judge, Lookout Mountain Circuit (House),,BRIAN HOUSE ,6894,133,4473,2288,0
Catoosa,BLACKSTOCK,Superior Court Judge, Lookout Mountain Circuit (House),,BRIAN HOUSE ,268,3,201,64,0
Catoosa,BOYNTON,Superior Court Judge, Lookout Mountain Circuit (House),,BRIAN HOUSE ,1008,6,680,322,0
Catoosa,CATOOSA KEITH,Superior Court Judge, Lookout Mountain Circuit (House),,BRIAN HOUSE ,390,6,270,114,0
Catoosa,CHAMBERS,Superior Court Judge, Lookout Mountain Circuit (House),,BRIAN HOUSE ,522,5,362,155,0
Catoosa,DUNCAN PARK,Superior Court Judge, Lookout Mountain Circuit (House),,BRIAN HOUSE ,241,10,144,87,0
Catoosa,FORT OGLETHORPE,Superior Court Judge, Lookout Mountain Circuit (House),,BRIAN HOUSE ,615,13,442,160,0
Catoosa,GRAYSVILLE,Superior Court Judge, Lookout Mountain Circuit (House),,BRIAN HOUSE ,607,10,443,154,0
Catoosa,LAKEVIEW,Superior Court Judge, Lookout Mountain Circuit (House),,BRIAN HOUSE ,435,32,296,107,0
Catoosa,POPLAR SPRINGS,Superior Court Judge, Lookout Mountain Circuit (House),,BRIAN HOUSE ,690,10,417,263,0
Catoosa,RINGGOLD,Superior Court Judge, Lookout Mountain Circuit (House),,BRIAN HOUSE ,1201,22,585,594,0
Catoosa,WESTSIDE,Superior Court Judge, Lookout Mountain Circuit (House),,BRIAN HOUSE ,400,6,242,152,0
Catoosa,WOODSTATION,Superior Court Judge, Lookout Mountain Circuit (House),,BRIAN HOUSE ,517,10,391,116,0
Catoosa,,Superior Court Judge, Lookout Mountain Circuit (House),,Write-in,208,4,139,65,0
Catoosa,BLACKSTOCK,Superior Court Judge, Lookout Mountain Circuit (House),,Write-in,12,0,9,3,0
Catoosa,BOYNTON,Superior Court Judge, Lookout Mountain Circuit (House),,Write-in,38,1,25,12,0
Catoosa,CATOOSA KEITH,Superior Court Judge, Lookout Mountain Circuit (House),,Write-in,19,0,10,9,0
Catoosa,CHAMBERS,Superior Court Judge, Lookout Mountain Circuit (House),,Write-in,21,0,18,3,0
Catoosa,DUNCAN PARK,Superior Court Judge, Lookout Mountain Circuit (House),,Write-in,3,0,1,2,0
Catoosa,FORT OGLETHORPE,Superior Court Judge, Lookout Mountain Circuit (House),,Write-in,6,0,5,1,0
Catoosa,GRAYSVILLE,Superior Court Judge, Lookout Mountain Circuit (House),,Write-in,21,2,16,3,0
Catoosa,LAKEVIEW,Superior Court Judge, Lookout Mountain Circuit (House),,Write-in,10,0,8,2,0
Catoosa,POPLAR SPRINGS,Superior Court Judge, Lookout Mountain Circuit (House),,Write-in,16,0,11,5,0
Catoosa,RINGGOLD,Superior Court Judge, Lookout Mountain Circuit (House),,Write-in,41,1,20,20,0
Catoosa,WESTSIDE,Superior Court Judge, Lookout Mountain Circuit (House),,Write-in,8,0,7,1,0
Catoosa,WOODSTATION,Superior Court Judge, Lookout Mountain Circuit (House),,Write-in,13,0,9,4,0
Catoosa,,BOE LRG,,I,MELVIN R. EDWARDS,5047,119,3184,1744,0
Catoosa,BLACKSTOCK,BOE LRG,,I,MELVIN R. EDWARDS,202,3,151,48,0
Catoosa,BOYNTON,BOE LRG,,I,MELVIN R. EDWARDS,710,7,468,235,0
Catoosa,CATOOSA KEITH,BOE LRG,,I,MELVIN R. EDWARDS,315,2,219,94,0
Catoosa,CHAMBERS,BOE LRG,,I,MELVIN R. EDWARDS,426,8,285,133,0
Catoosa,DUNCAN PARK,BOE LRG,,I,MELVIN R. EDWARDS,176,10,96,70,0
Catoosa,FORT OGLETHORPE,BOE LRG,,I,MELVIN R. EDWARDS,426,13,303,110,0
Catoosa,GRAYSVILLE,BOE LRG,,I,MELVIN R. EDWARDS,418,8,294,116,0
Catoosa,LAKEVIEW,BOE LRG,,I,MELVIN R. EDWARDS,324,24,204,96,0
Catoosa,POPLAR SPRINGS,BOE LRG,,I,MELVIN R. EDWARDS,480,6,288,186,0
Catoosa,RINGGOLD,BOE LRG,,I,MELVIN R. EDWARDS,924,21,428,475,0
Catoosa,WESTSIDE,BOE LRG,,I,MELVIN R. EDWARDS,261,6,163,92,0
Catoosa,WOODSTATION,BOE LRG,,I,MELVIN R. EDWARDS,385,11,285,89,0
Catoosa,,BOE LRG,,,BRENT WILLIAMS,3451,68,2248,1135,0
Catoosa,BLACKSTOCK,BOE LRG,,,BRENT WILLIAMS,142,1,104,37,0
Catoosa,BOYNTON,BOE LRG,,,BRENT WILLIAMS,519,6,351,162,0
Catoosa,CATOOSA KEITH,BOE LRG,,,BRENT WILLIAMS,202,4,128,70,0
Catoosa,CHAMBERS,BOE LRG,,,BRENT WILLIAMS,241,4,174,63,0
Catoosa,DUNCAN PARK,BOE LRG,,,BRENT WILLIAMS,101,1,73,27,0
Catoosa,FORT OGLETHORPE,BOE LRG,,,BRENT WILLIAMS,308,9,215,84,0
Catoosa,GRAYSVILLE,BOE LRG,,,BRENT WILLIAMS,330,6,244,80,0
Catoosa,LAKEVIEW,BOE LRG,,,BRENT WILLIAMS,207,13,150,44,0
Catoosa,POPLAR SPRINGS,BOE LRG,,,BRENT WILLIAMS,372,6,235,131,0
Catoosa,RINGGOLD,BOE LRG,,,BRENT WILLIAMS,549,11,264,274,0
Catoosa,WESTSIDE,BOE LRG,,,BRENT WILLIAMS,217,7,117,93,0
Catoosa,WOODSTATION,BOE LRG,,,BRENT WILLIAMS,263,0,193,70,0
Catoosa,,BOE LRG,,,Write-in ,13,0,9,4,0
Catoosa,BLACKSTOCK,BOE LRG,,,Write-in ,1,0,0,1,0
Catoosa,BOYNTON,BOE LRG,,,Write-in ,2,0,1,1,0
Catoosa,CATOOSA KEITH,BOE LRG,,,Write-in ,0,0,0,0,0
Catoosa,CHAMBERS,BOE LRG,,,Write-in ,0,0,0,0,0
Catoosa,DUNCAN PARK,BOE LRG,,,Write-in ,0,0,0,0,0
Catoosa,FORT OGLETHORPE,BOE LRG,,,Write-in ,2,0,2,0,0
Catoosa,GRAYSVILLE,BOE LRG,,,Write-in ,1,0,1,0,0
Catoosa,LAKEVIEW,BOE LRG,,,Write-in ,0,0,0,0,0
Catoosa,POPLAR SPRINGS,BOE LRG,,,Write-in ,2,0,1,1,0
Catoosa,RINGGOLD,BOE LRG,,,Write-in ,4,0,3,1,0
Catoosa,WESTSIDE,BOE LRG,,,Write-in ,0,0,0,0,0
Catoosa,WOODSTATION,BOE LRG,,,Write-in ,1,0,1,0,0
Catoosa,,BOE D1,,I,BILLY J. MCDANIEL,1740,63,1212,465,0
Catoosa,CHAMBERS,BOE D1,,I,BILLY J. MCDANIEL,557,10,389,158,0
Catoosa,FORT OGLETHORPE,BOE D1,,I,BILLY J. MCDANIEL,661,15,472,174,0
Catoosa,LAKEVIEW,BOE D1,,I,BILLY J. MCDANIEL,485,36,329,120,0
Catoosa,WOODSTATION,BOE D1,,I,BILLY J. MCDANIEL,37,2,22,13,0
Catoosa,,BOE D1,,,Write-in,12,0,9,3,0
Catoosa,CHAMBERS,BOE D1,,,Write-in,4,0,3,1,0
Catoosa,FORT OGLETHORPE,BOE D1,,,Write-in,5,0,4,1,0
Catoosa,LAKEVIEW,BOE D1,,,Write-in,3,0,2,1,0
Catoosa,WOODSTATION,BOE D1,,,Write-in,0,0,0,0,0
Catoosa,,BOE D3,,,DONALD L. DYCUS ,1935,39,1095,801,0
Catoosa,GRAYSVILLE,BOE D3,,,DONALD L. DYCUS ,637,12,472,153,0
Catoosa,RINGGOLD,BOE D3,,,DONALD L. DYCUS ,1298,27,623,648,0
Catoosa,,BOE D3,,,Write-in,19,1,8,10,0
Catoosa,GRAYSVILLE,BOE D3,,,Write-in,7,0,3,4,0
Catoosa,RINGGOLD,BOE D3,,,Write-in,12,1,5,6,0
Catoosa,,TSPLOST,,,YES,3928,80,2478,1370,0
Catoosa,BLACKSTOCK,TSPLOST,,,YES,140,2,103,35,0
Catoosa,BOYNTON,TSPLOST,,,YES,583,7,372,204,0
Catoosa,CATOOSA KEITH,TSPLOST,,,YES,212,2,150,60,0
Catoosa,CHAMBERS,TSPLOST,,,YES,272,2,193,77,0
Catoosa,DUNCAN PARK,TSPLOST,,,YES,154,5,92,57,0
Catoosa,FORT OGLETHORPE,TSPLOST,,,YES,365,8,251,106,0
Catoosa,GRAYSVILLE,TSPLOST,,,YES,390,4,294,92,0
Catoosa,LAKEVIEW,TSPLOST,,,YES,269,20,170,79,0
Catoosa,POPLAR SPRINGS,TSPLOST,,,YES,381,8,221,152,0
Catoosa,RINGGOLD,TSPLOST,,,YES,708,18,322,368,0
Catoosa,WESTSIDE,TSPLOST,,,YES,228,2,138,88,0
Catoosa,WOODSTATION,TSPLOST,,,YES,226,2,172,52,0
Catoosa,,TSPLOST,,,NO,5203,108,3414,1681,0
Catoosa,BLACKSTOCK,TSPLOST,,,NO,222,2,167,53,0
Catoosa,BOYNTON,TSPLOST,,,NO,725,6,505,214,0
Catoosa,CATOOSA KEITH,TSPLOST,,,NO,331,5,212,114,0
Catoosa,CHAMBERS,TSPLOST,,,NO,440,8,300,132,0
Catoosa,DUNCAN PARK,TSPLOST,,,NO,147,6,92,49,0
Catoosa,FORT OGLETHORPE,TSPLOST,,,NO,443,17,321,105,0
Catoosa,GRAYSVILLE,TSPLOST,,,NO,440,8,314,118,0
Catoosa,LAKEVIEW,TSPLOST,,,NO,308,18,216,74,0
Catoosa,POPLAR SPRINGS,TSPLOST,,,NO,521,7,343,171,0
Catoosa,RINGGOLD,TSPLOST,,,NO,876,14,429,433,0
Catoosa,WESTSIDE,TSPLOST,,,NO,291,9,173,109,0
Catoosa,WOODSTATION,TSPLOST,,,NO,459,8,342,109,0
