county,precinct,office,district,party,candidate,votes,absentee_by_mail,election_day,advance_in_person,provisional
Heard,,"Public Service Commission, District 3",3,REP,CHUCK EATON (I),1100,66,854,178,2
Heard,CENTRALHATCHEE,"Public Service Commission, District 3",3,REP,CHUCK EATON (I),148,5,127,15,1
Heard,COOKSVILLE - CORINTH,"Public Service Commission, District 3",3,REP,CHUCK EATON (I),66,1,60,5,0
Heard,ENON GROVE,"Public Service Commission, District 3",3,REP,CHUCK EATON (I),133,12,97,24,0
Heard,EPHESUS,"Public Service Commission, District 3",3,REP,CHUCK EATON (I),103,2,88,13,0
Heard,FRANKLIN,"Public Service Commission, District 3",3,REP,CHUCK EATON (I),260,29,156,75,0
Heard,GLENLOCH,"Public Service Commission, District 3",3,REP,CHUCK EATON (I),75,1,67,7,0
Heard,ROOSTERVILLE,"Public Service Commission, District 3",3,REP,CHUCK EATON (I),126,1,110,15,0
Heard,SOUTHWEST,"Public Service Commission, District 3",3,REP,CHUCK EATON (I),116,14,86,16,0
Heard,WALNUT HILL,"Public Service Commission, District 3",3,REP,CHUCK EATON (I),73,1,63,8,1
Heard,,"Public Service Commission, District 3",3,REP,MATT REID,689,23,562,104,0
Heard,CENTRALHATCHEE,"Public Service Commission, District 3",3,REP,MATT REID,77,0,67,10,0
Heard,COOKSVILLE - CORINTH,"Public Service Commission, District 3",3,REP,MATT REID,63,1,55,7,0
Heard,ENON GROVE,"Public Service Commission, District 3",3,REP,MATT REID,101,0,87,14,0
Heard,EPHESUS,"Public Service Commission, District 3",3,REP,MATT REID,52,1,49,2,0
Heard,FRANKLIN,"Public Service Commission, District 3",3,REP,MATT REID,158,13,100,45,0
Heard,GLENLOCH,"Public Service Commission, District 3",3,REP,MATT REID,46,0,43,3,0
Heard,ROOSTERVILLE,"Public Service Commission, District 3",3,REP,MATT REID,87,3,78,6,0
Heard,SOUTHWEST,"Public Service Commission, District 3",3,REP,MATT REID,61,4,44,13,0
Heard,WALNUT HILL,"Public Service Commission, District 3",3,REP,MATT REID,44,1,39,4,0
Heard,,"Public Service Commission, District 3",3,DEM,STEPHEN OPPENHEIMER,183,19,143,21,0
Heard,CENTRALHATCHEE,"Public Service Commission, District 3",3,DEM,STEPHEN OPPENHEIMER,15,1,12,2,0
Heard,COOKSVILLE - CORINTH,"Public Service Commission, District 3",3,DEM,STEPHEN OPPENHEIMER,12,1,9,2,0
Heard,ENON GROVE,"Public Service Commission, District 3",3,DEM,STEPHEN OPPENHEIMER,30,3,25,2,0
Heard,EPHESUS,"Public Service Commission, District 3",3,DEM,STEPHEN OPPENHEIMER,8,0,8,0,0
Heard,FRANKLIN,"Public Service Commission, District 3",3,DEM,STEPHEN OPPENHEIMER,62,9,40,13,0
Heard,GLENLOCH,"Public Service Commission, District 3",3,DEM,STEPHEN OPPENHEIMER,5,1,4,0,0
Heard,ROOSTERVILLE,"Public Service Commission, District 3",3,DEM,STEPHEN OPPENHEIMER,13,0,13,0,0
Heard,SOUTHWEST,"Public Service Commission, District 3",3,DEM,STEPHEN OPPENHEIMER,28,3,24,1,0
Heard,WALNUT HILL,"Public Service Commission, District 3",3,DEM,STEPHEN OPPENHEIMER,10,1,8,1,0
Heard,,"Public Service Commission, District 5",5,REP,PAM DAVIDSON,666,29,538,99,0
Heard,CENTRALHATCHEE,"Public Service Commission, District 5",5,REP,PAM DAVIDSON,64,2,55,7,0
Heard,COOKSVILLE - CORINTH,"Public Service Commission, District 5",5,REP,PAM DAVIDSON,68,1,59,8,0
Heard,ENON GROVE,"Public Service Commission, District 5",5,REP,PAM DAVIDSON,90,0,81,9,0
Heard,EPHESUS,"Public Service Commission, District 5",5,REP,PAM DAVIDSON,48,0,47,1,0
Heard,FRANKLIN,"Public Service Commission, District 5",5,REP,PAM DAVIDSON,162,16,98,48,0
Heard,GLENLOCH,"Public Service Commission, District 5",5,REP,PAM DAVIDSON,44,1,40,3,0
Heard,ROOSTERVILLE,"Public Service Commission, District 5",5,REP,PAM DAVIDSON,84,3,76,5,0
Heard,SOUTHWEST,"Public Service Commission, District 5",5,REP,PAM DAVIDSON,68,5,50,13,0
Heard,WALNUT HILL,"Public Service Commission, District 5",5,REP,PAM DAVIDSON,38,1,32,5,0
Heard,,"Public Service Commission, District 5",5,REP,STAN WISE (I),1092,60,853,177,2
Heard,CENTRALHATCHEE,"Public Service Commission, District 5",5,REP,STAN WISE (I),156,3,135,17,1
Heard,COOKSVILLE - CORINTH,"Public Service Commission, District 5",5,REP,STAN WISE (I),60,1,55,4,0
Heard,ENON GROVE,"Public Service Commission, District 5",5,REP,STAN WISE (I),140,12,100,28,0
Heard,EPHESUS,"Public Service Commission, District 5",5,REP,STAN WISE (I),104,3,87,14,0
Heard,FRANKLIN,"Public Service Commission, District 5",5,REP,STAN WISE (I),247,26,152,69,0
Heard,GLENLOCH,"Public Service Commission, District 5",5,REP,STAN WISE (I),76,0,69,7,0
Heard,ROOSTERVILLE,"Public Service Commission, District 5",5,REP,STAN WISE (I),124,1,108,15,0
Heard,SOUTHWEST,"Public Service Commission, District 5",5,REP,STAN WISE (I),107,13,79,15,0
Heard,WALNUT HILL,"Public Service Commission, District 5",5,REP,STAN WISE (I),78,1,68,8,1
Heard,,"U.S. Representative, District 3",3,REP,"""CHIP"" FLANEGAN",247,7,207,33,0
Heard,CENTRALHATCHEE,"U.S. Representative, District 3",3,REP,"""CHIP"" FLANEGAN",29,2,26,1,0
Heard,COOKSVILLE - CORINTH,"U.S. Representative, District 3",3,REP,"""CHIP"" FLANEGAN",22,0,19,3,0
Heard,ENON GROVE,"U.S. Representative, District 3",3,REP,"""CHIP"" FLANEGAN",34,0,29,5,0
Heard,EPHESUS,"U.S. Representative, District 3",3,REP,"""CHIP"" FLANEGAN",19,1,17,1,0
Heard,FRANKLIN,"U.S. Representative, District 3",3,REP,"""CHIP"" FLANEGAN",61,2,44,15,0
Heard,GLENLOCH,"U.S. Representative, District 3",3,REP,"""CHIP"" FLANEGAN",14,0,12,2,0
Heard,ROOSTERVILLE,"U.S. Representative, District 3",3,REP,"""CHIP"" FLANEGAN",27,1,23,3,0
Heard,SOUTHWEST,"U.S. Representative, District 3",3,REP,"""CHIP"" FLANEGAN",20,1,17,2,0
Heard,WALNUT HILL,"U.S. Representative, District 3",3,REP,"""CHIP"" FLANEGAN",21,0,20,1,0
Heard,,"U.S. Representative, District 3",3,REP,KENT KINGSLEY,255,11,200,44,0
Heard,CENTRALHATCHEE,"U.S. Representative, District 3",3,REP,KENT KINGSLEY,33,0,26,7,0
Heard,COOKSVILLE - CORINTH,"U.S. Representative, District 3",3,REP,KENT KINGSLEY,20,0,18,2,0
Heard,ENON GROVE,"U.S. Representative, District 3",3,REP,KENT KINGSLEY,44,0,36,8,0
Heard,EPHESUS,"U.S. Representative, District 3",3,REP,KENT KINGSLEY,23,0,21,2,0
Heard,FRANKLIN,"U.S. Representative, District 3",3,REP,KENT KINGSLEY,59,10,34,15,0
Heard,GLENLOCH,"U.S. Representative, District 3",3,REP,KENT KINGSLEY,16,0,16,0,0
Heard,ROOSTERVILLE,"U.S. Representative, District 3",3,REP,KENT KINGSLEY,24,0,20,4,0
Heard,SOUTHWEST,"U.S. Representative, District 3",3,REP,KENT KINGSLEY,26,1,19,6,0
Heard,WALNUT HILL,"U.S. Representative, District 3",3,REP,KENT KINGSLEY,10,0,10,0,0
Heard,,"U.S. Representative, District 3",3,REP,LYNN WESTMORELAND (I,1400,87,1081,230,2
Heard,CENTRALHATCHEE,"U.S. Representative, District 3",3,REP,LYNN WESTMORELAND (I,181,4,156,20,1
Heard,COOKSVILLE - CORINTH,"U.S. Representative, District 3",3,REP,LYNN WESTMORELAND (I,93,2,84,7,0
Heard,ENON GROVE,"U.S. Representative, District 3",3,REP,LYNN WESTMORELAND (I,170,12,128,30,0
Heard,EPHESUS,"U.S. Representative, District 3",3,REP,LYNN WESTMORELAND (I,120,3,105,12,0
Heard,FRANKLIN,"U.S. Representative, District 3",3,REP,LYNN WESTMORELAND (I,322,37,187,98,0
Heard,GLENLOCH,"U.S. Representative, District 3",3,REP,LYNN WESTMORELAND (I,94,1,85,8,0
Heard,ROOSTERVILLE,"U.S. Representative, District 3",3,REP,LYNN WESTMORELAND (I,174,3,155,16,0
Heard,SOUTHWEST,"U.S. Representative, District 3",3,REP,LYNN WESTMORELAND (I,151,20,106,25,0
Heard,WALNUT HILL,"U.S. Representative, District 3",3,REP,LYNN WESTMORELAND (I,95,5,75,14,1
Heard,,"State Senator, District 28",28,REP,MIKE CRANE (I),1600,81,1269,249,1
Heard,CENTRALHATCHEE,"State Senator, District 28",28,REP,MIKE CRANE (I),204,6,177,20,1
Heard,COOKSVILLE - CORINTH,"State Senator, District 28",28,REP,MIKE CRANE (I),117,1,103,13,0
Heard,ENON GROVE,"State Senator, District 28",28,REP,MIKE CRANE (I),210,11,161,38,0
Heard,EPHESUS,"State Senator, District 28",28,REP,MIKE CRANE (I),137,3,122,12,0
Heard,FRANKLIN,"State Senator, District 28",28,REP,MIKE CRANE (I),365,34,231,100,0
Heard,GLENLOCH,"State Senator, District 28",28,REP,MIKE CRANE (I),109,1,101,7,0
Heard,ROOSTERVILLE,"State Senator, District 28",28,REP,MIKE CRANE (I),191,2,172,17,0
Heard,SOUTHWEST,"State Senator, District 28",28,REP,MIKE CRANE (I),171,22,121,28,0
Heard,WALNUT HILL,"State Senator, District 28",28,REP,MIKE CRANE (I),96,1,81,14,0
Heard,,"State Representative, District 69",69,REP,RANDY NIX (I),1576,87,1246,242,1
Heard,CENTRALHATCHEE,"State Representative, District 69",69,REP,RANDY NIX (I),194,5,171,17,1
Heard,COOKSVILLE - CORINTH,"State Representative, District 69",69,REP,RANDY NIX (I),117,1,103,13,0
Heard,ENON GROVE,"State Representative, District 69",69,REP,RANDY NIX (I),194,11,148,35,0
Heard,EPHESUS,"State Representative, District 69",69,REP,RANDY NIX (I),139,3,125,11,0
Heard,FRANKLIN,"State Representative, District 69",69,REP,RANDY NIX (I),369,40,229,100,0
Heard,GLENLOCH,"State Representative, District 69",69,REP,RANDY NIX (I),110,1,102,7,0
Heard,ROOSTERVILLE,"State Representative, District 69",69,REP,RANDY NIX (I),190,2,172,16,0
Heard,SOUTHWEST,"State Representative, District 69",69,REP,RANDY NIX (I),171,21,121,29,0
Heard,WALNUT HILL,"State Representative, District 69",69,REP,RANDY NIX (I),92,3,75,14,0
Heard,,"State Representative, District 69",69,DEM,HERBERT GILES,159,19,127,13,0
Heard,CENTRALHATCHEE,"State Representative, District 69",69,DEM,HERBERT GILES,13,1,11,1,0
Heard,COOKSVILLE - CORINTH,"State Representative, District 69",69,DEM,HERBERT GILES,10,1,8,1,0
Heard,ENON GROVE,"State Representative, District 69",69,DEM,HERBERT GILES,26,2,22,2,0
Heard,EPHESUS,"State Representative, District 69",69,DEM,HERBERT GILES,8,0,8,0,0
Heard,FRANKLIN,"State Representative, District 69",69,DEM,HERBERT GILES,53,10,34,9,0
Heard,GLENLOCH,"State Representative, District 69",69,DEM,HERBERT GILES,5,1,4,0,0
Heard,ROOSTERVILLE,"State Representative, District 69",69,DEM,HERBERT GILES,11,0,11,0,0
Heard,SOUTHWEST,"State Representative, District 69",69,DEM,HERBERT GILES,23,4,19,0,0
Heard,WALNUT HILL,"State Representative, District 69",69,DEM,HERBERT GILES,10,0,10,0,0
Heard,,"District Attorney, Coweta Circuit", Coweta Circuit - REP,REP,PETER SKANDALAKIS (I,1613,83,1282,246,2
Heard,CENTRALHATCHEE,"District Attorney, Coweta Circuit", Coweta Circuit - REP,REP,PETER SKANDALAKIS (I,205,5,178,21,1
Heard,COOKSVILLE - CORINTH,"District Attorney, Coweta Circuit", Coweta Circuit - REP,REP,PETER SKANDALAKIS (I,122,1,110,11,0
Heard,ENON GROVE,"District Attorney, Coweta Circuit", Coweta Circuit - REP,REP,PETER SKANDALAKIS (I,203,11,159,33,0
Heard,EPHESUS,"District Attorney, Coweta Circuit", Coweta Circuit - REP,REP,PETER SKANDALAKIS (I,139,2,126,11,0
Heard,FRANKLIN,"District Attorney, Coweta Circuit", Coweta Circuit - REP,REP,PETER SKANDALAKIS (I,373,35,233,105,0
Heard,GLENLOCH,"District Attorney, Coweta Circuit", Coweta Circuit - REP,REP,PETER SKANDALAKIS (I,109,1,100,8,0
Heard,ROOSTERVILLE,"District Attorney, Coweta Circuit", Coweta Circuit - REP,REP,PETER SKANDALAKIS (I,195,2,177,16,0
Heard,SOUTHWEST,"District Attorney, Coweta Circuit", Coweta Circuit - REP,REP,PETER SKANDALAKIS (I,175,23,124,28,0
Heard,WALNUT HILL,"District Attorney, Coweta Circuit", Coweta Circuit - REP,REP,PETER SKANDALAKIS (I,92,3,75,13,1
Heard,,CLERK SUPERIOR COURT,,,BRYAN OWENSBY ,1751,95,1375,280,1
Heard,CENTRALHATCHEE,CLERK SUPERIOR COURT,,,BRYAN OWENSBY ,226,7,193,25,1
Heard,COOKSVILLE - CORINTH,CLERK SUPERIOR COURT,,,BRYAN OWENSBY ,124,1,112,11,0
Heard,ENON GROVE,CLERK SUPERIOR COURT,,,BRYAN OWENSBY ,221,13,171,37,0
Heard,EPHESUS,CLERK SUPERIOR COURT,,,BRYAN OWENSBY ,149,4,133,12,0
Heard,FRANKLIN,CLERK SUPERIOR COURT,,,BRYAN OWENSBY ,412,38,254,120,0
Heard,GLENLOCH,CLERK SUPERIOR COURT,,,BRYAN OWENSBY ,116,2,105,9,0
Heard,ROOSTERVILLE,CLERK SUPERIOR COURT,,,BRYAN OWENSBY ,210,3,186,21,0
Heard,SOUTHWEST,CLERK SUPERIOR COURT,,,BRYAN OWENSBY ,190,24,134,32,0
Heard,WALNUT HILL,CLERK SUPERIOR COURT,,,BRYAN OWENSBY ,103,3,87,13,0
Heard,,SHERIFF,,,W. ROSS HENRY ,1635,91,1273,270,1
Heard,CENTRALHATCHEE,SHERIFF,,,W. ROSS HENRY ,214,6,187,20,1
Heard,COOKSVILLE - CORINTH,SHERIFF,,,W. ROSS HENRY ,97,1,87,9,0
Heard,ENON GROVE,SHERIFF,,,W. ROSS HENRY ,210,14,163,33,0
Heard,EPHESUS,SHERIFF,,,W. ROSS HENRY ,144,3,126,15,0
Heard,FRANKLIN,SHERIFF,,,W. ROSS HENRY ,394,41,230,123,0
Heard,GLENLOCH,SHERIFF,,,W. ROSS HENRY ,106,1,98,7,0
Heard,ROOSTERVILLE,SHERIFF,,,W. ROSS HENRY ,183,1,162,20,0
Heard,SOUTHWEST,SHERIFF,,,W. ROSS HENRY ,169,19,121,29,0
Heard,WALNUT HILL,SHERIFF,,,W. ROSS HENRY ,118,5,99,14,0
Heard,,SHERIFF,,,RAYMOND G. SPRADLIN,345,21,278,46,0
Heard,CENTRALHATCHEE,SHERIFF,,,RAYMOND G. SPRADLIN,43,0,35,8,0
Heard,COOKSVILLE - CORINTH,SHERIFF,,,RAYMOND G. SPRADLIN,43,1,37,5,0
Heard,ENON GROVE,SHERIFF,,,RAYMOND G. SPRADLIN,45,0,34,11,0
Heard,EPHESUS,SHERIFF,,,RAYMOND G. SPRADLIN,22,1,20,1,0
Heard,FRANKLIN,SHERIFF,,,RAYMOND G. SPRADLIN,65,9,46,10,0
Heard,GLENLOCH,SHERIFF,,,RAYMOND G. SPRADLIN,20,1,17,2,0
Heard,ROOSTERVILLE,SHERIFF,,,RAYMOND G. SPRADLIN,47,4,40,3,0
Heard,SOUTHWEST,SHERIFF,,,RAYMOND G. SPRADLIN,41,5,31,5,0
Heard,WALNUT HILL,SHERIFF,,,RAYMOND G. SPRADLIN,19,0,18,1,0
Heard,,SHERIFF,,,DOYLE SCOTT,168,15,135,18,0
Heard,CENTRALHATCHEE,SHERIFF,,,DOYLE SCOTT,12,1,9,2,0
Heard,COOKSVILLE - CORINTH,SHERIFF,,,DOYLE SCOTT,10,1,7,2,0
Heard,ENON GROVE,SHERIFF,,,DOYLE SCOTT,22,2,18,2,0
Heard,EPHESUS,SHERIFF,,,DOYLE SCOTT,7,0,7,0,0
Heard,FRANKLIN,SHERIFF,,,DOYLE SCOTT,57,8,38,11,0
Heard,GLENLOCH,SHERIFF,,,DOYLE SCOTT,6,1,5,0,0
Heard,ROOSTERVILLE,SHERIFF,,,DOYLE SCOTT,21,0,21,0,0
Heard,SOUTHWEST,SHERIFF,,,DOYLE SCOTT,22,1,21,0,0
Heard,WALNUT HILL,SHERIFF,,,DOYLE SCOTT,11,1,9,1,0
Heard,,TAX COMMISSIONER,,,SANDRA P. NOLEN ,1819,96,1440,282,1
Heard,CENTRALHATCHEE,TAX COMMISSIONER,,,SANDRA P. NOLEN ,244,7,210,26,1
Heard,COOKSVILLE - CORINTH,TAX COMMISSIONER,,,SANDRA P. NOLEN ,131,1,117,13,0
Heard,ENON GROVE,TAX COMMISSIONER,,,SANDRA P. NOLEN ,229,11,176,42,0
Heard,EPHESUS,TAX COMMISSIONER,,,SANDRA P. NOLEN ,157,4,141,12,0
Heard,FRANKLIN,TAX COMMISSIONER,,,SANDRA P. NOLEN ,412,40,257,115,0
Heard,GLENLOCH,TAX COMMISSIONER,,,SANDRA P. NOLEN ,114,2,104,8,0
Heard,ROOSTERVILLE,TAX COMMISSIONER,,,SANDRA P. NOLEN ,221,3,197,21,0
Heard,SOUTHWEST,TAX COMMISSIONER,,,SANDRA P. NOLEN ,193,25,136,32,0
Heard,WALNUT HILL,TAX COMMISSIONER,,,SANDRA P. NOLEN ,118,3,102,13,0
Heard,,CORONER,,,BRANNON L. GRAY,1130,50,926,153,1
Heard,CENTRALHATCHEE,CORONER,,,BRANNON L. GRAY,135,2,118,14,1
Heard,COOKSVILLE - CORINTH,CORONER,,,BRANNON L. GRAY,94,0,84,10,0
Heard,ENON GROVE,CORONER,,,BRANNON L. GRAY,161,6,126,29,0
Heard,EPHESUS,CORONER,,,BRANNON L. GRAY,110,2,98,10,0
Heard,FRANKLIN,CORONER,,,BRANNON L. GRAY,230,19,159,52,0
Heard,GLENLOCH,CORONER,,,BRANNON L. GRAY,87,1,80,6,0
Heard,ROOSTERVILLE,CORONER,,,BRANNON L. GRAY,140,1,129,10,0
Heard,SOUTHWEST,CORONER,,,BRANNON L. GRAY,116,18,83,15,0
Heard,WALNUT HILL,CORONER,,,BRANNON L. GRAY,57,1,49,7,0
Heard,,CORONER,,,KATHIE BUCHANAN ,246,20,199,27,0
Heard,CENTRALHATCHEE,CORONER,,,KATHIE BUCHANAN ,16,0,13,3,0
Heard,COOKSVILLE - CORINTH,CORONER,,,KATHIE BUCHANAN ,8,1,6,1,0
Heard,ENON GROVE,CORONER,,,KATHIE BUCHANAN ,39,2,35,2,0
Heard,EPHESUS,CORONER,,,KATHIE BUCHANAN ,11,1,10,0,0
Heard,FRANKLIN,CORONER,,,KATHIE BUCHANAN ,85,10,58,17,0
Heard,GLENLOCH,CORONER,,,KATHIE BUCHANAN ,6,1,5,0,0
Heard,ROOSTERVILLE,CORONER,,,KATHIE BUCHANAN ,24,0,24,0,0
Heard,SOUTHWEST,CORONER,,,KATHIE BUCHANAN ,39,4,34,1,0
Heard,WALNUT HILL,CORONER,,,KATHIE BUCHANAN ,18,1,14,3,0
Heard,,CHIEF MAGISTRATE,,I,BRENDA L JENNINGS,1595,80,1269,245,1
Heard,CENTRALHATCHEE,CHIEF MAGISTRATE,,I,BRENDA L JENNINGS,206,6,178,21,1
Heard,COOKSVILLE - CORINTH,CHIEF MAGISTRATE,,I,BRENDA L JENNINGS,121,1,108,12,0
Heard,ENON GROVE,CHIEF MAGISTRATE,,I,BRENDA L JENNINGS,211,12,160,39,0
Heard,EPHESUS,CHIEF MAGISTRATE,,I,BRENDA L JENNINGS,139,3,124,12,0
Heard,FRANKLIN,CHIEF MAGISTRATE,,I,BRENDA L JENNINGS,355,33,226,96,0
Heard,GLENLOCH,CHIEF MAGISTRATE,,I,BRENDA L JENNINGS,112,2,101,9,0
Heard,ROOSTERVILLE,CHIEF MAGISTRATE,,I,BRENDA L JENNINGS,190,2,172,16,0
Heard,SOUTHWEST,CHIEF MAGISTRATE,,I,BRENDA L JENNINGS,169,18,121,30,0
Heard,WALNUT HILL,CHIEF MAGISTRATE,,I,BRENDA L JENNINGS,92,3,79,10,0
Heard,,CHAIR COUNTY COMMISSION,,,LEE BOONE,938,38,762,138,0
Heard,CENTRALHATCHEE,CHAIR COUNTY COMMISSION,,,LEE BOONE,144,2,133,9,0
Heard,COOKSVILLE - CORINTH,CHAIR COUNTY COMMISSION,,,LEE BOONE,41,1,37,3,0
Heard,ENON GROVE,CHAIR COUNTY COMMISSION,,,LEE BOONE,125,3,101,21,0
Heard,EPHESUS,CHAIR COUNTY COMMISSION,,,LEE BOONE,78,2,66,10,0
Heard,FRANKLIN,CHAIR COUNTY COMMISSION,,,LEE BOONE,181,24,103,54,0
Heard,GLENLOCH,CHAIR COUNTY COMMISSION,,,LEE BOONE,81,0,71,10,0
Heard,ROOSTERVILLE,CHAIR COUNTY COMMISSION,,,LEE BOONE,151,1,136,14,0
Heard,SOUTHWEST,CHAIR COUNTY COMMISSION,,,LEE BOONE,72,5,52,15,0
Heard,WALNUT HILL,CHAIR COUNTY COMMISSION,,,LEE BOONE,65,0,63,2,0
Heard,,CHAIR COUNTY COMMISSION,,,JUNE JACKSON ,570,41,431,98,0
Heard,CENTRALHATCHEE,CHAIR COUNTY COMMISSION,,,JUNE JACKSON ,85,5,67,13,0
Heard,COOKSVILLE - CORINTH,CHAIR COUNTY COMMISSION,,,JUNE JACKSON ,62,0,55,7,0
Heard,ENON GROVE,CHAIR COUNTY COMMISSION,,,JUNE JACKSON ,73,9,51,13,0
Heard,EPHESUS,CHAIR COUNTY COMMISSION,,,JUNE JACKSON ,54,2,49,3,0
Heard,FRANKLIN,CHAIR COUNTY COMMISSION,,,JUNE JACKSON ,115,13,60,42,0
Heard,GLENLOCH,CHAIR COUNTY COMMISSION,,,JUNE JACKSON ,27,2,25,0,0
Heard,ROOSTERVILLE,CHAIR COUNTY COMMISSION,,,JUNE JACKSON ,51,0,47,4,0
Heard,SOUTHWEST,CHAIR COUNTY COMMISSION,,,JUNE JACKSON ,67,8,51,8,0
Heard,WALNUT HILL,CHAIR COUNTY COMMISSION,,,JUNE JACKSON ,36,2,26,8,0
Heard,,CHAIR COUNTY COMMISSION,,,LARRY A. PIKE,501,37,379,83,2
Heard,CENTRALHATCHEE,CHAIR COUNTY COMMISSION,,,LARRY A. PIKE,34,0,26,7,1
Heard,COOKSVILLE - CORINTH,CHAIR COUNTY COMMISSION,,,LARRY A. PIKE,37,1,33,3,0
Heard,ENON GROVE,CHAIR COUNTY COMMISSION,,,LARRY A. PIKE,53,2,42,9,0
Heard,EPHESUS,CHAIR COUNTY COMMISSION,,,LARRY A. PIKE,35,0,32,3,0
Heard,FRANKLIN,CHAIR COUNTY COMMISSION,,,LARRY A. PIKE,175,17,118,40,0
Heard,GLENLOCH,CHAIR COUNTY COMMISSION,,,LARRY A. PIKE,22,0,22,0,0
Heard,ROOSTERVILLE,CHAIR COUNTY COMMISSION,,,LARRY A. PIKE,32,3,24,5,0
Heard,SOUTHWEST,CHAIR COUNTY COMMISSION,,,LARRY A. PIKE,74,11,52,11,0
Heard,WALNUT HILL,CHAIR COUNTY COMMISSION,,,LARRY A. PIKE,39,3,30,5,1
Heard,,CHAIR COUNTY COMMISSION,,,RUSS MASSA,166,19,128,19,0
Heard,CENTRALHATCHEE,CHAIR COUNTY COMMISSION,,,RUSS MASSA,14,1,11,2,0
Heard,COOKSVILLE - CORINTH,CHAIR COUNTY COMMISSION,,,RUSS MASSA,12,1,10,1,0
Heard,ENON GROVE,CHAIR COUNTY COMMISSION,,,RUSS MASSA,24,2,20,2,0
Heard,EPHESUS,CHAIR COUNTY COMMISSION,,,RUSS MASSA,10,0,10,0,0
Heard,FRANKLIN,CHAIR COUNTY COMMISSION,,,RUSS MASSA,58,12,33,13,0
Heard,GLENLOCH,CHAIR COUNTY COMMISSION,,,RUSS MASSA,2,0,2,0,0
Heard,ROOSTERVILLE,CHAIR COUNTY COMMISSION,,,RUSS MASSA,16,0,16,0,0
Heard,SOUTHWEST,CHAIR COUNTY COMMISSION,,,RUSS MASSA,21,3,18,0,0
Heard,WALNUT HILL,CHAIR COUNTY COMMISSION,,,RUSS MASSA,9,0,8,1,0
Heard,,CC D1,,,LARRY F. HOOKS,196,5,162,29,0
Heard,COOKSVILLE - CORINTH,CC D1,,,LARRY F. HOOKS,67,0,61,6,0
Heard,ENON GROVE,CC D1,,,LARRY F. HOOKS,129,5,101,23,0
Heard,,CC D1,,I,KAREN W ISENHOWER,124,4,103,17,0
Heard,COOKSVILLE - CORINTH,CC D1,,I,KAREN W ISENHOWER,38,0,35,3,0
Heard,ENON GROVE,CC D1,,I,KAREN W ISENHOWER,86,4,68,14,0
Heard,,CC D3,,,GWEN CALDWELL ,306,11,255,40,0
Heard,EPHESUS,CC D3,,,GWEN CALDWELL ,130,4,112,14,0
Heard,FRANKLIN,CC D3,,,GWEN CALDWELL ,5,2,0,3,0
Heard,ROOSTERVILLE,CC D3,,,GWEN CALDWELL ,85,1,74,10,0
Heard,WALNUT HILL,CC D3,,,GWEN CALDWELL ,86,4,69,13,0
Heard,,CC D3,,,TOMMY CHATMAN,133,4,120,8,1
Heard,EPHESUS,CC D3,,,TOMMY CHATMAN,33,0,31,2,0
Heard,FRANKLIN,CC D3,,,TOMMY CHATMAN,12,3,7,2,0
Heard,ROOSTERVILLE,CC D3,,,TOMMY CHATMAN,37,0,35,2,0
Heard,WALNUT HILL,CC D3,,,TOMMY CHATMAN,51,1,47,2,1
Heard,,DEM PARTY D3, P1,,DOCK H. DAVIS,38,2,34,2,0
Heard,EPHESUS,DEM PARTY D3, P1,,DOCK H. DAVIS,10,1,9,0,0
Heard,FRANKLIN,DEM PARTY D3, P1,,DOCK H. DAVIS,1,0,1,0,0
Heard,ROOSTERVILLE,DEM PARTY D3, P1,,DOCK H. DAVIS,7,0,7,0,0
Heard,WALNUT HILL,DEM PARTY D3, P1,,DOCK H. DAVIS,20,1,17,2,0
Heard,,DEM PARTY D5, P1,,ELIZABETH SMITH,37,6,30,1,0
Heard,FRANKLIN,DEM PARTY D5, P1,,ELIZABETH SMITH,16,4,11,1,0
Heard,SOUTHWEST,DEM PARTY D5, P1,,ELIZABETH SMITH,21,2,19,0,0
Heard,,DEM PARTY D5, P3,,MIKE NOLLEY,38,4,30,4,0
Heard,FRANKLIN,DEM PARTY D5, P3,,MIKE NOLLEY,13,1,9,3,0
Heard,SOUTHWEST,DEM PARTY D5, P3,,MIKE NOLLEY,25,3,21,1,0
Heard,,Republican Party Question 1<br>Should Georgia have casino gambling with funds going to education?,,REP,YES,1129,48,904,175,2
Heard,CENTRALHATCHEE,Republican Party Question 1<br>Should Georgia have casino gambling with funds going to education?,,REP,YES,128,1,113,13,1
Heard,COOKSVILLE - CORINTH,Republican Party Question 1<br>Should Georgia have casino gambling with funds going to education?,,REP,YES,98,1,89,8,0
Heard,ENON GROVE,Republican Party Question 1<br>Should Georgia have casino gambling with funds going to education?,,REP,YES,166,8,130,28,0
Heard,EPHESUS,Republican Party Question 1<br>Should Georgia have casino gambling with funds going to education?,,REP,YES,83,1,73,9,0
Heard,FRANKLIN,Republican Party Question 1<br>Should Georgia have casino gambling with funds going to education?,,REP,YES,261,18,168,75,0
Heard,GLENLOCH,Republican Party Question 1<br>Should Georgia have casino gambling with funds going to education?,,REP,YES,70,0,67,3,0
Heard,ROOSTERVILLE,Republican Party Question 1<br>Should Georgia have casino gambling with funds going to education?,,REP,YES,127,2,108,17,0
Heard,SOUTHWEST,Republican Party Question 1<br>Should Georgia have casino gambling with funds going to education?,,REP,YES,111,14,83,14,0
Heard,WALNUT HILL,Republican Party Question 1<br>Should Georgia have casino gambling with funds going to education?,,REP,YES,85,3,73,8,1
Heard,,Republican Party Question 1<br>Should Georgia have casino gambling with funds going to education?,,REP,NO,850,56,658,136,0
Heard,CENTRALHATCHEE,Republican Party Question 1<br>Should Georgia have casino gambling with funds going to education?,,REP,NO,134,6,112,16,0
Heard,COOKSVILLE - CORINTH,Republican Party Question 1<br>Should Georgia have casino gambling with funds going to education?,,REP,NO,46,1,39,6,0
Heard,ENON GROVE,Republican Party Question 1<br>Should Georgia have casino gambling with funds going to education?,,REP,NO,85,3,67,15,0
Heard,EPHESUS,Republican Party Question 1<br>Should Georgia have casino gambling with funds going to education?,,REP,NO,79,3,70,6,0
Heard,FRANKLIN,Republican Party Question 1<br>Should Georgia have casino gambling with funds going to education?,,REP,NO,193,28,110,55,0
Heard,GLENLOCH,Republican Party Question 1<br>Should Georgia have casino gambling with funds going to education?,,REP,NO,57,2,48,7,0
Heard,ROOSTERVILLE,Republican Party Question 1<br>Should Georgia have casino gambling with funds going to education?,,REP,NO,106,2,98,6,0
Heard,SOUTHWEST,Republican Party Question 1<br>Should Georgia have casino gambling with funds going to education?,,REP,NO,97,9,70,18,0
Heard,WALNUT HILL,Republican Party Question 1<br>Should Georgia have casino gambling with funds going to education?,,REP,NO,53,2,44,7,0
Heard,,Republican Party Question 2<br>Do you support ending the current practice of unlimited gifts from lobbyists to state legislators by imposing a $100 cap on such gifts?,,REP,YES,1639,90,1301,247,1
Heard,CENTRALHATCHEE,Republican Party Question 2<br>Do you support ending the current practice of unlimited gifts from lobbyists to state legislators by imposing a $100 cap on such gifts?,,REP,YES,203,7,174,22,0
Heard,COOKSVILLE - CORINTH,Republican Party Question 2<br>Do you support ending the current practice of unlimited gifts from lobbyists to state legislators by imposing a $100 cap on such gifts?,,REP,YES,123,2,111,10,0
Heard,ENON GROVE,Republican Party Question 2<br>Do you support ending the current practice of unlimited gifts from lobbyists to state legislators by imposing a $100 cap on such gifts?,,REP,YES,208,14,160,34,0
Heard,EPHESUS,Republican Party Question 2<br>Do you support ending the current practice of unlimited gifts from lobbyists to state legislators by imposing a $100 cap on such gifts?,,REP,YES,135,3,120,12,0
Heard,FRANKLIN,Republican Party Question 2<br>Do you support ending the current practice of unlimited gifts from lobbyists to state legislators by imposing a $100 cap on such gifts?,,REP,YES,374,35,233,106,0
Heard,GLENLOCH,Republican Party Question 2<br>Do you support ending the current practice of unlimited gifts from lobbyists to state legislators by imposing a $100 cap on such gifts?,,REP,YES,108,1,99,8,0
Heard,ROOSTERVILLE,Republican Party Question 2<br>Do you support ending the current practice of unlimited gifts from lobbyists to state legislators by imposing a $100 cap on such gifts?,,REP,YES,202,4,180,18,0
Heard,SOUTHWEST,Republican Party Question 2<br>Do you support ending the current practice of unlimited gifts from lobbyists to state legislators by imposing a $100 cap on such gifts?,,REP,YES,173,19,130,24,0
Heard,WALNUT HILL,Republican Party Question 2<br>Do you support ending the current practice of unlimited gifts from lobbyists to state legislators by imposing a $100 cap on such gifts?,,REP,YES,113,5,94,13,1
Heard,,Republican Party Question 2<br>Do you support ending the current practice of unlimited gifts from lobbyists to state legislators by imposing a $100 cap on such gifts?,,REP,NO,319,16,241,61,1
Heard,CENTRALHATCHEE,Republican Party Question 2<br>Do you support ending the current practice of unlimited gifts from lobbyists to state legislators by imposing a $100 cap on such gifts?,,REP,NO,53,0,45,7,1
Heard,COOKSVILLE - CORINTH,Republican Party Question 2<br>Do you support ending the current practice of unlimited gifts from lobbyists to state legislators by imposing a $100 cap on such gifts?,,REP,NO,20,0,17,3,0
Heard,ENON GROVE,Republican Party Question 2<br>Do you support ending the current practice of unlimited gifts from lobbyists to state legislators by imposing a $100 cap on such gifts?,,REP,NO,41,0,33,8,0
Heard,EPHESUS,Republican Party Question 2<br>Do you support ending the current practice of unlimited gifts from lobbyists to state legislators by imposing a $100 cap on such gifts?,,REP,NO,25,1,21,3,0
Heard,FRANKLIN,Republican Party Question 2<br>Do you support ending the current practice of unlimited gifts from lobbyists to state legislators by imposing a $100 cap on such gifts?,,REP,NO,76,11,41,24,0
Heard,GLENLOCH,Republican Party Question 2<br>Do you support ending the current practice of unlimited gifts from lobbyists to state legislators by imposing a $100 cap on such gifts?,,REP,NO,19,1,16,2,0
Heard,ROOSTERVILLE,Republican Party Question 2<br>Do you support ending the current practice of unlimited gifts from lobbyists to state legislators by imposing a $100 cap on such gifts?,,REP,NO,30,0,26,4,0
Heard,SOUTHWEST,Republican Party Question 2<br>Do you support ending the current practice of unlimited gifts from lobbyists to state legislators by imposing a $100 cap on such gifts?,,REP,NO,33,3,21,9,0
Heard,WALNUT HILL,Republican Party Question 2<br>Do you support ending the current practice of unlimited gifts from lobbyists to state legislators by imposing a $100 cap on such gifts?,,REP,NO,22,0,21,1,0
Heard,,Republican Party Question 3<br>Should active duty military personnel who are under the age of 21 be allowed to obtain a Georgia weapons license?,,REP,YES,1399,69,1121,207,2
Heard,CENTRALHATCHEE,Republican Party Question 3<br>Should active duty military personnel who are under the age of 21 be allowed to obtain a Georgia weapons license?,,REP,YES,183,4,155,23,1
Heard,COOKSVILLE - CORINTH,Republican Party Question 3<br>Should active duty military personnel who are under the age of 21 be allowed to obtain a Georgia weapons license?,,REP,YES,102,2,93,7,0
Heard,ENON GROVE,Republican Party Question 3<br>Should active duty military personnel who are under the age of 21 be allowed to obtain a Georgia weapons license?,,REP,YES,192,10,147,35,0
Heard,EPHESUS,Republican Party Question 3<br>Should active duty military personnel who are under the age of 21 be allowed to obtain a Georgia weapons license?,,REP,YES,112,4,101,7,0
Heard,FRANKLIN,Republican Party Question 3<br>Should active duty military personnel who are under the age of 21 be allowed to obtain a Georgia weapons license?,,REP,YES,308,29,195,84,0
Heard,GLENLOCH,Republican Party Question 3<br>Should active duty military personnel who are under the age of 21 be allowed to obtain a Georgia weapons license?,,REP,YES,81,1,74,6,0
Heard,ROOSTERVILLE,Republican Party Question 3<br>Should active duty military personnel who are under the age of 21 be allowed to obtain a Georgia weapons license?,,REP,YES,171,1,154,16,0
Heard,SOUTHWEST,Republican Party Question 3<br>Should active duty military personnel who are under the age of 21 be allowed to obtain a Georgia weapons license?,,REP,YES,147,13,114,20,0
Heard,WALNUT HILL,Republican Party Question 3<br>Should active duty military personnel who are under the age of 21 be allowed to obtain a Georgia weapons license?,,REP,YES,103,5,88,9,1
Heard,,Republican Party Question 3<br>Should active duty military personnel who are under the age of 21 be allowed to obtain a Georgia weapons license?,,REP,NO,574,37,433,104,0
Heard,CENTRALHATCHEE,Republican Party Question 3<br>Should active duty military personnel who are under the age of 21 be allowed to obtain a Georgia weapons license?,,REP,NO,77,3,68,6,0
Heard,COOKSVILLE - CORINTH,Republican Party Question 3<br>Should active duty military personnel who are under the age of 21 be allowed to obtain a Georgia weapons license?,,REP,NO,40,0,34,6,0
Heard,ENON GROVE,Republican Party Question 3<br>Should active duty military personnel who are under the age of 21 be allowed to obtain a Georgia weapons license?,,REP,NO,61,2,51,8,0
Heard,EPHESUS,Republican Party Question 3<br>Should active duty military personnel who are under the age of 21 be allowed to obtain a Georgia weapons license?,,REP,NO,51,0,43,8,0
Heard,FRANKLIN,Republican Party Question 3<br>Should active duty military personnel who are under the age of 21 be allowed to obtain a Georgia weapons license?,,REP,NO,143,18,79,46,0
Heard,GLENLOCH,Republican Party Question 3<br>Should active duty military personnel who are under the age of 21 be allowed to obtain a Georgia weapons license?,,REP,NO,46,1,41,4,0
Heard,ROOSTERVILLE,Republican Party Question 3<br>Should active duty military personnel who are under the age of 21 be allowed to obtain a Georgia weapons license?,,REP,NO,60,3,51,6,0
Heard,SOUTHWEST,Republican Party Question 3<br>Should active duty military personnel who are under the age of 21 be allowed to obtain a Georgia weapons license?,,REP,NO,61,10,37,14,0
Heard,WALNUT HILL,Republican Party Question 3<br>Should active duty military personnel who are under the age of 21 be allowed to obtain a Georgia weapons license?,,REP,NO,35,0,29,6,0
Heard,,Republican Party Question 4<br>Should Citizens who wish to vote in a primary election be required to register by their political party affiliation at least thirty (30) days prior to such primary election?,,REP,YES,870,50,671,148,1
Heard,CENTRALHATCHEE,Republican Party Question 4<br>Should Citizens who wish to vote in a primary election be required to register by their political party affiliation at least thirty (30) days prior to such primary election?,,REP,YES,117,3,101,12,1
Heard,COOKSVILLE - CORINTH,Republican Party Question 4<br>Should Citizens who wish to vote in a primary election be required to register by their political party affiliation at least thirty (30) days prior to such primary election?,,REP,YES,61,1,52,8,0
Heard,ENON GROVE,Republican Party Question 4<br>Should Citizens who wish to vote in a primary election be required to register by their political party affiliation at least thirty (30) days prior to such primary election?,,REP,YES,119,7,89,23,0
Heard,EPHESUS,Republican Party Question 4<br>Should Citizens who wish to vote in a primary election be required to register by their political party affiliation at least thirty (30) days prior to such primary election?,,REP,YES,57,1,50,6,0
Heard,FRANKLIN,Republican Party Question 4<br>Should Citizens who wish to vote in a primary election be required to register by their political party affiliation at least thirty (30) days prior to such primary election?,,REP,YES,199,22,117,60,0
Heard,GLENLOCH,Republican Party Question 4<br>Should Citizens who wish to vote in a primary election be required to register by their political party affiliation at least thirty (30) days prior to such primary election?,,REP,YES,64,1,55,8,0
Heard,ROOSTERVILLE,Republican Party Question 4<br>Should Citizens who wish to vote in a primary election be required to register by their political party affiliation at least thirty (30) days prior to such primary election?,,REP,YES,103,5,88,10,0
Heard,SOUTHWEST,Republican Party Question 4<br>Should Citizens who wish to vote in a primary election be required to register by their political party affiliation at least thirty (30) days prior to such primary election?,,REP,YES,82,9,61,12,0
Heard,WALNUT HILL,Republican Party Question 4<br>Should Citizens who wish to vote in a primary election be required to register by their political party affiliation at least thirty (30) days prior to such primary election?,,REP,YES,68,1,58,9,0
Heard,,Republican Party Question 4<br>Should Citizens who wish to vote in a primary election be required to register by their political party affiliation at least thirty (30) days prior to such primary election?,,REP,NO,1076,55,863,157,1
Heard,CENTRALHATCHEE,Republican Party Question 4<br>Should Citizens who wish to vote in a primary election be required to register by their political party affiliation at least thirty (30) days prior to such primary election?,,REP,NO,135,4,114,17,0
Heard,COOKSVILLE - CORINTH,Republican Party Question 4<br>Should Citizens who wish to vote in a primary election be required to register by their political party affiliation at least thirty (30) days prior to such primary election?,,REP,NO,76,1,71,4,0
Heard,ENON GROVE,Republican Party Question 4<br>Should Citizens who wish to vote in a primary election be required to register by their political party affiliation at least thirty (30) days prior to such primary election?,,REP,NO,129,4,106,19,0
Heard,EPHESUS,Republican Party Question 4<br>Should Citizens who wish to vote in a primary election be required to register by their political party affiliation at least thirty (30) days prior to such primary election?,,REP,NO,107,3,95,9,0
Heard,FRANKLIN,Republican Party Question 4<br>Should Citizens who wish to vote in a primary election be required to register by their political party affiliation at least thirty (30) days prior to such primary election?,,REP,NO,251,24,157,70,0
Heard,GLENLOCH,Republican Party Question 4<br>Should Citizens who wish to vote in a primary election be required to register by their political party affiliation at least thirty (30) days prior to such primary election?,,REP,NO,65,1,62,2,0
Heard,ROOSTERVILLE,Republican Party Question 4<br>Should Citizens who wish to vote in a primary election be required to register by their political party affiliation at least thirty (30) days prior to such primary election?,,REP,NO,127,1,116,10,0
Heard,SOUTHWEST,Republican Party Question 4<br>Should Citizens who wish to vote in a primary election be required to register by their political party affiliation at least thirty (30) days prior to such primary election?,,REP,NO,121,13,87,21,0
Heard,WALNUT HILL,Republican Party Question 4<br>Should Citizens who wish to vote in a primary election be required to register by their political party affiliation at least thirty (30) days prior to such primary election?,,REP,NO,65,4,55,5,1
Heard,,Republican Party Question 5 <br>Life Amendment Question,,REP,YES,1290,71,1010,207,2
Heard,CENTRALHATCHEE,Republican Party Question 5 <br>Life Amendment Question,,REP,YES,168,6,143,18,1
Heard,COOKSVILLE - CORINTH,Republican Party Question 5 <br>Life Amendment Question,,REP,YES,98,2,88,8,0
Heard,ENON GROVE,Republican Party Question 5 <br>Life Amendment Question,,REP,YES,156,5,125,26,0
Heard,EPHESUS,Republican Party Question 5 <br>Life Amendment Question,,REP,YES,107,2,93,12,0
Heard,FRANKLIN,Republican Party Question 5 <br>Life Amendment Question,,REP,YES,292,27,179,86,0
Heard,GLENLOCH,Republican Party Question 5 <br>Life Amendment Question,,REP,YES,89,2,79,8,0
Heard,ROOSTERVILLE,Republican Party Question 5 <br>Life Amendment Question,,REP,YES,146,4,127,15,0
Heard,SOUTHWEST,Republican Party Question 5 <br>Life Amendment Question,,REP,YES,146,18,106,22,0
Heard,WALNUT HILL,Republican Party Question 5 <br>Life Amendment Question,,REP,YES,88,5,70,12,1
Heard,,Republican Party Question 5 <br>Life Amendment Question,,REP,NO,549,25,441,83,0
Heard,CENTRALHATCHEE,Republican Party Question 5 <br>Life Amendment Question,,REP,NO,69,0,61,8,0
Heard,COOKSVILLE - CORINTH,Republican Party Question 5 <br>Life Amendment Question,,REP,NO,32,0,29,3,0
Heard,ENON GROVE,Republican Party Question 5 <br>Life Amendment Question,,REP,NO,82,6,62,14,0
Heard,EPHESUS,Republican Party Question 5 <br>Life Amendment Question,,REP,NO,48,2,44,2,0
Heard,FRANKLIN,Republican Party Question 5 <br>Life Amendment Question,,REP,NO,131,12,83,36,0
Heard,GLENLOCH,Republican Party Question 5 <br>Life Amendment Question,,REP,NO,31,0,30,1,0
Heard,ROOSTERVILLE,Republican Party Question 5 <br>Life Amendment Question,,REP,NO,72,1,65,6,0
Heard,SOUTHWEST,Republican Party Question 5 <br>Life Amendment Question,,REP,NO,48,4,33,11,0
Heard,WALNUT HILL,Republican Party Question 5 <br>Life Amendment Question,,REP,NO,36,0,34,2,0
Heard,,Democratic Party Question 1<br>Should the Georgia Constitution be amended to allow the state to override locally-elected school boards’ decisions when it comes to the creation of charter schools in your county or city?,,DEM,YES,119,13,91,15,0
Heard,CENTRALHATCHEE,Democratic Party Question 1<br>Should the Georgia Constitution be amended to allow the state to override locally-elected school boards’ decisions when it comes to the creation of charter schools in your county or city?,,DEM,YES,9,0,6,3,0
Heard,COOKSVILLE - CORINTH,Democratic Party Question 1<br>Should the Georgia Constitution be amended to allow the state to override locally-elected school boards’ decisions when it comes to the creation of charter schools in your county or city?,,DEM,YES,9,1,7,1,0
Heard,ENON GROVE,Democratic Party Question 1<br>Should the Georgia Constitution be amended to allow the state to override locally-elected school boards’ decisions when it comes to the creation of charter schools in your county or city?,,DEM,YES,15,1,14,0,0
Heard,EPHESUS,Democratic Party Question 1<br>Should the Georgia Constitution be amended to allow the state to override locally-elected school boards’ decisions when it comes to the creation of charter schools in your county or city?,,DEM,YES,9,0,9,0,0
Heard,FRANKLIN,Democratic Party Question 1<br>Should the Georgia Constitution be amended to allow the state to override locally-elected school boards’ decisions when it comes to the creation of charter schools in your county or city?,,DEM,YES,42,9,25,8,0
Heard,GLENLOCH,Democratic Party Question 1<br>Should the Georgia Constitution be amended to allow the state to override locally-elected school boards’ decisions when it comes to the creation of charter schools in your county or city?,,DEM,YES,3,1,2,0,0
Heard,ROOSTERVILLE,Democratic Party Question 1<br>Should the Georgia Constitution be amended to allow the state to override locally-elected school boards’ decisions when it comes to the creation of charter schools in your county or city?,,DEM,YES,8,0,8,0,0
Heard,SOUTHWEST,Democratic Party Question 1<br>Should the Georgia Constitution be amended to allow the state to override locally-elected school boards’ decisions when it comes to the creation of charter schools in your county or city?,,DEM,YES,14,1,12,1,0
Heard,WALNUT HILL,Democratic Party Question 1<br>Should the Georgia Constitution be amended to allow the state to override locally-elected school boards’ decisions when it comes to the creation of charter schools in your county or city?,,DEM,YES,10,0,8,2,0
Heard,,Democratic Party Question 1<br>Should the Georgia Constitution be amended to allow the state to override locally-elected school boards’ decisions when it comes to the creation of charter schools in your county or city?,,DEM,NO,149,11,124,14,0
Heard,CENTRALHATCHEE,Democratic Party Question 1<br>Should the Georgia Constitution be amended to allow the state to override locally-elected school boards’ decisions when it comes to the creation of charter schools in your county or city?,,DEM,NO,9,1,7,1,0
Heard,COOKSVILLE - CORINTH,Democratic Party Question 1<br>Should the Georgia Constitution be amended to allow the state to override locally-elected school boards’ decisions when it comes to the creation of charter schools in your county or city?,,DEM,NO,5,0,4,1,0
Heard,ENON GROVE,Democratic Party Question 1<br>Should the Georgia Constitution be amended to allow the state to override locally-elected school boards’ decisions when it comes to the creation of charter schools in your county or city?,,DEM,NO,25,2,22,1,0
Heard,EPHESUS,Democratic Party Question 1<br>Should the Georgia Constitution be amended to allow the state to override locally-elected school boards’ decisions when it comes to the creation of charter schools in your county or city?,,DEM,NO,5,1,4,0,0
Heard,FRANKLIN,Democratic Party Question 1<br>Should the Georgia Constitution be amended to allow the state to override locally-elected school boards’ decisions when it comes to the creation of charter schools in your county or city?,,DEM,NO,50,4,36,10,0
Heard,GLENLOCH,Democratic Party Question 1<br>Should the Georgia Constitution be amended to allow the state to override locally-elected school boards’ decisions when it comes to the creation of charter schools in your county or city?,,DEM,NO,3,0,3,0,0
Heard,ROOSTERVILLE,Democratic Party Question 1<br>Should the Georgia Constitution be amended to allow the state to override locally-elected school boards’ decisions when it comes to the creation of charter schools in your county or city?,,DEM,NO,14,0,14,0,0
Heard,SOUTHWEST,Democratic Party Question 1<br>Should the Georgia Constitution be amended to allow the state to override locally-elected school boards’ decisions when it comes to the creation of charter schools in your county or city?,,DEM,NO,30,2,28,0,0
Heard,WALNUT HILL,Democratic Party Question 1<br>Should the Georgia Constitution be amended to allow the state to override locally-elected school boards’ decisions when it comes to the creation of charter schools in your county or city?,,DEM,NO,8,1,6,1,0
Heard,,Democratic Party Question 2<br>Do you support ending current practice permitting unlimited gifts from lobbyists to state legislators?,,DEM,YES,177,17,141,19,0
Heard,CENTRALHATCHEE,Democratic Party Question 2<br>Do you support ending current practice permitting unlimited gifts from lobbyists to state legislators?,,DEM,YES,13,1,9,3,0
Heard,COOKSVILLE - CORINTH,Democratic Party Question 2<br>Do you support ending current practice permitting unlimited gifts from lobbyists to state legislators?,,DEM,YES,10,1,9,0,0
Heard,ENON GROVE,Democratic Party Question 2<br>Do you support ending current practice permitting unlimited gifts from lobbyists to state legislators?,,DEM,YES,23,3,19,1,0
Heard,EPHESUS,Democratic Party Question 2<br>Do you support ending current practice permitting unlimited gifts from lobbyists to state legislators?,,DEM,YES,11,1,10,0,0
Heard,FRANKLIN,Democratic Party Question 2<br>Do you support ending current practice permitting unlimited gifts from lobbyists to state legislators?,,DEM,YES,58,9,37,12,0
Heard,GLENLOCH,Democratic Party Question 2<br>Do you support ending current practice permitting unlimited gifts from lobbyists to state legislators?,,DEM,YES,5,1,4,0,0
Heard,ROOSTERVILLE,Democratic Party Question 2<br>Do you support ending current practice permitting unlimited gifts from lobbyists to state legislators?,,DEM,YES,16,0,16,0,0
Heard,SOUTHWEST,Democratic Party Question 2<br>Do you support ending current practice permitting unlimited gifts from lobbyists to state legislators?,,DEM,YES,27,1,26,0,0
Heard,WALNUT HILL,Democratic Party Question 2<br>Do you support ending current practice permitting unlimited gifts from lobbyists to state legislators?,,DEM,YES,14,0,11,3,0
Heard,,Democratic Party Question 2<br>Do you support ending current practice permitting unlimited gifts from lobbyists to state legislators?,,DEM,NO,85,6,71,8,0
Heard,CENTRALHATCHEE,Democratic Party Question 2<br>Do you support ending current practice permitting unlimited gifts from lobbyists to state legislators?,,DEM,NO,4,0,4,0,0
Heard,COOKSVILLE - CORINTH,Democratic Party Question 2<br>Do you support ending current practice permitting unlimited gifts from lobbyists to state legislators?,,DEM,NO,4,0,2,2,0
Heard,ENON GROVE,Democratic Party Question 2<br>Do you support ending current practice permitting unlimited gifts from lobbyists to state legislators?,,DEM,NO,14,0,13,1,0
Heard,EPHESUS,Democratic Party Question 2<br>Do you support ending current practice permitting unlimited gifts from lobbyists to state legislators?,,DEM,NO,3,0,3,0,0
Heard,FRANKLIN,Democratic Party Question 2<br>Do you support ending current practice permitting unlimited gifts from lobbyists to state legislators?,,DEM,NO,34,4,26,4,0
Heard,GLENLOCH,Democratic Party Question 2<br>Do you support ending current practice permitting unlimited gifts from lobbyists to state legislators?,,DEM,NO,1,0,1,0,0
Heard,ROOSTERVILLE,Democratic Party Question 2<br>Do you support ending current practice permitting unlimited gifts from lobbyists to state legislators?,,DEM,NO,6,0,6,0,0
Heard,SOUTHWEST,Democratic Party Question 2<br>Do you support ending current practice permitting unlimited gifts from lobbyists to state legislators?,,DEM,NO,16,2,13,1,0
Heard,WALNUT HILL,Democratic Party Question 2<br>Do you support ending current practice permitting unlimited gifts from lobbyists to state legislators?,,DEM,NO,3,0,3,0,0
Heard,,Democratic Party Question 3<br>Should Georgia adopt an income tax credit for home energy costs to support the economic security of our families?,,DEM,YES,217,22,172,23,0
Heard,CENTRALHATCHEE,Democratic Party Question 3<br>Should Georgia adopt an income tax credit for home energy costs to support the economic security of our families?,,DEM,YES,15,1,11,3,0
Heard,COOKSVILLE - CORINTH,Democratic Party Question 3<br>Should Georgia adopt an income tax credit for home energy costs to support the economic security of our families?,,DEM,YES,12,1,10,1,0
Heard,ENON GROVE,Democratic Party Question 3<br>Should Georgia adopt an income tax credit for home energy costs to support the economic security of our families?,,DEM,YES,34,3,29,2,0
Heard,EPHESUS,Democratic Party Question 3<br>Should Georgia adopt an income tax credit for home energy costs to support the economic security of our families?,,DEM,YES,10,1,9,0,0
Heard,FRANKLIN,Democratic Party Question 3<br>Should Georgia adopt an income tax credit for home energy costs to support the economic security of our families?,,DEM,YES,77,13,51,13,0
Heard,GLENLOCH,Democratic Party Question 3<br>Should Georgia adopt an income tax credit for home energy costs to support the economic security of our families?,,DEM,YES,5,1,4,0,0
Heard,ROOSTERVILLE,Democratic Party Question 3<br>Should Georgia adopt an income tax credit for home energy costs to support the economic security of our families?,,DEM,YES,17,0,17,0,0
Heard,SOUTHWEST,Democratic Party Question 3<br>Should Georgia adopt an income tax credit for home energy costs to support the economic security of our families?,,DEM,YES,35,2,32,1,0
Heard,WALNUT HILL,Democratic Party Question 3<br>Should Georgia adopt an income tax credit for home energy costs to support the economic security of our families?,,DEM,YES,12,0,9,3,0
Heard,,Democratic Party Question 3<br>Should Georgia adopt an income tax credit for home energy costs to support the economic security of our families?,,DEM,NO,49,1,40,8,0
Heard,CENTRALHATCHEE,Democratic Party Question 3<br>Should Georgia adopt an income tax credit for home energy costs to support the economic security of our families?,,DEM,NO,4,0,3,1,0
Heard,COOKSVILLE - CORINTH,Democratic Party Question 3<br>Should Georgia adopt an income tax credit for home energy costs to support the economic security of our families?,,DEM,NO,2,0,1,1,0
Heard,ENON GROVE,Democratic Party Question 3<br>Should Georgia adopt an income tax credit for home energy costs to support the economic security of our families?,,DEM,NO,6,0,6,0,0
Heard,EPHESUS,Democratic Party Question 3<br>Should Georgia adopt an income tax credit for home energy costs to support the economic security of our families?,,DEM,NO,2,0,2,0,0
Heard,FRANKLIN,Democratic Party Question 3<br>Should Georgia adopt an income tax credit for home energy costs to support the economic security of our families?,,DEM,NO,18,0,12,6,0
Heard,GLENLOCH,Democratic Party Question 3<br>Should Georgia adopt an income tax credit for home energy costs to support the economic security of our families?,,DEM,NO,1,0,1,0,0
Heard,ROOSTERVILLE,Democratic Party Question 3<br>Should Georgia adopt an income tax credit for home energy costs to support the economic security of our families?,,DEM,NO,4,0,4,0,0
Heard,SOUTHWEST,Democratic Party Question 3<br>Should Georgia adopt an income tax credit for home energy costs to support the economic security of our families?,,DEM,NO,7,1,6,0,0
Heard,WALNUT HILL,Democratic Party Question 3<br>Should Georgia adopt an income tax credit for home energy costs to support the economic security of our families?,,DEM,NO,5,0,5,0,0
Heard,,Democratic Party Question 4 <br>Should Georgia reduce sales taxes on Made in Georgia products so as to support the growth of small businesses in our state?,,DEM,YES,224,20,180,24,0
Heard,CENTRALHATCHEE,Democratic Party Question 4 <br>Should Georgia reduce sales taxes on Made in Georgia products so as to support the growth of small businesses in our state?,,DEM,YES,16,0,12,4,0
Heard,COOKSVILLE - CORINTH,Democratic Party Question 4 <br>Should Georgia reduce sales taxes on Made in Georgia products so as to support the growth of small businesses in our state?,,DEM,YES,9,1,7,1,0
Heard,ENON GROVE,Democratic Party Question 4 <br>Should Georgia reduce sales taxes on Made in Georgia products so as to support the growth of small businesses in our state?,,DEM,YES,33,1,30,2,0
Heard,EPHESUS,Democratic Party Question 4 <br>Should Georgia reduce sales taxes on Made in Georgia products so as to support the growth of small businesses in our state?,,DEM,YES,10,1,9,0,0
Heard,FRANKLIN,Democratic Party Question 4 <br>Should Georgia reduce sales taxes on Made in Georgia products so as to support the growth of small businesses in our state?,,DEM,YES,77,12,52,13,0
Heard,GLENLOCH,Democratic Party Question 4 <br>Should Georgia reduce sales taxes on Made in Georgia products so as to support the growth of small businesses in our state?,,DEM,YES,5,1,4,0,0
Heard,ROOSTERVILLE,Democratic Party Question 4 <br>Should Georgia reduce sales taxes on Made in Georgia products so as to support the growth of small businesses in our state?,,DEM,YES,20,0,20,0,0
Heard,SOUTHWEST,Democratic Party Question 4 <br>Should Georgia reduce sales taxes on Made in Georgia products so as to support the growth of small businesses in our state?,,DEM,YES,38,3,34,1,0
Heard,WALNUT HILL,Democratic Party Question 4 <br>Should Georgia reduce sales taxes on Made in Georgia products so as to support the growth of small businesses in our state?,,DEM,YES,16,1,12,3,0
Heard,,Democratic Party Question 4 <br>Should Georgia reduce sales taxes on Made in Georgia products so as to support the growth of small businesses in our state?,,DEM,NO,50,4,40,6,0
Heard,CENTRALHATCHEE,Democratic Party Question 4 <br>Should Georgia reduce sales taxes on Made in Georgia products so as to support the growth of small businesses in our state?,,DEM,NO,2,1,1,0,0
Heard,COOKSVILLE - CORINTH,Democratic Party Question 4 <br>Should Georgia reduce sales taxes on Made in Georgia products so as to support the growth of small businesses in our state?,,DEM,NO,5,0,4,1,0
Heard,ENON GROVE,Democratic Party Question 4 <br>Should Georgia reduce sales taxes on Made in Georgia products so as to support the growth of small businesses in our state?,,DEM,NO,8,2,6,0,0
Heard,EPHESUS,Democratic Party Question 4 <br>Should Georgia reduce sales taxes on Made in Georgia products so as to support the growth of small businesses in our state?,,DEM,NO,3,0,3,0,0
Heard,FRANKLIN,Democratic Party Question 4 <br>Should Georgia reduce sales taxes on Made in Georgia products so as to support the growth of small businesses in our state?,,DEM,NO,18,1,12,5,0
Heard,GLENLOCH,Democratic Party Question 4 <br>Should Georgia reduce sales taxes on Made in Georgia products so as to support the growth of small businesses in our state?,,DEM,NO,1,0,1,0,0
Heard,ROOSTERVILLE,Democratic Party Question 4 <br>Should Georgia reduce sales taxes on Made in Georgia products so as to support the growth of small businesses in our state?,,DEM,NO,5,0,5,0,0
Heard,SOUTHWEST,Democratic Party Question 4 <br>Should Georgia reduce sales taxes on Made in Georgia products so as to support the growth of small businesses in our state?,,DEM,NO,5,0,5,0,0
Heard,WALNUT HILL,Democratic Party Question 4 <br>Should Georgia reduce sales taxes on Made in Georgia products so as to support the growth of small businesses in our state?,,DEM,NO,3,0,3,0,0
Heard,,Supreme Court Justice, Hunstein,I,CAROL W. HUNSTEIN,1752,93,1397,261,1
Heard,CENTRALHATCHEE,Supreme Court Justice, Hunstein,I,CAROL W. HUNSTEIN,208,7,177,23,1
Heard,COOKSVILLE - CORINTH,Supreme Court Justice, Hunstein,I,CAROL W. HUNSTEIN,135,2,120,13,0
Heard,ENON GROVE,Supreme Court Justice, Hunstein,I,CAROL W. HUNSTEIN,229,13,176,40,0
Heard,EPHESUS,Supreme Court Justice, Hunstein,I,CAROL W. HUNSTEIN,148,4,132,12,0
Heard,FRANKLIN,Supreme Court Justice, Hunstein,I,CAROL W. HUNSTEIN,417,43,268,106,0
Heard,GLENLOCH,Supreme Court Justice, Hunstein,I,CAROL W. HUNSTEIN,114,1,105,8,0
Heard,ROOSTERVILLE,Supreme Court Justice, Hunstein,I,CAROL W. HUNSTEIN,203,2,184,17,0
Heard,SOUTHWEST,Supreme Court Justice, Hunstein,I,CAROL W. HUNSTEIN,190,19,144,27,0
Heard,WALNUT HILL,Supreme Court Justice, Hunstein,I,CAROL W. HUNSTEIN,108,2,91,15,0
Heard,,Supreme Court Justice, Hunstein,,Write-in,11,1,8,2,0
Heard,CENTRALHATCHEE,Supreme Court Justice, Hunstein,,Write-in,0,0,0,0,0
Heard,COOKSVILLE - CORINTH,Supreme Court Justice, Hunstein,,Write-in,1,0,1,0,0
Heard,ENON GROVE,Supreme Court Justice, Hunstein,,Write-in,0,0,0,0,0
Heard,EPHESUS,Supreme Court Justice, Hunstein,,Write-in,1,0,1,0,0
Heard,FRANKLIN,Supreme Court Justice, Hunstein,,Write-in,4,0,4,0,0
Heard,GLENLOCH,Supreme Court Justice, Hunstein,,Write-in,1,1,0,0,0
Heard,ROOSTERVILLE,Supreme Court Justice, Hunstein,,Write-in,1,0,1,0,0
Heard,SOUTHWEST,Supreme Court Justice, Hunstein,,Write-in,3,0,1,2,0
Heard,WALNUT HILL,Supreme Court Justice, Hunstein,,Write-in,0,0,0,0,0
Heard,,Supreme Court Justice, Melton,,HAROLD D. MELTON ,1741,87,1396,257,1
Heard,CENTRALHATCHEE,Supreme Court Justice, Melton,,HAROLD D. MELTON ,210,7,180,22,1
Heard,COOKSVILLE - CORINTH,Supreme Court Justice, Melton,,HAROLD D. MELTON ,126,2,112,12,0
Heard,ENON GROVE,Supreme Court Justice, Melton,,HAROLD D. MELTON ,229,11,177,41,0
Heard,EPHESUS,Supreme Court Justice, Melton,,HAROLD D. MELTON ,149,4,133,12,0
Heard,FRANKLIN,Supreme Court Justice, Melton,,HAROLD D. MELTON ,415,39,273,103,0
Heard,GLENLOCH,Supreme Court Justice, Melton,,HAROLD D. MELTON ,112,1,103,8,0
Heard,ROOSTERVILLE,Supreme Court Justice, Melton,,HAROLD D. MELTON ,205,2,186,17,0
Heard,SOUTHWEST,Supreme Court Justice, Melton,,HAROLD D. MELTON ,187,19,140,28,0
Heard,WALNUT HILL,Supreme Court Justice, Melton,,HAROLD D. MELTON ,108,2,92,14,0
Heard,,Supreme Court Justice, Melton,,Write-in,9,3,6,0,0
Heard,CENTRALHATCHEE,Supreme Court Justice, Melton,,Write-in,0,0,0,0,0
Heard,COOKSVILLE - CORINTH,Supreme Court Justice, Melton,,Write-in,1,0,1,0,0
Heard,ENON GROVE,Supreme Court Justice, Melton,,Write-in,1,1,0,0,0
Heard,EPHESUS,Supreme Court Justice, Melton,,Write-in,0,0,0,0,0
Heard,FRANKLIN,Supreme Court Justice, Melton,,Write-in,3,0,3,0,0
Heard,GLENLOCH,Supreme Court Justice, Melton,,Write-in,1,1,0,0,0
Heard,ROOSTERVILLE,Supreme Court Justice, Melton,,Write-in,1,0,1,0,0
Heard,SOUTHWEST,Supreme Court Justice, Melton,,Write-in,2,1,1,0,0
Heard,WALNUT HILL,Supreme Court Justice, Melton,,Write-in,0,0,0,0,0
Heard,,Supreme Court Justice, Thompson,,HUGH P. THOMPSON ,1730,89,1390,250,1
Heard,CENTRALHATCHEE,Supreme Court Justice, Thompson,,HUGH P. THOMPSON ,207,7,178,21,1
Heard,COOKSVILLE - CORINTH,Supreme Court Justice, Thompson,,HUGH P. THOMPSON ,130,2,117,11,0
Heard,ENON GROVE,Supreme Court Justice, Thompson,,HUGH P. THOMPSON ,228,13,175,40,0
Heard,EPHESUS,Supreme Court Justice, Thompson,,HUGH P. THOMPSON ,146,4,131,11,0
Heard,FRANKLIN,Supreme Court Justice, Thompson,,HUGH P. THOMPSON ,411,38,271,102,0
Heard,GLENLOCH,Supreme Court Justice, Thompson,,HUGH P. THOMPSON ,112,1,103,8,0
Heard,ROOSTERVILLE,Supreme Court Justice, Thompson,,HUGH P. THOMPSON ,201,2,183,16,0
Heard,SOUTHWEST,Supreme Court Justice, Thompson,,HUGH P. THOMPSON ,190,20,142,28,0
Heard,WALNUT HILL,Supreme Court Justice, Thompson,,HUGH P. THOMPSON ,105,2,90,13,0
Heard,,Supreme Court Justice, Thompson,,Write-in,8,2,6,0,0
Heard,CENTRALHATCHEE,Supreme Court Justice, Thompson,,Write-in,0,0,0,0,0
Heard,COOKSVILLE - CORINTH,Supreme Court Justice, Thompson,,Write-in,1,0,1,0,0
Heard,ENON GROVE,Supreme Court Justice, Thompson,,Write-in,0,0,0,0,0
Heard,EPHESUS,Supreme Court Justice, Thompson,,Write-in,0,0,0,0,0
Heard,FRANKLIN,Supreme Court Justice, Thompson,,Write-in,3,0,3,0,0
Heard,GLENLOCH,Supreme Court Justice, Thompson,,Write-in,1,1,0,0,0
Heard,ROOSTERVILLE,Supreme Court Justice, Thompson,,Write-in,1,0,1,0,0
Heard,SOUTHWEST,Supreme Court Justice, Thompson,,Write-in,2,1,1,0,0
Heard,WALNUT HILL,Supreme Court Justice, Thompson,,Write-in,0,0,0,0,0
Heard,,Appeals Court Judge, Boggs,,MICHAEL P. BOGGS ,1705,91,1364,249,1
Heard,CENTRALHATCHEE,Appeals Court Judge, Boggs,,MICHAEL P. BOGGS ,205,7,176,21,1
Heard,COOKSVILLE - CORINTH,Appeals Court Judge, Boggs,,MICHAEL P. BOGGS ,128,2,114,12,0
Heard,ENON GROVE,Appeals Court Judge, Boggs,,MICHAEL P. BOGGS ,224,13,173,38,0
Heard,EPHESUS,Appeals Court Judge, Boggs,,MICHAEL P. BOGGS ,142,4,126,12,0
Heard,FRANKLIN,Appeals Court Judge, Boggs,,MICHAEL P. BOGGS ,408,40,267,101,0
Heard,GLENLOCH,Appeals Court Judge, Boggs,,MICHAEL P. BOGGS ,111,2,101,8,0
Heard,ROOSTERVILLE,Appeals Court Judge, Boggs,,MICHAEL P. BOGGS ,197,2,179,16,0
Heard,SOUTHWEST,Appeals Court Judge, Boggs,,MICHAEL P. BOGGS ,187,19,140,28,0
Heard,WALNUT HILL,Appeals Court Judge, Boggs,,MICHAEL P. BOGGS ,103,2,88,13,0
Heard,,Appeals Court Judge, Boggs,,Write-in,7,1,6,0,0
Heard,CENTRALHATCHEE,Appeals Court Judge, Boggs,,Write-in,0,0,0,0,0
Heard,COOKSVILLE - CORINTH,Appeals Court Judge, Boggs,,Write-in,1,0,1,0,0
Heard,ENON GROVE,Appeals Court Judge, Boggs,,Write-in,0,0,0,0,0
Heard,EPHESUS,Appeals Court Judge, Boggs,,Write-in,0,0,0,0,0
Heard,FRANKLIN,Appeals Court Judge, Boggs,,Write-in,3,0,3,0,0
Heard,GLENLOCH,Appeals Court Judge, Boggs,,Write-in,0,0,0,0,0
Heard,ROOSTERVILLE,Appeals Court Judge, Boggs,,Write-in,2,1,1,0,0
Heard,SOUTHWEST,Appeals Court Judge, Boggs,,Write-in,1,0,1,0,0
Heard,WALNUT HILL,Appeals Court Judge, Boggs,,Write-in,0,0,0,0,0
Heard,,Appeals Court Judge, Dillard,,STEPHEN DILLARD ,1698,88,1358,251,1
Heard,CENTRALHATCHEE,Appeals Court Judge, Dillard,,STEPHEN DILLARD ,206,7,175,23,1
Heard,COOKSVILLE - CORINTH,Appeals Court Judge, Dillard,,STEPHEN DILLARD ,127,2,114,11,0
Heard,ENON GROVE,Appeals Court Judge, Dillard,,STEPHEN DILLARD ,222,13,171,38,0
Heard,EPHESUS,Appeals Court Judge, Dillard,,STEPHEN DILLARD ,142,3,127,12,0
Heard,FRANKLIN,Appeals Court Judge, Dillard,,STEPHEN DILLARD ,403,38,264,101,0
Heard,GLENLOCH,Appeals Court Judge, Dillard,,STEPHEN DILLARD ,110,1,101,8,0
Heard,ROOSTERVILLE,Appeals Court Judge, Dillard,,STEPHEN DILLARD ,199,3,180,16,0
Heard,SOUTHWEST,Appeals Court Judge, Dillard,,STEPHEN DILLARD ,184,19,137,28,0
Heard,WALNUT HILL,Appeals Court Judge, Dillard,,STEPHEN DILLARD ,105,2,89,14,0
Heard,,Appeals Court Judge, Dillard,,Write-in,6,1,5,0,0
Heard,CENTRALHATCHEE,Appeals Court Judge, Dillard,,Write-in,0,0,0,0,0
Heard,COOKSVILLE - CORINTH,Appeals Court Judge, Dillard,,Write-in,1,0,1,0,0
Heard,ENON GROVE,Appeals Court Judge, Dillard,,Write-in,0,0,0,0,0
Heard,EPHESUS,Appeals Court Judge, Dillard,,Write-in,0,0,0,0,0
Heard,FRANKLIN,Appeals Court Judge, Dillard,,Write-in,2,0,2,0,0
Heard,GLENLOCH,Appeals Court Judge, Dillard,,Write-in,1,1,0,0,0
Heard,ROOSTERVILLE,Appeals Court Judge, Dillard,,Write-in,1,0,1,0,0
Heard,SOUTHWEST,Appeals Court Judge, Dillard,,Write-in,1,0,1,0,0
Heard,WALNUT HILL,Appeals Court Judge, Dillard,,Write-in,0,0,0,0,0
Heard,,Appeals Court Judge, Ellington,I,JOHN J. ELLINGTON,1701,89,1365,246,1
Heard,CENTRALHATCHEE,Appeals Court Judge, Ellington,I,JOHN J. ELLINGTON,203,6,175,21,1
Heard,COOKSVILLE - CORINTH,Appeals Court Judge, Ellington,I,JOHN J. ELLINGTON,128,2,115,11,0
Heard,ENON GROVE,Appeals Court Judge, Ellington,I,JOHN J. ELLINGTON,224,13,172,39,0
Heard,EPHESUS,Appeals Court Judge, Ellington,I,JOHN J. ELLINGTON,138,4,123,11,0
Heard,FRANKLIN,Appeals Court Judge, Ellington,I,JOHN J. ELLINGTON,405,38,268,99,0
Heard,GLENLOCH,Appeals Court Judge, Ellington,I,JOHN J. ELLINGTON,111,1,102,8,0
Heard,ROOSTERVILLE,Appeals Court Judge, Ellington,I,JOHN J. ELLINGTON,200,3,181,16,0
Heard,SOUTHWEST,Appeals Court Judge, Ellington,I,JOHN J. ELLINGTON,187,20,139,28,0
Heard,WALNUT HILL,Appeals Court Judge, Ellington,I,JOHN J. ELLINGTON,105,2,90,13,0
Heard,,Appeals Court Judge, Ellington,,Write-in,5,1,4,0,0
Heard,CENTRALHATCHEE,Appeals Court Judge, Ellington,,Write-in,0,0,0,0,0
Heard,COOKSVILLE - CORINTH,Appeals Court Judge, Ellington,,Write-in,1,0,1,0,0
Heard,ENON GROVE,Appeals Court Judge, Ellington,,Write-in,0,0,0,0,0
Heard,EPHESUS,Appeals Court Judge, Ellington,,Write-in,0,0,0,0,0
Heard,FRANKLIN,Appeals Court Judge, Ellington,,Write-in,2,0,2,0,0
Heard,GLENLOCH,Appeals Court Judge, Ellington,,Write-in,1,1,0,0,0
Heard,ROOSTERVILLE,Appeals Court Judge, Ellington,,Write-in,1,0,1,0,0
Heard,SOUTHWEST,Appeals Court Judge, Ellington,,Write-in,0,0,0,0,0
Heard,WALNUT HILL,Appeals Court Judge, Ellington,,Write-in,0,0,0,0,0
Heard,,Appeals Court Judge, Miller,,M. YVETTE MILLER ,1688,91,1350,246,1
Heard,CENTRALHATCHEE,Appeals Court Judge, Miller,,M. YVETTE MILLER ,204,7,176,20,1
Heard,COOKSVILLE - CORINTH,Appeals Court Judge, Miller,,M. YVETTE MILLER ,124,2,111,11,0
Heard,ENON GROVE,Appeals Court Judge, Miller,,M. YVETTE MILLER ,221,13,170,38,0
Heard,EPHESUS,Appeals Court Judge, Miller,,M. YVETTE MILLER ,141,4,125,12,0
Heard,FRANKLIN,Appeals Court Judge, Miller,,M. YVETTE MILLER ,406,41,267,98,0
Heard,GLENLOCH,Appeals Court Judge, Miller,,M. YVETTE MILLER ,108,1,99,8,0
Heard,ROOSTERVILLE,Appeals Court Judge, Miller,,M. YVETTE MILLER ,194,2,176,16,0
Heard,SOUTHWEST,Appeals Court Judge, Miller,,M. YVETTE MILLER ,186,19,138,29,0
Heard,WALNUT HILL,Appeals Court Judge, Miller,,M. YVETTE MILLER ,104,2,88,14,0
Heard,,Appeals Court Judge, Miller,,Write-in,5,1,4,0,0
Heard,CENTRALHATCHEE,Appeals Court Judge, Miller,,Write-in,0,0,0,0,0
Heard,COOKSVILLE - CORINTH,Appeals Court Judge, Miller,,Write-in,1,0,1,0,0
Heard,ENON GROVE,Appeals Court Judge, Miller,,Write-in,0,0,0,0,0
Heard,EPHESUS,Appeals Court Judge, Miller,,Write-in,0,0,0,0,0
Heard,FRANKLIN,Appeals Court Judge, Miller,,Write-in,2,0,2,0,0
Heard,GLENLOCH,Appeals Court Judge, Miller,,Write-in,1,1,0,0,0
Heard,ROOSTERVILLE,Appeals Court Judge, Miller,,Write-in,1,0,1,0,0
Heard,SOUTHWEST,Appeals Court Judge, Miller,,Write-in,0,0,0,0,0
Heard,WALNUT HILL,Appeals Court Judge, Miller,,Write-in,0,0,0,0,0
Heard,,Appeals Court Judge, Phipps,,HERBERT PHIPPS ,1690,84,1357,248,1
Heard,CENTRALHATCHEE,Appeals Court Judge, Phipps,,HERBERT PHIPPS ,207,7,177,22,1
Heard,COOKSVILLE - CORINTH,Appeals Court Judge, Phipps,,HERBERT PHIPPS ,126,2,113,11,0
Heard,ENON GROVE,Appeals Court Judge, Phipps,,HERBERT PHIPPS ,224,12,173,39,0
Heard,EPHESUS,Appeals Court Judge, Phipps,,HERBERT PHIPPS ,140,4,125,11,0
Heard,FRANKLIN,Appeals Court Judge, Phipps,,HERBERT PHIPPS ,399,36,264,99,0
Heard,GLENLOCH,Appeals Court Judge, Phipps,,HERBERT PHIPPS ,110,1,101,8,0
Heard,ROOSTERVILLE,Appeals Court Judge, Phipps,,HERBERT PHIPPS ,197,2,179,16,0
Heard,SOUTHWEST,Appeals Court Judge, Phipps,,HERBERT PHIPPS ,185,18,138,29,0
Heard,WALNUT HILL,Appeals Court Judge, Phipps,,HERBERT PHIPPS ,102,2,87,13,0
Heard,,Appeals Court Judge, Phipps,,Write-in,7,3,4,0,0
Heard,CENTRALHATCHEE,Appeals Court Judge, Phipps,,Write-in,0,0,0,0,0
Heard,COOKSVILLE - CORINTH,Appeals Court Judge, Phipps,,Write-in,1,0,1,0,0
Heard,ENON GROVE,Appeals Court Judge, Phipps,,Write-in,0,0,0,0,0
Heard,EPHESUS,Appeals Court Judge, Phipps,,Write-in,0,0,0,0,0
Heard,FRANKLIN,Appeals Court Judge, Phipps,,Write-in,3,1,2,0,0
Heard,GLENLOCH,Appeals Court Judge, Phipps,,Write-in,1,1,0,0,0
Heard,ROOSTERVILLE,Appeals Court Judge, Phipps,,Write-in,1,0,1,0,0
Heard,SOUTHWEST,Appeals Court Judge, Phipps,,Write-in,1,1,0,0,0
Heard,WALNUT HILL,Appeals Court Judge, Phipps,,Write-in,0,0,0,0,0
Heard,,Superior Court Judge, Coweta Circuit (Baldwin),,QUILLIAN BALDWIN ,1789,92,1423,273,1
Heard,CENTRALHATCHEE,Superior Court Judge, Coweta Circuit (Baldwin),,QUILLIAN BALDWIN ,221,7,190,23,1
Heard,COOKSVILLE - CORINTH,Superior Court Judge, Coweta Circuit (Baldwin),,QUILLIAN BALDWIN ,131,2,118,11,0
Heard,ENON GROVE,Superior Court Judge, Coweta Circuit (Baldwin),,QUILLIAN BALDWIN ,230,13,178,39,0
Heard,EPHESUS,Superior Court Judge, Coweta Circuit (Baldwin),,QUILLIAN BALDWIN ,149,4,133,12,0
Heard,FRANKLIN,Superior Court Judge, Coweta Circuit (Baldwin),,QUILLIAN BALDWIN ,437,41,278,118,0
Heard,GLENLOCH,Superior Court Judge, Coweta Circuit (Baldwin),,QUILLIAN BALDWIN ,112,1,102,9,0
Heard,ROOSTERVILLE,Superior Court Judge, Coweta Circuit (Baldwin),,QUILLIAN BALDWIN ,205,2,186,17,0
Heard,SOUTHWEST,Superior Court Judge, Coweta Circuit (Baldwin),,QUILLIAN BALDWIN ,196,21,147,28,0
Heard,WALNUT HILL,Superior Court Judge, Coweta Circuit (Baldwin),,QUILLIAN BALDWIN ,108,1,91,16,0
Heard,,Superior Court Judge, Coweta Circuit (Baldwin),,Write-in,9,0,8,1,0
Heard,CENTRALHATCHEE,Superior Court Judge, Coweta Circuit (Baldwin),,Write-in,0,0,0,0,0
Heard,COOKSVILLE - CORINTH,Superior Court Judge, Coweta Circuit (Baldwin),,Write-in,1,0,1,0,0
Heard,ENON GROVE,Superior Court Judge, Coweta Circuit (Baldwin),,Write-in,2,0,2,0,0
Heard,EPHESUS,Superior Court Judge, Coweta Circuit (Baldwin),,Write-in,0,0,0,0,0
Heard,FRANKLIN,Superior Court Judge, Coweta Circuit (Baldwin),,Write-in,3,0,3,0,0
Heard,GLENLOCH,Superior Court Judge, Coweta Circuit (Baldwin),,Write-in,0,0,0,0,0
Heard,ROOSTERVILLE,Superior Court Judge, Coweta Circuit (Baldwin),,Write-in,1,0,1,0,0
Heard,SOUTHWEST,Superior Court Judge, Coweta Circuit (Baldwin),,Write-in,2,0,1,1,0
Heard,WALNUT HILL,Superior Court Judge, Coweta Circuit (Baldwin),,Write-in,0,0,0,0,0
Heard,,Superior Court Judge, Coweta Circuit (Blackmon),,DENNIS BLACKMON ,1749,92,1391,265,1
Heard,CENTRALHATCHEE,Superior Court Judge, Coweta Circuit (Blackmon),,DENNIS BLACKMON ,211,7,180,23,1
Heard,COOKSVILLE - CORINTH,Superior Court Judge, Coweta Circuit (Blackmon),,DENNIS BLACKMON ,135,2,120,13,0
Heard,ENON GROVE,Superior Court Judge, Coweta Circuit (Blackmon),,DENNIS BLACKMON ,225,13,172,40,0
Heard,EPHESUS,Superior Court Judge, Coweta Circuit (Blackmon),,DENNIS BLACKMON ,152,4,136,12,0
Heard,FRANKLIN,Superior Court Judge, Coweta Circuit (Blackmon),,DENNIS BLACKMON ,417,40,267,110,0
Heard,GLENLOCH,Superior Court Judge, Coweta Circuit (Blackmon),,DENNIS BLACKMON ,114,2,103,9,0
Heard,ROOSTERVILLE,Superior Court Judge, Coweta Circuit (Blackmon),,DENNIS BLACKMON ,201,2,183,16,0
Heard,SOUTHWEST,Superior Court Judge, Coweta Circuit (Blackmon),,DENNIS BLACKMON ,192,21,143,28,0
Heard,WALNUT HILL,Superior Court Judge, Coweta Circuit (Blackmon),,DENNIS BLACKMON ,102,1,87,14,0
Heard,,Superior Court Judge, Coweta Circuit (Blackmon),,Write-in,4,0,4,0,0
Heard,CENTRALHATCHEE,Superior Court Judge, Coweta Circuit (Blackmon),,Write-in,1,0,1,0,0
Heard,COOKSVILLE - CORINTH,Superior Court Judge, Coweta Circuit (Blackmon),,Write-in,0,0,0,0,0
Heard,ENON GROVE,Superior Court Judge, Coweta Circuit (Blackmon),,Write-in,0,0,0,0,0
Heard,EPHESUS,Superior Court Judge, Coweta Circuit (Blackmon),,Write-in,0,0,0,0,0
Heard,FRANKLIN,Superior Court Judge, Coweta Circuit (Blackmon),,Write-in,2,0,2,0,0
Heard,GLENLOCH,Superior Court Judge, Coweta Circuit (Blackmon),,Write-in,0,0,0,0,0
Heard,ROOSTERVILLE,Superior Court Judge, Coweta Circuit (Blackmon),,Write-in,1,0,1,0,0
Heard,SOUTHWEST,Superior Court Judge, Coweta Circuit (Blackmon),,Write-in,0,0,0,0,0
Heard,WALNUT HILL,Superior Court Judge, Coweta Circuit (Blackmon),,Write-in,0,0,0,0,0
Heard,,Superior Court Judge, Coweta Circuit (Keeble),,KEVIN MCMURRY,790,46,635,109,0
Heard,CENTRALHATCHEE,Superior Court Judge, Coweta Circuit (Keeble),,KEVIN MCMURRY,90,4,74,12,0
Heard,COOKSVILLE - CORINTH,Superior Court Judge, Coweta Circuit (Keeble),,KEVIN MCMURRY,70,2,59,9,0
Heard,ENON GROVE,Superior Court Judge, Coweta Circuit (Keeble),,KEVIN MCMURRY,111,9,90,12,0
Heard,EPHESUS,Superior Court Judge, Coweta Circuit (Keeble),,KEVIN MCMURRY,47,2,41,4,0
Heard,FRANKLIN,Superior Court Judge, Coweta Circuit (Keeble),,KEVIN MCMURRY,179,16,122,41,0
Heard,GLENLOCH,Superior Court Judge, Coweta Circuit (Keeble),,KEVIN MCMURRY,48,1,44,3,0
Heard,ROOSTERVILLE,Superior Court Judge, Coweta Circuit (Keeble),,KEVIN MCMURRY,98,3,89,6,0
Heard,SOUTHWEST,Superior Court Judge, Coweta Circuit (Keeble),,KEVIN MCMURRY,96,9,73,14,0
Heard,WALNUT HILL,Superior Court Judge, Coweta Circuit (Keeble),,KEVIN MCMURRY,51,0,43,8,0
Heard,,Superior Court Judge, Coweta Circuit (Keeble),,EMORY PALMER,1243,72,961,208,2
Heard,CENTRALHATCHEE,Superior Court Judge, Coweta Circuit (Keeble),,EMORY PALMER,155,3,134,17,1
Heard,COOKSVILLE - CORINTH,Superior Court Judge, Coweta Circuit (Keeble),,EMORY PALMER,71,1,66,4,0
Heard,ENON GROVE,Superior Court Judge, Coweta Circuit (Keeble),,EMORY PALMER,156,7,118,31,0
Heard,EPHESUS,Superior Court Judge, Coweta Circuit (Keeble),,EMORY PALMER,123,2,111,10,0
Heard,FRANKLIN,Superior Court Judge, Coweta Circuit (Keeble),,EMORY PALMER,322,37,192,93,0
Heard,GLENLOCH,Superior Court Judge, Coweta Circuit (Keeble),,EMORY PALMER,69,1,61,7,0
Heard,ROOSTERVILLE,Superior Court Judge, Coweta Circuit (Keeble),,EMORY PALMER,131,2,114,15,0
Heard,SOUTHWEST,Superior Court Judge, Coweta Circuit (Keeble),,EMORY PALMER,125,15,89,21,0
Heard,WALNUT HILL,Superior Court Judge, Coweta Circuit (Keeble),,EMORY PALMER,91,4,76,10,1
Heard,,Superior Court Judge, Coweta Circuit (Keeble),,Write-in,0,0,0,0,0
Heard,CENTRALHATCHEE,Superior Court Judge, Coweta Circuit (Keeble),,Write-in,0,0,0,0,0
Heard,COOKSVILLE - CORINTH,Superior Court Judge, Coweta Circuit (Keeble),,Write-in,0,0,0,0,0
Heard,ENON GROVE,Superior Court Judge, Coweta Circuit (Keeble),,Write-in,0,0,0,0,0
Heard,EPHESUS,Superior Court Judge, Coweta Circuit (Keeble),,Write-in,0,0,0,0,0
Heard,FRANKLIN,Superior Court Judge, Coweta Circuit (Keeble),,Write-in,0,0,0,0,0
Heard,GLENLOCH,Superior Court Judge, Coweta Circuit (Keeble),,Write-in,0,0,0,0,0
Heard,ROOSTERVILLE,Superior Court Judge, Coweta Circuit (Keeble),,Write-in,0,0,0,0,0
Heard,SOUTHWEST,Superior Court Judge, Coweta Circuit (Keeble),,Write-in,0,0,0,0,0
Heard,WALNUT HILL,Superior Court Judge, Coweta Circuit (Keeble),,Write-in,0,0,0,0,0
Heard,,Superior Court Judge, Coweta Circuit (Kirby),,JACK KIRBY ,1744,96,1387,260,1
Heard,CENTRALHATCHEE,Superior Court Judge, Coweta Circuit (Kirby),,JACK KIRBY ,204,7,174,22,1
Heard,COOKSVILLE - CORINTH,Superior Court Judge, Coweta Circuit (Kirby),,JACK KIRBY ,130,2,117,11,0
Heard,ENON GROVE,Superior Court Judge, Coweta Circuit (Kirby),,JACK KIRBY ,226,13,174,39,0
Heard,EPHESUS,Superior Court Judge, Coweta Circuit (Kirby),,JACK KIRBY ,145,4,129,12,0
Heard,FRANKLIN,Superior Court Judge, Coweta Circuit (Kirby),,JACK KIRBY ,428,44,278,106,0
Heard,GLENLOCH,Superior Court Judge, Coweta Circuit (Kirby),,JACK KIRBY ,112,2,100,10,0
Heard,ROOSTERVILLE,Superior Court Judge, Coweta Circuit (Kirby),,JACK KIRBY ,202,2,184,16,0
Heard,SOUTHWEST,Superior Court Judge, Coweta Circuit (Kirby),,JACK KIRBY ,186,20,138,28,0
Heard,WALNUT HILL,Superior Court Judge, Coweta Circuit (Kirby),,JACK KIRBY ,111,2,93,16,0
Heard,,Superior Court Judge, Coweta Circuit (Kirby),,Write-in,5,0,5,0,0
Heard,CENTRALHATCHEE,Superior Court Judge, Coweta Circuit (Kirby),,Write-in,0,0,0,0,0
Heard,COOKSVILLE - CORINTH,Superior Court Judge, Coweta Circuit (Kirby),,Write-in,1,0,1,0,0
Heard,ENON GROVE,Superior Court Judge, Coweta Circuit (Kirby),,Write-in,2,0,2,0,0
Heard,EPHESUS,Superior Court Judge, Coweta Circuit (Kirby),,Write-in,0,0,0,0,0
Heard,FRANKLIN,Superior Court Judge, Coweta Circuit (Kirby),,Write-in,0,0,0,0,0
Heard,GLENLOCH,Superior Court Judge, Coweta Circuit (Kirby),,Write-in,0,0,0,0,0
Heard,ROOSTERVILLE,Superior Court Judge, Coweta Circuit (Kirby),,Write-in,1,0,1,0,0
Heard,SOUTHWEST,Superior Court Judge, Coweta Circuit (Kirby),,Write-in,1,0,1,0,0
Heard,WALNUT HILL,Superior Court Judge, Coweta Circuit (Kirby),,Write-in,0,0,0,0,0
Heard,,Superior Court Judge, Coweta Circuit (Simpson),,JOHN SIMPSON ,1737,89,1386,261,1
Heard,CENTRALHATCHEE,Superior Court Judge, Coweta Circuit (Simpson),,JOHN SIMPSON ,207,7,178,21,1
Heard,COOKSVILLE - CORINTH,Superior Court Judge, Coweta Circuit (Simpson),,JOHN SIMPSON ,122,2,109,11,0
Heard,ENON GROVE,Superior Court Judge, Coweta Circuit (Simpson),,JOHN SIMPSON ,224,12,174,38,0
Heard,EPHESUS,Superior Court Judge, Coweta Circuit (Simpson),,JOHN SIMPSON ,155,4,139,12,0
Heard,FRANKLIN,Superior Court Judge, Coweta Circuit (Simpson),,JOHN SIMPSON ,417,38,272,107,0
Heard,GLENLOCH,Superior Court Judge, Coweta Circuit (Simpson),,JOHN SIMPSON ,109,2,97,10,0
Heard,ROOSTERVILLE,Superior Court Judge, Coweta Circuit (Simpson),,JOHN SIMPSON ,204,2,186,16,0
Heard,SOUTHWEST,Superior Court Judge, Coweta Circuit (Simpson),,JOHN SIMPSON ,191,20,141,30,0
Heard,WALNUT HILL,Superior Court Judge, Coweta Circuit (Simpson),,JOHN SIMPSON ,108,2,90,16,0
Heard,,Superior Court Judge, Coweta Circuit (Simpson),,Write-in,9,2,7,0,0
Heard,CENTRALHATCHEE,Superior Court Judge, Coweta Circuit (Simpson),,Write-in,0,0,0,0,0
Heard,COOKSVILLE - CORINTH,Superior Court Judge, Coweta Circuit (Simpson),,Write-in,0,0,0,0,0
Heard,ENON GROVE,Superior Court Judge, Coweta Circuit (Simpson),,Write-in,5,1,4,0,0
Heard,EPHESUS,Superior Court Judge, Coweta Circuit (Simpson),,Write-in,0,0,0,0,0
Heard,FRANKLIN,Superior Court Judge, Coweta Circuit (Simpson),,Write-in,2,0,2,0,0
Heard,GLENLOCH,Superior Court Judge, Coweta Circuit (Simpson),,Write-in,0,0,0,0,0
Heard,ROOSTERVILLE,Superior Court Judge, Coweta Circuit (Simpson),,Write-in,1,0,1,0,0
Heard,SOUTHWEST,Superior Court Judge, Coweta Circuit (Simpson),,Write-in,1,1,0,0,0
Heard,WALNUT HILL,Superior Court Judge, Coweta Circuit (Simpson),,Write-in,0,0,0,0,0
Heard,,JUDGE, PROBATE COURT,,JOSEPH BLEDSOE ,1922,105,1521,295,1
Heard,CENTRALHATCHEE,JUDGE, PROBATE COURT,,JOSEPH BLEDSOE ,241,7,205,28,1
Heard,COOKSVILLE - CORINTH,JUDGE, PROBATE COURT,,JOSEPH BLEDSOE ,132,2,118,12,0
Heard,ENON GROVE,JUDGE, PROBATE COURT,,JOSEPH BLEDSOE ,240,13,186,41,0
Heard,EPHESUS,JUDGE, PROBATE COURT,,JOSEPH BLEDSOE ,154,4,137,13,0
Heard,FRANKLIN,JUDGE, PROBATE COURT,,JOSEPH BLEDSOE ,465,46,294,125,0
Heard,GLENLOCH,JUDGE, PROBATE COURT,,JOSEPH BLEDSOE ,118,2,107,9,0
Heard,ROOSTERVILLE,JUDGE, PROBATE COURT,,JOSEPH BLEDSOE ,226,4,202,20,0
Heard,SOUTHWEST,JUDGE, PROBATE COURT,,JOSEPH BLEDSOE ,220,24,165,31,0
Heard,WALNUT HILL,JUDGE, PROBATE COURT,,JOSEPH BLEDSOE ,126,3,107,16,0
Heard,,JUDGE, PROBATE COURT,,Write-in ,11,1,9,1,0
Heard,CENTRALHATCHEE,JUDGE, PROBATE COURT,,Write-in ,0,0,0,0,0
Heard,COOKSVILLE - CORINTH,JUDGE, PROBATE COURT,,Write-in ,1,1,0,0,0
Heard,ENON GROVE,JUDGE, PROBATE COURT,,Write-in ,1,0,1,0,0
Heard,EPHESUS,JUDGE, PROBATE COURT,,Write-in ,2,0,2,0,0
Heard,FRANKLIN,JUDGE, PROBATE COURT,,Write-in ,4,0,3,1,0
Heard,GLENLOCH,JUDGE, PROBATE COURT,,Write-in ,0,0,0,0,0
Heard,ROOSTERVILLE,JUDGE, PROBATE COURT,,Write-in ,3,0,3,0,0
Heard,SOUTHWEST,JUDGE, PROBATE COURT,,Write-in ,0,0,0,0,0
Heard,WALNUT HILL,JUDGE, PROBATE COURT,,Write-in ,0,0,0,0,0
Heard,,BOE D2,,,MIKE L. CROCKETT ,453,12,403,38,0
Heard,CENTRALHATCHEE,BOE D2,,,MIKE L. CROCKETT ,236,6,207,23,0
Heard,GLENLOCH,BOE D2,,,MIKE L. CROCKETT ,115,3,103,9,0
Heard,ROOSTERVILLE,BOE D2,,,MIKE L. CROCKETT ,102,3,93,6,0
Heard,,BOE D2,,,Write-in ,5,0,5,0,0
Heard,CENTRALHATCHEE,BOE D2,,,Write-in ,3,0,3,0,0
Heard,GLENLOCH,BOE D2,,,Write-in ,1,0,1,0,0
Heard,ROOSTERVILLE,BOE D2,,,Write-in ,1,0,1,0,0
Heard,,BOE D4,,,H. TIM HOLTZCLAW ,247,21,150,76,0
Heard,COOKSVILLE - CORINTH,BOE D4,,,H. TIM HOLTZCLAW ,22,1,20,1,0
Heard,ENON GROVE,BOE D4,,,H. TIM HOLTZCLAW ,27,3,19,5,0
Heard,FRANKLIN,BOE D4,,,H. TIM HOLTZCLAW ,198,17,111,70,0
Heard,,BOE D4,,,DOUG STEPHENS,206,24,132,50,0
Heard,COOKSVILLE - CORINTH,BOE D4,,,DOUG STEPHENS,18,1,13,4,0
Heard,ENON GROVE,BOE D4,,,DOUG STEPHENS,13,1,11,1,0
Heard,FRANKLIN,BOE D4,,,DOUG STEPHENS,175,22,108,45,0
Heard,,BOE D4,,,Write-in,0,0,0,0,0
Heard,COOKSVILLE - CORINTH,BOE D4,,,Write-in,0,0,0,0,0
Heard,ENON GROVE,BOE D4,,,Write-in,0,0,0,0,0
Heard,FRANKLIN,BOE D4,,,Write-in,0,0,0,0,0
Heard,,BOE D1 SPECIAL ELECTION,,,CURTIS M. MOCK,156,11,125,20,0
Heard,COOKSVILLE - CORINTH,BOE D1 SPECIAL ELECTION,,,CURTIS M. MOCK,46,1,43,2,0
Heard,ENON GROVE,BOE D1 SPECIAL ELECTION,,,CURTIS M. MOCK,110,10,82,18,0
Heard,,BOE D1 SPECIAL ELECTION,,,CHAD WOOD,183,2,155,26,0
Heard,COOKSVILLE - CORINTH,BOE D1 SPECIAL ELECTION,,,CHAD WOOD,59,0,53,6,0
Heard,ENON GROVE,BOE D1 SPECIAL ELECTION,,,CHAD WOOD,124,2,102,20,0
Heard,,TSPLOST,,,YES,741,49,569,123,0
Heard,CENTRALHATCHEE,TSPLOST,,,YES,95,5,77,13,0
Heard,COOKSVILLE - CORINTH,TSPLOST,,,YES,52,0,46,6,0
Heard,ENON GROVE,TSPLOST,,,YES,93,6,70,17,0
Heard,EPHESUS,TSPLOST,,,YES,54,2,46,6,0
Heard,FRANKLIN,TSPLOST,,,YES,181,23,109,49,0
Heard,GLENLOCH,TSPLOST,,,YES,42,1,38,3,0
Heard,ROOSTERVILLE,TSPLOST,,,YES,81,0,71,10,0
Heard,SOUTHWEST,TSPLOST,,,YES,92,12,68,12,0
Heard,WALNUT HILL,TSPLOST,,,YES,51,0,44,7,0
Heard,,TSPLOST,,,NO,1524,82,1217,223,2
Heard,CENTRALHATCHEE,TSPLOST,,,NO,181,2,159,19,1
Heard,COOKSVILLE - CORINTH,TSPLOST,,,NO,104,3,91,10,0
Heard,ENON GROVE,TSPLOST,,,NO,195,8,159,28,0
Heard,EPHESUS,TSPLOST,,,NO,127,3,114,10,0
Heard,FRANKLIN,TSPLOST,,,NO,376,38,235,103,0
Heard,GLENLOCH,TSPLOST,,,NO,91,2,82,7,0
Heard,ROOSTERVILLE,TSPLOST,,,NO,180,5,162,13,0
Heard,SOUTHWEST,TSPLOST,,,NO,163,15,126,22,0
Heard,WALNUT HILL,TSPLOST,,,NO,107,6,89,11,1
