county,precinct,office,district,party,candidate,votes,absentee_by_mail,election_day,advance_in_person,provisional
Tattnall,,"Public Service Commission, District 3",3,REP,CHUCK EATON (I),768,30,550,187,1
Tattnall,Cobbtown,"Public Service Commission, District 3",3,REP,CHUCK EATON (I),36,1,28,7,0
Tattnall,Longview,"Public Service Commission, District 3",3,REP,CHUCK EATON (I),16,2,13,1,0
Tattnall,Collins,"Public Service Commission, District 3",3,REP,CHUCK EATON (I),49,0,36,13,0
Tattnall,Manassas,"Public Service Commission, District 3",3,REP,CHUCK EATON (I),15,0,15,0,0
Tattnall,District II,"Public Service Commission, District 3",3,REP,CHUCK EATON (I),173,6,112,55,0
Tattnall,Birdford,"Public Service Commission, District 3",3,REP,CHUCK EATON (I),55,0,46,8,1
Tattnall,East Glennville,"Public Service Commission, District 3",3,REP,CHUCK EATON (I),127,4,92,31,0
Tattnall,District IV,"Public Service Commission, District 3",3,REP,CHUCK EATON (I),156,9,110,37,0
Tattnall,District V,"Public Service Commission, District 3",3,REP,CHUCK EATON (I),141,8,98,35,0
Tattnall,,"Public Service Commission, District 3",3,REP,MATT REID,548,20,386,141,1
Tattnall,Cobbtown,"Public Service Commission, District 3",3,REP,MATT REID,20,4,7,9,0
Tattnall,Longview,"Public Service Commission, District 3",3,REP,MATT REID,3,0,2,1,0
Tattnall,Collins,"Public Service Commission, District 3",3,REP,MATT REID,30,0,22,8,0
Tattnall,Manassas,"Public Service Commission, District 3",3,REP,MATT REID,16,0,12,3,1
Tattnall,District II,"Public Service Commission, District 3",3,REP,MATT REID,125,2,77,46,0
Tattnall,Birdford,"Public Service Commission, District 3",3,REP,MATT REID,38,4,26,8,0
Tattnall,East Glennville,"Public Service Commission, District 3",3,REP,MATT REID,106,1,83,22,0
Tattnall,District IV,"Public Service Commission, District 3",3,REP,MATT REID,107,4,84,19,0
Tattnall,District V,"Public Service Commission, District 3",3,REP,MATT REID,103,5,73,25,0
Tattnall,,"Public Service Commission, District 3",3,DEM,STEPHEN OPPENHEIMER,533,24,378,130,1
Tattnall,Cobbtown,"Public Service Commission, District 3",3,DEM,STEPHEN OPPENHEIMER,55,4,37,14,0
Tattnall,Longview,"Public Service Commission, District 3",3,DEM,STEPHEN OPPENHEIMER,28,0,21,7,0
Tattnall,Collins,"Public Service Commission, District 3",3,DEM,STEPHEN OPPENHEIMER,120,9,92,19,0
Tattnall,Manassas,"Public Service Commission, District 3",3,DEM,STEPHEN OPPENHEIMER,14,1,13,0,0
Tattnall,District II,"Public Service Commission, District 3",3,DEM,STEPHEN OPPENHEIMER,92,4,51,37,0
Tattnall,Birdford,"Public Service Commission, District 3",3,DEM,STEPHEN OPPENHEIMER,17,0,14,3,0
Tattnall,East Glennville,"Public Service Commission, District 3",3,DEM,STEPHEN OPPENHEIMER,56,1,42,12,1
Tattnall,District IV,"Public Service Commission, District 3",3,DEM,STEPHEN OPPENHEIMER,83,5,58,20,0
Tattnall,District V,"Public Service Commission, District 3",3,DEM,STEPHEN OPPENHEIMER,68,0,50,18,0
Tattnall,,"Public Service Commission, District 5",5,REP,PAM DAVIDSON,539,17,376,146,0
Tattnall,Cobbtown,"Public Service Commission, District 5",5,REP,PAM DAVIDSON,23,2,10,11,0
Tattnall,Longview,"Public Service Commission, District 5",5,REP,PAM DAVIDSON,4,0,4,0,0
Tattnall,Collins,"Public Service Commission, District 5",5,REP,PAM DAVIDSON,36,0,26,10,0
Tattnall,Manassas,"Public Service Commission, District 5",5,REP,PAM DAVIDSON,15,0,13,2,0
Tattnall,District II,"Public Service Commission, District 5",5,REP,PAM DAVIDSON,138,1,84,53,0
Tattnall,Birdford,"Public Service Commission, District 5",5,REP,PAM DAVIDSON,38,4,26,8,0
Tattnall,East Glennville,"Public Service Commission, District 5",5,REP,PAM DAVIDSON,88,1,75,12,0
Tattnall,District IV,"Public Service Commission, District 5",5,REP,PAM DAVIDSON,104,5,77,22,0
Tattnall,District V,"Public Service Commission, District 5",5,REP,PAM DAVIDSON,93,4,61,28,0
Tattnall,,"Public Service Commission, District 5",5,REP,STAN WISE (I),759,30,551,177,1
Tattnall,Cobbtown,"Public Service Commission, District 5",5,REP,STAN WISE (I),34,2,27,5,0
Tattnall,Longview,"Public Service Commission, District 5",5,REP,STAN WISE (I),16,2,11,3,0
Tattnall,Collins,"Public Service Commission, District 5",5,REP,STAN WISE (I),40,0,29,11,0
Tattnall,Manassas,"Public Service Commission, District 5",5,REP,STAN WISE (I),16,0,15,1,0
Tattnall,District II,"Public Service Commission, District 5",5,REP,STAN WISE (I),157,6,103,48,0
Tattnall,Birdford,"Public Service Commission, District 5",5,REP,STAN WISE (I),55,0,46,8,1
Tattnall,East Glennville,"Public Service Commission, District 5",5,REP,STAN WISE (I),136,4,97,35,0
Tattnall,District IV,"Public Service Commission, District 5",5,REP,STAN WISE (I),161,8,119,34,0
Tattnall,District V,"Public Service Commission, District 5",5,REP,STAN WISE (I),144,8,104,32,0
Tattnall,,"U.S. Representative, District 12",12,REP,RICK W. ALLEN,324,14,218,92,0
Tattnall,Cobbtown,"U.S. Representative, District 12",12,REP,RICK W. ALLEN,17,3,9,5,0
Tattnall,Longview,"U.S. Representative, District 12",12,REP,RICK W. ALLEN,6,0,4,2,0
Tattnall,Collins,"U.S. Representative, District 12",12,REP,RICK W. ALLEN,33,0,21,12,0
Tattnall,Manassas,"U.S. Representative, District 12",12,REP,RICK W. ALLEN,10,0,10,0,0
Tattnall,District II,"U.S. Representative, District 12",12,REP,RICK W. ALLEN,97,3,69,25,0
Tattnall,Birdford,"U.S. Representative, District 12",12,REP,RICK W. ALLEN,15,0,11,4,0
Tattnall,East Glennville,"U.S. Representative, District 12",12,REP,RICK W. ALLEN,49,2,33,14,0
Tattnall,District IV,"U.S. Representative, District 12",12,REP,RICK W. ALLEN,50,0,33,17,0
Tattnall,District V,"U.S. Representative, District 12",12,REP,RICK W. ALLEN,47,6,28,13,0
Tattnall,,"U.S. Representative, District 12",12,REP,LEE ANDERSON,535,19,397,119,0
Tattnall,Cobbtown,"U.S. Representative, District 12",12,REP,LEE ANDERSON,20,1,15,4,0
Tattnall,Longview,"U.S. Representative, District 12",12,REP,LEE ANDERSON,8,2,6,0,0
Tattnall,Collins,"U.S. Representative, District 12",12,REP,LEE ANDERSON,35,0,26,9,0
Tattnall,Manassas,"U.S. Representative, District 12",12,REP,LEE ANDERSON,15,0,12,3,0
Tattnall,District II,"U.S. Representative, District 12",12,REP,LEE ANDERSON,91,1,58,32,0
Tattnall,Birdford,"U.S. Representative, District 12",12,REP,LEE ANDERSON,40,2,37,1,0
Tattnall,East Glennville,"U.S. Representative, District 12",12,REP,LEE ANDERSON,94,1,73,20,0
Tattnall,District IV,"U.S. Representative, District 12",12,REP,LEE ANDERSON,118,6,92,20,0
Tattnall,District V,"U.S. Representative, District 12",12,REP,LEE ANDERSON,114,6,78,30,0
Tattnall,,"U.S. Representative, District 12",12,REP,WRIGHT MCLEOD,345,9,260,74,2
Tattnall,Cobbtown,"U.S. Representative, District 12",12,REP,WRIGHT MCLEOD,7,0,5,2,0
Tattnall,Longview,"U.S. Representative, District 12",12,REP,WRIGHT MCLEOD,4,0,3,1,0
Tattnall,Collins,"U.S. Representative, District 12",12,REP,WRIGHT MCLEOD,12,0,11,1,0
Tattnall,Manassas,"U.S. Representative, District 12",12,REP,WRIGHT MCLEOD,4,0,3,0,1
Tattnall,District II,"U.S. Representative, District 12",12,REP,WRIGHT MCLEOD,75,2,53,20,0
Tattnall,Birdford,"U.S. Representative, District 12",12,REP,WRIGHT MCLEOD,23,0,15,7,1
Tattnall,East Glennville,"U.S. Representative, District 12",12,REP,WRIGHT MCLEOD,66,0,52,14,0
Tattnall,District IV,"U.S. Representative, District 12",12,REP,WRIGHT MCLEOD,81,5,63,13,0
Tattnall,District V,"U.S. Representative, District 12",12,REP,WRIGHT MCLEOD,73,2,55,16,0
Tattnall,,"U.S. Representative, District 12",12,REP,MARIA SHEFFIELD,263,5,190,68,0
Tattnall,Cobbtown,"U.S. Representative, District 12",12,REP,MARIA SHEFFIELD,18,0,12,6,0
Tattnall,Longview,"U.S. Representative, District 12",12,REP,MARIA SHEFFIELD,4,0,4,0,0
Tattnall,Collins,"U.S. Representative, District 12",12,REP,MARIA SHEFFIELD,11,0,8,3,0
Tattnall,Manassas,"U.S. Representative, District 12",12,REP,MARIA SHEFFIELD,3,0,3,0,0
Tattnall,District II,"U.S. Representative, District 12",12,REP,MARIA SHEFFIELD,54,1,27,26,0
Tattnall,Birdford,"U.S. Representative, District 12",12,REP,MARIA SHEFFIELD,23,2,16,5,0
Tattnall,East Glennville,"U.S. Representative, District 12",12,REP,MARIA SHEFFIELD,56,0,45,11,0
Tattnall,District IV,"U.S. Representative, District 12",12,REP,MARIA SHEFFIELD,54,2,43,9,0
Tattnall,District V,"U.S. Representative, District 12",12,REP,MARIA SHEFFIELD,40,0,32,8,0
Tattnall,,"U.S. Representative, District 12",12,DEM,JOHN BARROW (I),715,34,489,191,1
Tattnall,Cobbtown,"U.S. Representative, District 12",12,DEM,JOHN BARROW (I),69,4,48,17,0
Tattnall,Longview,"U.S. Representative, District 12",12,DEM,JOHN BARROW (I),30,0,24,6,0
Tattnall,Collins,"U.S. Representative, District 12",12,DEM,JOHN BARROW (I),161,13,122,26,0
Tattnall,Manassas,"U.S. Representative, District 12",12,DEM,JOHN BARROW (I),21,1,19,1,0
Tattnall,District II,"U.S. Representative, District 12",12,DEM,JOHN BARROW (I),131,6,65,60,0
Tattnall,Birdford,"U.S. Representative, District 12",12,DEM,JOHN BARROW (I),22,0,16,6,0
Tattnall,East Glennville,"U.S. Representative, District 12",12,DEM,JOHN BARROW (I),64,1,45,17,1
Tattnall,District IV,"U.S. Representative, District 12",12,DEM,JOHN BARROW (I),124,6,89,29,0
Tattnall,District V,"U.S. Representative, District 12",12,DEM,JOHN BARROW (I),93,3,61,29,0
Tattnall,,"State Senator, District 4",4,REP,JACK HILL (I),486,17,329,139,1
Tattnall,Cobbtown,"State Senator, District 4",4,REP,JACK HILL (I),54,4,37,13,0
Tattnall,Longview,"State Senator, District 4",4,REP,JACK HILL (I),21,2,17,2,0
Tattnall,Collins,"State Senator, District 4",4,REP,JACK HILL (I),89,1,61,27,0
Tattnall,Manassas,"State Senator, District 4",4,REP,JACK HILL (I),26,0,23,2,1
Tattnall,District II,"State Senator, District 4",4,REP,JACK HILL (I),296,10,191,95,0
Tattnall,,"State Senator, District 19",19,REP,TOMMIE WILLIAMS (I),751,37,562,151,1
Tattnall,Birdford,"State Senator, District 19",19,REP,TOMMIE WILLIAMS (I),82,2,64,15,1
Tattnall,East Glennville,"State Senator, District 19",19,REP,TOMMIE WILLIAMS (I),218,9,167,42,0
Tattnall,District IV,"State Senator, District 19",19,REP,TOMMIE WILLIAMS (I),241,15,186,40,0
Tattnall,District V,"State Senator, District 19",19,REP,TOMMIE WILLIAMS (I),210,11,145,54,0
Tattnall,,"State Representative, District 157",157,REP,DELVIS DUTTON (I),1217,55,871,289,2
Tattnall,Cobbtown,"State Representative, District 157",157,REP,DELVIS DUTTON (I),52,4,35,13,0
Tattnall,Longview,"State Representative, District 157",157,REP,DELVIS DUTTON (I),19,2,15,2,0
Tattnall,Collins,"State Representative, District 157",157,REP,DELVIS DUTTON (I),80,1,57,22,0
Tattnall,Manassas,"State Representative, District 157",157,REP,DELVIS DUTTON (I),26,0,23,2,1
Tattnall,District II,"State Representative, District 157",157,REP,DELVIS DUTTON (I),263,9,167,87,0
Tattnall,Birdford,"State Representative, District 157",157,REP,DELVIS DUTTON (I),80,2,63,14,1
Tattnall,East Glennville,"State Representative, District 157",157,REP,DELVIS DUTTON (I),236,9,180,47,0
Tattnall,District IV,"State Representative, District 157",157,REP,DELVIS DUTTON (I),239,15,182,42,0
Tattnall,District V,"State Representative, District 157",157,REP,DELVIS DUTTON (I),222,13,149,60,0
Tattnall,,"CLERK, SUPERIOR COURT", SUPERIOR COURT - D,,DEBBIE CREWS ,735,37,506,191,1
Tattnall,Cobbtown,"CLERK, SUPERIOR COURT", SUPERIOR COURT - D,,DEBBIE CREWS ,83,5,58,20,0
Tattnall,Longview,"CLERK, SUPERIOR COURT", SUPERIOR COURT - D,,DEBBIE CREWS ,38,0,32,6,0
Tattnall,Collins,"CLERK, SUPERIOR COURT", SUPERIOR COURT - D,,DEBBIE CREWS ,168,14,129,25,0
Tattnall,Manassas,"CLERK, SUPERIOR COURT", SUPERIOR COURT - D,,DEBBIE CREWS ,19,1,17,1,0
Tattnall,District II,"CLERK, SUPERIOR COURT", SUPERIOR COURT - D,,DEBBIE CREWS ,120,6,57,57,0
Tattnall,Birdford,"CLERK, SUPERIOR COURT", SUPERIOR COURT - D,,DEBBIE CREWS ,22,0,17,5,0
Tattnall,East Glennville,"CLERK, SUPERIOR COURT", SUPERIOR COURT - D,,DEBBIE CREWS ,70,3,49,17,1
Tattnall,District IV,"CLERK, SUPERIOR COURT", SUPERIOR COURT - D,,DEBBIE CREWS ,118,7,82,29,0
Tattnall,District V,"CLERK, SUPERIOR COURT", SUPERIOR COURT - D,,DEBBIE CREWS ,97,1,65,31,0
Tattnall,,SHERIFF,,,QUINTON RUSH ,1263,55,903,303,2
Tattnall,Cobbtown,SHERIFF,,,QUINTON RUSH ,56,4,39,13,0
Tattnall,Longview,SHERIFF,,,QUINTON RUSH ,19,2,14,3,0
Tattnall,Collins,SHERIFF,,,QUINTON RUSH ,87,1,63,23,0
Tattnall,Manassas,SHERIFF,,,QUINTON RUSH ,26,0,23,2,1
Tattnall,District II,SHERIFF,,,QUINTON RUSH ,296,10,186,100,0
Tattnall,Birdford,SHERIFF,,,QUINTON RUSH ,88,2,69,16,1
Tattnall,East Glennville,SHERIFF,,,QUINTON RUSH ,229,9,174,46,0
Tattnall,District IV,SHERIFF,,,QUINTON RUSH ,242,15,182,45,0
Tattnall,District V,SHERIFF,,,QUINTON RUSH ,220,12,153,55,0
Tattnall,,TAX COMMISSIONER,,,DALE P. DUTTON ,782,36,533,212,1
Tattnall,Cobbtown,TAX COMMISSIONER,,,DALE P. DUTTON ,82,4,54,24,0
Tattnall,Longview,TAX COMMISSIONER,,,DALE P. DUTTON ,38,0,32,6,0
Tattnall,Collins,TAX COMMISSIONER,,,DALE P. DUTTON ,176,14,134,28,0
Tattnall,Manassas,TAX COMMISSIONER,,,DALE P. DUTTON ,20,1,18,1,0
Tattnall,District II,TAX COMMISSIONER,,,DALE P. DUTTON ,136,5,67,64,0
Tattnall,Birdford,TAX COMMISSIONER,,,DALE P. DUTTON ,24,0,18,6,0
Tattnall,East Glennville,TAX COMMISSIONER,,,DALE P. DUTTON ,72,3,50,18,1
Tattnall,District IV,TAX COMMISSIONER,,,DALE P. DUTTON ,134,7,96,31,0
Tattnall,District V,TAX COMMISSIONER,,,DALE P. DUTTON ,100,2,64,34,0
Tattnall,,CORONER,,,BOBBY J. BRANNEN ,710,33,484,192,1
Tattnall,Cobbtown,CORONER,,,BOBBY J. BRANNEN ,73,4,49,20,0
Tattnall,Longview,CORONER,,,BOBBY J. BRANNEN ,35,0,29,6,0
Tattnall,Collins,CORONER,,,BOBBY J. BRANNEN ,154,11,114,29,0
Tattnall,Manassas,CORONER,,,BOBBY J. BRANNEN ,17,1,16,0,0
Tattnall,District II,CORONER,,,BOBBY J. BRANNEN ,110,5,50,55,0
Tattnall,Birdford,CORONER,,,BOBBY J. BRANNEN ,24,0,17,7,0
Tattnall,East Glennville,CORONER,,,BOBBY J. BRANNEN ,72,3,51,17,1
Tattnall,District IV,CORONER,,,BOBBY J. BRANNEN ,126,7,91,28,0
Tattnall,District V,CORONER,,,BOBBY J. BRANNEN ,99,2,67,30,0
Tattnall,,CHAIR CC,,,KEITH DIXON,1127,46,832,247,2
Tattnall,Cobbtown,CHAIR CC,,,KEITH DIXON,48,4,33,11,0
Tattnall,Longview,CHAIR CC,,,KEITH DIXON,18,2,13,3,0
Tattnall,Collins,CHAIR CC,,,KEITH DIXON,71,0,52,19,0
Tattnall,Manassas,CHAIR CC,,,KEITH DIXON,26,0,23,2,1
Tattnall,District II,CHAIR CC,,,KEITH DIXON,229,7,150,72,0
Tattnall,Birdford,CHAIR CC,,,KEITH DIXON,75,2,59,13,1
Tattnall,East Glennville,CHAIR CC,,,KEITH DIXON,213,7,164,42,0
Tattnall,District IV,CHAIR CC,,,KEITH DIXON,238,12,183,43,0
Tattnall,District V,CHAIR CC,,,KEITH DIXON,209,12,155,42,0
Tattnall,,"CC, D1", D1 - D,,RICHARD HIGGS,77,4,63,10,0
Tattnall,Cobbtown,"CC, D1", D1 - D,,RICHARD HIGGS,8,0,8,0,0
Tattnall,Longview,"CC, D1", D1 - D,,RICHARD HIGGS,5,0,5,0,0
Tattnall,Collins,"CC, D1", D1 - D,,RICHARD HIGGS,57,3,44,10,0
Tattnall,Manassas,"CC, D1", D1 - D,,RICHARD HIGGS,7,1,6,0,0
Tattnall,,"CC, D1", D1 - D,,RICKY JARRIEL,118,1,91,26,0
Tattnall,Cobbtown,"CC, D1", D1 - D,,RICKY JARRIEL,22,1,14,7,0
Tattnall,Longview,"CC, D1", D1 - D,,RICKY JARRIEL,17,0,16,1,0
Tattnall,Collins,"CC, D1", D1 - D,,RICKY JARRIEL,73,0,55,18,0
Tattnall,Manassas,"CC, D1", D1 - D,,RICKY JARRIEL,6,0,6,0,0
Tattnall,,"CC, D1", D1 - D,,EDWARD KENNEDY ,244,16,187,41,0
Tattnall,Cobbtown,"CC, D1", D1 - D,,EDWARD KENNEDY ,97,5,67,25,0
Tattnall,Longview,"CC, D1", D1 - D,,EDWARD KENNEDY ,19,0,14,5,0
Tattnall,Collins,"CC, D1", D1 - D,,EDWARD KENNEDY ,110,11,89,10,0
Tattnall,Manassas,"CC, D1", D1 - D,,EDWARD KENNEDY ,18,0,17,1,0
Tattnall,,"CC, D2", D2 - R,,JAMES W. CARTER,80,2,50,28,0
Tattnall,District II,"CC, D2", D2 - R,,JAMES W. CARTER,80,2,50,28,0
Tattnall,,"CC, D2", D2 - R,,J. DANIEL SHUMAN ,265,8,167,90,0
Tattnall,District II,"CC, D2", D2 - R,,J. DANIEL SHUMAN ,265,8,167,90,0
Tattnall,,"CC, D3", D3 - R,,GEORGE THOMPSON ,292,10,226,55,1
Tattnall,Birdford,"CC, D3", D3 - R,,GEORGE THOMPSON ,75,2,59,13,1
Tattnall,East Glennville,"CC, D3", D3 - R,,GEORGE THOMPSON ,217,8,167,42,0
Tattnall,,"CC, D4", D4 - R,,RANDALL BRAY,192,12,152,28,0
Tattnall,District IV,"CC, D4", D4 - R,,RANDALL BRAY,192,12,152,28,0
Tattnall,,"CC, D4", D4 - D,,MOURICE COLLINS ,132,6,97,29,0
Tattnall,District IV,"CC, D4", D4 - D,,MOURICE COLLINS ,132,6,97,29,0
Tattnall,,"CC, D5", D5 - R,,H. B. BURKHALTER ,209,12,144,53,0
Tattnall,District V,"CC, D5", D5 - R,,H. B. BURKHALTER ,209,12,144,53,0
Tattnall,,Republican Party Question 1<br>Should Georgia have casino gambling with funds going to education?,,REP,YES,702,21,501,179,1
Tattnall,Cobbtown,Republican Party Question 1<br>Should Georgia have casino gambling with funds going to education?,,REP,YES,23,0,17,6,0
Tattnall,Longview,Republican Party Question 1<br>Should Georgia have casino gambling with funds going to education?,,REP,YES,10,2,8,0,0
Tattnall,Collins,Republican Party Question 1<br>Should Georgia have casino gambling with funds going to education?,,REP,YES,55,1,37,17,0
Tattnall,Manassas,Republican Party Question 1<br>Should Georgia have casino gambling with funds going to education?,,REP,YES,19,0,16,2,1
Tattnall,District II,Republican Party Question 1<br>Should Georgia have casino gambling with funds going to education?,,REP,YES,165,3,97,65,0
Tattnall,Birdford,Republican Party Question 1<br>Should Georgia have casino gambling with funds going to education?,,REP,YES,46,0,42,4,0
Tattnall,East Glennville,Republican Party Question 1<br>Should Georgia have casino gambling with funds going to education?,,REP,YES,116,3,88,25,0
Tattnall,District IV,Republican Party Question 1<br>Should Georgia have casino gambling with funds going to education?,,REP,YES,140,5,113,22,0
Tattnall,District V,Republican Party Question 1<br>Should Georgia have casino gambling with funds going to education?,,REP,YES,128,7,83,38,0
Tattnall,,Republican Party Question 1<br>Should Georgia have casino gambling with funds going to education?,,REP,NO,862,36,626,199,1
Tattnall,Cobbtown,Republican Party Question 1<br>Should Georgia have casino gambling with funds going to education?,,REP,NO,44,5,28,11,0
Tattnall,Longview,Republican Party Question 1<br>Should Georgia have casino gambling with funds going to education?,,REP,NO,12,0,10,2,0
Tattnall,Collins,Republican Party Question 1<br>Should Georgia have casino gambling with funds going to education?,,REP,NO,46,0,34,12,0
Tattnall,Manassas,Republican Party Question 1<br>Should Georgia have casino gambling with funds going to education?,,REP,NO,13,0,12,1,0
Tattnall,District II,Republican Party Question 1<br>Should Georgia have casino gambling with funds going to education?,,REP,NO,178,3,124,51,0
Tattnall,Birdford,Republican Party Question 1<br>Should Georgia have casino gambling with funds going to education?,,REP,NO,60,4,42,13,1
Tattnall,East Glennville,Republican Party Question 1<br>Should Georgia have casino gambling with funds going to education?,,REP,NO,169,8,123,38,0
Tattnall,District IV,Republican Party Question 1<br>Should Georgia have casino gambling with funds going to education?,,REP,NO,175,9,127,39,0
Tattnall,District V,Republican Party Question 1<br>Should Georgia have casino gambling with funds going to education?,,REP,NO,165,7,126,32,0
Tattnall,,Republican Party Question 2<br>Do you support ending the current practice of unlimited gifts from lobbyists to state legislators by imposing a $100 cap on such gifts?,,REP,YES,1301,54,938,308,1
Tattnall,Cobbtown,Republican Party Question 2<br>Do you support ending the current practice of unlimited gifts from lobbyists to state legislators by imposing a $100 cap on such gifts?,,REP,YES,57,5,37,15,0
Tattnall,Longview,Republican Party Question 2<br>Do you support ending the current practice of unlimited gifts from lobbyists to state legislators by imposing a $100 cap on such gifts?,,REP,YES,17,2,13,2,0
Tattnall,Collins,Republican Party Question 2<br>Do you support ending the current practice of unlimited gifts from lobbyists to state legislators by imposing a $100 cap on such gifts?,,REP,YES,85,1,57,27,0
Tattnall,Manassas,Republican Party Question 2<br>Do you support ending the current practice of unlimited gifts from lobbyists to state legislators by imposing a $100 cap on such gifts?,,REP,YES,24,0,22,2,0
Tattnall,District II,Republican Party Question 2<br>Do you support ending the current practice of unlimited gifts from lobbyists to state legislators by imposing a $100 cap on such gifts?,,REP,YES,288,7,187,94,0
Tattnall,Birdford,Republican Party Question 2<br>Do you support ending the current practice of unlimited gifts from lobbyists to state legislators by imposing a $100 cap on such gifts?,,REP,YES,93,4,73,15,1
Tattnall,East Glennville,Republican Party Question 2<br>Do you support ending the current practice of unlimited gifts from lobbyists to state legislators by imposing a $100 cap on such gifts?,,REP,YES,239,11,179,49,0
Tattnall,District IV,Republican Party Question 2<br>Do you support ending the current practice of unlimited gifts from lobbyists to state legislators by imposing a $100 cap on such gifts?,,REP,YES,252,11,196,45,0
Tattnall,District V,Republican Party Question 2<br>Do you support ending the current practice of unlimited gifts from lobbyists to state legislators by imposing a $100 cap on such gifts?,,REP,YES,246,13,174,59,0
Tattnall,,Republican Party Question 2<br>Do you support ending the current practice of unlimited gifts from lobbyists to state legislators by imposing a $100 cap on such gifts?,,REP,NO,231,5,160,65,1
Tattnall,Cobbtown,Republican Party Question 2<br>Do you support ending the current practice of unlimited gifts from lobbyists to state legislators by imposing a $100 cap on such gifts?,,REP,NO,9,0,7,2,0
Tattnall,Longview,Republican Party Question 2<br>Do you support ending the current practice of unlimited gifts from lobbyists to state legislators by imposing a $100 cap on such gifts?,,REP,NO,5,0,4,1,0
Tattnall,Collins,Republican Party Question 2<br>Do you support ending the current practice of unlimited gifts from lobbyists to state legislators by imposing a $100 cap on such gifts?,,REP,NO,13,0,12,1,0
Tattnall,Manassas,Republican Party Question 2<br>Do you support ending the current practice of unlimited gifts from lobbyists to state legislators by imposing a $100 cap on such gifts?,,REP,NO,8,0,6,1,1
Tattnall,District II,Republican Party Question 2<br>Do you support ending the current practice of unlimited gifts from lobbyists to state legislators by imposing a $100 cap on such gifts?,,REP,NO,53,0,31,22,0
Tattnall,Birdford,Republican Party Question 2<br>Do you support ending the current practice of unlimited gifts from lobbyists to state legislators by imposing a $100 cap on such gifts?,,REP,NO,10,0,9,1,0
Tattnall,East Glennville,Republican Party Question 2<br>Do you support ending the current practice of unlimited gifts from lobbyists to state legislators by imposing a $100 cap on such gifts?,,REP,NO,35,0,26,9,0
Tattnall,District IV,Republican Party Question 2<br>Do you support ending the current practice of unlimited gifts from lobbyists to state legislators by imposing a $100 cap on such gifts?,,REP,NO,55,4,35,16,0
Tattnall,District V,Republican Party Question 2<br>Do you support ending the current practice of unlimited gifts from lobbyists to state legislators by imposing a $100 cap on such gifts?,,REP,NO,43,1,30,12,0
Tattnall,,Republican Party Question 3<br>Should active duty military personnel who are under the age of 21 be allowed to obtain a Georgia weapons license?,,REP,YES,1003,45,709,248,1
Tattnall,Cobbtown,Republican Party Question 3<br>Should active duty military personnel who are under the age of 21 be allowed to obtain a Georgia weapons license?,,REP,YES,41,4,25,12,0
Tattnall,Longview,Republican Party Question 3<br>Should active duty military personnel who are under the age of 21 be allowed to obtain a Georgia weapons license?,,REP,YES,16,2,12,2,0
Tattnall,Collins,Republican Party Question 3<br>Should active duty military personnel who are under the age of 21 be allowed to obtain a Georgia weapons license?,,REP,YES,72,1,50,21,0
Tattnall,Manassas,Republican Party Question 3<br>Should active duty military personnel who are under the age of 21 be allowed to obtain a Georgia weapons license?,,REP,YES,17,0,15,2,0
Tattnall,District II,Republican Party Question 3<br>Should active duty military personnel who are under the age of 21 be allowed to obtain a Georgia weapons license?,,REP,YES,238,4,153,81,0
Tattnall,Birdford,Republican Party Question 3<br>Should active duty military personnel who are under the age of 21 be allowed to obtain a Georgia weapons license?,,REP,YES,68,3,54,10,1
Tattnall,East Glennville,Republican Party Question 3<br>Should active duty military personnel who are under the age of 21 be allowed to obtain a Georgia weapons license?,,REP,YES,162,7,123,32,0
Tattnall,District IV,Republican Party Question 3<br>Should active duty military personnel who are under the age of 21 be allowed to obtain a Georgia weapons license?,,REP,YES,196,14,145,37,0
Tattnall,District V,Republican Party Question 3<br>Should active duty military personnel who are under the age of 21 be allowed to obtain a Georgia weapons license?,,REP,YES,193,10,132,51,0
Tattnall,,Republican Party Question 3<br>Should active duty military personnel who are under the age of 21 be allowed to obtain a Georgia weapons license?,,REP,NO,542,11,403,127,1
Tattnall,Cobbtown,Republican Party Question 3<br>Should active duty military personnel who are under the age of 21 be allowed to obtain a Georgia weapons license?,,REP,NO,24,0,19,5,0
Tattnall,Longview,Republican Party Question 3<br>Should active duty military personnel who are under the age of 21 be allowed to obtain a Georgia weapons license?,,REP,NO,7,0,6,1,0
Tattnall,Collins,Republican Party Question 3<br>Should active duty military personnel who are under the age of 21 be allowed to obtain a Georgia weapons license?,,REP,NO,28,0,21,7,0
Tattnall,Manassas,Republican Party Question 3<br>Should active duty military personnel who are under the age of 21 be allowed to obtain a Georgia weapons license?,,REP,NO,15,0,13,1,1
Tattnall,District II,Republican Party Question 3<br>Should active duty military personnel who are under the age of 21 be allowed to obtain a Georgia weapons license?,,REP,NO,106,3,67,36,0
Tattnall,Birdford,Republican Party Question 3<br>Should active duty military personnel who are under the age of 21 be allowed to obtain a Georgia weapons license?,,REP,NO,38,1,30,7,0
Tattnall,East Glennville,Republican Party Question 3<br>Should active duty military personnel who are under the age of 21 be allowed to obtain a Georgia weapons license?,,REP,NO,114,4,83,27,0
Tattnall,District IV,Republican Party Question 3<br>Should active duty military personnel who are under the age of 21 be allowed to obtain a Georgia weapons license?,,REP,NO,115,1,89,25,0
Tattnall,District V,Republican Party Question 3<br>Should active duty military personnel who are under the age of 21 be allowed to obtain a Georgia weapons license?,,REP,NO,95,2,75,18,0
Tattnall,,Republican Party Question 4<br>Should Citizens who wish to vote in a primary election be required to register by their political party affiliation at least thirty (30) days prior to such primary election?,,REP,YES,676,28,484,163,1
Tattnall,Cobbtown,Republican Party Question 4<br>Should Citizens who wish to vote in a primary election be required to register by their political party affiliation at least thirty (30) days prior to such primary election?,,REP,YES,37,4,23,10,0
Tattnall,Longview,Republican Party Question 4<br>Should Citizens who wish to vote in a primary election be required to register by their political party affiliation at least thirty (30) days prior to such primary election?,,REP,YES,8,0,7,1,0
Tattnall,Collins,Republican Party Question 4<br>Should Citizens who wish to vote in a primary election be required to register by their political party affiliation at least thirty (30) days prior to such primary election?,,REP,YES,45,0,34,11,0
Tattnall,Manassas,Republican Party Question 4<br>Should Citizens who wish to vote in a primary election be required to register by their political party affiliation at least thirty (30) days prior to such primary election?,,REP,YES,12,0,11,1,0
Tattnall,District II,Republican Party Question 4<br>Should Citizens who wish to vote in a primary election be required to register by their political party affiliation at least thirty (30) days prior to such primary election?,,REP,YES,151,4,95,52,0
Tattnall,Birdford,Republican Party Question 4<br>Should Citizens who wish to vote in a primary election be required to register by their political party affiliation at least thirty (30) days prior to such primary election?,,REP,YES,44,0,34,9,1
Tattnall,East Glennville,Republican Party Question 4<br>Should Citizens who wish to vote in a primary election be required to register by their political party affiliation at least thirty (30) days prior to such primary election?,,REP,YES,107,5,79,23,0
Tattnall,District IV,Republican Party Question 4<br>Should Citizens who wish to vote in a primary election be required to register by their political party affiliation at least thirty (30) days prior to such primary election?,,REP,YES,139,7,109,23,0
Tattnall,District V,Republican Party Question 4<br>Should Citizens who wish to vote in a primary election be required to register by their political party affiliation at least thirty (30) days prior to such primary election?,,REP,YES,133,8,92,33,0
Tattnall,,Republican Party Question 4<br>Should Citizens who wish to vote in a primary election be required to register by their political party affiliation at least thirty (30) days prior to such primary election?,,REP,NO,834,27,603,203,1
Tattnall,Cobbtown,Republican Party Question 4<br>Should Citizens who wish to vote in a primary election be required to register by their political party affiliation at least thirty (30) days prior to such primary election?,,REP,NO,30,1,22,7,0
Tattnall,Longview,Republican Party Question 4<br>Should Citizens who wish to vote in a primary election be required to register by their political party affiliation at least thirty (30) days prior to such primary election?,,REP,NO,14,2,10,2,0
Tattnall,Collins,Republican Party Question 4<br>Should Citizens who wish to vote in a primary election be required to register by their political party affiliation at least thirty (30) days prior to such primary election?,,REP,NO,54,0,37,17,0
Tattnall,Manassas,Republican Party Question 4<br>Should Citizens who wish to vote in a primary election be required to register by their political party affiliation at least thirty (30) days prior to such primary election?,,REP,NO,20,0,17,2,1
Tattnall,District II,Republican Party Question 4<br>Should Citizens who wish to vote in a primary election be required to register by their political party affiliation at least thirty (30) days prior to such primary election?,,REP,NO,188,3,121,64,0
Tattnall,Birdford,Republican Party Question 4<br>Should Citizens who wish to vote in a primary election be required to register by their political party affiliation at least thirty (30) days prior to such primary election?,,REP,NO,59,4,48,7,0
Tattnall,East Glennville,Republican Party Question 4<br>Should Citizens who wish to vote in a primary election be required to register by their political party affiliation at least thirty (30) days prior to such primary election?,,REP,NO,159,3,124,32,0
Tattnall,District IV,Republican Party Question 4<br>Should Citizens who wish to vote in a primary election be required to register by their political party affiliation at least thirty (30) days prior to such primary election?,,REP,NO,164,8,118,38,0
Tattnall,District V,Republican Party Question 4<br>Should Citizens who wish to vote in a primary election be required to register by their political party affiliation at least thirty (30) days prior to such primary election?,,REP,NO,146,6,106,34,0
Tattnall,,Republican Party Question 5 <br>Life Amendment Question,,REP,YES,1065,42,764,258,1
Tattnall,Cobbtown,Republican Party Question 5 <br>Life Amendment Question,,REP,YES,55,5,36,14,0
Tattnall,Longview,Republican Party Question 5 <br>Life Amendment Question,,REP,YES,19,2,15,2,0
Tattnall,Collins,Republican Party Question 5 <br>Life Amendment Question,,REP,YES,74,0,55,19,0
Tattnall,Manassas,Republican Party Question 5 <br>Life Amendment Question,,REP,YES,19,0,18,1,0
Tattnall,District II,Republican Party Question 5 <br>Life Amendment Question,,REP,YES,231,4,147,80,0
Tattnall,Birdford,Republican Party Question 5 <br>Life Amendment Question,,REP,YES,72,4,55,12,1
Tattnall,East Glennville,Republican Party Question 5 <br>Life Amendment Question,,REP,YES,199,7,149,43,0
Tattnall,District IV,Republican Party Question 5 <br>Life Amendment Question,,REP,YES,200,10,149,41,0
Tattnall,District V,Republican Party Question 5 <br>Life Amendment Question,,REP,YES,196,10,140,46,0
Tattnall,,Republican Party Question 5 <br>Life Amendment Question,,REP,NO,377,4,269,103,1
Tattnall,Cobbtown,Republican Party Question 5 <br>Life Amendment Question,,REP,NO,9,0,6,3,0
Tattnall,Longview,Republican Party Question 5 <br>Life Amendment Question,,REP,NO,4,0,3,1,0
Tattnall,Collins,Republican Party Question 5 <br>Life Amendment Question,,REP,NO,22,0,12,10,0
Tattnall,Manassas,Republican Party Question 5 <br>Life Amendment Question,,REP,NO,13,0,10,2,1
Tattnall,District II,Republican Party Question 5 <br>Life Amendment Question,,REP,NO,95,1,58,36,0
Tattnall,Birdford,Republican Party Question 5 <br>Life Amendment Question,,REP,NO,23,0,20,3,0
Tattnall,East Glennville,Republican Party Question 5 <br>Life Amendment Question,,REP,NO,63,1,51,11,0
Tattnall,District IV,Republican Party Question 5 <br>Life Amendment Question,,REP,NO,86,2,63,21,0
Tattnall,District V,Republican Party Question 5 <br>Life Amendment Question,,REP,NO,62,0,46,16,0
Tattnall,,Democratic Party Question 1<br>Should the Georgia Constitution be amended to allow the state to override locally-elected school boards’ decisions when it comes to the creation of charter schools in your county or city?,,DEM,YES,306,5,226,74,1
Tattnall,Cobbtown,Democratic Party Question 1<br>Should the Georgia Constitution be amended to allow the state to override locally-elected school boards’ decisions when it comes to the creation of charter schools in your county or city?,,DEM,YES,33,0,26,7,0
Tattnall,Longview,Democratic Party Question 1<br>Should the Georgia Constitution be amended to allow the state to override locally-elected school boards’ decisions when it comes to the creation of charter schools in your county or city?,,DEM,YES,10,0,7,3,0
Tattnall,Collins,Democratic Party Question 1<br>Should the Georgia Constitution be amended to allow the state to override locally-elected school boards’ decisions when it comes to the creation of charter schools in your county or city?,,DEM,YES,67,1,58,8,0
Tattnall,Manassas,Democratic Party Question 1<br>Should the Georgia Constitution be amended to allow the state to override locally-elected school boards’ decisions when it comes to the creation of charter schools in your county or city?,,DEM,YES,12,0,12,0,0
Tattnall,District II,Democratic Party Question 1<br>Should the Georgia Constitution be amended to allow the state to override locally-elected school boards’ decisions when it comes to the creation of charter schools in your county or city?,,DEM,YES,61,2,30,29,0
Tattnall,Birdford,Democratic Party Question 1<br>Should the Georgia Constitution be amended to allow the state to override locally-elected school boards’ decisions when it comes to the creation of charter schools in your county or city?,,DEM,YES,6,0,5,1,0
Tattnall,East Glennville,Democratic Party Question 1<br>Should the Georgia Constitution be amended to allow the state to override locally-elected school boards’ decisions when it comes to the creation of charter schools in your county or city?,,DEM,YES,26,1,18,6,1
Tattnall,District IV,Democratic Party Question 1<br>Should the Georgia Constitution be amended to allow the state to override locally-elected school boards’ decisions when it comes to the creation of charter schools in your county or city?,,DEM,YES,52,1,43,8,0
Tattnall,District V,Democratic Party Question 1<br>Should the Georgia Constitution be amended to allow the state to override locally-elected school boards’ decisions when it comes to the creation of charter schools in your county or city?,,DEM,YES,39,0,27,12,0
Tattnall,,Democratic Party Question 1<br>Should the Georgia Constitution be amended to allow the state to override locally-elected school boards’ decisions when it comes to the creation of charter schools in your county or city?,,DEM,NO,572,30,396,146,0
Tattnall,Cobbtown,Democratic Party Question 1<br>Should the Georgia Constitution be amended to allow the state to override locally-elected school boards’ decisions when it comes to the creation of charter schools in your county or city?,,DEM,NO,77,6,54,17,0
Tattnall,Longview,Democratic Party Question 1<br>Should the Georgia Constitution be amended to allow the state to override locally-elected school boards’ decisions when it comes to the creation of charter schools in your county or city?,,DEM,NO,31,0,27,4,0
Tattnall,Collins,Democratic Party Question 1<br>Should the Georgia Constitution be amended to allow the state to override locally-elected school boards’ decisions when it comes to the creation of charter schools in your county or city?,,DEM,NO,139,11,101,27,0
Tattnall,Manassas,Democratic Party Question 1<br>Should the Georgia Constitution be amended to allow the state to override locally-elected school boards’ decisions when it comes to the creation of charter schools in your county or city?,,DEM,NO,16,1,14,1,0
Tattnall,District II,Democratic Party Question 1<br>Should the Georgia Constitution be amended to allow the state to override locally-elected school boards’ decisions when it comes to the creation of charter schools in your county or city?,,DEM,NO,79,4,40,35,0
Tattnall,Birdford,Democratic Party Question 1<br>Should the Georgia Constitution be amended to allow the state to override locally-elected school boards’ decisions when it comes to the creation of charter schools in your county or city?,,DEM,NO,18,0,13,5,0
Tattnall,East Glennville,Democratic Party Question 1<br>Should the Georgia Constitution be amended to allow the state to override locally-elected school boards’ decisions when it comes to the creation of charter schools in your county or city?,,DEM,NO,50,1,37,12,0
Tattnall,District IV,Democratic Party Question 1<br>Should the Georgia Constitution be amended to allow the state to override locally-elected school boards’ decisions when it comes to the creation of charter schools in your county or city?,,DEM,NO,97,7,65,25,0
Tattnall,District V,Democratic Party Question 1<br>Should the Georgia Constitution be amended to allow the state to override locally-elected school boards’ decisions when it comes to the creation of charter schools in your county or city?,,DEM,NO,65,0,45,20,0
Tattnall,,Democratic Party Question 2<br>Do you support ending current practice permitting unlimited gifts from lobbyists to state legislators?,,DEM,YES,611,40,406,165,0
Tattnall,Cobbtown,Democratic Party Question 2<br>Do you support ending current practice permitting unlimited gifts from lobbyists to state legislators?,,DEM,YES,77,6,51,20,0
Tattnall,Longview,Democratic Party Question 2<br>Do you support ending current practice permitting unlimited gifts from lobbyists to state legislators?,,DEM,YES,29,0,23,6,0
Tattnall,Collins,Democratic Party Question 2<br>Do you support ending current practice permitting unlimited gifts from lobbyists to state legislators?,,DEM,YES,147,12,105,30,0
Tattnall,Manassas,Democratic Party Question 2<br>Do you support ending current practice permitting unlimited gifts from lobbyists to state legislators?,,DEM,YES,23,1,21,1,0
Tattnall,District II,Democratic Party Question 2<br>Do you support ending current practice permitting unlimited gifts from lobbyists to state legislators?,,DEM,YES,93,7,42,44,0
Tattnall,Birdford,Democratic Party Question 2<br>Do you support ending current practice permitting unlimited gifts from lobbyists to state legislators?,,DEM,YES,14,0,12,2,0
Tattnall,East Glennville,Democratic Party Question 2<br>Do you support ending current practice permitting unlimited gifts from lobbyists to state legislators?,,DEM,YES,61,3,41,17,0
Tattnall,District IV,Democratic Party Question 2<br>Do you support ending current practice permitting unlimited gifts from lobbyists to state legislators?,,DEM,YES,92,7,65,20,0
Tattnall,District V,Democratic Party Question 2<br>Do you support ending current practice permitting unlimited gifts from lobbyists to state legislators?,,DEM,YES,75,4,46,25,0
Tattnall,,Democratic Party Question 2<br>Do you support ending current practice permitting unlimited gifts from lobbyists to state legislators?,,DEM,NO,258,2,202,53,1
Tattnall,Cobbtown,Democratic Party Question 2<br>Do you support ending current practice permitting unlimited gifts from lobbyists to state legislators?,,DEM,NO,29,0,27,2,0
Tattnall,Longview,Democratic Party Question 2<br>Do you support ending current practice permitting unlimited gifts from lobbyists to state legislators?,,DEM,NO,11,0,10,1,0
Tattnall,Collins,Democratic Party Question 2<br>Do you support ending current practice permitting unlimited gifts from lobbyists to state legislators?,,DEM,NO,59,1,53,5,0
Tattnall,Manassas,Democratic Party Question 2<br>Do you support ending current practice permitting unlimited gifts from lobbyists to state legislators?,,DEM,NO,5,0,5,0,0
Tattnall,District II,Democratic Party Question 2<br>Do you support ending current practice permitting unlimited gifts from lobbyists to state legislators?,,DEM,NO,44,0,25,19,0
Tattnall,Birdford,Democratic Party Question 2<br>Do you support ending current practice permitting unlimited gifts from lobbyists to state legislators?,,DEM,NO,9,0,6,3,0
Tattnall,East Glennville,Democratic Party Question 2<br>Do you support ending current practice permitting unlimited gifts from lobbyists to state legislators?,,DEM,NO,19,0,15,3,1
Tattnall,District IV,Democratic Party Question 2<br>Do you support ending current practice permitting unlimited gifts from lobbyists to state legislators?,,DEM,NO,54,1,39,14,0
Tattnall,District V,Democratic Party Question 2<br>Do you support ending current practice permitting unlimited gifts from lobbyists to state legislators?,,DEM,NO,28,0,22,6,0
Tattnall,,Democratic Party Question 3<br>Should Georgia adopt an income tax credit for home energy costs to support the economic security of our families?,,DEM,YES,693,32,485,176,0
Tattnall,Cobbtown,Democratic Party Question 3<br>Should Georgia adopt an income tax credit for home energy costs to support the economic security of our families?,,DEM,YES,79,6,56,17,0
Tattnall,Longview,Democratic Party Question 3<br>Should Georgia adopt an income tax credit for home energy costs to support the economic security of our families?,,DEM,YES,33,0,26,7,0
Tattnall,Collins,Democratic Party Question 3<br>Should Georgia adopt an income tax credit for home energy costs to support the economic security of our families?,,DEM,YES,165,9,130,26,0
Tattnall,Manassas,Democratic Party Question 3<br>Should Georgia adopt an income tax credit for home energy costs to support the economic security of our families?,,DEM,YES,22,1,20,1,0
Tattnall,District II,Democratic Party Question 3<br>Should Georgia adopt an income tax credit for home energy costs to support the economic security of our families?,,DEM,YES,112,6,60,46,0
Tattnall,Birdford,Democratic Party Question 3<br>Should Georgia adopt an income tax credit for home energy costs to support the economic security of our families?,,DEM,YES,17,0,15,2,0
Tattnall,East Glennville,Democratic Party Question 3<br>Should Georgia adopt an income tax credit for home energy costs to support the economic security of our families?,,DEM,YES,61,3,40,18,0
Tattnall,District IV,Democratic Party Question 3<br>Should Georgia adopt an income tax credit for home energy costs to support the economic security of our families?,,DEM,YES,115,3,83,29,0
Tattnall,District V,Democratic Party Question 3<br>Should Georgia adopt an income tax credit for home energy costs to support the economic security of our families?,,DEM,YES,89,4,55,30,0
Tattnall,,Democratic Party Question 3<br>Should Georgia adopt an income tax credit for home energy costs to support the economic security of our families?,,DEM,NO,192,10,140,41,1
Tattnall,Cobbtown,Democratic Party Question 3<br>Should Georgia adopt an income tax credit for home energy costs to support the economic security of our families?,,DEM,NO,30,0,24,6,0
Tattnall,Longview,Democratic Party Question 3<br>Should Georgia adopt an income tax credit for home energy costs to support the economic security of our families?,,DEM,NO,8,0,8,0,0
Tattnall,Collins,Democratic Party Question 3<br>Should Georgia adopt an income tax credit for home energy costs to support the economic security of our families?,,DEM,NO,44,4,32,8,0
Tattnall,Manassas,Democratic Party Question 3<br>Should Georgia adopt an income tax credit for home energy costs to support the economic security of our families?,,DEM,NO,8,0,8,0,0
Tattnall,District II,Democratic Party Question 3<br>Should Georgia adopt an income tax credit for home energy costs to support the economic security of our families?,,DEM,NO,26,1,10,15,0
Tattnall,Birdford,Democratic Party Question 3<br>Should Georgia adopt an income tax credit for home energy costs to support the economic security of our families?,,DEM,NO,6,0,2,4,0
Tattnall,East Glennville,Democratic Party Question 3<br>Should Georgia adopt an income tax credit for home energy costs to support the economic security of our families?,,DEM,NO,19,0,16,2,1
Tattnall,District IV,Democratic Party Question 3<br>Should Georgia adopt an income tax credit for home energy costs to support the economic security of our families?,,DEM,NO,34,5,25,4,0
Tattnall,District V,Democratic Party Question 3<br>Should Georgia adopt an income tax credit for home energy costs to support the economic security of our families?,,DEM,NO,17,0,15,2,0
Tattnall,,Democratic Party Question 4 <br>Should Georgia reduce sales taxes on Made in Georgia products so as to support the growth of small businesses in our state?,,DEM,YES,749,28,526,194,1
Tattnall,Cobbtown,Democratic Party Question 4 <br>Should Georgia reduce sales taxes on Made in Georgia products so as to support the growth of small businesses in our state?,,DEM,YES,83,4,56,23,0
Tattnall,Longview,Democratic Party Question 4 <br>Should Georgia reduce sales taxes on Made in Georgia products so as to support the growth of small businesses in our state?,,DEM,YES,32,0,25,7,0
Tattnall,Collins,Democratic Party Question 4 <br>Should Georgia reduce sales taxes on Made in Georgia products so as to support the growth of small businesses in our state?,,DEM,YES,180,8,143,29,0
Tattnall,Manassas,Democratic Party Question 4 <br>Should Georgia reduce sales taxes on Made in Georgia products so as to support the growth of small businesses in our state?,,DEM,YES,25,1,23,1,0
Tattnall,District II,Democratic Party Question 4 <br>Should Georgia reduce sales taxes on Made in Georgia products so as to support the growth of small businesses in our state?,,DEM,YES,127,7,64,56,0
Tattnall,Birdford,Democratic Party Question 4 <br>Should Georgia reduce sales taxes on Made in Georgia products so as to support the growth of small businesses in our state?,,DEM,YES,20,0,17,3,0
Tattnall,East Glennville,Democratic Party Question 4 <br>Should Georgia reduce sales taxes on Made in Georgia products so as to support the growth of small businesses in our state?,,DEM,YES,71,3,47,20,1
Tattnall,District IV,Democratic Party Question 4 <br>Should Georgia reduce sales taxes on Made in Georgia products so as to support the growth of small businesses in our state?,,DEM,YES,118,2,90,26,0
Tattnall,District V,Democratic Party Question 4 <br>Should Georgia reduce sales taxes on Made in Georgia products so as to support the growth of small businesses in our state?,,DEM,YES,93,3,61,29,0
Tattnall,,Democratic Party Question 4 <br>Should Georgia reduce sales taxes on Made in Georgia products so as to support the growth of small businesses in our state?,,DEM,NO,152,13,106,33,0
Tattnall,Cobbtown,Democratic Party Question 4 <br>Should Georgia reduce sales taxes on Made in Georgia products so as to support the growth of small businesses in our state?,,DEM,NO,25,2,22,1,0
Tattnall,Longview,Democratic Party Question 4 <br>Should Georgia reduce sales taxes on Made in Georgia products so as to support the growth of small businesses in our state?,,DEM,NO,8,0,8,0,0
Tattnall,Collins,Democratic Party Question 4 <br>Should Georgia reduce sales taxes on Made in Georgia products so as to support the growth of small businesses in our state?,,DEM,NO,35,5,23,7,0
Tattnall,Manassas,Democratic Party Question 4 <br>Should Georgia reduce sales taxes on Made in Georgia products so as to support the growth of small businesses in our state?,,DEM,NO,5,0,5,0,0
Tattnall,District II,Democratic Party Question 4 <br>Should Georgia reduce sales taxes on Made in Georgia products so as to support the growth of small businesses in our state?,,DEM,NO,16,0,7,9,0
Tattnall,Birdford,Democratic Party Question 4 <br>Should Georgia reduce sales taxes on Made in Georgia products so as to support the growth of small businesses in our state?,,DEM,NO,3,0,0,3,0
Tattnall,East Glennville,Democratic Party Question 4 <br>Should Georgia reduce sales taxes on Made in Georgia products so as to support the growth of small businesses in our state?,,DEM,NO,10,0,9,1,0
Tattnall,District IV,Democratic Party Question 4 <br>Should Georgia reduce sales taxes on Made in Georgia products so as to support the growth of small businesses in our state?,,DEM,NO,36,6,22,8,0
Tattnall,District V,Democratic Party Question 4 <br>Should Georgia reduce sales taxes on Made in Georgia products so as to support the growth of small businesses in our state?,,DEM,NO,14,0,10,4,0
Tattnall,,Supreme Court Justice, Hunstein,,CAROL HUNSTEIN ,1691,59,1203,427,2
Tattnall,Cobbtown,Supreme Court Justice, Hunstein,,CAROL HUNSTEIN ,112,7,77,28,0
Tattnall,Longview,Supreme Court Justice, Hunstein,,CAROL HUNSTEIN ,45,0,36,9,0
Tattnall,Collins,Supreme Court Justice, Hunstein,,CAROL HUNSTEIN ,209,8,161,40,0
Tattnall,Manassas,Supreme Court Justice, Hunstein,,CAROL HUNSTEIN ,47,0,43,4,0
Tattnall,District II,Supreme Court Justice, Hunstein,,CAROL HUNSTEIN ,363,11,220,132,0
Tattnall,Birdford,Supreme Court Justice, Hunstein,,CAROL HUNSTEIN ,94,2,76,15,1
Tattnall,East Glennville,Supreme Court Justice, Hunstein,,CAROL HUNSTEIN ,267,9,201,56,1
Tattnall,District IV,Supreme Court Justice, Hunstein,,CAROL HUNSTEIN ,291,12,211,68,0
Tattnall,District V,Supreme Court Justice, Hunstein,,CAROL HUNSTEIN ,263,10,178,75,0
Tattnall,,Supreme Court Justice, Hunstein,,Write-in,7,2,5,0,0
Tattnall,Cobbtown,Supreme Court Justice, Hunstein,,Write-in,0,0,0,0,0
Tattnall,Longview,Supreme Court Justice, Hunstein,,Write-in,0,0,0,0,0
Tattnall,Collins,Supreme Court Justice, Hunstein,,Write-in,0,0,0,0,0
Tattnall,Manassas,Supreme Court Justice, Hunstein,,Write-in,0,0,0,0,0
Tattnall,District II,Supreme Court Justice, Hunstein,,Write-in,0,0,0,0,0
Tattnall,Birdford,Supreme Court Justice, Hunstein,,Write-in,0,0,0,0,0
Tattnall,East Glennville,Supreme Court Justice, Hunstein,,Write-in,2,0,2,0,0
Tattnall,District IV,Supreme Court Justice, Hunstein,,Write-in,4,2,2,0,0
Tattnall,District V,Supreme Court Justice, Hunstein,,Write-in,1,0,1,0,0
Tattnall,,Supreme Court Justice, Melton,,HAROLD D. MELTON ,1638,59,1168,409,2
Tattnall,Cobbtown,Supreme Court Justice, Melton,,HAROLD D. MELTON ,112,7,77,28,0
Tattnall,Longview,Supreme Court Justice, Melton,,HAROLD D. MELTON ,44,0,35,9,0
Tattnall,Collins,Supreme Court Justice, Melton,,HAROLD D. MELTON ,205,9,155,41,0
Tattnall,Manassas,Supreme Court Justice, Melton,,HAROLD D. MELTON ,45,0,41,4,0
Tattnall,District II,Supreme Court Justice, Melton,,HAROLD D. MELTON ,357,11,213,133,0
Tattnall,Birdford,Supreme Court Justice, Melton,,HAROLD D. MELTON ,92,2,73,16,1
Tattnall,East Glennville,Supreme Court Justice, Melton,,HAROLD D. MELTON ,254,9,195,49,1
Tattnall,District IV,Supreme Court Justice, Melton,,HAROLD D. MELTON ,282,12,211,59,0
Tattnall,District V,Supreme Court Justice, Melton,,HAROLD D. MELTON ,247,9,168,70,0
Tattnall,,Supreme Court Justice, Melton,,Write-in,3,2,1,0,0
Tattnall,Cobbtown,Supreme Court Justice, Melton,,Write-in,0,0,0,0,0
Tattnall,Longview,Supreme Court Justice, Melton,,Write-in,0,0,0,0,0
Tattnall,Collins,Supreme Court Justice, Melton,,Write-in,0,0,0,0,0
Tattnall,Manassas,Supreme Court Justice, Melton,,Write-in,0,0,0,0,0
Tattnall,District II,Supreme Court Justice, Melton,,Write-in,0,0,0,0,0
Tattnall,Birdford,Supreme Court Justice, Melton,,Write-in,0,0,0,0,0
Tattnall,East Glennville,Supreme Court Justice, Melton,,Write-in,0,0,0,0,0
Tattnall,District IV,Supreme Court Justice, Melton,,Write-in,3,2,1,0,0
Tattnall,District V,Supreme Court Justice, Melton,,Write-in,0,0,0,0,0
Tattnall,,Supreme Court Justice, Thompson,,HUGH P. THOMPSON ,1679,60,1200,417,2
Tattnall,Cobbtown,Supreme Court Justice, Thompson,,HUGH P. THOMPSON ,113,7,79,27,0
Tattnall,Longview,Supreme Court Justice, Thompson,,HUGH P. THOMPSON ,46,0,36,10,0
Tattnall,Collins,Supreme Court Justice, Thompson,,HUGH P. THOMPSON ,210,10,159,41,0
Tattnall,Manassas,Supreme Court Justice, Thompson,,HUGH P. THOMPSON ,49,1,43,4,1
Tattnall,District II,Supreme Court Justice, Thompson,,HUGH P. THOMPSON ,359,10,214,135,0
Tattnall,Birdford,Supreme Court Justice, Thompson,,HUGH P. THOMPSON ,92,2,73,17,0
Tattnall,East Glennville,Supreme Court Justice, Thompson,,HUGH P. THOMPSON ,257,9,197,50,1
Tattnall,District IV,Supreme Court Justice, Thompson,,HUGH P. THOMPSON ,300,12,229,59,0
Tattnall,District V,Supreme Court Justice, Thompson,,HUGH P. THOMPSON ,253,9,170,74,0
Tattnall,,Supreme Court Justice, Thompson,,Write-in,4,2,1,0,1
Tattnall,Cobbtown,Supreme Court Justice, Thompson,,Write-in,0,0,0,0,0
Tattnall,Longview,Supreme Court Justice, Thompson,,Write-in,0,0,0,0,0
Tattnall,Collins,Supreme Court Justice, Thompson,,Write-in,0,0,0,0,0
Tattnall,Manassas,Supreme Court Justice, Thompson,,Write-in,0,0,0,0,0
Tattnall,District II,Supreme Court Justice, Thompson,,Write-in,0,0,0,0,0
Tattnall,Birdford,Supreme Court Justice, Thompson,,Write-in,1,0,0,0,1
Tattnall,East Glennville,Supreme Court Justice, Thompson,,Write-in,0,0,0,0,0
Tattnall,District IV,Supreme Court Justice, Thompson,,Write-in,3,2,1,0,0
Tattnall,District V,Supreme Court Justice, Thompson,,Write-in,0,0,0,0,0
Tattnall,,Appeals Court Judge, Boggs,,MICHAEL P. BOGGS ,1607,56,1145,403,3
Tattnall,Cobbtown,Appeals Court Judge, Boggs,,MICHAEL P. BOGGS ,110,6,77,27,0
Tattnall,Longview,Appeals Court Judge, Boggs,,MICHAEL P. BOGGS ,42,0,33,9,0
Tattnall,Collins,Appeals Court Judge, Boggs,,MICHAEL P. BOGGS ,201,8,151,42,0
Tattnall,Manassas,Appeals Court Judge, Boggs,,MICHAEL P. BOGGS ,45,0,40,4,1
Tattnall,District II,Appeals Court Judge, Boggs,,MICHAEL P. BOGGS ,347,10,210,127,0
Tattnall,Birdford,Appeals Court Judge, Boggs,,MICHAEL P. BOGGS ,88,2,69,16,1
Tattnall,East Glennville,Appeals Court Judge, Boggs,,MICHAEL P. BOGGS ,252,9,193,49,1
Tattnall,District IV,Appeals Court Judge, Boggs,,MICHAEL P. BOGGS ,279,12,208,59,0
Tattnall,District V,Appeals Court Judge, Boggs,,MICHAEL P. BOGGS ,243,9,164,70,0
Tattnall,,Appeals Court Judge, Boggs,,Write-in,4,3,1,0,0
Tattnall,Cobbtown,Appeals Court Judge, Boggs,,Write-in,1,1,0,0,0
Tattnall,Longview,Appeals Court Judge, Boggs,,Write-in,0,0,0,0,0
Tattnall,Collins,Appeals Court Judge, Boggs,,Write-in,0,0,0,0,0
Tattnall,Manassas,Appeals Court Judge, Boggs,,Write-in,0,0,0,0,0
Tattnall,District II,Appeals Court Judge, Boggs,,Write-in,0,0,0,0,0
Tattnall,Birdford,Appeals Court Judge, Boggs,,Write-in,0,0,0,0,0
Tattnall,East Glennville,Appeals Court Judge, Boggs,,Write-in,0,0,0,0,0
Tattnall,District IV,Appeals Court Judge, Boggs,,Write-in,3,2,1,0,0
Tattnall,District V,Appeals Court Judge, Boggs,,Write-in,0,0,0,0,0
Tattnall,,Appeals Court Judge, Dillard,,STEPHEN DILLARD ,1612,57,1147,405,3
Tattnall,Cobbtown,Appeals Court Judge, Dillard,,STEPHEN DILLARD ,112,7,78,27,0
Tattnall,Longview,Appeals Court Judge, Dillard,,STEPHEN DILLARD ,43,0,34,9,0
Tattnall,Collins,Appeals Court Judge, Dillard,,STEPHEN DILLARD ,202,9,151,42,0
Tattnall,Manassas,Appeals Court Judge, Dillard,,STEPHEN DILLARD ,46,0,41,4,1
Tattnall,District II,Appeals Court Judge, Dillard,,STEPHEN DILLARD ,352,11,210,131,0
Tattnall,Birdford,Appeals Court Judge, Dillard,,STEPHEN DILLARD ,90,2,71,16,1
Tattnall,East Glennville,Appeals Court Judge, Dillard,,STEPHEN DILLARD ,250,8,191,50,1
Tattnall,District IV,Appeals Court Judge, Dillard,,STEPHEN DILLARD ,275,10,208,57,0
Tattnall,District V,Appeals Court Judge, Dillard,,STEPHEN DILLARD ,242,10,163,69,0
Tattnall,,Appeals Court Judge, Dillard,,Write-in,3,2,1,0,0
Tattnall,Cobbtown,Appeals Court Judge, Dillard,,Write-in,0,0,0,0,0
Tattnall,Longview,Appeals Court Judge, Dillard,,Write-in,0,0,0,0,0
Tattnall,Collins,Appeals Court Judge, Dillard,,Write-in,0,0,0,0,0
Tattnall,Manassas,Appeals Court Judge, Dillard,,Write-in,0,0,0,0,0
Tattnall,District II,Appeals Court Judge, Dillard,,Write-in,0,0,0,0,0
Tattnall,Birdford,Appeals Court Judge, Dillard,,Write-in,0,0,0,0,0
Tattnall,East Glennville,Appeals Court Judge, Dillard,,Write-in,0,0,0,0,0
Tattnall,District IV,Appeals Court Judge, Dillard,,Write-in,3,2,1,0,0
Tattnall,District V,Appeals Court Judge, Dillard,,Write-in,0,0,0,0,0
Tattnall,,Appeals Court Judge, Ellington,,JOHN ELLINGTON ,1610,61,1143,405,1
Tattnall,Cobbtown,Appeals Court Judge, Ellington,,JOHN ELLINGTON ,109,7,75,27,0
Tattnall,Longview,Appeals Court Judge, Ellington,,JOHN ELLINGTON ,44,0,34,10,0
Tattnall,Collins,Appeals Court Judge, Ellington,,JOHN ELLINGTON ,199,10,147,42,0
Tattnall,Manassas,Appeals Court Judge, Ellington,,JOHN ELLINGTON ,44,1,39,4,0
Tattnall,District II,Appeals Court Judge, Ellington,,JOHN ELLINGTON ,347,11,206,130,0
Tattnall,Birdford,Appeals Court Judge, Ellington,,JOHN ELLINGTON ,90,2,71,16,1
Tattnall,East Glennville,Appeals Court Judge, Ellington,,JOHN ELLINGTON ,247,9,190,48,0
Tattnall,District IV,Appeals Court Judge, Ellington,,JOHN ELLINGTON ,282,11,214,57,0
Tattnall,District V,Appeals Court Judge, Ellington,,JOHN ELLINGTON ,248,10,167,71,0
Tattnall,,Appeals Court Judge, Ellington,,Write-in,3,2,1,0,0
Tattnall,Cobbtown,Appeals Court Judge, Ellington,,Write-in,0,0,0,0,0
Tattnall,Longview,Appeals Court Judge, Ellington,,Write-in,0,0,0,0,0
Tattnall,Collins,Appeals Court Judge, Ellington,,Write-in,0,0,0,0,0
Tattnall,Manassas,Appeals Court Judge, Ellington,,Write-in,0,0,0,0,0
Tattnall,District II,Appeals Court Judge, Ellington,,Write-in,0,0,0,0,0
Tattnall,Birdford,Appeals Court Judge, Ellington,,Write-in,0,0,0,0,0
Tattnall,East Glennville,Appeals Court Judge, Ellington,,Write-in,0,0,0,0,0
Tattnall,District IV,Appeals Court Judge, Ellington,,Write-in,3,2,1,0,0
Tattnall,District V,Appeals Court Judge, Ellington,,Write-in,0,0,0,0,0
Tattnall,,Appeals Court Judge, Miller,,M. YVETTE MILLER ,1604,56,1136,410,2
Tattnall,Cobbtown,Appeals Court Judge, Miller,,M. YVETTE MILLER ,110,7,76,27,0
Tattnall,Longview,Appeals Court Judge, Miller,,M. YVETTE MILLER ,41,0,32,9,0
Tattnall,Collins,Appeals Court Judge, Miller,,M. YVETTE MILLER ,195,8,146,41,0
Tattnall,Manassas,Appeals Court Judge, Miller,,M. YVETTE MILLER ,44,0,40,4,0
Tattnall,District II,Appeals Court Judge, Miller,,M. YVETTE MILLER ,347,11,207,129,0
Tattnall,Birdford,Appeals Court Judge, Miller,,M. YVETTE MILLER ,85,2,67,15,1
Tattnall,East Glennville,Appeals Court Judge, Miller,,M. YVETTE MILLER ,247,8,189,49,1
Tattnall,District IV,Appeals Court Judge, Miller,,M. YVETTE MILLER ,287,11,211,65,0
Tattnall,District V,Appeals Court Judge, Miller,,M. YVETTE MILLER ,248,9,168,71,0
Tattnall,,Appeals Court Judge, Miller,,Write-in,3,2,1,0,0
Tattnall,Cobbtown,Appeals Court Judge, Miller,,Write-in,0,0,0,0,0
Tattnall,Longview,Appeals Court Judge, Miller,,Write-in,0,0,0,0,0
Tattnall,Collins,Appeals Court Judge, Miller,,Write-in,0,0,0,0,0
Tattnall,Manassas,Appeals Court Judge, Miller,,Write-in,0,0,0,0,0
Tattnall,District II,Appeals Court Judge, Miller,,Write-in,0,0,0,0,0
Tattnall,Birdford,Appeals Court Judge, Miller,,Write-in,0,0,0,0,0
Tattnall,East Glennville,Appeals Court Judge, Miller,,Write-in,0,0,0,0,0
Tattnall,District IV,Appeals Court Judge, Miller,,Write-in,3,2,1,0,0
Tattnall,District V,Appeals Court Judge, Miller,,Write-in,0,0,0,0,0
Tattnall,,Appeals Court Judge, Phipps,,HERBERT PHIPPS ,1598,55,1139,403,1
Tattnall,Cobbtown,Appeals Court Judge, Phipps,,HERBERT PHIPPS ,111,7,77,27,0
Tattnall,Longview,Appeals Court Judge, Phipps,,HERBERT PHIPPS ,43,0,34,9,0
Tattnall,Collins,Appeals Court Judge, Phipps,,HERBERT PHIPPS ,195,8,146,41,0
Tattnall,Manassas,Appeals Court Judge, Phipps,,HERBERT PHIPPS ,42,0,38,4,0
Tattnall,District II,Appeals Court Judge, Phipps,,HERBERT PHIPPS ,350,11,209,130,0
Tattnall,Birdford,Appeals Court Judge, Phipps,,HERBERT PHIPPS ,87,2,69,15,1
Tattnall,East Glennville,Appeals Court Judge, Phipps,,HERBERT PHIPPS ,242,8,188,46,0
Tattnall,District IV,Appeals Court Judge, Phipps,,HERBERT PHIPPS ,281,10,212,59,0
Tattnall,District V,Appeals Court Judge, Phipps,,HERBERT PHIPPS ,247,9,166,72,0
Tattnall,,Appeals Court Judge, Phipps,,Write-in,3,2,1,0,0
Tattnall,Cobbtown,Appeals Court Judge, Phipps,,Write-in,0,0,0,0,0
Tattnall,Longview,Appeals Court Judge, Phipps,,Write-in,0,0,0,0,0
Tattnall,Collins,Appeals Court Judge, Phipps,,Write-in,0,0,0,0,0
Tattnall,Manassas,Appeals Court Judge, Phipps,,Write-in,0,0,0,0,0
Tattnall,District II,Appeals Court Judge, Phipps,,Write-in,0,0,0,0,0
Tattnall,Birdford,Appeals Court Judge, Phipps,,Write-in,0,0,0,0,0
Tattnall,East Glennville,Appeals Court Judge, Phipps,,Write-in,0,0,0,0,0
Tattnall,District IV,Appeals Court Judge, Phipps,,Write-in,3,2,1,0,0
Tattnall,District V,Appeals Court Judge, Phipps,,Write-in,0,0,0,0,0
Tattnall,,Superior Court Judge, Atlantic Circuit (Cavender),,DAVID CAVENDER ,1764,64,1238,459,3
Tattnall,Cobbtown,Superior Court Judge, Atlantic Circuit (Cavender),,DAVID CAVENDER ,119,8,82,29,0
Tattnall,Longview,Superior Court Judge, Atlantic Circuit (Cavender),,DAVID CAVENDER ,47,0,37,10,0
Tattnall,Collins,Superior Court Judge, Atlantic Circuit (Cavender),,DAVID CAVENDER ,208,8,157,43,0
Tattnall,Manassas,Superior Court Judge, Atlantic Circuit (Cavender),,DAVID CAVENDER ,46,0,41,4,1
Tattnall,District II,Superior Court Judge, Atlantic Circuit (Cavender),,DAVID CAVENDER ,379,12,220,147,0
Tattnall,Birdford,Superior Court Judge, Atlantic Circuit (Cavender),,DAVID CAVENDER ,94,2,74,17,1
Tattnall,East Glennville,Superior Court Judge, Atlantic Circuit (Cavender),,DAVID CAVENDER ,279,13,206,59,1
Tattnall,District IV,Superior Court Judge, Atlantic Circuit (Cavender),,DAVID CAVENDER ,308,12,227,69,0
Tattnall,District V,Superior Court Judge, Atlantic Circuit (Cavender),,DAVID CAVENDER ,284,9,194,81,0
Tattnall,,Superior Court Judge, Atlantic Circuit (Cavender),,Write-in,4,2,2,0,0
Tattnall,Cobbtown,Superior Court Judge, Atlantic Circuit (Cavender),,Write-in,0,0,0,0,0
Tattnall,Longview,Superior Court Judge, Atlantic Circuit (Cavender),,Write-in,0,0,0,0,0
Tattnall,Collins,Superior Court Judge, Atlantic Circuit (Cavender),,Write-in,0,0,0,0,0
Tattnall,Manassas,Superior Court Judge, Atlantic Circuit (Cavender),,Write-in,0,0,0,0,0
Tattnall,District II,Superior Court Judge, Atlantic Circuit (Cavender),,Write-in,0,0,0,0,0
Tattnall,Birdford,Superior Court Judge, Atlantic Circuit (Cavender),,Write-in,1,0,1,0,0
Tattnall,East Glennville,Superior Court Judge, Atlantic Circuit (Cavender),,Write-in,0,0,0,0,0
Tattnall,District IV,Superior Court Judge, Atlantic Circuit (Cavender),,Write-in,3,2,1,0,0
Tattnall,District V,Superior Court Judge, Atlantic Circuit (Cavender),,Write-in,0,0,0,0,0
Tattnall,,Superior Court Judge, Atlantic Circuit (Rose),,CHARLES ROSE JR ,1698,62,1192,443,1
Tattnall,Cobbtown,Superior Court Judge, Atlantic Circuit (Rose),,CHARLES ROSE JR ,113,8,76,29,0
Tattnall,Longview,Superior Court Judge, Atlantic Circuit (Rose),,CHARLES ROSE JR ,47,0,37,10,0
Tattnall,Collins,Superior Court Judge, Atlantic Circuit (Rose),,CHARLES ROSE JR ,201,8,149,44,0
Tattnall,Manassas,Superior Court Judge, Atlantic Circuit (Rose),,CHARLES ROSE JR ,41,0,37,4,0
Tattnall,District II,Superior Court Judge, Atlantic Circuit (Rose),,CHARLES ROSE JR ,371,11,218,142,0
Tattnall,Birdford,Superior Court Judge, Atlantic Circuit (Rose),,CHARLES ROSE JR ,90,2,71,16,1
Tattnall,East Glennville,Superior Court Judge, Atlantic Circuit (Rose),,CHARLES ROSE JR ,263,11,197,55,0
Tattnall,District IV,Superior Court Judge, Atlantic Circuit (Rose),,CHARLES ROSE JR ,299,13,223,63,0
Tattnall,District V,Superior Court Judge, Atlantic Circuit (Rose),,CHARLES ROSE JR ,273,9,184,80,0
Tattnall,,Superior Court Judge, Atlantic Circuit (Rose),,Write-in,7,2,3,2,0
Tattnall,Cobbtown,Superior Court Judge, Atlantic Circuit (Rose),,Write-in,0,0,0,0,0
Tattnall,Longview,Superior Court Judge, Atlantic Circuit (Rose),,Write-in,0,0,0,0,0
Tattnall,Collins,Superior Court Judge, Atlantic Circuit (Rose),,Write-in,1,0,0,1,0
Tattnall,Manassas,Superior Court Judge, Atlantic Circuit (Rose),,Write-in,0,0,0,0,0
Tattnall,District II,Superior Court Judge, Atlantic Circuit (Rose),,Write-in,0,0,0,0,0
Tattnall,Birdford,Superior Court Judge, Atlantic Circuit (Rose),,Write-in,0,0,0,0,0
Tattnall,East Glennville,Superior Court Judge, Atlantic Circuit (Rose),,Write-in,2,0,1,1,0
Tattnall,District IV,Superior Court Judge, Atlantic Circuit (Rose),,Write-in,4,2,2,0,0
Tattnall,District V,Superior Court Judge, Atlantic Circuit (Rose),,Write-in,0,0,0,0,0
Tattnall,,Superior Court Judge, Atlantic Circuit (Russell),,ROBERT RUSSELL ,1735,63,1222,448,2
Tattnall,Cobbtown,Superior Court Judge, Atlantic Circuit (Russell),,ROBERT RUSSELL ,117,7,81,29,0
Tattnall,Longview,Superior Court Judge, Atlantic Circuit (Russell),,ROBERT RUSSELL ,47,0,38,9,0
Tattnall,Collins,Superior Court Judge, Atlantic Circuit (Russell),,ROBERT RUSSELL ,208,10,157,41,0
Tattnall,Manassas,Superior Court Judge, Atlantic Circuit (Russell),,ROBERT RUSSELL ,44,1,39,4,0
Tattnall,District II,Superior Court Judge, Atlantic Circuit (Russell),,ROBERT RUSSELL ,376,12,218,146,0
Tattnall,Birdford,Superior Court Judge, Atlantic Circuit (Russell),,ROBERT RUSSELL ,93,2,74,16,1
Tattnall,East Glennville,Superior Court Judge, Atlantic Circuit (Russell),,ROBERT RUSSELL ,270,10,202,57,1
Tattnall,District IV,Superior Court Judge, Atlantic Circuit (Russell),,ROBERT RUSSELL ,308,12,230,66,0
Tattnall,District V,Superior Court Judge, Atlantic Circuit (Russell),,ROBERT RUSSELL ,272,9,183,80,0
Tattnall,,Superior Court Judge, Atlantic Circuit (Russell),,Write-in,5,3,2,0,0
Tattnall,Cobbtown,Superior Court Judge, Atlantic Circuit (Russell),,Write-in,1,1,0,0,0
Tattnall,Longview,Superior Court Judge, Atlantic Circuit (Russell),,Write-in,0,0,0,0,0
Tattnall,Collins,Superior Court Judge, Atlantic Circuit (Russell),,Write-in,0,0,0,0,0
Tattnall,Manassas,Superior Court Judge, Atlantic Circuit (Russell),,Write-in,0,0,0,0,0
Tattnall,District II,Superior Court Judge, Atlantic Circuit (Russell),,Write-in,1,0,1,0,0
Tattnall,Birdford,Superior Court Judge, Atlantic Circuit (Russell),,Write-in,0,0,0,0,0
Tattnall,East Glennville,Superior Court Judge, Atlantic Circuit (Russell),,Write-in,0,0,0,0,0
Tattnall,District IV,Superior Court Judge, Atlantic Circuit (Russell),,Write-in,3,2,1,0,0
Tattnall,District V,Superior Court Judge, Atlantic Circuit (Russell),,Write-in,0,0,0,0,0
Tattnall,,JUDGE, PROBATE COURT,,GLORIA DUBBERLY ,1975,81,1383,509,2
Tattnall,Cobbtown,JUDGE, PROBATE COURT,,GLORIA DUBBERLY ,137,8,96,33,0
Tattnall,Longview,JUDGE, PROBATE COURT,,GLORIA DUBBERLY ,55,2,44,9,0
Tattnall,Collins,JUDGE, PROBATE COURT,,GLORIA DUBBERLY ,251,13,185,53,0
Tattnall,Manassas,JUDGE, PROBATE COURT,,GLORIA DUBBERLY ,47,1,42,4,0
Tattnall,District II,JUDGE, PROBATE COURT,,GLORIA DUBBERLY ,407,13,238,156,0
Tattnall,Birdford,JUDGE, PROBATE COURT,,GLORIA DUBBERLY ,104,2,81,20,1
Tattnall,East Glennville,JUDGE, PROBATE COURT,,GLORIA DUBBERLY ,299,13,219,66,1
Tattnall,District IV,JUDGE, PROBATE COURT,,GLORIA DUBBERLY ,363,18,269,76,0
Tattnall,District V,JUDGE, PROBATE COURT,,GLORIA DUBBERLY ,312,11,209,92,0
Tattnall,,JUDGE, PROBATE COURT,,Write-in,5,0,5,0,0
Tattnall,Cobbtown,JUDGE, PROBATE COURT,,Write-in,0,0,0,0,0
Tattnall,Longview,JUDGE, PROBATE COURT,,Write-in,0,0,0,0,0
Tattnall,Collins,JUDGE, PROBATE COURT,,Write-in,0,0,0,0,0
Tattnall,Manassas,JUDGE, PROBATE COURT,,Write-in,0,0,0,0,0
Tattnall,District II,JUDGE, PROBATE COURT,,Write-in,0,0,0,0,0
Tattnall,Birdford,JUDGE, PROBATE COURT,,Write-in,1,0,1,0,0
Tattnall,East Glennville,JUDGE, PROBATE COURT,,Write-in,1,0,1,0,0
Tattnall,District IV,JUDGE, PROBATE COURT,,Write-in,1,0,1,0,0
Tattnall,District V,JUDGE, PROBATE COURT,,Write-in,2,0,2,0,0
Tattnall,,CHIEF MAGISTRATE,,,EDDIE ANDERSON ,1901,78,1338,483,2
Tattnall,Cobbtown,CHIEF MAGISTRATE,,,EDDIE ANDERSON ,136,9,94,33,0
Tattnall,Longview,CHIEF MAGISTRATE,,,EDDIE ANDERSON ,53,0,43,10,0
Tattnall,Collins,CHIEF MAGISTRATE,,,EDDIE ANDERSON ,249,13,187,49,0
Tattnall,Manassas,CHIEF MAGISTRATE,,,EDDIE ANDERSON ,51,1,46,4,0
Tattnall,District II,CHIEF MAGISTRATE,,,EDDIE ANDERSON ,426,15,253,158,0
Tattnall,Birdford,CHIEF MAGISTRATE,,,EDDIE ANDERSON ,93,2,73,17,1
Tattnall,East Glennville,CHIEF MAGISTRATE,,,EDDIE ANDERSON ,277,13,207,56,1
Tattnall,District IV,CHIEF MAGISTRATE,,,EDDIE ANDERSON ,328,15,249,64,0
Tattnall,District V,CHIEF MAGISTRATE,,,EDDIE ANDERSON ,288,10,186,92,0
Tattnall,,CHIEF MAGISTRATE,,,Write-in,5,1,3,1,0
Tattnall,Cobbtown,CHIEF MAGISTRATE,,,Write-in,0,0,0,0,0
Tattnall,Longview,CHIEF MAGISTRATE,,,Write-in,0,0,0,0,0
Tattnall,Collins,CHIEF MAGISTRATE,,,Write-in,3,0,2,1,0
Tattnall,Manassas,CHIEF MAGISTRATE,,,Write-in,0,0,0,0,0
Tattnall,District II,CHIEF MAGISTRATE,,,Write-in,1,0,1,0,0
Tattnall,Birdford,CHIEF MAGISTRATE,,,Write-in,0,0,0,0,0
Tattnall,East Glennville,CHIEF MAGISTRATE,,,Write-in,0,0,0,0,0
Tattnall,District IV,CHIEF MAGISTRATE,,,Write-in,1,1,0,0,0
Tattnall,District V,CHIEF MAGISTRATE,,,Write-in,0,0,0,0,0
Tattnall,,BOE, CHAIR,,RICHARD BLAND ,1877,74,1308,493,2
Tattnall,Cobbtown,BOE, CHAIR,,RICHARD BLAND ,128,8,87,33,0
Tattnall,Longview,BOE, CHAIR,,RICHARD BLAND ,54,0,44,10,0
Tattnall,Collins,BOE, CHAIR,,RICHARD BLAND ,246,12,182,52,0
Tattnall,Manassas,BOE, CHAIR,,RICHARD BLAND ,45,1,40,4,0
Tattnall,District II,BOE, CHAIR,,RICHARD BLAND ,410,13,238,159,0
Tattnall,Birdford,BOE, CHAIR,,RICHARD BLAND ,96,2,76,17,1
Tattnall,East Glennville,BOE, CHAIR,,RICHARD BLAND ,274,12,204,57,1
Tattnall,District IV,BOE, CHAIR,,RICHARD BLAND ,333,17,247,69,0
Tattnall,District V,BOE, CHAIR,,RICHARD BLAND ,291,9,190,92,0
Tattnall,,BOE, CHAIR,,Write-in,5,0,4,1,0
Tattnall,Cobbtown,BOE, CHAIR,,Write-in,0,0,0,0,0
Tattnall,Longview,BOE, CHAIR,,Write-in,0,0,0,0,0
Tattnall,Collins,BOE, CHAIR,,Write-in,0,0,0,0,0
Tattnall,Manassas,BOE, CHAIR,,Write-in,0,0,0,0,0
Tattnall,District II,BOE, CHAIR,,Write-in,1,0,1,0,0
Tattnall,Birdford,BOE, CHAIR,,Write-in,0,0,0,0,0
Tattnall,East Glennville,BOE, CHAIR,,Write-in,2,0,1,1,0
Tattnall,District IV,BOE, CHAIR,,Write-in,2,0,2,0,0
Tattnall,District V,BOE, CHAIR,,Write-in,0,0,0,0,0
Tattnall,,BOE, D1,I,MARILYN M. LANIER,489,24,369,96,0
Tattnall,Cobbtown,BOE, D1,I,MARILYN M. LANIER,147,10,101,36,0
Tattnall,Longview,BOE, D1,I,MARILYN M. LANIER,50,2,38,10,0
Tattnall,Collins,BOE, D1,I,MARILYN M. LANIER,245,11,188,46,0
Tattnall,Manassas,BOE, D1,I,MARILYN M. LANIER,47,1,42,4,0
Tattnall,,BOE, D1,,Write-in,4,0,3,1,0
Tattnall,Cobbtown,BOE, D1,,Write-in,0,0,0,0,0
Tattnall,Longview,BOE, D1,,Write-in,0,0,0,0,0
Tattnall,Collins,BOE, D1,,Write-in,4,0,3,1,0
Tattnall,Manassas,BOE, D1,,Write-in,0,0,0,0,0
Tattnall,,BOE, D2,,BRANDON JOHNSON ,403,13,238,152,0
Tattnall,District II,BOE, D2,,BRANDON JOHNSON ,403,13,238,152,0
Tattnall,,BOE, D2,,Write-in,0,0,0,0,0
Tattnall,District II,BOE, D2,,Write-in,0,0,0,0,0
Tattnall,,BOE, D3,,MARILYN D. CARTER,395,12,304,78,1
Tattnall,Birdford,BOE, D3,,MARILYN D. CARTER,100,2,80,17,1
Tattnall,East Glennville,BOE, D3,,MARILYN D. CARTER,295,10,224,61,0
Tattnall,,BOE, D3,,Write-in,3,0,0,3,0
Tattnall,Birdford,BOE, D3,,Write-in,3,0,0,3,0
Tattnall,East Glennville,BOE, D3,,Write-in,0,0,0,0,0
Tattnall,,BOE, D4,,MARY OLIVER RAY ,346,18,254,74,0
Tattnall,District IV,BOE, D4,,MARY OLIVER RAY ,346,18,254,74,0
Tattnall,,BOE, D4,,Write-in,2,0,2,0,0
Tattnall,District IV,BOE, D4,,Write-in,2,0,2,0,0
Tattnall,,BOE, D5,,DALE KICKLIGHTER ,129,6,76,47,0
Tattnall,District V,BOE, D5,,DALE KICKLIGHTER ,129,6,76,47,0
Tattnall,,BOE, D5,,DONNA K. TOOTLE,287,10,216,61,0
Tattnall,District V,BOE, D5,,DONNA K. TOOTLE,287,10,216,61,0
Tattnall,,BOE, D5,,Write-in,0,0,0,0,0
Tattnall,District V,BOE, D5,,Write-in,0,0,0,0,0
Tattnall,,TSPLOST,,,YES,1497,65,1018,412,2
Tattnall,Cobbtown,TSPLOST,,,YES,103,8,68,27,0
Tattnall,Longview,TSPLOST,,,YES,43,2,32,9,0
Tattnall,Collins,TSPLOST,,,YES,189,9,136,44,0
Tattnall,Manassas,TSPLOST,,,YES,33,0,30,2,1
Tattnall,District II,TSPLOST,,,YES,306,8,171,127,0
Tattnall,Birdford,TSPLOST,,,YES,80,3,67,9,1
Tattnall,East Glennville,TSPLOST,,,YES,220,13,156,51,0
Tattnall,District IV,TSPLOST,,,YES,280,15,196,69,0
Tattnall,District V,TSPLOST,,,YES,243,7,162,74,0
Tattnall,,TSPLOST,,,NO,997,37,755,205,0
Tattnall,Cobbtown,TSPLOST,,,NO,83,3,62,18,0
Tattnall,Longview,TSPLOST,,,NO,20,0,19,1,0
Tattnall,Collins,TSPLOST,,,NO,127,5,101,21,0
Tattnall,Manassas,TSPLOST,,,NO,31,1,27,3,0
Tattnall,District II,TSPLOST,,,NO,183,6,119,58,0
Tattnall,Birdford,TSPLOST,,,NO,52,1,36,15,0
Tattnall,East Glennville,TSPLOST,,,NO,149,3,116,30,0
Tattnall,District IV,TSPLOST,,,NO,192,8,157,27,0
Tattnall,District V,TSPLOST,,,NO,160,10,118,32,0
