county,precinct,office,district,party,candidate,votes,absentee_by_mail,election_day,advance_in_person,provisional
Schley,,"Public Service Commission, District 3",3,REP,CHUCK EATON (I),146,0,98,48,0
Schley,Precinct One,"Public Service Commission, District 3",3,REP,CHUCK EATON (I),146,0,98,48,0
Schley,,"Public Service Commission, District 3",3,REP,MATT REID,89,1,56,32,0
Schley,Precinct One,"Public Service Commission, District 3",3,REP,MATT REID,89,1,56,32,0
Schley,,"Public Service Commission, District 3",3,DEM,STEPHEN OPPENHEIMER,250,9,133,107,1
Schley,Precinct One,"Public Service Commission, District 3",3,DEM,STEPHEN OPPENHEIMER,250,9,133,107,1
Schley,,"Public Service Commission, District 5",5,REP,PAM DAVIDSON,108,1,70,37,0
Schley,Precinct One,"Public Service Commission, District 5",5,REP,PAM DAVIDSON,108,1,70,37,0
Schley,,"Public Service Commission, District 5",5,REP,STAN WISE (I),128,0,83,45,0
Schley,Precinct One,"Public Service Commission, District 5",5,REP,STAN WISE (I),128,0,83,45,0
Schley,,"U.S. Representative, District 2",2,REP,RICK ALLEN,68,1,48,19,0
Schley,Precinct One,"U.S. Representative, District 2",2,REP,RICK ALLEN,68,1,48,19,0
Schley,,"U.S. Representative, District 2",2,REP,KEN DELOACH,59,0,45,14,0
Schley,Precinct One,"U.S. Representative, District 2",2,REP,KEN DELOACH,59,0,45,14,0
Schley,,"U.S. Representative, District 2",2,REP,JOHN HOUSE,100,0,56,44,0
Schley,Precinct One,"U.S. Representative, District 2",2,REP,JOHN HOUSE,100,0,56,44,0
Schley,,"U.S. Representative, District 2",2,DEM,SANFORD BISHOP (I),292,9,170,112,1
Schley,Precinct One,"U.S. Representative, District 2",2,DEM,SANFORD BISHOP (I),292,9,170,112,1
Schley,,"State Senator, District 15",15,REP,DAVID BROWN,209,0,136,73,0
Schley,Precinct One,"State Senator, District 15",15,REP,DAVID BROWN,209,0,136,73,0
Schley,,"State Senator, District 15",15,DEM,ED HARBISON (I),219,6,123,89,1
Schley,Precinct One,"State Senator, District 15",15,DEM,ED HARBISON (I),219,6,123,89,1
Schley,,"State Senator, District 15",15,DEM,REGINALD PUGH,113,3,66,44,0
Schley,Precinct One,"State Senator, District 15",15,DEM,REGINALD PUGH,113,3,66,44,0
Schley,,"State Representative, District 138",138,REP,MIKE CHEOKAS (I),215,1,141,73,0
Schley,Precinct One,"State Representative, District 138",138,REP,MIKE CHEOKAS (I),215,1,141,73,0
Schley,,"State Representative, District 138",138,DEM,KEVIN T. BROWN,258,9,146,102,1
Schley,Precinct One,"State Representative, District 138",138,DEM,KEVIN T. BROWN,258,9,146,102,1
Schley,,"District Attorney, Southwestern Circuit", Southwestern Circuit - REP,REP,PLEZ H. HARDIN (I),215,0,141,74,0
Schley,Precinct One,"District Attorney, Southwestern Circuit", Southwestern Circuit - REP,REP,PLEZ H. HARDIN (I),215,0,141,74,0
Schley,,"JUDGE, PROBATE COURT", PROBATE COURT - R,,MITZI E. WAY ,239,2,158,79,0
Schley,Precinct One,"JUDGE, PROBATE COURT", PROBATE COURT - R,,MITZI E. WAY ,239,2,158,79,0
Schley,,"CLERK, SUPERIOR COURT", SUPERIOR COURT - R,,KATHY S. ROYAL,234,2,157,75,0
Schley,Precinct One,"CLERK, SUPERIOR COURT", SUPERIOR COURT - R,,KATHY S. ROYAL,234,2,157,75,0
Schley,,SHERIFF,,,SHANE TONDEE ,244,2,160,82,0
Schley,Precinct One,SHERIFF,,,SHANE TONDEE ,244,2,160,82,0
Schley,,TAX COMMISSIONER,,,PAM G. REGISTER ,238,3,155,80,0
Schley,Precinct One,TAX COMMISSIONER,,,PAM G. REGISTER ,238,3,155,80,0
Schley,,CORONER,,,JOHNNY WALL,365,9,208,147,1
Schley,Precinct One,CORONER,,,JOHNNY WALL,365,9,208,147,1
Schley,,CHIEF MAGISTRATE,,,LARRY WALL ,241,2,160,79,0
Schley,Precinct One,CHIEF MAGISTRATE,,,LARRY WALL ,241,2,160,79,0
Schley,,COUNTY COMM AT LARGE,,,GREG BARINEAU ,212,2,137,73,0
Schley,Precinct One,COUNTY COMM AT LARGE,,,GREG BARINEAU ,212,2,137,73,0
Schley,,"CC, D2", D2 - D,,ANGELI S SMITH ,82,1,48,32,1
Schley,Precinct One,"CC, D2", D2 - D,,ANGELI S SMITH ,82,1,48,32,1
Schley,,"CC, D3", D3 - D,,SANDRA KAY ROYAL ,66,3,42,21,0
Schley,Precinct One,"CC, D3", D3 - D,,SANDRA KAY ROYAL ,66,3,42,21,0
Schley,,BOE AT LARGE,,,TOMMY PILCHER,214,2,140,72,0
Schley,Precinct One,BOE AT LARGE,,,TOMMY PILCHER,214,2,140,72,0
Schley,,BOE AT LARGE,,I,DAVID L. BYRD SR.,287,6,155,125,1
Schley,Precinct One,BOE AT LARGE,,I,DAVID L. BYRD SR.,287,6,155,125,1
Schley,,BOE AT LARGE,,,WALT VASIL,170,3,116,51,0
Schley,Precinct One,BOE AT LARGE,,,WALT VASIL,170,3,116,51,0
Schley,,BOE D2,,,JOAN W. PERKINS ,82,1,49,31,1
Schley,Precinct One,BOE D2,,,JOAN W. PERKINS ,82,1,49,31,1
Schley,,BOE D3,,,MARIA G. CLOER ,49,1,38,10,0
Schley,Precinct One,BOE D3,,,MARIA G. CLOER ,49,1,38,10,0
Schley,,BOE D3,,,BILL EWING,38,0,24,14,0
Schley,Precinct One,BOE D3,,,BILL EWING,38,0,24,14,0
Schley,,Republican Party Question 1<br>Should Georgia have casino gambling with funds going to education?,,REP,YES,140,1,90,49,0
Schley,Precinct One,Republican Party Question 1<br>Should Georgia have casino gambling with funds going to education?,,REP,YES,140,1,90,49,0
Schley,,Republican Party Question 1<br>Should Georgia have casino gambling with funds going to education?,,REP,NO,129,2,86,41,0
Schley,Precinct One,Republican Party Question 1<br>Should Georgia have casino gambling with funds going to education?,,REP,NO,129,2,86,41,0
Schley,,Republican Party Question 2<br>Do you support ending the current practice of unlimited gifts from lobbyists to state legislators by imposing a $100 cap on such gifts?,,REP,YES,218,3,138,77,0
Schley,Precinct One,Republican Party Question 2<br>Do you support ending the current practice of unlimited gifts from lobbyists to state legislators by imposing a $100 cap on such gifts?,,REP,YES,218,3,138,77,0
Schley,,Republican Party Question 2<br>Do you support ending the current practice of unlimited gifts from lobbyists to state legislators by imposing a $100 cap on such gifts?,,REP,NO,44,0,33,11,0
Schley,Precinct One,Republican Party Question 2<br>Do you support ending the current practice of unlimited gifts from lobbyists to state legislators by imposing a $100 cap on such gifts?,,REP,NO,44,0,33,11,0
Schley,,Republican Party Question 3<br>Should active duty military personnel who are under the age of 21 be allowed to obtain a Georgia weapons license?,,REP,YES,190,3,127,60,0
Schley,Precinct One,Republican Party Question 3<br>Should active duty military personnel who are under the age of 21 be allowed to obtain a Georgia weapons license?,,REP,YES,190,3,127,60,0
Schley,,Republican Party Question 3<br>Should active duty military personnel who are under the age of 21 be allowed to obtain a Georgia weapons license?,,REP,NO,76,0,47,29,0
Schley,Precinct One,Republican Party Question 3<br>Should active duty military personnel who are under the age of 21 be allowed to obtain a Georgia weapons license?,,REP,NO,76,0,47,29,0
Schley,,Republican Party Question 4<br>Should Citizens who wish to vote in a primary election be required to register by their political party affiliation at least thirty (30) days prior to such primary election?,,REP,YES,137,0,89,48,0
Schley,Precinct One,Republican Party Question 4<br>Should Citizens who wish to vote in a primary election be required to register by their political party affiliation at least thirty (30) days prior to such primary election?,,REP,YES,137,0,89,48,0
Schley,,Republican Party Question 4<br>Should Citizens who wish to vote in a primary election be required to register by their political party affiliation at least thirty (30) days prior to such primary election?,,REP,NO,123,3,82,38,0
Schley,Precinct One,Republican Party Question 4<br>Should Citizens who wish to vote in a primary election be required to register by their political party affiliation at least thirty (30) days prior to such primary election?,,REP,NO,123,3,82,38,0
Schley,,Republican Party Question 5 <br>Life Amendment Question,,REP,YES,170,1,112,57,0
Schley,Precinct One,Republican Party Question 5 <br>Life Amendment Question,,REP,YES,170,1,112,57,0
Schley,,Republican Party Question 5 <br>Life Amendment Question,,REP,NO,77,2,50,25,0
Schley,Precinct One,Republican Party Question 5 <br>Life Amendment Question,,REP,NO,77,2,50,25,0
Schley,,Democratic Party Question 1<br>Should the Georgia Constitution be amended to allow the state to override locally-elected school boards’ decisions when it comes to the creation of charter schools in your county or city?,,DEM,YES,165,4,99,61,1
Schley,Precinct One,Democratic Party Question 1<br>Should the Georgia Constitution be amended to allow the state to override locally-elected school boards’ decisions when it comes to the creation of charter schools in your county or city?,,DEM,YES,165,4,99,61,1
Schley,,Democratic Party Question 1<br>Should the Georgia Constitution be amended to allow the state to override locally-elected school boards’ decisions when it comes to the creation of charter schools in your county or city?,,DEM,NO,251,5,142,104,0
Schley,Precinct One,Democratic Party Question 1<br>Should the Georgia Constitution be amended to allow the state to override locally-elected school boards’ decisions when it comes to the creation of charter schools in your county or city?,,DEM,NO,251,5,142,104,0
Schley,,Democratic Party Question 2<br>Do you support ending current practice permitting unlimited gifts from lobbyists to state legislators?,,DEM,YES,282,9,152,120,1
Schley,Precinct One,Democratic Party Question 2<br>Do you support ending current practice permitting unlimited gifts from lobbyists to state legislators?,,DEM,YES,282,9,152,120,1
Schley,,Democratic Party Question 2<br>Do you support ending current practice permitting unlimited gifts from lobbyists to state legislators?,,DEM,NO,139,0,90,49,0
Schley,Precinct One,Democratic Party Question 2<br>Do you support ending current practice permitting unlimited gifts from lobbyists to state legislators?,,DEM,NO,139,0,90,49,0
Schley,,Democratic Party Question 3<br>Should Georgia adopt an income tax credit for home energy costs to support the economic security of our families?,,DEM,YES,316,7,188,120,1
Schley,Precinct One,Democratic Party Question 3<br>Should Georgia adopt an income tax credit for home energy costs to support the economic security of our families?,,DEM,YES,316,7,188,120,1
Schley,,Democratic Party Question 3<br>Should Georgia adopt an income tax credit for home energy costs to support the economic security of our families?,,DEM,NO,108,2,60,46,0
Schley,Precinct One,Democratic Party Question 3<br>Should Georgia adopt an income tax credit for home energy costs to support the economic security of our families?,,DEM,NO,108,2,60,46,0
Schley,,Democratic Party Question 4 <br>Should Georgia reduce sales taxes on Made in Georgia products so as to support the growth of small businesses in our state?,,DEM,YES,384,7,220,156,1
Schley,Precinct One,Democratic Party Question 4 <br>Should Georgia reduce sales taxes on Made in Georgia products so as to support the growth of small businesses in our state?,,DEM,YES,384,7,220,156,1
Schley,,Democratic Party Question 4 <br>Should Georgia reduce sales taxes on Made in Georgia products so as to support the growth of small businesses in our state?,,DEM,NO,55,2,37,16,0
Schley,Precinct One,Democratic Party Question 4 <br>Should Georgia reduce sales taxes on Made in Georgia products so as to support the growth of small businesses in our state?,,DEM,NO,55,2,37,16,0
Schley,,Supreme Court Justice, Hunstein,I,CAROL W. HUNSTEIN,499,7,300,191,1
Schley,Precinct One,Supreme Court Justice, Hunstein,I,CAROL W. HUNSTEIN,499,7,300,191,1
Schley,,Supreme Court Justice, Hunstein,,Write-in ,3,1,2,0,0
Schley,Precinct One,Supreme Court Justice, Hunstein,,Write-in ,3,1,2,0,0
Schley,,Supreme Court Justice, Melton,,HAROLD D. MELTON ,491,7,294,189,1
Schley,Precinct One,Supreme Court Justice, Melton,,HAROLD D. MELTON ,491,7,294,189,1
Schley,,Supreme Court Justice, Melton,,Write-in,3,0,3,0,0
Schley,Precinct One,Supreme Court Justice, Melton,,Write-in,3,0,3,0,0
Schley,,Supreme Court Justice, Thompson,,HUGH P. THOMPSON ,482,7,291,183,1
Schley,Precinct One,Supreme Court Justice, Thompson,,HUGH P. THOMPSON ,482,7,291,183,1
Schley,,Supreme Court Justice, Thompson,,Write-in,0,0,0,0,0
Schley,Precinct One,Supreme Court Justice, Thompson,,Write-in,0,0,0,0,0
Schley,,Appeals Court Judge, Boggs,,MICHAEL P. BOGGS ,481,9,290,181,1
Schley,Precinct One,Appeals Court Judge, Boggs,,MICHAEL P. BOGGS ,481,9,290,181,1
Schley,,Appeals Court Judge, Boggs,,Write-in,0,0,0,0,0
Schley,Precinct One,Appeals Court Judge, Boggs,,Write-in,0,0,0,0,0
Schley,,Appeals Court Judge, Dillard,,STEPHEN DILLARD ,482,8,291,182,1
Schley,Precinct One,Appeals Court Judge, Dillard,,STEPHEN DILLARD ,482,8,291,182,1
Schley,,Appeals Court Judge, Dillard,,Write-in,1,0,0,1,0
Schley,Precinct One,Appeals Court Judge, Dillard,,Write-in,1,0,0,1,0
Schley,,Appeals Court Judge, Ellington,I,JOHN J. ELLINGTON,481,8,289,183,1
Schley,Precinct One,Appeals Court Judge, Ellington,I,JOHN J. ELLINGTON,481,8,289,183,1
Schley,,Appeals Court Judge, Ellington,,Write-in ,0,0,0,0,0
Schley,Precinct One,Appeals Court Judge, Ellington,,Write-in ,0,0,0,0,0
Schley,,Appeals Court Judge, Miller,,M. YVETTE MILLER ,492,8,302,181,1
Schley,Precinct One,Appeals Court Judge, Miller,,M. YVETTE MILLER ,492,8,302,181,1
Schley,,Appeals Court Judge, Miller,,Write-in,0,0,0,0,0
Schley,Precinct One,Appeals Court Judge, Miller,,Write-in,0,0,0,0,0
Schley,,Appeals Court Judge, Phipps,,HERBERT PHIPPS ,492,8,300,183,1
Schley,Precinct One,Appeals Court Judge, Phipps,,HERBERT PHIPPS ,492,8,300,183,1
Schley,,Appeals Court Judge, Phipps,,Write-in,0,0,0,0,0
Schley,Precinct One,Appeals Court Judge, Phipps,,Write-in,0,0,0,0,0
Schley,,Superior Court Judge, Southwestern Circuit (Peagler),I,GEORGE PEAGLER JR,540,9,316,214,1
Schley,Precinct One,Superior Court Judge, Southwestern Circuit (Peagler),I,GEORGE PEAGLER JR,540,9,316,214,1
Schley,,Superior Court Judge, Southwestern Circuit (Peagler),,Write-in,0,0,0,0,0
Schley,Precinct One,Superior Court Judge, Southwestern Circuit (Peagler),,Write-in,0,0,0,0,0
Schley,,Superior Court Judge, Southwestern Circuit (Smith),,RUCKER SMITH ,515,7,310,197,1
Schley,Precinct One,Superior Court Judge, Southwestern Circuit (Smith),,RUCKER SMITH ,515,7,310,197,1
Schley,,Superior Court Judge, Southwestern Circuit (Smith),,Write-in,3,0,1,2,0
Schley,Precinct One,Superior Court Judge, Southwestern Circuit (Smith),,Write-in,3,0,1,2,0
Schley,,TSPLOST,,,YES,362,6,212,143,1
Schley,Precinct One,TSPLOST,,,YES,362,6,212,143,1
Schley,,TSPLOST,,,NO,367,6,236,125,0
Schley,Precinct One,TSPLOST,,,NO,367,6,236,125,0
