county,precinct,office,district,party,candidate,votes,absentee_by_mail,election_day,advance_in_person,provisional
Telfair,,"Public Service Commission, District 3",3,REP,CHUCK EATON (I),92,9,71,12,0
Telfair,Helena,"Public Service Commission, District 3",3,REP,CHUCK EATON (I),16,2,13,1,0
Telfair,Jacksonville,"Public Service Commission, District 3",3,REP,CHUCK EATON (I),20,0,20,0,0
Telfair,Lumber City,"Public Service Commission, District 3",3,REP,CHUCK EATON (I),10,0,10,0,0
Telfair,McRae,"Public Service Commission, District 3",3,REP,CHUCK EATON (I),27,4,14,9,0
Telfair,Milan,"Public Service Commission, District 3",3,REP,CHUCK EATON (I),17,3,13,1,0
Telfair,Scotland,"Public Service Commission, District 3",3,REP,CHUCK EATON (I),2,0,1,1,0
Telfair,,"Public Service Commission, District 3",3,REP,MATT REID,52,5,41,6,0
Telfair,Helena,"Public Service Commission, District 3",3,REP,MATT REID,10,1,9,0,0
Telfair,Jacksonville,"Public Service Commission, District 3",3,REP,MATT REID,13,0,13,0,0
Telfair,Lumber City,"Public Service Commission, District 3",3,REP,MATT REID,9,0,9,0,0
Telfair,McRae,"Public Service Commission, District 3",3,REP,MATT REID,16,4,7,5,0
Telfair,Milan,"Public Service Commission, District 3",3,REP,MATT REID,3,0,3,0,0
Telfair,Scotland,"Public Service Commission, District 3",3,REP,MATT REID,1,0,0,1,0
Telfair,,"Public Service Commission, District 3",3,DEM,STEPHEN OPPENHEIMER,1643,150,1253,235,5
Telfair,Helena,"Public Service Commission, District 3",3,DEM,STEPHEN OPPENHEIMER,249,10,217,22,0
Telfair,Jacksonville,"Public Service Commission, District 3",3,DEM,STEPHEN OPPENHEIMER,231,24,178,29,0
Telfair,Lumber City,"Public Service Commission, District 3",3,DEM,STEPHEN OPPENHEIMER,206,21,165,19,1
Telfair,McRae,"Public Service Commission, District 3",3,DEM,STEPHEN OPPENHEIMER,609,68,415,123,3
Telfair,Milan,"Public Service Commission, District 3",3,DEM,STEPHEN OPPENHEIMER,222,20,173,29,0
Telfair,Scotland,"Public Service Commission, District 3",3,DEM,STEPHEN OPPENHEIMER,126,7,105,13,1
Telfair,,"Public Service Commission, District 5",5,REP,PAM DAVIDSON,65,6,53,6,0
Telfair,Helena,"Public Service Commission, District 5",5,REP,PAM DAVIDSON,12,1,10,1,0
Telfair,Jacksonville,"Public Service Commission, District 5",5,REP,PAM DAVIDSON,16,0,16,0,0
Telfair,Lumber City,"Public Service Commission, District 5",5,REP,PAM DAVIDSON,9,0,9,0,0
Telfair,McRae,"Public Service Commission, District 5",5,REP,PAM DAVIDSON,20,5,11,4,0
Telfair,Milan,"Public Service Commission, District 5",5,REP,PAM DAVIDSON,7,0,7,0,0
Telfair,Scotland,"Public Service Commission, District 5",5,REP,PAM DAVIDSON,1,0,0,1,0
Telfair,,"Public Service Commission, District 5",5,REP,STAN WISE (I),80,8,62,10,0
Telfair,Helena,"Public Service Commission, District 5",5,REP,STAN WISE (I),15,2,13,0,0
Telfair,Jacksonville,"Public Service Commission, District 5",5,REP,STAN WISE (I),18,0,18,0,0
Telfair,Lumber City,"Public Service Commission, District 5",5,REP,STAN WISE (I),12,0,12,0,0
Telfair,McRae,"Public Service Commission, District 5",5,REP,STAN WISE (I),21,3,9,9,0
Telfair,Milan,"Public Service Commission, District 5",5,REP,STAN WISE (I),12,3,9,0,0
Telfair,Scotland,"Public Service Commission, District 5",5,REP,STAN WISE (I),2,0,1,1,0
Telfair,,"U.S. Representative, District 8",8,REP,AUSTIN SCOTT (I),126,13,97,16,0
Telfair,Helena,"U.S. Representative, District 8",8,REP,AUSTIN SCOTT (I),22,3,18,1,0
Telfair,Jacksonville,"U.S. Representative, District 8",8,REP,AUSTIN SCOTT (I),27,0,27,0,0
Telfair,Lumber City,"U.S. Representative, District 8",8,REP,AUSTIN SCOTT (I),15,0,15,0,0
Telfair,McRae,"U.S. Representative, District 8",8,REP,AUSTIN SCOTT (I),40,7,20,13,0
Telfair,Milan,"U.S. Representative, District 8",8,REP,AUSTIN SCOTT (I),19,3,16,0,0
Telfair,Scotland,"U.S. Representative, District 8",8,REP,AUSTIN SCOTT (I),3,0,1,2,0
Telfair,,"State Senator, District 19",19,REP,TOMMIE WILLIAMS (I),131,13,103,15,0
Telfair,Helena,"State Senator, District 19",19,REP,TOMMIE WILLIAMS (I),22,3,18,1,0
Telfair,Jacksonville,"State Senator, District 19",19,REP,TOMMIE WILLIAMS (I),31,0,31,0,0
Telfair,Lumber City,"State Senator, District 19",19,REP,TOMMIE WILLIAMS (I),17,0,17,0,0
Telfair,McRae,"State Senator, District 19",19,REP,TOMMIE WILLIAMS (I),39,7,20,12,0
Telfair,Milan,"State Senator, District 19",19,REP,TOMMIE WILLIAMS (I),19,3,16,0,0
Telfair,Scotland,"State Senator, District 19",19,REP,TOMMIE WILLIAMS (I),3,0,1,2,0
Telfair,,"State Representative, District 149",149,REP,JOHN CLEMENTS,35,1,30,4,0
Telfair,Helena,"State Representative, District 149",149,REP,JOHN CLEMENTS,6,0,6,0,0
Telfair,Jacksonville,"State Representative, District 149",149,REP,JOHN CLEMENTS,7,0,7,0,0
Telfair,Lumber City,"State Representative, District 149",149,REP,JOHN CLEMENTS,7,0,7,0,0
Telfair,McRae,"State Representative, District 149",149,REP,JOHN CLEMENTS,11,1,7,3,0
Telfair,Milan,"State Representative, District 149",149,REP,JOHN CLEMENTS,3,0,3,0,0
Telfair,Scotland,"State Representative, District 149",149,REP,JOHN CLEMENTS,1,0,0,1,0
Telfair,,"State Representative, District 149",149,REP,JIMMY PRUETT (I),116,13,89,14,0
Telfair,Helena,"State Representative, District 149",149,REP,JIMMY PRUETT (I),21,3,17,1,0
Telfair,Jacksonville,"State Representative, District 149",149,REP,JIMMY PRUETT (I),27,0,27,0,0
Telfair,Lumber City,"State Representative, District 149",149,REP,JIMMY PRUETT (I),14,0,14,0,0
Telfair,McRae,"State Representative, District 149",149,REP,JIMMY PRUETT (I),33,7,14,12,0
Telfair,Milan,"State Representative, District 149",149,REP,JIMMY PRUETT (I),19,3,16,0,0
Telfair,Scotland,"State Representative, District 149",149,REP,JIMMY PRUETT (I),2,0,1,1,0
Telfair,,"District Attorney, Oconee Circuit", Oconee Circuit - DEM,DEM,TIMOTHY G. VAUGHN(I),1915,177,1462,270,6
Telfair,Helena,"District Attorney, Oconee Circuit", Oconee Circuit - DEM,DEM,TIMOTHY G. VAUGHN(I),310,10,271,28,1
Telfair,Jacksonville,"District Attorney, Oconee Circuit", Oconee Circuit - DEM,DEM,TIMOTHY G. VAUGHN(I),260,31,197,32,0
Telfair,Lumber City,"District Attorney, Oconee Circuit", Oconee Circuit - DEM,DEM,TIMOTHY G. VAUGHN(I),219,26,172,20,1
Telfair,McRae,"District Attorney, Oconee Circuit", Oconee Circuit - DEM,DEM,TIMOTHY G. VAUGHN(I),709,74,488,144,3
Telfair,Milan,"District Attorney, Oconee Circuit", Oconee Circuit - DEM,DEM,TIMOTHY G. VAUGHN(I),282,29,219,34,0
Telfair,Scotland,"District Attorney, Oconee Circuit", Oconee Circuit - DEM,DEM,TIMOTHY G. VAUGHN(I),135,7,115,12,1
Telfair,,"JUDGE, PROBATE COURT", PROBATE COURT - D,,DIANNE M. WALKER,2177,190,1685,296,6
Telfair,Helena,"JUDGE, PROBATE COURT", PROBATE COURT - D,,DIANNE M. WALKER,355,11,315,28,1
Telfair,Jacksonville,"JUDGE, PROBATE COURT", PROBATE COURT - D,,DIANNE M. WALKER,299,33,229,37,0
Telfair,Lumber City,"JUDGE, PROBATE COURT", PROBATE COURT - D,,DIANNE M. WALKER,250,30,197,22,1
Telfair,McRae,"JUDGE, PROBATE COURT", PROBATE COURT - D,,DIANNE M. WALKER,810,80,568,159,3
Telfair,Milan,"JUDGE, PROBATE COURT", PROBATE COURT - D,,DIANNE M. WALKER,322,30,254,38,0
Telfair,Scotland,"JUDGE, PROBATE COURT", PROBATE COURT - D,,DIANNE M. WALKER,141,6,122,12,1
Telfair,,"CLERK, SUPERIOR COURT", SUPERIOR COURT - R,,GARY ANDERSON,117,13,89,15,0
Telfair,Helena,"CLERK, SUPERIOR COURT", SUPERIOR COURT - R,,GARY ANDERSON,23,3,19,1,0
Telfair,Jacksonville,"CLERK, SUPERIOR COURT", SUPERIOR COURT - R,,GARY ANDERSON,25,0,25,0,0
Telfair,Lumber City,"CLERK, SUPERIOR COURT", SUPERIOR COURT - R,,GARY ANDERSON,14,0,14,0,0
Telfair,McRae,"CLERK, SUPERIOR COURT", SUPERIOR COURT - R,,GARY ANDERSON,37,7,18,12,0
Telfair,Milan,"CLERK, SUPERIOR COURT", SUPERIOR COURT - R,,GARY ANDERSON,15,3,12,0,0
Telfair,Scotland,"CLERK, SUPERIOR COURT", SUPERIOR COURT - R,,GARY ANDERSON,3,0,1,2,0
Telfair,,"CLERK, SUPERIOR COURT", SUPERIOR COURT - D,,TERRY MIMBS,1351,271,894,183,3
Telfair,Helena,"CLERK, SUPERIOR COURT", SUPERIOR COURT - D,,TERRY MIMBS,216,12,178,25,1
Telfair,Jacksonville,"CLERK, SUPERIOR COURT", SUPERIOR COURT - D,,TERRY MIMBS,129,15,93,21,0
Telfair,Lumber City,"CLERK, SUPERIOR COURT", SUPERIOR COURT - D,,TERRY MIMBS,240,115,115,10,0
Telfair,McRae,"CLERK, SUPERIOR COURT", SUPERIOR COURT - D,,TERRY MIMBS,497,79,318,99,1
Telfair,Milan,"CLERK, SUPERIOR COURT", SUPERIOR COURT - D,,TERRY MIMBS,192,44,122,26,0
Telfair,Scotland,"CLERK, SUPERIOR COURT", SUPERIOR COURT - D,,TERRY MIMBS,77,6,68,2,1
Telfair,,"CLERK, SUPERIOR COURT", SUPERIOR COURT - D,,BELINDA THOMAS,1693,243,1253,194,3
Telfair,Helena,"CLERK, SUPERIOR COURT", SUPERIOR COURT - D,,BELINDA THOMAS,262,22,227,13,0
Telfair,Jacksonville,"CLERK, SUPERIOR COURT", SUPERIOR COURT - D,,BELINDA THOMAS,228,28,172,28,0
Telfair,Lumber City,"CLERK, SUPERIOR COURT", SUPERIOR COURT - D,,BELINDA THOMAS,231,41,173,16,1
Telfair,McRae,"CLERK, SUPERIOR COURT", SUPERIOR COURT - D,,BELINDA THOMAS,637,123,406,106,2
Telfair,Milan,"CLERK, SUPERIOR COURT", SUPERIOR COURT - D,,BELINDA THOMAS,234,24,190,20,0
Telfair,Scotland,"CLERK, SUPERIOR COURT", SUPERIOR COURT - D,,BELINDA THOMAS,101,5,85,11,0
Telfair,,SHERIFF,,,GRADY W. MCGHEE JR.,106,12,81,13,0
Telfair,Helena,SHERIFF,,,GRADY W. MCGHEE JR.,21,3,17,1,0
Telfair,Jacksonville,SHERIFF,,,GRADY W. MCGHEE JR.,24,0,24,0,0
Telfair,Lumber City,SHERIFF,,,GRADY W. MCGHEE JR.,13,0,13,0,0
Telfair,McRae,SHERIFF,,,GRADY W. MCGHEE JR.,32,6,16,10,0
Telfair,Milan,SHERIFF,,,GRADY W. MCGHEE JR.,13,3,10,0,0
Telfair,Scotland,SHERIFF,,,GRADY W. MCGHEE JR.,3,0,1,2,0
Telfair,,SHERIFF,,,JIM G. LOWE,753,63,576,113,1
Telfair,Helena,SHERIFF,,,JIM G. LOWE,104,2,90,12,0
Telfair,Jacksonville,SHERIFF,,,JIM G. LOWE,211,23,166,22,0
Telfair,Lumber City,SHERIFF,,,JIM G. LOWE,94,14,69,11,0
Telfair,McRae,SHERIFF,,,JIM G. LOWE,210,16,142,51,1
Telfair,Milan,SHERIFF,,,JIM G. LOWE,105,8,81,16,0
Telfair,Scotland,SHERIFF,,,JIM G. LOWE,29,0,28,1,0
Telfair,,SHERIFF,,,JOHNNY O. SMITH ,819,36,675,105,3
Telfair,Helena,SHERIFF,,,JOHNNY O. SMITH ,135,3,121,10,1
Telfair,Jacksonville,SHERIFF,,,JOHNNY O. SMITH ,53,5,39,9,0
Telfair,Lumber City,SHERIFF,,,JOHNNY O. SMITH ,182,6,166,9,1
Telfair,McRae,SHERIFF,,,JOHNNY O. SMITH ,275,16,198,61,0
Telfair,Milan,SHERIFF,,,JOHNNY O. SMITH ,105,5,90,10,0
Telfair,Scotland,SHERIFF,,,JOHNNY O. SMITH ,69,1,61,6,1
Telfair,,SHERIFF,,,CHRIS STEVERSON,1635,429,1040,164,2
Telfair,Helena,SHERIFF,,,CHRIS STEVERSON,256,29,210,17,0
Telfair,Jacksonville,SHERIFF,,,CHRIS STEVERSON,127,15,93,19,0
Telfair,Lumber City,SHERIFF,,,CHRIS STEVERSON,228,141,81,6,0
Telfair,McRae,SHERIFF,,,CHRIS STEVERSON,698,176,424,96,2
Telfair,Milan,SHERIFF,,,CHRIS STEVERSON,236,57,158,21,0
Telfair,Scotland,SHERIFF,,,CHRIS STEVERSON,90,11,74,5,0
Telfair,,TAX COMMISSIONER,,,WENDELL H BULLARD,1512,102,1154,250,6
Telfair,Helena,TAX COMMISSIONER,,,WENDELL H BULLARD,223,9,192,21,1
Telfair,Jacksonville,TAX COMMISSIONER,,,WENDELL H BULLARD,194,15,147,32,0
Telfair,Lumber City,TAX COMMISSIONER,,,WENDELL H BULLARD,185,13,157,14,1
Telfair,McRae,TAX COMMISSIONER,,,WENDELL H BULLARD,584,44,393,144,3
Telfair,Milan,TAX COMMISSIONER,,,WENDELL H BULLARD,224,17,179,28,0
Telfair,Scotland,TAX COMMISSIONER,,,WENDELL H BULLARD,102,4,86,11,1
Telfair,,TAX COMMISSIONER,,,SYLVIA SMITH,1651,423,1097,131,0
Telfair,Helena,TAX COMMISSIONER,,,SYLVIA SMITH,269,25,225,19,0
Telfair,Jacksonville,TAX COMMISSIONER,,,SYLVIA SMITH,191,28,147,16,0
Telfair,Lumber City,TAX COMMISSIONER,,,SYLVIA SMITH,305,146,147,12,0
Telfair,McRae,TAX COMMISSIONER,,,SYLVIA SMITH,583,164,356,63,0
Telfair,Milan,TAX COMMISSIONER,,,SYLVIA SMITH,216,52,145,19,0
Telfair,Scotland,TAX COMMISSIONER,,,SYLVIA SMITH,87,8,77,2,0
Telfair,,SURVEYOR,,,GRADY BONEY ,2165,189,1678,293,5
Telfair,Helena,SURVEYOR,,,GRADY BONEY ,341,11,300,29,1
Telfair,Jacksonville,SURVEYOR,,,GRADY BONEY ,306,29,238,39,0
Telfair,Lumber City,SURVEYOR,,,GRADY BONEY ,237,23,192,21,1
Telfair,McRae,SURVEYOR,,,GRADY BONEY ,802,88,556,155,3
Telfair,Milan,SURVEYOR,,,GRADY BONEY ,326,31,259,36,0
Telfair,Scotland,SURVEYOR,,,GRADY BONEY ,153,7,133,13,0
Telfair,,CORONER,,,CHUCK BETHEA ,1919,241,1395,277,6
Telfair,Helena,CORONER,,,CHUCK BETHEA ,333,13,287,32,1
Telfair,Jacksonville,CORONER,,,CHUCK BETHEA ,212,23,160,29,0
Telfair,Lumber City,CORONER,,,CHUCK BETHEA ,266,100,150,15,1
Telfair,McRae,CORONER,,,CHUCK BETHEA ,712,67,488,154,3
Telfair,Milan,CORONER,,,CHUCK BETHEA ,269,33,200,36,0
Telfair,Scotland,CORONER,,,CHUCK BETHEA ,127,5,110,11,1
Telfair,,CORONER,,,RAFORD HORTON,1023,262,667,94,0
Telfair,Helena,CORONER,,,RAFORD HORTON,126,19,100,7,0
Telfair,Jacksonville,CORONER,,,RAFORD HORTON,147,19,109,19,0
Telfair,Lumber City,CORONER,,,RAFORD HORTON,175,54,111,10,0
Telfair,McRae,CORONER,,,RAFORD HORTON,393,131,215,47,0
Telfair,Milan,CORONER,,,RAFORD HORTON,131,33,89,9,0
Telfair,Scotland,CORONER,,,RAFORD HORTON,51,6,43,2,0
Telfair,,CORONER,,,LEE PERRY,164,21,139,4,0
Telfair,Helena,CORONER,,,LEE PERRY,24,2,22,0,0
Telfair,Jacksonville,CORONER,,,LEE PERRY,16,0,15,1,0
Telfair,Lumber City,CORONER,,,LEE PERRY,31,4,27,0,0
Telfair,McRae,CORONER,,,LEE PERRY,48,11,35,2,0
Telfair,Milan,CORONER,,,LEE PERRY,40,3,36,1,0
Telfair,Scotland,CORONER,,,LEE PERRY,5,1,4,0,0
Telfair,,CHIEF MAGISTRATE,,,PATSY S. PADGETT ,1248,103,982,159,4
Telfair,Helena,CHIEF MAGISTRATE,,,PATSY S. PADGETT ,217,11,193,13,0
Telfair,Jacksonville,CHIEF MAGISTRATE,,,PATSY S. PADGETT ,157,10,126,21,0
Telfair,Lumber City,CHIEF MAGISTRATE,,,PATSY S. PADGETT ,219,23,179,16,1
Telfair,McRae,CHIEF MAGISTRATE,,,PATSY S. PADGETT ,442,51,302,86,3
Telfair,Milan,CHIEF MAGISTRATE,,,PATSY S. PADGETT ,124,6,101,17,0
Telfair,Scotland,CHIEF MAGISTRATE,,,PATSY S. PADGETT ,89,2,81,6,0
Telfair,,CHIEF MAGISTRATE,,,BRYAN OAKLEY SELPH,1060,185,772,103,0
Telfair,Helena,CHIEF MAGISTRATE,,,BRYAN OAKLEY SELPH,124,11,104,9,0
Telfair,Jacksonville,CHIEF MAGISTRATE,,,BRYAN OAKLEY SELPH,148,17,110,21,0
Telfair,Lumber City,CHIEF MAGISTRATE,,,BRYAN OAKLEY SELPH,109,11,93,5,0
Telfair,McRae,CHIEF MAGISTRATE,,,BRYAN OAKLEY SELPH,395,103,244,48,0
Telfair,Milan,CHIEF MAGISTRATE,,,BRYAN OAKLEY SELPH,241,39,183,19,0
Telfair,Scotland,CHIEF MAGISTRATE,,,BRYAN OAKLEY SELPH,43,4,38,1,0
Telfair,,CHIEF MAGISTRATE,,,KELLY SPIRES,854,236,498,118,2
Telfair,Helena,CHIEF MAGISTRATE,,,KELLY SPIRES,147,12,116,18,1
Telfair,Jacksonville,CHIEF MAGISTRATE,,,KELLY SPIRES,74,15,52,7,0
Telfair,Lumber City,CHIEF MAGISTRATE,,,KELLY SPIRES,169,126,38,5,0
Telfair,McRae,CHIEF MAGISTRATE,,,KELLY SPIRES,332,53,208,71,0
Telfair,Milan,CHIEF MAGISTRATE,,,KELLY SPIRES,78,24,43,11,0
Telfair,Scotland,CHIEF MAGISTRATE,,,KELLY SPIRES,54,6,41,6,1
Telfair,,"CC, D2", D2 - D,,TIMMY C. LEE,301,17,263,19,2
Telfair,Lumber City,"CC, D2", D2 - D,,TIMMY C. LEE,175,10,157,7,1
Telfair,McRae,"CC, D2", D2 - D,,TIMMY C. LEE,14,0,13,1,0
Telfair,Scotland,"CC, D2", D2 - D,,TIMMY C. LEE,112,7,93,11,1
Telfair,,"CC, D2", D2 - D,,"ARTHUR ""SKIP"" MOORE",342,161,172,9,0
Telfair,Lumber City,"CC, D2", D2 - D,,"ARTHUR ""SKIP"" MOORE",216,136,75,5,0
Telfair,McRae,"CC, D2", D2 - D,,"ARTHUR ""SKIP"" MOORE",63,20,41,2,0
Telfair,Scotland,"CC, D2", D2 - D,,"ARTHUR ""SKIP"" MOORE",63,5,56,2,0
Telfair,,"CC, D3", D3 - D,,ROBERT L. BLIZZARD,31,1,24,6,0
Telfair,Jacksonville,"CC, D3", D3 - D,,ROBERT L. BLIZZARD,12,0,8,4,0
Telfair,Lumber City,"CC, D3", D3 - D,,ROBERT L. BLIZZARD,6,0,5,1,0
Telfair,McRae,"CC, D3", D3 - D,,ROBERT L. BLIZZARD,10,1,8,1,0
Telfair,Milan,"CC, D3", D3 - D,,ROBERT L. BLIZZARD,2,0,2,0,0
Telfair,Scotland,"CC, D3", D3 - D,,ROBERT L. BLIZZARD,1,0,1,0,0
Telfair,,"CC, D3", D3 - D,,"WILSON ""LOPE"" BOWEN",174,19,134,21,0
Telfair,Jacksonville,"CC, D3", D3 - D,,"WILSON ""LOPE"" BOWEN",138,18,104,16,0
Telfair,Lumber City,"CC, D3", D3 - D,,"WILSON ""LOPE"" BOWEN",14,0,12,2,0
Telfair,McRae,"CC, D3", D3 - D,,"WILSON ""LOPE"" BOWEN",9,0,6,3,0
Telfair,Milan,"CC, D3", D3 - D,,"WILSON ""LOPE"" BOWEN",13,1,12,0,0
Telfair,Scotland,"CC, D3", D3 - D,,"WILSON ""LOPE"" BOWEN",0,0,0,0,0
Telfair,,"CC, D3", D3 - D,,TOMMY CARTWRIGHT,50,9,36,5,0
Telfair,Jacksonville,"CC, D3", D3 - D,,TOMMY CARTWRIGHT,21,6,12,3,0
Telfair,Lumber City,"CC, D3", D3 - D,,TOMMY CARTWRIGHT,15,2,13,0,0
Telfair,McRae,"CC, D3", D3 - D,,TOMMY CARTWRIGHT,12,1,9,2,0
Telfair,Milan,"CC, D3", D3 - D,,TOMMY CARTWRIGHT,2,0,2,0,0
Telfair,Scotland,"CC, D3", D3 - D,,TOMMY CARTWRIGHT,0,0,0,0,0
Telfair,,"CC, D3", D3 - D,,HORACE CLEMENTS JR.,27,3,21,3,0
Telfair,Jacksonville,"CC, D3", D3 - D,,HORACE CLEMENTS JR.,14,1,11,2,0
Telfair,Lumber City,"CC, D3", D3 - D,,HORACE CLEMENTS JR.,8,2,6,0,0
Telfair,McRae,"CC, D3", D3 - D,,HORACE CLEMENTS JR.,3,0,2,1,0
Telfair,Milan,"CC, D3", D3 - D,,HORACE CLEMENTS JR.,2,0,2,0,0
Telfair,Scotland,"CC, D3", D3 - D,,HORACE CLEMENTS JR.,0,0,0,0,0
Telfair,,"CC, D3", D3 - D,,TROY D. GIDDENS,300,19,232,49,0
Telfair,Jacksonville,"CC, D3", D3 - D,,TROY D. GIDDENS,157,13,126,18,0
Telfair,Lumber City,"CC, D3", D3 - D,,TROY D. GIDDENS,27,1,18,8,0
Telfair,McRae,"CC, D3", D3 - D,,TROY D. GIDDENS,69,3,48,18,0
Telfair,Milan,"CC, D3", D3 - D,,TROY D. GIDDENS,43,2,36,5,0
Telfair,Scotland,"CC, D3", D3 - D,,TROY D. GIDDENS,4,0,4,0,0
Telfair,,"CC, D3", D3 - D,,SUE HARRELSON,72,18,47,7,0
Telfair,Jacksonville,"CC, D3", D3 - D,,SUE HARRELSON,26,4,19,3,0
Telfair,Lumber City,"CC, D3", D3 - D,,SUE HARRELSON,25,9,14,2,0
Telfair,McRae,"CC, D3", D3 - D,,SUE HARRELSON,11,2,7,2,0
Telfair,Milan,"CC, D3", D3 - D,,SUE HARRELSON,10,3,7,0,0
Telfair,Scotland,"CC, D3", D3 - D,,SUE HARRELSON,0,0,0,0,0
Telfair,,"CC, D3", D3 - D,,JACK JONES JR.,35,2,30,3,0
Telfair,Jacksonville,"CC, D3", D3 - D,,JACK JONES JR.,20,0,18,2,0
Telfair,Lumber City,"CC, D3", D3 - D,,JACK JONES JR.,6,0,5,1,0
Telfair,McRae,"CC, D3", D3 - D,,JACK JONES JR.,7,1,6,0,0
Telfair,Milan,"CC, D3", D3 - D,,JACK JONES JR.,2,1,1,0,0
Telfair,Scotland,"CC, D3", D3 - D,,JACK JONES JR.,0,0,0,0,0
Telfair,,"CC, D4", D4 - D,,HOWARD HART ,271,28,209,34,0
Telfair,Helena,"CC, D4", D4 - D,,HOWARD HART ,95,5,82,8,0
Telfair,McRae,"CC, D4", D4 - D,,HOWARD HART ,23,4,15,4,0
Telfair,Milan,"CC, D4", D4 - D,,HOWARD HART ,153,19,112,22,0
Telfair,,"CC, D4", D4 - D,,MARK SMITH,417,49,311,56,1
Telfair,Helena,"CC, D4", D4 - D,,MARK SMITH,176,7,143,25,1
Telfair,McRae,"CC, D4", D4 - D,,MARK SMITH,37,1,24,12,0
Telfair,Milan,"CC, D4", D4 - D,,MARK SMITH,204,41,144,19,0
Telfair,,"BOE, D3", D3 - D,,LAURA NEAL ,349,24,288,33,4
Telfair,Lumber City,"BOE, D3", D3 - D,,LAURA NEAL ,11,1,8,2,0
Telfair,McRae,"BOE, D3", D3 - D,,LAURA NEAL ,197,17,157,20,3
Telfair,Scotland,"BOE, D3", D3 - D,,LAURA NEAL ,141,6,123,11,1
Telfair,,"BOE, D5", D5 - D,,CHRIS CLARK,337,28,235,74,0
Telfair,McRae,"BOE, D5", D5 - D,,CHRIS CLARK,337,28,235,74,0
Telfair,,"BOE, D6", D6 - D,,LAJOY BONEY ,374,30,297,47,0
Telfair,Jacksonville,"BOE, D6", D6 - D,,LAJOY BONEY ,282,26,224,32,0
Telfair,Lumber City,"BOE, D6", D6 - D,,LAJOY BONEY ,37,3,24,10,0
Telfair,Milan,"BOE, D6", D6 - D,,LAJOY BONEY ,55,1,49,5,0
Telfair,,Republican Party Question 1<br>Should Georgia have casino gambling with funds going to education?,,REP,YES,65,4,51,10,0
Telfair,Helena,Republican Party Question 1<br>Should Georgia have casino gambling with funds going to education?,,REP,YES,11,0,11,0,0
Telfair,Jacksonville,Republican Party Question 1<br>Should Georgia have casino gambling with funds going to education?,,REP,YES,17,0,17,0,0
Telfair,Lumber City,Republican Party Question 1<br>Should Georgia have casino gambling with funds going to education?,,REP,YES,8,0,8,0,0
Telfair,McRae,Republican Party Question 1<br>Should Georgia have casino gambling with funds going to education?,,REP,YES,20,1,10,9,0
Telfair,Milan,Republican Party Question 1<br>Should Georgia have casino gambling with funds going to education?,,REP,YES,7,3,4,0,0
Telfair,Scotland,Republican Party Question 1<br>Should Georgia have casino gambling with funds going to education?,,REP,YES,2,0,1,1,0
Telfair,,Republican Party Question 1<br>Should Georgia have casino gambling with funds going to education?,,REP,NO,92,9,75,8,0
Telfair,Helena,Republican Party Question 1<br>Should Georgia have casino gambling with funds going to education?,,REP,NO,19,3,15,1,0
Telfair,Jacksonville,Republican Party Question 1<br>Should Georgia have casino gambling with funds going to education?,,REP,NO,19,0,19,0,0
Telfair,Lumber City,Republican Party Question 1<br>Should Georgia have casino gambling with funds going to education?,,REP,NO,15,0,15,0,0
Telfair,McRae,Republican Party Question 1<br>Should Georgia have casino gambling with funds going to education?,,REP,NO,23,6,11,6,0
Telfair,Milan,Republican Party Question 1<br>Should Georgia have casino gambling with funds going to education?,,REP,NO,15,0,15,0,0
Telfair,Scotland,Republican Party Question 1<br>Should Georgia have casino gambling with funds going to education?,,REP,NO,1,0,0,1,0
Telfair,,Republican Party Question 2<br>Do you support ending the current practice of unlimited gifts from lobbyists to state legislators by imposing a $100 cap on such gifts?,,REP,YES,119,11,92,16,0
Telfair,Helena,Republican Party Question 2<br>Do you support ending the current practice of unlimited gifts from lobbyists to state legislators by imposing a $100 cap on such gifts?,,REP,YES,22,3,19,0,0
Telfair,Jacksonville,Republican Party Question 2<br>Do you support ending the current practice of unlimited gifts from lobbyists to state legislators by imposing a $100 cap on such gifts?,,REP,YES,19,0,19,0,0
Telfair,Lumber City,Republican Party Question 2<br>Do you support ending the current practice of unlimited gifts from lobbyists to state legislators by imposing a $100 cap on such gifts?,,REP,YES,17,0,17,0,0
Telfair,McRae,Republican Party Question 2<br>Do you support ending the current practice of unlimited gifts from lobbyists to state legislators by imposing a $100 cap on such gifts?,,REP,YES,41,5,21,15,0
Telfair,Milan,Republican Party Question 2<br>Do you support ending the current practice of unlimited gifts from lobbyists to state legislators by imposing a $100 cap on such gifts?,,REP,YES,18,3,15,0,0
Telfair,Scotland,Republican Party Question 2<br>Do you support ending the current practice of unlimited gifts from lobbyists to state legislators by imposing a $100 cap on such gifts?,,REP,YES,2,0,1,1,0
Telfair,,Republican Party Question 2<br>Do you support ending the current practice of unlimited gifts from lobbyists to state legislators by imposing a $100 cap on such gifts?,,REP,NO,34,2,30,2,0
Telfair,Helena,Republican Party Question 2<br>Do you support ending the current practice of unlimited gifts from lobbyists to state legislators by imposing a $100 cap on such gifts?,,REP,NO,8,0,7,1,0
Telfair,Jacksonville,Republican Party Question 2<br>Do you support ending the current practice of unlimited gifts from lobbyists to state legislators by imposing a $100 cap on such gifts?,,REP,NO,15,0,15,0,0
Telfair,Lumber City,Republican Party Question 2<br>Do you support ending the current practice of unlimited gifts from lobbyists to state legislators by imposing a $100 cap on such gifts?,,REP,NO,3,0,3,0,0
Telfair,McRae,Republican Party Question 2<br>Do you support ending the current practice of unlimited gifts from lobbyists to state legislators by imposing a $100 cap on such gifts?,,REP,NO,3,2,1,0,0
Telfair,Milan,Republican Party Question 2<br>Do you support ending the current practice of unlimited gifts from lobbyists to state legislators by imposing a $100 cap on such gifts?,,REP,NO,4,0,4,0,0
Telfair,Scotland,Republican Party Question 2<br>Do you support ending the current practice of unlimited gifts from lobbyists to state legislators by imposing a $100 cap on such gifts?,,REP,NO,1,0,0,1,0
Telfair,,Republican Party Question 3<br>Should active duty military personnel who are under the age of 21 be allowed to obtain a Georgia weapons license?,,REP,YES,102,10,79,13,0
Telfair,Helena,Republican Party Question 3<br>Should active duty military personnel who are under the age of 21 be allowed to obtain a Georgia weapons license?,,REP,YES,19,3,15,1,0
Telfair,Jacksonville,Republican Party Question 3<br>Should active duty military personnel who are under the age of 21 be allowed to obtain a Georgia weapons license?,,REP,YES,24,0,24,0,0
Telfair,Lumber City,Republican Party Question 3<br>Should active duty military personnel who are under the age of 21 be allowed to obtain a Georgia weapons license?,,REP,YES,11,0,11,0,0
Telfair,McRae,Republican Party Question 3<br>Should active duty military personnel who are under the age of 21 be allowed to obtain a Georgia weapons license?,,REP,YES,29,4,14,11,0
Telfair,Milan,Republican Party Question 3<br>Should active duty military personnel who are under the age of 21 be allowed to obtain a Georgia weapons license?,,REP,YES,17,3,14,0,0
Telfair,Scotland,Republican Party Question 3<br>Should active duty military personnel who are under the age of 21 be allowed to obtain a Georgia weapons license?,,REP,YES,2,0,1,1,0
Telfair,,Republican Party Question 3<br>Should active duty military personnel who are under the age of 21 be allowed to obtain a Georgia weapons license?,,REP,NO,51,3,43,5,0
Telfair,Helena,Republican Party Question 3<br>Should active duty military personnel who are under the age of 21 be allowed to obtain a Georgia weapons license?,,REP,NO,10,0,10,0,0
Telfair,Jacksonville,Republican Party Question 3<br>Should active duty military personnel who are under the age of 21 be allowed to obtain a Georgia weapons license?,,REP,NO,11,0,11,0,0
Telfair,Lumber City,Republican Party Question 3<br>Should active duty military personnel who are under the age of 21 be allowed to obtain a Georgia weapons license?,,REP,NO,10,0,10,0,0
Telfair,McRae,Republican Party Question 3<br>Should active duty military personnel who are under the age of 21 be allowed to obtain a Georgia weapons license?,,REP,NO,15,3,8,4,0
Telfair,Milan,Republican Party Question 3<br>Should active duty military personnel who are under the age of 21 be allowed to obtain a Georgia weapons license?,,REP,NO,4,0,4,0,0
Telfair,Scotland,Republican Party Question 3<br>Should active duty military personnel who are under the age of 21 be allowed to obtain a Georgia weapons license?,,REP,NO,1,0,0,1,0
Telfair,,Republican Party Question 4<br>Should Citizens who wish to vote in a primary election be required to register by their political party affiliation at least thirty (30) days prior to such primary election?,,REP,YES,71,8,53,10,0
Telfair,Helena,Republican Party Question 4<br>Should Citizens who wish to vote in a primary election be required to register by their political party affiliation at least thirty (30) days prior to such primary election?,,REP,YES,17,2,15,0,0
Telfair,Jacksonville,Republican Party Question 4<br>Should Citizens who wish to vote in a primary election be required to register by their political party affiliation at least thirty (30) days prior to such primary election?,,REP,YES,15,0,15,0,0
Telfair,Lumber City,Republican Party Question 4<br>Should Citizens who wish to vote in a primary election be required to register by their political party affiliation at least thirty (30) days prior to such primary election?,,REP,YES,9,0,9,0,0
Telfair,McRae,Republican Party Question 4<br>Should Citizens who wish to vote in a primary election be required to register by their political party affiliation at least thirty (30) days prior to such primary election?,,REP,YES,23,5,8,10,0
Telfair,Milan,Republican Party Question 4<br>Should Citizens who wish to vote in a primary election be required to register by their political party affiliation at least thirty (30) days prior to such primary election?,,REP,YES,7,1,6,0,0
Telfair,Scotland,Republican Party Question 4<br>Should Citizens who wish to vote in a primary election be required to register by their political party affiliation at least thirty (30) days prior to such primary election?,,REP,YES,0,0,0,0,0
Telfair,,Republican Party Question 4<br>Should Citizens who wish to vote in a primary election be required to register by their political party affiliation at least thirty (30) days prior to such primary election?,,REP,NO,81,5,68,8,0
Telfair,Helena,Republican Party Question 4<br>Should Citizens who wish to vote in a primary election be required to register by their political party affiliation at least thirty (30) days prior to such primary election?,,REP,NO,12,1,10,1,0
Telfair,Jacksonville,Republican Party Question 4<br>Should Citizens who wish to vote in a primary election be required to register by their political party affiliation at least thirty (30) days prior to such primary election?,,REP,NO,20,0,20,0,0
Telfair,Lumber City,Republican Party Question 4<br>Should Citizens who wish to vote in a primary election be required to register by their political party affiliation at least thirty (30) days prior to such primary election?,,REP,NO,11,0,11,0,0
Telfair,McRae,Republican Party Question 4<br>Should Citizens who wish to vote in a primary election be required to register by their political party affiliation at least thirty (30) days prior to such primary election?,,REP,NO,20,2,13,5,0
Telfair,Milan,Republican Party Question 4<br>Should Citizens who wish to vote in a primary election be required to register by their political party affiliation at least thirty (30) days prior to such primary election?,,REP,NO,15,2,13,0,0
Telfair,Scotland,Republican Party Question 4<br>Should Citizens who wish to vote in a primary election be required to register by their political party affiliation at least thirty (30) days prior to such primary election?,,REP,NO,3,0,1,2,0
Telfair,,Republican Party Question 5 <br>Life Amendment Question,,REP,YES,107,6,86,15,0
Telfair,Helena,Republican Party Question 5 <br>Life Amendment Question,,REP,YES,16,1,14,1,0
Telfair,Jacksonville,Republican Party Question 5 <br>Life Amendment Question,,REP,YES,20,0,20,0,0
Telfair,Lumber City,Republican Party Question 5 <br>Life Amendment Question,,REP,YES,17,0,17,0,0
Telfair,McRae,Republican Party Question 5 <br>Life Amendment Question,,REP,YES,37,5,19,13,0
Telfair,Milan,Republican Party Question 5 <br>Life Amendment Question,,REP,YES,16,0,16,0,0
Telfair,Scotland,Republican Party Question 5 <br>Life Amendment Question,,REP,YES,1,0,0,1,0
Telfair,,Republican Party Question 5 <br>Life Amendment Question,,REP,NO,35,6,27,2,0
Telfair,Helena,Republican Party Question 5 <br>Life Amendment Question,,REP,NO,11,2,9,0,0
Telfair,Jacksonville,Republican Party Question 5 <br>Life Amendment Question,,REP,NO,8,0,8,0,0
Telfair,Lumber City,Republican Party Question 5 <br>Life Amendment Question,,REP,NO,4,0,4,0,0
Telfair,McRae,Republican Party Question 5 <br>Life Amendment Question,,REP,NO,6,2,2,2,0
Telfair,Milan,Republican Party Question 5 <br>Life Amendment Question,,REP,NO,5,2,3,0,0
Telfair,Scotland,Republican Party Question 5 <br>Life Amendment Question,,REP,NO,1,0,1,0,0
Telfair,,Democratic Party Question 1<br>Should the Georgia Constitution be amended to allow the state to override locally-elected school boards’ decisions when it comes to the creation of charter schools in your county or city?,,DEM,YES,988,90,778,115,5
Telfair,Helena,Democratic Party Question 1<br>Should the Georgia Constitution be amended to allow the state to override locally-elected school boards’ decisions when it comes to the creation of charter schools in your county or city?,,DEM,YES,167,8,153,5,1
Telfair,Jacksonville,Democratic Party Question 1<br>Should the Georgia Constitution be amended to allow the state to override locally-elected school boards’ decisions when it comes to the creation of charter schools in your county or city?,,DEM,YES,129,9,105,15,0
Telfair,Lumber City,Democratic Party Question 1<br>Should the Georgia Constitution be amended to allow the state to override locally-elected school boards’ decisions when it comes to the creation of charter schools in your county or city?,,DEM,YES,132,21,98,12,1
Telfair,McRae,Democratic Party Question 1<br>Should the Georgia Constitution be amended to allow the state to override locally-elected school boards’ decisions when it comes to the creation of charter schools in your county or city?,,DEM,YES,350,35,249,63,3
Telfair,Milan,Democratic Party Question 1<br>Should the Georgia Constitution be amended to allow the state to override locally-elected school boards’ decisions when it comes to the creation of charter schools in your county or city?,,DEM,YES,143,15,113,15,0
Telfair,Scotland,Democratic Party Question 1<br>Should the Georgia Constitution be amended to allow the state to override locally-elected school boards’ decisions when it comes to the creation of charter schools in your county or city?,,DEM,YES,67,2,60,5,0
Telfair,,Democratic Party Question 1<br>Should the Georgia Constitution be amended to allow the state to override locally-elected school boards’ decisions when it comes to the creation of charter schools in your county or city?,,DEM,NO,1961,416,1311,233,1
Telfair,Helena,Democratic Party Question 1<br>Should the Georgia Constitution be amended to allow the state to override locally-elected school boards’ decisions when it comes to the creation of charter schools in your county or city?,,DEM,NO,295,25,239,31,0
Telfair,Jacksonville,Democratic Party Question 1<br>Should the Georgia Constitution be amended to allow the state to override locally-elected school boards’ decisions when it comes to the creation of charter schools in your county or city?,,DEM,NO,218,29,160,29,0
Telfair,Lumber City,Democratic Party Question 1<br>Should the Georgia Constitution be amended to allow the state to override locally-elected school boards’ decisions when it comes to the creation of charter schools in your county or city?,,DEM,NO,331,137,184,10,0
Telfair,McRae,Democratic Party Question 1<br>Should the Georgia Constitution be amended to allow the state to override locally-elected school boards’ decisions when it comes to the creation of charter schools in your county or city?,,DEM,NO,738,162,447,129,0
Telfair,Milan,Democratic Party Question 1<br>Should the Georgia Constitution be amended to allow the state to override locally-elected school boards’ decisions when it comes to the creation of charter schools in your county or city?,,DEM,NO,271,54,191,26,0
Telfair,Scotland,Democratic Party Question 1<br>Should the Georgia Constitution be amended to allow the state to override locally-elected school boards’ decisions when it comes to the creation of charter schools in your county or city?,,DEM,NO,108,9,90,8,1
Telfair,,Democratic Party Question 2<br>Do you support ending current practice permitting unlimited gifts from lobbyists to state legislators?,,DEM,YES,2039,425,1361,247,6
Telfair,Helena,Democratic Party Question 2<br>Do you support ending current practice permitting unlimited gifts from lobbyists to state legislators?,,DEM,YES,300,26,242,31,1
Telfair,Jacksonville,Democratic Party Question 2<br>Do you support ending current practice permitting unlimited gifts from lobbyists to state legislators?,,DEM,YES,227,28,168,31,0
Telfair,Lumber City,Democratic Party Question 2<br>Do you support ending current practice permitting unlimited gifts from lobbyists to state legislators?,,DEM,YES,345,140,186,18,1
Telfair,McRae,Democratic Party Question 2<br>Do you support ending current practice permitting unlimited gifts from lobbyists to state legislators?,,DEM,YES,759,166,463,127,3
Telfair,Milan,Democratic Party Question 2<br>Do you support ending current practice permitting unlimited gifts from lobbyists to state legislators?,,DEM,YES,282,57,194,31,0
Telfair,Scotland,Democratic Party Question 2<br>Do you support ending current practice permitting unlimited gifts from lobbyists to state legislators?,,DEM,YES,126,8,108,9,1
Telfair,,Democratic Party Question 2<br>Do you support ending current practice permitting unlimited gifts from lobbyists to state legislators?,,DEM,NO,918,78,736,104,0
Telfair,Helena,Democratic Party Question 2<br>Do you support ending current practice permitting unlimited gifts from lobbyists to state legislators?,,DEM,NO,170,8,155,7,0
Telfair,Jacksonville,Democratic Party Question 2<br>Do you support ending current practice permitting unlimited gifts from lobbyists to state legislators?,,DEM,NO,117,9,94,14,0
Telfair,Lumber City,Democratic Party Question 2<br>Do you support ending current practice permitting unlimited gifts from lobbyists to state legislators?,,DEM,NO,119,17,99,3,0
Telfair,McRae,Democratic Party Question 2<br>Do you support ending current practice permitting unlimited gifts from lobbyists to state legislators?,,DEM,NO,327,29,234,64,0
Telfair,Milan,Democratic Party Question 2<br>Do you support ending current practice permitting unlimited gifts from lobbyists to state legislators?,,DEM,NO,138,12,113,13,0
Telfair,Scotland,Democratic Party Question 2<br>Do you support ending current practice permitting unlimited gifts from lobbyists to state legislators?,,DEM,NO,47,3,41,3,0
Telfair,,Democratic Party Question 3<br>Should Georgia adopt an income tax credit for home energy costs to support the economic security of our families?,,DEM,YES,2277,416,1590,265,6
Telfair,Helena,Democratic Party Question 3<br>Should Georgia adopt an income tax credit for home energy costs to support the economic security of our families?,,DEM,YES,365,30,307,27,1
Telfair,Jacksonville,Democratic Party Question 3<br>Should Georgia adopt an income tax credit for home energy costs to support the economic security of our families?,,DEM,YES,260,32,196,32,0
Telfair,Lumber City,Democratic Party Question 3<br>Should Georgia adopt an income tax credit for home energy costs to support the economic security of our families?,,DEM,YES,334,105,209,19,1
Telfair,McRae,Democratic Party Question 3<br>Should Georgia adopt an income tax credit for home energy costs to support the economic security of our families?,,DEM,YES,876,183,543,147,3
Telfair,Milan,Democratic Party Question 3<br>Should Georgia adopt an income tax credit for home energy costs to support the economic security of our families?,,DEM,YES,293,56,209,28,0
Telfair,Scotland,Democratic Party Question 3<br>Should Georgia adopt an income tax credit for home energy costs to support the economic security of our families?,,DEM,YES,149,10,126,12,1
Telfair,,Democratic Party Question 3<br>Should Georgia adopt an income tax credit for home energy costs to support the economic security of our families?,,DEM,NO,693,87,520,86,0
Telfair,Helena,Democratic Party Question 3<br>Should Georgia adopt an income tax credit for home energy costs to support the economic security of our families?,,DEM,NO,107,4,92,11,0
Telfair,Jacksonville,Democratic Party Question 3<br>Should Georgia adopt an income tax credit for home energy costs to support the economic security of our families?,,DEM,NO,88,6,70,12,0
Telfair,Lumber City,Democratic Party Question 3<br>Should Georgia adopt an income tax credit for home energy costs to support the economic security of our families?,,DEM,NO,130,52,75,3,0
Telfair,McRae,Democratic Party Question 3<br>Should Georgia adopt an income tax credit for home energy costs to support the economic security of our families?,,DEM,NO,214,10,161,43,0
Telfair,Milan,Democratic Party Question 3<br>Should Georgia adopt an income tax credit for home energy costs to support the economic security of our families?,,DEM,NO,125,14,95,16,0
Telfair,Scotland,Democratic Party Question 3<br>Should Georgia adopt an income tax credit for home energy costs to support the economic security of our families?,,DEM,NO,29,1,27,1,0
Telfair,,Democratic Party Question 4 <br>Should Georgia reduce sales taxes on Made in Georgia products so as to support the growth of small businesses in our state?,,DEM,YES,2526,367,1840,313,6
Telfair,Helena,Democratic Party Question 4 <br>Should Georgia reduce sales taxes on Made in Georgia products so as to support the growth of small businesses in our state?,,DEM,YES,414,24,357,32,1
Telfair,Jacksonville,Democratic Party Question 4 <br>Should Georgia reduce sales taxes on Made in Georgia products so as to support the growth of small businesses in our state?,,DEM,YES,298,27,231,40,0
Telfair,Lumber City,Democratic Party Question 4 <br>Should Georgia reduce sales taxes on Made in Georgia products so as to support the growth of small businesses in our state?,,DEM,YES,414,145,246,22,1
Telfair,McRae,Democratic Party Question 4 <br>Should Georgia reduce sales taxes on Made in Georgia products so as to support the growth of small businesses in our state?,,DEM,YES,884,105,607,169,3
Telfair,Milan,Democratic Party Question 4 <br>Should Georgia reduce sales taxes on Made in Georgia products so as to support the growth of small businesses in our state?,,DEM,YES,358,57,264,37,0
Telfair,Scotland,Democratic Party Question 4 <br>Should Georgia reduce sales taxes on Made in Georgia products so as to support the growth of small businesses in our state?,,DEM,YES,158,9,135,13,1
Telfair,,Democratic Party Question 4 <br>Should Georgia reduce sales taxes on Made in Georgia products so as to support the growth of small businesses in our state?,,DEM,NO,462,113,304,45,0
Telfair,Helena,Democratic Party Question 4 <br>Should Georgia reduce sales taxes on Made in Georgia products so as to support the growth of small businesses in our state?,,DEM,NO,61,10,45,6,0
Telfair,Jacksonville,Democratic Party Question 4 <br>Should Georgia reduce sales taxes on Made in Georgia products so as to support the growth of small businesses in our state?,,DEM,NO,57,12,41,4,0
Telfair,Lumber City,Democratic Party Question 4 <br>Should Georgia reduce sales taxes on Made in Georgia products so as to support the growth of small businesses in our state?,,DEM,NO,47,3,42,2,0
Telfair,McRae,Democratic Party Question 4 <br>Should Georgia reduce sales taxes on Made in Georgia products so as to support the growth of small businesses in our state?,,DEM,NO,219,86,107,26,0
Telfair,Milan,Democratic Party Question 4 <br>Should Georgia reduce sales taxes on Made in Georgia products so as to support the growth of small businesses in our state?,,DEM,NO,56,1,48,7,0
Telfair,Scotland,Democratic Party Question 4 <br>Should Georgia reduce sales taxes on Made in Georgia products so as to support the growth of small businesses in our state?,,DEM,NO,22,1,21,0,0
Telfair,,Supreme Court Justice, Hunstein,,CAROL W. HUNSTEIN,1944,130,1556,253,5
Telfair,Helena,Supreme Court Justice, Hunstein,,CAROL W. HUNSTEIN,336,9,301,25,1
Telfair,Jacksonville,Supreme Court Justice, Hunstein,,CAROL W. HUNSTEIN,276,19,231,26,0
Telfair,Lumber City,Supreme Court Justice, Hunstein,,CAROL W. HUNSTEIN,224,22,183,18,1
Telfair,McRae,Supreme Court Justice, Hunstein,,CAROL W. HUNSTEIN,709,56,509,141,3
Telfair,Milan,Supreme Court Justice, Hunstein,,CAROL W. HUNSTEIN,261,19,213,29,0
Telfair,Scotland,Supreme Court Justice, Hunstein,,CAROL W. HUNSTEIN,138,5,119,14,0
Telfair,,Supreme Court Justice, Hunstein,,Write-in,7,1,6,0,0
Telfair,Helena,Supreme Court Justice, Hunstein,,Write-in,0,0,0,0,0
Telfair,Jacksonville,Supreme Court Justice, Hunstein,,Write-in,2,0,2,0,0
Telfair,Lumber City,Supreme Court Justice, Hunstein,,Write-in,1,0,1,0,0
Telfair,McRae,Supreme Court Justice, Hunstein,,Write-in,4,1,3,0,0
Telfair,Milan,Supreme Court Justice, Hunstein,,Write-in,0,0,0,0,0
Telfair,Scotland,Supreme Court Justice, Hunstein,,Write-in,0,0,0,0,0
Telfair,,Supreme Court Justice, Melton,,HAROLD D. MELTON ,1922,136,1529,252,5
Telfair,Helena,Supreme Court Justice, Melton,,HAROLD D. MELTON ,325,10,290,24,1
Telfair,Jacksonville,Supreme Court Justice, Melton,,HAROLD D. MELTON ,271,20,225,26,0
Telfair,Lumber City,Supreme Court Justice, Melton,,HAROLD D. MELTON ,227,23,185,18,1
Telfair,McRae,Supreme Court Justice, Melton,,HAROLD D. MELTON ,705,59,502,141,3
Telfair,Milan,Supreme Court Justice, Melton,,HAROLD D. MELTON ,257,19,209,29,0
Telfair,Scotland,Supreme Court Justice, Melton,,HAROLD D. MELTON ,137,5,118,14,0
Telfair,,Supreme Court Justice, Melton,,Write-in,3,0,3,0,0
Telfair,Helena,Supreme Court Justice, Melton,,Write-in,0,0,0,0,0
Telfair,Jacksonville,Supreme Court Justice, Melton,,Write-in,1,0,1,0,0
Telfair,Lumber City,Supreme Court Justice, Melton,,Write-in,0,0,0,0,0
Telfair,McRae,Supreme Court Justice, Melton,,Write-in,2,0,2,0,0
Telfair,Milan,Supreme Court Justice, Melton,,Write-in,0,0,0,0,0
Telfair,Scotland,Supreme Court Justice, Melton,,Write-in,0,0,0,0,0
Telfair,,Supreme Court Justice, Thompson,,HUGH P. THOMPSON ,1949,135,1551,258,5
Telfair,Helena,Supreme Court Justice, Thompson,,HUGH P. THOMPSON ,334,11,296,26,1
Telfair,Jacksonville,Supreme Court Justice, Thompson,,HUGH P. THOMPSON ,271,20,226,25,0
Telfair,Lumber City,Supreme Court Justice, Thompson,,HUGH P. THOMPSON ,230,22,189,18,1
Telfair,McRae,Supreme Court Justice, Thompson,,HUGH P. THOMPSON ,716,59,509,145,3
Telfair,Milan,Supreme Court Justice, Thompson,,HUGH P. THOMPSON ,261,19,212,30,0
Telfair,Scotland,Supreme Court Justice, Thompson,,HUGH P. THOMPSON ,137,4,119,14,0
Telfair,,Supreme Court Justice, Thompson,,Write-in,3,0,3,0,0
Telfair,Helena,Supreme Court Justice, Thompson,,Write-in,1,0,1,0,0
Telfair,Jacksonville,Supreme Court Justice, Thompson,,Write-in,0,0,0,0,0
Telfair,Lumber City,Supreme Court Justice, Thompson,,Write-in,0,0,0,0,0
Telfair,McRae,Supreme Court Justice, Thompson,,Write-in,2,0,2,0,0
Telfair,Milan,Supreme Court Justice, Thompson,,Write-in,0,0,0,0,0
Telfair,Scotland,Supreme Court Justice, Thompson,,Write-in,0,0,0,0,0
Telfair,,Appeals Court Judge, Boggs,,MICHAEL P. BOGGS ,1881,131,1492,253,5
Telfair,Helena,Appeals Court Judge, Boggs,,MICHAEL P. BOGGS ,316,9,281,25,1
Telfair,Jacksonville,Appeals Court Judge, Boggs,,MICHAEL P. BOGGS ,268,22,221,25,0
Telfair,Lumber City,Appeals Court Judge, Boggs,,MICHAEL P. BOGGS ,219,22,178,18,1
Telfair,McRae,Appeals Court Judge, Boggs,,MICHAEL P. BOGGS ,688,55,486,144,3
Telfair,Milan,Appeals Court Judge, Boggs,,MICHAEL P. BOGGS ,252,19,206,27,0
Telfair,Scotland,Appeals Court Judge, Boggs,,MICHAEL P. BOGGS ,138,4,120,14,0
Telfair,,Appeals Court Judge, Boggs,,Write-in,2,2,0,0,0
Telfair,Helena,Appeals Court Judge, Boggs,,Write-in,0,0,0,0,0
Telfair,Jacksonville,Appeals Court Judge, Boggs,,Write-in,0,0,0,0,0
Telfair,Lumber City,Appeals Court Judge, Boggs,,Write-in,0,0,0,0,0
Telfair,McRae,Appeals Court Judge, Boggs,,Write-in,2,2,0,0,0
Telfair,Milan,Appeals Court Judge, Boggs,,Write-in,0,0,0,0,0
Telfair,Scotland,Appeals Court Judge, Boggs,,Write-in,0,0,0,0,0
Telfair,,Appeals Court Judge, Dillard,,STEPHEN DILLARD ,1914,135,1517,257,5
Telfair,Helena,Appeals Court Judge, Dillard,,STEPHEN DILLARD ,326,10,289,26,1
Telfair,Jacksonville,Appeals Court Judge, Dillard,,STEPHEN DILLARD ,272,20,227,25,0
Telfair,Lumber City,Appeals Court Judge, Dillard,,STEPHEN DILLARD ,228,22,187,18,1
Telfair,McRae,Appeals Court Judge, Dillard,,STEPHEN DILLARD ,697,59,488,147,3
Telfair,Milan,Appeals Court Judge, Dillard,,STEPHEN DILLARD ,256,20,209,27,0
Telfair,Scotland,Appeals Court Judge, Dillard,,STEPHEN DILLARD ,135,4,117,14,0
Telfair,,Appeals Court Judge, Dillard,,Write-in,0,0,0,0,0
Telfair,Helena,Appeals Court Judge, Dillard,,Write-in,0,0,0,0,0
Telfair,Jacksonville,Appeals Court Judge, Dillard,,Write-in,0,0,0,0,0
Telfair,Lumber City,Appeals Court Judge, Dillard,,Write-in,0,0,0,0,0
Telfair,McRae,Appeals Court Judge, Dillard,,Write-in,0,0,0,0,0
Telfair,Milan,Appeals Court Judge, Dillard,,Write-in,0,0,0,0,0
Telfair,Scotland,Appeals Court Judge, Dillard,,Write-in,0,0,0,0,0
Telfair,,Appeals Court Judge, Ellington,,JOHN J. ELLINGTON,1899,134,1512,248,5
Telfair,Helena,Appeals Court Judge, Ellington,,JOHN J. ELLINGTON,318,8,285,24,1
Telfair,Jacksonville,Appeals Court Judge, Ellington,,JOHN J. ELLINGTON,266,20,222,24,0
Telfair,Lumber City,Appeals Court Judge, Ellington,,JOHN J. ELLINGTON,229,24,187,17,1
Telfair,McRae,Appeals Court Judge, Ellington,,JOHN J. ELLINGTON,694,57,492,142,3
Telfair,Milan,Appeals Court Judge, Ellington,,JOHN J. ELLINGTON,257,21,209,27,0
Telfair,Scotland,Appeals Court Judge, Ellington,,JOHN J. ELLINGTON,135,4,117,14,0
Telfair,,Appeals Court Judge, Ellington,,Write-in,0,0,0,0,0
Telfair,Helena,Appeals Court Judge, Ellington,,Write-in,0,0,0,0,0
Telfair,Jacksonville,Appeals Court Judge, Ellington,,Write-in,0,0,0,0,0
Telfair,Lumber City,Appeals Court Judge, Ellington,,Write-in,0,0,0,0,0
Telfair,McRae,Appeals Court Judge, Ellington,,Write-in,0,0,0,0,0
Telfair,Milan,Appeals Court Judge, Ellington,,Write-in,0,0,0,0,0
Telfair,Scotland,Appeals Court Judge, Ellington,,Write-in,0,0,0,0,0
Telfair,,Appeals Court Judge, Miller,,M. YVETTE MILLER ,1877,136,1491,246,4
Telfair,Helena,Appeals Court Judge, Miller,,M. YVETTE MILLER ,313,8,281,24,0
Telfair,Jacksonville,Appeals Court Judge, Miller,,M. YVETTE MILLER ,260,20,216,24,0
Telfair,Lumber City,Appeals Court Judge, Miller,,M. YVETTE MILLER ,222,23,181,17,1
Telfair,McRae,Appeals Court Judge, Miller,,M. YVETTE MILLER ,698,60,494,141,3
Telfair,Milan,Appeals Court Judge, Miller,,M. YVETTE MILLER ,249,21,202,26,0
Telfair,Scotland,Appeals Court Judge, Miller,,M. YVETTE MILLER ,135,4,117,14,0
Telfair,,Appeals Court Judge, Miller,,Write-in,0,0,0,0,0
Telfair,Helena,Appeals Court Judge, Miller,,Write-in,0,0,0,0,0
Telfair,Jacksonville,Appeals Court Judge, Miller,,Write-in,0,0,0,0,0
Telfair,Lumber City,Appeals Court Judge, Miller,,Write-in,0,0,0,0,0
Telfair,McRae,Appeals Court Judge, Miller,,Write-in,0,0,0,0,0
Telfair,Milan,Appeals Court Judge, Miller,,Write-in,0,0,0,0,0
Telfair,Scotland,Appeals Court Judge, Miller,,Write-in,0,0,0,0,0
Telfair,,Appeals Court Judge, Phipps,,HERBERT PHIPPS ,1888,146,1488,249,5
Telfair,Helena,Appeals Court Judge, Phipps,,HERBERT PHIPPS ,315,8,281,25,1
Telfair,Jacksonville,Appeals Court Judge, Phipps,,HERBERT PHIPPS ,267,19,224,24,0
Telfair,Lumber City,Appeals Court Judge, Phipps,,HERBERT PHIPPS ,226,28,180,17,1
Telfair,McRae,Appeals Court Judge, Phipps,,HERBERT PHIPPS ,696,65,485,143,3
Telfair,Milan,Appeals Court Judge, Phipps,,HERBERT PHIPPS ,251,22,203,26,0
Telfair,Scotland,Appeals Court Judge, Phipps,,HERBERT PHIPPS ,133,4,115,14,0
Telfair,,Appeals Court Judge, Phipps,,Write-in,2,1,1,0,0
Telfair,Helena,Appeals Court Judge, Phipps,,Write-in,0,0,0,0,0
Telfair,Jacksonville,Appeals Court Judge, Phipps,,Write-in,1,1,0,0,0
Telfair,Lumber City,Appeals Court Judge, Phipps,,Write-in,0,0,0,0,0
Telfair,McRae,Appeals Court Judge, Phipps,,Write-in,1,0,1,0,0
Telfair,Milan,Appeals Court Judge, Phipps,,Write-in,0,0,0,0,0
Telfair,Scotland,Appeals Court Judge, Phipps,,Write-in,0,0,0,0,0
Telfair,,Superior Court Judge, Oconee Circuit (Mullis),,H. F. MULLIS ,2085,148,1651,281,5
Telfair,Helena,Superior Court Judge, Oconee Circuit (Mullis),,H. F. MULLIS ,349,8,312,28,1
Telfair,Jacksonville,Superior Court Judge, Oconee Circuit (Mullis),,H. F. MULLIS ,298,25,244,29,0
Telfair,Lumber City,Superior Court Judge, Oconee Circuit (Mullis),,H. F. MULLIS ,240,22,200,17,1
Telfair,McRae,Superior Court Judge, Oconee Circuit (Mullis),,H. F. MULLIS ,774,64,545,162,3
Telfair,Milan,Superior Court Judge, Oconee Circuit (Mullis),,H. F. MULLIS ,281,23,227,31,0
Telfair,Scotland,Superior Court Judge, Oconee Circuit (Mullis),,H. F. MULLIS ,143,6,123,14,0
Telfair,,Superior Court Judge, Oconee Circuit (Mullis),,Write-in,2,0,1,1,0
Telfair,Helena,Superior Court Judge, Oconee Circuit (Mullis),,Write-in,0,0,0,0,0
Telfair,Jacksonville,Superior Court Judge, Oconee Circuit (Mullis),,Write-in,0,0,0,0,0
Telfair,Lumber City,Superior Court Judge, Oconee Circuit (Mullis),,Write-in,1,0,0,1,0
Telfair,McRae,Superior Court Judge, Oconee Circuit (Mullis),,Write-in,1,0,1,0,0
Telfair,Milan,Superior Court Judge, Oconee Circuit (Mullis),,Write-in,0,0,0,0,0
Telfair,Scotland,Superior Court Judge, Oconee Circuit (Mullis),,Write-in,0,0,0,0,0
Telfair,,Superior Court Judge, Oconee Circuit (Wall),,SARAH F. WALL ,2159,178,1685,292,4
Telfair,Helena,Superior Court Judge, Oconee Circuit (Wall),,SARAH F. WALL ,379,16,332,31,0
Telfair,Jacksonville,Superior Court Judge, Oconee Circuit (Wall),,SARAH F. WALL ,292,21,242,29,0
Telfair,Lumber City,Superior Court Judge, Oconee Circuit (Wall),,SARAH F. WALL ,229,20,191,17,1
Telfair,McRae,Superior Court Judge, Oconee Circuit (Wall),,SARAH F. WALL ,818,90,556,169,3
Telfair,Milan,Superior Court Judge, Oconee Circuit (Wall),,SARAH F. WALL ,296,25,238,33,0
Telfair,Scotland,Superior Court Judge, Oconee Circuit (Wall),,SARAH F. WALL ,145,6,126,13,0
Telfair,,Superior Court Judge, Oconee Circuit (Wall),,Write-in,11,3,7,1,0
Telfair,Helena,Superior Court Judge, Oconee Circuit (Wall),,Write-in,0,0,0,0,0
Telfair,Jacksonville,Superior Court Judge, Oconee Circuit (Wall),,Write-in,2,0,2,0,0
Telfair,Lumber City,Superior Court Judge, Oconee Circuit (Wall),,Write-in,8,3,5,0,0
Telfair,McRae,Superior Court Judge, Oconee Circuit (Wall),,Write-in,0,0,0,0,0
Telfair,Milan,Superior Court Judge, Oconee Circuit (Wall),,Write-in,0,0,0,0,0
Telfair,Scotland,Superior Court Judge, Oconee Circuit (Wall),,Write-in,1,0,0,1,0
Telfair,,TSPLOST,,,YES,1537,121,1225,187,4
Telfair,Helena,TSPLOST,,,YES,287,14,256,17,0
Telfair,Jacksonville,TSPLOST,,,YES,194,7,164,23,0
Telfair,Lumber City,TSPLOST,,,YES,194,25,155,13,1
Telfair,McRae,TSPLOST,,,YES,561,55,392,111,3
Telfair,Milan,TSPLOST,,,YES,205,16,174,15,0
Telfair,Scotland,TSPLOST,,,YES,96,4,84,8,0
Telfair,,TSPLOST,,,NO,1643,386,1057,198,2
Telfair,Helena,TSPLOST,,,NO,225,20,180,24,1
Telfair,Jacksonville,TSPLOST,,,NO,192,31,140,21,0
Telfair,Lumber City,TSPLOST,,,NO,307,129,167,11,0
Telfair,McRae,TSPLOST,,,NO,595,146,344,105,0
Telfair,Milan,TSPLOST,,,NO,235,53,152,30,0
Telfair,Scotland,TSPLOST,,,NO,89,7,74,7,1
