county,precinct,office,district,party,candidate,votes,absentee_by_mail,election_day,advance_in_person,provisional
Monroe,,"Public Service Commission, District 3",3,REP,CHUCK EATON (I),2001,38,1610,353,0
Monroe,BENTONS,"Public Service Commission, District 3",3,REP,CHUCK EATON (I),285,10,241,34,0
Monroe,BRANTLEYS,"Public Service Commission, District 3",3,REP,CHUCK EATON (I),134,1,121,12,0
Monroe,BURGAYS,"Public Service Commission, District 3",3,REP,CHUCK EATON (I),307,12,267,28,0
Monroe,CABANISS,"Public Service Commission, District 3",3,REP,CHUCK EATON (I),54,0,41,13,0
Monroe,COX,"Public Service Commission, District 3",3,REP,CHUCK EATON (I),88,0,77,11,0
Monroe,CULLODEN,"Public Service Commission, District 3",3,REP,CHUCK EATON (I),50,0,48,2,0
Monroe,DILLARDS,"Public Service Commission, District 3",3,REP,CHUCK EATON (I),152,5,108,39,0
Monroe,EVERS,"Public Service Commission, District 3",3,REP,CHUCK EATON (I),212,1,167,44,0
Monroe,FORSYTH,"Public Service Commission, District 3",3,REP,CHUCK EATON (I),274,7,157,110,0
Monroe,HIGH FALLS,"Public Service Commission, District 3",3,REP,CHUCK EATON (I),115,1,101,13,0
Monroe,KELSEYS,"Public Service Commission, District 3",3,REP,CHUCK EATON (I),52,0,49,3,0
Monroe,MIDDLEBROOKS,"Public Service Commission, District 3",3,REP,CHUCK EATON (I),151,0,117,34,0
Monroe,PROCTORS,"Public Service Commission, District 3",3,REP,CHUCK EATON (I),68,1,60,7,0
Monroe,RUSSELLVILLE,"Public Service Commission, District 3",3,REP,CHUCK EATON (I),59,0,56,3,0
Monroe,,"Public Service Commission, District 3",3,REP,MATT REID,1269,13,1010,246,0
Monroe,BENTONS,"Public Service Commission, District 3",3,REP,MATT REID,157,1,129,27,0
Monroe,BRANTLEYS,"Public Service Commission, District 3",3,REP,MATT REID,87,0,73,14,0
Monroe,BURGAYS,"Public Service Commission, District 3",3,REP,MATT REID,123,2,109,12,0
Monroe,CABANISS,"Public Service Commission, District 3",3,REP,MATT REID,73,0,64,9,0
Monroe,COX,"Public Service Commission, District 3",3,REP,MATT REID,64,0,55,9,0
Monroe,CULLODEN,"Public Service Commission, District 3",3,REP,MATT REID,27,0,22,5,0
Monroe,DILLARDS,"Public Service Commission, District 3",3,REP,MATT REID,79,0,62,17,0
Monroe,EVERS,"Public Service Commission, District 3",3,REP,MATT REID,140,7,99,34,0
Monroe,FORSYTH,"Public Service Commission, District 3",3,REP,MATT REID,174,3,109,62,0
Monroe,HIGH FALLS,"Public Service Commission, District 3",3,REP,MATT REID,110,0,94,16,0
Monroe,KELSEYS,"Public Service Commission, District 3",3,REP,MATT REID,26,0,25,1,0
Monroe,MIDDLEBROOKS,"Public Service Commission, District 3",3,REP,MATT REID,97,0,70,27,0
Monroe,PROCTORS,"Public Service Commission, District 3",3,REP,MATT REID,85,0,75,10,0
Monroe,RUSSELLVILLE,"Public Service Commission, District 3",3,REP,MATT REID,27,0,24,3,0
Monroe,,"Public Service Commission, District 3",3,DEM,STEPHEN OPPENHEIMER,674,73,491,110,0
Monroe,BENTONS,"Public Service Commission, District 3",3,DEM,STEPHEN OPPENHEIMER,65,1,50,14,0
Monroe,BRANTLEYS,"Public Service Commission, District 3",3,DEM,STEPHEN OPPENHEIMER,16,0,14,2,0
Monroe,BURGAYS,"Public Service Commission, District 3",3,DEM,STEPHEN OPPENHEIMER,42,4,35,3,0
Monroe,CABANISS,"Public Service Commission, District 3",3,DEM,STEPHEN OPPENHEIMER,30,0,29,1,0
Monroe,COX,"Public Service Commission, District 3",3,DEM,STEPHEN OPPENHEIMER,26,1,22,3,0
Monroe,CULLODEN,"Public Service Commission, District 3",3,DEM,STEPHEN OPPENHEIMER,14,1,13,0,0
Monroe,DILLARDS,"Public Service Commission, District 3",3,DEM,STEPHEN OPPENHEIMER,27,0,25,2,0
Monroe,EVERS,"Public Service Commission, District 3",3,DEM,STEPHEN OPPENHEIMER,33,1,27,5,0
Monroe,FORSYTH,"Public Service Commission, District 3",3,DEM,STEPHEN OPPENHEIMER,292,63,164,65,0
Monroe,HIGH FALLS,"Public Service Commission, District 3",3,DEM,STEPHEN OPPENHEIMER,33,1,27,5,0
Monroe,KELSEYS,"Public Service Commission, District 3",3,DEM,STEPHEN OPPENHEIMER,48,0,46,2,0
Monroe,MIDDLEBROOKS,"Public Service Commission, District 3",3,DEM,STEPHEN OPPENHEIMER,16,1,12,3,0
Monroe,PROCTORS,"Public Service Commission, District 3",3,DEM,STEPHEN OPPENHEIMER,19,0,14,5,0
Monroe,RUSSELLVILLE,"Public Service Commission, District 3",3,DEM,STEPHEN OPPENHEIMER,13,0,13,0,0
Monroe,,"Public Service Commission, District 5",5,REP,PAM DAVIDSON,1462,21,1167,274,0
Monroe,BENTONS,"Public Service Commission, District 5",5,REP,PAM DAVIDSON,188,5,156,27,0
Monroe,BRANTLEYS,"Public Service Commission, District 5",5,REP,PAM DAVIDSON,99,0,84,15,0
Monroe,BURGAYS,"Public Service Commission, District 5",5,REP,PAM DAVIDSON,164,3,144,17,0
Monroe,CABANISS,"Public Service Commission, District 5",5,REP,PAM DAVIDSON,72,0,61,11,0
Monroe,COX,"Public Service Commission, District 5",5,REP,PAM DAVIDSON,74,0,63,11,0
Monroe,CULLODEN,"Public Service Commission, District 5",5,REP,PAM DAVIDSON,33,0,28,5,0
Monroe,DILLARDS,"Public Service Commission, District 5",5,REP,PAM DAVIDSON,106,3,79,24,0
Monroe,EVERS,"Public Service Commission, District 5",5,REP,PAM DAVIDSON,142,7,105,30,0
Monroe,FORSYTH,"Public Service Commission, District 5",5,REP,PAM DAVIDSON,198,3,120,75,0
Monroe,HIGH FALLS,"Public Service Commission, District 5",5,REP,PAM DAVIDSON,116,0,103,13,0
Monroe,KELSEYS,"Public Service Commission, District 5",5,REP,PAM DAVIDSON,36,0,34,2,0
Monroe,MIDDLEBROOKS,"Public Service Commission, District 5",5,REP,PAM DAVIDSON,107,0,79,28,0
Monroe,PROCTORS,"Public Service Commission, District 5",5,REP,PAM DAVIDSON,92,0,80,12,0
Monroe,RUSSELLVILLE,"Public Service Commission, District 5",5,REP,PAM DAVIDSON,35,0,31,4,0
Monroe,,"Public Service Commission, District 5",5,REP,STAN WISE (I),1772,29,1426,317,0
Monroe,BENTONS,"Public Service Commission, District 5",5,REP,STAN WISE (I),250,6,211,33,0
Monroe,BRANTLEYS,"Public Service Commission, District 5",5,REP,STAN WISE (I),121,1,109,11,0
Monroe,BURGAYS,"Public Service Commission, District 5",5,REP,STAN WISE (I),264,11,230,23,0
Monroe,CABANISS,"Public Service Commission, District 5",5,REP,STAN WISE (I),51,0,41,10,0
Monroe,COX,"Public Service Commission, District 5",5,REP,STAN WISE (I),80,0,71,9,0
Monroe,CULLODEN,"Public Service Commission, District 5",5,REP,STAN WISE (I),42,0,40,2,0
Monroe,DILLARDS,"Public Service Commission, District 5",5,REP,STAN WISE (I),126,3,92,31,0
Monroe,EVERS,"Public Service Commission, District 5",5,REP,STAN WISE (I),210,1,159,50,0
Monroe,FORSYTH,"Public Service Commission, District 5",5,REP,STAN WISE (I),239,5,142,92,0
Monroe,HIGH FALLS,"Public Service Commission, District 5",5,REP,STAN WISE (I),106,1,90,15,0
Monroe,KELSEYS,"Public Service Commission, District 5",5,REP,STAN WISE (I),42,0,40,2,0
Monroe,MIDDLEBROOKS,"Public Service Commission, District 5",5,REP,STAN WISE (I),132,0,100,32,0
Monroe,PROCTORS,"Public Service Commission, District 5",5,REP,STAN WISE (I),59,1,53,5,0
Monroe,RUSSELLVILLE,"Public Service Commission, District 5",5,REP,STAN WISE (I),50,0,48,2,0
Monroe,,"U.S. Representative, District 8",8,REP,AUSTIN SCOTT (I),3056,42,2460,554,0
Monroe,BENTONS,"U.S. Representative, District 8",8,REP,AUSTIN SCOTT (I),433,10,365,58,0
Monroe,BRANTLEYS,"U.S. Representative, District 8",8,REP,AUSTIN SCOTT (I),195,0,170,25,0
Monroe,BURGAYS,"U.S. Representative, District 8",8,REP,AUSTIN SCOTT (I),424,10,377,37,0
Monroe,CABANISS,"U.S. Representative, District 8",8,REP,AUSTIN SCOTT (I),115,0,97,18,0
Monroe,COX,"U.S. Representative, District 8",8,REP,AUSTIN SCOTT (I),130,0,112,18,0
Monroe,CULLODEN,"U.S. Representative, District 8",8,REP,AUSTIN SCOTT (I),67,0,63,4,0
Monroe,DILLARDS,"U.S. Representative, District 8",8,REP,AUSTIN SCOTT (I),214,4,159,51,0
Monroe,EVERS,"U.S. Representative, District 8",8,REP,AUSTIN SCOTT (I),334,7,256,71,0
Monroe,FORSYTH,"U.S. Representative, District 8",8,REP,AUSTIN SCOTT (I),421,9,252,160,0
Monroe,HIGH FALLS,"U.S. Representative, District 8",8,REP,AUSTIN SCOTT (I),208,1,178,29,0
Monroe,KELSEYS,"U.S. Representative, District 8",8,REP,AUSTIN SCOTT (I),63,0,60,3,0
Monroe,MIDDLEBROOKS,"U.S. Representative, District 8",8,REP,AUSTIN SCOTT (I),234,0,177,57,0
Monroe,PROCTORS,"U.S. Representative, District 8",8,REP,AUSTIN SCOTT (I),139,1,121,17,0
Monroe,RUSSELLVILLE,"U.S. Representative, District 8",8,REP,AUSTIN SCOTT (I),79,0,73,6,0
Monroe,,"State Senator, District 18",18,REP,SPENCER PRICE,2157,23,1707,427,0
Monroe,BENTONS,"State Senator, District 18",18,REP,SPENCER PRICE,234,4,193,37,0
Monroe,BRANTLEYS,"State Senator, District 18",18,REP,SPENCER PRICE,146,0,126,20,0
Monroe,BURGAYS,"State Senator, District 18",18,REP,SPENCER PRICE,236,3,213,20,0
Monroe,CABANISS,"State Senator, District 18",18,REP,SPENCER PRICE,80,0,71,9,0
Monroe,COX,"State Senator, District 18",18,REP,SPENCER PRICE,121,0,103,18,0
Monroe,CULLODEN,"State Senator, District 18",18,REP,SPENCER PRICE,48,0,43,5,0
Monroe,DILLARDS,"State Senator, District 18",18,REP,SPENCER PRICE,174,5,128,41,0
Monroe,EVERS,"State Senator, District 18",18,REP,SPENCER PRICE,241,5,174,62,0
Monroe,FORSYTH,"State Senator, District 18",18,REP,SPENCER PRICE,348,4,206,138,0
Monroe,HIGH FALLS,"State Senator, District 18",18,REP,SPENCER PRICE,166,1,142,23,0
Monroe,KELSEYS,"State Senator, District 18",18,REP,SPENCER PRICE,49,0,48,1,0
Monroe,MIDDLEBROOKS,"State Senator, District 18",18,REP,SPENCER PRICE,151,1,111,39,0
Monroe,PROCTORS,"State Senator, District 18",18,REP,SPENCER PRICE,111,0,101,10,0
Monroe,RUSSELLVILLE,"State Senator, District 18",18,REP,SPENCER PRICE,52,0,48,4,0
Monroe,,"State Senator, District 18",18,REP,CECIL STATON (I),1427,35,1166,226,0
Monroe,BENTONS,"State Senator, District 18",18,REP,CECIL STATON (I),264,9,227,28,0
Monroe,BRANTLEYS,"State Senator, District 18",18,REP,CECIL STATON (I),90,1,80,9,0
Monroe,BURGAYS,"State Senator, District 18",18,REP,CECIL STATON (I),242,11,209,22,0
Monroe,CABANISS,"State Senator, District 18",18,REP,CECIL STATON (I),53,0,41,12,0
Monroe,COX,"State Senator, District 18",18,REP,CECIL STATON (I),47,0,42,5,0
Monroe,CULLODEN,"State Senator, District 18",18,REP,CECIL STATON (I),32,0,30,2,0
Monroe,DILLARDS,"State Senator, District 18",18,REP,CECIL STATON (I),82,1,62,19,0
Monroe,EVERS,"State Senator, District 18",18,REP,CECIL STATON (I),147,3,120,24,0
Monroe,FORSYTH,"State Senator, District 18",18,REP,CECIL STATON (I),158,9,89,60,0
Monroe,HIGH FALLS,"State Senator, District 18",18,REP,CECIL STATON (I),68,0,61,7,0
Monroe,KELSEYS,"State Senator, District 18",18,REP,CECIL STATON (I),37,0,34,3,0
Monroe,MIDDLEBROOKS,"State Senator, District 18",18,REP,CECIL STATON (I),115,0,91,24,0
Monroe,PROCTORS,"State Senator, District 18",18,REP,CECIL STATON (I),53,1,43,9,0
Monroe,RUSSELLVILLE,"State Senator, District 18",18,REP,CECIL STATON (I),39,0,37,2,0
Monroe,,"State Representative, District 129",129,REP,SUSAN HOLMES (I),431,2,368,61,0
Monroe,CABANISS,"State Representative, District 129",129,REP,SUSAN HOLMES (I),106,0,87,19,0
Monroe,HIGH FALLS,"State Representative, District 129",129,REP,SUSAN HOLMES (I),201,1,172,28,0
Monroe,PROCTORS,"State Representative, District 129",129,REP,SUSAN HOLMES (I),124,1,109,14,0
Monroe,,"State Representative, District 140",140,REP,ROBERT L. DICKEY (I),541,7,409,125,0
Monroe,COX,"State Representative, District 140",140,REP,ROBERT L. DICKEY (I),132,0,115,17,0
Monroe,CULLODEN,"State Representative, District 140",140,REP,ROBERT L. DICKEY (I),72,0,67,5,0
Monroe,FORSYTH,"State Representative, District 140",140,REP,ROBERT L. DICKEY (I),254,7,150,97,0
Monroe,RUSSELLVILLE,"State Representative, District 140",140,REP,ROBERT L. DICKEY (I),83,0,77,6,0
Monroe,,"State Representative, District 141",141,REP,ALLEN PEAKE (I),1976,39,1595,342,0
Monroe,BENTONS,"State Representative, District 141",141,REP,ALLEN PEAKE (I),415,9,350,56,0
Monroe,BRANTLEYS,"State Representative, District 141",141,REP,ALLEN PEAKE (I),186,1,163,22,0
Monroe,BURGAYS,"State Representative, District 141",141,REP,ALLEN PEAKE (I),420,12,373,35,0
Monroe,DILLARDS,"State Representative, District 141",141,REP,ALLEN PEAKE (I),210,5,153,52,0
Monroe,EVERS,"State Representative, District 141",141,REP,ALLEN PEAKE (I),304,8,234,62,0
Monroe,FORSYTH,"State Representative, District 141",141,REP,ALLEN PEAKE (I),155,4,94,57,0
Monroe,KELSEYS,"State Representative, District 141",141,REP,ALLEN PEAKE (I),64,0,61,3,0
Monroe,MIDDLEBROOKS,"State Representative, District 141",141,REP,ALLEN PEAKE (I),222,0,167,55,0
Monroe,,"District Attorney, Towaliga Circuit", Towaliga Circuit - REP,REP,RICHARD MILAM (I),2770,44,2225,501,0
Monroe,BENTONS,"District Attorney, Towaliga Circuit", Towaliga Circuit - REP,REP,RICHARD MILAM (I),362,8,307,47,0
Monroe,BRANTLEYS,"District Attorney, Towaliga Circuit", Towaliga Circuit - REP,REP,RICHARD MILAM (I),181,1,157,23,0
Monroe,BURGAYS,"District Attorney, Towaliga Circuit", Towaliga Circuit - REP,REP,RICHARD MILAM (I),371,12,326,33,0
Monroe,CABANISS,"District Attorney, Towaliga Circuit", Towaliga Circuit - REP,REP,RICHARD MILAM (I),98,0,83,15,0
Monroe,COX,"District Attorney, Towaliga Circuit", Towaliga Circuit - REP,REP,RICHARD MILAM (I),127,0,111,16,0
Monroe,CULLODEN,"District Attorney, Towaliga Circuit", Towaliga Circuit - REP,REP,RICHARD MILAM (I),62,0,57,5,0
Monroe,DILLARDS,"District Attorney, Towaliga Circuit", Towaliga Circuit - REP,REP,RICHARD MILAM (I),205,4,151,50,0
Monroe,EVERS,"District Attorney, Towaliga Circuit", Towaliga Circuit - REP,REP,RICHARD MILAM (I),299,8,230,61,0
Monroe,FORSYTH,"District Attorney, Towaliga Circuit", Towaliga Circuit - REP,REP,RICHARD MILAM (I),388,9,231,148,0
Monroe,HIGH FALLS,"District Attorney, Towaliga Circuit", Towaliga Circuit - REP,REP,RICHARD MILAM (I),196,1,170,25,0
Monroe,KELSEYS,"District Attorney, Towaliga Circuit", Towaliga Circuit - REP,REP,RICHARD MILAM (I),65,0,62,3,0
Monroe,MIDDLEBROOKS,"District Attorney, Towaliga Circuit", Towaliga Circuit - REP,REP,RICHARD MILAM (I),213,0,158,55,0
Monroe,PROCTORS,"District Attorney, Towaliga Circuit", Towaliga Circuit - REP,REP,RICHARD MILAM (I),130,1,115,14,0
Monroe,RUSSELLVILLE,"District Attorney, Towaliga Circuit", Towaliga Circuit - REP,REP,RICHARD MILAM (I),73,0,67,6,0
Monroe,,CLERK SUPERIOR CT,,,LYNN W. HAM ,831,78,610,143,0
Monroe,BENTONS,CLERK SUPERIOR CT,,,LYNN W. HAM ,72,1,57,14,0
Monroe,BRANTLEYS,CLERK SUPERIOR CT,,,LYNN W. HAM ,24,0,22,2,0
Monroe,BURGAYS,CLERK SUPERIOR CT,,,LYNN W. HAM ,49,4,40,5,0
Monroe,CABANISS,CLERK SUPERIOR CT,,,LYNN W. HAM ,33,0,32,1,0
Monroe,COX,CLERK SUPERIOR CT,,,LYNN W. HAM ,33,1,28,4,0
Monroe,CULLODEN,CLERK SUPERIOR CT,,,LYNN W. HAM ,15,1,14,0,0
Monroe,DILLARDS,CLERK SUPERIOR CT,,,LYNN W. HAM ,35,0,31,4,0
Monroe,EVERS,CLERK SUPERIOR CT,,,LYNN W. HAM ,37,1,31,5,0
Monroe,FORSYTH,CLERK SUPERIOR CT,,,LYNN W. HAM ,374,68,219,87,0
Monroe,HIGH FALLS,CLERK SUPERIOR CT,,,LYNN W. HAM ,39,1,31,7,0
Monroe,KELSEYS,CLERK SUPERIOR CT,,,LYNN W. HAM ,62,0,58,4,0
Monroe,MIDDLEBROOKS,CLERK SUPERIOR CT,,,LYNN W. HAM ,20,1,16,3,0
Monroe,PROCTORS,CLERK SUPERIOR CT,,,LYNN W. HAM ,23,0,16,7,0
Monroe,RUSSELLVILLE,CLERK SUPERIOR CT,,,LYNN W. HAM ,15,0,15,0,0
Monroe,,SHERIFF,,I,JOHN CARY BITTICK,868,77,644,147,0
Monroe,BENTONS,SHERIFF,,I,JOHN CARY BITTICK,73,1,58,14,0
Monroe,BRANTLEYS,SHERIFF,,I,JOHN CARY BITTICK,23,0,21,2,0
Monroe,BURGAYS,SHERIFF,,I,JOHN CARY BITTICK,54,3,46,5,0
Monroe,CABANISS,SHERIFF,,I,JOHN CARY BITTICK,35,0,34,1,0
Monroe,COX,SHERIFF,,I,JOHN CARY BITTICK,35,1,30,4,0
Monroe,CULLODEN,SHERIFF,,I,JOHN CARY BITTICK,15,1,14,0,0
Monroe,DILLARDS,SHERIFF,,I,JOHN CARY BITTICK,36,0,32,4,0
Monroe,EVERS,SHERIFF,,I,JOHN CARY BITTICK,38,1,32,5,0
Monroe,FORSYTH,SHERIFF,,I,JOHN CARY BITTICK,390,68,231,91,0
Monroe,HIGH FALLS,SHERIFF,,I,JOHN CARY BITTICK,40,1,32,7,0
Monroe,KELSEYS,SHERIFF,,I,JOHN CARY BITTICK,63,0,60,3,0
Monroe,MIDDLEBROOKS,SHERIFF,,I,JOHN CARY BITTICK,21,1,17,3,0
Monroe,PROCTORS,SHERIFF,,I,JOHN CARY BITTICK,29,0,21,8,0
Monroe,RUSSELLVILLE,SHERIFF,,I,JOHN CARY BITTICK,16,0,16,0,0
Monroe,,TAX COMMISSIONER,,,LORI D. ANDREWS ,807,78,588,141,0
Monroe,BENTONS,TAX COMMISSIONER,,,LORI D. ANDREWS ,68,1,53,14,0
Monroe,BRANTLEYS,TAX COMMISSIONER,,,LORI D. ANDREWS ,24,0,22,2,0
Monroe,BURGAYS,TAX COMMISSIONER,,,LORI D. ANDREWS ,51,4,43,4,0
Monroe,CABANISS,TAX COMMISSIONER,,,LORI D. ANDREWS ,35,0,34,1,0
Monroe,COX,TAX COMMISSIONER,,,LORI D. ANDREWS ,33,1,28,4,0
Monroe,CULLODEN,TAX COMMISSIONER,,,LORI D. ANDREWS ,16,1,15,0,0
Monroe,DILLARDS,TAX COMMISSIONER,,,LORI D. ANDREWS ,33,0,29,4,0
Monroe,EVERS,TAX COMMISSIONER,,,LORI D. ANDREWS ,37,1,31,5,0
Monroe,FORSYTH,TAX COMMISSIONER,,,LORI D. ANDREWS ,348,68,195,85,0
Monroe,HIGH FALLS,TAX COMMISSIONER,,,LORI D. ANDREWS ,37,1,29,7,0
Monroe,KELSEYS,TAX COMMISSIONER,,,LORI D. ANDREWS ,62,0,58,4,0
Monroe,MIDDLEBROOKS,TAX COMMISSIONER,,,LORI D. ANDREWS ,22,1,18,3,0
Monroe,PROCTORS,TAX COMMISSIONER,,,LORI D. ANDREWS ,26,0,18,8,0
Monroe,RUSSELLVILLE,TAX COMMISSIONER,,,LORI D. ANDREWS ,15,0,15,0,0
Monroe,,SURVEYOR,,,STEVE COLEMAN ,2848,43,2277,528,0
Monroe,BENTONS,SURVEYOR,,,STEVE COLEMAN ,377,8,319,50,0
Monroe,BRANTLEYS,SURVEYOR,,,STEVE COLEMAN ,189,1,164,24,0
Monroe,BURGAYS,SURVEYOR,,,STEVE COLEMAN ,373,12,328,33,0
Monroe,CABANISS,SURVEYOR,,,STEVE COLEMAN ,106,0,87,19,0
Monroe,COX,SURVEYOR,,,STEVE COLEMAN ,132,0,113,19,0
Monroe,CULLODEN,SURVEYOR,,,STEVE COLEMAN ,67,0,62,5,0
Monroe,DILLARDS,SURVEYOR,,,STEVE COLEMAN ,206,3,152,51,0
Monroe,EVERS,SURVEYOR,,,STEVE COLEMAN ,311,8,236,67,0
Monroe,FORSYTH,SURVEYOR,,,STEVE COLEMAN ,404,9,240,155,0
Monroe,HIGH FALLS,SURVEYOR,,,STEVE COLEMAN ,195,1,169,25,0
Monroe,KELSEYS,SURVEYOR,,,STEVE COLEMAN ,64,0,61,3,0
Monroe,MIDDLEBROOKS,SURVEYOR,,,STEVE COLEMAN ,217,0,162,55,0
Monroe,PROCTORS,SURVEYOR,,,STEVE COLEMAN ,131,1,114,16,0
Monroe,RUSSELLVILLE,SURVEYOR,,,STEVE COLEMAN ,76,0,70,6,0
Monroe,,CORONER,,I,J. W. PROCTOR JR.,2866,43,2300,523,0
Monroe,BENTONS,CORONER,,I,J. W. PROCTOR JR.,376,8,318,50,0
Monroe,BRANTLEYS,CORONER,,I,J. W. PROCTOR JR.,182,1,160,21,0
Monroe,BURGAYS,CORONER,,I,J. W. PROCTOR JR.,372,12,328,32,0
Monroe,CABANISS,CORONER,,I,J. W. PROCTOR JR.,106,0,89,17,0
Monroe,COX,CORONER,,I,J. W. PROCTOR JR.,133,0,115,18,0
Monroe,CULLODEN,CORONER,,I,J. W. PROCTOR JR.,68,0,63,5,0
Monroe,DILLARDS,CORONER,,I,J. W. PROCTOR JR.,209,4,153,52,0
Monroe,EVERS,CORONER,,I,J. W. PROCTOR JR.,315,7,239,69,0
Monroe,FORSYTH,CORONER,,I,J. W. PROCTOR JR.,399,9,239,151,0
Monroe,HIGH FALLS,CORONER,,I,J. W. PROCTOR JR.,203,1,176,26,0
Monroe,KELSEYS,CORONER,,I,J. W. PROCTOR JR.,66,0,63,3,0
Monroe,MIDDLEBROOKS,CORONER,,I,J. W. PROCTOR JR.,224,0,168,56,0
Monroe,PROCTORS,CORONER,,I,J. W. PROCTOR JR.,136,1,118,17,0
Monroe,RUSSELLVILLE,CORONER,,I,J. W. PROCTOR JR.,77,0,71,6,0
Monroe,,CHIEF MAGISTRATE,,,GEORGE Z. BROWN,924,15,791,118,0
Monroe,BENTONS,CHIEF MAGISTRATE,,,GEORGE Z. BROWN,205,6,173,26,0
Monroe,BRANTLEYS,CHIEF MAGISTRATE,,,GEORGE Z. BROWN,44,0,38,6,0
Monroe,BURGAYS,CHIEF MAGISTRATE,,,GEORGE Z. BROWN,172,6,151,15,0
Monroe,CABANISS,CHIEF MAGISTRATE,,,GEORGE Z. BROWN,30,0,28,2,0
Monroe,COX,CHIEF MAGISTRATE,,,GEORGE Z. BROWN,38,0,35,3,0
Monroe,CULLODEN,CHIEF MAGISTRATE,,,GEORGE Z. BROWN,19,0,18,1,0
Monroe,DILLARDS,CHIEF MAGISTRATE,,,GEORGE Z. BROWN,31,0,25,6,0
Monroe,EVERS,CHIEF MAGISTRATE,,,GEORGE Z. BROWN,86,1,72,13,0
Monroe,FORSYTH,CHIEF MAGISTRATE,,,GEORGE Z. BROWN,62,1,47,14,0
Monroe,HIGH FALLS,CHIEF MAGISTRATE,,,GEORGE Z. BROWN,92,0,83,9,0
Monroe,KELSEYS,CHIEF MAGISTRATE,,,GEORGE Z. BROWN,24,0,24,0,0
Monroe,MIDDLEBROOKS,CHIEF MAGISTRATE,,,GEORGE Z. BROWN,48,1,34,13,0
Monroe,PROCTORS,CHIEF MAGISTRATE,,,GEORGE Z. BROWN,49,0,40,9,0
Monroe,RUSSELLVILLE,CHIEF MAGISTRATE,,,GEORGE Z. BROWN,24,0,23,1,0
Monroe,,CHIEF MAGISTRATE,,,FRANK N. WILDER IV,2498,40,1916,542,0
Monroe,BENTONS,CHIEF MAGISTRATE,,,FRANK N. WILDER IV,220,4,181,35,0
Monroe,BRANTLEYS,CHIEF MAGISTRATE,,,FRANK N. WILDER IV,190,1,167,22,0
Monroe,BURGAYS,CHIEF MAGISTRATE,,,FRANK N. WILDER IV,228,8,200,20,0
Monroe,CABANISS,CHIEF MAGISTRATE,,,FRANK N. WILDER IV,104,0,83,21,0
Monroe,COX,CHIEF MAGISTRATE,,,FRANK N. WILDER IV,133,0,111,22,0
Monroe,CULLODEN,CHIEF MAGISTRATE,,,FRANK N. WILDER IV,62,0,55,7,0
Monroe,DILLARDS,CHIEF MAGISTRATE,,,FRANK N. WILDER IV,220,6,160,54,0
Monroe,EVERS,CHIEF MAGISTRATE,,,FRANK N. WILDER IV,292,7,212,73,0
Monroe,FORSYTH,CHIEF MAGISTRATE,,,FRANK N. WILDER IV,464,12,252,200,0
Monroe,HIGH FALLS,CHIEF MAGISTRATE,,,FRANK N. WILDER IV,130,1,108,21,0
Monroe,KELSEYS,CHIEF MAGISTRATE,,,FRANK N. WILDER IV,55,0,51,4,0
Monroe,MIDDLEBROOKS,CHIEF MAGISTRATE,,,FRANK N. WILDER IV,219,0,170,49,0
Monroe,PROCTORS,CHIEF MAGISTRATE,,,FRANK N. WILDER IV,113,1,103,9,0
Monroe,RUSSELLVILLE,CHIEF MAGISTRATE,,,FRANK N. WILDER IV,68,0,63,5,0
Monroe,,CHAIR COMMISSIONER,,,MIKE BILDERBACK,2268,25,1858,385,0
Monroe,BENTONS,CHAIR COMMISSIONER,,,MIKE BILDERBACK,343,6,290,47,0
Monroe,BRANTLEYS,CHAIR COMMISSIONER,,,MIKE BILDERBACK,153,0,136,17,0
Monroe,BURGAYS,CHAIR COMMISSIONER,,,MIKE BILDERBACK,312,4,280,28,0
Monroe,CABANISS,CHAIR COMMISSIONER,,,MIKE BILDERBACK,89,0,76,13,0
Monroe,COX,CHAIR COMMISSIONER,,,MIKE BILDERBACK,90,0,79,11,0
Monroe,CULLODEN,CHAIR COMMISSIONER,,,MIKE BILDERBACK,45,0,42,3,0
Monroe,DILLARDS,CHAIR COMMISSIONER,,,MIKE BILDERBACK,166,2,127,37,0
Monroe,EVERS,CHAIR COMMISSIONER,,,MIKE BILDERBACK,252,7,192,53,0
Monroe,FORSYTH,CHAIR COMMISSIONER,,,MIKE BILDERBACK,258,4,161,93,0
Monroe,HIGH FALLS,CHAIR COMMISSIONER,,,MIKE BILDERBACK,175,1,150,24,0
Monroe,KELSEYS,CHAIR COMMISSIONER,,,MIKE BILDERBACK,48,0,46,2,0
Monroe,MIDDLEBROOKS,CHAIR COMMISSIONER,,,MIKE BILDERBACK,158,0,116,42,0
Monroe,PROCTORS,CHAIR COMMISSIONER,,,MIKE BILDERBACK,111,1,101,9,0
Monroe,RUSSELLVILLE,CHAIR COMMISSIONER,,,MIKE BILDERBACK,68,0,62,6,0
Monroe,,CHAIR COMMISSIONER,,,JAMES A. VAUGHN ,747,78,544,125,0
Monroe,BENTONS,CHAIR COMMISSIONER,,,JAMES A. VAUGHN ,64,1,50,13,0
Monroe,BRANTLEYS,CHAIR COMMISSIONER,,,JAMES A. VAUGHN ,24,0,22,2,0
Monroe,BURGAYS,CHAIR COMMISSIONER,,,JAMES A. VAUGHN ,45,4,36,5,0
Monroe,CABANISS,CHAIR COMMISSIONER,,,JAMES A. VAUGHN ,32,0,31,1,0
Monroe,COX,CHAIR COMMISSIONER,,,JAMES A. VAUGHN ,28,1,23,4,0
Monroe,CULLODEN,CHAIR COMMISSIONER,,,JAMES A. VAUGHN ,15,1,14,0,0
Monroe,DILLARDS,CHAIR COMMISSIONER,,,JAMES A. VAUGHN ,31,0,27,4,0
Monroe,EVERS,CHAIR COMMISSIONER,,,JAMES A. VAUGHN ,34,1,28,5,0
Monroe,FORSYTH,CHAIR COMMISSIONER,,,JAMES A. VAUGHN ,329,68,191,70,0
Monroe,HIGH FALLS,CHAIR COMMISSIONER,,,JAMES A. VAUGHN ,36,1,29,6,0
Monroe,KELSEYS,CHAIR COMMISSIONER,,,JAMES A. VAUGHN ,53,0,49,4,0
Monroe,MIDDLEBROOKS,CHAIR COMMISSIONER,,,JAMES A. VAUGHN ,19,1,15,3,0
Monroe,PROCTORS,CHAIR COMMISSIONER,,,JAMES A. VAUGHN ,25,0,17,8,0
Monroe,RUSSELLVILLE,CHAIR COMMISSIONER,,,JAMES A. VAUGHN ,12,0,12,0,0
Monroe,,CC D1,,,DONALD C. SMITH,414,10,270,134,0
Monroe,DILLARDS,CC D1,,,DONALD C. SMITH,80,0,59,21,0
Monroe,EVERS,CC D1,,,DONALD C. SMITH,127,4,93,30,0
Monroe,FORSYTH,CC D1,,,DONALD C. SMITH,199,6,111,82,0
Monroe,PROCTORS,CC D1,,,DONALD C. SMITH,8,0,7,1,0
Monroe,,CC D1,,,LARRY C. EVANS ,392,71,241,80,0
Monroe,DILLARDS,CC D1,,,LARRY C. EVANS ,13,0,13,0,0
Monroe,EVERS,CC D1,,,LARRY C. EVANS ,13,1,9,3,0
Monroe,FORSYTH,CC D1,,,LARRY C. EVANS ,359,70,213,76,0
Monroe,PROCTORS,CC D1,,,LARRY C. EVANS ,7,0,6,1,0
Monroe,,CC D2,,,JIM HAM ,197,6,172,19,0
Monroe,BENTONS,CC D2,,,JIM HAM ,1,0,1,0,0
Monroe,BRANTLEYS,CC D2,,,JIM HAM ,22,0,21,1,0
Monroe,BURGAYS,CC D2,,,JIM HAM ,10,3,7,0,0
Monroe,COX,CC D2,,,JIM HAM ,34,1,29,4,0
Monroe,CULLODEN,CC D2,,,JIM HAM ,15,1,14,0,0
Monroe,DILLARDS,CC D2,,,JIM HAM ,3,0,2,1,0
Monroe,EVERS,CC D2,,,JIM HAM ,0,0,0,0,0
Monroe,FORSYTH,CC D2,,,JIM HAM ,31,1,21,9,0
Monroe,KELSEYS,CC D2,,,JIM HAM ,65,0,61,4,0
Monroe,RUSSELLVILLE,CC D2,,,JIM HAM ,16,0,16,0,0
Monroe,,Republican Party Question 1<br>Should Georgia have casino gambling with funds going to education?,,REP,YES,1872,19,1518,335,0
Monroe,BENTONS,Republican Party Question 1<br>Should Georgia have casino gambling with funds going to education?,,REP,YES,260,7,226,27,0
Monroe,BRANTLEYS,Republican Party Question 1<br>Should Georgia have casino gambling with funds going to education?,,REP,YES,119,0,109,10,0
Monroe,BURGAYS,Republican Party Question 1<br>Should Georgia have casino gambling with funds going to education?,,REP,YES,231,5,208,18,0
Monroe,CABANISS,Republican Party Question 1<br>Should Georgia have casino gambling with funds going to education?,,REP,YES,89,0,74,15,0
Monroe,COX,Republican Party Question 1<br>Should Georgia have casino gambling with funds going to education?,,REP,YES,91,0,77,14,0
Monroe,CULLODEN,Republican Party Question 1<br>Should Georgia have casino gambling with funds going to education?,,REP,YES,42,0,40,2,0
Monroe,DILLARDS,Republican Party Question 1<br>Should Georgia have casino gambling with funds going to education?,,REP,YES,128,0,104,24,0
Monroe,EVERS,Republican Party Question 1<br>Should Georgia have casino gambling with funds going to education?,,REP,YES,190,3,139,48,0
Monroe,FORSYTH,Republican Party Question 1<br>Should Georgia have casino gambling with funds going to education?,,REP,YES,268,2,159,107,0
Monroe,HIGH FALLS,Republican Party Question 1<br>Should Georgia have casino gambling with funds going to education?,,REP,YES,125,1,107,17,0
Monroe,KELSEYS,Republican Party Question 1<br>Should Georgia have casino gambling with funds going to education?,,REP,YES,46,0,45,1,0
Monroe,MIDDLEBROOKS,Republican Party Question 1<br>Should Georgia have casino gambling with funds going to education?,,REP,YES,143,0,106,37,0
Monroe,PROCTORS,Republican Party Question 1<br>Should Georgia have casino gambling with funds going to education?,,REP,YES,95,1,84,10,0
Monroe,RUSSELLVILLE,Republican Party Question 1<br>Should Georgia have casino gambling with funds going to education?,,REP,YES,45,0,40,5,0
Monroe,,Republican Party Question 1<br>Should Georgia have casino gambling with funds going to education?,,REP,NO,1773,39,1400,334,0
Monroe,BENTONS,Republican Party Question 1<br>Should Georgia have casino gambling with funds going to education?,,REP,NO,242,6,198,38,0
Monroe,BRANTLEYS,Republican Party Question 1<br>Should Georgia have casino gambling with funds going to education?,,REP,NO,119,1,99,19,0
Monroe,BURGAYS,Republican Party Question 1<br>Should Georgia have casino gambling with funds going to education?,,REP,NO,253,9,220,24,0
Monroe,CABANISS,Republican Party Question 1<br>Should Georgia have casino gambling with funds going to education?,,REP,NO,47,0,39,8,0
Monroe,COX,Republican Party Question 1<br>Should Georgia have casino gambling with funds going to education?,,REP,NO,82,0,71,11,0
Monroe,CULLODEN,Republican Party Question 1<br>Should Georgia have casino gambling with funds going to education?,,REP,NO,41,0,35,6,0
Monroe,DILLARDS,Republican Party Question 1<br>Should Georgia have casino gambling with funds going to education?,,REP,NO,127,6,84,37,0
Monroe,EVERS,Republican Party Question 1<br>Should Georgia have casino gambling with funds going to education?,,REP,NO,205,5,162,38,0
Monroe,FORSYTH,Republican Party Question 1<br>Should Georgia have casino gambling with funds going to education?,,REP,NO,246,11,137,98,0
Monroe,HIGH FALLS,Republican Party Question 1<br>Should Georgia have casino gambling with funds going to education?,,REP,NO,117,0,102,15,0
Monroe,KELSEYS,Republican Party Question 1<br>Should Georgia have casino gambling with funds going to education?,,REP,NO,43,0,40,3,0
Monroe,MIDDLEBROOKS,Republican Party Question 1<br>Should Georgia have casino gambling with funds going to education?,,REP,NO,128,1,100,27,0
Monroe,PROCTORS,Republican Party Question 1<br>Should Georgia have casino gambling with funds going to education?,,REP,NO,71,0,62,9,0
Monroe,RUSSELLVILLE,Republican Party Question 1<br>Should Georgia have casino gambling with funds going to education?,,REP,NO,52,0,51,1,0
Monroe,,Republican Party Question 2<br>Do you support ending the current practice of unlimited gifts from lobbyists to state legislators by imposing a $100 cap on such gifts?,,REP,YES,3178,54,2552,572,0
Monroe,BENTONS,Republican Party Question 2<br>Do you support ending the current practice of unlimited gifts from lobbyists to state legislators by imposing a $100 cap on such gifts?,,REP,YES,451,13,378,60,0
Monroe,BRANTLEYS,Republican Party Question 2<br>Do you support ending the current practice of unlimited gifts from lobbyists to state legislators by imposing a $100 cap on such gifts?,,REP,YES,205,1,177,27,0
Monroe,BURGAYS,Republican Party Question 2<br>Do you support ending the current practice of unlimited gifts from lobbyists to state legislators by imposing a $100 cap on such gifts?,,REP,YES,426,13,375,38,0
Monroe,CABANISS,Republican Party Question 2<br>Do you support ending the current practice of unlimited gifts from lobbyists to state legislators by imposing a $100 cap on such gifts?,,REP,YES,112,0,93,19,0
Monroe,COX,Republican Party Question 2<br>Do you support ending the current practice of unlimited gifts from lobbyists to state legislators by imposing a $100 cap on such gifts?,,REP,YES,161,0,140,21,0
Monroe,CULLODEN,Republican Party Question 2<br>Do you support ending the current practice of unlimited gifts from lobbyists to state legislators by imposing a $100 cap on such gifts?,,REP,YES,68,0,62,6,0
Monroe,DILLARDS,Republican Party Question 2<br>Do you support ending the current practice of unlimited gifts from lobbyists to state legislators by imposing a $100 cap on such gifts?,,REP,YES,218,6,167,45,0
Monroe,EVERS,Republican Party Question 2<br>Do you support ending the current practice of unlimited gifts from lobbyists to state legislators by imposing a $100 cap on such gifts?,,REP,YES,345,8,262,75,0
Monroe,FORSYTH,Republican Party Question 2<br>Do you support ending the current practice of unlimited gifts from lobbyists to state legislators by imposing a $100 cap on such gifts?,,REP,YES,442,11,260,171,0
Monroe,HIGH FALLS,Republican Party Question 2<br>Do you support ending the current practice of unlimited gifts from lobbyists to state legislators by imposing a $100 cap on such gifts?,,REP,YES,216,1,187,28,0
Monroe,KELSEYS,Republican Party Question 2<br>Do you support ending the current practice of unlimited gifts from lobbyists to state legislators by imposing a $100 cap on such gifts?,,REP,YES,69,0,66,3,0
Monroe,MIDDLEBROOKS,Republican Party Question 2<br>Do you support ending the current practice of unlimited gifts from lobbyists to state legislators by imposing a $100 cap on such gifts?,,REP,YES,230,1,173,56,0
Monroe,PROCTORS,Republican Party Question 2<br>Do you support ending the current practice of unlimited gifts from lobbyists to state legislators by imposing a $100 cap on such gifts?,,REP,YES,148,0,130,18,0
Monroe,RUSSELLVILLE,Republican Party Question 2<br>Do you support ending the current practice of unlimited gifts from lobbyists to state legislators by imposing a $100 cap on such gifts?,,REP,YES,87,0,82,5,0
Monroe,,Republican Party Question 2<br>Do you support ending the current practice of unlimited gifts from lobbyists to state legislators by imposing a $100 cap on such gifts?,,REP,NO,448,4,358,86,0
Monroe,BENTONS,Republican Party Question 2<br>Do you support ending the current practice of unlimited gifts from lobbyists to state legislators by imposing a $100 cap on such gifts?,,REP,NO,48,0,43,5,0
Monroe,BRANTLEYS,Republican Party Question 2<br>Do you support ending the current practice of unlimited gifts from lobbyists to state legislators by imposing a $100 cap on such gifts?,,REP,NO,33,0,31,2,0
Monroe,BURGAYS,Republican Party Question 2<br>Do you support ending the current practice of unlimited gifts from lobbyists to state legislators by imposing a $100 cap on such gifts?,,REP,NO,57,1,53,3,0
Monroe,CABANISS,Republican Party Question 2<br>Do you support ending the current practice of unlimited gifts from lobbyists to state legislators by imposing a $100 cap on such gifts?,,REP,NO,21,0,17,4,0
Monroe,COX,Republican Party Question 2<br>Do you support ending the current practice of unlimited gifts from lobbyists to state legislators by imposing a $100 cap on such gifts?,,REP,NO,16,0,12,4,0
Monroe,CULLODEN,Republican Party Question 2<br>Do you support ending the current practice of unlimited gifts from lobbyists to state legislators by imposing a $100 cap on such gifts?,,REP,NO,14,0,12,2,0
Monroe,DILLARDS,Republican Party Question 2<br>Do you support ending the current practice of unlimited gifts from lobbyists to state legislators by imposing a $100 cap on such gifts?,,REP,NO,35,0,22,13,0
Monroe,EVERS,Republican Party Question 2<br>Do you support ending the current practice of unlimited gifts from lobbyists to state legislators by imposing a $100 cap on such gifts?,,REP,NO,50,0,39,11,0
Monroe,FORSYTH,Republican Party Question 2<br>Do you support ending the current practice of unlimited gifts from lobbyists to state legislators by imposing a $100 cap on such gifts?,,REP,NO,64,2,34,28,0
Monroe,HIGH FALLS,Republican Party Question 2<br>Do you support ending the current practice of unlimited gifts from lobbyists to state legislators by imposing a $100 cap on such gifts?,,REP,NO,26,0,23,3,0
Monroe,KELSEYS,Republican Party Question 2<br>Do you support ending the current practice of unlimited gifts from lobbyists to state legislators by imposing a $100 cap on such gifts?,,REP,NO,21,0,20,1,0
Monroe,MIDDLEBROOKS,Republican Party Question 2<br>Do you support ending the current practice of unlimited gifts from lobbyists to state legislators by imposing a $100 cap on such gifts?,,REP,NO,35,0,27,8,0
Monroe,PROCTORS,Republican Party Question 2<br>Do you support ending the current practice of unlimited gifts from lobbyists to state legislators by imposing a $100 cap on such gifts?,,REP,NO,18,1,16,1,0
Monroe,RUSSELLVILLE,Republican Party Question 2<br>Do you support ending the current practice of unlimited gifts from lobbyists to state legislators by imposing a $100 cap on such gifts?,,REP,NO,10,0,9,1,0
Monroe,,Republican Party Question 3<br>Should active duty military personnel who are under the age of 21 be allowed to obtain a Georgia weapons license?,,REP,YES,2687,37,2170,480,0
Monroe,BENTONS,Republican Party Question 3<br>Should active duty military personnel who are under the age of 21 be allowed to obtain a Georgia weapons license?,,REP,YES,389,10,331,48,0
Monroe,BRANTLEYS,Republican Party Question 3<br>Should active duty military personnel who are under the age of 21 be allowed to obtain a Georgia weapons license?,,REP,YES,173,1,149,23,0
Monroe,BURGAYS,Republican Party Question 3<br>Should active duty military personnel who are under the age of 21 be allowed to obtain a Georgia weapons license?,,REP,YES,354,8,313,33,0
Monroe,CABANISS,Republican Party Question 3<br>Should active duty military personnel who are under the age of 21 be allowed to obtain a Georgia weapons license?,,REP,YES,102,0,91,11,0
Monroe,COX,Republican Party Question 3<br>Should active duty military personnel who are under the age of 21 be allowed to obtain a Georgia weapons license?,,REP,YES,129,0,110,19,0
Monroe,CULLODEN,Republican Party Question 3<br>Should active duty military personnel who are under the age of 21 be allowed to obtain a Georgia weapons license?,,REP,YES,58,0,53,5,0
Monroe,DILLARDS,Republican Party Question 3<br>Should active duty military personnel who are under the age of 21 be allowed to obtain a Georgia weapons license?,,REP,YES,180,3,134,43,0
Monroe,EVERS,Republican Party Question 3<br>Should active duty military personnel who are under the age of 21 be allowed to obtain a Georgia weapons license?,,REP,YES,290,6,219,65,0
Monroe,FORSYTH,Republican Party Question 3<br>Should active duty military personnel who are under the age of 21 be allowed to obtain a Georgia weapons license?,,REP,YES,356,6,218,132,0
Monroe,HIGH FALLS,Republican Party Question 3<br>Should active duty military personnel who are under the age of 21 be allowed to obtain a Georgia weapons license?,,REP,YES,184,1,158,25,0
Monroe,KELSEYS,Republican Party Question 3<br>Should active duty military personnel who are under the age of 21 be allowed to obtain a Georgia weapons license?,,REP,YES,61,0,59,2,0
Monroe,MIDDLEBROOKS,Republican Party Question 3<br>Should active duty military personnel who are under the age of 21 be allowed to obtain a Georgia weapons license?,,REP,YES,209,1,154,54,0
Monroe,PROCTORS,Republican Party Question 3<br>Should active duty military personnel who are under the age of 21 be allowed to obtain a Georgia weapons license?,,REP,YES,125,1,108,16,0
Monroe,RUSSELLVILLE,Republican Party Question 3<br>Should active duty military personnel who are under the age of 21 be allowed to obtain a Georgia weapons license?,,REP,YES,77,0,73,4,0
Monroe,,Republican Party Question 3<br>Should active duty military personnel who are under the age of 21 be allowed to obtain a Georgia weapons license?,,REP,NO,950,19,750,181,0
Monroe,BENTONS,Republican Party Question 3<br>Should active duty military personnel who are under the age of 21 be allowed to obtain a Georgia weapons license?,,REP,NO,110,3,90,17,0
Monroe,BRANTLEYS,Republican Party Question 3<br>Should active duty military personnel who are under the age of 21 be allowed to obtain a Georgia weapons license?,,REP,NO,63,0,57,6,0
Monroe,BURGAYS,Republican Party Question 3<br>Should active duty military personnel who are under the age of 21 be allowed to obtain a Georgia weapons license?,,REP,NO,126,6,112,8,0
Monroe,CABANISS,Republican Party Question 3<br>Should active duty military personnel who are under the age of 21 be allowed to obtain a Georgia weapons license?,,REP,NO,34,0,22,12,0
Monroe,COX,Republican Party Question 3<br>Should active duty military personnel who are under the age of 21 be allowed to obtain a Georgia weapons license?,,REP,NO,47,0,41,6,0
Monroe,CULLODEN,Republican Party Question 3<br>Should active duty military personnel who are under the age of 21 be allowed to obtain a Georgia weapons license?,,REP,NO,24,0,21,3,0
Monroe,DILLARDS,Republican Party Question 3<br>Should active duty military personnel who are under the age of 21 be allowed to obtain a Georgia weapons license?,,REP,NO,71,1,55,15,0
Monroe,EVERS,Republican Party Question 3<br>Should active duty military personnel who are under the age of 21 be allowed to obtain a Georgia weapons license?,,REP,NO,110,2,87,21,0
Monroe,FORSYTH,Republican Party Question 3<br>Should active duty military personnel who are under the age of 21 be allowed to obtain a Georgia weapons license?,,REP,NO,157,7,81,69,0
Monroe,HIGH FALLS,Republican Party Question 3<br>Should active duty military personnel who are under the age of 21 be allowed to obtain a Georgia weapons license?,,REP,NO,58,0,51,7,0
Monroe,KELSEYS,Republican Party Question 3<br>Should active duty military personnel who are under the age of 21 be allowed to obtain a Georgia weapons license?,,REP,NO,27,0,25,2,0
Monroe,MIDDLEBROOKS,Republican Party Question 3<br>Should active duty military personnel who are under the age of 21 be allowed to obtain a Georgia weapons license?,,REP,NO,63,0,53,10,0
Monroe,PROCTORS,Republican Party Question 3<br>Should active duty military personnel who are under the age of 21 be allowed to obtain a Georgia weapons license?,,REP,NO,40,0,37,3,0
Monroe,RUSSELLVILLE,Republican Party Question 3<br>Should active duty military personnel who are under the age of 21 be allowed to obtain a Georgia weapons license?,,REP,NO,20,0,18,2,0
Monroe,,Republican Party Question 4<br>Should Citizens who wish to vote in a primary election be required to register by their political party affiliation at least thirty (30) days prior to such primary election?,,REP,YES,1586,31,1287,268,0
Monroe,BENTONS,Republican Party Question 4<br>Should Citizens who wish to vote in a primary election be required to register by their political party affiliation at least thirty (30) days prior to such primary election?,,REP,YES,219,8,186,25,0
Monroe,BRANTLEYS,Republican Party Question 4<br>Should Citizens who wish to vote in a primary election be required to register by their political party affiliation at least thirty (30) days prior to such primary election?,,REP,YES,101,0,93,8,0
Monroe,BURGAYS,Republican Party Question 4<br>Should Citizens who wish to vote in a primary election be required to register by their political party affiliation at least thirty (30) days prior to such primary election?,,REP,YES,180,5,163,12,0
Monroe,CABANISS,Republican Party Question 4<br>Should Citizens who wish to vote in a primary election be required to register by their political party affiliation at least thirty (30) days prior to such primary election?,,REP,YES,60,0,53,7,0
Monroe,COX,Republican Party Question 4<br>Should Citizens who wish to vote in a primary election be required to register by their political party affiliation at least thirty (30) days prior to such primary election?,,REP,YES,58,0,46,12,0
Monroe,CULLODEN,Republican Party Question 4<br>Should Citizens who wish to vote in a primary election be required to register by their political party affiliation at least thirty (30) days prior to such primary election?,,REP,YES,39,0,37,2,0
Monroe,DILLARDS,Republican Party Question 4<br>Should Citizens who wish to vote in a primary election be required to register by their political party affiliation at least thirty (30) days prior to such primary election?,,REP,YES,112,2,86,24,0
Monroe,EVERS,Republican Party Question 4<br>Should Citizens who wish to vote in a primary election be required to register by their political party affiliation at least thirty (30) days prior to such primary election?,,REP,YES,204,5,155,44,0
Monroe,FORSYTH,Republican Party Question 4<br>Should Citizens who wish to vote in a primary election be required to register by their political party affiliation at least thirty (30) days prior to such primary election?,,REP,YES,210,8,122,80,0
Monroe,HIGH FALLS,Republican Party Question 4<br>Should Citizens who wish to vote in a primary election be required to register by their political party affiliation at least thirty (30) days prior to such primary election?,,REP,YES,114,1,102,11,0
Monroe,KELSEYS,Republican Party Question 4<br>Should Citizens who wish to vote in a primary election be required to register by their political party affiliation at least thirty (30) days prior to such primary election?,,REP,YES,49,0,46,3,0
Monroe,MIDDLEBROOKS,Republican Party Question 4<br>Should Citizens who wish to vote in a primary election be required to register by their political party affiliation at least thirty (30) days prior to such primary election?,,REP,YES,138,1,106,31,0
Monroe,PROCTORS,Republican Party Question 4<br>Should Citizens who wish to vote in a primary election be required to register by their political party affiliation at least thirty (30) days prior to such primary election?,,REP,YES,60,1,54,5,0
Monroe,RUSSELLVILLE,Republican Party Question 4<br>Should Citizens who wish to vote in a primary election be required to register by their political party affiliation at least thirty (30) days prior to such primary election?,,REP,YES,42,0,38,4,0
Monroe,,Republican Party Question 4<br>Should Citizens who wish to vote in a primary election be required to register by their political party affiliation at least thirty (30) days prior to such primary election?,,REP,NO,2006,25,1597,384,0
Monroe,BENTONS,Republican Party Question 4<br>Should Citizens who wish to vote in a primary election be required to register by their political party affiliation at least thirty (30) days prior to such primary election?,,REP,NO,273,5,228,40,0
Monroe,BRANTLEYS,Republican Party Question 4<br>Should Citizens who wish to vote in a primary election be required to register by their political party affiliation at least thirty (30) days prior to such primary election?,,REP,NO,136,1,114,21,0
Monroe,BURGAYS,Republican Party Question 4<br>Should Citizens who wish to vote in a primary election be required to register by their political party affiliation at least thirty (30) days prior to such primary election?,,REP,NO,296,9,258,29,0
Monroe,CABANISS,Republican Party Question 4<br>Should Citizens who wish to vote in a primary election be required to register by their political party affiliation at least thirty (30) days prior to such primary election?,,REP,NO,71,0,55,16,0
Monroe,COX,Republican Party Question 4<br>Should Citizens who wish to vote in a primary election be required to register by their political party affiliation at least thirty (30) days prior to such primary election?,,REP,NO,115,0,103,12,0
Monroe,CULLODEN,Republican Party Question 4<br>Should Citizens who wish to vote in a primary election be required to register by their political party affiliation at least thirty (30) days prior to such primary election?,,REP,NO,41,0,35,6,0
Monroe,DILLARDS,Republican Party Question 4<br>Should Citizens who wish to vote in a primary election be required to register by their political party affiliation at least thirty (30) days prior to such primary election?,,REP,NO,136,3,100,33,0
Monroe,EVERS,Republican Party Question 4<br>Should Citizens who wish to vote in a primary election be required to register by their political party affiliation at least thirty (30) days prior to such primary election?,,REP,NO,191,3,145,43,0
Monroe,FORSYTH,Republican Party Question 4<br>Should Citizens who wish to vote in a primary election be required to register by their political party affiliation at least thirty (30) days prior to such primary election?,,REP,NO,294,4,175,115,0
Monroe,HIGH FALLS,Republican Party Question 4<br>Should Citizens who wish to vote in a primary election be required to register by their political party affiliation at least thirty (30) days prior to such primary election?,,REP,NO,128,0,108,20,0
Monroe,KELSEYS,Republican Party Question 4<br>Should Citizens who wish to vote in a primary election be required to register by their political party affiliation at least thirty (30) days prior to such primary election?,,REP,NO,38,0,38,0,0
Monroe,MIDDLEBROOKS,Republican Party Question 4<br>Should Citizens who wish to vote in a primary election be required to register by their political party affiliation at least thirty (30) days prior to such primary election?,,REP,NO,129,0,96,33,0
Monroe,PROCTORS,Republican Party Question 4<br>Should Citizens who wish to vote in a primary election be required to register by their political party affiliation at least thirty (30) days prior to such primary election?,,REP,NO,107,0,93,14,0
Monroe,RUSSELLVILLE,Republican Party Question 4<br>Should Citizens who wish to vote in a primary election be required to register by their political party affiliation at least thirty (30) days prior to such primary election?,,REP,NO,51,0,49,2,0
Monroe,,Republican Party Question 5 <br>Life Amendment Question,,REP,YES,2337,35,1907,395,0
Monroe,BENTONS,Republican Party Question 5 <br>Life Amendment Question,,REP,YES,353,11,297,45,0
Monroe,BRANTLEYS,Republican Party Question 5 <br>Life Amendment Question,,REP,YES,141,0,129,12,0
Monroe,BURGAYS,Republican Party Question 5 <br>Life Amendment Question,,REP,YES,329,9,297,23,0
Monroe,CABANISS,Republican Party Question 5 <br>Life Amendment Question,,REP,YES,77,0,64,13,0
Monroe,COX,Republican Party Question 5 <br>Life Amendment Question,,REP,YES,104,0,92,12,0
Monroe,CULLODEN,Republican Party Question 5 <br>Life Amendment Question,,REP,YES,43,0,38,5,0
Monroe,DILLARDS,Republican Party Question 5 <br>Life Amendment Question,,REP,YES,179,2,136,41,0
Monroe,EVERS,Republican Party Question 5 <br>Life Amendment Question,,REP,YES,258,4,201,53,0
Monroe,FORSYTH,Republican Party Question 5 <br>Life Amendment Question,,REP,YES,278,6,171,101,0
Monroe,HIGH FALLS,Republican Party Question 5 <br>Life Amendment Question,,REP,YES,164,1,137,26,0
Monroe,KELSEYS,Republican Party Question 5 <br>Life Amendment Question,,REP,YES,48,0,46,2,0
Monroe,MIDDLEBROOKS,Republican Party Question 5 <br>Life Amendment Question,,REP,YES,184,1,136,47,0
Monroe,PROCTORS,Republican Party Question 5 <br>Life Amendment Question,,REP,YES,112,1,101,10,0
Monroe,RUSSELLVILLE,Republican Party Question 5 <br>Life Amendment Question,,REP,YES,67,0,62,5,0
Monroe,,Republican Party Question 5 <br>Life Amendment Question,,REP,NO,1117,14,877,226,0
Monroe,BENTONS,Republican Party Question 5 <br>Life Amendment Question,,REP,NO,130,2,108,20,0
Monroe,BRANTLEYS,Republican Party Question 5 <br>Life Amendment Question,,REP,NO,89,1,72,16,0
Monroe,BURGAYS,Republican Party Question 5 <br>Life Amendment Question,,REP,NO,129,3,111,15,0
Monroe,CABANISS,Republican Party Question 5 <br>Life Amendment Question,,REP,NO,53,0,43,10,0
Monroe,COX,Republican Party Question 5 <br>Life Amendment Question,,REP,NO,64,0,53,11,0
Monroe,CULLODEN,Republican Party Question 5 <br>Life Amendment Question,,REP,NO,34,0,32,2,0
Monroe,DILLARDS,Republican Party Question 5 <br>Life Amendment Question,,REP,NO,65,1,48,16,0
Monroe,EVERS,Republican Party Question 5 <br>Life Amendment Question,,REP,NO,120,4,88,28,0
Monroe,FORSYTH,Republican Party Question 5 <br>Life Amendment Question,,REP,NO,186,3,104,79,0
Monroe,HIGH FALLS,Republican Party Question 5 <br>Life Amendment Question,,REP,NO,70,0,65,5,0
Monroe,KELSEYS,Republican Party Question 5 <br>Life Amendment Question,,REP,NO,37,0,35,2,0
Monroe,MIDDLEBROOKS,Republican Party Question 5 <br>Life Amendment Question,,REP,NO,68,0,54,14,0
Monroe,PROCTORS,Republican Party Question 5 <br>Life Amendment Question,,REP,NO,45,0,38,7,0
Monroe,RUSSELLVILLE,Republican Party Question 5 <br>Life Amendment Question,,REP,NO,27,0,26,1,0
Monroe,,Democratic Party Question 1<br>Should the Georgia Constitution be amended to allow the state to override locally-elected school boards’ decisions when it comes to the creation of charter schools in your county or city?,,DEM,YES,389,23,295,71,0
Monroe,BENTONS,Democratic Party Question 1<br>Should the Georgia Constitution be amended to allow the state to override locally-elected school boards’ decisions when it comes to the creation of charter schools in your county or city?,,DEM,YES,35,1,24,10,0
Monroe,BRANTLEYS,Democratic Party Question 1<br>Should the Georgia Constitution be amended to allow the state to override locally-elected school boards’ decisions when it comes to the creation of charter schools in your county or city?,,DEM,YES,3,0,2,1,0
Monroe,BURGAYS,Democratic Party Question 1<br>Should the Georgia Constitution be amended to allow the state to override locally-elected school boards’ decisions when it comes to the creation of charter schools in your county or city?,,DEM,YES,17,1,15,1,0
Monroe,CABANISS,Democratic Party Question 1<br>Should the Georgia Constitution be amended to allow the state to override locally-elected school boards’ decisions when it comes to the creation of charter schools in your county or city?,,DEM,YES,16,0,15,1,0
Monroe,COX,Democratic Party Question 1<br>Should the Georgia Constitution be amended to allow the state to override locally-elected school boards’ decisions when it comes to the creation of charter schools in your county or city?,,DEM,YES,9,1,7,1,0
Monroe,CULLODEN,Democratic Party Question 1<br>Should the Georgia Constitution be amended to allow the state to override locally-elected school boards’ decisions when it comes to the creation of charter schools in your county or city?,,DEM,YES,10,0,10,0,0
Monroe,DILLARDS,Democratic Party Question 1<br>Should the Georgia Constitution be amended to allow the state to override locally-elected school boards’ decisions when it comes to the creation of charter schools in your county or city?,,DEM,YES,14,0,12,2,0
Monroe,EVERS,Democratic Party Question 1<br>Should the Georgia Constitution be amended to allow the state to override locally-elected school boards’ decisions when it comes to the creation of charter schools in your county or city?,,DEM,YES,12,0,10,2,0
Monroe,FORSYTH,Democratic Party Question 1<br>Should the Georgia Constitution be amended to allow the state to override locally-elected school boards’ decisions when it comes to the creation of charter schools in your county or city?,,DEM,YES,205,18,138,49,0
Monroe,HIGH FALLS,Democratic Party Question 1<br>Should the Georgia Constitution be amended to allow the state to override locally-elected school boards’ decisions when it comes to the creation of charter schools in your county or city?,,DEM,YES,16,1,13,2,0
Monroe,KELSEYS,Democratic Party Question 1<br>Should the Georgia Constitution be amended to allow the state to override locally-elected school boards’ decisions when it comes to the creation of charter schools in your county or city?,,DEM,YES,26,0,26,0,0
Monroe,MIDDLEBROOKS,Democratic Party Question 1<br>Should the Georgia Constitution be amended to allow the state to override locally-elected school boards’ decisions when it comes to the creation of charter schools in your county or city?,,DEM,YES,9,1,8,0,0
Monroe,PROCTORS,Democratic Party Question 1<br>Should the Georgia Constitution be amended to allow the state to override locally-elected school boards’ decisions when it comes to the creation of charter schools in your county or city?,,DEM,YES,12,0,10,2,0
Monroe,RUSSELLVILLE,Democratic Party Question 1<br>Should the Georgia Constitution be amended to allow the state to override locally-elected school boards’ decisions when it comes to the creation of charter schools in your county or city?,,DEM,YES,5,0,5,0,0
Monroe,,Democratic Party Question 1<br>Should the Georgia Constitution be amended to allow the state to override locally-elected school boards’ decisions when it comes to the creation of charter schools in your county or city?,,DEM,NO,547,67,404,76,0
Monroe,BENTONS,Democratic Party Question 1<br>Should the Georgia Constitution be amended to allow the state to override locally-elected school boards’ decisions when it comes to the creation of charter schools in your county or city?,,DEM,NO,48,1,44,3,0
Monroe,BRANTLEYS,Democratic Party Question 1<br>Should the Georgia Constitution be amended to allow the state to override locally-elected school boards’ decisions when it comes to the creation of charter schools in your county or city?,,DEM,NO,20,0,19,1,0
Monroe,BURGAYS,Democratic Party Question 1<br>Should the Georgia Constitution be amended to allow the state to override locally-elected school boards’ decisions when it comes to the creation of charter schools in your county or city?,,DEM,NO,39,3,32,4,0
Monroe,CABANISS,Democratic Party Question 1<br>Should the Georgia Constitution be amended to allow the state to override locally-elected school boards’ decisions when it comes to the creation of charter schools in your county or city?,,DEM,NO,23,0,23,0,0
Monroe,COX,Democratic Party Question 1<br>Should the Georgia Constitution be amended to allow the state to override locally-elected school boards’ decisions when it comes to the creation of charter schools in your county or city?,,DEM,NO,27,0,24,3,0
Monroe,CULLODEN,Democratic Party Question 1<br>Should the Georgia Constitution be amended to allow the state to override locally-elected school boards’ decisions when it comes to the creation of charter schools in your county or city?,,DEM,NO,9,1,8,0,0
Monroe,DILLARDS,Democratic Party Question 1<br>Should the Georgia Constitution be amended to allow the state to override locally-elected school boards’ decisions when it comes to the creation of charter schools in your county or city?,,DEM,NO,24,0,22,2,0
Monroe,EVERS,Democratic Party Question 1<br>Should the Georgia Constitution be amended to allow the state to override locally-elected school boards’ decisions when it comes to the creation of charter schools in your county or city?,,DEM,NO,27,1,22,4,0
Monroe,FORSYTH,Democratic Party Question 1<br>Should the Georgia Constitution be amended to allow the state to override locally-elected school boards’ decisions when it comes to the creation of charter schools in your county or city?,,DEM,NO,218,61,116,41,0
Monroe,HIGH FALLS,Democratic Party Question 1<br>Should the Georgia Constitution be amended to allow the state to override locally-elected school boards’ decisions when it comes to the creation of charter schools in your county or city?,,DEM,NO,26,0,20,6,0
Monroe,KELSEYS,Democratic Party Question 1<br>Should the Georgia Constitution be amended to allow the state to override locally-elected school boards’ decisions when it comes to the creation of charter schools in your county or city?,,DEM,NO,43,0,40,3,0
Monroe,MIDDLEBROOKS,Democratic Party Question 1<br>Should the Georgia Constitution be amended to allow the state to override locally-elected school boards’ decisions when it comes to the creation of charter schools in your county or city?,,DEM,NO,13,0,10,3,0
Monroe,PROCTORS,Democratic Party Question 1<br>Should the Georgia Constitution be amended to allow the state to override locally-elected school boards’ decisions when it comes to the creation of charter schools in your county or city?,,DEM,NO,19,0,13,6,0
Monroe,RUSSELLVILLE,Democratic Party Question 1<br>Should the Georgia Constitution be amended to allow the state to override locally-elected school boards’ decisions when it comes to the creation of charter schools in your county or city?,,DEM,NO,11,0,11,0,0
Monroe,,Democratic Party Question 2<br>Do you support ending current practice permitting unlimited gifts from lobbyists to state legislators?,,DEM,YES,620,38,478,104,0
Monroe,BENTONS,Democratic Party Question 2<br>Do you support ending current practice permitting unlimited gifts from lobbyists to state legislators?,,DEM,YES,62,2,50,10,0
Monroe,BRANTLEYS,Democratic Party Question 2<br>Do you support ending current practice permitting unlimited gifts from lobbyists to state legislators?,,DEM,YES,20,0,18,2,0
Monroe,BURGAYS,Democratic Party Question 2<br>Do you support ending current practice permitting unlimited gifts from lobbyists to state legislators?,,DEM,YES,43,4,37,2,0
Monroe,CABANISS,Democratic Party Question 2<br>Do you support ending current practice permitting unlimited gifts from lobbyists to state legislators?,,DEM,YES,26,0,25,1,0
Monroe,COX,Democratic Party Question 2<br>Do you support ending current practice permitting unlimited gifts from lobbyists to state legislators?,,DEM,YES,26,1,21,4,0
Monroe,CULLODEN,Democratic Party Question 2<br>Do you support ending current practice permitting unlimited gifts from lobbyists to state legislators?,,DEM,YES,11,1,10,0,0
Monroe,DILLARDS,Democratic Party Question 2<br>Do you support ending current practice permitting unlimited gifts from lobbyists to state legislators?,,DEM,YES,27,0,23,4,0
Monroe,EVERS,Democratic Party Question 2<br>Do you support ending current practice permitting unlimited gifts from lobbyists to state legislators?,,DEM,YES,31,1,26,4,0
Monroe,FORSYTH,Democratic Party Question 2<br>Do you support ending current practice permitting unlimited gifts from lobbyists to state legislators?,,DEM,YES,248,27,161,60,0
Monroe,HIGH FALLS,Democratic Party Question 2<br>Do you support ending current practice permitting unlimited gifts from lobbyists to state legislators?,,DEM,YES,34,1,26,7,0
Monroe,KELSEYS,Democratic Party Question 2<br>Do you support ending current practice permitting unlimited gifts from lobbyists to state legislators?,,DEM,YES,44,0,41,3,0
Monroe,MIDDLEBROOKS,Democratic Party Question 2<br>Do you support ending current practice permitting unlimited gifts from lobbyists to state legislators?,,DEM,YES,15,1,14,0,0
Monroe,PROCTORS,Democratic Party Question 2<br>Do you support ending current practice permitting unlimited gifts from lobbyists to state legislators?,,DEM,YES,21,0,14,7,0
Monroe,RUSSELLVILLE,Democratic Party Question 2<br>Do you support ending current practice permitting unlimited gifts from lobbyists to state legislators?,,DEM,YES,12,0,12,0,0
Monroe,,Democratic Party Question 2<br>Do you support ending current practice permitting unlimited gifts from lobbyists to state legislators?,,DEM,NO,330,51,229,50,0
Monroe,BENTONS,Democratic Party Question 2<br>Do you support ending current practice permitting unlimited gifts from lobbyists to state legislators?,,DEM,NO,24,0,19,5,0
Monroe,BRANTLEYS,Democratic Party Question 2<br>Do you support ending current practice permitting unlimited gifts from lobbyists to state legislators?,,DEM,NO,5,0,5,0,0
Monroe,BURGAYS,Democratic Party Question 2<br>Do you support ending current practice permitting unlimited gifts from lobbyists to state legislators?,,DEM,NO,15,0,12,3,0
Monroe,CABANISS,Democratic Party Question 2<br>Do you support ending current practice permitting unlimited gifts from lobbyists to state legislators?,,DEM,NO,14,0,14,0,0
Monroe,COX,Democratic Party Question 2<br>Do you support ending current practice permitting unlimited gifts from lobbyists to state legislators?,,DEM,NO,11,0,11,0,0
Monroe,CULLODEN,Democratic Party Question 2<br>Do you support ending current practice permitting unlimited gifts from lobbyists to state legislators?,,DEM,NO,7,0,7,0,0
Monroe,DILLARDS,Democratic Party Question 2<br>Do you support ending current practice permitting unlimited gifts from lobbyists to state legislators?,,DEM,NO,11,0,11,0,0
Monroe,EVERS,Democratic Party Question 2<br>Do you support ending current practice permitting unlimited gifts from lobbyists to state legislators?,,DEM,NO,9,0,7,2,0
Monroe,FORSYTH,Democratic Party Question 2<br>Do you support ending current practice permitting unlimited gifts from lobbyists to state legislators?,,DEM,NO,177,51,92,34,0
Monroe,HIGH FALLS,Democratic Party Question 2<br>Do you support ending current practice permitting unlimited gifts from lobbyists to state legislators?,,DEM,NO,8,0,7,1,0
Monroe,KELSEYS,Democratic Party Question 2<br>Do you support ending current practice permitting unlimited gifts from lobbyists to state legislators?,,DEM,NO,27,0,26,1,0
Monroe,MIDDLEBROOKS,Democratic Party Question 2<br>Do you support ending current practice permitting unlimited gifts from lobbyists to state legislators?,,DEM,NO,7,0,4,3,0
Monroe,PROCTORS,Democratic Party Question 2<br>Do you support ending current practice permitting unlimited gifts from lobbyists to state legislators?,,DEM,NO,11,0,10,1,0
Monroe,RUSSELLVILLE,Democratic Party Question 2<br>Do you support ending current practice permitting unlimited gifts from lobbyists to state legislators?,,DEM,NO,4,0,4,0,0
Monroe,,Democratic Party Question 3<br>Should Georgia adopt an income tax credit for home energy costs to support the economic security of our families?,,DEM,YES,784,86,575,123,0
Monroe,BENTONS,Democratic Party Question 3<br>Should Georgia adopt an income tax credit for home energy costs to support the economic security of our families?,,DEM,YES,69,2,57,10,0
Monroe,BRANTLEYS,Democratic Party Question 3<br>Should Georgia adopt an income tax credit for home energy costs to support the economic security of our families?,,DEM,YES,20,0,19,1,0
Monroe,BURGAYS,Democratic Party Question 3<br>Should Georgia adopt an income tax credit for home energy costs to support the economic security of our families?,,DEM,YES,48,3,40,5,0
Monroe,CABANISS,Democratic Party Question 3<br>Should Georgia adopt an income tax credit for home energy costs to support the economic security of our families?,,DEM,YES,32,0,31,1,0
Monroe,COX,Democratic Party Question 3<br>Should Georgia adopt an income tax credit for home energy costs to support the economic security of our families?,,DEM,YES,30,1,25,4,0
Monroe,CULLODEN,Democratic Party Question 3<br>Should Georgia adopt an income tax credit for home energy costs to support the economic security of our families?,,DEM,YES,15,1,14,0,0
Monroe,DILLARDS,Democratic Party Question 3<br>Should Georgia adopt an income tax credit for home energy costs to support the economic security of our families?,,DEM,YES,29,0,26,3,0
Monroe,EVERS,Democratic Party Question 3<br>Should Georgia adopt an income tax credit for home energy costs to support the economic security of our families?,,DEM,YES,33,1,27,5,0
Monroe,FORSYTH,Democratic Party Question 3<br>Should Georgia adopt an income tax credit for home energy costs to support the economic security of our families?,,DEM,YES,362,76,208,78,0
Monroe,HIGH FALLS,Democratic Party Question 3<br>Should Georgia adopt an income tax credit for home energy costs to support the economic security of our families?,,DEM,YES,36,1,29,6,0
Monroe,KELSEYS,Democratic Party Question 3<br>Should Georgia adopt an income tax credit for home energy costs to support the economic security of our families?,,DEM,YES,51,0,48,3,0
Monroe,MIDDLEBROOKS,Democratic Party Question 3<br>Should Georgia adopt an income tax credit for home energy costs to support the economic security of our families?,,DEM,YES,20,1,17,2,0
Monroe,PROCTORS,Democratic Party Question 3<br>Should Georgia adopt an income tax credit for home energy costs to support the economic security of our families?,,DEM,YES,24,0,19,5,0
Monroe,RUSSELLVILLE,Democratic Party Question 3<br>Should Georgia adopt an income tax credit for home energy costs to support the economic security of our families?,,DEM,YES,15,0,15,0,0
Monroe,,Democratic Party Question 3<br>Should Georgia adopt an income tax credit for home energy costs to support the economic security of our families?,,DEM,NO,165,4,131,30,0
Monroe,BENTONS,Democratic Party Question 3<br>Should Georgia adopt an income tax credit for home energy costs to support the economic security of our families?,,DEM,NO,17,0,13,4,0
Monroe,BRANTLEYS,Democratic Party Question 3<br>Should Georgia adopt an income tax credit for home energy costs to support the economic security of our families?,,DEM,NO,5,0,4,1,0
Monroe,BURGAYS,Democratic Party Question 3<br>Should Georgia adopt an income tax credit for home energy costs to support the economic security of our families?,,DEM,NO,12,1,11,0,0
Monroe,CABANISS,Democratic Party Question 3<br>Should Georgia adopt an income tax credit for home energy costs to support the economic security of our families?,,DEM,NO,6,0,6,0,0
Monroe,COX,Democratic Party Question 3<br>Should Georgia adopt an income tax credit for home energy costs to support the economic security of our families?,,DEM,NO,5,0,5,0,0
Monroe,CULLODEN,Democratic Party Question 3<br>Should Georgia adopt an income tax credit for home energy costs to support the economic security of our families?,,DEM,NO,4,0,4,0,0
Monroe,DILLARDS,Democratic Party Question 3<br>Should Georgia adopt an income tax credit for home energy costs to support the economic security of our families?,,DEM,NO,9,0,8,1,0
Monroe,EVERS,Democratic Party Question 3<br>Should Georgia adopt an income tax credit for home energy costs to support the economic security of our families?,,DEM,NO,8,0,7,1,0
Monroe,FORSYTH,Democratic Party Question 3<br>Should Georgia adopt an income tax credit for home energy costs to support the economic security of our families?,,DEM,NO,65,3,45,17,0
Monroe,HIGH FALLS,Democratic Party Question 3<br>Should Georgia adopt an income tax credit for home energy costs to support the economic security of our families?,,DEM,NO,7,0,5,2,0
Monroe,KELSEYS,Democratic Party Question 3<br>Should Georgia adopt an income tax credit for home energy costs to support the economic security of our families?,,DEM,NO,17,0,17,0,0
Monroe,MIDDLEBROOKS,Democratic Party Question 3<br>Should Georgia adopt an income tax credit for home energy costs to support the economic security of our families?,,DEM,NO,3,0,2,1,0
Monroe,PROCTORS,Democratic Party Question 3<br>Should Georgia adopt an income tax credit for home energy costs to support the economic security of our families?,,DEM,NO,6,0,3,3,0
Monroe,RUSSELLVILLE,Democratic Party Question 3<br>Should Georgia adopt an income tax credit for home energy costs to support the economic security of our families?,,DEM,NO,1,0,1,0,0
Monroe,,Democratic Party Question 4 <br>Should Georgia reduce sales taxes on Made in Georgia products so as to support the growth of small businesses in our state?,,DEM,YES,821,78,607,136,0
Monroe,BENTONS,Democratic Party Question 4 <br>Should Georgia reduce sales taxes on Made in Georgia products so as to support the growth of small businesses in our state?,,DEM,YES,75,2,60,13,0
Monroe,BRANTLEYS,Democratic Party Question 4 <br>Should Georgia reduce sales taxes on Made in Georgia products so as to support the growth of small businesses in our state?,,DEM,YES,18,0,16,2,0
Monroe,BURGAYS,Democratic Party Question 4 <br>Should Georgia reduce sales taxes on Made in Georgia products so as to support the growth of small businesses in our state?,,DEM,YES,55,4,47,4,0
Monroe,CABANISS,Democratic Party Question 4 <br>Should Georgia reduce sales taxes on Made in Georgia products so as to support the growth of small businesses in our state?,,DEM,YES,38,0,37,1,0
Monroe,COX,Democratic Party Question 4 <br>Should Georgia reduce sales taxes on Made in Georgia products so as to support the growth of small businesses in our state?,,DEM,YES,30,1,25,4,0
Monroe,CULLODEN,Democratic Party Question 4 <br>Should Georgia reduce sales taxes on Made in Georgia products so as to support the growth of small businesses in our state?,,DEM,YES,14,1,13,0,0
Monroe,DILLARDS,Democratic Party Question 4 <br>Should Georgia reduce sales taxes on Made in Georgia products so as to support the growth of small businesses in our state?,,DEM,YES,30,0,26,4,0
Monroe,EVERS,Democratic Party Question 4 <br>Should Georgia reduce sales taxes on Made in Georgia products so as to support the growth of small businesses in our state?,,DEM,YES,37,1,31,5,0
Monroe,FORSYTH,Democratic Party Question 4 <br>Should Georgia reduce sales taxes on Made in Georgia products so as to support the growth of small businesses in our state?,,DEM,YES,367,67,217,83,0
Monroe,HIGH FALLS,Democratic Party Question 4 <br>Should Georgia reduce sales taxes on Made in Georgia products so as to support the growth of small businesses in our state?,,DEM,YES,37,1,28,8,0
Monroe,KELSEYS,Democratic Party Question 4 <br>Should Georgia reduce sales taxes on Made in Georgia products so as to support the growth of small businesses in our state?,,DEM,YES,57,0,53,4,0
Monroe,MIDDLEBROOKS,Democratic Party Question 4 <br>Should Georgia reduce sales taxes on Made in Georgia products so as to support the growth of small businesses in our state?,,DEM,YES,21,1,18,2,0
Monroe,PROCTORS,Democratic Party Question 4 <br>Should Georgia reduce sales taxes on Made in Georgia products so as to support the growth of small businesses in our state?,,DEM,YES,27,0,21,6,0
Monroe,RUSSELLVILLE,Democratic Party Question 4 <br>Should Georgia reduce sales taxes on Made in Georgia products so as to support the growth of small businesses in our state?,,DEM,YES,15,0,15,0,0
Monroe,,Democratic Party Question 4 <br>Should Georgia reduce sales taxes on Made in Georgia products so as to support the growth of small businesses in our state?,,DEM,NO,141,10,111,20,0
Monroe,BENTONS,Democratic Party Question 4 <br>Should Georgia reduce sales taxes on Made in Georgia products so as to support the growth of small businesses in our state?,,DEM,NO,12,0,10,2,0
Monroe,BRANTLEYS,Democratic Party Question 4 <br>Should Georgia reduce sales taxes on Made in Georgia products so as to support the growth of small businesses in our state?,,DEM,NO,7,0,7,0,0
Monroe,BURGAYS,Democratic Party Question 4 <br>Should Georgia reduce sales taxes on Made in Georgia products so as to support the growth of small businesses in our state?,,DEM,NO,6,0,5,1,0
Monroe,CABANISS,Democratic Party Question 4 <br>Should Georgia reduce sales taxes on Made in Georgia products so as to support the growth of small businesses in our state?,,DEM,NO,2,0,2,0,0
Monroe,COX,Democratic Party Question 4 <br>Should Georgia reduce sales taxes on Made in Georgia products so as to support the growth of small businesses in our state?,,DEM,NO,5,0,5,0,0
Monroe,CULLODEN,Democratic Party Question 4 <br>Should Georgia reduce sales taxes on Made in Georgia products so as to support the growth of small businesses in our state?,,DEM,NO,4,0,4,0,0
Monroe,DILLARDS,Democratic Party Question 4 <br>Should Georgia reduce sales taxes on Made in Georgia products so as to support the growth of small businesses in our state?,,DEM,NO,9,0,9,0,0
Monroe,EVERS,Democratic Party Question 4 <br>Should Georgia reduce sales taxes on Made in Georgia products so as to support the growth of small businesses in our state?,,DEM,NO,4,0,3,1,0
Monroe,FORSYTH,Democratic Party Question 4 <br>Should Georgia reduce sales taxes on Made in Georgia products so as to support the growth of small businesses in our state?,,DEM,NO,64,10,41,13,0
Monroe,HIGH FALLS,Democratic Party Question 4 <br>Should Georgia reduce sales taxes on Made in Georgia products so as to support the growth of small businesses in our state?,,DEM,NO,6,0,6,0,0
Monroe,KELSEYS,Democratic Party Question 4 <br>Should Georgia reduce sales taxes on Made in Georgia products so as to support the growth of small businesses in our state?,,DEM,NO,14,0,14,0,0
Monroe,MIDDLEBROOKS,Democratic Party Question 4 <br>Should Georgia reduce sales taxes on Made in Georgia products so as to support the growth of small businesses in our state?,,DEM,NO,2,0,1,1,0
Monroe,PROCTORS,Democratic Party Question 4 <br>Should Georgia reduce sales taxes on Made in Georgia products so as to support the growth of small businesses in our state?,,DEM,NO,5,0,3,2,0
Monroe,RUSSELLVILLE,Democratic Party Question 4 <br>Should Georgia reduce sales taxes on Made in Georgia products so as to support the growth of small businesses in our state?,,DEM,NO,1,0,1,0,0
Monroe,,Supreme Court Justice, Hunstein,I,CAROL W. HUNSTEIN,3569,113,2828,628,0
Monroe,BENTONS,Supreme Court Justice, Hunstein,I,CAROL W. HUNSTEIN,448,9,376,63,0
Monroe,BRANTLEYS,Supreme Court Justice, Hunstein,I,CAROL W. HUNSTEIN,208,1,183,24,0
Monroe,BURGAYS,Supreme Court Justice, Hunstein,I,CAROL W. HUNSTEIN,425,14,375,36,0
Monroe,CABANISS,Supreme Court Justice, Hunstein,I,CAROL W. HUNSTEIN,134,0,115,19,0
Monroe,COX,Supreme Court Justice, Hunstein,I,CAROL W. HUNSTEIN,158,1,139,18,0
Monroe,CULLODEN,Supreme Court Justice, Hunstein,I,CAROL W. HUNSTEIN,80,1,74,5,0
Monroe,DILLARDS,Supreme Court Justice, Hunstein,I,CAROL W. HUNSTEIN,237,5,183,49,0
Monroe,EVERS,Supreme Court Justice, Hunstein,I,CAROL W. HUNSTEIN,332,8,255,69,0
Monroe,FORSYTH,Supreme Court Justice, Hunstein,I,CAROL W. HUNSTEIN,716,70,423,223,0
Monroe,HIGH FALLS,Supreme Court Justice, Hunstein,I,CAROL W. HUNSTEIN,232,2,196,34,0
Monroe,KELSEYS,Supreme Court Justice, Hunstein,I,CAROL W. HUNSTEIN,126,0,120,6,0
Monroe,MIDDLEBROOKS,Supreme Court Justice, Hunstein,I,CAROL W. HUNSTEIN,233,1,177,55,0
Monroe,PROCTORS,Supreme Court Justice, Hunstein,I,CAROL W. HUNSTEIN,152,1,130,21,0
Monroe,RUSSELLVILLE,Supreme Court Justice, Hunstein,I,CAROL W. HUNSTEIN,88,0,82,6,0
Monroe,,Supreme Court Justice, Hunstein,,Write-in,26,0,24,2,0
Monroe,BENTONS,Supreme Court Justice, Hunstein,,Write-in,7,0,7,0,0
Monroe,BRANTLEYS,Supreme Court Justice, Hunstein,,Write-in,0,0,0,0,0
Monroe,BURGAYS,Supreme Court Justice, Hunstein,,Write-in,5,0,5,0,0
Monroe,CABANISS,Supreme Court Justice, Hunstein,,Write-in,0,0,0,0,0
Monroe,COX,Supreme Court Justice, Hunstein,,Write-in,1,0,0,1,0
Monroe,CULLODEN,Supreme Court Justice, Hunstein,,Write-in,0,0,0,0,0
Monroe,DILLARDS,Supreme Court Justice, Hunstein,,Write-in,1,0,1,0,0
Monroe,EVERS,Supreme Court Justice, Hunstein,,Write-in,3,0,2,1,0
Monroe,FORSYTH,Supreme Court Justice, Hunstein,,Write-in,2,0,2,0,0
Monroe,HIGH FALLS,Supreme Court Justice, Hunstein,,Write-in,3,0,3,0,0
Monroe,KELSEYS,Supreme Court Justice, Hunstein,,Write-in,0,0,0,0,0
Monroe,MIDDLEBROOKS,Supreme Court Justice, Hunstein,,Write-in,1,0,1,0,0
Monroe,PROCTORS,Supreme Court Justice, Hunstein,,Write-in,3,0,3,0,0
Monroe,RUSSELLVILLE,Supreme Court Justice, Hunstein,,Write-in,0,0,0,0,0
Monroe,,Supreme Court Justice, Melton,,HAROLD D. MELTON ,3568,113,2818,637,0
Monroe,BENTONS,Supreme Court Justice, Melton,,HAROLD D. MELTON ,437,9,369,59,0
Monroe,BRANTLEYS,Supreme Court Justice, Melton,,HAROLD D. MELTON ,209,1,183,25,0
Monroe,BURGAYS,Supreme Court Justice, Melton,,HAROLD D. MELTON ,422,14,372,36,0
Monroe,CABANISS,Supreme Court Justice, Melton,,HAROLD D. MELTON ,135,0,116,19,0
Monroe,COX,Supreme Court Justice, Melton,,HAROLD D. MELTON ,152,1,131,20,0
Monroe,CULLODEN,Supreme Court Justice, Melton,,HAROLD D. MELTON ,81,1,75,5,0
Monroe,DILLARDS,Supreme Court Justice, Melton,,HAROLD D. MELTON ,230,5,177,48,0
Monroe,EVERS,Supreme Court Justice, Melton,,HAROLD D. MELTON ,328,8,256,64,0
Monroe,FORSYTH,Supreme Court Justice, Melton,,HAROLD D. MELTON ,746,70,435,241,0
Monroe,HIGH FALLS,Supreme Court Justice, Melton,,HAROLD D. MELTON ,228,2,193,33,0
Monroe,KELSEYS,Supreme Court Justice, Melton,,HAROLD D. MELTON ,126,0,120,6,0
Monroe,MIDDLEBROOKS,Supreme Court Justice, Melton,,HAROLD D. MELTON ,240,1,183,56,0
Monroe,PROCTORS,Supreme Court Justice, Melton,,HAROLD D. MELTON ,146,1,126,19,0
Monroe,RUSSELLVILLE,Supreme Court Justice, Melton,,HAROLD D. MELTON ,88,0,82,6,0
Monroe,,Supreme Court Justice, Melton,,Write-in,11,0,10,1,0
Monroe,BENTONS,Supreme Court Justice, Melton,,Write-in,2,0,2,0,0
Monroe,BRANTLEYS,Supreme Court Justice, Melton,,Write-in,0,0,0,0,0
Monroe,BURGAYS,Supreme Court Justice, Melton,,Write-in,2,0,2,0,0
Monroe,CABANISS,Supreme Court Justice, Melton,,Write-in,0,0,0,0,0
Monroe,COX,Supreme Court Justice, Melton,,Write-in,0,0,0,0,0
Monroe,CULLODEN,Supreme Court Justice, Melton,,Write-in,0,0,0,0,0
Monroe,DILLARDS,Supreme Court Justice, Melton,,Write-in,0,0,0,0,0
Monroe,EVERS,Supreme Court Justice, Melton,,Write-in,1,0,0,1,0
Monroe,FORSYTH,Supreme Court Justice, Melton,,Write-in,2,0,2,0,0
Monroe,HIGH FALLS,Supreme Court Justice, Melton,,Write-in,1,0,1,0,0
Monroe,KELSEYS,Supreme Court Justice, Melton,,Write-in,0,0,0,0,0
Monroe,MIDDLEBROOKS,Supreme Court Justice, Melton,,Write-in,1,0,1,0,0
Monroe,PROCTORS,Supreme Court Justice, Melton,,Write-in,2,0,2,0,0
Monroe,RUSSELLVILLE,Supreme Court Justice, Melton,,Write-in,0,0,0,0,0
Monroe,,Supreme Court Justice, Thompson,,HUGH P. THOMPSON ,3525,113,2784,628,0
Monroe,BENTONS,Supreme Court Justice, Thompson,,HUGH P. THOMPSON ,435,9,364,62,0
Monroe,BRANTLEYS,Supreme Court Justice, Thompson,,HUGH P. THOMPSON ,204,1,178,25,0
Monroe,BURGAYS,Supreme Court Justice, Thompson,,HUGH P. THOMPSON ,422,14,373,35,0
Monroe,CABANISS,Supreme Court Justice, Thompson,,HUGH P. THOMPSON ,133,0,113,20,0
Monroe,COX,Supreme Court Justice, Thompson,,HUGH P. THOMPSON ,151,1,131,19,0
Monroe,CULLODEN,Supreme Court Justice, Thompson,,HUGH P. THOMPSON ,79,1,73,5,0
Monroe,DILLARDS,Supreme Court Justice, Thompson,,HUGH P. THOMPSON ,229,5,177,47,0
Monroe,EVERS,Supreme Court Justice, Thompson,,HUGH P. THOMPSON ,324,8,252,64,0
Monroe,FORSYTH,Supreme Court Justice, Thompson,,HUGH P. THOMPSON ,722,70,421,231,0
Monroe,HIGH FALLS,Supreme Court Justice, Thompson,,HUGH P. THOMPSON ,224,2,190,32,0
Monroe,KELSEYS,Supreme Court Justice, Thompson,,HUGH P. THOMPSON ,128,0,122,6,0
Monroe,MIDDLEBROOKS,Supreme Court Justice, Thompson,,HUGH P. THOMPSON ,236,1,179,56,0
Monroe,PROCTORS,Supreme Court Justice, Thompson,,HUGH P. THOMPSON ,150,1,129,20,0
Monroe,RUSSELLVILLE,Supreme Court Justice, Thompson,,HUGH P. THOMPSON ,88,0,82,6,0
Monroe,,Supreme Court Justice, Thompson,,Write-in,10,0,9,1,0
Monroe,BENTONS,Supreme Court Justice, Thompson,,Write-in,1,0,1,0,0
Monroe,BRANTLEYS,Supreme Court Justice, Thompson,,Write-in,0,0,0,0,0
Monroe,BURGAYS,Supreme Court Justice, Thompson,,Write-in,2,0,2,0,0
Monroe,CABANISS,Supreme Court Justice, Thompson,,Write-in,0,0,0,0,0
Monroe,COX,Supreme Court Justice, Thompson,,Write-in,0,0,0,0,0
Monroe,CULLODEN,Supreme Court Justice, Thompson,,Write-in,0,0,0,0,0
Monroe,DILLARDS,Supreme Court Justice, Thompson,,Write-in,0,0,0,0,0
Monroe,EVERS,Supreme Court Justice, Thompson,,Write-in,1,0,0,1,0
Monroe,FORSYTH,Supreme Court Justice, Thompson,,Write-in,2,0,2,0,0
Monroe,HIGH FALLS,Supreme Court Justice, Thompson,,Write-in,0,0,0,0,0
Monroe,KELSEYS,Supreme Court Justice, Thompson,,Write-in,0,0,0,0,0
Monroe,MIDDLEBROOKS,Supreme Court Justice, Thompson,,Write-in,2,0,2,0,0
Monroe,PROCTORS,Supreme Court Justice, Thompson,,Write-in,2,0,2,0,0
Monroe,RUSSELLVILLE,Supreme Court Justice, Thompson,,Write-in,0,0,0,0,0
Monroe,,Appeals Court Judge, Boggs,,MICHAEL P. BOGGS ,3477,112,2747,618,0
Monroe,BENTONS,Appeals Court Judge, Boggs,,MICHAEL P. BOGGS ,426,9,362,55,0
Monroe,BRANTLEYS,Appeals Court Judge, Boggs,,MICHAEL P. BOGGS ,203,1,177,25,0
Monroe,BURGAYS,Appeals Court Judge, Boggs,,MICHAEL P. BOGGS ,409,13,362,34,0
Monroe,CABANISS,Appeals Court Judge, Boggs,,MICHAEL P. BOGGS ,132,0,112,20,0
Monroe,COX,Appeals Court Judge, Boggs,,MICHAEL P. BOGGS ,152,1,131,20,0
Monroe,CULLODEN,Appeals Court Judge, Boggs,,MICHAEL P. BOGGS ,80,1,75,4,0
Monroe,DILLARDS,Appeals Court Judge, Boggs,,MICHAEL P. BOGGS ,224,5,172,47,0
Monroe,EVERS,Appeals Court Judge, Boggs,,MICHAEL P. BOGGS ,320,7,249,64,0
Monroe,FORSYTH,Appeals Court Judge, Boggs,,MICHAEL P. BOGGS ,716,71,416,229,0
Monroe,HIGH FALLS,Appeals Court Judge, Boggs,,MICHAEL P. BOGGS ,223,2,188,33,0
Monroe,KELSEYS,Appeals Court Judge, Boggs,,MICHAEL P. BOGGS ,122,0,116,6,0
Monroe,MIDDLEBROOKS,Appeals Court Judge, Boggs,,MICHAEL P. BOGGS ,237,1,180,56,0
Monroe,PROCTORS,Appeals Court Judge, Boggs,,MICHAEL P. BOGGS ,147,1,127,19,0
Monroe,RUSSELLVILLE,Appeals Court Judge, Boggs,,MICHAEL P. BOGGS ,86,0,80,6,0
Monroe,,Appeals Court Judge, Boggs,,Write-in,6,0,6,0,0
Monroe,BENTONS,Appeals Court Judge, Boggs,,Write-in,1,0,1,0,0
Monroe,BRANTLEYS,Appeals Court Judge, Boggs,,Write-in,0,0,0,0,0
Monroe,BURGAYS,Appeals Court Judge, Boggs,,Write-in,1,0,1,0,0
Monroe,CABANISS,Appeals Court Judge, Boggs,,Write-in,0,0,0,0,0
Monroe,COX,Appeals Court Judge, Boggs,,Write-in,0,0,0,0,0
Monroe,CULLODEN,Appeals Court Judge, Boggs,,Write-in,0,0,0,0,0
Monroe,DILLARDS,Appeals Court Judge, Boggs,,Write-in,0,0,0,0,0
Monroe,EVERS,Appeals Court Judge, Boggs,,Write-in,0,0,0,0,0
Monroe,FORSYTH,Appeals Court Judge, Boggs,,Write-in,2,0,2,0,0
Monroe,HIGH FALLS,Appeals Court Judge, Boggs,,Write-in,0,0,0,0,0
Monroe,KELSEYS,Appeals Court Judge, Boggs,,Write-in,0,0,0,0,0
Monroe,MIDDLEBROOKS,Appeals Court Judge, Boggs,,Write-in,1,0,1,0,0
Monroe,PROCTORS,Appeals Court Judge, Boggs,,Write-in,1,0,1,0,0
Monroe,RUSSELLVILLE,Appeals Court Judge, Boggs,,Write-in,0,0,0,0,0
Monroe,,Appeals Court Judge, Dillard,,STEPHEN DILLARD ,3496,113,2764,619,0
Monroe,BENTONS,Appeals Court Judge, Dillard,,STEPHEN DILLARD ,431,9,364,58,0
Monroe,BRANTLEYS,Appeals Court Judge, Dillard,,STEPHEN DILLARD ,200,1,174,25,0
Monroe,BURGAYS,Appeals Court Judge, Dillard,,STEPHEN DILLARD ,412,14,365,33,0
Monroe,CABANISS,Appeals Court Judge, Dillard,,STEPHEN DILLARD ,134,0,115,19,0
Monroe,COX,Appeals Court Judge, Dillard,,STEPHEN DILLARD ,152,1,132,19,0
Monroe,CULLODEN,Appeals Court Judge, Dillard,,STEPHEN DILLARD ,77,1,72,4,0
Monroe,DILLARDS,Appeals Court Judge, Dillard,,STEPHEN DILLARD ,225,5,173,47,0
Monroe,EVERS,Appeals Court Judge, Dillard,,STEPHEN DILLARD ,319,7,247,65,0
Monroe,FORSYTH,Appeals Court Judge, Dillard,,STEPHEN DILLARD ,723,71,425,227,0
Monroe,HIGH FALLS,Appeals Court Judge, Dillard,,STEPHEN DILLARD ,226,2,191,33,0
Monroe,KELSEYS,Appeals Court Judge, Dillard,,STEPHEN DILLARD ,128,0,122,6,0
Monroe,MIDDLEBROOKS,Appeals Court Judge, Dillard,,STEPHEN DILLARD ,234,1,175,58,0
Monroe,PROCTORS,Appeals Court Judge, Dillard,,STEPHEN DILLARD ,148,1,128,19,0
Monroe,RUSSELLVILLE,Appeals Court Judge, Dillard,,STEPHEN DILLARD ,87,0,81,6,0
Monroe,,Appeals Court Judge, Dillard,,Write-in,6,0,6,0,0
Monroe,BENTONS,Appeals Court Judge, Dillard,,Write-in,2,0,2,0,0
Monroe,BRANTLEYS,Appeals Court Judge, Dillard,,Write-in,0,0,0,0,0
Monroe,BURGAYS,Appeals Court Judge, Dillard,,Write-in,0,0,0,0,0
Monroe,CABANISS,Appeals Court Judge, Dillard,,Write-in,0,0,0,0,0
Monroe,COX,Appeals Court Judge, Dillard,,Write-in,0,0,0,0,0
Monroe,CULLODEN,Appeals Court Judge, Dillard,,Write-in,0,0,0,0,0
Monroe,DILLARDS,Appeals Court Judge, Dillard,,Write-in,0,0,0,0,0
Monroe,EVERS,Appeals Court Judge, Dillard,,Write-in,0,0,0,0,0
Monroe,FORSYTH,Appeals Court Judge, Dillard,,Write-in,2,0,2,0,0
Monroe,HIGH FALLS,Appeals Court Judge, Dillard,,Write-in,0,0,0,0,0
Monroe,KELSEYS,Appeals Court Judge, Dillard,,Write-in,0,0,0,0,0
Monroe,MIDDLEBROOKS,Appeals Court Judge, Dillard,,Write-in,1,0,1,0,0
Monroe,PROCTORS,Appeals Court Judge, Dillard,,Write-in,1,0,1,0,0
Monroe,RUSSELLVILLE,Appeals Court Judge, Dillard,,Write-in,0,0,0,0,0
Monroe,,Appeals Court Judge, Ellington,I,JOHN J. ELLINGTON,3476,113,2750,613,0
Monroe,BENTONS,Appeals Court Judge, Ellington,I,JOHN J. ELLINGTON,430,9,362,59,0
Monroe,BRANTLEYS,Appeals Court Judge, Ellington,I,JOHN J. ELLINGTON,202,1,176,25,0
Monroe,BURGAYS,Appeals Court Judge, Ellington,I,JOHN J. ELLINGTON,409,14,362,33,0
Monroe,CABANISS,Appeals Court Judge, Ellington,I,JOHN J. ELLINGTON,134,0,115,19,0
Monroe,COX,Appeals Court Judge, Ellington,I,JOHN J. ELLINGTON,147,1,127,19,0
Monroe,CULLODEN,Appeals Court Judge, Ellington,I,JOHN J. ELLINGTON,79,1,74,4,0
Monroe,DILLARDS,Appeals Court Judge, Ellington,I,JOHN J. ELLINGTON,226,5,174,47,0
Monroe,EVERS,Appeals Court Judge, Ellington,I,JOHN J. ELLINGTON,323,7,250,66,0
Monroe,FORSYTH,Appeals Court Judge, Ellington,I,JOHN J. ELLINGTON,709,71,416,222,0
Monroe,HIGH FALLS,Appeals Court Judge, Ellington,I,JOHN J. ELLINGTON,224,2,190,32,0
Monroe,KELSEYS,Appeals Court Judge, Ellington,I,JOHN J. ELLINGTON,122,0,116,6,0
Monroe,MIDDLEBROOKS,Appeals Court Judge, Ellington,I,JOHN J. ELLINGTON,236,1,179,56,0
Monroe,PROCTORS,Appeals Court Judge, Ellington,I,JOHN J. ELLINGTON,147,1,127,19,0
Monroe,RUSSELLVILLE,Appeals Court Judge, Ellington,I,JOHN J. ELLINGTON,88,0,82,6,0
Monroe,,Appeals Court Judge, Ellington,,Write-in,5,0,5,0,0
Monroe,BENTONS,Appeals Court Judge, Ellington,,Write-in,2,0,2,0,0
Monroe,BRANTLEYS,Appeals Court Judge, Ellington,,Write-in,0,0,0,0,0
Monroe,BURGAYS,Appeals Court Judge, Ellington,,Write-in,0,0,0,0,0
Monroe,CABANISS,Appeals Court Judge, Ellington,,Write-in,0,0,0,0,0
Monroe,COX,Appeals Court Judge, Ellington,,Write-in,0,0,0,0,0
Monroe,CULLODEN,Appeals Court Judge, Ellington,,Write-in,0,0,0,0,0
Monroe,DILLARDS,Appeals Court Judge, Ellington,,Write-in,0,0,0,0,0
Monroe,EVERS,Appeals Court Judge, Ellington,,Write-in,0,0,0,0,0
Monroe,FORSYTH,Appeals Court Judge, Ellington,,Write-in,2,0,2,0,0
Monroe,HIGH FALLS,Appeals Court Judge, Ellington,,Write-in,0,0,0,0,0
Monroe,KELSEYS,Appeals Court Judge, Ellington,,Write-in,0,0,0,0,0
Monroe,MIDDLEBROOKS,Appeals Court Judge, Ellington,,Write-in,0,0,0,0,0
Monroe,PROCTORS,Appeals Court Judge, Ellington,,Write-in,1,0,1,0,0
Monroe,RUSSELLVILLE,Appeals Court Judge, Ellington,,Write-in,0,0,0,0,0
Monroe,,Appeals Court Judge, Miller,,M. YVETTE MILLER ,3439,117,2718,604,0
Monroe,BENTONS,Appeals Court Judge, Miller,,M. YVETTE MILLER ,418,10,353,55,0
Monroe,BRANTLEYS,Appeals Court Judge, Miller,,M. YVETTE MILLER ,201,1,175,25,0
Monroe,BURGAYS,Appeals Court Judge, Miller,,M. YVETTE MILLER ,398,14,352,32,0
Monroe,CABANISS,Appeals Court Judge, Miller,,M. YVETTE MILLER ,134,0,113,21,0
Monroe,COX,Appeals Court Judge, Miller,,M. YVETTE MILLER ,151,1,131,19,0
Monroe,CULLODEN,Appeals Court Judge, Miller,,M. YVETTE MILLER ,80,1,75,4,0
Monroe,DILLARDS,Appeals Court Judge, Miller,,M. YVETTE MILLER ,227,5,174,48,0
Monroe,EVERS,Appeals Court Judge, Miller,,M. YVETTE MILLER ,319,7,246,66,0
Monroe,FORSYTH,Appeals Court Judge, Miller,,M. YVETTE MILLER ,703,74,413,216,0
Monroe,HIGH FALLS,Appeals Court Judge, Miller,,M. YVETTE MILLER ,218,2,184,32,0
Monroe,KELSEYS,Appeals Court Judge, Miller,,M. YVETTE MILLER ,121,0,115,6,0
Monroe,MIDDLEBROOKS,Appeals Court Judge, Miller,,M. YVETTE MILLER ,233,1,177,55,0
Monroe,PROCTORS,Appeals Court Judge, Miller,,M. YVETTE MILLER ,147,1,127,19,0
Monroe,RUSSELLVILLE,Appeals Court Judge, Miller,,M. YVETTE MILLER ,89,0,83,6,0
Monroe,,Appeals Court Judge, Miller,,Write-in,8,0,6,2,0
Monroe,BENTONS,Appeals Court Judge, Miller,,Write-in,3,0,2,1,0
Monroe,BRANTLEYS,Appeals Court Judge, Miller,,Write-in,0,0,0,0,0
Monroe,BURGAYS,Appeals Court Judge, Miller,,Write-in,2,0,2,0,0
Monroe,CABANISS,Appeals Court Judge, Miller,,Write-in,0,0,0,0,0
Monroe,COX,Appeals Court Judge, Miller,,Write-in,0,0,0,0,0
Monroe,CULLODEN,Appeals Court Judge, Miller,,Write-in,0,0,0,0,0
Monroe,DILLARDS,Appeals Court Judge, Miller,,Write-in,0,0,0,0,0
Monroe,EVERS,Appeals Court Judge, Miller,,Write-in,0,0,0,0,0
Monroe,FORSYTH,Appeals Court Judge, Miller,,Write-in,2,0,1,1,0
Monroe,HIGH FALLS,Appeals Court Judge, Miller,,Write-in,0,0,0,0,0
Monroe,KELSEYS,Appeals Court Judge, Miller,,Write-in,0,0,0,0,0
Monroe,MIDDLEBROOKS,Appeals Court Judge, Miller,,Write-in,0,0,0,0,0
Monroe,PROCTORS,Appeals Court Judge, Miller,,Write-in,1,0,1,0,0
Monroe,RUSSELLVILLE,Appeals Court Judge, Miller,,Write-in,0,0,0,0,0
Monroe,,Appeals Court Judge, Phipps,,HERBERT PHIPPS ,3423,113,2707,603,0
Monroe,BENTONS,Appeals Court Judge, Phipps,,HERBERT PHIPPS ,423,9,357,57,0
Monroe,BRANTLEYS,Appeals Court Judge, Phipps,,HERBERT PHIPPS ,203,1,178,24,0
Monroe,BURGAYS,Appeals Court Judge, Phipps,,HERBERT PHIPPS ,401,14,353,34,0
Monroe,CABANISS,Appeals Court Judge, Phipps,,HERBERT PHIPPS ,133,0,113,20,0
Monroe,COX,Appeals Court Judge, Phipps,,HERBERT PHIPPS ,147,1,127,19,0
Monroe,CULLODEN,Appeals Court Judge, Phipps,,HERBERT PHIPPS ,78,1,73,4,0
Monroe,DILLARDS,Appeals Court Judge, Phipps,,HERBERT PHIPPS ,226,5,174,47,0
Monroe,EVERS,Appeals Court Judge, Phipps,,HERBERT PHIPPS ,314,7,242,65,0
Monroe,FORSYTH,Appeals Court Judge, Phipps,,HERBERT PHIPPS ,693,71,407,215,0
Monroe,HIGH FALLS,Appeals Court Judge, Phipps,,HERBERT PHIPPS ,219,2,185,32,0
Monroe,KELSEYS,Appeals Court Judge, Phipps,,HERBERT PHIPPS ,123,0,117,6,0
Monroe,MIDDLEBROOKS,Appeals Court Judge, Phipps,,HERBERT PHIPPS ,229,1,173,55,0
Monroe,PROCTORS,Appeals Court Judge, Phipps,,HERBERT PHIPPS ,145,1,125,19,0
Monroe,RUSSELLVILLE,Appeals Court Judge, Phipps,,HERBERT PHIPPS ,89,0,83,6,0
Monroe,,Appeals Court Judge, Phipps,,Write-in,7,0,6,1,0
Monroe,BENTONS,Appeals Court Judge, Phipps,,Write-in,3,0,2,1,0
Monroe,BRANTLEYS,Appeals Court Judge, Phipps,,Write-in,0,0,0,0,0
Monroe,BURGAYS,Appeals Court Judge, Phipps,,Write-in,1,0,1,0,0
Monroe,CABANISS,Appeals Court Judge, Phipps,,Write-in,0,0,0,0,0
Monroe,COX,Appeals Court Judge, Phipps,,Write-in,0,0,0,0,0
Monroe,CULLODEN,Appeals Court Judge, Phipps,,Write-in,0,0,0,0,0
Monroe,DILLARDS,Appeals Court Judge, Phipps,,Write-in,0,0,0,0,0
Monroe,EVERS,Appeals Court Judge, Phipps,,Write-in,0,0,0,0,0
Monroe,FORSYTH,Appeals Court Judge, Phipps,,Write-in,2,0,2,0,0
Monroe,HIGH FALLS,Appeals Court Judge, Phipps,,Write-in,0,0,0,0,0
Monroe,KELSEYS,Appeals Court Judge, Phipps,,Write-in,0,0,0,0,0
Monroe,MIDDLEBROOKS,Appeals Court Judge, Phipps,,Write-in,0,0,0,0,0
Monroe,PROCTORS,Appeals Court Judge, Phipps,,Write-in,1,0,1,0,0
Monroe,RUSSELLVILLE,Appeals Court Judge, Phipps,,Write-in,0,0,0,0,0
Monroe,,Superior Court Judge, Towaliga Circuit (Fears),,BILL FEARS ,3563,118,2801,644,0
Monroe,BENTONS,Superior Court Judge, Towaliga Circuit (Fears),,BILL FEARS ,434,9,363,62,0
Monroe,BRANTLEYS,Superior Court Judge, Towaliga Circuit (Fears),,BILL FEARS ,207,1,180,26,0
Monroe,BURGAYS,Superior Court Judge, Towaliga Circuit (Fears),,BILL FEARS ,413,14,364,35,0
Monroe,CABANISS,Superior Court Judge, Towaliga Circuit (Fears),,BILL FEARS ,135,0,115,20,0
Monroe,COX,Superior Court Judge, Towaliga Circuit (Fears),,BILL FEARS ,153,1,131,21,0
Monroe,CULLODEN,Superior Court Judge, Towaliga Circuit (Fears),,BILL FEARS ,82,1,76,5,0
Monroe,DILLARDS,Superior Court Judge, Towaliga Circuit (Fears),,BILL FEARS ,231,5,175,51,0
Monroe,EVERS,Superior Court Judge, Towaliga Circuit (Fears),,BILL FEARS ,333,7,257,69,0
Monroe,FORSYTH,Superior Court Judge, Towaliga Circuit (Fears),,BILL FEARS ,740,76,431,233,0
Monroe,HIGH FALLS,Superior Court Judge, Towaliga Circuit (Fears),,BILL FEARS ,230,2,193,35,0
Monroe,KELSEYS,Superior Court Judge, Towaliga Circuit (Fears),,BILL FEARS ,125,0,118,7,0
Monroe,MIDDLEBROOKS,Superior Court Judge, Towaliga Circuit (Fears),,BILL FEARS ,233,1,177,55,0
Monroe,PROCTORS,Superior Court Judge, Towaliga Circuit (Fears),,BILL FEARS ,154,1,134,19,0
Monroe,RUSSELLVILLE,Superior Court Judge, Towaliga Circuit (Fears),,BILL FEARS ,93,0,87,6,0
Monroe,,Superior Court Judge, Towaliga Circuit (Fears),,Write-in,20,0,16,4,0
Monroe,BENTONS,Superior Court Judge, Towaliga Circuit (Fears),,Write-in,5,0,3,2,0
Monroe,BRANTLEYS,Superior Court Judge, Towaliga Circuit (Fears),,Write-in,0,0,0,0,0
Monroe,BURGAYS,Superior Court Judge, Towaliga Circuit (Fears),,Write-in,1,0,1,0,0
Monroe,CABANISS,Superior Court Judge, Towaliga Circuit (Fears),,Write-in,2,0,1,1,0
Monroe,COX,Superior Court Judge, Towaliga Circuit (Fears),,Write-in,0,0,0,0,0
Monroe,CULLODEN,Superior Court Judge, Towaliga Circuit (Fears),,Write-in,0,0,0,0,0
Monroe,DILLARDS,Superior Court Judge, Towaliga Circuit (Fears),,Write-in,2,0,2,0,0
Monroe,EVERS,Superior Court Judge, Towaliga Circuit (Fears),,Write-in,0,0,0,0,0
Monroe,FORSYTH,Superior Court Judge, Towaliga Circuit (Fears),,Write-in,3,0,2,1,0
Monroe,HIGH FALLS,Superior Court Judge, Towaliga Circuit (Fears),,Write-in,3,0,3,0,0
Monroe,KELSEYS,Superior Court Judge, Towaliga Circuit (Fears),,Write-in,0,0,0,0,0
Monroe,MIDDLEBROOKS,Superior Court Judge, Towaliga Circuit (Fears),,Write-in,2,0,2,0,0
Monroe,PROCTORS,Superior Court Judge, Towaliga Circuit (Fears),,Write-in,2,0,2,0,0
Monroe,RUSSELLVILLE,Superior Court Judge, Towaliga Circuit (Fears),,Write-in,0,0,0,0,0
Monroe,,JUDGE PROBATE,,,KAREN PITMAN ,3693,118,2896,679,0
Monroe,BENTONS,JUDGE PROBATE,,,KAREN PITMAN ,440,9,371,60,0
Monroe,BRANTLEYS,JUDGE PROBATE,,,KAREN PITMAN ,218,1,190,27,0
Monroe,BURGAYS,JUDGE PROBATE,,,KAREN PITMAN ,412,14,363,35,0
Monroe,CABANISS,JUDGE PROBATE,,,KAREN PITMAN ,138,0,117,21,0
Monroe,COX,JUDGE PROBATE,,,KAREN PITMAN ,164,1,139,24,0
Monroe,CULLODEN,JUDGE PROBATE,,,KAREN PITMAN ,84,1,77,6,0
Monroe,DILLARDS,JUDGE PROBATE,,,KAREN PITMAN ,242,5,183,54,0
Monroe,EVERS,JUDGE PROBATE,,,KAREN PITMAN ,349,7,268,74,0
Monroe,FORSYTH,JUDGE PROBATE,,,KAREN PITMAN ,789,76,461,252,0
Monroe,HIGH FALLS,JUDGE PROBATE,,,KAREN PITMAN ,230,2,195,33,0
Monroe,KELSEYS,JUDGE PROBATE,,,KAREN PITMAN ,131,0,123,8,0
Monroe,MIDDLEBROOKS,JUDGE PROBATE,,,KAREN PITMAN ,246,1,187,58,0
Monroe,PROCTORS,JUDGE PROBATE,,,KAREN PITMAN ,159,1,137,21,0
Monroe,RUSSELLVILLE,JUDGE PROBATE,,,KAREN PITMAN ,91,0,85,6,0
Monroe,,JUDGE PROBATE,,,Write-in,13,0,9,4,0
Monroe,BENTONS,JUDGE PROBATE,,,Write-in,3,0,2,1,0
Monroe,BRANTLEYS,JUDGE PROBATE,,,Write-in,1,0,1,0,0
Monroe,BURGAYS,JUDGE PROBATE,,,Write-in,2,0,2,0,0
Monroe,CABANISS,JUDGE PROBATE,,,Write-in,0,0,0,0,0
Monroe,COX,JUDGE PROBATE,,,Write-in,1,0,0,1,0
Monroe,CULLODEN,JUDGE PROBATE,,,Write-in,0,0,0,0,0
Monroe,DILLARDS,JUDGE PROBATE,,,Write-in,0,0,0,0,0
Monroe,EVERS,JUDGE PROBATE,,,Write-in,1,0,0,1,0
Monroe,FORSYTH,JUDGE PROBATE,,,Write-in,2,0,2,0,0
Monroe,HIGH FALLS,JUDGE PROBATE,,,Write-in,0,0,0,0,0
Monroe,KELSEYS,JUDGE PROBATE,,,Write-in,0,0,0,0,0
Monroe,MIDDLEBROOKS,JUDGE PROBATE,,,Write-in,0,0,0,0,0
Monroe,PROCTORS,JUDGE PROBATE,,,Write-in,2,0,1,1,0
Monroe,RUSSELLVILLE,JUDGE PROBATE,,,Write-in,1,0,1,0,0
Monroe,,BOE D2,,,J. RAY GRANT JR. ,457,8,366,83,0
Monroe,COX,BOE D2,,,J. RAY GRANT JR. ,114,1,97,16,0
Monroe,CULLODEN,BOE D2,,,J. RAY GRANT JR. ,83,1,77,5,0
Monroe,EVERS,BOE D2,,,J. RAY GRANT JR. ,49,0,32,17,0
Monroe,FORSYTH,BOE D2,,,J. RAY GRANT JR. ,127,6,82,39,0
Monroe,RUSSELLVILLE,BOE D2,,,J. RAY GRANT JR. ,84,0,78,6,0
Monroe,,BOE D2,,,Write-in,1,0,1,0,0
Monroe,COX,BOE D2,,,Write-in,0,0,0,0,0
Monroe,CULLODEN,BOE D2,,,Write-in,0,0,0,0,0
Monroe,EVERS,BOE D2,,,Write-in,0,0,0,0,0
Monroe,FORSYTH,BOE D2,,,Write-in,1,0,1,0,0
Monroe,RUSSELLVILLE,BOE D2,,,Write-in,0,0,0,0,0
Monroe,,BOE D4,,,JUDY PETTIGREW ,434,1,379,54,0
Monroe,CABANISS,BOE D4,,,JUDY PETTIGREW ,142,0,121,21,0
Monroe,HIGH FALLS,BOE D4,,,JUDY PETTIGREW ,127,0,114,13,0
Monroe,PROCTORS,BOE D4,,,JUDY PETTIGREW ,165,1,144,20,0
Monroe,,BOE D4,,,Write-in,4,0,2,2,0
Monroe,CABANISS,BOE D4,,,Write-in,2,0,2,0,0
Monroe,HIGH FALLS,BOE D4,,,Write-in,0,0,0,0,0
Monroe,PROCTORS,BOE D4,,,Write-in,2,0,0,2,0
Monroe,,BOE D6,,I,TAMMY W. FLETCHER,665,10,558,97,0
Monroe,BRANTLEYS,BOE D6,,I,TAMMY W. FLETCHER,164,1,147,16,0
Monroe,BURGAYS,BOE D6,,I,TAMMY W. FLETCHER,181,3,164,14,0
Monroe,COX,BOE D6,,I,TAMMY W. FLETCHER,51,0,43,8,0
Monroe,FORSYTH,BOE D6,,I,TAMMY W. FLETCHER,127,6,70,51,0
Monroe,KELSEYS,BOE D6,,I,TAMMY W. FLETCHER,131,0,123,8,0
Monroe,RUSSELLVILLE,BOE D6,,I,TAMMY W. FLETCHER,11,0,11,0,0
Monroe,,BOE D6,,,Write-in,13,0,6,7,0
Monroe,BRANTLEYS,BOE D6,,,Write-in,12,0,5,7,0
Monroe,BURGAYS,BOE D6,,,Write-in,0,0,0,0,0
Monroe,COX,BOE D6,,,Write-in,0,0,0,0,0
Monroe,FORSYTH,BOE D6,,,Write-in,1,0,1,0,0
Monroe,KELSEYS,BOE D6,,,Write-in,0,0,0,0,0
Monroe,RUSSELLVILLE,BOE D6,,,Write-in,0,0,0,0,0
Monroe,,TSPLOST,,,YES,1616,55,1254,307,0
Monroe,BENTONS,TSPLOST,,,YES,215,3,178,34,0
Monroe,BRANTLEYS,TSPLOST,,,YES,66,1,59,6,0
Monroe,BURGAYS,TSPLOST,,,YES,216,9,187,20,0
Monroe,CABANISS,TSPLOST,,,YES,58,0,52,6,0
Monroe,COX,TSPLOST,,,YES,65,1,51,13,0
Monroe,CULLODEN,TSPLOST,,,YES,42,0,42,0,0
Monroe,DILLARDS,TSPLOST,,,YES,69,0,53,16,0
Monroe,EVERS,TSPLOST,,,YES,123,1,87,35,0
Monroe,FORSYTH,TSPLOST,,,YES,458,37,298,123,0
Monroe,HIGH FALLS,TSPLOST,,,YES,57,1,47,9,0
Monroe,KELSEYS,TSPLOST,,,YES,72,0,68,4,0
Monroe,MIDDLEBROOKS,TSPLOST,,,YES,83,1,56,26,0
Monroe,PROCTORS,TSPLOST,,,YES,67,1,55,11,0
Monroe,RUSSELLVILLE,TSPLOST,,,YES,25,0,21,4,0
Monroe,,TSPLOST,,,NO,3082,94,2468,520,0
Monroe,BENTONS,TSPLOST,,,NO,387,12,328,47,0
Monroe,BRANTLEYS,TSPLOST,,,NO,203,0,177,26,0
Monroe,BURGAYS,TSPLOST,,,NO,340,9,307,24,0
Monroe,CABANISS,TSPLOST,,,NO,120,0,102,18,0
Monroe,COX,TSPLOST,,,NO,150,0,134,16,0
Monroe,CULLODEN,TSPLOST,,,NO,61,1,52,8,0
Monroe,DILLARDS,TSPLOST,,,NO,224,6,171,47,0
Monroe,EVERS,TSPLOST,,,NO,323,8,256,59,0
Monroe,FORSYTH,TSPLOST,,,NO,505,56,268,181,0
Monroe,HIGH FALLS,TSPLOST,,,NO,234,1,202,31,0
Monroe,KELSEYS,TSPLOST,,,NO,89,0,85,4,0
Monroe,MIDDLEBROOKS,TSPLOST,,,NO,224,1,182,41,0
Monroe,PROCTORS,TSPLOST,,,NO,134,0,118,16,0
Monroe,RUSSELLVILLE,TSPLOST,,,NO,88,0,86,2,0
