county,precinct,office,district,party,candidate,votes,absentee_by_mail,election_day,advance_in_person,provisional
Dade,,"Public Service Commission, District 3",3,REP,CHUCK EATON (Incumbe,1647,34,1024,587,2
Dade,SOUTH DADE,"Public Service Commission, District 3",3,REP,CHUCK EATON (Incumbe,160,4,104,52,0
Dade,NEW SALEM,"Public Service Commission, District 3",3,REP,CHUCK EATON (Incumbe,200,0,144,56,0
Dade,DAVIS,"Public Service Commission, District 3",3,REP,CHUCK EATON (Incumbe,287,3,200,84,0
Dade,NEW HOME,"Public Service Commission, District 3",3,REP,CHUCK EATON (Incumbe,123,1,101,20,1
Dade,WEST BROW,"Public Service Commission, District 3",3,REP,CHUCK EATON (Incumbe,164,5,120,39,0
Dade,TRENTON,"Public Service Commission, District 3",3,REP,CHUCK EATON (Incumbe,494,15,219,259,1
Dade,NORTH DADE,"Public Service Commission, District 3",3,REP,CHUCK EATON (Incumbe,219,6,136,77,0
Dade,,"Public Service Commission, District 3",3,REP,MATT REID,1052,22,612,415,3
Dade,SOUTH DADE,"Public Service Commission, District 3",3,REP,MATT REID,117,2,65,50,0
Dade,NEW SALEM,"Public Service Commission, District 3",3,REP,MATT REID,135,4,104,27,0
Dade,DAVIS,"Public Service Commission, District 3",3,REP,MATT REID,182,2,111,69,0
Dade,NEW HOME,"Public Service Commission, District 3",3,REP,MATT REID,78,0,66,12,0
Dade,WEST BROW,"Public Service Commission, District 3",3,REP,MATT REID,95,3,70,22,0
Dade,TRENTON,"Public Service Commission, District 3",3,REP,MATT REID,308,7,119,180,2
Dade,NORTH DADE,"Public Service Commission, District 3",3,REP,MATT REID,137,4,77,55,1
Dade,,"Public Service Commission, District 3",3,DEM,STEPHEN OPPENHEIMER,220,3,157,59,1
Dade,SOUTH DADE,"Public Service Commission, District 3",3,DEM,STEPHEN OPPENHEIMER,23,1,16,6,0
Dade,NEW SALEM,"Public Service Commission, District 3",3,DEM,STEPHEN OPPENHEIMER,38,0,31,6,1
Dade,DAVIS,"Public Service Commission, District 3",3,DEM,STEPHEN OPPENHEIMER,40,0,31,9,0
Dade,NEW HOME,"Public Service Commission, District 3",3,DEM,STEPHEN OPPENHEIMER,12,0,10,2,0
Dade,WEST BROW,"Public Service Commission, District 3",3,DEM,STEPHEN OPPENHEIMER,14,0,8,6,0
Dade,TRENTON,"Public Service Commission, District 3",3,DEM,STEPHEN OPPENHEIMER,48,2,28,18,0
Dade,NORTH DADE,"Public Service Commission, District 3",3,DEM,STEPHEN OPPENHEIMER,45,0,33,12,0
Dade,,"Public Service Commission, District 5",5,REP,PAM DAVIDSON,1185,22,702,459,2
Dade,SOUTH DADE,"Public Service Commission, District 5",5,REP,PAM DAVIDSON,138,4,78,56,0
Dade,NEW SALEM,"Public Service Commission, District 5",5,REP,PAM DAVIDSON,159,1,121,37,0
Dade,DAVIS,"Public Service Commission, District 5",5,REP,PAM DAVIDSON,202,3,124,75,0
Dade,NEW HOME,"Public Service Commission, District 5",5,REP,PAM DAVIDSON,88,0,76,12,0
Dade,WEST BROW,"Public Service Commission, District 5",5,REP,PAM DAVIDSON,110,5,79,26,0
Dade,TRENTON,"Public Service Commission, District 5",5,REP,PAM DAVIDSON,323,7,126,189,1
Dade,NORTH DADE,"Public Service Commission, District 5",5,REP,PAM DAVIDSON,165,2,98,64,1
Dade,,"Public Service Commission, District 5",5,REP,STAN WISE (I),1463,36,896,528,3
Dade,SOUTH DADE,"Public Service Commission, District 5",5,REP,STAN WISE (I),137,2,85,50,0
Dade,NEW SALEM,"Public Service Commission, District 5",5,REP,STAN WISE (I),163,2,119,42,0
Dade,DAVIS,"Public Service Commission, District 5",5,REP,STAN WISE (I),257,4,179,74,0
Dade,NEW HOME,"Public Service Commission, District 5",5,REP,STAN WISE (I),109,1,88,19,1
Dade,WEST BROW,"Public Service Commission, District 5",5,REP,STAN WISE (I),140,3,105,32,0
Dade,TRENTON,"Public Service Commission, District 5",5,REP,STAN WISE (I),466,16,205,243,2
Dade,NORTH DADE,"Public Service Commission, District 5",5,REP,STAN WISE (I),191,8,115,68,0
Dade,,"U.S. Representative, District 14",14,REP,TOM GRAVES (I),2459,56,1508,890,5
Dade,SOUTH DADE,"U.S. Representative, District 14",14,REP,TOM GRAVES (I),227,3,142,82,0
Dade,NEW SALEM,"U.S. Representative, District 14",14,REP,TOM GRAVES (I),307,3,230,74,0
Dade,DAVIS,"U.S. Representative, District 14",14,REP,TOM GRAVES (I),421,6,283,132,0
Dade,NEW HOME,"U.S. Representative, District 14",14,REP,TOM GRAVES (I),177,2,144,30,1
Dade,WEST BROW,"U.S. Representative, District 14",14,REP,TOM GRAVES (I),263,6,196,61,0
Dade,TRENTON,"U.S. Representative, District 14",14,REP,TOM GRAVES (I),729,23,310,393,3
Dade,NORTH DADE,"U.S. Representative, District 14",14,REP,TOM GRAVES (I),335,13,203,118,1
Dade,,"U.S. Representative, District 14",14,DEM,"DANIEL ""DANNY"" GRANT",212,3,149,59,1
Dade,SOUTH DADE,"U.S. Representative, District 14",14,DEM,"DANIEL ""DANNY"" GRANT",18,1,11,6,0
Dade,NEW SALEM,"U.S. Representative, District 14",14,DEM,"DANIEL ""DANNY"" GRANT",40,0,32,7,1
Dade,DAVIS,"U.S. Representative, District 14",14,DEM,"DANIEL ""DANNY"" GRANT",37,0,29,8,0
Dade,NEW HOME,"U.S. Representative, District 14",14,DEM,"DANIEL ""DANNY"" GRANT",8,0,7,1,0
Dade,WEST BROW,"U.S. Representative, District 14",14,DEM,"DANIEL ""DANNY"" GRANT",14,0,9,5,0
Dade,TRENTON,"U.S. Representative, District 14",14,DEM,"DANIEL ""DANNY"" GRANT",47,2,26,19,0
Dade,NORTH DADE,"U.S. Representative, District 14",14,DEM,"DANIEL ""DANNY"" GRANT",48,0,35,13,0
Dade,,"State Senator, District 53",53,REP,JEFF MULLIS (I),2503,58,1531,909,5
Dade,SOUTH DADE,"State Senator, District 53",53,REP,JEFF MULLIS (I),234,5,141,88,0
Dade,NEW SALEM,"State Senator, District 53",53,REP,JEFF MULLIS (I),309,4,233,72,0
Dade,DAVIS,"State Senator, District 53",53,REP,JEFF MULLIS (I),432,7,284,141,0
Dade,NEW HOME,"State Senator, District 53",53,REP,JEFF MULLIS (I),174,2,144,27,1
Dade,WEST BROW,"State Senator, District 53",53,REP,JEFF MULLIS (I),264,6,197,61,0
Dade,TRENTON,"State Senator, District 53",53,REP,JEFF MULLIS (I),766,23,330,410,3
Dade,NORTH DADE,"State Senator, District 53",53,REP,JEFF MULLIS (I),324,11,202,110,1
Dade,,"State Representative, District 1",1,REP,JOHN DEFFENBAUGH,1315,35,750,526,4
Dade,SOUTH DADE,"State Representative, District 1",1,REP,JOHN DEFFENBAUGH,123,3,77,43,0
Dade,NEW SALEM,"State Representative, District 1",1,REP,JOHN DEFFENBAUGH,161,1,122,38,0
Dade,DAVIS,"State Representative, District 1",1,REP,JOHN DEFFENBAUGH,199,7,118,74,0
Dade,NEW HOME,"State Representative, District 1",1,REP,JOHN DEFFENBAUGH,92,1,74,17,0
Dade,WEST BROW,"State Representative, District 1",1,REP,JOHN DEFFENBAUGH,180,7,129,44,0
Dade,TRENTON,"State Representative, District 1",1,REP,JOHN DEFFENBAUGH,370,10,132,225,3
Dade,NORTH DADE,"State Representative, District 1",1,REP,JOHN DEFFENBAUGH,190,6,98,85,1
Dade,,"State Representative, District 1",1,REP,MIKE NOWLIN,707,12,471,224,0
Dade,SOUTH DADE,"State Representative, District 1",1,REP,MIKE NOWLIN,72,1,46,25,0
Dade,NEW SALEM,"State Representative, District 1",1,REP,MIKE NOWLIN,77,0,56,21,0
Dade,DAVIS,"State Representative, District 1",1,REP,MIKE NOWLIN,144,0,104,40,0
Dade,NEW HOME,"State Representative, District 1",1,REP,MIKE NOWLIN,46,0,41,5,0
Dade,WEST BROW,"State Representative, District 1",1,REP,MIKE NOWLIN,65,2,54,9,0
Dade,TRENTON,"State Representative, District 1",1,REP,MIKE NOWLIN,220,6,118,96,0
Dade,NORTH DADE,"State Representative, District 1",1,REP,MIKE NOWLIN,83,3,52,28,0
Dade,,"State Representative, District 1",1,REP,ALAN PAINTER,716,25,422,268,1
Dade,SOUTH DADE,"State Representative, District 1",1,REP,ALAN PAINTER,79,2,39,38,0
Dade,NEW SALEM,"State Representative, District 1",1,REP,ALAN PAINTER,108,1,85,22,0
Dade,DAVIS,"State Representative, District 1",1,REP,ALAN PAINTER,121,0,78,43,0
Dade,NEW HOME,"State Representative, District 1",1,REP,ALAN PAINTER,53,1,43,8,1
Dade,WEST BROW,"State Representative, District 1",1,REP,ALAN PAINTER,49,1,31,17,0
Dade,TRENTON,"State Representative, District 1",1,REP,ALAN PAINTER,206,11,81,114,0
Dade,NORTH DADE,"State Representative, District 1",1,REP,ALAN PAINTER,100,9,65,26,0
Dade,,"State Representative, District 1",1,DEM,THOMAS MCMAHAN,237,3,170,63,1
Dade,SOUTH DADE,"State Representative, District 1",1,DEM,THOMAS MCMAHAN,26,1,17,8,0
Dade,NEW SALEM,"State Representative, District 1",1,DEM,THOMAS MCMAHAN,49,0,40,8,1
Dade,DAVIS,"State Representative, District 1",1,DEM,THOMAS MCMAHAN,37,0,31,6,0
Dade,NEW HOME,"State Representative, District 1",1,DEM,THOMAS MCMAHAN,13,0,12,1,0
Dade,WEST BROW,"State Representative, District 1",1,DEM,THOMAS MCMAHAN,12,0,8,4,0
Dade,TRENTON,"State Representative, District 1",1,DEM,THOMAS MCMAHAN,49,2,24,23,0
Dade,NORTH DADE,"State Representative, District 1",1,DEM,THOMAS MCMAHAN,51,0,38,13,0
Dade,,"District Attorney, Lookout Mountain Circuit", Lookout Mountain Circuit - REP,REP,HERBERT FRANKLIN (I),2150,50,1235,863,2
Dade,SOUTH DADE,"District Attorney, Lookout Mountain Circuit", Lookout Mountain Circuit - REP,REP,HERBERT FRANKLIN (I),227,5,132,90,0
Dade,NEW SALEM,"District Attorney, Lookout Mountain Circuit", Lookout Mountain Circuit - REP,REP,HERBERT FRANKLIN (I),280,3,201,76,0
Dade,DAVIS,"District Attorney, Lookout Mountain Circuit", Lookout Mountain Circuit - REP,REP,HERBERT FRANKLIN (I),364,8,235,121,0
Dade,NEW HOME,"District Attorney, Lookout Mountain Circuit", Lookout Mountain Circuit - REP,REP,HERBERT FRANKLIN (I),126,2,100,24,0
Dade,WEST BROW,"District Attorney, Lookout Mountain Circuit", Lookout Mountain Circuit - REP,REP,HERBERT FRANKLIN (I),203,6,134,63,0
Dade,TRENTON,"District Attorney, Lookout Mountain Circuit", Lookout Mountain Circuit - REP,REP,HERBERT FRANKLIN (I),655,19,267,368,1
Dade,NORTH DADE,"District Attorney, Lookout Mountain Circuit", Lookout Mountain Circuit - REP,REP,HERBERT FRANKLIN (I),295,7,166,121,1
Dade,,"District Attorney, Lookout Mountain Circuit", Lookout Mountain Circuit - REP,REP,DOUG WOODRUFF,1015,32,649,331,3
Dade,SOUTH DADE,"District Attorney, Lookout Mountain Circuit", Lookout Mountain Circuit - REP,REP,DOUG WOODRUFF,94,1,59,34,0
Dade,NEW SALEM,"District Attorney, Lookout Mountain Circuit", Lookout Mountain Circuit - REP,REP,DOUG WOODRUFF,113,1,88,24,0
Dade,DAVIS,"District Attorney, Lookout Mountain Circuit", Lookout Mountain Circuit - REP,REP,DOUG WOODRUFF,204,1,136,67,0
Dade,NEW HOME,"District Attorney, Lookout Mountain Circuit", Lookout Mountain Circuit - REP,REP,DOUG WOODRUFF,96,0,83,12,1
Dade,WEST BROW,"District Attorney, Lookout Mountain Circuit", Lookout Mountain Circuit - REP,REP,DOUG WOODRUFF,95,4,76,15,0
Dade,TRENTON,"District Attorney, Lookout Mountain Circuit", Lookout Mountain Circuit - REP,REP,DOUG WOODRUFF,270,11,122,135,2
Dade,NORTH DADE,"District Attorney, Lookout Mountain Circuit", Lookout Mountain Circuit - REP,REP,DOUG WOODRUFF,143,14,85,44,0
Dade,,CLERK, SUPERIOR COURT- R,,BEVERLY FLOYD,758,25,387,346,0
Dade,SOUTH DADE,CLERK, SUPERIOR COURT- R,,BEVERLY FLOYD,49,0,22,27,0
Dade,NEW SALEM,CLERK, SUPERIOR COURT- R,,BEVERLY FLOYD,48,1,31,16,0
Dade,DAVIS,CLERK, SUPERIOR COURT- R,,BEVERLY FLOYD,234,2,141,91,0
Dade,NEW HOME,CLERK, SUPERIOR COURT- R,,BEVERLY FLOYD,69,0,54,15,0
Dade,WEST BROW,CLERK, SUPERIOR COURT- R,,BEVERLY FLOYD,38,5,15,18,0
Dade,TRENTON,CLERK, SUPERIOR COURT- R,,BEVERLY FLOYD,233,7,85,141,0
Dade,NORTH DADE,CLERK, SUPERIOR COURT- R,,BEVERLY FLOYD,87,10,39,38,0
Dade,,CLERK, SUPERIOR COURT- R,,CAROLYN B. LANE,901,23,532,345,1
Dade,SOUTH DADE,CLERK, SUPERIOR COURT- R,,CAROLYN B. LANE,136,4,85,47,0
Dade,NEW SALEM,CLERK, SUPERIOR COURT- R,,CAROLYN B. LANE,156,1,116,39,0
Dade,DAVIS,CLERK, SUPERIOR COURT- R,,CAROLYN B. LANE,105,0,68,37,0
Dade,NEW HOME,CLERK, SUPERIOR COURT- R,,CAROLYN B. LANE,42,0,36,6,0
Dade,WEST BROW,CLERK, SUPERIOR COURT- R,,CAROLYN B. LANE,76,1,54,21,0
Dade,TRENTON,CLERK, SUPERIOR COURT- R,,CAROLYN B. LANE,277,11,108,157,1
Dade,NORTH DADE,CLERK, SUPERIOR COURT- R,,CAROLYN B. LANE,109,6,65,38,0
Dade,,CLERK, SUPERIOR COURT- R,,KATHY D. PAGE ,1631,36,1039,552,4
Dade,SOUTH DADE,CLERK, SUPERIOR COURT- R,,KATHY D. PAGE ,142,2,87,53,0
Dade,NEW SALEM,CLERK, SUPERIOR COURT- R,,KATHY D. PAGE ,201,2,150,49,0
Dade,DAVIS,CLERK, SUPERIOR COURT- R,,KATHY D. PAGE ,247,8,176,63,0
Dade,NEW HOME,CLERK, SUPERIOR COURT- R,,KATHY D. PAGE ,120,2,101,16,1
Dade,WEST BROW,CLERK, SUPERIOR COURT- R,,KATHY D. PAGE ,187,4,145,38,0
Dade,TRENTON,CLERK, SUPERIOR COURT- R,,KATHY D. PAGE ,471,12,220,237,2
Dade,NORTH DADE,CLERK, SUPERIOR COURT- R,,KATHY D. PAGE ,263,6,160,96,1
Dade,,SHERIFF,,,NATHAN BAKER,410,6,276,128,0
Dade,SOUTH DADE,SHERIFF,,,NATHAN BAKER,39,0,23,16,0
Dade,NEW SALEM,SHERIFF,,,NATHAN BAKER,25,0,15,10,0
Dade,DAVIS,SHERIFF,,,NATHAN BAKER,103,1,70,32,0
Dade,NEW HOME,SHERIFF,,,NATHAN BAKER,66,0,60,6,0
Dade,WEST BROW,SHERIFF,,,NATHAN BAKER,13,1,8,4,0
Dade,TRENTON,SHERIFF,,,NATHAN BAKER,114,4,62,48,0
Dade,NORTH DADE,SHERIFF,,,NATHAN BAKER,50,0,38,12,0
Dade,,SHERIFF,,,PATRICK CANNON ,1093,28,667,395,3
Dade,SOUTH DADE,SHERIFF,,,PATRICK CANNON ,97,2,59,36,0
Dade,NEW SALEM,SHERIFF,,,PATRICK CANNON ,74,0,61,13,0
Dade,DAVIS,SHERIFF,,,PATRICK CANNON ,267,5,177,85,0
Dade,NEW HOME,SHERIFF,,,PATRICK CANNON ,82,0,71,10,1
Dade,WEST BROW,SHERIFF,,,PATRICK CANNON ,112,1,81,30,0
Dade,TRENTON,SHERIFF,,,PATRICK CANNON ,301,11,125,164,1
Dade,NORTH DADE,SHERIFF,,,PATRICK CANNON ,160,9,93,57,1
Dade,,SHERIFF,,,RAY G. CROSS,1413,27,824,561,1
Dade,SOUTH DADE,SHERIFF,,,RAY G. CROSS,136,3,75,58,0
Dade,NEW SALEM,SHERIFF,,,RAY G. CROSS,284,5,209,70,0
Dade,DAVIS,SHERIFF,,,RAY G. CROSS,168,0,111,57,0
Dade,NEW HOME,SHERIFF,,,RAY G. CROSS,86,2,62,22,0
Dade,WEST BROW,SHERIFF,,,RAY G. CROSS,141,3,98,40,0
Dade,TRENTON,SHERIFF,,,RAY G. CROSS,433,8,172,252,1
Dade,NORTH DADE,SHERIFF,,,RAY G. CROSS,165,6,97,62,0
Dade,,SHERIFF,,,TIM MCDONALD,446,22,255,168,1
Dade,SOUTH DADE,SHERIFF,,,TIM MCDONALD,68,0,47,21,0
Dade,NEW SALEM,SHERIFF,,,TIM MCDONALD,33,0,22,11,0
Dade,DAVIS,SHERIFF,,,TIM MCDONALD,68,4,42,22,0
Dade,NEW HOME,SHERIFF,,,TIM MCDONALD,3,0,3,0,0
Dade,WEST BROW,SHERIFF,,,TIM MCDONALD,54,5,42,7,0
Dade,TRENTON,SHERIFF,,,TIM MCDONALD,137,6,59,71,1
Dade,NORTH DADE,SHERIFF,,,TIM MCDONALD,83,7,40,36,0
Dade,,SHERIFF,,,PHILIP STREET,223,5,155,62,1
Dade,SOUTH DADE,SHERIFF,,,PHILIP STREET,24,1,17,6,0
Dade,NEW SALEM,SHERIFF,,,PHILIP STREET,40,0,33,6,1
Dade,DAVIS,SHERIFF,,,PHILIP STREET,37,0,29,8,0
Dade,NEW HOME,SHERIFF,,,PHILIP STREET,11,0,8,3,0
Dade,WEST BROW,SHERIFF,,,PHILIP STREET,12,1,7,4,0
Dade,TRENTON,SHERIFF,,,PHILIP STREET,52,3,26,23,0
Dade,NORTH DADE,SHERIFF,,,PHILIP STREET,47,0,35,12,0
Dade,,TAX COMMISSIONER,,,JANE I. MORELAND ,297,3,203,90,1
Dade,SOUTH DADE,TAX COMMISSIONER,,,JANE I. MORELAND ,27,0,18,9,0
Dade,NEW SALEM,TAX COMMISSIONER,,,JANE I. MORELAND ,57,0,47,9,1
Dade,DAVIS,TAX COMMISSIONER,,,JANE I. MORELAND ,56,0,40,16,0
Dade,NEW HOME,TAX COMMISSIONER,,,JANE I. MORELAND ,19,0,15,4,0
Dade,WEST BROW,TAX COMMISSIONER,,,JANE I. MORELAND ,15,0,10,5,0
Dade,TRENTON,TAX COMMISSIONER,,,JANE I. MORELAND ,69,3,33,33,0
Dade,NORTH DADE,TAX COMMISSIONER,,,JANE I. MORELAND ,54,0,40,14,0
Dade,,CORONER,,,DANNY HALL,2276,55,1406,810,5
Dade,SOUTH DADE,CORONER,,,DANNY HALL,222,2,142,78,0
Dade,NEW SALEM,CORONER,,,DANNY HALL,274,3,208,63,0
Dade,DAVIS,CORONER,,,DANNY HALL,385,6,259,120,0
Dade,NEW HOME,CORONER,,,DANNY HALL,155,2,127,25,1
Dade,WEST BROW,CORONER,,,DANNY HALL,237,5,175,57,0
Dade,TRENTON,CORONER,,,DANNY HALL,696,20,307,366,3
Dade,NORTH DADE,CORONER,,,DANNY HALL,307,17,188,101,1
Dade,,CORONER,,,JOHNNY GRAY ,271,4,187,79,1
Dade,SOUTH DADE,CORONER,,,JOHNNY GRAY ,27,1,18,8,0
Dade,NEW SALEM,CORONER,,,JOHNNY GRAY ,52,0,44,7,1
Dade,DAVIS,CORONER,,,JOHNNY GRAY ,46,0,35,11,0
Dade,NEW HOME,CORONER,,,JOHNNY GRAY ,17,0,12,5,0
Dade,WEST BROW,CORONER,,,JOHNNY GRAY ,13,0,8,5,0
Dade,TRENTON,CORONER,,,JOHNNY GRAY ,63,3,29,31,0
Dade,NORTH DADE,CORONER,,,JOHNNY GRAY ,53,0,41,12,0
Dade,,"CC, CHAIR/COUNTY EXEC", CHAIR/COUNTY EXEC - R,,TED RUMLEY ,2660,69,1598,988,5
Dade,SOUTH DADE,"CC, CHAIR/COUNTY EXEC", CHAIR/COUNTY EXEC - R,,TED RUMLEY ,264,6,158,100,0
Dade,NEW SALEM,"CC, CHAIR/COUNTY EXEC", CHAIR/COUNTY EXEC - R,,TED RUMLEY ,323,4,239,80,0
Dade,DAVIS,"CC, CHAIR/COUNTY EXEC", CHAIR/COUNTY EXEC - R,,TED RUMLEY ,455,9,301,145,0
Dade,NEW HOME,"CC, CHAIR/COUNTY EXEC", CHAIR/COUNTY EXEC - R,,TED RUMLEY ,181,2,149,29,1
Dade,WEST BROW,"CC, CHAIR/COUNTY EXEC", CHAIR/COUNTY EXEC - R,,TED RUMLEY ,265,6,194,65,0
Dade,TRENTON,"CC, CHAIR/COUNTY EXEC", CHAIR/COUNTY EXEC - R,,TED RUMLEY ,800,25,340,432,3
Dade,NORTH DADE,"CC, CHAIR/COUNTY EXEC", CHAIR/COUNTY EXEC - R,,TED RUMLEY ,372,17,217,137,1
Dade,,"CC, D3", D3 - R,,ROBERT GOFF ,2472,52,1508,907,5
Dade,SOUTH DADE,"CC, D3", D3 - R,,ROBERT GOFF ,247,4,155,88,0
Dade,NEW SALEM,"CC, D3", D3 - R,,ROBERT GOFF ,285,2,216,67,0
Dade,DAVIS,"CC, D3", D3 - R,,ROBERT GOFF ,430,6,280,144,0
Dade,NEW HOME,"CC, D3", D3 - R,,ROBERT GOFF ,181,2,148,30,1
Dade,WEST BROW,"CC, D3", D3 - R,,ROBERT GOFF ,232,6,176,50,0
Dade,TRENTON,"CC, D3", D3 - R,,ROBERT GOFF ,767,23,334,407,3
Dade,NORTH DADE,"CC, D3", D3 - R,,ROBERT GOFF ,330,9,199,121,1
Dade,,"CC, D4", D4 - R,,ALLAN L. BRADFORD,1955,55,1199,697,4
Dade,SOUTH DADE,"CC, D4", D4 - R,,ALLAN L. BRADFORD,221,6,129,86,0
Dade,NEW SALEM,"CC, D4", D4 - R,,ALLAN L. BRADFORD,257,3,194,60,0
Dade,DAVIS,"CC, D4", D4 - R,,ALLAN L. BRADFORD,368,6,237,125,0
Dade,NEW HOME,"CC, D4", D4 - R,,ALLAN L. BRADFORD,137,2,115,19,1
Dade,WEST BROW,"CC, D4", D4 - R,,ALLAN L. BRADFORD,151,5,104,42,0
Dade,TRENTON,"CC, D4", D4 - R,,ALLAN L. BRADFORD,565,22,261,280,2
Dade,NORTH DADE,"CC, D4", D4 - R,,ALLAN L. BRADFORD,256,11,159,85,1
Dade,,"CC, D4", D4 - R,,PETER CERVELLI ,1228,27,694,506,1
Dade,SOUTH DADE,"CC, D4", D4 - R,,PETER CERVELLI ,97,0,58,39,0
Dade,NEW SALEM,"CC, D4", D4 - R,,PETER CERVELLI ,154,2,108,44,0
Dade,DAVIS,"CC, D4", D4 - R,,PETER CERVELLI ,182,4,120,58,0
Dade,NEW HOME,"CC, D4", D4 - R,,PETER CERVELLI ,82,0,64,18,0
Dade,WEST BROW,"CC, D4", D4 - R,,PETER CERVELLI ,162,5,118,39,0
Dade,TRENTON,"CC, D4", D4 - R,,PETER CERVELLI ,375,6,133,235,1
Dade,NORTH DADE,"CC, D4", D4 - R,,PETER CERVELLI ,176,10,93,73,0
Dade,,"BOE, D3", D3 - R,,RONNIE PAGE ,1037,25,651,361,0
Dade,SOUTH DADE,"BOE, D3", D3 - R,,RONNIE PAGE ,77,2,47,28,0
Dade,NEW SALEM,"BOE, D3", D3 - R,,RONNIE PAGE ,103,1,82,20,0
Dade,DAVIS,"BOE, D3", D3 - R,,RONNIE PAGE ,226,1,151,74,0
Dade,NEW HOME,"BOE, D3", D3 - R,,RONNIE PAGE ,83,2,69,12,0
Dade,WEST BROW,"BOE, D3", D3 - R,,RONNIE PAGE ,132,3,97,32,0
Dade,TRENTON,"BOE, D3", D3 - R,,RONNIE PAGE ,271,13,111,147,0
Dade,NORTH DADE,"BOE, D3", D3 - R,,RONNIE PAGE ,145,3,94,48,0
Dade,,"BOE, D3", D3 - R,,JOHN L. WARREN,1219,43,675,500,1
Dade,SOUTH DADE,"BOE, D3", D3 - R,,JOHN L. WARREN,132,3,71,58,0
Dade,NEW SALEM,"BOE, D3", D3 - R,,JOHN L. WARREN,167,1,125,41,0
Dade,DAVIS,"BOE, D3", D3 - R,,JOHN L. WARREN,167,8,111,48,0
Dade,NEW HOME,"BOE, D3", D3 - R,,JOHN L. WARREN,75,0,60,15,0
Dade,WEST BROW,"BOE, D3", D3 - R,,JOHN L. WARREN,76,4,46,26,0
Dade,TRENTON,"BOE, D3", D3 - R,,JOHN L. WARREN,434,14,179,241,0
Dade,NORTH DADE,"BOE, D3", D3 - R,,JOHN L. WARREN,168,13,83,71,1
Dade,,"BOE, D3", D3 - R,,JULIE WILLIAMS,850,14,502,332,2
Dade,SOUTH DADE,"BOE, D3", D3 - R,,JULIE WILLIAMS,107,1,68,38,0
Dade,NEW SALEM,"BOE, D3", D3 - R,,JULIE WILLIAMS,103,1,69,33,0
Dade,DAVIS,"BOE, D3", D3 - R,,JULIE WILLIAMS,149,1,89,59,0
Dade,NEW HOME,"BOE, D3", D3 - R,,JULIE WILLIAMS,57,0,48,9,0
Dade,WEST BROW,"BOE, D3", D3 - R,,JULIE WILLIAMS,64,3,48,13,0
Dade,TRENTON,"BOE, D3", D3 - R,,JULIE WILLIAMS,257,3,112,140,2
Dade,NORTH DADE,"BOE, D3", D3 - R,,JULIE WILLIAMS,113,5,68,40,0
Dade,,"BOE, D4", D4 - R,,CAROLYN BRADFORD ,2286,49,1404,829,4
Dade,SOUTH DADE,"BOE, D4", D4 - R,,CAROLYN BRADFORD ,204,4,126,74,0
Dade,NEW SALEM,"BOE, D4", D4 - R,,CAROLYN BRADFORD ,282,3,211,68,0
Dade,DAVIS,"BOE, D4", D4 - R,,CAROLYN BRADFORD ,396,6,262,128,0
Dade,NEW HOME,"BOE, D4", D4 - R,,CAROLYN BRADFORD ,165,1,135,28,1
Dade,WEST BROW,"BOE, D4", D4 - R,,CAROLYN BRADFORD ,244,6,173,65,0
Dade,TRENTON,"BOE, D4", D4 - R,,CAROLYN BRADFORD ,672,20,295,355,2
Dade,NORTH DADE,"BOE, D4", D4 - R,,CAROLYN BRADFORD ,323,9,202,111,1
Dade,,BOE D5 AT LARGE,,,CAREYEE BELL,1048,27,594,425,2
Dade,SOUTH DADE,BOE D5 AT LARGE,,,CAREYEE BELL,91,2,49,40,0
Dade,NEW SALEM,BOE D5 AT LARGE,,,CAREYEE BELL,128,2,97,29,0
Dade,DAVIS,BOE D5 AT LARGE,,,CAREYEE BELL,178,3,112,63,0
Dade,NEW HOME,BOE D5 AT LARGE,,,CAREYEE BELL,64,1,55,8,0
Dade,WEST BROW,BOE D5 AT LARGE,,,CAREYEE BELL,66,4,43,19,0
Dade,TRENTON,BOE D5 AT LARGE,,,CAREYEE BELL,364,6,155,202,1
Dade,NORTH DADE,BOE D5 AT LARGE,,,CAREYEE BELL,157,9,83,64,1
Dade,,BOE D5 AT LARGE,,,JOSEPH CHAMBERS,285,7,172,106,0
Dade,SOUTH DADE,BOE D5 AT LARGE,,,JOSEPH CHAMBERS,26,3,13,10,0
Dade,NEW SALEM,BOE D5 AT LARGE,,,JOSEPH CHAMBERS,38,0,29,9,0
Dade,DAVIS,BOE D5 AT LARGE,,,JOSEPH CHAMBERS,61,0,38,23,0
Dade,NEW HOME,BOE D5 AT LARGE,,,JOSEPH CHAMBERS,21,0,18,3,0
Dade,WEST BROW,BOE D5 AT LARGE,,,JOSEPH CHAMBERS,26,0,18,8,0
Dade,TRENTON,BOE D5 AT LARGE,,,JOSEPH CHAMBERS,75,4,30,41,0
Dade,NORTH DADE,BOE D5 AT LARGE,,,JOSEPH CHAMBERS,38,0,26,12,0
Dade,,BOE D5 AT LARGE,,,DAVID POWELL ,1289,27,787,474,1
Dade,SOUTH DADE,BOE D5 AT LARGE,,,DAVID POWELL ,157,1,102,54,0
Dade,NEW SALEM,BOE D5 AT LARGE,,,DAVID POWELL ,157,1,117,39,0
Dade,DAVIS,BOE D5 AT LARGE,,,DAVID POWELL ,224,2,147,75,0
Dade,NEW HOME,BOE D5 AT LARGE,,,DAVID POWELL ,99,1,78,20,0
Dade,WEST BROW,BOE D5 AT LARGE,,,DAVID POWELL ,125,4,84,37,0
Dade,TRENTON,BOE D5 AT LARGE,,,DAVID POWELL ,356,11,154,190,1
Dade,NORTH DADE,BOE D5 AT LARGE,,,DAVID POWELL ,171,7,105,59,0
Dade,,BOE D5 AT LARGE,,,DALLAS WALKER,411,19,239,152,1
Dade,SOUTH DADE,BOE D5 AT LARGE,,,DALLAS WALKER,37,0,19,18,0
Dade,NEW SALEM,BOE D5 AT LARGE,,,DALLAS WALKER,42,0,26,16,0
Dade,DAVIS,BOE D5 AT LARGE,,,DALLAS WALKER,72,5,51,16,0
Dade,NEW HOME,BOE D5 AT LARGE,,,DALLAS WALKER,28,0,23,5,0
Dade,WEST BROW,BOE D5 AT LARGE,,,DALLAS WALKER,55,2,46,7,0
Dade,TRENTON,BOE D5 AT LARGE,,,DALLAS WALKER,122,8,46,67,1
Dade,NORTH DADE,BOE D5 AT LARGE,,,DALLAS WALKER,55,4,28,23,0
Dade,,Republican Party Question 1<br>Should Georgia have casino gambling with funds going to education?,,REP,YES,1706,37,1016,651,2
Dade,SOUTH DADE,Republican Party Question 1<br>Should Georgia have casino gambling with funds going to education?,,REP,YES,171,4,100,67,0
Dade,NEW SALEM,Republican Party Question 1<br>Should Georgia have casino gambling with funds going to education?,,REP,YES,218,1,161,56,0
Dade,DAVIS,Republican Party Question 1<br>Should Georgia have casino gambling with funds going to education?,,REP,YES,299,4,202,93,0
Dade,NEW HOME,Republican Party Question 1<br>Should Georgia have casino gambling with funds going to education?,,REP,YES,119,1,96,22,0
Dade,WEST BROW,Republican Party Question 1<br>Should Georgia have casino gambling with funds going to education?,,REP,YES,131,2,91,38,0
Dade,TRENTON,Republican Party Question 1<br>Should Georgia have casino gambling with funds going to education?,,REP,YES,532,15,221,295,1
Dade,NORTH DADE,Republican Party Question 1<br>Should Georgia have casino gambling with funds going to education?,,REP,YES,236,10,145,80,1
Dade,,Republican Party Question 1<br>Should Georgia have casino gambling with funds going to education?,,REP,NO,1609,46,975,585,3
Dade,SOUTH DADE,Republican Party Question 1<br>Should Georgia have casino gambling with funds going to education?,,REP,NO,160,2,97,61,0
Dade,NEW SALEM,Republican Party Question 1<br>Should Georgia have casino gambling with funds going to education?,,REP,NO,192,3,142,47,0
Dade,DAVIS,Republican Party Question 1<br>Should Georgia have casino gambling with funds going to education?,,REP,NO,291,5,191,95,0
Dade,NEW HOME,Republican Party Question 1<br>Should Georgia have casino gambling with funds going to education?,,REP,NO,111,1,94,15,1
Dade,WEST BROW,Republican Party Question 1<br>Should Georgia have casino gambling with funds going to education?,,REP,NO,181,8,132,41,0
Dade,TRENTON,Republican Party Question 1<br>Should Georgia have casino gambling with funds going to education?,,REP,NO,448,15,197,234,2
Dade,NORTH DADE,Republican Party Question 1<br>Should Georgia have casino gambling with funds going to education?,,REP,NO,226,12,122,92,0
Dade,,Republican Party Question 2<br>Do you support ending the current practice of unlimited gifts from lobbyists to state legislators by imposing a $100 cap on such gifts?,,REP,YES,2619,72,1565,978,4
Dade,SOUTH DADE,Republican Party Question 2<br>Do you support ending the current practice of unlimited gifts from lobbyists to state legislators by imposing a $100 cap on such gifts?,,REP,YES,265,5,157,103,0
Dade,NEW SALEM,Republican Party Question 2<br>Do you support ending the current practice of unlimited gifts from lobbyists to state legislators by imposing a $100 cap on such gifts?,,REP,YES,338,3,254,81,0
Dade,DAVIS,Republican Party Question 2<br>Do you support ending the current practice of unlimited gifts from lobbyists to state legislators by imposing a $100 cap on such gifts?,,REP,YES,448,6,298,144,0
Dade,NEW HOME,Republican Party Question 2<br>Do you support ending the current practice of unlimited gifts from lobbyists to state legislators by imposing a $100 cap on such gifts?,,REP,YES,192,2,158,31,1
Dade,WEST BROW,Republican Party Question 2<br>Do you support ending the current practice of unlimited gifts from lobbyists to state legislators by imposing a $100 cap on such gifts?,,REP,YES,253,10,177,66,0
Dade,TRENTON,Republican Party Question 2<br>Do you support ending the current practice of unlimited gifts from lobbyists to state legislators by imposing a $100 cap on such gifts?,,REP,YES,769,25,318,424,2
Dade,NORTH DADE,Republican Party Question 2<br>Do you support ending the current practice of unlimited gifts from lobbyists to state legislators by imposing a $100 cap on such gifts?,,REP,YES,354,21,203,129,1
Dade,,Republican Party Question 2<br>Do you support ending the current practice of unlimited gifts from lobbyists to state legislators by imposing a $100 cap on such gifts?,,REP,NO,550,8,337,204,1
Dade,SOUTH DADE,Republican Party Question 2<br>Do you support ending the current practice of unlimited gifts from lobbyists to state legislators by imposing a $100 cap on such gifts?,,REP,NO,62,1,34,27,0
Dade,NEW SALEM,Republican Party Question 2<br>Do you support ending the current practice of unlimited gifts from lobbyists to state legislators by imposing a $100 cap on such gifts?,,REP,NO,50,0,36,14,0
Dade,DAVIS,Republican Party Question 2<br>Do you support ending the current practice of unlimited gifts from lobbyists to state legislators by imposing a $100 cap on such gifts?,,REP,NO,112,3,73,36,0
Dade,NEW HOME,Republican Party Question 2<br>Do you support ending the current practice of unlimited gifts from lobbyists to state legislators by imposing a $100 cap on such gifts?,,REP,NO,31,0,28,3,0
Dade,WEST BROW,Republican Party Question 2<br>Do you support ending the current practice of unlimited gifts from lobbyists to state legislators by imposing a $100 cap on such gifts?,,REP,NO,52,0,40,12,0
Dade,TRENTON,Republican Party Question 2<br>Do you support ending the current practice of unlimited gifts from lobbyists to state legislators by imposing a $100 cap on such gifts?,,REP,NO,161,3,75,82,1
Dade,NORTH DADE,Republican Party Question 2<br>Do you support ending the current practice of unlimited gifts from lobbyists to state legislators by imposing a $100 cap on such gifts?,,REP,NO,82,1,51,30,0
Dade,,Republican Party Question 3<br>Should active duty military personnel who are under the age of 21 be allowed to obtain a Georgia weapons license?,,REP,YES,2278,48,1364,861,5
Dade,SOUTH DADE,Republican Party Question 3<br>Should active duty military personnel who are under the age of 21 be allowed to obtain a Georgia weapons license?,,REP,YES,231,4,135,92,0
Dade,NEW SALEM,Republican Party Question 3<br>Should active duty military personnel who are under the age of 21 be allowed to obtain a Georgia weapons license?,,REP,YES,314,1,235,78,0
Dade,DAVIS,Republican Party Question 3<br>Should active duty military personnel who are under the age of 21 be allowed to obtain a Georgia weapons license?,,REP,YES,415,7,280,128,0
Dade,NEW HOME,Republican Party Question 3<br>Should active duty military personnel who are under the age of 21 be allowed to obtain a Georgia weapons license?,,REP,YES,172,2,140,29,1
Dade,WEST BROW,Republican Party Question 3<br>Should active duty military personnel who are under the age of 21 be allowed to obtain a Georgia weapons license?,,REP,YES,193,2,135,56,0
Dade,TRENTON,Republican Party Question 3<br>Should active duty military personnel who are under the age of 21 be allowed to obtain a Georgia weapons license?,,REP,YES,649,19,264,363,3
Dade,NORTH DADE,Republican Party Question 3<br>Should active duty military personnel who are under the age of 21 be allowed to obtain a Georgia weapons license?,,REP,YES,304,13,175,115,1
Dade,,Republican Party Question 3<br>Should active duty military personnel who are under the age of 21 be allowed to obtain a Georgia weapons license?,,REP,NO,983,32,584,367,0
Dade,SOUTH DADE,Republican Party Question 3<br>Should active duty military personnel who are under the age of 21 be allowed to obtain a Georgia weapons license?,,REP,NO,101,2,59,40,0
Dade,NEW SALEM,Republican Party Question 3<br>Should active duty military personnel who are under the age of 21 be allowed to obtain a Georgia weapons license?,,REP,NO,90,2,64,24,0
Dade,DAVIS,Republican Party Question 3<br>Should active duty military personnel who are under the age of 21 be allowed to obtain a Georgia weapons license?,,REP,NO,169,2,104,63,0
Dade,NEW HOME,Republican Party Question 3<br>Should active duty military personnel who are under the age of 21 be allowed to obtain a Georgia weapons license?,,REP,NO,56,0,49,7,0
Dade,WEST BROW,Republican Party Question 3<br>Should active duty military personnel who are under the age of 21 be allowed to obtain a Georgia weapons license?,,REP,NO,113,8,81,24,0
Dade,TRENTON,Republican Party Question 3<br>Should active duty military personnel who are under the age of 21 be allowed to obtain a Georgia weapons license?,,REP,NO,305,10,140,155,0
Dade,NORTH DADE,Republican Party Question 3<br>Should active duty military personnel who are under the age of 21 be allowed to obtain a Georgia weapons license?,,REP,NO,149,8,87,54,0
Dade,,Republican Party Question 4<br>Should Citizens who wish to vote in a primary election be required to register by their political party affiliation at least thirty (30) days prior to such primary election?,,REP,YES,1242,21,741,479,1
Dade,SOUTH DADE,Republican Party Question 4<br>Should Citizens who wish to vote in a primary election be required to register by their political party affiliation at least thirty (30) days prior to such primary election?,,REP,YES,115,0,72,43,0
Dade,NEW SALEM,Republican Party Question 4<br>Should Citizens who wish to vote in a primary election be required to register by their political party affiliation at least thirty (30) days prior to such primary election?,,REP,YES,153,1,112,40,0
Dade,DAVIS,Republican Party Question 4<br>Should Citizens who wish to vote in a primary election be required to register by their political party affiliation at least thirty (30) days prior to such primary election?,,REP,YES,246,3,164,79,0
Dade,NEW HOME,Republican Party Question 4<br>Should Citizens who wish to vote in a primary election be required to register by their political party affiliation at least thirty (30) days prior to such primary election?,,REP,YES,88,0,71,16,1
Dade,WEST BROW,Republican Party Question 4<br>Should Citizens who wish to vote in a primary election be required to register by their political party affiliation at least thirty (30) days prior to such primary election?,,REP,YES,125,2,80,43,0
Dade,TRENTON,Republican Party Question 4<br>Should Citizens who wish to vote in a primary election be required to register by their political party affiliation at least thirty (30) days prior to such primary election?,,REP,YES,362,10,147,205,0
Dade,NORTH DADE,Republican Party Question 4<br>Should Citizens who wish to vote in a primary election be required to register by their political party affiliation at least thirty (30) days prior to such primary election?,,REP,YES,153,5,95,53,0
Dade,,Republican Party Question 4<br>Should Citizens who wish to vote in a primary election be required to register by their political party affiliation at least thirty (30) days prior to such primary election?,,REP,NO,1951,58,1168,721,4
Dade,SOUTH DADE,Republican Party Question 4<br>Should Citizens who wish to vote in a primary election be required to register by their political party affiliation at least thirty (30) days prior to such primary election?,,REP,NO,207,6,114,87,0
Dade,NEW SALEM,Republican Party Question 4<br>Should Citizens who wish to vote in a primary election be required to register by their political party affiliation at least thirty (30) days prior to such primary election?,,REP,NO,240,2,179,59,0
Dade,DAVIS,Republican Party Question 4<br>Should Citizens who wish to vote in a primary election be required to register by their political party affiliation at least thirty (30) days prior to such primary election?,,REP,NO,318,6,208,104,0
Dade,NEW HOME,Republican Party Question 4<br>Should Citizens who wish to vote in a primary election be required to register by their political party affiliation at least thirty (30) days prior to such primary election?,,REP,NO,136,2,114,20,0
Dade,WEST BROW,Republican Party Question 4<br>Should Citizens who wish to vote in a primary election be required to register by their political party affiliation at least thirty (30) days prior to such primary election?,,REP,NO,177,8,134,35,0
Dade,TRENTON,Republican Party Question 4<br>Should Citizens who wish to vote in a primary election be required to register by their political party affiliation at least thirty (30) days prior to such primary election?,,REP,NO,582,17,254,308,3
Dade,NORTH DADE,Republican Party Question 4<br>Should Citizens who wish to vote in a primary election be required to register by their political party affiliation at least thirty (30) days prior to such primary election?,,REP,NO,291,17,165,108,1
Dade,,Republican Party Question 5 <br>Life Amendment Question,,REP,YES,2176,56,1324,793,3
Dade,SOUTH DADE,Republican Party Question 5 <br>Life Amendment Question,,REP,YES,207,1,128,78,0
Dade,NEW SALEM,Republican Party Question 5 <br>Life Amendment Question,,REP,YES,267,4,192,71,0
Dade,DAVIS,Republican Party Question 5 <br>Life Amendment Question,,REP,YES,385,5,265,115,0
Dade,NEW HOME,Republican Party Question 5 <br>Life Amendment Question,,REP,YES,158,2,131,24,1
Dade,WEST BROW,Republican Party Question 5 <br>Life Amendment Question,,REP,YES,210,6,157,47,0
Dade,TRENTON,Republican Party Question 5 <br>Life Amendment Question,,REP,YES,658,20,281,356,1
Dade,NORTH DADE,Republican Party Question 5 <br>Life Amendment Question,,REP,YES,291,18,170,102,1
Dade,,Republican Party Question 5 <br>Life Amendment Question,,REP,NO,817,15,491,310,1
Dade,SOUTH DADE,Republican Party Question 5 <br>Life Amendment Question,,REP,NO,103,4,58,41,0
Dade,NEW SALEM,Republican Party Question 5 <br>Life Amendment Question,,REP,NO,103,0,79,24,0
Dade,DAVIS,Republican Party Question 5 <br>Life Amendment Question,,REP,NO,131,1,83,47,0
Dade,NEW HOME,Republican Party Question 5 <br>Life Amendment Question,,REP,NO,51,0,43,8,0
Dade,WEST BROW,Republican Party Question 5 <br>Life Amendment Question,,REP,NO,80,2,56,22,0
Dade,TRENTON,Republican Party Question 5 <br>Life Amendment Question,,REP,NO,224,6,98,119,1
Dade,NORTH DADE,Republican Party Question 5 <br>Life Amendment Question,,REP,NO,125,2,74,49,0
Dade,,DADE COUNTY LIBRARY QUESTION,,,YES,290,3,200,86,1
Dade,SOUTH DADE,DADE COUNTY LIBRARY QUESTION,,,YES,29,1,19,9,0
Dade,NEW SALEM,DADE COUNTY LIBRARY QUESTION,,,YES,56,0,48,7,1
Dade,DAVIS,DADE COUNTY LIBRARY QUESTION,,,YES,53,0,38,15,0
Dade,NEW HOME,DADE COUNTY LIBRARY QUESTION,,,YES,12,0,9,3,0
Dade,WEST BROW,DADE COUNTY LIBRARY QUESTION,,,YES,16,1,11,4,0
Dade,TRENTON,DADE COUNTY LIBRARY QUESTION,,,YES,64,1,30,33,0
Dade,NORTH DADE,DADE COUNTY LIBRARY QUESTION,,,YES,60,0,45,15,0
Dade,,DADE COUNTY LIBRARY QUESTION,,,NO,61,2,45,14,0
Dade,SOUTH DADE,DADE COUNTY LIBRARY QUESTION,,,NO,3,0,3,0,0
Dade,NEW SALEM,DADE COUNTY LIBRARY QUESTION,,,NO,6,0,5,1,0
Dade,DAVIS,DADE COUNTY LIBRARY QUESTION,,,NO,17,0,15,2,0
Dade,NEW HOME,DADE COUNTY LIBRARY QUESTION,,,NO,11,0,8,3,0
Dade,WEST BROW,DADE COUNTY LIBRARY QUESTION,,,NO,3,0,1,2,0
Dade,TRENTON,DADE COUNTY LIBRARY QUESTION,,,NO,13,2,7,4,0
Dade,NORTH DADE,DADE COUNTY LIBRARY QUESTION,,,NO,8,0,6,2,0
Dade,,Democratic Party Question 1<br>Should the Georgia Constitution be amended to allow the state to override locally-elected school boards’ decisions when it comes to the creation of charter schools in your county or city?,,DEM,YES,128,0,88,40,0
Dade,SOUTH DADE,Democratic Party Question 1<br>Should the Georgia Constitution be amended to allow the state to override locally-elected school boards’ decisions when it comes to the creation of charter schools in your county or city?,,DEM,YES,10,0,8,2,0
Dade,NEW SALEM,Democratic Party Question 1<br>Should the Georgia Constitution be amended to allow the state to override locally-elected school boards’ decisions when it comes to the creation of charter schools in your county or city?,,DEM,YES,19,0,18,1,0
Dade,DAVIS,Democratic Party Question 1<br>Should the Georgia Constitution be amended to allow the state to override locally-elected school boards’ decisions when it comes to the creation of charter schools in your county or city?,,DEM,YES,27,0,17,10,0
Dade,NEW HOME,Democratic Party Question 1<br>Should the Georgia Constitution be amended to allow the state to override locally-elected school boards’ decisions when it comes to the creation of charter schools in your county or city?,,DEM,YES,9,0,5,4,0
Dade,WEST BROW,Democratic Party Question 1<br>Should the Georgia Constitution be amended to allow the state to override locally-elected school boards’ decisions when it comes to the creation of charter schools in your county or city?,,DEM,YES,4,0,4,0,0
Dade,TRENTON,Democratic Party Question 1<br>Should the Georgia Constitution be amended to allow the state to override locally-elected school boards’ decisions when it comes to the creation of charter schools in your county or city?,,DEM,YES,34,0,19,15,0
Dade,NORTH DADE,Democratic Party Question 1<br>Should the Georgia Constitution be amended to allow the state to override locally-elected school boards’ decisions when it comes to the creation of charter schools in your county or city?,,DEM,YES,25,0,17,8,0
Dade,,Democratic Party Question 1<br>Should the Georgia Constitution be amended to allow the state to override locally-elected school boards’ decisions when it comes to the creation of charter schools in your county or city?,,DEM,NO,204,5,141,57,1
Dade,SOUTH DADE,Democratic Party Question 1<br>Should the Georgia Constitution be amended to allow the state to override locally-elected school boards’ decisions when it comes to the creation of charter schools in your county or city?,,DEM,NO,19,1,11,7,0
Dade,NEW SALEM,Democratic Party Question 1<br>Should the Georgia Constitution be amended to allow the state to override locally-elected school boards’ decisions when it comes to the creation of charter schools in your county or city?,,DEM,NO,40,0,31,8,1
Dade,DAVIS,Democratic Party Question 1<br>Should the Georgia Constitution be amended to allow the state to override locally-elected school boards’ decisions when it comes to the creation of charter schools in your county or city?,,DEM,NO,34,0,29,5,0
Dade,NEW HOME,Democratic Party Question 1<br>Should the Georgia Constitution be amended to allow the state to override locally-elected school boards’ decisions when it comes to the creation of charter schools in your county or city?,,DEM,NO,13,0,11,2,0
Dade,WEST BROW,Democratic Party Question 1<br>Should the Georgia Constitution be amended to allow the state to override locally-elected school boards’ decisions when it comes to the creation of charter schools in your county or city?,,DEM,NO,15,1,8,6,0
Dade,TRENTON,Democratic Party Question 1<br>Should the Georgia Constitution be amended to allow the state to override locally-elected school boards’ decisions when it comes to the creation of charter schools in your county or city?,,DEM,NO,41,3,18,20,0
Dade,NORTH DADE,Democratic Party Question 1<br>Should the Georgia Constitution be amended to allow the state to override locally-elected school boards’ decisions when it comes to the creation of charter schools in your county or city?,,DEM,NO,42,0,33,9,0
Dade,,Democratic Party Question 2<br>Do you support ending current practice permitting unlimited gifts from lobbyists to state legislators?,,DEM,YES,258,4,175,78,1
Dade,SOUTH DADE,Democratic Party Question 2<br>Do you support ending current practice permitting unlimited gifts from lobbyists to state legislators?,,DEM,YES,21,1,12,8,0
Dade,NEW SALEM,Democratic Party Question 2<br>Do you support ending current practice permitting unlimited gifts from lobbyists to state legislators?,,DEM,YES,50,0,41,8,1
Dade,DAVIS,Democratic Party Question 2<br>Do you support ending current practice permitting unlimited gifts from lobbyists to state legislators?,,DEM,YES,53,0,40,13,0
Dade,NEW HOME,Democratic Party Question 2<br>Do you support ending current practice permitting unlimited gifts from lobbyists to state legislators?,,DEM,YES,19,0,13,6,0
Dade,WEST BROW,Democratic Party Question 2<br>Do you support ending current practice permitting unlimited gifts from lobbyists to state legislators?,,DEM,YES,10,0,8,2,0
Dade,TRENTON,Democratic Party Question 2<br>Do you support ending current practice permitting unlimited gifts from lobbyists to state legislators?,,DEM,YES,55,3,24,28,0
Dade,NORTH DADE,Democratic Party Question 2<br>Do you support ending current practice permitting unlimited gifts from lobbyists to state legislators?,,DEM,YES,50,0,37,13,0
Dade,,Democratic Party Question 2<br>Do you support ending current practice permitting unlimited gifts from lobbyists to state legislators?,,DEM,NO,77,1,59,17,0
Dade,SOUTH DADE,Democratic Party Question 2<br>Do you support ending current practice permitting unlimited gifts from lobbyists to state legislators?,,DEM,NO,8,0,7,1,0
Dade,NEW SALEM,Democratic Party Question 2<br>Do you support ending current practice permitting unlimited gifts from lobbyists to state legislators?,,DEM,NO,11,0,10,1,0
Dade,DAVIS,Democratic Party Question 2<br>Do you support ending current practice permitting unlimited gifts from lobbyists to state legislators?,,DEM,NO,12,0,11,1,0
Dade,NEW HOME,Democratic Party Question 2<br>Do you support ending current practice permitting unlimited gifts from lobbyists to state legislators?,,DEM,NO,2,0,2,0,0
Dade,WEST BROW,Democratic Party Question 2<br>Do you support ending current practice permitting unlimited gifts from lobbyists to state legislators?,,DEM,NO,10,1,5,4,0
Dade,TRENTON,Democratic Party Question 2<br>Do you support ending current practice permitting unlimited gifts from lobbyists to state legislators?,,DEM,NO,19,0,11,8,0
Dade,NORTH DADE,Democratic Party Question 2<br>Do you support ending current practice permitting unlimited gifts from lobbyists to state legislators?,,DEM,NO,15,0,13,2,0
Dade,,Democratic Party Question 3<br>Should Georgia adopt an income tax credit for home energy costs to support the economic security of our families?,,DEM,YES,255,4,173,77,1
Dade,SOUTH DADE,Democratic Party Question 3<br>Should Georgia adopt an income tax credit for home energy costs to support the economic security of our families?,,DEM,YES,19,1,12,6,0
Dade,NEW SALEM,Democratic Party Question 3<br>Should Georgia adopt an income tax credit for home energy costs to support the economic security of our families?,,DEM,YES,52,0,42,9,1
Dade,DAVIS,Democratic Party Question 3<br>Should Georgia adopt an income tax credit for home energy costs to support the economic security of our families?,,DEM,YES,48,0,36,12,0
Dade,NEW HOME,Democratic Party Question 3<br>Should Georgia adopt an income tax credit for home energy costs to support the economic security of our families?,,DEM,YES,17,0,13,4,0
Dade,WEST BROW,Democratic Party Question 3<br>Should Georgia adopt an income tax credit for home energy costs to support the economic security of our families?,,DEM,YES,11,0,8,3,0
Dade,TRENTON,Democratic Party Question 3<br>Should Georgia adopt an income tax credit for home energy costs to support the economic security of our families?,,DEM,YES,63,3,29,31,0
Dade,NORTH DADE,Democratic Party Question 3<br>Should Georgia adopt an income tax credit for home energy costs to support the economic security of our families?,,DEM,YES,45,0,33,12,0
Dade,,Democratic Party Question 3<br>Should Georgia adopt an income tax credit for home energy costs to support the economic security of our families?,,DEM,NO,80,1,59,20,0
Dade,SOUTH DADE,Democratic Party Question 3<br>Should Georgia adopt an income tax credit for home energy costs to support the economic security of our families?,,DEM,NO,10,0,8,2,0
Dade,NEW SALEM,Democratic Party Question 3<br>Should Georgia adopt an income tax credit for home energy costs to support the economic security of our families?,,DEM,NO,8,0,8,0,0
Dade,DAVIS,Democratic Party Question 3<br>Should Georgia adopt an income tax credit for home energy costs to support the economic security of our families?,,DEM,NO,16,0,12,4,0
Dade,NEW HOME,Democratic Party Question 3<br>Should Georgia adopt an income tax credit for home energy costs to support the economic security of our families?,,DEM,NO,6,0,4,2,0
Dade,WEST BROW,Democratic Party Question 3<br>Should Georgia adopt an income tax credit for home energy costs to support the economic security of our families?,,DEM,NO,7,1,3,3,0
Dade,TRENTON,Democratic Party Question 3<br>Should Georgia adopt an income tax credit for home energy costs to support the economic security of our families?,,DEM,NO,12,0,7,5,0
Dade,NORTH DADE,Democratic Party Question 3<br>Should Georgia adopt an income tax credit for home energy costs to support the economic security of our families?,,DEM,NO,21,0,17,4,0
Dade,,Democratic Party Question 4 <br>Should Georgia reduce sales taxes on Made in Georgia products so as to support the growth of small businesses in our state?,,DEM,YES,307,5,215,86,1
Dade,SOUTH DADE,Democratic Party Question 4 <br>Should Georgia reduce sales taxes on Made in Georgia products so as to support the growth of small businesses in our state?,,DEM,YES,25,1,17,7,0
Dade,NEW SALEM,Democratic Party Question 4 <br>Should Georgia reduce sales taxes on Made in Georgia products so as to support the growth of small businesses in our state?,,DEM,YES,56,0,47,8,1
Dade,DAVIS,Democratic Party Question 4 <br>Should Georgia reduce sales taxes on Made in Georgia products so as to support the growth of small businesses in our state?,,DEM,YES,63,0,46,17,0
Dade,NEW HOME,Democratic Party Question 4 <br>Should Georgia reduce sales taxes on Made in Georgia products so as to support the growth of small businesses in our state?,,DEM,YES,20,0,14,6,0
Dade,WEST BROW,Democratic Party Question 4 <br>Should Georgia reduce sales taxes on Made in Georgia products so as to support the growth of small businesses in our state?,,DEM,YES,18,1,11,6,0
Dade,TRENTON,Democratic Party Question 4 <br>Should Georgia reduce sales taxes on Made in Georgia products so as to support the growth of small businesses in our state?,,DEM,YES,64,3,34,27,0
Dade,NORTH DADE,Democratic Party Question 4 <br>Should Georgia reduce sales taxes on Made in Georgia products so as to support the growth of small businesses in our state?,,DEM,YES,61,0,46,15,0
Dade,,Democratic Party Question 4 <br>Should Georgia reduce sales taxes on Made in Georgia products so as to support the growth of small businesses in our state?,,DEM,NO,36,0,24,12,0
Dade,SOUTH DADE,Democratic Party Question 4 <br>Should Georgia reduce sales taxes on Made in Georgia products so as to support the growth of small businesses in our state?,,DEM,NO,5,0,3,2,0
Dade,NEW SALEM,Democratic Party Question 4 <br>Should Georgia reduce sales taxes on Made in Georgia products so as to support the growth of small businesses in our state?,,DEM,NO,4,0,3,1,0
Dade,DAVIS,Democratic Party Question 4 <br>Should Georgia reduce sales taxes on Made in Georgia products so as to support the growth of small businesses in our state?,,DEM,NO,6,0,6,0,0
Dade,NEW HOME,Democratic Party Question 4 <br>Should Georgia reduce sales taxes on Made in Georgia products so as to support the growth of small businesses in our state?,,DEM,NO,2,0,2,0,0
Dade,WEST BROW,Democratic Party Question 4 <br>Should Georgia reduce sales taxes on Made in Georgia products so as to support the growth of small businesses in our state?,,DEM,NO,1,0,1,0,0
Dade,TRENTON,Democratic Party Question 4 <br>Should Georgia reduce sales taxes on Made in Georgia products so as to support the growth of small businesses in our state?,,DEM,NO,11,0,4,7,0
Dade,NORTH DADE,Democratic Party Question 4 <br>Should Georgia reduce sales taxes on Made in Georgia products so as to support the growth of small businesses in our state?,,DEM,NO,7,0,5,2,0
Dade,,Supreme Court Justice, Hunstein,I,CAROL W. HUNSTEIN,2416,40,1524,847,5
Dade,SOUTH DADE,Supreme Court Justice, Hunstein,I,CAROL W. HUNSTEIN,238,5,151,82,0
Dade,NEW SALEM,Supreme Court Justice, Hunstein,I,CAROL W. HUNSTEIN,311,2,239,70,0
Dade,DAVIS,Supreme Court Justice, Hunstein,I,CAROL W. HUNSTEIN,417,3,288,126,0
Dade,NEW HOME,Supreme Court Justice, Hunstein,I,CAROL W. HUNSTEIN,174,0,143,30,1
Dade,WEST BROW,Supreme Court Justice, Hunstein,I,CAROL W. HUNSTEIN,237,6,177,54,0
Dade,TRENTON,Supreme Court Justice, Hunstein,I,CAROL W. HUNSTEIN,695,19,304,369,3
Dade,NORTH DADE,Supreme Court Justice, Hunstein,I,CAROL W. HUNSTEIN,344,5,222,116,1
Dade,,Supreme Court Justice, Hunstein,,Write-in,12,0,7,5,0
Dade,SOUTH DADE,Supreme Court Justice, Hunstein,,Write-in,3,0,1,2,0
Dade,NEW SALEM,Supreme Court Justice, Hunstein,,Write-in,1,0,1,0,0
Dade,DAVIS,Supreme Court Justice, Hunstein,,Write-in,2,0,2,0,0
Dade,NEW HOME,Supreme Court Justice, Hunstein,,Write-in,1,0,1,0,0
Dade,WEST BROW,Supreme Court Justice, Hunstein,,Write-in,1,0,1,0,0
Dade,TRENTON,Supreme Court Justice, Hunstein,,Write-in,3,0,0,3,0
Dade,NORTH DADE,Supreme Court Justice, Hunstein,,Write-in,1,0,1,0,0
Dade,,Supreme Court Justice, Melton,,HAROLD D. MELTON ,2389,39,1518,827,5
Dade,SOUTH DADE,Supreme Court Justice, Melton,,HAROLD D. MELTON ,232,5,147,80,0
Dade,NEW SALEM,Supreme Court Justice, Melton,,HAROLD D. MELTON ,310,2,240,68,0
Dade,DAVIS,Supreme Court Justice, Melton,,HAROLD D. MELTON ,415,3,288,124,0
Dade,NEW HOME,Supreme Court Justice, Melton,,HAROLD D. MELTON ,174,0,144,29,1
Dade,WEST BROW,Supreme Court Justice, Melton,,HAROLD D. MELTON ,231,6,173,52,0
Dade,TRENTON,Supreme Court Justice, Melton,,HAROLD D. MELTON ,688,18,305,362,3
Dade,NORTH DADE,Supreme Court Justice, Melton,,HAROLD D. MELTON ,339,5,221,112,1
Dade,,Supreme Court Justice, Melton,,Write-in,6,0,3,3,0
Dade,SOUTH DADE,Supreme Court Justice, Melton,,Write-in,3,0,1,2,0
Dade,NEW SALEM,Supreme Court Justice, Melton,,Write-in,0,0,0,0,0
Dade,DAVIS,Supreme Court Justice, Melton,,Write-in,1,0,1,0,0
Dade,NEW HOME,Supreme Court Justice, Melton,,Write-in,0,0,0,0,0
Dade,WEST BROW,Supreme Court Justice, Melton,,Write-in,1,0,1,0,0
Dade,TRENTON,Supreme Court Justice, Melton,,Write-in,1,0,0,1,0
Dade,NORTH DADE,Supreme Court Justice, Melton,,Write-in,0,0,0,0,0
Dade,,Supreme Court Justice, Thompson,,HUGH P. THOMPSON ,2384,37,1511,832,4
Dade,SOUTH DADE,Supreme Court Justice, Thompson,,HUGH P. THOMPSON ,230,4,147,79,0
Dade,NEW SALEM,Supreme Court Justice, Thompson,,HUGH P. THOMPSON ,307,2,237,68,0
Dade,DAVIS,Supreme Court Justice, Thompson,,HUGH P. THOMPSON ,416,3,286,127,0
Dade,NEW HOME,Supreme Court Justice, Thompson,,HUGH P. THOMPSON ,175,0,145,29,1
Dade,WEST BROW,Supreme Court Justice, Thompson,,HUGH P. THOMPSON ,235,6,177,52,0
Dade,TRENTON,Supreme Court Justice, Thompson,,HUGH P. THOMPSON ,683,17,301,363,2
Dade,NORTH DADE,Supreme Court Justice, Thompson,,HUGH P. THOMPSON ,338,5,218,114,1
Dade,,Supreme Court Justice, Thompson,,Write-in,4,0,1,3,0
Dade,SOUTH DADE,Supreme Court Justice, Thompson,,Write-in,2,0,0,2,0
Dade,NEW SALEM,Supreme Court Justice, Thompson,,Write-in,0,0,0,0,0
Dade,DAVIS,Supreme Court Justice, Thompson,,Write-in,1,0,1,0,0
Dade,NEW HOME,Supreme Court Justice, Thompson,,Write-in,0,0,0,0,0
Dade,WEST BROW,Supreme Court Justice, Thompson,,Write-in,0,0,0,0,0
Dade,TRENTON,Supreme Court Justice, Thompson,,Write-in,1,0,0,1,0
Dade,NORTH DADE,Supreme Court Justice, Thompson,,Write-in,0,0,0,0,0
Dade,,Appeals Court Judge, Boggs,,MICHAEL P. BOGGS ,2353,39,1494,816,4
Dade,SOUTH DADE,Appeals Court Judge, Boggs,,MICHAEL P. BOGGS ,230,5,147,78,0
Dade,NEW SALEM,Appeals Court Judge, Boggs,,MICHAEL P. BOGGS ,305,2,236,67,0
Dade,DAVIS,Appeals Court Judge, Boggs,,MICHAEL P. BOGGS ,409,2,283,124,0
Dade,NEW HOME,Appeals Court Judge, Boggs,,MICHAEL P. BOGGS ,169,0,137,31,1
Dade,WEST BROW,Appeals Court Judge, Boggs,,MICHAEL P. BOGGS ,230,6,174,50,0
Dade,TRENTON,Appeals Court Judge, Boggs,,MICHAEL P. BOGGS ,680,19,302,357,2
Dade,NORTH DADE,Appeals Court Judge, Boggs,,MICHAEL P. BOGGS ,330,5,215,109,1
Dade,,Appeals Court Judge, Boggs,,Write-in,4,0,1,3,0
Dade,SOUTH DADE,Appeals Court Judge, Boggs,,Write-in,2,0,0,2,0
Dade,NEW SALEM,Appeals Court Judge, Boggs,,Write-in,0,0,0,0,0
Dade,DAVIS,Appeals Court Judge, Boggs,,Write-in,1,0,1,0,0
Dade,NEW HOME,Appeals Court Judge, Boggs,,Write-in,0,0,0,0,0
Dade,WEST BROW,Appeals Court Judge, Boggs,,Write-in,0,0,0,0,0
Dade,TRENTON,Appeals Court Judge, Boggs,,Write-in,1,0,0,1,0
Dade,NORTH DADE,Appeals Court Judge, Boggs,,Write-in,0,0,0,0,0
Dade,,Appeals Court Judge, Dillard,,STEPHEN DILLARD ,2368,40,1505,819,4
Dade,SOUTH DADE,Appeals Court Judge, Dillard,,STEPHEN DILLARD ,234,5,148,81,0
Dade,NEW SALEM,Appeals Court Judge, Dillard,,STEPHEN DILLARD ,306,2,237,67,0
Dade,DAVIS,Appeals Court Judge, Dillard,,STEPHEN DILLARD ,415,3,286,126,0
Dade,NEW HOME,Appeals Court Judge, Dillard,,STEPHEN DILLARD ,173,0,143,29,1
Dade,WEST BROW,Appeals Court Judge, Dillard,,STEPHEN DILLARD ,232,6,176,50,0
Dade,TRENTON,Appeals Court Judge, Dillard,,STEPHEN DILLARD ,679,19,299,359,2
Dade,NORTH DADE,Appeals Court Judge, Dillard,,STEPHEN DILLARD ,329,5,216,107,1
Dade,,Appeals Court Judge, Dillard,,Write-in,3,0,0,3,0
Dade,SOUTH DADE,Appeals Court Judge, Dillard,,Write-in,2,0,0,2,0
Dade,NEW SALEM,Appeals Court Judge, Dillard,,Write-in,0,0,0,0,0
Dade,DAVIS,Appeals Court Judge, Dillard,,Write-in,0,0,0,0,0
Dade,NEW HOME,Appeals Court Judge, Dillard,,Write-in,0,0,0,0,0
Dade,WEST BROW,Appeals Court Judge, Dillard,,Write-in,0,0,0,0,0
Dade,TRENTON,Appeals Court Judge, Dillard,,Write-in,1,0,0,1,0
Dade,NORTH DADE,Appeals Court Judge, Dillard,,Write-in,0,0,0,0,0
Dade,,Appeals Court Judge, Ellington,I,JOHN J. ELLINGTON,2344,39,1490,811,4
Dade,SOUTH DADE,Appeals Court Judge, Ellington,I,JOHN J. ELLINGTON,233,5,148,80,0
Dade,NEW SALEM,Appeals Court Judge, Ellington,I,JOHN J. ELLINGTON,299,2,231,66,0
Dade,DAVIS,Appeals Court Judge, Ellington,I,JOHN J. ELLINGTON,405,2,281,122,0
Dade,NEW HOME,Appeals Court Judge, Ellington,I,JOHN J. ELLINGTON,171,0,141,29,1
Dade,WEST BROW,Appeals Court Judge, Ellington,I,JOHN J. ELLINGTON,234,6,176,52,0
Dade,TRENTON,Appeals Court Judge, Ellington,I,JOHN J. ELLINGTON,679,19,302,356,2
Dade,NORTH DADE,Appeals Court Judge, Ellington,I,JOHN J. ELLINGTON,323,5,211,106,1
Dade,,Appeals Court Judge, Ellington,,Write-in,3,0,0,3,0
Dade,SOUTH DADE,Appeals Court Judge, Ellington,,Write-in,2,0,0,2,0
Dade,NEW SALEM,Appeals Court Judge, Ellington,,Write-in,0,0,0,0,0
Dade,DAVIS,Appeals Court Judge, Ellington,,Write-in,0,0,0,0,0
Dade,NEW HOME,Appeals Court Judge, Ellington,,Write-in,0,0,0,0,0
Dade,WEST BROW,Appeals Court Judge, Ellington,,Write-in,0,0,0,0,0
Dade,TRENTON,Appeals Court Judge, Ellington,,Write-in,1,0,0,1,0
Dade,NORTH DADE,Appeals Court Judge, Ellington,,Write-in,0,0,0,0,0
Dade,,Appeals Court Judge, Miller,,M. YVETTE MILLER ,2318,39,1474,801,4
Dade,SOUTH DADE,Appeals Court Judge, Miller,,M. YVETTE MILLER ,233,5,148,80,0
Dade,NEW SALEM,Appeals Court Judge, Miller,,M. YVETTE MILLER ,298,2,231,65,0
Dade,DAVIS,Appeals Court Judge, Miller,,M. YVETTE MILLER ,400,2,278,120,0
Dade,NEW HOME,Appeals Court Judge, Miller,,M. YVETTE MILLER ,162,0,133,28,1
Dade,WEST BROW,Appeals Court Judge, Miller,,M. YVETTE MILLER ,232,6,175,51,0
Dade,TRENTON,Appeals Court Judge, Miller,,M. YVETTE MILLER ,673,19,298,353,3
Dade,NORTH DADE,Appeals Court Judge, Miller,,M. YVETTE MILLER ,320,5,211,104,0
Dade,,Appeals Court Judge, Miller,,Write-in,5,1,0,4,0
Dade,SOUTH DADE,Appeals Court Judge, Miller,,Write-in,2,0,0,2,0
Dade,NEW SALEM,Appeals Court Judge, Miller,,Write-in,0,0,0,0,0
Dade,DAVIS,Appeals Court Judge, Miller,,Write-in,0,0,0,0,0
Dade,NEW HOME,Appeals Court Judge, Miller,,Write-in,0,0,0,0,0
Dade,WEST BROW,Appeals Court Judge, Miller,,Write-in,0,0,0,0,0
Dade,TRENTON,Appeals Court Judge, Miller,,Write-in,2,1,0,1,0
Dade,NORTH DADE,Appeals Court Judge, Miller,,Write-in,1,0,0,1,0
Dade,,Appeals Court Judge, Phipps,,HERBERT PHIPPS ,2327,41,1475,807,4
Dade,SOUTH DADE,Appeals Court Judge, Phipps,,HERBERT PHIPPS ,229,5,146,78,0
Dade,NEW SALEM,Appeals Court Judge, Phipps,,HERBERT PHIPPS ,296,3,227,66,0
Dade,DAVIS,Appeals Court Judge, Phipps,,HERBERT PHIPPS ,403,3,279,121,0
Dade,NEW HOME,Appeals Court Judge, Phipps,,HERBERT PHIPPS ,163,0,134,28,1
Dade,WEST BROW,Appeals Court Judge, Phipps,,HERBERT PHIPPS ,234,6,176,52,0
Dade,TRENTON,Appeals Court Judge, Phipps,,HERBERT PHIPPS ,678,19,301,355,3
Dade,NORTH DADE,Appeals Court Judge, Phipps,,HERBERT PHIPPS ,324,5,212,107,0
Dade,,Appeals Court Judge, Phipps,,Write-in,4,0,0,4,0
Dade,SOUTH DADE,Appeals Court Judge, Phipps,,Write-in,2,0,0,2,0
Dade,NEW SALEM,Appeals Court Judge, Phipps,,Write-in,0,0,0,0,0
Dade,DAVIS,Appeals Court Judge, Phipps,,Write-in,0,0,0,0,0
Dade,NEW HOME,Appeals Court Judge, Phipps,,Write-in,0,0,0,0,0
Dade,WEST BROW,Appeals Court Judge, Phipps,,Write-in,0,0,0,0,0
Dade,TRENTON,Appeals Court Judge, Phipps,,Write-in,1,0,0,1,0
Dade,NORTH DADE,Appeals Court Judge, Phipps,,Write-in,1,0,0,1,0
Dade,,Superior Court Judge, Lookout Mountain Circuit (Connelly),,KRISTINA GRAHAM ,2477,48,1546,879,4
Dade,SOUTH DADE,Superior Court Judge, Lookout Mountain Circuit (Connelly),,KRISTINA GRAHAM ,243,6,153,84,0
Dade,NEW SALEM,Superior Court Judge, Lookout Mountain Circuit (Connelly),,KRISTINA GRAHAM ,314,2,240,71,1
Dade,DAVIS,Superior Court Judge, Lookout Mountain Circuit (Connelly),,KRISTINA GRAHAM ,434,4,298,132,0
Dade,NEW HOME,Superior Court Judge, Lookout Mountain Circuit (Connelly),,KRISTINA GRAHAM ,170,0,140,29,1
Dade,WEST BROW,Superior Court Judge, Lookout Mountain Circuit (Connelly),,KRISTINA GRAHAM ,238,6,178,54,0
Dade,TRENTON,Superior Court Judge, Lookout Mountain Circuit (Connelly),,KRISTINA GRAHAM ,718,22,311,383,2
Dade,NORTH DADE,Superior Court Judge, Lookout Mountain Circuit (Connelly),,KRISTINA GRAHAM ,360,8,226,126,0
Dade,,Superior Court Judge, Lookout Mountain Circuit (Connelly),,Write-in,11,0,4,6,1
Dade,SOUTH DADE,Superior Court Judge, Lookout Mountain Circuit (Connelly),,Write-in,4,0,1,3,0
Dade,NEW SALEM,Superior Court Judge, Lookout Mountain Circuit (Connelly),,Write-in,2,0,1,1,0
Dade,DAVIS,Superior Court Judge, Lookout Mountain Circuit (Connelly),,Write-in,0,0,0,0,0
Dade,NEW HOME,Superior Court Judge, Lookout Mountain Circuit (Connelly),,Write-in,0,0,0,0,0
Dade,WEST BROW,Superior Court Judge, Lookout Mountain Circuit (Connelly),,Write-in,1,0,1,0,0
Dade,TRENTON,Superior Court Judge, Lookout Mountain Circuit (Connelly),,Write-in,4,0,1,2,1
Dade,NORTH DADE,Superior Court Judge, Lookout Mountain Circuit (Connelly),,Write-in,0,0,0,0,0
Dade,,Superior Court Judge, Lookout Mountain Circuit (House),,BRIAN HOUSE ,2575,50,1593,929,3
Dade,SOUTH DADE,Superior Court Judge, Lookout Mountain Circuit (House),,BRIAN HOUSE ,252,6,156,90,0
Dade,NEW SALEM,Superior Court Judge, Lookout Mountain Circuit (House),,BRIAN HOUSE ,327,2,249,76,0
Dade,DAVIS,Superior Court Judge, Lookout Mountain Circuit (House),,BRIAN HOUSE ,458,5,313,140,0
Dade,NEW HOME,Superior Court Judge, Lookout Mountain Circuit (House),,BRIAN HOUSE ,179,1,149,28,1
Dade,WEST BROW,Superior Court Judge, Lookout Mountain Circuit (House),,BRIAN HOUSE ,254,7,180,67,0
Dade,TRENTON,Superior Court Judge, Lookout Mountain Circuit (House),,BRIAN HOUSE ,749,23,322,402,2
Dade,NORTH DADE,Superior Court Judge, Lookout Mountain Circuit (House),,BRIAN HOUSE ,356,6,224,126,0
Dade,,Superior Court Judge, Lookout Mountain Circuit (House),,Write-in,21,0,9,12,0
Dade,SOUTH DADE,Superior Court Judge, Lookout Mountain Circuit (House),,Write-in,4,0,1,3,0
Dade,NEW SALEM,Superior Court Judge, Lookout Mountain Circuit (House),,Write-in,4,0,2,2,0
Dade,DAVIS,Superior Court Judge, Lookout Mountain Circuit (House),,Write-in,2,0,1,1,0
Dade,NEW HOME,Superior Court Judge, Lookout Mountain Circuit (House),,Write-in,2,0,1,1,0
Dade,WEST BROW,Superior Court Judge, Lookout Mountain Circuit (House),,Write-in,0,0,0,0,0
Dade,TRENTON,Superior Court Judge, Lookout Mountain Circuit (House),,Write-in,7,0,3,4,0
Dade,NORTH DADE,Superior Court Judge, Lookout Mountain Circuit (House),,Write-in,2,0,1,1,0
Dade,,JUDGE, PROBATE COURT,,KERRI BRAY CARTER,1436,25,856,554,1
Dade,SOUTH DADE,JUDGE, PROBATE COURT,,KERRI BRAY CARTER,155,2,95,58,0
Dade,NEW SALEM,JUDGE, PROBATE COURT,,KERRI BRAY CARTER,168,2,121,45,0
Dade,DAVIS,JUDGE, PROBATE COURT,,KERRI BRAY CARTER,269,1,177,91,0
Dade,NEW HOME,JUDGE, PROBATE COURT,,KERRI BRAY CARTER,121,1,102,18,0
Dade,WEST BROW,JUDGE, PROBATE COURT,,KERRI BRAY CARTER,78,1,62,15,0
Dade,TRENTON,JUDGE, PROBATE COURT,,KERRI BRAY CARTER,453,10,190,252,1
Dade,NORTH DADE,JUDGE, PROBATE COURT,,KERRI BRAY CARTER,192,8,109,75,0
Dade,,JUDGE, PROBATE COURT,,DAVID W. DUVALL JR.,1096,28,672,393,3
Dade,SOUTH DADE,JUDGE, PROBATE COURT,,DAVID W. DUVALL JR.,95,0,56,39,0
Dade,NEW SALEM,JUDGE, PROBATE COURT,,DAVID W. DUVALL JR.,134,2,104,27,1
Dade,DAVIS,JUDGE, PROBATE COURT,,DAVID W. DUVALL JR.,199,4,141,54,0
Dade,NEW HOME,JUDGE, PROBATE COURT,,DAVID W. DUVALL JR.,80,1,63,15,1
Dade,WEST BROW,JUDGE, PROBATE COURT,,DAVID W. DUVALL JR.,109,3,69,37,0
Dade,TRENTON,JUDGE, PROBATE COURT,,DAVID W. DUVALL JR.,339,12,150,176,1
Dade,NORTH DADE,JUDGE, PROBATE COURT,,DAVID W. DUVALL JR.,140,6,89,45,0
Dade,,JUDGE, PROBATE COURT,,ROXIE J. THOMPSON,1083,35,661,385,2
Dade,SOUTH DADE,JUDGE, PROBATE COURT,,ROXIE J. THOMPSON,112,5,68,39,0
Dade,NEW SALEM,JUDGE, PROBATE COURT,,ROXIE J. THOMPSON,156,1,116,39,0
Dade,DAVIS,JUDGE, PROBATE COURT,,ROXIE J. THOMPSON,190,4,119,67,0
Dade,NEW HOME,JUDGE, PROBATE COURT,,ROXIE J. THOMPSON,52,0,43,9,0
Dade,WEST BROW,JUDGE, PROBATE COURT,,ROXIE J. THOMPSON,126,7,92,27,0
Dade,TRENTON,JUDGE, PROBATE COURT,,ROXIE J. THOMPSON,264,11,116,136,1
Dade,NORTH DADE,JUDGE, PROBATE COURT,,ROXIE J. THOMPSON,183,7,107,68,1
Dade,,JUDGE, PROBATE COURT,,Write-in,2,0,2,0,0
Dade,SOUTH DADE,JUDGE, PROBATE COURT,,Write-in,1,0,1,0,0
Dade,NEW SALEM,JUDGE, PROBATE COURT,,Write-in,1,0,1,0,0
Dade,DAVIS,JUDGE, PROBATE COURT,,Write-in,0,0,0,0,0
Dade,NEW HOME,JUDGE, PROBATE COURT,,Write-in,0,0,0,0,0
Dade,WEST BROW,JUDGE, PROBATE COURT,,Write-in,0,0,0,0,0
Dade,TRENTON,JUDGE, PROBATE COURT,,Write-in,0,0,0,0,0
Dade,NORTH DADE,JUDGE, PROBATE COURT,,Write-in,0,0,0,0,0
Dade,,CHIEF MAGISTRATE,,,JOEL MCCORMICK ,3053,69,1853,1126,5
Dade,SOUTH DADE,CHIEF MAGISTRATE,,,JOEL MCCORMICK ,310,5,188,117,0
Dade,NEW SALEM,CHIEF MAGISTRATE,,,JOEL MCCORMICK ,395,3,301,90,1
Dade,DAVIS,CHIEF MAGISTRATE,,,JOEL MCCORMICK ,508,6,346,156,0
Dade,NEW HOME,CHIEF MAGISTRATE,,,JOEL MCCORMICK ,213,2,175,35,1
Dade,WEST BROW,CHIEF MAGISTRATE,,,JOEL MCCORMICK ,265,6,190,69,0
Dade,TRENTON,CHIEF MAGISTRATE,,,JOEL MCCORMICK ,915,31,385,496,3
Dade,NORTH DADE,CHIEF MAGISTRATE,,,JOEL MCCORMICK ,447,16,268,163,0
Dade,,CHIEF MAGISTRATE,,,Write-in,22,0,16,6,0
Dade,SOUTH DADE,CHIEF MAGISTRATE,,,Write-in,5,0,3,2,0
Dade,NEW SALEM,CHIEF MAGISTRATE,,,Write-in,1,0,1,0,0
Dade,DAVIS,CHIEF MAGISTRATE,,,Write-in,8,0,7,1,0
Dade,NEW HOME,CHIEF MAGISTRATE,,,Write-in,2,0,2,0,0
Dade,WEST BROW,CHIEF MAGISTRATE,,,Write-in,0,0,0,0,0
Dade,TRENTON,CHIEF MAGISTRATE,,,Write-in,3,0,1,2,0
Dade,NORTH DADE,CHIEF MAGISTRATE,,,Write-in,3,0,2,1,0
Dade,,TSPLOST,,,YES,1835,37,1078,716,4
Dade,SOUTH DADE,TSPLOST,,,YES,166,2,99,65,0
Dade,NEW SALEM,TSPLOST,,,YES,236,1,167,67,1
Dade,DAVIS,TSPLOST,,,YES,325,5,220,100,0
Dade,NEW HOME,TSPLOST,,,YES,123,2,100,21,0
Dade,WEST BROW,TSPLOST,,,YES,142,6,91,45,0
Dade,TRENTON,TSPLOST,,,YES,562,11,241,308,2
Dade,NORTH DADE,TSPLOST,,,YES,281,10,160,110,1
Dade,,TSPLOST,,,NO,1744,45,1097,600,2
Dade,SOUTH DADE,TSPLOST,,,NO,196,5,119,72,0
Dade,NEW SALEM,TSPLOST,,,NO,222,3,175,44,0
Dade,DAVIS,TSPLOST,,,NO,316,3,211,102,0
Dade,NEW HOME,TSPLOST,,,NO,124,0,103,20,1
Dade,WEST BROW,TSPLOST,,,NO,186,4,140,42,0
Dade,TRENTON,TSPLOST,,,NO,464,20,199,244,1
Dade,NORTH DADE,TSPLOST,,,NO,236,10,150,76,0
