county,precinct,office,district,party,candidate,votes,absentee_by_mail,election_day,advance_in_person,provisional
Washington,,"Public Service Commission, District 3",3,REP,CHUCK EATON (I),311,30,193,88,0
Washington,RIDDLEVILLE,"Public Service Commission, District 3",3,REP,CHUCK EATON (I),21,0,15,6,0
Washington,WARTHEN,"Public Service Commission, District 3",3,REP,CHUCK EATON (I),22,0,13,9,0
Washington,TENNILLE,"Public Service Commission, District 3",3,REP,CHUCK EATON (I),42,4,28,10,0
Washington,OCONEE,"Public Service Commission, District 3",3,REP,CHUCK EATON (I),27,4,19,4,0
Washington,HARRISON,"Public Service Commission, District 3",3,REP,CHUCK EATON (I),40,3,26,11,0
Washington,DAVISBORO,"Public Service Commission, District 3",3,REP,CHUCK EATON (I),17,2,13,2,0
Washington,SANDERSVILLE,"Public Service Commission, District 3",3,REP,CHUCK EATON (I),122,17,60,45,0
Washington,DEEPSTEP,"Public Service Commission, District 3",3,REP,CHUCK EATON (I),20,0,19,1,0
Washington,,"Public Service Commission, District 3",3,REP,MATT REID,137,2,81,54,0
Washington,RIDDLEVILLE,"Public Service Commission, District 3",3,REP,MATT REID,9,0,8,1,0
Washington,WARTHEN,"Public Service Commission, District 3",3,REP,MATT REID,9,0,6,3,0
Washington,TENNILLE,"Public Service Commission, District 3",3,REP,MATT REID,22,0,10,12,0
Washington,OCONEE,"Public Service Commission, District 3",3,REP,MATT REID,4,1,3,0,0
Washington,HARRISON,"Public Service Commission, District 3",3,REP,MATT REID,18,0,14,4,0
Washington,DAVISBORO,"Public Service Commission, District 3",3,REP,MATT REID,8,0,6,2,0
Washington,SANDERSVILLE,"Public Service Commission, District 3",3,REP,MATT REID,62,1,29,32,0
Washington,DEEPSTEP,"Public Service Commission, District 3",3,REP,MATT REID,5,0,5,0,0
Washington,,"Public Service Commission, District 3",3,DEM,STEPHEN OPPENHEIMER,3282,203,1847,1221,11
Washington,RIDDLEVILLE,"Public Service Commission, District 3",3,DEM,STEPHEN OPPENHEIMER,143,7,103,32,1
Washington,WARTHEN,"Public Service Commission, District 3",3,DEM,STEPHEN OPPENHEIMER,202,6,160,36,0
Washington,TENNILLE,"Public Service Commission, District 3",3,DEM,STEPHEN OPPENHEIMER,626,29,400,194,3
Washington,OCONEE,"Public Service Commission, District 3",3,DEM,STEPHEN OPPENHEIMER,134,9,79,46,0
Washington,HARRISON,"Public Service Commission, District 3",3,DEM,STEPHEN OPPENHEIMER,202,14,138,48,2
Washington,DAVISBORO,"Public Service Commission, District 3",3,DEM,STEPHEN OPPENHEIMER,190,9,137,41,3
Washington,SANDERSVILLE,"Public Service Commission, District 3",3,DEM,STEPHEN OPPENHEIMER,1649,120,730,797,2
Washington,DEEPSTEP,"Public Service Commission, District 3",3,DEM,STEPHEN OPPENHEIMER,136,9,100,27,0
Washington,,"Public Service Commission, District 5",5,REP,PAM DAVIDSON,159,6,101,52,0
Washington,RIDDLEVILLE,"Public Service Commission, District 5",5,REP,PAM DAVIDSON,10,0,9,1,0
Washington,WARTHEN,"Public Service Commission, District 5",5,REP,PAM DAVIDSON,12,0,5,7,0
Washington,TENNILLE,"Public Service Commission, District 5",5,REP,PAM DAVIDSON,24,0,13,11,0
Washington,OCONEE,"Public Service Commission, District 5",5,REP,PAM DAVIDSON,8,0,7,1,0
Washington,HARRISON,"Public Service Commission, District 5",5,REP,PAM DAVIDSON,20,2,15,3,0
Washington,DAVISBORO,"Public Service Commission, District 5",5,REP,PAM DAVIDSON,10,0,7,3,0
Washington,SANDERSVILLE,"Public Service Commission, District 5",5,REP,PAM DAVIDSON,68,4,38,26,0
Washington,DEEPSTEP,"Public Service Commission, District 5",5,REP,PAM DAVIDSON,7,0,7,0,0
Washington,,"Public Service Commission, District 5",5,REP,STAN WISE (I),284,25,171,88,0
Washington,RIDDLEVILLE,"Public Service Commission, District 5",5,REP,STAN WISE (I),20,0,14,6,0
Washington,WARTHEN,"Public Service Commission, District 5",5,REP,STAN WISE (I),19,0,14,5,0
Washington,TENNILLE,"Public Service Commission, District 5",5,REP,STAN WISE (I),39,3,24,12,0
Washington,OCONEE,"Public Service Commission, District 5",5,REP,STAN WISE (I),24,5,16,3,0
Washington,HARRISON,"Public Service Commission, District 5",5,REP,STAN WISE (I),35,1,23,11,0
Washington,DAVISBORO,"Public Service Commission, District 5",5,REP,STAN WISE (I),16,2,12,2,0
Washington,SANDERSVILLE,"Public Service Commission, District 5",5,REP,STAN WISE (I),113,14,51,48,0
Washington,DEEPSTEP,"Public Service Commission, District 5",5,REP,STAN WISE (I),18,0,17,1,0
Washington,,"U.S. Representative, District 10",10,REP,PAUL C. BROUN (I),368,29,222,117,0
Washington,RIDDLEVILLE,"U.S. Representative, District 10",10,REP,PAUL C. BROUN (I),22,0,17,5,0
Washington,WARTHEN,"U.S. Representative, District 10",10,REP,PAUL C. BROUN (I),27,0,16,11,0
Washington,TENNILLE,"U.S. Representative, District 10",10,REP,PAUL C. BROUN (I),53,4,31,18,0
Washington,OCONEE,"U.S. Representative, District 10",10,REP,PAUL C. BROUN (I),28,5,20,3,0
Washington,HARRISON,"U.S. Representative, District 10",10,REP,PAUL C. BROUN (I),39,2,26,11,0
Washington,DAVISBORO,"U.S. Representative, District 10",10,REP,PAUL C. BROUN (I),20,2,15,3,0
Washington,SANDERSVILLE,"U.S. Representative, District 10",10,REP,PAUL C. BROUN (I),158,16,77,65,0
Washington,DEEPSTEP,"U.S. Representative, District 10",10,REP,PAUL C. BROUN (I),21,0,20,1,0
Washington,,"U.S. Representative, District 10",10,REP,STEPHEN K. SIMPSON,103,2,69,32,0
Washington,RIDDLEVILLE,"U.S. Representative, District 10",10,REP,STEPHEN K. SIMPSON,9,0,7,2,0
Washington,WARTHEN,"U.S. Representative, District 10",10,REP,STEPHEN K. SIMPSON,6,0,5,1,0
Washington,TENNILLE,"U.S. Representative, District 10",10,REP,STEPHEN K. SIMPSON,14,0,8,6,0
Washington,OCONEE,"U.S. Representative, District 10",10,REP,STEPHEN K. SIMPSON,6,0,5,1,0
Washington,HARRISON,"U.S. Representative, District 10",10,REP,STEPHEN K. SIMPSON,21,1,17,3,0
Washington,DAVISBORO,"U.S. Representative, District 10",10,REP,STEPHEN K. SIMPSON,6,0,4,2,0
Washington,SANDERSVILLE,"U.S. Representative, District 10",10,REP,STEPHEN K. SIMPSON,38,1,20,17,0
Washington,DEEPSTEP,"U.S. Representative, District 10",10,REP,STEPHEN K. SIMPSON,3,0,3,0,0
Washington,,"State Senator, District 26",26,REP,BOBBY GALE,407,28,248,131,0
Washington,RIDDLEVILLE,"State Senator, District 26",26,REP,BOBBY GALE,28,0,21,7,0
Washington,WARTHEN,"State Senator, District 26",26,REP,BOBBY GALE,26,0,18,8,0
Washington,TENNILLE,"State Senator, District 26",26,REP,BOBBY GALE,63,3,38,22,0
Washington,OCONEE,"State Senator, District 26",26,REP,BOBBY GALE,29,5,20,4,0
Washington,HARRISON,"State Senator, District 26",26,REP,BOBBY GALE,50,2,33,15,0
Washington,DAVISBORO,"State Senator, District 26",26,REP,BOBBY GALE,21,2,16,3,0
Washington,SANDERSVILLE,"State Senator, District 26",26,REP,BOBBY GALE,168,16,81,71,0
Washington,DEEPSTEP,"State Senator, District 26",26,REP,BOBBY GALE,22,0,21,1,0
Washington,,"State Senator, District 26",26,DEM,DAVID E. LUCAS SR.,1587,64,966,554,3
Washington,RIDDLEVILLE,"State Senator, District 26",26,DEM,DAVID E. LUCAS SR.,74,2,60,12,0
Washington,WARTHEN,"State Senator, District 26",26,DEM,DAVID E. LUCAS SR.,90,1,74,15,0
Washington,TENNILLE,"State Senator, District 26",26,DEM,DAVID E. LUCAS SR.,310,12,206,91,1
Washington,OCONEE,"State Senator, District 26",26,DEM,DAVID E. LUCAS SR.,90,6,51,33,0
Washington,HARRISON,"State Senator, District 26",26,DEM,DAVID E. LUCAS SR.,101,6,75,19,1
Washington,DAVISBORO,"State Senator, District 26",26,DEM,DAVID E. LUCAS SR.,90,3,70,16,1
Washington,SANDERSVILLE,"State Senator, District 26",26,DEM,DAVID E. LUCAS SR.,767,30,381,356,0
Washington,DEEPSTEP,"State Senator, District 26",26,DEM,DAVID E. LUCAS SR.,65,4,49,12,0
Washington,,"State Senator, District 26",26,DEM,IRVIN MARTINEZ,419,28,243,146,2
Washington,RIDDLEVILLE,"State Senator, District 26",26,DEM,IRVIN MARTINEZ,12,0,11,1,0
Washington,WARTHEN,"State Senator, District 26",26,DEM,IRVIN MARTINEZ,17,0,15,2,0
Washington,TENNILLE,"State Senator, District 26",26,DEM,IRVIN MARTINEZ,81,2,52,27,0
Washington,OCONEE,"State Senator, District 26",26,DEM,IRVIN MARTINEZ,22,1,16,5,0
Washington,HARRISON,"State Senator, District 26",26,DEM,IRVIN MARTINEZ,37,7,27,3,0
Washington,DAVISBORO,"State Senator, District 26",26,DEM,IRVIN MARTINEZ,32,1,25,4,2
Washington,SANDERSVILLE,"State Senator, District 26",26,DEM,IRVIN MARTINEZ,200,17,83,100,0
Washington,DEEPSTEP,"State Senator, District 26",26,DEM,IRVIN MARTINEZ,18,0,14,4,0
Washington,,"State Senator, District 26",26,DEM,MIRIAM PARIS (I),2326,177,1268,873,8
Washington,RIDDLEVILLE,"State Senator, District 26",26,DEM,MIRIAM PARIS (I),104,7,71,25,1
Washington,WARTHEN,"State Senator, District 26",26,DEM,MIRIAM PARIS (I),147,5,113,29,0
Washington,TENNILLE,"State Senator, District 26",26,DEM,MIRIAM PARIS (I),422,30,244,146,2
Washington,OCONEE,"State Senator, District 26",26,DEM,MIRIAM PARIS (I),96,6,66,24,0
Washington,HARRISON,"State Senator, District 26",26,DEM,MIRIAM PARIS (I),139,5,98,33,3
Washington,DAVISBORO,"State Senator, District 26",26,DEM,MIRIAM PARIS (I),127,16,86,25,0
Washington,SANDERSVILLE,"State Senator, District 26",26,DEM,MIRIAM PARIS (I),1200,102,522,574,2
Washington,DEEPSTEP,"State Senator, District 26",26,DEM,MIRIAM PARIS (I),91,6,68,17,0
Washington,,"State Representative, District 128",128,DEM,MACK JACKSON (I),4475,252,2507,1705,11
Washington,RIDDLEVILLE,"State Representative, District 128",128,DEM,MACK JACKSON (I),201,9,144,47,1
Washington,WARTHEN,"State Representative, District 128",128,DEM,MACK JACKSON (I),273,7,216,50,0
Washington,TENNILLE,"State Representative, District 128",128,DEM,MACK JACKSON (I),874,41,541,289,3
Washington,OCONEE,"State Representative, District 128",128,DEM,MACK JACKSON (I),182,11,107,64,0
Washington,HARRISON,"State Representative, District 128",128,DEM,MACK JACKSON (I),264,15,192,54,3
Washington,DAVISBORO,"State Representative, District 128",128,DEM,MACK JACKSON (I),243,10,183,48,2
Washington,SANDERSVILLE,"State Representative, District 128",128,DEM,MACK JACKSON (I),2283,149,1009,1123,2
Washington,DEEPSTEP,"State Representative, District 128",128,DEM,MACK JACKSON (I),155,10,115,30,0
Washington,,"District Attorney, Middle Circuit", Middle Circuit - DEM,DEM,HAYWARD ALTMAN,3308,220,1833,1244,11
Washington,RIDDLEVILLE,"District Attorney, Middle Circuit", Middle Circuit - DEM,DEM,HAYWARD ALTMAN,151,8,105,37,1
Washington,WARTHEN,"District Attorney, Middle Circuit", Middle Circuit - DEM,DEM,HAYWARD ALTMAN,206,6,163,37,0
Washington,TENNILLE,"District Attorney, Middle Circuit", Middle Circuit - DEM,DEM,HAYWARD ALTMAN,625,36,385,201,3
Washington,OCONEE,"District Attorney, Middle Circuit", Middle Circuit - DEM,DEM,HAYWARD ALTMAN,135,9,76,50,0
Washington,HARRISON,"District Attorney, Middle Circuit", Middle Circuit - DEM,DEM,HAYWARD ALTMAN,201,11,144,44,2
Washington,DAVISBORO,"District Attorney, Middle Circuit", Middle Circuit - DEM,DEM,HAYWARD ALTMAN,187,10,135,39,3
Washington,SANDERSVILLE,"District Attorney, Middle Circuit", Middle Circuit - DEM,DEM,HAYWARD ALTMAN,1666,129,724,811,2
Washington,DEEPSTEP,"District Attorney, Middle Circuit", Middle Circuit - DEM,DEM,HAYWARD ALTMAN,137,11,101,25,0
Washington,,Probate Judge,,,SALLIE T. JONES ,2197,158,1250,783,6
Washington,RIDDLEVILLE,Probate Judge,,,SALLIE T. JONES ,53,5,36,11,1
Washington,WARTHEN,Probate Judge,,,SALLIE T. JONES ,144,0,116,28,0
Washington,TENNILLE,Probate Judge,,,SALLIE T. JONES ,434,21,292,120,1
Washington,OCONEE,Probate Judge,,,SALLIE T. JONES ,103,8,56,39,0
Washington,HARRISON,Probate Judge,,,SALLIE T. JONES ,119,11,82,23,3
Washington,DAVISBORO,Probate Judge,,,SALLIE T. JONES ,105,10,78,17,0
Washington,SANDERSVILLE,Probate Judge,,,SALLIE T. JONES ,1186,100,548,537,1
Washington,DEEPSTEP,Probate Judge,,,SALLIE T. JONES ,53,3,42,8,0
Washington,,Probate Judge,,,RUSSELL SHEPPARD ,3148,156,1742,1240,10
Washington,RIDDLEVILLE,Probate Judge,,,RUSSELL SHEPPARD ,194,5,141,48,0
Washington,WARTHEN,Probate Judge,,,RUSSELL SHEPPARD ,200,7,154,39,0
Washington,TENNILLE,Probate Judge,,,RUSSELL SHEPPARD ,564,28,322,212,2
Washington,OCONEE,Probate Judge,,,RUSSELL SHEPPARD ,136,6,95,35,0
Washington,HARRISON,Probate Judge,,,RUSSELL SHEPPARD ,218,11,158,48,1
Washington,DAVISBORO,Probate Judge,,,RUSSELL SHEPPARD ,203,13,142,43,5
Washington,SANDERSVILLE,Probate Judge,,,RUSSELL SHEPPARD ,1467,76,608,782,1
Washington,DEEPSTEP,Probate Judge,,,RUSSELL SHEPPARD ,166,10,122,33,1
Washington,,Superior Court Clerk,,,JOY CONNER ,4120,249,2272,1588,11
Washington,RIDDLEVILLE,Superior Court Clerk,,,JOY CONNER ,197,9,135,53,0
Washington,WARTHEN,Superior Court Clerk,,,JOY CONNER ,240,7,182,51,0
Washington,TENNILLE,Superior Court Clerk,,,JOY CONNER ,796,44,491,258,3
Washington,OCONEE,Superior Court Clerk,,,JOY CONNER ,179,10,109,60,0
Washington,HARRISON,Superior Court Clerk,,,JOY CONNER ,266,17,182,64,3
Washington,DAVISBORO,Superior Court Clerk,,,JOY CONNER ,229,10,164,52,3
Washington,SANDERSVILLE,Superior Court Clerk,,,JOY CONNER ,2035,142,878,1013,2
Washington,DEEPSTEP,Superior Court Clerk,,,JOY CONNER ,178,10,131,37,0
Washington,,Sheriff,,,CALVIN HATCHER,1878,112,1044,715,7
Washington,RIDDLEVILLE,Sheriff,,,CALVIN HATCHER,62,2,44,15,1
Washington,WARTHEN,Sheriff,,,CALVIN HATCHER,103,1,74,28,0
Washington,TENNILLE,Sheriff,,,CALVIN HATCHER,321,6,203,112,0
Washington,OCONEE,Sheriff,,,CALVIN HATCHER,94,9,49,36,0
Washington,HARRISON,Sheriff,,,CALVIN HATCHER,104,7,74,20,3
Washington,DAVISBORO,Sheriff,,,CALVIN HATCHER,108,12,73,21,2
Washington,SANDERSVILLE,Sheriff,,,CALVIN HATCHER,1034,74,487,472,1
Washington,DEEPSTEP,Sheriff,,,CALVIN HATCHER,52,1,40,11,0
Washington,,Sheriff,,,THOMAS H. SMITH ,3743,215,2139,1380,9
Washington,RIDDLEVILLE,Sheriff,,,THOMAS H. SMITH ,201,8,148,45,0
Washington,WARTHEN,Sheriff,,,THOMAS H. SMITH ,249,7,201,41,0
Washington,TENNILLE,Sheriff,,,THOMAS H. SMITH ,738,53,449,233,3
Washington,OCONEE,Sheriff,,,THOMAS H. SMITH ,165,5,118,42,0
Washington,HARRISON,Sheriff,,,THOMAS H. SMITH ,250,15,179,55,1
Washington,DAVISBORO,Sheriff,,,THOMAS H. SMITH ,235,11,179,42,3
Washington,SANDERSVILLE,Sheriff,,,THOMAS H. SMITH ,1733,104,737,891,1
Washington,DEEPSTEP,Sheriff,,,THOMAS H. SMITH ,172,12,128,31,1
Washington,,Tax Commissioner,,,CONNIE TAPLEY ,4145,251,2302,1579,13
Washington,RIDDLEVILLE,Tax Commissioner,,,CONNIE TAPLEY ,199,8,143,47,1
Washington,WARTHEN,Tax Commissioner,,,CONNIE TAPLEY ,257,8,194,55,0
Washington,TENNILLE,Tax Commissioner,,,CONNIE TAPLEY ,769,42,474,250,3
Washington,OCONEE,Tax Commissioner,,,CONNIE TAPLEY ,185,11,114,60,0
Washington,HARRISON,Tax Commissioner,,,CONNIE TAPLEY ,257,16,178,60,3
Washington,DAVISBORO,Tax Commissioner,,,CONNIE TAPLEY ,242,11,179,48,4
Washington,SANDERSVILLE,Tax Commissioner,,,CONNIE TAPLEY ,2067,146,896,1023,2
Washington,DEEPSTEP,Tax Commissioner,,,CONNIE TAPLEY ,169,9,124,36,0
Washington,,Coroner,,,E. K. MAY ,3592,181,2024,1375,12
Washington,RIDDLEVILLE,Coroner,,,E. K. MAY ,196,8,142,45,1
Washington,WARTHEN,Coroner,,,E. K. MAY ,236,7,178,51,0
Washington,TENNILLE,Coroner,,,E. K. MAY ,694,32,419,242,1
Washington,OCONEE,Coroner,,,E. K. MAY ,170,7,125,38,0
Washington,HARRISON,Coroner,,,E. K. MAY ,254,17,180,55,2
Washington,DAVISBORO,Coroner,,,E. K. MAY ,222,11,161,45,5
Washington,SANDERSVILLE,Coroner,,,E. K. MAY ,1648,87,691,868,2
Washington,DEEPSTEP,Coroner,,,E. K. MAY ,172,12,128,31,1
Washington,,Coroner,,,HENRY TANNER,1829,142,1013,670,4
Washington,RIDDLEVILLE,Coroner,,,HENRY TANNER,54,2,40,12,0
Washington,WARTHEN,Coroner,,,HENRY TANNER,105,1,88,16,0
Washington,TENNILLE,Coroner,,,HENRY TANNER,335,25,210,98,2
Washington,OCONEE,Coroner,,,HENRY TANNER,77,7,31,39,0
Washington,HARRISON,Coroner,,,HENRY TANNER,76,5,51,18,2
Washington,DAVISBORO,Coroner,,,HENRY TANNER,92,10,65,17,0
Washington,SANDERSVILLE,Coroner,,,HENRY TANNER,1041,91,491,459,0
Washington,DEEPSTEP,Coroner,,,HENRY TANNER,49,1,37,11,0
Washington,,Chief Magistrate,,,CHRIS A. KEVERN,2293,94,1313,879,7
Washington,RIDDLEVILLE,Chief Magistrate,,,CHRIS A. KEVERN,94,4,61,28,1
Washington,WARTHEN,Chief Magistrate,,,CHRIS A. KEVERN,111,2,80,29,0
Washington,TENNILLE,Chief Magistrate,,,CHRIS A. KEVERN,439,14,279,144,2
Washington,OCONEE,Chief Magistrate,,,CHRIS A. KEVERN,126,9,78,39,0
Washington,HARRISON,Chief Magistrate,,,CHRIS A. KEVERN,120,8,85,27,0
Washington,DAVISBORO,Chief Magistrate,,,CHRIS A. KEVERN,114,8,80,24,2
Washington,SANDERSVILLE,Chief Magistrate,,,CHRIS A. KEVERN,1191,44,576,569,2
Washington,DEEPSTEP,Chief Magistrate,,,CHRIS A. KEVERN,98,5,74,19,0
Washington,,Chief Magistrate,,,RALPH TODD ,2978,222,1637,1110,9
Washington,RIDDLEVILLE,Chief Magistrate,,,RALPH TODD ,143,6,107,30,0
Washington,WARTHEN,Chief Magistrate,,,RALPH TODD ,212,6,170,36,0
Washington,TENNILLE,Chief Magistrate,,,RALPH TODD ,558,43,332,182,1
Washington,OCONEE,Chief Magistrate,,,RALPH TODD ,105,5,68,32,0
Washington,HARRISON,Chief Magistrate,,,RALPH TODD ,204,14,142,44,4
Washington,DAVISBORO,Chief Magistrate,,,RALPH TODD ,192,12,142,35,3
Washington,SANDERSVILLE,Chief Magistrate,,,RALPH TODD ,1444,128,588,728,0
Washington,DEEPSTEP,Chief Magistrate,,,RALPH TODD ,120,8,88,23,1
Washington,,Solicitor,,,ROBERT WYNNE ,3871,238,2129,1493,11
Washington,RIDDLEVILLE,Solicitor,,,ROBERT WYNNE ,187,8,131,47,1
Washington,WARTHEN,Solicitor,,,ROBERT WYNNE ,231,7,181,43,0
Washington,TENNILLE,Solicitor,,,ROBERT WYNNE ,722,41,437,241,3
Washington,OCONEE,Solicitor,,,ROBERT WYNNE ,172,13,103,56,0
Washington,HARRISON,Solicitor,,,ROBERT WYNNE ,234,16,160,56,2
Washington,DAVISBORO,Solicitor,,,ROBERT WYNNE ,222,9,163,46,4
Washington,SANDERSVILLE,Solicitor,,,ROBERT WYNNE ,1942,134,837,970,1
Washington,DEEPSTEP,Solicitor,,,ROBERT WYNNE ,161,10,117,34,0
Washington,,Republican Party Question 1<br>Should Georgia have casino gambling with funds going to education?,,REP,YES,243,10,156,77,0
Washington,RIDDLEVILLE,Republican Party Question 1<br>Should Georgia have casino gambling with funds going to education?,,REP,YES,12,0,10,2,0
Washington,WARTHEN,Republican Party Question 1<br>Should Georgia have casino gambling with funds going to education?,,REP,YES,15,0,11,4,0
Washington,TENNILLE,Republican Party Question 1<br>Should Georgia have casino gambling with funds going to education?,,REP,YES,38,2,22,14,0
Washington,OCONEE,Republican Party Question 1<br>Should Georgia have casino gambling with funds going to education?,,REP,YES,22,2,17,3,0
Washington,HARRISON,Republican Party Question 1<br>Should Georgia have casino gambling with funds going to education?,,REP,YES,29,1,19,9,0
Washington,DAVISBORO,Republican Party Question 1<br>Should Georgia have casino gambling with funds going to education?,,REP,YES,16,0,12,4,0
Washington,SANDERSVILLE,Republican Party Question 1<br>Should Georgia have casino gambling with funds going to education?,,REP,YES,101,5,56,40,0
Washington,DEEPSTEP,Republican Party Question 1<br>Should Georgia have casino gambling with funds going to education?,,REP,YES,10,0,9,1,0
Washington,,Republican Party Question 1<br>Should Georgia have casino gambling with funds going to education?,,REP,NO,261,23,158,80,0
Washington,RIDDLEVILLE,Republican Party Question 1<br>Should Georgia have casino gambling with funds going to education?,,REP,NO,19,0,14,5,0
Washington,WARTHEN,Republican Party Question 1<br>Should Georgia have casino gambling with funds going to education?,,REP,NO,22,0,13,9,0
Washington,TENNILLE,Republican Party Question 1<br>Should Georgia have casino gambling with funds going to education?,,REP,NO,36,2,22,12,0
Washington,OCONEE,Republican Party Question 1<br>Should Georgia have casino gambling with funds going to education?,,REP,NO,13,3,9,1,0
Washington,HARRISON,Republican Party Question 1<br>Should Georgia have casino gambling with funds going to education?,,REP,NO,35,3,26,6,0
Washington,DAVISBORO,Republican Party Question 1<br>Should Georgia have casino gambling with funds going to education?,,REP,NO,10,2,7,1,0
Washington,SANDERSVILLE,Republican Party Question 1<br>Should Georgia have casino gambling with funds going to education?,,REP,NO,112,13,53,46,0
Washington,DEEPSTEP,Republican Party Question 1<br>Should Georgia have casino gambling with funds going to education?,,REP,NO,14,0,14,0,0
Washington,,Republican Party Question 2<br>Do you support ending the current practice of unlimited gifts from lobbyists to state legislators by imposing a $100 cap on such gifts?,,REP,YES,391,29,246,116,0
Washington,RIDDLEVILLE,Republican Party Question 2<br>Do you support ending the current practice of unlimited gifts from lobbyists to state legislators by imposing a $100 cap on such gifts?,,REP,YES,22,0,18,4,0
Washington,WARTHEN,Republican Party Question 2<br>Do you support ending the current practice of unlimited gifts from lobbyists to state legislators by imposing a $100 cap on such gifts?,,REP,YES,28,0,17,11,0
Washington,TENNILLE,Republican Party Question 2<br>Do you support ending the current practice of unlimited gifts from lobbyists to state legislators by imposing a $100 cap on such gifts?,,REP,YES,52,4,30,18,0
Washington,OCONEE,Republican Party Question 2<br>Do you support ending the current practice of unlimited gifts from lobbyists to state legislators by imposing a $100 cap on such gifts?,,REP,YES,28,5,20,3,0
Washington,HARRISON,Republican Party Question 2<br>Do you support ending the current practice of unlimited gifts from lobbyists to state legislators by imposing a $100 cap on such gifts?,,REP,YES,57,3,41,13,0
Washington,DAVISBORO,Republican Party Question 2<br>Do you support ending the current practice of unlimited gifts from lobbyists to state legislators by imposing a $100 cap on such gifts?,,REP,YES,23,1,17,5,0
Washington,SANDERSVILLE,Republican Party Question 2<br>Do you support ending the current practice of unlimited gifts from lobbyists to state legislators by imposing a $100 cap on such gifts?,,REP,YES,161,16,84,61,0
Washington,DEEPSTEP,Republican Party Question 2<br>Do you support ending the current practice of unlimited gifts from lobbyists to state legislators by imposing a $100 cap on such gifts?,,REP,YES,20,0,19,1,0
Washington,,Republican Party Question 2<br>Do you support ending the current practice of unlimited gifts from lobbyists to state legislators by imposing a $100 cap on such gifts?,,REP,NO,107,4,62,41,0
Washington,RIDDLEVILLE,Republican Party Question 2<br>Do you support ending the current practice of unlimited gifts from lobbyists to state legislators by imposing a $100 cap on such gifts?,,REP,NO,9,0,6,3,0
Washington,WARTHEN,Republican Party Question 2<br>Do you support ending the current practice of unlimited gifts from lobbyists to state legislators by imposing a $100 cap on such gifts?,,REP,NO,8,0,6,2,0
Washington,TENNILLE,Republican Party Question 2<br>Do you support ending the current practice of unlimited gifts from lobbyists to state legislators by imposing a $100 cap on such gifts?,,REP,NO,20,0,13,7,0
Washington,OCONEE,Republican Party Question 2<br>Do you support ending the current practice of unlimited gifts from lobbyists to state legislators by imposing a $100 cap on such gifts?,,REP,NO,7,0,6,1,0
Washington,HARRISON,Republican Party Question 2<br>Do you support ending the current practice of unlimited gifts from lobbyists to state legislators by imposing a $100 cap on such gifts?,,REP,NO,6,1,3,2,0
Washington,DAVISBORO,Republican Party Question 2<br>Do you support ending the current practice of unlimited gifts from lobbyists to state legislators by imposing a $100 cap on such gifts?,,REP,NO,3,1,2,0,0
Washington,SANDERSVILLE,Republican Party Question 2<br>Do you support ending the current practice of unlimited gifts from lobbyists to state legislators by imposing a $100 cap on such gifts?,,REP,NO,50,2,22,26,0
Washington,DEEPSTEP,Republican Party Question 2<br>Do you support ending the current practice of unlimited gifts from lobbyists to state legislators by imposing a $100 cap on such gifts?,,REP,NO,4,0,4,0,0
Washington,,Republican Party Question 3<br>Should active duty military personnel who are under the age of 21 be allowed to obtain a Georgia weapons license?,,REP,YES,350,19,222,109,0
Washington,RIDDLEVILLE,Republican Party Question 3<br>Should active duty military personnel who are under the age of 21 be allowed to obtain a Georgia weapons license?,,REP,YES,19,0,15,4,0
Washington,WARTHEN,Republican Party Question 3<br>Should active duty military personnel who are under the age of 21 be allowed to obtain a Georgia weapons license?,,REP,YES,27,0,18,9,0
Washington,TENNILLE,Republican Party Question 3<br>Should active duty military personnel who are under the age of 21 be allowed to obtain a Georgia weapons license?,,REP,YES,52,2,31,19,0
Washington,OCONEE,Republican Party Question 3<br>Should active duty military personnel who are under the age of 21 be allowed to obtain a Georgia weapons license?,,REP,YES,21,2,16,3,0
Washington,HARRISON,Republican Party Question 3<br>Should active duty military personnel who are under the age of 21 be allowed to obtain a Georgia weapons license?,,REP,YES,48,4,33,11,0
Washington,DAVISBORO,Republican Party Question 3<br>Should active duty military personnel who are under the age of 21 be allowed to obtain a Georgia weapons license?,,REP,YES,16,1,13,2,0
Washington,SANDERSVILLE,Republican Party Question 3<br>Should active duty military personnel who are under the age of 21 be allowed to obtain a Georgia weapons license?,,REP,YES,148,10,78,60,0
Washington,DEEPSTEP,Republican Party Question 3<br>Should active duty military personnel who are under the age of 21 be allowed to obtain a Georgia weapons license?,,REP,YES,19,0,18,1,0
Washington,,Republican Party Question 3<br>Should active duty military personnel who are under the age of 21 be allowed to obtain a Georgia weapons license?,,REP,NO,150,14,90,46,0
Washington,RIDDLEVILLE,Republican Party Question 3<br>Should active duty military personnel who are under the age of 21 be allowed to obtain a Georgia weapons license?,,REP,NO,12,0,9,3,0
Washington,WARTHEN,Republican Party Question 3<br>Should active duty military personnel who are under the age of 21 be allowed to obtain a Georgia weapons license?,,REP,NO,8,0,5,3,0
Washington,TENNILLE,Republican Party Question 3<br>Should active duty military personnel who are under the age of 21 be allowed to obtain a Georgia weapons license?,,REP,NO,22,2,13,7,0
Washington,OCONEE,Republican Party Question 3<br>Should active duty military personnel who are under the age of 21 be allowed to obtain a Georgia weapons license?,,REP,NO,14,3,10,1,0
Washington,HARRISON,Republican Party Question 3<br>Should active duty military personnel who are under the age of 21 be allowed to obtain a Georgia weapons license?,,REP,NO,14,0,12,2,0
Washington,DAVISBORO,Republican Party Question 3<br>Should active duty military personnel who are under the age of 21 be allowed to obtain a Georgia weapons license?,,REP,NO,10,1,6,3,0
Washington,SANDERSVILLE,Republican Party Question 3<br>Should active duty military personnel who are under the age of 21 be allowed to obtain a Georgia weapons license?,,REP,NO,65,8,30,27,0
Washington,DEEPSTEP,Republican Party Question 3<br>Should active duty military personnel who are under the age of 21 be allowed to obtain a Georgia weapons license?,,REP,NO,5,0,5,0,0
Washington,,Republican Party Question 4<br>Should Citizens who wish to vote in a primary election be required to register by their political party affiliation at least thirty (30) days prior to such primary election?,,REP,YES,223,18,128,77,0
Washington,RIDDLEVILLE,Republican Party Question 4<br>Should Citizens who wish to vote in a primary election be required to register by their political party affiliation at least thirty (30) days prior to such primary election?,,REP,YES,20,0,14,6,0
Washington,WARTHEN,Republican Party Question 4<br>Should Citizens who wish to vote in a primary election be required to register by their political party affiliation at least thirty (30) days prior to such primary election?,,REP,YES,20,0,14,6,0
Washington,TENNILLE,Republican Party Question 4<br>Should Citizens who wish to vote in a primary election be required to register by their political party affiliation at least thirty (30) days prior to such primary election?,,REP,YES,27,2,13,12,0
Washington,OCONEE,Republican Party Question 4<br>Should Citizens who wish to vote in a primary election be required to register by their political party affiliation at least thirty (30) days prior to such primary election?,,REP,YES,23,3,18,2,0
Washington,HARRISON,Republican Party Question 4<br>Should Citizens who wish to vote in a primary election be required to register by their political party affiliation at least thirty (30) days prior to such primary election?,,REP,YES,22,3,12,7,0
Washington,DAVISBORO,Republican Party Question 4<br>Should Citizens who wish to vote in a primary election be required to register by their political party affiliation at least thirty (30) days prior to such primary election?,,REP,YES,7,1,3,3,0
Washington,SANDERSVILLE,Republican Party Question 4<br>Should Citizens who wish to vote in a primary election be required to register by their political party affiliation at least thirty (30) days prior to such primary election?,,REP,YES,96,9,46,41,0
Washington,DEEPSTEP,Republican Party Question 4<br>Should Citizens who wish to vote in a primary election be required to register by their political party affiliation at least thirty (30) days prior to such primary election?,,REP,YES,8,0,8,0,0
Washington,,Republican Party Question 4<br>Should Citizens who wish to vote in a primary election be required to register by their political party affiliation at least thirty (30) days prior to such primary election?,,REP,NO,270,15,177,78,0
Washington,RIDDLEVILLE,Republican Party Question 4<br>Should Citizens who wish to vote in a primary election be required to register by their political party affiliation at least thirty (30) days prior to such primary election?,,REP,NO,10,0,9,1,0
Washington,WARTHEN,Republican Party Question 4<br>Should Citizens who wish to vote in a primary election be required to register by their political party affiliation at least thirty (30) days prior to such primary election?,,REP,NO,13,0,9,4,0
Washington,TENNILLE,Republican Party Question 4<br>Should Citizens who wish to vote in a primary election be required to register by their political party affiliation at least thirty (30) days prior to such primary election?,,REP,NO,45,2,29,14,0
Washington,OCONEE,Republican Party Question 4<br>Should Citizens who wish to vote in a primary election be required to register by their political party affiliation at least thirty (30) days prior to such primary election?,,REP,NO,12,2,8,2,0
Washington,HARRISON,Republican Party Question 4<br>Should Citizens who wish to vote in a primary election be required to register by their political party affiliation at least thirty (30) days prior to such primary election?,,REP,NO,41,1,32,8,0
Washington,DAVISBORO,Republican Party Question 4<br>Should Citizens who wish to vote in a primary election be required to register by their political party affiliation at least thirty (30) days prior to such primary election?,,REP,NO,19,1,16,2,0
Washington,SANDERSVILLE,Republican Party Question 4<br>Should Citizens who wish to vote in a primary election be required to register by their political party affiliation at least thirty (30) days prior to such primary election?,,REP,NO,115,9,60,46,0
Washington,DEEPSTEP,Republican Party Question 4<br>Should Citizens who wish to vote in a primary election be required to register by their political party affiliation at least thirty (30) days prior to such primary election?,,REP,NO,15,0,14,1,0
Washington,,Republican Party Question 5 <br>Life Amendment Question,,REP,YES,362,23,225,114,0
Washington,RIDDLEVILLE,Republican Party Question 5 <br>Life Amendment Question,,REP,YES,24,0,19,5,0
Washington,WARTHEN,Republican Party Question 5 <br>Life Amendment Question,,REP,YES,29,0,18,11,0
Washington,TENNILLE,Republican Party Question 5 <br>Life Amendment Question,,REP,YES,50,3,29,18,0
Washington,OCONEE,Republican Party Question 5 <br>Life Amendment Question,,REP,YES,23,2,19,2,0
Washington,HARRISON,Republican Party Question 5 <br>Life Amendment Question,,REP,YES,49,2,36,11,0
Washington,DAVISBORO,Republican Party Question 5 <br>Life Amendment Question,,REP,YES,19,1,15,3,0
Washington,SANDERSVILLE,Republican Party Question 5 <br>Life Amendment Question,,REP,YES,151,15,72,64,0
Washington,DEEPSTEP,Republican Party Question 5 <br>Life Amendment Question,,REP,YES,17,0,17,0,0
Washington,,Republican Party Question 5 <br>Life Amendment Question,,REP,NO,119,7,71,41,0
Washington,RIDDLEVILLE,Republican Party Question 5 <br>Life Amendment Question,,REP,NO,6,0,4,2,0
Washington,WARTHEN,Republican Party Question 5 <br>Life Amendment Question,,REP,NO,7,0,5,2,0
Washington,TENNILLE,Republican Party Question 5 <br>Life Amendment Question,,REP,NO,21,1,12,8,0
Washington,OCONEE,Republican Party Question 5 <br>Life Amendment Question,,REP,NO,10,3,5,2,0
Washington,HARRISON,Republican Party Question 5 <br>Life Amendment Question,,REP,NO,12,1,7,4,0
Washington,DAVISBORO,Republican Party Question 5 <br>Life Amendment Question,,REP,NO,5,0,3,2,0
Washington,SANDERSVILLE,Republican Party Question 5 <br>Life Amendment Question,,REP,NO,51,2,29,20,0
Washington,DEEPSTEP,Republican Party Question 5 <br>Life Amendment Question,,REP,NO,7,0,6,1,0
Washington,,Democratic Party Question 1<br>Should the Georgia Constitution be amended to allow the state to override locally-elected school boards’ decisions when it comes to the creation of charter schools in your county or city?,,DEM,YES,1997,106,1111,772,8
Washington,RIDDLEVILLE,Democratic Party Question 1<br>Should the Georgia Constitution be amended to allow the state to override locally-elected school boards’ decisions when it comes to the creation of charter schools in your county or city?,,DEM,YES,72,2,47,22,1
Washington,WARTHEN,Democratic Party Question 1<br>Should the Georgia Constitution be amended to allow the state to override locally-elected school boards’ decisions when it comes to the creation of charter schools in your county or city?,,DEM,YES,115,4,88,23,0
Washington,TENNILLE,Democratic Party Question 1<br>Should the Georgia Constitution be amended to allow the state to override locally-elected school boards’ decisions when it comes to the creation of charter schools in your county or city?,,DEM,YES,384,18,236,129,1
Washington,OCONEE,Democratic Party Question 1<br>Should the Georgia Constitution be amended to allow the state to override locally-elected school boards’ decisions when it comes to the creation of charter schools in your county or city?,,DEM,YES,95,8,56,31,0
Washington,HARRISON,Democratic Party Question 1<br>Should the Georgia Constitution be amended to allow the state to override locally-elected school boards’ decisions when it comes to the creation of charter schools in your county or city?,,DEM,YES,111,7,77,26,1
Washington,DAVISBORO,Democratic Party Question 1<br>Should the Georgia Constitution be amended to allow the state to override locally-elected school boards’ decisions when it comes to the creation of charter schools in your county or city?,,DEM,YES,121,6,87,25,3
Washington,SANDERSVILLE,Democratic Party Question 1<br>Should the Georgia Constitution be amended to allow the state to override locally-elected school boards’ decisions when it comes to the creation of charter schools in your county or city?,,DEM,YES,1022,60,460,501,1
Washington,DEEPSTEP,Democratic Party Question 1<br>Should the Georgia Constitution be amended to allow the state to override locally-elected school boards’ decisions when it comes to the creation of charter schools in your county or city?,,DEM,YES,77,1,60,15,1
Washington,,Democratic Party Question 1<br>Should the Georgia Constitution be amended to allow the state to override locally-elected school boards’ decisions when it comes to the creation of charter schools in your county or city?,,DEM,NO,2936,170,1686,1073,7
Washington,RIDDLEVILLE,Democratic Party Question 1<br>Should the Georgia Constitution be amended to allow the state to override locally-elected school boards’ decisions when it comes to the creation of charter schools in your county or city?,,DEM,NO,160,7,117,36,0
Washington,WARTHEN,Democratic Party Question 1<br>Should the Georgia Constitution be amended to allow the state to override locally-elected school boards’ decisions when it comes to the creation of charter schools in your county or city?,,DEM,NO,188,4,145,39,0
Washington,TENNILLE,Democratic Party Question 1<br>Should the Georgia Constitution be amended to allow the state to override locally-elected school boards’ decisions when it comes to the creation of charter schools in your county or city?,,DEM,NO,549,24,344,179,2
Washington,OCONEE,Democratic Party Question 1<br>Should the Georgia Constitution be amended to allow the state to override locally-elected school boards’ decisions when it comes to the creation of charter schools in your county or city?,,DEM,NO,122,4,82,36,0
Washington,HARRISON,Democratic Party Question 1<br>Should the Georgia Constitution be amended to allow the state to override locally-elected school boards’ decisions when it comes to the creation of charter schools in your county or city?,,DEM,NO,197,13,137,45,2
Washington,DAVISBORO,Democratic Party Question 1<br>Should the Georgia Constitution be amended to allow the state to override locally-elected school boards’ decisions when it comes to the creation of charter schools in your county or city?,,DEM,NO,170,14,121,33,2
Washington,SANDERSVILLE,Democratic Party Question 1<br>Should the Georgia Constitution be amended to allow the state to override locally-elected school boards’ decisions when it comes to the creation of charter schools in your county or city?,,DEM,NO,1417,94,642,680,1
Washington,DEEPSTEP,Democratic Party Question 1<br>Should the Georgia Constitution be amended to allow the state to override locally-elected school boards’ decisions when it comes to the creation of charter schools in your county or city?,,DEM,NO,133,10,98,25,0
Washington,,Democratic Party Question 2<br>Do you support ending current practice permitting unlimited gifts from lobbyists to state legislators?,,DEM,YES,3097,200,1700,1188,9
Washington,RIDDLEVILLE,Democratic Party Question 2<br>Do you support ending current practice permitting unlimited gifts from lobbyists to state legislators?,,DEM,YES,145,4,104,37,0
Washington,WARTHEN,Democratic Party Question 2<br>Do you support ending current practice permitting unlimited gifts from lobbyists to state legislators?,,DEM,YES,194,2,151,41,0
Washington,TENNILLE,Democratic Party Question 2<br>Do you support ending current practice permitting unlimited gifts from lobbyists to state legislators?,,DEM,YES,569,36,335,195,3
Washington,OCONEE,Democratic Party Question 2<br>Do you support ending current practice permitting unlimited gifts from lobbyists to state legislators?,,DEM,YES,124,5,75,44,0
Washington,HARRISON,Democratic Party Question 2<br>Do you support ending current practice permitting unlimited gifts from lobbyists to state legislators?,,DEM,YES,203,14,144,44,1
Washington,DAVISBORO,Democratic Party Question 2<br>Do you support ending current practice permitting unlimited gifts from lobbyists to state legislators?,,DEM,YES,171,17,115,36,3
Washington,SANDERSVILLE,Democratic Party Question 2<br>Do you support ending current practice permitting unlimited gifts from lobbyists to state legislators?,,DEM,YES,1535,113,655,766,1
Washington,DEEPSTEP,Democratic Party Question 2<br>Do you support ending current practice permitting unlimited gifts from lobbyists to state legislators?,,DEM,YES,156,9,121,25,1
Washington,,Democratic Party Question 2<br>Do you support ending current practice permitting unlimited gifts from lobbyists to state legislators?,,DEM,NO,1779,81,1052,639,7
Washington,RIDDLEVILLE,Democratic Party Question 2<br>Do you support ending current practice permitting unlimited gifts from lobbyists to state legislators?,,DEM,NO,77,4,54,18,1
Washington,WARTHEN,Democratic Party Question 2<br>Do you support ending current practice permitting unlimited gifts from lobbyists to state legislators?,,DEM,NO,107,6,80,21,0
Washington,TENNILLE,Democratic Party Question 2<br>Do you support ending current practice permitting unlimited gifts from lobbyists to state legislators?,,DEM,NO,349,7,239,103,0
Washington,OCONEE,Democratic Party Question 2<br>Do you support ending current practice permitting unlimited gifts from lobbyists to state legislators?,,DEM,NO,92,7,60,25,0
Washington,HARRISON,Democratic Party Question 2<br>Do you support ending current practice permitting unlimited gifts from lobbyists to state legislators?,,DEM,NO,103,6,70,24,3
Washington,DAVISBORO,Democratic Party Question 2<br>Do you support ending current practice permitting unlimited gifts from lobbyists to state legislators?,,DEM,NO,113,4,88,19,2
Washington,SANDERSVILLE,Democratic Party Question 2<br>Do you support ending current practice permitting unlimited gifts from lobbyists to state legislators?,,DEM,NO,888,45,427,415,1
Washington,DEEPSTEP,Democratic Party Question 2<br>Do you support ending current practice permitting unlimited gifts from lobbyists to state legislators?,,DEM,NO,50,2,34,14,0
Washington,,Democratic Party Question 3<br>Should Georgia adopt an income tax credit for home energy costs to support the economic security of our families?,,DEM,YES,3778,217,2137,1411,13
Washington,RIDDLEVILLE,Democratic Party Question 3<br>Should Georgia adopt an income tax credit for home energy costs to support the economic security of our families?,,DEM,YES,160,6,114,39,1
Washington,WARTHEN,Democratic Party Question 3<br>Should Georgia adopt an income tax credit for home energy costs to support the economic security of our families?,,DEM,YES,215,6,165,44,0
Washington,TENNILLE,Democratic Party Question 3<br>Should Georgia adopt an income tax credit for home energy costs to support the economic security of our families?,,DEM,YES,715,32,447,234,2
Washington,OCONEE,Democratic Party Question 3<br>Should Georgia adopt an income tax credit for home energy costs to support the economic security of our families?,,DEM,YES,150,8,92,50,0
Washington,HARRISON,Democratic Party Question 3<br>Should Georgia adopt an income tax credit for home energy costs to support the economic security of our families?,,DEM,YES,234,16,172,43,3
Washington,DAVISBORO,Democratic Party Question 3<br>Should Georgia adopt an income tax credit for home energy costs to support the economic security of our families?,,DEM,YES,233,17,167,44,5
Washington,SANDERSVILLE,Democratic Party Question 3<br>Should Georgia adopt an income tax credit for home energy costs to support the economic security of our families?,,DEM,YES,1919,126,864,928,1
Washington,DEEPSTEP,Democratic Party Question 3<br>Should Georgia adopt an income tax credit for home energy costs to support the economic security of our families?,,DEM,YES,152,6,116,29,1
Washington,,Democratic Party Question 3<br>Should Georgia adopt an income tax credit for home energy costs to support the economic security of our families?,,DEM,NO,1172,62,672,435,3
Washington,RIDDLEVILLE,Democratic Party Question 3<br>Should Georgia adopt an income tax credit for home energy costs to support the economic security of our families?,,DEM,NO,71,2,51,18,0
Washington,WARTHEN,Democratic Party Question 3<br>Should Georgia adopt an income tax credit for home energy costs to support the economic security of our families?,,DEM,NO,87,2,65,20,0
Washington,TENNILLE,Democratic Party Question 3<br>Should Georgia adopt an income tax credit for home energy costs to support the economic security of our families?,,DEM,NO,212,9,136,66,1
Washington,OCONEE,Democratic Party Question 3<br>Should Georgia adopt an income tax credit for home energy costs to support the economic security of our families?,,DEM,NO,64,4,42,18,0
Washington,HARRISON,Democratic Party Question 3<br>Should Georgia adopt an income tax credit for home energy costs to support the economic security of our families?,,DEM,NO,86,5,56,24,1
Washington,DAVISBORO,Democratic Party Question 3<br>Should Georgia adopt an income tax credit for home energy costs to support the economic security of our families?,,DEM,NO,58,3,41,14,0
Washington,SANDERSVILLE,Democratic Party Question 3<br>Should Georgia adopt an income tax credit for home energy costs to support the economic security of our families?,,DEM,NO,538,32,240,265,1
Washington,DEEPSTEP,Democratic Party Question 3<br>Should Georgia adopt an income tax credit for home energy costs to support the economic security of our families?,,DEM,NO,56,5,41,10,0
Washington,,Democratic Party Question 4 <br>Should Georgia reduce sales taxes on Made in Georgia products so as to support the growth of small businesses in our state?,,DEM,YES,4340,240,2472,1615,13
Washington,RIDDLEVILLE,Democratic Party Question 4 <br>Should Georgia reduce sales taxes on Made in Georgia products so as to support the growth of small businesses in our state?,,DEM,YES,181,5,132,43,1
Washington,WARTHEN,Democratic Party Question 4 <br>Should Georgia reduce sales taxes on Made in Georgia products so as to support the growth of small businesses in our state?,,DEM,YES,262,7,205,50,0
Washington,TENNILLE,Democratic Party Question 4 <br>Should Georgia reduce sales taxes on Made in Georgia products so as to support the growth of small businesses in our state?,,DEM,YES,841,38,528,272,3
Washington,OCONEE,Democratic Party Question 4 <br>Should Georgia reduce sales taxes on Made in Georgia products so as to support the growth of small businesses in our state?,,DEM,YES,196,12,119,65,0
Washington,HARRISON,Democratic Party Question 4 <br>Should Georgia reduce sales taxes on Made in Georgia products so as to support the growth of small businesses in our state?,,DEM,YES,267,15,193,56,3
Washington,DAVISBORO,Democratic Party Question 4 <br>Should Georgia reduce sales taxes on Made in Georgia products so as to support the growth of small businesses in our state?,,DEM,YES,242,16,171,51,4
Washington,SANDERSVILLE,Democratic Party Question 4 <br>Should Georgia reduce sales taxes on Made in Georgia products so as to support the growth of small businesses in our state?,,DEM,YES,2160,136,978,1045,1
Washington,DEEPSTEP,Democratic Party Question 4 <br>Should Georgia reduce sales taxes on Made in Georgia products so as to support the growth of small businesses in our state?,,DEM,YES,191,11,146,33,1
Washington,,Democratic Party Question 4 <br>Should Georgia reduce sales taxes on Made in Georgia products so as to support the growth of small businesses in our state?,,DEM,NO,696,33,395,266,2
Washington,RIDDLEVILLE,Democratic Party Question 4 <br>Should Georgia reduce sales taxes on Made in Georgia products so as to support the growth of small businesses in our state?,,DEM,NO,51,3,34,14,0
Washington,WARTHEN,Democratic Party Question 4 <br>Should Georgia reduce sales taxes on Made in Georgia products so as to support the growth of small businesses in our state?,,DEM,NO,52,1,36,15,0
Washington,TENNILLE,Democratic Party Question 4 <br>Should Georgia reduce sales taxes on Made in Georgia products so as to support the growth of small businesses in our state?,,DEM,NO,118,5,75,38,0
Washington,OCONEE,Democratic Party Question 4 <br>Should Georgia reduce sales taxes on Made in Georgia products so as to support the growth of small businesses in our state?,,DEM,NO,28,0,20,8,0
Washington,HARRISON,Democratic Party Question 4 <br>Should Georgia reduce sales taxes on Made in Georgia products so as to support the growth of small businesses in our state?,,DEM,NO,50,3,35,12,0
Washington,DAVISBORO,Democratic Party Question 4 <br>Should Georgia reduce sales taxes on Made in Georgia products so as to support the growth of small businesses in our state?,,DEM,NO,51,4,40,6,1
Washington,SANDERSVILLE,Democratic Party Question 4 <br>Should Georgia reduce sales taxes on Made in Georgia products so as to support the growth of small businesses in our state?,,DEM,NO,324,16,139,168,1
Washington,DEEPSTEP,Democratic Party Question 4 <br>Should Georgia reduce sales taxes on Made in Georgia products so as to support the growth of small businesses in our state?,,DEM,NO,22,1,16,5,0
Washington,,Supreme Court Justice, Hunstein,,CAROL W HUNSTEIN ,3963,234,2252,1465,12
Washington,RIDDLEVILLE,Supreme Court Justice, Hunstein,,CAROL W HUNSTEIN ,183,6,132,45,0
Washington,WARTHEN,Supreme Court Justice, Hunstein,,CAROL W HUNSTEIN ,245,6,185,54,0
Washington,TENNILLE,Supreme Court Justice, Hunstein,,CAROL W HUNSTEIN ,728,37,455,233,3
Washington,OCONEE,Supreme Court Justice, Hunstein,,CAROL W HUNSTEIN ,182,14,116,52,0
Washington,HARRISON,Supreme Court Justice, Hunstein,,CAROL W HUNSTEIN ,263,15,180,65,3
Washington,DAVISBORO,Supreme Court Justice, Hunstein,,CAROL W HUNSTEIN ,243,11,180,48,4
Washington,SANDERSVILLE,Supreme Court Justice, Hunstein,,CAROL W HUNSTEIN ,1953,135,878,938,2
Washington,DEEPSTEP,Supreme Court Justice, Hunstein,,CAROL W HUNSTEIN ,166,10,126,30,0
Washington,,Supreme Court Justice, Hunstein,,Write-in,11,0,9,2,0
Washington,RIDDLEVILLE,Supreme Court Justice, Hunstein,,Write-in,0,0,0,0,0
Washington,WARTHEN,Supreme Court Justice, Hunstein,,Write-in,5,0,5,0,0
Washington,TENNILLE,Supreme Court Justice, Hunstein,,Write-in,1,0,1,0,0
Washington,OCONEE,Supreme Court Justice, Hunstein,,Write-in,0,0,0,0,0
Washington,HARRISON,Supreme Court Justice, Hunstein,,Write-in,0,0,0,0,0
Washington,DAVISBORO,Supreme Court Justice, Hunstein,,Write-in,0,0,0,0,0
Washington,SANDERSVILLE,Supreme Court Justice, Hunstein,,Write-in,5,0,3,2,0
Washington,DEEPSTEP,Supreme Court Justice, Hunstein,,Write-in,0,0,0,0,0
Washington,,Supreme Court Justice, Melton,,HAROLD D. MELTON ,3942,234,2229,1467,12
Washington,RIDDLEVILLE,Supreme Court Justice, Melton,,HAROLD D. MELTON ,187,6,136,45,0
Washington,WARTHEN,Supreme Court Justice, Melton,,HAROLD D. MELTON ,237,6,181,50,0
Washington,TENNILLE,Supreme Court Justice, Melton,,HAROLD D. MELTON ,730,37,455,235,3
Washington,OCONEE,Supreme Court Justice, Melton,,HAROLD D. MELTON ,183,14,116,53,0
Washington,HARRISON,Supreme Court Justice, Melton,,HAROLD D. MELTON ,269,16,184,66,3
Washington,DAVISBORO,Supreme Court Justice, Melton,,HAROLD D. MELTON ,232,10,172,46,4
Washington,SANDERSVILLE,Supreme Court Justice, Melton,,HAROLD D. MELTON ,1935,135,856,942,2
Washington,DEEPSTEP,Supreme Court Justice, Melton,,HAROLD D. MELTON ,169,10,129,30,0
Washington,,Supreme Court Justice, Melton,,Write-in,12,1,8,3,0
Washington,RIDDLEVILLE,Supreme Court Justice, Melton,,Write-in,1,0,0,1,0
Washington,WARTHEN,Supreme Court Justice, Melton,,Write-in,3,0,3,0,0
Washington,TENNILLE,Supreme Court Justice, Melton,,Write-in,1,0,1,0,0
Washington,OCONEE,Supreme Court Justice, Melton,,Write-in,0,0,0,0,0
Washington,HARRISON,Supreme Court Justice, Melton,,Write-in,0,0,0,0,0
Washington,DAVISBORO,Supreme Court Justice, Melton,,Write-in,1,1,0,0,0
Washington,SANDERSVILLE,Supreme Court Justice, Melton,,Write-in,6,0,4,2,0
Washington,DEEPSTEP,Supreme Court Justice, Melton,,Write-in,0,0,0,0,0
Washington,,Supreme Court Justice, Thompson,,HUGH P. THOMPSON ,3967,235,2247,1475,10
Washington,RIDDLEVILLE,Supreme Court Justice, Thompson,,HUGH P. THOMPSON ,187,6,135,46,0
Washington,WARTHEN,Supreme Court Justice, Thompson,,HUGH P. THOMPSON ,240,6,183,51,0
Washington,TENNILLE,Supreme Court Justice, Thompson,,HUGH P. THOMPSON ,731,36,460,232,3
Washington,OCONEE,Supreme Court Justice, Thompson,,HUGH P. THOMPSON ,184,14,115,55,0
Washington,HARRISON,Supreme Court Justice, Thompson,,HUGH P. THOMPSON ,268,17,184,65,2
Washington,DAVISBORO,Supreme Court Justice, Thompson,,HUGH P. THOMPSON ,234,11,174,46,3
Washington,SANDERSVILLE,Supreme Court Justice, Thompson,,HUGH P. THOMPSON ,1951,135,865,949,2
Washington,DEEPSTEP,Supreme Court Justice, Thompson,,HUGH P. THOMPSON ,172,10,131,31,0
Washington,,Supreme Court Justice, Thompson,,Write-in ,7,0,5,2,0
Washington,RIDDLEVILLE,Supreme Court Justice, Thompson,,Write-in ,0,0,0,0,0
Washington,WARTHEN,Supreme Court Justice, Thompson,,Write-in ,1,0,1,0,0
Washington,TENNILLE,Supreme Court Justice, Thompson,,Write-in ,1,0,1,0,0
Washington,OCONEE,Supreme Court Justice, Thompson,,Write-in ,0,0,0,0,0
Washington,HARRISON,Supreme Court Justice, Thompson,,Write-in ,0,0,0,0,0
Washington,DAVISBORO,Supreme Court Justice, Thompson,,Write-in ,0,0,0,0,0
Washington,SANDERSVILLE,Supreme Court Justice, Thompson,,Write-in ,5,0,3,2,0
Washington,DEEPSTEP,Supreme Court Justice, Thompson,,Write-in ,0,0,0,0,0
Washington,,Appeals Court Judge, Boggs,,MICHAEL P. BOGGS ,3877,229,2201,1434,13
Washington,RIDDLEVILLE,Appeals Court Judge, Boggs,,MICHAEL P. BOGGS ,182,6,131,45,0
Washington,WARTHEN,Appeals Court Judge, Boggs,,MICHAEL P. BOGGS ,242,6,182,54,0
Washington,TENNILLE,Appeals Court Judge, Boggs,,MICHAEL P. BOGGS ,723,33,453,234,3
Washington,OCONEE,Appeals Court Judge, Boggs,,MICHAEL P. BOGGS ,180,14,111,55,0
Washington,HARRISON,Appeals Court Judge, Boggs,,MICHAEL P. BOGGS ,266,16,181,65,4
Washington,DAVISBORO,Appeals Court Judge, Boggs,,MICHAEL P. BOGGS ,230,11,171,44,4
Washington,SANDERSVILLE,Appeals Court Judge, Boggs,,MICHAEL P. BOGGS ,1890,133,846,909,2
Washington,DEEPSTEP,Appeals Court Judge, Boggs,,MICHAEL P. BOGGS ,164,10,126,28,0
Washington,,Appeals Court Judge, Boggs,,Write-in,3,0,3,0,0
Washington,RIDDLEVILLE,Appeals Court Judge, Boggs,,Write-in,0,0,0,0,0
Washington,WARTHEN,Appeals Court Judge, Boggs,,Write-in,1,0,1,0,0
Washington,TENNILLE,Appeals Court Judge, Boggs,,Write-in,0,0,0,0,0
Washington,OCONEE,Appeals Court Judge, Boggs,,Write-in,0,0,0,0,0
Washington,HARRISON,Appeals Court Judge, Boggs,,Write-in,0,0,0,0,0
Washington,DAVISBORO,Appeals Court Judge, Boggs,,Write-in,0,0,0,0,0
Washington,SANDERSVILLE,Appeals Court Judge, Boggs,,Write-in,2,0,2,0,0
Washington,DEEPSTEP,Appeals Court Judge, Boggs,,Write-in,0,0,0,0,0
Washington,,Appeals Court Judge, Dillard,,STEPHEN DILLARD ,3896,231,2216,1437,12
Washington,RIDDLEVILLE,Appeals Court Judge, Dillard,,STEPHEN DILLARD ,184,6,133,45,0
Washington,WARTHEN,Appeals Court Judge, Dillard,,STEPHEN DILLARD ,241,5,182,54,0
Washington,TENNILLE,Appeals Court Judge, Dillard,,STEPHEN DILLARD ,736,35,466,232,3
Washington,OCONEE,Appeals Court Judge, Dillard,,STEPHEN DILLARD ,179,14,109,56,0
Washington,HARRISON,Appeals Court Judge, Dillard,,STEPHEN DILLARD ,263,16,181,63,3
Washington,DAVISBORO,Appeals Court Judge, Dillard,,STEPHEN DILLARD ,229,11,169,45,4
Washington,SANDERSVILLE,Appeals Court Judge, Dillard,,STEPHEN DILLARD ,1898,134,850,912,2
Washington,DEEPSTEP,Appeals Court Judge, Dillard,,STEPHEN DILLARD ,166,10,126,30,0
Washington,,Appeals Court Judge, Dillard,,Write-in,4,0,3,1,0
Washington,RIDDLEVILLE,Appeals Court Judge, Dillard,,Write-in,0,0,0,0,0
Washington,WARTHEN,Appeals Court Judge, Dillard,,Write-in,1,0,1,0,0
Washington,TENNILLE,Appeals Court Judge, Dillard,,Write-in,0,0,0,0,0
Washington,OCONEE,Appeals Court Judge, Dillard,,Write-in,0,0,0,0,0
Washington,HARRISON,Appeals Court Judge, Dillard,,Write-in,0,0,0,0,0
Washington,DAVISBORO,Appeals Court Judge, Dillard,,Write-in,0,0,0,0,0
Washington,SANDERSVILLE,Appeals Court Judge, Dillard,,Write-in,3,0,2,1,0
Washington,DEEPSTEP,Appeals Court Judge, Dillard,,Write-in,0,0,0,0,0
Washington,,Appeals Court Judge, Ellington,,JOHN  ELLINGTON ,3882,233,2202,1435,12
Washington,RIDDLEVILLE,Appeals Court Judge, Ellington,,JOHN  ELLINGTON ,183,6,132,45,0
Washington,WARTHEN,Appeals Court Judge, Ellington,,JOHN  ELLINGTON ,242,6,183,53,0
Washington,TENNILLE,Appeals Court Judge, Ellington,,JOHN  ELLINGTON ,726,37,455,231,3
Washington,OCONEE,Appeals Court Judge, Ellington,,JOHN  ELLINGTON ,180,13,112,55,0
Washington,HARRISON,Appeals Court Judge, Ellington,,JOHN  ELLINGTON ,261,17,177,64,3
Washington,DAVISBORO,Appeals Court Judge, Ellington,,JOHN  ELLINGTON ,232,11,172,45,4
Washington,SANDERSVILLE,Appeals Court Judge, Ellington,,JOHN  ELLINGTON ,1891,133,842,914,2
Washington,DEEPSTEP,Appeals Court Judge, Ellington,,JOHN  ELLINGTON ,167,10,129,28,0
Washington,,Appeals Court Judge, Ellington,,Write-in,4,1,2,1,0
Washington,RIDDLEVILLE,Appeals Court Judge, Ellington,,Write-in,0,0,0,0,0
Washington,WARTHEN,Appeals Court Judge, Ellington,,Write-in,0,0,0,0,0
Washington,TENNILLE,Appeals Court Judge, Ellington,,Write-in,0,0,0,0,0
Washington,OCONEE,Appeals Court Judge, Ellington,,Write-in,1,1,0,0,0
Washington,HARRISON,Appeals Court Judge, Ellington,,Write-in,0,0,0,0,0
Washington,DAVISBORO,Appeals Court Judge, Ellington,,Write-in,0,0,0,0,0
Washington,SANDERSVILLE,Appeals Court Judge, Ellington,,Write-in,3,0,2,1,0
Washington,DEEPSTEP,Appeals Court Judge, Ellington,,Write-in,0,0,0,0,0
Washington,,Appeals Court Judge, Miller,,M. YVETTE MILLER ,3901,232,2220,1437,12
Washington,RIDDLEVILLE,Appeals Court Judge, Miller,,M. YVETTE MILLER ,182,6,132,44,0
Washington,WARTHEN,Appeals Court Judge, Miller,,M. YVETTE MILLER ,241,6,180,55,0
Washington,TENNILLE,Appeals Court Judge, Miller,,M. YVETTE MILLER ,724,33,458,230,3
Washington,OCONEE,Appeals Court Judge, Miller,,M. YVETTE MILLER ,179,14,110,55,0
Washington,HARRISON,Appeals Court Judge, Miller,,M. YVETTE MILLER ,263,17,179,64,3
Washington,DAVISBORO,Appeals Court Judge, Miller,,M. YVETTE MILLER ,225,10,167,44,4
Washington,SANDERSVILLE,Appeals Court Judge, Miller,,M. YVETTE MILLER ,1918,136,864,916,2
Washington,DEEPSTEP,Appeals Court Judge, Miller,,M. YVETTE MILLER ,169,10,130,29,0
Washington,,Appeals Court Judge, Miller,,Write-in,1,0,1,0,0
Washington,RIDDLEVILLE,Appeals Court Judge, Miller,,Write-in,0,0,0,0,0
Washington,WARTHEN,Appeals Court Judge, Miller,,Write-in,0,0,0,0,0
Washington,TENNILLE,Appeals Court Judge, Miller,,Write-in,0,0,0,0,0
Washington,OCONEE,Appeals Court Judge, Miller,,Write-in,0,0,0,0,0
Washington,HARRISON,Appeals Court Judge, Miller,,Write-in,0,0,0,0,0
Washington,DAVISBORO,Appeals Court Judge, Miller,,Write-in,0,0,0,0,0
Washington,SANDERSVILLE,Appeals Court Judge, Miller,,Write-in,1,0,1,0,0
Washington,DEEPSTEP,Appeals Court Judge, Miller,,Write-in,0,0,0,0,0
Washington,,Appeals Court Judge, Phipps,,HERBERT PHIPPS ,3867,230,2194,1430,13
Washington,RIDDLEVILLE,Appeals Court Judge, Phipps,,HERBERT PHIPPS ,179,6,128,45,0
Washington,WARTHEN,Appeals Court Judge, Phipps,,HERBERT PHIPPS ,240,6,182,52,0
Washington,TENNILLE,Appeals Court Judge, Phipps,,HERBERT PHIPPS ,725,34,455,233,3
Washington,OCONEE,Appeals Court Judge, Phipps,,HERBERT PHIPPS ,177,14,109,54,0
Washington,HARRISON,Appeals Court Judge, Phipps,,HERBERT PHIPPS ,265,16,181,64,4
Washington,DAVISBORO,Appeals Court Judge, Phipps,,HERBERT PHIPPS ,226,11,168,43,4
Washington,SANDERSVILLE,Appeals Court Judge, Phipps,,HERBERT PHIPPS ,1887,133,842,910,2
Washington,DEEPSTEP,Appeals Court Judge, Phipps,,HERBERT PHIPPS ,168,10,129,29,0
Washington,,Appeals Court Judge, Phipps,,Write-in ,2,0,2,0,0
Washington,RIDDLEVILLE,Appeals Court Judge, Phipps,,Write-in ,0,0,0,0,0
Washington,WARTHEN,Appeals Court Judge, Phipps,,Write-in ,0,0,0,0,0
Washington,TENNILLE,Appeals Court Judge, Phipps,,Write-in ,0,0,0,0,0
Washington,OCONEE,Appeals Court Judge, Phipps,,Write-in ,0,0,0,0,0
Washington,HARRISON,Appeals Court Judge, Phipps,,Write-in ,0,0,0,0,0
Washington,DAVISBORO,Appeals Court Judge, Phipps,,Write-in ,0,0,0,0,0
Washington,SANDERSVILLE,Appeals Court Judge, Phipps,,Write-in ,2,0,2,0,0
Washington,DEEPSTEP,Appeals Court Judge, Phipps,,Write-in ,0,0,0,0,0
Washington,,Superior Court Judge, Middle Circuit (Palmer),,KATHY S. PALMER ,4228,249,2367,1602,10
Washington,RIDDLEVILLE,Superior Court Judge, Middle Circuit (Palmer),,KATHY S. PALMER ,202,7,142,53,0
Washington,WARTHEN,Superior Court Judge, Middle Circuit (Palmer),,KATHY S. PALMER ,262,7,194,61,0
Washington,TENNILLE,Superior Court Judge, Middle Circuit (Palmer),,KATHY S. PALMER ,772,39,478,254,1
Washington,OCONEE,Superior Court Judge, Middle Circuit (Palmer),,KATHY S. PALMER ,200,13,127,60,0
Washington,HARRISON,Superior Court Judge, Middle Circuit (Palmer),,KATHY S. PALMER ,278,18,191,65,4
Washington,DAVISBORO,Superior Court Judge, Middle Circuit (Palmer),,KATHY S. PALMER ,248,11,184,50,3
Washington,SANDERSVILLE,Superior Court Judge, Middle Circuit (Palmer),,KATHY S. PALMER ,2083,144,913,1024,2
Washington,DEEPSTEP,Superior Court Judge, Middle Circuit (Palmer),,KATHY S. PALMER ,183,10,138,35,0
Washington,,Superior Court Judge, Middle Circuit (Palmer),,Write-in,22,0,14,8,0
Washington,RIDDLEVILLE,Superior Court Judge, Middle Circuit (Palmer),,Write-in,0,0,0,0,0
Washington,WARTHEN,Superior Court Judge, Middle Circuit (Palmer),,Write-in,3,0,3,0,0
Washington,TENNILLE,Superior Court Judge, Middle Circuit (Palmer),,Write-in,8,0,6,2,0
Washington,OCONEE,Superior Court Judge, Middle Circuit (Palmer),,Write-in,0,0,0,0,0
Washington,HARRISON,Superior Court Judge, Middle Circuit (Palmer),,Write-in,1,0,0,1,0
Washington,DAVISBORO,Superior Court Judge, Middle Circuit (Palmer),,Write-in,1,0,1,0,0
Washington,SANDERSVILLE,Superior Court Judge, Middle Circuit (Palmer),,Write-in,9,0,4,5,0
Washington,DEEPSTEP,Superior Court Judge, Middle Circuit (Palmer),,Write-in,0,0,0,0,0
Washington,,State Court,,,JOHN A. DANA ,2417,115,1349,948,5
Washington,RIDDLEVILLE,State Court,,,JOHN A. DANA ,121,5,86,30,0
Washington,WARTHEN,State Court,,,JOHN A. DANA ,132,4,94,34,0
Washington,TENNILLE,State Court,,,JOHN A. DANA ,398,14,245,137,2
Washington,OCONEE,State Court,,,JOHN A. DANA ,132,9,89,34,0
Washington,HARRISON,State Court,,,JOHN A. DANA ,188,11,140,37,0
Washington,DAVISBORO,State Court,,,JOHN A. DANA ,155,10,111,32,2
Washington,SANDERSVILLE,State Court,,,JOHN A. DANA ,1142,54,468,619,1
Washington,DEEPSTEP,State Court,,,JOHN A. DANA ,149,8,116,25,0
Washington,,State Court,,,ARTHUR L. WALKER ,2119,147,1272,695,5
Washington,RIDDLEVILLE,State Court,,,ARTHUR L. WALKER ,75,3,63,8,1
Washington,WARTHEN,State Court,,,ARTHUR L. WALKER ,116,0,95,21,0
Washington,TENNILLE,State Court,,,ARTHUR L. WALKER ,420,30,276,113,1
Washington,OCONEE,State Court,,,ARTHUR L. WALKER ,97,8,52,37,0
Washington,HARRISON,State Court,,,ARTHUR L. WALKER ,107,5,84,16,2
Washington,DAVISBORO,State Court,,,ARTHUR L. WALKER ,110,6,87,17,0
Washington,SANDERSVILLE,State Court,,,ARTHUR L. WALKER ,1147,94,576,476,1
Washington,DEEPSTEP,State Court,,,ARTHUR L. WALKER ,47,1,39,7,0
Washington,,State Court,,,ROBERT WOMMACK ,1498,88,814,590,6
Washington,RIDDLEVILLE,State Court,,,ROBERT WOMMACK ,92,2,61,29,0
Washington,WARTHEN,State Court,,,ROBERT WOMMACK ,132,5,101,26,0
Washington,TENNILLE,State Court,,,ROBERT WOMMACK ,294,16,161,117,0
Washington,OCONEE,State Court,,,ROBERT WOMMACK ,59,2,47,10,0
Washington,HARRISON,State Court,,,ROBERT WOMMACK ,117,10,71,34,2
Washington,DAVISBORO,State Court,,,ROBERT WOMMACK ,91,6,63,19,3
Washington,SANDERSVILLE,State Court,,,ROBERT WOMMACK ,663,43,275,345,0
Washington,DEEPSTEP,State Court,,,ROBERT WOMMACK ,50,4,35,10,1
Washington,,State Court,,,Write-in,2,0,2,0,0
Washington,RIDDLEVILLE,State Court,,,Write-in,1,0,1,0,0
Washington,WARTHEN,State Court,,,Write-in,0,0,0,0,0
Washington,TENNILLE,State Court,,,Write-in,0,0,0,0,0
Washington,OCONEE,State Court,,,Write-in,0,0,0,0,0
Washington,HARRISON,State Court,,,Write-in,0,0,0,0,0
Washington,DAVISBORO,State Court,,,Write-in,0,0,0,0,0
Washington,SANDERSVILLE,State Court,,,Write-in,1,0,1,0,0
Washington,DEEPSTEP,State Court,,,Write-in,0,0,0,0,0
Washington,,TSPLOST,,,YES,3093,179,1715,1190,9
Washington,RIDDLEVILLE,TSPLOST,,,YES,130,6,93,31,0
Washington,WARTHEN,TSPLOST,,,YES,163,5,116,42,0
Washington,TENNILLE,TSPLOST,,,YES,627,33,388,203,3
Washington,OCONEE,TSPLOST,,,YES,133,10,82,41,0
Washington,HARRISON,TSPLOST,,,YES,166,11,123,30,2
Washington,DAVISBORO,TSPLOST,,,YES,185,9,141,32,3
Washington,SANDERSVILLE,TSPLOST,,,YES,1585,99,695,791,0
Washington,DEEPSTEP,TSPLOST,,,YES,104,6,77,20,1
Washington,,TSPLOST,,,NO,2611,150,1535,920,6
Washington,RIDDLEVILLE,TSPLOST,,,NO,147,4,106,36,1
Washington,WARTHEN,TSPLOST,,,NO,192,3,150,39,0
Washington,TENNILLE,TSPLOST,,,NO,423,20,261,142,0
Washington,OCONEE,TSPLOST,,,NO,128,7,87,34,0
Washington,HARRISON,TSPLOST,,,NO,219,13,149,56,1
Washington,DAVISBORO,TSPLOST,,,NO,150,14,104,30,2
Washington,SANDERSVILLE,TSPLOST,,,NO,1215,82,570,561,2
Washington,DEEPSTEP,TSPLOST,,,NO,137,7,108,22,0
Washington,,Mayor-Davisboro,,,JOHNNIE SHEDRICK ,144,3,128,13,0
Washington,DAVISBORO,Mayor-Davisboro,,,JOHNNIE SHEDRICK ,144,3,128,13,0
Washington,,Mayor-Davisboro,,,TROY L. YARBROUGH,42,8,32,2,0
Washington,DAVISBORO,Mayor-Davisboro,,,TROY L. YARBROUGH,42,8,32,2,0
Washington,,Mayor-Davisboro,,,Write-in,0,0,0,0,0
Washington,DAVISBORO,Mayor-Davisboro,,,Write-in,0,0,0,0,0
