county,precinct,office,district,party,candidate,votes,absentee_by_mail,election_day,advance_in_person,provisional
Ben Hill,,"Public Service Commission, District 3",3,REP,CHUCK EATON (I),667,14,459,194,0
Ben Hill,East,"Public Service Commission, District 3",3,REP,CHUCK EATON (I),111,0,72,39,0
Ben Hill,West,"Public Service Commission, District 3",3,REP,CHUCK EATON (I),338,10,226,102,0
Ben Hill,Williamson Mill,"Public Service Commission, District 3",3,REP,CHUCK EATON (I),23,0,22,1,0
Ben Hill,Special East,"Public Service Commission, District 3",3,REP,CHUCK EATON (I),38,0,27,11,0
Ben Hill,Special West,"Public Service Commission, District 3",3,REP,CHUCK EATON (I),157,4,112,41,0
Ben Hill,,"Public Service Commission, District 3",3,REP,MATT REID,465,8,311,146,0
Ben Hill,East,"Public Service Commission, District 3",3,REP,MATT REID,104,0,63,41,0
Ben Hill,West,"Public Service Commission, District 3",3,REP,MATT REID,191,3,122,66,0
Ben Hill,Williamson Mill,"Public Service Commission, District 3",3,REP,MATT REID,8,0,7,1,0
Ben Hill,Special East,"Public Service Commission, District 3",3,REP,MATT REID,21,1,18,2,0
Ben Hill,Special West,"Public Service Commission, District 3",3,REP,MATT REID,141,4,101,36,0
Ben Hill,,"Public Service Commission, District 3",3,DEM,STEPHEN OPPENHEIMER,606,25,394,187,0
Ben Hill,East,"Public Service Commission, District 3",3,DEM,STEPHEN OPPENHEIMER,250,6,162,82,0
Ben Hill,West,"Public Service Commission, District 3",3,DEM,STEPHEN OPPENHEIMER,197,13,123,61,0
Ben Hill,Williamson Mill,"Public Service Commission, District 3",3,DEM,STEPHEN OPPENHEIMER,13,2,10,1,0
Ben Hill,Special East,"Public Service Commission, District 3",3,DEM,STEPHEN OPPENHEIMER,36,2,23,11,0
Ben Hill,Special West,"Public Service Commission, District 3",3,DEM,STEPHEN OPPENHEIMER,110,2,76,32,0
Ben Hill,,"Public Service Commission, District 5",5,REP,PAM DAVIDSON,472,9,322,141,0
Ben Hill,East,"Public Service Commission, District 5",5,REP,PAM DAVIDSON,99,0,57,42,0
Ben Hill,West,"Public Service Commission, District 5",5,REP,PAM DAVIDSON,202,4,137,61,0
Ben Hill,Williamson Mill,"Public Service Commission, District 5",5,REP,PAM DAVIDSON,11,0,9,2,0
Ben Hill,Special East,"Public Service Commission, District 5",5,REP,PAM DAVIDSON,24,1,21,2,0
Ben Hill,Special West,"Public Service Commission, District 5",5,REP,PAM DAVIDSON,136,4,98,34,0
Ben Hill,,"Public Service Commission, District 5",5,REP,STAN WISE (I),633,13,436,184,0
Ben Hill,East,"Public Service Commission, District 5",5,REP,STAN WISE (I),105,0,71,34,0
Ben Hill,West,"Public Service Commission, District 5",5,REP,STAN WISE (I),314,9,207,98,0
Ben Hill,Williamson Mill,"Public Service Commission, District 5",5,REP,STAN WISE (I),19,0,19,0,0
Ben Hill,Special East,"Public Service Commission, District 5",5,REP,STAN WISE (I),34,0,24,10,0
Ben Hill,Special West,"Public Service Commission, District 5",5,REP,STAN WISE (I),161,4,115,42,0
Ben Hill,,"U.S. Representative, District 8",8,REP,AUSTIN SCOTT (I),1075,21,741,313,0
Ben Hill,East,"U.S. Representative, District 8",8,REP,AUSTIN SCOTT (I),203,0,128,75,0
Ben Hill,West,"U.S. Representative, District 8",8,REP,AUSTIN SCOTT (I),507,13,342,152,0
Ben Hill,Williamson Mill,"U.S. Representative, District 8",8,REP,AUSTIN SCOTT (I),31,0,29,2,0
Ben Hill,Special East,"U.S. Representative, District 8",8,REP,AUSTIN SCOTT (I),53,0,40,13,0
Ben Hill,Special West,"U.S. Representative, District 8",8,REP,AUSTIN SCOTT (I),281,8,202,71,0
Ben Hill,,"State Senator, District 7",7,REP,TYLER HARPER,896,15,588,293,0
Ben Hill,East,"State Senator, District 7",7,REP,TYLER HARPER,190,0,117,73,0
Ben Hill,West,"State Senator, District 7",7,REP,TYLER HARPER,423,12,271,140,0
Ben Hill,Williamson Mill,"State Senator, District 7",7,REP,TYLER HARPER,29,0,27,2,0
Ben Hill,Special East,"State Senator, District 7",7,REP,TYLER HARPER,39,0,27,12,0
Ben Hill,Special West,"State Senator, District 7",7,REP,TYLER HARPER,215,3,146,66,0
Ben Hill,,"State Senator, District 7",7,REP,MARK HATFIELD,265,4,217,44,0
Ben Hill,East,"State Senator, District 7",7,REP,MARK HATFIELD,38,0,31,7,0
Ben Hill,West,"State Senator, District 7",7,REP,MARK HATFIELD,115,2,93,20,0
Ben Hill,Williamson Mill,"State Senator, District 7",7,REP,MARK HATFIELD,4,0,4,0,0
Ben Hill,Special East,"State Senator, District 7",7,REP,MARK HATFIELD,20,0,17,3,0
Ben Hill,Special West,"State Senator, District 7",7,REP,MARK HATFIELD,88,2,72,14,0
Ben Hill,,"State Senator, District 7",7,REP,RODNEY VICKERS,75,4,42,29,0
Ben Hill,East,"State Senator, District 7",7,REP,RODNEY VICKERS,13,0,5,8,0
Ben Hill,West,"State Senator, District 7",7,REP,RODNEY VICKERS,44,0,27,17,0
Ben Hill,Williamson Mill,"State Senator, District 7",7,REP,RODNEY VICKERS,0,0,0,0,0
Ben Hill,Special East,"State Senator, District 7",7,REP,RODNEY VICKERS,4,1,3,0,0
Ben Hill,Special West,"State Senator, District 7",7,REP,RODNEY VICKERS,14,3,7,4,0
Ben Hill,,"State Senator, District 7",7,DEM,DONALD MITCHELL,625,27,421,177,0
Ben Hill,East,"State Senator, District 7",7,DEM,DONALD MITCHELL,254,6,171,77,0
Ben Hill,West,"State Senator, District 7",7,DEM,DONALD MITCHELL,208,15,133,60,0
Ben Hill,Williamson Mill,"State Senator, District 7",7,DEM,DONALD MITCHELL,12,2,9,1,0
Ben Hill,Special East,"State Senator, District 7",7,DEM,DONALD MITCHELL,39,2,27,10,0
Ben Hill,Special West,"State Senator, District 7",7,DEM,DONALD MITCHELL,112,2,81,29,0
Ben Hill,,"State Representative, District 155",155,REP,JAY ROBERTS (I),1105,22,758,325,0
Ben Hill,East,"State Representative, District 155",155,REP,JAY ROBERTS (I),211,0,134,77,0
Ben Hill,West,"State Representative, District 155",155,REP,JAY ROBERTS (I),527,14,351,162,0
Ben Hill,Williamson Mill,"State Representative, District 155",155,REP,JAY ROBERTS (I),30,0,28,2,0
Ben Hill,Special East,"State Representative, District 155",155,REP,JAY ROBERTS (I),54,0,41,13,0
Ben Hill,Special West,"State Representative, District 155",155,REP,JAY ROBERTS (I),283,8,204,71,0
Ben Hill,,"JUDGE, PROBATE COURT", PROBATE COURT - D,,DAVID HOBBY ,706,31,455,220,0
Ben Hill,East,"JUDGE, PROBATE COURT", PROBATE COURT - D,,DAVID HOBBY ,285,6,186,93,0
Ben Hill,West,"JUDGE, PROBATE COURT", PROBATE COURT - D,,DAVID HOBBY ,234,17,140,77,0
Ben Hill,Williamson Mill,"JUDGE, PROBATE COURT", PROBATE COURT - D,,DAVID HOBBY ,16,2,13,1,0
Ben Hill,Special East,"JUDGE, PROBATE COURT", PROBATE COURT - D,,DAVID HOBBY ,45,2,31,12,0
Ben Hill,Special West,"JUDGE, PROBATE COURT", PROBATE COURT - D,,DAVID HOBBY ,126,4,85,37,0
Ben Hill,,"CLERK, SUPERIOR COURT", SUPERIOR COURT - D,,BETTY L JOHNSON ,674,31,433,210,0
Ben Hill,East,"CLERK, SUPERIOR COURT", SUPERIOR COURT - D,,BETTY L JOHNSON ,270,6,178,86,0
Ben Hill,West,"CLERK, SUPERIOR COURT", SUPERIOR COURT - D,,BETTY L JOHNSON ,225,17,131,77,0
Ben Hill,Williamson Mill,"CLERK, SUPERIOR COURT", SUPERIOR COURT - D,,BETTY L JOHNSON ,14,2,11,1,0
Ben Hill,Special East,"CLERK, SUPERIOR COURT", SUPERIOR COURT - D,,BETTY L JOHNSON ,42,2,29,11,0
Ben Hill,Special West,"CLERK, SUPERIOR COURT", SUPERIOR COURT - D,,BETTY L JOHNSON ,123,4,84,35,0
Ben Hill,,SHERIFF,,,BOBBY L MCLEMORE ,684,31,426,227,0
Ben Hill,East,SHERIFF,,,BOBBY L MCLEMORE ,271,6,166,99,0
Ben Hill,West,SHERIFF,,,BOBBY L MCLEMORE ,234,17,139,78,0
Ben Hill,Williamson Mill,SHERIFF,,,BOBBY L MCLEMORE ,16,2,12,2,0
Ben Hill,Special East,SHERIFF,,,BOBBY L MCLEMORE ,40,2,28,10,0
Ben Hill,Special West,SHERIFF,,,BOBBY L MCLEMORE ,123,4,81,38,0
Ben Hill,,TAX COMMISSIONER,,,LINDA MCDONALD ,691,30,444,217,0
Ben Hill,East,TAX COMMISSIONER,,,LINDA MCDONALD ,282,6,181,95,0
Ben Hill,West,TAX COMMISSIONER,,,LINDA MCDONALD ,230,16,139,75,0
Ben Hill,Williamson Mill,TAX COMMISSIONER,,,LINDA MCDONALD ,14,2,11,1,0
Ben Hill,Special East,TAX COMMISSIONER,,,LINDA MCDONALD ,43,2,30,11,0
Ben Hill,Special West,TAX COMMISSIONER,,,LINDA MCDONALD ,122,4,83,35,0
Ben Hill,,SURVEYOR,,,DARRELL WEEKS ,653,31,416,206,0
Ben Hill,East,SURVEYOR,,,DARRELL WEEKS ,254,6,162,86,0
Ben Hill,West,SURVEYOR,,,DARRELL WEEKS ,224,17,133,74,0
Ben Hill,Williamson Mill,SURVEYOR,,,DARRELL WEEKS ,14,2,11,1,0
Ben Hill,Special East,SURVEYOR,,,DARRELL WEEKS ,38,2,27,9,0
Ben Hill,Special West,SURVEYOR,,,DARRELL WEEKS ,123,4,83,36,0
Ben Hill,,CORONER,,,JOHN B. BURCH JR.,673,31,434,208,0
Ben Hill,East,CORONER,,,JOHN B. BURCH JR.,269,6,176,87,0
Ben Hill,West,CORONER,,,JOHN B. BURCH JR.,229,17,137,75,0
Ben Hill,Williamson Mill,CORONER,,,JOHN B. BURCH JR.,12,2,9,1,0
Ben Hill,Special East,CORONER,,,JOHN B. BURCH JR.,40,2,29,9,0
Ben Hill,Special West,CORONER,,,JOHN B. BURCH JR.,123,4,83,36,0
Ben Hill,,CHIEF MAGISTRATE,,,ROBERT L. CLARK,997,21,681,295,0
Ben Hill,East,CHIEF MAGISTRATE,,,ROBERT L. CLARK,190,0,116,74,0
Ben Hill,West,CHIEF MAGISTRATE,,,ROBERT L. CLARK,473,13,318,142,0
Ben Hill,Williamson Mill,CHIEF MAGISTRATE,,,ROBERT L. CLARK,30,0,28,2,0
Ben Hill,Special East,CHIEF MAGISTRATE,,,ROBERT L. CLARK,47,0,36,11,0
Ben Hill,Special West,CHIEF MAGISTRATE,,,ROBERT L. CLARK,257,8,183,66,0
Ben Hill,,CHIEF MAGISTRATE,,,ROMELLE L GREEN ,735,29,473,233,0
Ben Hill,East,CHIEF MAGISTRATE,,,ROMELLE L GREEN ,326,6,208,112,0
Ben Hill,West,CHIEF MAGISTRATE,,,ROMELLE L GREEN ,225,15,139,71,0
Ben Hill,Williamson Mill,CHIEF MAGISTRATE,,,ROMELLE L GREEN ,14,2,10,2,0
Ben Hill,Special East,CHIEF MAGISTRATE,,,ROMELLE L GREEN ,45,3,30,12,0
Ben Hill,Special West,CHIEF MAGISTRATE,,,ROMELLE L GREEN ,125,3,86,36,0
Ben Hill,,"CC, AT LARGE", AT LARGE - D,,MILTON H. HERRING,248,9,182,57,0
Ben Hill,East,"CC, AT LARGE", AT LARGE - D,,MILTON H. HERRING,111,2,85,24,0
Ben Hill,West,"CC, AT LARGE", AT LARGE - D,,MILTON H. HERRING,67,3,43,21,0
Ben Hill,Williamson Mill,"CC, AT LARGE", AT LARGE - D,,MILTON H. HERRING,8,2,6,0,0
Ben Hill,Special East,"CC, AT LARGE", AT LARGE - D,,MILTON H. HERRING,16,0,12,4,0
Ben Hill,Special West,"CC, AT LARGE", AT LARGE - D,,MILTON H. HERRING,46,2,36,8,0
Ben Hill,,"CC, AT LARGE", AT LARGE - D,,PHILLIP C JAY III,471,21,291,159,0
Ben Hill,East,"CC, AT LARGE", AT LARGE - D,,PHILLIP C JAY III,178,4,108,66,0
Ben Hill,West,"CC, AT LARGE", AT LARGE - D,,PHILLIP C JAY III,175,14,105,56,0
Ben Hill,Williamson Mill,"CC, AT LARGE", AT LARGE - D,,PHILLIP C JAY III,7,0,6,1,0
Ben Hill,Special East,"CC, AT LARGE", AT LARGE - D,,PHILLIP C JAY III,27,2,19,6,0
Ben Hill,Special West,"CC, AT LARGE", AT LARGE - D,,PHILLIP C JAY III,84,1,53,30,0
Ben Hill,,"CC, D2 P1", D2 P1 - D,,BENNIE CALLOWAY ,438,17,273,148,0
Ben Hill,East,"CC, D2 P1", D2 P1 - D,,BENNIE CALLOWAY ,320,8,202,110,0
Ben Hill,West,"CC, D2 P1", D2 P1 - D,,BENNIE CALLOWAY ,70,6,41,23,0
Ben Hill,Special East,"CC, D2 P1", D2 P1 - D,,BENNIE CALLOWAY ,14,2,8,4,0
Ben Hill,Special West,"CC, D2 P1", D2 P1 - D,,BENNIE CALLOWAY ,34,1,22,11,0
Ben Hill,,"CC, D3 P2", D3 P2 - R,,DANIEL COWAN,748,14,543,191,0
Ben Hill,East,"CC, D3 P2", D3 P2 - R,,DANIEL COWAN,1,0,0,1,0
Ben Hill,West,"CC, D3 P2", D3 P2 - R,,DANIEL COWAN,454,9,309,136,0
Ben Hill,Williamson Mill,"CC, D3 P2", D3 P2 - R,,DANIEL COWAN,30,0,28,2,0
Ben Hill,Special East,"CC, D3 P2", D3 P2 - R,,DANIEL COWAN,42,0,32,10,0
Ben Hill,Special West,"CC, D3 P2", D3 P2 - R,,DANIEL COWAN,221,5,174,42,0
Ben Hill,,"CC, D3 P2", D3 P2 - D,,KATHY DAVIS ,289,15,187,87,0
Ben Hill,East,"CC, D3 P2", D3 P2 - D,,KATHY DAVIS ,1,0,0,1,0
Ben Hill,West,"CC, D3 P2", D3 P2 - D,,KATHY DAVIS ,152,10,91,51,0
Ben Hill,Williamson Mill,"CC, D3 P2", D3 P2 - D,,KATHY DAVIS ,13,2,10,1,0
Ben Hill,Special East,"CC, D3 P2", D3 P2 - D,,KATHY DAVIS ,29,0,21,8,0
Ben Hill,Special West,"CC, D3 P2", D3 P2 - D,,KATHY DAVIS ,94,3,65,26,0
Ben Hill,,COMMITTEE OF DEM PARTY,,,SHIRLEY BROOKS,640,25,412,203,0
Ben Hill,East,COMMITTEE OF DEM PARTY,,,SHIRLEY BROOKS,273,8,171,94,0
Ben Hill,West,COMMITTEE OF DEM PARTY,,,SHIRLEY BROOKS,201,12,128,61,0
Ben Hill,Williamson Mill,COMMITTEE OF DEM PARTY,,,SHIRLEY BROOKS,13,2,10,1,0
Ben Hill,Special East,COMMITTEE OF DEM PARTY,,,SHIRLEY BROOKS,39,2,26,11,0
Ben Hill,Special West,COMMITTEE OF DEM PARTY,,,SHIRLEY BROOKS,114,1,77,36,0
Ben Hill,,COMMITTEE OF DEM PARTY,,,CHARLES L. CONEY,570,24,370,176,0
Ben Hill,East,COMMITTEE OF DEM PARTY,,,CHARLES L. CONEY,242,8,156,78,0
Ben Hill,West,COMMITTEE OF DEM PARTY,,,CHARLES L. CONEY,174,11,106,57,0
Ben Hill,Williamson Mill,COMMITTEE OF DEM PARTY,,,CHARLES L. CONEY,13,2,10,1,0
Ben Hill,Special East,COMMITTEE OF DEM PARTY,,,CHARLES L. CONEY,35,2,23,10,0
Ben Hill,Special West,COMMITTEE OF DEM PARTY,,,CHARLES L. CONEY,106,1,75,30,0
Ben Hill,,COMMITTEE OF DEM PARTY,,,THERESA DAVIS,617,26,394,197,0
Ben Hill,East,COMMITTEE OF DEM PARTY,,,THERESA DAVIS,262,8,165,89,0
Ben Hill,West,COMMITTEE OF DEM PARTY,,,THERESA DAVIS,193,13,119,61,0
Ben Hill,Williamson Mill,COMMITTEE OF DEM PARTY,,,THERESA DAVIS,14,2,11,1,0
Ben Hill,Special East,COMMITTEE OF DEM PARTY,,,THERESA DAVIS,39,2,25,12,0
Ben Hill,Special West,COMMITTEE OF DEM PARTY,,,THERESA DAVIS,109,1,74,34,0
Ben Hill,,COMMITTEE OF DEM PARTY,,,SHERRY SUE E. DAVIS,583,26,378,179,0
Ben Hill,East,COMMITTEE OF DEM PARTY,,,SHERRY SUE E. DAVIS,247,8,158,81,0
Ben Hill,West,COMMITTEE OF DEM PARTY,,,SHERRY SUE E. DAVIS,185,13,114,58,0
Ben Hill,Williamson Mill,COMMITTEE OF DEM PARTY,,,SHERRY SUE E. DAVIS,14,2,10,2,0
Ben Hill,Special East,COMMITTEE OF DEM PARTY,,,SHERRY SUE E. DAVIS,30,2,20,8,0
Ben Hill,Special West,COMMITTEE OF DEM PARTY,,,SHERRY SUE E. DAVIS,107,1,76,30,0
Ben Hill,,COMMITTEE OF DEM PARTY,,,IDA THOMAS FERGUSON,585,27,378,180,0
Ben Hill,East,COMMITTEE OF DEM PARTY,,,IDA THOMAS FERGUSON,247,8,160,79,0
Ben Hill,West,COMMITTEE OF DEM PARTY,,,IDA THOMAS FERGUSON,183,13,111,59,0
Ben Hill,Williamson Mill,COMMITTEE OF DEM PARTY,,,IDA THOMAS FERGUSON,14,2,10,2,0
Ben Hill,Special East,COMMITTEE OF DEM PARTY,,,IDA THOMAS FERGUSON,36,2,24,10,0
Ben Hill,Special West,COMMITTEE OF DEM PARTY,,,IDA THOMAS FERGUSON,105,2,73,30,0
Ben Hill,,COMMITTEE OF DEM PARTY,,,CAMBRON M. JORDAN,553,26,352,175,0
Ben Hill,East,COMMITTEE OF DEM PARTY,,,CAMBRON M. JORDAN,219,7,141,71,0
Ben Hill,West,COMMITTEE OF DEM PARTY,,,CAMBRON M. JORDAN,186,14,109,63,0
Ben Hill,Williamson Mill,COMMITTEE OF DEM PARTY,,,CAMBRON M. JORDAN,13,2,10,1,0
Ben Hill,Special East,COMMITTEE OF DEM PARTY,,,CAMBRON M. JORDAN,33,2,22,9,0
Ben Hill,Special West,COMMITTEE OF DEM PARTY,,,CAMBRON M. JORDAN,102,1,70,31,0
Ben Hill,,COMMITTEE OF DEM PARTY,,,PENSON KAMINSKY,535,29,331,175,0
Ben Hill,East,COMMITTEE OF DEM PARTY,,,PENSON KAMINSKY,203,8,127,68,0
Ben Hill,West,COMMITTEE OF DEM PARTY,,,PENSON KAMINSKY,188,14,109,65,0
Ben Hill,Williamson Mill,COMMITTEE OF DEM PARTY,,,PENSON KAMINSKY,12,2,10,0,0
Ben Hill,Special East,COMMITTEE OF DEM PARTY,,,PENSON KAMINSKY,30,2,20,8,0
Ben Hill,Special West,COMMITTEE OF DEM PARTY,,,PENSON KAMINSKY,102,3,65,34,0
Ben Hill,,COMMITTEE OF DEM PARTY,,,JANICE L. LAWSON,563,26,362,175,0
Ben Hill,East,COMMITTEE OF DEM PARTY,,,JANICE L. LAWSON,244,8,157,79,0
Ben Hill,West,COMMITTEE OF DEM PARTY,,,JANICE L. LAWSON,174,13,104,57,0
Ben Hill,Williamson Mill,COMMITTEE OF DEM PARTY,,,JANICE L. LAWSON,12,2,9,1,0
Ben Hill,Special East,COMMITTEE OF DEM PARTY,,,JANICE L. LAWSON,32,2,20,10,0
Ben Hill,Special West,COMMITTEE OF DEM PARTY,,,JANICE L. LAWSON,101,1,72,28,0
Ben Hill,,COMMITTEE OF DEM PARTY,,,JOSEPH C. MANLEY,551,26,354,171,0
Ben Hill,East,COMMITTEE OF DEM PARTY,,,JOSEPH C. MANLEY,233,8,150,75,0
Ben Hill,West,COMMITTEE OF DEM PARTY,,,JOSEPH C. MANLEY,170,13,101,56,0
Ben Hill,Williamson Mill,COMMITTEE OF DEM PARTY,,,JOSEPH C. MANLEY,12,2,9,1,0
Ben Hill,Special East,COMMITTEE OF DEM PARTY,,,JOSEPH C. MANLEY,33,2,21,10,0
Ben Hill,Special West,COMMITTEE OF DEM PARTY,,,JOSEPH C. MANLEY,103,1,73,29,0
Ben Hill,,COMMITTEE OF DEM PARTY,,,GERALDINE ROGERS,572,26,368,178,0
Ben Hill,East,COMMITTEE OF DEM PARTY,,,GERALDINE ROGERS,249,8,162,79,0
Ben Hill,West,COMMITTEE OF DEM PARTY,,,GERALDINE ROGERS,176,13,105,58,0
Ben Hill,Williamson Mill,COMMITTEE OF DEM PARTY,,,GERALDINE ROGERS,13,2,9,2,0
Ben Hill,Special East,COMMITTEE OF DEM PARTY,,,GERALDINE ROGERS,33,2,21,10,0
Ben Hill,Special West,COMMITTEE OF DEM PARTY,,,GERALDINE ROGERS,101,1,71,29,0
Ben Hill,,COMMITTEE OF DEM PARTY,,,JACQUELINE SEARCY,575,26,367,182,0
Ben Hill,East,COMMITTEE OF DEM PARTY,,,JACQUELINE SEARCY,248,8,154,86,0
Ben Hill,West,COMMITTEE OF DEM PARTY,,,JACQUELINE SEARCY,179,13,109,57,0
Ben Hill,Williamson Mill,COMMITTEE OF DEM PARTY,,,JACQUELINE SEARCY,12,2,9,1,0
Ben Hill,Special East,COMMITTEE OF DEM PARTY,,,JACQUELINE SEARCY,32,2,21,9,0
Ben Hill,Special West,COMMITTEE OF DEM PARTY,,,JACQUELINE SEARCY,104,1,74,29,0
Ben Hill,,COMMITTEE OF DEM PARTY,,,WILLIE J. STEWART,569,26,366,177,0
Ben Hill,East,COMMITTEE OF DEM PARTY,,,WILLIE J. STEWART,239,8,152,79,0
Ben Hill,West,COMMITTEE OF DEM PARTY,,,WILLIE J. STEWART,180,13,111,56,0
Ben Hill,Williamson Mill,COMMITTEE OF DEM PARTY,,,WILLIE J. STEWART,13,2,9,2,0
Ben Hill,Special East,COMMITTEE OF DEM PARTY,,,WILLIE J. STEWART,37,2,25,10,0
Ben Hill,Special West,COMMITTEE OF DEM PARTY,,,WILLIE J. STEWART,100,1,69,30,0
Ben Hill,,COMMITTEE OF DEM PARTY,,,DEBRA THORNTON,539,27,348,164,0
Ben Hill,East,COMMITTEE OF DEM PARTY,,,DEBRA THORNTON,221,8,143,70,0
Ben Hill,West,COMMITTEE OF DEM PARTY,,,DEBRA THORNTON,176,14,107,55,0
Ben Hill,Williamson Mill,COMMITTEE OF DEM PARTY,,,DEBRA THORNTON,12,2,9,1,0
Ben Hill,Special East,COMMITTEE OF DEM PARTY,,,DEBRA THORNTON,30,2,20,8,0
Ben Hill,Special West,COMMITTEE OF DEM PARTY,,,DEBRA THORNTON,100,1,69,30,0
Ben Hill,,COMMITTEE OF DEM PARTY,,,GEORGE VEREEN,610,26,384,200,0
Ben Hill,East,COMMITTEE OF DEM PARTY,,,GEORGE VEREEN,266,8,167,91,0
Ben Hill,West,COMMITTEE OF DEM PARTY,,,GEORGE VEREEN,193,13,116,64,0
Ben Hill,Williamson Mill,COMMITTEE OF DEM PARTY,,,GEORGE VEREEN,12,2,9,1,0
Ben Hill,Special East,COMMITTEE OF DEM PARTY,,,GEORGE VEREEN,36,2,22,12,0
Ben Hill,Special West,COMMITTEE OF DEM PARTY,,,GEORGE VEREEN,103,1,70,32,0
Ben Hill,,Republican Party Question 1<br>Should Georgia have casino gambling with funds going to education?,,REP,YES,513,10,367,136,0
Ben Hill,East,Republican Party Question 1<br>Should Georgia have casino gambling with funds going to education?,,REP,YES,93,0,62,31,0
Ben Hill,West,Republican Party Question 1<br>Should Georgia have casino gambling with funds going to education?,,REP,YES,258,6,180,72,0
Ben Hill,Williamson Mill,Republican Party Question 1<br>Should Georgia have casino gambling with funds going to education?,,REP,YES,16,0,16,0,0
Ben Hill,Special East,Republican Party Question 1<br>Should Georgia have casino gambling with funds going to education?,,REP,YES,25,0,18,7,0
Ben Hill,Special West,Republican Party Question 1<br>Should Georgia have casino gambling with funds going to education?,,REP,YES,121,4,91,26,0
Ben Hill,,Republican Party Question 1<br>Should Georgia have casino gambling with funds going to education?,,REP,NO,732,13,486,233,0
Ben Hill,East,Republican Party Question 1<br>Should Georgia have casino gambling with funds going to education?,,REP,NO,146,0,91,55,0
Ben Hill,West,Republican Party Question 1<br>Should Georgia have casino gambling with funds going to education?,,REP,NO,333,8,214,111,0
Ben Hill,Williamson Mill,Republican Party Question 1<br>Should Georgia have casino gambling with funds going to education?,,REP,NO,18,0,16,2,0
Ben Hill,Special East,Republican Party Question 1<br>Should Georgia have casino gambling with funds going to education?,,REP,NO,38,1,29,8,0
Ben Hill,Special West,Republican Party Question 1<br>Should Georgia have casino gambling with funds going to education?,,REP,NO,197,4,136,57,0
Ben Hill,,Republican Party Question 2<br>Do you support ending the current practice of unlimited gifts from lobbyists to state legislators by imposing a $100 cap on such gifts?,,REP,YES,1031,22,707,302,0
Ben Hill,East,Republican Party Question 2<br>Do you support ending the current practice of unlimited gifts from lobbyists to state legislators by imposing a $100 cap on such gifts?,,REP,YES,197,0,123,74,0
Ben Hill,West,Republican Party Question 2<br>Do you support ending the current practice of unlimited gifts from lobbyists to state legislators by imposing a $100 cap on such gifts?,,REP,YES,490,13,336,141,0
Ben Hill,Williamson Mill,Republican Party Question 2<br>Do you support ending the current practice of unlimited gifts from lobbyists to state legislators by imposing a $100 cap on such gifts?,,REP,YES,24,0,23,1,0
Ben Hill,Special East,Republican Party Question 2<br>Do you support ending the current practice of unlimited gifts from lobbyists to state legislators by imposing a $100 cap on such gifts?,,REP,YES,50,1,36,13,0
Ben Hill,Special West,Republican Party Question 2<br>Do you support ending the current practice of unlimited gifts from lobbyists to state legislators by imposing a $100 cap on such gifts?,,REP,YES,270,8,189,73,0
Ben Hill,,Republican Party Question 2<br>Do you support ending the current practice of unlimited gifts from lobbyists to state legislators by imposing a $100 cap on such gifts?,,REP,NO,196,1,129,66,0
Ben Hill,East,Republican Party Question 2<br>Do you support ending the current practice of unlimited gifts from lobbyists to state legislators by imposing a $100 cap on such gifts?,,REP,NO,40,0,27,13,0
Ben Hill,West,Republican Party Question 2<br>Do you support ending the current practice of unlimited gifts from lobbyists to state legislators by imposing a $100 cap on such gifts?,,REP,NO,92,1,51,40,0
Ben Hill,Williamson Mill,Republican Party Question 2<br>Do you support ending the current practice of unlimited gifts from lobbyists to state legislators by imposing a $100 cap on such gifts?,,REP,NO,10,0,9,1,0
Ben Hill,Special East,Republican Party Question 2<br>Do you support ending the current practice of unlimited gifts from lobbyists to state legislators by imposing a $100 cap on such gifts?,,REP,NO,12,0,10,2,0
Ben Hill,Special West,Republican Party Question 2<br>Do you support ending the current practice of unlimited gifts from lobbyists to state legislators by imposing a $100 cap on such gifts?,,REP,NO,42,0,32,10,0
Ben Hill,,Republican Party Question 3<br>Should active duty military personnel who are under the age of 21 be allowed to obtain a Georgia weapons license?,,REP,YES,877,15,601,261,0
Ben Hill,East,Republican Party Question 3<br>Should active duty military personnel who are under the age of 21 be allowed to obtain a Georgia weapons license?,,REP,YES,167,0,103,64,0
Ben Hill,West,Republican Party Question 3<br>Should active duty military personnel who are under the age of 21 be allowed to obtain a Georgia weapons license?,,REP,YES,418,10,283,125,0
Ben Hill,Williamson Mill,Republican Party Question 3<br>Should active duty military personnel who are under the age of 21 be allowed to obtain a Georgia weapons license?,,REP,YES,25,0,23,2,0
Ben Hill,Special East,Republican Party Question 3<br>Should active duty military personnel who are under the age of 21 be allowed to obtain a Georgia weapons license?,,REP,YES,42,0,33,9,0
Ben Hill,Special West,Republican Party Question 3<br>Should active duty military personnel who are under the age of 21 be allowed to obtain a Georgia weapons license?,,REP,YES,225,5,159,61,0
Ben Hill,,Republican Party Question 3<br>Should active duty military personnel who are under the age of 21 be allowed to obtain a Georgia weapons license?,,REP,NO,359,8,246,105,0
Ben Hill,East,Republican Party Question 3<br>Should active duty military personnel who are under the age of 21 be allowed to obtain a Georgia weapons license?,,REP,NO,72,0,49,23,0
Ben Hill,West,Republican Party Question 3<br>Should active duty military personnel who are under the age of 21 be allowed to obtain a Georgia weapons license?,,REP,NO,167,4,109,54,0
Ben Hill,Williamson Mill,Republican Party Question 3<br>Should active duty military personnel who are under the age of 21 be allowed to obtain a Georgia weapons license?,,REP,NO,9,0,9,0,0
Ben Hill,Special East,Republican Party Question 3<br>Should active duty military personnel who are under the age of 21 be allowed to obtain a Georgia weapons license?,,REP,NO,19,1,13,5,0
Ben Hill,Special West,Republican Party Question 3<br>Should active duty military personnel who are under the age of 21 be allowed to obtain a Georgia weapons license?,,REP,NO,92,3,66,23,0
Ben Hill,,Republican Party Question 4<br>Should Citizens who wish to vote in a primary election be required to register by their political party affiliation at least thirty (30) days prior to such primary election?,,REP,YES,551,8,365,178,0
Ben Hill,East,Republican Party Question 4<br>Should Citizens who wish to vote in a primary election be required to register by their political party affiliation at least thirty (30) days prior to such primary election?,,REP,YES,120,0,70,50,0
Ben Hill,West,Republican Party Question 4<br>Should Citizens who wish to vote in a primary election be required to register by their political party affiliation at least thirty (30) days prior to such primary election?,,REP,YES,261,8,170,83,0
Ben Hill,Williamson Mill,Republican Party Question 4<br>Should Citizens who wish to vote in a primary election be required to register by their political party affiliation at least thirty (30) days prior to such primary election?,,REP,YES,9,0,8,1,0
Ben Hill,Special East,Republican Party Question 4<br>Should Citizens who wish to vote in a primary election be required to register by their political party affiliation at least thirty (30) days prior to such primary election?,,REP,YES,30,0,23,7,0
Ben Hill,Special West,Republican Party Question 4<br>Should Citizens who wish to vote in a primary election be required to register by their political party affiliation at least thirty (30) days prior to such primary election?,,REP,YES,131,0,94,37,0
Ben Hill,,Republican Party Question 4<br>Should Citizens who wish to vote in a primary election be required to register by their political party affiliation at least thirty (30) days prior to such primary election?,,REP,NO,672,14,470,188,0
Ben Hill,East,Republican Party Question 4<br>Should Citizens who wish to vote in a primary election be required to register by their political party affiliation at least thirty (30) days prior to such primary election?,,REP,NO,114,0,78,36,0
Ben Hill,West,Republican Party Question 4<br>Should Citizens who wish to vote in a primary election be required to register by their political party affiliation at least thirty (30) days prior to such primary election?,,REP,NO,320,5,219,96,0
Ben Hill,Williamson Mill,Republican Party Question 4<br>Should Citizens who wish to vote in a primary election be required to register by their political party affiliation at least thirty (30) days prior to such primary election?,,REP,NO,24,0,23,1,0
Ben Hill,Special East,Republican Party Question 4<br>Should Citizens who wish to vote in a primary election be required to register by their political party affiliation at least thirty (30) days prior to such primary election?,,REP,NO,31,1,22,8,0
Ben Hill,Special West,Republican Party Question 4<br>Should Citizens who wish to vote in a primary election be required to register by their political party affiliation at least thirty (30) days prior to such primary election?,,REP,NO,183,8,128,47,0
Ben Hill,,Republican Party Question 5 <br>Life Amendment Question,,REP,YES,867,13,603,251,0
Ben Hill,East,Republican Party Question 5 <br>Life Amendment Question,,REP,YES,178,0,109,69,0
Ben Hill,West,Republican Party Question 5 <br>Life Amendment Question,,REP,YES,387,7,265,115,0
Ben Hill,Williamson Mill,Republican Party Question 5 <br>Life Amendment Question,,REP,YES,19,0,17,2,0
Ben Hill,Special East,Republican Party Question 5 <br>Life Amendment Question,,REP,YES,45,1,35,9,0
Ben Hill,Special West,Republican Party Question 5 <br>Life Amendment Question,,REP,YES,238,5,177,56,0
Ben Hill,,Republican Party Question 5 <br>Life Amendment Question,,REP,NO,310,8,198,104,0
Ben Hill,East,Republican Party Question 5 <br>Life Amendment Question,,REP,NO,46,0,32,14,0
Ben Hill,West,Republican Party Question 5 <br>Life Amendment Question,,REP,NO,171,5,106,60,0
Ben Hill,Williamson Mill,Republican Party Question 5 <br>Life Amendment Question,,REP,NO,8,0,8,0,0
Ben Hill,Special East,Republican Party Question 5 <br>Life Amendment Question,,REP,NO,13,0,8,5,0
Ben Hill,Special West,Republican Party Question 5 <br>Life Amendment Question,,REP,NO,72,3,44,25,0
Ben Hill,,Democratic Party Question 1<br>Should the Georgia Constitution be amended to allow the state to override locally-elected school boards’ decisions when it comes to the creation of charter schools in your county or city?,,DEM,YES,316,19,193,104,0
Ben Hill,East,Democratic Party Question 1<br>Should the Georgia Constitution be amended to allow the state to override locally-elected school boards’ decisions when it comes to the creation of charter schools in your county or city?,,DEM,YES,152,6,87,59,0
Ben Hill,West,Democratic Party Question 1<br>Should the Georgia Constitution be amended to allow the state to override locally-elected school boards’ decisions when it comes to the creation of charter schools in your county or city?,,DEM,YES,82,9,52,21,0
Ben Hill,Williamson Mill,Democratic Party Question 1<br>Should the Georgia Constitution be amended to allow the state to override locally-elected school boards’ decisions when it comes to the creation of charter schools in your county or city?,,DEM,YES,6,0,4,2,0
Ben Hill,Special East,Democratic Party Question 1<br>Should the Georgia Constitution be amended to allow the state to override locally-elected school boards’ decisions when it comes to the creation of charter schools in your county or city?,,DEM,YES,26,2,17,7,0
Ben Hill,Special West,Democratic Party Question 1<br>Should the Georgia Constitution be amended to allow the state to override locally-elected school boards’ decisions when it comes to the creation of charter schools in your county or city?,,DEM,YES,50,2,33,15,0
Ben Hill,,Democratic Party Question 1<br>Should the Georgia Constitution be amended to allow the state to override locally-elected school boards’ decisions when it comes to the creation of charter schools in your county or city?,,DEM,NO,390,17,258,115,0
Ben Hill,East,Democratic Party Question 1<br>Should the Georgia Constitution be amended to allow the state to override locally-elected school boards’ decisions when it comes to the creation of charter schools in your county or city?,,DEM,NO,136,2,97,37,0
Ben Hill,West,Democratic Party Question 1<br>Should the Georgia Constitution be amended to allow the state to override locally-elected school boards’ decisions when it comes to the creation of charter schools in your county or city?,,DEM,NO,141,8,84,49,0
Ben Hill,Williamson Mill,Democratic Party Question 1<br>Should the Georgia Constitution be amended to allow the state to override locally-elected school boards’ decisions when it comes to the creation of charter schools in your county or city?,,DEM,NO,11,2,9,0,0
Ben Hill,Special East,Democratic Party Question 1<br>Should the Georgia Constitution be amended to allow the state to override locally-elected school boards’ decisions when it comes to the creation of charter schools in your county or city?,,DEM,NO,19,1,13,5,0
Ben Hill,Special West,Democratic Party Question 1<br>Should the Georgia Constitution be amended to allow the state to override locally-elected school boards’ decisions when it comes to the creation of charter schools in your county or city?,,DEM,NO,83,4,55,24,0
Ben Hill,,Democratic Party Question 2<br>Do you support ending current practice permitting unlimited gifts from lobbyists to state legislators?,,DEM,YES,477,30,289,158,0
Ben Hill,East,Democratic Party Question 2<br>Do you support ending current practice permitting unlimited gifts from lobbyists to state legislators?,,DEM,YES,182,7,112,63,0
Ben Hill,West,Democratic Party Question 2<br>Do you support ending current practice permitting unlimited gifts from lobbyists to state legislators?,,DEM,YES,165,12,94,59,0
Ben Hill,Williamson Mill,Democratic Party Question 2<br>Do you support ending current practice permitting unlimited gifts from lobbyists to state legislators?,,DEM,YES,10,2,7,1,0
Ben Hill,Special East,Democratic Party Question 2<br>Do you support ending current practice permitting unlimited gifts from lobbyists to state legislators?,,DEM,YES,30,3,18,9,0
Ben Hill,Special West,Democratic Party Question 2<br>Do you support ending current practice permitting unlimited gifts from lobbyists to state legislators?,,DEM,YES,90,6,58,26,0
Ben Hill,,Democratic Party Question 2<br>Do you support ending current practice permitting unlimited gifts from lobbyists to state legislators?,,DEM,NO,304,6,205,93,0
Ben Hill,East,Democratic Party Question 2<br>Do you support ending current practice permitting unlimited gifts from lobbyists to state legislators?,,DEM,NO,139,1,90,48,0
Ben Hill,West,Democratic Party Question 2<br>Do you support ending current practice permitting unlimited gifts from lobbyists to state legislators?,,DEM,NO,90,5,59,26,0
Ben Hill,Williamson Mill,Democratic Party Question 2<br>Do you support ending current practice permitting unlimited gifts from lobbyists to state legislators?,,DEM,NO,7,0,7,0,0
Ben Hill,Special East,Democratic Party Question 2<br>Do you support ending current practice permitting unlimited gifts from lobbyists to state legislators?,,DEM,NO,16,0,13,3,0
Ben Hill,Special West,Democratic Party Question 2<br>Do you support ending current practice permitting unlimited gifts from lobbyists to state legislators?,,DEM,NO,52,0,36,16,0
Ben Hill,,Democratic Party Question 3<br>Should Georgia adopt an income tax credit for home energy costs to support the economic security of our families?,,DEM,YES,606,29,379,198,0
Ben Hill,East,Democratic Party Question 3<br>Should Georgia adopt an income tax credit for home energy costs to support the economic security of our families?,,DEM,YES,260,6,165,89,0
Ben Hill,West,Democratic Party Question 3<br>Should Georgia adopt an income tax credit for home energy costs to support the economic security of our families?,,DEM,YES,190,15,110,65,0
Ben Hill,Williamson Mill,Democratic Party Question 3<br>Should Georgia adopt an income tax credit for home energy costs to support the economic security of our families?,,DEM,YES,11,2,8,1,0
Ben Hill,Special East,Democratic Party Question 3<br>Should Georgia adopt an income tax credit for home energy costs to support the economic security of our families?,,DEM,YES,40,3,27,10,0
Ben Hill,Special West,Democratic Party Question 3<br>Should Georgia adopt an income tax credit for home energy costs to support the economic security of our families?,,DEM,YES,105,3,69,33,0
Ben Hill,,Democratic Party Question 3<br>Should Georgia adopt an income tax credit for home energy costs to support the economic security of our families?,,DEM,NO,176,7,116,53,0
Ben Hill,East,Democratic Party Question 3<br>Should Georgia adopt an income tax credit for home energy costs to support the economic security of our families?,,DEM,NO,71,2,45,24,0
Ben Hill,West,Democratic Party Question 3<br>Should Georgia adopt an income tax credit for home energy costs to support the economic security of our families?,,DEM,NO,59,2,39,18,0
Ben Hill,Williamson Mill,Democratic Party Question 3<br>Should Georgia adopt an income tax credit for home energy costs to support the economic security of our families?,,DEM,NO,5,0,5,0,0
Ben Hill,Special East,Democratic Party Question 3<br>Should Georgia adopt an income tax credit for home energy costs to support the economic security of our families?,,DEM,NO,7,0,5,2,0
Ben Hill,Special West,Democratic Party Question 3<br>Should Georgia adopt an income tax credit for home energy costs to support the economic security of our families?,,DEM,NO,34,3,22,9,0
Ben Hill,,Democratic Party Question 4 <br>Should Georgia reduce sales taxes on Made in Georgia products so as to support the growth of small businesses in our state?,,DEM,YES,686,34,436,216,0
Ben Hill,East,Democratic Party Question 4 <br>Should Georgia reduce sales taxes on Made in Georgia products so as to support the growth of small businesses in our state?,,DEM,YES,298,8,191,99,0
Ben Hill,West,Democratic Party Question 4 <br>Should Georgia reduce sales taxes on Made in Georgia products so as to support the growth of small businesses in our state?,,DEM,YES,202,15,122,65,0
Ben Hill,Williamson Mill,Democratic Party Question 4 <br>Should Georgia reduce sales taxes on Made in Georgia products so as to support the growth of small businesses in our state?,,DEM,YES,13,2,9,2,0
Ben Hill,Special East,Democratic Party Question 4 <br>Should Georgia reduce sales taxes on Made in Georgia products so as to support the growth of small businesses in our state?,,DEM,YES,43,3,29,11,0
Ben Hill,Special West,Democratic Party Question 4 <br>Should Georgia reduce sales taxes on Made in Georgia products so as to support the growth of small businesses in our state?,,DEM,YES,130,6,85,39,0
Ben Hill,,Democratic Party Question 4 <br>Should Georgia reduce sales taxes on Made in Georgia products so as to support the growth of small businesses in our state?,,DEM,NO,112,2,69,41,0
Ben Hill,East,Democratic Party Question 4 <br>Should Georgia reduce sales taxes on Made in Georgia products so as to support the growth of small businesses in our state?,,DEM,NO,36,0,19,17,0
Ben Hill,West,Democratic Party Question 4 <br>Should Georgia reduce sales taxes on Made in Georgia products so as to support the growth of small businesses in our state?,,DEM,NO,51,2,30,19,0
Ben Hill,Williamson Mill,Democratic Party Question 4 <br>Should Georgia reduce sales taxes on Made in Georgia products so as to support the growth of small businesses in our state?,,DEM,NO,5,0,5,0,0
Ben Hill,Special East,Democratic Party Question 4 <br>Should Georgia reduce sales taxes on Made in Georgia products so as to support the growth of small businesses in our state?,,DEM,NO,4,0,3,1,0
Ben Hill,Special West,Democratic Party Question 4 <br>Should Georgia reduce sales taxes on Made in Georgia products so as to support the growth of small businesses in our state?,,DEM,NO,16,0,12,4,0
Ben Hill,,Supreme Court Justice, Hunstein,,CAROL W. HUNSTEIN,1696,47,1120,529,0
Ben Hill,East,Supreme Court Justice, Hunstein,,CAROL W. HUNSTEIN,462,6,287,169,0
Ben Hill,West,Supreme Court Justice, Hunstein,,CAROL W. HUNSTEIN,703,28,451,224,0
Ben Hill,Williamson Mill,Supreme Court Justice, Hunstein,,CAROL W. HUNSTEIN,41,2,37,2,0
Ben Hill,Special East,Supreme Court Justice, Hunstein,,CAROL W. HUNSTEIN,95,2,69,24,0
Ben Hill,Special West,Supreme Court Justice, Hunstein,,CAROL W. HUNSTEIN,395,9,276,110,0
Ben Hill,,Supreme Court Justice, Hunstein,,Write-in,5,0,3,2,0
Ben Hill,East,Supreme Court Justice, Hunstein,,Write-in,1,0,1,0,0
Ben Hill,West,Supreme Court Justice, Hunstein,,Write-in,3,0,1,2,0
Ben Hill,Williamson Mill,Supreme Court Justice, Hunstein,,Write-in,0,0,0,0,0
Ben Hill,Special East,Supreme Court Justice, Hunstein,,Write-in,0,0,0,0,0
Ben Hill,Special West,Supreme Court Justice, Hunstein,,Write-in,1,0,1,0,0
Ben Hill,,Supreme Court Justice, Melton,,HAROLD D. MELTON ,1687,45,1119,523,0
Ben Hill,East,Supreme Court Justice, Melton,,HAROLD D. MELTON ,466,6,291,169,0
Ben Hill,West,Supreme Court Justice, Melton,,HAROLD D. MELTON ,695,26,447,222,0
Ben Hill,Williamson Mill,Supreme Court Justice, Melton,,HAROLD D. MELTON ,40,2,36,2,0
Ben Hill,Special East,Supreme Court Justice, Melton,,HAROLD D. MELTON ,95,2,69,24,0
Ben Hill,Special West,Supreme Court Justice, Melton,,HAROLD D. MELTON ,391,9,276,106,0
Ben Hill,,Supreme Court Justice, Melton,,Write-in,2,1,1,0,0
Ben Hill,East,Supreme Court Justice, Melton,,Write-in,0,0,0,0,0
Ben Hill,West,Supreme Court Justice, Melton,,Write-in,2,1,1,0,0
Ben Hill,Williamson Mill,Supreme Court Justice, Melton,,Write-in,0,0,0,0,0
Ben Hill,Special East,Supreme Court Justice, Melton,,Write-in,0,0,0,0,0
Ben Hill,Special West,Supreme Court Justice, Melton,,Write-in,0,0,0,0,0
Ben Hill,,Supreme Court Justice, Thompson,,HUGH P. THOMPSON ,1684,48,1115,521,0
Ben Hill,East,Supreme Court Justice, Thompson,,HUGH P. THOMPSON ,456,6,285,165,0
Ben Hill,West,Supreme Court Justice, Thompson,,HUGH P. THOMPSON ,697,29,446,222,0
Ben Hill,Williamson Mill,Supreme Court Justice, Thompson,,HUGH P. THOMPSON ,40,2,36,2,0
Ben Hill,Special East,Supreme Court Justice, Thompson,,HUGH P. THOMPSON ,97,2,70,25,0
Ben Hill,Special West,Supreme Court Justice, Thompson,,HUGH P. THOMPSON ,394,9,278,107,0
Ben Hill,,Supreme Court Justice, Thompson,,Write-in,1,0,0,1,0
Ben Hill,East,Supreme Court Justice, Thompson,,Write-in,0,0,0,0,0
Ben Hill,West,Supreme Court Justice, Thompson,,Write-in,1,0,0,1,0
Ben Hill,Williamson Mill,Supreme Court Justice, Thompson,,Write-in,0,0,0,0,0
Ben Hill,Special East,Supreme Court Justice, Thompson,,Write-in,0,0,0,0,0
Ben Hill,Special West,Supreme Court Justice, Thompson,,Write-in,0,0,0,0,0
Ben Hill,,Appeals Court Judge, Boggs,,MICHAEL P. BOGGS ,1656,46,1094,516,0
Ben Hill,East,Appeals Court Judge, Boggs,,MICHAEL P. BOGGS ,449,6,277,166,0
Ben Hill,West,Appeals Court Judge, Boggs,,MICHAEL P. BOGGS ,683,27,438,218,0
Ben Hill,Williamson Mill,Appeals Court Judge, Boggs,,MICHAEL P. BOGGS ,41,2,37,2,0
Ben Hill,Special East,Appeals Court Judge, Boggs,,MICHAEL P. BOGGS ,97,2,70,25,0
Ben Hill,Special West,Appeals Court Judge, Boggs,,MICHAEL P. BOGGS ,386,9,272,105,0
Ben Hill,,Appeals Court Judge, Boggs,,Write-in,1,1,0,0,0
Ben Hill,East,Appeals Court Judge, Boggs,,Write-in,0,0,0,0,0
Ben Hill,West,Appeals Court Judge, Boggs,,Write-in,1,1,0,0,0
Ben Hill,Williamson Mill,Appeals Court Judge, Boggs,,Write-in,0,0,0,0,0
Ben Hill,Special East,Appeals Court Judge, Boggs,,Write-in,0,0,0,0,0
Ben Hill,Special West,Appeals Court Judge, Boggs,,Write-in,0,0,0,0,0
Ben Hill,,Appeals Court Judge, Dillard,,STEPHEN DILLARD ,1643,47,1089,507,0
Ben Hill,East,Appeals Court Judge, Dillard,,STEPHEN DILLARD ,447,6,280,161,0
Ben Hill,West,Appeals Court Judge, Dillard,,STEPHEN DILLARD ,676,28,432,216,0
Ben Hill,Williamson Mill,Appeals Court Judge, Dillard,,STEPHEN DILLARD ,40,2,36,2,0
Ben Hill,Special East,Appeals Court Judge, Dillard,,STEPHEN DILLARD ,96,2,70,24,0
Ben Hill,Special West,Appeals Court Judge, Dillard,,STEPHEN DILLARD ,384,9,271,104,0
Ben Hill,,Appeals Court Judge, Dillard,,Write-in,0,0,0,0,0
Ben Hill,East,Appeals Court Judge, Dillard,,Write-in,0,0,0,0,0
Ben Hill,West,Appeals Court Judge, Dillard,,Write-in,0,0,0,0,0
Ben Hill,Williamson Mill,Appeals Court Judge, Dillard,,Write-in,0,0,0,0,0
Ben Hill,Special East,Appeals Court Judge, Dillard,,Write-in,0,0,0,0,0
Ben Hill,Special West,Appeals Court Judge, Dillard,,Write-in,0,0,0,0,0
Ben Hill,,Appeals Court Judge, Ellington,,JOHN J. ELLINGTON,1648,46,1092,510,0
Ben Hill,East,Appeals Court Judge, Ellington,,JOHN J. ELLINGTON,446,6,280,160,0
Ben Hill,West,Appeals Court Judge, Ellington,,JOHN J. ELLINGTON,681,27,437,217,0
Ben Hill,Williamson Mill,Appeals Court Judge, Ellington,,JOHN J. ELLINGTON,41,2,37,2,0
Ben Hill,Special East,Appeals Court Judge, Ellington,,JOHN J. ELLINGTON,97,2,69,26,0
Ben Hill,Special West,Appeals Court Judge, Ellington,,JOHN J. ELLINGTON,383,9,269,105,0
Ben Hill,,Appeals Court Judge, Ellington,,Write-in,1,1,0,0,0
Ben Hill,East,Appeals Court Judge, Ellington,,Write-in,0,0,0,0,0
Ben Hill,West,Appeals Court Judge, Ellington,,Write-in,1,1,0,0,0
Ben Hill,Williamson Mill,Appeals Court Judge, Ellington,,Write-in,0,0,0,0,0
Ben Hill,Special East,Appeals Court Judge, Ellington,,Write-in,0,0,0,0,0
Ben Hill,Special West,Appeals Court Judge, Ellington,,Write-in,0,0,0,0,0
Ben Hill,,Appeals Court Judge, Miller,,M. YVETTE MILLER ,1644,46,1086,512,0
Ben Hill,East,Appeals Court Judge, Miller,,M. YVETTE MILLER ,446,6,275,165,0
Ben Hill,West,Appeals Court Judge, Miller,,M. YVETTE MILLER ,676,27,433,216,0
Ben Hill,Williamson Mill,Appeals Court Judge, Miller,,M. YVETTE MILLER ,41,2,37,2,0
Ben Hill,Special East,Appeals Court Judge, Miller,,M. YVETTE MILLER ,95,2,70,23,0
Ben Hill,Special West,Appeals Court Judge, Miller,,M. YVETTE MILLER ,386,9,271,106,0
Ben Hill,,Appeals Court Judge, Miller,,Write-in,1,1,0,0,0
Ben Hill,East,Appeals Court Judge, Miller,,Write-in,0,0,0,0,0
Ben Hill,West,Appeals Court Judge, Miller,,Write-in,1,1,0,0,0
Ben Hill,Williamson Mill,Appeals Court Judge, Miller,,Write-in,0,0,0,0,0
Ben Hill,Special East,Appeals Court Judge, Miller,,Write-in,0,0,0,0,0
Ben Hill,Special West,Appeals Court Judge, Miller,,Write-in,0,0,0,0,0
Ben Hill,,Appeals Court Judge, Phipps,,HERBERT PHIPPS ,1637,47,1083,507,0
Ben Hill,East,Appeals Court Judge, Phipps,,HERBERT PHIPPS ,441,6,275,160,0
Ben Hill,West,Appeals Court Judge, Phipps,,HERBERT PHIPPS ,678,28,433,217,0
Ben Hill,Williamson Mill,Appeals Court Judge, Phipps,,HERBERT PHIPPS ,41,2,37,2,0
Ben Hill,Special East,Appeals Court Judge, Phipps,,HERBERT PHIPPS ,95,2,70,23,0
Ben Hill,Special West,Appeals Court Judge, Phipps,,HERBERT PHIPPS ,382,9,268,105,0
Ben Hill,,Appeals Court Judge, Phipps,,Write-in,1,0,0,1,0
Ben Hill,East,Appeals Court Judge, Phipps,,Write-in,1,0,0,1,0
Ben Hill,West,Appeals Court Judge, Phipps,,Write-in,0,0,0,0,0
Ben Hill,Williamson Mill,Appeals Court Judge, Phipps,,Write-in,0,0,0,0,0
Ben Hill,Special East,Appeals Court Judge, Phipps,,Write-in,0,0,0,0,0
Ben Hill,Special West,Appeals Court Judge, Phipps,,Write-in,0,0,0,0,0
Ben Hill,,Superior Court Judge, Cordele Circuit (Chasteen),,ROBERT W CHASTEEN,1863,52,1230,581,0
Ben Hill,East,Superior Court Judge, Cordele Circuit (Chasteen),,ROBERT W CHASTEEN,517,6,325,186,0
Ben Hill,West,Superior Court Judge, Cordele Circuit (Chasteen),,ROBERT W CHASTEEN,785,30,503,252,0
Ben Hill,Williamson Mill,Superior Court Judge, Cordele Circuit (Chasteen),,ROBERT W CHASTEEN,44,2,40,2,0
Ben Hill,Special East,Superior Court Judge, Cordele Circuit (Chasteen),,ROBERT W CHASTEEN,102,2,73,27,0
Ben Hill,Special West,Superior Court Judge, Cordele Circuit (Chasteen),,ROBERT W CHASTEEN,415,12,289,114,0
Ben Hill,,Superior Court Judge, Cordele Circuit (Chasteen),,Write-in,4,0,2,2,0
Ben Hill,East,Superior Court Judge, Cordele Circuit (Chasteen),,Write-in,3,0,1,2,0
Ben Hill,West,Superior Court Judge, Cordele Circuit (Chasteen),,Write-in,0,0,0,0,0
Ben Hill,Williamson Mill,Superior Court Judge, Cordele Circuit (Chasteen),,Write-in,0,0,0,0,0
Ben Hill,Special East,Superior Court Judge, Cordele Circuit (Chasteen),,Write-in,0,0,0,0,0
Ben Hill,Special West,Superior Court Judge, Cordele Circuit (Chasteen),,Write-in,1,0,1,0,0
Ben Hill,,Superior Court Judge, Cordele Circuit (Hughes),,CHRIS HUGHES ,1836,51,1214,571,0
Ben Hill,East,Superior Court Judge, Cordele Circuit (Hughes),,CHRIS HUGHES ,498,5,314,179,0
Ben Hill,West,Superior Court Judge, Cordele Circuit (Hughes),,CHRIS HUGHES ,783,31,504,248,0
Ben Hill,Williamson Mill,Superior Court Judge, Cordele Circuit (Hughes),,CHRIS HUGHES ,43,2,39,2,0
Ben Hill,Special East,Superior Court Judge, Cordele Circuit (Hughes),,CHRIS HUGHES ,100,2,72,26,0
Ben Hill,Special West,Superior Court Judge, Cordele Circuit (Hughes),,CHRIS HUGHES ,412,11,285,116,0
Ben Hill,,Superior Court Judge, Cordele Circuit (Hughes),,Write-in,3,0,0,3,0
Ben Hill,East,Superior Court Judge, Cordele Circuit (Hughes),,Write-in,2,0,0,2,0
Ben Hill,West,Superior Court Judge, Cordele Circuit (Hughes),,Write-in,1,0,0,1,0
Ben Hill,Williamson Mill,Superior Court Judge, Cordele Circuit (Hughes),,Write-in,0,0,0,0,0
Ben Hill,Special East,Superior Court Judge, Cordele Circuit (Hughes),,Write-in,0,0,0,0,0
Ben Hill,Special West,Superior Court Judge, Cordele Circuit (Hughes),,Write-in,0,0,0,0,0
Ben Hill,,Superior Court Judge, Cordele Circuit (Pridgen),,JOHN C. PRIDGEN ,1741,47,1160,534,0
Ben Hill,East,Superior Court Judge, Cordele Circuit (Pridgen),,JOHN C. PRIDGEN ,475,6,299,170,0
Ben Hill,West,Superior Court Judge, Cordele Circuit (Pridgen),,JOHN C. PRIDGEN ,731,27,474,230,0
Ben Hill,Williamson Mill,Superior Court Judge, Cordele Circuit (Pridgen),,JOHN C. PRIDGEN ,43,2,39,2,0
Ben Hill,Special East,Superior Court Judge, Cordele Circuit (Pridgen),,JOHN C. PRIDGEN ,95,2,69,24,0
Ben Hill,Special West,Superior Court Judge, Cordele Circuit (Pridgen),,JOHN C. PRIDGEN ,397,10,279,108,0
Ben Hill,,Superior Court Judge, Cordele Circuit (Pridgen),,Write-in,6,0,4,2,0
Ben Hill,East,Superior Court Judge, Cordele Circuit (Pridgen),,Write-in,1,0,0,1,0
Ben Hill,West,Superior Court Judge, Cordele Circuit (Pridgen),,Write-in,5,0,4,1,0
Ben Hill,Williamson Mill,Superior Court Judge, Cordele Circuit (Pridgen),,Write-in,0,0,0,0,0
Ben Hill,Special East,Superior Court Judge, Cordele Circuit (Pridgen),,Write-in,0,0,0,0,0
Ben Hill,Special West,Superior Court Judge, Cordele Circuit (Pridgen),,Write-in,0,0,0,0,0
Ben Hill,,BOE, D4,,THERESA DAVIS,230,4,160,66,0
Ben Hill,East,BOE, D4,,THERESA DAVIS,186,3,127,56,0
Ben Hill,West,BOE, D4,,THERESA DAVIS,43,1,32,10,0
Ben Hill,Special East,BOE, D4,,THERESA DAVIS,1,0,1,0,0
Ben Hill,,BOE, D4,,Write-in,3,0,2,1,0
Ben Hill,East,BOE, D4,,Write-in,2,0,1,1,0
Ben Hill,West,BOE, D4,,Write-in,1,0,1,0,0
Ben Hill,Special East,BOE, D4,,Write-in,0,0,0,0,0
Ben Hill,,BOE, D5,,MICHELLE C. JOINER,232,0,146,86,0
Ben Hill,East,BOE, D5,,MICHELLE C. JOINER,185,0,113,72,0
Ben Hill,Special East,BOE, D5,,MICHELLE C. JOINER,47,0,33,14,0
Ben Hill,,BOE, D5,,Write-in,1,0,1,0,0
Ben Hill,East,BOE, D5,,Write-in,0,0,0,0,0
Ben Hill,Special East,BOE, D5,,Write-in,1,0,1,0,0
Ben Hill,,BOE, D6,,TONY HERLOVICH,162,4,108,50,0
Ben Hill,West,BOE, D6,,TONY HERLOVICH,1,0,1,0,0
Ben Hill,Special West,BOE, D6,,TONY HERLOVICH,161,4,107,50,0
Ben Hill,,BOE, D6,,Write-in,0,0,0,0,0
Ben Hill,West,BOE, D6,,Write-in,0,0,0,0,0
Ben Hill,Special West,BOE, D6,,Write-in,0,0,0,0,0
Ben Hill,,TSPLOST,,,YES,846,28,559,259,0
Ben Hill,East,TSPLOST,,,YES,298,4,184,110,0
Ben Hill,West,TSPLOST,,,YES,312,16,210,86,0
Ben Hill,Williamson Mill,TSPLOST,,,YES,15,0,14,1,0
Ben Hill,Special East,TSPLOST,,,YES,55,4,40,11,0
Ben Hill,Special West,TSPLOST,,,YES,166,4,111,51,0
Ben Hill,,TSPLOST,,,NO,1208,29,803,376,0
Ben Hill,East,TSPLOST,,,NO,277,4,181,92,0
Ben Hill,West,TSPLOST,,,NO,539,13,338,188,0
Ben Hill,Williamson Mill,TSPLOST,,,NO,37,2,32,3,0
Ben Hill,Special East,TSPLOST,,,NO,57,0,40,17,0
Ben Hill,Special West,TSPLOST,,,NO,298,10,212,76,0
