county,precinct,office,district,party,candidate,votes,absentee_by_mail,election_day,advance_in_person,provisional
Hart,,"Public Service Commission, District 3",3,REP,CHUCK EATON (I),1594,52,1198,344,0
Hart,Hartwell,"Public Service Commission, District 3",3,REP,CHUCK EATON (I),577,24,406,147,0
Hart,Goldmine,"Public Service Commission, District 3",3,REP,CHUCK EATON (I),185,11,147,27,0
Hart,Cokesbury,"Public Service Commission, District 3",3,REP,CHUCK EATON (I),70,1,55,14,0
Hart,Reed Creek,"Public Service Commission, District 3",3,REP,CHUCK EATON (I),324,9,236,79,0
Hart,Bowersville,"Public Service Commission, District 3",3,REP,CHUCK EATON (I),149,6,118,25,0
Hart,Shoal Creek,"Public Service Commission, District 3",3,REP,CHUCK EATON (I),137,0,107,30,0
Hart,Bio,"Public Service Commission, District 3",3,REP,CHUCK EATON (I),152,1,129,22,0
Hart,,"Public Service Commission, District 3",3,REP,MATT REID,1108,37,826,245,0
Hart,Hartwell,"Public Service Commission, District 3",3,REP,MATT REID,377,15,251,111,0
Hart,Goldmine,"Public Service Commission, District 3",3,REP,MATT REID,129,5,108,16,0
Hart,Cokesbury,"Public Service Commission, District 3",3,REP,MATT REID,55,2,38,15,0
Hart,Reed Creek,"Public Service Commission, District 3",3,REP,MATT REID,249,8,182,59,0
Hart,Bowersville,"Public Service Commission, District 3",3,REP,MATT REID,86,0,77,9,0
Hart,Shoal Creek,"Public Service Commission, District 3",3,REP,MATT REID,114,3,90,21,0
Hart,Bio,"Public Service Commission, District 3",3,REP,MATT REID,98,4,80,14,0
Hart,,"Public Service Commission, District 3",3,DEM,STEPHEN OPPENHEIMER,448,29,342,77,0
Hart,Hartwell,"Public Service Commission, District 3",3,DEM,STEPHEN OPPENHEIMER,223,22,156,45,0
Hart,Goldmine,"Public Service Commission, District 3",3,DEM,STEPHEN OPPENHEIMER,29,2,26,1,0
Hart,Cokesbury,"Public Service Commission, District 3",3,DEM,STEPHEN OPPENHEIMER,55,2,44,9,0
Hart,Reed Creek,"Public Service Commission, District 3",3,DEM,STEPHEN OPPENHEIMER,64,3,47,14,0
Hart,Bowersville,"Public Service Commission, District 3",3,DEM,STEPHEN OPPENHEIMER,29,0,25,4,0
Hart,Shoal Creek,"Public Service Commission, District 3",3,DEM,STEPHEN OPPENHEIMER,30,0,27,3,0
Hart,Bio,"Public Service Commission, District 3",3,DEM,STEPHEN OPPENHEIMER,18,0,17,1,0
Hart,,"Public Service Commission, District 5",5,REP,PAM DAVIDSON,1155,28,866,261,0
Hart,Hartwell,"Public Service Commission, District 5",5,REP,PAM DAVIDSON,417,9,291,117,0
Hart,Goldmine,"Public Service Commission, District 5",5,REP,PAM DAVIDSON,111,1,96,14,0
Hart,Cokesbury,"Public Service Commission, District 5",5,REP,PAM DAVIDSON,47,2,31,14,0
Hart,Reed Creek,"Public Service Commission, District 5",5,REP,PAM DAVIDSON,268,7,195,66,0
Hart,Bowersville,"Public Service Commission, District 5",5,REP,PAM DAVIDSON,94,1,81,12,0
Hart,Shoal Creek,"Public Service Commission, District 5",5,REP,PAM DAVIDSON,112,3,84,25,0
Hart,Bio,"Public Service Commission, District 5",5,REP,PAM DAVIDSON,106,5,88,13,0
Hart,,"Public Service Commission, District 5",5,REP,STAN WISE (I),1485,62,1108,315,0
Hart,Hartwell,"Public Service Commission, District 5",5,REP,STAN WISE (I),514,31,347,136,0
Hart,Goldmine,"Public Service Commission, District 5",5,REP,STAN WISE (I),192,13,152,27,0
Hart,Cokesbury,"Public Service Commission, District 5",5,REP,STAN WISE (I),75,1,62,12,0
Hart,Reed Creek,"Public Service Commission, District 5",5,REP,STAN WISE (I),296,11,213,72,0
Hart,Bowersville,"Public Service Commission, District 5",5,REP,STAN WISE (I),136,5,109,22,0
Hart,Shoal Creek,"Public Service Commission, District 5",5,REP,STAN WISE (I),126,0,102,24,0
Hart,Bio,"Public Service Commission, District 5",5,REP,STAN WISE (I),146,1,123,22,0
Hart,,"U.S. Representative, District 9",9,REP,DOUG COLLINS,919,46,670,203,0
Hart,Hartwell,"U.S. Representative, District 9",9,REP,DOUG COLLINS,298,17,183,98,0
Hart,Goldmine,"U.S. Representative, District 9",9,REP,DOUG COLLINS,123,12,93,18,0
Hart,Cokesbury,"U.S. Representative, District 9",9,REP,DOUG COLLINS,49,0,39,10,0
Hart,Reed Creek,"U.S. Representative, District 9",9,REP,DOUG COLLINS,196,8,146,42,0
Hart,Bowersville,"U.S. Representative, District 9",9,REP,DOUG COLLINS,84,5,69,10,0
Hart,Shoal Creek,"U.S. Representative, District 9",9,REP,DOUG COLLINS,72,2,57,13,0
Hart,Bio,"U.S. Representative, District 9",9,REP,DOUG COLLINS,97,2,83,12,0
Hart,,"U.S. Representative, District 9",9,REP,ROGER D. FITZPATRICK,661,19,496,146,0
Hart,Hartwell,"U.S. Representative, District 9",9,REP,ROGER D. FITZPATRICK,289,5,205,79,0
Hart,Goldmine,"U.S. Representative, District 9",9,REP,ROGER D. FITZPATRICK,59,4,48,7,0
Hart,Cokesbury,"U.S. Representative, District 9",9,REP,ROGER D. FITZPATRICK,35,3,19,13,0
Hart,Reed Creek,"U.S. Representative, District 9",9,REP,ROGER D. FITZPATRICK,117,6,90,21,0
Hart,Bowersville,"U.S. Representative, District 9",9,REP,ROGER D. FITZPATRICK,54,1,46,7,0
Hart,Shoal Creek,"U.S. Representative, District 9",9,REP,ROGER D. FITZPATRICK,59,0,47,12,0
Hart,Bio,"U.S. Representative, District 9",9,REP,ROGER D. FITZPATRICK,48,0,41,7,0
Hart,,"U.S. Representative, District 9",9,REP,MARTHA ZOLLER,1152,33,881,238,0
Hart,Hartwell,"U.S. Representative, District 9",9,REP,MARTHA ZOLLER,385,20,287,78,0
Hart,Goldmine,"U.S. Representative, District 9",9,REP,MARTHA ZOLLER,126,1,105,20,0
Hart,Cokesbury,"U.S. Representative, District 9",9,REP,MARTHA ZOLLER,43,0,34,9,0
Hart,Reed Creek,"U.S. Representative, District 9",9,REP,MARTHA ZOLLER,262,5,187,70,0
Hart,Bowersville,"U.S. Representative, District 9",9,REP,MARTHA ZOLLER,101,1,86,14,0
Hart,Shoal Creek,"U.S. Representative, District 9",9,REP,MARTHA ZOLLER,116,1,91,24,0
Hart,Bio,"U.S. Representative, District 9",9,REP,MARTHA ZOLLER,119,5,91,23,0
Hart,,"U.S. Representative, District 9",9,DEM,JODY COOLEY,439,26,343,70,0
Hart,Hartwell,"U.S. Representative, District 9",9,DEM,JODY COOLEY,211,21,150,40,0
Hart,Goldmine,"U.S. Representative, District 9",9,DEM,JODY COOLEY,23,1,21,1,0
Hart,Cokesbury,"U.S. Representative, District 9",9,DEM,JODY COOLEY,56,2,46,8,0
Hart,Reed Creek,"U.S. Representative, District 9",9,DEM,JODY COOLEY,67,2,52,13,0
Hart,Bowersville,"U.S. Representative, District 9",9,DEM,JODY COOLEY,30,0,26,4,0
Hart,Shoal Creek,"U.S. Representative, District 9",9,DEM,JODY COOLEY,29,0,26,3,0
Hart,Bio,"U.S. Representative, District 9",9,DEM,JODY COOLEY,23,0,22,1,0
Hart,,"State Senator, District 24",24,REP,WILLIAM JACKSON (I),2210,80,1641,489,0
Hart,Hartwell,"State Senator, District 24",24,REP,WILLIAM JACKSON (I),795,35,553,207,0
Hart,Goldmine,"State Senator, District 24",24,REP,WILLIAM JACKSON (I),264,13,214,37,0
Hart,Cokesbury,"State Senator, District 24",24,REP,WILLIAM JACKSON (I),94,2,66,26,0
Hart,Reed Creek,"State Senator, District 24",24,REP,WILLIAM JACKSON (I),455,18,319,118,0
Hart,Bowersville,"State Senator, District 24",24,REP,WILLIAM JACKSON (I),192,6,157,29,0
Hart,Shoal Creek,"State Senator, District 24",24,REP,WILLIAM JACKSON (I),209,2,165,42,0
Hart,Bio,"State Senator, District 24",24,REP,WILLIAM JACKSON (I),201,4,167,30,0
Hart,,"State Representative, District 32",32,REP,ALAN POWELL (I),2577,87,1908,582,0
Hart,Hartwell,"State Representative, District 32",32,REP,ALAN POWELL (I),934,44,628,262,0
Hart,Goldmine,"State Representative, District 32",32,REP,ALAN POWELL (I),301,14,244,43,0
Hart,Cokesbury,"State Representative, District 32",32,REP,ALAN POWELL (I),112,1,81,30,0
Hart,Reed Creek,"State Representative, District 32",32,REP,ALAN POWELL (I),524,15,386,123,0
Hart,Bowersville,"State Representative, District 32",32,REP,ALAN POWELL (I),226,7,183,36,0
Hart,Shoal Creek,"State Representative, District 32",32,REP,ALAN POWELL (I),229,2,181,46,0
Hart,Bio,"State Representative, District 32",32,REP,ALAN POWELL (I),251,4,205,42,0
Hart,,"State Representative, District 32",32,DEM,MARY BETH FOCER,440,28,341,71,0
Hart,Hartwell,"State Representative, District 32",32,DEM,MARY BETH FOCER,218,22,153,43,0
Hart,Goldmine,"State Representative, District 32",32,DEM,MARY BETH FOCER,25,2,22,1,0
Hart,Cokesbury,"State Representative, District 32",32,DEM,MARY BETH FOCER,54,2,44,8,0
Hart,Reed Creek,"State Representative, District 32",32,DEM,MARY BETH FOCER,60,2,47,11,0
Hart,Bowersville,"State Representative, District 32",32,DEM,MARY BETH FOCER,30,0,26,4,0
Hart,Shoal Creek,"State Representative, District 32",32,DEM,MARY BETH FOCER,29,0,26,3,0
Hart,Bio,"State Representative, District 32",32,DEM,MARY BETH FOCER,24,0,23,1,0
Hart,,"District Attorney, Northern Circuit", Northern Circuit - REP,REP,ROBERT LAVENDER (I),723,34,507,182,0
Hart,Hartwell,"District Attorney, Northern Circuit", Northern Circuit - REP,REP,ROBERT LAVENDER (I),228,12,137,79,0
Hart,Goldmine,"District Attorney, Northern Circuit", Northern Circuit - REP,REP,ROBERT LAVENDER (I),107,9,79,19,0
Hart,Cokesbury,"District Attorney, Northern Circuit", Northern Circuit - REP,REP,ROBERT LAVENDER (I),38,1,30,7,0
Hart,Reed Creek,"District Attorney, Northern Circuit", Northern Circuit - REP,REP,ROBERT LAVENDER (I),140,5,94,41,0
Hart,Bowersville,"District Attorney, Northern Circuit", Northern Circuit - REP,REP,ROBERT LAVENDER (I),66,3,48,15,0
Hart,Shoal Creek,"District Attorney, Northern Circuit", Northern Circuit - REP,REP,ROBERT LAVENDER (I),63,1,52,10,0
Hart,Bio,"District Attorney, Northern Circuit", Northern Circuit - REP,REP,ROBERT LAVENDER (I),81,3,67,11,0
Hart,,"District Attorney, Northern Circuit", Northern Circuit - REP,REP,PARKS WHITE,2375,75,1784,516,0
Hart,Hartwell,"District Attorney, Northern Circuit", Northern Circuit - REP,REP,PARKS WHITE,887,37,613,237,0
Hart,Goldmine,"District Attorney, Northern Circuit", Northern Circuit - REP,REP,PARKS WHITE,246,9,201,36,0
Hart,Cokesbury,"District Attorney, Northern Circuit", Northern Circuit - REP,REP,PARKS WHITE,108,5,79,24,0
Hart,Reed Creek,"District Attorney, Northern Circuit", Northern Circuit - REP,REP,PARKS WHITE,496,14,370,112,0
Hart,Bowersville,"District Attorney, Northern Circuit", Northern Circuit - REP,REP,PARKS WHITE,207,4,179,24,0
Hart,Shoal Creek,"District Attorney, Northern Circuit", Northern Circuit - REP,REP,PARKS WHITE,207,2,162,43,0
Hart,Bio,"District Attorney, Northern Circuit", Northern Circuit - REP,REP,PARKS WHITE,224,4,180,40,0
Hart,,Superior Court Clerk,,,FRANKIE H. GRAY ,2732,95,2016,621,0
Hart,Hartwell,Superior Court Clerk,,,FRANKIE H. GRAY ,1006,45,681,280,0
Hart,Goldmine,Superior Court Clerk,,,FRANKIE H. GRAY ,304,14,246,44,0
Hart,Cokesbury,Superior Court Clerk,,,FRANKIE H. GRAY ,130,5,94,31,0
Hart,Reed Creek,Superior Court Clerk,,,FRANKIE H. GRAY ,550,17,397,136,0
Hart,Bowersville,Superior Court Clerk,,,FRANKIE H. GRAY ,241,7,197,37,0
Hart,Shoal Creek,Superior Court Clerk,,,FRANKIE H. GRAY ,233,2,184,47,0
Hart,Bio,Superior Court Clerk,,,FRANKIE H. GRAY ,268,5,217,46,0
Hart,,Sheriff,,,MIKE CLEVELAND ,2826,96,2091,639,0
Hart,Hartwell,Sheriff,,,MIKE CLEVELAND ,1048,46,707,295,0
Hart,Goldmine,Sheriff,,,MIKE CLEVELAND ,313,14,254,45,0
Hart,Cokesbury,Sheriff,,,MIKE CLEVELAND ,135,5,99,31,0
Hart,Reed Creek,Sheriff,,,MIKE CLEVELAND ,570,17,416,137,0
Hart,Bowersville,Sheriff,,,MIKE CLEVELAND ,249,7,205,37,0
Hart,Shoal Creek,Sheriff,,,MIKE CLEVELAND ,240,2,191,47,0
Hart,Bio,Sheriff,,,MIKE CLEVELAND ,271,5,219,47,0
Hart,,Tax Commissioner,,,BURL PIERCE ,2699,96,1995,608,0
Hart,Hartwell,Tax Commissioner,,,BURL PIERCE ,984,45,666,273,0
Hart,Goldmine,Tax Commissioner,,,BURL PIERCE ,305,14,246,45,0
Hart,Cokesbury,Tax Commissioner,,,BURL PIERCE ,130,5,96,29,0
Hart,Reed Creek,Tax Commissioner,,,BURL PIERCE ,547,18,394,135,0
Hart,Bowersville,Tax Commissioner,,,BURL PIERCE ,241,7,198,36,0
Hart,Shoal Creek,Tax Commissioner,,,BURL PIERCE ,231,2,183,46,0
Hart,Bio,Tax Commissioner,,,BURL PIERCE ,261,5,212,44,0
Hart,,Surveyor,,,DEAN H. TEASLEY ,2580,94,1904,582,0
Hart,Hartwell,Surveyor,,,DEAN H. TEASLEY ,957,44,649,264,0
Hart,Goldmine,Surveyor,,,DEAN H. TEASLEY ,293,14,236,43,0
Hart,Cokesbury,Surveyor,,,DEAN H. TEASLEY ,123,5,90,28,0
Hart,Reed Creek,Surveyor,,,DEAN H. TEASLEY ,513,17,372,124,0
Hart,Bowersville,Surveyor,,,DEAN H. TEASLEY ,227,7,184,36,0
Hart,Shoal Creek,Surveyor,,,DEAN H. TEASLEY ,220,2,174,44,0
Hart,Bio,Surveyor,,,DEAN H. TEASLEY ,247,5,199,43,0
Hart,,Coroner,,,MIKE ADAMS ,620,33,475,112,0
Hart,Hartwell,Coroner,,,MIKE ADAMS ,318,25,227,66,0
Hart,Goldmine,Coroner,,,MIKE ADAMS ,34,2,30,2,0
Hart,Cokesbury,Coroner,,,MIKE ADAMS ,74,2,62,10,0
Hart,Reed Creek,Coroner,,,MIKE ADAMS ,82,3,59,20,0
Hart,Bowersville,Coroner,,,MIKE ADAMS ,36,0,30,6,0
Hart,Shoal Creek,Coroner,,,MIKE ADAMS ,36,0,31,5,0
Hart,Bio,Coroner,,,MIKE ADAMS ,40,1,36,3,0
Hart,,County Comm 1,,,R. C. OGLESBY ,150,7,108,35,0
Hart,Hartwell,County Comm 1,,,R. C. OGLESBY ,90,7,61,22,0
Hart,Cokesbury,County Comm 1,,,R. C. OGLESBY ,50,0,40,10,0
Hart,Bio,County Comm 1,,,R. C. OGLESBY ,10,0,7,3,0
Hart,,County Comm 3,,,BRANDON JOHNSON ,515,26,346,143,0
Hart,Hartwell,County Comm 3,,,BRANDON JOHNSON ,444,22,288,134,0
Hart,Bowersville,County Comm 3,,,BRANDON JOHNSON ,71,4,58,9,0
Hart,,County Comm 5,,,ANDY W. ADAMS,245,5,201,39,0
Hart,Goldmine,County Comm 5,,,ANDY W. ADAMS,98,1,85,12,0
Hart,Bowersville,County Comm 5,,,ANDY W. ADAMS,31,0,25,6,0
Hart,Bio,County Comm 5,,,ANDY W. ADAMS,116,4,91,21,0
Hart,,County Comm 5,,,JOEY DORSEY ,479,22,380,77,0
Hart,Goldmine,County Comm 5,,,JOEY DORSEY ,256,17,200,39,0
Hart,Bowersville,County Comm 5,,,JOEY DORSEY ,33,2,19,12,0
Hart,Bio,County Comm 5,,,JOEY DORSEY ,190,3,161,26,0
Hart,,BOE 1,,,STEPHANIE WALKER ,188,5,136,47,0
Hart,Hartwell,BOE 1,,,STEPHANIE WALKER ,128,4,94,30,0
Hart,Cokesbury,BOE 1,,,STEPHANIE WALKER ,56,1,39,16,0
Hart,Bio,BOE 1,,,STEPHANIE WALKER ,4,0,3,1,0
Hart,,BOE 1,,,BRENDA J. JORDAN ,156,8,120,28,0
Hart,Hartwell,BOE 1,,,BRENDA J. JORDAN ,98,8,71,19,0
Hart,Cokesbury,BOE 1,,,BRENDA J. JORDAN ,50,0,43,7,0
Hart,Bio,BOE 1,,,BRENDA J. JORDAN ,8,0,6,2,0
Hart,,BOE 3,,,GREG FLEMING,472,24,325,123,0
Hart,Hartwell,BOE 3,,,GREG FLEMING,405,20,271,114,0
Hart,Bowersville,BOE 3,,,GREG FLEMING,67,4,54,9,0
Hart,,BOE 3,,,DEREK L. COBB ,111,6,72,33,0
Hart,Hartwell,BOE 3,,,DEREK L. COBB ,100,6,62,32,0
Hart,Bowersville,BOE 3,,,DEREK L. COBB ,11,0,10,1,0
Hart,,BOE 5,,,ANGELA S. MCGEE ,547,18,445,84,0
Hart,Goldmine,BOE 5,,,ANGELA S. MCGEE ,286,12,235,39,0
Hart,Bowersville,BOE 5,,,ANGELA S. MCGEE ,46,1,33,12,0
Hart,Bio,BOE 5,,,ANGELA S. MCGEE ,215,5,177,33,0
Hart,,BOE 5,,,DIANE MERRITT,60,2,54,4,0
Hart,Goldmine,BOE 5,,,DIANE MERRITT,32,2,28,2,0
Hart,Bowersville,BOE 5,,,DIANE MERRITT,2,0,1,1,0
Hart,Bio,BOE 5,,,DIANE MERRITT,26,0,25,1,0
Hart,,Republican Party Question 1<br>Should Georgia have casino gambling with funds going to education?,,REP,YES,1278,35,961,282,0
Hart,Hartwell,Republican Party Question 1<br>Should Georgia have casino gambling with funds going to education?,,REP,YES,460,15,316,129,0
Hart,Goldmine,Republican Party Question 1<br>Should Georgia have casino gambling with funds going to education?,,REP,YES,131,6,109,16,0
Hart,Cokesbury,Republican Party Question 1<br>Should Georgia have casino gambling with funds going to education?,,REP,YES,61,1,47,13,0
Hart,Reed Creek,Republican Party Question 1<br>Should Georgia have casino gambling with funds going to education?,,REP,YES,304,7,230,67,0
Hart,Bowersville,Republican Party Question 1<br>Should Georgia have casino gambling with funds going to education?,,REP,YES,107,3,86,18,0
Hart,Shoal Creek,Republican Party Question 1<br>Should Georgia have casino gambling with funds going to education?,,REP,YES,104,1,79,24,0
Hart,Bio,Republican Party Question 1<br>Should Georgia have casino gambling with funds going to education?,,REP,YES,111,2,94,15,0
Hart,,Republican Party Question 1<br>Should Georgia have casino gambling with funds going to education?,,REP,NO,1845,73,1358,414,0
Hart,Hartwell,Republican Party Question 1<br>Should Georgia have casino gambling with funds going to education?,,REP,NO,661,33,447,181,0
Hart,Goldmine,Republican Party Question 1<br>Should Georgia have casino gambling with funds going to education?,,REP,NO,228,12,176,40,0
Hart,Cokesbury,Republican Party Question 1<br>Should Georgia have casino gambling with funds going to education?,,REP,NO,79,3,57,19,0
Hart,Reed Creek,Republican Party Question 1<br>Should Georgia have casino gambling with funds going to education?,,REP,NO,348,14,246,88,0
Hart,Bowersville,Republican Party Question 1<br>Should Georgia have casino gambling with funds going to education?,,REP,NO,167,4,142,21,0
Hart,Shoal Creek,Republican Party Question 1<br>Should Georgia have casino gambling with funds going to education?,,REP,NO,165,2,134,29,0
Hart,Bio,Republican Party Question 1<br>Should Georgia have casino gambling with funds going to education?,,REP,NO,197,5,156,36,0
Hart,,Republican Party Question 2<br>Do you support ending the current practice of unlimited gifts from lobbyists to state legislators by imposing a $100 cap on such gifts?,,REP,YES,2633,97,1959,577,0
Hart,Hartwell,Republican Party Question 2<br>Do you support ending the current practice of unlimited gifts from lobbyists to state legislators by imposing a $100 cap on such gifts?,,REP,YES,921,40,632,249,0
Hart,Goldmine,Republican Party Question 2<br>Do you support ending the current practice of unlimited gifts from lobbyists to state legislators by imposing a $100 cap on such gifts?,,REP,YES,305,14,242,49,0
Hart,Cokesbury,Republican Party Question 2<br>Do you support ending the current practice of unlimited gifts from lobbyists to state legislators by imposing a $100 cap on such gifts?,,REP,YES,123,6,93,24,0
Hart,Reed Creek,Republican Party Question 2<br>Do you support ending the current practice of unlimited gifts from lobbyists to state legislators by imposing a $100 cap on such gifts?,,REP,YES,580,21,423,136,0
Hart,Bowersville,Republican Party Question 2<br>Do you support ending the current practice of unlimited gifts from lobbyists to state legislators by imposing a $100 cap on such gifts?,,REP,YES,226,7,188,31,0
Hart,Shoal Creek,Republican Party Question 2<br>Do you support ending the current practice of unlimited gifts from lobbyists to state legislators by imposing a $100 cap on such gifts?,,REP,YES,235,3,181,51,0
Hart,Bio,Republican Party Question 2<br>Do you support ending the current practice of unlimited gifts from lobbyists to state legislators by imposing a $100 cap on such gifts?,,REP,YES,243,6,200,37,0
Hart,,Republican Party Question 2<br>Do you support ending the current practice of unlimited gifts from lobbyists to state legislators by imposing a $100 cap on such gifts?,,REP,NO,440,13,326,101,0
Hart,Hartwell,Republican Party Question 2<br>Do you support ending the current practice of unlimited gifts from lobbyists to state legislators by imposing a $100 cap on such gifts?,,REP,NO,175,7,114,54,0
Hart,Goldmine,Republican Party Question 2<br>Do you support ending the current practice of unlimited gifts from lobbyists to state legislators by imposing a $100 cap on such gifts?,,REP,NO,45,4,36,5,0
Hart,Cokesbury,Republican Party Question 2<br>Do you support ending the current practice of unlimited gifts from lobbyists to state legislators by imposing a $100 cap on such gifts?,,REP,NO,20,0,13,7,0
Hart,Reed Creek,Republican Party Question 2<br>Do you support ending the current practice of unlimited gifts from lobbyists to state legislators by imposing a $100 cap on such gifts?,,REP,NO,66,1,48,17,0
Hart,Bowersville,Republican Party Question 2<br>Do you support ending the current practice of unlimited gifts from lobbyists to state legislators by imposing a $100 cap on such gifts?,,REP,NO,39,0,34,5,0
Hart,Shoal Creek,Republican Party Question 2<br>Do you support ending the current practice of unlimited gifts from lobbyists to state legislators by imposing a $100 cap on such gifts?,,REP,NO,36,0,34,2,0
Hart,Bio,Republican Party Question 2<br>Do you support ending the current practice of unlimited gifts from lobbyists to state legislators by imposing a $100 cap on such gifts?,,REP,NO,59,1,47,11,0
Hart,,Republican Party Question 3<br>Should active duty military personnel who are under the age of 21 be allowed to obtain a Georgia weapons license?,,REP,YES,2218,77,1670,471,0
Hart,Hartwell,Republican Party Question 3<br>Should active duty military personnel who are under the age of 21 be allowed to obtain a Georgia weapons license?,,REP,YES,788,35,543,210,0
Hart,Goldmine,Republican Party Question 3<br>Should active duty military personnel who are under the age of 21 be allowed to obtain a Georgia weapons license?,,REP,YES,257,9,208,40,0
Hart,Cokesbury,Republican Party Question 3<br>Should active duty military personnel who are under the age of 21 be allowed to obtain a Georgia weapons license?,,REP,YES,102,3,75,24,0
Hart,Reed Creek,Republican Party Question 3<br>Should active duty military personnel who are under the age of 21 be allowed to obtain a Georgia weapons license?,,REP,YES,480,16,356,108,0
Hart,Bowersville,Republican Party Question 3<br>Should active duty military personnel who are under the age of 21 be allowed to obtain a Georgia weapons license?,,REP,YES,196,5,166,25,0
Hart,Shoal Creek,Republican Party Question 3<br>Should active duty military personnel who are under the age of 21 be allowed to obtain a Georgia weapons license?,,REP,YES,197,3,156,38,0
Hart,Bio,Republican Party Question 3<br>Should active duty military personnel who are under the age of 21 be allowed to obtain a Georgia weapons license?,,REP,YES,198,6,166,26,0
Hart,,Republican Party Question 3<br>Should active duty military personnel who are under the age of 21 be allowed to obtain a Georgia weapons license?,,REP,NO,866,31,618,217,0
Hart,Hartwell,Republican Party Question 3<br>Should active duty military personnel who are under the age of 21 be allowed to obtain a Georgia weapons license?,,REP,NO,316,13,205,98,0
Hart,Goldmine,Republican Party Question 3<br>Should active duty military personnel who are under the age of 21 be allowed to obtain a Georgia weapons license?,,REP,NO,101,9,76,16,0
Hart,Cokesbury,Republican Party Question 3<br>Should active duty military personnel who are under the age of 21 be allowed to obtain a Georgia weapons license?,,REP,NO,42,1,33,8,0
Hart,Reed Creek,Republican Party Question 3<br>Should active duty military personnel who are under the age of 21 be allowed to obtain a Georgia weapons license?,,REP,NO,161,5,113,43,0
Hart,Bowersville,Republican Party Question 3<br>Should active duty military personnel who are under the age of 21 be allowed to obtain a Georgia weapons license?,,REP,NO,72,2,56,14,0
Hart,Shoal Creek,Republican Party Question 3<br>Should active duty military personnel who are under the age of 21 be allowed to obtain a Georgia weapons license?,,REP,NO,73,0,58,15,0
Hart,Bio,Republican Party Question 3<br>Should active duty military personnel who are under the age of 21 be allowed to obtain a Georgia weapons license?,,REP,NO,101,1,77,23,0
Hart,,Republican Party Question 4<br>Should Citizens who wish to vote in a primary election be required to register by their political party affiliation at least thirty (30) days prior to such primary election?,,REP,YES,1405,55,1027,323,0
Hart,Hartwell,Republican Party Question 4<br>Should Citizens who wish to vote in a primary election be required to register by their political party affiliation at least thirty (30) days prior to such primary election?,,REP,YES,514,21,355,138,0
Hart,Goldmine,Republican Party Question 4<br>Should Citizens who wish to vote in a primary election be required to register by their political party affiliation at least thirty (30) days prior to such primary election?,,REP,YES,183,12,144,27,0
Hart,Cokesbury,Republican Party Question 4<br>Should Citizens who wish to vote in a primary election be required to register by their political party affiliation at least thirty (30) days prior to such primary election?,,REP,YES,62,3,46,13,0
Hart,Reed Creek,Republican Party Question 4<br>Should Citizens who wish to vote in a primary election be required to register by their political party affiliation at least thirty (30) days prior to such primary election?,,REP,YES,281,13,198,70,0
Hart,Bowersville,Republican Party Question 4<br>Should Citizens who wish to vote in a primary election be required to register by their political party affiliation at least thirty (30) days prior to such primary election?,,REP,YES,109,4,83,22,0
Hart,Shoal Creek,Republican Party Question 4<br>Should Citizens who wish to vote in a primary election be required to register by their political party affiliation at least thirty (30) days prior to such primary election?,,REP,YES,131,1,101,29,0
Hart,Bio,Republican Party Question 4<br>Should Citizens who wish to vote in a primary election be required to register by their political party affiliation at least thirty (30) days prior to such primary election?,,REP,YES,125,1,100,24,0
Hart,,Republican Party Question 4<br>Should Citizens who wish to vote in a primary election be required to register by their political party affiliation at least thirty (30) days prior to such primary election?,,REP,NO,1637,51,1234,352,0
Hart,Hartwell,Republican Party Question 4<br>Should Citizens who wish to vote in a primary election be required to register by their political party affiliation at least thirty (30) days prior to such primary election?,,REP,NO,570,24,386,160,0
Hart,Goldmine,Republican Party Question 4<br>Should Citizens who wish to vote in a primary election be required to register by their political party affiliation at least thirty (30) days prior to such primary election?,,REP,NO,167,6,135,26,0
Hart,Cokesbury,Republican Party Question 4<br>Should Citizens who wish to vote in a primary election be required to register by their political party affiliation at least thirty (30) days prior to such primary election?,,REP,NO,77,1,58,18,0
Hart,Reed Creek,Republican Party Question 4<br>Should Citizens who wish to vote in a primary election be required to register by their political party affiliation at least thirty (30) days prior to such primary election?,,REP,NO,351,9,260,82,0
Hart,Bowersville,Republican Party Question 4<br>Should Citizens who wish to vote in a primary election be required to register by their political party affiliation at least thirty (30) days prior to such primary election?,,REP,NO,158,3,139,16,0
Hart,Shoal Creek,Republican Party Question 4<br>Should Citizens who wish to vote in a primary election be required to register by their political party affiliation at least thirty (30) days prior to such primary election?,,REP,NO,137,2,111,24,0
Hart,Bio,Republican Party Question 4<br>Should Citizens who wish to vote in a primary election be required to register by their political party affiliation at least thirty (30) days prior to such primary election?,,REP,NO,177,6,145,26,0
Hart,,Republican Party Question 5 <br>Life Amendment Question,,REP,YES,2066,72,1548,446,0
Hart,Hartwell,Republican Party Question 5 <br>Life Amendment Question,,REP,YES,739,36,505,198,0
Hart,Goldmine,Republican Party Question 5 <br>Life Amendment Question,,REP,YES,248,14,194,40,0
Hart,Cokesbury,Republican Party Question 5 <br>Life Amendment Question,,REP,YES,104,3,82,19,0
Hart,Reed Creek,Republican Party Question 5 <br>Life Amendment Question,,REP,YES,394,9,292,93,0
Hart,Bowersville,Republican Party Question 5 <br>Life Amendment Question,,REP,YES,196,5,162,29,0
Hart,Shoal Creek,Republican Party Question 5 <br>Life Amendment Question,,REP,YES,185,1,150,34,0
Hart,Bio,Republican Party Question 5 <br>Life Amendment Question,,REP,YES,200,4,163,33,0
Hart,,Republican Party Question 5 <br>Life Amendment Question,,REP,NO,873,27,638,208,0
Hart,Hartwell,Republican Party Question 5 <br>Life Amendment Question,,REP,NO,318,7,219,92,0
Hart,Goldmine,Republican Party Question 5 <br>Life Amendment Question,,REP,NO,88,4,74,10,0
Hart,Cokesbury,Republican Party Question 5 <br>Life Amendment Question,,REP,NO,37,1,24,12,0
Hart,Reed Creek,Republican Party Question 5 <br>Life Amendment Question,,REP,NO,213,9,147,57,0
Hart,Bowersville,Republican Party Question 5 <br>Life Amendment Question,,REP,NO,65,2,54,9,0
Hart,Shoal Creek,Republican Party Question 5 <br>Life Amendment Question,,REP,NO,71,1,55,15,0
Hart,Bio,Republican Party Question 5 <br>Life Amendment Question,,REP,NO,81,3,65,13,0
Hart,,Democratic Party Question 1<br>Should the Georgia Constitution be amended to allow the state to override locally-elected school boards’ decisions when it comes to the creation of charter schools in your county or city?,,DEM,YES,238,12,183,43,0
Hart,Hartwell,Democratic Party Question 1<br>Should the Georgia Constitution be amended to allow the state to override locally-elected school boards’ decisions when it comes to the creation of charter schools in your county or city?,,DEM,YES,121,10,86,25,0
Hart,Goldmine,Democratic Party Question 1<br>Should the Georgia Constitution be amended to allow the state to override locally-elected school boards’ decisions when it comes to the creation of charter schools in your county or city?,,DEM,YES,14,0,14,0,0
Hart,Cokesbury,Democratic Party Question 1<br>Should the Georgia Constitution be amended to allow the state to override locally-elected school boards’ decisions when it comes to the creation of charter schools in your county or city?,,DEM,YES,27,1,21,5,0
Hart,Reed Creek,Democratic Party Question 1<br>Should the Georgia Constitution be amended to allow the state to override locally-elected school boards’ decisions when it comes to the creation of charter schools in your county or city?,,DEM,YES,27,0,21,6,0
Hart,Bowersville,Democratic Party Question 1<br>Should the Georgia Constitution be amended to allow the state to override locally-elected school boards’ decisions when it comes to the creation of charter schools in your county or city?,,DEM,YES,14,1,11,2,0
Hart,Shoal Creek,Democratic Party Question 1<br>Should the Georgia Constitution be amended to allow the state to override locally-elected school boards’ decisions when it comes to the creation of charter schools in your county or city?,,DEM,YES,18,0,15,3,0
Hart,Bio,Democratic Party Question 1<br>Should the Georgia Constitution be amended to allow the state to override locally-elected school boards’ decisions when it comes to the creation of charter schools in your county or city?,,DEM,YES,17,0,15,2,0
Hart,,Democratic Party Question 1<br>Should the Georgia Constitution be amended to allow the state to override locally-elected school boards’ decisions when it comes to the creation of charter schools in your county or city?,,DEM,NO,447,23,348,76,0
Hart,Hartwell,Democratic Party Question 1<br>Should the Georgia Constitution be amended to allow the state to override locally-elected school boards’ decisions when it comes to the creation of charter schools in your county or city?,,DEM,NO,216,17,155,44,0
Hart,Goldmine,Democratic Party Question 1<br>Should the Georgia Constitution be amended to allow the state to override locally-elected school boards’ decisions when it comes to the creation of charter schools in your county or city?,,DEM,NO,24,2,20,2,0
Hart,Cokesbury,Democratic Party Question 1<br>Should the Georgia Constitution be amended to allow the state to override locally-elected school boards’ decisions when it comes to the creation of charter schools in your county or city?,,DEM,NO,49,1,41,7,0
Hart,Reed Creek,Democratic Party Question 1<br>Should the Georgia Constitution be amended to allow the state to override locally-elected school boards’ decisions when it comes to the creation of charter schools in your county or city?,,DEM,NO,71,3,52,16,0
Hart,Bowersville,Democratic Party Question 1<br>Should the Georgia Constitution be amended to allow the state to override locally-elected school boards’ decisions when it comes to the creation of charter schools in your county or city?,,DEM,NO,28,0,25,3,0
Hart,Shoal Creek,Democratic Party Question 1<br>Should the Georgia Constitution be amended to allow the state to override locally-elected school boards’ decisions when it comes to the creation of charter schools in your county or city?,,DEM,NO,28,0,26,2,0
Hart,Bio,Democratic Party Question 1<br>Should the Georgia Constitution be amended to allow the state to override locally-elected school boards’ decisions when it comes to the creation of charter schools in your county or city?,,DEM,NO,31,0,29,2,0
Hart,,Democratic Party Question 2<br>Do you support ending current practice permitting unlimited gifts from lobbyists to state legislators?,,DEM,YES,468,28,370,70,0
Hart,Hartwell,Democratic Party Question 2<br>Do you support ending current practice permitting unlimited gifts from lobbyists to state legislators?,,DEM,YES,231,22,167,42,0
Hart,Goldmine,Democratic Party Question 2<br>Do you support ending current practice permitting unlimited gifts from lobbyists to state legislators?,,DEM,YES,28,0,27,1,0
Hart,Cokesbury,Democratic Party Question 2<br>Do you support ending current practice permitting unlimited gifts from lobbyists to state legislators?,,DEM,YES,46,1,40,5,0
Hart,Reed Creek,Democratic Party Question 2<br>Do you support ending current practice permitting unlimited gifts from lobbyists to state legislators?,,DEM,YES,76,3,58,15,0
Hart,Bowersville,Democratic Party Question 2<br>Do you support ending current practice permitting unlimited gifts from lobbyists to state legislators?,,DEM,YES,32,1,28,3,0
Hart,Shoal Creek,Democratic Party Question 2<br>Do you support ending current practice permitting unlimited gifts from lobbyists to state legislators?,,DEM,YES,24,0,23,1,0
Hart,Bio,Democratic Party Question 2<br>Do you support ending current practice permitting unlimited gifts from lobbyists to state legislators?,,DEM,YES,31,1,27,3,0
Hart,,Democratic Party Question 2<br>Do you support ending current practice permitting unlimited gifts from lobbyists to state legislators?,,DEM,NO,236,9,176,51,0
Hart,Hartwell,Democratic Party Question 2<br>Do you support ending current practice permitting unlimited gifts from lobbyists to state legislators?,,DEM,NO,119,6,83,30,0
Hart,Goldmine,Democratic Party Question 2<br>Do you support ending current practice permitting unlimited gifts from lobbyists to state legislators?,,DEM,NO,13,2,10,1,0
Hart,Cokesbury,Democratic Party Question 2<br>Do you support ending current practice permitting unlimited gifts from lobbyists to state legislators?,,DEM,NO,31,1,24,6,0
Hart,Reed Creek,Democratic Party Question 2<br>Do you support ending current practice permitting unlimited gifts from lobbyists to state legislators?,,DEM,NO,25,0,17,8,0
Hart,Bowersville,Democratic Party Question 2<br>Do you support ending current practice permitting unlimited gifts from lobbyists to state legislators?,,DEM,NO,12,0,10,2,0
Hart,Shoal Creek,Democratic Party Question 2<br>Do you support ending current practice permitting unlimited gifts from lobbyists to state legislators?,,DEM,NO,20,0,16,4,0
Hart,Bio,Democratic Party Question 2<br>Do you support ending current practice permitting unlimited gifts from lobbyists to state legislators?,,DEM,NO,16,0,16,0,0
Hart,,Democratic Party Question 3<br>Should Georgia adopt an income tax credit for home energy costs to support the economic security of our families?,,DEM,YES,509,28,393,88,0
Hart,Hartwell,Democratic Party Question 3<br>Should Georgia adopt an income tax credit for home energy costs to support the economic security of our families?,,DEM,YES,249,20,179,50,0
Hart,Goldmine,Democratic Party Question 3<br>Should Georgia adopt an income tax credit for home energy costs to support the economic security of our families?,,DEM,YES,28,2,25,1,0
Hart,Cokesbury,Democratic Party Question 3<br>Should Georgia adopt an income tax credit for home energy costs to support the economic security of our families?,,DEM,YES,60,2,50,8,0
Hart,Reed Creek,Democratic Party Question 3<br>Should Georgia adopt an income tax credit for home energy costs to support the economic security of our families?,,DEM,YES,77,2,58,17,0
Hart,Bowersville,Democratic Party Question 3<br>Should Georgia adopt an income tax credit for home energy costs to support the economic security of our families?,,DEM,YES,30,1,26,3,0
Hart,Shoal Creek,Democratic Party Question 3<br>Should Georgia adopt an income tax credit for home energy costs to support the economic security of our families?,,DEM,YES,30,0,26,4,0
Hart,Bio,Democratic Party Question 3<br>Should Georgia adopt an income tax credit for home energy costs to support the economic security of our families?,,DEM,YES,35,1,29,5,0
Hart,,Democratic Party Question 3<br>Should Georgia adopt an income tax credit for home energy costs to support the economic security of our families?,,DEM,NO,191,9,143,39,0
Hart,Hartwell,Democratic Party Question 3<br>Should Georgia adopt an income tax credit for home energy costs to support the economic security of our families?,,DEM,NO,97,8,64,25,0
Hart,Goldmine,Democratic Party Question 3<br>Should Georgia adopt an income tax credit for home energy costs to support the economic security of our families?,,DEM,NO,10,0,9,1,0
Hart,Cokesbury,Democratic Party Question 3<br>Should Georgia adopt an income tax credit for home energy costs to support the economic security of our families?,,DEM,NO,16,0,13,3,0
Hart,Reed Creek,Democratic Party Question 3<br>Should Georgia adopt an income tax credit for home energy costs to support the economic security of our families?,,DEM,NO,23,1,16,6,0
Hart,Bowersville,Democratic Party Question 3<br>Should Georgia adopt an income tax credit for home energy costs to support the economic security of our families?,,DEM,NO,13,0,11,2,0
Hart,Shoal Creek,Democratic Party Question 3<br>Should Georgia adopt an income tax credit for home energy costs to support the economic security of our families?,,DEM,NO,15,0,14,1,0
Hart,Bio,Democratic Party Question 3<br>Should Georgia adopt an income tax credit for home energy costs to support the economic security of our families?,,DEM,NO,17,0,16,1,0
Hart,,Democratic Party Question 4 <br>Should Georgia reduce sales taxes on Made in Georgia products so as to support the growth of small businesses in our state?,,DEM,YES,583,29,456,98,0
Hart,Hartwell,Democratic Party Question 4 <br>Should Georgia reduce sales taxes on Made in Georgia products so as to support the growth of small businesses in our state?,,DEM,YES,293,22,212,59,0
Hart,Goldmine,Democratic Party Question 4 <br>Should Georgia reduce sales taxes on Made in Georgia products so as to support the growth of small businesses in our state?,,DEM,YES,35,1,33,1,0
Hart,Cokesbury,Democratic Party Question 4 <br>Should Georgia reduce sales taxes on Made in Georgia products so as to support the growth of small businesses in our state?,,DEM,YES,63,2,53,8,0
Hart,Reed Creek,Democratic Party Question 4 <br>Should Georgia reduce sales taxes on Made in Georgia products so as to support the growth of small businesses in our state?,,DEM,YES,79,2,60,17,0
Hart,Bowersville,Democratic Party Question 4 <br>Should Georgia reduce sales taxes on Made in Georgia products so as to support the growth of small businesses in our state?,,DEM,YES,35,1,29,5,0
Hart,Shoal Creek,Democratic Party Question 4 <br>Should Georgia reduce sales taxes on Made in Georgia products so as to support the growth of small businesses in our state?,,DEM,YES,33,0,30,3,0
Hart,Bio,Democratic Party Question 4 <br>Should Georgia reduce sales taxes on Made in Georgia products so as to support the growth of small businesses in our state?,,DEM,YES,45,1,39,5,0
Hart,,Democratic Party Question 4 <br>Should Georgia reduce sales taxes on Made in Georgia products so as to support the growth of small businesses in our state?,,DEM,NO,138,7,102,29,0
Hart,Hartwell,Democratic Party Question 4 <br>Should Georgia reduce sales taxes on Made in Georgia products so as to support the growth of small businesses in our state?,,DEM,NO,66,6,43,17,0
Hart,Goldmine,Democratic Party Question 4 <br>Should Georgia reduce sales taxes on Made in Georgia products so as to support the growth of small businesses in our state?,,DEM,NO,4,0,3,1,0
Hart,Cokesbury,Democratic Party Question 4 <br>Should Georgia reduce sales taxes on Made in Georgia products so as to support the growth of small businesses in our state?,,DEM,NO,17,0,14,3,0
Hart,Reed Creek,Democratic Party Question 4 <br>Should Georgia reduce sales taxes on Made in Georgia products so as to support the growth of small businesses in our state?,,DEM,NO,22,1,16,5,0
Hart,Bowersville,Democratic Party Question 4 <br>Should Georgia reduce sales taxes on Made in Georgia products so as to support the growth of small businesses in our state?,,DEM,NO,8,0,8,0,0
Hart,Shoal Creek,Democratic Party Question 4 <br>Should Georgia reduce sales taxes on Made in Georgia products so as to support the growth of small businesses in our state?,,DEM,NO,12,0,10,2,0
Hart,Bio,Democratic Party Question 4 <br>Should Georgia reduce sales taxes on Made in Georgia products so as to support the growth of small businesses in our state?,,DEM,NO,9,0,8,1,0
Hart,,Supreme Court Justice, Hunstein,I,CAROL W. HUNSTEIN,2757,98,2075,584,0
Hart,Hartwell,Supreme Court Justice, Hunstein,I,CAROL W. HUNSTEIN,1066,55,746,265,0
Hart,Goldmine,Supreme Court Justice, Hunstein,I,CAROL W. HUNSTEIN,296,11,244,41,0
Hart,Cokesbury,Supreme Court Justice, Hunstein,I,CAROL W. HUNSTEIN,162,3,120,39,0
Hart,Reed Creek,Supreme Court Justice, Hunstein,I,CAROL W. HUNSTEIN,522,17,382,123,0
Hart,Bowersville,Supreme Court Justice, Hunstein,I,CAROL W. HUNSTEIN,225,6,184,35,0
Hart,Shoal Creek,Supreme Court Justice, Hunstein,I,CAROL W. HUNSTEIN,247,2,195,50,0
Hart,Bio,Supreme Court Justice, Hunstein,I,CAROL W. HUNSTEIN,239,4,204,31,0
Hart,,Supreme Court Justice, Hunstein,,Write-in,22,0,17,5,0
Hart,Hartwell,Supreme Court Justice, Hunstein,,Write-in,6,0,4,2,0
Hart,Goldmine,Supreme Court Justice, Hunstein,,Write-in,5,0,4,1,0
Hart,Cokesbury,Supreme Court Justice, Hunstein,,Write-in,2,0,2,0,0
Hart,Reed Creek,Supreme Court Justice, Hunstein,,Write-in,3,0,1,2,0
Hart,Bowersville,Supreme Court Justice, Hunstein,,Write-in,5,0,5,0,0
Hart,Shoal Creek,Supreme Court Justice, Hunstein,,Write-in,0,0,0,0,0
Hart,Bio,Supreme Court Justice, Hunstein,,Write-in,1,0,1,0,0
Hart,,Supreme Court Justice, Melton,,HAROLD D. MELTON ,2658,99,1986,573,0
Hart,Hartwell,Supreme Court Justice, Melton,,HAROLD D. MELTON ,1025,56,707,262,0
Hart,Goldmine,Supreme Court Justice, Melton,,HAROLD D. MELTON ,292,11,242,39,0
Hart,Cokesbury,Supreme Court Justice, Melton,,HAROLD D. MELTON ,154,3,113,38,0
Hart,Reed Creek,Supreme Court Justice, Melton,,HAROLD D. MELTON ,502,17,363,122,0
Hart,Bowersville,Supreme Court Justice, Melton,,HAROLD D. MELTON ,220,6,177,37,0
Hart,Shoal Creek,Supreme Court Justice, Melton,,HAROLD D. MELTON ,239,2,191,46,0
Hart,Bio,Supreme Court Justice, Melton,,HAROLD D. MELTON ,226,4,193,29,0
Hart,,Supreme Court Justice, Melton,,Write-in,7,0,6,1,0
Hart,Hartwell,Supreme Court Justice, Melton,,Write-in,3,0,2,1,0
Hart,Goldmine,Supreme Court Justice, Melton,,Write-in,1,0,1,0,0
Hart,Cokesbury,Supreme Court Justice, Melton,,Write-in,0,0,0,0,0
Hart,Reed Creek,Supreme Court Justice, Melton,,Write-in,0,0,0,0,0
Hart,Bowersville,Supreme Court Justice, Melton,,Write-in,3,0,3,0,0
Hart,Shoal Creek,Supreme Court Justice, Melton,,Write-in,0,0,0,0,0
Hart,Bio,Supreme Court Justice, Melton,,Write-in,0,0,0,0,0
Hart,,Supreme Court Justice, Thompson,,HUGH P. THOMPSON ,2644,96,1980,568,0
Hart,Hartwell,Supreme Court Justice, Thompson,,HUGH P. THOMPSON ,1014,54,704,256,0
Hart,Goldmine,Supreme Court Justice, Thompson,,HUGH P. THOMPSON ,292,11,243,38,0
Hart,Cokesbury,Supreme Court Justice, Thompson,,HUGH P. THOMPSON ,157,3,115,39,0
Hart,Reed Creek,Supreme Court Justice, Thompson,,HUGH P. THOMPSON ,498,16,361,121,0
Hart,Bowersville,Supreme Court Justice, Thompson,,HUGH P. THOMPSON ,222,6,177,39,0
Hart,Shoal Creek,Supreme Court Justice, Thompson,,HUGH P. THOMPSON ,240,2,191,47,0
Hart,Bio,Supreme Court Justice, Thompson,,HUGH P. THOMPSON ,221,4,189,28,0
Hart,,Supreme Court Justice, Thompson,,Write-in,6,0,5,1,0
Hart,Hartwell,Supreme Court Justice, Thompson,,Write-in,3,0,2,1,0
Hart,Goldmine,Supreme Court Justice, Thompson,,Write-in,1,0,1,0,0
Hart,Cokesbury,Supreme Court Justice, Thompson,,Write-in,0,0,0,0,0
Hart,Reed Creek,Supreme Court Justice, Thompson,,Write-in,0,0,0,0,0
Hart,Bowersville,Supreme Court Justice, Thompson,,Write-in,2,0,2,0,0
Hart,Shoal Creek,Supreme Court Justice, Thompson,,Write-in,0,0,0,0,0
Hart,Bio,Supreme Court Justice, Thompson,,Write-in,0,0,0,0,0
Hart,,Appeals Court Judge, Boggs,,MICHAEL P. BOGGS ,2628,100,1959,569,0
Hart,Hartwell,Appeals Court Judge, Boggs,,MICHAEL P. BOGGS ,1011,58,695,258,0
Hart,Goldmine,Appeals Court Judge, Boggs,,MICHAEL P. BOGGS ,290,11,240,39,0
Hart,Cokesbury,Appeals Court Judge, Boggs,,MICHAEL P. BOGGS ,152,3,111,38,0
Hart,Reed Creek,Appeals Court Judge, Boggs,,MICHAEL P. BOGGS ,497,16,361,120,0
Hart,Bowersville,Appeals Court Judge, Boggs,,MICHAEL P. BOGGS ,220,6,176,38,0
Hart,Shoal Creek,Appeals Court Judge, Boggs,,MICHAEL P. BOGGS ,239,2,190,47,0
Hart,Bio,Appeals Court Judge, Boggs,,MICHAEL P. BOGGS ,219,4,186,29,0
Hart,,Appeals Court Judge, Boggs,,Write-in,7,0,6,1,0
Hart,Hartwell,Appeals Court Judge, Boggs,,Write-in,3,0,2,1,0
Hart,Goldmine,Appeals Court Judge, Boggs,,Write-in,1,0,1,0,0
Hart,Cokesbury,Appeals Court Judge, Boggs,,Write-in,0,0,0,0,0
Hart,Reed Creek,Appeals Court Judge, Boggs,,Write-in,0,0,0,0,0
Hart,Bowersville,Appeals Court Judge, Boggs,,Write-in,3,0,3,0,0
Hart,Shoal Creek,Appeals Court Judge, Boggs,,Write-in,0,0,0,0,0
Hart,Bio,Appeals Court Judge, Boggs,,Write-in,0,0,0,0,0
Hart,,Appeals Court Judge, Dillard,,STEPHEN DILLARD ,2606,95,1947,564,0
Hart,Hartwell,Appeals Court Judge, Dillard,,STEPHEN DILLARD ,1002,53,695,254,0
Hart,Goldmine,Appeals Court Judge, Dillard,,STEPHEN DILLARD ,291,11,241,39,0
Hart,Cokesbury,Appeals Court Judge, Dillard,,STEPHEN DILLARD ,153,3,111,39,0
Hart,Reed Creek,Appeals Court Judge, Dillard,,STEPHEN DILLARD ,494,16,357,121,0
Hart,Bowersville,Appeals Court Judge, Dillard,,STEPHEN DILLARD ,216,6,172,38,0
Hart,Shoal Creek,Appeals Court Judge, Dillard,,STEPHEN DILLARD ,238,2,189,47,0
Hart,Bio,Appeals Court Judge, Dillard,,STEPHEN DILLARD ,212,4,182,26,0
Hart,,Appeals Court Judge, Dillard,,Write-in ,6,0,5,1,0
Hart,Hartwell,Appeals Court Judge, Dillard,,Write-in ,3,0,2,1,0
Hart,Goldmine,Appeals Court Judge, Dillard,,Write-in ,1,0,1,0,0
Hart,Cokesbury,Appeals Court Judge, Dillard,,Write-in ,0,0,0,0,0
Hart,Reed Creek,Appeals Court Judge, Dillard,,Write-in ,0,0,0,0,0
Hart,Bowersville,Appeals Court Judge, Dillard,,Write-in ,2,0,2,0,0
Hart,Shoal Creek,Appeals Court Judge, Dillard,,Write-in ,0,0,0,0,0
Hart,Bio,Appeals Court Judge, Dillard,,Write-in ,0,0,0,0,0
Hart,,Appeals Court Judge, Ellington,I,JOHN J. ELLINGTON,2609,98,1948,563,0
Hart,Hartwell,Appeals Court Judge, Ellington,I,JOHN J. ELLINGTON,997,55,691,251,0
Hart,Goldmine,Appeals Court Judge, Ellington,I,JOHN J. ELLINGTON,290,11,240,39,0
Hart,Cokesbury,Appeals Court Judge, Ellington,I,JOHN J. ELLINGTON,154,3,112,39,0
Hart,Reed Creek,Appeals Court Judge, Ellington,I,JOHN J. ELLINGTON,493,17,355,121,0
Hart,Bowersville,Appeals Court Judge, Ellington,I,JOHN J. ELLINGTON,218,6,174,38,0
Hart,Shoal Creek,Appeals Court Judge, Ellington,I,JOHN J. ELLINGTON,239,2,190,47,0
Hart,Bio,Appeals Court Judge, Ellington,I,JOHN J. ELLINGTON,218,4,186,28,0
Hart,,Appeals Court Judge, Ellington,,Write-in ,6,0,5,1,0
Hart,Hartwell,Appeals Court Judge, Ellington,,Write-in ,3,0,2,1,0
Hart,Goldmine,Appeals Court Judge, Ellington,,Write-in ,1,0,1,0,0
Hart,Cokesbury,Appeals Court Judge, Ellington,,Write-in ,0,0,0,0,0
Hart,Reed Creek,Appeals Court Judge, Ellington,,Write-in ,0,0,0,0,0
Hart,Bowersville,Appeals Court Judge, Ellington,,Write-in ,2,0,2,0,0
Hart,Shoal Creek,Appeals Court Judge, Ellington,,Write-in ,0,0,0,0,0
Hart,Bio,Appeals Court Judge, Ellington,,Write-in ,0,0,0,0,0
Hart,,Appeals Court Judge, Miller,,M. YVETTE MILLER ,2576,95,1923,558,0
Hart,Hartwell,Appeals Court Judge, Miller,,M. YVETTE MILLER ,981,53,681,247,0
Hart,Goldmine,Appeals Court Judge, Miller,,M. YVETTE MILLER ,283,11,233,39,0
Hart,Cokesbury,Appeals Court Judge, Miller,,M. YVETTE MILLER ,154,3,114,37,0
Hart,Reed Creek,Appeals Court Judge, Miller,,M. YVETTE MILLER ,495,16,359,120,0
Hart,Bowersville,Appeals Court Judge, Miller,,M. YVETTE MILLER ,215,6,172,37,0
Hart,Shoal Creek,Appeals Court Judge, Miller,,M. YVETTE MILLER ,238,2,188,48,0
Hart,Bio,Appeals Court Judge, Miller,,M. YVETTE MILLER ,210,4,176,30,0
Hart,,Appeals Court Judge, Miller,,Write-in ,6,0,5,1,0
Hart,Hartwell,Appeals Court Judge, Miller,,Write-in ,2,0,1,1,0
Hart,Goldmine,Appeals Court Judge, Miller,,Write-in ,1,0,1,0,0
Hart,Cokesbury,Appeals Court Judge, Miller,,Write-in ,0,0,0,0,0
Hart,Reed Creek,Appeals Court Judge, Miller,,Write-in ,0,0,0,0,0
Hart,Bowersville,Appeals Court Judge, Miller,,Write-in ,2,0,2,0,0
Hart,Shoal Creek,Appeals Court Judge, Miller,,Write-in ,0,0,0,0,0
Hart,Bio,Appeals Court Judge, Miller,,Write-in ,1,0,1,0,0
Hart,,Appeals Court Judge, Phipps,,HERBERT PHIPPS ,2596,97,1937,562,0
Hart,Hartwell,Appeals Court Judge, Phipps,,HERBERT PHIPPS ,992,54,691,247,0
Hart,Goldmine,Appeals Court Judge, Phipps,,HERBERT PHIPPS ,289,13,236,40,0
Hart,Cokesbury,Appeals Court Judge, Phipps,,HERBERT PHIPPS ,150,3,108,39,0
Hart,Reed Creek,Appeals Court Judge, Phipps,,HERBERT PHIPPS ,498,15,363,120,0
Hart,Bowersville,Appeals Court Judge, Phipps,,HERBERT PHIPPS ,215,6,172,37,0
Hart,Shoal Creek,Appeals Court Judge, Phipps,,HERBERT PHIPPS ,241,2,191,48,0
Hart,Bio,Appeals Court Judge, Phipps,,HERBERT PHIPPS ,211,4,176,31,0
Hart,,Appeals Court Judge, Phipps,,Write-in ,6,0,5,1,0
Hart,Hartwell,Appeals Court Judge, Phipps,,Write-in ,3,0,2,1,0
Hart,Goldmine,Appeals Court Judge, Phipps,,Write-in ,1,0,1,0,0
Hart,Cokesbury,Appeals Court Judge, Phipps,,Write-in ,0,0,0,0,0
Hart,Reed Creek,Appeals Court Judge, Phipps,,Write-in ,0,0,0,0,0
Hart,Bowersville,Appeals Court Judge, Phipps,,Write-in ,2,0,2,0,0
Hart,Shoal Creek,Appeals Court Judge, Phipps,,Write-in ,0,0,0,0,0
Hart,Bio,Appeals Court Judge, Phipps,,Write-in ,0,0,0,0,0
Hart,,Superior Court Judge, Northern Circuit (Bailey),,JOHN BAILEY JR. ,2867,108,2124,635,0
Hart,Hartwell,Superior Court Judge, Northern Circuit (Bailey),,JOHN BAILEY JR. ,1111,58,761,292,0
Hart,Goldmine,Superior Court Judge, Northern Circuit (Bailey),,JOHN BAILEY JR. ,313,15,253,45,0
Hart,Cokesbury,Superior Court Judge, Northern Circuit (Bailey),,JOHN BAILEY JR. ,171,4,128,39,0
Hart,Reed Creek,Superior Court Judge, Northern Circuit (Bailey),,JOHN BAILEY JR. ,532,19,386,127,0
Hart,Bowersville,Superior Court Judge, Northern Circuit (Bailey),,JOHN BAILEY JR. ,241,6,196,39,0
Hart,Shoal Creek,Superior Court Judge, Northern Circuit (Bailey),,JOHN BAILEY JR. ,250,2,196,52,0
Hart,Bio,Superior Court Judge, Northern Circuit (Bailey),,JOHN BAILEY JR. ,249,4,204,41,0
Hart,,Superior Court Judge, Northern Circuit (Bailey),,Write-in ,10,2,7,1,0
Hart,Hartwell,Superior Court Judge, Northern Circuit (Bailey),,Write-in ,6,0,5,1,0
Hart,Goldmine,Superior Court Judge, Northern Circuit (Bailey),,Write-in ,1,0,1,0,0
Hart,Cokesbury,Superior Court Judge, Northern Circuit (Bailey),,Write-in ,0,0,0,0,0
Hart,Reed Creek,Superior Court Judge, Northern Circuit (Bailey),,Write-in ,1,1,0,0,0
Hart,Bowersville,Superior Court Judge, Northern Circuit (Bailey),,Write-in ,1,0,1,0,0
Hart,Shoal Creek,Superior Court Judge, Northern Circuit (Bailey),,Write-in ,1,1,0,0,0
Hart,Bio,Superior Court Judge, Northern Circuit (Bailey),,Write-in ,0,0,0,0,0
Hart,,Superior Court Judge, Northern Circuit (Hodges),I,THOMAS HODGES III,2214,83,1629,502,0
Hart,Hartwell,Superior Court Judge, Northern Circuit (Hodges),I,THOMAS HODGES III,863,41,588,234,0
Hart,Goldmine,Superior Court Judge, Northern Circuit (Hodges),I,THOMAS HODGES III,251,12,202,37,0
Hart,Cokesbury,Superior Court Judge, Northern Circuit (Hodges),I,THOMAS HODGES III,137,6,104,27,0
Hart,Reed Creek,Superior Court Judge, Northern Circuit (Hodges),I,THOMAS HODGES III,410,12,293,105,0
Hart,Bowersville,Superior Court Judge, Northern Circuit (Hodges),I,THOMAS HODGES III,174,5,136,33,0
Hart,Shoal Creek,Superior Court Judge, Northern Circuit (Hodges),I,THOMAS HODGES III,180,3,140,37,0
Hart,Bio,Superior Court Judge, Northern Circuit (Hodges),I,THOMAS HODGES III,199,4,166,29,0
Hart,,Superior Court Judge, Northern Circuit (Hodges),,Write-in,8,0,7,1,0
Hart,Hartwell,Superior Court Judge, Northern Circuit (Hodges),,Write-in,4,0,3,1,0
Hart,Goldmine,Superior Court Judge, Northern Circuit (Hodges),,Write-in,2,0,2,0,0
Hart,Cokesbury,Superior Court Judge, Northern Circuit (Hodges),,Write-in,0,0,0,0,0
Hart,Reed Creek,Superior Court Judge, Northern Circuit (Hodges),,Write-in,0,0,0,0,0
Hart,Bowersville,Superior Court Judge, Northern Circuit (Hodges),,Write-in,0,0,0,0,0
Hart,Shoal Creek,Superior Court Judge, Northern Circuit (Hodges),,Write-in,2,0,2,0,0
Hart,Bio,Superior Court Judge, Northern Circuit (Hodges),,Write-in,0,0,0,0,0
Hart,,Superior Court Judge, Northern Circuit (Malcom),,JEFFERY MALCOM ,2897,113,2142,642,0
Hart,Hartwell,Superior Court Judge, Northern Circuit (Malcom),,JEFFERY MALCOM ,1131,59,776,296,0
Hart,Goldmine,Superior Court Judge, Northern Circuit (Malcom),,JEFFERY MALCOM ,323,16,263,44,0
Hart,Cokesbury,Superior Court Judge, Northern Circuit (Malcom),,JEFFERY MALCOM ,174,6,129,39,0
Hart,Reed Creek,Superior Court Judge, Northern Circuit (Malcom),,JEFFERY MALCOM ,544,19,393,132,0
Hart,Bowersville,Superior Court Judge, Northern Circuit (Malcom),,JEFFERY MALCOM ,236,6,189,41,0
Hart,Shoal Creek,Superior Court Judge, Northern Circuit (Malcom),,JEFFERY MALCOM ,245,2,192,51,0
Hart,Bio,Superior Court Judge, Northern Circuit (Malcom),,JEFFERY MALCOM ,244,5,200,39,0
Hart,,Superior Court Judge, Northern Circuit (Malcom),,Write-in ,8,0,6,2,0
Hart,Hartwell,Superior Court Judge, Northern Circuit (Malcom),,Write-in ,3,0,1,2,0
Hart,Goldmine,Superior Court Judge, Northern Circuit (Malcom),,Write-in ,1,0,1,0,0
Hart,Cokesbury,Superior Court Judge, Northern Circuit (Malcom),,Write-in ,1,0,1,0,0
Hart,Reed Creek,Superior Court Judge, Northern Circuit (Malcom),,Write-in ,0,0,0,0,0
Hart,Bowersville,Superior Court Judge, Northern Circuit (Malcom),,Write-in ,3,0,3,0,0
Hart,Shoal Creek,Superior Court Judge, Northern Circuit (Malcom),,Write-in ,0,0,0,0,0
Hart,Bio,Superior Court Judge, Northern Circuit (Malcom),,Write-in ,0,0,0,0,0
Hart,,Probate Judge,,,BOB SMITH ,3299,127,2439,733,0
Hart,Hartwell,Probate Judge,,,BOB SMITH ,1321,71,887,363,0
Hart,Goldmine,Probate Judge,,,BOB SMITH ,334,16,273,45,0
Hart,Cokesbury,Probate Judge,,,BOB SMITH ,202,7,154,41,0
Hart,Reed Creek,Probate Judge,,,BOB SMITH ,607,19,443,145,0
Hart,Bowersville,Probate Judge,,,BOB SMITH ,274,7,227,40,0
Hart,Shoal Creek,Probate Judge,,,BOB SMITH ,264,2,210,52,0
Hart,Bio,Probate Judge,,,BOB SMITH ,297,5,245,47,0
Hart,,Probate Judge,,,Write-in,5,0,4,1,0
Hart,Hartwell,Probate Judge,,,Write-in,3,0,2,1,0
Hart,Goldmine,Probate Judge,,,Write-in,0,0,0,0,0
Hart,Cokesbury,Probate Judge,,,Write-in,0,0,0,0,0
Hart,Reed Creek,Probate Judge,,,Write-in,0,0,0,0,0
Hart,Bowersville,Probate Judge,,,Write-in,0,0,0,0,0
Hart,Shoal Creek,Probate Judge,,,Write-in,1,0,1,0,0
Hart,Bio,Probate Judge,,,Write-in,1,0,1,0,0
Hart,,Chief Magistrate,,,RONALD WEAVER,767,25,604,138,0
Hart,Hartwell,Chief Magistrate,,,RONALD WEAVER,269,11,188,70,0
Hart,Goldmine,Chief Magistrate,,,RONALD WEAVER,91,3,81,7,0
Hart,Cokesbury,Chief Magistrate,,,RONALD WEAVER,38,0,34,4,0
Hart,Reed Creek,Chief Magistrate,,,RONALD WEAVER,192,6,147,39,0
Hart,Bowersville,Chief Magistrate,,,RONALD WEAVER,49,0,48,1,0
Hart,Shoal Creek,Chief Magistrate,,,RONALD WEAVER,66,1,55,10,0
Hart,Bio,Chief Magistrate,,,RONALD WEAVER,62,4,51,7,0
Hart,,Chief Magistrate,,,TONY WELBORN,3064,119,2250,695,0
Hart,Hartwell,Chief Magistrate,,,TONY WELBORN,1248,66,853,329,0
Hart,Goldmine,Chief Magistrate,,,TONY WELBORN,285,16,221,48,0
Hart,Cokesbury,Chief Magistrate,,,TONY WELBORN,189,8,142,39,0
Hart,Reed Creek,Chief Magistrate,,,TONY WELBORN,540,15,386,139,0
Hart,Bowersville,Chief Magistrate,,,TONY WELBORN,261,8,208,45,0
Hart,Shoal Creek,Chief Magistrate,,,TONY WELBORN,244,2,195,47,0
Hart,Bio,Chief Magistrate,,,TONY WELBORN,297,4,245,48,0
Hart,,Chief Magistrate,,,Write-in,6,0,5,1,0
Hart,Hartwell,Chief Magistrate,,,Write-in,2,0,1,1,0
Hart,Goldmine,Chief Magistrate,,,Write-in,1,0,1,0,0
Hart,Cokesbury,Chief Magistrate,,,Write-in,1,0,1,0,0
Hart,Reed Creek,Chief Magistrate,,,Write-in,1,0,1,0,0
Hart,Bowersville,Chief Magistrate,,,Write-in,1,0,1,0,0
Hart,Shoal Creek,Chief Magistrate,,,Write-in,0,0,0,0,0
Hart,Bio,Chief Magistrate,,,Write-in,0,0,0,0,0
Hart,,TSPLOST,,,YES,730,39,513,178,0
Hart,Hartwell,TSPLOST,,,YES,316,25,200,91,0
Hart,Goldmine,TSPLOST,,,YES,76,6,58,12,0
Hart,Cokesbury,TSPLOST,,,YES,67,1,51,15,0
Hart,Reed Creek,TSPLOST,,,YES,93,2,68,23,0
Hart,Bowersville,TSPLOST,,,YES,51,4,39,8,0
Hart,Shoal Creek,TSPLOST,,,YES,56,1,39,16,0
Hart,Bio,TSPLOST,,,YES,71,0,58,13,0
Hart,,TSPLOST,,,NO,3134,109,2384,641,0
Hart,Hartwell,TSPLOST,,,NO,1172,52,825,295,0
Hart,Goldmine,TSPLOST,,,NO,320,14,263,43,0
Hart,Cokesbury,TSPLOST,,,NO,164,7,129,28,0
Hart,Reed Creek,TSPLOST,,,NO,657,22,483,152,0
Hart,Bowersville,TSPLOST,,,NO,264,4,224,36,0
Hart,Shoal Creek,TSPLOST,,,NO,263,2,218,43,0
Hart,Bio,TSPLOST,,,NO,294,8,242,44,0
