county,precinct,office,district,party,candidate,votes,absentee_by_mail,election_day,advance_in_person,provisional
Irwin,,"Public Service Commission, District 3",3,REP,CHUCK EATON (I),834,10,592,229,3
Irwin,Irwinville,"Public Service Commission, District 3",3,REP,CHUCK EATON (I),126,0,105,20,1
Irwin,Minnie,"Public Service Commission, District 3",3,REP,CHUCK EATON (I),71,0,59,12,0
Irwin,Roberts,"Public Service Commission, District 3",3,REP,CHUCK EATON (I),57,2,51,4,0
Irwin,Ocilla,"Public Service Commission, District 3",3,REP,CHUCK EATON (I),323,7,170,144,2
Irwin,Osierfield,"Public Service Commission, District 3",3,REP,CHUCK EATON (I),39,0,32,7,0
Irwin,Mystic,"Public Service Commission, District 3",3,REP,CHUCK EATON (I),102,1,77,24,0
Irwin,Fletcher,"Public Service Commission, District 3",3,REP,CHUCK EATON (I),67,0,59,8,0
Irwin,Holt,"Public Service Commission, District 3",3,REP,CHUCK EATON (I),49,0,39,10,0
Irwin,,"Public Service Commission, District 3",3,REP,MATT REID,431,1,309,119,2
Irwin,Irwinville,"Public Service Commission, District 3",3,REP,MATT REID,64,0,56,8,0
Irwin,Minnie,"Public Service Commission, District 3",3,REP,MATT REID,37,0,30,7,0
Irwin,Roberts,"Public Service Commission, District 3",3,REP,MATT REID,34,0,33,1,0
Irwin,Ocilla,"Public Service Commission, District 3",3,REP,MATT REID,157,1,76,78,2
Irwin,Osierfield,"Public Service Commission, District 3",3,REP,MATT REID,20,0,17,3,0
Irwin,Mystic,"Public Service Commission, District 3",3,REP,MATT REID,49,0,37,12,0
Irwin,Fletcher,"Public Service Commission, District 3",3,REP,MATT REID,48,0,43,5,0
Irwin,Holt,"Public Service Commission, District 3",3,REP,MATT REID,22,0,17,5,0
Irwin,,"Public Service Commission, District 3",3,DEM,STEPHEN OPPENHEIMER,352,13,229,110,0
Irwin,Irwinville,"Public Service Commission, District 3",3,DEM,STEPHEN OPPENHEIMER,27,2,21,4,0
Irwin,Minnie,"Public Service Commission, District 3",3,DEM,STEPHEN OPPENHEIMER,12,0,9,3,0
Irwin,Roberts,"Public Service Commission, District 3",3,DEM,STEPHEN OPPENHEIMER,18,1,13,4,0
Irwin,Ocilla,"Public Service Commission, District 3",3,DEM,STEPHEN OPPENHEIMER,215,10,119,86,0
Irwin,Osierfield,"Public Service Commission, District 3",3,DEM,STEPHEN OPPENHEIMER,16,0,16,0,0
Irwin,Mystic,"Public Service Commission, District 3",3,DEM,STEPHEN OPPENHEIMER,26,0,19,7,0
Irwin,Fletcher,"Public Service Commission, District 3",3,DEM,STEPHEN OPPENHEIMER,16,0,14,2,0
Irwin,Holt,"Public Service Commission, District 3",3,DEM,STEPHEN OPPENHEIMER,22,0,18,4,0
Irwin,,"Public Service Commission, District 5",5,REP,PAM DAVIDSON,435,5,307,123,0
Irwin,Irwinville,"Public Service Commission, District 5",5,REP,PAM DAVIDSON,66,0,57,9,0
Irwin,Minnie,"Public Service Commission, District 5",5,REP,PAM DAVIDSON,36,0,29,7,0
Irwin,Roberts,"Public Service Commission, District 5",5,REP,PAM DAVIDSON,35,2,33,0,0
Irwin,Ocilla,"Public Service Commission, District 5",5,REP,PAM DAVIDSON,163,2,84,77,0
Irwin,Osierfield,"Public Service Commission, District 5",5,REP,PAM DAVIDSON,21,0,16,5,0
Irwin,Mystic,"Public Service Commission, District 5",5,REP,PAM DAVIDSON,51,1,36,14,0
Irwin,Fletcher,"Public Service Commission, District 5",5,REP,PAM DAVIDSON,36,0,29,7,0
Irwin,Holt,"Public Service Commission, District 5",5,REP,PAM DAVIDSON,27,0,23,4,0
Irwin,,"Public Service Commission, District 5",5,REP,STAN WISE (I),792,6,566,215,5
Irwin,Irwinville,"Public Service Commission, District 5",5,REP,STAN WISE (I),121,0,102,18,1
Irwin,Minnie,"Public Service Commission, District 5",5,REP,STAN WISE (I),69,0,58,11,0
Irwin,Roberts,"Public Service Commission, District 5",5,REP,STAN WISE (I),55,0,51,4,0
Irwin,Ocilla,"Public Service Commission, District 5",5,REP,STAN WISE (I),306,6,155,141,4
Irwin,Osierfield,"Public Service Commission, District 5",5,REP,STAN WISE (I),34,0,30,4,0
Irwin,Mystic,"Public Service Commission, District 5",5,REP,STAN WISE (I),98,0,77,21,0
Irwin,Fletcher,"Public Service Commission, District 5",5,REP,STAN WISE (I),68,0,62,6,0
Irwin,Holt,"Public Service Commission, District 5",5,REP,STAN WISE (I),41,0,31,10,0
Irwin,,"U.S. Representative, District 8",8,REP,AUSTIN SCOTT (I),1230,12,868,344,6
Irwin,Irwinville,"U.S. Representative, District 8",8,REP,AUSTIN SCOTT (I),191,0,164,26,1
Irwin,Minnie,"U.S. Representative, District 8",8,REP,AUSTIN SCOTT (I),103,2,83,18,0
Irwin,Roberts,"U.S. Representative, District 8",8,REP,AUSTIN SCOTT (I),88,2,81,5,0
Irwin,Ocilla,"U.S. Representative, District 8",8,REP,AUSTIN SCOTT (I),473,7,241,221,4
Irwin,Osierfield,"U.S. Representative, District 8",8,REP,AUSTIN SCOTT (I),53,0,44,8,1
Irwin,Mystic,"U.S. Representative, District 8",8,REP,AUSTIN SCOTT (I),147,1,109,37,0
Irwin,Fletcher,"U.S. Representative, District 8",8,REP,AUSTIN SCOTT (I),109,0,95,14,0
Irwin,Holt,"U.S. Representative, District 8",8,REP,AUSTIN SCOTT (I),66,0,51,15,0
Irwin,,"State Senator, District 7",7,REP,TYLER HARPER,1092,14,743,328,7
Irwin,Irwinville,"State Senator, District 7",7,REP,TYLER HARPER,149,0,126,22,1
Irwin,Minnie,"State Senator, District 7",7,REP,TYLER HARPER,103,2,77,24,0
Irwin,Roberts,"State Senator, District 7",7,REP,TYLER HARPER,87,2,76,8,1
Irwin,Ocilla,"State Senator, District 7",7,REP,TYLER HARPER,442,9,227,202,4
Irwin,Osierfield,"State Senator, District 7",7,REP,TYLER HARPER,43,0,35,7,1
Irwin,Mystic,"State Senator, District 7",7,REP,TYLER HARPER,124,1,84,39,0
Irwin,Fletcher,"State Senator, District 7",7,REP,TYLER HARPER,83,0,73,10,0
Irwin,Holt,"State Senator, District 7",7,REP,TYLER HARPER,61,0,45,16,0
Irwin,,"State Senator, District 7",7,REP,MARK HATFIELD,262,1,214,47,0
Irwin,Irwinville,"State Senator, District 7",7,REP,MARK HATFIELD,44,0,36,8,0
Irwin,Minnie,"State Senator, District 7",7,REP,MARK HATFIELD,19,0,19,0,0
Irwin,Roberts,"State Senator, District 7",7,REP,MARK HATFIELD,26,0,26,0,0
Irwin,Ocilla,"State Senator, District 7",7,REP,MARK HATFIELD,81,1,51,29,0
Irwin,Osierfield,"State Senator, District 7",7,REP,MARK HATFIELD,7,0,5,2,0
Irwin,Mystic,"State Senator, District 7",7,REP,MARK HATFIELD,40,0,37,3,0
Irwin,Fletcher,"State Senator, District 7",7,REP,MARK HATFIELD,32,0,28,4,0
Irwin,Holt,"State Senator, District 7",7,REP,MARK HATFIELD,13,0,12,1,0
Irwin,,"State Senator, District 7",7,REP,RODNEY VICKERS,131,1,91,39,0
Irwin,Irwinville,"State Senator, District 7",7,REP,RODNEY VICKERS,22,0,18,4,0
Irwin,Minnie,"State Senator, District 7",7,REP,RODNEY VICKERS,9,0,9,0,0
Irwin,Roberts,"State Senator, District 7",7,REP,RODNEY VICKERS,2,0,2,0,0
Irwin,Ocilla,"State Senator, District 7",7,REP,RODNEY VICKERS,51,0,22,29,0
Irwin,Osierfield,"State Senator, District 7",7,REP,RODNEY VICKERS,20,1,16,3,0
Irwin,Mystic,"State Senator, District 7",7,REP,RODNEY VICKERS,11,0,9,2,0
Irwin,Fletcher,"State Senator, District 7",7,REP,RODNEY VICKERS,7,0,7,0,0
Irwin,Holt,"State Senator, District 7",7,REP,RODNEY VICKERS,9,0,8,1,0
Irwin,,"State Senator, District 7",7,DEM,DONALD MITCHELL,362,12,233,117,0
Irwin,Irwinville,"State Senator, District 7",7,DEM,DONALD MITCHELL,28,2,21,5,0
Irwin,Minnie,"State Senator, District 7",7,DEM,DONALD MITCHELL,10,0,8,2,0
Irwin,Roberts,"State Senator, District 7",7,DEM,DONALD MITCHELL,18,1,13,4,0
Irwin,Ocilla,"State Senator, District 7",7,DEM,DONALD MITCHELL,228,9,126,93,0
Irwin,Osierfield,"State Senator, District 7",7,DEM,DONALD MITCHELL,15,0,15,0,0
Irwin,Mystic,"State Senator, District 7",7,DEM,DONALD MITCHELL,27,0,20,7,0
Irwin,Fletcher,"State Senator, District 7",7,DEM,DONALD MITCHELL,14,0,12,2,0
Irwin,Holt,"State Senator, District 7",7,DEM,DONALD MITCHELL,22,0,18,4,0
Irwin,,"State Representative, District 155",155,REP,JAY ROBERTS (I),1268,12,895,355,6
Irwin,Irwinville,"State Representative, District 155",155,REP,JAY ROBERTS (I),192,0,166,25,1
Irwin,Minnie,"State Representative, District 155",155,REP,JAY ROBERTS (I),110,2,87,21,0
Irwin,Roberts,"State Representative, District 155",155,REP,JAY ROBERTS (I),93,2,84,7,0
Irwin,Ocilla,"State Representative, District 155",155,REP,JAY ROBERTS (I),496,7,256,229,4
Irwin,Osierfield,"State Representative, District 155",155,REP,JAY ROBERTS (I),50,0,41,8,1
Irwin,Mystic,"State Representative, District 155",155,REP,JAY ROBERTS (I),151,1,112,38,0
Irwin,Fletcher,"State Representative, District 155",155,REP,JAY ROBERTS (I),107,0,94,13,0
Irwin,Holt,"State Representative, District 155",155,REP,JAY ROBERTS (I),69,0,55,14,0
Irwin,,"District Attorney, Tifton Circuit", Tifton Circuit - REP,REP,PAUL BOWDEN (I),1206,12,840,348,6
Irwin,Irwinville,"District Attorney, Tifton Circuit", Tifton Circuit - REP,REP,PAUL BOWDEN (I),179,0,152,26,1
Irwin,Minnie,"District Attorney, Tifton Circuit", Tifton Circuit - REP,REP,PAUL BOWDEN (I),109,2,87,20,0
Irwin,Roberts,"District Attorney, Tifton Circuit", Tifton Circuit - REP,REP,PAUL BOWDEN (I),90,2,81,7,0
Irwin,Ocilla,"District Attorney, Tifton Circuit", Tifton Circuit - REP,REP,PAUL BOWDEN (I),458,7,227,220,4
Irwin,Osierfield,"District Attorney, Tifton Circuit", Tifton Circuit - REP,REP,PAUL BOWDEN (I),52,0,42,9,1
Irwin,Mystic,"District Attorney, Tifton Circuit", Tifton Circuit - REP,REP,PAUL BOWDEN (I),152,1,112,39,0
Irwin,Fletcher,"District Attorney, Tifton Circuit", Tifton Circuit - REP,REP,PAUL BOWDEN (I),100,0,87,13,0
Irwin,Holt,"District Attorney, Tifton Circuit", Tifton Circuit - REP,REP,PAUL BOWDEN (I),66,0,52,14,0
Irwin,,"CLERK, SUPERIOR COURT", SUPERIOR COURT - D,,NANCY F. ROSS ,416,14,267,135,0
Irwin,Irwinville,"CLERK, SUPERIOR COURT", SUPERIOR COURT - D,,NANCY F. ROSS ,28,2,21,5,0
Irwin,Minnie,"CLERK, SUPERIOR COURT", SUPERIOR COURT - D,,NANCY F. ROSS ,11,0,8,3,0
Irwin,Roberts,"CLERK, SUPERIOR COURT", SUPERIOR COURT - D,,NANCY F. ROSS ,20,1,16,3,0
Irwin,Ocilla,"CLERK, SUPERIOR COURT", SUPERIOR COURT - D,,NANCY F. ROSS ,270,11,149,110,0
Irwin,Osierfield,"CLERK, SUPERIOR COURT", SUPERIOR COURT - D,,NANCY F. ROSS ,17,0,17,0,0
Irwin,Mystic,"CLERK, SUPERIOR COURT", SUPERIOR COURT - D,,NANCY F. ROSS ,31,0,23,8,0
Irwin,Fletcher,"CLERK, SUPERIOR COURT", SUPERIOR COURT - D,,NANCY F. ROSS ,14,0,12,2,0
Irwin,Holt,"CLERK, SUPERIOR COURT", SUPERIOR COURT - D,,NANCY F. ROSS ,25,0,21,4,0
Irwin,,SHERIFF,,,DONNIE YOUGHN ,484,14,306,164,0
Irwin,Irwinville,SHERIFF,,,DONNIE YOUGHN ,29,2,21,6,0
Irwin,Minnie,SHERIFF,,,DONNIE YOUGHN ,15,0,11,4,0
Irwin,Roberts,SHERIFF,,,DONNIE YOUGHN ,19,1,15,3,0
Irwin,Ocilla,SHERIFF,,,DONNIE YOUGHN ,323,11,178,134,0
Irwin,Osierfield,SHERIFF,,,DONNIE YOUGHN ,16,0,16,0,0
Irwin,Mystic,SHERIFF,,,DONNIE YOUGHN ,38,0,27,11,0
Irwin,Fletcher,SHERIFF,,,DONNIE YOUGHN ,13,0,11,2,0
Irwin,Holt,SHERIFF,,,DONNIE YOUGHN ,31,0,27,4,0
Irwin,,TAX COMMISSIONER,,,SHIRLEY ANN JOHNSON,1251,12,889,344,6
Irwin,Irwinville,TAX COMMISSIONER,,,SHIRLEY ANN JOHNSON,203,0,170,32,1
Irwin,Minnie,TAX COMMISSIONER,,,SHIRLEY ANN JOHNSON,116,2,95,19,0
Irwin,Roberts,TAX COMMISSIONER,,,SHIRLEY ANN JOHNSON,93,2,85,6,0
Irwin,Ocilla,TAX COMMISSIONER,,,SHIRLEY ANN JOHNSON,463,7,236,216,4
Irwin,Osierfield,TAX COMMISSIONER,,,SHIRLEY ANN JOHNSON,54,0,45,8,1
Irwin,Mystic,TAX COMMISSIONER,,,SHIRLEY ANN JOHNSON,150,1,111,38,0
Irwin,Fletcher,TAX COMMISSIONER,,,SHIRLEY ANN JOHNSON,108,0,96,12,0
Irwin,Holt,TAX COMMISSIONER,,,SHIRLEY ANN JOHNSON,64,0,51,13,0
Irwin,,TAX COMMISSIONER,,,LISA G. COOK,426,13,276,137,0
Irwin,Irwinville,TAX COMMISSIONER,,,LISA G. COOK,27,2,20,5,0
Irwin,Minnie,TAX COMMISSIONER,,,LISA G. COOK,12,0,10,2,0
Irwin,Roberts,TAX COMMISSIONER,,,LISA G. COOK,20,1,16,3,0
Irwin,Ocilla,TAX COMMISSIONER,,,LISA G. COOK,283,10,160,113,0
Irwin,Osierfield,TAX COMMISSIONER,,,LISA G. COOK,14,0,14,0,0
Irwin,Mystic,TAX COMMISSIONER,,,LISA G. COOK,32,0,22,10,0
Irwin,Fletcher,TAX COMMISSIONER,,,LISA G. COOK,14,0,13,1,0
Irwin,Holt,TAX COMMISSIONER,,,LISA G. COOK,24,0,21,3,0
Irwin,,CORONER,,,JIMMY BULLINGTON ,253,10,157,86,0
Irwin,Irwinville,CORONER,,,JIMMY BULLINGTON ,13,1,10,2,0
Irwin,Minnie,CORONER,,,JIMMY BULLINGTON ,4,0,3,1,0
Irwin,Roberts,CORONER,,,JIMMY BULLINGTON ,12,1,10,1,0
Irwin,Ocilla,CORONER,,,JIMMY BULLINGTON ,182,8,97,77,0
Irwin,Osierfield,CORONER,,,JIMMY BULLINGTON ,9,0,9,0,0
Irwin,Mystic,CORONER,,,JIMMY BULLINGTON ,17,0,13,4,0
Irwin,Fletcher,CORONER,,,JIMMY BULLINGTON ,9,0,8,1,0
Irwin,Holt,CORONER,,,JIMMY BULLINGTON ,7,0,7,0,0
Irwin,,CORONER,,,MICHELLE K. DANIEL,199,5,129,65,0
Irwin,Irwinville,CORONER,,,MICHELLE K. DANIEL,17,1,12,4,0
Irwin,Minnie,CORONER,,,MICHELLE K. DANIEL,11,0,9,2,0
Irwin,Roberts,CORONER,,,MICHELLE K. DANIEL,10,0,7,3,0
Irwin,Ocilla,CORONER,,,MICHELLE K. DANIEL,111,4,62,45,0
Irwin,Osierfield,CORONER,,,MICHELLE K. DANIEL,10,0,10,0,0
Irwin,Mystic,CORONER,,,MICHELLE K. DANIEL,15,0,9,6,0
Irwin,Fletcher,CORONER,,,MICHELLE K. DANIEL,6,0,5,1,0
Irwin,Holt,CORONER,,,MICHELLE K. DANIEL,19,0,15,4,0
Irwin,,CHAIR CC,,,ARMOND MORRIS,1048,6,762,274,6
Irwin,Irwinville,CHAIR CC,,,ARMOND MORRIS,151,0,137,13,1
Irwin,Minnie,CHAIR CC,,,ARMOND MORRIS,92,0,79,13,0
Irwin,Roberts,CHAIR CC,,,ARMOND MORRIS,66,2,62,2,0
Irwin,Ocilla,CHAIR CC,,,ARMOND MORRIS,399,3,211,181,4
Irwin,Osierfield,CHAIR CC,,,ARMOND MORRIS,47,0,38,8,1
Irwin,Mystic,CHAIR CC,,,ARMOND MORRIS,133,1,100,32,0
Irwin,Fletcher,CHAIR CC,,,ARMOND MORRIS,102,0,92,10,0
Irwin,Holt,CHAIR CC,,,ARMOND MORRIS,58,0,43,15,0
Irwin,,CHAIR CC,,,JOEY WHITLEY ,456,11,285,160,0
Irwin,Irwinville,CHAIR CC,,,JOEY WHITLEY ,29,2,21,6,0
Irwin,Minnie,CHAIR CC,,,JOEY WHITLEY ,13,0,9,4,0
Irwin,Roberts,CHAIR CC,,,JOEY WHITLEY ,19,1,14,4,0
Irwin,Ocilla,CHAIR CC,,,JOEY WHITLEY ,302,8,162,132,0
Irwin,Osierfield,CHAIR CC,,,JOEY WHITLEY ,17,0,17,0,0
Irwin,Mystic,CHAIR CC,,,JOEY WHITLEY ,37,0,27,10,0
Irwin,Fletcher,CHAIR CC,,,JOEY WHITLEY ,14,0,13,1,0
Irwin,Holt,CHAIR CC,,,JOEY WHITLEY ,25,0,22,3,0
Irwin,,"CC, D1", D1 - R,,BILLY ZORN,297,1,265,30,1
Irwin,Irwinville,"CC, D1", D1 - R,,BILLY ZORN,155,0,137,17,1
Irwin,Roberts,"CC, D1", D1 - R,,BILLY ZORN,43,0,42,1,0
Irwin,Mystic,"CC, D1", D1 - R,,BILLY ZORN,16,1,13,2,0
Irwin,Fletcher,"CC, D1", D1 - R,,BILLY ZORN,83,0,73,10,0
Irwin,,"CC, D1", D1 - D,,DANNY HAIRE ,51,1,44,6,0
Irwin,Irwinville,"CC, D1", D1 - D,,DANNY HAIRE ,26,1,20,5,0
Irwin,Roberts,"CC, D1", D1 - D,,DANNY HAIRE ,6,0,6,0,0
Irwin,Mystic,"CC, D1", D1 - D,,DANNY HAIRE ,5,0,5,0,0
Irwin,Fletcher,"CC, D1", D1 - D,,DANNY HAIRE ,14,0,13,1,0
Irwin,,"CC, D3", D3 - D,,ALDENE TYSON ,183,5,109,69,0
Irwin,Minnie,"CC, D3", D3 - D,,ALDENE TYSON ,4,0,4,0,0
Irwin,Ocilla,"CC, D3", D3 - D,,ALDENE TYSON ,160,5,94,61,0
Irwin,Mystic,"CC, D3", D3 - D,,ALDENE TYSON ,19,0,11,8,0
Irwin,,Republican Party Question 1<br>Should Georgia have casino gambling with funds going to education?,,REP,YES,652,6,447,197,2
Irwin,Irwinville,Republican Party Question 1<br>Should Georgia have casino gambling with funds going to education?,,REP,YES,80,0,67,12,1
Irwin,Minnie,Republican Party Question 1<br>Should Georgia have casino gambling with funds going to education?,,REP,YES,56,0,45,11,0
Irwin,Roberts,Republican Party Question 1<br>Should Georgia have casino gambling with funds going to education?,,REP,YES,37,2,30,4,1
Irwin,Ocilla,Republican Party Question 1<br>Should Georgia have casino gambling with funds going to education?,,REP,YES,305,4,165,136,0
Irwin,Osierfield,Republican Party Question 1<br>Should Georgia have casino gambling with funds going to education?,,REP,YES,24,0,21,3,0
Irwin,Mystic,Republican Party Question 1<br>Should Georgia have casino gambling with funds going to education?,,REP,YES,77,0,53,24,0
Irwin,Fletcher,Republican Party Question 1<br>Should Georgia have casino gambling with funds going to education?,,REP,YES,37,0,33,4,0
Irwin,Holt,Republican Party Question 1<br>Should Georgia have casino gambling with funds going to education?,,REP,YES,36,0,33,3,0
Irwin,,Republican Party Question 1<br>Should Georgia have casino gambling with funds going to education?,,REP,NO,802,9,583,205,5
Irwin,Irwinville,Republican Party Question 1<br>Should Georgia have casino gambling with funds going to education?,,REP,NO,132,0,111,21,0
Irwin,Minnie,Republican Party Question 1<br>Should Georgia have casino gambling with funds going to education?,,REP,NO,76,2,61,13,0
Irwin,Roberts,Republican Party Question 1<br>Should Georgia have casino gambling with funds going to education?,,REP,NO,71,0,67,4,0
Irwin,Ocilla,Republican Party Question 1<br>Should Georgia have casino gambling with funds going to education?,,REP,NO,255,5,127,119,4
Irwin,Osierfield,Republican Party Question 1<br>Should Georgia have casino gambling with funds going to education?,,REP,NO,44,1,33,9,1
Irwin,Mystic,Republican Party Question 1<br>Should Georgia have casino gambling with funds going to education?,,REP,NO,96,1,78,17,0
Irwin,Fletcher,Republican Party Question 1<br>Should Georgia have casino gambling with funds going to education?,,REP,NO,86,0,77,9,0
Irwin,Holt,Republican Party Question 1<br>Should Georgia have casino gambling with funds going to education?,,REP,NO,42,0,29,13,0
Irwin,,Republican Party Question 2<br>Do you support ending the current practice of unlimited gifts from lobbyists to state legislators by imposing a $100 cap on such gifts?,,REP,YES,1161,10,834,315,2
Irwin,Irwinville,Republican Party Question 2<br>Do you support ending the current practice of unlimited gifts from lobbyists to state legislators by imposing a $100 cap on such gifts?,,REP,YES,163,0,137,26,0
Irwin,Minnie,Republican Party Question 2<br>Do you support ending the current practice of unlimited gifts from lobbyists to state legislators by imposing a $100 cap on such gifts?,,REP,YES,113,2,90,21,0
Irwin,Roberts,Republican Party Question 2<br>Do you support ending the current practice of unlimited gifts from lobbyists to state legislators by imposing a $100 cap on such gifts?,,REP,YES,83,2,75,6,0
Irwin,Ocilla,Republican Party Question 2<br>Do you support ending the current practice of unlimited gifts from lobbyists to state legislators by imposing a $100 cap on such gifts?,,REP,YES,436,5,230,199,2
Irwin,Osierfield,Republican Party Question 2<br>Do you support ending the current practice of unlimited gifts from lobbyists to state legislators by imposing a $100 cap on such gifts?,,REP,YES,55,0,45,10,0
Irwin,Mystic,Republican Party Question 2<br>Do you support ending the current practice of unlimited gifts from lobbyists to state legislators by imposing a $100 cap on such gifts?,,REP,YES,149,1,114,34,0
Irwin,Fletcher,Republican Party Question 2<br>Do you support ending the current practice of unlimited gifts from lobbyists to state legislators by imposing a $100 cap on such gifts?,,REP,YES,101,0,92,9,0
Irwin,Holt,Republican Party Question 2<br>Do you support ending the current practice of unlimited gifts from lobbyists to state legislators by imposing a $100 cap on such gifts?,,REP,YES,61,0,51,10,0
Irwin,,Republican Party Question 2<br>Do you support ending the current practice of unlimited gifts from lobbyists to state legislators by imposing a $100 cap on such gifts?,,REP,NO,261,5,177,75,4
Irwin,Irwinville,Republican Party Question 2<br>Do you support ending the current practice of unlimited gifts from lobbyists to state legislators by imposing a $100 cap on such gifts?,,REP,NO,44,0,37,6,1
Irwin,Minnie,Republican Party Question 2<br>Do you support ending the current practice of unlimited gifts from lobbyists to state legislators by imposing a $100 cap on such gifts?,,REP,NO,13,0,11,2,0
Irwin,Roberts,Republican Party Question 2<br>Do you support ending the current practice of unlimited gifts from lobbyists to state legislators by imposing a $100 cap on such gifts?,,REP,NO,24,0,21,2,1
Irwin,Ocilla,Republican Party Question 2<br>Do you support ending the current practice of unlimited gifts from lobbyists to state legislators by imposing a $100 cap on such gifts?,,REP,NO,110,4,56,48,2
Irwin,Osierfield,Republican Party Question 2<br>Do you support ending the current practice of unlimited gifts from lobbyists to state legislators by imposing a $100 cap on such gifts?,,REP,NO,12,1,9,2,0
Irwin,Mystic,Republican Party Question 2<br>Do you support ending the current practice of unlimited gifts from lobbyists to state legislators by imposing a $100 cap on such gifts?,,REP,NO,23,0,17,6,0
Irwin,Fletcher,Republican Party Question 2<br>Do you support ending the current practice of unlimited gifts from lobbyists to state legislators by imposing a $100 cap on such gifts?,,REP,NO,20,0,17,3,0
Irwin,Holt,Republican Party Question 2<br>Do you support ending the current practice of unlimited gifts from lobbyists to state legislators by imposing a $100 cap on such gifts?,,REP,NO,15,0,9,6,0
Irwin,,Republican Party Question 3<br>Should active duty military personnel who are under the age of 21 be allowed to obtain a Georgia weapons license?,,REP,YES,1017,8,727,280,2
Irwin,Irwinville,Republican Party Question 3<br>Should active duty military personnel who are under the age of 21 be allowed to obtain a Georgia weapons license?,,REP,YES,148,0,125,23,0
Irwin,Minnie,Republican Party Question 3<br>Should active duty military personnel who are under the age of 21 be allowed to obtain a Georgia weapons license?,,REP,YES,97,2,77,18,0
Irwin,Roberts,Republican Party Question 3<br>Should active duty military personnel who are under the age of 21 be allowed to obtain a Georgia weapons license?,,REP,YES,72,0,69,3,0
Irwin,Ocilla,Republican Party Question 3<br>Should active duty military personnel who are under the age of 21 be allowed to obtain a Georgia weapons license?,,REP,YES,387,6,204,176,1
Irwin,Osierfield,Republican Party Question 3<br>Should active duty military personnel who are under the age of 21 be allowed to obtain a Georgia weapons license?,,REP,YES,45,0,34,10,1
Irwin,Mystic,Republican Party Question 3<br>Should active duty military personnel who are under the age of 21 be allowed to obtain a Georgia weapons license?,,REP,YES,116,0,88,28,0
Irwin,Fletcher,Republican Party Question 3<br>Should active duty military personnel who are under the age of 21 be allowed to obtain a Georgia weapons license?,,REP,YES,97,0,89,8,0
Irwin,Holt,Republican Party Question 3<br>Should active duty military personnel who are under the age of 21 be allowed to obtain a Georgia weapons license?,,REP,YES,55,0,41,14,0
Irwin,,Republican Party Question 3<br>Should active duty military personnel who are under the age of 21 be allowed to obtain a Georgia weapons license?,,REP,NO,426,5,302,114,5
Irwin,Irwinville,Republican Party Question 3<br>Should active duty military personnel who are under the age of 21 be allowed to obtain a Georgia weapons license?,,REP,NO,61,0,52,8,1
Irwin,Minnie,Republican Party Question 3<br>Should active duty military personnel who are under the age of 21 be allowed to obtain a Georgia weapons license?,,REP,NO,30,0,26,4,0
Irwin,Roberts,Republican Party Question 3<br>Should active duty military personnel who are under the age of 21 be allowed to obtain a Georgia weapons license?,,REP,NO,35,2,28,4,1
Irwin,Ocilla,Republican Party Question 3<br>Should active duty military personnel who are under the age of 21 be allowed to obtain a Georgia weapons license?,,REP,NO,170,2,89,76,3
Irwin,Osierfield,Republican Party Question 3<br>Should active duty military personnel who are under the age of 21 be allowed to obtain a Georgia weapons license?,,REP,NO,23,0,21,2,0
Irwin,Mystic,Republican Party Question 3<br>Should active duty military personnel who are under the age of 21 be allowed to obtain a Georgia weapons license?,,REP,NO,58,1,43,14,0
Irwin,Fletcher,Republican Party Question 3<br>Should active duty military personnel who are under the age of 21 be allowed to obtain a Georgia weapons license?,,REP,NO,25,0,20,5,0
Irwin,Holt,Republican Party Question 3<br>Should active duty military personnel who are under the age of 21 be allowed to obtain a Georgia weapons license?,,REP,NO,24,0,23,1,0
Irwin,,Republican Party Question 4<br>Should Citizens who wish to vote in a primary election be required to register by their political party affiliation at least thirty (30) days prior to such primary election?,,REP,YES,699,3,497,196,3
Irwin,Irwinville,Republican Party Question 4<br>Should Citizens who wish to vote in a primary election be required to register by their political party affiliation at least thirty (30) days prior to such primary election?,,REP,YES,97,0,84,12,1
Irwin,Minnie,Republican Party Question 4<br>Should Citizens who wish to vote in a primary election be required to register by their political party affiliation at least thirty (30) days prior to such primary election?,,REP,YES,64,0,56,8,0
Irwin,Roberts,Republican Party Question 4<br>Should Citizens who wish to vote in a primary election be required to register by their political party affiliation at least thirty (30) days prior to such primary election?,,REP,YES,54,0,51,3,0
Irwin,Ocilla,Republican Party Question 4<br>Should Citizens who wish to vote in a primary election be required to register by their political party affiliation at least thirty (30) days prior to such primary election?,,REP,YES,267,2,133,130,2
Irwin,Osierfield,Republican Party Question 4<br>Should Citizens who wish to vote in a primary election be required to register by their political party affiliation at least thirty (30) days prior to such primary election?,,REP,YES,36,0,29,7,0
Irwin,Mystic,Republican Party Question 4<br>Should Citizens who wish to vote in a primary election be required to register by their political party affiliation at least thirty (30) days prior to such primary election?,,REP,YES,75,1,52,22,0
Irwin,Fletcher,Republican Party Question 4<br>Should Citizens who wish to vote in a primary election be required to register by their political party affiliation at least thirty (30) days prior to such primary election?,,REP,YES,60,0,55,5,0
Irwin,Holt,Republican Party Question 4<br>Should Citizens who wish to vote in a primary election be required to register by their political party affiliation at least thirty (30) days prior to such primary election?,,REP,YES,46,0,37,9,0
Irwin,,Republican Party Question 4<br>Should Citizens who wish to vote in a primary election be required to register by their political party affiliation at least thirty (30) days prior to such primary election?,,REP,NO,715,11,508,193,3
Irwin,Irwinville,Republican Party Question 4<br>Should Citizens who wish to vote in a primary election be required to register by their political party affiliation at least thirty (30) days prior to such primary election?,,REP,NO,111,0,92,19,0
Irwin,Minnie,Republican Party Question 4<br>Should Citizens who wish to vote in a primary election be required to register by their political party affiliation at least thirty (30) days prior to such primary election?,,REP,NO,62,2,47,13,0
Irwin,Roberts,Republican Party Question 4<br>Should Citizens who wish to vote in a primary election be required to register by their political party affiliation at least thirty (30) days prior to such primary election?,,REP,NO,50,2,43,4,1
Irwin,Ocilla,Republican Party Question 4<br>Should Citizens who wish to vote in a primary election be required to register by their political party affiliation at least thirty (30) days prior to such primary election?,,REP,NO,277,7,150,118,2
Irwin,Osierfield,Republican Party Question 4<br>Should Citizens who wish to vote in a primary election be required to register by their political party affiliation at least thirty (30) days prior to such primary election?,,REP,NO,29,0,24,5,0
Irwin,Mystic,Republican Party Question 4<br>Should Citizens who wish to vote in a primary election be required to register by their political party affiliation at least thirty (30) days prior to such primary election?,,REP,NO,97,0,77,20,0
Irwin,Fletcher,Republican Party Question 4<br>Should Citizens who wish to vote in a primary election be required to register by their political party affiliation at least thirty (30) days prior to such primary election?,,REP,NO,60,0,52,8,0
Irwin,Holt,Republican Party Question 4<br>Should Citizens who wish to vote in a primary election be required to register by their political party affiliation at least thirty (30) days prior to such primary election?,,REP,NO,29,0,23,6,0
Irwin,,Republican Party Question 5 <br>Life Amendment Question,,REP,YES,996,9,705,279,3
Irwin,Irwinville,Republican Party Question 5 <br>Life Amendment Question,,REP,YES,146,0,122,24,0
Irwin,Minnie,Republican Party Question 5 <br>Life Amendment Question,,REP,YES,87,2,72,13,0
Irwin,Roberts,Republican Party Question 5 <br>Life Amendment Question,,REP,YES,73,0,69,3,1
Irwin,Ocilla,Republican Party Question 5 <br>Life Amendment Question,,REP,YES,379,5,198,174,2
Irwin,Osierfield,Republican Party Question 5 <br>Life Amendment Question,,REP,YES,48,1,36,11,0
Irwin,Mystic,Republican Party Question 5 <br>Life Amendment Question,,REP,YES,124,1,91,32,0
Irwin,Fletcher,Republican Party Question 5 <br>Life Amendment Question,,REP,YES,80,0,72,8,0
Irwin,Holt,Republican Party Question 5 <br>Life Amendment Question,,REP,YES,59,0,45,14,0
Irwin,,Republican Party Question 5 <br>Life Amendment Question,,REP,NO,341,3,246,89,3
Irwin,Irwinville,Republican Party Question 5 <br>Life Amendment Question,,REP,NO,53,0,43,9,1
Irwin,Minnie,Republican Party Question 5 <br>Life Amendment Question,,REP,NO,28,0,23,5,0
Irwin,Roberts,Republican Party Question 5 <br>Life Amendment Question,,REP,NO,29,2,22,5,0
Irwin,Ocilla,Republican Party Question 5 <br>Life Amendment Question,,REP,NO,134,1,73,58,2
Irwin,Osierfield,Republican Party Question 5 <br>Life Amendment Question,,REP,NO,13,0,12,1,0
Irwin,Mystic,Republican Party Question 5 <br>Life Amendment Question,,REP,NO,36,0,29,7,0
Irwin,Fletcher,Republican Party Question 5 <br>Life Amendment Question,,REP,NO,35,0,32,3,0
Irwin,Holt,Republican Party Question 5 <br>Life Amendment Question,,REP,NO,13,0,12,1,0
Irwin,,Democratic Party Question 1<br>Should the Georgia Constitution be amended to allow the state to override locally-elected school boards’ decisions when it comes to the creation of charter schools in your county or city?,,DEM,YES,223,2,156,65,0
Irwin,Irwinville,Democratic Party Question 1<br>Should the Georgia Constitution be amended to allow the state to override locally-elected school boards’ decisions when it comes to the creation of charter schools in your county or city?,,DEM,YES,7,1,4,2,0
Irwin,Minnie,Democratic Party Question 1<br>Should the Georgia Constitution be amended to allow the state to override locally-elected school boards’ decisions when it comes to the creation of charter schools in your county or city?,,DEM,YES,6,0,4,2,0
Irwin,Roberts,Democratic Party Question 1<br>Should the Georgia Constitution be amended to allow the state to override locally-elected school boards’ decisions when it comes to the creation of charter schools in your county or city?,,DEM,YES,11,0,9,2,0
Irwin,Ocilla,Democratic Party Question 1<br>Should the Georgia Constitution be amended to allow the state to override locally-elected school boards’ decisions when it comes to the creation of charter schools in your county or city?,,DEM,YES,156,1,100,55,0
Irwin,Osierfield,Democratic Party Question 1<br>Should the Georgia Constitution be amended to allow the state to override locally-elected school boards’ decisions when it comes to the creation of charter schools in your county or city?,,DEM,YES,10,0,10,0,0
Irwin,Mystic,Democratic Party Question 1<br>Should the Georgia Constitution be amended to allow the state to override locally-elected school boards’ decisions when it comes to the creation of charter schools in your county or city?,,DEM,YES,19,0,16,3,0
Irwin,Fletcher,Democratic Party Question 1<br>Should the Georgia Constitution be amended to allow the state to override locally-elected school boards’ decisions when it comes to the creation of charter schools in your county or city?,,DEM,YES,2,0,1,1,0
Irwin,Holt,Democratic Party Question 1<br>Should the Georgia Constitution be amended to allow the state to override locally-elected school boards’ decisions when it comes to the creation of charter schools in your county or city?,,DEM,YES,12,0,12,0,0
Irwin,,Democratic Party Question 1<br>Should the Georgia Constitution be amended to allow the state to override locally-elected school boards’ decisions when it comes to the creation of charter schools in your county or city?,,DEM,NO,293,12,178,103,0
Irwin,Irwinville,Democratic Party Question 1<br>Should the Georgia Constitution be amended to allow the state to override locally-elected school boards’ decisions when it comes to the creation of charter schools in your county or city?,,DEM,NO,26,1,21,4,0
Irwin,Minnie,Democratic Party Question 1<br>Should the Georgia Constitution be amended to allow the state to override locally-elected school boards’ decisions when it comes to the creation of charter schools in your county or city?,,DEM,NO,10,0,8,2,0
Irwin,Roberts,Democratic Party Question 1<br>Should the Georgia Constitution be amended to allow the state to override locally-elected school boards’ decisions when it comes to the creation of charter schools in your county or city?,,DEM,NO,15,1,12,2,0
Irwin,Ocilla,Democratic Party Question 1<br>Should the Georgia Constitution be amended to allow the state to override locally-elected school boards’ decisions when it comes to the creation of charter schools in your county or city?,,DEM,NO,177,10,86,81,0
Irwin,Osierfield,Democratic Party Question 1<br>Should the Georgia Constitution be amended to allow the state to override locally-elected school boards’ decisions when it comes to the creation of charter schools in your county or city?,,DEM,NO,8,0,8,0,0
Irwin,Mystic,Democratic Party Question 1<br>Should the Georgia Constitution be amended to allow the state to override locally-elected school boards’ decisions when it comes to the creation of charter schools in your county or city?,,DEM,NO,25,0,16,9,0
Irwin,Fletcher,Democratic Party Question 1<br>Should the Georgia Constitution be amended to allow the state to override locally-elected school boards’ decisions when it comes to the creation of charter schools in your county or city?,,DEM,NO,14,0,13,1,0
Irwin,Holt,Democratic Party Question 1<br>Should the Georgia Constitution be amended to allow the state to override locally-elected school boards’ decisions when it comes to the creation of charter schools in your county or city?,,DEM,NO,18,0,14,4,0
Irwin,,Democratic Party Question 2<br>Do you support ending current practice permitting unlimited gifts from lobbyists to state legislators?,,DEM,YES,329,8,212,109,0
Irwin,Irwinville,Democratic Party Question 2<br>Do you support ending current practice permitting unlimited gifts from lobbyists to state legislators?,,DEM,YES,30,1,22,7,0
Irwin,Minnie,Democratic Party Question 2<br>Do you support ending current practice permitting unlimited gifts from lobbyists to state legislators?,,DEM,YES,13,0,10,3,0
Irwin,Roberts,Democratic Party Question 2<br>Do you support ending current practice permitting unlimited gifts from lobbyists to state legislators?,,DEM,YES,20,1,16,3,0
Irwin,Ocilla,Democratic Party Question 2<br>Do you support ending current practice permitting unlimited gifts from lobbyists to state legislators?,,DEM,YES,192,6,106,80,0
Irwin,Osierfield,Democratic Party Question 2<br>Do you support ending current practice permitting unlimited gifts from lobbyists to state legislators?,,DEM,YES,13,0,13,0,0
Irwin,Mystic,Democratic Party Question 2<br>Do you support ending current practice permitting unlimited gifts from lobbyists to state legislators?,,DEM,YES,32,0,21,11,0
Irwin,Fletcher,Democratic Party Question 2<br>Do you support ending current practice permitting unlimited gifts from lobbyists to state legislators?,,DEM,YES,13,0,11,2,0
Irwin,Holt,Democratic Party Question 2<br>Do you support ending current practice permitting unlimited gifts from lobbyists to state legislators?,,DEM,YES,16,0,13,3,0
Irwin,,Democratic Party Question 2<br>Do you support ending current practice permitting unlimited gifts from lobbyists to state legislators?,,DEM,NO,181,5,120,56,0
Irwin,Irwinville,Democratic Party Question 2<br>Do you support ending current practice permitting unlimited gifts from lobbyists to state legislators?,,DEM,NO,4,1,3,0,0
Irwin,Minnie,Democratic Party Question 2<br>Do you support ending current practice permitting unlimited gifts from lobbyists to state legislators?,,DEM,NO,3,0,3,0,0
Irwin,Roberts,Democratic Party Question 2<br>Do you support ending current practice permitting unlimited gifts from lobbyists to state legislators?,,DEM,NO,7,0,6,1,0
Irwin,Ocilla,Democratic Party Question 2<br>Do you support ending current practice permitting unlimited gifts from lobbyists to state legislators?,,DEM,NO,135,4,78,53,0
Irwin,Osierfield,Democratic Party Question 2<br>Do you support ending current practice permitting unlimited gifts from lobbyists to state legislators?,,DEM,NO,5,0,5,0,0
Irwin,Mystic,Democratic Party Question 2<br>Do you support ending current practice permitting unlimited gifts from lobbyists to state legislators?,,DEM,NO,12,0,11,1,0
Irwin,Fletcher,Democratic Party Question 2<br>Do you support ending current practice permitting unlimited gifts from lobbyists to state legislators?,,DEM,NO,3,0,3,0,0
Irwin,Holt,Democratic Party Question 2<br>Do you support ending current practice permitting unlimited gifts from lobbyists to state legislators?,,DEM,NO,12,0,11,1,0
Irwin,,Democratic Party Question 3<br>Should Georgia adopt an income tax credit for home energy costs to support the economic security of our families?,,DEM,YES,403,12,264,127,0
Irwin,Irwinville,Democratic Party Question 3<br>Should Georgia adopt an income tax credit for home energy costs to support the economic security of our families?,,DEM,YES,23,2,15,6,0
Irwin,Minnie,Democratic Party Question 3<br>Should Georgia adopt an income tax credit for home energy costs to support the economic security of our families?,,DEM,YES,14,0,12,2,0
Irwin,Roberts,Democratic Party Question 3<br>Should Georgia adopt an income tax credit for home energy costs to support the economic security of our families?,,DEM,YES,21,1,18,2,0
Irwin,Ocilla,Democratic Party Question 3<br>Should Georgia adopt an income tax credit for home energy costs to support the economic security of our families?,,DEM,YES,264,9,154,101,0
Irwin,Osierfield,Democratic Party Question 3<br>Should Georgia adopt an income tax credit for home energy costs to support the economic security of our families?,,DEM,YES,13,0,13,0,0
Irwin,Mystic,Democratic Party Question 3<br>Should Georgia adopt an income tax credit for home energy costs to support the economic security of our families?,,DEM,YES,33,0,23,10,0
Irwin,Fletcher,Democratic Party Question 3<br>Should Georgia adopt an income tax credit for home energy costs to support the economic security of our families?,,DEM,YES,11,0,9,2,0
Irwin,Holt,Democratic Party Question 3<br>Should Georgia adopt an income tax credit for home energy costs to support the economic security of our families?,,DEM,YES,24,0,20,4,0
Irwin,,Democratic Party Question 3<br>Should Georgia adopt an income tax credit for home energy costs to support the economic security of our families?,,DEM,NO,116,3,73,40,0
Irwin,Irwinville,Democratic Party Question 3<br>Should Georgia adopt an income tax credit for home energy costs to support the economic security of our families?,,DEM,NO,12,0,11,1,0
Irwin,Minnie,Democratic Party Question 3<br>Should Georgia adopt an income tax credit for home energy costs to support the economic security of our families?,,DEM,NO,3,0,1,2,0
Irwin,Roberts,Democratic Party Question 3<br>Should Georgia adopt an income tax credit for home energy costs to support the economic security of our families?,,DEM,NO,6,0,4,2,0
Irwin,Ocilla,Democratic Party Question 3<br>Should Georgia adopt an income tax credit for home energy costs to support the economic security of our families?,,DEM,NO,70,3,34,33,0
Irwin,Osierfield,Democratic Party Question 3<br>Should Georgia adopt an income tax credit for home energy costs to support the economic security of our families?,,DEM,NO,5,0,5,0,0
Irwin,Mystic,Democratic Party Question 3<br>Should Georgia adopt an income tax credit for home energy costs to support the economic security of our families?,,DEM,NO,9,0,7,2,0
Irwin,Fletcher,Democratic Party Question 3<br>Should Georgia adopt an income tax credit for home energy costs to support the economic security of our families?,,DEM,NO,5,0,5,0,0
Irwin,Holt,Democratic Party Question 3<br>Should Georgia adopt an income tax credit for home energy costs to support the economic security of our families?,,DEM,NO,6,0,6,0,0
Irwin,,Democratic Party Question 4 <br>Should Georgia reduce sales taxes on Made in Georgia products so as to support the growth of small businesses in our state?,,DEM,YES,439,9,281,149,0
Irwin,Irwinville,Democratic Party Question 4 <br>Should Georgia reduce sales taxes on Made in Georgia products so as to support the growth of small businesses in our state?,,DEM,YES,27,2,19,6,0
Irwin,Minnie,Democratic Party Question 4 <br>Should Georgia reduce sales taxes on Made in Georgia products so as to support the growth of small businesses in our state?,,DEM,YES,13,0,10,3,0
Irwin,Roberts,Democratic Party Question 4 <br>Should Georgia reduce sales taxes on Made in Georgia products so as to support the growth of small businesses in our state?,,DEM,YES,23,1,18,4,0
Irwin,Ocilla,Democratic Party Question 4 <br>Should Georgia reduce sales taxes on Made in Georgia products so as to support the growth of small businesses in our state?,,DEM,YES,289,6,165,118,0
Irwin,Osierfield,Democratic Party Question 4 <br>Should Georgia reduce sales taxes on Made in Georgia products so as to support the growth of small businesses in our state?,,DEM,YES,17,0,17,0,0
Irwin,Mystic,Democratic Party Question 4 <br>Should Georgia reduce sales taxes on Made in Georgia products so as to support the growth of small businesses in our state?,,DEM,YES,34,0,22,12,0
Irwin,Fletcher,Democratic Party Question 4 <br>Should Georgia reduce sales taxes on Made in Georgia products so as to support the growth of small businesses in our state?,,DEM,YES,12,0,10,2,0
Irwin,Holt,Democratic Party Question 4 <br>Should Georgia reduce sales taxes on Made in Georgia products so as to support the growth of small businesses in our state?,,DEM,YES,24,0,20,4,0
Irwin,,Democratic Party Question 4 <br>Should Georgia reduce sales taxes on Made in Georgia products so as to support the growth of small businesses in our state?,,DEM,NO,87,4,60,23,0
Irwin,Irwinville,Democratic Party Question 4 <br>Should Georgia reduce sales taxes on Made in Georgia products so as to support the growth of small businesses in our state?,,DEM,NO,8,0,7,1,0
Irwin,Minnie,Democratic Party Question 4 <br>Should Georgia reduce sales taxes on Made in Georgia products so as to support the growth of small businesses in our state?,,DEM,NO,4,0,3,1,0
Irwin,Roberts,Democratic Party Question 4 <br>Should Georgia reduce sales taxes on Made in Georgia products so as to support the growth of small businesses in our state?,,DEM,NO,4,0,4,0,0
Irwin,Ocilla,Democratic Party Question 4 <br>Should Georgia reduce sales taxes on Made in Georgia products so as to support the growth of small businesses in our state?,,DEM,NO,51,4,26,21,0
Irwin,Osierfield,Democratic Party Question 4 <br>Should Georgia reduce sales taxes on Made in Georgia products so as to support the growth of small businesses in our state?,,DEM,NO,1,0,1,0,0
Irwin,Mystic,Democratic Party Question 4 <br>Should Georgia reduce sales taxes on Made in Georgia products so as to support the growth of small businesses in our state?,,DEM,NO,10,0,10,0,0
Irwin,Fletcher,Democratic Party Question 4 <br>Should Georgia reduce sales taxes on Made in Georgia products so as to support the growth of small businesses in our state?,,DEM,NO,4,0,4,0,0
Irwin,Holt,Democratic Party Question 4 <br>Should Georgia reduce sales taxes on Made in Georgia products so as to support the growth of small businesses in our state?,,DEM,NO,5,0,5,0,0
Irwin,,Supreme Court Justice, Hunstein,,CAROL HUNSTEIN ,1513,21,1063,423,6
Irwin,Irwinville,Supreme Court Justice, Hunstein,,CAROL HUNSTEIN ,205,1,173,30,1
Irwin,Minnie,Supreme Court Justice, Hunstein,,CAROL HUNSTEIN ,108,0,92,16,0
Irwin,Roberts,Supreme Court Justice, Hunstein,,CAROL HUNSTEIN ,102,3,92,7,0
Irwin,Ocilla,Supreme Court Justice, Hunstein,,CAROL HUNSTEIN ,681,16,368,293,4
Irwin,Osierfield,Supreme Court Justice, Hunstein,,CAROL HUNSTEIN ,60,0,52,7,1
Irwin,Mystic,Supreme Court Justice, Hunstein,,CAROL HUNSTEIN ,162,1,119,42,0
Irwin,Fletcher,Supreme Court Justice, Hunstein,,CAROL HUNSTEIN ,109,0,96,13,0
Irwin,Holt,Supreme Court Justice, Hunstein,,CAROL HUNSTEIN ,86,0,71,15,0
Irwin,,Supreme Court Justice, Hunstein,,Write-in,5,0,5,0,0
Irwin,Irwinville,Supreme Court Justice, Hunstein,,Write-in,0,0,0,0,0
Irwin,Minnie,Supreme Court Justice, Hunstein,,Write-in,2,0,2,0,0
Irwin,Roberts,Supreme Court Justice, Hunstein,,Write-in,0,0,0,0,0
Irwin,Ocilla,Supreme Court Justice, Hunstein,,Write-in,1,0,1,0,0
Irwin,Osierfield,Supreme Court Justice, Hunstein,,Write-in,0,0,0,0,0
Irwin,Mystic,Supreme Court Justice, Hunstein,,Write-in,0,0,0,0,0
Irwin,Fletcher,Supreme Court Justice, Hunstein,,Write-in,2,0,2,0,0
Irwin,Holt,Supreme Court Justice, Hunstein,,Write-in,0,0,0,0,0
Irwin,,Supreme Court Justice, Melton,,HAROLD D. MELTON ,1476,21,1022,427,6
Irwin,Irwinville,Supreme Court Justice, Melton,,HAROLD D. MELTON ,198,1,170,26,1
Irwin,Minnie,Supreme Court Justice, Melton,,HAROLD D. MELTON ,104,0,90,14,0
Irwin,Roberts,Supreme Court Justice, Melton,,HAROLD D. MELTON ,96,3,84,9,0
Irwin,Ocilla,Supreme Court Justice, Melton,,HAROLD D. MELTON ,676,16,356,300,4
Irwin,Osierfield,Supreme Court Justice, Melton,,HAROLD D. MELTON ,57,0,48,8,1
Irwin,Mystic,Supreme Court Justice, Melton,,HAROLD D. MELTON ,155,1,113,41,0
Irwin,Fletcher,Supreme Court Justice, Melton,,HAROLD D. MELTON ,105,0,91,14,0
Irwin,Holt,Supreme Court Justice, Melton,,HAROLD D. MELTON ,85,0,70,15,0
Irwin,,Supreme Court Justice, Melton,,Write-in,1,0,1,0,0
Irwin,Irwinville,Supreme Court Justice, Melton,,Write-in,0,0,0,0,0
Irwin,Minnie,Supreme Court Justice, Melton,,Write-in,0,0,0,0,0
Irwin,Roberts,Supreme Court Justice, Melton,,Write-in,0,0,0,0,0
Irwin,Ocilla,Supreme Court Justice, Melton,,Write-in,0,0,0,0,0
Irwin,Osierfield,Supreme Court Justice, Melton,,Write-in,1,0,1,0,0
Irwin,Mystic,Supreme Court Justice, Melton,,Write-in,0,0,0,0,0
Irwin,Fletcher,Supreme Court Justice, Melton,,Write-in,0,0,0,0,0
Irwin,Holt,Supreme Court Justice, Melton,,Write-in,0,0,0,0,0
Irwin,,Supreme Court Justice, Thompson,,HUGH P. THOMPSON ,1460,23,1018,414,5
Irwin,Irwinville,Supreme Court Justice, Thompson,,HUGH P. THOMPSON ,194,2,165,26,1
Irwin,Minnie,Supreme Court Justice, Thompson,,HUGH P. THOMPSON ,105,0,92,13,0
Irwin,Roberts,Supreme Court Justice, Thompson,,HUGH P. THOMPSON ,95,3,85,7,0
Irwin,Ocilla,Supreme Court Justice, Thompson,,HUGH P. THOMPSON ,661,17,350,290,4
Irwin,Osierfield,Supreme Court Justice, Thompson,,HUGH P. THOMPSON ,56,0,48,8,0
Irwin,Mystic,Supreme Court Justice, Thompson,,HUGH P. THOMPSON ,154,1,112,41,0
Irwin,Fletcher,Supreme Court Justice, Thompson,,HUGH P. THOMPSON ,108,0,94,14,0
Irwin,Holt,Supreme Court Justice, Thompson,,HUGH P. THOMPSON ,87,0,72,15,0
Irwin,,Supreme Court Justice, Thompson,,Write-in,0,0,0,0,0
Irwin,Irwinville,Supreme Court Justice, Thompson,,Write-in,0,0,0,0,0
Irwin,Minnie,Supreme Court Justice, Thompson,,Write-in,0,0,0,0,0
Irwin,Roberts,Supreme Court Justice, Thompson,,Write-in,0,0,0,0,0
Irwin,Ocilla,Supreme Court Justice, Thompson,,Write-in,0,0,0,0,0
Irwin,Osierfield,Supreme Court Justice, Thompson,,Write-in,0,0,0,0,0
Irwin,Mystic,Supreme Court Justice, Thompson,,Write-in,0,0,0,0,0
Irwin,Fletcher,Supreme Court Justice, Thompson,,Write-in,0,0,0,0,0
Irwin,Holt,Supreme Court Justice, Thompson,,Write-in,0,0,0,0,0
Irwin,,Appeals Court Judge, Boggs,,MICHAEL P. BOGGS ,1439,21,995,418,5
Irwin,Irwinville,Appeals Court Judge, Boggs,,MICHAEL P. BOGGS ,192,1,165,25,1
Irwin,Minnie,Appeals Court Judge, Boggs,,MICHAEL P. BOGGS ,102,0,87,15,0
Irwin,Roberts,Appeals Court Judge, Boggs,,MICHAEL P. BOGGS ,94,3,84,7,0
Irwin,Ocilla,Appeals Court Judge, Boggs,,MICHAEL P. BOGGS ,647,16,337,291,3
Irwin,Osierfield,Appeals Court Judge, Boggs,,MICHAEL P. BOGGS ,59,0,50,8,1
Irwin,Mystic,Appeals Court Judge, Boggs,,MICHAEL P. BOGGS ,150,1,108,41,0
Irwin,Fletcher,Appeals Court Judge, Boggs,,MICHAEL P. BOGGS ,107,0,93,14,0
Irwin,Holt,Appeals Court Judge, Boggs,,MICHAEL P. BOGGS ,88,0,71,17,0
Irwin,,Appeals Court Judge, Boggs,,Write-in,0,0,0,0,0
Irwin,Irwinville,Appeals Court Judge, Boggs,,Write-in,0,0,0,0,0
Irwin,Minnie,Appeals Court Judge, Boggs,,Write-in,0,0,0,0,0
Irwin,Roberts,Appeals Court Judge, Boggs,,Write-in,0,0,0,0,0
Irwin,Ocilla,Appeals Court Judge, Boggs,,Write-in,0,0,0,0,0
Irwin,Osierfield,Appeals Court Judge, Boggs,,Write-in,0,0,0,0,0
Irwin,Mystic,Appeals Court Judge, Boggs,,Write-in,0,0,0,0,0
Irwin,Fletcher,Appeals Court Judge, Boggs,,Write-in,0,0,0,0,0
Irwin,Holt,Appeals Court Judge, Boggs,,Write-in,0,0,0,0,0
Irwin,,Appeals Court Judge, Dillard,,STEPHEN DILLARD ,1442,21,1000,415,6
Irwin,Irwinville,Appeals Court Judge, Dillard,,STEPHEN DILLARD ,191,1,164,25,1
Irwin,Minnie,Appeals Court Judge, Dillard,,STEPHEN DILLARD ,101,0,88,13,0
Irwin,Roberts,Appeals Court Judge, Dillard,,STEPHEN DILLARD ,94,3,84,7,0
Irwin,Ocilla,Appeals Court Judge, Dillard,,STEPHEN DILLARD ,661,16,348,293,4
Irwin,Osierfield,Appeals Court Judge, Dillard,,STEPHEN DILLARD ,58,0,49,8,1
Irwin,Mystic,Appeals Court Judge, Dillard,,STEPHEN DILLARD ,150,1,108,41,0
Irwin,Fletcher,Appeals Court Judge, Dillard,,STEPHEN DILLARD ,103,0,89,14,0
Irwin,Holt,Appeals Court Judge, Dillard,,STEPHEN DILLARD ,84,0,70,14,0
Irwin,,Appeals Court Judge, Dillard,,Write-in,0,0,0,0,0
Irwin,Irwinville,Appeals Court Judge, Dillard,,Write-in,0,0,0,0,0
Irwin,Minnie,Appeals Court Judge, Dillard,,Write-in,0,0,0,0,0
Irwin,Roberts,Appeals Court Judge, Dillard,,Write-in,0,0,0,0,0
Irwin,Ocilla,Appeals Court Judge, Dillard,,Write-in,0,0,0,0,0
Irwin,Osierfield,Appeals Court Judge, Dillard,,Write-in,0,0,0,0,0
Irwin,Mystic,Appeals Court Judge, Dillard,,Write-in,0,0,0,0,0
Irwin,Fletcher,Appeals Court Judge, Dillard,,Write-in,0,0,0,0,0
Irwin,Holt,Appeals Court Judge, Dillard,,Write-in,0,0,0,0,0
Irwin,,Appeals Court Judge, Ellington,,JOHN ELLINGTON ,1447,21,1005,415,6
Irwin,Irwinville,Appeals Court Judge, Ellington,,JOHN ELLINGTON ,190,2,164,23,1
Irwin,Minnie,Appeals Court Judge, Ellington,,JOHN ELLINGTON ,101,0,88,13,0
Irwin,Roberts,Appeals Court Judge, Ellington,,JOHN ELLINGTON ,93,3,82,8,0
Irwin,Ocilla,Appeals Court Judge, Ellington,,JOHN ELLINGTON ,661,15,348,294,4
Irwin,Osierfield,Appeals Court Judge, Ellington,,JOHN ELLINGTON ,58,0,49,8,1
Irwin,Mystic,Appeals Court Judge, Ellington,,JOHN ELLINGTON ,152,1,111,40,0
Irwin,Fletcher,Appeals Court Judge, Ellington,,JOHN ELLINGTON ,107,0,93,14,0
Irwin,Holt,Appeals Court Judge, Ellington,,JOHN ELLINGTON ,85,0,70,15,0
Irwin,,Appeals Court Judge, Ellington,,Write-in,0,0,0,0,0
Irwin,Irwinville,Appeals Court Judge, Ellington,,Write-in,0,0,0,0,0
Irwin,Minnie,Appeals Court Judge, Ellington,,Write-in,0,0,0,0,0
Irwin,Roberts,Appeals Court Judge, Ellington,,Write-in,0,0,0,0,0
Irwin,Ocilla,Appeals Court Judge, Ellington,,Write-in,0,0,0,0,0
Irwin,Osierfield,Appeals Court Judge, Ellington,,Write-in,0,0,0,0,0
Irwin,Mystic,Appeals Court Judge, Ellington,,Write-in,0,0,0,0,0
Irwin,Fletcher,Appeals Court Judge, Ellington,,Write-in,0,0,0,0,0
Irwin,Holt,Appeals Court Judge, Ellington,,Write-in,0,0,0,0,0
Irwin,,Appeals Court Judge, Miller,,M. YVETTE MILLER ,1439,21,997,415,6
Irwin,Irwinville,Appeals Court Judge, Miller,,M. YVETTE MILLER ,187,1,161,24,1
Irwin,Minnie,Appeals Court Judge, Miller,,M. YVETTE MILLER ,96,0,84,12,0
Irwin,Roberts,Appeals Court Judge, Miller,,M. YVETTE MILLER ,94,3,83,8,0
Irwin,Ocilla,Appeals Court Judge, Miller,,M. YVETTE MILLER ,665,16,351,294,4
Irwin,Osierfield,Appeals Court Judge, Miller,,M. YVETTE MILLER ,58,0,49,8,1
Irwin,Mystic,Appeals Court Judge, Miller,,M. YVETTE MILLER ,149,1,108,40,0
Irwin,Fletcher,Appeals Court Judge, Miller,,M. YVETTE MILLER ,106,0,91,15,0
Irwin,Holt,Appeals Court Judge, Miller,,M. YVETTE MILLER ,84,0,70,14,0
Irwin,,Appeals Court Judge, Miller,,Write-in,1,0,1,0,0
Irwin,Irwinville,Appeals Court Judge, Miller,,Write-in,0,0,0,0,0
Irwin,Minnie,Appeals Court Judge, Miller,,Write-in,0,0,0,0,0
Irwin,Roberts,Appeals Court Judge, Miller,,Write-in,0,0,0,0,0
Irwin,Ocilla,Appeals Court Judge, Miller,,Write-in,0,0,0,0,0
Irwin,Osierfield,Appeals Court Judge, Miller,,Write-in,1,0,1,0,0
Irwin,Mystic,Appeals Court Judge, Miller,,Write-in,0,0,0,0,0
Irwin,Fletcher,Appeals Court Judge, Miller,,Write-in,0,0,0,0,0
Irwin,Holt,Appeals Court Judge, Miller,,Write-in,0,0,0,0,0
Irwin,,Appeals Court Judge, Phipps,,HERBERT PHIPPS ,1433,22,991,414,6
Irwin,Irwinville,Appeals Court Judge, Phipps,,HERBERT PHIPPS ,186,1,161,23,1
Irwin,Minnie,Appeals Court Judge, Phipps,,HERBERT PHIPPS ,97,0,84,13,0
Irwin,Roberts,Appeals Court Judge, Phipps,,HERBERT PHIPPS ,92,3,81,8,0
Irwin,Ocilla,Appeals Court Judge, Phipps,,HERBERT PHIPPS ,661,17,345,295,4
Irwin,Osierfield,Appeals Court Judge, Phipps,,HERBERT PHIPPS ,57,0,48,8,1
Irwin,Mystic,Appeals Court Judge, Phipps,,HERBERT PHIPPS ,148,1,109,38,0
Irwin,Fletcher,Appeals Court Judge, Phipps,,HERBERT PHIPPS ,107,0,92,15,0
Irwin,Holt,Appeals Court Judge, Phipps,,HERBERT PHIPPS ,85,0,71,14,0
Irwin,,Appeals Court Judge, Phipps,,Write-in,0,0,0,0,0
Irwin,Irwinville,Appeals Court Judge, Phipps,,Write-in,0,0,0,0,0
Irwin,Minnie,Appeals Court Judge, Phipps,,Write-in,0,0,0,0,0
Irwin,Roberts,Appeals Court Judge, Phipps,,Write-in,0,0,0,0,0
Irwin,Ocilla,Appeals Court Judge, Phipps,,Write-in,0,0,0,0,0
Irwin,Osierfield,Appeals Court Judge, Phipps,,Write-in,0,0,0,0,0
Irwin,Mystic,Appeals Court Judge, Phipps,,Write-in,0,0,0,0,0
Irwin,Fletcher,Appeals Court Judge, Phipps,,Write-in,0,0,0,0,0
Irwin,Holt,Appeals Court Judge, Phipps,,Write-in,0,0,0,0,0
Irwin,,Superior Court Judge, Tifton Circuit (Cross),,MELANIE B. CROSS ,1600,25,1096,473,6
Irwin,Irwinville,Superior Court Judge, Tifton Circuit (Cross),,MELANIE B. CROSS ,207,2,175,29,1
Irwin,Minnie,Superior Court Judge, Tifton Circuit (Cross),,MELANIE B. CROSS ,109,2,88,19,0
Irwin,Roberts,Superior Court Judge, Tifton Circuit (Cross),,MELANIE B. CROSS ,107,3,96,8,0
Irwin,Ocilla,Superior Court Judge, Tifton Circuit (Cross),,MELANIE B. CROSS ,733,17,379,333,4
Irwin,Osierfield,Superior Court Judge, Tifton Circuit (Cross),,MELANIE B. CROSS ,63,0,54,8,1
Irwin,Mystic,Superior Court Judge, Tifton Circuit (Cross),,MELANIE B. CROSS ,169,1,123,45,0
Irwin,Fletcher,Superior Court Judge, Tifton Circuit (Cross),,MELANIE B. CROSS ,120,0,105,15,0
Irwin,Holt,Superior Court Judge, Tifton Circuit (Cross),,MELANIE B. CROSS ,92,0,76,16,0
Irwin,,Superior Court Judge, Tifton Circuit (Cross),,Write-in,3,0,3,0,0
Irwin,Irwinville,Superior Court Judge, Tifton Circuit (Cross),,Write-in,0,0,0,0,0
Irwin,Minnie,Superior Court Judge, Tifton Circuit (Cross),,Write-in,2,0,2,0,0
Irwin,Roberts,Superior Court Judge, Tifton Circuit (Cross),,Write-in,0,0,0,0,0
Irwin,Ocilla,Superior Court Judge, Tifton Circuit (Cross),,Write-in,0,0,0,0,0
Irwin,Osierfield,Superior Court Judge, Tifton Circuit (Cross),,Write-in,0,0,0,0,0
Irwin,Mystic,Superior Court Judge, Tifton Circuit (Cross),,Write-in,1,0,1,0,0
Irwin,Fletcher,Superior Court Judge, Tifton Circuit (Cross),,Write-in,0,0,0,0,0
Irwin,Holt,Superior Court Judge, Tifton Circuit (Cross),,Write-in,0,0,0,0,0
Irwin,,JUDGE, PROBATE COURT,,RONNIE MCCURDY ,1715,27,1183,499,6
Irwin,Irwinville,JUDGE, PROBATE COURT,,RONNIE MCCURDY ,221,2,185,33,1
Irwin,Minnie,JUDGE, PROBATE COURT,,RONNIE MCCURDY ,121,2,98,21,0
Irwin,Roberts,JUDGE, PROBATE COURT,,RONNIE MCCURDY ,111,3,100,8,0
Irwin,Ocilla,JUDGE, PROBATE COURT,,RONNIE MCCURDY ,782,19,413,346,4
Irwin,Osierfield,JUDGE, PROBATE COURT,,RONNIE MCCURDY ,66,0,56,9,1
Irwin,Mystic,JUDGE, PROBATE COURT,,RONNIE MCCURDY ,186,1,136,49,0
Irwin,Fletcher,JUDGE, PROBATE COURT,,RONNIE MCCURDY ,133,0,117,16,0
Irwin,Holt,JUDGE, PROBATE COURT,,RONNIE MCCURDY ,95,0,78,17,0
Irwin,,JUDGE, PROBATE COURT,,Write-in,2,0,1,1,0
Irwin,Irwinville,JUDGE, PROBATE COURT,,Write-in,0,0,0,0,0
Irwin,Minnie,JUDGE, PROBATE COURT,,Write-in,0,0,0,0,0
Irwin,Roberts,JUDGE, PROBATE COURT,,Write-in,0,0,0,0,0
Irwin,Ocilla,JUDGE, PROBATE COURT,,Write-in,2,0,1,1,0
Irwin,Osierfield,JUDGE, PROBATE COURT,,Write-in,0,0,0,0,0
Irwin,Mystic,JUDGE, PROBATE COURT,,Write-in,0,0,0,0,0
Irwin,Fletcher,JUDGE, PROBATE COURT,,Write-in,0,0,0,0,0
Irwin,Holt,JUDGE, PROBATE COURT,,Write-in,0,0,0,0,0
Irwin,,CHIEF MAGISTRATE,,,JACKIE E. BRACEWELL,750,12,492,241,5
Irwin,Irwinville,CHIEF MAGISTRATE,,,JACKIE E. BRACEWELL,109,0,90,18,1
Irwin,Minnie,CHIEF MAGISTRATE,,,JACKIE E. BRACEWELL,72,2,52,18,0
Irwin,Roberts,CHIEF MAGISTRATE,,,JACKIE E. BRACEWELL,49,0,41,8,0
Irwin,Ocilla,CHIEF MAGISTRATE,,,JACKIE E. BRACEWELL,350,9,176,161,4
Irwin,Osierfield,CHIEF MAGISTRATE,,,JACKIE E. BRACEWELL,26,0,22,4,0
Irwin,Mystic,CHIEF MAGISTRATE,,,JACKIE E. BRACEWELL,64,1,45,18,0
Irwin,Fletcher,CHIEF MAGISTRATE,,,JACKIE E. BRACEWELL,31,0,29,2,0
Irwin,Holt,CHIEF MAGISTRATE,,,JACKIE E. BRACEWELL,49,0,37,12,0
Irwin,,CHIEF MAGISTRATE,,,H CLEGHORN CULPEPPER,747,15,517,213,2
Irwin,Irwinville,CHIEF MAGISTRATE,,,H CLEGHORN CULPEPPER,82,2,67,13,0
Irwin,Minnie,CHIEF MAGISTRATE,,,H CLEGHORN CULPEPPER,65,0,58,7,0
Irwin,Roberts,CHIEF MAGISTRATE,,,H CLEGHORN CULPEPPER,60,3,53,3,1
Irwin,Ocilla,CHIEF MAGISTRATE,,,H CLEGHORN CULPEPPER,309,9,151,149,0
Irwin,Osierfield,CHIEF MAGISTRATE,,,H CLEGHORN CULPEPPER,29,1,22,5,1
Irwin,Mystic,CHIEF MAGISTRATE,,,H CLEGHORN CULPEPPER,94,0,74,20,0
Irwin,Fletcher,CHIEF MAGISTRATE,,,H CLEGHORN CULPEPPER,67,0,56,11,0
Irwin,Holt,CHIEF MAGISTRATE,,,H CLEGHORN CULPEPPER,41,0,36,5,0
Irwin,,CHIEF MAGISTRATE,,,C. MIDDLEBROOKS,324,5,220,99,0
Irwin,Irwinville,CHIEF MAGISTRATE,,,C. MIDDLEBROOKS,11,0,10,1,0
Irwin,Minnie,CHIEF MAGISTRATE,,,C. MIDDLEBROOKS,4,0,2,2,0
Irwin,Roberts,CHIEF MAGISTRATE,,,C. MIDDLEBROOKS,9,0,8,1,0
Irwin,Ocilla,CHIEF MAGISTRATE,,,C. MIDDLEBROOKS,225,5,141,79,0
Irwin,Osierfield,CHIEF MAGISTRATE,,,C. MIDDLEBROOKS,12,0,11,1,0
Irwin,Mystic,CHIEF MAGISTRATE,,,C. MIDDLEBROOKS,35,0,24,11,0
Irwin,Fletcher,CHIEF MAGISTRATE,,,C. MIDDLEBROOKS,11,0,10,1,0
Irwin,Holt,CHIEF MAGISTRATE,,,C. MIDDLEBROOKS,17,0,14,3,0
Irwin,,CHIEF MAGISTRATE,,,"ISAAC ""IKE"" THOMAS",194,0,157,37,0
Irwin,Irwinville,CHIEF MAGISTRATE,,,"ISAAC ""IKE"" THOMAS",42,0,35,7,0
Irwin,Minnie,CHIEF MAGISTRATE,,,"ISAAC ""IKE"" THOMAS",7,0,6,1,0
Irwin,Roberts,CHIEF MAGISTRATE,,,"ISAAC ""IKE"" THOMAS",18,0,18,0,0
Irwin,Ocilla,CHIEF MAGISTRATE,,,"ISAAC ""IKE"" THOMAS",51,0,34,17,0
Irwin,Osierfield,CHIEF MAGISTRATE,,,"ISAAC ""IKE"" THOMAS",15,0,14,1,0
Irwin,Mystic,CHIEF MAGISTRATE,,,"ISAAC ""IKE"" THOMAS",27,0,20,7,0
Irwin,Fletcher,CHIEF MAGISTRATE,,,"ISAAC ""IKE"" THOMAS",28,0,26,2,0
Irwin,Holt,CHIEF MAGISTRATE,,,"ISAAC ""IKE"" THOMAS",6,0,4,2,0
Irwin,,CHIEF MAGISTRATE,,,Write-in,1,0,1,0,0
Irwin,Irwinville,CHIEF MAGISTRATE,,,Write-in,0,0,0,0,0
Irwin,Minnie,CHIEF MAGISTRATE,,,Write-in,0,0,0,0,0
Irwin,Roberts,CHIEF MAGISTRATE,,,Write-in,0,0,0,0,0
Irwin,Ocilla,CHIEF MAGISTRATE,,,Write-in,0,0,0,0,0
Irwin,Osierfield,CHIEF MAGISTRATE,,,Write-in,0,0,0,0,0
Irwin,Mystic,CHIEF MAGISTRATE,,,Write-in,0,0,0,0,0
Irwin,Fletcher,CHIEF MAGISTRATE,,,Write-in,1,0,1,0,0
Irwin,Holt,CHIEF MAGISTRATE,,,Write-in,0,0,0,0,0
Irwin,,BOE, D2,,JOE PORTIER,167,5,74,88,0
Irwin,Roberts,BOE, D2,,JOE PORTIER,10,0,7,3,0
Irwin,Ocilla,BOE, D2,,JOE PORTIER,148,5,62,81,0
Irwin,Mystic,BOE, D2,,JOE PORTIER,9,0,5,4,0
Irwin,,BOE, D2,,LAMAR PURVIS ,172,1,98,73,0
Irwin,Roberts,BOE, D2,,LAMAR PURVIS ,8,0,4,4,0
Irwin,Ocilla,BOE, D2,,LAMAR PURVIS ,148,1,82,65,0
Irwin,Mystic,BOE, D2,,LAMAR PURVIS ,16,0,12,4,0
Irwin,,BOE, D2,,Write-in,3,0,3,0,0
Irwin,Roberts,BOE, D2,,Write-in,1,0,1,0,0
Irwin,Ocilla,BOE, D2,,Write-in,2,0,2,0,0
Irwin,Mystic,BOE, D2,,Write-in,0,0,0,0,0
Irwin,,BOE, D3,,PAIGE P. WYNN ,364,6,277,76,5
Irwin,Irwinville,BOE, D3,,PAIGE P. WYNN ,106,2,83,20,1
Irwin,Minnie,BOE, D3,,PAIGE P. WYNN ,120,2,97,21,0
Irwin,Ocilla,BOE, D3,,PAIGE P. WYNN ,27,2,13,8,4
Irwin,Mystic,BOE, D3,,PAIGE P. WYNN ,111,0,84,27,0
Irwin,,BOE, D3,,Write-in,3,0,3,0,0
Irwin,Irwinville,BOE, D3,,Write-in,1,0,1,0,0
Irwin,Minnie,BOE, D3,,Write-in,0,0,0,0,0
Irwin,Ocilla,BOE, D3,,Write-in,0,0,0,0,0
Irwin,Mystic,BOE, D3,,Write-in,2,0,2,0,0
Irwin,,BOE, D4,,GARY H. PAULK ,247,1,170,75,1
Irwin,Ocilla,BOE, D4,,GARY H. PAULK ,128,1,74,53,0
Irwin,Osierfield,BOE, D4,,GARY H. PAULK ,46,0,39,6,1
Irwin,Holt,BOE, D4,,GARY H. PAULK ,73,0,57,16,0
Irwin,,BOE, D4,,JOSH BRANCH,216,3,145,68,0
Irwin,Ocilla,BOE, D4,,JOSH BRANCH,136,2,78,56,0
Irwin,Osierfield,BOE, D4,,JOSH BRANCH,40,1,33,6,0
Irwin,Holt,BOE, D4,,JOSH BRANCH,40,0,34,6,0
Irwin,,BOE, D4,,Write-in,0,0,0,0,0
Irwin,Ocilla,BOE, D4,,Write-in,0,0,0,0,0
Irwin,Osierfield,BOE, D4,,Write-in,0,0,0,0,0
Irwin,Holt,BOE, D4,,Write-in,0,0,0,0,0
Irwin,,TSPLOST,,,YES,1008,20,652,331,5
Irwin,Irwinville,TSPLOST,,,YES,92,2,75,14,1
Irwin,Minnie,TSPLOST,,,YES,66,0,53,13,0
Irwin,Roberts,TSPLOST,,,YES,66,1,56,9,0
Irwin,Ocilla,TSPLOST,,,YES,535,16,288,228,3
Irwin,Osierfield,TSPLOST,,,YES,40,0,32,7,1
Irwin,Mystic,TSPLOST,,,YES,93,1,58,34,0
Irwin,Fletcher,TSPLOST,,,YES,47,0,38,9,0
Irwin,Holt,TSPLOST,,,YES,69,0,52,17,0
Irwin,,TSPLOST,,,NO,979,10,732,235,2
Irwin,Irwinville,TSPLOST,,,NO,155,0,131,24,0
Irwin,Minnie,TSPLOST,,,NO,84,2,67,15,0
Irwin,Roberts,TSPLOST,,,NO,73,2,67,3,1
Irwin,Ocilla,TSPLOST,,,NO,365,5,201,158,1
Irwin,Osierfield,TSPLOST,,,NO,46,1,41,4,0
Irwin,Mystic,TSPLOST,,,NO,126,0,105,21,0
Irwin,Fletcher,TSPLOST,,,NO,92,0,86,6,0
Irwin,Holt,TSPLOST,,,NO,38,0,34,4,0
