county,precinct,office,district,party,candidate,votes,absentee_by_mail,election_day,advance_in_person,provisional
Murray,,"Public Service Commission, District 3",3,REP,CHUCK EATON (I),2430,52,1807,571,0
Murray,MCDONALD,"Public Service Commission, District 3",3,REP,CHUCK EATON (I),263,7,200,56,0
Murray,SHUCK PEN,"Public Service Commission, District 3",3,REP,CHUCK EATON (I),280,3,226,51,0
Murray,SOUTHWEST,"Public Service Commission, District 3",3,REP,CHUCK EATON (I),253,5,211,37,0
Murray,SPRING PLACE,"Public Service Commission, District 3",3,REP,CHUCK EATON (I),408,8,298,102,0
Murray,TOWN,"Public Service Commission, District 3",3,REP,CHUCK EATON (I),791,21,510,260,0
Murray,CARTERS-DOOLITTLE,"Public Service Commission, District 3",3,REP,CHUCK EATON (I),223,5,177,41,0
Murray,NORTH,"Public Service Commission, District 3",3,REP,CHUCK EATON (I),212,3,185,24,0
Murray,,"Public Service Commission, District 3",3,REP,MATT REID,1688,66,1210,412,0
Murray,MCDONALD,"Public Service Commission, District 3",3,REP,MATT REID,194,6,145,43,0
Murray,SHUCK PEN,"Public Service Commission, District 3",3,REP,MATT REID,192,2,157,33,0
Murray,SOUTHWEST,"Public Service Commission, District 3",3,REP,MATT REID,178,9,141,28,0
Murray,SPRING PLACE,"Public Service Commission, District 3",3,REP,MATT REID,266,6,199,61,0
Murray,TOWN,"Public Service Commission, District 3",3,REP,MATT REID,530,34,311,185,0
Murray,CARTERS-DOOLITTLE,"Public Service Commission, District 3",3,REP,MATT REID,170,7,129,34,0
Murray,NORTH,"Public Service Commission, District 3",3,REP,MATT REID,158,2,128,28,0
Murray,,"Public Service Commission, District 3",3,DEM,STEPHEN OPPENHEIMER,701,50,456,195,0
Murray,MCDONALD,"Public Service Commission, District 3",3,DEM,STEPHEN OPPENHEIMER,76,4,52,20,0
Murray,SHUCK PEN,"Public Service Commission, District 3",3,DEM,STEPHEN OPPENHEIMER,79,5,65,9,0
Murray,SOUTHWEST,"Public Service Commission, District 3",3,DEM,STEPHEN OPPENHEIMER,80,8,50,22,0
Murray,SPRING PLACE,"Public Service Commission, District 3",3,DEM,STEPHEN OPPENHEIMER,106,9,65,32,0
Murray,TOWN,"Public Service Commission, District 3",3,DEM,STEPHEN OPPENHEIMER,215,19,125,71,0
Murray,CARTERS-DOOLITTLE,"Public Service Commission, District 3",3,DEM,STEPHEN OPPENHEIMER,67,4,38,25,0
Murray,NORTH,"Public Service Commission, District 3",3,DEM,STEPHEN OPPENHEIMER,78,1,61,16,0
Murray,,"Public Service Commission, District 5",5,REP,PAM DAVIDSON,1891,71,1375,445,0
Murray,MCDONALD,"Public Service Commission, District 5",5,REP,PAM DAVIDSON,222,6,161,55,0
Murray,SHUCK PEN,"Public Service Commission, District 5",5,REP,PAM DAVIDSON,217,2,175,40,0
Murray,SOUTHWEST,"Public Service Commission, District 5",5,REP,PAM DAVIDSON,201,11,159,31,0
Murray,SPRING PLACE,"Public Service Commission, District 5",5,REP,PAM DAVIDSON,295,8,221,66,0
Murray,TOWN,"Public Service Commission, District 5",5,REP,PAM DAVIDSON,603,36,368,199,0
Murray,CARTERS-DOOLITTLE,"Public Service Commission, District 5",5,REP,PAM DAVIDSON,182,7,142,33,0
Murray,NORTH,"Public Service Commission, District 5",5,REP,PAM DAVIDSON,171,1,149,21,0
Murray,,"Public Service Commission, District 5",5,REP,STAN WISE (I),2089,46,1533,510,0
Murray,MCDONALD,"Public Service Commission, District 5",5,REP,STAN WISE (I),217,7,170,40,0
Murray,SHUCK PEN,"Public Service Commission, District 5",5,REP,STAN WISE (I),241,3,195,43,0
Murray,SOUTHWEST,"Public Service Commission, District 5",5,REP,STAN WISE (I),213,3,179,31,0
Murray,SPRING PLACE,"Public Service Commission, District 5",5,REP,STAN WISE (I),353,6,258,89,0
Murray,TOWN,"Public Service Commission, District 5",5,REP,STAN WISE (I),679,19,427,233,0
Murray,CARTERS-DOOLITTLE,"Public Service Commission, District 5",5,REP,STAN WISE (I),194,5,147,42,0
Murray,NORTH,"Public Service Commission, District 5",5,REP,STAN WISE (I),192,3,157,32,0
Murray,,"U.S. Representative, District 14",14,REP,TOM GRAVES (I),3948,99,2906,943,0
Murray,MCDONALD,"U.S. Representative, District 14",14,REP,TOM GRAVES (I),435,7,336,92,0
Murray,SHUCK PEN,"U.S. Representative, District 14",14,REP,TOM GRAVES (I),443,6,355,82,0
Murray,SOUTHWEST,"U.S. Representative, District 14",14,REP,TOM GRAVES (I),419,10,349,60,0
Murray,SPRING PLACE,"U.S. Representative, District 14",14,REP,TOM GRAVES (I),650,13,483,154,0
Murray,TOWN,"U.S. Representative, District 14",14,REP,TOM GRAVES (I),1271,49,795,427,0
Murray,CARTERS-DOOLITTLE,"U.S. Representative, District 14",14,REP,TOM GRAVES (I),373,9,289,75,0
Murray,NORTH,"U.S. Representative, District 14",14,REP,TOM GRAVES (I),357,5,299,53,0
Murray,,"U.S. Representative, District 14",14,DEM,"DANIEL ""DANNY"" GRANT",688,53,447,188,0
Murray,MCDONALD,"U.S. Representative, District 14",14,DEM,"DANIEL ""DANNY"" GRANT",74,4,51,19,0
Murray,SHUCK PEN,"U.S. Representative, District 14",14,DEM,"DANIEL ""DANNY"" GRANT",74,5,59,10,0
Murray,SOUTHWEST,"U.S. Representative, District 14",14,DEM,"DANIEL ""DANNY"" GRANT",80,8,52,20,0
Murray,SPRING PLACE,"U.S. Representative, District 14",14,DEM,"DANIEL ""DANNY"" GRANT",104,7,66,31,0
Murray,TOWN,"U.S. Representative, District 14",14,DEM,"DANIEL ""DANNY"" GRANT",215,21,124,70,0
Murray,CARTERS-DOOLITTLE,"U.S. Representative, District 14",14,DEM,"DANIEL ""DANNY"" GRANT",67,7,39,21,0
Murray,NORTH,"U.S. Representative, District 14",14,DEM,"DANIEL ""DANNY"" GRANT",74,1,56,17,0
Murray,,"State Senator, District 54",54,REP,CHARLIE BETHEL (I),3558,94,2611,853,0
Murray,MCDONALD,"State Senator, District 54",54,REP,CHARLIE BETHEL (I),392,7,298,87,0
Murray,SHUCK PEN,"State Senator, District 54",54,REP,CHARLIE BETHEL (I),404,6,326,72,0
Murray,SOUTHWEST,"State Senator, District 54",54,REP,CHARLIE BETHEL (I),373,12,310,51,0
Murray,SPRING PLACE,"State Senator, District 54",54,REP,CHARLIE BETHEL (I),583,11,431,141,0
Murray,TOWN,"State Senator, District 54",54,REP,CHARLIE BETHEL (I),1152,45,718,389,0
Murray,CARTERS-DOOLITTLE,"State Senator, District 54",54,REP,CHARLIE BETHEL (I),327,9,253,65,0
Murray,NORTH,"State Senator, District 54",54,REP,CHARLIE BETHEL (I),327,4,275,48,0
Murray,,"State Representative, District 5",5,REP,JOHN MEADOWS (I),381,10,315,56,0
Murray,SOUTHWEST,"State Representative, District 5",5,REP,JOHN MEADOWS (I),381,10,315,56,0
Murray,,"State Representative, District 5",5,DEM,HOWARD JOHNSON,81,7,54,20,0
Murray,SOUTHWEST,"State Representative, District 5",5,DEM,HOWARD JOHNSON,81,7,54,20,0
Murray,,"State Representative, District 6",6,REP,TOM DICKSON (I),1564,27,1191,346,0
Murray,MCDONALD,"State Representative, District 6",6,REP,TOM DICKSON (I),407,7,310,90,0
Murray,SHUCK PEN,"State Representative, District 6",6,REP,TOM DICKSON (I),409,6,332,71,0
Murray,TOWN,"State Representative, District 6",6,REP,TOM DICKSON (I),417,10,272,135,0
Murray,NORTH,"State Representative, District 6",6,REP,TOM DICKSON (I),331,4,277,50,0
Murray,,"State Representative, District 11",11,REP,RICK JASPERSE (I),1575,51,1093,431,0
Murray,SPRING PLACE,"State Representative, District 11",11,REP,RICK JASPERSE (I),556,11,416,129,0
Murray,TOWN,"State Representative, District 11",11,REP,RICK JASPERSE (I),695,31,425,239,0
Murray,CARTERS-DOOLITTLE,"State Representative, District 11",11,REP,RICK JASPERSE (I),324,9,252,63,0
Murray,,"District Attorney, Conasauga Circuit", Conasauga Circuit - REP,REP,BERT POSTON (I),3371,91,2481,799,0
Murray,MCDONALD,"District Attorney, Conasauga Circuit", Conasauga Circuit - REP,REP,BERT POSTON (I),365,7,278,80,0
Murray,SHUCK PEN,"District Attorney, Conasauga Circuit", Conasauga Circuit - REP,REP,BERT POSTON (I),379,6,309,64,0
Murray,SOUTHWEST,"District Attorney, Conasauga Circuit", Conasauga Circuit - REP,REP,BERT POSTON (I),359,12,297,50,0
Murray,SPRING PLACE,"District Attorney, Conasauga Circuit", Conasauga Circuit - REP,REP,BERT POSTON (I),551,11,410,130,0
Murray,TOWN,"District Attorney, Conasauga Circuit", Conasauga Circuit - REP,REP,BERT POSTON (I),1070,41,665,364,0
Murray,CARTERS-DOOLITTLE,"District Attorney, Conasauga Circuit", Conasauga Circuit - REP,REP,BERT POSTON (I),324,10,251,63,0
Murray,NORTH,"District Attorney, Conasauga Circuit", Conasauga Circuit - REP,REP,BERT POSTON (I),323,4,271,48,0
Murray,,JUDGE PROBATE,,,DALE ADAMS ,968,69,627,272,0
Murray,MCDONALD,JUDGE PROBATE,,,DALE ADAMS ,101,5,71,25,0
Murray,SHUCK PEN,JUDGE PROBATE,,,DALE ADAMS ,99,5,79,15,0
Murray,SOUTHWEST,JUDGE PROBATE,,,DALE ADAMS ,101,9,64,28,0
Murray,SPRING PLACE,JUDGE PROBATE,,,DALE ADAMS ,140,11,85,44,0
Murray,TOWN,JUDGE PROBATE,,,DALE ADAMS ,296,23,176,97,0
Murray,CARTERS-DOOLITTLE,JUDGE PROBATE,,,DALE ADAMS ,120,13,63,44,0
Murray,NORTH,JUDGE PROBATE,,,DALE ADAMS ,111,3,89,19,0
Murray,,CLERK SUPERIOR CT,,,KIM DAILEY,2181,81,1524,576,0
Murray,MCDONALD,CLERK SUPERIOR CT,,,KIM DAILEY,217,4,166,47,0
Murray,SHUCK PEN,CLERK SUPERIOR CT,,,KIM DAILEY,207,3,162,42,0
Murray,SOUTHWEST,CLERK SUPERIOR CT,,,KIM DAILEY,228,14,172,42,0
Murray,SPRING PLACE,CLERK SUPERIOR CT,,,KIM DAILEY,368,9,265,94,0
Murray,TOWN,CLERK SUPERIOR CT,,,KIM DAILEY,798,37,475,286,0
Murray,CARTERS-DOOLITTLE,CLERK SUPERIOR CT,,,KIM DAILEY,188,11,140,37,0
Murray,NORTH,CLERK SUPERIOR CT,,,KIM DAILEY,175,3,144,28,0
Murray,,CLERK SUPERIOR CT,,,DONNA FLOOD,2292,82,1711,499,0
Murray,MCDONALD,CLERK SUPERIOR CT,,,DONNA FLOOD,266,7,201,58,0
Murray,SHUCK PEN,CLERK SUPERIOR CT,,,DONNA FLOOD,296,5,239,52,0
Murray,SOUTHWEST,CLERK SUPERIOR CT,,,DONNA FLOOD,245,7,204,34,0
Murray,SPRING PLACE,CLERK SUPERIOR CT,,,DONNA FLOOD,369,5,278,86,0
Murray,TOWN,CLERK SUPERIOR CT,,,DONNA FLOOD,641,40,408,193,0
Murray,CARTERS-DOOLITTLE,CLERK SUPERIOR CT,,,DONNA FLOOD,253,15,191,47,0
Murray,NORTH,CLERK SUPERIOR CT,,,DONNA FLOOD,222,3,190,29,0
Murray,,CLERK SUPERIOR CT,,,DONALD CANTRELL,230,7,162,61,0
Murray,MCDONALD,CLERK SUPERIOR CT,,,DONALD CANTRELL,26,0,19,7,0
Murray,SHUCK PEN,CLERK SUPERIOR CT,,,DONALD CANTRELL,21,0,20,1,0
Murray,SOUTHWEST,CLERK SUPERIOR CT,,,DONALD CANTRELL,23,1,16,6,0
Murray,SPRING PLACE,CLERK SUPERIOR CT,,,DONALD CANTRELL,46,1,29,16,0
Murray,TOWN,CLERK SUPERIOR CT,,,DONALD CANTRELL,74,5,46,23,0
Murray,CARTERS-DOOLITTLE,CLERK SUPERIOR CT,,,DONALD CANTRELL,21,0,19,2,0
Murray,NORTH,CLERK SUPERIOR CT,,,DONALD CANTRELL,19,0,13,6,0
Murray,,CLERK SUPERIOR CT,,,CONNIE G. REED ,953,91,590,272,0
Murray,MCDONALD,CLERK SUPERIOR CT,,,CONNIE G. REED ,90,8,62,20,0
Murray,SHUCK PEN,CLERK SUPERIOR CT,,,CONNIE G. REED ,99,6,73,20,0
Murray,SOUTHWEST,CLERK SUPERIOR CT,,,CONNIE G. REED ,97,11,60,26,0
Murray,SPRING PLACE,CLERK SUPERIOR CT,,,CONNIE G. REED ,126,13,72,41,0
Murray,TOWN,CLERK SUPERIOR CT,,,CONNIE G. REED ,274,21,156,97,0
Murray,CARTERS-DOOLITTLE,CLERK SUPERIOR CT,,,CONNIE G. REED ,151,29,70,52,0
Murray,NORTH,CLERK SUPERIOR CT,,,CONNIE G. REED ,116,3,97,16,0
Murray,,SHERIFF,,,GARY LANGFORD,2248,60,1542,646,0
Murray,MCDONALD,SHERIFF,,,GARY LANGFORD,233,3,166,64,0
Murray,SHUCK PEN,SHERIFF,,,GARY LANGFORD,182,3,137,42,0
Murray,SOUTHWEST,SHERIFF,,,GARY LANGFORD,202,7,159,36,0
Murray,SPRING PLACE,SHERIFF,,,GARY LANGFORD,379,5,270,104,0
Murray,TOWN,SHERIFF,,,GARY LANGFORD,855,29,502,324,0
Murray,CARTERS-DOOLITTLE,SHERIFF,,,GARY LANGFORD,272,12,204,56,0
Murray,NORTH,SHERIFF,,,GARY LANGFORD,125,1,104,20,0
Murray,,SHERIFF,,,WYLE K. PRITCHETT,1579,57,1204,318,0
Murray,MCDONALD,SHERIFF,,,WYLE K. PRITCHETT,216,6,170,40,0
Murray,SHUCK PEN,SHERIFF,,,WYLE K. PRITCHETT,225,1,186,38,0
Murray,SOUTHWEST,SHERIFF,,,WYLE K. PRITCHETT,198,6,165,27,0
Murray,SPRING PLACE,SHERIFF,,,WYLE K. PRITCHETT,218,8,160,50,0
Murray,TOWN,SHERIFF,,,WYLE K. PRITCHETT,404,29,256,119,0
Murray,CARTERS-DOOLITTLE,SHERIFF,,,WYLE K. PRITCHETT,134,6,105,23,0
Murray,NORTH,SHERIFF,,,WYLE K. PRITCHETT,184,1,162,21,0
Murray,,SHERIFF,,,KEN SMITH,688,54,477,157,0
Murray,MCDONALD,SHERIFF,,,KEN SMITH,61,4,47,10,0
Murray,SHUCK PEN,SHERIFF,,,KEN SMITH,85,3,67,15,0
Murray,SOUTHWEST,SHERIFF,,,KEN SMITH,91,7,65,19,0
Murray,SPRING PLACE,SHERIFF,,,KEN SMITH,117,5,84,28,0
Murray,TOWN,SHERIFF,,,KEN SMITH,208,21,127,60,0
Murray,CARTERS-DOOLITTLE,SHERIFF,,,KEN SMITH,62,12,39,11,0
Murray,NORTH,SHERIFF,,,KEN SMITH,64,2,48,14,0
Murray,,SHERIFF,,,HOWARD ENSLEY ,956,60,636,260,0
Murray,MCDONALD,SHERIFF,,,HOWARD ENSLEY ,94,4,65,25,0
Murray,SHUCK PEN,SHERIFF,,,HOWARD ENSLEY ,102,6,77,19,0
Murray,SOUTHWEST,SHERIFF,,,HOWARD ENSLEY ,98,8,65,25,0
Murray,SPRING PLACE,SHERIFF,,,HOWARD ENSLEY ,145,7,93,45,0
Murray,TOWN,SHERIFF,,,HOWARD ENSLEY ,285,23,168,94,0
Murray,CARTERS-DOOLITTLE,SHERIFF,,,HOWARD ENSLEY ,112,9,68,35,0
Murray,NORTH,SHERIFF,,,HOWARD ENSLEY ,120,3,100,17,0
Murray,,TAX COMMISSIONER,,,KAY LEONARD MCCURDY,3383,100,2520,763,0
Murray,MCDONALD,TAX COMMISSIONER,,,KAY LEONARD MCCURDY,353,11,274,68,0
Murray,SHUCK PEN,TAX COMMISSIONER,,,KAY LEONARD MCCURDY,375,6,306,63,0
Murray,SOUTHWEST,TAX COMMISSIONER,,,KAY LEONARD MCCURDY,366,8,307,51,0
Murray,SPRING PLACE,TAX COMMISSIONER,,,KAY LEONARD MCCURDY,546,10,423,113,0
Murray,TOWN,TAX COMMISSIONER,,,KAY LEONARD MCCURDY,1096,46,692,358,0
Murray,CARTERS-DOOLITTLE,TAX COMMISSIONER,,,KAY LEONARD MCCURDY,330,15,249,66,0
Murray,NORTH,TAX COMMISSIONER,,,KAY LEONARD MCCURDY,317,4,269,44,0
Murray,,TAX COMMISSIONER,,,CHARLOTTE KEENER ,965,64,632,269,0
Murray,MCDONALD,TAX COMMISSIONER,,,CHARLOTTE KEENER ,90,3,67,20,0
Murray,SHUCK PEN,TAX COMMISSIONER,,,CHARLOTTE KEENER ,97,6,74,17,0
Murray,SOUTHWEST,TAX COMMISSIONER,,,CHARLOTTE KEENER ,100,8,68,24,0
Murray,SPRING PLACE,TAX COMMISSIONER,,,CHARLOTTE KEENER ,152,11,94,47,0
Murray,TOWN,TAX COMMISSIONER,,,CHARLOTTE KEENER ,291,20,173,98,0
Murray,CARTERS-DOOLITTLE,TAX COMMISSIONER,,,CHARLOTTE KEENER ,118,13,62,43,0
Murray,NORTH,TAX COMMISSIONER,,,CHARLOTTE KEENER ,117,3,94,20,0
Murray,,SURVEYOR,,,JAMES S. WILSON ,3303,91,2438,774,0
Murray,MCDONALD,SURVEYOR,,,JAMES S. WILSON ,354,7,267,80,0
Murray,SHUCK PEN,SURVEYOR,,,JAMES S. WILSON ,376,6,307,63,0
Murray,SOUTHWEST,SURVEYOR,,,JAMES S. WILSON ,346,10,286,50,0
Murray,SPRING PLACE,SURVEYOR,,,JAMES S. WILSON ,535,10,406,119,0
Murray,TOWN,SURVEYOR,,,JAMES S. WILSON ,1078,47,677,354,0
Murray,CARTERS-DOOLITTLE,SURVEYOR,,,JAMES S. WILSON ,310,8,241,61,0
Murray,NORTH,SURVEYOR,,,JAMES S. WILSON ,304,3,254,47,0
Murray,,CORONER,,,LARRY M. BALLEW ,799,64,510,225,0
Murray,MCDONALD,CORONER,,,LARRY M. BALLEW ,73,5,50,18,0
Murray,SHUCK PEN,CORONER,,,LARRY M. BALLEW ,85,5,66,14,0
Murray,SOUTHWEST,CORONER,,,LARRY M. BALLEW ,90,8,56,26,0
Murray,SPRING PLACE,CORONER,,,LARRY M. BALLEW ,121,8,80,33,0
Murray,TOWN,CORONER,,,LARRY M. BALLEW ,250,24,145,81,0
Murray,CARTERS-DOOLITTLE,CORONER,,,LARRY M. BALLEW ,92,11,46,35,0
Murray,NORTH,CORONER,,,LARRY M. BALLEW ,88,3,67,18,0
Murray,,SOLE COMMISSIONER,,,GREG HOGAN ,2208,65,1605,538,0
Murray,MCDONALD,SOLE COMMISSIONER,,,GREG HOGAN ,292,4,234,54,0
Murray,SHUCK PEN,SOLE COMMISSIONER,,,GREG HOGAN ,250,5,198,47,0
Murray,SOUTHWEST,SOLE COMMISSIONER,,,GREG HOGAN ,248,8,199,41,0
Murray,SPRING PLACE,SOLE COMMISSIONER,,,GREG HOGAN ,350,5,247,98,0
Murray,TOWN,SOLE COMMISSIONER,,,GREG HOGAN ,649,31,394,224,0
Murray,CARTERS-DOOLITTLE,SOLE COMMISSIONER,,,GREG HOGAN ,237,10,180,47,0
Murray,NORTH,SOLE COMMISSIONER,,,GREG HOGAN ,182,2,153,27,0
Murray,,SOLE COMMISSIONER,,,BRITTANY D. PITTMAN,2824,136,1961,727,0
Murray,MCDONALD,SOLE COMMISSIONER,,,BRITTANY D. PITTMAN,265,9,182,74,0
Murray,SHUCK PEN,SOLE COMMISSIONER,,,BRITTANY D. PITTMAN,295,3,234,58,0
Murray,SOUTHWEST,SOLE COMMISSIONER,,,BRITTANY D. PITTMAN,276,16,214,46,0
Murray,SPRING PLACE,SOLE COMMISSIONER,,,BRITTANY D. PITTMAN,442,13,328,101,0
Murray,TOWN,SOLE COMMISSIONER,,,BRITTANY D. PITTMAN,988,59,593,336,0
Murray,CARTERS-DOOLITTLE,SOLE COMMISSIONER,,,BRITTANY D. PITTMAN,303,32,200,71,0
Murray,NORTH,SOLE COMMISSIONER,,,BRITTANY D. PITTMAN,255,4,210,41,0
Murray,,BOE D1,,,COLVARD JOE PARK,3209,88,2375,746,0
Murray,MCDONALD,BOE D1,,,COLVARD JOE PARK,364,11,276,77,0
Murray,SHUCK PEN,BOE D1,,,COLVARD JOE PARK,351,6,284,61,0
Murray,SOUTHWEST,BOE D1,,,COLVARD JOE PARK,354,7,296,51,0
Murray,SPRING PLACE,BOE D1,,,COLVARD JOE PARK,520,10,396,114,0
Murray,TOWN,BOE D1,,,COLVARD JOE PARK,1012,42,634,336,0
Murray,CARTERS-DOOLITTLE,BOE D1,,,COLVARD JOE PARK,307,9,236,62,0
Murray,NORTH,BOE D1,,,COLVARD JOE PARK,301,3,253,45,0
Murray,,BOE D2,,,SAM BRIGHT,3230,88,2380,762,0
Murray,MCDONALD,BOE D2,,,SAM BRIGHT,359,11,269,79,0
Murray,SHUCK PEN,BOE D2,,,SAM BRIGHT,356,6,291,59,0
Murray,SOUTHWEST,BOE D2,,,SAM BRIGHT,363,8,298,57,0
Murray,SPRING PLACE,BOE D2,,,SAM BRIGHT,532,10,405,117,0
Murray,TOWN,BOE D2,,,SAM BRIGHT,1020,41,637,342,0
Murray,CARTERS-DOOLITTLE,BOE D2,,,SAM BRIGHT,304,10,231,63,0
Murray,NORTH,BOE D2,,,SAM BRIGHT,296,2,249,45,0
Murray,,BOE D3,,I,REBECCA H. WHALEY,3483,84,2577,822,0
Murray,MCDONALD,BOE D3,,I,REBECCA H. WHALEY,377,7,285,85,0
Murray,SHUCK PEN,BOE D3,,I,REBECCA H. WHALEY,393,6,316,71,0
Murray,SOUTHWEST,BOE D3,,I,REBECCA H. WHALEY,363,7,307,49,0
Murray,SPRING PLACE,BOE D3,,I,REBECCA H. WHALEY,550,10,416,124,0
Murray,TOWN,BOE D3,,I,REBECCA H. WHALEY,1134,40,722,372,0
Murray,CARTERS-DOOLITTLE,BOE D3,,I,REBECCA H. WHALEY,325,9,249,67,0
Murray,NORTH,BOE D3,,I,REBECCA H. WHALEY,341,5,282,54,0
Murray,,BOE D4,,,GREG SHOEMAKER ,3226,86,2395,745,0
Murray,MCDONALD,BOE D4,,,GREG SHOEMAKER ,360,7,275,78,0
Murray,SHUCK PEN,BOE D4,,,GREG SHOEMAKER ,351,6,287,58,0
Murray,SOUTHWEST,BOE D4,,,GREG SHOEMAKER ,343,8,285,50,0
Murray,SPRING PLACE,BOE D4,,,GREG SHOEMAKER ,537,10,407,120,0
Murray,TOWN,BOE D4,,,GREG SHOEMAKER ,1029,44,657,328,0
Murray,CARTERS-DOOLITTLE,BOE D4,,,GREG SHOEMAKER ,299,9,227,63,0
Murray,NORTH,BOE D4,,,GREG SHOEMAKER ,307,2,257,48,0
Murray,,Republican Party Question 1<br>Should Georgia have casino gambling with funds going to education?,,REP,YES,2850,116,2007,727,0
Murray,MCDONALD,Republican Party Question 1<br>Should Georgia have casino gambling with funds going to education?,,REP,YES,318,7,241,70,0
Murray,SHUCK PEN,Republican Party Question 1<br>Should Georgia have casino gambling with funds going to education?,,REP,YES,316,3,250,63,0
Murray,SOUTHWEST,Republican Party Question 1<br>Should Georgia have casino gambling with funds going to education?,,REP,YES,273,14,220,39,0
Murray,SPRING PLACE,Republican Party Question 1<br>Should Georgia have casino gambling with funds going to education?,,REP,YES,445,10,320,115,0
Murray,TOWN,Republican Party Question 1<br>Should Georgia have casino gambling with funds going to education?,,REP,YES,945,52,571,322,0
Murray,CARTERS-DOOLITTLE,Republican Party Question 1<br>Should Georgia have casino gambling with funds going to education?,,REP,YES,323,27,213,83,0
Murray,NORTH,Republican Party Question 1<br>Should Georgia have casino gambling with funds going to education?,,REP,YES,230,3,192,35,0
Murray,,Republican Party Question 1<br>Should Georgia have casino gambling with funds going to education?,,REP,NO,2072,71,1517,484,0
Murray,MCDONALD,Republican Party Question 1<br>Should Georgia have casino gambling with funds going to education?,,REP,NO,230,6,171,53,0
Murray,SHUCK PEN,Republican Party Question 1<br>Should Georgia have casino gambling with funds going to education?,,REP,NO,233,5,187,41,0
Murray,SOUTHWEST,Republican Party Question 1<br>Should Georgia have casino gambling with funds going to education?,,REP,NO,231,6,184,41,0
Murray,SPRING PLACE,Republican Party Question 1<br>Should Georgia have casino gambling with funds going to education?,,REP,NO,339,8,250,81,0
Murray,TOWN,Republican Party Question 1<br>Should Georgia have casino gambling with funds going to education?,,REP,NO,643,32,398,213,0
Murray,CARTERS-DOOLITTLE,Republican Party Question 1<br>Should Georgia have casino gambling with funds going to education?,,REP,NO,194,11,159,24,0
Murray,NORTH,Republican Party Question 1<br>Should Georgia have casino gambling with funds going to education?,,REP,NO,202,3,168,31,0
Murray,,Republican Party Question 2<br>Do you support ending the current practice of unlimited gifts from lobbyists to state legislators by imposing a $100 cap on such gifts?,,REP,YES,3908,148,2808,952,0
Murray,MCDONALD,Republican Party Question 2<br>Do you support ending the current practice of unlimited gifts from lobbyists to state legislators by imposing a $100 cap on such gifts?,,REP,YES,423,12,318,93,0
Murray,SHUCK PEN,Republican Party Question 2<br>Do you support ending the current practice of unlimited gifts from lobbyists to state legislators by imposing a $100 cap on such gifts?,,REP,YES,436,5,351,80,0
Murray,SOUTHWEST,Republican Party Question 2<br>Do you support ending the current practice of unlimited gifts from lobbyists to state legislators by imposing a $100 cap on such gifts?,,REP,YES,380,15,304,61,0
Murray,SPRING PLACE,Republican Party Question 2<br>Do you support ending the current practice of unlimited gifts from lobbyists to state legislators by imposing a $100 cap on such gifts?,,REP,YES,642,14,466,162,0
Murray,TOWN,Republican Party Question 2<br>Do you support ending the current practice of unlimited gifts from lobbyists to state legislators by imposing a $100 cap on such gifts?,,REP,YES,1270,66,777,427,0
Murray,CARTERS-DOOLITTLE,Republican Party Question 2<br>Do you support ending the current practice of unlimited gifts from lobbyists to state legislators by imposing a $100 cap on such gifts?,,REP,YES,396,29,289,78,0
Murray,NORTH,Republican Party Question 2<br>Do you support ending the current practice of unlimited gifts from lobbyists to state legislators by imposing a $100 cap on such gifts?,,REP,YES,361,7,303,51,0
Murray,,Republican Party Question 2<br>Do you support ending the current practice of unlimited gifts from lobbyists to state legislators by imposing a $100 cap on such gifts?,,REP,NO,843,27,595,221,0
Murray,MCDONALD,Republican Party Question 2<br>Do you support ending the current practice of unlimited gifts from lobbyists to state legislators by imposing a $100 cap on such gifts?,,REP,NO,97,1,71,25,0
Murray,SHUCK PEN,Republican Party Question 2<br>Do you support ending the current practice of unlimited gifts from lobbyists to state legislators by imposing a $100 cap on such gifts?,,REP,NO,94,3,72,19,0
Murray,SOUTHWEST,Republican Party Question 2<br>Do you support ending the current practice of unlimited gifts from lobbyists to state legislators by imposing a $100 cap on such gifts?,,REP,NO,105,3,85,17,0
Murray,SPRING PLACE,Republican Party Question 2<br>Do you support ending the current practice of unlimited gifts from lobbyists to state legislators by imposing a $100 cap on such gifts?,,REP,NO,127,3,95,29,0
Murray,TOWN,Republican Party Question 2<br>Do you support ending the current practice of unlimited gifts from lobbyists to state legislators by imposing a $100 cap on such gifts?,,REP,NO,265,13,155,97,0
Murray,CARTERS-DOOLITTLE,Republican Party Question 2<br>Do you support ending the current practice of unlimited gifts from lobbyists to state legislators by imposing a $100 cap on such gifts?,,REP,NO,91,4,64,23,0
Murray,NORTH,Republican Party Question 2<br>Do you support ending the current practice of unlimited gifts from lobbyists to state legislators by imposing a $100 cap on such gifts?,,REP,NO,64,0,53,11,0
Murray,,Republican Party Question 3<br>Should active duty military personnel who are under the age of 21 be allowed to obtain a Georgia weapons license?,,REP,YES,3348,111,2444,793,0
Murray,MCDONALD,Republican Party Question 3<br>Should active duty military personnel who are under the age of 21 be allowed to obtain a Georgia weapons license?,,REP,YES,364,8,278,78,0
Murray,SHUCK PEN,Republican Party Question 3<br>Should active duty military personnel who are under the age of 21 be allowed to obtain a Georgia weapons license?,,REP,YES,368,1,298,69,0
Murray,SOUTHWEST,Republican Party Question 3<br>Should active duty military personnel who are under the age of 21 be allowed to obtain a Georgia weapons license?,,REP,YES,350,10,289,51,0
Murray,SPRING PLACE,Republican Party Question 3<br>Should active duty military personnel who are under the age of 21 be allowed to obtain a Georgia weapons license?,,REP,YES,540,13,391,136,0
Murray,TOWN,Republican Party Question 3<br>Should active duty military personnel who are under the age of 21 be allowed to obtain a Georgia weapons license?,,REP,YES,1070,49,676,345,0
Murray,CARTERS-DOOLITTLE,Republican Party Question 3<br>Should active duty military personnel who are under the age of 21 be allowed to obtain a Georgia weapons license?,,REP,YES,354,26,257,71,0
Murray,NORTH,Republican Party Question 3<br>Should active duty military personnel who are under the age of 21 be allowed to obtain a Georgia weapons license?,,REP,YES,302,4,255,43,0
Murray,,Republican Party Question 3<br>Should active duty military personnel who are under the age of 21 be allowed to obtain a Georgia weapons license?,,REP,NO,1506,65,1035,406,0
Murray,MCDONALD,Republican Party Question 3<br>Should active duty military personnel who are under the age of 21 be allowed to obtain a Georgia weapons license?,,REP,NO,178,5,130,43,0
Murray,SHUCK PEN,Republican Party Question 3<br>Should active duty military personnel who are under the age of 21 be allowed to obtain a Georgia weapons license?,,REP,NO,173,7,132,34,0
Murray,SOUTHWEST,Republican Party Question 3<br>Should active duty military personnel who are under the age of 21 be allowed to obtain a Georgia weapons license?,,REP,NO,153,8,114,31,0
Murray,SPRING PLACE,Republican Party Question 3<br>Should active duty military personnel who are under the age of 21 be allowed to obtain a Georgia weapons license?,,REP,NO,240,3,177,60,0
Murray,TOWN,Republican Party Question 3<br>Should active duty military personnel who are under the age of 21 be allowed to obtain a Georgia weapons license?,,REP,NO,493,32,277,184,0
Murray,CARTERS-DOOLITTLE,Republican Party Question 3<br>Should active duty military personnel who are under the age of 21 be allowed to obtain a Georgia weapons license?,,REP,NO,144,9,103,32,0
Murray,NORTH,Republican Party Question 3<br>Should active duty military personnel who are under the age of 21 be allowed to obtain a Georgia weapons license?,,REP,NO,125,1,102,22,0
Murray,,Republican Party Question 4<br>Should Citizens who wish to vote in a primary election be required to register by their political party affiliation at least thirty (30) days prior to such primary election?,,REP,YES,2000,76,1372,552,0
Murray,MCDONALD,Republican Party Question 4<br>Should Citizens who wish to vote in a primary election be required to register by their political party affiliation at least thirty (30) days prior to such primary election?,,REP,YES,219,7,156,56,0
Murray,SHUCK PEN,Republican Party Question 4<br>Should Citizens who wish to vote in a primary election be required to register by their political party affiliation at least thirty (30) days prior to such primary election?,,REP,YES,228,3,172,53,0
Murray,SOUTHWEST,Republican Party Question 4<br>Should Citizens who wish to vote in a primary election be required to register by their political party affiliation at least thirty (30) days prior to such primary election?,,REP,YES,238,11,185,42,0
Murray,SPRING PLACE,Republican Party Question 4<br>Should Citizens who wish to vote in a primary election be required to register by their political party affiliation at least thirty (30) days prior to such primary election?,,REP,YES,317,9,213,95,0
Murray,TOWN,Republican Party Question 4<br>Should Citizens who wish to vote in a primary election be required to register by their political party affiliation at least thirty (30) days prior to such primary election?,,REP,YES,634,33,362,239,0
Murray,CARTERS-DOOLITTLE,Republican Party Question 4<br>Should Citizens who wish to vote in a primary election be required to register by their political party affiliation at least thirty (30) days prior to such primary election?,,REP,YES,187,12,133,42,0
Murray,NORTH,Republican Party Question 4<br>Should Citizens who wish to vote in a primary election be required to register by their political party affiliation at least thirty (30) days prior to such primary election?,,REP,YES,177,1,151,25,0
Murray,,Republican Party Question 4<br>Should Citizens who wish to vote in a primary election be required to register by their political party affiliation at least thirty (30) days prior to such primary election?,,REP,NO,2764,91,2055,618,0
Murray,MCDONALD,Republican Party Question 4<br>Should Citizens who wish to vote in a primary election be required to register by their political party affiliation at least thirty (30) days prior to such primary election?,,REP,NO,309,6,241,62,0
Murray,SHUCK PEN,Republican Party Question 4<br>Should Citizens who wish to vote in a primary election be required to register by their political party affiliation at least thirty (30) days prior to such primary election?,,REP,NO,302,5,250,47,0
Murray,SOUTHWEST,Republican Party Question 4<br>Should Citizens who wish to vote in a primary election be required to register by their political party affiliation at least thirty (30) days prior to such primary election?,,REP,NO,255,8,211,36,0
Murray,SPRING PLACE,Republican Party Question 4<br>Should Citizens who wish to vote in a primary election be required to register by their political party affiliation at least thirty (30) days prior to such primary election?,,REP,NO,451,7,349,95,0
Murray,TOWN,Republican Party Question 4<br>Should Citizens who wish to vote in a primary election be required to register by their political party affiliation at least thirty (30) days prior to such primary election?,,REP,NO,901,41,580,280,0
Murray,CARTERS-DOOLITTLE,Republican Party Question 4<br>Should Citizens who wish to vote in a primary election be required to register by their political party affiliation at least thirty (30) days prior to such primary election?,,REP,NO,297,18,219,60,0
Murray,NORTH,Republican Party Question 4<br>Should Citizens who wish to vote in a primary election be required to register by their political party affiliation at least thirty (30) days prior to such primary election?,,REP,NO,249,6,205,38,0
Murray,,Republican Party Question 5 <br>Life Amendment Question,,REP,YES,3191,87,2313,791,0
Murray,MCDONALD,Republican Party Question 5 <br>Life Amendment Question,,REP,YES,335,7,243,85,0
Murray,SHUCK PEN,Republican Party Question 5 <br>Life Amendment Question,,REP,YES,362,5,290,67,0
Murray,SOUTHWEST,Republican Party Question 5 <br>Life Amendment Question,,REP,YES,316,6,262,48,0
Murray,SPRING PLACE,Republican Party Question 5 <br>Life Amendment Question,,REP,YES,544,15,396,133,0
Murray,TOWN,Republican Party Question 5 <br>Life Amendment Question,,REP,YES,1039,43,638,358,0
Murray,CARTERS-DOOLITTLE,Republican Party Question 5 <br>Life Amendment Question,,REP,YES,316,10,242,64,0
Murray,NORTH,Republican Party Question 5 <br>Life Amendment Question,,REP,YES,279,1,242,36,0
Murray,,Republican Party Question 5 <br>Life Amendment Question,,REP,NO,1203,69,865,269,0
Murray,MCDONALD,Republican Party Question 5 <br>Life Amendment Question,,REP,NO,140,5,109,26,0
Murray,SHUCK PEN,Republican Party Question 5 <br>Life Amendment Question,,REP,NO,133,3,107,23,0
Murray,SOUTHWEST,Republican Party Question 5 <br>Life Amendment Question,,REP,NO,135,8,107,20,0
Murray,SPRING PLACE,Republican Party Question 5 <br>Life Amendment Question,,REP,NO,161,0,123,38,0
Murray,TOWN,Republican Party Question 5 <br>Life Amendment Question,,REP,NO,390,29,242,119,0
Murray,CARTERS-DOOLITTLE,Republican Party Question 5 <br>Life Amendment Question,,REP,NO,128,20,89,19,0
Murray,NORTH,Republican Party Question 5 <br>Life Amendment Question,,REP,NO,116,4,88,24,0
Murray,,REPUBLICAN QUESTION 6,,,YES,2296,57,1711,528,0
Murray,MCDONALD,REPUBLICAN QUESTION 6,,,YES,244,4,182,58,0
Murray,SHUCK PEN,REPUBLICAN QUESTION 6,,,YES,278,0,226,52,0
Murray,SOUTHWEST,REPUBLICAN QUESTION 6,,,YES,248,3,204,41,0
Murray,SPRING PLACE,REPUBLICAN QUESTION 6,,,YES,382,10,295,77,0
Murray,TOWN,REPUBLICAN QUESTION 6,,,YES,724,24,471,229,0
Murray,CARTERS-DOOLITTLE,REPUBLICAN QUESTION 6,,,YES,203,13,147,43,0
Murray,NORTH,REPUBLICAN QUESTION 6,,,YES,217,3,186,28,0
Murray,,REPUBLICAN QUESTION 6,,,NO,2556,139,1760,657,0
Murray,MCDONALD,REPUBLICAN QUESTION 6,,,NO,291,9,219,63,0
Murray,SHUCK PEN,REPUBLICAN QUESTION 6,,,NO,260,8,203,49,0
Murray,SOUTHWEST,REPUBLICAN QUESTION 6,,,NO,254,19,196,39,0
Murray,SPRING PLACE,REPUBLICAN QUESTION 6,,,NO,385,8,264,113,0
Murray,TOWN,REPUBLICAN QUESTION 6,,,NO,847,63,489,295,0
Murray,CARTERS-DOOLITTLE,REPUBLICAN QUESTION 6,,,NO,308,28,218,62,0
Murray,NORTH,REPUBLICAN QUESTION 6,,,NO,211,4,171,36,0
Murray,,Democratic Party Question 1<br>Should the Georgia Constitution be amended to allow the state to override locally-elected school boards’ decisions when it comes to the creation of charter schools in your county or city?,,DEM,YES,415,19,279,117,0
Murray,MCDONALD,Democratic Party Question 1<br>Should the Georgia Constitution be amended to allow the state to override locally-elected school boards’ decisions when it comes to the creation of charter schools in your county or city?,,DEM,YES,34,0,26,8,0
Murray,SHUCK PEN,Democratic Party Question 1<br>Should the Georgia Constitution be amended to allow the state to override locally-elected school boards’ decisions when it comes to the creation of charter schools in your county or city?,,DEM,YES,36,1,26,9,0
Murray,SOUTHWEST,Democratic Party Question 1<br>Should the Georgia Constitution be amended to allow the state to override locally-elected school boards’ decisions when it comes to the creation of charter schools in your county or city?,,DEM,YES,45,1,30,14,0
Murray,SPRING PLACE,Democratic Party Question 1<br>Should the Georgia Constitution be amended to allow the state to override locally-elected school boards’ decisions when it comes to the creation of charter schools in your county or city?,,DEM,YES,76,4,49,23,0
Murray,TOWN,Democratic Party Question 1<br>Should the Georgia Constitution be amended to allow the state to override locally-elected school boards’ decisions when it comes to the creation of charter schools in your county or city?,,DEM,YES,138,12,87,39,0
Murray,CARTERS-DOOLITTLE,Democratic Party Question 1<br>Should the Georgia Constitution be amended to allow the state to override locally-elected school boards’ decisions when it comes to the creation of charter schools in your county or city?,,DEM,YES,38,1,23,14,0
Murray,NORTH,Democratic Party Question 1<br>Should the Georgia Constitution be amended to allow the state to override locally-elected school boards’ decisions when it comes to the creation of charter schools in your county or city?,,DEM,YES,48,0,38,10,0
Murray,,Democratic Party Question 1<br>Should the Georgia Constitution be amended to allow the state to override locally-elected school boards’ decisions when it comes to the creation of charter schools in your county or city?,,DEM,NO,695,55,459,181,0
Murray,MCDONALD,Democratic Party Question 1<br>Should the Georgia Constitution be amended to allow the state to override locally-elected school boards’ decisions when it comes to the creation of charter schools in your county or city?,,DEM,NO,73,7,47,19,0
Murray,SHUCK PEN,Democratic Party Question 1<br>Should the Georgia Constitution be amended to allow the state to override locally-elected school boards’ decisions when it comes to the creation of charter schools in your county or city?,,DEM,NO,76,4,63,9,0
Murray,SOUTHWEST,Democratic Party Question 1<br>Should the Georgia Constitution be amended to allow the state to override locally-elected school boards’ decisions when it comes to the creation of charter schools in your county or city?,,DEM,NO,70,7,48,15,0
Murray,SPRING PLACE,Democratic Party Question 1<br>Should the Georgia Constitution be amended to allow the state to override locally-elected school boards’ decisions when it comes to the creation of charter schools in your county or city?,,DEM,NO,92,6,60,26,0
Murray,TOWN,Democratic Party Question 1<br>Should the Georgia Constitution be amended to allow the state to override locally-elected school boards’ decisions when it comes to the creation of charter schools in your county or city?,,DEM,NO,200,10,115,75,0
Murray,CARTERS-DOOLITTLE,Democratic Party Question 1<br>Should the Georgia Constitution be amended to allow the state to override locally-elected school boards’ decisions when it comes to the creation of charter schools in your county or city?,,DEM,NO,105,18,59,28,0
Murray,NORTH,Democratic Party Question 1<br>Should the Georgia Constitution be amended to allow the state to override locally-elected school boards’ decisions when it comes to the creation of charter schools in your county or city?,,DEM,NO,79,3,67,9,0
Murray,,Democratic Party Question 2<br>Do you support ending current practice permitting unlimited gifts from lobbyists to state legislators?,,DEM,YES,836,68,544,224,0
Murray,MCDONALD,Democratic Party Question 2<br>Do you support ending current practice permitting unlimited gifts from lobbyists to state legislators?,,DEM,YES,80,4,58,18,0
Murray,SHUCK PEN,Democratic Party Question 2<br>Do you support ending current practice permitting unlimited gifts from lobbyists to state legislators?,,DEM,YES,80,5,61,14,0
Murray,SOUTHWEST,Democratic Party Question 2<br>Do you support ending current practice permitting unlimited gifts from lobbyists to state legislators?,,DEM,YES,89,9,56,24,0
Murray,SPRING PLACE,Democratic Party Question 2<br>Do you support ending current practice permitting unlimited gifts from lobbyists to state legislators?,,DEM,YES,132,10,85,37,0
Murray,TOWN,Democratic Party Question 2<br>Do you support ending current practice permitting unlimited gifts from lobbyists to state legislators?,,DEM,YES,260,21,154,85,0
Murray,CARTERS-DOOLITTLE,Democratic Party Question 2<br>Do you support ending current practice permitting unlimited gifts from lobbyists to state legislators?,,DEM,YES,106,16,60,30,0
Murray,NORTH,Democratic Party Question 2<br>Do you support ending current practice permitting unlimited gifts from lobbyists to state legislators?,,DEM,YES,89,3,70,16,0
Murray,,Democratic Party Question 2<br>Do you support ending current practice permitting unlimited gifts from lobbyists to state legislators?,,DEM,NO,299,17,205,77,0
Murray,MCDONALD,Democratic Party Question 2<br>Do you support ending current practice permitting unlimited gifts from lobbyists to state legislators?,,DEM,NO,32,3,21,8,0
Murray,SHUCK PEN,Democratic Party Question 2<br>Do you support ending current practice permitting unlimited gifts from lobbyists to state legislators?,,DEM,NO,31,1,27,3,0
Murray,SOUTHWEST,Democratic Party Question 2<br>Do you support ending current practice permitting unlimited gifts from lobbyists to state legislators?,,DEM,NO,28,1,21,6,0
Murray,SPRING PLACE,Democratic Party Question 2<br>Do you support ending current practice permitting unlimited gifts from lobbyists to state legislators?,,DEM,NO,41,4,26,11,0
Murray,TOWN,Democratic Party Question 2<br>Do you support ending current practice permitting unlimited gifts from lobbyists to state legislators?,,DEM,NO,81,5,48,28,0
Murray,CARTERS-DOOLITTLE,Democratic Party Question 2<br>Do you support ending current practice permitting unlimited gifts from lobbyists to state legislators?,,DEM,NO,45,3,25,17,0
Murray,NORTH,Democratic Party Question 2<br>Do you support ending current practice permitting unlimited gifts from lobbyists to state legislators?,,DEM,NO,41,0,37,4,0
Murray,,Democratic Party Question 3<br>Should Georgia adopt an income tax credit for home energy costs to support the economic security of our families?,,DEM,YES,865,64,571,230,0
Murray,MCDONALD,Democratic Party Question 3<br>Should Georgia adopt an income tax credit for home energy costs to support the economic security of our families?,,DEM,YES,82,5,56,21,0
Murray,SHUCK PEN,Democratic Party Question 3<br>Should Georgia adopt an income tax credit for home energy costs to support the economic security of our families?,,DEM,YES,89,5,67,17,0
Murray,SOUTHWEST,Democratic Party Question 3<br>Should Georgia adopt an income tax credit for home energy costs to support the economic security of our families?,,DEM,YES,93,9,62,22,0
Murray,SPRING PLACE,Democratic Party Question 3<br>Should Georgia adopt an income tax credit for home energy costs to support the economic security of our families?,,DEM,YES,133,10,88,35,0
Murray,TOWN,Democratic Party Question 3<br>Should Georgia adopt an income tax credit for home energy costs to support the economic security of our families?,,DEM,YES,272,18,164,90,0
Murray,CARTERS-DOOLITTLE,Democratic Party Question 3<br>Should Georgia adopt an income tax credit for home energy costs to support the economic security of our families?,,DEM,YES,100,16,53,31,0
Murray,NORTH,Democratic Party Question 3<br>Should Georgia adopt an income tax credit for home energy costs to support the economic security of our families?,,DEM,YES,96,1,81,14,0
Murray,,Democratic Party Question 3<br>Should Georgia adopt an income tax credit for home energy costs to support the economic security of our families?,,DEM,NO,262,15,178,69,0
Murray,MCDONALD,Democratic Party Question 3<br>Should Georgia adopt an income tax credit for home energy costs to support the economic security of our families?,,DEM,NO,29,2,21,6,0
Murray,SHUCK PEN,Democratic Party Question 3<br>Should Georgia adopt an income tax credit for home energy costs to support the economic security of our families?,,DEM,NO,26,1,22,3,0
Murray,SOUTHWEST,Democratic Party Question 3<br>Should Georgia adopt an income tax credit for home energy costs to support the economic security of our families?,,DEM,NO,25,0,17,8,0
Murray,SPRING PLACE,Democratic Party Question 3<br>Should Georgia adopt an income tax credit for home energy costs to support the economic security of our families?,,DEM,NO,40,4,20,16,0
Murray,TOWN,Democratic Party Question 3<br>Should Georgia adopt an income tax credit for home energy costs to support the economic security of our families?,,DEM,NO,56,3,36,17,0
Murray,CARTERS-DOOLITTLE,Democratic Party Question 3<br>Should Georgia adopt an income tax credit for home energy costs to support the economic security of our families?,,DEM,NO,48,3,31,14,0
Murray,NORTH,Democratic Party Question 3<br>Should Georgia adopt an income tax credit for home energy costs to support the economic security of our families?,,DEM,NO,38,2,31,5,0
Murray,,Democratic Party Question 4 <br>Should Georgia reduce sales taxes on Made in Georgia products so as to support the growth of small businesses in our state?,,DEM,YES,1002,70,665,267,0
Murray,MCDONALD,Democratic Party Question 4 <br>Should Georgia reduce sales taxes on Made in Georgia products so as to support the growth of small businesses in our state?,,DEM,YES,94,4,69,21,0
Murray,SHUCK PEN,Democratic Party Question 4 <br>Should Georgia reduce sales taxes on Made in Georgia products so as to support the growth of small businesses in our state?,,DEM,YES,102,6,77,19,0
Murray,SOUTHWEST,Democratic Party Question 4 <br>Should Georgia reduce sales taxes on Made in Georgia products so as to support the growth of small businesses in our state?,,DEM,YES,108,8,72,28,0
Murray,SPRING PLACE,Democratic Party Question 4 <br>Should Georgia reduce sales taxes on Made in Georgia products so as to support the growth of small businesses in our state?,,DEM,YES,161,12,103,46,0
Murray,TOWN,Democratic Party Question 4 <br>Should Georgia reduce sales taxes on Made in Georgia products so as to support the growth of small businesses in our state?,,DEM,YES,291,22,174,95,0
Murray,CARTERS-DOOLITTLE,Democratic Party Question 4 <br>Should Georgia reduce sales taxes on Made in Georgia products so as to support the growth of small businesses in our state?,,DEM,YES,123,16,69,38,0
Murray,NORTH,Democratic Party Question 4 <br>Should Georgia reduce sales taxes on Made in Georgia products so as to support the growth of small businesses in our state?,,DEM,YES,123,2,101,20,0
Murray,,Democratic Party Question 4 <br>Should Georgia reduce sales taxes on Made in Georgia products so as to support the growth of small businesses in our state?,,DEM,NO,156,13,97,46,0
Murray,MCDONALD,Democratic Party Question 4 <br>Should Georgia reduce sales taxes on Made in Georgia products so as to support the growth of small businesses in our state?,,DEM,NO,15,2,8,5,0
Murray,SHUCK PEN,Democratic Party Question 4 <br>Should Georgia reduce sales taxes on Made in Georgia products so as to support the growth of small businesses in our state?,,DEM,NO,14,0,13,1,0
Murray,SOUTHWEST,Democratic Party Question 4 <br>Should Georgia reduce sales taxes on Made in Georgia products so as to support the growth of small businesses in our state?,,DEM,NO,15,3,8,4,0
Murray,SPRING PLACE,Democratic Party Question 4 <br>Should Georgia reduce sales taxes on Made in Georgia products so as to support the growth of small businesses in our state?,,DEM,NO,19,2,10,7,0
Murray,TOWN,Democratic Party Question 4 <br>Should Georgia reduce sales taxes on Made in Georgia products so as to support the growth of small businesses in our state?,,DEM,NO,49,2,29,18,0
Murray,CARTERS-DOOLITTLE,Democratic Party Question 4 <br>Should Georgia reduce sales taxes on Made in Georgia products so as to support the growth of small businesses in our state?,,DEM,NO,30,3,17,10,0
Murray,NORTH,Democratic Party Question 4 <br>Should Georgia reduce sales taxes on Made in Georgia products so as to support the growth of small businesses in our state?,,DEM,NO,14,1,12,1,0
Murray,,DEMOCRATIC QUESTION 5,,,YES,553,27,373,153,0
Murray,MCDONALD,DEMOCRATIC QUESTION 5,,,YES,49,2,39,8,0
Murray,SHUCK PEN,DEMOCRATIC QUESTION 5,,,YES,65,0,51,14,0
Murray,SOUTHWEST,DEMOCRATIC QUESTION 5,,,YES,60,4,39,17,0
Murray,SPRING PLACE,DEMOCRATIC QUESTION 5,,,YES,90,4,59,27,0
Murray,TOWN,DEMOCRATIC QUESTION 5,,,YES,174,11,105,58,0
Murray,CARTERS-DOOLITTLE,DEMOCRATIC QUESTION 5,,,YES,57,5,34,18,0
Murray,NORTH,DEMOCRATIC QUESTION 5,,,YES,58,1,46,11,0
Murray,,DEMOCRATIC QUESTION 5,,,NO,626,66,394,166,0
Murray,MCDONALD,DEMOCRATIC QUESTION 5,,,NO,66,6,42,18,0
Murray,SHUCK PEN,DEMOCRATIC QUESTION 5,,,NO,49,6,38,5,0
Murray,SOUTHWEST,DEMOCRATIC QUESTION 5,,,NO,60,6,39,15,0
Murray,SPRING PLACE,DEMOCRATIC QUESTION 5,,,NO,95,10,58,27,0
Murray,TOWN,DEMOCRATIC QUESTION 5,,,NO,173,15,98,60,0
Murray,CARTERS-DOOLITTLE,DEMOCRATIC QUESTION 5,,,NO,107,21,54,32,0
Murray,NORTH,DEMOCRATIC QUESTION 5,,,NO,76,2,65,9,0
Murray,,Supreme Court Justice, Hunstein,I,CAROL W. HUNSTEIN,4091,131,2995,965,0
Murray,MCDONALD,Supreme Court Justice, Hunstein,I,CAROL W. HUNSTEIN,442,11,330,101,0
Murray,SHUCK PEN,Supreme Court Justice, Hunstein,I,CAROL W. HUNSTEIN,461,10,374,77,0
Murray,SOUTHWEST,Supreme Court Justice, Hunstein,I,CAROL W. HUNSTEIN,456,17,366,73,0
Murray,SPRING PLACE,Supreme Court Justice, Hunstein,I,CAROL W. HUNSTEIN,654,18,478,158,0
Murray,TOWN,Supreme Court Justice, Hunstein,I,CAROL W. HUNSTEIN,1284,56,814,414,0
Murray,CARTERS-DOOLITTLE,Supreme Court Justice, Hunstein,I,CAROL W. HUNSTEIN,389,14,291,84,0
Murray,NORTH,Supreme Court Justice, Hunstein,I,CAROL W. HUNSTEIN,405,5,342,58,0
Murray,,Supreme Court Justice, Hunstein,,Write-in,25,3,19,3,0
Murray,MCDONALD,Supreme Court Justice, Hunstein,,Write-in,1,0,1,0,0
Murray,SHUCK PEN,Supreme Court Justice, Hunstein,,Write-in,2,0,2,0,0
Murray,SOUTHWEST,Supreme Court Justice, Hunstein,,Write-in,1,0,1,0,0
Murray,SPRING PLACE,Supreme Court Justice, Hunstein,,Write-in,4,0,4,0,0
Murray,TOWN,Supreme Court Justice, Hunstein,,Write-in,11,3,6,2,0
Murray,CARTERS-DOOLITTLE,Supreme Court Justice, Hunstein,,Write-in,3,0,3,0,0
Murray,NORTH,Supreme Court Justice, Hunstein,,Write-in,3,0,2,1,0
Murray,,Supreme Court Justice, Melton,,HAROLD D. MELTON ,4064,124,2976,964,0
Murray,MCDONALD,Supreme Court Justice, Melton,,HAROLD D. MELTON ,435,11,325,99,0
Murray,SHUCK PEN,Supreme Court Justice, Melton,,HAROLD D. MELTON ,450,8,365,77,0
Murray,SOUTHWEST,Supreme Court Justice, Melton,,HAROLD D. MELTON ,455,16,364,75,0
Murray,SPRING PLACE,Supreme Court Justice, Melton,,HAROLD D. MELTON ,654,17,482,155,0
Murray,TOWN,Supreme Court Justice, Melton,,HAROLD D. MELTON ,1285,54,814,417,0
Murray,CARTERS-DOOLITTLE,Supreme Court Justice, Melton,,HAROLD D. MELTON ,383,14,286,83,0
Murray,NORTH,Supreme Court Justice, Melton,,HAROLD D. MELTON ,402,4,340,58,0
Murray,,Supreme Court Justice, Melton,,Write-in,18,3,11,4,0
Murray,MCDONALD,Supreme Court Justice, Melton,,Write-in,1,0,1,0,0
Murray,SHUCK PEN,Supreme Court Justice, Melton,,Write-in,2,0,1,1,0
Murray,SOUTHWEST,Supreme Court Justice, Melton,,Write-in,1,0,1,0,0
Murray,SPRING PLACE,Supreme Court Justice, Melton,,Write-in,2,0,2,0,0
Murray,TOWN,Supreme Court Justice, Melton,,Write-in,8,3,3,2,0
Murray,CARTERS-DOOLITTLE,Supreme Court Justice, Melton,,Write-in,2,0,2,0,0
Murray,NORTH,Supreme Court Justice, Melton,,Write-in,2,0,1,1,0
Murray,,Supreme Court Justice, Thompson,,HUGH P. THOMPSON ,4054,121,2973,960,0
Murray,MCDONALD,Supreme Court Justice, Thompson,,HUGH P. THOMPSON ,436,11,326,99,0
Murray,SHUCK PEN,Supreme Court Justice, Thompson,,HUGH P. THOMPSON ,451,9,368,74,0
Murray,SOUTHWEST,Supreme Court Justice, Thompson,,HUGH P. THOMPSON ,454,14,365,75,0
Murray,SPRING PLACE,Supreme Court Justice, Thompson,,HUGH P. THOMPSON ,647,17,475,155,0
Murray,TOWN,Supreme Court Justice, Thompson,,HUGH P. THOMPSON ,1281,53,815,413,0
Murray,CARTERS-DOOLITTLE,Supreme Court Justice, Thompson,,HUGH P. THOMPSON ,381,13,284,84,0
Murray,NORTH,Supreme Court Justice, Thompson,,HUGH P. THOMPSON ,404,4,340,60,0
Murray,,Supreme Court Justice, Thompson,,Write-in,16,4,10,2,0
Murray,MCDONALD,Supreme Court Justice, Thompson,,Write-in,1,0,1,0,0
Murray,SHUCK PEN,Supreme Court Justice, Thompson,,Write-in,1,0,1,0,0
Murray,SOUTHWEST,Supreme Court Justice, Thompson,,Write-in,1,0,1,0,0
Murray,SPRING PLACE,Supreme Court Justice, Thompson,,Write-in,2,0,2,0,0
Murray,TOWN,Supreme Court Justice, Thompson,,Write-in,9,4,3,2,0
Murray,CARTERS-DOOLITTLE,Supreme Court Justice, Thompson,,Write-in,1,0,1,0,0
Murray,NORTH,Supreme Court Justice, Thompson,,Write-in,1,0,1,0,0
Murray,,Appeals Court Judge, Boggs,,MICHAEL P. BOGGS ,3979,119,2914,946,0
Murray,MCDONALD,Appeals Court Judge, Boggs,,MICHAEL P. BOGGS ,420,11,315,94,0
Murray,SHUCK PEN,Appeals Court Judge, Boggs,,MICHAEL P. BOGGS ,445,9,362,74,0
Murray,SOUTHWEST,Appeals Court Judge, Boggs,,MICHAEL P. BOGGS ,438,14,352,72,0
Murray,SPRING PLACE,Appeals Court Judge, Boggs,,MICHAEL P. BOGGS ,646,16,470,160,0
Murray,TOWN,Appeals Court Judge, Boggs,,MICHAEL P. BOGGS ,1267,52,810,405,0
Murray,CARTERS-DOOLITTLE,Appeals Court Judge, Boggs,,MICHAEL P. BOGGS ,365,13,270,82,0
Murray,NORTH,Appeals Court Judge, Boggs,,MICHAEL P. BOGGS ,398,4,335,59,0
Murray,,Appeals Court Judge, Boggs,,Write-in,11,3,7,1,0
Murray,MCDONALD,Appeals Court Judge, Boggs,,Write-in,1,0,1,0,0
Murray,SHUCK PEN,Appeals Court Judge, Boggs,,Write-in,1,0,1,0,0
Murray,SOUTHWEST,Appeals Court Judge, Boggs,,Write-in,2,0,2,0,0
Murray,SPRING PLACE,Appeals Court Judge, Boggs,,Write-in,2,0,2,0,0
Murray,TOWN,Appeals Court Judge, Boggs,,Write-in,5,3,1,1,0
Murray,CARTERS-DOOLITTLE,Appeals Court Judge, Boggs,,Write-in,0,0,0,0,0
Murray,NORTH,Appeals Court Judge, Boggs,,Write-in,0,0,0,0,0
Murray,,Appeals Court Judge, Dillard,,STEPHEN DILLARD ,3962,121,2906,935,0
Murray,MCDONALD,Appeals Court Judge, Dillard,,STEPHEN DILLARD ,425,11,318,96,0
Murray,SHUCK PEN,Appeals Court Judge, Dillard,,STEPHEN DILLARD ,442,9,360,73,0
Murray,SOUTHWEST,Appeals Court Judge, Dillard,,STEPHEN DILLARD ,441,16,353,72,0
Murray,SPRING PLACE,Appeals Court Judge, Dillard,,STEPHEN DILLARD ,637,16,468,153,0
Murray,TOWN,Appeals Court Judge, Dillard,,STEPHEN DILLARD ,1248,52,797,399,0
Murray,CARTERS-DOOLITTLE,Appeals Court Judge, Dillard,,STEPHEN DILLARD ,371,13,276,82,0
Murray,NORTH,Appeals Court Judge, Dillard,,STEPHEN DILLARD ,398,4,334,60,0
Murray,,Appeals Court Judge, Dillard,,Write-in,12,3,8,1,0
Murray,MCDONALD,Appeals Court Judge, Dillard,,Write-in,1,0,1,0,0
Murray,SHUCK PEN,Appeals Court Judge, Dillard,,Write-in,2,0,2,0,0
Murray,SOUTHWEST,Appeals Court Judge, Dillard,,Write-in,1,0,1,0,0
Murray,SPRING PLACE,Appeals Court Judge, Dillard,,Write-in,2,0,2,0,0
Murray,TOWN,Appeals Court Judge, Dillard,,Write-in,5,3,1,1,0
Murray,CARTERS-DOOLITTLE,Appeals Court Judge, Dillard,,Write-in,0,0,0,0,0
Murray,NORTH,Appeals Court Judge, Dillard,,Write-in,1,0,1,0,0
Murray,,Appeals Court Judge, Ellington,I,JOHN J. ELLINGTON,3946,122,2901,923,0
Murray,MCDONALD,Appeals Court Judge, Ellington,I,JOHN J. ELLINGTON,430,11,324,95,0
Murray,SHUCK PEN,Appeals Court Judge, Ellington,I,JOHN J. ELLINGTON,441,9,360,72,0
Murray,SOUTHWEST,Appeals Court Judge, Ellington,I,JOHN J. ELLINGTON,441,17,351,73,0
Murray,SPRING PLACE,Appeals Court Judge, Ellington,I,JOHN J. ELLINGTON,634,16,468,150,0
Murray,TOWN,Appeals Court Judge, Ellington,I,JOHN J. ELLINGTON,1241,52,794,395,0
Murray,CARTERS-DOOLITTLE,Appeals Court Judge, Ellington,I,JOHN J. ELLINGTON,364,13,271,80,0
Murray,NORTH,Appeals Court Judge, Ellington,I,JOHN J. ELLINGTON,395,4,333,58,0
Murray,,Appeals Court Judge, Ellington,,Write-in,11,3,7,1,0
Murray,MCDONALD,Appeals Court Judge, Ellington,,Write-in,2,0,2,0,0
Murray,SHUCK PEN,Appeals Court Judge, Ellington,,Write-in,1,0,1,0,0
Murray,SOUTHWEST,Appeals Court Judge, Ellington,,Write-in,1,0,1,0,0
Murray,SPRING PLACE,Appeals Court Judge, Ellington,,Write-in,2,0,2,0,0
Murray,TOWN,Appeals Court Judge, Ellington,,Write-in,5,3,1,1,0
Murray,CARTERS-DOOLITTLE,Appeals Court Judge, Ellington,,Write-in,0,0,0,0,0
Murray,NORTH,Appeals Court Judge, Ellington,,Write-in,0,0,0,0,0
Murray,,Appeals Court Judge, Miller,,M. YVETTE MILLER ,3934,121,2895,918,0
Murray,MCDONALD,Appeals Court Judge, Miller,,M. YVETTE MILLER ,423,11,317,95,0
Murray,SHUCK PEN,Appeals Court Judge, Miller,,M. YVETTE MILLER ,437,10,357,70,0
Murray,SOUTHWEST,Appeals Court Judge, Miller,,M. YVETTE MILLER ,435,15,349,71,0
Murray,SPRING PLACE,Appeals Court Judge, Miller,,M. YVETTE MILLER ,636,16,469,151,0
Murray,TOWN,Appeals Court Judge, Miller,,M. YVETTE MILLER ,1236,52,793,391,0
Murray,CARTERS-DOOLITTLE,Appeals Court Judge, Miller,,M. YVETTE MILLER ,367,13,273,81,0
Murray,NORTH,Appeals Court Judge, Miller,,M. YVETTE MILLER ,400,4,337,59,0
Murray,,Appeals Court Judge, Miller,,Write-in,10,3,6,1,0
Murray,MCDONALD,Appeals Court Judge, Miller,,Write-in,0,0,0,0,0
Murray,SHUCK PEN,Appeals Court Judge, Miller,,Write-in,1,0,1,0,0
Murray,SOUTHWEST,Appeals Court Judge, Miller,,Write-in,2,0,2,0,0
Murray,SPRING PLACE,Appeals Court Judge, Miller,,Write-in,2,0,2,0,0
Murray,TOWN,Appeals Court Judge, Miller,,Write-in,5,3,1,1,0
Murray,CARTERS-DOOLITTLE,Appeals Court Judge, Miller,,Write-in,0,0,0,0,0
Murray,NORTH,Appeals Court Judge, Miller,,Write-in,0,0,0,0,0
Murray,,Appeals Court Judge, Phipps,,HERBERT PHIPPS ,3944,119,2902,923,0
Murray,MCDONALD,Appeals Court Judge, Phipps,,HERBERT PHIPPS ,427,11,322,94,0
Murray,SHUCK PEN,Appeals Court Judge, Phipps,,HERBERT PHIPPS ,442,8,363,71,0
Murray,SOUTHWEST,Appeals Court Judge, Phipps,,HERBERT PHIPPS ,435,16,348,71,0
Murray,SPRING PLACE,Appeals Court Judge, Phipps,,HERBERT PHIPPS ,640,16,470,154,0
Murray,TOWN,Appeals Court Judge, Phipps,,HERBERT PHIPPS ,1239,51,792,396,0
Murray,CARTERS-DOOLITTLE,Appeals Court Judge, Phipps,,HERBERT PHIPPS ,364,13,272,79,0
Murray,NORTH,Appeals Court Judge, Phipps,,HERBERT PHIPPS ,397,4,335,58,0
Murray,,Appeals Court Judge, Phipps,,Write-in,9,3,5,1,0
Murray,MCDONALD,Appeals Court Judge, Phipps,,Write-in,0,0,0,0,0
Murray,SHUCK PEN,Appeals Court Judge, Phipps,,Write-in,1,0,1,0,0
Murray,SOUTHWEST,Appeals Court Judge, Phipps,,Write-in,1,0,1,0,0
Murray,SPRING PLACE,Appeals Court Judge, Phipps,,Write-in,2,0,2,0,0
Murray,TOWN,Appeals Court Judge, Phipps,,Write-in,5,3,1,1,0
Murray,CARTERS-DOOLITTLE,Appeals Court Judge, Phipps,,Write-in,0,0,0,0,0
Murray,NORTH,Appeals Court Judge, Phipps,,Write-in,0,0,0,0,0
Murray,,Superior Court Judge, Conasauga Circuit (Partain),,JACK PARTAIN ,4391,158,3165,1068,0
Murray,MCDONALD,Superior Court Judge, Conasauga Circuit (Partain),,JACK PARTAIN ,463,12,348,103,0
Murray,SHUCK PEN,Superior Court Judge, Conasauga Circuit (Partain),,JACK PARTAIN ,477,11,388,78,0
Murray,SOUTHWEST,Superior Court Judge, Conasauga Circuit (Partain),,JACK PARTAIN ,476,18,377,81,0
Murray,SPRING PLACE,Superior Court Judge, Conasauga Circuit (Partain),,JACK PARTAIN ,709,21,509,179,0
Murray,TOWN,Superior Court Judge, Conasauga Circuit (Partain),,JACK PARTAIN ,1418,70,879,469,0
Murray,CARTERS-DOOLITTLE,Superior Court Judge, Conasauga Circuit (Partain),,JACK PARTAIN ,427,21,312,94,0
Murray,NORTH,Superior Court Judge, Conasauga Circuit (Partain),,JACK PARTAIN ,421,5,352,64,0
Murray,,Superior Court Judge, Conasauga Circuit (Partain),,Write-in,25,2,19,4,0
Murray,MCDONALD,Superior Court Judge, Conasauga Circuit (Partain),,Write-in,1,0,1,0,0
Murray,SHUCK PEN,Superior Court Judge, Conasauga Circuit (Partain),,Write-in,6,0,5,1,0
Murray,SOUTHWEST,Superior Court Judge, Conasauga Circuit (Partain),,Write-in,3,0,3,0,0
Murray,SPRING PLACE,Superior Court Judge, Conasauga Circuit (Partain),,Write-in,4,0,4,0,0
Murray,TOWN,Superior Court Judge, Conasauga Circuit (Partain),,Write-in,8,2,5,1,0
Murray,CARTERS-DOOLITTLE,Superior Court Judge, Conasauga Circuit (Partain),,Write-in,1,0,0,1,0
Murray,NORTH,Superior Court Judge, Conasauga Circuit (Partain),,Write-in,2,0,1,1,0
Murray,,CHIEF MAGISTRATE,,,BRYANT COCHRAN ,3724,209,2539,976,0
Murray,MCDONALD,CHIEF MAGISTRATE,,,BRYANT COCHRAN ,377,12,285,80,0
Murray,SHUCK PEN,CHIEF MAGISTRATE,,,BRYANT COCHRAN ,381,12,290,79,0
Murray,SOUTHWEST,CHIEF MAGISTRATE,,,BRYANT COCHRAN ,398,24,298,76,0
Murray,SPRING PLACE,CHIEF MAGISTRATE,,,BRYANT COCHRAN ,579,15,407,157,0
Murray,TOWN,CHIEF MAGISTRATE,,,BRYANT COCHRAN ,1249,80,743,426,0
Murray,CARTERS-DOOLITTLE,CHIEF MAGISTRATE,,,BRYANT COCHRAN ,436,57,267,112,0
Murray,NORTH,CHIEF MAGISTRATE,,,BRYANT COCHRAN ,304,9,249,46,0
Murray,,CHIEF MAGISTRATE,,,DWAYNE K. HOOPER,2372,74,1713,585,0
Murray,MCDONALD,CHIEF MAGISTRATE,,,DWAYNE K. HOOPER,281,9,205,67,0
Murray,SHUCK PEN,CHIEF MAGISTRATE,,,DWAYNE K. HOOPER,270,2,223,45,0
Murray,SOUTHWEST,CHIEF MAGISTRATE,,,DWAYNE K. HOOPER,232,7,181,44,0
Murray,SPRING PLACE,CHIEF MAGISTRATE,,,DWAYNE K. HOOPER,389,17,271,101,0
Murray,TOWN,CHIEF MAGISTRATE,,,DWAYNE K. HOOPER,713,34,442,237,0
Murray,CARTERS-DOOLITTLE,CHIEF MAGISTRATE,,,DWAYNE K. HOOPER,242,4,184,54,0
Murray,NORTH,CHIEF MAGISTRATE,,,DWAYNE K. HOOPER,245,1,207,37,0
Murray,,CHIEF MAGISTRATE,,,Write-in,4,0,4,0,0
Murray,MCDONALD,CHIEF MAGISTRATE,,,Write-in,1,0,1,0,0
Murray,SHUCK PEN,CHIEF MAGISTRATE,,,Write-in,0,0,0,0,0
Murray,SOUTHWEST,CHIEF MAGISTRATE,,,Write-in,0,0,0,0,0
Murray,SPRING PLACE,CHIEF MAGISTRATE,,,Write-in,0,0,0,0,0
Murray,TOWN,CHIEF MAGISTRATE,,,Write-in,2,0,2,0,0
Murray,CARTERS-DOOLITTLE,CHIEF MAGISTRATE,,,Write-in,0,0,0,0,0
Murray,NORTH,CHIEF MAGISTRATE,,,Write-in,1,0,1,0,0
Murray,,JUDGE MAGISTRATE CT P1,,,CHRIS FOWLER ,4299,143,3108,1048,0
Murray,MCDONALD,JUDGE MAGISTRATE CT P1,,,CHRIS FOWLER ,468,11,358,99,0
Murray,SHUCK PEN,JUDGE MAGISTRATE CT P1,,,CHRIS FOWLER ,487,11,395,81,0
Murray,SOUTHWEST,JUDGE MAGISTRATE CT P1,,,CHRIS FOWLER ,451,17,357,77,0
Murray,SPRING PLACE,JUDGE MAGISTRATE CT P1,,,CHRIS FOWLER ,689,20,498,171,0
Murray,TOWN,JUDGE MAGISTRATE CT P1,,,CHRIS FOWLER ,1372,63,852,457,0
Murray,CARTERS-DOOLITTLE,JUDGE MAGISTRATE CT P1,,,CHRIS FOWLER ,414,16,303,95,0
Murray,NORTH,JUDGE MAGISTRATE CT P1,,,CHRIS FOWLER ,418,5,345,68,0
Murray,,JUDGE MAGISTRATE CT P1,,,Write-in,19,2,11,6,0
Murray,MCDONALD,JUDGE MAGISTRATE CT P1,,,Write-in,2,0,2,0,0
Murray,SHUCK PEN,JUDGE MAGISTRATE CT P1,,,Write-in,1,0,1,0,0
Murray,SOUTHWEST,JUDGE MAGISTRATE CT P1,,,Write-in,1,0,1,0,0
Murray,SPRING PLACE,JUDGE MAGISTRATE CT P1,,,Write-in,4,0,3,1,0
Murray,TOWN,JUDGE MAGISTRATE CT P1,,,Write-in,9,2,3,4,0
Murray,CARTERS-DOOLITTLE,JUDGE MAGISTRATE CT P1,,,Write-in,1,0,1,0,0
Murray,NORTH,JUDGE MAGISTRATE CT P1,,,Write-in,1,0,0,1,0
Murray,,JUDGE MAGISTRATE CT P2,,,JIMMY BEAVERS,681,26,484,171,0
Murray,MCDONALD,JUDGE MAGISTRATE CT P2,,,JIMMY BEAVERS,71,0,54,17,0
Murray,SHUCK PEN,JUDGE MAGISTRATE CT P2,,,JIMMY BEAVERS,85,4,68,13,0
Murray,SOUTHWEST,JUDGE MAGISTRATE CT P2,,,JIMMY BEAVERS,73,4,52,17,0
Murray,SPRING PLACE,JUDGE MAGISTRATE CT P2,,,JIMMY BEAVERS,95,1,66,28,0
Murray,TOWN,JUDGE MAGISTRATE CT P2,,,JIMMY BEAVERS,214,13,123,78,0
Murray,CARTERS-DOOLITTLE,JUDGE MAGISTRATE CT P2,,,JIMMY BEAVERS,55,4,42,9,0
Murray,NORTH,JUDGE MAGISTRATE CT P2,,,JIMMY BEAVERS,88,0,79,9,0
Murray,,JUDGE MAGISTRATE CT P2,,,LEROY GREEN,797,65,515,217,0
Murray,MCDONALD,JUDGE MAGISTRATE CT P2,,,LEROY GREEN,62,1,45,16,0
Murray,SHUCK PEN,JUDGE MAGISTRATE CT P2,,,LEROY GREEN,71,2,56,13,0
Murray,SOUTHWEST,JUDGE MAGISTRATE CT P2,,,LEROY GREEN,113,15,81,17,0
Murray,SPRING PLACE,JUDGE MAGISTRATE CT P2,,,LEROY GREEN,89,3,67,19,0
Murray,TOWN,JUDGE MAGISTRATE CT P2,,,LEROY GREEN,256,16,135,105,0
Murray,CARTERS-DOOLITTLE,JUDGE MAGISTRATE CT P2,,,LEROY GREEN,151,25,88,38,0
Murray,NORTH,JUDGE MAGISTRATE CT P2,,,LEROY GREEN,55,3,43,9,0
Murray,,JUDGE MAGISTRATE CT P2,,,ERIC HOOKER,1338,27,968,343,0
Murray,MCDONALD,JUDGE MAGISTRATE CT P2,,,ERIC HOOKER,172,1,125,46,0
Murray,SHUCK PEN,JUDGE MAGISTRATE CT P2,,,ERIC HOOKER,163,3,128,32,0
Murray,SOUTHWEST,JUDGE MAGISTRATE CT P2,,,ERIC HOOKER,123,2,98,23,0
Murray,SPRING PLACE,JUDGE MAGISTRATE CT P2,,,ERIC HOOKER,229,3,171,55,0
Murray,TOWN,JUDGE MAGISTRATE CT P2,,,ERIC HOOKER,430,14,272,144,0
Murray,CARTERS-DOOLITTLE,JUDGE MAGISTRATE CT P2,,,ERIC HOOKER,84,0,60,24,0
Murray,NORTH,JUDGE MAGISTRATE CT P2,,,ERIC HOOKER,137,4,114,19,0
Murray,,JUDGE MAGISTRATE CT P2,,,KEVIN J. JONES,782,41,529,212,0
Murray,MCDONALD,JUDGE MAGISTRATE CT P2,,,KEVIN J. JONES,75,8,53,14,0
Murray,SHUCK PEN,JUDGE MAGISTRATE CT P2,,,KEVIN J. JONES,66,2,50,14,0
Murray,SOUTHWEST,JUDGE MAGISTRATE CT P2,,,KEVIN J. JONES,69,4,52,13,0
Murray,SPRING PLACE,JUDGE MAGISTRATE CT P2,,,KEVIN J. JONES,174,2,111,61,0
Murray,TOWN,JUDGE MAGISTRATE CT P2,,,KEVIN J. JONES,278,22,172,84,0
Murray,CARTERS-DOOLITTLE,JUDGE MAGISTRATE CT P2,,,KEVIN J. JONES,67,3,47,17,0
Murray,NORTH,JUDGE MAGISTRATE CT P2,,,KEVIN J. JONES,53,0,44,9,0
Murray,,JUDGE MAGISTRATE CT P2,,,MIKE PADGETT,904,68,632,204,0
Murray,MCDONALD,JUDGE MAGISTRATE CT P2,,,MIKE PADGETT,80,9,54,17,0
Murray,SHUCK PEN,JUDGE MAGISTRATE CT P2,,,MIKE PADGETT,98,1,83,14,0
Murray,SOUTHWEST,JUDGE MAGISTRATE CT P2,,,MIKE PADGETT,97,4,69,24,0
Murray,SPRING PLACE,JUDGE MAGISTRATE CT P2,,,MIKE PADGETT,116,9,79,28,0
Murray,TOWN,JUDGE MAGISTRATE CT P2,,,MIKE PADGETT,268,24,164,80,0
Murray,CARTERS-DOOLITTLE,JUDGE MAGISTRATE CT P2,,,MIKE PADGETT,150,20,106,24,0
Murray,NORTH,JUDGE MAGISTRATE CT P2,,,MIKE PADGETT,95,1,77,17,0
Murray,,JUDGE MAGISTRATE CT P2,,,JOHN WATERS,1226,45,884,297,0
Murray,MCDONALD,JUDGE MAGISTRATE CT P2,,,JOHN WATERS,141,2,109,30,0
Murray,SHUCK PEN,JUDGE MAGISTRATE CT P2,,,JOHN WATERS,130,0,103,27,0
Murray,SOUTHWEST,JUDGE MAGISTRATE CT P2,,,JOHN WATERS,130,3,109,18,0
Murray,SPRING PLACE,JUDGE MAGISTRATE CT P2,,,JOHN WATERS,194,11,139,44,0
Murray,TOWN,JUDGE MAGISTRATE CT P2,,,JOHN WATERS,406,23,251,132,0
Murray,CARTERS-DOOLITTLE,JUDGE MAGISTRATE CT P2,,,JOHN WATERS,139,6,101,32,0
Murray,NORTH,JUDGE MAGISTRATE CT P2,,,JOHN WATERS,86,0,72,14,0
Murray,,JUDGE MAGISTRATE CT P2,,,Write-in,11,1,8,2,0
Murray,MCDONALD,JUDGE MAGISTRATE CT P2,,,Write-in,0,0,0,0,0
Murray,SHUCK PEN,JUDGE MAGISTRATE CT P2,,,Write-in,1,0,1,0,0
Murray,SOUTHWEST,JUDGE MAGISTRATE CT P2,,,Write-in,1,0,1,0,0
Murray,SPRING PLACE,JUDGE MAGISTRATE CT P2,,,Write-in,0,0,0,0,0
Murray,TOWN,JUDGE MAGISTRATE CT P2,,,Write-in,8,1,5,2,0
Murray,CARTERS-DOOLITTLE,JUDGE MAGISTRATE CT P2,,,Write-in,1,0,1,0,0
Murray,NORTH,JUDGE MAGISTRATE CT P2,,,Write-in,0,0,0,0,0
Murray,,TSPLOST,,,YES,2747,95,1911,741,0
Murray,MCDONALD,TSPLOST,,,YES,311,6,232,73,0
Murray,SHUCK PEN,TSPLOST,,,YES,305,4,242,59,0
Murray,SOUTHWEST,TSPLOST,,,YES,298,16,231,51,0
Murray,SPRING PLACE,TSPLOST,,,YES,459,13,306,140,0
Murray,TOWN,TSPLOST,,,YES,845,41,515,289,0
Murray,CARTERS-DOOLITTLE,TSPLOST,,,YES,261,15,164,82,0
Murray,NORTH,TSPLOST,,,YES,268,0,221,47,0
Murray,,TSPLOST,,,NO,3354,183,2386,785,0
Murray,MCDONALD,TSPLOST,,,NO,355,15,262,78,0
Murray,SHUCK PEN,TSPLOST,,,NO,359,10,283,66,0
Murray,SOUTHWEST,TSPLOST,,,NO,337,14,262,61,0
Murray,SPRING PLACE,TSPLOST,,,NO,505,19,379,107,0
Murray,TOWN,TSPLOST,,,NO,1090,72,658,360,0
Murray,CARTERS-DOOLITTLE,TSPLOST,,,NO,414,44,297,73,0
Murray,NORTH,TSPLOST,,,NO,294,9,245,40,0
