county,precinct,office,district,party,candidate,votes,absentee_by_mail,election_day,advance_in_person,provisional
Union,,"Public Service Commission, District 3",3,REP,CHUCK EATON (I),1613,37,979,597,0
Union,Blairsville,"Public Service Commission, District 3",3,REP,CHUCK EATON (I),175,12,96,67,0
Union,Coosa,"Public Service Commission, District 3",3,REP,CHUCK EATON (I),190,8,94,88,0
Union,Choestoe,"Public Service Commission, District 3",3,REP,CHUCK EATON (I),157,2,117,38,0
Union,Jones Creek,"Public Service Commission, District 3",3,REP,CHUCK EATON (I),165,3,114,48,0
Union,Owltown,"Public Service Commission, District 3",3,REP,CHUCK EATON (I),123,3,69,51,0
Union,Ivy Log,"Public Service Commission, District 3",3,REP,CHUCK EATON (I),180,0,113,67,0
Union,Suches,"Public Service Commission, District 3",3,REP,CHUCK EATON (I),49,0,47,2,0
Union,Trackrock,"Public Service Commission, District 3",3,REP,CHUCK EATON (I),101,1,64,36,0
Union,Dooley,"Public Service Commission, District 3",3,REP,CHUCK EATON (I),145,7,99,39,0
Union,Gumlog,"Public Service Commission, District 3",3,REP,CHUCK EATON (I),135,0,53,82,0
Union,Pat Colwell,"Public Service Commission, District 3",3,REP,CHUCK EATON (I),193,1,113,79,0
Union,,"Public Service Commission, District 3",3,REP,MATT REID,1242,26,754,461,1
Union,Blairsville,"Public Service Commission, District 3",3,REP,MATT REID,117,8,59,50,0
Union,Coosa,"Public Service Commission, District 3",3,REP,MATT REID,172,1,99,72,0
Union,Choestoe,"Public Service Commission, District 3",3,REP,MATT REID,108,3,70,34,1
Union,Jones Creek,"Public Service Commission, District 3",3,REP,MATT REID,125,2,83,40,0
Union,Owltown,"Public Service Commission, District 3",3,REP,MATT REID,106,1,63,42,0
Union,Ivy Log,"Public Service Commission, District 3",3,REP,MATT REID,133,1,77,55,0
Union,Suches,"Public Service Commission, District 3",3,REP,MATT REID,60,2,45,13,0
Union,Trackrock,"Public Service Commission, District 3",3,REP,MATT REID,84,3,53,28,0
Union,Dooley,"Public Service Commission, District 3",3,REP,MATT REID,91,2,70,19,0
Union,Gumlog,"Public Service Commission, District 3",3,REP,MATT REID,105,0,46,59,0
Union,Pat Colwell,"Public Service Commission, District 3",3,REP,MATT REID,141,3,89,49,0
Union,,"Public Service Commission, District 3",3,DEM,STEPHEN OPPENHEIMER,1032,29,578,424,1
Union,Blairsville,"Public Service Commission, District 3",3,DEM,STEPHEN OPPENHEIMER,167,9,94,64,0
Union,Coosa,"Public Service Commission, District 3",3,DEM,STEPHEN OPPENHEIMER,134,2,60,72,0
Union,Choestoe,"Public Service Commission, District 3",3,DEM,STEPHEN OPPENHEIMER,62,3,37,21,1
Union,Jones Creek,"Public Service Commission, District 3",3,DEM,STEPHEN OPPENHEIMER,108,0,67,41,0
Union,Owltown,"Public Service Commission, District 3",3,DEM,STEPHEN OPPENHEIMER,104,5,62,37,0
Union,Ivy Log,"Public Service Commission, District 3",3,DEM,STEPHEN OPPENHEIMER,102,1,57,44,0
Union,Suches,"Public Service Commission, District 3",3,DEM,STEPHEN OPPENHEIMER,40,3,31,6,0
Union,Trackrock,"Public Service Commission, District 3",3,DEM,STEPHEN OPPENHEIMER,65,0,34,31,0
Union,Dooley,"Public Service Commission, District 3",3,DEM,STEPHEN OPPENHEIMER,64,0,42,22,0
Union,Gumlog,"Public Service Commission, District 3",3,DEM,STEPHEN OPPENHEIMER,90,1,47,42,0
Union,Pat Colwell,"Public Service Commission, District 3",3,DEM,STEPHEN OPPENHEIMER,96,5,47,44,0
Union,,"Public Service Commission, District 5",5,REP,PAM DAVIDSON,1331,28,798,504,1
Union,Blairsville,"Public Service Commission, District 5",5,REP,PAM DAVIDSON,136,8,72,56,0
Union,Coosa,"Public Service Commission, District 5",5,REP,PAM DAVIDSON,166,2,95,69,0
Union,Choestoe,"Public Service Commission, District 5",5,REP,PAM DAVIDSON,111,2,66,42,1
Union,Jones Creek,"Public Service Commission, District 5",5,REP,PAM DAVIDSON,136,1,90,45,0
Union,Owltown,"Public Service Commission, District 5",5,REP,PAM DAVIDSON,110,1,64,45,0
Union,Ivy Log,"Public Service Commission, District 5",5,REP,PAM DAVIDSON,147,1,83,63,0
Union,Suches,"Public Service Commission, District 5",5,REP,PAM DAVIDSON,58,2,49,7,0
Union,Trackrock,"Public Service Commission, District 5",5,REP,PAM DAVIDSON,89,4,57,28,0
Union,Dooley,"Public Service Commission, District 5",5,REP,PAM DAVIDSON,115,3,87,25,0
Union,Gumlog,"Public Service Commission, District 5",5,REP,PAM DAVIDSON,102,0,39,63,0
Union,Pat Colwell,"Public Service Commission, District 5",5,REP,PAM DAVIDSON,161,4,96,61,0
Union,,"Public Service Commission, District 5",5,REP,STAN WISE (I),1469,36,899,534,0
Union,Blairsville,"Public Service Commission, District 5",5,REP,STAN WISE (I),155,12,84,59,0
Union,Coosa,"Public Service Commission, District 5",5,REP,STAN WISE (I),192,8,96,88,0
Union,Choestoe,"Public Service Commission, District 5",5,REP,STAN WISE (I),151,3,117,31,0
Union,Jones Creek,"Public Service Commission, District 5",5,REP,STAN WISE (I),149,4,100,45,0
Union,Owltown,"Public Service Commission, District 5",5,REP,STAN WISE (I),116,3,68,45,0
Union,Ivy Log,"Public Service Commission, District 5",5,REP,STAN WISE (I),156,0,102,54,0
Union,Suches,"Public Service Commission, District 5",5,REP,STAN WISE (I),48,0,41,7,0
Union,Trackrock,"Public Service Commission, District 5",5,REP,STAN WISE (I),90,0,56,34,0
Union,Dooley,"Public Service Commission, District 5",5,REP,STAN WISE (I),119,6,82,31,0
Union,Gumlog,"Public Service Commission, District 5",5,REP,STAN WISE (I),128,0,54,74,0
Union,Pat Colwell,"Public Service Commission, District 5",5,REP,STAN WISE (I),165,0,99,66,0
Union,,"U.S. Representative, District 9",9,REP,DOUG COLLINS,1489,36,909,544,0
Union,Blairsville,"U.S. Representative, District 9",9,REP,DOUG COLLINS,162,8,97,57,0
Union,Coosa,"U.S. Representative, District 9",9,REP,DOUG COLLINS,205,9,110,86,0
Union,Choestoe,"U.S. Representative, District 9",9,REP,DOUG COLLINS,113,4,74,35,0
Union,Jones Creek,"U.S. Representative, District 9",9,REP,DOUG COLLINS,153,2,112,39,0
Union,Owltown,"U.S. Representative, District 9",9,REP,DOUG COLLINS,130,3,72,55,0
Union,Ivy Log,"U.S. Representative, District 9",9,REP,DOUG COLLINS,172,0,99,73,0
Union,Suches,"U.S. Representative, District 9",9,REP,DOUG COLLINS,52,2,42,8,0
Union,Trackrock,"U.S. Representative, District 9",9,REP,DOUG COLLINS,86,1,56,29,0
Union,Dooley,"U.S. Representative, District 9",9,REP,DOUG COLLINS,119,3,90,26,0
Union,Gumlog,"U.S. Representative, District 9",9,REP,DOUG COLLINS,132,0,60,72,0
Union,Pat Colwell,"U.S. Representative, District 9",9,REP,DOUG COLLINS,165,4,97,64,0
Union,,"U.S. Representative, District 9",9,REP,ROGER D. FITZPATRICK,301,5,183,113,0
Union,Blairsville,"U.S. Representative, District 9",9,REP,ROGER D. FITZPATRICK,30,3,16,11,0
Union,Coosa,"U.S. Representative, District 9",9,REP,ROGER D. FITZPATRICK,37,2,20,15,0
Union,Choestoe,"U.S. Representative, District 9",9,REP,ROGER D. FITZPATRICK,20,0,14,6,0
Union,Jones Creek,"U.S. Representative, District 9",9,REP,ROGER D. FITZPATRICK,28,0,16,12,0
Union,Owltown,"U.S. Representative, District 9",9,REP,ROGER D. FITZPATRICK,22,0,16,6,0
Union,Ivy Log,"U.S. Representative, District 9",9,REP,ROGER D. FITZPATRICK,36,0,23,13,0
Union,Suches,"U.S. Representative, District 9",9,REP,ROGER D. FITZPATRICK,11,0,11,0,0
Union,Trackrock,"U.S. Representative, District 9",9,REP,ROGER D. FITZPATRICK,23,0,14,9,0
Union,Dooley,"U.S. Representative, District 9",9,REP,ROGER D. FITZPATRICK,31,0,25,6,0
Union,Gumlog,"U.S. Representative, District 9",9,REP,ROGER D. FITZPATRICK,26,0,6,20,0
Union,Pat Colwell,"U.S. Representative, District 9",9,REP,ROGER D. FITZPATRICK,37,0,22,15,0
Union,,"U.S. Representative, District 9",9,REP,MARTHA ZOLLER,1232,28,757,446,1
Union,Blairsville,"U.S. Representative, District 9",9,REP,MARTHA ZOLLER,125,11,63,51,0
Union,Coosa,"U.S. Representative, District 9",9,REP,MARTHA ZOLLER,150,0,77,73,0
Union,Choestoe,"U.S. Representative, District 9",9,REP,MARTHA ZOLLER,138,2,107,28,1
Union,Jones Creek,"U.S. Representative, District 9",9,REP,MARTHA ZOLLER,129,3,83,43,0
Union,Owltown,"U.S. Representative, District 9",9,REP,MARTHA ZOLLER,90,1,53,36,0
Union,Ivy Log,"U.S. Representative, District 9",9,REP,MARTHA ZOLLER,126,1,83,42,0
Union,Suches,"U.S. Representative, District 9",9,REP,MARTHA ZOLLER,56,0,50,6,0
Union,Trackrock,"U.S. Representative, District 9",9,REP,MARTHA ZOLLER,87,3,53,31,0
Union,Dooley,"U.S. Representative, District 9",9,REP,MARTHA ZOLLER,94,6,60,28,0
Union,Gumlog,"U.S. Representative, District 9",9,REP,MARTHA ZOLLER,89,0,39,50,0
Union,Pat Colwell,"U.S. Representative, District 9",9,REP,MARTHA ZOLLER,148,1,89,58,0
Union,,"U.S. Representative, District 9",9,DEM,JODY COOLEY,1015,28,574,413,0
Union,Blairsville,"U.S. Representative, District 9",9,DEM,JODY COOLEY,169,9,98,62,0
Union,Coosa,"U.S. Representative, District 9",9,DEM,JODY COOLEY,128,2,57,69,0
Union,Choestoe,"U.S. Representative, District 9",9,DEM,JODY COOLEY,60,3,35,22,0
Union,Jones Creek,"U.S. Representative, District 9",9,DEM,JODY COOLEY,110,0,68,42,0
Union,Owltown,"U.S. Representative, District 9",9,DEM,JODY COOLEY,108,5,67,36,0
Union,Ivy Log,"U.S. Representative, District 9",9,DEM,JODY COOLEY,100,1,57,42,0
Union,Suches,"U.S. Representative, District 9",9,DEM,JODY COOLEY,35,2,28,5,0
Union,Trackrock,"U.S. Representative, District 9",9,DEM,JODY COOLEY,62,0,32,30,0
Union,Dooley,"U.S. Representative, District 9",9,DEM,JODY COOLEY,59,0,37,22,0
Union,Gumlog,"U.S. Representative, District 9",9,DEM,JODY COOLEY,89,1,49,39,0
Union,Pat Colwell,"U.S. Representative, District 9",9,DEM,JODY COOLEY,95,5,46,44,0
Union,,"State Senator, District 51",51,REP,STEVE GOOCH (I),2600,62,1587,951,0
Union,Blairsville,"State Senator, District 51",51,REP,STEVE GOOCH (I),274,21,150,103,0
Union,Coosa,"State Senator, District 51",51,REP,STEVE GOOCH (I),341,11,182,148,0
Union,Choestoe,"State Senator, District 51",51,REP,STEVE GOOCH (I),222,3,156,63,0
Union,Jones Creek,"State Senator, District 51",51,REP,STEVE GOOCH (I),256,4,178,74,0
Union,Owltown,"State Senator, District 51",51,REP,STEVE GOOCH (I),203,4,116,83,0
Union,Ivy Log,"State Senator, District 51",51,REP,STEVE GOOCH (I),295,1,175,119,0
Union,Suches,"State Senator, District 51",51,REP,STEVE GOOCH (I),109,1,93,15,0
Union,Trackrock,"State Senator, District 51",51,REP,STEVE GOOCH (I),166,4,109,53,0
Union,Dooley,"State Senator, District 51",51,REP,STEVE GOOCH (I),218,8,156,54,0
Union,Gumlog,"State Senator, District 51",51,REP,STEVE GOOCH (I),216,0,88,128,0
Union,Pat Colwell,"State Senator, District 51",51,REP,STEVE GOOCH (I),300,5,184,111,0
Union,,"State Representative, District 8",8,REP,STEPHEN ALLISON (I),2447,61,1503,883,0
Union,Blairsville,"State Representative, District 8",8,REP,STEPHEN ALLISON (I),275,22,151,102,0
Union,Coosa,"State Representative, District 8",8,REP,STEPHEN ALLISON (I),316,11,173,132,0
Union,Choestoe,"State Representative, District 8",8,REP,STEPHEN ALLISON (I),216,3,158,55,0
Union,Jones Creek,"State Representative, District 8",8,REP,STEPHEN ALLISON (I),234,4,164,66,0
Union,Owltown,"State Representative, District 8",8,REP,STEPHEN ALLISON (I),199,3,113,83,0
Union,Ivy Log,"State Representative, District 8",8,REP,STEPHEN ALLISON (I),279,1,167,111,0
Union,Suches,"State Representative, District 8",8,REP,STEPHEN ALLISON (I),86,1,72,13,0
Union,Trackrock,"State Representative, District 8",8,REP,STEPHEN ALLISON (I),154,4,100,50,0
Union,Dooley,"State Representative, District 8",8,REP,STEPHEN ALLISON (I),211,7,153,51,0
Union,Gumlog,"State Representative, District 8",8,REP,STEPHEN ALLISON (I),199,0,85,114,0
Union,Pat Colwell,"State Representative, District 8",8,REP,STEPHEN ALLISON (I),278,5,167,106,0
Union,,"State Representative, District 8",8,DEM,JANA HILL,1022,27,573,421,1
Union,Blairsville,"State Representative, District 8",8,DEM,JANA HILL,163,9,95,59,0
Union,Coosa,"State Representative, District 8",8,DEM,JANA HILL,134,2,59,73,0
Union,Choestoe,"State Representative, District 8",8,DEM,JANA HILL,61,3,37,20,1
Union,Jones Creek,"State Representative, District 8",8,DEM,JANA HILL,113,0,70,43,0
Union,Owltown,"State Representative, District 8",8,DEM,JANA HILL,107,5,64,38,0
Union,Ivy Log,"State Representative, District 8",8,DEM,JANA HILL,100,1,56,43,0
Union,Suches,"State Representative, District 8",8,DEM,JANA HILL,36,2,29,5,0
Union,Trackrock,"State Representative, District 8",8,DEM,JANA HILL,59,0,28,31,0
Union,Dooley,"State Representative, District 8",8,DEM,JANA HILL,60,0,38,22,0
Union,Gumlog,"State Representative, District 8",8,DEM,JANA HILL,89,1,46,42,0
Union,Pat Colwell,"State Representative, District 8",8,DEM,JANA HILL,100,4,51,45,0
Union,,Superior Court Clerk,,,JUDY L. ODOM ,1436,35,856,544,1
Union,Blairsville,Superior Court Clerk,,,JUDY L. ODOM ,247,12,155,80,0
Union,Coosa,Superior Court Clerk,,,JUDY L. ODOM ,202,2,103,97,0
Union,Choestoe,Superior Court Clerk,,,JUDY L. ODOM ,75,3,48,23,1
Union,Jones Creek,Superior Court Clerk,,,JUDY L. ODOM ,164,0,105,59,0
Union,Owltown,Superior Court Clerk,,,JUDY L. ODOM ,146,7,87,52,0
Union,Ivy Log,Superior Court Clerk,,,JUDY L. ODOM ,125,2,71,52,0
Union,Suches,Superior Court Clerk,,,JUDY L. ODOM ,56,3,45,8,0
Union,Trackrock,Superior Court Clerk,,,JUDY L. ODOM ,86,0,49,37,0
Union,Dooley,Superior Court Clerk,,,JUDY L. ODOM ,67,0,44,23,0
Union,Gumlog,Superior Court Clerk,,,JUDY L. ODOM ,133,1,74,58,0
Union,Pat Colwell,Superior Court Clerk,,,JUDY L. ODOM ,135,5,75,55,0
Union,,Sheriff,,,MACK MASON,2348,57,1441,850,0
Union,Blairsville,Sheriff,,,MACK MASON,256,19,141,96,0
Union,Coosa,Sheriff,,,MACK MASON,333,9,173,151,0
Union,Choestoe,Sheriff,,,MACK MASON,195,2,140,53,0
Union,Jones Creek,Sheriff,,,MACK MASON,233,5,164,64,0
Union,Owltown,Sheriff,,,MACK MASON,185,4,106,75,0
Union,Ivy Log,Sheriff,,,MACK MASON,264,1,165,98,0
Union,Suches,Sheriff,,,MACK MASON,94,1,80,13,0
Union,Trackrock,Sheriff,,,MACK MASON,134,4,82,48,0
Union,Dooley,Sheriff,,,MACK MASON,181,8,133,40,0
Union,Gumlog,Sheriff,,,MACK MASON,191,0,86,105,0
Union,Pat Colwell,Sheriff,,,MACK MASON,282,4,171,107,0
Union,,Sheriff,,I,SCOTT D. STEPHENS,1260,31,733,495,1
Union,Blairsville,Sheriff,,I,SCOTT D. STEPHENS,208,9,126,73,0
Union,Coosa,Sheriff,,I,SCOTT D. STEPHENS,162,2,73,87,0
Union,Choestoe,Sheriff,,I,SCOTT D. STEPHENS,72,3,46,22,1
Union,Jones Creek,Sheriff,,I,SCOTT D. STEPHENS,139,0,91,48,0
Union,Owltown,Sheriff,,I,SCOTT D. STEPHENS,139,7,83,49,0
Union,Ivy Log,Sheriff,,I,SCOTT D. STEPHENS,111,1,61,49,0
Union,Suches,Sheriff,,I,SCOTT D. STEPHENS,58,3,47,8,0
Union,Trackrock,Sheriff,,I,SCOTT D. STEPHENS,78,0,44,34,0
Union,Dooley,Sheriff,,I,SCOTT D. STEPHENS,60,0,39,21,0
Union,Gumlog,Sheriff,,I,SCOTT D. STEPHENS,122,2,63,57,0
Union,Pat Colwell,Sheriff,,I,SCOTT D. STEPHENS,111,4,60,47,0
Union,,Tax Commissioner,,,LEE KNIGHT,2414,58,1482,874,0
Union,Blairsville,Tax Commissioner,,,LEE KNIGHT,255,21,139,95,0
Union,Coosa,Tax Commissioner,,,LEE KNIGHT,317,8,165,144,0
Union,Choestoe,Tax Commissioner,,,LEE KNIGHT,228,3,167,58,0
Union,Jones Creek,Tax Commissioner,,,LEE KNIGHT,233,5,164,64,0
Union,Owltown,Tax Commissioner,,,LEE KNIGHT,199,3,118,78,0
Union,Ivy Log,Tax Commissioner,,,LEE KNIGHT,273,1,170,102,0
Union,Suches,Tax Commissioner,,,LEE KNIGHT,93,0,81,12,0
Union,Trackrock,Tax Commissioner,,,LEE KNIGHT,156,4,103,49,0
Union,Dooley,Tax Commissioner,,,LEE KNIGHT,187,8,132,47,0
Union,Gumlog,Tax Commissioner,,,LEE KNIGHT,194,0,79,115,0
Union,Pat Colwell,Tax Commissioner,,,LEE KNIGHT,279,5,164,110,0
Union,,Tax Commissioner,,,LARRY TRUELOVE,1261,28,724,508,1
Union,Blairsville,Tax Commissioner,,,LARRY TRUELOVE,216,9,133,74,0
Union,Coosa,Tax Commissioner,,,LARRY TRUELOVE,177,2,81,94,0
Union,Choestoe,Tax Commissioner,,,LARRY TRUELOVE,67,3,40,23,1
Union,Jones Creek,Tax Commissioner,,,LARRY TRUELOVE,144,0,92,52,0
Union,Owltown,Tax Commissioner,,,LARRY TRUELOVE,134,7,74,53,0
Union,Ivy Log,Tax Commissioner,,,LARRY TRUELOVE,111,2,60,49,0
Union,Suches,Tax Commissioner,,,LARRY TRUELOVE,45,2,38,5,0
Union,Trackrock,Tax Commissioner,,,LARRY TRUELOVE,68,0,37,31,0
Union,Dooley,Tax Commissioner,,,LARRY TRUELOVE,61,0,37,24,0
Union,Gumlog,Tax Commissioner,,,LARRY TRUELOVE,126,2,70,54,0
Union,Pat Colwell,Tax Commissioner,,,LARRY TRUELOVE,112,1,62,49,0
Union,,Coroner,,,BENNY ERWIN ,2386,60,1477,849,0
Union,Blairsville,Coroner,,,BENNY ERWIN ,261,21,140,100,0
Union,Coosa,Coroner,,,BENNY ERWIN ,307,12,164,131,0
Union,Choestoe,Coroner,,,BENNY ERWIN ,212,2,155,55,0
Union,Jones Creek,Coroner,,,BENNY ERWIN ,240,4,175,61,0
Union,Owltown,Coroner,,,BENNY ERWIN ,193,3,116,74,0
Union,Ivy Log,Coroner,,,BENNY ERWIN ,271,1,163,107,0
Union,Suches,Coroner,,,BENNY ERWIN ,78,1,65,12,0
Union,Trackrock,Coroner,,,BENNY ERWIN ,151,4,101,46,0
Union,Dooley,Coroner,,,BENNY ERWIN ,194,8,141,45,0
Union,Gumlog,Coroner,,,BENNY ERWIN ,204,0,90,114,0
Union,Pat Colwell,Coroner,,,BENNY ERWIN ,275,4,167,104,0
Union,,Coroner,,,BENNY BROOKSHIRE,1145,30,663,451,1
Union,Blairsville,Coroner,,,BENNY BROOKSHIRE,194,9,117,68,0
Union,Coosa,Coroner,,,BENNY BROOKSHIRE,152,2,72,78,0
Union,Choestoe,Coroner,,,BENNY BROOKSHIRE,61,3,37,20,1
Union,Jones Creek,Coroner,,,BENNY BROOKSHIRE,127,0,84,43,0
Union,Owltown,Coroner,,,BENNY BROOKSHIRE,118,5,71,42,0
Union,Ivy Log,Coroner,,,BENNY BROOKSHIRE,97,2,52,43,0
Union,Suches,Coroner,,,BENNY BROOKSHIRE,64,3,53,8,0
Union,Trackrock,Coroner,,,BENNY BROOKSHIRE,61,0,32,29,0
Union,Dooley,Coroner,,,BENNY BROOKSHIRE,60,0,38,22,0
Union,Gumlog,Coroner,,,BENNY BROOKSHIRE,105,1,55,49,0
Union,Pat Colwell,Coroner,,,BENNY BROOKSHIRE,106,5,52,49,0
Union,,Sole Commissioner-R,,,CHARLES F. RICH,1973,49,1220,704,0
Union,Blairsville,Sole Commissioner-R,,,CHARLES F. RICH,213,18,114,81,0
Union,Coosa,Sole Commissioner-R,,,CHARLES F. RICH,260,5,142,113,0
Union,Choestoe,Sole Commissioner-R,,,CHARLES F. RICH,178,2,126,50,0
Union,Jones Creek,Sole Commissioner-R,,,CHARLES F. RICH,203,5,135,63,0
Union,Owltown,Sole Commissioner-R,,,CHARLES F. RICH,151,4,93,54,0
Union,Ivy Log,Sole Commissioner-R,,,CHARLES F. RICH,227,1,143,83,0
Union,Suches,Sole Commissioner-R,,,CHARLES F. RICH,74,1,64,9,0
Union,Trackrock,Sole Commissioner-R,,,CHARLES F. RICH,125,4,80,41,0
Union,Dooley,Sole Commissioner-R,,,CHARLES F. RICH,162,6,122,34,0
Union,Gumlog,Sole Commissioner-R,,,CHARLES F. RICH,151,0,64,87,0
Union,Pat Colwell,Sole Commissioner-R,,,CHARLES F. RICH,229,3,137,89,0
Union,,Sole Commissioner-D,,,LAMAR F. PARIS ,1309,31,754,523,1
Union,Blairsville,Sole Commissioner-D,,,LAMAR F. PARIS ,224,10,136,78,0
Union,Coosa,Sole Commissioner-D,,,LAMAR F. PARIS ,172,2,79,91,0
Union,Choestoe,Sole Commissioner-D,,,LAMAR F. PARIS ,76,3,48,24,1
Union,Jones Creek,Sole Commissioner-D,,,LAMAR F. PARIS ,149,0,95,54,0
Union,Owltown,Sole Commissioner-D,,,LAMAR F. PARIS ,130,7,73,50,0
Union,Ivy Log,Sole Commissioner-D,,,LAMAR F. PARIS ,115,2,62,51,0
Union,Suches,Sole Commissioner-D,,,LAMAR F. PARIS ,59,4,48,7,0
Union,Trackrock,Sole Commissioner-D,,,LAMAR F. PARIS ,78,0,42,36,0
Union,Dooley,Sole Commissioner-D,,,LAMAR F. PARIS ,61,0,41,20,0
Union,Gumlog,Sole Commissioner-D,,,LAMAR F. PARIS ,119,0,62,57,0
Union,Pat Colwell,Sole Commissioner-D,,,LAMAR F. PARIS ,126,3,68,55,0
Union,,BOE D1,,,PATRICIA BERTUNA,2066,47,1291,728,0
Union,Blairsville,BOE D1,,,PATRICIA BERTUNA,214,19,118,77,0
Union,Coosa,BOE D1,,,PATRICIA BERTUNA,272,6,143,123,0
Union,Choestoe,BOE D1,,,PATRICIA BERTUNA,189,1,138,50,0
Union,Jones Creek,BOE D1,,,PATRICIA BERTUNA,215,3,150,62,0
Union,Owltown,BOE D1,,,PATRICIA BERTUNA,156,4,96,56,0
Union,Ivy Log,BOE D1,,,PATRICIA BERTUNA,235,1,148,86,0
Union,Suches,BOE D1,,,PATRICIA BERTUNA,73,1,64,8,0
Union,Trackrock,BOE D1,,,PATRICIA BERTUNA,127,4,77,46,0
Union,Dooley,BOE D1,,,PATRICIA BERTUNA,174,5,131,38,0
Union,Gumlog,BOE D1,,,PATRICIA BERTUNA,164,0,70,94,0
Union,Pat Colwell,BOE D1,,,PATRICIA BERTUNA,247,3,156,88,0
Union,,BOE D1,,,GARY DAVENPORT ,1257,32,737,487,1
Union,Blairsville,BOE D1,,,GARY DAVENPORT ,211,10,129,72,0
Union,Coosa,BOE D1,,,GARY DAVENPORT ,175,2,91,82,0
Union,Choestoe,BOE D1,,,GARY DAVENPORT ,69,3,43,22,1
Union,Jones Creek,BOE D1,,,GARY DAVENPORT ,146,0,89,57,0
Union,Owltown,BOE D1,,,GARY DAVENPORT ,127,7,77,43,0
Union,Ivy Log,BOE D1,,,GARY DAVENPORT ,114,2,63,49,0
Union,Suches,BOE D1,,,GARY DAVENPORT ,44,2,36,6,0
Union,Trackrock,BOE D1,,,GARY DAVENPORT ,77,0,43,34,0
Union,Dooley,BOE D1,,,GARY DAVENPORT ,66,0,44,22,0
Union,Gumlog,BOE D1,,,GARY DAVENPORT ,121,1,66,54,0
Union,Pat Colwell,BOE D1,,,GARY DAVENPORT ,107,5,56,46,0
Union,,BOE D3,,,CYNTHIA BYERS,2192,48,1363,781,0
Union,Blairsville,BOE D3,,,CYNTHIA BYERS,231,18,126,87,0
Union,Coosa,BOE D3,,,CYNTHIA BYERS,284,6,152,126,0
Union,Choestoe,BOE D3,,,CYNTHIA BYERS,200,1,146,53,0
Union,Jones Creek,BOE D3,,,CYNTHIA BYERS,226,4,153,69,0
Union,Owltown,BOE D3,,,CYNTHIA BYERS,174,4,109,61,0
Union,Ivy Log,BOE D3,,,CYNTHIA BYERS,253,1,158,94,0
Union,Suches,BOE D3,,,CYNTHIA BYERS,75,1,64,10,0
Union,Trackrock,BOE D3,,,CYNTHIA BYERS,138,4,86,48,0
Union,Dooley,BOE D3,,,CYNTHIA BYERS,180,5,135,40,0
Union,Gumlog,BOE D3,,,CYNTHIA BYERS,180,0,78,102,0
Union,Pat Colwell,BOE D3,,,CYNTHIA BYERS,251,4,156,91,0
Union,,BOE D3,,,CARLTON COLLINS ,1187,33,695,458,1
Union,Blairsville,BOE D3,,,CARLTON COLLINS ,204,10,123,71,0
Union,Coosa,BOE D3,,,CARLTON COLLINS ,164,2,82,80,0
Union,Choestoe,BOE D3,,,CARLTON COLLINS ,67,3,43,20,1
Union,Jones Creek,BOE D3,,,CARLTON COLLINS ,134,0,87,47,0
Union,Owltown,BOE D3,,,CARLTON COLLINS ,123,7,76,40,0
Union,Ivy Log,BOE D3,,,CARLTON COLLINS ,102,2,55,45,0
Union,Suches,BOE D3,,,CARLTON COLLINS ,43,2,35,6,0
Union,Trackrock,BOE D3,,,CARLTON COLLINS ,74,0,40,34,0
Union,Dooley,BOE D3,,,CARLTON COLLINS ,62,0,41,21,0
Union,Gumlog,BOE D3,,,CARLTON COLLINS ,107,2,57,48,0
Union,Pat Colwell,BOE D3,,,CARLTON COLLINS ,107,5,56,46,0
Union,,Republican Party Question 1<br>Should Georgia have casino gambling with funds going to education?,,REP,YES,1269,20,783,466,0
Union,Blairsville,Republican Party Question 1<br>Should Georgia have casino gambling with funds going to education?,,REP,YES,134,8,77,49,0
Union,Coosa,Republican Party Question 1<br>Should Georgia have casino gambling with funds going to education?,,REP,YES,162,5,85,72,0
Union,Choestoe,Republican Party Question 1<br>Should Georgia have casino gambling with funds going to education?,,REP,YES,97,1,68,28,0
Union,Jones Creek,Republican Party Question 1<br>Should Georgia have casino gambling with funds going to education?,,REP,YES,133,0,88,45,0
Union,Owltown,Republican Party Question 1<br>Should Georgia have casino gambling with funds going to education?,,REP,YES,111,1,62,48,0
Union,Ivy Log,Republican Party Question 1<br>Should Georgia have casino gambling with funds going to education?,,REP,YES,140,0,87,53,0
Union,Suches,Republican Party Question 1<br>Should Georgia have casino gambling with funds going to education?,,REP,YES,60,0,54,6,0
Union,Trackrock,Republican Party Question 1<br>Should Georgia have casino gambling with funds going to education?,,REP,YES,66,0,43,23,0
Union,Dooley,Republican Party Question 1<br>Should Georgia have casino gambling with funds going to education?,,REP,YES,115,4,82,29,0
Union,Gumlog,Republican Party Question 1<br>Should Georgia have casino gambling with funds going to education?,,REP,YES,101,0,49,52,0
Union,Pat Colwell,Republican Party Question 1<br>Should Georgia have casino gambling with funds going to education?,,REP,YES,150,1,88,61,0
Union,,Republican Party Question 1<br>Should Georgia have casino gambling with funds going to education?,,REP,NO,1938,57,1170,710,1
Union,Blairsville,Republican Party Question 1<br>Should Georgia have casino gambling with funds going to education?,,REP,NO,214,19,109,86,0
Union,Coosa,Republican Party Question 1<br>Should Georgia have casino gambling with funds going to education?,,REP,NO,252,8,134,110,0
Union,Choestoe,Republican Party Question 1<br>Should Georgia have casino gambling with funds going to education?,,REP,NO,189,5,135,48,1
Union,Jones Creek,Republican Party Question 1<br>Should Georgia have casino gambling with funds going to education?,,REP,NO,192,5,135,52,0
Union,Owltown,Republican Party Question 1<br>Should Georgia have casino gambling with funds going to education?,,REP,NO,148,3,85,60,0
Union,Ivy Log,Republican Party Question 1<br>Should Georgia have casino gambling with funds going to education?,,REP,NO,216,2,133,81,0
Union,Suches,Republican Party Question 1<br>Should Georgia have casino gambling with funds going to education?,,REP,NO,69,2,57,10,0
Union,Trackrock,Republican Party Question 1<br>Should Georgia have casino gambling with funds going to education?,,REP,NO,138,4,87,47,0
Union,Dooley,Republican Party Question 1<br>Should Georgia have casino gambling with funds going to education?,,REP,NO,139,5,97,37,0
Union,Gumlog,Republican Party Question 1<br>Should Georgia have casino gambling with funds going to education?,,REP,NO,163,0,63,100,0
Union,Pat Colwell,Republican Party Question 1<br>Should Georgia have casino gambling with funds going to education?,,REP,NO,218,4,135,79,0
Union,,Republican Party Question 2<br>Do you support ending the current practice of unlimited gifts from lobbyists to state legislators by imposing a $100 cap on such gifts?,,REP,YES,2842,74,1702,1065,1
Union,Blairsville,Republican Party Question 2<br>Do you support ending the current practice of unlimited gifts from lobbyists to state legislators by imposing a $100 cap on such gifts?,,REP,YES,310,27,162,121,0
Union,Coosa,Republican Party Question 2<br>Do you support ending the current practice of unlimited gifts from lobbyists to state legislators by imposing a $100 cap on such gifts?,,REP,YES,360,12,182,166,0
Union,Choestoe,Republican Party Question 2<br>Do you support ending the current practice of unlimited gifts from lobbyists to state legislators by imposing a $100 cap on such gifts?,,REP,YES,259,6,184,68,1
Union,Jones Creek,Republican Party Question 2<br>Do you support ending the current practice of unlimited gifts from lobbyists to state legislators by imposing a $100 cap on such gifts?,,REP,YES,289,4,194,91,0
Union,Owltown,Republican Party Question 2<br>Do you support ending the current practice of unlimited gifts from lobbyists to state legislators by imposing a $100 cap on such gifts?,,REP,YES,229,4,128,97,0
Union,Ivy Log,Republican Party Question 2<br>Do you support ending the current practice of unlimited gifts from lobbyists to state legislators by imposing a $100 cap on such gifts?,,REP,YES,310,2,191,117,0
Union,Suches,Republican Party Question 2<br>Do you support ending the current practice of unlimited gifts from lobbyists to state legislators by imposing a $100 cap on such gifts?,,REP,YES,111,2,96,13,0
Union,Trackrock,Republican Party Question 2<br>Do you support ending the current practice of unlimited gifts from lobbyists to state legislators by imposing a $100 cap on such gifts?,,REP,YES,182,3,114,65,0
Union,Dooley,Republican Party Question 2<br>Do you support ending the current practice of unlimited gifts from lobbyists to state legislators by imposing a $100 cap on such gifts?,,REP,YES,223,9,157,57,0
Union,Gumlog,Republican Party Question 2<br>Do you support ending the current practice of unlimited gifts from lobbyists to state legislators by imposing a $100 cap on such gifts?,,REP,YES,238,0,101,137,0
Union,Pat Colwell,Republican Party Question 2<br>Do you support ending the current practice of unlimited gifts from lobbyists to state legislators by imposing a $100 cap on such gifts?,,REP,YES,331,5,193,133,0
Union,,Republican Party Question 2<br>Do you support ending the current practice of unlimited gifts from lobbyists to state legislators by imposing a $100 cap on such gifts?,,REP,NO,325,3,214,108,0
Union,Blairsville,Republican Party Question 2<br>Do you support ending the current practice of unlimited gifts from lobbyists to state legislators by imposing a $100 cap on such gifts?,,REP,NO,33,0,20,13,0
Union,Coosa,Republican Party Question 2<br>Do you support ending the current practice of unlimited gifts from lobbyists to state legislators by imposing a $100 cap on such gifts?,,REP,NO,47,1,31,15,0
Union,Choestoe,Republican Party Question 2<br>Do you support ending the current practice of unlimited gifts from lobbyists to state legislators by imposing a $100 cap on such gifts?,,REP,NO,26,0,21,5,0
Union,Jones Creek,Republican Party Question 2<br>Do you support ending the current practice of unlimited gifts from lobbyists to state legislators by imposing a $100 cap on such gifts?,,REP,NO,31,1,24,6,0
Union,Owltown,Republican Party Question 2<br>Do you support ending the current practice of unlimited gifts from lobbyists to state legislators by imposing a $100 cap on such gifts?,,REP,NO,26,0,15,11,0
Union,Ivy Log,Republican Party Question 2<br>Do you support ending the current practice of unlimited gifts from lobbyists to state legislators by imposing a $100 cap on such gifts?,,REP,NO,40,0,22,18,0
Union,Suches,Republican Party Question 2<br>Do you support ending the current practice of unlimited gifts from lobbyists to state legislators by imposing a $100 cap on such gifts?,,REP,NO,16,0,13,3,0
Union,Trackrock,Republican Party Question 2<br>Do you support ending the current practice of unlimited gifts from lobbyists to state legislators by imposing a $100 cap on such gifts?,,REP,NO,20,1,16,3,0
Union,Dooley,Republican Party Question 2<br>Do you support ending the current practice of unlimited gifts from lobbyists to state legislators by imposing a $100 cap on such gifts?,,REP,NO,31,0,21,10,0
Union,Gumlog,Republican Party Question 2<br>Do you support ending the current practice of unlimited gifts from lobbyists to state legislators by imposing a $100 cap on such gifts?,,REP,NO,21,0,7,14,0
Union,Pat Colwell,Republican Party Question 2<br>Do you support ending the current practice of unlimited gifts from lobbyists to state legislators by imposing a $100 cap on such gifts?,,REP,NO,34,0,24,10,0
Union,,Republican Party Question 3<br>Should active duty military personnel who are under the age of 21 be allowed to obtain a Georgia weapons license?,,REP,YES,2350,55,1445,849,1
Union,Blairsville,Republican Party Question 3<br>Should active duty military personnel who are under the age of 21 be allowed to obtain a Georgia weapons license?,,REP,YES,248,18,135,95,0
Union,Coosa,Republican Party Question 3<br>Should active duty military personnel who are under the age of 21 be allowed to obtain a Georgia weapons license?,,REP,YES,297,10,160,127,0
Union,Choestoe,Republican Party Question 3<br>Should active duty military personnel who are under the age of 21 be allowed to obtain a Georgia weapons license?,,REP,YES,210,5,146,58,1
Union,Jones Creek,Republican Party Question 3<br>Should active duty military personnel who are under the age of 21 be allowed to obtain a Georgia weapons license?,,REP,YES,244,4,164,76,0
Union,Owltown,Republican Party Question 3<br>Should active duty military personnel who are under the age of 21 be allowed to obtain a Georgia weapons license?,,REP,YES,194,4,111,79,0
Union,Ivy Log,Republican Party Question 3<br>Should active duty military personnel who are under the age of 21 be allowed to obtain a Georgia weapons license?,,REP,YES,260,0,171,89,0
Union,Suches,Republican Party Question 3<br>Should active duty military personnel who are under the age of 21 be allowed to obtain a Georgia weapons license?,,REP,YES,102,1,89,12,0
Union,Trackrock,Republican Party Question 3<br>Should active duty military personnel who are under the age of 21 be allowed to obtain a Georgia weapons license?,,REP,YES,149,3,97,49,0
Union,Dooley,Republican Party Question 3<br>Should active duty military personnel who are under the age of 21 be allowed to obtain a Georgia weapons license?,,REP,YES,194,8,132,54,0
Union,Gumlog,Republican Party Question 3<br>Should active duty military personnel who are under the age of 21 be allowed to obtain a Georgia weapons license?,,REP,YES,194,0,83,111,0
Union,Pat Colwell,Republican Party Question 3<br>Should active duty military personnel who are under the age of 21 be allowed to obtain a Georgia weapons license?,,REP,YES,258,2,157,99,0
Union,,Republican Party Question 3<br>Should active duty military personnel who are under the age of 21 be allowed to obtain a Georgia weapons license?,,REP,NO,831,21,487,323,0
Union,Blairsville,Republican Party Question 3<br>Should active duty military personnel who are under the age of 21 be allowed to obtain a Georgia weapons license?,,REP,NO,99,9,49,41,0
Union,Coosa,Republican Party Question 3<br>Should active duty military personnel who are under the age of 21 be allowed to obtain a Georgia weapons license?,,REP,NO,117,3,60,54,0
Union,Choestoe,Republican Party Question 3<br>Should active duty military personnel who are under the age of 21 be allowed to obtain a Georgia weapons license?,,REP,NO,73,1,55,17,0
Union,Jones Creek,Republican Party Question 3<br>Should active duty military personnel who are under the age of 21 be allowed to obtain a Georgia weapons license?,,REP,NO,81,1,59,21,0
Union,Owltown,Republican Party Question 3<br>Should active duty military personnel who are under the age of 21 be allowed to obtain a Georgia weapons license?,,REP,NO,64,0,36,28,0
Union,Ivy Log,Republican Party Question 3<br>Should active duty military personnel who are under the age of 21 be allowed to obtain a Georgia weapons license?,,REP,NO,93,1,46,46,0
Union,Suches,Republican Party Question 3<br>Should active duty military personnel who are under the age of 21 be allowed to obtain a Georgia weapons license?,,REP,NO,24,1,19,4,0
Union,Trackrock,Republican Party Question 3<br>Should active duty military personnel who are under the age of 21 be allowed to obtain a Georgia weapons license?,,REP,NO,51,1,31,19,0
Union,Dooley,Republican Party Question 3<br>Should active duty military personnel who are under the age of 21 be allowed to obtain a Georgia weapons license?,,REP,NO,58,1,44,13,0
Union,Gumlog,Republican Party Question 3<br>Should active duty military personnel who are under the age of 21 be allowed to obtain a Georgia weapons license?,,REP,NO,69,0,28,41,0
Union,Pat Colwell,Republican Party Question 3<br>Should active duty military personnel who are under the age of 21 be allowed to obtain a Georgia weapons license?,,REP,NO,102,3,60,39,0
Union,,Republican Party Question 4<br>Should Citizens who wish to vote in a primary election be required to register by their political party affiliation at least thirty (30) days prior to such primary election?,,REP,YES,1470,37,873,560,0
Union,Blairsville,Republican Party Question 4<br>Should Citizens who wish to vote in a primary election be required to register by their political party affiliation at least thirty (30) days prior to such primary election?,,REP,YES,135,12,60,63,0
Union,Coosa,Republican Party Question 4<br>Should Citizens who wish to vote in a primary election be required to register by their political party affiliation at least thirty (30) days prior to such primary election?,,REP,YES,196,3,105,88,0
Union,Choestoe,Republican Party Question 4<br>Should Citizens who wish to vote in a primary election be required to register by their political party affiliation at least thirty (30) days prior to such primary election?,,REP,YES,120,2,85,33,0
Union,Jones Creek,Republican Party Question 4<br>Should Citizens who wish to vote in a primary election be required to register by their political party affiliation at least thirty (30) days prior to such primary election?,,REP,YES,156,4,103,49,0
Union,Owltown,Republican Party Question 4<br>Should Citizens who wish to vote in a primary election be required to register by their political party affiliation at least thirty (30) days prior to such primary election?,,REP,YES,124,3,69,52,0
Union,Ivy Log,Republican Party Question 4<br>Should Citizens who wish to vote in a primary election be required to register by their political party affiliation at least thirty (30) days prior to such primary election?,,REP,YES,182,1,119,62,0
Union,Suches,Republican Party Question 4<br>Should Citizens who wish to vote in a primary election be required to register by their political party affiliation at least thirty (30) days prior to such primary election?,,REP,YES,52,1,44,7,0
Union,Trackrock,Republican Party Question 4<br>Should Citizens who wish to vote in a primary election be required to register by their political party affiliation at least thirty (30) days prior to such primary election?,,REP,YES,78,1,54,23,0
Union,Dooley,Republican Party Question 4<br>Should Citizens who wish to vote in a primary election be required to register by their political party affiliation at least thirty (30) days prior to such primary election?,,REP,YES,124,8,84,32,0
Union,Gumlog,Republican Party Question 4<br>Should Citizens who wish to vote in a primary election be required to register by their political party affiliation at least thirty (30) days prior to such primary election?,,REP,YES,118,0,43,75,0
Union,Pat Colwell,Republican Party Question 4<br>Should Citizens who wish to vote in a primary election be required to register by their political party affiliation at least thirty (30) days prior to such primary election?,,REP,YES,185,2,107,76,0
Union,,Republican Party Question 4<br>Should Citizens who wish to vote in a primary election be required to register by their political party affiliation at least thirty (30) days prior to such primary election?,,REP,NO,1651,40,1021,589,1
Union,Blairsville,Republican Party Question 4<br>Should Citizens who wish to vote in a primary election be required to register by their political party affiliation at least thirty (30) days prior to such primary election?,,REP,NO,200,15,115,70,0
Union,Coosa,Republican Party Question 4<br>Should Citizens who wish to vote in a primary election be required to register by their political party affiliation at least thirty (30) days prior to such primary election?,,REP,NO,202,10,102,90,0
Union,Choestoe,Republican Party Question 4<br>Should Citizens who wish to vote in a primary election be required to register by their political party affiliation at least thirty (30) days prior to such primary election?,,REP,NO,161,4,115,41,1
Union,Jones Creek,Republican Party Question 4<br>Should Citizens who wish to vote in a primary election be required to register by their political party affiliation at least thirty (30) days prior to such primary election?,,REP,NO,163,1,114,48,0
Union,Owltown,Republican Party Question 4<br>Should Citizens who wish to vote in a primary election be required to register by their political party affiliation at least thirty (30) days prior to such primary election?,,REP,NO,131,1,75,55,0
Union,Ivy Log,Republican Party Question 4<br>Should Citizens who wish to vote in a primary election be required to register by their political party affiliation at least thirty (30) days prior to such primary election?,,REP,NO,163,1,93,69,0
Union,Suches,Republican Party Question 4<br>Should Citizens who wish to vote in a primary election be required to register by their political party affiliation at least thirty (30) days prior to such primary election?,,REP,NO,75,1,65,9,0
Union,Trackrock,Republican Party Question 4<br>Should Citizens who wish to vote in a primary election be required to register by their political party affiliation at least thirty (30) days prior to such primary election?,,REP,NO,117,3,72,42,0
Union,Dooley,Republican Party Question 4<br>Should Citizens who wish to vote in a primary election be required to register by their political party affiliation at least thirty (30) days prior to such primary election?,,REP,NO,127,1,92,34,0
Union,Gumlog,Republican Party Question 4<br>Should Citizens who wish to vote in a primary election be required to register by their political party affiliation at least thirty (30) days prior to such primary election?,,REP,NO,137,0,66,71,0
Union,Pat Colwell,Republican Party Question 4<br>Should Citizens who wish to vote in a primary election be required to register by their political party affiliation at least thirty (30) days prior to such primary election?,,REP,NO,175,3,112,60,0
Union,,Republican Party Question 5 <br>Life Amendment Question,,REP,YES,2198,57,1369,772,0
Union,Blairsville,Republican Party Question 5 <br>Life Amendment Question,,REP,YES,233,18,128,87,0
Union,Coosa,Republican Party Question 5 <br>Life Amendment Question,,REP,YES,302,8,163,131,0
Union,Choestoe,Republican Party Question 5 <br>Life Amendment Question,,REP,YES,192,5,141,46,0
Union,Jones Creek,Republican Party Question 5 <br>Life Amendment Question,,REP,YES,224,5,166,53,0
Union,Owltown,Republican Party Question 5 <br>Life Amendment Question,,REP,YES,158,3,96,59,0
Union,Ivy Log,Republican Party Question 5 <br>Life Amendment Question,,REP,YES,240,2,152,86,0
Union,Suches,Republican Party Question 5 <br>Life Amendment Question,,REP,YES,85,1,71,13,0
Union,Trackrock,Republican Party Question 5 <br>Life Amendment Question,,REP,YES,147,3,95,49,0
Union,Dooley,Republican Party Question 5 <br>Life Amendment Question,,REP,YES,175,7,121,47,0
Union,Gumlog,Republican Party Question 5 <br>Life Amendment Question,,REP,YES,191,0,81,110,0
Union,Pat Colwell,Republican Party Question 5 <br>Life Amendment Question,,REP,YES,251,5,155,91,0
Union,,Republican Party Question 5 <br>Life Amendment Question,,REP,NO,846,15,491,339,1
Union,Blairsville,Republican Party Question 5 <br>Life Amendment Question,,REP,NO,92,7,44,41,0
Union,Coosa,Republican Party Question 5 <br>Life Amendment Question,,REP,NO,87,4,42,41,0
Union,Choestoe,Republican Party Question 5 <br>Life Amendment Question,,REP,NO,83,0,56,26,1
Union,Jones Creek,Republican Party Question 5 <br>Life Amendment Question,,REP,NO,82,0,46,36,0
Union,Owltown,Republican Party Question 5 <br>Life Amendment Question,,REP,NO,82,1,41,40,0
Union,Ivy Log,Republican Party Question 5 <br>Life Amendment Question,,REP,NO,99,0,60,39,0
Union,Suches,Republican Party Question 5 <br>Life Amendment Question,,REP,NO,38,1,35,2,0
Union,Trackrock,Republican Party Question 5 <br>Life Amendment Question,,REP,NO,47,1,31,15,0
Union,Dooley,Republican Party Question 5 <br>Life Amendment Question,,REP,NO,71,1,53,17,0
Union,Gumlog,Republican Party Question 5 <br>Life Amendment Question,,REP,NO,64,0,25,39,0
Union,Pat Colwell,Republican Party Question 5 <br>Life Amendment Question,,REP,NO,101,0,58,43,0
Union,,Democratic Party Question 1<br>Should the Georgia Constitution be amended to allow the state to override locally-elected school boards’ decisions when it comes to the creation of charter schools in your county or city?,,DEM,YES,436,9,259,167,1
Union,Blairsville,Democratic Party Question 1<br>Should the Georgia Constitution be amended to allow the state to override locally-elected school boards’ decisions when it comes to the creation of charter schools in your county or city?,,DEM,YES,84,3,48,33,0
Union,Coosa,Democratic Party Question 1<br>Should the Georgia Constitution be amended to allow the state to override locally-elected school boards’ decisions when it comes to the creation of charter schools in your county or city?,,DEM,YES,49,0,19,30,0
Union,Choestoe,Democratic Party Question 1<br>Should the Georgia Constitution be amended to allow the state to override locally-elected school boards’ decisions when it comes to the creation of charter schools in your county or city?,,DEM,YES,21,1,13,6,1
Union,Jones Creek,Democratic Party Question 1<br>Should the Georgia Constitution be amended to allow the state to override locally-elected school boards’ decisions when it comes to the creation of charter schools in your county or city?,,DEM,YES,39,0,25,14,0
Union,Owltown,Democratic Party Question 1<br>Should the Georgia Constitution be amended to allow the state to override locally-elected school boards’ decisions when it comes to the creation of charter schools in your county or city?,,DEM,YES,45,0,29,16,0
Union,Ivy Log,Democratic Party Question 1<br>Should the Georgia Constitution be amended to allow the state to override locally-elected school boards’ decisions when it comes to the creation of charter schools in your county or city?,,DEM,YES,45,0,24,21,0
Union,Suches,Democratic Party Question 1<br>Should the Georgia Constitution be amended to allow the state to override locally-elected school boards’ decisions when it comes to the creation of charter schools in your county or city?,,DEM,YES,33,3,28,2,0
Union,Trackrock,Democratic Party Question 1<br>Should the Georgia Constitution be amended to allow the state to override locally-elected school boards’ decisions when it comes to the creation of charter schools in your county or city?,,DEM,YES,23,0,16,7,0
Union,Dooley,Democratic Party Question 1<br>Should the Georgia Constitution be amended to allow the state to override locally-elected school boards’ decisions when it comes to the creation of charter schools in your county or city?,,DEM,YES,18,0,12,6,0
Union,Gumlog,Democratic Party Question 1<br>Should the Georgia Constitution be amended to allow the state to override locally-elected school boards’ decisions when it comes to the creation of charter schools in your county or city?,,DEM,YES,46,1,24,21,0
Union,Pat Colwell,Democratic Party Question 1<br>Should the Georgia Constitution be amended to allow the state to override locally-elected school boards’ decisions when it comes to the creation of charter schools in your county or city?,,DEM,YES,33,1,21,11,0
Union,,Democratic Party Question 1<br>Should the Georgia Constitution be amended to allow the state to override locally-elected school boards’ decisions when it comes to the creation of charter schools in your county or city?,,DEM,NO,1058,24,635,399,0
Union,Blairsville,Democratic Party Question 1<br>Should the Georgia Constitution be amended to allow the state to override locally-elected school boards’ decisions when it comes to the creation of charter schools in your county or city?,,DEM,NO,161,8,101,52,0
Union,Coosa,Democratic Party Question 1<br>Should the Georgia Constitution be amended to allow the state to override locally-elected school boards’ decisions when it comes to the creation of charter schools in your county or city?,,DEM,NO,153,2,84,67,0
Union,Choestoe,Democratic Party Question 1<br>Should the Georgia Constitution be amended to allow the state to override locally-elected school boards’ decisions when it comes to the creation of charter schools in your county or city?,,DEM,NO,63,2,43,18,0
Union,Jones Creek,Democratic Party Question 1<br>Should the Georgia Constitution be amended to allow the state to override locally-elected school boards’ decisions when it comes to the creation of charter schools in your county or city?,,DEM,NO,115,0,77,38,0
Union,Owltown,Democratic Party Question 1<br>Should the Georgia Constitution be amended to allow the state to override locally-elected school boards’ decisions when it comes to the creation of charter schools in your county or city?,,DEM,NO,111,6,63,42,0
Union,Ivy Log,Democratic Party Question 1<br>Should the Georgia Constitution be amended to allow the state to override locally-elected school boards’ decisions when it comes to the creation of charter schools in your county or city?,,DEM,NO,93,1,54,38,0
Union,Suches,Democratic Party Question 1<br>Should the Georgia Constitution be amended to allow the state to override locally-elected school boards’ decisions when it comes to the creation of charter schools in your county or city?,,DEM,NO,37,0,31,6,0
Union,Trackrock,Democratic Party Question 1<br>Should the Georgia Constitution be amended to allow the state to override locally-elected school boards’ decisions when it comes to the creation of charter schools in your county or city?,,DEM,NO,71,0,38,33,0
Union,Dooley,Democratic Party Question 1<br>Should the Georgia Constitution be amended to allow the state to override locally-elected school boards’ decisions when it comes to the creation of charter schools in your county or city?,,DEM,NO,59,0,41,18,0
Union,Gumlog,Democratic Party Question 1<br>Should the Georgia Constitution be amended to allow the state to override locally-elected school boards’ decisions when it comes to the creation of charter schools in your county or city?,,DEM,NO,92,1,51,40,0
Union,Pat Colwell,Democratic Party Question 1<br>Should the Georgia Constitution be amended to allow the state to override locally-elected school boards’ decisions when it comes to the creation of charter schools in your county or city?,,DEM,NO,103,4,52,47,0
Union,,Democratic Party Question 2<br>Do you support ending current practice permitting unlimited gifts from lobbyists to state legislators?,,DEM,YES,1190,26,703,460,1
Union,Blairsville,Democratic Party Question 2<br>Do you support ending current practice permitting unlimited gifts from lobbyists to state legislators?,,DEM,YES,193,10,118,65,0
Union,Coosa,Democratic Party Question 2<br>Do you support ending current practice permitting unlimited gifts from lobbyists to state legislators?,,DEM,YES,163,2,81,80,0
Union,Choestoe,Democratic Party Question 2<br>Do you support ending current practice permitting unlimited gifts from lobbyists to state legislators?,,DEM,YES,72,3,48,20,1
Union,Jones Creek,Democratic Party Question 2<br>Do you support ending current practice permitting unlimited gifts from lobbyists to state legislators?,,DEM,YES,129,0,82,47,0
Union,Owltown,Democratic Party Question 2<br>Do you support ending current practice permitting unlimited gifts from lobbyists to state legislators?,,DEM,YES,121,5,73,43,0
Union,Ivy Log,Democratic Party Question 2<br>Do you support ending current practice permitting unlimited gifts from lobbyists to state legislators?,,DEM,YES,105,1,58,46,0
Union,Suches,Democratic Party Question 2<br>Do you support ending current practice permitting unlimited gifts from lobbyists to state legislators?,,DEM,YES,51,2,44,5,0
Union,Trackrock,Democratic Party Question 2<br>Do you support ending current practice permitting unlimited gifts from lobbyists to state legislators?,,DEM,YES,74,0,41,33,0
Union,Dooley,Democratic Party Question 2<br>Do you support ending current practice permitting unlimited gifts from lobbyists to state legislators?,,DEM,YES,56,0,41,15,0
Union,Gumlog,Democratic Party Question 2<br>Do you support ending current practice permitting unlimited gifts from lobbyists to state legislators?,,DEM,YES,111,2,53,56,0
Union,Pat Colwell,Democratic Party Question 2<br>Do you support ending current practice permitting unlimited gifts from lobbyists to state legislators?,,DEM,YES,115,1,64,50,0
Union,,Democratic Party Question 2<br>Do you support ending current practice permitting unlimited gifts from lobbyists to state legislators?,,DEM,NO,343,7,217,119,0
Union,Blairsville,Democratic Party Question 2<br>Do you support ending current practice permitting unlimited gifts from lobbyists to state legislators?,,DEM,NO,60,1,39,20,0
Union,Coosa,Democratic Party Question 2<br>Do you support ending current practice permitting unlimited gifts from lobbyists to state legislators?,,DEM,NO,45,0,27,18,0
Union,Choestoe,Democratic Party Question 2<br>Do you support ending current practice permitting unlimited gifts from lobbyists to state legislators?,,DEM,NO,17,0,13,4,0
Union,Jones Creek,Democratic Party Question 2<br>Do you support ending current practice permitting unlimited gifts from lobbyists to state legislators?,,DEM,NO,31,0,21,10,0
Union,Owltown,Democratic Party Question 2<br>Do you support ending current practice permitting unlimited gifts from lobbyists to state legislators?,,DEM,NO,41,1,25,15,0
Union,Ivy Log,Democratic Party Question 2<br>Do you support ending current practice permitting unlimited gifts from lobbyists to state legislators?,,DEM,NO,35,0,21,14,0
Union,Suches,Democratic Party Question 2<br>Do you support ending current practice permitting unlimited gifts from lobbyists to state legislators?,,DEM,NO,17,1,13,3,0
Union,Trackrock,Democratic Party Question 2<br>Do you support ending current practice permitting unlimited gifts from lobbyists to state legislators?,,DEM,NO,23,0,15,8,0
Union,Dooley,Democratic Party Question 2<br>Do you support ending current practice permitting unlimited gifts from lobbyists to state legislators?,,DEM,NO,23,0,13,10,0
Union,Gumlog,Democratic Party Question 2<br>Do you support ending current practice permitting unlimited gifts from lobbyists to state legislators?,,DEM,NO,27,0,18,9,0
Union,Pat Colwell,Democratic Party Question 2<br>Do you support ending current practice permitting unlimited gifts from lobbyists to state legislators?,,DEM,NO,24,4,12,8,0
Union,,Democratic Party Question 3<br>Should Georgia adopt an income tax credit for home energy costs to support the economic security of our families?,,DEM,YES,1124,22,676,425,1
Union,Blairsville,Democratic Party Question 3<br>Should Georgia adopt an income tax credit for home energy costs to support the economic security of our families?,,DEM,YES,202,8,118,76,0
Union,Coosa,Democratic Party Question 3<br>Should Georgia adopt an income tax credit for home energy costs to support the economic security of our families?,,DEM,YES,146,1,70,75,0
Union,Choestoe,Democratic Party Question 3<br>Should Georgia adopt an income tax credit for home energy costs to support the economic security of our families?,,DEM,YES,68,3,45,19,1
Union,Jones Creek,Democratic Party Question 3<br>Should Georgia adopt an income tax credit for home energy costs to support the economic security of our families?,,DEM,YES,117,0,75,42,0
Union,Owltown,Democratic Party Question 3<br>Should Georgia adopt an income tax credit for home energy costs to support the economic security of our families?,,DEM,YES,124,4,78,42,0
Union,Ivy Log,Democratic Party Question 3<br>Should Georgia adopt an income tax credit for home energy costs to support the economic security of our families?,,DEM,YES,88,0,56,32,0
Union,Suches,Democratic Party Question 3<br>Should Georgia adopt an income tax credit for home energy costs to support the economic security of our families?,,DEM,YES,49,3,40,6,0
Union,Trackrock,Democratic Party Question 3<br>Should Georgia adopt an income tax credit for home energy costs to support the economic security of our families?,,DEM,YES,67,0,41,26,0
Union,Dooley,Democratic Party Question 3<br>Should Georgia adopt an income tax credit for home energy costs to support the economic security of our families?,,DEM,YES,53,0,35,18,0
Union,Gumlog,Democratic Party Question 3<br>Should Georgia adopt an income tax credit for home energy costs to support the economic security of our families?,,DEM,YES,100,1,54,45,0
Union,Pat Colwell,Democratic Party Question 3<br>Should Georgia adopt an income tax credit for home energy costs to support the economic security of our families?,,DEM,YES,110,2,64,44,0
Union,,Democratic Party Question 3<br>Should Georgia adopt an income tax credit for home energy costs to support the economic security of our families?,,DEM,NO,383,11,232,140,0
Union,Blairsville,Democratic Party Question 3<br>Should Georgia adopt an income tax credit for home energy costs to support the economic security of our families?,,DEM,NO,50,4,36,10,0
Union,Coosa,Democratic Party Question 3<br>Should Georgia adopt an income tax credit for home energy costs to support the economic security of our families?,,DEM,NO,56,0,36,20,0
Union,Choestoe,Democratic Party Question 3<br>Should Georgia adopt an income tax credit for home energy costs to support the economic security of our families?,,DEM,NO,18,0,13,5,0
Union,Jones Creek,Democratic Party Question 3<br>Should Georgia adopt an income tax credit for home energy costs to support the economic security of our families?,,DEM,NO,39,0,28,11,0
Union,Owltown,Democratic Party Question 3<br>Should Georgia adopt an income tax credit for home energy costs to support the economic security of our families?,,DEM,NO,31,2,15,14,0
Union,Ivy Log,Democratic Party Question 3<br>Should Georgia adopt an income tax credit for home energy costs to support the economic security of our families?,,DEM,NO,52,1,25,26,0
Union,Suches,Democratic Party Question 3<br>Should Georgia adopt an income tax credit for home energy costs to support the economic security of our families?,,DEM,NO,21,0,19,2,0
Union,Trackrock,Democratic Party Question 3<br>Should Georgia adopt an income tax credit for home energy costs to support the economic security of our families?,,DEM,NO,28,0,12,16,0
Union,Dooley,Democratic Party Question 3<br>Should Georgia adopt an income tax credit for home energy costs to support the economic security of our families?,,DEM,NO,24,0,18,6,0
Union,Gumlog,Democratic Party Question 3<br>Should Georgia adopt an income tax credit for home energy costs to support the economic security of our families?,,DEM,NO,37,1,20,16,0
Union,Pat Colwell,Democratic Party Question 3<br>Should Georgia adopt an income tax credit for home energy costs to support the economic security of our families?,,DEM,NO,27,3,10,14,0
Union,,Democratic Party Question 4 <br>Should Georgia reduce sales taxes on Made in Georgia products so as to support the growth of small businesses in our state?,,DEM,YES,1324,24,810,489,1
Union,Blairsville,Democratic Party Question 4 <br>Should Georgia reduce sales taxes on Made in Georgia products so as to support the growth of small businesses in our state?,,DEM,YES,224,8,139,77,0
Union,Coosa,Democratic Party Question 4 <br>Should Georgia reduce sales taxes on Made in Georgia products so as to support the growth of small businesses in our state?,,DEM,YES,185,2,97,86,0
Union,Choestoe,Democratic Party Question 4 <br>Should Georgia reduce sales taxes on Made in Georgia products so as to support the growth of small businesses in our state?,,DEM,YES,78,3,52,22,1
Union,Jones Creek,Democratic Party Question 4 <br>Should Georgia reduce sales taxes on Made in Georgia products so as to support the growth of small businesses in our state?,,DEM,YES,144,0,94,50,0
Union,Owltown,Democratic Party Question 4 <br>Should Georgia reduce sales taxes on Made in Georgia products so as to support the growth of small businesses in our state?,,DEM,YES,140,6,88,46,0
Union,Ivy Log,Democratic Party Question 4 <br>Should Georgia reduce sales taxes on Made in Georgia products so as to support the growth of small businesses in our state?,,DEM,YES,117,0,66,51,0
Union,Suches,Democratic Party Question 4 <br>Should Georgia reduce sales taxes on Made in Georgia products so as to support the growth of small businesses in our state?,,DEM,YES,58,2,50,6,0
Union,Trackrock,Democratic Party Question 4 <br>Should Georgia reduce sales taxes on Made in Georgia products so as to support the growth of small businesses in our state?,,DEM,YES,78,0,46,32,0
Union,Dooley,Democratic Party Question 4 <br>Should Georgia reduce sales taxes on Made in Georgia products so as to support the growth of small businesses in our state?,,DEM,YES,60,0,43,17,0
Union,Gumlog,Democratic Party Question 4 <br>Should Georgia reduce sales taxes on Made in Georgia products so as to support the growth of small businesses in our state?,,DEM,YES,120,1,71,48,0
Union,Pat Colwell,Democratic Party Question 4 <br>Should Georgia reduce sales taxes on Made in Georgia products so as to support the growth of small businesses in our state?,,DEM,YES,120,2,64,54,0
Union,,Democratic Party Question 4 <br>Should Georgia reduce sales taxes on Made in Georgia products so as to support the growth of small businesses in our state?,,DEM,NO,224,9,129,86,0
Union,Blairsville,Democratic Party Question 4 <br>Should Georgia reduce sales taxes on Made in Georgia products so as to support the growth of small businesses in our state?,,DEM,NO,32,4,20,8,0
Union,Coosa,Democratic Party Question 4 <br>Should Georgia reduce sales taxes on Made in Georgia products so as to support the growth of small businesses in our state?,,DEM,NO,24,0,11,13,0
Union,Choestoe,Democratic Party Question 4 <br>Should Georgia reduce sales taxes on Made in Georgia products so as to support the growth of small businesses in our state?,,DEM,NO,9,0,7,2,0
Union,Jones Creek,Democratic Party Question 4 <br>Should Georgia reduce sales taxes on Made in Georgia products so as to support the growth of small businesses in our state?,,DEM,NO,22,0,15,7,0
Union,Owltown,Democratic Party Question 4 <br>Should Georgia reduce sales taxes on Made in Georgia products so as to support the growth of small businesses in our state?,,DEM,NO,22,0,10,12,0
Union,Ivy Log,Democratic Party Question 4 <br>Should Georgia reduce sales taxes on Made in Georgia products so as to support the growth of small businesses in our state?,,DEM,NO,23,1,14,8,0
Union,Suches,Democratic Party Question 4 <br>Should Georgia reduce sales taxes on Made in Georgia products so as to support the growth of small businesses in our state?,,DEM,NO,13,1,10,2,0
Union,Trackrock,Democratic Party Question 4 <br>Should Georgia reduce sales taxes on Made in Georgia products so as to support the growth of small businesses in our state?,,DEM,NO,19,0,10,9,0
Union,Dooley,Democratic Party Question 4 <br>Should Georgia reduce sales taxes on Made in Georgia products so as to support the growth of small businesses in our state?,,DEM,NO,18,0,11,7,0
Union,Gumlog,Democratic Party Question 4 <br>Should Georgia reduce sales taxes on Made in Georgia products so as to support the growth of small businesses in our state?,,DEM,NO,22,1,8,13,0
Union,Pat Colwell,Democratic Party Question 4 <br>Should Georgia reduce sales taxes on Made in Georgia products so as to support the growth of small businesses in our state?,,DEM,NO,20,2,13,5,0
Union,,Supreme Court Justice, Hunstein,I,CAROL W. HUNSTEIN,3472,78,2124,1269,1
Union,Blairsville,Supreme Court Justice, Hunstein,I,CAROL W. HUNSTEIN,432,29,246,157,0
Union,Coosa,Supreme Court Justice, Hunstein,I,CAROL W. HUNSTEIN,422,11,218,193,0
Union,Choestoe,Supreme Court Justice, Hunstein,I,CAROL W. HUNSTEIN,283,5,198,79,1
Union,Jones Creek,Supreme Court Justice, Hunstein,I,CAROL W. HUNSTEIN,371,3,248,120,0
Union,Owltown,Supreme Court Justice, Hunstein,I,CAROL W. HUNSTEIN,288,8,174,106,0
Union,Ivy Log,Supreme Court Justice, Hunstein,I,CAROL W. HUNSTEIN,385,2,232,151,0
Union,Suches,Supreme Court Justice, Hunstein,I,CAROL W. HUNSTEIN,127,2,108,17,0
Union,Trackrock,Supreme Court Justice, Hunstein,I,CAROL W. HUNSTEIN,224,4,139,81,0
Union,Dooley,Supreme Court Justice, Hunstein,I,CAROL W. HUNSTEIN,255,5,186,64,0
Union,Gumlog,Supreme Court Justice, Hunstein,I,CAROL W. HUNSTEIN,309,1,147,161,0
Union,Pat Colwell,Supreme Court Justice, Hunstein,I,CAROL W. HUNSTEIN,376,8,228,140,0
Union,,Supreme Court Justice, Hunstein,,Write-in,13,0,10,3,0
Union,Blairsville,Supreme Court Justice, Hunstein,,Write-in,2,0,1,1,0
Union,Coosa,Supreme Court Justice, Hunstein,,Write-in,0,0,0,0,0
Union,Choestoe,Supreme Court Justice, Hunstein,,Write-in,2,0,1,1,0
Union,Jones Creek,Supreme Court Justice, Hunstein,,Write-in,0,0,0,0,0
Union,Owltown,Supreme Court Justice, Hunstein,,Write-in,1,0,1,0,0
Union,Ivy Log,Supreme Court Justice, Hunstein,,Write-in,0,0,0,0,0
Union,Suches,Supreme Court Justice, Hunstein,,Write-in,0,0,0,0,0
Union,Trackrock,Supreme Court Justice, Hunstein,,Write-in,2,0,1,1,0
Union,Dooley,Supreme Court Justice, Hunstein,,Write-in,3,0,3,0,0
Union,Gumlog,Supreme Court Justice, Hunstein,,Write-in,0,0,0,0,0
Union,Pat Colwell,Supreme Court Justice, Hunstein,,Write-in,3,0,3,0,0
Union,,Supreme Court Justice, Melton,,HAROLD D. MELTON ,3398,79,2088,1230,1
Union,Blairsville,Supreme Court Justice, Melton,,HAROLD D. MELTON ,419,28,238,153,0
Union,Coosa,Supreme Court Justice, Melton,,HAROLD D. MELTON ,425,11,222,192,0
Union,Choestoe,Supreme Court Justice, Melton,,HAROLD D. MELTON ,278,5,197,75,1
Union,Jones Creek,Supreme Court Justice, Melton,,HAROLD D. MELTON ,359,3,238,118,0
Union,Owltown,Supreme Court Justice, Melton,,HAROLD D. MELTON ,286,8,176,102,0
Union,Ivy Log,Supreme Court Justice, Melton,,HAROLD D. MELTON ,365,2,220,143,0
Union,Suches,Supreme Court Justice, Melton,,HAROLD D. MELTON ,125,2,105,18,0
Union,Trackrock,Supreme Court Justice, Melton,,HAROLD D. MELTON ,223,4,144,75,0
Union,Dooley,Supreme Court Justice, Melton,,HAROLD D. MELTON ,250,7,182,61,0
Union,Gumlog,Supreme Court Justice, Melton,,HAROLD D. MELTON ,299,1,144,154,0
Union,Pat Colwell,Supreme Court Justice, Melton,,HAROLD D. MELTON ,369,8,222,139,0
Union,,Supreme Court Justice, Melton,,Write-in ,6,0,4,2,0
Union,Blairsville,Supreme Court Justice, Melton,,Write-in ,2,0,1,1,0
Union,Coosa,Supreme Court Justice, Melton,,Write-in ,2,0,1,1,0
Union,Choestoe,Supreme Court Justice, Melton,,Write-in ,1,0,1,0,0
Union,Jones Creek,Supreme Court Justice, Melton,,Write-in ,0,0,0,0,0
Union,Owltown,Supreme Court Justice, Melton,,Write-in ,0,0,0,0,0
Union,Ivy Log,Supreme Court Justice, Melton,,Write-in ,0,0,0,0,0
Union,Suches,Supreme Court Justice, Melton,,Write-in ,0,0,0,0,0
Union,Trackrock,Supreme Court Justice, Melton,,Write-in ,0,0,0,0,0
Union,Dooley,Supreme Court Justice, Melton,,Write-in ,0,0,0,0,0
Union,Gumlog,Supreme Court Justice, Melton,,Write-in ,0,0,0,0,0
Union,Pat Colwell,Supreme Court Justice, Melton,,Write-in ,1,0,1,0,0
Union,,Supreme Court Justice, Thompson,,HUGH P. THOMPSON ,3404,77,2089,1237,1
Union,Blairsville,Supreme Court Justice, Thompson,,HUGH P. THOMPSON ,419,27,238,154,0
Union,Coosa,Supreme Court Justice, Thompson,,HUGH P. THOMPSON ,430,11,225,194,0
Union,Choestoe,Supreme Court Justice, Thompson,,HUGH P. THOMPSON ,280,5,198,76,1
Union,Jones Creek,Supreme Court Justice, Thompson,,HUGH P. THOMPSON ,359,3,242,114,0
Union,Owltown,Supreme Court Justice, Thompson,,HUGH P. THOMPSON ,290,8,179,103,0
Union,Ivy Log,Supreme Court Justice, Thompson,,HUGH P. THOMPSON ,368,1,221,146,0
Union,Suches,Supreme Court Justice, Thompson,,HUGH P. THOMPSON ,126,2,106,18,0
Union,Trackrock,Supreme Court Justice, Thompson,,HUGH P. THOMPSON ,220,4,140,76,0
Union,Dooley,Supreme Court Justice, Thompson,,HUGH P. THOMPSON ,250,7,182,61,0
Union,Gumlog,Supreme Court Justice, Thompson,,HUGH P. THOMPSON ,298,1,141,156,0
Union,Pat Colwell,Supreme Court Justice, Thompson,,HUGH P. THOMPSON ,364,8,217,139,0
Union,,Supreme Court Justice, Thompson,,Write-in ,5,0,3,2,0
Union,Blairsville,Supreme Court Justice, Thompson,,Write-in ,2,0,1,1,0
Union,Coosa,Supreme Court Justice, Thompson,,Write-in ,1,0,0,1,0
Union,Choestoe,Supreme Court Justice, Thompson,,Write-in ,1,0,1,0,0
Union,Jones Creek,Supreme Court Justice, Thompson,,Write-in ,0,0,0,0,0
Union,Owltown,Supreme Court Justice, Thompson,,Write-in ,0,0,0,0,0
Union,Ivy Log,Supreme Court Justice, Thompson,,Write-in ,0,0,0,0,0
Union,Suches,Supreme Court Justice, Thompson,,Write-in ,0,0,0,0,0
Union,Trackrock,Supreme Court Justice, Thompson,,Write-in ,0,0,0,0,0
Union,Dooley,Supreme Court Justice, Thompson,,Write-in ,0,0,0,0,0
Union,Gumlog,Supreme Court Justice, Thompson,,Write-in ,0,0,0,0,0
Union,Pat Colwell,Supreme Court Justice, Thompson,,Write-in ,1,0,1,0,0
Union,,Appeals Court Judge, Boggs,,MICHAEL P. BOGGS ,3366,78,2071,1216,1
Union,Blairsville,Appeals Court Judge, Boggs,,MICHAEL P. BOGGS ,415,27,237,151,0
Union,Coosa,Appeals Court Judge, Boggs,,MICHAEL P. BOGGS ,421,11,222,188,0
Union,Choestoe,Appeals Court Judge, Boggs,,MICHAEL P. BOGGS ,274,5,194,74,1
Union,Jones Creek,Appeals Court Judge, Boggs,,MICHAEL P. BOGGS ,353,3,238,112,0
Union,Owltown,Appeals Court Judge, Boggs,,MICHAEL P. BOGGS ,285,8,174,103,0
Union,Ivy Log,Appeals Court Judge, Boggs,,MICHAEL P. BOGGS ,367,1,221,145,0
Union,Suches,Appeals Court Judge, Boggs,,MICHAEL P. BOGGS ,124,2,105,17,0
Union,Trackrock,Appeals Court Judge, Boggs,,MICHAEL P. BOGGS ,223,4,144,75,0
Union,Dooley,Appeals Court Judge, Boggs,,MICHAEL P. BOGGS ,248,7,181,60,0
Union,Gumlog,Appeals Court Judge, Boggs,,MICHAEL P. BOGGS ,293,1,140,152,0
Union,Pat Colwell,Appeals Court Judge, Boggs,,MICHAEL P. BOGGS ,363,9,215,139,0
Union,,Appeals Court Judge, Boggs,,Write-in ,4,0,1,3,0
Union,Blairsville,Appeals Court Judge, Boggs,,Write-in ,2,0,0,2,0
Union,Coosa,Appeals Court Judge, Boggs,,Write-in ,1,0,0,1,0
Union,Choestoe,Appeals Court Judge, Boggs,,Write-in ,0,0,0,0,0
Union,Jones Creek,Appeals Court Judge, Boggs,,Write-in ,0,0,0,0,0
Union,Owltown,Appeals Court Judge, Boggs,,Write-in ,0,0,0,0,0
Union,Ivy Log,Appeals Court Judge, Boggs,,Write-in ,0,0,0,0,0
Union,Suches,Appeals Court Judge, Boggs,,Write-in ,0,0,0,0,0
Union,Trackrock,Appeals Court Judge, Boggs,,Write-in ,0,0,0,0,0
Union,Dooley,Appeals Court Judge, Boggs,,Write-in ,0,0,0,0,0
Union,Gumlog,Appeals Court Judge, Boggs,,Write-in ,0,0,0,0,0
Union,Pat Colwell,Appeals Court Judge, Boggs,,Write-in ,1,0,1,0,0
Union,,Appeals Court Judge, Dillard,,STEPHEN DILLARD ,3364,75,2074,1214,1
Union,Blairsville,Appeals Court Judge, Dillard,,STEPHEN DILLARD ,412,25,238,149,0
Union,Coosa,Appeals Court Judge, Dillard,,STEPHEN DILLARD ,425,11,224,190,0
Union,Choestoe,Appeals Court Judge, Dillard,,STEPHEN DILLARD ,275,5,195,74,1
Union,Jones Creek,Appeals Court Judge, Dillard,,STEPHEN DILLARD ,350,3,236,111,0
Union,Owltown,Appeals Court Judge, Dillard,,STEPHEN DILLARD ,285,8,174,103,0
Union,Ivy Log,Appeals Court Judge, Dillard,,STEPHEN DILLARD ,366,1,222,143,0
Union,Suches,Appeals Court Judge, Dillard,,STEPHEN DILLARD ,123,2,104,17,0
Union,Trackrock,Appeals Court Judge, Dillard,,STEPHEN DILLARD ,221,4,142,75,0
Union,Dooley,Appeals Court Judge, Dillard,,STEPHEN DILLARD ,249,7,181,61,0
Union,Gumlog,Appeals Court Judge, Dillard,,STEPHEN DILLARD ,295,1,142,152,0
Union,Pat Colwell,Appeals Court Judge, Dillard,,STEPHEN DILLARD ,363,8,216,139,0
Union,,Appeals Court Judge, Dillard,,Write-in ,4,1,1,2,0
Union,Blairsville,Appeals Court Judge, Dillard,,Write-in ,2,1,0,1,0
Union,Coosa,Appeals Court Judge, Dillard,,Write-in ,1,0,0,1,0
Union,Choestoe,Appeals Court Judge, Dillard,,Write-in ,0,0,0,0,0
Union,Jones Creek,Appeals Court Judge, Dillard,,Write-in ,0,0,0,0,0
Union,Owltown,Appeals Court Judge, Dillard,,Write-in ,0,0,0,0,0
Union,Ivy Log,Appeals Court Judge, Dillard,,Write-in ,0,0,0,0,0
Union,Suches,Appeals Court Judge, Dillard,,Write-in ,0,0,0,0,0
Union,Trackrock,Appeals Court Judge, Dillard,,Write-in ,0,0,0,0,0
Union,Dooley,Appeals Court Judge, Dillard,,Write-in ,0,0,0,0,0
Union,Gumlog,Appeals Court Judge, Dillard,,Write-in ,0,0,0,0,0
Union,Pat Colwell,Appeals Court Judge, Dillard,,Write-in ,1,0,1,0,0
Union,,Appeals Court Judge, Ellington,,JOHN  ELLINGTON ,3341,76,2052,1212,1
Union,Blairsville,Appeals Court Judge, Ellington,,JOHN  ELLINGTON ,407,26,231,150,0
Union,Coosa,Appeals Court Judge, Ellington,,JOHN  ELLINGTON ,423,11,224,188,0
Union,Choestoe,Appeals Court Judge, Ellington,,JOHN  ELLINGTON ,277,5,194,77,1
Union,Jones Creek,Appeals Court Judge, Ellington,,JOHN  ELLINGTON ,355,3,238,114,0
Union,Owltown,Appeals Court Judge, Ellington,,JOHN  ELLINGTON ,278,8,169,101,0
Union,Ivy Log,Appeals Court Judge, Ellington,,JOHN  ELLINGTON ,362,1,218,143,0
Union,Suches,Appeals Court Judge, Ellington,,JOHN  ELLINGTON ,122,2,103,17,0
Union,Trackrock,Appeals Court Judge, Ellington,,JOHN  ELLINGTON ,216,4,138,74,0
Union,Dooley,Appeals Court Judge, Ellington,,JOHN  ELLINGTON ,247,7,180,60,0
Union,Gumlog,Appeals Court Judge, Ellington,,JOHN  ELLINGTON ,291,1,140,150,0
Union,Pat Colwell,Appeals Court Judge, Ellington,,JOHN  ELLINGTON ,363,8,217,138,0
Union,,Appeals Court Judge, Ellington,,Write-in ,3,1,0,2,0
Union,Blairsville,Appeals Court Judge, Ellington,,Write-in ,1,0,0,1,0
Union,Coosa,Appeals Court Judge, Ellington,,Write-in ,1,0,0,1,0
Union,Choestoe,Appeals Court Judge, Ellington,,Write-in ,0,0,0,0,0
Union,Jones Creek,Appeals Court Judge, Ellington,,Write-in ,0,0,0,0,0
Union,Owltown,Appeals Court Judge, Ellington,,Write-in ,0,0,0,0,0
Union,Ivy Log,Appeals Court Judge, Ellington,,Write-in ,0,0,0,0,0
Union,Suches,Appeals Court Judge, Ellington,,Write-in ,1,1,0,0,0
Union,Trackrock,Appeals Court Judge, Ellington,,Write-in ,0,0,0,0,0
Union,Dooley,Appeals Court Judge, Ellington,,Write-in ,0,0,0,0,0
Union,Gumlog,Appeals Court Judge, Ellington,,Write-in ,0,0,0,0,0
Union,Pat Colwell,Appeals Court Judge, Ellington,,Write-in ,0,0,0,0,0
Union,,Appeals Court Judge, Miller,,M. YVETTE MILLER ,3293,74,2024,1194,1
Union,Blairsville,Appeals Court Judge, Miller,,M. YVETTE MILLER ,402,27,228,147,0
Union,Coosa,Appeals Court Judge, Miller,,M. YVETTE MILLER ,410,10,216,184,0
Union,Choestoe,Appeals Court Judge, Miller,,M. YVETTE MILLER ,266,5,189,71,1
Union,Jones Creek,Appeals Court Judge, Miller,,M. YVETTE MILLER ,355,3,239,113,0
Union,Owltown,Appeals Court Judge, Miller,,M. YVETTE MILLER ,277,8,168,101,0
Union,Ivy Log,Appeals Court Judge, Miller,,M. YVETTE MILLER ,357,1,218,138,0
Union,Suches,Appeals Court Judge, Miller,,M. YVETTE MILLER ,120,2,101,17,0
Union,Trackrock,Appeals Court Judge, Miller,,M. YVETTE MILLER ,214,4,136,74,0
Union,Dooley,Appeals Court Judge, Miller,,M. YVETTE MILLER ,241,5,175,61,0
Union,Gumlog,Appeals Court Judge, Miller,,M. YVETTE MILLER ,291,1,140,150,0
Union,Pat Colwell,Appeals Court Judge, Miller,,M. YVETTE MILLER ,360,8,214,138,0
Union,,Appeals Court Judge, Miller,,Write-in,4,0,1,3,0
Union,Blairsville,Appeals Court Judge, Miller,,Write-in,1,0,0,1,0
Union,Coosa,Appeals Court Judge, Miller,,Write-in,0,0,0,0,0
Union,Choestoe,Appeals Court Judge, Miller,,Write-in,0,0,0,0,0
Union,Jones Creek,Appeals Court Judge, Miller,,Write-in,0,0,0,0,0
Union,Owltown,Appeals Court Judge, Miller,,Write-in,0,0,0,0,0
Union,Ivy Log,Appeals Court Judge, Miller,,Write-in,2,0,0,2,0
Union,Suches,Appeals Court Judge, Miller,,Write-in,0,0,0,0,0
Union,Trackrock,Appeals Court Judge, Miller,,Write-in,0,0,0,0,0
Union,Dooley,Appeals Court Judge, Miller,,Write-in,0,0,0,0,0
Union,Gumlog,Appeals Court Judge, Miller,,Write-in,0,0,0,0,0
Union,Pat Colwell,Appeals Court Judge, Miller,,Write-in,1,0,1,0,0
Union,,Appeals Court Judge, Phipps,,HERBERT PHIPPS ,3305,77,2029,1198,1
Union,Blairsville,Appeals Court Judge, Phipps,,HERBERT PHIPPS ,402,26,231,145,0
Union,Coosa,Appeals Court Judge, Phipps,,HERBERT PHIPPS ,413,11,218,184,0
Union,Choestoe,Appeals Court Judge, Phipps,,HERBERT PHIPPS ,268,5,189,73,1
Union,Jones Creek,Appeals Court Judge, Phipps,,HERBERT PHIPPS ,352,3,236,113,0
Union,Owltown,Appeals Court Judge, Phipps,,HERBERT PHIPPS ,280,8,170,102,0
Union,Ivy Log,Appeals Court Judge, Phipps,,HERBERT PHIPPS ,360,2,217,141,0
Union,Suches,Appeals Court Judge, Phipps,,HERBERT PHIPPS ,121,2,102,17,0
Union,Trackrock,Appeals Court Judge, Phipps,,HERBERT PHIPPS ,215,4,136,75,0
Union,Dooley,Appeals Court Judge, Phipps,,HERBERT PHIPPS ,243,7,176,60,0
Union,Gumlog,Appeals Court Judge, Phipps,,HERBERT PHIPPS ,293,1,141,151,0
Union,Pat Colwell,Appeals Court Judge, Phipps,,HERBERT PHIPPS ,358,8,213,137,0
Union,,Appeals Court Judge, Phipps,,Write-in,1,0,0,1,0
Union,Blairsville,Appeals Court Judge, Phipps,,Write-in,1,0,0,1,0
Union,Coosa,Appeals Court Judge, Phipps,,Write-in,0,0,0,0,0
Union,Choestoe,Appeals Court Judge, Phipps,,Write-in,0,0,0,0,0
Union,Jones Creek,Appeals Court Judge, Phipps,,Write-in,0,0,0,0,0
Union,Owltown,Appeals Court Judge, Phipps,,Write-in,0,0,0,0,0
Union,Ivy Log,Appeals Court Judge, Phipps,,Write-in,0,0,0,0,0
Union,Suches,Appeals Court Judge, Phipps,,Write-in,0,0,0,0,0
Union,Trackrock,Appeals Court Judge, Phipps,,Write-in,0,0,0,0,0
Union,Dooley,Appeals Court Judge, Phipps,,Write-in,0,0,0,0,0
Union,Gumlog,Appeals Court Judge, Phipps,,Write-in,0,0,0,0,0
Union,Pat Colwell,Appeals Court Judge, Phipps,,Write-in,0,0,0,0,0
Union,,Superior Court Judge, Enotah Circuit (Miller),,MURPHY C. MILLER ,3466,77,2131,1257,1
Union,Blairsville,Superior Court Judge, Enotah Circuit (Miller),,MURPHY C. MILLER ,444,28,252,164,0
Union,Coosa,Superior Court Judge, Enotah Circuit (Miller),,MURPHY C. MILLER ,439,10,231,198,0
Union,Choestoe,Superior Court Judge, Enotah Circuit (Miller),,MURPHY C. MILLER ,274,5,195,73,1
Union,Jones Creek,Superior Court Judge, Enotah Circuit (Miller),,MURPHY C. MILLER ,366,3,247,116,0
Union,Owltown,Superior Court Judge, Enotah Circuit (Miller),,MURPHY C. MILLER ,295,8,181,106,0
Union,Ivy Log,Superior Court Judge, Enotah Circuit (Miller),,MURPHY C. MILLER ,366,1,220,145,0
Union,Suches,Superior Court Judge, Enotah Circuit (Miller),,MURPHY C. MILLER ,120,2,100,18,0
Union,Trackrock,Superior Court Judge, Enotah Circuit (Miller),,MURPHY C. MILLER ,226,4,146,76,0
Union,Dooley,Superior Court Judge, Enotah Circuit (Miller),,MURPHY C. MILLER ,253,7,186,60,0
Union,Gumlog,Superior Court Judge, Enotah Circuit (Miller),,MURPHY C. MILLER ,309,1,150,158,0
Union,Pat Colwell,Superior Court Judge, Enotah Circuit (Miller),,MURPHY C. MILLER ,374,8,223,143,0
Union,,Superior Court Judge, Enotah Circuit (Miller),,Write-in,13,1,7,5,0
Union,Blairsville,Superior Court Judge, Enotah Circuit (Miller),,Write-in,2,0,1,1,0
Union,Coosa,Superior Court Judge, Enotah Circuit (Miller),,Write-in,0,0,0,0,0
Union,Choestoe,Superior Court Judge, Enotah Circuit (Miller),,Write-in,0,0,0,0,0
Union,Jones Creek,Superior Court Judge, Enotah Circuit (Miller),,Write-in,1,0,1,0,0
Union,Owltown,Superior Court Judge, Enotah Circuit (Miller),,Write-in,2,0,1,1,0
Union,Ivy Log,Superior Court Judge, Enotah Circuit (Miller),,Write-in,3,0,1,2,0
Union,Suches,Superior Court Judge, Enotah Circuit (Miller),,Write-in,1,0,1,0,0
Union,Trackrock,Superior Court Judge, Enotah Circuit (Miller),,Write-in,0,0,0,0,0
Union,Dooley,Superior Court Judge, Enotah Circuit (Miller),,Write-in,2,1,1,0,0
Union,Gumlog,Superior Court Judge, Enotah Circuit (Miller),,Write-in,1,0,0,1,0
Union,Pat Colwell,Superior Court Judge, Enotah Circuit (Miller),,Write-in,1,0,1,0,0
Union,,Probate Judge,,,DWAIN BRACKETT ,3434,80,2133,1220,1
Union,Blairsville,Probate Judge,,,DWAIN BRACKETT ,446,25,259,162,0
Union,Coosa,Probate Judge,,,DWAIN BRACKETT ,451,8,251,192,0
Union,Choestoe,Probate Judge,,,DWAIN BRACKETT ,261,5,184,71,1
Union,Jones Creek,Probate Judge,,,DWAIN BRACKETT ,383,5,263,115,0
Union,Owltown,Probate Judge,,,DWAIN BRACKETT ,328,10,198,120,0
Union,Ivy Log,Probate Judge,,,DWAIN BRACKETT ,319,2,186,131,0
Union,Suches,Probate Judge,,,DWAIN BRACKETT ,152,6,131,15,0
Union,Trackrock,Probate Judge,,,DWAIN BRACKETT ,216,3,140,73,0
Union,Dooley,Probate Judge,,,DWAIN BRACKETT ,215,6,151,58,0
Union,Gumlog,Probate Judge,,,DWAIN BRACKETT ,318,3,164,151,0
Union,Pat Colwell,Probate Judge,,,DWAIN BRACKETT ,345,7,206,132,0
Union,,Probate Judge,,,BARRY WEINSTEIN,1344,28,777,539,0
Union,Blairsville,Probate Judge,,,BARRY WEINSTEIN,153,13,81,59,0
Union,Coosa,Probate Judge,,,BARRY WEINSTEIN,182,5,85,92,0
Union,Choestoe,Probate Judge,,,BARRY WEINSTEIN,106,4,74,28,0
Union,Jones Creek,Probate Judge,,,BARRY WEINSTEIN,123,0,76,47,0
Union,Owltown,Probate Judge,,,BARRY WEINSTEIN,102,1,56,45,0
Union,Ivy Log,Probate Judge,,,BARRY WEINSTEIN,171,0,108,63,0
Union,Suches,Probate Judge,,,BARRY WEINSTEIN,42,0,35,7,0
Union,Trackrock,Probate Judge,,,BARRY WEINSTEIN,80,0,43,37,0
Union,Dooley,Probate Judge,,,BARRY WEINSTEIN,105,3,77,25,0
Union,Gumlog,Probate Judge,,,BARRY WEINSTEIN,118,0,50,68,0
Union,Pat Colwell,Probate Judge,,,BARRY WEINSTEIN,162,2,92,68,0
Union,,Probate Judge,,,Write-in,0,0,0,0,0
Union,Blairsville,Probate Judge,,,Write-in,0,0,0,0,0
Union,Coosa,Probate Judge,,,Write-in,0,0,0,0,0
Union,Choestoe,Probate Judge,,,Write-in,0,0,0,0,0
Union,Jones Creek,Probate Judge,,,Write-in,0,0,0,0,0
Union,Owltown,Probate Judge,,,Write-in,0,0,0,0,0
Union,Ivy Log,Probate Judge,,,Write-in,0,0,0,0,0
Union,Suches,Probate Judge,,,Write-in,0,0,0,0,0
Union,Trackrock,Probate Judge,,,Write-in,0,0,0,0,0
Union,Dooley,Probate Judge,,,Write-in,0,0,0,0,0
Union,Gumlog,Probate Judge,,,Write-in,0,0,0,0,0
Union,Pat Colwell,Probate Judge,,,Write-in,0,0,0,0,0
Union,,Magistrate Court,,,JOHNIE M. GARMON ,3705,83,2271,1350,1
Union,Blairsville,Magistrate Court,,,JOHNIE M. GARMON ,469,27,274,168,0
Union,Coosa,Magistrate Court,,,JOHNIE M. GARMON ,488,10,263,215,0
Union,Choestoe,Magistrate Court,,,JOHNIE M. GARMON ,284,5,197,81,1
Union,Jones Creek,Magistrate Court,,,JOHNIE M. GARMON ,378,3,252,123,0
Union,Owltown,Magistrate Court,,,JOHNIE M. GARMON ,325,10,196,119,0
Union,Ivy Log,Magistrate Court,,,JOHNIE M. GARMON ,387,2,231,154,0
Union,Suches,Magistrate Court,,,JOHNIE M. GARMON ,133,3,112,18,0
Union,Trackrock,Magistrate Court,,,JOHNIE M. GARMON ,240,4,149,87,0
Union,Dooley,Magistrate Court,,,JOHNIE M. GARMON ,265,8,191,66,0
Union,Gumlog,Magistrate Court,,,JOHNIE M. GARMON ,338,1,168,169,0
Union,Pat Colwell,Magistrate Court,,,JOHNIE M. GARMON ,398,10,238,150,0
Union,,Magistrate Court,,,Write-in,10,0,6,4,0
Union,Blairsville,Magistrate Court,,,Write-in,2,0,1,1,0
Union,Coosa,Magistrate Court,,,Write-in,2,0,0,2,0
Union,Choestoe,Magistrate Court,,,Write-in,0,0,0,0,0
Union,Jones Creek,Magistrate Court,,,Write-in,4,0,3,1,0
Union,Owltown,Magistrate Court,,,Write-in,0,0,0,0,0
Union,Ivy Log,Magistrate Court,,,Write-in,0,0,0,0,0
Union,Suches,Magistrate Court,,,Write-in,1,0,1,0,0
Union,Trackrock,Magistrate Court,,,Write-in,0,0,0,0,0
Union,Dooley,Magistrate Court,,,Write-in,0,0,0,0,0
Union,Gumlog,Magistrate Court,,,Write-in,0,0,0,0,0
Union,Pat Colwell,Magistrate Court,,,Write-in,1,0,1,0,0
Union,,TSPLOST,,,YES,1021,22,571,428,0
Union,Blairsville,TSPLOST,,,YES,150,5,82,63,0
Union,Coosa,TSPLOST,,,YES,147,5,63,79,0
Union,Choestoe,TSPLOST,,,YES,60,2,34,24,0
Union,Jones Creek,TSPLOST,,,YES,100,0,63,37,0
Union,Owltown,TSPLOST,,,YES,88,3,45,40,0
Union,Ivy Log,TSPLOST,,,YES,119,2,68,49,0
Union,Suches,TSPLOST,,,YES,50,2,43,5,0
Union,Trackrock,TSPLOST,,,YES,63,0,41,22,0
Union,Dooley,TSPLOST,,,YES,45,1,33,11,0
Union,Gumlog,TSPLOST,,,YES,103,0,44,59,0
Union,Pat Colwell,TSPLOST,,,YES,96,2,55,39,0
Union,,TSPLOST,,,NO,3963,85,2466,1410,2
Union,Blairsville,TSPLOST,,,NO,471,33,271,167,0
Union,Coosa,TSPLOST,,,NO,509,9,284,216,0
Union,Choestoe,TSPLOST,,,NO,327,7,239,79,2
Union,Jones Creek,TSPLOST,,,NO,415,5,285,125,0
Union,Owltown,TSPLOST,,,NO,358,5,216,137,0
Union,Ivy Log,TSPLOST,,,NO,400,1,248,151,0
Union,Suches,TSPLOST,,,NO,155,3,133,19,0
Union,Trackrock,TSPLOST,,,NO,255,4,156,95,0
Union,Dooley,TSPLOST,,,NO,292,8,204,80,0
Union,Gumlog,TSPLOST,,,NO,341,2,172,167,0
Union,Pat Colwell,TSPLOST,,,NO,440,8,258,174,0
