county,precinct,office,district,party,candidate,votes,absentee_by_mail,election_day,advance_in_person,provisional
McDuffie,,"Public Service Commission, District 3",3,REP,CHUCK EATON (I),1693,134,1027,531,1
McDuffie,Queen of Angels,"Public Service Commission, District 3",3,REP,CHUCK EATON (I),32,5,21,6,0
McDuffie,Airport,"Public Service Commission, District 3",3,REP,CHUCK EATON (I),268,20,165,83,0
McDuffie,Fort Creek,"Public Service Commission, District 3",3,REP,CHUCK EATON (I),50,4,42,4,0
McDuffie,Dearing Gym,"Public Service Commission, District 3",3,REP,CHUCK EATON (I),320,16,255,49,0
McDuffie,Vanderhorst,"Public Service Commission, District 3",3,REP,CHUCK EATON (I),155,8,89,58,0
McDuffie,Salem Road,"Public Service Commission, District 3",3,REP,CHUCK EATON (I),409,40,177,191,1
McDuffie,Thomson Depot,"Public Service Commission, District 3",3,REP,CHUCK EATON (I),67,12,30,25,0
McDuffie,Marshall Church,"Public Service Commission, District 3",3,REP,CHUCK EATON (I),208,12,125,71,0
McDuffie,Shrine,"Public Service Commission, District 3",3,REP,CHUCK EATON (I),59,5,36,18,0
McDuffie,Whiteoak,"Public Service Commission, District 3",3,REP,CHUCK EATON (I),125,12,87,26,0
McDuffie,,"Public Service Commission, District 3",3,REP,MATT REID,1016,64,658,294,0
McDuffie,Queen of Angels,"Public Service Commission, District 3",3,REP,MATT REID,17,3,11,3,0
McDuffie,Airport,"Public Service Commission, District 3",3,REP,MATT REID,173,6,116,51,0
McDuffie,Fort Creek,"Public Service Commission, District 3",3,REP,MATT REID,31,2,28,1,0
McDuffie,Dearing Gym,"Public Service Commission, District 3",3,REP,MATT REID,209,8,165,36,0
McDuffie,Vanderhorst,"Public Service Commission, District 3",3,REP,MATT REID,84,5,50,29,0
McDuffie,Salem Road,"Public Service Commission, District 3",3,REP,MATT REID,204,19,94,91,0
McDuffie,Thomson Depot,"Public Service Commission, District 3",3,REP,MATT REID,35,8,13,14,0
McDuffie,Marshall Church,"Public Service Commission, District 3",3,REP,MATT REID,142,6,96,40,0
McDuffie,Shrine,"Public Service Commission, District 3",3,REP,MATT REID,47,3,29,15,0
McDuffie,Whiteoak,"Public Service Commission, District 3",3,REP,MATT REID,74,4,56,14,0
McDuffie,,"Public Service Commission, District 3",3,DEM,STEPHEN OPPENHEIMER,955,75,612,268,0
McDuffie,Queen of Angels,"Public Service Commission, District 3",3,DEM,STEPHEN OPPENHEIMER,133,7,86,40,0
McDuffie,Airport,"Public Service Commission, District 3",3,DEM,STEPHEN OPPENHEIMER,27,2,18,7,0
McDuffie,Fort Creek,"Public Service Commission, District 3",3,DEM,STEPHEN OPPENHEIMER,43,1,33,9,0
McDuffie,Dearing Gym,"Public Service Commission, District 3",3,DEM,STEPHEN OPPENHEIMER,85,4,65,16,0
McDuffie,Vanderhorst,"Public Service Commission, District 3",3,DEM,STEPHEN OPPENHEIMER,225,25,133,67,0
McDuffie,Salem Road,"Public Service Commission, District 3",3,DEM,STEPHEN OPPENHEIMER,118,8,79,31,0
McDuffie,Thomson Depot,"Public Service Commission, District 3",3,DEM,STEPHEN OPPENHEIMER,180,21,97,62,0
McDuffie,Marshall Church,"Public Service Commission, District 3",3,DEM,STEPHEN OPPENHEIMER,55,3,36,16,0
McDuffie,Shrine,"Public Service Commission, District 3",3,DEM,STEPHEN OPPENHEIMER,23,0,18,5,0
McDuffie,Whiteoak,"Public Service Commission, District 3",3,DEM,STEPHEN OPPENHEIMER,66,4,47,15,0
McDuffie,,"Public Service Commission, District 5",5,REP,PAM DAVIDSON,1091,69,690,332,0
McDuffie,Queen of Angels,"Public Service Commission, District 5",5,REP,PAM DAVIDSON,26,3,18,5,0
McDuffie,Airport,"Public Service Commission, District 5",5,REP,PAM DAVIDSON,180,8,111,61,0
McDuffie,Fort Creek,"Public Service Commission, District 5",5,REP,PAM DAVIDSON,33,2,30,1,0
McDuffie,Dearing Gym,"Public Service Commission, District 5",5,REP,PAM DAVIDSON,205,10,156,39,0
McDuffie,Vanderhorst,"Public Service Commission, District 5",5,REP,PAM DAVIDSON,88,4,57,27,0
McDuffie,Salem Road,"Public Service Commission, District 5",5,REP,PAM DAVIDSON,245,21,113,111,0
McDuffie,Thomson Depot,"Public Service Commission, District 5",5,REP,PAM DAVIDSON,36,6,19,11,0
McDuffie,Marshall Church,"Public Service Commission, District 5",5,REP,PAM DAVIDSON,142,5,94,43,0
McDuffie,Shrine,"Public Service Commission, District 5",5,REP,PAM DAVIDSON,50,5,27,18,0
McDuffie,Whiteoak,"Public Service Commission, District 5",5,REP,PAM DAVIDSON,86,5,65,16,0
McDuffie,,"Public Service Commission, District 5",5,REP,STAN WISE (I),1601,129,980,491,1
McDuffie,Queen of Angels,"Public Service Commission, District 5",5,REP,STAN WISE (I),21,5,14,2,0
McDuffie,Airport,"Public Service Commission, District 5",5,REP,STAN WISE (I),261,17,170,74,0
McDuffie,Fort Creek,"Public Service Commission, District 5",5,REP,STAN WISE (I),48,4,40,4,0
McDuffie,Dearing Gym,"Public Service Commission, District 5",5,REP,STAN WISE (I),318,14,258,46,0
McDuffie,Vanderhorst,"Public Service Commission, District 5",5,REP,STAN WISE (I),146,9,78,59,0
McDuffie,Salem Road,"Public Service Commission, District 5",5,REP,STAN WISE (I),373,39,159,174,1
McDuffie,Thomson Depot,"Public Service Commission, District 5",5,REP,STAN WISE (I),66,14,25,27,0
McDuffie,Marshall Church,"Public Service Commission, District 5",5,REP,STAN WISE (I),204,13,124,67,0
McDuffie,Shrine,"Public Service Commission, District 5",5,REP,STAN WISE (I),53,3,37,13,0
McDuffie,Whiteoak,"Public Service Commission, District 5",5,REP,STAN WISE (I),111,11,75,25,0
McDuffie,,"U.S. Representative, District 10",10,REP,PAUL C. BROUN (I),2163,183,1347,633,0
McDuffie,Queen of Angels,"U.S. Representative, District 10",10,REP,PAUL C. BROUN (I),42,9,25,8,0
McDuffie,Airport,"U.S. Representative, District 10",10,REP,PAUL C. BROUN (I),378,24,236,118,0
McDuffie,Fort Creek,"U.S. Representative, District 10",10,REP,PAUL C. BROUN (I),64,5,53,6,0
McDuffie,Dearing Gym,"U.S. Representative, District 10",10,REP,PAUL C. BROUN (I),450,22,355,73,0
McDuffie,Vanderhorst,"U.S. Representative, District 10",10,REP,PAUL C. BROUN (I),171,9,100,62,0
McDuffie,Salem Road,"U.S. Representative, District 10",10,REP,PAUL C. BROUN (I),471,55,214,202,0
McDuffie,Thomson Depot,"U.S. Representative, District 10",10,REP,PAUL C. BROUN (I),69,17,28,24,0
McDuffie,Marshall Church,"U.S. Representative, District 10",10,REP,PAUL C. BROUN (I),282,21,173,88,0
McDuffie,Shrine,"U.S. Representative, District 10",10,REP,PAUL C. BROUN (I),85,8,49,28,0
McDuffie,Whiteoak,"U.S. Representative, District 10",10,REP,PAUL C. BROUN (I),151,13,114,24,0
McDuffie,,"U.S. Representative, District 10",10,REP,STEPHEN K. SIMPSON,773,31,480,261,1
McDuffie,Queen of Angels,"U.S. Representative, District 10",10,REP,STEPHEN K. SIMPSON,11,0,9,2,0
McDuffie,Airport,"U.S. Representative, District 10",10,REP,STEPHEN K. SIMPSON,103,3,71,29,0
McDuffie,Fort Creek,"U.S. Representative, District 10",10,REP,STEPHEN K. SIMPSON,19,1,18,0,0
McDuffie,Dearing Gym,"U.S. Representative, District 10",10,REP,STEPHEN K. SIMPSON,120,5,95,20,0
McDuffie,Vanderhorst,"U.S. Representative, District 10",10,REP,STEPHEN K. SIMPSON,86,4,49,33,0
McDuffie,Salem Road,"U.S. Representative, District 10",10,REP,STEPHEN K. SIMPSON,201,11,82,107,1
McDuffie,Thomson Depot,"U.S. Representative, District 10",10,REP,STEPHEN K. SIMPSON,40,3,19,18,0
McDuffie,Marshall Church,"U.S. Representative, District 10",10,REP,STEPHEN K. SIMPSON,103,0,74,29,0
McDuffie,Shrine,"U.S. Representative, District 10",10,REP,STEPHEN K. SIMPSON,26,1,19,6,0
McDuffie,Whiteoak,"U.S. Representative, District 10",10,REP,STEPHEN K. SIMPSON,64,3,44,17,0
McDuffie,,"State Senator, District 23",23,REP,JESSE STONE (I),2392,178,1498,715,1
McDuffie,Queen of Angels,"State Senator, District 23",23,REP,JESSE STONE (I),40,7,25,8,0
McDuffie,Airport,"State Senator, District 23",23,REP,JESSE STONE (I),386,20,249,117,0
McDuffie,Fort Creek,"State Senator, District 23",23,REP,JESSE STONE (I),72,5,62,5,0
McDuffie,Dearing Gym,"State Senator, District 23",23,REP,JESSE STONE (I),464,22,377,65,0
McDuffie,Vanderhorst,"State Senator, District 23",23,REP,JESSE STONE (I),213,13,122,78,0
McDuffie,Salem Road,"State Senator, District 23",23,REP,JESSE STONE (I),564,60,245,258,1
McDuffie,Thomson Depot,"State Senator, District 23",23,REP,JESSE STONE (I),86,17,37,32,0
McDuffie,Marshall Church,"State Senator, District 23",23,REP,JESSE STONE (I),314,16,204,94,0
McDuffie,Shrine,"State Senator, District 23",23,REP,JESSE STONE (I),81,4,52,25,0
McDuffie,Whiteoak,"State Senator, District 23",23,REP,JESSE STONE (I),172,14,125,33,0
McDuffie,,"State Senator, District 23",23,DEM,ROBERT INGHAM,947,74,602,271,0
McDuffie,Queen of Angels,"State Senator, District 23",23,DEM,ROBERT INGHAM,126,7,82,37,0
McDuffie,Airport,"State Senator, District 23",23,DEM,ROBERT INGHAM,30,2,22,6,0
McDuffie,Fort Creek,"State Senator, District 23",23,DEM,ROBERT INGHAM,43,1,33,9,0
McDuffie,Dearing Gym,"State Senator, District 23",23,DEM,ROBERT INGHAM,84,4,65,15,0
McDuffie,Vanderhorst,"State Senator, District 23",23,DEM,ROBERT INGHAM,222,24,126,72,0
McDuffie,Salem Road,"State Senator, District 23",23,DEM,ROBERT INGHAM,122,8,82,32,0
McDuffie,Thomson Depot,"State Senator, District 23",23,DEM,ROBERT INGHAM,176,22,92,62,0
McDuffie,Marshall Church,"State Senator, District 23",23,DEM,ROBERT INGHAM,52,3,33,16,0
McDuffie,Shrine,"State Senator, District 23",23,DEM,ROBERT INGHAM,26,0,19,7,0
McDuffie,Whiteoak,"State Senator, District 23",23,DEM,ROBERT INGHAM,66,3,48,15,0
McDuffie,,"State Representative, District 121",121,REP,BARRY FLEMING,1409,118,886,404,1
McDuffie,Airport,"State Representative, District 121",121,REP,BARRY FLEMING,249,20,155,74,0
McDuffie,Fort Creek,"State Representative, District 121",121,REP,BARRY FLEMING,39,2,36,1,0
McDuffie,Dearing Gym,"State Representative, District 121",121,REP,BARRY FLEMING,308,16,248,44,0
McDuffie,Salem Road,"State Representative, District 121",121,REP,BARRY FLEMING,379,37,170,171,1
McDuffie,Thomson Depot,"State Representative, District 121",121,REP,BARRY FLEMING,58,13,28,17,0
McDuffie,Marshall Church,"State Representative, District 121",121,REP,BARRY FLEMING,184,9,118,57,0
McDuffie,Shrine,"State Representative, District 121",121,REP,BARRY FLEMING,66,9,37,20,0
McDuffie,Whiteoak,"State Representative, District 121",121,REP,BARRY FLEMING,126,12,94,20,0
McDuffie,,"State Representative, District 121",121,REP,MIKE POPPLEWELL,1251,72,785,394,0
McDuffie,Airport,"State Representative, District 121",121,REP,MIKE POPPLEWELL,246,8,162,76,0
McDuffie,Fort Creek,"State Representative, District 121",121,REP,MIKE POPPLEWELL,40,3,33,4,0
McDuffie,Dearing Gym,"State Representative, District 121",121,REP,MIKE POPPLEWELL,264,9,204,51,0
McDuffie,Salem Road,"State Representative, District 121",121,REP,MIKE POPPLEWELL,304,30,133,141,0
McDuffie,Thomson Depot,"State Representative, District 121",121,REP,MIKE POPPLEWELL,51,8,20,23,0
McDuffie,Marshall Church,"State Representative, District 121",121,REP,MIKE POPPLEWELL,206,9,135,62,0
McDuffie,Shrine,"State Representative, District 121",121,REP,MIKE POPPLEWELL,50,0,34,16,0
McDuffie,Whiteoak,"State Representative, District 121",121,REP,MIKE POPPLEWELL,90,5,64,21,0
McDuffie,,"State Representative, District 128",128,DEM,MACK JACKSON (I),368,32,229,107,0
McDuffie,Queen of Angels,"State Representative, District 128",128,DEM,MACK JACKSON (I),136,7,93,36,0
McDuffie,Vanderhorst,"State Representative, District 128",128,DEM,MACK JACKSON (I),232,25,136,71,0
McDuffie,,"District Attorney, Toombs Circuit", Toombs Circuit - DEM,DEM,DENNIS SANDERS (I),1205,97,760,348,0
McDuffie,Queen of Angels,"District Attorney, Toombs Circuit", Toombs Circuit - DEM,DEM,DENNIS SANDERS (I),162,11,108,43,0
McDuffie,Airport,"District Attorney, Toombs Circuit", Toombs Circuit - DEM,DEM,DENNIS SANDERS (I),37,3,22,12,0
McDuffie,Fort Creek,"District Attorney, Toombs Circuit", Toombs Circuit - DEM,DEM,DENNIS SANDERS (I),58,3,41,14,0
McDuffie,Dearing Gym,"District Attorney, Toombs Circuit", Toombs Circuit - DEM,DEM,DENNIS SANDERS (I),99,6,74,19,0
McDuffie,Vanderhorst,"District Attorney, Toombs Circuit", Toombs Circuit - DEM,DEM,DENNIS SANDERS (I),274,27,160,87,0
McDuffie,Salem Road,"District Attorney, Toombs Circuit", Toombs Circuit - DEM,DEM,DENNIS SANDERS (I),149,7,103,39,0
McDuffie,Thomson Depot,"District Attorney, Toombs Circuit", Toombs Circuit - DEM,DEM,DENNIS SANDERS (I),236,29,124,83,0
McDuffie,Marshall Church,"District Attorney, Toombs Circuit", Toombs Circuit - DEM,DEM,DENNIS SANDERS (I),68,3,46,19,0
McDuffie,Shrine,"District Attorney, Toombs Circuit", Toombs Circuit - DEM,DEM,DENNIS SANDERS (I),39,3,24,12,0
McDuffie,Whiteoak,"District Attorney, Toombs Circuit", Toombs Circuit - DEM,DEM,DENNIS SANDERS (I),83,5,58,20,0
McDuffie,,Superior Court Clerk,,,CONNIE CHEATHAM ,2605,194,1603,807,1
McDuffie,Queen of Angels,Superior Court Clerk,,,CONNIE CHEATHAM ,49,9,31,9,0
McDuffie,Airport,Superior Court Clerk,,,CONNIE CHEATHAM ,429,24,272,133,0
McDuffie,Fort Creek,Superior Court Clerk,,,CONNIE CHEATHAM ,75,5,64,6,0
McDuffie,Dearing Gym,Superior Court Clerk,,,CONNIE CHEATHAM ,491,25,385,81,0
McDuffie,Vanderhorst,Superior Court Clerk,,,CONNIE CHEATHAM ,231,14,129,88,0
McDuffie,Salem Road,Superior Court Clerk,,,CONNIE CHEATHAM ,620,63,267,289,1
McDuffie,Thomson Depot,Superior Court Clerk,,,CONNIE CHEATHAM ,92,16,41,35,0
McDuffie,Marshall Church,Superior Court Clerk,,,CONNIE CHEATHAM ,343,17,225,101,0
McDuffie,Shrine,Superior Court Clerk,,,CONNIE CHEATHAM ,89,4,56,29,0
McDuffie,Whiteoak,Superior Court Clerk,,,CONNIE CHEATHAM ,186,17,133,36,0
McDuffie,,Sheriff,,,LOGAN MARSHALL ,1309,101,835,373,0
McDuffie,Queen of Angels,Sheriff,,,LOGAN MARSHALL ,180,11,118,51,0
McDuffie,Airport,Sheriff,,,LOGAN MARSHALL ,35,2,22,11,0
McDuffie,Fort Creek,Sheriff,,,LOGAN MARSHALL ,68,2,49,17,0
McDuffie,Dearing Gym,Sheriff,,,LOGAN MARSHALL ,105,7,79,19,0
McDuffie,Vanderhorst,Sheriff,,,LOGAN MARSHALL ,295,30,168,97,0
McDuffie,Salem Road,Sheriff,,,LOGAN MARSHALL ,164,8,115,41,0
McDuffie,Thomson Depot,Sheriff,,,LOGAN MARSHALL ,259,30,141,88,0
McDuffie,Marshall Church,Sheriff,,,LOGAN MARSHALL ,68,3,48,17,0
McDuffie,Shrine,Sheriff,,,LOGAN MARSHALL ,41,3,27,11,0
McDuffie,Whiteoak,Sheriff,,,LOGAN MARSHALL ,94,5,68,21,0
McDuffie,,Tax Commissioner,,,SANDRA WHITAKER ,2607,197,1623,786,1
McDuffie,Queen of Angels,Tax Commissioner,,,SANDRA WHITAKER ,50,9,31,10,0
McDuffie,Airport,Tax Commissioner,,,SANDRA WHITAKER ,422,24,266,132,0
McDuffie,Fort Creek,Tax Commissioner,,,SANDRA WHITAKER ,76,5,65,6,0
McDuffie,Dearing Gym,Tax Commissioner,,,SANDRA WHITAKER ,511,25,407,79,0
McDuffie,Vanderhorst,Tax Commissioner,,,SANDRA WHITAKER ,226,14,129,83,0
McDuffie,Salem Road,Tax Commissioner,,,SANDRA WHITAKER ,611,63,269,278,1
McDuffie,Thomson Depot,Tax Commissioner,,,SANDRA WHITAKER ,94,18,44,32,0
McDuffie,Marshall Church,Tax Commissioner,,,SANDRA WHITAKER ,337,18,220,99,0
McDuffie,Shrine,Tax Commissioner,,,SANDRA WHITAKER ,92,4,58,30,0
McDuffie,Whiteoak,Tax Commissioner,,,SANDRA WHITAKER ,188,17,134,37,0
McDuffie,,Coroner,,,PAUL F. JOHNSON,964,53,663,248,0
McDuffie,Queen of Angels,Coroner,,,PAUL F. JOHNSON,16,1,12,3,0
McDuffie,Airport,Coroner,,,PAUL F. JOHNSON,148,9,93,46,0
McDuffie,Fort Creek,Coroner,,,PAUL F. JOHNSON,31,3,26,2,0
McDuffie,Dearing Gym,Coroner,,,PAUL F. JOHNSON,239,9,200,30,0
McDuffie,Vanderhorst,Coroner,,,PAUL F. JOHNSON,75,5,51,19,0
McDuffie,Salem Road,Coroner,,,PAUL F. JOHNSON,186,13,93,80,0
McDuffie,Thomson Depot,Coroner,,,PAUL F. JOHNSON,22,3,11,8,0
McDuffie,Marshall Church,Coroner,,,PAUL F. JOHNSON,121,6,80,35,0
McDuffie,Shrine,Coroner,,,PAUL F. JOHNSON,29,1,25,3,0
McDuffie,Whiteoak,Coroner,,,PAUL F. JOHNSON,97,3,72,22,0
McDuffie,,Coroner,,,J. FOSTER WYLIE,1867,159,1074,633,1
McDuffie,Queen of Angels,Coroner,,,J. FOSTER WYLIE,35,8,21,6,0
McDuffie,Airport,Coroner,,,J. FOSTER WYLIE,312,19,195,98,0
McDuffie,Fort Creek,Coroner,,,J. FOSTER WYLIE,48,3,42,3,0
McDuffie,Dearing Gym,Coroner,,,J. FOSTER WYLIE,295,15,218,62,0
McDuffie,Vanderhorst,Coroner,,,J. FOSTER WYLIE,175,10,91,74,0
McDuffie,Salem Road,Coroner,,,J. FOSTER WYLIE,473,51,196,225,1
McDuffie,Thomson Depot,Coroner,,,J. FOSTER WYLIE,85,18,35,32,0
McDuffie,Marshall Church,Coroner,,,J. FOSTER WYLIE,249,14,154,81,0
McDuffie,Shrine,Coroner,,,J. FOSTER WYLIE,81,8,41,32,0
McDuffie,Whiteoak,Coroner,,,J. FOSTER WYLIE,114,13,81,20,0
McDuffie,,Coroner,,,ED LEWIS,1166,96,740,330,0
McDuffie,Queen of Angels,Coroner,,,ED LEWIS,157,11,106,40,0
McDuffie,Airport,Coroner,,,ED LEWIS,34,3,23,8,0
McDuffie,Fort Creek,Coroner,,,ED LEWIS,53,2,40,11,0
McDuffie,Dearing Gym,Coroner,,,ED LEWIS,90,6,67,17,0
McDuffie,Vanderhorst,Coroner,,,ED LEWIS,271,30,153,88,0
McDuffie,Salem Road,Coroner,,,ED LEWIS,146,7,100,39,0
McDuffie,Thomson Depot,Coroner,,,ED LEWIS,240,29,128,83,0
McDuffie,Marshall Church,Coroner,,,ED LEWIS,61,3,42,16,0
McDuffie,Shrine,Coroner,,,ED LEWIS,34,0,23,11,0
McDuffie,Whiteoak,Coroner,,,ED LEWIS,80,5,58,17,0
McDuffie,,County Comm Chair,,,CHARLES NEWTON ,2428,184,1496,747,1
McDuffie,Queen of Angels,County Comm Chair,,,CHARLES NEWTON ,45,8,27,10,0
McDuffie,Airport,County Comm Chair,,,CHARLES NEWTON ,397,22,252,123,0
McDuffie,Fort Creek,County Comm Chair,,,CHARLES NEWTON ,63,5,52,6,0
McDuffie,Dearing Gym,County Comm Chair,,,CHARLES NEWTON ,485,22,386,77,0
McDuffie,Vanderhorst,County Comm Chair,,,CHARLES NEWTON ,209,14,115,80,0
McDuffie,Salem Road,County Comm Chair,,,CHARLES NEWTON ,585,62,255,267,1
McDuffie,Thomson Depot,County Comm Chair,,,CHARLES NEWTON ,89,16,40,33,0
McDuffie,Marshall Church,County Comm Chair,,,CHARLES NEWTON ,307,15,201,91,0
McDuffie,Shrine,County Comm Chair,,,CHARLES NEWTON ,87,4,56,27,0
McDuffie,Whiteoak,County Comm Chair,,,CHARLES NEWTON ,161,16,112,33,0
McDuffie,,County Comm 2A,,,PAUL W. MCCORKLE ,1179,81,794,304,0
McDuffie,Airport,County Comm 2A,,,PAUL W. MCCORKLE ,247,17,168,62,0
McDuffie,Dearing Gym,County Comm 2A,,,PAUL W. MCCORKLE ,339,15,275,49,0
McDuffie,Vanderhorst,County Comm 2A,,,PAUL W. MCCORKLE ,14,0,7,7,0
McDuffie,Salem Road,County Comm 2A,,,PAUL W. MCCORKLE ,239,25,121,93,0
McDuffie,Marshall Church,County Comm 2A,,,PAUL W. MCCORKLE ,202,12,122,68,0
McDuffie,Whiteoak,County Comm 2A,,,PAUL W. MCCORKLE ,138,12,101,25,0
McDuffie,,County Comm 2A,,,GLORIA THOMPSON,1084,72,631,380,1
McDuffie,Airport,County Comm 2A,,,GLORIA THOMPSON,251,12,153,86,0
McDuffie,Dearing Gym,County Comm 2A,,,GLORIA THOMPSON,197,9,147,41,0
McDuffie,Vanderhorst,County Comm 2A,,,GLORIA THOMPSON,21,2,6,13,0
McDuffie,Salem Road,County Comm 2A,,,GLORIA THOMPSON,353,35,144,173,1
McDuffie,Marshall Church,County Comm 2A,,,GLORIA THOMPSON,184,9,125,50,0
McDuffie,Whiteoak,County Comm 2A,,,GLORIA THOMPSON,78,5,56,17,0
McDuffie,,County Comm 2B,,,BILL JOPLING ,1771,125,1092,553,1
McDuffie,Airport,County Comm 2B,,,BILL JOPLING ,391,24,250,117,0
McDuffie,Dearing Gym,County Comm 2B,,,BILL JOPLING ,369,15,295,59,0
McDuffie,Vanderhorst,County Comm 2B,,,BILL JOPLING ,31,1,10,20,0
McDuffie,Salem Road,County Comm 2B,,,BILL JOPLING ,482,54,205,222,1
McDuffie,Marshall Church,County Comm 2B,,,BILL JOPLING ,318,15,202,101,0
McDuffie,Whiteoak,County Comm 2B,,,BILL JOPLING ,180,16,130,34,0
McDuffie,,County Comm 2B,,,RAY SILVERSTEIN,459,29,305,125,0
McDuffie,Airport,County Comm 2B,,,RAY SILVERSTEIN,97,5,60,32,0
McDuffie,Dearing Gym,County Comm 2B,,,RAY SILVERSTEIN,155,8,120,27,0
McDuffie,Vanderhorst,County Comm 2B,,,RAY SILVERSTEIN,4,1,3,0,0
McDuffie,Salem Road,County Comm 2B,,,RAY SILVERSTEIN,104,8,54,42,0
McDuffie,Marshall Church,County Comm 2B,,,RAY SILVERSTEIN,64,6,42,16,0
McDuffie,Whiteoak,County Comm 2B,,,RAY SILVERSTEIN,35,1,26,8,0
McDuffie,,Republican Party Question 1<br>Should Georgia have casino gambling with funds going to education?,,REP,YES,1360,81,852,426,1
McDuffie,Queen of Angels,Republican Party Question 1<br>Should Georgia have casino gambling with funds going to education?,,REP,YES,27,4,18,5,0
McDuffie,Airport,Republican Party Question 1<br>Should Georgia have casino gambling with funds going to education?,,REP,YES,242,12,157,73,0
McDuffie,Fort Creek,Republican Party Question 1<br>Should Georgia have casino gambling with funds going to education?,,REP,YES,38,2,34,2,0
McDuffie,Dearing Gym,Republican Party Question 1<br>Should Georgia have casino gambling with funds going to education?,,REP,YES,239,6,190,43,0
McDuffie,Vanderhorst,Republican Party Question 1<br>Should Georgia have casino gambling with funds going to education?,,REP,YES,114,6,60,48,0
McDuffie,Salem Road,Republican Party Question 1<br>Should Georgia have casino gambling with funds going to education?,,REP,YES,302,24,135,142,1
McDuffie,Thomson Depot,Republican Party Question 1<br>Should Georgia have casino gambling with funds going to education?,,REP,YES,47,4,26,17,0
McDuffie,Marshall Church,Republican Party Question 1<br>Should Georgia have casino gambling with funds going to education?,,REP,YES,179,9,113,57,0
McDuffie,Shrine,Republican Party Question 1<br>Should Georgia have casino gambling with funds going to education?,,REP,YES,58,7,28,23,0
McDuffie,Whiteoak,Republican Party Question 1<br>Should Georgia have casino gambling with funds going to education?,,REP,YES,114,7,91,16,0
McDuffie,,Republican Party Question 1<br>Should Georgia have casino gambling with funds going to education?,,REP,NO,1639,136,1021,482,0
McDuffie,Queen of Angels,Republican Party Question 1<br>Should Georgia have casino gambling with funds going to education?,,REP,NO,25,5,15,5,0
McDuffie,Airport,Republican Party Question 1<br>Should Georgia have casino gambling with funds going to education?,,REP,NO,259,17,164,78,0
McDuffie,Fort Creek,Republican Party Question 1<br>Should Georgia have casino gambling with funds going to education?,,REP,NO,44,3,37,4,0
McDuffie,Dearing Gym,Republican Party Question 1<br>Should Georgia have casino gambling with funds going to education?,,REP,NO,343,20,271,52,0
McDuffie,Vanderhorst,Republican Party Question 1<br>Should Georgia have casino gambling with funds going to education?,,REP,NO,148,9,93,46,0
McDuffie,Salem Road,Republican Party Question 1<br>Should Georgia have casino gambling with funds going to education?,,REP,NO,387,43,169,175,0
McDuffie,Thomson Depot,Republican Party Question 1<br>Should Georgia have casino gambling with funds going to education?,,REP,NO,59,16,18,25,0
McDuffie,Marshall Church,Republican Party Question 1<br>Should Georgia have casino gambling with funds going to education?,,REP,NO,215,12,143,60,0
McDuffie,Shrine,Republican Party Question 1<br>Should Georgia have casino gambling with funds going to education?,,REP,NO,55,2,42,11,0
McDuffie,Whiteoak,Republican Party Question 1<br>Should Georgia have casino gambling with funds going to education?,,REP,NO,104,9,69,26,0
McDuffie,,Republican Party Question 2<br>Do you support ending the current practice of unlimited gifts from lobbyists to state legislators by imposing a $100 cap on such gifts?,,REP,YES,2553,199,1582,772,0
McDuffie,Queen of Angels,Republican Party Question 2<br>Do you support ending the current practice of unlimited gifts from lobbyists to state legislators by imposing a $100 cap on such gifts?,,REP,YES,38,6,29,3,0
McDuffie,Airport,Republican Party Question 2<br>Do you support ending the current practice of unlimited gifts from lobbyists to state legislators by imposing a $100 cap on such gifts?,,REP,YES,435,27,276,132,0
McDuffie,Fort Creek,Republican Party Question 2<br>Do you support ending the current practice of unlimited gifts from lobbyists to state legislators by imposing a $100 cap on such gifts?,,REP,YES,66,5,57,4,0
McDuffie,Dearing Gym,Republican Party Question 2<br>Do you support ending the current practice of unlimited gifts from lobbyists to state legislators by imposing a $100 cap on such gifts?,,REP,YES,498,25,394,79,0
McDuffie,Vanderhorst,Republican Party Question 2<br>Do you support ending the current practice of unlimited gifts from lobbyists to state legislators by imposing a $100 cap on such gifts?,,REP,YES,214,13,118,83,0
McDuffie,Salem Road,Republican Party Question 2<br>Do you support ending the current practice of unlimited gifts from lobbyists to state legislators by imposing a $100 cap on such gifts?,,REP,YES,583,61,261,261,0
McDuffie,Thomson Depot,Republican Party Question 2<br>Do you support ending the current practice of unlimited gifts from lobbyists to state legislators by imposing a $100 cap on such gifts?,,REP,YES,92,19,37,36,0
McDuffie,Marshall Church,Republican Party Question 2<br>Do you support ending the current practice of unlimited gifts from lobbyists to state legislators by imposing a $100 cap on such gifts?,,REP,YES,336,20,211,105,0
McDuffie,Shrine,Republican Party Question 2<br>Do you support ending the current practice of unlimited gifts from lobbyists to state legislators by imposing a $100 cap on such gifts?,,REP,YES,99,7,62,30,0
McDuffie,Whiteoak,Republican Party Question 2<br>Do you support ending the current practice of unlimited gifts from lobbyists to state legislators by imposing a $100 cap on such gifts?,,REP,YES,192,16,137,39,0
McDuffie,,Republican Party Question 2<br>Do you support ending the current practice of unlimited gifts from lobbyists to state legislators by imposing a $100 cap on such gifts?,,REP,NO,410,19,263,128,0
McDuffie,Queen of Angels,Republican Party Question 2<br>Do you support ending the current practice of unlimited gifts from lobbyists to state legislators by imposing a $100 cap on such gifts?,,REP,NO,13,3,4,6,0
McDuffie,Airport,Republican Party Question 2<br>Do you support ending the current practice of unlimited gifts from lobbyists to state legislators by imposing a $100 cap on such gifts?,,REP,NO,60,2,40,18,0
McDuffie,Fort Creek,Republican Party Question 2<br>Do you support ending the current practice of unlimited gifts from lobbyists to state legislators by imposing a $100 cap on such gifts?,,REP,NO,16,1,14,1,0
McDuffie,Dearing Gym,Republican Party Question 2<br>Do you support ending the current practice of unlimited gifts from lobbyists to state legislators by imposing a $100 cap on such gifts?,,REP,NO,83,2,65,16,0
McDuffie,Vanderhorst,Republican Party Question 2<br>Do you support ending the current practice of unlimited gifts from lobbyists to state legislators by imposing a $100 cap on such gifts?,,REP,NO,40,2,27,11,0
McDuffie,Salem Road,Republican Party Question 2<br>Do you support ending the current practice of unlimited gifts from lobbyists to state legislators by imposing a $100 cap on such gifts?,,REP,NO,100,5,40,55,0
McDuffie,Thomson Depot,Republican Party Question 2<br>Do you support ending the current practice of unlimited gifts from lobbyists to state legislators by imposing a $100 cap on such gifts?,,REP,NO,12,1,6,5,0
McDuffie,Marshall Church,Republican Party Question 2<br>Do you support ending the current practice of unlimited gifts from lobbyists to state legislators by imposing a $100 cap on such gifts?,,REP,NO,48,0,38,10,0
McDuffie,Shrine,Republican Party Question 2<br>Do you support ending the current practice of unlimited gifts from lobbyists to state legislators by imposing a $100 cap on such gifts?,,REP,NO,14,2,8,4,0
McDuffie,Whiteoak,Republican Party Question 2<br>Do you support ending the current practice of unlimited gifts from lobbyists to state legislators by imposing a $100 cap on such gifts?,,REP,NO,24,1,21,2,0
McDuffie,,Republican Party Question 3<br>Should active duty military personnel who are under the age of 21 be allowed to obtain a Georgia weapons license?,,REP,YES,1964,132,1253,579,0
McDuffie,Queen of Angels,Republican Party Question 3<br>Should active duty military personnel who are under the age of 21 be allowed to obtain a Georgia weapons license?,,REP,YES,32,3,23,6,0
McDuffie,Airport,Republican Party Question 3<br>Should active duty military personnel who are under the age of 21 be allowed to obtain a Georgia weapons license?,,REP,YES,321,18,213,90,0
McDuffie,Fort Creek,Republican Party Question 3<br>Should active duty military personnel who are under the age of 21 be allowed to obtain a Georgia weapons license?,,REP,YES,55,3,50,2,0
McDuffie,Dearing Gym,Republican Party Question 3<br>Should active duty military personnel who are under the age of 21 be allowed to obtain a Georgia weapons license?,,REP,YES,376,18,296,62,0
McDuffie,Vanderhorst,Republican Party Question 3<br>Should active duty military personnel who are under the age of 21 be allowed to obtain a Georgia weapons license?,,REP,YES,171,10,101,60,0
McDuffie,Salem Road,Republican Party Question 3<br>Should active duty military personnel who are under the age of 21 be allowed to obtain a Georgia weapons license?,,REP,YES,429,38,199,192,0
McDuffie,Thomson Depot,Republican Party Question 3<br>Should active duty military personnel who are under the age of 21 be allowed to obtain a Georgia weapons license?,,REP,YES,74,15,32,27,0
McDuffie,Marshall Church,Republican Party Question 3<br>Should active duty military personnel who are under the age of 21 be allowed to obtain a Georgia weapons license?,,REP,YES,269,13,169,87,0
McDuffie,Shrine,Republican Party Question 3<br>Should active duty military personnel who are under the age of 21 be allowed to obtain a Georgia weapons license?,,REP,YES,89,6,60,23,0
McDuffie,Whiteoak,Republican Party Question 3<br>Should active duty military personnel who are under the age of 21 be allowed to obtain a Georgia weapons license?,,REP,YES,148,8,110,30,0
McDuffie,,Republican Party Question 3<br>Should active duty military personnel who are under the age of 21 be allowed to obtain a Georgia weapons license?,,REP,NO,1020,85,613,321,1
McDuffie,Queen of Angels,Republican Party Question 3<br>Should active duty military personnel who are under the age of 21 be allowed to obtain a Georgia weapons license?,,REP,NO,21,6,11,4,0
McDuffie,Airport,Republican Party Question 3<br>Should active duty military personnel who are under the age of 21 be allowed to obtain a Georgia weapons license?,,REP,NO,177,11,106,60,0
McDuffie,Fort Creek,Republican Party Question 3<br>Should active duty military personnel who are under the age of 21 be allowed to obtain a Georgia weapons license?,,REP,NO,27,3,21,3,0
McDuffie,Dearing Gym,Republican Party Question 3<br>Should active duty military personnel who are under the age of 21 be allowed to obtain a Georgia weapons license?,,REP,NO,205,7,165,33,0
McDuffie,Vanderhorst,Republican Party Question 3<br>Should active duty military personnel who are under the age of 21 be allowed to obtain a Georgia weapons license?,,REP,NO,87,5,50,32,0
McDuffie,Salem Road,Republican Party Question 3<br>Should active duty military personnel who are under the age of 21 be allowed to obtain a Georgia weapons license?,,REP,NO,257,27,106,123,1
McDuffie,Thomson Depot,Republican Party Question 3<br>Should active duty military personnel who are under the age of 21 be allowed to obtain a Georgia weapons license?,,REP,NO,33,6,12,15,0
McDuffie,Marshall Church,Republican Party Question 3<br>Should active duty military personnel who are under the age of 21 be allowed to obtain a Georgia weapons license?,,REP,NO,118,8,82,28,0
McDuffie,Shrine,Republican Party Question 3<br>Should active duty military personnel who are under the age of 21 be allowed to obtain a Georgia weapons license?,,REP,NO,25,3,11,11,0
McDuffie,Whiteoak,Republican Party Question 3<br>Should active duty military personnel who are under the age of 21 be allowed to obtain a Georgia weapons license?,,REP,NO,70,9,49,12,0
McDuffie,,Republican Party Question 4<br>Should Citizens who wish to vote in a primary election be required to register by their political party affiliation at least thirty (30) days prior to such primary election?,,REP,YES,1445,134,894,416,1
McDuffie,Queen of Angels,Republican Party Question 4<br>Should Citizens who wish to vote in a primary election be required to register by their political party affiliation at least thirty (30) days prior to such primary election?,,REP,YES,28,6,17,5,0
McDuffie,Airport,Republican Party Question 4<br>Should Citizens who wish to vote in a primary election be required to register by their political party affiliation at least thirty (30) days prior to such primary election?,,REP,YES,232,14,159,59,0
McDuffie,Fort Creek,Republican Party Question 4<br>Should Citizens who wish to vote in a primary election be required to register by their political party affiliation at least thirty (30) days prior to such primary election?,,REP,YES,37,5,29,3,0
McDuffie,Dearing Gym,Republican Party Question 4<br>Should Citizens who wish to vote in a primary election be required to register by their political party affiliation at least thirty (30) days prior to such primary election?,,REP,YES,273,14,211,48,0
McDuffie,Vanderhorst,Republican Party Question 4<br>Should Citizens who wish to vote in a primary election be required to register by their political party affiliation at least thirty (30) days prior to such primary election?,,REP,YES,133,11,82,40,0
McDuffie,Salem Road,Republican Party Question 4<br>Should Citizens who wish to vote in a primary election be required to register by their political party affiliation at least thirty (30) days prior to such primary election?,,REP,YES,335,40,138,156,1
McDuffie,Thomson Depot,Republican Party Question 4<br>Should Citizens who wish to vote in a primary election be required to register by their political party affiliation at least thirty (30) days prior to such primary election?,,REP,YES,59,16,23,20,0
McDuffie,Marshall Church,Republican Party Question 4<br>Should Citizens who wish to vote in a primary election be required to register by their political party affiliation at least thirty (30) days prior to such primary election?,,REP,YES,186,13,120,53,0
McDuffie,Shrine,Republican Party Question 4<br>Should Citizens who wish to vote in a primary election be required to register by their political party affiliation at least thirty (30) days prior to such primary election?,,REP,YES,59,4,40,15,0
McDuffie,Whiteoak,Republican Party Question 4<br>Should Citizens who wish to vote in a primary election be required to register by their political party affiliation at least thirty (30) days prior to such primary election?,,REP,YES,103,11,75,17,0
McDuffie,,Republican Party Question 4<br>Should Citizens who wish to vote in a primary election be required to register by their political party affiliation at least thirty (30) days prior to such primary election?,,REP,NO,1529,75,967,487,0
McDuffie,Queen of Angels,Republican Party Question 4<br>Should Citizens who wish to vote in a primary election be required to register by their political party affiliation at least thirty (30) days prior to such primary election?,,REP,NO,23,3,15,5,0
McDuffie,Airport,Republican Party Question 4<br>Should Citizens who wish to vote in a primary election be required to register by their political party affiliation at least thirty (30) days prior to such primary election?,,REP,NO,269,15,162,92,0
McDuffie,Fort Creek,Republican Party Question 4<br>Should Citizens who wish to vote in a primary election be required to register by their political party affiliation at least thirty (30) days prior to such primary election?,,REP,NO,45,1,42,2,0
McDuffie,Dearing Gym,Republican Party Question 4<br>Should Citizens who wish to vote in a primary election be required to register by their political party affiliation at least thirty (30) days prior to such primary election?,,REP,NO,307,12,249,46,0
McDuffie,Vanderhorst,Republican Party Question 4<br>Should Citizens who wish to vote in a primary election be required to register by their political party affiliation at least thirty (30) days prior to such primary election?,,REP,NO,126,3,71,52,0
McDuffie,Salem Road,Republican Party Question 4<br>Should Citizens who wish to vote in a primary election be required to register by their political party affiliation at least thirty (30) days prior to such primary election?,,REP,NO,345,20,164,161,0
McDuffie,Thomson Depot,Republican Party Question 4<br>Should Citizens who wish to vote in a primary election be required to register by their political party affiliation at least thirty (30) days prior to such primary election?,,REP,NO,48,5,21,22,0
McDuffie,Marshall Church,Republican Party Question 4<br>Should Citizens who wish to vote in a primary election be required to register by their political party affiliation at least thirty (30) days prior to such primary election?,,REP,NO,197,7,128,62,0
McDuffie,Shrine,Republican Party Question 4<br>Should Citizens who wish to vote in a primary election be required to register by their political party affiliation at least thirty (30) days prior to such primary election?,,REP,NO,54,3,30,21,0
McDuffie,Whiteoak,Republican Party Question 4<br>Should Citizens who wish to vote in a primary election be required to register by their political party affiliation at least thirty (30) days prior to such primary election?,,REP,NO,115,6,85,24,0
McDuffie,,Republican Party Question 5 <br>Life Amendment Question,,REP,YES,2068,129,1327,611,1
McDuffie,Queen of Angels,Republican Party Question 5 <br>Life Amendment Question,,REP,YES,37,4,24,9,0
McDuffie,Airport,Republican Party Question 5 <br>Life Amendment Question,,REP,YES,346,19,218,109,0
McDuffie,Fort Creek,Republican Party Question 5 <br>Life Amendment Question,,REP,YES,56,5,49,2,0
McDuffie,Dearing Gym,Republican Party Question 5 <br>Life Amendment Question,,REP,YES,408,18,327,63,0
McDuffie,Vanderhorst,Republican Party Question 5 <br>Life Amendment Question,,REP,YES,161,9,100,52,0
McDuffie,Salem Road,Republican Party Question 5 <br>Life Amendment Question,,REP,YES,485,40,225,219,1
McDuffie,Thomson Depot,Republican Party Question 5 <br>Life Amendment Question,,REP,YES,71,11,31,29,0
McDuffie,Marshall Church,Republican Party Question 5 <br>Life Amendment Question,,REP,YES,278,9,193,76,0
McDuffie,Shrine,Republican Party Question 5 <br>Life Amendment Question,,REP,YES,77,2,51,24,0
McDuffie,Whiteoak,Republican Party Question 5 <br>Life Amendment Question,,REP,YES,149,12,109,28,0
McDuffie,,Republican Party Question 5 <br>Life Amendment Question,,REP,NO,774,67,459,248,0
McDuffie,Queen of Angels,Republican Party Question 5 <br>Life Amendment Question,,REP,NO,11,4,7,0,0
McDuffie,Airport,Republican Party Question 5 <br>Life Amendment Question,,REP,NO,131,10,86,35,0
McDuffie,Fort Creek,Republican Party Question 5 <br>Life Amendment Question,,REP,NO,25,0,22,3,0
McDuffie,Dearing Gym,Republican Party Question 5 <br>Life Amendment Question,,REP,NO,156,7,121,28,0
McDuffie,Vanderhorst,Republican Party Question 5 <br>Life Amendment Question,,REP,NO,78,4,42,32,0
McDuffie,Salem Road,Republican Party Question 5 <br>Life Amendment Question,,REP,NO,167,17,63,87,0
McDuffie,Thomson Depot,Republican Party Question 5 <br>Life Amendment Question,,REP,NO,27,6,10,11,0
McDuffie,Marshall Church,Republican Party Question 5 <br>Life Amendment Question,,REP,NO,91,11,49,31,0
McDuffie,Shrine,Republican Party Question 5 <br>Life Amendment Question,,REP,NO,30,4,17,9,0
McDuffie,Whiteoak,Republican Party Question 5 <br>Life Amendment Question,,REP,NO,58,4,42,12,0
McDuffie,,Democratic Party Question 1<br>Should the Georgia Constitution be amended to allow the state to override locally-elected school boards’ decisions when it comes to the creation of charter schools in your county or city?,,DEM,YES,574,43,373,158,0
McDuffie,Queen of Angels,Democratic Party Question 1<br>Should the Georgia Constitution be amended to allow the state to override locally-elected school boards’ decisions when it comes to the creation of charter schools in your county or city?,,DEM,YES,78,5,52,21,0
McDuffie,Airport,Democratic Party Question 1<br>Should the Georgia Constitution be amended to allow the state to override locally-elected school boards’ decisions when it comes to the creation of charter schools in your county or city?,,DEM,YES,17,2,10,5,0
McDuffie,Fort Creek,Democratic Party Question 1<br>Should the Georgia Constitution be amended to allow the state to override locally-elected school boards’ decisions when it comes to the creation of charter schools in your county or city?,,DEM,YES,28,1,22,5,0
McDuffie,Dearing Gym,Democratic Party Question 1<br>Should the Georgia Constitution be amended to allow the state to override locally-elected school boards’ decisions when it comes to the creation of charter schools in your county or city?,,DEM,YES,51,6,37,8,0
McDuffie,Vanderhorst,Democratic Party Question 1<br>Should the Georgia Constitution be amended to allow the state to override locally-elected school boards’ decisions when it comes to the creation of charter schools in your county or city?,,DEM,YES,134,8,86,40,0
McDuffie,Salem Road,Democratic Party Question 1<br>Should the Georgia Constitution be amended to allow the state to override locally-elected school boards’ decisions when it comes to the creation of charter schools in your county or city?,,DEM,YES,72,3,55,14,0
McDuffie,Thomson Depot,Democratic Party Question 1<br>Should the Georgia Constitution be amended to allow the state to override locally-elected school boards’ decisions when it comes to the creation of charter schools in your county or city?,,DEM,YES,125,13,67,45,0
McDuffie,Marshall Church,Democratic Party Question 1<br>Should the Georgia Constitution be amended to allow the state to override locally-elected school boards’ decisions when it comes to the creation of charter schools in your county or city?,,DEM,YES,29,1,15,13,0
McDuffie,Shrine,Democratic Party Question 1<br>Should the Georgia Constitution be amended to allow the state to override locally-elected school boards’ decisions when it comes to the creation of charter schools in your county or city?,,DEM,YES,17,3,11,3,0
McDuffie,Whiteoak,Democratic Party Question 1<br>Should the Georgia Constitution be amended to allow the state to override locally-elected school boards’ decisions when it comes to the creation of charter schools in your county or city?,,DEM,YES,23,1,18,4,0
McDuffie,,Democratic Party Question 1<br>Should the Georgia Constitution be amended to allow the state to override locally-elected school boards’ decisions when it comes to the creation of charter schools in your county or city?,,DEM,NO,782,63,500,219,0
McDuffie,Queen of Angels,Democratic Party Question 1<br>Should the Georgia Constitution be amended to allow the state to override locally-elected school boards’ decisions when it comes to the creation of charter schools in your county or city?,,DEM,NO,108,6,72,30,0
McDuffie,Airport,Democratic Party Question 1<br>Should the Georgia Constitution be amended to allow the state to override locally-elected school boards’ decisions when it comes to the creation of charter schools in your county or city?,,DEM,NO,28,1,17,10,0
McDuffie,Fort Creek,Democratic Party Question 1<br>Should the Georgia Constitution be amended to allow the state to override locally-elected school boards’ decisions when it comes to the creation of charter schools in your county or city?,,DEM,NO,39,3,27,9,0
McDuffie,Dearing Gym,Democratic Party Question 1<br>Should the Georgia Constitution be amended to allow the state to override locally-elected school boards’ decisions when it comes to the creation of charter schools in your county or city?,,DEM,NO,55,2,43,10,0
McDuffie,Vanderhorst,Democratic Party Question 1<br>Should the Georgia Constitution be amended to allow the state to override locally-elected school boards’ decisions when it comes to the creation of charter schools in your county or city?,,DEM,NO,166,22,90,54,0
McDuffie,Salem Road,Democratic Party Question 1<br>Should the Georgia Constitution be amended to allow the state to override locally-elected school boards’ decisions when it comes to the creation of charter schools in your county or city?,,DEM,NO,99,5,68,26,0
McDuffie,Thomson Depot,Democratic Party Question 1<br>Should the Georgia Constitution be amended to allow the state to override locally-elected school boards’ decisions when it comes to the creation of charter schools in your county or city?,,DEM,NO,140,16,76,48,0
McDuffie,Marshall Church,Democratic Party Question 1<br>Should the Georgia Constitution be amended to allow the state to override locally-elected school boards’ decisions when it comes to the creation of charter schools in your county or city?,,DEM,NO,50,4,38,8,0
McDuffie,Shrine,Democratic Party Question 1<br>Should the Georgia Constitution be amended to allow the state to override locally-elected school boards’ decisions when it comes to the creation of charter schools in your county or city?,,DEM,NO,24,0,17,7,0
McDuffie,Whiteoak,Democratic Party Question 1<br>Should the Georgia Constitution be amended to allow the state to override locally-elected school boards’ decisions when it comes to the creation of charter schools in your county or city?,,DEM,NO,73,4,52,17,0
McDuffie,,Democratic Party Question 2<br>Do you support ending current practice permitting unlimited gifts from lobbyists to state legislators?,,DEM,YES,841,67,534,240,0
McDuffie,Queen of Angels,Democratic Party Question 2<br>Do you support ending current practice permitting unlimited gifts from lobbyists to state legislators?,,DEM,YES,102,9,59,34,0
McDuffie,Airport,Democratic Party Question 2<br>Do you support ending current practice permitting unlimited gifts from lobbyists to state legislators?,,DEM,YES,37,3,21,13,0
McDuffie,Fort Creek,Democratic Party Question 2<br>Do you support ending current practice permitting unlimited gifts from lobbyists to state legislators?,,DEM,YES,43,4,28,11,0
McDuffie,Dearing Gym,Democratic Party Question 2<br>Do you support ending current practice permitting unlimited gifts from lobbyists to state legislators?,,DEM,YES,75,5,57,13,0
McDuffie,Vanderhorst,Democratic Party Question 2<br>Do you support ending current practice permitting unlimited gifts from lobbyists to state legislators?,,DEM,YES,176,18,99,59,0
McDuffie,Salem Road,Democratic Party Question 2<br>Do you support ending current practice permitting unlimited gifts from lobbyists to state legislators?,,DEM,YES,111,5,80,26,0
McDuffie,Thomson Depot,Democratic Party Question 2<br>Do you support ending current practice permitting unlimited gifts from lobbyists to state legislators?,,DEM,YES,158,19,84,55,0
McDuffie,Marshall Church,Democratic Party Question 2<br>Do you support ending current practice permitting unlimited gifts from lobbyists to state legislators?,,DEM,YES,47,3,35,9,0
McDuffie,Shrine,Democratic Party Question 2<br>Do you support ending current practice permitting unlimited gifts from lobbyists to state legislators?,,DEM,YES,26,0,20,6,0
McDuffie,Whiteoak,Democratic Party Question 2<br>Do you support ending current practice permitting unlimited gifts from lobbyists to state legislators?,,DEM,YES,66,1,51,14,0
McDuffie,,Democratic Party Question 2<br>Do you support ending current practice permitting unlimited gifts from lobbyists to state legislators?,,DEM,NO,504,36,329,139,0
McDuffie,Queen of Angels,Democratic Party Question 2<br>Do you support ending current practice permitting unlimited gifts from lobbyists to state legislators?,,DEM,NO,82,2,62,18,0
McDuffie,Airport,Democratic Party Question 2<br>Do you support ending current practice permitting unlimited gifts from lobbyists to state legislators?,,DEM,NO,8,0,6,2,0
McDuffie,Fort Creek,Democratic Party Question 2<br>Do you support ending current practice permitting unlimited gifts from lobbyists to state legislators?,,DEM,NO,26,1,20,5,0
McDuffie,Dearing Gym,Democratic Party Question 2<br>Do you support ending current practice permitting unlimited gifts from lobbyists to state legislators?,,DEM,NO,31,2,23,6,0
McDuffie,Vanderhorst,Democratic Party Question 2<br>Do you support ending current practice permitting unlimited gifts from lobbyists to state legislators?,,DEM,NO,120,12,73,35,0
McDuffie,Salem Road,Democratic Party Question 2<br>Do you support ending current practice permitting unlimited gifts from lobbyists to state legislators?,,DEM,NO,55,3,40,12,0
McDuffie,Thomson Depot,Democratic Party Question 2<br>Do you support ending current practice permitting unlimited gifts from lobbyists to state legislators?,,DEM,NO,108,11,59,38,0
McDuffie,Marshall Church,Democratic Party Question 2<br>Do you support ending current practice permitting unlimited gifts from lobbyists to state legislators?,,DEM,NO,31,1,19,11,0
McDuffie,Shrine,Democratic Party Question 2<br>Do you support ending current practice permitting unlimited gifts from lobbyists to state legislators?,,DEM,NO,14,0,9,5,0
McDuffie,Whiteoak,Democratic Party Question 2<br>Do you support ending current practice permitting unlimited gifts from lobbyists to state legislators?,,DEM,NO,29,4,18,7,0
McDuffie,,Democratic Party Question 3<br>Should Georgia adopt an income tax credit for home energy costs to support the economic security of our families?,,DEM,YES,1167,91,751,325,0
McDuffie,Queen of Angels,Democratic Party Question 3<br>Should Georgia adopt an income tax credit for home energy costs to support the economic security of our families?,,DEM,YES,166,11,111,44,0
McDuffie,Airport,Democratic Party Question 3<br>Should Georgia adopt an income tax credit for home energy costs to support the economic security of our families?,,DEM,YES,36,1,25,10,0
McDuffie,Fort Creek,Democratic Party Question 3<br>Should Georgia adopt an income tax credit for home energy costs to support the economic security of our families?,,DEM,YES,55,3,37,15,0
McDuffie,Dearing Gym,Democratic Party Question 3<br>Should Georgia adopt an income tax credit for home energy costs to support the economic security of our families?,,DEM,YES,89,5,68,16,0
McDuffie,Vanderhorst,Democratic Party Question 3<br>Should Georgia adopt an income tax credit for home energy costs to support the economic security of our families?,,DEM,YES,264,25,152,87,0
McDuffie,Salem Road,Democratic Party Question 3<br>Should Georgia adopt an income tax credit for home energy costs to support the economic security of our families?,,DEM,YES,144,7,102,35,0
McDuffie,Thomson Depot,Democratic Party Question 3<br>Should Georgia adopt an income tax credit for home energy costs to support the economic security of our families?,,DEM,YES,237,28,132,77,0
McDuffie,Marshall Church,Democratic Party Question 3<br>Should Georgia adopt an income tax credit for home energy costs to support the economic security of our families?,,DEM,YES,61,3,44,14,0
McDuffie,Shrine,Democratic Party Question 3<br>Should Georgia adopt an income tax credit for home energy costs to support the economic security of our families?,,DEM,YES,36,3,24,9,0
McDuffie,Whiteoak,Democratic Party Question 3<br>Should Georgia adopt an income tax credit for home energy costs to support the economic security of our families?,,DEM,YES,79,5,56,18,0
McDuffie,,Democratic Party Question 3<br>Should Georgia adopt an income tax credit for home energy costs to support the economic security of our families?,,DEM,NO,205,18,124,63,0
McDuffie,Queen of Angels,Democratic Party Question 3<br>Should Georgia adopt an income tax credit for home energy costs to support the economic security of our families?,,DEM,NO,22,0,13,9,0
McDuffie,Airport,Democratic Party Question 3<br>Should Georgia adopt an income tax credit for home energy costs to support the economic security of our families?,,DEM,NO,8,1,2,5,0
McDuffie,Fort Creek,Democratic Party Question 3<br>Should Georgia adopt an income tax credit for home energy costs to support the economic security of our families?,,DEM,NO,17,2,13,2,0
McDuffie,Dearing Gym,Democratic Party Question 3<br>Should Georgia adopt an income tax credit for home energy costs to support the economic security of our families?,,DEM,NO,20,3,14,3,0
McDuffie,Vanderhorst,Democratic Party Question 3<br>Should Georgia adopt an income tax credit for home energy costs to support the economic security of our families?,,DEM,NO,41,6,24,11,0
McDuffie,Salem Road,Democratic Party Question 3<br>Should Georgia adopt an income tax credit for home energy costs to support the economic security of our families?,,DEM,NO,27,1,20,6,0
McDuffie,Thomson Depot,Democratic Party Question 3<br>Should Georgia adopt an income tax credit for home energy costs to support the economic security of our families?,,DEM,NO,31,3,12,16,0
McDuffie,Marshall Church,Democratic Party Question 3<br>Should Georgia adopt an income tax credit for home energy costs to support the economic security of our families?,,DEM,NO,17,2,9,6,0
McDuffie,Shrine,Democratic Party Question 3<br>Should Georgia adopt an income tax credit for home energy costs to support the economic security of our families?,,DEM,NO,5,0,3,2,0
McDuffie,Whiteoak,Democratic Party Question 3<br>Should Georgia adopt an income tax credit for home energy costs to support the economic security of our families?,,DEM,NO,17,0,14,3,0
McDuffie,,Democratic Party Question 4 <br>Should Georgia reduce sales taxes on Made in Georgia products so as to support the growth of small businesses in our state?,,DEM,YES,1190,89,774,327,0
McDuffie,Queen of Angels,Democratic Party Question 4 <br>Should Georgia reduce sales taxes on Made in Georgia products so as to support the growth of small businesses in our state?,,DEM,YES,166,10,109,47,0
McDuffie,Airport,Democratic Party Question 4 <br>Should Georgia reduce sales taxes on Made in Georgia products so as to support the growth of small businesses in our state?,,DEM,YES,36,3,24,9,0
McDuffie,Fort Creek,Democratic Party Question 4 <br>Should Georgia reduce sales taxes on Made in Georgia products so as to support the growth of small businesses in our state?,,DEM,YES,63,4,45,14,0
McDuffie,Dearing Gym,Democratic Party Question 4 <br>Should Georgia reduce sales taxes on Made in Georgia products so as to support the growth of small businesses in our state?,,DEM,YES,97,8,71,18,0
McDuffie,Vanderhorst,Democratic Party Question 4 <br>Should Georgia reduce sales taxes on Made in Georgia products so as to support the growth of small businesses in our state?,,DEM,YES,266,25,153,88,0
McDuffie,Salem Road,Democratic Party Question 4 <br>Should Georgia reduce sales taxes on Made in Georgia products so as to support the growth of small businesses in our state?,,DEM,YES,149,6,106,37,0
McDuffie,Thomson Depot,Democratic Party Question 4 <br>Should Georgia reduce sales taxes on Made in Georgia products so as to support the growth of small businesses in our state?,,DEM,YES,231,25,134,72,0
McDuffie,Marshall Church,Democratic Party Question 4 <br>Should Georgia reduce sales taxes on Made in Georgia products so as to support the growth of small businesses in our state?,,DEM,YES,66,4,47,15,0
McDuffie,Shrine,Democratic Party Question 4 <br>Should Georgia reduce sales taxes on Made in Georgia products so as to support the growth of small businesses in our state?,,DEM,YES,35,0,25,10,0
McDuffie,Whiteoak,Democratic Party Question 4 <br>Should Georgia reduce sales taxes on Made in Georgia products so as to support the growth of small businesses in our state?,,DEM,YES,81,4,60,17,0
McDuffie,,Democratic Party Question 4 <br>Should Georgia reduce sales taxes on Made in Georgia products so as to support the growth of small businesses in our state?,,DEM,NO,181,13,108,60,0
McDuffie,Queen of Angels,Democratic Party Question 4 <br>Should Georgia reduce sales taxes on Made in Georgia products so as to support the growth of small businesses in our state?,,DEM,NO,23,1,15,7,0
McDuffie,Airport,Democratic Party Question 4 <br>Should Georgia reduce sales taxes on Made in Georgia products so as to support the growth of small businesses in our state?,,DEM,NO,9,0,3,6,0
McDuffie,Fort Creek,Democratic Party Question 4 <br>Should Georgia reduce sales taxes on Made in Georgia products so as to support the growth of small businesses in our state?,,DEM,NO,9,0,6,3,0
McDuffie,Dearing Gym,Democratic Party Question 4 <br>Should Georgia reduce sales taxes on Made in Georgia products so as to support the growth of small businesses in our state?,,DEM,NO,14,0,12,2,0
McDuffie,Vanderhorst,Democratic Party Question 4 <br>Should Georgia reduce sales taxes on Made in Georgia products so as to support the growth of small businesses in our state?,,DEM,NO,41,5,25,11,0
McDuffie,Salem Road,Democratic Party Question 4 <br>Should Georgia reduce sales taxes on Made in Georgia products so as to support the growth of small businesses in our state?,,DEM,NO,22,2,16,4,0
McDuffie,Thomson Depot,Democratic Party Question 4 <br>Should Georgia reduce sales taxes on Made in Georgia products so as to support the growth of small businesses in our state?,,DEM,NO,31,3,10,18,0
McDuffie,Marshall Church,Democratic Party Question 4 <br>Should Georgia reduce sales taxes on Made in Georgia products so as to support the growth of small businesses in our state?,,DEM,NO,13,1,7,5,0
McDuffie,Shrine,Democratic Party Question 4 <br>Should Georgia reduce sales taxes on Made in Georgia products so as to support the growth of small businesses in our state?,,DEM,NO,3,0,2,1,0
McDuffie,Whiteoak,Democratic Party Question 4 <br>Should Georgia reduce sales taxes on Made in Georgia products so as to support the growth of small businesses in our state?,,DEM,NO,16,1,12,3,0
McDuffie,,Supreme Court Justice, Hunstein,,CAROL HUNSTEIN ,3652,249,2355,1047,1
McDuffie,Queen of Angels,Supreme Court Justice, Hunstein,,CAROL HUNSTEIN ,198,14,134,50,0
McDuffie,Airport,Supreme Court Justice, Hunstein,,CAROL HUNSTEIN ,445,21,299,125,0
McDuffie,Fort Creek,Supreme Court Justice, Hunstein,,CAROL HUNSTEIN ,130,6,104,20,0
McDuffie,Dearing Gym,Supreme Court Justice, Hunstein,,CAROL HUNSTEIN ,592,27,474,91,0
McDuffie,Vanderhorst,Supreme Court Justice, Hunstein,,CAROL HUNSTEIN ,459,36,272,151,0
McDuffie,Salem Road,Supreme Court Justice, Hunstein,,CAROL HUNSTEIN ,728,64,368,295,1
McDuffie,Thomson Depot,Supreme Court Justice, Hunstein,,CAROL HUNSTEIN ,310,39,155,116,0
McDuffie,Marshall Church,Supreme Court Justice, Hunstein,,CAROL HUNSTEIN ,399,17,273,109,0
McDuffie,Shrine,Supreme Court Justice, Hunstein,,CAROL HUNSTEIN ,120,4,79,37,0
McDuffie,Whiteoak,Supreme Court Justice, Hunstein,,CAROL HUNSTEIN ,271,21,197,53,0
McDuffie,,Supreme Court Justice, Hunstein,,Write-in,24,1,14,9,0
McDuffie,Queen of Angels,Supreme Court Justice, Hunstein,,Write-in,1,0,0,1,0
McDuffie,Airport,Supreme Court Justice, Hunstein,,Write-in,5,0,1,4,0
McDuffie,Fort Creek,Supreme Court Justice, Hunstein,,Write-in,2,0,2,0,0
McDuffie,Dearing Gym,Supreme Court Justice, Hunstein,,Write-in,5,0,3,2,0
McDuffie,Vanderhorst,Supreme Court Justice, Hunstein,,Write-in,0,0,0,0,0
McDuffie,Salem Road,Supreme Court Justice, Hunstein,,Write-in,6,1,3,2,0
McDuffie,Thomson Depot,Supreme Court Justice, Hunstein,,Write-in,2,0,2,0,0
McDuffie,Marshall Church,Supreme Court Justice, Hunstein,,Write-in,2,0,2,0,0
McDuffie,Shrine,Supreme Court Justice, Hunstein,,Write-in,0,0,0,0,0
McDuffie,Whiteoak,Supreme Court Justice, Hunstein,,Write-in,1,0,1,0,0
McDuffie,,Supreme Court Justice, Melton,,HAROLD D. MELTON ,3625,242,2346,1036,1
McDuffie,Queen of Angels,Supreme Court Justice, Melton,,HAROLD D. MELTON ,194,13,129,52,0
McDuffie,Airport,Supreme Court Justice, Melton,,HAROLD D. MELTON ,442,20,298,124,0
McDuffie,Fort Creek,Supreme Court Justice, Melton,,HAROLD D. MELTON ,124,6,101,17,0
McDuffie,Dearing Gym,Supreme Court Justice, Melton,,HAROLD D. MELTON ,595,26,476,93,0
McDuffie,Vanderhorst,Supreme Court Justice, Melton,,HAROLD D. MELTON ,453,36,272,145,0
McDuffie,Salem Road,Supreme Court Justice, Melton,,HAROLD D. MELTON ,734,66,371,296,1
McDuffie,Thomson Depot,Supreme Court Justice, Melton,,HAROLD D. MELTON ,307,35,159,113,0
McDuffie,Marshall Church,Supreme Court Justice, Melton,,HAROLD D. MELTON ,392,16,268,108,0
McDuffie,Shrine,Supreme Court Justice, Melton,,HAROLD D. MELTON ,121,4,78,39,0
McDuffie,Whiteoak,Supreme Court Justice, Melton,,HAROLD D. MELTON ,263,20,194,49,0
McDuffie,,Supreme Court Justice, Melton,,Write-in,16,0,11,5,0
McDuffie,Queen of Angels,Supreme Court Justice, Melton,,Write-in,0,0,0,0,0
McDuffie,Airport,Supreme Court Justice, Melton,,Write-in,3,0,1,2,0
McDuffie,Fort Creek,Supreme Court Justice, Melton,,Write-in,2,0,2,0,0
McDuffie,Dearing Gym,Supreme Court Justice, Melton,,Write-in,3,0,2,1,0
McDuffie,Vanderhorst,Supreme Court Justice, Melton,,Write-in,0,0,0,0,0
McDuffie,Salem Road,Supreme Court Justice, Melton,,Write-in,5,0,4,1,0
McDuffie,Thomson Depot,Supreme Court Justice, Melton,,Write-in,0,0,0,0,0
McDuffie,Marshall Church,Supreme Court Justice, Melton,,Write-in,1,0,1,0,0
McDuffie,Shrine,Supreme Court Justice, Melton,,Write-in,0,0,0,0,0
McDuffie,Whiteoak,Supreme Court Justice, Melton,,Write-in,2,0,1,1,0
McDuffie,,Supreme Court Justice, Thompson,,HUGH P. THOMPSON ,3605,244,2324,1036,1
McDuffie,Queen of Angels,Supreme Court Justice, Thompson,,HUGH P. THOMPSON ,191,12,127,52,0
McDuffie,Airport,Supreme Court Justice, Thompson,,HUGH P. THOMPSON ,444,20,300,124,0
McDuffie,Fort Creek,Supreme Court Justice, Thompson,,HUGH P. THOMPSON ,124,6,102,16,0
McDuffie,Dearing Gym,Supreme Court Justice, Thompson,,HUGH P. THOMPSON ,588,28,468,92,0
McDuffie,Vanderhorst,Supreme Court Justice, Thompson,,HUGH P. THOMPSON ,447,36,262,149,0
McDuffie,Salem Road,Supreme Court Justice, Thompson,,HUGH P. THOMPSON ,732,64,371,296,1
McDuffie,Thomson Depot,Supreme Court Justice, Thompson,,HUGH P. THOMPSON ,302,37,153,112,0
McDuffie,Marshall Church,Supreme Court Justice, Thompson,,HUGH P. THOMPSON ,392,17,269,106,0
McDuffie,Shrine,Supreme Court Justice, Thompson,,HUGH P. THOMPSON ,121,4,79,38,0
McDuffie,Whiteoak,Supreme Court Justice, Thompson,,HUGH P. THOMPSON ,264,20,193,51,0
McDuffie,,Supreme Court Justice, Thompson,,Write-in,9,0,6,3,0
McDuffie,Queen of Angels,Supreme Court Justice, Thompson,,Write-in,0,0,0,0,0
McDuffie,Airport,Supreme Court Justice, Thompson,,Write-in,3,0,1,2,0
McDuffie,Fort Creek,Supreme Court Justice, Thompson,,Write-in,0,0,0,0,0
McDuffie,Dearing Gym,Supreme Court Justice, Thompson,,Write-in,2,0,1,1,0
McDuffie,Vanderhorst,Supreme Court Justice, Thompson,,Write-in,0,0,0,0,0
McDuffie,Salem Road,Supreme Court Justice, Thompson,,Write-in,3,0,3,0,0
McDuffie,Thomson Depot,Supreme Court Justice, Thompson,,Write-in,1,0,1,0,0
McDuffie,Marshall Church,Supreme Court Justice, Thompson,,Write-in,0,0,0,0,0
McDuffie,Shrine,Supreme Court Justice, Thompson,,Write-in,0,0,0,0,0
McDuffie,Whiteoak,Supreme Court Justice, Thompson,,Write-in,0,0,0,0,0
McDuffie,,Appeals Court Judge, Boggs,,MICHAEL P. BOGGS ,3522,241,2257,1023,1
McDuffie,Queen of Angels,Appeals Court Judge, Boggs,,MICHAEL P. BOGGS ,182,13,118,51,0
McDuffie,Airport,Appeals Court Judge, Boggs,,MICHAEL P. BOGGS ,430,20,288,122,0
McDuffie,Fort Creek,Appeals Court Judge, Boggs,,MICHAEL P. BOGGS ,123,6,100,17,0
McDuffie,Dearing Gym,Appeals Court Judge, Boggs,,MICHAEL P. BOGGS ,576,26,458,92,0
McDuffie,Vanderhorst,Appeals Court Judge, Boggs,,MICHAEL P. BOGGS ,432,36,252,144,0
McDuffie,Salem Road,Appeals Court Judge, Boggs,,MICHAEL P. BOGGS ,715,63,361,290,1
McDuffie,Thomson Depot,Appeals Court Judge, Boggs,,MICHAEL P. BOGGS ,298,37,148,113,0
McDuffie,Marshall Church,Appeals Court Judge, Boggs,,MICHAEL P. BOGGS ,381,15,263,103,0
McDuffie,Shrine,Appeals Court Judge, Boggs,,MICHAEL P. BOGGS ,120,4,77,39,0
McDuffie,Whiteoak,Appeals Court Judge, Boggs,,MICHAEL P. BOGGS ,265,21,192,52,0
McDuffie,,Appeals Court Judge, Boggs,,Write-in,10,1,7,2,0
McDuffie,Queen of Angels,Appeals Court Judge, Boggs,,Write-in,1,0,1,0,0
McDuffie,Airport,Appeals Court Judge, Boggs,,Write-in,2,0,1,1,0
McDuffie,Fort Creek,Appeals Court Judge, Boggs,,Write-in,0,0,0,0,0
McDuffie,Dearing Gym,Appeals Court Judge, Boggs,,Write-in,2,0,1,1,0
McDuffie,Vanderhorst,Appeals Court Judge, Boggs,,Write-in,0,0,0,0,0
McDuffie,Salem Road,Appeals Court Judge, Boggs,,Write-in,4,1,3,0,0
McDuffie,Thomson Depot,Appeals Court Judge, Boggs,,Write-in,1,0,1,0,0
McDuffie,Marshall Church,Appeals Court Judge, Boggs,,Write-in,0,0,0,0,0
McDuffie,Shrine,Appeals Court Judge, Boggs,,Write-in,0,0,0,0,0
McDuffie,Whiteoak,Appeals Court Judge, Boggs,,Write-in,0,0,0,0,0
McDuffie,,Appeals Court Judge, Dillard,,STEPHEN DILLARD ,3530,243,2258,1028,1
McDuffie,Queen of Angels,Appeals Court Judge, Dillard,,STEPHEN DILLARD ,187,14,121,52,0
McDuffie,Airport,Appeals Court Judge, Dillard,,STEPHEN DILLARD ,428,20,287,121,0
McDuffie,Fort Creek,Appeals Court Judge, Dillard,,STEPHEN DILLARD ,123,6,100,17,0
McDuffie,Dearing Gym,Appeals Court Judge, Dillard,,STEPHEN DILLARD ,573,25,456,92,0
McDuffie,Vanderhorst,Appeals Court Judge, Dillard,,STEPHEN DILLARD ,445,37,258,150,0
McDuffie,Salem Road,Appeals Court Judge, Dillard,,STEPHEN DILLARD ,719,63,362,293,1
McDuffie,Thomson Depot,Appeals Court Judge, Dillard,,STEPHEN DILLARD ,299,39,148,112,0
McDuffie,Marshall Church,Appeals Court Judge, Dillard,,STEPHEN DILLARD ,381,16,261,104,0
McDuffie,Shrine,Appeals Court Judge, Dillard,,STEPHEN DILLARD ,117,4,76,37,0
McDuffie,Whiteoak,Appeals Court Judge, Dillard,,STEPHEN DILLARD ,258,19,189,50,0
McDuffie,,Appeals Court Judge, Dillard,,Write-in,9,1,5,3,0
McDuffie,Queen of Angels,Appeals Court Judge, Dillard,,Write-in,0,0,0,0,0
McDuffie,Airport,Appeals Court Judge, Dillard,,Write-in,2,0,1,1,0
McDuffie,Fort Creek,Appeals Court Judge, Dillard,,Write-in,0,0,0,0,0
McDuffie,Dearing Gym,Appeals Court Judge, Dillard,,Write-in,2,0,1,1,0
McDuffie,Vanderhorst,Appeals Court Judge, Dillard,,Write-in,0,0,0,0,0
McDuffie,Salem Road,Appeals Court Judge, Dillard,,Write-in,5,1,3,1,0
McDuffie,Thomson Depot,Appeals Court Judge, Dillard,,Write-in,0,0,0,0,0
McDuffie,Marshall Church,Appeals Court Judge, Dillard,,Write-in,0,0,0,0,0
McDuffie,Shrine,Appeals Court Judge, Dillard,,Write-in,0,0,0,0,0
McDuffie,Whiteoak,Appeals Court Judge, Dillard,,Write-in,0,0,0,0,0
McDuffie,,Appeals Court Judge, Ellington,,JOHN ELLINGTON ,3530,243,2260,1026,1
McDuffie,Queen of Angels,Appeals Court Judge, Ellington,,JOHN ELLINGTON ,190,16,123,51,0
McDuffie,Airport,Appeals Court Judge, Ellington,,JOHN ELLINGTON ,428,21,286,121,0
McDuffie,Fort Creek,Appeals Court Judge, Ellington,,JOHN ELLINGTON ,122,6,100,16,0
McDuffie,Dearing Gym,Appeals Court Judge, Ellington,,JOHN ELLINGTON ,573,24,457,92,0
McDuffie,Vanderhorst,Appeals Court Judge, Ellington,,JOHN ELLINGTON ,439,37,254,148,0
McDuffie,Salem Road,Appeals Court Judge, Ellington,,JOHN ELLINGTON ,715,63,359,292,1
McDuffie,Thomson Depot,Appeals Court Judge, Ellington,,JOHN ELLINGTON ,301,38,150,113,0
McDuffie,Marshall Church,Appeals Court Judge, Ellington,,JOHN ELLINGTON ,384,15,262,107,0
McDuffie,Shrine,Appeals Court Judge, Ellington,,JOHN ELLINGTON ,119,4,78,37,0
McDuffie,Whiteoak,Appeals Court Judge, Ellington,,JOHN ELLINGTON ,259,19,191,49,0
McDuffie,,Appeals Court Judge, Ellington,,Write-in,11,1,7,3,0
McDuffie,Queen of Angels,Appeals Court Judge, Ellington,,Write-in,0,0,0,0,0
McDuffie,Airport,Appeals Court Judge, Ellington,,Write-in,2,0,1,1,0
McDuffie,Fort Creek,Appeals Court Judge, Ellington,,Write-in,0,0,0,0,0
McDuffie,Dearing Gym,Appeals Court Judge, Ellington,,Write-in,3,1,1,1,0
McDuffie,Vanderhorst,Appeals Court Judge, Ellington,,Write-in,0,0,0,0,0
McDuffie,Salem Road,Appeals Court Judge, Ellington,,Write-in,4,0,4,0,0
McDuffie,Thomson Depot,Appeals Court Judge, Ellington,,Write-in,2,0,1,1,0
McDuffie,Marshall Church,Appeals Court Judge, Ellington,,Write-in,0,0,0,0,0
McDuffie,Shrine,Appeals Court Judge, Ellington,,Write-in,0,0,0,0,0
McDuffie,Whiteoak,Appeals Court Judge, Ellington,,Write-in,0,0,0,0,0
McDuffie,,Appeals Court Judge, Miller,,M. YVETTE MILLER ,3530,247,2272,1010,1
McDuffie,Queen of Angels,Appeals Court Judge, Miller,,M. YVETTE MILLER ,192,14,127,51,0
McDuffie,Airport,Appeals Court Judge, Miller,,M. YVETTE MILLER ,423,21,283,119,0
McDuffie,Fort Creek,Appeals Court Judge, Miller,,M. YVETTE MILLER ,124,6,101,17,0
McDuffie,Dearing Gym,Appeals Court Judge, Miller,,M. YVETTE MILLER ,577,26,462,89,0
McDuffie,Vanderhorst,Appeals Court Judge, Miller,,M. YVETTE MILLER ,439,37,256,146,0
McDuffie,Salem Road,Appeals Court Judge, Miller,,M. YVETTE MILLER ,720,64,364,291,1
McDuffie,Thomson Depot,Appeals Court Judge, Miller,,M. YVETTE MILLER ,298,38,151,109,0
McDuffie,Marshall Church,Appeals Court Judge, Miller,,M. YVETTE MILLER ,380,18,259,103,0
McDuffie,Shrine,Appeals Court Judge, Miller,,M. YVETTE MILLER ,118,4,79,35,0
McDuffie,Whiteoak,Appeals Court Judge, Miller,,M. YVETTE MILLER ,259,19,190,50,0
McDuffie,,Appeals Court Judge, Miller,,Write-in,13,2,9,2,0
McDuffie,Queen of Angels,Appeals Court Judge, Miller,,Write-in,0,0,0,0,0
McDuffie,Airport,Appeals Court Judge, Miller,,Write-in,3,0,2,1,0
McDuffie,Fort Creek,Appeals Court Judge, Miller,,Write-in,0,0,0,0,0
McDuffie,Dearing Gym,Appeals Court Judge, Miller,,Write-in,3,0,2,1,0
McDuffie,Vanderhorst,Appeals Court Judge, Miller,,Write-in,0,0,0,0,0
McDuffie,Salem Road,Appeals Court Judge, Miller,,Write-in,5,1,4,0,0
McDuffie,Thomson Depot,Appeals Court Judge, Miller,,Write-in,0,0,0,0,0
McDuffie,Marshall Church,Appeals Court Judge, Miller,,Write-in,2,1,1,0,0
McDuffie,Shrine,Appeals Court Judge, Miller,,Write-in,0,0,0,0,0
McDuffie,Whiteoak,Appeals Court Judge, Miller,,Write-in,0,0,0,0,0
McDuffie,,Appeals Court Judge, Phipps,,HERBERT PHIPPS ,3488,243,2236,1008,1
McDuffie,Queen of Angels,Appeals Court Judge, Phipps,,HERBERT PHIPPS ,185,13,121,51,0
McDuffie,Airport,Appeals Court Judge, Phipps,,HERBERT PHIPPS ,428,21,286,121,0
McDuffie,Fort Creek,Appeals Court Judge, Phipps,,HERBERT PHIPPS ,123,6,100,17,0
McDuffie,Dearing Gym,Appeals Court Judge, Phipps,,HERBERT PHIPPS ,572,25,455,92,0
McDuffie,Vanderhorst,Appeals Court Judge, Phipps,,HERBERT PHIPPS ,430,36,250,144,0
McDuffie,Salem Road,Appeals Court Judge, Phipps,,HERBERT PHIPPS ,716,64,361,290,1
McDuffie,Thomson Depot,Appeals Court Judge, Phipps,,HERBERT PHIPPS ,285,37,143,105,0
McDuffie,Marshall Church,Appeals Court Judge, Phipps,,HERBERT PHIPPS ,376,16,257,103,0
McDuffie,Shrine,Appeals Court Judge, Phipps,,HERBERT PHIPPS ,116,4,76,36,0
McDuffie,Whiteoak,Appeals Court Judge, Phipps,,HERBERT PHIPPS ,257,21,187,49,0
McDuffie,,Appeals Court Judge, Phipps,,Write-in,10,1,7,2,0
McDuffie,Queen of Angels,Appeals Court Judge, Phipps,,Write-in,1,0,1,0,0
McDuffie,Airport,Appeals Court Judge, Phipps,,Write-in,2,0,1,1,0
McDuffie,Fort Creek,Appeals Court Judge, Phipps,,Write-in,0,0,0,0,0
McDuffie,Dearing Gym,Appeals Court Judge, Phipps,,Write-in,2,0,1,1,0
McDuffie,Vanderhorst,Appeals Court Judge, Phipps,,Write-in,0,0,0,0,0
McDuffie,Salem Road,Appeals Court Judge, Phipps,,Write-in,4,0,4,0,0
McDuffie,Thomson Depot,Appeals Court Judge, Phipps,,Write-in,1,1,0,0,0
McDuffie,Marshall Church,Appeals Court Judge, Phipps,,Write-in,0,0,0,0,0
McDuffie,Shrine,Appeals Court Judge, Phipps,,Write-in,0,0,0,0,0
McDuffie,Whiteoak,Appeals Court Judge, Phipps,,Write-in,0,0,0,0,0
McDuffie,,Superior Court Judge, Toombs Circuit (Dunaway),,R.W. DUNAWAY JR. ,3957,297,2506,1153,1
McDuffie,Queen of Angels,Superior Court Judge, Toombs Circuit (Dunaway),,R.W. DUNAWAY JR. ,218,18,144,56,0
McDuffie,Airport,Superior Court Judge, Toombs Circuit (Dunaway),,R.W. DUNAWAY JR. ,476,27,311,138,0
McDuffie,Fort Creek,Superior Court Judge, Toombs Circuit (Dunaway),,R.W. DUNAWAY JR. ,135,8,108,19,0
McDuffie,Dearing Gym,Superior Court Judge, Toombs Circuit (Dunaway),,R.W. DUNAWAY JR. ,633,31,496,106,0
McDuffie,Vanderhorst,Superior Court Judge, Toombs Circuit (Dunaway),,R.W. DUNAWAY JR. ,517,43,298,176,0
McDuffie,Salem Road,Superior Court Judge, Toombs Circuit (Dunaway),,R.W. DUNAWAY JR. ,799,73,402,323,1
McDuffie,Thomson Depot,Superior Court Judge, Toombs Circuit (Dunaway),,R.W. DUNAWAY JR. ,337,47,169,121,0
McDuffie,Marshall Church,Superior Court Judge, Toombs Circuit (Dunaway),,R.W. DUNAWAY JR. ,431,21,290,120,0
McDuffie,Shrine,Superior Court Judge, Toombs Circuit (Dunaway),,R.W. DUNAWAY JR. ,138,7,87,44,0
McDuffie,Whiteoak,Superior Court Judge, Toombs Circuit (Dunaway),,R.W. DUNAWAY JR. ,273,22,201,50,0
McDuffie,,Superior Court Judge, Toombs Circuit (Dunaway),,Write-in,19,0,14,5,0
McDuffie,Queen of Angels,Superior Court Judge, Toombs Circuit (Dunaway),,Write-in,1,0,1,0,0
McDuffie,Airport,Superior Court Judge, Toombs Circuit (Dunaway),,Write-in,4,0,3,1,0
McDuffie,Fort Creek,Superior Court Judge, Toombs Circuit (Dunaway),,Write-in,2,0,2,0,0
McDuffie,Dearing Gym,Superior Court Judge, Toombs Circuit (Dunaway),,Write-in,1,0,1,0,0
McDuffie,Vanderhorst,Superior Court Judge, Toombs Circuit (Dunaway),,Write-in,0,0,0,0,0
McDuffie,Salem Road,Superior Court Judge, Toombs Circuit (Dunaway),,Write-in,4,0,3,1,0
McDuffie,Thomson Depot,Superior Court Judge, Toombs Circuit (Dunaway),,Write-in,2,0,1,1,0
McDuffie,Marshall Church,Superior Court Judge, Toombs Circuit (Dunaway),,Write-in,2,0,2,0,0
McDuffie,Shrine,Superior Court Judge, Toombs Circuit (Dunaway),,Write-in,0,0,0,0,0
McDuffie,Whiteoak,Superior Court Judge, Toombs Circuit (Dunaway),,Write-in,3,0,1,2,0
McDuffie,,Superior Court Judge, Toombs Circuit (Hinesley),,HAL HINESLEY ,3737,268,2364,1104,1
McDuffie,Queen of Angels,Superior Court Judge, Toombs Circuit (Hinesley),,HAL HINESLEY ,198,17,128,53,0
McDuffie,Airport,Superior Court Judge, Toombs Circuit (Hinesley),,HAL HINESLEY ,471,24,310,137,0
McDuffie,Fort Creek,Superior Court Judge, Toombs Circuit (Hinesley),,HAL HINESLEY ,127,6,104,17,0
McDuffie,Dearing Gym,Superior Court Judge, Toombs Circuit (Hinesley),,HAL HINESLEY ,596,27,469,100,0
McDuffie,Vanderhorst,Superior Court Judge, Toombs Circuit (Hinesley),,HAL HINESLEY ,454,37,264,153,0
McDuffie,Salem Road,Superior Court Judge, Toombs Circuit (Hinesley),,HAL HINESLEY ,778,75,379,323,1
McDuffie,Thomson Depot,Superior Court Judge, Toombs Circuit (Hinesley),,HAL HINESLEY ,297,37,148,112,0
McDuffie,Marshall Church,Superior Court Judge, Toombs Circuit (Hinesley),,HAL HINESLEY ,418,19,283,116,0
McDuffie,Shrine,Superior Court Judge, Toombs Circuit (Hinesley),,HAL HINESLEY ,129,4,83,42,0
McDuffie,Whiteoak,Superior Court Judge, Toombs Circuit (Hinesley),,HAL HINESLEY ,269,22,196,51,0
McDuffie,,Superior Court Judge, Toombs Circuit (Hinesley),,Write-in,12,1,9,2,0
McDuffie,Queen of Angels,Superior Court Judge, Toombs Circuit (Hinesley),,Write-in,1,0,1,0,0
McDuffie,Airport,Superior Court Judge, Toombs Circuit (Hinesley),,Write-in,3,1,2,0,0
McDuffie,Fort Creek,Superior Court Judge, Toombs Circuit (Hinesley),,Write-in,0,0,0,0,0
McDuffie,Dearing Gym,Superior Court Judge, Toombs Circuit (Hinesley),,Write-in,1,0,0,1,0
McDuffie,Vanderhorst,Superior Court Judge, Toombs Circuit (Hinesley),,Write-in,1,0,0,1,0
McDuffie,Salem Road,Superior Court Judge, Toombs Circuit (Hinesley),,Write-in,5,0,5,0,0
McDuffie,Thomson Depot,Superior Court Judge, Toombs Circuit (Hinesley),,Write-in,0,0,0,0,0
McDuffie,Marshall Church,Superior Court Judge, Toombs Circuit (Hinesley),,Write-in,1,0,1,0,0
McDuffie,Shrine,Superior Court Judge, Toombs Circuit (Hinesley),,Write-in,0,0,0,0,0
McDuffie,Whiteoak,Superior Court Judge, Toombs Circuit (Hinesley),,Write-in,0,0,0,0,0
McDuffie,,Probate Judge,,,VALERIE A BURLEY ,3932,297,2500,1134,1
McDuffie,Queen of Angels,Probate Judge,,,VALERIE A BURLEY ,223,20,142,61,0
McDuffie,Airport,Probate Judge,,,VALERIE A BURLEY ,463,27,304,132,0
McDuffie,Fort Creek,Probate Judge,,,VALERIE A BURLEY ,141,8,113,20,0
McDuffie,Dearing Gym,Probate Judge,,,VALERIE A BURLEY ,616,30,487,99,0
McDuffie,Vanderhorst,Probate Judge,,,VALERIE A BURLEY ,506,42,293,171,0
McDuffie,Salem Road,Probate Judge,,,VALERIE A BURLEY ,785,72,398,314,1
McDuffie,Thomson Depot,Probate Judge,,,VALERIE A BURLEY ,355,49,182,124,0
McDuffie,Marshall Church,Probate Judge,,,VALERIE A BURLEY ,421,20,282,119,0
McDuffie,Shrine,Probate Judge,,,VALERIE A BURLEY ,136,9,87,40,0
McDuffie,Whiteoak,Probate Judge,,,VALERIE A BURLEY ,286,20,212,54,0
McDuffie,,Probate Judge,,,Write-in,7,2,4,1,0
McDuffie,Queen of Angels,Probate Judge,,,Write-in,0,0,0,0,0
McDuffie,Airport,Probate Judge,,,Write-in,0,0,0,0,0
McDuffie,Fort Creek,Probate Judge,,,Write-in,0,0,0,0,0
McDuffie,Dearing Gym,Probate Judge,,,Write-in,1,0,0,1,0
McDuffie,Vanderhorst,Probate Judge,,,Write-in,0,0,0,0,0
McDuffie,Salem Road,Probate Judge,,,Write-in,4,1,3,0,0
McDuffie,Thomson Depot,Probate Judge,,,Write-in,0,0,0,0,0
McDuffie,Marshall Church,Probate Judge,,,Write-in,0,0,0,0,0
McDuffie,Shrine,Probate Judge,,,Write-in,0,0,0,0,0
McDuffie,Whiteoak,Probate Judge,,,Write-in,2,1,1,0,0
McDuffie,,BOE Super District 2,,,GREG DERRY,1505,74,951,479,1
McDuffie,Airport,BOE Super District 2,,,GREG DERRY,334,16,227,91,0
McDuffie,Dearing Gym,BOE Super District 2,,,GREG DERRY,247,8,193,46,0
McDuffie,Vanderhorst,BOE Super District 2,,,GREG DERRY,26,0,12,14,0
McDuffie,Salem Road,BOE Super District 2,,,GREG DERRY,457,35,214,207,1
McDuffie,Marshall Church,BOE Super District 2,,,GREG DERRY,280,9,183,88,0
McDuffie,Whiteoak,BOE Super District 2,,,GREG DERRY,161,6,122,33,0
McDuffie,,BOE Super District 2,,,BOB SMITH ,1296,102,881,313,0
McDuffie,Airport,BOE Super District 2,,,BOB SMITH ,235,16,148,71,0
McDuffie,Dearing Gym,BOE Super District 2,,,BOB SMITH ,399,19,319,61,0
McDuffie,Vanderhorst,BOE Super District 2,,,BOB SMITH ,16,2,4,10,0
McDuffie,Salem Road,BOE Super District 2,,,BOB SMITH ,269,32,147,90,0
McDuffie,Marshall Church,BOE Super District 2,,,BOB SMITH ,215,17,147,51,0
McDuffie,Whiteoak,BOE Super District 2,,,BOB SMITH ,162,16,116,30,0
McDuffie,,BOE Super District 2,,,Write-in,3,0,3,0,0
McDuffie,Airport,BOE Super District 2,,,Write-in,0,0,0,0,0
McDuffie,Dearing Gym,BOE Super District 2,,,Write-in,0,0,0,0,0
McDuffie,Vanderhorst,BOE Super District 2,,,Write-in,0,0,0,0,0
McDuffie,Salem Road,BOE Super District 2,,,Write-in,3,0,3,0,0
McDuffie,Marshall Church,BOE Super District 2,,,Write-in,0,0,0,0,0
McDuffie,Whiteoak,BOE Super District 2,,,Write-in,0,0,0,0,0
McDuffie,,BOE 4,,,DOROTHY HART ,480,52,283,145,0
McDuffie,Salem Road,BOE 4,,,DOROTHY HART ,25,0,21,4,0
McDuffie,Thomson Depot,BOE 4,,,DOROTHY HART ,347,47,176,124,0
McDuffie,Whiteoak,BOE 4,,,DOROTHY HART ,108,5,86,17,0
McDuffie,,BOE 4,,,Write-in,2,0,1,1,0
McDuffie,Salem Road,BOE 4,,,Write-in,1,0,1,0,0
McDuffie,Thomson Depot,BOE 4,,,Write-in,0,0,0,0,0
McDuffie,Whiteoak,BOE 4,,,Write-in,1,0,0,1,0
McDuffie,,BOE 5,,,TINYE L. HARDING,597,51,305,240,1
McDuffie,Salem Road,BOE 5,,,TINYE L. HARDING,516,46,254,215,1
McDuffie,Thomson Depot,BOE 5,,,TINYE L. HARDING,0,0,0,0,0
McDuffie,Shrine,BOE 5,,,TINYE L. HARDING,81,5,51,25,0
McDuffie,,BOE 5,,,ANDY KNOX SR.,433,39,229,165,0
McDuffie,Salem Road,BOE 5,,,ANDY KNOX SR.,356,32,182,142,0
McDuffie,Thomson Depot,BOE 5,,,ANDY KNOX SR.,1,0,0,1,0
McDuffie,Shrine,BOE 5,,,ANDY KNOX SR.,76,7,47,22,0
McDuffie,,BOE 5,,,Write-in,3,0,3,0,0
McDuffie,Salem Road,BOE 5,,,Write-in,3,0,3,0,0
McDuffie,Thomson Depot,BOE 5,,,Write-in,0,0,0,0,0
McDuffie,Shrine,BOE 5,,,Write-in,0,0,0,0,0
McDuffie,,BOE 6,,,DEXTER LOVINS ,598,32,471,95,0
McDuffie,Fort Creek,BOE 6,,,DEXTER LOVINS ,92,6,73,13,0
McDuffie,Dearing Gym,BOE 6,,,DEXTER LOVINS ,440,21,353,66,0
McDuffie,Whiteoak,BOE 6,,,DEXTER LOVINS ,66,5,45,16,0
McDuffie,,BOE 6,,,WAYNE SHELTON,256,14,200,42,0
McDuffie,Fort Creek,BOE 6,,,WAYNE SHELTON,51,3,41,7,0
McDuffie,Dearing Gym,BOE 6,,,WAYNE SHELTON,180,7,144,29,0
McDuffie,Whiteoak,BOE 6,,,WAYNE SHELTON,25,4,15,6,0
McDuffie,,BOE 6,,,Write-in,3,1,2,0,0
McDuffie,Fort Creek,BOE 6,,,Write-in,2,0,2,0,0
McDuffie,Dearing Gym,BOE 6,,,Write-in,1,1,0,0,0
McDuffie,Whiteoak,BOE 6,,,Write-in,0,0,0,0,0
McDuffie,,TSPLOST,,,YES,2557,191,1607,758,1
McDuffie,Queen of Angels,TSPLOST,,,YES,190,11,131,48,0
McDuffie,Airport,TSPLOST,,,YES,264,16,170,78,0
McDuffie,Fort Creek,TSPLOST,,,YES,91,5,72,14,0
McDuffie,Dearing Gym,TSPLOST,,,YES,354,20,279,55,0
McDuffie,Vanderhorst,TSPLOST,,,YES,369,33,217,119,0
McDuffie,Salem Road,TSPLOST,,,YES,512,44,260,207,1
McDuffie,Thomson Depot,TSPLOST,,,YES,287,34,147,106,0
McDuffie,Marshall Church,TSPLOST,,,YES,237,10,160,67,0
McDuffie,Shrine,TSPLOST,,,YES,81,5,48,28,0
McDuffie,Whiteoak,TSPLOST,,,YES,172,13,123,36,0
McDuffie,,TSPLOST,,,NO,1997,135,1314,548,0
McDuffie,Queen of Angels,TSPLOST,,,NO,56,8,31,17,0
McDuffie,Airport,TSPLOST,,,NO,313,17,209,87,0
McDuffie,Fort Creek,TSPLOST,,,NO,64,5,52,7,0
McDuffie,Dearing Gym,TSPLOST,,,NO,367,14,292,61,0
McDuffie,Vanderhorst,TSPLOST,,,NO,211,13,122,76,0
McDuffie,Salem Road,TSPLOST,,,NO,385,31,204,150,0
McDuffie,Thomson Depot,TSPLOST,,,NO,98,16,51,31,0
McDuffie,Marshall Church,TSPLOST,,,NO,266,16,179,71,0
McDuffie,Shrine,TSPLOST,,,NO,80,6,54,20,0
McDuffie,Whiteoak,TSPLOST,,,NO,157,9,120,28,0
