county,precinct,office,district,party,candidate,votes,absentee_by_mail,election_day,advance_in_person,provisional
Emanuel,,"Public Service Commission, District 3",3,REP,CHUCK EATON (I),1395,52,963,379,1
Emanuel,Oak Park,"Public Service Commission, District 3",3,REP,CHUCK EATON (I),48,0,46,2,0
Emanuel,Cross-Green,"Public Service Commission, District 3",3,REP,CHUCK EATON (I),14,0,12,2,0
Emanuel,Swainsboro,"Public Service Commission, District 3",3,REP,CHUCK EATON (I),708,41,368,298,1
Emanuel,Summertown,"Public Service Commission, District 3",3,REP,CHUCK EATON (I),52,1,42,9,0
Emanuel,Stillmore,"Public Service Commission, District 3",3,REP,CHUCK EATON (I),33,2,28,3,0
Emanuel,Blundale,"Public Service Commission, District 3",3,REP,CHUCK EATON (I),46,2,38,6,0
Emanuel,Canoochee,"Public Service Commission, District 3",3,REP,CHUCK EATON (I),95,1,81,13,0
Emanuel,Garfield,"Public Service Commission, District 3",3,REP,CHUCK EATON (I),61,0,57,4,0
Emanuel,Cowford,"Public Service Commission, District 3",3,REP,CHUCK EATON (I),79,0,71,8,0
Emanuel,Nunez,"Public Service Commission, District 3",3,REP,CHUCK EATON (I),53,2,43,8,0
Emanuel,Twin City,"Public Service Commission, District 3",3,REP,CHUCK EATON (I),136,2,118,16,0
Emanuel,Adrian,"Public Service Commission, District 3",3,REP,CHUCK EATON (I),70,1,59,10,0
Emanuel,,"Public Service Commission, District 3",3,REP,MATT REID,817,19,608,190,0
Emanuel,Oak Park,"Public Service Commission, District 3",3,REP,MATT REID,43,0,42,1,0
Emanuel,Cross-Green,"Public Service Commission, District 3",3,REP,MATT REID,6,0,4,2,0
Emanuel,Swainsboro,"Public Service Commission, District 3",3,REP,MATT REID,401,11,246,144,0
Emanuel,Summertown,"Public Service Commission, District 3",3,REP,MATT REID,40,0,35,5,0
Emanuel,Stillmore,"Public Service Commission, District 3",3,REP,MATT REID,33,0,31,2,0
Emanuel,Blundale,"Public Service Commission, District 3",3,REP,MATT REID,20,2,18,0,0
Emanuel,Canoochee,"Public Service Commission, District 3",3,REP,MATT REID,42,4,34,4,0
Emanuel,Garfield,"Public Service Commission, District 3",3,REP,MATT REID,31,0,29,2,0
Emanuel,Cowford,"Public Service Commission, District 3",3,REP,MATT REID,52,0,42,10,0
Emanuel,Nunez,"Public Service Commission, District 3",3,REP,MATT REID,30,0,28,2,0
Emanuel,Twin City,"Public Service Commission, District 3",3,REP,MATT REID,71,2,57,12,0
Emanuel,Adrian,"Public Service Commission, District 3",3,REP,MATT REID,48,0,42,6,0
Emanuel,,"Public Service Commission, District 3",3,DEM,STEPHEN OPPENHEIMER,322,23,269,30,0
Emanuel,Oak Park,"Public Service Commission, District 3",3,DEM,STEPHEN OPPENHEIMER,3,0,3,0,0
Emanuel,Cross-Green,"Public Service Commission, District 3",3,DEM,STEPHEN OPPENHEIMER,21,0,21,0,0
Emanuel,Swainsboro,"Public Service Commission, District 3",3,DEM,STEPHEN OPPENHEIMER,175,17,133,25,0
Emanuel,Summertown,"Public Service Commission, District 3",3,DEM,STEPHEN OPPENHEIMER,12,0,10,2,0
Emanuel,Stillmore,"Public Service Commission, District 3",3,DEM,STEPHEN OPPENHEIMER,11,0,11,0,0
Emanuel,Blundale,"Public Service Commission, District 3",3,DEM,STEPHEN OPPENHEIMER,2,0,1,1,0
Emanuel,Canoochee,"Public Service Commission, District 3",3,DEM,STEPHEN OPPENHEIMER,12,0,11,1,0
Emanuel,Garfield,"Public Service Commission, District 3",3,DEM,STEPHEN OPPENHEIMER,9,0,9,0,0
Emanuel,Cowford,"Public Service Commission, District 3",3,DEM,STEPHEN OPPENHEIMER,2,0,2,0,0
Emanuel,Nunez,"Public Service Commission, District 3",3,DEM,STEPHEN OPPENHEIMER,3,1,2,0,0
Emanuel,Twin City,"Public Service Commission, District 3",3,DEM,STEPHEN OPPENHEIMER,62,4,57,1,0
Emanuel,Adrian,"Public Service Commission, District 3",3,DEM,STEPHEN OPPENHEIMER,10,1,9,0,0
Emanuel,,"Public Service Commission, District 5",5,REP,PAM DAVIDSON,825,18,608,199,0
Emanuel,Oak Park,"Public Service Commission, District 5",5,REP,PAM DAVIDSON,41,0,40,1,0
Emanuel,Cross-Green,"Public Service Commission, District 5",5,REP,PAM DAVIDSON,9,0,7,2,0
Emanuel,Swainsboro,"Public Service Commission, District 5",5,REP,PAM DAVIDSON,418,10,251,157,0
Emanuel,Summertown,"Public Service Commission, District 5",5,REP,PAM DAVIDSON,33,0,28,5,0
Emanuel,Stillmore,"Public Service Commission, District 5",5,REP,PAM DAVIDSON,27,0,26,1,0
Emanuel,Blundale,"Public Service Commission, District 5",5,REP,PAM DAVIDSON,27,2,24,1,0
Emanuel,Canoochee,"Public Service Commission, District 5",5,REP,PAM DAVIDSON,42,4,32,6,0
Emanuel,Garfield,"Public Service Commission, District 5",5,REP,PAM DAVIDSON,30,0,27,3,0
Emanuel,Cowford,"Public Service Commission, District 5",5,REP,PAM DAVIDSON,46,0,41,5,0
Emanuel,Nunez,"Public Service Commission, District 5",5,REP,PAM DAVIDSON,28,0,26,2,0
Emanuel,Twin City,"Public Service Commission, District 5",5,REP,PAM DAVIDSON,79,1,66,12,0
Emanuel,Adrian,"Public Service Commission, District 5",5,REP,PAM DAVIDSON,45,1,40,4,0
Emanuel,,"Public Service Commission, District 5",5,REP,STAN WISE (I),1313,52,906,354,1
Emanuel,Oak Park,"Public Service Commission, District 5",5,REP,STAN WISE (I),50,0,47,3,0
Emanuel,Cross-Green,"Public Service Commission, District 5",5,REP,STAN WISE (I),11,0,8,3,0
Emanuel,Swainsboro,"Public Service Commission, District 5",5,REP,STAN WISE (I),654,41,343,269,1
Emanuel,Summertown,"Public Service Commission, District 5",5,REP,STAN WISE (I),57,1,47,9,0
Emanuel,Stillmore,"Public Service Commission, District 5",5,REP,STAN WISE (I),36,2,31,3,0
Emanuel,Blundale,"Public Service Commission, District 5",5,REP,STAN WISE (I),37,2,30,5,0
Emanuel,Canoochee,"Public Service Commission, District 5",5,REP,STAN WISE (I),93,1,80,12,0
Emanuel,Garfield,"Public Service Commission, District 5",5,REP,STAN WISE (I),60,0,57,3,0
Emanuel,Cowford,"Public Service Commission, District 5",5,REP,STAN WISE (I),77,0,65,12,0
Emanuel,Nunez,"Public Service Commission, District 5",5,REP,STAN WISE (I),54,2,44,8,0
Emanuel,Twin City,"Public Service Commission, District 5",5,REP,STAN WISE (I),118,3,100,15,0
Emanuel,Adrian,"Public Service Commission, District 5",5,REP,STAN WISE (I),66,0,54,12,0
Emanuel,,"U.S. Representative, District 12",12,REP,RICK W. ALLEN,622,26,433,163,0
Emanuel,Oak Park,"U.S. Representative, District 12",12,REP,RICK W. ALLEN,28,0,27,1,0
Emanuel,Cross-Green,"U.S. Representative, District 12",12,REP,RICK W. ALLEN,6,0,4,2,0
Emanuel,Swainsboro,"U.S. Representative, District 12",12,REP,RICK W. ALLEN,314,19,171,124,0
Emanuel,Summertown,"U.S. Representative, District 12",12,REP,RICK W. ALLEN,30,1,25,4,0
Emanuel,Stillmore,"U.S. Representative, District 12",12,REP,RICK W. ALLEN,18,0,18,0,0
Emanuel,Blundale,"U.S. Representative, District 12",12,REP,RICK W. ALLEN,16,1,13,2,0
Emanuel,Canoochee,"U.S. Representative, District 12",12,REP,RICK W. ALLEN,48,2,41,5,0
Emanuel,Garfield,"U.S. Representative, District 12",12,REP,RICK W. ALLEN,21,0,19,2,0
Emanuel,Cowford,"U.S. Representative, District 12",12,REP,RICK W. ALLEN,31,0,25,6,0
Emanuel,Nunez,"U.S. Representative, District 12",12,REP,RICK W. ALLEN,17,0,12,5,0
Emanuel,Twin City,"U.S. Representative, District 12",12,REP,RICK W. ALLEN,64,3,52,9,0
Emanuel,Adrian,"U.S. Representative, District 12",12,REP,RICK W. ALLEN,29,0,26,3,0
Emanuel,,"U.S. Representative, District 12",12,REP,LEE ANDERSON,1176,37,837,302,0
Emanuel,Oak Park,"U.S. Representative, District 12",12,REP,LEE ANDERSON,46,0,46,0,0
Emanuel,Cross-Green,"U.S. Representative, District 12",12,REP,LEE ANDERSON,10,0,9,1,0
Emanuel,Swainsboro,"U.S. Representative, District 12",12,REP,LEE ANDERSON,561,29,293,239,0
Emanuel,Summertown,"U.S. Representative, District 12",12,REP,LEE ANDERSON,38,0,34,4,0
Emanuel,Stillmore,"U.S. Representative, District 12",12,REP,LEE ANDERSON,32,2,26,4,0
Emanuel,Blundale,"U.S. Representative, District 12",12,REP,LEE ANDERSON,51,1,46,4,0
Emanuel,Canoochee,"U.S. Representative, District 12",12,REP,LEE ANDERSON,72,2,59,11,0
Emanuel,Garfield,"U.S. Representative, District 12",12,REP,LEE ANDERSON,55,0,50,5,0
Emanuel,Cowford,"U.S. Representative, District 12",12,REP,LEE ANDERSON,88,0,80,8,0
Emanuel,Nunez,"U.S. Representative, District 12",12,REP,LEE ANDERSON,52,2,49,1,0
Emanuel,Twin City,"U.S. Representative, District 12",12,REP,LEE ANDERSON,110,1,93,16,0
Emanuel,Adrian,"U.S. Representative, District 12",12,REP,LEE ANDERSON,61,0,52,9,0
Emanuel,,"U.S. Representative, District 12",12,REP,WRIGHT MCLEOD,431,12,294,124,1
Emanuel,Oak Park,"U.S. Representative, District 12",12,REP,WRIGHT MCLEOD,16,0,16,0,0
Emanuel,Cross-Green,"U.S. Representative, District 12",12,REP,WRIGHT MCLEOD,4,0,3,1,0
Emanuel,Swainsboro,"U.S. Representative, District 12",12,REP,WRIGHT MCLEOD,248,10,138,99,1
Emanuel,Summertown,"U.S. Representative, District 12",12,REP,WRIGHT MCLEOD,15,0,12,3,0
Emanuel,Stillmore,"U.S. Representative, District 12",12,REP,WRIGHT MCLEOD,11,0,10,1,0
Emanuel,Blundale,"U.S. Representative, District 12",12,REP,WRIGHT MCLEOD,8,0,7,1,0
Emanuel,Canoochee,"U.S. Representative, District 12",12,REP,WRIGHT MCLEOD,22,2,19,1,0
Emanuel,Garfield,"U.S. Representative, District 12",12,REP,WRIGHT MCLEOD,17,0,16,1,0
Emanuel,Cowford,"U.S. Representative, District 12",12,REP,WRIGHT MCLEOD,25,0,19,6,0
Emanuel,Nunez,"U.S. Representative, District 12",12,REP,WRIGHT MCLEOD,14,0,13,1,0
Emanuel,Twin City,"U.S. Representative, District 12",12,REP,WRIGHT MCLEOD,44,0,38,6,0
Emanuel,Adrian,"U.S. Representative, District 12",12,REP,WRIGHT MCLEOD,7,0,3,4,0
Emanuel,,"U.S. Representative, District 12",12,REP,MARIA SHEFFIELD,274,5,215,54,0
Emanuel,Oak Park,"U.S. Representative, District 12",12,REP,MARIA SHEFFIELD,13,0,11,2,0
Emanuel,Cross-Green,"U.S. Representative, District 12",12,REP,MARIA SHEFFIELD,1,0,0,1,0
Emanuel,Swainsboro,"U.S. Representative, District 12",12,REP,MARIA SHEFFIELD,130,3,94,33,0
Emanuel,Summertown,"U.S. Representative, District 12",12,REP,MARIA SHEFFIELD,15,0,10,5,0
Emanuel,Stillmore,"U.S. Representative, District 12",12,REP,MARIA SHEFFIELD,10,0,10,0,0
Emanuel,Blundale,"U.S. Representative, District 12",12,REP,MARIA SHEFFIELD,4,2,2,0,0
Emanuel,Canoochee,"U.S. Representative, District 12",12,REP,MARIA SHEFFIELD,13,0,9,4,0
Emanuel,Garfield,"U.S. Representative, District 12",12,REP,MARIA SHEFFIELD,14,0,14,0,0
Emanuel,Cowford,"U.S. Representative, District 12",12,REP,MARIA SHEFFIELD,9,0,8,1,0
Emanuel,Nunez,"U.S. Representative, District 12",12,REP,MARIA SHEFFIELD,11,0,10,1,0
Emanuel,Twin City,"U.S. Representative, District 12",12,REP,MARIA SHEFFIELD,24,0,19,5,0
Emanuel,Adrian,"U.S. Representative, District 12",12,REP,MARIA SHEFFIELD,30,0,28,2,0
Emanuel,,"U.S. Representative, District 12",12,DEM,JOHN BARROW (I),455,28,384,43,0
Emanuel,Oak Park,"U.S. Representative, District 12",12,DEM,JOHN BARROW (I),3,0,3,0,0
Emanuel,Cross-Green,"U.S. Representative, District 12",12,DEM,JOHN BARROW (I),32,0,32,0,0
Emanuel,Swainsboro,"U.S. Representative, District 12",12,DEM,JOHN BARROW (I),232,20,178,34,0
Emanuel,Summertown,"U.S. Representative, District 12",12,DEM,JOHN BARROW (I),15,0,13,2,0
Emanuel,Stillmore,"U.S. Representative, District 12",12,DEM,JOHN BARROW (I),20,0,20,0,0
Emanuel,Blundale,"U.S. Representative, District 12",12,DEM,JOHN BARROW (I),2,0,1,1,0
Emanuel,Canoochee,"U.S. Representative, District 12",12,DEM,JOHN BARROW (I),17,1,14,2,0
Emanuel,Garfield,"U.S. Representative, District 12",12,DEM,JOHN BARROW (I),12,0,12,0,0
Emanuel,Cowford,"U.S. Representative, District 12",12,DEM,JOHN BARROW (I),2,0,2,0,0
Emanuel,Nunez,"U.S. Representative, District 12",12,DEM,JOHN BARROW (I),6,1,3,2,0
Emanuel,Twin City,"U.S. Representative, District 12",12,DEM,JOHN BARROW (I),100,4,94,2,0
Emanuel,Adrian,"U.S. Representative, District 12",12,DEM,JOHN BARROW (I),14,2,12,0,0
Emanuel,,"State Senator, District 4",4,REP,JACK HILL (I),1367,54,856,456,1
Emanuel,Oak Park,"State Senator, District 4",4,REP,JACK HILL (I),76,0,72,4,0
Emanuel,Swainsboro,"State Senator, District 4",4,REP,JACK HILL (I),1052,49,577,425,1
Emanuel,Stillmore,"State Senator, District 4",4,REP,JACK HILL (I),59,2,52,5,0
Emanuel,Nunez,"State Senator, District 4",4,REP,JACK HILL (I),77,2,65,10,0
Emanuel,Adrian,"State Senator, District 4",4,REP,JACK HILL (I),103,1,90,12,0
Emanuel,,"State Senator, District 23",23,REP,JESSE STONE (I),613,9,513,91,0
Emanuel,Cross-Green,"State Senator, District 23",23,REP,JESSE STONE (I),18,0,14,4,0
Emanuel,Summertown,"State Senator, District 23",23,REP,JESSE STONE (I),83,1,68,14,0
Emanuel,Blundale,"State Senator, District 23",23,REP,JESSE STONE (I),59,2,51,6,0
Emanuel,Canoochee,"State Senator, District 23",23,REP,JESSE STONE (I),113,3,93,17,0
Emanuel,Garfield,"State Senator, District 23",23,REP,JESSE STONE (I),75,0,69,6,0
Emanuel,Cowford,"State Senator, District 23",23,REP,JESSE STONE (I),105,0,86,19,0
Emanuel,Twin City,"State Senator, District 23",23,REP,JESSE STONE (I),160,3,132,25,0
Emanuel,,"State Senator, District 23",23,DEM,ROBERT INGHAM,109,4,100,5,0
Emanuel,Cross-Green,"State Senator, District 23",23,DEM,ROBERT INGHAM,20,0,20,0,0
Emanuel,Summertown,"State Senator, District 23",23,DEM,ROBERT INGHAM,10,0,9,1,0
Emanuel,Blundale,"State Senator, District 23",23,DEM,ROBERT INGHAM,2,0,1,1,0
Emanuel,Canoochee,"State Senator, District 23",23,DEM,ROBERT INGHAM,12,0,11,1,0
Emanuel,Garfield,"State Senator, District 23",23,DEM,ROBERT INGHAM,11,0,11,0,0
Emanuel,Cowford,"State Senator, District 23",23,DEM,ROBERT INGHAM,2,0,2,0,0
Emanuel,Twin City,"State Senator, District 23",23,DEM,ROBERT INGHAM,52,4,46,2,0
Emanuel,,"State Representative, District 158",158,REP,BUTCH PARRISH (I),1996,64,1414,517,1
Emanuel,Oak Park,"State Representative, District 158",158,REP,BUTCH PARRISH (I),74,0,70,4,0
Emanuel,Cross-Green,"State Representative, District 158",158,REP,BUTCH PARRISH (I),19,0,14,5,0
Emanuel,Swainsboro,"State Representative, District 158",158,REP,BUTCH PARRISH (I),1038,49,590,398,1
Emanuel,Summertown,"State Representative, District 158",158,REP,BUTCH PARRISH (I),75,1,61,13,0
Emanuel,Stillmore,"State Representative, District 158",158,REP,BUTCH PARRISH (I),59,2,52,5,0
Emanuel,Blundale,"State Representative, District 158",158,REP,BUTCH PARRISH (I),58,2,51,5,0
Emanuel,Canoochee,"State Representative, District 158",158,REP,BUTCH PARRISH (I),124,4,103,17,0
Emanuel,Garfield,"State Representative, District 158",158,REP,BUTCH PARRISH (I),72,0,67,5,0
Emanuel,Cowford,"State Representative, District 158",158,REP,BUTCH PARRISH (I),112,0,93,19,0
Emanuel,Nunez,"State Representative, District 158",158,REP,BUTCH PARRISH (I),77,2,65,10,0
Emanuel,Twin City,"State Representative, District 158",158,REP,BUTCH PARRISH (I),184,3,157,24,0
Emanuel,Adrian,"State Representative, District 158",158,REP,BUTCH PARRISH (I),104,1,91,12,0
Emanuel,,"District Attorney, Middle Circuit", Middle Circuit - DEM,DEM,HAYWARD ALTMAN (I),348,25,285,38,0
Emanuel,Oak Park,"District Attorney, Middle Circuit", Middle Circuit - DEM,DEM,HAYWARD ALTMAN (I),3,0,3,0,0
Emanuel,Cross-Green,"District Attorney, Middle Circuit", Middle Circuit - DEM,DEM,HAYWARD ALTMAN (I),25,0,24,1,0
Emanuel,Swainsboro,"District Attorney, Middle Circuit", Middle Circuit - DEM,DEM,HAYWARD ALTMAN (I),195,19,147,29,0
Emanuel,Summertown,"District Attorney, Middle Circuit", Middle Circuit - DEM,DEM,HAYWARD ALTMAN (I),11,0,9,2,0
Emanuel,Stillmore,"District Attorney, Middle Circuit", Middle Circuit - DEM,DEM,HAYWARD ALTMAN (I),12,0,12,0,0
Emanuel,Blundale,"District Attorney, Middle Circuit", Middle Circuit - DEM,DEM,HAYWARD ALTMAN (I),2,0,1,1,0
Emanuel,Canoochee,"District Attorney, Middle Circuit", Middle Circuit - DEM,DEM,HAYWARD ALTMAN (I),10,0,9,1,0
Emanuel,Garfield,"District Attorney, Middle Circuit", Middle Circuit - DEM,DEM,HAYWARD ALTMAN (I),11,0,11,0,0
Emanuel,Cowford,"District Attorney, Middle Circuit", Middle Circuit - DEM,DEM,HAYWARD ALTMAN (I),2,0,2,0,0
Emanuel,Nunez,"District Attorney, Middle Circuit", Middle Circuit - DEM,DEM,HAYWARD ALTMAN (I),6,1,3,2,0
Emanuel,Twin City,"District Attorney, Middle Circuit", Middle Circuit - DEM,DEM,HAYWARD ALTMAN (I),60,4,55,1,0
Emanuel,Adrian,"District Attorney, Middle Circuit", Middle Circuit - DEM,DEM,HAYWARD ALTMAN (I),11,1,9,1,0
Emanuel,,Superior Court Clerk,,,KRISTIN CANNADY HALL,1443,39,1056,348,0
Emanuel,Oak Park,Superior Court Clerk,,,KRISTIN CANNADY HALL,58,0,56,2,0
Emanuel,Cross-Green,Superior Court Clerk,,,KRISTIN CANNADY HALL,13,0,9,4,0
Emanuel,Swainsboro,Superior Court Clerk,,,KRISTIN CANNADY HALL,672,27,391,254,0
Emanuel,Summertown,Superior Court Clerk,,,KRISTIN CANNADY HALL,58,0,50,8,0
Emanuel,Stillmore,Superior Court Clerk,,,KRISTIN CANNADY HALL,38,2,32,4,0
Emanuel,Blundale,Superior Court Clerk,,,KRISTIN CANNADY HALL,54,0,50,4,0
Emanuel,Canoochee,Superior Court Clerk,,,KRISTIN CANNADY HALL,106,3,89,14,0
Emanuel,Garfield,Superior Court Clerk,,,KRISTIN CANNADY HALL,56,0,51,5,0
Emanuel,Cowford,Superior Court Clerk,,,KRISTIN CANNADY HALL,112,0,102,10,0
Emanuel,Nunez,Superior Court Clerk,,,KRISTIN CANNADY HALL,55,2,48,5,0
Emanuel,Twin City,Superior Court Clerk,,,KRISTIN CANNADY HALL,133,2,110,21,0
Emanuel,Adrian,Superior Court Clerk,,,KRISTIN CANNADY HALL,88,3,68,17,0
Emanuel,,Superior Court Clerk,,,W.H. MCWHORTER JR.,810,37,538,235,0
Emanuel,Oak Park,Superior Court Clerk,,,W.H. MCWHORTER JR.,37,0,34,3,0
Emanuel,Cross-Green,Superior Court Clerk,,,W.H. MCWHORTER JR.,5,0,5,0,0
Emanuel,Swainsboro,Superior Court Clerk,,,W.H. MCWHORTER JR.,465,31,240,194,0
Emanuel,Summertown,Superior Court Clerk,,,W.H. MCWHORTER JR.,34,1,28,5,0
Emanuel,Stillmore,Superior Court Clerk,,,W.H. MCWHORTER JR.,24,0,22,2,0
Emanuel,Blundale,Superior Court Clerk,,,W.H. MCWHORTER JR.,15,0,11,4,0
Emanuel,Canoochee,Superior Court Clerk,,,W.H. MCWHORTER JR.,26,2,19,5,0
Emanuel,Garfield,Superior Court Clerk,,,W.H. MCWHORTER JR.,43,0,40,3,0
Emanuel,Cowford,Superior Court Clerk,,,W.H. MCWHORTER JR.,30,0,26,4,0
Emanuel,Nunez,Superior Court Clerk,,,W.H. MCWHORTER JR.,25,0,21,4,0
Emanuel,Twin City,Superior Court Clerk,,,W.H. MCWHORTER JR.,66,2,56,8,0
Emanuel,Adrian,Superior Court Clerk,,,W.H. MCWHORTER JR.,40,1,36,3,0
Emanuel,,Superior Court Clerk,,,BETHANN PATRICK,469,12,320,136,1
Emanuel,Oak Park,Superior Court Clerk,,,BETHANN PATRICK,12,0,11,1,0
Emanuel,Cross-Green,Superior Court Clerk,,,BETHANN PATRICK,5,0,4,1,0
Emanuel,Swainsboro,Superior Court Clerk,,,BETHANN PATRICK,233,7,130,95,1
Emanuel,Summertown,Superior Court Clerk,,,BETHANN PATRICK,10,0,5,5,0
Emanuel,Stillmore,Superior Court Clerk,,,BETHANN PATRICK,11,0,11,0,0
Emanuel,Blundale,Superior Court Clerk,,,BETHANN PATRICK,14,4,10,0,0
Emanuel,Canoochee,Superior Court Clerk,,,BETHANN PATRICK,35,1,28,6,0
Emanuel,Garfield,Superior Court Clerk,,,BETHANN PATRICK,15,0,15,0,0
Emanuel,Cowford,Superior Court Clerk,,,BETHANN PATRICK,24,0,16,8,0
Emanuel,Nunez,Superior Court Clerk,,,BETHANN PATRICK,22,0,18,4,0
Emanuel,Twin City,Superior Court Clerk,,,BETHANN PATRICK,66,0,53,13,0
Emanuel,Adrian,Superior Court Clerk,,,BETHANN PATRICK,22,0,19,3,0
Emanuel,,Sheriff,,I,J. TYSON STEPHENS,459,27,388,44,0
Emanuel,Oak Park,Sheriff,,I,J. TYSON STEPHENS,3,0,3,0,0
Emanuel,Cross-Green,Sheriff,,I,J. TYSON STEPHENS,33,0,32,1,0
Emanuel,Swainsboro,Sheriff,,I,J. TYSON STEPHENS,240,20,185,35,0
Emanuel,Summertown,Sheriff,,I,J. TYSON STEPHENS,16,0,14,2,0
Emanuel,Stillmore,Sheriff,,I,J. TYSON STEPHENS,18,0,18,0,0
Emanuel,Blundale,Sheriff,,I,J. TYSON STEPHENS,2,0,1,1,0
Emanuel,Canoochee,Sheriff,,I,J. TYSON STEPHENS,19,1,17,1,0
Emanuel,Garfield,Sheriff,,I,J. TYSON STEPHENS,14,0,14,0,0
Emanuel,Cowford,Sheriff,,I,J. TYSON STEPHENS,2,0,2,0,0
Emanuel,Nunez,Sheriff,,I,J. TYSON STEPHENS,6,1,3,2,0
Emanuel,Twin City,Sheriff,,I,J. TYSON STEPHENS,93,4,88,1,0
Emanuel,Adrian,Sheriff,,I,J. TYSON STEPHENS,13,1,11,1,0
Emanuel,,Tax Commissioner,,,SANDRA S. WRIGHT ,451,26,381,44,0
Emanuel,Oak Park,Tax Commissioner,,,SANDRA S. WRIGHT ,3,0,3,0,0
Emanuel,Cross-Green,Tax Commissioner,,,SANDRA S. WRIGHT ,31,0,30,1,0
Emanuel,Swainsboro,Tax Commissioner,,,SANDRA S. WRIGHT ,232,19,179,34,0
Emanuel,Summertown,Tax Commissioner,,,SANDRA S. WRIGHT ,15,0,13,2,0
Emanuel,Stillmore,Tax Commissioner,,,SANDRA S. WRIGHT ,16,0,16,0,0
Emanuel,Blundale,Tax Commissioner,,,SANDRA S. WRIGHT ,2,0,1,1,0
Emanuel,Canoochee,Tax Commissioner,,,SANDRA S. WRIGHT ,20,1,17,2,0
Emanuel,Garfield,Tax Commissioner,,,SANDRA S. WRIGHT ,15,0,15,0,0
Emanuel,Cowford,Tax Commissioner,,,SANDRA S. WRIGHT ,2,0,2,0,0
Emanuel,Nunez,Tax Commissioner,,,SANDRA S. WRIGHT ,6,1,3,2,0
Emanuel,Twin City,Tax Commissioner,,,SANDRA S. WRIGHT ,96,4,91,1,0
Emanuel,Adrian,Tax Commissioner,,,SANDRA S. WRIGHT ,13,1,11,1,0
Emanuel,,Coroner,,,W. J. PEEBLES ,396,26,331,39,0
Emanuel,Oak Park,Coroner,,,W. J. PEEBLES ,3,0,3,0,0
Emanuel,Cross-Green,Coroner,,,W. J. PEEBLES ,29,0,28,1,0
Emanuel,Swainsboro,Coroner,,,W. J. PEEBLES ,214,20,164,30,0
Emanuel,Summertown,Coroner,,,W. J. PEEBLES ,14,0,12,2,0
Emanuel,Stillmore,Coroner,,,W. J. PEEBLES ,13,0,13,0,0
Emanuel,Blundale,Coroner,,,W. J. PEEBLES ,2,0,1,1,0
Emanuel,Canoochee,Coroner,,,W. J. PEEBLES ,14,0,13,1,0
Emanuel,Garfield,Coroner,,,W. J. PEEBLES ,14,0,14,0,0
Emanuel,Cowford,Coroner,,,W. J. PEEBLES ,2,0,2,0,0
Emanuel,Nunez,Coroner,,,W. J. PEEBLES ,6,1,3,2,0
Emanuel,Twin City,Coroner,,,W. J. PEEBLES ,73,4,68,1,0
Emanuel,Adrian,Coroner,,,W. J. PEEBLES ,12,1,10,1,0
Emanuel,,Magistrate Judge,,,RONALD WIGGINS ,412,25,347,40,0
Emanuel,Oak Park,Magistrate Judge,,,RONALD WIGGINS ,3,0,3,0,0
Emanuel,Cross-Green,Magistrate Judge,,,RONALD WIGGINS ,28,0,28,0,0
Emanuel,Swainsboro,Magistrate Judge,,,RONALD WIGGINS ,218,19,166,33,0
Emanuel,Summertown,Magistrate Judge,,,RONALD WIGGINS ,15,0,13,2,0
Emanuel,Stillmore,Magistrate Judge,,,RONALD WIGGINS ,15,0,15,0,0
Emanuel,Blundale,Magistrate Judge,,,RONALD WIGGINS ,2,0,1,1,0
Emanuel,Canoochee,Magistrate Judge,,,RONALD WIGGINS ,16,0,15,1,0
Emanuel,Garfield,Magistrate Judge,,,RONALD WIGGINS ,13,0,13,0,0
Emanuel,Cowford,Magistrate Judge,,,RONALD WIGGINS ,2,0,2,0,0
Emanuel,Nunez,Magistrate Judge,,,RONALD WIGGINS ,5,1,3,1,0
Emanuel,Twin City,Magistrate Judge,,,RONALD WIGGINS ,82,4,77,1,0
Emanuel,Adrian,Magistrate Judge,,,RONALD WIGGINS ,13,1,11,1,0
Emanuel,,Solicitor,,,JAMES EDENFIELD ,347,24,288,35,0
Emanuel,Oak Park,Solicitor,,,JAMES EDENFIELD ,0,0,0,0,0
Emanuel,Cross-Green,Solicitor,,,JAMES EDENFIELD ,24,0,24,0,0
Emanuel,Swainsboro,Solicitor,,,JAMES EDENFIELD ,188,18,142,28,0
Emanuel,Summertown,Solicitor,,,JAMES EDENFIELD ,14,0,12,2,0
Emanuel,Stillmore,Solicitor,,,JAMES EDENFIELD ,11,0,11,0,0
Emanuel,Blundale,Solicitor,,,JAMES EDENFIELD ,2,0,1,1,0
Emanuel,Canoochee,Solicitor,,,JAMES EDENFIELD ,10,0,9,1,0
Emanuel,Garfield,Solicitor,,,JAMES EDENFIELD ,13,0,13,0,0
Emanuel,Cowford,Solicitor,,,JAMES EDENFIELD ,2,0,2,0,0
Emanuel,Nunez,Solicitor,,,JAMES EDENFIELD ,5,1,3,1,0
Emanuel,Twin City,Solicitor,,,JAMES EDENFIELD ,67,4,62,1,0
Emanuel,Adrian,Solicitor,,,JAMES EDENFIELD ,11,1,9,1,0
Emanuel,,County Comm 1,,,DESSIE E. DAVIS ,105,12,72,21,0
Emanuel,Swainsboro,County Comm 1,,,DESSIE E. DAVIS ,105,12,72,21,0
Emanuel,,County Comm 3,,,HUGH FOSKEY ,477,15,313,149,0
Emanuel,Swainsboro,County Comm 3,,,HUGH FOSKEY ,286,10,150,126,0
Emanuel,Cowford,County Comm 3,,,HUGH FOSKEY ,2,0,2,0,0
Emanuel,Nunez,County Comm 3,,,HUGH FOSKEY ,72,2,60,10,0
Emanuel,Adrian,County Comm 3,,,HUGH FOSKEY ,117,3,101,13,0
Emanuel,,County Comm 3,,,SCOTT COCHRAN,53,4,43,6,0
Emanuel,Swainsboro,County Comm 3,,,SCOTT COCHRAN,41,2,34,5,0
Emanuel,Cowford,County Comm 3,,,SCOTT COCHRAN,0,0,0,0,0
Emanuel,Nunez,County Comm 3,,,SCOTT COCHRAN,4,1,2,1,0
Emanuel,Adrian,County Comm 3,,,SCOTT COCHRAN,8,1,7,0,0
Emanuel,,BOE 1,,,"MASON ""MACE"" HENRY",270,3,236,31,0
Emanuel,Garfield,BOE 1,,,"MASON ""MACE"" HENRY",91,0,83,8,0
Emanuel,Twin City,BOE 1,,,"MASON ""MACE"" HENRY",179,3,153,23,0
Emanuel,,BOE 1,,,GEORGE E. COLEMAN,84,3,81,0,0
Emanuel,Garfield,BOE 1,,,GEORGE E. COLEMAN,10,0,10,0,0
Emanuel,Twin City,BOE 1,,,GEORGE E. COLEMAN,74,3,71,0,0
Emanuel,,BOE 3,,,STEVE MEEKS,341,5,290,46,0
Emanuel,Cross-Green,BOE 3,,,STEVE MEEKS,16,0,11,5,0
Emanuel,Summertown,BOE 3,,,STEVE MEEKS,60,0,50,10,0
Emanuel,Blundale,BOE 3,,,STEVE MEEKS,56,4,48,4,0
Emanuel,Cowford,BOE 3,,,STEVE MEEKS,120,0,102,18,0
Emanuel,Adrian,BOE 3,,,STEVE MEEKS,89,1,79,9,0
Emanuel,,BOE 3,,,BURLEY PAGE ,56,2,50,4,0
Emanuel,Cross-Green,BOE 3,,,BURLEY PAGE ,27,0,27,0,0
Emanuel,Summertown,BOE 3,,,BURLEY PAGE ,14,0,12,2,0
Emanuel,Blundale,BOE 3,,,BURLEY PAGE ,1,0,0,1,0
Emanuel,Cowford,BOE 3,,,BURLEY PAGE ,2,0,2,0,0
Emanuel,Adrian,BOE 3,,,BURLEY PAGE ,12,2,9,1,0
Emanuel,,BOE 7,,,ELLIS HOOKS ,357,13,188,156,0
Emanuel,Swainsboro,BOE 7,,,ELLIS HOOKS ,357,13,188,156,0
Emanuel,,BOE 7,,,VERDELL A. BRINSON,70,2,61,7,0
Emanuel,Swainsboro,BOE 7,,,VERDELL A. BRINSON,70,2,61,7,0
Emanuel,,Republican Party Question 1<br>Should Georgia have casino gambling with funds going to education?,,REP,YES,1335,36,951,348,0
Emanuel,Oak Park,Republican Party Question 1<br>Should Georgia have casino gambling with funds going to education?,,REP,YES,56,0,52,4,0
Emanuel,Cross-Green,Republican Party Question 1<br>Should Georgia have casino gambling with funds going to education?,,REP,YES,16,0,11,5,0
Emanuel,Swainsboro,Republican Party Question 1<br>Should Georgia have casino gambling with funds going to education?,,REP,YES,659,23,384,252,0
Emanuel,Summertown,Republican Party Question 1<br>Should Georgia have casino gambling with funds going to education?,,REP,YES,63,1,52,10,0
Emanuel,Stillmore,Republican Party Question 1<br>Should Georgia have casino gambling with funds going to education?,,REP,YES,37,0,33,4,0
Emanuel,Blundale,Republican Party Question 1<br>Should Georgia have casino gambling with funds going to education?,,REP,YES,31,4,24,3,0
Emanuel,Canoochee,Republican Party Question 1<br>Should Georgia have casino gambling with funds going to education?,,REP,YES,88,5,64,19,0
Emanuel,Garfield,Republican Party Question 1<br>Should Georgia have casino gambling with funds going to education?,,REP,YES,48,0,45,3,0
Emanuel,Cowford,Republican Party Question 1<br>Should Georgia have casino gambling with funds going to education?,,REP,YES,68,0,60,8,0
Emanuel,Nunez,Republican Party Question 1<br>Should Georgia have casino gambling with funds going to education?,,REP,YES,63,2,57,4,0
Emanuel,Twin City,Republican Party Question 1<br>Should Georgia have casino gambling with funds going to education?,,REP,YES,135,1,107,27,0
Emanuel,Adrian,Republican Party Question 1<br>Should Georgia have casino gambling with funds going to education?,,REP,YES,71,0,62,9,0
Emanuel,,Republican Party Question 1<br>Should Georgia have casino gambling with funds going to education?,,REP,NO,1320,48,926,345,1
Emanuel,Oak Park,Republican Party Question 1<br>Should Georgia have casino gambling with funds going to education?,,REP,NO,53,0,51,2,0
Emanuel,Cross-Green,Republican Party Question 1<br>Should Georgia have casino gambling with funds going to education?,,REP,NO,6,0,6,0,0
Emanuel,Swainsboro,Republican Party Question 1<br>Should Georgia have casino gambling with funds going to education?,,REP,NO,674,40,362,271,1
Emanuel,Summertown,Republican Party Question 1<br>Should Georgia have casino gambling with funds going to education?,,REP,NO,39,0,33,6,0
Emanuel,Stillmore,Republican Party Question 1<br>Should Georgia have casino gambling with funds going to education?,,REP,NO,40,2,36,2,0
Emanuel,Blundale,Republican Party Question 1<br>Should Georgia have casino gambling with funds going to education?,,REP,NO,48,0,43,5,0
Emanuel,Canoochee,Republican Party Question 1<br>Should Georgia have casino gambling with funds going to education?,,REP,NO,76,1,69,6,0
Emanuel,Garfield,Republican Party Question 1<br>Should Georgia have casino gambling with funds going to education?,,REP,NO,65,0,60,5,0
Emanuel,Cowford,Republican Party Question 1<br>Should Georgia have casino gambling with funds going to education?,,REP,NO,89,0,77,12,0
Emanuel,Nunez,Republican Party Question 1<br>Should Georgia have casino gambling with funds going to education?,,REP,NO,36,0,28,8,0
Emanuel,Twin City,Republican Party Question 1<br>Should Georgia have casino gambling with funds going to education?,,REP,NO,124,3,106,15,0
Emanuel,Adrian,Republican Party Question 1<br>Should Georgia have casino gambling with funds going to education?,,REP,NO,70,2,55,13,0
Emanuel,,Republican Party Question 2<br>Do you support ending the current practice of unlimited gifts from lobbyists to state legislators by imposing a $100 cap on such gifts?,,REP,YES,2095,72,1459,563,1
Emanuel,Oak Park,Republican Party Question 2<br>Do you support ending the current practice of unlimited gifts from lobbyists to state legislators by imposing a $100 cap on such gifts?,,REP,YES,86,0,80,6,0
Emanuel,Cross-Green,Republican Party Question 2<br>Do you support ending the current practice of unlimited gifts from lobbyists to state legislators by imposing a $100 cap on such gifts?,,REP,YES,17,0,12,5,0
Emanuel,Swainsboro,Republican Party Question 2<br>Do you support ending the current practice of unlimited gifts from lobbyists to state legislators by imposing a $100 cap on such gifts?,,REP,YES,1060,54,577,428,1
Emanuel,Summertown,Republican Party Question 2<br>Do you support ending the current practice of unlimited gifts from lobbyists to state legislators by imposing a $100 cap on such gifts?,,REP,YES,83,1,68,14,0
Emanuel,Stillmore,Republican Party Question 2<br>Do you support ending the current practice of unlimited gifts from lobbyists to state legislators by imposing a $100 cap on such gifts?,,REP,YES,56,2,49,5,0
Emanuel,Blundale,Republican Party Question 2<br>Do you support ending the current practice of unlimited gifts from lobbyists to state legislators by imposing a $100 cap on such gifts?,,REP,YES,61,2,54,5,0
Emanuel,Canoochee,Republican Party Question 2<br>Do you support ending the current practice of unlimited gifts from lobbyists to state legislators by imposing a $100 cap on such gifts?,,REP,YES,126,6,101,19,0
Emanuel,Garfield,Republican Party Question 2<br>Do you support ending the current practice of unlimited gifts from lobbyists to state legislators by imposing a $100 cap on such gifts?,,REP,YES,91,0,85,6,0
Emanuel,Cowford,Republican Party Question 2<br>Do you support ending the current practice of unlimited gifts from lobbyists to state legislators by imposing a $100 cap on such gifts?,,REP,YES,121,0,104,17,0
Emanuel,Nunez,Republican Party Question 2<br>Do you support ending the current practice of unlimited gifts from lobbyists to state legislators by imposing a $100 cap on such gifts?,,REP,YES,83,2,69,12,0
Emanuel,Twin City,Republican Party Question 2<br>Do you support ending the current practice of unlimited gifts from lobbyists to state legislators by imposing a $100 cap on such gifts?,,REP,YES,197,3,164,30,0
Emanuel,Adrian,Republican Party Question 2<br>Do you support ending the current practice of unlimited gifts from lobbyists to state legislators by imposing a $100 cap on such gifts?,,REP,YES,114,2,96,16,0
Emanuel,,Republican Party Question 2<br>Do you support ending the current practice of unlimited gifts from lobbyists to state legislators by imposing a $100 cap on such gifts?,,REP,NO,460,8,342,110,0
Emanuel,Oak Park,Republican Party Question 2<br>Do you support ending the current practice of unlimited gifts from lobbyists to state legislators by imposing a $100 cap on such gifts?,,REP,NO,17,0,17,0,0
Emanuel,Cross-Green,Republican Party Question 2<br>Do you support ending the current practice of unlimited gifts from lobbyists to state legislators by imposing a $100 cap on such gifts?,,REP,NO,4,0,4,0,0
Emanuel,Swainsboro,Republican Party Question 2<br>Do you support ending the current practice of unlimited gifts from lobbyists to state legislators by imposing a $100 cap on such gifts?,,REP,NO,233,6,142,85,0
Emanuel,Summertown,Republican Party Question 2<br>Do you support ending the current practice of unlimited gifts from lobbyists to state legislators by imposing a $100 cap on such gifts?,,REP,NO,14,0,12,2,0
Emanuel,Stillmore,Republican Party Question 2<br>Do you support ending the current practice of unlimited gifts from lobbyists to state legislators by imposing a $100 cap on such gifts?,,REP,NO,16,0,15,1,0
Emanuel,Blundale,Republican Party Question 2<br>Do you support ending the current practice of unlimited gifts from lobbyists to state legislators by imposing a $100 cap on such gifts?,,REP,NO,15,1,13,1,0
Emanuel,Canoochee,Republican Party Question 2<br>Do you support ending the current practice of unlimited gifts from lobbyists to state legislators by imposing a $100 cap on such gifts?,,REP,NO,23,0,19,4,0
Emanuel,Garfield,Republican Party Question 2<br>Do you support ending the current practice of unlimited gifts from lobbyists to state legislators by imposing a $100 cap on such gifts?,,REP,NO,18,0,16,2,0
Emanuel,Cowford,Republican Party Question 2<br>Do you support ending the current practice of unlimited gifts from lobbyists to state legislators by imposing a $100 cap on such gifts?,,REP,NO,31,0,29,2,0
Emanuel,Nunez,Republican Party Question 2<br>Do you support ending the current practice of unlimited gifts from lobbyists to state legislators by imposing a $100 cap on such gifts?,,REP,NO,14,0,14,0,0
Emanuel,Twin City,Republican Party Question 2<br>Do you support ending the current practice of unlimited gifts from lobbyists to state legislators by imposing a $100 cap on such gifts?,,REP,NO,58,1,47,10,0
Emanuel,Adrian,Republican Party Question 2<br>Do you support ending the current practice of unlimited gifts from lobbyists to state legislators by imposing a $100 cap on such gifts?,,REP,NO,17,0,14,3,0
Emanuel,,Republican Party Question 3<br>Should active duty military personnel who are under the age of 21 be allowed to obtain a Georgia weapons license?,,REP,YES,1775,56,1271,448,0
Emanuel,Oak Park,Republican Party Question 3<br>Should active duty military personnel who are under the age of 21 be allowed to obtain a Georgia weapons license?,,REP,YES,80,0,76,4,0
Emanuel,Cross-Green,Republican Party Question 3<br>Should active duty military personnel who are under the age of 21 be allowed to obtain a Georgia weapons license?,,REP,YES,18,0,13,5,0
Emanuel,Swainsboro,Republican Party Question 3<br>Should active duty military personnel who are under the age of 21 be allowed to obtain a Georgia weapons license?,,REP,YES,855,42,479,334,0
Emanuel,Summertown,Republican Party Question 3<br>Should active duty military personnel who are under the age of 21 be allowed to obtain a Georgia weapons license?,,REP,YES,68,1,57,10,0
Emanuel,Stillmore,Republican Party Question 3<br>Should active duty military personnel who are under the age of 21 be allowed to obtain a Georgia weapons license?,,REP,YES,55,2,49,4,0
Emanuel,Blundale,Republican Party Question 3<br>Should active duty military personnel who are under the age of 21 be allowed to obtain a Georgia weapons license?,,REP,YES,56,1,52,3,0
Emanuel,Canoochee,Republican Party Question 3<br>Should active duty military personnel who are under the age of 21 be allowed to obtain a Georgia weapons license?,,REP,YES,116,4,92,20,0
Emanuel,Garfield,Republican Party Question 3<br>Should active duty military personnel who are under the age of 21 be allowed to obtain a Georgia weapons license?,,REP,YES,76,0,73,3,0
Emanuel,Cowford,Republican Party Question 3<br>Should active duty military personnel who are under the age of 21 be allowed to obtain a Georgia weapons license?,,REP,YES,114,0,98,16,0
Emanuel,Nunez,Republican Party Question 3<br>Should active duty military personnel who are under the age of 21 be allowed to obtain a Georgia weapons license?,,REP,YES,70,2,62,6,0
Emanuel,Twin City,Republican Party Question 3<br>Should active duty military personnel who are under the age of 21 be allowed to obtain a Georgia weapons license?,,REP,YES,185,3,151,31,0
Emanuel,Adrian,Republican Party Question 3<br>Should active duty military personnel who are under the age of 21 be allowed to obtain a Georgia weapons license?,,REP,YES,82,1,69,12,0
Emanuel,,Republican Party Question 3<br>Should active duty military personnel who are under the age of 21 be allowed to obtain a Georgia weapons license?,,REP,NO,831,25,571,234,1
Emanuel,Oak Park,Republican Party Question 3<br>Should active duty military personnel who are under the age of 21 be allowed to obtain a Georgia weapons license?,,REP,NO,27,0,25,2,0
Emanuel,Cross-Green,Republican Party Question 3<br>Should active duty military personnel who are under the age of 21 be allowed to obtain a Georgia weapons license?,,REP,NO,5,0,5,0,0
Emanuel,Swainsboro,Republican Party Question 3<br>Should active duty military personnel who are under the age of 21 be allowed to obtain a Georgia weapons license?,,REP,NO,455,18,251,185,1
Emanuel,Summertown,Republican Party Question 3<br>Should active duty military personnel who are under the age of 21 be allowed to obtain a Georgia weapons license?,,REP,NO,33,0,27,6,0
Emanuel,Stillmore,Republican Party Question 3<br>Should active duty military personnel who are under the age of 21 be allowed to obtain a Georgia weapons license?,,REP,NO,21,0,19,2,0
Emanuel,Blundale,Republican Party Question 3<br>Should active duty military personnel who are under the age of 21 be allowed to obtain a Georgia weapons license?,,REP,NO,23,3,16,4,0
Emanuel,Canoochee,Republican Party Question 3<br>Should active duty military personnel who are under the age of 21 be allowed to obtain a Georgia weapons license?,,REP,NO,44,2,37,5,0
Emanuel,Garfield,Republican Party Question 3<br>Should active duty military personnel who are under the age of 21 be allowed to obtain a Georgia weapons license?,,REP,NO,34,0,29,5,0
Emanuel,Cowford,Republican Party Question 3<br>Should active duty military personnel who are under the age of 21 be allowed to obtain a Georgia weapons license?,,REP,NO,39,0,36,3,0
Emanuel,Nunez,Republican Party Question 3<br>Should active duty military personnel who are under the age of 21 be allowed to obtain a Georgia weapons license?,,REP,NO,24,0,18,6,0
Emanuel,Twin City,Republican Party Question 3<br>Should active duty military personnel who are under the age of 21 be allowed to obtain a Georgia weapons license?,,REP,NO,74,1,63,10,0
Emanuel,Adrian,Republican Party Question 3<br>Should active duty military personnel who are under the age of 21 be allowed to obtain a Georgia weapons license?,,REP,NO,52,1,45,6,0
Emanuel,,Republican Party Question 4<br>Should Citizens who wish to vote in a primary election be required to register by their political party affiliation at least thirty (30) days prior to such primary election?,,REP,YES,1197,34,835,327,1
Emanuel,Oak Park,Republican Party Question 4<br>Should Citizens who wish to vote in a primary election be required to register by their political party affiliation at least thirty (30) days prior to such primary election?,,REP,YES,53,0,49,4,0
Emanuel,Cross-Green,Republican Party Question 4<br>Should Citizens who wish to vote in a primary election be required to register by their political party affiliation at least thirty (30) days prior to such primary election?,,REP,YES,9,0,6,3,0
Emanuel,Swainsboro,Republican Party Question 4<br>Should Citizens who wish to vote in a primary election be required to register by their political party affiliation at least thirty (30) days prior to such primary election?,,REP,YES,583,24,315,243,1
Emanuel,Summertown,Republican Party Question 4<br>Should Citizens who wish to vote in a primary election be required to register by their political party affiliation at least thirty (30) days prior to such primary election?,,REP,YES,52,0,42,10,0
Emanuel,Stillmore,Republican Party Question 4<br>Should Citizens who wish to vote in a primary election be required to register by their political party affiliation at least thirty (30) days prior to such primary election?,,REP,YES,37,2,31,4,0
Emanuel,Blundale,Republican Party Question 4<br>Should Citizens who wish to vote in a primary election be required to register by their political party affiliation at least thirty (30) days prior to such primary election?,,REP,YES,36,0,32,4,0
Emanuel,Canoochee,Republican Party Question 4<br>Should Citizens who wish to vote in a primary election be required to register by their political party affiliation at least thirty (30) days prior to such primary election?,,REP,YES,77,3,63,11,0
Emanuel,Garfield,Republican Party Question 4<br>Should Citizens who wish to vote in a primary election be required to register by their political party affiliation at least thirty (30) days prior to such primary election?,,REP,YES,45,0,44,1,0
Emanuel,Cowford,Republican Party Question 4<br>Should Citizens who wish to vote in a primary election be required to register by their political party affiliation at least thirty (30) days prior to such primary election?,,REP,YES,74,0,64,10,0
Emanuel,Nunez,Republican Party Question 4<br>Should Citizens who wish to vote in a primary election be required to register by their political party affiliation at least thirty (30) days prior to such primary election?,,REP,YES,45,0,38,7,0
Emanuel,Twin City,Republican Party Question 4<br>Should Citizens who wish to vote in a primary election be required to register by their political party affiliation at least thirty (30) days prior to such primary election?,,REP,YES,122,3,97,22,0
Emanuel,Adrian,Republican Party Question 4<br>Should Citizens who wish to vote in a primary election be required to register by their political party affiliation at least thirty (30) days prior to such primary election?,,REP,YES,64,2,54,8,0
Emanuel,,Republican Party Question 4<br>Should Citizens who wish to vote in a primary election be required to register by their political party affiliation at least thirty (30) days prior to such primary election?,,REP,NO,1336,44,958,334,0
Emanuel,Oak Park,Republican Party Question 4<br>Should Citizens who wish to vote in a primary election be required to register by their political party affiliation at least thirty (30) days prior to such primary election?,,REP,NO,52,0,50,2,0
Emanuel,Cross-Green,Republican Party Question 4<br>Should Citizens who wish to vote in a primary election be required to register by their political party affiliation at least thirty (30) days prior to such primary election?,,REP,NO,13,0,11,2,0
Emanuel,Swainsboro,Republican Party Question 4<br>Should Citizens who wish to vote in a primary election be required to register by their political party affiliation at least thirty (30) days prior to such primary election?,,REP,NO,680,35,385,260,0
Emanuel,Summertown,Republican Party Question 4<br>Should Citizens who wish to vote in a primary election be required to register by their political party affiliation at least thirty (30) days prior to such primary election?,,REP,NO,49,1,42,6,0
Emanuel,Stillmore,Republican Party Question 4<br>Should Citizens who wish to vote in a primary election be required to register by their political party affiliation at least thirty (30) days prior to such primary election?,,REP,NO,37,0,35,2,0
Emanuel,Blundale,Republican Party Question 4<br>Should Citizens who wish to vote in a primary election be required to register by their political party affiliation at least thirty (30) days prior to such primary election?,,REP,NO,40,3,34,3,0
Emanuel,Canoochee,Republican Party Question 4<br>Should Citizens who wish to vote in a primary election be required to register by their political party affiliation at least thirty (30) days prior to such primary election?,,REP,NO,75,2,62,11,0
Emanuel,Garfield,Republican Party Question 4<br>Should Citizens who wish to vote in a primary election be required to register by their political party affiliation at least thirty (30) days prior to such primary election?,,REP,NO,64,0,57,7,0
Emanuel,Cowford,Republican Party Question 4<br>Should Citizens who wish to vote in a primary election be required to register by their political party affiliation at least thirty (30) days prior to such primary election?,,REP,NO,75,0,67,8,0
Emanuel,Nunez,Republican Party Question 4<br>Should Citizens who wish to vote in a primary election be required to register by their political party affiliation at least thirty (30) days prior to such primary election?,,REP,NO,50,2,43,5,0
Emanuel,Twin City,Republican Party Question 4<br>Should Citizens who wish to vote in a primary election be required to register by their political party affiliation at least thirty (30) days prior to such primary election?,,REP,NO,131,1,112,18,0
Emanuel,Adrian,Republican Party Question 4<br>Should Citizens who wish to vote in a primary election be required to register by their political party affiliation at least thirty (30) days prior to such primary election?,,REP,NO,70,0,60,10,0
Emanuel,,Republican Party Question 5 <br>Life Amendment Question,,REP,YES,1683,46,1198,438,1
Emanuel,Oak Park,Republican Party Question 5 <br>Life Amendment Question,,REP,YES,80,0,74,6,0
Emanuel,Cross-Green,Republican Party Question 5 <br>Life Amendment Question,,REP,YES,15,0,11,4,0
Emanuel,Swainsboro,Republican Party Question 5 <br>Life Amendment Question,,REP,YES,841,34,470,336,1
Emanuel,Summertown,Republican Party Question 5 <br>Life Amendment Question,,REP,YES,64,0,54,10,0
Emanuel,Stillmore,Republican Party Question 5 <br>Life Amendment Question,,REP,YES,52,2,45,5,0
Emanuel,Blundale,Republican Party Question 5 <br>Life Amendment Question,,REP,YES,46,1,40,5,0
Emanuel,Canoochee,Republican Party Question 5 <br>Life Amendment Question,,REP,YES,98,4,79,15,0
Emanuel,Garfield,Republican Party Question 5 <br>Life Amendment Question,,REP,YES,78,0,75,3,0
Emanuel,Cowford,Republican Party Question 5 <br>Life Amendment Question,,REP,YES,107,0,93,14,0
Emanuel,Nunez,Republican Party Question 5 <br>Life Amendment Question,,REP,YES,61,0,54,7,0
Emanuel,Twin City,Republican Party Question 5 <br>Life Amendment Question,,REP,YES,164,4,136,24,0
Emanuel,Adrian,Republican Party Question 5 <br>Life Amendment Question,,REP,YES,77,1,67,9,0
Emanuel,,Republican Party Question 5 <br>Life Amendment Question,,REP,NO,716,24,496,196,0
Emanuel,Oak Park,Republican Party Question 5 <br>Life Amendment Question,,REP,NO,16,0,16,0,0
Emanuel,Cross-Green,Republican Party Question 5 <br>Life Amendment Question,,REP,NO,6,0,5,1,0
Emanuel,Swainsboro,Republican Party Question 5 <br>Life Amendment Question,,REP,NO,370,19,204,147,0
Emanuel,Summertown,Republican Party Question 5 <br>Life Amendment Question,,REP,NO,31,1,25,5,0
Emanuel,Stillmore,Republican Party Question 5 <br>Life Amendment Question,,REP,NO,20,0,20,0,0
Emanuel,Blundale,Republican Party Question 5 <br>Life Amendment Question,,REP,NO,26,3,21,2,0
Emanuel,Canoochee,Republican Party Question 5 <br>Life Amendment Question,,REP,NO,43,0,38,5,0
Emanuel,Garfield,Republican Party Question 5 <br>Life Amendment Question,,REP,NO,27,0,23,4,0
Emanuel,Cowford,Republican Party Question 5 <br>Life Amendment Question,,REP,NO,35,0,30,5,0
Emanuel,Nunez,Republican Party Question 5 <br>Life Amendment Question,,REP,NO,25,0,20,5,0
Emanuel,Twin City,Republican Party Question 5 <br>Life Amendment Question,,REP,NO,72,0,58,14,0
Emanuel,Adrian,Republican Party Question 5 <br>Life Amendment Question,,REP,NO,45,1,36,8,0
Emanuel,,Democratic Party Question 1<br>Should the Georgia Constitution be amended to allow the state to override locally-elected school boards’ decisions when it comes to the creation of charter schools in your county or city?,,DEM,YES,229,11,202,16,0
Emanuel,Oak Park,Democratic Party Question 1<br>Should the Georgia Constitution be amended to allow the state to override locally-elected school boards’ decisions when it comes to the creation of charter schools in your county or city?,,DEM,YES,1,0,1,0,0
Emanuel,Cross-Green,Democratic Party Question 1<br>Should the Georgia Constitution be amended to allow the state to override locally-elected school boards’ decisions when it comes to the creation of charter schools in your county or city?,,DEM,YES,20,0,20,0,0
Emanuel,Swainsboro,Democratic Party Question 1<br>Should the Georgia Constitution be amended to allow the state to override locally-elected school boards’ decisions when it comes to the creation of charter schools in your county or city?,,DEM,YES,110,6,91,13,0
Emanuel,Summertown,Democratic Party Question 1<br>Should the Georgia Constitution be amended to allow the state to override locally-elected school boards’ decisions when it comes to the creation of charter schools in your county or city?,,DEM,YES,7,0,6,1,0
Emanuel,Stillmore,Democratic Party Question 1<br>Should the Georgia Constitution be amended to allow the state to override locally-elected school boards’ decisions when it comes to the creation of charter schools in your county or city?,,DEM,YES,11,0,11,0,0
Emanuel,Blundale,Democratic Party Question 1<br>Should the Georgia Constitution be amended to allow the state to override locally-elected school boards’ decisions when it comes to the creation of charter schools in your county or city?,,DEM,YES,0,0,0,0,0
Emanuel,Canoochee,Democratic Party Question 1<br>Should the Georgia Constitution be amended to allow the state to override locally-elected school boards’ decisions when it comes to the creation of charter schools in your county or city?,,DEM,YES,12,1,9,2,0
Emanuel,Garfield,Democratic Party Question 1<br>Should the Georgia Constitution be amended to allow the state to override locally-elected school boards’ decisions when it comes to the creation of charter schools in your county or city?,,DEM,YES,5,0,5,0,0
Emanuel,Cowford,Democratic Party Question 1<br>Should the Georgia Constitution be amended to allow the state to override locally-elected school boards’ decisions when it comes to the creation of charter schools in your county or city?,,DEM,YES,0,0,0,0,0
Emanuel,Nunez,Democratic Party Question 1<br>Should the Georgia Constitution be amended to allow the state to override locally-elected school boards’ decisions when it comes to the creation of charter schools in your county or city?,,DEM,YES,1,0,1,0,0
Emanuel,Twin City,Democratic Party Question 1<br>Should the Georgia Constitution be amended to allow the state to override locally-elected school boards’ decisions when it comes to the creation of charter schools in your county or city?,,DEM,YES,55,3,52,0,0
Emanuel,Adrian,Democratic Party Question 1<br>Should the Georgia Constitution be amended to allow the state to override locally-elected school boards’ decisions when it comes to the creation of charter schools in your county or city?,,DEM,YES,7,1,6,0,0
Emanuel,,Democratic Party Question 1<br>Should the Georgia Constitution be amended to allow the state to override locally-elected school boards’ decisions when it comes to the creation of charter schools in your county or city?,,DEM,NO,264,18,217,29,0
Emanuel,Oak Park,Democratic Party Question 1<br>Should the Georgia Constitution be amended to allow the state to override locally-elected school boards’ decisions when it comes to the creation of charter schools in your county or city?,,DEM,NO,3,0,3,0,0
Emanuel,Cross-Green,Democratic Party Question 1<br>Should the Georgia Constitution be amended to allow the state to override locally-elected school boards’ decisions when it comes to the creation of charter schools in your county or city?,,DEM,NO,12,0,11,1,0
Emanuel,Swainsboro,Democratic Party Question 1<br>Should the Georgia Constitution be amended to allow the state to override locally-elected school boards’ decisions when it comes to the creation of charter schools in your county or city?,,DEM,NO,149,15,113,21,0
Emanuel,Summertown,Democratic Party Question 1<br>Should the Georgia Constitution be amended to allow the state to override locally-elected school boards’ decisions when it comes to the creation of charter schools in your county or city?,,DEM,NO,10,0,9,1,0
Emanuel,Stillmore,Democratic Party Question 1<br>Should the Georgia Constitution be amended to allow the state to override locally-elected school boards’ decisions when it comes to the creation of charter schools in your county or city?,,DEM,NO,8,0,8,0,0
Emanuel,Blundale,Democratic Party Question 1<br>Should the Georgia Constitution be amended to allow the state to override locally-elected school boards’ decisions when it comes to the creation of charter schools in your county or city?,,DEM,NO,2,0,1,1,0
Emanuel,Canoochee,Democratic Party Question 1<br>Should the Georgia Constitution be amended to allow the state to override locally-elected school boards’ decisions when it comes to the creation of charter schools in your county or city?,,DEM,NO,10,0,10,0,0
Emanuel,Garfield,Democratic Party Question 1<br>Should the Georgia Constitution be amended to allow the state to override locally-elected school boards’ decisions when it comes to the creation of charter schools in your county or city?,,DEM,NO,10,0,10,0,0
Emanuel,Cowford,Democratic Party Question 1<br>Should the Georgia Constitution be amended to allow the state to override locally-elected school boards’ decisions when it comes to the creation of charter schools in your county or city?,,DEM,NO,2,0,2,0,0
Emanuel,Nunez,Democratic Party Question 1<br>Should the Georgia Constitution be amended to allow the state to override locally-elected school boards’ decisions when it comes to the creation of charter schools in your county or city?,,DEM,NO,5,1,2,2,0
Emanuel,Twin City,Democratic Party Question 1<br>Should the Georgia Constitution be amended to allow the state to override locally-elected school boards’ decisions when it comes to the creation of charter schools in your county or city?,,DEM,NO,46,1,43,2,0
Emanuel,Adrian,Democratic Party Question 1<br>Should the Georgia Constitution be amended to allow the state to override locally-elected school boards’ decisions when it comes to the creation of charter schools in your county or city?,,DEM,NO,7,1,5,1,0
Emanuel,,Democratic Party Question 2<br>Do you support ending current practice permitting unlimited gifts from lobbyists to state legislators?,,DEM,YES,323,18,278,27,0
Emanuel,Oak Park,Democratic Party Question 2<br>Do you support ending current practice permitting unlimited gifts from lobbyists to state legislators?,,DEM,YES,4,0,4,0,0
Emanuel,Cross-Green,Democratic Party Question 2<br>Do you support ending current practice permitting unlimited gifts from lobbyists to state legislators?,,DEM,YES,19,0,19,0,0
Emanuel,Swainsboro,Democratic Party Question 2<br>Do you support ending current practice permitting unlimited gifts from lobbyists to state legislators?,,DEM,YES,168,13,135,20,0
Emanuel,Summertown,Democratic Party Question 2<br>Do you support ending current practice permitting unlimited gifts from lobbyists to state legislators?,,DEM,YES,13,0,12,1,0
Emanuel,Stillmore,Democratic Party Question 2<br>Do you support ending current practice permitting unlimited gifts from lobbyists to state legislators?,,DEM,YES,13,0,13,0,0
Emanuel,Blundale,Democratic Party Question 2<br>Do you support ending current practice permitting unlimited gifts from lobbyists to state legislators?,,DEM,YES,2,0,1,1,0
Emanuel,Canoochee,Democratic Party Question 2<br>Do you support ending current practice permitting unlimited gifts from lobbyists to state legislators?,,DEM,YES,17,0,16,1,0
Emanuel,Garfield,Democratic Party Question 2<br>Do you support ending current practice permitting unlimited gifts from lobbyists to state legislators?,,DEM,YES,8,0,8,0,0
Emanuel,Cowford,Democratic Party Question 2<br>Do you support ending current practice permitting unlimited gifts from lobbyists to state legislators?,,DEM,YES,2,0,2,0,0
Emanuel,Nunez,Democratic Party Question 2<br>Do you support ending current practice permitting unlimited gifts from lobbyists to state legislators?,,DEM,YES,4,1,2,1,0
Emanuel,Twin City,Democratic Party Question 2<br>Do you support ending current practice permitting unlimited gifts from lobbyists to state legislators?,,DEM,YES,64,2,60,2,0
Emanuel,Adrian,Democratic Party Question 2<br>Do you support ending current practice permitting unlimited gifts from lobbyists to state legislators?,,DEM,YES,9,2,6,1,0
Emanuel,,Democratic Party Question 2<br>Do you support ending current practice permitting unlimited gifts from lobbyists to state legislators?,,DEM,NO,159,11,131,17,0
Emanuel,Oak Park,Democratic Party Question 2<br>Do you support ending current practice permitting unlimited gifts from lobbyists to state legislators?,,DEM,NO,0,0,0,0,0
Emanuel,Cross-Green,Democratic Party Question 2<br>Do you support ending current practice permitting unlimited gifts from lobbyists to state legislators?,,DEM,NO,9,0,8,1,0
Emanuel,Swainsboro,Democratic Party Question 2<br>Do you support ending current practice permitting unlimited gifts from lobbyists to state legislators?,,DEM,NO,86,8,65,13,0
Emanuel,Summertown,Democratic Party Question 2<br>Do you support ending current practice permitting unlimited gifts from lobbyists to state legislators?,,DEM,NO,6,0,5,1,0
Emanuel,Stillmore,Democratic Party Question 2<br>Do you support ending current practice permitting unlimited gifts from lobbyists to state legislators?,,DEM,NO,6,0,6,0,0
Emanuel,Blundale,Democratic Party Question 2<br>Do you support ending current practice permitting unlimited gifts from lobbyists to state legislators?,,DEM,NO,0,0,0,0,0
Emanuel,Canoochee,Democratic Party Question 2<br>Do you support ending current practice permitting unlimited gifts from lobbyists to state legislators?,,DEM,NO,7,1,5,1,0
Emanuel,Garfield,Democratic Party Question 2<br>Do you support ending current practice permitting unlimited gifts from lobbyists to state legislators?,,DEM,NO,5,0,5,0,0
Emanuel,Cowford,Democratic Party Question 2<br>Do you support ending current practice permitting unlimited gifts from lobbyists to state legislators?,,DEM,NO,0,0,0,0,0
Emanuel,Nunez,Democratic Party Question 2<br>Do you support ending current practice permitting unlimited gifts from lobbyists to state legislators?,,DEM,NO,2,0,1,1,0
Emanuel,Twin City,Democratic Party Question 2<br>Do you support ending current practice permitting unlimited gifts from lobbyists to state legislators?,,DEM,NO,32,2,30,0,0
Emanuel,Adrian,Democratic Party Question 2<br>Do you support ending current practice permitting unlimited gifts from lobbyists to state legislators?,,DEM,NO,6,0,6,0,0
Emanuel,,Democratic Party Question 3<br>Should Georgia adopt an income tax credit for home energy costs to support the economic security of our families?,,DEM,YES,396,22,339,35,0
Emanuel,Oak Park,Democratic Party Question 3<br>Should Georgia adopt an income tax credit for home energy costs to support the economic security of our families?,,DEM,YES,4,0,4,0,0
Emanuel,Cross-Green,Democratic Party Question 3<br>Should Georgia adopt an income tax credit for home energy costs to support the economic security of our families?,,DEM,YES,27,0,26,1,0
Emanuel,Swainsboro,Democratic Party Question 3<br>Should Georgia adopt an income tax credit for home energy costs to support the economic security of our families?,,DEM,YES,212,15,169,28,0
Emanuel,Summertown,Democratic Party Question 3<br>Should Georgia adopt an income tax credit for home energy costs to support the economic security of our families?,,DEM,YES,13,0,12,1,0
Emanuel,Stillmore,Democratic Party Question 3<br>Should Georgia adopt an income tax credit for home energy costs to support the economic security of our families?,,DEM,YES,15,0,15,0,0
Emanuel,Blundale,Democratic Party Question 3<br>Should Georgia adopt an income tax credit for home energy costs to support the economic security of our families?,,DEM,YES,1,0,1,0,0
Emanuel,Canoochee,Democratic Party Question 3<br>Should Georgia adopt an income tax credit for home energy costs to support the economic security of our families?,,DEM,YES,17,1,14,2,0
Emanuel,Garfield,Democratic Party Question 3<br>Should Georgia adopt an income tax credit for home energy costs to support the economic security of our families?,,DEM,YES,13,0,13,0,0
Emanuel,Cowford,Democratic Party Question 3<br>Should Georgia adopt an income tax credit for home energy costs to support the economic security of our families?,,DEM,YES,1,0,1,0,0
Emanuel,Nunez,Democratic Party Question 3<br>Should Georgia adopt an income tax credit for home energy costs to support the economic security of our families?,,DEM,YES,2,0,2,0,0
Emanuel,Twin City,Democratic Party Question 3<br>Should Georgia adopt an income tax credit for home energy costs to support the economic security of our families?,,DEM,YES,81,4,75,2,0
Emanuel,Adrian,Democratic Party Question 3<br>Should Georgia adopt an income tax credit for home energy costs to support the economic security of our families?,,DEM,YES,10,2,7,1,0
Emanuel,,Democratic Party Question 3<br>Should Georgia adopt an income tax credit for home energy costs to support the economic security of our families?,,DEM,NO,90,7,73,10,0
Emanuel,Oak Park,Democratic Party Question 3<br>Should Georgia adopt an income tax credit for home energy costs to support the economic security of our families?,,DEM,NO,0,0,0,0,0
Emanuel,Cross-Green,Democratic Party Question 3<br>Should Georgia adopt an income tax credit for home energy costs to support the economic security of our families?,,DEM,NO,4,0,4,0,0
Emanuel,Swainsboro,Democratic Party Question 3<br>Should Georgia adopt an income tax credit for home energy costs to support the economic security of our families?,,DEM,NO,40,6,28,6,0
Emanuel,Summertown,Democratic Party Question 3<br>Should Georgia adopt an income tax credit for home energy costs to support the economic security of our families?,,DEM,NO,6,0,5,1,0
Emanuel,Stillmore,Democratic Party Question 3<br>Should Georgia adopt an income tax credit for home energy costs to support the economic security of our families?,,DEM,NO,4,0,4,0,0
Emanuel,Blundale,Democratic Party Question 3<br>Should Georgia adopt an income tax credit for home energy costs to support the economic security of our families?,,DEM,NO,1,0,0,1,0
Emanuel,Canoochee,Democratic Party Question 3<br>Should Georgia adopt an income tax credit for home energy costs to support the economic security of our families?,,DEM,NO,3,0,3,0,0
Emanuel,Garfield,Democratic Party Question 3<br>Should Georgia adopt an income tax credit for home energy costs to support the economic security of our families?,,DEM,NO,3,0,3,0,0
Emanuel,Cowford,Democratic Party Question 3<br>Should Georgia adopt an income tax credit for home energy costs to support the economic security of our families?,,DEM,NO,1,0,1,0,0
Emanuel,Nunez,Democratic Party Question 3<br>Should Georgia adopt an income tax credit for home energy costs to support the economic security of our families?,,DEM,NO,4,1,1,2,0
Emanuel,Twin City,Democratic Party Question 3<br>Should Georgia adopt an income tax credit for home energy costs to support the economic security of our families?,,DEM,NO,19,0,19,0,0
Emanuel,Adrian,Democratic Party Question 3<br>Should Georgia adopt an income tax credit for home energy costs to support the economic security of our families?,,DEM,NO,5,0,5,0,0
Emanuel,,Democratic Party Question 4 <br>Should Georgia reduce sales taxes on Made in Georgia products so as to support the growth of small businesses in our state?,,DEM,YES,430,25,365,40,0
Emanuel,Oak Park,Democratic Party Question 4 <br>Should Georgia reduce sales taxes on Made in Georgia products so as to support the growth of small businesses in our state?,,DEM,YES,3,0,3,0,0
Emanuel,Cross-Green,Democratic Party Question 4 <br>Should Georgia reduce sales taxes on Made in Georgia products so as to support the growth of small businesses in our state?,,DEM,YES,28,0,27,1,0
Emanuel,Swainsboro,Democratic Party Question 4 <br>Should Georgia reduce sales taxes on Made in Georgia products so as to support the growth of small businesses in our state?,,DEM,YES,226,20,175,31,0
Emanuel,Summertown,Democratic Party Question 4 <br>Should Georgia reduce sales taxes on Made in Georgia products so as to support the growth of small businesses in our state?,,DEM,YES,17,0,15,2,0
Emanuel,Stillmore,Democratic Party Question 4 <br>Should Georgia reduce sales taxes on Made in Georgia products so as to support the growth of small businesses in our state?,,DEM,YES,19,0,19,0,0
Emanuel,Blundale,Democratic Party Question 4 <br>Should Georgia reduce sales taxes on Made in Georgia products so as to support the growth of small businesses in our state?,,DEM,YES,2,0,1,1,0
Emanuel,Canoochee,Democratic Party Question 4 <br>Should Georgia reduce sales taxes on Made in Georgia products so as to support the growth of small businesses in our state?,,DEM,YES,17,0,15,2,0
Emanuel,Garfield,Democratic Party Question 4 <br>Should Georgia reduce sales taxes on Made in Georgia products so as to support the growth of small businesses in our state?,,DEM,YES,14,0,14,0,0
Emanuel,Cowford,Democratic Party Question 4 <br>Should Georgia reduce sales taxes on Made in Georgia products so as to support the growth of small businesses in our state?,,DEM,YES,1,0,1,0,0
Emanuel,Nunez,Democratic Party Question 4 <br>Should Georgia reduce sales taxes on Made in Georgia products so as to support the growth of small businesses in our state?,,DEM,YES,5,1,3,1,0
Emanuel,Twin City,Democratic Party Question 4 <br>Should Georgia reduce sales taxes on Made in Georgia products so as to support the growth of small businesses in our state?,,DEM,YES,86,2,83,1,0
Emanuel,Adrian,Democratic Party Question 4 <br>Should Georgia reduce sales taxes on Made in Georgia products so as to support the growth of small businesses in our state?,,DEM,YES,12,2,9,1,0
Emanuel,,Democratic Party Question 4 <br>Should Georgia reduce sales taxes on Made in Georgia products so as to support the growth of small businesses in our state?,,DEM,NO,71,3,62,6,0
Emanuel,Oak Park,Democratic Party Question 4 <br>Should Georgia reduce sales taxes on Made in Georgia products so as to support the growth of small businesses in our state?,,DEM,NO,1,0,1,0,0
Emanuel,Cross-Green,Democratic Party Question 4 <br>Should Georgia reduce sales taxes on Made in Georgia products so as to support the growth of small businesses in our state?,,DEM,NO,3,0,3,0,0
Emanuel,Swainsboro,Democratic Party Question 4 <br>Should Georgia reduce sales taxes on Made in Georgia products so as to support the growth of small businesses in our state?,,DEM,NO,33,0,29,4,0
Emanuel,Summertown,Democratic Party Question 4 <br>Should Georgia reduce sales taxes on Made in Georgia products so as to support the growth of small businesses in our state?,,DEM,NO,3,0,3,0,0
Emanuel,Stillmore,Democratic Party Question 4 <br>Should Georgia reduce sales taxes on Made in Georgia products so as to support the growth of small businesses in our state?,,DEM,NO,0,0,0,0,0
Emanuel,Blundale,Democratic Party Question 4 <br>Should Georgia reduce sales taxes on Made in Georgia products so as to support the growth of small businesses in our state?,,DEM,NO,0,0,0,0,0
Emanuel,Canoochee,Democratic Party Question 4 <br>Should Georgia reduce sales taxes on Made in Georgia products so as to support the growth of small businesses in our state?,,DEM,NO,6,1,5,0,0
Emanuel,Garfield,Democratic Party Question 4 <br>Should Georgia reduce sales taxes on Made in Georgia products so as to support the growth of small businesses in our state?,,DEM,NO,1,0,1,0,0
Emanuel,Cowford,Democratic Party Question 4 <br>Should Georgia reduce sales taxes on Made in Georgia products so as to support the growth of small businesses in our state?,,DEM,NO,1,0,1,0,0
Emanuel,Nunez,Democratic Party Question 4 <br>Should Georgia reduce sales taxes on Made in Georgia products so as to support the growth of small businesses in our state?,,DEM,NO,1,0,0,1,0
Emanuel,Twin City,Democratic Party Question 4 <br>Should Georgia reduce sales taxes on Made in Georgia products so as to support the growth of small businesses in our state?,,DEM,NO,19,2,16,1,0
Emanuel,Adrian,Democratic Party Question 4 <br>Should Georgia reduce sales taxes on Made in Georgia products so as to support the growth of small businesses in our state?,,DEM,NO,3,0,3,0,0
Emanuel,,Supreme Court Justice, Hunstein,I,CAROL W. HUNSTEIN,2286,77,1670,539,0
Emanuel,Oak Park,Supreme Court Justice, Hunstein,I,CAROL W. HUNSTEIN,75,0,72,3,0
Emanuel,Cross-Green,Supreme Court Justice, Hunstein,I,CAROL W. HUNSTEIN,42,0,37,5,0
Emanuel,Swainsboro,Supreme Court Justice, Hunstein,I,CAROL W. HUNSTEIN,1172,57,699,416,0
Emanuel,Summertown,Supreme Court Justice, Hunstein,I,CAROL W. HUNSTEIN,92,1,77,14,0
Emanuel,Stillmore,Supreme Court Justice, Hunstein,I,CAROL W. HUNSTEIN,76,2,69,5,0
Emanuel,Blundale,Supreme Court Justice, Hunstein,I,CAROL W. HUNSTEIN,65,2,56,7,0
Emanuel,Canoochee,Supreme Court Justice, Hunstein,I,CAROL W. HUNSTEIN,125,3,106,16,0
Emanuel,Garfield,Supreme Court Justice, Hunstein,I,CAROL W. HUNSTEIN,87,0,82,5,0
Emanuel,Cowford,Supreme Court Justice, Hunstein,I,CAROL W. HUNSTEIN,108,0,91,17,0
Emanuel,Nunez,Supreme Court Justice, Hunstein,I,CAROL W. HUNSTEIN,83,3,67,13,0
Emanuel,Twin City,Supreme Court Justice, Hunstein,I,CAROL W. HUNSTEIN,252,7,220,25,0
Emanuel,Adrian,Supreme Court Justice, Hunstein,I,CAROL W. HUNSTEIN,109,2,94,13,0
Emanuel,,Supreme Court Justice, Hunstein,,Write-in,8,0,7,1,0
Emanuel,Oak Park,Supreme Court Justice, Hunstein,,Write-in,0,0,0,0,0
Emanuel,Cross-Green,Supreme Court Justice, Hunstein,,Write-in,0,0,0,0,0
Emanuel,Swainsboro,Supreme Court Justice, Hunstein,,Write-in,4,0,4,0,0
Emanuel,Summertown,Supreme Court Justice, Hunstein,,Write-in,1,0,1,0,0
Emanuel,Stillmore,Supreme Court Justice, Hunstein,,Write-in,0,0,0,0,0
Emanuel,Blundale,Supreme Court Justice, Hunstein,,Write-in,0,0,0,0,0
Emanuel,Canoochee,Supreme Court Justice, Hunstein,,Write-in,0,0,0,0,0
Emanuel,Garfield,Supreme Court Justice, Hunstein,,Write-in,0,0,0,0,0
Emanuel,Cowford,Supreme Court Justice, Hunstein,,Write-in,0,0,0,0,0
Emanuel,Nunez,Supreme Court Justice, Hunstein,,Write-in,0,0,0,0,0
Emanuel,Twin City,Supreme Court Justice, Hunstein,,Write-in,2,0,1,1,0
Emanuel,Adrian,Supreme Court Justice, Hunstein,,Write-in,1,0,1,0,0
Emanuel,,Supreme Court Justice, Melton,,HAROLD D. MELTON ,2257,78,1653,526,0
Emanuel,Oak Park,Supreme Court Justice, Melton,,HAROLD D. MELTON ,72,0,69,3,0
Emanuel,Cross-Green,Supreme Court Justice, Melton,,HAROLD D. MELTON ,40,0,34,6,0
Emanuel,Swainsboro,Supreme Court Justice, Melton,,HAROLD D. MELTON ,1170,59,702,409,0
Emanuel,Summertown,Supreme Court Justice, Melton,,HAROLD D. MELTON ,93,1,79,13,0
Emanuel,Stillmore,Supreme Court Justice, Melton,,HAROLD D. MELTON ,72,2,66,4,0
Emanuel,Blundale,Supreme Court Justice, Melton,,HAROLD D. MELTON ,61,2,52,7,0
Emanuel,Canoochee,Supreme Court Justice, Melton,,HAROLD D. MELTON ,126,3,108,15,0
Emanuel,Garfield,Supreme Court Justice, Melton,,HAROLD D. MELTON ,85,0,80,5,0
Emanuel,Cowford,Supreme Court Justice, Melton,,HAROLD D. MELTON ,115,0,98,17,0
Emanuel,Nunez,Supreme Court Justice, Melton,,HAROLD D. MELTON ,73,2,60,11,0
Emanuel,Twin City,Supreme Court Justice, Melton,,HAROLD D. MELTON ,244,6,215,23,0
Emanuel,Adrian,Supreme Court Justice, Melton,,HAROLD D. MELTON ,106,3,90,13,0
Emanuel,,Supreme Court Justice, Melton,,Write-in,2,0,2,0,0
Emanuel,Oak Park,Supreme Court Justice, Melton,,Write-in,0,0,0,0,0
Emanuel,Cross-Green,Supreme Court Justice, Melton,,Write-in,0,0,0,0,0
Emanuel,Swainsboro,Supreme Court Justice, Melton,,Write-in,1,0,1,0,0
Emanuel,Summertown,Supreme Court Justice, Melton,,Write-in,0,0,0,0,0
Emanuel,Stillmore,Supreme Court Justice, Melton,,Write-in,0,0,0,0,0
Emanuel,Blundale,Supreme Court Justice, Melton,,Write-in,0,0,0,0,0
Emanuel,Canoochee,Supreme Court Justice, Melton,,Write-in,0,0,0,0,0
Emanuel,Garfield,Supreme Court Justice, Melton,,Write-in,0,0,0,0,0
Emanuel,Cowford,Supreme Court Justice, Melton,,Write-in,0,0,0,0,0
Emanuel,Nunez,Supreme Court Justice, Melton,,Write-in,0,0,0,0,0
Emanuel,Twin City,Supreme Court Justice, Melton,,Write-in,1,0,1,0,0
Emanuel,Adrian,Supreme Court Justice, Melton,,Write-in,0,0,0,0,0
Emanuel,,Supreme Court Justice, Thompson,,HUGH P. THOMPSON ,2272,79,1661,531,1
Emanuel,Oak Park,Supreme Court Justice, Thompson,,HUGH P. THOMPSON ,73,0,70,3,0
Emanuel,Cross-Green,Supreme Court Justice, Thompson,,HUGH P. THOMPSON ,39,0,33,6,0
Emanuel,Swainsboro,Supreme Court Justice, Thompson,,HUGH P. THOMPSON ,1188,60,712,415,1
Emanuel,Summertown,Supreme Court Justice, Thompson,,HUGH P. THOMPSON ,91,1,77,13,0
Emanuel,Stillmore,Supreme Court Justice, Thompson,,HUGH P. THOMPSON ,72,2,66,4,0
Emanuel,Blundale,Supreme Court Justice, Thompson,,HUGH P. THOMPSON ,60,2,51,7,0
Emanuel,Canoochee,Supreme Court Justice, Thompson,,HUGH P. THOMPSON ,129,4,111,14,0
Emanuel,Garfield,Supreme Court Justice, Thompson,,HUGH P. THOMPSON ,84,0,79,5,0
Emanuel,Cowford,Supreme Court Justice, Thompson,,HUGH P. THOMPSON ,114,0,97,17,0
Emanuel,Nunez,Supreme Court Justice, Thompson,,HUGH P. THOMPSON ,73,2,60,11,0
Emanuel,Twin City,Supreme Court Justice, Thompson,,HUGH P. THOMPSON ,243,6,214,23,0
Emanuel,Adrian,Supreme Court Justice, Thompson,,HUGH P. THOMPSON ,106,2,91,13,0
Emanuel,,Supreme Court Justice, Thompson,,Write-in,2,0,2,0,0
Emanuel,Oak Park,Supreme Court Justice, Thompson,,Write-in,0,0,0,0,0
Emanuel,Cross-Green,Supreme Court Justice, Thompson,,Write-in,0,0,0,0,0
Emanuel,Swainsboro,Supreme Court Justice, Thompson,,Write-in,0,0,0,0,0
Emanuel,Summertown,Supreme Court Justice, Thompson,,Write-in,1,0,1,0,0
Emanuel,Stillmore,Supreme Court Justice, Thompson,,Write-in,0,0,0,0,0
Emanuel,Blundale,Supreme Court Justice, Thompson,,Write-in,0,0,0,0,0
Emanuel,Canoochee,Supreme Court Justice, Thompson,,Write-in,0,0,0,0,0
Emanuel,Garfield,Supreme Court Justice, Thompson,,Write-in,0,0,0,0,0
Emanuel,Cowford,Supreme Court Justice, Thompson,,Write-in,0,0,0,0,0
Emanuel,Nunez,Supreme Court Justice, Thompson,,Write-in,0,0,0,0,0
Emanuel,Twin City,Supreme Court Justice, Thompson,,Write-in,1,0,1,0,0
Emanuel,Adrian,Supreme Court Justice, Thompson,,Write-in,0,0,0,0,0
Emanuel,,Appeals Court Judge, Boggs,,MICHAEL P. BOGGS ,2184,76,1595,512,1
Emanuel,Oak Park,Appeals Court Judge, Boggs,,MICHAEL P. BOGGS ,68,0,65,3,0
Emanuel,Cross-Green,Appeals Court Judge, Boggs,,MICHAEL P. BOGGS ,38,0,32,6,0
Emanuel,Swainsboro,Appeals Court Judge, Boggs,,MICHAEL P. BOGGS ,1139,58,682,398,1
Emanuel,Summertown,Appeals Court Judge, Boggs,,MICHAEL P. BOGGS ,89,1,76,12,0
Emanuel,Stillmore,Appeals Court Judge, Boggs,,MICHAEL P. BOGGS ,72,2,66,4,0
Emanuel,Blundale,Appeals Court Judge, Boggs,,MICHAEL P. BOGGS ,59,2,50,7,0
Emanuel,Canoochee,Appeals Court Judge, Boggs,,MICHAEL P. BOGGS ,112,3,95,14,0
Emanuel,Garfield,Appeals Court Judge, Boggs,,MICHAEL P. BOGGS ,81,0,76,5,0
Emanuel,Cowford,Appeals Court Judge, Boggs,,MICHAEL P. BOGGS ,113,0,96,17,0
Emanuel,Nunez,Appeals Court Judge, Boggs,,MICHAEL P. BOGGS ,73,2,60,11,0
Emanuel,Twin City,Appeals Court Judge, Boggs,,MICHAEL P. BOGGS ,233,6,205,22,0
Emanuel,Adrian,Appeals Court Judge, Boggs,,MICHAEL P. BOGGS ,107,2,92,13,0
Emanuel,,Appeals Court Judge, Boggs,,Write-in,2,0,2,0,0
Emanuel,Oak Park,Appeals Court Judge, Boggs,,Write-in,0,0,0,0,0
Emanuel,Cross-Green,Appeals Court Judge, Boggs,,Write-in,0,0,0,0,0
Emanuel,Swainsboro,Appeals Court Judge, Boggs,,Write-in,1,0,1,0,0
Emanuel,Summertown,Appeals Court Judge, Boggs,,Write-in,0,0,0,0,0
Emanuel,Stillmore,Appeals Court Judge, Boggs,,Write-in,0,0,0,0,0
Emanuel,Blundale,Appeals Court Judge, Boggs,,Write-in,0,0,0,0,0
Emanuel,Canoochee,Appeals Court Judge, Boggs,,Write-in,0,0,0,0,0
Emanuel,Garfield,Appeals Court Judge, Boggs,,Write-in,0,0,0,0,0
Emanuel,Cowford,Appeals Court Judge, Boggs,,Write-in,0,0,0,0,0
Emanuel,Nunez,Appeals Court Judge, Boggs,,Write-in,0,0,0,0,0
Emanuel,Twin City,Appeals Court Judge, Boggs,,Write-in,1,0,1,0,0
Emanuel,Adrian,Appeals Court Judge, Boggs,,Write-in,0,0,0,0,0
Emanuel,,Appeals Court Judge, Dillard,,STEPHEN DILLARD ,2183,77,1592,513,1
Emanuel,Oak Park,Appeals Court Judge, Dillard,,STEPHEN DILLARD ,68,0,65,3,0
Emanuel,Cross-Green,Appeals Court Judge, Dillard,,STEPHEN DILLARD ,37,0,31,6,0
Emanuel,Swainsboro,Appeals Court Judge, Dillard,,STEPHEN DILLARD ,1141,59,681,400,1
Emanuel,Summertown,Appeals Court Judge, Dillard,,STEPHEN DILLARD ,89,1,76,12,0
Emanuel,Stillmore,Appeals Court Judge, Dillard,,STEPHEN DILLARD ,72,2,66,4,0
Emanuel,Blundale,Appeals Court Judge, Dillard,,STEPHEN DILLARD ,58,2,49,7,0
Emanuel,Canoochee,Appeals Court Judge, Dillard,,STEPHEN DILLARD ,113,3,96,14,0
Emanuel,Garfield,Appeals Court Judge, Dillard,,STEPHEN DILLARD ,81,0,76,5,0
Emanuel,Cowford,Appeals Court Judge, Dillard,,STEPHEN DILLARD ,111,0,94,17,0
Emanuel,Nunez,Appeals Court Judge, Dillard,,STEPHEN DILLARD ,72,2,60,10,0
Emanuel,Twin City,Appeals Court Judge, Dillard,,STEPHEN DILLARD ,236,6,208,22,0
Emanuel,Adrian,Appeals Court Judge, Dillard,,STEPHEN DILLARD ,105,2,90,13,0
Emanuel,,Appeals Court Judge, Dillard,,Write-in,2,0,2,0,0
Emanuel,Oak Park,Appeals Court Judge, Dillard,,Write-in,0,0,0,0,0
Emanuel,Cross-Green,Appeals Court Judge, Dillard,,Write-in,0,0,0,0,0
Emanuel,Swainsboro,Appeals Court Judge, Dillard,,Write-in,1,0,1,0,0
Emanuel,Summertown,Appeals Court Judge, Dillard,,Write-in,0,0,0,0,0
Emanuel,Stillmore,Appeals Court Judge, Dillard,,Write-in,0,0,0,0,0
Emanuel,Blundale,Appeals Court Judge, Dillard,,Write-in,0,0,0,0,0
Emanuel,Canoochee,Appeals Court Judge, Dillard,,Write-in,0,0,0,0,0
Emanuel,Garfield,Appeals Court Judge, Dillard,,Write-in,0,0,0,0,0
Emanuel,Cowford,Appeals Court Judge, Dillard,,Write-in,0,0,0,0,0
Emanuel,Nunez,Appeals Court Judge, Dillard,,Write-in,0,0,0,0,0
Emanuel,Twin City,Appeals Court Judge, Dillard,,Write-in,1,0,1,0,0
Emanuel,Adrian,Appeals Court Judge, Dillard,,Write-in,0,0,0,0,0
Emanuel,,Appeals Court Judge, Ellington,I,JOHN J. ELLINGTON,2237,80,1621,535,1
Emanuel,Oak Park,Appeals Court Judge, Ellington,I,JOHN J. ELLINGTON,70,0,66,4,0
Emanuel,Cross-Green,Appeals Court Judge, Ellington,I,JOHN J. ELLINGTON,37,0,31,6,0
Emanuel,Swainsboro,Appeals Court Judge, Ellington,I,JOHN J. ELLINGTON,1175,62,691,421,1
Emanuel,Summertown,Appeals Court Judge, Ellington,I,JOHN J. ELLINGTON,91,1,78,12,0
Emanuel,Stillmore,Appeals Court Judge, Ellington,I,JOHN J. ELLINGTON,73,2,67,4,0
Emanuel,Blundale,Appeals Court Judge, Ellington,I,JOHN J. ELLINGTON,61,2,52,7,0
Emanuel,Canoochee,Appeals Court Judge, Ellington,I,JOHN J. ELLINGTON,118,3,100,15,0
Emanuel,Garfield,Appeals Court Judge, Ellington,I,JOHN J. ELLINGTON,80,0,76,4,0
Emanuel,Cowford,Appeals Court Judge, Ellington,I,JOHN J. ELLINGTON,115,0,98,17,0
Emanuel,Nunez,Appeals Court Judge, Ellington,I,JOHN J. ELLINGTON,72,2,60,10,0
Emanuel,Twin City,Appeals Court Judge, Ellington,I,JOHN J. ELLINGTON,234,6,206,22,0
Emanuel,Adrian,Appeals Court Judge, Ellington,I,JOHN J. ELLINGTON,111,2,96,13,0
Emanuel,,Appeals Court Judge, Ellington,,Write-in,2,0,2,0,0
Emanuel,Oak Park,Appeals Court Judge, Ellington,,Write-in,0,0,0,0,0
Emanuel,Cross-Green,Appeals Court Judge, Ellington,,Write-in,0,0,0,0,0
Emanuel,Swainsboro,Appeals Court Judge, Ellington,,Write-in,1,0,1,0,0
Emanuel,Summertown,Appeals Court Judge, Ellington,,Write-in,0,0,0,0,0
Emanuel,Stillmore,Appeals Court Judge, Ellington,,Write-in,0,0,0,0,0
Emanuel,Blundale,Appeals Court Judge, Ellington,,Write-in,0,0,0,0,0
Emanuel,Canoochee,Appeals Court Judge, Ellington,,Write-in,0,0,0,0,0
Emanuel,Garfield,Appeals Court Judge, Ellington,,Write-in,0,0,0,0,0
Emanuel,Cowford,Appeals Court Judge, Ellington,,Write-in,0,0,0,0,0
Emanuel,Nunez,Appeals Court Judge, Ellington,,Write-in,0,0,0,0,0
Emanuel,Twin City,Appeals Court Judge, Ellington,,Write-in,1,0,1,0,0
Emanuel,Adrian,Appeals Court Judge, Ellington,,Write-in,0,0,0,0,0
Emanuel,,Appeals Court Judge, Miller,,M. YVETTE MILLER ,2180,75,1588,516,1
Emanuel,Oak Park,Appeals Court Judge, Miller,,M. YVETTE MILLER ,64,0,61,3,0
Emanuel,Cross-Green,Appeals Court Judge, Miller,,M. YVETTE MILLER ,39,0,33,6,0
Emanuel,Swainsboro,Appeals Court Judge, Miller,,M. YVETTE MILLER ,1144,57,686,400,1
Emanuel,Summertown,Appeals Court Judge, Miller,,M. YVETTE MILLER ,91,1,78,12,0
Emanuel,Stillmore,Appeals Court Judge, Miller,,M. YVETTE MILLER ,73,2,67,4,0
Emanuel,Blundale,Appeals Court Judge, Miller,,M. YVETTE MILLER ,58,2,49,7,0
Emanuel,Canoochee,Appeals Court Judge, Miller,,M. YVETTE MILLER ,114,3,96,15,0
Emanuel,Garfield,Appeals Court Judge, Miller,,M. YVETTE MILLER ,79,0,75,4,0
Emanuel,Cowford,Appeals Court Judge, Miller,,M. YVETTE MILLER ,111,0,94,17,0
Emanuel,Nunez,Appeals Court Judge, Miller,,M. YVETTE MILLER ,71,2,58,11,0
Emanuel,Twin City,Appeals Court Judge, Miller,,M. YVETTE MILLER ,233,6,203,24,0
Emanuel,Adrian,Appeals Court Judge, Miller,,M. YVETTE MILLER ,103,2,88,13,0
Emanuel,,Appeals Court Judge, Miller,,Write-in,3,0,2,1,0
Emanuel,Oak Park,Appeals Court Judge, Miller,,Write-in,0,0,0,0,0
Emanuel,Cross-Green,Appeals Court Judge, Miller,,Write-in,0,0,0,0,0
Emanuel,Swainsboro,Appeals Court Judge, Miller,,Write-in,2,0,1,1,0
Emanuel,Summertown,Appeals Court Judge, Miller,,Write-in,0,0,0,0,0
Emanuel,Stillmore,Appeals Court Judge, Miller,,Write-in,0,0,0,0,0
Emanuel,Blundale,Appeals Court Judge, Miller,,Write-in,0,0,0,0,0
Emanuel,Canoochee,Appeals Court Judge, Miller,,Write-in,0,0,0,0,0
Emanuel,Garfield,Appeals Court Judge, Miller,,Write-in,0,0,0,0,0
Emanuel,Cowford,Appeals Court Judge, Miller,,Write-in,0,0,0,0,0
Emanuel,Nunez,Appeals Court Judge, Miller,,Write-in,0,0,0,0,0
Emanuel,Twin City,Appeals Court Judge, Miller,,Write-in,1,0,1,0,0
Emanuel,Adrian,Appeals Court Judge, Miller,,Write-in,0,0,0,0,0
Emanuel,,Appeals Court Judge, Phipps,,HERBERT PHIPPS ,2176,78,1580,517,1
Emanuel,Oak Park,Appeals Court Judge, Phipps,,HERBERT PHIPPS ,65,0,62,3,0
Emanuel,Cross-Green,Appeals Court Judge, Phipps,,HERBERT PHIPPS ,39,0,33,6,0
Emanuel,Swainsboro,Appeals Court Judge, Phipps,,HERBERT PHIPPS ,1140,58,681,400,1
Emanuel,Summertown,Appeals Court Judge, Phipps,,HERBERT PHIPPS ,91,1,78,12,0
Emanuel,Stillmore,Appeals Court Judge, Phipps,,HERBERT PHIPPS ,72,2,66,4,0
Emanuel,Blundale,Appeals Court Judge, Phipps,,HERBERT PHIPPS ,58,2,49,7,0
Emanuel,Canoochee,Appeals Court Judge, Phipps,,HERBERT PHIPPS ,116,3,98,15,0
Emanuel,Garfield,Appeals Court Judge, Phipps,,HERBERT PHIPPS ,81,0,76,5,0
Emanuel,Cowford,Appeals Court Judge, Phipps,,HERBERT PHIPPS ,109,0,92,17,0
Emanuel,Nunez,Appeals Court Judge, Phipps,,HERBERT PHIPPS ,72,3,58,11,0
Emanuel,Twin City,Appeals Court Judge, Phipps,,HERBERT PHIPPS ,230,7,200,23,0
Emanuel,Adrian,Appeals Court Judge, Phipps,,HERBERT PHIPPS ,103,2,87,14,0
Emanuel,,Appeals Court Judge, Phipps,,Write-in,1,0,1,0,0
Emanuel,Oak Park,Appeals Court Judge, Phipps,,Write-in,0,0,0,0,0
Emanuel,Cross-Green,Appeals Court Judge, Phipps,,Write-in,0,0,0,0,0
Emanuel,Swainsboro,Appeals Court Judge, Phipps,,Write-in,0,0,0,0,0
Emanuel,Summertown,Appeals Court Judge, Phipps,,Write-in,0,0,0,0,0
Emanuel,Stillmore,Appeals Court Judge, Phipps,,Write-in,0,0,0,0,0
Emanuel,Blundale,Appeals Court Judge, Phipps,,Write-in,0,0,0,0,0
Emanuel,Canoochee,Appeals Court Judge, Phipps,,Write-in,0,0,0,0,0
Emanuel,Garfield,Appeals Court Judge, Phipps,,Write-in,0,0,0,0,0
Emanuel,Cowford,Appeals Court Judge, Phipps,,Write-in,0,0,0,0,0
Emanuel,Nunez,Appeals Court Judge, Phipps,,Write-in,0,0,0,0,0
Emanuel,Twin City,Appeals Court Judge, Phipps,,Write-in,1,0,1,0,0
Emanuel,Adrian,Appeals Court Judge, Phipps,,Write-in,0,0,0,0,0
Emanuel,,Superior Court Judge, Middle Circuit (Palmer),,KATHY S. PALMER ,2528,87,1848,592,1
Emanuel,Oak Park,Superior Court Judge, Middle Circuit (Palmer),,KATHY S. PALMER ,75,0,72,3,0
Emanuel,Cross-Green,Superior Court Judge, Middle Circuit (Palmer),,KATHY S. PALMER ,47,0,41,6,0
Emanuel,Swainsboro,Superior Court Judge, Middle Circuit (Palmer),,KATHY S. PALMER ,1316,65,786,464,1
Emanuel,Summertown,Superior Court Judge, Middle Circuit (Palmer),,KATHY S. PALMER ,101,1,86,14,0
Emanuel,Stillmore,Superior Court Judge, Middle Circuit (Palmer),,KATHY S. PALMER ,76,2,70,4,0
Emanuel,Blundale,Superior Court Judge, Middle Circuit (Palmer),,KATHY S. PALMER ,70,2,61,7,0
Emanuel,Canoochee,Superior Court Judge, Middle Circuit (Palmer),,KATHY S. PALMER ,136,5,112,19,0
Emanuel,Garfield,Superior Court Judge, Middle Circuit (Palmer),,KATHY S. PALMER ,90,0,86,4,0
Emanuel,Cowford,Superior Court Judge, Middle Circuit (Palmer),,KATHY S. PALMER ,123,0,105,18,0
Emanuel,Nunez,Superior Court Judge, Middle Circuit (Palmer),,KATHY S. PALMER ,81,3,69,9,0
Emanuel,Twin City,Superior Court Judge, Middle Circuit (Palmer),,KATHY S. PALMER ,297,7,259,31,0
Emanuel,Adrian,Superior Court Judge, Middle Circuit (Palmer),,KATHY S. PALMER ,116,2,101,13,0
Emanuel,,Superior Court Judge, Middle Circuit (Palmer),,Write-in,8,1,4,3,0
Emanuel,Oak Park,Superior Court Judge, Middle Circuit (Palmer),,Write-in,0,0,0,0,0
Emanuel,Cross-Green,Superior Court Judge, Middle Circuit (Palmer),,Write-in,0,0,0,0,0
Emanuel,Swainsboro,Superior Court Judge, Middle Circuit (Palmer),,Write-in,6,1,4,1,0
Emanuel,Summertown,Superior Court Judge, Middle Circuit (Palmer),,Write-in,0,0,0,0,0
Emanuel,Stillmore,Superior Court Judge, Middle Circuit (Palmer),,Write-in,0,0,0,0,0
Emanuel,Blundale,Superior Court Judge, Middle Circuit (Palmer),,Write-in,0,0,0,0,0
Emanuel,Canoochee,Superior Court Judge, Middle Circuit (Palmer),,Write-in,1,0,0,1,0
Emanuel,Garfield,Superior Court Judge, Middle Circuit (Palmer),,Write-in,0,0,0,0,0
Emanuel,Cowford,Superior Court Judge, Middle Circuit (Palmer),,Write-in,0,0,0,0,0
Emanuel,Nunez,Superior Court Judge, Middle Circuit (Palmer),,Write-in,1,0,0,1,0
Emanuel,Twin City,Superior Court Judge, Middle Circuit (Palmer),,Write-in,0,0,0,0,0
Emanuel,Adrian,Superior Court Judge, Middle Circuit (Palmer),,Write-in,0,0,0,0,0
Emanuel,,Probate Judge,,,DON E. WILKES ,2610,91,1884,634,1
Emanuel,Oak Park,Probate Judge,,,DON E. WILKES ,77,0,74,3,0
Emanuel,Cross-Green,Probate Judge,,,DON E. WILKES ,46,0,40,6,0
Emanuel,Swainsboro,Probate Judge,,,DON E. WILKES ,1360,68,799,492,1
Emanuel,Summertown,Probate Judge,,,DON E. WILKES ,101,1,84,16,0
Emanuel,Stillmore,Probate Judge,,,DON E. WILKES ,75,2,69,4,0
Emanuel,Blundale,Probate Judge,,,DON E. WILKES ,73,3,62,8,0
Emanuel,Canoochee,Probate Judge,,,DON E. WILKES ,143,3,120,20,0
Emanuel,Garfield,Probate Judge,,,DON E. WILKES ,95,0,90,5,0
Emanuel,Cowford,Probate Judge,,,DON E. WILKES ,126,0,107,19,0
Emanuel,Nunez,Probate Judge,,,DON E. WILKES ,84,3,69,12,0
Emanuel,Twin City,Probate Judge,,,DON E. WILKES ,302,7,261,34,0
Emanuel,Adrian,Probate Judge,,,DON E. WILKES ,128,4,109,15,0
Emanuel,,Probate Judge,,,Write-in,4,1,3,0,0
Emanuel,Oak Park,Probate Judge,,,Write-in,0,0,0,0,0
Emanuel,Cross-Green,Probate Judge,,,Write-in,0,0,0,0,0
Emanuel,Swainsboro,Probate Judge,,,Write-in,3,1,2,0,0
Emanuel,Summertown,Probate Judge,,,Write-in,0,0,0,0,0
Emanuel,Stillmore,Probate Judge,,,Write-in,1,0,1,0,0
Emanuel,Blundale,Probate Judge,,,Write-in,0,0,0,0,0
Emanuel,Canoochee,Probate Judge,,,Write-in,0,0,0,0,0
Emanuel,Garfield,Probate Judge,,,Write-in,0,0,0,0,0
Emanuel,Cowford,Probate Judge,,,Write-in,0,0,0,0,0
Emanuel,Nunez,Probate Judge,,,Write-in,0,0,0,0,0
Emanuel,Twin City,Probate Judge,,,Write-in,0,0,0,0,0
Emanuel,Adrian,Probate Judge,,,Write-in,0,0,0,0,0
Emanuel,,State Court Judge,,,RICHARD M. MCNEELY,2632,91,1895,645,1
Emanuel,Oak Park,State Court Judge,,,RICHARD M. MCNEELY,77,0,74,3,0
Emanuel,Cross-Green,State Court Judge,,,RICHARD M. MCNEELY,42,0,36,6,0
Emanuel,Swainsboro,State Court Judge,,,RICHARD M. MCNEELY,1368,68,799,500,1
Emanuel,Summertown,State Court Judge,,,RICHARD M. MCNEELY,107,1,89,17,0
Emanuel,Stillmore,State Court Judge,,,RICHARD M. MCNEELY,78,2,71,5,0
Emanuel,Blundale,State Court Judge,,,RICHARD M. MCNEELY,74,3,63,8,0
Emanuel,Canoochee,State Court Judge,,,RICHARD M. MCNEELY,146,3,122,21,0
Emanuel,Garfield,State Court Judge,,,RICHARD M. MCNEELY,98,0,94,4,0
Emanuel,Cowford,State Court Judge,,,RICHARD M. MCNEELY,127,0,107,20,0
Emanuel,Nunez,State Court Judge,,,RICHARD M. MCNEELY,89,3,75,11,0
Emanuel,Twin City,State Court Judge,,,RICHARD M. MCNEELY,303,7,262,34,0
Emanuel,Adrian,State Court Judge,,,RICHARD M. MCNEELY,123,4,103,16,0
Emanuel,,State Court Judge,,,Write-in,1,0,1,0,0
Emanuel,Oak Park,State Court Judge,,,Write-in,0,0,0,0,0
Emanuel,Cross-Green,State Court Judge,,,Write-in,0,0,0,0,0
Emanuel,Swainsboro,State Court Judge,,,Write-in,0,0,0,0,0
Emanuel,Summertown,State Court Judge,,,Write-in,0,0,0,0,0
Emanuel,Stillmore,State Court Judge,,,Write-in,1,0,1,0,0
Emanuel,Blundale,State Court Judge,,,Write-in,0,0,0,0,0
Emanuel,Canoochee,State Court Judge,,,Write-in,0,0,0,0,0
Emanuel,Garfield,State Court Judge,,,Write-in,0,0,0,0,0
Emanuel,Cowford,State Court Judge,,,Write-in,0,0,0,0,0
Emanuel,Nunez,State Court Judge,,,Write-in,0,0,0,0,0
Emanuel,Twin City,State Court Judge,,,Write-in,0,0,0,0,0
Emanuel,Adrian,State Court Judge,,,Write-in,0,0,0,0,0
Emanuel,,TSPLOST,,,YES,1933,65,1386,481,1
Emanuel,Oak Park,TSPLOST,,,YES,63,0,58,5,0
Emanuel,Cross-Green,TSPLOST,,,YES,42,0,39,3,0
Emanuel,Swainsboro,TSPLOST,,,YES,1001,49,584,367,1
Emanuel,Summertown,TSPLOST,,,YES,76,1,64,11,0
Emanuel,Stillmore,TSPLOST,,,YES,58,2,53,3,0
Emanuel,Blundale,TSPLOST,,,YES,44,0,38,6,0
Emanuel,Canoochee,TSPLOST,,,YES,128,4,105,19,0
Emanuel,Garfield,TSPLOST,,,YES,79,0,74,5,0
Emanuel,Cowford,TSPLOST,,,YES,90,0,78,12,0
Emanuel,Nunez,TSPLOST,,,YES,56,2,47,7,0
Emanuel,Twin City,TSPLOST,,,YES,200,5,167,28,0
Emanuel,Adrian,TSPLOST,,,YES,96,2,79,15,0
Emanuel,,TSPLOST,,,NO,1278,42,963,273,0
Emanuel,Oak Park,TSPLOST,,,NO,52,0,51,1,0
Emanuel,Cross-Green,TSPLOST,,,NO,18,0,15,3,0
Emanuel,Swainsboro,TSPLOST,,,NO,610,29,375,206,0
Emanuel,Summertown,TSPLOST,,,NO,46,0,39,7,0
Emanuel,Stillmore,TSPLOST,,,NO,37,0,35,2,0
Emanuel,Blundale,TSPLOST,,,NO,41,4,34,3,0
Emanuel,Canoochee,TSPLOST,,,NO,59,3,48,8,0
Emanuel,Garfield,TSPLOST,,,NO,50,0,47,3,0
Emanuel,Cowford,TSPLOST,,,NO,76,0,68,8,0
Emanuel,Nunez,TSPLOST,,,NO,51,1,42,8,0
Emanuel,Twin City,TSPLOST,,,NO,174,3,156,15,0
Emanuel,Adrian,TSPLOST,,,NO,64,2,53,9,0
