county,precinct,office,district,party,candidate,votes,absentee_by_mail,election_day,advance_in_person,provisional
Greene,,"Public Service Commission, District 3",3,REP,CHUCK EATON (I),2083,145,1008,929,1
Greene,Greensboro,"Public Service Commission, District 3",3,REP,CHUCK EATON (I),305,25,133,147,0
Greene,Greshamville,"Public Service Commission, District 3",3,REP,CHUCK EATON (I),130,2,109,19,0
Greene,Woodville,"Public Service Commission, District 3",3,REP,CHUCK EATON (I),57,2,43,12,0
Greene,Union Point,"Public Service Commission, District 3",3,REP,CHUCK EATON (I),139,5,97,37,0
Greene,Siloam,"Public Service Commission, District 3",3,REP,CHUCK EATON (I),127,4,85,38,0
Greene,White Plains,"Public Service Commission, District 3",3,REP,CHUCK EATON (I),81,3,68,10,0
Greene,Liberty,"Public Service Commission, District 3",3,REP,CHUCK EATON (I),106,7,73,25,1
Greene,Old Salem,"Public Service Commission, District 3",3,REP,CHUCK EATON (I),1138,97,400,641,0
Greene,,"Public Service Commission, District 3",3,REP,MATT REID,1026,62,492,472,0
Greene,Greensboro,"Public Service Commission, District 3",3,REP,MATT REID,142,15,63,64,0
Greene,Greshamville,"Public Service Commission, District 3",3,REP,MATT REID,62,0,44,18,0
Greene,Woodville,"Public Service Commission, District 3",3,REP,MATT REID,33,1,20,12,0
Greene,Union Point,"Public Service Commission, District 3",3,REP,MATT REID,46,1,39,6,0
Greene,Siloam,"Public Service Commission, District 3",3,REP,MATT REID,49,0,34,15,0
Greene,White Plains,"Public Service Commission, District 3",3,REP,MATT REID,26,0,22,4,0
Greene,Liberty,"Public Service Commission, District 3",3,REP,MATT REID,54,0,39,15,0
Greene,Old Salem,"Public Service Commission, District 3",3,REP,MATT REID,614,45,231,338,0
Greene,,"Public Service Commission, District 3",3,DEM,STEPHEN OPPENHEIMER,492,57,328,107,0
Greene,Greensboro,"Public Service Commission, District 3",3,DEM,STEPHEN OPPENHEIMER,166,23,98,45,0
Greene,Greshamville,"Public Service Commission, District 3",3,DEM,STEPHEN OPPENHEIMER,22,4,18,0,0
Greene,Woodville,"Public Service Commission, District 3",3,DEM,STEPHEN OPPENHEIMER,48,0,41,7,0
Greene,Union Point,"Public Service Commission, District 3",3,DEM,STEPHEN OPPENHEIMER,70,4,56,10,0
Greene,Siloam,"Public Service Commission, District 3",3,DEM,STEPHEN OPPENHEIMER,69,10,45,14,0
Greene,White Plains,"Public Service Commission, District 3",3,DEM,STEPHEN OPPENHEIMER,39,11,26,2,0
Greene,Liberty,"Public Service Commission, District 3",3,DEM,STEPHEN OPPENHEIMER,12,0,10,2,0
Greene,Old Salem,"Public Service Commission, District 3",3,DEM,STEPHEN OPPENHEIMER,66,5,34,27,0
Greene,,"Public Service Commission, District 5",5,REP,PAM DAVIDSON,1250,87,588,575,0
Greene,Greensboro,"Public Service Commission, District 5",5,REP,PAM DAVIDSON,163,17,74,72,0
Greene,Greshamville,"Public Service Commission, District 5",5,REP,PAM DAVIDSON,73,0,55,18,0
Greene,Woodville,"Public Service Commission, District 5",5,REP,PAM DAVIDSON,35,2,21,12,0
Greene,Union Point,"Public Service Commission, District 5",5,REP,PAM DAVIDSON,60,1,50,9,0
Greene,Siloam,"Public Service Commission, District 5",5,REP,PAM DAVIDSON,57,1,38,18,0
Greene,White Plains,"Public Service Commission, District 5",5,REP,PAM DAVIDSON,27,0,24,3,0
Greene,Liberty,"Public Service Commission, District 5",5,REP,PAM DAVIDSON,65,1,49,15,0
Greene,Old Salem,"Public Service Commission, District 5",5,REP,PAM DAVIDSON,770,65,277,428,0
Greene,,"Public Service Commission, District 5",5,REP,STAN WISE (I),1817,124,880,812,1
Greene,Greensboro,"Public Service Commission, District 5",5,REP,STAN WISE (I),283,21,120,142,0
Greene,Greshamville,"Public Service Commission, District 5",5,REP,STAN WISE (I),113,2,93,18,0
Greene,Woodville,"Public Service Commission, District 5",5,REP,STAN WISE (I),54,1,41,12,0
Greene,Union Point,"Public Service Commission, District 5",5,REP,STAN WISE (I),121,5,83,33,0
Greene,Siloam,"Public Service Commission, District 5",5,REP,STAN WISE (I),115,4,77,34,0
Greene,White Plains,"Public Service Commission, District 5",5,REP,STAN WISE (I),81,4,66,11,0
Greene,Liberty,"Public Service Commission, District 5",5,REP,STAN WISE (I),87,6,58,22,1
Greene,Old Salem,"Public Service Commission, District 5",5,REP,STAN WISE (I),963,81,342,540,0
Greene,,"U.S. Representative, District 10",10,REP,PAUL C. BROUN (I),2684,196,1305,1182,1
Greene,Greensboro,"U.S. Representative, District 10",10,REP,PAUL C. BROUN (I),369,33,152,184,0
Greene,Greshamville,"U.S. Representative, District 10",10,REP,PAUL C. BROUN (I),166,1,139,26,0
Greene,Woodville,"U.S. Representative, District 10",10,REP,PAUL C. BROUN (I),82,2,60,20,0
Greene,Union Point,"U.S. Representative, District 10",10,REP,PAUL C. BROUN (I),170,5,122,43,0
Greene,Siloam,"U.S. Representative, District 10",10,REP,PAUL C. BROUN (I),144,3,96,45,0
Greene,White Plains,"U.S. Representative, District 10",10,REP,PAUL C. BROUN (I),99,3,84,12,0
Greene,Liberty,"U.S. Representative, District 10",10,REP,PAUL C. BROUN (I),137,6,97,33,1
Greene,Old Salem,"U.S. Representative, District 10",10,REP,PAUL C. BROUN (I),1517,143,555,819,0
Greene,,"U.S. Representative, District 10",10,REP,STEPHEN K. SIMPSON,737,51,358,328,0
Greene,Greensboro,"U.S. Representative, District 10",10,REP,STEPHEN K. SIMPSON,134,18,68,48,0
Greene,Greshamville,"U.S. Representative, District 10",10,REP,STEPHEN K. SIMPSON,47,1,34,12,0
Greene,Woodville,"U.S. Representative, District 10",10,REP,STEPHEN K. SIMPSON,19,1,13,5,0
Greene,Union Point,"U.S. Representative, District 10",10,REP,STEPHEN K. SIMPSON,25,1,21,3,0
Greene,Siloam,"U.S. Representative, District 10",10,REP,STEPHEN K. SIMPSON,53,2,35,16,0
Greene,White Plains,"U.S. Representative, District 10",10,REP,STEPHEN K. SIMPSON,13,0,11,2,0
Greene,Liberty,"U.S. Representative, District 10",10,REP,STEPHEN K. SIMPSON,36,1,25,10,0
Greene,Old Salem,"U.S. Representative, District 10",10,REP,STEPHEN K. SIMPSON,410,27,151,232,0
Greene,,"State Senator, District 25",25,REP,JOHNNY GRANT (I),1601,120,787,693,1
Greene,Greensboro,"State Senator, District 25",25,REP,JOHNNY GRANT (I),243,25,106,112,0
Greene,Greshamville,"State Senator, District 25",25,REP,JOHNNY GRANT (I),97,2,75,20,0
Greene,Woodville,"State Senator, District 25",25,REP,JOHNNY GRANT (I),48,2,38,8,0
Greene,Union Point,"State Senator, District 25",25,REP,JOHNNY GRANT (I),109,4,81,24,0
Greene,Siloam,"State Senator, District 25",25,REP,JOHNNY GRANT (I),114,4,76,34,0
Greene,White Plains,"State Senator, District 25",25,REP,JOHNNY GRANT (I),66,3,53,10,0
Greene,Liberty,"State Senator, District 25",25,REP,JOHNNY GRANT (I),72,4,47,20,1
Greene,Old Salem,"State Senator, District 25",25,REP,JOHNNY GRANT (I),852,76,311,465,0
Greene,,"State Senator, District 25",25,REP,BURT JONES,1753,122,859,772,0
Greene,Greensboro,"State Senator, District 25",25,REP,BURT JONES,258,27,114,117,0
Greene,Greshamville,"State Senator, District 25",25,REP,BURT JONES,119,0,101,18,0
Greene,Woodville,"State Senator, District 25",25,REP,BURT JONES,48,1,32,15,0
Greene,Union Point,"State Senator, District 25",25,REP,BURT JONES,79,1,59,19,0
Greene,Siloam,"State Senator, District 25",25,REP,BURT JONES,86,1,57,28,0
Greene,White Plains,"State Senator, District 25",25,REP,BURT JONES,47,1,41,5,0
Greene,Liberty,"State Senator, District 25",25,REP,BURT JONES,99,3,75,21,0
Greene,Old Salem,"State Senator, District 25",25,REP,BURT JONES,1017,88,380,549,0
Greene,,"State Senator, District 25",25,DEM,DARRELL BLACK,488,60,318,110,0
Greene,Greensboro,"State Senator, District 25",25,DEM,DARRELL BLACK,164,25,91,48,0
Greene,Greshamville,"State Senator, District 25",25,DEM,DARRELL BLACK,21,4,17,0,0
Greene,Woodville,"State Senator, District 25",25,DEM,DARRELL BLACK,45,0,38,7,0
Greene,Union Point,"State Senator, District 25",25,DEM,DARRELL BLACK,73,5,56,12,0
Greene,Siloam,"State Senator, District 25",25,DEM,DARRELL BLACK,67,10,42,15,0
Greene,White Plains,"State Senator, District 25",25,DEM,DARRELL BLACK,40,11,27,2,0
Greene,Liberty,"State Senator, District 25",25,DEM,DARRELL BLACK,11,0,10,1,0
Greene,Old Salem,"State Senator, District 25",25,DEM,DARRELL BLACK,67,5,37,25,0
Greene,,"State Representative, District 120",120,REP,MICKEY CHANNELL (I),2871,196,1386,1288,1
Greene,Greensboro,"State Representative, District 120",120,REP,MICKEY CHANNELL (I),409,35,182,192,0
Greene,Greshamville,"State Representative, District 120",120,REP,MICKEY CHANNELL (I),174,2,137,35,0
Greene,Woodville,"State Representative, District 120",120,REP,MICKEY CHANNELL (I),81,3,56,22,0
Greene,Union Point,"State Representative, District 120",120,REP,MICKEY CHANNELL (I),165,6,125,34,0
Greene,Siloam,"State Representative, District 120",120,REP,MICKEY CHANNELL (I),177,5,125,47,0
Greene,White Plains,"State Representative, District 120",120,REP,MICKEY CHANNELL (I),97,4,80,13,0
Greene,Liberty,"State Representative, District 120",120,REP,MICKEY CHANNELL (I),134,7,94,32,1
Greene,Old Salem,"State Representative, District 120",120,REP,MICKEY CHANNELL (I),1634,134,587,913,0
Greene,,"District Attorney, Ocmulgee Circuit", Ocmulgee Circuit - DEM,DEM,FRED BRIGHT (I),546,62,371,113,0
Greene,Greensboro,"District Attorney, Ocmulgee Circuit", Ocmulgee Circuit - DEM,DEM,FRED BRIGHT (I),185,26,107,52,0
Greene,Greshamville,"District Attorney, Ocmulgee Circuit", Ocmulgee Circuit - DEM,DEM,FRED BRIGHT (I),23,4,19,0,0
Greene,Woodville,"District Attorney, Ocmulgee Circuit", Ocmulgee Circuit - DEM,DEM,FRED BRIGHT (I),52,0,45,7,0
Greene,Union Point,"District Attorney, Ocmulgee Circuit", Ocmulgee Circuit - DEM,DEM,FRED BRIGHT (I),82,6,66,10,0
Greene,Siloam,"District Attorney, Ocmulgee Circuit", Ocmulgee Circuit - DEM,DEM,FRED BRIGHT (I),77,9,52,16,0
Greene,White Plains,"District Attorney, Ocmulgee Circuit", Ocmulgee Circuit - DEM,DEM,FRED BRIGHT (I),42,11,29,2,0
Greene,Liberty,"District Attorney, Ocmulgee Circuit", Ocmulgee Circuit - DEM,DEM,FRED BRIGHT (I),15,0,13,2,0
Greene,Old Salem,"District Attorney, Ocmulgee Circuit", Ocmulgee Circuit - DEM,DEM,FRED BRIGHT (I),70,6,40,24,0
Greene,,Superior Court Clerk,,,DEBORAH JACKSON ,658,74,452,132,0
Greene,Greensboro,Superior Court Clerk,,,DEBORAH JACKSON ,230,31,138,61,0
Greene,Greshamville,Superior Court Clerk,,,DEBORAH JACKSON ,23,4,19,0,0
Greene,Woodville,Superior Court Clerk,,,DEBORAH JACKSON ,61,0,54,7,0
Greene,Union Point,Superior Court Clerk,,,DEBORAH JACKSON ,102,8,81,13,0
Greene,Siloam,Superior Court Clerk,,,DEBORAH JACKSON ,97,11,68,18,0
Greene,White Plains,Superior Court Clerk,,,DEBORAH JACKSON ,51,13,36,2,0
Greene,Liberty,Superior Court Clerk,,,DEBORAH JACKSON ,15,0,12,3,0
Greene,Old Salem,Superior Court Clerk,,,DEBORAH JACKSON ,79,7,44,28,0
Greene,,Sheriff,,,TIM DAVISON,872,45,491,334,2
Greene,Greensboro,Sheriff,,,TIM DAVISON,165,9,76,80,0
Greene,Greshamville,Sheriff,,,TIM DAVISON,78,1,68,9,0
Greene,Woodville,Sheriff,,,TIM DAVISON,28,0,22,6,0
Greene,Union Point,Sheriff,,,TIM DAVISON,55,1,41,13,0
Greene,Siloam,Sheriff,,,TIM DAVISON,67,1,46,19,1
Greene,White Plains,Sheriff,,,TIM DAVISON,32,0,26,6,0
Greene,Liberty,Sheriff,,,TIM DAVISON,49,2,35,11,1
Greene,Old Salem,Sheriff,,,TIM DAVISON,398,31,177,190,0
Greene,,Sheriff,,,CHRIS HOUSTON ,2626,205,1229,1192,0
Greene,Greensboro,Sheriff,,,CHRIS HOUSTON ,366,44,160,162,0
Greene,Greshamville,Sheriff,,,CHRIS HOUSTON ,147,1,117,29,0
Greene,Woodville,Sheriff,,,CHRIS HOUSTON ,76,3,55,18,0
Greene,Union Point,Sheriff,,,CHRIS HOUSTON ,145,5,106,34,0
Greene,Siloam,Sheriff,,,CHRIS HOUSTON ,147,3,101,43,0
Greene,White Plains,Sheriff,,,CHRIS HOUSTON ,84,4,71,9,0
Greene,Liberty,Sheriff,,,CHRIS HOUSTON ,128,5,90,33,0
Greene,Old Salem,Sheriff,,,CHRIS HOUSTON ,1533,140,529,864,0
Greene,,Sheriff,,,RANDY BARNHART,524,70,355,99,0
Greene,Greensboro,Sheriff,,,RANDY BARNHART,195,32,116,47,0
Greene,Greshamville,Sheriff,,,RANDY BARNHART,22,4,18,0,0
Greene,Woodville,Sheriff,,,RANDY BARNHART,45,0,41,4,0
Greene,Union Point,Sheriff,,,RANDY BARNHART,73,7,55,11,0
Greene,Siloam,Sheriff,,,RANDY BARNHART,75,11,51,13,0
Greene,White Plains,Sheriff,,,RANDY BARNHART,40,10,28,2,0
Greene,Liberty,Sheriff,,,RANDY BARNHART,9,0,8,1,0
Greene,Old Salem,Sheriff,,,RANDY BARNHART,65,6,38,21,0
Greene,,Tax Commissioner,,,CANDACE LAWSON ,3018,200,1470,1347,1
Greene,Greensboro,Tax Commissioner,,,CANDACE LAWSON ,438,34,196,208,0
Greene,Greshamville,Tax Commissioner,,,CANDACE LAWSON ,186,1,152,33,0
Greene,Woodville,Tax Commissioner,,,CANDACE LAWSON ,88,3,62,23,0
Greene,Union Point,Tax Commissioner,,,CANDACE LAWSON ,181,6,133,42,0
Greene,Siloam,Tax Commissioner,,,CANDACE LAWSON ,183,5,129,49,0
Greene,White Plains,Tax Commissioner,,,CANDACE LAWSON ,103,3,87,13,0
Greene,Liberty,Tax Commissioner,,,CANDACE LAWSON ,148,7,104,36,1
Greene,Old Salem,Tax Commissioner,,,CANDACE LAWSON ,1691,141,607,943,0
Greene,,Coroner,,,JEFF SMITH SR. ,2765,178,1377,1209,1
Greene,Greensboro,Coroner,,,JEFF SMITH SR. ,406,29,184,193,0
Greene,Greshamville,Coroner,,,JEFF SMITH SR. ,171,1,138,32,0
Greene,Woodville,Coroner,,,JEFF SMITH SR. ,81,3,59,19,0
Greene,Union Point,Coroner,,,JEFF SMITH SR. ,159,5,120,34,0
Greene,Siloam,Coroner,,,JEFF SMITH SR. ,180,4,127,49,0
Greene,White Plains,Coroner,,,JEFF SMITH SR. ,99,2,87,10,0
Greene,Liberty,Coroner,,,JEFF SMITH SR. ,137,7,95,34,1
Greene,Old Salem,Coroner,,,JEFF SMITH SR. ,1532,127,567,838,0
Greene,,Coroner,,,FREDDIE LEE EVANS,539,67,357,115,0
Greene,Greensboro,Coroner,,,FREDDIE LEE EVANS,185,29,103,53,0
Greene,Greshamville,Coroner,,,FREDDIE LEE EVANS,22,4,18,0,0
Greene,Woodville,Coroner,,,FREDDIE LEE EVANS,50,0,44,6,0
Greene,Union Point,Coroner,,,FREDDIE LEE EVANS,83,8,64,11,0
Greene,Siloam,Coroner,,,FREDDIE LEE EVANS,77,10,53,14,0
Greene,White Plains,Coroner,,,FREDDIE LEE EVANS,37,11,24,2,0
Greene,Liberty,Coroner,,,FREDDIE LEE EVANS,12,0,10,2,0
Greene,Old Salem,Coroner,,,FREDDIE LEE EVANS,73,5,41,27,0
Greene,,County Comm Chair,,,ED BULLARD,1928,160,850,918,0
Greene,Greensboro,County Comm Chair,,,ED BULLARD,175,19,77,79,0
Greene,Greshamville,County Comm Chair,,,ED BULLARD,80,0,60,20,0
Greene,Woodville,County Comm Chair,,,ED BULLARD,25,1,16,8,0
Greene,Union Point,County Comm Chair,,,ED BULLARD,87,1,67,19,0
Greene,Siloam,County Comm Chair,,,ED BULLARD,52,0,36,16,0
Greene,White Plains,County Comm Chair,,,ED BULLARD,27,0,25,2,0
Greene,Liberty,County Comm Chair,,,ED BULLARD,82,1,59,22,0
Greene,Old Salem,County Comm Chair,,,ED BULLARD,1400,138,510,752,0
Greene,,County Comm Chair,,,DENE CHANNELL ,1551,90,854,605,2
Greene,Greensboro,County Comm Chair,,,DENE CHANNELL ,348,33,155,160,0
Greene,Greshamville,County Comm Chair,,,DENE CHANNELL ,135,2,115,18,0
Greene,Woodville,County Comm Chair,,,DENE CHANNELL ,76,2,58,16,0
Greene,Union Point,County Comm Chair,,,DENE CHANNELL ,105,5,76,24,0
Greene,Siloam,County Comm Chair,,,DENE CHANNELL ,160,5,108,46,1
Greene,White Plains,County Comm Chair,,,DENE CHANNELL ,89,4,72,13,0
Greene,Liberty,County Comm Chair,,,DENE CHANNELL ,92,6,65,20,1
Greene,Old Salem,County Comm Chair,,,DENE CHANNELL ,546,33,205,308,0
Greene,,County Comm 2,,,TITUS ANDREWS SR.,182,17,132,33,0
Greene,Greensboro,County Comm 2,,,TITUS ANDREWS SR.,76,12,44,20,0
Greene,Woodville,County Comm 2,,,TITUS ANDREWS SR.,54,0,47,7,0
Greene,Union Point,County Comm 2,,,TITUS ANDREWS SR.,52,5,41,6,0
Greene,,County Comm 4,,,JIMMY BRITT,1364,124,600,640,0
Greene,Greensboro,County Comm 4,,,JIMMY BRITT,34,4,15,15,0
Greene,Greshamville,County Comm 4,,,JIMMY BRITT,149,1,130,18,0
Greene,Liberty,County Comm 4,,,JIMMY BRITT,20,0,14,6,0
Greene,Old Salem,County Comm 4,,,JIMMY BRITT,1161,119,441,601,0
Greene,,County Comm 4,,,BOB WELSH,846,53,311,482,0
Greene,Greensboro,County Comm 4,,,BOB WELSH,22,0,9,13,0
Greene,Greshamville,County Comm 4,,,BOB WELSH,71,1,50,20,0
Greene,Liberty,County Comm 4,,,BOB WELSH,14,2,8,4,0
Greene,Old Salem,County Comm 4,,,BOB WELSH,739,50,244,445,0
Greene,,BOE Chair,,,ARLIE COLLINS ,2614,169,1270,1174,1
Greene,Greensboro,BOE Chair,,,ARLIE COLLINS ,369,31,159,179,0
Greene,Greshamville,BOE Chair,,,ARLIE COLLINS ,160,1,128,31,0
Greene,Woodville,BOE Chair,,,ARLIE COLLINS ,73,3,52,18,0
Greene,Union Point,BOE Chair,,,ARLIE COLLINS ,147,6,111,30,0
Greene,Siloam,BOE Chair,,,ARLIE COLLINS ,158,4,112,42,0
Greene,White Plains,BOE Chair,,,ARLIE COLLINS ,79,3,65,11,0
Greene,Liberty,BOE Chair,,,ARLIE COLLINS ,126,7,84,34,1
Greene,Old Salem,BOE Chair,,,ARLIE COLLINS ,1502,114,559,829,0
Greene,,BOE 2,,,DEBORAH SMITH ,171,18,125,28,0
Greene,Greensboro,BOE 2,,,DEBORAH SMITH ,68,12,41,15,0
Greene,Woodville,BOE 2,,,DEBORAH SMITH ,58,0,50,8,0
Greene,Union Point,BOE 2,,,DEBORAH SMITH ,45,6,34,5,0
Greene,,BOE 4,,I,LEAH FRIEND DUKES,1725,119,700,906,0
Greene,Greensboro,BOE 4,,I,LEAH FRIEND DUKES,43,3,18,22,0
Greene,Greshamville,BOE 4,,I,LEAH FRIEND DUKES,156,1,123,32,0
Greene,Liberty,BOE 4,,I,LEAH FRIEND DUKES,27,2,17,8,0
Greene,Old Salem,BOE 4,,I,LEAH FRIEND DUKES,1499,113,542,844,0
Greene,,Republican Party Question 1<br>Should Georgia have casino gambling with funds going to education?,,REP,YES,1967,128,953,885,1
Greene,Greensboro,Republican Party Question 1<br>Should Georgia have casino gambling with funds going to education?,,REP,YES,301,24,131,146,0
Greene,Greshamville,Republican Party Question 1<br>Should Georgia have casino gambling with funds going to education?,,REP,YES,114,2,87,25,0
Greene,Woodville,Republican Party Question 1<br>Should Georgia have casino gambling with funds going to education?,,REP,YES,56,0,41,15,0
Greene,Union Point,Republican Party Question 1<br>Should Georgia have casino gambling with funds going to education?,,REP,YES,102,1,77,24,0
Greene,Siloam,Republican Party Question 1<br>Should Georgia have casino gambling with funds going to education?,,REP,YES,117,2,85,30,0
Greene,White Plains,Republican Party Question 1<br>Should Georgia have casino gambling with funds going to education?,,REP,YES,55,1,48,6,0
Greene,Liberty,Republican Party Question 1<br>Should Georgia have casino gambling with funds going to education?,,REP,YES,106,5,75,25,1
Greene,Old Salem,Republican Party Question 1<br>Should Georgia have casino gambling with funds going to education?,,REP,YES,1116,93,409,614,0
Greene,,Republican Party Question 1<br>Should Georgia have casino gambling with funds going to education?,,REP,NO,1550,122,778,650,0
Greene,Greensboro,Republican Party Question 1<br>Should Georgia have casino gambling with funds going to education?,,REP,NO,224,25,103,96,0
Greene,Greshamville,Republican Party Question 1<br>Should Georgia have casino gambling with funds going to education?,,REP,NO,109,0,96,13,0
Greene,Woodville,Republican Party Question 1<br>Should Georgia have casino gambling with funds going to education?,,REP,NO,49,3,36,10,0
Greene,Union Point,Republican Party Question 1<br>Should Georgia have casino gambling with funds going to education?,,REP,NO,96,5,69,22,0
Greene,Siloam,Republican Party Question 1<br>Should Georgia have casino gambling with funds going to education?,,REP,NO,95,4,60,31,0
Greene,White Plains,Republican Party Question 1<br>Should Georgia have casino gambling with funds going to education?,,REP,NO,57,2,46,9,0
Greene,Liberty,Republican Party Question 1<br>Should Georgia have casino gambling with funds going to education?,,REP,NO,69,2,49,18,0
Greene,Old Salem,Republican Party Question 1<br>Should Georgia have casino gambling with funds going to education?,,REP,NO,851,81,319,451,0
Greene,,Republican Party Question 2<br>Do you support ending the current practice of unlimited gifts from lobbyists to state legislators by imposing a $100 cap on such gifts?,,REP,YES,3033,223,1456,1353,1
Greene,Greensboro,Republican Party Question 2<br>Do you support ending the current practice of unlimited gifts from lobbyists to state legislators by imposing a $100 cap on such gifts?,,REP,YES,418,37,188,193,0
Greene,Greshamville,Republican Party Question 2<br>Do you support ending the current practice of unlimited gifts from lobbyists to state legislators by imposing a $100 cap on such gifts?,,REP,YES,181,1,146,34,0
Greene,Woodville,Republican Party Question 2<br>Do you support ending the current practice of unlimited gifts from lobbyists to state legislators by imposing a $100 cap on such gifts?,,REP,YES,90,3,65,22,0
Greene,Union Point,Republican Party Question 2<br>Do you support ending the current practice of unlimited gifts from lobbyists to state legislators by imposing a $100 cap on such gifts?,,REP,YES,156,6,113,37,0
Greene,Siloam,Republican Party Question 2<br>Do you support ending the current practice of unlimited gifts from lobbyists to state legislators by imposing a $100 cap on such gifts?,,REP,YES,171,6,116,49,0
Greene,White Plains,Republican Party Question 2<br>Do you support ending the current practice of unlimited gifts from lobbyists to state legislators by imposing a $100 cap on such gifts?,,REP,YES,99,3,83,13,0
Greene,Liberty,Republican Party Question 2<br>Do you support ending the current practice of unlimited gifts from lobbyists to state legislators by imposing a $100 cap on such gifts?,,REP,YES,165,7,116,41,1
Greene,Old Salem,Republican Party Question 2<br>Do you support ending the current practice of unlimited gifts from lobbyists to state legislators by imposing a $100 cap on such gifts?,,REP,YES,1753,160,629,964,0
Greene,,Republican Party Question 2<br>Do you support ending the current practice of unlimited gifts from lobbyists to state legislators by imposing a $100 cap on such gifts?,,REP,NO,454,25,254,175,0
Greene,Greensboro,Republican Party Question 2<br>Do you support ending the current practice of unlimited gifts from lobbyists to state legislators by imposing a $100 cap on such gifts?,,REP,NO,98,11,44,43,0
Greene,Greshamville,Republican Party Question 2<br>Do you support ending the current practice of unlimited gifts from lobbyists to state legislators by imposing a $100 cap on such gifts?,,REP,NO,35,0,31,4,0
Greene,Woodville,Republican Party Question 2<br>Do you support ending the current practice of unlimited gifts from lobbyists to state legislators by imposing a $100 cap on such gifts?,,REP,NO,15,0,12,3,0
Greene,Union Point,Republican Party Question 2<br>Do you support ending the current practice of unlimited gifts from lobbyists to state legislators by imposing a $100 cap on such gifts?,,REP,NO,38,0,32,6,0
Greene,Siloam,Republican Party Question 2<br>Do you support ending the current practice of unlimited gifts from lobbyists to state legislators by imposing a $100 cap on such gifts?,,REP,NO,36,0,25,11,0
Greene,White Plains,Republican Party Question 2<br>Do you support ending the current practice of unlimited gifts from lobbyists to state legislators by imposing a $100 cap on such gifts?,,REP,NO,15,0,13,2,0
Greene,Liberty,Republican Party Question 2<br>Do you support ending the current practice of unlimited gifts from lobbyists to state legislators by imposing a $100 cap on such gifts?,,REP,NO,9,0,7,2,0
Greene,Old Salem,Republican Party Question 2<br>Do you support ending the current practice of unlimited gifts from lobbyists to state legislators by imposing a $100 cap on such gifts?,,REP,NO,208,14,90,104,0
Greene,,Republican Party Question 3<br>Should active duty military personnel who are under the age of 21 be allowed to obtain a Georgia weapons license?,,REP,YES,2284,148,1154,982,0
Greene,Greensboro,Republican Party Question 3<br>Should active duty military personnel who are under the age of 21 be allowed to obtain a Georgia weapons license?,,REP,YES,377,31,176,170,0
Greene,Greshamville,Republican Party Question 3<br>Should active duty military personnel who are under the age of 21 be allowed to obtain a Georgia weapons license?,,REP,YES,157,1,126,30,0
Greene,Woodville,Republican Party Question 3<br>Should active duty military personnel who are under the age of 21 be allowed to obtain a Georgia weapons license?,,REP,YES,74,2,50,22,0
Greene,Union Point,Republican Party Question 3<br>Should active duty military personnel who are under the age of 21 be allowed to obtain a Georgia weapons license?,,REP,YES,138,6,95,37,0
Greene,Siloam,Republican Party Question 3<br>Should active duty military personnel who are under the age of 21 be allowed to obtain a Georgia weapons license?,,REP,YES,151,5,100,46,0
Greene,White Plains,Republican Party Question 3<br>Should active duty military personnel who are under the age of 21 be allowed to obtain a Georgia weapons license?,,REP,YES,72,1,63,8,0
Greene,Liberty,Republican Party Question 3<br>Should active duty military personnel who are under the age of 21 be allowed to obtain a Georgia weapons license?,,REP,YES,110,3,82,25,0
Greene,Old Salem,Republican Party Question 3<br>Should active duty military personnel who are under the age of 21 be allowed to obtain a Georgia weapons license?,,REP,YES,1205,99,462,644,0
Greene,,Republican Party Question 3<br>Should active duty military personnel who are under the age of 21 be allowed to obtain a Georgia weapons license?,,REP,NO,1211,100,558,552,1
Greene,Greensboro,Republican Party Question 3<br>Should active duty military personnel who are under the age of 21 be allowed to obtain a Georgia weapons license?,,REP,NO,143,17,55,71,0
Greene,Greshamville,Republican Party Question 3<br>Should active duty military personnel who are under the age of 21 be allowed to obtain a Georgia weapons license?,,REP,NO,63,0,55,8,0
Greene,Woodville,Republican Party Question 3<br>Should active duty military personnel who are under the age of 21 be allowed to obtain a Georgia weapons license?,,REP,NO,29,1,25,3,0
Greene,Union Point,Republican Party Question 3<br>Should active duty military personnel who are under the age of 21 be allowed to obtain a Georgia weapons license?,,REP,NO,60,0,51,9,0
Greene,Siloam,Republican Party Question 3<br>Should active duty military personnel who are under the age of 21 be allowed to obtain a Georgia weapons license?,,REP,NO,59,1,42,16,0
Greene,White Plains,Republican Party Question 3<br>Should active duty military personnel who are under the age of 21 be allowed to obtain a Georgia weapons license?,,REP,NO,40,2,31,7,0
Greene,Liberty,Republican Party Question 3<br>Should active duty military personnel who are under the age of 21 be allowed to obtain a Georgia weapons license?,,REP,NO,64,4,40,19,1
Greene,Old Salem,Republican Party Question 3<br>Should active duty military personnel who are under the age of 21 be allowed to obtain a Georgia weapons license?,,REP,NO,753,75,259,419,0
Greene,,Republican Party Question 4<br>Should Citizens who wish to vote in a primary election be required to register by their political party affiliation at least thirty (30) days prior to such primary election?,,REP,YES,1694,140,794,760,0
Greene,Greensboro,Republican Party Question 4<br>Should Citizens who wish to vote in a primary election be required to register by their political party affiliation at least thirty (30) days prior to such primary election?,,REP,YES,226,28,93,105,0
Greene,Greshamville,Republican Party Question 4<br>Should Citizens who wish to vote in a primary election be required to register by their political party affiliation at least thirty (30) days prior to such primary election?,,REP,YES,90,1,74,15,0
Greene,Woodville,Republican Party Question 4<br>Should Citizens who wish to vote in a primary election be required to register by their political party affiliation at least thirty (30) days prior to such primary election?,,REP,YES,49,2,40,7,0
Greene,Union Point,Republican Party Question 4<br>Should Citizens who wish to vote in a primary election be required to register by their political party affiliation at least thirty (30) days prior to such primary election?,,REP,YES,87,3,64,20,0
Greene,Siloam,Republican Party Question 4<br>Should Citizens who wish to vote in a primary election be required to register by their political party affiliation at least thirty (30) days prior to such primary election?,,REP,YES,92,2,61,29,0
Greene,White Plains,Republican Party Question 4<br>Should Citizens who wish to vote in a primary election be required to register by their political party affiliation at least thirty (30) days prior to such primary election?,,REP,YES,41,1,32,8,0
Greene,Liberty,Republican Party Question 4<br>Should Citizens who wish to vote in a primary election be required to register by their political party affiliation at least thirty (30) days prior to such primary election?,,REP,YES,75,4,50,21,0
Greene,Old Salem,Republican Party Question 4<br>Should Citizens who wish to vote in a primary election be required to register by their political party affiliation at least thirty (30) days prior to such primary election?,,REP,YES,1034,99,380,555,0
Greene,,Republican Party Question 4<br>Should Citizens who wish to vote in a primary election be required to register by their political party affiliation at least thirty (30) days prior to such primary election?,,REP,NO,1765,98,901,765,1
Greene,Greensboro,Republican Party Question 4<br>Should Citizens who wish to vote in a primary election be required to register by their political party affiliation at least thirty (30) days prior to such primary election?,,REP,NO,289,18,135,136,0
Greene,Greshamville,Republican Party Question 4<br>Should Citizens who wish to vote in a primary election be required to register by their political party affiliation at least thirty (30) days prior to such primary election?,,REP,NO,124,1,100,23,0
Greene,Woodville,Republican Party Question 4<br>Should Citizens who wish to vote in a primary election be required to register by their political party affiliation at least thirty (30) days prior to such primary election?,,REP,NO,57,1,38,18,0
Greene,Union Point,Republican Party Question 4<br>Should Citizens who wish to vote in a primary election be required to register by their political party affiliation at least thirty (30) days prior to such primary election?,,REP,NO,106,3,79,24,0
Greene,Siloam,Republican Party Question 4<br>Should Citizens who wish to vote in a primary election be required to register by their political party affiliation at least thirty (30) days prior to such primary election?,,REP,NO,115,4,79,32,0
Greene,White Plains,Republican Party Question 4<br>Should Citizens who wish to vote in a primary election be required to register by their political party affiliation at least thirty (30) days prior to such primary election?,,REP,NO,73,2,64,7,0
Greene,Liberty,Republican Party Question 4<br>Should Citizens who wish to vote in a primary election be required to register by their political party affiliation at least thirty (30) days prior to such primary election?,,REP,NO,96,3,71,21,1
Greene,Old Salem,Republican Party Question 4<br>Should Citizens who wish to vote in a primary election be required to register by their political party affiliation at least thirty (30) days prior to such primary election?,,REP,NO,905,66,335,504,0
Greene,,Republican Party Question 5 <br>Life Amendment Question,,REP,YES,1967,106,1025,835,1
Greene,Greensboro,Republican Party Question 5 <br>Life Amendment Question,,REP,YES,304,24,143,137,0
Greene,Greshamville,Republican Party Question 5 <br>Life Amendment Question,,REP,YES,130,1,107,22,0
Greene,Woodville,Republican Party Question 5 <br>Life Amendment Question,,REP,YES,66,3,49,14,0
Greene,Union Point,Republican Party Question 5 <br>Life Amendment Question,,REP,YES,135,4,101,30,0
Greene,Siloam,Republican Party Question 5 <br>Life Amendment Question,,REP,YES,130,4,90,36,0
Greene,White Plains,Republican Party Question 5 <br>Life Amendment Question,,REP,YES,67,2,55,10,0
Greene,Liberty,Republican Party Question 5 <br>Life Amendment Question,,REP,YES,91,2,66,22,1
Greene,Old Salem,Republican Party Question 5 <br>Life Amendment Question,,REP,YES,1044,66,414,564,0
Greene,,Republican Party Question 5 <br>Life Amendment Question,,REP,NO,1345,111,589,645,0
Greene,Greensboro,Republican Party Question 5 <br>Life Amendment Question,,REP,NO,179,16,70,93,0
Greene,Greshamville,Republican Party Question 5 <br>Life Amendment Question,,REP,NO,69,1,53,15,0
Greene,Woodville,Republican Party Question 5 <br>Life Amendment Question,,REP,NO,37,0,26,11,0
Greene,Union Point,Republican Party Question 5 <br>Life Amendment Question,,REP,NO,54,1,42,11,0
Greene,Siloam,Republican Party Question 5 <br>Life Amendment Question,,REP,NO,65,1,42,22,0
Greene,White Plains,Republican Party Question 5 <br>Life Amendment Question,,REP,NO,43,1,37,5,0
Greene,Liberty,Republican Party Question 5 <br>Life Amendment Question,,REP,NO,64,2,45,17,0
Greene,Old Salem,Republican Party Question 5 <br>Life Amendment Question,,REP,NO,834,89,274,471,0
Greene,,Democratic Party Question 1<br>Should the Georgia Constitution be amended to allow the state to override locally-elected school boards’ decisions when it comes to the creation of charter schools in your county or city?,,DEM,YES,292,30,189,72,1
Greene,Greensboro,Democratic Party Question 1<br>Should the Georgia Constitution be amended to allow the state to override locally-elected school boards’ decisions when it comes to the creation of charter schools in your county or city?,,DEM,YES,123,16,67,39,1
Greene,Greshamville,Democratic Party Question 1<br>Should the Georgia Constitution be amended to allow the state to override locally-elected school boards’ decisions when it comes to the creation of charter schools in your county or city?,,DEM,YES,9,0,9,0,0
Greene,Woodville,Democratic Party Question 1<br>Should the Georgia Constitution be amended to allow the state to override locally-elected school boards’ decisions when it comes to the creation of charter schools in your county or city?,,DEM,YES,26,0,22,4,0
Greene,Union Point,Democratic Party Question 1<br>Should the Georgia Constitution be amended to allow the state to override locally-elected school boards’ decisions when it comes to the creation of charter schools in your county or city?,,DEM,YES,42,4,28,10,0
Greene,Siloam,Democratic Party Question 1<br>Should the Georgia Constitution be amended to allow the state to override locally-elected school boards’ decisions when it comes to the creation of charter schools in your county or city?,,DEM,YES,39,5,28,6,0
Greene,White Plains,Democratic Party Question 1<br>Should the Georgia Constitution be amended to allow the state to override locally-elected school boards’ decisions when it comes to the creation of charter schools in your county or city?,,DEM,YES,23,3,20,0,0
Greene,Liberty,Democratic Party Question 1<br>Should the Georgia Constitution be amended to allow the state to override locally-elected school boards’ decisions when it comes to the creation of charter schools in your county or city?,,DEM,YES,1,0,1,0,0
Greene,Old Salem,Democratic Party Question 1<br>Should the Georgia Constitution be amended to allow the state to override locally-elected school boards’ decisions when it comes to the creation of charter schools in your county or city?,,DEM,YES,29,2,14,13,0
Greene,,Democratic Party Question 1<br>Should the Georgia Constitution be amended to allow the state to override locally-elected school boards’ decisions when it comes to the creation of charter schools in your county or city?,,DEM,NO,402,47,282,73,0
Greene,Greensboro,Democratic Party Question 1<br>Should the Georgia Constitution be amended to allow the state to override locally-elected school boards’ decisions when it comes to the creation of charter schools in your county or city?,,DEM,NO,120,17,79,24,0
Greene,Greshamville,Democratic Party Question 1<br>Should the Georgia Constitution be amended to allow the state to override locally-elected school boards’ decisions when it comes to the creation of charter schools in your county or city?,,DEM,NO,17,4,13,0,0
Greene,Woodville,Democratic Party Question 1<br>Should the Georgia Constitution be amended to allow the state to override locally-elected school boards’ decisions when it comes to the creation of charter schools in your county or city?,,DEM,NO,37,0,32,5,0
Greene,Union Point,Democratic Party Question 1<br>Should the Georgia Constitution be amended to allow the state to override locally-elected school boards’ decisions when it comes to the creation of charter schools in your county or city?,,DEM,NO,63,5,54,4,0
Greene,Siloam,Democratic Party Question 1<br>Should the Georgia Constitution be amended to allow the state to override locally-elected school boards’ decisions when it comes to the creation of charter schools in your county or city?,,DEM,NO,60,7,39,14,0
Greene,White Plains,Democratic Party Question 1<br>Should the Georgia Constitution be amended to allow the state to override locally-elected school boards’ decisions when it comes to the creation of charter schools in your county or city?,,DEM,NO,30,7,21,2,0
Greene,Liberty,Democratic Party Question 1<br>Should the Georgia Constitution be amended to allow the state to override locally-elected school boards’ decisions when it comes to the creation of charter schools in your county or city?,,DEM,NO,15,0,12,3,0
Greene,Old Salem,Democratic Party Question 1<br>Should the Georgia Constitution be amended to allow the state to override locally-elected school boards’ decisions when it comes to the creation of charter schools in your county or city?,,DEM,NO,60,7,32,21,0
Greene,,Democratic Party Question 2<br>Do you support ending current practice permitting unlimited gifts from lobbyists to state legislators?,,DEM,YES,433,57,268,108,0
Greene,Greensboro,Democratic Party Question 2<br>Do you support ending current practice permitting unlimited gifts from lobbyists to state legislators?,,DEM,YES,149,24,79,46,0
Greene,Greshamville,Democratic Party Question 2<br>Do you support ending current practice permitting unlimited gifts from lobbyists to state legislators?,,DEM,YES,17,4,13,0,0
Greene,Woodville,Democratic Party Question 2<br>Do you support ending current practice permitting unlimited gifts from lobbyists to state legislators?,,DEM,YES,34,0,29,5,0
Greene,Union Point,Democratic Party Question 2<br>Do you support ending current practice permitting unlimited gifts from lobbyists to state legislators?,,DEM,YES,63,6,45,12,0
Greene,Siloam,Democratic Party Question 2<br>Do you support ending current practice permitting unlimited gifts from lobbyists to state legislators?,,DEM,YES,57,8,37,12,0
Greene,White Plains,Democratic Party Question 2<br>Do you support ending current practice permitting unlimited gifts from lobbyists to state legislators?,,DEM,YES,30,8,21,1,0
Greene,Liberty,Democratic Party Question 2<br>Do you support ending current practice permitting unlimited gifts from lobbyists to state legislators?,,DEM,YES,4,0,3,1,0
Greene,Old Salem,Democratic Party Question 2<br>Do you support ending current practice permitting unlimited gifts from lobbyists to state legislators?,,DEM,YES,79,7,41,31,0
Greene,,Democratic Party Question 2<br>Do you support ending current practice permitting unlimited gifts from lobbyists to state legislators?,,DEM,NO,253,21,195,36,1
Greene,Greensboro,Democratic Party Question 2<br>Do you support ending current practice permitting unlimited gifts from lobbyists to state legislators?,,DEM,NO,93,10,65,17,1
Greene,Greshamville,Democratic Party Question 2<br>Do you support ending current practice permitting unlimited gifts from lobbyists to state legislators?,,DEM,NO,9,0,9,0,0
Greene,Woodville,Democratic Party Question 2<br>Do you support ending current practice permitting unlimited gifts from lobbyists to state legislators?,,DEM,NO,25,0,22,3,0
Greene,Union Point,Democratic Party Question 2<br>Do you support ending current practice permitting unlimited gifts from lobbyists to state legislators?,,DEM,NO,39,3,34,2,0
Greene,Siloam,Democratic Party Question 2<br>Do you support ending current practice permitting unlimited gifts from lobbyists to state legislators?,,DEM,NO,41,4,29,8,0
Greene,White Plains,Democratic Party Question 2<br>Do you support ending current practice permitting unlimited gifts from lobbyists to state legislators?,,DEM,NO,23,2,20,1,0
Greene,Liberty,Democratic Party Question 2<br>Do you support ending current practice permitting unlimited gifts from lobbyists to state legislators?,,DEM,NO,12,0,10,2,0
Greene,Old Salem,Democratic Party Question 2<br>Do you support ending current practice permitting unlimited gifts from lobbyists to state legislators?,,DEM,NO,11,2,6,3,0
Greene,,Democratic Party Question 3<br>Should Georgia adopt an income tax credit for home energy costs to support the economic security of our families?,,DEM,YES,527,59,347,121,0
Greene,Greensboro,Democratic Party Question 3<br>Should Georgia adopt an income tax credit for home energy costs to support the economic security of our families?,,DEM,YES,195,25,111,59,0
Greene,Greshamville,Democratic Party Question 3<br>Should Georgia adopt an income tax credit for home energy costs to support the economic security of our families?,,DEM,YES,16,2,14,0,0
Greene,Woodville,Democratic Party Question 3<br>Should Georgia adopt an income tax credit for home energy costs to support the economic security of our families?,,DEM,YES,44,0,37,7,0
Greene,Union Point,Democratic Party Question 3<br>Should Georgia adopt an income tax credit for home energy costs to support the economic security of our families?,,DEM,YES,79,8,59,12,0
Greene,Siloam,Democratic Party Question 3<br>Should Georgia adopt an income tax credit for home energy costs to support the economic security of our families?,,DEM,YES,77,9,53,15,0
Greene,White Plains,Democratic Party Question 3<br>Should Georgia adopt an income tax credit for home energy costs to support the economic security of our families?,,DEM,YES,39,7,30,2,0
Greene,Liberty,Democratic Party Question 3<br>Should Georgia adopt an income tax credit for home energy costs to support the economic security of our families?,,DEM,YES,8,0,6,2,0
Greene,Old Salem,Democratic Party Question 3<br>Should Georgia adopt an income tax credit for home energy costs to support the economic security of our families?,,DEM,YES,69,8,37,24,0
Greene,,Democratic Party Question 3<br>Should Georgia adopt an income tax credit for home energy costs to support the economic security of our families?,,DEM,NO,166,19,121,25,1
Greene,Greensboro,Democratic Party Question 3<br>Should Georgia adopt an income tax credit for home energy costs to support the economic security of our families?,,DEM,NO,54,11,36,6,1
Greene,Greshamville,Democratic Party Question 3<br>Should Georgia adopt an income tax credit for home energy costs to support the economic security of our families?,,DEM,NO,10,2,8,0,0
Greene,Woodville,Democratic Party Question 3<br>Should Georgia adopt an income tax credit for home energy costs to support the economic security of our families?,,DEM,NO,17,0,16,1,0
Greene,Union Point,Democratic Party Question 3<br>Should Georgia adopt an income tax credit for home energy costs to support the economic security of our families?,,DEM,NO,24,1,21,2,0
Greene,Siloam,Democratic Party Question 3<br>Should Georgia adopt an income tax credit for home energy costs to support the economic security of our families?,,DEM,NO,21,2,13,6,0
Greene,White Plains,Democratic Party Question 3<br>Should Georgia adopt an income tax credit for home energy costs to support the economic security of our families?,,DEM,NO,13,2,11,0,0
Greene,Liberty,Democratic Party Question 3<br>Should Georgia adopt an income tax credit for home energy costs to support the economic security of our families?,,DEM,NO,8,0,7,1,0
Greene,Old Salem,Democratic Party Question 3<br>Should Georgia adopt an income tax credit for home energy costs to support the economic security of our families?,,DEM,NO,19,1,9,9,0
Greene,,Democratic Party Question 4 <br>Should Georgia reduce sales taxes on Made in Georgia products so as to support the growth of small businesses in our state?,,DEM,YES,605,71,407,127,0
Greene,Greensboro,Democratic Party Question 4 <br>Should Georgia reduce sales taxes on Made in Georgia products so as to support the growth of small businesses in our state?,,DEM,YES,218,31,128,59,0
Greene,Greshamville,Democratic Party Question 4 <br>Should Georgia reduce sales taxes on Made in Georgia products so as to support the growth of small businesses in our state?,,DEM,YES,21,2,19,0,0
Greene,Woodville,Democratic Party Question 4 <br>Should Georgia reduce sales taxes on Made in Georgia products so as to support the growth of small businesses in our state?,,DEM,YES,52,0,44,8,0
Greene,Union Point,Democratic Party Question 4 <br>Should Georgia reduce sales taxes on Made in Georgia products so as to support the growth of small businesses in our state?,,DEM,YES,93,8,71,14,0
Greene,Siloam,Democratic Party Question 4 <br>Should Georgia reduce sales taxes on Made in Georgia products so as to support the growth of small businesses in our state?,,DEM,YES,86,11,60,15,0
Greene,White Plains,Democratic Party Question 4 <br>Should Georgia reduce sales taxes on Made in Georgia products so as to support the growth of small businesses in our state?,,DEM,YES,47,11,34,2,0
Greene,Liberty,Democratic Party Question 4 <br>Should Georgia reduce sales taxes on Made in Georgia products so as to support the growth of small businesses in our state?,,DEM,YES,11,0,9,2,0
Greene,Old Salem,Democratic Party Question 4 <br>Should Georgia reduce sales taxes on Made in Georgia products so as to support the growth of small businesses in our state?,,DEM,YES,77,8,42,27,0
Greene,,Democratic Party Question 4 <br>Should Georgia reduce sales taxes on Made in Georgia products so as to support the growth of small businesses in our state?,,DEM,NO,98,10,70,17,1
Greene,Greensboro,Democratic Party Question 4 <br>Should Georgia reduce sales taxes on Made in Georgia products so as to support the growth of small businesses in our state?,,DEM,NO,31,5,20,5,1
Greene,Greshamville,Democratic Party Question 4 <br>Should Georgia reduce sales taxes on Made in Georgia products so as to support the growth of small businesses in our state?,,DEM,NO,6,2,4,0,0
Greene,Woodville,Democratic Party Question 4 <br>Should Georgia reduce sales taxes on Made in Georgia products so as to support the growth of small businesses in our state?,,DEM,NO,11,0,10,1,0
Greene,Union Point,Democratic Party Question 4 <br>Should Georgia reduce sales taxes on Made in Georgia products so as to support the growth of small businesses in our state?,,DEM,NO,13,1,12,0,0
Greene,Siloam,Democratic Party Question 4 <br>Should Georgia reduce sales taxes on Made in Georgia products so as to support the growth of small businesses in our state?,,DEM,NO,14,1,8,5,0
Greene,White Plains,Democratic Party Question 4 <br>Should Georgia reduce sales taxes on Made in Georgia products so as to support the growth of small businesses in our state?,,DEM,NO,7,0,7,0,0
Greene,Liberty,Democratic Party Question 4 <br>Should Georgia reduce sales taxes on Made in Georgia products so as to support the growth of small businesses in our state?,,DEM,NO,5,0,4,1,0
Greene,Old Salem,Democratic Party Question 4 <br>Should Georgia reduce sales taxes on Made in Georgia products so as to support the growth of small businesses in our state?,,DEM,NO,11,1,5,5,0
Greene,,Supreme Court Justice, Hunstein,I,CAROL W. HUNSTEIN,3274,212,1713,1349,0
Greene,Greensboro,Supreme Court Justice, Hunstein,I,CAROL W. HUNSTEIN,577,55,286,236,0
Greene,Greshamville,Supreme Court Justice, Hunstein,I,CAROL W. HUNSTEIN,189,3,154,32,0
Greene,Woodville,Supreme Court Justice, Hunstein,I,CAROL W. HUNSTEIN,133,3,102,28,0
Greene,Union Point,Supreme Court Justice, Hunstein,I,CAROL W. HUNSTEIN,245,9,189,47,0
Greene,Siloam,Supreme Court Justice, Hunstein,I,CAROL W. HUNSTEIN,236,10,163,63,0
Greene,White Plains,Supreme Court Justice, Hunstein,I,CAROL W. HUNSTEIN,135,11,110,14,0
Greene,Liberty,Supreme Court Justice, Hunstein,I,CAROL W. HUNSTEIN,142,7,98,37,0
Greene,Old Salem,Supreme Court Justice, Hunstein,I,CAROL W. HUNSTEIN,1617,114,611,892,0
Greene,,Supreme Court Justice, Hunstein,,Write-in,9,2,5,2,0
Greene,Greensboro,Supreme Court Justice, Hunstein,,Write-in,2,0,2,0,0
Greene,Greshamville,Supreme Court Justice, Hunstein,,Write-in,0,0,0,0,0
Greene,Woodville,Supreme Court Justice, Hunstein,,Write-in,0,0,0,0,0
Greene,Union Point,Supreme Court Justice, Hunstein,,Write-in,0,0,0,0,0
Greene,Siloam,Supreme Court Justice, Hunstein,,Write-in,0,0,0,0,0
Greene,White Plains,Supreme Court Justice, Hunstein,,Write-in,0,0,0,0,0
Greene,Liberty,Supreme Court Justice, Hunstein,,Write-in,0,0,0,0,0
Greene,Old Salem,Supreme Court Justice, Hunstein,,Write-in,7,2,3,2,0
Greene,,Supreme Court Justice, Melton,,HAROLD D. MELTON ,3202,208,1654,1340,0
Greene,Greensboro,Supreme Court Justice, Melton,,HAROLD D. MELTON ,572,53,281,238,0
Greene,Greshamville,Supreme Court Justice, Melton,,HAROLD D. MELTON ,181,3,146,32,0
Greene,Woodville,Supreme Court Justice, Melton,,HAROLD D. MELTON ,132,3,104,25,0
Greene,Union Point,Supreme Court Justice, Melton,,HAROLD D. MELTON ,240,8,184,48,0
Greene,Siloam,Supreme Court Justice, Melton,,HAROLD D. MELTON ,236,9,164,63,0
Greene,White Plains,Supreme Court Justice, Melton,,HAROLD D. MELTON ,135,12,109,14,0
Greene,Liberty,Supreme Court Justice, Melton,,HAROLD D. MELTON ,133,7,91,35,0
Greene,Old Salem,Supreme Court Justice, Melton,,HAROLD D. MELTON ,1573,113,575,885,0
Greene,,Supreme Court Justice, Melton,,Write-in,5,1,3,1,0
Greene,Greensboro,Supreme Court Justice, Melton,,Write-in,2,1,1,0,0
Greene,Greshamville,Supreme Court Justice, Melton,,Write-in,0,0,0,0,0
Greene,Woodville,Supreme Court Justice, Melton,,Write-in,0,0,0,0,0
Greene,Union Point,Supreme Court Justice, Melton,,Write-in,0,0,0,0,0
Greene,Siloam,Supreme Court Justice, Melton,,Write-in,0,0,0,0,0
Greene,White Plains,Supreme Court Justice, Melton,,Write-in,0,0,0,0,0
Greene,Liberty,Supreme Court Justice, Melton,,Write-in,0,0,0,0,0
Greene,Old Salem,Supreme Court Justice, Melton,,Write-in,3,0,2,1,0
Greene,,Supreme Court Justice, Thompson,,HUGH P. THOMPSON ,3271,215,1687,1369,0
Greene,Greensboro,Supreme Court Justice, Thompson,,HUGH P. THOMPSON ,603,56,292,255,0
Greene,Greshamville,Supreme Court Justice, Thompson,,HUGH P. THOMPSON ,184,5,147,32,0
Greene,Woodville,Supreme Court Justice, Thompson,,HUGH P. THOMPSON ,137,3,107,27,0
Greene,Union Point,Supreme Court Justice, Thompson,,HUGH P. THOMPSON ,253,8,193,52,0
Greene,Siloam,Supreme Court Justice, Thompson,,HUGH P. THOMPSON ,241,11,167,63,0
Greene,White Plains,Supreme Court Justice, Thompson,,HUGH P. THOMPSON ,137,13,111,13,0
Greene,Liberty,Supreme Court Justice, Thompson,,HUGH P. THOMPSON ,130,7,90,33,0
Greene,Old Salem,Supreme Court Justice, Thompson,,HUGH P. THOMPSON ,1586,112,580,894,0
Greene,,Supreme Court Justice, Thompson,,Write-in,2,0,2,0,0
Greene,Greensboro,Supreme Court Justice, Thompson,,Write-in,0,0,0,0,0
Greene,Greshamville,Supreme Court Justice, Thompson,,Write-in,0,0,0,0,0
Greene,Woodville,Supreme Court Justice, Thompson,,Write-in,0,0,0,0,0
Greene,Union Point,Supreme Court Justice, Thompson,,Write-in,0,0,0,0,0
Greene,Siloam,Supreme Court Justice, Thompson,,Write-in,0,0,0,0,0
Greene,White Plains,Supreme Court Justice, Thompson,,Write-in,0,0,0,0,0
Greene,Liberty,Supreme Court Justice, Thompson,,Write-in,0,0,0,0,0
Greene,Old Salem,Supreme Court Justice, Thompson,,Write-in,2,0,2,0,0
Greene,,Appeals Court Judge, Boggs,,MICHAEL P. BOGGS ,3154,203,1631,1318,2
Greene,Greensboro,Appeals Court Judge, Boggs,,MICHAEL P. BOGGS ,574,53,281,239,1
Greene,Greshamville,Appeals Court Judge, Boggs,,MICHAEL P. BOGGS ,174,2,141,31,0
Greene,Woodville,Appeals Court Judge, Boggs,,MICHAEL P. BOGGS ,130,3,101,26,0
Greene,Union Point,Appeals Court Judge, Boggs,,MICHAEL P. BOGGS ,236,9,180,47,0
Greene,Siloam,Appeals Court Judge, Boggs,,MICHAEL P. BOGGS ,238,10,165,63,0
Greene,White Plains,Appeals Court Judge, Boggs,,MICHAEL P. BOGGS ,128,11,104,13,0
Greene,Liberty,Appeals Court Judge, Boggs,,MICHAEL P. BOGGS ,131,7,88,35,1
Greene,Old Salem,Appeals Court Judge, Boggs,,MICHAEL P. BOGGS ,1543,108,571,864,0
Greene,,Appeals Court Judge, Boggs,,Write-in,3,1,2,0,0
Greene,Greensboro,Appeals Court Judge, Boggs,,Write-in,0,0,0,0,0
Greene,Greshamville,Appeals Court Judge, Boggs,,Write-in,0,0,0,0,0
Greene,Woodville,Appeals Court Judge, Boggs,,Write-in,0,0,0,0,0
Greene,Union Point,Appeals Court Judge, Boggs,,Write-in,0,0,0,0,0
Greene,Siloam,Appeals Court Judge, Boggs,,Write-in,0,0,0,0,0
Greene,White Plains,Appeals Court Judge, Boggs,,Write-in,0,0,0,0,0
Greene,Liberty,Appeals Court Judge, Boggs,,Write-in,0,0,0,0,0
Greene,Old Salem,Appeals Court Judge, Boggs,,Write-in,3,1,2,0,0
Greene,,Appeals Court Judge, Dillard,,STEPHEN DILLARD ,3145,209,1625,1309,2
Greene,Greensboro,Appeals Court Judge, Dillard,,STEPHEN DILLARD ,571,53,284,233,1
Greene,Greshamville,Appeals Court Judge, Dillard,,STEPHEN DILLARD ,176,5,140,31,0
Greene,Woodville,Appeals Court Judge, Dillard,,STEPHEN DILLARD ,128,3,100,25,0
Greene,Union Point,Appeals Court Judge, Dillard,,STEPHEN DILLARD ,235,9,180,46,0
Greene,Siloam,Appeals Court Judge, Dillard,,STEPHEN DILLARD ,234,11,161,62,0
Greene,White Plains,Appeals Court Judge, Dillard,,STEPHEN DILLARD ,129,10,106,13,0
Greene,Liberty,Appeals Court Judge, Dillard,,STEPHEN DILLARD ,132,6,91,34,1
Greene,Old Salem,Appeals Court Judge, Dillard,,STEPHEN DILLARD ,1540,112,563,865,0
Greene,,Appeals Court Judge, Dillard,,Write-in,5,3,2,0,0
Greene,Greensboro,Appeals Court Judge, Dillard,,Write-in,0,0,0,0,0
Greene,Greshamville,Appeals Court Judge, Dillard,,Write-in,0,0,0,0,0
Greene,Woodville,Appeals Court Judge, Dillard,,Write-in,0,0,0,0,0
Greene,Union Point,Appeals Court Judge, Dillard,,Write-in,0,0,0,0,0
Greene,Siloam,Appeals Court Judge, Dillard,,Write-in,0,0,0,0,0
Greene,White Plains,Appeals Court Judge, Dillard,,Write-in,0,0,0,0,0
Greene,Liberty,Appeals Court Judge, Dillard,,Write-in,1,1,0,0,0
Greene,Old Salem,Appeals Court Judge, Dillard,,Write-in,4,2,2,0,0
Greene,,Appeals Court Judge, Ellington,I,JOHN J. ELLINGTON,3150,208,1635,1305,2
Greene,Greensboro,Appeals Court Judge, Ellington,I,JOHN J. ELLINGTON,575,54,284,236,1
Greene,Greshamville,Appeals Court Judge, Ellington,I,JOHN J. ELLINGTON,176,3,142,31,0
Greene,Woodville,Appeals Court Judge, Ellington,I,JOHN J. ELLINGTON,130,3,101,26,0
Greene,Union Point,Appeals Court Judge, Ellington,I,JOHN J. ELLINGTON,236,10,180,46,0
Greene,Siloam,Appeals Court Judge, Ellington,I,JOHN J. ELLINGTON,234,10,162,62,0
Greene,White Plains,Appeals Court Judge, Ellington,I,JOHN J. ELLINGTON,132,13,106,13,0
Greene,Liberty,Appeals Court Judge, Ellington,I,JOHN J. ELLINGTON,132,6,91,34,1
Greene,Old Salem,Appeals Court Judge, Ellington,I,JOHN J. ELLINGTON,1535,109,569,857,0
Greene,,Appeals Court Judge, Ellington,,Write-in,3,1,2,0,0
Greene,Greensboro,Appeals Court Judge, Ellington,,Write-in,0,0,0,0,0
Greene,Greshamville,Appeals Court Judge, Ellington,,Write-in,0,0,0,0,0
Greene,Woodville,Appeals Court Judge, Ellington,,Write-in,0,0,0,0,0
Greene,Union Point,Appeals Court Judge, Ellington,,Write-in,0,0,0,0,0
Greene,Siloam,Appeals Court Judge, Ellington,,Write-in,0,0,0,0,0
Greene,White Plains,Appeals Court Judge, Ellington,,Write-in,0,0,0,0,0
Greene,Liberty,Appeals Court Judge, Ellington,,Write-in,1,1,0,0,0
Greene,Old Salem,Appeals Court Judge, Ellington,,Write-in,2,0,2,0,0
Greene,,Appeals Court Judge, Miller,,M. YVETTE MILLER ,3153,215,1633,1303,2
Greene,Greensboro,Appeals Court Judge, Miller,,M. YVETTE MILLER ,581,56,292,232,1
Greene,Greshamville,Appeals Court Judge, Miller,,M. YVETTE MILLER ,174,3,140,31,0
Greene,Woodville,Appeals Court Judge, Miller,,M. YVETTE MILLER ,131,3,102,26,0
Greene,Union Point,Appeals Court Judge, Miller,,M. YVETTE MILLER ,239,11,182,46,0
Greene,Siloam,Appeals Court Judge, Miller,,M. YVETTE MILLER ,242,11,167,64,0
Greene,White Plains,Appeals Court Judge, Miller,,M. YVETTE MILLER ,125,10,102,13,0
Greene,Liberty,Appeals Court Judge, Miller,,M. YVETTE MILLER ,131,7,89,34,1
Greene,Old Salem,Appeals Court Judge, Miller,,M. YVETTE MILLER ,1530,114,559,857,0
Greene,,Appeals Court Judge, Miller,,Write-in,3,1,2,0,0
Greene,Greensboro,Appeals Court Judge, Miller,,Write-in,0,0,0,0,0
Greene,Greshamville,Appeals Court Judge, Miller,,Write-in,1,0,1,0,0
Greene,Woodville,Appeals Court Judge, Miller,,Write-in,0,0,0,0,0
Greene,Union Point,Appeals Court Judge, Miller,,Write-in,0,0,0,0,0
Greene,Siloam,Appeals Court Judge, Miller,,Write-in,0,0,0,0,0
Greene,White Plains,Appeals Court Judge, Miller,,Write-in,0,0,0,0,0
Greene,Liberty,Appeals Court Judge, Miller,,Write-in,0,0,0,0,0
Greene,Old Salem,Appeals Court Judge, Miller,,Write-in,2,1,1,0,0
Greene,,Appeals Court Judge, Phipps,,HERBERT PHIPPS ,3108,205,1610,1291,2
Greene,Greensboro,Appeals Court Judge, Phipps,,HERBERT PHIPPS ,559,53,279,226,1
Greene,Greshamville,Appeals Court Judge, Phipps,,HERBERT PHIPPS ,171,3,137,31,0
Greene,Woodville,Appeals Court Judge, Phipps,,HERBERT PHIPPS ,128,3,99,26,0
Greene,Union Point,Appeals Court Judge, Phipps,,HERBERT PHIPPS ,231,9,178,44,0
Greene,Siloam,Appeals Court Judge, Phipps,,HERBERT PHIPPS ,235,10,163,62,0
Greene,White Plains,Appeals Court Judge, Phipps,,HERBERT PHIPPS ,126,11,102,13,0
Greene,Liberty,Appeals Court Judge, Phipps,,HERBERT PHIPPS ,131,6,90,34,1
Greene,Old Salem,Appeals Court Judge, Phipps,,HERBERT PHIPPS ,1527,110,562,855,0
Greene,,Appeals Court Judge, Phipps,,Write-in,1,0,1,0,0
Greene,Greensboro,Appeals Court Judge, Phipps,,Write-in,0,0,0,0,0
Greene,Greshamville,Appeals Court Judge, Phipps,,Write-in,0,0,0,0,0
Greene,Woodville,Appeals Court Judge, Phipps,,Write-in,0,0,0,0,0
Greene,Union Point,Appeals Court Judge, Phipps,,Write-in,0,0,0,0,0
Greene,Siloam,Appeals Court Judge, Phipps,,Write-in,0,0,0,0,0
Greene,White Plains,Appeals Court Judge, Phipps,,Write-in,0,0,0,0,0
Greene,Liberty,Appeals Court Judge, Phipps,,Write-in,0,0,0,0,0
Greene,Old Salem,Appeals Court Judge, Phipps,,Write-in,1,0,1,0,0
Greene,,Superior Court Judge, Ocmulgee Circuit (Cline),,JAMES CLINE JR. ,3304,217,1731,1354,2
Greene,Greensboro,Superior Court Judge, Ocmulgee Circuit (Cline),,JAMES CLINE JR. ,615,57,300,257,1
Greene,Greshamville,Superior Court Judge, Ocmulgee Circuit (Cline),,JAMES CLINE JR. ,188,3,152,33,0
Greene,Woodville,Superior Court Judge, Ocmulgee Circuit (Cline),,JAMES CLINE JR. ,136,3,107,26,0
Greene,Union Point,Superior Court Judge, Ocmulgee Circuit (Cline),,JAMES CLINE JR. ,264,12,200,52,0
Greene,Siloam,Superior Court Judge, Ocmulgee Circuit (Cline),,JAMES CLINE JR. ,262,11,180,71,0
Greene,White Plains,Superior Court Judge, Ocmulgee Circuit (Cline),,JAMES CLINE JR. ,139,12,114,13,0
Greene,Liberty,Superior Court Judge, Ocmulgee Circuit (Cline),,JAMES CLINE JR. ,143,7,101,34,1
Greene,Old Salem,Superior Court Judge, Ocmulgee Circuit (Cline),,JAMES CLINE JR. ,1557,112,577,868,0
Greene,,Superior Court Judge, Ocmulgee Circuit (Cline),,Write-in,7,3,3,1,0
Greene,Greensboro,Superior Court Judge, Ocmulgee Circuit (Cline),,Write-in,1,0,1,0,0
Greene,Greshamville,Superior Court Judge, Ocmulgee Circuit (Cline),,Write-in,1,0,1,0,0
Greene,Woodville,Superior Court Judge, Ocmulgee Circuit (Cline),,Write-in,0,0,0,0,0
Greene,Union Point,Superior Court Judge, Ocmulgee Circuit (Cline),,Write-in,0,0,0,0,0
Greene,Siloam,Superior Court Judge, Ocmulgee Circuit (Cline),,Write-in,0,0,0,0,0
Greene,White Plains,Superior Court Judge, Ocmulgee Circuit (Cline),,Write-in,0,0,0,0,0
Greene,Liberty,Superior Court Judge, Ocmulgee Circuit (Cline),,Write-in,0,0,0,0,0
Greene,Old Salem,Superior Court Judge, Ocmulgee Circuit (Cline),,Write-in,5,3,1,1,0
Greene,,Superior Court Judge, Ocmulgee Circuit (George),,HULANE GEORGE ,3156,212,1642,1300,2
Greene,Greensboro,Superior Court Judge, Ocmulgee Circuit (George),,HULANE GEORGE ,580,56,288,235,1
Greene,Greshamville,Superior Court Judge, Ocmulgee Circuit (George),,HULANE GEORGE ,179,3,145,31,0
Greene,Woodville,Superior Court Judge, Ocmulgee Circuit (George),,HULANE GEORGE ,129,3,99,27,0
Greene,Union Point,Superior Court Judge, Ocmulgee Circuit (George),,HULANE GEORGE ,246,11,185,50,0
Greene,Siloam,Superior Court Judge, Ocmulgee Circuit (George),,HULANE GEORGE ,241,10,167,64,0
Greene,White Plains,Superior Court Judge, Ocmulgee Circuit (George),,HULANE GEORGE ,132,12,107,13,0
Greene,Liberty,Superior Court Judge, Ocmulgee Circuit (George),,HULANE GEORGE ,133,6,92,34,1
Greene,Old Salem,Superior Court Judge, Ocmulgee Circuit (George),,HULANE GEORGE ,1516,111,559,846,0
Greene,,Superior Court Judge, Ocmulgee Circuit (George),,Write-in,5,0,5,0,0
Greene,Greensboro,Superior Court Judge, Ocmulgee Circuit (George),,Write-in,1,0,1,0,0
Greene,Greshamville,Superior Court Judge, Ocmulgee Circuit (George),,Write-in,0,0,0,0,0
Greene,Woodville,Superior Court Judge, Ocmulgee Circuit (George),,Write-in,0,0,0,0,0
Greene,Union Point,Superior Court Judge, Ocmulgee Circuit (George),,Write-in,0,0,0,0,0
Greene,Siloam,Superior Court Judge, Ocmulgee Circuit (George),,Write-in,0,0,0,0,0
Greene,White Plains,Superior Court Judge, Ocmulgee Circuit (George),,Write-in,0,0,0,0,0
Greene,Liberty,Superior Court Judge, Ocmulgee Circuit (George),,Write-in,0,0,0,0,0
Greene,Old Salem,Superior Court Judge, Ocmulgee Circuit (George),,Write-in,4,0,4,0,0
Greene,,Superior Court Judge, Ocmulgee Circuit (Prior),I,WILLIAM PRIOR JR.,3231,215,1688,1326,2
Greene,Greensboro,Superior Court Judge, Ocmulgee Circuit (Prior),I,WILLIAM PRIOR JR.,598,56,297,244,1
Greene,Greshamville,Superior Court Judge, Ocmulgee Circuit (Prior),I,WILLIAM PRIOR JR.,184,5,147,32,0
Greene,Woodville,Superior Court Judge, Ocmulgee Circuit (Prior),I,WILLIAM PRIOR JR.,132,3,104,25,0
Greene,Union Point,Superior Court Judge, Ocmulgee Circuit (Prior),I,WILLIAM PRIOR JR.,255,10,194,51,0
Greene,Siloam,Superior Court Judge, Ocmulgee Circuit (Prior),I,WILLIAM PRIOR JR.,251,10,174,67,0
Greene,White Plains,Superior Court Judge, Ocmulgee Circuit (Prior),I,WILLIAM PRIOR JR.,136,12,110,14,0
Greene,Liberty,Superior Court Judge, Ocmulgee Circuit (Prior),I,WILLIAM PRIOR JR.,140,7,98,34,1
Greene,Old Salem,Superior Court Judge, Ocmulgee Circuit (Prior),I,WILLIAM PRIOR JR.,1535,112,564,859,0
Greene,,Superior Court Judge, Ocmulgee Circuit (Prior),,Write-in,4,0,3,1,0
Greene,Greensboro,Superior Court Judge, Ocmulgee Circuit (Prior),,Write-in,0,0,0,0,0
Greene,Greshamville,Superior Court Judge, Ocmulgee Circuit (Prior),,Write-in,1,0,1,0,0
Greene,Woodville,Superior Court Judge, Ocmulgee Circuit (Prior),,Write-in,0,0,0,0,0
Greene,Union Point,Superior Court Judge, Ocmulgee Circuit (Prior),,Write-in,1,0,0,1,0
Greene,Siloam,Superior Court Judge, Ocmulgee Circuit (Prior),,Write-in,0,0,0,0,0
Greene,White Plains,Superior Court Judge, Ocmulgee Circuit (Prior),,Write-in,0,0,0,0,0
Greene,Liberty,Superior Court Judge, Ocmulgee Circuit (Prior),,Write-in,0,0,0,0,0
Greene,Old Salem,Superior Court Judge, Ocmulgee Circuit (Prior),,Write-in,2,0,2,0,0
Greene,,Superior Court Judge, Ocmulgee Circuit (Wingfield),,HUGH WINGFIELD ,3169,213,1653,1302,1
Greene,Greensboro,Superior Court Judge, Ocmulgee Circuit (Wingfield),,HUGH WINGFIELD ,576,54,287,235,0
Greene,Greshamville,Superior Court Judge, Ocmulgee Circuit (Wingfield),,HUGH WINGFIELD ,177,3,143,31,0
Greene,Woodville,Superior Court Judge, Ocmulgee Circuit (Wingfield),,HUGH WINGFIELD ,134,3,104,27,0
Greene,Union Point,Superior Court Judge, Ocmulgee Circuit (Wingfield),,HUGH WINGFIELD ,246,9,185,52,0
Greene,Siloam,Superior Court Judge, Ocmulgee Circuit (Wingfield),,HUGH WINGFIELD ,246,11,172,63,0
Greene,White Plains,Superior Court Judge, Ocmulgee Circuit (Wingfield),,HUGH WINGFIELD ,132,12,107,13,0
Greene,Liberty,Superior Court Judge, Ocmulgee Circuit (Wingfield),,HUGH WINGFIELD ,134,7,92,34,1
Greene,Old Salem,Superior Court Judge, Ocmulgee Circuit (Wingfield),,HUGH WINGFIELD ,1524,114,563,847,0
Greene,,Superior Court Judge, Ocmulgee Circuit (Wingfield),,Write-in,7,3,3,1,0
Greene,Greensboro,Superior Court Judge, Ocmulgee Circuit (Wingfield),,Write-in,1,0,1,0,0
Greene,Greshamville,Superior Court Judge, Ocmulgee Circuit (Wingfield),,Write-in,0,0,0,0,0
Greene,Woodville,Superior Court Judge, Ocmulgee Circuit (Wingfield),,Write-in,0,0,0,0,0
Greene,Union Point,Superior Court Judge, Ocmulgee Circuit (Wingfield),,Write-in,0,0,0,0,0
Greene,Siloam,Superior Court Judge, Ocmulgee Circuit (Wingfield),,Write-in,0,0,0,0,0
Greene,White Plains,Superior Court Judge, Ocmulgee Circuit (Wingfield),,Write-in,0,0,0,0,0
Greene,Liberty,Superior Court Judge, Ocmulgee Circuit (Wingfield),,Write-in,0,0,0,0,0
Greene,Old Salem,Superior Court Judge, Ocmulgee Circuit (Wingfield),,Write-in,6,3,2,1,0
Greene,,Probate Judge,,,LAVERNE OGLETREE ,3560,247,1913,1399,1
Greene,Greensboro,Probate Judge,,,LAVERNE OGLETREE ,669,60,344,265,0
Greene,Greshamville,Probate Judge,,,LAVERNE OGLETREE ,216,5,179,32,0
Greene,Woodville,Probate Judge,,,LAVERNE OGLETREE ,152,3,121,28,0
Greene,Union Point,Probate Judge,,,LAVERNE OGLETREE ,287,14,217,56,0
Greene,Siloam,Probate Judge,,,LAVERNE OGLETREE ,285,14,199,72,0
Greene,White Plains,Probate Judge,,,LAVERNE OGLETREE ,155,15,126,14,0
Greene,Liberty,Probate Judge,,,LAVERNE OGLETREE ,155,6,113,35,1
Greene,Old Salem,Probate Judge,,,LAVERNE OGLETREE ,1641,130,614,897,0
Greene,,Probate Judge,,,Write-in,4,0,2,2,0
Greene,Greensboro,Probate Judge,,,Write-in,0,0,0,0,0
Greene,Greshamville,Probate Judge,,,Write-in,0,0,0,0,0
Greene,Woodville,Probate Judge,,,Write-in,0,0,0,0,0
Greene,Union Point,Probate Judge,,,Write-in,0,0,0,0,0
Greene,Siloam,Probate Judge,,,Write-in,0,0,0,0,0
Greene,White Plains,Probate Judge,,,Write-in,0,0,0,0,0
Greene,Liberty,Probate Judge,,,Write-in,1,0,0,1,0
Greene,Old Salem,Probate Judge,,,Write-in,3,0,2,1,0
Greene,,TSPLOST,,,YES,1748,171,838,739,0
Greene,Greensboro,TSPLOST,,,YES,332,41,157,134,0
Greene,Greshamville,TSPLOST,,,YES,67,5,50,12,0
Greene,Woodville,TSPLOST,,,YES,77,2,59,16,0
Greene,Union Point,TSPLOST,,,YES,106,9,77,20,0
Greene,Siloam,TSPLOST,,,YES,138,11,96,31,0
Greene,White Plains,TSPLOST,,,YES,64,10,53,1,0
Greene,Liberty,TSPLOST,,,YES,57,4,40,13,0
Greene,Old Salem,TSPLOST,,,YES,907,89,306,512,0
Greene,,TSPLOST,,,NO,2511,156,1396,957,2
Greene,Greensboro,TSPLOST,,,NO,445,45,224,175,1
Greene,Greshamville,TSPLOST,,,NO,187,1,160,26,0
Greene,Woodville,TSPLOST,,,NO,94,1,75,18,0
Greene,Union Point,TSPLOST,,,NO,199,5,153,41,0
Greene,Siloam,TSPLOST,,,NO,179,6,120,53,0
Greene,White Plains,TSPLOST,,,NO,106,5,85,16,0
Greene,Liberty,TSPLOST,,,NO,139,3,101,34,1
Greene,Old Salem,TSPLOST,,,NO,1162,90,478,594,0
