county,precinct,office,district,party,candidate,votes,absentee_by_mail,election_day,advance_in_person,provisional
Brantley,,"Public Service Commission, District 3",3,REP,CHUCK EATON (I),947,15,766,166,0
Brantley,Lulaton,"Public Service Commission, District 3",3,REP,CHUCK EATON (I),45,0,34,11,0
Brantley,Atkinson,"Public Service Commission, District 3",3,REP,CHUCK EATON (I),95,0,84,11,0
Brantley,Waynesville,"Public Service Commission, District 3",3,REP,CHUCK EATON (I),175,6,144,25,0
Brantley,Hortense,"Public Service Commission, District 3",3,REP,CHUCK EATON (I),83,0,75,8,0
Brantley,Hickox,"Public Service Commission, District 3",3,REP,CHUCK EATON (I),96,4,68,24,0
Brantley,Hoboken,"Public Service Commission, District 3",3,REP,CHUCK EATON (I),98,0,78,20,0
Brantley,Schlatterville,"Public Service Commission, District 3",3,REP,CHUCK EATON (I),73,0,65,8,0
Brantley,Calvary,"Public Service Commission, District 3",3,REP,CHUCK EATON (I),149,1,136,12,0
Brantley,Nahunta,"Public Service Commission, District 3",3,REP,CHUCK EATON (I),133,4,82,47,0
Brantley,,"Public Service Commission, District 3",3,REP,MATT REID,841,11,688,142,0
Brantley,Lulaton,"Public Service Commission, District 3",3,REP,MATT REID,57,1,43,13,0
Brantley,Atkinson,"Public Service Commission, District 3",3,REP,MATT REID,126,0,111,15,0
Brantley,Waynesville,"Public Service Commission, District 3",3,REP,MATT REID,166,5,139,22,0
Brantley,Hortense,"Public Service Commission, District 3",3,REP,MATT REID,81,0,68,13,0
Brantley,Hickox,"Public Service Commission, District 3",3,REP,MATT REID,62,1,51,10,0
Brantley,Hoboken,"Public Service Commission, District 3",3,REP,MATT REID,102,1,79,22,0
Brantley,Schlatterville,"Public Service Commission, District 3",3,REP,MATT REID,52,0,48,4,0
Brantley,Calvary,"Public Service Commission, District 3",3,REP,MATT REID,90,1,80,9,0
Brantley,Nahunta,"Public Service Commission, District 3",3,REP,MATT REID,105,2,69,34,0
Brantley,,"Public Service Commission, District 3",3,DEM,STEPHEN OPPENHEIMER,864,20,653,191,0
Brantley,Lulaton,"Public Service Commission, District 3",3,DEM,STEPHEN OPPENHEIMER,59,1,43,15,0
Brantley,Atkinson,"Public Service Commission, District 3",3,DEM,STEPHEN OPPENHEIMER,68,1,43,24,0
Brantley,Waynesville,"Public Service Commission, District 3",3,DEM,STEPHEN OPPENHEIMER,94,1,78,15,0
Brantley,Hortense,"Public Service Commission, District 3",3,DEM,STEPHEN OPPENHEIMER,74,0,57,17,0
Brantley,Hickox,"Public Service Commission, District 3",3,DEM,STEPHEN OPPENHEIMER,110,3,82,25,0
Brantley,Hoboken,"Public Service Commission, District 3",3,DEM,STEPHEN OPPENHEIMER,139,5,112,22,0
Brantley,Schlatterville,"Public Service Commission, District 3",3,DEM,STEPHEN OPPENHEIMER,47,0,42,5,0
Brantley,Calvary,"Public Service Commission, District 3",3,DEM,STEPHEN OPPENHEIMER,105,2,96,7,0
Brantley,Nahunta,"Public Service Commission, District 3",3,DEM,STEPHEN OPPENHEIMER,168,7,100,61,0
Brantley,,"Public Service Commission, District 5",5,REP,PAM DAVIDSON,839,12,673,154,0
Brantley,Lulaton,"Public Service Commission, District 5",5,REP,PAM DAVIDSON,51,1,35,15,0
Brantley,Atkinson,"Public Service Commission, District 5",5,REP,PAM DAVIDSON,131,0,114,17,0
Brantley,Waynesville,"Public Service Commission, District 5",5,REP,PAM DAVIDSON,167,7,139,21,0
Brantley,Hortense,"Public Service Commission, District 5",5,REP,PAM DAVIDSON,75,0,63,12,0
Brantley,Hickox,"Public Service Commission, District 5",5,REP,PAM DAVIDSON,61,0,48,13,0
Brantley,Hoboken,"Public Service Commission, District 5",5,REP,PAM DAVIDSON,105,1,81,23,0
Brantley,Schlatterville,"Public Service Commission, District 5",5,REP,PAM DAVIDSON,60,0,52,8,0
Brantley,Calvary,"Public Service Commission, District 5",5,REP,PAM DAVIDSON,88,1,80,7,0
Brantley,Nahunta,"Public Service Commission, District 5",5,REP,PAM DAVIDSON,101,2,61,38,0
Brantley,,"Public Service Commission, District 5",5,REP,STAN WISE (I),913,12,745,156,0
Brantley,Lulaton,"Public Service Commission, District 5",5,REP,STAN WISE (I),49,0,41,8,0
Brantley,Atkinson,"Public Service Commission, District 5",5,REP,STAN WISE (I),87,0,77,10,0
Brantley,Waynesville,"Public Service Commission, District 5",5,REP,STAN WISE (I),170,4,139,27,0
Brantley,Hortense,"Public Service Commission, District 5",5,REP,STAN WISE (I),84,0,74,10,0
Brantley,Hickox,"Public Service Commission, District 5",5,REP,STAN WISE (I),93,4,68,21,0
Brantley,Hoboken,"Public Service Commission, District 5",5,REP,STAN WISE (I),96,0,78,18,0
Brantley,Schlatterville,"Public Service Commission, District 5",5,REP,STAN WISE (I),60,0,55,5,0
Brantley,Calvary,"Public Service Commission, District 5",5,REP,STAN WISE (I),135,1,122,12,0
Brantley,Nahunta,"Public Service Commission, District 5",5,REP,STAN WISE (I),139,3,91,45,0
Brantley,,"U.S. Representative, District 1",1,REP,JACK KINGSTON (I),1894,31,1535,328,0
Brantley,Lulaton,"U.S. Representative, District 1",1,REP,JACK KINGSTON (I),104,2,79,23,0
Brantley,Atkinson,"U.S. Representative, District 1",1,REP,JACK KINGSTON (I),216,0,192,24,0
Brantley,Waynesville,"U.S. Representative, District 1",1,REP,JACK KINGSTON (I),345,10,288,47,0
Brantley,Hortense,"U.S. Representative, District 1",1,REP,JACK KINGSTON (I),178,2,148,28,0
Brantley,Hickox,"U.S. Representative, District 1",1,REP,JACK KINGSTON (I),179,5,141,33,0
Brantley,Hoboken,"U.S. Representative, District 1",1,REP,JACK KINGSTON (I),215,1,167,47,0
Brantley,Schlatterville,"U.S. Representative, District 1",1,REP,JACK KINGSTON (I),142,0,128,14,0
Brantley,Calvary,"U.S. Representative, District 1",1,REP,JACK KINGSTON (I),251,4,225,22,0
Brantley,Nahunta,"U.S. Representative, District 1",1,REP,JACK KINGSTON (I),264,7,167,90,0
Brantley,,"U.S. Representative, District 1",1,DEM,LESLI RAE MESSINGER,452,7,341,104,0
Brantley,Lulaton,"U.S. Representative, District 1",1,DEM,LESLI RAE MESSINGER,37,0,22,15,0
Brantley,Atkinson,"U.S. Representative, District 1",1,DEM,LESLI RAE MESSINGER,40,1,27,12,0
Brantley,Waynesville,"U.S. Representative, District 1",1,DEM,LESLI RAE MESSINGER,52,0,46,6,0
Brantley,Hortense,"U.S. Representative, District 1",1,DEM,LESLI RAE MESSINGER,32,0,25,7,0
Brantley,Hickox,"U.S. Representative, District 1",1,DEM,LESLI RAE MESSINGER,51,1,38,12,0
Brantley,Hoboken,"U.S. Representative, District 1",1,DEM,LESLI RAE MESSINGER,70,3,58,9,0
Brantley,Schlatterville,"U.S. Representative, District 1",1,DEM,LESLI RAE MESSINGER,21,0,19,2,0
Brantley,Calvary,"U.S. Representative, District 1",1,DEM,LESLI RAE MESSINGER,53,0,48,5,0
Brantley,Nahunta,"U.S. Representative, District 1",1,DEM,LESLI RAE MESSINGER,96,2,58,36,0
Brantley,,"U.S. Representative, District 1",1,DEM,NATHAN C. RUSSO,539,11,397,131,0
Brantley,Lulaton,"U.S. Representative, District 1",1,DEM,NATHAN C. RUSSO,28,0,24,4,0
Brantley,Atkinson,"U.S. Representative, District 1",1,DEM,NATHAN C. RUSSO,39,1,21,17,0
Brantley,Waynesville,"U.S. Representative, District 1",1,DEM,NATHAN C. RUSSO,57,1,40,16,0
Brantley,Hortense,"U.S. Representative, District 1",1,DEM,NATHAN C. RUSSO,49,0,36,13,0
Brantley,Hickox,"U.S. Representative, District 1",1,DEM,NATHAN C. RUSSO,80,2,58,20,0
Brantley,Hoboken,"U.S. Representative, District 1",1,DEM,NATHAN C. RUSSO,83,1,65,17,0
Brantley,Schlatterville,"U.S. Representative, District 1",1,DEM,NATHAN C. RUSSO,27,0,27,0,0
Brantley,Calvary,"U.S. Representative, District 1",1,DEM,NATHAN C. RUSSO,60,2,54,4,0
Brantley,Nahunta,"U.S. Representative, District 1",1,DEM,NATHAN C. RUSSO,116,4,72,40,0
Brantley,,"State Senator, District 3",3,REP,WILLIAM LIGON JR.(I),1633,25,1330,278,0
Brantley,Lulaton,"State Senator, District 3",3,REP,WILLIAM LIGON JR.(I),92,2,69,21,0
Brantley,Atkinson,"State Senator, District 3",3,REP,WILLIAM LIGON JR.(I),199,0,175,24,0
Brantley,Waynesville,"State Senator, District 3",3,REP,WILLIAM LIGON JR.(I),315,8,261,46,0
Brantley,Hortense,"State Senator, District 3",3,REP,WILLIAM LIGON JR.(I),160,0,134,26,0
Brantley,Hickox,"State Senator, District 3",3,REP,WILLIAM LIGON JR.(I),141,5,112,24,0
Brantley,Hoboken,"State Senator, District 3",3,REP,WILLIAM LIGON JR.(I),180,1,146,33,0
Brantley,Schlatterville,"State Senator, District 3",3,REP,WILLIAM LIGON JR.(I),108,0,97,11,0
Brantley,Calvary,"State Senator, District 3",3,REP,WILLIAM LIGON JR.(I),217,2,194,21,0
Brantley,Nahunta,"State Senator, District 3",3,REP,WILLIAM LIGON JR.(I),221,7,142,72,0
Brantley,,"State Representative, District 178",178,REP,CHAD NIMMER (I),1714,28,1387,299,0
Brantley,Lulaton,"State Representative, District 178",178,REP,CHAD NIMMER (I),93,1,69,23,0
Brantley,Atkinson,"State Representative, District 178",178,REP,CHAD NIMMER (I),194,0,172,22,0
Brantley,Waynesville,"State Representative, District 178",178,REP,CHAD NIMMER (I),306,8,254,44,0
Brantley,Hortense,"State Representative, District 178",178,REP,CHAD NIMMER (I),168,0,143,25,0
Brantley,Hickox,"State Representative, District 178",178,REP,CHAD NIMMER (I),163,7,122,34,0
Brantley,Hoboken,"State Representative, District 178",178,REP,CHAD NIMMER (I),193,1,152,40,0
Brantley,Schlatterville,"State Representative, District 178",178,REP,CHAD NIMMER (I),127,0,114,13,0
Brantley,Calvary,"State Representative, District 178",178,REP,CHAD NIMMER (I),237,4,211,22,0
Brantley,Nahunta,"State Representative, District 178",178,REP,CHAD NIMMER (I),233,7,150,76,0
Brantley,,"CLERK, SUPERIOR COURT", SUPERIOR COURT - R,,"M ANTHONY ""TONY"" HAM",1252,16,1073,163,0
Brantley,Lulaton,"CLERK, SUPERIOR COURT", SUPERIOR COURT - R,,"M ANTHONY ""TONY"" HAM",67,1,53,13,0
Brantley,Atkinson,"CLERK, SUPERIOR COURT", SUPERIOR COURT - R,,"M ANTHONY ""TONY"" HAM",164,0,149,15,0
Brantley,Waynesville,"CLERK, SUPERIOR COURT", SUPERIOR COURT - R,,"M ANTHONY ""TONY"" HAM",271,6,234,31,0
Brantley,Hortense,"CLERK, SUPERIOR COURT", SUPERIOR COURT - R,,"M ANTHONY ""TONY"" HAM",116,0,106,10,0
Brantley,Hickox,"CLERK, SUPERIOR COURT", SUPERIOR COURT - R,,"M ANTHONY ""TONY"" HAM",114,5,91,18,0
Brantley,Hoboken,"CLERK, SUPERIOR COURT", SUPERIOR COURT - R,,"M ANTHONY ""TONY"" HAM",112,0,92,20,0
Brantley,Schlatterville,"CLERK, SUPERIOR COURT", SUPERIOR COURT - R,,"M ANTHONY ""TONY"" HAM",74,0,70,4,0
Brantley,Calvary,"CLERK, SUPERIOR COURT", SUPERIOR COURT - R,,"M ANTHONY ""TONY"" HAM",185,2,174,9,0
Brantley,Nahunta,"CLERK, SUPERIOR COURT", SUPERIOR COURT - R,,"M ANTHONY ""TONY"" HAM",149,2,104,43,0
Brantley,,"CLERK, SUPERIOR COURT", SUPERIOR COURT - D,,LERA C. CREWS ,982,19,749,214,0
Brantley,Lulaton,"CLERK, SUPERIOR COURT", SUPERIOR COURT - D,,LERA C. CREWS ,45,1,29,15,0
Brantley,Atkinson,"CLERK, SUPERIOR COURT", SUPERIOR COURT - D,,LERA C. CREWS ,64,1,43,20,0
Brantley,Waynesville,"CLERK, SUPERIOR COURT", SUPERIOR COURT - D,,LERA C. CREWS ,84,2,64,18,0
Brantley,Hortense,"CLERK, SUPERIOR COURT", SUPERIOR COURT - D,,LERA C. CREWS ,55,0,42,13,0
Brantley,Hickox,"CLERK, SUPERIOR COURT", SUPERIOR COURT - D,,LERA C. CREWS ,102,0,82,20,0
Brantley,Hoboken,"CLERK, SUPERIOR COURT", SUPERIOR COURT - D,,LERA C. CREWS ,183,3,149,31,0
Brantley,Schlatterville,"CLERK, SUPERIOR COURT", SUPERIOR COURT - D,,LERA C. CREWS ,71,0,60,11,0
Brantley,Calvary,"CLERK, SUPERIOR COURT", SUPERIOR COURT - D,,LERA C. CREWS ,163,4,147,12,0
Brantley,Nahunta,"CLERK, SUPERIOR COURT", SUPERIOR COURT - D,,LERA C. CREWS ,215,8,133,74,0
Brantley,,"CLERK, SUPERIOR COURT", SUPERIOR COURT - D,,ANDY RIGGINS,614,9,415,189,1
Brantley,Lulaton,"CLERK, SUPERIOR COURT", SUPERIOR COURT - D,,ANDY RIGGINS,40,0,30,10,0
Brantley,Atkinson,"CLERK, SUPERIOR COURT", SUPERIOR COURT - D,,ANDY RIGGINS,38,1,20,17,0
Brantley,Waynesville,"CLERK, SUPERIOR COURT", SUPERIOR COURT - D,,ANDY RIGGINS,47,1,36,10,0
Brantley,Hortense,"CLERK, SUPERIOR COURT", SUPERIOR COURT - D,,ANDY RIGGINS,77,0,53,23,1
Brantley,Hickox,"CLERK, SUPERIOR COURT", SUPERIOR COURT - D,,ANDY RIGGINS,112,2,72,38,0
Brantley,Hoboken,"CLERK, SUPERIOR COURT", SUPERIOR COURT - D,,ANDY RIGGINS,67,2,49,16,0
Brantley,Schlatterville,"CLERK, SUPERIOR COURT", SUPERIOR COURT - D,,ANDY RIGGINS,19,0,18,1,0
Brantley,Calvary,"CLERK, SUPERIOR COURT", SUPERIOR COURT - D,,ANDY RIGGINS,57,0,52,5,0
Brantley,Nahunta,"CLERK, SUPERIOR COURT", SUPERIOR COURT - D,,ANDY RIGGINS,157,3,85,69,0
Brantley,,SHERIFF,,,ROBERT W. JOHNS,699,15,557,127,0
Brantley,Lulaton,SHERIFF,,,ROBERT W. JOHNS,50,1,37,12,0
Brantley,Atkinson,SHERIFF,,,ROBERT W. JOHNS,64,0,61,3,0
Brantley,Waynesville,SHERIFF,,,ROBERT W. JOHNS,94,6,75,13,0
Brantley,Hortense,SHERIFF,,,ROBERT W. JOHNS,82,0,73,9,0
Brantley,Hickox,SHERIFF,,,ROBERT W. JOHNS,86,3,62,21,0
Brantley,Hoboken,SHERIFF,,,ROBERT W. JOHNS,81,0,56,25,0
Brantley,Schlatterville,SHERIFF,,,ROBERT W. JOHNS,65,0,58,7,0
Brantley,Calvary,SHERIFF,,,ROBERT W. JOHNS,83,1,74,8,0
Brantley,Nahunta,SHERIFF,,,ROBERT W. JOHNS,94,4,61,29,0
Brantley,,SHERIFF,,,MICHAEL L. OWENS,352,5,272,74,1
Brantley,Lulaton,SHERIFF,,,MICHAEL L. OWENS,23,0,14,9,0
Brantley,Atkinson,SHERIFF,,,MICHAEL L. OWENS,80,0,71,9,0
Brantley,Waynesville,SHERIFF,,,MICHAEL L. OWENS,126,3,97,25,1
Brantley,Hortense,SHERIFF,,,MICHAEL L. OWENS,35,1,24,10,0
Brantley,Hickox,SHERIFF,,,MICHAEL L. OWENS,25,1,18,6,0
Brantley,Hoboken,SHERIFF,,,MICHAEL L. OWENS,8,0,7,1,0
Brantley,Schlatterville,SHERIFF,,,MICHAEL L. OWENS,11,0,7,4,0
Brantley,Calvary,SHERIFF,,,MICHAEL L. OWENS,18,0,16,2,0
Brantley,Nahunta,SHERIFF,,,MICHAEL L. OWENS,26,0,18,8,0
Brantley,,SHERIFF,,,JACK WHISENANT,1001,16,806,179,0
Brantley,Lulaton,SHERIFF,,,JACK WHISENANT,40,1,34,5,0
Brantley,Atkinson,SHERIFF,,,JACK WHISENANT,94,0,78,16,0
Brantley,Waynesville,SHERIFF,,,JACK WHISENANT,162,2,140,20,0
Brantley,Hortense,SHERIFF,,,JACK WHISENANT,82,2,68,12,0
Brantley,Hickox,SHERIFF,,,JACK WHISENANT,80,3,63,14,0
Brantley,Hoboken,SHERIFF,,,JACK WHISENANT,170,1,140,29,0
Brantley,Schlatterville,SHERIFF,,,JACK WHISENANT,82,0,74,8,0
Brantley,Calvary,SHERIFF,,,JACK WHISENANT,128,3,113,12,0
Brantley,Nahunta,SHERIFF,,,JACK WHISENANT,163,4,96,63,0
Brantley,,SHERIFF,,,VINNIE CREWS,140,2,105,32,1
Brantley,Lulaton,SHERIFF,,,VINNIE CREWS,7,0,3,4,0
Brantley,Atkinson,SHERIFF,,,VINNIE CREWS,8,0,8,0,0
Brantley,Waynesville,SHERIFF,,,VINNIE CREWS,17,1,13,3,0
Brantley,Hortense,SHERIFF,,,VINNIE CREWS,24,0,20,3,1
Brantley,Hickox,SHERIFF,,,VINNIE CREWS,12,0,10,2,0
Brantley,Hoboken,SHERIFF,,,VINNIE CREWS,17,0,14,3,0
Brantley,Schlatterville,SHERIFF,,,VINNIE CREWS,7,0,7,0,0
Brantley,Calvary,SHERIFF,,,VINNIE CREWS,3,0,3,0,0
Brantley,Nahunta,SHERIFF,,,VINNIE CREWS,45,1,27,17,0
Brantley,,SHERIFF,,,LESTER J. DRURY,177,2,125,50,0
Brantley,Lulaton,SHERIFF,,,LESTER J. DRURY,20,1,10,9,0
Brantley,Atkinson,SHERIFF,,,LESTER J. DRURY,15,1,8,6,0
Brantley,Waynesville,SHERIFF,,,LESTER J. DRURY,42,0,33,9,0
Brantley,Hortense,SHERIFF,,,LESTER J. DRURY,23,0,16,7,0
Brantley,Hickox,SHERIFF,,,LESTER J. DRURY,18,0,13,5,0
Brantley,Hoboken,SHERIFF,,,LESTER J. DRURY,16,0,13,3,0
Brantley,Schlatterville,SHERIFF,,,LESTER J. DRURY,5,0,4,1,0
Brantley,Calvary,SHERIFF,,,LESTER J. DRURY,1,0,1,0,0
Brantley,Nahunta,SHERIFF,,,LESTER J. DRURY,37,0,27,10,0
Brantley,,SHERIFF,,,ROBERT C. THOMAS ,1265,23,945,297,0
Brantley,Lulaton,SHERIFF,,,ROBERT C. THOMAS ,58,0,45,13,0
Brantley,Atkinson,SHERIFF,,,ROBERT C. THOMAS ,73,1,41,31,0
Brantley,Waynesville,SHERIFF,,,ROBERT C. THOMAS ,73,2,59,12,0
Brantley,Hortense,SHERIFF,,,ROBERT C. THOMAS ,83,0,59,24,0
Brantley,Hickox,SHERIFF,,,ROBERT C. THOMAS ,191,3,140,48,0
Brantley,Hoboken,SHERIFF,,,ROBERT C. THOMAS ,218,5,176,37,0
Brantley,Schlatterville,SHERIFF,,,ROBERT C. THOMAS ,73,0,65,8,0
Brantley,Calvary,SHERIFF,,,ROBERT C. THOMAS ,212,2,196,14,0
Brantley,Nahunta,SHERIFF,,,ROBERT C. THOMAS ,284,10,164,110,0
Brantley,,TAX COMMISSIONER,,,PAT D. TOMPKINS ,1684,30,1352,302,0
Brantley,Lulaton,TAX COMMISSIONER,,,PAT D. TOMPKINS ,97,2,74,21,0
Brantley,Atkinson,TAX COMMISSIONER,,,PAT D. TOMPKINS ,199,0,173,26,0
Brantley,Waynesville,TAX COMMISSIONER,,,PAT D. TOMPKINS ,315,11,256,48,0
Brantley,Hortense,TAX COMMISSIONER,,,PAT D. TOMPKINS ,166,2,140,24,0
Brantley,Hickox,TAX COMMISSIONER,,,PAT D. TOMPKINS ,152,5,113,34,0
Brantley,Hoboken,TAX COMMISSIONER,,,PAT D. TOMPKINS ,182,1,141,40,0
Brantley,Schlatterville,TAX COMMISSIONER,,,PAT D. TOMPKINS ,126,0,114,12,0
Brantley,Calvary,TAX COMMISSIONER,,,PAT D. TOMPKINS ,212,2,192,18,0
Brantley,Nahunta,TAX COMMISSIONER,,,PAT D. TOMPKINS ,235,7,149,79,0
Brantley,,SURVEYOR,,,HARRY STRICKLAND ,1259,24,924,310,1
Brantley,Lulaton,SURVEYOR,,,HARRY STRICKLAND ,75,1,52,22,0
Brantley,Atkinson,SURVEYOR,,,HARRY STRICKLAND ,85,1,52,32,0
Brantley,Waynesville,SURVEYOR,,,HARRY STRICKLAND ,115,3,93,19,0
Brantley,Hortense,SURVEYOR,,,HARRY STRICKLAND ,111,0,81,29,1
Brantley,Hickox,SURVEYOR,,,HARRY STRICKLAND ,178,3,128,47,0
Brantley,Hoboken,SURVEYOR,,,HARRY STRICKLAND ,186,5,147,34,0
Brantley,Schlatterville,SURVEYOR,,,HARRY STRICKLAND ,67,0,61,6,0
Brantley,Calvary,SURVEYOR,,,HARRY STRICKLAND ,153,2,142,9,0
Brantley,Nahunta,SURVEYOR,,,HARRY STRICKLAND ,289,9,168,112,0
Brantley,,CORONER,,,RICHARD D. ROWELL,1544,26,1256,262,0
Brantley,Lulaton,CORONER,,,RICHARD D. ROWELL,76,1,56,19,0
Brantley,Atkinson,CORONER,,,RICHARD D. ROWELL,192,0,167,25,0
Brantley,Waynesville,CORONER,,,RICHARD D. ROWELL,286,10,240,36,0
Brantley,Hortense,CORONER,,,RICHARD D. ROWELL,151,2,127,22,0
Brantley,Hickox,CORONER,,,RICHARD D. ROWELL,115,4,87,24,0
Brantley,Hoboken,CORONER,,,RICHARD D. ROWELL,180,1,137,42,0
Brantley,Schlatterville,CORONER,,,RICHARD D. ROWELL,131,0,119,12,0
Brantley,Calvary,CORONER,,,RICHARD D. ROWELL,231,2,208,21,0
Brantley,Nahunta,CORONER,,,RICHARD D. ROWELL,182,6,115,61,0
Brantley,,CORONER,,,RICHARD FOX ,1118,22,814,282,0
Brantley,Lulaton,CORONER,,,RICHARD FOX ,70,1,51,18,0
Brantley,Atkinson,CORONER,,,RICHARD FOX ,83,2,48,33,0
Brantley,Waynesville,CORONER,,,RICHARD FOX ,116,2,93,21,0
Brantley,Hortense,CORONER,,,RICHARD FOX ,90,0,66,24,0
Brantley,Hickox,CORONER,,,RICHARD FOX ,168,3,123,42,0
Brantley,Hoboken,CORONER,,,RICHARD FOX ,166,5,133,28,0
Brantley,Schlatterville,CORONER,,,RICHARD FOX ,50,0,44,6,0
Brantley,Calvary,CORONER,,,RICHARD FOX ,112,0,105,7,0
Brantley,Nahunta,CORONER,,,RICHARD FOX ,263,9,151,103,0
Brantley,,"CC, P1", P1 - R,,CHARLIE SUMMERLIN,1416,20,1172,224,0
Brantley,Lulaton,"CC, P1", P1 - R,,CHARLIE SUMMERLIN,81,1,62,18,0
Brantley,Atkinson,"CC, P1", P1 - R,,CHARLIE SUMMERLIN,177,0,159,18,0
Brantley,Waynesville,"CC, P1", P1 - R,,CHARLIE SUMMERLIN,276,9,230,37,0
Brantley,Hortense,"CC, P1", P1 - R,,CHARLIE SUMMERLIN,132,0,112,20,0
Brantley,Hickox,"CC, P1", P1 - R,,CHARLIE SUMMERLIN,102,2,80,20,0
Brantley,Hoboken,"CC, P1", P1 - R,,CHARLIE SUMMERLIN,154,1,126,27,0
Brantley,Schlatterville,"CC, P1", P1 - R,,CHARLIE SUMMERLIN,115,0,103,12,0
Brantley,Calvary,"CC, P1", P1 - R,,CHARLIE SUMMERLIN,215,2,192,21,0
Brantley,Nahunta,"CC, P1", P1 - R,,CHARLIE SUMMERLIN,164,5,108,51,0
Brantley,,"CC, P1", P1 - D,,RONALD E. HAM ,1073,18,807,247,1
Brantley,Lulaton,"CC, P1", P1 - D,,RONALD E. HAM ,63,0,47,16,0
Brantley,Atkinson,"CC, P1", P1 - D,,RONALD E. HAM ,61,2,41,18,0
Brantley,Waynesville,"CC, P1", P1 - D,,RONALD E. HAM ,105,1,90,14,0
Brantley,Hortense,"CC, P1", P1 - D,,RONALD E. HAM ,89,0,71,17,1
Brantley,Hickox,"CC, P1", P1 - D,,RONALD E. HAM ,147,3,102,42,0
Brantley,Hoboken,"CC, P1", P1 - D,,RONALD E. HAM ,151,3,120,28,0
Brantley,Schlatterville,"CC, P1", P1 - D,,RONALD E. HAM ,52,0,48,4,0
Brantley,Calvary,"CC, P1", P1 - D,,RONALD E. HAM ,154,2,141,11,0
Brantley,Nahunta,"CC, P1", P1 - D,,RONALD E. HAM ,251,7,147,97,0
Brantley,,"CC, P2", P2 - R,,WILLIAM O'QUINN ,969,20,769,180,0
Brantley,Lulaton,"CC, P2", P2 - R,,WILLIAM O'QUINN ,45,2,32,11,0
Brantley,Atkinson,"CC, P2", P2 - R,,WILLIAM O'QUINN ,89,0,79,10,0
Brantley,Waynesville,"CC, P2", P2 - R,,WILLIAM O'QUINN ,150,4,118,28,0
Brantley,Hortense,"CC, P2", P2 - R,,WILLIAM O'QUINN ,82,1,73,8,0
Brantley,Hickox,"CC, P2", P2 - R,,WILLIAM O'QUINN ,109,5,78,26,0
Brantley,Hoboken,"CC, P2", P2 - R,,WILLIAM O'QUINN ,120,0,91,29,0
Brantley,Schlatterville,"CC, P2", P2 - R,,WILLIAM O'QUINN ,73,0,68,5,0
Brantley,Calvary,"CC, P2", P2 - R,,WILLIAM O'QUINN ,146,3,131,12,0
Brantley,Nahunta,"CC, P2", P2 - R,,WILLIAM O'QUINN ,155,5,99,51,0
Brantley,,"CC, P2", P2 - R,,JAMES SPRADLEY,980,16,783,181,0
Brantley,Lulaton,"CC, P2", P2 - R,,JAMES SPRADLEY,67,0,52,15,0
Brantley,Atkinson,"CC, P2", P2 - R,,JAMES SPRADLEY,139,0,121,18,0
Brantley,Waynesville,"CC, P2", P2 - R,,JAMES SPRADLEY,195,7,164,24,0
Brantley,Hortense,"CC, P2", P2 - R,,JAMES SPRADLEY,91,2,73,16,0
Brantley,Hickox,"CC, P2", P2 - R,,JAMES SPRADLEY,79,2,61,16,0
Brantley,Hoboken,"CC, P2", P2 - R,,JAMES SPRADLEY,107,1,84,22,0
Brantley,Schlatterville,"CC, P2", P2 - R,,JAMES SPRADLEY,73,0,60,13,0
Brantley,Calvary,"CC, P2", P2 - R,,JAMES SPRADLEY,108,1,94,13,0
Brantley,Nahunta,"CC, P2", P2 - R,,JAMES SPRADLEY,121,3,74,44,0
Brantley,,"CC, P2", P2 - D,,JESSE MOBLEY,772,14,579,179,0
Brantley,Lulaton,"CC, P2", P2 - D,,JESSE MOBLEY,51,0,37,14,0
Brantley,Atkinson,"CC, P2", P2 - D,,JESSE MOBLEY,69,1,47,21,0
Brantley,Waynesville,"CC, P2", P2 - D,,JESSE MOBLEY,95,2,76,17,0
Brantley,Hortense,"CC, P2", P2 - D,,JESSE MOBLEY,68,0,50,18,0
Brantley,Hickox,"CC, P2", P2 - D,,JESSE MOBLEY,92,2,67,23,0
Brantley,Hoboken,"CC, P2", P2 - D,,JESSE MOBLEY,115,4,90,21,0
Brantley,Schlatterville,"CC, P2", P2 - D,,JESSE MOBLEY,42,0,41,1,0
Brantley,Calvary,"CC, P2", P2 - D,,JESSE MOBLEY,89,0,83,6,0
Brantley,Nahunta,"CC, P2", P2 - D,,JESSE MOBLEY,151,5,88,58,0
Brantley,,"CC, P3", P3 - R,,MICHAEL E. EDGY ,1210,22,978,210,0
Brantley,Lulaton,"CC, P3", P3 - R,,MICHAEL E. EDGY ,59,2,45,12,0
Brantley,Atkinson,"CC, P3", P3 - R,,MICHAEL E. EDGY ,147,0,131,16,0
Brantley,Waynesville,"CC, P3", P3 - R,,MICHAEL E. EDGY ,267,6,222,39,0
Brantley,Hortense,"CC, P3", P3 - R,,MICHAEL E. EDGY ,105,3,88,14,0
Brantley,Hickox,"CC, P3", P3 - R,,MICHAEL E. EDGY ,109,4,85,20,0
Brantley,Hoboken,"CC, P3", P3 - R,,MICHAEL E. EDGY ,113,0,85,28,0
Brantley,Schlatterville,"CC, P3", P3 - R,,MICHAEL E. EDGY ,88,0,80,8,0
Brantley,Calvary,"CC, P3", P3 - R,,MICHAEL E. EDGY ,166,1,148,17,0
Brantley,Nahunta,"CC, P3", P3 - R,,MICHAEL E. EDGY ,156,6,94,56,0
Brantley,,"CC, P3", P3 - R,,STAFFORD JONES,785,12,607,166,0
Brantley,Lulaton,"CC, P3", P3 - R,,STAFFORD JONES,52,0,40,12,0
Brantley,Atkinson,"CC, P3", P3 - R,,STAFFORD JONES,88,0,76,12,0
Brantley,Waynesville,"CC, P3", P3 - R,,STAFFORD JONES,100,5,78,17,0
Brantley,Hortense,"CC, P3", P3 - R,,STAFFORD JONES,73,0,57,16,0
Brantley,Hickox,"CC, P3", P3 - R,,STAFFORD JONES,77,3,54,20,0
Brantley,Hoboken,"CC, P3", P3 - R,,STAFFORD JONES,126,1,101,24,0
Brantley,Schlatterville,"CC, P3", P3 - R,,STAFFORD JONES,63,0,53,10,0
Brantley,Calvary,"CC, P3", P3 - R,,STAFFORD JONES,84,1,74,9,0
Brantley,Nahunta,"CC, P3", P3 - R,,STAFFORD JONES,122,2,74,46,0
Brantley,,Republican Party Question 1<br>Should Georgia have casino gambling with funds going to education?,,REP,YES,921,11,746,164,0
Brantley,Lulaton,Republican Party Question 1<br>Should Georgia have casino gambling with funds going to education?,,REP,YES,65,2,49,14,0
Brantley,Atkinson,Republican Party Question 1<br>Should Georgia have casino gambling with funds going to education?,,REP,YES,134,0,123,11,0
Brantley,Waynesville,Republican Party Question 1<br>Should Georgia have casino gambling with funds going to education?,,REP,YES,191,5,153,33,0
Brantley,Hortense,Republican Party Question 1<br>Should Georgia have casino gambling with funds going to education?,,REP,YES,65,1,58,6,0
Brantley,Hickox,Republican Party Question 1<br>Should Georgia have casino gambling with funds going to education?,,REP,YES,70,0,51,19,0
Brantley,Hoboken,Republican Party Question 1<br>Should Georgia have casino gambling with funds going to education?,,REP,YES,91,0,72,19,0
Brantley,Schlatterville,Republican Party Question 1<br>Should Georgia have casino gambling with funds going to education?,,REP,YES,62,0,52,10,0
Brantley,Calvary,Republican Party Question 1<br>Should Georgia have casino gambling with funds going to education?,,REP,YES,119,1,110,8,0
Brantley,Nahunta,Republican Party Question 1<br>Should Georgia have casino gambling with funds going to education?,,REP,YES,124,2,78,44,0
Brantley,,Republican Party Question 1<br>Should Georgia have casino gambling with funds going to education?,,REP,NO,1232,25,980,227,0
Brantley,Lulaton,Republican Party Question 1<br>Should Georgia have casino gambling with funds going to education?,,REP,NO,51,0,39,12,0
Brantley,Atkinson,Republican Party Question 1<br>Should Georgia have casino gambling with funds going to education?,,REP,NO,115,0,98,17,0
Brantley,Waynesville,Republican Party Question 1<br>Should Georgia have casino gambling with funds going to education?,,REP,NO,191,6,159,26,0
Brantley,Hortense,Republican Party Question 1<br>Should Georgia have casino gambling with funds going to education?,,REP,NO,134,2,107,25,0
Brantley,Hickox,Republican Party Question 1<br>Should Georgia have casino gambling with funds going to education?,,REP,NO,140,7,110,23,0
Brantley,Hoboken,Republican Party Question 1<br>Should Georgia have casino gambling with funds going to education?,,REP,NO,169,1,133,35,0
Brantley,Schlatterville,Republican Party Question 1<br>Should Georgia have casino gambling with funds going to education?,,REP,NO,98,0,89,9,0
Brantley,Calvary,Republican Party Question 1<br>Should Georgia have casino gambling with funds going to education?,,REP,NO,166,3,143,20,0
Brantley,Nahunta,Republican Party Question 1<br>Should Georgia have casino gambling with funds going to education?,,REP,NO,168,6,102,60,0
Brantley,,Republican Party Question 2<br>Do you support ending the current practice of unlimited gifts from lobbyists to state legislators by imposing a $100 cap on such gifts?,,REP,YES,1720,30,1384,306,0
Brantley,Lulaton,Republican Party Question 2<br>Do you support ending the current practice of unlimited gifts from lobbyists to state legislators by imposing a $100 cap on such gifts?,,REP,YES,93,2,71,20,0
Brantley,Atkinson,Republican Party Question 2<br>Do you support ending the current practice of unlimited gifts from lobbyists to state legislators by imposing a $100 cap on such gifts?,,REP,YES,207,0,183,24,0
Brantley,Waynesville,Republican Party Question 2<br>Do you support ending the current practice of unlimited gifts from lobbyists to state legislators by imposing a $100 cap on such gifts?,,REP,YES,312,10,254,48,0
Brantley,Hortense,Republican Party Question 2<br>Do you support ending the current practice of unlimited gifts from lobbyists to state legislators by imposing a $100 cap on such gifts?,,REP,YES,164,3,136,25,0
Brantley,Hickox,Republican Party Question 2<br>Do you support ending the current practice of unlimited gifts from lobbyists to state legislators by imposing a $100 cap on such gifts?,,REP,YES,160,6,121,33,0
Brantley,Hoboken,Republican Party Question 2<br>Do you support ending the current practice of unlimited gifts from lobbyists to state legislators by imposing a $100 cap on such gifts?,,REP,YES,188,0,149,39,0
Brantley,Schlatterville,Republican Party Question 2<br>Do you support ending the current practice of unlimited gifts from lobbyists to state legislators by imposing a $100 cap on such gifts?,,REP,YES,127,0,114,13,0
Brantley,Calvary,Republican Party Question 2<br>Do you support ending the current practice of unlimited gifts from lobbyists to state legislators by imposing a $100 cap on such gifts?,,REP,YES,233,3,207,23,0
Brantley,Nahunta,Republican Party Question 2<br>Do you support ending the current practice of unlimited gifts from lobbyists to state legislators by imposing a $100 cap on such gifts?,,REP,YES,236,6,149,81,0
Brantley,,Republican Party Question 2<br>Do you support ending the current practice of unlimited gifts from lobbyists to state legislators by imposing a $100 cap on such gifts?,,REP,NO,357,5,275,77,0
Brantley,Lulaton,Republican Party Question 2<br>Do you support ending the current practice of unlimited gifts from lobbyists to state legislators by imposing a $100 cap on such gifts?,,REP,NO,21,0,15,6,0
Brantley,Atkinson,Republican Party Question 2<br>Do you support ending the current practice of unlimited gifts from lobbyists to state legislators by imposing a $100 cap on such gifts?,,REP,NO,39,0,35,4,0
Brantley,Waynesville,Republican Party Question 2<br>Do you support ending the current practice of unlimited gifts from lobbyists to state legislators by imposing a $100 cap on such gifts?,,REP,NO,65,0,55,10,0
Brantley,Hortense,Republican Party Question 2<br>Do you support ending the current practice of unlimited gifts from lobbyists to state legislators by imposing a $100 cap on such gifts?,,REP,NO,24,0,22,2,0
Brantley,Hickox,Republican Party Question 2<br>Do you support ending the current practice of unlimited gifts from lobbyists to state legislators by imposing a $100 cap on such gifts?,,REP,NO,37,1,26,10,0
Brantley,Hoboken,Republican Party Question 2<br>Do you support ending the current practice of unlimited gifts from lobbyists to state legislators by imposing a $100 cap on such gifts?,,REP,NO,60,1,46,13,0
Brantley,Schlatterville,Republican Party Question 2<br>Do you support ending the current practice of unlimited gifts from lobbyists to state legislators by imposing a $100 cap on such gifts?,,REP,NO,22,0,17,5,0
Brantley,Calvary,Republican Party Question 2<br>Do you support ending the current practice of unlimited gifts from lobbyists to state legislators by imposing a $100 cap on such gifts?,,REP,NO,40,1,34,5,0
Brantley,Nahunta,Republican Party Question 2<br>Do you support ending the current practice of unlimited gifts from lobbyists to state legislators by imposing a $100 cap on such gifts?,,REP,NO,49,2,25,22,0
Brantley,,Republican Party Question 3<br>Should active duty military personnel who are under the age of 21 be allowed to obtain a Georgia weapons license?,,REP,YES,1523,24,1233,266,0
Brantley,Lulaton,Republican Party Question 3<br>Should active duty military personnel who are under the age of 21 be allowed to obtain a Georgia weapons license?,,REP,YES,84,1,64,19,0
Brantley,Atkinson,Republican Party Question 3<br>Should active duty military personnel who are under the age of 21 be allowed to obtain a Georgia weapons license?,,REP,YES,188,0,167,21,0
Brantley,Waynesville,Republican Party Question 3<br>Should active duty military personnel who are under the age of 21 be allowed to obtain a Georgia weapons license?,,REP,YES,277,8,231,38,0
Brantley,Hortense,Republican Party Question 3<br>Should active duty military personnel who are under the age of 21 be allowed to obtain a Georgia weapons license?,,REP,YES,140,0,119,21,0
Brantley,Hickox,Republican Party Question 3<br>Should active duty military personnel who are under the age of 21 be allowed to obtain a Georgia weapons license?,,REP,YES,147,7,110,30,0
Brantley,Hoboken,Republican Party Question 3<br>Should active duty military personnel who are under the age of 21 be allowed to obtain a Georgia weapons license?,,REP,YES,172,0,137,35,0
Brantley,Schlatterville,Republican Party Question 3<br>Should active duty military personnel who are under the age of 21 be allowed to obtain a Georgia weapons license?,,REP,YES,122,0,104,18,0
Brantley,Calvary,Republican Party Question 3<br>Should active duty military personnel who are under the age of 21 be allowed to obtain a Georgia weapons license?,,REP,YES,202,4,180,18,0
Brantley,Nahunta,Republican Party Question 3<br>Should active duty military personnel who are under the age of 21 be allowed to obtain a Georgia weapons license?,,REP,YES,191,4,121,66,0
Brantley,,Republican Party Question 3<br>Should active duty military personnel who are under the age of 21 be allowed to obtain a Georgia weapons license?,,REP,NO,613,11,472,130,0
Brantley,Lulaton,Republican Party Question 3<br>Should active duty military personnel who are under the age of 21 be allowed to obtain a Georgia weapons license?,,REP,NO,29,1,20,8,0
Brantley,Atkinson,Republican Party Question 3<br>Should active duty military personnel who are under the age of 21 be allowed to obtain a Georgia weapons license?,,REP,NO,59,0,52,7,0
Brantley,Waynesville,Republican Party Question 3<br>Should active duty military personnel who are under the age of 21 be allowed to obtain a Georgia weapons license?,,REP,NO,105,3,83,19,0
Brantley,Hortense,Republican Party Question 3<br>Should active duty military personnel who are under the age of 21 be allowed to obtain a Georgia weapons license?,,REP,NO,54,2,43,9,0
Brantley,Hickox,Republican Party Question 3<br>Should active duty military personnel who are under the age of 21 be allowed to obtain a Georgia weapons license?,,REP,NO,62,0,48,14,0
Brantley,Hoboken,Republican Party Question 3<br>Should active duty military personnel who are under the age of 21 be allowed to obtain a Georgia weapons license?,,REP,NO,81,1,61,19,0
Brantley,Schlatterville,Republican Party Question 3<br>Should active duty military personnel who are under the age of 21 be allowed to obtain a Georgia weapons license?,,REP,NO,38,0,37,1,0
Brantley,Calvary,Republican Party Question 3<br>Should active duty military personnel who are under the age of 21 be allowed to obtain a Georgia weapons license?,,REP,NO,80,0,69,11,0
Brantley,Nahunta,Republican Party Question 3<br>Should active duty military personnel who are under the age of 21 be allowed to obtain a Georgia weapons license?,,REP,NO,105,4,59,42,0
Brantley,,Republican Party Question 4<br>Should Citizens who wish to vote in a primary election be required to register by their political party affiliation at least thirty (30) days prior to such primary election?,,REP,YES,933,14,730,189,0
Brantley,Lulaton,Republican Party Question 4<br>Should Citizens who wish to vote in a primary election be required to register by their political party affiliation at least thirty (30) days prior to such primary election?,,REP,YES,49,1,35,13,0
Brantley,Atkinson,Republican Party Question 4<br>Should Citizens who wish to vote in a primary election be required to register by their political party affiliation at least thirty (30) days prior to such primary election?,,REP,YES,105,0,89,16,0
Brantley,Waynesville,Republican Party Question 4<br>Should Citizens who wish to vote in a primary election be required to register by their political party affiliation at least thirty (30) days prior to such primary election?,,REP,YES,169,5,137,27,0
Brantley,Hortense,Republican Party Question 4<br>Should Citizens who wish to vote in a primary election be required to register by their political party affiliation at least thirty (30) days prior to such primary election?,,REP,YES,83,1,69,13,0
Brantley,Hickox,Republican Party Question 4<br>Should Citizens who wish to vote in a primary election be required to register by their political party affiliation at least thirty (30) days prior to such primary election?,,REP,YES,87,1,68,18,0
Brantley,Hoboken,Republican Party Question 4<br>Should Citizens who wish to vote in a primary election be required to register by their political party affiliation at least thirty (30) days prior to such primary election?,,REP,YES,111,1,81,29,0
Brantley,Schlatterville,Republican Party Question 4<br>Should Citizens who wish to vote in a primary election be required to register by their political party affiliation at least thirty (30) days prior to such primary election?,,REP,YES,68,0,57,11,0
Brantley,Calvary,Republican Party Question 4<br>Should Citizens who wish to vote in a primary election be required to register by their political party affiliation at least thirty (30) days prior to such primary election?,,REP,YES,132,3,117,12,0
Brantley,Nahunta,Republican Party Question 4<br>Should Citizens who wish to vote in a primary election be required to register by their political party affiliation at least thirty (30) days prior to such primary election?,,REP,YES,129,2,77,50,0
Brantley,,Republican Party Question 4<br>Should Citizens who wish to vote in a primary election be required to register by their political party affiliation at least thirty (30) days prior to such primary election?,,REP,NO,1134,21,916,197,0
Brantley,Lulaton,Republican Party Question 4<br>Should Citizens who wish to vote in a primary election be required to register by their political party affiliation at least thirty (30) days prior to such primary election?,,REP,NO,63,1,49,13,0
Brantley,Atkinson,Republican Party Question 4<br>Should Citizens who wish to vote in a primary election be required to register by their political party affiliation at least thirty (30) days prior to such primary election?,,REP,NO,137,0,125,12,0
Brantley,Waynesville,Republican Party Question 4<br>Should Citizens who wish to vote in a primary election be required to register by their political party affiliation at least thirty (30) days prior to such primary election?,,REP,NO,202,6,166,30,0
Brantley,Hortense,Republican Party Question 4<br>Should Citizens who wish to vote in a primary election be required to register by their political party affiliation at least thirty (30) days prior to such primary election?,,REP,NO,111,1,92,18,0
Brantley,Hickox,Republican Party Question 4<br>Should Citizens who wish to vote in a primary election be required to register by their political party affiliation at least thirty (30) days prior to such primary election?,,REP,NO,113,6,82,25,0
Brantley,Hoboken,Republican Party Question 4<br>Should Citizens who wish to vote in a primary election be required to register by their political party affiliation at least thirty (30) days prior to such primary election?,,REP,NO,134,0,111,23,0
Brantley,Schlatterville,Republican Party Question 4<br>Should Citizens who wish to vote in a primary election be required to register by their political party affiliation at least thirty (30) days prior to such primary election?,,REP,NO,81,0,73,8,0
Brantley,Calvary,Republican Party Question 4<br>Should Citizens who wish to vote in a primary election be required to register by their political party affiliation at least thirty (30) days prior to such primary election?,,REP,NO,142,1,128,13,0
Brantley,Nahunta,Republican Party Question 4<br>Should Citizens who wish to vote in a primary election be required to register by their political party affiliation at least thirty (30) days prior to such primary election?,,REP,NO,151,6,90,55,0
Brantley,,Republican Party Question 5 <br>Life Amendment Question,,REP,YES,1521,25,1228,268,0
Brantley,Lulaton,Republican Party Question 5 <br>Life Amendment Question,,REP,YES,79,2,58,19,0
Brantley,Atkinson,Republican Party Question 5 <br>Life Amendment Question,,REP,YES,183,0,162,21,0
Brantley,Waynesville,Republican Party Question 5 <br>Life Amendment Question,,REP,YES,261,7,214,40,0
Brantley,Hortense,Republican Party Question 5 <br>Life Amendment Question,,REP,YES,143,0,119,24,0
Brantley,Hickox,Republican Party Question 5 <br>Life Amendment Question,,REP,YES,143,6,111,26,0
Brantley,Hoboken,Republican Party Question 5 <br>Life Amendment Question,,REP,YES,170,1,133,36,0
Brantley,Schlatterville,Republican Party Question 5 <br>Life Amendment Question,,REP,YES,104,0,87,17,0
Brantley,Calvary,Republican Party Question 5 <br>Life Amendment Question,,REP,YES,228,4,203,21,0
Brantley,Nahunta,Republican Party Question 5 <br>Life Amendment Question,,REP,YES,210,5,141,64,0
Brantley,,Republican Party Question 5 <br>Life Amendment Question,,REP,NO,482,8,374,100,0
Brantley,Lulaton,Republican Party Question 5 <br>Life Amendment Question,,REP,NO,30,0,23,7,0
Brantley,Atkinson,Republican Party Question 5 <br>Life Amendment Question,,REP,NO,58,0,51,7,0
Brantley,Waynesville,Republican Party Question 5 <br>Life Amendment Question,,REP,NO,108,4,89,15,0
Brantley,Hortense,Republican Party Question 5 <br>Life Amendment Question,,REP,NO,43,1,37,5,0
Brantley,Hickox,Republican Party Question 5 <br>Life Amendment Question,,REP,NO,40,1,25,14,0
Brantley,Hoboken,Republican Party Question 5 <br>Life Amendment Question,,REP,NO,61,0,47,14,0
Brantley,Schlatterville,Republican Party Question 5 <br>Life Amendment Question,,REP,NO,36,0,34,2,0
Brantley,Calvary,Republican Party Question 5 <br>Life Amendment Question,,REP,NO,42,0,37,5,0
Brantley,Nahunta,Republican Party Question 5 <br>Life Amendment Question,,REP,NO,64,2,31,31,0
Brantley,,Democratic Party Question 1<br>Should the Georgia Constitution be amended to allow the state to override locally-elected school boards’ decisions when it comes to the creation of charter schools in your county or city?,,DEM,YES,391,6,275,110,0
Brantley,Lulaton,Democratic Party Question 1<br>Should the Georgia Constitution be amended to allow the state to override locally-elected school boards’ decisions when it comes to the creation of charter schools in your county or city?,,DEM,YES,25,0,15,10,0
Brantley,Atkinson,Democratic Party Question 1<br>Should the Georgia Constitution be amended to allow the state to override locally-elected school boards’ decisions when it comes to the creation of charter schools in your county or city?,,DEM,YES,31,1,23,7,0
Brantley,Waynesville,Democratic Party Question 1<br>Should the Georgia Constitution be amended to allow the state to override locally-elected school boards’ decisions when it comes to the creation of charter schools in your county or city?,,DEM,YES,39,0,31,8,0
Brantley,Hortense,Democratic Party Question 1<br>Should the Georgia Constitution be amended to allow the state to override locally-elected school boards’ decisions when it comes to the creation of charter schools in your county or city?,,DEM,YES,30,0,23,7,0
Brantley,Hickox,Democratic Party Question 1<br>Should the Georgia Constitution be amended to allow the state to override locally-elected school boards’ decisions when it comes to the creation of charter schools in your county or city?,,DEM,YES,41,1,25,15,0
Brantley,Hoboken,Democratic Party Question 1<br>Should the Georgia Constitution be amended to allow the state to override locally-elected school boards’ decisions when it comes to the creation of charter schools in your county or city?,,DEM,YES,66,1,53,12,0
Brantley,Schlatterville,Democratic Party Question 1<br>Should the Georgia Constitution be amended to allow the state to override locally-elected school boards’ decisions when it comes to the creation of charter schools in your county or city?,,DEM,YES,11,0,11,0,0
Brantley,Calvary,Democratic Party Question 1<br>Should the Georgia Constitution be amended to allow the state to override locally-elected school boards’ decisions when it comes to the creation of charter schools in your county or city?,,DEM,YES,46,0,42,4,0
Brantley,Nahunta,Democratic Party Question 1<br>Should the Georgia Constitution be amended to allow the state to override locally-elected school boards’ decisions when it comes to the creation of charter schools in your county or city?,,DEM,YES,102,3,52,47,0
Brantley,,Democratic Party Question 1<br>Should the Georgia Constitution be amended to allow the state to override locally-elected school boards’ decisions when it comes to the creation of charter schools in your county or city?,,DEM,NO,1111,20,830,260,1
Brantley,Lulaton,Democratic Party Question 1<br>Should the Georgia Constitution be amended to allow the state to override locally-elected school boards’ decisions when it comes to the creation of charter schools in your county or city?,,DEM,NO,59,1,43,15,0
Brantley,Atkinson,Democratic Party Question 1<br>Should the Georgia Constitution be amended to allow the state to override locally-elected school boards’ decisions when it comes to the creation of charter schools in your county or city?,,DEM,NO,69,1,39,29,0
Brantley,Waynesville,Democratic Party Question 1<br>Should the Georgia Constitution be amended to allow the state to override locally-elected school boards’ decisions when it comes to the creation of charter schools in your county or city?,,DEM,NO,91,3,68,20,0
Brantley,Hortense,Democratic Party Question 1<br>Should the Georgia Constitution be amended to allow the state to override locally-elected school boards’ decisions when it comes to the creation of charter schools in your county or city?,,DEM,NO,98,0,71,26,1
Brantley,Hickox,Democratic Party Question 1<br>Should the Georgia Constitution be amended to allow the state to override locally-elected school boards’ decisions when it comes to the creation of charter schools in your county or city?,,DEM,NO,160,2,122,36,0
Brantley,Hoboken,Democratic Party Question 1<br>Should the Georgia Constitution be amended to allow the state to override locally-elected school boards’ decisions when it comes to the creation of charter schools in your county or city?,,DEM,NO,173,4,138,31,0
Brantley,Schlatterville,Democratic Party Question 1<br>Should the Georgia Constitution be amended to allow the state to override locally-elected school boards’ decisions when it comes to the creation of charter schools in your county or city?,,DEM,NO,67,0,57,10,0
Brantley,Calvary,Democratic Party Question 1<br>Should the Georgia Constitution be amended to allow the state to override locally-elected school boards’ decisions when it comes to the creation of charter schools in your county or city?,,DEM,NO,155,4,142,9,0
Brantley,Nahunta,Democratic Party Question 1<br>Should the Georgia Constitution be amended to allow the state to override locally-elected school boards’ decisions when it comes to the creation of charter schools in your county or city?,,DEM,NO,239,5,150,84,0
Brantley,,Democratic Party Question 2<br>Do you support ending current practice permitting unlimited gifts from lobbyists to state legislators?,,DEM,YES,1064,24,760,279,1
Brantley,Lulaton,Democratic Party Question 2<br>Do you support ending current practice permitting unlimited gifts from lobbyists to state legislators?,,DEM,YES,58,1,38,19,0
Brantley,Atkinson,Democratic Party Question 2<br>Do you support ending current practice permitting unlimited gifts from lobbyists to state legislators?,,DEM,YES,71,2,39,30,0
Brantley,Waynesville,Democratic Party Question 2<br>Do you support ending current practice permitting unlimited gifts from lobbyists to state legislators?,,DEM,YES,91,2,68,21,0
Brantley,Hortense,Democratic Party Question 2<br>Do you support ending current practice permitting unlimited gifts from lobbyists to state legislators?,,DEM,YES,98,0,74,23,1
Brantley,Hickox,Democratic Party Question 2<br>Do you support ending current practice permitting unlimited gifts from lobbyists to state legislators?,,DEM,YES,140,3,98,39,0
Brantley,Hoboken,Democratic Party Question 2<br>Do you support ending current practice permitting unlimited gifts from lobbyists to state legislators?,,DEM,YES,152,5,116,31,0
Brantley,Schlatterville,Democratic Party Question 2<br>Do you support ending current practice permitting unlimited gifts from lobbyists to state legislators?,,DEM,YES,61,0,56,5,0
Brantley,Calvary,Democratic Party Question 2<br>Do you support ending current practice permitting unlimited gifts from lobbyists to state legislators?,,DEM,YES,160,4,143,13,0
Brantley,Nahunta,Democratic Party Question 2<br>Do you support ending current practice permitting unlimited gifts from lobbyists to state legislators?,,DEM,YES,233,7,128,98,0
Brantley,,Democratic Party Question 2<br>Do you support ending current practice permitting unlimited gifts from lobbyists to state legislators?,,DEM,NO,454,2,355,97,0
Brantley,Lulaton,Democratic Party Question 2<br>Do you support ending current practice permitting unlimited gifts from lobbyists to state legislators?,,DEM,NO,23,0,18,5,0
Brantley,Atkinson,Democratic Party Question 2<br>Do you support ending current practice permitting unlimited gifts from lobbyists to state legislators?,,DEM,NO,28,0,22,6,0
Brantley,Waynesville,Democratic Party Question 2<br>Do you support ending current practice permitting unlimited gifts from lobbyists to state legislators?,,DEM,NO,39,1,34,4,0
Brantley,Hortense,Democratic Party Question 2<br>Do you support ending current practice permitting unlimited gifts from lobbyists to state legislators?,,DEM,NO,33,0,23,10,0
Brantley,Hickox,Democratic Party Question 2<br>Do you support ending current practice permitting unlimited gifts from lobbyists to state legislators?,,DEM,NO,65,0,50,15,0
Brantley,Hoboken,Democratic Party Question 2<br>Do you support ending current practice permitting unlimited gifts from lobbyists to state legislators?,,DEM,NO,91,0,75,16,0
Brantley,Schlatterville,Democratic Party Question 2<br>Do you support ending current practice permitting unlimited gifts from lobbyists to state legislators?,,DEM,NO,23,0,16,7,0
Brantley,Calvary,Democratic Party Question 2<br>Do you support ending current practice permitting unlimited gifts from lobbyists to state legislators?,,DEM,NO,39,0,37,2,0
Brantley,Nahunta,Democratic Party Question 2<br>Do you support ending current practice permitting unlimited gifts from lobbyists to state legislators?,,DEM,NO,113,1,80,32,0
Brantley,,Democratic Party Question 3<br>Should Georgia adopt an income tax credit for home energy costs to support the economic security of our families?,,DEM,YES,1003,19,739,244,1
Brantley,Lulaton,Democratic Party Question 3<br>Should Georgia adopt an income tax credit for home energy costs to support the economic security of our families?,,DEM,YES,61,1,43,17,0
Brantley,Atkinson,Democratic Party Question 3<br>Should Georgia adopt an income tax credit for home energy costs to support the economic security of our families?,,DEM,YES,66,1,45,20,0
Brantley,Waynesville,Democratic Party Question 3<br>Should Georgia adopt an income tax credit for home energy costs to support the economic security of our families?,,DEM,YES,94,1,77,16,0
Brantley,Hortense,Democratic Party Question 3<br>Should Georgia adopt an income tax credit for home energy costs to support the economic security of our families?,,DEM,YES,95,0,66,28,1
Brantley,Hickox,Democratic Party Question 3<br>Should Georgia adopt an income tax credit for home energy costs to support the economic security of our families?,,DEM,YES,113,3,78,32,0
Brantley,Hoboken,Democratic Party Question 3<br>Should Georgia adopt an income tax credit for home energy costs to support the economic security of our families?,,DEM,YES,158,4,129,25,0
Brantley,Schlatterville,Democratic Party Question 3<br>Should Georgia adopt an income tax credit for home energy costs to support the economic security of our families?,,DEM,YES,49,0,43,6,0
Brantley,Calvary,Democratic Party Question 3<br>Should Georgia adopt an income tax credit for home energy costs to support the economic security of our families?,,DEM,YES,134,4,120,10,0
Brantley,Nahunta,Democratic Party Question 3<br>Should Georgia adopt an income tax credit for home energy costs to support the economic security of our families?,,DEM,YES,233,5,138,90,0
Brantley,,Democratic Party Question 3<br>Should Georgia adopt an income tax credit for home energy costs to support the economic security of our families?,,DEM,NO,485,6,351,128,0
Brantley,Lulaton,Democratic Party Question 3<br>Should Georgia adopt an income tax credit for home energy costs to support the economic security of our families?,,DEM,NO,19,0,11,8,0
Brantley,Atkinson,Democratic Party Question 3<br>Should Georgia adopt an income tax credit for home energy costs to support the economic security of our families?,,DEM,NO,31,0,15,16,0
Brantley,Waynesville,Democratic Party Question 3<br>Should Georgia adopt an income tax credit for home energy costs to support the economic security of our families?,,DEM,NO,35,2,23,10,0
Brantley,Hortense,Democratic Party Question 3<br>Should Georgia adopt an income tax credit for home energy costs to support the economic security of our families?,,DEM,NO,36,0,31,5,0
Brantley,Hickox,Democratic Party Question 3<br>Should Georgia adopt an income tax credit for home energy costs to support the economic security of our families?,,DEM,NO,81,0,62,19,0
Brantley,Hoboken,Democratic Party Question 3<br>Should Georgia adopt an income tax credit for home energy costs to support the economic security of our families?,,DEM,NO,79,1,59,19,0
Brantley,Schlatterville,Democratic Party Question 3<br>Should Georgia adopt an income tax credit for home energy costs to support the economic security of our families?,,DEM,NO,33,0,27,6,0
Brantley,Calvary,Democratic Party Question 3<br>Should Georgia adopt an income tax credit for home energy costs to support the economic security of our families?,,DEM,NO,61,0,57,4,0
Brantley,Nahunta,Democratic Party Question 3<br>Should Georgia adopt an income tax credit for home energy costs to support the economic security of our families?,,DEM,NO,110,3,66,41,0
Brantley,,Democratic Party Question 4 <br>Should Georgia reduce sales taxes on Made in Georgia products so as to support the growth of small businesses in our state?,,DEM,YES,1321,21,976,323,1
Brantley,Lulaton,Democratic Party Question 4 <br>Should Georgia reduce sales taxes on Made in Georgia products so as to support the growth of small businesses in our state?,,DEM,YES,73,1,52,20,0
Brantley,Atkinson,Democratic Party Question 4 <br>Should Georgia reduce sales taxes on Made in Georgia products so as to support the growth of small businesses in our state?,,DEM,YES,88,1,58,29,0
Brantley,Waynesville,Democratic Party Question 4 <br>Should Georgia reduce sales taxes on Made in Georgia products so as to support the growth of small businesses in our state?,,DEM,YES,120,1,93,26,0
Brantley,Hortense,Democratic Party Question 4 <br>Should Georgia reduce sales taxes on Made in Georgia products so as to support the growth of small businesses in our state?,,DEM,YES,114,0,82,31,1
Brantley,Hickox,Democratic Party Question 4 <br>Should Georgia reduce sales taxes on Made in Georgia products so as to support the growth of small businesses in our state?,,DEM,YES,170,3,127,40,0
Brantley,Hoboken,Democratic Party Question 4 <br>Should Georgia reduce sales taxes on Made in Georgia products so as to support the growth of small businesses in our state?,,DEM,YES,194,5,155,34,0
Brantley,Schlatterville,Democratic Party Question 4 <br>Should Georgia reduce sales taxes on Made in Georgia products so as to support the growth of small businesses in our state?,,DEM,YES,69,0,59,10,0
Brantley,Calvary,Democratic Party Question 4 <br>Should Georgia reduce sales taxes on Made in Georgia products so as to support the growth of small businesses in our state?,,DEM,YES,190,4,170,16,0
Brantley,Nahunta,Democratic Party Question 4 <br>Should Georgia reduce sales taxes on Made in Georgia products so as to support the growth of small businesses in our state?,,DEM,YES,303,6,180,117,0
Brantley,,Democratic Party Question 4 <br>Should Georgia reduce sales taxes on Made in Georgia products so as to support the growth of small businesses in our state?,,DEM,NO,227,4,161,62,0
Brantley,Lulaton,Democratic Party Question 4 <br>Should Georgia reduce sales taxes on Made in Georgia products so as to support the growth of small businesses in our state?,,DEM,NO,11,0,6,5,0
Brantley,Atkinson,Democratic Party Question 4 <br>Should Georgia reduce sales taxes on Made in Georgia products so as to support the growth of small businesses in our state?,,DEM,NO,12,0,5,7,0
Brantley,Waynesville,Democratic Party Question 4 <br>Should Georgia reduce sales taxes on Made in Georgia products so as to support the growth of small businesses in our state?,,DEM,NO,14,2,9,3,0
Brantley,Hortense,Democratic Party Question 4 <br>Should Georgia reduce sales taxes on Made in Georgia products so as to support the growth of small businesses in our state?,,DEM,NO,21,0,18,3,0
Brantley,Hickox,Democratic Party Question 4 <br>Should Georgia reduce sales taxes on Made in Georgia products so as to support the growth of small businesses in our state?,,DEM,NO,40,0,25,15,0
Brantley,Hoboken,Democratic Party Question 4 <br>Should Georgia reduce sales taxes on Made in Georgia products so as to support the growth of small businesses in our state?,,DEM,NO,45,0,36,9,0
Brantley,Schlatterville,Democratic Party Question 4 <br>Should Georgia reduce sales taxes on Made in Georgia products so as to support the growth of small businesses in our state?,,DEM,NO,16,0,14,2,0
Brantley,Calvary,Democratic Party Question 4 <br>Should Georgia reduce sales taxes on Made in Georgia products so as to support the growth of small businesses in our state?,,DEM,NO,16,0,16,0,0
Brantley,Nahunta,Democratic Party Question 4 <br>Should Georgia reduce sales taxes on Made in Georgia products so as to support the growth of small businesses in our state?,,DEM,NO,52,2,32,18,0
Brantley,,Supreme Court Justice, Hunstein,,CAROL HUNSTEIN ,2425,38,1918,469,0
Brantley,Lulaton,Supreme Court Justice, Hunstein,,CAROL HUNSTEIN ,150,2,109,39,0
Brantley,Atkinson,Supreme Court Justice, Hunstein,,CAROL HUNSTEIN ,256,2,206,48,0
Brantley,Waynesville,Supreme Court Justice, Hunstein,,CAROL HUNSTEIN ,395,7,332,56,0
Brantley,Hortense,Supreme Court Justice, Hunstein,,CAROL HUNSTEIN ,202,0,167,35,0
Brantley,Hickox,Supreme Court Justice, Hunstein,,CAROL HUNSTEIN ,243,7,182,54,0
Brantley,Hoboken,Supreme Court Justice, Hunstein,,CAROL HUNSTEIN ,304,5,243,56,0
Brantley,Schlatterville,Supreme Court Justice, Hunstein,,CAROL HUNSTEIN ,157,0,141,16,0
Brantley,Calvary,Supreme Court Justice, Hunstein,,CAROL HUNSTEIN ,322,4,296,22,0
Brantley,Nahunta,Supreme Court Justice, Hunstein,,CAROL HUNSTEIN ,396,11,242,143,0
Brantley,,Supreme Court Justice, Hunstein,,Write-in,14,0,11,3,0
Brantley,Lulaton,Supreme Court Justice, Hunstein,,Write-in,0,0,0,0,0
Brantley,Atkinson,Supreme Court Justice, Hunstein,,Write-in,3,0,3,0,0
Brantley,Waynesville,Supreme Court Justice, Hunstein,,Write-in,1,0,1,0,0
Brantley,Hortense,Supreme Court Justice, Hunstein,,Write-in,2,0,2,0,0
Brantley,Hickox,Supreme Court Justice, Hunstein,,Write-in,3,0,2,1,0
Brantley,Hoboken,Supreme Court Justice, Hunstein,,Write-in,3,0,2,1,0
Brantley,Schlatterville,Supreme Court Justice, Hunstein,,Write-in,0,0,0,0,0
Brantley,Calvary,Supreme Court Justice, Hunstein,,Write-in,0,0,0,0,0
Brantley,Nahunta,Supreme Court Justice, Hunstein,,Write-in,2,0,1,1,0
Brantley,,Supreme Court Justice, Melton,,HAROLD D. MELTON ,2439,38,1937,464,0
Brantley,Lulaton,Supreme Court Justice, Melton,,HAROLD D. MELTON ,142,2,104,36,0
Brantley,Atkinson,Supreme Court Justice, Melton,,HAROLD D. MELTON ,260,1,211,48,0
Brantley,Waynesville,Supreme Court Justice, Melton,,HAROLD D. MELTON ,395,8,331,56,0
Brantley,Hortense,Supreme Court Justice, Melton,,HAROLD D. MELTON ,215,0,175,40,0
Brantley,Hickox,Supreme Court Justice, Melton,,HAROLD D. MELTON ,247,7,188,52,0
Brantley,Hoboken,Supreme Court Justice, Melton,,HAROLD D. MELTON ,309,5,247,57,0
Brantley,Schlatterville,Supreme Court Justice, Melton,,HAROLD D. MELTON ,157,0,142,15,0
Brantley,Calvary,Supreme Court Justice, Melton,,HAROLD D. MELTON ,329,4,301,24,0
Brantley,Nahunta,Supreme Court Justice, Melton,,HAROLD D. MELTON ,385,11,238,136,0
Brantley,,Supreme Court Justice, Melton,,Write-in,5,0,4,1,0
Brantley,Lulaton,Supreme Court Justice, Melton,,Write-in,0,0,0,0,0
Brantley,Atkinson,Supreme Court Justice, Melton,,Write-in,1,0,1,0,0
Brantley,Waynesville,Supreme Court Justice, Melton,,Write-in,1,0,1,0,0
Brantley,Hortense,Supreme Court Justice, Melton,,Write-in,0,0,0,0,0
Brantley,Hickox,Supreme Court Justice, Melton,,Write-in,2,0,2,0,0
Brantley,Hoboken,Supreme Court Justice, Melton,,Write-in,0,0,0,0,0
Brantley,Schlatterville,Supreme Court Justice, Melton,,Write-in,0,0,0,0,0
Brantley,Calvary,Supreme Court Justice, Melton,,Write-in,0,0,0,0,0
Brantley,Nahunta,Supreme Court Justice, Melton,,Write-in,1,0,0,1,0
Brantley,,Supreme Court Justice, Thompson,,HUGH P. THOMPSON ,2425,37,1933,455,0
Brantley,Lulaton,Supreme Court Justice, Thompson,,HUGH P. THOMPSON ,144,2,106,36,0
Brantley,Atkinson,Supreme Court Justice, Thompson,,HUGH P. THOMPSON ,261,1,211,49,0
Brantley,Waynesville,Supreme Court Justice, Thompson,,HUGH P. THOMPSON ,392,8,329,55,0
Brantley,Hortense,Supreme Court Justice, Thompson,,HUGH P. THOMPSON ,213,0,175,38,0
Brantley,Hickox,Supreme Court Justice, Thompson,,HUGH P. THOMPSON ,241,7,182,52,0
Brantley,Hoboken,Supreme Court Justice, Thompson,,HUGH P. THOMPSON ,307,5,246,56,0
Brantley,Schlatterville,Supreme Court Justice, Thompson,,HUGH P. THOMPSON ,157,0,143,14,0
Brantley,Calvary,Supreme Court Justice, Thompson,,HUGH P. THOMPSON ,331,4,304,23,0
Brantley,Nahunta,Supreme Court Justice, Thompson,,HUGH P. THOMPSON ,379,10,237,132,0
Brantley,,Supreme Court Justice, Thompson,,Write-in,6,0,5,1,0
Brantley,Lulaton,Supreme Court Justice, Thompson,,Write-in,0,0,0,0,0
Brantley,Atkinson,Supreme Court Justice, Thompson,,Write-in,1,0,1,0,0
Brantley,Waynesville,Supreme Court Justice, Thompson,,Write-in,1,0,1,0,0
Brantley,Hortense,Supreme Court Justice, Thompson,,Write-in,0,0,0,0,0
Brantley,Hickox,Supreme Court Justice, Thompson,,Write-in,2,0,2,0,0
Brantley,Hoboken,Supreme Court Justice, Thompson,,Write-in,1,0,1,0,0
Brantley,Schlatterville,Supreme Court Justice, Thompson,,Write-in,0,0,0,0,0
Brantley,Calvary,Supreme Court Justice, Thompson,,Write-in,0,0,0,0,0
Brantley,Nahunta,Supreme Court Justice, Thompson,,Write-in,1,0,0,1,0
Brantley,,Appeals Court Judge, Boggs,,MICHAEL P. BOGGS ,2784,44,2202,538,0
Brantley,Lulaton,Appeals Court Judge, Boggs,,MICHAEL P. BOGGS ,150,2,111,37,0
Brantley,Atkinson,Appeals Court Judge, Boggs,,MICHAEL P. BOGGS ,278,1,224,53,0
Brantley,Waynesville,Appeals Court Judge, Boggs,,MICHAEL P. BOGGS ,397,9,332,56,0
Brantley,Hortense,Appeals Court Judge, Boggs,,MICHAEL P. BOGGS ,235,0,190,45,0
Brantley,Hickox,Appeals Court Judge, Boggs,,MICHAEL P. BOGGS ,293,8,225,60,0
Brantley,Hoboken,Appeals Court Judge, Boggs,,MICHAEL P. BOGGS ,369,6,292,71,0
Brantley,Schlatterville,Appeals Court Judge, Boggs,,MICHAEL P. BOGGS ,191,0,171,20,0
Brantley,Calvary,Appeals Court Judge, Boggs,,MICHAEL P. BOGGS ,423,6,383,34,0
Brantley,Nahunta,Appeals Court Judge, Boggs,,MICHAEL P. BOGGS ,448,12,274,162,0
Brantley,,Appeals Court Judge, Boggs,,Write-in,6,0,4,2,0
Brantley,Lulaton,Appeals Court Judge, Boggs,,Write-in,0,0,0,0,0
Brantley,Atkinson,Appeals Court Judge, Boggs,,Write-in,1,0,1,0,0
Brantley,Waynesville,Appeals Court Judge, Boggs,,Write-in,0,0,0,0,0
Brantley,Hortense,Appeals Court Judge, Boggs,,Write-in,0,0,0,0,0
Brantley,Hickox,Appeals Court Judge, Boggs,,Write-in,1,0,0,1,0
Brantley,Hoboken,Appeals Court Judge, Boggs,,Write-in,0,0,0,0,0
Brantley,Schlatterville,Appeals Court Judge, Boggs,,Write-in,2,0,2,0,0
Brantley,Calvary,Appeals Court Judge, Boggs,,Write-in,1,0,1,0,0
Brantley,Nahunta,Appeals Court Judge, Boggs,,Write-in,1,0,0,1,0
Brantley,,Appeals Court Judge, Dillard,,STEPHEN DILLARD ,2366,37,1883,446,0
Brantley,Lulaton,Appeals Court Judge, Dillard,,STEPHEN DILLARD ,138,2,102,34,0
Brantley,Atkinson,Appeals Court Judge, Dillard,,STEPHEN DILLARD ,261,1,210,50,0
Brantley,Waynesville,Appeals Court Judge, Dillard,,STEPHEN DILLARD ,378,9,317,52,0
Brantley,Hortense,Appeals Court Judge, Dillard,,STEPHEN DILLARD ,213,0,173,40,0
Brantley,Hickox,Appeals Court Judge, Dillard,,STEPHEN DILLARD ,233,7,181,45,0
Brantley,Hoboken,Appeals Court Judge, Dillard,,STEPHEN DILLARD ,303,5,244,54,0
Brantley,Schlatterville,Appeals Court Judge, Dillard,,STEPHEN DILLARD ,154,0,139,15,0
Brantley,Calvary,Appeals Court Judge, Dillard,,STEPHEN DILLARD ,318,4,291,23,0
Brantley,Nahunta,Appeals Court Judge, Dillard,,STEPHEN DILLARD ,368,9,226,133,0
Brantley,,Appeals Court Judge, Dillard,,Write-in,3,0,2,1,0
Brantley,Lulaton,Appeals Court Judge, Dillard,,Write-in,0,0,0,0,0
Brantley,Atkinson,Appeals Court Judge, Dillard,,Write-in,1,0,1,0,0
Brantley,Waynesville,Appeals Court Judge, Dillard,,Write-in,1,0,1,0,0
Brantley,Hortense,Appeals Court Judge, Dillard,,Write-in,0,0,0,0,0
Brantley,Hickox,Appeals Court Judge, Dillard,,Write-in,0,0,0,0,0
Brantley,Hoboken,Appeals Court Judge, Dillard,,Write-in,0,0,0,0,0
Brantley,Schlatterville,Appeals Court Judge, Dillard,,Write-in,0,0,0,0,0
Brantley,Calvary,Appeals Court Judge, Dillard,,Write-in,0,0,0,0,0
Brantley,Nahunta,Appeals Court Judge, Dillard,,Write-in,1,0,0,1,0
Brantley,,Appeals Court Judge, Ellington,,JOHN ELLINGTON ,2374,39,1890,445,0
Brantley,Lulaton,Appeals Court Judge, Ellington,,JOHN ELLINGTON ,140,2,102,36,0
Brantley,Atkinson,Appeals Court Judge, Ellington,,JOHN ELLINGTON ,259,2,208,49,0
Brantley,Waynesville,Appeals Court Judge, Ellington,,JOHN ELLINGTON ,386,9,325,52,0
Brantley,Hortense,Appeals Court Judge, Ellington,,JOHN ELLINGTON ,217,0,177,40,0
Brantley,Hickox,Appeals Court Judge, Ellington,,JOHN ELLINGTON ,230,7,177,46,0
Brantley,Hoboken,Appeals Court Judge, Ellington,,JOHN ELLINGTON ,304,5,246,53,0
Brantley,Schlatterville,Appeals Court Judge, Ellington,,JOHN ELLINGTON ,150,0,137,13,0
Brantley,Calvary,Appeals Court Judge, Ellington,,JOHN ELLINGTON ,318,4,291,23,0
Brantley,Nahunta,Appeals Court Judge, Ellington,,JOHN ELLINGTON ,370,10,227,133,0
Brantley,,Appeals Court Judge, Ellington,,Write-in,3,0,1,2,0
Brantley,Lulaton,Appeals Court Judge, Ellington,,Write-in,0,0,0,0,0
Brantley,Atkinson,Appeals Court Judge, Ellington,,Write-in,1,0,1,0,0
Brantley,Waynesville,Appeals Court Judge, Ellington,,Write-in,0,0,0,0,0
Brantley,Hortense,Appeals Court Judge, Ellington,,Write-in,0,0,0,0,0
Brantley,Hickox,Appeals Court Judge, Ellington,,Write-in,0,0,0,0,0
Brantley,Hoboken,Appeals Court Judge, Ellington,,Write-in,1,0,0,1,0
Brantley,Schlatterville,Appeals Court Judge, Ellington,,Write-in,0,0,0,0,0
Brantley,Calvary,Appeals Court Judge, Ellington,,Write-in,0,0,0,0,0
Brantley,Nahunta,Appeals Court Judge, Ellington,,Write-in,1,0,0,1,0
Brantley,,Appeals Court Judge, Miller,,M. YVETTE MILLER ,2345,35,1877,433,0
Brantley,Lulaton,Appeals Court Judge, Miller,,M. YVETTE MILLER ,140,2,104,34,0
Brantley,Atkinson,Appeals Court Judge, Miller,,M. YVETTE MILLER ,255,1,205,49,0
Brantley,Waynesville,Appeals Court Judge, Miller,,M. YVETTE MILLER ,387,9,325,53,0
Brantley,Hortense,Appeals Court Judge, Miller,,M. YVETTE MILLER ,210,0,172,38,0
Brantley,Hickox,Appeals Court Judge, Miller,,M. YVETTE MILLER ,226,6,177,43,0
Brantley,Hoboken,Appeals Court Judge, Miller,,M. YVETTE MILLER ,300,5,246,49,0
Brantley,Schlatterville,Appeals Court Judge, Miller,,M. YVETTE MILLER ,152,0,137,15,0
Brantley,Calvary,Appeals Court Judge, Miller,,M. YVETTE MILLER ,309,3,284,22,0
Brantley,Nahunta,Appeals Court Judge, Miller,,M. YVETTE MILLER ,366,9,227,130,0
Brantley,,Appeals Court Judge, Miller,,Write-in,4,0,2,2,0
Brantley,Lulaton,Appeals Court Judge, Miller,,Write-in,0,0,0,0,0
Brantley,Atkinson,Appeals Court Judge, Miller,,Write-in,2,0,2,0,0
Brantley,Waynesville,Appeals Court Judge, Miller,,Write-in,0,0,0,0,0
Brantley,Hortense,Appeals Court Judge, Miller,,Write-in,0,0,0,0,0
Brantley,Hickox,Appeals Court Judge, Miller,,Write-in,0,0,0,0,0
Brantley,Hoboken,Appeals Court Judge, Miller,,Write-in,1,0,0,1,0
Brantley,Schlatterville,Appeals Court Judge, Miller,,Write-in,0,0,0,0,0
Brantley,Calvary,Appeals Court Judge, Miller,,Write-in,0,0,0,0,0
Brantley,Nahunta,Appeals Court Judge, Miller,,Write-in,1,0,0,1,0
Brantley,,Appeals Court Judge, Phipps,,HERBERT PHIPPS ,2346,38,1873,435,0
Brantley,Lulaton,Appeals Court Judge, Phipps,,HERBERT PHIPPS ,138,2,102,34,0
Brantley,Atkinson,Appeals Court Judge, Phipps,,HERBERT PHIPPS ,256,1,206,49,0
Brantley,Waynesville,Appeals Court Judge, Phipps,,HERBERT PHIPPS ,383,9,321,53,0
Brantley,Hortense,Appeals Court Judge, Phipps,,HERBERT PHIPPS ,211,0,173,38,0
Brantley,Hickox,Appeals Court Judge, Phipps,,HERBERT PHIPPS ,232,7,180,45,0
Brantley,Hoboken,Appeals Court Judge, Phipps,,HERBERT PHIPPS ,296,5,241,50,0
Brantley,Schlatterville,Appeals Court Judge, Phipps,,HERBERT PHIPPS ,151,0,138,13,0
Brantley,Calvary,Appeals Court Judge, Phipps,,HERBERT PHIPPS ,311,4,284,23,0
Brantley,Nahunta,Appeals Court Judge, Phipps,,HERBERT PHIPPS ,368,10,228,130,0
Brantley,,Appeals Court Judge, Phipps,,Write-in,2,0,1,1,0
Brantley,Lulaton,Appeals Court Judge, Phipps,,Write-in,0,0,0,0,0
Brantley,Atkinson,Appeals Court Judge, Phipps,,Write-in,1,0,1,0,0
Brantley,Waynesville,Appeals Court Judge, Phipps,,Write-in,0,0,0,0,0
Brantley,Hortense,Appeals Court Judge, Phipps,,Write-in,0,0,0,0,0
Brantley,Hickox,Appeals Court Judge, Phipps,,Write-in,0,0,0,0,0
Brantley,Hoboken,Appeals Court Judge, Phipps,,Write-in,1,0,0,1,0
Brantley,Schlatterville,Appeals Court Judge, Phipps,,Write-in,0,0,0,0,0
Brantley,Calvary,Appeals Court Judge, Phipps,,Write-in,0,0,0,0,0
Brantley,Nahunta,Appeals Court Judge, Phipps,,Write-in,0,0,0,0,0
Brantley,,Superior Court Judge, Waycross Circuit (DeVane),,MICHAEL DEVANE ,2637,44,2084,509,0
Brantley,Lulaton,Superior Court Judge, Waycross Circuit (DeVane),,MICHAEL DEVANE ,142,2,106,34,0
Brantley,Atkinson,Superior Court Judge, Waycross Circuit (DeVane),,MICHAEL DEVANE ,267,2,211,54,0
Brantley,Waynesville,Superior Court Judge, Waycross Circuit (DeVane),,MICHAEL DEVANE ,393,10,328,55,0
Brantley,Hortense,Superior Court Judge, Waycross Circuit (DeVane),,MICHAEL DEVANE ,224,0,182,42,0
Brantley,Hickox,Superior Court Judge, Waycross Circuit (DeVane),,MICHAEL DEVANE ,262,7,201,54,0
Brantley,Hoboken,Superior Court Judge, Waycross Circuit (DeVane),,MICHAEL DEVANE ,349,6,282,61,0
Brantley,Schlatterville,Superior Court Judge, Waycross Circuit (DeVane),,MICHAEL DEVANE ,183,0,164,19,0
Brantley,Calvary,Superior Court Judge, Waycross Circuit (DeVane),,MICHAEL DEVANE ,384,4,346,34,0
Brantley,Nahunta,Superior Court Judge, Waycross Circuit (DeVane),,MICHAEL DEVANE ,433,13,264,156,0
Brantley,,Superior Court Judge, Waycross Circuit (DeVane),,Write-in,7,0,6,1,0
Brantley,Lulaton,Superior Court Judge, Waycross Circuit (DeVane),,Write-in,0,0,0,0,0
Brantley,Atkinson,Superior Court Judge, Waycross Circuit (DeVane),,Write-in,1,0,1,0,0
Brantley,Waynesville,Superior Court Judge, Waycross Circuit (DeVane),,Write-in,3,0,3,0,0
Brantley,Hortense,Superior Court Judge, Waycross Circuit (DeVane),,Write-in,1,0,1,0,0
Brantley,Hickox,Superior Court Judge, Waycross Circuit (DeVane),,Write-in,1,0,1,0,0
Brantley,Hoboken,Superior Court Judge, Waycross Circuit (DeVane),,Write-in,1,0,0,1,0
Brantley,Schlatterville,Superior Court Judge, Waycross Circuit (DeVane),,Write-in,0,0,0,0,0
Brantley,Calvary,Superior Court Judge, Waycross Circuit (DeVane),,Write-in,0,0,0,0,0
Brantley,Nahunta,Superior Court Judge, Waycross Circuit (DeVane),,Write-in,0,0,0,0,0
Brantley,,JUDGE, PROBATE COURT,,TRACY STEPHEN ALTMAN,1506,20,1138,347,1
Brantley,Lulaton,JUDGE, PROBATE COURT,,TRACY STEPHEN ALTMAN,90,2,65,23,0
Brantley,Atkinson,JUDGE, PROBATE COURT,,TRACY STEPHEN ALTMAN,152,0,125,27,0
Brantley,Waynesville,JUDGE, PROBATE COURT,,TRACY STEPHEN ALTMAN,224,7,174,43,0
Brantley,Hortense,JUDGE, PROBATE COURT,,TRACY STEPHEN ALTMAN,162,1,117,43,1
Brantley,Hickox,JUDGE, PROBATE COURT,,TRACY STEPHEN ALTMAN,118,1,87,30,0
Brantley,Hoboken,JUDGE, PROBATE COURT,,TRACY STEPHEN ALTMAN,231,2,182,47,0
Brantley,Schlatterville,JUDGE, PROBATE COURT,,TRACY STEPHEN ALTMAN,91,0,85,6,0
Brantley,Calvary,JUDGE, PROBATE COURT,,TRACY STEPHEN ALTMAN,170,2,145,23,0
Brantley,Nahunta,JUDGE, PROBATE COURT,,TRACY STEPHEN ALTMAN,268,5,158,105,0
Brantley,,JUDGE, PROBATE COURT,,JOHNNIE E. CREWS ,2289,43,1792,454,0
Brantley,Lulaton,JUDGE, PROBATE COURT,,JOHNNIE E. CREWS ,115,1,85,29,0
Brantley,Atkinson,JUDGE, PROBATE COURT,,JOHNNIE E. CREWS ,199,2,159,38,0
Brantley,Waynesville,JUDGE, PROBATE COURT,,JOHNNIE E. CREWS ,292,7,245,40,0
Brantley,Hortense,JUDGE, PROBATE COURT,,JOHNNIE E. CREWS ,171,2,148,21,0
Brantley,Hickox,JUDGE, PROBATE COURT,,JOHNNIE E. CREWS ,327,9,245,73,0
Brantley,Hoboken,JUDGE, PROBATE COURT,,JOHNNIE E. CREWS ,287,4,226,57,0
Brantley,Schlatterville,JUDGE, PROBATE COURT,,JOHNNIE E. CREWS ,156,0,130,26,0
Brantley,Calvary,JUDGE, PROBATE COURT,,JOHNNIE E. CREWS ,316,4,292,20,0
Brantley,Nahunta,JUDGE, PROBATE COURT,,JOHNNIE E. CREWS ,426,14,262,150,0
Brantley,,JUDGE, PROBATE COURT,,Write-in,2,0,1,1,0
Brantley,Lulaton,JUDGE, PROBATE COURT,,Write-in,0,0,0,0,0
Brantley,Atkinson,JUDGE, PROBATE COURT,,Write-in,0,0,0,0,0
Brantley,Waynesville,JUDGE, PROBATE COURT,,Write-in,1,0,0,1,0
Brantley,Hortense,JUDGE, PROBATE COURT,,Write-in,0,0,0,0,0
Brantley,Hickox,JUDGE, PROBATE COURT,,Write-in,0,0,0,0,0
Brantley,Hoboken,JUDGE, PROBATE COURT,,Write-in,0,0,0,0,0
Brantley,Schlatterville,JUDGE, PROBATE COURT,,Write-in,1,0,1,0,0
Brantley,Calvary,JUDGE, PROBATE COURT,,Write-in,0,0,0,0,0
Brantley,Nahunta,JUDGE, PROBATE COURT,,Write-in,0,0,0,0,0
Brantley,,CHIEF MAGISTRATE,,,JOE SEGUI,1075,16,814,244,1
Brantley,Lulaton,CHIEF MAGISTRATE,,,JOE SEGUI,75,1,50,24,0
Brantley,Atkinson,CHIEF MAGISTRATE,,,JOE SEGUI,143,1,123,19,0
Brantley,Waynesville,CHIEF MAGISTRATE,,,JOE SEGUI,230,7,181,42,0
Brantley,Hortense,CHIEF MAGISTRATE,,,JOE SEGUI,96,3,72,20,1
Brantley,Hickox,CHIEF MAGISTRATE,,,JOE SEGUI,67,0,49,18,0
Brantley,Hoboken,CHIEF MAGISTRATE,,,JOE SEGUI,120,1,91,28,0
Brantley,Schlatterville,CHIEF MAGISTRATE,,,JOE SEGUI,62,0,53,9,0
Brantley,Calvary,CHIEF MAGISTRATE,,,JOE SEGUI,84,0,77,7,0
Brantley,Nahunta,CHIEF MAGISTRATE,,,JOE SEGUI,198,3,118,77,0
Brantley,,CHIEF MAGISTRATE,,,JEFF A. THOMAS ,2694,48,2092,554,0
Brantley,Lulaton,CHIEF MAGISTRATE,,,JEFF A. THOMAS ,130,2,100,28,0
Brantley,Atkinson,CHIEF MAGISTRATE,,,JEFF A. THOMAS ,208,0,161,47,0
Brantley,Waynesville,CHIEF MAGISTRATE,,,JEFF A. THOMAS ,285,7,235,43,0
Brantley,Hortense,CHIEF MAGISTRATE,,,JEFF A. THOMAS ,232,0,187,45,0
Brantley,Hickox,CHIEF MAGISTRATE,,,JEFF A. THOMAS ,377,10,282,85,0
Brantley,Hoboken,CHIEF MAGISTRATE,,,JEFF A. THOMAS ,392,5,313,74,0
Brantley,Schlatterville,CHIEF MAGISTRATE,,,JEFF A. THOMAS ,187,0,165,22,0
Brantley,Calvary,CHIEF MAGISTRATE,,,JEFF A. THOMAS ,396,8,352,36,0
Brantley,Nahunta,CHIEF MAGISTRATE,,,JEFF A. THOMAS ,487,16,297,174,0
Brantley,,CHIEF MAGISTRATE,,,Write-in,2,0,2,0,0
Brantley,Lulaton,CHIEF MAGISTRATE,,,Write-in,0,0,0,0,0
Brantley,Atkinson,CHIEF MAGISTRATE,,,Write-in,0,0,0,0,0
Brantley,Waynesville,CHIEF MAGISTRATE,,,Write-in,1,0,1,0,0
Brantley,Hortense,CHIEF MAGISTRATE,,,Write-in,0,0,0,0,0
Brantley,Hickox,CHIEF MAGISTRATE,,,Write-in,0,0,0,0,0
Brantley,Hoboken,CHIEF MAGISTRATE,,,Write-in,0,0,0,0,0
Brantley,Schlatterville,CHIEF MAGISTRATE,,,Write-in,0,0,0,0,0
Brantley,Calvary,CHIEF MAGISTRATE,,,Write-in,0,0,0,0,0
Brantley,Nahunta,CHIEF MAGISTRATE,,,Write-in,1,0,1,0,0
Brantley,,BOE, P1 ,,JUSTIN BOWERS,947,11,717,219,0
Brantley,Lulaton,BOE, P1 ,,JUSTIN BOWERS,50,2,36,12,0
Brantley,Atkinson,BOE, P1 ,,JUSTIN BOWERS,88,1,66,21,0
Brantley,Waynesville,BOE, P1 ,,JUSTIN BOWERS,108,1,87,20,0
Brantley,Hortense,BOE, P1 ,,JUSTIN BOWERS,115,2,86,27,0
Brantley,Hickox,BOE, P1 ,,JUSTIN BOWERS,124,1,93,30,0
Brantley,Hoboken,BOE, P1 ,,JUSTIN BOWERS,136,1,116,19,0
Brantley,Schlatterville,BOE, P1 ,,JUSTIN BOWERS,48,0,38,10,0
Brantley,Calvary,BOE, P1 ,,JUSTIN BOWERS,66,0,61,5,0
Brantley,Nahunta,BOE, P1 ,,JUSTIN BOWERS,212,3,134,75,0
Brantley,,BOE, P1 ,,VAN HERRIN,1061,17,808,235,1
Brantley,Lulaton,BOE, P1 ,,VAN HERRIN,52,0,35,17,0
Brantley,Atkinson,BOE, P1 ,,VAN HERRIN,65,0,51,14,0
Brantley,Waynesville,BOE, P1 ,,VAN HERRIN,107,1,86,20,0
Brantley,Hortense,BOE, P1 ,,VAN HERRIN,60,0,51,8,1
Brantley,Hickox,BOE, P1 ,,VAN HERRIN,116,5,82,29,0
Brantley,Hoboken,BOE, P1 ,,VAN HERRIN,129,1,91,37,0
Brantley,Schlatterville,BOE, P1 ,,VAN HERRIN,100,0,87,13,0
Brantley,Calvary,BOE, P1 ,,VAN HERRIN,290,4,254,32,0
Brantley,Nahunta,BOE, P1 ,,VAN HERRIN,142,6,71,65,0
Brantley,,BOE, P1 ,,BARBARA A. MAEFIELD,508,12,402,94,0
Brantley,Lulaton,BOE, P1 ,,BARBARA A. MAEFIELD,27,1,25,1,0
Brantley,Atkinson,BOE, P1 ,,BARBARA A. MAEFIELD,66,1,54,11,0
Brantley,Waynesville,BOE, P1 ,,BARBARA A. MAEFIELD,92,4,74,14,0
Brantley,Hortense,BOE, P1 ,,BARBARA A. MAEFIELD,57,0,46,11,0
Brantley,Hickox,BOE, P1 ,,BARBARA A. MAEFIELD,58,1,41,16,0
Brantley,Hoboken,BOE, P1 ,,BARBARA A. MAEFIELD,42,0,36,6,0
Brantley,Schlatterville,BOE, P1 ,,BARBARA A. MAEFIELD,19,0,16,3,0
Brantley,Calvary,BOE, P1 ,,BARBARA A. MAEFIELD,29,0,29,0,0
Brantley,Nahunta,BOE, P1 ,,BARBARA A. MAEFIELD,118,5,81,32,0
Brantley,,BOE, P1 ,,CINDY JONES MORGAN,1235,25,970,240,0
Brantley,Lulaton,BOE, P1 ,,CINDY JONES MORGAN,69,0,49,20,0
Brantley,Atkinson,BOE, P1 ,,CINDY JONES MORGAN,123,0,104,19,0
Brantley,Waynesville,BOE, P1 ,,CINDY JONES MORGAN,191,8,155,28,0
Brantley,Hortense,BOE, P1 ,,CINDY JONES MORGAN,95,1,79,15,0
Brantley,Hickox,BOE, P1 ,,CINDY JONES MORGAN,151,3,119,29,0
Brantley,Hoboken,BOE, P1 ,,CINDY JONES MORGAN,206,4,164,38,0
Brantley,Schlatterville,BOE, P1 ,,CINDY JONES MORGAN,76,0,70,6,0
Brantley,Calvary,BOE, P1 ,,CINDY JONES MORGAN,111,4,100,7,0
Brantley,Nahunta,BOE, P1 ,,CINDY JONES MORGAN,213,5,130,78,0
Brantley,,BOE, P1 ,,Write-in,0,0,0,0,0
Brantley,Lulaton,BOE, P1 ,,Write-in,0,0,0,0,0
Brantley,Atkinson,BOE, P1 ,,Write-in,0,0,0,0,0
Brantley,Waynesville,BOE, P1 ,,Write-in,0,0,0,0,0
Brantley,Hortense,BOE, P1 ,,Write-in,0,0,0,0,0
Brantley,Hickox,BOE, P1 ,,Write-in,0,0,0,0,0
Brantley,Hoboken,BOE, P1 ,,Write-in,0,0,0,0,0
Brantley,Schlatterville,BOE, P1 ,,Write-in,0,0,0,0,0
Brantley,Calvary,BOE, P1 ,,Write-in,0,0,0,0,0
Brantley,Nahunta,BOE, P1 ,,Write-in,0,0,0,0,0
Brantley,,BOE, P3 ,,DAVID J. HERRIN,2106,32,1622,451,1
Brantley,Lulaton,BOE, P3 ,,DAVID J. HERRIN,135,2,91,42,0
Brantley,Atkinson,BOE, P3 ,,DAVID J. HERRIN,210,1,175,34,0
Brantley,Waynesville,BOE, P3 ,,DAVID J. HERRIN,301,6,251,44,0
Brantley,Hortense,BOE, P3 ,,DAVID J. HERRIN,200,1,163,35,1
Brantley,Hickox,BOE, P3 ,,DAVID J. HERRIN,260,8,201,51,0
Brantley,Hoboken,BOE, P3 ,,DAVID J. HERRIN,227,3,174,50,0
Brantley,Schlatterville,BOE, P3 ,,DAVID J. HERRIN,118,0,100,18,0
Brantley,Calvary,BOE, P3 ,,DAVID J. HERRIN,261,3,228,30,0
Brantley,Nahunta,BOE, P3 ,,DAVID J. HERRIN,394,8,239,147,0
Brantley,,BOE, P3 ,,JOSEPH SHUMAN ,1554,30,1207,317,0
Brantley,Lulaton,BOE, P3 ,,JOSEPH SHUMAN ,68,1,56,11,0
Brantley,Atkinson,BOE, P3 ,,JOSEPH SHUMAN ,125,0,96,29,0
Brantley,Waynesville,BOE, P3 ,,JOSEPH SHUMAN ,187,8,149,30,0
Brantley,Hortense,BOE, P3 ,,JOSEPH SHUMAN ,121,2,94,25,0
Brantley,Hickox,BOE, P3 ,,JOSEPH SHUMAN ,178,2,124,52,0
Brantley,Hoboken,BOE, P3 ,,JOSEPH SHUMAN ,273,3,219,51,0
Brantley,Schlatterville,BOE, P3 ,,JOSEPH SHUMAN ,125,0,114,11,0
Brantley,Calvary,BOE, P3 ,,JOSEPH SHUMAN ,214,5,197,12,0
Brantley,Nahunta,BOE, P3 ,,JOSEPH SHUMAN ,263,9,158,96,0
Brantley,,BOE, P3 ,,Write-in,3,0,2,1,0
Brantley,Lulaton,BOE, P3 ,,Write-in,0,0,0,0,0
Brantley,Atkinson,BOE, P3 ,,Write-in,1,0,1,0,0
Brantley,Waynesville,BOE, P3 ,,Write-in,1,0,1,0,0
Brantley,Hortense,BOE, P3 ,,Write-in,0,0,0,0,0
Brantley,Hickox,BOE, P3 ,,Write-in,0,0,0,0,0
Brantley,Hoboken,BOE, P3 ,,Write-in,0,0,0,0,0
Brantley,Schlatterville,BOE, P3 ,,Write-in,0,0,0,0,0
Brantley,Calvary,BOE, P3 ,,Write-in,0,0,0,0,0
Brantley,Nahunta,BOE, P3 ,,Write-in,1,0,0,1,0
Brantley,,BOE, P5 ,,KERRY MATHIE ,2061,47,1562,451,1
Brantley,Lulaton,BOE, P5 ,,KERRY MATHIE ,112,3,79,30,0
Brantley,Atkinson,BOE, P5 ,,KERRY MATHIE ,127,0,102,25,0
Brantley,Waynesville,BOE, P5 ,,KERRY MATHIE ,219,11,170,38,0
Brantley,Hortense,BOE, P5 ,,KERRY MATHIE ,181,2,150,28,1
Brantley,Hickox,BOE, P5 ,,KERRY MATHIE ,270,7,195,68,0
Brantley,Hoboken,BOE, P5 ,,KERRY MATHIE ,268,4,213,51,0
Brantley,Schlatterville,BOE, P5 ,,KERRY MATHIE ,157,0,136,21,0
Brantley,Calvary,BOE, P5 ,,KERRY MATHIE ,296,5,259,32,0
Brantley,Nahunta,BOE, P5 ,,KERRY MATHIE ,431,15,258,158,0
Brantley,,BOE, P5 ,,MATT YAWN,1602,16,1257,329,0
Brantley,Lulaton,BOE, P5 ,,MATT YAWN,85,0,66,19,0
Brantley,Atkinson,BOE, P5 ,,MATT YAWN,207,1,167,39,0
Brantley,Waynesville,BOE, P5 ,,MATT YAWN,274,3,229,42,0
Brantley,Hortense,BOE, P5 ,,MATT YAWN,143,1,109,33,0
Brantley,Hickox,BOE, P5 ,,MATT YAWN,164,3,127,34,0
Brantley,Hoboken,BOE, P5 ,,MATT YAWN,235,2,183,50,0
Brantley,Schlatterville,BOE, P5 ,,MATT YAWN,87,0,77,10,0
Brantley,Calvary,BOE, P5 ,,MATT YAWN,174,3,159,12,0
Brantley,Nahunta,BOE, P5 ,,MATT YAWN,233,3,140,90,0
Brantley,,BOE, P5 ,,Write-in,2,0,1,1,0
Brantley,Lulaton,BOE, P5 ,,Write-in,0,0,0,0,0
Brantley,Atkinson,BOE, P5 ,,Write-in,1,0,1,0,0
Brantley,Waynesville,BOE, P5 ,,Write-in,0,0,0,0,0
Brantley,Hortense,BOE, P5 ,,Write-in,0,0,0,0,0
Brantley,Hickox,BOE, P5 ,,Write-in,0,0,0,0,0
Brantley,Hoboken,BOE, P5 ,,Write-in,0,0,0,0,0
Brantley,Schlatterville,BOE, P5 ,,Write-in,0,0,0,0,0
Brantley,Calvary,BOE, P5 ,,Write-in,0,0,0,0,0
Brantley,Nahunta,BOE, P5 ,,Write-in,1,0,0,1,0
Brantley,,TSPLOST,,,YES,1126,12,874,240,0
Brantley,Lulaton,TSPLOST,,,YES,55,0,39,16,0
Brantley,Atkinson,TSPLOST,,,YES,120,0,100,20,0
Brantley,Waynesville,TSPLOST,,,YES,190,2,154,34,0
Brantley,Hortense,TSPLOST,,,YES,76,1,56,19,0
Brantley,Hickox,TSPLOST,,,YES,105,0,72,33,0
Brantley,Hoboken,TSPLOST,,,YES,148,1,116,31,0
Brantley,Schlatterville,TSPLOST,,,YES,57,0,53,4,0
Brantley,Calvary,TSPLOST,,,YES,154,1,146,7,0
Brantley,Nahunta,TSPLOST,,,YES,221,7,138,76,0
Brantley,,TSPLOST,,,NO,2532,47,1955,529,1
Brantley,Lulaton,TSPLOST,,,NO,143,3,106,34,0
Brantley,Atkinson,TSPLOST,,,NO,225,1,180,44,0
Brantley,Waynesville,TSPLOST,,,NO,324,11,261,52,0
Brantley,Hortense,TSPLOST,,,NO,252,1,207,43,1
Brantley,Hickox,TSPLOST,,,NO,308,10,234,64,0
Brantley,Hoboken,TSPLOST,,,NO,355,5,285,65,0
Brantley,Schlatterville,TSPLOST,,,NO,181,0,154,27,0
Brantley,Calvary,TSPLOST,,,NO,326,7,282,37,0
Brantley,Nahunta,TSPLOST,,,NO,418,9,246,163,0
Brantley,,S.E.,,,CRYSTAL JOHNS,169,5,97,67,0
Brantley,Nahunta,S.E.,,,CRYSTAL JOHNS,169,5,97,67,0
Brantley,,S.E.,,,Write-in,1,0,0,1,0
Brantley,Nahunta,S.E.,,,Write-in,1,0,0,1,0
Brantley,,S.E.,,,ALAN MORGAN,154,5,86,63,0
Brantley,Nahunta,S.E.,,,ALAN MORGAN,154,5,86,63,0
Brantley,,S.E.,,,WILLIE J. THOMAS,72,7,41,24,0
Brantley,Nahunta,S.E.,,,WILLIE J. THOMAS,72,7,41,24,0
