county,precinct,office,district,party,candidate,votes,absentee_by_mail,election_day,advance_in_person,provisional
Lamar,,"Public Service Commission, District 3",3,REP,CHUCK EATON (I),1277,47,877,349,4
Lamar,BARNESVILLE FBC,"Public Service Commission, District 3",3,REP,CHUCK EATON (I),84,7,51,24,2
Lamar,CHAPPELL MILL V. FD,"Public Service Commission, District 3",3,REP,CHUCK EATON (I),124,4,93,26,1
Lamar,SENIOR CITZEN BLDG,"Public Service Commission, District 3",3,REP,CHUCK EATON (I),144,9,80,54,1
Lamar,REDBONE,"Public Service Commission, District 3",3,REP,CHUCK EATON (I),101,5,85,11,0
Lamar,L C S C,"Public Service Commission, District 3",3,REP,CHUCK EATON (I),421,11,265,145,0
Lamar,MILNER,"Public Service Commission, District 3",3,REP,CHUCK EATON (I),403,11,303,89,0
Lamar,,"Public Service Commission, District 3",3,REP,MATT REID,886,24,633,229,0
Lamar,BARNESVILLE FBC,"Public Service Commission, District 3",3,REP,MATT REID,76,5,53,18,0
Lamar,CHAPPELL MILL V. FD,"Public Service Commission, District 3",3,REP,MATT REID,102,10,74,18,0
Lamar,SENIOR CITZEN BLDG,"Public Service Commission, District 3",3,REP,MATT REID,92,0,68,24,0
Lamar,REDBONE,"Public Service Commission, District 3",3,REP,MATT REID,64,1,55,8,0
Lamar,L C S C,"Public Service Commission, District 3",3,REP,MATT REID,239,2,158,79,0
Lamar,MILNER,"Public Service Commission, District 3",3,REP,MATT REID,313,6,225,82,0
Lamar,,"Public Service Commission, District 3",3,DEM,STEPHEN OPPENHEIMER,370,26,263,80,1
Lamar,BARNESVILLE FBC,"Public Service Commission, District 3",3,DEM,STEPHEN OPPENHEIMER,131,15,91,25,0
Lamar,CHAPPELL MILL V. FD,"Public Service Commission, District 3",3,DEM,STEPHEN OPPENHEIMER,33,0,29,4,0
Lamar,SENIOR CITZEN BLDG,"Public Service Commission, District 3",3,DEM,STEPHEN OPPENHEIMER,51,2,36,12,1
Lamar,REDBONE,"Public Service Commission, District 3",3,DEM,STEPHEN OPPENHEIMER,14,1,9,4,0
Lamar,L C S C,"Public Service Commission, District 3",3,DEM,STEPHEN OPPENHEIMER,69,6,42,21,0
Lamar,MILNER,"Public Service Commission, District 3",3,DEM,STEPHEN OPPENHEIMER,72,2,56,14,0
Lamar,,"Public Service Commission, District 5",5,REP,PAM DAVIDSON,868,29,626,212,1
Lamar,BARNESVILLE FBC,"Public Service Commission, District 5",5,REP,PAM DAVIDSON,63,5,47,10,1
Lamar,CHAPPELL MILL V. FD,"Public Service Commission, District 5",5,REP,PAM DAVIDSON,105,8,83,14,0
Lamar,SENIOR CITZEN BLDG,"Public Service Commission, District 5",5,REP,PAM DAVIDSON,101,3,69,29,0
Lamar,REDBONE,"Public Service Commission, District 5",5,REP,PAM DAVIDSON,55,1,47,7,0
Lamar,L C S C,"Public Service Commission, District 5",5,REP,PAM DAVIDSON,250,5,166,79,0
Lamar,MILNER,"Public Service Commission, District 5",5,REP,PAM DAVIDSON,294,7,214,73,0
Lamar,,"Public Service Commission, District 5",5,REP,STAN WISE (I),1236,43,848,342,3
Lamar,BARNESVILLE FBC,"Public Service Commission, District 5",5,REP,STAN WISE (I),91,7,53,30,1
Lamar,CHAPPELL MILL V. FD,"Public Service Commission, District 5",5,REP,STAN WISE (I),117,6,83,27,1
Lamar,SENIOR CITZEN BLDG,"Public Service Commission, District 5",5,REP,STAN WISE (I),135,8,77,49,1
Lamar,REDBONE,"Public Service Commission, District 5",5,REP,STAN WISE (I),106,5,90,11,0
Lamar,L C S C,"Public Service Commission, District 5",5,REP,STAN WISE (I),389,7,247,135,0
Lamar,MILNER,"Public Service Commission, District 5",5,REP,STAN WISE (I),398,10,298,90,0
Lamar,,"U.S. Representative, District 3",3,REP,"""CHIP"" FLANEGAN",275,8,213,53,1
Lamar,BARNESVILLE FBC,"U.S. Representative, District 3",3,REP,"""CHIP"" FLANEGAN",17,2,13,2,0
Lamar,CHAPPELL MILL V. FD,"U.S. Representative, District 3",3,REP,"""CHIP"" FLANEGAN",34,1,29,4,0
Lamar,SENIOR CITZEN BLDG,"U.S. Representative, District 3",3,REP,"""CHIP"" FLANEGAN",31,0,18,12,1
Lamar,REDBONE,"U.S. Representative, District 3",3,REP,"""CHIP"" FLANEGAN",20,1,15,4,0
Lamar,L C S C,"U.S. Representative, District 3",3,REP,"""CHIP"" FLANEGAN",78,1,60,17,0
Lamar,MILNER,"U.S. Representative, District 3",3,REP,"""CHIP"" FLANEGAN",95,3,78,14,0
Lamar,,"U.S. Representative, District 3",3,REP,KENT KINGSLEY,817,23,560,234,0
Lamar,BARNESVILLE FBC,"U.S. Representative, District 3",3,REP,KENT KINGSLEY,56,2,35,19,0
Lamar,CHAPPELL MILL V. FD,"U.S. Representative, District 3",3,REP,KENT KINGSLEY,82,8,63,11,0
Lamar,SENIOR CITZEN BLDG,"U.S. Representative, District 3",3,REP,KENT KINGSLEY,70,4,45,21,0
Lamar,REDBONE,"U.S. Representative, District 3",3,REP,KENT KINGSLEY,42,0,36,6,0
Lamar,L C S C,"U.S. Representative, District 3",3,REP,KENT KINGSLEY,285,7,174,104,0
Lamar,MILNER,"U.S. Representative, District 3",3,REP,KENT KINGSLEY,282,2,207,73,0
Lamar,,"U.S. Representative, District 3",3,REP,LYNN WESTMORELAND (I,1322,50,908,361,3
Lamar,BARNESVILLE FBC,"U.S. Representative, District 3",3,REP,LYNN WESTMORELAND (I,110,10,68,30,2
Lamar,CHAPPELL MILL V. FD,"U.S. Representative, District 3",3,REP,LYNN WESTMORELAND (I,129,6,91,31,1
Lamar,SENIOR CITZEN BLDG,"U.S. Representative, District 3",3,REP,LYNN WESTMORELAND (I,164,8,98,58,0
Lamar,REDBONE,"U.S. Representative, District 3",3,REP,LYNN WESTMORELAND (I,130,7,108,15,0
Lamar,L C S C,"U.S. Representative, District 3",3,REP,LYNN WESTMORELAND (I,389,5,258,126,0
Lamar,MILNER,"U.S. Representative, District 3",3,REP,LYNN WESTMORELAND (I,400,14,285,101,0
Lamar,,"State Senator, District 16",16,REP,RONNIE CHANCE (I),1975,62,1383,526,4
Lamar,BARNESVILLE FBC,"State Senator, District 16",16,REP,RONNIE CHANCE (I),145,10,93,40,2
Lamar,CHAPPELL MILL V. FD,"State Senator, District 16",16,REP,RONNIE CHANCE (I),211,10,156,44,1
Lamar,SENIOR CITZEN BLDG,"State Senator, District 16",16,REP,RONNIE CHANCE (I),221,9,138,73,1
Lamar,REDBONE,"State Senator, District 16",16,REP,RONNIE CHANCE (I),154,7,128,19,0
Lamar,L C S C,"State Senator, District 16",16,REP,RONNIE CHANCE (I),612,12,403,197,0
Lamar,MILNER,"State Senator, District 16",16,REP,RONNIE CHANCE (I),632,14,465,153,0
Lamar,,"State Representative, District 130",130,REP,DAVID KNIGHT (I),1046,36,754,254,2
Lamar,CHAPPELL MILL V. FD,"State Representative, District 130",130,REP,DAVID KNIGHT (I),214,12,159,42,1
Lamar,SENIOR CITZEN BLDG,"State Representative, District 130",130,REP,DAVID KNIGHT (I),210,9,134,66,1
Lamar,MILNER,"State Representative, District 130",130,REP,DAVID KNIGHT (I),622,15,461,146,0
Lamar,,"State Representative, District 131",131,REP,JOHNNIE CALDWELL JR.,369,14,253,102,0
Lamar,BARNESVILLE FBC,"State Representative, District 131",131,REP,JOHNNIE CALDWELL JR.,79,4,54,21,0
Lamar,REDBONE,"State Representative, District 131",131,REP,JOHNNIE CALDWELL JR.,70,1,58,11,0
Lamar,L C S C,"State Representative, District 131",131,REP,JOHNNIE CALDWELL JR.,220,9,141,70,0
Lamar,,"State Representative, District 131",131,REP,RYAN CHRISTOPHER,727,22,496,209,0
Lamar,BARNESVILLE FBC,"State Representative, District 131",131,REP,RYAN CHRISTOPHER,93,10,55,28,0
Lamar,REDBONE,"State Representative, District 131",131,REP,RYAN CHRISTOPHER,117,7,99,11,0
Lamar,L C S C,"State Representative, District 131",131,REP,RYAN CHRISTOPHER,517,5,342,170,0
Lamar,,"District Attorney, Towaliga Circuit", Towaliga Circuit - REP,REP,RICHARD MILAM (I),1830,61,1293,472,4
Lamar,BARNESVILLE FBC,"District Attorney, Towaliga Circuit", Towaliga Circuit - REP,REP,RICHARD MILAM (I),137,10,85,40,2
Lamar,CHAPPELL MILL V. FD,"District Attorney, Towaliga Circuit", Towaliga Circuit - REP,REP,RICHARD MILAM (I),193,10,146,36,1
Lamar,SENIOR CITZEN BLDG,"District Attorney, Towaliga Circuit", Towaliga Circuit - REP,REP,RICHARD MILAM (I),196,7,126,62,1
Lamar,REDBONE,"District Attorney, Towaliga Circuit", Towaliga Circuit - REP,REP,RICHARD MILAM (I),145,8,122,15,0
Lamar,L C S C,"District Attorney, Towaliga Circuit", Towaliga Circuit - REP,REP,RICHARD MILAM (I),572,12,374,186,0
Lamar,MILNER,"District Attorney, Towaliga Circuit", Towaliga Circuit - REP,REP,RICHARD MILAM (I),587,14,440,133,0
Lamar,,SHERIFF,,,BRAD WHITE,2177,70,1525,578,4
Lamar,BARNESVILLE FBC,SHERIFF,,,BRAD WHITE,169,13,106,48,2
Lamar,CHAPPELL MILL V. FD,SHERIFF,,,BRAD WHITE,216,13,162,40,1
Lamar,SENIOR CITZEN BLDG,SHERIFF,,,BRAD WHITE,235,6,148,80,1
Lamar,REDBONE,SHERIFF,,,BRAD WHITE,181,8,155,18,0
Lamar,L C S C,SHERIFF,,,BRAD WHITE,701,14,457,230,0
Lamar,MILNER,SHERIFF,,,BRAD WHITE,675,16,497,162,0
Lamar,,SHERIFF,,,FRANK USHER III.,468,20,346,101,1
Lamar,BARNESVILLE FBC,SHERIFF,,,FRANK USHER III.,187,11,135,41,0
Lamar,CHAPPELL MILL V. FD,SHERIFF,,,FRANK USHER III.,43,0,39,4,0
Lamar,SENIOR CITZEN BLDG,SHERIFF,,,FRANK USHER III.,65,1,48,15,1
Lamar,REDBONE,SHERIFF,,,FRANK USHER III.,17,0,13,4,0
Lamar,L C S C,SHERIFF,,,FRANK USHER III.,75,6,46,23,0
Lamar,MILNER,SHERIFF,,,FRANK USHER III.,81,2,65,14,0
Lamar,,TAX COMMISSIONER,,I,ANDREA L. ANTHONY,1906,58,1338,506,4
Lamar,BARNESVILLE FBC,TAX COMMISSIONER,,I,ANDREA L. ANTHONY,145,10,92,41,2
Lamar,CHAPPELL MILL V. FD,TAX COMMISSIONER,,I,ANDREA L. ANTHONY,189,9,141,38,1
Lamar,SENIOR CITZEN BLDG,TAX COMMISSIONER,,I,ANDREA L. ANTHONY,209,8,135,65,1
Lamar,REDBONE,TAX COMMISSIONER,,I,ANDREA L. ANTHONY,150,5,128,17,0
Lamar,L C S C,TAX COMMISSIONER,,I,ANDREA L. ANTHONY,607,12,396,199,0
Lamar,MILNER,TAX COMMISSIONER,,I,ANDREA L. ANTHONY,606,14,446,146,0
Lamar,,CORONER,,,JIM F. SMITH ,475,29,342,103,1
Lamar,BARNESVILLE FBC,CORONER,,,JIM F. SMITH ,183,16,127,40,0
Lamar,CHAPPELL MILL V. FD,CORONER,,,JIM F. SMITH ,32,0,29,3,0
Lamar,SENIOR CITZEN BLDG,CORONER,,,JIM F. SMITH ,71,2,55,13,1
Lamar,REDBONE,CORONER,,,JIM F. SMITH ,16,1,11,4,0
Lamar,L C S C,CORONER,,,JIM F. SMITH ,88,6,57,25,0
Lamar,MILNER,CORONER,,,JIM F. SMITH ,85,4,63,18,0
Lamar,,CC D3,,,VAN BAKER,338,7,208,123,0
Lamar,L C S C,CC D3,,,VAN BAKER,338,7,208,123,0
Lamar,,CC D3,,,KELVIN E. CHUTE,187,4,126,57,0
Lamar,L C S C,CC D3,,,KELVIN E. CHUTE,187,4,126,57,0
Lamar,,CC D3,,,JULIA HEIDBRINK,199,2,135,62,0
Lamar,L C S C,CC D3,,,JULIA HEIDBRINK,199,2,135,62,0
Lamar,,CC D3,,,AARON M. BROWN,80,6,49,25,0
Lamar,L C S C,CC D3,,,AARON M. BROWN,80,6,49,25,0
Lamar,,CC D4,,,JOHN D. SAMEK,174,2,137,35,0
Lamar,MILNER,CC D4,,,JOHN D. SAMEK,174,2,137,35,0
Lamar,,CC D4,,,NANCY M. THRASH ,556,15,399,142,0
Lamar,MILNER,CC D4,,,NANCY M. THRASH ,556,15,399,142,0
Lamar,,BOE D1,,,HORACE HIGHTOWER ,213,15,156,42,0
Lamar,BARNESVILLE FBC,BOE D1,,,HORACE HIGHTOWER ,213,15,156,42,0
Lamar,,BOE D3,,,SUSAN WARE BYARS ,603,11,398,194,0
Lamar,L C S C,BOE D3,,,SUSAN WARE BYARS ,603,11,398,194,0
Lamar,,Republican Party Question 1<br>Should Georgia have casino gambling with funds going to education?,,REP,YES,1298,29,938,330,1
Lamar,BARNESVILLE FBC,Republican Party Question 1<br>Should Georgia have casino gambling with funds going to education?,,REP,YES,99,5,71,23,0
Lamar,CHAPPELL MILL V. FD,Republican Party Question 1<br>Should Georgia have casino gambling with funds going to education?,,REP,YES,145,5,116,24,0
Lamar,SENIOR CITZEN BLDG,Republican Party Question 1<br>Should Georgia have casino gambling with funds going to education?,,REP,YES,149,1,94,53,1
Lamar,REDBONE,Republican Party Question 1<br>Should Georgia have casino gambling with funds going to education?,,REP,YES,110,1,92,17,0
Lamar,L C S C,Republican Party Question 1<br>Should Georgia have casino gambling with funds going to education?,,REP,YES,409,7,284,118,0
Lamar,MILNER,Republican Party Question 1<br>Should Georgia have casino gambling with funds going to education?,,REP,YES,386,10,281,95,0
Lamar,,Republican Party Question 1<br>Should Georgia have casino gambling with funds going to education?,,REP,NO,1135,52,760,320,3
Lamar,BARNESVILLE FBC,Republican Party Question 1<br>Should Georgia have casino gambling with funds going to education?,,REP,NO,92,9,51,30,2
Lamar,CHAPPELL MILL V. FD,Republican Party Question 1<br>Should Georgia have casino gambling with funds going to education?,,REP,NO,106,10,73,22,1
Lamar,SENIOR CITZEN BLDG,Republican Party Question 1<br>Should Georgia have casino gambling with funds going to education?,,REP,NO,117,10,66,41,0
Lamar,REDBONE,Republican Party Question 1<br>Should Georgia have casino gambling with funds going to education?,,REP,NO,82,6,69,7,0
Lamar,L C S C,Republican Party Question 1<br>Should Georgia have casino gambling with funds going to education?,,REP,NO,343,7,207,129,0
Lamar,MILNER,Republican Party Question 1<br>Should Georgia have casino gambling with funds going to education?,,REP,NO,395,10,294,91,0
Lamar,,Republican Party Question 2<br>Do you support ending the current practice of unlimited gifts from lobbyists to state legislators by imposing a $100 cap on such gifts?,,REP,YES,2058,72,1419,563,4
Lamar,BARNESVILLE FBC,Republican Party Question 2<br>Do you support ending the current practice of unlimited gifts from lobbyists to state legislators by imposing a $100 cap on such gifts?,,REP,YES,158,13,97,46,2
Lamar,CHAPPELL MILL V. FD,Republican Party Question 2<br>Do you support ending the current practice of unlimited gifts from lobbyists to state legislators by imposing a $100 cap on such gifts?,,REP,YES,216,15,157,43,1
Lamar,SENIOR CITZEN BLDG,Republican Party Question 2<br>Do you support ending the current practice of unlimited gifts from lobbyists to state legislators by imposing a $100 cap on such gifts?,,REP,YES,214,9,127,77,1
Lamar,REDBONE,Republican Party Question 2<br>Do you support ending the current practice of unlimited gifts from lobbyists to state legislators by imposing a $100 cap on such gifts?,,REP,YES,169,7,141,21,0
Lamar,L C S C,Republican Party Question 2<br>Do you support ending the current practice of unlimited gifts from lobbyists to state legislators by imposing a $100 cap on such gifts?,,REP,YES,634,12,407,215,0
Lamar,MILNER,Republican Party Question 2<br>Do you support ending the current practice of unlimited gifts from lobbyists to state legislators by imposing a $100 cap on such gifts?,,REP,YES,667,16,490,161,0
Lamar,,Republican Party Question 2<br>Do you support ending the current practice of unlimited gifts from lobbyists to state legislators by imposing a $100 cap on such gifts?,,REP,NO,343,10,252,81,0
Lamar,BARNESVILLE FBC,Republican Party Question 2<br>Do you support ending the current practice of unlimited gifts from lobbyists to state legislators by imposing a $100 cap on such gifts?,,REP,NO,30,1,24,5,0
Lamar,CHAPPELL MILL V. FD,Republican Party Question 2<br>Do you support ending the current practice of unlimited gifts from lobbyists to state legislators by imposing a $100 cap on such gifts?,,REP,NO,30,0,27,3,0
Lamar,SENIOR CITZEN BLDG,Republican Party Question 2<br>Do you support ending the current practice of unlimited gifts from lobbyists to state legislators by imposing a $100 cap on such gifts?,,REP,NO,44,3,29,12,0
Lamar,REDBONE,Republican Party Question 2<br>Do you support ending the current practice of unlimited gifts from lobbyists to state legislators by imposing a $100 cap on such gifts?,,REP,NO,25,0,21,4,0
Lamar,L C S C,Republican Party Question 2<br>Do you support ending the current practice of unlimited gifts from lobbyists to state legislators by imposing a $100 cap on such gifts?,,REP,NO,108,2,73,33,0
Lamar,MILNER,Republican Party Question 2<br>Do you support ending the current practice of unlimited gifts from lobbyists to state legislators by imposing a $100 cap on such gifts?,,REP,NO,106,4,78,24,0
Lamar,,Republican Party Question 3<br>Should active duty military personnel who are under the age of 21 be allowed to obtain a Georgia weapons license?,,REP,YES,1833,57,1302,471,3
Lamar,BARNESVILLE FBC,Republican Party Question 3<br>Should active duty military personnel who are under the age of 21 be allowed to obtain a Georgia weapons license?,,REP,YES,129,9,81,38,1
Lamar,CHAPPELL MILL V. FD,Republican Party Question 3<br>Should active duty military personnel who are under the age of 21 be allowed to obtain a Georgia weapons license?,,REP,YES,190,10,143,36,1
Lamar,SENIOR CITZEN BLDG,Republican Party Question 3<br>Should active duty military personnel who are under the age of 21 be allowed to obtain a Georgia weapons license?,,REP,YES,209,12,122,74,1
Lamar,REDBONE,Republican Party Question 3<br>Should active duty military personnel who are under the age of 21 be allowed to obtain a Georgia weapons license?,,REP,YES,152,4,127,21,0
Lamar,L C S C,Republican Party Question 3<br>Should active duty military personnel who are under the age of 21 be allowed to obtain a Georgia weapons license?,,REP,YES,563,9,382,172,0
Lamar,MILNER,Republican Party Question 3<br>Should active duty military personnel who are under the age of 21 be allowed to obtain a Georgia weapons license?,,REP,YES,590,13,447,130,0
Lamar,,Republican Party Question 3<br>Should active duty military personnel who are under the age of 21 be allowed to obtain a Georgia weapons license?,,REP,NO,588,24,388,175,1
Lamar,BARNESVILLE FBC,Republican Party Question 3<br>Should active duty military personnel who are under the age of 21 be allowed to obtain a Georgia weapons license?,,REP,NO,61,4,41,15,1
Lamar,CHAPPELL MILL V. FD,Republican Party Question 3<br>Should active duty military personnel who are under the age of 21 be allowed to obtain a Georgia weapons license?,,REP,NO,63,5,48,10,0
Lamar,SENIOR CITZEN BLDG,Republican Party Question 3<br>Should active duty military personnel who are under the age of 21 be allowed to obtain a Georgia weapons license?,,REP,NO,55,0,40,15,0
Lamar,REDBONE,Republican Party Question 3<br>Should active duty military personnel who are under the age of 21 be allowed to obtain a Georgia weapons license?,,REP,NO,39,3,33,3,0
Lamar,L C S C,Republican Party Question 3<br>Should active duty military personnel who are under the age of 21 be allowed to obtain a Georgia weapons license?,,REP,NO,184,5,105,74,0
Lamar,MILNER,Republican Party Question 3<br>Should active duty military personnel who are under the age of 21 be allowed to obtain a Georgia weapons license?,,REP,NO,186,7,121,58,0
Lamar,,Republican Party Question 4<br>Should Citizens who wish to vote in a primary election be required to register by their political party affiliation at least thirty (30) days prior to such primary election?,,REP,YES,1046,37,742,265,2
Lamar,BARNESVILLE FBC,Republican Party Question 4<br>Should Citizens who wish to vote in a primary election be required to register by their political party affiliation at least thirty (30) days prior to such primary election?,,REP,YES,80,8,52,19,1
Lamar,CHAPPELL MILL V. FD,Republican Party Question 4<br>Should Citizens who wish to vote in a primary election be required to register by their political party affiliation at least thirty (30) days prior to such primary election?,,REP,YES,116,5,91,19,1
Lamar,SENIOR CITZEN BLDG,Republican Party Question 4<br>Should Citizens who wish to vote in a primary election be required to register by their political party affiliation at least thirty (30) days prior to such primary election?,,REP,YES,107,4,68,35,0
Lamar,REDBONE,Republican Party Question 4<br>Should Citizens who wish to vote in a primary election be required to register by their political party affiliation at least thirty (30) days prior to such primary election?,,REP,YES,72,4,60,8,0
Lamar,L C S C,Republican Party Question 4<br>Should Citizens who wish to vote in a primary election be required to register by their political party affiliation at least thirty (30) days prior to such primary election?,,REP,YES,342,8,225,109,0
Lamar,MILNER,Republican Party Question 4<br>Should Citizens who wish to vote in a primary election be required to register by their political party affiliation at least thirty (30) days prior to such primary election?,,REP,YES,329,8,246,75,0
Lamar,,Republican Party Question 4<br>Should Citizens who wish to vote in a primary election be required to register by their political party affiliation at least thirty (30) days prior to such primary election?,,REP,NO,1336,41,917,376,2
Lamar,BARNESVILLE FBC,Republican Party Question 4<br>Should Citizens who wish to vote in a primary election be required to register by their political party affiliation at least thirty (30) days prior to such primary election?,,REP,NO,108,6,68,33,1
Lamar,CHAPPELL MILL V. FD,Republican Party Question 4<br>Should Citizens who wish to vote in a primary election be required to register by their political party affiliation at least thirty (30) days prior to such primary election?,,REP,NO,130,9,95,26,0
Lamar,SENIOR CITZEN BLDG,Republican Party Question 4<br>Should Citizens who wish to vote in a primary election be required to register by their political party affiliation at least thirty (30) days prior to such primary election?,,REP,NO,150,6,86,57,1
Lamar,REDBONE,Republican Party Question 4<br>Should Citizens who wish to vote in a primary election be required to register by their political party affiliation at least thirty (30) days prior to such primary election?,,REP,NO,117,3,99,15,0
Lamar,L C S C,Republican Party Question 4<br>Should Citizens who wish to vote in a primary election be required to register by their political party affiliation at least thirty (30) days prior to such primary election?,,REP,NO,396,5,256,135,0
Lamar,MILNER,Republican Party Question 4<br>Should Citizens who wish to vote in a primary election be required to register by their political party affiliation at least thirty (30) days prior to such primary election?,,REP,NO,435,12,313,110,0
Lamar,,Republican Party Question 5 <br>Life Amendment Question,,REP,YES,1576,46,1115,414,1
Lamar,BARNESVILLE FBC,Republican Party Question 5 <br>Life Amendment Question,,REP,YES,111,10,71,30,0
Lamar,CHAPPELL MILL V. FD,Republican Party Question 5 <br>Life Amendment Question,,REP,YES,156,10,122,23,1
Lamar,SENIOR CITZEN BLDG,Republican Party Question 5 <br>Life Amendment Question,,REP,YES,179,5,113,61,0
Lamar,REDBONE,Republican Party Question 5 <br>Life Amendment Question,,REP,YES,137,6,117,14,0
Lamar,L C S C,Republican Party Question 5 <br>Life Amendment Question,,REP,YES,485,6,315,164,0
Lamar,MILNER,Republican Party Question 5 <br>Life Amendment Question,,REP,YES,508,9,377,122,0
Lamar,,Republican Party Question 5 <br>Life Amendment Question,,REP,NO,742,25,497,217,3
Lamar,BARNESVILLE FBC,Republican Party Question 5 <br>Life Amendment Question,,REP,NO,67,3,42,20,2
Lamar,CHAPPELL MILL V. FD,Republican Party Question 5 <br>Life Amendment Question,,REP,NO,86,4,59,23,0
Lamar,SENIOR CITZEN BLDG,Republican Party Question 5 <br>Life Amendment Question,,REP,NO,73,5,42,25,1
Lamar,REDBONE,Republican Party Question 5 <br>Life Amendment Question,,REP,NO,52,1,40,11,0
Lamar,L C S C,Republican Party Question 5 <br>Life Amendment Question,,REP,NO,232,5,149,78,0
Lamar,MILNER,Republican Party Question 5 <br>Life Amendment Question,,REP,NO,232,7,165,60,0
Lamar,,Democratic Party Question 1<br>Should the Georgia Constitution be amended to allow the state to override locally-elected school boards’ decisions when it comes to the creation of charter schools in your county or city?,,DEM,YES,257,7,187,63,0
Lamar,BARNESVILLE FBC,Democratic Party Question 1<br>Should the Georgia Constitution be amended to allow the state to override locally-elected school boards’ decisions when it comes to the creation of charter schools in your county or city?,,DEM,YES,101,3,71,27,0
Lamar,CHAPPELL MILL V. FD,Democratic Party Question 1<br>Should the Georgia Constitution be amended to allow the state to override locally-elected school boards’ decisions when it comes to the creation of charter schools in your county or city?,,DEM,YES,24,0,20,4,0
Lamar,SENIOR CITZEN BLDG,Democratic Party Question 1<br>Should the Georgia Constitution be amended to allow the state to override locally-elected school boards’ decisions when it comes to the creation of charter schools in your county or city?,,DEM,YES,43,0,35,8,0
Lamar,REDBONE,Democratic Party Question 1<br>Should the Georgia Constitution be amended to allow the state to override locally-elected school boards’ decisions when it comes to the creation of charter schools in your county or city?,,DEM,YES,7,1,3,3,0
Lamar,L C S C,Democratic Party Question 1<br>Should the Georgia Constitution be amended to allow the state to override locally-elected school boards’ decisions when it comes to the creation of charter schools in your county or city?,,DEM,YES,34,1,23,10,0
Lamar,MILNER,Democratic Party Question 1<br>Should the Georgia Constitution be amended to allow the state to override locally-elected school boards’ decisions when it comes to the creation of charter schools in your county or city?,,DEM,YES,48,2,35,11,0
Lamar,,Democratic Party Question 1<br>Should the Georgia Constitution be amended to allow the state to override locally-elected school boards’ decisions when it comes to the creation of charter schools in your county or city?,,DEM,NO,350,20,265,64,1
Lamar,BARNESVILLE FBC,Democratic Party Question 1<br>Should the Georgia Constitution be amended to allow the state to override locally-elected school boards’ decisions when it comes to the creation of charter schools in your county or city?,,DEM,NO,116,12,86,18,0
Lamar,CHAPPELL MILL V. FD,Democratic Party Question 1<br>Should the Georgia Constitution be amended to allow the state to override locally-elected school boards’ decisions when it comes to the creation of charter schools in your county or city?,,DEM,NO,29,0,26,3,0
Lamar,SENIOR CITZEN BLDG,Democratic Party Question 1<br>Should the Georgia Constitution be amended to allow the state to override locally-elected school boards’ decisions when it comes to the creation of charter schools in your county or city?,,DEM,NO,49,1,36,11,1
Lamar,REDBONE,Democratic Party Question 1<br>Should the Georgia Constitution be amended to allow the state to override locally-elected school boards’ decisions when it comes to the creation of charter schools in your county or city?,,DEM,NO,16,0,13,3,0
Lamar,L C S C,Democratic Party Question 1<br>Should the Georgia Constitution be amended to allow the state to override locally-elected school boards’ decisions when it comes to the creation of charter schools in your county or city?,,DEM,NO,71,5,47,19,0
Lamar,MILNER,Democratic Party Question 1<br>Should the Georgia Constitution be amended to allow the state to override locally-elected school boards’ decisions when it comes to the creation of charter schools in your county or city?,,DEM,NO,69,2,57,10,0
Lamar,,Democratic Party Question 2<br>Do you support ending current practice permitting unlimited gifts from lobbyists to state legislators?,,DEM,YES,378,18,279,80,1
Lamar,BARNESVILLE FBC,Democratic Party Question 2<br>Do you support ending current practice permitting unlimited gifts from lobbyists to state legislators?,,DEM,YES,135,11,102,22,0
Lamar,CHAPPELL MILL V. FD,Democratic Party Question 2<br>Do you support ending current practice permitting unlimited gifts from lobbyists to state legislators?,,DEM,YES,31,0,26,5,0
Lamar,SENIOR CITZEN BLDG,Democratic Party Question 2<br>Do you support ending current practice permitting unlimited gifts from lobbyists to state legislators?,,DEM,YES,57,1,42,13,1
Lamar,REDBONE,Democratic Party Question 2<br>Do you support ending current practice permitting unlimited gifts from lobbyists to state legislators?,,DEM,YES,14,1,9,4,0
Lamar,L C S C,Democratic Party Question 2<br>Do you support ending current practice permitting unlimited gifts from lobbyists to state legislators?,,DEM,YES,67,3,43,21,0
Lamar,MILNER,Democratic Party Question 2<br>Do you support ending current practice permitting unlimited gifts from lobbyists to state legislators?,,DEM,YES,74,2,57,15,0
Lamar,,Democratic Party Question 2<br>Do you support ending current practice permitting unlimited gifts from lobbyists to state legislators?,,DEM,NO,218,10,168,40,0
Lamar,BARNESVILLE FBC,Democratic Party Question 2<br>Do you support ending current practice permitting unlimited gifts from lobbyists to state legislators?,,DEM,NO,81,4,59,18,0
Lamar,CHAPPELL MILL V. FD,Democratic Party Question 2<br>Do you support ending current practice permitting unlimited gifts from lobbyists to state legislators?,,DEM,NO,21,0,20,1,0
Lamar,SENIOR CITZEN BLDG,Democratic Party Question 2<br>Do you support ending current practice permitting unlimited gifts from lobbyists to state legislators?,,DEM,NO,34,1,29,4,0
Lamar,REDBONE,Democratic Party Question 2<br>Do you support ending current practice permitting unlimited gifts from lobbyists to state legislators?,,DEM,NO,9,0,7,2,0
Lamar,L C S C,Democratic Party Question 2<br>Do you support ending current practice permitting unlimited gifts from lobbyists to state legislators?,,DEM,NO,35,3,23,9,0
Lamar,MILNER,Democratic Party Question 2<br>Do you support ending current practice permitting unlimited gifts from lobbyists to state legislators?,,DEM,NO,38,2,30,6,0
Lamar,,Democratic Party Question 3<br>Should Georgia adopt an income tax credit for home energy costs to support the economic security of our families?,,DEM,YES,489,22,363,103,1
Lamar,BARNESVILLE FBC,Democratic Party Question 3<br>Should Georgia adopt an income tax credit for home energy costs to support the economic security of our families?,,DEM,YES,179,10,135,34,0
Lamar,CHAPPELL MILL V. FD,Democratic Party Question 3<br>Should Georgia adopt an income tax credit for home energy costs to support the economic security of our families?,,DEM,YES,39,0,35,4,0
Lamar,SENIOR CITZEN BLDG,Democratic Party Question 3<br>Should Georgia adopt an income tax credit for home energy costs to support the economic security of our families?,,DEM,YES,75,1,56,17,1
Lamar,REDBONE,Democratic Party Question 3<br>Should Georgia adopt an income tax credit for home energy costs to support the economic security of our families?,,DEM,YES,18,1,12,5,0
Lamar,L C S C,Democratic Party Question 3<br>Should Georgia adopt an income tax credit for home energy costs to support the economic security of our families?,,DEM,YES,87,6,55,26,0
Lamar,MILNER,Democratic Party Question 3<br>Should Georgia adopt an income tax credit for home energy costs to support the economic security of our families?,,DEM,YES,91,4,70,17,0
Lamar,,Democratic Party Question 3<br>Should Georgia adopt an income tax credit for home energy costs to support the economic security of our families?,,DEM,NO,126,6,99,21,0
Lamar,BARNESVILLE FBC,Democratic Party Question 3<br>Should Georgia adopt an income tax credit for home energy costs to support the economic security of our families?,,DEM,NO,51,6,36,9,0
Lamar,CHAPPELL MILL V. FD,Democratic Party Question 3<br>Should Georgia adopt an income tax credit for home energy costs to support the economic security of our families?,,DEM,NO,12,0,9,3,0
Lamar,SENIOR CITZEN BLDG,Democratic Party Question 3<br>Should Georgia adopt an income tax credit for home energy costs to support the economic security of our families?,,DEM,NO,17,0,16,1,0
Lamar,REDBONE,Democratic Party Question 3<br>Should Georgia adopt an income tax credit for home energy costs to support the economic security of our families?,,DEM,NO,5,0,4,1,0
Lamar,L C S C,Democratic Party Question 3<br>Should Georgia adopt an income tax credit for home energy costs to support the economic security of our families?,,DEM,NO,20,0,16,4,0
Lamar,MILNER,Democratic Party Question 3<br>Should Georgia adopt an income tax credit for home energy costs to support the economic security of our families?,,DEM,NO,21,0,18,3,0
Lamar,,Democratic Party Question 4 <br>Should Georgia reduce sales taxes on Made in Georgia products so as to support the growth of small businesses in our state?,,DEM,YES,544,23,412,108,1
Lamar,BARNESVILLE FBC,Democratic Party Question 4 <br>Should Georgia reduce sales taxes on Made in Georgia products so as to support the growth of small businesses in our state?,,DEM,YES,198,13,147,38,0
Lamar,CHAPPELL MILL V. FD,Democratic Party Question 4 <br>Should Georgia reduce sales taxes on Made in Georgia products so as to support the growth of small businesses in our state?,,DEM,YES,47,0,42,5,0
Lamar,SENIOR CITZEN BLDG,Democratic Party Question 4 <br>Should Georgia reduce sales taxes on Made in Georgia products so as to support the growth of small businesses in our state?,,DEM,YES,83,1,67,14,1
Lamar,REDBONE,Democratic Party Question 4 <br>Should Georgia reduce sales taxes on Made in Georgia products so as to support the growth of small businesses in our state?,,DEM,YES,21,1,14,6,0
Lamar,L C S C,Democratic Party Question 4 <br>Should Georgia reduce sales taxes on Made in Georgia products so as to support the growth of small businesses in our state?,,DEM,YES,97,6,62,29,0
Lamar,MILNER,Democratic Party Question 4 <br>Should Georgia reduce sales taxes on Made in Georgia products so as to support the growth of small businesses in our state?,,DEM,YES,98,2,80,16,0
Lamar,,Democratic Party Question 4 <br>Should Georgia reduce sales taxes on Made in Georgia products so as to support the growth of small businesses in our state?,,DEM,NO,78,3,57,18,0
Lamar,BARNESVILLE FBC,Democratic Party Question 4 <br>Should Georgia reduce sales taxes on Made in Georgia products so as to support the growth of small businesses in our state?,,DEM,NO,31,2,24,5,0
Lamar,CHAPPELL MILL V. FD,Democratic Party Question 4 <br>Should Georgia reduce sales taxes on Made in Georgia products so as to support the growth of small businesses in our state?,,DEM,NO,7,0,5,2,0
Lamar,SENIOR CITZEN BLDG,Democratic Party Question 4 <br>Should Georgia reduce sales taxes on Made in Georgia products so as to support the growth of small businesses in our state?,,DEM,NO,10,0,6,4,0
Lamar,REDBONE,Democratic Party Question 4 <br>Should Georgia reduce sales taxes on Made in Georgia products so as to support the growth of small businesses in our state?,,DEM,NO,2,0,2,0,0
Lamar,L C S C,Democratic Party Question 4 <br>Should Georgia reduce sales taxes on Made in Georgia products so as to support the growth of small businesses in our state?,,DEM,NO,12,0,9,3,0
Lamar,MILNER,Democratic Party Question 4 <br>Should Georgia reduce sales taxes on Made in Georgia products so as to support the growth of small businesses in our state?,,DEM,NO,16,1,11,4,0
Lamar,,Supreme Court Justice, Hunstein,I,CAROL W. HUNSTEIN,2391,75,1706,605,5
Lamar,BARNESVILLE FBC,Supreme Court Justice, Hunstein,I,CAROL W. HUNSTEIN,309,25,211,71,2
Lamar,CHAPPELL MILL V. FD,Supreme Court Justice, Hunstein,I,CAROL W. HUNSTEIN,250,8,193,48,1
Lamar,SENIOR CITZEN BLDG,Supreme Court Justice, Hunstein,I,CAROL W. HUNSTEIN,286,9,192,83,2
Lamar,REDBONE,Supreme Court Justice, Hunstein,I,CAROL W. HUNSTEIN,167,7,138,22,0
Lamar,L C S C,Supreme Court Justice, Hunstein,I,CAROL W. HUNSTEIN,668,13,436,219,0
Lamar,MILNER,Supreme Court Justice, Hunstein,I,CAROL W. HUNSTEIN,711,13,536,162,0
Lamar,,Supreme Court Justice, Hunstein,,Write-in,10,2,6,2,0
Lamar,BARNESVILLE FBC,Supreme Court Justice, Hunstein,,Write-in,1,0,1,0,0
Lamar,CHAPPELL MILL V. FD,Supreme Court Justice, Hunstein,,Write-in,2,0,2,0,0
Lamar,SENIOR CITZEN BLDG,Supreme Court Justice, Hunstein,,Write-in,4,2,1,1,0
Lamar,REDBONE,Supreme Court Justice, Hunstein,,Write-in,2,0,2,0,0
Lamar,L C S C,Supreme Court Justice, Hunstein,,Write-in,1,0,0,1,0
Lamar,MILNER,Supreme Court Justice, Hunstein,,Write-in,0,0,0,0,0
Lamar,,Supreme Court Justice, Melton,,HAROLD D. MELTON ,2338,76,1665,592,5
Lamar,BARNESVILLE FBC,Supreme Court Justice, Melton,,HAROLD D. MELTON ,308,24,216,66,2
Lamar,CHAPPELL MILL V. FD,Supreme Court Justice, Melton,,HAROLD D. MELTON ,238,8,184,45,1
Lamar,SENIOR CITZEN BLDG,Supreme Court Justice, Melton,,HAROLD D. MELTON ,276,10,178,86,2
Lamar,REDBONE,Supreme Court Justice, Melton,,HAROLD D. MELTON ,174,7,143,24,0
Lamar,L C S C,Supreme Court Justice, Melton,,HAROLD D. MELTON ,649,15,422,212,0
Lamar,MILNER,Supreme Court Justice, Melton,,HAROLD D. MELTON ,693,12,522,159,0
Lamar,,Supreme Court Justice, Melton,,Write-in,5,1,3,1,0
Lamar,BARNESVILLE FBC,Supreme Court Justice, Melton,,Write-in,1,1,0,0,0
Lamar,CHAPPELL MILL V. FD,Supreme Court Justice, Melton,,Write-in,2,0,2,0,0
Lamar,SENIOR CITZEN BLDG,Supreme Court Justice, Melton,,Write-in,0,0,0,0,0
Lamar,REDBONE,Supreme Court Justice, Melton,,Write-in,1,0,1,0,0
Lamar,L C S C,Supreme Court Justice, Melton,,Write-in,1,0,0,1,0
Lamar,MILNER,Supreme Court Justice, Melton,,Write-in,0,0,0,0,0
Lamar,,Supreme Court Justice, Thompson,,HUGH P. THOMPSON ,2347,81,1663,598,5
Lamar,BARNESVILLE FBC,Supreme Court Justice, Thompson,,HUGH P. THOMPSON ,314,25,215,72,2
Lamar,CHAPPELL MILL V. FD,Supreme Court Justice, Thompson,,HUGH P. THOMPSON ,234,8,181,44,1
Lamar,SENIOR CITZEN BLDG,Supreme Court Justice, Thompson,,HUGH P. THOMPSON ,276,10,181,83,2
Lamar,REDBONE,Supreme Court Justice, Thompson,,HUGH P. THOMPSON ,175,7,145,23,0
Lamar,L C S C,Supreme Court Justice, Thompson,,HUGH P. THOMPSON ,656,16,424,216,0
Lamar,MILNER,Supreme Court Justice, Thompson,,HUGH P. THOMPSON ,692,15,517,160,0
Lamar,,Supreme Court Justice, Thompson,,Write-in,5,1,3,1,0
Lamar,BARNESVILLE FBC,Supreme Court Justice, Thompson,,Write-in,1,1,0,0,0
Lamar,CHAPPELL MILL V. FD,Supreme Court Justice, Thompson,,Write-in,2,0,2,0,0
Lamar,SENIOR CITZEN BLDG,Supreme Court Justice, Thompson,,Write-in,0,0,0,0,0
Lamar,REDBONE,Supreme Court Justice, Thompson,,Write-in,1,0,1,0,0
Lamar,L C S C,Supreme Court Justice, Thompson,,Write-in,1,0,0,1,0
Lamar,MILNER,Supreme Court Justice, Thompson,,Write-in,0,0,0,0,0
Lamar,,Appeals Court Judge, Boggs,,MICHAEL P. BOGGS ,2309,78,1638,588,5
Lamar,BARNESVILLE FBC,Appeals Court Judge, Boggs,,MICHAEL P. BOGGS ,306,25,212,67,2
Lamar,CHAPPELL MILL V. FD,Appeals Court Judge, Boggs,,MICHAEL P. BOGGS ,229,8,176,44,1
Lamar,SENIOR CITZEN BLDG,Appeals Court Judge, Boggs,,MICHAEL P. BOGGS ,271,9,176,84,2
Lamar,REDBONE,Appeals Court Judge, Boggs,,MICHAEL P. BOGGS ,171,7,142,22,0
Lamar,L C S C,Appeals Court Judge, Boggs,,MICHAEL P. BOGGS ,646,16,415,215,0
Lamar,MILNER,Appeals Court Judge, Boggs,,MICHAEL P. BOGGS ,686,13,517,156,0
Lamar,,Appeals Court Judge, Boggs,,Write-in,4,1,2,1,0
Lamar,BARNESVILLE FBC,Appeals Court Judge, Boggs,,Write-in,2,1,1,0,0
Lamar,CHAPPELL MILL V. FD,Appeals Court Judge, Boggs,,Write-in,1,0,1,0,0
Lamar,SENIOR CITZEN BLDG,Appeals Court Judge, Boggs,,Write-in,0,0,0,0,0
Lamar,REDBONE,Appeals Court Judge, Boggs,,Write-in,0,0,0,0,0
Lamar,L C S C,Appeals Court Judge, Boggs,,Write-in,1,0,0,1,0
Lamar,MILNER,Appeals Court Judge, Boggs,,Write-in,0,0,0,0,0
Lamar,,Appeals Court Judge, Dillard,,STEPHEN DILLARD ,2291,80,1621,585,5
Lamar,BARNESVILLE FBC,Appeals Court Judge, Dillard,,STEPHEN DILLARD ,299,24,206,67,2
Lamar,CHAPPELL MILL V. FD,Appeals Court Judge, Dillard,,STEPHEN DILLARD ,228,8,176,43,1
Lamar,SENIOR CITZEN BLDG,Appeals Court Judge, Dillard,,STEPHEN DILLARD ,268,10,172,84,2
Lamar,REDBONE,Appeals Court Judge, Dillard,,STEPHEN DILLARD ,171,7,143,21,0
Lamar,L C S C,Appeals Court Judge, Dillard,,STEPHEN DILLARD ,645,16,416,213,0
Lamar,MILNER,Appeals Court Judge, Dillard,,STEPHEN DILLARD ,680,15,508,157,0
Lamar,,Appeals Court Judge, Dillard,,Write-in,4,0,3,1,0
Lamar,BARNESVILLE FBC,Appeals Court Judge, Dillard,,Write-in,1,0,1,0,0
Lamar,CHAPPELL MILL V. FD,Appeals Court Judge, Dillard,,Write-in,2,0,2,0,0
Lamar,SENIOR CITZEN BLDG,Appeals Court Judge, Dillard,,Write-in,0,0,0,0,0
Lamar,REDBONE,Appeals Court Judge, Dillard,,Write-in,0,0,0,0,0
Lamar,L C S C,Appeals Court Judge, Dillard,,Write-in,1,0,0,1,0
Lamar,MILNER,Appeals Court Judge, Dillard,,Write-in,0,0,0,0,0
Lamar,,Appeals Court Judge, Ellington,I,JOHN J. ELLINGTON,2305,82,1630,588,5
Lamar,BARNESVILLE FBC,Appeals Court Judge, Ellington,I,JOHN J. ELLINGTON,296,23,205,66,2
Lamar,CHAPPELL MILL V. FD,Appeals Court Judge, Ellington,I,JOHN J. ELLINGTON,232,10,176,45,1
Lamar,SENIOR CITZEN BLDG,Appeals Court Judge, Ellington,I,JOHN J. ELLINGTON,271,10,174,85,2
Lamar,REDBONE,Appeals Court Judge, Ellington,I,JOHN J. ELLINGTON,173,7,144,22,0
Lamar,L C S C,Appeals Court Judge, Ellington,I,JOHN J. ELLINGTON,646,16,419,211,0
Lamar,MILNER,Appeals Court Judge, Ellington,I,JOHN J. ELLINGTON,687,16,512,159,0
Lamar,,Appeals Court Judge, Ellington,,Write-in,4,0,3,1,0
Lamar,BARNESVILLE FBC,Appeals Court Judge, Ellington,,Write-in,1,0,1,0,0
Lamar,CHAPPELL MILL V. FD,Appeals Court Judge, Ellington,,Write-in,1,0,1,0,0
Lamar,SENIOR CITZEN BLDG,Appeals Court Judge, Ellington,,Write-in,1,0,1,0,0
Lamar,REDBONE,Appeals Court Judge, Ellington,,Write-in,0,0,0,0,0
Lamar,L C S C,Appeals Court Judge, Ellington,,Write-in,1,0,0,1,0
Lamar,MILNER,Appeals Court Judge, Ellington,,Write-in,0,0,0,0,0
Lamar,,Appeals Court Judge, Miller,,M. YVETTE MILLER ,2281,78,1618,580,5
Lamar,BARNESVILLE FBC,Appeals Court Judge, Miller,,M. YVETTE MILLER ,305,23,213,67,2
Lamar,CHAPPELL MILL V. FD,Appeals Court Judge, Miller,,M. YVETTE MILLER ,225,9,173,42,1
Lamar,SENIOR CITZEN BLDG,Appeals Court Judge, Miller,,M. YVETTE MILLER ,273,10,178,83,2
Lamar,REDBONE,Appeals Court Judge, Miller,,M. YVETTE MILLER ,170,7,140,23,0
Lamar,L C S C,Appeals Court Judge, Miller,,M. YVETTE MILLER ,630,14,406,210,0
Lamar,MILNER,Appeals Court Judge, Miller,,M. YVETTE MILLER ,678,15,508,155,0
Lamar,,Appeals Court Judge, Miller,,Write-in,6,1,4,1,0
Lamar,BARNESVILLE FBC,Appeals Court Judge, Miller,,Write-in,2,1,1,0,0
Lamar,CHAPPELL MILL V. FD,Appeals Court Judge, Miller,,Write-in,3,0,3,0,0
Lamar,SENIOR CITZEN BLDG,Appeals Court Judge, Miller,,Write-in,0,0,0,0,0
Lamar,REDBONE,Appeals Court Judge, Miller,,Write-in,0,0,0,0,0
Lamar,L C S C,Appeals Court Judge, Miller,,Write-in,1,0,0,1,0
Lamar,MILNER,Appeals Court Judge, Miller,,Write-in,0,0,0,0,0
Lamar,,Appeals Court Judge, Phipps,,HERBERT PHIPPS ,2275,81,1612,577,5
Lamar,BARNESVILLE FBC,Appeals Court Judge, Phipps,,HERBERT PHIPPS ,301,24,207,68,2
Lamar,CHAPPELL MILL V. FD,Appeals Court Judge, Phipps,,HERBERT PHIPPS ,227,9,175,42,1
Lamar,SENIOR CITZEN BLDG,Appeals Court Judge, Phipps,,HERBERT PHIPPS ,269,10,174,83,2
Lamar,REDBONE,Appeals Court Judge, Phipps,,HERBERT PHIPPS ,168,7,139,22,0
Lamar,L C S C,Appeals Court Judge, Phipps,,HERBERT PHIPPS ,633,16,411,206,0
Lamar,MILNER,Appeals Court Judge, Phipps,,HERBERT PHIPPS ,677,15,506,156,0
Lamar,,Appeals Court Judge, Phipps,,Write-in,4,0,3,1,0
Lamar,BARNESVILLE FBC,Appeals Court Judge, Phipps,,Write-in,1,0,1,0,0
Lamar,CHAPPELL MILL V. FD,Appeals Court Judge, Phipps,,Write-in,2,0,2,0,0
Lamar,SENIOR CITZEN BLDG,Appeals Court Judge, Phipps,,Write-in,0,0,0,0,0
Lamar,REDBONE,Appeals Court Judge, Phipps,,Write-in,0,0,0,0,0
Lamar,L C S C,Appeals Court Judge, Phipps,,Write-in,1,0,0,1,0
Lamar,MILNER,Appeals Court Judge, Phipps,,Write-in,0,0,0,0,0
Lamar,,Superior Court Judge, Towaliga Circuit (Fears),,BILL FEARS ,2416,87,1711,613,5
Lamar,BARNESVILLE FBC,Superior Court Judge, Towaliga Circuit (Fears),,BILL FEARS ,329,26,225,76,2
Lamar,CHAPPELL MILL V. FD,Superior Court Judge, Towaliga Circuit (Fears),,BILL FEARS ,237,10,183,43,1
Lamar,SENIOR CITZEN BLDG,Superior Court Judge, Towaliga Circuit (Fears),,BILL FEARS ,288,10,189,87,2
Lamar,REDBONE,Superior Court Judge, Towaliga Circuit (Fears),,BILL FEARS ,175,8,146,21,0
Lamar,L C S C,Superior Court Judge, Towaliga Circuit (Fears),,BILL FEARS ,686,17,445,224,0
Lamar,MILNER,Superior Court Judge, Towaliga Circuit (Fears),,BILL FEARS ,701,16,523,162,0
Lamar,,Superior Court Judge, Towaliga Circuit (Fears),,Write-in,7,1,5,1,0
Lamar,BARNESVILLE FBC,Superior Court Judge, Towaliga Circuit (Fears),,Write-in,3,1,2,0,0
Lamar,CHAPPELL MILL V. FD,Superior Court Judge, Towaliga Circuit (Fears),,Write-in,1,0,1,0,0
Lamar,SENIOR CITZEN BLDG,Superior Court Judge, Towaliga Circuit (Fears),,Write-in,0,0,0,0,0
Lamar,REDBONE,Superior Court Judge, Towaliga Circuit (Fears),,Write-in,0,0,0,0,0
Lamar,L C S C,Superior Court Judge, Towaliga Circuit (Fears),,Write-in,3,0,2,1,0
Lamar,MILNER,Superior Court Judge, Towaliga Circuit (Fears),,Write-in,0,0,0,0,0
Lamar,,JUDGE PROBATE COURT,,,KATHY MARTIN ,2613,92,1847,669,5
Lamar,BARNESVILLE FBC,JUDGE PROBATE COURT,,,KATHY MARTIN ,382,27,266,87,2
Lamar,CHAPPELL MILL V. FD,JUDGE PROBATE COURT,,,KATHY MARTIN ,250,10,192,47,1
Lamar,SENIOR CITZEN BLDG,JUDGE PROBATE COURT,,,KATHY MARTIN ,313,10,206,95,2
Lamar,REDBONE,JUDGE PROBATE COURT,,,KATHY MARTIN ,183,8,152,23,0
Lamar,L C S C,JUDGE PROBATE COURT,,,KATHY MARTIN ,746,18,481,247,0
Lamar,MILNER,JUDGE PROBATE COURT,,,KATHY MARTIN ,739,19,550,170,0
Lamar,,JUDGE PROBATE COURT,,,Write-in,10,0,8,2,0
Lamar,BARNESVILLE FBC,JUDGE PROBATE COURT,,,Write-in,0,0,0,0,0
Lamar,CHAPPELL MILL V. FD,JUDGE PROBATE COURT,,,Write-in,2,0,2,0,0
Lamar,SENIOR CITZEN BLDG,JUDGE PROBATE COURT,,,Write-in,2,0,2,0,0
Lamar,REDBONE,JUDGE PROBATE COURT,,,Write-in,3,0,3,0,0
Lamar,L C S C,JUDGE PROBATE COURT,,,Write-in,2,0,1,1,0
Lamar,MILNER,JUDGE PROBATE COURT,,,Write-in,1,0,0,1,0
Lamar,,CLERK SUPERIOR COURT,,,ROBERT ABBOTT ,2584,89,1832,658,5
Lamar,BARNESVILLE FBC,CLERK SUPERIOR COURT,,,ROBERT ABBOTT ,371,27,258,84,2
Lamar,CHAPPELL MILL V. FD,CLERK SUPERIOR COURT,,,ROBERT ABBOTT ,243,10,188,44,1
Lamar,SENIOR CITZEN BLDG,CLERK SUPERIOR COURT,,,ROBERT ABBOTT ,298,10,196,90,2
Lamar,REDBONE,CLERK SUPERIOR COURT,,,ROBERT ABBOTT ,185,7,155,23,0
Lamar,L C S C,CLERK SUPERIOR COURT,,,ROBERT ABBOTT ,758,17,495,246,0
Lamar,MILNER,CLERK SUPERIOR COURT,,,ROBERT ABBOTT ,729,18,540,171,0
Lamar,,CLERK SUPERIOR COURT,,,Write-in,5,1,3,1,0
Lamar,BARNESVILLE FBC,CLERK SUPERIOR COURT,,,Write-in,1,1,0,0,0
Lamar,CHAPPELL MILL V. FD,CLERK SUPERIOR COURT,,,Write-in,2,0,2,0,0
Lamar,SENIOR CITZEN BLDG,CLERK SUPERIOR COURT,,,Write-in,1,0,1,0,0
Lamar,REDBONE,CLERK SUPERIOR COURT,,,Write-in,0,0,0,0,0
Lamar,L C S C,CLERK SUPERIOR COURT,,,Write-in,1,0,0,1,0
Lamar,MILNER,CLERK SUPERIOR COURT,,,Write-in,0,0,0,0,0
Lamar,,CHIEF MAGISTRATE,,I,WILLIAM A. THOMAS,1872,75,1263,529,5
Lamar,BARNESVILLE FBC,CHIEF MAGISTRATE,,I,WILLIAM A. THOMAS,239,21,149,67,2
Lamar,CHAPPELL MILL V. FD,CHIEF MAGISTRATE,,I,WILLIAM A. THOMAS,180,8,133,38,1
Lamar,SENIOR CITZEN BLDG,CHIEF MAGISTRATE,,I,WILLIAM A. THOMAS,214,10,134,68,2
Lamar,REDBONE,CHIEF MAGISTRATE,,I,WILLIAM A. THOMAS,127,7,104,16,0
Lamar,L C S C,CHIEF MAGISTRATE,,I,WILLIAM A. THOMAS,546,16,323,207,0
Lamar,MILNER,CHIEF MAGISTRATE,,I,WILLIAM A. THOMAS,566,13,420,133,0
Lamar,,CHIEF MAGISTRATE,,,SHANNON WILLIAMSON,1092,33,825,234,0
Lamar,BARNESVILLE FBC,CHIEF MAGISTRATE,,,SHANNON WILLIAMSON,177,10,137,30,0
Lamar,CHAPPELL MILL V. FD,CHIEF MAGISTRATE,,,SHANNON WILLIAMSON,100,7,82,11,0
Lamar,SENIOR CITZEN BLDG,CHIEF MAGISTRATE,,,SHANNON WILLIAMSON,137,2,95,40,0
Lamar,REDBONE,CHIEF MAGISTRATE,,,SHANNON WILLIAMSON,81,2,65,14,0
Lamar,L C S C,CHIEF MAGISTRATE,,,SHANNON WILLIAMSON,318,3,240,75,0
Lamar,MILNER,CHIEF MAGISTRATE,,,SHANNON WILLIAMSON,279,9,206,64,0
Lamar,,CHIEF MAGISTRATE,,,Write-in,1,0,1,0,0
Lamar,BARNESVILLE FBC,CHIEF MAGISTRATE,,,Write-in,0,0,0,0,0
Lamar,CHAPPELL MILL V. FD,CHIEF MAGISTRATE,,,Write-in,0,0,0,0,0
Lamar,SENIOR CITZEN BLDG,CHIEF MAGISTRATE,,,Write-in,1,0,1,0,0
Lamar,REDBONE,CHIEF MAGISTRATE,,,Write-in,0,0,0,0,0
Lamar,L C S C,CHIEF MAGISTRATE,,,Write-in,0,0,0,0,0
Lamar,MILNER,CHIEF MAGISTRATE,,,Write-in,0,0,0,0,0
Lamar,,TSPLOST,,,YES,907,37,648,220,2
Lamar,BARNESVILLE FBC,TSPLOST,,,YES,206,13,154,39,0
Lamar,CHAPPELL MILL V. FD,TSPLOST,,,YES,64,5,45,13,1
Lamar,SENIOR CITZEN BLDG,TSPLOST,,,YES,110,3,81,25,1
Lamar,REDBONE,TSPLOST,,,YES,43,1,37,5,0
Lamar,L C S C,TSPLOST,,,YES,264,6,166,92,0
Lamar,MILNER,TSPLOST,,,YES,220,9,165,46,0
Lamar,,TSPLOST,,,NO,2192,71,1547,571,3
Lamar,BARNESVILLE FBC,TSPLOST,,,NO,216,15,141,58,2
Lamar,CHAPPELL MILL V. FD,TSPLOST,,,NO,243,9,194,40,0
Lamar,SENIOR CITZEN BLDG,TSPLOST,,,NO,256,10,157,88,1
Lamar,REDBONE,TSPLOST,,,NO,180,8,145,27,0
Lamar,L C S C,TSPLOST,,,NO,614,14,407,193,0
Lamar,MILNER,TSPLOST,,,NO,683,15,503,165,0
