county,precinct,office,district,party,candidate,votes,absentee_by_mail,election_day,advance_in_person,provisional
Montgomery,,"Public Service Commission, District 3",3,REP,CHUCK EATON (I),696,23,580,93,0
Montgomery,Ailey,"Public Service Commission, District 3",3,REP,CHUCK EATON (I),56,0,39,17,0
Montgomery,Alston,"Public Service Commission, District 3",3,REP,CHUCK EATON (I),96,2,85,9,0
Montgomery,Higgston,"Public Service Commission, District 3",3,REP,CHUCK EATON (I),180,6,163,11,0
Montgomery,Kibbee,"Public Service Commission, District 3",3,REP,CHUCK EATON (I),90,3,84,3,0
Montgomery,Mount Vernon,"Public Service Commission, District 3",3,REP,CHUCK EATON (I),136,9,91,36,0
Montgomery,Tarrytown,"Public Service Commission, District 3",3,REP,CHUCK EATON (I),50,0,47,3,0
Montgomery,Uvalda,"Public Service Commission, District 3",3,REP,CHUCK EATON (I),88,3,71,14,0
Montgomery,,"Public Service Commission, District 3",3,REP,MATT REID,587,26,469,92,0
Montgomery,Ailey,"Public Service Commission, District 3",3,REP,MATT REID,55,6,37,12,0
Montgomery,Alston,"Public Service Commission, District 3",3,REP,MATT REID,72,1,62,9,0
Montgomery,Higgston,"Public Service Commission, District 3",3,REP,MATT REID,151,5,131,15,0
Montgomery,Kibbee,"Public Service Commission, District 3",3,REP,MATT REID,60,4,49,7,0
Montgomery,Mount Vernon,"Public Service Commission, District 3",3,REP,MATT REID,109,4,71,34,0
Montgomery,Tarrytown,"Public Service Commission, District 3",3,REP,MATT REID,55,3,46,6,0
Montgomery,Uvalda,"Public Service Commission, District 3",3,REP,MATT REID,85,3,73,9,0
Montgomery,,"Public Service Commission, District 3",3,DEM,STEPHEN OPPENHEIMER,498,20,373,104,1
Montgomery,Ailey,"Public Service Commission, District 3",3,DEM,STEPHEN OPPENHEIMER,44,2,36,5,1
Montgomery,Alston,"Public Service Commission, District 3",3,DEM,STEPHEN OPPENHEIMER,32,1,28,3,0
Montgomery,Higgston,"Public Service Commission, District 3",3,DEM,STEPHEN OPPENHEIMER,51,3,44,4,0
Montgomery,Kibbee,"Public Service Commission, District 3",3,DEM,STEPHEN OPPENHEIMER,26,1,21,4,0
Montgomery,Mount Vernon,"Public Service Commission, District 3",3,DEM,STEPHEN OPPENHEIMER,228,7,145,76,0
Montgomery,Tarrytown,"Public Service Commission, District 3",3,DEM,STEPHEN OPPENHEIMER,18,0,16,2,0
Montgomery,Uvalda,"Public Service Commission, District 3",3,DEM,STEPHEN OPPENHEIMER,99,6,83,10,0
Montgomery,,"Public Service Commission, District 5",5,REP,PAM DAVIDSON,554,23,450,81,0
Montgomery,Ailey,"Public Service Commission, District 5",5,REP,PAM DAVIDSON,43,3,30,10,0
Montgomery,Alston,"Public Service Commission, District 5",5,REP,PAM DAVIDSON,72,0,63,9,0
Montgomery,Higgston,"Public Service Commission, District 5",5,REP,PAM DAVIDSON,148,7,126,15,0
Montgomery,Kibbee,"Public Service Commission, District 5",5,REP,PAM DAVIDSON,57,4,48,5,0
Montgomery,Mount Vernon,"Public Service Commission, District 5",5,REP,PAM DAVIDSON,100,5,66,29,0
Montgomery,Tarrytown,"Public Service Commission, District 5",5,REP,PAM DAVIDSON,50,2,45,3,0
Montgomery,Uvalda,"Public Service Commission, District 5",5,REP,PAM DAVIDSON,84,2,72,10,0
Montgomery,,"Public Service Commission, District 5",5,REP,STAN WISE (I),688,28,557,103,0
Montgomery,Ailey,"Public Service Commission, District 5",5,REP,STAN WISE (I),64,3,42,19,0
Montgomery,Alston,"Public Service Commission, District 5",5,REP,STAN WISE (I),93,3,81,9,0
Montgomery,Higgston,"Public Service Commission, District 5",5,REP,STAN WISE (I),170,4,156,10,0
Montgomery,Kibbee,"Public Service Commission, District 5",5,REP,STAN WISE (I),83,3,74,6,0
Montgomery,Mount Vernon,"Public Service Commission, District 5",5,REP,STAN WISE (I),142,8,93,41,0
Montgomery,Tarrytown,"Public Service Commission, District 5",5,REP,STAN WISE (I),52,3,43,6,0
Montgomery,Uvalda,"Public Service Commission, District 5",5,REP,STAN WISE (I),84,4,68,12,0
Montgomery,,"U.S. Representative, District 12",12,REP,RICK W. ALLEN,335,11,276,48,0
Montgomery,Ailey,"U.S. Representative, District 12",12,REP,RICK W. ALLEN,24,2,15,7,0
Montgomery,Alston,"U.S. Representative, District 12",12,REP,RICK W. ALLEN,38,0,33,5,0
Montgomery,Higgston,"U.S. Representative, District 12",12,REP,RICK W. ALLEN,102,5,82,15,0
Montgomery,Kibbee,"U.S. Representative, District 12",12,REP,RICK W. ALLEN,29,2,25,2,0
Montgomery,Mount Vernon,"U.S. Representative, District 12",12,REP,RICK W. ALLEN,69,1,56,12,0
Montgomery,Tarrytown,"U.S. Representative, District 12",12,REP,RICK W. ALLEN,26,0,22,4,0
Montgomery,Uvalda,"U.S. Representative, District 12",12,REP,RICK W. ALLEN,47,1,43,3,0
Montgomery,,"U.S. Representative, District 12",12,REP,LEE ANDERSON,563,25,454,84,0
Montgomery,Ailey,"U.S. Representative, District 12",12,REP,LEE ANDERSON,51,3,33,15,0
Montgomery,Alston,"U.S. Representative, District 12",12,REP,LEE ANDERSON,83,2,71,10,0
Montgomery,Higgston,"U.S. Representative, District 12",12,REP,LEE ANDERSON,115,5,99,11,0
Montgomery,Kibbee,"U.S. Representative, District 12",12,REP,LEE ANDERSON,81,4,73,4,0
Montgomery,Mount Vernon,"U.S. Representative, District 12",12,REP,LEE ANDERSON,101,5,65,31,0
Montgomery,Tarrytown,"U.S. Representative, District 12",12,REP,LEE ANDERSON,52,2,46,4,0
Montgomery,Uvalda,"U.S. Representative, District 12",12,REP,LEE ANDERSON,80,4,67,9,0
Montgomery,,"U.S. Representative, District 12",12,REP,WRIGHT MCLEOD,194,3,165,26,0
Montgomery,Ailey,"U.S. Representative, District 12",12,REP,WRIGHT MCLEOD,15,1,13,1,0
Montgomery,Alston,"U.S. Representative, District 12",12,REP,WRIGHT MCLEOD,23,0,20,3,0
Montgomery,Higgston,"U.S. Representative, District 12",12,REP,WRIGHT MCLEOD,59,2,55,2,0
Montgomery,Kibbee,"U.S. Representative, District 12",12,REP,WRIGHT MCLEOD,32,0,30,2,0
Montgomery,Mount Vernon,"U.S. Representative, District 12",12,REP,WRIGHT MCLEOD,25,0,13,12,0
Montgomery,Tarrytown,"U.S. Representative, District 12",12,REP,WRIGHT MCLEOD,13,0,12,1,0
Montgomery,Uvalda,"U.S. Representative, District 12",12,REP,WRIGHT MCLEOD,27,0,22,5,0
Montgomery,,"U.S. Representative, District 12",12,REP,MARIA SHEFFIELD,283,9,230,44,0
Montgomery,Ailey,"U.S. Representative, District 12",12,REP,MARIA SHEFFIELD,25,0,20,5,0
Montgomery,Alston,"U.S. Representative, District 12",12,REP,MARIA SHEFFIELD,36,1,33,2,0
Montgomery,Higgston,"U.S. Representative, District 12",12,REP,MARIA SHEFFIELD,73,0,71,2,0
Montgomery,Kibbee,"U.S. Representative, District 12",12,REP,MARIA SHEFFIELD,22,1,20,1,0
Montgomery,Mount Vernon,"U.S. Representative, District 12",12,REP,MARIA SHEFFIELD,69,5,40,24,0
Montgomery,Tarrytown,"U.S. Representative, District 12",12,REP,MARIA SHEFFIELD,25,0,23,2,0
Montgomery,Uvalda,"U.S. Representative, District 12",12,REP,MARIA SHEFFIELD,33,2,23,8,0
Montgomery,,"U.S. Representative, District 12",12,DEM,JOHN BARROW (I),601,27,447,126,1
Montgomery,Ailey,"U.S. Representative, District 12",12,DEM,JOHN BARROW (I),54,1,47,5,1
Montgomery,Alston,"U.S. Representative, District 12",12,DEM,JOHN BARROW (I),37,2,30,5,0
Montgomery,Higgston,"U.S. Representative, District 12",12,DEM,JOHN BARROW (I),69,4,59,6,0
Montgomery,Kibbee,"U.S. Representative, District 12",12,DEM,JOHN BARROW (I),30,1,23,6,0
Montgomery,Mount Vernon,"U.S. Representative, District 12",12,DEM,JOHN BARROW (I),273,13,170,90,0
Montgomery,Tarrytown,"U.S. Representative, District 12",12,DEM,JOHN BARROW (I),25,0,22,3,0
Montgomery,Uvalda,"U.S. Representative, District 12",12,DEM,JOHN BARROW (I),113,6,96,11,0
Montgomery,,"State Senator, District 19",19,REP,TOMMIE WILLIAMS (I),1133,46,919,168,0
Montgomery,Ailey,"State Senator, District 19",19,REP,TOMMIE WILLIAMS (I),97,7,65,25,0
Montgomery,Alston,"State Senator, District 19",19,REP,TOMMIE WILLIAMS (I),156,5,132,19,0
Montgomery,Higgston,"State Senator, District 19",19,REP,TOMMIE WILLIAMS (I),301,11,266,24,0
Montgomery,Kibbee,"State Senator, District 19",19,REP,TOMMIE WILLIAMS (I),122,5,110,7,0
Montgomery,Mount Vernon,"State Senator, District 19",19,REP,TOMMIE WILLIAMS (I),216,8,139,69,0
Montgomery,Tarrytown,"State Senator, District 19",19,REP,TOMMIE WILLIAMS (I),93,5,80,8,0
Montgomery,Uvalda,"State Senator, District 19",19,REP,TOMMIE WILLIAMS (I),148,5,127,16,0
Montgomery,,"State Representative, District 156",156,REP,GREG MORRIS (I),1112,44,907,161,0
Montgomery,Ailey,"State Representative, District 156",156,REP,GREG MORRIS (I),92,6,62,24,0
Montgomery,Alston,"State Representative, District 156",156,REP,GREG MORRIS (I),161,5,136,20,0
Montgomery,Higgston,"State Representative, District 156",156,REP,GREG MORRIS (I),292,11,260,21,0
Montgomery,Kibbee,"State Representative, District 156",156,REP,GREG MORRIS (I),116,6,105,5,0
Montgomery,Mount Vernon,"State Representative, District 156",156,REP,GREG MORRIS (I),214,7,140,67,0
Montgomery,Tarrytown,"State Representative, District 156",156,REP,GREG MORRIS (I),94,4,82,8,0
Montgomery,Uvalda,"State Representative, District 156",156,REP,GREG MORRIS (I),143,5,122,16,0
Montgomery,,"District Attorney, Oconee Circuit", Oconee Circuit - DEM,DEM,TIMOTHY G. VAUGHN(I),506,20,371,114,1
Montgomery,Ailey,"District Attorney, Oconee Circuit", Oconee Circuit - DEM,DEM,TIMOTHY G. VAUGHN(I),47,2,40,4,1
Montgomery,Alston,"District Attorney, Oconee Circuit", Oconee Circuit - DEM,DEM,TIMOTHY G. VAUGHN(I),31,1,27,3,0
Montgomery,Higgston,"District Attorney, Oconee Circuit", Oconee Circuit - DEM,DEM,TIMOTHY G. VAUGHN(I),53,4,45,4,0
Montgomery,Kibbee,"District Attorney, Oconee Circuit", Oconee Circuit - DEM,DEM,TIMOTHY G. VAUGHN(I),27,1,20,6,0
Montgomery,Mount Vernon,"District Attorney, Oconee Circuit", Oconee Circuit - DEM,DEM,TIMOTHY G. VAUGHN(I),229,6,141,82,0
Montgomery,Tarrytown,"District Attorney, Oconee Circuit", Oconee Circuit - DEM,DEM,TIMOTHY G. VAUGHN(I),19,0,16,3,0
Montgomery,Uvalda,"District Attorney, Oconee Circuit", Oconee Circuit - DEM,DEM,TIMOTHY G. VAUGHN(I),100,6,82,12,0
Montgomery,,"JUDGE, PROBATE COURT", PROBATE COURT - D,,RUBIE N SANDERS ,802,36,588,177,1
Montgomery,Ailey,"JUDGE, PROBATE COURT", PROBATE COURT - D,,RUBIE N SANDERS ,81,4,67,9,1
Montgomery,Alston,"JUDGE, PROBATE COURT", PROBATE COURT - D,,RUBIE N SANDERS ,47,2,38,7,0
Montgomery,Higgston,"JUDGE, PROBATE COURT", PROBATE COURT - D,,RUBIE N SANDERS ,79,4,69,6,0
Montgomery,Kibbee,"JUDGE, PROBATE COURT", PROBATE COURT - D,,RUBIE N SANDERS ,44,1,36,7,0
Montgomery,Mount Vernon,"JUDGE, PROBATE COURT", PROBATE COURT - D,,RUBIE N SANDERS ,357,15,217,125,0
Montgomery,Tarrytown,"JUDGE, PROBATE COURT", PROBATE COURT - D,,RUBIE N SANDERS ,29,0,26,3,0
Montgomery,Uvalda,"JUDGE, PROBATE COURT", PROBATE COURT - D,,RUBIE N SANDERS ,165,10,135,20,0
Montgomery,,"CLERK, SUPERIOR COURT", SUPERIOR COURT - R,,S. KEITH HAMILTON,1156,48,926,182,0
Montgomery,Ailey,"CLERK, SUPERIOR COURT", SUPERIOR COURT - R,,S. KEITH HAMILTON,100,7,64,29,0
Montgomery,Alston,"CLERK, SUPERIOR COURT", SUPERIOR COURT - R,,S. KEITH HAMILTON,158,5,133,20,0
Montgomery,Higgston,"CLERK, SUPERIOR COURT", SUPERIOR COURT - R,,S. KEITH HAMILTON,290,10,253,27,0
Montgomery,Kibbee,"CLERK, SUPERIOR COURT", SUPERIOR COURT - R,,S. KEITH HAMILTON,127,8,113,6,0
Montgomery,Mount Vernon,"CLERK, SUPERIOR COURT", SUPERIOR COURT - R,,S. KEITH HAMILTON,230,9,147,74,0
Montgomery,Tarrytown,"CLERK, SUPERIOR COURT", SUPERIOR COURT - R,,S. KEITH HAMILTON,110,5,96,9,0
Montgomery,Uvalda,"CLERK, SUPERIOR COURT", SUPERIOR COURT - R,,S. KEITH HAMILTON,141,4,120,17,0
Montgomery,,SHERIFF,,,BYRON V. BRADDY,426,36,323,67,0
Montgomery,Ailey,SHERIFF,,,BYRON V. BRADDY,47,6,30,11,0
Montgomery,Alston,SHERIFF,,,BYRON V. BRADDY,48,3,43,2,0
Montgomery,Higgston,SHERIFF,,,BYRON V. BRADDY,96,5,83,8,0
Montgomery,Kibbee,SHERIFF,,,BYRON V. BRADDY,47,4,40,3,0
Montgomery,Mount Vernon,SHERIFF,,,BYRON V. BRADDY,93,9,53,31,0
Montgomery,Tarrytown,SHERIFF,,,BYRON V. BRADDY,47,4,38,5,0
Montgomery,Uvalda,SHERIFF,,,BYRON V. BRADDY,48,5,36,7,0
Montgomery,,SHERIFF,,,MARTY COLLINS,92,3,74,15,0
Montgomery,Ailey,SHERIFF,,,MARTY COLLINS,8,0,6,2,0
Montgomery,Alston,SHERIFF,,,MARTY COLLINS,8,0,5,3,0
Montgomery,Higgston,SHERIFF,,,MARTY COLLINS,18,0,18,0,0
Montgomery,Kibbee,SHERIFF,,,MARTY COLLINS,18,0,16,2,0
Montgomery,Mount Vernon,SHERIFF,,,MARTY COLLINS,13,1,7,5,0
Montgomery,Tarrytown,SHERIFF,,,MARTY COLLINS,23,2,19,2,0
Montgomery,Uvalda,SHERIFF,,,MARTY COLLINS,4,0,3,1,0
Montgomery,,SHERIFF,,,LADSON L. O'CONNOR,447,14,349,84,0
Montgomery,Ailey,SHERIFF,,,LADSON L. O'CONNOR,32,0,21,11,0
Montgomery,Alston,SHERIFF,,,LADSON L. O'CONNOR,46,0,41,5,0
Montgomery,Higgston,SHERIFF,,,LADSON L. O'CONNOR,61,2,48,11,0
Montgomery,Kibbee,SHERIFF,,,LADSON L. O'CONNOR,27,3,22,2,0
Montgomery,Mount Vernon,SHERIFF,,,LADSON L. O'CONNOR,135,7,88,40,0
Montgomery,Tarrytown,SHERIFF,,,LADSON L. O'CONNOR,13,0,11,2,0
Montgomery,Uvalda,SHERIFF,,,LADSON L. O'CONNOR,133,2,118,13,0
Montgomery,,SHERIFF,,,DANIEL P. TAYLOR,514,16,438,60,0
Montgomery,Ailey,SHERIFF,,,DANIEL P. TAYLOR,37,2,28,7,0
Montgomery,Alston,SHERIFF,,,DANIEL P. TAYLOR,88,4,73,11,0
Montgomery,Higgston,SHERIFF,,,DANIEL P. TAYLOR,182,5,163,14,0
Montgomery,Kibbee,SHERIFF,,,DANIEL P. TAYLOR,80,3,73,4,0
Montgomery,Mount Vernon,SHERIFF,,,DANIEL P. TAYLOR,45,0,32,13,0
Montgomery,Tarrytown,SHERIFF,,,DANIEL P. TAYLOR,43,1,39,3,0
Montgomery,Uvalda,SHERIFF,,,DANIEL P. TAYLOR,39,1,30,8,0
Montgomery,,SHERIFF,,,CALVIN BURNS,831,38,614,178,1
Montgomery,Ailey,SHERIFF,,,CALVIN BURNS,95,6,75,13,1
Montgomery,Alston,SHERIFF,,,CALVIN BURNS,42,2,34,6,0
Montgomery,Higgston,SHERIFF,,,CALVIN BURNS,85,5,74,6,0
Montgomery,Kibbee,SHERIFF,,,CALVIN BURNS,33,1,27,5,0
Montgomery,Mount Vernon,SHERIFF,,,CALVIN BURNS,402,18,251,133,0
Montgomery,Tarrytown,SHERIFF,,,CALVIN BURNS,34,0,30,4,0
Montgomery,Uvalda,SHERIFF,,,CALVIN BURNS,140,6,123,11,0
Montgomery,,SHERIFF,,,THOMAS EUGENE CRAFT ,106,5,83,18,0
Montgomery,Ailey,SHERIFF,,,THOMAS EUGENE CRAFT ,6,0,6,0,0
Montgomery,Alston,SHERIFF,,,THOMAS EUGENE CRAFT ,14,0,12,2,0
Montgomery,Higgston,SHERIFF,,,THOMAS EUGENE CRAFT ,8,0,8,0,0
Montgomery,Kibbee,SHERIFF,,,THOMAS EUGENE CRAFT ,11,0,9,2,0
Montgomery,Mount Vernon,SHERIFF,,,THOMAS EUGENE CRAFT ,7,0,5,2,0
Montgomery,Tarrytown,SHERIFF,,,THOMAS EUGENE CRAFT ,1,0,1,0,0
Montgomery,Uvalda,SHERIFF,,,THOMAS EUGENE CRAFT ,59,5,42,12,0
Montgomery,,TAX COMMISSIONER,,,TOBY O'NEAL,1004,44,806,154,0
Montgomery,Ailey,TAX COMMISSIONER,,,TOBY O'NEAL,82,6,53,23,0
Montgomery,Alston,TAX COMMISSIONER,,,TOBY O'NEAL,146,5,125,16,0
Montgomery,Higgston,TAX COMMISSIONER,,,TOBY O'NEAL,270,12,232,26,0
Montgomery,Kibbee,TAX COMMISSIONER,,,TOBY O'NEAL,105,5,94,6,0
Montgomery,Mount Vernon,TAX COMMISSIONER,,,TOBY O'NEAL,194,11,122,61,0
Montgomery,Tarrytown,TAX COMMISSIONER,,,TOBY O'NEAL,83,3,72,8,0
Montgomery,Uvalda,TAX COMMISSIONER,,,TOBY O'NEAL,124,2,108,14,0
Montgomery,,TAX COMMISSIONER,,,LORETTA LANE ,829,37,612,179,1
Montgomery,Ailey,TAX COMMISSIONER,,,LORETTA LANE ,79,4,65,9,1
Montgomery,Alston,TAX COMMISSIONER,,,LORETTA LANE ,45,2,36,7,0
Montgomery,Higgston,TAX COMMISSIONER,,,LORETTA LANE ,82,4,72,6,0
Montgomery,Kibbee,TAX COMMISSIONER,,,LORETTA LANE ,44,1,37,6,0
Montgomery,Mount Vernon,TAX COMMISSIONER,,,LORETTA LANE ,377,16,232,129,0
Montgomery,Tarrytown,TAX COMMISSIONER,,,LORETTA LANE ,30,0,27,3,0
Montgomery,Uvalda,TAX COMMISSIONER,,,LORETTA LANE ,172,10,143,19,0
Montgomery,,CORONER,,,JOE STRICKLAND ,628,35,455,137,1
Montgomery,Ailey,CORONER,,,JOE STRICKLAND ,64,4,53,6,1
Montgomery,Alston,CORONER,,,JOE STRICKLAND ,35,2,28,5,0
Montgomery,Higgston,CORONER,,,JOE STRICKLAND ,57,4,50,3,0
Montgomery,Kibbee,CORONER,,,JOE STRICKLAND ,31,1,23,7,0
Montgomery,Mount Vernon,CORONER,,,JOE STRICKLAND ,276,14,162,100,0
Montgomery,Tarrytown,CORONER,,,JOE STRICKLAND ,26,0,23,3,0
Montgomery,Uvalda,CORONER,,,JOE STRICKLAND ,139,10,116,13,0
Montgomery,,"CC, D1", D1 - D,,VERNON SUMNER ,91,1,82,8,0
Montgomery,Ailey,"CC, D1", D1 - D,,VERNON SUMNER ,2,0,2,0,0
Montgomery,Higgston,"CC, D1", D1 - D,,VERNON SUMNER ,26,0,25,1,0
Montgomery,Kibbee,"CC, D1", D1 - D,,VERNON SUMNER ,35,1,29,5,0
Montgomery,Mount Vernon,"CC, D1", D1 - D,,VERNON SUMNER ,2,0,1,1,0
Montgomery,Tarrytown,"CC, D1", D1 - D,,VERNON SUMNER ,26,0,25,1,0
Montgomery,,"CC, D2", D2 - R,,SUSAN LILLARD BEARD,153,9,129,15,0
Montgomery,Alston,"CC, D2", D2 - R,,SUSAN LILLARD BEARD,72,5,59,8,0
Montgomery,Higgston,"CC, D2", D2 - R,,SUSAN LILLARD BEARD,81,4,70,7,0
Montgomery,,"CC, D2", D2 - R,,BOB JONES,115,1,99,15,0
Montgomery,Alston,"CC, D2", D2 - R,,BOB JONES,51,0,42,9,0
Montgomery,Higgston,"CC, D2", D2 - R,,BOB JONES,64,1,57,6,0
Montgomery,,"CC, D2", D2 - R,,JERRY M. POWELL,30,1,26,3,0
Montgomery,Alston,"CC, D2", D2 - R,,JERRY M. POWELL,15,0,15,0,0
Montgomery,Higgston,"CC, D2", D2 - R,,JERRY M. POWELL,15,1,11,3,0
Montgomery,,"CC, D2", D2 - R,,TIM WILLIAMSON,123,3,107,13,0
Montgomery,Alston,"CC, D2", D2 - R,,TIM WILLIAMSON,40,0,36,4,0
Montgomery,Higgston,"CC, D2", D2 - R,,TIM WILLIAMSON,83,3,71,9,0
Montgomery,,"CC, D3 P1", D3 P1 - R,,FRANK BRANTLEY,288,13,190,85,0
Montgomery,Ailey,"CC, D3 P1", D3 P1 - R,,FRANK BRANTLEY,76,2,52,22,0
Montgomery,Mount Vernon,"CC, D3 P1", D3 P1 - R,,FRANK BRANTLEY,212,11,138,63,0
Montgomery,,"CC, D3 P1", D3 P1 - D,,DOROTHY WELLS DAYS,393,18,256,118,1
Montgomery,Ailey,"CC, D3 P1", D3 P1 - D,,DOROTHY WELLS DAYS,73,3,61,8,1
Montgomery,Mount Vernon,"CC, D3 P1", D3 P1 - D,,DOROTHY WELLS DAYS,320,15,195,110,0
Montgomery,,"CC, D3 P2", D3 P2 - R,,TOMMY BYRD,257,10,168,79,0
Montgomery,Ailey,"CC, D3 P2", D3 P2 - R,,TOMMY BYRD,73,2,50,21,0
Montgomery,Mount Vernon,"CC, D3 P2", D3 P2 - R,,TOMMY BYRD,184,8,118,58,0
Montgomery,,"CC, D3 P2", D3 P2 - D,,CLARENCE THOMAS ,360,19,240,101,0
Montgomery,Ailey,"CC, D3 P2", D3 P2 - D,,CLARENCE THOMAS ,71,4,59,8,0
Montgomery,Mount Vernon,"CC, D3 P2", D3 P2 - D,,CLARENCE THOMAS ,289,15,181,93,0
Montgomery,,"CC, D4", D4 - D,,JOHN CARPENTER ,132,7,104,21,0
Montgomery,Alston,"CC, D4", D4 - D,,JOHN CARPENTER ,0,0,0,0,0
Montgomery,Mount Vernon,"CC, D4", D4 - D,,JOHN CARPENTER ,7,0,5,2,0
Montgomery,Uvalda,"CC, D4", D4 - D,,JOHN CARPENTER ,125,7,99,19,0
Montgomery,,"CC, D4", D4 - D,,SHARON H. STRICKLAND,104,8,86,10,0
Montgomery,Alston,"CC, D4", D4 - D,,SHARON H. STRICKLAND,0,0,0,0,0
Montgomery,Mount Vernon,"CC, D4", D4 - D,,SHARON H. STRICKLAND,5,0,4,1,0
Montgomery,Uvalda,"CC, D4", D4 - D,,SHARON H. STRICKLAND,99,8,82,9,0
Montgomery,,Republican Party Question 1<br>Should Georgia have casino gambling with funds going to education?,,REP,YES,730,24,584,122,0
Montgomery,Ailey,Republican Party Question 1<br>Should Georgia have casino gambling with funds going to education?,,REP,YES,52,3,35,14,0
Montgomery,Alston,Republican Party Question 1<br>Should Georgia have casino gambling with funds going to education?,,REP,YES,86,1,71,14,0
Montgomery,Higgston,Republican Party Question 1<br>Should Georgia have casino gambling with funds going to education?,,REP,YES,187,4,163,20,0
Montgomery,Kibbee,Republican Party Question 1<br>Should Georgia have casino gambling with funds going to education?,,REP,YES,69,2,65,2,0
Montgomery,Mount Vernon,Republican Party Question 1<br>Should Georgia have casino gambling with funds going to education?,,REP,YES,162,8,101,53,0
Montgomery,Tarrytown,Republican Party Question 1<br>Should Georgia have casino gambling with funds going to education?,,REP,YES,57,2,48,7,0
Montgomery,Uvalda,Republican Party Question 1<br>Should Georgia have casino gambling with funds going to education?,,REP,YES,117,4,101,12,0
Montgomery,,Republican Party Question 1<br>Should Georgia have casino gambling with funds going to education?,,REP,NO,751,40,608,103,0
Montgomery,Ailey,Republican Party Question 1<br>Should Georgia have casino gambling with funds going to education?,,REP,NO,72,4,51,17,0
Montgomery,Alston,Republican Party Question 1<br>Should Georgia have casino gambling with funds going to education?,,REP,NO,107,2,95,10,0
Montgomery,Higgston,Republican Party Question 1<br>Should Georgia have casino gambling with funds going to education?,,REP,NO,181,8,160,13,0
Montgomery,Kibbee,Republican Party Question 1<br>Should Georgia have casino gambling with funds going to education?,,REP,NO,101,8,83,10,0
Montgomery,Mount Vernon,Republican Party Question 1<br>Should Georgia have casino gambling with funds going to education?,,REP,NO,125,9,82,34,0
Montgomery,Tarrytown,Republican Party Question 1<br>Should Georgia have casino gambling with funds going to education?,,REP,NO,70,5,61,4,0
Montgomery,Uvalda,Republican Party Question 1<br>Should Georgia have casino gambling with funds going to education?,,REP,NO,95,4,76,15,0
Montgomery,,Republican Party Question 2<br>Do you support ending the current practice of unlimited gifts from lobbyists to state legislators by imposing a $100 cap on such gifts?,,REP,YES,1150,50,916,184,0
Montgomery,Ailey,Republican Party Question 2<br>Do you support ending the current practice of unlimited gifts from lobbyists to state legislators by imposing a $100 cap on such gifts?,,REP,YES,100,5,69,26,0
Montgomery,Alston,Republican Party Question 2<br>Do you support ending the current practice of unlimited gifts from lobbyists to state legislators by imposing a $100 cap on such gifts?,,REP,YES,148,2,128,18,0
Montgomery,Higgston,Republican Party Question 2<br>Do you support ending the current practice of unlimited gifts from lobbyists to state legislators by imposing a $100 cap on such gifts?,,REP,YES,297,9,261,27,0
Montgomery,Kibbee,Republican Party Question 2<br>Do you support ending the current practice of unlimited gifts from lobbyists to state legislators by imposing a $100 cap on such gifts?,,REP,YES,141,7,124,10,0
Montgomery,Mount Vernon,Republican Party Question 2<br>Do you support ending the current practice of unlimited gifts from lobbyists to state legislators by imposing a $100 cap on such gifts?,,REP,YES,214,15,131,68,0
Montgomery,Tarrytown,Republican Party Question 2<br>Do you support ending the current practice of unlimited gifts from lobbyists to state legislators by imposing a $100 cap on such gifts?,,REP,YES,99,6,83,10,0
Montgomery,Uvalda,Republican Party Question 2<br>Do you support ending the current practice of unlimited gifts from lobbyists to state legislators by imposing a $100 cap on such gifts?,,REP,YES,151,6,120,25,0
Montgomery,,Republican Party Question 2<br>Do you support ending the current practice of unlimited gifts from lobbyists to state legislators by imposing a $100 cap on such gifts?,,REP,NO,278,10,235,33,0
Montgomery,Ailey,Republican Party Question 2<br>Do you support ending the current practice of unlimited gifts from lobbyists to state legislators by imposing a $100 cap on such gifts?,,REP,NO,19,1,13,5,0
Montgomery,Alston,Republican Party Question 2<br>Do you support ending the current practice of unlimited gifts from lobbyists to state legislators by imposing a $100 cap on such gifts?,,REP,NO,42,1,36,5,0
Montgomery,Higgston,Republican Party Question 2<br>Do you support ending the current practice of unlimited gifts from lobbyists to state legislators by imposing a $100 cap on such gifts?,,REP,NO,58,3,52,3,0
Montgomery,Kibbee,Republican Party Question 2<br>Do you support ending the current practice of unlimited gifts from lobbyists to state legislators by imposing a $100 cap on such gifts?,,REP,NO,26,2,22,2,0
Montgomery,Mount Vernon,Republican Party Question 2<br>Do you support ending the current practice of unlimited gifts from lobbyists to state legislators by imposing a $100 cap on such gifts?,,REP,NO,64,1,47,16,0
Montgomery,Tarrytown,Republican Party Question 2<br>Do you support ending the current practice of unlimited gifts from lobbyists to state legislators by imposing a $100 cap on such gifts?,,REP,NO,18,0,18,0,0
Montgomery,Uvalda,Republican Party Question 2<br>Do you support ending the current practice of unlimited gifts from lobbyists to state legislators by imposing a $100 cap on such gifts?,,REP,NO,51,2,47,2,0
Montgomery,,Republican Party Question 3<br>Should active duty military personnel who are under the age of 21 be allowed to obtain a Georgia weapons license?,,REP,YES,1008,51,798,159,0
Montgomery,Ailey,Republican Party Question 3<br>Should active duty military personnel who are under the age of 21 be allowed to obtain a Georgia weapons license?,,REP,YES,79,6,52,21,0
Montgomery,Alston,Republican Party Question 3<br>Should active duty military personnel who are under the age of 21 be allowed to obtain a Georgia weapons license?,,REP,YES,138,2,115,21,0
Montgomery,Higgston,Republican Party Question 3<br>Should active duty military personnel who are under the age of 21 be allowed to obtain a Georgia weapons license?,,REP,YES,248,9,217,22,0
Montgomery,Kibbee,Republican Party Question 3<br>Should active duty military personnel who are under the age of 21 be allowed to obtain a Georgia weapons license?,,REP,YES,110,6,98,6,0
Montgomery,Mount Vernon,Republican Party Question 3<br>Should active duty military personnel who are under the age of 21 be allowed to obtain a Georgia weapons license?,,REP,YES,200,17,122,61,0
Montgomery,Tarrytown,Republican Party Question 3<br>Should active duty military personnel who are under the age of 21 be allowed to obtain a Georgia weapons license?,,REP,YES,82,5,71,6,0
Montgomery,Uvalda,Republican Party Question 3<br>Should active duty military personnel who are under the age of 21 be allowed to obtain a Georgia weapons license?,,REP,YES,151,6,123,22,0
Montgomery,,Republican Party Question 3<br>Should active duty military personnel who are under the age of 21 be allowed to obtain a Georgia weapons license?,,REP,NO,438,11,365,62,0
Montgomery,Ailey,Republican Party Question 3<br>Should active duty military personnel who are under the age of 21 be allowed to obtain a Georgia weapons license?,,REP,NO,39,0,29,10,0
Montgomery,Alston,Republican Party Question 3<br>Should active duty military personnel who are under the age of 21 be allowed to obtain a Georgia weapons license?,,REP,NO,54,1,50,3,0
Montgomery,Higgston,Republican Party Question 3<br>Should active duty military personnel who are under the age of 21 be allowed to obtain a Georgia weapons license?,,REP,NO,112,3,100,9,0
Montgomery,Kibbee,Republican Party Question 3<br>Should active duty military personnel who are under the age of 21 be allowed to obtain a Georgia weapons license?,,REP,NO,57,4,48,5,0
Montgomery,Mount Vernon,Republican Party Question 3<br>Should active duty military personnel who are under the age of 21 be allowed to obtain a Georgia weapons license?,,REP,NO,78,0,52,26,0
Montgomery,Tarrytown,Republican Party Question 3<br>Should active duty military personnel who are under the age of 21 be allowed to obtain a Georgia weapons license?,,REP,NO,41,1,35,5,0
Montgomery,Uvalda,Republican Party Question 3<br>Should active duty military personnel who are under the age of 21 be allowed to obtain a Georgia weapons license?,,REP,NO,57,2,51,4,0
Montgomery,,Republican Party Question 4<br>Should Citizens who wish to vote in a primary election be required to register by their political party affiliation at least thirty (30) days prior to such primary election?,,REP,YES,677,35,569,73,0
Montgomery,Ailey,Republican Party Question 4<br>Should Citizens who wish to vote in a primary election be required to register by their political party affiliation at least thirty (30) days prior to such primary election?,,REP,YES,61,3,43,15,0
Montgomery,Alston,Republican Party Question 4<br>Should Citizens who wish to vote in a primary election be required to register by their political party affiliation at least thirty (30) days prior to such primary election?,,REP,YES,82,2,72,8,0
Montgomery,Higgston,Republican Party Question 4<br>Should Citizens who wish to vote in a primary election be required to register by their political party affiliation at least thirty (30) days prior to such primary election?,,REP,YES,175,8,157,10,0
Montgomery,Kibbee,Republican Party Question 4<br>Should Citizens who wish to vote in a primary election be required to register by their political party affiliation at least thirty (30) days prior to such primary election?,,REP,YES,84,3,79,2,0
Montgomery,Mount Vernon,Republican Party Question 4<br>Should Citizens who wish to vote in a primary election be required to register by their political party affiliation at least thirty (30) days prior to such primary election?,,REP,YES,124,10,89,25,0
Montgomery,Tarrytown,Republican Party Question 4<br>Should Citizens who wish to vote in a primary election be required to register by their political party affiliation at least thirty (30) days prior to such primary election?,,REP,YES,61,5,50,6,0
Montgomery,Uvalda,Republican Party Question 4<br>Should Citizens who wish to vote in a primary election be required to register by their political party affiliation at least thirty (30) days prior to such primary election?,,REP,YES,90,4,79,7,0
Montgomery,,Republican Party Question 4<br>Should Citizens who wish to vote in a primary election be required to register by their political party affiliation at least thirty (30) days prior to such primary election?,,REP,NO,756,27,583,146,0
Montgomery,Ailey,Republican Party Question 4<br>Should Citizens who wish to vote in a primary election be required to register by their political party affiliation at least thirty (30) days prior to such primary election?,,REP,NO,61,3,42,16,0
Montgomery,Alston,Republican Party Question 4<br>Should Citizens who wish to vote in a primary election be required to register by their political party affiliation at least thirty (30) days prior to such primary election?,,REP,NO,105,1,88,16,0
Montgomery,Higgston,Republican Party Question 4<br>Should Citizens who wish to vote in a primary election be required to register by their political party affiliation at least thirty (30) days prior to such primary election?,,REP,NO,183,4,158,21,0
Montgomery,Kibbee,Republican Party Question 4<br>Should Citizens who wish to vote in a primary election be required to register by their political party affiliation at least thirty (30) days prior to such primary election?,,REP,NO,85,7,69,9,0
Montgomery,Mount Vernon,Republican Party Question 4<br>Should Citizens who wish to vote in a primary election be required to register by their political party affiliation at least thirty (30) days prior to such primary election?,,REP,NO,154,7,87,60,0
Montgomery,Tarrytown,Republican Party Question 4<br>Should Citizens who wish to vote in a primary election be required to register by their political party affiliation at least thirty (30) days prior to such primary election?,,REP,NO,60,1,55,4,0
Montgomery,Uvalda,Republican Party Question 4<br>Should Citizens who wish to vote in a primary election be required to register by their political party affiliation at least thirty (30) days prior to such primary election?,,REP,NO,108,4,84,20,0
Montgomery,,Republican Party Question 5 <br>Life Amendment Question,,REP,YES,992,40,806,146,0
Montgomery,Ailey,Republican Party Question 5 <br>Life Amendment Question,,REP,YES,83,6,55,22,0
Montgomery,Alston,Republican Party Question 5 <br>Life Amendment Question,,REP,YES,133,3,113,17,0
Montgomery,Higgston,Republican Party Question 5 <br>Life Amendment Question,,REP,YES,237,11,206,20,0
Montgomery,Kibbee,Republican Party Question 5 <br>Life Amendment Question,,REP,YES,115,4,107,4,0
Montgomery,Mount Vernon,Republican Party Question 5 <br>Life Amendment Question,,REP,YES,205,11,135,59,0
Montgomery,Tarrytown,Republican Party Question 5 <br>Life Amendment Question,,REP,YES,83,1,75,7,0
Montgomery,Uvalda,Republican Party Question 5 <br>Life Amendment Question,,REP,YES,136,4,115,17,0
Montgomery,,Republican Party Question 5 <br>Life Amendment Question,,REP,NO,357,15,284,58,0
Montgomery,Ailey,Republican Party Question 5 <br>Life Amendment Question,,REP,NO,31,0,23,8,0
Montgomery,Alston,Republican Party Question 5 <br>Life Amendment Question,,REP,NO,44,0,39,5,0
Montgomery,Higgston,Republican Party Question 5 <br>Life Amendment Question,,REP,NO,105,1,94,10,0
Montgomery,Kibbee,Republican Party Question 5 <br>Life Amendment Question,,REP,NO,42,4,33,5,0
Montgomery,Mount Vernon,Republican Party Question 5 <br>Life Amendment Question,,REP,NO,53,3,32,18,0
Montgomery,Tarrytown,Republican Party Question 5 <br>Life Amendment Question,,REP,NO,29,4,22,3,0
Montgomery,Uvalda,Republican Party Question 5 <br>Life Amendment Question,,REP,NO,53,3,41,9,0
Montgomery,,Democratic Party Question 1<br>Should the Georgia Constitution be amended to allow the state to override locally-elected school boards’ decisions when it comes to the creation of charter schools in your county or city?,,DEM,YES,462,12,341,108,1
Montgomery,Ailey,Democratic Party Question 1<br>Should the Georgia Constitution be amended to allow the state to override locally-elected school boards’ decisions when it comes to the creation of charter schools in your county or city?,,DEM,YES,50,2,40,7,1
Montgomery,Alston,Democratic Party Question 1<br>Should the Georgia Constitution be amended to allow the state to override locally-elected school boards’ decisions when it comes to the creation of charter schools in your county or city?,,DEM,YES,24,0,17,7,0
Montgomery,Higgston,Democratic Party Question 1<br>Should the Georgia Constitution be amended to allow the state to override locally-elected school boards’ decisions when it comes to the creation of charter schools in your county or city?,,DEM,YES,50,2,45,3,0
Montgomery,Kibbee,Democratic Party Question 1<br>Should the Georgia Constitution be amended to allow the state to override locally-elected school boards’ decisions when it comes to the creation of charter schools in your county or city?,,DEM,YES,19,0,16,3,0
Montgomery,Mount Vernon,Democratic Party Question 1<br>Should the Georgia Constitution be amended to allow the state to override locally-elected school boards’ decisions when it comes to the creation of charter schools in your county or city?,,DEM,YES,212,6,131,75,0
Montgomery,Tarrytown,Democratic Party Question 1<br>Should the Georgia Constitution be amended to allow the state to override locally-elected school boards’ decisions when it comes to the creation of charter schools in your county or city?,,DEM,YES,15,0,14,1,0
Montgomery,Uvalda,Democratic Party Question 1<br>Should the Georgia Constitution be amended to allow the state to override locally-elected school boards’ decisions when it comes to the creation of charter schools in your county or city?,,DEM,YES,92,2,78,12,0
Montgomery,,Democratic Party Question 1<br>Should the Georgia Constitution be amended to allow the state to override locally-elected school boards’ decisions when it comes to the creation of charter schools in your county or city?,,DEM,NO,374,28,275,71,0
Montgomery,Ailey,Democratic Party Question 1<br>Should the Georgia Constitution be amended to allow the state to override locally-elected school boards’ decisions when it comes to the creation of charter schools in your county or city?,,DEM,NO,31,4,26,1,0
Montgomery,Alston,Democratic Party Question 1<br>Should the Georgia Constitution be amended to allow the state to override locally-elected school boards’ decisions when it comes to the creation of charter schools in your county or city?,,DEM,NO,23,1,21,1,0
Montgomery,Higgston,Democratic Party Question 1<br>Should the Georgia Constitution be amended to allow the state to override locally-elected school boards’ decisions when it comes to the creation of charter schools in your county or city?,,DEM,NO,34,3,28,3,0
Montgomery,Kibbee,Democratic Party Question 1<br>Should the Georgia Constitution be amended to allow the state to override locally-elected school boards’ decisions when it comes to the creation of charter schools in your county or city?,,DEM,NO,24,1,20,3,0
Montgomery,Mount Vernon,Democratic Party Question 1<br>Should the Georgia Constitution be amended to allow the state to override locally-elected school boards’ decisions when it comes to the creation of charter schools in your county or city?,,DEM,NO,145,9,90,46,0
Montgomery,Tarrytown,Democratic Party Question 1<br>Should the Georgia Constitution be amended to allow the state to override locally-elected school boards’ decisions when it comes to the creation of charter schools in your county or city?,,DEM,NO,20,0,18,2,0
Montgomery,Uvalda,Democratic Party Question 1<br>Should the Georgia Constitution be amended to allow the state to override locally-elected school boards’ decisions when it comes to the creation of charter schools in your county or city?,,DEM,NO,97,10,72,15,0
Montgomery,,Democratic Party Question 2<br>Do you support ending current practice permitting unlimited gifts from lobbyists to state legislators?,,DEM,YES,540,22,409,109,0
Montgomery,Ailey,Democratic Party Question 2<br>Do you support ending current practice permitting unlimited gifts from lobbyists to state legislators?,,DEM,YES,47,5,40,2,0
Montgomery,Alston,Democratic Party Question 2<br>Do you support ending current practice permitting unlimited gifts from lobbyists to state legislators?,,DEM,YES,34,1,27,6,0
Montgomery,Higgston,Democratic Party Question 2<br>Do you support ending current practice permitting unlimited gifts from lobbyists to state legislators?,,DEM,YES,57,4,49,4,0
Montgomery,Kibbee,Democratic Party Question 2<br>Do you support ending current practice permitting unlimited gifts from lobbyists to state legislators?,,DEM,YES,31,1,26,4,0
Montgomery,Mount Vernon,Democratic Party Question 2<br>Do you support ending current practice permitting unlimited gifts from lobbyists to state legislators?,,DEM,YES,219,5,142,72,0
Montgomery,Tarrytown,Democratic Party Question 2<br>Do you support ending current practice permitting unlimited gifts from lobbyists to state legislators?,,DEM,YES,26,0,22,4,0
Montgomery,Uvalda,Democratic Party Question 2<br>Do you support ending current practice permitting unlimited gifts from lobbyists to state legislators?,,DEM,YES,126,6,103,17,0
Montgomery,,Democratic Party Question 2<br>Do you support ending current practice permitting unlimited gifts from lobbyists to state legislators?,,DEM,NO,282,18,197,66,1
Montgomery,Ailey,Democratic Party Question 2<br>Do you support ending current practice permitting unlimited gifts from lobbyists to state legislators?,,DEM,NO,27,1,19,6,1
Montgomery,Alston,Democratic Party Question 2<br>Do you support ending current practice permitting unlimited gifts from lobbyists to state legislators?,,DEM,NO,13,1,10,2,0
Montgomery,Higgston,Democratic Party Question 2<br>Do you support ending current practice permitting unlimited gifts from lobbyists to state legislators?,,DEM,NO,30,1,28,1,0
Montgomery,Kibbee,Democratic Party Question 2<br>Do you support ending current practice permitting unlimited gifts from lobbyists to state legislators?,,DEM,NO,12,0,9,3,0
Montgomery,Mount Vernon,Democratic Party Question 2<br>Do you support ending current practice permitting unlimited gifts from lobbyists to state legislators?,,DEM,NO,125,9,72,44,0
Montgomery,Tarrytown,Democratic Party Question 2<br>Do you support ending current practice permitting unlimited gifts from lobbyists to state legislators?,,DEM,NO,11,0,11,0,0
Montgomery,Uvalda,Democratic Party Question 2<br>Do you support ending current practice permitting unlimited gifts from lobbyists to state legislators?,,DEM,NO,64,6,48,10,0
Montgomery,,Democratic Party Question 3<br>Should Georgia adopt an income tax credit for home energy costs to support the economic security of our families?,,DEM,YES,672,40,487,145,0
Montgomery,Ailey,Democratic Party Question 3<br>Should Georgia adopt an income tax credit for home energy costs to support the economic security of our families?,,DEM,YES,62,5,49,8,0
Montgomery,Alston,Democratic Party Question 3<br>Should Georgia adopt an income tax credit for home energy costs to support the economic security of our families?,,DEM,YES,38,2,29,7,0
Montgomery,Higgston,Democratic Party Question 3<br>Should Georgia adopt an income tax credit for home energy costs to support the economic security of our families?,,DEM,YES,76,4,67,5,0
Montgomery,Kibbee,Democratic Party Question 3<br>Should Georgia adopt an income tax credit for home energy costs to support the economic security of our families?,,DEM,YES,37,0,31,6,0
Montgomery,Mount Vernon,Democratic Party Question 3<br>Should Georgia adopt an income tax credit for home energy costs to support the economic security of our families?,,DEM,YES,286,16,173,97,0
Montgomery,Tarrytown,Democratic Party Question 3<br>Should Georgia adopt an income tax credit for home energy costs to support the economic security of our families?,,DEM,YES,26,0,23,3,0
Montgomery,Uvalda,Democratic Party Question 3<br>Should Georgia adopt an income tax credit for home energy costs to support the economic security of our families?,,DEM,YES,147,13,115,19,0
Montgomery,,Democratic Party Question 3<br>Should Georgia adopt an income tax credit for home energy costs to support the economic security of our families?,,DEM,NO,170,4,136,29,1
Montgomery,Ailey,Democratic Party Question 3<br>Should Georgia adopt an income tax credit for home energy costs to support the economic security of our families?,,DEM,NO,16,1,14,0,1
Montgomery,Alston,Democratic Party Question 3<br>Should Georgia adopt an income tax credit for home energy costs to support the economic security of our families?,,DEM,NO,10,0,10,0,0
Montgomery,Higgston,Democratic Party Question 3<br>Should Georgia adopt an income tax credit for home energy costs to support the economic security of our families?,,DEM,NO,14,1,12,1,0
Montgomery,Kibbee,Democratic Party Question 3<br>Should Georgia adopt an income tax credit for home energy costs to support the economic security of our families?,,DEM,NO,8,1,6,1,0
Montgomery,Mount Vernon,Democratic Party Question 3<br>Should Georgia adopt an income tax credit for home energy costs to support the economic security of our families?,,DEM,NO,67,0,48,19,0
Montgomery,Tarrytown,Democratic Party Question 3<br>Should Georgia adopt an income tax credit for home energy costs to support the economic security of our families?,,DEM,NO,9,0,9,0,0
Montgomery,Uvalda,Democratic Party Question 3<br>Should Georgia adopt an income tax credit for home energy costs to support the economic security of our families?,,DEM,NO,46,1,37,8,0
Montgomery,,Democratic Party Question 4 <br>Should Georgia reduce sales taxes on Made in Georgia products so as to support the growth of small businesses in our state?,,DEM,YES,748,35,562,151,0
Montgomery,Ailey,Democratic Party Question 4 <br>Should Georgia reduce sales taxes on Made in Georgia products so as to support the growth of small businesses in our state?,,DEM,YES,69,4,58,7,0
Montgomery,Alston,Democratic Party Question 4 <br>Should Georgia reduce sales taxes on Made in Georgia products so as to support the growth of small businesses in our state?,,DEM,YES,42,2,34,6,0
Montgomery,Higgston,Democratic Party Question 4 <br>Should Georgia reduce sales taxes on Made in Georgia products so as to support the growth of small businesses in our state?,,DEM,YES,76,5,66,5,0
Montgomery,Kibbee,Democratic Party Question 4 <br>Should Georgia reduce sales taxes on Made in Georgia products so as to support the growth of small businesses in our state?,,DEM,YES,35,0,31,4,0
Montgomery,Mount Vernon,Democratic Party Question 4 <br>Should Georgia reduce sales taxes on Made in Georgia products so as to support the growth of small businesses in our state?,,DEM,YES,326,12,208,106,0
Montgomery,Tarrytown,Democratic Party Question 4 <br>Should Georgia reduce sales taxes on Made in Georgia products so as to support the growth of small businesses in our state?,,DEM,YES,31,0,27,4,0
Montgomery,Uvalda,Democratic Party Question 4 <br>Should Georgia reduce sales taxes on Made in Georgia products so as to support the growth of small businesses in our state?,,DEM,YES,169,12,138,19,0
Montgomery,,Democratic Party Question 4 <br>Should Georgia reduce sales taxes on Made in Georgia products so as to support the growth of small businesses in our state?,,DEM,NO,114,5,83,25,1
Montgomery,Ailey,Democratic Party Question 4 <br>Should Georgia reduce sales taxes on Made in Georgia products so as to support the growth of small businesses in our state?,,DEM,NO,11,2,7,1,1
Montgomery,Alston,Democratic Party Question 4 <br>Should Georgia reduce sales taxes on Made in Georgia products so as to support the growth of small businesses in our state?,,DEM,NO,8,0,7,1,0
Montgomery,Higgston,Democratic Party Question 4 <br>Should Georgia reduce sales taxes on Made in Georgia products so as to support the growth of small businesses in our state?,,DEM,NO,13,0,12,1,0
Montgomery,Kibbee,Democratic Party Question 4 <br>Should Georgia reduce sales taxes on Made in Georgia products so as to support the growth of small businesses in our state?,,DEM,NO,9,1,6,2,0
Montgomery,Mount Vernon,Democratic Party Question 4 <br>Should Georgia reduce sales taxes on Made in Georgia products so as to support the growth of small businesses in our state?,,DEM,NO,35,2,21,12,0
Montgomery,Tarrytown,Democratic Party Question 4 <br>Should Georgia reduce sales taxes on Made in Georgia products so as to support the growth of small businesses in our state?,,DEM,NO,6,0,6,0,0
Montgomery,Uvalda,Democratic Party Question 4 <br>Should Georgia reduce sales taxes on Made in Georgia products so as to support the growth of small businesses in our state?,,DEM,NO,32,0,24,8,0
Montgomery,,Supreme Court Justice, Hunstein,,CAROL W. HUNSTEIN,1601,58,1279,263,1
Montgomery,Ailey,Supreme Court Justice, Hunstein,,CAROL W. HUNSTEIN,146,8,108,29,1
Montgomery,Alston,Supreme Court Justice, Hunstein,,CAROL W. HUNSTEIN,176,4,153,19,0
Montgomery,Higgston,Supreme Court Justice, Hunstein,,CAROL W. HUNSTEIN,323,15,285,23,0
Montgomery,Kibbee,Supreme Court Justice, Hunstein,,CAROL W. HUNSTEIN,141,4,127,10,0
Montgomery,Mount Vernon,Supreme Court Justice, Hunstein,,CAROL W. HUNSTEIN,473,15,311,147,0
Montgomery,Tarrytown,Supreme Court Justice, Hunstein,,CAROL W. HUNSTEIN,103,2,93,8,0
Montgomery,Uvalda,Supreme Court Justice, Hunstein,,CAROL W. HUNSTEIN,239,10,202,27,0
Montgomery,,Supreme Court Justice, Hunstein,,Write-in,10,0,9,1,0
Montgomery,Ailey,Supreme Court Justice, Hunstein,,Write-in,0,0,0,0,0
Montgomery,Alston,Supreme Court Justice, Hunstein,,Write-in,2,0,2,0,0
Montgomery,Higgston,Supreme Court Justice, Hunstein,,Write-in,3,0,3,0,0
Montgomery,Kibbee,Supreme Court Justice, Hunstein,,Write-in,1,0,1,0,0
Montgomery,Mount Vernon,Supreme Court Justice, Hunstein,,Write-in,0,0,0,0,0
Montgomery,Tarrytown,Supreme Court Justice, Hunstein,,Write-in,2,0,1,1,0
Montgomery,Uvalda,Supreme Court Justice, Hunstein,,Write-in,2,0,2,0,0
Montgomery,,Supreme Court Justice, Melton,,HAROLD D. MELTON ,1583,55,1254,273,1
Montgomery,Ailey,Supreme Court Justice, Melton,,HAROLD D. MELTON ,140,8,102,29,1
Montgomery,Alston,Supreme Court Justice, Melton,,HAROLD D. MELTON ,169,4,145,20,0
Montgomery,Higgston,Supreme Court Justice, Melton,,HAROLD D. MELTON ,329,15,291,23,0
Montgomery,Kibbee,Supreme Court Justice, Melton,,HAROLD D. MELTON ,136,4,120,12,0
Montgomery,Mount Vernon,Supreme Court Justice, Melton,,HAROLD D. MELTON ,465,12,301,152,0
Montgomery,Tarrytown,Supreme Court Justice, Melton,,HAROLD D. MELTON ,104,2,94,8,0
Montgomery,Uvalda,Supreme Court Justice, Melton,,HAROLD D. MELTON ,240,10,201,29,0
Montgomery,,Supreme Court Justice, Melton,,Write-in,4,0,4,0,0
Montgomery,Ailey,Supreme Court Justice, Melton,,Write-in,1,0,1,0,0
Montgomery,Alston,Supreme Court Justice, Melton,,Write-in,0,0,0,0,0
Montgomery,Higgston,Supreme Court Justice, Melton,,Write-in,2,0,2,0,0
Montgomery,Kibbee,Supreme Court Justice, Melton,,Write-in,0,0,0,0,0
Montgomery,Mount Vernon,Supreme Court Justice, Melton,,Write-in,0,0,0,0,0
Montgomery,Tarrytown,Supreme Court Justice, Melton,,Write-in,0,0,0,0,0
Montgomery,Uvalda,Supreme Court Justice, Melton,,Write-in,1,0,1,0,0
Montgomery,,Supreme Court Justice, Thompson,,HUGH P. THOMPSON ,1610,60,1269,280,1
Montgomery,Ailey,Supreme Court Justice, Thompson,,HUGH P. THOMPSON ,149,8,109,31,1
Montgomery,Alston,Supreme Court Justice, Thompson,,HUGH P. THOMPSON ,173,4,149,20,0
Montgomery,Higgston,Supreme Court Justice, Thompson,,HUGH P. THOMPSON ,330,15,293,22,0
Montgomery,Kibbee,Supreme Court Justice, Thompson,,HUGH P. THOMPSON ,142,5,124,13,0
Montgomery,Mount Vernon,Supreme Court Justice, Thompson,,HUGH P. THOMPSON ,477,16,303,158,0
Montgomery,Tarrytown,Supreme Court Justice, Thompson,,HUGH P. THOMPSON ,100,2,90,8,0
Montgomery,Uvalda,Supreme Court Justice, Thompson,,HUGH P. THOMPSON ,239,10,201,28,0
Montgomery,,Supreme Court Justice, Thompson,,Write-in,2,0,2,0,0
Montgomery,Ailey,Supreme Court Justice, Thompson,,Write-in,0,0,0,0,0
Montgomery,Alston,Supreme Court Justice, Thompson,,Write-in,0,0,0,0,0
Montgomery,Higgston,Supreme Court Justice, Thompson,,Write-in,2,0,2,0,0
Montgomery,Kibbee,Supreme Court Justice, Thompson,,Write-in,0,0,0,0,0
Montgomery,Mount Vernon,Supreme Court Justice, Thompson,,Write-in,0,0,0,0,0
Montgomery,Tarrytown,Supreme Court Justice, Thompson,,Write-in,0,0,0,0,0
Montgomery,Uvalda,Supreme Court Justice, Thompson,,Write-in,0,0,0,0,0
Montgomery,,Appeals Court Judge, Boggs,,MICHAEL P. BOGGS ,1557,56,1233,267,1
Montgomery,Ailey,Appeals Court Judge, Boggs,,MICHAEL P. BOGGS ,138,8,100,29,1
Montgomery,Alston,Appeals Court Judge, Boggs,,MICHAEL P. BOGGS ,169,4,145,20,0
Montgomery,Higgston,Appeals Court Judge, Boggs,,MICHAEL P. BOGGS ,320,15,284,21,0
Montgomery,Kibbee,Appeals Court Judge, Boggs,,MICHAEL P. BOGGS ,134,4,118,12,0
Montgomery,Mount Vernon,Appeals Court Judge, Boggs,,MICHAEL P. BOGGS ,465,14,301,150,0
Montgomery,Tarrytown,Appeals Court Judge, Boggs,,MICHAEL P. BOGGS ,101,2,91,8,0
Montgomery,Uvalda,Appeals Court Judge, Boggs,,MICHAEL P. BOGGS ,230,9,194,27,0
Montgomery,,Appeals Court Judge, Boggs,,Write-in,3,1,2,0,0
Montgomery,Ailey,Appeals Court Judge, Boggs,,Write-in,0,0,0,0,0
Montgomery,Alston,Appeals Court Judge, Boggs,,Write-in,0,0,0,0,0
Montgomery,Higgston,Appeals Court Judge, Boggs,,Write-in,2,0,2,0,0
Montgomery,Kibbee,Appeals Court Judge, Boggs,,Write-in,0,0,0,0,0
Montgomery,Mount Vernon,Appeals Court Judge, Boggs,,Write-in,0,0,0,0,0
Montgomery,Tarrytown,Appeals Court Judge, Boggs,,Write-in,0,0,0,0,0
Montgomery,Uvalda,Appeals Court Judge, Boggs,,Write-in,1,1,0,0,0
Montgomery,,Appeals Court Judge, Dillard,,STEPHEN DILLARD ,1554,54,1235,264,1
Montgomery,Ailey,Appeals Court Judge, Dillard,,STEPHEN DILLARD ,141,8,102,30,1
Montgomery,Alston,Appeals Court Judge, Dillard,,STEPHEN DILLARD ,167,4,143,20,0
Montgomery,Higgston,Appeals Court Judge, Dillard,,STEPHEN DILLARD ,327,15,290,22,0
Montgomery,Kibbee,Appeals Court Judge, Dillard,,STEPHEN DILLARD ,132,4,117,11,0
Montgomery,Mount Vernon,Appeals Court Judge, Dillard,,STEPHEN DILLARD ,460,12,301,147,0
Montgomery,Tarrytown,Appeals Court Judge, Dillard,,STEPHEN DILLARD ,100,2,90,8,0
Montgomery,Uvalda,Appeals Court Judge, Dillard,,STEPHEN DILLARD ,227,9,192,26,0
Montgomery,,Appeals Court Judge, Dillard,,Write-in,3,1,2,0,0
Montgomery,Ailey,Appeals Court Judge, Dillard,,Write-in,0,0,0,0,0
Montgomery,Alston,Appeals Court Judge, Dillard,,Write-in,0,0,0,0,0
Montgomery,Higgston,Appeals Court Judge, Dillard,,Write-in,2,0,2,0,0
Montgomery,Kibbee,Appeals Court Judge, Dillard,,Write-in,0,0,0,0,0
Montgomery,Mount Vernon,Appeals Court Judge, Dillard,,Write-in,0,0,0,0,0
Montgomery,Tarrytown,Appeals Court Judge, Dillard,,Write-in,0,0,0,0,0
Montgomery,Uvalda,Appeals Court Judge, Dillard,,Write-in,1,1,0,0,0
Montgomery,,Appeals Court Judge, Ellington,,JOHN J. ELLINGTON,1641,58,1300,282,1
Montgomery,Ailey,Appeals Court Judge, Ellington,,JOHN J. ELLINGTON,156,8,117,30,1
Montgomery,Alston,Appeals Court Judge, Ellington,,JOHN J. ELLINGTON,171,4,144,23,0
Montgomery,Higgston,Appeals Court Judge, Ellington,,JOHN J. ELLINGTON,341,15,300,26,0
Montgomery,Kibbee,Appeals Court Judge, Ellington,,JOHN J. ELLINGTON,139,4,122,13,0
Montgomery,Mount Vernon,Appeals Court Judge, Ellington,,JOHN J. ELLINGTON,478,13,313,152,0
Montgomery,Tarrytown,Appeals Court Judge, Ellington,,JOHN J. ELLINGTON,114,4,101,9,0
Montgomery,Uvalda,Appeals Court Judge, Ellington,,JOHN J. ELLINGTON,242,10,203,29,0
Montgomery,,Appeals Court Judge, Ellington,,Write-in,6,0,4,2,0
Montgomery,Ailey,Appeals Court Judge, Ellington,,Write-in,0,0,0,0,0
Montgomery,Alston,Appeals Court Judge, Ellington,,Write-in,0,0,0,0,0
Montgomery,Higgston,Appeals Court Judge, Ellington,,Write-in,2,0,1,1,0
Montgomery,Kibbee,Appeals Court Judge, Ellington,,Write-in,0,0,0,0,0
Montgomery,Mount Vernon,Appeals Court Judge, Ellington,,Write-in,4,0,3,1,0
Montgomery,Tarrytown,Appeals Court Judge, Ellington,,Write-in,0,0,0,0,0
Montgomery,Uvalda,Appeals Court Judge, Ellington,,Write-in,0,0,0,0,0
Montgomery,,Appeals Court Judge, Miller,,M. YVETTE MILLER ,1542,56,1227,258,1
Montgomery,Ailey,Appeals Court Judge, Miller,,M. YVETTE MILLER ,142,8,104,29,1
Montgomery,Alston,Appeals Court Judge, Miller,,M. YVETTE MILLER ,167,4,144,19,0
Montgomery,Higgston,Appeals Court Judge, Miller,,M. YVETTE MILLER ,318,15,281,22,0
Montgomery,Kibbee,Appeals Court Judge, Miller,,M. YVETTE MILLER ,130,4,116,10,0
Montgomery,Mount Vernon,Appeals Court Judge, Miller,,M. YVETTE MILLER ,454,13,296,145,0
Montgomery,Tarrytown,Appeals Court Judge, Miller,,M. YVETTE MILLER ,103,2,93,8,0
Montgomery,Uvalda,Appeals Court Judge, Miller,,M. YVETTE MILLER ,228,10,193,25,0
Montgomery,,Appeals Court Judge, Miller,,Write-in,2,0,2,0,0
Montgomery,Ailey,Appeals Court Judge, Miller,,Write-in,0,0,0,0,0
Montgomery,Alston,Appeals Court Judge, Miller,,Write-in,0,0,0,0,0
Montgomery,Higgston,Appeals Court Judge, Miller,,Write-in,2,0,2,0,0
Montgomery,Kibbee,Appeals Court Judge, Miller,,Write-in,0,0,0,0,0
Montgomery,Mount Vernon,Appeals Court Judge, Miller,,Write-in,0,0,0,0,0
Montgomery,Tarrytown,Appeals Court Judge, Miller,,Write-in,0,0,0,0,0
Montgomery,Uvalda,Appeals Court Judge, Miller,,Write-in,0,0,0,0,0
Montgomery,,Appeals Court Judge, Phipps,,HERBERT PHIPPS ,1536,57,1215,263,1
Montgomery,Ailey,Appeals Court Judge, Phipps,,HERBERT PHIPPS ,144,8,104,31,1
Montgomery,Alston,Appeals Court Judge, Phipps,,HERBERT PHIPPS ,165,4,142,19,0
Montgomery,Higgston,Appeals Court Judge, Phipps,,HERBERT PHIPPS ,315,15,277,23,0
Montgomery,Kibbee,Appeals Court Judge, Phipps,,HERBERT PHIPPS ,131,4,117,10,0
Montgomery,Mount Vernon,Appeals Court Judge, Phipps,,HERBERT PHIPPS ,456,14,295,147,0
Montgomery,Tarrytown,Appeals Court Judge, Phipps,,HERBERT PHIPPS ,100,2,90,8,0
Montgomery,Uvalda,Appeals Court Judge, Phipps,,HERBERT PHIPPS ,225,10,190,25,0
Montgomery,,Appeals Court Judge, Phipps,,Write-in,2,0,2,0,0
Montgomery,Ailey,Appeals Court Judge, Phipps,,Write-in,0,0,0,0,0
Montgomery,Alston,Appeals Court Judge, Phipps,,Write-in,0,0,0,0,0
Montgomery,Higgston,Appeals Court Judge, Phipps,,Write-in,2,0,2,0,0
Montgomery,Kibbee,Appeals Court Judge, Phipps,,Write-in,0,0,0,0,0
Montgomery,Mount Vernon,Appeals Court Judge, Phipps,,Write-in,0,0,0,0,0
Montgomery,Tarrytown,Appeals Court Judge, Phipps,,Write-in,0,0,0,0,0
Montgomery,Uvalda,Appeals Court Judge, Phipps,,Write-in,0,0,0,0,0
Montgomery,,Superior Court Judge, Oconee Circuit (Mullis),,H. F. MULLIS ,1592,53,1268,270,1
Montgomery,Ailey,Superior Court Judge, Oconee Circuit (Mullis),,H. F. MULLIS ,153,8,112,32,1
Montgomery,Alston,Superior Court Judge, Oconee Circuit (Mullis),,H. F. MULLIS ,170,4,144,22,0
Montgomery,Higgston,Superior Court Judge, Oconee Circuit (Mullis),,H. F. MULLIS ,325,15,287,23,0
Montgomery,Kibbee,Superior Court Judge, Oconee Circuit (Mullis),,H. F. MULLIS ,131,4,118,9,0
Montgomery,Mount Vernon,Superior Court Judge, Oconee Circuit (Mullis),,H. F. MULLIS ,470,11,306,153,0
Montgomery,Tarrytown,Superior Court Judge, Oconee Circuit (Mullis),,H. F. MULLIS ,107,2,97,8,0
Montgomery,Uvalda,Superior Court Judge, Oconee Circuit (Mullis),,H. F. MULLIS ,236,9,204,23,0
Montgomery,,Superior Court Judge, Oconee Circuit (Mullis),,Write-in,6,1,3,2,0
Montgomery,Ailey,Superior Court Judge, Oconee Circuit (Mullis),,Write-in,0,0,0,0,0
Montgomery,Alston,Superior Court Judge, Oconee Circuit (Mullis),,Write-in,0,0,0,0,0
Montgomery,Higgston,Superior Court Judge, Oconee Circuit (Mullis),,Write-in,3,0,2,1,0
Montgomery,Kibbee,Superior Court Judge, Oconee Circuit (Mullis),,Write-in,0,0,0,0,0
Montgomery,Mount Vernon,Superior Court Judge, Oconee Circuit (Mullis),,Write-in,1,0,0,1,0
Montgomery,Tarrytown,Superior Court Judge, Oconee Circuit (Mullis),,Write-in,0,0,0,0,0
Montgomery,Uvalda,Superior Court Judge, Oconee Circuit (Mullis),,Write-in,2,1,1,0,0
Montgomery,,Superior Court Judge, Oconee Circuit (Wall),,SARAH F. WALL ,1607,57,1265,284,1
Montgomery,Ailey,Superior Court Judge, Oconee Circuit (Wall),,SARAH F. WALL ,153,9,113,30,1
Montgomery,Alston,Superior Court Judge, Oconee Circuit (Wall),,SARAH F. WALL ,170,4,145,21,0
Montgomery,Higgston,Superior Court Judge, Oconee Circuit (Wall),,SARAH F. WALL ,318,14,281,23,0
Montgomery,Kibbee,Superior Court Judge, Oconee Circuit (Wall),,SARAH F. WALL ,135,4,120,11,0
Montgomery,Mount Vernon,Superior Court Judge, Oconee Circuit (Wall),,SARAH F. WALL ,489,14,310,165,0
Montgomery,Tarrytown,Superior Court Judge, Oconee Circuit (Wall),,SARAH F. WALL ,105,2,95,8,0
Montgomery,Uvalda,Superior Court Judge, Oconee Circuit (Wall),,SARAH F. WALL ,237,10,201,26,0
Montgomery,,Superior Court Judge, Oconee Circuit (Wall),,Write-in,7,0,6,1,0
Montgomery,Ailey,Superior Court Judge, Oconee Circuit (Wall),,Write-in,0,0,0,0,0
Montgomery,Alston,Superior Court Judge, Oconee Circuit (Wall),,Write-in,0,0,0,0,0
Montgomery,Higgston,Superior Court Judge, Oconee Circuit (Wall),,Write-in,6,0,5,1,0
Montgomery,Kibbee,Superior Court Judge, Oconee Circuit (Wall),,Write-in,0,0,0,0,0
Montgomery,Mount Vernon,Superior Court Judge, Oconee Circuit (Wall),,Write-in,0,0,0,0,0
Montgomery,Tarrytown,Superior Court Judge, Oconee Circuit (Wall),,Write-in,0,0,0,0,0
Montgomery,Uvalda,Superior Court Judge, Oconee Circuit (Wall),,Write-in,1,0,1,0,0
Montgomery,,BOE, D1,,LENDLE HAMILTON ,263,16,236,11,0
Montgomery,Ailey,BOE, D1,,LENDLE HAMILTON ,8,2,4,2,0
Montgomery,Higgston,BOE, D1,,LENDLE HAMILTON ,76,2,73,1,0
Montgomery,Kibbee,BOE, D1,,LENDLE HAMILTON ,114,9,100,5,0
Montgomery,Mount Vernon,BOE, D1,,LENDLE HAMILTON ,6,0,4,2,0
Montgomery,Tarrytown,BOE, D1,,LENDLE HAMILTON ,59,3,55,1,0
Montgomery,,BOE, D1,,HENRY PRICE,300,7,253,40,0
Montgomery,Ailey,BOE, D1,,HENRY PRICE,22,2,16,4,0
Montgomery,Higgston,BOE, D1,,HENRY PRICE,65,0,58,7,0
Montgomery,Kibbee,BOE, D1,,HENRY PRICE,107,2,91,14,0
Montgomery,Mount Vernon,BOE, D1,,HENRY PRICE,3,0,2,1,0
Montgomery,Tarrytown,BOE, D1,,HENRY PRICE,103,3,86,14,0
Montgomery,,BOE, D1,,Write-in,4,0,4,0,0
Montgomery,Ailey,BOE, D1,,Write-in,0,0,0,0,0
Montgomery,Higgston,BOE, D1,,Write-in,4,0,4,0,0
Montgomery,Kibbee,BOE, D1,,Write-in,0,0,0,0,0
Montgomery,Mount Vernon,BOE, D1,,Write-in,0,0,0,0,0
Montgomery,Tarrytown,BOE, D1,,Write-in,0,0,0,0,0
Montgomery,,BOE, D2,,CLARENCE BEST,212,10,184,18,0
Montgomery,Alston,BOE, D2,,CLARENCE BEST,72,1,66,5,0
Montgomery,Higgston,BOE, D2,,CLARENCE BEST,140,9,118,13,0
Montgomery,,BOE, D2,,TERRY OUTLER,265,9,218,38,0
Montgomery,Alston,BOE, D2,,TERRY OUTLER,164,5,134,25,0
Montgomery,Higgston,BOE, D2,,TERRY OUTLER,101,4,84,13,0
Montgomery,,BOE, D2,,Write-in,3,0,3,0,0
Montgomery,Alston,BOE, D2,,Write-in,0,0,0,0,0
Montgomery,Higgston,BOE, D2,,Write-in,3,0,3,0,0
Montgomery,,BOE, D3 P1,,GIL MCDANIEL,271,7,179,85,0
Montgomery,Ailey,BOE, D3 P1,,GIL MCDANIEL,65,3,46,16,0
Montgomery,Mount Vernon,BOE, D3 P1,,GIL MCDANIEL,206,4,133,69,0
Montgomery,,BOE, D3 P1,,NOLAN THIGPEN,139,8,98,33,0
Montgomery,Ailey,BOE, D3 P1,,NOLAN THIGPEN,33,2,26,5,0
Montgomery,Mount Vernon,BOE, D3 P1,,NOLAN THIGPEN,106,6,72,28,0
Montgomery,,BOE, D3 P1,,"EUGENE ""PETE"" WARD",380,20,240,119,1
Montgomery,Ailey,BOE, D3 P1,,"EUGENE ""PETE"" WARD",70,3,51,15,1
Montgomery,Mount Vernon,BOE, D3 P1,,"EUGENE ""PETE"" WARD",310,17,189,104,0
Montgomery,,BOE, D3 P1,,Write-in,0,0,0,0,0
Montgomery,Ailey,BOE, D3 P1,,Write-in,0,0,0,0,0
Montgomery,Mount Vernon,BOE, D3 P1,,Write-in,0,0,0,0,0
Montgomery,,TSPLOST,,,YES,1519,69,1161,288,1
Montgomery,Ailey,TSPLOST,,,YES,145,11,108,25,1
Montgomery,Alston,TSPLOST,,,YES,145,3,123,19,0
Montgomery,Higgston,TSPLOST,,,YES,279,10,244,25,0
Montgomery,Kibbee,TSPLOST,,,YES,114,2,102,10,0
Montgomery,Mount Vernon,TSPLOST,,,YES,474,20,289,165,0
Montgomery,Tarrytown,TSPLOST,,,YES,100,6,85,9,0
Montgomery,Uvalda,TSPLOST,,,YES,262,17,210,35,0
Montgomery,,TSPLOST,,,NO,865,35,708,122,0
Montgomery,Ailey,TSPLOST,,,NO,69,3,50,16,0
Montgomery,Alston,TSPLOST,,,NO,104,2,91,11,0
Montgomery,Higgston,TSPLOST,,,NO,181,7,161,13,0
Montgomery,Kibbee,TSPLOST,,,NO,108,8,91,9,0
Montgomery,Mount Vernon,TSPLOST,,,NO,196,11,136,49,0
Montgomery,Tarrytown,TSPLOST,,,NO,59,0,55,4,0
Montgomery,Uvalda,TSPLOST,,,NO,148,4,124,20,0
