county,precinct,office,district,party,candidate,votes,absentee_by_mail,election_day,advance_in_person,provisional
Early,,"Public Service Commission, District 3",3,REP,CHUCK EATON (I),940,32,606,301,1
Early,Arlington,"Public Service Commission, District 3",3,REP,CHUCK EATON (I),64,1,50,13,0
Early,Blakely,"Public Service Commission, District 3",3,REP,CHUCK EATON (I),353,19,164,170,0
Early,Colomokee,"Public Service Commission, District 3",3,REP,CHUCK EATON (I),47,2,33,12,0
Early,Cedar Springs,"Public Service Commission, District 3",3,REP,CHUCK EATON (I),39,0,38,1,0
Early,Cuba,"Public Service Commission, District 3",3,REP,CHUCK EATON (I),126,6,76,44,0
Early,Damascus,"Public Service Commission, District 3",3,REP,CHUCK EATON (I),39,1,34,4,0
Early,Freeman,"Public Service Commission, District 3",3,REP,CHUCK EATON (I),73,3,48,22,0
Early,Hilton,"Public Service Commission, District 3",3,REP,CHUCK EATON (I),51,0,45,6,0
Early,Jakin,"Public Service Commission, District 3",3,REP,CHUCK EATON (I),30,0,27,3,0
Early,Lucille,"Public Service Commission, District 3",3,REP,CHUCK EATON (I),68,0,51,17,0
Early,Urquhart,"Public Service Commission, District 3",3,REP,CHUCK EATON (I),50,0,40,9,1
Early,,"Public Service Commission, District 3",3,REP,MATT REID,315,10,226,79,0
Early,Arlington,"Public Service Commission, District 3",3,REP,MATT REID,16,0,15,1,0
Early,Blakely,"Public Service Commission, District 3",3,REP,MATT REID,95,5,43,47,0
Early,Colomokee,"Public Service Commission, District 3",3,REP,MATT REID,13,0,8,5,0
Early,Cedar Springs,"Public Service Commission, District 3",3,REP,MATT REID,22,0,22,0,0
Early,Cuba,"Public Service Commission, District 3",3,REP,MATT REID,41,2,30,9,0
Early,Damascus,"Public Service Commission, District 3",3,REP,MATT REID,8,0,7,1,0
Early,Freeman,"Public Service Commission, District 3",3,REP,MATT REID,24,0,21,3,0
Early,Hilton,"Public Service Commission, District 3",3,REP,MATT REID,24,0,21,3,0
Early,Jakin,"Public Service Commission, District 3",3,REP,MATT REID,24,1,23,0,0
Early,Lucille,"Public Service Commission, District 3",3,REP,MATT REID,31,1,22,8,0
Early,Urquhart,"Public Service Commission, District 3",3,REP,MATT REID,17,1,14,2,0
Early,,"Public Service Commission, District 3",3,DEM,STEPHEN OPPENHEIMER,1073,66,750,257,0
Early,Arlington,"Public Service Commission, District 3",3,DEM,STEPHEN OPPENHEIMER,46,11,33,2,0
Early,Blakely,"Public Service Commission, District 3",3,DEM,STEPHEN OPPENHEIMER,507,40,293,174,0
Early,Colomokee,"Public Service Commission, District 3",3,DEM,STEPHEN OPPENHEIMER,29,0,24,5,0
Early,Cedar Springs,"Public Service Commission, District 3",3,DEM,STEPHEN OPPENHEIMER,35,1,31,3,0
Early,Cuba,"Public Service Commission, District 3",3,DEM,STEPHEN OPPENHEIMER,73,3,42,28,0
Early,Damascus,"Public Service Commission, District 3",3,DEM,STEPHEN OPPENHEIMER,131,1,122,8,0
Early,Freeman,"Public Service Commission, District 3",3,DEM,STEPHEN OPPENHEIMER,21,2,14,5,0
Early,Hilton,"Public Service Commission, District 3",3,DEM,STEPHEN OPPENHEIMER,35,2,27,6,0
Early,Jakin,"Public Service Commission, District 3",3,DEM,STEPHEN OPPENHEIMER,86,4,80,2,0
Early,Lucille,"Public Service Commission, District 3",3,DEM,STEPHEN OPPENHEIMER,86,1,63,22,0
Early,Urquhart,"Public Service Commission, District 3",3,DEM,STEPHEN OPPENHEIMER,24,1,21,2,0
Early,,"Public Service Commission, District 5",5,REP,PAM DAVIDSON,380,10,270,100,0
Early,Arlington,"Public Service Commission, District 5",5,REP,PAM DAVIDSON,24,0,18,6,0
Early,Blakely,"Public Service Commission, District 5",5,REP,PAM DAVIDSON,113,6,57,50,0
Early,Colomokee,"Public Service Commission, District 5",5,REP,PAM DAVIDSON,12,1,6,5,0
Early,Cedar Springs,"Public Service Commission, District 5",5,REP,PAM DAVIDSON,31,0,31,0,0
Early,Cuba,"Public Service Commission, District 5",5,REP,PAM DAVIDSON,50,2,35,13,0
Early,Damascus,"Public Service Commission, District 5",5,REP,PAM DAVIDSON,10,0,9,1,0
Early,Freeman,"Public Service Commission, District 5",5,REP,PAM DAVIDSON,33,0,24,9,0
Early,Hilton,"Public Service Commission, District 5",5,REP,PAM DAVIDSON,25,0,23,2,0
Early,Jakin,"Public Service Commission, District 5",5,REP,PAM DAVIDSON,27,1,26,0,0
Early,Lucille,"Public Service Commission, District 5",5,REP,PAM DAVIDSON,40,0,28,12,0
Early,Urquhart,"Public Service Commission, District 5",5,REP,PAM DAVIDSON,15,0,13,2,0
Early,,"Public Service Commission, District 5",5,REP,STAN WISE (I),868,32,553,282,1
Early,Arlington,"Public Service Commission, District 5",5,REP,STAN WISE (I),56,1,46,9,0
Early,Blakely,"Public Service Commission, District 5",5,REP,STAN WISE (I),331,18,145,168,0
Early,Colomokee,"Public Service Commission, District 5",5,REP,STAN WISE (I),46,1,33,12,0
Early,Cedar Springs,"Public Service Commission, District 5",5,REP,STAN WISE (I),30,0,29,1,0
Early,Cuba,"Public Service Commission, District 5",5,REP,STAN WISE (I),120,7,74,39,0
Early,Damascus,"Public Service Commission, District 5",5,REP,STAN WISE (I),38,1,32,5,0
Early,Freeman,"Public Service Commission, District 5",5,REP,STAN WISE (I),62,3,42,17,0
Early,Hilton,"Public Service Commission, District 5",5,REP,STAN WISE (I),51,0,44,7,0
Early,Jakin,"Public Service Commission, District 5",5,REP,STAN WISE (I),26,0,23,3,0
Early,Lucille,"Public Service Commission, District 5",5,REP,STAN WISE (I),55,0,43,12,0
Early,Urquhart,"Public Service Commission, District 5",5,REP,STAN WISE (I),53,1,42,9,1
Early,,"U.S. Representative, District 2",2,REP,RICK ALLEN,480,11,338,131,0
Early,Arlington,"U.S. Representative, District 2",2,REP,RICK ALLEN,23,0,21,2,0
Early,Blakely,"U.S. Representative, District 2",2,REP,RICK ALLEN,179,6,93,80,0
Early,Colomokee,"U.S. Representative, District 2",2,REP,RICK ALLEN,13,0,10,3,0
Early,Cedar Springs,"U.S. Representative, District 2",2,REP,RICK ALLEN,28,0,28,0,0
Early,Cuba,"U.S. Representative, District 2",2,REP,RICK ALLEN,69,2,47,20,0
Early,Damascus,"U.S. Representative, District 2",2,REP,RICK ALLEN,19,1,16,2,0
Early,Freeman,"U.S. Representative, District 2",2,REP,RICK ALLEN,26,0,22,4,0
Early,Hilton,"U.S. Representative, District 2",2,REP,RICK ALLEN,31,0,26,5,0
Early,Jakin,"U.S. Representative, District 2",2,REP,RICK ALLEN,25,1,24,0,0
Early,Lucille,"U.S. Representative, District 2",2,REP,RICK ALLEN,41,1,27,13,0
Early,Urquhart,"U.S. Representative, District 2",2,REP,RICK ALLEN,26,0,24,2,0
Early,,"U.S. Representative, District 2",2,REP,KEN DELOACH,363,19,241,103,0
Early,Arlington,"U.S. Representative, District 2",2,REP,KEN DELOACH,23,1,18,4,0
Early,Blakely,"U.S. Representative, District 2",2,REP,KEN DELOACH,130,11,58,61,0
Early,Colomokee,"U.S. Representative, District 2",2,REP,KEN DELOACH,14,2,8,4,0
Early,Cedar Springs,"U.S. Representative, District 2",2,REP,KEN DELOACH,17,0,16,1,0
Early,Cuba,"U.S. Representative, District 2",2,REP,KEN DELOACH,55,5,35,15,0
Early,Damascus,"U.S. Representative, District 2",2,REP,KEN DELOACH,11,0,9,2,0
Early,Freeman,"U.S. Representative, District 2",2,REP,KEN DELOACH,26,0,22,4,0
Early,Hilton,"U.S. Representative, District 2",2,REP,KEN DELOACH,27,0,23,4,0
Early,Jakin,"U.S. Representative, District 2",2,REP,KEN DELOACH,10,0,10,0,0
Early,Lucille,"U.S. Representative, District 2",2,REP,KEN DELOACH,29,0,24,5,0
Early,Urquhart,"U.S. Representative, District 2",2,REP,KEN DELOACH,21,0,18,3,0
Early,,"U.S. Representative, District 2",2,REP,JOHN HOUSE,342,9,208,125,0
Early,Arlington,"U.S. Representative, District 2",2,REP,JOHN HOUSE,32,0,24,8,0
Early,Blakely,"U.S. Representative, District 2",2,REP,JOHN HOUSE,114,4,43,67,0
Early,Colomokee,"U.S. Representative, District 2",2,REP,JOHN HOUSE,28,0,19,9,0
Early,Cedar Springs,"U.S. Representative, District 2",2,REP,JOHN HOUSE,14,0,14,0,0
Early,Cuba,"U.S. Representative, District 2",2,REP,JOHN HOUSE,39,1,24,14,0
Early,Damascus,"U.S. Representative, District 2",2,REP,JOHN HOUSE,17,0,14,3,0
Early,Freeman,"U.S. Representative, District 2",2,REP,JOHN HOUSE,37,3,21,13,0
Early,Hilton,"U.S. Representative, District 2",2,REP,JOHN HOUSE,14,0,13,1,0
Early,Jakin,"U.S. Representative, District 2",2,REP,JOHN HOUSE,14,0,11,3,0
Early,Lucille,"U.S. Representative, District 2",2,REP,JOHN HOUSE,21,0,18,3,0
Early,Urquhart,"U.S. Representative, District 2",2,REP,JOHN HOUSE,12,1,7,4,0
Early,,"U.S. Representative, District 2",2,DEM,SANFORD BISHOP (I),1688,238,1078,372,0
Early,Arlington,"U.S. Representative, District 2",2,DEM,SANFORD BISHOP (I),71,12,56,3,0
Early,Blakely,"U.S. Representative, District 2",2,DEM,SANFORD BISHOP (I),941,192,474,275,0
Early,Colomokee,"U.S. Representative, District 2",2,DEM,SANFORD BISHOP (I),39,0,34,5,0
Early,Cedar Springs,"U.S. Representative, District 2",2,DEM,SANFORD BISHOP (I),34,1,30,3,0
Early,Cuba,"U.S. Representative, District 2",2,DEM,SANFORD BISHOP (I),98,11,50,37,0
Early,Damascus,"U.S. Representative, District 2",2,DEM,SANFORD BISHOP (I),173,3,163,7,0
Early,Freeman,"U.S. Representative, District 2",2,DEM,SANFORD BISHOP (I),33,5,21,7,0
Early,Hilton,"U.S. Representative, District 2",2,DEM,SANFORD BISHOP (I),44,2,38,4,0
Early,Jakin,"U.S. Representative, District 2",2,DEM,SANFORD BISHOP (I),104,4,97,3,0
Early,Lucille,"U.S. Representative, District 2",2,DEM,SANFORD BISHOP (I),121,7,88,26,0
Early,Urquhart,"U.S. Representative, District 2",2,DEM,SANFORD BISHOP (I),30,1,27,2,0
Early,,"State Senator, District 11",11,REP,JOHN BULLOCH (I),1207,42,799,365,1
Early,Arlington,"State Senator, District 11",11,REP,JOHN BULLOCH (I),79,1,64,14,0
Early,Blakely,"State Senator, District 11",11,REP,JOHN BULLOCH (I),433,24,200,209,0
Early,Colomokee,"State Senator, District 11",11,REP,JOHN BULLOCH (I),57,2,38,17,0
Early,Cedar Springs,"State Senator, District 11",11,REP,JOHN BULLOCH (I),60,0,57,3,0
Early,Cuba,"State Senator, District 11",11,REP,JOHN BULLOCH (I),161,7,104,50,0
Early,Damascus,"State Senator, District 11",11,REP,JOHN BULLOCH (I),47,1,39,7,0
Early,Freeman,"State Senator, District 11",11,REP,JOHN BULLOCH (I),92,3,66,23,0
Early,Hilton,"State Senator, District 11",11,REP,JOHN BULLOCH (I),72,0,64,8,0
Early,Jakin,"State Senator, District 11",11,REP,JOHN BULLOCH (I),50,1,45,4,0
Early,Lucille,"State Senator, District 11",11,REP,JOHN BULLOCH (I),90,2,68,20,0
Early,Urquhart,"State Senator, District 11",11,REP,JOHN BULLOCH (I),66,1,54,10,1
Early,,"State Representative, District 151",151,REP,GERALD E. GREENE (I),1226,44,809,372,1
Early,Arlington,"State Representative, District 151",151,REP,GERALD E. GREENE (I),80,1,65,14,0
Early,Blakely,"State Representative, District 151",151,REP,GERALD E. GREENE (I),441,26,204,211,0
Early,Colomokee,"State Representative, District 151",151,REP,GERALD E. GREENE (I),61,2,41,18,0
Early,Cedar Springs,"State Representative, District 151",151,REP,GERALD E. GREENE (I),59,0,56,3,0
Early,Cuba,"State Representative, District 151",151,REP,GERALD E. GREENE (I),160,7,104,49,0
Early,Damascus,"State Representative, District 151",151,REP,GERALD E. GREENE (I),51,1,41,9,0
Early,Freeman,"State Representative, District 151",151,REP,GERALD E. GREENE (I),95,3,69,23,0
Early,Hilton,"State Representative, District 151",151,REP,GERALD E. GREENE (I),72,0,64,8,0
Early,Jakin,"State Representative, District 151",151,REP,GERALD E. GREENE (I),49,1,44,4,0
Early,Lucille,"State Representative, District 151",151,REP,GERALD E. GREENE (I),88,2,64,22,0
Early,Urquhart,"State Representative, District 151",151,REP,GERALD E. GREENE (I),70,1,57,11,1
Early,,"District Attorney, Pataula Circuit", Pataula Circuit - DEM,DEM,T. CRAIG EARNEST (I),1097,63,771,263,0
Early,Arlington,"District Attorney, Pataula Circuit", Pataula Circuit - DEM,DEM,T. CRAIG EARNEST (I),43,9,33,1,0
Early,Blakely,"District Attorney, Pataula Circuit", Pataula Circuit - DEM,DEM,T. CRAIG EARNEST (I),507,37,297,173,0
Early,Colomokee,"District Attorney, Pataula Circuit", Pataula Circuit - DEM,DEM,T. CRAIG EARNEST (I),29,0,25,4,0
Early,Cedar Springs,"District Attorney, Pataula Circuit", Pataula Circuit - DEM,DEM,T. CRAIG EARNEST (I),38,1,34,3,0
Early,Cuba,"District Attorney, Pataula Circuit", Pataula Circuit - DEM,DEM,T. CRAIG EARNEST (I),84,5,46,33,0
Early,Damascus,"District Attorney, Pataula Circuit", Pataula Circuit - DEM,DEM,T. CRAIG EARNEST (I),131,1,121,9,0
Early,Freeman,"District Attorney, Pataula Circuit", Pataula Circuit - DEM,DEM,T. CRAIG EARNEST (I),24,2,17,5,0
Early,Hilton,"District Attorney, Pataula Circuit", Pataula Circuit - DEM,DEM,T. CRAIG EARNEST (I),38,2,30,6,0
Early,Jakin,"District Attorney, Pataula Circuit", Pataula Circuit - DEM,DEM,T. CRAIG EARNEST (I),90,4,83,3,0
Early,Lucille,"District Attorney, Pataula Circuit", Pataula Circuit - DEM,DEM,T. CRAIG EARNEST (I),88,1,63,24,0
Early,Urquhart,"District Attorney, Pataula Circuit", Pataula Circuit - DEM,DEM,T. CRAIG EARNEST (I),25,1,22,2,0
Early,,"CLERK, SUPERIOR COURT", SUPERIOR COURT - R,,HELEN M. MEEKS,424,11,274,139,0
Early,Arlington,"CLERK, SUPERIOR COURT", SUPERIOR COURT - R,,HELEN M. MEEKS,31,0,22,9,0
Early,Blakely,"CLERK, SUPERIOR COURT", SUPERIOR COURT - R,,HELEN M. MEEKS,154,8,67,79,0
Early,Colomokee,"CLERK, SUPERIOR COURT", SUPERIOR COURT - R,,HELEN M. MEEKS,17,0,14,3,0
Early,Cedar Springs,"CLERK, SUPERIOR COURT", SUPERIOR COURT - R,,HELEN M. MEEKS,22,0,22,0,0
Early,Cuba,"CLERK, SUPERIOR COURT", SUPERIOR COURT - R,,HELEN M. MEEKS,52,3,32,17,0
Early,Damascus,"CLERK, SUPERIOR COURT", SUPERIOR COURT - R,,HELEN M. MEEKS,13,0,10,3,0
Early,Freeman,"CLERK, SUPERIOR COURT", SUPERIOR COURT - R,,HELEN M. MEEKS,31,0,21,10,0
Early,Hilton,"CLERK, SUPERIOR COURT", SUPERIOR COURT - R,,HELEN M. MEEKS,27,0,24,3,0
Early,Jakin,"CLERK, SUPERIOR COURT", SUPERIOR COURT - R,,HELEN M. MEEKS,19,0,17,2,0
Early,Lucille,"CLERK, SUPERIOR COURT", SUPERIOR COURT - R,,HELEN M. MEEKS,33,0,23,10,0
Early,Urquhart,"CLERK, SUPERIOR COURT", SUPERIOR COURT - R,,HELEN M. MEEKS,25,0,22,3,0
Early,,"CLERK, SUPERIOR COURT", SUPERIOR COURT - R,,EMILY ANN WILBOURN,1003,42,657,303,1
Early,Arlington,"CLERK, SUPERIOR COURT", SUPERIOR COURT - R,,EMILY ANN WILBOURN,60,1,52,7,0
Early,Blakely,"CLERK, SUPERIOR COURT", SUPERIOR COURT - R,,EMILY ANN WILBOURN,353,22,163,168,0
Early,Colomokee,"CLERK, SUPERIOR COURT", SUPERIOR COURT - R,,EMILY ANN WILBOURN,47,2,29,16,0
Early,Cedar Springs,"CLERK, SUPERIOR COURT", SUPERIOR COURT - R,,EMILY ANN WILBOURN,47,0,44,3,0
Early,Cuba,"CLERK, SUPERIOR COURT", SUPERIOR COURT - R,,EMILY ANN WILBOURN,138,8,87,43,0
Early,Damascus,"CLERK, SUPERIOR COURT", SUPERIOR COURT - R,,EMILY ANN WILBOURN,47,1,37,9,0
Early,Freeman,"CLERK, SUPERIOR COURT", SUPERIOR COURT - R,,EMILY ANN WILBOURN,82,3,60,19,0
Early,Hilton,"CLERK, SUPERIOR COURT", SUPERIOR COURT - R,,EMILY ANN WILBOURN,65,0,55,10,0
Early,Jakin,"CLERK, SUPERIOR COURT", SUPERIOR COURT - R,,EMILY ANN WILBOURN,31,1,28,2,0
Early,Lucille,"CLERK, SUPERIOR COURT", SUPERIOR COURT - R,,EMILY ANN WILBOURN,81,3,60,18,0
Early,Urquhart,"CLERK, SUPERIOR COURT", SUPERIOR COURT - R,,EMILY ANN WILBOURN,52,1,42,8,1
Early,,SHERIFF,,,RAY ENFINGER,1162,40,787,334,1
Early,Arlington,SHERIFF,,,RAY ENFINGER,76,1,65,10,0
Early,Blakely,SHERIFF,,,RAY ENFINGER,405,21,196,188,0
Early,Colomokee,SHERIFF,,,RAY ENFINGER,50,2,32,16,0
Early,Cedar Springs,SHERIFF,,,RAY ENFINGER,57,0,56,1,0
Early,Cuba,SHERIFF,,,RAY ENFINGER,144,7,90,47,0
Early,Damascus,SHERIFF,,,RAY ENFINGER,52,1,45,6,0
Early,Freeman,SHERIFF,,,RAY ENFINGER,96,3,71,22,0
Early,Hilton,SHERIFF,,,RAY ENFINGER,80,0,68,12,0
Early,Jakin,SHERIFF,,,RAY ENFINGER,47,1,44,2,0
Early,Lucille,SHERIFF,,,RAY ENFINGER,90,3,68,19,0
Early,Urquhart,SHERIFF,,,RAY ENFINGER,65,1,52,11,1
Early,,SHERIFF,,,DONALD BRYANT,531,48,386,96,1
Early,Arlington,SHERIFF,,,DONALD BRYANT,22,8,13,1,0
Early,Blakely,SHERIFF,,,DONALD BRYANT,264,36,161,66,1
Early,Colomokee,SHERIFF,,,DONALD BRYANT,7,0,7,0,0
Early,Cedar Springs,SHERIFF,,,DONALD BRYANT,12,1,11,0,0
Early,Cuba,SHERIFF,,,DONALD BRYANT,27,0,11,16,0
Early,Damascus,SHERIFF,,,DONALD BRYANT,102,0,100,2,0
Early,Freeman,SHERIFF,,,DONALD BRYANT,5,0,5,0,0
Early,Hilton,SHERIFF,,,DONALD BRYANT,9,0,9,0,0
Early,Jakin,SHERIFF,,,DONALD BRYANT,34,1,30,3,0
Early,Lucille,SHERIFF,,,DONALD BRYANT,40,2,30,8,0
Early,Urquhart,SHERIFF,,,DONALD BRYANT,9,0,9,0,0
Early,,SHERIFF,,,"PHILLIP E. LAW, JR.",437,19,266,152,0
Early,Arlington,SHERIFF,,,"PHILLIP E. LAW, JR.",12,0,11,1,0
Early,Blakely,SHERIFF,,,"PHILLIP E. LAW, JR.",173,9,70,94,0
Early,Colomokee,SHERIFF,,,"PHILLIP E. LAW, JR.",16,0,12,4,0
Early,Cedar Springs,SHERIFF,,,"PHILLIP E. LAW, JR.",20,1,17,2,0
Early,Cuba,SHERIFF,,,"PHILLIP E. LAW, JR.",46,3,26,17,0
Early,Damascus,SHERIFF,,,"PHILLIP E. LAW, JR.",43,2,32,9,0
Early,Freeman,SHERIFF,,,"PHILLIP E. LAW, JR.",18,1,11,6,0
Early,Hilton,SHERIFF,,,"PHILLIP E. LAW, JR.",16,2,9,5,0
Early,Jakin,SHERIFF,,,"PHILLIP E. LAW, JR.",38,0,37,1,0
Early,Lucille,SHERIFF,,,"PHILLIP E. LAW, JR.",44,0,31,13,0
Early,Urquhart,SHERIFF,,,"PHILLIP E. LAW, JR.",11,1,10,0,0
Early,,SHERIFF,,,"WILLIAM ""FATS"" PRICE",978,203,560,215,0
Early,Arlington,SHERIFF,,,"WILLIAM ""FATS"" PRICE",39,5,33,1,0
Early,Blakely,SHERIFF,,,"WILLIAM ""FATS"" PRICE",655,175,302,178,0
Early,Colomokee,SHERIFF,,,"WILLIAM ""FATS"" PRICE",20,0,19,1,0
Early,Cedar Springs,SHERIFF,,,"WILLIAM ""FATS"" PRICE",10,0,9,1,0
Early,Cuba,SHERIFF,,,"WILLIAM ""FATS"" PRICE",47,8,23,16,0
Early,Damascus,SHERIFF,,,"WILLIAM ""FATS"" PRICE",56,2,51,3,0
Early,Freeman,SHERIFF,,,"WILLIAM ""FATS"" PRICE",19,4,12,3,0
Early,Hilton,SHERIFF,,,"WILLIAM ""FATS"" PRICE",20,1,17,2,0
Early,Jakin,SHERIFF,,,"WILLIAM ""FATS"" PRICE",38,2,36,0,0
Early,Lucille,SHERIFF,,,"WILLIAM ""FATS"" PRICE",62,6,48,8,0
Early,Urquhart,SHERIFF,,,"WILLIAM ""FATS"" PRICE",12,0,10,2,0
Early,,SHERIFF,,,DAN RICKETSON,118,2,90,26,0
Early,Arlington,SHERIFF,,,DAN RICKETSON,4,0,4,0,0
Early,Blakely,SHERIFF,,,DAN RICKETSON,43,1,23,19,0
Early,Colomokee,SHERIFF,,,DAN RICKETSON,3,0,3,0,0
Early,Cedar Springs,SHERIFF,,,DAN RICKETSON,7,0,7,0,0
Early,Cuba,SHERIFF,,,DAN RICKETSON,15,0,14,1,0
Early,Damascus,SHERIFF,,,DAN RICKETSON,6,0,5,1,0
Early,Freeman,SHERIFF,,,DAN RICKETSON,4,1,1,2,0
Early,Hilton,SHERIFF,,,DAN RICKETSON,12,0,10,2,0
Early,Jakin,SHERIFF,,,DAN RICKETSON,13,0,13,0,0
Early,Lucille,SHERIFF,,,DAN RICKETSON,4,0,3,1,0
Early,Urquhart,SHERIFF,,,DAN RICKETSON,7,0,7,0,0
Early,,TAX COMMISSIONER,,,SYLVIA H. HOOD ,1450,84,1036,330,0
Early,Arlington,TAX COMMISSIONER,,,SYLVIA H. HOOD ,63,10,51,2,0
Early,Blakely,TAX COMMISSIONER,,,SYLVIA H. HOOD ,700,55,412,233,0
Early,Colomokee,TAX COMMISSIONER,,,SYLVIA H. HOOD ,40,0,35,5,0
Early,Cedar Springs,TAX COMMISSIONER,,,SYLVIA H. HOOD ,45,2,40,3,0
Early,Cuba,TAX COMMISSIONER,,,SYLVIA H. HOOD ,98,5,60,33,0
Early,Damascus,TAX COMMISSIONER,,,SYLVIA H. HOOD ,172,1,163,8,0
Early,Freeman,TAX COMMISSIONER,,,SYLVIA H. HOOD ,36,2,28,6,0
Early,Hilton,TAX COMMISSIONER,,,SYLVIA H. HOOD ,44,2,35,7,0
Early,Jakin,TAX COMMISSIONER,,,SYLVIA H. HOOD ,106,4,99,3,0
Early,Lucille,TAX COMMISSIONER,,,SYLVIA H. HOOD ,116,2,86,28,0
Early,Urquhart,TAX COMMISSIONER,,,SYLVIA H. HOOD ,30,1,27,2,0
Early,,SURVEYOR,,,GRADY HOLMAN ,1202,72,854,276,0
Early,Arlington,SURVEYOR,,,GRADY HOLMAN ,56,11,43,2,0
Early,Blakely,SURVEYOR,,,GRADY HOLMAN ,564,44,330,190,0
Early,Colomokee,SURVEYOR,,,GRADY HOLMAN ,32,0,28,4,0
Early,Cedar Springs,SURVEYOR,,,GRADY HOLMAN ,40,1,36,3,0
Early,Cuba,SURVEYOR,,,GRADY HOLMAN ,87,5,51,31,0
Early,Damascus,SURVEYOR,,,GRADY HOLMAN ,145,1,137,7,0
Early,Freeman,SURVEYOR,,,GRADY HOLMAN ,29,2,21,6,0
Early,Hilton,SURVEYOR,,,GRADY HOLMAN ,37,2,28,7,0
Early,Jakin,SURVEYOR,,,GRADY HOLMAN ,90,4,83,3,0
Early,Lucille,SURVEYOR,,,GRADY HOLMAN ,95,2,72,21,0
Early,Urquhart,SURVEYOR,,,GRADY HOLMAN ,27,0,25,2,0
Early,,CORONER,,,TODD T. HUNTER ,1578,150,1071,357,0
Early,Arlington,CORONER,,,TODD T. HUNTER ,67,13,51,3,0
Early,Blakely,CORONER,,,TODD T. HUNTER ,818,111,450,257,0
Early,Colomokee,CORONER,,,TODD T. HUNTER ,35,0,30,5,0
Early,Cedar Springs,CORONER,,,TODD T. HUNTER ,43,1,39,3,0
Early,Cuba,CORONER,,,TODD T. HUNTER ,101,8,59,34,0
Early,Damascus,CORONER,,,TODD T. HUNTER ,177,1,167,9,0
Early,Freeman,CORONER,,,TODD T. HUNTER ,35,4,25,6,0
Early,Hilton,CORONER,,,TODD T. HUNTER ,45,2,36,7,0
Early,Jakin,CORONER,,,TODD T. HUNTER ,108,4,101,3,0
Early,Lucille,CORONER,,,TODD T. HUNTER ,121,6,88,27,0
Early,Urquhart,CORONER,,,TODD T. HUNTER ,28,0,25,3,0
Early,,CHAIR CC,,,BRAD HUGHES,690,22,443,225,0
Early,Arlington,CHAIR CC,,,BRAD HUGHES,62,1,53,8,0
Early,Blakely,CHAIR CC,,,BRAD HUGHES,246,16,101,129,0
Early,Colomokee,CHAIR CC,,,BRAD HUGHES,21,1,15,5,0
Early,Cedar Springs,CHAIR CC,,,BRAD HUGHES,30,0,29,1,0
Early,Cuba,CHAIR CC,,,BRAD HUGHES,96,3,61,32,0
Early,Damascus,CHAIR CC,,,BRAD HUGHES,32,0,27,5,0
Early,Freeman,CHAIR CC,,,BRAD HUGHES,49,0,31,18,0
Early,Hilton,CHAIR CC,,,BRAD HUGHES,47,0,40,7,0
Early,Jakin,CHAIR CC,,,BRAD HUGHES,31,0,29,2,0
Early,Lucille,CHAIR CC,,,BRAD HUGHES,47,1,31,15,0
Early,Urquhart,CHAIR CC,,,BRAD HUGHES,29,0,26,3,0
Early,,CHAIR CC,,,JUNE ALLEN MERRITT,759,30,508,220,1
Early,Arlington,CHAIR CC,,,JUNE ALLEN MERRITT,28,0,21,7,0
Early,Blakely,CHAIR CC,,,JUNE ALLEN MERRITT,272,14,134,124,0
Early,Colomokee,CHAIR CC,,,JUNE ALLEN MERRITT,45,1,29,15,0
Early,Cedar Springs,CHAIR CC,,,JUNE ALLEN MERRITT,40,0,38,2,0
Early,Cuba,CHAIR CC,,,JUNE ALLEN MERRITT,94,8,58,28,0
Early,Damascus,CHAIR CC,,,JUNE ALLEN MERRITT,27,1,20,6,0
Early,Freeman,CHAIR CC,,,JUNE ALLEN MERRITT,63,3,50,10,0
Early,Hilton,CHAIR CC,,,JUNE ALLEN MERRITT,43,0,38,5,0
Early,Jakin,CHAIR CC,,,JUNE ALLEN MERRITT,30,1,27,2,0
Early,Lucille,CHAIR CC,,,JUNE ALLEN MERRITT,68,1,54,13,0
Early,Urquhart,CHAIR CC,,,JUNE ALLEN MERRITT,49,1,39,8,1
Early,,"CC, D2", D2 - R,,HANK JESTER ,204,2,145,57,0
Early,Arlington,"CC, D2", D2 - R,,HANK JESTER ,72,1,58,13,0
Early,Blakely,"CC, D2", D2 - R,,HANK JESTER ,49,0,22,27,0
Early,Cuba,"CC, D2", D2 - R,,HANK JESTER ,41,0,31,10,0
Early,Damascus,"CC, D2", D2 - R,,HANK JESTER ,42,1,34,7,0
Early,,"CC, D2", D2 - D,,JEFFERY HAYNES ,381,51,257,73,0
Early,Arlington,"CC, D2", D2 - D,,JEFFERY HAYNES ,55,12,40,3,0
Early,Blakely,"CC, D2", D2 - D,,JEFFERY HAYNES ,139,31,64,44,0
Early,Cuba,"CC, D2", D2 - D,,JEFFERY HAYNES ,43,6,16,21,0
Early,Damascus,"CC, D2", D2 - D,,JEFFERY HAYNES ,144,2,137,5,0
Early,,"CC, D4", D4 - R,,ALAN BRASWELL,172,7,120,45,0
Early,Blakely,"CC, D4", D4 - R,,ALAN BRASWELL,12,2,4,6,0
Early,Cedar Springs,"CC, D4", D4 - R,,ALAN BRASWELL,26,0,26,0,0
Early,Cuba,"CC, D4", D4 - R,,ALAN BRASWELL,50,2,27,21,0
Early,Jakin,"CC, D4", D4 - R,,ALAN BRASWELL,36,0,35,1,0
Early,Lucille,"CC, D4", D4 - R,,ALAN BRASWELL,48,3,28,17,0
Early,,"CC, D4", D4 - R,,TAYLOR BRIDGES,216,8,161,47,0
Early,Blakely,"CC, D4", D4 - R,,TAYLOR BRIDGES,17,0,7,10,0
Early,Cedar Springs,"CC, D4", D4 - R,,TAYLOR BRIDGES,40,0,37,3,0
Early,Cuba,"CC, D4", D4 - R,,TAYLOR BRIDGES,75,7,48,20,0
Early,Jakin,"CC, D4", D4 - R,,TAYLOR BRIDGES,18,1,14,3,0
Early,Lucille,"CC, D4", D4 - R,,TAYLOR BRIDGES,66,0,55,11,0
Early,,"CC, D4", D4 - D,,PERRY JARRETT ,129,3,99,27,0
Early,Blakely,"CC, D4", D4 - D,,PERRY JARRETT ,4,0,2,2,0
Early,Cedar Springs,"CC, D4", D4 - D,,PERRY JARRETT ,19,1,17,1,0
Early,Cuba,"CC, D4", D4 - D,,PERRY JARRETT ,38,1,23,14,0
Early,Jakin,"CC, D4", D4 - D,,PERRY JARRETT ,30,0,30,0,0
Early,Lucille,"CC, D4", D4 - D,,PERRY JARRETT ,38,1,27,10,0
Early,,"CC, D4", D4 - D,,FREDDIE SPEIGHT,239,13,198,28,0
Early,Blakely,"CC, D4", D4 - D,,FREDDIE SPEIGHT,3,0,3,0,0
Early,Cedar Springs,"CC, D4", D4 - D,,FREDDIE SPEIGHT,27,1,24,2,0
Early,Cuba,"CC, D4", D4 - D,,FREDDIE SPEIGHT,26,2,17,7,0
Early,Jakin,"CC, D4", D4 - D,,FREDDIE SPEIGHT,92,4,85,3,0
Early,Lucille,"CC, D4", D4 - D,,FREDDIE SPEIGHT,91,6,69,16,0
Early,,Republican Party Question 1<br>Should Georgia have casino gambling with funds going to education?,,REP,YES,862,26,571,264,1
Early,Arlington,Republican Party Question 1<br>Should Georgia have casino gambling with funds going to education?,,REP,YES,51,0,41,10,0
Early,Blakely,Republican Party Question 1<br>Should Georgia have casino gambling with funds going to education?,,REP,YES,322,16,160,146,0
Early,Colomokee,Republican Party Question 1<br>Should Georgia have casino gambling with funds going to education?,,REP,YES,38,2,23,13,0
Early,Cedar Springs,Republican Party Question 1<br>Should Georgia have casino gambling with funds going to education?,,REP,YES,34,0,32,2,0
Early,Cuba,Republican Party Question 1<br>Should Georgia have casino gambling with funds going to education?,,REP,YES,122,4,83,35,0
Early,Damascus,Republican Party Question 1<br>Should Georgia have casino gambling with funds going to education?,,REP,YES,25,0,19,6,0
Early,Freeman,Republican Party Question 1<br>Should Georgia have casino gambling with funds going to education?,,REP,YES,71,3,52,16,0
Early,Hilton,Republican Party Question 1<br>Should Georgia have casino gambling with funds going to education?,,REP,YES,69,0,60,9,0
Early,Jakin,Republican Party Question 1<br>Should Georgia have casino gambling with funds going to education?,,REP,YES,24,1,21,2,0
Early,Lucille,Republican Party Question 1<br>Should Georgia have casino gambling with funds going to education?,,REP,YES,65,0,51,14,0
Early,Urquhart,Republican Party Question 1<br>Should Georgia have casino gambling with funds going to education?,,REP,YES,41,0,29,11,1
Early,,Republican Party Question 1<br>Should Georgia have casino gambling with funds going to education?,,REP,NO,556,24,366,166,0
Early,Arlington,Republican Party Question 1<br>Should Georgia have casino gambling with funds going to education?,,REP,NO,38,1,31,6,0
Early,Blakely,Republican Party Question 1<br>Should Georgia have casino gambling with funds going to education?,,REP,NO,177,11,71,95,0
Early,Colomokee,Republican Party Question 1<br>Should Georgia have casino gambling with funds going to education?,,REP,NO,28,0,21,7,0
Early,Cedar Springs,Republican Party Question 1<br>Should Georgia have casino gambling with funds going to education?,,REP,NO,36,0,36,0,0
Early,Cuba,Republican Party Question 1<br>Should Georgia have casino gambling with funds going to education?,,REP,NO,66,7,36,23,0
Early,Damascus,Republican Party Question 1<br>Should Georgia have casino gambling with funds going to education?,,REP,NO,33,1,28,4,0
Early,Freeman,Republican Party Question 1<br>Should Georgia have casino gambling with funds going to education?,,REP,NO,40,0,28,12,0
Early,Hilton,Republican Party Question 1<br>Should Georgia have casino gambling with funds going to education?,,REP,NO,24,0,20,4,0
Early,Jakin,Republican Party Question 1<br>Should Georgia have casino gambling with funds going to education?,,REP,NO,34,0,32,2,0
Early,Lucille,Republican Party Question 1<br>Should Georgia have casino gambling with funds going to education?,,REP,NO,46,3,30,13,0
Early,Urquhart,Republican Party Question 1<br>Should Georgia have casino gambling with funds going to education?,,REP,NO,34,1,33,0,0
Early,,Republican Party Question 2<br>Do you support ending the current practice of unlimited gifts from lobbyists to state legislators by imposing a $100 cap on such gifts?,,REP,YES,1163,44,758,360,1
Early,Arlington,Republican Party Question 2<br>Do you support ending the current practice of unlimited gifts from lobbyists to state legislators by imposing a $100 cap on such gifts?,,REP,YES,73,1,56,16,0
Early,Blakely,Republican Party Question 2<br>Do you support ending the current practice of unlimited gifts from lobbyists to state legislators by imposing a $100 cap on such gifts?,,REP,YES,417,25,180,212,0
Early,Colomokee,Republican Party Question 2<br>Do you support ending the current practice of unlimited gifts from lobbyists to state legislators by imposing a $100 cap on such gifts?,,REP,YES,54,2,35,17,0
Early,Cedar Springs,Republican Party Question 2<br>Do you support ending the current practice of unlimited gifts from lobbyists to state legislators by imposing a $100 cap on such gifts?,,REP,YES,59,0,56,3,0
Early,Cuba,Republican Party Question 2<br>Do you support ending the current practice of unlimited gifts from lobbyists to state legislators by imposing a $100 cap on such gifts?,,REP,YES,154,9,101,44,0
Early,Damascus,Republican Party Question 2<br>Do you support ending the current practice of unlimited gifts from lobbyists to state legislators by imposing a $100 cap on such gifts?,,REP,YES,42,1,35,6,0
Early,Freeman,Republican Party Question 2<br>Do you support ending the current practice of unlimited gifts from lobbyists to state legislators by imposing a $100 cap on such gifts?,,REP,YES,95,3,72,20,0
Early,Hilton,Republican Party Question 2<br>Do you support ending the current practice of unlimited gifts from lobbyists to state legislators by imposing a $100 cap on such gifts?,,REP,YES,77,0,66,11,0
Early,Jakin,Republican Party Question 2<br>Do you support ending the current practice of unlimited gifts from lobbyists to state legislators by imposing a $100 cap on such gifts?,,REP,YES,46,1,42,3,0
Early,Lucille,Republican Party Question 2<br>Do you support ending the current practice of unlimited gifts from lobbyists to state legislators by imposing a $100 cap on such gifts?,,REP,YES,84,1,64,19,0
Early,Urquhart,Republican Party Question 2<br>Do you support ending the current practice of unlimited gifts from lobbyists to state legislators by imposing a $100 cap on such gifts?,,REP,YES,62,1,51,9,1
Early,,Republican Party Question 2<br>Do you support ending the current practice of unlimited gifts from lobbyists to state legislators by imposing a $100 cap on such gifts?,,REP,NO,223,4,158,61,0
Early,Arlington,Republican Party Question 2<br>Do you support ending the current practice of unlimited gifts from lobbyists to state legislators by imposing a $100 cap on such gifts?,,REP,NO,14,0,14,0,0
Early,Blakely,Republican Party Question 2<br>Do you support ending the current practice of unlimited gifts from lobbyists to state legislators by imposing a $100 cap on such gifts?,,REP,NO,72,3,42,27,0
Early,Colomokee,Republican Party Question 2<br>Do you support ending the current practice of unlimited gifts from lobbyists to state legislators by imposing a $100 cap on such gifts?,,REP,NO,9,0,7,2,0
Early,Cedar Springs,Republican Party Question 2<br>Do you support ending the current practice of unlimited gifts from lobbyists to state legislators by imposing a $100 cap on such gifts?,,REP,NO,12,0,12,0,0
Early,Cuba,Republican Party Question 2<br>Do you support ending the current practice of unlimited gifts from lobbyists to state legislators by imposing a $100 cap on such gifts?,,REP,NO,28,1,16,11,0
Early,Damascus,Republican Party Question 2<br>Do you support ending the current practice of unlimited gifts from lobbyists to state legislators by imposing a $100 cap on such gifts?,,REP,NO,14,0,12,2,0
Early,Freeman,Republican Party Question 2<br>Do you support ending the current practice of unlimited gifts from lobbyists to state legislators by imposing a $100 cap on such gifts?,,REP,NO,18,0,10,8,0
Early,Hilton,Republican Party Question 2<br>Do you support ending the current practice of unlimited gifts from lobbyists to state legislators by imposing a $100 cap on such gifts?,,REP,NO,12,0,11,1,0
Early,Jakin,Republican Party Question 2<br>Do you support ending the current practice of unlimited gifts from lobbyists to state legislators by imposing a $100 cap on such gifts?,,REP,NO,12,0,11,1,0
Early,Lucille,Republican Party Question 2<br>Do you support ending the current practice of unlimited gifts from lobbyists to state legislators by imposing a $100 cap on such gifts?,,REP,NO,23,0,16,7,0
Early,Urquhart,Republican Party Question 2<br>Do you support ending the current practice of unlimited gifts from lobbyists to state legislators by imposing a $100 cap on such gifts?,,REP,NO,9,0,7,2,0
Early,,Republican Party Question 3<br>Should active duty military personnel who are under the age of 21 be allowed to obtain a Georgia weapons license?,,REP,YES,977,30,653,293,1
Early,Arlington,Republican Party Question 3<br>Should active duty military personnel who are under the age of 21 be allowed to obtain a Georgia weapons license?,,REP,YES,65,1,52,12,0
Early,Blakely,Republican Party Question 3<br>Should active duty military personnel who are under the age of 21 be allowed to obtain a Georgia weapons license?,,REP,YES,315,15,148,152,0
Early,Colomokee,Republican Party Question 3<br>Should active duty military personnel who are under the age of 21 be allowed to obtain a Georgia weapons license?,,REP,YES,49,1,34,14,0
Early,Cedar Springs,Republican Party Question 3<br>Should active duty military personnel who are under the age of 21 be allowed to obtain a Georgia weapons license?,,REP,YES,54,0,52,2,0
Early,Cuba,Republican Party Question 3<br>Should active duty military personnel who are under the age of 21 be allowed to obtain a Georgia weapons license?,,REP,YES,145,8,96,41,0
Early,Damascus,Republican Party Question 3<br>Should active duty military personnel who are under the age of 21 be allowed to obtain a Georgia weapons license?,,REP,YES,34,0,26,8,0
Early,Freeman,Republican Party Question 3<br>Should active duty military personnel who are under the age of 21 be allowed to obtain a Georgia weapons license?,,REP,YES,85,3,62,20,0
Early,Hilton,Republican Party Question 3<br>Should active duty military personnel who are under the age of 21 be allowed to obtain a Georgia weapons license?,,REP,YES,69,0,56,13,0
Early,Jakin,Republican Party Question 3<br>Should active duty military personnel who are under the age of 21 be allowed to obtain a Georgia weapons license?,,REP,YES,46,1,41,4,0
Early,Lucille,Republican Party Question 3<br>Should active duty military personnel who are under the age of 21 be allowed to obtain a Georgia weapons license?,,REP,YES,65,0,48,17,0
Early,Urquhart,Republican Party Question 3<br>Should active duty military personnel who are under the age of 21 be allowed to obtain a Georgia weapons license?,,REP,YES,50,1,38,10,1
Early,,Republican Party Question 3<br>Should active duty military personnel who are under the age of 21 be allowed to obtain a Georgia weapons license?,,REP,NO,432,17,276,139,0
Early,Arlington,Republican Party Question 3<br>Should active duty military personnel who are under the age of 21 be allowed to obtain a Georgia weapons license?,,REP,NO,23,0,19,4,0
Early,Blakely,Republican Party Question 3<br>Should active duty military personnel who are under the age of 21 be allowed to obtain a Georgia weapons license?,,REP,NO,186,12,83,91,0
Early,Colomokee,Republican Party Question 3<br>Should active duty military personnel who are under the age of 21 be allowed to obtain a Georgia weapons license?,,REP,NO,16,1,9,6,0
Early,Cedar Springs,Republican Party Question 3<br>Should active duty military personnel who are under the age of 21 be allowed to obtain a Georgia weapons license?,,REP,NO,17,0,16,1,0
Early,Cuba,Republican Party Question 3<br>Should active duty military personnel who are under the age of 21 be allowed to obtain a Georgia weapons license?,,REP,NO,39,2,21,16,0
Early,Damascus,Republican Party Question 3<br>Should active duty military personnel who are under the age of 21 be allowed to obtain a Georgia weapons license?,,REP,NO,25,1,22,2,0
Early,Freeman,Republican Party Question 3<br>Should active duty military personnel who are under the age of 21 be allowed to obtain a Georgia weapons license?,,REP,NO,27,0,19,8,0
Early,Hilton,Republican Party Question 3<br>Should active duty military personnel who are under the age of 21 be allowed to obtain a Georgia weapons license?,,REP,NO,20,0,20,0,0
Early,Jakin,Republican Party Question 3<br>Should active duty military personnel who are under the age of 21 be allowed to obtain a Georgia weapons license?,,REP,NO,11,0,11,0,0
Early,Lucille,Republican Party Question 3<br>Should active duty military personnel who are under the age of 21 be allowed to obtain a Georgia weapons license?,,REP,NO,43,1,32,10,0
Early,Urquhart,Republican Party Question 3<br>Should active duty military personnel who are under the age of 21 be allowed to obtain a Georgia weapons license?,,REP,NO,25,0,24,1,0
Early,,Republican Party Question 4<br>Should Citizens who wish to vote in a primary election be required to register by their political party affiliation at least thirty (30) days prior to such primary election?,,REP,YES,616,19,400,197,0
Early,Arlington,Republican Party Question 4<br>Should Citizens who wish to vote in a primary election be required to register by their political party affiliation at least thirty (30) days prior to such primary election?,,REP,YES,32,0,25,7,0
Early,Blakely,Republican Party Question 4<br>Should Citizens who wish to vote in a primary election be required to register by their political party affiliation at least thirty (30) days prior to such primary election?,,REP,YES,231,13,96,122,0
Early,Colomokee,Republican Party Question 4<br>Should Citizens who wish to vote in a primary election be required to register by their political party affiliation at least thirty (30) days prior to such primary election?,,REP,YES,31,0,24,7,0
Early,Cedar Springs,Republican Party Question 4<br>Should Citizens who wish to vote in a primary election be required to register by their political party affiliation at least thirty (30) days prior to such primary election?,,REP,YES,32,0,32,0,0
Early,Cuba,Republican Party Question 4<br>Should Citizens who wish to vote in a primary election be required to register by their political party affiliation at least thirty (30) days prior to such primary election?,,REP,YES,77,3,45,29,0
Early,Damascus,Republican Party Question 4<br>Should Citizens who wish to vote in a primary election be required to register by their political party affiliation at least thirty (30) days prior to such primary election?,,REP,YES,23,1,21,1,0
Early,Freeman,Republican Party Question 4<br>Should Citizens who wish to vote in a primary election be required to register by their political party affiliation at least thirty (30) days prior to such primary election?,,REP,YES,43,0,30,13,0
Early,Hilton,Republican Party Question 4<br>Should Citizens who wish to vote in a primary election be required to register by their political party affiliation at least thirty (30) days prior to such primary election?,,REP,YES,41,0,37,4,0
Early,Jakin,Republican Party Question 4<br>Should Citizens who wish to vote in a primary election be required to register by their political party affiliation at least thirty (30) days prior to such primary election?,,REP,YES,28,1,27,0,0
Early,Lucille,Republican Party Question 4<br>Should Citizens who wish to vote in a primary election be required to register by their political party affiliation at least thirty (30) days prior to such primary election?,,REP,YES,43,1,34,8,0
Early,Urquhart,Republican Party Question 4<br>Should Citizens who wish to vote in a primary election be required to register by their political party affiliation at least thirty (30) days prior to such primary election?,,REP,YES,35,0,29,6,0
Early,,Republican Party Question 4<br>Should Citizens who wish to vote in a primary election be required to register by their political party affiliation at least thirty (30) days prior to such primary election?,,REP,NO,771,28,513,230,0
Early,Arlington,Republican Party Question 4<br>Should Citizens who wish to vote in a primary election be required to register by their political party affiliation at least thirty (30) days prior to such primary election?,,REP,NO,55,1,45,9,0
Early,Blakely,Republican Party Question 4<br>Should Citizens who wish to vote in a primary election be required to register by their political party affiliation at least thirty (30) days prior to such primary election?,,REP,NO,264,14,131,119,0
Early,Colomokee,Republican Party Question 4<br>Should Citizens who wish to vote in a primary election be required to register by their political party affiliation at least thirty (30) days prior to such primary election?,,REP,NO,32,2,17,13,0
Early,Cedar Springs,Republican Party Question 4<br>Should Citizens who wish to vote in a primary election be required to register by their political party affiliation at least thirty (30) days prior to such primary election?,,REP,NO,39,0,36,3,0
Early,Cuba,Republican Party Question 4<br>Should Citizens who wish to vote in a primary election be required to register by their political party affiliation at least thirty (30) days prior to such primary election?,,REP,NO,106,7,72,27,0
Early,Damascus,Republican Party Question 4<br>Should Citizens who wish to vote in a primary election be required to register by their political party affiliation at least thirty (30) days prior to such primary election?,,REP,NO,32,0,25,7,0
Early,Freeman,Republican Party Question 4<br>Should Citizens who wish to vote in a primary election be required to register by their political party affiliation at least thirty (30) days prior to such primary election?,,REP,NO,68,3,50,15,0
Early,Hilton,Republican Party Question 4<br>Should Citizens who wish to vote in a primary election be required to register by their political party affiliation at least thirty (30) days prior to such primary election?,,REP,NO,46,0,37,9,0
Early,Jakin,Republican Party Question 4<br>Should Citizens who wish to vote in a primary election be required to register by their political party affiliation at least thirty (30) days prior to such primary election?,,REP,NO,27,0,23,4,0
Early,Lucille,Republican Party Question 4<br>Should Citizens who wish to vote in a primary election be required to register by their political party affiliation at least thirty (30) days prior to such primary election?,,REP,NO,65,0,46,19,0
Early,Urquhart,Republican Party Question 4<br>Should Citizens who wish to vote in a primary election be required to register by their political party affiliation at least thirty (30) days prior to such primary election?,,REP,NO,37,1,31,5,0
Early,,Republican Party Question 5 <br>Life Amendment Question,,REP,YES,919,23,601,295,0
Early,Arlington,Republican Party Question 5 <br>Life Amendment Question,,REP,YES,62,1,49,12,0
Early,Blakely,Republican Party Question 5 <br>Life Amendment Question,,REP,YES,332,14,142,176,0
Early,Colomokee,Republican Party Question 5 <br>Life Amendment Question,,REP,YES,42,2,29,11,0
Early,Cedar Springs,Republican Party Question 5 <br>Life Amendment Question,,REP,YES,43,0,42,1,0
Early,Cuba,Republican Party Question 5 <br>Life Amendment Question,,REP,YES,112,2,76,34,0
Early,Damascus,Republican Party Question 5 <br>Life Amendment Question,,REP,YES,29,1,24,4,0
Early,Freeman,Republican Party Question 5 <br>Life Amendment Question,,REP,YES,69,0,50,19,0
Early,Hilton,Republican Party Question 5 <br>Life Amendment Question,,REP,YES,66,0,55,11,0
Early,Jakin,Republican Party Question 5 <br>Life Amendment Question,,REP,YES,43,1,40,2,0
Early,Lucille,Republican Party Question 5 <br>Life Amendment Question,,REP,YES,72,1,53,18,0
Early,Urquhart,Republican Party Question 5 <br>Life Amendment Question,,REP,YES,49,1,41,7,0
Early,,Republican Party Question 5 <br>Life Amendment Question,,REP,NO,384,19,263,102,0
Early,Arlington,Republican Party Question 5 <br>Life Amendment Question,,REP,NO,24,0,20,4,0
Early,Blakely,Republican Party Question 5 <br>Life Amendment Question,,REP,NO,131,11,68,52,0
Early,Colomokee,Republican Party Question 5 <br>Life Amendment Question,,REP,NO,16,0,12,4,0
Early,Cedar Springs,Republican Party Question 5 <br>Life Amendment Question,,REP,NO,25,0,23,2,0
Early,Cuba,Republican Party Question 5 <br>Life Amendment Question,,REP,NO,58,5,36,17,0
Early,Damascus,Republican Party Question 5 <br>Life Amendment Question,,REP,NO,21,0,18,3,0
Early,Freeman,Republican Party Question 5 <br>Life Amendment Question,,REP,NO,31,3,24,4,0
Early,Hilton,Republican Party Question 5 <br>Life Amendment Question,,REP,NO,20,0,18,2,0
Early,Jakin,Republican Party Question 5 <br>Life Amendment Question,,REP,NO,10,0,8,2,0
Early,Lucille,Republican Party Question 5 <br>Life Amendment Question,,REP,NO,27,0,19,8,0
Early,Urquhart,Republican Party Question 5 <br>Life Amendment Question,,REP,NO,21,0,17,4,0
Early,,Democratic Party Question 1<br>Should the Georgia Constitution be amended to allow the state to override locally-elected school boards’ decisions when it comes to the creation of charter schools in your county or city?,,DEM,YES,763,44,553,166,0
Early,Arlington,Democratic Party Question 1<br>Should the Georgia Constitution be amended to allow the state to override locally-elected school boards’ decisions when it comes to the creation of charter schools in your county or city?,,DEM,YES,41,11,30,0,0
Early,Blakely,Democratic Party Question 1<br>Should the Georgia Constitution be amended to allow the state to override locally-elected school boards’ decisions when it comes to the creation of charter schools in your county or city?,,DEM,YES,386,27,246,113,0
Early,Colomokee,Democratic Party Question 1<br>Should the Georgia Constitution be amended to allow the state to override locally-elected school boards’ decisions when it comes to the creation of charter schools in your county or city?,,DEM,YES,20,0,18,2,0
Early,Cedar Springs,Democratic Party Question 1<br>Should the Georgia Constitution be amended to allow the state to override locally-elected school boards’ decisions when it comes to the creation of charter schools in your county or city?,,DEM,YES,19,0,18,1,0
Early,Cuba,Democratic Party Question 1<br>Should the Georgia Constitution be amended to allow the state to override locally-elected school boards’ decisions when it comes to the creation of charter schools in your county or city?,,DEM,YES,42,1,25,16,0
Early,Damascus,Democratic Party Question 1<br>Should the Georgia Constitution be amended to allow the state to override locally-elected school boards’ decisions when it comes to the creation of charter schools in your county or city?,,DEM,YES,94,0,89,5,0
Early,Freeman,Democratic Party Question 1<br>Should the Georgia Constitution be amended to allow the state to override locally-elected school boards’ decisions when it comes to the creation of charter schools in your county or city?,,DEM,YES,13,1,6,6,0
Early,Hilton,Democratic Party Question 1<br>Should the Georgia Constitution be amended to allow the state to override locally-elected school boards’ decisions when it comes to the creation of charter schools in your county or city?,,DEM,YES,30,2,21,7,0
Early,Jakin,Democratic Party Question 1<br>Should the Georgia Constitution be amended to allow the state to override locally-elected school boards’ decisions when it comes to the creation of charter schools in your county or city?,,DEM,YES,42,1,39,2,0
Early,Lucille,Democratic Party Question 1<br>Should the Georgia Constitution be amended to allow the state to override locally-elected school boards’ decisions when it comes to the creation of charter schools in your county or city?,,DEM,YES,57,1,44,12,0
Early,Urquhart,Democratic Party Question 1<br>Should the Georgia Constitution be amended to allow the state to override locally-elected school boards’ decisions when it comes to the creation of charter schools in your county or city?,,DEM,YES,19,0,17,2,0
Early,,Democratic Party Question 1<br>Should the Georgia Constitution be amended to allow the state to override locally-elected school boards’ decisions when it comes to the creation of charter schools in your county or city?,,DEM,NO,1089,208,630,250,1
Early,Arlington,Democratic Party Question 1<br>Should the Georgia Constitution be amended to allow the state to override locally-elected school boards’ decisions when it comes to the creation of charter schools in your county or city?,,DEM,NO,33,1,29,3,0
Early,Blakely,Democratic Party Question 1<br>Should the Georgia Constitution be amended to allow the state to override locally-elected school boards’ decisions when it comes to the creation of charter schools in your county or city?,,DEM,NO,608,179,244,184,1
Early,Colomokee,Democratic Party Question 1<br>Should the Georgia Constitution be amended to allow the state to override locally-elected school boards’ decisions when it comes to the creation of charter schools in your county or city?,,DEM,NO,23,0,20,3,0
Early,Cedar Springs,Democratic Party Question 1<br>Should the Georgia Constitution be amended to allow the state to override locally-elected school boards’ decisions when it comes to the creation of charter schools in your county or city?,,DEM,NO,29,2,25,2,0
Early,Cuba,Democratic Party Question 1<br>Should the Georgia Constitution be amended to allow the state to override locally-elected school boards’ decisions when it comes to the creation of charter schools in your county or city?,,DEM,NO,77,8,44,25,0
Early,Damascus,Democratic Party Question 1<br>Should the Georgia Constitution be amended to allow the state to override locally-elected school boards’ decisions when it comes to the creation of charter schools in your county or city?,,DEM,NO,105,4,91,10,0
Early,Freeman,Democratic Party Question 1<br>Should the Georgia Constitution be amended to allow the state to override locally-elected school boards’ decisions when it comes to the creation of charter schools in your county or city?,,DEM,NO,30,4,21,5,0
Early,Hilton,Democratic Party Question 1<br>Should the Georgia Constitution be amended to allow the state to override locally-elected school boards’ decisions when it comes to the creation of charter schools in your county or city?,,DEM,NO,20,1,18,1,0
Early,Jakin,Democratic Party Question 1<br>Should the Georgia Constitution be amended to allow the state to override locally-elected school boards’ decisions when it comes to the creation of charter schools in your county or city?,,DEM,NO,76,3,72,1,0
Early,Lucille,Democratic Party Question 1<br>Should the Georgia Constitution be amended to allow the state to override locally-elected school boards’ decisions when it comes to the creation of charter schools in your county or city?,,DEM,NO,74,5,53,16,0
Early,Urquhart,Democratic Party Question 1<br>Should the Georgia Constitution be amended to allow the state to override locally-elected school boards’ decisions when it comes to the creation of charter schools in your county or city?,,DEM,NO,14,1,13,0,0
Early,,Democratic Party Question 2<br>Do you support ending current practice permitting unlimited gifts from lobbyists to state legislators?,,DEM,YES,1000,51,696,252,1
Early,Arlington,Democratic Party Question 2<br>Do you support ending current practice permitting unlimited gifts from lobbyists to state legislators?,,DEM,YES,38,1,35,2,0
Early,Blakely,Democratic Party Question 2<br>Do you support ending current practice permitting unlimited gifts from lobbyists to state legislators?,,DEM,YES,463,39,252,171,1
Early,Colomokee,Democratic Party Question 2<br>Do you support ending current practice permitting unlimited gifts from lobbyists to state legislators?,,DEM,YES,27,0,23,4,0
Early,Cedar Springs,Democratic Party Question 2<br>Do you support ending current practice permitting unlimited gifts from lobbyists to state legislators?,,DEM,YES,39,1,35,3,0
Early,Cuba,Democratic Party Question 2<br>Do you support ending current practice permitting unlimited gifts from lobbyists to state legislators?,,DEM,YES,78,1,53,24,0
Early,Damascus,Democratic Party Question 2<br>Do you support ending current practice permitting unlimited gifts from lobbyists to state legislators?,,DEM,YES,107,2,94,11,0
Early,Freeman,Democratic Party Question 2<br>Do you support ending current practice permitting unlimited gifts from lobbyists to state legislators?,,DEM,YES,33,2,23,8,0
Early,Hilton,Democratic Party Question 2<br>Do you support ending current practice permitting unlimited gifts from lobbyists to state legislators?,,DEM,YES,33,2,23,8,0
Early,Jakin,Democratic Party Question 2<br>Do you support ending current practice permitting unlimited gifts from lobbyists to state legislators?,,DEM,YES,73,1,70,2,0
Early,Lucille,Democratic Party Question 2<br>Do you support ending current practice permitting unlimited gifts from lobbyists to state legislators?,,DEM,YES,88,2,67,19,0
Early,Urquhart,Democratic Party Question 2<br>Do you support ending current practice permitting unlimited gifts from lobbyists to state legislators?,,DEM,YES,21,0,21,0,0
Early,,Democratic Party Question 2<br>Do you support ending current practice permitting unlimited gifts from lobbyists to state legislators?,,DEM,NO,830,202,467,161,0
Early,Arlington,Democratic Party Question 2<br>Do you support ending current practice permitting unlimited gifts from lobbyists to state legislators?,,DEM,NO,32,11,20,1,0
Early,Blakely,Democratic Party Question 2<br>Do you support ending current practice permitting unlimited gifts from lobbyists to state legislators?,,DEM,NO,517,168,228,121,0
Early,Colomokee,Democratic Party Question 2<br>Do you support ending current practice permitting unlimited gifts from lobbyists to state legislators?,,DEM,NO,16,0,15,1,0
Early,Cedar Springs,Democratic Party Question 2<br>Do you support ending current practice permitting unlimited gifts from lobbyists to state legislators?,,DEM,NO,8,1,7,0,0
Early,Cuba,Democratic Party Question 2<br>Do you support ending current practice permitting unlimited gifts from lobbyists to state legislators?,,DEM,NO,42,8,17,17,0
Early,Damascus,Democratic Party Question 2<br>Do you support ending current practice permitting unlimited gifts from lobbyists to state legislators?,,DEM,NO,89,2,83,4,0
Early,Freeman,Democratic Party Question 2<br>Do you support ending current practice permitting unlimited gifts from lobbyists to state legislators?,,DEM,NO,10,3,4,3,0
Early,Hilton,Democratic Party Question 2<br>Do you support ending current practice permitting unlimited gifts from lobbyists to state legislators?,,DEM,NO,17,1,16,0,0
Early,Jakin,Democratic Party Question 2<br>Do you support ending current practice permitting unlimited gifts from lobbyists to state legislators?,,DEM,NO,41,3,36,2,0
Early,Lucille,Democratic Party Question 2<br>Do you support ending current practice permitting unlimited gifts from lobbyists to state legislators?,,DEM,NO,46,4,32,10,0
Early,Urquhart,Democratic Party Question 2<br>Do you support ending current practice permitting unlimited gifts from lobbyists to state legislators?,,DEM,NO,12,1,9,2,0
Early,,Democratic Party Question 3<br>Should Georgia adopt an income tax credit for home energy costs to support the economic security of our families?,,DEM,YES,1480,221,929,330,0
Early,Arlington,Democratic Party Question 3<br>Should Georgia adopt an income tax credit for home energy costs to support the economic security of our families?,,DEM,YES,58,12,43,3,0
Early,Blakely,Democratic Party Question 3<br>Should Georgia adopt an income tax credit for home energy costs to support the economic security of our families?,,DEM,YES,821,181,404,236,0
Early,Colomokee,Democratic Party Question 3<br>Should Georgia adopt an income tax credit for home energy costs to support the economic security of our families?,,DEM,YES,31,0,27,4,0
Early,Cedar Springs,Democratic Party Question 3<br>Should Georgia adopt an income tax credit for home energy costs to support the economic security of our families?,,DEM,YES,39,1,35,3,0
Early,Cuba,Democratic Party Question 3<br>Should Georgia adopt an income tax credit for home energy costs to support the economic security of our families?,,DEM,YES,85,7,43,35,0
Early,Damascus,Democratic Party Question 3<br>Should Georgia adopt an income tax credit for home energy costs to support the economic security of our families?,,DEM,YES,161,3,147,11,0
Early,Freeman,Democratic Party Question 3<br>Should Georgia adopt an income tax credit for home energy costs to support the economic security of our families?,,DEM,YES,35,5,22,8,0
Early,Hilton,Democratic Party Question 3<br>Should Georgia adopt an income tax credit for home energy costs to support the economic security of our families?,,DEM,YES,42,3,34,5,0
Early,Jakin,Democratic Party Question 3<br>Should Georgia adopt an income tax credit for home energy costs to support the economic security of our families?,,DEM,YES,78,3,72,3,0
Early,Lucille,Democratic Party Question 3<br>Should Georgia adopt an income tax credit for home energy costs to support the economic security of our families?,,DEM,YES,102,6,75,21,0
Early,Urquhart,Democratic Party Question 3<br>Should Georgia adopt an income tax credit for home energy costs to support the economic security of our families?,,DEM,YES,28,0,27,1,0
Early,,Democratic Party Question 3<br>Should Georgia adopt an income tax credit for home energy costs to support the economic security of our families?,,DEM,NO,366,18,253,95,0
Early,Arlington,Democratic Party Question 3<br>Should Georgia adopt an income tax credit for home energy costs to support the economic security of our families?,,DEM,NO,15,0,15,0,0
Early,Blakely,Democratic Party Question 3<br>Should Georgia adopt an income tax credit for home energy costs to support the economic security of our families?,,DEM,NO,166,12,92,62,0
Early,Colomokee,Democratic Party Question 3<br>Should Georgia adopt an income tax credit for home energy costs to support the economic security of our families?,,DEM,NO,10,0,9,1,0
Early,Cedar Springs,Democratic Party Question 3<br>Should Georgia adopt an income tax credit for home energy costs to support the economic security of our families?,,DEM,NO,7,1,6,0,0
Early,Cuba,Democratic Party Question 3<br>Should Georgia adopt an income tax credit for home energy costs to support the economic security of our families?,,DEM,NO,37,2,24,11,0
Early,Damascus,Democratic Party Question 3<br>Should Georgia adopt an income tax credit for home energy costs to support the economic security of our families?,,DEM,NO,40,1,35,4,0
Early,Freeman,Democratic Party Question 3<br>Should Georgia adopt an income tax credit for home energy costs to support the economic security of our families?,,DEM,NO,8,0,5,3,0
Early,Hilton,Democratic Party Question 3<br>Should Georgia adopt an income tax credit for home energy costs to support the economic security of our families?,,DEM,NO,11,0,7,4,0
Early,Jakin,Democratic Party Question 3<br>Should Georgia adopt an income tax credit for home energy costs to support the economic security of our families?,,DEM,NO,36,1,34,1,0
Early,Lucille,Democratic Party Question 3<br>Should Georgia adopt an income tax credit for home energy costs to support the economic security of our families?,,DEM,NO,30,0,22,8,0
Early,Urquhart,Democratic Party Question 3<br>Should Georgia adopt an income tax credit for home energy costs to support the economic security of our families?,,DEM,NO,6,1,4,1,0
Early,,Democratic Party Question 4 <br>Should Georgia reduce sales taxes on Made in Georgia products so as to support the growth of small businesses in our state?,,DEM,YES,1646,233,1038,374,1
Early,Arlington,Democratic Party Question 4 <br>Should Georgia reduce sales taxes on Made in Georgia products so as to support the growth of small businesses in our state?,,DEM,YES,64,12,49,3,0
Early,Blakely,Democratic Party Question 4 <br>Should Georgia reduce sales taxes on Made in Georgia products so as to support the growth of small businesses in our state?,,DEM,YES,892,193,430,268,1
Early,Colomokee,Democratic Party Question 4 <br>Should Georgia reduce sales taxes on Made in Georgia products so as to support the growth of small businesses in our state?,,DEM,YES,39,0,34,5,0
Early,Cedar Springs,Democratic Party Question 4 <br>Should Georgia reduce sales taxes on Made in Georgia products so as to support the growth of small businesses in our state?,,DEM,YES,43,1,39,3,0
Early,Cuba,Democratic Party Question 4 <br>Should Georgia reduce sales taxes on Made in Georgia products so as to support the growth of small businesses in our state?,,DEM,YES,100,6,59,35,0
Early,Damascus,Democratic Party Question 4 <br>Should Georgia reduce sales taxes on Made in Georgia products so as to support the growth of small businesses in our state?,,DEM,YES,172,4,154,14,0
Early,Freeman,Democratic Party Question 4 <br>Should Georgia reduce sales taxes on Made in Georgia products so as to support the growth of small businesses in our state?,,DEM,YES,35,5,22,8,0
Early,Hilton,Democratic Party Question 4 <br>Should Georgia reduce sales taxes on Made in Georgia products so as to support the growth of small businesses in our state?,,DEM,YES,47,3,37,7,0
Early,Jakin,Democratic Party Question 4 <br>Should Georgia reduce sales taxes on Made in Georgia products so as to support the growth of small businesses in our state?,,DEM,YES,104,2,98,4,0
Early,Lucille,Democratic Party Question 4 <br>Should Georgia reduce sales taxes on Made in Georgia products so as to support the growth of small businesses in our state?,,DEM,YES,117,6,86,25,0
Early,Urquhart,Democratic Party Question 4 <br>Should Georgia reduce sales taxes on Made in Georgia products so as to support the growth of small businesses in our state?,,DEM,YES,33,1,30,2,0
Early,,Democratic Party Question 4 <br>Should Georgia reduce sales taxes on Made in Georgia products so as to support the growth of small businesses in our state?,,DEM,NO,231,15,162,54,0
Early,Arlington,Democratic Party Question 4 <br>Should Georgia reduce sales taxes on Made in Georgia products so as to support the growth of small businesses in our state?,,DEM,NO,8,0,8,0,0
Early,Blakely,Democratic Party Question 4 <br>Should Georgia reduce sales taxes on Made in Georgia products so as to support the growth of small businesses in our state?,,DEM,NO,116,9,72,35,0
Early,Colomokee,Democratic Party Question 4 <br>Should Georgia reduce sales taxes on Made in Georgia products so as to support the growth of small businesses in our state?,,DEM,NO,6,0,6,0,0
Early,Cedar Springs,Democratic Party Question 4 <br>Should Georgia reduce sales taxes on Made in Georgia products so as to support the growth of small businesses in our state?,,DEM,NO,3,1,2,0,0
Early,Cuba,Democratic Party Question 4 <br>Should Georgia reduce sales taxes on Made in Georgia products so as to support the growth of small businesses in our state?,,DEM,NO,22,3,9,10,0
Early,Damascus,Democratic Party Question 4 <br>Should Georgia reduce sales taxes on Made in Georgia products so as to support the growth of small businesses in our state?,,DEM,NO,28,0,27,1,0
Early,Freeman,Democratic Party Question 4 <br>Should Georgia reduce sales taxes on Made in Georgia products so as to support the growth of small businesses in our state?,,DEM,NO,9,0,6,3,0
Early,Hilton,Democratic Party Question 4 <br>Should Georgia reduce sales taxes on Made in Georgia products so as to support the growth of small businesses in our state?,,DEM,NO,5,0,4,1,0
Early,Jakin,Democratic Party Question 4 <br>Should Georgia reduce sales taxes on Made in Georgia products so as to support the growth of small businesses in our state?,,DEM,NO,16,2,14,0,0
Early,Lucille,Democratic Party Question 4 <br>Should Georgia reduce sales taxes on Made in Georgia products so as to support the growth of small businesses in our state?,,DEM,NO,17,0,13,4,0
Early,Urquhart,Democratic Party Question 4 <br>Should Georgia reduce sales taxes on Made in Georgia products so as to support the growth of small businesses in our state?,,DEM,NO,1,0,1,0,0
Early,,Supreme Court Justice, Hunstein,,CAROL HUNSTEIN ,2369,96,1661,612,0
Early,Arlington,Supreme Court Justice, Hunstein,,CAROL HUNSTEIN ,131,11,105,15,0
Early,Blakely,Supreme Court Justice, Hunstein,,CAROL HUNSTEIN ,984,57,550,377,0
Early,Colomokee,Supreme Court Justice, Hunstein,,CAROL HUNSTEIN ,81,2,57,22,0
Early,Cedar Springs,Supreme Court Justice, Hunstein,,CAROL HUNSTEIN ,95,0,91,4,0
Early,Cuba,Supreme Court Justice, Hunstein,,CAROL HUNSTEIN ,238,11,150,77,0
Early,Damascus,Supreme Court Justice, Hunstein,,CAROL HUNSTEIN ,209,2,193,14,0
Early,Freeman,Supreme Court Justice, Hunstein,,CAROL HUNSTEIN ,110,4,79,27,0
Early,Hilton,Supreme Court Justice, Hunstein,,CAROL HUNSTEIN ,103,2,86,15,0
Early,Jakin,Supreme Court Justice, Hunstein,,CAROL HUNSTEIN ,143,5,132,6,0
Early,Lucille,Supreme Court Justice, Hunstein,,CAROL HUNSTEIN ,187,1,142,44,0
Early,Urquhart,Supreme Court Justice, Hunstein,,CAROL HUNSTEIN ,88,1,76,11,0
Early,,Supreme Court Justice, Hunstein,,Write-in,6,0,4,2,0
Early,Arlington,Supreme Court Justice, Hunstein,,Write-in,1,0,1,0,0
Early,Blakely,Supreme Court Justice, Hunstein,,Write-in,2,0,0,2,0
Early,Colomokee,Supreme Court Justice, Hunstein,,Write-in,0,0,0,0,0
Early,Cedar Springs,Supreme Court Justice, Hunstein,,Write-in,0,0,0,0,0
Early,Cuba,Supreme Court Justice, Hunstein,,Write-in,1,0,1,0,0
Early,Damascus,Supreme Court Justice, Hunstein,,Write-in,0,0,0,0,0
Early,Freeman,Supreme Court Justice, Hunstein,,Write-in,0,0,0,0,0
Early,Hilton,Supreme Court Justice, Hunstein,,Write-in,0,0,0,0,0
Early,Jakin,Supreme Court Justice, Hunstein,,Write-in,1,0,1,0,0
Early,Lucille,Supreme Court Justice, Hunstein,,Write-in,0,0,0,0,0
Early,Urquhart,Supreme Court Justice, Hunstein,,Write-in,1,0,1,0,0
Early,,Supreme Court Justice, Melton,,HAROLD D. MELTON ,2367,92,1667,608,0
Early,Arlington,Supreme Court Justice, Melton,,HAROLD D. MELTON ,132,11,106,15,0
Early,Blakely,Supreme Court Justice, Melton,,HAROLD D. MELTON ,985,52,557,376,0
Early,Colomokee,Supreme Court Justice, Melton,,HAROLD D. MELTON ,83,2,60,21,0
Early,Cedar Springs,Supreme Court Justice, Melton,,HAROLD D. MELTON ,94,0,90,4,0
Early,Cuba,Supreme Court Justice, Melton,,HAROLD D. MELTON ,234,11,145,78,0
Early,Damascus,Supreme Court Justice, Melton,,HAROLD D. MELTON ,208,2,193,13,0
Early,Freeman,Supreme Court Justice, Melton,,HAROLD D. MELTON ,108,4,79,25,0
Early,Hilton,Supreme Court Justice, Melton,,HAROLD D. MELTON ,108,2,91,15,0
Early,Jakin,Supreme Court Justice, Melton,,HAROLD D. MELTON ,138,5,127,6,0
Early,Lucille,Supreme Court Justice, Melton,,HAROLD D. MELTON ,191,2,145,44,0
Early,Urquhart,Supreme Court Justice, Melton,,HAROLD D. MELTON ,86,1,74,11,0
Early,,Supreme Court Justice, Melton,,Write-in,3,1,1,1,0
Early,Arlington,Supreme Court Justice, Melton,,Write-in,0,0,0,0,0
Early,Blakely,Supreme Court Justice, Melton,,Write-in,2,1,0,1,0
Early,Colomokee,Supreme Court Justice, Melton,,Write-in,0,0,0,0,0
Early,Cedar Springs,Supreme Court Justice, Melton,,Write-in,0,0,0,0,0
Early,Cuba,Supreme Court Justice, Melton,,Write-in,1,0,1,0,0
Early,Damascus,Supreme Court Justice, Melton,,Write-in,0,0,0,0,0
Early,Freeman,Supreme Court Justice, Melton,,Write-in,0,0,0,0,0
Early,Hilton,Supreme Court Justice, Melton,,Write-in,0,0,0,0,0
Early,Jakin,Supreme Court Justice, Melton,,Write-in,0,0,0,0,0
Early,Lucille,Supreme Court Justice, Melton,,Write-in,0,0,0,0,0
Early,Urquhart,Supreme Court Justice, Melton,,Write-in,0,0,0,0,0
Early,,Supreme Court Justice, Thompson,,HUGH P. THOMPSON ,2366,95,1662,609,0
Early,Arlington,Supreme Court Justice, Thompson,,HUGH P. THOMPSON ,129,11,104,14,0
Early,Blakely,Supreme Court Justice, Thompson,,HUGH P. THOMPSON ,989,54,554,381,0
Early,Colomokee,Supreme Court Justice, Thompson,,HUGH P. THOMPSON ,84,2,61,21,0
Early,Cedar Springs,Supreme Court Justice, Thompson,,HUGH P. THOMPSON ,94,0,90,4,0
Early,Cuba,Supreme Court Justice, Thompson,,HUGH P. THOMPSON ,233,11,146,76,0
Early,Damascus,Supreme Court Justice, Thompson,,HUGH P. THOMPSON ,208,2,193,13,0
Early,Freeman,Supreme Court Justice, Thompson,,HUGH P. THOMPSON ,108,5,78,25,0
Early,Hilton,Supreme Court Justice, Thompson,,HUGH P. THOMPSON ,103,2,86,15,0
Early,Jakin,Supreme Court Justice, Thompson,,HUGH P. THOMPSON ,140,5,129,6,0
Early,Lucille,Supreme Court Justice, Thompson,,HUGH P. THOMPSON ,192,2,147,43,0
Early,Urquhart,Supreme Court Justice, Thompson,,HUGH P. THOMPSON ,86,1,74,11,0
Early,,Supreme Court Justice, Thompson,,Write-in,2,0,1,1,0
Early,Arlington,Supreme Court Justice, Thompson,,Write-in,0,0,0,0,0
Early,Blakely,Supreme Court Justice, Thompson,,Write-in,1,0,0,1,0
Early,Colomokee,Supreme Court Justice, Thompson,,Write-in,0,0,0,0,0
Early,Cedar Springs,Supreme Court Justice, Thompson,,Write-in,0,0,0,0,0
Early,Cuba,Supreme Court Justice, Thompson,,Write-in,1,0,1,0,0
Early,Damascus,Supreme Court Justice, Thompson,,Write-in,0,0,0,0,0
Early,Freeman,Supreme Court Justice, Thompson,,Write-in,0,0,0,0,0
Early,Hilton,Supreme Court Justice, Thompson,,Write-in,0,0,0,0,0
Early,Jakin,Supreme Court Justice, Thompson,,Write-in,0,0,0,0,0
Early,Lucille,Supreme Court Justice, Thompson,,Write-in,0,0,0,0,0
Early,Urquhart,Supreme Court Justice, Thompson,,Write-in,0,0,0,0,0
Early,,Appeals Court Judge, Boggs,,MICHAEL P. BOGGS ,2312,94,1624,594,0
Early,Arlington,Appeals Court Judge, Boggs,,MICHAEL P. BOGGS ,131,11,106,14,0
Early,Blakely,Appeals Court Judge, Boggs,,MICHAEL P. BOGGS ,962,54,541,367,0
Early,Colomokee,Appeals Court Judge, Boggs,,MICHAEL P. BOGGS ,82,2,59,21,0
Early,Cedar Springs,Appeals Court Judge, Boggs,,MICHAEL P. BOGGS ,93,0,89,4,0
Early,Cuba,Appeals Court Judge, Boggs,,MICHAEL P. BOGGS ,230,11,144,75,0
Early,Damascus,Appeals Court Judge, Boggs,,MICHAEL P. BOGGS ,197,2,182,13,0
Early,Freeman,Appeals Court Judge, Boggs,,MICHAEL P. BOGGS ,105,4,77,24,0
Early,Hilton,Appeals Court Judge, Boggs,,MICHAEL P. BOGGS ,101,2,84,15,0
Early,Jakin,Appeals Court Judge, Boggs,,MICHAEL P. BOGGS ,136,5,125,6,0
Early,Lucille,Appeals Court Judge, Boggs,,MICHAEL P. BOGGS ,188,2,143,43,0
Early,Urquhart,Appeals Court Judge, Boggs,,MICHAEL P. BOGGS ,87,1,74,12,0
Early,,Appeals Court Judge, Boggs,,Write-in ,3,0,1,2,0
Early,Arlington,Appeals Court Judge, Boggs,,Write-in ,0,0,0,0,0
Early,Blakely,Appeals Court Judge, Boggs,,Write-in ,1,0,0,1,0
Early,Colomokee,Appeals Court Judge, Boggs,,Write-in ,0,0,0,0,0
Early,Cedar Springs,Appeals Court Judge, Boggs,,Write-in ,0,0,0,0,0
Early,Cuba,Appeals Court Judge, Boggs,,Write-in ,2,0,1,1,0
Early,Damascus,Appeals Court Judge, Boggs,,Write-in ,0,0,0,0,0
Early,Freeman,Appeals Court Judge, Boggs,,Write-in ,0,0,0,0,0
Early,Hilton,Appeals Court Judge, Boggs,,Write-in ,0,0,0,0,0
Early,Jakin,Appeals Court Judge, Boggs,,Write-in ,0,0,0,0,0
Early,Lucille,Appeals Court Judge, Boggs,,Write-in ,0,0,0,0,0
Early,Urquhart,Appeals Court Judge, Boggs,,Write-in ,0,0,0,0,0
Early,,Appeals Court Judge, Dillard,,STEPHEN DILLARD ,2311,90,1628,593,0
Early,Arlington,Appeals Court Judge, Dillard,,STEPHEN DILLARD ,128,11,103,14,0
Early,Blakely,Appeals Court Judge, Dillard,,STEPHEN DILLARD ,968,51,552,365,0
Early,Colomokee,Appeals Court Judge, Dillard,,STEPHEN DILLARD ,81,2,58,21,0
Early,Cedar Springs,Appeals Court Judge, Dillard,,STEPHEN DILLARD ,92,0,88,4,0
Early,Cuba,Appeals Court Judge, Dillard,,STEPHEN DILLARD ,232,11,145,76,0
Early,Damascus,Appeals Court Judge, Dillard,,STEPHEN DILLARD ,194,2,179,13,0
Early,Freeman,Appeals Court Judge, Dillard,,STEPHEN DILLARD ,104,4,76,24,0
Early,Hilton,Appeals Court Judge, Dillard,,STEPHEN DILLARD ,103,2,86,15,0
Early,Jakin,Appeals Court Judge, Dillard,,STEPHEN DILLARD ,135,5,124,6,0
Early,Lucille,Appeals Court Judge, Dillard,,STEPHEN DILLARD ,188,1,143,44,0
Early,Urquhart,Appeals Court Judge, Dillard,,STEPHEN DILLARD ,86,1,74,11,0
Early,,Appeals Court Judge, Dillard,,Write-in,2,0,1,1,0
Early,Arlington,Appeals Court Judge, Dillard,,Write-in,0,0,0,0,0
Early,Blakely,Appeals Court Judge, Dillard,,Write-in,1,0,0,1,0
Early,Colomokee,Appeals Court Judge, Dillard,,Write-in,0,0,0,0,0
Early,Cedar Springs,Appeals Court Judge, Dillard,,Write-in,0,0,0,0,0
Early,Cuba,Appeals Court Judge, Dillard,,Write-in,1,0,1,0,0
Early,Damascus,Appeals Court Judge, Dillard,,Write-in,0,0,0,0,0
Early,Freeman,Appeals Court Judge, Dillard,,Write-in,0,0,0,0,0
Early,Hilton,Appeals Court Judge, Dillard,,Write-in,0,0,0,0,0
Early,Jakin,Appeals Court Judge, Dillard,,Write-in,0,0,0,0,0
Early,Lucille,Appeals Court Judge, Dillard,,Write-in,0,0,0,0,0
Early,Urquhart,Appeals Court Judge, Dillard,,Write-in,0,0,0,0,0
Early,,Appeals Court Judge, Ellington,,JOHN ELLINGTON ,2305,92,1618,595,0
Early,Arlington,Appeals Court Judge, Ellington,,JOHN ELLINGTON ,128,12,102,14,0
Early,Blakely,Appeals Court Judge, Ellington,,JOHN ELLINGTON ,959,52,543,364,0
Early,Colomokee,Appeals Court Judge, Ellington,,JOHN ELLINGTON ,81,2,58,21,0
Early,Cedar Springs,Appeals Court Judge, Ellington,,JOHN ELLINGTON ,91,0,87,4,0
Early,Cuba,Appeals Court Judge, Ellington,,JOHN ELLINGTON ,234,11,146,77,0
Early,Damascus,Appeals Court Judge, Ellington,,JOHN ELLINGTON ,192,2,177,13,0
Early,Freeman,Appeals Court Judge, Ellington,,JOHN ELLINGTON ,106,4,77,25,0
Early,Hilton,Appeals Court Judge, Ellington,,JOHN ELLINGTON ,105,2,88,15,0
Early,Jakin,Appeals Court Judge, Ellington,,JOHN ELLINGTON ,135,5,124,6,0
Early,Lucille,Appeals Court Judge, Ellington,,JOHN ELLINGTON ,187,1,142,44,0
Early,Urquhart,Appeals Court Judge, Ellington,,JOHN ELLINGTON ,87,1,74,12,0
Early,,Appeals Court Judge, Ellington,,Write-in,2,0,1,1,0
Early,Arlington,Appeals Court Judge, Ellington,,Write-in,0,0,0,0,0
Early,Blakely,Appeals Court Judge, Ellington,,Write-in,1,0,0,1,0
Early,Colomokee,Appeals Court Judge, Ellington,,Write-in,0,0,0,0,0
Early,Cedar Springs,Appeals Court Judge, Ellington,,Write-in,0,0,0,0,0
Early,Cuba,Appeals Court Judge, Ellington,,Write-in,1,0,1,0,0
Early,Damascus,Appeals Court Judge, Ellington,,Write-in,0,0,0,0,0
Early,Freeman,Appeals Court Judge, Ellington,,Write-in,0,0,0,0,0
Early,Hilton,Appeals Court Judge, Ellington,,Write-in,0,0,0,0,0
Early,Jakin,Appeals Court Judge, Ellington,,Write-in,0,0,0,0,0
Early,Lucille,Appeals Court Judge, Ellington,,Write-in,0,0,0,0,0
Early,Urquhart,Appeals Court Judge, Ellington,,Write-in,0,0,0,0,0
Early,,Appeals Court Judge, Miller,,M. YVETTE MILLER ,2326,96,1637,593,0
Early,Arlington,Appeals Court Judge, Miller,,M. YVETTE MILLER ,125,11,101,13,0
Early,Blakely,Appeals Court Judge, Miller,,M. YVETTE MILLER ,978,57,555,366,0
Early,Colomokee,Appeals Court Judge, Miller,,M. YVETTE MILLER ,80,2,57,21,0
Early,Cedar Springs,Appeals Court Judge, Miller,,M. YVETTE MILLER ,91,0,87,4,0
Early,Cuba,Appeals Court Judge, Miller,,M. YVETTE MILLER ,232,11,143,78,0
Early,Damascus,Appeals Court Judge, Miller,,M. YVETTE MILLER ,204,2,189,13,0
Early,Freeman,Appeals Court Judge, Miller,,M. YVETTE MILLER ,107,4,79,24,0
Early,Hilton,Appeals Court Judge, Miller,,M. YVETTE MILLER ,101,2,85,14,0
Early,Jakin,Appeals Court Judge, Miller,,M. YVETTE MILLER ,134,5,124,5,0
Early,Lucille,Appeals Court Judge, Miller,,M. YVETTE MILLER ,186,1,142,43,0
Early,Urquhart,Appeals Court Judge, Miller,,M. YVETTE MILLER ,88,1,75,12,0
Early,,Appeals Court Judge, Miller,,Write-in,3,0,2,1,0
Early,Arlington,Appeals Court Judge, Miller,,Write-in,0,0,0,0,0
Early,Blakely,Appeals Court Judge, Miller,,Write-in,1,0,0,1,0
Early,Colomokee,Appeals Court Judge, Miller,,Write-in,0,0,0,0,0
Early,Cedar Springs,Appeals Court Judge, Miller,,Write-in,0,0,0,0,0
Early,Cuba,Appeals Court Judge, Miller,,Write-in,1,0,1,0,0
Early,Damascus,Appeals Court Judge, Miller,,Write-in,0,0,0,0,0
Early,Freeman,Appeals Court Judge, Miller,,Write-in,0,0,0,0,0
Early,Hilton,Appeals Court Judge, Miller,,Write-in,0,0,0,0,0
Early,Jakin,Appeals Court Judge, Miller,,Write-in,0,0,0,0,0
Early,Lucille,Appeals Court Judge, Miller,,Write-in,1,0,1,0,0
Early,Urquhart,Appeals Court Judge, Miller,,Write-in,0,0,0,0,0
Early,,Appeals Court Judge, Phipps,,HERBERT PHIPPS ,2310,94,1624,592,0
Early,Arlington,Appeals Court Judge, Phipps,,HERBERT PHIPPS ,129,11,105,13,0
Early,Blakely,Appeals Court Judge, Phipps,,HERBERT PHIPPS ,959,53,540,366,0
Early,Colomokee,Appeals Court Judge, Phipps,,HERBERT PHIPPS ,80,2,57,21,0
Early,Cedar Springs,Appeals Court Judge, Phipps,,HERBERT PHIPPS ,92,0,88,4,0
Early,Cuba,Appeals Court Judge, Phipps,,HERBERT PHIPPS ,233,11,146,76,0
Early,Damascus,Appeals Court Judge, Phipps,,HERBERT PHIPPS ,195,2,180,13,0
Early,Freeman,Appeals Court Judge, Phipps,,HERBERT PHIPPS ,105,4,77,24,0
Early,Hilton,Appeals Court Judge, Phipps,,HERBERT PHIPPS ,102,2,86,14,0
Early,Jakin,Appeals Court Judge, Phipps,,HERBERT PHIPPS ,136,5,126,5,0
Early,Lucille,Appeals Court Judge, Phipps,,HERBERT PHIPPS ,190,3,143,44,0
Early,Urquhart,Appeals Court Judge, Phipps,,HERBERT PHIPPS ,89,1,76,12,0
Early,,Appeals Court Judge, Phipps,,Write-in,3,0,2,1,0
Early,Arlington,Appeals Court Judge, Phipps,,Write-in,0,0,0,0,0
Early,Blakely,Appeals Court Judge, Phipps,,Write-in,1,0,0,1,0
Early,Colomokee,Appeals Court Judge, Phipps,,Write-in,0,0,0,0,0
Early,Cedar Springs,Appeals Court Judge, Phipps,,Write-in,0,0,0,0,0
Early,Cuba,Appeals Court Judge, Phipps,,Write-in,1,0,1,0,0
Early,Damascus,Appeals Court Judge, Phipps,,Write-in,0,0,0,0,0
Early,Freeman,Appeals Court Judge, Phipps,,Write-in,0,0,0,0,0
Early,Hilton,Appeals Court Judge, Phipps,,Write-in,0,0,0,0,0
Early,Jakin,Appeals Court Judge, Phipps,,Write-in,0,0,0,0,0
Early,Lucille,Appeals Court Judge, Phipps,,Write-in,1,0,1,0,0
Early,Urquhart,Appeals Court Judge, Phipps,,Write-in,0,0,0,0,0
Early,,Superior Court Judge, Pataula Circuit (Lane),,RONNIE JOE LANE ,2543,110,1760,673,0
Early,Arlington,Superior Court Judge, Pataula Circuit (Lane),,RONNIE JOE LANE ,140,12,114,14,0
Early,Blakely,Superior Court Judge, Pataula Circuit (Lane),,RONNIE JOE LANE ,1065,67,585,413,0
Early,Colomokee,Superior Court Judge, Pataula Circuit (Lane),,RONNIE JOE LANE ,91,2,67,22,0
Early,Cedar Springs,Superior Court Judge, Pataula Circuit (Lane),,RONNIE JOE LANE ,100,0,94,6,0
Early,Cuba,Superior Court Judge, Pataula Circuit (Lane),,RONNIE JOE LANE ,257,11,156,90,0
Early,Damascus,Superior Court Judge, Pataula Circuit (Lane),,RONNIE JOE LANE ,219,2,200,17,0
Early,Freeman,Superior Court Judge, Pataula Circuit (Lane),,RONNIE JOE LANE ,115,4,82,29,0
Early,Hilton,Superior Court Judge, Pataula Circuit (Lane),,RONNIE JOE LANE ,108,2,91,15,0
Early,Jakin,Superior Court Judge, Pataula Circuit (Lane),,RONNIE JOE LANE ,150,5,141,4,0
Early,Lucille,Superior Court Judge, Pataula Circuit (Lane),,RONNIE JOE LANE ,207,4,153,50,0
Early,Urquhart,Superior Court Judge, Pataula Circuit (Lane),,RONNIE JOE LANE ,91,1,77,13,0
Early,,Superior Court Judge, Pataula Circuit (Lane),,Write-in,14,1,9,4,0
Early,Arlington,Superior Court Judge, Pataula Circuit (Lane),,Write-in,0,0,0,0,0
Early,Blakely,Superior Court Judge, Pataula Circuit (Lane),,Write-in,7,1,2,4,0
Early,Colomokee,Superior Court Judge, Pataula Circuit (Lane),,Write-in,0,0,0,0,0
Early,Cedar Springs,Superior Court Judge, Pataula Circuit (Lane),,Write-in,2,0,2,0,0
Early,Cuba,Superior Court Judge, Pataula Circuit (Lane),,Write-in,1,0,1,0,0
Early,Damascus,Superior Court Judge, Pataula Circuit (Lane),,Write-in,0,0,0,0,0
Early,Freeman,Superior Court Judge, Pataula Circuit (Lane),,Write-in,1,0,1,0,0
Early,Hilton,Superior Court Judge, Pataula Circuit (Lane),,Write-in,0,0,0,0,0
Early,Jakin,Superior Court Judge, Pataula Circuit (Lane),,Write-in,1,0,1,0,0
Early,Lucille,Superior Court Judge, Pataula Circuit (Lane),,Write-in,0,0,0,0,0
Early,Urquhart,Superior Court Judge, Pataula Circuit (Lane),,Write-in,2,0,2,0,0
Early,,JUDGE, STATE COURT,,THOMAS H. BAXLEY ,2674,119,1839,715,1
Early,Arlington,JUDGE, STATE COURT,,THOMAS H. BAXLEY ,141,13,114,14,0
Early,Blakely,JUDGE, STATE COURT,,THOMAS H. BAXLEY ,1135,72,613,450,0
Early,Colomokee,JUDGE, STATE COURT,,THOMAS H. BAXLEY ,97,2,72,23,0
Early,Cedar Springs,JUDGE, STATE COURT,,THOMAS H. BAXLEY ,101,0,97,4,0
Early,Cuba,JUDGE, STATE COURT,,THOMAS H. BAXLEY ,263,11,162,90,0
Early,Damascus,JUDGE, STATE COURT,,THOMAS H. BAXLEY ,218,3,198,17,0
Early,Freeman,JUDGE, STATE COURT,,THOMAS H. BAXLEY ,125,5,90,30,0
Early,Hilton,JUDGE, STATE COURT,,THOMAS H. BAXLEY ,124,2,105,17,0
Early,Jakin,JUDGE, STATE COURT,,THOMAS H. BAXLEY ,151,5,140,6,0
Early,Lucille,JUDGE, STATE COURT,,THOMAS H. BAXLEY ,217,4,162,51,0
Early,Urquhart,JUDGE, STATE COURT,,THOMAS H. BAXLEY ,102,2,86,13,1
Early,,JUDGE, STATE COURT,,Write-in,5,0,4,1,0
Early,Arlington,JUDGE, STATE COURT,,Write-in,0,0,0,0,0
Early,Blakely,JUDGE, STATE COURT,,Write-in,2,0,1,1,0
Early,Colomokee,JUDGE, STATE COURT,,Write-in,0,0,0,0,0
Early,Cedar Springs,JUDGE, STATE COURT,,Write-in,0,0,0,0,0
Early,Cuba,JUDGE, STATE COURT,,Write-in,1,0,1,0,0
Early,Damascus,JUDGE, STATE COURT,,Write-in,0,0,0,0,0
Early,Freeman,JUDGE, STATE COURT,,Write-in,0,0,0,0,0
Early,Hilton,JUDGE, STATE COURT,,Write-in,0,0,0,0,0
Early,Jakin,JUDGE, STATE COURT,,Write-in,0,0,0,0,0
Early,Lucille,JUDGE, STATE COURT,,Write-in,2,0,2,0,0
Early,Urquhart,JUDGE, STATE COURT,,Write-in,0,0,0,0,0
Early,,JUDGE, PROBATE COURT,,TONYA HOLLEY ,2814,135,1935,743,1
Early,Arlington,JUDGE, PROBATE COURT,,TONYA HOLLEY ,150,13,122,15,0
Early,Blakely,JUDGE, PROBATE COURT,,TONYA HOLLEY ,1244,89,676,479,0
Early,Colomokee,JUDGE, PROBATE COURT,,TONYA HOLLEY ,100,2,74,24,0
Early,Cedar Springs,JUDGE, PROBATE COURT,,TONYA HOLLEY ,106,0,102,4,0
Early,Cuba,JUDGE, PROBATE COURT,,TONYA HOLLEY ,266,11,167,88,0
Early,Damascus,JUDGE, PROBATE COURT,,TONYA HOLLEY ,231,3,211,17,0
Early,Freeman,JUDGE, PROBATE COURT,,TONYA HOLLEY ,123,5,90,28,0
Early,Hilton,JUDGE, PROBATE COURT,,TONYA HOLLEY ,121,2,99,20,0
Early,Jakin,JUDGE, PROBATE COURT,,TONYA HOLLEY ,156,5,144,7,0
Early,Lucille,JUDGE, PROBATE COURT,,TONYA HOLLEY ,217,3,165,49,0
Early,Urquhart,JUDGE, PROBATE COURT,,TONYA HOLLEY ,100,2,85,12,1
Early,,JUDGE, PROBATE COURT,,Write-in,10,0,7,3,0
Early,Arlington,JUDGE, PROBATE COURT,,Write-in,0,0,0,0,0
Early,Blakely,JUDGE, PROBATE COURT,,Write-in,5,0,3,2,0
Early,Colomokee,JUDGE, PROBATE COURT,,Write-in,0,0,0,0,0
Early,Cedar Springs,JUDGE, PROBATE COURT,,Write-in,1,0,1,0,0
Early,Cuba,JUDGE, PROBATE COURT,,Write-in,1,0,1,0,0
Early,Damascus,JUDGE, PROBATE COURT,,Write-in,0,0,0,0,0
Early,Freeman,JUDGE, PROBATE COURT,,Write-in,0,0,0,0,0
Early,Hilton,JUDGE, PROBATE COURT,,Write-in,2,0,2,0,0
Early,Jakin,JUDGE, PROBATE COURT,,Write-in,0,0,0,0,0
Early,Lucille,JUDGE, PROBATE COURT,,Write-in,0,0,0,0,0
Early,Urquhart,JUDGE, PROBATE COURT,,Write-in,1,0,0,1,0
Early,,BOE, D1,,DAN WILLIAMS,747,32,503,212,0
Early,Arlington,BOE, D1,,DAN WILLIAMS,9,0,8,1,0
Early,Blakely,BOE, D1,,DAN WILLIAMS,315,21,164,130,0
Early,Colomokee,BOE, D1,,DAN WILLIAMS,91,2,67,22,0
Early,Freeman,BOE, D1,,DAN WILLIAMS,122,5,89,28,0
Early,Hilton,BOE, D1,,DAN WILLIAMS,118,2,97,19,0
Early,Urquhart,BOE, D1,,DAN WILLIAMS,92,2,78,12,0
Early,,BOE, D1,,Write-in,1,0,0,1,0
Early,Arlington,BOE, D1,,Write-in,0,0,0,0,0
Early,Blakely,BOE, D1,,Write-in,1,0,0,1,0
Early,Colomokee,BOE, D1,,Write-in,0,0,0,0,0
Early,Freeman,BOE, D1,,Write-in,0,0,0,0,0
Early,Hilton,BOE, D1,,Write-in,0,0,0,0,0
Early,Urquhart,BOE, D1,,Write-in,0,0,0,0,0
Early,,BOE, D2,,BROOKS CARTER,367,9,251,107,0
Early,Arlington,BOE, D2,,BROOKS CARTER,65,0,56,9,0
Early,Blakely,BOE, D2,,BROOKS CARTER,111,4,52,55,0
Early,Cuba,BOE, D2,,BROOKS CARTER,77,2,50,25,0
Early,Damascus,BOE, D2,,BROOKS CARTER,114,3,93,18,0
Early,,BOE, D2,,DENISE WILLIAMS ,398,50,273,75,0
Early,Arlington,BOE, D2,,DENISE WILLIAMS ,73,13,54,6,0
Early,Blakely,BOE, D2,,DENISE WILLIAMS ,139,29,66,44,0
Early,Cuba,BOE, D2,,DENISE WILLIAMS ,44,6,18,20,0
Early,Damascus,BOE, D2,,DENISE WILLIAMS ,142,2,135,5,0
Early,,BOE, D2,,Write-in,0,0,0,0,0
Early,Arlington,BOE, D2,,Write-in,0,0,0,0,0
Early,Blakely,BOE, D2,,Write-in,0,0,0,0,0
Early,Cuba,BOE, D2,,Write-in,0,0,0,0,0
Early,Damascus,BOE, D2,,Write-in,0,0,0,0,0
Early,,BOE, D5 at Large,,CARY ALDERMAN,2492,101,1717,674,0
Early,Arlington,BOE, D5 at Large,,CARY ALDERMAN,129,11,103,15,0
Early,Blakely,BOE, D5 at Large,,CARY ALDERMAN,1047,59,577,411,0
Early,Colomokee,BOE, D5 at Large,,CARY ALDERMAN,91,2,66,23,0
Early,Cedar Springs,BOE, D5 at Large,,CARY ALDERMAN,92,0,88,4,0
Early,Cuba,BOE, D5 at Large,,CARY ALDERMAN,258,11,157,90,0
Early,Damascus,BOE, D5 at Large,,CARY ALDERMAN,203,2,186,15,0
Early,Freeman,BOE, D5 at Large,,CARY ALDERMAN,121,5,87,29,0
Early,Hilton,BOE, D5 at Large,,CARY ALDERMAN,118,2,96,20,0
Early,Jakin,BOE, D5 at Large,,CARY ALDERMAN,142,5,130,7,0
Early,Lucille,BOE, D5 at Large,,CARY ALDERMAN,194,2,144,48,0
Early,Urquhart,BOE, D5 at Large,,CARY ALDERMAN,97,2,83,12,0
Early,,BOE, D5 at Large,,Write-in,7,3,3,1,0
Early,Arlington,BOE, D5 at Large,,Write-in,1,0,1,0,0
Early,Blakely,BOE, D5 at Large,,Write-in,4,3,0,1,0
Early,Colomokee,BOE, D5 at Large,,Write-in,0,0,0,0,0
Early,Cedar Springs,BOE, D5 at Large,,Write-in,0,0,0,0,0
Early,Cuba,BOE, D5 at Large,,Write-in,1,0,1,0,0
Early,Damascus,BOE, D5 at Large,,Write-in,0,0,0,0,0
Early,Freeman,BOE, D5 at Large,,Write-in,0,0,0,0,0
Early,Hilton,BOE, D5 at Large,,Write-in,0,0,0,0,0
Early,Jakin,BOE, D5 at Large,,Write-in,0,0,0,0,0
Early,Lucille,BOE, D5 at Large,,Write-in,1,0,1,0,0
Early,Urquhart,BOE, D5 at Large,,Write-in,0,0,0,0,0
Early,,TSPLOST,,,YES,1663,77,1111,475,0
Early,Arlington,TSPLOST,,,YES,101,12,74,15,0
Early,Blakely,TSPLOST,,,YES,799,52,438,309,0
Early,Colomokee,TSPLOST,,,YES,52,1,36,15,0
Early,Cedar Springs,TSPLOST,,,YES,47,0,42,5,0
Early,Cuba,TSPLOST,,,YES,137,1,77,59,0
Early,Damascus,TSPLOST,,,YES,135,1,132,2,0
Early,Freeman,TSPLOST,,,YES,79,4,55,20,0
Early,Hilton,TSPLOST,,,YES,73,2,55,16,0
Early,Jakin,TSPLOST,,,YES,65,2,58,5,0
Early,Lucille,TSPLOST,,,YES,122,1,98,23,0
Early,Urquhart,TSPLOST,,,YES,53,1,46,6,0
Early,,TSPLOST,,,NO,1647,204,1043,399,1
Early,Arlington,TSPLOST,,,NO,64,2,58,4,0
Early,Blakely,TSPLOST,,,NO,714,165,301,248,0
Early,Colomokee,TSPLOST,,,NO,56,1,45,10,0
Early,Cedar Springs,TSPLOST,,,NO,72,1,70,1,0
Early,Cuba,TSPLOST,,,NO,177,19,110,48,0
Early,Damascus,TSPLOST,,,NO,128,4,103,21,0
Early,Freeman,TSPLOST,,,NO,77,2,57,18,0
Early,Hilton,TSPLOST,,,NO,72,1,65,6,0
Early,Jakin,TSPLOST,,,NO,111,3,105,3,0
Early,Lucille,TSPLOST,,,NO,121,5,83,33,0
Early,Urquhart,TSPLOST,,,NO,55,1,46,7,1
Early,,(S.E.),,,YES,39,0,38,1,0
Early,Damascus,(S.E.),,,YES,39,0,38,1,0
Early,,(S.E.),,,NO,44,0,41,3,0
Early,Damascus,(S.E.),,,NO,44,0,41,3,0
