county,precinct,office,district,party,candidate,votes,absentee_by_mail,election_day,advance_in_person,provisional
Randolph,,"Public Service Commission, District 3",3,REP,CHUCK EATON (I),41,7,18,16,0
Randolph,Coleman,"Public Service Commission, District 3",3,REP,CHUCK EATON (I),1,0,0,1,0
Randolph,Shellman,"Public Service Commission, District 3",3,REP,CHUCK EATON (I),5,1,0,4,0
Randolph,Benevolence,"Public Service Commission, District 3",3,REP,CHUCK EATON (I),6,0,6,0,0
Randolph,Cuthbert/Courthouse,"Public Service Commission, District 3",3,REP,CHUCK EATON (I),17,3,6,8,0
Randolph,Cuthbert,"Public Service Commission, District 3",3,REP,CHUCK EATON (I),0,0,0,0,0
Randolph,Carnegie,"Public Service Commission, District 3",3,REP,CHUCK EATON (I),6,2,3,1,0
Randolph,Fountain Bridge-5th,"Public Service Commission, District 3",3,REP,CHUCK EATON (I),3,0,3,0,0
Randolph,Springvale,"Public Service Commission, District 3",3,REP,CHUCK EATON (I),3,1,0,2,0
Randolph,4th District,"Public Service Commission, District 3",3,REP,CHUCK EATON (I),0,0,0,0,0
Randolph,,"Public Service Commission, District 3",3,REP,MATT REID,22,5,14,3,0
Randolph,Coleman,"Public Service Commission, District 3",3,REP,MATT REID,4,3,1,0,0
Randolph,Shellman,"Public Service Commission, District 3",3,REP,MATT REID,1,0,1,0,0
Randolph,Benevolence,"Public Service Commission, District 3",3,REP,MATT REID,8,1,7,0,0
Randolph,Cuthbert/Courthouse,"Public Service Commission, District 3",3,REP,MATT REID,5,0,2,3,0
Randolph,Cuthbert,"Public Service Commission, District 3",3,REP,MATT REID,1,1,0,0,0
Randolph,Carnegie,"Public Service Commission, District 3",3,REP,MATT REID,1,0,1,0,0
Randolph,Fountain Bridge-5th,"Public Service Commission, District 3",3,REP,MATT REID,2,0,2,0,0
Randolph,Springvale,"Public Service Commission, District 3",3,REP,MATT REID,0,0,0,0,0
Randolph,4th District,"Public Service Commission, District 3",3,REP,MATT REID,0,0,0,0,0
Randolph,,"Public Service Commission, District 3",3,DEM,STEPHEN OPPENHEIMER,979,58,553,350,18
Randolph,Coleman,"Public Service Commission, District 3",3,DEM,STEPHEN OPPENHEIMER,52,0,36,12,4
Randolph,Shellman,"Public Service Commission, District 3",3,DEM,STEPHEN OPPENHEIMER,164,9,140,14,1
Randolph,Benevolence,"Public Service Commission, District 3",3,DEM,STEPHEN OPPENHEIMER,68,6,36,20,6
Randolph,Cuthbert/Courthouse,"Public Service Commission, District 3",3,DEM,STEPHEN OPPENHEIMER,371,23,145,202,1
Randolph,Cuthbert,"Public Service Commission, District 3",3,DEM,STEPHEN OPPENHEIMER,99,14,52,33,0
Randolph,Carnegie,"Public Service Commission, District 3",3,DEM,STEPHEN OPPENHEIMER,94,0,68,26,0
Randolph,Fountain Bridge-5th,"Public Service Commission, District 3",3,DEM,STEPHEN OPPENHEIMER,36,0,28,8,0
Randolph,Springvale,"Public Service Commission, District 3",3,DEM,STEPHEN OPPENHEIMER,66,5,33,25,3
Randolph,4th District,"Public Service Commission, District 3",3,DEM,STEPHEN OPPENHEIMER,29,1,15,10,3
Randolph,,"Public Service Commission, District 5",5,REP,PAM DAVIDSON,20,4,13,3,0
Randolph,Coleman,"Public Service Commission, District 5",5,REP,PAM DAVIDSON,4,3,1,0,0
Randolph,Shellman,"Public Service Commission, District 5",5,REP,PAM DAVIDSON,1,0,1,0,0
Randolph,Benevolence,"Public Service Commission, District 5",5,REP,PAM DAVIDSON,6,0,6,0,0
Randolph,Cuthbert/Courthouse,"Public Service Commission, District 5",5,REP,PAM DAVIDSON,3,0,0,3,0
Randolph,Cuthbert,"Public Service Commission, District 5",5,REP,PAM DAVIDSON,1,1,0,0,0
Randolph,Carnegie,"Public Service Commission, District 5",5,REP,PAM DAVIDSON,1,0,1,0,0
Randolph,Fountain Bridge-5th,"Public Service Commission, District 5",5,REP,PAM DAVIDSON,4,0,4,0,0
Randolph,Springvale,"Public Service Commission, District 5",5,REP,PAM DAVIDSON,0,0,0,0,0
Randolph,4th District,"Public Service Commission, District 5",5,REP,PAM DAVIDSON,0,0,0,0,0
Randolph,,"Public Service Commission, District 5",5,REP,STAN WISE (I),43,8,18,17,0
Randolph,Coleman,"Public Service Commission, District 5",5,REP,STAN WISE (I),1,0,0,1,0
Randolph,Shellman,"Public Service Commission, District 5",5,REP,STAN WISE (I),6,1,0,5,0
Randolph,Benevolence,"Public Service Commission, District 5",5,REP,STAN WISE (I),7,1,6,0,0
Randolph,Cuthbert/Courthouse,"Public Service Commission, District 5",5,REP,STAN WISE (I),19,3,8,8,0
Randolph,Cuthbert,"Public Service Commission, District 5",5,REP,STAN WISE (I),0,0,0,0,0
Randolph,Carnegie,"Public Service Commission, District 5",5,REP,STAN WISE (I),6,2,3,1,0
Randolph,Fountain Bridge-5th,"Public Service Commission, District 5",5,REP,STAN WISE (I),1,0,1,0,0
Randolph,Springvale,"Public Service Commission, District 5",5,REP,STAN WISE (I),3,1,0,2,0
Randolph,4th District,"Public Service Commission, District 5",5,REP,STAN WISE (I),0,0,0,0,0
Randolph,,"U.S. Representative, District 2",2,REP,RICK ALLEN,14,1,12,1,0
Randolph,Coleman,"U.S. Representative, District 2",2,REP,RICK ALLEN,1,0,1,0,0
Randolph,Shellman,"U.S. Representative, District 2",2,REP,RICK ALLEN,2,1,0,1,0
Randolph,Benevolence,"U.S. Representative, District 2",2,REP,RICK ALLEN,9,0,9,0,0
Randolph,Cuthbert/Courthouse,"U.S. Representative, District 2",2,REP,RICK ALLEN,2,0,2,0,0
Randolph,Cuthbert,"U.S. Representative, District 2",2,REP,RICK ALLEN,0,0,0,0,0
Randolph,Carnegie,"U.S. Representative, District 2",2,REP,RICK ALLEN,0,0,0,0,0
Randolph,Fountain Bridge-5th,"U.S. Representative, District 2",2,REP,RICK ALLEN,0,0,0,0,0
Randolph,Springvale,"U.S. Representative, District 2",2,REP,RICK ALLEN,0,0,0,0,0
Randolph,4th District,"U.S. Representative, District 2",2,REP,RICK ALLEN,0,0,0,0,0
Randolph,,"U.S. Representative, District 2",2,REP,KEN DELOACH,21,6,9,6,0
Randolph,Coleman,"U.S. Representative, District 2",2,REP,KEN DELOACH,1,1,0,0,0
Randolph,Shellman,"U.S. Representative, District 2",2,REP,KEN DELOACH,0,0,0,0,0
Randolph,Benevolence,"U.S. Representative, District 2",2,REP,KEN DELOACH,3,1,2,0,0
Randolph,Cuthbert/Courthouse,"U.S. Representative, District 2",2,REP,KEN DELOACH,8,1,2,5,0
Randolph,Cuthbert,"U.S. Representative, District 2",2,REP,KEN DELOACH,1,1,0,0,0
Randolph,Carnegie,"U.S. Representative, District 2",2,REP,KEN DELOACH,4,2,2,0,0
Randolph,Fountain Bridge-5th,"U.S. Representative, District 2",2,REP,KEN DELOACH,3,0,3,0,0
Randolph,Springvale,"U.S. Representative, District 2",2,REP,KEN DELOACH,1,0,0,1,0
Randolph,4th District,"U.S. Representative, District 2",2,REP,KEN DELOACH,0,0,0,0,0
Randolph,,"U.S. Representative, District 2",2,REP,JOHN HOUSE,25,5,8,11,1
Randolph,Coleman,"U.S. Representative, District 2",2,REP,JOHN HOUSE,3,2,0,1,0
Randolph,Shellman,"U.S. Representative, District 2",2,REP,JOHN HOUSE,3,0,0,3,0
Randolph,Benevolence,"U.S. Representative, District 2",2,REP,JOHN HOUSE,2,0,1,0,1
Randolph,Cuthbert/Courthouse,"U.S. Representative, District 2",2,REP,JOHN HOUSE,11,2,3,6,0
Randolph,Cuthbert,"U.S. Representative, District 2",2,REP,JOHN HOUSE,0,0,0,0,0
Randolph,Carnegie,"U.S. Representative, District 2",2,REP,JOHN HOUSE,2,0,2,0,0
Randolph,Fountain Bridge-5th,"U.S. Representative, District 2",2,REP,JOHN HOUSE,2,0,2,0,0
Randolph,Springvale,"U.S. Representative, District 2",2,REP,JOHN HOUSE,2,1,0,1,0
Randolph,4th District,"U.S. Representative, District 2",2,REP,JOHN HOUSE,0,0,0,0,0
Randolph,,"U.S. Representative, District 2",2,DEM,SANFORD BISHOP (I),1327,101,757,448,21
Randolph,Coleman,"U.S. Representative, District 2",2,DEM,SANFORD BISHOP (I),77,9,51,12,5
Randolph,Shellman,"U.S. Representative, District 2",2,DEM,SANFORD BISHOP (I),226,17,181,27,1
Randolph,Benevolence,"U.S. Representative, District 2",2,DEM,SANFORD BISHOP (I),100,11,53,29,7
Randolph,Cuthbert/Courthouse,"U.S. Representative, District 2",2,DEM,SANFORD BISHOP (I),509,29,224,255,1
Randolph,Cuthbert,"U.S. Representative, District 2",2,DEM,SANFORD BISHOP (I),162,26,89,47,0
Randolph,Carnegie,"U.S. Representative, District 2",2,DEM,SANFORD BISHOP (I),95,0,71,24,0
Randolph,Fountain Bridge-5th,"U.S. Representative, District 2",2,DEM,SANFORD BISHOP (I),32,0,25,7,0
Randolph,Springvale,"U.S. Representative, District 2",2,DEM,SANFORD BISHOP (I),92,7,44,38,3
Randolph,4th District,"U.S. Representative, District 2",2,DEM,SANFORD BISHOP (I),34,2,19,9,4
Randolph,,"State Senator, District 12",12,DEM,FREDDIE POWELL(I),1027,78,551,381,17
Randolph,Coleman,"State Senator, District 12",12,DEM,FREDDIE POWELL(I),60,7,38,11,4
Randolph,Shellman,"State Senator, District 12",12,DEM,FREDDIE POWELL(I),175,14,138,22,1
Randolph,Benevolence,"State Senator, District 12",12,DEM,FREDDIE POWELL(I),81,9,40,27,5
Randolph,Cuthbert/Courthouse,"State Senator, District 12",12,DEM,FREDDIE POWELL(I),394,24,153,217,0
Randolph,Cuthbert,"State Senator, District 12",12,DEM,FREDDIE POWELL(I),104,17,53,34,0
Randolph,Carnegie,"State Senator, District 12",12,DEM,FREDDIE POWELL(I),81,0,58,23,0
Randolph,Fountain Bridge-5th,"State Senator, District 12",12,DEM,FREDDIE POWELL(I),28,0,22,6,0
Randolph,Springvale,"State Senator, District 12",12,DEM,FREDDIE POWELL(I),74,5,34,32,3
Randolph,4th District,"State Senator, District 12",12,DEM,FREDDIE POWELL(I),30,2,15,9,4
Randolph,,"State Representative, District 151",151,REP,GERALD E. GREENE (I),67,12,33,21,1
Randolph,Coleman,"State Representative, District 151",151,REP,GERALD E. GREENE (I),4,3,1,0,0
Randolph,Shellman,"State Representative, District 151",151,REP,GERALD E. GREENE (I),5,1,0,4,0
Randolph,Benevolence,"State Representative, District 151",151,REP,GERALD E. GREENE (I),16,1,14,0,1
Randolph,Cuthbert/Courthouse,"State Representative, District 151",151,REP,GERALD E. GREENE (I),25,3,8,14,0
Randolph,Cuthbert,"State Representative, District 151",151,REP,GERALD E. GREENE (I),1,1,0,0,0
Randolph,Carnegie,"State Representative, District 151",151,REP,GERALD E. GREENE (I),7,2,4,1,0
Randolph,Fountain Bridge-5th,"State Representative, District 151",151,REP,GERALD E. GREENE (I),6,0,6,0,0
Randolph,Springvale,"State Representative, District 151",151,REP,GERALD E. GREENE (I),3,1,0,2,0
Randolph,4th District,"State Representative, District 151",151,REP,GERALD E. GREENE (I),0,0,0,0,0
Randolph,,"District Attorney, Pataula Circuit", Pataula Circuit - DEM,DEM,T. CRAIG EARNEST (I),1065,66,575,406,18
Randolph,Coleman,"District Attorney, Pataula Circuit", Pataula Circuit - DEM,DEM,T. CRAIG EARNEST (I),59,0,41,14,4
Randolph,Shellman,"District Attorney, Pataula Circuit", Pataula Circuit - DEM,DEM,T. CRAIG EARNEST (I),158,9,128,20,1
Randolph,Benevolence,"District Attorney, Pataula Circuit", Pataula Circuit - DEM,DEM,T. CRAIG EARNEST (I),82,7,45,25,5
Randolph,Cuthbert/Courthouse,"District Attorney, Pataula Circuit", Pataula Circuit - DEM,DEM,T. CRAIG EARNEST (I),412,24,156,231,1
Randolph,Cuthbert,"District Attorney, Pataula Circuit", Pataula Circuit - DEM,DEM,T. CRAIG EARNEST (I),106,18,52,36,0
Randolph,Carnegie,"District Attorney, Pataula Circuit", Pataula Circuit - DEM,DEM,T. CRAIG EARNEST (I),107,0,78,29,0
Randolph,Fountain Bridge-5th,"District Attorney, Pataula Circuit", Pataula Circuit - DEM,DEM,T. CRAIG EARNEST (I),39,0,29,10,0
Randolph,Springvale,"District Attorney, Pataula Circuit", Pataula Circuit - DEM,DEM,T. CRAIG EARNEST (I),73,7,32,31,3
Randolph,4th District,"District Attorney, Pataula Circuit", Pataula Circuit - DEM,DEM,T. CRAIG EARNEST (I),29,1,14,10,4
Randolph,,"CLERK, SUPERIOR COURT", SUPERIOR COURT - D,,KAY ARNOLD ,1408,84,771,532,21
Randolph,Coleman,"CLERK, SUPERIOR COURT", SUPERIOR COURT - D,,KAY ARNOLD ,75,3,51,16,5
Randolph,Shellman,"CLERK, SUPERIOR COURT", SUPERIOR COURT - D,,KAY ARNOLD ,231,15,182,33,1
Randolph,Benevolence,"CLERK, SUPERIOR COURT", SUPERIOR COURT - D,,KAY ARNOLD ,105,9,54,36,6
Randolph,Cuthbert/Courthouse,"CLERK, SUPERIOR COURT", SUPERIOR COURT - D,,KAY ARNOLD ,535,29,208,297,1
Randolph,Cuthbert,"CLERK, SUPERIOR COURT", SUPERIOR COURT - D,,KAY ARNOLD ,135,19,68,48,0
Randolph,Carnegie,"CLERK, SUPERIOR COURT", SUPERIOR COURT - D,,KAY ARNOLD ,147,0,109,38,0
Randolph,Fountain Bridge-5th,"CLERK, SUPERIOR COURT", SUPERIOR COURT - D,,KAY ARNOLD ,49,0,36,13,0
Randolph,Springvale,"CLERK, SUPERIOR COURT", SUPERIOR COURT - D,,KAY ARNOLD ,92,6,43,39,4
Randolph,4th District,"CLERK, SUPERIOR COURT", SUPERIOR COURT - D,,KAY ARNOLD ,39,3,20,12,4
Randolph,,SHERIFF,,,HAROLD B. PIPER,675,32,391,245,7
Randolph,Coleman,SHERIFF,,,HAROLD B. PIPER,49,1,37,8,3
Randolph,Shellman,SHERIFF,,,HAROLD B. PIPER,118,4,101,13,0
Randolph,Benevolence,SHERIFF,,,HAROLD B. PIPER,48,6,24,16,2
Randolph,Cuthbert/Courthouse,SHERIFF,,,HAROLD B. PIPER,251,11,97,143,0
Randolph,Cuthbert,SHERIFF,,,HAROLD B. PIPER,58,9,34,15,0
Randolph,Carnegie,SHERIFF,,,HAROLD B. PIPER,56,0,42,14,0
Randolph,Fountain Bridge-5th,SHERIFF,,,HAROLD B. PIPER,28,0,21,7,0
Randolph,Springvale,SHERIFF,,,HAROLD B. PIPER,35,0,14,20,1
Randolph,4th District,SHERIFF,,,HAROLD B. PIPER,32,1,21,9,1
Randolph,,SHERIFF,,,GARY YOCHUM SR.,1120,82,604,413,21
Randolph,Coleman,SHERIFF,,,GARY YOCHUM SR.,59,8,34,14,3
Randolph,Shellman,SHERIFF,,,GARY YOCHUM SR.,185,15,136,32,2
Randolph,Benevolence,SHERIFF,,,GARY YOCHUM SR.,90,5,51,26,8
Randolph,Cuthbert/Courthouse,SHERIFF,,,GARY YOCHUM SR.,415,23,169,222,1
Randolph,Cuthbert,SHERIFF,,,GARY YOCHUM SR.,125,19,56,50,0
Randolph,Carnegie,SHERIFF,,,GARY YOCHUM SR.,115,0,88,27,0
Randolph,Fountain Bridge-5th,SHERIFF,,,GARY YOCHUM SR.,29,0,21,8,0
Randolph,Springvale,SHERIFF,,,GARY YOCHUM SR.,84,8,41,31,4
Randolph,4th District,SHERIFF,,,GARY YOCHUM SR.,18,4,8,3,3
Randolph,,TAX COMMISSIONER,,,PERRY E. TURNER,1266,73,698,474,21
Randolph,Coleman,TAX COMMISSIONER,,,PERRY E. TURNER,69,1,48,15,5
Randolph,Shellman,TAX COMMISSIONER,,,PERRY E. TURNER,202,13,160,28,1
Randolph,Benevolence,TAX COMMISSIONER,,,PERRY E. TURNER,93,4,51,31,7
Randolph,Cuthbert/Courthouse,TAX COMMISSIONER,,,PERRY E. TURNER,482,27,187,267,1
Randolph,Cuthbert,TAX COMMISSIONER,,,PERRY E. TURNER,128,20,61,47,0
Randolph,Carnegie,TAX COMMISSIONER,,,PERRY E. TURNER,136,0,102,34,0
Randolph,Fountain Bridge-5th,TAX COMMISSIONER,,,PERRY E. TURNER,46,0,34,12,0
Randolph,Springvale,TAX COMMISSIONER,,,PERRY E. TURNER,76,6,37,30,3
Randolph,4th District,TAX COMMISSIONER,,,PERRY E. TURNER,34,2,18,10,4
Randolph,,SURVEYOR,,,BRYSON H LANGFORD,1323,74,747,481,21
Randolph,Coleman,SURVEYOR,,,BRYSON H LANGFORD,77,3,53,16,5
Randolph,Shellman,SURVEYOR,,,BRYSON H LANGFORD,233,14,189,29,1
Randolph,Benevolence,SURVEYOR,,,BRYSON H LANGFORD,102,6,60,30,6
Randolph,Cuthbert/Courthouse,SURVEYOR,,,BRYSON H LANGFORD,490,26,196,267,1
Randolph,Cuthbert,SURVEYOR,,,BRYSON H LANGFORD,117,17,58,42,0
Randolph,Carnegie,SURVEYOR,,,BRYSON H LANGFORD,138,0,102,36,0
Randolph,Fountain Bridge-5th,SURVEYOR,,,BRYSON H LANGFORD,43,0,33,10,0
Randolph,Springvale,SURVEYOR,,,BRYSON H LANGFORD,88,6,39,39,4
Randolph,4th District,SURVEYOR,,,BRYSON H LANGFORD,35,2,17,12,4
Randolph,,CORONER,,,RUSTY CHAPMAN ,1331,75,722,513,21
Randolph,Coleman,CORONER,,,RUSTY CHAPMAN ,71,2,46,17,6
Randolph,Shellman,CORONER,,,RUSTY CHAPMAN ,205,12,161,31,1
Randolph,Benevolence,CORONER,,,RUSTY CHAPMAN ,99,7,54,32,6
Randolph,Cuthbert/Courthouse,CORONER,,,RUSTY CHAPMAN ,518,27,203,287,1
Randolph,Cuthbert,CORONER,,,RUSTY CHAPMAN ,132,19,64,49,0
Randolph,Carnegie,CORONER,,,RUSTY CHAPMAN ,136,0,102,34,0
Randolph,Fountain Bridge-5th,CORONER,,,RUSTY CHAPMAN ,44,0,33,11,0
Randolph,Springvale,CORONER,,,RUSTY CHAPMAN ,91,6,41,41,3
Randolph,4th District,CORONER,,,RUSTY CHAPMAN ,35,2,18,11,4
Randolph,,CHIEF MAGISTRATE,,,LINDA B PALUMBO ,1273,69,709,474,21
Randolph,Coleman,CHIEF MAGISTRATE,,,LINDA B PALUMBO ,79,1,55,18,5
Randolph,Shellman,CHIEF MAGISTRATE,,,LINDA B PALUMBO ,201,11,161,28,1
Randolph,Benevolence,CHIEF MAGISTRATE,,,LINDA B PALUMBO ,95,6,53,30,6
Randolph,Cuthbert/Courthouse,CHIEF MAGISTRATE,,,LINDA B PALUMBO ,485,27,191,266,1
Randolph,Cuthbert,CHIEF MAGISTRATE,,,LINDA B PALUMBO ,128,17,67,44,0
Randolph,Carnegie,CHIEF MAGISTRATE,,,LINDA B PALUMBO ,130,0,96,34,0
Randolph,Fountain Bridge-5th,CHIEF MAGISTRATE,,,LINDA B PALUMBO ,36,0,29,7,0
Randolph,Springvale,CHIEF MAGISTRATE,,,LINDA B PALUMBO ,86,5,41,36,4
Randolph,4th District,CHIEF MAGISTRATE,,,LINDA B PALUMBO ,33,2,16,11,4
Randolph,,"CC, D2", D2 - D,,JIMMY P. BRADLEY,292,14,117,153,8
Randolph,Shellman,"CC, D2", D2 - D,,JIMMY P. BRADLEY,24,1,17,5,1
Randolph,Benevolence,"CC, D2", D2 - D,,JIMMY P. BRADLEY,93,7,51,28,7
Randolph,Cuthbert/Courthouse,"CC, D2", D2 - D,,JIMMY P. BRADLEY,172,5,49,118,0
Randolph,Springvale,"CC, D2", D2 - D,,JIMMY P. BRADLEY,3,1,0,2,0
Randolph,,"CC, D3", D3 - R,,BILLY STARLING,4,2,0,2,0
Randolph,Cuthbert/Courthouse,"CC, D3", D3 - R,,BILLY STARLING,3,1,0,2,0
Randolph,Cuthbert,"CC, D3", D3 - R,,BILLY STARLING,1,1,0,0,0
Randolph,,"CC, D3", D3 - D,,WESLEY L. WILLIAMS,197,16,121,60,0
Randolph,Cuthbert/Courthouse,"CC, D3", D3 - D,,WESLEY L. WILLIAMS,86,0,49,37,0
Randolph,Cuthbert,"CC, D3", D3 - D,,WESLEY L. WILLIAMS,111,16,72,23,0
Randolph,,"CC, D4", D4 - R,,LAMAR H. WHITE,20,8,9,3,0
Randolph,Coleman,"CC, D4", D4 - R,,LAMAR H. WHITE,3,3,0,0,0
Randolph,Shellman,"CC, D4", D4 - R,,LAMAR H. WHITE,1,0,1,0,0
Randolph,Cuthbert/Courthouse,"CC, D4", D4 - R,,LAMAR H. WHITE,7,2,2,3,0
Randolph,Cuthbert,"CC, D4", D4 - R,,LAMAR H. WHITE,0,0,0,0,0
Randolph,Carnegie,"CC, D4", D4 - R,,LAMAR H. WHITE,5,2,3,0,0
Randolph,Fountain Bridge-5th,"CC, D4", D4 - R,,LAMAR H. WHITE,3,0,3,0,0
Randolph,Springvale,"CC, D4", D4 - R,,LAMAR H. WHITE,1,1,0,0,0
Randolph,4th District,"CC, D4", D4 - R,,LAMAR H. WHITE,0,0,0,0,0
Randolph,,"CC, D4", D4 - D,,C. EVANS SIMMONS,219,7,142,65,5
Randolph,Coleman,"CC, D4", D4 - D,,C. EVANS SIMMONS,36,0,29,4,3
Randolph,Shellman,"CC, D4", D4 - D,,C. EVANS SIMMONS,32,4,21,7,0
Randolph,Cuthbert/Courthouse,"CC, D4", D4 - D,,C. EVANS SIMMONS,34,2,11,21,0
Randolph,Cuthbert,"CC, D4", D4 - D,,C. EVANS SIMMONS,4,0,0,4,0
Randolph,Carnegie,"CC, D4", D4 - D,,C. EVANS SIMMONS,71,0,55,16,0
Randolph,Fountain Bridge-5th,"CC, D4", D4 - D,,C. EVANS SIMMONS,21,0,16,5,0
Randolph,Springvale,"CC, D4", D4 - D,,C. EVANS SIMMONS,0,0,0,0,0
Randolph,4th District,"CC, D4", D4 - D,,C. EVANS SIMMONS,21,1,10,8,2
Randolph,,Republican Party Question 1<br>Should Georgia have casino gambling with funds going to education?,,REP,YES,37,4,23,10,0
Randolph,Coleman,Republican Party Question 1<br>Should Georgia have casino gambling with funds going to education?,,REP,YES,1,0,0,1,0
Randolph,Shellman,Republican Party Question 1<br>Should Georgia have casino gambling with funds going to education?,,REP,YES,3,0,1,2,0
Randolph,Benevolence,Republican Party Question 1<br>Should Georgia have casino gambling with funds going to education?,,REP,YES,10,1,9,0,0
Randolph,Cuthbert/Courthouse,Republican Party Question 1<br>Should Georgia have casino gambling with funds going to education?,,REP,YES,14,2,7,5,0
Randolph,Cuthbert,Republican Party Question 1<br>Should Georgia have casino gambling with funds going to education?,,REP,YES,0,0,0,0,0
Randolph,Carnegie,Republican Party Question 1<br>Should Georgia have casino gambling with funds going to education?,,REP,YES,2,0,2,0,0
Randolph,Fountain Bridge-5th,Republican Party Question 1<br>Should Georgia have casino gambling with funds going to education?,,REP,YES,4,0,4,0,0
Randolph,Springvale,Republican Party Question 1<br>Should Georgia have casino gambling with funds going to education?,,REP,YES,3,1,0,2,0
Randolph,4th District,Republican Party Question 1<br>Should Georgia have casino gambling with funds going to education?,,REP,YES,0,0,0,0,0
Randolph,,Republican Party Question 1<br>Should Georgia have casino gambling with funds going to education?,,REP,NO,31,8,12,10,1
Randolph,Coleman,Republican Party Question 1<br>Should Georgia have casino gambling with funds going to education?,,REP,NO,4,3,1,0,0
Randolph,Shellman,Republican Party Question 1<br>Should Georgia have casino gambling with funds going to education?,,REP,NO,4,1,0,3,0
Randolph,Benevolence,Republican Party Question 1<br>Should Georgia have casino gambling with funds going to education?,,REP,NO,6,0,5,0,1
Randolph,Cuthbert/Courthouse,Republican Party Question 1<br>Should Georgia have casino gambling with funds going to education?,,REP,NO,10,1,2,7,0
Randolph,Cuthbert,Republican Party Question 1<br>Should Georgia have casino gambling with funds going to education?,,REP,NO,1,1,0,0,0
Randolph,Carnegie,Republican Party Question 1<br>Should Georgia have casino gambling with funds going to education?,,REP,NO,4,2,2,0,0
Randolph,Fountain Bridge-5th,Republican Party Question 1<br>Should Georgia have casino gambling with funds going to education?,,REP,NO,2,0,2,0,0
Randolph,Springvale,Republican Party Question 1<br>Should Georgia have casino gambling with funds going to education?,,REP,NO,0,0,0,0,0
Randolph,4th District,Republican Party Question 1<br>Should Georgia have casino gambling with funds going to education?,,REP,NO,0,0,0,0,0
Randolph,,Republican Party Question 2<br>Do you support ending the current practice of unlimited gifts from lobbyists to state legislators by imposing a $100 cap on such gifts?,,REP,YES,56,11,28,17,0
Randolph,Coleman,Republican Party Question 2<br>Do you support ending the current practice of unlimited gifts from lobbyists to state legislators by imposing a $100 cap on such gifts?,,REP,YES,4,3,1,0,0
Randolph,Shellman,Republican Party Question 2<br>Do you support ending the current practice of unlimited gifts from lobbyists to state legislators by imposing a $100 cap on such gifts?,,REP,YES,7,1,1,5,0
Randolph,Benevolence,Republican Party Question 2<br>Do you support ending the current practice of unlimited gifts from lobbyists to state legislators by imposing a $100 cap on such gifts?,,REP,YES,10,0,10,0,0
Randolph,Cuthbert/Courthouse,Republican Party Question 2<br>Do you support ending the current practice of unlimited gifts from lobbyists to state legislators by imposing a $100 cap on such gifts?,,REP,YES,23,3,9,11,0
Randolph,Cuthbert,Republican Party Question 2<br>Do you support ending the current practice of unlimited gifts from lobbyists to state legislators by imposing a $100 cap on such gifts?,,REP,YES,1,1,0,0,0
Randolph,Carnegie,Republican Party Question 2<br>Do you support ending the current practice of unlimited gifts from lobbyists to state legislators by imposing a $100 cap on such gifts?,,REP,YES,5,2,3,0,0
Randolph,Fountain Bridge-5th,Republican Party Question 2<br>Do you support ending the current practice of unlimited gifts from lobbyists to state legislators by imposing a $100 cap on such gifts?,,REP,YES,4,0,4,0,0
Randolph,Springvale,Republican Party Question 2<br>Do you support ending the current practice of unlimited gifts from lobbyists to state legislators by imposing a $100 cap on such gifts?,,REP,YES,2,1,0,1,0
Randolph,4th District,Republican Party Question 2<br>Do you support ending the current practice of unlimited gifts from lobbyists to state legislators by imposing a $100 cap on such gifts?,,REP,YES,0,0,0,0,0
Randolph,,Republican Party Question 2<br>Do you support ending the current practice of unlimited gifts from lobbyists to state legislators by imposing a $100 cap on such gifts?,,REP,NO,11,1,6,3,1
Randolph,Coleman,Republican Party Question 2<br>Do you support ending the current practice of unlimited gifts from lobbyists to state legislators by imposing a $100 cap on such gifts?,,REP,NO,1,0,0,1,0
Randolph,Shellman,Republican Party Question 2<br>Do you support ending the current practice of unlimited gifts from lobbyists to state legislators by imposing a $100 cap on such gifts?,,REP,NO,0,0,0,0,0
Randolph,Benevolence,Republican Party Question 2<br>Do you support ending the current practice of unlimited gifts from lobbyists to state legislators by imposing a $100 cap on such gifts?,,REP,NO,5,1,3,0,1
Randolph,Cuthbert/Courthouse,Republican Party Question 2<br>Do you support ending the current practice of unlimited gifts from lobbyists to state legislators by imposing a $100 cap on such gifts?,,REP,NO,1,0,0,1,0
Randolph,Cuthbert,Republican Party Question 2<br>Do you support ending the current practice of unlimited gifts from lobbyists to state legislators by imposing a $100 cap on such gifts?,,REP,NO,0,0,0,0,0
Randolph,Carnegie,Republican Party Question 2<br>Do you support ending the current practice of unlimited gifts from lobbyists to state legislators by imposing a $100 cap on such gifts?,,REP,NO,1,0,1,0,0
Randolph,Fountain Bridge-5th,Republican Party Question 2<br>Do you support ending the current practice of unlimited gifts from lobbyists to state legislators by imposing a $100 cap on such gifts?,,REP,NO,2,0,2,0,0
Randolph,Springvale,Republican Party Question 2<br>Do you support ending the current practice of unlimited gifts from lobbyists to state legislators by imposing a $100 cap on such gifts?,,REP,NO,1,0,0,1,0
Randolph,4th District,Republican Party Question 2<br>Do you support ending the current practice of unlimited gifts from lobbyists to state legislators by imposing a $100 cap on such gifts?,,REP,NO,0,0,0,0,0
Randolph,,Republican Party Question 3<br>Should active duty military personnel who are under the age of 21 be allowed to obtain a Georgia weapons license?,,REP,YES,45,8,19,17,1
Randolph,Coleman,Republican Party Question 3<br>Should active duty military personnel who are under the age of 21 be allowed to obtain a Georgia weapons license?,,REP,YES,4,3,0,1,0
Randolph,Shellman,Republican Party Question 3<br>Should active duty military personnel who are under the age of 21 be allowed to obtain a Georgia weapons license?,,REP,YES,5,0,1,4,0
Randolph,Benevolence,Republican Party Question 3<br>Should active duty military personnel who are under the age of 21 be allowed to obtain a Georgia weapons license?,,REP,YES,10,1,8,0,1
Randolph,Cuthbert/Courthouse,Republican Party Question 3<br>Should active duty military personnel who are under the age of 21 be allowed to obtain a Georgia weapons license?,,REP,YES,18,3,4,11,0
Randolph,Cuthbert,Republican Party Question 3<br>Should active duty military personnel who are under the age of 21 be allowed to obtain a Georgia weapons license?,,REP,YES,1,1,0,0,0
Randolph,Carnegie,Republican Party Question 3<br>Should active duty military personnel who are under the age of 21 be allowed to obtain a Georgia weapons license?,,REP,YES,2,0,2,0,0
Randolph,Fountain Bridge-5th,Republican Party Question 3<br>Should active duty military personnel who are under the age of 21 be allowed to obtain a Georgia weapons license?,,REP,YES,4,0,4,0,0
Randolph,Springvale,Republican Party Question 3<br>Should active duty military personnel who are under the age of 21 be allowed to obtain a Georgia weapons license?,,REP,YES,1,0,0,1,0
Randolph,4th District,Republican Party Question 3<br>Should active duty military personnel who are under the age of 21 be allowed to obtain a Georgia weapons license?,,REP,YES,0,0,0,0,0
Randolph,,Republican Party Question 3<br>Should active duty military personnel who are under the age of 21 be allowed to obtain a Georgia weapons license?,,REP,NO,21,3,15,3,0
Randolph,Coleman,Republican Party Question 3<br>Should active duty military personnel who are under the age of 21 be allowed to obtain a Georgia weapons license?,,REP,NO,1,0,1,0,0
Randolph,Shellman,Republican Party Question 3<br>Should active duty military personnel who are under the age of 21 be allowed to obtain a Georgia weapons license?,,REP,NO,1,0,0,1,0
Randolph,Benevolence,Republican Party Question 3<br>Should active duty military personnel who are under the age of 21 be allowed to obtain a Georgia weapons license?,,REP,NO,5,0,5,0,0
Randolph,Cuthbert/Courthouse,Republican Party Question 3<br>Should active duty military personnel who are under the age of 21 be allowed to obtain a Georgia weapons license?,,REP,NO,6,0,5,1,0
Randolph,Cuthbert,Republican Party Question 3<br>Should active duty military personnel who are under the age of 21 be allowed to obtain a Georgia weapons license?,,REP,NO,0,0,0,0,0
Randolph,Carnegie,Republican Party Question 3<br>Should active duty military personnel who are under the age of 21 be allowed to obtain a Georgia weapons license?,,REP,NO,4,2,2,0,0
Randolph,Fountain Bridge-5th,Republican Party Question 3<br>Should active duty military personnel who are under the age of 21 be allowed to obtain a Georgia weapons license?,,REP,NO,2,0,2,0,0
Randolph,Springvale,Republican Party Question 3<br>Should active duty military personnel who are under the age of 21 be allowed to obtain a Georgia weapons license?,,REP,NO,2,1,0,1,0
Randolph,4th District,Republican Party Question 3<br>Should active duty military personnel who are under the age of 21 be allowed to obtain a Georgia weapons license?,,REP,NO,0,0,0,0,0
Randolph,,Republican Party Question 4<br>Should Citizens who wish to vote in a primary election be required to register by their political party affiliation at least thirty (30) days prior to such primary election?,,REP,YES,40,10,16,13,1
Randolph,Coleman,Republican Party Question 4<br>Should Citizens who wish to vote in a primary election be required to register by their political party affiliation at least thirty (30) days prior to such primary election?,,REP,YES,3,2,0,1,0
Randolph,Shellman,Republican Party Question 4<br>Should Citizens who wish to vote in a primary election be required to register by their political party affiliation at least thirty (30) days prior to such primary election?,,REP,YES,4,1,1,2,0
Randolph,Benevolence,Republican Party Question 4<br>Should Citizens who wish to vote in a primary election be required to register by their political party affiliation at least thirty (30) days prior to such primary election?,,REP,YES,8,0,7,0,1
Randolph,Cuthbert/Courthouse,Republican Party Question 4<br>Should Citizens who wish to vote in a primary election be required to register by their political party affiliation at least thirty (30) days prior to such primary election?,,REP,YES,19,3,6,10,0
Randolph,Cuthbert,Republican Party Question 4<br>Should Citizens who wish to vote in a primary election be required to register by their political party affiliation at least thirty (30) days prior to such primary election?,,REP,YES,1,1,0,0,0
Randolph,Carnegie,Republican Party Question 4<br>Should Citizens who wish to vote in a primary election be required to register by their political party affiliation at least thirty (30) days prior to such primary election?,,REP,YES,3,2,1,0,0
Randolph,Fountain Bridge-5th,Republican Party Question 4<br>Should Citizens who wish to vote in a primary election be required to register by their political party affiliation at least thirty (30) days prior to such primary election?,,REP,YES,1,0,1,0,0
Randolph,Springvale,Republican Party Question 4<br>Should Citizens who wish to vote in a primary election be required to register by their political party affiliation at least thirty (30) days prior to such primary election?,,REP,YES,1,1,0,0,0
Randolph,4th District,Republican Party Question 4<br>Should Citizens who wish to vote in a primary election be required to register by their political party affiliation at least thirty (30) days prior to such primary election?,,REP,YES,0,0,0,0,0
Randolph,,Republican Party Question 4<br>Should Citizens who wish to vote in a primary election be required to register by their political party affiliation at least thirty (30) days prior to such primary election?,,REP,NO,27,2,18,7,0
Randolph,Coleman,Republican Party Question 4<br>Should Citizens who wish to vote in a primary election be required to register by their political party affiliation at least thirty (30) days prior to such primary election?,,REP,NO,2,1,1,0,0
Randolph,Shellman,Republican Party Question 4<br>Should Citizens who wish to vote in a primary election be required to register by their political party affiliation at least thirty (30) days prior to such primary election?,,REP,NO,3,0,0,3,0
Randolph,Benevolence,Republican Party Question 4<br>Should Citizens who wish to vote in a primary election be required to register by their political party affiliation at least thirty (30) days prior to such primary election?,,REP,NO,9,1,8,0,0
Randolph,Cuthbert/Courthouse,Republican Party Question 4<br>Should Citizens who wish to vote in a primary election be required to register by their political party affiliation at least thirty (30) days prior to such primary election?,,REP,NO,4,0,2,2,0
Randolph,Cuthbert,Republican Party Question 4<br>Should Citizens who wish to vote in a primary election be required to register by their political party affiliation at least thirty (30) days prior to such primary election?,,REP,NO,0,0,0,0,0
Randolph,Carnegie,Republican Party Question 4<br>Should Citizens who wish to vote in a primary election be required to register by their political party affiliation at least thirty (30) days prior to such primary election?,,REP,NO,2,0,2,0,0
Randolph,Fountain Bridge-5th,Republican Party Question 4<br>Should Citizens who wish to vote in a primary election be required to register by their political party affiliation at least thirty (30) days prior to such primary election?,,REP,NO,5,0,5,0,0
Randolph,Springvale,Republican Party Question 4<br>Should Citizens who wish to vote in a primary election be required to register by their political party affiliation at least thirty (30) days prior to such primary election?,,REP,NO,2,0,0,2,0
Randolph,4th District,Republican Party Question 4<br>Should Citizens who wish to vote in a primary election be required to register by their political party affiliation at least thirty (30) days prior to such primary election?,,REP,NO,0,0,0,0,0
Randolph,,Republican Party Question 5 <br>Life Amendment Question,,REP,YES,45,6,29,9,1
Randolph,Coleman,Republican Party Question 5 <br>Life Amendment Question,,REP,YES,2,0,1,1,0
Randolph,Shellman,Republican Party Question 5 <br>Life Amendment Question,,REP,YES,5,1,1,3,0
Randolph,Benevolence,Republican Party Question 5 <br>Life Amendment Question,,REP,YES,12,0,11,0,1
Randolph,Cuthbert/Courthouse,Republican Party Question 5 <br>Life Amendment Question,,REP,YES,14,2,8,4,0
Randolph,Cuthbert,Republican Party Question 5 <br>Life Amendment Question,,REP,YES,1,1,0,0,0
Randolph,Carnegie,Republican Party Question 5 <br>Life Amendment Question,,REP,YES,5,2,3,0,0
Randolph,Fountain Bridge-5th,Republican Party Question 5 <br>Life Amendment Question,,REP,YES,5,0,5,0,0
Randolph,Springvale,Republican Party Question 5 <br>Life Amendment Question,,REP,YES,1,0,0,1,0
Randolph,4th District,Republican Party Question 5 <br>Life Amendment Question,,REP,YES,0,0,0,0,0
Randolph,,Republican Party Question 5 <br>Life Amendment Question,,REP,NO,19,6,4,9,0
Randolph,Coleman,Republican Party Question 5 <br>Life Amendment Question,,REP,NO,3,3,0,0,0
Randolph,Shellman,Republican Party Question 5 <br>Life Amendment Question,,REP,NO,2,0,0,2,0
Randolph,Benevolence,Republican Party Question 5 <br>Life Amendment Question,,REP,NO,4,1,3,0,0
Randolph,Cuthbert/Courthouse,Republican Party Question 5 <br>Life Amendment Question,,REP,NO,7,1,0,6,0
Randolph,Cuthbert,Republican Party Question 5 <br>Life Amendment Question,,REP,NO,0,0,0,0,0
Randolph,Carnegie,Republican Party Question 5 <br>Life Amendment Question,,REP,NO,0,0,0,0,0
Randolph,Fountain Bridge-5th,Republican Party Question 5 <br>Life Amendment Question,,REP,NO,1,0,1,0,0
Randolph,Springvale,Republican Party Question 5 <br>Life Amendment Question,,REP,NO,2,1,0,1,0
Randolph,4th District,Republican Party Question 5 <br>Life Amendment Question,,REP,NO,0,0,0,0,0
Randolph,,Democratic Party Question 1<br>Should the Georgia Constitution be amended to allow the state to override locally-elected school boards’ decisions when it comes to the creation of charter schools in your county or city?,,DEM,YES,873,23,488,345,17
Randolph,Coleman,Democratic Party Question 1<br>Should the Georgia Constitution be amended to allow the state to override locally-elected school boards’ decisions when it comes to the creation of charter schools in your county or city?,,DEM,YES,54,0,32,17,5
Randolph,Shellman,Democratic Party Question 1<br>Should the Georgia Constitution be amended to allow the state to override locally-elected school boards’ decisions when it comes to the creation of charter schools in your county or city?,,DEM,YES,136,4,110,21,1
Randolph,Benevolence,Democratic Party Question 1<br>Should the Georgia Constitution be amended to allow the state to override locally-elected school boards’ decisions when it comes to the creation of charter schools in your county or city?,,DEM,YES,63,1,35,21,6
Randolph,Cuthbert/Courthouse,Democratic Party Question 1<br>Should the Georgia Constitution be amended to allow the state to override locally-elected school boards’ decisions when it comes to the creation of charter schools in your county or city?,,DEM,YES,330,9,128,193,0
Randolph,Cuthbert,Democratic Party Question 1<br>Should the Georgia Constitution be amended to allow the state to override locally-elected school boards’ decisions when it comes to the creation of charter schools in your county or city?,,DEM,YES,78,7,44,27,0
Randolph,Carnegie,Democratic Party Question 1<br>Should the Georgia Constitution be amended to allow the state to override locally-elected school boards’ decisions when it comes to the creation of charter schools in your county or city?,,DEM,YES,107,0,82,25,0
Randolph,Fountain Bridge-5th,Democratic Party Question 1<br>Should the Georgia Constitution be amended to allow the state to override locally-elected school boards’ decisions when it comes to the creation of charter schools in your county or city?,,DEM,YES,31,0,23,8,0
Randolph,Springvale,Democratic Party Question 1<br>Should the Georgia Constitution be amended to allow the state to override locally-elected school boards’ decisions when it comes to the creation of charter schools in your county or city?,,DEM,YES,58,1,26,27,4
Randolph,4th District,Democratic Party Question 1<br>Should the Georgia Constitution be amended to allow the state to override locally-elected school boards’ decisions when it comes to the creation of charter schools in your county or city?,,DEM,YES,16,1,8,6,1
Randolph,,Democratic Party Question 1<br>Should the Georgia Constitution be amended to allow the state to override locally-elected school boards’ decisions when it comes to the creation of charter schools in your county or city?,,DEM,NO,745,81,424,231,9
Randolph,Coleman,Democratic Party Question 1<br>Should the Georgia Constitution be amended to allow the state to override locally-elected school boards’ decisions when it comes to the creation of charter schools in your county or city?,,DEM,NO,49,9,34,5,1
Randolph,Shellman,Democratic Party Question 1<br>Should the Georgia Constitution be amended to allow the state to override locally-elected school boards’ decisions when it comes to the creation of charter schools in your county or city?,,DEM,NO,137,13,107,17,0
Randolph,Benevolence,Democratic Party Question 1<br>Should the Georgia Constitution be amended to allow the state to override locally-elected school boards’ decisions when it comes to the creation of charter schools in your county or city?,,DEM,NO,62,10,31,17,4
Randolph,Cuthbert/Courthouse,Democratic Party Question 1<br>Should the Georgia Constitution be amended to allow the state to override locally-elected school boards’ decisions when it comes to the creation of charter schools in your county or city?,,DEM,NO,269,22,115,131,1
Randolph,Cuthbert,Democratic Party Question 1<br>Should the Georgia Constitution be amended to allow the state to override locally-elected school boards’ decisions when it comes to the creation of charter schools in your county or city?,,DEM,NO,83,18,41,24,0
Randolph,Carnegie,Democratic Party Question 1<br>Should the Georgia Constitution be amended to allow the state to override locally-elected school boards’ decisions when it comes to the creation of charter schools in your county or city?,,DEM,NO,49,0,37,12,0
Randolph,Fountain Bridge-5th,Democratic Party Question 1<br>Should the Georgia Constitution be amended to allow the state to override locally-elected school boards’ decisions when it comes to the creation of charter schools in your county or city?,,DEM,NO,22,0,17,5,0
Randolph,Springvale,Democratic Party Question 1<br>Should the Georgia Constitution be amended to allow the state to override locally-elected school boards’ decisions when it comes to the creation of charter schools in your county or city?,,DEM,NO,44,5,25,14,0
Randolph,4th District,Democratic Party Question 1<br>Should the Georgia Constitution be amended to allow the state to override locally-elected school boards’ decisions when it comes to the creation of charter schools in your county or city?,,DEM,NO,30,4,17,6,3
Randolph,,Democratic Party Question 2<br>Do you support ending current practice permitting unlimited gifts from lobbyists to state legislators?,,DEM,YES,960,43,520,375,22
Randolph,Coleman,Democratic Party Question 2<br>Do you support ending current practice permitting unlimited gifts from lobbyists to state legislators?,,DEM,YES,62,0,44,13,5
Randolph,Shellman,Democratic Party Question 2<br>Do you support ending current practice permitting unlimited gifts from lobbyists to state legislators?,,DEM,YES,140,6,109,25,0
Randolph,Benevolence,Democratic Party Question 2<br>Do you support ending current practice permitting unlimited gifts from lobbyists to state legislators?,,DEM,YES,84,8,41,26,9
Randolph,Cuthbert/Courthouse,Democratic Party Question 2<br>Do you support ending current practice permitting unlimited gifts from lobbyists to state legislators?,,DEM,YES,351,14,128,208,1
Randolph,Cuthbert,Democratic Party Question 2<br>Do you support ending current practice permitting unlimited gifts from lobbyists to state legislators?,,DEM,YES,81,11,38,32,0
Randolph,Carnegie,Democratic Party Question 2<br>Do you support ending current practice permitting unlimited gifts from lobbyists to state legislators?,,DEM,YES,110,0,86,24,0
Randolph,Fountain Bridge-5th,Democratic Party Question 2<br>Do you support ending current practice permitting unlimited gifts from lobbyists to state legislators?,,DEM,YES,41,0,32,9,0
Randolph,Springvale,Democratic Party Question 2<br>Do you support ending current practice permitting unlimited gifts from lobbyists to state legislators?,,DEM,YES,59,2,26,28,3
Randolph,4th District,Democratic Party Question 2<br>Do you support ending current practice permitting unlimited gifts from lobbyists to state legislators?,,DEM,YES,32,2,16,10,4
Randolph,,Democratic Party Question 2<br>Do you support ending current practice permitting unlimited gifts from lobbyists to state legislators?,,DEM,NO,584,58,330,190,6
Randolph,Coleman,Democratic Party Question 2<br>Do you support ending current practice permitting unlimited gifts from lobbyists to state legislators?,,DEM,NO,35,9,18,7,1
Randolph,Shellman,Democratic Party Question 2<br>Do you support ending current practice permitting unlimited gifts from lobbyists to state legislators?,,DEM,NO,100,7,80,11,2
Randolph,Benevolence,Democratic Party Question 2<br>Do you support ending current practice permitting unlimited gifts from lobbyists to state legislators?,,DEM,NO,39,2,26,10,1
Randolph,Cuthbert/Courthouse,Democratic Party Question 2<br>Do you support ending current practice permitting unlimited gifts from lobbyists to state legislators?,,DEM,NO,234,17,103,114,0
Randolph,Cuthbert,Democratic Party Question 2<br>Do you support ending current practice permitting unlimited gifts from lobbyists to state legislators?,,DEM,NO,75,16,39,20,0
Randolph,Carnegie,Democratic Party Question 2<br>Do you support ending current practice permitting unlimited gifts from lobbyists to state legislators?,,DEM,NO,40,0,26,14,0
Randolph,Fountain Bridge-5th,Democratic Party Question 2<br>Do you support ending current practice permitting unlimited gifts from lobbyists to state legislators?,,DEM,NO,11,0,7,4,0
Randolph,Springvale,Democratic Party Question 2<br>Do you support ending current practice permitting unlimited gifts from lobbyists to state legislators?,,DEM,NO,39,5,24,8,2
Randolph,4th District,Democratic Party Question 2<br>Do you support ending current practice permitting unlimited gifts from lobbyists to state legislators?,,DEM,NO,11,2,7,2,0
Randolph,,Democratic Party Question 3<br>Should Georgia adopt an income tax credit for home energy costs to support the economic security of our families?,,DEM,YES,1206,87,661,438,20
Randolph,Coleman,Democratic Party Question 3<br>Should Georgia adopt an income tax credit for home energy costs to support the economic security of our families?,,DEM,YES,74,8,44,17,5
Randolph,Shellman,Democratic Party Question 3<br>Should Georgia adopt an income tax credit for home energy costs to support the economic security of our families?,,DEM,YES,199,14,154,30,1
Randolph,Benevolence,Democratic Party Question 3<br>Should Georgia adopt an income tax credit for home energy costs to support the economic security of our families?,,DEM,YES,98,10,51,29,8
Randolph,Cuthbert/Courthouse,Democratic Party Question 3<br>Should Georgia adopt an income tax credit for home energy costs to support the economic security of our families?,,DEM,YES,467,29,187,251,0
Randolph,Cuthbert,Democratic Party Question 3<br>Should Georgia adopt an income tax credit for home energy costs to support the economic security of our families?,,DEM,YES,128,17,66,45,0
Randolph,Carnegie,Democratic Party Question 3<br>Should Georgia adopt an income tax credit for home energy costs to support the economic security of our families?,,DEM,YES,98,0,80,18,0
Randolph,Fountain Bridge-5th,Democratic Party Question 3<br>Should Georgia adopt an income tax credit for home energy costs to support the economic security of our families?,,DEM,YES,33,0,25,8,0
Randolph,Springvale,Democratic Party Question 3<br>Should Georgia adopt an income tax credit for home energy costs to support the economic security of our families?,,DEM,YES,79,6,39,30,4
Randolph,4th District,Democratic Party Question 3<br>Should Georgia adopt an income tax credit for home energy costs to support the economic security of our families?,,DEM,YES,30,3,15,10,2
Randolph,,Democratic Party Question 3<br>Should Georgia adopt an income tax credit for home energy costs to support the economic security of our families?,,DEM,NO,406,18,239,141,8
Randolph,Coleman,Democratic Party Question 3<br>Should Georgia adopt an income tax credit for home energy costs to support the economic security of our families?,,DEM,NO,27,1,20,5,1
Randolph,Shellman,Democratic Party Question 3<br>Should Georgia adopt an income tax credit for home energy costs to support the economic security of our families?,,DEM,NO,60,1,50,8,1
Randolph,Benevolence,Democratic Party Question 3<br>Should Georgia adopt an income tax credit for home energy costs to support the economic security of our families?,,DEM,NO,31,1,20,8,2
Randolph,Cuthbert/Courthouse,Democratic Party Question 3<br>Should Georgia adopt an income tax credit for home energy costs to support the economic security of our families?,,DEM,NO,141,2,65,73,1
Randolph,Cuthbert,Democratic Party Question 3<br>Should Georgia adopt an income tax credit for home energy costs to support the economic security of our families?,,DEM,NO,34,10,17,7,0
Randolph,Carnegie,Democratic Party Question 3<br>Should Georgia adopt an income tax credit for home energy costs to support the economic security of our families?,,DEM,NO,54,0,34,20,0
Randolph,Fountain Bridge-5th,Democratic Party Question 3<br>Should Georgia adopt an income tax credit for home energy costs to support the economic security of our families?,,DEM,NO,18,0,12,6,0
Randolph,Springvale,Democratic Party Question 3<br>Should Georgia adopt an income tax credit for home energy costs to support the economic security of our families?,,DEM,NO,25,1,11,12,1
Randolph,4th District,Democratic Party Question 3<br>Should Georgia adopt an income tax credit for home energy costs to support the economic security of our families?,,DEM,NO,16,2,10,2,2
Randolph,,Democratic Party Question 4 <br>Should Georgia reduce sales taxes on Made in Georgia products so as to support the growth of small businesses in our state?,,DEM,YES,1423,93,786,525,19
Randolph,Coleman,Democratic Party Question 4 <br>Should Georgia reduce sales taxes on Made in Georgia products so as to support the growth of small businesses in our state?,,DEM,YES,91,9,59,18,5
Randolph,Shellman,Democratic Party Question 4 <br>Should Georgia reduce sales taxes on Made in Georgia products so as to support the growth of small businesses in our state?,,DEM,YES,229,13,178,38,0
Randolph,Benevolence,Democratic Party Question 4 <br>Should Georgia reduce sales taxes on Made in Georgia products so as to support the growth of small businesses in our state?,,DEM,YES,117,10,62,37,8
Randolph,Cuthbert/Courthouse,Democratic Party Question 4 <br>Should Georgia reduce sales taxes on Made in Georgia products so as to support the growth of small businesses in our state?,,DEM,YES,540,31,215,293,1
Randolph,Cuthbert,Democratic Party Question 4 <br>Should Georgia reduce sales taxes on Made in Georgia products so as to support the growth of small businesses in our state?,,DEM,YES,135,23,67,45,0
Randolph,Carnegie,Democratic Party Question 4 <br>Should Georgia reduce sales taxes on Made in Georgia products so as to support the growth of small businesses in our state?,,DEM,YES,139,0,106,33,0
Randolph,Fountain Bridge-5th,Democratic Party Question 4 <br>Should Georgia reduce sales taxes on Made in Georgia products so as to support the growth of small businesses in our state?,,DEM,YES,46,0,33,13,0
Randolph,Springvale,Democratic Party Question 4 <br>Should Georgia reduce sales taxes on Made in Georgia products so as to support the growth of small businesses in our state?,,DEM,YES,91,5,45,37,4
Randolph,4th District,Democratic Party Question 4 <br>Should Georgia reduce sales taxes on Made in Georgia products so as to support the growth of small businesses in our state?,,DEM,YES,35,2,21,11,1
Randolph,,Democratic Party Question 4 <br>Should Georgia reduce sales taxes on Made in Georgia products so as to support the growth of small businesses in our state?,,DEM,NO,210,9,137,58,6
Randolph,Coleman,Democratic Party Question 4 <br>Should Georgia reduce sales taxes on Made in Georgia products so as to support the growth of small businesses in our state?,,DEM,NO,9,0,6,2,1
Randolph,Shellman,Democratic Party Question 4 <br>Should Georgia reduce sales taxes on Made in Georgia products so as to support the growth of small businesses in our state?,,DEM,NO,42,1,39,1,1
Randolph,Benevolence,Democratic Party Question 4 <br>Should Georgia reduce sales taxes on Made in Georgia products so as to support the growth of small businesses in our state?,,DEM,NO,14,1,8,4,1
Randolph,Cuthbert/Courthouse,Democratic Party Question 4 <br>Should Georgia reduce sales taxes on Made in Georgia products so as to support the growth of small businesses in our state?,,DEM,NO,70,0,35,35,0
Randolph,Cuthbert,Democratic Party Question 4 <br>Should Georgia reduce sales taxes on Made in Georgia products so as to support the growth of small businesses in our state?,,DEM,NO,29,4,19,6,0
Randolph,Carnegie,Democratic Party Question 4 <br>Should Georgia reduce sales taxes on Made in Georgia products so as to support the growth of small businesses in our state?,,DEM,NO,18,0,14,4,0
Randolph,Fountain Bridge-5th,Democratic Party Question 4 <br>Should Georgia reduce sales taxes on Made in Georgia products so as to support the growth of small businesses in our state?,,DEM,NO,5,0,5,0,0
Randolph,Springvale,Democratic Party Question 4 <br>Should Georgia reduce sales taxes on Made in Georgia products so as to support the growth of small businesses in our state?,,DEM,NO,15,2,7,5,1
Randolph,4th District,Democratic Party Question 4 <br>Should Georgia reduce sales taxes on Made in Georgia products so as to support the growth of small businesses in our state?,,DEM,NO,8,1,4,1,2
Randolph,,Supreme Court Justice, Hunstein,,CAROL W. HUNSTEIN,1197,76,681,423,17
Randolph,Coleman,Supreme Court Justice, Hunstein,,CAROL W. HUNSTEIN,67,3,42,17,5
Randolph,Shellman,Supreme Court Justice, Hunstein,,CAROL W. HUNSTEIN,198,13,160,24,1
Randolph,Benevolence,Supreme Court Justice, Hunstein,,CAROL W. HUNSTEIN,93,7,58,22,6
Randolph,Cuthbert/Courthouse,Supreme Court Justice, Hunstein,,CAROL W. HUNSTEIN,470,25,198,246,1
Randolph,Cuthbert,Supreme Court Justice, Hunstein,,CAROL W. HUNSTEIN,123,18,62,43,0
Randolph,Carnegie,Supreme Court Justice, Hunstein,,CAROL W. HUNSTEIN,106,2,80,24,0
Randolph,Fountain Bridge-5th,Supreme Court Justice, Hunstein,,CAROL W. HUNSTEIN,38,0,31,7,0
Randolph,Springvale,Supreme Court Justice, Hunstein,,CAROL W. HUNSTEIN,76,6,37,31,2
Randolph,4th District,Supreme Court Justice, Hunstein,,CAROL W. HUNSTEIN,26,2,13,9,2
Randolph,,Supreme Court Justice, Hunstein,,Write-in,2,0,2,0,0
Randolph,Coleman,Supreme Court Justice, Hunstein,,Write-in,0,0,0,0,0
Randolph,Shellman,Supreme Court Justice, Hunstein,,Write-in,2,0,2,0,0
Randolph,Benevolence,Supreme Court Justice, Hunstein,,Write-in,0,0,0,0,0
Randolph,Cuthbert/Courthouse,Supreme Court Justice, Hunstein,,Write-in,0,0,0,0,0
Randolph,Cuthbert,Supreme Court Justice, Hunstein,,Write-in,0,0,0,0,0
Randolph,Carnegie,Supreme Court Justice, Hunstein,,Write-in,0,0,0,0,0
Randolph,Fountain Bridge-5th,Supreme Court Justice, Hunstein,,Write-in,0,0,0,0,0
Randolph,Springvale,Supreme Court Justice, Hunstein,,Write-in,0,0,0,0,0
Randolph,4th District,Supreme Court Justice, Hunstein,,Write-in,0,0,0,0,0
Randolph,,Supreme Court Justice, Melton,,HAROLD D. MELTON ,1170,76,658,422,14
Randolph,Coleman,Supreme Court Justice, Melton,,HAROLD D. MELTON ,66,3,44,15,4
Randolph,Shellman,Supreme Court Justice, Melton,,HAROLD D. MELTON ,186,13,147,25,1
Randolph,Benevolence,Supreme Court Justice, Melton,,HAROLD D. MELTON ,89,7,54,22,6
Randolph,Cuthbert/Courthouse,Supreme Court Justice, Melton,,HAROLD D. MELTON ,467,25,194,247,1
Randolph,Cuthbert,Supreme Court Justice, Melton,,HAROLD D. MELTON ,117,18,58,41,0
Randolph,Carnegie,Supreme Court Justice, Melton,,HAROLD D. MELTON ,108,2,81,25,0
Randolph,Fountain Bridge-5th,Supreme Court Justice, Melton,,HAROLD D. MELTON ,38,0,31,7,0
Randolph,Springvale,Supreme Court Justice, Melton,,HAROLD D. MELTON ,73,6,36,31,0
Randolph,4th District,Supreme Court Justice, Melton,,HAROLD D. MELTON ,26,2,13,9,2
Randolph,,Supreme Court Justice, Melton,,Write-in,1,0,0,0,1
Randolph,Coleman,Supreme Court Justice, Melton,,Write-in,0,0,0,0,0
Randolph,Shellman,Supreme Court Justice, Melton,,Write-in,0,0,0,0,0
Randolph,Benevolence,Supreme Court Justice, Melton,,Write-in,0,0,0,0,0
Randolph,Cuthbert/Courthouse,Supreme Court Justice, Melton,,Write-in,0,0,0,0,0
Randolph,Cuthbert,Supreme Court Justice, Melton,,Write-in,0,0,0,0,0
Randolph,Carnegie,Supreme Court Justice, Melton,,Write-in,0,0,0,0,0
Randolph,Fountain Bridge-5th,Supreme Court Justice, Melton,,Write-in,0,0,0,0,0
Randolph,Springvale,Supreme Court Justice, Melton,,Write-in,1,0,0,0,1
Randolph,4th District,Supreme Court Justice, Melton,,Write-in,0,0,0,0,0
Randolph,,Supreme Court Justice, Thompson,,HUGH P. THOMPSON ,1194,78,674,426,16
Randolph,Coleman,Supreme Court Justice, Thompson,,HUGH P. THOMPSON ,70,3,47,15,5
Randolph,Shellman,Supreme Court Justice, Thompson,,HUGH P. THOMPSON ,193,13,154,25,1
Randolph,Benevolence,Supreme Court Justice, Thompson,,HUGH P. THOMPSON ,90,6,54,24,6
Randolph,Cuthbert/Courthouse,Supreme Court Justice, Thompson,,HUGH P. THOMPSON ,474,26,198,249,1
Randolph,Cuthbert,Supreme Court Justice, Thompson,,HUGH P. THOMPSON ,120,19,58,43,0
Randolph,Carnegie,Supreme Court Justice, Thompson,,HUGH P. THOMPSON ,106,2,80,24,0
Randolph,Fountain Bridge-5th,Supreme Court Justice, Thompson,,HUGH P. THOMPSON ,40,0,33,7,0
Randolph,Springvale,Supreme Court Justice, Thompson,,HUGH P. THOMPSON ,75,7,37,30,1
Randolph,4th District,Supreme Court Justice, Thompson,,HUGH P. THOMPSON ,26,2,13,9,2
Randolph,,Supreme Court Justice, Thompson,,Write-in,0,0,0,0,0
Randolph,Coleman,Supreme Court Justice, Thompson,,Write-in,0,0,0,0,0
Randolph,Shellman,Supreme Court Justice, Thompson,,Write-in,0,0,0,0,0
Randolph,Benevolence,Supreme Court Justice, Thompson,,Write-in,0,0,0,0,0
Randolph,Cuthbert/Courthouse,Supreme Court Justice, Thompson,,Write-in,0,0,0,0,0
Randolph,Cuthbert,Supreme Court Justice, Thompson,,Write-in,0,0,0,0,0
Randolph,Carnegie,Supreme Court Justice, Thompson,,Write-in,0,0,0,0,0
Randolph,Fountain Bridge-5th,Supreme Court Justice, Thompson,,Write-in,0,0,0,0,0
Randolph,Springvale,Supreme Court Justice, Thompson,,Write-in,0,0,0,0,0
Randolph,4th District,Supreme Court Justice, Thompson,,Write-in,0,0,0,0,0
Randolph,,Appeals Court Judge, Boggs,,MICHAEL P. BOGGS ,1135,73,640,407,15
Randolph,Coleman,Appeals Court Judge, Boggs,,MICHAEL P. BOGGS ,69,3,46,16,4
Randolph,Shellman,Appeals Court Judge, Boggs,,MICHAEL P. BOGGS ,184,12,147,24,1
Randolph,Benevolence,Appeals Court Judge, Boggs,,MICHAEL P. BOGGS ,86,7,51,22,6
Randolph,Cuthbert/Courthouse,Appeals Court Judge, Boggs,,MICHAEL P. BOGGS ,446,25,184,236,1
Randolph,Cuthbert,Appeals Court Judge, Boggs,,MICHAEL P. BOGGS ,117,17,61,39,0
Randolph,Carnegie,Appeals Court Judge, Boggs,,MICHAEL P. BOGGS ,99,1,73,25,0
Randolph,Fountain Bridge-5th,Appeals Court Judge, Boggs,,MICHAEL P. BOGGS ,38,0,31,7,0
Randolph,Springvale,Appeals Court Judge, Boggs,,MICHAEL P. BOGGS ,72,6,35,30,1
Randolph,4th District,Appeals Court Judge, Boggs,,MICHAEL P. BOGGS ,24,2,12,8,2
Randolph,,Appeals Court Judge, Boggs,,Write-in,2,2,0,0,0
Randolph,Coleman,Appeals Court Judge, Boggs,,Write-in,0,0,0,0,0
Randolph,Shellman,Appeals Court Judge, Boggs,,Write-in,1,1,0,0,0
Randolph,Benevolence,Appeals Court Judge, Boggs,,Write-in,0,0,0,0,0
Randolph,Cuthbert/Courthouse,Appeals Court Judge, Boggs,,Write-in,1,1,0,0,0
Randolph,Cuthbert,Appeals Court Judge, Boggs,,Write-in,0,0,0,0,0
Randolph,Carnegie,Appeals Court Judge, Boggs,,Write-in,0,0,0,0,0
Randolph,Fountain Bridge-5th,Appeals Court Judge, Boggs,,Write-in,0,0,0,0,0
Randolph,Springvale,Appeals Court Judge, Boggs,,Write-in,0,0,0,0,0
Randolph,4th District,Appeals Court Judge, Boggs,,Write-in,0,0,0,0,0
Randolph,,Appeals Court Judge, Dillard,,STEPHEN DILLARD ,1140,72,641,411,16
Randolph,Coleman,Appeals Court Judge, Dillard,,STEPHEN DILLARD ,69,3,47,14,5
Randolph,Shellman,Appeals Court Judge, Dillard,,STEPHEN DILLARD ,186,13,147,25,1
Randolph,Benevolence,Appeals Court Judge, Dillard,,STEPHEN DILLARD ,87,6,52,23,6
Randolph,Cuthbert/Courthouse,Appeals Court Judge, Dillard,,STEPHEN DILLARD ,448,25,184,238,1
Randolph,Cuthbert,Appeals Court Judge, Dillard,,STEPHEN DILLARD ,114,15,59,40,0
Randolph,Carnegie,Appeals Court Judge, Dillard,,STEPHEN DILLARD ,100,2,73,25,0
Randolph,Fountain Bridge-5th,Appeals Court Judge, Dillard,,STEPHEN DILLARD ,38,0,31,7,0
Randolph,Springvale,Appeals Court Judge, Dillard,,STEPHEN DILLARD ,73,6,35,31,1
Randolph,4th District,Appeals Court Judge, Dillard,,STEPHEN DILLARD ,25,2,13,8,2
Randolph,,Appeals Court Judge, Dillard,,Write-in,0,0,0,0,0
Randolph,Coleman,Appeals Court Judge, Dillard,,Write-in,0,0,0,0,0
Randolph,Shellman,Appeals Court Judge, Dillard,,Write-in,0,0,0,0,0
Randolph,Benevolence,Appeals Court Judge, Dillard,,Write-in,0,0,0,0,0
Randolph,Cuthbert/Courthouse,Appeals Court Judge, Dillard,,Write-in,0,0,0,0,0
Randolph,Cuthbert,Appeals Court Judge, Dillard,,Write-in,0,0,0,0,0
Randolph,Carnegie,Appeals Court Judge, Dillard,,Write-in,0,0,0,0,0
Randolph,Fountain Bridge-5th,Appeals Court Judge, Dillard,,Write-in,0,0,0,0,0
Randolph,Springvale,Appeals Court Judge, Dillard,,Write-in,0,0,0,0,0
Randolph,4th District,Appeals Court Judge, Dillard,,Write-in,0,0,0,0,0
Randolph,,Appeals Court Judge, Ellington,,JOHN J. ELLINGTON,1136,73,642,405,16
Randolph,Coleman,Appeals Court Judge, Ellington,,JOHN J. ELLINGTON,68,4,45,15,4
Randolph,Shellman,Appeals Court Judge, Ellington,,JOHN J. ELLINGTON,186,13,148,24,1
Randolph,Benevolence,Appeals Court Judge, Ellington,,JOHN J. ELLINGTON,86,6,51,23,6
Randolph,Cuthbert/Courthouse,Appeals Court Judge, Ellington,,JOHN J. ELLINGTON,449,24,189,235,1
Randolph,Cuthbert,Appeals Court Judge, Ellington,,JOHN J. ELLINGTON,113,16,59,38,0
Randolph,Carnegie,Appeals Court Judge, Ellington,,JOHN J. ELLINGTON,101,2,74,25,0
Randolph,Fountain Bridge-5th,Appeals Court Judge, Ellington,,JOHN J. ELLINGTON,36,0,29,7,0
Randolph,Springvale,Appeals Court Judge, Ellington,,JOHN J. ELLINGTON,73,6,35,30,2
Randolph,4th District,Appeals Court Judge, Ellington,,JOHN J. ELLINGTON,24,2,12,8,2
Randolph,,Appeals Court Judge, Ellington,,Write-in,1,0,1,0,0
Randolph,Coleman,Appeals Court Judge, Ellington,,Write-in,0,0,0,0,0
Randolph,Shellman,Appeals Court Judge, Ellington,,Write-in,1,0,1,0,0
Randolph,Benevolence,Appeals Court Judge, Ellington,,Write-in,0,0,0,0,0
Randolph,Cuthbert/Courthouse,Appeals Court Judge, Ellington,,Write-in,0,0,0,0,0
Randolph,Cuthbert,Appeals Court Judge, Ellington,,Write-in,0,0,0,0,0
Randolph,Carnegie,Appeals Court Judge, Ellington,,Write-in,0,0,0,0,0
Randolph,Fountain Bridge-5th,Appeals Court Judge, Ellington,,Write-in,0,0,0,0,0
Randolph,Springvale,Appeals Court Judge, Ellington,,Write-in,0,0,0,0,0
Randolph,4th District,Appeals Court Judge, Ellington,,Write-in,0,0,0,0,0
Randolph,,Appeals Court Judge, Miller,,M. YVETTE MILLER ,1134,75,642,399,18
Randolph,Coleman,Appeals Court Judge, Miller,,M. YVETTE MILLER ,68,4,44,15,5
Randolph,Shellman,Appeals Court Judge, Miller,,M. YVETTE MILLER ,188,13,150,24,1
Randolph,Benevolence,Appeals Court Judge, Miller,,M. YVETTE MILLER ,85,7,52,20,6
Randolph,Cuthbert/Courthouse,Appeals Court Judge, Miller,,M. YVETTE MILLER ,443,25,185,232,1
Randolph,Cuthbert,Appeals Court Judge, Miller,,M. YVETTE MILLER ,116,16,62,38,0
Randolph,Carnegie,Appeals Court Judge, Miller,,M. YVETTE MILLER ,99,2,72,25,0
Randolph,Fountain Bridge-5th,Appeals Court Judge, Miller,,M. YVETTE MILLER ,34,0,27,7,0
Randolph,Springvale,Appeals Court Judge, Miller,,M. YVETTE MILLER ,77,6,38,30,3
Randolph,4th District,Appeals Court Judge, Miller,,M. YVETTE MILLER ,24,2,12,8,2
Randolph,,Appeals Court Judge, Miller,,Write-in,0,0,0,0,0
Randolph,Coleman,Appeals Court Judge, Miller,,Write-in,0,0,0,0,0
Randolph,Shellman,Appeals Court Judge, Miller,,Write-in,0,0,0,0,0
Randolph,Benevolence,Appeals Court Judge, Miller,,Write-in,0,0,0,0,0
Randolph,Cuthbert/Courthouse,Appeals Court Judge, Miller,,Write-in,0,0,0,0,0
Randolph,Cuthbert,Appeals Court Judge, Miller,,Write-in,0,0,0,0,0
Randolph,Carnegie,Appeals Court Judge, Miller,,Write-in,0,0,0,0,0
Randolph,Fountain Bridge-5th,Appeals Court Judge, Miller,,Write-in,0,0,0,0,0
Randolph,Springvale,Appeals Court Judge, Miller,,Write-in,0,0,0,0,0
Randolph,4th District,Appeals Court Judge, Miller,,Write-in,0,0,0,0,0
Randolph,,Appeals Court Judge, Phipps,,HERBERT PHIPPS ,1148,76,643,412,17
Randolph,Coleman,Appeals Court Judge, Phipps,,HERBERT PHIPPS ,66,4,44,13,5
Randolph,Shellman,Appeals Court Judge, Phipps,,HERBERT PHIPPS ,189,13,149,26,1
Randolph,Benevolence,Appeals Court Judge, Phipps,,HERBERT PHIPPS ,87,9,50,22,6
Randolph,Cuthbert/Courthouse,Appeals Court Judge, Phipps,,HERBERT PHIPPS ,454,24,190,239,1
Randolph,Cuthbert,Appeals Court Judge, Phipps,,HERBERT PHIPPS ,119,16,61,42,0
Randolph,Carnegie,Appeals Court Judge, Phipps,,HERBERT PHIPPS ,101,2,74,25,0
Randolph,Fountain Bridge-5th,Appeals Court Judge, Phipps,,HERBERT PHIPPS ,34,0,27,7,0
Randolph,Springvale,Appeals Court Judge, Phipps,,HERBERT PHIPPS ,74,6,36,30,2
Randolph,4th District,Appeals Court Judge, Phipps,,HERBERT PHIPPS ,24,2,12,8,2
Randolph,,Appeals Court Judge, Phipps,,Write-in,0,0,0,0,0
Randolph,Coleman,Appeals Court Judge, Phipps,,Write-in,0,0,0,0,0
Randolph,Shellman,Appeals Court Judge, Phipps,,Write-in,0,0,0,0,0
Randolph,Benevolence,Appeals Court Judge, Phipps,,Write-in,0,0,0,0,0
Randolph,Cuthbert/Courthouse,Appeals Court Judge, Phipps,,Write-in,0,0,0,0,0
Randolph,Cuthbert,Appeals Court Judge, Phipps,,Write-in,0,0,0,0,0
Randolph,Carnegie,Appeals Court Judge, Phipps,,Write-in,0,0,0,0,0
Randolph,Fountain Bridge-5th,Appeals Court Judge, Phipps,,Write-in,0,0,0,0,0
Randolph,Springvale,Appeals Court Judge, Phipps,,Write-in,0,0,0,0,0
Randolph,4th District,Appeals Court Judge, Phipps,,Write-in,0,0,0,0,0
Randolph,,Superior Court Judge, Pataula Circuit (Lane),,RONNIE JOE LANE ,1267,85,710,452,20
Randolph,Coleman,Superior Court Judge, Pataula Circuit (Lane),,RONNIE JOE LANE ,77,6,49,16,6
Randolph,Shellman,Superior Court Judge, Pataula Circuit (Lane),,RONNIE JOE LANE ,207,14,162,30,1
Randolph,Benevolence,Superior Court Judge, Pataula Circuit (Lane),,RONNIE JOE LANE ,105,8,64,27,6
Randolph,Cuthbert/Courthouse,Superior Court Judge, Pataula Circuit (Lane),,RONNIE JOE LANE ,488,27,199,261,1
Randolph,Cuthbert,Superior Court Judge, Pataula Circuit (Lane),,RONNIE JOE LANE ,118,18,61,39,0
Randolph,Carnegie,Superior Court Judge, Pataula Circuit (Lane),,RONNIE JOE LANE ,115,2,87,26,0
Randolph,Fountain Bridge-5th,Superior Court Judge, Pataula Circuit (Lane),,RONNIE JOE LANE ,39,0,32,7,0
Randolph,Springvale,Superior Court Judge, Pataula Circuit (Lane),,RONNIE JOE LANE ,87,7,41,35,4
Randolph,4th District,Superior Court Judge, Pataula Circuit (Lane),,RONNIE JOE LANE ,31,3,15,11,2
Randolph,,Superior Court Judge, Pataula Circuit (Lane),,Write-in,1,0,0,1,0
Randolph,Coleman,Superior Court Judge, Pataula Circuit (Lane),,Write-in,0,0,0,0,0
Randolph,Shellman,Superior Court Judge, Pataula Circuit (Lane),,Write-in,0,0,0,0,0
Randolph,Benevolence,Superior Court Judge, Pataula Circuit (Lane),,Write-in,0,0,0,0,0
Randolph,Cuthbert/Courthouse,Superior Court Judge, Pataula Circuit (Lane),,Write-in,1,0,0,1,0
Randolph,Cuthbert,Superior Court Judge, Pataula Circuit (Lane),,Write-in,0,0,0,0,0
Randolph,Carnegie,Superior Court Judge, Pataula Circuit (Lane),,Write-in,0,0,0,0,0
Randolph,Fountain Bridge-5th,Superior Court Judge, Pataula Circuit (Lane),,Write-in,0,0,0,0,0
Randolph,Springvale,Superior Court Judge, Pataula Circuit (Lane),,Write-in,0,0,0,0,0
Randolph,4th District,Superior Court Judge, Pataula Circuit (Lane),,Write-in,0,0,0,0,0
Randolph,,JUDGE, PROBATE COURT,,LINDA E. JACKSON ,1558,102,865,569,22
Randolph,Coleman,JUDGE, PROBATE COURT,,LINDA E. JACKSON ,94,6,64,18,6
Randolph,Shellman,JUDGE, PROBATE COURT,,LINDA E. JACKSON ,254,15,201,37,1
Randolph,Benevolence,JUDGE, PROBATE COURT,,LINDA E. JACKSON ,132,11,78,36,7
Randolph,Cuthbert/Courthouse,JUDGE, PROBATE COURT,,LINDA E. JACKSON ,595,32,233,329,1
Randolph,Cuthbert,JUDGE, PROBATE COURT,,LINDA E. JACKSON ,157,23,78,56,0
Randolph,Carnegie,JUDGE, PROBATE COURT,,LINDA E. JACKSON ,137,2,103,32,0
Randolph,Fountain Bridge-5th,JUDGE, PROBATE COURT,,LINDA E. JACKSON ,51,0,41,10,0
Randolph,Springvale,JUDGE, PROBATE COURT,,LINDA E. JACKSON ,100,9,48,40,3
Randolph,4th District,JUDGE, PROBATE COURT,,LINDA E. JACKSON ,38,4,19,11,4
Randolph,,JUDGE, PROBATE COURT,,Write-in,0,0,0,0,0
Randolph,Coleman,JUDGE, PROBATE COURT,,Write-in,0,0,0,0,0
Randolph,Shellman,JUDGE, PROBATE COURT,,Write-in,0,0,0,0,0
Randolph,Benevolence,JUDGE, PROBATE COURT,,Write-in,0,0,0,0,0
Randolph,Cuthbert/Courthouse,JUDGE, PROBATE COURT,,Write-in,0,0,0,0,0
Randolph,Cuthbert,JUDGE, PROBATE COURT,,Write-in,0,0,0,0,0
Randolph,Carnegie,JUDGE, PROBATE COURT,,Write-in,0,0,0,0,0
Randolph,Fountain Bridge-5th,JUDGE, PROBATE COURT,,Write-in,0,0,0,0,0
Randolph,Springvale,JUDGE, PROBATE COURT,,Write-in,0,0,0,0,0
Randolph,4th District,JUDGE, PROBATE COURT,,Write-in,0,0,0,0,0
Randolph,,BOE, D2,,"ELIJAH ""BUSSEY""HODGE",115,9,60,42,4
Randolph,Shellman,BOE, D2,,"ELIJAH ""BUSSEY""HODGE",9,0,6,1,2
Randolph,Benevolence,BOE, D2,,"ELIJAH ""BUSSEY""HODGE",51,9,30,10,2
Randolph,Cuthbert/Courthouse,BOE, D2,,"ELIJAH ""BUSSEY""HODGE",55,0,24,31,0
Randolph,Springvale,BOE, D2,,"ELIJAH ""BUSSEY""HODGE",0,0,0,0,0
Randolph,,BOE, D2,,DYMPLE MCDONALD ,315,10,115,183,7
Randolph,Shellman,BOE, D2,,DYMPLE MCDONALD ,29,1,21,7,0
Randolph,Benevolence,BOE, D2,,DYMPLE MCDONALD ,91,2,52,30,7
Randolph,Cuthbert/Courthouse,BOE, D2,,DYMPLE MCDONALD ,189,6,42,141,0
Randolph,Springvale,BOE, D2,,DYMPLE MCDONALD ,6,1,0,5,0
Randolph,,BOE, D2,,Write-in,1,0,0,1,0
Randolph,Shellman,BOE, D2,,Write-in,0,0,0,0,0
Randolph,Benevolence,BOE, D2,,Write-in,1,0,0,1,0
Randolph,Cuthbert/Courthouse,BOE, D2,,Write-in,0,0,0,0,0
Randolph,Springvale,BOE, D2,,Write-in,0,0,0,0,0
Randolph,,BOE, D3,,RODNEY BURKS,218,17,140,61,0
Randolph,Cuthbert/Courthouse,BOE, D3,,RODNEY BURKS,95,0,56,39,0
Randolph,Cuthbert,BOE, D3,,RODNEY BURKS,123,17,84,22,0
Randolph,,BOE, D3,,Write-in,0,0,0,0,0
Randolph,Cuthbert/Courthouse,BOE, D3,,Write-in,0,0,0,0,0
Randolph,Cuthbert,BOE, D3,,Write-in,0,0,0,0,0
Randolph,,BOE, D4,,WILLIE FLOYD GIBSON,113,13,68,29,3
Randolph,Coleman,BOE, D4,,WILLIE FLOYD GIBSON,45,9,27,6,3
Randolph,Shellman,BOE, D4,,WILLIE FLOYD GIBSON,24,3,18,3,0
Randolph,Cuthbert/Courthouse,BOE, D4,,WILLIE FLOYD GIBSON,17,0,8,9,0
Randolph,Cuthbert,BOE, D4,,WILLIE FLOYD GIBSON,1,0,0,1,0
Randolph,Carnegie,BOE, D4,,WILLIE FLOYD GIBSON,9,0,6,3,0
Randolph,Fountain Bridge-5th,BOE, D4,,WILLIE FLOYD GIBSON,10,0,8,2,0
Randolph,Springvale,BOE, D4,,WILLIE FLOYD GIBSON,1,0,0,1,0
Randolph,4th District,BOE, D4,,WILLIE FLOYD GIBSON,6,1,1,4,0
Randolph,,BOE, D4,,DON SMITH ,398,15,257,119,7
Randolph,Coleman,BOE, D4,,DON SMITH ,62,3,40,16,3
Randolph,Shellman,BOE, D4,,DON SMITH ,34,1,19,14,0
Randolph,Cuthbert/Courthouse,BOE, D4,,DON SMITH ,64,4,21,39,0
Randolph,Cuthbert,BOE, D4,,DON SMITH ,4,0,0,4,0
Randolph,Carnegie,BOE, D4,,DON SMITH ,156,2,122,32,0
Randolph,Fountain Bridge-5th,BOE, D4,,DON SMITH ,38,0,32,6,0
Randolph,Springvale,BOE, D4,,DON SMITH ,2,1,0,1,0
Randolph,4th District,BOE, D4,,DON SMITH ,38,4,23,7,4
Randolph,,BOE, D4,,Write-in,0,0,0,0,0
Randolph,Coleman,BOE, D4,,Write-in,0,0,0,0,0
Randolph,Shellman,BOE, D4,,Write-in,0,0,0,0,0
Randolph,Cuthbert/Courthouse,BOE, D4,,Write-in,0,0,0,0,0
Randolph,Cuthbert,BOE, D4,,Write-in,0,0,0,0,0
Randolph,Carnegie,BOE, D4,,Write-in,0,0,0,0,0
Randolph,Fountain Bridge-5th,BOE, D4,,Write-in,0,0,0,0,0
Randolph,Springvale,BOE, D4,,Write-in,0,0,0,0,0
Randolph,4th District,BOE, D4,,Write-in,0,0,0,0,0
Randolph,,TSPLOST,,,YES,1058,59,590,394,15
Randolph,Coleman,TSPLOST,,,YES,58,0,35,18,5
Randolph,Shellman,TSPLOST,,,YES,181,9,140,31,1
Randolph,Benevolence,TSPLOST,,,YES,67,4,40,17,6
Randolph,Cuthbert/Courthouse,TSPLOST,,,YES,417,21,169,227,0
Randolph,Cuthbert,TSPLOST,,,YES,120,20,62,38,0
Randolph,Carnegie,TSPLOST,,,YES,88,0,71,17,0
Randolph,Fountain Bridge-5th,TSPLOST,,,YES,31,0,22,9,0
Randolph,Springvale,TSPLOST,,,YES,74,4,36,32,2
Randolph,4th District,TSPLOST,,,YES,22,1,15,5,1
Randolph,,TSPLOST,,,NO,670,61,385,215,9
Randolph,Coleman,TSPLOST,,,NO,51,12,33,5,1
Randolph,Shellman,TSPLOST,,,NO,107,9,84,14,0
Randolph,Benevolence,TSPLOST,,,NO,80,8,47,22,3
Randolph,Cuthbert/Courthouse,TSPLOST,,,NO,223,12,93,117,1
Randolph,Cuthbert,TSPLOST,,,NO,48,9,26,13,0
Randolph,Carnegie,TSPLOST,,,NO,76,2,55,19,0
Randolph,Fountain Bridge-5th,TSPLOST,,,NO,25,0,21,4,0
Randolph,Springvale,TSPLOST,,,NO,39,5,16,15,3
Randolph,4th District,TSPLOST,,,NO,21,4,10,6,1
