county,precinct,office,district,party,candidate,votes,absentee_by_mail,election_day,advance_in_person,provisional
Cook,,"Public Service Commission, District 3",3,REP,CHUCK EATON (I),1671,47,1046,578,0
Cook,Cecil,"Public Service Commission, District 3",3,REP,CHUCK EATON (I),153,5,99,49,0
Cook,Delle Beamguard,"Public Service Commission, District 3",3,REP,CHUCK EATON (I),463,13,258,192,0
Cook,Elm Pine,"Public Service Commission, District 3",3,REP,CHUCK EATON (I),19,0,14,5,0
Cook,Lenox,"Public Service Commission, District 3",3,REP,CHUCK EATON (I),243,1,192,50,0
Cook,Massee,"Public Service Commission, District 3",3,REP,CHUCK EATON (I),166,3,105,58,0
Cook,New Life Bapt. Church,"Public Service Commission, District 3",3,REP,CHUCK EATON (I),256,4,170,82,0
Cook,Riverbend,"Public Service Commission, District 3",3,REP,CHUCK EATON (I),289,13,148,128,0
Cook,Sparks,"Public Service Commission, District 3",3,REP,CHUCK EATON (I),82,8,60,14,0
Cook,,"Public Service Commission, District 3",3,REP,MATT REID,778,24,444,310,0
Cook,Cecil,"Public Service Commission, District 3",3,REP,MATT REID,81,2,44,35,0
Cook,Delle Beamguard,"Public Service Commission, District 3",3,REP,MATT REID,214,9,106,99,0
Cook,Elm Pine,"Public Service Commission, District 3",3,REP,MATT REID,14,0,10,4,0
Cook,Lenox,"Public Service Commission, District 3",3,REP,MATT REID,101,1,74,26,0
Cook,Massee,"Public Service Commission, District 3",3,REP,MATT REID,91,2,52,37,0
Cook,New Life Bapt. Church,"Public Service Commission, District 3",3,REP,MATT REID,114,2,74,38,0
Cook,Riverbend,"Public Service Commission, District 3",3,REP,MATT REID,123,7,58,58,0
Cook,Sparks,"Public Service Commission, District 3",3,REP,MATT REID,40,1,26,13,0
Cook,,"Public Service Commission, District 3",3,DEM,STEPHEN OPPENHEIMER,410,25,309,76,0
Cook,Cecil,"Public Service Commission, District 3",3,DEM,STEPHEN OPPENHEIMER,79,7,54,18,0
Cook,Delle Beamguard,"Public Service Commission, District 3",3,DEM,STEPHEN OPPENHEIMER,54,5,38,11,0
Cook,Elm Pine,"Public Service Commission, District 3",3,DEM,STEPHEN OPPENHEIMER,78,4,60,14,0
Cook,Lenox,"Public Service Commission, District 3",3,DEM,STEPHEN OPPENHEIMER,59,3,52,4,0
Cook,Massee,"Public Service Commission, District 3",3,DEM,STEPHEN OPPENHEIMER,21,1,12,8,0
Cook,New Life Bapt. Church,"Public Service Commission, District 3",3,DEM,STEPHEN OPPENHEIMER,32,0,29,3,0
Cook,Riverbend,"Public Service Commission, District 3",3,DEM,STEPHEN OPPENHEIMER,20,3,11,6,0
Cook,Sparks,"Public Service Commission, District 3",3,DEM,STEPHEN OPPENHEIMER,67,2,53,12,0
Cook,,"Public Service Commission, District 5",5,REP,PAM DAVIDSON,896,29,530,337,0
Cook,Cecil,"Public Service Commission, District 5",5,REP,PAM DAVIDSON,107,2,57,48,0
Cook,Delle Beamguard,"Public Service Commission, District 5",5,REP,PAM DAVIDSON,239,11,126,102,0
Cook,Elm Pine,"Public Service Commission, District 5",5,REP,PAM DAVIDSON,14,0,11,3,0
Cook,Lenox,"Public Service Commission, District 5",5,REP,PAM DAVIDSON,107,0,81,26,0
Cook,Massee,"Public Service Commission, District 5",5,REP,PAM DAVIDSON,104,3,61,40,0
Cook,New Life Bapt. Church,"Public Service Commission, District 5",5,REP,PAM DAVIDSON,137,3,94,40,0
Cook,Riverbend,"Public Service Commission, District 5",5,REP,PAM DAVIDSON,137,7,67,63,0
Cook,Sparks,"Public Service Commission, District 5",5,REP,PAM DAVIDSON,51,3,33,15,0
Cook,,"Public Service Commission, District 5",5,REP,STAN WISE (I),1514,42,946,526,0
Cook,Cecil,"Public Service Commission, District 5",5,REP,STAN WISE (I),125,5,86,34,0
Cook,Delle Beamguard,"Public Service Commission, District 5",5,REP,STAN WISE (I),420,11,232,177,0
Cook,Elm Pine,"Public Service Commission, District 5",5,REP,STAN WISE (I),18,0,13,5,0
Cook,Lenox,"Public Service Commission, District 5",5,REP,STAN WISE (I),232,2,183,47,0
Cook,Massee,"Public Service Commission, District 5",5,REP,STAN WISE (I),147,2,94,51,0
Cook,New Life Bapt. Church,"Public Service Commission, District 5",5,REP,STAN WISE (I),231,3,147,81,0
Cook,Riverbend,"Public Service Commission, District 5",5,REP,STAN WISE (I),272,13,140,119,0
Cook,Sparks,"Public Service Commission, District 5",5,REP,STAN WISE (I),69,6,51,12,0
Cook,,"U.S. Representative, District 8",8,REP,AUSTIN SCOTT (I),2294,67,1414,813,0
Cook,Cecil,"U.S. Representative, District 8",8,REP,AUSTIN SCOTT (I),205,7,126,72,0
Cook,Delle Beamguard,"U.S. Representative, District 8",8,REP,AUSTIN SCOTT (I),621,21,335,265,0
Cook,Elm Pine,"U.S. Representative, District 8",8,REP,AUSTIN SCOTT (I),32,0,23,9,0
Cook,Lenox,"U.S. Representative, District 8",8,REP,AUSTIN SCOTT (I),354,2,274,78,0
Cook,Massee,"U.S. Representative, District 8",8,REP,AUSTIN SCOTT (I),237,3,151,83,0
Cook,New Life Bapt. Church,"U.S. Representative, District 8",8,REP,AUSTIN SCOTT (I),352,5,234,113,0
Cook,Riverbend,"U.S. Representative, District 8",8,REP,AUSTIN SCOTT (I),388,20,198,170,0
Cook,Sparks,"U.S. Representative, District 8",8,REP,AUSTIN SCOTT (I),105,9,73,23,0
Cook,,"State Senator, District 8",8,REP,TIM GOLDEN (I),2330,64,1426,840,0
Cook,Cecil,"State Senator, District 8",8,REP,TIM GOLDEN (I),218,7,137,74,0
Cook,Delle Beamguard,"State Senator, District 8",8,REP,TIM GOLDEN (I),644,20,343,281,0
Cook,Elm Pine,"State Senator, District 8",8,REP,TIM GOLDEN (I),30,0,20,10,0
Cook,Lenox,"State Senator, District 8",8,REP,TIM GOLDEN (I),325,2,251,72,0
Cook,Massee,"State Senator, District 8",8,REP,TIM GOLDEN (I),241,3,153,85,0
Cook,New Life Bapt. Church,"State Senator, District 8",8,REP,TIM GOLDEN (I),366,6,242,118,0
Cook,Riverbend,"State Senator, District 8",8,REP,TIM GOLDEN (I),394,17,202,175,0
Cook,Sparks,"State Senator, District 8",8,REP,TIM GOLDEN (I),112,9,78,25,0
Cook,,"State Senator, District 8",8,DEM,BIKRAM MOHANTY,367,25,271,71,0
Cook,Cecil,"State Senator, District 8",8,DEM,BIKRAM MOHANTY,74,7,50,17,0
Cook,Delle Beamguard,"State Senator, District 8",8,DEM,BIKRAM MOHANTY,52,5,34,13,0
Cook,Elm Pine,"State Senator, District 8",8,DEM,BIKRAM MOHANTY,71,4,55,12,0
Cook,Lenox,"State Senator, District 8",8,DEM,BIKRAM MOHANTY,47,3,43,1,0
Cook,Massee,"State Senator, District 8",8,DEM,BIKRAM MOHANTY,22,1,12,9,0
Cook,New Life Bapt. Church,"State Senator, District 8",8,DEM,BIKRAM MOHANTY,26,0,23,3,0
Cook,Riverbend,"State Senator, District 8",8,DEM,BIKRAM MOHANTY,21,3,12,6,0
Cook,Sparks,"State Senator, District 8",8,DEM,BIKRAM MOHANTY,54,2,42,10,0
Cook,,"State Representative, District 170",170,REP,PENNY HOUSTON (I),2372,72,1473,827,0
Cook,Cecil,"State Representative, District 170",170,REP,PENNY HOUSTON (I),222,7,140,75,0
Cook,Delle Beamguard,"State Representative, District 170",170,REP,PENNY HOUSTON (I),647,22,354,271,0
Cook,Elm Pine,"State Representative, District 170",170,REP,PENNY HOUSTON (I),37,0,27,10,0
Cook,Lenox,"State Representative, District 170",170,REP,PENNY HOUSTON (I),344,3,268,73,0
Cook,Massee,"State Representative, District 170",170,REP,PENNY HOUSTON (I),244,4,155,85,0
Cook,New Life Bapt. Church,"State Representative, District 170",170,REP,PENNY HOUSTON (I),372,6,249,117,0
Cook,Riverbend,"State Representative, District 170",170,REP,PENNY HOUSTON (I),396,21,203,172,0
Cook,Sparks,"State Representative, District 170",170,REP,PENNY HOUSTON (I),110,9,77,24,0
Cook,,"District Attorney, Alapaha Circuit", Alapaha Circuit - REP,REP,CATHY HELMS (I),1633,43,963,626,1
Cook,Cecil,"District Attorney, Alapaha Circuit", Alapaha Circuit - REP,REP,CATHY HELMS (I),159,3,97,59,0
Cook,Delle Beamguard,"District Attorney, Alapaha Circuit", Alapaha Circuit - REP,REP,CATHY HELMS (I),481,14,253,214,0
Cook,Elm Pine,"District Attorney, Alapaha Circuit", Alapaha Circuit - REP,REP,CATHY HELMS (I),20,0,16,4,0
Cook,Lenox,"District Attorney, Alapaha Circuit", Alapaha Circuit - REP,REP,CATHY HELMS (I),192,0,141,51,0
Cook,Massee,"District Attorney, Alapaha Circuit", Alapaha Circuit - REP,REP,CATHY HELMS (I),156,3,98,55,0
Cook,New Life Bapt. Church,"District Attorney, Alapaha Circuit", Alapaha Circuit - REP,REP,CATHY HELMS (I),255,5,164,86,0
Cook,Riverbend,"District Attorney, Alapaha Circuit", Alapaha Circuit - REP,REP,CATHY HELMS (I),293,12,141,139,1
Cook,Sparks,"District Attorney, Alapaha Circuit", Alapaha Circuit - REP,REP,CATHY HELMS (I),77,6,53,18,0
Cook,,"District Attorney, Alapaha Circuit", Alapaha Circuit - REP,REP,DICK PERRYMAN,1158,38,749,371,0
Cook,Cecil,"District Attorney, Alapaha Circuit", Alapaha Circuit - REP,REP,DICK PERRYMAN,109,6,71,32,0
Cook,Delle Beamguard,"District Attorney, Alapaha Circuit", Alapaha Circuit - REP,REP,DICK PERRYMAN,270,8,148,114,0
Cook,Elm Pine,"District Attorney, Alapaha Circuit", Alapaha Circuit - REP,REP,DICK PERRYMAN,24,0,17,7,0
Cook,Lenox,"District Attorney, Alapaha Circuit", Alapaha Circuit - REP,REP,DICK PERRYMAN,224,4,179,41,0
Cook,Massee,"District Attorney, Alapaha Circuit", Alapaha Circuit - REP,REP,DICK PERRYMAN,124,3,76,45,0
Cook,New Life Bapt. Church,"District Attorney, Alapaha Circuit", Alapaha Circuit - REP,REP,DICK PERRYMAN,161,3,111,47,0
Cook,Riverbend,"District Attorney, Alapaha Circuit", Alapaha Circuit - REP,REP,DICK PERRYMAN,188,11,106,71,0
Cook,Sparks,"District Attorney, Alapaha Circuit", Alapaha Circuit - REP,REP,DICK PERRYMAN,58,3,41,14,0
Cook,,"CLERK, SUPERIOR COURT", SUPERIOR COURT - R,,APRIL M. GARRETT ,2444,71,1497,876,0
Cook,Cecil,"CLERK, SUPERIOR COURT", SUPERIOR COURT - R,,APRIL M. GARRETT ,232,9,145,78,0
Cook,Delle Beamguard,"CLERK, SUPERIOR COURT", SUPERIOR COURT - R,,APRIL M. GARRETT ,667,21,360,286,0
Cook,Elm Pine,"CLERK, SUPERIOR COURT", SUPERIOR COURT - R,,APRIL M. GARRETT ,31,0,23,8,0
Cook,Lenox,"CLERK, SUPERIOR COURT", SUPERIOR COURT - R,,APRIL M. GARRETT ,344,2,265,77,0
Cook,Massee,"CLERK, SUPERIOR COURT", SUPERIOR COURT - R,,APRIL M. GARRETT ,251,4,160,87,0
Cook,New Life Bapt. Church,"CLERK, SUPERIOR COURT", SUPERIOR COURT - R,,APRIL M. GARRETT ,379,6,250,123,0
Cook,Riverbend,"CLERK, SUPERIOR COURT", SUPERIOR COURT - R,,APRIL M. GARRETT ,426,20,218,188,0
Cook,Sparks,"CLERK, SUPERIOR COURT", SUPERIOR COURT - R,,APRIL M. GARRETT ,114,9,76,29,0
Cook,,SHERIFF,,,JOHNNY DAUGHTREY ,1293,48,842,402,1
Cook,Cecil,SHERIFF,,,JOHNNY DAUGHTREY ,100,4,64,32,0
Cook,Delle Beamguard,SHERIFF,,,JOHNNY DAUGHTREY ,294,9,177,108,0
Cook,Elm Pine,SHERIFF,,,JOHNNY DAUGHTREY ,24,0,18,6,0
Cook,Lenox,SHERIFF,,,JOHNNY DAUGHTREY ,327,5,260,62,0
Cook,Massee,SHERIFF,,,JOHNNY DAUGHTREY ,125,5,74,46,0
Cook,New Life Bapt. Church,SHERIFF,,,JOHNNY DAUGHTREY ,146,4,102,40,0
Cook,Riverbend,SHERIFF,,,JOHNNY DAUGHTREY ,198,13,93,91,1
Cook,Sparks,SHERIFF,,,JOHNNY DAUGHTREY ,79,8,54,17,0
Cook,,SHERIFF,,,DENNIS E. FOLSOM,1511,35,874,602,0
Cook,Cecil,SHERIFF,,,DENNIS E. FOLSOM,167,4,104,59,0
Cook,Delle Beamguard,SHERIFF,,,DENNIS E. FOLSOM,464,15,229,220,0
Cook,Elm Pine,SHERIFF,,,DENNIS E. FOLSOM,22,0,17,5,0
Cook,Lenox,SHERIFF,,,DENNIS E. FOLSOM,92,0,61,31,0
Cook,Massee,SHERIFF,,,DENNIS E. FOLSOM,153,1,98,54,0
Cook,New Life Bapt. Church,SHERIFF,,,DENNIS E. FOLSOM,274,4,172,98,0
Cook,Riverbend,SHERIFF,,,DENNIS E. FOLSOM,284,10,154,120,0
Cook,Sparks,SHERIFF,,,DENNIS E. FOLSOM,55,1,39,15,0
Cook,,SHERIFF,,,DOUG HANKS,429,25,315,89,0
Cook,Cecil,SHERIFF,,,DOUG HANKS,81,7,56,18,0
Cook,Delle Beamguard,SHERIFF,,,DOUG HANKS,60,5,40,15,0
Cook,Elm Pine,SHERIFF,,,DOUG HANKS,89,3,66,20,0
Cook,Lenox,SHERIFF,,,DOUG HANKS,39,3,35,1,0
Cook,Massee,SHERIFF,,,DOUG HANKS,29,1,16,12,0
Cook,New Life Bapt. Church,SHERIFF,,,DOUG HANKS,32,0,26,6,0
Cook,Riverbend,SHERIFF,,,DOUG HANKS,25,3,16,6,0
Cook,Sparks,SHERIFF,,,DOUG HANKS,74,3,60,11,0
Cook,,TAX COMMISSIONER,,,WENDY WILLIAMS,2031,55,1249,727,0
Cook,Cecil,TAX COMMISSIONER,,,WENDY WILLIAMS,206,6,133,67,0
Cook,Delle Beamguard,TAX COMMISSIONER,,,WENDY WILLIAMS,556,16,311,229,0
Cook,Elm Pine,TAX COMMISSIONER,,,WENDY WILLIAMS,32,0,23,9,0
Cook,Lenox,TAX COMMISSIONER,,,WENDY WILLIAMS,243,1,184,58,0
Cook,Massee,TAX COMMISSIONER,,,WENDY WILLIAMS,215,3,134,78,0
Cook,New Life Bapt. Church,TAX COMMISSIONER,,,WENDY WILLIAMS,317,4,211,102,0
Cook,Riverbend,TAX COMMISSIONER,,,WENDY WILLIAMS,354,19,178,157,0
Cook,Sparks,TAX COMMISSIONER,,,WENDY WILLIAMS,108,6,75,27,0
Cook,,TAX COMMISSIONER,,,DONNIE SIMMONS ,544,28,408,108,0
Cook,Cecil,TAX COMMISSIONER,,,DONNIE SIMMONS ,107,7,73,27,0
Cook,Delle Beamguard,TAX COMMISSIONER,,,DONNIE SIMMONS ,68,7,46,15,0
Cook,Elm Pine,TAX COMMISSIONER,,,DONNIE SIMMONS ,98,4,75,19,0
Cook,Lenox,TAX COMMISSIONER,,,DONNIE SIMMONS ,88,3,80,5,0
Cook,Massee,TAX COMMISSIONER,,,DONNIE SIMMONS ,29,1,17,11,0
Cook,New Life Bapt. Church,TAX COMMISSIONER,,,DONNIE SIMMONS ,37,0,30,7,0
Cook,Riverbend,TAX COMMISSIONER,,,DONNIE SIMMONS ,27,3,14,10,0
Cook,Sparks,TAX COMMISSIONER,,,DONNIE SIMMONS ,90,3,73,14,0
Cook,,CORONER,,,RON LIPSEY ,1339,42,827,470,0
Cook,Cecil,CORONER,,,RON LIPSEY ,143,2,94,47,0
Cook,Delle Beamguard,CORONER,,,RON LIPSEY ,436,15,232,189,0
Cook,Elm Pine,CORONER,,,RON LIPSEY ,27,0,20,7,0
Cook,Lenox,CORONER,,,RON LIPSEY ,140,1,112,27,0
Cook,Massee,CORONER,,,RON LIPSEY ,113,4,67,42,0
Cook,New Life Bapt. Church,CORONER,,,RON LIPSEY ,190,3,128,59,0
Cook,Riverbend,CORONER,,,RON LIPSEY ,244,13,138,93,0
Cook,Sparks,CORONER,,,RON LIPSEY ,46,4,36,6,0
Cook,,CORONER,,,TIM PURVIS,1428,40,862,525,1
Cook,Cecil,CORONER,,,TIM PURVIS,121,7,71,43,0
Cook,Delle Beamguard,CORONER,,,TIM PURVIS,312,9,166,137,0
Cook,Elm Pine,CORONER,,,TIM PURVIS,15,0,12,3,0
Cook,Lenox,CORONER,,,TIM PURVIS,262,3,195,64,0
Cook,Massee,CORONER,,,TIM PURVIS,167,2,107,58,0
Cook,New Life Bapt. Church,CORONER,,,TIM PURVIS,230,5,150,75,0
Cook,Riverbend,CORONER,,,TIM PURVIS,236,10,106,119,1
Cook,Sparks,CORONER,,,TIM PURVIS,85,4,55,26,0
Cook,,"CC, D2", D2 - R,,MICHAEL DINNERMAN,515,18,256,241,0
Cook,Delle Beamguard,"CC, D2", D2 - R,,MICHAEL DINNERMAN,515,18,256,241,0
Cook,,"CC, D2", D2 - D,,LINDSEY PARRISH,60,6,41,13,0
Cook,Delle Beamguard,"CC, D2", D2 - D,,LINDSEY PARRISH,60,6,41,13,0
Cook,,"CC, D3", D3 - R,,LINDA WARD MEADOWS,255,9,159,87,0
Cook,Cecil,"CC, D3", D3 - R,,LINDA WARD MEADOWS,226,8,140,78,0
Cook,Delle Beamguard,"CC, D3", D3 - R,,LINDA WARD MEADOWS,26,0,19,7,0
Cook,New Life Bapt. Church,"CC, D3", D3 - R,,LINDA WARD MEADOWS,3,1,0,2,0
Cook,,"CC, D3", D3 - D,,JEFF B. LANE ,114,7,77,30,0
Cook,Cecil,"CC, D3", D3 - D,,JEFF B. LANE ,112,7,76,29,0
Cook,Delle Beamguard,"CC, D3", D3 - D,,JEFF B. LANE ,2,0,1,1,0
Cook,New Life Bapt. Church,"CC, D3", D3 - D,,JEFF B. LANE ,0,0,0,0,0
Cook,,"CC, D4", D4 - R,,BRETT L. KELLY ,316,13,200,103,0
Cook,New Life Bapt. Church,"CC, D4", D4 - R,,BRETT L. KELLY ,159,5,113,41,0
Cook,Riverbend,"CC, D4", D4 - R,,BRETT L. KELLY ,157,8,87,62,0
Cook,,"CC, D4", D4 - R,,RANDY LANE,464,12,256,195,1
Cook,New Life Bapt. Church,"CC, D4", D4 - R,,RANDY LANE,250,0,157,93,0
Cook,Riverbend,"CC, D4", D4 - R,,RANDY LANE,214,12,99,102,1
Cook,,"BOE, D1", D1 - D,,JERRY DURDEN ,207,7,162,38,0
Cook,Elm Pine,"BOE, D1", D1 - D,,JERRY DURDEN ,109,4,83,22,0
Cook,Riverbend,"BOE, D1", D1 - D,,JERRY DURDEN ,6,0,3,3,0
Cook,Sparks,"BOE, D1", D1 - D,,JERRY DURDEN ,92,3,76,13,0
Cook,,"BOE, D2", D2 - R,,SUSAN H. GRIFFIN ,425,17,213,195,0
Cook,Delle Beamguard,"BOE, D2", D2 - R,,SUSAN H. GRIFFIN ,425,17,213,195,0
Cook,,"BOE, D2", D2 - R,,DJ MCLAUGHLIN,279,7,156,116,0
Cook,Delle Beamguard,"BOE, D2", D2 - R,,DJ MCLAUGHLIN,279,7,156,116,0
Cook,,"BOE, D4", D4 - R,,FRANK CARTER,411,9,250,151,1
Cook,New Life Bapt. Church,"BOE, D4", D4 - R,,FRANK CARTER,191,0,133,58,0
Cook,Riverbend,"BOE, D4", D4 - R,,FRANK CARTER,220,9,117,93,1
Cook,,"BOE, D4", D4 - R,,CHRIS DAVIS,111,5,52,54,0
Cook,New Life Bapt. Church,"BOE, D4", D4 - R,,CHRIS DAVIS,67,1,42,24,0
Cook,Riverbend,"BOE, D4", D4 - R,,CHRIS DAVIS,44,4,10,30,0
Cook,,"BOE, D4", D4 - R,,TINA T. REVELS ,263,9,163,91,0
Cook,New Life Bapt. Church,"BOE, D4", D4 - R,,TINA T. REVELS ,154,4,100,50,0
Cook,Riverbend,"BOE, D4", D4 - R,,TINA T. REVELS ,109,5,63,41,0
Cook,,Republican Party Question 1<br>Should Georgia have casino gambling with funds going to education?,,REP,YES,1377,43,829,505,0
Cook,Cecil,Republican Party Question 1<br>Should Georgia have casino gambling with funds going to education?,,REP,YES,127,6,82,39,0
Cook,Delle Beamguard,Republican Party Question 1<br>Should Georgia have casino gambling with funds going to education?,,REP,YES,410,14,220,176,0
Cook,Elm Pine,Republican Party Question 1<br>Should Georgia have casino gambling with funds going to education?,,REP,YES,27,0,19,8,0
Cook,Lenox,Republican Party Question 1<br>Should Georgia have casino gambling with funds going to education?,,REP,YES,173,1,126,46,0
Cook,Massee,Republican Party Question 1<br>Should Georgia have casino gambling with funds going to education?,,REP,YES,131,0,89,42,0
Cook,New Life Bapt. Church,Republican Party Question 1<br>Should Georgia have casino gambling with funds going to education?,,REP,YES,188,6,117,65,0
Cook,Riverbend,Republican Party Question 1<br>Should Georgia have casino gambling with funds going to education?,,REP,YES,266,12,138,116,0
Cook,Sparks,Republican Party Question 1<br>Should Georgia have casino gambling with funds going to education?,,REP,YES,55,4,38,13,0
Cook,,Republican Party Question 1<br>Should Georgia have casino gambling with funds going to education?,,REP,NO,1379,36,855,487,1
Cook,Cecil,Republican Party Question 1<br>Should Georgia have casino gambling with funds going to education?,,REP,NO,133,3,81,49,0
Cook,Delle Beamguard,Republican Party Question 1<br>Should Georgia have casino gambling with funds going to education?,,REP,NO,337,9,178,150,0
Cook,Elm Pine,Republican Party Question 1<br>Should Georgia have casino gambling with funds going to education?,,REP,NO,12,0,10,2,0
Cook,Lenox,Republican Party Question 1<br>Should Georgia have casino gambling with funds going to education?,,REP,NO,228,1,182,45,0
Cook,Massee,Republican Party Question 1<br>Should Georgia have casino gambling with funds going to education?,,REP,NO,146,5,82,59,0
Cook,New Life Bapt. Church,Republican Party Question 1<br>Should Georgia have casino gambling with funds going to education?,,REP,NO,229,2,158,69,0
Cook,Riverbend,Republican Party Question 1<br>Should Georgia have casino gambling with funds going to education?,,REP,NO,215,11,109,94,1
Cook,Sparks,Republican Party Question 1<br>Should Georgia have casino gambling with funds going to education?,,REP,NO,79,5,55,19,0
Cook,,Republican Party Question 2<br>Do you support ending the current practice of unlimited gifts from lobbyists to state legislators by imposing a $100 cap on such gifts?,,REP,YES,2229,69,1353,806,1
Cook,Cecil,Republican Party Question 2<br>Do you support ending the current practice of unlimited gifts from lobbyists to state legislators by imposing a $100 cap on such gifts?,,REP,YES,214,9,131,74,0
Cook,Delle Beamguard,Republican Party Question 2<br>Do you support ending the current practice of unlimited gifts from lobbyists to state legislators by imposing a $100 cap on such gifts?,,REP,YES,620,21,329,270,0
Cook,Elm Pine,Republican Party Question 2<br>Do you support ending the current practice of unlimited gifts from lobbyists to state legislators by imposing a $100 cap on such gifts?,,REP,YES,23,0,15,8,0
Cook,Lenox,Republican Party Question 2<br>Do you support ending the current practice of unlimited gifts from lobbyists to state legislators by imposing a $100 cap on such gifts?,,REP,YES,323,1,243,79,0
Cook,Massee,Republican Party Question 2<br>Do you support ending the current practice of unlimited gifts from lobbyists to state legislators by imposing a $100 cap on such gifts?,,REP,YES,218,5,143,70,0
Cook,New Life Bapt. Church,Republican Party Question 2<br>Do you support ending the current practice of unlimited gifts from lobbyists to state legislators by imposing a $100 cap on such gifts?,,REP,YES,336,7,217,112,0
Cook,Riverbend,Republican Party Question 2<br>Do you support ending the current practice of unlimited gifts from lobbyists to state legislators by imposing a $100 cap on such gifts?,,REP,YES,391,20,200,170,1
Cook,Sparks,Republican Party Question 2<br>Do you support ending the current practice of unlimited gifts from lobbyists to state legislators by imposing a $100 cap on such gifts?,,REP,YES,104,6,75,23,0
Cook,,Republican Party Question 2<br>Do you support ending the current practice of unlimited gifts from lobbyists to state legislators by imposing a $100 cap on such gifts?,,REP,NO,467,7,295,165,0
Cook,Cecil,Republican Party Question 2<br>Do you support ending the current practice of unlimited gifts from lobbyists to state legislators by imposing a $100 cap on such gifts?,,REP,NO,48,0,33,15,0
Cook,Delle Beamguard,Republican Party Question 2<br>Do you support ending the current practice of unlimited gifts from lobbyists to state legislators by imposing a $100 cap on such gifts?,,REP,NO,111,1,61,49,0
Cook,Elm Pine,Republican Party Question 2<br>Do you support ending the current practice of unlimited gifts from lobbyists to state legislators by imposing a $100 cap on such gifts?,,REP,NO,15,0,13,2,0
Cook,Lenox,Republican Party Question 2<br>Do you support ending the current practice of unlimited gifts from lobbyists to state legislators by imposing a $100 cap on such gifts?,,REP,NO,66,1,55,10,0
Cook,Massee,Republican Party Question 2<br>Do you support ending the current practice of unlimited gifts from lobbyists to state legislators by imposing a $100 cap on such gifts?,,REP,NO,54,0,25,29,0
Cook,New Life Bapt. Church,Republican Party Question 2<br>Do you support ending the current practice of unlimited gifts from lobbyists to state legislators by imposing a $100 cap on such gifts?,,REP,NO,74,1,52,21,0
Cook,Riverbend,Republican Party Question 2<br>Do you support ending the current practice of unlimited gifts from lobbyists to state legislators by imposing a $100 cap on such gifts?,,REP,NO,79,3,42,34,0
Cook,Sparks,Republican Party Question 2<br>Do you support ending the current practice of unlimited gifts from lobbyists to state legislators by imposing a $100 cap on such gifts?,,REP,NO,20,1,14,5,0
Cook,,Republican Party Question 3<br>Should active duty military personnel who are under the age of 21 be allowed to obtain a Georgia weapons license?,,REP,YES,1838,55,1117,666,0
Cook,Cecil,Republican Party Question 3<br>Should active duty military personnel who are under the age of 21 be allowed to obtain a Georgia weapons license?,,REP,YES,191,9,120,62,0
Cook,Delle Beamguard,Republican Party Question 3<br>Should active duty military personnel who are under the age of 21 be allowed to obtain a Georgia weapons license?,,REP,YES,497,13,270,214,0
Cook,Elm Pine,Republican Party Question 3<br>Should active duty military personnel who are under the age of 21 be allowed to obtain a Georgia weapons license?,,REP,YES,25,0,17,8,0
Cook,Lenox,Republican Party Question 3<br>Should active duty military personnel who are under the age of 21 be allowed to obtain a Georgia weapons license?,,REP,YES,275,2,209,64,0
Cook,Massee,Republican Party Question 3<br>Should active duty military personnel who are under the age of 21 be allowed to obtain a Georgia weapons license?,,REP,YES,180,3,112,65,0
Cook,New Life Bapt. Church,Republican Party Question 3<br>Should active duty military personnel who are under the age of 21 be allowed to obtain a Georgia weapons license?,,REP,YES,279,7,182,90,0
Cook,Riverbend,Republican Party Question 3<br>Should active duty military personnel who are under the age of 21 be allowed to obtain a Georgia weapons license?,,REP,YES,315,15,156,144,0
Cook,Sparks,Republican Party Question 3<br>Should active duty military personnel who are under the age of 21 be allowed to obtain a Georgia weapons license?,,REP,YES,76,6,51,19,0
Cook,,Republican Party Question 3<br>Should active duty military personnel who are under the age of 21 be allowed to obtain a Georgia weapons license?,,REP,NO,919,21,572,325,1
Cook,Cecil,Republican Party Question 3<br>Should active duty military personnel who are under the age of 21 be allowed to obtain a Georgia weapons license?,,REP,NO,77,0,47,30,0
Cook,Delle Beamguard,Republican Party Question 3<br>Should active duty military personnel who are under the age of 21 be allowed to obtain a Georgia weapons license?,,REP,NO,245,9,125,111,0
Cook,Elm Pine,Republican Party Question 3<br>Should active duty military personnel who are under the age of 21 be allowed to obtain a Georgia weapons license?,,REP,NO,17,0,15,2,0
Cook,Lenox,Republican Party Question 3<br>Should active duty military personnel who are under the age of 21 be allowed to obtain a Georgia weapons license?,,REP,NO,123,0,98,25,0
Cook,Massee,Republican Party Question 3<br>Should active duty military personnel who are under the age of 21 be allowed to obtain a Georgia weapons license?,,REP,NO,99,2,62,35,0
Cook,New Life Bapt. Church,Republican Party Question 3<br>Should active duty military personnel who are under the age of 21 be allowed to obtain a Georgia weapons license?,,REP,NO,136,1,91,44,0
Cook,Riverbend,Republican Party Question 3<br>Should active duty military personnel who are under the age of 21 be allowed to obtain a Georgia weapons license?,,REP,NO,164,6,92,65,1
Cook,Sparks,Republican Party Question 3<br>Should active duty military personnel who are under the age of 21 be allowed to obtain a Georgia weapons license?,,REP,NO,58,3,42,13,0
Cook,,Republican Party Question 4<br>Should Citizens who wish to vote in a primary election be required to register by their political party affiliation at least thirty (30) days prior to such primary election?,,REP,YES,1334,37,832,465,0
Cook,Cecil,Republican Party Question 4<br>Should Citizens who wish to vote in a primary election be required to register by their political party affiliation at least thirty (30) days prior to such primary election?,,REP,YES,136,6,84,46,0
Cook,Delle Beamguard,Republican Party Question 4<br>Should Citizens who wish to vote in a primary election be required to register by their political party affiliation at least thirty (30) days prior to such primary election?,,REP,YES,350,9,185,156,0
Cook,Elm Pine,Republican Party Question 4<br>Should Citizens who wish to vote in a primary election be required to register by their political party affiliation at least thirty (30) days prior to such primary election?,,REP,YES,22,0,16,6,0
Cook,Lenox,Republican Party Question 4<br>Should Citizens who wish to vote in a primary election be required to register by their political party affiliation at least thirty (30) days prior to such primary election?,,REP,YES,193,0,152,41,0
Cook,Massee,Republican Party Question 4<br>Should Citizens who wish to vote in a primary election be required to register by their political party affiliation at least thirty (30) days prior to such primary election?,,REP,YES,127,2,77,48,0
Cook,New Life Bapt. Church,Republican Party Question 4<br>Should Citizens who wish to vote in a primary election be required to register by their political party affiliation at least thirty (30) days prior to such primary election?,,REP,YES,202,3,143,56,0
Cook,Riverbend,Republican Party Question 4<br>Should Citizens who wish to vote in a primary election be required to register by their political party affiliation at least thirty (30) days prior to such primary election?,,REP,YES,230,13,123,94,0
Cook,Sparks,Republican Party Question 4<br>Should Citizens who wish to vote in a primary election be required to register by their political party affiliation at least thirty (30) days prior to such primary election?,,REP,YES,74,4,52,18,0
Cook,,Republican Party Question 4<br>Should Citizens who wish to vote in a primary election be required to register by their political party affiliation at least thirty (30) days prior to such primary election?,,REP,NO,1382,39,830,512,1
Cook,Cecil,Republican Party Question 4<br>Should Citizens who wish to vote in a primary election be required to register by their political party affiliation at least thirty (30) days prior to such primary election?,,REP,NO,126,2,80,44,0
Cook,Delle Beamguard,Republican Party Question 4<br>Should Citizens who wish to vote in a primary election be required to register by their political party affiliation at least thirty (30) days prior to such primary election?,,REP,NO,390,13,210,167,0
Cook,Elm Pine,Republican Party Question 4<br>Should Citizens who wish to vote in a primary election be required to register by their political party affiliation at least thirty (30) days prior to such primary election?,,REP,NO,18,0,14,4,0
Cook,Lenox,Republican Party Question 4<br>Should Citizens who wish to vote in a primary election be required to register by their political party affiliation at least thirty (30) days prior to such primary election?,,REP,NO,194,2,145,47,0
Cook,Massee,Republican Party Question 4<br>Should Citizens who wish to vote in a primary election be required to register by their political party affiliation at least thirty (30) days prior to such primary election?,,REP,NO,149,3,96,50,0
Cook,New Life Bapt. Church,Republican Party Question 4<br>Should Citizens who wish to vote in a primary election be required to register by their political party affiliation at least thirty (30) days prior to such primary election?,,REP,NO,206,4,126,76,0
Cook,Riverbend,Republican Party Question 4<br>Should Citizens who wish to vote in a primary election be required to register by their political party affiliation at least thirty (30) days prior to such primary election?,,REP,NO,242,10,121,110,1
Cook,Sparks,Republican Party Question 4<br>Should Citizens who wish to vote in a primary election be required to register by their political party affiliation at least thirty (30) days prior to such primary election?,,REP,NO,57,5,38,14,0
Cook,,Republican Party Question 5 <br>Life Amendment Question,,REP,YES,1901,45,1177,678,1
Cook,Cecil,Republican Party Question 5 <br>Life Amendment Question,,REP,YES,184,2,119,63,0
Cook,Delle Beamguard,Republican Party Question 5 <br>Life Amendment Question,,REP,YES,507,17,284,206,0
Cook,Elm Pine,Republican Party Question 5 <br>Life Amendment Question,,REP,YES,32,0,25,7,0
Cook,Lenox,Republican Party Question 5 <br>Life Amendment Question,,REP,YES,289,0,219,70,0
Cook,Massee,Republican Party Question 5 <br>Life Amendment Question,,REP,YES,200,4,121,75,0
Cook,New Life Bapt. Church,Republican Party Question 5 <br>Life Amendment Question,,REP,YES,294,5,194,95,0
Cook,Riverbend,Republican Party Question 5 <br>Life Amendment Question,,REP,YES,304,12,149,142,1
Cook,Sparks,Republican Party Question 5 <br>Life Amendment Question,,REP,YES,91,5,66,20,0
Cook,,Republican Party Question 5 <br>Life Amendment Question,,REP,NO,670,28,403,239,0
Cook,Cecil,Republican Party Question 5 <br>Life Amendment Question,,REP,NO,69,7,40,22,0
Cook,Delle Beamguard,Republican Party Question 5 <br>Life Amendment Question,,REP,NO,186,5,89,92,0
Cook,Elm Pine,Republican Party Question 5 <br>Life Amendment Question,,REP,NO,9,0,6,3,0
Cook,Lenox,Republican Party Question 5 <br>Life Amendment Question,,REP,NO,78,2,59,17,0
Cook,Massee,Republican Party Question 5 <br>Life Amendment Question,,REP,NO,66,1,43,22,0
Cook,New Life Bapt. Church,Republican Party Question 5 <br>Life Amendment Question,,REP,NO,93,3,64,26,0
Cook,Riverbend,Republican Party Question 5 <br>Life Amendment Question,,REP,NO,136,8,79,49,0
Cook,Sparks,Republican Party Question 5 <br>Life Amendment Question,,REP,NO,33,2,23,8,0
Cook,,Democratic Party Question 1<br>Should the Georgia Constitution be amended to allow the state to override locally-elected school boards’ decisions when it comes to the creation of charter schools in your county or city?,,DEM,YES,270,16,213,41,0
Cook,Cecil,Democratic Party Question 1<br>Should the Georgia Constitution be amended to allow the state to override locally-elected school boards’ decisions when it comes to the creation of charter schools in your county or city?,,DEM,YES,42,1,34,7,0
Cook,Delle Beamguard,Democratic Party Question 1<br>Should the Georgia Constitution be amended to allow the state to override locally-elected school boards’ decisions when it comes to the creation of charter schools in your county or city?,,DEM,YES,29,3,20,6,0
Cook,Elm Pine,Democratic Party Question 1<br>Should the Georgia Constitution be amended to allow the state to override locally-elected school boards’ decisions when it comes to the creation of charter schools in your county or city?,,DEM,YES,59,2,44,13,0
Cook,Lenox,Democratic Party Question 1<br>Should the Georgia Constitution be amended to allow the state to override locally-elected school boards’ decisions when it comes to the creation of charter schools in your county or city?,,DEM,YES,52,4,46,2,0
Cook,Massee,Democratic Party Question 1<br>Should the Georgia Constitution be amended to allow the state to override locally-elected school boards’ decisions when it comes to the creation of charter schools in your county or city?,,DEM,YES,16,1,12,3,0
Cook,New Life Bapt. Church,Democratic Party Question 1<br>Should the Georgia Constitution be amended to allow the state to override locally-elected school boards’ decisions when it comes to the creation of charter schools in your county or city?,,DEM,YES,9,0,8,1,0
Cook,Riverbend,Democratic Party Question 1<br>Should the Georgia Constitution be amended to allow the state to override locally-elected school boards’ decisions when it comes to the creation of charter schools in your county or city?,,DEM,YES,10,2,5,3,0
Cook,Sparks,Democratic Party Question 1<br>Should the Georgia Constitution be amended to allow the state to override locally-elected school boards’ decisions when it comes to the creation of charter schools in your county or city?,,DEM,YES,53,3,44,6,0
Cook,,Democratic Party Question 1<br>Should the Georgia Constitution be amended to allow the state to override locally-elected school boards’ decisions when it comes to the creation of charter schools in your county or city?,,DEM,NO,310,11,230,69,0
Cook,Cecil,Democratic Party Question 1<br>Should the Georgia Constitution be amended to allow the state to override locally-elected school boards’ decisions when it comes to the creation of charter schools in your county or city?,,DEM,NO,71,6,44,21,0
Cook,Delle Beamguard,Democratic Party Question 1<br>Should the Georgia Constitution be amended to allow the state to override locally-elected school boards’ decisions when it comes to the creation of charter schools in your county or city?,,DEM,NO,51,3,38,10,0
Cook,Elm Pine,Democratic Party Question 1<br>Should the Georgia Constitution be amended to allow the state to override locally-elected school boards’ decisions when it comes to the creation of charter schools in your county or city?,,DEM,NO,44,2,34,8,0
Cook,Lenox,Democratic Party Question 1<br>Should the Georgia Constitution be amended to allow the state to override locally-elected school boards’ decisions when it comes to the creation of charter schools in your county or city?,,DEM,NO,37,0,34,3,0
Cook,Massee,Democratic Party Question 1<br>Should the Georgia Constitution be amended to allow the state to override locally-elected school boards’ decisions when it comes to the creation of charter schools in your county or city?,,DEM,NO,15,0,7,8,0
Cook,New Life Bapt. Church,Democratic Party Question 1<br>Should the Georgia Constitution be amended to allow the state to override locally-elected school boards’ decisions when it comes to the creation of charter schools in your county or city?,,DEM,NO,34,0,28,6,0
Cook,Riverbend,Democratic Party Question 1<br>Should the Georgia Constitution be amended to allow the state to override locally-elected school boards’ decisions when it comes to the creation of charter schools in your county or city?,,DEM,NO,17,0,11,6,0
Cook,Sparks,Democratic Party Question 1<br>Should the Georgia Constitution be amended to allow the state to override locally-elected school boards’ decisions when it comes to the creation of charter schools in your county or city?,,DEM,NO,41,0,34,7,0
Cook,,Democratic Party Question 2<br>Do you support ending current practice permitting unlimited gifts from lobbyists to state legislators?,,DEM,YES,375,23,278,74,0
Cook,Cecil,Democratic Party Question 2<br>Do you support ending current practice permitting unlimited gifts from lobbyists to state legislators?,,DEM,YES,69,3,50,16,0
Cook,Delle Beamguard,Democratic Party Question 2<br>Do you support ending current practice permitting unlimited gifts from lobbyists to state legislators?,,DEM,YES,55,6,39,10,0
Cook,Elm Pine,Democratic Party Question 2<br>Do you support ending current practice permitting unlimited gifts from lobbyists to state legislators?,,DEM,YES,68,3,51,14,0
Cook,Lenox,Democratic Party Question 2<br>Do you support ending current practice permitting unlimited gifts from lobbyists to state legislators?,,DEM,YES,51,4,44,3,0
Cook,Massee,Democratic Party Question 2<br>Do you support ending current practice permitting unlimited gifts from lobbyists to state legislators?,,DEM,YES,21,1,12,8,0
Cook,New Life Bapt. Church,Democratic Party Question 2<br>Do you support ending current practice permitting unlimited gifts from lobbyists to state legislators?,,DEM,YES,30,0,25,5,0
Cook,Riverbend,Democratic Party Question 2<br>Do you support ending current practice permitting unlimited gifts from lobbyists to state legislators?,,DEM,YES,27,3,15,9,0
Cook,Sparks,Democratic Party Question 2<br>Do you support ending current practice permitting unlimited gifts from lobbyists to state legislators?,,DEM,YES,54,3,42,9,0
Cook,,Democratic Party Question 2<br>Do you support ending current practice permitting unlimited gifts from lobbyists to state legislators?,,DEM,NO,210,6,164,40,0
Cook,Cecil,Democratic Party Question 2<br>Do you support ending current practice permitting unlimited gifts from lobbyists to state legislators?,,DEM,NO,43,4,29,10,0
Cook,Delle Beamguard,Democratic Party Question 2<br>Do you support ending current practice permitting unlimited gifts from lobbyists to state legislators?,,DEM,NO,24,1,17,6,0
Cook,Elm Pine,Democratic Party Question 2<br>Do you support ending current practice permitting unlimited gifts from lobbyists to state legislators?,,DEM,NO,35,1,27,7,0
Cook,Lenox,Democratic Party Question 2<br>Do you support ending current practice permitting unlimited gifts from lobbyists to state legislators?,,DEM,NO,29,0,27,2,0
Cook,Massee,Democratic Party Question 2<br>Do you support ending current practice permitting unlimited gifts from lobbyists to state legislators?,,DEM,NO,11,0,6,5,0
Cook,New Life Bapt. Church,Democratic Party Question 2<br>Do you support ending current practice permitting unlimited gifts from lobbyists to state legislators?,,DEM,NO,18,0,15,3,0
Cook,Riverbend,Democratic Party Question 2<br>Do you support ending current practice permitting unlimited gifts from lobbyists to state legislators?,,DEM,NO,3,0,2,1,0
Cook,Sparks,Democratic Party Question 2<br>Do you support ending current practice permitting unlimited gifts from lobbyists to state legislators?,,DEM,NO,47,0,41,6,0
Cook,,Democratic Party Question 3<br>Should Georgia adopt an income tax credit for home energy costs to support the economic security of our families?,,DEM,YES,469,22,358,89,0
Cook,Cecil,Democratic Party Question 3<br>Should Georgia adopt an income tax credit for home energy costs to support the economic security of our families?,,DEM,YES,88,4,62,22,0
Cook,Delle Beamguard,Democratic Party Question 3<br>Should Georgia adopt an income tax credit for home energy costs to support the economic security of our families?,,DEM,YES,59,5,44,10,0
Cook,Elm Pine,Democratic Party Question 3<br>Should Georgia adopt an income tax credit for home energy costs to support the economic security of our families?,,DEM,YES,92,3,70,19,0
Cook,Lenox,Democratic Party Question 3<br>Should Georgia adopt an income tax credit for home energy costs to support the economic security of our families?,,DEM,YES,68,3,62,3,0
Cook,Massee,Democratic Party Question 3<br>Should Georgia adopt an income tax credit for home energy costs to support the economic security of our families?,,DEM,YES,26,1,13,12,0
Cook,New Life Bapt. Church,Democratic Party Question 3<br>Should Georgia adopt an income tax credit for home energy costs to support the economic security of our families?,,DEM,YES,35,0,32,3,0
Cook,Riverbend,Democratic Party Question 3<br>Should Georgia adopt an income tax credit for home energy costs to support the economic security of our families?,,DEM,YES,24,3,14,7,0
Cook,Sparks,Democratic Party Question 3<br>Should Georgia adopt an income tax credit for home energy costs to support the economic security of our families?,,DEM,YES,77,3,61,13,0
Cook,,Democratic Party Question 3<br>Should Georgia adopt an income tax credit for home energy costs to support the economic security of our families?,,DEM,NO,135,7,99,29,0
Cook,Cecil,Democratic Party Question 3<br>Should Georgia adopt an income tax credit for home energy costs to support the economic security of our families?,,DEM,NO,29,3,20,6,0
Cook,Delle Beamguard,Democratic Party Question 3<br>Should Georgia adopt an income tax credit for home energy costs to support the economic security of our families?,,DEM,NO,21,2,13,6,0
Cook,Elm Pine,Democratic Party Question 3<br>Should Georgia adopt an income tax credit for home energy costs to support the economic security of our families?,,DEM,NO,17,1,12,4,0
Cook,Lenox,Democratic Party Question 3<br>Should Georgia adopt an income tax credit for home energy costs to support the economic security of our families?,,DEM,NO,18,1,15,2,0
Cook,Massee,Democratic Party Question 3<br>Should Georgia adopt an income tax credit for home energy costs to support the economic security of our families?,,DEM,NO,7,0,6,1,0
Cook,New Life Bapt. Church,Democratic Party Question 3<br>Should Georgia adopt an income tax credit for home energy costs to support the economic security of our families?,,DEM,NO,14,0,9,5,0
Cook,Riverbend,Democratic Party Question 3<br>Should Georgia adopt an income tax credit for home energy costs to support the economic security of our families?,,DEM,NO,7,0,4,3,0
Cook,Sparks,Democratic Party Question 3<br>Should Georgia adopt an income tax credit for home energy costs to support the economic security of our families?,,DEM,NO,22,0,20,2,0
Cook,,Democratic Party Question 4 <br>Should Georgia reduce sales taxes on Made in Georgia products so as to support the growth of small businesses in our state?,,DEM,YES,527,27,396,104,0
Cook,Cecil,Democratic Party Question 4 <br>Should Georgia reduce sales taxes on Made in Georgia products so as to support the growth of small businesses in our state?,,DEM,YES,107,7,75,25,0
Cook,Delle Beamguard,Democratic Party Question 4 <br>Should Georgia reduce sales taxes on Made in Georgia products so as to support the growth of small businesses in our state?,,DEM,YES,67,7,46,14,0
Cook,Elm Pine,Democratic Party Question 4 <br>Should Georgia reduce sales taxes on Made in Georgia products so as to support the growth of small businesses in our state?,,DEM,YES,96,3,72,21,0
Cook,Lenox,Democratic Party Question 4 <br>Should Georgia reduce sales taxes on Made in Georgia products so as to support the growth of small businesses in our state?,,DEM,YES,72,3,66,3,0
Cook,Massee,Democratic Party Question 4 <br>Should Georgia reduce sales taxes on Made in Georgia products so as to support the growth of small businesses in our state?,,DEM,YES,30,1,17,12,0
Cook,New Life Bapt. Church,Democratic Party Question 4 <br>Should Georgia reduce sales taxes on Made in Georgia products so as to support the growth of small businesses in our state?,,DEM,YES,42,0,35,7,0
Cook,Riverbend,Democratic Party Question 4 <br>Should Georgia reduce sales taxes on Made in Georgia products so as to support the growth of small businesses in our state?,,DEM,YES,28,3,17,8,0
Cook,Sparks,Democratic Party Question 4 <br>Should Georgia reduce sales taxes on Made in Georgia products so as to support the growth of small businesses in our state?,,DEM,YES,85,3,68,14,0
Cook,,Democratic Party Question 4 <br>Should Georgia reduce sales taxes on Made in Georgia products so as to support the growth of small businesses in our state?,,DEM,NO,81,2,63,16,0
Cook,Cecil,Democratic Party Question 4 <br>Should Georgia reduce sales taxes on Made in Georgia products so as to support the growth of small businesses in our state?,,DEM,NO,12,0,7,5,0
Cook,Delle Beamguard,Democratic Party Question 4 <br>Should Georgia reduce sales taxes on Made in Georgia products so as to support the growth of small businesses in our state?,,DEM,NO,13,0,11,2,0
Cook,Elm Pine,Democratic Party Question 4 <br>Should Georgia reduce sales taxes on Made in Georgia products so as to support the growth of small businesses in our state?,,DEM,NO,13,1,10,2,0
Cook,Lenox,Democratic Party Question 4 <br>Should Georgia reduce sales taxes on Made in Georgia products so as to support the growth of small businesses in our state?,,DEM,NO,15,1,12,2,0
Cook,Massee,Democratic Party Question 4 <br>Should Georgia reduce sales taxes on Made in Georgia products so as to support the growth of small businesses in our state?,,DEM,NO,4,0,3,1,0
Cook,New Life Bapt. Church,Democratic Party Question 4 <br>Should Georgia reduce sales taxes on Made in Georgia products so as to support the growth of small businesses in our state?,,DEM,NO,7,0,6,1,0
Cook,Riverbend,Democratic Party Question 4 <br>Should Georgia reduce sales taxes on Made in Georgia products so as to support the growth of small businesses in our state?,,DEM,NO,4,0,2,2,0
Cook,Sparks,Democratic Party Question 4 <br>Should Georgia reduce sales taxes on Made in Georgia products so as to support the growth of small businesses in our state?,,DEM,NO,13,0,12,1,0
Cook,,Supreme Court Justice, Hunstein,,CAROL W. HUNSTEIN,2718,85,1753,880,0
Cook,Cecil,Supreme Court Justice, Hunstein,,CAROL W. HUNSTEIN,316,12,208,96,0
Cook,Delle Beamguard,Supreme Court Justice, Hunstein,,CAROL W. HUNSTEIN,670,25,374,271,0
Cook,Elm Pine,Supreme Court Justice, Hunstein,,CAROL W. HUNSTEIN,124,4,95,25,0
Cook,Lenox,Supreme Court Justice, Hunstein,,CAROL W. HUNSTEIN,390,6,310,74,0
Cook,Massee,Supreme Court Justice, Hunstein,,CAROL W. HUNSTEIN,256,4,161,91,0
Cook,New Life Bapt. Church,Supreme Court Justice, Hunstein,,CAROL W. HUNSTEIN,380,5,260,115,0
Cook,Riverbend,Supreme Court Justice, Hunstein,,CAROL W. HUNSTEIN,397,18,205,174,0
Cook,Sparks,Supreme Court Justice, Hunstein,,CAROL W. HUNSTEIN,185,11,140,34,0
Cook,,Supreme Court Justice, Hunstein,,Write-in,10,0,5,5,0
Cook,Cecil,Supreme Court Justice, Hunstein,,Write-in,1,0,0,1,0
Cook,Delle Beamguard,Supreme Court Justice, Hunstein,,Write-in,4,0,2,2,0
Cook,Elm Pine,Supreme Court Justice, Hunstein,,Write-in,1,0,1,0,0
Cook,Lenox,Supreme Court Justice, Hunstein,,Write-in,0,0,0,0,0
Cook,Massee,Supreme Court Justice, Hunstein,,Write-in,1,0,1,0,0
Cook,New Life Bapt. Church,Supreme Court Justice, Hunstein,,Write-in,0,0,0,0,0
Cook,Riverbend,Supreme Court Justice, Hunstein,,Write-in,1,0,0,1,0
Cook,Sparks,Supreme Court Justice, Hunstein,,Write-in,2,0,1,1,0
Cook,,Supreme Court Justice, Melton,,HAROLD D. MELTON ,2708,86,1736,886,0
Cook,Cecil,Supreme Court Justice, Melton,,HAROLD D. MELTON ,307,13,198,96,0
Cook,Delle Beamguard,Supreme Court Justice, Melton,,HAROLD D. MELTON ,679,25,377,277,0
Cook,Elm Pine,Supreme Court Justice, Melton,,HAROLD D. MELTON ,124,4,94,26,0
Cook,Lenox,Supreme Court Justice, Melton,,HAROLD D. MELTON ,376,6,298,72,0
Cook,Massee,Supreme Court Justice, Melton,,HAROLD D. MELTON ,251,4,160,87,0
Cook,New Life Bapt. Church,Supreme Court Justice, Melton,,HAROLD D. MELTON ,385,5,261,119,0
Cook,Riverbend,Supreme Court Justice, Melton,,HAROLD D. MELTON ,400,18,209,173,0
Cook,Sparks,Supreme Court Justice, Melton,,HAROLD D. MELTON ,186,11,139,36,0
Cook,,Supreme Court Justice, Melton,,Write-in,4,0,1,3,0
Cook,Cecil,Supreme Court Justice, Melton,,Write-in,2,0,1,1,0
Cook,Delle Beamguard,Supreme Court Justice, Melton,,Write-in,1,0,0,1,0
Cook,Elm Pine,Supreme Court Justice, Melton,,Write-in,0,0,0,0,0
Cook,Lenox,Supreme Court Justice, Melton,,Write-in,0,0,0,0,0
Cook,Massee,Supreme Court Justice, Melton,,Write-in,0,0,0,0,0
Cook,New Life Bapt. Church,Supreme Court Justice, Melton,,Write-in,0,0,0,0,0
Cook,Riverbend,Supreme Court Justice, Melton,,Write-in,1,0,0,1,0
Cook,Sparks,Supreme Court Justice, Melton,,Write-in,0,0,0,0,0
Cook,,Supreme Court Justice, Thompson,,HUGH P. THOMPSON ,2683,86,1726,871,0
Cook,Cecil,Supreme Court Justice, Thompson,,HUGH P. THOMPSON ,315,13,204,98,0
Cook,Delle Beamguard,Supreme Court Justice, Thompson,,HUGH P. THOMPSON ,665,25,370,270,0
Cook,Elm Pine,Supreme Court Justice, Thompson,,HUGH P. THOMPSON ,119,4,92,23,0
Cook,Lenox,Supreme Court Justice, Thompson,,HUGH P. THOMPSON ,370,6,292,72,0
Cook,Massee,Supreme Court Justice, Thompson,,HUGH P. THOMPSON ,248,4,160,84,0
Cook,New Life Bapt. Church,Supreme Court Justice, Thompson,,HUGH P. THOMPSON ,384,5,264,115,0
Cook,Riverbend,Supreme Court Justice, Thompson,,HUGH P. THOMPSON ,398,18,206,174,0
Cook,Sparks,Supreme Court Justice, Thompson,,HUGH P. THOMPSON ,184,11,138,35,0
Cook,,Supreme Court Justice, Thompson,,Write-in,4,0,2,2,0
Cook,Cecil,Supreme Court Justice, Thompson,,Write-in,1,0,1,0,0
Cook,Delle Beamguard,Supreme Court Justice, Thompson,,Write-in,2,0,1,1,0
Cook,Elm Pine,Supreme Court Justice, Thompson,,Write-in,0,0,0,0,0
Cook,Lenox,Supreme Court Justice, Thompson,,Write-in,0,0,0,0,0
Cook,Massee,Supreme Court Justice, Thompson,,Write-in,0,0,0,0,0
Cook,New Life Bapt. Church,Supreme Court Justice, Thompson,,Write-in,0,0,0,0,0
Cook,Riverbend,Supreme Court Justice, Thompson,,Write-in,1,0,0,1,0
Cook,Sparks,Supreme Court Justice, Thompson,,Write-in,0,0,0,0,0
Cook,,Appeals Court Judge, Boggs,,MICHAEL P. BOGGS,2627,82,1687,858,0
Cook,Cecil,Appeals Court Judge, Boggs,,MICHAEL P. BOGGS,303,13,197,93,0
Cook,Delle Beamguard,Appeals Court Judge, Boggs,,MICHAEL P. BOGGS,656,22,366,268,0
Cook,Elm Pine,Appeals Court Judge, Boggs,,MICHAEL P. BOGGS,112,4,86,22,0
Cook,Lenox,Appeals Court Judge, Boggs,,MICHAEL P. BOGGS,367,6,290,71,0
Cook,Massee,Appeals Court Judge, Boggs,,MICHAEL P. BOGGS,250,4,160,86,0
Cook,New Life Bapt. Church,Appeals Court Judge, Boggs,,MICHAEL P. BOGGS,375,5,258,112,0
Cook,Riverbend,Appeals Court Judge, Boggs,,MICHAEL P. BOGGS,388,17,199,172,0
Cook,Sparks,Appeals Court Judge, Boggs,,MICHAEL P. BOGGS,176,11,131,34,0
Cook,,Appeals Court Judge, Boggs,,Write-in,7,3,2,2,0
Cook,Cecil,Appeals Court Judge, Boggs,,Write-in,1,0,1,0,0
Cook,Delle Beamguard,Appeals Court Judge, Boggs,,Write-in,5,3,1,1,0
Cook,Elm Pine,Appeals Court Judge, Boggs,,Write-in,0,0,0,0,0
Cook,Lenox,Appeals Court Judge, Boggs,,Write-in,0,0,0,0,0
Cook,Massee,Appeals Court Judge, Boggs,,Write-in,0,0,0,0,0
Cook,New Life Bapt. Church,Appeals Court Judge, Boggs,,Write-in,0,0,0,0,0
Cook,Riverbend,Appeals Court Judge, Boggs,,Write-in,1,0,0,1,0
Cook,Sparks,Appeals Court Judge, Boggs,,Write-in,0,0,0,0,0
Cook,,Appeals Court Judge, Dillard,,STEPHEN DILLARD ,2642,86,1698,858,0
Cook,Cecil,Appeals Court Judge, Dillard,,STEPHEN DILLARD ,310,13,200,97,0
Cook,Delle Beamguard,Appeals Court Judge, Dillard,,STEPHEN DILLARD ,653,25,365,263,0
Cook,Elm Pine,Appeals Court Judge, Dillard,,STEPHEN DILLARD ,117,4,89,24,0
Cook,Lenox,Appeals Court Judge, Dillard,,STEPHEN DILLARD ,372,6,295,71,0
Cook,Massee,Appeals Court Judge, Dillard,,STEPHEN DILLARD ,252,4,163,85,0
Cook,New Life Bapt. Church,Appeals Court Judge, Dillard,,STEPHEN DILLARD ,369,5,252,112,0
Cook,Riverbend,Appeals Court Judge, Dillard,,STEPHEN DILLARD ,390,18,199,173,0
Cook,Sparks,Appeals Court Judge, Dillard,,STEPHEN DILLARD ,179,11,135,33,0
Cook,,Appeals Court Judge, Dillard,,Write-in,3,0,2,1,0
Cook,Cecil,Appeals Court Judge, Dillard,,Write-in,1,0,1,0,0
Cook,Delle Beamguard,Appeals Court Judge, Dillard,,Write-in,2,0,1,1,0
Cook,Elm Pine,Appeals Court Judge, Dillard,,Write-in,0,0,0,0,0
Cook,Lenox,Appeals Court Judge, Dillard,,Write-in,0,0,0,0,0
Cook,Massee,Appeals Court Judge, Dillard,,Write-in,0,0,0,0,0
Cook,New Life Bapt. Church,Appeals Court Judge, Dillard,,Write-in,0,0,0,0,0
Cook,Riverbend,Appeals Court Judge, Dillard,,Write-in,0,0,0,0,0
Cook,Sparks,Appeals Court Judge, Dillard,,Write-in,0,0,0,0,0
Cook,,Appeals Court Judge, Ellington,,JOHN J. ELLINGTON,2637,86,1695,856,0
Cook,Cecil,Appeals Court Judge, Ellington,,JOHN J. ELLINGTON,305,13,198,94,0
Cook,Delle Beamguard,Appeals Court Judge, Ellington,,JOHN J. ELLINGTON,656,25,367,264,0
Cook,Elm Pine,Appeals Court Judge, Ellington,,JOHN J. ELLINGTON,112,4,84,24,0
Cook,Lenox,Appeals Court Judge, Ellington,,JOHN J. ELLINGTON,373,6,296,71,0
Cook,Massee,Appeals Court Judge, Ellington,,JOHN J. ELLINGTON,253,4,162,87,0
Cook,New Life Bapt. Church,Appeals Court Judge, Ellington,,JOHN J. ELLINGTON,370,5,253,112,0
Cook,Riverbend,Appeals Court Judge, Ellington,,JOHN J. ELLINGTON,385,18,197,170,0
Cook,Sparks,Appeals Court Judge, Ellington,,JOHN J. ELLINGTON,183,11,138,34,0
Cook,,Appeals Court Judge, Ellington,,Write-in,2,0,1,1,0
Cook,Cecil,Appeals Court Judge, Ellington,,Write-in,1,0,1,0,0
Cook,Delle Beamguard,Appeals Court Judge, Ellington,,Write-in,1,0,0,1,0
Cook,Elm Pine,Appeals Court Judge, Ellington,,Write-in,0,0,0,0,0
Cook,Lenox,Appeals Court Judge, Ellington,,Write-in,0,0,0,0,0
Cook,Massee,Appeals Court Judge, Ellington,,Write-in,0,0,0,0,0
Cook,New Life Bapt. Church,Appeals Court Judge, Ellington,,Write-in,0,0,0,0,0
Cook,Riverbend,Appeals Court Judge, Ellington,,Write-in,0,0,0,0,0
Cook,Sparks,Appeals Court Judge, Ellington,,Write-in,0,0,0,0,0
Cook,,Appeals Court Judge, Miller,,M. YVETTE MILLER ,2603,85,1670,848,0
Cook,Cecil,Appeals Court Judge, Miller,,M. YVETTE MILLER ,300,13,193,94,0
Cook,Delle Beamguard,Appeals Court Judge, Miller,,M. YVETTE MILLER ,654,25,364,265,0
Cook,Elm Pine,Appeals Court Judge, Miller,,M. YVETTE MILLER ,119,4,91,24,0
Cook,Lenox,Appeals Court Judge, Miller,,M. YVETTE MILLER ,360,6,285,69,0
Cook,Massee,Appeals Court Judge, Miller,,M. YVETTE MILLER ,246,4,155,87,0
Cook,New Life Bapt. Church,Appeals Court Judge, Miller,,M. YVETTE MILLER ,366,4,252,110,0
Cook,Riverbend,Appeals Court Judge, Miller,,M. YVETTE MILLER ,380,18,197,165,0
Cook,Sparks,Appeals Court Judge, Miller,,M. YVETTE MILLER ,178,11,133,34,0
Cook,,Appeals Court Judge, Miller,,Write-in,3,0,1,2,0
Cook,Cecil,Appeals Court Judge, Miller,,Write-in,1,0,1,0,0
Cook,Delle Beamguard,Appeals Court Judge, Miller,,Write-in,1,0,0,1,0
Cook,Elm Pine,Appeals Court Judge, Miller,,Write-in,0,0,0,0,0
Cook,Lenox,Appeals Court Judge, Miller,,Write-in,0,0,0,0,0
Cook,Massee,Appeals Court Judge, Miller,,Write-in,0,0,0,0,0
Cook,New Life Bapt. Church,Appeals Court Judge, Miller,,Write-in,0,0,0,0,0
Cook,Riverbend,Appeals Court Judge, Miller,,Write-in,1,0,0,1,0
Cook,Sparks,Appeals Court Judge, Miller,,Write-in,0,0,0,0,0
Cook,,Appeals Court Judge, Phipps,,HERBERT PHIPPS ,2605,84,1669,852,0
Cook,Cecil,Appeals Court Judge, Phipps,,HERBERT PHIPPS ,300,13,195,92,0
Cook,Delle Beamguard,Appeals Court Judge, Phipps,,HERBERT PHIPPS ,654,25,364,265,0
Cook,Elm Pine,Appeals Court Judge, Phipps,,HERBERT PHIPPS ,115,4,87,24,0
Cook,Lenox,Appeals Court Judge, Phipps,,HERBERT PHIPPS ,363,6,288,69,0
Cook,Massee,Appeals Court Judge, Phipps,,HERBERT PHIPPS ,247,4,154,89,0
Cook,New Life Bapt. Church,Appeals Court Judge, Phipps,,HERBERT PHIPPS ,365,4,251,110,0
Cook,Riverbend,Appeals Court Judge, Phipps,,HERBERT PHIPPS ,382,17,197,168,0
Cook,Sparks,Appeals Court Judge, Phipps,,HERBERT PHIPPS ,179,11,133,35,0
Cook,,Appeals Court Judge, Phipps,,Write-in,3,0,1,2,0
Cook,Cecil,Appeals Court Judge, Phipps,,Write-in,1,0,1,0,0
Cook,Delle Beamguard,Appeals Court Judge, Phipps,,Write-in,1,0,0,1,0
Cook,Elm Pine,Appeals Court Judge, Phipps,,Write-in,0,0,0,0,0
Cook,Lenox,Appeals Court Judge, Phipps,,Write-in,0,0,0,0,0
Cook,Massee,Appeals Court Judge, Phipps,,Write-in,0,0,0,0,0
Cook,New Life Bapt. Church,Appeals Court Judge, Phipps,,Write-in,0,0,0,0,0
Cook,Riverbend,Appeals Court Judge, Phipps,,Write-in,1,0,0,1,0
Cook,Sparks,Appeals Court Judge, Phipps,,Write-in,0,0,0,0,0
Cook,,Superior Court Judge, Alapaha Circuit (Perkins),,CARSON PERKINS ,2817,97,1782,938,0
Cook,Cecil,Superior Court Judge, Alapaha Circuit (Perkins),,CARSON PERKINS ,319,16,197,106,0
Cook,Delle Beamguard,Superior Court Judge, Alapaha Circuit (Perkins),,CARSON PERKINS ,697,25,381,291,0
Cook,Elm Pine,Superior Court Judge, Alapaha Circuit (Perkins),,CARSON PERKINS ,127,4,97,26,0
Cook,Lenox,Superior Court Judge, Alapaha Circuit (Perkins),,CARSON PERKINS ,400,6,315,79,0
Cook,Massee,Superior Court Judge, Alapaha Circuit (Perkins),,CARSON PERKINS ,270,5,170,95,0
Cook,New Life Bapt. Church,Superior Court Judge, Alapaha Circuit (Perkins),,CARSON PERKINS ,398,6,273,119,0
Cook,Riverbend,Superior Court Judge, Alapaha Circuit (Perkins),,CARSON PERKINS ,418,24,212,182,0
Cook,Sparks,Superior Court Judge, Alapaha Circuit (Perkins),,CARSON PERKINS ,188,11,137,40,0
Cook,,Superior Court Judge, Alapaha Circuit (Perkins),,Write-in,12,2,5,5,0
Cook,Cecil,Superior Court Judge, Alapaha Circuit (Perkins),,Write-in,1,0,1,0,0
Cook,Delle Beamguard,Superior Court Judge, Alapaha Circuit (Perkins),,Write-in,5,2,1,2,0
Cook,Elm Pine,Superior Court Judge, Alapaha Circuit (Perkins),,Write-in,0,0,0,0,0
Cook,Lenox,Superior Court Judge, Alapaha Circuit (Perkins),,Write-in,3,0,2,1,0
Cook,Massee,Superior Court Judge, Alapaha Circuit (Perkins),,Write-in,1,0,0,1,0
Cook,New Life Bapt. Church,Superior Court Judge, Alapaha Circuit (Perkins),,Write-in,1,0,1,0,0
Cook,Riverbend,Superior Court Judge, Alapaha Circuit (Perkins),,Write-in,0,0,0,0,0
Cook,Sparks,Superior Court Judge, Alapaha Circuit (Perkins),,Write-in,1,0,0,1,0
Cook,,JUDGE, PROBATE COURT,,CHASE DAUGHTREY ,2971,97,1926,948,0
Cook,Cecil,JUDGE, PROBATE COURT,,CHASE DAUGHTREY ,349,15,222,112,0
Cook,Delle Beamguard,JUDGE, PROBATE COURT,,CHASE DAUGHTREY ,729,25,414,290,0
Cook,Elm Pine,JUDGE, PROBATE COURT,,CHASE DAUGHTREY ,137,4,104,29,0
Cook,Lenox,JUDGE, PROBATE COURT,,CHASE DAUGHTREY ,443,9,359,75,0
Cook,Massee,JUDGE, PROBATE COURT,,CHASE DAUGHTREY ,278,5,173,100,0
Cook,New Life Bapt. Church,JUDGE, PROBATE COURT,,CHASE DAUGHTREY ,401,5,276,120,0
Cook,Riverbend,JUDGE, PROBATE COURT,,CHASE DAUGHTREY ,429,23,224,182,0
Cook,Sparks,JUDGE, PROBATE COURT,,CHASE DAUGHTREY ,205,11,154,40,0
Cook,,JUDGE, PROBATE COURT,,Write-in,54,4,13,37,0
Cook,Cecil,JUDGE, PROBATE COURT,,Write-in,5,0,4,1,0
Cook,Delle Beamguard,JUDGE, PROBATE COURT,,Write-in,16,2,1,13,0
Cook,Elm Pine,JUDGE, PROBATE COURT,,Write-in,0,0,0,0,0
Cook,Lenox,JUDGE, PROBATE COURT,,Write-in,10,0,0,10,0
Cook,Massee,JUDGE, PROBATE COURT,,Write-in,1,0,1,0,0
Cook,New Life Bapt. Church,JUDGE, PROBATE COURT,,Write-in,9,0,4,5,0
Cook,Riverbend,JUDGE, PROBATE COURT,,Write-in,11,2,2,7,0
Cook,Sparks,JUDGE, PROBATE COURT,,Write-in,2,0,1,1,0
Cook,,TSPLOST,,,YES,1545,55,953,537,0
Cook,Cecil,TSPLOST,,,YES,138,6,90,42,0
Cook,Delle Beamguard,TSPLOST,,,YES,399,14,198,187,0
Cook,Elm Pine,TSPLOST,,,YES,101,3,77,21,0
Cook,Lenox,TSPLOST,,,YES,250,5,196,49,0
Cook,Massee,TSPLOST,,,YES,124,4,73,47,0
Cook,New Life Bapt. Church,TSPLOST,,,YES,198,4,132,62,0
Cook,Riverbend,TSPLOST,,,YES,235,11,114,110,0
Cook,Sparks,TSPLOST,,,YES,100,8,73,19,0
Cook,,TSPLOST,,,NO,1824,50,1207,566,1
Cook,Cecil,TSPLOST,,,NO,245,10,160,75,0
Cook,Delle Beamguard,TSPLOST,,,NO,437,15,264,158,0
Cook,Elm Pine,TSPLOST,,,NO,50,1,37,12,0
Cook,Lenox,TSPLOST,,,NO,238,1,193,44,0
Cook,Massee,TSPLOST,,,NO,183,2,117,64,0
Cook,New Life Bapt. Church,TSPLOST,,,NO,265,3,185,77,0
Cook,Riverbend,TSPLOST,,,NO,277,14,152,110,1
Cook,Sparks,TSPLOST,,,NO,129,4,99,26,0
Cook,,(S.E.),,,LILLIAN N MCCLELLAND,119,0,97,22,0
Cook,Lenox,(S.E.),,,LILLIAN N MCCLELLAND,119,0,97,22,0
Cook,,(S.E.),,,CAROLYNE SANDERS,83,3,77,3,0
Cook,Lenox,(S.E.),,,CAROLYNE SANDERS,83,3,77,3,0
Cook,,(S.E.),,,Write-in,0,0,0,0,0
Cook,Lenox,(S.E.),,,Write-in,0,0,0,0,0
