county,precinct,office,district,party,candidate,votes,absentee_by_mail,election_day,advance_in_person,provisional
Tift,,"Public Service Commission, District 3",3,REP,CHUCK EATON (I),3951,96,2082,1772,1
Tift,Tifton Northeast,"Public Service Commission, District 3",3,REP,CHUCK EATON (I),517,27,205,285,0
Tift,Brighton,"Public Service Commission, District 3",3,REP,CHUCK EATON (I),502,3,267,232,0
Tift,Brookfield,"Public Service Commission, District 3",3,REP,CHUCK EATON (I),266,3,157,106,0
Tift,Chula,"Public Service Commission, District 3",3,REP,CHUCK EATON (I),327,4,205,118,0
Tift,Docia,"Public Service Commission, District 3",3,REP,CHUCK EATON (I),275,0,171,104,0
Tift,Eldorado,"Public Service Commission, District 3",3,REP,CHUCK EATON (I),220,3,135,82,0
Tift,Omega,"Public Service Commission, District 3",3,REP,CHUCK EATON (I),119,2,104,13,0
Tift,Ty Ty,"Public Service Commission, District 3",3,REP,CHUCK EATON (I),229,3,153,72,1
Tift,Tifton Northwest,"Public Service Commission, District 3",3,REP,CHUCK EATON (I),600,20,248,332,0
Tift,Tifton South,"Public Service Commission, District 3",3,REP,CHUCK EATON (I),171,5,82,84,0
Tift,Mott-Littman Gym,"Public Service Commission, District 3",3,REP,CHUCK EATON (I),209,7,110,92,0
Tift,Tifton Lodge,"Public Service Commission, District 3",3,REP,CHUCK EATON (I),516,19,245,252,0
Tift,,"Public Service Commission, District 3",3,REP,MATT REID,2255,38,1258,956,3
Tift,Tifton Northeast,"Public Service Commission, District 3",3,REP,MATT REID,273,6,106,161,0
Tift,Brighton,"Public Service Commission, District 3",3,REP,MATT REID,246,7,131,108,0
Tift,Brookfield,"Public Service Commission, District 3",3,REP,MATT REID,189,6,132,50,1
Tift,Chula,"Public Service Commission, District 3",3,REP,MATT REID,198,0,120,78,0
Tift,Docia,"Public Service Commission, District 3",3,REP,MATT REID,128,3,81,43,1
Tift,Eldorado,"Public Service Commission, District 3",3,REP,MATT REID,118,0,72,46,0
Tift,Omega,"Public Service Commission, District 3",3,REP,MATT REID,81,1,62,18,0
Tift,Ty Ty,"Public Service Commission, District 3",3,REP,MATT REID,122,2,90,30,0
Tift,Tifton Northwest,"Public Service Commission, District 3",3,REP,MATT REID,287,5,144,138,0
Tift,Tifton South,"Public Service Commission, District 3",3,REP,MATT REID,137,0,82,55,0
Tift,Mott-Littman Gym,"Public Service Commission, District 3",3,REP,MATT REID,188,2,109,77,0
Tift,Tifton Lodge,"Public Service Commission, District 3",3,REP,MATT REID,288,6,129,152,1
Tift,,"Public Service Commission, District 3",3,DEM,STEPHEN OPPENHEIMER,432,17,269,146,0
Tift,Tifton Northeast,"Public Service Commission, District 3",3,DEM,STEPHEN OPPENHEIMER,51,5,30,16,0
Tift,Brighton,"Public Service Commission, District 3",3,DEM,STEPHEN OPPENHEIMER,27,1,17,9,0
Tift,Brookfield,"Public Service Commission, District 3",3,DEM,STEPHEN OPPENHEIMER,8,1,6,1,0
Tift,Chula,"Public Service Commission, District 3",3,DEM,STEPHEN OPPENHEIMER,5,0,2,3,0
Tift,Docia,"Public Service Commission, District 3",3,DEM,STEPHEN OPPENHEIMER,10,0,9,1,0
Tift,Eldorado,"Public Service Commission, District 3",3,DEM,STEPHEN OPPENHEIMER,7,0,1,6,0
Tift,Omega,"Public Service Commission, District 3",3,DEM,STEPHEN OPPENHEIMER,18,0,17,1,0
Tift,Ty Ty,"Public Service Commission, District 3",3,DEM,STEPHEN OPPENHEIMER,17,0,16,1,0
Tift,Tifton Northwest,"Public Service Commission, District 3",3,DEM,STEPHEN OPPENHEIMER,55,1,33,21,0
Tift,Tifton South,"Public Service Commission, District 3",3,DEM,STEPHEN OPPENHEIMER,79,3,47,29,0
Tift,Mott-Littman Gym,"Public Service Commission, District 3",3,DEM,STEPHEN OPPENHEIMER,84,5,45,34,0
Tift,Tifton Lodge,"Public Service Commission, District 3",3,DEM,STEPHEN OPPENHEIMER,71,1,46,24,0
Tift,,"Public Service Commission, District 5",5,REP,PAM DAVIDSON,2449,52,1353,1041,3
Tift,Tifton Northeast,"Public Service Commission, District 5",5,REP,PAM DAVIDSON,302,10,118,174,0
Tift,Brighton,"Public Service Commission, District 5",5,REP,PAM DAVIDSON,290,8,156,126,0
Tift,Brookfield,"Public Service Commission, District 5",5,REP,PAM DAVIDSON,188,4,127,56,1
Tift,Chula,"Public Service Commission, District 5",5,REP,PAM DAVIDSON,197,0,122,75,0
Tift,Docia,"Public Service Commission, District 5",5,REP,PAM DAVIDSON,130,2,86,41,1
Tift,Eldorado,"Public Service Commission, District 5",5,REP,PAM DAVIDSON,115,2,77,36,0
Tift,Omega,"Public Service Commission, District 5",5,REP,PAM DAVIDSON,84,2,65,17,0
Tift,Ty Ty,"Public Service Commission, District 5",5,REP,PAM DAVIDSON,153,2,105,46,0
Tift,Tifton Northwest,"Public Service Commission, District 5",5,REP,PAM DAVIDSON,325,7,149,169,0
Tift,Tifton South,"Public Service Commission, District 5",5,REP,PAM DAVIDSON,142,0,84,58,0
Tift,Mott-Littman Gym,"Public Service Commission, District 5",5,REP,PAM DAVIDSON,208,5,119,84,0
Tift,Tifton Lodge,"Public Service Commission, District 5",5,REP,PAM DAVIDSON,315,10,145,159,1
Tift,,"Public Service Commission, District 5",5,REP,STAN WISE (I),3618,84,1891,1642,1
Tift,Tifton Northeast,"Public Service Commission, District 5",5,REP,STAN WISE (I),475,24,186,265,0
Tift,Brighton,"Public Service Commission, District 5",5,REP,STAN WISE (I),455,2,239,214,0
Tift,Brookfield,"Public Service Commission, District 5",5,REP,STAN WISE (I),259,5,153,101,0
Tift,Chula,"Public Service Commission, District 5",5,REP,STAN WISE (I),305,4,188,113,0
Tift,Docia,"Public Service Commission, District 5",5,REP,STAN WISE (I),265,1,158,106,0
Tift,Eldorado,"Public Service Commission, District 5",5,REP,STAN WISE (I),215,2,121,92,0
Tift,Omega,"Public Service Commission, District 5",5,REP,STAN WISE (I),107,0,94,13,0
Tift,Ty Ty,"Public Service Commission, District 5",5,REP,STAN WISE (I),188,3,132,52,1
Tift,Tifton Northwest,"Public Service Commission, District 5",5,REP,STAN WISE (I),552,18,237,297,0
Tift,Tifton South,"Public Service Commission, District 5",5,REP,STAN WISE (I),152,5,75,72,0
Tift,Mott-Littman Gym,"Public Service Commission, District 5",5,REP,STAN WISE (I),177,5,93,79,0
Tift,Tifton Lodge,"Public Service Commission, District 5",5,REP,STAN WISE (I),468,15,215,238,0
Tift,,"U.S. Representative, District 8",8,REP,AUSTIN SCOTT (I),6313,135,3406,2767,5
Tift,Tifton Northeast,"U.S. Representative, District 8",8,REP,AUSTIN SCOTT (I),824,36,318,470,0
Tift,Brighton,"U.S. Representative, District 8",8,REP,AUSTIN SCOTT (I),785,8,421,356,0
Tift,Brookfield,"U.S. Representative, District 8",8,REP,AUSTIN SCOTT (I),458,8,280,169,1
Tift,Chula,"U.S. Representative, District 8",8,REP,AUSTIN SCOTT (I),533,5,336,192,0
Tift,Docia,"U.S. Representative, District 8",8,REP,AUSTIN SCOTT (I),407,0,266,140,1
Tift,Eldorado,"U.S. Representative, District 8",8,REP,AUSTIN SCOTT (I),349,4,214,131,0
Tift,Omega,"U.S. Representative, District 8",8,REP,AUSTIN SCOTT (I),201,3,171,27,0
Tift,Ty Ty,"U.S. Representative, District 8",8,REP,AUSTIN SCOTT (I),353,4,240,108,1
Tift,Tifton Northwest,"U.S. Representative, District 8",8,REP,AUSTIN SCOTT (I),900,24,402,474,0
Tift,Tifton South,"U.S. Representative, District 8",8,REP,AUSTIN SCOTT (I),303,6,163,134,0
Tift,Mott-Littman Gym,"U.S. Representative, District 8",8,REP,AUSTIN SCOTT (I),386,10,211,164,1
Tift,Tifton Lodge,"U.S. Representative, District 8",8,REP,AUSTIN SCOTT (I),814,27,384,402,1
Tift,,"State Senator, District 7",7,REP,TYLER HARPER,828,9,475,344,0
Tift,Brighton,"State Senator, District 7",7,REP,TYLER HARPER,519,4,286,229,0
Tift,Brookfield,"State Senator, District 7",7,REP,TYLER HARPER,309,5,189,115,0
Tift,,"State Senator, District 7",7,REP,MARK HATFIELD,310,4,199,106,1
Tift,Brighton,"State Senator, District 7",7,REP,MARK HATFIELD,173,0,103,70,0
Tift,Brookfield,"State Senator, District 7",7,REP,MARK HATFIELD,137,4,96,36,1
Tift,,"State Senator, District 7",7,REP,RODNEY VICKERS,123,5,60,58,0
Tift,Brighton,"State Senator, District 7",7,REP,RODNEY VICKERS,94,5,42,47,0
Tift,Brookfield,"State Senator, District 7",7,REP,RODNEY VICKERS,29,0,18,11,0
Tift,,"State Senator, District 7",7,DEM,DONALD MITCHELL,36,2,25,9,0
Tift,Brighton,"State Senator, District 7",7,DEM,DONALD MITCHELL,26,1,17,8,0
Tift,Brookfield,"State Senator, District 7",7,DEM,DONALD MITCHELL,10,1,8,1,0
Tift,,"State Senator, District 13",13,REP,JOHN D CROSBY (I),4909,120,2560,2226,3
Tift,Tifton Northeast,"State Senator, District 13",13,REP,JOHN D CROSBY (I),828,35,317,476,0
Tift,Chula,"State Senator, District 13",13,REP,JOHN D CROSBY (I),505,5,316,184,0
Tift,Docia,"State Senator, District 13",13,REP,JOHN D CROSBY (I),403,1,256,145,1
Tift,Eldorado,"State Senator, District 13",13,REP,JOHN D CROSBY (I),336,4,204,128,0
Tift,Omega,"State Senator, District 13",13,REP,JOHN D CROSBY (I),189,2,163,24,0
Tift,Ty Ty,"State Senator, District 13",13,REP,JOHN D CROSBY (I),342,4,229,108,1
Tift,Tifton Northwest,"State Senator, District 13",13,REP,JOHN D CROSBY (I),888,27,379,482,0
Tift,Tifton South,"State Senator, District 13",13,REP,JOHN D CROSBY (I),281,6,147,128,0
Tift,Mott-Littman Gym,"State Senator, District 13",13,REP,JOHN D CROSBY (I),354,9,184,160,1
Tift,Tifton Lodge,"State Senator, District 13",13,REP,JOHN D CROSBY (I),783,27,365,391,0
Tift,,"State Representative, District 155",155,REP,JAY ROBERTS (I),2443,42,1314,1086,1
Tift,Brighton,"State Representative, District 155",155,REP,JAY ROBERTS (I),738,7,398,333,0
Tift,Chula,"State Representative, District 155",155,REP,JAY ROBERTS (I),504,5,315,184,0
Tift,Ty Ty,"State Representative, District 155",155,REP,JAY ROBERTS (I),338,4,229,104,1
Tift,Tifton Northwest,"State Representative, District 155",155,REP,JAY ROBERTS (I),843,25,367,451,0
Tift,Tifton Lodge,"State Representative, District 155",155,REP,JAY ROBERTS (I),20,1,5,14,0
Tift,,"State Representative, District 170",170,REP,PENNY HOUSTON (I),2134,72,993,1067,2
Tift,Tifton Northeast,"State Representative, District 170",170,REP,PENNY HOUSTON (I),771,33,297,441,0
Tift,Brighton,"State Representative, District 170",170,REP,PENNY HOUSTON (I),20,0,5,15,0
Tift,Brookfield,"State Representative, District 170",170,REP,PENNY HOUSTON (I),403,8,245,149,1
Tift,Tifton Northwest,"State Representative, District 170",170,REP,PENNY HOUSTON (I),13,2,4,7,0
Tift,Mott-Littman Gym,"State Representative, District 170",170,REP,PENNY HOUSTON (I),229,4,119,105,1
Tift,Tifton Lodge,"State Representative, District 170",170,REP,PENNY HOUSTON (I),698,25,323,350,0
Tift,,"State Representative, District 172",172,REP,SAM WATSON,1218,19,768,430,1
Tift,Docia,"State Representative, District 172",172,REP,SAM WATSON,359,0,229,129,1
Tift,Eldorado,"State Representative, District 172",172,REP,SAM WATSON,310,5,185,120,0
Tift,Omega,"State Representative, District 172",172,REP,SAM WATSON,181,3,155,23,0
Tift,Tifton South,"State Representative, District 172",172,REP,SAM WATSON,268,6,140,122,0
Tift,Mott-Littman Gym,"State Representative, District 172",172,REP,SAM WATSON,100,5,59,36,0
Tift,,"District Attorney, Tifton Circuit", Tifton Circuit - REP,REP,PAUL BOWDEN (I),5771,136,3062,2569,4
Tift,Tifton Northeast,"District Attorney, Tifton Circuit", Tifton Circuit - REP,REP,PAUL BOWDEN (I),758,34,291,433,0
Tift,Brighton,"District Attorney, Tifton Circuit", Tifton Circuit - REP,REP,PAUL BOWDEN (I),724,8,391,325,0
Tift,Brookfield,"District Attorney, Tifton Circuit", Tifton Circuit - REP,REP,PAUL BOWDEN (I),416,8,254,153,1
Tift,Chula,"District Attorney, Tifton Circuit", Tifton Circuit - REP,REP,PAUL BOWDEN (I),476,5,298,173,0
Tift,Docia,"District Attorney, Tifton Circuit", Tifton Circuit - REP,REP,PAUL BOWDEN (I),375,2,236,136,1
Tift,Eldorado,"District Attorney, Tifton Circuit", Tifton Circuit - REP,REP,PAUL BOWDEN (I),315,4,194,117,0
Tift,Omega,"District Attorney, Tifton Circuit", Tifton Circuit - REP,REP,PAUL BOWDEN (I),183,3,157,23,0
Tift,Ty Ty,"District Attorney, Tifton Circuit", Tifton Circuit - REP,REP,PAUL BOWDEN (I),336,4,223,108,1
Tift,Tifton Northwest,"District Attorney, Tifton Circuit", Tifton Circuit - REP,REP,PAUL BOWDEN (I),842,24,360,458,0
Tift,Tifton South,"District Attorney, Tifton Circuit", Tifton Circuit - REP,REP,PAUL BOWDEN (I),263,6,135,122,0
Tift,Mott-Littman Gym,"District Attorney, Tifton Circuit", Tifton Circuit - REP,REP,PAUL BOWDEN (I),337,10,174,152,1
Tift,Tifton Lodge,"District Attorney, Tifton Circuit", Tifton Circuit - REP,REP,PAUL BOWDEN (I),746,28,349,369,0
Tift,,"JUDGE, PROBATE COURT", PROBATE COURT - R,,SUZANNE C JOHNSON,6102,141,3229,2727,5
Tift,Tifton Northeast,"JUDGE, PROBATE COURT", PROBATE COURT - R,,SUZANNE C JOHNSON,810,35,306,469,0
Tift,Brighton,"JUDGE, PROBATE COURT", PROBATE COURT - R,,SUZANNE C JOHNSON,776,9,411,356,0
Tift,Brookfield,"JUDGE, PROBATE COURT", PROBATE COURT - R,,SUZANNE C JOHNSON,432,8,267,156,1
Tift,Chula,"JUDGE, PROBATE COURT", PROBATE COURT - R,,SUZANNE C JOHNSON,482,4,307,171,0
Tift,Docia,"JUDGE, PROBATE COURT", PROBATE COURT - R,,SUZANNE C JOHNSON,392,1,248,142,1
Tift,Eldorado,"JUDGE, PROBATE COURT", PROBATE COURT - R,,SUZANNE C JOHNSON,342,4,205,133,0
Tift,Omega,"JUDGE, PROBATE COURT", PROBATE COURT - R,,SUZANNE C JOHNSON,194,3,167,24,0
Tift,Ty Ty,"JUDGE, PROBATE COURT", PROBATE COURT - R,,SUZANNE C JOHNSON,344,4,230,109,1
Tift,Tifton Northwest,"JUDGE, PROBATE COURT", PROBATE COURT - R,,SUZANNE C JOHNSON,882,27,376,479,0
Tift,Tifton South,"JUDGE, PROBATE COURT", PROBATE COURT - R,,SUZANNE C JOHNSON,289,6,153,130,0
Tift,Mott-Littman Gym,"JUDGE, PROBATE COURT", PROBATE COURT - R,,SUZANNE C JOHNSON,360,9,190,160,1
Tift,Tifton Lodge,"JUDGE, PROBATE COURT", PROBATE COURT - R,,SUZANNE C JOHNSON,799,31,369,398,1
Tift,,"JUDGE, PROBATE COURT", PROBATE COURT - D,,TY TAYLOR,528,18,336,174,0
Tift,Tifton Northeast,"JUDGE, PROBATE COURT", PROBATE COURT - D,,TY TAYLOR,62,5,36,21,0
Tift,Brighton,"JUDGE, PROBATE COURT", PROBATE COURT - D,,TY TAYLOR,25,1,17,7,0
Tift,Brookfield,"JUDGE, PROBATE COURT", PROBATE COURT - D,,TY TAYLOR,13,1,11,1,0
Tift,Chula,"JUDGE, PROBATE COURT", PROBATE COURT - D,,TY TAYLOR,6,0,2,4,0
Tift,Docia,"JUDGE, PROBATE COURT", PROBATE COURT - D,,TY TAYLOR,14,0,11,3,0
Tift,Eldorado,"JUDGE, PROBATE COURT", PROBATE COURT - D,,TY TAYLOR,8,0,1,7,0
Tift,Omega,"JUDGE, PROBATE COURT", PROBATE COURT - D,,TY TAYLOR,19,0,19,0,0
Tift,Ty Ty,"JUDGE, PROBATE COURT", PROBATE COURT - D,,TY TAYLOR,30,0,27,3,0
Tift,Tifton Northwest,"JUDGE, PROBATE COURT", PROBATE COURT - D,,TY TAYLOR,64,1,38,25,0
Tift,Tifton South,"JUDGE, PROBATE COURT", PROBATE COURT - D,,TY TAYLOR,101,4,64,33,0
Tift,Mott-Littman Gym,"JUDGE, PROBATE COURT", PROBATE COURT - D,,TY TAYLOR,108,5,57,46,0
Tift,Tifton Lodge,"JUDGE, PROBATE COURT", PROBATE COURT - D,,TY TAYLOR,78,1,53,24,0
Tift,,"CLERK, SUPERIOR COURT", SUPERIOR COURT - R,,GWEN C. PATE ,6298,144,3359,2791,4
Tift,Tifton Northeast,"CLERK, SUPERIOR COURT", SUPERIOR COURT - R,,GWEN C. PATE ,820,36,314,470,0
Tift,Brighton,"CLERK, SUPERIOR COURT", SUPERIOR COURT - R,,GWEN C. PATE ,790,8,426,356,0
Tift,Brookfield,"CLERK, SUPERIOR COURT", SUPERIOR COURT - R,,GWEN C. PATE ,450,8,277,164,1
Tift,Chula,"CLERK, SUPERIOR COURT", SUPERIOR COURT - R,,GWEN C. PATE ,513,5,325,183,0
Tift,Docia,"CLERK, SUPERIOR COURT", SUPERIOR COURT - R,,GWEN C. PATE ,399,2,252,144,1
Tift,Eldorado,"CLERK, SUPERIOR COURT", SUPERIOR COURT - R,,GWEN C. PATE ,351,4,215,132,0
Tift,Omega,"CLERK, SUPERIOR COURT", SUPERIOR COURT - R,,GWEN C. PATE ,198,3,169,26,0
Tift,Ty Ty,"CLERK, SUPERIOR COURT", SUPERIOR COURT - R,,GWEN C. PATE ,360,4,242,113,1
Tift,Tifton Northwest,"CLERK, SUPERIOR COURT", SUPERIOR COURT - R,,GWEN C. PATE ,897,27,385,485,0
Tift,Tifton South,"CLERK, SUPERIOR COURT", SUPERIOR COURT - R,,GWEN C. PATE ,311,6,164,141,0
Tift,Mott-Littman Gym,"CLERK, SUPERIOR COURT", SUPERIOR COURT - R,,GWEN C. PATE ,405,10,217,177,1
Tift,Tifton Lodge,"CLERK, SUPERIOR COURT", SUPERIOR COURT - R,,GWEN C. PATE ,804,31,373,400,0
Tift,,SHERIFF,,,DENNIS REESE,2154,21,1277,854,2
Tift,Tifton Northeast,SHERIFF,,,DENNIS REESE,264,2,117,145,0
Tift,Brighton,SHERIFF,,,DENNIS REESE,190,0,108,82,0
Tift,Brookfield,SHERIFF,,,DENNIS REESE,69,0,40,29,0
Tift,Chula,SHERIFF,,,DENNIS REESE,147,0,87,60,0
Tift,Docia,SHERIFF,,,DENNIS REESE,96,0,59,37,0
Tift,Eldorado,SHERIFF,,,DENNIS REESE,62,0,42,20,0
Tift,Omega,SHERIFF,,,DENNIS REESE,25,3,19,3,0
Tift,Ty Ty,SHERIFF,,,DENNIS REESE,100,0,74,26,0
Tift,Tifton Northwest,SHERIFF,,,DENNIS REESE,260,2,141,117,0
Tift,Tifton South,SHERIFF,,,DENNIS REESE,260,1,175,84,0
Tift,Mott-Littman Gym,SHERIFF,,,DENNIS REESE,434,9,286,138,1
Tift,Tifton Lodge,SHERIFF,,,DENNIS REESE,247,4,129,113,1
Tift,,SHERIFF,,,D. GENE SCARBROUGH,2326,68,1277,981,0
Tift,Tifton Northeast,SHERIFF,,,D. GENE SCARBROUGH,284,21,97,166,0
Tift,Brighton,SHERIFF,,,D. GENE SCARBROUGH,349,6,188,155,0
Tift,Brookfield,SHERIFF,,,D. GENE SCARBROUGH,233,7,165,61,0
Tift,Chula,SHERIFF,,,D. GENE SCARBROUGH,207,4,146,57,0
Tift,Docia,SHERIFF,,,D. GENE SCARBROUGH,167,1,120,46,0
Tift,Eldorado,SHERIFF,,,D. GENE SCARBROUGH,164,1,105,58,0
Tift,Omega,SHERIFF,,,D. GENE SCARBROUGH,99,0,83,16,0
Tift,Ty Ty,SHERIFF,,,D. GENE SCARBROUGH,128,2,86,40,0
Tift,Tifton Northwest,SHERIFF,,,D. GENE SCARBROUGH,281,7,112,162,0
Tift,Tifton South,SHERIFF,,,D. GENE SCARBROUGH,78,3,27,48,0
Tift,Mott-Littman Gym,SHERIFF,,,D. GENE SCARBROUGH,57,0,23,34,0
Tift,Tifton Lodge,SHERIFF,,,D. GENE SCARBROUGH,279,16,125,138,0
Tift,,SHERIFF,,,STEVE WOOD,2983,75,1518,1386,4
Tift,Tifton Northeast,SHERIFF,,,STEVE WOOD,396,17,153,226,0
Tift,Brighton,SHERIFF,,,STEVE WOOD,371,4,202,165,0
Tift,Brookfield,SHERIFF,,,STEVE WOOD,224,3,131,89,1
Tift,Chula,SHERIFF,,,STEVE WOOD,245,1,146,98,0
Tift,Docia,SHERIFF,,,STEVE WOOD,200,2,120,77,1
Tift,Eldorado,SHERIFF,,,STEVE WOOD,171,5,97,69,0
Tift,Omega,SHERIFF,,,STEVE WOOD,101,2,85,14,0
Tift,Ty Ty,SHERIFF,,,STEVE WOOD,185,3,121,60,1
Tift,Tifton Northwest,SHERIFF,,,STEVE WOOD,492,20,206,266,0
Tift,Tifton South,SHERIFF,,,STEVE WOOD,98,2,46,50,0
Tift,Mott-Littman Gym,SHERIFF,,,STEVE WOOD,84,4,20,59,1
Tift,Tifton Lodge,SHERIFF,,,STEVE WOOD,416,12,191,213,0
Tift,,TAX COMMISSIONER,,,CHAD ALEXANDER,2590,42,1415,1132,1
Tift,Tifton Northeast,TAX COMMISSIONER,,,CHAD ALEXANDER,338,13,142,183,0
Tift,Brighton,TAX COMMISSIONER,,,CHAD ALEXANDER,367,4,205,158,0
Tift,Brookfield,TAX COMMISSIONER,,,CHAD ALEXANDER,154,4,85,64,1
Tift,Chula,TAX COMMISSIONER,,,CHAD ALEXANDER,218,3,145,70,0
Tift,Docia,TAX COMMISSIONER,,,CHAD ALEXANDER,201,1,115,85,0
Tift,Eldorado,TAX COMMISSIONER,,,CHAD ALEXANDER,94,1,57,36,0
Tift,Omega,TAX COMMISSIONER,,,CHAD ALEXANDER,84,0,72,12,0
Tift,Ty Ty,TAX COMMISSIONER,,,CHAD ALEXANDER,162,1,106,55,0
Tift,Tifton Northwest,TAX COMMISSIONER,,,CHAD ALEXANDER,354,6,162,186,0
Tift,Tifton South,TAX COMMISSIONER,,,CHAD ALEXANDER,119,3,64,52,0
Tift,Mott-Littman Gym,TAX COMMISSIONER,,,CHAD ALEXANDER,184,2,103,79,0
Tift,Tifton Lodge,TAX COMMISSIONER,,,CHAD ALEXANDER,315,4,159,152,0
Tift,,TAX COMMISSIONER,,,STEVE BRUCE,736,23,450,263,0
Tift,Tifton Northeast,TAX COMMISSIONER,,,STEVE BRUCE,52,3,21,28,0
Tift,Brighton,TAX COMMISSIONER,,,STEVE BRUCE,93,3,52,38,0
Tift,Brookfield,TAX COMMISSIONER,,,STEVE BRUCE,104,1,79,24,0
Tift,Chula,TAX COMMISSIONER,,,STEVE BRUCE,58,0,44,14,0
Tift,Docia,TAX COMMISSIONER,,,STEVE BRUCE,50,0,37,13,0
Tift,Eldorado,TAX COMMISSIONER,,,STEVE BRUCE,75,1,51,23,0
Tift,Omega,TAX COMMISSIONER,,,STEVE BRUCE,34,1,30,3,0
Tift,Ty Ty,TAX COMMISSIONER,,,STEVE BRUCE,35,1,25,9,0
Tift,Tifton Northwest,TAX COMMISSIONER,,,STEVE BRUCE,57,1,27,29,0
Tift,Tifton South,TAX COMMISSIONER,,,STEVE BRUCE,24,0,14,10,0
Tift,Mott-Littman Gym,TAX COMMISSIONER,,,STEVE BRUCE,64,3,29,32,0
Tift,Tifton Lodge,TAX COMMISSIONER,,,STEVE BRUCE,90,9,41,40,0
Tift,,TAX COMMISSIONER,,,JEFF GIBBS,1830,52,936,842,0
Tift,Tifton Northeast,TAX COMMISSIONER,,,JEFF GIBBS,295,12,106,177,0
Tift,Brighton,TAX COMMISSIONER,,,JEFF GIBBS,168,1,88,79,0
Tift,Brookfield,TAX COMMISSIONER,,,JEFF GIBBS,92,0,62,30,0
Tift,Chula,TAX COMMISSIONER,,,JEFF GIBBS,169,1,88,80,0
Tift,Docia,TAX COMMISSIONER,,,JEFF GIBBS,82,1,58,23,0
Tift,Eldorado,TAX COMMISSIONER,,,JEFF GIBBS,86,2,51,33,0
Tift,Omega,TAX COMMISSIONER,,,JEFF GIBBS,48,2,38,8,0
Tift,Ty Ty,TAX COMMISSIONER,,,JEFF GIBBS,80,1,59,20,0
Tift,Tifton Northwest,TAX COMMISSIONER,,,JEFF GIBBS,325,16,133,176,0
Tift,Tifton South,TAX COMMISSIONER,,,JEFF GIBBS,128,1,76,51,0
Tift,Mott-Littman Gym,TAX COMMISSIONER,,,JEFF GIBBS,109,4,61,44,0
Tift,Tifton Lodge,TAX COMMISSIONER,,,JEFF GIBBS,248,11,116,121,0
Tift,,TAX COMMISSIONER,,,W. A. HARRISON,497,17,257,223,0
Tift,Tifton Northeast,TAX COMMISSIONER,,,W. A. HARRISON,88,3,29,56,0
Tift,Brighton,TAX COMMISSIONER,,,W. A. HARRISON,79,1,48,30,0
Tift,Brookfield,TAX COMMISSIONER,,,W. A. HARRISON,27,4,16,7,0
Tift,Chula,TAX COMMISSIONER,,,W. A. HARRISON,43,0,35,8,0
Tift,Docia,TAX COMMISSIONER,,,W. A. HARRISON,22,0,14,8,0
Tift,Eldorado,TAX COMMISSIONER,,,W. A. HARRISON,24,2,13,9,0
Tift,Omega,TAX COMMISSIONER,,,W. A. HARRISON,20,1,16,3,0
Tift,Ty Ty,TAX COMMISSIONER,,,W. A. HARRISON,18,0,8,10,0
Tift,Tifton Northwest,TAX COMMISSIONER,,,W. A. HARRISON,76,3,28,45,0
Tift,Tifton South,TAX COMMISSIONER,,,W. A. HARRISON,15,1,8,6,0
Tift,Mott-Littman Gym,TAX COMMISSIONER,,,W. A. HARRISON,20,0,14,6,0
Tift,Tifton Lodge,TAX COMMISSIONER,,,W. A. HARRISON,65,2,28,35,0
Tift,,TAX COMMISSIONER,,,GREG A. NIMMO,1443,23,774,643,3
Tift,Tifton Northeast,TAX COMMISSIONER,,,GREG A. NIMMO,143,8,53,82,0
Tift,Brighton,TAX COMMISSIONER,,,GREG A. NIMMO,185,0,93,92,0
Tift,Brookfield,TAX COMMISSIONER,,,GREG A. NIMMO,135,1,85,49,0
Tift,Chula,TAX COMMISSIONER,,,GREG A. NIMMO,100,1,59,40,0
Tift,Docia,TAX COMMISSIONER,,,GREG A. NIMMO,103,0,69,33,1
Tift,Eldorado,TAX COMMISSIONER,,,GREG A. NIMMO,107,0,64,43,0
Tift,Omega,TAX COMMISSIONER,,,GREG A. NIMMO,32,1,24,7,0
Tift,Ty Ty,TAX COMMISSIONER,,,GREG A. NIMMO,106,2,75,28,1
Tift,Tifton Northwest,TAX COMMISSIONER,,,GREG A. NIMMO,189,1,85,103,0
Tift,Tifton South,TAX COMMISSIONER,,,GREG A. NIMMO,63,1,30,32,0
Tift,Mott-Littman Gym,TAX COMMISSIONER,,,GREG A. NIMMO,102,3,59,39,1
Tift,Tifton Lodge,TAX COMMISSIONER,,,GREG A. NIMMO,178,5,78,95,0
Tift,,CORONER,,,BARRY L. CUTTS,2448,78,1232,1137,1
Tift,Tifton Northeast,CORONER,,,BARRY L. CUTTS,291,19,102,170,0
Tift,Brighton,CORONER,,,BARRY L. CUTTS,365,6,192,167,0
Tift,Brookfield,CORONER,,,BARRY L. CUTTS,161,5,109,47,0
Tift,Chula,CORONER,,,BARRY L. CUTTS,222,3,122,97,0
Tift,Docia,CORONER,,,BARRY L. CUTTS,164,1,93,69,1
Tift,Eldorado,CORONER,,,BARRY L. CUTTS,121,1,78,42,0
Tift,Omega,CORONER,,,BARRY L. CUTTS,61,0,47,14,0
Tift,Ty Ty,CORONER,,,BARRY L. CUTTS,131,2,96,33,0
Tift,Tifton Northwest,CORONER,,,BARRY L. CUTTS,402,13,155,234,0
Tift,Tifton South,CORONER,,,BARRY L. CUTTS,80,4,29,47,0
Tift,Mott-Littman Gym,CORONER,,,BARRY L. CUTTS,72,4,29,39,0
Tift,Tifton Lodge,CORONER,,,BARRY L. CUTTS,378,20,180,178,0
Tift,,CORONER,,,JOSH HENDRIX,2850,52,1504,1292,2
Tift,Tifton Northeast,CORONER,,,JOSH HENDRIX,445,17,165,263,0
Tift,Brighton,CORONER,,,JOSH HENDRIX,373,3,215,155,0
Tift,Brookfield,CORONER,,,JOSH HENDRIX,223,5,133,85,0
Tift,Chula,CORONER,,,JOSH HENDRIX,256,1,179,76,0
Tift,Docia,CORONER,,,JOSH HENDRIX,203,1,127,75,0
Tift,Eldorado,CORONER,,,JOSH HENDRIX,174,2,114,58,0
Tift,Omega,CORONER,,,JOSH HENDRIX,101,1,90,10,0
Tift,Ty Ty,CORONER,,,JOSH HENDRIX,163,1,102,59,1
Tift,Tifton Northwest,CORONER,,,JOSH HENDRIX,443,10,190,243,0
Tift,Tifton South,CORONER,,,JOSH HENDRIX,105,0,49,56,0
Tift,Mott-Littman Gym,CORONER,,,JOSH HENDRIX,58,2,18,37,1
Tift,Tifton Lodge,CORONER,,,JOSH HENDRIX,306,9,122,175,0
Tift,,CORONER,,,DAUGHTRY MELTON,1814,26,1122,665,1
Tift,Tifton Northeast,CORONER,,,DAUGHTRY MELTON,184,4,87,93,0
Tift,Brighton,CORONER,,,DAUGHTRY MELTON,120,0,55,65,0
Tift,Brookfield,CORONER,,,DAUGHTRY MELTON,119,0,78,40,1
Tift,Chula,CORONER,,,DAUGHTRY MELTON,87,1,54,32,0
Tift,Docia,CORONER,,,DAUGHTRY MELTON,72,0,58,14,0
Tift,Eldorado,CORONER,,,DAUGHTRY MELTON,80,3,37,40,0
Tift,Omega,CORONER,,,DAUGHTRY MELTON,44,2,36,6,0
Tift,Ty Ty,CORONER,,,DAUGHTRY MELTON,105,2,74,29,0
Tift,Tifton Northwest,CORONER,,,DAUGHTRY MELTON,155,3,97,55,0
Tift,Tifton South,CORONER,,,DAUGHTRY MELTON,224,2,157,65,0
Tift,Mott-Littman Gym,CORONER,,,DAUGHTRY MELTON,417,6,272,139,0
Tift,Tifton Lodge,CORONER,,,DAUGHTRY MELTON,207,3,117,87,0
Tift,,CHIEF MAGISTRATE,,,MARK YORK ,6003,137,3182,2680,4
Tift,Tifton Northeast,CHIEF MAGISTRATE,,,MARK YORK ,792,36,302,454,0
Tift,Brighton,CHIEF MAGISTRATE,,,MARK YORK ,748,8,397,343,0
Tift,Brookfield,CHIEF MAGISTRATE,,,MARK YORK ,433,8,268,156,1
Tift,Chula,CHIEF MAGISTRATE,,,MARK YORK ,492,5,306,181,0
Tift,Docia,CHIEF MAGISTRATE,,,MARK YORK ,376,1,237,137,1
Tift,Eldorado,CHIEF MAGISTRATE,,,MARK YORK ,344,4,211,129,0
Tift,Omega,CHIEF MAGISTRATE,,,MARK YORK ,190,3,163,24,0
Tift,Ty Ty,CHIEF MAGISTRATE,,,MARK YORK ,351,4,235,111,1
Tift,Tifton Northwest,CHIEF MAGISTRATE,,,MARK YORK ,869,27,368,474,0
Tift,Tifton South,CHIEF MAGISTRATE,,,MARK YORK ,285,5,147,133,0
Tift,Mott-Littman Gym,CHIEF MAGISTRATE,,,MARK YORK ,365,8,194,162,1
Tift,Tifton Lodge,CHIEF MAGISTRATE,,,MARK YORK ,758,28,354,376,0
Tift,,"CC, D2", D2 - D,,MELISSA H CHEVERS,126,3,74,49,0
Tift,Tifton Northeast,"CC, D2", D2 - D,,MELISSA H CHEVERS,5,0,5,0,0
Tift,Brookfield,"CC, D2", D2 - D,,MELISSA H CHEVERS,0,0,0,0,0
Tift,Mott-Littman Gym,"CC, D2", D2 - D,,MELISSA H CHEVERS,100,3,54,43,0
Tift,Tifton Lodge,"CC, D2", D2 - D,,MELISSA H CHEVERS,21,0,15,6,0
Tift,,"CC, D5", D5 - R,,FRED W. RIGDON JR,1053,43,403,607,0
Tift,Tifton Northeast,"CC, D5", D5 - R,,FRED W. RIGDON JR,769,34,290,445,0
Tift,Tifton Northwest,"CC, D5", D5 - R,,FRED W. RIGDON JR,20,0,8,12,0
Tift,Tifton Lodge,"CC, D5", D5 - R,,FRED W. RIGDON JR,264,9,105,150,0
Tift,,"CC, D7", D7 - R,,FRANKIE L. MATHIS,1520,26,947,544,3
Tift,Tifton Northeast,"CC, D7", D7 - R,,FRANKIE L. MATHIS,164,5,79,80,0
Tift,Brighton,"CC, D7", D7 - R,,FRANKIE L. MATHIS,104,1,63,40,0
Tift,Brookfield,"CC, D7", D7 - R,,FRANKIE L. MATHIS,69,0,53,15,1
Tift,Chula,"CC, D7", D7 - R,,FRANKIE L. MATHIS,61,0,39,22,0
Tift,Docia,"CC, D7", D7 - R,,FRANKIE L. MATHIS,32,1,20,11,0
Tift,Eldorado,"CC, D7", D7 - R,,FRANKIE L. MATHIS,29,0,13,16,0
Tift,Omega,"CC, D7", D7 - R,,FRANKIE L. MATHIS,22,1,19,2,0
Tift,Ty Ty,"CC, D7", D7 - R,,FRANKIE L. MATHIS,57,1,46,10,0
Tift,Tifton Northwest,"CC, D7", D7 - R,,FRANKIE L. MATHIS,172,5,90,77,0
Tift,Tifton South,"CC, D7", D7 - R,,FRANKIE L. MATHIS,210,1,151,58,0
Tift,Mott-Littman Gym,"CC, D7", D7 - R,,FRANKIE L. MATHIS,401,8,267,125,1
Tift,Tifton Lodge,"CC, D7", D7 - R,,FRANKIE L. MATHIS,199,3,107,88,1
Tift,,"CC, D7", D7 - R,,STEPHEN MULLIS,1608,26,847,735,0
Tift,Tifton Northeast,"CC, D7", D7 - R,,STEPHEN MULLIS,191,5,71,115,0
Tift,Brighton,"CC, D7", D7 - R,,STEPHEN MULLIS,213,1,116,96,0
Tift,Brookfield,"CC, D7", D7 - R,,STEPHEN MULLIS,131,4,89,38,0
Tift,Chula,"CC, D7", D7 - R,,STEPHEN MULLIS,148,0,89,59,0
Tift,Docia,"CC, D7", D7 - R,,STEPHEN MULLIS,121,0,69,52,0
Tift,Eldorado,"CC, D7", D7 - R,,STEPHEN MULLIS,93,1,63,29,0
Tift,Omega,"CC, D7", D7 - R,,STEPHEN MULLIS,54,1,44,9,0
Tift,Ty Ty,"CC, D7", D7 - R,,STEPHEN MULLIS,103,0,71,32,0
Tift,Tifton Northwest,"CC, D7", D7 - R,,STEPHEN MULLIS,250,5,111,134,0
Tift,Tifton South,"CC, D7", D7 - R,,STEPHEN MULLIS,47,0,20,27,0
Tift,Mott-Littman Gym,"CC, D7", D7 - R,,STEPHEN MULLIS,39,2,10,27,0
Tift,Tifton Lodge,"CC, D7", D7 - R,,STEPHEN MULLIS,218,7,94,117,0
Tift,,"CC, D7", D7 - R,,GRADY THOMPSON ,3957,108,2049,1797,3
Tift,Tifton Northeast,"CC, D7", D7 - R,,GRADY THOMPSON ,537,29,197,311,0
Tift,Brighton,"CC, D7", D7 - R,,GRADY THOMPSON ,551,8,289,254,0
Tift,Brookfield,"CC, D7", D7 - R,,GRADY THOMPSON ,310,6,183,121,0
Tift,Chula,"CC, D7", D7 - R,,GRADY THOMPSON ,363,5,232,126,0
Tift,Docia,"CC, D7", D7 - R,,GRADY THOMPSON ,299,2,199,97,1
Tift,Eldorado,"CC, D7", D7 - R,,GRADY THOMPSON ,259,5,160,94,0
Tift,Omega,"CC, D7", D7 - R,,GRADY THOMPSON ,138,1,118,19,0
Tift,Ty Ty,"CC, D7", D7 - R,,GRADY THOMPSON ,236,4,153,78,1
Tift,Tifton Northwest,"CC, D7", D7 - R,,GRADY THOMPSON ,562,18,224,320,0
Tift,Tifton South,"CC, D7", D7 - R,,GRADY THOMPSON ,139,5,53,81,0
Tift,Mott-Littman Gym,"CC, D7", D7 - R,,GRADY THOMPSON ,102,3,37,61,1
Tift,Tifton Lodge,"CC, D7", D7 - R,,GRADY THOMPSON ,461,22,204,235,0
Tift,,"BOE, D1", D1 - D,,LANGSTON CLEVELAND,42,0,26,16,0
Tift,Docia,"BOE, D1", D1 - D,,LANGSTON CLEVELAND,0,0,0,0,0
Tift,Eldorado,"BOE, D1", D1 - D,,LANGSTON CLEVELAND,1,0,0,1,0
Tift,Tifton Northwest,"BOE, D1", D1 - D,,LANGSTON CLEVELAND,8,0,5,3,0
Tift,Tifton South,"BOE, D1", D1 - D,,LANGSTON CLEVELAND,27,0,20,7,0
Tift,Mott-Littman Gym,"BOE, D1", D1 - D,,LANGSTON CLEVELAND,6,0,1,5,0
Tift,,"BOE, D1", D1 - D,,KIM EZEKIEL,160,6,98,56,0
Tift,Docia,"BOE, D1", D1 - D,,KIM EZEKIEL,1,0,1,0,0
Tift,Eldorado,"BOE, D1", D1 - D,,KIM EZEKIEL,2,0,0,2,0
Tift,Tifton Northwest,"BOE, D1", D1 - D,,KIM EZEKIEL,15,0,7,8,0
Tift,Tifton South,"BOE, D1", D1 - D,,KIM EZEKIEL,105,4,69,32,0
Tift,Mott-Littman Gym,"BOE, D1", D1 - D,,KIM EZEKIEL,37,2,21,14,0
Tift,,"BOE, D3", D3 - R,,GANNON HALL,982,13,674,294,1
Tift,Brookfield,"BOE, D3", D3 - R,,GANNON HALL,213,6,144,62,1
Tift,Docia,"BOE, D3", D3 - R,,GANNON HALL,315,0,197,118,0
Tift,Eldorado,"BOE, D3", D3 - R,,GANNON HALL,207,1,141,65,0
Tift,Omega,"BOE, D3", D3 - R,,GANNON HALL,173,4,147,22,0
Tift,Ty Ty,"BOE, D3", D3 - R,,GANNON HALL,74,2,45,27,0
Tift,,"BOE, D7 (CHAIRMAN)", D7 (CHAIRMAN) - R,,TODD GANN,3015,55,1589,1369,2
Tift,Tifton Northeast,"BOE, D7 (CHAIRMAN)", D7 (CHAIRMAN) - R,,TODD GANN,408,14,149,245,0
Tift,Brighton,"BOE, D7 (CHAIRMAN)", D7 (CHAIRMAN) - R,,TODD GANN,379,3,207,169,0
Tift,Brookfield,"BOE, D7 (CHAIRMAN)", D7 (CHAIRMAN) - R,,TODD GANN,232,4,140,87,1
Tift,Chula,"BOE, D7 (CHAIRMAN)", D7 (CHAIRMAN) - R,,TODD GANN,291,3,188,100,0
Tift,Docia,"BOE, D7 (CHAIRMAN)", D7 (CHAIRMAN) - R,,TODD GANN,201,1,123,77,0
Tift,Eldorado,"BOE, D7 (CHAIRMAN)", D7 (CHAIRMAN) - R,,TODD GANN,125,0,79,46,0
Tift,Omega,"BOE, D7 (CHAIRMAN)", D7 (CHAIRMAN) - R,,TODD GANN,90,2,78,10,0
Tift,Ty Ty,"BOE, D7 (CHAIRMAN)", D7 (CHAIRMAN) - R,,TODD GANN,189,3,125,60,1
Tift,Tifton Northwest,"BOE, D7 (CHAIRMAN)", D7 (CHAIRMAN) - R,,TODD GANN,409,8,172,229,0
Tift,Tifton South,"BOE, D7 (CHAIRMAN)", D7 (CHAIRMAN) - R,,TODD GANN,130,2,65,63,0
Tift,Mott-Littman Gym,"BOE, D7 (CHAIRMAN)", D7 (CHAIRMAN) - R,,TODD GANN,166,4,82,80,0
Tift,Tifton Lodge,"BOE, D7 (CHAIRMAN)", D7 (CHAIRMAN) - R,,TODD GANN,395,11,181,203,0
Tift,,"BOE, D7 (CHAIRMAN)", D7 (CHAIRMAN) - R,,KIM RUTLAND,3799,95,2089,1613,2
Tift,Tifton Northeast,"BOE, D7 (CHAIRMAN)", D7 (CHAIRMAN) - R,,KIM RUTLAND,467,23,188,256,0
Tift,Brighton,"BOE, D7 (CHAIRMAN)", D7 (CHAIRMAN) - R,,KIM RUTLAND,469,7,249,213,0
Tift,Brookfield,"BOE, D7 (CHAIRMAN)", D7 (CHAIRMAN) - R,,KIM RUTLAND,259,5,174,80,0
Tift,Chula,"BOE, D7 (CHAIRMAN)", D7 (CHAIRMAN) - R,,KIM RUTLAND,270,2,165,103,0
Tift,Docia,"BOE, D7 (CHAIRMAN)", D7 (CHAIRMAN) - R,,KIM RUTLAND,231,1,151,78,1
Tift,Eldorado,"BOE, D7 (CHAIRMAN)", D7 (CHAIRMAN) - R,,KIM RUTLAND,249,6,151,92,0
Tift,Omega,"BOE, D7 (CHAIRMAN)", D7 (CHAIRMAN) - R,,KIM RUTLAND,125,2,102,21,0
Tift,Ty Ty,"BOE, D7 (CHAIRMAN)", D7 (CHAIRMAN) - R,,KIM RUTLAND,198,2,142,54,0
Tift,Tifton Northwest,"BOE, D7 (CHAIRMAN)", D7 (CHAIRMAN) - R,,KIM RUTLAND,561,20,248,293,0
Tift,Tifton South,"BOE, D7 (CHAIRMAN)", D7 (CHAIRMAN) - R,,KIM RUTLAND,214,4,122,88,0
Tift,Mott-Littman Gym,"BOE, D7 (CHAIRMAN)", D7 (CHAIRMAN) - R,,KIM RUTLAND,286,7,169,109,1
Tift,Tifton Lodge,"BOE, D7 (CHAIRMAN)", D7 (CHAIRMAN) - R,,KIM RUTLAND,470,16,228,226,0
Tift,,Republican Party Question 1<br>Should Georgia have casino gambling with funds going to education?,,REP,YES,3740,51,2094,1593,2
Tift,Tifton Northeast,Republican Party Question 1<br>Should Georgia have casino gambling with funds going to education?,,REP,YES,487,6,209,272,0
Tift,Brighton,Republican Party Question 1<br>Should Georgia have casino gambling with funds going to education?,,REP,YES,432,4,234,194,0
Tift,Brookfield,Republican Party Question 1<br>Should Georgia have casino gambling with funds going to education?,,REP,YES,265,3,168,94,0
Tift,Chula,Republican Party Question 1<br>Should Georgia have casino gambling with funds going to education?,,REP,YES,277,2,168,107,0
Tift,Docia,Republican Party Question 1<br>Should Georgia have casino gambling with funds going to education?,,REP,YES,219,2,140,76,1
Tift,Eldorado,Republican Party Question 1<br>Should Georgia have casino gambling with funds going to education?,,REP,YES,184,1,120,63,0
Tift,Omega,Republican Party Question 1<br>Should Georgia have casino gambling with funds going to education?,,REP,YES,111,1,91,19,0
Tift,Ty Ty,Republican Party Question 1<br>Should Georgia have casino gambling with funds going to education?,,REP,YES,210,1,137,72,0
Tift,Tifton Northwest,Republican Party Question 1<br>Should Georgia have casino gambling with funds going to education?,,REP,YES,500,8,231,261,0
Tift,Tifton South,Republican Party Question 1<br>Should Georgia have casino gambling with funds going to education?,,REP,YES,245,3,142,100,0
Tift,Mott-Littman Gym,Republican Party Question 1<br>Should Georgia have casino gambling with funds going to education?,,REP,YES,341,6,213,122,0
Tift,Tifton Lodge,Republican Party Question 1<br>Should Georgia have casino gambling with funds going to education?,,REP,YES,469,14,241,213,1
Tift,,Republican Party Question 1<br>Should Georgia have casino gambling with funds going to education?,,REP,NO,3519,108,1861,1548,2
Tift,Tifton Northeast,Republican Party Question 1<br>Should Georgia have casino gambling with funds going to education?,,REP,NO,440,33,153,254,0
Tift,Brighton,Republican Party Question 1<br>Should Georgia have casino gambling with funds going to education?,,REP,NO,469,5,260,204,0
Tift,Brookfield,Republican Party Question 1<br>Should Georgia have casino gambling with funds going to education?,,REP,NO,259,6,167,85,1
Tift,Chula,Republican Party Question 1<br>Should Georgia have casino gambling with funds going to education?,,REP,NO,308,3,201,104,0
Tift,Docia,Republican Party Question 1<br>Should Georgia have casino gambling with funds going to education?,,REP,NO,240,1,153,86,0
Tift,Eldorado,Republican Party Question 1<br>Should Georgia have casino gambling with funds going to education?,,REP,NO,204,5,116,83,0
Tift,Omega,Republican Party Question 1<br>Should Georgia have casino gambling with funds going to education?,,REP,NO,109,2,94,13,0
Tift,Ty Ty,Republican Party Question 1<br>Should Georgia have casino gambling with funds going to education?,,REP,NO,194,4,140,49,1
Tift,Tifton Northwest,Republican Party Question 1<br>Should Georgia have casino gambling with funds going to education?,,REP,NO,520,21,217,282,0
Tift,Tifton South,Republican Party Question 1<br>Should Georgia have casino gambling with funds going to education?,,REP,NO,139,3,73,63,0
Tift,Mott-Littman Gym,Republican Party Question 1<br>Should Georgia have casino gambling with funds going to education?,,REP,NO,184,6,91,87,0
Tift,Tifton Lodge,Republican Party Question 1<br>Should Georgia have casino gambling with funds going to education?,,REP,NO,453,19,196,238,0
Tift,,Republican Party Question 2<br>Do you support ending the current practice of unlimited gifts from lobbyists to state legislators by imposing a $100 cap on such gifts?,,REP,YES,5761,146,3039,2574,2
Tift,Tifton Northeast,Republican Party Question 2<br>Do you support ending the current practice of unlimited gifts from lobbyists to state legislators by imposing a $100 cap on such gifts?,,REP,YES,743,38,280,425,0
Tift,Brighton,Republican Party Question 2<br>Do you support ending the current practice of unlimited gifts from lobbyists to state legislators by imposing a $100 cap on such gifts?,,REP,YES,736,9,408,319,0
Tift,Brookfield,Republican Party Question 2<br>Do you support ending the current practice of unlimited gifts from lobbyists to state legislators by imposing a $100 cap on such gifts?,,REP,YES,429,9,273,146,1
Tift,Chula,Republican Party Question 2<br>Do you support ending the current practice of unlimited gifts from lobbyists to state legislators by imposing a $100 cap on such gifts?,,REP,YES,494,4,308,182,0
Tift,Docia,Republican Party Question 2<br>Do you support ending the current practice of unlimited gifts from lobbyists to state legislators by imposing a $100 cap on such gifts?,,REP,YES,393,1,246,146,0
Tift,Eldorado,Republican Party Question 2<br>Do you support ending the current practice of unlimited gifts from lobbyists to state legislators by imposing a $100 cap on such gifts?,,REP,YES,310,4,185,121,0
Tift,Omega,Republican Party Question 2<br>Do you support ending the current practice of unlimited gifts from lobbyists to state legislators by imposing a $100 cap on such gifts?,,REP,YES,178,2,149,27,0
Tift,Ty Ty,Republican Party Question 2<br>Do you support ending the current practice of unlimited gifts from lobbyists to state legislators by imposing a $100 cap on such gifts?,,REP,YES,323,4,213,106,0
Tift,Tifton Northwest,Republican Party Question 2<br>Do you support ending the current practice of unlimited gifts from lobbyists to state legislators by imposing a $100 cap on such gifts?,,REP,YES,839,29,362,448,0
Tift,Tifton South,Republican Party Question 2<br>Do you support ending the current practice of unlimited gifts from lobbyists to state legislators by imposing a $100 cap on such gifts?,,REP,YES,257,6,126,125,0
Tift,Mott-Littman Gym,Republican Party Question 2<br>Do you support ending the current practice of unlimited gifts from lobbyists to state legislators by imposing a $100 cap on such gifts?,,REP,YES,296,9,151,136,0
Tift,Tifton Lodge,Republican Party Question 2<br>Do you support ending the current practice of unlimited gifts from lobbyists to state legislators by imposing a $100 cap on such gifts?,,REP,YES,763,31,338,393,1
Tift,,Republican Party Question 2<br>Do you support ending the current practice of unlimited gifts from lobbyists to state legislators by imposing a $100 cap on such gifts?,,REP,NO,1304,13,780,509,2
Tift,Tifton Northeast,Republican Party Question 2<br>Do you support ending the current practice of unlimited gifts from lobbyists to state legislators by imposing a $100 cap on such gifts?,,REP,NO,163,1,70,92,0
Tift,Brighton,Republican Party Question 2<br>Do you support ending the current practice of unlimited gifts from lobbyists to state legislators by imposing a $100 cap on such gifts?,,REP,NO,154,1,79,74,0
Tift,Brookfield,Republican Party Question 2<br>Do you support ending the current practice of unlimited gifts from lobbyists to state legislators by imposing a $100 cap on such gifts?,,REP,NO,89,0,61,28,0
Tift,Chula,Republican Party Question 2<br>Do you support ending the current practice of unlimited gifts from lobbyists to state legislators by imposing a $100 cap on such gifts?,,REP,NO,82,1,54,27,0
Tift,Docia,Republican Party Question 2<br>Do you support ending the current practice of unlimited gifts from lobbyists to state legislators by imposing a $100 cap on such gifts?,,REP,NO,59,2,40,16,1
Tift,Eldorado,Republican Party Question 2<br>Do you support ending the current practice of unlimited gifts from lobbyists to state legislators by imposing a $100 cap on such gifts?,,REP,NO,70,2,47,21,0
Tift,Omega,Republican Party Question 2<br>Do you support ending the current practice of unlimited gifts from lobbyists to state legislators by imposing a $100 cap on such gifts?,,REP,NO,35,0,31,4,0
Tift,Ty Ty,Republican Party Question 2<br>Do you support ending the current practice of unlimited gifts from lobbyists to state legislators by imposing a $100 cap on such gifts?,,REP,NO,72,1,54,16,1
Tift,Tifton Northwest,Republican Party Question 2<br>Do you support ending the current practice of unlimited gifts from lobbyists to state legislators by imposing a $100 cap on such gifts?,,REP,NO,153,0,71,82,0
Tift,Tifton South,Republican Party Question 2<br>Do you support ending the current practice of unlimited gifts from lobbyists to state legislators by imposing a $100 cap on such gifts?,,REP,NO,103,0,71,32,0
Tift,Mott-Littman Gym,Republican Party Question 2<br>Do you support ending the current practice of unlimited gifts from lobbyists to state legislators by imposing a $100 cap on such gifts?,,REP,NO,187,3,121,63,0
Tift,Tifton Lodge,Republican Party Question 2<br>Do you support ending the current practice of unlimited gifts from lobbyists to state legislators by imposing a $100 cap on such gifts?,,REP,NO,137,2,81,54,0
Tift,,Republican Party Question 3<br>Should active duty military personnel who are under the age of 21 be allowed to obtain a Georgia weapons license?,,REP,YES,4707,95,2537,2074,1
Tift,Tifton Northeast,Republican Party Question 3<br>Should active duty military personnel who are under the age of 21 be allowed to obtain a Georgia weapons license?,,REP,YES,579,24,221,334,0
Tift,Brighton,Republican Party Question 3<br>Should active duty military personnel who are under the age of 21 be allowed to obtain a Georgia weapons license?,,REP,YES,601,8,326,267,0
Tift,Brookfield,Republican Party Question 3<br>Should active duty military personnel who are under the age of 21 be allowed to obtain a Georgia weapons license?,,REP,YES,366,3,232,131,0
Tift,Chula,Republican Party Question 3<br>Should active duty military personnel who are under the age of 21 be allowed to obtain a Georgia weapons license?,,REP,YES,419,4,259,156,0
Tift,Docia,Republican Party Question 3<br>Should active duty military personnel who are under the age of 21 be allowed to obtain a Georgia weapons license?,,REP,YES,324,2,209,113,0
Tift,Eldorado,Republican Party Question 3<br>Should active duty military personnel who are under the age of 21 be allowed to obtain a Georgia weapons license?,,REP,YES,256,4,158,94,0
Tift,Omega,Republican Party Question 3<br>Should active duty military personnel who are under the age of 21 be allowed to obtain a Georgia weapons license?,,REP,YES,160,2,133,25,0
Tift,Ty Ty,Republican Party Question 3<br>Should active duty military personnel who are under the age of 21 be allowed to obtain a Georgia weapons license?,,REP,YES,274,3,181,89,1
Tift,Tifton Northwest,Republican Party Question 3<br>Should active duty military personnel who are under the age of 21 be allowed to obtain a Georgia weapons license?,,REP,YES,693,19,301,373,0
Tift,Tifton South,Republican Party Question 3<br>Should active duty military personnel who are under the age of 21 be allowed to obtain a Georgia weapons license?,,REP,YES,209,5,109,95,0
Tift,Mott-Littman Gym,Republican Party Question 3<br>Should active duty military personnel who are under the age of 21 be allowed to obtain a Georgia weapons license?,,REP,YES,246,3,137,106,0
Tift,Tifton Lodge,Republican Party Question 3<br>Should active duty military personnel who are under the age of 21 be allowed to obtain a Georgia weapons license?,,REP,YES,580,18,271,291,0
Tift,,Republican Party Question 3<br>Should active duty military personnel who are under the age of 21 be allowed to obtain a Georgia weapons license?,,REP,NO,2457,66,1346,1042,3
Tift,Tifton Northeast,Republican Party Question 3<br>Should active duty military personnel who are under the age of 21 be allowed to obtain a Georgia weapons license?,,REP,NO,335,15,135,185,0
Tift,Brighton,Republican Party Question 3<br>Should active duty military personnel who are under the age of 21 be allowed to obtain a Georgia weapons license?,,REP,NO,291,2,160,129,0
Tift,Brookfield,Republican Party Question 3<br>Should active duty military personnel who are under the age of 21 be allowed to obtain a Georgia weapons license?,,REP,NO,151,7,96,47,1
Tift,Chula,Republican Party Question 3<br>Should active duty military personnel who are under the age of 21 be allowed to obtain a Georgia weapons license?,,REP,NO,163,1,106,56,0
Tift,Docia,Republican Party Question 3<br>Should active duty military personnel who are under the age of 21 be allowed to obtain a Georgia weapons license?,,REP,NO,132,1,81,49,1
Tift,Eldorado,Republican Party Question 3<br>Should active duty military personnel who are under the age of 21 be allowed to obtain a Georgia weapons license?,,REP,NO,127,2,76,49,0
Tift,Omega,Republican Party Question 3<br>Should active duty military personnel who are under the age of 21 be allowed to obtain a Georgia weapons license?,,REP,NO,56,2,47,7,0
Tift,Ty Ty,Republican Party Question 3<br>Should active duty military personnel who are under the age of 21 be allowed to obtain a Georgia weapons license?,,REP,NO,127,2,92,33,0
Tift,Tifton Northwest,Republican Party Question 3<br>Should active duty military personnel who are under the age of 21 be allowed to obtain a Georgia weapons license?,,REP,NO,314,10,141,163,0
Tift,Tifton South,Republican Party Question 3<br>Should active duty military personnel who are under the age of 21 be allowed to obtain a Georgia weapons license?,,REP,NO,164,1,98,65,0
Tift,Mott-Littman Gym,Republican Party Question 3<br>Should active duty military personnel who are under the age of 21 be allowed to obtain a Georgia weapons license?,,REP,NO,268,9,157,102,0
Tift,Tifton Lodge,Republican Party Question 3<br>Should active duty military personnel who are under the age of 21 be allowed to obtain a Georgia weapons license?,,REP,NO,329,14,157,157,1
Tift,,Republican Party Question 4<br>Should Citizens who wish to vote in a primary election be required to register by their political party affiliation at least thirty (30) days prior to such primary election?,,REP,YES,3587,89,1955,1542,1
Tift,Tifton Northeast,Republican Party Question 4<br>Should Citizens who wish to vote in a primary election be required to register by their political party affiliation at least thirty (30) days prior to such primary election?,,REP,YES,433,25,171,237,0
Tift,Brighton,Republican Party Question 4<br>Should Citizens who wish to vote in a primary election be required to register by their political party affiliation at least thirty (30) days prior to such primary election?,,REP,YES,430,6,242,182,0
Tift,Brookfield,Republican Party Question 4<br>Should Citizens who wish to vote in a primary election be required to register by their political party affiliation at least thirty (30) days prior to such primary election?,,REP,YES,259,3,162,93,1
Tift,Chula,Republican Party Question 4<br>Should Citizens who wish to vote in a primary election be required to register by their political party affiliation at least thirty (30) days prior to such primary election?,,REP,YES,304,5,196,103,0
Tift,Docia,Republican Party Question 4<br>Should Citizens who wish to vote in a primary election be required to register by their political party affiliation at least thirty (30) days prior to such primary election?,,REP,YES,227,1,150,76,0
Tift,Eldorado,Republican Party Question 4<br>Should Citizens who wish to vote in a primary election be required to register by their political party affiliation at least thirty (30) days prior to such primary election?,,REP,YES,202,4,128,70,0
Tift,Omega,Republican Party Question 4<br>Should Citizens who wish to vote in a primary election be required to register by their political party affiliation at least thirty (30) days prior to such primary election?,,REP,YES,121,4,105,12,0
Tift,Ty Ty,Republican Party Question 4<br>Should Citizens who wish to vote in a primary election be required to register by their political party affiliation at least thirty (30) days prior to such primary election?,,REP,YES,223,4,143,76,0
Tift,Tifton Northwest,Republican Party Question 4<br>Should Citizens who wish to vote in a primary election be required to register by their political party affiliation at least thirty (30) days prior to such primary election?,,REP,YES,495,15,207,273,0
Tift,Tifton South,Republican Party Question 4<br>Should Citizens who wish to vote in a primary election be required to register by their political party affiliation at least thirty (30) days prior to such primary election?,,REP,YES,186,5,95,86,0
Tift,Mott-Littman Gym,Republican Party Question 4<br>Should Citizens who wish to vote in a primary election be required to register by their political party affiliation at least thirty (30) days prior to such primary election?,,REP,YES,257,5,147,105,0
Tift,Tifton Lodge,Republican Party Question 4<br>Should Citizens who wish to vote in a primary election be required to register by their political party affiliation at least thirty (30) days prior to such primary election?,,REP,YES,450,12,209,229,0
Tift,,Republican Party Question 4<br>Should Citizens who wish to vote in a primary election be required to register by their political party affiliation at least thirty (30) days prior to such primary election?,,REP,NO,3475,65,1876,1531,3
Tift,Tifton Northeast,Republican Party Question 4<br>Should Citizens who wish to vote in a primary election be required to register by their political party affiliation at least thirty (30) days prior to such primary election?,,REP,NO,470,14,175,281,0
Tift,Brighton,Republican Party Question 4<br>Should Citizens who wish to vote in a primary election be required to register by their political party affiliation at least thirty (30) days prior to such primary election?,,REP,NO,448,4,236,208,0
Tift,Brookfield,Republican Party Question 4<br>Should Citizens who wish to vote in a primary election be required to register by their political party affiliation at least thirty (30) days prior to such primary election?,,REP,NO,252,6,168,78,0
Tift,Chula,Republican Party Question 4<br>Should Citizens who wish to vote in a primary election be required to register by their political party affiliation at least thirty (30) days prior to such primary election?,,REP,NO,272,0,169,103,0
Tift,Docia,Republican Party Question 4<br>Should Citizens who wish to vote in a primary election be required to register by their political party affiliation at least thirty (30) days prior to such primary election?,,REP,NO,220,2,133,84,1
Tift,Eldorado,Republican Party Question 4<br>Should Citizens who wish to vote in a primary election be required to register by their political party affiliation at least thirty (30) days prior to such primary election?,,REP,NO,178,2,104,72,0
Tift,Omega,Republican Party Question 4<br>Should Citizens who wish to vote in a primary election be required to register by their political party affiliation at least thirty (30) days prior to such primary election?,,REP,NO,94,0,75,19,0
Tift,Ty Ty,Republican Party Question 4<br>Should Citizens who wish to vote in a primary election be required to register by their political party affiliation at least thirty (30) days prior to such primary election?,,REP,NO,173,1,126,45,1
Tift,Tifton Northwest,Republican Party Question 4<br>Should Citizens who wish to vote in a primary election be required to register by their political party affiliation at least thirty (30) days prior to such primary election?,,REP,NO,496,14,229,253,0
Tift,Tifton South,Republican Party Question 4<br>Should Citizens who wish to vote in a primary election be required to register by their political party affiliation at least thirty (30) days prior to such primary election?,,REP,NO,176,1,102,73,0
Tift,Mott-Littman Gym,Republican Party Question 4<br>Should Citizens who wish to vote in a primary election be required to register by their political party affiliation at least thirty (30) days prior to such primary election?,,REP,NO,244,4,142,98,0
Tift,Tifton Lodge,Republican Party Question 4<br>Should Citizens who wish to vote in a primary election be required to register by their political party affiliation at least thirty (30) days prior to such primary election?,,REP,NO,452,17,217,217,1
Tift,,Republican Party Question 5 <br>Life Amendment Question,,REP,YES,4927,121,2680,2123,3
Tift,Tifton Northeast,Republican Party Question 5 <br>Life Amendment Question,,REP,YES,610,31,244,335,0
Tift,Brighton,Republican Party Question 5 <br>Life Amendment Question,,REP,YES,595,5,338,252,0
Tift,Brookfield,Republican Party Question 5 <br>Life Amendment Question,,REP,YES,372,7,237,127,1
Tift,Chula,Republican Party Question 5 <br>Life Amendment Question,,REP,YES,399,4,247,148,0
Tift,Docia,Republican Party Question 5 <br>Life Amendment Question,,REP,YES,308,1,198,109,0
Tift,Eldorado,Republican Party Question 5 <br>Life Amendment Question,,REP,YES,273,4,169,100,0
Tift,Omega,Republican Party Question 5 <br>Life Amendment Question,,REP,YES,151,2,131,18,0
Tift,Ty Ty,Republican Party Question 5 <br>Life Amendment Question,,REP,YES,275,5,178,91,1
Tift,Tifton Northwest,Republican Party Question 5 <br>Life Amendment Question,,REP,YES,692,22,307,363,0
Tift,Tifton South,Republican Party Question 5 <br>Life Amendment Question,,REP,YES,249,4,140,105,0
Tift,Mott-Littman Gym,Republican Party Question 5 <br>Life Amendment Question,,REP,YES,341,10,182,149,0
Tift,Tifton Lodge,Republican Party Question 5 <br>Life Amendment Question,,REP,YES,662,26,309,326,1
Tift,,Republican Party Question 5 <br>Life Amendment Question,,REP,NO,1785,25,963,796,1
Tift,Tifton Northeast,Republican Party Question 5 <br>Life Amendment Question,,REP,NO,266,5,95,166,0
Tift,Brighton,Republican Party Question 5 <br>Life Amendment Question,,REP,NO,238,4,113,121,0
Tift,Brookfield,Republican Party Question 5 <br>Life Amendment Question,,REP,NO,114,0,80,34,0
Tift,Chula,Republican Party Question 5 <br>Life Amendment Question,,REP,NO,141,1,90,50,0
Tift,Docia,Republican Party Question 5 <br>Life Amendment Question,,REP,NO,115,1,68,45,1
Tift,Eldorado,Republican Party Question 5 <br>Life Amendment Question,,REP,NO,88,2,54,32,0
Tift,Omega,Republican Party Question 5 <br>Life Amendment Question,,REP,NO,52,0,42,10,0
Tift,Ty Ty,Republican Party Question 5 <br>Life Amendment Question,,REP,NO,104,0,81,23,0
Tift,Tifton Northwest,Republican Party Question 5 <br>Life Amendment Question,,REP,NO,244,5,109,130,0
Tift,Tifton South,Republican Party Question 5 <br>Life Amendment Question,,REP,NO,95,2,51,42,0
Tift,Mott-Littman Gym,Republican Party Question 5 <br>Life Amendment Question,,REP,NO,125,1,80,44,0
Tift,Tifton Lodge,Republican Party Question 5 <br>Life Amendment Question,,REP,NO,203,4,100,99,0
Tift,,Democratic Party Question 1<br>Should the Georgia Constitution be amended to allow the state to override locally-elected school boards’ decisions when it comes to the creation of charter schools in your county or city?,,DEM,YES,346,9,231,106,0
Tift,Tifton Northeast,Democratic Party Question 1<br>Should the Georgia Constitution be amended to allow the state to override locally-elected school boards’ decisions when it comes to the creation of charter schools in your county or city?,,DEM,YES,48,4,26,18,0
Tift,Brighton,Democratic Party Question 1<br>Should the Georgia Constitution be amended to allow the state to override locally-elected school boards’ decisions when it comes to the creation of charter schools in your county or city?,,DEM,YES,14,0,8,6,0
Tift,Brookfield,Democratic Party Question 1<br>Should the Georgia Constitution be amended to allow the state to override locally-elected school boards’ decisions when it comes to the creation of charter schools in your county or city?,,DEM,YES,6,0,5,1,0
Tift,Chula,Democratic Party Question 1<br>Should the Georgia Constitution be amended to allow the state to override locally-elected school boards’ decisions when it comes to the creation of charter schools in your county or city?,,DEM,YES,6,0,3,3,0
Tift,Docia,Democratic Party Question 1<br>Should the Georgia Constitution be amended to allow the state to override locally-elected school boards’ decisions when it comes to the creation of charter schools in your county or city?,,DEM,YES,3,0,2,1,0
Tift,Eldorado,Democratic Party Question 1<br>Should the Georgia Constitution be amended to allow the state to override locally-elected school boards’ decisions when it comes to the creation of charter schools in your county or city?,,DEM,YES,8,0,2,6,0
Tift,Omega,Democratic Party Question 1<br>Should the Georgia Constitution be amended to allow the state to override locally-elected school boards’ decisions when it comes to the creation of charter schools in your county or city?,,DEM,YES,16,0,16,0,0
Tift,Ty Ty,Democratic Party Question 1<br>Should the Georgia Constitution be amended to allow the state to override locally-elected school boards’ decisions when it comes to the creation of charter schools in your county or city?,,DEM,YES,21,0,19,2,0
Tift,Tifton Northwest,Democratic Party Question 1<br>Should the Georgia Constitution be amended to allow the state to override locally-elected school boards’ decisions when it comes to the creation of charter schools in your county or city?,,DEM,YES,41,0,29,12,0
Tift,Tifton South,Democratic Party Question 1<br>Should the Georgia Constitution be amended to allow the state to override locally-elected school boards’ decisions when it comes to the creation of charter schools in your county or city?,,DEM,YES,60,2,42,16,0
Tift,Mott-Littman Gym,Democratic Party Question 1<br>Should the Georgia Constitution be amended to allow the state to override locally-elected school boards’ decisions when it comes to the creation of charter schools in your county or city?,,DEM,YES,77,2,47,28,0
Tift,Tifton Lodge,Democratic Party Question 1<br>Should the Georgia Constitution be amended to allow the state to override locally-elected school boards’ decisions when it comes to the creation of charter schools in your county or city?,,DEM,YES,46,1,32,13,0
Tift,,Democratic Party Question 1<br>Should the Georgia Constitution be amended to allow the state to override locally-elected school boards’ decisions when it comes to the creation of charter schools in your county or city?,,DEM,NO,333,10,204,119,0
Tift,Tifton Northeast,Democratic Party Question 1<br>Should the Georgia Constitution be amended to allow the state to override locally-elected school boards’ decisions when it comes to the creation of charter schools in your county or city?,,DEM,NO,31,1,22,8,0
Tift,Brighton,Democratic Party Question 1<br>Should the Georgia Constitution be amended to allow the state to override locally-elected school boards’ decisions when it comes to the creation of charter schools in your county or city?,,DEM,NO,19,1,12,6,0
Tift,Brookfield,Democratic Party Question 1<br>Should the Georgia Constitution be amended to allow the state to override locally-elected school boards’ decisions when it comes to the creation of charter schools in your county or city?,,DEM,NO,10,1,9,0,0
Tift,Chula,Democratic Party Question 1<br>Should the Georgia Constitution be amended to allow the state to override locally-elected school boards’ decisions when it comes to the creation of charter schools in your county or city?,,DEM,NO,4,0,2,2,0
Tift,Docia,Democratic Party Question 1<br>Should the Georgia Constitution be amended to allow the state to override locally-elected school boards’ decisions when it comes to the creation of charter schools in your county or city?,,DEM,NO,13,0,11,2,0
Tift,Eldorado,Democratic Party Question 1<br>Should the Georgia Constitution be amended to allow the state to override locally-elected school boards’ decisions when it comes to the creation of charter schools in your county or city?,,DEM,NO,5,0,2,3,0
Tift,Omega,Democratic Party Question 1<br>Should the Georgia Constitution be amended to allow the state to override locally-elected school boards’ decisions when it comes to the creation of charter schools in your county or city?,,DEM,NO,10,0,9,1,0
Tift,Ty Ty,Democratic Party Question 1<br>Should the Georgia Constitution be amended to allow the state to override locally-elected school boards’ decisions when it comes to the creation of charter schools in your county or city?,,DEM,NO,12,0,11,1,0
Tift,Tifton Northwest,Democratic Party Question 1<br>Should the Georgia Constitution be amended to allow the state to override locally-elected school boards’ decisions when it comes to the creation of charter schools in your county or city?,,DEM,NO,37,2,18,17,0
Tift,Tifton South,Democratic Party Question 1<br>Should the Georgia Constitution be amended to allow the state to override locally-elected school boards’ decisions when it comes to the creation of charter schools in your county or city?,,DEM,NO,66,2,43,21,0
Tift,Mott-Littman Gym,Democratic Party Question 1<br>Should the Georgia Constitution be amended to allow the state to override locally-elected school boards’ decisions when it comes to the creation of charter schools in your county or city?,,DEM,NO,74,3,33,38,0
Tift,Tifton Lodge,Democratic Party Question 1<br>Should the Georgia Constitution be amended to allow the state to override locally-elected school boards’ decisions when it comes to the creation of charter schools in your county or city?,,DEM,NO,52,0,32,20,0
Tift,,Democratic Party Question 2<br>Do you support ending current practice permitting unlimited gifts from lobbyists to state legislators?,,DEM,YES,419,17,273,129,0
Tift,Tifton Northeast,Democratic Party Question 2<br>Do you support ending current practice permitting unlimited gifts from lobbyists to state legislators?,,DEM,YES,45,5,26,14,0
Tift,Brighton,Democratic Party Question 2<br>Do you support ending current practice permitting unlimited gifts from lobbyists to state legislators?,,DEM,YES,20,1,10,9,0
Tift,Brookfield,Democratic Party Question 2<br>Do you support ending current practice permitting unlimited gifts from lobbyists to state legislators?,,DEM,YES,9,1,7,1,0
Tift,Chula,Democratic Party Question 2<br>Do you support ending current practice permitting unlimited gifts from lobbyists to state legislators?,,DEM,YES,6,0,4,2,0
Tift,Docia,Democratic Party Question 2<br>Do you support ending current practice permitting unlimited gifts from lobbyists to state legislators?,,DEM,YES,11,0,10,1,0
Tift,Eldorado,Democratic Party Question 2<br>Do you support ending current practice permitting unlimited gifts from lobbyists to state legislators?,,DEM,YES,4,0,1,3,0
Tift,Omega,Democratic Party Question 2<br>Do you support ending current practice permitting unlimited gifts from lobbyists to state legislators?,,DEM,YES,16,0,16,0,0
Tift,Ty Ty,Democratic Party Question 2<br>Do you support ending current practice permitting unlimited gifts from lobbyists to state legislators?,,DEM,YES,14,0,14,0,0
Tift,Tifton Northwest,Democratic Party Question 2<br>Do you support ending current practice permitting unlimited gifts from lobbyists to state legislators?,,DEM,YES,63,2,36,25,0
Tift,Tifton South,Democratic Party Question 2<br>Do you support ending current practice permitting unlimited gifts from lobbyists to state legislators?,,DEM,YES,74,3,56,15,0
Tift,Mott-Littman Gym,Democratic Party Question 2<br>Do you support ending current practice permitting unlimited gifts from lobbyists to state legislators?,,DEM,YES,89,4,48,37,0
Tift,Tifton Lodge,Democratic Party Question 2<br>Do you support ending current practice permitting unlimited gifts from lobbyists to state legislators?,,DEM,YES,68,1,45,22,0
Tift,,Democratic Party Question 2<br>Do you support ending current practice permitting unlimited gifts from lobbyists to state legislators?,,DEM,NO,262,2,162,98,0
Tift,Tifton Northeast,Democratic Party Question 2<br>Do you support ending current practice permitting unlimited gifts from lobbyists to state legislators?,,DEM,NO,33,0,21,12,0
Tift,Brighton,Democratic Party Question 2<br>Do you support ending current practice permitting unlimited gifts from lobbyists to state legislators?,,DEM,NO,13,0,10,3,0
Tift,Brookfield,Democratic Party Question 2<br>Do you support ending current practice permitting unlimited gifts from lobbyists to state legislators?,,DEM,NO,5,0,5,0,0
Tift,Chula,Democratic Party Question 2<br>Do you support ending current practice permitting unlimited gifts from lobbyists to state legislators?,,DEM,NO,4,0,1,3,0
Tift,Docia,Democratic Party Question 2<br>Do you support ending current practice permitting unlimited gifts from lobbyists to state legislators?,,DEM,NO,7,0,5,2,0
Tift,Eldorado,Democratic Party Question 2<br>Do you support ending current practice permitting unlimited gifts from lobbyists to state legislators?,,DEM,NO,8,0,2,6,0
Tift,Omega,Democratic Party Question 2<br>Do you support ending current practice permitting unlimited gifts from lobbyists to state legislators?,,DEM,NO,12,0,11,1,0
Tift,Ty Ty,Democratic Party Question 2<br>Do you support ending current practice permitting unlimited gifts from lobbyists to state legislators?,,DEM,NO,16,0,13,3,0
Tift,Tifton Northwest,Democratic Party Question 2<br>Do you support ending current practice permitting unlimited gifts from lobbyists to state legislators?,,DEM,NO,18,0,12,6,0
Tift,Tifton South,Democratic Party Question 2<br>Do you support ending current practice permitting unlimited gifts from lobbyists to state legislators?,,DEM,NO,53,1,32,20,0
Tift,Mott-Littman Gym,Democratic Party Question 2<br>Do you support ending current practice permitting unlimited gifts from lobbyists to state legislators?,,DEM,NO,62,1,30,31,0
Tift,Tifton Lodge,Democratic Party Question 2<br>Do you support ending current practice permitting unlimited gifts from lobbyists to state legislators?,,DEM,NO,31,0,20,11,0
Tift,,Democratic Party Question 3<br>Should Georgia adopt an income tax credit for home energy costs to support the economic security of our families?,,DEM,YES,549,15,353,181,0
Tift,Tifton Northeast,Democratic Party Question 3<br>Should Georgia adopt an income tax credit for home energy costs to support the economic security of our families?,,DEM,YES,59,4,35,20,0
Tift,Brighton,Democratic Party Question 3<br>Should Georgia adopt an income tax credit for home energy costs to support the economic security of our families?,,DEM,YES,29,1,17,11,0
Tift,Brookfield,Democratic Party Question 3<br>Should Georgia adopt an income tax credit for home energy costs to support the economic security of our families?,,DEM,YES,11,1,9,1,0
Tift,Chula,Democratic Party Question 3<br>Should Georgia adopt an income tax credit for home energy costs to support the economic security of our families?,,DEM,YES,8,0,3,5,0
Tift,Docia,Democratic Party Question 3<br>Should Georgia adopt an income tax credit for home energy costs to support the economic security of our families?,,DEM,YES,12,0,10,2,0
Tift,Eldorado,Democratic Party Question 3<br>Should Georgia adopt an income tax credit for home energy costs to support the economic security of our families?,,DEM,YES,9,0,3,6,0
Tift,Omega,Democratic Party Question 3<br>Should Georgia adopt an income tax credit for home energy costs to support the economic security of our families?,,DEM,YES,24,0,23,1,0
Tift,Ty Ty,Democratic Party Question 3<br>Should Georgia adopt an income tax credit for home energy costs to support the economic security of our families?,,DEM,YES,25,0,23,2,0
Tift,Tifton Northwest,Democratic Party Question 3<br>Should Georgia adopt an income tax credit for home energy costs to support the economic security of our families?,,DEM,YES,59,2,38,19,0
Tift,Tifton South,Democratic Party Question 3<br>Should Georgia adopt an income tax credit for home energy costs to support the economic security of our families?,,DEM,YES,99,3,69,27,0
Tift,Mott-Littman Gym,Democratic Party Question 3<br>Should Georgia adopt an income tax credit for home energy costs to support the economic security of our families?,,DEM,YES,124,4,63,57,0
Tift,Tifton Lodge,Democratic Party Question 3<br>Should Georgia adopt an income tax credit for home energy costs to support the economic security of our families?,,DEM,YES,90,0,60,30,0
Tift,,Democratic Party Question 3<br>Should Georgia adopt an income tax credit for home energy costs to support the economic security of our families?,,DEM,NO,145,4,88,53,0
Tift,Tifton Northeast,Democratic Party Question 3<br>Should Georgia adopt an income tax credit for home energy costs to support the economic security of our families?,,DEM,NO,19,1,12,6,0
Tift,Brighton,Democratic Party Question 3<br>Should Georgia adopt an income tax credit for home energy costs to support the economic security of our families?,,DEM,NO,4,0,3,1,0
Tift,Brookfield,Democratic Party Question 3<br>Should Georgia adopt an income tax credit for home energy costs to support the economic security of our families?,,DEM,NO,3,0,3,0,0
Tift,Chula,Democratic Party Question 3<br>Should Georgia adopt an income tax credit for home energy costs to support the economic security of our families?,,DEM,NO,1,0,1,0,0
Tift,Docia,Democratic Party Question 3<br>Should Georgia adopt an income tax credit for home energy costs to support the economic security of our families?,,DEM,NO,6,0,5,1,0
Tift,Eldorado,Democratic Party Question 3<br>Should Georgia adopt an income tax credit for home energy costs to support the economic security of our families?,,DEM,NO,3,0,0,3,0
Tift,Omega,Democratic Party Question 3<br>Should Georgia adopt an income tax credit for home energy costs to support the economic security of our families?,,DEM,NO,3,0,3,0,0
Tift,Ty Ty,Democratic Party Question 3<br>Should Georgia adopt an income tax credit for home energy costs to support the economic security of our families?,,DEM,NO,4,0,4,0,0
Tift,Tifton Northwest,Democratic Party Question 3<br>Should Georgia adopt an income tax credit for home energy costs to support the economic security of our families?,,DEM,NO,21,0,9,12,0
Tift,Tifton South,Democratic Party Question 3<br>Should Georgia adopt an income tax credit for home energy costs to support the economic security of our families?,,DEM,NO,33,1,20,12,0
Tift,Mott-Littman Gym,Democratic Party Question 3<br>Should Georgia adopt an income tax credit for home energy costs to support the economic security of our families?,,DEM,NO,34,1,19,14,0
Tift,Tifton Lodge,Democratic Party Question 3<br>Should Georgia adopt an income tax credit for home energy costs to support the economic security of our families?,,DEM,NO,14,1,9,4,0
Tift,,Democratic Party Question 4 <br>Should Georgia reduce sales taxes on Made in Georgia products so as to support the growth of small businesses in our state?,,DEM,YES,591,15,378,198,0
Tift,Tifton Northeast,Democratic Party Question 4 <br>Should Georgia reduce sales taxes on Made in Georgia products so as to support the growth of small businesses in our state?,,DEM,YES,76,5,47,24,0
Tift,Brighton,Democratic Party Question 4 <br>Should Georgia reduce sales taxes on Made in Georgia products so as to support the growth of small businesses in our state?,,DEM,YES,27,1,16,10,0
Tift,Brookfield,Democratic Party Question 4 <br>Should Georgia reduce sales taxes on Made in Georgia products so as to support the growth of small businesses in our state?,,DEM,YES,13,1,11,1,0
Tift,Chula,Democratic Party Question 4 <br>Should Georgia reduce sales taxes on Made in Georgia products so as to support the growth of small businesses in our state?,,DEM,YES,10,0,5,5,0
Tift,Docia,Democratic Party Question 4 <br>Should Georgia reduce sales taxes on Made in Georgia products so as to support the growth of small businesses in our state?,,DEM,YES,16,0,13,3,0
Tift,Eldorado,Democratic Party Question 4 <br>Should Georgia reduce sales taxes on Made in Georgia products so as to support the growth of small businesses in our state?,,DEM,YES,10,0,2,8,0
Tift,Omega,Democratic Party Question 4 <br>Should Georgia reduce sales taxes on Made in Georgia products so as to support the growth of small businesses in our state?,,DEM,YES,22,0,21,1,0
Tift,Ty Ty,Democratic Party Question 4 <br>Should Georgia reduce sales taxes on Made in Georgia products so as to support the growth of small businesses in our state?,,DEM,YES,26,0,23,3,0
Tift,Tifton Northwest,Democratic Party Question 4 <br>Should Georgia reduce sales taxes on Made in Georgia products so as to support the growth of small businesses in our state?,,DEM,YES,64,0,40,24,0
Tift,Tifton South,Democratic Party Question 4 <br>Should Georgia reduce sales taxes on Made in Georgia products so as to support the growth of small businesses in our state?,,DEM,YES,108,3,73,32,0
Tift,Mott-Littman Gym,Democratic Party Question 4 <br>Should Georgia reduce sales taxes on Made in Georgia products so as to support the growth of small businesses in our state?,,DEM,YES,131,4,68,59,0
Tift,Tifton Lodge,Democratic Party Question 4 <br>Should Georgia reduce sales taxes on Made in Georgia products so as to support the growth of small businesses in our state?,,DEM,YES,88,1,59,28,0
Tift,,Democratic Party Question 4 <br>Should Georgia reduce sales taxes on Made in Georgia products so as to support the growth of small businesses in our state?,,DEM,NO,98,4,60,34,0
Tift,Tifton Northeast,Democratic Party Question 4 <br>Should Georgia reduce sales taxes on Made in Georgia products so as to support the growth of small businesses in our state?,,DEM,NO,5,0,2,3,0
Tift,Brighton,Democratic Party Question 4 <br>Should Georgia reduce sales taxes on Made in Georgia products so as to support the growth of small businesses in our state?,,DEM,NO,6,0,4,2,0
Tift,Brookfield,Democratic Party Question 4 <br>Should Georgia reduce sales taxes on Made in Georgia products so as to support the growth of small businesses in our state?,,DEM,NO,1,0,1,0,0
Tift,Chula,Democratic Party Question 4 <br>Should Georgia reduce sales taxes on Made in Georgia products so as to support the growth of small businesses in our state?,,DEM,NO,0,0,0,0,0
Tift,Docia,Democratic Party Question 4 <br>Should Georgia reduce sales taxes on Made in Georgia products so as to support the growth of small businesses in our state?,,DEM,NO,2,0,2,0,0
Tift,Eldorado,Democratic Party Question 4 <br>Should Georgia reduce sales taxes on Made in Georgia products so as to support the growth of small businesses in our state?,,DEM,NO,2,0,1,1,0
Tift,Omega,Democratic Party Question 4 <br>Should Georgia reduce sales taxes on Made in Georgia products so as to support the growth of small businesses in our state?,,DEM,NO,6,0,6,0,0
Tift,Ty Ty,Democratic Party Question 4 <br>Should Georgia reduce sales taxes on Made in Georgia products so as to support the growth of small businesses in our state?,,DEM,NO,4,0,4,0,0
Tift,Tifton Northwest,Democratic Party Question 4 <br>Should Georgia reduce sales taxes on Made in Georgia products so as to support the growth of small businesses in our state?,,DEM,NO,15,2,6,7,0
Tift,Tifton South,Democratic Party Question 4 <br>Should Georgia reduce sales taxes on Made in Georgia products so as to support the growth of small businesses in our state?,,DEM,NO,21,1,16,4,0
Tift,Mott-Littman Gym,Democratic Party Question 4 <br>Should Georgia reduce sales taxes on Made in Georgia products so as to support the growth of small businesses in our state?,,DEM,NO,23,1,11,11,0
Tift,Tifton Lodge,Democratic Party Question 4 <br>Should Georgia reduce sales taxes on Made in Georgia products so as to support the growth of small businesses in our state?,,DEM,NO,13,0,7,6,0
Tift,,Supreme Court Justice, Hunstein,,CAROL W. HUNSTEIN,6151,139,3342,2667,3
Tift,Tifton Northeast,Supreme Court Justice, Hunstein,,CAROL W. HUNSTEIN,799,36,316,447,0
Tift,Brighton,Supreme Court Justice, Hunstein,,CAROL W. HUNSTEIN,724,9,391,324,0
Tift,Brookfield,Supreme Court Justice, Hunstein,,CAROL W. HUNSTEIN,420,9,264,146,1
Tift,Chula,Supreme Court Justice, Hunstein,,CAROL W. HUNSTEIN,470,4,289,177,0
Tift,Docia,Supreme Court Justice, Hunstein,,CAROL W. HUNSTEIN,367,0,236,130,1
Tift,Eldorado,Supreme Court Justice, Hunstein,,CAROL W. HUNSTEIN,318,3,190,125,0
Tift,Omega,Supreme Court Justice, Hunstein,,CAROL W. HUNSTEIN,187,1,163,23,0
Tift,Ty Ty,Supreme Court Justice, Hunstein,,CAROL W. HUNSTEIN,354,3,247,103,1
Tift,Tifton Northwest,Supreme Court Justice, Hunstein,,CAROL W. HUNSTEIN,869,27,392,450,0
Tift,Tifton South,Supreme Court Justice, Hunstein,,CAROL W. HUNSTEIN,372,9,209,154,0
Tift,Mott-Littman Gym,Supreme Court Justice, Hunstein,,CAROL W. HUNSTEIN,466,11,251,204,0
Tift,Tifton Lodge,Supreme Court Justice, Hunstein,,CAROL W. HUNSTEIN,805,27,394,384,0
Tift,,Supreme Court Justice, Hunstein,,Write-in,20,0,13,7,0
Tift,Tifton Northeast,Supreme Court Justice, Hunstein,,Write-in,4,0,3,1,0
Tift,Brighton,Supreme Court Justice, Hunstein,,Write-in,1,0,1,0,0
Tift,Brookfield,Supreme Court Justice, Hunstein,,Write-in,3,0,3,0,0
Tift,Chula,Supreme Court Justice, Hunstein,,Write-in,0,0,0,0,0
Tift,Docia,Supreme Court Justice, Hunstein,,Write-in,2,0,2,0,0
Tift,Eldorado,Supreme Court Justice, Hunstein,,Write-in,1,0,0,1,0
Tift,Omega,Supreme Court Justice, Hunstein,,Write-in,2,0,1,1,0
Tift,Ty Ty,Supreme Court Justice, Hunstein,,Write-in,0,0,0,0,0
Tift,Tifton Northwest,Supreme Court Justice, Hunstein,,Write-in,2,0,1,1,0
Tift,Tifton South,Supreme Court Justice, Hunstein,,Write-in,1,0,1,0,0
Tift,Mott-Littman Gym,Supreme Court Justice, Hunstein,,Write-in,2,0,1,1,0
Tift,Tifton Lodge,Supreme Court Justice, Hunstein,,Write-in,2,0,0,2,0
Tift,,Supreme Court Justice, Melton,,HAROLD D. MELTON ,6085,136,3327,2619,3
Tift,Tifton Northeast,Supreme Court Justice, Melton,,HAROLD D. MELTON ,783,37,315,431,0
Tift,Brighton,Supreme Court Justice, Melton,,HAROLD D. MELTON ,704,9,378,317,0
Tift,Brookfield,Supreme Court Justice, Melton,,HAROLD D. MELTON ,409,8,256,144,1
Tift,Chula,Supreme Court Justice, Melton,,HAROLD D. MELTON ,458,4,286,168,0
Tift,Docia,Supreme Court Justice, Melton,,HAROLD D. MELTON ,359,0,231,127,1
Tift,Eldorado,Supreme Court Justice, Melton,,HAROLD D. MELTON ,307,3,182,122,0
Tift,Omega,Supreme Court Justice, Melton,,HAROLD D. MELTON ,192,1,170,21,0
Tift,Ty Ty,Supreme Court Justice, Melton,,HAROLD D. MELTON ,342,3,240,98,1
Tift,Tifton Northwest,Supreme Court Justice, Melton,,HAROLD D. MELTON ,856,25,390,441,0
Tift,Tifton South,Supreme Court Justice, Melton,,HAROLD D. MELTON ,380,9,215,156,0
Tift,Mott-Littman Gym,Supreme Court Justice, Melton,,HAROLD D. MELTON ,494,11,271,212,0
Tift,Tifton Lodge,Supreme Court Justice, Melton,,HAROLD D. MELTON ,801,26,393,382,0
Tift,,Supreme Court Justice, Melton,,Write-in,12,1,7,4,0
Tift,Tifton Northeast,Supreme Court Justice, Melton,,Write-in,1,0,1,0,0
Tift,Brighton,Supreme Court Justice, Melton,,Write-in,1,0,1,0,0
Tift,Brookfield,Supreme Court Justice, Melton,,Write-in,1,0,1,0,0
Tift,Chula,Supreme Court Justice, Melton,,Write-in,1,0,1,0,0
Tift,Docia,Supreme Court Justice, Melton,,Write-in,1,0,1,0,0
Tift,Eldorado,Supreme Court Justice, Melton,,Write-in,2,1,0,1,0
Tift,Omega,Supreme Court Justice, Melton,,Write-in,1,0,0,1,0
Tift,Ty Ty,Supreme Court Justice, Melton,,Write-in,0,0,0,0,0
Tift,Tifton Northwest,Supreme Court Justice, Melton,,Write-in,1,0,1,0,0
Tift,Tifton South,Supreme Court Justice, Melton,,Write-in,1,0,1,0,0
Tift,Mott-Littman Gym,Supreme Court Justice, Melton,,Write-in,0,0,0,0,0
Tift,Tifton Lodge,Supreme Court Justice, Melton,,Write-in,2,0,0,2,0
Tift,,Supreme Court Justice, Thompson,,HUGH P. THOMPSON ,6063,139,3301,2620,3
Tift,Tifton Northeast,Supreme Court Justice, Thompson,,HUGH P. THOMPSON ,784,37,314,433,0
Tift,Brighton,Supreme Court Justice, Thompson,,HUGH P. THOMPSON ,715,9,385,321,0
Tift,Brookfield,Supreme Court Justice, Thompson,,HUGH P. THOMPSON ,405,8,254,142,1
Tift,Chula,Supreme Court Justice, Thompson,,HUGH P. THOMPSON ,463,4,291,168,0
Tift,Docia,Supreme Court Justice, Thompson,,HUGH P. THOMPSON ,358,1,229,127,1
Tift,Eldorado,Supreme Court Justice, Thompson,,HUGH P. THOMPSON ,312,3,184,125,0
Tift,Omega,Supreme Court Justice, Thompson,,HUGH P. THOMPSON ,192,2,170,20,0
Tift,Ty Ty,Supreme Court Justice, Thompson,,HUGH P. THOMPSON ,351,3,246,101,1
Tift,Tifton Northwest,Supreme Court Justice, Thompson,,HUGH P. THOMPSON ,846,25,385,436,0
Tift,Tifton South,Supreme Court Justice, Thompson,,HUGH P. THOMPSON ,372,9,209,154,0
Tift,Mott-Littman Gym,Supreme Court Justice, Thompson,,HUGH P. THOMPSON ,463,11,247,205,0
Tift,Tifton Lodge,Supreme Court Justice, Thompson,,HUGH P. THOMPSON ,802,27,387,388,0
Tift,,Supreme Court Justice, Thompson,,Write-in,9,1,4,4,0
Tift,Tifton Northeast,Supreme Court Justice, Thompson,,Write-in,1,0,1,0,0
Tift,Brighton,Supreme Court Justice, Thompson,,Write-in,0,0,0,0,0
Tift,Brookfield,Supreme Court Justice, Thompson,,Write-in,1,0,1,0,0
Tift,Chula,Supreme Court Justice, Thompson,,Write-in,0,0,0,0,0
Tift,Docia,Supreme Court Justice, Thompson,,Write-in,0,0,0,0,0
Tift,Eldorado,Supreme Court Justice, Thompson,,Write-in,2,1,0,1,0
Tift,Omega,Supreme Court Justice, Thompson,,Write-in,1,0,0,1,0
Tift,Ty Ty,Supreme Court Justice, Thompson,,Write-in,0,0,0,0,0
Tift,Tifton Northwest,Supreme Court Justice, Thompson,,Write-in,1,0,1,0,0
Tift,Tifton South,Supreme Court Justice, Thompson,,Write-in,1,0,1,0,0
Tift,Mott-Littman Gym,Supreme Court Justice, Thompson,,Write-in,0,0,0,0,0
Tift,Tifton Lodge,Supreme Court Justice, Thompson,,Write-in,2,0,0,2,0
Tift,,Appeals Court Judge, Boggs,,MICHAEL P. BOGGS ,5945,138,3222,2582,3
Tift,Tifton Northeast,Appeals Court Judge, Boggs,,MICHAEL P. BOGGS ,769,37,304,428,0
Tift,Brighton,Appeals Court Judge, Boggs,,MICHAEL P. BOGGS ,705,9,381,315,0
Tift,Brookfield,Appeals Court Judge, Boggs,,MICHAEL P. BOGGS ,400,8,246,145,1
Tift,Chula,Appeals Court Judge, Boggs,,MICHAEL P. BOGGS ,451,4,280,167,0
Tift,Docia,Appeals Court Judge, Boggs,,MICHAEL P. BOGGS ,357,0,230,126,1
Tift,Eldorado,Appeals Court Judge, Boggs,,MICHAEL P. BOGGS ,308,3,181,124,0
Tift,Omega,Appeals Court Judge, Boggs,,MICHAEL P. BOGGS ,187,2,165,20,0
Tift,Ty Ty,Appeals Court Judge, Boggs,,MICHAEL P. BOGGS ,345,3,241,100,1
Tift,Tifton Northwest,Appeals Court Judge, Boggs,,MICHAEL P. BOGGS ,838,25,379,434,0
Tift,Tifton South,Appeals Court Judge, Boggs,,MICHAEL P. BOGGS ,353,9,199,145,0
Tift,Mott-Littman Gym,Appeals Court Judge, Boggs,,MICHAEL P. BOGGS ,449,11,237,201,0
Tift,Tifton Lodge,Appeals Court Judge, Boggs,,MICHAEL P. BOGGS ,783,27,379,377,0
Tift,,Appeals Court Judge, Boggs,,Write-in,4,0,3,1,0
Tift,Tifton Northeast,Appeals Court Judge, Boggs,,Write-in,0,0,0,0,0
Tift,Brighton,Appeals Court Judge, Boggs,,Write-in,0,0,0,0,0
Tift,Brookfield,Appeals Court Judge, Boggs,,Write-in,1,0,1,0,0
Tift,Chula,Appeals Court Judge, Boggs,,Write-in,0,0,0,0,0
Tift,Docia,Appeals Court Judge, Boggs,,Write-in,0,0,0,0,0
Tift,Eldorado,Appeals Court Judge, Boggs,,Write-in,0,0,0,0,0
Tift,Omega,Appeals Court Judge, Boggs,,Write-in,0,0,0,0,0
Tift,Ty Ty,Appeals Court Judge, Boggs,,Write-in,0,0,0,0,0
Tift,Tifton Northwest,Appeals Court Judge, Boggs,,Write-in,0,0,0,0,0
Tift,Tifton South,Appeals Court Judge, Boggs,,Write-in,1,0,1,0,0
Tift,Mott-Littman Gym,Appeals Court Judge, Boggs,,Write-in,1,0,1,0,0
Tift,Tifton Lodge,Appeals Court Judge, Boggs,,Write-in,1,0,0,1,0
Tift,,Appeals Court Judge, Dillard,,STEPHEN DILLARD ,5951,136,3233,2579,3
Tift,Tifton Northeast,Appeals Court Judge, Dillard,,STEPHEN DILLARD ,775,37,306,432,0
Tift,Brighton,Appeals Court Judge, Dillard,,STEPHEN DILLARD ,701,9,378,314,0
Tift,Brookfield,Appeals Court Judge, Dillard,,STEPHEN DILLARD ,400,8,250,141,1
Tift,Chula,Appeals Court Judge, Dillard,,STEPHEN DILLARD ,452,4,284,164,0
Tift,Docia,Appeals Court Judge, Dillard,,STEPHEN DILLARD ,355,0,230,124,1
Tift,Eldorado,Appeals Court Judge, Dillard,,STEPHEN DILLARD ,309,3,182,124,0
Tift,Omega,Appeals Court Judge, Dillard,,STEPHEN DILLARD ,187,1,166,20,0
Tift,Ty Ty,Appeals Court Judge, Dillard,,STEPHEN DILLARD ,342,3,242,96,1
Tift,Tifton Northwest,Appeals Court Judge, Dillard,,STEPHEN DILLARD ,839,25,379,435,0
Tift,Tifton South,Appeals Court Judge, Dillard,,STEPHEN DILLARD ,355,9,199,147,0
Tift,Mott-Littman Gym,Appeals Court Judge, Dillard,,STEPHEN DILLARD ,454,10,240,204,0
Tift,Tifton Lodge,Appeals Court Judge, Dillard,,STEPHEN DILLARD ,782,27,377,378,0
Tift,,Appeals Court Judge, Dillard,,Write-in,7,2,3,2,0
Tift,Tifton Northeast,Appeals Court Judge, Dillard,,Write-in,0,0,0,0,0
Tift,Brighton,Appeals Court Judge, Dillard,,Write-in,0,0,0,0,0
Tift,Brookfield,Appeals Court Judge, Dillard,,Write-in,1,0,1,0,0
Tift,Chula,Appeals Court Judge, Dillard,,Write-in,1,0,1,0,0
Tift,Docia,Appeals Court Judge, Dillard,,Write-in,0,0,0,0,0
Tift,Eldorado,Appeals Court Judge, Dillard,,Write-in,1,1,0,0,0
Tift,Omega,Appeals Court Judge, Dillard,,Write-in,0,0,0,0,0
Tift,Ty Ty,Appeals Court Judge, Dillard,,Write-in,0,0,0,0,0
Tift,Tifton Northwest,Appeals Court Judge, Dillard,,Write-in,0,0,0,0,0
Tift,Tifton South,Appeals Court Judge, Dillard,,Write-in,1,0,1,0,0
Tift,Mott-Littman Gym,Appeals Court Judge, Dillard,,Write-in,1,1,0,0,0
Tift,Tifton Lodge,Appeals Court Judge, Dillard,,Write-in,2,0,0,2,0
Tift,,Appeals Court Judge, Ellington,,JOHN J. ELLINGTON,5926,139,3215,2569,3
Tift,Tifton Northeast,Appeals Court Judge, Ellington,,JOHN J. ELLINGTON,771,37,305,429,0
Tift,Brighton,Appeals Court Judge, Ellington,,JOHN J. ELLINGTON,706,9,382,315,0
Tift,Brookfield,Appeals Court Judge, Ellington,,JOHN J. ELLINGTON,401,8,251,141,1
Tift,Chula,Appeals Court Judge, Ellington,,JOHN J. ELLINGTON,447,4,279,164,0
Tift,Docia,Appeals Court Judge, Ellington,,JOHN J. ELLINGTON,353,0,226,126,1
Tift,Eldorado,Appeals Court Judge, Ellington,,JOHN J. ELLINGTON,308,3,183,122,0
Tift,Omega,Appeals Court Judge, Ellington,,JOHN J. ELLINGTON,189,2,167,20,0
Tift,Ty Ty,Appeals Court Judge, Ellington,,JOHN J. ELLINGTON,342,3,239,99,1
Tift,Tifton Northwest,Appeals Court Judge, Ellington,,JOHN J. ELLINGTON,833,25,377,431,0
Tift,Tifton South,Appeals Court Judge, Ellington,,JOHN J. ELLINGTON,344,9,192,143,0
Tift,Mott-Littman Gym,Appeals Court Judge, Ellington,,JOHN J. ELLINGTON,448,12,233,203,0
Tift,Tifton Lodge,Appeals Court Judge, Ellington,,JOHN J. ELLINGTON,784,27,381,376,0
Tift,,Appeals Court Judge, Ellington,,Write-in,4,0,2,2,0
Tift,Tifton Northeast,Appeals Court Judge, Ellington,,Write-in,0,0,0,0,0
Tift,Brighton,Appeals Court Judge, Ellington,,Write-in,0,0,0,0,0
Tift,Brookfield,Appeals Court Judge, Ellington,,Write-in,1,0,1,0,0
Tift,Chula,Appeals Court Judge, Ellington,,Write-in,0,0,0,0,0
Tift,Docia,Appeals Court Judge, Ellington,,Write-in,0,0,0,0,0
Tift,Eldorado,Appeals Court Judge, Ellington,,Write-in,0,0,0,0,0
Tift,Omega,Appeals Court Judge, Ellington,,Write-in,0,0,0,0,0
Tift,Ty Ty,Appeals Court Judge, Ellington,,Write-in,0,0,0,0,0
Tift,Tifton Northwest,Appeals Court Judge, Ellington,,Write-in,0,0,0,0,0
Tift,Tifton South,Appeals Court Judge, Ellington,,Write-in,1,0,1,0,0
Tift,Mott-Littman Gym,Appeals Court Judge, Ellington,,Write-in,0,0,0,0,0
Tift,Tifton Lodge,Appeals Court Judge, Ellington,,Write-in,2,0,0,2,0
Tift,,Appeals Court Judge, Miller,,M. YVETTE MILLER ,5934,135,3221,2575,3
Tift,Tifton Northeast,Appeals Court Judge, Miller,,M. YVETTE MILLER ,762,35,301,426,0
Tift,Brighton,Appeals Court Judge, Miller,,M. YVETTE MILLER ,702,9,381,312,0
Tift,Brookfield,Appeals Court Judge, Miller,,M. YVETTE MILLER ,395,8,247,139,1
Tift,Chula,Appeals Court Judge, Miller,,M. YVETTE MILLER ,449,4,277,168,0
Tift,Docia,Appeals Court Judge, Miller,,M. YVETTE MILLER ,346,0,222,123,1
Tift,Eldorado,Appeals Court Judge, Miller,,M. YVETTE MILLER ,308,3,183,122,0
Tift,Omega,Appeals Court Judge, Miller,,M. YVETTE MILLER ,187,0,167,20,0
Tift,Ty Ty,Appeals Court Judge, Miller,,M. YVETTE MILLER ,341,3,241,96,1
Tift,Tifton Northwest,Appeals Court Judge, Miller,,M. YVETTE MILLER ,833,25,379,429,0
Tift,Tifton South,Appeals Court Judge, Miller,,M. YVETTE MILLER ,366,9,202,155,0
Tift,Mott-Littman Gym,Appeals Court Judge, Miller,,M. YVETTE MILLER ,463,12,244,207,0
Tift,Tifton Lodge,Appeals Court Judge, Miller,,M. YVETTE MILLER ,782,27,377,378,0
Tift,,Appeals Court Judge, Miller,,Write-in,4,1,1,2,0
Tift,Tifton Northeast,Appeals Court Judge, Miller,,Write-in,0,0,0,0,0
Tift,Brighton,Appeals Court Judge, Miller,,Write-in,0,0,0,0,0
Tift,Brookfield,Appeals Court Judge, Miller,,Write-in,0,0,0,0,0
Tift,Chula,Appeals Court Judge, Miller,,Write-in,1,0,1,0,0
Tift,Docia,Appeals Court Judge, Miller,,Write-in,0,0,0,0,0
Tift,Eldorado,Appeals Court Judge, Miller,,Write-in,0,0,0,0,0
Tift,Omega,Appeals Court Judge, Miller,,Write-in,1,1,0,0,0
Tift,Ty Ty,Appeals Court Judge, Miller,,Write-in,0,0,0,0,0
Tift,Tifton Northwest,Appeals Court Judge, Miller,,Write-in,0,0,0,0,0
Tift,Tifton South,Appeals Court Judge, Miller,,Write-in,0,0,0,0,0
Tift,Mott-Littman Gym,Appeals Court Judge, Miller,,Write-in,0,0,0,0,0
Tift,Tifton Lodge,Appeals Court Judge, Miller,,Write-in,2,0,0,2,0
Tift,,Appeals Court Judge, Phipps,,HERBERT PHIPPS ,5926,136,3225,2562,3
Tift,Tifton Northeast,Appeals Court Judge, Phipps,,HERBERT PHIPPS ,772,37,307,428,0
Tift,Brighton,Appeals Court Judge, Phipps,,HERBERT PHIPPS ,702,8,383,311,0
Tift,Brookfield,Appeals Court Judge, Phipps,,HERBERT PHIPPS ,391,8,242,140,1
Tift,Chula,Appeals Court Judge, Phipps,,HERBERT PHIPPS ,448,4,278,166,0
Tift,Docia,Appeals Court Judge, Phipps,,HERBERT PHIPPS ,344,0,221,122,1
Tift,Eldorado,Appeals Court Judge, Phipps,,HERBERT PHIPPS ,311,4,185,122,0
Tift,Omega,Appeals Court Judge, Phipps,,HERBERT PHIPPS ,186,1,165,20,0
Tift,Ty Ty,Appeals Court Judge, Phipps,,HERBERT PHIPPS ,344,3,242,98,1
Tift,Tifton Northwest,Appeals Court Judge, Phipps,,HERBERT PHIPPS ,837,24,381,432,0
Tift,Tifton South,Appeals Court Judge, Phipps,,HERBERT PHIPPS ,353,9,198,146,0
Tift,Mott-Littman Gym,Appeals Court Judge, Phipps,,HERBERT PHIPPS ,457,12,244,201,0
Tift,Tifton Lodge,Appeals Court Judge, Phipps,,HERBERT PHIPPS ,781,26,379,376,0
Tift,,Appeals Court Judge, Phipps,,Write-in,3,0,1,2,0
Tift,Tifton Northeast,Appeals Court Judge, Phipps,,Write-in,0,0,0,0,0
Tift,Brighton,Appeals Court Judge, Phipps,,Write-in,0,0,0,0,0
Tift,Brookfield,Appeals Court Judge, Phipps,,Write-in,0,0,0,0,0
Tift,Chula,Appeals Court Judge, Phipps,,Write-in,0,0,0,0,0
Tift,Docia,Appeals Court Judge, Phipps,,Write-in,0,0,0,0,0
Tift,Eldorado,Appeals Court Judge, Phipps,,Write-in,0,0,0,0,0
Tift,Omega,Appeals Court Judge, Phipps,,Write-in,0,0,0,0,0
Tift,Ty Ty,Appeals Court Judge, Phipps,,Write-in,0,0,0,0,0
Tift,Tifton Northwest,Appeals Court Judge, Phipps,,Write-in,0,0,0,0,0
Tift,Tifton South,Appeals Court Judge, Phipps,,Write-in,1,0,1,0,0
Tift,Mott-Littman Gym,Appeals Court Judge, Phipps,,Write-in,0,0,0,0,0
Tift,Tifton Lodge,Appeals Court Judge, Phipps,,Write-in,2,0,0,2,0
Tift,,Superior Court Judge, Tifton Circuit (Cross),,MELANIE B. CROSS ,6762,149,3660,2950,3
Tift,Tifton Northeast,Superior Court Judge, Tifton Circuit (Cross),,MELANIE B. CROSS ,882,37,349,496,0
Tift,Brighton,Superior Court Judge, Tifton Circuit (Cross),,MELANIE B. CROSS ,783,9,421,353,0
Tift,Brookfield,Superior Court Judge, Tifton Circuit (Cross),,MELANIE B. CROSS ,442,9,276,156,1
Tift,Chula,Superior Court Judge, Tifton Circuit (Cross),,MELANIE B. CROSS ,507,5,316,186,0
Tift,Docia,Superior Court Judge, Tifton Circuit (Cross),,MELANIE B. CROSS ,392,1,253,137,1
Tift,Eldorado,Superior Court Judge, Tifton Circuit (Cross),,MELANIE B. CROSS ,342,6,203,133,0
Tift,Omega,Superior Court Judge, Tifton Circuit (Cross),,MELANIE B. CROSS ,218,2,190,26,0
Tift,Ty Ty,Superior Court Judge, Tifton Circuit (Cross),,MELANIE B. CROSS ,384,3,263,117,1
Tift,Tifton Northwest,Superior Court Judge, Tifton Circuit (Cross),,MELANIE B. CROSS ,946,26,415,505,0
Tift,Tifton South,Superior Court Judge, Tifton Circuit (Cross),,MELANIE B. CROSS ,431,9,245,177,0
Tift,Mott-Littman Gym,Superior Court Judge, Tifton Circuit (Cross),,MELANIE B. CROSS ,563,14,309,240,0
Tift,Tifton Lodge,Superior Court Judge, Tifton Circuit (Cross),,MELANIE B. CROSS ,872,28,420,424,0
Tift,,Superior Court Judge, Tifton Circuit (Cross),,Write-in,20,1,11,8,0
Tift,Tifton Northeast,Superior Court Judge, Tifton Circuit (Cross),,Write-in,2,0,1,1,0
Tift,Brighton,Superior Court Judge, Tifton Circuit (Cross),,Write-in,5,0,2,3,0
Tift,Brookfield,Superior Court Judge, Tifton Circuit (Cross),,Write-in,0,0,0,0,0
Tift,Chula,Superior Court Judge, Tifton Circuit (Cross),,Write-in,0,0,0,0,0
Tift,Docia,Superior Court Judge, Tifton Circuit (Cross),,Write-in,2,0,2,0,0
Tift,Eldorado,Superior Court Judge, Tifton Circuit (Cross),,Write-in,0,0,0,0,0
Tift,Omega,Superior Court Judge, Tifton Circuit (Cross),,Write-in,0,0,0,0,0
Tift,Ty Ty,Superior Court Judge, Tifton Circuit (Cross),,Write-in,0,0,0,0,0
Tift,Tifton Northwest,Superior Court Judge, Tifton Circuit (Cross),,Write-in,3,0,2,1,0
Tift,Tifton South,Superior Court Judge, Tifton Circuit (Cross),,Write-in,0,0,0,0,0
Tift,Mott-Littman Gym,Superior Court Judge, Tifton Circuit (Cross),,Write-in,3,1,1,1,0
Tift,Tifton Lodge,Superior Court Judge, Tifton Circuit (Cross),,Write-in,5,0,3,2,0
Tift,,TSPLOST,,,YES,3812,78,2128,1603,3
Tift,Tifton Northeast,TSPLOST,,,YES,506,16,204,286,0
Tift,Brighton,TSPLOST,,,YES,388,1,207,180,0
Tift,Brookfield,TSPLOST,,,YES,189,8,115,65,1
Tift,Chula,TSPLOST,,,YES,227,1,142,84,0
Tift,Docia,TSPLOST,,,YES,203,1,132,70,0
Tift,Eldorado,TSPLOST,,,YES,160,2,93,65,0
Tift,Omega,TSPLOST,,,YES,102,2,87,13,0
Tift,Ty Ty,TSPLOST,,,YES,209,1,143,64,1
Tift,Tifton Northwest,TSPLOST,,,YES,521,13,247,261,0
Tift,Tifton South,TSPLOST,,,YES,346,5,225,116,0
Tift,Mott-Littman Gym,TSPLOST,,,YES,487,14,298,175,0
Tift,Tifton Lodge,TSPLOST,,,YES,474,14,235,224,1
Tift,,TSPLOST,,,NO,4221,101,2339,1780,1
Tift,Tifton Northeast,TSPLOST,,,NO,500,28,205,267,0
Tift,Brighton,TSPLOST,,,NO,548,10,314,224,0
Tift,Brookfield,TSPLOST,,,NO,344,3,230,111,0
Tift,Chula,TSPLOST,,,NO,378,4,240,134,0
Tift,Docia,TSPLOST,,,NO,276,1,180,94,1
Tift,Eldorado,TSPLOST,,,NO,244,4,152,88,0
Tift,Omega,TSPLOST,,,NO,147,2,126,19,0
Tift,Ty Ty,TSPLOST,,,NO,236,4,168,64,0
Tift,Tifton Northwest,TSPLOST,,,NO,583,18,254,311,0
Tift,Tifton South,TSPLOST,,,NO,187,5,89,93,0
Tift,Mott-Littman Gym,TSPLOST,,,NO,221,4,103,114,0
Tift,Tifton Lodge,TSPLOST,,,NO,557,18,278,261,0
