county,precinct,office,district,party,candidate,votes,absentee_by_mail,election_day,advance_in_person,provisional
Sumter,,"Public Service Commission, District 3",3,REP,CHUCK EATON (I),1045,46,732,267,0
Sumter,C1-27,"Public Service Commission, District 3",3,REP,CHUCK EATON (I),74,5,43,26,0
Sumter,C2-27,"Public Service Commission, District 3",3,REP,CHUCK EATON (I),255,22,173,60,0
Sumter,C3-27,"Public Service Commission, District 3",3,REP,CHUCK EATON (I),63,2,35,26,0
Sumter,E-27,"Public Service Commission, District 3",3,REP,CHUCK EATON (I),164,1,115,48,0
Sumter,N-26,"Public Service Commission, District 3",3,REP,CHUCK EATON (I),40,1,34,5,0
Sumter,O-26,"Public Service Commission, District 3",3,REP,CHUCK EATON (I),47,2,34,11,0
Sumter,W-27,"Public Service Commission, District 3",3,REP,CHUCK EATON (I),141,5,94,42,0
Sumter,15,"Public Service Commission, District 3",3,REP,CHUCK EATON (I),118,3,95,20,0
Sumter,17,"Public Service Commission, District 3",3,REP,CHUCK EATON (I),43,2,36,5,0
Sumter,28,"Public Service Commission, District 3",3,REP,CHUCK EATON (I),68,3,44,21,0
Sumter,29,"Public Service Commission, District 3",3,REP,CHUCK EATON (I),32,0,29,3,0
Sumter,,"Public Service Commission, District 3",3,REP,MATT REID,570,26,387,157,0
Sumter,C1-27,"Public Service Commission, District 3",3,REP,MATT REID,51,5,27,19,0
Sumter,C2-27,"Public Service Commission, District 3",3,REP,MATT REID,108,7,76,25,0
Sumter,C3-27,"Public Service Commission, District 3",3,REP,MATT REID,29,0,18,11,0
Sumter,E-27,"Public Service Commission, District 3",3,REP,MATT REID,69,0,45,24,0
Sumter,N-26,"Public Service Commission, District 3",3,REP,MATT REID,26,0,21,5,0
Sumter,O-26,"Public Service Commission, District 3",3,REP,MATT REID,38,3,27,8,0
Sumter,W-27,"Public Service Commission, District 3",3,REP,MATT REID,90,6,53,31,0
Sumter,15,"Public Service Commission, District 3",3,REP,MATT REID,63,3,49,11,0
Sumter,17,"Public Service Commission, District 3",3,REP,MATT REID,37,2,25,10,0
Sumter,28,"Public Service Commission, District 3",3,REP,MATT REID,45,0,33,12,0
Sumter,29,"Public Service Commission, District 3",3,REP,MATT REID,14,0,13,1,0
Sumter,,"Public Service Commission, District 3",3,DEM,STEPHEN OPPENHEIMER,1492,92,924,476,0
Sumter,C1-27,"Public Service Commission, District 3",3,DEM,STEPHEN OPPENHEIMER,286,27,141,118,0
Sumter,C2-27,"Public Service Commission, District 3",3,DEM,STEPHEN OPPENHEIMER,228,15,147,66,0
Sumter,C3-27,"Public Service Commission, District 3",3,DEM,STEPHEN OPPENHEIMER,289,34,154,101,0
Sumter,E-27,"Public Service Commission, District 3",3,DEM,STEPHEN OPPENHEIMER,154,1,98,55,0
Sumter,N-26,"Public Service Commission, District 3",3,DEM,STEPHEN OPPENHEIMER,14,0,10,4,0
Sumter,O-26,"Public Service Commission, District 3",3,DEM,STEPHEN OPPENHEIMER,82,5,67,10,0
Sumter,W-27,"Public Service Commission, District 3",3,DEM,STEPHEN OPPENHEIMER,171,5,114,52,0
Sumter,15,"Public Service Commission, District 3",3,DEM,STEPHEN OPPENHEIMER,138,1,106,31,0
Sumter,17,"Public Service Commission, District 3",3,DEM,STEPHEN OPPENHEIMER,39,0,30,9,0
Sumter,28,"Public Service Commission, District 3",3,DEM,STEPHEN OPPENHEIMER,66,3,36,27,0
Sumter,29,"Public Service Commission, District 3",3,DEM,STEPHEN OPPENHEIMER,25,1,21,3,0
Sumter,,"Public Service Commission, District 5",5,REP,PAM DAVIDSON,549,24,384,141,0
Sumter,C1-27,"Public Service Commission, District 5",5,REP,PAM DAVIDSON,54,3,32,19,0
Sumter,C2-27,"Public Service Commission, District 5",5,REP,PAM DAVIDSON,107,6,78,23,0
Sumter,C3-27,"Public Service Commission, District 5",5,REP,PAM DAVIDSON,29,0,17,12,0
Sumter,E-27,"Public Service Commission, District 5",5,REP,PAM DAVIDSON,63,0,45,18,0
Sumter,N-26,"Public Service Commission, District 5",5,REP,PAM DAVIDSON,21,0,14,7,0
Sumter,O-26,"Public Service Commission, District 5",5,REP,PAM DAVIDSON,27,2,20,5,0
Sumter,W-27,"Public Service Commission, District 5",5,REP,PAM DAVIDSON,86,7,53,26,0
Sumter,15,"Public Service Commission, District 5",5,REP,PAM DAVIDSON,69,1,55,13,0
Sumter,17,"Public Service Commission, District 5",5,REP,PAM DAVIDSON,36,4,25,7,0
Sumter,28,"Public Service Commission, District 5",5,REP,PAM DAVIDSON,39,1,28,10,0
Sumter,29,"Public Service Commission, District 5",5,REP,PAM DAVIDSON,18,0,17,1,0
Sumter,,"Public Service Commission, District 5",5,REP,STAN WISE (I),1019,46,719,254,0
Sumter,C1-27,"Public Service Commission, District 5",5,REP,STAN WISE (I),73,7,41,25,0
Sumter,C2-27,"Public Service Commission, District 5",5,REP,STAN WISE (I),228,22,156,50,0
Sumter,C3-27,"Public Service Commission, District 5",5,REP,STAN WISE (I),56,2,33,21,0
Sumter,E-27,"Public Service Commission, District 5",5,REP,STAN WISE (I),169,1,116,52,0
Sumter,N-26,"Public Service Commission, District 5",5,REP,STAN WISE (I),45,1,41,3,0
Sumter,O-26,"Public Service Commission, District 5",5,REP,STAN WISE (I),57,3,41,13,0
Sumter,W-27,"Public Service Commission, District 5",5,REP,STAN WISE (I),141,4,92,45,0
Sumter,15,"Public Service Commission, District 5",5,REP,STAN WISE (I),108,4,87,17,0
Sumter,17,"Public Service Commission, District 5",5,REP,STAN WISE (I),45,0,38,7,0
Sumter,28,"Public Service Commission, District 5",5,REP,STAN WISE (I),69,2,48,19,0
Sumter,29,"Public Service Commission, District 5",5,REP,STAN WISE (I),28,0,26,2,0
Sumter,,"U.S. Representative, District 2",2,REP,RICK ALLEN,352,14,251,87,0
Sumter,C1-27,"U.S. Representative, District 2",2,REP,RICK ALLEN,22,1,12,9,0
Sumter,C2-27,"U.S. Representative, District 2",2,REP,RICK ALLEN,72,7,46,19,0
Sumter,C3-27,"U.S. Representative, District 2",2,REP,RICK ALLEN,18,1,11,6,0
Sumter,E-27,"U.S. Representative, District 2",2,REP,RICK ALLEN,52,0,38,14,0
Sumter,N-26,"U.S. Representative, District 2",2,REP,RICK ALLEN,8,0,6,2,0
Sumter,O-26,"U.S. Representative, District 2",2,REP,RICK ALLEN,15,0,12,3,0
Sumter,W-27,"U.S. Representative, District 2",2,REP,RICK ALLEN,64,2,44,18,0
Sumter,15,"U.S. Representative, District 2",2,REP,RICK ALLEN,40,0,35,5,0
Sumter,17,"U.S. Representative, District 2",2,REP,RICK ALLEN,24,2,18,4,0
Sumter,28,"U.S. Representative, District 2",2,REP,RICK ALLEN,30,1,23,6,0
Sumter,29,"U.S. Representative, District 2",2,REP,RICK ALLEN,7,0,6,1,0
Sumter,,"U.S. Representative, District 2",2,REP,KEN DELOACH,324,20,222,82,0
Sumter,C1-27,"U.S. Representative, District 2",2,REP,KEN DELOACH,28,2,18,8,0
Sumter,C2-27,"U.S. Representative, District 2",2,REP,KEN DELOACH,68,10,45,13,0
Sumter,C3-27,"U.S. Representative, District 2",2,REP,KEN DELOACH,14,0,4,10,0
Sumter,E-27,"U.S. Representative, District 2",2,REP,KEN DELOACH,35,0,24,11,0
Sumter,N-26,"U.S. Representative, District 2",2,REP,KEN DELOACH,16,0,12,4,0
Sumter,O-26,"U.S. Representative, District 2",2,REP,KEN DELOACH,27,3,18,6,0
Sumter,W-27,"U.S. Representative, District 2",2,REP,KEN DELOACH,46,2,34,10,0
Sumter,15,"U.S. Representative, District 2",2,REP,KEN DELOACH,30,1,24,5,0
Sumter,17,"U.S. Representative, District 2",2,REP,KEN DELOACH,29,2,21,6,0
Sumter,28,"U.S. Representative, District 2",2,REP,KEN DELOACH,23,0,16,7,0
Sumter,29,"U.S. Representative, District 2",2,REP,KEN DELOACH,8,0,6,2,0
Sumter,,"U.S. Representative, District 2",2,REP,JOHN HOUSE,913,32,638,243,0
Sumter,C1-27,"U.S. Representative, District 2",2,REP,JOHN HOUSE,72,5,42,25,0
Sumter,C2-27,"U.S. Representative, District 2",2,REP,JOHN HOUSE,209,9,151,49,0
Sumter,C3-27,"U.S. Representative, District 2",2,REP,JOHN HOUSE,56,1,35,20,0
Sumter,E-27,"U.S. Representative, District 2",2,REP,JOHN HOUSE,147,1,99,47,0
Sumter,N-26,"U.S. Representative, District 2",2,REP,JOHN HOUSE,42,1,37,4,0
Sumter,O-26,"U.S. Representative, District 2",2,REP,JOHN HOUSE,43,2,31,10,0
Sumter,W-27,"U.S. Representative, District 2",2,REP,JOHN HOUSE,125,7,74,44,0
Sumter,15,"U.S. Representative, District 2",2,REP,JOHN HOUSE,107,5,82,20,0
Sumter,17,"U.S. Representative, District 2",2,REP,JOHN HOUSE,31,0,25,6,0
Sumter,28,"U.S. Representative, District 2",2,REP,JOHN HOUSE,56,1,39,16,0
Sumter,29,"U.S. Representative, District 2",2,REP,JOHN HOUSE,25,0,23,2,0
Sumter,,"U.S. Representative, District 2",2,DEM,SANFORD BISHOP (I),1989,111,1297,581,0
Sumter,C1-27,"U.S. Representative, District 2",2,DEM,SANFORD BISHOP (I),392,34,213,145,0
Sumter,C2-27,"U.S. Representative, District 2",2,DEM,SANFORD BISHOP (I),250,19,161,70,0
Sumter,C3-27,"U.S. Representative, District 2",2,DEM,SANFORD BISHOP (I),439,37,263,139,0
Sumter,E-27,"U.S. Representative, District 2",2,DEM,SANFORD BISHOP (I),178,1,120,57,0
Sumter,N-26,"U.S. Representative, District 2",2,DEM,SANFORD BISHOP (I),14,0,10,4,0
Sumter,O-26,"U.S. Representative, District 2",2,DEM,SANFORD BISHOP (I),104,6,85,13,0
Sumter,W-27,"U.S. Representative, District 2",2,DEM,SANFORD BISHOP (I),230,6,155,69,0
Sumter,15,"U.S. Representative, District 2",2,DEM,SANFORD BISHOP (I),208,1,167,40,0
Sumter,17,"U.S. Representative, District 2",2,DEM,SANFORD BISHOP (I),56,0,47,9,0
Sumter,28,"U.S. Representative, District 2",2,DEM,SANFORD BISHOP (I),88,4,53,31,0
Sumter,29,"U.S. Representative, District 2",2,DEM,SANFORD BISHOP (I),30,3,23,4,0
Sumter,,"State Senator, District 12",12,DEM,FREDDIE P SIMS,1061,91,667,303,0
Sumter,C1-27,"State Senator, District 12",12,DEM,FREDDIE P SIMS,271,28,152,91,0
Sumter,C2-27,"State Senator, District 12",12,DEM,FREDDIE P SIMS,207,17,136,54,0
Sumter,C3-27,"State Senator, District 12",12,DEM,FREDDIE P SIMS,286,36,158,92,0
Sumter,N-26,"State Senator, District 12",12,DEM,FREDDIE P SIMS,11,0,8,3,0
Sumter,O-26,"State Senator, District 12",12,DEM,FREDDIE P SIMS,78,5,63,10,0
Sumter,W-27,"State Senator, District 12",12,DEM,FREDDIE P SIMS,168,5,116,47,0
Sumter,17,"State Senator, District 12",12,DEM,FREDDIE P SIMS,40,0,34,6,0
Sumter,,"State Senator, District 13",13,REP,JOHN D CROSBY (I),484,11,356,117,0
Sumter,C1-27,"State Senator, District 13",13,REP,JOHN D CROSBY (I),1,1,0,0,0
Sumter,E-27,"State Senator, District 13",13,REP,JOHN D CROSBY (I),199,1,135,63,0
Sumter,15,"State Senator, District 13",13,REP,JOHN D CROSBY (I),154,6,123,25,0
Sumter,28,"State Senator, District 13",13,REP,JOHN D CROSBY (I),93,3,64,26,0
Sumter,29,"State Senator, District 13",13,REP,JOHN D CROSBY (I),37,0,34,3,0
Sumter,,"State Representative, District 138",138,REP,MIKE CHEOKAS (I),1221,51,843,327,0
Sumter,C1-27,"State Representative, District 138",138,REP,MIKE CHEOKAS (I),116,10,68,38,0
Sumter,C2-27,"State Representative, District 138",138,REP,MIKE CHEOKAS (I),329,28,228,73,0
Sumter,C3-27,"State Representative, District 138",138,REP,MIKE CHEOKAS (I),76,1,43,32,0
Sumter,E-27,"State Representative, District 138",138,REP,MIKE CHEOKAS (I),221,1,156,64,0
Sumter,N-26,"State Representative, District 138",138,REP,MIKE CHEOKAS (I),55,0,47,8,0
Sumter,O-26,"State Representative, District 138",138,REP,MIKE CHEOKAS (I),80,3,60,17,0
Sumter,W-27,"State Representative, District 138",138,REP,MIKE CHEOKAS (I),205,5,137,63,0
Sumter,28,"State Representative, District 138",138,REP,MIKE CHEOKAS (I),100,3,68,29,0
Sumter,29,"State Representative, District 138",138,REP,MIKE CHEOKAS (I),39,0,36,3,0
Sumter,,"State Representative, District 138",138,DEM,KEVIN T. BROWN,1283,99,803,381,0
Sumter,C1-27,"State Representative, District 138",138,DEM,KEVIN T. BROWN,268,29,147,92,0
Sumter,C2-27,"State Representative, District 138",138,DEM,KEVIN T. BROWN,219,19,145,55,0
Sumter,C3-27,"State Representative, District 138",138,DEM,KEVIN T. BROWN,301,34,172,95,0
Sumter,E-27,"State Representative, District 138",138,DEM,KEVIN T. BROWN,141,1,89,51,0
Sumter,N-26,"State Representative, District 138",138,DEM,KEVIN T. BROWN,11,0,8,3,0
Sumter,O-26,"State Representative, District 138",138,DEM,KEVIN T. BROWN,82,5,67,10,0
Sumter,W-27,"State Representative, District 138",138,DEM,KEVIN T. BROWN,172,5,121,46,0
Sumter,28,"State Representative, District 138",138,DEM,KEVIN T. BROWN,66,4,37,25,0
Sumter,29,"State Representative, District 138",138,DEM,KEVIN T. BROWN,23,2,17,4,0
Sumter,,"State Representative, District 152",152,REP,ED RYNDERS (I),220,10,168,42,0
Sumter,15,"State Representative, District 152",152,REP,ED RYNDERS (I),149,6,116,27,0
Sumter,17,"State Representative, District 152",152,REP,ED RYNDERS (I),71,4,52,15,0
Sumter,,"District Attorney, Southwestern Circuit", Southwestern Circuit - REP,REP,PLEZ H. HARDIN (I),1483,61,1046,376,0
Sumter,C1-27,"District Attorney, Southwestern Circuit", Southwestern Circuit - REP,REP,PLEZ H. HARDIN (I),116,10,65,41,0
Sumter,C2-27,"District Attorney, Southwestern Circuit", Southwestern Circuit - REP,REP,PLEZ H. HARDIN (I),331,26,231,74,0
Sumter,C3-27,"District Attorney, Southwestern Circuit", Southwestern Circuit - REP,REP,PLEZ H. HARDIN (I),84,1,49,34,0
Sumter,E-27,"District Attorney, Southwestern Circuit", Southwestern Circuit - REP,REP,PLEZ H. HARDIN (I),231,1,164,66,0
Sumter,N-26,"District Attorney, Southwestern Circuit", Southwestern Circuit - REP,REP,PLEZ H. HARDIN (I),67,1,58,8,0
Sumter,O-26,"District Attorney, Southwestern Circuit", Southwestern Circuit - REP,REP,PLEZ H. HARDIN (I),75,3,56,16,0
Sumter,W-27,"District Attorney, Southwestern Circuit", Southwestern Circuit - REP,REP,PLEZ H. HARDIN (I),210,6,137,67,0
Sumter,15,"District Attorney, Southwestern Circuit", Southwestern Circuit - REP,REP,PLEZ H. HARDIN (I),159,6,126,27,0
Sumter,17,"District Attorney, Southwestern Circuit", Southwestern Circuit - REP,REP,PLEZ H. HARDIN (I),67,4,50,13,0
Sumter,28,"District Attorney, Southwestern Circuit", Southwestern Circuit - REP,REP,PLEZ H. HARDIN (I),102,3,72,27,0
Sumter,29,"District Attorney, Southwestern Circuit", Southwestern Circuit - REP,REP,PLEZ H. HARDIN (I),41,0,38,3,0
Sumter,,"CLERK, SUPERIOR COURT", SUPERIOR COURT - D,,NANCY C. SMITH ,1796,101,1155,540,0
Sumter,C1-27,"CLERK, SUPERIOR COURT", SUPERIOR COURT - D,,NANCY C. SMITH ,341,29,185,127,0
Sumter,C2-27,"CLERK, SUPERIOR COURT", SUPERIOR COURT - D,,NANCY C. SMITH ,272,19,178,75,0
Sumter,C3-27,"CLERK, SUPERIOR COURT", SUPERIOR COURT - D,,NANCY C. SMITH ,348,35,196,117,0
Sumter,E-27,"CLERK, SUPERIOR COURT", SUPERIOR COURT - D,,NANCY C. SMITH ,173,1,115,57,0
Sumter,N-26,"CLERK, SUPERIOR COURT", SUPERIOR COURT - D,,NANCY C. SMITH ,13,0,9,4,0
Sumter,O-26,"CLERK, SUPERIOR COURT", SUPERIOR COURT - D,,NANCY C. SMITH ,98,5,80,13,0
Sumter,W-27,"CLERK, SUPERIOR COURT", SUPERIOR COURT - D,,NANCY C. SMITH ,207,5,139,63,0
Sumter,15,"CLERK, SUPERIOR COURT", SUPERIOR COURT - D,,NANCY C. SMITH ,169,1,127,41,0
Sumter,17,"CLERK, SUPERIOR COURT", SUPERIOR COURT - D,,NANCY C. SMITH ,52,0,43,9,0
Sumter,28,"CLERK, SUPERIOR COURT", SUPERIOR COURT - D,,NANCY C. SMITH ,89,3,55,31,0
Sumter,29,"CLERK, SUPERIOR COURT", SUPERIOR COURT - D,,NANCY C. SMITH ,34,3,28,3,0
Sumter,,SHERIFF,,,PETE PRUITT SMITH,1586,65,1125,396,0
Sumter,C1-27,SHERIFF,,,PETE PRUITT SMITH,123,9,73,41,0
Sumter,C2-27,SHERIFF,,,PETE PRUITT SMITH,350,27,242,81,0
Sumter,C3-27,SHERIFF,,,PETE PRUITT SMITH,86,2,48,36,0
Sumter,E-27,SHERIFF,,,PETE PRUITT SMITH,256,2,182,72,0
Sumter,N-26,SHERIFF,,,PETE PRUITT SMITH,66,0,58,8,0
Sumter,O-26,SHERIFF,,,PETE PRUITT SMITH,80,4,60,16,0
Sumter,W-27,SHERIFF,,,PETE PRUITT SMITH,224,8,147,69,0
Sumter,15,SHERIFF,,,PETE PRUITT SMITH,172,6,139,27,0
Sumter,17,SHERIFF,,,PETE PRUITT SMITH,82,4,62,16,0
Sumter,28,SHERIFF,,,PETE PRUITT SMITH,107,3,76,28,0
Sumter,29,SHERIFF,,,PETE PRUITT SMITH,40,0,38,2,0
Sumter,,TAX COMMISSIONER,,,"ADAM ""WILKIE"" SMITH",1572,98,1003,471,0
Sumter,C1-27,TAX COMMISSIONER,,,"ADAM ""WILKIE"" SMITH",285,27,148,110,0
Sumter,C2-27,TAX COMMISSIONER,,,"ADAM ""WILKIE"" SMITH",272,21,180,71,0
Sumter,C3-27,TAX COMMISSIONER,,,"ADAM ""WILKIE"" SMITH",294,32,164,98,0
Sumter,E-27,TAX COMMISSIONER,,,"ADAM ""WILKIE"" SMITH",158,1,105,52,0
Sumter,N-26,TAX COMMISSIONER,,,"ADAM ""WILKIE"" SMITH",14,0,10,4,0
Sumter,O-26,TAX COMMISSIONER,,,"ADAM ""WILKIE"" SMITH",86,5,68,13,0
Sumter,W-27,TAX COMMISSIONER,,,"ADAM ""WILKIE"" SMITH",181,5,124,52,0
Sumter,15,TAX COMMISSIONER,,,"ADAM ""WILKIE"" SMITH",136,1,102,33,0
Sumter,17,TAX COMMISSIONER,,,"ADAM ""WILKIE"" SMITH",44,0,36,8,0
Sumter,28,TAX COMMISSIONER,,,"ADAM ""WILKIE"" SMITH",73,3,43,27,0
Sumter,29,TAX COMMISSIONER,,,"ADAM ""WILKIE"" SMITH",29,3,23,3,0
Sumter,,CORONER,,,GREG HANCOCK ,1655,83,1080,492,0
Sumter,C1-27,CORONER,,,GREG HANCOCK ,306,24,171,111,0
Sumter,C2-27,CORONER,,,GREG HANCOCK ,217,16,137,64,0
Sumter,C3-27,CORONER,,,GREG HANCOCK ,326,31,184,111,0
Sumter,E-27,CORONER,,,GREG HANCOCK ,151,1,98,52,0
Sumter,N-26,CORONER,,,GREG HANCOCK ,11,0,9,2,0
Sumter,O-26,CORONER,,,GREG HANCOCK ,92,3,75,14,0
Sumter,W-27,CORONER,,,GREG HANCOCK ,198,3,137,58,0
Sumter,15,CORONER,,,GREG HANCOCK ,190,0,146,44,0
Sumter,17,CORONER,,,GREG HANCOCK ,50,0,43,7,0
Sumter,28,CORONER,,,GREG HANCOCK ,85,4,53,28,0
Sumter,29,CORONER,,,GREG HANCOCK ,29,1,27,1,0
Sumter,,CORONER,,,BOBBY HARRIS,590,32,410,148,0
Sumter,C1-27,CORONER,,,BOBBY HARRIS,103,11,52,40,0
Sumter,C2-27,CORONER,,,BOBBY HARRIS,108,7,78,23,0
Sumter,C3-27,CORONER,,,BOBBY HARRIS,112,7,82,23,0
Sumter,E-27,CORONER,,,BOBBY HARRIS,54,0,38,16,0
Sumter,N-26,CORONER,,,BOBBY HARRIS,10,0,8,2,0
Sumter,O-26,CORONER,,,BOBBY HARRIS,33,3,27,3,0
Sumter,W-27,CORONER,,,BOBBY HARRIS,75,2,52,21,0
Sumter,15,CORONER,,,BOBBY HARRIS,47,1,44,2,0
Sumter,17,CORONER,,,BOBBY HARRIS,14,0,9,5,0
Sumter,28,CORONER,,,BOBBY HARRIS,22,0,12,10,0
Sumter,29,CORONER,,,BOBBY HARRIS,12,1,8,3,0
Sumter,,CHIEF MAGISTRATE,,,SHERRY WISE RATLIFF,1388,58,981,349,0
Sumter,C1-27,CHIEF MAGISTRATE,,,SHERRY WISE RATLIFF,110,9,64,37,0
Sumter,C2-27,CHIEF MAGISTRATE,,,SHERRY WISE RATLIFF,297,22,211,64,0
Sumter,C3-27,CHIEF MAGISTRATE,,,SHERRY WISE RATLIFF,76,2,43,31,0
Sumter,E-27,CHIEF MAGISTRATE,,,SHERRY WISE RATLIFF,205,1,144,60,0
Sumter,N-26,CHIEF MAGISTRATE,,,SHERRY WISE RATLIFF,55,0,47,8,0
Sumter,O-26,CHIEF MAGISTRATE,,,SHERRY WISE RATLIFF,77,4,57,16,0
Sumter,W-27,CHIEF MAGISTRATE,,,SHERRY WISE RATLIFF,203,7,133,63,0
Sumter,15,CHIEF MAGISTRATE,,,SHERRY WISE RATLIFF,150,6,121,23,0
Sumter,17,CHIEF MAGISTRATE,,,SHERRY WISE RATLIFF,73,4,55,14,0
Sumter,28,CHIEF MAGISTRATE,,,SHERRY WISE RATLIFF,103,3,71,29,0
Sumter,29,CHIEF MAGISTRATE,,,SHERRY WISE RATLIFF,39,0,35,4,0
Sumter,,CHIEF MAGISTRATE,,,SHIRLEY DUKE ,1711,104,1092,515,0
Sumter,C1-27,CHIEF MAGISTRATE,,,SHIRLEY DUKE ,328,31,175,122,0
Sumter,C2-27,CHIEF MAGISTRATE,,,SHIRLEY DUKE ,258,21,164,73,0
Sumter,C3-27,CHIEF MAGISTRATE,,,SHIRLEY DUKE ,339,35,190,114,0
Sumter,E-27,CHIEF MAGISTRATE,,,SHIRLEY DUKE ,154,1,96,57,0
Sumter,N-26,CHIEF MAGISTRATE,,,SHIRLEY DUKE ,14,0,10,4,0
Sumter,O-26,CHIEF MAGISTRATE,,,SHIRLEY DUKE ,105,6,85,14,0
Sumter,W-27,CHIEF MAGISTRATE,,,SHIRLEY DUKE ,210,5,139,66,0
Sumter,15,CHIEF MAGISTRATE,,,SHIRLEY DUKE ,139,1,115,23,0
Sumter,17,CHIEF MAGISTRATE,,,SHIRLEY DUKE ,48,0,41,7,0
Sumter,28,CHIEF MAGISTRATE,,,SHIRLEY DUKE ,88,3,53,32,0
Sumter,29,CHIEF MAGISTRATE,,,SHIRLEY DUKE ,28,1,24,3,0
Sumter,,"CC, D1", D1 - R,,HARVEY CLAIBORNE,156,3,124,29,0
Sumter,C1-27,"CC, D1", D1 - R,,HARVEY CLAIBORNE,8,2,5,1,0
Sumter,C3-27,"CC, D1", D1 - R,,HARVEY CLAIBORNE,5,0,5,0,0
Sumter,E-27,"CC, D1", D1 - R,,HARVEY CLAIBORNE,5,0,5,0,0
Sumter,W-27,"CC, D1", D1 - R,,HARVEY CLAIBORNE,26,1,21,4,0
Sumter,28,"CC, D1", D1 - R,,HARVEY CLAIBORNE,82,0,61,21,0
Sumter,29,"CC, D1", D1 - R,,HARVEY CLAIBORNE,30,0,27,3,0
Sumter,,"CC, D1", D1 - D,,CLAY JONES,444,40,249,155,0
Sumter,C1-27,"CC, D1", D1 - D,,CLAY JONES,237,29,117,91,0
Sumter,C3-27,"CC, D1", D1 - D,,CLAY JONES,39,3,26,10,0
Sumter,E-27,"CC, D1", D1 - D,,CLAY JONES,18,1,10,7,0
Sumter,W-27,"CC, D1", D1 - D,,CLAY JONES,31,1,17,13,0
Sumter,28,"CC, D1", D1 - D,,CLAY JONES,89,3,55,31,0
Sumter,29,"CC, D1", D1 - D,,CLAY JONES,30,3,24,3,0
Sumter,,"CC, D1", D1 - D,,FREDERICK MCLAUGHLIN,63,3,36,24,0
Sumter,C1-27,"CC, D1", D1 - D,,FREDERICK MCLAUGHLIN,30,2,17,11,0
Sumter,C3-27,"CC, D1", D1 - D,,FREDERICK MCLAUGHLIN,5,0,3,2,0
Sumter,E-27,"CC, D1", D1 - D,,FREDERICK MCLAUGHLIN,1,0,1,0,0
Sumter,W-27,"CC, D1", D1 - D,,FREDERICK MCLAUGHLIN,10,0,5,5,0
Sumter,28,"CC, D1", D1 - D,,FREDERICK MCLAUGHLIN,10,1,4,5,0
Sumter,29,"CC, D1", D1 - D,,FREDERICK MCLAUGHLIN,7,0,6,1,0
Sumter,,"CC, D3", D3 - R,,GEORGE R. TORBERT,414,18,311,85,0
Sumter,C2-27,"CC, D3", D3 - R,,GEORGE R. TORBERT,28,6,19,3,0
Sumter,E-27,"CC, D3", D3 - R,,GEORGE R. TORBERT,80,1,59,20,0
Sumter,N-26,"CC, D3", D3 - R,,GEORGE R. TORBERT,62,1,52,9,0
Sumter,O-26,"CC, D3", D3 - R,,GEORGE R. TORBERT,75,3,56,16,0
Sumter,W-27,"CC, D3", D3 - R,,GEORGE R. TORBERT,80,2,58,20,0
Sumter,15,"CC, D3", D3 - R,,GEORGE R. TORBERT,11,1,8,2,0
Sumter,17,"CC, D3", D3 - R,,GEORGE R. TORBERT,78,4,59,15,0
Sumter,,"CC, D3", D3 - D,,TANGALIA ROBINSON,254,12,187,55,0
Sumter,C2-27,"CC, D3", D3 - D,,TANGALIA ROBINSON,49,4,28,17,0
Sumter,E-27,"CC, D3", D3 - D,,TANGALIA ROBINSON,4,0,2,2,0
Sumter,N-26,"CC, D3", D3 - D,,TANGALIA ROBINSON,12,0,8,4,0
Sumter,O-26,"CC, D3", D3 - D,,TANGALIA ROBINSON,86,6,72,8,0
Sumter,W-27,"CC, D3", D3 - D,,TANGALIA ROBINSON,59,2,41,16,0
Sumter,15,"CC, D3", D3 - D,,TANGALIA ROBINSON,1,0,1,0,0
Sumter,17,"CC, D3", D3 - D,,TANGALIA ROBINSON,43,0,35,8,0
Sumter,,"CC, D5", D5 - R,,CAREY GORDON HARBUCK,154,6,85,63,0
Sumter,C2-27,"CC, D5", D5 - R,,CAREY GORDON HARBUCK,4,0,3,1,0
Sumter,C3-27,"CC, D5", D5 - R,,CAREY GORDON HARBUCK,58,2,31,25,0
Sumter,W-27,"CC, D5", D5 - R,,CAREY GORDON HARBUCK,92,4,51,37,0
Sumter,,"CC, D5", D5 - D,,ANDREA P F BROOKS,417,31,266,120,0
Sumter,C2-27,"CC, D5", D5 - D,,ANDREA P F BROOKS,0,0,0,0,0
Sumter,C3-27,"CC, D5", D5 - D,,ANDREA P F BROOKS,326,31,199,96,0
Sumter,W-27,"CC, D5", D5 - D,,ANDREA P F BROOKS,91,0,67,24,0
Sumter,,"CC, D5", D5 - D,,LARRY ODOM,86,2,57,27,0
Sumter,C2-27,"CC, D5", D5 - D,,LARRY ODOM,5,0,3,2,0
Sumter,C3-27,"CC, D5", D5 - D,,LARRY ODOM,40,1,23,16,0
Sumter,W-27,"CC, D5", D5 - D,,LARRY ODOM,41,1,31,9,0
Sumter,,Republican Party Question 1<br>Should Georgia have casino gambling with funds going to education?,,REP,YES,773,26,513,234,0
Sumter,C1-27,Republican Party Question 1<br>Should Georgia have casino gambling with funds going to education?,,REP,YES,65,4,35,26,0
Sumter,C2-27,Republican Party Question 1<br>Should Georgia have casino gambling with funds going to education?,,REP,YES,179,11,119,49,0
Sumter,C3-27,Republican Party Question 1<br>Should Georgia have casino gambling with funds going to education?,,REP,YES,41,1,22,18,0
Sumter,E-27,Republican Party Question 1<br>Should Georgia have casino gambling with funds going to education?,,REP,YES,111,1,78,32,0
Sumter,N-26,Republican Party Question 1<br>Should Georgia have casino gambling with funds going to education?,,REP,YES,15,0,12,3,0
Sumter,O-26,Republican Party Question 1<br>Should Georgia have casino gambling with funds going to education?,,REP,YES,37,1,25,11,0
Sumter,W-27,Republican Party Question 1<br>Should Georgia have casino gambling with funds going to education?,,REP,YES,104,4,61,39,0
Sumter,15,Republican Party Question 1<br>Should Georgia have casino gambling with funds going to education?,,REP,YES,99,0,76,23,0
Sumter,17,Republican Party Question 1<br>Should Georgia have casino gambling with funds going to education?,,REP,YES,41,3,29,9,0
Sumter,28,Republican Party Question 1<br>Should Georgia have casino gambling with funds going to education?,,REP,YES,64,1,44,19,0
Sumter,29,Republican Party Question 1<br>Should Georgia have casino gambling with funds going to education?,,REP,YES,17,0,12,5,0
Sumter,,Republican Party Question 1<br>Should Georgia have casino gambling with funds going to education?,,REP,NO,999,48,739,212,0
Sumter,C1-27,Republican Party Question 1<br>Should Georgia have casino gambling with funds going to education?,,REP,NO,71,6,44,21,0
Sumter,C2-27,Republican Party Question 1<br>Should Georgia have casino gambling with funds going to education?,,REP,NO,216,20,155,41,0
Sumter,C3-27,Republican Party Question 1<br>Should Georgia have casino gambling with funds going to education?,,REP,NO,56,1,35,20,0
Sumter,E-27,Republican Party Question 1<br>Should Georgia have casino gambling with funds going to education?,,REP,NO,162,1,116,45,0
Sumter,N-26,Republican Party Question 1<br>Should Georgia have casino gambling with funds going to education?,,REP,NO,59,1,51,7,0
Sumter,O-26,Republican Party Question 1<br>Should Georgia have casino gambling with funds going to education?,,REP,NO,53,4,41,8,0
Sumter,W-27,Republican Party Question 1<br>Should Georgia have casino gambling with funds going to education?,,REP,NO,147,7,103,37,0
Sumter,15,Republican Party Question 1<br>Should Georgia have casino gambling with funds going to education?,,REP,NO,95,6,79,10,0
Sumter,17,Republican Party Question 1<br>Should Georgia have casino gambling with funds going to education?,,REP,NO,49,1,40,8,0
Sumter,28,Republican Party Question 1<br>Should Georgia have casino gambling with funds going to education?,,REP,NO,57,1,42,14,0
Sumter,29,Republican Party Question 1<br>Should Georgia have casino gambling with funds going to education?,,REP,NO,34,0,33,1,0
Sumter,,Republican Party Question 2<br>Do you support ending the current practice of unlimited gifts from lobbyists to state legislators by imposing a $100 cap on such gifts?,,REP,YES,1500,66,1058,376,0
Sumter,C1-27,Republican Party Question 2<br>Do you support ending the current practice of unlimited gifts from lobbyists to state legislators by imposing a $100 cap on such gifts?,,REP,YES,118,9,67,42,0
Sumter,C2-27,Republican Party Question 2<br>Do you support ending the current practice of unlimited gifts from lobbyists to state legislators by imposing a $100 cap on such gifts?,,REP,YES,335,27,234,74,0
Sumter,C3-27,Republican Party Question 2<br>Do you support ending the current practice of unlimited gifts from lobbyists to state legislators by imposing a $100 cap on such gifts?,,REP,YES,77,1,43,33,0
Sumter,E-27,Republican Party Question 2<br>Do you support ending the current practice of unlimited gifts from lobbyists to state legislators by imposing a $100 cap on such gifts?,,REP,YES,235,1,169,65,0
Sumter,N-26,Republican Party Question 2<br>Do you support ending the current practice of unlimited gifts from lobbyists to state legislators by imposing a $100 cap on such gifts?,,REP,YES,67,1,58,8,0
Sumter,O-26,Republican Party Question 2<br>Do you support ending the current practice of unlimited gifts from lobbyists to state legislators by imposing a $100 cap on such gifts?,,REP,YES,81,5,58,18,0
Sumter,W-27,Republican Party Question 2<br>Do you support ending the current practice of unlimited gifts from lobbyists to state legislators by imposing a $100 cap on such gifts?,,REP,YES,208,9,135,64,0
Sumter,15,Republican Party Question 2<br>Do you support ending the current practice of unlimited gifts from lobbyists to state legislators by imposing a $100 cap on such gifts?,,REP,YES,156,6,122,28,0
Sumter,17,Republican Party Question 2<br>Do you support ending the current practice of unlimited gifts from lobbyists to state legislators by imposing a $100 cap on such gifts?,,REP,YES,78,4,60,14,0
Sumter,28,Republican Party Question 2<br>Do you support ending the current practice of unlimited gifts from lobbyists to state legislators by imposing a $100 cap on such gifts?,,REP,YES,101,3,73,25,0
Sumter,29,Republican Party Question 2<br>Do you support ending the current practice of unlimited gifts from lobbyists to state legislators by imposing a $100 cap on such gifts?,,REP,YES,44,0,39,5,0
Sumter,,Republican Party Question 2<br>Do you support ending the current practice of unlimited gifts from lobbyists to state legislators by imposing a $100 cap on such gifts?,,REP,NO,257,8,182,67,0
Sumter,C1-27,Republican Party Question 2<br>Do you support ending the current practice of unlimited gifts from lobbyists to state legislators by imposing a $100 cap on such gifts?,,REP,NO,18,1,13,4,0
Sumter,C2-27,Republican Party Question 2<br>Do you support ending the current practice of unlimited gifts from lobbyists to state legislators by imposing a $100 cap on such gifts?,,REP,NO,58,4,38,16,0
Sumter,C3-27,Republican Party Question 2<br>Do you support ending the current practice of unlimited gifts from lobbyists to state legislators by imposing a $100 cap on such gifts?,,REP,NO,18,1,13,4,0
Sumter,E-27,Republican Party Question 2<br>Do you support ending the current practice of unlimited gifts from lobbyists to state legislators by imposing a $100 cap on such gifts?,,REP,NO,36,1,25,10,0
Sumter,N-26,Republican Party Question 2<br>Do you support ending the current practice of unlimited gifts from lobbyists to state legislators by imposing a $100 cap on such gifts?,,REP,NO,6,0,4,2,0
Sumter,O-26,Republican Party Question 2<br>Do you support ending the current practice of unlimited gifts from lobbyists to state legislators by imposing a $100 cap on such gifts?,,REP,NO,8,0,7,1,0
Sumter,W-27,Republican Party Question 2<br>Do you support ending the current practice of unlimited gifts from lobbyists to state legislators by imposing a $100 cap on such gifts?,,REP,NO,37,1,24,12,0
Sumter,15,Republican Party Question 2<br>Do you support ending the current practice of unlimited gifts from lobbyists to state legislators by imposing a $100 cap on such gifts?,,REP,NO,36,0,30,6,0
Sumter,17,Republican Party Question 2<br>Do you support ending the current practice of unlimited gifts from lobbyists to state legislators by imposing a $100 cap on such gifts?,,REP,NO,12,0,9,3,0
Sumter,28,Republican Party Question 2<br>Do you support ending the current practice of unlimited gifts from lobbyists to state legislators by imposing a $100 cap on such gifts?,,REP,NO,20,0,12,8,0
Sumter,29,Republican Party Question 2<br>Do you support ending the current practice of unlimited gifts from lobbyists to state legislators by imposing a $100 cap on such gifts?,,REP,NO,8,0,7,1,0
Sumter,,Republican Party Question 3<br>Should active duty military personnel who are under the age of 21 be allowed to obtain a Georgia weapons license?,,REP,YES,1241,51,877,313,0
Sumter,C1-27,Republican Party Question 3<br>Should active duty military personnel who are under the age of 21 be allowed to obtain a Georgia weapons license?,,REP,YES,96,9,55,32,0
Sumter,C2-27,Republican Party Question 3<br>Should active duty military personnel who are under the age of 21 be allowed to obtain a Georgia weapons license?,,REP,YES,260,20,181,59,0
Sumter,C3-27,Republican Party Question 3<br>Should active duty military personnel who are under the age of 21 be allowed to obtain a Georgia weapons license?,,REP,YES,63,0,35,28,0
Sumter,E-27,Republican Party Question 3<br>Should active duty military personnel who are under the age of 21 be allowed to obtain a Georgia weapons license?,,REP,YES,189,1,133,55,0
Sumter,N-26,Republican Party Question 3<br>Should active duty military personnel who are under the age of 21 be allowed to obtain a Georgia weapons license?,,REP,YES,53,1,47,5,0
Sumter,O-26,Republican Party Question 3<br>Should active duty military personnel who are under the age of 21 be allowed to obtain a Georgia weapons license?,,REP,YES,66,2,50,14,0
Sumter,W-27,Republican Party Question 3<br>Should active duty military personnel who are under the age of 21 be allowed to obtain a Georgia weapons license?,,REP,YES,185,10,117,58,0
Sumter,15,Republican Party Question 3<br>Should active duty military personnel who are under the age of 21 be allowed to obtain a Georgia weapons license?,,REP,YES,155,5,128,22,0
Sumter,17,Republican Party Question 3<br>Should active duty military personnel who are under the age of 21 be allowed to obtain a Georgia weapons license?,,REP,YES,57,2,42,13,0
Sumter,28,Republican Party Question 3<br>Should active duty military personnel who are under the age of 21 be allowed to obtain a Georgia weapons license?,,REP,YES,88,1,61,26,0
Sumter,29,Republican Party Question 3<br>Should active duty military personnel who are under the age of 21 be allowed to obtain a Georgia weapons license?,,REP,YES,29,0,28,1,0
Sumter,,Republican Party Question 3<br>Should active duty military personnel who are under the age of 21 be allowed to obtain a Georgia weapons license?,,REP,NO,521,22,366,133,0
Sumter,C1-27,Republican Party Question 3<br>Should active duty military personnel who are under the age of 21 be allowed to obtain a Georgia weapons license?,,REP,NO,41,1,25,15,0
Sumter,C2-27,Republican Party Question 3<br>Should active duty military personnel who are under the age of 21 be allowed to obtain a Georgia weapons license?,,REP,NO,130,9,90,31,0
Sumter,C3-27,Republican Party Question 3<br>Should active duty military personnel who are under the age of 21 be allowed to obtain a Georgia weapons license?,,REP,NO,35,2,23,10,0
Sumter,E-27,Republican Party Question 3<br>Should active duty military personnel who are under the age of 21 be allowed to obtain a Georgia weapons license?,,REP,NO,82,1,59,22,0
Sumter,N-26,Republican Party Question 3<br>Should active duty military personnel who are under the age of 21 be allowed to obtain a Georgia weapons license?,,REP,NO,21,0,16,5,0
Sumter,O-26,Republican Party Question 3<br>Should active duty military personnel who are under the age of 21 be allowed to obtain a Georgia weapons license?,,REP,NO,23,3,15,5,0
Sumter,W-27,Republican Party Question 3<br>Should active duty military personnel who are under the age of 21 be allowed to obtain a Georgia weapons license?,,REP,NO,62,1,43,18,0
Sumter,15,Republican Party Question 3<br>Should active duty military personnel who are under the age of 21 be allowed to obtain a Georgia weapons license?,,REP,NO,36,1,24,11,0
Sumter,17,Republican Party Question 3<br>Should active duty military personnel who are under the age of 21 be allowed to obtain a Georgia weapons license?,,REP,NO,33,2,27,4,0
Sumter,28,Republican Party Question 3<br>Should active duty military personnel who are under the age of 21 be allowed to obtain a Georgia weapons license?,,REP,NO,35,2,26,7,0
Sumter,29,Republican Party Question 3<br>Should active duty military personnel who are under the age of 21 be allowed to obtain a Georgia weapons license?,,REP,NO,23,0,18,5,0
Sumter,,Republican Party Question 4<br>Should Citizens who wish to vote in a primary election be required to register by their political party affiliation at least thirty (30) days prior to such primary election?,,REP,YES,857,39,569,249,0
Sumter,C1-27,Republican Party Question 4<br>Should Citizens who wish to vote in a primary election be required to register by their political party affiliation at least thirty (30) days prior to such primary election?,,REP,YES,67,8,35,24,0
Sumter,C2-27,Republican Party Question 4<br>Should Citizens who wish to vote in a primary election be required to register by their political party affiliation at least thirty (30) days prior to such primary election?,,REP,YES,190,17,123,50,0
Sumter,C3-27,Republican Party Question 4<br>Should Citizens who wish to vote in a primary election be required to register by their political party affiliation at least thirty (30) days prior to such primary election?,,REP,YES,45,1,27,17,0
Sumter,E-27,Republican Party Question 4<br>Should Citizens who wish to vote in a primary election be required to register by their political party affiliation at least thirty (30) days prior to such primary election?,,REP,YES,149,1,105,43,0
Sumter,N-26,Republican Party Question 4<br>Should Citizens who wish to vote in a primary election be required to register by their political party affiliation at least thirty (30) days prior to such primary election?,,REP,YES,27,0,21,6,0
Sumter,O-26,Republican Party Question 4<br>Should Citizens who wish to vote in a primary election be required to register by their political party affiliation at least thirty (30) days prior to such primary election?,,REP,YES,34,3,24,7,0
Sumter,W-27,Republican Party Question 4<br>Should Citizens who wish to vote in a primary election be required to register by their political party affiliation at least thirty (30) days prior to such primary election?,,REP,YES,119,5,69,45,0
Sumter,15,Republican Party Question 4<br>Should Citizens who wish to vote in a primary election be required to register by their political party affiliation at least thirty (30) days prior to such primary election?,,REP,YES,94,2,71,21,0
Sumter,17,Republican Party Question 4<br>Should Citizens who wish to vote in a primary election be required to register by their political party affiliation at least thirty (30) days prior to such primary election?,,REP,YES,51,0,38,13,0
Sumter,28,Republican Party Question 4<br>Should Citizens who wish to vote in a primary election be required to register by their political party affiliation at least thirty (30) days prior to such primary election?,,REP,YES,57,2,37,18,0
Sumter,29,Republican Party Question 4<br>Should Citizens who wish to vote in a primary election be required to register by their political party affiliation at least thirty (30) days prior to such primary election?,,REP,YES,24,0,19,5,0
Sumter,,Republican Party Question 4<br>Should Citizens who wish to vote in a primary election be required to register by their political party affiliation at least thirty (30) days prior to such primary election?,,REP,NO,892,35,662,195,0
Sumter,C1-27,Republican Party Question 4<br>Should Citizens who wish to vote in a primary election be required to register by their political party affiliation at least thirty (30) days prior to such primary election?,,REP,NO,67,2,43,22,0
Sumter,C2-27,Republican Party Question 4<br>Should Citizens who wish to vote in a primary election be required to register by their political party affiliation at least thirty (30) days prior to such primary election?,,REP,NO,201,13,149,39,0
Sumter,C3-27,Republican Party Question 4<br>Should Citizens who wish to vote in a primary election be required to register by their political party affiliation at least thirty (30) days prior to such primary election?,,REP,NO,51,1,29,21,0
Sumter,E-27,Republican Party Question 4<br>Should Citizens who wish to vote in a primary election be required to register by their political party affiliation at least thirty (30) days prior to such primary election?,,REP,NO,122,1,87,34,0
Sumter,N-26,Republican Party Question 4<br>Should Citizens who wish to vote in a primary election be required to register by their political party affiliation at least thirty (30) days prior to such primary election?,,REP,NO,43,1,38,4,0
Sumter,O-26,Republican Party Question 4<br>Should Citizens who wish to vote in a primary election be required to register by their political party affiliation at least thirty (30) days prior to such primary election?,,REP,NO,56,2,42,12,0
Sumter,W-27,Republican Party Question 4<br>Should Citizens who wish to vote in a primary election be required to register by their political party affiliation at least thirty (30) days prior to such primary election?,,REP,NO,126,6,90,30,0
Sumter,15,Republican Party Question 4<br>Should Citizens who wish to vote in a primary election be required to register by their political party affiliation at least thirty (30) days prior to such primary election?,,REP,NO,96,4,79,13,0
Sumter,17,Republican Party Question 4<br>Should Citizens who wish to vote in a primary election be required to register by their political party affiliation at least thirty (30) days prior to such primary election?,,REP,NO,38,4,30,4,0
Sumter,28,Republican Party Question 4<br>Should Citizens who wish to vote in a primary election be required to register by their political party affiliation at least thirty (30) days prior to such primary election?,,REP,NO,65,1,49,15,0
Sumter,29,Republican Party Question 4<br>Should Citizens who wish to vote in a primary election be required to register by their political party affiliation at least thirty (30) days prior to such primary election?,,REP,NO,27,0,26,1,0
Sumter,,Republican Party Question 5 <br>Life Amendment Question,,REP,YES,1182,48,831,303,0
Sumter,C1-27,Republican Party Question 5 <br>Life Amendment Question,,REP,YES,88,6,50,32,0
Sumter,C2-27,Republican Party Question 5 <br>Life Amendment Question,,REP,YES,254,17,176,61,0
Sumter,C3-27,Republican Party Question 5 <br>Life Amendment Question,,REP,YES,61,1,38,22,0
Sumter,E-27,Republican Party Question 5 <br>Life Amendment Question,,REP,YES,196,1,136,59,0
Sumter,N-26,Republican Party Question 5 <br>Life Amendment Question,,REP,YES,55,1,47,7,0
Sumter,O-26,Republican Party Question 5 <br>Life Amendment Question,,REP,YES,66,5,48,13,0
Sumter,W-27,Republican Party Question 5 <br>Life Amendment Question,,REP,YES,171,7,113,51,0
Sumter,15,Republican Party Question 5 <br>Life Amendment Question,,REP,YES,116,4,90,22,0
Sumter,17,Republican Party Question 5 <br>Life Amendment Question,,REP,YES,58,4,41,13,0
Sumter,28,Republican Party Question 5 <br>Life Amendment Question,,REP,YES,80,2,60,18,0
Sumter,29,Republican Party Question 5 <br>Life Amendment Question,,REP,YES,37,0,32,5,0
Sumter,,Republican Party Question 5 <br>Life Amendment Question,,REP,NO,507,21,350,136,0
Sumter,C1-27,Republican Party Question 5 <br>Life Amendment Question,,REP,NO,42,3,26,13,0
Sumter,C2-27,Republican Party Question 5 <br>Life Amendment Question,,REP,NO,120,11,83,26,0
Sumter,C3-27,Republican Party Question 5 <br>Life Amendment Question,,REP,NO,35,1,17,17,0
Sumter,E-27,Republican Party Question 5 <br>Life Amendment Question,,REP,NO,62,1,44,17,0
Sumter,N-26,Republican Party Question 5 <br>Life Amendment Question,,REP,NO,14,0,11,3,0
Sumter,O-26,Republican Party Question 5 <br>Life Amendment Question,,REP,NO,22,0,16,6,0
Sumter,W-27,Republican Party Question 5 <br>Life Amendment Question,,REP,NO,70,3,42,25,0
Sumter,15,Republican Party Question 5 <br>Life Amendment Question,,REP,NO,69,2,55,12,0
Sumter,17,Republican Party Question 5 <br>Life Amendment Question,,REP,NO,27,0,23,4,0
Sumter,28,Republican Party Question 5 <br>Life Amendment Question,,REP,NO,33,0,21,12,0
Sumter,29,Republican Party Question 5 <br>Life Amendment Question,,REP,NO,13,0,12,1,0
Sumter,,Democratic Party Question 1<br>Should the Georgia Constitution be amended to allow the state to override locally-elected school boards’ decisions when it comes to the creation of charter schools in your county or city?,,DEM,YES,1073,51,692,330,0
Sumter,C1-27,Democratic Party Question 1<br>Should the Georgia Constitution be amended to allow the state to override locally-elected school boards’ decisions when it comes to the creation of charter schools in your county or city?,,DEM,YES,186,13,95,78,0
Sumter,C2-27,Democratic Party Question 1<br>Should the Georgia Constitution be amended to allow the state to override locally-elected school boards’ decisions when it comes to the creation of charter schools in your county or city?,,DEM,YES,189,8,129,52,0
Sumter,C3-27,Democratic Party Question 1<br>Should the Georgia Constitution be amended to allow the state to override locally-elected school boards’ decisions when it comes to the creation of charter schools in your county or city?,,DEM,YES,213,21,127,65,0
Sumter,E-27,Democratic Party Question 1<br>Should the Georgia Constitution be amended to allow the state to override locally-elected school boards’ decisions when it comes to the creation of charter schools in your county or city?,,DEM,YES,98,1,66,31,0
Sumter,N-26,Democratic Party Question 1<br>Should the Georgia Constitution be amended to allow the state to override locally-elected school boards’ decisions when it comes to the creation of charter schools in your county or city?,,DEM,YES,15,0,13,2,0
Sumter,O-26,Democratic Party Question 1<br>Should the Georgia Constitution be amended to allow the state to override locally-elected school boards’ decisions when it comes to the creation of charter schools in your county or city?,,DEM,YES,62,2,49,11,0
Sumter,W-27,Democratic Party Question 1<br>Should the Georgia Constitution be amended to allow the state to override locally-elected school boards’ decisions when it comes to the creation of charter schools in your county or city?,,DEM,YES,128,3,81,44,0
Sumter,15,Democratic Party Question 1<br>Should the Georgia Constitution be amended to allow the state to override locally-elected school boards’ decisions when it comes to the creation of charter schools in your county or city?,,DEM,YES,81,1,60,20,0
Sumter,17,Democratic Party Question 1<br>Should the Georgia Constitution be amended to allow the state to override locally-elected school boards’ decisions when it comes to the creation of charter schools in your county or city?,,DEM,YES,24,0,21,3,0
Sumter,28,Democratic Party Question 1<br>Should the Georgia Constitution be amended to allow the state to override locally-elected school boards’ decisions when it comes to the creation of charter schools in your county or city?,,DEM,YES,54,1,31,22,0
Sumter,29,Democratic Party Question 1<br>Should the Georgia Constitution be amended to allow the state to override locally-elected school boards’ decisions when it comes to the creation of charter schools in your county or city?,,DEM,YES,23,1,20,2,0
Sumter,,Democratic Party Question 1<br>Should the Georgia Constitution be amended to allow the state to override locally-elected school boards’ decisions when it comes to the creation of charter schools in your county or city?,,DEM,NO,1104,61,744,299,0
Sumter,C1-27,Democratic Party Question 1<br>Should the Georgia Constitution be amended to allow the state to override locally-elected school boards’ decisions when it comes to the creation of charter schools in your county or city?,,DEM,NO,215,22,122,71,0
Sumter,C2-27,Democratic Party Question 1<br>Should the Georgia Constitution be amended to allow the state to override locally-elected school boards’ decisions when it comes to the creation of charter schools in your county or city?,,DEM,NO,124,14,76,34,0
Sumter,C3-27,Democratic Party Question 1<br>Should the Georgia Constitution be amended to allow the state to override locally-elected school boards’ decisions when it comes to the creation of charter schools in your county or city?,,DEM,NO,220,17,131,72,0
Sumter,E-27,Democratic Party Question 1<br>Should the Georgia Constitution be amended to allow the state to override locally-elected school boards’ decisions when it comes to the creation of charter schools in your county or city?,,DEM,NO,101,0,70,31,0
Sumter,N-26,Democratic Party Question 1<br>Should the Georgia Constitution be amended to allow the state to override locally-elected school boards’ decisions when it comes to the creation of charter schools in your county or city?,,DEM,NO,5,0,3,2,0
Sumter,O-26,Democratic Party Question 1<br>Should the Georgia Constitution be amended to allow the state to override locally-elected school boards’ decisions when it comes to the creation of charter schools in your county or city?,,DEM,NO,60,3,51,6,0
Sumter,W-27,Democratic Party Question 1<br>Should the Georgia Constitution be amended to allow the state to override locally-elected school boards’ decisions when it comes to the creation of charter schools in your county or city?,,DEM,NO,133,3,99,31,0
Sumter,15,Democratic Party Question 1<br>Should the Georgia Constitution be amended to allow the state to override locally-elected school boards’ decisions when it comes to the creation of charter schools in your county or city?,,DEM,NO,147,0,120,27,0
Sumter,17,Democratic Party Question 1<br>Should the Georgia Constitution be amended to allow the state to override locally-elected school boards’ decisions when it comes to the creation of charter schools in your county or city?,,DEM,NO,36,0,27,9,0
Sumter,28,Democratic Party Question 1<br>Should the Georgia Constitution be amended to allow the state to override locally-elected school boards’ decisions when it comes to the creation of charter schools in your county or city?,,DEM,NO,50,2,34,14,0
Sumter,29,Democratic Party Question 1<br>Should the Georgia Constitution be amended to allow the state to override locally-elected school boards’ decisions when it comes to the creation of charter schools in your county or city?,,DEM,NO,13,0,11,2,0
Sumter,,Democratic Party Question 2<br>Do you support ending current practice permitting unlimited gifts from lobbyists to state legislators?,,DEM,YES,1408,84,888,436,0
Sumter,C1-27,Democratic Party Question 2<br>Do you support ending current practice permitting unlimited gifts from lobbyists to state legislators?,,DEM,YES,231,24,112,95,0
Sumter,C2-27,Democratic Party Question 2<br>Do you support ending current practice permitting unlimited gifts from lobbyists to state legislators?,,DEM,YES,236,16,148,72,0
Sumter,C3-27,Democratic Party Question 2<br>Do you support ending current practice permitting unlimited gifts from lobbyists to state legislators?,,DEM,YES,272,31,150,91,0
Sumter,E-27,Democratic Party Question 2<br>Do you support ending current practice permitting unlimited gifts from lobbyists to state legislators?,,DEM,YES,139,1,86,52,0
Sumter,N-26,Democratic Party Question 2<br>Do you support ending current practice permitting unlimited gifts from lobbyists to state legislators?,,DEM,YES,15,0,12,3,0
Sumter,O-26,Democratic Party Question 2<br>Do you support ending current practice permitting unlimited gifts from lobbyists to state legislators?,,DEM,YES,82,4,67,11,0
Sumter,W-27,Democratic Party Question 2<br>Do you support ending current practice permitting unlimited gifts from lobbyists to state legislators?,,DEM,YES,167,4,119,44,0
Sumter,15,Democratic Party Question 2<br>Do you support ending current practice permitting unlimited gifts from lobbyists to state legislators?,,DEM,YES,131,1,96,34,0
Sumter,17,Democratic Party Question 2<br>Do you support ending current practice permitting unlimited gifts from lobbyists to state legislators?,,DEM,YES,41,0,34,7,0
Sumter,28,Democratic Party Question 2<br>Do you support ending current practice permitting unlimited gifts from lobbyists to state legislators?,,DEM,YES,67,3,39,25,0
Sumter,29,Democratic Party Question 2<br>Do you support ending current practice permitting unlimited gifts from lobbyists to state legislators?,,DEM,YES,27,0,25,2,0
Sumter,,Democratic Party Question 2<br>Do you support ending current practice permitting unlimited gifts from lobbyists to state legislators?,,DEM,NO,748,28,526,194,0
Sumter,C1-27,Democratic Party Question 2<br>Do you support ending current practice permitting unlimited gifts from lobbyists to state legislators?,,DEM,NO,159,11,100,48,0
Sumter,C2-27,Democratic Party Question 2<br>Do you support ending current practice permitting unlimited gifts from lobbyists to state legislators?,,DEM,NO,78,7,56,15,0
Sumter,C3-27,Democratic Party Question 2<br>Do you support ending current practice permitting unlimited gifts from lobbyists to state legislators?,,DEM,NO,144,6,96,42,0
Sumter,E-27,Democratic Party Question 2<br>Do you support ending current practice permitting unlimited gifts from lobbyists to state legislators?,,DEM,NO,68,0,52,16,0
Sumter,N-26,Democratic Party Question 2<br>Do you support ending current practice permitting unlimited gifts from lobbyists to state legislators?,,DEM,NO,4,0,3,1,0
Sumter,O-26,Democratic Party Question 2<br>Do you support ending current practice permitting unlimited gifts from lobbyists to state legislators?,,DEM,NO,38,2,32,4,0
Sumter,W-27,Democratic Party Question 2<br>Do you support ending current practice permitting unlimited gifts from lobbyists to state legislators?,,DEM,NO,98,1,61,36,0
Sumter,15,Democratic Party Question 2<br>Do you support ending current practice permitting unlimited gifts from lobbyists to state legislators?,,DEM,NO,95,0,82,13,0
Sumter,17,Democratic Party Question 2<br>Do you support ending current practice permitting unlimited gifts from lobbyists to state legislators?,,DEM,NO,19,0,15,4,0
Sumter,28,Democratic Party Question 2<br>Do you support ending current practice permitting unlimited gifts from lobbyists to state legislators?,,DEM,NO,36,0,23,13,0
Sumter,29,Democratic Party Question 2<br>Do you support ending current practice permitting unlimited gifts from lobbyists to state legislators?,,DEM,NO,9,1,6,2,0
Sumter,,Democratic Party Question 3<br>Should Georgia adopt an income tax credit for home energy costs to support the economic security of our families?,,DEM,YES,1735,95,1124,516,0
Sumter,C1-27,Democratic Party Question 3<br>Should Georgia adopt an income tax credit for home energy costs to support the economic security of our families?,,DEM,YES,328,29,175,124,0
Sumter,C2-27,Democratic Party Question 3<br>Should Georgia adopt an income tax credit for home energy costs to support the economic security of our families?,,DEM,YES,251,16,163,72,0
Sumter,C3-27,Democratic Party Question 3<br>Should Georgia adopt an income tax credit for home energy costs to support the economic security of our families?,,DEM,YES,349,33,202,114,0
Sumter,E-27,Democratic Party Question 3<br>Should Georgia adopt an income tax credit for home energy costs to support the economic security of our families?,,DEM,YES,164,1,109,54,0
Sumter,N-26,Democratic Party Question 3<br>Should Georgia adopt an income tax credit for home energy costs to support the economic security of our families?,,DEM,YES,16,0,12,4,0
Sumter,O-26,Democratic Party Question 3<br>Should Georgia adopt an income tax credit for home energy costs to support the economic security of our families?,,DEM,YES,83,5,68,10,0
Sumter,W-27,Democratic Party Question 3<br>Should Georgia adopt an income tax credit for home energy costs to support the economic security of our families?,,DEM,YES,210,6,145,59,0
Sumter,15,Democratic Party Question 3<br>Should Georgia adopt an income tax credit for home energy costs to support the economic security of our families?,,DEM,YES,173,1,137,35,0
Sumter,17,Democratic Party Question 3<br>Should Georgia adopt an income tax credit for home energy costs to support the economic security of our families?,,DEM,YES,43,0,35,8,0
Sumter,28,Democratic Party Question 3<br>Should Georgia adopt an income tax credit for home energy costs to support the economic security of our families?,,DEM,YES,87,3,52,32,0
Sumter,29,Democratic Party Question 3<br>Should Georgia adopt an income tax credit for home energy costs to support the economic security of our families?,,DEM,YES,31,1,26,4,0
Sumter,,Democratic Party Question 3<br>Should Georgia adopt an income tax credit for home energy costs to support the economic security of our families?,,DEM,NO,449,19,305,125,0
Sumter,C1-27,Democratic Party Question 3<br>Should Georgia adopt an income tax credit for home energy costs to support the economic security of our families?,,DEM,NO,74,5,44,25,0
Sumter,C2-27,Democratic Party Question 3<br>Should Georgia adopt an income tax credit for home energy costs to support the economic security of our families?,,DEM,NO,63,8,39,16,0
Sumter,C3-27,Democratic Party Question 3<br>Should Georgia adopt an income tax credit for home energy costs to support the economic security of our families?,,DEM,NO,79,5,52,22,0
Sumter,E-27,Democratic Party Question 3<br>Should Georgia adopt an income tax credit for home energy costs to support the economic security of our families?,,DEM,NO,38,0,24,14,0
Sumter,N-26,Democratic Party Question 3<br>Should Georgia adopt an income tax credit for home energy costs to support the economic security of our families?,,DEM,NO,4,0,4,0,0
Sumter,O-26,Democratic Party Question 3<br>Should Georgia adopt an income tax credit for home energy costs to support the economic security of our families?,,DEM,NO,35,1,28,6,0
Sumter,W-27,Democratic Party Question 3<br>Should Georgia adopt an income tax credit for home energy costs to support the economic security of our families?,,DEM,NO,56,0,37,19,0
Sumter,15,Democratic Party Question 3<br>Should Georgia adopt an income tax credit for home energy costs to support the economic security of our families?,,DEM,NO,60,0,46,14,0
Sumter,17,Democratic Party Question 3<br>Should Georgia adopt an income tax credit for home energy costs to support the economic security of our families?,,DEM,NO,16,0,13,3,0
Sumter,28,Democratic Party Question 3<br>Should Georgia adopt an income tax credit for home energy costs to support the economic security of our families?,,DEM,NO,18,0,12,6,0
Sumter,29,Democratic Party Question 3<br>Should Georgia adopt an income tax credit for home energy costs to support the economic security of our families?,,DEM,NO,6,0,6,0,0
Sumter,,Democratic Party Question 4 <br>Should Georgia reduce sales taxes on Made in Georgia products so as to support the growth of small businesses in our state?,,DEM,YES,1939,100,1274,565,0
Sumter,C1-27,Democratic Party Question 4 <br>Should Georgia reduce sales taxes on Made in Georgia products so as to support the growth of small businesses in our state?,,DEM,YES,349,33,185,131,0
Sumter,C2-27,Democratic Party Question 4 <br>Should Georgia reduce sales taxes on Made in Georgia products so as to support the growth of small businesses in our state?,,DEM,YES,276,17,183,76,0
Sumter,C3-27,Democratic Party Question 4 <br>Should Georgia reduce sales taxes on Made in Georgia products so as to support the growth of small businesses in our state?,,DEM,YES,390,34,231,125,0
Sumter,E-27,Democratic Party Question 4 <br>Should Georgia reduce sales taxes on Made in Georgia products so as to support the growth of small businesses in our state?,,DEM,YES,179,1,121,57,0
Sumter,N-26,Democratic Party Question 4 <br>Should Georgia reduce sales taxes on Made in Georgia products so as to support the growth of small businesses in our state?,,DEM,YES,19,0,15,4,0
Sumter,O-26,Democratic Party Question 4 <br>Should Georgia reduce sales taxes on Made in Georgia products so as to support the growth of small businesses in our state?,,DEM,YES,100,4,81,15,0
Sumter,W-27,Democratic Party Question 4 <br>Should Georgia reduce sales taxes on Made in Georgia products so as to support the growth of small businesses in our state?,,DEM,YES,234,6,161,67,0
Sumter,15,Democratic Party Question 4 <br>Should Georgia reduce sales taxes on Made in Georgia products so as to support the growth of small businesses in our state?,,DEM,YES,213,1,170,42,0
Sumter,17,Democratic Party Question 4 <br>Should Georgia reduce sales taxes on Made in Georgia products so as to support the growth of small businesses in our state?,,DEM,YES,53,0,43,10,0
Sumter,28,Democratic Party Question 4 <br>Should Georgia reduce sales taxes on Made in Georgia products so as to support the growth of small businesses in our state?,,DEM,YES,93,3,56,34,0
Sumter,29,Democratic Party Question 4 <br>Should Georgia reduce sales taxes on Made in Georgia products so as to support the growth of small businesses in our state?,,DEM,YES,33,1,28,4,0
Sumter,,Democratic Party Question 4 <br>Should Georgia reduce sales taxes on Made in Georgia products so as to support the growth of small businesses in our state?,,DEM,NO,286,14,194,78,0
Sumter,C1-27,Democratic Party Question 4 <br>Should Georgia reduce sales taxes on Made in Georgia products so as to support the growth of small businesses in our state?,,DEM,NO,55,2,35,18,0
Sumter,C2-27,Democratic Party Question 4 <br>Should Georgia reduce sales taxes on Made in Georgia products so as to support the growth of small businesses in our state?,,DEM,NO,48,6,30,12,0
Sumter,C3-27,Democratic Party Question 4 <br>Should Georgia reduce sales taxes on Made in Georgia products so as to support the growth of small businesses in our state?,,DEM,NO,41,4,26,11,0
Sumter,E-27,Democratic Party Question 4 <br>Should Georgia reduce sales taxes on Made in Georgia products so as to support the growth of small businesses in our state?,,DEM,NO,29,0,18,11,0
Sumter,N-26,Democratic Party Question 4 <br>Should Georgia reduce sales taxes on Made in Georgia products so as to support the growth of small businesses in our state?,,DEM,NO,0,0,0,0,0
Sumter,O-26,Democratic Party Question 4 <br>Should Georgia reduce sales taxes on Made in Georgia products so as to support the growth of small businesses in our state?,,DEM,NO,22,2,18,2,0
Sumter,W-27,Democratic Party Question 4 <br>Should Georgia reduce sales taxes on Made in Georgia products so as to support the growth of small businesses in our state?,,DEM,NO,37,0,24,13,0
Sumter,15,Democratic Party Question 4 <br>Should Georgia reduce sales taxes on Made in Georgia products so as to support the growth of small businesses in our state?,,DEM,NO,28,0,22,6,0
Sumter,17,Democratic Party Question 4 <br>Should Georgia reduce sales taxes on Made in Georgia products so as to support the growth of small businesses in our state?,,DEM,NO,7,0,6,1,0
Sumter,28,Democratic Party Question 4 <br>Should Georgia reduce sales taxes on Made in Georgia products so as to support the growth of small businesses in our state?,,DEM,NO,14,0,10,4,0
Sumter,29,Democratic Party Question 4 <br>Should Georgia reduce sales taxes on Made in Georgia products so as to support the growth of small businesses in our state?,,DEM,NO,5,0,5,0,0
Sumter,,Supreme Court Justice, Hunstein,,CAROL W. HUNSTEIN,3038,141,2014,883,0
Sumter,C1-27,Supreme Court Justice, Hunstein,,CAROL W. HUNSTEIN,417,33,223,161,0
Sumter,C2-27,Supreme Court Justice, Hunstein,,CAROL W. HUNSTEIN,564,37,382,145,0
Sumter,C3-27,Supreme Court Justice, Hunstein,,CAROL W. HUNSTEIN,406,34,230,142,0
Sumter,E-27,Supreme Court Justice, Hunstein,,CAROL W. HUNSTEIN,374,2,249,123,0
Sumter,N-26,Supreme Court Justice, Hunstein,,CAROL W. HUNSTEIN,63,0,51,12,0
Sumter,O-26,Supreme Court Justice, Hunstein,,CAROL W. HUNSTEIN,171,8,132,31,0
Sumter,W-27,Supreme Court Justice, Hunstein,,CAROL W. HUNSTEIN,380,11,250,119,0
Sumter,15,Supreme Court Justice, Hunstein,,CAROL W. HUNSTEIN,306,7,241,58,0
Sumter,17,Supreme Court Justice, Hunstein,,CAROL W. HUNSTEIN,114,4,87,23,0
Sumter,28,Supreme Court Justice, Hunstein,,CAROL W. HUNSTEIN,174,4,108,62,0
Sumter,29,Supreme Court Justice, Hunstein,,CAROL W. HUNSTEIN,69,1,61,7,0
Sumter,,Supreme Court Justice, Hunstein,,Write-in,14,1,7,6,0
Sumter,C1-27,Supreme Court Justice, Hunstein,,Write-in,2,0,2,0,0
Sumter,C2-27,Supreme Court Justice, Hunstein,,Write-in,2,0,0,2,0
Sumter,C3-27,Supreme Court Justice, Hunstein,,Write-in,3,0,2,1,0
Sumter,E-27,Supreme Court Justice, Hunstein,,Write-in,3,0,1,2,0
Sumter,N-26,Supreme Court Justice, Hunstein,,Write-in,0,0,0,0,0
Sumter,O-26,Supreme Court Justice, Hunstein,,Write-in,0,0,0,0,0
Sumter,W-27,Supreme Court Justice, Hunstein,,Write-in,2,1,0,1,0
Sumter,15,Supreme Court Justice, Hunstein,,Write-in,2,0,2,0,0
Sumter,17,Supreme Court Justice, Hunstein,,Write-in,0,0,0,0,0
Sumter,28,Supreme Court Justice, Hunstein,,Write-in,0,0,0,0,0
Sumter,29,Supreme Court Justice, Hunstein,,Write-in,0,0,0,0,0
Sumter,,Supreme Court Justice, Melton,,HAROLD D. MELTON ,3029,140,1996,893,0
Sumter,C1-27,Supreme Court Justice, Melton,,HAROLD D. MELTON ,424,32,228,164,0
Sumter,C2-27,Supreme Court Justice, Melton,,HAROLD D. MELTON ,550,38,372,140,0
Sumter,C3-27,Supreme Court Justice, Melton,,HAROLD D. MELTON ,411,33,233,145,0
Sumter,E-27,Supreme Court Justice, Melton,,HAROLD D. MELTON ,372,2,245,125,0
Sumter,N-26,Supreme Court Justice, Melton,,HAROLD D. MELTON ,58,0,46,12,0
Sumter,O-26,Supreme Court Justice, Melton,,HAROLD D. MELTON ,168,8,130,30,0
Sumter,W-27,Supreme Court Justice, Melton,,HAROLD D. MELTON ,389,11,254,124,0
Sumter,15,Supreme Court Justice, Melton,,HAROLD D. MELTON ,296,7,230,59,0
Sumter,17,Supreme Court Justice, Melton,,HAROLD D. MELTON ,119,4,91,24,0
Sumter,28,Supreme Court Justice, Melton,,HAROLD D. MELTON ,176,4,109,63,0
Sumter,29,Supreme Court Justice, Melton,,HAROLD D. MELTON ,66,1,58,7,0
Sumter,,Supreme Court Justice, Melton,,Write-in,7,0,3,4,0
Sumter,C1-27,Supreme Court Justice, Melton,,Write-in,1,0,1,0,0
Sumter,C2-27,Supreme Court Justice, Melton,,Write-in,3,0,0,3,0
Sumter,C3-27,Supreme Court Justice, Melton,,Write-in,1,0,1,0,0
Sumter,E-27,Supreme Court Justice, Melton,,Write-in,2,0,1,1,0
Sumter,N-26,Supreme Court Justice, Melton,,Write-in,0,0,0,0,0
Sumter,O-26,Supreme Court Justice, Melton,,Write-in,0,0,0,0,0
Sumter,W-27,Supreme Court Justice, Melton,,Write-in,0,0,0,0,0
Sumter,15,Supreme Court Justice, Melton,,Write-in,0,0,0,0,0
Sumter,17,Supreme Court Justice, Melton,,Write-in,0,0,0,0,0
Sumter,28,Supreme Court Justice, Melton,,Write-in,0,0,0,0,0
Sumter,29,Supreme Court Justice, Melton,,Write-in,0,0,0,0,0
Sumter,,Supreme Court Justice, Thompson,,HUGH P. THOMPSON ,2997,140,1972,885,0
Sumter,C1-27,Supreme Court Justice, Thompson,,HUGH P. THOMPSON ,420,34,225,161,0
Sumter,C2-27,Supreme Court Justice, Thompson,,HUGH P. THOMPSON ,552,37,371,144,0
Sumter,C3-27,Supreme Court Justice, Thompson,,HUGH P. THOMPSON ,404,33,226,145,0
Sumter,E-27,Supreme Court Justice, Thompson,,HUGH P. THOMPSON ,367,2,243,122,0
Sumter,N-26,Supreme Court Justice, Thompson,,HUGH P. THOMPSON ,58,0,46,12,0
Sumter,O-26,Supreme Court Justice, Thompson,,HUGH P. THOMPSON ,165,8,127,30,0
Sumter,W-27,Supreme Court Justice, Thompson,,HUGH P. THOMPSON ,385,10,253,122,0
Sumter,15,Supreme Court Justice, Thompson,,HUGH P. THOMPSON ,292,7,229,56,0
Sumter,17,Supreme Court Justice, Thompson,,HUGH P. THOMPSON ,118,4,90,24,0
Sumter,28,Supreme Court Justice, Thompson,,HUGH P. THOMPSON ,171,4,105,62,0
Sumter,29,Supreme Court Justice, Thompson,,HUGH P. THOMPSON ,65,1,57,7,0
Sumter,,Supreme Court Justice, Thompson,,Write-in,6,0,3,3,0
Sumter,C1-27,Supreme Court Justice, Thompson,,Write-in,0,0,0,0,0
Sumter,C2-27,Supreme Court Justice, Thompson,,Write-in,2,0,0,2,0
Sumter,C3-27,Supreme Court Justice, Thompson,,Write-in,2,0,2,0,0
Sumter,E-27,Supreme Court Justice, Thompson,,Write-in,2,0,1,1,0
Sumter,N-26,Supreme Court Justice, Thompson,,Write-in,0,0,0,0,0
Sumter,O-26,Supreme Court Justice, Thompson,,Write-in,0,0,0,0,0
Sumter,W-27,Supreme Court Justice, Thompson,,Write-in,0,0,0,0,0
Sumter,15,Supreme Court Justice, Thompson,,Write-in,0,0,0,0,0
Sumter,17,Supreme Court Justice, Thompson,,Write-in,0,0,0,0,0
Sumter,28,Supreme Court Justice, Thompson,,Write-in,0,0,0,0,0
Sumter,29,Supreme Court Justice, Thompson,,Write-in,0,0,0,0,0
Sumter,,Appeals Court Judge, Boggs,,MICHAEL P. BOGGS ,2972,139,1956,877,0
Sumter,C1-27,Appeals Court Judge, Boggs,,MICHAEL P. BOGGS ,410,34,213,163,0
Sumter,C2-27,Appeals Court Judge, Boggs,,MICHAEL P. BOGGS ,552,35,373,144,0
Sumter,C3-27,Appeals Court Judge, Boggs,,MICHAEL P. BOGGS ,403,33,231,139,0
Sumter,E-27,Appeals Court Judge, Boggs,,MICHAEL P. BOGGS ,361,2,238,121,0
Sumter,N-26,Appeals Court Judge, Boggs,,MICHAEL P. BOGGS ,58,0,46,12,0
Sumter,O-26,Appeals Court Judge, Boggs,,MICHAEL P. BOGGS ,167,8,129,30,0
Sumter,W-27,Appeals Court Judge, Boggs,,MICHAEL P. BOGGS ,378,11,246,121,0
Sumter,15,Appeals Court Judge, Boggs,,MICHAEL P. BOGGS ,298,7,234,57,0
Sumter,17,Appeals Court Judge, Boggs,,MICHAEL P. BOGGS ,116,4,88,24,0
Sumter,28,Appeals Court Judge, Boggs,,MICHAEL P. BOGGS ,166,4,103,59,0
Sumter,29,Appeals Court Judge, Boggs,,MICHAEL P. BOGGS ,63,1,55,7,0
Sumter,,Appeals Court Judge, Boggs,,Write-in,4,0,2,2,0
Sumter,C1-27,Appeals Court Judge, Boggs,,Write-in,0,0,0,0,0
Sumter,C2-27,Appeals Court Judge, Boggs,,Write-in,1,0,0,1,0
Sumter,C3-27,Appeals Court Judge, Boggs,,Write-in,1,0,1,0,0
Sumter,E-27,Appeals Court Judge, Boggs,,Write-in,2,0,1,1,0
Sumter,N-26,Appeals Court Judge, Boggs,,Write-in,0,0,0,0,0
Sumter,O-26,Appeals Court Judge, Boggs,,Write-in,0,0,0,0,0
Sumter,W-27,Appeals Court Judge, Boggs,,Write-in,0,0,0,0,0
Sumter,15,Appeals Court Judge, Boggs,,Write-in,0,0,0,0,0
Sumter,17,Appeals Court Judge, Boggs,,Write-in,0,0,0,0,0
Sumter,28,Appeals Court Judge, Boggs,,Write-in,0,0,0,0,0
Sumter,29,Appeals Court Judge, Boggs,,Write-in,0,0,0,0,0
Sumter,,Appeals Court Judge, Dillard,,STEPHEN DILLARD ,2976,147,1950,879,0
Sumter,C1-27,Appeals Court Judge, Dillard,,STEPHEN DILLARD ,409,35,215,159,0
Sumter,C2-27,Appeals Court Judge, Dillard,,STEPHEN DILLARD ,552,37,370,145,0
Sumter,C3-27,Appeals Court Judge, Dillard,,STEPHEN DILLARD ,407,35,229,143,0
Sumter,E-27,Appeals Court Judge, Dillard,,STEPHEN DILLARD ,369,3,244,122,0
Sumter,N-26,Appeals Court Judge, Dillard,,STEPHEN DILLARD ,58,0,46,12,0
Sumter,O-26,Appeals Court Judge, Dillard,,STEPHEN DILLARD ,167,8,128,31,0
Sumter,W-27,Appeals Court Judge, Dillard,,STEPHEN DILLARD ,380,11,249,120,0
Sumter,15,Appeals Court Judge, Dillard,,STEPHEN DILLARD ,285,7,220,58,0
Sumter,17,Appeals Court Judge, Dillard,,STEPHEN DILLARD ,114,4,87,23,0
Sumter,28,Appeals Court Judge, Dillard,,STEPHEN DILLARD ,170,5,106,59,0
Sumter,29,Appeals Court Judge, Dillard,,STEPHEN DILLARD ,65,2,56,7,0
Sumter,,Appeals Court Judge, Dillard,,Write-in,4,0,2,2,0
Sumter,C1-27,Appeals Court Judge, Dillard,,Write-in,0,0,0,0,0
Sumter,C2-27,Appeals Court Judge, Dillard,,Write-in,1,0,0,1,0
Sumter,C3-27,Appeals Court Judge, Dillard,,Write-in,1,0,1,0,0
Sumter,E-27,Appeals Court Judge, Dillard,,Write-in,2,0,1,1,0
Sumter,N-26,Appeals Court Judge, Dillard,,Write-in,0,0,0,0,0
Sumter,O-26,Appeals Court Judge, Dillard,,Write-in,0,0,0,0,0
Sumter,W-27,Appeals Court Judge, Dillard,,Write-in,0,0,0,0,0
Sumter,15,Appeals Court Judge, Dillard,,Write-in,0,0,0,0,0
Sumter,17,Appeals Court Judge, Dillard,,Write-in,0,0,0,0,0
Sumter,28,Appeals Court Judge, Dillard,,Write-in,0,0,0,0,0
Sumter,29,Appeals Court Judge, Dillard,,Write-in,0,0,0,0,0
Sumter,,Appeals Court Judge, Ellington,,JOHN J. ELLINGTON,2968,142,1946,880,0
Sumter,C1-27,Appeals Court Judge, Ellington,,JOHN J. ELLINGTON,404,34,208,162,0
Sumter,C2-27,Appeals Court Judge, Ellington,,JOHN J. ELLINGTON,553,37,369,147,0
Sumter,C3-27,Appeals Court Judge, Ellington,,JOHN J. ELLINGTON,401,34,226,141,0
Sumter,E-27,Appeals Court Judge, Ellington,,JOHN J. ELLINGTON,366,2,242,122,0
Sumter,N-26,Appeals Court Judge, Ellington,,JOHN J. ELLINGTON,58,0,46,12,0
Sumter,O-26,Appeals Court Judge, Ellington,,JOHN J. ELLINGTON,163,8,123,32,0
Sumter,W-27,Appeals Court Judge, Ellington,,JOHN J. ELLINGTON,375,10,248,117,0
Sumter,15,Appeals Court Judge, Ellington,,JOHN J. ELLINGTON,292,7,228,57,0
Sumter,17,Appeals Court Judge, Ellington,,JOHN J. ELLINGTON,119,4,91,24,0
Sumter,28,Appeals Court Judge, Ellington,,JOHN J. ELLINGTON,172,5,108,59,0
Sumter,29,Appeals Court Judge, Ellington,,JOHN J. ELLINGTON,65,1,57,7,0
Sumter,,Appeals Court Judge, Ellington,,Write-in,3,0,3,0,0
Sumter,C1-27,Appeals Court Judge, Ellington,,Write-in,0,0,0,0,0
Sumter,C2-27,Appeals Court Judge, Ellington,,Write-in,0,0,0,0,0
Sumter,C3-27,Appeals Court Judge, Ellington,,Write-in,2,0,2,0,0
Sumter,E-27,Appeals Court Judge, Ellington,,Write-in,1,0,1,0,0
Sumter,N-26,Appeals Court Judge, Ellington,,Write-in,0,0,0,0,0
Sumter,O-26,Appeals Court Judge, Ellington,,Write-in,0,0,0,0,0
Sumter,W-27,Appeals Court Judge, Ellington,,Write-in,0,0,0,0,0
Sumter,15,Appeals Court Judge, Ellington,,Write-in,0,0,0,0,0
Sumter,17,Appeals Court Judge, Ellington,,Write-in,0,0,0,0,0
Sumter,28,Appeals Court Judge, Ellington,,Write-in,0,0,0,0,0
Sumter,29,Appeals Court Judge, Ellington,,Write-in,0,0,0,0,0
Sumter,,Appeals Court Judge, Miller,,M. YVETTE MILLER ,2979,145,1954,880,0
Sumter,C1-27,Appeals Court Judge, Miller,,M. YVETTE MILLER ,409,35,212,162,0
Sumter,C2-27,Appeals Court Judge, Miller,,M. YVETTE MILLER ,554,37,372,145,0
Sumter,C3-27,Appeals Court Judge, Miller,,M. YVETTE MILLER ,415,35,237,143,0
Sumter,E-27,Appeals Court Judge, Miller,,M. YVETTE MILLER ,364,2,240,122,0
Sumter,N-26,Appeals Court Judge, Miller,,M. YVETTE MILLER ,55,0,43,12,0
Sumter,O-26,Appeals Court Judge, Miller,,M. YVETTE MILLER ,164,8,126,30,0
Sumter,W-27,Appeals Court Judge, Miller,,M. YVETTE MILLER ,380,10,248,122,0
Sumter,15,Appeals Court Judge, Miller,,M. YVETTE MILLER ,292,7,228,57,0
Sumter,17,Appeals Court Judge, Miller,,M. YVETTE MILLER ,110,4,85,21,0
Sumter,28,Appeals Court Judge, Miller,,M. YVETTE MILLER ,172,6,107,59,0
Sumter,29,Appeals Court Judge, Miller,,M. YVETTE MILLER ,64,1,56,7,0
Sumter,,Appeals Court Judge, Miller,,Write-in,1,0,1,0,0
Sumter,C1-27,Appeals Court Judge, Miller,,Write-in,0,0,0,0,0
Sumter,C2-27,Appeals Court Judge, Miller,,Write-in,0,0,0,0,0
Sumter,C3-27,Appeals Court Judge, Miller,,Write-in,0,0,0,0,0
Sumter,E-27,Appeals Court Judge, Miller,,Write-in,1,0,1,0,0
Sumter,N-26,Appeals Court Judge, Miller,,Write-in,0,0,0,0,0
Sumter,O-26,Appeals Court Judge, Miller,,Write-in,0,0,0,0,0
Sumter,W-27,Appeals Court Judge, Miller,,Write-in,0,0,0,0,0
Sumter,15,Appeals Court Judge, Miller,,Write-in,0,0,0,0,0
Sumter,17,Appeals Court Judge, Miller,,Write-in,0,0,0,0,0
Sumter,28,Appeals Court Judge, Miller,,Write-in,0,0,0,0,0
Sumter,29,Appeals Court Judge, Miller,,Write-in,0,0,0,0,0
Sumter,,Appeals Court Judge, Phipps,,HERBERT PHIPPS ,2962,139,1943,880,0
Sumter,C1-27,Appeals Court Judge, Phipps,,HERBERT PHIPPS ,411,33,215,163,0
Sumter,C2-27,Appeals Court Judge, Phipps,,HERBERT PHIPPS ,548,34,370,144,0
Sumter,C3-27,Appeals Court Judge, Phipps,,HERBERT PHIPPS ,405,35,227,143,0
Sumter,E-27,Appeals Court Judge, Phipps,,HERBERT PHIPPS ,363,2,239,122,0
Sumter,N-26,Appeals Court Judge, Phipps,,HERBERT PHIPPS ,56,0,44,12,0
Sumter,O-26,Appeals Court Judge, Phipps,,HERBERT PHIPPS ,162,8,123,31,0
Sumter,W-27,Appeals Court Judge, Phipps,,HERBERT PHIPPS ,382,10,253,119,0
Sumter,15,Appeals Court Judge, Phipps,,HERBERT PHIPPS ,293,7,227,59,0
Sumter,17,Appeals Court Judge, Phipps,,HERBERT PHIPPS ,112,4,87,21,0
Sumter,28,Appeals Court Judge, Phipps,,HERBERT PHIPPS ,170,5,106,59,0
Sumter,29,Appeals Court Judge, Phipps,,HERBERT PHIPPS ,60,1,52,7,0
Sumter,,Appeals Court Judge, Phipps,,Write-in,2,1,1,0,0
Sumter,C1-27,Appeals Court Judge, Phipps,,Write-in,0,0,0,0,0
Sumter,C2-27,Appeals Court Judge, Phipps,,Write-in,1,1,0,0,0
Sumter,C3-27,Appeals Court Judge, Phipps,,Write-in,0,0,0,0,0
Sumter,E-27,Appeals Court Judge, Phipps,,Write-in,1,0,1,0,0
Sumter,N-26,Appeals Court Judge, Phipps,,Write-in,0,0,0,0,0
Sumter,O-26,Appeals Court Judge, Phipps,,Write-in,0,0,0,0,0
Sumter,W-27,Appeals Court Judge, Phipps,,Write-in,0,0,0,0,0
Sumter,15,Appeals Court Judge, Phipps,,Write-in,0,0,0,0,0
Sumter,17,Appeals Court Judge, Phipps,,Write-in,0,0,0,0,0
Sumter,28,Appeals Court Judge, Phipps,,Write-in,0,0,0,0,0
Sumter,29,Appeals Court Judge, Phipps,,Write-in,0,0,0,0,0
Sumter,,Superior Court Judge, Southwestern Circuit (Peagler),,GEORGE M. PEAGLER,3296,158,2194,944,0
Sumter,C1-27,Superior Court Judge, Southwestern Circuit (Peagler),,GEORGE M. PEAGLER,465,38,248,179,0
Sumter,C2-27,Superior Court Judge, Southwestern Circuit (Peagler),,GEORGE M. PEAGLER,614,43,422,149,0
Sumter,C3-27,Superior Court Judge, Southwestern Circuit (Peagler),,GEORGE M. PEAGLER,455,36,262,157,0
Sumter,E-27,Superior Court Judge, Southwestern Circuit (Peagler),,GEORGE M. PEAGLER,403,3,272,128,0
Sumter,N-26,Superior Court Judge, Southwestern Circuit (Peagler),,GEORGE M. PEAGLER,66,0,55,11,0
Sumter,O-26,Superior Court Judge, Southwestern Circuit (Peagler),,GEORGE M. PEAGLER,180,9,141,30,0
Sumter,W-27,Superior Court Judge, Southwestern Circuit (Peagler),,GEORGE M. PEAGLER,411,11,266,134,0
Sumter,15,Superior Court Judge, Southwestern Circuit (Peagler),,GEORGE M. PEAGLER,306,7,244,55,0
Sumter,17,Superior Court Judge, Southwestern Circuit (Peagler),,GEORGE M. PEAGLER,126,4,97,25,0
Sumter,28,Superior Court Judge, Southwestern Circuit (Peagler),,GEORGE M. PEAGLER,198,6,124,68,0
Sumter,29,Superior Court Judge, Southwestern Circuit (Peagler),,GEORGE M. PEAGLER,72,1,63,8,0
Sumter,,Superior Court Judge, Southwestern Circuit (Peagler),,Write-in,10,1,3,6,0
Sumter,C1-27,Superior Court Judge, Southwestern Circuit (Peagler),,Write-in,0,0,0,0,0
Sumter,C2-27,Superior Court Judge, Southwestern Circuit (Peagler),,Write-in,1,1,0,0,0
Sumter,C3-27,Superior Court Judge, Southwestern Circuit (Peagler),,Write-in,1,0,1,0,0
Sumter,E-27,Superior Court Judge, Southwestern Circuit (Peagler),,Write-in,3,0,1,2,0
Sumter,N-26,Superior Court Judge, Southwestern Circuit (Peagler),,Write-in,0,0,0,0,0
Sumter,O-26,Superior Court Judge, Southwestern Circuit (Peagler),,Write-in,1,0,0,1,0
Sumter,W-27,Superior Court Judge, Southwestern Circuit (Peagler),,Write-in,3,0,1,2,0
Sumter,15,Superior Court Judge, Southwestern Circuit (Peagler),,Write-in,0,0,0,0,0
Sumter,17,Superior Court Judge, Southwestern Circuit (Peagler),,Write-in,0,0,0,0,0
Sumter,28,Superior Court Judge, Southwestern Circuit (Peagler),,Write-in,1,0,0,1,0
Sumter,29,Superior Court Judge, Southwestern Circuit (Peagler),,Write-in,0,0,0,0,0
Sumter,,Superior Court Judge, Southwestern Circuit (Smith),,RUCKER SMITH ,3133,142,2090,901,0
Sumter,C1-27,Superior Court Judge, Southwestern Circuit (Smith),,RUCKER SMITH ,426,32,230,164,0
Sumter,C2-27,Superior Court Judge, Southwestern Circuit (Smith),,RUCKER SMITH ,580,36,399,145,0
Sumter,C3-27,Superior Court Judge, Southwestern Circuit (Smith),,RUCKER SMITH ,439,33,255,151,0
Sumter,E-27,Superior Court Judge, Southwestern Circuit (Smith),,RUCKER SMITH ,383,3,256,124,0
Sumter,N-26,Superior Court Judge, Southwestern Circuit (Smith),,RUCKER SMITH ,62,0,50,12,0
Sumter,O-26,Superior Court Judge, Southwestern Circuit (Smith),,RUCKER SMITH ,162,9,123,30,0
Sumter,W-27,Superior Court Judge, Southwestern Circuit (Smith),,RUCKER SMITH ,390,10,256,124,0
Sumter,15,Superior Court Judge, Southwestern Circuit (Smith),,RUCKER SMITH ,307,6,245,56,0
Sumter,17,Superior Court Judge, Southwestern Circuit (Smith),,RUCKER SMITH ,115,4,88,23,0
Sumter,28,Superior Court Judge, Southwestern Circuit (Smith),,RUCKER SMITH ,195,6,125,64,0
Sumter,29,Superior Court Judge, Southwestern Circuit (Smith),,RUCKER SMITH ,74,3,63,8,0
Sumter,,Superior Court Judge, Southwestern Circuit (Smith),,Write-in,35,4,18,13,0
Sumter,C1-27,Superior Court Judge, Southwestern Circuit (Smith),,Write-in,5,0,2,3,0
Sumter,C2-27,Superior Court Judge, Southwestern Circuit (Smith),,Write-in,11,3,3,5,0
Sumter,C3-27,Superior Court Judge, Southwestern Circuit (Smith),,Write-in,6,1,3,2,0
Sumter,E-27,Superior Court Judge, Southwestern Circuit (Smith),,Write-in,4,0,4,0,0
Sumter,N-26,Superior Court Judge, Southwestern Circuit (Smith),,Write-in,0,0,0,0,0
Sumter,O-26,Superior Court Judge, Southwestern Circuit (Smith),,Write-in,2,0,2,0,0
Sumter,W-27,Superior Court Judge, Southwestern Circuit (Smith),,Write-in,3,0,1,2,0
Sumter,15,Superior Court Judge, Southwestern Circuit (Smith),,Write-in,4,0,3,1,0
Sumter,17,Superior Court Judge, Southwestern Circuit (Smith),,Write-in,0,0,0,0,0
Sumter,28,Superior Court Judge, Southwestern Circuit (Smith),,Write-in,0,0,0,0,0
Sumter,29,Superior Court Judge, Southwestern Circuit (Smith),,Write-in,0,0,0,0,0
Sumter,,JUDGE, STATE COURT,,RUSS F. BARNES ,3355,163,2229,963,0
Sumter,C1-27,JUDGE, STATE COURT,,RUSS F. BARNES ,462,37,248,177,0
Sumter,C2-27,JUDGE, STATE COURT,,RUSS F. BARNES ,609,42,413,154,0
Sumter,C3-27,JUDGE, STATE COURT,,RUSS F. BARNES ,459,39,257,163,0
Sumter,E-27,JUDGE, STATE COURT,,RUSS F. BARNES ,409,3,275,131,0
Sumter,N-26,JUDGE, STATE COURT,,RUSS F. BARNES ,72,1,59,12,0
Sumter,O-26,JUDGE, STATE COURT,,RUSS F. BARNES ,180,9,140,31,0
Sumter,W-27,JUDGE, STATE COURT,,RUSS F. BARNES ,430,12,281,137,0
Sumter,15,JUDGE, STATE COURT,,RUSS F. BARNES ,331,7,264,60,0
Sumter,17,JUDGE, STATE COURT,,RUSS F. BARNES ,130,4,101,25,0
Sumter,28,JUDGE, STATE COURT,,RUSS F. BARNES ,201,6,130,65,0
Sumter,29,JUDGE, STATE COURT,,RUSS F. BARNES ,72,3,61,8,0
Sumter,,JUDGE, STATE COURT,,Write-in,8,0,4,4,0
Sumter,C1-27,JUDGE, STATE COURT,,Write-in,0,0,0,0,0
Sumter,C2-27,JUDGE, STATE COURT,,Write-in,2,0,1,1,0
Sumter,C3-27,JUDGE, STATE COURT,,Write-in,1,0,1,0,0
Sumter,E-27,JUDGE, STATE COURT,,Write-in,3,0,2,1,0
Sumter,N-26,JUDGE, STATE COURT,,Write-in,0,0,0,0,0
Sumter,O-26,JUDGE, STATE COURT,,Write-in,0,0,0,0,0
Sumter,W-27,JUDGE, STATE COURT,,Write-in,1,0,0,1,0
Sumter,15,JUDGE, STATE COURT,,Write-in,1,0,0,1,0
Sumter,17,JUDGE, STATE COURT,,Write-in,0,0,0,0,0
Sumter,28,JUDGE, STATE COURT,,Write-in,0,0,0,0,0
Sumter,29,JUDGE, STATE COURT,,Write-in,0,0,0,0,0
Sumter,,JUDGE, PROBATE COURT,,JUDY REEVES ,3552,166,2369,1017,0
Sumter,C1-27,JUDGE, PROBATE COURT,,JUDY REEVES ,497,41,270,186,0
Sumter,C2-27,JUDGE, PROBATE COURT,,JUDY REEVES ,634,43,431,160,0
Sumter,C3-27,JUDGE, PROBATE COURT,,JUDY REEVES ,486,39,277,170,0
Sumter,E-27,JUDGE, PROBATE COURT,,JUDY REEVES ,434,3,291,140,0
Sumter,N-26,JUDGE, PROBATE COURT,,JUDY REEVES ,76,1,63,12,0
Sumter,O-26,JUDGE, PROBATE COURT,,JUDY REEVES ,191,9,147,35,0
Sumter,W-27,JUDGE, PROBATE COURT,,JUDY REEVES ,455,11,300,144,0
Sumter,15,JUDGE, PROBATE COURT,,JUDY REEVES ,357,7,282,68,0
Sumter,17,JUDGE, PROBATE COURT,,JUDY REEVES ,139,4,109,26,0
Sumter,28,JUDGE, PROBATE COURT,,JUDY REEVES ,205,6,131,68,0
Sumter,29,JUDGE, PROBATE COURT,,JUDY REEVES ,78,2,68,8,0
Sumter,,JUDGE, PROBATE COURT,,Write-in,9,0,6,3,0
Sumter,C1-27,JUDGE, PROBATE COURT,,Write-in,1,0,1,0,0
Sumter,C2-27,JUDGE, PROBATE COURT,,Write-in,1,0,0,1,0
Sumter,C3-27,JUDGE, PROBATE COURT,,Write-in,3,0,3,0,0
Sumter,E-27,JUDGE, PROBATE COURT,,Write-in,2,0,1,1,0
Sumter,N-26,JUDGE, PROBATE COURT,,Write-in,0,0,0,0,0
Sumter,O-26,JUDGE, PROBATE COURT,,Write-in,0,0,0,0,0
Sumter,W-27,JUDGE, PROBATE COURT,,Write-in,0,0,0,0,0
Sumter,15,JUDGE, PROBATE COURT,,Write-in,2,0,1,1,0
Sumter,17,JUDGE, PROBATE COURT,,Write-in,0,0,0,0,0
Sumter,28,JUDGE, PROBATE COURT,,Write-in,0,0,0,0,0
Sumter,29,JUDGE, PROBATE COURT,,Write-in,0,0,0,0,0
Sumter,,BOE, D1,,STUART C LEDGER,0,0,0,0,0
Sumter,15,BOE, D1,,STUART C LEDGER,0,0,0,0,0
Sumter,17,BOE, D1,,STUART C LEDGER,0,0,0,0,0
Sumter,28,BOE, D1,,STUART C LEDGER,0,0,0,0,0
Sumter,,BOE, D1,,LINDA R. WRIGHT,0,0,0,0,0
Sumter,15,BOE, D1,,LINDA R. WRIGHT,0,0,0,0,0
Sumter,17,BOE, D1,,LINDA R. WRIGHT,0,0,0,0,0
Sumter,28,BOE, D1,,LINDA R. WRIGHT,0,0,0,0,0
Sumter,,BOE, D1,,Write-in,0,0,0,0,0
Sumter,15,BOE, D1,,Write-in,0,0,0,0,0
Sumter,17,BOE, D1,,Write-in,0,0,0,0,0
Sumter,28,BOE, D1,,Write-in,0,0,0,0,0
Sumter,,BOE, D2,,MEDA KRENSON ,0,0,0,0,0
Sumter,C2-27,BOE, D2,,MEDA KRENSON ,0,0,0,0,0
Sumter,E-27,BOE, D2,,MEDA KRENSON ,0,0,0,0,0
Sumter,,BOE, D2,,Write-in,0,0,0,0,0
Sumter,C2-27,BOE, D2,,Write-in,0,0,0,0,0
Sumter,E-27,BOE, D2,,Write-in,0,0,0,0,0
Sumter,,BOE, D4,,WILLA FITZPATRICK,0,0,0,0,0
Sumter,C3-27,BOE, D4,,WILLA FITZPATRICK,0,0,0,0,0
Sumter,O-26,BOE, D4,,WILLA FITZPATRICK,0,0,0,0,0
Sumter,W-27,BOE, D4,,WILLA FITZPATRICK,0,0,0,0,0
Sumter,,BOE, D4,,BRANTLEY M. WILLS,0,0,0,0,0
Sumter,C3-27,BOE, D4,,BRANTLEY M. WILLS,0,0,0,0,0
Sumter,O-26,BOE, D4,,BRANTLEY M. WILLS,0,0,0,0,0
Sumter,W-27,BOE, D4,,BRANTLEY M. WILLS,0,0,0,0,0
Sumter,,BOE, D4,,Write-in,0,0,0,0,0
Sumter,C3-27,BOE, D4,,Write-in,0,0,0,0,0
Sumter,O-26,BOE, D4,,Write-in,0,0,0,0,0
Sumter,W-27,BOE, D4,,Write-in,0,0,0,0,0
Sumter,,BOE, D6,,MICHAEL MOCK ,0,0,0,0,0
Sumter,C1-27,BOE, D6,,MICHAEL MOCK ,0,0,0,0,0
Sumter,E-27,BOE, D6,,MICHAEL MOCK ,0,0,0,0,0
Sumter,15,BOE, D6,,MICHAEL MOCK ,0,0,0,0,0
Sumter,28,BOE, D6,,MICHAEL MOCK ,0,0,0,0,0
Sumter,29,BOE, D6,,MICHAEL MOCK ,0,0,0,0,0
Sumter,,BOE, D6,,SARAH M. PRIDE,0,0,0,0,0
Sumter,C1-27,BOE, D6,,SARAH M. PRIDE,0,0,0,0,0
Sumter,E-27,BOE, D6,,SARAH M. PRIDE,0,0,0,0,0
Sumter,15,BOE, D6,,SARAH M. PRIDE,0,0,0,0,0
Sumter,28,BOE, D6,,SARAH M. PRIDE,0,0,0,0,0
Sumter,29,BOE, D6,,SARAH M. PRIDE,0,0,0,0,0
Sumter,,BOE, D6,,Write-in,0,0,0,0,0
Sumter,C1-27,BOE, D6,,Write-in,0,0,0,0,0
Sumter,E-27,BOE, D6,,Write-in,0,0,0,0,0
Sumter,15,BOE, D6,,Write-in,0,0,0,0,0
Sumter,28,BOE, D6,,Write-in,0,0,0,0,0
Sumter,29,BOE, D6,,Write-in,0,0,0,0,0
Sumter,,TSPLOST,,,YES,2221,108,1416,697,0
Sumter,C1-27,TSPLOST,,,YES,328,25,181,122,0
Sumter,C2-27,TSPLOST,,,YES,438,33,297,108,0
Sumter,C3-27,TSPLOST,,,YES,363,31,195,137,0
Sumter,E-27,TSPLOST,,,YES,275,1,171,103,0
Sumter,N-26,TSPLOST,,,YES,19,0,14,5,0
Sumter,O-26,TSPLOST,,,YES,100,7,72,21,0
Sumter,W-27,TSPLOST,,,YES,265,7,173,85,0
Sumter,15,TSPLOST,,,YES,201,2,149,50,0
Sumter,17,TSPLOST,,,YES,58,0,44,14,0
Sumter,28,TSPLOST,,,YES,126,1,82,43,0
Sumter,29,TSPLOST,,,YES,48,1,38,9,0
Sumter,,TSPLOST,,,NO,1847,75,1356,416,0
Sumter,C1-27,TSPLOST,,,NO,217,17,122,78,0
Sumter,C2-27,TSPLOST,,,NO,284,18,196,70,0
Sumter,C3-27,TSPLOST,,,NO,181,9,129,43,0
Sumter,E-27,TSPLOST,,,NO,215,2,167,46,0
Sumter,N-26,TSPLOST,,,NO,78,1,68,9,0
Sumter,O-26,TSPLOST,,,NO,120,4,100,16,0
Sumter,W-27,TSPLOST,,,NO,261,10,177,74,0
Sumter,15,TSPLOST,,,NO,247,5,208,34,0
Sumter,17,TSPLOST,,,NO,93,4,76,13,0
Sumter,28,TSPLOST,,,NO,110,5,74,31,0
Sumter,29,TSPLOST,,,NO,41,0,39,2,0
