county,precinct,office,district,party,candidate,votes,absentee_by_mail,election_day,advance_in_person,provisional
Macon,,"Public Service Commission, District 3",3,REP,CHUCK EATON (I),35,0,33,2,0
Macon,Ideal,"Public Service Commission, District 3",3,REP,CHUCK EATON (I),4,0,4,0,0
Macon,Oglethorpe,"Public Service Commission, District 3",3,REP,CHUCK EATON (I),2,0,2,0,0
Macon,Marshallville,"Public Service Commission, District 3",3,REP,CHUCK EATON (I),27,0,25,2,0
Macon,Montezuma 4,"Public Service Commission, District 3",3,REP,CHUCK EATON (I),0,0,0,0,0
Macon,Montezuma 5,"Public Service Commission, District 3",3,REP,CHUCK EATON (I),2,0,2,0,0
Macon,,"Public Service Commission, District 3",3,REP,MATT REID,22,0,20,2,0
Macon,Ideal,"Public Service Commission, District 3",3,REP,MATT REID,2,0,2,0,0
Macon,Oglethorpe,"Public Service Commission, District 3",3,REP,MATT REID,3,0,3,0,0
Macon,Marshallville,"Public Service Commission, District 3",3,REP,MATT REID,16,0,14,2,0
Macon,Montezuma 4,"Public Service Commission, District 3",3,REP,MATT REID,0,0,0,0,0
Macon,Montezuma 5,"Public Service Commission, District 3",3,REP,MATT REID,1,0,1,0,0
Macon,,"Public Service Commission, District 3",3,DEM,STEPHEN OPPENHEIMER,1440,76,810,554,0
Macon,Ideal,"Public Service Commission, District 3",3,DEM,STEPHEN OPPENHEIMER,303,5,162,136,0
Macon,Oglethorpe,"Public Service Commission, District 3",3,DEM,STEPHEN OPPENHEIMER,310,14,149,147,0
Macon,Marshallville,"Public Service Commission, District 3",3,DEM,STEPHEN OPPENHEIMER,185,8,142,35,0
Macon,Montezuma 4,"Public Service Commission, District 3",3,DEM,STEPHEN OPPENHEIMER,368,30,189,149,0
Macon,Montezuma 5,"Public Service Commission, District 3",3,DEM,STEPHEN OPPENHEIMER,274,19,168,87,0
Macon,,"Public Service Commission, District 5",5,REP,PAM DAVIDSON,24,0,21,3,0
Macon,Ideal,"Public Service Commission, District 5",5,REP,PAM DAVIDSON,2,0,2,0,0
Macon,Oglethorpe,"Public Service Commission, District 5",5,REP,PAM DAVIDSON,3,0,3,0,0
Macon,Marshallville,"Public Service Commission, District 5",5,REP,PAM DAVIDSON,18,0,15,3,0
Macon,Montezuma 4,"Public Service Commission, District 5",5,REP,PAM DAVIDSON,0,0,0,0,0
Macon,Montezuma 5,"Public Service Commission, District 5",5,REP,PAM DAVIDSON,1,0,1,0,0
Macon,,"Public Service Commission, District 5",5,REP,STAN WISE (I),30,0,29,1,0
Macon,Ideal,"Public Service Commission, District 5",5,REP,STAN WISE (I),4,0,4,0,0
Macon,Oglethorpe,"Public Service Commission, District 5",5,REP,STAN WISE (I),2,0,2,0,0
Macon,Marshallville,"Public Service Commission, District 5",5,REP,STAN WISE (I),23,0,22,1,0
Macon,Montezuma 4,"Public Service Commission, District 5",5,REP,STAN WISE (I),0,0,0,0,0
Macon,Montezuma 5,"Public Service Commission, District 5",5,REP,STAN WISE (I),1,0,1,0,0
Macon,,"U.S. Representative, District 2",2,REP,RICK ALLEN,24,0,22,2,0
Macon,Ideal,"U.S. Representative, District 2",2,REP,RICK ALLEN,3,0,3,0,0
Macon,Oglethorpe,"U.S. Representative, District 2",2,REP,RICK ALLEN,1,0,1,0,0
Macon,Marshallville,"U.S. Representative, District 2",2,REP,RICK ALLEN,19,0,17,2,0
Macon,Montezuma 4,"U.S. Representative, District 2",2,REP,RICK ALLEN,0,0,0,0,0
Macon,Montezuma 5,"U.S. Representative, District 2",2,REP,RICK ALLEN,1,0,1,0,0
Macon,,"U.S. Representative, District 2",2,REP,KEN DELOACH,19,0,18,1,0
Macon,Ideal,"U.S. Representative, District 2",2,REP,KEN DELOACH,1,0,1,0,0
Macon,Oglethorpe,"U.S. Representative, District 2",2,REP,KEN DELOACH,1,0,1,0,0
Macon,Marshallville,"U.S. Representative, District 2",2,REP,KEN DELOACH,16,0,15,1,0
Macon,Montezuma 4,"U.S. Representative, District 2",2,REP,KEN DELOACH,0,0,0,0,0
Macon,Montezuma 5,"U.S. Representative, District 2",2,REP,KEN DELOACH,1,0,1,0,0
Macon,,"U.S. Representative, District 2",2,REP,JOHN HOUSE,11,0,10,1,0
Macon,Ideal,"U.S. Representative, District 2",2,REP,JOHN HOUSE,2,0,2,0,0
Macon,Oglethorpe,"U.S. Representative, District 2",2,REP,JOHN HOUSE,3,0,3,0,0
Macon,Marshallville,"U.S. Representative, District 2",2,REP,JOHN HOUSE,6,0,5,1,0
Macon,Montezuma 4,"U.S. Representative, District 2",2,REP,JOHN HOUSE,0,0,0,0,0
Macon,Montezuma 5,"U.S. Representative, District 2",2,REP,JOHN HOUSE,0,0,0,0,0
Macon,,"U.S. Representative, District 2",2,DEM,SANFORD BISHOP (I),1935,108,1090,737,0
Macon,Ideal,"U.S. Representative, District 2",2,DEM,SANFORD BISHOP (I),394,5,213,176,0
Macon,Oglethorpe,"U.S. Representative, District 2",2,DEM,SANFORD BISHOP (I),391,21,183,187,0
Macon,Marshallville,"U.S. Representative, District 2",2,DEM,SANFORD BISHOP (I),254,9,201,44,0
Macon,Montezuma 4,"U.S. Representative, District 2",2,DEM,SANFORD BISHOP (I),515,44,271,200,0
Macon,Montezuma 5,"U.S. Representative, District 2",2,DEM,SANFORD BISHOP (I),381,29,222,130,0
Macon,,"State Senator, District 15",15,REP,DAVID BROWN,48,0,45,3,0
Macon,Ideal,"State Senator, District 15",15,REP,DAVID BROWN,4,0,4,0,0
Macon,Oglethorpe,"State Senator, District 15",15,REP,DAVID BROWN,4,0,4,0,0
Macon,Marshallville,"State Senator, District 15",15,REP,DAVID BROWN,39,0,36,3,0
Macon,Montezuma 4,"State Senator, District 15",15,REP,DAVID BROWN,0,0,0,0,0
Macon,Montezuma 5,"State Senator, District 15",15,REP,DAVID BROWN,1,0,1,0,0
Macon,,"State Senator, District 15",15,DEM,ED HARBISON (I),1414,85,747,582,0
Macon,Ideal,"State Senator, District 15",15,DEM,ED HARBISON (I),267,4,139,124,0
Macon,Oglethorpe,"State Senator, District 15",15,DEM,ED HARBISON (I),297,18,130,149,0
Macon,Marshallville,"State Senator, District 15",15,DEM,ED HARBISON (I),169,7,134,28,0
Macon,Montezuma 4,"State Senator, District 15",15,DEM,ED HARBISON (I),404,36,191,177,0
Macon,Montezuma 5,"State Senator, District 15",15,DEM,ED HARBISON (I),277,20,153,104,0
Macon,,"State Senator, District 15",15,DEM,REGINALD PUGH,516,26,298,192,0
Macon,Ideal,"State Senator, District 15",15,DEM,REGINALD PUGH,122,4,68,50,0
Macon,Oglethorpe,"State Senator, District 15",15,DEM,REGINALD PUGH,97,2,52,43,0
Macon,Marshallville,"State Senator, District 15",15,DEM,REGINALD PUGH,80,3,60,17,0
Macon,Montezuma 4,"State Senator, District 15",15,DEM,REGINALD PUGH,126,9,67,50,0
Macon,Montezuma 5,"State Senator, District 15",15,DEM,REGINALD PUGH,91,8,51,32,0
Macon,,"State Representative, District 139",139,DEM,PATTY BENTLEY,897,42,602,253,0
Macon,Ideal,"State Representative, District 139",139,DEM,PATTY BENTLEY,183,4,118,61,0
Macon,Oglethorpe,"State Representative, District 139",139,DEM,PATTY BENTLEY,133,7,82,44,0
Macon,Marshallville,"State Representative, District 139",139,DEM,PATTY BENTLEY,154,5,134,15,0
Macon,Montezuma 4,"State Representative, District 139",139,DEM,PATTY BENTLEY,205,17,128,60,0
Macon,Montezuma 5,"State Representative, District 139",139,DEM,PATTY BENTLEY,222,9,140,73,0
Macon,,"State Representative, District 139",139,DEM,THOMAS COOGLE,1389,64,617,708,0
Macon,Ideal,"State Representative, District 139",139,DEM,THOMAS COOGLE,357,13,157,187,0
Macon,Oglethorpe,"State Representative, District 139",139,DEM,THOMAS COOGLE,360,15,141,204,0
Macon,Marshallville,"State Representative, District 139",139,DEM,THOMAS COOGLE,117,6,75,36,0
Macon,Montezuma 4,"State Representative, District 139",139,DEM,THOMAS COOGLE,352,19,144,189,0
Macon,Montezuma 5,"State Representative, District 139",139,DEM,THOMAS COOGLE,203,11,100,92,0
Macon,,"State Representative, District 139",139,DEM,MICHAEL DINKINS,325,33,175,117,0
Macon,Ideal,"State Representative, District 139",139,DEM,MICHAEL DINKINS,25,0,20,5,0
Macon,Oglethorpe,"State Representative, District 139",139,DEM,MICHAEL DINKINS,37,2,16,19,0
Macon,Marshallville,"State Representative, District 139",139,DEM,MICHAEL DINKINS,57,1,48,8,0
Macon,Montezuma 4,"State Representative, District 139",139,DEM,MICHAEL DINKINS,135,18,60,57,0
Macon,Montezuma 5,"State Representative, District 139",139,DEM,MICHAEL DINKINS,71,12,31,28,0
Macon,,"District Attorney, Southwestern Circuit", Southwestern Circuit - REP,REP,PLEZ H. HARDIN (I),38,0,36,2,0
Macon,Ideal,"District Attorney, Southwestern Circuit", Southwestern Circuit - REP,REP,PLEZ H. HARDIN (I),3,0,3,0,0
Macon,Oglethorpe,"District Attorney, Southwestern Circuit", Southwestern Circuit - REP,REP,PLEZ H. HARDIN (I),4,0,4,0,0
Macon,Marshallville,"District Attorney, Southwestern Circuit", Southwestern Circuit - REP,REP,PLEZ H. HARDIN (I),31,0,29,2,0
Macon,Montezuma 4,"District Attorney, Southwestern Circuit", Southwestern Circuit - REP,REP,PLEZ H. HARDIN (I),0,0,0,0,0
Macon,Montezuma 5,"District Attorney, Southwestern Circuit", Southwestern Circuit - REP,REP,PLEZ H. HARDIN (I),0,0,0,0,0
Macon,,"JUDGE, PROBATE COURT", PROBATE COURT - D,,DENNIS JOHNSON,414,30,229,155,0
Macon,Ideal,"JUDGE, PROBATE COURT", PROBATE COURT - D,,DENNIS JOHNSON,94,5,55,34,0
Macon,Oglethorpe,"JUDGE, PROBATE COURT", PROBATE COURT - D,,DENNIS JOHNSON,100,3,46,51,0
Macon,Marshallville,"JUDGE, PROBATE COURT", PROBATE COURT - D,,DENNIS JOHNSON,41,2,34,5,0
Macon,Montezuma 4,"JUDGE, PROBATE COURT", PROBATE COURT - D,,DENNIS JOHNSON,97,7,47,43,0
Macon,Montezuma 5,"JUDGE, PROBATE COURT", PROBATE COURT - D,,DENNIS JOHNSON,82,13,47,22,0
Macon,,"JUDGE, PROBATE COURT", PROBATE COURT - D,,SCOTTY LAYFIELD,464,11,277,176,0
Macon,Ideal,"JUDGE, PROBATE COURT", PROBATE COURT - D,,SCOTTY LAYFIELD,111,5,64,42,0
Macon,Oglethorpe,"JUDGE, PROBATE COURT", PROBATE COURT - D,,SCOTTY LAYFIELD,67,2,34,31,0
Macon,Marshallville,"JUDGE, PROBATE COURT", PROBATE COURT - D,,SCOTTY LAYFIELD,71,2,60,9,0
Macon,Montezuma 4,"JUDGE, PROBATE COURT", PROBATE COURT - D,,SCOTTY LAYFIELD,135,1,73,61,0
Macon,Montezuma 5,"JUDGE, PROBATE COURT", PROBATE COURT - D,,SCOTTY LAYFIELD,80,1,46,33,0
Macon,,"JUDGE, PROBATE COURT", PROBATE COURT - D,,MACK S. MCCARTY ,1697,96,854,747,0
Macon,Ideal,"JUDGE, PROBATE COURT", PROBATE COURT - D,,MACK S. MCCARTY ,358,7,172,179,0
Macon,Oglethorpe,"JUDGE, PROBATE COURT", PROBATE COURT - D,,MACK S. MCCARTY ,361,19,158,184,0
Macon,Marshallville,"JUDGE, PROBATE COURT", PROBATE COURT - D,,MACK S. MCCARTY ,194,7,141,46,0
Macon,Montezuma 4,"JUDGE, PROBATE COURT", PROBATE COURT - D,,MACK S. MCCARTY ,459,45,215,199,0
Macon,Montezuma 5,"JUDGE, PROBATE COURT", PROBATE COURT - D,,MACK S. MCCARTY ,325,18,168,139,0
Macon,,"CLERK, SUPERIOR COURT", SUPERIOR COURT - D,,JUANITA M LAIDLER,1978,107,1079,792,0
Macon,Ideal,"CLERK, SUPERIOR COURT", SUPERIOR COURT - D,,JUANITA M LAIDLER,385,7,196,182,0
Macon,Oglethorpe,"CLERK, SUPERIOR COURT", SUPERIOR COURT - D,,JUANITA M LAIDLER,406,18,186,202,0
Macon,Marshallville,"CLERK, SUPERIOR COURT", SUPERIOR COURT - D,,JUANITA M LAIDLER,243,9,193,41,0
Macon,Montezuma 4,"CLERK, SUPERIOR COURT", SUPERIOR COURT - D,,JUANITA M LAIDLER,548,43,283,222,0
Macon,Montezuma 5,"CLERK, SUPERIOR COURT", SUPERIOR COURT - D,,JUANITA M LAIDLER,396,30,221,145,0
Macon,,SHERIFF,,,GROVER M BARFIELD,545,19,248,278,0
Macon,Ideal,SHERIFF,,,GROVER M BARFIELD,158,8,79,71,0
Macon,Oglethorpe,SHERIFF,,,GROVER M BARFIELD,81,2,30,49,0
Macon,Marshallville,SHERIFF,,,GROVER M BARFIELD,67,2,48,17,0
Macon,Montezuma 4,SHERIFF,,,GROVER M BARFIELD,144,4,44,96,0
Macon,Montezuma 5,SHERIFF,,,GROVER M BARFIELD,95,3,47,45,0
Macon,,SHERIFF,,,CHARLES M. CANNON,1787,108,964,715,0
Macon,Ideal,SHERIFF,,,CHARLES M. CANNON,363,9,184,170,0
Macon,Oglethorpe,SHERIFF,,,CHARLES M. CANNON,352,17,157,178,0
Macon,Marshallville,SHERIFF,,,CHARLES M. CANNON,244,10,192,42,0
Macon,Montezuma 4,SHERIFF,,,CHARLES M. CANNON,475,46,240,189,0
Macon,Montezuma 5,SHERIFF,,,CHARLES M. CANNON,353,26,191,136,0
Macon,,SHERIFF,,,MATTHEW WOODARD,311,11,196,104,0
Macon,Ideal,SHERIFF,,,MATTHEW WOODARD,51,0,33,18,0
Macon,Oglethorpe,SHERIFF,,,MATTHEW WOODARD,99,5,55,39,0
Macon,Marshallville,SHERIFF,,,MATTHEW WOODARD,17,0,15,2,0
Macon,Montezuma 4,SHERIFF,,,MATTHEW WOODARD,84,3,57,24,0
Macon,Montezuma 5,SHERIFF,,,MATTHEW WOODARD,60,3,36,21,0
Macon,,TAX COMMISSIONER,,,RHONDA S RESPRESS,2060,105,1141,814,0
Macon,Ideal,TAX COMMISSIONER,,,RHONDA S RESPRESS,416,6,224,186,0
Macon,Oglethorpe,TAX COMMISSIONER,,,RHONDA S RESPRESS,419,18,194,207,0
Macon,Marshallville,TAX COMMISSIONER,,,RHONDA S RESPRESS,270,9,217,44,0
Macon,Montezuma 4,TAX COMMISSIONER,,,RHONDA S RESPRESS,560,42,285,233,0
Macon,Montezuma 5,TAX COMMISSIONER,,,RHONDA S RESPRESS,395,30,221,144,0
Macon,,CORONER,,,GARY HOBBS,804,49,416,339,0
Macon,Ideal,CORONER,,,GARY HOBBS,216,7,113,96,0
Macon,Oglethorpe,CORONER,,,GARY HOBBS,159,12,67,80,0
Macon,Marshallville,CORONER,,,GARY HOBBS,68,0,53,15,0
Macon,Montezuma 4,CORONER,,,GARY HOBBS,230,21,110,99,0
Macon,Montezuma 5,CORONER,,,GARY HOBBS,131,9,73,49,0
Macon,,CORONER,,,BRENDA P. OGLESBY,1556,78,828,650,0
Macon,Ideal,CORONER,,,BRENDA P. OGLESBY,298,9,147,142,0
Macon,Oglethorpe,CORONER,,,BRENDA P. OGLESBY,317,10,148,159,0
Macon,Marshallville,CORONER,,,BRENDA P. OGLESBY,227,12,174,41,0
Macon,Montezuma 4,CORONER,,,BRENDA P. OGLESBY,404,27,192,185,0
Macon,Montezuma 5,CORONER,,,BRENDA P. OGLESBY,310,20,167,123,0
Macon,,CHIEF MAGISTRATE,,,LINDA S RODGERS ,1929,100,1059,770,0
Macon,Ideal,CHIEF MAGISTRATE,,,LINDA S RODGERS ,389,5,198,186,0
Macon,Oglethorpe,CHIEF MAGISTRATE,,,LINDA S RODGERS ,408,20,188,200,0
Macon,Marshallville,CHIEF MAGISTRATE,,,LINDA S RODGERS ,236,8,188,40,0
Macon,Montezuma 4,CHIEF MAGISTRATE,,,LINDA S RODGERS ,524,39,268,217,0
Macon,Montezuma 5,CHIEF MAGISTRATE,,,LINDA S RODGERS ,372,28,217,127,0
Macon,,"CC, D2", D2 - D,,BEN HAUGABOOK,289,16,132,141,0
Macon,Oglethorpe,"CC, D2", D2 - D,,BEN HAUGABOOK,289,16,132,141,0
Macon,Montezuma 4,"CC, D2", D2 - D,,BEN HAUGABOOK,0,0,0,0,0
Macon,,"CC, D2", D2 - D,,MARK H. POOLE,216,9,93,114,0
Macon,Oglethorpe,"CC, D2", D2 - D,,MARK H. POOLE,216,9,93,114,0
Macon,Montezuma 4,"CC, D2", D2 - D,,MARK H. POOLE,0,0,0,0,0
Macon,,"CC, D4", D4 - D,,MICKEY GEORGE ,366,21,158,187,0
Macon,Oglethorpe,"CC, D4", D4 - D,,MICKEY GEORGE ,0,0,0,0,0
Macon,Montezuma 4,"CC, D4", D4 - D,,MICKEY GEORGE ,366,21,158,187,0
Macon,,"CC, D4", D4 - D,,JERRY HARRIS,320,32,172,116,0
Macon,Oglethorpe,"CC, D4", D4 - D,,JERRY HARRIS,0,0,0,0,0
Macon,Montezuma 4,"CC, D4", D4 - D,,JERRY HARRIS,320,32,172,116,0
Macon,,"BOE, D3", D3 - D,,EUGENE FELTON ,262,9,216,37,0
Macon,Marshallville,"BOE, D3", D3 - D,,EUGENE FELTON ,262,9,216,37,0
Macon,,"BOE, D5", D5 - D,,JAMES A. BYROM SR,377,29,218,130,0
Macon,Montezuma 4,"BOE, D5", D5 - D,,JAMES A. BYROM SR,0,0,0,0,0
Macon,Montezuma 5,"BOE, D5", D5 - D,,JAMES A. BYROM SR,377,29,218,130,0
Macon,,Republican Party Question 1<br>Should Georgia have casino gambling with funds going to education?,,REP,YES,32,0,29,3,0
Macon,Ideal,Republican Party Question 1<br>Should Georgia have casino gambling with funds going to education?,,REP,YES,1,0,1,0,0
Macon,Oglethorpe,Republican Party Question 1<br>Should Georgia have casino gambling with funds going to education?,,REP,YES,4,0,4,0,0
Macon,Marshallville,Republican Party Question 1<br>Should Georgia have casino gambling with funds going to education?,,REP,YES,25,0,23,2,0
Macon,Montezuma 4,Republican Party Question 1<br>Should Georgia have casino gambling with funds going to education?,,REP,YES,1,0,0,1,0
Macon,Montezuma 5,Republican Party Question 1<br>Should Georgia have casino gambling with funds going to education?,,REP,YES,1,0,1,0,0
Macon,,Republican Party Question 1<br>Should Georgia have casino gambling with funds going to education?,,REP,NO,32,0,30,2,0
Macon,Ideal,Republican Party Question 1<br>Should Georgia have casino gambling with funds going to education?,,REP,NO,5,0,5,0,0
Macon,Oglethorpe,Republican Party Question 1<br>Should Georgia have casino gambling with funds going to education?,,REP,NO,1,0,1,0,0
Macon,Marshallville,Republican Party Question 1<br>Should Georgia have casino gambling with funds going to education?,,REP,NO,25,0,23,2,0
Macon,Montezuma 4,Republican Party Question 1<br>Should Georgia have casino gambling with funds going to education?,,REP,NO,0,0,0,0,0
Macon,Montezuma 5,Republican Party Question 1<br>Should Georgia have casino gambling with funds going to education?,,REP,NO,1,0,1,0,0
Macon,,Republican Party Question 2<br>Do you support ending the current practice of unlimited gifts from lobbyists to state legislators by imposing a $100 cap on such gifts?,,REP,YES,47,0,42,5,0
Macon,Ideal,Republican Party Question 2<br>Do you support ending the current practice of unlimited gifts from lobbyists to state legislators by imposing a $100 cap on such gifts?,,REP,YES,4,0,4,0,0
Macon,Oglethorpe,Republican Party Question 2<br>Do you support ending the current practice of unlimited gifts from lobbyists to state legislators by imposing a $100 cap on such gifts?,,REP,YES,5,0,5,0,0
Macon,Marshallville,Republican Party Question 2<br>Do you support ending the current practice of unlimited gifts from lobbyists to state legislators by imposing a $100 cap on such gifts?,,REP,YES,36,0,32,4,0
Macon,Montezuma 4,Republican Party Question 2<br>Do you support ending the current practice of unlimited gifts from lobbyists to state legislators by imposing a $100 cap on such gifts?,,REP,YES,1,0,0,1,0
Macon,Montezuma 5,Republican Party Question 2<br>Do you support ending the current practice of unlimited gifts from lobbyists to state legislators by imposing a $100 cap on such gifts?,,REP,YES,1,0,1,0,0
Macon,,Republican Party Question 2<br>Do you support ending the current practice of unlimited gifts from lobbyists to state legislators by imposing a $100 cap on such gifts?,,REP,NO,14,0,14,0,0
Macon,Ideal,Republican Party Question 2<br>Do you support ending the current practice of unlimited gifts from lobbyists to state legislators by imposing a $100 cap on such gifts?,,REP,NO,2,0,2,0,0
Macon,Oglethorpe,Republican Party Question 2<br>Do you support ending the current practice of unlimited gifts from lobbyists to state legislators by imposing a $100 cap on such gifts?,,REP,NO,0,0,0,0,0
Macon,Marshallville,Republican Party Question 2<br>Do you support ending the current practice of unlimited gifts from lobbyists to state legislators by imposing a $100 cap on such gifts?,,REP,NO,12,0,12,0,0
Macon,Montezuma 4,Republican Party Question 2<br>Do you support ending the current practice of unlimited gifts from lobbyists to state legislators by imposing a $100 cap on such gifts?,,REP,NO,0,0,0,0,0
Macon,Montezuma 5,Republican Party Question 2<br>Do you support ending the current practice of unlimited gifts from lobbyists to state legislators by imposing a $100 cap on such gifts?,,REP,NO,0,0,0,0,0
Macon,,Republican Party Question 3<br>Should active duty military personnel who are under the age of 21 be allowed to obtain a Georgia weapons license?,,REP,YES,46,0,42,4,0
Macon,Ideal,Republican Party Question 3<br>Should active duty military personnel who are under the age of 21 be allowed to obtain a Georgia weapons license?,,REP,YES,5,0,5,0,0
Macon,Oglethorpe,Republican Party Question 3<br>Should active duty military personnel who are under the age of 21 be allowed to obtain a Georgia weapons license?,,REP,YES,5,0,5,0,0
Macon,Marshallville,Republican Party Question 3<br>Should active duty military personnel who are under the age of 21 be allowed to obtain a Georgia weapons license?,,REP,YES,34,0,31,3,0
Macon,Montezuma 4,Republican Party Question 3<br>Should active duty military personnel who are under the age of 21 be allowed to obtain a Georgia weapons license?,,REP,YES,1,0,0,1,0
Macon,Montezuma 5,Republican Party Question 3<br>Should active duty military personnel who are under the age of 21 be allowed to obtain a Georgia weapons license?,,REP,YES,1,0,1,0,0
Macon,,Republican Party Question 3<br>Should active duty military personnel who are under the age of 21 be allowed to obtain a Georgia weapons license?,,REP,NO,16,0,15,1,0
Macon,Ideal,Republican Party Question 3<br>Should active duty military personnel who are under the age of 21 be allowed to obtain a Georgia weapons license?,,REP,NO,1,0,1,0,0
Macon,Oglethorpe,Republican Party Question 3<br>Should active duty military personnel who are under the age of 21 be allowed to obtain a Georgia weapons license?,,REP,NO,0,0,0,0,0
Macon,Marshallville,Republican Party Question 3<br>Should active duty military personnel who are under the age of 21 be allowed to obtain a Georgia weapons license?,,REP,NO,14,0,13,1,0
Macon,Montezuma 4,Republican Party Question 3<br>Should active duty military personnel who are under the age of 21 be allowed to obtain a Georgia weapons license?,,REP,NO,0,0,0,0,0
Macon,Montezuma 5,Republican Party Question 3<br>Should active duty military personnel who are under the age of 21 be allowed to obtain a Georgia weapons license?,,REP,NO,1,0,1,0,0
Macon,,Republican Party Question 4<br>Should Citizens who wish to vote in a primary election be required to register by their political party affiliation at least thirty (30) days prior to such primary election?,,REP,YES,34,0,31,3,0
Macon,Ideal,Republican Party Question 4<br>Should Citizens who wish to vote in a primary election be required to register by their political party affiliation at least thirty (30) days prior to such primary election?,,REP,YES,3,0,3,0,0
Macon,Oglethorpe,Republican Party Question 4<br>Should Citizens who wish to vote in a primary election be required to register by their political party affiliation at least thirty (30) days prior to such primary election?,,REP,YES,4,0,4,0,0
Macon,Marshallville,Republican Party Question 4<br>Should Citizens who wish to vote in a primary election be required to register by their political party affiliation at least thirty (30) days prior to such primary election?,,REP,YES,23,0,21,2,0
Macon,Montezuma 4,Republican Party Question 4<br>Should Citizens who wish to vote in a primary election be required to register by their political party affiliation at least thirty (30) days prior to such primary election?,,REP,YES,1,0,0,1,0
Macon,Montezuma 5,Republican Party Question 4<br>Should Citizens who wish to vote in a primary election be required to register by their political party affiliation at least thirty (30) days prior to such primary election?,,REP,YES,3,0,3,0,0
Macon,,Republican Party Question 4<br>Should Citizens who wish to vote in a primary election be required to register by their political party affiliation at least thirty (30) days prior to such primary election?,,REP,NO,30,0,28,2,0
Macon,Ideal,Republican Party Question 4<br>Should Citizens who wish to vote in a primary election be required to register by their political party affiliation at least thirty (30) days prior to such primary election?,,REP,NO,3,0,3,0,0
Macon,Oglethorpe,Republican Party Question 4<br>Should Citizens who wish to vote in a primary election be required to register by their political party affiliation at least thirty (30) days prior to such primary election?,,REP,NO,1,0,1,0,0
Macon,Marshallville,Republican Party Question 4<br>Should Citizens who wish to vote in a primary election be required to register by their political party affiliation at least thirty (30) days prior to such primary election?,,REP,NO,26,0,24,2,0
Macon,Montezuma 4,Republican Party Question 4<br>Should Citizens who wish to vote in a primary election be required to register by their political party affiliation at least thirty (30) days prior to such primary election?,,REP,NO,0,0,0,0,0
Macon,Montezuma 5,Republican Party Question 4<br>Should Citizens who wish to vote in a primary election be required to register by their political party affiliation at least thirty (30) days prior to such primary election?,,REP,NO,0,0,0,0,0
Macon,,Republican Party Question 5 <br>Life Amendment Question,,REP,YES,41,0,36,5,0
Macon,Ideal,Republican Party Question 5 <br>Life Amendment Question,,REP,YES,6,0,6,0,0
Macon,Oglethorpe,Republican Party Question 5 <br>Life Amendment Question,,REP,YES,3,0,3,0,0
Macon,Marshallville,Republican Party Question 5 <br>Life Amendment Question,,REP,YES,29,0,25,4,0
Macon,Montezuma 4,Republican Party Question 5 <br>Life Amendment Question,,REP,YES,1,0,0,1,0
Macon,Montezuma 5,Republican Party Question 5 <br>Life Amendment Question,,REP,YES,2,0,2,0,0
Macon,,Republican Party Question 5 <br>Life Amendment Question,,REP,NO,18,0,18,0,0
Macon,Ideal,Republican Party Question 5 <br>Life Amendment Question,,REP,NO,0,0,0,0,0
Macon,Oglethorpe,Republican Party Question 5 <br>Life Amendment Question,,REP,NO,2,0,2,0,0
Macon,Marshallville,Republican Party Question 5 <br>Life Amendment Question,,REP,NO,15,0,15,0,0
Macon,Montezuma 4,Republican Party Question 5 <br>Life Amendment Question,,REP,NO,0,0,0,0,0
Macon,Montezuma 5,Republican Party Question 5 <br>Life Amendment Question,,REP,NO,1,0,1,0,0
Macon,,Democratic Party Question 1<br>Should the Georgia Constitution be amended to allow the state to override locally-elected school boards’ decisions when it comes to the creation of charter schools in your county or city?,,DEM,YES,1333,61,697,575,0
Macon,Ideal,Democratic Party Question 1<br>Should the Georgia Constitution be amended to allow the state to override locally-elected school boards’ decisions when it comes to the creation of charter schools in your county or city?,,DEM,YES,305,11,147,147,0
Macon,Oglethorpe,Democratic Party Question 1<br>Should the Georgia Constitution be amended to allow the state to override locally-elected school boards’ decisions when it comes to the creation of charter schools in your county or city?,,DEM,YES,294,14,135,145,0
Macon,Marshallville,Democratic Party Question 1<br>Should the Georgia Constitution be amended to allow the state to override locally-elected school boards’ decisions when it comes to the creation of charter schools in your county or city?,,DEM,YES,145,6,121,18,0
Macon,Montezuma 4,Democratic Party Question 1<br>Should the Georgia Constitution be amended to allow the state to override locally-elected school boards’ decisions when it comes to the creation of charter schools in your county or city?,,DEM,YES,359,20,168,171,0
Macon,Montezuma 5,Democratic Party Question 1<br>Should the Georgia Constitution be amended to allow the state to override locally-elected school boards’ decisions when it comes to the creation of charter schools in your county or city?,,DEM,YES,230,10,126,94,0
Macon,,Democratic Party Question 1<br>Should the Georgia Constitution be amended to allow the state to override locally-elected school boards’ decisions when it comes to the creation of charter schools in your county or city?,,DEM,NO,1012,60,572,380,0
Macon,Ideal,Democratic Party Question 1<br>Should the Georgia Constitution be amended to allow the state to override locally-elected school boards’ decisions when it comes to the creation of charter schools in your county or city?,,DEM,NO,203,5,117,81,0
Macon,Oglethorpe,Democratic Party Question 1<br>Should the Georgia Constitution be amended to allow the state to override locally-elected school boards’ decisions when it comes to the creation of charter schools in your county or city?,,DEM,NO,194,6,95,93,0
Macon,Marshallville,Democratic Party Question 1<br>Should the Georgia Constitution be amended to allow the state to override locally-elected school boards’ decisions when it comes to the creation of charter schools in your county or city?,,DEM,NO,148,5,108,35,0
Macon,Montezuma 4,Democratic Party Question 1<br>Should the Georgia Constitution be amended to allow the state to override locally-elected school boards’ decisions when it comes to the creation of charter schools in your county or city?,,DEM,NO,277,26,147,104,0
Macon,Montezuma 5,Democratic Party Question 1<br>Should the Georgia Constitution be amended to allow the state to override locally-elected school boards’ decisions when it comes to the creation of charter schools in your county or city?,,DEM,NO,190,18,105,67,0
Macon,,Democratic Party Question 2<br>Do you support ending current practice permitting unlimited gifts from lobbyists to state legislators?,,DEM,YES,1520,98,778,644,0
Macon,Ideal,Democratic Party Question 2<br>Do you support ending current practice permitting unlimited gifts from lobbyists to state legislators?,,DEM,YES,334,13,156,165,0
Macon,Oglethorpe,Democratic Party Question 2<br>Do you support ending current practice permitting unlimited gifts from lobbyists to state legislators?,,DEM,YES,314,20,136,158,0
Macon,Marshallville,Democratic Party Question 2<br>Do you support ending current practice permitting unlimited gifts from lobbyists to state legislators?,,DEM,YES,196,11,154,31,0
Macon,Montezuma 4,Democratic Party Question 2<br>Do you support ending current practice permitting unlimited gifts from lobbyists to state legislators?,,DEM,YES,421,33,197,191,0
Macon,Montezuma 5,Democratic Party Question 2<br>Do you support ending current practice permitting unlimited gifts from lobbyists to state legislators?,,DEM,YES,255,21,135,99,0
Macon,,Democratic Party Question 2<br>Do you support ending current practice permitting unlimited gifts from lobbyists to state legislators?,,DEM,NO,829,24,495,310,0
Macon,Ideal,Democratic Party Question 2<br>Do you support ending current practice permitting unlimited gifts from lobbyists to state legislators?,,DEM,NO,176,3,108,65,0
Macon,Oglethorpe,Democratic Party Question 2<br>Do you support ending current practice permitting unlimited gifts from lobbyists to state legislators?,,DEM,NO,169,1,90,78,0
Macon,Marshallville,Democratic Party Question 2<br>Do you support ending current practice permitting unlimited gifts from lobbyists to state legislators?,,DEM,NO,108,1,81,26,0
Macon,Montezuma 4,Democratic Party Question 2<br>Do you support ending current practice permitting unlimited gifts from lobbyists to state legislators?,,DEM,NO,216,12,119,85,0
Macon,Montezuma 5,Democratic Party Question 2<br>Do you support ending current practice permitting unlimited gifts from lobbyists to state legislators?,,DEM,NO,160,7,97,56,0
Macon,,Democratic Party Question 3<br>Should Georgia adopt an income tax credit for home energy costs to support the economic security of our families?,,DEM,YES,1847,99,1011,737,0
Macon,Ideal,Democratic Party Question 3<br>Should Georgia adopt an income tax credit for home energy costs to support the economic security of our families?,,DEM,YES,377,10,194,173,0
Macon,Oglethorpe,Democratic Party Question 3<br>Should Georgia adopt an income tax credit for home energy costs to support the economic security of our families?,,DEM,YES,384,18,177,189,0
Macon,Marshallville,Democratic Party Question 3<br>Should Georgia adopt an income tax credit for home energy costs to support the economic security of our families?,,DEM,YES,241,12,185,44,0
Macon,Montezuma 4,Democratic Party Question 3<br>Should Georgia adopt an income tax credit for home energy costs to support the economic security of our families?,,DEM,YES,497,35,252,210,0
Macon,Montezuma 5,Democratic Party Question 3<br>Should Georgia adopt an income tax credit for home energy costs to support the economic security of our families?,,DEM,YES,348,24,203,121,0
Macon,,Democratic Party Question 3<br>Should Georgia adopt an income tax credit for home energy costs to support the economic security of our families?,,DEM,NO,523,20,281,222,0
Macon,Ideal,Democratic Party Question 3<br>Should Georgia adopt an income tax credit for home energy costs to support the economic security of our families?,,DEM,NO,129,4,71,54,0
Macon,Oglethorpe,Democratic Party Question 3<br>Should Georgia adopt an income tax credit for home energy costs to support the economic security of our families?,,DEM,NO,107,3,48,56,0
Macon,Marshallville,Democratic Party Question 3<br>Should Georgia adopt an income tax credit for home energy costs to support the economic security of our families?,,DEM,NO,61,0,54,7,0
Macon,Montezuma 4,Democratic Party Question 3<br>Should Georgia adopt an income tax credit for home energy costs to support the economic security of our families?,,DEM,NO,144,9,69,66,0
Macon,Montezuma 5,Democratic Party Question 3<br>Should Georgia adopt an income tax credit for home energy costs to support the economic security of our families?,,DEM,NO,82,4,39,39,0
Macon,,Democratic Party Question 4 <br>Should Georgia reduce sales taxes on Made in Georgia products so as to support the growth of small businesses in our state?,,DEM,YES,2117,93,1166,858,0
Macon,Ideal,Democratic Party Question 4 <br>Should Georgia reduce sales taxes on Made in Georgia products so as to support the growth of small businesses in our state?,,DEM,YES,443,13,236,194,0
Macon,Oglethorpe,Democratic Party Question 4 <br>Should Georgia reduce sales taxes on Made in Georgia products so as to support the growth of small businesses in our state?,,DEM,YES,445,16,214,215,0
Macon,Marshallville,Democratic Party Question 4 <br>Should Georgia reduce sales taxes on Made in Georgia products so as to support the growth of small businesses in our state?,,DEM,YES,282,11,221,50,0
Macon,Montezuma 4,Democratic Party Question 4 <br>Should Georgia reduce sales taxes on Made in Georgia products so as to support the growth of small businesses in our state?,,DEM,YES,576,35,282,259,0
Macon,Montezuma 5,Democratic Party Question 4 <br>Should Georgia reduce sales taxes on Made in Georgia products so as to support the growth of small businesses in our state?,,DEM,YES,371,18,213,140,0
Macon,,Democratic Party Question 4 <br>Should Georgia reduce sales taxes on Made in Georgia products so as to support the growth of small businesses in our state?,,DEM,NO,301,20,150,131,0
Macon,Ideal,Democratic Party Question 4 <br>Should Georgia reduce sales taxes on Made in Georgia products so as to support the growth of small businesses in our state?,,DEM,NO,85,3,40,42,0
Macon,Oglethorpe,Democratic Party Question 4 <br>Should Georgia reduce sales taxes on Made in Georgia products so as to support the growth of small businesses in our state?,,DEM,NO,49,1,17,31,0
Macon,Marshallville,Democratic Party Question 4 <br>Should Georgia reduce sales taxes on Made in Georgia products so as to support the growth of small businesses in our state?,,DEM,NO,27,0,20,7,0
Macon,Montezuma 4,Democratic Party Question 4 <br>Should Georgia reduce sales taxes on Made in Georgia products so as to support the growth of small businesses in our state?,,DEM,NO,81,7,44,30,0
Macon,Montezuma 5,Democratic Party Question 4 <br>Should Georgia reduce sales taxes on Made in Georgia products so as to support the growth of small businesses in our state?,,DEM,NO,59,9,29,21,0
Macon,,Supreme Court Justice, Hunstein,,CAROL W. HUNSTEIN,1781,75,1042,664,0
Macon,Ideal,Supreme Court Justice, Hunstein,,CAROL W. HUNSTEIN,364,4,201,159,0
Macon,Oglethorpe,Supreme Court Justice, Hunstein,,CAROL W. HUNSTEIN,359,13,173,173,0
Macon,Marshallville,Supreme Court Justice, Hunstein,,CAROL W. HUNSTEIN,274,8,225,41,0
Macon,Montezuma 4,Supreme Court Justice, Hunstein,,CAROL W. HUNSTEIN,453,27,245,181,0
Macon,Montezuma 5,Supreme Court Justice, Hunstein,,CAROL W. HUNSTEIN,331,23,198,110,0
Macon,,Supreme Court Justice, Hunstein,,Write-in,4,0,0,4,0
Macon,Ideal,Supreme Court Justice, Hunstein,,Write-in,1,0,0,1,0
Macon,Oglethorpe,Supreme Court Justice, Hunstein,,Write-in,2,0,0,2,0
Macon,Marshallville,Supreme Court Justice, Hunstein,,Write-in,0,0,0,0,0
Macon,Montezuma 4,Supreme Court Justice, Hunstein,,Write-in,1,0,0,1,0
Macon,Montezuma 5,Supreme Court Justice, Hunstein,,Write-in,0,0,0,0,0
Macon,,Supreme Court Justice, Melton,,HAROLD D. MELTON ,1741,71,1018,652,0
Macon,Ideal,Supreme Court Justice, Melton,,HAROLD D. MELTON ,363,4,201,158,0
Macon,Oglethorpe,Supreme Court Justice, Melton,,HAROLD D. MELTON ,361,14,173,174,0
Macon,Marshallville,Supreme Court Justice, Melton,,HAROLD D. MELTON ,267,8,220,39,0
Macon,Montezuma 4,Supreme Court Justice, Melton,,HAROLD D. MELTON ,427,22,229,176,0
Macon,Montezuma 5,Supreme Court Justice, Melton,,HAROLD D. MELTON ,323,23,195,105,0
Macon,,Supreme Court Justice, Melton,,Write-in,2,0,1,1,0
Macon,Ideal,Supreme Court Justice, Melton,,Write-in,1,0,0,1,0
Macon,Oglethorpe,Supreme Court Justice, Melton,,Write-in,0,0,0,0,0
Macon,Marshallville,Supreme Court Justice, Melton,,Write-in,0,0,0,0,0
Macon,Montezuma 4,Supreme Court Justice, Melton,,Write-in,1,0,1,0,0
Macon,Montezuma 5,Supreme Court Justice, Melton,,Write-in,0,0,0,0,0
Macon,,Supreme Court Justice, Thompson,,HUGH P. THOMPSON ,1721,68,1013,640,0
Macon,Ideal,Supreme Court Justice, Thompson,,HUGH P. THOMPSON ,356,4,194,158,0
Macon,Oglethorpe,Supreme Court Justice, Thompson,,HUGH P. THOMPSON ,346,12,167,167,0
Macon,Marshallville,Supreme Court Justice, Thompson,,HUGH P. THOMPSON ,269,8,221,40,0
Macon,Montezuma 4,Supreme Court Justice, Thompson,,HUGH P. THOMPSON ,424,21,233,170,0
Macon,Montezuma 5,Supreme Court Justice, Thompson,,HUGH P. THOMPSON ,326,23,198,105,0
Macon,,Supreme Court Justice, Thompson,,Write-in,2,0,1,1,0
Macon,Ideal,Supreme Court Justice, Thompson,,Write-in,1,0,0,1,0
Macon,Oglethorpe,Supreme Court Justice, Thompson,,Write-in,0,0,0,0,0
Macon,Marshallville,Supreme Court Justice, Thompson,,Write-in,0,0,0,0,0
Macon,Montezuma 4,Supreme Court Justice, Thompson,,Write-in,0,0,0,0,0
Macon,Montezuma 5,Supreme Court Justice, Thompson,,Write-in,1,0,1,0,0
Macon,,Appeals Court Judge, Boggs,,MICHAEL P. BOGGS ,1704,66,997,641,0
Macon,Ideal,Appeals Court Judge, Boggs,,MICHAEL P. BOGGS ,350,4,193,153,0
Macon,Oglethorpe,Appeals Court Judge, Boggs,,MICHAEL P. BOGGS ,356,13,172,171,0
Macon,Marshallville,Appeals Court Judge, Boggs,,MICHAEL P. BOGGS ,257,8,211,38,0
Macon,Montezuma 4,Appeals Court Judge, Boggs,,MICHAEL P. BOGGS ,418,20,228,170,0
Macon,Montezuma 5,Appeals Court Judge, Boggs,,MICHAEL P. BOGGS ,323,21,193,109,0
Macon,,Appeals Court Judge, Boggs,,Write-in,0,0,0,0,0
Macon,Ideal,Appeals Court Judge, Boggs,,Write-in,0,0,0,0,0
Macon,Oglethorpe,Appeals Court Judge, Boggs,,Write-in,0,0,0,0,0
Macon,Marshallville,Appeals Court Judge, Boggs,,Write-in,0,0,0,0,0
Macon,Montezuma 4,Appeals Court Judge, Boggs,,Write-in,0,0,0,0,0
Macon,Montezuma 5,Appeals Court Judge, Boggs,,Write-in,0,0,0,0,0
Macon,,Appeals Court Judge, Dillard,,STEPHEN DILLARD ,1718,70,1006,642,0
Macon,Ideal,Appeals Court Judge, Dillard,,STEPHEN DILLARD ,347,3,190,154,0
Macon,Oglethorpe,Appeals Court Judge, Dillard,,STEPHEN DILLARD ,360,14,172,174,0
Macon,Marshallville,Appeals Court Judge, Dillard,,STEPHEN DILLARD ,266,8,220,38,0
Macon,Montezuma 4,Appeals Court Judge, Dillard,,STEPHEN DILLARD ,424,23,232,169,0
Macon,Montezuma 5,Appeals Court Judge, Dillard,,STEPHEN DILLARD ,321,22,192,107,0
Macon,,Appeals Court Judge, Dillard,,Write-in,0,0,0,0,0
Macon,Ideal,Appeals Court Judge, Dillard,,Write-in,0,0,0,0,0
Macon,Oglethorpe,Appeals Court Judge, Dillard,,Write-in,0,0,0,0,0
Macon,Marshallville,Appeals Court Judge, Dillard,,Write-in,0,0,0,0,0
Macon,Montezuma 4,Appeals Court Judge, Dillard,,Write-in,0,0,0,0,0
Macon,Montezuma 5,Appeals Court Judge, Dillard,,Write-in,0,0,0,0,0
Macon,,Appeals Court Judge, Ellington,,JOHN J. ELLINGTON,1689,68,982,639,0
Macon,Ideal,Appeals Court Judge, Ellington,,JOHN J. ELLINGTON,341,4,184,153,0
Macon,Oglethorpe,Appeals Court Judge, Ellington,,JOHN J. ELLINGTON,354,13,173,168,0
Macon,Marshallville,Appeals Court Judge, Ellington,,JOHN J. ELLINGTON,260,8,216,36,0
Macon,Montezuma 4,Appeals Court Judge, Ellington,,JOHN J. ELLINGTON,420,22,223,175,0
Macon,Montezuma 5,Appeals Court Judge, Ellington,,JOHN J. ELLINGTON,314,21,186,107,0
Macon,,Appeals Court Judge, Ellington,,Write-in,0,0,0,0,0
Macon,Ideal,Appeals Court Judge, Ellington,,Write-in,0,0,0,0,0
Macon,Oglethorpe,Appeals Court Judge, Ellington,,Write-in,0,0,0,0,0
Macon,Marshallville,Appeals Court Judge, Ellington,,Write-in,0,0,0,0,0
Macon,Montezuma 4,Appeals Court Judge, Ellington,,Write-in,0,0,0,0,0
Macon,Montezuma 5,Appeals Court Judge, Ellington,,Write-in,0,0,0,0,0
Macon,,Appeals Court Judge, Miller,,M. YVETTE MILLER ,1725,70,1002,653,0
Macon,Ideal,Appeals Court Judge, Miller,,M. YVETTE MILLER ,349,3,191,155,0
Macon,Oglethorpe,Appeals Court Judge, Miller,,M. YVETTE MILLER ,366,13,179,174,0
Macon,Marshallville,Appeals Court Judge, Miller,,M. YVETTE MILLER ,261,8,214,39,0
Macon,Montezuma 4,Appeals Court Judge, Miller,,M. YVETTE MILLER ,426,23,226,177,0
Macon,Montezuma 5,Appeals Court Judge, Miller,,M. YVETTE MILLER ,323,23,192,108,0
Macon,,Appeals Court Judge, Miller,,Write-in,1,0,1,0,0
Macon,Ideal,Appeals Court Judge, Miller,,Write-in,1,0,1,0,0
Macon,Oglethorpe,Appeals Court Judge, Miller,,Write-in,0,0,0,0,0
Macon,Marshallville,Appeals Court Judge, Miller,,Write-in,0,0,0,0,0
Macon,Montezuma 4,Appeals Court Judge, Miller,,Write-in,0,0,0,0,0
Macon,Montezuma 5,Appeals Court Judge, Miller,,Write-in,0,0,0,0,0
Macon,,Appeals Court Judge, Phipps,,HERBERT PHIPPS ,1686,65,974,647,0
Macon,Ideal,Appeals Court Judge, Phipps,,HERBERT PHIPPS ,345,3,186,156,0
Macon,Oglethorpe,Appeals Court Judge, Phipps,,HERBERT PHIPPS ,361,13,172,176,0
Macon,Marshallville,Appeals Court Judge, Phipps,,HERBERT PHIPPS ,260,8,214,38,0
Macon,Montezuma 4,Appeals Court Judge, Phipps,,HERBERT PHIPPS ,412,21,219,172,0
Macon,Montezuma 5,Appeals Court Judge, Phipps,,HERBERT PHIPPS ,308,20,183,105,0
Macon,,Appeals Court Judge, Phipps,,Write-in,0,0,0,0,0
Macon,Ideal,Appeals Court Judge, Phipps,,Write-in,0,0,0,0,0
Macon,Oglethorpe,Appeals Court Judge, Phipps,,Write-in,0,0,0,0,0
Macon,Marshallville,Appeals Court Judge, Phipps,,Write-in,0,0,0,0,0
Macon,Montezuma 4,Appeals Court Judge, Phipps,,Write-in,0,0,0,0,0
Macon,Montezuma 5,Appeals Court Judge, Phipps,,Write-in,0,0,0,0,0
Macon,,Superior Court Judge, Southwestern Circuit (Peagler),,GEORGE M. PEAGLER,1746,72,1000,674,0
Macon,Ideal,Superior Court Judge, Southwestern Circuit (Peagler),,GEORGE M. PEAGLER,351,5,190,156,0
Macon,Oglethorpe,Superior Court Judge, Southwestern Circuit (Peagler),,GEORGE M. PEAGLER,370,15,178,177,0
Macon,Marshallville,Superior Court Judge, Southwestern Circuit (Peagler),,GEORGE M. PEAGLER,267,8,217,42,0
Macon,Montezuma 4,Superior Court Judge, Southwestern Circuit (Peagler),,GEORGE M. PEAGLER,432,21,223,188,0
Macon,Montezuma 5,Superior Court Judge, Southwestern Circuit (Peagler),,GEORGE M. PEAGLER,326,23,192,111,0
Macon,,Superior Court Judge, Southwestern Circuit (Peagler),,Write-in,1,0,0,1,0
Macon,Ideal,Superior Court Judge, Southwestern Circuit (Peagler),,Write-in,1,0,0,1,0
Macon,Oglethorpe,Superior Court Judge, Southwestern Circuit (Peagler),,Write-in,0,0,0,0,0
Macon,Marshallville,Superior Court Judge, Southwestern Circuit (Peagler),,Write-in,0,0,0,0,0
Macon,Montezuma 4,Superior Court Judge, Southwestern Circuit (Peagler),,Write-in,0,0,0,0,0
Macon,Montezuma 5,Superior Court Judge, Southwestern Circuit (Peagler),,Write-in,0,0,0,0,0
Macon,,Superior Court Judge, Southwestern Circuit (Smith),,RUCKER SMITH ,1838,73,1049,716,0
Macon,Ideal,Superior Court Judge, Southwestern Circuit (Smith),,RUCKER SMITH ,365,5,202,158,0
Macon,Oglethorpe,Superior Court Judge, Southwestern Circuit (Smith),,RUCKER SMITH ,383,14,181,188,0
Macon,Marshallville,Superior Court Judge, Southwestern Circuit (Smith),,RUCKER SMITH ,276,8,226,42,0
Macon,Montezuma 4,Superior Court Judge, Southwestern Circuit (Smith),,RUCKER SMITH ,467,24,238,205,0
Macon,Montezuma 5,Superior Court Judge, Southwestern Circuit (Smith),,RUCKER SMITH ,347,22,202,123,0
Macon,,Superior Court Judge, Southwestern Circuit (Smith),,Write-in,15,1,7,7,0
Macon,Ideal,Superior Court Judge, Southwestern Circuit (Smith),,Write-in,6,0,1,5,0
Macon,Oglethorpe,Superior Court Judge, Southwestern Circuit (Smith),,Write-in,5,1,3,1,0
Macon,Marshallville,Superior Court Judge, Southwestern Circuit (Smith),,Write-in,0,0,0,0,0
Macon,Montezuma 4,Superior Court Judge, Southwestern Circuit (Smith),,Write-in,3,0,2,1,0
Macon,Montezuma 5,Superior Court Judge, Southwestern Circuit (Smith),,Write-in,1,0,1,0,0
Macon,,TSPLOST,,,YES,1711,83,940,688,0
Macon,Ideal,TSPLOST,,,YES,309,7,163,139,0
Macon,Oglethorpe,TSPLOST,,,YES,361,15,162,184,0
Macon,Marshallville,TSPLOST,,,YES,244,7,196,41,0
Macon,Montezuma 4,TSPLOST,,,YES,470,34,233,203,0
Macon,Montezuma 5,TSPLOST,,,YES,327,20,186,121,0
Macon,,TSPLOST,,,NO,830,45,462,323,0
Macon,Ideal,TSPLOST,,,NO,230,9,117,104,0
Macon,Oglethorpe,TSPLOST,,,NO,154,7,82,65,0
Macon,Marshallville,TSPLOST,,,NO,124,5,100,19,0
Macon,Montezuma 4,TSPLOST,,,NO,205,15,98,92,0
Macon,Montezuma 5,TSPLOST,,,NO,117,9,65,43,0
