county,precinct,office,district,party,candidate,votes,absentee_by_mail,election_day,advance_in_person,provisional
Treutlen,,"Public Service Commission, District 3",3,REP,CHUCK EATON (I),26,0,25,1,0
Treutlen,Blackville,"Public Service Commission, District 3",3,REP,CHUCK EATON (I),0,0,0,0,0
Treutlen,Gillis Springs,"Public Service Commission, District 3",3,REP,CHUCK EATON (I),1,0,1,0,0
Treutlen,Lothair,"Public Service Commission, District 3",3,REP,CHUCK EATON (I),6,0,6,0,0
Treutlen,Oglethorpe,"Public Service Commission, District 3",3,REP,CHUCK EATON (I),2,0,2,0,0
Treutlen,Orland,"Public Service Commission, District 3",3,REP,CHUCK EATON (I),5,0,5,0,0
Treutlen,Soperton,"Public Service Commission, District 3",3,REP,CHUCK EATON (I),12,0,11,1,0
Treutlen,,"Public Service Commission, District 3",3,REP,MATT REID,16,2,13,1,0
Treutlen,Blackville,"Public Service Commission, District 3",3,REP,MATT REID,0,0,0,0,0
Treutlen,Gillis Springs,"Public Service Commission, District 3",3,REP,MATT REID,3,0,3,0,0
Treutlen,Lothair,"Public Service Commission, District 3",3,REP,MATT REID,0,0,0,0,0
Treutlen,Oglethorpe,"Public Service Commission, District 3",3,REP,MATT REID,1,0,0,1,0
Treutlen,Orland,"Public Service Commission, District 3",3,REP,MATT REID,4,0,4,0,0
Treutlen,Soperton,"Public Service Commission, District 3",3,REP,MATT REID,8,2,6,0,0
Treutlen,,"Public Service Commission, District 3",3,DEM,STEPHEN OPPENHEIMER,961,53,582,323,3
Treutlen,Blackville,"Public Service Commission, District 3",3,DEM,STEPHEN OPPENHEIMER,64,4,50,10,0
Treutlen,Gillis Springs,"Public Service Commission, District 3",3,DEM,STEPHEN OPPENHEIMER,49,1,35,13,0
Treutlen,Lothair,"Public Service Commission, District 3",3,DEM,STEPHEN OPPENHEIMER,108,2,87,19,0
Treutlen,Oglethorpe,"Public Service Commission, District 3",3,DEM,STEPHEN OPPENHEIMER,45,2,34,9,0
Treutlen,Orland,"Public Service Commission, District 3",3,DEM,STEPHEN OPPENHEIMER,74,4,58,10,2
Treutlen,Soperton,"Public Service Commission, District 3",3,DEM,STEPHEN OPPENHEIMER,621,40,318,262,1
Treutlen,,"Public Service Commission, District 5",5,REP,PAM DAVIDSON,16,2,14,0,0
Treutlen,Blackville,"Public Service Commission, District 5",5,REP,PAM DAVIDSON,0,0,0,0,0
Treutlen,Gillis Springs,"Public Service Commission, District 5",5,REP,PAM DAVIDSON,3,0,3,0,0
Treutlen,Lothair,"Public Service Commission, District 5",5,REP,PAM DAVIDSON,1,0,1,0,0
Treutlen,Oglethorpe,"Public Service Commission, District 5",5,REP,PAM DAVIDSON,0,0,0,0,0
Treutlen,Orland,"Public Service Commission, District 5",5,REP,PAM DAVIDSON,2,0,2,0,0
Treutlen,Soperton,"Public Service Commission, District 5",5,REP,PAM DAVIDSON,10,2,8,0,0
Treutlen,,"Public Service Commission, District 5",5,REP,STAN WISE (I),26,0,25,1,0
Treutlen,Blackville,"Public Service Commission, District 5",5,REP,STAN WISE (I),0,0,0,0,0
Treutlen,Gillis Springs,"Public Service Commission, District 5",5,REP,STAN WISE (I),2,0,2,0,0
Treutlen,Lothair,"Public Service Commission, District 5",5,REP,STAN WISE (I),6,0,6,0,0
Treutlen,Oglethorpe,"Public Service Commission, District 5",5,REP,STAN WISE (I),2,0,1,1,0
Treutlen,Orland,"Public Service Commission, District 5",5,REP,STAN WISE (I),7,0,7,0,0
Treutlen,Soperton,"Public Service Commission, District 5",5,REP,STAN WISE (I),9,0,9,0,0
Treutlen,,"U.S. Representative, District 12",12,REP,RICK W. ALLEN,10,0,9,1,0
Treutlen,Blackville,"U.S. Representative, District 12",12,REP,RICK W. ALLEN,0,0,0,0,0
Treutlen,Gillis Springs,"U.S. Representative, District 12",12,REP,RICK W. ALLEN,1,0,1,0,0
Treutlen,Lothair,"U.S. Representative, District 12",12,REP,RICK W. ALLEN,1,0,1,0,0
Treutlen,Oglethorpe,"U.S. Representative, District 12",12,REP,RICK W. ALLEN,2,0,1,1,0
Treutlen,Orland,"U.S. Representative, District 12",12,REP,RICK W. ALLEN,4,0,4,0,0
Treutlen,Soperton,"U.S. Representative, District 12",12,REP,RICK W. ALLEN,2,0,2,0,0
Treutlen,,"U.S. Representative, District 12",12,REP,LEE ANDERSON,16,0,16,0,0
Treutlen,Blackville,"U.S. Representative, District 12",12,REP,LEE ANDERSON,0,0,0,0,0
Treutlen,Gillis Springs,"U.S. Representative, District 12",12,REP,LEE ANDERSON,0,0,0,0,0
Treutlen,Lothair,"U.S. Representative, District 12",12,REP,LEE ANDERSON,2,0,2,0,0
Treutlen,Oglethorpe,"U.S. Representative, District 12",12,REP,LEE ANDERSON,1,0,1,0,0
Treutlen,Orland,"U.S. Representative, District 12",12,REP,LEE ANDERSON,5,0,5,0,0
Treutlen,Soperton,"U.S. Representative, District 12",12,REP,LEE ANDERSON,8,0,8,0,0
Treutlen,,"U.S. Representative, District 12",12,REP,WRIGHT MCLEOD,8,2,5,1,0
Treutlen,Blackville,"U.S. Representative, District 12",12,REP,WRIGHT MCLEOD,0,0,0,0,0
Treutlen,Gillis Springs,"U.S. Representative, District 12",12,REP,WRIGHT MCLEOD,0,0,0,0,0
Treutlen,Lothair,"U.S. Representative, District 12",12,REP,WRIGHT MCLEOD,0,0,0,0,0
Treutlen,Oglethorpe,"U.S. Representative, District 12",12,REP,WRIGHT MCLEOD,0,0,0,0,0
Treutlen,Orland,"U.S. Representative, District 12",12,REP,WRIGHT MCLEOD,1,0,1,0,0
Treutlen,Soperton,"U.S. Representative, District 12",12,REP,WRIGHT MCLEOD,7,2,4,1,0
Treutlen,,"U.S. Representative, District 12",12,REP,MARIA SHEFFIELD,9,0,9,0,0
Treutlen,Blackville,"U.S. Representative, District 12",12,REP,MARIA SHEFFIELD,0,0,0,0,0
Treutlen,Gillis Springs,"U.S. Representative, District 12",12,REP,MARIA SHEFFIELD,4,0,4,0,0
Treutlen,Lothair,"U.S. Representative, District 12",12,REP,MARIA SHEFFIELD,2,0,2,0,0
Treutlen,Oglethorpe,"U.S. Representative, District 12",12,REP,MARIA SHEFFIELD,0,0,0,0,0
Treutlen,Orland,"U.S. Representative, District 12",12,REP,MARIA SHEFFIELD,0,0,0,0,0
Treutlen,Soperton,"U.S. Representative, District 12",12,REP,MARIA SHEFFIELD,3,0,3,0,0
Treutlen,,"U.S. Representative, District 12",12,DEM,JOHN BARROW (I),1177,64,702,407,4
Treutlen,Blackville,"U.S. Representative, District 12",12,DEM,JOHN BARROW (I),75,5,59,11,0
Treutlen,Gillis Springs,"U.S. Representative, District 12",12,DEM,JOHN BARROW (I),59,1,44,14,0
Treutlen,Lothair,"U.S. Representative, District 12",12,DEM,JOHN BARROW (I),122,2,101,19,0
Treutlen,Oglethorpe,"U.S. Representative, District 12",12,DEM,JOHN BARROW (I),51,2,41,8,0
Treutlen,Orland,"U.S. Representative, District 12",12,DEM,JOHN BARROW (I),84,4,65,13,2
Treutlen,Soperton,"U.S. Representative, District 12",12,DEM,JOHN BARROW (I),786,50,392,342,2
Treutlen,,"State Senator, District 19",19,REP,TOMMIE WILLIAMS (I),31,2,28,1,0
Treutlen,Blackville,"State Senator, District 19",19,REP,TOMMIE WILLIAMS (I),0,0,0,0,0
Treutlen,Gillis Springs,"State Senator, District 19",19,REP,TOMMIE WILLIAMS (I),4,0,4,0,0
Treutlen,Lothair,"State Senator, District 19",19,REP,TOMMIE WILLIAMS (I),3,0,3,0,0
Treutlen,Oglethorpe,"State Senator, District 19",19,REP,TOMMIE WILLIAMS (I),2,0,1,1,0
Treutlen,Orland,"State Senator, District 19",19,REP,TOMMIE WILLIAMS (I),6,0,6,0,0
Treutlen,Soperton,"State Senator, District 19",19,REP,TOMMIE WILLIAMS (I),16,2,14,0,0
Treutlen,,"State Representative, District 150",150,REP,MATT HATCHETT (I),27,2,24,1,0
Treutlen,Blackville,"State Representative, District 150",150,REP,MATT HATCHETT (I),0,0,0,0,0
Treutlen,Gillis Springs,"State Representative, District 150",150,REP,MATT HATCHETT (I),2,0,2,0,0
Treutlen,Lothair,"State Representative, District 150",150,REP,MATT HATCHETT (I),2,0,2,0,0
Treutlen,Oglethorpe,"State Representative, District 150",150,REP,MATT HATCHETT (I),2,0,1,1,0
Treutlen,Orland,"State Representative, District 150",150,REP,MATT HATCHETT (I),6,0,6,0,0
Treutlen,Soperton,"State Representative, District 150",150,REP,MATT HATCHETT (I),15,2,13,0,0
Treutlen,,"State Representative, District 150",150,DEM,SHEIKH RAHMAN,846,50,505,288,3
Treutlen,Blackville,"State Representative, District 150",150,DEM,SHEIKH RAHMAN,56,5,43,8,0
Treutlen,Gillis Springs,"State Representative, District 150",150,DEM,SHEIKH RAHMAN,46,1,34,11,0
Treutlen,Lothair,"State Representative, District 150",150,DEM,SHEIKH RAHMAN,90,2,71,17,0
Treutlen,Oglethorpe,"State Representative, District 150",150,DEM,SHEIKH RAHMAN,41,2,31,8,0
Treutlen,Orland,"State Representative, District 150",150,DEM,SHEIKH RAHMAN,69,4,55,8,2
Treutlen,Soperton,"State Representative, District 150",150,DEM,SHEIKH RAHMAN,544,36,271,236,1
Treutlen,,"District Attorney, Dublin Circuit", Dublin Circuit - DEM,DEM,CRAIG FRASER (I),1179,68,702,406,3
Treutlen,Blackville,"District Attorney, Dublin Circuit", Dublin Circuit - DEM,DEM,CRAIG FRASER (I),84,5,65,14,0
Treutlen,Gillis Springs,"District Attorney, Dublin Circuit", Dublin Circuit - DEM,DEM,CRAIG FRASER (I),62,2,44,16,0
Treutlen,Lothair,"District Attorney, Dublin Circuit", Dublin Circuit - DEM,DEM,CRAIG FRASER (I),139,3,113,23,0
Treutlen,Oglethorpe,"District Attorney, Dublin Circuit", Dublin Circuit - DEM,DEM,CRAIG FRASER (I),56,2,43,11,0
Treutlen,Orland,"District Attorney, Dublin Circuit", Dublin Circuit - DEM,DEM,CRAIG FRASER (I),92,5,73,12,2
Treutlen,Soperton,"District Attorney, Dublin Circuit", Dublin Circuit - DEM,DEM,CRAIG FRASER (I),746,51,364,330,1
Treutlen,,Probate Judge,,,T. J. HUDSON ,1470,71,838,557,4
Treutlen,Blackville,Probate Judge,,,T. J. HUDSON ,86,5,65,16,0
Treutlen,Gillis Springs,Probate Judge,,,T. J. HUDSON ,67,2,46,19,0
Treutlen,Lothair,Probate Judge,,,T. J. HUDSON ,144,5,111,28,0
Treutlen,Oglethorpe,Probate Judge,,,T. J. HUDSON ,65,2,47,16,0
Treutlen,Orland,Probate Judge,,,T. J. HUDSON ,96,5,73,16,2
Treutlen,Soperton,Probate Judge,,,T. J. HUDSON ,1012,52,496,462,2
Treutlen,,Superior Court Clerk,,,CONNIE SUMNER ,1381,75,820,482,4
Treutlen,Blackville,Superior Court Clerk,,,CONNIE SUMNER ,90,5,68,17,0
Treutlen,Gillis Springs,Superior Court Clerk,,,CONNIE SUMNER ,65,1,47,17,0
Treutlen,Lothair,Superior Court Clerk,,,CONNIE SUMNER ,153,4,124,25,0
Treutlen,Oglethorpe,Superior Court Clerk,,,CONNIE SUMNER ,64,2,49,13,0
Treutlen,Orland,Superior Court Clerk,,,CONNIE SUMNER ,99,6,76,15,2
Treutlen,Soperton,Superior Court Clerk,,,CONNIE SUMNER ,910,57,456,395,2
Treutlen,,Sheriff,,,HUGH BEASLEY,714,35,381,297,1
Treutlen,Blackville,Sheriff,,,HUGH BEASLEY,34,1,29,4,0
Treutlen,Gillis Springs,Sheriff,,,HUGH BEASLEY,32,1,22,9,0
Treutlen,Lothair,Sheriff,,,HUGH BEASLEY,66,0,50,16,0
Treutlen,Oglethorpe,Sheriff,,,HUGH BEASLEY,23,0,20,3,0
Treutlen,Orland,Sheriff,,,HUGH BEASLEY,43,5,31,7,0
Treutlen,Soperton,Sheriff,,,HUGH BEASLEY,516,28,229,258,1
Treutlen,,Sheriff,,,THOMAS H. CORBIN ,1265,69,748,442,6
Treutlen,Blackville,Sheriff,,,THOMAS H. CORBIN ,93,5,69,18,1
Treutlen,Gillis Springs,Sheriff,,,THOMAS H. CORBIN ,54,5,34,15,0
Treutlen,Lothair,Sheriff,,,THOMAS H. CORBIN ,144,6,118,20,0
Treutlen,Oglethorpe,Sheriff,,,THOMAS H. CORBIN ,67,2,50,15,0
Treutlen,Orland,Sheriff,,,THOMAS H. CORBIN ,86,5,63,16,2
Treutlen,Soperton,Sheriff,,,THOMAS H. CORBIN ,821,46,414,358,3
Treutlen,,Tax Commissioner,,,RENA HACKLE,718,31,451,231,5
Treutlen,Blackville,Tax Commissioner,,,RENA HACKLE,44,1,36,6,1
Treutlen,Gillis Springs,Tax Commissioner,,,RENA HACKLE,35,4,25,6,0
Treutlen,Lothair,Tax Commissioner,,,RENA HACKLE,109,2,86,21,0
Treutlen,Oglethorpe,Tax Commissioner,,,RENA HACKLE,36,2,30,4,0
Treutlen,Orland,Tax Commissioner,,,RENA HACKLE,63,7,44,10,2
Treutlen,Soperton,Tax Commissioner,,,RENA HACKLE,431,15,230,184,2
Treutlen,,Tax Commissioner,,,MARIE B. SUMNER ,1258,73,684,499,2
Treutlen,Blackville,Tax Commissioner,,,MARIE B. SUMNER ,84,5,63,16,0
Treutlen,Gillis Springs,Tax Commissioner,,,MARIE B. SUMNER ,50,2,31,17,0
Treutlen,Lothair,Tax Commissioner,,,MARIE B. SUMNER ,107,4,89,14,0
Treutlen,Oglethorpe,Tax Commissioner,,,MARIE B. SUMNER ,54,0,41,13,0
Treutlen,Orland,Tax Commissioner,,,MARIE B. SUMNER ,66,3,50,13,0
Treutlen,Soperton,Tax Commissioner,,,MARIE B. SUMNER ,897,59,410,426,2
Treutlen,,Coroner,,,GREG HIGGS,1432,72,835,521,4
Treutlen,Blackville,Coroner,,,GREG HIGGS,95,6,73,16,0
Treutlen,Gillis Springs,Coroner,,,GREG HIGGS,70,2,49,19,0
Treutlen,Lothair,Coroner,,,GREG HIGGS,160,3,127,30,0
Treutlen,Oglethorpe,Coroner,,,GREG HIGGS,63,2,48,13,0
Treutlen,Orland,Coroner,,,GREG HIGGS,104,6,79,17,2
Treutlen,Soperton,Coroner,,,GREG HIGGS,940,53,459,426,2
Treutlen,,County Comm 1,,,MARY ANN CARVIN,327,12,153,162,0
Treutlen,Orland,County Comm 1,,,MARY ANN CARVIN,5,0,1,4,0
Treutlen,Soperton,County Comm 1,,,MARY ANN CARVIN,322,12,152,158,0
Treutlen,,County Comm 1,,,BOBBY JOE MOXLEY,56,5,21,30,0
Treutlen,Orland,County Comm 1,,,BOBBY JOE MOXLEY,0,0,0,0,0
Treutlen,Soperton,County Comm 1,,,BOBBY JOE MOXLEY,56,5,21,30,0
Treutlen,,County Comm 1,,,LAURIANNE H. PULLEN,119,12,56,51,0
Treutlen,Orland,County Comm 1,,,LAURIANNE H. PULLEN,1,0,1,0,0
Treutlen,Soperton,County Comm 1,,,LAURIANNE H. PULLEN,118,12,55,51,0
Treutlen,,County Comm 3,,,ALVIN WHEELER ,279,8,200,71,0
Treutlen,Blackville,County Comm 3,,,ALVIN WHEELER ,52,2,42,8,0
Treutlen,Gillis Springs,County Comm 3,,,ALVIN WHEELER ,63,1,43,19,0
Treutlen,Oglethorpe,County Comm 3,,,ALVIN WHEELER ,65,2,52,11,0
Treutlen,Soperton,County Comm 3,,,ALVIN WHEELER ,99,3,63,33,0
Treutlen,,County Comm 4,,,MAYNARD EDENFIELD,147,4,114,28,1
Treutlen,Blackville,County Comm 4,,,MAYNARD EDENFIELD,14,1,11,2,0
Treutlen,Lothair,County Comm 4,,,MAYNARD EDENFIELD,86,2,66,18,0
Treutlen,Orland,County Comm 4,,,MAYNARD EDENFIELD,43,1,35,6,1
Treutlen,Soperton,County Comm 4,,,MAYNARD EDENFIELD,4,0,2,2,0
Treutlen,,County Comm 4,,,KIMBERLY EDGE ,200,13,154,31,2
Treutlen,Blackville,County Comm 4,,,KIMBERLY EDGE ,29,2,21,6,0
Treutlen,Lothair,County Comm 4,,,KIMBERLY EDGE ,90,1,79,10,0
Treutlen,Orland,County Comm 4,,,KIMBERLY EDGE ,72,9,49,13,1
Treutlen,Soperton,County Comm 4,,,KIMBERLY EDGE ,9,1,5,2,1
Treutlen,,County Comm 5,,,VAN HARRIS,163,8,68,87,0
Treutlen,Lothair,County Comm 5,,,VAN HARRIS,16,1,11,4,0
Treutlen,Orland,County Comm 5,,,VAN HARRIS,5,0,5,0,0
Treutlen,Soperton,County Comm 5,,,VAN HARRIS,142,7,52,83,0
Treutlen,,County Comm 5,,,CASHAUNDA M. SMITH,203,11,95,97,0
Treutlen,Lothair,County Comm 5,,,CASHAUNDA M. SMITH,16,2,11,3,0
Treutlen,Orland,County Comm 5,,,CASHAUNDA M. SMITH,1,0,1,0,0
Treutlen,Soperton,County Comm 5,,,CASHAUNDA M. SMITH,186,9,83,94,0
Treutlen,,BOE 1,,,LEO GILLIS JR. ,325,21,155,149,0
Treutlen,Orland,BOE 1,,,LEO GILLIS JR. ,3,0,1,2,0
Treutlen,Soperton,BOE 1,,,LEO GILLIS JR. ,322,21,154,147,0
Treutlen,,BOE 2,,,JEFF RAIFORD ,261,14,128,118,1
Treutlen,Soperton,BOE 2,,,JEFF RAIFORD ,261,14,128,118,1
Treutlen,,BOE 4,,,JOE HUTCHESON,237,9,192,34,2
Treutlen,Blackville,BOE 4,,,JOE HUTCHESON,37,3,28,6,0
Treutlen,Lothair,BOE 4,,,JOE HUTCHESON,116,0,99,17,0
Treutlen,Orland,BOE 4,,,JOE HUTCHESON,79,6,61,10,2
Treutlen,Soperton,BOE 4,,,JOE HUTCHESON,5,0,4,1,0
Treutlen,,Republican Party Question 1<br>Should Georgia have casino gambling with funds going to education?,,REP,YES,15,2,11,2,0
Treutlen,Blackville,Republican Party Question 1<br>Should Georgia have casino gambling with funds going to education?,,REP,YES,0,0,0,0,0
Treutlen,Gillis Springs,Republican Party Question 1<br>Should Georgia have casino gambling with funds going to education?,,REP,YES,2,0,2,0,0
Treutlen,Lothair,Republican Party Question 1<br>Should Georgia have casino gambling with funds going to education?,,REP,YES,3,0,3,0,0
Treutlen,Oglethorpe,Republican Party Question 1<br>Should Georgia have casino gambling with funds going to education?,,REP,YES,0,0,0,0,0
Treutlen,Orland,Republican Party Question 1<br>Should Georgia have casino gambling with funds going to education?,,REP,YES,3,0,3,0,0
Treutlen,Soperton,Republican Party Question 1<br>Should Georgia have casino gambling with funds going to education?,,REP,YES,7,2,3,2,0
Treutlen,,Republican Party Question 1<br>Should Georgia have casino gambling with funds going to education?,,REP,NO,32,0,31,1,0
Treutlen,Blackville,Republican Party Question 1<br>Should Georgia have casino gambling with funds going to education?,,REP,NO,0,0,0,0,0
Treutlen,Gillis Springs,Republican Party Question 1<br>Should Georgia have casino gambling with funds going to education?,,REP,NO,3,0,3,0,0
Treutlen,Lothair,Republican Party Question 1<br>Should Georgia have casino gambling with funds going to education?,,REP,NO,4,0,4,0,0
Treutlen,Oglethorpe,Republican Party Question 1<br>Should Georgia have casino gambling with funds going to education?,,REP,NO,3,0,2,1,0
Treutlen,Orland,Republican Party Question 1<br>Should Georgia have casino gambling with funds going to education?,,REP,NO,7,0,7,0,0
Treutlen,Soperton,Republican Party Question 1<br>Should Georgia have casino gambling with funds going to education?,,REP,NO,15,0,15,0,0
Treutlen,,Republican Party Question 2<br>Do you support ending the current practice of unlimited gifts from lobbyists to state legislators by imposing a $100 cap on such gifts?,,REP,YES,38,2,35,1,0
Treutlen,Blackville,Republican Party Question 2<br>Do you support ending the current practice of unlimited gifts from lobbyists to state legislators by imposing a $100 cap on such gifts?,,REP,YES,0,0,0,0,0
Treutlen,Gillis Springs,Republican Party Question 2<br>Do you support ending the current practice of unlimited gifts from lobbyists to state legislators by imposing a $100 cap on such gifts?,,REP,YES,5,0,5,0,0
Treutlen,Lothair,Republican Party Question 2<br>Do you support ending the current practice of unlimited gifts from lobbyists to state legislators by imposing a $100 cap on such gifts?,,REP,YES,6,0,6,0,0
Treutlen,Oglethorpe,Republican Party Question 2<br>Do you support ending the current practice of unlimited gifts from lobbyists to state legislators by imposing a $100 cap on such gifts?,,REP,YES,3,0,2,1,0
Treutlen,Orland,Republican Party Question 2<br>Do you support ending the current practice of unlimited gifts from lobbyists to state legislators by imposing a $100 cap on such gifts?,,REP,YES,7,0,7,0,0
Treutlen,Soperton,Republican Party Question 2<br>Do you support ending the current practice of unlimited gifts from lobbyists to state legislators by imposing a $100 cap on such gifts?,,REP,YES,17,2,15,0,0
Treutlen,,Republican Party Question 2<br>Do you support ending the current practice of unlimited gifts from lobbyists to state legislators by imposing a $100 cap on such gifts?,,REP,NO,8,0,7,1,0
Treutlen,Blackville,Republican Party Question 2<br>Do you support ending the current practice of unlimited gifts from lobbyists to state legislators by imposing a $100 cap on such gifts?,,REP,NO,0,0,0,0,0
Treutlen,Gillis Springs,Republican Party Question 2<br>Do you support ending the current practice of unlimited gifts from lobbyists to state legislators by imposing a $100 cap on such gifts?,,REP,NO,0,0,0,0,0
Treutlen,Lothair,Republican Party Question 2<br>Do you support ending the current practice of unlimited gifts from lobbyists to state legislators by imposing a $100 cap on such gifts?,,REP,NO,1,0,1,0,0
Treutlen,Oglethorpe,Republican Party Question 2<br>Do you support ending the current practice of unlimited gifts from lobbyists to state legislators by imposing a $100 cap on such gifts?,,REP,NO,0,0,0,0,0
Treutlen,Orland,Republican Party Question 2<br>Do you support ending the current practice of unlimited gifts from lobbyists to state legislators by imposing a $100 cap on such gifts?,,REP,NO,3,0,3,0,0
Treutlen,Soperton,Republican Party Question 2<br>Do you support ending the current practice of unlimited gifts from lobbyists to state legislators by imposing a $100 cap on such gifts?,,REP,NO,4,0,3,1,0
Treutlen,,Republican Party Question 3<br>Should active duty military personnel who are under the age of 21 be allowed to obtain a Georgia weapons license?,,REP,YES,33,2,30,1,0
Treutlen,Blackville,Republican Party Question 3<br>Should active duty military personnel who are under the age of 21 be allowed to obtain a Georgia weapons license?,,REP,YES,0,0,0,0,0
Treutlen,Gillis Springs,Republican Party Question 3<br>Should active duty military personnel who are under the age of 21 be allowed to obtain a Georgia weapons license?,,REP,YES,4,0,4,0,0
Treutlen,Lothair,Republican Party Question 3<br>Should active duty military personnel who are under the age of 21 be allowed to obtain a Georgia weapons license?,,REP,YES,5,0,5,0,0
Treutlen,Oglethorpe,Republican Party Question 3<br>Should active duty military personnel who are under the age of 21 be allowed to obtain a Georgia weapons license?,,REP,YES,1,0,1,0,0
Treutlen,Orland,Republican Party Question 3<br>Should active duty military personnel who are under the age of 21 be allowed to obtain a Georgia weapons license?,,REP,YES,8,0,8,0,0
Treutlen,Soperton,Republican Party Question 3<br>Should active duty military personnel who are under the age of 21 be allowed to obtain a Georgia weapons license?,,REP,YES,15,2,12,1,0
Treutlen,,Republican Party Question 3<br>Should active duty military personnel who are under the age of 21 be allowed to obtain a Georgia weapons license?,,REP,NO,14,0,13,1,0
Treutlen,Blackville,Republican Party Question 3<br>Should active duty military personnel who are under the age of 21 be allowed to obtain a Georgia weapons license?,,REP,NO,0,0,0,0,0
Treutlen,Gillis Springs,Republican Party Question 3<br>Should active duty military personnel who are under the age of 21 be allowed to obtain a Georgia weapons license?,,REP,NO,1,0,1,0,0
Treutlen,Lothair,Republican Party Question 3<br>Should active duty military personnel who are under the age of 21 be allowed to obtain a Georgia weapons license?,,REP,NO,2,0,2,0,0
Treutlen,Oglethorpe,Republican Party Question 3<br>Should active duty military personnel who are under the age of 21 be allowed to obtain a Georgia weapons license?,,REP,NO,2,0,1,1,0
Treutlen,Orland,Republican Party Question 3<br>Should active duty military personnel who are under the age of 21 be allowed to obtain a Georgia weapons license?,,REP,NO,3,0,3,0,0
Treutlen,Soperton,Republican Party Question 3<br>Should active duty military personnel who are under the age of 21 be allowed to obtain a Georgia weapons license?,,REP,NO,6,0,6,0,0
Treutlen,,Republican Party Question 4<br>Should Citizens who wish to vote in a primary election be required to register by their political party affiliation at least thirty (30) days prior to such primary election?,,REP,YES,20,0,19,1,0
Treutlen,Blackville,Republican Party Question 4<br>Should Citizens who wish to vote in a primary election be required to register by their political party affiliation at least thirty (30) days prior to such primary election?,,REP,YES,0,0,0,0,0
Treutlen,Gillis Springs,Republican Party Question 4<br>Should Citizens who wish to vote in a primary election be required to register by their political party affiliation at least thirty (30) days prior to such primary election?,,REP,YES,2,0,2,0,0
Treutlen,Lothair,Republican Party Question 4<br>Should Citizens who wish to vote in a primary election be required to register by their political party affiliation at least thirty (30) days prior to such primary election?,,REP,YES,3,0,3,0,0
Treutlen,Oglethorpe,Republican Party Question 4<br>Should Citizens who wish to vote in a primary election be required to register by their political party affiliation at least thirty (30) days prior to such primary election?,,REP,YES,0,0,0,0,0
Treutlen,Orland,Republican Party Question 4<br>Should Citizens who wish to vote in a primary election be required to register by their political party affiliation at least thirty (30) days prior to such primary election?,,REP,YES,7,0,7,0,0
Treutlen,Soperton,Republican Party Question 4<br>Should Citizens who wish to vote in a primary election be required to register by their political party affiliation at least thirty (30) days prior to such primary election?,,REP,YES,8,0,7,1,0
Treutlen,,Republican Party Question 4<br>Should Citizens who wish to vote in a primary election be required to register by their political party affiliation at least thirty (30) days prior to such primary election?,,REP,NO,26,2,23,1,0
Treutlen,Blackville,Republican Party Question 4<br>Should Citizens who wish to vote in a primary election be required to register by their political party affiliation at least thirty (30) days prior to such primary election?,,REP,NO,0,0,0,0,0
Treutlen,Gillis Springs,Republican Party Question 4<br>Should Citizens who wish to vote in a primary election be required to register by their political party affiliation at least thirty (30) days prior to such primary election?,,REP,NO,3,0,3,0,0
Treutlen,Lothair,Republican Party Question 4<br>Should Citizens who wish to vote in a primary election be required to register by their political party affiliation at least thirty (30) days prior to such primary election?,,REP,NO,4,0,4,0,0
Treutlen,Oglethorpe,Republican Party Question 4<br>Should Citizens who wish to vote in a primary election be required to register by their political party affiliation at least thirty (30) days prior to such primary election?,,REP,NO,3,0,2,1,0
Treutlen,Orland,Republican Party Question 4<br>Should Citizens who wish to vote in a primary election be required to register by their political party affiliation at least thirty (30) days prior to such primary election?,,REP,NO,3,0,3,0,0
Treutlen,Soperton,Republican Party Question 4<br>Should Citizens who wish to vote in a primary election be required to register by their political party affiliation at least thirty (30) days prior to such primary election?,,REP,NO,13,2,11,0,0
Treutlen,,Republican Party Question 5 <br>Life Amendment Question,,REP,YES,39,2,35,2,0
Treutlen,Blackville,Republican Party Question 5 <br>Life Amendment Question,,REP,YES,0,0,0,0,0
Treutlen,Gillis Springs,Republican Party Question 5 <br>Life Amendment Question,,REP,YES,4,0,4,0,0
Treutlen,Lothair,Republican Party Question 5 <br>Life Amendment Question,,REP,YES,7,0,7,0,0
Treutlen,Oglethorpe,Republican Party Question 5 <br>Life Amendment Question,,REP,YES,3,0,2,1,0
Treutlen,Orland,Republican Party Question 5 <br>Life Amendment Question,,REP,YES,8,0,8,0,0
Treutlen,Soperton,Republican Party Question 5 <br>Life Amendment Question,,REP,YES,17,2,14,1,0
Treutlen,,Republican Party Question 5 <br>Life Amendment Question,,REP,NO,8,0,7,1,0
Treutlen,Blackville,Republican Party Question 5 <br>Life Amendment Question,,REP,NO,0,0,0,0,0
Treutlen,Gillis Springs,Republican Party Question 5 <br>Life Amendment Question,,REP,NO,1,0,1,0,0
Treutlen,Lothair,Republican Party Question 5 <br>Life Amendment Question,,REP,NO,0,0,0,0,0
Treutlen,Oglethorpe,Republican Party Question 5 <br>Life Amendment Question,,REP,NO,0,0,0,0,0
Treutlen,Orland,Republican Party Question 5 <br>Life Amendment Question,,REP,NO,2,0,2,0,0
Treutlen,Soperton,Republican Party Question 5 <br>Life Amendment Question,,REP,NO,5,0,4,1,0
Treutlen,,Democratic Party Question 1<br>Should the Georgia Constitution be amended to allow the state to override locally-elected school boards’ decisions when it comes to the creation of charter schools in your county or city?,,DEM,YES,850,40,461,344,5
Treutlen,Blackville,Democratic Party Question 1<br>Should the Georgia Constitution be amended to allow the state to override locally-elected school boards’ decisions when it comes to the creation of charter schools in your county or city?,,DEM,YES,46,4,33,8,1
Treutlen,Gillis Springs,Democratic Party Question 1<br>Should the Georgia Constitution be amended to allow the state to override locally-elected school boards’ decisions when it comes to the creation of charter schools in your county or city?,,DEM,YES,35,2,23,10,0
Treutlen,Lothair,Democratic Party Question 1<br>Should the Georgia Constitution be amended to allow the state to override locally-elected school boards’ decisions when it comes to the creation of charter schools in your county or city?,,DEM,YES,71,2,49,20,0
Treutlen,Oglethorpe,Democratic Party Question 1<br>Should the Georgia Constitution be amended to allow the state to override locally-elected school boards’ decisions when it comes to the creation of charter schools in your county or city?,,DEM,YES,30,0,22,8,0
Treutlen,Orland,Democratic Party Question 1<br>Should the Georgia Constitution be amended to allow the state to override locally-elected school boards’ decisions when it comes to the creation of charter schools in your county or city?,,DEM,YES,51,3,37,9,2
Treutlen,Soperton,Democratic Party Question 1<br>Should the Georgia Constitution be amended to allow the state to override locally-elected school boards’ decisions when it comes to the creation of charter schools in your county or city?,,DEM,YES,617,29,297,289,2
Treutlen,,Democratic Party Question 1<br>Should the Georgia Constitution be amended to allow the state to override locally-elected school boards’ decisions when it comes to the creation of charter schools in your county or city?,,DEM,NO,912,42,554,315,1
Treutlen,Blackville,Democratic Party Question 1<br>Should the Georgia Constitution be amended to allow the state to override locally-elected school boards’ decisions when it comes to the creation of charter schools in your county or city?,,DEM,NO,70,1,58,11,0
Treutlen,Gillis Springs,Democratic Party Question 1<br>Should the Georgia Constitution be amended to allow the state to override locally-elected school boards’ decisions when it comes to the creation of charter schools in your county or city?,,DEM,NO,46,4,29,13,0
Treutlen,Lothair,Democratic Party Question 1<br>Should the Georgia Constitution be amended to allow the state to override locally-elected school boards’ decisions when it comes to the creation of charter schools in your county or city?,,DEM,NO,123,1,107,15,0
Treutlen,Oglethorpe,Democratic Party Question 1<br>Should the Georgia Constitution be amended to allow the state to override locally-elected school boards’ decisions when it comes to the creation of charter schools in your county or city?,,DEM,NO,52,2,43,7,0
Treutlen,Orland,Democratic Party Question 1<br>Should the Georgia Constitution be amended to allow the state to override locally-elected school boards’ decisions when it comes to the creation of charter schools in your county or city?,,DEM,NO,70,5,53,12,0
Treutlen,Soperton,Democratic Party Question 1<br>Should the Georgia Constitution be amended to allow the state to override locally-elected school boards’ decisions when it comes to the creation of charter schools in your county or city?,,DEM,NO,551,29,264,257,1
Treutlen,,Democratic Party Question 2<br>Do you support ending current practice permitting unlimited gifts from lobbyists to state legislators?,,DEM,YES,1222,62,709,447,4
Treutlen,Blackville,Democratic Party Question 2<br>Do you support ending current practice permitting unlimited gifts from lobbyists to state legislators?,,DEM,YES,82,3,63,15,1
Treutlen,Gillis Springs,Democratic Party Question 2<br>Do you support ending current practice permitting unlimited gifts from lobbyists to state legislators?,,DEM,YES,51,3,37,11,0
Treutlen,Lothair,Democratic Party Question 2<br>Do you support ending current practice permitting unlimited gifts from lobbyists to state legislators?,,DEM,YES,127,2,104,21,0
Treutlen,Oglethorpe,Democratic Party Question 2<br>Do you support ending current practice permitting unlimited gifts from lobbyists to state legislators?,,DEM,YES,62,0,50,12,0
Treutlen,Orland,Democratic Party Question 2<br>Do you support ending current practice permitting unlimited gifts from lobbyists to state legislators?,,DEM,YES,86,9,66,10,1
Treutlen,Soperton,Democratic Party Question 2<br>Do you support ending current practice permitting unlimited gifts from lobbyists to state legislators?,,DEM,YES,814,45,389,378,2
Treutlen,,Democratic Party Question 2<br>Do you support ending current practice permitting unlimited gifts from lobbyists to state legislators?,,DEM,NO,531,29,299,201,2
Treutlen,Blackville,Democratic Party Question 2<br>Do you support ending current practice permitting unlimited gifts from lobbyists to state legislators?,,DEM,NO,31,2,26,3,0
Treutlen,Gillis Springs,Democratic Party Question 2<br>Do you support ending current practice permitting unlimited gifts from lobbyists to state legislators?,,DEM,NO,28,3,14,11,0
Treutlen,Lothair,Democratic Party Question 2<br>Do you support ending current practice permitting unlimited gifts from lobbyists to state legislators?,,DEM,NO,64,1,49,14,0
Treutlen,Oglethorpe,Democratic Party Question 2<br>Do you support ending current practice permitting unlimited gifts from lobbyists to state legislators?,,DEM,NO,22,2,17,3,0
Treutlen,Orland,Democratic Party Question 2<br>Do you support ending current practice permitting unlimited gifts from lobbyists to state legislators?,,DEM,NO,33,1,24,7,1
Treutlen,Soperton,Democratic Party Question 2<br>Do you support ending current practice permitting unlimited gifts from lobbyists to state legislators?,,DEM,NO,353,20,169,163,1
Treutlen,,Democratic Party Question 3<br>Should Georgia adopt an income tax credit for home energy costs to support the economic security of our families?,,DEM,YES,1362,78,749,529,6
Treutlen,Blackville,Democratic Party Question 3<br>Should Georgia adopt an income tax credit for home energy costs to support the economic security of our families?,,DEM,YES,73,2,59,11,1
Treutlen,Gillis Springs,Democratic Party Question 3<br>Should Georgia adopt an income tax credit for home energy costs to support the economic security of our families?,,DEM,YES,59,6,37,16,0
Treutlen,Lothair,Democratic Party Question 3<br>Should Georgia adopt an income tax credit for home energy costs to support the economic security of our families?,,DEM,YES,127,3,96,28,0
Treutlen,Oglethorpe,Democratic Party Question 3<br>Should Georgia adopt an income tax credit for home energy costs to support the economic security of our families?,,DEM,YES,59,2,46,11,0
Treutlen,Orland,Democratic Party Question 3<br>Should Georgia adopt an income tax credit for home energy costs to support the economic security of our families?,,DEM,YES,92,8,68,14,2
Treutlen,Soperton,Democratic Party Question 3<br>Should Georgia adopt an income tax credit for home energy costs to support the economic security of our families?,,DEM,YES,952,57,443,449,3
Treutlen,,Democratic Party Question 3<br>Should Georgia adopt an income tax credit for home energy costs to support the economic security of our families?,,DEM,NO,422,10,274,138,0
Treutlen,Blackville,Democratic Party Question 3<br>Should Georgia adopt an income tax credit for home energy costs to support the economic security of our families?,,DEM,NO,40,3,31,6,0
Treutlen,Gillis Springs,Democratic Party Question 3<br>Should Georgia adopt an income tax credit for home energy costs to support the economic security of our families?,,DEM,NO,21,0,14,7,0
Treutlen,Lothair,Democratic Party Question 3<br>Should Georgia adopt an income tax credit for home energy costs to support the economic security of our families?,,DEM,NO,62,1,55,6,0
Treutlen,Oglethorpe,Democratic Party Question 3<br>Should Georgia adopt an income tax credit for home energy costs to support the economic security of our families?,,DEM,NO,24,0,20,4,0
Treutlen,Orland,Democratic Party Question 3<br>Should Georgia adopt an income tax credit for home energy costs to support the economic security of our families?,,DEM,NO,28,2,20,6,0
Treutlen,Soperton,Democratic Party Question 3<br>Should Georgia adopt an income tax credit for home energy costs to support the economic security of our families?,,DEM,NO,247,4,134,109,0
Treutlen,,Democratic Party Question 4 <br>Should Georgia reduce sales taxes on Made in Georgia products so as to support the growth of small businesses in our state?,,DEM,YES,1586,79,920,581,6
Treutlen,Blackville,Democratic Party Question 4 <br>Should Georgia reduce sales taxes on Made in Georgia products so as to support the growth of small businesses in our state?,,DEM,YES,99,3,80,15,1
Treutlen,Gillis Springs,Democratic Party Question 4 <br>Should Georgia reduce sales taxes on Made in Georgia products so as to support the growth of small businesses in our state?,,DEM,YES,77,6,50,21,0
Treutlen,Lothair,Democratic Party Question 4 <br>Should Georgia reduce sales taxes on Made in Georgia products so as to support the growth of small businesses in our state?,,DEM,YES,161,3,132,26,0
Treutlen,Oglethorpe,Democratic Party Question 4 <br>Should Georgia reduce sales taxes on Made in Georgia products so as to support the growth of small businesses in our state?,,DEM,YES,74,2,58,14,0
Treutlen,Orland,Democratic Party Question 4 <br>Should Georgia reduce sales taxes on Made in Georgia products so as to support the growth of small businesses in our state?,,DEM,YES,106,6,82,16,2
Treutlen,Soperton,Democratic Party Question 4 <br>Should Georgia reduce sales taxes on Made in Georgia products so as to support the growth of small businesses in our state?,,DEM,YES,1069,59,518,489,3
Treutlen,,Democratic Party Question 4 <br>Should Georgia reduce sales taxes on Made in Georgia products so as to support the growth of small businesses in our state?,,DEM,NO,211,11,121,79,0
Treutlen,Blackville,Democratic Party Question 4 <br>Should Georgia reduce sales taxes on Made in Georgia products so as to support the growth of small businesses in our state?,,DEM,NO,16,2,12,2,0
Treutlen,Gillis Springs,Democratic Party Question 4 <br>Should Georgia reduce sales taxes on Made in Georgia products so as to support the growth of small businesses in our state?,,DEM,NO,5,0,2,3,0
Treutlen,Lothair,Democratic Party Question 4 <br>Should Georgia reduce sales taxes on Made in Georgia products so as to support the growth of small businesses in our state?,,DEM,NO,32,0,26,6,0
Treutlen,Oglethorpe,Democratic Party Question 4 <br>Should Georgia reduce sales taxes on Made in Georgia products so as to support the growth of small businesses in our state?,,DEM,NO,11,0,10,1,0
Treutlen,Orland,Democratic Party Question 4 <br>Should Georgia reduce sales taxes on Made in Georgia products so as to support the growth of small businesses in our state?,,DEM,NO,18,4,10,4,0
Treutlen,Soperton,Democratic Party Question 4 <br>Should Georgia reduce sales taxes on Made in Georgia products so as to support the growth of small businesses in our state?,,DEM,NO,129,5,61,63,0
Treutlen,,Supreme Court Justice, Hunstein,I,CAROL W. HUNSTEIN,1201,51,716,431,3
Treutlen,Blackville,Supreme Court Justice, Hunstein,I,CAROL W. HUNSTEIN,79,4,63,12,0
Treutlen,Gillis Springs,Supreme Court Justice, Hunstein,I,CAROL W. HUNSTEIN,65,3,47,15,0
Treutlen,Lothair,Supreme Court Justice, Hunstein,I,CAROL W. HUNSTEIN,127,2,102,23,0
Treutlen,Oglethorpe,Supreme Court Justice, Hunstein,I,CAROL W. HUNSTEIN,52,2,39,11,0
Treutlen,Orland,Supreme Court Justice, Hunstein,I,CAROL W. HUNSTEIN,86,3,71,10,2
Treutlen,Soperton,Supreme Court Justice, Hunstein,I,CAROL W. HUNSTEIN,792,37,394,360,1
Treutlen,,Supreme Court Justice, Hunstein,,Write-in,6,2,1,3,0
Treutlen,Blackville,Supreme Court Justice, Hunstein,,Write-in,0,0,0,0,0
Treutlen,Gillis Springs,Supreme Court Justice, Hunstein,,Write-in,0,0,0,0,0
Treutlen,Lothair,Supreme Court Justice, Hunstein,,Write-in,0,0,0,0,0
Treutlen,Oglethorpe,Supreme Court Justice, Hunstein,,Write-in,0,0,0,0,0
Treutlen,Orland,Supreme Court Justice, Hunstein,,Write-in,0,0,0,0,0
Treutlen,Soperton,Supreme Court Justice, Hunstein,,Write-in,6,2,1,3,0
Treutlen,,Supreme Court Justice, Melton,,HAROLD D. MELTON ,1254,50,746,455,3
Treutlen,Blackville,Supreme Court Justice, Melton,,HAROLD D. MELTON ,84,4,68,12,0
Treutlen,Gillis Springs,Supreme Court Justice, Melton,,HAROLD D. MELTON ,62,2,46,14,0
Treutlen,Lothair,Supreme Court Justice, Melton,,HAROLD D. MELTON ,126,2,102,22,0
Treutlen,Oglethorpe,Supreme Court Justice, Melton,,HAROLD D. MELTON ,50,2,36,12,0
Treutlen,Orland,Supreme Court Justice, Melton,,HAROLD D. MELTON ,89,3,73,11,2
Treutlen,Soperton,Supreme Court Justice, Melton,,HAROLD D. MELTON ,843,37,421,384,1
Treutlen,,Supreme Court Justice, Melton,,Write-in,5,2,1,2,0
Treutlen,Blackville,Supreme Court Justice, Melton,,Write-in,0,0,0,0,0
Treutlen,Gillis Springs,Supreme Court Justice, Melton,,Write-in,0,0,0,0,0
Treutlen,Lothair,Supreme Court Justice, Melton,,Write-in,0,0,0,0,0
Treutlen,Oglethorpe,Supreme Court Justice, Melton,,Write-in,0,0,0,0,0
Treutlen,Orland,Supreme Court Justice, Melton,,Write-in,0,0,0,0,0
Treutlen,Soperton,Supreme Court Justice, Melton,,Write-in,5,2,1,2,0
Treutlen,,Supreme Court Justice, Thompson,,HUGH P. THOMPSON ,1205,48,723,431,3
Treutlen,Blackville,Supreme Court Justice, Thompson,,HUGH P. THOMPSON ,82,4,66,12,0
Treutlen,Gillis Springs,Supreme Court Justice, Thompson,,HUGH P. THOMPSON ,62,1,47,14,0
Treutlen,Lothair,Supreme Court Justice, Thompson,,HUGH P. THOMPSON ,124,2,100,22,0
Treutlen,Oglethorpe,Supreme Court Justice, Thompson,,HUGH P. THOMPSON ,46,2,35,9,0
Treutlen,Orland,Supreme Court Justice, Thompson,,HUGH P. THOMPSON ,93,3,76,12,2
Treutlen,Soperton,Supreme Court Justice, Thompson,,HUGH P. THOMPSON ,798,36,399,362,1
Treutlen,,Supreme Court Justice, Thompson,,Write-in,5,2,1,2,0
Treutlen,Blackville,Supreme Court Justice, Thompson,,Write-in,0,0,0,0,0
Treutlen,Gillis Springs,Supreme Court Justice, Thompson,,Write-in,0,0,0,0,0
Treutlen,Lothair,Supreme Court Justice, Thompson,,Write-in,0,0,0,0,0
Treutlen,Oglethorpe,Supreme Court Justice, Thompson,,Write-in,0,0,0,0,0
Treutlen,Orland,Supreme Court Justice, Thompson,,Write-in,0,0,0,0,0
Treutlen,Soperton,Supreme Court Justice, Thompson,,Write-in,5,2,1,2,0
Treutlen,,Appeals Court Judge, Boggs,,MICHAEL P. BOGGS ,1160,50,685,422,3
Treutlen,Blackville,Appeals Court Judge, Boggs,,MICHAEL P. BOGGS ,77,4,61,12,0
Treutlen,Gillis Springs,Appeals Court Judge, Boggs,,MICHAEL P. BOGGS ,61,1,46,14,0
Treutlen,Lothair,Appeals Court Judge, Boggs,,MICHAEL P. BOGGS ,117,2,94,21,0
Treutlen,Oglethorpe,Appeals Court Judge, Boggs,,MICHAEL P. BOGGS ,49,2,36,11,0
Treutlen,Orland,Appeals Court Judge, Boggs,,MICHAEL P. BOGGS ,88,3,72,11,2
Treutlen,Soperton,Appeals Court Judge, Boggs,,MICHAEL P. BOGGS ,768,38,376,353,1
Treutlen,,Appeals Court Judge, Boggs,,Write-in,3,1,1,1,0
Treutlen,Blackville,Appeals Court Judge, Boggs,,Write-in,0,0,0,0,0
Treutlen,Gillis Springs,Appeals Court Judge, Boggs,,Write-in,0,0,0,0,0
Treutlen,Lothair,Appeals Court Judge, Boggs,,Write-in,0,0,0,0,0
Treutlen,Oglethorpe,Appeals Court Judge, Boggs,,Write-in,0,0,0,0,0
Treutlen,Orland,Appeals Court Judge, Boggs,,Write-in,0,0,0,0,0
Treutlen,Soperton,Appeals Court Judge, Boggs,,Write-in,3,1,1,1,0
Treutlen,,Appeals Court Judge, Dillard,,STEPHEN DILLARD ,1144,49,672,420,3
Treutlen,Blackville,Appeals Court Judge, Dillard,,STEPHEN DILLARD ,77,4,61,12,0
Treutlen,Gillis Springs,Appeals Court Judge, Dillard,,STEPHEN DILLARD ,62,1,47,14,0
Treutlen,Lothair,Appeals Court Judge, Dillard,,STEPHEN DILLARD ,116,2,93,21,0
Treutlen,Oglethorpe,Appeals Court Judge, Dillard,,STEPHEN DILLARD ,49,2,36,11,0
Treutlen,Orland,Appeals Court Judge, Dillard,,STEPHEN DILLARD ,87,3,72,10,2
Treutlen,Soperton,Appeals Court Judge, Dillard,,STEPHEN DILLARD ,753,37,363,352,1
Treutlen,,Appeals Court Judge, Dillard,,Write-in,2,1,1,0,0
Treutlen,Blackville,Appeals Court Judge, Dillard,,Write-in,0,0,0,0,0
Treutlen,Gillis Springs,Appeals Court Judge, Dillard,,Write-in,0,0,0,0,0
Treutlen,Lothair,Appeals Court Judge, Dillard,,Write-in,0,0,0,0,0
Treutlen,Oglethorpe,Appeals Court Judge, Dillard,,Write-in,0,0,0,0,0
Treutlen,Orland,Appeals Court Judge, Dillard,,Write-in,0,0,0,0,0
Treutlen,Soperton,Appeals Court Judge, Dillard,,Write-in,2,1,1,0,0
Treutlen,,Appeals Court Judge, Ellington,I,JOHN J. ELLINGTON,1398,62,804,528,4
Treutlen,Blackville,Appeals Court Judge, Ellington,I,JOHN J. ELLINGTON,79,4,65,10,0
Treutlen,Gillis Springs,Appeals Court Judge, Ellington,I,JOHN J. ELLINGTON,64,1,49,14,0
Treutlen,Lothair,Appeals Court Judge, Ellington,I,JOHN J. ELLINGTON,134,3,109,22,0
Treutlen,Oglethorpe,Appeals Court Judge, Ellington,I,JOHN J. ELLINGTON,60,2,44,14,0
Treutlen,Orland,Appeals Court Judge, Ellington,I,JOHN J. ELLINGTON,100,5,79,14,2
Treutlen,Soperton,Appeals Court Judge, Ellington,I,JOHN J. ELLINGTON,961,47,458,454,2
Treutlen,,Appeals Court Judge, Ellington,,Write-in,4,0,2,2,0
Treutlen,Blackville,Appeals Court Judge, Ellington,,Write-in,0,0,0,0,0
Treutlen,Gillis Springs,Appeals Court Judge, Ellington,,Write-in,0,0,0,0,0
Treutlen,Lothair,Appeals Court Judge, Ellington,,Write-in,0,0,0,0,0
Treutlen,Oglethorpe,Appeals Court Judge, Ellington,,Write-in,0,0,0,0,0
Treutlen,Orland,Appeals Court Judge, Ellington,,Write-in,1,0,1,0,0
Treutlen,Soperton,Appeals Court Judge, Ellington,,Write-in,3,0,1,2,0
Treutlen,,Appeals Court Judge, Miller,,M. YVETTE MILLER ,1175,49,696,427,3
Treutlen,Blackville,Appeals Court Judge, Miller,,M. YVETTE MILLER ,78,4,62,12,0
Treutlen,Gillis Springs,Appeals Court Judge, Miller,,M. YVETTE MILLER ,60,1,45,14,0
Treutlen,Lothair,Appeals Court Judge, Miller,,M. YVETTE MILLER ,116,2,93,21,0
Treutlen,Oglethorpe,Appeals Court Judge, Miller,,M. YVETTE MILLER ,50,2,37,11,0
Treutlen,Orland,Appeals Court Judge, Miller,,M. YVETTE MILLER ,89,3,73,11,2
Treutlen,Soperton,Appeals Court Judge, Miller,,M. YVETTE MILLER ,782,37,386,358,1
Treutlen,,Appeals Court Judge, Miller,,Write-in,2,1,1,0,0
Treutlen,Blackville,Appeals Court Judge, Miller,,Write-in,0,0,0,0,0
Treutlen,Gillis Springs,Appeals Court Judge, Miller,,Write-in,0,0,0,0,0
Treutlen,Lothair,Appeals Court Judge, Miller,,Write-in,0,0,0,0,0
Treutlen,Oglethorpe,Appeals Court Judge, Miller,,Write-in,0,0,0,0,0
Treutlen,Orland,Appeals Court Judge, Miller,,Write-in,0,0,0,0,0
Treutlen,Soperton,Appeals Court Judge, Miller,,Write-in,2,1,1,0,0
Treutlen,,Appeals Court Judge, Phipps,,HERBERT PHIPPS ,1141,51,665,422,3
Treutlen,Blackville,Appeals Court Judge, Phipps,,HERBERT PHIPPS ,76,4,60,12,0
Treutlen,Gillis Springs,Appeals Court Judge, Phipps,,HERBERT PHIPPS ,60,1,46,13,0
Treutlen,Lothair,Appeals Court Judge, Phipps,,HERBERT PHIPPS ,117,2,93,22,0
Treutlen,Oglethorpe,Appeals Court Judge, Phipps,,HERBERT PHIPPS ,47,2,34,11,0
Treutlen,Orland,Appeals Court Judge, Phipps,,HERBERT PHIPPS ,88,3,72,11,2
Treutlen,Soperton,Appeals Court Judge, Phipps,,HERBERT PHIPPS ,753,39,360,353,1
Treutlen,,Appeals Court Judge, Phipps,,Write-in,1,0,1,0,0
Treutlen,Blackville,Appeals Court Judge, Phipps,,Write-in,0,0,0,0,0
Treutlen,Gillis Springs,Appeals Court Judge, Phipps,,Write-in,0,0,0,0,0
Treutlen,Lothair,Appeals Court Judge, Phipps,,Write-in,0,0,0,0,0
Treutlen,Oglethorpe,Appeals Court Judge, Phipps,,Write-in,0,0,0,0,0
Treutlen,Orland,Appeals Court Judge, Phipps,,Write-in,0,0,0,0,0
Treutlen,Soperton,Appeals Court Judge, Phipps,,Write-in,1,0,1,0,0
Treutlen,,Superior Court Judge, Dublin Circuit (Flanders),I,H. GIBBS FLANDERS,1304,64,767,470,3
Treutlen,Blackville,Superior Court Judge, Dublin Circuit (Flanders),I,H. GIBBS FLANDERS,87,4,69,14,0
Treutlen,Gillis Springs,Superior Court Judge, Dublin Circuit (Flanders),I,H. GIBBS FLANDERS,64,2,48,14,0
Treutlen,Lothair,Superior Court Judge, Dublin Circuit (Flanders),I,H. GIBBS FLANDERS,139,3,110,26,0
Treutlen,Oglethorpe,Superior Court Judge, Dublin Circuit (Flanders),I,H. GIBBS FLANDERS,54,2,38,14,0
Treutlen,Orland,Superior Court Judge, Dublin Circuit (Flanders),I,H. GIBBS FLANDERS,107,6,84,15,2
Treutlen,Soperton,Superior Court Judge, Dublin Circuit (Flanders),I,H. GIBBS FLANDERS,853,47,418,387,1
Treutlen,,Superior Court Judge, Dublin Circuit (Flanders),,Write-in,1,0,1,0,0
Treutlen,Blackville,Superior Court Judge, Dublin Circuit (Flanders),,Write-in,0,0,0,0,0
Treutlen,Gillis Springs,Superior Court Judge, Dublin Circuit (Flanders),,Write-in,0,0,0,0,0
Treutlen,Lothair,Superior Court Judge, Dublin Circuit (Flanders),,Write-in,0,0,0,0,0
Treutlen,Oglethorpe,Superior Court Judge, Dublin Circuit (Flanders),,Write-in,0,0,0,0,0
Treutlen,Orland,Superior Court Judge, Dublin Circuit (Flanders),,Write-in,0,0,0,0,0
Treutlen,Soperton,Superior Court Judge, Dublin Circuit (Flanders),,Write-in,1,0,1,0,0
Treutlen,,Superior Court Judge, Dublin Circuit (Gillis),,DONNY GILLIS ,1341,64,793,480,4
Treutlen,Blackville,Superior Court Judge, Dublin Circuit (Gillis),,DONNY GILLIS ,86,4,70,12,0
Treutlen,Gillis Springs,Superior Court Judge, Dublin Circuit (Gillis),,DONNY GILLIS ,62,1,48,13,0
Treutlen,Lothair,Superior Court Judge, Dublin Circuit (Gillis),,DONNY GILLIS ,145,4,117,24,0
Treutlen,Oglethorpe,Superior Court Judge, Dublin Circuit (Gillis),,DONNY GILLIS ,55,2,41,12,0
Treutlen,Orland,Superior Court Judge, Dublin Circuit (Gillis),,DONNY GILLIS ,99,5,79,13,2
Treutlen,Soperton,Superior Court Judge, Dublin Circuit (Gillis),,DONNY GILLIS ,894,48,438,406,2
Treutlen,,Superior Court Judge, Dublin Circuit (Gillis),,Write-in,4,2,1,1,0
Treutlen,Blackville,Superior Court Judge, Dublin Circuit (Gillis),,Write-in,0,0,0,0,0
Treutlen,Gillis Springs,Superior Court Judge, Dublin Circuit (Gillis),,Write-in,0,0,0,0,0
Treutlen,Lothair,Superior Court Judge, Dublin Circuit (Gillis),,Write-in,0,0,0,0,0
Treutlen,Oglethorpe,Superior Court Judge, Dublin Circuit (Gillis),,Write-in,0,0,0,0,0
Treutlen,Orland,Superior Court Judge, Dublin Circuit (Gillis),,Write-in,0,0,0,0,0
Treutlen,Soperton,Superior Court Judge, Dublin Circuit (Gillis),,Write-in,4,2,1,1,0
Treutlen,,Superior Court Judge, Dublin Circuit (Helton),,JON F. HELTON ,914,45,608,258,3
Treutlen,Blackville,Superior Court Judge, Dublin Circuit (Helton),,JON F. HELTON ,93,3,73,16,1
Treutlen,Gillis Springs,Superior Court Judge, Dublin Circuit (Helton),,JON F. HELTON ,56,4,36,16,0
Treutlen,Lothair,Superior Court Judge, Dublin Circuit (Helton),,JON F. HELTON ,128,1,115,12,0
Treutlen,Oglethorpe,Superior Court Judge, Dublin Circuit (Helton),,JON F. HELTON ,48,2,41,5,0
Treutlen,Orland,Superior Court Judge, Dublin Circuit (Helton),,JON F. HELTON ,85,7,69,9,0
Treutlen,Soperton,Superior Court Judge, Dublin Circuit (Helton),,JON F. HELTON ,504,28,274,200,2
Treutlen,,Superior Court Judge, Dublin Circuit (Helton),,HAROLD D. MCLENDON,945,53,473,416,3
Treutlen,Blackville,Superior Court Judge, Dublin Circuit (Helton),,HAROLD D. MCLENDON,29,3,21,5,0
Treutlen,Gillis Springs,Superior Court Judge, Dublin Circuit (Helton),,HAROLD D. MCLENDON,21,1,16,4,0
Treutlen,Lothair,Superior Court Judge, Dublin Circuit (Helton),,HAROLD D. MCLENDON,74,4,48,22,0
Treutlen,Oglethorpe,Superior Court Judge, Dublin Circuit (Helton),,HAROLD D. MCLENDON,31,0,21,10,0
Treutlen,Orland,Superior Court Judge, Dublin Circuit (Helton),,HAROLD D. MCLENDON,45,2,28,13,2
Treutlen,Soperton,Superior Court Judge, Dublin Circuit (Helton),,HAROLD D. MCLENDON,745,43,339,362,1
Treutlen,,Superior Court Judge, Dublin Circuit (Helton),,Write-in,2,0,1,1,0
Treutlen,Blackville,Superior Court Judge, Dublin Circuit (Helton),,Write-in,0,0,0,0,0
Treutlen,Gillis Springs,Superior Court Judge, Dublin Circuit (Helton),,Write-in,0,0,0,0,0
Treutlen,Lothair,Superior Court Judge, Dublin Circuit (Helton),,Write-in,0,0,0,0,0
Treutlen,Oglethorpe,Superior Court Judge, Dublin Circuit (Helton),,Write-in,0,0,0,0,0
Treutlen,Orland,Superior Court Judge, Dublin Circuit (Helton),,Write-in,0,0,0,0,0
Treutlen,Soperton,Superior Court Judge, Dublin Circuit (Helton),,Write-in,2,0,1,1,0
Treutlen,,State Court Judge,,,"""JIMMY"" GARNER ",1325,64,787,471,3
Treutlen,Blackville,State Court Judge,,,"""JIMMY"" GARNER ",87,5,71,11,0
Treutlen,Gillis Springs,State Court Judge,,,"""JIMMY"" GARNER ",68,2,52,14,0
Treutlen,Lothair,State Court Judge,,,"""JIMMY"" GARNER ",137,4,111,22,0
Treutlen,Oglethorpe,State Court Judge,,,"""JIMMY"" GARNER ",58,2,44,12,0
Treutlen,Orland,State Court Judge,,,"""JIMMY"" GARNER ",97,2,79,14,2
Treutlen,Soperton,State Court Judge,,,"""JIMMY"" GARNER ",878,49,430,398,1
Treutlen,,State Court Judge,,,Write-in,5,2,1,2,0
Treutlen,Blackville,State Court Judge,,,Write-in,0,0,0,0,0
Treutlen,Gillis Springs,State Court Judge,,,Write-in,0,0,0,0,0
Treutlen,Lothair,State Court Judge,,,Write-in,0,0,0,0,0
Treutlen,Oglethorpe,State Court Judge,,,Write-in,0,0,0,0,0
Treutlen,Orland,State Court Judge,,,Write-in,0,0,0,0,0
Treutlen,Soperton,State Court Judge,,,Write-in,5,2,1,2,0
Treutlen,,Solicitor-General,,I,J. KEITH POLLETTE,1375,66,820,486,3
Treutlen,Blackville,Solicitor-General,,I,J. KEITH POLLETTE,91,4,73,14,0
Treutlen,Gillis Springs,Solicitor-General,,I,J. KEITH POLLETTE,67,2,51,14,0
Treutlen,Lothair,Solicitor-General,,I,J. KEITH POLLETTE,153,4,123,26,0
Treutlen,Oglethorpe,Solicitor-General,,I,J. KEITH POLLETTE,59,2,46,11,0
Treutlen,Orland,Solicitor-General,,I,J. KEITH POLLETTE,99,4,79,14,2
Treutlen,Soperton,Solicitor-General,,I,J. KEITH POLLETTE,906,50,448,407,1
Treutlen,,Solicitor-General,,,Write-in,1,0,1,0,0
Treutlen,Blackville,Solicitor-General,,,Write-in,0,0,0,0,0
Treutlen,Gillis Springs,Solicitor-General,,,Write-in,0,0,0,0,0
Treutlen,Lothair,Solicitor-General,,,Write-in,0,0,0,0,0
Treutlen,Oglethorpe,Solicitor-General,,,Write-in,0,0,0,0,0
Treutlen,Orland,Solicitor-General,,,Write-in,0,0,0,0,0
Treutlen,Soperton,Solicitor-General,,,Write-in,1,0,1,0,0
Treutlen,,TSPLOST,,,YES,1223,65,687,468,3
Treutlen,Blackville,TSPLOST,,,YES,70,4,57,9,0
Treutlen,Gillis Springs,TSPLOST,,,YES,49,1,34,14,0
Treutlen,Lothair,TSPLOST,,,YES,136,6,102,28,0
Treutlen,Oglethorpe,TSPLOST,,,YES,53,1,42,10,0
Treutlen,Orland,TSPLOST,,,YES,75,7,58,9,1
Treutlen,Soperton,TSPLOST,,,YES,840,46,394,398,2
Treutlen,,TSPLOST,,,NO,597,36,383,175,3
Treutlen,Blackville,TSPLOST,,,NO,52,2,38,11,1
Treutlen,Gillis Springs,TSPLOST,,,NO,40,5,25,10,0
Treutlen,Lothair,TSPLOST,,,NO,73,0,66,7,0
Treutlen,Oglethorpe,TSPLOST,,,NO,34,1,28,5,0
Treutlen,Orland,TSPLOST,,,NO,54,3,41,10,0
Treutlen,Soperton,TSPLOST,,,NO,344,25,185,132,2
