county,precinct,office,district,party,candidate,votes,absentee_by_mail,election_day,advance_in_person,provisional
Hancock,,"Public Service Commission, District 3",3,REP,CHUCK EATON (I),44,0,33,11,0
Hancock,Sparta,"Public Service Commission, District 3",3,REP,CHUCK EATON (I),3,0,2,1,0
Hancock,Devereux 1A,"Public Service Commission, District 3",3,REP,CHUCK EATON (I),3,0,1,2,0
Hancock,Devereux 1B,"Public Service Commission, District 3",3,REP,CHUCK EATON (I),8,0,7,1,0
Hancock,Linton A,"Public Service Commission, District 3",3,REP,CHUCK EATON (I),16,0,11,5,0
Hancock,Linton B,"Public Service Commission, District 3",3,REP,CHUCK EATON (I),12,0,11,1,0
Hancock,Mayfield 3A,"Public Service Commission, District 3",3,REP,CHUCK EATON (I),2,0,1,1,0
Hancock,Mayfield 3B,"Public Service Commission, District 3",3,REP,CHUCK EATON (I),0,0,0,0,0
Hancock,,"Public Service Commission, District 3",3,REP,MATT REID,44,0,36,8,0
Hancock,Sparta,"Public Service Commission, District 3",3,REP,MATT REID,1,0,1,0,0
Hancock,Devereux 1A,"Public Service Commission, District 3",3,REP,MATT REID,2,0,2,0,0
Hancock,Devereux 1B,"Public Service Commission, District 3",3,REP,MATT REID,20,0,15,5,0
Hancock,Linton A,"Public Service Commission, District 3",3,REP,MATT REID,12,0,9,3,0
Hancock,Linton B,"Public Service Commission, District 3",3,REP,MATT REID,5,0,5,0,0
Hancock,Mayfield 3A,"Public Service Commission, District 3",3,REP,MATT REID,2,0,2,0,0
Hancock,Mayfield 3B,"Public Service Commission, District 3",3,REP,MATT REID,2,0,2,0,0
Hancock,,"Public Service Commission, District 3",3,DEM,STEPHEN OPPENHEIMER,1301,225,811,255,10
Hancock,Sparta,"Public Service Commission, District 3",3,DEM,STEPHEN OPPENHEIMER,311,57,181,70,3
Hancock,Devereux 1A,"Public Service Commission, District 3",3,DEM,STEPHEN OPPENHEIMER,194,54,109,26,5
Hancock,Devereux 1B,"Public Service Commission, District 3",3,DEM,STEPHEN OPPENHEIMER,255,42,170,43,0
Hancock,Linton A,"Public Service Commission, District 3",3,DEM,STEPHEN OPPENHEIMER,214,28,123,62,1
Hancock,Linton B,"Public Service Commission, District 3",3,DEM,STEPHEN OPPENHEIMER,91,5,75,10,1
Hancock,Mayfield 3A,"Public Service Commission, District 3",3,DEM,STEPHEN OPPENHEIMER,105,23,65,17,0
Hancock,Mayfield 3B,"Public Service Commission, District 3",3,DEM,STEPHEN OPPENHEIMER,131,16,88,27,0
Hancock,,"Public Service Commission, District 5",5,REP,PAM DAVIDSON,48,0,37,11,0
Hancock,Sparta,"Public Service Commission, District 5",5,REP,PAM DAVIDSON,2,0,2,0,0
Hancock,Devereux 1A,"Public Service Commission, District 5",5,REP,PAM DAVIDSON,3,0,2,1,0
Hancock,Devereux 1B,"Public Service Commission, District 5",5,REP,PAM DAVIDSON,19,0,14,5,0
Hancock,Linton A,"Public Service Commission, District 5",5,REP,PAM DAVIDSON,12,0,7,5,0
Hancock,Linton B,"Public Service Commission, District 5",5,REP,PAM DAVIDSON,8,0,8,0,0
Hancock,Mayfield 3A,"Public Service Commission, District 5",5,REP,PAM DAVIDSON,3,0,3,0,0
Hancock,Mayfield 3B,"Public Service Commission, District 5",5,REP,PAM DAVIDSON,1,0,1,0,0
Hancock,,"Public Service Commission, District 5",5,REP,STAN WISE (I),36,0,30,6,0
Hancock,Sparta,"Public Service Commission, District 5",5,REP,STAN WISE (I),2,0,2,0,0
Hancock,Devereux 1A,"Public Service Commission, District 5",5,REP,STAN WISE (I),2,0,1,1,0
Hancock,Devereux 1B,"Public Service Commission, District 5",5,REP,STAN WISE (I),9,0,8,1,0
Hancock,Linton A,"Public Service Commission, District 5",5,REP,STAN WISE (I),14,0,11,3,0
Hancock,Linton B,"Public Service Commission, District 5",5,REP,STAN WISE (I),9,0,8,1,0
Hancock,Mayfield 3A,"Public Service Commission, District 5",5,REP,STAN WISE (I),0,0,0,0,0
Hancock,Mayfield 3B,"Public Service Commission, District 5",5,REP,STAN WISE (I),0,0,0,0,0
Hancock,,"U.S. Representative, District 10",10,REP,PAUL C. BROUN (I),63,0,52,11,0
Hancock,Sparta,"U.S. Representative, District 10",10,REP,PAUL C. BROUN (I),4,0,3,1,0
Hancock,Devereux 1A,"U.S. Representative, District 10",10,REP,PAUL C. BROUN (I),3,0,1,2,0
Hancock,Devereux 1B,"U.S. Representative, District 10",10,REP,PAUL C. BROUN (I),15,0,14,1,0
Hancock,Linton A,"U.S. Representative, District 10",10,REP,PAUL C. BROUN (I),22,0,16,6,0
Hancock,Linton B,"U.S. Representative, District 10",10,REP,PAUL C. BROUN (I),18,0,17,1,0
Hancock,Mayfield 3A,"U.S. Representative, District 10",10,REP,PAUL C. BROUN (I),1,0,1,0,0
Hancock,Mayfield 3B,"U.S. Representative, District 10",10,REP,PAUL C. BROUN (I),0,0,0,0,0
Hancock,,"U.S. Representative, District 10",10,REP,STEPHEN K. SIMPSON,30,0,22,8,0
Hancock,Sparta,"U.S. Representative, District 10",10,REP,STEPHEN K. SIMPSON,1,0,1,0,0
Hancock,Devereux 1A,"U.S. Representative, District 10",10,REP,STEPHEN K. SIMPSON,2,0,2,0,0
Hancock,Devereux 1B,"U.S. Representative, District 10",10,REP,STEPHEN K. SIMPSON,14,0,9,5,0
Hancock,Linton A,"U.S. Representative, District 10",10,REP,STEPHEN K. SIMPSON,7,0,5,2,0
Hancock,Linton B,"U.S. Representative, District 10",10,REP,STEPHEN K. SIMPSON,1,0,1,0,0
Hancock,Mayfield 3A,"U.S. Representative, District 10",10,REP,STEPHEN K. SIMPSON,3,0,2,1,0
Hancock,Mayfield 3B,"U.S. Representative, District 10",10,REP,STEPHEN K. SIMPSON,2,0,2,0,0
Hancock,,"State Senator, District 26",26,REP,BOBBY GALE,76,0,59,17,0
Hancock,Sparta,"State Senator, District 26",26,REP,BOBBY GALE,3,0,3,0,0
Hancock,Devereux 1A,"State Senator, District 26",26,REP,BOBBY GALE,4,0,2,2,0
Hancock,Devereux 1B,"State Senator, District 26",26,REP,BOBBY GALE,23,0,17,6,0
Hancock,Linton A,"State Senator, District 26",26,REP,BOBBY GALE,26,0,18,8,0
Hancock,Linton B,"State Senator, District 26",26,REP,BOBBY GALE,16,0,15,1,0
Hancock,Mayfield 3A,"State Senator, District 26",26,REP,BOBBY GALE,3,0,3,0,0
Hancock,Mayfield 3B,"State Senator, District 26",26,REP,BOBBY GALE,1,0,1,0,0
Hancock,,"State Senator, District 26",26,DEM,DAVID E. LUCAS SR.,981,185,602,186,8
Hancock,Sparta,"State Senator, District 26",26,DEM,DAVID E. LUCAS SR.,261,60,144,53,4
Hancock,Devereux 1A,"State Senator, District 26",26,DEM,DAVID E. LUCAS SR.,132,31,80,18,3
Hancock,Devereux 1B,"State Senator, District 26",26,DEM,DAVID E. LUCAS SR.,214,41,137,36,0
Hancock,Linton A,"State Senator, District 26",26,DEM,DAVID E. LUCAS SR.,143,19,82,42,0
Hancock,Linton B,"State Senator, District 26",26,DEM,DAVID E. LUCAS SR.,68,13,47,7,1
Hancock,Mayfield 3A,"State Senator, District 26",26,DEM,DAVID E. LUCAS SR.,66,10,44,12,0
Hancock,Mayfield 3B,"State Senator, District 26",26,DEM,DAVID E. LUCAS SR.,97,11,68,18,0
Hancock,,"State Senator, District 26",26,DEM,IRVIN MARTINEZ,171,18,102,50,1
Hancock,Sparta,"State Senator, District 26",26,DEM,IRVIN MARTINEZ,34,3,15,16,0
Hancock,Devereux 1A,"State Senator, District 26",26,DEM,IRVIN MARTINEZ,18,5,8,4,1
Hancock,Devereux 1B,"State Senator, District 26",26,DEM,IRVIN MARTINEZ,31,2,24,5,0
Hancock,Linton A,"State Senator, District 26",26,DEM,IRVIN MARTINEZ,48,6,25,17,0
Hancock,Linton B,"State Senator, District 26",26,DEM,IRVIN MARTINEZ,11,0,10,1,0
Hancock,Mayfield 3A,"State Senator, District 26",26,DEM,IRVIN MARTINEZ,13,0,8,5,0
Hancock,Mayfield 3B,"State Senator, District 26",26,DEM,IRVIN MARTINEZ,16,2,12,2,0
Hancock,,"State Senator, District 26",26,DEM,MIRIAM PARIS (I),1057,260,613,180,4
Hancock,Sparta,"State Senator, District 26",26,DEM,MIRIAM PARIS (I),296,85,163,48,0
Hancock,Devereux 1A,"State Senator, District 26",26,DEM,MIRIAM PARIS (I),152,49,77,25,1
Hancock,Devereux 1B,"State Senator, District 26",26,DEM,MIRIAM PARIS (I),171,36,112,23,0
Hancock,Linton A,"State Senator, District 26",26,DEM,MIRIAM PARIS (I),205,46,106,52,1
Hancock,Linton B,"State Senator, District 26",26,DEM,MIRIAM PARIS (I),57,1,50,4,2
Hancock,Mayfield 3A,"State Senator, District 26",26,DEM,MIRIAM PARIS (I),93,26,56,11,0
Hancock,Mayfield 3B,"State Senator, District 26",26,DEM,MIRIAM PARIS (I),83,17,49,17,0
Hancock,,"State Representative, District 128",128,DEM,MACK JACKSON (I),1466,254,887,314,11
Hancock,Sparta,"State Representative, District 128",128,DEM,MACK JACKSON (I),364,63,208,89,4
Hancock,Devereux 1A,"State Representative, District 128",128,DEM,MACK JACKSON (I),205,54,116,30,5
Hancock,Devereux 1B,"State Representative, District 128",128,DEM,MACK JACKSON (I),291,55,184,52,0
Hancock,Linton A,"State Representative, District 128",128,DEM,MACK JACKSON (I),238,30,129,78,1
Hancock,Linton B,"State Representative, District 128",128,DEM,MACK JACKSON (I),104,10,82,11,1
Hancock,Mayfield 3A,"State Representative, District 128",128,DEM,MACK JACKSON (I),119,23,74,22,0
Hancock,Mayfield 3B,"State Representative, District 128",128,DEM,MACK JACKSON (I),145,19,94,32,0
Hancock,,"District Attorney, Ocmulgee Circuit", Ocmulgee Circuit - DEM,DEM,FRED BRIGHT (I),1621,258,1029,324,10
Hancock,Sparta,"District Attorney, Ocmulgee Circuit", Ocmulgee Circuit - DEM,DEM,FRED BRIGHT (I),412,70,254,85,3
Hancock,Devereux 1A,"District Attorney, Ocmulgee Circuit", Ocmulgee Circuit - DEM,DEM,FRED BRIGHT (I),233,54,138,36,5
Hancock,Devereux 1B,"District Attorney, Ocmulgee Circuit", Ocmulgee Circuit - DEM,DEM,FRED BRIGHT (I),313,52,207,54,0
Hancock,Linton A,"District Attorney, Ocmulgee Circuit", Ocmulgee Circuit - DEM,DEM,FRED BRIGHT (I),275,34,157,83,1
Hancock,Linton B,"District Attorney, Ocmulgee Circuit", Ocmulgee Circuit - DEM,DEM,FRED BRIGHT (I),107,8,86,12,1
Hancock,Mayfield 3A,"District Attorney, Ocmulgee Circuit", Ocmulgee Circuit - DEM,DEM,FRED BRIGHT (I),132,23,87,22,0
Hancock,Mayfield 3B,"District Attorney, Ocmulgee Circuit", Ocmulgee Circuit - DEM,DEM,FRED BRIGHT (I),149,17,100,32,0
Hancock,,Superior Court Clerk,,,BORDERICK D. FOSTER,439,78,282,78,1
Hancock,Sparta,Superior Court Clerk,,,BORDERICK D. FOSTER,116,24,70,22,0
Hancock,Devereux 1A,Superior Court Clerk,,,BORDERICK D. FOSTER,52,8,36,8,0
Hancock,Devereux 1B,Superior Court Clerk,,,BORDERICK D. FOSTER,100,21,66,13,0
Hancock,Linton A,Superior Court Clerk,,,BORDERICK D. FOSTER,80,13,43,24,0
Hancock,Linton B,Superior Court Clerk,,,BORDERICK D. FOSTER,41,4,33,3,1
Hancock,Mayfield 3A,Superior Court Clerk,,,BORDERICK D. FOSTER,21,4,13,4,0
Hancock,Mayfield 3B,Superior Court Clerk,,,BORDERICK D. FOSTER,29,4,21,4,0
Hancock,,Superior Court Clerk,,,FRANCES HUNT,980,182,617,172,9
Hancock,Sparta,Superior Court Clerk,,,FRANCES HUNT,262,54,152,53,3
Hancock,Devereux 1A,Superior Court Clerk,,,FRANCES HUNT,133,35,78,17,3
Hancock,Devereux 1B,Superior Court Clerk,,,FRANCES HUNT,189,38,117,34,0
Hancock,Linton A,Superior Court Clerk,,,FRANCES HUNT,166,28,103,34,1
Hancock,Linton B,Superior Court Clerk,,,FRANCES HUNT,64,9,46,7,2
Hancock,Mayfield 3A,Superior Court Clerk,,,FRANCES HUNT,73,9,53,11,0
Hancock,Mayfield 3B,Superior Court Clerk,,,FRANCES HUNT,93,9,68,16,0
Hancock,,Superior Court Clerk,,,LESHAUNA R. JACKSON,1093,259,590,239,5
Hancock,Sparta,Superior Court Clerk,,,LESHAUNA R. JACKSON,298,84,148,63,3
Hancock,Devereux 1A,Superior Court Clerk,,,LESHAUNA R. JACKSON,167,51,84,30,2
Hancock,Devereux 1B,Superior Court Clerk,,,LESHAUNA R. JACKSON,153,21,103,29,0
Hancock,Linton A,Superior Court Clerk,,,LESHAUNA R. JACKSON,219,45,96,78,0
Hancock,Linton B,Superior Court Clerk,,,LESHAUNA R. JACKSON,35,1,31,3,0
Hancock,Mayfield 3A,Superior Court Clerk,,,LESHAUNA R. JACKSON,118,35,65,18,0
Hancock,Mayfield 3B,Superior Court Clerk,,,LESHAUNA R. JACKSON,103,22,63,18,0
Hancock,,Sheriff,,,TOMLYN PRIMUS ,1827,331,1130,354,12
Hancock,Sparta,Sheriff,,,TOMLYN PRIMUS ,474,93,285,92,4
Hancock,Devereux 1A,Sheriff,,,TOMLYN PRIMUS ,276,71,158,43,4
Hancock,Devereux 1B,Sheriff,,,TOMLYN PRIMUS ,326,57,210,59,0
Hancock,Linton A,Sheriff,,,TOMLYN PRIMUS ,305,47,169,88,1
Hancock,Linton B,Sheriff,,,TOMLYN PRIMUS ,122,11,96,12,3
Hancock,Mayfield 3A,Sheriff,,,TOMLYN PRIMUS ,154,32,96,26,0
Hancock,Mayfield 3B,Sheriff,,,TOMLYN PRIMUS ,170,20,116,34,0
Hancock,,Tax Commissioner,,,HERBERT BRUNSON ,1754,314,1096,332,12
Hancock,Sparta,Tax Commissioner,,,HERBERT BRUNSON ,464,88,285,87,4
Hancock,Devereux 1A,Tax Commissioner,,,HERBERT BRUNSON ,258,62,152,39,5
Hancock,Devereux 1B,Tax Commissioner,,,HERBERT BRUNSON ,323,57,203,63,0
Hancock,Linton A,Tax Commissioner,,,HERBERT BRUNSON ,295,47,167,80,1
Hancock,Linton B,Tax Commissioner,,,HERBERT BRUNSON ,113,11,88,12,2
Hancock,Mayfield 3A,Tax Commissioner,,,HERBERT BRUNSON ,142,30,92,20,0
Hancock,Mayfield 3B,Tax Commissioner,,,HERBERT BRUNSON ,159,19,109,31,0
Hancock,,Coroner,,,ALEXANDER INGRAM ,1716,288,1077,339,12
Hancock,Sparta,Coroner,,,ALEXANDER INGRAM ,458,88,274,92,4
Hancock,Devereux 1A,Coroner,,,ALEXANDER INGRAM ,259,59,157,38,5
Hancock,Devereux 1B,Coroner,,,ALEXANDER INGRAM ,304,46,198,60,0
Hancock,Linton A,Coroner,,,ALEXANDER INGRAM ,284,44,156,83,1
Hancock,Linton B,Coroner,,,ALEXANDER INGRAM ,111,4,93,12,2
Hancock,Mayfield 3A,Coroner,,,ALEXANDER INGRAM ,143,29,90,24,0
Hancock,Mayfield 3B,Coroner,,,ALEXANDER INGRAM ,157,18,109,30,0
Hancock,,County Comm Chair,,,SAMUEL DUGGAN ,509,132,266,109,2
Hancock,Sparta,County Comm Chair,,,SAMUEL DUGGAN ,135,37,73,24,1
Hancock,Devereux 1A,County Comm Chair,,,SAMUEL DUGGAN ,70,27,29,13,1
Hancock,Devereux 1B,County Comm Chair,,,SAMUEL DUGGAN ,101,33,53,15,0
Hancock,Linton A,County Comm Chair,,,SAMUEL DUGGAN ,91,22,38,31,0
Hancock,Linton B,County Comm Chair,,,SAMUEL DUGGAN ,31,8,17,6,0
Hancock,Mayfield 3A,County Comm Chair,,,SAMUEL DUGGAN ,35,4,20,11,0
Hancock,Mayfield 3B,County Comm Chair,,,SAMUEL DUGGAN ,46,1,36,9,0
Hancock,,County Comm Chair,,,HELEN G. HUDSON,1501,269,969,255,8
Hancock,Sparta,County Comm Chair,,,HELEN G. HUDSON,407,86,243,75,3
Hancock,Devereux 1A,County Comm Chair,,,HELEN G. HUDSON,198,38,130,28,2
Hancock,Devereux 1B,County Comm Chair,,,HELEN G. HUDSON,279,41,195,43,0
Hancock,Linton A,County Comm Chair,,,HELEN G. HUDSON,300,45,174,80,1
Hancock,Linton B,County Comm Chair,,,HELEN G. HUDSON,93,5,79,7,2
Hancock,Mayfield 3A,County Comm Chair,,,HELEN G. HUDSON,124,32,80,12,0
Hancock,Mayfield 3B,County Comm Chair,,,HELEN G. HUDSON,100,22,68,10,0
Hancock,,County Comm Chair,,,"TERRELL ""TED"" REID",553,126,295,128,4
Hancock,Sparta,County Comm Chair,,,"TERRELL ""TED"" REID",147,38,66,41,2
Hancock,Devereux 1A,County Comm Chair,,,"TERRELL ""TED"" REID",85,30,37,16,2
Hancock,Devereux 1B,County Comm Chair,,,"TERRELL ""TED"" REID",70,9,45,16,0
Hancock,Linton A,County Comm Chair,,,"TERRELL ""TED"" REID",93,20,47,26,0
Hancock,Linton B,County Comm Chair,,,"TERRELL ""TED"" REID",22,2,20,0,0
Hancock,Mayfield 3A,County Comm Chair,,,"TERRELL ""TED"" REID",52,12,31,9,0
Hancock,Mayfield 3B,County Comm Chair,,,"TERRELL ""TED"" REID",84,15,49,20,0
Hancock,,County Comm 1,,,GLORIA BUTTS COOPER,462,93,294,73,2
Hancock,Devereux 1A,County Comm 1,,,GLORIA BUTTS COOPER,205,53,118,32,2
Hancock,Devereux 1B,County Comm 1,,,GLORIA BUTTS COOPER,257,40,176,41,0
Hancock,,County Comm 1,,,BOBBY WARREN ,335,82,191,59,3
Hancock,Devereux 1A,County Comm 1,,,BOBBY WARREN ,138,39,72,24,3
Hancock,Devereux 1B,County Comm 1,,,BOBBY WARREN ,197,43,119,35,0
Hancock,,County Comm 2,,,STEVE HILL ,446,50,288,105,3
Hancock,Linton A,County Comm 2,,,STEVE HILL ,329,41,194,93,1
Hancock,Linton B,County Comm 2,,,STEVE HILL ,117,9,94,12,2
Hancock,,County Comm 3,,,JESSE BOLDEN,267,51,175,41,0
Hancock,Mayfield 3A,County Comm 3,,,JESSE BOLDEN,135,40,72,23,0
Hancock,Mayfield 3B,County Comm 3,,,JESSE BOLDEN,132,11,103,18,0
Hancock,,County Comm 3,,,DELLA SMITH,162,29,102,31,0
Hancock,Mayfield 3A,County Comm 3,,,DELLA SMITH,69,5,54,10,0
Hancock,Mayfield 3B,County Comm 3,,,DELLA SMITH,93,24,48,21,0
Hancock,,County Comm 4,,,RANDOLPH CLAYTON,318,75,175,66,2
Hancock,Sparta,County Comm 4,,,RANDOLPH CLAYTON,318,75,175,66,2
Hancock,,County Comm 4,,,TERESA HARRELL KELL,352,84,197,67,4
Hancock,Sparta,County Comm 4,,,TERESA HARRELL KELL,352,84,197,67,4
Hancock,,Executive Comm,,,DONNIE ANDREWS,1312,239,807,260,6
Hancock,Sparta,Executive Comm,,,DONNIE ANDREWS,362,77,209,74,2
Hancock,Devereux 1A,Executive Comm,,,DONNIE ANDREWS,184,45,109,27,3
Hancock,Devereux 1B,Executive Comm,,,DONNIE ANDREWS,234,38,149,47,0
Hancock,Linton A,Executive Comm,,,DONNIE ANDREWS,221,32,127,61,1
Hancock,Linton B,Executive Comm,,,DONNIE ANDREWS,78,4,65,9,0
Hancock,Mayfield 3A,Executive Comm,,,DONNIE ANDREWS,107,25,66,16,0
Hancock,Mayfield 3B,Executive Comm,,,DONNIE ANDREWS,126,18,82,26,0
Hancock,,Executive Comm,,,JOHN ASKEW,1167,240,677,244,6
Hancock,Sparta,Executive Comm,,,JOHN ASKEW,302,69,165,66,2
Hancock,Devereux 1A,Executive Comm,,,JOHN ASKEW,176,54,95,24,3
Hancock,Devereux 1B,Executive Comm,,,JOHN ASKEW,202,36,123,43,0
Hancock,Linton A,Executive Comm,,,JOHN ASKEW,192,32,101,58,1
Hancock,Linton B,Executive Comm,,,JOHN ASKEW,69,4,58,7,0
Hancock,Mayfield 3A,Executive Comm,,,JOHN ASKEW,97,27,53,17,0
Hancock,Mayfield 3B,Executive Comm,,,JOHN ASKEW,129,18,82,29,0
Hancock,,Executive Comm,,,HARRY L. INGRAM,1365,239,837,282,7
Hancock,Sparta,Executive Comm,,,HARRY L. INGRAM,367,72,206,87,2
Hancock,Devereux 1A,Executive Comm,,,HARRY L. INGRAM,202,47,121,31,3
Hancock,Devereux 1B,Executive Comm,,,HARRY L. INGRAM,238,41,154,43,0
Hancock,Linton A,Executive Comm,,,HARRY L. INGRAM,231,34,128,68,1
Hancock,Linton B,Executive Comm,,,HARRY L. INGRAM,88,4,74,9,1
Hancock,Mayfield 3A,Executive Comm,,,HARRY L. INGRAM,115,25,72,18,0
Hancock,Mayfield 3B,Executive Comm,,,HARRY L. INGRAM,124,16,82,26,0
Hancock,,Executive Comm,,,SABRINA M. LAMAR,1074,196,644,230,4
Hancock,Sparta,Executive Comm,,,SABRINA M. LAMAR,269,51,159,58,1
Hancock,Devereux 1A,Executive Comm,,,SABRINA M. LAMAR,159,38,92,27,2
Hancock,Devereux 1B,Executive Comm,,,SABRINA M. LAMAR,190,37,111,42,0
Hancock,Linton A,Executive Comm,,,SABRINA M. LAMAR,187,30,100,56,1
Hancock,Linton B,Executive Comm,,,SABRINA M. LAMAR,63,4,53,6,0
Hancock,Mayfield 3A,Executive Comm,,,SABRINA M. LAMAR,94,20,58,16,0
Hancock,Mayfield 3B,Executive Comm,,,SABRINA M. LAMAR,112,16,71,25,0
Hancock,,Executive Comm,,,RUTHIE LEWIS,1109,190,683,232,4
Hancock,Sparta,Executive Comm,,,RUTHIE LEWIS,281,53,166,61,1
Hancock,Devereux 1A,Executive Comm,,,RUTHIE LEWIS,155,36,92,25,2
Hancock,Devereux 1B,Executive Comm,,,RUTHIE LEWIS,203,35,127,41,0
Hancock,Linton A,Executive Comm,,,RUTHIE LEWIS,189,27,104,57,1
Hancock,Linton B,Executive Comm,,,RUTHIE LEWIS,69,4,58,7,0
Hancock,Mayfield 3A,Executive Comm,,,RUTHIE LEWIS,88,20,54,14,0
Hancock,Mayfield 3B,Executive Comm,,,RUTHIE LEWIS,124,15,82,27,0
Hancock,,Executive Comm,,,PATRICIA D. MORGAN,1081,204,646,225,6
Hancock,Sparta,Executive Comm,,,PATRICIA D. MORGAN,267,55,148,62,2
Hancock,Devereux 1A,Executive Comm,,,PATRICIA D. MORGAN,150,35,91,22,2
Hancock,Devereux 1B,Executive Comm,,,PATRICIA D. MORGAN,204,40,121,43,0
Hancock,Linton A,Executive Comm,,,PATRICIA D. MORGAN,187,28,104,54,1
Hancock,Linton B,Executive Comm,,,PATRICIA D. MORGAN,68,5,55,7,1
Hancock,Mayfield 3A,Executive Comm,,,PATRICIA D. MORGAN,93,25,56,12,0
Hancock,Mayfield 3B,Executive Comm,,,PATRICIA D. MORGAN,112,16,71,25,0
Hancock,,Executive Comm,,,KIZZIE SIBERT,1170,209,706,250,5
Hancock,Sparta,Executive Comm,,,KIZZIE SIBERT,314,62,181,69,2
Hancock,Devereux 1A,Executive Comm,,,KIZZIE SIBERT,167,37,100,28,2
Hancock,Devereux 1B,Executive Comm,,,KIZZIE SIBERT,204,40,122,42,0
Hancock,Linton A,Executive Comm,,,KIZZIE SIBERT,206,30,114,61,1
Hancock,Linton B,Executive Comm,,,KIZZIE SIBERT,68,4,57,7,0
Hancock,Mayfield 3A,Executive Comm,,,KIZZIE SIBERT,94,20,58,16,0
Hancock,Mayfield 3B,Executive Comm,,,KIZZIE SIBERT,117,16,74,27,0
Hancock,,Executive Comm,,,CATHY SMITH-JACKSON,1222,199,751,268,4
Hancock,Sparta,Executive Comm,,,CATHY SMITH-JACKSON,316,57,188,70,1
Hancock,Devereux 1A,Executive Comm,,,CATHY SMITH-JACKSON,168,35,103,28,2
Hancock,Devereux 1B,Executive Comm,,,CATHY SMITH-JACKSON,220,36,140,44,0
Hancock,Linton A,Executive Comm,,,CATHY SMITH-JACKSON,218,29,116,72,1
Hancock,Linton B,Executive Comm,,,CATHY SMITH-JACKSON,73,4,61,8,0
Hancock,Mayfield 3A,Executive Comm,,,CATHY SMITH-JACKSON,101,21,61,19,0
Hancock,Mayfield 3B,Executive Comm,,,CATHY SMITH-JACKSON,126,17,82,27,0
Hancock,,Executive Comm,,,BURNESTINE STROTHER,1117,192,679,241,5
Hancock,Sparta,Executive Comm,,,BURNESTINE STROTHER,290,56,168,64,2
Hancock,Devereux 1A,Executive Comm,,,BURNESTINE STROTHER,162,34,97,29,2
Hancock,Devereux 1B,Executive Comm,,,BURNESTINE STROTHER,193,34,117,42,0
Hancock,Linton A,Executive Comm,,,BURNESTINE STROTHER,194,28,107,58,1
Hancock,Linton B,Executive Comm,,,BURNESTINE STROTHER,64,4,54,6,0
Hancock,Mayfield 3A,Executive Comm,,,BURNESTINE STROTHER,94,20,59,15,0
Hancock,Mayfield 3B,Executive Comm,,,BURNESTINE STROTHER,120,16,77,27,0
Hancock,,Executive Comm,,,CLEVENTEEN J. WALKER,1261,262,741,253,5
Hancock,Sparta,Executive Comm,,,CLEVENTEEN J. WALKER,347,81,194,70,2
Hancock,Devereux 1A,Executive Comm,,,CLEVENTEEN J. WALKER,185,54,101,28,2
Hancock,Devereux 1B,Executive Comm,,,CLEVENTEEN J. WALKER,205,40,126,39,0
Hancock,Linton A,Executive Comm,,,CLEVENTEEN J. WALKER,224,38,118,67,1
Hancock,Linton B,Executive Comm,,,CLEVENTEEN J. WALKER,69,5,57,7,0
Hancock,Mayfield 3A,Executive Comm,,,CLEVENTEEN J. WALKER,111,29,65,17,0
Hancock,Mayfield 3B,Executive Comm,,,CLEVENTEEN J. WALKER,120,15,80,25,0
Hancock,,Republican Party Question 1<br>Should Georgia have casino gambling with funds going to education?,,REP,YES,54,0,42,12,0
Hancock,Sparta,Republican Party Question 1<br>Should Georgia have casino gambling with funds going to education?,,REP,YES,5,0,4,1,0
Hancock,Devereux 1A,Republican Party Question 1<br>Should Georgia have casino gambling with funds going to education?,,REP,YES,2,0,1,1,0
Hancock,Devereux 1B,Republican Party Question 1<br>Should Georgia have casino gambling with funds going to education?,,REP,YES,19,0,13,6,0
Hancock,Linton A,Republican Party Question 1<br>Should Georgia have casino gambling with funds going to education?,,REP,YES,15,0,12,3,0
Hancock,Linton B,Republican Party Question 1<br>Should Georgia have casino gambling with funds going to education?,,REP,YES,9,0,8,1,0
Hancock,Mayfield 3A,Republican Party Question 1<br>Should Georgia have casino gambling with funds going to education?,,REP,YES,3,0,3,0,0
Hancock,Mayfield 3B,Republican Party Question 1<br>Should Georgia have casino gambling with funds going to education?,,REP,YES,1,0,1,0,0
Hancock,,Republican Party Question 1<br>Should Georgia have casino gambling with funds going to education?,,REP,NO,46,0,40,6,0
Hancock,Sparta,Republican Party Question 1<br>Should Georgia have casino gambling with funds going to education?,,REP,NO,1,0,1,0,0
Hancock,Devereux 1A,Republican Party Question 1<br>Should Georgia have casino gambling with funds going to education?,,REP,NO,3,0,2,1,0
Hancock,Devereux 1B,Republican Party Question 1<br>Should Georgia have casino gambling with funds going to education?,,REP,NO,12,0,12,0,0
Hancock,Linton A,Republican Party Question 1<br>Should Georgia have casino gambling with funds going to education?,,REP,NO,17,0,12,5,0
Hancock,Linton B,Republican Party Question 1<br>Should Georgia have casino gambling with funds going to education?,,REP,NO,11,0,11,0,0
Hancock,Mayfield 3A,Republican Party Question 1<br>Should Georgia have casino gambling with funds going to education?,,REP,NO,1,0,1,0,0
Hancock,Mayfield 3B,Republican Party Question 1<br>Should Georgia have casino gambling with funds going to education?,,REP,NO,1,0,1,0,0
Hancock,,Republican Party Question 2<br>Do you support ending the current practice of unlimited gifts from lobbyists to state legislators by imposing a $100 cap on such gifts?,,REP,YES,80,0,63,17,0
Hancock,Sparta,Republican Party Question 2<br>Do you support ending the current practice of unlimited gifts from lobbyists to state legislators by imposing a $100 cap on such gifts?,,REP,YES,4,0,3,1,0
Hancock,Devereux 1A,Republican Party Question 2<br>Do you support ending the current practice of unlimited gifts from lobbyists to state legislators by imposing a $100 cap on such gifts?,,REP,YES,4,0,2,2,0
Hancock,Devereux 1B,Republican Party Question 2<br>Do you support ending the current practice of unlimited gifts from lobbyists to state legislators by imposing a $100 cap on such gifts?,,REP,YES,30,0,24,6,0
Hancock,Linton A,Republican Party Question 2<br>Do you support ending the current practice of unlimited gifts from lobbyists to state legislators by imposing a $100 cap on such gifts?,,REP,YES,24,0,17,7,0
Hancock,Linton B,Republican Party Question 2<br>Do you support ending the current practice of unlimited gifts from lobbyists to state legislators by imposing a $100 cap on such gifts?,,REP,YES,12,0,11,1,0
Hancock,Mayfield 3A,Republican Party Question 2<br>Do you support ending the current practice of unlimited gifts from lobbyists to state legislators by imposing a $100 cap on such gifts?,,REP,YES,4,0,4,0,0
Hancock,Mayfield 3B,Republican Party Question 2<br>Do you support ending the current practice of unlimited gifts from lobbyists to state legislators by imposing a $100 cap on such gifts?,,REP,YES,2,0,2,0,0
Hancock,,Republican Party Question 2<br>Do you support ending the current practice of unlimited gifts from lobbyists to state legislators by imposing a $100 cap on such gifts?,,REP,NO,18,0,16,2,0
Hancock,Sparta,Republican Party Question 2<br>Do you support ending the current practice of unlimited gifts from lobbyists to state legislators by imposing a $100 cap on such gifts?,,REP,NO,1,0,1,0,0
Hancock,Devereux 1A,Republican Party Question 2<br>Do you support ending the current practice of unlimited gifts from lobbyists to state legislators by imposing a $100 cap on such gifts?,,REP,NO,0,0,0,0,0
Hancock,Devereux 1B,Republican Party Question 2<br>Do you support ending the current practice of unlimited gifts from lobbyists to state legislators by imposing a $100 cap on such gifts?,,REP,NO,1,0,1,0,0
Hancock,Linton A,Republican Party Question 2<br>Do you support ending the current practice of unlimited gifts from lobbyists to state legislators by imposing a $100 cap on such gifts?,,REP,NO,8,0,7,1,0
Hancock,Linton B,Republican Party Question 2<br>Do you support ending the current practice of unlimited gifts from lobbyists to state legislators by imposing a $100 cap on such gifts?,,REP,NO,7,0,7,0,0
Hancock,Mayfield 3A,Republican Party Question 2<br>Do you support ending the current practice of unlimited gifts from lobbyists to state legislators by imposing a $100 cap on such gifts?,,REP,NO,1,0,0,1,0
Hancock,Mayfield 3B,Republican Party Question 2<br>Do you support ending the current practice of unlimited gifts from lobbyists to state legislators by imposing a $100 cap on such gifts?,,REP,NO,0,0,0,0,0
Hancock,,Republican Party Question 3<br>Should active duty military personnel who are under the age of 21 be allowed to obtain a Georgia weapons license?,,REP,YES,68,0,52,16,0
Hancock,Sparta,Republican Party Question 3<br>Should active duty military personnel who are under the age of 21 be allowed to obtain a Georgia weapons license?,,REP,YES,3,0,2,1,0
Hancock,Devereux 1A,Republican Party Question 3<br>Should active duty military personnel who are under the age of 21 be allowed to obtain a Georgia weapons license?,,REP,YES,4,0,2,2,0
Hancock,Devereux 1B,Republican Party Question 3<br>Should active duty military personnel who are under the age of 21 be allowed to obtain a Georgia weapons license?,,REP,YES,22,0,16,6,0
Hancock,Linton A,Republican Party Question 3<br>Should active duty military personnel who are under the age of 21 be allowed to obtain a Georgia weapons license?,,REP,YES,23,0,17,6,0
Hancock,Linton B,Republican Party Question 3<br>Should active duty military personnel who are under the age of 21 be allowed to obtain a Georgia weapons license?,,REP,YES,12,0,11,1,0
Hancock,Mayfield 3A,Republican Party Question 3<br>Should active duty military personnel who are under the age of 21 be allowed to obtain a Georgia weapons license?,,REP,YES,3,0,3,0,0
Hancock,Mayfield 3B,Republican Party Question 3<br>Should active duty military personnel who are under the age of 21 be allowed to obtain a Georgia weapons license?,,REP,YES,1,0,1,0,0
Hancock,,Republican Party Question 3<br>Should active duty military personnel who are under the age of 21 be allowed to obtain a Georgia weapons license?,,REP,NO,30,0,28,2,0
Hancock,Sparta,Republican Party Question 3<br>Should active duty military personnel who are under the age of 21 be allowed to obtain a Georgia weapons license?,,REP,NO,2,0,2,0,0
Hancock,Devereux 1A,Republican Party Question 3<br>Should active duty military personnel who are under the age of 21 be allowed to obtain a Georgia weapons license?,,REP,NO,1,0,1,0,0
Hancock,Devereux 1B,Republican Party Question 3<br>Should active duty military personnel who are under the age of 21 be allowed to obtain a Georgia weapons license?,,REP,NO,9,0,9,0,0
Hancock,Linton A,Republican Party Question 3<br>Should active duty military personnel who are under the age of 21 be allowed to obtain a Georgia weapons license?,,REP,NO,9,0,7,2,0
Hancock,Linton B,Republican Party Question 3<br>Should active duty military personnel who are under the age of 21 be allowed to obtain a Georgia weapons license?,,REP,NO,7,0,7,0,0
Hancock,Mayfield 3A,Republican Party Question 3<br>Should active duty military personnel who are under the age of 21 be allowed to obtain a Georgia weapons license?,,REP,NO,1,0,1,0,0
Hancock,Mayfield 3B,Republican Party Question 3<br>Should active duty military personnel who are under the age of 21 be allowed to obtain a Georgia weapons license?,,REP,NO,1,0,1,0,0
Hancock,,Republican Party Question 4<br>Should Citizens who wish to vote in a primary election be required to register by their political party affiliation at least thirty (30) days prior to such primary election?,,REP,YES,37,0,26,11,0
Hancock,Sparta,Republican Party Question 4<br>Should Citizens who wish to vote in a primary election be required to register by their political party affiliation at least thirty (30) days prior to such primary election?,,REP,YES,2,0,1,1,0
Hancock,Devereux 1A,Republican Party Question 4<br>Should Citizens who wish to vote in a primary election be required to register by their political party affiliation at least thirty (30) days prior to such primary election?,,REP,YES,1,0,1,0,0
Hancock,Devereux 1B,Republican Party Question 4<br>Should Citizens who wish to vote in a primary election be required to register by their political party affiliation at least thirty (30) days prior to such primary election?,,REP,YES,12,0,8,4,0
Hancock,Linton A,Republican Party Question 4<br>Should Citizens who wish to vote in a primary election be required to register by their political party affiliation at least thirty (30) days prior to such primary election?,,REP,YES,12,0,7,5,0
Hancock,Linton B,Republican Party Question 4<br>Should Citizens who wish to vote in a primary election be required to register by their political party affiliation at least thirty (30) days prior to such primary election?,,REP,YES,8,0,7,1,0
Hancock,Mayfield 3A,Republican Party Question 4<br>Should Citizens who wish to vote in a primary election be required to register by their political party affiliation at least thirty (30) days prior to such primary election?,,REP,YES,2,0,2,0,0
Hancock,Mayfield 3B,Republican Party Question 4<br>Should Citizens who wish to vote in a primary election be required to register by their political party affiliation at least thirty (30) days prior to such primary election?,,REP,YES,0,0,0,0,0
Hancock,,Republican Party Question 4<br>Should Citizens who wish to vote in a primary election be required to register by their political party affiliation at least thirty (30) days prior to such primary election?,,REP,NO,60,0,53,7,0
Hancock,Sparta,Republican Party Question 4<br>Should Citizens who wish to vote in a primary election be required to register by their political party affiliation at least thirty (30) days prior to such primary election?,,REP,NO,3,0,3,0,0
Hancock,Devereux 1A,Republican Party Question 4<br>Should Citizens who wish to vote in a primary election be required to register by their political party affiliation at least thirty (30) days prior to such primary election?,,REP,NO,4,0,2,2,0
Hancock,Devereux 1B,Republican Party Question 4<br>Should Citizens who wish to vote in a primary election be required to register by their political party affiliation at least thirty (30) days prior to such primary election?,,REP,NO,19,0,17,2,0
Hancock,Linton A,Republican Party Question 4<br>Should Citizens who wish to vote in a primary election be required to register by their political party affiliation at least thirty (30) days prior to such primary election?,,REP,NO,20,0,17,3,0
Hancock,Linton B,Republican Party Question 4<br>Should Citizens who wish to vote in a primary election be required to register by their political party affiliation at least thirty (30) days prior to such primary election?,,REP,NO,11,0,11,0,0
Hancock,Mayfield 3A,Republican Party Question 4<br>Should Citizens who wish to vote in a primary election be required to register by their political party affiliation at least thirty (30) days prior to such primary election?,,REP,NO,2,0,2,0,0
Hancock,Mayfield 3B,Republican Party Question 4<br>Should Citizens who wish to vote in a primary election be required to register by their political party affiliation at least thirty (30) days prior to such primary election?,,REP,NO,1,0,1,0,0
Hancock,,Republican Party Question 5 <br>Life Amendment Question,,REP,YES,62,0,53,9,0
Hancock,Sparta,Republican Party Question 5 <br>Life Amendment Question,,REP,YES,3,0,2,1,0
Hancock,Devereux 1A,Republican Party Question 5 <br>Life Amendment Question,,REP,YES,4,0,2,2,0
Hancock,Devereux 1B,Republican Party Question 5 <br>Life Amendment Question,,REP,YES,22,0,19,3,0
Hancock,Linton A,Republican Party Question 5 <br>Life Amendment Question,,REP,YES,19,0,17,2,0
Hancock,Linton B,Republican Party Question 5 <br>Life Amendment Question,,REP,YES,10,0,9,1,0
Hancock,Mayfield 3A,Republican Party Question 5 <br>Life Amendment Question,,REP,YES,3,0,3,0,0
Hancock,Mayfield 3B,Republican Party Question 5 <br>Life Amendment Question,,REP,YES,1,0,1,0,0
Hancock,,Republican Party Question 5 <br>Life Amendment Question,,REP,NO,32,0,25,7,0
Hancock,Sparta,Republican Party Question 5 <br>Life Amendment Question,,REP,NO,2,0,2,0,0
Hancock,Devereux 1A,Republican Party Question 5 <br>Life Amendment Question,,REP,NO,0,0,0,0,0
Hancock,Devereux 1B,Republican Party Question 5 <br>Life Amendment Question,,REP,NO,9,0,6,3,0
Hancock,Linton A,Republican Party Question 5 <br>Life Amendment Question,,REP,NO,11,0,7,4,0
Hancock,Linton B,Republican Party Question 5 <br>Life Amendment Question,,REP,NO,8,0,8,0,0
Hancock,Mayfield 3A,Republican Party Question 5 <br>Life Amendment Question,,REP,NO,1,0,1,0,0
Hancock,Mayfield 3B,Republican Party Question 5 <br>Life Amendment Question,,REP,NO,1,0,1,0,0
Hancock,,Democratic Party Question 1<br>Should the Georgia Constitution be amended to allow the state to override locally-elected school boards’ decisions when it comes to the creation of charter schools in your county or city?,,DEM,YES,1137,186,706,240,5
Hancock,Sparta,Democratic Party Question 1<br>Should the Georgia Constitution be amended to allow the state to override locally-elected school boards’ decisions when it comes to the creation of charter schools in your county or city?,,DEM,YES,270,61,135,73,1
Hancock,Devereux 1A,Democratic Party Question 1<br>Should the Georgia Constitution be amended to allow the state to override locally-elected school boards’ decisions when it comes to the creation of charter schools in your county or city?,,DEM,YES,147,38,84,24,1
Hancock,Devereux 1B,Democratic Party Question 1<br>Should the Georgia Constitution be amended to allow the state to override locally-elected school boards’ decisions when it comes to the creation of charter schools in your county or city?,,DEM,YES,231,29,161,41,0
Hancock,Linton A,Democratic Party Question 1<br>Should the Georgia Constitution be amended to allow the state to override locally-elected school boards’ decisions when it comes to the creation of charter schools in your county or city?,,DEM,YES,218,20,130,68,0
Hancock,Linton B,Democratic Party Question 1<br>Should the Georgia Constitution be amended to allow the state to override locally-elected school boards’ decisions when it comes to the creation of charter schools in your county or city?,,DEM,YES,70,4,58,5,3
Hancock,Mayfield 3A,Democratic Party Question 1<br>Should the Georgia Constitution be amended to allow the state to override locally-elected school boards’ decisions when it comes to the creation of charter schools in your county or city?,,DEM,YES,101,17,72,12,0
Hancock,Mayfield 3B,Democratic Party Question 1<br>Should the Georgia Constitution be amended to allow the state to override locally-elected school boards’ decisions when it comes to the creation of charter schools in your county or city?,,DEM,YES,100,17,66,17,0
Hancock,,Democratic Party Question 1<br>Should the Georgia Constitution be amended to allow the state to override locally-elected school boards’ decisions when it comes to the creation of charter schools in your county or city?,,DEM,NO,1021,197,625,190,9
Hancock,Sparta,Democratic Party Question 1<br>Should the Georgia Constitution be amended to allow the state to override locally-elected school boards’ decisions when it comes to the creation of charter schools in your county or city?,,DEM,NO,291,58,176,52,5
Hancock,Devereux 1A,Democratic Party Question 1<br>Should the Georgia Constitution be amended to allow the state to override locally-elected school boards’ decisions when it comes to the creation of charter schools in your county or city?,,DEM,NO,149,35,89,21,4
Hancock,Devereux 1B,Democratic Party Question 1<br>Should the Georgia Constitution be amended to allow the state to override locally-elected school boards’ decisions when it comes to the creation of charter schools in your county or city?,,DEM,NO,177,44,110,23,0
Hancock,Linton A,Democratic Party Question 1<br>Should the Georgia Constitution be amended to allow the state to override locally-elected school boards’ decisions when it comes to the creation of charter schools in your county or city?,,DEM,NO,179,32,92,55,0
Hancock,Linton B,Democratic Party Question 1<br>Should the Georgia Constitution be amended to allow the state to override locally-elected school boards’ decisions when it comes to the creation of charter schools in your county or city?,,DEM,NO,63,11,45,7,0
Hancock,Mayfield 3A,Democratic Party Question 1<br>Should the Georgia Constitution be amended to allow the state to override locally-elected school boards’ decisions when it comes to the creation of charter schools in your county or city?,,DEM,NO,74,10,47,17,0
Hancock,Mayfield 3B,Democratic Party Question 1<br>Should the Georgia Constitution be amended to allow the state to override locally-elected school boards’ decisions when it comes to the creation of charter schools in your county or city?,,DEM,NO,88,7,66,15,0
Hancock,,Democratic Party Question 2<br>Do you support ending current practice permitting unlimited gifts from lobbyists to state legislators?,,DEM,YES,1318,226,805,279,8
Hancock,Sparta,Democratic Party Question 2<br>Do you support ending current practice permitting unlimited gifts from lobbyists to state legislators?,,DEM,YES,329,73,165,87,4
Hancock,Devereux 1A,Democratic Party Question 2<br>Do you support ending current practice permitting unlimited gifts from lobbyists to state legislators?,,DEM,YES,167,49,84,31,3
Hancock,Devereux 1B,Democratic Party Question 2<br>Do you support ending current practice permitting unlimited gifts from lobbyists to state legislators?,,DEM,YES,270,32,193,45,0
Hancock,Linton A,Democratic Party Question 2<br>Do you support ending current practice permitting unlimited gifts from lobbyists to state legislators?,,DEM,YES,243,28,143,71,1
Hancock,Linton B,Democratic Party Question 2<br>Do you support ending current practice permitting unlimited gifts from lobbyists to state legislators?,,DEM,YES,87,7,73,7,0
Hancock,Mayfield 3A,Democratic Party Question 2<br>Do you support ending current practice permitting unlimited gifts from lobbyists to state legislators?,,DEM,YES,101,20,67,14,0
Hancock,Mayfield 3B,Democratic Party Question 2<br>Do you support ending current practice permitting unlimited gifts from lobbyists to state legislators?,,DEM,YES,121,17,80,24,0
Hancock,,Democratic Party Question 2<br>Do you support ending current practice permitting unlimited gifts from lobbyists to state legislators?,,DEM,NO,777,144,484,143,6
Hancock,Sparta,Democratic Party Question 2<br>Do you support ending current practice permitting unlimited gifts from lobbyists to state legislators?,,DEM,NO,206,37,131,37,1
Hancock,Devereux 1A,Democratic Party Question 2<br>Do you support ending current practice permitting unlimited gifts from lobbyists to state legislators?,,DEM,NO,121,27,77,15,2
Hancock,Devereux 1B,Democratic Party Question 2<br>Do you support ending current practice permitting unlimited gifts from lobbyists to state legislators?,,DEM,NO,129,38,73,18,0
Hancock,Linton A,Democratic Party Question 2<br>Do you support ending current practice permitting unlimited gifts from lobbyists to state legislators?,,DEM,NO,142,21,76,45,0
Hancock,Linton B,Democratic Party Question 2<br>Do you support ending current practice permitting unlimited gifts from lobbyists to state legislators?,,DEM,NO,44,5,31,5,3
Hancock,Mayfield 3A,Democratic Party Question 2<br>Do you support ending current practice permitting unlimited gifts from lobbyists to state legislators?,,DEM,NO,72,10,48,14,0
Hancock,Mayfield 3B,Democratic Party Question 2<br>Do you support ending current practice permitting unlimited gifts from lobbyists to state legislators?,,DEM,NO,63,6,48,9,0
Hancock,,Democratic Party Question 3<br>Should Georgia adopt an income tax credit for home energy costs to support the economic security of our families?,,DEM,YES,1764,362,1079,314,9
Hancock,Sparta,Democratic Party Question 3<br>Should Georgia adopt an income tax credit for home energy costs to support the economic security of our families?,,DEM,YES,441,109,243,85,4
Hancock,Devereux 1A,Democratic Party Question 3<br>Should Georgia adopt an income tax credit for home energy costs to support the economic security of our families?,,DEM,YES,252,71,147,32,2
Hancock,Devereux 1B,Democratic Party Question 3<br>Should Georgia adopt an income tax credit for home energy costs to support the economic security of our families?,,DEM,YES,321,67,210,44,0
Hancock,Linton A,Democratic Party Question 3<br>Should Georgia adopt an income tax credit for home energy costs to support the economic security of our families?,,DEM,YES,319,48,182,88,1
Hancock,Linton B,Democratic Party Question 3<br>Should Georgia adopt an income tax credit for home energy costs to support the economic security of our families?,,DEM,YES,116,14,89,11,2
Hancock,Mayfield 3A,Democratic Party Question 3<br>Should Georgia adopt an income tax credit for home energy costs to support the economic security of our families?,,DEM,YES,150,28,97,25,0
Hancock,Mayfield 3B,Democratic Party Question 3<br>Should Georgia adopt an income tax credit for home energy costs to support the economic security of our families?,,DEM,YES,165,25,111,29,0
Hancock,,Democratic Party Question 3<br>Should Georgia adopt an income tax credit for home energy costs to support the economic security of our families?,,DEM,NO,423,40,268,110,5
Hancock,Sparta,Democratic Party Question 3<br>Should Georgia adopt an income tax credit for home energy costs to support the economic security of our families?,,DEM,NO,107,8,65,32,2
Hancock,Devereux 1A,Democratic Party Question 3<br>Should Georgia adopt an income tax credit for home energy costs to support the economic security of our families?,,DEM,NO,60,10,31,16,3
Hancock,Devereux 1B,Democratic Party Question 3<br>Should Georgia adopt an income tax credit for home energy costs to support the economic security of our families?,,DEM,NO,99,7,69,23,0
Hancock,Linton A,Democratic Party Question 3<br>Should Georgia adopt an income tax credit for home energy costs to support the economic security of our families?,,DEM,NO,71,6,39,26,0
Hancock,Linton B,Democratic Party Question 3<br>Should Georgia adopt an income tax credit for home energy costs to support the economic security of our families?,,DEM,NO,19,0,17,2,0
Hancock,Mayfield 3A,Democratic Party Question 3<br>Should Georgia adopt an income tax credit for home energy costs to support the economic security of our families?,,DEM,NO,34,6,22,6,0
Hancock,Mayfield 3B,Democratic Party Question 3<br>Should Georgia adopt an income tax credit for home energy costs to support the economic security of our families?,,DEM,NO,33,3,25,5,0
Hancock,,Democratic Party Question 4 <br>Should Georgia reduce sales taxes on Made in Georgia products so as to support the growth of small businesses in our state?,,DEM,YES,1911,335,1195,368,13
Hancock,Sparta,Democratic Party Question 4 <br>Should Georgia reduce sales taxes on Made in Georgia products so as to support the growth of small businesses in our state?,,DEM,YES,493,103,280,105,5
Hancock,Devereux 1A,Democratic Party Question 4 <br>Should Georgia reduce sales taxes on Made in Georgia products so as to support the growth of small businesses in our state?,,DEM,YES,261,65,154,38,4
Hancock,Devereux 1B,Democratic Party Question 4 <br>Should Georgia reduce sales taxes on Made in Georgia products so as to support the growth of small businesses in our state?,,DEM,YES,380,67,258,55,0
Hancock,Linton A,Democratic Party Question 4 <br>Should Georgia reduce sales taxes on Made in Georgia products so as to support the growth of small businesses in our state?,,DEM,YES,340,42,198,99,1
Hancock,Linton B,Democratic Party Question 4 <br>Should Georgia reduce sales taxes on Made in Georgia products so as to support the growth of small businesses in our state?,,DEM,YES,115,11,89,12,3
Hancock,Mayfield 3A,Democratic Party Question 4 <br>Should Georgia reduce sales taxes on Made in Georgia products so as to support the growth of small businesses in our state?,,DEM,YES,156,25,104,27,0
Hancock,Mayfield 3B,Democratic Party Question 4 <br>Should Georgia reduce sales taxes on Made in Georgia products so as to support the growth of small businesses in our state?,,DEM,YES,166,22,112,32,0
Hancock,,Democratic Party Question 4 <br>Should Georgia reduce sales taxes on Made in Georgia products so as to support the growth of small businesses in our state?,,DEM,NO,266,46,159,59,2
Hancock,Sparta,Democratic Party Question 4 <br>Should Georgia reduce sales taxes on Made in Georgia products so as to support the growth of small businesses in our state?,,DEM,NO,73,13,45,14,1
Hancock,Devereux 1A,Democratic Party Question 4 <br>Should Georgia reduce sales taxes on Made in Georgia products so as to support the growth of small businesses in our state?,,DEM,NO,38,10,18,9,1
Hancock,Devereux 1B,Democratic Party Question 4 <br>Should Georgia reduce sales taxes on Made in Georgia products so as to support the growth of small businesses in our state?,,DEM,NO,41,4,28,9,0
Hancock,Linton A,Democratic Party Question 4 <br>Should Georgia reduce sales taxes on Made in Georgia products so as to support the growth of small businesses in our state?,,DEM,NO,49,7,23,19,0
Hancock,Linton B,Democratic Party Question 4 <br>Should Georgia reduce sales taxes on Made in Georgia products so as to support the growth of small businesses in our state?,,DEM,NO,18,2,15,1,0
Hancock,Mayfield 3A,Democratic Party Question 4 <br>Should Georgia reduce sales taxes on Made in Georgia products so as to support the growth of small businesses in our state?,,DEM,NO,21,7,10,4,0
Hancock,Mayfield 3B,Democratic Party Question 4 <br>Should Georgia reduce sales taxes on Made in Georgia products so as to support the growth of small businesses in our state?,,DEM,NO,26,3,20,3,0
Hancock,,Supreme Court Justice, Hunstein,I,CAROL W. HUNSTEIN,1470,210,959,290,11
Hancock,Sparta,Supreme Court Justice, Hunstein,I,CAROL W. HUNSTEIN,329,56,195,75,3
Hancock,Devereux 1A,Supreme Court Justice, Hunstein,I,CAROL W. HUNSTEIN,215,46,130,34,5
Hancock,Devereux 1B,Supreme Court Justice, Hunstein,I,CAROL W. HUNSTEIN,301,40,214,47,0
Hancock,Linton A,Supreme Court Justice, Hunstein,I,CAROL W. HUNSTEIN,260,32,152,75,1
Hancock,Linton B,Supreme Court Justice, Hunstein,I,CAROL W. HUNSTEIN,113,5,95,11,2
Hancock,Mayfield 3A,Supreme Court Justice, Hunstein,I,CAROL W. HUNSTEIN,110,16,76,18,0
Hancock,Mayfield 3B,Supreme Court Justice, Hunstein,I,CAROL W. HUNSTEIN,142,15,97,30,0
Hancock,,Supreme Court Justice, Hunstein,,Write-in,1,0,1,0,0
Hancock,Sparta,Supreme Court Justice, Hunstein,,Write-in,0,0,0,0,0
Hancock,Devereux 1A,Supreme Court Justice, Hunstein,,Write-in,0,0,0,0,0
Hancock,Devereux 1B,Supreme Court Justice, Hunstein,,Write-in,1,0,1,0,0
Hancock,Linton A,Supreme Court Justice, Hunstein,,Write-in,0,0,0,0,0
Hancock,Linton B,Supreme Court Justice, Hunstein,,Write-in,0,0,0,0,0
Hancock,Mayfield 3A,Supreme Court Justice, Hunstein,,Write-in,0,0,0,0,0
Hancock,Mayfield 3B,Supreme Court Justice, Hunstein,,Write-in,0,0,0,0,0
Hancock,,Supreme Court Justice, Melton,,HAROLD D. MELTON ,1460,212,947,291,10
Hancock,Sparta,Supreme Court Justice, Melton,,HAROLD D. MELTON ,335,59,194,79,3
Hancock,Devereux 1A,Supreme Court Justice, Melton,,HAROLD D. MELTON ,209,43,127,34,5
Hancock,Devereux 1B,Supreme Court Justice, Melton,,HAROLD D. MELTON ,291,42,205,44,0
Hancock,Linton A,Supreme Court Justice, Melton,,HAROLD D. MELTON ,255,31,149,74,1
Hancock,Linton B,Supreme Court Justice, Melton,,HAROLD D. MELTON ,117,6,100,10,1
Hancock,Mayfield 3A,Supreme Court Justice, Melton,,HAROLD D. MELTON ,110,16,75,19,0
Hancock,Mayfield 3B,Supreme Court Justice, Melton,,HAROLD D. MELTON ,143,15,97,31,0
Hancock,,Supreme Court Justice, Melton,,Write-in,0,0,0,0,0
Hancock,Sparta,Supreme Court Justice, Melton,,Write-in,0,0,0,0,0
Hancock,Devereux 1A,Supreme Court Justice, Melton,,Write-in,0,0,0,0,0
Hancock,Devereux 1B,Supreme Court Justice, Melton,,Write-in,0,0,0,0,0
Hancock,Linton A,Supreme Court Justice, Melton,,Write-in,0,0,0,0,0
Hancock,Linton B,Supreme Court Justice, Melton,,Write-in,0,0,0,0,0
Hancock,Mayfield 3A,Supreme Court Justice, Melton,,Write-in,0,0,0,0,0
Hancock,Mayfield 3B,Supreme Court Justice, Melton,,Write-in,0,0,0,0,0
Hancock,,Supreme Court Justice, Thompson,,HUGH P. THOMPSON ,1527,228,984,305,10
Hancock,Sparta,Supreme Court Justice, Thompson,,HUGH P. THOMPSON ,350,60,207,80,3
Hancock,Devereux 1A,Supreme Court Justice, Thompson,,HUGH P. THOMPSON ,219,46,132,36,5
Hancock,Devereux 1B,Supreme Court Justice, Thompson,,HUGH P. THOMPSON ,305,48,209,48,0
Hancock,Linton A,Supreme Court Justice, Thompson,,HUGH P. THOMPSON ,275,35,160,79,1
Hancock,Linton B,Supreme Court Justice, Thompson,,HUGH P. THOMPSON ,124,7,106,10,1
Hancock,Mayfield 3A,Supreme Court Justice, Thompson,,HUGH P. THOMPSON ,114,17,77,20,0
Hancock,Mayfield 3B,Supreme Court Justice, Thompson,,HUGH P. THOMPSON ,140,15,93,32,0
Hancock,,Supreme Court Justice, Thompson,,Write-in,0,0,0,0,0
Hancock,Sparta,Supreme Court Justice, Thompson,,Write-in,0,0,0,0,0
Hancock,Devereux 1A,Supreme Court Justice, Thompson,,Write-in,0,0,0,0,0
Hancock,Devereux 1B,Supreme Court Justice, Thompson,,Write-in,0,0,0,0,0
Hancock,Linton A,Supreme Court Justice, Thompson,,Write-in,0,0,0,0,0
Hancock,Linton B,Supreme Court Justice, Thompson,,Write-in,0,0,0,0,0
Hancock,Mayfield 3A,Supreme Court Justice, Thompson,,Write-in,0,0,0,0,0
Hancock,Mayfield 3B,Supreme Court Justice, Thompson,,Write-in,0,0,0,0,0
Hancock,,Appeals Court Judge, Boggs,,MICHAEL P. BOGGS ,1419,211,916,283,9
Hancock,Sparta,Appeals Court Judge, Boggs,,MICHAEL P. BOGGS ,323,58,187,75,3
Hancock,Devereux 1A,Appeals Court Judge, Boggs,,MICHAEL P. BOGGS ,196,40,117,34,5
Hancock,Devereux 1B,Appeals Court Judge, Boggs,,MICHAEL P. BOGGS ,287,39,203,45,0
Hancock,Linton A,Appeals Court Judge, Boggs,,MICHAEL P. BOGGS ,252,33,147,71,1
Hancock,Linton B,Appeals Court Judge, Boggs,,MICHAEL P. BOGGS ,114,5,98,11,0
Hancock,Mayfield 3A,Appeals Court Judge, Boggs,,MICHAEL P. BOGGS ,106,20,67,19,0
Hancock,Mayfield 3B,Appeals Court Judge, Boggs,,MICHAEL P. BOGGS ,141,16,97,28,0
Hancock,,Appeals Court Judge, Boggs,,Write-in,2,2,0,0,0
Hancock,Sparta,Appeals Court Judge, Boggs,,Write-in,2,2,0,0,0
Hancock,Devereux 1A,Appeals Court Judge, Boggs,,Write-in,0,0,0,0,0
Hancock,Devereux 1B,Appeals Court Judge, Boggs,,Write-in,0,0,0,0,0
Hancock,Linton A,Appeals Court Judge, Boggs,,Write-in,0,0,0,0,0
Hancock,Linton B,Appeals Court Judge, Boggs,,Write-in,0,0,0,0,0
Hancock,Mayfield 3A,Appeals Court Judge, Boggs,,Write-in,0,0,0,0,0
Hancock,Mayfield 3B,Appeals Court Judge, Boggs,,Write-in,0,0,0,0,0
Hancock,,Appeals Court Judge, Dillard,,STEPHEN DILLARD ,1414,210,909,286,9
Hancock,Sparta,Appeals Court Judge, Dillard,,STEPHEN DILLARD ,322,57,186,76,3
Hancock,Devereux 1A,Appeals Court Judge, Dillard,,STEPHEN DILLARD ,197,41,119,32,5
Hancock,Devereux 1B,Appeals Court Judge, Dillard,,STEPHEN DILLARD ,283,37,200,46,0
Hancock,Linton A,Appeals Court Judge, Dillard,,STEPHEN DILLARD ,252,34,143,74,1
Hancock,Linton B,Appeals Court Judge, Dillard,,STEPHEN DILLARD ,113,5,97,11,0
Hancock,Mayfield 3A,Appeals Court Judge, Dillard,,STEPHEN DILLARD ,107,20,68,19,0
Hancock,Mayfield 3B,Appeals Court Judge, Dillard,,STEPHEN DILLARD ,140,16,96,28,0
Hancock,,Appeals Court Judge, Dillard,,Write-in,1,0,1,0,0
Hancock,Sparta,Appeals Court Judge, Dillard,,Write-in,1,0,1,0,0
Hancock,Devereux 1A,Appeals Court Judge, Dillard,,Write-in,0,0,0,0,0
Hancock,Devereux 1B,Appeals Court Judge, Dillard,,Write-in,0,0,0,0,0
Hancock,Linton A,Appeals Court Judge, Dillard,,Write-in,0,0,0,0,0
Hancock,Linton B,Appeals Court Judge, Dillard,,Write-in,0,0,0,0,0
Hancock,Mayfield 3A,Appeals Court Judge, Dillard,,Write-in,0,0,0,0,0
Hancock,Mayfield 3B,Appeals Court Judge, Dillard,,Write-in,0,0,0,0,0
Hancock,,Appeals Court Judge, Ellington,I,JOHN J. ELLINGTON,1420,205,921,285,9
Hancock,Sparta,Appeals Court Judge, Ellington,I,JOHN J. ELLINGTON,332,57,194,78,3
Hancock,Devereux 1A,Appeals Court Judge, Ellington,I,JOHN J. ELLINGTON,197,40,120,32,5
Hancock,Devereux 1B,Appeals Court Judge, Ellington,I,JOHN J. ELLINGTON,282,36,202,44,0
Hancock,Linton A,Appeals Court Judge, Ellington,I,JOHN J. ELLINGTON,252,33,146,72,1
Hancock,Linton B,Appeals Court Judge, Ellington,I,JOHN J. ELLINGTON,110,4,95,11,0
Hancock,Mayfield 3A,Appeals Court Judge, Ellington,I,JOHN J. ELLINGTON,109,20,70,19,0
Hancock,Mayfield 3B,Appeals Court Judge, Ellington,I,JOHN J. ELLINGTON,138,15,94,29,0
Hancock,,Appeals Court Judge, Ellington,,Write-in,0,0,0,0,0
Hancock,Sparta,Appeals Court Judge, Ellington,,Write-in,0,0,0,0,0
Hancock,Devereux 1A,Appeals Court Judge, Ellington,,Write-in,0,0,0,0,0
Hancock,Devereux 1B,Appeals Court Judge, Ellington,,Write-in,0,0,0,0,0
Hancock,Linton A,Appeals Court Judge, Ellington,,Write-in,0,0,0,0,0
Hancock,Linton B,Appeals Court Judge, Ellington,,Write-in,0,0,0,0,0
Hancock,Mayfield 3A,Appeals Court Judge, Ellington,,Write-in,0,0,0,0,0
Hancock,Mayfield 3B,Appeals Court Judge, Ellington,,Write-in,0,0,0,0,0
Hancock,,Appeals Court Judge, Miller,,M. YVETTE MILLER ,1411,202,921,279,9
Hancock,Sparta,Appeals Court Judge, Miller,,M. YVETTE MILLER ,338,56,203,76,3
Hancock,Devereux 1A,Appeals Court Judge, Miller,,M. YVETTE MILLER ,197,39,121,32,5
Hancock,Devereux 1B,Appeals Court Judge, Miller,,M. YVETTE MILLER ,271,33,194,44,0
Hancock,Linton A,Appeals Court Judge, Miller,,M. YVETTE MILLER ,249,33,144,71,1
Hancock,Linton B,Appeals Court Judge, Miller,,M. YVETTE MILLER ,112,5,97,10,0
Hancock,Mayfield 3A,Appeals Court Judge, Miller,,M. YVETTE MILLER ,107,20,68,19,0
Hancock,Mayfield 3B,Appeals Court Judge, Miller,,M. YVETTE MILLER ,137,16,94,27,0
Hancock,,Appeals Court Judge, Miller,,Write-in,2,1,1,0,0
Hancock,Sparta,Appeals Court Judge, Miller,,Write-in,0,0,0,0,0
Hancock,Devereux 1A,Appeals Court Judge, Miller,,Write-in,0,0,0,0,0
Hancock,Devereux 1B,Appeals Court Judge, Miller,,Write-in,2,1,1,0,0
Hancock,Linton A,Appeals Court Judge, Miller,,Write-in,0,0,0,0,0
Hancock,Linton B,Appeals Court Judge, Miller,,Write-in,0,0,0,0,0
Hancock,Mayfield 3A,Appeals Court Judge, Miller,,Write-in,0,0,0,0,0
Hancock,Mayfield 3B,Appeals Court Judge, Miller,,Write-in,0,0,0,0,0
Hancock,,Appeals Court Judge, Phipps,,HERBERT PHIPPS ,1396,210,898,279,9
Hancock,Sparta,Appeals Court Judge, Phipps,,HERBERT PHIPPS ,328,59,191,75,3
Hancock,Devereux 1A,Appeals Court Judge, Phipps,,HERBERT PHIPPS ,196,41,118,32,5
Hancock,Devereux 1B,Appeals Court Judge, Phipps,,HERBERT PHIPPS ,277,37,196,44,0
Hancock,Linton A,Appeals Court Judge, Phipps,,HERBERT PHIPPS ,248,33,143,71,1
Hancock,Linton B,Appeals Court Judge, Phipps,,HERBERT PHIPPS ,109,5,94,10,0
Hancock,Mayfield 3A,Appeals Court Judge, Phipps,,HERBERT PHIPPS ,102,20,63,19,0
Hancock,Mayfield 3B,Appeals Court Judge, Phipps,,HERBERT PHIPPS ,136,15,93,28,0
Hancock,,Appeals Court Judge, Phipps,,Write-in,0,0,0,0,0
Hancock,Sparta,Appeals Court Judge, Phipps,,Write-in,0,0,0,0,0
Hancock,Devereux 1A,Appeals Court Judge, Phipps,,Write-in,0,0,0,0,0
Hancock,Devereux 1B,Appeals Court Judge, Phipps,,Write-in,0,0,0,0,0
Hancock,Linton A,Appeals Court Judge, Phipps,,Write-in,0,0,0,0,0
Hancock,Linton B,Appeals Court Judge, Phipps,,Write-in,0,0,0,0,0
Hancock,Mayfield 3A,Appeals Court Judge, Phipps,,Write-in,0,0,0,0,0
Hancock,Mayfield 3B,Appeals Court Judge, Phipps,,Write-in,0,0,0,0,0
Hancock,,Superior Court Judge, Ocmulgee Circuit (Cline),I,JAMES L CLINE JR.,1448,216,931,292,9
Hancock,Sparta,Superior Court Judge, Ocmulgee Circuit (Cline),I,JAMES L CLINE JR.,335,62,191,79,3
Hancock,Devereux 1A,Superior Court Judge, Ocmulgee Circuit (Cline),I,JAMES L CLINE JR.,198,39,121,33,5
Hancock,Devereux 1B,Superior Court Judge, Ocmulgee Circuit (Cline),I,JAMES L CLINE JR.,289,40,202,47,0
Hancock,Linton A,Superior Court Judge, Ocmulgee Circuit (Cline),I,JAMES L CLINE JR.,260,34,150,75,1
Hancock,Linton B,Superior Court Judge, Ocmulgee Circuit (Cline),I,JAMES L CLINE JR.,114,5,99,10,0
Hancock,Mayfield 3A,Superior Court Judge, Ocmulgee Circuit (Cline),I,JAMES L CLINE JR.,113,20,73,20,0
Hancock,Mayfield 3B,Superior Court Judge, Ocmulgee Circuit (Cline),I,JAMES L CLINE JR.,139,16,95,28,0
Hancock,,Superior Court Judge, Ocmulgee Circuit (Cline),,Write-in,5,1,4,0,0
Hancock,Sparta,Superior Court Judge, Ocmulgee Circuit (Cline),,Write-in,0,0,0,0,0
Hancock,Devereux 1A,Superior Court Judge, Ocmulgee Circuit (Cline),,Write-in,0,0,0,0,0
Hancock,Devereux 1B,Superior Court Judge, Ocmulgee Circuit (Cline),,Write-in,3,1,2,0,0
Hancock,Linton A,Superior Court Judge, Ocmulgee Circuit (Cline),,Write-in,1,0,1,0,0
Hancock,Linton B,Superior Court Judge, Ocmulgee Circuit (Cline),,Write-in,0,0,0,0,0
Hancock,Mayfield 3A,Superior Court Judge, Ocmulgee Circuit (Cline),,Write-in,0,0,0,0,0
Hancock,Mayfield 3B,Superior Court Judge, Ocmulgee Circuit (Cline),,Write-in,1,0,1,0,0
Hancock,,Superior Court Judge, Ocmulgee Circuit (George),,HULANE E. GEORGE ,1479,209,966,295,9
Hancock,Sparta,Superior Court Judge, Ocmulgee Circuit (George),,HULANE E. GEORGE ,340,58,203,76,3
Hancock,Devereux 1A,Superior Court Judge, Ocmulgee Circuit (George),,HULANE E. GEORGE ,210,41,130,34,5
Hancock,Devereux 1B,Superior Court Judge, Ocmulgee Circuit (George),,HULANE E. GEORGE ,289,38,202,49,0
Hancock,Linton A,Superior Court Judge, Ocmulgee Circuit (George),,HULANE E. GEORGE ,265,33,157,74,1
Hancock,Linton B,Superior Court Judge, Ocmulgee Circuit (George),,HULANE E. GEORGE ,121,5,105,11,0
Hancock,Mayfield 3A,Superior Court Judge, Ocmulgee Circuit (George),,HULANE E. GEORGE ,110,20,70,20,0
Hancock,Mayfield 3B,Superior Court Judge, Ocmulgee Circuit (George),,HULANE E. GEORGE ,144,14,99,31,0
Hancock,,Superior Court Judge, Ocmulgee Circuit (George),,Write-in,0,0,0,0,0
Hancock,Sparta,Superior Court Judge, Ocmulgee Circuit (George),,Write-in,0,0,0,0,0
Hancock,Devereux 1A,Superior Court Judge, Ocmulgee Circuit (George),,Write-in,0,0,0,0,0
Hancock,Devereux 1B,Superior Court Judge, Ocmulgee Circuit (George),,Write-in,0,0,0,0,0
Hancock,Linton A,Superior Court Judge, Ocmulgee Circuit (George),,Write-in,0,0,0,0,0
Hancock,Linton B,Superior Court Judge, Ocmulgee Circuit (George),,Write-in,0,0,0,0,0
Hancock,Mayfield 3A,Superior Court Judge, Ocmulgee Circuit (George),,Write-in,0,0,0,0,0
Hancock,Mayfield 3B,Superior Court Judge, Ocmulgee Circuit (George),,Write-in,0,0,0,0,0
Hancock,,Superior Court Judge, Ocmulgee Circuit (Prior),,WILLIAM PRIOR JR ,1514,233,969,303,9
Hancock,Sparta,Superior Court Judge, Ocmulgee Circuit (Prior),,WILLIAM PRIOR JR ,342,61,200,78,3
Hancock,Devereux 1A,Superior Court Judge, Ocmulgee Circuit (Prior),,WILLIAM PRIOR JR ,211,45,124,37,5
Hancock,Devereux 1B,Superior Court Judge, Ocmulgee Circuit (Prior),,WILLIAM PRIOR JR ,303,48,202,53,0
Hancock,Linton A,Superior Court Judge, Ocmulgee Circuit (Prior),,WILLIAM PRIOR JR ,273,35,163,74,1
Hancock,Linton B,Superior Court Judge, Ocmulgee Circuit (Prior),,WILLIAM PRIOR JR ,125,9,105,11,0
Hancock,Mayfield 3A,Superior Court Judge, Ocmulgee Circuit (Prior),,WILLIAM PRIOR JR ,122,20,81,21,0
Hancock,Mayfield 3B,Superior Court Judge, Ocmulgee Circuit (Prior),,WILLIAM PRIOR JR ,138,15,94,29,0
Hancock,,Superior Court Judge, Ocmulgee Circuit (Prior),,Write-in,0,0,0,0,0
Hancock,Sparta,Superior Court Judge, Ocmulgee Circuit (Prior),,Write-in,0,0,0,0,0
Hancock,Devereux 1A,Superior Court Judge, Ocmulgee Circuit (Prior),,Write-in,0,0,0,0,0
Hancock,Devereux 1B,Superior Court Judge, Ocmulgee Circuit (Prior),,Write-in,0,0,0,0,0
Hancock,Linton A,Superior Court Judge, Ocmulgee Circuit (Prior),,Write-in,0,0,0,0,0
Hancock,Linton B,Superior Court Judge, Ocmulgee Circuit (Prior),,Write-in,0,0,0,0,0
Hancock,Mayfield 3A,Superior Court Judge, Ocmulgee Circuit (Prior),,Write-in,0,0,0,0,0
Hancock,Mayfield 3B,Superior Court Judge, Ocmulgee Circuit (Prior),,Write-in,0,0,0,0,0
Hancock,,Superior Court Judge, Ocmulgee Circuit (Wingfield),,H. WINGFIELD III ,1450,213,941,289,7
Hancock,Sparta,Superior Court Judge, Ocmulgee Circuit (Wingfield),,H. WINGFIELD III ,322,56,191,73,2
Hancock,Devereux 1A,Superior Court Judge, Ocmulgee Circuit (Wingfield),,H. WINGFIELD III ,206,44,124,34,4
Hancock,Devereux 1B,Superior Court Judge, Ocmulgee Circuit (Wingfield),,H. WINGFIELD III ,286,40,199,47,0
Hancock,Linton A,Superior Court Judge, Ocmulgee Circuit (Wingfield),,H. WINGFIELD III ,263,33,154,75,1
Hancock,Linton B,Superior Court Judge, Ocmulgee Circuit (Wingfield),,H. WINGFIELD III ,119,5,103,11,0
Hancock,Mayfield 3A,Superior Court Judge, Ocmulgee Circuit (Wingfield),,H. WINGFIELD III ,110,19,72,19,0
Hancock,Mayfield 3B,Superior Court Judge, Ocmulgee Circuit (Wingfield),,H. WINGFIELD III ,144,16,98,30,0
Hancock,,Superior Court Judge, Ocmulgee Circuit (Wingfield),,Write-in,1,1,0,0,0
Hancock,Sparta,Superior Court Judge, Ocmulgee Circuit (Wingfield),,Write-in,1,1,0,0,0
Hancock,Devereux 1A,Superior Court Judge, Ocmulgee Circuit (Wingfield),,Write-in,0,0,0,0,0
Hancock,Devereux 1B,Superior Court Judge, Ocmulgee Circuit (Wingfield),,Write-in,0,0,0,0,0
Hancock,Linton A,Superior Court Judge, Ocmulgee Circuit (Wingfield),,Write-in,0,0,0,0,0
Hancock,Linton B,Superior Court Judge, Ocmulgee Circuit (Wingfield),,Write-in,0,0,0,0,0
Hancock,Mayfield 3A,Superior Court Judge, Ocmulgee Circuit (Wingfield),,Write-in,0,0,0,0,0
Hancock,Mayfield 3B,Superior Court Judge, Ocmulgee Circuit (Wingfield),,Write-in,0,0,0,0,0
Hancock,,Probate Judge,,,MARVA RICE ,1697,296,1061,331,9
Hancock,Sparta,Probate Judge,,,MARVA RICE ,415,82,245,86,2
Hancock,Devereux 1A,Probate Judge,,,MARVA RICE ,264,61,155,43,5
Hancock,Devereux 1B,Probate Judge,,,MARVA RICE ,314,54,202,58,0
Hancock,Linton A,Probate Judge,,,MARVA RICE ,280,44,157,78,1
Hancock,Linton B,Probate Judge,,,MARVA RICE ,120,11,98,10,1
Hancock,Mayfield 3A,Probate Judge,,,MARVA RICE ,144,23,97,24,0
Hancock,Mayfield 3B,Probate Judge,,,MARVA RICE ,160,21,107,32,0
Hancock,,Probate Judge,,,Write-in,14,1,8,5,0
Hancock,Sparta,Probate Judge,,,Write-in,2,0,1,1,0
Hancock,Devereux 1A,Probate Judge,,,Write-in,2,1,1,0,0
Hancock,Devereux 1B,Probate Judge,,,Write-in,3,0,1,2,0
Hancock,Linton A,Probate Judge,,,Write-in,6,0,4,2,0
Hancock,Linton B,Probate Judge,,,Write-in,0,0,0,0,0
Hancock,Mayfield 3A,Probate Judge,,,Write-in,0,0,0,0,0
Hancock,Mayfield 3B,Probate Judge,,,Write-in,1,0,1,0,0
Hancock,,TSPLOST,,,YES,1562,327,923,305,7
Hancock,Sparta,TSPLOST,,,YES,419,95,235,87,2
Hancock,Devereux 1A,TSPLOST,,,YES,219,62,123,32,2
Hancock,Devereux 1B,TSPLOST,,,YES,241,52,150,39,0
Hancock,Linton A,TSPLOST,,,YES,294,49,162,82,1
Hancock,Linton B,TSPLOST,,,YES,100,15,74,9,2
Hancock,Mayfield 3A,TSPLOST,,,YES,139,29,84,26,0
Hancock,Mayfield 3B,TSPLOST,,,YES,150,25,95,30,0
Hancock,,TSPLOST,,,NO,766,115,497,149,5
Hancock,Sparta,TSPLOST,,,NO,161,41,83,35,2
Hancock,Devereux 1A,TSPLOST,,,NO,89,20,50,16,3
Hancock,Devereux 1B,TSPLOST,,,NO,211,23,152,36,0
Hancock,Linton A,TSPLOST,,,NO,164,19,96,49,0
Hancock,Linton B,TSPLOST,,,NO,58,0,53,5,0
Hancock,Mayfield 3A,TSPLOST,,,NO,44,10,31,3,0
Hancock,Mayfield 3B,TSPLOST,,,NO,39,2,32,5,0
