county,precinct,office,district,party,candidate,votes,absentee_by_mail,election_day,advance_in_person,provisional
Miller,,"Public Service Commission, District 3",3,REP,CHUCK EATON (I),87,4,71,12,0
Miller,Colquitt-Miller,"Public Service Commission, District 3",3,REP,CHUCK EATON (I),87,4,71,12,0
Miller,,"Public Service Commission, District 3",3,REP,MATT REID,44,0,38,4,2
Miller,Colquitt-Miller,"Public Service Commission, District 3",3,REP,MATT REID,44,0,38,4,2
Miller,,"Public Service Commission, District 3",3,DEM,STEPHEN OPPENHEIMER,724,52,496,176,0
Miller,Colquitt-Miller,"Public Service Commission, District 3",3,DEM,STEPHEN OPPENHEIMER,724,52,496,176,0
Miller,,"Public Service Commission, District 5",5,REP,PAM DAVIDSON,46,1,41,3,1
Miller,Colquitt-Miller,"Public Service Commission, District 5",5,REP,PAM DAVIDSON,46,1,41,3,1
Miller,,"Public Service Commission, District 5",5,REP,STAN WISE (I),81,3,64,13,1
Miller,Colquitt-Miller,"Public Service Commission, District 5",5,REP,STAN WISE (I),81,3,64,13,1
Miller,,"U.S. Representative, District 2",2,REP,RICK ALLEN,53,2,47,4,0
Miller,Colquitt-Miller,"U.S. Representative, District 2",2,REP,RICK ALLEN,53,2,47,4,0
Miller,,"U.S. Representative, District 2",2,REP,KEN DELOACH,37,0,31,6,0
Miller,Colquitt-Miller,"U.S. Representative, District 2",2,REP,KEN DELOACH,37,0,31,6,0
Miller,,"U.S. Representative, District 2",2,REP,JOHN HOUSE,36,1,30,3,2
Miller,Colquitt-Miller,"U.S. Representative, District 2",2,REP,JOHN HOUSE,36,1,30,3,2
Miller,,"U.S. Representative, District 2",2,DEM,SANFORD BISHOP (I),837,52,538,246,1
Miller,Colquitt-Miller,"U.S. Representative, District 2",2,DEM,SANFORD BISHOP (I),837,52,538,246,1
Miller,,"State Senator, District 11",11,REP,JOHN BULLOCH (I),126,3,104,17,2
Miller,Colquitt-Miller,"State Senator, District 11",11,REP,JOHN BULLOCH (I),126,3,104,17,2
Miller,,"State Representative, District 154",154,DEM,WINFRED DUKES (I),708,50,476,182,0
Miller,Colquitt-Miller,"State Representative, District 154",154,DEM,WINFRED DUKES (I),708,50,476,182,0
Miller,,"District Attorney, Pataula Circuit", Pataula Circuit - DEM,DEM,T. CRAIG EARNEST (I),925,55,633,236,1
Miller,Colquitt-Miller,"District Attorney, Pataula Circuit", Pataula Circuit - DEM,DEM,T. CRAIG EARNEST (I),925,55,633,236,1
Miller,,"CLERK, SUPERIOR COURT", SUPERIOR COURT - D,,GAIL JOHNSON,989,61,650,276,2
Miller,Colquitt-Miller,"CLERK, SUPERIOR COURT", SUPERIOR COURT - D,,GAIL JOHNSON,989,61,650,276,2
Miller,,SHERIFF,,,H.E. BUDDY  GLASS,1145,89,681,374,1
Miller,Colquitt-Miller,SHERIFF,,,H.E. BUDDY  GLASS,1145,89,681,374,1
Miller,,SHERIFF,,,WALLACE PHILLIPS,400,12,272,113,3
Miller,Colquitt-Miller,SHERIFF,,,WALLACE PHILLIPS,400,12,272,113,3
Miller,,SHERIFF,,,DAVID BEAN,86,4,73,7,2
Miller,Colquitt-Miller,SHERIFF,,,DAVID BEAN,86,4,73,7,2
Miller,,TAX COMMISSIONER,,,JENNIFER WILLIAMS,1044,66,683,294,1
Miller,Colquitt-Miller,TAX COMMISSIONER,,,JENNIFER WILLIAMS,1044,66,683,294,1
Miller,,CORONER,,,DANNY B SHEFFIELD,1105,66,732,305,2
Miller,Colquitt-Miller,CORONER,,,DANNY B SHEFFIELD,1105,66,732,305,2
Miller,,"CC, D1", D1 - D,,FRANKIE PHILLIPS,167,6,114,47,0
Miller,Colquitt-Miller,"CC, D1", D1 - D,,FRANKIE PHILLIPS,167,6,114,47,0
Miller,,"CC, D3", D3 - D,,LADON CALHOUN,93,12,54,26,1
Miller,Colquitt-Miller,"CC, D3", D3 - D,,LADON CALHOUN,93,12,54,26,1
Miller,,"CC, D3", D3 - D,,WENDELL H. COX,111,4,81,25,1
Miller,Colquitt-Miller,"CC, D3", D3 - D,,WENDELL H. COX,111,4,81,25,1
Miller,,"CC, D3", D3 - D,,ALLEN WORSLEY,111,9,62,40,0
Miller,Colquitt-Miller,"CC, D3", D3 - D,,ALLEN WORSLEY,111,9,62,40,0
Miller,,"CC, D5", D5 - D,,JERRY A. BUSH,162,19,79,63,1
Miller,Colquitt-Miller,"CC, D5", D5 - D,,JERRY A. BUSH,162,19,79,63,1
Miller,,"CC, D5", D5 - D,,DENNIS E. HAIRE,74,15,39,20,0
Miller,Colquitt-Miller,"CC, D5", D5 - D,,DENNIS E. HAIRE,74,15,39,20,0
Miller,,"CC, D5", D5 - D,,"JIMMY ""BO""HAYWOOD",74,0,58,15,1
Miller,Colquitt-Miller,"CC, D5", D5 - D,,"JIMMY ""BO""HAYWOOD",74,0,58,15,1
Miller,,"CC, D5", D5 - D,,HOWARD G. SMALL JR.,82,3,57,22,0
Miller,Colquitt-Miller,"CC, D5", D5 - D,,HOWARD G. SMALL JR.,82,3,57,22,0
Miller,,BOE D1,,,LEROY M. BUSH ,177,4,102,71,0
Miller,Colquitt-Miller,BOE D1,,,LEROY M. BUSH ,177,4,102,71,0
Miller,,BOE D1,,,XAVIER SALTER,124,3,79,42,0
Miller,Colquitt-Miller,BOE D1,,,XAVIER SALTER,124,3,79,42,0
Miller,,BOE D3,,,"J.C. ""BUDDY"" JOHNSON",30,0,25,3,2
Miller,Colquitt-Miller,BOE D3,,,"J.C. ""BUDDY"" JOHNSON",30,0,25,3,2
Miller,,BOE D3,,,STACY SHEFFIELD,225,21,147,55,2
Miller,Colquitt-Miller,BOE D3,,,STACY SHEFFIELD,225,21,147,55,2
Miller,,BOE D5,,,BILLY W. ROLAND,33,0,32,1,0
Miller,Colquitt-Miller,BOE D5,,,BILLY W. ROLAND,33,0,32,1,0
Miller,,Republican Party Question 1<br>Should Georgia have casino gambling with funds going to education?,,REP,YES,72,3,62,6,1
Miller,Colquitt-Miller,Republican Party Question 1<br>Should Georgia have casino gambling with funds going to education?,,REP,YES,72,3,62,6,1
Miller,,Republican Party Question 1<br>Should Georgia have casino gambling with funds going to education?,,REP,NO,89,2,73,13,1
Miller,Colquitt-Miller,Republican Party Question 1<br>Should Georgia have casino gambling with funds going to education?,,REP,NO,89,2,73,13,1
Miller,,Republican Party Question 2<br>Do you support ending the current practice of unlimited gifts from lobbyists to state legislators by imposing a $100 cap on such gifts?,,REP,YES,122,4,99,17,2
Miller,Colquitt-Miller,Republican Party Question 2<br>Do you support ending the current practice of unlimited gifts from lobbyists to state legislators by imposing a $100 cap on such gifts?,,REP,YES,122,4,99,17,2
Miller,,Republican Party Question 2<br>Do you support ending the current practice of unlimited gifts from lobbyists to state legislators by imposing a $100 cap on such gifts?,,REP,NO,32,1,29,2,0
Miller,Colquitt-Miller,Republican Party Question 2<br>Do you support ending the current practice of unlimited gifts from lobbyists to state legislators by imposing a $100 cap on such gifts?,,REP,NO,32,1,29,2,0
Miller,,Republican Party Question 3<br>Should active duty military personnel who are under the age of 21 be allowed to obtain a Georgia weapons license?,,REP,YES,111,1,98,10,2
Miller,Colquitt-Miller,Republican Party Question 3<br>Should active duty military personnel who are under the age of 21 be allowed to obtain a Georgia weapons license?,,REP,YES,111,1,98,10,2
Miller,,Republican Party Question 3<br>Should active duty military personnel who are under the age of 21 be allowed to obtain a Georgia weapons license?,,REP,NO,45,4,32,9,0
Miller,Colquitt-Miller,Republican Party Question 3<br>Should active duty military personnel who are under the age of 21 be allowed to obtain a Georgia weapons license?,,REP,NO,45,4,32,9,0
Miller,,Republican Party Question 4<br>Should Citizens who wish to vote in a primary election be required to register by their political party affiliation at least thirty (30) days prior to such primary election?,,REP,YES,86,5,70,11,0
Miller,Colquitt-Miller,Republican Party Question 4<br>Should Citizens who wish to vote in a primary election be required to register by their political party affiliation at least thirty (30) days prior to such primary election?,,REP,YES,86,5,70,11,0
Miller,,Republican Party Question 4<br>Should Citizens who wish to vote in a primary election be required to register by their political party affiliation at least thirty (30) days prior to such primary election?,,REP,NO,71,0,61,8,2
Miller,Colquitt-Miller,Republican Party Question 4<br>Should Citizens who wish to vote in a primary election be required to register by their political party affiliation at least thirty (30) days prior to such primary election?,,REP,NO,71,0,61,8,2
Miller,,Republican Party Question 5 <br>Life Amendment Question,,REP,YES,104,5,83,14,2
Miller,Colquitt-Miller,Republican Party Question 5 <br>Life Amendment Question,,REP,YES,104,5,83,14,2
Miller,,Republican Party Question 5 <br>Life Amendment Question,,REP,NO,37,0,32,5,0
Miller,Colquitt-Miller,Republican Party Question 5 <br>Life Amendment Question,,REP,NO,37,0,32,5,0
Miller,,Democratic Party Question 1<br>Should the Georgia Constitution be amended to allow the state to override locally-elected school boards’ decisions when it comes to the creation of charter schools in your county or city?,,DEM,YES,653,38,419,196,0
Miller,Colquitt-Miller,Democratic Party Question 1<br>Should the Georgia Constitution be amended to allow the state to override locally-elected school boards’ decisions when it comes to the creation of charter schools in your county or city?,,DEM,YES,653,38,419,196,0
Miller,,Democratic Party Question 1<br>Should the Georgia Constitution be amended to allow the state to override locally-elected school boards’ decisions when it comes to the creation of charter schools in your county or city?,,DEM,NO,633,29,424,176,4
Miller,Colquitt-Miller,Democratic Party Question 1<br>Should the Georgia Constitution be amended to allow the state to override locally-elected school boards’ decisions when it comes to the creation of charter schools in your county or city?,,DEM,NO,633,29,424,176,4
Miller,,Democratic Party Question 2<br>Do you support ending current practice permitting unlimited gifts from lobbyists to state legislators?,,DEM,YES,896,56,608,229,3
Miller,Colquitt-Miller,Democratic Party Question 2<br>Do you support ending current practice permitting unlimited gifts from lobbyists to state legislators?,,DEM,YES,896,56,608,229,3
Miller,,Democratic Party Question 2<br>Do you support ending current practice permitting unlimited gifts from lobbyists to state legislators?,,DEM,NO,399,16,236,146,1
Miller,Colquitt-Miller,Democratic Party Question 2<br>Do you support ending current practice permitting unlimited gifts from lobbyists to state legislators?,,DEM,NO,399,16,236,146,1
Miller,,Democratic Party Question 3<br>Should Georgia adopt an income tax credit for home energy costs to support the economic security of our families?,,DEM,YES,894,49,598,245,2
Miller,Colquitt-Miller,Democratic Party Question 3<br>Should Georgia adopt an income tax credit for home energy costs to support the economic security of our families?,,DEM,YES,894,49,598,245,2
Miller,,Democratic Party Question 3<br>Should Georgia adopt an income tax credit for home energy costs to support the economic security of our families?,,DEM,NO,405,24,250,129,2
Miller,Colquitt-Miller,Democratic Party Question 3<br>Should Georgia adopt an income tax credit for home energy costs to support the economic security of our families?,,DEM,NO,405,24,250,129,2
Miller,,Democratic Party Question 4 <br>Should Georgia reduce sales taxes on Made in Georgia products so as to support the growth of small businesses in our state?,,DEM,YES,1086,57,719,307,3
Miller,Colquitt-Miller,Democratic Party Question 4 <br>Should Georgia reduce sales taxes on Made in Georgia products so as to support the growth of small businesses in our state?,,DEM,YES,1086,57,719,307,3
Miller,,Democratic Party Question 4 <br>Should Georgia reduce sales taxes on Made in Georgia products so as to support the growth of small businesses in our state?,,DEM,NO,232,16,138,77,1
Miller,Colquitt-Miller,Democratic Party Question 4 <br>Should Georgia reduce sales taxes on Made in Georgia products so as to support the growth of small businesses in our state?,,DEM,NO,232,16,138,77,1
Miller,,Supreme Court Justice, Hunstein,,CAROL W. HUNSTEIN,947,51,662,231,3
Miller,Colquitt-Miller,Supreme Court Justice, Hunstein,,CAROL W. HUNSTEIN,947,51,662,231,3
Miller,,Supreme Court Justice, Hunstein,,Write-in,3,1,2,0,0
Miller,Colquitt-Miller,Supreme Court Justice, Hunstein,,Write-in,3,1,2,0,0
Miller,,Supreme Court Justice, Melton,,HAROLD D. MELTON ,944,52,658,231,3
Miller,Colquitt-Miller,Supreme Court Justice, Melton,,HAROLD D. MELTON ,944,52,658,231,3
Miller,,Supreme Court Justice, Melton,,Write-in,1,0,1,0,0
Miller,Colquitt-Miller,Supreme Court Justice, Melton,,Write-in,1,0,1,0,0
Miller,,Supreme Court Justice, Thompson,,HUGH P. THOMPSON ,941,49,657,232,3
Miller,Colquitt-Miller,Supreme Court Justice, Thompson,,HUGH P. THOMPSON ,941,49,657,232,3
Miller,,Supreme Court Justice, Thompson,,Write-in,2,1,1,0,0
Miller,Colquitt-Miller,Supreme Court Justice, Thompson,,Write-in,2,1,1,0,0
Miller,,Appeals Court Judge, Boggs,,MICHAEL P. BOGGS ,901,51,632,215,3
Miller,Colquitt-Miller,Appeals Court Judge, Boggs,,MICHAEL P. BOGGS ,901,51,632,215,3
Miller,,Appeals Court Judge, Boggs,,Write-in,0,0,0,0,0
Miller,Colquitt-Miller,Appeals Court Judge, Boggs,,Write-in,0,0,0,0,0
Miller,,Appeals Court Judge, Dillard,,STEPHEN DILLARD ,896,49,630,214,3
Miller,Colquitt-Miller,Appeals Court Judge, Dillard,,STEPHEN DILLARD ,896,49,630,214,3
Miller,,Appeals Court Judge, Dillard,,Write-in,0,0,0,0,0
Miller,Colquitt-Miller,Appeals Court Judge, Dillard,,Write-in,0,0,0,0,0
Miller,,Appeals Court Judge, Ellington,,JOHN J. ELLINGTON,879,47,620,209,3
Miller,Colquitt-Miller,Appeals Court Judge, Ellington,,JOHN J. ELLINGTON,879,47,620,209,3
Miller,,Appeals Court Judge, Ellington,,Write-in,1,1,0,0,0
Miller,Colquitt-Miller,Appeals Court Judge, Ellington,,Write-in,1,1,0,0,0
Miller,,Appeals Court Judge, Miller,,M. YVETTE MILLER ,883,47,625,208,3
Miller,Colquitt-Miller,Appeals Court Judge, Miller,,M. YVETTE MILLER ,883,47,625,208,3
Miller,,Appeals Court Judge, Miller,,Write-in,1,1,0,0,0
Miller,Colquitt-Miller,Appeals Court Judge, Miller,,Write-in,1,1,0,0,0
Miller,,Appeals Court Judge, Phipps,,HERBERT PHIPPS ,897,49,629,216,3
Miller,Colquitt-Miller,Appeals Court Judge, Phipps,,HERBERT PHIPPS ,897,49,629,216,3
Miller,,Appeals Court Judge, Phipps,,Write-in,1,1,0,0,0
Miller,Colquitt-Miller,Appeals Court Judge, Phipps,,Write-in,1,1,0,0,0
Miller,,Superior Court Judge, Pataula Circuit (Lane),,RONNIE JOE LANE ,1218,64,817,333,4
Miller,Colquitt-Miller,Superior Court Judge, Pataula Circuit (Lane),,RONNIE JOE LANE ,1218,64,817,333,4
Miller,,Superior Court Judge, Pataula Circuit (Lane),,Write-in,4,0,4,0,0
Miller,Colquitt-Miller,Superior Court Judge, Pataula Circuit (Lane),,Write-in,4,0,4,0,0
Miller,,JUDGE, STATE COURT,,DANNY S. SHEPARD ,1234,69,833,328,4
Miller,Colquitt-Miller,JUDGE, STATE COURT,,DANNY S. SHEPARD ,1234,69,833,328,4
Miller,,JUDGE, STATE COURT,,Write-in,3,0,2,1,0
Miller,Colquitt-Miller,JUDGE, STATE COURT,,Write-in,3,0,2,1,0
Miller,,JUDGE, PROBATE COURT,,BRENDA G MCNEASE ,1203,63,829,308,3
Miller,Colquitt-Miller,JUDGE, PROBATE COURT,,BRENDA G MCNEASE ,1203,63,829,308,3
Miller,,JUDGE, PROBATE COURT,,Write-in,5,1,3,1,0
Miller,Colquitt-Miller,JUDGE, PROBATE COURT,,Write-in,5,1,3,1,0
Miller,,TSPLOST,,,YES,487,25,293,169,0
Miller,Colquitt-Miller,TSPLOST,,,YES,487,25,293,169,0
Miller,,TSPLOST,,,NO,1033,50,724,255,4
Miller,Colquitt-Miller,TSPLOST,,,NO,1033,50,724,255,4
Miller,,(SE) City Council,,,BUREN W. GRIFFIN,38,2,22,14,0
Miller,Colquitt-Miller,(SE) City Council,,,BUREN W. GRIFFIN,38,2,22,14,0
Miller,,(SE) City Council,,,ALGIN R. MERRIT,104,2,59,43,0
Miller,Colquitt-Miller,(SE) City Council,,,ALGIN R. MERRIT,104,2,59,43,0
