county,precinct,office,district,party,candidate,votes,absentee_by_mail,election_day,advance_in_person,provisional
Johnson,,"Public Service Commission, District 3",3,REP,CHUCK EATON (I),15,1,10,4,0
Johnson,Wrightsville,"Public Service Commission, District 3",3,REP,CHUCK EATON (I),5,0,1,4,0
Johnson,Smith,"Public Service Commission, District 3",3,REP,CHUCK EATON (I),4,0,4,0,0
Johnson,Bray,"Public Service Commission, District 3",3,REP,CHUCK EATON (I),1,0,1,0,0
Johnson,Kite,"Public Service Commission, District 3",3,REP,CHUCK EATON (I),5,1,4,0,0
Johnson,,"Public Service Commission, District 3",3,REP,MATT REID,9,0,3,6,0
Johnson,Wrightsville,"Public Service Commission, District 3",3,REP,MATT REID,7,0,1,6,0
Johnson,Smith,"Public Service Commission, District 3",3,REP,MATT REID,0,0,0,0,0
Johnson,Bray,"Public Service Commission, District 3",3,REP,MATT REID,0,0,0,0,0
Johnson,Kite,"Public Service Commission, District 3",3,REP,MATT REID,2,0,2,0,0
Johnson,,"Public Service Commission, District 3",3,DEM,STEPHEN OPPENHEIMER,1618,184,824,610,0
Johnson,Wrightsville,"Public Service Commission, District 3",3,DEM,STEPHEN OPPENHEIMER,890,136,320,434,0
Johnson,Smith,"Public Service Commission, District 3",3,DEM,STEPHEN OPPENHEIMER,188,10,144,34,0
Johnson,Bray,"Public Service Commission, District 3",3,DEM,STEPHEN OPPENHEIMER,246,28,147,71,0
Johnson,Kite,"Public Service Commission, District 3",3,DEM,STEPHEN OPPENHEIMER,294,10,213,71,0
Johnson,,"Public Service Commission, District 5",5,REP,PAM DAVIDSON,9,0,2,7,0
Johnson,Wrightsville,"Public Service Commission, District 5",5,REP,PAM DAVIDSON,8,0,1,7,0
Johnson,Smith,"Public Service Commission, District 5",5,REP,PAM DAVIDSON,0,0,0,0,0
Johnson,Bray,"Public Service Commission, District 5",5,REP,PAM DAVIDSON,0,0,0,0,0
Johnson,Kite,"Public Service Commission, District 5",5,REP,PAM DAVIDSON,1,0,1,0,0
Johnson,,"Public Service Commission, District 5",5,REP,STAN WISE (I),13,1,10,2,0
Johnson,Wrightsville,"Public Service Commission, District 5",5,REP,STAN WISE (I),3,0,1,2,0
Johnson,Smith,"Public Service Commission, District 5",5,REP,STAN WISE (I),4,0,4,0,0
Johnson,Bray,"Public Service Commission, District 5",5,REP,STAN WISE (I),1,0,1,0,0
Johnson,Kite,"Public Service Commission, District 5",5,REP,STAN WISE (I),5,1,4,0,0
Johnson,,"U.S. Representative, District 10",10,REP,PAUL C. BROUN (I),20,1,12,7,0
Johnson,Wrightsville,"U.S. Representative, District 10",10,REP,PAUL C. BROUN (I),10,0,3,7,0
Johnson,Smith,"U.S. Representative, District 10",10,REP,PAUL C. BROUN (I),4,0,4,0,0
Johnson,Bray,"U.S. Representative, District 10",10,REP,PAUL C. BROUN (I),1,0,1,0,0
Johnson,Kite,"U.S. Representative, District 10",10,REP,PAUL C. BROUN (I),5,1,4,0,0
Johnson,,"U.S. Representative, District 10",10,REP,STEPHEN K. SIMPSON,4,0,1,3,0
Johnson,Wrightsville,"U.S. Representative, District 10",10,REP,STEPHEN K. SIMPSON,3,0,0,3,0
Johnson,Smith,"U.S. Representative, District 10",10,REP,STEPHEN K. SIMPSON,0,0,0,0,0
Johnson,Bray,"U.S. Representative, District 10",10,REP,STEPHEN K. SIMPSON,0,0,0,0,0
Johnson,Kite,"U.S. Representative, District 10",10,REP,STEPHEN K. SIMPSON,1,0,1,0,0
Johnson,,"State Senator, District 23",23,REP,JESSE STONE (I),19,1,11,7,0
Johnson,Wrightsville,"State Senator, District 23",23,REP,JESSE STONE (I),9,0,2,7,0
Johnson,Smith,"State Senator, District 23",23,REP,JESSE STONE (I),3,0,3,0,0
Johnson,Bray,"State Senator, District 23",23,REP,JESSE STONE (I),1,0,1,0,0
Johnson,Kite,"State Senator, District 23",23,REP,JESSE STONE (I),6,1,5,0,0
Johnson,,"State Senator, District 23",23,DEM,ROBERT INGHAM,1551,184,784,583,0
Johnson,Wrightsville,"State Senator, District 23",23,DEM,ROBERT INGHAM,862,139,303,420,0
Johnson,Smith,"State Senator, District 23",23,DEM,ROBERT INGHAM,182,10,139,33,0
Johnson,Bray,"State Senator, District 23",23,DEM,ROBERT INGHAM,233,25,141,67,0
Johnson,Kite,"State Senator, District 23",23,DEM,ROBERT INGHAM,274,10,201,63,0
Johnson,,"State Representative, District 128",128,DEM,MACK JACKSON (I),914,138,378,398,0
Johnson,Wrightsville,"State Representative, District 128",128,DEM,MACK JACKSON (I),649,112,218,319,0
Johnson,Bray,"State Representative, District 128",128,DEM,MACK JACKSON (I),265,26,160,79,0
Johnson,,"State Representative, District 150",150,REP,MATT HATCHETT (I),13,1,9,3,0
Johnson,Wrightsville,"State Representative, District 150",150,REP,MATT HATCHETT (I),3,0,0,3,0
Johnson,Smith,"State Representative, District 150",150,REP,MATT HATCHETT (I),4,0,4,0,0
Johnson,Kite,"State Representative, District 150",150,REP,MATT HATCHETT (I),6,1,5,0,0
Johnson,,"State Representative, District 150",150,DEM,SHEIKH RAHMAN,678,51,394,233,0
Johnson,Wrightsville,"State Representative, District 150",150,DEM,SHEIKH RAHMAN,262,32,91,139,0
Johnson,Smith,"State Representative, District 150",150,DEM,SHEIKH RAHMAN,164,10,122,32,0
Johnson,Kite,"State Representative, District 150",150,DEM,SHEIKH RAHMAN,252,9,181,62,0
Johnson,,"District Attorney, Dublin Circuit", Dublin Circuit - DEM,DEM,CRAIG FRASER (I),2062,215,1031,816,0
Johnson,Wrightsville,"District Attorney, Dublin Circuit", Dublin Circuit - DEM,DEM,CRAIG FRASER (I),1144,163,400,581,0
Johnson,Smith,"District Attorney, Dublin Circuit", Dublin Circuit - DEM,DEM,CRAIG FRASER (I),224,10,169,45,0
Johnson,Bray,"District Attorney, Dublin Circuit", Dublin Circuit - DEM,DEM,CRAIG FRASER (I),318,26,190,102,0
Johnson,Kite,"District Attorney, Dublin Circuit", Dublin Circuit - DEM,DEM,CRAIG FRASER (I),376,16,272,88,0
Johnson,,Probate Judge,,,MARY JO BUXTON ,2225,223,1139,863,0
Johnson,Wrightsville,Probate Judge,,,MARY JO BUXTON ,1225,169,437,619,0
Johnson,Smith,Probate Judge,,,MARY JO BUXTON ,238,11,181,46,0
Johnson,Bray,Probate Judge,,,MARY JO BUXTON ,331,27,201,103,0
Johnson,Kite,Probate Judge,,,MARY JO BUXTON ,431,16,320,95,0
Johnson,,Superior Court Clerk,,,PATRICIA GLOVER ,2194,228,1113,853,0
Johnson,Wrightsville,Superior Court Clerk,,,PATRICIA GLOVER ,1230,172,442,616,0
Johnson,Smith,Superior Court Clerk,,,PATRICIA GLOVER ,231,11,174,46,0
Johnson,Bray,Superior Court Clerk,,,PATRICIA GLOVER ,338,29,206,103,0
Johnson,Kite,Superior Court Clerk,,,PATRICIA GLOVER ,395,16,291,88,0
Johnson,,Sheriff,,,SHANE MORRIS,16,0,11,5,0
Johnson,Wrightsville,Sheriff,,,SHANE MORRIS,8,0,3,5,0
Johnson,Smith,Sheriff,,,SHANE MORRIS,3,0,3,0,0
Johnson,Bray,Sheriff,,,SHANE MORRIS,0,0,0,0,0
Johnson,Kite,Sheriff,,,SHANE MORRIS,5,0,5,0,0
Johnson,,Sheriff,,,MICHAEL MORRIS,688,42,401,245,0
Johnson,Wrightsville,Sheriff,,,MICHAEL MORRIS,334,32,132,170,0
Johnson,Smith,Sheriff,,,MICHAEL MORRIS,130,2,104,24,0
Johnson,Bray,Sheriff,,,MICHAEL MORRIS,92,4,57,31,0
Johnson,Kite,Sheriff,,,MICHAEL MORRIS,132,4,108,20,0
Johnson,,Sheriff,,,RUSTY PAT OXFORD ,1285,369,525,391,0
Johnson,Wrightsville,Sheriff,,,RUSTY PAT OXFORD ,895,296,270,329,0
Johnson,Smith,Sheriff,,,RUSTY PAT OXFORD ,80,6,63,11,0
Johnson,Bray,Sheriff,,,RUSTY PAT OXFORD ,175,63,77,35,0
Johnson,Kite,Sheriff,,,RUSTY PAT OXFORD ,135,4,115,16,0
Johnson,,Sheriff,,,BARRY DAVIS POWELL,515,54,228,233,0
Johnson,Wrightsville,Sheriff,,,BARRY DAVIS POWELL,265,36,80,149,0
Johnson,Smith,Sheriff,,,BARRY DAVIS POWELL,36,1,27,8,0
Johnson,Bray,Sheriff,,,BARRY DAVIS POWELL,94,2,56,36,0
Johnson,Kite,Sheriff,,,BARRY DAVIS POWELL,120,15,65,40,0
Johnson,,Sheriff,,,BILLY RITCH,536,38,281,217,0
Johnson,Wrightsville,Sheriff,,,BILLY RITCH,276,26,98,152,0
Johnson,Smith,Sheriff,,,BILLY RITCH,66,5,46,15,0
Johnson,Bray,Sheriff,,,BILLY RITCH,86,6,57,23,0
Johnson,Kite,Sheriff,,,BILLY RITCH,108,1,80,27,0
Johnson,,Tax Commissioner,,,TAMMY S. ATTAWAY,725,53,363,309,0
Johnson,Wrightsville,Tax Commissioner,,,TAMMY S. ATTAWAY,418,40,137,241,0
Johnson,Smith,Tax Commissioner,,,TAMMY S. ATTAWAY,75,1,66,8,0
Johnson,Bray,Tax Commissioner,,,TAMMY S. ATTAWAY,127,8,79,40,0
Johnson,Kite,Tax Commissioner,,,TAMMY S. ATTAWAY,105,4,81,20,0
Johnson,,Tax Commissioner,,,SHERRY D VICKERS ,2265,446,1051,768,0
Johnson,Wrightsville,Tax Commissioner,,,SHERRY D VICKERS ,1328,346,433,549,0
Johnson,Smith,Tax Commissioner,,,SHERRY D VICKERS ,228,13,165,50,0
Johnson,Bray,Tax Commissioner,,,SHERRY D VICKERS ,319,67,167,85,0
Johnson,Kite,Tax Commissioner,,,SHERRY D VICKERS ,390,20,286,84,0
Johnson,,Surveyor,,,JOE H. JORDAN ,1974,202,992,780,0
Johnson,Wrightsville,Surveyor,,,JOE H. JORDAN ,1105,150,389,566,0
Johnson,Smith,Surveyor,,,JOE H. JORDAN ,205,9,156,40,0
Johnson,Bray,Surveyor,,,JOE H. JORDAN ,300,28,183,89,0
Johnson,Kite,Surveyor,,,JOE H. JORDAN ,364,15,264,85,0
Johnson,,Coroner,,,ALLEN KYZER,16,1,10,5,0
Johnson,Wrightsville,Coroner,,,ALLEN KYZER,8,0,3,5,0
Johnson,Smith,Coroner,,,ALLEN KYZER,3,0,3,0,0
Johnson,Bray,Coroner,,,ALLEN KYZER,1,0,1,0,0
Johnson,Kite,Coroner,,,ALLEN KYZER,4,1,3,0,0
Johnson,,Coroner,,,KENNETH JONES JR.,1458,152,679,627,0
Johnson,Wrightsville,Coroner,,,KENNETH JONES JR.,897,115,310,472,0
Johnson,Smith,Coroner,,,KENNETH JONES JR.,70,3,50,17,0
Johnson,Bray,Coroner,,,KENNETH JONES JR.,231,20,139,72,0
Johnson,Kite,Coroner,,,KENNETH JONES JR.,260,14,180,66,0
Johnson,,Coroner,,,JERRY A. WILLIAMS,1309,289,628,392,0
Johnson,Wrightsville,Coroner,,,JERRY A. WILLIAMS,703,218,215,270,0
Johnson,Smith,Coroner,,,JERRY A. WILLIAMS,222,11,172,39,0
Johnson,Bray,Coroner,,,JERRY A. WILLIAMS,191,53,90,48,0
Johnson,Kite,Coroner,,,JERRY A. WILLIAMS,193,7,151,35,0
Johnson,,County Comm 2,,,MICHAEL BRANTLEY,225,13,113,99,0
Johnson,Wrightsville,County Comm 2,,,MICHAEL BRANTLEY,123,11,40,72,0
Johnson,Bray,County Comm 2,,,MICHAEL BRANTLEY,102,2,73,27,0
Johnson,,County Comm 2,,,JAMES MCAFEE JR. ,382,56,150,176,0
Johnson,Wrightsville,County Comm 2,,,JAMES MCAFEE JR. ,235,44,60,131,0
Johnson,Bray,County Comm 2,,,JAMES MCAFEE JR. ,147,12,90,45,0
Johnson,,County Comm 3,,I,JERRONNEY DARRISAW,392,242,82,68,0
Johnson,Wrightsville,County Comm 3,,I,JERRONNEY DARRISAW,293,190,45,58,0
Johnson,Bray,County Comm 3,,I,JERRONNEY DARRISAW,99,52,37,10,0
Johnson,,County Comm 3,,,BRUCE VEAL,308,54,119,135,0
Johnson,Wrightsville,County Comm 3,,,BRUCE VEAL,217,46,76,95,0
Johnson,Bray,County Comm 3,,,BRUCE VEAL,91,8,43,40,0
Johnson,,County Comm 4,,,LARRY R. POPE,10,1,6,3,0
Johnson,Wrightsville,County Comm 4,,,LARRY R. POPE,4,0,1,3,0
Johnson,Kite,County Comm 4,,,LARRY R. POPE,6,1,5,0,0
Johnson,,County Comm 4,,,LARRY M. ROLLINS,304,10,181,113,0
Johnson,Wrightsville,County Comm 4,,,LARRY M. ROLLINS,109,5,36,68,0
Johnson,Kite,County Comm 4,,,LARRY M. ROLLINS,195,5,145,45,0
Johnson,,County Comm 4,,,DONALD SMITH ,343,27,196,120,0
Johnson,Wrightsville,County Comm 4,,,DONALD SMITH ,156,11,55,90,0
Johnson,Kite,County Comm 4,,,DONALD SMITH ,187,16,141,30,0
Johnson,,Republican Party Question 1<br>Should Georgia have casino gambling with funds going to education?,,REP,YES,12,1,6,5,0
Johnson,Wrightsville,Republican Party Question 1<br>Should Georgia have casino gambling with funds going to education?,,REP,YES,6,0,1,5,0
Johnson,Smith,Republican Party Question 1<br>Should Georgia have casino gambling with funds going to education?,,REP,YES,1,0,1,0,0
Johnson,Bray,Republican Party Question 1<br>Should Georgia have casino gambling with funds going to education?,,REP,YES,1,0,1,0,0
Johnson,Kite,Republican Party Question 1<br>Should Georgia have casino gambling with funds going to education?,,REP,YES,4,1,3,0,0
Johnson,,Republican Party Question 1<br>Should Georgia have casino gambling with funds going to education?,,REP,NO,13,0,8,5,0
Johnson,Wrightsville,Republican Party Question 1<br>Should Georgia have casino gambling with funds going to education?,,REP,NO,7,0,2,5,0
Johnson,Smith,Republican Party Question 1<br>Should Georgia have casino gambling with funds going to education?,,REP,NO,3,0,3,0,0
Johnson,Bray,Republican Party Question 1<br>Should Georgia have casino gambling with funds going to education?,,REP,NO,0,0,0,0,0
Johnson,Kite,Republican Party Question 1<br>Should Georgia have casino gambling with funds going to education?,,REP,NO,3,0,3,0,0
Johnson,,Republican Party Question 2<br>Do you support ending the current practice of unlimited gifts from lobbyists to state legislators by imposing a $100 cap on such gifts?,,REP,YES,23,1,13,9,0
Johnson,Wrightsville,Republican Party Question 2<br>Do you support ending the current practice of unlimited gifts from lobbyists to state legislators by imposing a $100 cap on such gifts?,,REP,YES,12,0,3,9,0
Johnson,Smith,Republican Party Question 2<br>Do you support ending the current practice of unlimited gifts from lobbyists to state legislators by imposing a $100 cap on such gifts?,,REP,YES,4,0,4,0,0
Johnson,Bray,Republican Party Question 2<br>Do you support ending the current practice of unlimited gifts from lobbyists to state legislators by imposing a $100 cap on such gifts?,,REP,YES,1,0,1,0,0
Johnson,Kite,Republican Party Question 2<br>Do you support ending the current practice of unlimited gifts from lobbyists to state legislators by imposing a $100 cap on such gifts?,,REP,YES,6,1,5,0,0
Johnson,,Republican Party Question 2<br>Do you support ending the current practice of unlimited gifts from lobbyists to state legislators by imposing a $100 cap on such gifts?,,REP,NO,2,0,1,1,0
Johnson,Wrightsville,Republican Party Question 2<br>Do you support ending the current practice of unlimited gifts from lobbyists to state legislators by imposing a $100 cap on such gifts?,,REP,NO,1,0,0,1,0
Johnson,Smith,Republican Party Question 2<br>Do you support ending the current practice of unlimited gifts from lobbyists to state legislators by imposing a $100 cap on such gifts?,,REP,NO,0,0,0,0,0
Johnson,Bray,Republican Party Question 2<br>Do you support ending the current practice of unlimited gifts from lobbyists to state legislators by imposing a $100 cap on such gifts?,,REP,NO,0,0,0,0,0
Johnson,Kite,Republican Party Question 2<br>Do you support ending the current practice of unlimited gifts from lobbyists to state legislators by imposing a $100 cap on such gifts?,,REP,NO,1,0,1,0,0
Johnson,,Republican Party Question 3<br>Should active duty military personnel who are under the age of 21 be allowed to obtain a Georgia weapons license?,,REP,YES,18,1,11,6,0
Johnson,Wrightsville,Republican Party Question 3<br>Should active duty military personnel who are under the age of 21 be allowed to obtain a Georgia weapons license?,,REP,YES,8,0,2,6,0
Johnson,Smith,Republican Party Question 3<br>Should active duty military personnel who are under the age of 21 be allowed to obtain a Georgia weapons license?,,REP,YES,3,0,3,0,0
Johnson,Bray,Republican Party Question 3<br>Should active duty military personnel who are under the age of 21 be allowed to obtain a Georgia weapons license?,,REP,YES,1,0,1,0,0
Johnson,Kite,Republican Party Question 3<br>Should active duty military personnel who are under the age of 21 be allowed to obtain a Georgia weapons license?,,REP,YES,6,1,5,0,0
Johnson,,Republican Party Question 3<br>Should active duty military personnel who are under the age of 21 be allowed to obtain a Georgia weapons license?,,REP,NO,7,0,3,4,0
Johnson,Wrightsville,Republican Party Question 3<br>Should active duty military personnel who are under the age of 21 be allowed to obtain a Georgia weapons license?,,REP,NO,5,0,1,4,0
Johnson,Smith,Republican Party Question 3<br>Should active duty military personnel who are under the age of 21 be allowed to obtain a Georgia weapons license?,,REP,NO,1,0,1,0,0
Johnson,Bray,Republican Party Question 3<br>Should active duty military personnel who are under the age of 21 be allowed to obtain a Georgia weapons license?,,REP,NO,0,0,0,0,0
Johnson,Kite,Republican Party Question 3<br>Should active duty military personnel who are under the age of 21 be allowed to obtain a Georgia weapons license?,,REP,NO,1,0,1,0,0
Johnson,,Republican Party Question 4<br>Should Citizens who wish to vote in a primary election be required to register by their political party affiliation at least thirty (30) days prior to such primary election?,,REP,YES,16,1,9,6,0
Johnson,Wrightsville,Republican Party Question 4<br>Should Citizens who wish to vote in a primary election be required to register by their political party affiliation at least thirty (30) days prior to such primary election?,,REP,YES,8,0,2,6,0
Johnson,Smith,Republican Party Question 4<br>Should Citizens who wish to vote in a primary election be required to register by their political party affiliation at least thirty (30) days prior to such primary election?,,REP,YES,3,0,3,0,0
Johnson,Bray,Republican Party Question 4<br>Should Citizens who wish to vote in a primary election be required to register by their political party affiliation at least thirty (30) days prior to such primary election?,,REP,YES,1,0,1,0,0
Johnson,Kite,Republican Party Question 4<br>Should Citizens who wish to vote in a primary election be required to register by their political party affiliation at least thirty (30) days prior to such primary election?,,REP,YES,4,1,3,0,0
Johnson,,Republican Party Question 4<br>Should Citizens who wish to vote in a primary election be required to register by their political party affiliation at least thirty (30) days prior to such primary election?,,REP,NO,8,0,5,3,0
Johnson,Wrightsville,Republican Party Question 4<br>Should Citizens who wish to vote in a primary election be required to register by their political party affiliation at least thirty (30) days prior to such primary election?,,REP,NO,4,0,1,3,0
Johnson,Smith,Republican Party Question 4<br>Should Citizens who wish to vote in a primary election be required to register by their political party affiliation at least thirty (30) days prior to such primary election?,,REP,NO,1,0,1,0,0
Johnson,Bray,Republican Party Question 4<br>Should Citizens who wish to vote in a primary election be required to register by their political party affiliation at least thirty (30) days prior to such primary election?,,REP,NO,0,0,0,0,0
Johnson,Kite,Republican Party Question 4<br>Should Citizens who wish to vote in a primary election be required to register by their political party affiliation at least thirty (30) days prior to such primary election?,,REP,NO,3,0,3,0,0
Johnson,,Republican Party Question 5 <br>Life Amendment Question,,REP,YES,21,1,12,8,0
Johnson,Wrightsville,Republican Party Question 5 <br>Life Amendment Question,,REP,YES,11,0,3,8,0
Johnson,Smith,Republican Party Question 5 <br>Life Amendment Question,,REP,YES,4,0,4,0,0
Johnson,Bray,Republican Party Question 5 <br>Life Amendment Question,,REP,YES,0,0,0,0,0
Johnson,Kite,Republican Party Question 5 <br>Life Amendment Question,,REP,YES,6,1,5,0,0
Johnson,,Republican Party Question 5 <br>Life Amendment Question,,REP,NO,2,0,2,0,0
Johnson,Wrightsville,Republican Party Question 5 <br>Life Amendment Question,,REP,NO,0,0,0,0,0
Johnson,Smith,Republican Party Question 5 <br>Life Amendment Question,,REP,NO,0,0,0,0,0
Johnson,Bray,Republican Party Question 5 <br>Life Amendment Question,,REP,NO,1,0,1,0,0
Johnson,Kite,Republican Party Question 5 <br>Life Amendment Question,,REP,NO,1,0,1,0,0
Johnson,,Democratic Party Question 1<br>Should the Georgia Constitution be amended to allow the state to override locally-elected school boards’ decisions when it comes to the creation of charter schools in your county or city?,,DEM,YES,1059,226,493,340,0
Johnson,Wrightsville,Democratic Party Question 1<br>Should the Georgia Constitution be amended to allow the state to override locally-elected school boards’ decisions when it comes to the creation of charter schools in your county or city?,,DEM,YES,674,170,249,255,0
Johnson,Smith,Democratic Party Question 1<br>Should the Georgia Constitution be amended to allow the state to override locally-elected school boards’ decisions when it comes to the creation of charter schools in your county or city?,,DEM,YES,82,2,61,19,0
Johnson,Bray,Democratic Party Question 1<br>Should the Georgia Constitution be amended to allow the state to override locally-elected school boards’ decisions when it comes to the creation of charter schools in your county or city?,,DEM,YES,156,46,76,34,0
Johnson,Kite,Democratic Party Question 1<br>Should the Georgia Constitution be amended to allow the state to override locally-elected school boards’ decisions when it comes to the creation of charter schools in your county or city?,,DEM,YES,147,8,107,32,0
Johnson,,Democratic Party Question 1<br>Should the Georgia Constitution be amended to allow the state to override locally-elected school boards’ decisions when it comes to the creation of charter schools in your county or city?,,DEM,NO,1525,148,763,614,0
Johnson,Wrightsville,Democratic Party Question 1<br>Should the Georgia Constitution be amended to allow the state to override locally-elected school boards’ decisions when it comes to the creation of charter schools in your county or city?,,DEM,NO,794,105,251,438,0
Johnson,Smith,Democratic Party Question 1<br>Should the Georgia Constitution be amended to allow the state to override locally-elected school boards’ decisions when it comes to the creation of charter schools in your county or city?,,DEM,NO,186,11,144,31,0
Johnson,Bray,Democratic Party Question 1<br>Should the Georgia Constitution be amended to allow the state to override locally-elected school boards’ decisions when it comes to the creation of charter schools in your county or city?,,DEM,NO,247,23,144,80,0
Johnson,Kite,Democratic Party Question 1<br>Should the Georgia Constitution be amended to allow the state to override locally-elected school boards’ decisions when it comes to the creation of charter schools in your county or city?,,DEM,NO,298,9,224,65,0
Johnson,,Democratic Party Question 2<br>Do you support ending current practice permitting unlimited gifts from lobbyists to state legislators?,,DEM,YES,1770,197,892,681,0
Johnson,Wrightsville,Democratic Party Question 2<br>Do you support ending current practice permitting unlimited gifts from lobbyists to state legislators?,,DEM,YES,970,151,333,486,0
Johnson,Smith,Democratic Party Question 2<br>Do you support ending current practice permitting unlimited gifts from lobbyists to state legislators?,,DEM,YES,209,10,161,38,0
Johnson,Bray,Democratic Party Question 2<br>Do you support ending current practice permitting unlimited gifts from lobbyists to state legislators?,,DEM,YES,264,20,157,87,0
Johnson,Kite,Democratic Party Question 2<br>Do you support ending current practice permitting unlimited gifts from lobbyists to state legislators?,,DEM,YES,327,16,241,70,0
Johnson,,Democratic Party Question 2<br>Do you support ending current practice permitting unlimited gifts from lobbyists to state legislators?,,DEM,NO,749,94,377,278,0
Johnson,Wrightsville,Democratic Party Question 2<br>Do you support ending current practice permitting unlimited gifts from lobbyists to state legislators?,,DEM,NO,448,72,169,207,0
Johnson,Smith,Democratic Party Question 2<br>Do you support ending current practice permitting unlimited gifts from lobbyists to state legislators?,,DEM,NO,68,2,51,15,0
Johnson,Bray,Democratic Party Question 2<br>Do you support ending current practice permitting unlimited gifts from lobbyists to state legislators?,,DEM,NO,116,18,67,31,0
Johnson,Kite,Democratic Party Question 2<br>Do you support ending current practice permitting unlimited gifts from lobbyists to state legislators?,,DEM,NO,117,2,90,25,0
Johnson,,Democratic Party Question 3<br>Should Georgia adopt an income tax credit for home energy costs to support the economic security of our families?,,DEM,YES,1830,244,905,681,0
Johnson,Wrightsville,Democratic Party Question 3<br>Should Georgia adopt an income tax credit for home energy costs to support the economic security of our families?,,DEM,YES,1043,187,357,499,0
Johnson,Smith,Democratic Party Question 3<br>Should Georgia adopt an income tax credit for home energy costs to support the economic security of our families?,,DEM,YES,195,13,145,37,0
Johnson,Bray,Democratic Party Question 3<br>Should Georgia adopt an income tax credit for home energy costs to support the economic security of our families?,,DEM,YES,257,28,157,72,0
Johnson,Kite,Democratic Party Question 3<br>Should Georgia adopt an income tax credit for home energy costs to support the economic security of our families?,,DEM,YES,335,16,246,73,0
Johnson,,Democratic Party Question 3<br>Should Georgia adopt an income tax credit for home energy costs to support the economic security of our families?,,DEM,NO,689,52,363,274,0
Johnson,Wrightsville,Democratic Party Question 3<br>Should Georgia adopt an income tax credit for home energy costs to support the economic security of our families?,,DEM,NO,383,38,149,196,0
Johnson,Smith,Democratic Party Question 3<br>Should Georgia adopt an income tax credit for home energy costs to support the economic security of our families?,,DEM,NO,75,0,62,13,0
Johnson,Bray,Democratic Party Question 3<br>Should Georgia adopt an income tax credit for home energy costs to support the economic security of our families?,,DEM,NO,122,11,68,43,0
Johnson,Kite,Democratic Party Question 3<br>Should Georgia adopt an income tax credit for home energy costs to support the economic security of our families?,,DEM,NO,109,3,84,22,0
Johnson,,Democratic Party Question 4 <br>Should Georgia reduce sales taxes on Made in Georgia products so as to support the growth of small businesses in our state?,,DEM,YES,2287,269,1147,871,0
Johnson,Wrightsville,Democratic Party Question 4 <br>Should Georgia reduce sales taxes on Made in Georgia products so as to support the growth of small businesses in our state?,,DEM,YES,1297,201,460,636,0
Johnson,Smith,Democratic Party Question 4 <br>Should Georgia reduce sales taxes on Made in Georgia products so as to support the growth of small businesses in our state?,,DEM,YES,245,13,185,47,0
Johnson,Bray,Democratic Party Question 4 <br>Should Georgia reduce sales taxes on Made in Georgia products so as to support the growth of small businesses in our state?,,DEM,YES,326,37,192,97,0
Johnson,Kite,Democratic Party Question 4 <br>Should Georgia reduce sales taxes on Made in Georgia products so as to support the growth of small businesses in our state?,,DEM,YES,419,18,310,91,0
Johnson,,Democratic Party Question 4 <br>Should Georgia reduce sales taxes on Made in Georgia products so as to support the growth of small businesses in our state?,,DEM,NO,289,25,144,120,0
Johnson,Wrightsville,Democratic Party Question 4 <br>Should Georgia reduce sales taxes on Made in Georgia products so as to support the growth of small businesses in our state?,,DEM,NO,167,22,59,86,0
Johnson,Smith,Democratic Party Question 4 <br>Should Georgia reduce sales taxes on Made in Georgia products so as to support the growth of small businesses in our state?,,DEM,NO,31,0,26,5,0
Johnson,Bray,Democratic Party Question 4 <br>Should Georgia reduce sales taxes on Made in Georgia products so as to support the growth of small businesses in our state?,,DEM,NO,57,2,34,21,0
Johnson,Kite,Democratic Party Question 4 <br>Should Georgia reduce sales taxes on Made in Georgia products so as to support the growth of small businesses in our state?,,DEM,NO,34,1,25,8,0
Johnson,,Supreme Court Justice, Hunstein,,CAROL W. HUNSTEIN,1807,178,945,684,0
Johnson,Wrightsville,Supreme Court Justice, Hunstein,,CAROL W. HUNSTEIN,1003,134,379,490,0
Johnson,Smith,Supreme Court Justice, Hunstein,,CAROL W. HUNSTEIN,203,10,157,36,0
Johnson,Bray,Supreme Court Justice, Hunstein,,CAROL W. HUNSTEIN,258,22,159,77,0
Johnson,Kite,Supreme Court Justice, Hunstein,,CAROL W. HUNSTEIN,343,12,250,81,0
Johnson,,Supreme Court Justice, Hunstein,,Write-in,3,0,2,1,0
Johnson,Wrightsville,Supreme Court Justice, Hunstein,,Write-in,2,0,1,1,0
Johnson,Smith,Supreme Court Justice, Hunstein,,Write-in,1,0,1,0,0
Johnson,Bray,Supreme Court Justice, Hunstein,,Write-in,0,0,0,0,0
Johnson,Kite,Supreme Court Justice, Hunstein,,Write-in,0,0,0,0,0
Johnson,,Supreme Court Justice, Melton,,HAROLD D. MELTON ,1832,175,956,701,0
Johnson,Wrightsville,Supreme Court Justice, Melton,,HAROLD D. MELTON ,1027,133,391,503,0
Johnson,Smith,Supreme Court Justice, Melton,,HAROLD D. MELTON ,204,10,157,37,0
Johnson,Bray,Supreme Court Justice, Melton,,HAROLD D. MELTON ,262,21,163,78,0
Johnson,Kite,Supreme Court Justice, Melton,,HAROLD D. MELTON ,339,11,245,83,0
Johnson,,Supreme Court Justice, Melton,,Write-in,4,1,3,0,0
Johnson,Wrightsville,Supreme Court Justice, Melton,,Write-in,2,1,1,0,0
Johnson,Smith,Supreme Court Justice, Melton,,Write-in,1,0,1,0,0
Johnson,Bray,Supreme Court Justice, Melton,,Write-in,0,0,0,0,0
Johnson,Kite,Supreme Court Justice, Melton,,Write-in,1,0,1,0,0
Johnson,,Supreme Court Justice, Thompson,,HUGH P. THOMPSON ,1782,176,925,681,0
Johnson,Wrightsville,Supreme Court Justice, Thompson,,HUGH P. THOMPSON ,986,132,371,483,0
Johnson,Smith,Supreme Court Justice, Thompson,,HUGH P. THOMPSON ,202,10,153,39,0
Johnson,Bray,Supreme Court Justice, Thompson,,HUGH P. THOMPSON ,255,23,158,74,0
Johnson,Kite,Supreme Court Justice, Thompson,,HUGH P. THOMPSON ,339,11,243,85,0
Johnson,,Supreme Court Justice, Thompson,,Write-in,4,1,3,0,0
Johnson,Wrightsville,Supreme Court Justice, Thompson,,Write-in,1,1,0,0,0
Johnson,Smith,Supreme Court Justice, Thompson,,Write-in,1,0,1,0,0
Johnson,Bray,Supreme Court Justice, Thompson,,Write-in,1,0,1,0,0
Johnson,Kite,Supreme Court Justice, Thompson,,Write-in,1,0,1,0,0
Johnson,,Appeals Court Judge, Boggs,,MICHAEL P. BOGGS ,1719,166,901,652,0
Johnson,Wrightsville,Appeals Court Judge, Boggs,,MICHAEL P. BOGGS ,958,125,362,471,0
Johnson,Smith,Appeals Court Judge, Boggs,,MICHAEL P. BOGGS ,198,10,151,37,0
Johnson,Bray,Appeals Court Judge, Boggs,,MICHAEL P. BOGGS ,242,20,151,71,0
Johnson,Kite,Appeals Court Judge, Boggs,,MICHAEL P. BOGGS ,321,11,237,73,0
Johnson,,Appeals Court Judge, Boggs,,Write-in,0,0,0,0,0
Johnson,Wrightsville,Appeals Court Judge, Boggs,,Write-in,0,0,0,0,0
Johnson,Smith,Appeals Court Judge, Boggs,,Write-in,0,0,0,0,0
Johnson,Bray,Appeals Court Judge, Boggs,,Write-in,0,0,0,0,0
Johnson,Kite,Appeals Court Judge, Boggs,,Write-in,0,0,0,0,0
Johnson,,Appeals Court Judge, Dillard,,STEPHEN DILLARD ,1718,170,893,655,0
Johnson,Wrightsville,Appeals Court Judge, Dillard,,STEPHEN DILLARD ,956,127,357,472,0
Johnson,Smith,Appeals Court Judge, Dillard,,STEPHEN DILLARD ,198,10,151,37,0
Johnson,Bray,Appeals Court Judge, Dillard,,STEPHEN DILLARD ,245,22,151,72,0
Johnson,Kite,Appeals Court Judge, Dillard,,STEPHEN DILLARD ,319,11,234,74,0
Johnson,,Appeals Court Judge, Dillard,,Write-in,0,0,0,0,0
Johnson,Wrightsville,Appeals Court Judge, Dillard,,Write-in,0,0,0,0,0
Johnson,Smith,Appeals Court Judge, Dillard,,Write-in,0,0,0,0,0
Johnson,Bray,Appeals Court Judge, Dillard,,Write-in,0,0,0,0,0
Johnson,Kite,Appeals Court Judge, Dillard,,Write-in,0,0,0,0,0
Johnson,,Appeals Court Judge, Ellington,,JOHN J. ELLINGTON,1767,173,914,680,0
Johnson,Wrightsville,Appeals Court Judge, Ellington,,JOHN J. ELLINGTON,982,129,366,487,0
Johnson,Smith,Appeals Court Judge, Ellington,,JOHN J. ELLINGTON,202,10,155,37,0
Johnson,Bray,Appeals Court Judge, Ellington,,JOHN J. ELLINGTON,259,24,155,80,0
Johnson,Kite,Appeals Court Judge, Ellington,,JOHN J. ELLINGTON,324,10,238,76,0
Johnson,,Appeals Court Judge, Ellington,,Write-in,2,1,1,0,0
Johnson,Wrightsville,Appeals Court Judge, Ellington,,Write-in,1,1,0,0,0
Johnson,Smith,Appeals Court Judge, Ellington,,Write-in,1,0,1,0,0
Johnson,Bray,Appeals Court Judge, Ellington,,Write-in,0,0,0,0,0
Johnson,Kite,Appeals Court Judge, Ellington,,Write-in,0,0,0,0,0
Johnson,,Appeals Court Judge, Miller,,M. YVETTE MILLER ,1717,176,888,653,0
Johnson,Wrightsville,Appeals Court Judge, Miller,,M. YVETTE MILLER ,967,133,361,473,0
Johnson,Smith,Appeals Court Judge, Miller,,M. YVETTE MILLER ,191,10,146,35,0
Johnson,Bray,Appeals Court Judge, Miller,,M. YVETTE MILLER ,242,22,149,71,0
Johnson,Kite,Appeals Court Judge, Miller,,M. YVETTE MILLER ,317,11,232,74,0
Johnson,,Appeals Court Judge, Miller,,Write-in,0,0,0,0,0
Johnson,Wrightsville,Appeals Court Judge, Miller,,Write-in,0,0,0,0,0
Johnson,Smith,Appeals Court Judge, Miller,,Write-in,0,0,0,0,0
Johnson,Bray,Appeals Court Judge, Miller,,Write-in,0,0,0,0,0
Johnson,Kite,Appeals Court Judge, Miller,,Write-in,0,0,0,0,0
Johnson,,Appeals Court Judge, Phipps,,HERBERT PHIPPS ,1706,171,892,643,0
Johnson,Wrightsville,Appeals Court Judge, Phipps,,HERBERT PHIPPS ,952,128,362,462,0
Johnson,Smith,Appeals Court Judge, Phipps,,HERBERT PHIPPS ,194,10,148,36,0
Johnson,Bray,Appeals Court Judge, Phipps,,HERBERT PHIPPS ,244,22,151,71,0
Johnson,Kite,Appeals Court Judge, Phipps,,HERBERT PHIPPS ,316,11,231,74,0
Johnson,,Appeals Court Judge, Phipps,,Write-in,0,0,0,0,0
Johnson,Wrightsville,Appeals Court Judge, Phipps,,Write-in,0,0,0,0,0
Johnson,Smith,Appeals Court Judge, Phipps,,Write-in,0,0,0,0,0
Johnson,Bray,Appeals Court Judge, Phipps,,Write-in,0,0,0,0,0
Johnson,Kite,Appeals Court Judge, Phipps,,Write-in,0,0,0,0,0
Johnson,,Superior Court Judge, Dublin Circuit (Flanders),I,H. G. FLANDERS JR.,1952,180,1011,761,0
Johnson,Wrightsville,Superior Court Judge, Dublin Circuit (Flanders),I,H. G. FLANDERS JR.,1097,135,411,551,0
Johnson,Smith,Superior Court Judge, Dublin Circuit (Flanders),I,H. G. FLANDERS JR.,230,10,178,42,0
Johnson,Bray,Superior Court Judge, Dublin Circuit (Flanders),I,H. G. FLANDERS JR.,276,22,168,86,0
Johnson,Kite,Superior Court Judge, Dublin Circuit (Flanders),I,H. G. FLANDERS JR.,349,13,254,82,0
Johnson,,Superior Court Judge, Dublin Circuit (Flanders),,Write-in,5,1,3,1,0
Johnson,Wrightsville,Superior Court Judge, Dublin Circuit (Flanders),,Write-in,0,0,0,0,0
Johnson,Smith,Superior Court Judge, Dublin Circuit (Flanders),,Write-in,2,0,1,1,0
Johnson,Bray,Superior Court Judge, Dublin Circuit (Flanders),,Write-in,3,1,2,0,0
Johnson,Kite,Superior Court Judge, Dublin Circuit (Flanders),,Write-in,0,0,0,0,0
Johnson,,Superior Court Judge, Dublin Circuit (Gillis),,DONALD W. GILLIS ,1840,180,950,710,0
Johnson,Wrightsville,Superior Court Judge, Dublin Circuit (Gillis),,DONALD W. GILLIS ,1016,131,373,512,0
Johnson,Smith,Superior Court Judge, Dublin Circuit (Gillis),,DONALD W. GILLIS ,213,11,164,38,0
Johnson,Bray,Superior Court Judge, Dublin Circuit (Gillis),,DONALD W. GILLIS ,268,25,159,84,0
Johnson,Kite,Superior Court Judge, Dublin Circuit (Gillis),,DONALD W. GILLIS ,343,13,254,76,0
Johnson,,Superior Court Judge, Dublin Circuit (Gillis),,Write-in,5,1,3,1,0
Johnson,Wrightsville,Superior Court Judge, Dublin Circuit (Gillis),,Write-in,2,1,0,1,0
Johnson,Smith,Superior Court Judge, Dublin Circuit (Gillis),,Write-in,0,0,0,0,0
Johnson,Bray,Superior Court Judge, Dublin Circuit (Gillis),,Write-in,3,0,3,0,0
Johnson,Kite,Superior Court Judge, Dublin Circuit (Gillis),,Write-in,0,0,0,0,0
Johnson,,Superior Court Judge, Dublin Circuit (Helton),,JON F. HELTON ,1742,332,766,644,0
Johnson,Wrightsville,Superior Court Judge, Dublin Circuit (Helton),,JON F. HELTON ,935,251,242,442,0
Johnson,Smith,Superior Court Judge, Dublin Circuit (Helton),,JON F. HELTON ,202,10,152,40,0
Johnson,Bray,Superior Court Judge, Dublin Circuit (Helton),,JON F. HELTON ,291,60,140,91,0
Johnson,Kite,Superior Court Judge, Dublin Circuit (Helton),,JON F. HELTON ,314,11,232,71,0
Johnson,,Superior Court Judge, Dublin Circuit (Helton),,HAROLD D. MCLENDON,1023,140,520,363,0
Johnson,Wrightsville,Superior Court Judge, Dublin Circuit (Helton),,HAROLD D. MCLENDON,700,117,283,300,0
Johnson,Smith,Superior Court Judge, Dublin Circuit (Helton),,HAROLD D. MCLENDON,82,4,68,10,0
Johnson,Bray,Superior Court Judge, Dublin Circuit (Helton),,HAROLD D. MCLENDON,115,9,80,26,0
Johnson,Kite,Superior Court Judge, Dublin Circuit (Helton),,HAROLD D. MCLENDON,126,10,89,27,0
Johnson,,Superior Court Judge, Dublin Circuit (Helton),,Write-in,0,0,0,0,0
Johnson,Wrightsville,Superior Court Judge, Dublin Circuit (Helton),,Write-in,0,0,0,0,0
Johnson,Smith,Superior Court Judge, Dublin Circuit (Helton),,Write-in,0,0,0,0,0
Johnson,Bray,Superior Court Judge, Dublin Circuit (Helton),,Write-in,0,0,0,0,0
Johnson,Kite,Superior Court Judge, Dublin Circuit (Helton),,Write-in,0,0,0,0,0
Johnson,,BOE 1,,,BERNARD YOUNG,412,58,185,169,0
Johnson,Wrightsville,BOE 1,,,BERNARD YOUNG,412,58,185,169,0
Johnson,,BOE 1,,,Write-in,0,0,0,0,0
Johnson,Wrightsville,BOE 1,,,Write-in,0,0,0,0,0
Johnson,,BOE 3,,,DONNIE L. CARTER ,343,78,122,143,0
Johnson,Wrightsville,BOE 3,,,DONNIE L. CARTER ,227,60,68,99,0
Johnson,Bray,BOE 3,,,DONNIE L. CARTER ,116,18,54,44,0
Johnson,,BOE 3,,,CLEMMIE L. WRIGHT JR,324,208,63,53,0
Johnson,Wrightsville,BOE 3,,,CLEMMIE L. WRIGHT JR,254,166,42,46,0
Johnson,Bray,BOE 3,,,CLEMMIE L. WRIGHT JR,70,42,21,7,0
Johnson,,BOE 3,,,Write-in,5,0,5,0,0
Johnson,Wrightsville,BOE 3,,,Write-in,2,0,2,0,0
Johnson,Bray,BOE 3,,,Write-in,3,0,3,0,0
Johnson,,BOE 5,,,MARTY J. THOMPSON,310,12,226,72,0
Johnson,Wrightsville,BOE 5,,,MARTY J. THOMPSON,24,3,8,13,0
Johnson,Smith,BOE 5,,,MARTY J. THOMPSON,235,9,186,40,0
Johnson,Kite,BOE 5,,,MARTY J. THOMPSON,51,0,32,19,0
Johnson,,BOE 5,,,Write-in,0,0,0,0,0
Johnson,Wrightsville,BOE 5,,,Write-in,0,0,0,0,0
Johnson,Smith,BOE 5,,,Write-in,0,0,0,0,0
Johnson,Kite,BOE 5,,,Write-in,0,0,0,0,0
Johnson,,TSPLOST,,,YES,1454,268,664,522,0
Johnson,Wrightsville,TSPLOST,,,YES,913,231,283,399,0
Johnson,Smith,TSPLOST,,,YES,136,8,103,25,0
Johnson,Bray,TSPLOST,,,YES,179,24,110,45,0
Johnson,Kite,TSPLOST,,,YES,226,5,168,53,0
Johnson,,TSPLOST,,,NO,1228,129,628,471,0
Johnson,Wrightsville,TSPLOST,,,NO,632,89,217,326,0
Johnson,Smith,TSPLOST,,,NO,148,6,114,28,0
Johnson,Bray,TSPLOST,,,NO,207,17,119,71,0
Johnson,Kite,TSPLOST,,,NO,241,17,178,46,0
