county,precinct,office,district,party,candidate,votes,absentee_by_mail,election_day,advance_in_person,provisional
Lee,,"Public Service Commission, District 3",3,REP,CHUCK EATON (I),4038,66,3192,780,0
Lee,Chokee,"Public Service Commission, District 3",3,REP,CHUCK EATON (I),56,3,28,25,0
Lee,Redbone,"Public Service Commission, District 3",3,REP,CHUCK EATON (I),974,23,812,139,0
Lee,Smithville,"Public Service Commission, District 3",3,REP,CHUCK EATON (I),129,1,80,48,0
Lee,CJC,"Public Service Commission, District 3",3,REP,CHUCK EATON (I),167,3,117,47,0
Lee,Leesburg,"Public Service Commission, District 3",3,REP,CHUCK EATON (I),563,7,385,171,0
Lee,Friendship Bapt,"Public Service Commission, District 3",3,REP,CHUCK EATON (I),201,0,163,38,0
Lee,First Baptist,"Public Service Commission, District 3",3,REP,CHUCK EATON (I),707,5,617,85,0
Lee,SDA Church,"Public Service Commission, District 3",3,REP,CHUCK EATON (I),267,5,228,34,0
Lee,Sovereign Grace,"Public Service Commission, District 3",3,REP,CHUCK EATON (I),473,6,387,80,0
Lee,Century Fire Station,"Public Service Commission, District 3",3,REP,CHUCK EATON (I),501,13,375,113,0
Lee,,"Public Service Commission, District 3",3,REP,MATT REID,1747,18,1385,344,0
Lee,Chokee,"Public Service Commission, District 3",3,REP,MATT REID,31,0,21,10,0
Lee,Redbone,"Public Service Commission, District 3",3,REP,MATT REID,448,7,352,89,0
Lee,Smithville,"Public Service Commission, District 3",3,REP,MATT REID,58,0,43,15,0
Lee,CJC,"Public Service Commission, District 3",3,REP,MATT REID,75,1,57,17,0
Lee,Leesburg,"Public Service Commission, District 3",3,REP,MATT REID,251,1,177,73,0
Lee,Friendship Bapt,"Public Service Commission, District 3",3,REP,MATT REID,78,0,64,14,0
Lee,First Baptist,"Public Service Commission, District 3",3,REP,MATT REID,287,3,253,31,0
Lee,SDA Church,"Public Service Commission, District 3",3,REP,MATT REID,117,2,105,10,0
Lee,Sovereign Grace,"Public Service Commission, District 3",3,REP,MATT REID,185,1,151,33,0
Lee,Century Fire Station,"Public Service Commission, District 3",3,REP,MATT REID,217,3,162,52,0
Lee,,"Public Service Commission, District 3",3,DEM,STEPHEN OPPENHEIMER,648,33,543,72,0
Lee,Chokee,"Public Service Commission, District 3",3,DEM,STEPHEN OPPENHEIMER,50,22,24,4,0
Lee,Redbone,"Public Service Commission, District 3",3,DEM,STEPHEN OPPENHEIMER,123,3,104,16,0
Lee,Smithville,"Public Service Commission, District 3",3,DEM,STEPHEN OPPENHEIMER,54,2,46,6,0
Lee,CJC,"Public Service Commission, District 3",3,DEM,STEPHEN OPPENHEIMER,13,0,12,1,0
Lee,Leesburg,"Public Service Commission, District 3",3,DEM,STEPHEN OPPENHEIMER,81,1,68,12,0
Lee,Friendship Bapt,"Public Service Commission, District 3",3,DEM,STEPHEN OPPENHEIMER,22,0,17,5,0
Lee,First Baptist,"Public Service Commission, District 3",3,DEM,STEPHEN OPPENHEIMER,141,3,120,18,0
Lee,SDA Church,"Public Service Commission, District 3",3,DEM,STEPHEN OPPENHEIMER,18,0,18,0,0
Lee,Sovereign Grace,"Public Service Commission, District 3",3,DEM,STEPHEN OPPENHEIMER,73,1,69,3,0
Lee,Century Fire Station,"Public Service Commission, District 3",3,DEM,STEPHEN OPPENHEIMER,73,1,65,7,0
Lee,,"Public Service Commission, District 5",5,REP,PAM DAVIDSON,2072,11,1670,391,0
Lee,Chokee,"Public Service Commission, District 5",5,REP,PAM DAVIDSON,33,0,26,7,0
Lee,Redbone,"Public Service Commission, District 5",5,REP,PAM DAVIDSON,534,1,445,88,0
Lee,Smithville,"Public Service Commission, District 5",5,REP,PAM DAVIDSON,66,0,51,15,0
Lee,CJC,"Public Service Commission, District 5",5,REP,PAM DAVIDSON,95,1,72,22,0
Lee,Leesburg,"Public Service Commission, District 5",5,REP,PAM DAVIDSON,299,1,209,89,0
Lee,Friendship Bapt,"Public Service Commission, District 5",5,REP,PAM DAVIDSON,93,0,77,16,0
Lee,First Baptist,"Public Service Commission, District 5",5,REP,PAM DAVIDSON,332,2,293,37,0
Lee,SDA Church,"Public Service Commission, District 5",5,REP,PAM DAVIDSON,141,3,123,15,0
Lee,Sovereign Grace,"Public Service Commission, District 5",5,REP,PAM DAVIDSON,224,1,176,47,0
Lee,Century Fire Station,"Public Service Commission, District 5",5,REP,PAM DAVIDSON,255,2,198,55,0
Lee,,"Public Service Commission, District 5",5,REP,STAN WISE (I),3649,73,2854,722,0
Lee,Chokee,"Public Service Commission, District 5",5,REP,STAN WISE (I),58,3,27,28,0
Lee,Redbone,"Public Service Commission, District 5",5,REP,STAN WISE (I),867,29,703,135,0
Lee,Smithville,"Public Service Commission, District 5",5,REP,STAN WISE (I),121,1,72,48,0
Lee,CJC,"Public Service Commission, District 5",5,REP,STAN WISE (I),144,3,101,40,0
Lee,Leesburg,"Public Service Commission, District 5",5,REP,STAN WISE (I),511,7,352,152,0
Lee,Friendship Bapt,"Public Service Commission, District 5",5,REP,STAN WISE (I),178,0,141,37,0
Lee,First Baptist,"Public Service Commission, District 5",5,REP,STAN WISE (I),646,5,563,78,0
Lee,SDA Church,"Public Service Commission, District 5",5,REP,STAN WISE (I),235,4,201,30,0
Lee,Sovereign Grace,"Public Service Commission, District 5",5,REP,STAN WISE (I),430,7,358,65,0
Lee,Century Fire Station,"Public Service Commission, District 5",5,REP,STAN WISE (I),459,14,336,109,0
Lee,,"U.S. Representative, District 2",2,REP,RICK ALLEN,2218,30,1790,398,0
Lee,Chokee,"U.S. Representative, District 2",2,REP,RICK ALLEN,33,0,25,8,0
Lee,Redbone,"U.S. Representative, District 2",2,REP,RICK ALLEN,517,12,425,80,0
Lee,Smithville,"U.S. Representative, District 2",2,REP,RICK ALLEN,49,0,30,19,0
Lee,CJC,"U.S. Representative, District 2",2,REP,RICK ALLEN,96,1,73,22,0
Lee,Leesburg,"U.S. Representative, District 2",2,REP,RICK ALLEN,295,2,209,84,0
Lee,Friendship Bapt,"U.S. Representative, District 2",2,REP,RICK ALLEN,97,0,83,14,0
Lee,First Baptist,"U.S. Representative, District 2",2,REP,RICK ALLEN,453,2,399,52,0
Lee,SDA Church,"U.S. Representative, District 2",2,REP,RICK ALLEN,165,3,136,26,0
Lee,Sovereign Grace,"U.S. Representative, District 2",2,REP,RICK ALLEN,248,2,206,40,0
Lee,Century Fire Station,"U.S. Representative, District 2",2,REP,RICK ALLEN,265,8,204,53,0
Lee,,"U.S. Representative, District 2",2,REP,KEN DELOACH,1645,22,1341,282,0
Lee,Chokee,"U.S. Representative, District 2",2,REP,KEN DELOACH,19,3,10,6,0
Lee,Redbone,"U.S. Representative, District 2",2,REP,KEN DELOACH,457,8,388,61,0
Lee,Smithville,"U.S. Representative, District 2",2,REP,KEN DELOACH,52,0,38,14,0
Lee,CJC,"U.S. Representative, District 2",2,REP,KEN DELOACH,58,2,41,15,0
Lee,Leesburg,"U.S. Representative, District 2",2,REP,KEN DELOACH,238,1,176,61,0
Lee,Friendship Bapt,"U.S. Representative, District 2",2,REP,KEN DELOACH,68,0,53,15,0
Lee,First Baptist,"U.S. Representative, District 2",2,REP,KEN DELOACH,233,3,200,30,0
Lee,SDA Church,"U.S. Representative, District 2",2,REP,KEN DELOACH,85,0,81,4,0
Lee,Sovereign Grace,"U.S. Representative, District 2",2,REP,KEN DELOACH,205,3,169,33,0
Lee,Century Fire Station,"U.S. Representative, District 2",2,REP,KEN DELOACH,230,2,185,43,0
Lee,,"U.S. Representative, District 2",2,REP,JOHN HOUSE,1818,31,1357,430,0
Lee,Chokee,"U.S. Representative, District 2",2,REP,JOHN HOUSE,42,2,19,21,0
Lee,Redbone,"U.S. Representative, District 2",2,REP,JOHN HOUSE,414,9,317,88,0
Lee,Smithville,"U.S. Representative, District 2",2,REP,JOHN HOUSE,84,1,53,30,0
Lee,CJC,"U.S. Representative, District 2",2,REP,JOHN HOUSE,88,1,59,28,0
Lee,Leesburg,"U.S. Representative, District 2",2,REP,JOHN HOUSE,275,4,177,94,0
Lee,Friendship Bapt,"U.S. Representative, District 2",2,REP,JOHN HOUSE,108,0,88,20,0
Lee,First Baptist,"U.S. Representative, District 2",2,REP,JOHN HOUSE,287,3,251,33,0
Lee,SDA Church,"U.S. Representative, District 2",2,REP,JOHN HOUSE,125,3,105,17,0
Lee,Sovereign Grace,"U.S. Representative, District 2",2,REP,JOHN HOUSE,182,3,142,37,0
Lee,Century Fire Station,"U.S. Representative, District 2",2,REP,JOHN HOUSE,213,5,146,62,0
Lee,,"U.S. Representative, District 2",2,DEM,SANFORD BISHOP (I),922,37,776,109,0
Lee,Chokee,"U.S. Representative, District 2",2,DEM,SANFORD BISHOP (I),74,25,40,9,0
Lee,Redbone,"U.S. Representative, District 2",2,DEM,SANFORD BISHOP (I),176,4,150,22,0
Lee,Smithville,"U.S. Representative, District 2",2,DEM,SANFORD BISHOP (I),101,1,92,8,0
Lee,CJC,"U.S. Representative, District 2",2,DEM,SANFORD BISHOP (I),15,0,14,1,0
Lee,Leesburg,"U.S. Representative, District 2",2,DEM,SANFORD BISHOP (I),123,1,98,24,0
Lee,Friendship Bapt,"U.S. Representative, District 2",2,DEM,SANFORD BISHOP (I),25,0,19,6,0
Lee,First Baptist,"U.S. Representative, District 2",2,DEM,SANFORD BISHOP (I),195,4,168,23,0
Lee,SDA Church,"U.S. Representative, District 2",2,DEM,SANFORD BISHOP (I),20,0,20,0,0
Lee,Sovereign Grace,"U.S. Representative, District 2",2,DEM,SANFORD BISHOP (I),90,1,85,4,0
Lee,Century Fire Station,"U.S. Representative, District 2",2,DEM,SANFORD BISHOP (I),103,1,90,12,0
Lee,,"State Senator, District 13",13,REP,JOHN D CROSBY (I),5277,80,4176,1021,0
Lee,Chokee,"State Senator, District 13",13,REP,JOHN D CROSBY (I),85,3,49,33,0
Lee,Redbone,"State Senator, District 13",13,REP,JOHN D CROSBY (I),1311,30,1069,212,0
Lee,Smithville,"State Senator, District 13",13,REP,JOHN D CROSBY (I),167,1,106,60,0
Lee,CJC,"State Senator, District 13",13,REP,JOHN D CROSBY (I),213,4,155,54,0
Lee,Leesburg,"State Senator, District 13",13,REP,JOHN D CROSBY (I),754,7,522,225,0
Lee,Friendship Bapt,"State Senator, District 13",13,REP,JOHN D CROSBY (I),252,0,207,45,0
Lee,First Baptist,"State Senator, District 13",13,REP,JOHN D CROSBY (I),914,7,807,100,0
Lee,SDA Church,"State Senator, District 13",13,REP,JOHN D CROSBY (I),339,7,290,42,0
Lee,Sovereign Grace,"State Senator, District 13",13,REP,JOHN D CROSBY (I),599,7,483,109,0
Lee,Century Fire Station,"State Senator, District 13",13,REP,JOHN D CROSBY (I),643,14,488,141,0
Lee,,"State Representative, District 152",152,REP,ED RYNDERS (I),5442,84,4307,1051,0
Lee,Chokee,"State Representative, District 152",152,REP,ED RYNDERS (I),81,3,46,32,0
Lee,Redbone,"State Representative, District 152",152,REP,ED RYNDERS (I),1348,30,1100,218,0
Lee,Smithville,"State Representative, District 152",152,REP,ED RYNDERS (I),168,2,106,60,0
Lee,CJC,"State Representative, District 152",152,REP,ED RYNDERS (I),222,4,163,55,0
Lee,Leesburg,"State Representative, District 152",152,REP,ED RYNDERS (I),774,7,538,229,0
Lee,Friendship Bapt,"State Representative, District 152",152,REP,ED RYNDERS (I),259,0,210,49,0
Lee,First Baptist,"State Representative, District 152",152,REP,ED RYNDERS (I),947,7,838,102,0
Lee,SDA Church,"State Representative, District 152",152,REP,ED RYNDERS (I),358,7,307,44,0
Lee,Sovereign Grace,"State Representative, District 152",152,REP,ED RYNDERS (I),618,8,500,110,0
Lee,Century Fire Station,"State Representative, District 152",152,REP,ED RYNDERS (I),667,16,499,152,0
Lee,,"District Attorney, Southwestern Circuit", Southwestern Circuit - REP,REP,PLEZ H. HARDIN (I),5126,80,4073,973,0
Lee,Chokee,"District Attorney, Southwestern Circuit", Southwestern Circuit - REP,REP,PLEZ H. HARDIN (I),79,5,44,30,0
Lee,Redbone,"District Attorney, Southwestern Circuit", Southwestern Circuit - REP,REP,PLEZ H. HARDIN (I),1266,28,1040,198,0
Lee,Smithville,"District Attorney, Southwestern Circuit", Southwestern Circuit - REP,REP,PLEZ H. HARDIN (I),169,1,108,60,0
Lee,CJC,"District Attorney, Southwestern Circuit", Southwestern Circuit - REP,REP,PLEZ H. HARDIN (I),208,4,150,54,0
Lee,Leesburg,"District Attorney, Southwestern Circuit", Southwestern Circuit - REP,REP,PLEZ H. HARDIN (I),742,7,523,212,0
Lee,Friendship Bapt,"District Attorney, Southwestern Circuit", Southwestern Circuit - REP,REP,PLEZ H. HARDIN (I),243,0,198,45,0
Lee,First Baptist,"District Attorney, Southwestern Circuit", Southwestern Circuit - REP,REP,PLEZ H. HARDIN (I),893,6,790,97,0
Lee,SDA Church,"District Attorney, Southwestern Circuit", Southwestern Circuit - REP,REP,PLEZ H. HARDIN (I),338,7,290,41,0
Lee,Sovereign Grace,"District Attorney, Southwestern Circuit", Southwestern Circuit - REP,REP,PLEZ H. HARDIN (I),571,7,465,99,0
Lee,Century Fire Station,"District Attorney, Southwestern Circuit", Southwestern Circuit - REP,REP,PLEZ H. HARDIN (I),617,15,465,137,0
Lee,,"CLERK, SUPERIOR COURT", SUPERIOR COURT - R,,SARA R. CLARK ,5344,83,4224,1037,0
Lee,Chokee,"CLERK, SUPERIOR COURT", SUPERIOR COURT - R,,SARA R. CLARK ,85,5,48,32,0
Lee,Redbone,"CLERK, SUPERIOR COURT", SUPERIOR COURT - R,,SARA R. CLARK ,1326,30,1089,207,0
Lee,Smithville,"CLERK, SUPERIOR COURT", SUPERIOR COURT - R,,SARA R. CLARK ,172,2,109,61,0
Lee,CJC,"CLERK, SUPERIOR COURT", SUPERIOR COURT - R,,SARA R. CLARK ,223,4,159,60,0
Lee,Leesburg,"CLERK, SUPERIOR COURT", SUPERIOR COURT - R,,SARA R. CLARK ,777,7,540,230,0
Lee,Friendship Bapt,"CLERK, SUPERIOR COURT", SUPERIOR COURT - R,,SARA R. CLARK ,255,0,206,49,0
Lee,First Baptist,"CLERK, SUPERIOR COURT", SUPERIOR COURT - R,,SARA R. CLARK ,918,6,812,100,0
Lee,SDA Church,"CLERK, SUPERIOR COURT", SUPERIOR COURT - R,,SARA R. CLARK ,342,7,291,44,0
Lee,Sovereign Grace,"CLERK, SUPERIOR COURT", SUPERIOR COURT - R,,SARA R. CLARK ,601,7,486,108,0
Lee,Century Fire Station,"CLERK, SUPERIOR COURT", SUPERIOR COURT - R,,SARA R. CLARK ,645,15,484,146,0
Lee,,SHERIFF,,,DAVID CHESHIRE,2070,25,1661,384,0
Lee,Chokee,SHERIFF,,,DAVID CHESHIRE,41,2,31,8,0
Lee,Redbone,SHERIFF,,,DAVID CHESHIRE,525,13,433,79,0
Lee,Smithville,SHERIFF,,,DAVID CHESHIRE,77,0,57,20,0
Lee,CJC,SHERIFF,,,DAVID CHESHIRE,91,1,69,21,0
Lee,Leesburg,SHERIFF,,,DAVID CHESHIRE,282,1,197,84,0
Lee,Friendship Bapt,SHERIFF,,,DAVID CHESHIRE,92,0,75,17,0
Lee,First Baptist,SHERIFF,,,DAVID CHESHIRE,321,0,293,28,0
Lee,SDA Church,SHERIFF,,,DAVID CHESHIRE,107,4,84,19,0
Lee,Sovereign Grace,SHERIFF,,,DAVID CHESHIRE,299,2,244,53,0
Lee,Century Fire Station,SHERIFF,,,DAVID CHESHIRE,235,2,178,55,0
Lee,,SHERIFF,,,REGGIE D. RACHALS,4270,65,3363,842,0
Lee,Chokee,SHERIFF,,,REGGIE D. RACHALS,64,3,33,28,0
Lee,Redbone,SHERIFF,,,REGGIE D. RACHALS,1025,19,833,173,0
Lee,Smithville,SHERIFF,,,REGGIE D. RACHALS,139,2,84,53,0
Lee,CJC,SHERIFF,,,REGGIE D. RACHALS,179,3,127,49,0
Lee,Leesburg,SHERIFF,,,REGGIE D. RACHALS,599,7,422,170,0
Lee,Friendship Bapt,SHERIFF,,,REGGIE D. RACHALS,220,0,179,41,0
Lee,First Baptist,SHERIFF,,,REGGIE D. RACHALS,780,8,674,98,0
Lee,SDA Church,SHERIFF,,,REGGIE D. RACHALS,311,3,275,33,0
Lee,Sovereign Grace,SHERIFF,,,REGGIE D. RACHALS,404,6,324,74,0
Lee,Century Fire Station,SHERIFF,,,REGGIE D. RACHALS,549,14,412,123,0
Lee,,TAX COMMISSIONER,,,SUSAN SMITH ,5508,85,4351,1072,0
Lee,Chokee,TAX COMMISSIONER,,,SUSAN SMITH ,87,5,49,33,0
Lee,Redbone,TAX COMMISSIONER,,,SUSAN SMITH ,1371,30,1119,222,0
Lee,Smithville,TAX COMMISSIONER,,,SUSAN SMITH ,176,2,111,63,0
Lee,CJC,TAX COMMISSIONER,,,SUSAN SMITH ,231,4,164,63,0
Lee,Leesburg,TAX COMMISSIONER,,,SUSAN SMITH ,799,8,557,234,0
Lee,Friendship Bapt,TAX COMMISSIONER,,,SUSAN SMITH ,265,0,216,49,0
Lee,First Baptist,TAX COMMISSIONER,,,SUSAN SMITH ,942,7,833,102,0
Lee,SDA Church,TAX COMMISSIONER,,,SUSAN SMITH ,352,7,303,42,0
Lee,Sovereign Grace,TAX COMMISSIONER,,,SUSAN SMITH ,616,6,497,113,0
Lee,Century Fire Station,TAX COMMISSIONER,,,SUSAN SMITH ,669,16,502,151,0
Lee,,CORONER,,,RONALD H. ROWE ,5255,80,4166,1009,0
Lee,Chokee,CORONER,,,RONALD H. ROWE ,74,3,45,26,0
Lee,Redbone,CORONER,,,RONALD H. ROWE ,1316,30,1073,213,0
Lee,Smithville,CORONER,,,RONALD H. ROWE ,169,1,110,58,0
Lee,CJC,CORONER,,,RONALD H. ROWE ,218,4,156,58,0
Lee,Leesburg,CORONER,,,RONALD H. ROWE ,734,7,514,213,0
Lee,Friendship Bapt,CORONER,,,RONALD H. ROWE ,255,0,209,46,0
Lee,First Baptist,CORONER,,,RONALD H. ROWE ,905,7,801,97,0
Lee,SDA Church,CORONER,,,RONALD H. ROWE ,342,7,293,42,0
Lee,Sovereign Grace,CORONER,,,RONALD H. ROWE ,595,6,482,107,0
Lee,Century Fire Station,CORONER,,,RONALD H. ROWE ,647,15,483,149,0
Lee,,"CC, D2", D2 - R,,LUKE SINGLETARY,1000,3,801,196,0
Lee,Redbone,"CC, D2", D2 - R,,LUKE SINGLETARY,77,1,59,17,0
Lee,Smithville,"CC, D2", D2 - R,,LUKE SINGLETARY,16,0,14,2,0
Lee,CJC,"CC, D2", D2 - R,,LUKE SINGLETARY,155,0,118,37,0
Lee,Leesburg,"CC, D2", D2 - R,,LUKE SINGLETARY,162,0,118,44,0
Lee,Friendship Bapt,"CC, D2", D2 - R,,LUKE SINGLETARY,246,0,196,50,0
Lee,First Baptist,"CC, D2", D2 - R,,LUKE SINGLETARY,271,1,238,32,0
Lee,Sovereign Grace,"CC, D2", D2 - R,,LUKE SINGLETARY,56,0,45,11,0
Lee,Century Fire Station,"CC, D2", D2 - R,,LUKE SINGLETARY,17,1,13,3,0
Lee,,"CC, D2", D2 - R,,RAYMOND L. TIMMS,267,4,202,61,0
Lee,Redbone,"CC, D2", D2 - R,,RAYMOND L. TIMMS,19,2,15,2,0
Lee,Smithville,"CC, D2", D2 - R,,RAYMOND L. TIMMS,6,0,4,2,0
Lee,CJC,"CC, D2", D2 - R,,RAYMOND L. TIMMS,22,1,15,6,0
Lee,Leesburg,"CC, D2", D2 - R,,RAYMOND L. TIMMS,54,1,26,27,0
Lee,Friendship Bapt,"CC, D2", D2 - R,,RAYMOND L. TIMMS,50,0,44,6,0
Lee,First Baptist,"CC, D2", D2 - R,,RAYMOND L. TIMMS,89,0,75,14,0
Lee,Sovereign Grace,"CC, D2", D2 - R,,RAYMOND L. TIMMS,15,0,12,3,0
Lee,Century Fire Station,"CC, D2", D2 - R,,RAYMOND L. TIMMS,12,0,11,1,0
Lee,,"CC, D2", D2 - D,,MARY EGLER,108,1,96,11,0
Lee,Redbone,"CC, D2", D2 - D,,MARY EGLER,5,0,5,0,0
Lee,Smithville,"CC, D2", D2 - D,,MARY EGLER,0,0,0,0,0
Lee,CJC,"CC, D2", D2 - D,,MARY EGLER,11,0,11,0,0
Lee,Leesburg,"CC, D2", D2 - D,,MARY EGLER,6,0,5,1,0
Lee,Friendship Bapt,"CC, D2", D2 - D,,MARY EGLER,19,0,14,5,0
Lee,First Baptist,"CC, D2", D2 - D,,MARY EGLER,50,0,45,5,0
Lee,Sovereign Grace,"CC, D2", D2 - D,,MARY EGLER,11,1,10,0,0
Lee,Century Fire Station,"CC, D2", D2 - D,,MARY EGLER,6,0,6,0,0
Lee,,"CC, D4", D4 - R,,RICK MUGGRIDGE ,811,11,629,171,0
Lee,Sovereign Grace,"CC, D4", D4 - R,,RICK MUGGRIDGE ,303,2,241,60,0
Lee,Century Fire Station,"CC, D4", D4 - R,,RICK MUGGRIDGE ,508,9,388,111,0
Lee,,"CC, D4", D4 - R,,FRANK TAYLOR,332,8,250,74,0
Lee,Sovereign Grace,"CC, D4", D4 - R,,FRANK TAYLOR,117,3,99,15,0
Lee,Century Fire Station,"CC, D4", D4 - R,,FRANK TAYLOR,215,5,151,59,0
Lee,,"CC, D5", D5 - R,,GREG FRICH,857,18,698,141,0
Lee,Redbone,"CC, D5", D5 - R,,GREG FRICH,857,18,698,141,0
Lee,,"CC, D5", D5 - R,,BILL WILLIAMS ,554,9,464,81,0
Lee,Redbone,"CC, D5", D5 - R,,BILL WILLIAMS ,554,9,464,81,0
Lee,,Republican Party Question 1<br>Should Georgia have casino gambling with funds going to education?,,REP,YES,3479,31,2821,627,0
Lee,Chokee,Republican Party Question 1<br>Should Georgia have casino gambling with funds going to education?,,REP,YES,54,0,33,21,0
Lee,Redbone,Republican Party Question 1<br>Should Georgia have casino gambling with funds going to education?,,REP,YES,906,11,762,133,0
Lee,Smithville,Republican Party Question 1<br>Should Georgia have casino gambling with funds going to education?,,REP,YES,124,1,76,47,0
Lee,CJC,Republican Party Question 1<br>Should Georgia have casino gambling with funds going to education?,,REP,YES,143,0,110,33,0
Lee,Leesburg,Republican Party Question 1<br>Should Georgia have casino gambling with funds going to education?,,REP,YES,488,1,363,124,0
Lee,Friendship Bapt,Republican Party Question 1<br>Should Georgia have casino gambling with funds going to education?,,REP,YES,177,0,141,36,0
Lee,First Baptist,Republican Party Question 1<br>Should Georgia have casino gambling with funds going to education?,,REP,YES,550,6,489,55,0
Lee,SDA Church,Republican Party Question 1<br>Should Georgia have casino gambling with funds going to education?,,REP,YES,201,1,178,22,0
Lee,Sovereign Grace,Republican Party Question 1<br>Should Georgia have casino gambling with funds going to education?,,REP,YES,415,4,338,73,0
Lee,Century Fire Station,Republican Party Question 1<br>Should Georgia have casino gambling with funds going to education?,,REP,YES,421,7,331,83,0
Lee,,Republican Party Question 1<br>Should Georgia have casino gambling with funds going to education?,,REP,NO,2813,58,2162,593,0
Lee,Chokee,Republican Party Question 1<br>Should Georgia have casino gambling with funds going to education?,,REP,NO,49,5,29,15,0
Lee,Redbone,Republican Party Question 1<br>Should Georgia have casino gambling with funds going to education?,,REP,NO,622,20,488,114,0
Lee,Smithville,Republican Party Question 1<br>Should Georgia have casino gambling with funds going to education?,,REP,NO,86,1,60,25,0
Lee,CJC,Republican Party Question 1<br>Should Georgia have casino gambling with funds going to education?,,REP,NO,125,3,87,35,0
Lee,Leesburg,Republican Party Question 1<br>Should Georgia have casino gambling with funds going to education?,,REP,NO,388,7,251,130,0
Lee,Friendship Bapt,Republican Party Question 1<br>Should Georgia have casino gambling with funds going to education?,,REP,NO,135,0,113,22,0
Lee,First Baptist,Republican Party Question 1<br>Should Georgia have casino gambling with funds going to education?,,REP,NO,544,2,471,71,0
Lee,SDA Church,Republican Party Question 1<br>Should Georgia have casino gambling with funds going to education?,,REP,NO,213,6,178,29,0
Lee,Sovereign Grace,Republican Party Question 1<br>Should Georgia have casino gambling with funds going to education?,,REP,NO,286,4,228,54,0
Lee,Century Fire Station,Republican Party Question 1<br>Should Georgia have casino gambling with funds going to education?,,REP,NO,365,10,257,98,0
Lee,,Republican Party Question 2<br>Do you support ending the current practice of unlimited gifts from lobbyists to state legislators by imposing a $100 cap on such gifts?,,REP,YES,5278,80,4183,1015,0
Lee,Chokee,Republican Party Question 2<br>Do you support ending the current practice of unlimited gifts from lobbyists to state legislators by imposing a $100 cap on such gifts?,,REP,YES,72,5,43,24,0
Lee,Redbone,Republican Party Question 2<br>Do you support ending the current practice of unlimited gifts from lobbyists to state legislators by imposing a $100 cap on such gifts?,,REP,YES,1288,27,1065,196,0
Lee,Smithville,Republican Party Question 2<br>Do you support ending the current practice of unlimited gifts from lobbyists to state legislators by imposing a $100 cap on such gifts?,,REP,YES,174,2,113,59,0
Lee,CJC,Republican Party Question 2<br>Do you support ending the current practice of unlimited gifts from lobbyists to state legislators by imposing a $100 cap on such gifts?,,REP,YES,239,3,171,65,0
Lee,Leesburg,Republican Party Question 2<br>Do you support ending the current practice of unlimited gifts from lobbyists to state legislators by imposing a $100 cap on such gifts?,,REP,YES,708,8,493,207,0
Lee,Friendship Bapt,Republican Party Question 2<br>Do you support ending the current practice of unlimited gifts from lobbyists to state legislators by imposing a $100 cap on such gifts?,,REP,YES,262,0,211,51,0
Lee,First Baptist,Republican Party Question 2<br>Do you support ending the current practice of unlimited gifts from lobbyists to state legislators by imposing a $100 cap on such gifts?,,REP,YES,931,7,816,108,0
Lee,SDA Church,Republican Party Question 2<br>Do you support ending the current practice of unlimited gifts from lobbyists to state legislators by imposing a $100 cap on such gifts?,,REP,YES,363,7,313,43,0
Lee,Sovereign Grace,Republican Party Question 2<br>Do you support ending the current practice of unlimited gifts from lobbyists to state legislators by imposing a $100 cap on such gifts?,,REP,YES,590,6,478,106,0
Lee,Century Fire Station,Republican Party Question 2<br>Do you support ending the current practice of unlimited gifts from lobbyists to state legislators by imposing a $100 cap on such gifts?,,REP,YES,651,15,480,156,0
Lee,,Republican Party Question 2<br>Do you support ending the current practice of unlimited gifts from lobbyists to state legislators by imposing a $100 cap on such gifts?,,REP,NO,907,9,717,181,0
Lee,Chokee,Republican Party Question 2<br>Do you support ending the current practice of unlimited gifts from lobbyists to state legislators by imposing a $100 cap on such gifts?,,REP,NO,31,0,20,11,0
Lee,Redbone,Republican Party Question 2<br>Do you support ending the current practice of unlimited gifts from lobbyists to state legislators by imposing a $100 cap on such gifts?,,REP,NO,223,4,175,44,0
Lee,Smithville,Republican Party Question 2<br>Do you support ending the current practice of unlimited gifts from lobbyists to state legislators by imposing a $100 cap on such gifts?,,REP,NO,36,0,24,12,0
Lee,CJC,Republican Party Question 2<br>Do you support ending the current practice of unlimited gifts from lobbyists to state legislators by imposing a $100 cap on such gifts?,,REP,NO,28,0,23,5,0
Lee,Leesburg,Republican Party Question 2<br>Do you support ending the current practice of unlimited gifts from lobbyists to state legislators by imposing a $100 cap on such gifts?,,REP,NO,153,0,107,46,0
Lee,Friendship Bapt,Republican Party Question 2<br>Do you support ending the current practice of unlimited gifts from lobbyists to state legislators by imposing a $100 cap on such gifts?,,REP,NO,40,0,33,7,0
Lee,First Baptist,Republican Party Question 2<br>Do you support ending the current practice of unlimited gifts from lobbyists to state legislators by imposing a $100 cap on such gifts?,,REP,NO,148,1,132,15,0
Lee,SDA Church,Republican Party Question 2<br>Do you support ending the current practice of unlimited gifts from lobbyists to state legislators by imposing a $100 cap on such gifts?,,REP,NO,43,0,37,6,0
Lee,Sovereign Grace,Republican Party Question 2<br>Do you support ending the current practice of unlimited gifts from lobbyists to state legislators by imposing a $100 cap on such gifts?,,REP,NO,94,2,75,17,0
Lee,Century Fire Station,Republican Party Question 2<br>Do you support ending the current practice of unlimited gifts from lobbyists to state legislators by imposing a $100 cap on such gifts?,,REP,NO,111,2,91,18,0
Lee,,Republican Party Question 3<br>Should active duty military personnel who are under the age of 21 be allowed to obtain a Georgia weapons license?,,REP,YES,4524,66,3570,888,0
Lee,Chokee,Republican Party Question 3<br>Should active duty military personnel who are under the age of 21 be allowed to obtain a Georgia weapons license?,,REP,YES,69,5,38,26,0
Lee,Redbone,Republican Party Question 3<br>Should active duty military personnel who are under the age of 21 be allowed to obtain a Georgia weapons license?,,REP,YES,1142,24,926,192,0
Lee,Smithville,Republican Party Question 3<br>Should active duty military personnel who are under the age of 21 be allowed to obtain a Georgia weapons license?,,REP,YES,153,0,98,55,0
Lee,CJC,Republican Party Question 3<br>Should active duty military personnel who are under the age of 21 be allowed to obtain a Georgia weapons license?,,REP,YES,199,3,145,51,0
Lee,Leesburg,Republican Party Question 3<br>Should active duty military personnel who are under the age of 21 be allowed to obtain a Georgia weapons license?,,REP,YES,632,5,446,181,0
Lee,Friendship Bapt,Republican Party Question 3<br>Should active duty military personnel who are under the age of 21 be allowed to obtain a Georgia weapons license?,,REP,YES,212,0,172,40,0
Lee,First Baptist,Republican Party Question 3<br>Should active duty military personnel who are under the age of 21 be allowed to obtain a Georgia weapons license?,,REP,YES,763,6,679,78,0
Lee,SDA Church,Republican Party Question 3<br>Should active duty military personnel who are under the age of 21 be allowed to obtain a Georgia weapons license?,,REP,YES,279,4,237,38,0
Lee,Sovereign Grace,Republican Party Question 3<br>Should active duty military personnel who are under the age of 21 be allowed to obtain a Georgia weapons license?,,REP,YES,519,6,418,95,0
Lee,Century Fire Station,Republican Party Question 3<br>Should active duty military personnel who are under the age of 21 be allowed to obtain a Georgia weapons license?,,REP,YES,556,13,411,132,0
Lee,,Republican Party Question 3<br>Should active duty military personnel who are under the age of 21 be allowed to obtain a Georgia weapons license?,,REP,NO,1747,24,1394,329,0
Lee,Chokee,Republican Party Question 3<br>Should active duty military personnel who are under the age of 21 be allowed to obtain a Georgia weapons license?,,REP,NO,36,0,26,10,0
Lee,Redbone,Republican Party Question 3<br>Should active duty military personnel who are under the age of 21 be allowed to obtain a Georgia weapons license?,,REP,NO,388,8,324,56,0
Lee,Smithville,Republican Party Question 3<br>Should active duty military personnel who are under the age of 21 be allowed to obtain a Georgia weapons license?,,REP,NO,58,2,39,17,0
Lee,CJC,Republican Party Question 3<br>Should active duty military personnel who are under the age of 21 be allowed to obtain a Georgia weapons license?,,REP,NO,70,0,51,19,0
Lee,Leesburg,Republican Party Question 3<br>Should active duty military personnel who are under the age of 21 be allowed to obtain a Georgia weapons license?,,REP,NO,244,3,167,74,0
Lee,Friendship Bapt,Republican Party Question 3<br>Should active duty military personnel who are under the age of 21 be allowed to obtain a Georgia weapons license?,,REP,NO,93,0,75,18,0
Lee,First Baptist,Republican Party Question 3<br>Should active duty military personnel who are under the age of 21 be allowed to obtain a Georgia weapons license?,,REP,NO,325,2,276,47,0
Lee,SDA Church,Republican Party Question 3<br>Should active duty military personnel who are under the age of 21 be allowed to obtain a Georgia weapons license?,,REP,NO,136,3,119,14,0
Lee,Sovereign Grace,Republican Party Question 3<br>Should active duty military personnel who are under the age of 21 be allowed to obtain a Georgia weapons license?,,REP,NO,182,2,147,33,0
Lee,Century Fire Station,Republican Party Question 3<br>Should active duty military personnel who are under the age of 21 be allowed to obtain a Georgia weapons license?,,REP,NO,215,4,170,41,0
Lee,,Republican Party Question 4<br>Should Citizens who wish to vote in a primary election be required to register by their political party affiliation at least thirty (30) days prior to such primary election?,,REP,YES,3180,46,2492,642,0
Lee,Chokee,Republican Party Question 4<br>Should Citizens who wish to vote in a primary election be required to register by their political party affiliation at least thirty (30) days prior to such primary election?,,REP,YES,63,2,41,20,0
Lee,Redbone,Republican Party Question 4<br>Should Citizens who wish to vote in a primary election be required to register by their political party affiliation at least thirty (30) days prior to such primary election?,,REP,YES,786,22,633,131,0
Lee,Smithville,Republican Party Question 4<br>Should Citizens who wish to vote in a primary election be required to register by their political party affiliation at least thirty (30) days prior to such primary election?,,REP,YES,99,0,63,36,0
Lee,CJC,Republican Party Question 4<br>Should Citizens who wish to vote in a primary election be required to register by their political party affiliation at least thirty (30) days prior to such primary election?,,REP,YES,120,2,84,34,0
Lee,Leesburg,Republican Party Question 4<br>Should Citizens who wish to vote in a primary election be required to register by their political party affiliation at least thirty (30) days prior to such primary election?,,REP,YES,460,3,324,133,0
Lee,Friendship Bapt,Republican Party Question 4<br>Should Citizens who wish to vote in a primary election be required to register by their political party affiliation at least thirty (30) days prior to such primary election?,,REP,YES,148,0,110,38,0
Lee,First Baptist,Republican Party Question 4<br>Should Citizens who wish to vote in a primary election be required to register by their political party affiliation at least thirty (30) days prior to such primary election?,,REP,YES,549,0,486,63,0
Lee,SDA Church,Republican Party Question 4<br>Should Citizens who wish to vote in a primary election be required to register by their political party affiliation at least thirty (30) days prior to such primary election?,,REP,YES,196,6,168,22,0
Lee,Sovereign Grace,Republican Party Question 4<br>Should Citizens who wish to vote in a primary election be required to register by their political party affiliation at least thirty (30) days prior to such primary election?,,REP,YES,361,4,293,64,0
Lee,Century Fire Station,Republican Party Question 4<br>Should Citizens who wish to vote in a primary election be required to register by their political party affiliation at least thirty (30) days prior to such primary election?,,REP,YES,398,7,290,101,0
Lee,,Republican Party Question 4<br>Should Citizens who wish to vote in a primary election be required to register by their political party affiliation at least thirty (30) days prior to such primary election?,,REP,NO,3013,43,2411,559,0
Lee,Chokee,Republican Party Question 4<br>Should Citizens who wish to vote in a primary election be required to register by their political party affiliation at least thirty (30) days prior to such primary election?,,REP,NO,37,3,18,16,0
Lee,Redbone,Republican Party Question 4<br>Should Citizens who wish to vote in a primary election be required to register by their political party affiliation at least thirty (30) days prior to such primary election?,,REP,NO,721,9,601,111,0
Lee,Smithville,Republican Party Question 4<br>Should Citizens who wish to vote in a primary election be required to register by their political party affiliation at least thirty (30) days prior to such primary election?,,REP,NO,111,2,73,36,0
Lee,CJC,Republican Party Question 4<br>Should Citizens who wish to vote in a primary election be required to register by their political party affiliation at least thirty (30) days prior to such primary election?,,REP,NO,143,1,108,34,0
Lee,Leesburg,Republican Party Question 4<br>Should Citizens who wish to vote in a primary election be required to register by their political party affiliation at least thirty (30) days prior to such primary election?,,REP,NO,408,5,282,121,0
Lee,Friendship Bapt,Republican Party Question 4<br>Should Citizens who wish to vote in a primary election be required to register by their political party affiliation at least thirty (30) days prior to such primary election?,,REP,NO,159,0,140,19,0
Lee,First Baptist,Republican Party Question 4<br>Should Citizens who wish to vote in a primary election be required to register by their political party affiliation at least thirty (30) days prior to such primary election?,,REP,NO,531,8,460,63,0
Lee,SDA Church,Republican Party Question 4<br>Should Citizens who wish to vote in a primary election be required to register by their political party affiliation at least thirty (30) days prior to such primary election?,,REP,NO,211,1,182,28,0
Lee,Sovereign Grace,Republican Party Question 4<br>Should Citizens who wish to vote in a primary election be required to register by their political party affiliation at least thirty (30) days prior to such primary election?,,REP,NO,325,4,263,58,0
Lee,Century Fire Station,Republican Party Question 4<br>Should Citizens who wish to vote in a primary election be required to register by their political party affiliation at least thirty (30) days prior to such primary election?,,REP,NO,367,10,284,73,0
Lee,,Republican Party Question 5 <br>Life Amendment Question,,REP,YES,4346,64,3449,833,0
Lee,Chokee,Republican Party Question 5 <br>Life Amendment Question,,REP,YES,63,5,39,19,0
Lee,Redbone,Republican Party Question 5 <br>Life Amendment Question,,REP,YES,1067,24,886,157,0
Lee,Smithville,Republican Party Question 5 <br>Life Amendment Question,,REP,YES,138,1,79,58,0
Lee,CJC,Republican Party Question 5 <br>Life Amendment Question,,REP,YES,168,3,123,42,0
Lee,Leesburg,Republican Party Question 5 <br>Life Amendment Question,,REP,YES,591,6,400,185,0
Lee,Friendship Bapt,Republican Party Question 5 <br>Life Amendment Question,,REP,YES,216,0,175,41,0
Lee,First Baptist,Republican Party Question 5 <br>Life Amendment Question,,REP,YES,783,1,697,85,0
Lee,SDA Church,Republican Party Question 5 <br>Life Amendment Question,,REP,YES,293,5,255,33,0
Lee,Sovereign Grace,Republican Party Question 5 <br>Life Amendment Question,,REP,YES,477,6,386,85,0
Lee,Century Fire Station,Republican Party Question 5 <br>Life Amendment Question,,REP,YES,550,13,409,128,0
Lee,,Republican Party Question 5 <br>Life Amendment Question,,REP,NO,1683,21,1335,327,0
Lee,Chokee,Republican Party Question 5 <br>Life Amendment Question,,REP,NO,30,0,15,15,0
Lee,Redbone,Republican Party Question 5 <br>Life Amendment Question,,REP,NO,404,5,322,77,0
Lee,Smithville,Republican Party Question 5 <br>Life Amendment Question,,REP,NO,60,1,48,11,0
Lee,CJC,Republican Party Question 5 <br>Life Amendment Question,,REP,NO,93,0,66,27,0
Lee,Leesburg,Republican Party Question 5 <br>Life Amendment Question,,REP,NO,243,2,184,57,0
Lee,Friendship Bapt,Republican Party Question 5 <br>Life Amendment Question,,REP,NO,80,0,67,13,0
Lee,First Baptist,Republican Party Question 5 <br>Life Amendment Question,,REP,NO,287,7,242,38,0
Lee,SDA Church,Republican Party Question 5 <br>Life Amendment Question,,REP,NO,101,1,86,14,0
Lee,Sovereign Grace,Republican Party Question 5 <br>Life Amendment Question,,REP,NO,195,1,159,35,0
Lee,Century Fire Station,Republican Party Question 5 <br>Life Amendment Question,,REP,NO,190,4,146,40,0
Lee,,(S.E.) COUNTY PLACEMENT OF FEES,,,YES,135,3,116,16,0
Lee,Chokee,(S.E.) COUNTY PLACEMENT OF FEES,,,YES,6,1,4,1,0
Lee,Redbone,(S.E.) COUNTY PLACEMENT OF FEES,,,YES,19,0,19,0,0
Lee,Smithville,(S.E.) COUNTY PLACEMENT OF FEES,,,YES,11,0,9,2,0
Lee,CJC,(S.E.) COUNTY PLACEMENT OF FEES,,,YES,5,0,5,0,0
Lee,Leesburg,(S.E.) COUNTY PLACEMENT OF FEES,,,YES,22,0,18,4,0
Lee,Friendship Bapt,(S.E.) COUNTY PLACEMENT OF FEES,,,YES,1,0,1,0,0
Lee,First Baptist,(S.E.) COUNTY PLACEMENT OF FEES,,,YES,34,1,27,6,0
Lee,SDA Church,(S.E.) COUNTY PLACEMENT OF FEES,,,YES,4,0,4,0,0
Lee,Sovereign Grace,(S.E.) COUNTY PLACEMENT OF FEES,,,YES,14,0,13,1,0
Lee,Century Fire Station,(S.E.) COUNTY PLACEMENT OF FEES,,,YES,19,1,16,2,0
Lee,,(S.E.) COUNTY PLACEMENT OF FEES,,,NO,877,37,737,103,0
Lee,Chokee,(S.E.) COUNTY PLACEMENT OF FEES,,,NO,75,25,41,9,0
Lee,Redbone,(S.E.) COUNTY PLACEMENT OF FEES,,,NO,176,4,148,24,0
Lee,Smithville,(S.E.) COUNTY PLACEMENT OF FEES,,,NO,96,3,87,6,0
Lee,CJC,(S.E.) COUNTY PLACEMENT OF FEES,,,NO,15,0,12,3,0
Lee,Leesburg,(S.E.) COUNTY PLACEMENT OF FEES,,,NO,108,1,83,24,0
Lee,Friendship Bapt,(S.E.) COUNTY PLACEMENT OF FEES,,,NO,24,0,18,6,0
Lee,First Baptist,(S.E.) COUNTY PLACEMENT OF FEES,,,NO,188,3,166,19,0
Lee,SDA Church,(S.E.) COUNTY PLACEMENT OF FEES,,,NO,22,0,22,0,0
Lee,Sovereign Grace,(S.E.) COUNTY PLACEMENT OF FEES,,,NO,82,1,78,3,0
Lee,Century Fire Station,(S.E.) COUNTY PLACEMENT OF FEES,,,NO,91,0,82,9,0
Lee,,Democratic Party Question 1<br>Should the Georgia Constitution be amended to allow the state to override locally-elected school boards’ decisions when it comes to the creation of charter schools in your county or city?,,DEM,YES,464,14,400,50,0
Lee,Chokee,Democratic Party Question 1<br>Should the Georgia Constitution be amended to allow the state to override locally-elected school boards’ decisions when it comes to the creation of charter schools in your county or city?,,DEM,YES,30,8,18,4,0
Lee,Redbone,Democratic Party Question 1<br>Should the Georgia Constitution be amended to allow the state to override locally-elected school boards’ decisions when it comes to the creation of charter schools in your county or city?,,DEM,YES,91,2,80,9,0
Lee,Smithville,Democratic Party Question 1<br>Should the Georgia Constitution be amended to allow the state to override locally-elected school boards’ decisions when it comes to the creation of charter schools in your county or city?,,DEM,YES,57,0,53,4,0
Lee,CJC,Democratic Party Question 1<br>Should the Georgia Constitution be amended to allow the state to override locally-elected school boards’ decisions when it comes to the creation of charter schools in your county or city?,,DEM,YES,9,0,6,3,0
Lee,Leesburg,Democratic Party Question 1<br>Should the Georgia Constitution be amended to allow the state to override locally-elected school boards’ decisions when it comes to the creation of charter schools in your county or city?,,DEM,YES,76,1,58,17,0
Lee,Friendship Bapt,Democratic Party Question 1<br>Should the Georgia Constitution be amended to allow the state to override locally-elected school boards’ decisions when it comes to the creation of charter schools in your county or city?,,DEM,YES,9,0,8,1,0
Lee,First Baptist,Democratic Party Question 1<br>Should the Georgia Constitution be amended to allow the state to override locally-elected school boards’ decisions when it comes to the creation of charter schools in your county or city?,,DEM,YES,81,1,75,5,0
Lee,SDA Church,Democratic Party Question 1<br>Should the Georgia Constitution be amended to allow the state to override locally-elected school boards’ decisions when it comes to the creation of charter schools in your county or city?,,DEM,YES,13,0,13,0,0
Lee,Sovereign Grace,Democratic Party Question 1<br>Should the Georgia Constitution be amended to allow the state to override locally-elected school boards’ decisions when it comes to the creation of charter schools in your county or city?,,DEM,YES,42,1,39,2,0
Lee,Century Fire Station,Democratic Party Question 1<br>Should the Georgia Constitution be amended to allow the state to override locally-elected school boards’ decisions when it comes to the creation of charter schools in your county or city?,,DEM,YES,56,1,50,5,0
Lee,,Democratic Party Question 1<br>Should the Georgia Constitution be amended to allow the state to override locally-elected school boards’ decisions when it comes to the creation of charter schools in your county or city?,,DEM,NO,540,24,449,67,0
Lee,Chokee,Democratic Party Question 1<br>Should the Georgia Constitution be amended to allow the state to override locally-elected school boards’ decisions when it comes to the creation of charter schools in your county or city?,,DEM,NO,47,17,24,6,0
Lee,Redbone,Democratic Party Question 1<br>Should the Georgia Constitution be amended to allow the state to override locally-elected school boards’ decisions when it comes to the creation of charter schools in your county or city?,,DEM,NO,102,1,88,13,0
Lee,Smithville,Democratic Party Question 1<br>Should the Georgia Constitution be amended to allow the state to override locally-elected school boards’ decisions when it comes to the creation of charter schools in your county or city?,,DEM,NO,51,3,44,4,0
Lee,CJC,Democratic Party Question 1<br>Should the Georgia Constitution be amended to allow the state to override locally-elected school boards’ decisions when it comes to the creation of charter schools in your county or city?,,DEM,NO,11,0,11,0,0
Lee,Leesburg,Democratic Party Question 1<br>Should the Georgia Constitution be amended to allow the state to override locally-elected school boards’ decisions when it comes to the creation of charter schools in your county or city?,,DEM,NO,57,0,45,12,0
Lee,Friendship Bapt,Democratic Party Question 1<br>Should the Georgia Constitution be amended to allow the state to override locally-elected school boards’ decisions when it comes to the creation of charter schools in your county or city?,,DEM,NO,14,0,10,4,0
Lee,First Baptist,Democratic Party Question 1<br>Should the Georgia Constitution be amended to allow the state to override locally-elected school boards’ decisions when it comes to the creation of charter schools in your county or city?,,DEM,NO,138,3,115,20,0
Lee,SDA Church,Democratic Party Question 1<br>Should the Georgia Constitution be amended to allow the state to override locally-elected school boards’ decisions when it comes to the creation of charter schools in your county or city?,,DEM,NO,13,0,13,0,0
Lee,Sovereign Grace,Democratic Party Question 1<br>Should the Georgia Constitution be amended to allow the state to override locally-elected school boards’ decisions when it comes to the creation of charter schools in your county or city?,,DEM,NO,54,0,52,2,0
Lee,Century Fire Station,Democratic Party Question 1<br>Should the Georgia Constitution be amended to allow the state to override locally-elected school boards’ decisions when it comes to the creation of charter schools in your county or city?,,DEM,NO,53,0,47,6,0
Lee,,Democratic Party Question 2<br>Do you support ending current practice permitting unlimited gifts from lobbyists to state legislators?,,DEM,YES,652,25,551,76,0
Lee,Chokee,Democratic Party Question 2<br>Do you support ending current practice permitting unlimited gifts from lobbyists to state legislators?,,DEM,YES,42,17,20,5,0
Lee,Redbone,Democratic Party Question 2<br>Do you support ending current practice permitting unlimited gifts from lobbyists to state legislators?,,DEM,YES,135,3,114,18,0
Lee,Smithville,Democratic Party Question 2<br>Do you support ending current practice permitting unlimited gifts from lobbyists to state legislators?,,DEM,YES,59,1,54,4,0
Lee,CJC,Democratic Party Question 2<br>Do you support ending current practice permitting unlimited gifts from lobbyists to state legislators?,,DEM,YES,17,0,15,2,0
Lee,Leesburg,Democratic Party Question 2<br>Do you support ending current practice permitting unlimited gifts from lobbyists to state legislators?,,DEM,YES,87,1,68,18,0
Lee,Friendship Bapt,Democratic Party Question 2<br>Do you support ending current practice permitting unlimited gifts from lobbyists to state legislators?,,DEM,YES,13,0,11,2,0
Lee,First Baptist,Democratic Party Question 2<br>Do you support ending current practice permitting unlimited gifts from lobbyists to state legislators?,,DEM,YES,135,1,118,16,0
Lee,SDA Church,Democratic Party Question 2<br>Do you support ending current practice permitting unlimited gifts from lobbyists to state legislators?,,DEM,YES,16,0,16,0,0
Lee,Sovereign Grace,Democratic Party Question 2<br>Do you support ending current practice permitting unlimited gifts from lobbyists to state legislators?,,DEM,YES,69,1,65,3,0
Lee,Century Fire Station,Democratic Party Question 2<br>Do you support ending current practice permitting unlimited gifts from lobbyists to state legislators?,,DEM,YES,79,1,70,8,0
Lee,,Democratic Party Question 2<br>Do you support ending current practice permitting unlimited gifts from lobbyists to state legislators?,,DEM,NO,338,14,288,36,0
Lee,Chokee,Democratic Party Question 2<br>Do you support ending current practice permitting unlimited gifts from lobbyists to state legislators?,,DEM,NO,33,8,21,4,0
Lee,Redbone,Democratic Party Question 2<br>Do you support ending current practice permitting unlimited gifts from lobbyists to state legislators?,,DEM,NO,58,1,52,5,0
Lee,Smithville,Democratic Party Question 2<br>Do you support ending current practice permitting unlimited gifts from lobbyists to state legislators?,,DEM,NO,44,2,38,4,0
Lee,CJC,Democratic Party Question 2<br>Do you support ending current practice permitting unlimited gifts from lobbyists to state legislators?,,DEM,NO,3,0,2,1,0
Lee,Leesburg,Democratic Party Question 2<br>Do you support ending current practice permitting unlimited gifts from lobbyists to state legislators?,,DEM,NO,41,0,35,6,0
Lee,Friendship Bapt,Democratic Party Question 2<br>Do you support ending current practice permitting unlimited gifts from lobbyists to state legislators?,,DEM,NO,11,0,8,3,0
Lee,First Baptist,Democratic Party Question 2<br>Do you support ending current practice permitting unlimited gifts from lobbyists to state legislators?,,DEM,NO,84,3,72,9,0
Lee,SDA Church,Democratic Party Question 2<br>Do you support ending current practice permitting unlimited gifts from lobbyists to state legislators?,,DEM,NO,8,0,8,0,0
Lee,Sovereign Grace,Democratic Party Question 2<br>Do you support ending current practice permitting unlimited gifts from lobbyists to state legislators?,,DEM,NO,27,0,26,1,0
Lee,Century Fire Station,Democratic Party Question 2<br>Do you support ending current practice permitting unlimited gifts from lobbyists to state legislators?,,DEM,NO,29,0,26,3,0
Lee,,Democratic Party Question 3<br>Should Georgia adopt an income tax credit for home energy costs to support the economic security of our families?,,DEM,YES,787,30,667,90,0
Lee,Chokee,Democratic Party Question 3<br>Should Georgia adopt an income tax credit for home energy costs to support the economic security of our families?,,DEM,YES,51,18,25,8,0
Lee,Redbone,Democratic Party Question 3<br>Should Georgia adopt an income tax credit for home energy costs to support the economic security of our families?,,DEM,YES,157,4,133,20,0
Lee,Smithville,Democratic Party Question 3<br>Should Georgia adopt an income tax credit for home energy costs to support the economic security of our families?,,DEM,YES,87,3,79,5,0
Lee,CJC,Democratic Party Question 3<br>Should Georgia adopt an income tax credit for home energy costs to support the economic security of our families?,,DEM,YES,15,0,15,0,0
Lee,Leesburg,Democratic Party Question 3<br>Should Georgia adopt an income tax credit for home energy costs to support the economic security of our families?,,DEM,YES,100,1,78,21,0
Lee,Friendship Bapt,Democratic Party Question 3<br>Should Georgia adopt an income tax credit for home energy costs to support the economic security of our families?,,DEM,YES,19,0,14,5,0
Lee,First Baptist,Democratic Party Question 3<br>Should Georgia adopt an income tax credit for home energy costs to support the economic security of our families?,,DEM,YES,179,3,159,17,0
Lee,SDA Church,Democratic Party Question 3<br>Should Georgia adopt an income tax credit for home energy costs to support the economic security of our families?,,DEM,YES,19,0,19,0,0
Lee,Sovereign Grace,Democratic Party Question 3<br>Should Georgia adopt an income tax credit for home energy costs to support the economic security of our families?,,DEM,YES,73,0,69,4,0
Lee,Century Fire Station,Democratic Party Question 3<br>Should Georgia adopt an income tax credit for home energy costs to support the economic security of our families?,,DEM,YES,87,1,76,10,0
Lee,,Democratic Party Question 3<br>Should Georgia adopt an income tax credit for home energy costs to support the economic security of our families?,,DEM,NO,212,7,180,25,0
Lee,Chokee,Democratic Party Question 3<br>Should Georgia adopt an income tax credit for home energy costs to support the economic security of our families?,,DEM,NO,24,5,17,2,0
Lee,Redbone,Democratic Party Question 3<br>Should Georgia adopt an income tax credit for home energy costs to support the economic security of our families?,,DEM,NO,38,0,34,4,0
Lee,Smithville,Democratic Party Question 3<br>Should Georgia adopt an income tax credit for home energy costs to support the economic security of our families?,,DEM,NO,18,0,15,3,0
Lee,CJC,Democratic Party Question 3<br>Should Georgia adopt an income tax credit for home energy costs to support the economic security of our families?,,DEM,NO,5,0,2,3,0
Lee,Leesburg,Democratic Party Question 3<br>Should Georgia adopt an income tax credit for home energy costs to support the economic security of our families?,,DEM,NO,28,0,23,5,0
Lee,Friendship Bapt,Democratic Party Question 3<br>Should Georgia adopt an income tax credit for home energy costs to support the economic security of our families?,,DEM,NO,5,0,5,0,0
Lee,First Baptist,Democratic Party Question 3<br>Should Georgia adopt an income tax credit for home energy costs to support the economic security of our families?,,DEM,NO,42,1,34,7,0
Lee,SDA Church,Democratic Party Question 3<br>Should Georgia adopt an income tax credit for home energy costs to support the economic security of our families?,,DEM,NO,6,0,6,0,0
Lee,Sovereign Grace,Democratic Party Question 3<br>Should Georgia adopt an income tax credit for home energy costs to support the economic security of our families?,,DEM,NO,22,1,21,0,0
Lee,Century Fire Station,Democratic Party Question 3<br>Should Georgia adopt an income tax credit for home energy costs to support the economic security of our families?,,DEM,NO,24,0,23,1,0
Lee,,Democratic Party Question 4 <br>Should Georgia reduce sales taxes on Made in Georgia products so as to support the growth of small businesses in our state?,,DEM,YES,887,35,749,103,0
Lee,Chokee,Democratic Party Question 4 <br>Should Georgia reduce sales taxes on Made in Georgia products so as to support the growth of small businesses in our state?,,DEM,YES,64,22,33,9,0
Lee,Redbone,Democratic Party Question 4 <br>Should Georgia reduce sales taxes on Made in Georgia products so as to support the growth of small businesses in our state?,,DEM,YES,175,4,149,22,0
Lee,Smithville,Democratic Party Question 4 <br>Should Georgia reduce sales taxes on Made in Georgia products so as to support the growth of small businesses in our state?,,DEM,YES,88,2,80,6,0
Lee,CJC,Democratic Party Question 4 <br>Should Georgia reduce sales taxes on Made in Georgia products so as to support the growth of small businesses in our state?,,DEM,YES,17,0,15,2,0
Lee,Leesburg,Democratic Party Question 4 <br>Should Georgia reduce sales taxes on Made in Georgia products so as to support the growth of small businesses in our state?,,DEM,YES,114,1,90,23,0
Lee,Friendship Bapt,Democratic Party Question 4 <br>Should Georgia reduce sales taxes on Made in Georgia products so as to support the growth of small businesses in our state?,,DEM,YES,22,0,17,5,0
Lee,First Baptist,Democratic Party Question 4 <br>Should Georgia reduce sales taxes on Made in Georgia products so as to support the growth of small businesses in our state?,,DEM,YES,200,4,174,22,0
Lee,SDA Church,Democratic Party Question 4 <br>Should Georgia reduce sales taxes on Made in Georgia products so as to support the growth of small businesses in our state?,,DEM,YES,21,0,21,0,0
Lee,Sovereign Grace,Democratic Party Question 4 <br>Should Georgia reduce sales taxes on Made in Georgia products so as to support the growth of small businesses in our state?,,DEM,YES,90,1,86,3,0
Lee,Century Fire Station,Democratic Party Question 4 <br>Should Georgia reduce sales taxes on Made in Georgia products so as to support the growth of small businesses in our state?,,DEM,YES,96,1,84,11,0
Lee,,Democratic Party Question 4 <br>Should Georgia reduce sales taxes on Made in Georgia products so as to support the growth of small businesses in our state?,,DEM,NO,114,4,97,13,0
Lee,Chokee,Democratic Party Question 4 <br>Should Georgia reduce sales taxes on Made in Georgia products so as to support the growth of small businesses in our state?,,DEM,NO,14,3,11,0,0
Lee,Redbone,Democratic Party Question 4 <br>Should Georgia reduce sales taxes on Made in Georgia products so as to support the growth of small businesses in our state?,,DEM,NO,20,0,18,2,0
Lee,Smithville,Democratic Party Question 4 <br>Should Georgia reduce sales taxes on Made in Georgia products so as to support the growth of small businesses in our state?,,DEM,NO,18,1,15,2,0
Lee,CJC,Democratic Party Question 4 <br>Should Georgia reduce sales taxes on Made in Georgia products so as to support the growth of small businesses in our state?,,DEM,NO,3,0,2,1,0
Lee,Leesburg,Democratic Party Question 4 <br>Should Georgia reduce sales taxes on Made in Georgia products so as to support the growth of small businesses in our state?,,DEM,NO,16,0,12,4,0
Lee,Friendship Bapt,Democratic Party Question 4 <br>Should Georgia reduce sales taxes on Made in Georgia products so as to support the growth of small businesses in our state?,,DEM,NO,1,0,1,0,0
Lee,First Baptist,Democratic Party Question 4 <br>Should Georgia reduce sales taxes on Made in Georgia products so as to support the growth of small businesses in our state?,,DEM,NO,21,0,18,3,0
Lee,SDA Church,Democratic Party Question 4 <br>Should Georgia reduce sales taxes on Made in Georgia products so as to support the growth of small businesses in our state?,,DEM,NO,4,0,4,0,0
Lee,Sovereign Grace,Democratic Party Question 4 <br>Should Georgia reduce sales taxes on Made in Georgia products so as to support the growth of small businesses in our state?,,DEM,NO,5,0,4,1,0
Lee,Century Fire Station,Democratic Party Question 4 <br>Should Georgia reduce sales taxes on Made in Georgia products so as to support the growth of small businesses in our state?,,DEM,NO,12,0,12,0,0
Lee,,Supreme Court Justice, Hunstein,,CAROL W. HUNSTEIN,6167,106,4925,1136,0
Lee,Chokee,Supreme Court Justice, Hunstein,,CAROL W. HUNSTEIN,143,25,81,37,0
Lee,Redbone,Supreme Court Justice, Hunstein,,CAROL W. HUNSTEIN,1479,30,1209,240,0
Lee,Smithville,Supreme Court Justice, Hunstein,,CAROL W. HUNSTEIN,253,2,183,68,0
Lee,CJC,Supreme Court Justice, Hunstein,,CAROL W. HUNSTEIN,228,3,165,60,0
Lee,Leesburg,Supreme Court Justice, Hunstein,,CAROL W. HUNSTEIN,881,8,622,251,0
Lee,Friendship Bapt,Supreme Court Justice, Hunstein,,CAROL W. HUNSTEIN,282,0,230,52,0
Lee,First Baptist,Supreme Court Justice, Hunstein,,CAROL W. HUNSTEIN,1103,9,973,121,0
Lee,SDA Church,Supreme Court Justice, Hunstein,,CAROL W. HUNSTEIN,372,7,321,44,0
Lee,Sovereign Grace,Supreme Court Justice, Hunstein,,CAROL W. HUNSTEIN,679,7,567,105,0
Lee,Century Fire Station,Supreme Court Justice, Hunstein,,CAROL W. HUNSTEIN,747,15,574,158,0
Lee,,Supreme Court Justice, Hunstein,,Write-in,26,1,21,4,0
Lee,Chokee,Supreme Court Justice, Hunstein,,Write-in,1,0,0,1,0
Lee,Redbone,Supreme Court Justice, Hunstein,,Write-in,9,1,7,1,0
Lee,Smithville,Supreme Court Justice, Hunstein,,Write-in,0,0,0,0,0
Lee,CJC,Supreme Court Justice, Hunstein,,Write-in,1,0,0,1,0
Lee,Leesburg,Supreme Court Justice, Hunstein,,Write-in,1,0,1,0,0
Lee,Friendship Bapt,Supreme Court Justice, Hunstein,,Write-in,1,0,1,0,0
Lee,First Baptist,Supreme Court Justice, Hunstein,,Write-in,8,0,8,0,0
Lee,SDA Church,Supreme Court Justice, Hunstein,,Write-in,0,0,0,0,0
Lee,Sovereign Grace,Supreme Court Justice, Hunstein,,Write-in,4,0,3,1,0
Lee,Century Fire Station,Supreme Court Justice, Hunstein,,Write-in,1,0,1,0,0
Lee,,Supreme Court Justice, Melton,,HAROLD D. MELTON ,6136,109,4902,1125,0
Lee,Chokee,Supreme Court Justice, Melton,,HAROLD D. MELTON ,143,25,83,35,0
Lee,Redbone,Supreme Court Justice, Melton,,HAROLD D. MELTON ,1482,31,1213,238,0
Lee,Smithville,Supreme Court Justice, Melton,,HAROLD D. MELTON ,256,4,186,66,0
Lee,CJC,Supreme Court Justice, Melton,,HAROLD D. MELTON ,224,3,161,60,0
Lee,Leesburg,Supreme Court Justice, Melton,,HAROLD D. MELTON ,870,8,613,249,0
Lee,Friendship Bapt,Supreme Court Justice, Melton,,HAROLD D. MELTON ,277,0,226,51,0
Lee,First Baptist,Supreme Court Justice, Melton,,HAROLD D. MELTON ,1094,9,965,120,0
Lee,SDA Church,Supreme Court Justice, Melton,,HAROLD D. MELTON ,367,7,315,45,0
Lee,Sovereign Grace,Supreme Court Justice, Melton,,HAROLD D. MELTON ,680,7,567,106,0
Lee,Century Fire Station,Supreme Court Justice, Melton,,HAROLD D. MELTON ,743,15,573,155,0
Lee,,Supreme Court Justice, Melton,,Write-in,26,1,22,3,0
Lee,Chokee,Supreme Court Justice, Melton,,Write-in,1,0,0,1,0
Lee,Redbone,Supreme Court Justice, Melton,,Write-in,7,1,5,1,0
Lee,Smithville,Supreme Court Justice, Melton,,Write-in,0,0,0,0,0
Lee,CJC,Supreme Court Justice, Melton,,Write-in,1,0,0,1,0
Lee,Leesburg,Supreme Court Justice, Melton,,Write-in,2,0,2,0,0
Lee,Friendship Bapt,Supreme Court Justice, Melton,,Write-in,1,0,1,0,0
Lee,First Baptist,Supreme Court Justice, Melton,,Write-in,11,0,11,0,0
Lee,SDA Church,Supreme Court Justice, Melton,,Write-in,0,0,0,0,0
Lee,Sovereign Grace,Supreme Court Justice, Melton,,Write-in,2,0,2,0,0
Lee,Century Fire Station,Supreme Court Justice, Melton,,Write-in,1,0,1,0,0
Lee,,Supreme Court Justice, Thompson,,HUGH P. THOMPSON ,6108,106,4881,1121,0
Lee,Chokee,Supreme Court Justice, Thompson,,HUGH P. THOMPSON ,137,25,78,34,0
Lee,Redbone,Supreme Court Justice, Thompson,,HUGH P. THOMPSON ,1477,30,1208,239,0
Lee,Smithville,Supreme Court Justice, Thompson,,HUGH P. THOMPSON ,253,2,183,68,0
Lee,CJC,Supreme Court Justice, Thompson,,HUGH P. THOMPSON ,225,3,162,60,0
Lee,Leesburg,Supreme Court Justice, Thompson,,HUGH P. THOMPSON ,868,8,615,245,0
Lee,Friendship Bapt,Supreme Court Justice, Thompson,,HUGH P. THOMPSON ,279,0,227,52,0
Lee,First Baptist,Supreme Court Justice, Thompson,,HUGH P. THOMPSON ,1093,9,963,121,0
Lee,SDA Church,Supreme Court Justice, Thompson,,HUGH P. THOMPSON ,366,7,315,44,0
Lee,Sovereign Grace,Supreme Court Justice, Thompson,,HUGH P. THOMPSON ,674,7,563,104,0
Lee,Century Fire Station,Supreme Court Justice, Thompson,,HUGH P. THOMPSON ,736,15,567,154,0
Lee,,Supreme Court Justice, Thompson,,Write-in,21,1,15,5,0
Lee,Chokee,Supreme Court Justice, Thompson,,Write-in,1,0,0,1,0
Lee,Redbone,Supreme Court Justice, Thompson,,Write-in,6,1,4,1,0
Lee,Smithville,Supreme Court Justice, Thompson,,Write-in,1,0,1,0,0
Lee,CJC,Supreme Court Justice, Thompson,,Write-in,1,0,0,1,0
Lee,Leesburg,Supreme Court Justice, Thompson,,Write-in,2,0,1,1,0
Lee,Friendship Bapt,Supreme Court Justice, Thompson,,Write-in,1,0,1,0,0
Lee,First Baptist,Supreme Court Justice, Thompson,,Write-in,4,0,4,0,0
Lee,SDA Church,Supreme Court Justice, Thompson,,Write-in,1,0,1,0,0
Lee,Sovereign Grace,Supreme Court Justice, Thompson,,Write-in,3,0,2,1,0
Lee,Century Fire Station,Supreme Court Justice, Thompson,,Write-in,1,0,1,0,0
Lee,,Appeals Court Judge, Boggs,,MICHAEL P. BOGGS ,6067,108,4848,1111,0
Lee,Chokee,Appeals Court Judge, Boggs,,MICHAEL P. BOGGS ,134,25,74,35,0
Lee,Redbone,Appeals Court Judge, Boggs,,MICHAEL P. BOGGS ,1472,30,1204,238,0
Lee,Smithville,Appeals Court Judge, Boggs,,MICHAEL P. BOGGS ,253,3,182,68,0
Lee,CJC,Appeals Court Judge, Boggs,,MICHAEL P. BOGGS ,225,3,163,59,0
Lee,Leesburg,Appeals Court Judge, Boggs,,MICHAEL P. BOGGS ,859,8,608,243,0
Lee,Friendship Bapt,Appeals Court Judge, Boggs,,MICHAEL P. BOGGS ,273,0,223,50,0
Lee,First Baptist,Appeals Court Judge, Boggs,,MICHAEL P. BOGGS ,1086,10,958,118,0
Lee,SDA Church,Appeals Court Judge, Boggs,,MICHAEL P. BOGGS ,365,7,314,44,0
Lee,Sovereign Grace,Appeals Court Judge, Boggs,,MICHAEL P. BOGGS ,672,7,559,106,0
Lee,Century Fire Station,Appeals Court Judge, Boggs,,MICHAEL P. BOGGS ,728,15,563,150,0
Lee,,Appeals Court Judge, Boggs,,Write-in,19,0,13,6,0
Lee,Chokee,Appeals Court Judge, Boggs,,Write-in,2,0,1,1,0
Lee,Redbone,Appeals Court Judge, Boggs,,Write-in,5,0,4,1,0
Lee,Smithville,Appeals Court Judge, Boggs,,Write-in,0,0,0,0,0
Lee,CJC,Appeals Court Judge, Boggs,,Write-in,1,0,0,1,0
Lee,Leesburg,Appeals Court Judge, Boggs,,Write-in,3,0,1,2,0
Lee,Friendship Bapt,Appeals Court Judge, Boggs,,Write-in,1,0,1,0,0
Lee,First Baptist,Appeals Court Judge, Boggs,,Write-in,4,0,4,0,0
Lee,SDA Church,Appeals Court Judge, Boggs,,Write-in,0,0,0,0,0
Lee,Sovereign Grace,Appeals Court Judge, Boggs,,Write-in,2,0,2,0,0
Lee,Century Fire Station,Appeals Court Judge, Boggs,,Write-in,1,0,0,1,0
Lee,,Appeals Court Judge, Dillard,,STEPHEN DILLARD ,6088,107,4867,1114,0
Lee,Chokee,Appeals Court Judge, Dillard,,STEPHEN DILLARD ,138,25,80,33,0
Lee,Redbone,Appeals Court Judge, Dillard,,STEPHEN DILLARD ,1481,32,1208,241,0
Lee,Smithville,Appeals Court Judge, Dillard,,STEPHEN DILLARD ,250,3,180,67,0
Lee,CJC,Appeals Court Judge, Dillard,,STEPHEN DILLARD ,225,3,163,59,0
Lee,Leesburg,Appeals Court Judge, Dillard,,STEPHEN DILLARD ,860,8,609,243,0
Lee,Friendship Bapt,Appeals Court Judge, Dillard,,STEPHEN DILLARD ,276,0,225,51,0
Lee,First Baptist,Appeals Court Judge, Dillard,,STEPHEN DILLARD ,1087,9,959,119,0
Lee,SDA Church,Appeals Court Judge, Dillard,,STEPHEN DILLARD ,366,5,317,44,0
Lee,Sovereign Grace,Appeals Court Judge, Dillard,,STEPHEN DILLARD ,669,7,558,104,0
Lee,Century Fire Station,Appeals Court Judge, Dillard,,STEPHEN DILLARD ,736,15,568,153,0
Lee,,Appeals Court Judge, Dillard,,Write-in,18,1,11,6,0
Lee,Chokee,Appeals Court Judge, Dillard,,Write-in,1,0,0,1,0
Lee,Redbone,Appeals Court Judge, Dillard,,Write-in,4,0,3,1,0
Lee,Smithville,Appeals Court Judge, Dillard,,Write-in,0,0,0,0,0
Lee,CJC,Appeals Court Judge, Dillard,,Write-in,1,0,0,1,0
Lee,Leesburg,Appeals Court Judge, Dillard,,Write-in,4,1,1,2,0
Lee,Friendship Bapt,Appeals Court Judge, Dillard,,Write-in,1,0,1,0,0
Lee,First Baptist,Appeals Court Judge, Dillard,,Write-in,4,0,4,0,0
Lee,SDA Church,Appeals Court Judge, Dillard,,Write-in,0,0,0,0,0
Lee,Sovereign Grace,Appeals Court Judge, Dillard,,Write-in,3,0,2,1,0
Lee,Century Fire Station,Appeals Court Judge, Dillard,,Write-in,0,0,0,0,0
Lee,,Appeals Court Judge, Ellington,,JOHN J. ELLINGTON,6050,104,4835,1111,0
Lee,Chokee,Appeals Court Judge, Ellington,,JOHN J. ELLINGTON,132,22,76,34,0
Lee,Redbone,Appeals Court Judge, Ellington,,JOHN J. ELLINGTON,1468,31,1201,236,0
Lee,Smithville,Appeals Court Judge, Ellington,,JOHN J. ELLINGTON,250,2,180,68,0
Lee,CJC,Appeals Court Judge, Ellington,,JOHN J. ELLINGTON,222,3,160,59,0
Lee,Leesburg,Appeals Court Judge, Ellington,,JOHN J. ELLINGTON,861,8,609,244,0
Lee,Friendship Bapt,Appeals Court Judge, Ellington,,JOHN J. ELLINGTON,271,0,222,49,0
Lee,First Baptist,Appeals Court Judge, Ellington,,JOHN J. ELLINGTON,1076,9,948,119,0
Lee,SDA Church,Appeals Court Judge, Ellington,,JOHN J. ELLINGTON,365,7,315,43,0
Lee,Sovereign Grace,Appeals Court Judge, Ellington,,JOHN J. ELLINGTON,670,7,558,105,0
Lee,Century Fire Station,Appeals Court Judge, Ellington,,JOHN J. ELLINGTON,735,15,566,154,0
Lee,,Appeals Court Judge, Ellington,,Write-in,11,0,8,3,0
Lee,Chokee,Appeals Court Judge, Ellington,,Write-in,2,0,1,1,0
Lee,Redbone,Appeals Court Judge, Ellington,,Write-in,2,0,2,0,0
Lee,Smithville,Appeals Court Judge, Ellington,,Write-in,0,0,0,0,0
Lee,CJC,Appeals Court Judge, Ellington,,Write-in,1,0,0,1,0
Lee,Leesburg,Appeals Court Judge, Ellington,,Write-in,3,0,2,1,0
Lee,Friendship Bapt,Appeals Court Judge, Ellington,,Write-in,1,0,1,0,0
Lee,First Baptist,Appeals Court Judge, Ellington,,Write-in,1,0,1,0,0
Lee,SDA Church,Appeals Court Judge, Ellington,,Write-in,0,0,0,0,0
Lee,Sovereign Grace,Appeals Court Judge, Ellington,,Write-in,1,0,1,0,0
Lee,Century Fire Station,Appeals Court Judge, Ellington,,Write-in,0,0,0,0,0
Lee,,Appeals Court Judge, Miller,,M. YVETTE MILLER ,6031,107,4830,1094,0
Lee,Chokee,Appeals Court Judge, Miller,,M. YVETTE MILLER ,138,24,79,35,0
Lee,Redbone,Appeals Court Judge, Miller,,M. YVETTE MILLER ,1454,32,1193,229,0
Lee,Smithville,Appeals Court Judge, Miller,,M. YVETTE MILLER ,251,3,181,67,0
Lee,CJC,Appeals Court Judge, Miller,,M. YVETTE MILLER ,220,3,159,58,0
Lee,Leesburg,Appeals Court Judge, Miller,,M. YVETTE MILLER ,854,8,607,239,0
Lee,Friendship Bapt,Appeals Court Judge, Miller,,M. YVETTE MILLER ,271,0,221,50,0
Lee,First Baptist,Appeals Court Judge, Miller,,M. YVETTE MILLER ,1083,9,955,119,0
Lee,SDA Church,Appeals Court Judge, Miller,,M. YVETTE MILLER ,362,6,314,42,0
Lee,Sovereign Grace,Appeals Court Judge, Miller,,M. YVETTE MILLER ,668,7,560,101,0
Lee,Century Fire Station,Appeals Court Judge, Miller,,M. YVETTE MILLER ,730,15,561,154,0
Lee,,Appeals Court Judge, Miller,,Write-in,15,1,9,5,0
Lee,Chokee,Appeals Court Judge, Miller,,Write-in,1,0,0,1,0
Lee,Redbone,Appeals Court Judge, Miller,,Write-in,4,0,2,2,0
Lee,Smithville,Appeals Court Judge, Miller,,Write-in,0,0,0,0,0
Lee,CJC,Appeals Court Judge, Miller,,Write-in,1,0,0,1,0
Lee,Leesburg,Appeals Court Judge, Miller,,Write-in,3,1,1,1,0
Lee,Friendship Bapt,Appeals Court Judge, Miller,,Write-in,1,0,1,0,0
Lee,First Baptist,Appeals Court Judge, Miller,,Write-in,1,0,1,0,0
Lee,SDA Church,Appeals Court Judge, Miller,,Write-in,0,0,0,0,0
Lee,Sovereign Grace,Appeals Court Judge, Miller,,Write-in,3,0,3,0,0
Lee,Century Fire Station,Appeals Court Judge, Miller,,Write-in,1,0,1,0,0
Lee,,Appeals Court Judge, Phipps,,HERBERT PHIPPS ,6091,110,4873,1108,0
Lee,Chokee,Appeals Court Judge, Phipps,,HERBERT PHIPPS ,145,27,82,36,0
Lee,Redbone,Appeals Court Judge, Phipps,,HERBERT PHIPPS ,1472,30,1206,236,0
Lee,Smithville,Appeals Court Judge, Phipps,,HERBERT PHIPPS ,255,2,185,68,0
Lee,CJC,Appeals Court Judge, Phipps,,HERBERT PHIPPS ,221,3,161,57,0
Lee,Leesburg,Appeals Court Judge, Phipps,,HERBERT PHIPPS ,859,9,607,243,0
Lee,Friendship Bapt,Appeals Court Judge, Phipps,,HERBERT PHIPPS ,270,0,218,52,0
Lee,First Baptist,Appeals Court Judge, Phipps,,HERBERT PHIPPS ,1108,10,979,119,0
Lee,SDA Church,Appeals Court Judge, Phipps,,HERBERT PHIPPS ,357,6,308,43,0
Lee,Sovereign Grace,Appeals Court Judge, Phipps,,HERBERT PHIPPS ,673,7,564,102,0
Lee,Century Fire Station,Appeals Court Judge, Phipps,,HERBERT PHIPPS ,731,16,563,152,0
Lee,,Appeals Court Judge, Phipps,,Write-in,20,1,17,2,0
Lee,Chokee,Appeals Court Judge, Phipps,,Write-in,2,0,1,1,0
Lee,Redbone,Appeals Court Judge, Phipps,,Write-in,6,1,5,0,0
Lee,Smithville,Appeals Court Judge, Phipps,,Write-in,0,0,0,0,0
Lee,CJC,Appeals Court Judge, Phipps,,Write-in,1,0,0,1,0
Lee,Leesburg,Appeals Court Judge, Phipps,,Write-in,1,0,1,0,0
Lee,Friendship Bapt,Appeals Court Judge, Phipps,,Write-in,2,0,2,0,0
Lee,First Baptist,Appeals Court Judge, Phipps,,Write-in,3,0,3,0,0
Lee,SDA Church,Appeals Court Judge, Phipps,,Write-in,2,0,2,0,0
Lee,Sovereign Grace,Appeals Court Judge, Phipps,,Write-in,1,0,1,0,0
Lee,Century Fire Station,Appeals Court Judge, Phipps,,Write-in,2,0,2,0,0
Lee,,Superior Court Judge, Southwestern Circuit (Peagler),,GEORGE M. PEAGLER,6054,109,4840,1105,0
Lee,Chokee,Superior Court Judge, Southwestern Circuit (Peagler),,GEORGE M. PEAGLER,143,27,81,35,0
Lee,Redbone,Superior Court Judge, Southwestern Circuit (Peagler),,GEORGE M. PEAGLER,1453,31,1191,231,0
Lee,Smithville,Superior Court Judge, Southwestern Circuit (Peagler),,GEORGE M. PEAGLER,263,2,194,67,0
Lee,CJC,Superior Court Judge, Southwestern Circuit (Peagler),,GEORGE M. PEAGLER,222,3,163,56,0
Lee,Leesburg,Superior Court Judge, Southwestern Circuit (Peagler),,GEORGE M. PEAGLER,859,8,608,243,0
Lee,Friendship Bapt,Superior Court Judge, Southwestern Circuit (Peagler),,GEORGE M. PEAGLER,271,0,222,49,0
Lee,First Baptist,Superior Court Judge, Southwestern Circuit (Peagler),,GEORGE M. PEAGLER,1083,9,952,122,0
Lee,SDA Church,Superior Court Judge, Southwestern Circuit (Peagler),,GEORGE M. PEAGLER,358,7,308,43,0
Lee,Sovereign Grace,Superior Court Judge, Southwestern Circuit (Peagler),,GEORGE M. PEAGLER,675,7,562,106,0
Lee,Century Fire Station,Superior Court Judge, Southwestern Circuit (Peagler),,GEORGE M. PEAGLER,727,15,559,153,0
Lee,,Superior Court Judge, Southwestern Circuit (Peagler),,Write-in,23,1,19,3,0
Lee,Chokee,Superior Court Judge, Southwestern Circuit (Peagler),,Write-in,2,0,2,0,0
Lee,Redbone,Superior Court Judge, Southwestern Circuit (Peagler),,Write-in,9,0,9,0,0
Lee,Smithville,Superior Court Judge, Southwestern Circuit (Peagler),,Write-in,1,0,0,1,0
Lee,CJC,Superior Court Judge, Southwestern Circuit (Peagler),,Write-in,1,0,0,1,0
Lee,Leesburg,Superior Court Judge, Southwestern Circuit (Peagler),,Write-in,3,1,1,1,0
Lee,Friendship Bapt,Superior Court Judge, Southwestern Circuit (Peagler),,Write-in,1,0,1,0,0
Lee,First Baptist,Superior Court Judge, Southwestern Circuit (Peagler),,Write-in,4,0,4,0,0
Lee,SDA Church,Superior Court Judge, Southwestern Circuit (Peagler),,Write-in,0,0,0,0,0
Lee,Sovereign Grace,Superior Court Judge, Southwestern Circuit (Peagler),,Write-in,2,0,2,0,0
Lee,Century Fire Station,Superior Court Judge, Southwestern Circuit (Peagler),,Write-in,0,0,0,0,0
Lee,,Superior Court Judge, Southwestern Circuit (Smith),,RUCKER SMITH ,6043,111,4818,1114,0
Lee,Chokee,Superior Court Judge, Southwestern Circuit (Smith),,RUCKER SMITH ,140,27,77,36,0
Lee,Redbone,Superior Court Judge, Southwestern Circuit (Smith),,RUCKER SMITH ,1462,31,1193,238,0
Lee,Smithville,Superior Court Judge, Southwestern Circuit (Smith),,RUCKER SMITH ,263,3,188,72,0
Lee,CJC,Superior Court Judge, Southwestern Circuit (Smith),,RUCKER SMITH ,217,3,159,55,0
Lee,Leesburg,Superior Court Judge, Southwestern Circuit (Smith),,RUCKER SMITH ,865,8,615,242,0
Lee,Friendship Bapt,Superior Court Judge, Southwestern Circuit (Smith),,RUCKER SMITH ,272,0,222,50,0
Lee,First Baptist,Superior Court Judge, Southwestern Circuit (Smith),,RUCKER SMITH ,1072,11,942,119,0
Lee,SDA Church,Superior Court Judge, Southwestern Circuit (Smith),,RUCKER SMITH ,357,7,310,40,0
Lee,Sovereign Grace,Superior Court Judge, Southwestern Circuit (Smith),,RUCKER SMITH ,669,7,555,107,0
Lee,Century Fire Station,Superior Court Judge, Southwestern Circuit (Smith),,RUCKER SMITH ,726,14,557,155,0
Lee,,Superior Court Judge, Southwestern Circuit (Smith),,Write-in,51,1,39,11,0
Lee,Chokee,Superior Court Judge, Southwestern Circuit (Smith),,Write-in,1,0,1,0,0
Lee,Redbone,Superior Court Judge, Southwestern Circuit (Smith),,Write-in,16,0,13,3,0
Lee,Smithville,Superior Court Judge, Southwestern Circuit (Smith),,Write-in,1,1,0,0,0
Lee,CJC,Superior Court Judge, Southwestern Circuit (Smith),,Write-in,4,0,3,1,0
Lee,Leesburg,Superior Court Judge, Southwestern Circuit (Smith),,Write-in,3,0,0,3,0
Lee,Friendship Bapt,Superior Court Judge, Southwestern Circuit (Smith),,Write-in,2,0,2,0,0
Lee,First Baptist,Superior Court Judge, Southwestern Circuit (Smith),,Write-in,7,0,6,1,0
Lee,SDA Church,Superior Court Judge, Southwestern Circuit (Smith),,Write-in,4,0,3,1,0
Lee,Sovereign Grace,Superior Court Judge, Southwestern Circuit (Smith),,Write-in,10,0,9,1,0
Lee,Century Fire Station,Superior Court Judge, Southwestern Circuit (Smith),,Write-in,3,0,2,1,0
Lee,,JUDGE, PROBATE COURT,,JOHN WHEATON ,6339,117,5047,1175,0
Lee,Chokee,JUDGE, PROBATE COURT,,JOHN WHEATON ,164,31,93,40,0
Lee,Redbone,JUDGE, PROBATE COURT,,JOHN WHEATON ,1528,30,1250,248,0
Lee,Smithville,JUDGE, PROBATE COURT,,JOHN WHEATON ,275,4,201,70,0
Lee,CJC,JUDGE, PROBATE COURT,,JOHN WHEATON ,235,3,171,61,0
Lee,Leesburg,JUDGE, PROBATE COURT,,JOHN WHEATON ,909,8,640,261,0
Lee,Friendship Bapt,JUDGE, PROBATE COURT,,JOHN WHEATON ,288,0,235,53,0
Lee,First Baptist,JUDGE, PROBATE COURT,,JOHN WHEATON ,1104,11,968,125,0
Lee,SDA Church,JUDGE, PROBATE COURT,,JOHN WHEATON ,379,7,325,47,0
Lee,Sovereign Grace,JUDGE, PROBATE COURT,,JOHN WHEATON ,698,7,580,111,0
Lee,Century Fire Station,JUDGE, PROBATE COURT,,JOHN WHEATON ,759,16,584,159,0
Lee,,JUDGE, PROBATE COURT,,Write-in,21,2,16,3,0
Lee,Chokee,JUDGE, PROBATE COURT,,Write-in,0,0,0,0,0
Lee,Redbone,JUDGE, PROBATE COURT,,Write-in,5,0,4,1,0
Lee,Smithville,JUDGE, PROBATE COURT,,Write-in,4,1,3,0,0
Lee,CJC,JUDGE, PROBATE COURT,,Write-in,3,0,2,1,0
Lee,Leesburg,JUDGE, PROBATE COURT,,Write-in,4,1,2,1,0
Lee,Friendship Bapt,JUDGE, PROBATE COURT,,Write-in,1,0,1,0,0
Lee,First Baptist,JUDGE, PROBATE COURT,,Write-in,2,0,2,0,0
Lee,SDA Church,JUDGE, PROBATE COURT,,Write-in,0,0,0,0,0
Lee,Sovereign Grace,JUDGE, PROBATE COURT,,Write-in,1,0,1,0,0
Lee,Century Fire Station,JUDGE, PROBATE COURT,,Write-in,1,0,1,0,0
Lee,,CHIEF MAGISTRATE,,,JIM THURMAN ,6184,114,4955,1115,0
Lee,Chokee,CHIEF MAGISTRATE,,,JIM THURMAN ,142,29,78,35,0
Lee,Redbone,CHIEF MAGISTRATE,,,JIM THURMAN ,1502,32,1237,233,0
Lee,Smithville,CHIEF MAGISTRATE,,,JIM THURMAN ,261,3,193,65,0
Lee,CJC,CHIEF MAGISTRATE,,,JIM THURMAN ,235,3,174,58,0
Lee,Leesburg,CHIEF MAGISTRATE,,,JIM THURMAN ,866,8,616,242,0
Lee,Friendship Bapt,CHIEF MAGISTRATE,,,JIM THURMAN ,283,0,232,51,0
Lee,First Baptist,CHIEF MAGISTRATE,,,JIM THURMAN ,1103,9,972,122,0
Lee,SDA Church,CHIEF MAGISTRATE,,,JIM THURMAN ,372,7,320,45,0
Lee,Sovereign Grace,CHIEF MAGISTRATE,,,JIM THURMAN ,683,7,569,107,0
Lee,Century Fire Station,CHIEF MAGISTRATE,,,JIM THURMAN ,737,16,564,157,0
Lee,,CHIEF MAGISTRATE,,,Write-in,83,1,47,35,0
Lee,Chokee,CHIEF MAGISTRATE,,,Write-in,6,0,3,3,0
Lee,Redbone,CHIEF MAGISTRATE,,,Write-in,20,0,12,8,0
Lee,Smithville,CHIEF MAGISTRATE,,,Write-in,5,0,1,4,0
Lee,CJC,CHIEF MAGISTRATE,,,Write-in,4,0,0,4,0
Lee,Leesburg,CHIEF MAGISTRATE,,,Write-in,11,0,6,5,0
Lee,Friendship Bapt,CHIEF MAGISTRATE,,,Write-in,2,0,2,0,0
Lee,First Baptist,CHIEF MAGISTRATE,,,Write-in,8,1,6,1,0
Lee,SDA Church,CHIEF MAGISTRATE,,,Write-in,3,0,2,1,0
Lee,Sovereign Grace,CHIEF MAGISTRATE,,,Write-in,14,0,9,5,0
Lee,Century Fire Station,CHIEF MAGISTRATE,,,Write-in,10,0,6,4,0
Lee,,BOE, D2,,CLAIRE LANG,1247,10,996,241,0
Lee,Redbone,BOE, D2,,CLAIRE LANG,96,3,76,17,0
Lee,Smithville,BOE, D2,,CLAIRE LANG,20,0,16,4,0
Lee,CJC,BOE, D2,,CLAIRE LANG,159,1,121,37,0
Lee,Leesburg,BOE, D2,,CLAIRE LANG,200,1,128,71,0
Lee,Friendship Bapt,BOE, D2,,CLAIRE LANG,272,0,220,52,0
Lee,First Baptist,BOE, D2,,CLAIRE LANG,396,2,347,47,0
Lee,Sovereign Grace,BOE, D2,,CLAIRE LANG,72,2,60,10,0
Lee,Century Fire Station,BOE, D2,,CLAIRE LANG,32,1,28,3,0
Lee,,BOE, D2,,Write-in,6,0,5,1,0
Lee,Redbone,BOE, D2,,Write-in,1,0,0,1,0
Lee,Smithville,BOE, D2,,Write-in,0,0,0,0,0
Lee,CJC,BOE, D2,,Write-in,1,0,1,0,0
Lee,Leesburg,BOE, D2,,Write-in,1,0,1,0,0
Lee,Friendship Bapt,BOE, D2,,Write-in,1,0,1,0,0
Lee,First Baptist,BOE, D2,,Write-in,2,0,2,0,0
Lee,Sovereign Grace,BOE, D2,,Write-in,0,0,0,0,0
Lee,Century Fire Station,BOE, D2,,Write-in,0,0,0,0,0
Lee,,BOE, D4,,SYLVIA S. VANN ,1166,20,915,231,0
Lee,Sovereign Grace,BOE, D4,,SYLVIA S. VANN ,453,5,371,77,0
Lee,Century Fire Station,BOE, D4,,SYLVIA S. VANN ,713,15,544,154,0
Lee,,BOE, D4,,Write-in,5,0,4,1,0
Lee,Sovereign Grace,BOE, D4,,Write-in,2,0,2,0,0
Lee,Century Fire Station,BOE, D4,,Write-in,3,0,2,1,0
Lee,,BOE, D5,,FRANK GRIFFIN ,1397,29,1144,224,0
Lee,Redbone,BOE, D5,,FRANK GRIFFIN ,1397,29,1144,224,0
Lee,,BOE, D5,,Write-in,3,0,2,1,0
Lee,Redbone,BOE, D5,,Write-in,3,0,2,1,0
Lee,,TSPLOST,,,YES,3198,68,2457,673,0
Lee,Chokee,TSPLOST,,,YES,114,23,66,25,0
Lee,Redbone,TSPLOST,,,YES,748,15,604,129,0
Lee,Smithville,TSPLOST,,,YES,122,2,84,36,0
Lee,CJC,TSPLOST,,,YES,107,1,75,31,0
Lee,Leesburg,TSPLOST,,,YES,442,3,296,143,0
Lee,Friendship Bapt,TSPLOST,,,YES,164,0,122,42,0
Lee,First Baptist,TSPLOST,,,YES,569,6,480,83,0
Lee,SDA Church,TSPLOST,,,YES,161,4,134,23,0
Lee,Sovereign Grace,TSPLOST,,,YES,390,4,314,72,0
Lee,Century Fire Station,TSPLOST,,,YES,381,10,282,89,0
Lee,,TSPLOST,,,NO,4192,62,3459,671,0
Lee,Chokee,TSPLOST,,,NO,74,8,45,21,0
Lee,Redbone,TSPLOST,,,NO,999,20,832,147,0
Lee,Smithville,TSPLOST,,,NO,199,3,152,44,0
Lee,CJC,TSPLOST,,,NO,184,3,140,41,0
Lee,Leesburg,TSPLOST,,,NO,575,6,426,143,0
Lee,Friendship Bapt,TSPLOST,,,NO,174,0,153,21,0
Lee,First Baptist,TSPLOST,,,NO,772,6,698,68,0
Lee,SDA Church,TSPLOST,,,NO,280,3,250,27,0
Lee,Sovereign Grace,TSPLOST,,,NO,416,5,351,60,0
Lee,Century Fire Station,TSPLOST,,,NO,519,8,412,99,0
