county,precinct,office,district,party,candidate,votes,absentee_by_mail,election_day,advance_in_person,provisional
Stephens,,"Public Service Commission, District 3",3,REP,CHUCK EATON (I),2433,110,1170,1152,1
Stephens,Toccoa #1,"Public Service Commission, District 3",3,REP,CHUCK EATON (I),424,19,175,230,0
Stephens,Toccoa #2,"Public Service Commission, District 3",3,REP,CHUCK EATON (I),339,29,133,177,0
Stephens,Toccoa #3,"Public Service Commission, District 3",3,REP,CHUCK EATON (I),553,30,201,321,1
Stephens,Broad River,"Public Service Commission, District 3",3,REP,CHUCK EATON (I),181,6,114,61,0
Stephens,Currahee,"Public Service Commission, District 3",3,REP,CHUCK EATON (I),87,4,57,26,0
Stephens,Martin,"Public Service Commission, District 3",3,REP,CHUCK EATON (I),131,5,88,38,0
Stephens,Wolf Pit,"Public Service Commission, District 3",3,REP,CHUCK EATON (I),310,11,185,114,0
Stephens,Big Smith,"Public Service Commission, District 3",3,REP,CHUCK EATON (I),408,6,217,185,0
Stephens,,"Public Service Commission, District 3",3,REP,MATT REID,1713,76,834,803,0
Stephens,Toccoa #1,"Public Service Commission, District 3",3,REP,MATT REID,312,18,109,185,0
Stephens,Toccoa #2,"Public Service Commission, District 3",3,REP,MATT REID,200,8,85,107,0
Stephens,Toccoa #3,"Public Service Commission, District 3",3,REP,MATT REID,376,18,156,202,0
Stephens,Broad River,"Public Service Commission, District 3",3,REP,MATT REID,101,5,54,42,0
Stephens,Currahee,"Public Service Commission, District 3",3,REP,MATT REID,65,7,29,29,0
Stephens,Martin,"Public Service Commission, District 3",3,REP,MATT REID,88,1,65,22,0
Stephens,Wolf Pit,"Public Service Commission, District 3",3,REP,MATT REID,269,6,168,95,0
Stephens,Big Smith,"Public Service Commission, District 3",3,REP,MATT REID,302,13,168,121,0
Stephens,,"Public Service Commission, District 3",3,DEM,STEPHEN OPPENHEIMER,282,28,155,99,0
Stephens,Toccoa #1,"Public Service Commission, District 3",3,DEM,STEPHEN OPPENHEIMER,70,7,31,32,0
Stephens,Toccoa #2,"Public Service Commission, District 3",3,DEM,STEPHEN OPPENHEIMER,51,7,20,24,0
Stephens,Toccoa #3,"Public Service Commission, District 3",3,DEM,STEPHEN OPPENHEIMER,44,5,27,12,0
Stephens,Broad River,"Public Service Commission, District 3",3,DEM,STEPHEN OPPENHEIMER,22,2,14,6,0
Stephens,Currahee,"Public Service Commission, District 3",3,DEM,STEPHEN OPPENHEIMER,0,0,0,0,0
Stephens,Martin,"Public Service Commission, District 3",3,DEM,STEPHEN OPPENHEIMER,15,2,8,5,0
Stephens,Wolf Pit,"Public Service Commission, District 3",3,DEM,STEPHEN OPPENHEIMER,26,0,22,4,0
Stephens,Big Smith,"Public Service Commission, District 3",3,DEM,STEPHEN OPPENHEIMER,54,5,33,16,0
Stephens,,"Public Service Commission, District 5",5,REP,PAM DAVIDSON,1781,74,910,797,0
Stephens,Toccoa #1,"Public Service Commission, District 5",5,REP,PAM DAVIDSON,314,17,132,165,0
Stephens,Toccoa #2,"Public Service Commission, District 5",5,REP,PAM DAVIDSON,219,7,91,121,0
Stephens,Toccoa #3,"Public Service Commission, District 5",5,REP,PAM DAVIDSON,397,17,161,219,0
Stephens,Broad River,"Public Service Commission, District 5",5,REP,PAM DAVIDSON,117,5,65,47,0
Stephens,Currahee,"Public Service Commission, District 5",5,REP,PAM DAVIDSON,60,8,26,26,0
Stephens,Martin,"Public Service Commission, District 5",5,REP,PAM DAVIDSON,94,1,73,20,0
Stephens,Wolf Pit,"Public Service Commission, District 5",5,REP,PAM DAVIDSON,269,6,177,86,0
Stephens,Big Smith,"Public Service Commission, District 5",5,REP,PAM DAVIDSON,311,13,185,113,0
Stephens,,"Public Service Commission, District 5",5,REP,STAN WISE (I),2301,115,1059,1127,0
Stephens,Toccoa #1,"Public Service Commission, District 5",5,REP,STAN WISE (I),406,20,147,239,0
Stephens,Toccoa #2,"Public Service Commission, District 5",5,REP,STAN WISE (I),312,30,121,161,0
Stephens,Toccoa #3,"Public Service Commission, District 5",5,REP,STAN WISE (I),517,30,189,298,0
Stephens,Broad River,"Public Service Commission, District 5",5,REP,STAN WISE (I),166,6,103,57,0
Stephens,Currahee,"Public Service Commission, District 5",5,REP,STAN WISE (I),90,4,58,28,0
Stephens,Martin,"Public Service Commission, District 5",5,REP,STAN WISE (I),117,5,74,38,0
Stephens,Wolf Pit,"Public Service Commission, District 5",5,REP,STAN WISE (I),310,13,175,122,0
Stephens,Big Smith,"Public Service Commission, District 5",5,REP,STAN WISE (I),383,7,192,184,0
Stephens,,"U.S. Representative, District 9",9,REP,DOUG COLLINS,1818,77,817,924,0
Stephens,Toccoa #1,"U.S. Representative, District 9",9,REP,DOUG COLLINS,326,14,117,195,0
Stephens,Toccoa #2,"U.S. Representative, District 9",9,REP,DOUG COLLINS,222,15,77,130,0
Stephens,Toccoa #3,"U.S. Representative, District 9",9,REP,DOUG COLLINS,395,19,137,239,0
Stephens,Broad River,"U.S. Representative, District 9",9,REP,DOUG COLLINS,132,9,68,55,0
Stephens,Currahee,"U.S. Representative, District 9",9,REP,DOUG COLLINS,64,5,32,27,0
Stephens,Martin,"U.S. Representative, District 9",9,REP,DOUG COLLINS,88,2,66,20,0
Stephens,Wolf Pit,"U.S. Representative, District 9",9,REP,DOUG COLLINS,285,10,164,111,0
Stephens,Big Smith,"U.S. Representative, District 9",9,REP,DOUG COLLINS,306,3,156,147,0
Stephens,,"U.S. Representative, District 9",9,REP,ROGER D. FITZPATRICK,873,34,442,397,0
Stephens,Toccoa #1,"U.S. Representative, District 9",9,REP,ROGER D. FITZPATRICK,160,7,64,89,0
Stephens,Toccoa #2,"U.S. Representative, District 9",9,REP,ROGER D. FITZPATRICK,109,8,48,53,0
Stephens,Toccoa #3,"U.S. Representative, District 9",9,REP,ROGER D. FITZPATRICK,193,8,90,95,0
Stephens,Broad River,"U.S. Representative, District 9",9,REP,ROGER D. FITZPATRICK,67,1,41,25,0
Stephens,Currahee,"U.S. Representative, District 9",9,REP,ROGER D. FITZPATRICK,29,2,21,6,0
Stephens,Martin,"U.S. Representative, District 9",9,REP,ROGER D. FITZPATRICK,53,0,34,19,0
Stephens,Wolf Pit,"U.S. Representative, District 9",9,REP,ROGER D. FITZPATRICK,117,4,63,50,0
Stephens,Big Smith,"U.S. Representative, District 9",9,REP,ROGER D. FITZPATRICK,145,4,81,60,0
Stephens,,"U.S. Representative, District 9",9,REP,MARTHA ZOLLER,1522,77,786,659,0
Stephens,Toccoa #1,"U.S. Representative, District 9",9,REP,MARTHA ZOLLER,253,16,106,131,0
Stephens,Toccoa #2,"U.S. Representative, District 9",9,REP,MARTHA ZOLLER,221,15,97,109,0
Stephens,Toccoa #3,"U.S. Representative, District 9",9,REP,MARTHA ZOLLER,367,21,153,193,0
Stephens,Broad River,"U.S. Representative, District 9",9,REP,MARTHA ZOLLER,91,0,64,27,0
Stephens,Currahee,"U.S. Representative, District 9",9,REP,MARTHA ZOLLER,66,5,36,25,0
Stephens,Martin,"U.S. Representative, District 9",9,REP,MARTHA ZOLLER,73,4,55,14,0
Stephens,Wolf Pit,"U.S. Representative, District 9",9,REP,MARTHA ZOLLER,189,3,130,56,0
Stephens,Big Smith,"U.S. Representative, District 9",9,REP,MARTHA ZOLLER,262,13,145,104,0
Stephens,,"U.S. Representative, District 9",9,DEM,JODY COOLEY,274,33,138,103,0
Stephens,Toccoa #1,"U.S. Representative, District 9",9,DEM,JODY COOLEY,65,9,27,29,0
Stephens,Toccoa #2,"U.S. Representative, District 9",9,DEM,JODY COOLEY,52,9,17,26,0
Stephens,Toccoa #3,"U.S. Representative, District 9",9,DEM,JODY COOLEY,44,5,26,13,0
Stephens,Broad River,"U.S. Representative, District 9",9,DEM,JODY COOLEY,21,2,12,7,0
Stephens,Currahee,"U.S. Representative, District 9",9,DEM,JODY COOLEY,0,0,0,0,0
Stephens,Martin,"U.S. Representative, District 9",9,DEM,JODY COOLEY,12,2,6,4,0
Stephens,Wolf Pit,"U.S. Representative, District 9",9,DEM,JODY COOLEY,28,0,22,6,0
Stephens,Big Smith,"U.S. Representative, District 9",9,DEM,JODY COOLEY,52,6,28,18,0
Stephens,,"State Senator, District 50",50,REP,JOHN K. WILKINSON (I,4008,184,1919,1903,2
Stephens,Toccoa #1,"State Senator, District 50",50,REP,JOHN K. WILKINSON (I,720,36,268,416,0
Stephens,Toccoa #2,"State Senator, District 50",50,REP,JOHN K. WILKINSON (I,532,37,211,284,0
Stephens,Toccoa #3,"State Senator, District 50",50,REP,JOHN K. WILKINSON (I,923,47,358,516,2
Stephens,Broad River,"State Senator, District 50",50,REP,JOHN K. WILKINSON (I,271,10,162,99,0
Stephens,Currahee,"State Senator, District 50",50,REP,JOHN K. WILKINSON (I,160,12,91,57,0
Stephens,Martin,"State Senator, District 50",50,REP,JOHN K. WILKINSON (I,200,5,147,48,0
Stephens,Wolf Pit,"State Senator, District 50",50,REP,JOHN K. WILKINSON (I,555,21,334,200,0
Stephens,Big Smith,"State Senator, District 50",50,REP,JOHN K. WILKINSON (I,647,16,348,283,0
Stephens,,"State Representative, District 28",28,REP,DAN GASAWAY,380,9,236,135,0
Stephens,Toccoa #1,"State Representative, District 28",28,REP,DAN GASAWAY,46,0,25,21,0
Stephens,Toccoa #2,"State Representative, District 28",28,REP,DAN GASAWAY,43,2,25,16,0
Stephens,Toccoa #3,"State Representative, District 28",28,REP,DAN GASAWAY,64,1,34,29,0
Stephens,Broad River,"State Representative, District 28",28,REP,DAN GASAWAY,14,0,11,3,0
Stephens,Currahee,"State Representative, District 28",28,REP,DAN GASAWAY,16,1,9,6,0
Stephens,Martin,"State Representative, District 28",28,REP,DAN GASAWAY,39,4,30,5,0
Stephens,Wolf Pit,"State Representative, District 28",28,REP,DAN GASAWAY,63,1,45,17,0
Stephens,Big Smith,"State Representative, District 28",28,REP,DAN GASAWAY,95,0,57,38,0
Stephens,,"State Representative, District 28",28,REP,BILL GRANT,1098,65,464,569,0
Stephens,Toccoa #1,"State Representative, District 28",28,REP,BILL GRANT,193,14,70,109,0
Stephens,Toccoa #2,"State Representative, District 28",28,REP,BILL GRANT,149,13,42,94,0
Stephens,Toccoa #3,"State Representative, District 28",28,REP,BILL GRANT,230,16,74,140,0
Stephens,Broad River,"State Representative, District 28",28,REP,BILL GRANT,89,2,50,37,0
Stephens,Currahee,"State Representative, District 28",28,REP,BILL GRANT,32,3,17,12,0
Stephens,Martin,"State Representative, District 28",28,REP,BILL GRANT,56,2,37,17,0
Stephens,Wolf Pit,"State Representative, District 28",28,REP,BILL GRANT,175,9,91,75,0
Stephens,Big Smith,"State Representative, District 28",28,REP,BILL GRANT,174,6,83,85,0
Stephens,,"State Representative, District 28",28,REP,JON HEFFER,1838,71,908,857,2
Stephens,Toccoa #1,"State Representative, District 28",28,REP,JON HEFFER,338,13,135,190,0
Stephens,Toccoa #2,"State Representative, District 28",28,REP,JON HEFFER,251,14,123,114,0
Stephens,Toccoa #3,"State Representative, District 28",28,REP,JON HEFFER,496,21,197,276,2
Stephens,Broad River,"State Representative, District 28",28,REP,JON HEFFER,102,6,64,32,0
Stephens,Currahee,"State Representative, District 28",28,REP,JON HEFFER,77,4,48,25,0
Stephens,Martin,"State Representative, District 28",28,REP,JON HEFFER,63,0,41,22,0
Stephens,Wolf Pit,"State Representative, District 28",28,REP,JON HEFFER,229,8,143,78,0
Stephens,Big Smith,"State Representative, District 28",28,REP,JON HEFFER,282,5,157,120,0
Stephens,,"State Representative, District 28",28,REP,KEN PAYNE,718,32,346,340,0
Stephens,Toccoa #1,"State Representative, District 28",28,REP,KEN PAYNE,132,7,41,84,0
Stephens,Toccoa #2,"State Representative, District 28",28,REP,KEN PAYNE,91,4,43,44,0
Stephens,Toccoa #3,"State Representative, District 28",28,REP,KEN PAYNE,137,5,61,71,0
Stephens,Broad River,"State Representative, District 28",28,REP,KEN PAYNE,66,2,34,30,0
Stephens,Currahee,"State Representative, District 28",28,REP,KEN PAYNE,24,4,9,11,0
Stephens,Martin,"State Representative, District 28",28,REP,KEN PAYNE,36,0,27,9,0
Stephens,Wolf Pit,"State Representative, District 28",28,REP,KEN PAYNE,97,2,61,34,0
Stephens,Big Smith,"State Representative, District 28",28,REP,KEN PAYNE,135,8,70,57,0
Stephens,,"State Representative, District 28",28,REP,KEITH SEGARS,580,20,294,266,0
Stephens,Toccoa #1,"State Representative, District 28",28,REP,KEITH SEGARS,117,6,51,60,0
Stephens,Toccoa #2,"State Representative, District 28",28,REP,KEITH SEGARS,76,5,19,52,0
Stephens,Toccoa #3,"State Representative, District 28",28,REP,KEITH SEGARS,117,5,47,65,0
Stephens,Broad River,"State Representative, District 28",28,REP,KEITH SEGARS,42,0,30,12,0
Stephens,Currahee,"State Representative, District 28",28,REP,KEITH SEGARS,27,1,18,8,0
Stephens,Martin,"State Representative, District 28",28,REP,KEITH SEGARS,37,0,29,8,0
Stephens,Wolf Pit,"State Representative, District 28",28,REP,KEITH SEGARS,71,2,42,27,0
Stephens,Big Smith,"State Representative, District 28",28,REP,KEITH SEGARS,93,1,58,34,0
Stephens,,"District Attorney, Mountain Circuit", Mountain Circuit - REP,REP,BRIAN M. RICKMAN,3684,162,1785,1736,1
Stephens,Toccoa #1,"District Attorney, Mountain Circuit", Mountain Circuit - REP,REP,BRIAN M. RICKMAN,660,31,250,379,0
Stephens,Toccoa #2,"District Attorney, Mountain Circuit", Mountain Circuit - REP,REP,BRIAN M. RICKMAN,491,32,208,251,0
Stephens,Toccoa #3,"District Attorney, Mountain Circuit", Mountain Circuit - REP,REP,BRIAN M. RICKMAN,854,42,332,479,1
Stephens,Broad River,"District Attorney, Mountain Circuit", Mountain Circuit - REP,REP,BRIAN M. RICKMAN,239,9,143,87,0
Stephens,Currahee,"District Attorney, Mountain Circuit", Mountain Circuit - REP,REP,BRIAN M. RICKMAN,130,12,74,44,0
Stephens,Martin,"District Attorney, Mountain Circuit", Mountain Circuit - REP,REP,BRIAN M. RICKMAN,187,4,135,48,0
Stephens,Wolf Pit,"District Attorney, Mountain Circuit", Mountain Circuit - REP,REP,BRIAN M. RICKMAN,522,16,312,194,0
Stephens,Big Smith,"District Attorney, Mountain Circuit", Mountain Circuit - REP,REP,BRIAN M. RICKMAN,601,16,331,254,0
Stephens,,Superior Court Clerk,,,TIMOTHY D. QUICK ,4021,173,1935,1911,2
Stephens,Toccoa #1,Superior Court Clerk,,,TIMOTHY D. QUICK ,710,32,267,411,0
Stephens,Toccoa #2,Superior Court Clerk,,,TIMOTHY D. QUICK ,546,34,227,285,0
Stephens,Toccoa #3,Superior Court Clerk,,,TIMOTHY D. QUICK ,935,45,366,522,2
Stephens,Broad River,Superior Court Clerk,,,TIMOTHY D. QUICK ,264,9,157,98,0
Stephens,Currahee,Superior Court Clerk,,,TIMOTHY D. QUICK ,151,13,88,50,0
Stephens,Martin,Superior Court Clerk,,,TIMOTHY D. QUICK ,201,4,146,51,0
Stephens,Wolf Pit,Superior Court Clerk,,,TIMOTHY D. QUICK ,558,20,329,209,0
Stephens,Big Smith,Superior Court Clerk,,,TIMOTHY D. QUICK ,656,16,355,285,0
Stephens,,Sheriff,,,"JAMES D. ""DAN"" MERCK",601,25,310,266,0
Stephens,Toccoa #1,Sheriff,,,"JAMES D. ""DAN"" MERCK",115,2,49,64,0
Stephens,Toccoa #2,Sheriff,,,"JAMES D. ""DAN"" MERCK",74,3,42,29,0
Stephens,Toccoa #3,Sheriff,,,"JAMES D. ""DAN"" MERCK",138,12,58,68,0
Stephens,Broad River,Sheriff,,,"JAMES D. ""DAN"" MERCK",39,0,18,21,0
Stephens,Currahee,Sheriff,,,"JAMES D. ""DAN"" MERCK",33,4,16,13,0
Stephens,Martin,Sheriff,,,"JAMES D. ""DAN"" MERCK",33,0,26,7,0
Stephens,Wolf Pit,Sheriff,,,"JAMES D. ""DAN"" MERCK",91,4,60,27,0
Stephens,Big Smith,Sheriff,,,"JAMES D. ""DAN"" MERCK",78,0,41,37,0
Stephens,,Sheriff,,,CASEY M. PAYNE,1042,39,587,414,2
Stephens,Toccoa #1,Sheriff,,,CASEY M. PAYNE,224,11,91,122,0
Stephens,Toccoa #2,Sheriff,,,CASEY M. PAYNE,108,5,60,43,0
Stephens,Toccoa #3,Sheriff,,,CASEY M. PAYNE,206,8,107,89,2
Stephens,Broad River,Sheriff,,,CASEY M. PAYNE,77,3,55,19,0
Stephens,Currahee,Sheriff,,,CASEY M. PAYNE,30,1,21,8,0
Stephens,Martin,Sheriff,,,CASEY M. PAYNE,43,0,37,6,0
Stephens,Wolf Pit,Sheriff,,,CASEY M. PAYNE,177,3,110,64,0
Stephens,Big Smith,Sheriff,,,CASEY M. PAYNE,177,8,106,63,0
Stephens,,Sheriff,,,RANDY SHIRLEY ,3197,136,1472,1589,0
Stephens,Toccoa #1,Sheriff,,,RANDY SHIRLEY ,528,27,201,300,0
Stephens,Toccoa #2,Sheriff,,,RANDY SHIRLEY ,461,30,167,264,0
Stephens,Toccoa #3,Sheriff,,,RANDY SHIRLEY ,742,29,267,446,0
Stephens,Broad River,Sheriff,,,RANDY SHIRLEY ,211,8,125,78,0
Stephens,Currahee,Sheriff,,,RANDY SHIRLEY ,124,8,70,46,0
Stephens,Martin,Sheriff,,,RANDY SHIRLEY ,172,6,116,50,0
Stephens,Wolf Pit,Sheriff,,,RANDY SHIRLEY ,388,15,224,149,0
Stephens,Big Smith,Sheriff,,,RANDY SHIRLEY ,571,13,302,256,0
Stephens,,Tax Commissioner,,,DENE M. HICKS ,3900,172,1880,1846,2
Stephens,Toccoa #1,Tax Commissioner,,,DENE M. HICKS ,703,35,270,398,0
Stephens,Toccoa #2,Tax Commissioner,,,DENE M. HICKS ,526,33,214,279,0
Stephens,Toccoa #3,Tax Commissioner,,,DENE M. HICKS ,889,43,343,501,2
Stephens,Broad River,Tax Commissioner,,,DENE M. HICKS ,251,9,150,92,0
Stephens,Currahee,Tax Commissioner,,,DENE M. HICKS ,152,13,86,53,0
Stephens,Martin,Tax Commissioner,,,DENE M. HICKS ,195,4,141,50,0
Stephens,Wolf Pit,Tax Commissioner,,,DENE M. HICKS ,534,19,323,192,0
Stephens,Big Smith,Tax Commissioner,,,DENE M. HICKS ,650,16,353,281,0
Stephens,,Coroner,,,C. VAN STEPHENS ,3911,170,1888,1851,2
Stephens,Toccoa #1,Coroner,,,C. VAN STEPHENS ,700,31,260,409,0
Stephens,Toccoa #2,Coroner,,,C. VAN STEPHENS ,515,36,214,265,0
Stephens,Toccoa #3,Coroner,,,C. VAN STEPHENS ,900,44,352,502,2
Stephens,Broad River,Coroner,,,C. VAN STEPHENS ,260,8,154,98,0
Stephens,Currahee,Coroner,,,C. VAN STEPHENS ,143,12,82,49,0
Stephens,Martin,Coroner,,,C. VAN STEPHENS ,194,4,141,49,0
Stephens,Wolf Pit,Coroner,,,C. VAN STEPHENS ,542,18,327,197,0
Stephens,Big Smith,Coroner,,,C. VAN STEPHENS ,657,17,358,282,0
Stephens,,Solicitor,,,DAN PRESSLEY SR. ,3808,167,1845,1795,1
Stephens,Toccoa #1,Solicitor,,,DAN PRESSLEY SR. ,686,31,260,395,0
Stephens,Toccoa #2,Solicitor,,,DAN PRESSLEY SR. ,512,35,212,265,0
Stephens,Toccoa #3,Solicitor,,,DAN PRESSLEY SR. ,877,44,342,490,1
Stephens,Broad River,Solicitor,,,DAN PRESSLEY SR. ,256,8,156,92,0
Stephens,Currahee,Solicitor,,,DAN PRESSLEY SR. ,139,12,80,47,0
Stephens,Martin,Solicitor,,,DAN PRESSLEY SR. ,195,4,137,54,0
Stephens,Wolf Pit,Solicitor,,,DAN PRESSLEY SR. ,518,17,318,183,0
Stephens,Big Smith,Solicitor,,,DAN PRESSLEY SR. ,625,16,340,269,0
Stephens,,County Comm 2,,,J.B. HUDGINS ,997,60,483,454,0
Stephens,Toccoa #1,County Comm 2,,,J.B. HUDGINS ,157,14,62,81,0
Stephens,Toccoa #2,County Comm 2,,,J.B. HUDGINS ,143,14,67,62,0
Stephens,Toccoa #3,County Comm 2,,,J.B. HUDGINS ,252,16,92,144,0
Stephens,Broad River,County Comm 2,,,J.B. HUDGINS ,48,2,34,12,0
Stephens,Currahee,County Comm 2,,,J.B. HUDGINS ,47,1,33,13,0
Stephens,Martin,County Comm 2,,,J.B. HUDGINS ,43,2,30,11,0
Stephens,Wolf Pit,County Comm 2,,,J.B. HUDGINS ,129,8,73,48,0
Stephens,Big Smith,County Comm 2,,,J.B. HUDGINS ,178,3,92,83,0
Stephens,,County Comm 2,,,A. JAMES THOMAS,544,24,287,233,0
Stephens,Toccoa #1,County Comm 2,,,A. JAMES THOMAS,76,6,37,33,0
Stephens,Toccoa #2,County Comm 2,,,A. JAMES THOMAS,76,3,35,38,0
Stephens,Toccoa #3,County Comm 2,,,A. JAMES THOMAS,153,6,74,73,0
Stephens,Broad River,County Comm 2,,,A. JAMES THOMAS,50,2,26,22,0
Stephens,Currahee,County Comm 2,,,A. JAMES THOMAS,17,3,10,4,0
Stephens,Martin,County Comm 2,,,A. JAMES THOMAS,16,0,14,2,0
Stephens,Wolf Pit,County Comm 2,,,A. JAMES THOMAS,68,4,44,20,0
Stephens,Big Smith,County Comm 2,,,A. JAMES THOMAS,88,0,47,41,0
Stephens,,County Comm 2,,,DEBBIE WHITLOCK,1740,51,823,866,0
Stephens,Toccoa #1,County Comm 2,,,DEBBIE WHITLOCK,313,8,124,181,0
Stephens,Toccoa #2,County Comm 2,,,DEBBIE WHITLOCK,247,8,92,147,0
Stephens,Toccoa #3,County Comm 2,,,DEBBIE WHITLOCK,381,15,133,233,0
Stephens,Broad River,County Comm 2,,,DEBBIE WHITLOCK,130,3,80,47,0
Stephens,Currahee,County Comm 2,,,DEBBIE WHITLOCK,45,4,23,18,0
Stephens,Martin,County Comm 2,,,DEBBIE WHITLOCK,94,2,66,26,0
Stephens,Wolf Pit,County Comm 2,,,DEBBIE WHITLOCK,224,3,140,81,0
Stephens,Big Smith,County Comm 2,,,DEBBIE WHITLOCK,306,8,165,133,0
Stephens,,County Comm 2,,,C. RAY WILLIS,1449,64,697,687,1
Stephens,Toccoa #1,County Comm 2,,,C. RAY WILLIS,300,12,103,185,0
Stephens,Toccoa #2,County Comm 2,,,C. RAY WILLIS,157,12,61,84,0
Stephens,Toccoa #3,County Comm 2,,,C. RAY WILLIS,274,12,119,142,1
Stephens,Broad River,County Comm 2,,,C. RAY WILLIS,102,4,59,39,0
Stephens,Currahee,County Comm 2,,,C. RAY WILLIS,69,5,35,29,0
Stephens,Martin,County Comm 2,,,C. RAY WILLIS,84,2,58,24,0
Stephens,Wolf Pit,County Comm 2,,,C. RAY WILLIS,228,7,134,87,0
Stephens,Big Smith,County Comm 2,,,C. RAY WILLIS,235,10,128,97,0
Stephens,,County Comm 3,,,DENNIS H. BELL,1526,54,757,715,0
Stephens,Toccoa #1,County Comm 3,,,DENNIS H. BELL,268,16,98,154,0
Stephens,Toccoa #2,County Comm 3,,,DENNIS H. BELL,159,5,78,76,0
Stephens,Toccoa #3,County Comm 3,,,DENNIS H. BELL,322,10,127,185,0
Stephens,Broad River,County Comm 3,,,DENNIS H. BELL,89,3,47,39,0
Stephens,Currahee,County Comm 3,,,DENNIS H. BELL,55,2,37,16,0
Stephens,Martin,County Comm 3,,,DENNIS H. BELL,82,0,52,30,0
Stephens,Wolf Pit,County Comm 3,,,DENNIS H. BELL,244,6,150,88,0
Stephens,Big Smith,County Comm 3,,,DENNIS H. BELL,307,12,168,127,0
Stephens,,County Comm 3,,,BRYAN DOOLEY,1387,57,655,675,0
Stephens,Toccoa #1,County Comm 3,,,BRYAN DOOLEY,261,8,112,141,0
Stephens,Toccoa #2,County Comm 3,,,BRYAN DOOLEY,159,8,54,97,0
Stephens,Toccoa #3,County Comm 3,,,BRYAN DOOLEY,319,19,119,181,0
Stephens,Broad River,County Comm 3,,,BRYAN DOOLEY,127,5,69,53,0
Stephens,Currahee,County Comm 3,,,BRYAN DOOLEY,56,4,27,25,0
Stephens,Martin,County Comm 3,,,BRYAN DOOLEY,59,2,45,12,0
Stephens,Wolf Pit,County Comm 3,,,BRYAN DOOLEY,176,5,101,70,0
Stephens,Big Smith,County Comm 3,,,BRYAN DOOLEY,230,6,128,96,0
Stephens,,County Comm 3,,,JONESY HAYGOOD ,1707,88,817,800,2
Stephens,Toccoa #1,County Comm 3,,,JONESY HAYGOOD ,302,16,109,177,0
Stephens,Toccoa #2,County Comm 3,,,JONESY HAYGOOD ,277,24,110,143,0
Stephens,Toccoa #3,County Comm 3,,,JONESY HAYGOOD ,388,20,152,214,2
Stephens,Broad River,County Comm 3,,,JONESY HAYGOOD ,102,3,72,27,0
Stephens,Currahee,County Comm 3,,,JONESY HAYGOOD ,69,7,39,23,0
Stephens,Martin,County Comm 3,,,JONESY HAYGOOD ,96,4,72,20,0
Stephens,Wolf Pit,County Comm 3,,,JONESY HAYGOOD ,223,11,136,76,0
Stephens,Big Smith,County Comm 3,,,JONESY HAYGOOD ,250,3,127,120,0
Stephens,,BOE at Large,,,TONY J. CRUNKLETON,2998,111,1480,1406,1
Stephens,Toccoa #1,BOE at Large,,,TONY J. CRUNKLETON,566,24,222,320,0
Stephens,Toccoa #2,BOE at Large,,,TONY J. CRUNKLETON,394,19,171,204,0
Stephens,Toccoa #3,BOE at Large,,,TONY J. CRUNKLETON,685,35,272,377,1
Stephens,Broad River,BOE at Large,,,TONY J. CRUNKLETON,198,5,115,78,0
Stephens,Currahee,BOE at Large,,,TONY J. CRUNKLETON,101,7,61,33,0
Stephens,Martin,BOE at Large,,,TONY J. CRUNKLETON,147,1,103,43,0
Stephens,Wolf Pit,BOE at Large,,,TONY J. CRUNKLETON,437,9,257,171,0
Stephens,Big Smith,BOE at Large,,,TONY J. CRUNKLETON,470,11,279,180,0
Stephens,,BOE at Large,,,SCOTT F. MORGAN ,1647,81,777,788,1
Stephens,Toccoa #1,BOE at Large,,,SCOTT F. MORGAN ,260,13,99,148,0
Stephens,Toccoa #2,BOE at Large,,,SCOTT F. MORGAN ,224,18,88,118,0
Stephens,Toccoa #3,BOE at Large,,,SCOTT F. MORGAN ,367,15,140,211,1
Stephens,Broad River,BOE at Large,,,SCOTT F. MORGAN ,113,6,68,39,0
Stephens,Currahee,BOE at Large,,,SCOTT F. MORGAN ,77,6,40,31,0
Stephens,Martin,BOE at Large,,,SCOTT F. MORGAN ,89,5,66,18,0
Stephens,Wolf Pit,BOE at Large,,,SCOTT F. MORGAN ,200,9,128,63,0
Stephens,Big Smith,BOE at Large,,,SCOTT F. MORGAN ,317,9,148,160,0
Stephens,,BOE 1 P1,,,E. PINKERTON ,3852,170,1866,1815,1
Stephens,Toccoa #1,BOE 1 P1,,,E. PINKERTON ,684,34,258,392,0
Stephens,Toccoa #2,BOE 1 P1,,,E. PINKERTON ,518,33,217,268,0
Stephens,Toccoa #3,BOE 1 P1,,,E. PINKERTON ,902,45,356,500,1
Stephens,Broad River,BOE 1 P1,,,E. PINKERTON ,244,8,149,87,0
Stephens,Currahee,BOE 1 P1,,,E. PINKERTON ,145,12,85,48,0
Stephens,Martin,BOE 1 P1,,,E. PINKERTON ,200,4,144,52,0
Stephens,Wolf Pit,BOE 1 P1,,,E. PINKERTON ,528,17,316,195,0
Stephens,Big Smith,BOE 1 P1,,,E. PINKERTON ,631,17,341,273,0
Stephens,,BOE 3 P2,,,JIM LEDFORD,3514,144,1755,1613,2
Stephens,Toccoa #1,BOE 3 P2,,,JIM LEDFORD,639,25,247,367,0
Stephens,Toccoa #2,BOE 3 P2,,,JIM LEDFORD,458,26,199,233,0
Stephens,Toccoa #3,BOE 3 P2,,,JIM LEDFORD,792,39,325,426,2
Stephens,Broad River,BOE 3 P2,,,JIM LEDFORD,233,7,146,80,0
Stephens,Currahee,BOE 3 P2,,,JIM LEDFORD,130,12,78,40,0
Stephens,Martin,BOE 3 P2,,,JIM LEDFORD,187,4,137,46,0
Stephens,Wolf Pit,BOE 3 P2,,,JIM LEDFORD,489,16,297,176,0
Stephens,Big Smith,BOE 3 P2,,,JIM LEDFORD,586,15,326,245,0
Stephens,,BOE 3 P2,,,CURTIS WATERS ,304,32,159,113,0
Stephens,Toccoa #1,BOE 3 P2,,,CURTIS WATERS ,76,8,32,36,0
Stephens,Toccoa #2,BOE 3 P2,,,CURTIS WATERS ,55,8,20,27,0
Stephens,Toccoa #3,BOE 3 P2,,,CURTIS WATERS ,50,6,30,14,0
Stephens,Broad River,BOE 3 P2,,,CURTIS WATERS ,22,2,14,6,0
Stephens,Currahee,BOE 3 P2,,,CURTIS WATERS ,0,0,0,0,0
Stephens,Martin,BOE 3 P2,,,CURTIS WATERS ,17,2,9,6,0
Stephens,Wolf Pit,BOE 3 P2,,,CURTIS WATERS ,35,0,28,7,0
Stephens,Big Smith,BOE 3 P2,,,CURTIS WATERS ,49,6,26,17,0
Stephens,,Republican Party Question 1<br>Should Georgia have casino gambling with funds going to education?,,REP,YES,2195,63,1053,1079,0
Stephens,Toccoa #1,Republican Party Question 1<br>Should Georgia have casino gambling with funds going to education?,,REP,YES,373,13,140,220,0
Stephens,Toccoa #2,Republican Party Question 1<br>Should Georgia have casino gambling with funds going to education?,,REP,YES,289,15,111,163,0
Stephens,Toccoa #3,Republican Party Question 1<br>Should Georgia have casino gambling with funds going to education?,,REP,YES,504,12,182,310,0
Stephens,Broad River,Republican Party Question 1<br>Should Georgia have casino gambling with funds going to education?,,REP,YES,138,6,81,51,0
Stephens,Currahee,Republican Party Question 1<br>Should Georgia have casino gambling with funds going to education?,,REP,YES,82,5,51,26,0
Stephens,Martin,Republican Party Question 1<br>Should Georgia have casino gambling with funds going to education?,,REP,YES,127,2,98,27,0
Stephens,Wolf Pit,Republican Party Question 1<br>Should Georgia have casino gambling with funds going to education?,,REP,YES,258,2,160,96,0
Stephens,Big Smith,Republican Party Question 1<br>Should Georgia have casino gambling with funds going to education?,,REP,YES,424,8,230,186,0
Stephens,,Republican Party Question 1<br>Should Georgia have casino gambling with funds going to education?,,REP,NO,2597,138,1296,1161,2
Stephens,Toccoa #1,Republican Party Question 1<br>Should Georgia have casino gambling with funds going to education?,,REP,NO,479,28,195,256,0
Stephens,Toccoa #2,Republican Party Question 1<br>Should Georgia have casino gambling with funds going to education?,,REP,NO,343,22,155,166,0
Stephens,Toccoa #3,Republican Party Question 1<br>Should Georgia have casino gambling with funds going to education?,,REP,NO,579,37,251,289,2
Stephens,Broad River,Republican Party Question 1<br>Should Georgia have casino gambling with funds going to education?,,REP,NO,186,5,114,67,0
Stephens,Currahee,Republican Party Question 1<br>Should Georgia have casino gambling with funds going to education?,,REP,NO,104,8,56,40,0
Stephens,Martin,Republican Party Question 1<br>Should Georgia have casino gambling with funds going to education?,,REP,NO,117,4,77,36,0
Stephens,Wolf Pit,Republican Party Question 1<br>Should Georgia have casino gambling with funds going to education?,,REP,NO,394,21,233,140,0
Stephens,Big Smith,Republican Party Question 1<br>Should Georgia have casino gambling with funds going to education?,,REP,NO,395,13,215,167,0
Stephens,,Republican Party Question 2<br>Do you support ending the current practice of unlimited gifts from lobbyists to state legislators by imposing a $100 cap on such gifts?,,REP,YES,3931,179,1925,1827,0
Stephens,Toccoa #1,Republican Party Question 2<br>Do you support ending the current practice of unlimited gifts from lobbyists to state legislators by imposing a $100 cap on such gifts?,,REP,YES,683,36,263,384,0
Stephens,Toccoa #2,Republican Party Question 2<br>Do you support ending the current practice of unlimited gifts from lobbyists to state legislators by imposing a $100 cap on such gifts?,,REP,YES,508,29,206,273,0
Stephens,Toccoa #3,Republican Party Question 2<br>Do you support ending the current practice of unlimited gifts from lobbyists to state legislators by imposing a $100 cap on such gifts?,,REP,YES,895,44,361,490,0
Stephens,Broad River,Republican Party Question 2<br>Do you support ending the current practice of unlimited gifts from lobbyists to state legislators by imposing a $100 cap on such gifts?,,REP,YES,268,10,161,97,0
Stephens,Currahee,Republican Party Question 2<br>Do you support ending the current practice of unlimited gifts from lobbyists to state legislators by imposing a $100 cap on such gifts?,,REP,YES,148,13,81,54,0
Stephens,Martin,Republican Party Question 2<br>Do you support ending the current practice of unlimited gifts from lobbyists to state legislators by imposing a $100 cap on such gifts?,,REP,YES,203,6,146,51,0
Stephens,Wolf Pit,Republican Party Question 2<br>Do you support ending the current practice of unlimited gifts from lobbyists to state legislators by imposing a $100 cap on such gifts?,,REP,YES,533,22,319,192,0
Stephens,Big Smith,Republican Party Question 2<br>Do you support ending the current practice of unlimited gifts from lobbyists to state legislators by imposing a $100 cap on such gifts?,,REP,YES,693,19,388,286,0
Stephens,,Republican Party Question 2<br>Do you support ending the current practice of unlimited gifts from lobbyists to state legislators by imposing a $100 cap on such gifts?,,REP,NO,755,21,361,372,1
Stephens,Toccoa #1,Republican Party Question 2<br>Do you support ending the current practice of unlimited gifts from lobbyists to state legislators by imposing a $100 cap on such gifts?,,REP,NO,150,5,60,85,0
Stephens,Toccoa #2,Republican Party Question 2<br>Do you support ending the current practice of unlimited gifts from lobbyists to state legislators by imposing a $100 cap on such gifts?,,REP,NO,114,8,48,58,0
Stephens,Toccoa #3,Republican Party Question 2<br>Do you support ending the current practice of unlimited gifts from lobbyists to state legislators by imposing a $100 cap on such gifts?,,REP,NO,162,6,63,92,1
Stephens,Broad River,Republican Party Question 2<br>Do you support ending the current practice of unlimited gifts from lobbyists to state legislators by imposing a $100 cap on such gifts?,,REP,NO,48,1,29,18,0
Stephens,Currahee,Republican Party Question 2<br>Do you support ending the current practice of unlimited gifts from lobbyists to state legislators by imposing a $100 cap on such gifts?,,REP,NO,35,0,23,12,0
Stephens,Martin,Republican Party Question 2<br>Do you support ending the current practice of unlimited gifts from lobbyists to state legislators by imposing a $100 cap on such gifts?,,REP,NO,36,0,26,10,0
Stephens,Wolf Pit,Republican Party Question 2<br>Do you support ending the current practice of unlimited gifts from lobbyists to state legislators by imposing a $100 cap on such gifts?,,REP,NO,108,0,69,39,0
Stephens,Big Smith,Republican Party Question 2<br>Do you support ending the current practice of unlimited gifts from lobbyists to state legislators by imposing a $100 cap on such gifts?,,REP,NO,102,1,43,58,0
Stephens,,Republican Party Question 3<br>Should active duty military personnel who are under the age of 21 be allowed to obtain a Georgia weapons license?,,REP,YES,3096,134,1547,1414,1
Stephens,Toccoa #1,Republican Party Question 3<br>Should active duty military personnel who are under the age of 21 be allowed to obtain a Georgia weapons license?,,REP,YES,566,29,227,310,0
Stephens,Toccoa #2,Republican Party Question 3<br>Should active duty military personnel who are under the age of 21 be allowed to obtain a Georgia weapons license?,,REP,YES,386,27,149,210,0
Stephens,Toccoa #3,Republican Party Question 3<br>Should active duty military personnel who are under the age of 21 be allowed to obtain a Georgia weapons license?,,REP,YES,697,38,283,375,1
Stephens,Broad River,Republican Party Question 3<br>Should active duty military personnel who are under the age of 21 be allowed to obtain a Georgia weapons license?,,REP,YES,204,5,128,71,0
Stephens,Currahee,Republican Party Question 3<br>Should active duty military personnel who are under the age of 21 be allowed to obtain a Georgia weapons license?,,REP,YES,122,8,72,42,0
Stephens,Martin,Republican Party Question 3<br>Should active duty military personnel who are under the age of 21 be allowed to obtain a Georgia weapons license?,,REP,YES,160,3,126,31,0
Stephens,Wolf Pit,Republican Party Question 3<br>Should active duty military personnel who are under the age of 21 be allowed to obtain a Georgia weapons license?,,REP,YES,415,10,262,143,0
Stephens,Big Smith,Republican Party Question 3<br>Should active duty military personnel who are under the age of 21 be allowed to obtain a Georgia weapons license?,,REP,YES,546,14,300,232,0
Stephens,,Republican Party Question 3<br>Should active duty military personnel who are under the age of 21 be allowed to obtain a Georgia weapons license?,,REP,NO,1639,66,768,805,0
Stephens,Toccoa #1,Republican Party Question 3<br>Should active duty military personnel who are under the age of 21 be allowed to obtain a Georgia weapons license?,,REP,NO,274,12,100,162,0
Stephens,Toccoa #2,Republican Party Question 3<br>Should active duty military personnel who are under the age of 21 be allowed to obtain a Georgia weapons license?,,REP,NO,243,11,113,119,0
Stephens,Toccoa #3,Republican Party Question 3<br>Should active duty military personnel who are under the age of 21 be allowed to obtain a Georgia weapons license?,,REP,NO,368,12,143,213,0
Stephens,Broad River,Republican Party Question 3<br>Should active duty military personnel who are under the age of 21 be allowed to obtain a Georgia weapons license?,,REP,NO,117,6,65,46,0
Stephens,Currahee,Republican Party Question 3<br>Should active duty military personnel who are under the age of 21 be allowed to obtain a Georgia weapons license?,,REP,NO,60,5,31,24,0
Stephens,Martin,Republican Party Question 3<br>Should active duty military personnel who are under the age of 21 be allowed to obtain a Georgia weapons license?,,REP,NO,83,3,48,32,0
Stephens,Wolf Pit,Republican Party Question 3<br>Should active duty military personnel who are under the age of 21 be allowed to obtain a Georgia weapons license?,,REP,NO,230,11,127,92,0
Stephens,Big Smith,Republican Party Question 3<br>Should active duty military personnel who are under the age of 21 be allowed to obtain a Georgia weapons license?,,REP,NO,264,6,141,117,0
Stephens,,Republican Party Question 4<br>Should Citizens who wish to vote in a primary election be required to register by their political party affiliation at least thirty (30) days prior to such primary election?,,REP,YES,2004,96,977,929,2
Stephens,Toccoa #1,Republican Party Question 4<br>Should Citizens who wish to vote in a primary election be required to register by their political party affiliation at least thirty (30) days prior to such primary election?,,REP,YES,363,17,144,202,0
Stephens,Toccoa #2,Republican Party Question 4<br>Should Citizens who wish to vote in a primary election be required to register by their political party affiliation at least thirty (30) days prior to such primary election?,,REP,YES,269,22,109,138,0
Stephens,Toccoa #3,Republican Party Question 4<br>Should Citizens who wish to vote in a primary election be required to register by their political party affiliation at least thirty (30) days prior to such primary election?,,REP,YES,459,16,187,254,2
Stephens,Broad River,Republican Party Question 4<br>Should Citizens who wish to vote in a primary election be required to register by their political party affiliation at least thirty (30) days prior to such primary election?,,REP,YES,137,4,90,43,0
Stephens,Currahee,Republican Party Question 4<br>Should Citizens who wish to vote in a primary election be required to register by their political party affiliation at least thirty (30) days prior to such primary election?,,REP,YES,73,9,37,27,0
Stephens,Martin,Republican Party Question 4<br>Should Citizens who wish to vote in a primary election be required to register by their political party affiliation at least thirty (30) days prior to such primary election?,,REP,YES,108,4,71,33,0
Stephens,Wolf Pit,Republican Party Question 4<br>Should Citizens who wish to vote in a primary election be required to register by their political party affiliation at least thirty (30) days prior to such primary election?,,REP,YES,271,14,157,100,0
Stephens,Big Smith,Republican Party Question 4<br>Should Citizens who wish to vote in a primary election be required to register by their political party affiliation at least thirty (30) days prior to such primary election?,,REP,YES,324,10,182,132,0
Stephens,,Republican Party Question 4<br>Should Citizens who wish to vote in a primary election be required to register by their political party affiliation at least thirty (30) days prior to such primary election?,,REP,NO,2676,103,1302,1271,0
Stephens,Toccoa #1,Republican Party Question 4<br>Should Citizens who wish to vote in a primary election be required to register by their political party affiliation at least thirty (30) days prior to such primary election?,,REP,NO,476,24,181,271,0
Stephens,Toccoa #2,Republican Party Question 4<br>Should Citizens who wish to vote in a primary election be required to register by their political party affiliation at least thirty (30) days prior to such primary election?,,REP,NO,354,15,148,191,0
Stephens,Toccoa #3,Republican Party Question 4<br>Should Citizens who wish to vote in a primary election be required to register by their political party affiliation at least thirty (30) days prior to such primary election?,,REP,NO,589,33,229,327,0
Stephens,Broad River,Republican Party Question 4<br>Should Citizens who wish to vote in a primary election be required to register by their political party affiliation at least thirty (30) days prior to such primary election?,,REP,NO,182,7,103,72,0
Stephens,Currahee,Republican Party Question 4<br>Should Citizens who wish to vote in a primary election be required to register by their political party affiliation at least thirty (30) days prior to such primary election?,,REP,NO,107,4,65,38,0
Stephens,Martin,Republican Party Question 4<br>Should Citizens who wish to vote in a primary election be required to register by their political party affiliation at least thirty (30) days prior to such primary election?,,REP,NO,131,2,100,29,0
Stephens,Wolf Pit,Republican Party Question 4<br>Should Citizens who wish to vote in a primary election be required to register by their political party affiliation at least thirty (30) days prior to such primary election?,,REP,NO,364,8,226,130,0
Stephens,Big Smith,Republican Party Question 4<br>Should Citizens who wish to vote in a primary election be required to register by their political party affiliation at least thirty (30) days prior to such primary election?,,REP,NO,473,10,250,213,0
Stephens,,Republican Party Question 5 <br>Life Amendment Question,,REP,YES,3252,121,1669,1461,1
Stephens,Toccoa #1,Republican Party Question 5 <br>Life Amendment Question,,REP,YES,598,23,250,325,0
Stephens,Toccoa #2,Republican Party Question 5 <br>Life Amendment Question,,REP,YES,441,26,202,213,0
Stephens,Toccoa #3,Republican Party Question 5 <br>Life Amendment Question,,REP,YES,706,29,306,370,1
Stephens,Broad River,Republican Party Question 5 <br>Life Amendment Question,,REP,YES,216,4,138,74,0
Stephens,Currahee,Republican Party Question 5 <br>Life Amendment Question,,REP,YES,127,10,70,47,0
Stephens,Martin,Republican Party Question 5 <br>Life Amendment Question,,REP,YES,165,2,124,39,0
Stephens,Wolf Pit,Republican Party Question 5 <br>Life Amendment Question,,REP,YES,447,18,268,161,0
Stephens,Big Smith,Republican Party Question 5 <br>Life Amendment Question,,REP,YES,552,9,311,232,0
Stephens,,Republican Party Question 5 <br>Life Amendment Question,,REP,NO,1212,54,536,621,1
Stephens,Toccoa #1,Republican Party Question 5 <br>Life Amendment Question,,REP,NO,189,14,60,115,0
Stephens,Toccoa #2,Republican Party Question 5 <br>Life Amendment Question,,REP,NO,156,7,48,101,0
Stephens,Toccoa #3,Republican Party Question 5 <br>Life Amendment Question,,REP,NO,300,15,101,183,1
Stephens,Broad River,Republican Party Question 5 <br>Life Amendment Question,,REP,NO,81,6,45,30,0
Stephens,Currahee,Republican Party Question 5 <br>Life Amendment Question,,REP,NO,47,2,29,16,0
Stephens,Martin,Republican Party Question 5 <br>Life Amendment Question,,REP,NO,62,2,42,18,0
Stephens,Wolf Pit,Republican Party Question 5 <br>Life Amendment Question,,REP,NO,164,1,105,58,0
Stephens,Big Smith,Republican Party Question 5 <br>Life Amendment Question,,REP,NO,213,7,106,100,0
Stephens,,Democratic Party Question 1<br>Should the Georgia Constitution be amended to allow the state to override locally-elected school boards’ decisions when it comes to the creation of charter schools in your county or city?,,DEM,YES,154,16,72,66,0
Stephens,Toccoa #1,Democratic Party Question 1<br>Should the Georgia Constitution be amended to allow the state to override locally-elected school boards’ decisions when it comes to the creation of charter schools in your county or city?,,DEM,YES,47,4,16,27,0
Stephens,Toccoa #2,Democratic Party Question 1<br>Should the Georgia Constitution be amended to allow the state to override locally-elected school boards’ decisions when it comes to the creation of charter schools in your county or city?,,DEM,YES,32,3,10,19,0
Stephens,Toccoa #3,Democratic Party Question 1<br>Should the Georgia Constitution be amended to allow the state to override locally-elected school boards’ decisions when it comes to the creation of charter schools in your county or city?,,DEM,YES,21,4,10,7,0
Stephens,Broad River,Democratic Party Question 1<br>Should the Georgia Constitution be amended to allow the state to override locally-elected school boards’ decisions when it comes to the creation of charter schools in your county or city?,,DEM,YES,6,1,4,1,0
Stephens,Currahee,Democratic Party Question 1<br>Should the Georgia Constitution be amended to allow the state to override locally-elected school boards’ decisions when it comes to the creation of charter schools in your county or city?,,DEM,YES,0,0,0,0,0
Stephens,Martin,Democratic Party Question 1<br>Should the Georgia Constitution be amended to allow the state to override locally-elected school boards’ decisions when it comes to the creation of charter schools in your county or city?,,DEM,YES,7,2,3,2,0
Stephens,Wolf Pit,Democratic Party Question 1<br>Should the Georgia Constitution be amended to allow the state to override locally-elected school boards’ decisions when it comes to the creation of charter schools in your county or city?,,DEM,YES,18,1,15,2,0
Stephens,Big Smith,Democratic Party Question 1<br>Should the Georgia Constitution be amended to allow the state to override locally-elected school boards’ decisions when it comes to the creation of charter schools in your county or city?,,DEM,YES,23,1,14,8,0
Stephens,,Democratic Party Question 1<br>Should the Georgia Constitution be amended to allow the state to override locally-elected school boards’ decisions when it comes to the creation of charter schools in your county or city?,,DEM,NO,247,25,135,87,0
Stephens,Toccoa #1,Democratic Party Question 1<br>Should the Georgia Constitution be amended to allow the state to override locally-elected school boards’ decisions when it comes to the creation of charter schools in your county or city?,,DEM,NO,45,6,22,17,0
Stephens,Toccoa #2,Democratic Party Question 1<br>Should the Georgia Constitution be amended to allow the state to override locally-elected school boards’ decisions when it comes to the creation of charter schools in your county or city?,,DEM,NO,40,7,15,18,0
Stephens,Toccoa #3,Democratic Party Question 1<br>Should the Georgia Constitution be amended to allow the state to override locally-elected school boards’ decisions when it comes to the creation of charter schools in your county or city?,,DEM,NO,42,3,28,11,0
Stephens,Broad River,Democratic Party Question 1<br>Should the Georgia Constitution be amended to allow the state to override locally-elected school boards’ decisions when it comes to the creation of charter schools in your county or city?,,DEM,NO,22,3,13,6,0
Stephens,Currahee,Democratic Party Question 1<br>Should the Georgia Constitution be amended to allow the state to override locally-elected school boards’ decisions when it comes to the creation of charter schools in your county or city?,,DEM,NO,0,0,0,0,0
Stephens,Martin,Democratic Party Question 1<br>Should the Georgia Constitution be amended to allow the state to override locally-elected school boards’ decisions when it comes to the creation of charter schools in your county or city?,,DEM,NO,11,0,7,4,0
Stephens,Wolf Pit,Democratic Party Question 1<br>Should the Georgia Constitution be amended to allow the state to override locally-elected school boards’ decisions when it comes to the creation of charter schools in your county or city?,,DEM,NO,26,0,17,9,0
Stephens,Big Smith,Democratic Party Question 1<br>Should the Georgia Constitution be amended to allow the state to override locally-elected school boards’ decisions when it comes to the creation of charter schools in your county or city?,,DEM,NO,61,6,33,22,0
Stephens,,Democratic Party Question 2<br>Do you support ending current practice permitting unlimited gifts from lobbyists to state legislators?,,DEM,YES,269,35,130,104,0
Stephens,Toccoa #1,Democratic Party Question 2<br>Do you support ending current practice permitting unlimited gifts from lobbyists to state legislators?,,DEM,YES,51,7,17,27,0
Stephens,Toccoa #2,Democratic Party Question 2<br>Do you support ending current practice permitting unlimited gifts from lobbyists to state legislators?,,DEM,YES,55,9,14,32,0
Stephens,Toccoa #3,Democratic Party Question 2<br>Do you support ending current practice permitting unlimited gifts from lobbyists to state legislators?,,DEM,YES,40,7,23,10,0
Stephens,Broad River,Democratic Party Question 2<br>Do you support ending current practice permitting unlimited gifts from lobbyists to state legislators?,,DEM,YES,22,4,14,4,0
Stephens,Currahee,Democratic Party Question 2<br>Do you support ending current practice permitting unlimited gifts from lobbyists to state legislators?,,DEM,YES,0,0,0,0,0
Stephens,Martin,Democratic Party Question 2<br>Do you support ending current practice permitting unlimited gifts from lobbyists to state legislators?,,DEM,YES,17,2,9,6,0
Stephens,Wolf Pit,Democratic Party Question 2<br>Do you support ending current practice permitting unlimited gifts from lobbyists to state legislators?,,DEM,YES,29,1,22,6,0
Stephens,Big Smith,Democratic Party Question 2<br>Do you support ending current practice permitting unlimited gifts from lobbyists to state legislators?,,DEM,YES,55,5,31,19,0
Stephens,,Democratic Party Question 2<br>Do you support ending current practice permitting unlimited gifts from lobbyists to state legislators?,,DEM,NO,137,6,85,46,0
Stephens,Toccoa #1,Democratic Party Question 2<br>Do you support ending current practice permitting unlimited gifts from lobbyists to state legislators?,,DEM,NO,43,3,21,19,0
Stephens,Toccoa #2,Democratic Party Question 2<br>Do you support ending current practice permitting unlimited gifts from lobbyists to state legislators?,,DEM,NO,17,2,11,4,0
Stephens,Toccoa #3,Democratic Party Question 2<br>Do you support ending current practice permitting unlimited gifts from lobbyists to state legislators?,,DEM,NO,25,0,17,8,0
Stephens,Broad River,Democratic Party Question 2<br>Do you support ending current practice permitting unlimited gifts from lobbyists to state legislators?,,DEM,NO,5,0,3,2,0
Stephens,Currahee,Democratic Party Question 2<br>Do you support ending current practice permitting unlimited gifts from lobbyists to state legislators?,,DEM,NO,0,0,0,0,0
Stephens,Martin,Democratic Party Question 2<br>Do you support ending current practice permitting unlimited gifts from lobbyists to state legislators?,,DEM,NO,2,0,2,0,0
Stephens,Wolf Pit,Democratic Party Question 2<br>Do you support ending current practice permitting unlimited gifts from lobbyists to state legislators?,,DEM,NO,14,0,9,5,0
Stephens,Big Smith,Democratic Party Question 2<br>Do you support ending current practice permitting unlimited gifts from lobbyists to state legislators?,,DEM,NO,31,1,22,8,0
Stephens,,Democratic Party Question 3<br>Should Georgia adopt an income tax credit for home energy costs to support the economic security of our families?,,DEM,YES,302,31,159,112,0
Stephens,Toccoa #1,Democratic Party Question 3<br>Should Georgia adopt an income tax credit for home energy costs to support the economic security of our families?,,DEM,YES,68,7,27,34,0
Stephens,Toccoa #2,Democratic Party Question 3<br>Should Georgia adopt an income tax credit for home energy costs to support the economic security of our families?,,DEM,YES,59,5,21,33,0
Stephens,Toccoa #3,Democratic Party Question 3<br>Should Georgia adopt an income tax credit for home energy costs to support the economic security of our families?,,DEM,YES,50,6,29,15,0
Stephens,Broad River,Democratic Party Question 3<br>Should Georgia adopt an income tax credit for home energy costs to support the economic security of our families?,,DEM,YES,18,4,10,4,0
Stephens,Currahee,Democratic Party Question 3<br>Should Georgia adopt an income tax credit for home energy costs to support the economic security of our families?,,DEM,YES,0,0,0,0,0
Stephens,Martin,Democratic Party Question 3<br>Should Georgia adopt an income tax credit for home energy costs to support the economic security of our families?,,DEM,YES,17,2,9,6,0
Stephens,Wolf Pit,Democratic Party Question 3<br>Should Georgia adopt an income tax credit for home energy costs to support the economic security of our families?,,DEM,YES,28,1,21,6,0
Stephens,Big Smith,Democratic Party Question 3<br>Should Georgia adopt an income tax credit for home energy costs to support the economic security of our families?,,DEM,YES,62,6,42,14,0
Stephens,,Democratic Party Question 3<br>Should Georgia adopt an income tax credit for home energy costs to support the economic security of our families?,,DEM,NO,105,10,56,39,0
Stephens,Toccoa #1,Democratic Party Question 3<br>Should Georgia adopt an income tax credit for home energy costs to support the economic security of our families?,,DEM,NO,24,3,10,11,0
Stephens,Toccoa #2,Democratic Party Question 3<br>Should Georgia adopt an income tax credit for home energy costs to support the economic security of our families?,,DEM,NO,14,5,4,5,0
Stephens,Toccoa #3,Democratic Party Question 3<br>Should Georgia adopt an income tax credit for home energy costs to support the economic security of our families?,,DEM,NO,15,1,11,3,0
Stephens,Broad River,Democratic Party Question 3<br>Should Georgia adopt an income tax credit for home energy costs to support the economic security of our families?,,DEM,NO,9,0,6,3,0
Stephens,Currahee,Democratic Party Question 3<br>Should Georgia adopt an income tax credit for home energy costs to support the economic security of our families?,,DEM,NO,0,0,0,0,0
Stephens,Martin,Democratic Party Question 3<br>Should Georgia adopt an income tax credit for home energy costs to support the economic security of our families?,,DEM,NO,2,0,2,0,0
Stephens,Wolf Pit,Democratic Party Question 3<br>Should Georgia adopt an income tax credit for home energy costs to support the economic security of our families?,,DEM,NO,16,0,12,4,0
Stephens,Big Smith,Democratic Party Question 3<br>Should Georgia adopt an income tax credit for home energy costs to support the economic security of our families?,,DEM,NO,25,1,11,13,0
Stephens,,Democratic Party Question 4 <br>Should Georgia reduce sales taxes on Made in Georgia products so as to support the growth of small businesses in our state?,,DEM,YES,367,36,192,139,0
Stephens,Toccoa #1,Democratic Party Question 4 <br>Should Georgia reduce sales taxes on Made in Georgia products so as to support the growth of small businesses in our state?,,DEM,YES,79,9,28,42,0
Stephens,Toccoa #2,Democratic Party Question 4 <br>Should Georgia reduce sales taxes on Made in Georgia products so as to support the growth of small businesses in our state?,,DEM,YES,71,8,25,38,0
Stephens,Toccoa #3,Democratic Party Question 4 <br>Should Georgia reduce sales taxes on Made in Georgia products so as to support the growth of small businesses in our state?,,DEM,YES,57,6,37,14,0
Stephens,Broad River,Democratic Party Question 4 <br>Should Georgia reduce sales taxes on Made in Georgia products so as to support the growth of small businesses in our state?,,DEM,YES,27,4,16,7,0
Stephens,Currahee,Democratic Party Question 4 <br>Should Georgia reduce sales taxes on Made in Georgia products so as to support the growth of small businesses in our state?,,DEM,YES,0,0,0,0,0
Stephens,Martin,Democratic Party Question 4 <br>Should Georgia reduce sales taxes on Made in Georgia products so as to support the growth of small businesses in our state?,,DEM,YES,17,2,9,6,0
Stephens,Wolf Pit,Democratic Party Question 4 <br>Should Georgia reduce sales taxes on Made in Georgia products so as to support the growth of small businesses in our state?,,DEM,YES,40,1,30,9,0
Stephens,Big Smith,Democratic Party Question 4 <br>Should Georgia reduce sales taxes on Made in Georgia products so as to support the growth of small businesses in our state?,,DEM,YES,76,6,47,23,0
Stephens,,Democratic Party Question 4 <br>Should Georgia reduce sales taxes on Made in Georgia products so as to support the growth of small businesses in our state?,,DEM,NO,43,5,24,14,0
Stephens,Toccoa #1,Democratic Party Question 4 <br>Should Georgia reduce sales taxes on Made in Georgia products so as to support the growth of small businesses in our state?,,DEM,NO,14,1,9,4,0
Stephens,Toccoa #2,Democratic Party Question 4 <br>Should Georgia reduce sales taxes on Made in Georgia products so as to support the growth of small businesses in our state?,,DEM,NO,3,2,0,1,0
Stephens,Toccoa #3,Democratic Party Question 4 <br>Should Georgia reduce sales taxes on Made in Georgia products so as to support the growth of small businesses in our state?,,DEM,NO,8,1,3,4,0
Stephens,Broad River,Democratic Party Question 4 <br>Should Georgia reduce sales taxes on Made in Georgia products so as to support the growth of small businesses in our state?,,DEM,NO,1,0,1,0,0
Stephens,Currahee,Democratic Party Question 4 <br>Should Georgia reduce sales taxes on Made in Georgia products so as to support the growth of small businesses in our state?,,DEM,NO,0,0,0,0,0
Stephens,Martin,Democratic Party Question 4 <br>Should Georgia reduce sales taxes on Made in Georgia products so as to support the growth of small businesses in our state?,,DEM,NO,2,0,2,0,0
Stephens,Wolf Pit,Democratic Party Question 4 <br>Should Georgia reduce sales taxes on Made in Georgia products so as to support the growth of small businesses in our state?,,DEM,NO,4,0,3,1,0
Stephens,Big Smith,Democratic Party Question 4 <br>Should Georgia reduce sales taxes on Made in Georgia products so as to support the growth of small businesses in our state?,,DEM,NO,11,1,6,4,0
Stephens,,Supreme Court Justice, Hunstein,I,CAROL W. HUNSTEIN,3848,181,1893,1773,1
Stephens,Toccoa #1,Supreme Court Justice, Hunstein,I,CAROL W. HUNSTEIN,713,40,281,392,0
Stephens,Toccoa #2,Supreme Court Justice, Hunstein,I,CAROL W. HUNSTEIN,516,38,210,268,0
Stephens,Toccoa #3,Supreme Court Justice, Hunstein,I,CAROL W. HUNSTEIN,854,45,340,468,1
Stephens,Broad River,Supreme Court Justice, Hunstein,I,CAROL W. HUNSTEIN,258,8,165,85,0
Stephens,Currahee,Supreme Court Justice, Hunstein,I,CAROL W. HUNSTEIN,131,12,74,45,0
Stephens,Martin,Supreme Court Justice, Hunstein,I,CAROL W. HUNSTEIN,200,6,142,52,0
Stephens,Wolf Pit,Supreme Court Justice, Hunstein,I,CAROL W. HUNSTEIN,524,14,323,187,0
Stephens,Big Smith,Supreme Court Justice, Hunstein,I,CAROL W. HUNSTEIN,652,18,358,276,0
Stephens,,Supreme Court Justice, Hunstein,,Write-in,16,0,8,8,0
Stephens,Toccoa #1,Supreme Court Justice, Hunstein,,Write-in,2,0,1,1,0
Stephens,Toccoa #2,Supreme Court Justice, Hunstein,,Write-in,3,0,2,1,0
Stephens,Toccoa #3,Supreme Court Justice, Hunstein,,Write-in,2,0,0,2,0
Stephens,Broad River,Supreme Court Justice, Hunstein,,Write-in,1,0,1,0,0
Stephens,Currahee,Supreme Court Justice, Hunstein,,Write-in,0,0,0,0,0
Stephens,Martin,Supreme Court Justice, Hunstein,,Write-in,3,0,1,2,0
Stephens,Wolf Pit,Supreme Court Justice, Hunstein,,Write-in,2,0,2,0,0
Stephens,Big Smith,Supreme Court Justice, Hunstein,,Write-in,3,0,1,2,0
Stephens,,Supreme Court Justice, Melton,,HAROLD D. MELTON ,3827,180,1878,1768,1
Stephens,Toccoa #1,Supreme Court Justice, Melton,,HAROLD D. MELTON ,705,38,278,389,0
Stephens,Toccoa #2,Supreme Court Justice, Melton,,HAROLD D. MELTON ,518,39,210,269,0
Stephens,Toccoa #3,Supreme Court Justice, Melton,,HAROLD D. MELTON ,854,46,341,466,1
Stephens,Broad River,Supreme Court Justice, Melton,,HAROLD D. MELTON ,257,7,163,87,0
Stephens,Currahee,Supreme Court Justice, Melton,,HAROLD D. MELTON ,131,12,75,44,0
Stephens,Martin,Supreme Court Justice, Melton,,HAROLD D. MELTON ,200,6,138,56,0
Stephens,Wolf Pit,Supreme Court Justice, Melton,,HAROLD D. MELTON ,522,14,321,187,0
Stephens,Big Smith,Supreme Court Justice, Melton,,HAROLD D. MELTON ,640,18,352,270,0
Stephens,,Supreme Court Justice, Melton,,Write-in,11,1,4,6,0
Stephens,Toccoa #1,Supreme Court Justice, Melton,,Write-in,2,1,0,1,0
Stephens,Toccoa #2,Supreme Court Justice, Melton,,Write-in,1,0,1,0,0
Stephens,Toccoa #3,Supreme Court Justice, Melton,,Write-in,2,0,0,2,0
Stephens,Broad River,Supreme Court Justice, Melton,,Write-in,0,0,0,0,0
Stephens,Currahee,Supreme Court Justice, Melton,,Write-in,0,0,0,0,0
Stephens,Martin,Supreme Court Justice, Melton,,Write-in,2,0,1,1,0
Stephens,Wolf Pit,Supreme Court Justice, Melton,,Write-in,1,0,1,0,0
Stephens,Big Smith,Supreme Court Justice, Melton,,Write-in,3,0,1,2,0
Stephens,,Supreme Court Justice, Thompson,,HUGH P. THOMPSON ,3824,181,1874,1769,0
Stephens,Toccoa #1,Supreme Court Justice, Thompson,,HUGH P. THOMPSON ,705,39,277,389,0
Stephens,Toccoa #2,Supreme Court Justice, Thompson,,HUGH P. THOMPSON ,518,38,207,273,0
Stephens,Toccoa #3,Supreme Court Justice, Thompson,,HUGH P. THOMPSON ,844,46,336,462,0
Stephens,Broad River,Supreme Court Justice, Thompson,,HUGH P. THOMPSON ,258,8,163,87,0
Stephens,Currahee,Supreme Court Justice, Thompson,,HUGH P. THOMPSON ,129,12,74,43,0
Stephens,Martin,Supreme Court Justice, Thompson,,HUGH P. THOMPSON ,204,6,142,56,0
Stephens,Wolf Pit,Supreme Court Justice, Thompson,,HUGH P. THOMPSON ,523,14,323,186,0
Stephens,Big Smith,Supreme Court Justice, Thompson,,HUGH P. THOMPSON ,643,18,352,273,0
Stephens,,Supreme Court Justice, Thompson,,Write-in,8,0,3,5,0
Stephens,Toccoa #1,Supreme Court Justice, Thompson,,Write-in,1,0,0,1,0
Stephens,Toccoa #2,Supreme Court Justice, Thompson,,Write-in,0,0,0,0,0
Stephens,Toccoa #3,Supreme Court Justice, Thompson,,Write-in,2,0,0,2,0
Stephens,Broad River,Supreme Court Justice, Thompson,,Write-in,0,0,0,0,0
Stephens,Currahee,Supreme Court Justice, Thompson,,Write-in,0,0,0,0,0
Stephens,Martin,Supreme Court Justice, Thompson,,Write-in,1,0,1,0,0
Stephens,Wolf Pit,Supreme Court Justice, Thompson,,Write-in,1,0,1,0,0
Stephens,Big Smith,Supreme Court Justice, Thompson,,Write-in,3,0,1,2,0
Stephens,,Appeals Court Judge, Boggs,,MICHAEL P. BOGGS ,3726,183,1834,1708,1
Stephens,Toccoa #1,Appeals Court Judge, Boggs,,MICHAEL P. BOGGS ,686,40,270,376,0
Stephens,Toccoa #2,Appeals Court Judge, Boggs,,MICHAEL P. BOGGS ,505,39,206,260,0
Stephens,Toccoa #3,Appeals Court Judge, Boggs,,MICHAEL P. BOGGS ,832,47,330,454,1
Stephens,Broad River,Appeals Court Judge, Boggs,,MICHAEL P. BOGGS ,252,7,162,83,0
Stephens,Currahee,Appeals Court Judge, Boggs,,MICHAEL P. BOGGS ,126,12,70,44,0
Stephens,Martin,Appeals Court Judge, Boggs,,MICHAEL P. BOGGS ,194,6,134,54,0
Stephens,Wolf Pit,Appeals Court Judge, Boggs,,MICHAEL P. BOGGS ,508,14,317,177,0
Stephens,Big Smith,Appeals Court Judge, Boggs,,MICHAEL P. BOGGS ,623,18,345,260,0
Stephens,,Appeals Court Judge, Boggs,,Write-in,4,0,0,4,0
Stephens,Toccoa #1,Appeals Court Judge, Boggs,,Write-in,1,0,0,1,0
Stephens,Toccoa #2,Appeals Court Judge, Boggs,,Write-in,0,0,0,0,0
Stephens,Toccoa #3,Appeals Court Judge, Boggs,,Write-in,1,0,0,1,0
Stephens,Broad River,Appeals Court Judge, Boggs,,Write-in,0,0,0,0,0
Stephens,Currahee,Appeals Court Judge, Boggs,,Write-in,0,0,0,0,0
Stephens,Martin,Appeals Court Judge, Boggs,,Write-in,1,0,0,1,0
Stephens,Wolf Pit,Appeals Court Judge, Boggs,,Write-in,0,0,0,0,0
Stephens,Big Smith,Appeals Court Judge, Boggs,,Write-in,1,0,0,1,0
Stephens,,Appeals Court Judge, Dillard,,STEPHEN DILLARD ,3718,180,1828,1709,1
Stephens,Toccoa #1,Appeals Court Judge, Dillard,,STEPHEN DILLARD ,692,39,269,384,0
Stephens,Toccoa #2,Appeals Court Judge, Dillard,,STEPHEN DILLARD ,504,38,206,260,0
Stephens,Toccoa #3,Appeals Court Judge, Dillard,,STEPHEN DILLARD ,826,47,327,451,1
Stephens,Broad River,Appeals Court Judge, Dillard,,STEPHEN DILLARD ,250,7,160,83,0
Stephens,Currahee,Appeals Court Judge, Dillard,,STEPHEN DILLARD ,124,12,68,44,0
Stephens,Martin,Appeals Court Judge, Dillard,,STEPHEN DILLARD ,195,6,134,55,0
Stephens,Wolf Pit,Appeals Court Judge, Dillard,,STEPHEN DILLARD ,510,14,321,175,0
Stephens,Big Smith,Appeals Court Judge, Dillard,,STEPHEN DILLARD ,617,17,343,257,0
Stephens,,Appeals Court Judge, Dillard,,Write-in,4,1,0,3,0
Stephens,Toccoa #1,Appeals Court Judge, Dillard,,Write-in,1,0,0,1,0
Stephens,Toccoa #2,Appeals Court Judge, Dillard,,Write-in,0,0,0,0,0
Stephens,Toccoa #3,Appeals Court Judge, Dillard,,Write-in,2,0,0,2,0
Stephens,Broad River,Appeals Court Judge, Dillard,,Write-in,0,0,0,0,0
Stephens,Currahee,Appeals Court Judge, Dillard,,Write-in,0,0,0,0,0
Stephens,Martin,Appeals Court Judge, Dillard,,Write-in,0,0,0,0,0
Stephens,Wolf Pit,Appeals Court Judge, Dillard,,Write-in,0,0,0,0,0
Stephens,Big Smith,Appeals Court Judge, Dillard,,Write-in,1,1,0,0,0
Stephens,,Appeals Court Judge, Ellington,I,JOHN J. ELLINGTON,3711,180,1817,1713,1
Stephens,Toccoa #1,Appeals Court Judge, Ellington,I,JOHN J. ELLINGTON,688,39,269,380,0
Stephens,Toccoa #2,Appeals Court Judge, Ellington,I,JOHN J. ELLINGTON,507,38,206,263,0
Stephens,Toccoa #3,Appeals Court Judge, Ellington,I,JOHN J. ELLINGTON,826,46,326,453,1
Stephens,Broad River,Appeals Court Judge, Ellington,I,JOHN J. ELLINGTON,248,7,159,82,0
Stephens,Currahee,Appeals Court Judge, Ellington,I,JOHN J. ELLINGTON,124,12,68,44,0
Stephens,Martin,Appeals Court Judge, Ellington,I,JOHN J. ELLINGTON,194,6,133,55,0
Stephens,Wolf Pit,Appeals Court Judge, Ellington,I,JOHN J. ELLINGTON,506,14,315,177,0
Stephens,Big Smith,Appeals Court Judge, Ellington,I,JOHN J. ELLINGTON,618,18,341,259,0
Stephens,,Appeals Court Judge, Ellington,,Write-in,3,0,0,3,0
Stephens,Toccoa #1,Appeals Court Judge, Ellington,,Write-in,1,0,0,1,0
Stephens,Toccoa #2,Appeals Court Judge, Ellington,,Write-in,0,0,0,0,0
Stephens,Toccoa #3,Appeals Court Judge, Ellington,,Write-in,2,0,0,2,0
Stephens,Broad River,Appeals Court Judge, Ellington,,Write-in,0,0,0,0,0
Stephens,Currahee,Appeals Court Judge, Ellington,,Write-in,0,0,0,0,0
Stephens,Martin,Appeals Court Judge, Ellington,,Write-in,0,0,0,0,0
Stephens,Wolf Pit,Appeals Court Judge, Ellington,,Write-in,0,0,0,0,0
Stephens,Big Smith,Appeals Court Judge, Ellington,,Write-in,0,0,0,0,0
Stephens,,Appeals Court Judge, Miller,,M. YVETTE MILLER ,3715,181,1820,1713,1
Stephens,Toccoa #1,Appeals Court Judge, Miller,,M. YVETTE MILLER ,689,40,266,383,0
Stephens,Toccoa #2,Appeals Court Judge, Miller,,M. YVETTE MILLER ,506,38,206,262,0
Stephens,Toccoa #3,Appeals Court Judge, Miller,,M. YVETTE MILLER ,825,45,325,454,1
Stephens,Broad River,Appeals Court Judge, Miller,,M. YVETTE MILLER ,247,7,159,81,0
Stephens,Currahee,Appeals Court Judge, Miller,,M. YVETTE MILLER ,123,12,68,43,0
Stephens,Martin,Appeals Court Judge, Miller,,M. YVETTE MILLER ,197,6,137,54,0
Stephens,Wolf Pit,Appeals Court Judge, Miller,,M. YVETTE MILLER ,509,15,317,177,0
Stephens,Big Smith,Appeals Court Judge, Miller,,M. YVETTE MILLER ,619,18,342,259,0
Stephens,,Appeals Court Judge, Miller,,Write-in,3,0,1,2,0
Stephens,Toccoa #1,Appeals Court Judge, Miller,,Write-in,0,0,0,0,0
Stephens,Toccoa #2,Appeals Court Judge, Miller,,Write-in,1,0,1,0,0
Stephens,Toccoa #3,Appeals Court Judge, Miller,,Write-in,1,0,0,1,0
Stephens,Broad River,Appeals Court Judge, Miller,,Write-in,0,0,0,0,0
Stephens,Currahee,Appeals Court Judge, Miller,,Write-in,0,0,0,0,0
Stephens,Martin,Appeals Court Judge, Miller,,Write-in,0,0,0,0,0
Stephens,Wolf Pit,Appeals Court Judge, Miller,,Write-in,1,0,0,1,0
Stephens,Big Smith,Appeals Court Judge, Miller,,Write-in,0,0,0,0,0
Stephens,,Appeals Court Judge, Phipps,,HERBERT PHIPPS ,3692,180,1817,1694,1
Stephens,Toccoa #1,Appeals Court Judge, Phipps,,HERBERT PHIPPS ,684,40,268,376,0
Stephens,Toccoa #2,Appeals Court Judge, Phipps,,HERBERT PHIPPS ,501,37,205,259,0
Stephens,Toccoa #3,Appeals Court Judge, Phipps,,HERBERT PHIPPS ,817,45,325,446,1
Stephens,Broad River,Appeals Court Judge, Phipps,,HERBERT PHIPPS ,247,7,159,81,0
Stephens,Currahee,Appeals Court Judge, Phipps,,HERBERT PHIPPS ,125,12,69,44,0
Stephens,Martin,Appeals Court Judge, Phipps,,HERBERT PHIPPS ,196,6,136,54,0
Stephens,Wolf Pit,Appeals Court Judge, Phipps,,HERBERT PHIPPS ,506,15,314,177,0
Stephens,Big Smith,Appeals Court Judge, Phipps,,HERBERT PHIPPS ,616,18,341,257,0
Stephens,,Appeals Court Judge, Phipps,,Write-in,5,1,0,4,0
Stephens,Toccoa #1,Appeals Court Judge, Phipps,,Write-in,1,0,0,1,0
Stephens,Toccoa #2,Appeals Court Judge, Phipps,,Write-in,0,0,0,0,0
Stephens,Toccoa #3,Appeals Court Judge, Phipps,,Write-in,1,0,0,1,0
Stephens,Broad River,Appeals Court Judge, Phipps,,Write-in,0,0,0,0,0
Stephens,Currahee,Appeals Court Judge, Phipps,,Write-in,0,0,0,0,0
Stephens,Martin,Appeals Court Judge, Phipps,,Write-in,0,0,0,0,0
Stephens,Wolf Pit,Appeals Court Judge, Phipps,,Write-in,0,0,0,0,0
Stephens,Big Smith,Appeals Court Judge, Phipps,,Write-in,3,1,0,2,0
Stephens,,Superior Court Judge, Mountain Circuit (Caudell),,B. CHAN CAUDELL ,3878,192,1879,1806,1
Stephens,Toccoa #1,Superior Court Judge, Mountain Circuit (Caudell),,B. CHAN CAUDELL ,725,42,276,407,0
Stephens,Toccoa #2,Superior Court Judge, Mountain Circuit (Caudell),,B. CHAN CAUDELL ,525,38,216,271,0
Stephens,Toccoa #3,Superior Court Judge, Mountain Circuit (Caudell),,B. CHAN CAUDELL ,870,50,338,481,1
Stephens,Broad River,Superior Court Judge, Mountain Circuit (Caudell),,B. CHAN CAUDELL ,263,10,165,88,0
Stephens,Currahee,Superior Court Judge, Mountain Circuit (Caudell),,B. CHAN CAUDELL ,131,12,72,47,0
Stephens,Martin,Superior Court Judge, Mountain Circuit (Caudell),,B. CHAN CAUDELL ,199,6,135,58,0
Stephens,Wolf Pit,Superior Court Judge, Mountain Circuit (Caudell),,B. CHAN CAUDELL ,529,15,326,188,0
Stephens,Big Smith,Superior Court Judge, Mountain Circuit (Caudell),,B. CHAN CAUDELL ,636,19,351,266,0
Stephens,,Superior Court Judge, Mountain Circuit (Caudell),,Write-in,7,0,1,6,0
Stephens,Toccoa #1,Superior Court Judge, Mountain Circuit (Caudell),,Write-in,2,0,0,2,0
Stephens,Toccoa #2,Superior Court Judge, Mountain Circuit (Caudell),,Write-in,1,0,0,1,0
Stephens,Toccoa #3,Superior Court Judge, Mountain Circuit (Caudell),,Write-in,1,0,0,1,0
Stephens,Broad River,Superior Court Judge, Mountain Circuit (Caudell),,Write-in,1,0,0,1,0
Stephens,Currahee,Superior Court Judge, Mountain Circuit (Caudell),,Write-in,0,0,0,0,0
Stephens,Martin,Superior Court Judge, Mountain Circuit (Caudell),,Write-in,1,0,1,0,0
Stephens,Wolf Pit,Superior Court Judge, Mountain Circuit (Caudell),,Write-in,0,0,0,0,0
Stephens,Big Smith,Superior Court Judge, Mountain Circuit (Caudell),,Write-in,1,0,0,1,0
Stephens,,State Court,,,JAMES T. IRVIN ,4054,194,1962,1897,1
Stephens,Toccoa #1,State Court,,,JAMES T. IRVIN ,749,43,285,421,0
Stephens,Toccoa #2,State Court,,,JAMES T. IRVIN ,560,38,225,297,0
Stephens,Toccoa #3,State Court,,,JAMES T. IRVIN ,905,50,360,494,1
Stephens,Broad River,State Court,,,JAMES T. IRVIN ,272,9,166,97,0
Stephens,Currahee,State Court,,,JAMES T. IRVIN ,139,12,80,47,0
Stephens,Martin,State Court,,,JAMES T. IRVIN ,204,6,142,56,0
Stephens,Wolf Pit,State Court,,,JAMES T. IRVIN ,557,16,341,200,0
Stephens,Big Smith,State Court,,,JAMES T. IRVIN ,668,20,363,285,0
Stephens,,State Court,,,Write-in,12,2,5,5,0
Stephens,Toccoa #1,State Court,,,Write-in,2,2,0,0,0
Stephens,Toccoa #2,State Court,,,Write-in,0,0,0,0,0
Stephens,Toccoa #3,State Court,,,Write-in,5,0,2,3,0
Stephens,Broad River,State Court,,,Write-in,2,0,2,0,0
Stephens,Currahee,State Court,,,Write-in,1,0,1,0,0
Stephens,Martin,State Court,,,Write-in,1,0,0,1,0
Stephens,Wolf Pit,State Court,,,Write-in,0,0,0,0,0
Stephens,Big Smith,State Court,,,Write-in,1,0,0,1,0
Stephens,,Probate Judge,,,GLENDA S. ERNEST ,4361,211,2106,2043,1
Stephens,Toccoa #1,Probate Judge,,,GLENDA S. ERNEST ,812,46,303,463,0
Stephens,Toccoa #2,Probate Judge,,,GLENDA S. ERNEST ,583,41,234,308,0
Stephens,Toccoa #3,Probate Judge,,,GLENDA S. ERNEST ,975,52,386,536,1
Stephens,Broad River,Probate Judge,,,GLENDA S. ERNEST ,301,13,185,103,0
Stephens,Currahee,Probate Judge,,,GLENDA S. ERNEST ,150,12,87,51,0
Stephens,Martin,Probate Judge,,,GLENDA S. ERNEST ,224,6,158,60,0
Stephens,Wolf Pit,Probate Judge,,,GLENDA S. ERNEST ,591,20,358,213,0
Stephens,Big Smith,Probate Judge,,,GLENDA S. ERNEST ,725,21,395,309,0
Stephens,,Probate Judge,,,Write-in,4,1,2,1,0
Stephens,Toccoa #1,Probate Judge,,,Write-in,1,1,0,0,0
Stephens,Toccoa #2,Probate Judge,,,Write-in,0,0,0,0,0
Stephens,Toccoa #3,Probate Judge,,,Write-in,2,0,2,0,0
Stephens,Broad River,Probate Judge,,,Write-in,0,0,0,0,0
Stephens,Currahee,Probate Judge,,,Write-in,0,0,0,0,0
Stephens,Martin,Probate Judge,,,Write-in,1,0,0,1,0
Stephens,Wolf Pit,Probate Judge,,,Write-in,0,0,0,0,0
Stephens,Big Smith,Probate Judge,,,Write-in,0,0,0,0,0
Stephens,,Chief Magistrate,,,RALPH E. STOWE,2016,93,1060,863,0
Stephens,Toccoa #1,Chief Magistrate,,,RALPH E. STOWE,395,25,162,208,0
Stephens,Toccoa #2,Chief Magistrate,,,RALPH E. STOWE,250,8,107,135,0
Stephens,Toccoa #3,Chief Magistrate,,,RALPH E. STOWE,402,29,178,195,0
Stephens,Broad River,Chief Magistrate,,,RALPH E. STOWE,157,9,93,55,0
Stephens,Currahee,Chief Magistrate,,,RALPH E. STOWE,68,5,39,24,0
Stephens,Martin,Chief Magistrate,,,RALPH E. STOWE,107,0,88,19,0
Stephens,Wolf Pit,Chief Magistrate,,,RALPH E. STOWE,304,8,193,103,0
Stephens,Big Smith,Chief Magistrate,,,RALPH E. STOWE,333,9,200,124,0
Stephens,,Chief Magistrate,,,DONALD C. TABOR ,2872,136,1296,1438,2
Stephens,Toccoa #1,Chief Magistrate,,,DONALD C. TABOR ,496,25,177,294,0
Stephens,Toccoa #2,Chief Magistrate,,,DONALD C. TABOR ,416,37,161,218,0
Stephens,Toccoa #3,Chief Magistrate,,,DONALD C. TABOR ,676,27,249,398,2
Stephens,Broad River,Chief Magistrate,,,DONALD C. TABOR ,180,6,104,70,0
Stephens,Currahee,Chief Magistrate,,,DONALD C. TABOR ,105,7,59,39,0
Stephens,Martin,Chief Magistrate,,,DONALD C. TABOR ,139,6,87,46,0
Stephens,Wolf Pit,Chief Magistrate,,,DONALD C. TABOR ,355,13,208,134,0
Stephens,Big Smith,Chief Magistrate,,,DONALD C. TABOR ,505,15,251,239,0
Stephens,,Chief Magistrate,,,Write-in,1,0,0,1,0
Stephens,Toccoa #1,Chief Magistrate,,,Write-in,0,0,0,0,0
Stephens,Toccoa #2,Chief Magistrate,,,Write-in,0,0,0,0,0
Stephens,Toccoa #3,Chief Magistrate,,,Write-in,1,0,0,1,0
Stephens,Broad River,Chief Magistrate,,,Write-in,0,0,0,0,0
Stephens,Currahee,Chief Magistrate,,,Write-in,0,0,0,0,0
Stephens,Martin,Chief Magistrate,,,Write-in,0,0,0,0,0
Stephens,Wolf Pit,Chief Magistrate,,,Write-in,0,0,0,0,0
Stephens,Big Smith,Chief Magistrate,,,Write-in,0,0,0,0,0
Stephens,,TSPLOST,,,YES,1525,72,703,748,2
Stephens,Toccoa #1,TSPLOST,,,YES,288,17,112,159,0
Stephens,Toccoa #2,TSPLOST,,,YES,240,19,87,134,0
Stephens,Toccoa #3,TSPLOST,,,YES,330,18,126,184,2
Stephens,Broad River,TSPLOST,,,YES,97,6,51,40,0
Stephens,Currahee,TSPLOST,,,YES,44,2,24,18,0
Stephens,Martin,TSPLOST,,,YES,78,0,48,30,0
Stephens,Wolf Pit,TSPLOST,,,YES,203,6,117,80,0
Stephens,Big Smith,TSPLOST,,,YES,245,4,138,103,0
Stephens,,TSPLOST,,,NO,3646,169,1846,1631,0
Stephens,Toccoa #1,TSPLOST,,,NO,654,35,267,352,0
Stephens,Toccoa #2,TSPLOST,,,NO,466,30,199,237,0
Stephens,Toccoa #3,TSPLOST,,,NO,811,38,347,426,0
Stephens,Broad River,TSPLOST,,,NO,252,9,156,87,0
Stephens,Currahee,TSPLOST,,,NO,140,11,81,48,0
Stephens,Martin,TSPLOST,,,NO,180,8,134,38,0
Stephens,Wolf Pit,TSPLOST,,,NO,489,17,308,164,0
Stephens,Big Smith,TSPLOST,,,NO,654,21,354,279,0
