county,precinct,office,district,party,candidate,votes,absentee_by_mail,election_day,advance_in_person,provisional
Twiggs,,"Public Service Commission, District 3",3,REP,CHUCK EATON (I),186,2,161,23,0
Twiggs,DRY BRANCH,"Public Service Commission, District 3",3,REP,CHUCK EATON (I),81,0,75,6,0
Twiggs,GOLDEN ISLES,"Public Service Commission, District 3",3,REP,CHUCK EATON (I),51,2,43,6,0
Twiggs,HIGGSVILLE,"Public Service Commission, District 3",3,REP,CHUCK EATON (I),17,0,14,3,0
Twiggs,JEFFERSONVILLE/WARE,"Public Service Commission, District 3",3,REP,CHUCK EATON (I),21,0,15,6,0
Twiggs,SHADY GROVE/TARVERS,"Public Service Commission, District 3",3,REP,CHUCK EATON (I),16,0,14,2,0
Twiggs,,"Public Service Commission, District 3",3,REP,MATT REID,129,7,103,19,0
Twiggs,DRY BRANCH,"Public Service Commission, District 3",3,REP,MATT REID,48,3,42,3,0
Twiggs,GOLDEN ISLES,"Public Service Commission, District 3",3,REP,MATT REID,39,0,32,7,0
Twiggs,HIGGSVILLE,"Public Service Commission, District 3",3,REP,MATT REID,8,0,5,3,0
Twiggs,JEFFERSONVILLE/WARE,"Public Service Commission, District 3",3,REP,MATT REID,20,3,12,5,0
Twiggs,SHADY GROVE/TARVERS,"Public Service Commission, District 3",3,REP,MATT REID,14,1,12,1,0
Twiggs,,"Public Service Commission, District 3",3,DEM,STEPHEN OPPENHEIMER,1269,101,885,283,0
Twiggs,DRY BRANCH,"Public Service Commission, District 3",3,DEM,STEPHEN OPPENHEIMER,172,9,141,22,0
Twiggs,GOLDEN ISLES,"Public Service Commission, District 3",3,DEM,STEPHEN OPPENHEIMER,363,19,298,46,0
Twiggs,HIGGSVILLE,"Public Service Commission, District 3",3,DEM,STEPHEN OPPENHEIMER,182,6,129,47,0
Twiggs,JEFFERSONVILLE/WARE,"Public Service Commission, District 3",3,DEM,STEPHEN OPPENHEIMER,394,60,207,127,0
Twiggs,SHADY GROVE/TARVERS,"Public Service Commission, District 3",3,DEM,STEPHEN OPPENHEIMER,158,7,110,41,0
Twiggs,,"Public Service Commission, District 5",5,REP,PAM DAVIDSON,131,6,114,11,0
Twiggs,DRY BRANCH,"Public Service Commission, District 5",5,REP,PAM DAVIDSON,54,3,49,2,0
Twiggs,GOLDEN ISLES,"Public Service Commission, District 5",5,REP,PAM DAVIDSON,39,0,36,3,0
Twiggs,HIGGSVILLE,"Public Service Commission, District 5",5,REP,PAM DAVIDSON,8,0,6,2,0
Twiggs,JEFFERSONVILLE/WARE,"Public Service Commission, District 5",5,REP,PAM DAVIDSON,16,3,10,3,0
Twiggs,SHADY GROVE/TARVERS,"Public Service Commission, District 5",5,REP,PAM DAVIDSON,14,0,13,1,0
Twiggs,,"Public Service Commission, District 5",5,REP,STAN WISE (I),174,3,139,32,0
Twiggs,DRY BRANCH,"Public Service Commission, District 5",5,REP,STAN WISE (I),68,0,62,6,0
Twiggs,GOLDEN ISLES,"Public Service Commission, District 5",5,REP,STAN WISE (I),47,2,36,9,0
Twiggs,HIGGSVILLE,"Public Service Commission, District 5",5,REP,STAN WISE (I),17,0,12,5,0
Twiggs,JEFFERSONVILLE/WARE,"Public Service Commission, District 5",5,REP,STAN WISE (I),27,0,17,10,0
Twiggs,SHADY GROVE/TARVERS,"Public Service Commission, District 5",5,REP,STAN WISE (I),15,1,12,2,0
Twiggs,,"U.S. Representative, District 8",8,REP,AUSTIN SCOTT (I),300,12,250,38,0
Twiggs,DRY BRANCH,"U.S. Representative, District 8",8,REP,AUSTIN SCOTT (I),124,4,111,9,0
Twiggs,GOLDEN ISLES,"U.S. Representative, District 8",8,REP,AUSTIN SCOTT (I),81,4,65,12,0
Twiggs,HIGGSVILLE,"U.S. Representative, District 8",8,REP,AUSTIN SCOTT (I),26,0,20,6,0
Twiggs,JEFFERSONVILLE/WARE,"U.S. Representative, District 8",8,REP,AUSTIN SCOTT (I),39,3,27,9,0
Twiggs,SHADY GROVE/TARVERS,"U.S. Representative, District 8",8,REP,AUSTIN SCOTT (I),30,1,27,2,0
Twiggs,,"State Senator, District 26",26,REP,BOBBY GALE,262,10,218,34,0
Twiggs,DRY BRANCH,"State Senator, District 26",26,REP,BOBBY GALE,117,4,105,8,0
Twiggs,GOLDEN ISLES,"State Senator, District 26",26,REP,BOBBY GALE,65,2,52,11,0
Twiggs,HIGGSVILLE,"State Senator, District 26",26,REP,BOBBY GALE,24,0,17,7,0
Twiggs,JEFFERSONVILLE/WARE,"State Senator, District 26",26,REP,BOBBY GALE,34,3,24,7,0
Twiggs,SHADY GROVE/TARVERS,"State Senator, District 26",26,REP,BOBBY GALE,22,1,20,1,0
Twiggs,,"State Senator, District 26",26,DEM,DAVID E. LUCAS SR.,886,115,601,170,0
Twiggs,DRY BRANCH,"State Senator, District 26",26,DEM,DAVID E. LUCAS SR.,76,4,64,8,0
Twiggs,GOLDEN ISLES,"State Senator, District 26",26,DEM,DAVID E. LUCAS SR.,303,10,252,41,0
Twiggs,HIGGSVILLE,"State Senator, District 26",26,DEM,DAVID E. LUCAS SR.,68,3,51,14,0
Twiggs,JEFFERSONVILLE/WARE,"State Senator, District 26",26,DEM,DAVID E. LUCAS SR.,324,91,144,89,0
Twiggs,SHADY GROVE/TARVERS,"State Senator, District 26",26,DEM,DAVID E. LUCAS SR.,115,7,90,18,0
Twiggs,,"State Senator, District 26",26,DEM,IRVIN MARTINEZ,116,10,81,25,0
Twiggs,DRY BRANCH,"State Senator, District 26",26,DEM,IRVIN MARTINEZ,22,0,17,5,0
Twiggs,GOLDEN ISLES,"State Senator, District 26",26,DEM,IRVIN MARTINEZ,22,0,18,4,0
Twiggs,HIGGSVILLE,"State Senator, District 26",26,DEM,IRVIN MARTINEZ,22,0,18,4,0
Twiggs,JEFFERSONVILLE/WARE,"State Senator, District 26",26,DEM,IRVIN MARTINEZ,33,8,17,8,0
Twiggs,SHADY GROVE/TARVERS,"State Senator, District 26",26,DEM,IRVIN MARTINEZ,17,2,11,4,0
Twiggs,,"State Senator, District 26",26,DEM,MIRIAM PARIS (I),1066,70,719,277,0
Twiggs,DRY BRANCH,"State Senator, District 26",26,DEM,MIRIAM PARIS (I),161,8,136,17,0
Twiggs,GOLDEN ISLES,"State Senator, District 26",26,DEM,MIRIAM PARIS (I),241,12,185,44,0
Twiggs,HIGGSVILLE,"State Senator, District 26",26,DEM,MIRIAM PARIS (I),207,12,141,54,0
Twiggs,JEFFERSONVILLE/WARE,"State Senator, District 26",26,DEM,MIRIAM PARIS (I),312,30,164,118,0
Twiggs,SHADY GROVE/TARVERS,"State Senator, District 26",26,DEM,MIRIAM PARIS (I),145,8,93,44,0
Twiggs,,"State Representative, District 144",144,REP,JAMES EPPS (I),290,10,238,42,0
Twiggs,DRY BRANCH,"State Representative, District 144",144,REP,JAMES EPPS (I),125,4,113,8,0
Twiggs,GOLDEN ISLES,"State Representative, District 144",144,REP,JAMES EPPS (I),71,2,57,12,0
Twiggs,HIGGSVILLE,"State Representative, District 144",144,REP,JAMES EPPS (I),24,0,17,7,0
Twiggs,JEFFERSONVILLE/WARE,"State Representative, District 144",144,REP,JAMES EPPS (I),41,3,26,12,0
Twiggs,SHADY GROVE/TARVERS,"State Representative, District 144",144,REP,JAMES EPPS (I),29,1,25,3,0
Twiggs,,"State Representative, District 144",144,DEM,MARY ANN WHIPPLE-LUE,1251,108,859,284,0
Twiggs,DRY BRANCH,"State Representative, District 144",144,DEM,MARY ANN WHIPPLE-LUE,152,10,123,19,0
Twiggs,GOLDEN ISLES,"State Representative, District 144",144,DEM,MARY ANN WHIPPLE-LUE,338,18,273,47,0
Twiggs,HIGGSVILLE,"State Representative, District 144",144,DEM,MARY ANN WHIPPLE-LUE,181,6,131,44,0
Twiggs,JEFFERSONVILLE/WARE,"State Representative, District 144",144,DEM,MARY ANN WHIPPLE-LUE,417,67,218,132,0
Twiggs,SHADY GROVE/TARVERS,"State Representative, District 144",144,DEM,MARY ANN WHIPPLE-LUE,163,7,114,42,0
Twiggs,,"District Attorney, Dublin Circuit", Dublin Circuit - DEM,DEM,CRAIG FRASER (I),1432,119,979,334,0
Twiggs,DRY BRANCH,"District Attorney, Dublin Circuit", Dublin Circuit - DEM,DEM,CRAIG FRASER (I),190,12,154,24,0
Twiggs,GOLDEN ISLES,"District Attorney, Dublin Circuit", Dublin Circuit - DEM,DEM,CRAIG FRASER (I),364,18,292,54,0
Twiggs,HIGGSVILLE,"District Attorney, Dublin Circuit", Dublin Circuit - DEM,DEM,CRAIG FRASER (I),226,9,160,57,0
Twiggs,JEFFERSONVILLE/WARE,"District Attorney, Dublin Circuit", Dublin Circuit - DEM,DEM,CRAIG FRASER (I),463,72,239,152,0
Twiggs,SHADY GROVE/TARVERS,"District Attorney, Dublin Circuit", Dublin Circuit - DEM,DEM,CRAIG FRASER (I),189,8,134,47,0
Twiggs,,JUDGE PROBATE,,,GARY NOBLES JR. ,1691,134,1161,396,0
Twiggs,DRY BRANCH,JUDGE PROBATE,,,GARY NOBLES JR. ,220,13,178,29,0
Twiggs,GOLDEN ISLES,JUDGE PROBATE,,,GARY NOBLES JR. ,443,22,357,64,0
Twiggs,HIGGSVILLE,JUDGE PROBATE,,,GARY NOBLES JR. ,265,11,190,64,0
Twiggs,JEFFERSONVILLE/WARE,JUDGE PROBATE,,,GARY NOBLES JR. ,523,78,268,177,0
Twiggs,SHADY GROVE/TARVERS,JUDGE PROBATE,,,GARY NOBLES JR. ,240,10,168,62,0
Twiggs,,CLERK SUPERIOR CT,,I,PATTI H. GRIMSLEY,1593,140,1071,382,0
Twiggs,DRY BRANCH,CLERK SUPERIOR CT,,I,PATTI H. GRIMSLEY,207,13,167,27,0
Twiggs,GOLDEN ISLES,CLERK SUPERIOR CT,,I,PATTI H. GRIMSLEY,427,19,338,70,0
Twiggs,HIGGSVILLE,CLERK SUPERIOR CT,,I,PATTI H. GRIMSLEY,236,11,162,63,0
Twiggs,JEFFERSONVILLE/WARE,CLERK SUPERIOR CT,,I,PATTI H. GRIMSLEY,505,87,249,169,0
Twiggs,SHADY GROVE/TARVERS,CLERK SUPERIOR CT,,I,PATTI H. GRIMSLEY,218,10,155,53,0
Twiggs,,SHERIFF,,,CALVIN BANKS,429,61,295,73,0
Twiggs,DRY BRANCH,SHERIFF,,,CALVIN BANKS,34,1,31,2,0
Twiggs,GOLDEN ISLES,SHERIFF,,,CALVIN BANKS,99,1,89,9,0
Twiggs,HIGGSVILLE,SHERIFF,,,CALVIN BANKS,53,0,44,9,0
Twiggs,JEFFERSONVILLE/WARE,SHERIFF,,,CALVIN BANKS,182,58,80,44,0
Twiggs,SHADY GROVE/TARVERS,SHERIFF,,,CALVIN BANKS,61,1,51,9,0
Twiggs,,SHERIFF,,,DARREN MITCHUM ,1831,159,1229,443,0
Twiggs,DRY BRANCH,SHERIFF,,,DARREN MITCHUM ,253,14,209,30,0
Twiggs,GOLDEN ISLES,SHERIFF,,,DARREN MITCHUM ,508,28,389,91,0
Twiggs,HIGGSVILLE,SHERIFF,,,DARREN MITCHUM ,273,18,181,74,0
Twiggs,JEFFERSONVILLE/WARE,SHERIFF,,,DARREN MITCHUM ,548,84,279,185,0
Twiggs,SHADY GROVE/TARVERS,SHERIFF,,,DARREN MITCHUM ,249,15,171,63,0
Twiggs,,TAX COMMISSIONER,,I,E. WALTON NESMITH,1582,125,1087,370,0
Twiggs,DRY BRANCH,TAX COMMISSIONER,,I,E. WALTON NESMITH,225,13,185,27,0
Twiggs,GOLDEN ISLES,TAX COMMISSIONER,,I,E. WALTON NESMITH,413,19,326,68,0
Twiggs,HIGGSVILLE,TAX COMMISSIONER,,I,E. WALTON NESMITH,253,10,181,62,0
Twiggs,JEFFERSONVILLE/WARE,TAX COMMISSIONER,,I,E. WALTON NESMITH,478,73,243,162,0
Twiggs,SHADY GROVE/TARVERS,TAX COMMISSIONER,,I,E. WALTON NESMITH,213,10,152,51,0
Twiggs,,CORONER,,,HAROLD REECE JR. ,1686,145,1146,395,0
Twiggs,DRY BRANCH,CORONER,,,HAROLD REECE JR. ,224,12,184,28,0
Twiggs,GOLDEN ISLES,CORONER,,,HAROLD REECE JR. ,439,24,349,66,0
Twiggs,HIGGSVILLE,CORONER,,,HAROLD REECE JR. ,258,12,181,65,0
Twiggs,JEFFERSONVILLE/WARE,CORONER,,,HAROLD REECE JR. ,543,86,274,183,0
Twiggs,SHADY GROVE/TARVERS,CORONER,,,HAROLD REECE JR. ,222,11,158,53,0
Twiggs,,CHIEF MAGISTRATE,,,DAVID L. BROWN ,1579,137,1067,375,0
Twiggs,DRY BRANCH,CHIEF MAGISTRATE,,,DAVID L. BROWN ,216,14,174,28,0
Twiggs,GOLDEN ISLES,CHIEF MAGISTRATE,,,DAVID L. BROWN ,415,22,329,64,0
Twiggs,HIGGSVILLE,CHIEF MAGISTRATE,,,DAVID L. BROWN ,225,9,155,61,0
Twiggs,JEFFERSONVILLE/WARE,CHIEF MAGISTRATE,,,DAVID L. BROWN ,510,83,256,171,0
Twiggs,SHADY GROVE/TARVERS,CHIEF MAGISTRATE,,,DAVID L. BROWN ,213,9,153,51,0
Twiggs,,CHAIR COMMISSIONER,,,GLEN CHRISTOPHER,219,7,186,26,0
Twiggs,DRY BRANCH,CHAIR COMMISSIONER,,,GLEN CHRISTOPHER,96,4,83,9,0
Twiggs,GOLDEN ISLES,CHAIR COMMISSIONER,,,GLEN CHRISTOPHER,55,1,50,4,0
Twiggs,HIGGSVILLE,CHAIR COMMISSIONER,,,GLEN CHRISTOPHER,15,0,12,3,0
Twiggs,JEFFERSONVILLE/WARE,CHAIR COMMISSIONER,,,GLEN CHRISTOPHER,35,2,23,10,0
Twiggs,SHADY GROVE/TARVERS,CHAIR COMMISSIONER,,,GLEN CHRISTOPHER,18,0,18,0,0
Twiggs,,CHAIR COMMISSIONER,,,SHAYNE THOMPSON,88,4,73,11,0
Twiggs,DRY BRANCH,CHAIR COMMISSIONER,,,SHAYNE THOMPSON,32,1,30,1,0
Twiggs,GOLDEN ISLES,CHAIR COMMISSIONER,,,SHAYNE THOMPSON,33,1,24,8,0
Twiggs,HIGGSVILLE,CHAIR COMMISSIONER,,,SHAYNE THOMPSON,6,0,5,1,0
Twiggs,JEFFERSONVILLE/WARE,CHAIR COMMISSIONER,,,SHAYNE THOMPSON,6,1,5,0,0
Twiggs,SHADY GROVE/TARVERS,CHAIR COMMISSIONER,,,SHAYNE THOMPSON,11,1,9,1,0
Twiggs,,CHAIR COMMISSIONER,,,RAY A. BENNETT ,897,71,586,240,0
Twiggs,DRY BRANCH,CHAIR COMMISSIONER,,,RAY A. BENNETT ,106,6,84,16,0
Twiggs,GOLDEN ISLES,CHAIR COMMISSIONER,,,RAY A. BENNETT ,256,12,201,43,0
Twiggs,HIGGSVILLE,CHAIR COMMISSIONER,,,RAY A. BENNETT ,121,11,69,41,0
Twiggs,JEFFERSONVILLE/WARE,CHAIR COMMISSIONER,,,RAY A. BENNETT ,289,33,149,107,0
Twiggs,SHADY GROVE/TARVERS,CHAIR COMMISSIONER,,,RAY A. BENNETT ,125,9,83,33,0
Twiggs,,CHAIR COMMISSIONER,,,KEN FOWLER,1236,137,854,245,0
Twiggs,DRY BRANCH,CHAIR COMMISSIONER,,,KEN FOWLER,157,6,138,13,0
Twiggs,GOLDEN ISLES,CHAIR COMMISSIONER,,,KEN FOWLER,287,12,235,40,0
Twiggs,HIGGSVILLE,CHAIR COMMISSIONER,,,KEN FOWLER,204,7,158,39,0
Twiggs,JEFFERSONVILLE/WARE,CHAIR COMMISSIONER,,,KEN FOWLER,414,107,192,115,0
Twiggs,SHADY GROVE/TARVERS,CHAIR COMMISSIONER,,,KEN FOWLER,174,5,131,38,0
Twiggs,,CC D1,,,BRETT CUMMINGS,39,2,29,8,0
Twiggs,DRY BRANCH,CC D1,,,BRETT CUMMINGS,7,0,5,2,0
Twiggs,HIGGSVILLE,CC D1,,,BRETT CUMMINGS,0,0,0,0,0
Twiggs,JEFFERSONVILLE/WARE,CC D1,,,BRETT CUMMINGS,32,2,24,6,0
Twiggs,,CC D1,,,TOMMIE L. BRYANT ,424,122,183,119,0
Twiggs,DRY BRANCH,CC D1,,,TOMMIE L. BRYANT ,11,1,9,1,0
Twiggs,HIGGSVILLE,CC D1,,,TOMMIE L. BRYANT ,2,2,0,0,0
Twiggs,JEFFERSONVILLE/WARE,CC D1,,,TOMMIE L. BRYANT ,411,119,174,118,0
Twiggs,,CC D1,,,CLYDE RIGGINS,307,26,170,111,0
Twiggs,DRY BRANCH,CC D1,,,CLYDE RIGGINS,8,1,5,2,0
Twiggs,HIGGSVILLE,CC D1,,,CLYDE RIGGINS,1,0,1,0,0
Twiggs,JEFFERSONVILLE/WARE,CC D1,,,CLYDE RIGGINS,298,25,164,109,0
Twiggs,,CC D2,,,DONALD FLOYD ,343,12,242,89,0
Twiggs,GOLDEN ISLES,CC D2,,,DONALD FLOYD ,11,0,5,6,0
Twiggs,HIGGSVILLE,CC D2,,,DONALD FLOYD ,205,6,142,57,0
Twiggs,SHADY GROVE/TARVERS,CC D2,,,DONALD FLOYD ,127,6,95,26,0
Twiggs,,CC D3,,,WILLIAM BOND,415,22,324,69,0
Twiggs,GOLDEN ISLES,CC D3,,,WILLIAM BOND,357,20,286,51,0
Twiggs,SHADY GROVE/TARVERS,CC D3,,,WILLIAM BOND,58,2,38,18,0
Twiggs,,CC D3,,,MILTON SAMPSON ,228,4,186,38,0
Twiggs,GOLDEN ISLES,CC D3,,,MILTON SAMPSON ,194,4,158,32,0
Twiggs,SHADY GROVE/TARVERS,CC D3,,,MILTON SAMPSON ,34,0,28,6,0
Twiggs,,CC D4,,,DONALD WATSON,103,4,91,8,0
Twiggs,DRY BRANCH,CC D4,,,DONALD WATSON,102,3,91,8,0
Twiggs,GOLDEN ISLES,CC D4,,,DONALD WATSON,1,1,0,0,0
Twiggs,,CC D4,,,STEVE BIRDSONG,200,9,164,27,0
Twiggs,DRY BRANCH,CC D4,,,STEVE BIRDSONG,192,9,157,26,0
Twiggs,GOLDEN ISLES,CC D4,,,STEVE BIRDSONG,8,0,7,1,0
Twiggs,,BOE D2,,,SHARON RADEBAUGH,43,1,33,9,0
Twiggs,GOLDEN ISLES,BOE D2,,,SHARON RADEBAUGH,5,0,4,1,0
Twiggs,HIGGSVILLE,BOE D2,,,SHARON RADEBAUGH,20,0,13,7,0
Twiggs,SHADY GROVE/TARVERS,BOE D2,,,SHARON RADEBAUGH,18,1,16,1,0
Twiggs,,BOE D2,,I,TERESA BLACKSHEAR,371,16,270,85,0
Twiggs,GOLDEN ISLES,BOE D2,,I,TERESA BLACKSHEAR,10,0,5,5,0
Twiggs,HIGGSVILLE,BOE D2,,I,TERESA BLACKSHEAR,228,10,164,54,0
Twiggs,SHADY GROVE/TARVERS,BOE D2,,I,TERESA BLACKSHEAR,133,6,101,26,0
Twiggs,,BOE D4,,,SYLDIA K. MCNEAL,100,3,88,9,0
Twiggs,DRY BRANCH,BOE D4,,,SYLDIA K. MCNEAL,99,3,87,9,0
Twiggs,GOLDEN ISLES,BOE D4,,,SYLDIA K. MCNEAL,1,0,1,0,0
Twiggs,,BOE D4,,,SHIRLEY STOKES ,134,7,109,18,0
Twiggs,DRY BRANCH,BOE D4,,,SHIRLEY STOKES ,128,7,104,17,0
Twiggs,GOLDEN ISLES,BOE D4,,,SHIRLEY STOKES ,6,0,5,1,0
Twiggs,,Republican Party Question 1<br>Should Georgia have casino gambling with funds going to education?,,REP,YES,199,7,169,23,0
Twiggs,DRY BRANCH,Republican Party Question 1<br>Should Georgia have casino gambling with funds going to education?,,REP,YES,71,1,67,3,0
Twiggs,GOLDEN ISLES,Republican Party Question 1<br>Should Georgia have casino gambling with funds going to education?,,REP,YES,52,2,46,4,0
Twiggs,HIGGSVILLE,Republican Party Question 1<br>Should Georgia have casino gambling with funds going to education?,,REP,YES,20,0,14,6,0
Twiggs,JEFFERSONVILLE/WARE,Republican Party Question 1<br>Should Georgia have casino gambling with funds going to education?,,REP,YES,29,3,18,8,0
Twiggs,SHADY GROVE/TARVERS,Republican Party Question 1<br>Should Georgia have casino gambling with funds going to education?,,REP,YES,27,1,24,2,0
Twiggs,,Republican Party Question 1<br>Should Georgia have casino gambling with funds going to education?,,REP,NO,158,7,128,23,0
Twiggs,DRY BRANCH,Republican Party Question 1<br>Should Georgia have casino gambling with funds going to education?,,REP,NO,76,4,65,7,0
Twiggs,GOLDEN ISLES,Republican Party Question 1<br>Should Georgia have casino gambling with funds going to education?,,REP,NO,45,2,34,9,0
Twiggs,HIGGSVILLE,Republican Party Question 1<br>Should Georgia have casino gambling with funds going to education?,,REP,NO,9,0,8,1,0
Twiggs,JEFFERSONVILLE/WARE,Republican Party Question 1<br>Should Georgia have casino gambling with funds going to education?,,REP,NO,20,1,14,5,0
Twiggs,SHADY GROVE/TARVERS,Republican Party Question 1<br>Should Georgia have casino gambling with funds going to education?,,REP,NO,8,0,7,1,0
Twiggs,,Republican Party Question 2<br>Do you support ending the current practice of unlimited gifts from lobbyists to state legislators by imposing a $100 cap on such gifts?,,REP,YES,282,13,233,36,0
Twiggs,DRY BRANCH,Republican Party Question 2<br>Do you support ending the current practice of unlimited gifts from lobbyists to state legislators by imposing a $100 cap on such gifts?,,REP,YES,116,5,104,7,0
Twiggs,GOLDEN ISLES,Republican Party Question 2<br>Do you support ending the current practice of unlimited gifts from lobbyists to state legislators by imposing a $100 cap on such gifts?,,REP,YES,75,4,61,10,0
Twiggs,HIGGSVILLE,Republican Party Question 2<br>Do you support ending the current practice of unlimited gifts from lobbyists to state legislators by imposing a $100 cap on such gifts?,,REP,YES,20,0,14,6,0
Twiggs,JEFFERSONVILLE/WARE,Republican Party Question 2<br>Do you support ending the current practice of unlimited gifts from lobbyists to state legislators by imposing a $100 cap on such gifts?,,REP,YES,41,3,28,10,0
Twiggs,SHADY GROVE/TARVERS,Republican Party Question 2<br>Do you support ending the current practice of unlimited gifts from lobbyists to state legislators by imposing a $100 cap on such gifts?,,REP,YES,30,1,26,3,0
Twiggs,,Republican Party Question 2<br>Do you support ending the current practice of unlimited gifts from lobbyists to state legislators by imposing a $100 cap on such gifts?,,REP,NO,67,1,57,9,0
Twiggs,DRY BRANCH,Republican Party Question 2<br>Do you support ending the current practice of unlimited gifts from lobbyists to state legislators by imposing a $100 cap on such gifts?,,REP,NO,28,0,25,3,0
Twiggs,GOLDEN ISLES,Republican Party Question 2<br>Do you support ending the current practice of unlimited gifts from lobbyists to state legislators by imposing a $100 cap on such gifts?,,REP,NO,18,0,15,3,0
Twiggs,HIGGSVILLE,Republican Party Question 2<br>Do you support ending the current practice of unlimited gifts from lobbyists to state legislators by imposing a $100 cap on such gifts?,,REP,NO,8,0,7,1,0
Twiggs,JEFFERSONVILLE/WARE,Republican Party Question 2<br>Do you support ending the current practice of unlimited gifts from lobbyists to state legislators by imposing a $100 cap on such gifts?,,REP,NO,6,1,3,2,0
Twiggs,SHADY GROVE/TARVERS,Republican Party Question 2<br>Do you support ending the current practice of unlimited gifts from lobbyists to state legislators by imposing a $100 cap on such gifts?,,REP,NO,7,0,7,0,0
Twiggs,,Republican Party Question 3<br>Should active duty military personnel who are under the age of 21 be allowed to obtain a Georgia weapons license?,,REP,YES,254,7,210,37,0
Twiggs,DRY BRANCH,Republican Party Question 3<br>Should active duty military personnel who are under the age of 21 be allowed to obtain a Georgia weapons license?,,REP,YES,96,1,88,7,0
Twiggs,GOLDEN ISLES,Republican Party Question 3<br>Should active duty military personnel who are under the age of 21 be allowed to obtain a Georgia weapons license?,,REP,YES,74,4,60,10,0
Twiggs,HIGGSVILLE,Republican Party Question 3<br>Should active duty military personnel who are under the age of 21 be allowed to obtain a Georgia weapons license?,,REP,YES,20,0,13,7,0
Twiggs,JEFFERSONVILLE/WARE,Republican Party Question 3<br>Should active duty military personnel who are under the age of 21 be allowed to obtain a Georgia weapons license?,,REP,YES,33,2,21,10,0
Twiggs,SHADY GROVE/TARVERS,Republican Party Question 3<br>Should active duty military personnel who are under the age of 21 be allowed to obtain a Georgia weapons license?,,REP,YES,31,0,28,3,0
Twiggs,,Republican Party Question 3<br>Should active duty military personnel who are under the age of 21 be allowed to obtain a Georgia weapons license?,,REP,NO,101,7,85,9,0
Twiggs,DRY BRANCH,Republican Party Question 3<br>Should active duty military personnel who are under the age of 21 be allowed to obtain a Georgia weapons license?,,REP,NO,49,4,42,3,0
Twiggs,GOLDEN ISLES,Republican Party Question 3<br>Should active duty military personnel who are under the age of 21 be allowed to obtain a Georgia weapons license?,,REP,NO,23,0,20,3,0
Twiggs,HIGGSVILLE,Republican Party Question 3<br>Should active duty military personnel who are under the age of 21 be allowed to obtain a Georgia weapons license?,,REP,NO,9,0,9,0,0
Twiggs,JEFFERSONVILLE/WARE,Republican Party Question 3<br>Should active duty military personnel who are under the age of 21 be allowed to obtain a Georgia weapons license?,,REP,NO,15,2,10,3,0
Twiggs,SHADY GROVE/TARVERS,Republican Party Question 3<br>Should active duty military personnel who are under the age of 21 be allowed to obtain a Georgia weapons license?,,REP,NO,5,1,4,0,0
Twiggs,,Republican Party Question 4<br>Should Citizens who wish to vote in a primary election be required to register by their political party affiliation at least thirty (30) days prior to such primary election?,,REP,YES,150,0,132,18,0
Twiggs,DRY BRANCH,Republican Party Question 4<br>Should Citizens who wish to vote in a primary election be required to register by their political party affiliation at least thirty (30) days prior to such primary election?,,REP,YES,56,0,53,3,0
Twiggs,GOLDEN ISLES,Republican Party Question 4<br>Should Citizens who wish to vote in a primary election be required to register by their political party affiliation at least thirty (30) days prior to such primary election?,,REP,YES,41,0,35,6,0
Twiggs,HIGGSVILLE,Republican Party Question 4<br>Should Citizens who wish to vote in a primary election be required to register by their political party affiliation at least thirty (30) days prior to such primary election?,,REP,YES,12,0,10,2,0
Twiggs,JEFFERSONVILLE/WARE,Republican Party Question 4<br>Should Citizens who wish to vote in a primary election be required to register by their political party affiliation at least thirty (30) days prior to such primary election?,,REP,YES,20,0,15,5,0
Twiggs,SHADY GROVE/TARVERS,Republican Party Question 4<br>Should Citizens who wish to vote in a primary election be required to register by their political party affiliation at least thirty (30) days prior to such primary election?,,REP,YES,21,0,19,2,0
Twiggs,,Republican Party Question 4<br>Should Citizens who wish to vote in a primary election be required to register by their political party affiliation at least thirty (30) days prior to such primary election?,,REP,NO,201,14,160,27,0
Twiggs,DRY BRANCH,Republican Party Question 4<br>Should Citizens who wish to vote in a primary election be required to register by their political party affiliation at least thirty (30) days prior to such primary election?,,REP,NO,86,5,74,7,0
Twiggs,GOLDEN ISLES,Republican Party Question 4<br>Should Citizens who wish to vote in a primary election be required to register by their political party affiliation at least thirty (30) days prior to such primary election?,,REP,NO,57,4,46,7,0
Twiggs,HIGGSVILLE,Republican Party Question 4<br>Should Citizens who wish to vote in a primary election be required to register by their political party affiliation at least thirty (30) days prior to such primary election?,,REP,NO,17,0,12,5,0
Twiggs,JEFFERSONVILLE/WARE,Republican Party Question 4<br>Should Citizens who wish to vote in a primary election be required to register by their political party affiliation at least thirty (30) days prior to such primary election?,,REP,NO,26,4,15,7,0
Twiggs,SHADY GROVE/TARVERS,Republican Party Question 4<br>Should Citizens who wish to vote in a primary election be required to register by their political party affiliation at least thirty (30) days prior to such primary election?,,REP,NO,15,1,13,1,0
Twiggs,,Republican Party Question 5 <br>Life Amendment Question,,REP,YES,250,9,204,37,0
Twiggs,DRY BRANCH,Republican Party Question 5 <br>Life Amendment Question,,REP,YES,108,5,94,9,0
Twiggs,GOLDEN ISLES,Republican Party Question 5 <br>Life Amendment Question,,REP,YES,66,2,53,11,0
Twiggs,HIGGSVILLE,Republican Party Question 5 <br>Life Amendment Question,,REP,YES,17,0,12,5,0
Twiggs,JEFFERSONVILLE/WARE,Republican Party Question 5 <br>Life Amendment Question,,REP,YES,35,1,25,9,0
Twiggs,SHADY GROVE/TARVERS,Republican Party Question 5 <br>Life Amendment Question,,REP,YES,24,1,20,3,0
Twiggs,,Republican Party Question 5 <br>Life Amendment Question,,REP,NO,90,5,78,7,0
Twiggs,DRY BRANCH,Republican Party Question 5 <br>Life Amendment Question,,REP,NO,31,0,30,1,0
Twiggs,GOLDEN ISLES,Republican Party Question 5 <br>Life Amendment Question,,REP,NO,26,2,23,1,0
Twiggs,HIGGSVILLE,Republican Party Question 5 <br>Life Amendment Question,,REP,NO,11,0,9,2,0
Twiggs,JEFFERSONVILLE/WARE,Republican Party Question 5 <br>Life Amendment Question,,REP,NO,12,3,6,3,0
Twiggs,SHADY GROVE/TARVERS,Republican Party Question 5 <br>Life Amendment Question,,REP,NO,10,0,10,0,0
Twiggs,,Democratic Party Question 1<br>Should the Georgia Constitution be amended to allow the state to override locally-elected school boards’ decisions when it comes to the creation of charter schools in your county or city?,,DEM,YES,924,69,641,214,0
Twiggs,DRY BRANCH,Democratic Party Question 1<br>Should the Georgia Constitution be amended to allow the state to override locally-elected school boards’ decisions when it comes to the creation of charter schools in your county or city?,,DEM,YES,113,5,91,17,0
Twiggs,GOLDEN ISLES,Democratic Party Question 1<br>Should the Georgia Constitution be amended to allow the state to override locally-elected school boards’ decisions when it comes to the creation of charter schools in your county or city?,,DEM,YES,258,12,207,39,0
Twiggs,HIGGSVILLE,Democratic Party Question 1<br>Should the Georgia Constitution be amended to allow the state to override locally-elected school boards’ decisions when it comes to the creation of charter schools in your county or city?,,DEM,YES,137,6,101,30,0
Twiggs,JEFFERSONVILLE/WARE,Democratic Party Question 1<br>Should the Georgia Constitution be amended to allow the state to override locally-elected school boards’ decisions when it comes to the creation of charter schools in your county or city?,,DEM,YES,295,39,153,103,0
Twiggs,SHADY GROVE/TARVERS,Democratic Party Question 1<br>Should the Georgia Constitution be amended to allow the state to override locally-elected school boards’ decisions when it comes to the creation of charter schools in your county or city?,,DEM,YES,121,7,89,25,0
Twiggs,,Democratic Party Question 1<br>Should the Georgia Constitution be amended to allow the state to override locally-elected school boards’ decisions when it comes to the creation of charter schools in your county or city?,,DEM,NO,1085,125,718,242,0
Twiggs,DRY BRANCH,Democratic Party Question 1<br>Should the Georgia Constitution be amended to allow the state to override locally-elected school boards’ decisions when it comes to the creation of charter schools in your county or city?,,DEM,NO,153,8,129,16,0
Twiggs,GOLDEN ISLES,Democratic Party Question 1<br>Should the Georgia Constitution be amended to allow the state to override locally-elected school boards’ decisions when it comes to the creation of charter schools in your county or city?,,DEM,NO,276,16,217,43,0
Twiggs,HIGGSVILLE,Democratic Party Question 1<br>Should the Georgia Constitution be amended to allow the state to override locally-elected school boards’ decisions when it comes to the creation of charter schools in your county or city?,,DEM,NO,155,6,103,46,0
Twiggs,JEFFERSONVILLE/WARE,Democratic Party Question 1<br>Should the Georgia Constitution be amended to allow the state to override locally-elected school boards’ decisions when it comes to the creation of charter schools in your county or city?,,DEM,NO,350,85,162,103,0
Twiggs,SHADY GROVE/TARVERS,Democratic Party Question 1<br>Should the Georgia Constitution be amended to allow the state to override locally-elected school boards’ decisions when it comes to the creation of charter schools in your county or city?,,DEM,NO,151,10,107,34,0
Twiggs,,Democratic Party Question 2<br>Do you support ending current practice permitting unlimited gifts from lobbyists to state legislators?,,DEM,YES,1298,109,893,296,0
Twiggs,DRY BRANCH,Democratic Party Question 2<br>Do you support ending current practice permitting unlimited gifts from lobbyists to state legislators?,,DEM,YES,202,9,169,24,0
Twiggs,GOLDEN ISLES,Democratic Party Question 2<br>Do you support ending current practice permitting unlimited gifts from lobbyists to state legislators?,,DEM,YES,338,23,261,54,0
Twiggs,HIGGSVILLE,Democratic Party Question 2<br>Do you support ending current practice permitting unlimited gifts from lobbyists to state legislators?,,DEM,YES,191,11,130,50,0
Twiggs,JEFFERSONVILLE/WARE,Democratic Party Question 2<br>Do you support ending current practice permitting unlimited gifts from lobbyists to state legislators?,,DEM,YES,399,56,217,126,0
Twiggs,SHADY GROVE/TARVERS,Democratic Party Question 2<br>Do you support ending current practice permitting unlimited gifts from lobbyists to state legislators?,,DEM,YES,168,10,116,42,0
Twiggs,,Democratic Party Question 2<br>Do you support ending current practice permitting unlimited gifts from lobbyists to state legislators?,,DEM,NO,695,72,462,161,0
Twiggs,DRY BRANCH,Democratic Party Question 2<br>Do you support ending current practice permitting unlimited gifts from lobbyists to state legislators?,,DEM,NO,69,5,56,8,0
Twiggs,GOLDEN ISLES,Democratic Party Question 2<br>Do you support ending current practice permitting unlimited gifts from lobbyists to state legislators?,,DEM,NO,197,4,166,27,0
Twiggs,HIGGSVILLE,Democratic Party Question 2<br>Do you support ending current practice permitting unlimited gifts from lobbyists to state legislators?,,DEM,NO,104,2,75,27,0
Twiggs,JEFFERSONVILLE/WARE,Democratic Party Question 2<br>Do you support ending current practice permitting unlimited gifts from lobbyists to state legislators?,,DEM,NO,237,54,100,83,0
Twiggs,SHADY GROVE/TARVERS,Democratic Party Question 2<br>Do you support ending current practice permitting unlimited gifts from lobbyists to state legislators?,,DEM,NO,88,7,65,16,0
Twiggs,,Democratic Party Question 3<br>Should Georgia adopt an income tax credit for home energy costs to support the economic security of our families?,,DEM,YES,1570,164,1058,348,0
Twiggs,DRY BRANCH,Democratic Party Question 3<br>Should Georgia adopt an income tax credit for home energy costs to support the economic security of our families?,,DEM,YES,200,10,168,22,0
Twiggs,GOLDEN ISLES,Democratic Party Question 3<br>Should Georgia adopt an income tax credit for home energy costs to support the economic security of our families?,,DEM,YES,424,22,335,67,0
Twiggs,HIGGSVILLE,Democratic Party Question 3<br>Should Georgia adopt an income tax credit for home energy costs to support the economic security of our families?,,DEM,YES,211,10,150,51,0
Twiggs,JEFFERSONVILLE/WARE,Democratic Party Question 3<br>Should Georgia adopt an income tax credit for home energy costs to support the economic security of our families?,,DEM,YES,526,114,252,160,0
Twiggs,SHADY GROVE/TARVERS,Democratic Party Question 3<br>Should Georgia adopt an income tax credit for home energy costs to support the economic security of our families?,,DEM,YES,209,8,153,48,0
Twiggs,,Democratic Party Question 3<br>Should Georgia adopt an income tax credit for home energy costs to support the economic security of our families?,,DEM,NO,472,23,332,117,0
Twiggs,DRY BRANCH,Democratic Party Question 3<br>Should Georgia adopt an income tax credit for home energy costs to support the economic security of our families?,,DEM,NO,65,3,54,8,0
Twiggs,GOLDEN ISLES,Democratic Party Question 3<br>Should Georgia adopt an income tax credit for home energy costs to support the economic security of our families?,,DEM,NO,130,4,107,19,0
Twiggs,HIGGSVILLE,Democratic Party Question 3<br>Should Georgia adopt an income tax credit for home energy costs to support the economic security of our families?,,DEM,NO,84,3,57,24,0
Twiggs,JEFFERSONVILLE/WARE,Democratic Party Question 3<br>Should Georgia adopt an income tax credit for home energy costs to support the economic security of our families?,,DEM,NO,131,9,72,50,0
Twiggs,SHADY GROVE/TARVERS,Democratic Party Question 3<br>Should Georgia adopt an income tax credit for home energy costs to support the economic security of our families?,,DEM,NO,62,4,42,16,0
Twiggs,,Democratic Party Question 4 <br>Should Georgia reduce sales taxes on Made in Georgia products so as to support the growth of small businesses in our state?,,DEM,YES,1816,158,1240,418,0
Twiggs,DRY BRANCH,Democratic Party Question 4 <br>Should Georgia reduce sales taxes on Made in Georgia products so as to support the growth of small businesses in our state?,,DEM,YES,256,13,215,28,0
Twiggs,GOLDEN ISLES,Democratic Party Question 4 <br>Should Georgia reduce sales taxes on Made in Georgia products so as to support the growth of small businesses in our state?,,DEM,YES,478,23,379,76,0
Twiggs,HIGGSVILLE,Democratic Party Question 4 <br>Should Georgia reduce sales taxes on Made in Georgia products so as to support the growth of small businesses in our state?,,DEM,YES,258,11,178,69,0
Twiggs,JEFFERSONVILLE/WARE,Democratic Party Question 4 <br>Should Georgia reduce sales taxes on Made in Georgia products so as to support the growth of small businesses in our state?,,DEM,YES,582,102,293,187,0
Twiggs,SHADY GROVE/TARVERS,Democratic Party Question 4 <br>Should Georgia reduce sales taxes on Made in Georgia products so as to support the growth of small businesses in our state?,,DEM,YES,242,9,175,58,0
Twiggs,,Democratic Party Question 4 <br>Should Georgia reduce sales taxes on Made in Georgia products so as to support the growth of small businesses in our state?,,DEM,NO,243,17,174,52,0
Twiggs,DRY BRANCH,Democratic Party Question 4 <br>Should Georgia reduce sales taxes on Made in Georgia products so as to support the growth of small businesses in our state?,,DEM,NO,19,1,13,5,0
Twiggs,GOLDEN ISLES,Democratic Party Question 4 <br>Should Georgia reduce sales taxes on Made in Georgia products so as to support the growth of small businesses in our state?,,DEM,NO,76,2,64,10,0
Twiggs,HIGGSVILLE,Democratic Party Question 4 <br>Should Georgia reduce sales taxes on Made in Georgia products so as to support the growth of small businesses in our state?,,DEM,NO,42,2,31,9,0
Twiggs,JEFFERSONVILLE/WARE,Democratic Party Question 4 <br>Should Georgia reduce sales taxes on Made in Georgia products so as to support the growth of small businesses in our state?,,DEM,NO,70,9,39,22,0
Twiggs,SHADY GROVE/TARVERS,Democratic Party Question 4 <br>Should Georgia reduce sales taxes on Made in Georgia products so as to support the growth of small businesses in our state?,,DEM,NO,36,3,27,6,0
Twiggs,,Supreme Court Justice, Hunstein,I,CAROL W. HUNSTEIN,1709,116,1225,368,0
Twiggs,DRY BRANCH,Supreme Court Justice, Hunstein,I,CAROL W. HUNSTEIN,306,13,261,32,0
Twiggs,GOLDEN ISLES,Supreme Court Justice, Hunstein,I,CAROL W. HUNSTEIN,499,21,403,75,0
Twiggs,HIGGSVILLE,Supreme Court Justice, Hunstein,I,CAROL W. HUNSTEIN,209,5,151,53,0
Twiggs,JEFFERSONVILLE/WARE,Supreme Court Justice, Hunstein,I,CAROL W. HUNSTEIN,487,69,255,163,0
Twiggs,SHADY GROVE/TARVERS,Supreme Court Justice, Hunstein,I,CAROL W. HUNSTEIN,208,8,155,45,0
Twiggs,,Supreme Court Justice, Hunstein,,Write-in,3,0,0,3,0
Twiggs,DRY BRANCH,Supreme Court Justice, Hunstein,,Write-in,0,0,0,0,0
Twiggs,GOLDEN ISLES,Supreme Court Justice, Hunstein,,Write-in,0,0,0,0,0
Twiggs,HIGGSVILLE,Supreme Court Justice, Hunstein,,Write-in,3,0,0,3,0
Twiggs,JEFFERSONVILLE/WARE,Supreme Court Justice, Hunstein,,Write-in,0,0,0,0,0
Twiggs,SHADY GROVE/TARVERS,Supreme Court Justice, Hunstein,,Write-in,0,0,0,0,0
Twiggs,,Supreme Court Justice, Melton,,HAROLD D. MELTON ,1740,108,1268,364,0
Twiggs,DRY BRANCH,Supreme Court Justice, Melton,,HAROLD D. MELTON ,311,13,266,32,0
Twiggs,GOLDEN ISLES,Supreme Court Justice, Melton,,HAROLD D. MELTON ,507,22,411,74,0
Twiggs,HIGGSVILLE,Supreme Court Justice, Melton,,HAROLD D. MELTON ,217,5,156,56,0
Twiggs,JEFFERSONVILLE/WARE,Supreme Court Justice, Melton,,HAROLD D. MELTON ,492,62,270,160,0
Twiggs,SHADY GROVE/TARVERS,Supreme Court Justice, Melton,,HAROLD D. MELTON ,213,6,165,42,0
Twiggs,,Supreme Court Justice, Melton,,Write-in,3,1,1,1,0
Twiggs,DRY BRANCH,Supreme Court Justice, Melton,,Write-in,0,0,0,0,0
Twiggs,GOLDEN ISLES,Supreme Court Justice, Melton,,Write-in,0,0,0,0,0
Twiggs,HIGGSVILLE,Supreme Court Justice, Melton,,Write-in,2,0,1,1,0
Twiggs,JEFFERSONVILLE/WARE,Supreme Court Justice, Melton,,Write-in,0,0,0,0,0
Twiggs,SHADY GROVE/TARVERS,Supreme Court Justice, Melton,,Write-in,1,1,0,0,0
Twiggs,,Supreme Court Justice, Thompson,,HUGH P. THOMPSON ,1676,109,1209,358,0
Twiggs,DRY BRANCH,Supreme Court Justice, Thompson,,HUGH P. THOMPSON ,310,13,263,34,0
Twiggs,GOLDEN ISLES,Supreme Court Justice, Thompson,,HUGH P. THOMPSON ,489,21,396,72,0
Twiggs,HIGGSVILLE,Supreme Court Justice, Thompson,,HUGH P. THOMPSON ,204,4,145,55,0
Twiggs,JEFFERSONVILLE/WARE,Supreme Court Justice, Thompson,,HUGH P. THOMPSON ,474,65,254,155,0
Twiggs,SHADY GROVE/TARVERS,Supreme Court Justice, Thompson,,HUGH P. THOMPSON ,199,6,151,42,0
Twiggs,,Supreme Court Justice, Thompson,,Write-in,1,0,0,1,0
Twiggs,DRY BRANCH,Supreme Court Justice, Thompson,,Write-in,0,0,0,0,0
Twiggs,GOLDEN ISLES,Supreme Court Justice, Thompson,,Write-in,0,0,0,0,0
Twiggs,HIGGSVILLE,Supreme Court Justice, Thompson,,Write-in,1,0,0,1,0
Twiggs,JEFFERSONVILLE/WARE,Supreme Court Justice, Thompson,,Write-in,0,0,0,0,0
Twiggs,SHADY GROVE/TARVERS,Supreme Court Justice, Thompson,,Write-in,0,0,0,0,0
Twiggs,,Appeals Court Judge, Boggs,,MICHAEL P. BOGGS ,1617,100,1177,340,0
Twiggs,DRY BRANCH,Appeals Court Judge, Boggs,,MICHAEL P. BOGGS ,302,12,259,31,0
Twiggs,GOLDEN ISLES,Appeals Court Judge, Boggs,,MICHAEL P. BOGGS ,460,20,374,66,0
Twiggs,HIGGSVILLE,Appeals Court Judge, Boggs,,MICHAEL P. BOGGS ,209,4,150,55,0
Twiggs,JEFFERSONVILLE/WARE,Appeals Court Judge, Boggs,,MICHAEL P. BOGGS ,454,58,249,147,0
Twiggs,SHADY GROVE/TARVERS,Appeals Court Judge, Boggs,,MICHAEL P. BOGGS ,192,6,145,41,0
Twiggs,,Appeals Court Judge, Boggs,,Write-in,1,0,0,1,0
Twiggs,DRY BRANCH,Appeals Court Judge, Boggs,,Write-in,0,0,0,0,0
Twiggs,GOLDEN ISLES,Appeals Court Judge, Boggs,,Write-in,0,0,0,0,0
Twiggs,HIGGSVILLE,Appeals Court Judge, Boggs,,Write-in,1,0,0,1,0
Twiggs,JEFFERSONVILLE/WARE,Appeals Court Judge, Boggs,,Write-in,0,0,0,0,0
Twiggs,SHADY GROVE/TARVERS,Appeals Court Judge, Boggs,,Write-in,0,0,0,0,0
Twiggs,,Appeals Court Judge, Dillard,,STEPHEN DILLARD ,1640,103,1196,341,0
Twiggs,DRY BRANCH,Appeals Court Judge, Dillard,,STEPHEN DILLARD ,304,12,262,30,0
Twiggs,GOLDEN ISLES,Appeals Court Judge, Dillard,,STEPHEN DILLARD ,470,21,381,68,0
Twiggs,HIGGSVILLE,Appeals Court Judge, Dillard,,STEPHEN DILLARD ,213,4,153,56,0
Twiggs,JEFFERSONVILLE/WARE,Appeals Court Judge, Dillard,,STEPHEN DILLARD ,459,61,252,146,0
Twiggs,SHADY GROVE/TARVERS,Appeals Court Judge, Dillard,,STEPHEN DILLARD ,194,5,148,41,0
Twiggs,,Appeals Court Judge, Dillard,,Write-in,1,0,0,1,0
Twiggs,DRY BRANCH,Appeals Court Judge, Dillard,,Write-in,0,0,0,0,0
Twiggs,GOLDEN ISLES,Appeals Court Judge, Dillard,,Write-in,0,0,0,0,0
Twiggs,HIGGSVILLE,Appeals Court Judge, Dillard,,Write-in,1,0,0,1,0
Twiggs,JEFFERSONVILLE/WARE,Appeals Court Judge, Dillard,,Write-in,0,0,0,0,0
Twiggs,SHADY GROVE/TARVERS,Appeals Court Judge, Dillard,,Write-in,0,0,0,0,0
Twiggs,,Appeals Court Judge, Ellington,I,JOHN J. ELLINGTON,1621,106,1171,344,0
Twiggs,DRY BRANCH,Appeals Court Judge, Ellington,I,JOHN J. ELLINGTON,305,13,261,31,0
Twiggs,GOLDEN ISLES,Appeals Court Judge, Ellington,I,JOHN J. ELLINGTON,453,21,364,68,0
Twiggs,HIGGSVILLE,Appeals Court Judge, Ellington,I,JOHN J. ELLINGTON,211,4,152,55,0
Twiggs,JEFFERSONVILLE/WARE,Appeals Court Judge, Ellington,I,JOHN J. ELLINGTON,461,62,249,150,0
Twiggs,SHADY GROVE/TARVERS,Appeals Court Judge, Ellington,I,JOHN J. ELLINGTON,191,6,145,40,0
Twiggs,,Appeals Court Judge, Ellington,,Write-in,2,0,1,1,0
Twiggs,DRY BRANCH,Appeals Court Judge, Ellington,,Write-in,1,0,1,0,0
Twiggs,GOLDEN ISLES,Appeals Court Judge, Ellington,,Write-in,0,0,0,0,0
Twiggs,HIGGSVILLE,Appeals Court Judge, Ellington,,Write-in,1,0,0,1,0
Twiggs,JEFFERSONVILLE/WARE,Appeals Court Judge, Ellington,,Write-in,0,0,0,0,0
Twiggs,SHADY GROVE/TARVERS,Appeals Court Judge, Ellington,,Write-in,0,0,0,0,0
Twiggs,,Appeals Court Judge, Miller,,M. YVETTE MILLER ,1638,111,1177,350,0
Twiggs,DRY BRANCH,Appeals Court Judge, Miller,,M. YVETTE MILLER ,300,12,258,30,0
Twiggs,GOLDEN ISLES,Appeals Court Judge, Miller,,M. YVETTE MILLER ,467,22,374,71,0
Twiggs,HIGGSVILLE,Appeals Court Judge, Miller,,M. YVETTE MILLER ,208,4,149,55,0
Twiggs,JEFFERSONVILLE/WARE,Appeals Court Judge, Miller,,M. YVETTE MILLER ,465,65,251,149,0
Twiggs,SHADY GROVE/TARVERS,Appeals Court Judge, Miller,,M. YVETTE MILLER ,198,8,145,45,0
Twiggs,,Appeals Court Judge, Miller,,Write-in,2,0,1,1,0
Twiggs,DRY BRANCH,Appeals Court Judge, Miller,,Write-in,1,0,1,0,0
Twiggs,GOLDEN ISLES,Appeals Court Judge, Miller,,Write-in,0,0,0,0,0
Twiggs,HIGGSVILLE,Appeals Court Judge, Miller,,Write-in,1,0,0,1,0
Twiggs,JEFFERSONVILLE/WARE,Appeals Court Judge, Miller,,Write-in,0,0,0,0,0
Twiggs,SHADY GROVE/TARVERS,Appeals Court Judge, Miller,,Write-in,0,0,0,0,0
Twiggs,,Appeals Court Judge, Phipps,,HERBERT PHIPPS ,1615,101,1169,345,0
Twiggs,DRY BRANCH,Appeals Court Judge, Phipps,,HERBERT PHIPPS ,303,12,261,30,0
Twiggs,GOLDEN ISLES,Appeals Court Judge, Phipps,,HERBERT PHIPPS ,468,21,377,70,0
Twiggs,HIGGSVILLE,Appeals Court Judge, Phipps,,HERBERT PHIPPS ,202,4,143,55,0
Twiggs,JEFFERSONVILLE/WARE,Appeals Court Judge, Phipps,,HERBERT PHIPPS ,453,58,248,147,0
Twiggs,SHADY GROVE/TARVERS,Appeals Court Judge, Phipps,,HERBERT PHIPPS ,189,6,140,43,0
Twiggs,,Appeals Court Judge, Phipps,,Write-in,3,1,0,2,0
Twiggs,DRY BRANCH,Appeals Court Judge, Phipps,,Write-in,0,0,0,0,0
Twiggs,GOLDEN ISLES,Appeals Court Judge, Phipps,,Write-in,0,0,0,0,0
Twiggs,HIGGSVILLE,Appeals Court Judge, Phipps,,Write-in,1,0,0,1,0
Twiggs,JEFFERSONVILLE/WARE,Appeals Court Judge, Phipps,,Write-in,2,1,0,1,0
Twiggs,SHADY GROVE/TARVERS,Appeals Court Judge, Phipps,,Write-in,0,0,0,0,0
Twiggs,,Superior Court Judge, Dublin Circuit (Flanders),I,H. G. FLANDERS JR,1704,126,1198,380,0
Twiggs,DRY BRANCH,Superior Court Judge, Dublin Circuit (Flanders),I,H. G. FLANDERS JR,308,13,263,32,0
Twiggs,GOLDEN ISLES,Superior Court Judge, Dublin Circuit (Flanders),I,H. G. FLANDERS JR,468,22,374,72,0
Twiggs,HIGGSVILLE,Superior Court Judge, Dublin Circuit (Flanders),I,H. G. FLANDERS JR,226,6,159,61,0
Twiggs,JEFFERSONVILLE/WARE,Superior Court Judge, Dublin Circuit (Flanders),I,H. G. FLANDERS JR,500,79,255,166,0
Twiggs,SHADY GROVE/TARVERS,Superior Court Judge, Dublin Circuit (Flanders),I,H. G. FLANDERS JR,202,6,147,49,0
Twiggs,,Superior Court Judge, Dublin Circuit (Flanders),,Write-in,4,2,2,0,0
Twiggs,DRY BRANCH,Superior Court Judge, Dublin Circuit (Flanders),,Write-in,1,1,0,0,0
Twiggs,GOLDEN ISLES,Superior Court Judge, Dublin Circuit (Flanders),,Write-in,0,0,0,0,0
Twiggs,HIGGSVILLE,Superior Court Judge, Dublin Circuit (Flanders),,Write-in,1,0,1,0,0
Twiggs,JEFFERSONVILLE/WARE,Superior Court Judge, Dublin Circuit (Flanders),,Write-in,2,1,1,0,0
Twiggs,SHADY GROVE/TARVERS,Superior Court Judge, Dublin Circuit (Flanders),,Write-in,0,0,0,0,0
Twiggs,,Superior Court Judge, Dublin Circuit (Gillis),,DONALD W. GILLIS ,1647,107,1178,362,0
Twiggs,DRY BRANCH,Superior Court Judge, Dublin Circuit (Gillis),,DONALD W. GILLIS ,299,13,255,31,0
Twiggs,GOLDEN ISLES,Superior Court Judge, Dublin Circuit (Gillis),,DONALD W. GILLIS ,465,21,371,73,0
Twiggs,HIGGSVILLE,Superior Court Judge, Dublin Circuit (Gillis),,DONALD W. GILLIS ,215,4,153,58,0
Twiggs,JEFFERSONVILLE/WARE,Superior Court Judge, Dublin Circuit (Gillis),,DONALD W. GILLIS ,471,63,252,156,0
Twiggs,SHADY GROVE/TARVERS,Superior Court Judge, Dublin Circuit (Gillis),,DONALD W. GILLIS ,197,6,147,44,0
Twiggs,,Superior Court Judge, Dublin Circuit (Gillis),,Write-in,1,1,0,0,0
Twiggs,DRY BRANCH,Superior Court Judge, Dublin Circuit (Gillis),,Write-in,0,0,0,0,0
Twiggs,GOLDEN ISLES,Superior Court Judge, Dublin Circuit (Gillis),,Write-in,0,0,0,0,0
Twiggs,HIGGSVILLE,Superior Court Judge, Dublin Circuit (Gillis),,Write-in,0,0,0,0,0
Twiggs,JEFFERSONVILLE/WARE,Superior Court Judge, Dublin Circuit (Gillis),,Write-in,1,1,0,0,0
Twiggs,SHADY GROVE/TARVERS,Superior Court Judge, Dublin Circuit (Gillis),,Write-in,0,0,0,0,0
Twiggs,,Superior Court Judge, Dublin Circuit (Helton),,JON F. HELTON ,1194,60,851,283,0
Twiggs,DRY BRANCH,Superior Court Judge, Dublin Circuit (Helton),,JON F. HELTON ,242,11,204,27,0
Twiggs,GOLDEN ISLES,Superior Court Judge, Dublin Circuit (Helton),,JON F. HELTON ,272,13,210,49,0
Twiggs,HIGGSVILLE,Superior Court Judge, Dublin Circuit (Helton),,JON F. HELTON ,226,8,160,58,0
Twiggs,JEFFERSONVILLE/WARE,Superior Court Judge, Dublin Circuit (Helton),,JON F. HELTON ,292,18,172,102,0
Twiggs,SHADY GROVE/TARVERS,Superior Court Judge, Dublin Circuit (Helton),,JON F. HELTON ,162,10,105,47,0
Twiggs,,Superior Court Judge, Dublin Circuit (Helton),,HAROLD D. MCLENDON,1089,150,725,214,0
Twiggs,DRY BRANCH,Superior Court Judge, Dublin Circuit (Helton),,HAROLD D. MCLENDON,109,5,97,7,0
Twiggs,GOLDEN ISLES,Superior Court Judge, Dublin Circuit (Helton),,HAROLD D. MCLENDON,321,11,272,38,0
Twiggs,HIGGSVILLE,Superior Court Judge, Dublin Circuit (Helton),,HAROLD D. MCLENDON,97,5,67,25,0
Twiggs,JEFFERSONVILLE/WARE,Superior Court Judge, Dublin Circuit (Helton),,HAROLD D. MCLENDON,421,123,177,121,0
Twiggs,SHADY GROVE/TARVERS,Superior Court Judge, Dublin Circuit (Helton),,HAROLD D. MCLENDON,141,6,112,23,0
Twiggs,,Superior Court Judge, Dublin Circuit (Helton),,Write-in,2,0,1,1,0
Twiggs,DRY BRANCH,Superior Court Judge, Dublin Circuit (Helton),,Write-in,0,0,0,0,0
Twiggs,GOLDEN ISLES,Superior Court Judge, Dublin Circuit (Helton),,Write-in,1,0,0,1,0
Twiggs,HIGGSVILLE,Superior Court Judge, Dublin Circuit (Helton),,Write-in,0,0,0,0,0
Twiggs,JEFFERSONVILLE/WARE,Superior Court Judge, Dublin Circuit (Helton),,Write-in,1,0,1,0,0
Twiggs,SHADY GROVE/TARVERS,Superior Court Judge, Dublin Circuit (Helton),,Write-in,0,0,0,0,0
Twiggs,,TSPLOST,,,YES,1372,118,951,303,0
Twiggs,DRY BRANCH,TSPLOST,,,YES,193,7,162,24,0
Twiggs,GOLDEN ISLES,TSPLOST,,,YES,369,14,303,52,0
Twiggs,HIGGSVILLE,TSPLOST,,,YES,185,9,120,56,0
Twiggs,JEFFERSONVILLE/WARE,TSPLOST,,,YES,445,82,234,129,0
Twiggs,SHADY GROVE/TARVERS,TSPLOST,,,YES,180,6,132,42,0
Twiggs,,TSPLOST,,,NO,1114,93,802,219,0
Twiggs,DRY BRANCH,TSPLOST,,,NO,241,12,210,19,0
Twiggs,GOLDEN ISLES,TSPLOST,,,NO,294,17,230,47,0
Twiggs,HIGGSVILLE,TSPLOST,,,NO,164,4,128,32,0
Twiggs,JEFFERSONVILLE/WARE,TSPLOST,,,NO,270,50,126,94,0
Twiggs,SHADY GROVE/TARVERS,TSPLOST,,,NO,145,10,108,27,0
Twiggs,,CITY OF JEFFERSONVILLE SUNDAY ALCOHOL SALES,,,YES,222,55,102,65,0
Twiggs,JEFFERSONVILLE/WARE,CITY OF JEFFERSONVILLE SUNDAY ALCOHOL SALES,,,YES,222,55,102,65,0
Twiggs,,CITY OF JEFFERSONVILLE SUNDAY ALCOHOL SALES,,,NO,172,16,95,61,0
Twiggs,JEFFERSONVILLE/WARE,CITY OF JEFFERSONVILLE SUNDAY ALCOHOL SALES,,,NO,172,16,95,61,0
