county,precinct,office,district,party,candidate,votes,absentee_by_mail,election_day,advance_in_person,provisional
Jefferson,,"Public Service Commission, District 3",3,REP,CHUCK EATON (I),68,1,56,11,0
Jefferson,Stapleton Crossroads,"Public Service Commission, District 3",3,REP,CHUCK EATON (I),7,0,6,1,0
Jefferson,Matthews,"Public Service Commission, District 3",3,REP,CHUCK EATON (I),18,0,14,4,0
Jefferson,Wrens,"Public Service Commission, District 3",3,REP,CHUCK EATON (I),12,0,8,4,0
Jefferson,Louisville,"Public Service Commission, District 3",3,REP,CHUCK EATON (I),9,1,7,1,0
Jefferson,Wadley,"Public Service Commission, District 3",3,REP,CHUCK EATON (I),1,0,0,1,0
Jefferson,Bartow,"Public Service Commission, District 3",3,REP,CHUCK EATON (I),2,0,2,0,0
Jefferson,Stapleton,"Public Service Commission, District 3",3,REP,CHUCK EATON (I),12,0,12,0,0
Jefferson,Avera,"Public Service Commission, District 3",3,REP,CHUCK EATON (I),7,0,7,0,0
Jefferson,,"Public Service Commission, District 3",3,REP,MATT REID,33,0,27,6,0
Jefferson,Stapleton Crossroads,"Public Service Commission, District 3",3,REP,MATT REID,5,0,2,3,0
Jefferson,Matthews,"Public Service Commission, District 3",3,REP,MATT REID,4,0,4,0,0
Jefferson,Wrens,"Public Service Commission, District 3",3,REP,MATT REID,3,0,2,1,0
Jefferson,Louisville,"Public Service Commission, District 3",3,REP,MATT REID,5,0,3,2,0
Jefferson,Wadley,"Public Service Commission, District 3",3,REP,MATT REID,2,0,2,0,0
Jefferson,Bartow,"Public Service Commission, District 3",3,REP,MATT REID,1,0,1,0,0
Jefferson,Stapleton,"Public Service Commission, District 3",3,REP,MATT REID,12,0,12,0,0
Jefferson,Avera,"Public Service Commission, District 3",3,REP,MATT REID,1,0,1,0,0
Jefferson,,"Public Service Commission, District 3",3,DEM,STEPHEN OPPENHEIMER,2463,108,1595,755,5
Jefferson,Stapleton Crossroads,"Public Service Commission, District 3",3,DEM,STEPHEN OPPENHEIMER,106,2,79,25,0
Jefferson,Matthews,"Public Service Commission, District 3",3,DEM,STEPHEN OPPENHEIMER,116,0,101,13,2
Jefferson,Wrens,"Public Service Commission, District 3",3,DEM,STEPHEN OPPENHEIMER,554,15,474,64,1
Jefferson,Louisville,"Public Service Commission, District 3",3,DEM,STEPHEN OPPENHEIMER,1001,59,405,536,1
Jefferson,Wadley,"Public Service Commission, District 3",3,DEM,STEPHEN OPPENHEIMER,347,22,252,72,1
Jefferson,Bartow,"Public Service Commission, District 3",3,DEM,STEPHEN OPPENHEIMER,127,7,94,26,0
Jefferson,Stapleton,"Public Service Commission, District 3",3,DEM,STEPHEN OPPENHEIMER,116,2,102,12,0
Jefferson,Avera,"Public Service Commission, District 3",3,DEM,STEPHEN OPPENHEIMER,96,1,88,7,0
Jefferson,,"Public Service Commission, District 5",5,REP,PAM DAVIDSON,37,0,32,5,0
Jefferson,Stapleton Crossroads,"Public Service Commission, District 5",5,REP,PAM DAVIDSON,7,0,5,2,0
Jefferson,Matthews,"Public Service Commission, District 5",5,REP,PAM DAVIDSON,6,0,6,0,0
Jefferson,Wrens,"Public Service Commission, District 5",5,REP,PAM DAVIDSON,4,0,3,1,0
Jefferson,Louisville,"Public Service Commission, District 5",5,REP,PAM DAVIDSON,6,0,4,2,0
Jefferson,Wadley,"Public Service Commission, District 5",5,REP,PAM DAVIDSON,2,0,2,0,0
Jefferson,Bartow,"Public Service Commission, District 5",5,REP,PAM DAVIDSON,1,0,1,0,0
Jefferson,Stapleton,"Public Service Commission, District 5",5,REP,PAM DAVIDSON,11,0,11,0,0
Jefferson,Avera,"Public Service Commission, District 5",5,REP,PAM DAVIDSON,0,0,0,0,0
Jefferson,,"Public Service Commission, District 5",5,REP,STAN WISE (I),64,1,53,10,0
Jefferson,Stapleton Crossroads,"Public Service Commission, District 5",5,REP,STAN WISE (I),5,0,3,2,0
Jefferson,Matthews,"Public Service Commission, District 5",5,REP,STAN WISE (I),15,0,12,3,0
Jefferson,Wrens,"Public Service Commission, District 5",5,REP,STAN WISE (I),12,0,8,4,0
Jefferson,Louisville,"Public Service Commission, District 5",5,REP,STAN WISE (I),9,1,7,1,0
Jefferson,Wadley,"Public Service Commission, District 5",5,REP,STAN WISE (I),0,0,0,0,0
Jefferson,Bartow,"Public Service Commission, District 5",5,REP,STAN WISE (I),2,0,2,0,0
Jefferson,Stapleton,"Public Service Commission, District 5",5,REP,STAN WISE (I),13,0,13,0,0
Jefferson,Avera,"Public Service Commission, District 5",5,REP,STAN WISE (I),8,0,8,0,0
Jefferson,,"U.S. Representative, District 10",10,REP,PAUL C. BROUN (I),81,1,67,13,0
Jefferson,Stapleton Crossroads,"U.S. Representative, District 10",10,REP,PAUL C. BROUN (I),8,0,4,4,0
Jefferson,Matthews,"U.S. Representative, District 10",10,REP,PAUL C. BROUN (I),16,0,12,4,0
Jefferson,Wrens,"U.S. Representative, District 10",10,REP,PAUL C. BROUN (I),15,0,11,4,0
Jefferson,Louisville,"U.S. Representative, District 10",10,REP,PAUL C. BROUN (I),11,1,9,1,0
Jefferson,Wadley,"U.S. Representative, District 10",10,REP,PAUL C. BROUN (I),0,0,0,0,0
Jefferson,Bartow,"U.S. Representative, District 10",10,REP,PAUL C. BROUN (I),2,0,2,0,0
Jefferson,Stapleton,"U.S. Representative, District 10",10,REP,PAUL C. BROUN (I),21,0,21,0,0
Jefferson,Avera,"U.S. Representative, District 10",10,REP,PAUL C. BROUN (I),8,0,8,0,0
Jefferson,,"U.S. Representative, District 10",10,REP,STEPHEN K. SIMPSON,24,0,21,3,0
Jefferson,Stapleton Crossroads,"U.S. Representative, District 10",10,REP,STEPHEN K. SIMPSON,4,0,4,0,0
Jefferson,Matthews,"U.S. Representative, District 10",10,REP,STEPHEN K. SIMPSON,7,0,7,0,0
Jefferson,Wrens,"U.S. Representative, District 10",10,REP,STEPHEN K. SIMPSON,2,0,1,1,0
Jefferson,Louisville,"U.S. Representative, District 10",10,REP,STEPHEN K. SIMPSON,4,0,2,2,0
Jefferson,Wadley,"U.S. Representative, District 10",10,REP,STEPHEN K. SIMPSON,2,0,2,0,0
Jefferson,Bartow,"U.S. Representative, District 10",10,REP,STEPHEN K. SIMPSON,1,0,1,0,0
Jefferson,Stapleton,"U.S. Representative, District 10",10,REP,STEPHEN K. SIMPSON,4,0,4,0,0
Jefferson,Avera,"U.S. Representative, District 10",10,REP,STEPHEN K. SIMPSON,0,0,0,0,0
Jefferson,,"State Senator, District 23",23,REP,JESSE STONE (I),91,1,77,13,0
Jefferson,Stapleton Crossroads,"State Senator, District 23",23,REP,JESSE STONE (I),11,0,7,4,0
Jefferson,Matthews,"State Senator, District 23",23,REP,JESSE STONE (I),21,0,18,3,0
Jefferson,Wrens,"State Senator, District 23",23,REP,JESSE STONE (I),13,0,10,3,0
Jefferson,Louisville,"State Senator, District 23",23,REP,JESSE STONE (I),14,1,10,3,0
Jefferson,Wadley,"State Senator, District 23",23,REP,JESSE STONE (I),1,0,1,0,0
Jefferson,Bartow,"State Senator, District 23",23,REP,JESSE STONE (I),3,0,3,0,0
Jefferson,Stapleton,"State Senator, District 23",23,REP,JESSE STONE (I),20,0,20,0,0
Jefferson,Avera,"State Senator, District 23",23,REP,JESSE STONE (I),8,0,8,0,0
Jefferson,,"State Senator, District 23",23,DEM,ROBERT INGHAM,2432,108,1583,736,5
Jefferson,Stapleton Crossroads,"State Senator, District 23",23,DEM,ROBERT INGHAM,104,2,78,24,0
Jefferson,Matthews,"State Senator, District 23",23,DEM,ROBERT INGHAM,118,0,102,14,2
Jefferson,Wrens,"State Senator, District 23",23,DEM,ROBERT INGHAM,546,16,468,61,1
Jefferson,Louisville,"State Senator, District 23",23,DEM,ROBERT INGHAM,1004,60,418,525,1
Jefferson,Wadley,"State Senator, District 23",23,DEM,ROBERT INGHAM,338,22,246,69,1
Jefferson,Bartow,"State Senator, District 23",23,DEM,ROBERT INGHAM,117,5,86,26,0
Jefferson,Stapleton,"State Senator, District 23",23,DEM,ROBERT INGHAM,116,2,103,11,0
Jefferson,Avera,"State Senator, District 23",23,DEM,ROBERT INGHAM,89,1,82,6,0
Jefferson,,"State Representative, District 127",127,DEM,QUINCY MURPHY (I),2136,79,1347,706,4
Jefferson,Stapleton Crossroads,"State Representative, District 127",127,DEM,QUINCY MURPHY (I),109,2,82,25,0
Jefferson,Matthews,"State Representative, District 127",127,DEM,QUINCY MURPHY (I),122,0,104,16,2
Jefferson,Wrens,"State Representative, District 127",127,DEM,QUINCY MURPHY (I),601,16,509,75,1
Jefferson,Louisville,"State Representative, District 127",127,DEM,QUINCY MURPHY (I),1087,58,453,575,1
Jefferson,Stapleton,"State Representative, District 127",127,DEM,QUINCY MURPHY (I),116,2,106,8,0
Jefferson,Avera,"State Representative, District 127",127,DEM,QUINCY MURPHY (I),101,1,93,7,0
Jefferson,,"State Representative, District 128",128,DEM,MACK JACKSON (I),586,56,416,113,1
Jefferson,Wadley,"State Representative, District 128",128,DEM,MACK JACKSON (I),442,48,312,81,1
Jefferson,Bartow,"State Representative, District 128",128,DEM,MACK JACKSON (I),144,8,104,32,0
Jefferson,,"District Attorney, Middle Circuit", Middle Circuit - DEM,DEM,HAYWARD ALTMAN,2614,116,1672,821,5
Jefferson,Stapleton Crossroads,"District Attorney, Middle Circuit", Middle Circuit - DEM,DEM,HAYWARD ALTMAN,109,2,83,24,0
Jefferson,Matthews,"District Attorney, Middle Circuit", Middle Circuit - DEM,DEM,HAYWARD ALTMAN,120,0,104,14,2
Jefferson,Wrens,"District Attorney, Middle Circuit", Middle Circuit - DEM,DEM,HAYWARD ALTMAN,569,16,486,66,1
Jefferson,Louisville,"District Attorney, Middle Circuit", Middle Circuit - DEM,DEM,HAYWARD ALTMAN,1071,60,428,582,1
Jefferson,Wadley,"District Attorney, Middle Circuit", Middle Circuit - DEM,DEM,HAYWARD ALTMAN,405,29,289,86,1
Jefferson,Bartow,"District Attorney, Middle Circuit", Middle Circuit - DEM,DEM,HAYWARD ALTMAN,129,6,93,30,0
Jefferson,Stapleton,"District Attorney, Middle Circuit", Middle Circuit - DEM,DEM,HAYWARD ALTMAN,119,2,104,13,0
Jefferson,Avera,"District Attorney, Middle Circuit", Middle Circuit - DEM,DEM,HAYWARD ALTMAN,92,1,85,6,0
Jefferson,,Probate Judge,,,ASHOLYN P. LAMPP ,2847,117,1811,914,5
Jefferson,Stapleton Crossroads,Probate Judge,,,ASHOLYN P. LAMPP ,118,2,90,26,0
Jefferson,Matthews,Probate Judge,,,ASHOLYN P. LAMPP ,138,0,117,19,2
Jefferson,Wrens,Probate Judge,,,ASHOLYN P. LAMPP ,591,16,503,71,1
Jefferson,Louisville,Probate Judge,,,ASHOLYN P. LAMPP ,1159,62,454,642,1
Jefferson,Wadley,Probate Judge,,,ASHOLYN P. LAMPP ,438,27,309,101,1
Jefferson,Bartow,Probate Judge,,,ASHOLYN P. LAMPP ,155,7,115,33,0
Jefferson,Stapleton,Probate Judge,,,ASHOLYN P. LAMPP ,137,2,122,13,0
Jefferson,Avera,Probate Judge,,,ASHOLYN P. LAMPP ,111,1,101,9,0
Jefferson,,Superior Court Clerk,,,ANNE DURDEN,1985,95,1325,563,2
Jefferson,Stapleton Crossroads,Superior Court Clerk,,,ANNE DURDEN,81,1,63,17,0
Jefferson,Matthews,Superior Court Clerk,,,ANNE DURDEN,92,0,79,12,1
Jefferson,Wrens,Superior Court Clerk,,,ANNE DURDEN,461,13,397,51,0
Jefferson,Louisville,Superior Court Clerk,,,ANNE DURDEN,706,33,294,378,1
Jefferson,Wadley,Superior Court Clerk,,,ANNE DURDEN,337,38,236,63,0
Jefferson,Bartow,Superior Court Clerk,,,ANNE DURDEN,144,7,108,29,0
Jefferson,Stapleton,Superior Court Clerk,,,ANNE DURDEN,96,2,86,8,0
Jefferson,Avera,Superior Court Clerk,,,ANNE DURDEN,68,1,62,5,0
Jefferson,,Superior Court Clerk,,,AMY WILCHER HOWARD,1352,51,891,408,2
Jefferson,Stapleton Crossroads,Superior Court Clerk,,,AMY WILCHER HOWARD,60,2,46,12,0
Jefferson,Matthews,Superior Court Clerk,,,AMY WILCHER HOWARD,79,0,68,10,1
Jefferson,Wrens,Superior Court Clerk,,,AMY WILCHER HOWARD,302,3,256,42,1
Jefferson,Louisville,Superior Court Clerk,,,AMY WILCHER HOWARD,521,20,216,285,0
Jefferson,Wadley,Superior Court Clerk,,,AMY WILCHER HOWARD,193,26,129,38,0
Jefferson,Bartow,Superior Court Clerk,,,AMY WILCHER HOWARD,45,0,35,10,0
Jefferson,Stapleton,Superior Court Clerk,,,AMY WILCHER HOWARD,77,0,70,7,0
Jefferson,Avera,Superior Court Clerk,,,AMY WILCHER HOWARD,75,0,71,4,0
Jefferson,,Superior Court Clerk,,,"RICHARD ""RICKY"" SAPP",880,41,554,283,2
Jefferson,Stapleton Crossroads,Superior Court Clerk,,,"RICHARD ""RICKY"" SAPP",21,0,18,3,0
Jefferson,Matthews,Superior Court Clerk,,,"RICHARD ""RICKY"" SAPP",16,0,16,0,0
Jefferson,Wrens,Superior Court Clerk,,,"RICHARD ""RICKY"" SAPP",129,3,111,15,0
Jefferson,Louisville,Superior Court Clerk,,,"RICHARD ""RICKY"" SAPP",482,25,230,226,1
Jefferson,Wadley,Superior Court Clerk,,,"RICHARD ""RICKY"" SAPP",153,10,109,33,1
Jefferson,Bartow,Superior Court Clerk,,,"RICHARD ""RICKY"" SAPP",39,3,32,4,0
Jefferson,Stapleton,Superior Court Clerk,,,"RICHARD ""RICKY"" SAPP",23,0,23,0,0
Jefferson,Avera,Superior Court Clerk,,,"RICHARD ""RICKY"" SAPP",17,0,15,2,0
Jefferson,,Sheriff,,,CHARLES HUTCHINS ,3400,156,2173,1065,6
Jefferson,Stapleton Crossroads,Sheriff,,,CHARLES HUTCHINS ,129,4,99,26,0
Jefferson,Matthews,Sheriff,,,CHARLES HUTCHINS ,156,0,135,19,2
Jefferson,Wrens,Sheriff,,,CHARLES HUTCHINS ,695,11,585,98,1
Jefferson,Louisville,Sheriff,,,CHARLES HUTCHINS ,1325,66,523,735,1
Jefferson,Wadley,Sheriff,,,CHARLES HUTCHINS ,595,71,399,124,1
Jefferson,Bartow,Sheriff,,,CHARLES HUTCHINS ,167,2,126,39,0
Jefferson,Stapleton,Sheriff,,,CHARLES HUTCHINS ,179,1,163,14,1
Jefferson,Avera,Sheriff,,,CHARLES HUTCHINS ,154,1,143,10,0
Jefferson,,Sheriff,,,JOHNNY NELSON,1062,42,786,234,0
Jefferson,Stapleton Crossroads,Sheriff,,,JOHNNY NELSON,40,0,33,7,0
Jefferson,Matthews,Sheriff,,,JOHNNY NELSON,40,0,36,4,0
Jefferson,Wrens,Sheriff,,,JOHNNY NELSON,260,8,232,20,0
Jefferson,Louisville,Sheriff,,,JOHNNY NELSON,455,15,264,176,0
Jefferson,Wadley,Sheriff,,,JOHNNY NELSON,145,10,118,17,0
Jefferson,Bartow,Sheriff,,,JOHNNY NELSON,69,8,54,7,0
Jefferson,Stapleton,Sheriff,,,JOHNNY NELSON,40,1,37,2,0
Jefferson,Avera,Sheriff,,,JOHNNY NELSON,13,0,12,1,0
Jefferson,,Tax Commissioner,,,JOHN BRENT DYE,1337,42,853,441,1
Jefferson,Stapleton Crossroads,Tax Commissioner,,,JOHN BRENT DYE,50,0,40,10,0
Jefferson,Matthews,Tax Commissioner,,,JOHN BRENT DYE,79,0,64,14,1
Jefferson,Wrens,Tax Commissioner,,,JOHN BRENT DYE,333,6,287,40,0
Jefferson,Louisville,Tax Commissioner,,,JOHN BRENT DYE,492,25,172,295,0
Jefferson,Wadley,Tax Commissioner,,,JOHN BRENT DYE,188,9,127,52,0
Jefferson,Bartow,Tax Commissioner,,,JOHN BRENT DYE,68,0,48,20,0
Jefferson,Stapleton,Tax Commissioner,,,JOHN BRENT DYE,62,1,54,7,0
Jefferson,Avera,Tax Commissioner,,,JOHN BRENT DYE,65,1,61,3,0
Jefferson,,Tax Commissioner,,,NANCY W. MCGRAW,2144,74,1429,637,4
Jefferson,Stapleton Crossroads,Tax Commissioner,,,NANCY W. MCGRAW,77,4,60,13,0
Jefferson,Matthews,Tax Commissioner,,,NANCY W. MCGRAW,95,0,86,9,0
Jefferson,Wrens,Tax Commissioner,,,NANCY W. MCGRAW,444,11,376,56,1
Jefferson,Louisville,Tax Commissioner,,,NANCY W. MCGRAW,896,41,397,457,1
Jefferson,Wadley,Tax Commissioner,,,NANCY W. MCGRAW,314,14,231,68,1
Jefferson,Bartow,Tax Commissioner,,,NANCY W. MCGRAW,113,4,90,19,0
Jefferson,Stapleton,Tax Commissioner,,,NANCY W. MCGRAW,121,0,111,9,1
Jefferson,Avera,Tax Commissioner,,,NANCY W. MCGRAW,84,0,78,6,0
Jefferson,,Tax Commissioner,,,ALBERT YOUNG,922,81,632,207,2
Jefferson,Stapleton Crossroads,Tax Commissioner,,,ALBERT YOUNG,41,0,31,10,0
Jefferson,Matthews,Tax Commissioner,,,ALBERT YOUNG,18,0,17,0,1
Jefferson,Wrens,Tax Commissioner,,,ALBERT YOUNG,150,2,133,15,0
Jefferson,Louisville,Tax Commissioner,,,ALBERT YOUNG,382,14,212,155,1
Jefferson,Wadley,Tax Commissioner,,,ALBERT YOUNG,233,58,156,19,0
Jefferson,Bartow,Tax Commissioner,,,ALBERT YOUNG,54,6,41,7,0
Jefferson,Stapleton,Tax Commissioner,,,ALBERT YOUNG,31,1,30,0,0
Jefferson,Avera,Tax Commissioner,,,ALBERT YOUNG,13,0,12,1,0
Jefferson,,Coroner,,,EDWARD C. JAMES ,2762,115,1983,658,6
Jefferson,Stapleton Crossroads,Coroner,,,EDWARD C. JAMES ,130,3,105,22,0
Jefferson,Matthews,Coroner,,,EDWARD C. JAMES ,172,0,150,20,2
Jefferson,Wrens,Coroner,,,EDWARD C. JAMES ,807,13,699,94,1
Jefferson,Louisville,Coroner,,,EDWARD C. JAMES ,777,31,355,390,1
Jefferson,Wadley,Coroner,,,EDWARD C. JAMES ,437,59,297,80,1
Jefferson,Bartow,Coroner,,,EDWARD C. JAMES ,112,6,79,27,0
Jefferson,Stapleton,Coroner,,,EDWARD C. JAMES ,182,2,164,15,1
Jefferson,Avera,Coroner,,,EDWARD C. JAMES ,145,1,134,10,0
Jefferson,,Coroner,,,JERRY LEE TAYLOR,1516,74,838,604,0
Jefferson,Stapleton Crossroads,Coroner,,,JERRY LEE TAYLOR,36,1,24,11,0
Jefferson,Matthews,Coroner,,,JERRY LEE TAYLOR,19,0,16,3,0
Jefferson,Wrens,Coroner,,,JERRY LEE TAYLOR,125,6,101,18,0
Jefferson,Louisville,Coroner,,,JERRY LEE TAYLOR,921,47,380,494,0
Jefferson,Wadley,Coroner,,,JERRY LEE TAYLOR,252,17,179,56,0
Jefferson,Bartow,Coroner,,,JERRY LEE TAYLOR,112,3,90,19,0
Jefferson,Stapleton,Coroner,,,JERRY LEE TAYLOR,29,0,28,1,0
Jefferson,Avera,Coroner,,,JERRY LEE TAYLOR,22,0,20,2,0
Jefferson,,Solicitor,,,H. BRANNEN BARGERON,2075,131,1265,676,3
Jefferson,Stapleton Crossroads,Solicitor,,,H. BRANNEN BARGERON,67,3,44,20,0
Jefferson,Matthews,Solicitor,,,H. BRANNEN BARGERON,51,0,43,7,1
Jefferson,Wrens,Solicitor,,,H. BRANNEN BARGERON,274,12,220,42,0
Jefferson,Louisville,Solicitor,,,H. BRANNEN BARGERON,947,52,417,477,1
Jefferson,Wadley,Solicitor,,,H. BRANNEN BARGERON,484,54,334,95,1
Jefferson,Bartow,Solicitor,,,H. BRANNEN BARGERON,131,8,105,18,0
Jefferson,Stapleton,Solicitor,,,H. BRANNEN BARGERON,62,1,51,10,0
Jefferson,Avera,Solicitor,,,H. BRANNEN BARGERON,59,1,51,7,0
Jefferson,,Solicitor,,,DALTON D. DOWDY,2057,56,1444,554,3
Jefferson,Stapleton Crossroads,Solicitor,,,DALTON D. DOWDY,86,1,73,12,0
Jefferson,Matthews,Solicitor,,,DALTON D. DOWDY,136,0,119,16,1
Jefferson,Wrens,Solicitor,,,DALTON D. DOWDY,616,7,541,67,1
Jefferson,Louisville,Solicitor,,,DALTON D. DOWDY,702,25,295,382,0
Jefferson,Wadley,Solicitor,,,DALTON D. DOWDY,200,20,137,43,0
Jefferson,Bartow,Solicitor,,,DALTON D. DOWDY,79,2,53,24,0
Jefferson,Stapleton,Solicitor,,,DALTON D. DOWDY,139,1,131,6,1
Jefferson,Avera,Solicitor,,,DALTON D. DOWDY,99,0,95,4,0
Jefferson,,County Comm Chair,,,MITCHELL MCGRAW,2323,113,1570,634,6
Jefferson,Stapleton Crossroads,County Comm Chair,,,MITCHELL MCGRAW,92,3,68,21,0
Jefferson,Matthews,County Comm Chair,,,MITCHELL MCGRAW,99,0,87,10,2
Jefferson,Wrens,County Comm Chair,,,MITCHELL MCGRAW,513,15,442,55,1
Jefferson,Louisville,County Comm Chair,,,MITCHELL MCGRAW,922,25,442,454,1
Jefferson,Wadley,County Comm Chair,,,MITCHELL MCGRAW,398,64,264,69,1
Jefferson,Bartow,County Comm Chair,,,MITCHELL MCGRAW,79,5,60,14,0
Jefferson,Stapleton,County Comm Chair,,,MITCHELL MCGRAW,126,1,119,5,1
Jefferson,Avera,County Comm Chair,,,MITCHELL MCGRAW,94,0,88,6,0
Jefferson,,County Comm Chair,,,DWAYNE MORRIS,531,12,391,128,0
Jefferson,Stapleton Crossroads,County Comm Chair,,,DWAYNE MORRIS,7,0,5,2,0
Jefferson,Matthews,County Comm Chair,,,DWAYNE MORRIS,21,0,18,3,0
Jefferson,Wrens,County Comm Chair,,,DWAYNE MORRIS,104,1,85,18,0
Jefferson,Louisville,County Comm Chair,,,DWAYNE MORRIS,185,8,102,75,0
Jefferson,Wadley,County Comm Chair,,,DWAYNE MORRIS,104,0,85,19,0
Jefferson,Bartow,County Comm Chair,,,DWAYNE MORRIS,83,3,69,11,0
Jefferson,Stapleton,County Comm Chair,,,DWAYNE MORRIS,14,0,14,0,0
Jefferson,Avera,County Comm Chair,,,DWAYNE MORRIS,13,0,13,0,0
Jefferson,,County Comm Chair,,,WILLIAM W. RABUN ,1527,71,933,522,1
Jefferson,Stapleton Crossroads,County Comm Chair,,,WILLIAM W. RABUN ,73,1,61,11,0
Jefferson,Matthews,County Comm Chair,,,WILLIAM W. RABUN ,71,0,61,10,0
Jefferson,Wrens,County Comm Chair,,,WILLIAM W. RABUN ,297,3,256,38,0
Jefferson,Louisville,County Comm Chair,,,WILLIAM W. RABUN ,656,47,233,375,1
Jefferson,Wadley,County Comm Chair,,,WILLIAM W. RABUN ,224,16,158,50,0
Jefferson,Bartow,County Comm Chair,,,WILLIAM W. RABUN ,73,2,50,21,0
Jefferson,Stapleton,County Comm Chair,,,WILLIAM W. RABUN ,76,1,64,11,0
Jefferson,Avera,County Comm Chair,,,WILLIAM W. RABUN ,57,1,50,6,0
Jefferson,,County Comm 2,,,JOHNNY DAVIS ,643,21,404,216,2
Jefferson,Matthews,County Comm 2,,,JOHNNY DAVIS ,77,0,69,7,1
Jefferson,Wrens,County Comm 2,,,JOHNNY DAVIS ,150,5,127,17,1
Jefferson,Louisville,County Comm 2,,,JOHNNY DAVIS ,416,16,208,192,0
Jefferson,,County Comm 2,,,CHARLES WASHINGTON,387,15,246,126,0
Jefferson,Matthews,County Comm 2,,,CHARLES WASHINGTON,22,0,19,3,0
Jefferson,Wrens,County Comm 2,,,CHARLES WASHINGTON,130,3,114,13,0
Jefferson,Louisville,County Comm 2,,,CHARLES WASHINGTON,235,12,113,110,0
Jefferson,,County Comm 4,,,H.G. TOMMY NEW ,896,45,412,439,0
Jefferson,Stapleton Crossroads,County Comm 4,,,H.G. TOMMY NEW ,123,4,95,24,0
Jefferson,Wrens,County Comm 4,,,H.G. TOMMY NEW ,32,2,20,10,0
Jefferson,Louisville,County Comm 4,,,H.G. TOMMY NEW ,741,39,297,405,0
Jefferson,,Republican Party Question 1<br>Should Georgia have casino gambling with funds going to education?,,REP,YES,48,0,40,8,0
Jefferson,Stapleton Crossroads,Republican Party Question 1<br>Should Georgia have casino gambling with funds going to education?,,REP,YES,8,0,5,3,0
Jefferson,Matthews,Republican Party Question 1<br>Should Georgia have casino gambling with funds going to education?,,REP,YES,11,0,9,2,0
Jefferson,Wrens,Republican Party Question 1<br>Should Georgia have casino gambling with funds going to education?,,REP,YES,4,0,4,0,0
Jefferson,Louisville,Republican Party Question 1<br>Should Georgia have casino gambling with funds going to education?,,REP,YES,9,0,6,3,0
Jefferson,Wadley,Republican Party Question 1<br>Should Georgia have casino gambling with funds going to education?,,REP,YES,0,0,0,0,0
Jefferson,Bartow,Republican Party Question 1<br>Should Georgia have casino gambling with funds going to education?,,REP,YES,1,0,1,0,0
Jefferson,Stapleton,Republican Party Question 1<br>Should Georgia have casino gambling with funds going to education?,,REP,YES,12,0,12,0,0
Jefferson,Avera,Republican Party Question 1<br>Should Georgia have casino gambling with funds going to education?,,REP,YES,3,0,3,0,0
Jefferson,,Republican Party Question 1<br>Should Georgia have casino gambling with funds going to education?,,REP,NO,59,1,49,9,0
Jefferson,Stapleton Crossroads,Republican Party Question 1<br>Should Georgia have casino gambling with funds going to education?,,REP,NO,4,0,3,1,0
Jefferson,Matthews,Republican Party Question 1<br>Should Georgia have casino gambling with funds going to education?,,REP,NO,11,0,9,2,0
Jefferson,Wrens,Republican Party Question 1<br>Should Georgia have casino gambling with funds going to education?,,REP,NO,13,0,8,5,0
Jefferson,Louisville,Republican Party Question 1<br>Should Georgia have casino gambling with funds going to education?,,REP,NO,7,1,6,0,0
Jefferson,Wadley,Republican Party Question 1<br>Should Georgia have casino gambling with funds going to education?,,REP,NO,3,0,2,1,0
Jefferson,Bartow,Republican Party Question 1<br>Should Georgia have casino gambling with funds going to education?,,REP,NO,3,0,3,0,0
Jefferson,Stapleton,Republican Party Question 1<br>Should Georgia have casino gambling with funds going to education?,,REP,NO,13,0,13,0,0
Jefferson,Avera,Republican Party Question 1<br>Should Georgia have casino gambling with funds going to education?,,REP,NO,5,0,5,0,0
Jefferson,,Republican Party Question 2<br>Do you support ending the current practice of unlimited gifts from lobbyists to state legislators by imposing a $100 cap on such gifts?,,REP,YES,82,1,66,15,0
Jefferson,Stapleton Crossroads,Republican Party Question 2<br>Do you support ending the current practice of unlimited gifts from lobbyists to state legislators by imposing a $100 cap on such gifts?,,REP,YES,10,0,6,4,0
Jefferson,Matthews,Republican Party Question 2<br>Do you support ending the current practice of unlimited gifts from lobbyists to state legislators by imposing a $100 cap on such gifts?,,REP,YES,14,0,10,4,0
Jefferson,Wrens,Republican Party Question 2<br>Do you support ending the current practice of unlimited gifts from lobbyists to state legislators by imposing a $100 cap on such gifts?,,REP,YES,16,0,11,5,0
Jefferson,Louisville,Republican Party Question 2<br>Do you support ending the current practice of unlimited gifts from lobbyists to state legislators by imposing a $100 cap on such gifts?,,REP,YES,12,1,10,1,0
Jefferson,Wadley,Republican Party Question 2<br>Do you support ending the current practice of unlimited gifts from lobbyists to state legislators by imposing a $100 cap on such gifts?,,REP,YES,3,0,2,1,0
Jefferson,Bartow,Republican Party Question 2<br>Do you support ending the current practice of unlimited gifts from lobbyists to state legislators by imposing a $100 cap on such gifts?,,REP,YES,3,0,3,0,0
Jefferson,Stapleton,Republican Party Question 2<br>Do you support ending the current practice of unlimited gifts from lobbyists to state legislators by imposing a $100 cap on such gifts?,,REP,YES,17,0,17,0,0
Jefferson,Avera,Republican Party Question 2<br>Do you support ending the current practice of unlimited gifts from lobbyists to state legislators by imposing a $100 cap on such gifts?,,REP,YES,7,0,7,0,0
Jefferson,,Republican Party Question 2<br>Do you support ending the current practice of unlimited gifts from lobbyists to state legislators by imposing a $100 cap on such gifts?,,REP,NO,24,0,22,2,0
Jefferson,Stapleton Crossroads,Republican Party Question 2<br>Do you support ending the current practice of unlimited gifts from lobbyists to state legislators by imposing a $100 cap on such gifts?,,REP,NO,2,0,2,0,0
Jefferson,Matthews,Republican Party Question 2<br>Do you support ending the current practice of unlimited gifts from lobbyists to state legislators by imposing a $100 cap on such gifts?,,REP,NO,7,0,7,0,0
Jefferson,Wrens,Republican Party Question 2<br>Do you support ending the current practice of unlimited gifts from lobbyists to state legislators by imposing a $100 cap on such gifts?,,REP,NO,1,0,1,0,0
Jefferson,Louisville,Republican Party Question 2<br>Do you support ending the current practice of unlimited gifts from lobbyists to state legislators by imposing a $100 cap on such gifts?,,REP,NO,4,0,2,2,0
Jefferson,Wadley,Republican Party Question 2<br>Do you support ending the current practice of unlimited gifts from lobbyists to state legislators by imposing a $100 cap on such gifts?,,REP,NO,0,0,0,0,0
Jefferson,Bartow,Republican Party Question 2<br>Do you support ending the current practice of unlimited gifts from lobbyists to state legislators by imposing a $100 cap on such gifts?,,REP,NO,1,0,1,0,0
Jefferson,Stapleton,Republican Party Question 2<br>Do you support ending the current practice of unlimited gifts from lobbyists to state legislators by imposing a $100 cap on such gifts?,,REP,NO,8,0,8,0,0
Jefferson,Avera,Republican Party Question 2<br>Do you support ending the current practice of unlimited gifts from lobbyists to state legislators by imposing a $100 cap on such gifts?,,REP,NO,1,0,1,0,0
Jefferson,,Republican Party Question 3<br>Should active duty military personnel who are under the age of 21 be allowed to obtain a Georgia weapons license?,,REP,YES,65,0,58,7,0
Jefferson,Stapleton Crossroads,Republican Party Question 3<br>Should active duty military personnel who are under the age of 21 be allowed to obtain a Georgia weapons license?,,REP,YES,7,0,6,1,0
Jefferson,Matthews,Republican Party Question 3<br>Should active duty military personnel who are under the age of 21 be allowed to obtain a Georgia weapons license?,,REP,YES,10,0,8,2,0
Jefferson,Wrens,Republican Party Question 3<br>Should active duty military personnel who are under the age of 21 be allowed to obtain a Georgia weapons license?,,REP,YES,11,0,10,1,0
Jefferson,Louisville,Republican Party Question 3<br>Should active duty military personnel who are under the age of 21 be allowed to obtain a Georgia weapons license?,,REP,YES,11,0,8,3,0
Jefferson,Wadley,Republican Party Question 3<br>Should active duty military personnel who are under the age of 21 be allowed to obtain a Georgia weapons license?,,REP,YES,0,0,0,0,0
Jefferson,Bartow,Republican Party Question 3<br>Should active duty military personnel who are under the age of 21 be allowed to obtain a Georgia weapons license?,,REP,YES,3,0,3,0,0
Jefferson,Stapleton,Republican Party Question 3<br>Should active duty military personnel who are under the age of 21 be allowed to obtain a Georgia weapons license?,,REP,YES,17,0,17,0,0
Jefferson,Avera,Republican Party Question 3<br>Should active duty military personnel who are under the age of 21 be allowed to obtain a Georgia weapons license?,,REP,YES,6,0,6,0,0
Jefferson,,Republican Party Question 3<br>Should active duty military personnel who are under the age of 21 be allowed to obtain a Georgia weapons license?,,REP,NO,41,1,31,9,0
Jefferson,Stapleton Crossroads,Republican Party Question 3<br>Should active duty military personnel who are under the age of 21 be allowed to obtain a Georgia weapons license?,,REP,NO,5,0,2,3,0
Jefferson,Matthews,Republican Party Question 3<br>Should active duty military personnel who are under the age of 21 be allowed to obtain a Georgia weapons license?,,REP,NO,12,0,10,2,0
Jefferson,Wrens,Republican Party Question 3<br>Should active duty military personnel who are under the age of 21 be allowed to obtain a Georgia weapons license?,,REP,NO,6,0,2,4,0
Jefferson,Louisville,Republican Party Question 3<br>Should active duty military personnel who are under the age of 21 be allowed to obtain a Georgia weapons license?,,REP,NO,5,1,4,0,0
Jefferson,Wadley,Republican Party Question 3<br>Should active duty military personnel who are under the age of 21 be allowed to obtain a Georgia weapons license?,,REP,NO,2,0,2,0,0
Jefferson,Bartow,Republican Party Question 3<br>Should active duty military personnel who are under the age of 21 be allowed to obtain a Georgia weapons license?,,REP,NO,1,0,1,0,0
Jefferson,Stapleton,Republican Party Question 3<br>Should active duty military personnel who are under the age of 21 be allowed to obtain a Georgia weapons license?,,REP,NO,8,0,8,0,0
Jefferson,Avera,Republican Party Question 3<br>Should active duty military personnel who are under the age of 21 be allowed to obtain a Georgia weapons license?,,REP,NO,2,0,2,0,0
Jefferson,,Republican Party Question 4<br>Should Citizens who wish to vote in a primary election be required to register by their political party affiliation at least thirty (30) days prior to such primary election?,,REP,YES,46,0,43,3,0
Jefferson,Stapleton Crossroads,Republican Party Question 4<br>Should Citizens who wish to vote in a primary election be required to register by their political party affiliation at least thirty (30) days prior to such primary election?,,REP,YES,2,0,1,1,0
Jefferson,Matthews,Republican Party Question 4<br>Should Citizens who wish to vote in a primary election be required to register by their political party affiliation at least thirty (30) days prior to such primary election?,,REP,YES,5,0,5,0,0
Jefferson,Wrens,Republican Party Question 4<br>Should Citizens who wish to vote in a primary election be required to register by their political party affiliation at least thirty (30) days prior to such primary election?,,REP,YES,8,0,7,1,0
Jefferson,Louisville,Republican Party Question 4<br>Should Citizens who wish to vote in a primary election be required to register by their political party affiliation at least thirty (30) days prior to such primary election?,,REP,YES,7,0,6,1,0
Jefferson,Wadley,Republican Party Question 4<br>Should Citizens who wish to vote in a primary election be required to register by their political party affiliation at least thirty (30) days prior to such primary election?,,REP,YES,2,0,2,0,0
Jefferson,Bartow,Republican Party Question 4<br>Should Citizens who wish to vote in a primary election be required to register by their political party affiliation at least thirty (30) days prior to such primary election?,,REP,YES,1,0,1,0,0
Jefferson,Stapleton,Republican Party Question 4<br>Should Citizens who wish to vote in a primary election be required to register by their political party affiliation at least thirty (30) days prior to such primary election?,,REP,YES,17,0,17,0,0
Jefferson,Avera,Republican Party Question 4<br>Should Citizens who wish to vote in a primary election be required to register by their political party affiliation at least thirty (30) days prior to such primary election?,,REP,YES,4,0,4,0,0
Jefferson,,Republican Party Question 4<br>Should Citizens who wish to vote in a primary election be required to register by their political party affiliation at least thirty (30) days prior to such primary election?,,REP,NO,59,1,46,12,0
Jefferson,Stapleton Crossroads,Republican Party Question 4<br>Should Citizens who wish to vote in a primary election be required to register by their political party affiliation at least thirty (30) days prior to such primary election?,,REP,NO,10,0,7,3,0
Jefferson,Matthews,Republican Party Question 4<br>Should Citizens who wish to vote in a primary election be required to register by their political party affiliation at least thirty (30) days prior to such primary election?,,REP,NO,16,0,13,3,0
Jefferson,Wrens,Republican Party Question 4<br>Should Citizens who wish to vote in a primary election be required to register by their political party affiliation at least thirty (30) days prior to such primary election?,,REP,NO,9,0,5,4,0
Jefferson,Louisville,Republican Party Question 4<br>Should Citizens who wish to vote in a primary election be required to register by their political party affiliation at least thirty (30) days prior to such primary election?,,REP,NO,9,1,6,2,0
Jefferson,Wadley,Republican Party Question 4<br>Should Citizens who wish to vote in a primary election be required to register by their political party affiliation at least thirty (30) days prior to such primary election?,,REP,NO,0,0,0,0,0
Jefferson,Bartow,Republican Party Question 4<br>Should Citizens who wish to vote in a primary election be required to register by their political party affiliation at least thirty (30) days prior to such primary election?,,REP,NO,3,0,3,0,0
Jefferson,Stapleton,Republican Party Question 4<br>Should Citizens who wish to vote in a primary election be required to register by their political party affiliation at least thirty (30) days prior to such primary election?,,REP,NO,8,0,8,0,0
Jefferson,Avera,Republican Party Question 4<br>Should Citizens who wish to vote in a primary election be required to register by their political party affiliation at least thirty (30) days prior to such primary election?,,REP,NO,4,0,4,0,0
Jefferson,,Republican Party Question 5 <br>Life Amendment Question,,REP,YES,71,1,63,7,0
Jefferson,Stapleton Crossroads,Republican Party Question 5 <br>Life Amendment Question,,REP,YES,6,0,5,1,0
Jefferson,Matthews,Republican Party Question 5 <br>Life Amendment Question,,REP,YES,12,0,11,1,0
Jefferson,Wrens,Republican Party Question 5 <br>Life Amendment Question,,REP,YES,14,0,10,4,0
Jefferson,Louisville,Republican Party Question 5 <br>Life Amendment Question,,REP,YES,10,1,8,1,0
Jefferson,Wadley,Republican Party Question 5 <br>Life Amendment Question,,REP,YES,2,0,2,0,0
Jefferson,Bartow,Republican Party Question 5 <br>Life Amendment Question,,REP,YES,1,0,1,0,0
Jefferson,Stapleton,Republican Party Question 5 <br>Life Amendment Question,,REP,YES,18,0,18,0,0
Jefferson,Avera,Republican Party Question 5 <br>Life Amendment Question,,REP,YES,8,0,8,0,0
Jefferson,,Republican Party Question 5 <br>Life Amendment Question,,REP,NO,32,0,24,8,0
Jefferson,Stapleton Crossroads,Republican Party Question 5 <br>Life Amendment Question,,REP,NO,6,0,3,3,0
Jefferson,Matthews,Republican Party Question 5 <br>Life Amendment Question,,REP,NO,9,0,7,2,0
Jefferson,Wrens,Republican Party Question 5 <br>Life Amendment Question,,REP,NO,3,0,2,1,0
Jefferson,Louisville,Republican Party Question 5 <br>Life Amendment Question,,REP,NO,4,0,2,2,0
Jefferson,Wadley,Republican Party Question 5 <br>Life Amendment Question,,REP,NO,0,0,0,0,0
Jefferson,Bartow,Republican Party Question 5 <br>Life Amendment Question,,REP,NO,3,0,3,0,0
Jefferson,Stapleton,Republican Party Question 5 <br>Life Amendment Question,,REP,NO,7,0,7,0,0
Jefferson,Avera,Republican Party Question 5 <br>Life Amendment Question,,REP,NO,0,0,0,0,0
Jefferson,,Democratic Party Question 1<br>Should the Georgia Constitution be amended to allow the state to override locally-elected school boards’ decisions when it comes to the creation of charter schools in your county or city?,,DEM,YES,1679,64,1143,470,2
Jefferson,Stapleton Crossroads,Democratic Party Question 1<br>Should the Georgia Constitution be amended to allow the state to override locally-elected school boards’ decisions when it comes to the creation of charter schools in your county or city?,,DEM,YES,59,2,47,10,0
Jefferson,Matthews,Democratic Party Question 1<br>Should the Georgia Constitution be amended to allow the state to override locally-elected school boards’ decisions when it comes to the creation of charter schools in your county or city?,,DEM,YES,69,0,61,8,0
Jefferson,Wrens,Democratic Party Question 1<br>Should the Georgia Constitution be amended to allow the state to override locally-elected school boards’ decisions when it comes to the creation of charter schools in your county or city?,,DEM,YES,344,5,304,34,1
Jefferson,Louisville,Democratic Party Question 1<br>Should the Georgia Constitution be amended to allow the state to override locally-elected school boards’ decisions when it comes to the creation of charter schools in your county or city?,,DEM,YES,670,18,321,331,0
Jefferson,Wadley,Democratic Party Question 1<br>Should the Georgia Constitution be amended to allow the state to override locally-elected school boards’ decisions when it comes to the creation of charter schools in your county or city?,,DEM,YES,309,33,218,58,0
Jefferson,Bartow,Democratic Party Question 1<br>Should the Georgia Constitution be amended to allow the state to override locally-elected school boards’ decisions when it comes to the creation of charter schools in your county or city?,,DEM,YES,96,6,68,22,0
Jefferson,Stapleton,Democratic Party Question 1<br>Should the Georgia Constitution be amended to allow the state to override locally-elected school boards’ decisions when it comes to the creation of charter schools in your county or city?,,DEM,YES,75,0,69,5,1
Jefferson,Avera,Democratic Party Question 1<br>Should the Georgia Constitution be amended to allow the state to override locally-elected school boards’ decisions when it comes to the creation of charter schools in your county or city?,,DEM,YES,57,0,55,2,0
Jefferson,,Democratic Party Question 1<br>Should the Georgia Constitution be amended to allow the state to override locally-elected school boards’ decisions when it comes to the creation of charter schools in your county or city?,,DEM,NO,2392,118,1550,719,5
Jefferson,Stapleton Crossroads,Democratic Party Question 1<br>Should the Georgia Constitution be amended to allow the state to override locally-elected school boards’ decisions when it comes to the creation of charter schools in your county or city?,,DEM,NO,98,0,78,20,0
Jefferson,Matthews,Democratic Party Question 1<br>Should the Georgia Constitution be amended to allow the state to override locally-elected school boards’ decisions when it comes to the creation of charter schools in your county or city?,,DEM,NO,117,0,100,15,2
Jefferson,Wrens,Democratic Party Question 1<br>Should the Georgia Constitution be amended to allow the state to override locally-elected school boards’ decisions when it comes to the creation of charter schools in your county or city?,,DEM,NO,522,13,441,68,0
Jefferson,Louisville,Democratic Party Question 1<br>Should the Georgia Constitution be amended to allow the state to override locally-elected school boards’ decisions when it comes to the creation of charter schools in your county or city?,,DEM,NO,970,59,404,505,2
Jefferson,Wadley,Democratic Party Question 1<br>Should the Georgia Constitution be amended to allow the state to override locally-elected school boards’ decisions when it comes to the creation of charter schools in your county or city?,,DEM,NO,348,39,238,70,1
Jefferson,Bartow,Democratic Party Question 1<br>Should the Georgia Constitution be amended to allow the state to override locally-elected school boards’ decisions when it comes to the creation of charter schools in your county or city?,,DEM,NO,121,4,94,23,0
Jefferson,Stapleton,Democratic Party Question 1<br>Should the Georgia Constitution be amended to allow the state to override locally-elected school boards’ decisions when it comes to the creation of charter schools in your county or city?,,DEM,NO,117,2,105,10,0
Jefferson,Avera,Democratic Party Question 1<br>Should the Georgia Constitution be amended to allow the state to override locally-elected school boards’ decisions when it comes to the creation of charter schools in your county or city?,,DEM,NO,99,1,90,8,0
Jefferson,,Democratic Party Question 2<br>Do you support ending current practice permitting unlimited gifts from lobbyists to state legislators?,,DEM,YES,2746,136,1755,850,5
Jefferson,Stapleton Crossroads,Democratic Party Question 2<br>Do you support ending current practice permitting unlimited gifts from lobbyists to state legislators?,,DEM,YES,102,1,78,23,0
Jefferson,Matthews,Democratic Party Question 2<br>Do you support ending current practice permitting unlimited gifts from lobbyists to state legislators?,,DEM,YES,133,0,115,17,1
Jefferson,Wrens,Democratic Party Question 2<br>Do you support ending current practice permitting unlimited gifts from lobbyists to state legislators?,,DEM,YES,582,14,494,73,1
Jefferson,Louisville,Democratic Party Question 2<br>Do you support ending current practice permitting unlimited gifts from lobbyists to state legislators?,,DEM,YES,1097,56,444,595,2
Jefferson,Wadley,Democratic Party Question 2<br>Do you support ending current practice permitting unlimited gifts from lobbyists to state legislators?,,DEM,YES,435,56,288,91,0
Jefferson,Bartow,Democratic Party Question 2<br>Do you support ending current practice permitting unlimited gifts from lobbyists to state legislators?,,DEM,YES,142,7,103,32,0
Jefferson,Stapleton,Democratic Party Question 2<br>Do you support ending current practice permitting unlimited gifts from lobbyists to state legislators?,,DEM,YES,138,1,123,13,1
Jefferson,Avera,Democratic Party Question 2<br>Do you support ending current practice permitting unlimited gifts from lobbyists to state legislators?,,DEM,YES,117,1,110,6,0
Jefferson,,Democratic Party Question 2<br>Do you support ending current practice permitting unlimited gifts from lobbyists to state legislators?,,DEM,NO,1325,46,932,345,2
Jefferson,Stapleton Crossroads,Democratic Party Question 2<br>Do you support ending current practice permitting unlimited gifts from lobbyists to state legislators?,,DEM,NO,55,1,47,7,0
Jefferson,Matthews,Democratic Party Question 2<br>Do you support ending current practice permitting unlimited gifts from lobbyists to state legislators?,,DEM,NO,50,0,43,6,1
Jefferson,Wrens,Democratic Party Question 2<br>Do you support ending current practice permitting unlimited gifts from lobbyists to state legislators?,,DEM,NO,279,4,247,28,0
Jefferson,Louisville,Democratic Party Question 2<br>Do you support ending current practice permitting unlimited gifts from lobbyists to state legislators?,,DEM,NO,543,23,277,243,0
Jefferson,Wadley,Democratic Party Question 2<br>Do you support ending current practice permitting unlimited gifts from lobbyists to state legislators?,,DEM,NO,221,15,165,40,1
Jefferson,Bartow,Democratic Party Question 2<br>Do you support ending current practice permitting unlimited gifts from lobbyists to state legislators?,,DEM,NO,76,2,61,13,0
Jefferson,Stapleton,Democratic Party Question 2<br>Do you support ending current practice permitting unlimited gifts from lobbyists to state legislators?,,DEM,NO,62,1,58,3,0
Jefferson,Avera,Democratic Party Question 2<br>Do you support ending current practice permitting unlimited gifts from lobbyists to state legislators?,,DEM,NO,39,0,34,5,0
Jefferson,,Democratic Party Question 3<br>Should Georgia adopt an income tax credit for home energy costs to support the economic security of our families?,,DEM,YES,3092,138,2080,868,6
Jefferson,Stapleton Crossroads,Democratic Party Question 3<br>Should Georgia adopt an income tax credit for home energy costs to support the economic security of our families?,,DEM,YES,120,2,93,25,0
Jefferson,Matthews,Democratic Party Question 3<br>Should Georgia adopt an income tax credit for home energy costs to support the economic security of our families?,,DEM,YES,133,0,117,14,2
Jefferson,Wrens,Democratic Party Question 3<br>Should Georgia adopt an income tax credit for home energy costs to support the economic security of our families?,,DEM,YES,643,11,563,68,1
Jefferson,Louisville,Democratic Party Question 3<br>Should Georgia adopt an income tax credit for home energy costs to support the economic security of our families?,,DEM,YES,1213,48,561,602,2
Jefferson,Wadley,Democratic Party Question 3<br>Should Georgia adopt an income tax credit for home energy costs to support the economic security of our families?,,DEM,YES,547,67,382,97,1
Jefferson,Bartow,Democratic Party Question 3<br>Should Georgia adopt an income tax credit for home energy costs to support the economic security of our families?,,DEM,YES,176,8,130,38,0
Jefferson,Stapleton,Democratic Party Question 3<br>Should Georgia adopt an income tax credit for home energy costs to support the economic security of our families?,,DEM,YES,148,1,133,14,0
Jefferson,Avera,Democratic Party Question 3<br>Should Georgia adopt an income tax credit for home energy costs to support the economic security of our families?,,DEM,YES,112,1,101,10,0
Jefferson,,Democratic Party Question 3<br>Should Georgia adopt an income tax credit for home energy costs to support the economic security of our families?,,DEM,NO,1016,44,652,320,0
Jefferson,Stapleton Crossroads,Democratic Party Question 3<br>Should Georgia adopt an income tax credit for home energy costs to support the economic security of our families?,,DEM,NO,37,0,32,5,0
Jefferson,Matthews,Democratic Party Question 3<br>Should Georgia adopt an income tax credit for home energy costs to support the economic security of our families?,,DEM,NO,53,0,44,9,0
Jefferson,Wrens,Democratic Party Question 3<br>Should Georgia adopt an income tax credit for home energy costs to support the economic security of our families?,,DEM,NO,221,7,183,31,0
Jefferson,Louisville,Democratic Party Question 3<br>Should Georgia adopt an income tax credit for home energy costs to support the economic security of our families?,,DEM,NO,438,30,176,232,0
Jefferson,Wadley,Democratic Party Question 3<br>Should Georgia adopt an income tax credit for home energy costs to support the economic security of our families?,,DEM,NO,127,4,91,32,0
Jefferson,Bartow,Democratic Party Question 3<br>Should Georgia adopt an income tax credit for home energy costs to support the economic security of our families?,,DEM,NO,43,2,33,8,0
Jefferson,Stapleton,Democratic Party Question 3<br>Should Georgia adopt an income tax credit for home energy costs to support the economic security of our families?,,DEM,NO,50,1,48,1,0
Jefferson,Avera,Democratic Party Question 3<br>Should Georgia adopt an income tax credit for home energy costs to support the economic security of our families?,,DEM,NO,47,0,45,2,0
Jefferson,,Democratic Party Question 4 <br>Should Georgia reduce sales taxes on Made in Georgia products so as to support the growth of small businesses in our state?,,DEM,YES,3561,150,2383,1022,6
Jefferson,Stapleton Crossroads,Democratic Party Question 4 <br>Should Georgia reduce sales taxes on Made in Georgia products so as to support the growth of small businesses in our state?,,DEM,YES,137,2,111,24,0
Jefferson,Matthews,Democratic Party Question 4 <br>Should Georgia reduce sales taxes on Made in Georgia products so as to support the growth of small businesses in our state?,,DEM,YES,169,0,147,21,1
Jefferson,Wrens,Democratic Party Question 4 <br>Should Georgia reduce sales taxes on Made in Georgia products so as to support the growth of small businesses in our state?,,DEM,YES,745,12,650,82,1
Jefferson,Louisville,Democratic Party Question 4 <br>Should Georgia reduce sales taxes on Made in Georgia products so as to support the growth of small businesses in our state?,,DEM,YES,1423,61,643,717,2
Jefferson,Wadley,Democratic Party Question 4 <br>Should Georgia reduce sales taxes on Made in Georgia products so as to support the growth of small businesses in our state?,,DEM,YES,585,64,408,112,1
Jefferson,Bartow,Democratic Party Question 4 <br>Should Georgia reduce sales taxes on Made in Georgia products so as to support the growth of small businesses in our state?,,DEM,YES,190,10,137,43,0
Jefferson,Stapleton,Democratic Party Question 4 <br>Should Georgia reduce sales taxes on Made in Georgia products so as to support the growth of small businesses in our state?,,DEM,YES,175,0,160,14,1
Jefferson,Avera,Democratic Party Question 4 <br>Should Georgia reduce sales taxes on Made in Georgia products so as to support the growth of small businesses in our state?,,DEM,YES,137,1,127,9,0
Jefferson,,Democratic Party Question 4 <br>Should Georgia reduce sales taxes on Made in Georgia products so as to support the growth of small businesses in our state?,,DEM,NO,580,26,374,179,1
Jefferson,Stapleton Crossroads,Democratic Party Question 4 <br>Should Georgia reduce sales taxes on Made in Georgia products so as to support the growth of small businesses in our state?,,DEM,NO,20,0,15,5,0
Jefferson,Matthews,Democratic Party Question 4 <br>Should Georgia reduce sales taxes on Made in Georgia products so as to support the growth of small businesses in our state?,,DEM,NO,19,0,17,1,1
Jefferson,Wrens,Democratic Party Question 4 <br>Should Georgia reduce sales taxes on Made in Georgia products so as to support the growth of small businesses in our state?,,DEM,NO,123,6,99,18,0
Jefferson,Louisville,Democratic Party Question 4 <br>Should Georgia reduce sales taxes on Made in Georgia products so as to support the growth of small businesses in our state?,,DEM,NO,247,16,99,132,0
Jefferson,Wadley,Democratic Party Question 4 <br>Should Georgia reduce sales taxes on Made in Georgia products so as to support the growth of small businesses in our state?,,DEM,NO,92,2,71,19,0
Jefferson,Bartow,Democratic Party Question 4 <br>Should Georgia reduce sales taxes on Made in Georgia products so as to support the growth of small businesses in our state?,,DEM,NO,29,0,27,2,0
Jefferson,Stapleton,Democratic Party Question 4 <br>Should Georgia reduce sales taxes on Made in Georgia products so as to support the growth of small businesses in our state?,,DEM,NO,27,2,24,1,0
Jefferson,Avera,Democratic Party Question 4 <br>Should Georgia reduce sales taxes on Made in Georgia products so as to support the growth of small businesses in our state?,,DEM,NO,23,0,22,1,0
Jefferson,,Supreme Court Justice, Hunstein,,CAROL HUNSTEIN ,3022,101,2029,887,5
Jefferson,Stapleton Crossroads,Supreme Court Justice, Hunstein,,CAROL HUNSTEIN ,133,2,103,28,0
Jefferson,Matthews,Supreme Court Justice, Hunstein,,CAROL HUNSTEIN ,161,0,139,20,2
Jefferson,Wrens,Supreme Court Justice, Hunstein,,CAROL HUNSTEIN ,659,12,569,77,1
Jefferson,Louisville,Supreme Court Justice, Hunstein,,CAROL HUNSTEIN ,1192,56,520,615,1
Jefferson,Wadley,Supreme Court Justice, Hunstein,,CAROL HUNSTEIN ,442,21,325,95,1
Jefferson,Bartow,Supreme Court Justice, Hunstein,,CAROL HUNSTEIN ,153,7,115,31,0
Jefferson,Stapleton,Supreme Court Justice, Hunstein,,CAROL HUNSTEIN ,161,2,147,12,0
Jefferson,Avera,Supreme Court Justice, Hunstein,,CAROL HUNSTEIN ,121,1,111,9,0
Jefferson,,Supreme Court Justice, Hunstein,,Write-in,8,2,5,1,0
Jefferson,Stapleton Crossroads,Supreme Court Justice, Hunstein,,Write-in,0,0,0,0,0
Jefferson,Matthews,Supreme Court Justice, Hunstein,,Write-in,1,0,1,0,0
Jefferson,Wrens,Supreme Court Justice, Hunstein,,Write-in,1,1,0,0,0
Jefferson,Louisville,Supreme Court Justice, Hunstein,,Write-in,4,1,2,1,0
Jefferson,Wadley,Supreme Court Justice, Hunstein,,Write-in,2,0,2,0,0
Jefferson,Bartow,Supreme Court Justice, Hunstein,,Write-in,0,0,0,0,0
Jefferson,Stapleton,Supreme Court Justice, Hunstein,,Write-in,0,0,0,0,0
Jefferson,Avera,Supreme Court Justice, Hunstein,,Write-in,0,0,0,0,0
Jefferson,,Supreme Court Justice, Melton,,HAROLD D. MELTON ,2922,101,1964,853,4
Jefferson,Stapleton Crossroads,Supreme Court Justice, Melton,,HAROLD D. MELTON ,128,2,99,27,0
Jefferson,Matthews,Supreme Court Justice, Melton,,HAROLD D. MELTON ,148,0,129,18,1
Jefferson,Wrens,Supreme Court Justice, Melton,,HAROLD D. MELTON ,636,13,551,71,1
Jefferson,Louisville,Supreme Court Justice, Melton,,HAROLD D. MELTON ,1178,57,520,600,1
Jefferson,Wadley,Supreme Court Justice, Melton,,HAROLD D. MELTON ,419,18,314,86,1
Jefferson,Bartow,Supreme Court Justice, Melton,,HAROLD D. MELTON ,148,8,108,32,0
Jefferson,Stapleton,Supreme Court Justice, Melton,,HAROLD D. MELTON ,155,2,141,12,0
Jefferson,Avera,Supreme Court Justice, Melton,,HAROLD D. MELTON ,110,1,102,7,0
Jefferson,,Supreme Court Justice, Melton,,Write-in,4,0,4,0,0
Jefferson,Stapleton Crossroads,Supreme Court Justice, Melton,,Write-in,0,0,0,0,0
Jefferson,Matthews,Supreme Court Justice, Melton,,Write-in,1,0,1,0,0
Jefferson,Wrens,Supreme Court Justice, Melton,,Write-in,2,0,2,0,0
Jefferson,Louisville,Supreme Court Justice, Melton,,Write-in,0,0,0,0,0
Jefferson,Wadley,Supreme Court Justice, Melton,,Write-in,1,0,1,0,0
Jefferson,Bartow,Supreme Court Justice, Melton,,Write-in,0,0,0,0,0
Jefferson,Stapleton,Supreme Court Justice, Melton,,Write-in,0,0,0,0,0
Jefferson,Avera,Supreme Court Justice, Melton,,Write-in,0,0,0,0,0
Jefferson,,Supreme Court Justice, Thompson,,HUGH P. THOMPSON ,2899,98,1941,856,4
Jefferson,Stapleton Crossroads,Supreme Court Justice, Thompson,,HUGH P. THOMPSON ,124,2,94,28,0
Jefferson,Matthews,Supreme Court Justice, Thompson,,HUGH P. THOMPSON ,145,0,126,18,1
Jefferson,Wrens,Supreme Court Justice, Thompson,,HUGH P. THOMPSON ,623,12,541,69,1
Jefferson,Louisville,Supreme Court Justice, Thompson,,HUGH P. THOMPSON ,1175,55,515,604,1
Jefferson,Wadley,Supreme Court Justice, Thompson,,HUGH P. THOMPSON ,418,19,312,86,1
Jefferson,Bartow,Supreme Court Justice, Thompson,,HUGH P. THOMPSON ,147,7,108,32,0
Jefferson,Stapleton,Supreme Court Justice, Thompson,,HUGH P. THOMPSON ,157,2,143,12,0
Jefferson,Avera,Supreme Court Justice, Thompson,,HUGH P. THOMPSON ,110,1,102,7,0
Jefferson,,Supreme Court Justice, Thompson,,Write-in,3,1,2,0,0
Jefferson,Stapleton Crossroads,Supreme Court Justice, Thompson,,Write-in,0,0,0,0,0
Jefferson,Matthews,Supreme Court Justice, Thompson,,Write-in,1,0,1,0,0
Jefferson,Wrens,Supreme Court Justice, Thompson,,Write-in,0,0,0,0,0
Jefferson,Louisville,Supreme Court Justice, Thompson,,Write-in,1,1,0,0,0
Jefferson,Wadley,Supreme Court Justice, Thompson,,Write-in,1,0,1,0,0
Jefferson,Bartow,Supreme Court Justice, Thompson,,Write-in,0,0,0,0,0
Jefferson,Stapleton,Supreme Court Justice, Thompson,,Write-in,0,0,0,0,0
Jefferson,Avera,Supreme Court Justice, Thompson,,Write-in,0,0,0,0,0
Jefferson,,Appeals Court Judge, Boggs,,MICHAEL P. BOGGS ,2828,99,1888,837,4
Jefferson,Stapleton Crossroads,Appeals Court Judge, Boggs,,MICHAEL P. BOGGS ,127,2,99,26,0
Jefferson,Matthews,Appeals Court Judge, Boggs,,MICHAEL P. BOGGS ,144,0,125,18,1
Jefferson,Wrens,Appeals Court Judge, Boggs,,MICHAEL P. BOGGS ,621,13,537,70,1
Jefferson,Louisville,Appeals Court Judge, Boggs,,MICHAEL P. BOGGS ,1139,55,495,588,1
Jefferson,Wadley,Appeals Court Judge, Boggs,,MICHAEL P. BOGGS ,400,19,296,84,1
Jefferson,Bartow,Appeals Court Judge, Boggs,,MICHAEL P. BOGGS ,143,7,104,32,0
Jefferson,Stapleton,Appeals Court Judge, Boggs,,MICHAEL P. BOGGS ,149,2,135,12,0
Jefferson,Avera,Appeals Court Judge, Boggs,,MICHAEL P. BOGGS ,105,1,97,7,0
Jefferson,,Appeals Court Judge, Boggs,,Write-in,3,1,2,0,0
Jefferson,Stapleton Crossroads,Appeals Court Judge, Boggs,,Write-in,0,0,0,0,0
Jefferson,Matthews,Appeals Court Judge, Boggs,,Write-in,1,0,1,0,0
Jefferson,Wrens,Appeals Court Judge, Boggs,,Write-in,0,0,0,0,0
Jefferson,Louisville,Appeals Court Judge, Boggs,,Write-in,1,1,0,0,0
Jefferson,Wadley,Appeals Court Judge, Boggs,,Write-in,1,0,1,0,0
Jefferson,Bartow,Appeals Court Judge, Boggs,,Write-in,0,0,0,0,0
Jefferson,Stapleton,Appeals Court Judge, Boggs,,Write-in,0,0,0,0,0
Jefferson,Avera,Appeals Court Judge, Boggs,,Write-in,0,0,0,0,0
Jefferson,,Appeals Court Judge, Dillard,,STEPHEN DILLARD ,2861,98,1911,848,4
Jefferson,Stapleton Crossroads,Appeals Court Judge, Dillard,,STEPHEN DILLARD ,127,2,98,27,0
Jefferson,Matthews,Appeals Court Judge, Dillard,,STEPHEN DILLARD ,146,0,127,18,1
Jefferson,Wrens,Appeals Court Judge, Dillard,,STEPHEN DILLARD ,629,14,540,74,1
Jefferson,Louisville,Appeals Court Judge, Dillard,,STEPHEN DILLARD ,1154,53,506,594,1
Jefferson,Wadley,Appeals Court Judge, Dillard,,STEPHEN DILLARD ,403,19,299,84,1
Jefferson,Bartow,Appeals Court Judge, Dillard,,STEPHEN DILLARD ,145,7,106,32,0
Jefferson,Stapleton,Appeals Court Judge, Dillard,,STEPHEN DILLARD ,149,2,135,12,0
Jefferson,Avera,Appeals Court Judge, Dillard,,STEPHEN DILLARD ,108,1,100,7,0
Jefferson,,Appeals Court Judge, Dillard,,Write-in,4,2,2,0,0
Jefferson,Stapleton Crossroads,Appeals Court Judge, Dillard,,Write-in,0,0,0,0,0
Jefferson,Matthews,Appeals Court Judge, Dillard,,Write-in,1,0,1,0,0
Jefferson,Wrens,Appeals Court Judge, Dillard,,Write-in,0,0,0,0,0
Jefferson,Louisville,Appeals Court Judge, Dillard,,Write-in,2,2,0,0,0
Jefferson,Wadley,Appeals Court Judge, Dillard,,Write-in,1,0,1,0,0
Jefferson,Bartow,Appeals Court Judge, Dillard,,Write-in,0,0,0,0,0
Jefferson,Stapleton,Appeals Court Judge, Dillard,,Write-in,0,0,0,0,0
Jefferson,Avera,Appeals Court Judge, Dillard,,Write-in,0,0,0,0,0
Jefferson,,Appeals Court Judge, Ellington,,JOHN ELLINGTON ,2863,102,1911,846,4
Jefferson,Stapleton Crossroads,Appeals Court Judge, Ellington,,JOHN ELLINGTON ,128,2,99,27,0
Jefferson,Matthews,Appeals Court Judge, Ellington,,JOHN ELLINGTON ,146,0,128,17,1
Jefferson,Wrens,Appeals Court Judge, Ellington,,JOHN ELLINGTON ,614,13,531,69,1
Jefferson,Louisville,Appeals Court Judge, Ellington,,JOHN ELLINGTON ,1162,59,506,596,1
Jefferson,Wadley,Appeals Court Judge, Ellington,,JOHN ELLINGTON ,407,17,304,85,1
Jefferson,Bartow,Appeals Court Judge, Ellington,,JOHN ELLINGTON ,144,8,103,33,0
Jefferson,Stapleton,Appeals Court Judge, Ellington,,JOHN ELLINGTON ,152,2,138,12,0
Jefferson,Avera,Appeals Court Judge, Ellington,,JOHN ELLINGTON ,110,1,102,7,0
Jefferson,,Appeals Court Judge, Ellington,,Write-in,21,0,16,5,0
Jefferson,Stapleton Crossroads,Appeals Court Judge, Ellington,,Write-in,0,0,0,0,0
Jefferson,Matthews,Appeals Court Judge, Ellington,,Write-in,3,0,2,1,0
Jefferson,Wrens,Appeals Court Judge, Ellington,,Write-in,5,0,4,1,0
Jefferson,Louisville,Appeals Court Judge, Ellington,,Write-in,5,0,2,3,0
Jefferson,Wadley,Appeals Court Judge, Ellington,,Write-in,6,0,6,0,0
Jefferson,Bartow,Appeals Court Judge, Ellington,,Write-in,2,0,2,0,0
Jefferson,Stapleton,Appeals Court Judge, Ellington,,Write-in,0,0,0,0,0
Jefferson,Avera,Appeals Court Judge, Ellington,,Write-in,0,0,0,0,0
Jefferson,,Appeals Court Judge, Miller,,M. YVETTE MILLER ,2855,105,1902,843,5
Jefferson,Stapleton Crossroads,Appeals Court Judge, Miller,,M. YVETTE MILLER ,126,2,96,28,0
Jefferson,Matthews,Appeals Court Judge, Miller,,M. YVETTE MILLER ,147,0,127,18,2
Jefferson,Wrens,Appeals Court Judge, Miller,,M. YVETTE MILLER ,619,14,534,70,1
Jefferson,Louisville,Appeals Court Judge, Miller,,M. YVETTE MILLER ,1148,57,501,589,1
Jefferson,Wadley,Appeals Court Judge, Miller,,M. YVETTE MILLER ,415,21,305,88,1
Jefferson,Bartow,Appeals Court Judge, Miller,,M. YVETTE MILLER ,141,8,102,31,0
Jefferson,Stapleton,Appeals Court Judge, Miller,,M. YVETTE MILLER ,149,2,135,12,0
Jefferson,Avera,Appeals Court Judge, Miller,,M. YVETTE MILLER ,110,1,102,7,0
Jefferson,,Appeals Court Judge, Miller,,Write-in,2,1,1,0,0
Jefferson,Stapleton Crossroads,Appeals Court Judge, Miller,,Write-in,0,0,0,0,0
Jefferson,Matthews,Appeals Court Judge, Miller,,Write-in,1,0,1,0,0
Jefferson,Wrens,Appeals Court Judge, Miller,,Write-in,0,0,0,0,0
Jefferson,Louisville,Appeals Court Judge, Miller,,Write-in,1,1,0,0,0
Jefferson,Wadley,Appeals Court Judge, Miller,,Write-in,0,0,0,0,0
Jefferson,Bartow,Appeals Court Judge, Miller,,Write-in,0,0,0,0,0
Jefferson,Stapleton,Appeals Court Judge, Miller,,Write-in,0,0,0,0,0
Jefferson,Avera,Appeals Court Judge, Miller,,Write-in,0,0,0,0,0
Jefferson,,Appeals Court Judge, Phipps,,HERBERT PHIPPS ,2783,99,1853,827,4
Jefferson,Stapleton Crossroads,Appeals Court Judge, Phipps,,HERBERT PHIPPS ,125,2,95,28,0
Jefferson,Matthews,Appeals Court Judge, Phipps,,HERBERT PHIPPS ,145,0,127,17,1
Jefferson,Wrens,Appeals Court Judge, Phipps,,HERBERT PHIPPS ,606,13,522,70,1
Jefferson,Louisville,Appeals Court Judge, Phipps,,HERBERT PHIPPS ,1115,56,480,578,1
Jefferson,Wadley,Appeals Court Judge, Phipps,,HERBERT PHIPPS ,393,17,291,84,1
Jefferson,Bartow,Appeals Court Judge, Phipps,,HERBERT PHIPPS ,142,8,103,31,0
Jefferson,Stapleton,Appeals Court Judge, Phipps,,HERBERT PHIPPS ,148,2,134,12,0
Jefferson,Avera,Appeals Court Judge, Phipps,,HERBERT PHIPPS ,109,1,101,7,0
Jefferson,,Appeals Court Judge, Phipps,,Write-in,3,2,1,0,0
Jefferson,Stapleton Crossroads,Appeals Court Judge, Phipps,,Write-in,0,0,0,0,0
Jefferson,Matthews,Appeals Court Judge, Phipps,,Write-in,1,0,1,0,0
Jefferson,Wrens,Appeals Court Judge, Phipps,,Write-in,0,0,0,0,0
Jefferson,Louisville,Appeals Court Judge, Phipps,,Write-in,2,2,0,0,0
Jefferson,Wadley,Appeals Court Judge, Phipps,,Write-in,0,0,0,0,0
Jefferson,Bartow,Appeals Court Judge, Phipps,,Write-in,0,0,0,0,0
Jefferson,Stapleton,Appeals Court Judge, Phipps,,Write-in,0,0,0,0,0
Jefferson,Avera,Appeals Court Judge, Phipps,,Write-in,0,0,0,0,0
Jefferson,,Superior Court Judge, Middle Circuit (Palmer),,KATHY S. PALMER ,3241,120,2133,983,5
Jefferson,Stapleton Crossroads,Superior Court Judge, Middle Circuit (Palmer),,KATHY S. PALMER ,137,2,104,31,0
Jefferson,Matthews,Superior Court Judge, Middle Circuit (Palmer),,KATHY S. PALMER ,157,0,132,23,2
Jefferson,Wrens,Superior Court Judge, Middle Circuit (Palmer),,KATHY S. PALMER ,687,15,588,83,1
Jefferson,Louisville,Superior Court Judge, Middle Circuit (Palmer),,KATHY S. PALMER ,1279,63,535,680,1
Jefferson,Wadley,Superior Court Judge, Middle Circuit (Palmer),,KATHY S. PALMER ,503,29,367,106,1
Jefferson,Bartow,Superior Court Judge, Middle Circuit (Palmer),,KATHY S. PALMER ,175,8,131,36,0
Jefferson,Stapleton,Superior Court Judge, Middle Circuit (Palmer),,KATHY S. PALMER ,176,2,159,15,0
Jefferson,Avera,Superior Court Judge, Middle Circuit (Palmer),,KATHY S. PALMER ,127,1,117,9,0
Jefferson,,Superior Court Judge, Middle Circuit (Palmer),,Write-in,8,0,7,1,0
Jefferson,Stapleton Crossroads,Superior Court Judge, Middle Circuit (Palmer),,Write-in,0,0,0,0,0
Jefferson,Matthews,Superior Court Judge, Middle Circuit (Palmer),,Write-in,2,0,2,0,0
Jefferson,Wrens,Superior Court Judge, Middle Circuit (Palmer),,Write-in,2,0,2,0,0
Jefferson,Louisville,Superior Court Judge, Middle Circuit (Palmer),,Write-in,3,0,2,1,0
Jefferson,Wadley,Superior Court Judge, Middle Circuit (Palmer),,Write-in,1,0,1,0,0
Jefferson,Bartow,Superior Court Judge, Middle Circuit (Palmer),,Write-in,0,0,0,0,0
Jefferson,Stapleton,Superior Court Judge, Middle Circuit (Palmer),,Write-in,0,0,0,0,0
Jefferson,Avera,Superior Court Judge, Middle Circuit (Palmer),,Write-in,0,0,0,0,0
Jefferson,,State Court,,I,JOHN  MURPHY III,3447,123,2284,1035,5
Jefferson,Stapleton Crossroads,State Court,,I,JOHN  MURPHY III,149,2,116,31,0
Jefferson,Matthews,State Court,,I,JOHN  MURPHY III,164,0,141,21,2
Jefferson,Wrens,State Court,,I,JOHN  MURPHY III,737,13,630,93,1
Jefferson,Louisville,State Court,,I,JOHN  MURPHY III,1388,62,603,722,1
Jefferson,Wadley,State Court,,I,JOHN  MURPHY III,514,35,370,108,1
Jefferson,Bartow,State Court,,I,JOHN  MURPHY III,180,8,135,37,0
Jefferson,Stapleton,State Court,,I,JOHN  MURPHY III,184,2,168,14,0
Jefferson,Avera,State Court,,I,JOHN  MURPHY III,131,1,121,9,0
Jefferson,,State Court,,,Write-in,6,3,2,1,0
Jefferson,Stapleton Crossroads,State Court,,,Write-in,0,0,0,0,0
Jefferson,Matthews,State Court,,,Write-in,1,0,1,0,0
Jefferson,Wrens,State Court,,,Write-in,0,0,0,0,0
Jefferson,Louisville,State Court,,,Write-in,4,3,0,1,0
Jefferson,Wadley,State Court,,,Write-in,0,0,0,0,0
Jefferson,Bartow,State Court,,,Write-in,1,0,1,0,0
Jefferson,Stapleton,State Court,,,Write-in,0,0,0,0,0
Jefferson,Avera,State Court,,,Write-in,0,0,0,0,0
Jefferson,,Chief Magistrate,,,MURRY BOWMAN ,2362,69,1534,756,3
Jefferson,Stapleton Crossroads,Chief Magistrate,,,MURRY BOWMAN ,94,0,74,20,0
Jefferson,Matthews,Chief Magistrate,,,MURRY BOWMAN ,142,0,125,16,1
Jefferson,Wrens,Chief Magistrate,,,MURRY BOWMAN ,486,9,404,72,1
Jefferson,Louisville,Chief Magistrate,,,MURRY BOWMAN ,865,43,325,496,1
Jefferson,Wadley,Chief Magistrate,,,MURRY BOWMAN ,346,15,231,100,0
Jefferson,Bartow,Chief Magistrate,,,MURRY BOWMAN ,134,0,100,34,0
Jefferson,Stapleton,Chief Magistrate,,,MURRY BOWMAN ,156,1,143,12,0
Jefferson,Avera,Chief Magistrate,,,MURRY BOWMAN ,139,1,132,6,0
Jefferson,,Chief Magistrate,,,BETTY WILLIAMS-KIRBY,2013,126,1357,527,3
Jefferson,Stapleton Crossroads,Chief Magistrate,,,BETTY WILLIAMS-KIRBY,81,4,60,17,0
Jefferson,Matthews,Chief Magistrate,,,BETTY WILLIAMS-KIRBY,54,0,44,9,1
Jefferson,Wrens,Chief Magistrate,,,BETTY WILLIAMS-KIRBY,408,10,354,44,0
Jefferson,Louisville,Chief Magistrate,,,BETTY WILLIAMS-KIRBY,894,37,460,396,1
Jefferson,Wadley,Chief Magistrate,,,BETTY WILLIAMS-KIRBY,383,64,276,42,1
Jefferson,Bartow,Chief Magistrate,,,BETTY WILLIAMS-KIRBY,97,10,76,11,0
Jefferson,Stapleton,Chief Magistrate,,,BETTY WILLIAMS-KIRBY,70,1,65,4,0
Jefferson,Avera,Chief Magistrate,,,BETTY WILLIAMS-KIRBY,26,0,22,4,0
Jefferson,,Chief Magistrate,,,Write-in,4,0,3,1,0
Jefferson,Stapleton Crossroads,Chief Magistrate,,,Write-in,0,0,0,0,0
Jefferson,Matthews,Chief Magistrate,,,Write-in,1,0,1,0,0
Jefferson,Wrens,Chief Magistrate,,,Write-in,1,0,1,0,0
Jefferson,Louisville,Chief Magistrate,,,Write-in,1,0,0,1,0
Jefferson,Wadley,Chief Magistrate,,,Write-in,1,0,1,0,0
Jefferson,Bartow,Chief Magistrate,,,Write-in,0,0,0,0,0
Jefferson,Stapleton,Chief Magistrate,,,Write-in,0,0,0,0,0
Jefferson,Avera,Chief Magistrate,,,Write-in,0,0,0,0,0
Jefferson,,BOE 1,,,FARLYN Z. HUDSON,783,63,533,185,2
Jefferson,Louisville,BOE 1,,,FARLYN Z. HUDSON,90,2,35,52,1
Jefferson,Wadley,BOE 1,,,FARLYN Z. HUDSON,531,52,381,97,1
Jefferson,Bartow,BOE 1,,,FARLYN Z. HUDSON,162,9,117,36,0
Jefferson,,BOE 1,,,Write-in,1,0,0,1,0
Jefferson,Louisville,BOE 1,,,Write-in,0,0,0,0,0
Jefferson,Wadley,BOE 1,,,Write-in,1,0,0,1,0
Jefferson,Bartow,BOE 1,,,Write-in,0,0,0,0,0
Jefferson,,BOE 2,,,CHARLIE W. BROWN ,818,28,517,272,1
Jefferson,Matthews,BOE 2,,,CHARLIE W. BROWN ,83,0,71,12,0
Jefferson,Wrens,BOE 2,,,CHARLIE W. BROWN ,230,7,198,24,1
Jefferson,Louisville,BOE 2,,,CHARLIE W. BROWN ,505,21,248,236,0
Jefferson,,BOE 2,,,Write-in,5,3,1,1,0
Jefferson,Matthews,BOE 2,,,Write-in,1,0,1,0,0
Jefferson,Wrens,BOE 2,,,Write-in,1,1,0,0,0
Jefferson,Louisville,BOE 2,,,Write-in,3,2,0,1,0
Jefferson,,BOE 4,,,BOBBY BUTTS ,929,43,438,447,1
Jefferson,Stapleton Crossroads,BOE 4,,,BOBBY BUTTS ,149,4,114,31,0
Jefferson,Wrens,BOE 4,,,BOBBY BUTTS ,33,1,23,9,0
Jefferson,Louisville,BOE 4,,,BOBBY BUTTS ,747,38,301,407,1
Jefferson,,BOE 4,,,Write-in,0,0,0,0,0
Jefferson,Stapleton Crossroads,BOE 4,,,Write-in,0,0,0,0,0
Jefferson,Wrens,BOE 4,,,Write-in,0,0,0,0,0
Jefferson,Louisville,BOE 4,,,Write-in,0,0,0,0,0
Jefferson,,TSPLOST,,,YES,2655,124,1799,728,4
Jefferson,Stapleton Crossroads,TSPLOST,,,YES,111,3,84,24,0
Jefferson,Matthews,TSPLOST,,,YES,94,0,83,9,2
Jefferson,Wrens,TSPLOST,,,YES,584,12,497,74,1
Jefferson,Louisville,TSPLOST,,,YES,1031,37,488,505,1
Jefferson,Wadley,TSPLOST,,,YES,481,64,339,78,0
Jefferson,Bartow,TSPLOST,,,YES,134,7,103,24,0
Jefferson,Stapleton,TSPLOST,,,YES,130,0,122,8,0
Jefferson,Avera,TSPLOST,,,YES,90,1,83,6,0
Jefferson,,TSPLOST,,,NO,1832,67,1198,565,2
Jefferson,Stapleton Crossroads,TSPLOST,,,NO,68,1,56,11,0
Jefferson,Matthews,TSPLOST,,,NO,122,0,104,18,0
Jefferson,Wrens,TSPLOST,,,NO,368,6,317,45,0
Jefferson,Louisville,TSPLOST,,,NO,739,41,298,399,1
Jefferson,Wadley,TSPLOST,,,NO,244,14,171,58,1
Jefferson,Bartow,TSPLOST,,,NO,99,3,75,21,0
Jefferson,Stapleton,TSPLOST,,,NO,107,2,97,8,0
Jefferson,Avera,TSPLOST,,,NO,85,0,80,5,0
