county,precinct,office,district,party,candidate,votes,absentee_by_mail,election_day,advance_in_person,provisional
Ware,,"Public Service Commission, District 3",3,REP,CHUCK EATON (I),2866,124,1962,778,2
Ware,District 1,"Public Service Commission, District 3",3,REP,CHUCK EATON (I),184,22,78,84,0
Ware,District 2A,"Public Service Commission, District 3",3,REP,CHUCK EATON (I),436,22,249,165,0
Ware,District 2B,"Public Service Commission, District 3",3,REP,CHUCK EATON (I),79,8,47,24,0
Ware,1231-150B,"Public Service Commission, District 3",3,REP,CHUCK EATON (I),643,37,439,167,0
Ware,1231-150C,"Public Service Commission, District 3",3,REP,CHUCK EATON (I),134,4,103,26,1
Ware,1231-151,"Public Service Commission, District 3",3,REP,CHUCK EATON (I),606,12,429,165,0
Ware,Beach-Bickley,"Public Service Commission, District 3",3,REP,CHUCK EATON (I),61,0,50,11,0
Ware,Haywood,"Public Service Commission, District 3",3,REP,CHUCK EATON (I),93,3,75,15,0
Ware,Jamestown,"Public Service Commission, District 3",3,REP,CHUCK EATON (I),297,7,229,60,1
Ware,Manor,"Public Service Commission, District 3",3,REP,CHUCK EATON (I),97,5,78,14,0
Ware,Millwood,"Public Service Commission, District 3",3,REP,CHUCK EATON (I),69,1,62,6,0
Ware,Waresboro,"Public Service Commission, District 3",3,REP,CHUCK EATON (I),167,3,123,41,0
Ware,,"Public Service Commission, District 3",3,REP,MATT REID,1515,55,1094,365,1
Ware,District 1,"Public Service Commission, District 3",3,REP,MATT REID,120,20,46,54,0
Ware,District 2A,"Public Service Commission, District 3",3,REP,MATT REID,186,9,119,58,0
Ware,District 2B,"Public Service Commission, District 3",3,REP,MATT REID,29,1,20,8,0
Ware,1231-150B,"Public Service Commission, District 3",3,REP,MATT REID,276,14,187,75,0
Ware,1231-150C,"Public Service Commission, District 3",3,REP,MATT REID,76,1,65,10,0
Ware,1231-151,"Public Service Commission, District 3",3,REP,MATT REID,349,7,255,87,0
Ware,Beach-Bickley,"Public Service Commission, District 3",3,REP,MATT REID,47,0,43,4,0
Ware,Haywood,"Public Service Commission, District 3",3,REP,MATT REID,63,0,59,4,0
Ware,Jamestown,"Public Service Commission, District 3",3,REP,MATT REID,152,0,116,36,0
Ware,Manor,"Public Service Commission, District 3",3,REP,MATT REID,59,2,56,1,0
Ware,Millwood,"Public Service Commission, District 3",3,REP,MATT REID,52,0,48,4,0
Ware,Waresboro,"Public Service Commission, District 3",3,REP,MATT REID,106,1,80,24,1
Ware,,"Public Service Commission, District 3",3,DEM,STEPHEN OPPENHEIMER,892,28,583,281,0
Ware,District 1,"Public Service Commission, District 3",3,DEM,STEPHEN OPPENHEIMER,342,19,177,146,0
Ware,District 2A,"Public Service Commission, District 3",3,DEM,STEPHEN OPPENHEIMER,101,1,58,42,0
Ware,District 2B,"Public Service Commission, District 3",3,DEM,STEPHEN OPPENHEIMER,76,2,42,32,0
Ware,1231-150B,"Public Service Commission, District 3",3,DEM,STEPHEN OPPENHEIMER,127,1,97,29,0
Ware,1231-150C,"Public Service Commission, District 3",3,DEM,STEPHEN OPPENHEIMER,37,1,29,7,0
Ware,1231-151,"Public Service Commission, District 3",3,DEM,STEPHEN OPPENHEIMER,81,4,64,13,0
Ware,Beach-Bickley,"Public Service Commission, District 3",3,DEM,STEPHEN OPPENHEIMER,12,0,11,1,0
Ware,Haywood,"Public Service Commission, District 3",3,DEM,STEPHEN OPPENHEIMER,13,0,12,1,0
Ware,Jamestown,"Public Service Commission, District 3",3,DEM,STEPHEN OPPENHEIMER,44,0,39,5,0
Ware,Manor,"Public Service Commission, District 3",3,DEM,STEPHEN OPPENHEIMER,19,0,16,3,0
Ware,Millwood,"Public Service Commission, District 3",3,DEM,STEPHEN OPPENHEIMER,15,0,15,0,0
Ware,Waresboro,"Public Service Commission, District 3",3,DEM,STEPHEN OPPENHEIMER,25,0,23,2,0
Ware,,"Public Service Commission, District 5",5,REP,PAM DAVIDSON,1699,56,1223,419,1
Ware,District 1,"Public Service Commission, District 5",5,REP,PAM DAVIDSON,147,25,59,63,0
Ware,District 2A,"Public Service Commission, District 5",5,REP,PAM DAVIDSON,223,10,142,71,0
Ware,District 2B,"Public Service Commission, District 5",5,REP,PAM DAVIDSON,46,2,30,14,0
Ware,1231-150B,"Public Service Commission, District 5",5,REP,PAM DAVIDSON,303,12,207,84,0
Ware,1231-150C,"Public Service Commission, District 5",5,REP,PAM DAVIDSON,82,0,67,15,0
Ware,1231-151,"Public Service Commission, District 5",5,REP,PAM DAVIDSON,378,4,278,96,0
Ware,Beach-Bickley,"Public Service Commission, District 5",5,REP,PAM DAVIDSON,51,0,48,3,0
Ware,Haywood,"Public Service Commission, District 5",5,REP,PAM DAVIDSON,70,0,66,4,0
Ware,Jamestown,"Public Service Commission, District 5",5,REP,PAM DAVIDSON,174,1,134,39,0
Ware,Manor,"Public Service Commission, District 5",5,REP,PAM DAVIDSON,52,0,51,1,0
Ware,Millwood,"Public Service Commission, District 5",5,REP,PAM DAVIDSON,55,0,52,3,0
Ware,Waresboro,"Public Service Commission, District 5",5,REP,PAM DAVIDSON,118,2,89,26,1
Ware,,"Public Service Commission, District 5",5,REP,STAN WISE (I),2610,122,1764,722,2
Ware,District 1,"Public Service Commission, District 5",5,REP,STAN WISE (I),152,17,60,75,0
Ware,District 2A,"Public Service Commission, District 5",5,REP,STAN WISE (I),398,21,221,156,0
Ware,District 2B,"Public Service Commission, District 5",5,REP,STAN WISE (I),59,6,35,18,0
Ware,1231-150B,"Public Service Commission, District 5",5,REP,STAN WISE (I),596,39,401,156,0
Ware,1231-150C,"Public Service Commission, District 5",5,REP,STAN WISE (I),128,5,100,22,1
Ware,1231-151,"Public Service Commission, District 5",5,REP,STAN WISE (I),565,15,393,157,0
Ware,Beach-Bickley,"Public Service Commission, District 5",5,REP,STAN WISE (I),55,0,43,12,0
Ware,Haywood,"Public Service Commission, District 5",5,REP,STAN WISE (I),82,3,64,15,0
Ware,Jamestown,"Public Service Commission, District 5",5,REP,STAN WISE (I),261,6,199,55,1
Ware,Manor,"Public Service Commission, District 5",5,REP,STAN WISE (I),102,7,81,14,0
Ware,Millwood,"Public Service Commission, District 5",5,REP,STAN WISE (I),65,1,57,7,0
Ware,Waresboro,"Public Service Commission, District 5",5,REP,STAN WISE (I),147,2,110,35,0
Ware,,"U.S. Representative, District 1",1,REP,JACK KINGSTON (I),4286,175,2975,1133,3
Ware,District 1,"U.S. Representative, District 1",1,REP,JACK KINGSTON (I),263,35,113,115,0
Ware,District 2A,"U.S. Representative, District 1",1,REP,JACK KINGSTON (I),634,32,370,232,0
Ware,District 2B,"U.S. Representative, District 1",1,REP,JACK KINGSTON (I),101,7,61,33,0
Ware,1231-150B,"U.S. Representative, District 1",1,REP,JACK KINGSTON (I),919,56,621,242,0
Ware,1231-150C,"U.S. Representative, District 1",1,REP,JACK KINGSTON (I),209,5,164,39,1
Ware,1231-151,"U.S. Representative, District 1",1,REP,JACK KINGSTON (I),949,17,678,254,0
Ware,Beach-Bickley,"U.S. Representative, District 1",1,REP,JACK KINGSTON (I),96,0,81,15,0
Ware,Haywood,"U.S. Representative, District 1",1,REP,JACK KINGSTON (I),150,3,130,17,0
Ware,Jamestown,"U.S. Representative, District 1",1,REP,JACK KINGSTON (I),430,6,327,96,1
Ware,Manor,"U.S. Representative, District 1",1,REP,JACK KINGSTON (I),153,7,131,15,0
Ware,Millwood,"U.S. Representative, District 1",1,REP,JACK KINGSTON (I),117,3,104,10,0
Ware,Waresboro,"U.S. Representative, District 1",1,REP,JACK KINGSTON (I),265,4,195,65,1
Ware,,"U.S. Representative, District 1",1,DEM,LESLI RAE MESSINGER,564,15,360,189,0
Ware,District 1,"U.S. Representative, District 1",1,DEM,LESLI RAE MESSINGER,230,14,122,94,0
Ware,District 2A,"U.S. Representative, District 1",1,DEM,LESLI RAE MESSINGER,62,0,37,25,0
Ware,District 2B,"U.S. Representative, District 1",1,DEM,LESLI RAE MESSINGER,54,0,29,25,0
Ware,1231-150B,"U.S. Representative, District 1",1,DEM,LESLI RAE MESSINGER,82,0,61,21,0
Ware,1231-150C,"U.S. Representative, District 1",1,DEM,LESLI RAE MESSINGER,22,0,17,5,0
Ware,1231-151,"U.S. Representative, District 1",1,DEM,LESLI RAE MESSINGER,49,1,38,10,0
Ware,Beach-Bickley,"U.S. Representative, District 1",1,DEM,LESLI RAE MESSINGER,8,0,7,1,0
Ware,Haywood,"U.S. Representative, District 1",1,DEM,LESLI RAE MESSINGER,9,0,9,0,0
Ware,Jamestown,"U.S. Representative, District 1",1,DEM,LESLI RAE MESSINGER,25,0,20,5,0
Ware,Manor,"U.S. Representative, District 1",1,DEM,LESLI RAE MESSINGER,7,0,6,1,0
Ware,Millwood,"U.S. Representative, District 1",1,DEM,LESLI RAE MESSINGER,8,0,8,0,0
Ware,Waresboro,"U.S. Representative, District 1",1,DEM,LESLI RAE MESSINGER,8,0,6,2,0
Ware,,"U.S. Representative, District 1",1,DEM,NATHAN C. RUSSO,395,13,264,118,0
Ware,District 1,"U.S. Representative, District 1",1,DEM,NATHAN C. RUSSO,142,4,74,64,0
Ware,District 2A,"U.S. Representative, District 1",1,DEM,NATHAN C. RUSSO,44,1,25,18,0
Ware,District 2B,"U.S. Representative, District 1",1,DEM,NATHAN C. RUSSO,24,2,14,8,0
Ware,1231-150B,"U.S. Representative, District 1",1,DEM,NATHAN C. RUSSO,50,2,40,8,0
Ware,1231-150C,"U.S. Representative, District 1",1,DEM,NATHAN C. RUSSO,19,1,15,3,0
Ware,1231-151,"U.S. Representative, District 1",1,DEM,NATHAN C. RUSSO,43,3,30,10,0
Ware,Beach-Bickley,"U.S. Representative, District 1",1,DEM,NATHAN C. RUSSO,4,0,4,0,0
Ware,Haywood,"U.S. Representative, District 1",1,DEM,NATHAN C. RUSSO,3,0,2,1,0
Ware,Jamestown,"U.S. Representative, District 1",1,DEM,NATHAN C. RUSSO,21,0,18,3,0
Ware,Manor,"U.S. Representative, District 1",1,DEM,NATHAN C. RUSSO,14,0,12,2,0
Ware,Millwood,"U.S. Representative, District 1",1,DEM,NATHAN C. RUSSO,12,0,12,0,0
Ware,Waresboro,"U.S. Representative, District 1",1,DEM,NATHAN C. RUSSO,19,0,18,1,0
Ware,,"State Senator, District 7",7,REP,TYLER HARPER,2438,75,1658,705,0
Ware,District 1,"State Senator, District 7",7,REP,TYLER HARPER,233,21,91,121,0
Ware,District 2A,"State Senator, District 7",7,REP,TYLER HARPER,345,11,196,138,0
Ware,District 2B,"State Senator, District 7",7,REP,TYLER HARPER,63,6,36,21,0
Ware,1231-150B,"State Senator, District 7",7,REP,TYLER HARPER,460,20,310,130,0
Ware,1231-150C,"State Senator, District 7",7,REP,TYLER HARPER,114,1,89,24,0
Ware,1231-151,"State Senator, District 7",7,REP,TYLER HARPER,510,3,372,135,0
Ware,Beach-Bickley,"State Senator, District 7",7,REP,TYLER HARPER,65,0,52,13,0
Ware,Haywood,"State Senator, District 7",7,REP,TYLER HARPER,90,3,74,13,0
Ware,Jamestown,"State Senator, District 7",7,REP,TYLER HARPER,249,2,187,60,0
Ware,Manor,"State Senator, District 7",7,REP,TYLER HARPER,91,5,81,5,0
Ware,Millwood,"State Senator, District 7",7,REP,TYLER HARPER,83,1,77,5,0
Ware,Waresboro,"State Senator, District 7",7,REP,TYLER HARPER,135,2,93,40,0
Ware,,"State Senator, District 7",7,REP,MARK HATFIELD,2364,106,1691,564,3
Ware,District 1,"State Senator, District 7",7,REP,MARK HATFIELD,94,17,42,35,0
Ware,District 2A,"State Senator, District 7",7,REP,MARK HATFIELD,344,20,212,112,0
Ware,District 2B,"State Senator, District 7",7,REP,MARK HATFIELD,52,3,36,13,0
Ware,1231-150B,"State Senator, District 7",7,REP,MARK HATFIELD,551,39,370,142,0
Ware,1231-150C,"State Senator, District 7",7,REP,MARK HATFIELD,126,4,103,18,1
Ware,1231-151,"State Senator, District 7",7,REP,MARK HATFIELD,545,13,382,150,0
Ware,Beach-Bickley,"State Senator, District 7",7,REP,MARK HATFIELD,46,0,44,2,0
Ware,Haywood,"State Senator, District 7",7,REP,MARK HATFIELD,79,0,73,6,0
Ware,Jamestown,"State Senator, District 7",7,REP,MARK HATFIELD,236,4,186,45,1
Ware,Manor,"State Senator, District 7",7,REP,MARK HATFIELD,80,2,68,10,0
Ware,Millwood,"State Senator, District 7",7,REP,MARK HATFIELD,51,2,46,3,0
Ware,Waresboro,"State Senator, District 7",7,REP,MARK HATFIELD,160,2,129,28,1
Ware,,"State Senator, District 7",7,REP,RODNEY VICKERS,159,13,105,41,0
Ware,District 1,"State Senator, District 7",7,REP,RODNEY VICKERS,16,2,10,4,0
Ware,District 2A,"State Senator, District 7",7,REP,RODNEY VICKERS,22,3,12,7,0
Ware,District 2B,"State Senator, District 7",7,REP,RODNEY VICKERS,3,0,1,2,0
Ware,1231-150B,"State Senator, District 7",7,REP,RODNEY VICKERS,40,3,29,8,0
Ware,1231-150C,"State Senator, District 7",7,REP,RODNEY VICKERS,3,0,2,1,0
Ware,1231-151,"State Senator, District 7",7,REP,RODNEY VICKERS,32,3,24,5,0
Ware,Beach-Bickley,"State Senator, District 7",7,REP,RODNEY VICKERS,7,0,7,0,0
Ware,Haywood,"State Senator, District 7",7,REP,RODNEY VICKERS,3,0,1,2,0
Ware,Jamestown,"State Senator, District 7",7,REP,RODNEY VICKERS,9,2,4,3,0
Ware,Manor,"State Senator, District 7",7,REP,RODNEY VICKERS,6,0,5,1,0
Ware,Millwood,"State Senator, District 7",7,REP,RODNEY VICKERS,5,0,2,3,0
Ware,Waresboro,"State Senator, District 7",7,REP,RODNEY VICKERS,13,0,8,5,0
Ware,,"State Senator, District 7",7,DEM,DONALD MITCHELL,889,25,587,277,0
Ware,District 1,"State Senator, District 7",7,DEM,DONALD MITCHELL,347,17,186,144,0
Ware,District 2A,"State Senator, District 7",7,DEM,DONALD MITCHELL,99,1,57,41,0
Ware,District 2B,"State Senator, District 7",7,DEM,DONALD MITCHELL,77,2,43,32,0
Ware,1231-150B,"State Senator, District 7",7,DEM,DONALD MITCHELL,125,0,100,25,0
Ware,1231-150C,"State Senator, District 7",7,DEM,DONALD MITCHELL,36,1,27,8,0
Ware,1231-151,"State Senator, District 7",7,DEM,DONALD MITCHELL,82,4,64,14,0
Ware,Beach-Bickley,"State Senator, District 7",7,DEM,DONALD MITCHELL,9,0,8,1,0
Ware,Haywood,"State Senator, District 7",7,DEM,DONALD MITCHELL,12,0,11,1,0
Ware,Jamestown,"State Senator, District 7",7,DEM,DONALD MITCHELL,43,0,38,5,0
Ware,Manor,"State Senator, District 7",7,DEM,DONALD MITCHELL,20,0,16,4,0
Ware,Millwood,"State Senator, District 7",7,DEM,DONALD MITCHELL,15,0,15,0,0
Ware,Waresboro,"State Senator, District 7",7,DEM,DONALD MITCHELL,24,0,22,2,0
Ware,,"State Representative, District 174",174,REP,ELLIS BLACK (I),445,29,323,91,2
Ware,District 1,"State Representative, District 174",174,REP,ELLIS BLACK (I),95,15,49,31,0
Ware,District 2B,"State Representative, District 174",174,REP,ELLIS BLACK (I),12,2,4,6,0
Ware,1231-150C,"State Representative, District 174",174,REP,ELLIS BLACK (I),183,5,142,35,1
Ware,1231-151,"State Representative, District 174",174,REP,ELLIS BLACK (I),2,0,1,1,0
Ware,Manor,"State Representative, District 174",174,REP,ELLIS BLACK (I),145,7,122,16,0
Ware,Waresboro,"State Representative, District 174",174,REP,ELLIS BLACK (I),8,0,5,2,1
Ware,,"State Representative, District 174",174,DEM,TERESA LAWRENCE,192,3,131,58,0
Ware,District 1,"State Representative, District 174",174,DEM,TERESA LAWRENCE,135,3,87,45,0
Ware,District 2B,"State Representative, District 174",174,DEM,TERESA LAWRENCE,6,0,4,2,0
Ware,1231-150C,"State Representative, District 174",174,DEM,TERESA LAWRENCE,34,0,26,8,0
Ware,1231-151,"State Representative, District 174",174,DEM,TERESA LAWRENCE,0,0,0,0,0
Ware,Manor,"State Representative, District 174",174,DEM,TERESA LAWRENCE,17,0,14,3,0
Ware,Waresboro,"State Representative, District 174",174,DEM,TERESA LAWRENCE,0,0,0,0,0
Ware,,"State Representative, District 176",176,REP,JASON SHAW (I),1876,82,1331,462,1
Ware,District 1,"State Representative, District 176",176,REP,JASON SHAW (I),152,20,52,80,0
Ware,District 2A,"State Representative, District 176",176,REP,JASON SHAW (I),7,2,2,3,0
Ware,District 2B,"State Representative, District 176",176,REP,JASON SHAW (I),6,2,2,2,0
Ware,1231-150B,"State Representative, District 176",176,REP,JASON SHAW (I),795,44,546,205,0
Ware,Beach-Bickley,"State Representative, District 176",176,REP,JASON SHAW (I),84,0,69,15,0
Ware,Haywood,"State Representative, District 176",176,REP,JASON SHAW (I),131,3,112,16,0
Ware,Jamestown,"State Representative, District 176",176,REP,JASON SHAW (I),376,5,291,79,1
Ware,Millwood,"State Representative, District 176",176,REP,JASON SHAW (I),103,2,92,9,0
Ware,Waresboro,"State Representative, District 176",176,REP,JASON SHAW (I),222,4,165,53,0
Ware,,"State Representative, District 180",180,REP,ADAM JACOBSON,896,24,621,251,0
Ware,District 2A,"State Representative, District 180",180,REP,ADAM JACOBSON,360,11,219,130,0
Ware,District 2B,"State Representative, District 180",180,REP,ADAM JACOBSON,53,4,39,10,0
Ware,1231-151,"State Representative, District 180",180,REP,ADAM JACOBSON,483,9,363,111,0
Ware,,"State Representative, District 180",180,REP,JASON SPENCER (I),866,30,557,279,0
Ware,District 2A,"State Representative, District 180",180,REP,JASON SPENCER (I),311,20,181,110,0
Ware,District 2B,"State Representative, District 180",180,REP,JASON SPENCER (I),33,0,22,11,0
Ware,1231-151,"State Representative, District 180",180,REP,JASON SPENCER (I),522,10,354,158,0
Ware,,"CLERK, SUPERIOR COURT", SUPERIOR COURT - R,,MELBA H. FIVEASH,4288,180,2959,1146,3
Ware,District 1,"CLERK, SUPERIOR COURT", SUPERIOR COURT - R,,MELBA H. FIVEASH,277,36,115,126,0
Ware,District 2A,"CLERK, SUPERIOR COURT", SUPERIOR COURT - R,,MELBA H. FIVEASH,629,33,360,236,0
Ware,District 2B,"CLERK, SUPERIOR COURT", SUPERIOR COURT - R,,MELBA H. FIVEASH,101,8,61,32,0
Ware,1231-150B,"CLERK, SUPERIOR COURT", SUPERIOR COURT - R,,MELBA H. FIVEASH,924,58,618,248,0
Ware,1231-150C,"CLERK, SUPERIOR COURT", SUPERIOR COURT - R,,MELBA H. FIVEASH,206,4,163,38,1
Ware,1231-151,"CLERK, SUPERIOR COURT", SUPERIOR COURT - R,,MELBA H. FIVEASH,946,18,681,247,0
Ware,Beach-Bickley,"CLERK, SUPERIOR COURT", SUPERIOR COURT - R,,MELBA H. FIVEASH,95,0,80,15,0
Ware,Haywood,"CLERK, SUPERIOR COURT", SUPERIOR COURT - R,,MELBA H. FIVEASH,148,3,127,18,0
Ware,Jamestown,"CLERK, SUPERIOR COURT", SUPERIOR COURT - R,,MELBA H. FIVEASH,427,6,325,95,1
Ware,Manor,"CLERK, SUPERIOR COURT", SUPERIOR COURT - R,,MELBA H. FIVEASH,156,7,133,16,0
Ware,Millwood,"CLERK, SUPERIOR COURT", SUPERIOR COURT - R,,MELBA H. FIVEASH,116,3,102,11,0
Ware,Waresboro,"CLERK, SUPERIOR COURT", SUPERIOR COURT - R,,MELBA H. FIVEASH,263,4,194,64,1
Ware,,SHERIFF,,,RANDY F. ROYAL ,4394,175,3037,1179,3
Ware,District 1,SHERIFF,,,RANDY F. ROYAL ,281,35,118,128,0
Ware,District 2A,SHERIFF,,,RANDY F. ROYAL ,652,33,379,240,0
Ware,District 2B,SHERIFF,,,RANDY F. ROYAL ,104,7,66,31,0
Ware,1231-150B,SHERIFF,,,RANDY F. ROYAL ,939,55,630,254,0
Ware,1231-150C,SHERIFF,,,RANDY F. ROYAL ,208,5,164,38,1
Ware,1231-151,SHERIFF,,,RANDY F. ROYAL ,981,19,698,264,0
Ware,Beach-Bickley,SHERIFF,,,RANDY F. ROYAL ,100,0,85,15,0
Ware,Haywood,SHERIFF,,,RANDY F. ROYAL ,149,3,126,20,0
Ware,Jamestown,SHERIFF,,,RANDY F. ROYAL ,436,5,331,99,1
Ware,Manor,SHERIFF,,,RANDY F. ROYAL ,159,7,136,16,0
Ware,Millwood,SHERIFF,,,RANDY F. ROYAL ,118,3,104,11,0
Ware,Waresboro,SHERIFF,,,RANDY F. ROYAL ,267,3,200,63,1
Ware,,TAX COMMISSIONER,,,STEVE A. BARNARD ,2302,107,1604,590,1
Ware,District 1,TAX COMMISSIONER,,,STEVE A. BARNARD ,145,20,60,65,0
Ware,District 2A,TAX COMMISSIONER,,,STEVE A. BARNARD ,328,15,193,120,0
Ware,District 2B,TAX COMMISSIONER,,,STEVE A. BARNARD ,52,7,31,14,0
Ware,1231-150B,TAX COMMISSIONER,,,STEVE A. BARNARD ,599,44,398,157,0
Ware,1231-150C,TAX COMMISSIONER,,,STEVE A. BARNARD ,110,3,89,18,0
Ware,1231-151,TAX COMMISSIONER,,,STEVE A. BARNARD ,446,6,315,125,0
Ware,Beach-Bickley,TAX COMMISSIONER,,,STEVE A. BARNARD ,64,0,58,6,0
Ware,Haywood,TAX COMMISSIONER,,,STEVE A. BARNARD ,77,2,63,12,0
Ware,Jamestown,TAX COMMISSIONER,,,STEVE A. BARNARD ,203,3,163,36,1
Ware,Manor,TAX COMMISSIONER,,,STEVE A. BARNARD ,93,4,76,13,0
Ware,Millwood,TAX COMMISSIONER,,,STEVE A. BARNARD ,56,2,53,1,0
Ware,Waresboro,TAX COMMISSIONER,,,STEVE A. BARNARD ,129,1,105,23,0
Ware,,TAX COMMISSIONER,,,ROGER E. COLLINS,1468,58,981,428,1
Ware,District 1,TAX COMMISSIONER,,,ROGER E. COLLINS,130,16,58,56,0
Ware,District 2A,TAX COMMISSIONER,,,ROGER E. COLLINS,199,15,104,80,0
Ware,District 2B,TAX COMMISSIONER,,,ROGER E. COLLINS,42,1,27,14,0
Ware,1231-150B,TAX COMMISSIONER,,,ROGER E. COLLINS,230,9,153,68,0
Ware,1231-150C,TAX COMMISSIONER,,,ROGER E. COLLINS,80,1,62,17,0
Ware,1231-151,TAX COMMISSIONER,,,ROGER E. COLLINS,346,8,239,99,0
Ware,Beach-Bickley,TAX COMMISSIONER,,,ROGER E. COLLINS,29,0,24,5,0
Ware,Haywood,TAX COMMISSIONER,,,ROGER E. COLLINS,43,0,36,7,0
Ware,Jamestown,TAX COMMISSIONER,,,ROGER E. COLLINS,170,2,122,46,0
Ware,Manor,TAX COMMISSIONER,,,ROGER E. COLLINS,53,3,49,1,0
Ware,Millwood,TAX COMMISSIONER,,,ROGER E. COLLINS,37,0,33,4,0
Ware,Waresboro,TAX COMMISSIONER,,,ROGER E. COLLINS,109,3,74,31,1
Ware,,TAX COMMISSIONER,,,MARK R. OSBURN SR.,1122,32,814,275,1
Ware,District 1,TAX COMMISSIONER,,,MARK R. OSBURN SR.,64,6,22,36,0
Ware,District 2A,TAX COMMISSIONER,,,MARK R. OSBURN SR.,163,5,107,51,0
Ware,District 2B,TAX COMMISSIONER,,,MARK R. OSBURN SR.,23,1,15,7,0
Ware,1231-150B,TAX COMMISSIONER,,,MARK R. OSBURN SR.,215,9,150,56,0
Ware,1231-150C,TAX COMMISSIONER,,,MARK R. OSBURN SR.,50,1,41,7,1
Ware,1231-151,TAX COMMISSIONER,,,MARK R. OSBURN SR.,274,5,208,61,0
Ware,Beach-Bickley,TAX COMMISSIONER,,,MARK R. OSBURN SR.,23,0,19,4,0
Ware,Haywood,TAX COMMISSIONER,,,MARK R. OSBURN SR.,51,1,47,3,0
Ware,Jamestown,TAX COMMISSIONER,,,MARK R. OSBURN SR.,119,3,90,26,0
Ware,Manor,TAX COMMISSIONER,,,MARK R. OSBURN SR.,31,0,29,2,0
Ware,Millwood,TAX COMMISSIONER,,,MARK R. OSBURN SR.,44,1,37,6,0
Ware,Waresboro,TAX COMMISSIONER,,,MARK R. OSBURN SR.,65,0,49,16,0
Ware,,CORONER,,,BRADLEY E BRAVERMAN,2793,118,1978,695,2
Ware,District 1,CORONER,,,BRADLEY E BRAVERMAN,187,26,75,86,0
Ware,District 2A,CORONER,,,BRADLEY E BRAVERMAN,464,28,277,159,0
Ware,District 2B,CORONER,,,BRADLEY E BRAVERMAN,67,5,40,22,0
Ware,1231-150B,CORONER,,,BRADLEY E BRAVERMAN,575,33,420,122,0
Ware,1231-150C,CORONER,,,BRADLEY E BRAVERMAN,134,2,107,25,0
Ware,1231-151,CORONER,,,BRADLEY E BRAVERMAN,584,9,422,153,0
Ware,Beach-Bickley,CORONER,,,BRADLEY E BRAVERMAN,58,0,48,10,0
Ware,Haywood,CORONER,,,BRADLEY E BRAVERMAN,102,2,87,13,0
Ware,Jamestown,CORONER,,,BRADLEY E BRAVERMAN,277,3,217,56,1
Ware,Manor,CORONER,,,BRADLEY E BRAVERMAN,105,7,89,9,0
Ware,Millwood,CORONER,,,BRADLEY E BRAVERMAN,78,1,71,6,0
Ware,Waresboro,CORONER,,,BRADLEY E BRAVERMAN,162,2,125,34,1
Ware,,CORONER,,,ARNEY L. HERRIN JR.,303,5,230,68,0
Ware,District 1,CORONER,,,ARNEY L. HERRIN JR.,102,4,66,32,0
Ware,District 2A,CORONER,,,ARNEY L. HERRIN JR.,32,0,23,9,0
Ware,District 2B,CORONER,,,ARNEY L. HERRIN JR.,22,0,15,7,0
Ware,1231-150B,CORONER,,,ARNEY L. HERRIN JR.,27,0,24,3,0
Ware,1231-150C,CORONER,,,ARNEY L. HERRIN JR.,17,0,17,0,0
Ware,1231-151,CORONER,,,ARNEY L. HERRIN JR.,43,1,35,7,0
Ware,Beach-Bickley,CORONER,,,ARNEY L. HERRIN JR.,3,0,3,0,0
Ware,Haywood,CORONER,,,ARNEY L. HERRIN JR.,4,0,3,1,0
Ware,Jamestown,CORONER,,,ARNEY L. HERRIN JR.,17,0,12,5,0
Ware,Manor,CORONER,,,ARNEY L. HERRIN JR.,19,0,17,2,0
Ware,Millwood,CORONER,,,ARNEY L. HERRIN JR.,8,0,8,0,0
Ware,Waresboro,CORONER,,,ARNEY L. HERRIN JR.,9,0,7,2,0
Ware,,CORONER,,,ATHA M. LUCAS ,893,29,561,303,0
Ware,District 1,CORONER,,,ATHA M. LUCAS ,350,17,177,156,0
Ware,District 2A,CORONER,,,ATHA M. LUCAS ,97,2,56,39,0
Ware,District 2B,CORONER,,,ATHA M. LUCAS ,70,2,36,32,0
Ware,1231-150B,CORONER,,,ATHA M. LUCAS ,142,4,107,31,0
Ware,1231-150C,CORONER,,,ATHA M. LUCAS ,32,1,21,10,0
Ware,1231-151,CORONER,,,ATHA M. LUCAS ,87,3,60,24,0
Ware,Beach-Bickley,CORONER,,,ATHA M. LUCAS ,10,0,9,1,0
Ware,Haywood,CORONER,,,ATHA M. LUCAS ,11,0,10,1,0
Ware,Jamestown,CORONER,,,ATHA M. LUCAS ,40,0,36,4,0
Ware,Manor,CORONER,,,ATHA M. LUCAS ,15,0,11,4,0
Ware,Millwood,CORONER,,,ATHA M. LUCAS ,12,0,12,0,0
Ware,Waresboro,CORONER,,,ATHA M. LUCAS ,27,0,26,1,0
Ware,,CC CHAIR,,,JAMES L. BROWN ,3748,165,2561,1019,3
Ware,District 1,CC CHAIR,,,JAMES L. BROWN ,244,33,102,109,0
Ware,District 2A,CC CHAIR,,,JAMES L. BROWN ,567,31,324,212,0
Ware,District 2B,CC CHAIR,,,JAMES L. BROWN ,94,8,56,30,0
Ware,1231-150B,CC CHAIR,,,JAMES L. BROWN ,797,50,529,218,0
Ware,1231-150C,CC CHAIR,,,JAMES L. BROWN ,185,5,148,31,1
Ware,1231-151,CC CHAIR,,,JAMES L. BROWN ,830,16,584,230,0
Ware,Beach-Bickley,CC CHAIR,,,JAMES L. BROWN ,77,0,63,14,0
Ware,Haywood,CC CHAIR,,,JAMES L. BROWN ,131,3,110,18,0
Ware,Jamestown,CC CHAIR,,,JAMES L. BROWN ,364,5,276,82,1
Ware,Manor,CC CHAIR,,,JAMES L. BROWN ,133,7,112,14,0
Ware,Millwood,CC CHAIR,,,JAMES L. BROWN ,100,3,88,9,0
Ware,Waresboro,CC CHAIR,,,JAMES L. BROWN ,226,4,169,52,1
Ware,,"CC, D2", D2 - R,,GENE DIXON ,1227,53,777,397,0
Ware,District 2A,"CC, D2", D2 - R,,GENE DIXON ,544,30,316,198,0
Ware,District 2B,"CC, D2", D2 - R,,GENE DIXON ,96,8,58,30,0
Ware,1231-151,"CC, D2", D2 - R,,GENE DIXON ,587,15,403,169,0
Ware,,"CC, D4", D4 - R,,VICTOR N ALDRIDGE,1358,21,1061,273,3
Ware,1231-150C,"CC, D4", D4 - R,,VICTOR N ALDRIDGE,41,0,28,12,1
Ware,1231-151,"CC, D4", D4 - R,,VICTOR N ALDRIDGE,224,1,167,56,0
Ware,Beach-Bickley,"CC, D4", D4 - R,,VICTOR N ALDRIDGE,84,0,71,13,0
Ware,Haywood,"CC, D4", D4 - R,,VICTOR N ALDRIDGE,133,2,113,18,0
Ware,Jamestown,"CC, D4", D4 - R,,VICTOR N ALDRIDGE,384,5,289,89,1
Ware,Manor,"CC, D4", D4 - R,,VICTOR N ALDRIDGE,139,7,117,15,0
Ware,Millwood,"CC, D4", D4 - R,,VICTOR N ALDRIDGE,104,2,91,11,0
Ware,Waresboro,"CC, D4", D4 - R,,VICTOR N ALDRIDGE,249,4,185,59,1
Ware,,Republican Party Question 1<br>Should Georgia have casino gambling with funds going to education?,,REP,YES,1970,57,1379,534,0
Ware,District 1,Republican Party Question 1<br>Should Georgia have casino gambling with funds going to education?,,REP,YES,151,18,66,67,0
Ware,District 2A,Republican Party Question 1<br>Should Georgia have casino gambling with funds going to education?,,REP,YES,310,10,182,118,0
Ware,District 2B,Republican Party Question 1<br>Should Georgia have casino gambling with funds going to education?,,REP,YES,55,2,41,12,0
Ware,1231-150B,Republican Party Question 1<br>Should Georgia have casino gambling with funds going to education?,,REP,YES,406,17,285,104,0
Ware,1231-150C,Republican Party Question 1<br>Should Georgia have casino gambling with funds going to education?,,REP,YES,108,0,89,19,0
Ware,1231-151,Republican Party Question 1<br>Should Georgia have casino gambling with funds going to education?,,REP,YES,422,4,301,117,0
Ware,Beach-Bickley,Republican Party Question 1<br>Should Georgia have casino gambling with funds going to education?,,REP,YES,36,0,33,3,0
Ware,Haywood,Republican Party Question 1<br>Should Georgia have casino gambling with funds going to education?,,REP,YES,61,1,54,6,0
Ware,Jamestown,Republican Party Question 1<br>Should Georgia have casino gambling with funds going to education?,,REP,YES,195,0,147,48,0
Ware,Manor,Republican Party Question 1<br>Should Georgia have casino gambling with funds going to education?,,REP,YES,56,0,51,5,0
Ware,Millwood,Republican Party Question 1<br>Should Georgia have casino gambling with funds going to education?,,REP,YES,45,2,38,5,0
Ware,Waresboro,Republican Party Question 1<br>Should Georgia have casino gambling with funds going to education?,,REP,YES,125,3,92,30,0
Ware,,Republican Party Question 1<br>Should Georgia have casino gambling with funds going to education?,,REP,NO,2945,137,2040,765,3
Ware,District 1,Republican Party Question 1<br>Should Georgia have casino gambling with funds going to education?,,REP,NO,181,24,72,85,0
Ware,District 2A,Republican Party Question 1<br>Should Georgia have casino gambling with funds going to education?,,REP,NO,402,23,238,141,0
Ware,District 2B,Republican Party Question 1<br>Should Georgia have casino gambling with funds going to education?,,REP,NO,65,6,35,24,0
Ware,1231-150B,Republican Party Question 1<br>Should Georgia have casino gambling with funds going to education?,,REP,NO,635,45,415,175,0
Ware,1231-150C,Republican Party Question 1<br>Should Georgia have casino gambling with funds going to education?,,REP,NO,130,5,99,25,1
Ware,1231-151,Republican Party Question 1<br>Should Georgia have casino gambling with funds going to education?,,REP,NO,660,15,472,173,0
Ware,Beach-Bickley,Republican Party Question 1<br>Should Georgia have casino gambling with funds going to education?,,REP,NO,82,0,70,12,0
Ware,Haywood,Republican Party Question 1<br>Should Georgia have casino gambling with funds going to education?,,REP,NO,109,2,92,15,0
Ware,Jamestown,Republican Party Question 1<br>Should Georgia have casino gambling with funds going to education?,,REP,NO,295,8,228,58,1
Ware,Manor,Republican Party Question 1<br>Should Georgia have casino gambling with funds going to education?,,REP,NO,119,7,101,11,0
Ware,Millwood,Republican Party Question 1<br>Should Georgia have casino gambling with funds going to education?,,REP,NO,93,1,86,6,0
Ware,Waresboro,Republican Party Question 1<br>Should Georgia have casino gambling with funds going to education?,,REP,NO,174,1,132,40,1
Ware,,Republican Party Question 2<br>Do you support ending the current practice of unlimited gifts from lobbyists to state legislators by imposing a $100 cap on such gifts?,,REP,YES,4046,164,2816,1063,3
Ware,District 1,Republican Party Question 2<br>Do you support ending the current practice of unlimited gifts from lobbyists to state legislators by imposing a $100 cap on such gifts?,,REP,YES,253,32,104,117,0
Ware,District 2A,Republican Party Question 2<br>Do you support ending the current practice of unlimited gifts from lobbyists to state legislators by imposing a $100 cap on such gifts?,,REP,YES,608,30,365,213,0
Ware,District 2B,Republican Party Question 2<br>Do you support ending the current practice of unlimited gifts from lobbyists to state legislators by imposing a $100 cap on such gifts?,,REP,YES,76,4,44,28,0
Ware,1231-150B,Republican Party Question 2<br>Do you support ending the current practice of unlimited gifts from lobbyists to state legislators by imposing a $100 cap on such gifts?,,REP,YES,850,52,574,224,0
Ware,1231-150C,Republican Party Question 2<br>Do you support ending the current practice of unlimited gifts from lobbyists to state legislators by imposing a $100 cap on such gifts?,,REP,YES,193,5,153,34,1
Ware,1231-151,Republican Party Question 2<br>Do you support ending the current practice of unlimited gifts from lobbyists to state legislators by imposing a $100 cap on such gifts?,,REP,YES,925,18,658,249,0
Ware,Beach-Bickley,Republican Party Question 2<br>Do you support ending the current practice of unlimited gifts from lobbyists to state legislators by imposing a $100 cap on such gifts?,,REP,YES,95,0,83,12,0
Ware,Haywood,Republican Party Question 2<br>Do you support ending the current practice of unlimited gifts from lobbyists to state legislators by imposing a $100 cap on such gifts?,,REP,YES,140,3,120,17,0
Ware,Jamestown,Republican Party Question 2<br>Do you support ending the current practice of unlimited gifts from lobbyists to state legislators by imposing a $100 cap on such gifts?,,REP,YES,399,8,298,92,1
Ware,Manor,Republican Party Question 2<br>Do you support ending the current practice of unlimited gifts from lobbyists to state legislators by imposing a $100 cap on such gifts?,,REP,YES,139,5,122,12,0
Ware,Millwood,Republican Party Question 2<br>Do you support ending the current practice of unlimited gifts from lobbyists to state legislators by imposing a $100 cap on such gifts?,,REP,YES,117,3,105,9,0
Ware,Waresboro,Republican Party Question 2<br>Do you support ending the current practice of unlimited gifts from lobbyists to state legislators by imposing a $100 cap on such gifts?,,REP,YES,251,4,190,56,1
Ware,,Republican Party Question 2<br>Do you support ending the current practice of unlimited gifts from lobbyists to state legislators by imposing a $100 cap on such gifts?,,REP,NO,764,30,527,207,0
Ware,District 1,Republican Party Question 2<br>Do you support ending the current practice of unlimited gifts from lobbyists to state legislators by imposing a $100 cap on such gifts?,,REP,NO,74,10,31,33,0
Ware,District 2A,Republican Party Question 2<br>Do you support ending the current practice of unlimited gifts from lobbyists to state legislators by imposing a $100 cap on such gifts?,,REP,NO,87,3,46,38,0
Ware,District 2B,Republican Party Question 2<br>Do you support ending the current practice of unlimited gifts from lobbyists to state legislators by imposing a $100 cap on such gifts?,,REP,NO,34,5,22,7,0
Ware,1231-150B,Republican Party Question 2<br>Do you support ending the current practice of unlimited gifts from lobbyists to state legislators by imposing a $100 cap on such gifts?,,REP,NO,175,9,117,49,0
Ware,1231-150C,Republican Party Question 2<br>Do you support ending the current practice of unlimited gifts from lobbyists to state legislators by imposing a $100 cap on such gifts?,,REP,NO,43,0,34,9,0
Ware,1231-151,Republican Party Question 2<br>Do you support ending the current practice of unlimited gifts from lobbyists to state legislators by imposing a $100 cap on such gifts?,,REP,NO,134,1,99,34,0
Ware,Beach-Bickley,Republican Party Question 2<br>Do you support ending the current practice of unlimited gifts from lobbyists to state legislators by imposing a $100 cap on such gifts?,,REP,NO,21,0,18,3,0
Ware,Haywood,Republican Party Question 2<br>Do you support ending the current practice of unlimited gifts from lobbyists to state legislators by imposing a $100 cap on such gifts?,,REP,NO,23,0,19,4,0
Ware,Jamestown,Republican Party Question 2<br>Do you support ending the current practice of unlimited gifts from lobbyists to state legislators by imposing a $100 cap on such gifts?,,REP,NO,78,0,66,12,0
Ware,Manor,Republican Party Question 2<br>Do you support ending the current practice of unlimited gifts from lobbyists to state legislators by imposing a $100 cap on such gifts?,,REP,NO,31,2,26,3,0
Ware,Millwood,Republican Party Question 2<br>Do you support ending the current practice of unlimited gifts from lobbyists to state legislators by imposing a $100 cap on such gifts?,,REP,NO,18,0,16,2,0
Ware,Waresboro,Republican Party Question 2<br>Do you support ending the current practice of unlimited gifts from lobbyists to state legislators by imposing a $100 cap on such gifts?,,REP,NO,46,0,33,13,0
Ware,,Republican Party Question 3<br>Should active duty military personnel who are under the age of 21 be allowed to obtain a Georgia weapons license?,,REP,YES,3294,107,2346,838,3
Ware,District 1,Republican Party Question 3<br>Should active duty military personnel who are under the age of 21 be allowed to obtain a Georgia weapons license?,,REP,YES,157,15,69,73,0
Ware,District 2A,Republican Party Question 3<br>Should active duty military personnel who are under the age of 21 be allowed to obtain a Georgia weapons license?,,REP,YES,464,20,281,163,0
Ware,District 2B,Republican Party Question 3<br>Should active duty military personnel who are under the age of 21 be allowed to obtain a Georgia weapons license?,,REP,YES,69,3,48,18,0
Ware,1231-150B,Republican Party Question 3<br>Should active duty military personnel who are under the age of 21 be allowed to obtain a Georgia weapons license?,,REP,YES,710,37,485,188,0
Ware,1231-150C,Republican Party Question 3<br>Should active duty military personnel who are under the age of 21 be allowed to obtain a Georgia weapons license?,,REP,YES,170,2,137,30,1
Ware,1231-151,Republican Party Question 3<br>Should active duty military personnel who are under the age of 21 be allowed to obtain a Georgia weapons license?,,REP,YES,735,10,532,193,0
Ware,Beach-Bickley,Republican Party Question 3<br>Should active duty military personnel who are under the age of 21 be allowed to obtain a Georgia weapons license?,,REP,YES,78,0,68,10,0
Ware,Haywood,Republican Party Question 3<br>Should active duty military personnel who are under the age of 21 be allowed to obtain a Georgia weapons license?,,REP,YES,116,3,95,18,0
Ware,Jamestown,Republican Party Question 3<br>Should active duty military personnel who are under the age of 21 be allowed to obtain a Georgia weapons license?,,REP,YES,353,6,264,82,1
Ware,Manor,Republican Party Question 3<br>Should active duty military personnel who are under the age of 21 be allowed to obtain a Georgia weapons license?,,REP,YES,120,7,107,6,0
Ware,Millwood,Republican Party Question 3<br>Should active duty military personnel who are under the age of 21 be allowed to obtain a Georgia weapons license?,,REP,YES,99,2,89,8,0
Ware,Waresboro,Republican Party Question 3<br>Should active duty military personnel who are under the age of 21 be allowed to obtain a Georgia weapons license?,,REP,YES,223,2,171,49,1
Ware,,Republican Party Question 3<br>Should active duty military personnel who are under the age of 21 be allowed to obtain a Georgia weapons license?,,REP,NO,1569,82,1044,443,0
Ware,District 1,Republican Party Question 3<br>Should active duty military personnel who are under the age of 21 be allowed to obtain a Georgia weapons license?,,REP,NO,177,27,69,81,0
Ware,District 2A,Republican Party Question 3<br>Should active duty military personnel who are under the age of 21 be allowed to obtain a Georgia weapons license?,,REP,NO,234,13,129,92,0
Ware,District 2B,Republican Party Question 3<br>Should active duty military personnel who are under the age of 21 be allowed to obtain a Georgia weapons license?,,REP,NO,43,5,22,16,0
Ware,1231-150B,Republican Party Question 3<br>Should active duty military personnel who are under the age of 21 be allowed to obtain a Georgia weapons license?,,REP,NO,322,22,215,85,0
Ware,1231-150C,Republican Party Question 3<br>Should active duty military personnel who are under the age of 21 be allowed to obtain a Georgia weapons license?,,REP,NO,70,3,54,13,0
Ware,1231-151,Republican Party Question 3<br>Should active duty military personnel who are under the age of 21 be allowed to obtain a Georgia weapons license?,,REP,NO,329,9,230,90,0
Ware,Beach-Bickley,Republican Party Question 3<br>Should active duty military personnel who are under the age of 21 be allowed to obtain a Georgia weapons license?,,REP,NO,39,0,34,5,0
Ware,Haywood,Republican Party Question 3<br>Should active duty military personnel who are under the age of 21 be allowed to obtain a Georgia weapons license?,,REP,NO,53,0,50,3,0
Ware,Jamestown,Republican Party Question 3<br>Should active duty military personnel who are under the age of 21 be allowed to obtain a Georgia weapons license?,,REP,NO,128,0,103,25,0
Ware,Manor,Republican Party Question 3<br>Should active duty military personnel who are under the age of 21 be allowed to obtain a Georgia weapons license?,,REP,NO,52,0,43,9,0
Ware,Millwood,Republican Party Question 3<br>Should active duty military personnel who are under the age of 21 be allowed to obtain a Georgia weapons license?,,REP,NO,40,1,36,3,0
Ware,Waresboro,Republican Party Question 3<br>Should active duty military personnel who are under the age of 21 be allowed to obtain a Georgia weapons license?,,REP,NO,82,2,59,21,0
Ware,,Republican Party Question 4<br>Should Citizens who wish to vote in a primary election be required to register by their political party affiliation at least thirty (30) days prior to such primary election?,,REP,YES,2545,127,1741,674,3
Ware,District 1,Republican Party Question 4<br>Should Citizens who wish to vote in a primary election be required to register by their political party affiliation at least thirty (30) days prior to such primary election?,,REP,YES,135,23,58,54,0
Ware,District 2A,Republican Party Question 4<br>Should Citizens who wish to vote in a primary election be required to register by their political party affiliation at least thirty (30) days prior to such primary election?,,REP,YES,354,24,208,122,0
Ware,District 2B,Republican Party Question 4<br>Should Citizens who wish to vote in a primary election be required to register by their political party affiliation at least thirty (30) days prior to such primary election?,,REP,YES,58,5,31,22,0
Ware,1231-150B,Republican Party Question 4<br>Should Citizens who wish to vote in a primary election be required to register by their political party affiliation at least thirty (30) days prior to such primary election?,,REP,YES,581,42,378,161,0
Ware,1231-150C,Republican Party Question 4<br>Should Citizens who wish to vote in a primary election be required to register by their political party affiliation at least thirty (30) days prior to such primary election?,,REP,YES,146,5,112,28,1
Ware,1231-151,Republican Party Question 4<br>Should Citizens who wish to vote in a primary election be required to register by their political party affiliation at least thirty (30) days prior to such primary election?,,REP,YES,544,12,377,155,0
Ware,Beach-Bickley,Republican Party Question 4<br>Should Citizens who wish to vote in a primary election be required to register by their political party affiliation at least thirty (30) days prior to such primary election?,,REP,YES,53,0,49,4,0
Ware,Haywood,Republican Party Question 4<br>Should Citizens who wish to vote in a primary election be required to register by their political party affiliation at least thirty (30) days prior to such primary election?,,REP,YES,77,1,62,14,0
Ware,Jamestown,Republican Party Question 4<br>Should Citizens who wish to vote in a primary election be required to register by their political party affiliation at least thirty (30) days prior to such primary election?,,REP,YES,256,7,188,60,1
Ware,Manor,Republican Party Question 4<br>Should Citizens who wish to vote in a primary election be required to register by their political party affiliation at least thirty (30) days prior to such primary election?,,REP,YES,102,5,91,6,0
Ware,Millwood,Republican Party Question 4<br>Should Citizens who wish to vote in a primary election be required to register by their political party affiliation at least thirty (30) days prior to such primary election?,,REP,YES,77,0,69,8,0
Ware,Waresboro,Republican Party Question 4<br>Should Citizens who wish to vote in a primary election be required to register by their political party affiliation at least thirty (30) days prior to such primary election?,,REP,YES,162,3,118,40,1
Ware,,Republican Party Question 4<br>Should Citizens who wish to vote in a primary election be required to register by their political party affiliation at least thirty (30) days prior to such primary election?,,REP,NO,2270,67,1605,598,0
Ware,District 1,Republican Party Question 4<br>Should Citizens who wish to vote in a primary election be required to register by their political party affiliation at least thirty (30) days prior to such primary election?,,REP,NO,196,19,79,98,0
Ware,District 2A,Republican Party Question 4<br>Should Citizens who wish to vote in a primary election be required to register by their political party affiliation at least thirty (30) days prior to such primary election?,,REP,NO,335,9,197,129,0
Ware,District 2B,Republican Party Question 4<br>Should Citizens who wish to vote in a primary election be required to register by their political party affiliation at least thirty (30) days prior to such primary election?,,REP,NO,53,3,36,14,0
Ware,1231-150B,Republican Party Question 4<br>Should Citizens who wish to vote in a primary election be required to register by their political party affiliation at least thirty (30) days prior to such primary election?,,REP,NO,437,20,306,111,0
Ware,1231-150C,Republican Party Question 4<br>Should Citizens who wish to vote in a primary election be required to register by their political party affiliation at least thirty (30) days prior to such primary election?,,REP,NO,95,0,81,14,0
Ware,1231-151,Republican Party Question 4<br>Should Citizens who wish to vote in a primary election be required to register by their political party affiliation at least thirty (30) days prior to such primary election?,,REP,NO,513,7,379,127,0
Ware,Beach-Bickley,Republican Party Question 4<br>Should Citizens who wish to vote in a primary election be required to register by their political party affiliation at least thirty (30) days prior to such primary election?,,REP,NO,60,0,49,11,0
Ware,Haywood,Republican Party Question 4<br>Should Citizens who wish to vote in a primary election be required to register by their political party affiliation at least thirty (30) days prior to such primary election?,,REP,NO,92,2,83,7,0
Ware,Jamestown,Republican Party Question 4<br>Should Citizens who wish to vote in a primary election be required to register by their political party affiliation at least thirty (30) days prior to such primary election?,,REP,NO,223,1,177,45,0
Ware,Manor,Republican Party Question 4<br>Should Citizens who wish to vote in a primary election be required to register by their political party affiliation at least thirty (30) days prior to such primary election?,,REP,NO,73,2,61,10,0
Ware,Millwood,Republican Party Question 4<br>Should Citizens who wish to vote in a primary election be required to register by their political party affiliation at least thirty (30) days prior to such primary election?,,REP,NO,56,3,50,3,0
Ware,Waresboro,Republican Party Question 4<br>Should Citizens who wish to vote in a primary election be required to register by their political party affiliation at least thirty (30) days prior to such primary election?,,REP,NO,137,1,107,29,0
Ware,,Republican Party Question 5 <br>Life Amendment Question,,REP,YES,3451,120,2464,865,2
Ware,District 1,Republican Party Question 5 <br>Life Amendment Question,,REP,YES,180,17,84,79,0
Ware,District 2A,Republican Party Question 5 <br>Life Amendment Question,,REP,YES,440,20,269,151,0
Ware,District 2B,Republican Party Question 5 <br>Life Amendment Question,,REP,YES,77,4,51,22,0
Ware,1231-150B,Republican Party Question 5 <br>Life Amendment Question,,REP,YES,770,40,523,207,0
Ware,1231-150C,Republican Party Question 5 <br>Life Amendment Question,,REP,YES,184,5,148,31,0
Ware,1231-151,Republican Party Question 5 <br>Life Amendment Question,,REP,YES,778,15,560,203,0
Ware,Beach-Bickley,Republican Party Question 5 <br>Life Amendment Question,,REP,YES,77,0,71,6,0
Ware,Haywood,Republican Party Question 5 <br>Life Amendment Question,,REP,YES,113,3,97,13,0
Ware,Jamestown,Republican Party Question 5 <br>Life Amendment Question,,REP,YES,364,3,275,85,1
Ware,Manor,Republican Party Question 5 <br>Life Amendment Question,,REP,YES,132,7,112,13,0
Ware,Millwood,Republican Party Question 5 <br>Life Amendment Question,,REP,YES,114,3,104,7,0
Ware,Waresboro,Republican Party Question 5 <br>Life Amendment Question,,REP,YES,222,3,170,48,1
Ware,,Republican Party Question 5 <br>Life Amendment Question,,REP,NO,1198,58,779,361,0
Ware,District 1,Republican Party Question 5 <br>Life Amendment Question,,REP,NO,140,22,49,69,0
Ware,District 2A,Republican Party Question 5 <br>Life Amendment Question,,REP,NO,218,8,122,88,0
Ware,District 2B,Republican Party Question 5 <br>Life Amendment Question,,REP,NO,33,3,19,11,0
Ware,1231-150B,Republican Party Question 5 <br>Life Amendment Question,,REP,NO,225,17,150,58,0
Ware,1231-150C,Republican Party Question 5 <br>Life Amendment Question,,REP,NO,44,0,35,9,0
Ware,1231-151,Republican Party Question 5 <br>Life Amendment Question,,REP,NO,245,4,169,72,0
Ware,Beach-Bickley,Republican Party Question 5 <br>Life Amendment Question,,REP,NO,36,0,27,9,0
Ware,Haywood,Republican Party Question 5 <br>Life Amendment Question,,REP,NO,43,0,37,6,0
Ware,Jamestown,Republican Party Question 5 <br>Life Amendment Question,,REP,NO,99,3,80,16,0
Ware,Manor,Republican Party Question 5 <br>Life Amendment Question,,REP,NO,38,0,35,3,0
Ware,Millwood,Republican Party Question 5 <br>Life Amendment Question,,REP,NO,19,0,15,4,0
Ware,Waresboro,Republican Party Question 5 <br>Life Amendment Question,,REP,NO,58,1,41,16,0
Ware,,Democratic Party Question 1<br>Should the Georgia Constitution be amended to allow the state to override locally-elected school boards’ decisions when it comes to the creation of charter schools in your county or city?,,DEM,YES,438,9,290,139,0
Ware,District 1,Democratic Party Question 1<br>Should the Georgia Constitution be amended to allow the state to override locally-elected school boards’ decisions when it comes to the creation of charter schools in your county or city?,,DEM,YES,167,6,89,72,0
Ware,District 2A,Democratic Party Question 1<br>Should the Georgia Constitution be amended to allow the state to override locally-elected school boards’ decisions when it comes to the creation of charter schools in your county or city?,,DEM,YES,42,0,27,15,0
Ware,District 2B,Democratic Party Question 1<br>Should the Georgia Constitution be amended to allow the state to override locally-elected school boards’ decisions when it comes to the creation of charter schools in your county or city?,,DEM,YES,33,0,21,12,0
Ware,1231-150B,Democratic Party Question 1<br>Should the Georgia Constitution be amended to allow the state to override locally-elected school boards’ decisions when it comes to the creation of charter schools in your county or city?,,DEM,YES,63,1,45,17,0
Ware,1231-150C,Democratic Party Question 1<br>Should the Georgia Constitution be amended to allow the state to override locally-elected school boards’ decisions when it comes to the creation of charter schools in your county or city?,,DEM,YES,24,1,18,5,0
Ware,1231-151,Democratic Party Question 1<br>Should the Georgia Constitution be amended to allow the state to override locally-elected school boards’ decisions when it comes to the creation of charter schools in your county or city?,,DEM,YES,41,1,29,11,0
Ware,Beach-Bickley,Democratic Party Question 1<br>Should the Georgia Constitution be amended to allow the state to override locally-elected school boards’ decisions when it comes to the creation of charter schools in your county or city?,,DEM,YES,7,0,6,1,0
Ware,Haywood,Democratic Party Question 1<br>Should the Georgia Constitution be amended to allow the state to override locally-elected school boards’ decisions when it comes to the creation of charter schools in your county or city?,,DEM,YES,6,0,6,0,0
Ware,Jamestown,Democratic Party Question 1<br>Should the Georgia Constitution be amended to allow the state to override locally-elected school boards’ decisions when it comes to the creation of charter schools in your county or city?,,DEM,YES,26,0,23,3,0
Ware,Manor,Democratic Party Question 1<br>Should the Georgia Constitution be amended to allow the state to override locally-elected school boards’ decisions when it comes to the creation of charter schools in your county or city?,,DEM,YES,16,0,14,2,0
Ware,Millwood,Democratic Party Question 1<br>Should the Georgia Constitution be amended to allow the state to override locally-elected school boards’ decisions when it comes to the creation of charter schools in your county or city?,,DEM,YES,8,0,8,0,0
Ware,Waresboro,Democratic Party Question 1<br>Should the Georgia Constitution be amended to allow the state to override locally-elected school boards’ decisions when it comes to the creation of charter schools in your county or city?,,DEM,YES,5,0,4,1,0
Ware,,Democratic Party Question 1<br>Should the Georgia Constitution be amended to allow the state to override locally-elected school boards’ decisions when it comes to the creation of charter schools in your county or city?,,DEM,NO,742,23,492,227,0
Ware,District 1,Democratic Party Question 1<br>Should the Georgia Constitution be amended to allow the state to override locally-elected school boards’ decisions when it comes to the creation of charter schools in your county or city?,,DEM,NO,289,13,156,120,0
Ware,District 2A,Democratic Party Question 1<br>Should the Georgia Constitution be amended to allow the state to override locally-elected school boards’ decisions when it comes to the creation of charter schools in your county or city?,,DEM,NO,82,2,50,30,0
Ware,District 2B,Democratic Party Question 1<br>Should the Georgia Constitution be amended to allow the state to override locally-elected school boards’ decisions when it comes to the creation of charter schools in your county or city?,,DEM,NO,61,2,31,28,0
Ware,1231-150B,Democratic Party Question 1<br>Should the Georgia Constitution be amended to allow the state to override locally-elected school boards’ decisions when it comes to the creation of charter schools in your county or city?,,DEM,NO,101,2,82,17,0
Ware,1231-150C,Democratic Party Question 1<br>Should the Georgia Constitution be amended to allow the state to override locally-elected school boards’ decisions when it comes to the creation of charter schools in your county or city?,,DEM,NO,24,1,19,4,0
Ware,1231-151,Democratic Party Question 1<br>Should the Georgia Constitution be amended to allow the state to override locally-elected school boards’ decisions when it comes to the creation of charter schools in your county or city?,,DEM,NO,85,3,66,16,0
Ware,Beach-Bickley,Democratic Party Question 1<br>Should the Georgia Constitution be amended to allow the state to override locally-elected school boards’ decisions when it comes to the creation of charter schools in your county or city?,,DEM,NO,6,0,6,0,0
Ware,Haywood,Democratic Party Question 1<br>Should the Georgia Constitution be amended to allow the state to override locally-elected school boards’ decisions when it comes to the creation of charter schools in your county or city?,,DEM,NO,8,0,7,1,0
Ware,Jamestown,Democratic Party Question 1<br>Should the Georgia Constitution be amended to allow the state to override locally-elected school boards’ decisions when it comes to the creation of charter schools in your county or city?,,DEM,NO,30,0,25,5,0
Ware,Manor,Democratic Party Question 1<br>Should the Georgia Constitution be amended to allow the state to override locally-elected school boards’ decisions when it comes to the creation of charter schools in your county or city?,,DEM,NO,15,0,11,4,0
Ware,Millwood,Democratic Party Question 1<br>Should the Georgia Constitution be amended to allow the state to override locally-elected school boards’ decisions when it comes to the creation of charter schools in your county or city?,,DEM,NO,13,0,13,0,0
Ware,Waresboro,Democratic Party Question 1<br>Should the Georgia Constitution be amended to allow the state to override locally-elected school boards’ decisions when it comes to the creation of charter schools in your county or city?,,DEM,NO,28,0,26,2,0
Ware,,Democratic Party Question 2<br>Do you support ending current practice permitting unlimited gifts from lobbyists to state legislators?,,DEM,YES,798,25,529,244,0
Ware,District 1,Democratic Party Question 2<br>Do you support ending current practice permitting unlimited gifts from lobbyists to state legislators?,,DEM,YES,275,12,148,115,0
Ware,District 2A,Democratic Party Question 2<br>Do you support ending current practice permitting unlimited gifts from lobbyists to state legislators?,,DEM,YES,97,2,58,37,0
Ware,District 2B,Democratic Party Question 2<br>Do you support ending current practice permitting unlimited gifts from lobbyists to state legislators?,,DEM,YES,55,2,28,25,0
Ware,1231-150B,Democratic Party Question 2<br>Do you support ending current practice permitting unlimited gifts from lobbyists to state legislators?,,DEM,YES,126,4,95,27,0
Ware,1231-150C,Democratic Party Question 2<br>Do you support ending current practice permitting unlimited gifts from lobbyists to state legislators?,,DEM,YES,35,2,25,8,0
Ware,1231-151,Democratic Party Question 2<br>Do you support ending current practice permitting unlimited gifts from lobbyists to state legislators?,,DEM,YES,89,3,66,20,0
Ware,Beach-Bickley,Democratic Party Question 2<br>Do you support ending current practice permitting unlimited gifts from lobbyists to state legislators?,,DEM,YES,10,0,9,1,0
Ware,Haywood,Democratic Party Question 2<br>Do you support ending current practice permitting unlimited gifts from lobbyists to state legislators?,,DEM,YES,13,0,12,1,0
Ware,Jamestown,Democratic Party Question 2<br>Do you support ending current practice permitting unlimited gifts from lobbyists to state legislators?,,DEM,YES,37,0,32,5,0
Ware,Manor,Democratic Party Question 2<br>Do you support ending current practice permitting unlimited gifts from lobbyists to state legislators?,,DEM,YES,19,0,16,3,0
Ware,Millwood,Democratic Party Question 2<br>Do you support ending current practice permitting unlimited gifts from lobbyists to state legislators?,,DEM,YES,17,0,17,0,0
Ware,Waresboro,Democratic Party Question 2<br>Do you support ending current practice permitting unlimited gifts from lobbyists to state legislators?,,DEM,YES,25,0,23,2,0
Ware,,Democratic Party Question 2<br>Do you support ending current practice permitting unlimited gifts from lobbyists to state legislators?,,DEM,NO,384,8,257,119,0
Ware,District 1,Democratic Party Question 2<br>Do you support ending current practice permitting unlimited gifts from lobbyists to state legislators?,,DEM,NO,172,7,95,70,0
Ware,District 2A,Democratic Party Question 2<br>Do you support ending current practice permitting unlimited gifts from lobbyists to state legislators?,,DEM,NO,35,0,23,12,0
Ware,District 2B,Democratic Party Question 2<br>Do you support ending current practice permitting unlimited gifts from lobbyists to state legislators?,,DEM,NO,38,0,26,12,0
Ware,1231-150B,Democratic Party Question 2<br>Do you support ending current practice permitting unlimited gifts from lobbyists to state legislators?,,DEM,NO,42,0,36,6,0
Ware,1231-150C,Democratic Party Question 2<br>Do you support ending current practice permitting unlimited gifts from lobbyists to state legislators?,,DEM,NO,13,0,12,1,0
Ware,1231-151,Democratic Party Question 2<br>Do you support ending current practice permitting unlimited gifts from lobbyists to state legislators?,,DEM,NO,37,1,26,10,0
Ware,Beach-Bickley,Democratic Party Question 2<br>Do you support ending current practice permitting unlimited gifts from lobbyists to state legislators?,,DEM,NO,3,0,3,0,0
Ware,Haywood,Democratic Party Question 2<br>Do you support ending current practice permitting unlimited gifts from lobbyists to state legislators?,,DEM,NO,2,0,1,1,0
Ware,Jamestown,Democratic Party Question 2<br>Do you support ending current practice permitting unlimited gifts from lobbyists to state legislators?,,DEM,NO,17,0,14,3,0
Ware,Manor,Democratic Party Question 2<br>Do you support ending current practice permitting unlimited gifts from lobbyists to state legislators?,,DEM,NO,12,0,9,3,0
Ware,Millwood,Democratic Party Question 2<br>Do you support ending current practice permitting unlimited gifts from lobbyists to state legislators?,,DEM,NO,4,0,4,0,0
Ware,Waresboro,Democratic Party Question 2<br>Do you support ending current practice permitting unlimited gifts from lobbyists to state legislators?,,DEM,NO,9,0,8,1,0
Ware,,Democratic Party Question 3<br>Should Georgia adopt an income tax credit for home energy costs to support the economic security of our families?,,DEM,YES,944,29,633,282,0
Ware,District 1,Democratic Party Question 3<br>Should Georgia adopt an income tax credit for home energy costs to support the economic security of our families?,,DEM,YES,372,16,208,148,0
Ware,District 2A,Democratic Party Question 3<br>Should Georgia adopt an income tax credit for home energy costs to support the economic security of our families?,,DEM,YES,108,2,67,39,0
Ware,District 2B,Democratic Party Question 3<br>Should Georgia adopt an income tax credit for home energy costs to support the economic security of our families?,,DEM,YES,75,2,44,29,0
Ware,1231-150B,Democratic Party Question 3<br>Should Georgia adopt an income tax credit for home energy costs to support the economic security of our families?,,DEM,YES,131,4,101,26,0
Ware,1231-150C,Democratic Party Question 3<br>Should Georgia adopt an income tax credit for home energy costs to support the economic security of our families?,,DEM,YES,40,1,31,8,0
Ware,1231-151,Democratic Party Question 3<br>Should Georgia adopt an income tax credit for home energy costs to support the economic security of our families?,,DEM,YES,94,4,73,17,0
Ware,Beach-Bickley,Democratic Party Question 3<br>Should Georgia adopt an income tax credit for home energy costs to support the economic security of our families?,,DEM,YES,13,0,12,1,0
Ware,Haywood,Democratic Party Question 3<br>Should Georgia adopt an income tax credit for home energy costs to support the economic security of our families?,,DEM,YES,11,0,9,2,0
Ware,Jamestown,Democratic Party Question 3<br>Should Georgia adopt an income tax credit for home energy costs to support the economic security of our families?,,DEM,YES,44,0,39,5,0
Ware,Manor,Democratic Party Question 3<br>Should Georgia adopt an income tax credit for home energy costs to support the economic security of our families?,,DEM,YES,21,0,17,4,0
Ware,Millwood,Democratic Party Question 3<br>Should Georgia adopt an income tax credit for home energy costs to support the economic security of our families?,,DEM,YES,11,0,11,0,0
Ware,Waresboro,Democratic Party Question 3<br>Should Georgia adopt an income tax credit for home energy costs to support the economic security of our families?,,DEM,YES,24,0,21,3,0
Ware,,Democratic Party Question 3<br>Should Georgia adopt an income tax credit for home energy costs to support the economic security of our families?,,DEM,NO,239,3,153,83,0
Ware,District 1,Democratic Party Question 3<br>Should Georgia adopt an income tax credit for home energy costs to support the economic security of our families?,,DEM,NO,82,3,42,37,0
Ware,District 2A,Democratic Party Question 3<br>Should Georgia adopt an income tax credit for home energy costs to support the economic security of our families?,,DEM,NO,20,0,11,9,0
Ware,District 2B,Democratic Party Question 3<br>Should Georgia adopt an income tax credit for home energy costs to support the economic security of our families?,,DEM,NO,20,0,11,9,0
Ware,1231-150B,Democratic Party Question 3<br>Should Georgia adopt an income tax credit for home energy costs to support the economic security of our families?,,DEM,NO,36,0,28,8,0
Ware,1231-150C,Democratic Party Question 3<br>Should Georgia adopt an income tax credit for home energy costs to support the economic security of our families?,,DEM,NO,7,0,5,2,0
Ware,1231-151,Democratic Party Question 3<br>Should Georgia adopt an income tax credit for home energy costs to support the economic security of our families?,,DEM,NO,31,0,18,13,0
Ware,Beach-Bickley,Democratic Party Question 3<br>Should Georgia adopt an income tax credit for home energy costs to support the economic security of our families?,,DEM,NO,0,0,0,0,0
Ware,Haywood,Democratic Party Question 3<br>Should Georgia adopt an income tax credit for home energy costs to support the economic security of our families?,,DEM,NO,4,0,4,0,0
Ware,Jamestown,Democratic Party Question 3<br>Should Georgia adopt an income tax credit for home energy costs to support the economic security of our families?,,DEM,NO,11,0,8,3,0
Ware,Manor,Democratic Party Question 3<br>Should Georgia adopt an income tax credit for home energy costs to support the economic security of our families?,,DEM,NO,10,0,8,2,0
Ware,Millwood,Democratic Party Question 3<br>Should Georgia adopt an income tax credit for home energy costs to support the economic security of our families?,,DEM,NO,10,0,10,0,0
Ware,Waresboro,Democratic Party Question 3<br>Should Georgia adopt an income tax credit for home energy costs to support the economic security of our families?,,DEM,NO,8,0,8,0,0
Ware,,Democratic Party Question 4 <br>Should Georgia reduce sales taxes on Made in Georgia products so as to support the growth of small businesses in our state?,,DEM,YES,1036,30,701,305,0
Ware,District 1,Democratic Party Question 4 <br>Should Georgia reduce sales taxes on Made in Georgia products so as to support the growth of small businesses in our state?,,DEM,YES,393,18,220,155,0
Ware,District 2A,Democratic Party Question 4 <br>Should Georgia reduce sales taxes on Made in Georgia products so as to support the growth of small businesses in our state?,,DEM,YES,108,2,67,39,0
Ware,District 2B,Democratic Party Question 4 <br>Should Georgia reduce sales taxes on Made in Georgia products so as to support the growth of small businesses in our state?,,DEM,YES,88,2,50,36,0
Ware,1231-150B,Democratic Party Question 4 <br>Should Georgia reduce sales taxes on Made in Georgia products so as to support the growth of small businesses in our state?,,DEM,YES,146,3,114,29,0
Ware,1231-150C,Democratic Party Question 4 <br>Should Georgia reduce sales taxes on Made in Georgia products so as to support the growth of small businesses in our state?,,DEM,YES,45,1,35,9,0
Ware,1231-151,Democratic Party Question 4 <br>Should Georgia reduce sales taxes on Made in Georgia products so as to support the growth of small businesses in our state?,,DEM,YES,107,4,82,21,0
Ware,Beach-Bickley,Democratic Party Question 4 <br>Should Georgia reduce sales taxes on Made in Georgia products so as to support the growth of small businesses in our state?,,DEM,YES,11,0,10,1,0
Ware,Haywood,Democratic Party Question 4 <br>Should Georgia reduce sales taxes on Made in Georgia products so as to support the growth of small businesses in our state?,,DEM,YES,15,0,13,2,0
Ware,Jamestown,Democratic Party Question 4 <br>Should Georgia reduce sales taxes on Made in Georgia products so as to support the growth of small businesses in our state?,,DEM,YES,45,0,40,5,0
Ware,Manor,Democratic Party Question 4 <br>Should Georgia reduce sales taxes on Made in Georgia products so as to support the growth of small businesses in our state?,,DEM,YES,31,0,25,6,0
Ware,Millwood,Democratic Party Question 4 <br>Should Georgia reduce sales taxes on Made in Georgia products so as to support the growth of small businesses in our state?,,DEM,YES,19,0,19,0,0
Ware,Waresboro,Democratic Party Question 4 <br>Should Georgia reduce sales taxes on Made in Georgia products so as to support the growth of small businesses in our state?,,DEM,YES,28,0,26,2,0
Ware,,Democratic Party Question 4 <br>Should Georgia reduce sales taxes on Made in Georgia products so as to support the growth of small businesses in our state?,,DEM,NO,168,4,97,67,0
Ware,District 1,Democratic Party Question 4 <br>Should Georgia reduce sales taxes on Made in Georgia products so as to support the growth of small businesses in our state?,,DEM,NO,66,2,30,34,0
Ware,District 2A,Democratic Party Question 4 <br>Should Georgia reduce sales taxes on Made in Georgia products so as to support the growth of small businesses in our state?,,DEM,NO,20,0,12,8,0
Ware,District 2B,Democratic Party Question 4 <br>Should Georgia reduce sales taxes on Made in Georgia products so as to support the growth of small businesses in our state?,,DEM,NO,9,0,4,5,0
Ware,1231-150B,Democratic Party Question 4 <br>Should Georgia reduce sales taxes on Made in Georgia products so as to support the growth of small businesses in our state?,,DEM,NO,25,1,18,6,0
Ware,1231-150C,Democratic Party Question 4 <br>Should Georgia reduce sales taxes on Made in Georgia products so as to support the growth of small businesses in our state?,,DEM,NO,6,1,4,1,0
Ware,1231-151,Democratic Party Question 4 <br>Should Georgia reduce sales taxes on Made in Georgia products so as to support the growth of small businesses in our state?,,DEM,NO,22,0,13,9,0
Ware,Beach-Bickley,Democratic Party Question 4 <br>Should Georgia reduce sales taxes on Made in Georgia products so as to support the growth of small businesses in our state?,,DEM,NO,2,0,2,0,0
Ware,Haywood,Democratic Party Question 4 <br>Should Georgia reduce sales taxes on Made in Georgia products so as to support the growth of small businesses in our state?,,DEM,NO,0,0,0,0,0
Ware,Jamestown,Democratic Party Question 4 <br>Should Georgia reduce sales taxes on Made in Georgia products so as to support the growth of small businesses in our state?,,DEM,NO,11,0,8,3,0
Ware,Manor,Democratic Party Question 4 <br>Should Georgia reduce sales taxes on Made in Georgia products so as to support the growth of small businesses in our state?,,DEM,NO,1,0,1,0,0
Ware,Millwood,Democratic Party Question 4 <br>Should Georgia reduce sales taxes on Made in Georgia products so as to support the growth of small businesses in our state?,,DEM,NO,2,0,2,0,0
Ware,Waresboro,Democratic Party Question 4 <br>Should Georgia reduce sales taxes on Made in Georgia products so as to support the growth of small businesses in our state?,,DEM,NO,4,0,3,1,0
Ware,,Supreme Court Justice, Hunstein,I,CAROL W. HUNSTEIN,4702,183,3197,1319,3
Ware,District 1,Supreme Court Justice, Hunstein,I,CAROL W. HUNSTEIN,614,48,303,263,0
Ware,District 2A,Supreme Court Justice, Hunstein,I,CAROL W. HUNSTEIN,665,29,384,252,0
Ware,District 2B,Supreme Court Justice, Hunstein,I,CAROL W. HUNSTEIN,180,9,103,68,0
Ware,1231-150B,Supreme Court Justice, Hunstein,I,CAROL W. HUNSTEIN,940,51,645,244,0
Ware,1231-150C,Supreme Court Justice, Hunstein,I,CAROL W. HUNSTEIN,222,6,170,45,1
Ware,1231-151,Supreme Court Justice, Hunstein,I,CAROL W. HUNSTEIN,905,22,648,235,0
Ware,Beach-Bickley,Supreme Court Justice, Hunstein,I,CAROL W. HUNSTEIN,96,0,80,16,0
Ware,Haywood,Supreme Court Justice, Hunstein,I,CAROL W. HUNSTEIN,136,3,114,19,0
Ware,Jamestown,Supreme Court Justice, Hunstein,I,CAROL W. HUNSTEIN,415,4,320,90,1
Ware,Manor,Supreme Court Justice, Hunstein,I,CAROL W. HUNSTEIN,156,5,130,21,0
Ware,Millwood,Supreme Court Justice, Hunstein,I,CAROL W. HUNSTEIN,123,2,112,9,0
Ware,Waresboro,Supreme Court Justice, Hunstein,I,CAROL W. HUNSTEIN,250,4,188,57,1
Ware,,Supreme Court Justice, Hunstein,,Write-in,20,0,11,9,0
Ware,District 1,Supreme Court Justice, Hunstein,,Write-in,3,0,0,3,0
Ware,District 2A,Supreme Court Justice, Hunstein,,Write-in,4,0,1,3,0
Ware,District 2B,Supreme Court Justice, Hunstein,,Write-in,0,0,0,0,0
Ware,1231-150B,Supreme Court Justice, Hunstein,,Write-in,5,0,4,1,0
Ware,1231-150C,Supreme Court Justice, Hunstein,,Write-in,0,0,0,0,0
Ware,1231-151,Supreme Court Justice, Hunstein,,Write-in,4,0,2,2,0
Ware,Beach-Bickley,Supreme Court Justice, Hunstein,,Write-in,0,0,0,0,0
Ware,Haywood,Supreme Court Justice, Hunstein,,Write-in,1,0,1,0,0
Ware,Jamestown,Supreme Court Justice, Hunstein,,Write-in,0,0,0,0,0
Ware,Manor,Supreme Court Justice, Hunstein,,Write-in,2,0,2,0,0
Ware,Millwood,Supreme Court Justice, Hunstein,,Write-in,0,0,0,0,0
Ware,Waresboro,Supreme Court Justice, Hunstein,,Write-in,1,0,1,0,0
Ware,,Supreme Court Justice, Melton,,HAROLD D. MELTON ,4683,180,3194,1306,3
Ware,District 1,Supreme Court Justice, Melton,,HAROLD D. MELTON ,602,47,293,262,0
Ware,District 2A,Supreme Court Justice, Melton,,HAROLD D. MELTON ,664,29,385,250,0
Ware,District 2B,Supreme Court Justice, Melton,,HAROLD D. MELTON ,177,9,105,63,0
Ware,1231-150B,Supreme Court Justice, Melton,,HAROLD D. MELTON ,929,50,641,238,0
Ware,1231-150C,Supreme Court Justice, Melton,,HAROLD D. MELTON ,216,5,166,44,1
Ware,1231-151,Supreme Court Justice, Melton,,HAROLD D. MELTON ,918,22,656,240,0
Ware,Beach-Bickley,Supreme Court Justice, Melton,,HAROLD D. MELTON ,96,0,80,16,0
Ware,Haywood,Supreme Court Justice, Melton,,HAROLD D. MELTON ,135,3,114,18,0
Ware,Jamestown,Supreme Court Justice, Melton,,HAROLD D. MELTON ,418,4,321,92,1
Ware,Manor,Supreme Court Justice, Melton,,HAROLD D. MELTON ,157,5,132,20,0
Ware,Millwood,Supreme Court Justice, Melton,,HAROLD D. MELTON ,125,2,114,9,0
Ware,Waresboro,Supreme Court Justice, Melton,,HAROLD D. MELTON ,246,4,187,54,1
Ware,,Supreme Court Justice, Melton,,Write-in,9,0,6,3,0
Ware,District 1,Supreme Court Justice, Melton,,Write-in,1,0,0,1,0
Ware,District 2A,Supreme Court Justice, Melton,,Write-in,0,0,0,0,0
Ware,District 2B,Supreme Court Justice, Melton,,Write-in,0,0,0,0,0
Ware,1231-150B,Supreme Court Justice, Melton,,Write-in,3,0,2,1,0
Ware,1231-150C,Supreme Court Justice, Melton,,Write-in,0,0,0,0,0
Ware,1231-151,Supreme Court Justice, Melton,,Write-in,3,0,2,1,0
Ware,Beach-Bickley,Supreme Court Justice, Melton,,Write-in,0,0,0,0,0
Ware,Haywood,Supreme Court Justice, Melton,,Write-in,1,0,1,0,0
Ware,Jamestown,Supreme Court Justice, Melton,,Write-in,0,0,0,0,0
Ware,Manor,Supreme Court Justice, Melton,,Write-in,1,0,1,0,0
Ware,Millwood,Supreme Court Justice, Melton,,Write-in,0,0,0,0,0
Ware,Waresboro,Supreme Court Justice, Melton,,Write-in,0,0,0,0,0
Ware,,Supreme Court Justice, Thompson,,HUGH P. THOMPSON ,4707,179,3222,1303,3
Ware,District 1,Supreme Court Justice, Thompson,,HUGH P. THOMPSON ,613,47,308,258,0
Ware,District 2A,Supreme Court Justice, Thompson,,HUGH P. THOMPSON ,664,29,382,253,0
Ware,District 2B,Supreme Court Justice, Thompson,,HUGH P. THOMPSON ,172,7,102,63,0
Ware,1231-150B,Supreme Court Justice, Thompson,,HUGH P. THOMPSON ,942,50,653,239,0
Ware,1231-150C,Supreme Court Justice, Thompson,,HUGH P. THOMPSON ,217,5,168,43,1
Ware,1231-151,Supreme Court Justice, Thompson,,HUGH P. THOMPSON ,917,22,656,239,0
Ware,Beach-Bickley,Supreme Court Justice, Thompson,,HUGH P. THOMPSON ,99,0,83,16,0
Ware,Haywood,Supreme Court Justice, Thompson,,HUGH P. THOMPSON ,136,3,115,18,0
Ware,Jamestown,Supreme Court Justice, Thompson,,HUGH P. THOMPSON ,415,4,321,89,1
Ware,Manor,Supreme Court Justice, Thompson,,HUGH P. THOMPSON ,157,5,132,20,0
Ware,Millwood,Supreme Court Justice, Thompson,,HUGH P. THOMPSON ,127,3,115,9,0
Ware,Waresboro,Supreme Court Justice, Thompson,,HUGH P. THOMPSON ,248,4,187,56,1
Ware,,Supreme Court Justice, Thompson,,Write-in,12,0,9,3,0
Ware,District 1,Supreme Court Justice, Thompson,,Write-in,1,0,0,1,0
Ware,District 2A,Supreme Court Justice, Thompson,,Write-in,1,0,1,0,0
Ware,District 2B,Supreme Court Justice, Thompson,,Write-in,0,0,0,0,0
Ware,1231-150B,Supreme Court Justice, Thompson,,Write-in,4,0,3,1,0
Ware,1231-150C,Supreme Court Justice, Thompson,,Write-in,0,0,0,0,0
Ware,1231-151,Supreme Court Justice, Thompson,,Write-in,2,0,1,1,0
Ware,Beach-Bickley,Supreme Court Justice, Thompson,,Write-in,0,0,0,0,0
Ware,Haywood,Supreme Court Justice, Thompson,,Write-in,1,0,1,0,0
Ware,Jamestown,Supreme Court Justice, Thompson,,Write-in,1,0,1,0,0
Ware,Manor,Supreme Court Justice, Thompson,,Write-in,1,0,1,0,0
Ware,Millwood,Supreme Court Justice, Thompson,,Write-in,0,0,0,0,0
Ware,Waresboro,Supreme Court Justice, Thompson,,Write-in,1,0,1,0,0
Ware,,Appeals Court Judge, Boggs,,MICHAEL P. BOGGS ,5340,204,3625,1509,2
Ware,District 1,Appeals Court Judge, Boggs,,MICHAEL P. BOGGS ,689,53,325,311,0
Ware,District 2A,Appeals Court Judge, Boggs,,MICHAEL P. BOGGS ,752,33,438,281,0
Ware,District 2B,Appeals Court Judge, Boggs,,MICHAEL P. BOGGS ,182,9,105,68,0
Ware,1231-150B,Appeals Court Judge, Boggs,,MICHAEL P. BOGGS ,1079,59,731,289,0
Ware,1231-150C,Appeals Court Judge, Boggs,,MICHAEL P. BOGGS ,254,5,201,47,1
Ware,1231-151,Appeals Court Judge, Boggs,,MICHAEL P. BOGGS ,1057,21,753,283,0
Ware,Beach-Bickley,Appeals Court Judge, Boggs,,MICHAEL P. BOGGS ,104,0,88,16,0
Ware,Haywood,Appeals Court Judge, Boggs,,MICHAEL P. BOGGS ,159,3,136,20,0
Ware,Jamestown,Appeals Court Judge, Boggs,,MICHAEL P. BOGGS ,467,7,358,102,0
Ware,Manor,Appeals Court Judge, Boggs,,MICHAEL P. BOGGS ,177,7,149,21,0
Ware,Millwood,Appeals Court Judge, Boggs,,MICHAEL P. BOGGS ,132,3,118,11,0
Ware,Waresboro,Appeals Court Judge, Boggs,,MICHAEL P. BOGGS ,288,4,223,60,1
Ware,,Appeals Court Judge, Boggs,,Write-in ,15,1,7,6,1
Ware,District 1,Appeals Court Judge, Boggs,,Write-in ,2,0,2,0,0
Ware,District 2A,Appeals Court Judge, Boggs,,Write-in ,1,0,0,1,0
Ware,District 2B,Appeals Court Judge, Boggs,,Write-in ,0,0,0,0,0
Ware,1231-150B,Appeals Court Judge, Boggs,,Write-in ,3,0,1,2,0
Ware,1231-150C,Appeals Court Judge, Boggs,,Write-in ,1,0,1,0,0
Ware,1231-151,Appeals Court Judge, Boggs,,Write-in ,5,1,1,3,0
Ware,Beach-Bickley,Appeals Court Judge, Boggs,,Write-in ,0,0,0,0,0
Ware,Haywood,Appeals Court Judge, Boggs,,Write-in ,0,0,0,0,0
Ware,Jamestown,Appeals Court Judge, Boggs,,Write-in ,1,0,0,0,1
Ware,Manor,Appeals Court Judge, Boggs,,Write-in ,2,0,2,0,0
Ware,Millwood,Appeals Court Judge, Boggs,,Write-in ,0,0,0,0,0
Ware,Waresboro,Appeals Court Judge, Boggs,,Write-in ,0,0,0,0,0
Ware,,Appeals Court Judge, Dillard,,STEPHEN DILLARD ,4642,179,3163,1297,3
Ware,District 1,Appeals Court Judge, Dillard,,STEPHEN DILLARD ,590,49,283,258,0
Ware,District 2A,Appeals Court Judge, Dillard,,STEPHEN DILLARD ,660,27,383,250,0
Ware,District 2B,Appeals Court Judge, Dillard,,STEPHEN DILLARD ,166,8,99,59,0
Ware,1231-150B,Appeals Court Judge, Dillard,,STEPHEN DILLARD ,924,51,637,236,0
Ware,1231-150C,Appeals Court Judge, Dillard,,STEPHEN DILLARD ,220,5,170,44,1
Ware,1231-151,Appeals Court Judge, Dillard,,STEPHEN DILLARD ,921,21,656,244,0
Ware,Beach-Bickley,Appeals Court Judge, Dillard,,STEPHEN DILLARD ,95,0,79,16,0
Ware,Haywood,Appeals Court Judge, Dillard,,STEPHEN DILLARD ,131,3,111,17,0
Ware,Jamestown,Appeals Court Judge, Dillard,,STEPHEN DILLARD ,412,4,318,89,1
Ware,Manor,Appeals Court Judge, Dillard,,STEPHEN DILLARD ,152,5,129,18,0
Ware,Millwood,Appeals Court Judge, Dillard,,STEPHEN DILLARD ,122,2,111,9,0
Ware,Waresboro,Appeals Court Judge, Dillard,,STEPHEN DILLARD ,249,4,187,57,1
Ware,,Appeals Court Judge, Dillard,,Write-in ,11,2,6,3,0
Ware,District 1,Appeals Court Judge, Dillard,,Write-in ,3,0,2,1,0
Ware,District 2A,Appeals Court Judge, Dillard,,Write-in ,1,0,1,0,0
Ware,District 2B,Appeals Court Judge, Dillard,,Write-in ,0,0,0,0,0
Ware,1231-150B,Appeals Court Judge, Dillard,,Write-in ,2,1,0,1,0
Ware,1231-150C,Appeals Court Judge, Dillard,,Write-in ,0,0,0,0,0
Ware,1231-151,Appeals Court Judge, Dillard,,Write-in ,2,1,0,1,0
Ware,Beach-Bickley,Appeals Court Judge, Dillard,,Write-in ,0,0,0,0,0
Ware,Haywood,Appeals Court Judge, Dillard,,Write-in ,1,0,1,0,0
Ware,Jamestown,Appeals Court Judge, Dillard,,Write-in ,1,0,1,0,0
Ware,Manor,Appeals Court Judge, Dillard,,Write-in ,1,0,1,0,0
Ware,Millwood,Appeals Court Judge, Dillard,,Write-in ,0,0,0,0,0
Ware,Waresboro,Appeals Court Judge, Dillard,,Write-in ,0,0,0,0,0
Ware,,Appeals Court Judge, Ellington,I,JOHN J. ELLINGTON,4633,178,3164,1288,3
Ware,District 1,Appeals Court Judge, Ellington,I,JOHN J. ELLINGTON,578,47,279,252,0
Ware,District 2A,Appeals Court Judge, Ellington,I,JOHN J. ELLINGTON,662,28,382,252,0
Ware,District 2B,Appeals Court Judge, Ellington,I,JOHN J. ELLINGTON,168,7,99,62,0
Ware,1231-150B,Appeals Court Judge, Ellington,I,JOHN J. ELLINGTON,929,51,643,235,0
Ware,1231-150C,Appeals Court Judge, Ellington,I,JOHN J. ELLINGTON,220,5,171,43,1
Ware,1231-151,Appeals Court Judge, Ellington,I,JOHN J. ELLINGTON,911,22,651,238,0
Ware,Beach-Bickley,Appeals Court Judge, Ellington,I,JOHN J. ELLINGTON,96,0,80,16,0
Ware,Haywood,Appeals Court Judge, Ellington,I,JOHN J. ELLINGTON,133,3,113,17,0
Ware,Jamestown,Appeals Court Judge, Ellington,I,JOHN J. ELLINGTON,418,4,321,92,1
Ware,Manor,Appeals Court Judge, Ellington,I,JOHN J. ELLINGTON,154,5,131,18,0
Ware,Millwood,Appeals Court Judge, Ellington,I,JOHN J. ELLINGTON,120,2,109,9,0
Ware,Waresboro,Appeals Court Judge, Ellington,I,JOHN J. ELLINGTON,244,4,185,54,1
Ware,,Appeals Court Judge, Ellington,,Write-in,9,1,5,3,0
Ware,District 1,Appeals Court Judge, Ellington,,Write-in,3,1,1,1,0
Ware,District 2A,Appeals Court Judge, Ellington,,Write-in,1,0,1,0,0
Ware,District 2B,Appeals Court Judge, Ellington,,Write-in,0,0,0,0,0
Ware,1231-150B,Appeals Court Judge, Ellington,,Write-in,2,0,1,1,0
Ware,1231-150C,Appeals Court Judge, Ellington,,Write-in,0,0,0,0,0
Ware,1231-151,Appeals Court Judge, Ellington,,Write-in,1,0,0,1,0
Ware,Beach-Bickley,Appeals Court Judge, Ellington,,Write-in,0,0,0,0,0
Ware,Haywood,Appeals Court Judge, Ellington,,Write-in,1,0,1,0,0
Ware,Jamestown,Appeals Court Judge, Ellington,,Write-in,0,0,0,0,0
Ware,Manor,Appeals Court Judge, Ellington,,Write-in,1,0,1,0,0
Ware,Millwood,Appeals Court Judge, Ellington,,Write-in,0,0,0,0,0
Ware,Waresboro,Appeals Court Judge, Ellington,,Write-in,0,0,0,0,0
Ware,,Appeals Court Judge, Miller,,M. YVETTE MILLER ,4604,181,3129,1291,3
Ware,District 1,Appeals Court Judge, Miller,,M. YVETTE MILLER ,604,50,297,257,0
Ware,District 2A,Appeals Court Judge, Miller,,M. YVETTE MILLER ,654,28,378,248,0
Ware,District 2B,Appeals Court Judge, Miller,,M. YVETTE MILLER ,178,7,104,67,0
Ware,1231-150B,Appeals Court Judge, Miller,,M. YVETTE MILLER ,921,51,634,236,0
Ware,1231-150C,Appeals Court Judge, Miller,,M. YVETTE MILLER ,212,5,164,42,1
Ware,1231-151,Appeals Court Judge, Miller,,M. YVETTE MILLER ,897,22,635,240,0
Ware,Beach-Bickley,Appeals Court Judge, Miller,,M. YVETTE MILLER ,92,0,76,16,0
Ware,Haywood,Appeals Court Judge, Miller,,M. YVETTE MILLER ,132,3,112,17,0
Ware,Jamestown,Appeals Court Judge, Miller,,M. YVETTE MILLER ,407,4,314,88,1
Ware,Manor,Appeals Court Judge, Miller,,M. YVETTE MILLER ,149,5,128,16,0
Ware,Millwood,Appeals Court Judge, Miller,,M. YVETTE MILLER ,116,2,105,9,0
Ware,Waresboro,Appeals Court Judge, Miller,,M. YVETTE MILLER ,242,4,182,55,1
Ware,,Appeals Court Judge, Miller,,Write-in ,7,0,4,3,0
Ware,District 1,Appeals Court Judge, Miller,,Write-in ,1,0,0,1,0
Ware,District 2A,Appeals Court Judge, Miller,,Write-in ,0,0,0,0,0
Ware,District 2B,Appeals Court Judge, Miller,,Write-in ,0,0,0,0,0
Ware,1231-150B,Appeals Court Judge, Miller,,Write-in ,2,0,1,1,0
Ware,1231-150C,Appeals Court Judge, Miller,,Write-in ,0,0,0,0,0
Ware,1231-151,Appeals Court Judge, Miller,,Write-in ,2,0,1,1,0
Ware,Beach-Bickley,Appeals Court Judge, Miller,,Write-in ,0,0,0,0,0
Ware,Haywood,Appeals Court Judge, Miller,,Write-in ,1,0,1,0,0
Ware,Jamestown,Appeals Court Judge, Miller,,Write-in ,0,0,0,0,0
Ware,Manor,Appeals Court Judge, Miller,,Write-in ,1,0,1,0,0
Ware,Millwood,Appeals Court Judge, Miller,,Write-in ,0,0,0,0,0
Ware,Waresboro,Appeals Court Judge, Miller,,Write-in ,0,0,0,0,0
Ware,,Appeals Court Judge, Phipps,,HERBERT PHIPPS ,4568,179,3110,1276,3
Ware,District 1,Appeals Court Judge, Phipps,,HERBERT PHIPPS ,590,49,286,255,0
Ware,District 2A,Appeals Court Judge, Phipps,,HERBERT PHIPPS ,644,28,372,244,0
Ware,District 2B,Appeals Court Judge, Phipps,,HERBERT PHIPPS ,166,6,99,61,0
Ware,1231-150B,Appeals Court Judge, Phipps,,HERBERT PHIPPS ,919,51,632,236,0
Ware,1231-150C,Appeals Court Judge, Phipps,,HERBERT PHIPPS ,209,5,163,40,1
Ware,1231-151,Appeals Court Judge, Phipps,,HERBERT PHIPPS ,896,22,633,241,0
Ware,Beach-Bickley,Appeals Court Judge, Phipps,,HERBERT PHIPPS ,92,0,76,16,0
Ware,Haywood,Appeals Court Judge, Phipps,,HERBERT PHIPPS ,131,3,112,16,0
Ware,Jamestown,Appeals Court Judge, Phipps,,HERBERT PHIPPS ,411,4,319,87,1
Ware,Manor,Appeals Court Judge, Phipps,,HERBERT PHIPPS ,150,5,129,16,0
Ware,Millwood,Appeals Court Judge, Phipps,,HERBERT PHIPPS ,117,2,106,9,0
Ware,Waresboro,Appeals Court Judge, Phipps,,HERBERT PHIPPS ,243,4,183,55,1
Ware,,Appeals Court Judge, Phipps,,Write-in,7,0,5,2,0
Ware,District 1,Appeals Court Judge, Phipps,,Write-in,0,0,0,0,0
Ware,District 2A,Appeals Court Judge, Phipps,,Write-in,2,0,2,0,0
Ware,District 2B,Appeals Court Judge, Phipps,,Write-in,0,0,0,0,0
Ware,1231-150B,Appeals Court Judge, Phipps,,Write-in,2,0,1,1,0
Ware,1231-150C,Appeals Court Judge, Phipps,,Write-in,0,0,0,0,0
Ware,1231-151,Appeals Court Judge, Phipps,,Write-in,1,0,0,1,0
Ware,Beach-Bickley,Appeals Court Judge, Phipps,,Write-in,0,0,0,0,0
Ware,Haywood,Appeals Court Judge, Phipps,,Write-in,1,0,1,0,0
Ware,Jamestown,Appeals Court Judge, Phipps,,Write-in,0,0,0,0,0
Ware,Manor,Appeals Court Judge, Phipps,,Write-in,1,0,1,0,0
Ware,Millwood,Appeals Court Judge, Phipps,,Write-in,0,0,0,0,0
Ware,Waresboro,Appeals Court Judge, Phipps,,Write-in,0,0,0,0,0
Ware,,Superior Court Judge, Waycross Circuit (DeVane),I,MICHAEL D. DEVANE,5158,200,3499,1456,3
Ware,District 1,Superior Court Judge, Waycross Circuit (DeVane),I,MICHAEL D. DEVANE,643,51,311,281,0
Ware,District 2A,Superior Court Judge, Waycross Circuit (DeVane),I,MICHAEL D. DEVANE,725,31,420,274,0
Ware,District 2B,Superior Court Judge, Waycross Circuit (DeVane),I,MICHAEL D. DEVANE,186,9,107,70,0
Ware,1231-150B,Superior Court Judge, Waycross Circuit (DeVane),I,MICHAEL D. DEVANE,1040,55,706,279,0
Ware,1231-150C,Superior Court Judge, Waycross Circuit (DeVane),I,MICHAEL D. DEVANE,245,6,192,46,1
Ware,1231-151,Superior Court Judge, Waycross Circuit (DeVane),I,MICHAEL D. DEVANE,1018,22,717,279,0
Ware,Beach-Bickley,Superior Court Judge, Waycross Circuit (DeVane),I,MICHAEL D. DEVANE,103,0,87,16,0
Ware,Haywood,Superior Court Judge, Waycross Circuit (DeVane),I,MICHAEL D. DEVANE,152,3,128,21,0
Ware,Jamestown,Superior Court Judge, Waycross Circuit (DeVane),I,MICHAEL D. DEVANE,471,9,359,102,1
Ware,Manor,Superior Court Judge, Waycross Circuit (DeVane),I,MICHAEL D. DEVANE,167,7,142,18,0
Ware,Millwood,Superior Court Judge, Waycross Circuit (DeVane),I,MICHAEL D. DEVANE,128,3,114,11,0
Ware,Waresboro,Superior Court Judge, Waycross Circuit (DeVane),I,MICHAEL D. DEVANE,280,4,216,59,1
Ware,,Superior Court Judge, Waycross Circuit (DeVane),,Write-in,16,0,10,6,0
Ware,District 1,Superior Court Judge, Waycross Circuit (DeVane),,Write-in,3,0,2,1,0
Ware,District 2A,Superior Court Judge, Waycross Circuit (DeVane),,Write-in,1,0,1,0,0
Ware,District 2B,Superior Court Judge, Waycross Circuit (DeVane),,Write-in,0,0,0,0,0
Ware,1231-150B,Superior Court Judge, Waycross Circuit (DeVane),,Write-in,4,0,2,2,0
Ware,1231-150C,Superior Court Judge, Waycross Circuit (DeVane),,Write-in,1,0,0,1,0
Ware,1231-151,Superior Court Judge, Waycross Circuit (DeVane),,Write-in,3,0,2,1,0
Ware,Beach-Bickley,Superior Court Judge, Waycross Circuit (DeVane),,Write-in,0,0,0,0,0
Ware,Haywood,Superior Court Judge, Waycross Circuit (DeVane),,Write-in,2,0,2,0,0
Ware,Jamestown,Superior Court Judge, Waycross Circuit (DeVane),,Write-in,1,0,0,1,0
Ware,Manor,Superior Court Judge, Waycross Circuit (DeVane),,Write-in,1,0,1,0,0
Ware,Millwood,Superior Court Judge, Waycross Circuit (DeVane),,Write-in,0,0,0,0,0
Ware,Waresboro,Superior Court Judge, Waycross Circuit (DeVane),,Write-in,0,0,0,0,0
Ware,,JUDGE, STATE COURT,,VERNON L. CHAMBLESS,2376,88,1730,557,1
Ware,District 1,JUDGE, STATE COURT,,VERNON L. CHAMBLESS,424,34,228,162,0
Ware,District 2A,JUDGE, STATE COURT,,VERNON L. CHAMBLESS,275,14,185,76,0
Ware,District 2B,JUDGE, STATE COURT,,VERNON L. CHAMBLESS,107,9,61,37,0
Ware,1231-150B,JUDGE, STATE COURT,,VERNON L. CHAMBLESS,406,15,310,81,0
Ware,1231-150C,JUDGE, STATE COURT,,VERNON L. CHAMBLESS,105,0,95,10,0
Ware,1231-151,JUDGE, STATE COURT,,VERNON L. CHAMBLESS,446,8,347,91,0
Ware,Beach-Bickley,JUDGE, STATE COURT,,VERNON L. CHAMBLESS,43,0,38,5,0
Ware,Haywood,JUDGE, STATE COURT,,VERNON L. CHAMBLESS,68,1,60,7,0
Ware,Jamestown,JUDGE, STATE COURT,,VERNON L. CHAMBLESS,246,4,189,52,1
Ware,Manor,JUDGE, STATE COURT,,VERNON L. CHAMBLESS,50,0,41,9,0
Ware,Millwood,JUDGE, STATE COURT,,VERNON L. CHAMBLESS,70,0,68,2,0
Ware,Waresboro,JUDGE, STATE COURT,,VERNON L. CHAMBLESS,136,3,108,25,0
Ware,,JUDGE, STATE COURT,,DOUGLAS L. GIBSON,3738,139,2483,1114,2
Ware,District 1,JUDGE, STATE COURT,,DOUGLAS L. GIBSON,381,27,169,185,0
Ware,District 2A,JUDGE, STATE COURT,,DOUGLAS L. GIBSON,546,23,300,223,0
Ware,District 2B,JUDGE, STATE COURT,,DOUGLAS L. GIBSON,105,1,65,39,0
Ware,1231-150B,JUDGE, STATE COURT,,DOUGLAS L. GIBSON,803,52,520,231,0
Ware,1231-150C,JUDGE, STATE COURT,,DOUGLAS L. GIBSON,189,7,138,43,1
Ware,1231-151,JUDGE, STATE COURT,,DOUGLAS L. GIBSON,767,14,520,233,0
Ware,Beach-Bickley,JUDGE, STATE COURT,,DOUGLAS L. GIBSON,86,0,75,11,0
Ware,Haywood,JUDGE, STATE COURT,,DOUGLAS L. GIBSON,117,2,99,16,0
Ware,Jamestown,JUDGE, STATE COURT,,DOUGLAS L. GIBSON,296,5,228,63,0
Ware,Manor,JUDGE, STATE COURT,,DOUGLAS L. GIBSON,156,4,138,14,0
Ware,Millwood,JUDGE, STATE COURT,,DOUGLAS L. GIBSON,89,3,77,9,0
Ware,Waresboro,JUDGE, STATE COURT,,DOUGLAS L. GIBSON,203,1,154,47,1
Ware,,JUDGE, STATE COURT,,Write-in,4,0,4,0,0
Ware,District 1,JUDGE, STATE COURT,,Write-in,0,0,0,0,0
Ware,District 2A,JUDGE, STATE COURT,,Write-in,2,0,2,0,0
Ware,District 2B,JUDGE, STATE COURT,,Write-in,0,0,0,0,0
Ware,1231-150B,JUDGE, STATE COURT,,Write-in,0,0,0,0,0
Ware,1231-150C,JUDGE, STATE COURT,,Write-in,0,0,0,0,0
Ware,1231-151,JUDGE, STATE COURT,,Write-in,2,0,2,0,0
Ware,Beach-Bickley,JUDGE, STATE COURT,,Write-in,0,0,0,0,0
Ware,Haywood,JUDGE, STATE COURT,,Write-in,0,0,0,0,0
Ware,Jamestown,JUDGE, STATE COURT,,Write-in,0,0,0,0,0
Ware,Manor,JUDGE, STATE COURT,,Write-in,0,0,0,0,0
Ware,Millwood,JUDGE, STATE COURT,,Write-in,0,0,0,0,0
Ware,Waresboro,JUDGE, STATE COURT,,Write-in,0,0,0,0,0
Ware,,CHIEF MAGISTRATE,,,NATHAN GRANTHAM ,5146,199,3513,1431,3
Ware,District 1,CHIEF MAGISTRATE,,,NATHAN GRANTHAM ,656,51,324,281,0
Ware,District 2A,CHIEF MAGISTRATE,,,NATHAN GRANTHAM ,703,30,412,261,0
Ware,District 2B,CHIEF MAGISTRATE,,,NATHAN GRANTHAM ,187,9,104,74,0
Ware,1231-150B,CHIEF MAGISTRATE,,,NATHAN GRANTHAM ,1028,60,701,267,0
Ware,1231-150C,CHIEF MAGISTRATE,,,NATHAN GRANTHAM ,241,5,192,43,1
Ware,1231-151,CHIEF MAGISTRATE,,,NATHAN GRANTHAM ,1003,22,710,271,0
Ware,Beach-Bickley,CHIEF MAGISTRATE,,,NATHAN GRANTHAM ,115,0,99,16,0
Ware,Haywood,CHIEF MAGISTRATE,,,NATHAN GRANTHAM ,162,3,139,20,0
Ware,Jamestown,CHIEF MAGISTRATE,,,NATHAN GRANTHAM ,470,5,361,103,1
Ware,Manor,CHIEF MAGISTRATE,,,NATHAN GRANTHAM ,161,7,133,21,0
Ware,Millwood,CHIEF MAGISTRATE,,,NATHAN GRANTHAM ,135,3,121,11,0
Ware,Waresboro,CHIEF MAGISTRATE,,,NATHAN GRANTHAM ,285,4,217,63,1
Ware,,CHIEF MAGISTRATE,,,Write-in,6,0,4,2,0
Ware,District 1,CHIEF MAGISTRATE,,,Write-in,0,0,0,0,0
Ware,District 2A,CHIEF MAGISTRATE,,,Write-in,0,0,0,0,0
Ware,District 2B,CHIEF MAGISTRATE,,,Write-in,0,0,0,0,0
Ware,1231-150B,CHIEF MAGISTRATE,,,Write-in,4,0,3,1,0
Ware,1231-150C,CHIEF MAGISTRATE,,,Write-in,1,0,0,1,0
Ware,1231-151,CHIEF MAGISTRATE,,,Write-in,0,0,0,0,0
Ware,Beach-Bickley,CHIEF MAGISTRATE,,,Write-in,0,0,0,0,0
Ware,Haywood,CHIEF MAGISTRATE,,,Write-in,1,0,1,0,0
Ware,Jamestown,CHIEF MAGISTRATE,,,Write-in,0,0,0,0,0
Ware,Manor,CHIEF MAGISTRATE,,,Write-in,0,0,0,0,0
Ware,Millwood,CHIEF MAGISTRATE,,,Write-in,0,0,0,0,0
Ware,Waresboro,CHIEF MAGISTRATE,,,Write-in,0,0,0,0,0
Ware,,JUDGE, PROBATE COURT,,CALVIN A. BENNETT,4063,145,2762,1153,3
Ware,District 1,JUDGE, PROBATE COURT,,CALVIN A. BENNETT,561,37,281,243,0
Ware,District 2A,JUDGE, PROBATE COURT,,CALVIN A. BENNETT,521,16,306,199,0
Ware,District 2B,JUDGE, PROBATE COURT,,CALVIN A. BENNETT,149,11,88,50,0
Ware,1231-150B,JUDGE, PROBATE COURT,,CALVIN A. BENNETT,839,48,569,222,0
Ware,1231-150C,JUDGE, PROBATE COURT,,CALVIN A. BENNETT,200,7,149,43,1
Ware,1231-151,JUDGE, PROBATE COURT,,CALVIN A. BENNETT,788,12,557,219,0
Ware,Beach-Bickley,JUDGE, PROBATE COURT,,CALVIN A. BENNETT,67,0,57,10,0
Ware,Haywood,JUDGE, PROBATE COURT,,CALVIN A. BENNETT,104,0,90,14,0
Ware,Jamestown,JUDGE, PROBATE COURT,,CALVIN A. BENNETT,371,6,282,82,1
Ware,Manor,JUDGE, PROBATE COURT,,CALVIN A. BENNETT,100,3,83,14,0
Ware,Millwood,JUDGE, PROBATE COURT,,CALVIN A. BENNETT,129,2,121,6,0
Ware,Waresboro,JUDGE, PROBATE COURT,,CALVIN A. BENNETT,234,3,179,51,1
Ware,,JUDGE, PROBATE COURT,,RICHARD T. HENDERSON,2013,86,1417,510,0
Ware,District 1,JUDGE, PROBATE COURT,,RICHARD T. HENDERSON,228,24,105,99,0
Ware,District 2A,JUDGE, PROBATE COURT,,RICHARD T. HENDERSON,277,20,165,92,0
Ware,District 2B,JUDGE, PROBATE COURT,,RICHARD T. HENDERSON,57,0,31,26,0
Ware,1231-150B,JUDGE, PROBATE COURT,,RICHARD T. HENDERSON,369,19,258,92,0
Ware,1231-150C,JUDGE, PROBATE COURT,,RICHARD T. HENDERSON,98,0,84,14,0
Ware,1231-151,JUDGE, PROBATE COURT,,RICHARD T. HENDERSON,418,11,306,101,0
Ware,Beach-Bickley,JUDGE, PROBATE COURT,,RICHARD T. HENDERSON,63,0,57,6,0
Ware,Haywood,JUDGE, PROBATE COURT,,RICHARD T. HENDERSON,82,3,70,9,0
Ware,Jamestown,JUDGE, PROBATE COURT,,RICHARD T. HENDERSON,172,3,134,35,0
Ware,Manor,JUDGE, PROBATE COURT,,RICHARD T. HENDERSON,108,4,96,8,0
Ware,Millwood,JUDGE, PROBATE COURT,,RICHARD T. HENDERSON,31,1,25,5,0
Ware,Waresboro,JUDGE, PROBATE COURT,,RICHARD T. HENDERSON,110,1,86,23,0
Ware,,JUDGE, PROBATE COURT,,Write-in,4,1,3,0,0
Ware,District 1,JUDGE, PROBATE COURT,,Write-in,1,0,1,0,0
Ware,District 2A,JUDGE, PROBATE COURT,,Write-in,1,1,0,0,0
Ware,District 2B,JUDGE, PROBATE COURT,,Write-in,0,0,0,0,0
Ware,1231-150B,JUDGE, PROBATE COURT,,Write-in,0,0,0,0,0
Ware,1231-150C,JUDGE, PROBATE COURT,,Write-in,0,0,0,0,0
Ware,1231-151,JUDGE, PROBATE COURT,,Write-in,1,0,1,0,0
Ware,Beach-Bickley,JUDGE, PROBATE COURT,,Write-in,0,0,0,0,0
Ware,Haywood,JUDGE, PROBATE COURT,,Write-in,0,0,0,0,0
Ware,Jamestown,JUDGE, PROBATE COURT,,Write-in,0,0,0,0,0
Ware,Manor,JUDGE, PROBATE COURT,,Write-in,1,0,1,0,0
Ware,Millwood,JUDGE, PROBATE COURT,,Write-in,0,0,0,0,0
Ware,Waresboro,JUDGE, PROBATE COURT,,Write-in,0,0,0,0,0
Ware,,BOE, D1,,FRANKLIN PINCKNEY,371,15,169,187,0
Ware,District 1,BOE, D1,,FRANKLIN PINCKNEY,343,14,156,173,0
Ware,District 2B,BOE, D1,,FRANKLIN PINCKNEY,28,1,13,14,0
Ware,,BOE, D1,,Write-in,5,0,5,0,0
Ware,District 1,BOE, D1,,Write-in,3,0,3,0,0
Ware,District 2B,BOE, D1,,Write-in,2,0,2,0,0
Ware,,BOE, D2,,TERRY HANSFORD,69,3,35,31,0
Ware,District 1,BOE, D2,,TERRY HANSFORD,55,3,29,23,0
Ware,District 2A,BOE, D2,,TERRY HANSFORD,2,0,2,0,0
Ware,District 2B,BOE, D2,,TERRY HANSFORD,12,0,4,8,0
Ware,,BOE, D2,,O. OLIVER-SANDER,290,28,172,90,0
Ware,District 1,BOE, D2,,O. OLIVER-SANDER,239,26,142,71,0
Ware,District 2A,BOE, D2,,O. OLIVER-SANDER,4,1,3,0,0
Ware,District 2B,BOE, D2,,O. OLIVER-SANDER,47,1,27,19,0
Ware,,BOE, D2,,Write-in,0,0,0,0,0
Ware,District 1,BOE, D2,,Write-in,0,0,0,0,0
Ware,District 2A,BOE, D2,,Write-in,0,0,0,0,0
Ware,District 2B,BOE, D2,,Write-in,0,0,0,0,0
Ware,,BOE, D3,,GREGORY MARTIN,80,2,39,39,0
Ware,District 1,BOE, D3,,GREGORY MARTIN,18,1,7,10,0
Ware,District 2A,BOE, D3,,GREGORY MARTIN,62,1,32,29,0
Ware,,BOE, D3,,JENNIFER A. STEWART,252,7,162,83,0
Ware,District 1,BOE, D3,,JENNIFER A. STEWART,46,6,22,18,0
Ware,District 2A,BOE, D3,,JENNIFER A. STEWART,206,1,140,65,0
Ware,,BOE, D3,,"EDWARD ""BUSTER"" TYRE",594,40,321,233,0
Ware,District 1,BOE, D3,,"EDWARD ""BUSTER"" TYRE",65,8,25,32,0
Ware,District 2A,BOE, D3,,"EDWARD ""BUSTER"" TYRE",529,32,296,201,0
Ware,,BOE, D3,,Write-in,0,0,0,0,0
Ware,District 1,BOE, D3,,Write-in,0,0,0,0,0
Ware,District 2A,BOE, D3,,Write-in,0,0,0,0,0
Ware,,BOE, D7,,BARRY DEAS ,903,18,725,158,2
Ware,1231-150C,BOE, D7,,BARRY DEAS ,248,5,194,48,1
Ware,1231-151,BOE, D7,,BARRY DEAS ,54,0,36,18,0
Ware,Manor,BOE, D7,,BARRY DEAS ,183,7,157,19,0
Ware,Millwood,BOE, D7,,BARRY DEAS ,137,3,123,11,0
Ware,Waresboro,BOE, D7,,BARRY DEAS ,281,3,215,62,1
Ware,,BOE, D7,,Write-in,1,0,1,0,0
Ware,1231-150C,BOE, D7,,Write-in,0,0,0,0,0
Ware,1231-151,BOE, D7,,Write-in,0,0,0,0,0
Ware,Manor,BOE, D7,,Write-in,1,0,1,0,0
Ware,Millwood,BOE, D7,,Write-in,0,0,0,0,0
Ware,Waresboro,BOE, D7,,Write-in,0,0,0,0,0
Ware,,TSPLOST,,,YES,2113,74,1426,612,1
Ware,District 1,TSPLOST,,,YES,403,23,225,155,0
Ware,District 2A,TSPLOST,,,YES,317,10,174,133,0
Ware,District 2B,TSPLOST,,,YES,94,1,61,32,0
Ware,1231-150B,TSPLOST,,,YES,396,24,275,97,0
Ware,1231-150C,TSPLOST,,,YES,96,0,75,20,1
Ware,1231-151,TSPLOST,,,YES,338,8,248,82,0
Ware,Beach-Bickley,TSPLOST,,,YES,44,0,36,8,0
Ware,Haywood,TSPLOST,,,YES,65,2,56,7,0
Ware,Jamestown,TSPLOST,,,YES,164,3,115,46,0
Ware,Manor,TSPLOST,,,YES,50,1,41,8,0
Ware,Millwood,TSPLOST,,,YES,46,0,43,3,0
Ware,Waresboro,TSPLOST,,,YES,100,2,77,21,0
Ware,,TSPLOST,,,NO,4051,155,2831,1063,2
Ware,District 1,TSPLOST,,,NO,409,36,180,193,0
Ware,District 2A,TSPLOST,,,NO,522,25,324,173,0
Ware,District 2B,TSPLOST,,,NO,122,10,68,44,0
Ware,1231-150B,TSPLOST,,,NO,822,45,561,216,0
Ware,1231-150C,TSPLOST,,,NO,192,6,153,33,0
Ware,1231-151,TSPLOST,,,NO,879,15,628,236,0
Ware,Beach-Bickley,TSPLOST,,,NO,89,0,81,8,0
Ware,Haywood,TSPLOST,,,NO,121,1,104,16,0
Ware,Jamestown,TSPLOST,,,NO,380,6,304,69,1
Ware,Manor,TSPLOST,,,NO,160,6,139,15,0
Ware,Millwood,TSPLOST,,,NO,113,3,102,8,0
Ware,Waresboro,TSPLOST,,,NO,242,2,187,52,1
