county,precinct,office,district,party,candidate,votes,absentee_by_mail,election_day,advance_in_person,provisional
Morgan,,"Public Service Commission, District 3",3,REP,CHUCK EATON (I),2074,82,1469,523,0
Morgan,MADISON EAST,"Public Service Commission, District 3",3,REP,CHUCK EATON (I),199,9,97,93,0
Morgan,BUCKHEAD,"Public Service Commission, District 3",3,REP,CHUCK EATON (I),276,11,203,62,0
Morgan,BETH/SPRINGFIELD,"Public Service Commission, District 3",3,REP,CHUCK EATON (I),262,13,180,69,0
Morgan,MADISON SOUTH,"Public Service Commission, District 3",3,REP,CHUCK EATON (I),238,15,125,98,0
Morgan,CLACKS CHAPEL,"Public Service Commission, District 3",3,REP,CHUCK EATON (I),98,0,83,15,0
Morgan,WEST MORGAN,"Public Service Commission, District 3",3,REP,CHUCK EATON (I),207,6,153,48,0
Morgan,RUTLEDGE,"Public Service Commission, District 3",3,REP,CHUCK EATON (I),228,9,179,40,0
Morgan,BOSTWICK,"Public Service Commission, District 3",3,REP,CHUCK EATON (I),345,9,280,56,0
Morgan,APALACHEE,"Public Service Commission, District 3",3,REP,CHUCK EATON (I),77,1,64,12,0
Morgan,MADISON WEST,"Public Service Commission, District 3",3,REP,CHUCK EATON (I),32,1,20,11,0
Morgan,WEST ROAD,"Public Service Commission, District 3",3,REP,CHUCK EATON (I),112,8,85,19,0
Morgan,,"Public Service Commission, District 3",3,REP,MATT REID,1087,42,780,265,0
Morgan,MADISON EAST,"Public Service Commission, District 3",3,REP,MATT REID,84,6,46,32,0
Morgan,BUCKHEAD,"Public Service Commission, District 3",3,REP,MATT REID,183,2,134,47,0
Morgan,BETH/SPRINGFIELD,"Public Service Commission, District 3",3,REP,MATT REID,142,12,95,35,0
Morgan,MADISON SOUTH,"Public Service Commission, District 3",3,REP,MATT REID,116,6,69,41,0
Morgan,CLACKS CHAPEL,"Public Service Commission, District 3",3,REP,MATT REID,43,1,34,8,0
Morgan,WEST MORGAN,"Public Service Commission, District 3",3,REP,MATT REID,100,0,74,26,0
Morgan,RUTLEDGE,"Public Service Commission, District 3",3,REP,MATT REID,142,5,119,18,0
Morgan,BOSTWICK,"Public Service Commission, District 3",3,REP,MATT REID,162,5,123,34,0
Morgan,APALACHEE,"Public Service Commission, District 3",3,REP,MATT REID,47,1,38,8,0
Morgan,MADISON WEST,"Public Service Commission, District 3",3,REP,MATT REID,12,0,6,6,0
Morgan,WEST ROAD,"Public Service Commission, District 3",3,REP,MATT REID,56,4,42,10,0
Morgan,,"Public Service Commission, District 3",3,DEM,STEPHEN OPPENHEIMER,705,18,507,179,1
Morgan,MADISON EAST,"Public Service Commission, District 3",3,DEM,STEPHEN OPPENHEIMER,227,6,132,88,1
Morgan,BUCKHEAD,"Public Service Commission, District 3",3,DEM,STEPHEN OPPENHEIMER,57,0,50,7,0
Morgan,BETH/SPRINGFIELD,"Public Service Commission, District 3",3,DEM,STEPHEN OPPENHEIMER,36,0,28,8,0
Morgan,MADISON SOUTH,"Public Service Commission, District 3",3,DEM,STEPHEN OPPENHEIMER,75,3,55,17,0
Morgan,CLACKS CHAPEL,"Public Service Commission, District 3",3,DEM,STEPHEN OPPENHEIMER,18,0,16,2,0
Morgan,WEST MORGAN,"Public Service Commission, District 3",3,DEM,STEPHEN OPPENHEIMER,24,0,16,8,0
Morgan,RUTLEDGE,"Public Service Commission, District 3",3,DEM,STEPHEN OPPENHEIMER,65,0,55,10,0
Morgan,BOSTWICK,"Public Service Commission, District 3",3,DEM,STEPHEN OPPENHEIMER,50,2,40,8,0
Morgan,APALACHEE,"Public Service Commission, District 3",3,DEM,STEPHEN OPPENHEIMER,35,0,30,5,0
Morgan,MADISON WEST,"Public Service Commission, District 3",3,DEM,STEPHEN OPPENHEIMER,105,5,78,22,0
Morgan,WEST ROAD,"Public Service Commission, District 3",3,DEM,STEPHEN OPPENHEIMER,13,2,7,4,0
Morgan,,"Public Service Commission, District 5",5,REP,PAM DAVIDSON,1207,46,857,304,0
Morgan,MADISON EAST,"Public Service Commission, District 5",5,REP,PAM DAVIDSON,98,6,56,36,0
Morgan,BUCKHEAD,"Public Service Commission, District 5",5,REP,PAM DAVIDSON,203,0,149,54,0
Morgan,BETH/SPRINGFIELD,"Public Service Commission, District 5",5,REP,PAM DAVIDSON,162,14,113,35,0
Morgan,MADISON SOUTH,"Public Service Commission, District 5",5,REP,PAM DAVIDSON,134,6,77,51,0
Morgan,CLACKS CHAPEL,"Public Service Commission, District 5",5,REP,PAM DAVIDSON,45,0,32,13,0
Morgan,WEST MORGAN,"Public Service Commission, District 5",5,REP,PAM DAVIDSON,110,1,80,29,0
Morgan,RUTLEDGE,"Public Service Commission, District 5",5,REP,PAM DAVIDSON,151,6,123,22,0
Morgan,BOSTWICK,"Public Service Commission, District 5",5,REP,PAM DAVIDSON,182,5,136,41,0
Morgan,APALACHEE,"Public Service Commission, District 5",5,REP,PAM DAVIDSON,53,1,42,10,0
Morgan,MADISON WEST,"Public Service Commission, District 5",5,REP,PAM DAVIDSON,12,1,7,4,0
Morgan,WEST ROAD,"Public Service Commission, District 5",5,REP,PAM DAVIDSON,57,6,42,9,0
Morgan,,"Public Service Commission, District 5",5,REP,STAN WISE (I),1883,78,1334,471,0
Morgan,MADISON EAST,"Public Service Commission, District 5",5,REP,STAN WISE (I),179,9,84,86,0
Morgan,BUCKHEAD,"Public Service Commission, District 5",5,REP,STAN WISE (I),250,13,178,59,0
Morgan,BETH/SPRINGFIELD,"Public Service Commission, District 5",5,REP,STAN WISE (I),227,11,151,65,0
Morgan,MADISON SOUTH,"Public Service Commission, District 5",5,REP,STAN WISE (I),217,15,113,89,0
Morgan,CLACKS CHAPEL,"Public Service Commission, District 5",5,REP,STAN WISE (I),92,1,81,10,0
Morgan,WEST MORGAN,"Public Service Commission, District 5",5,REP,STAN WISE (I),191,5,144,42,0
Morgan,RUTLEDGE,"Public Service Commission, District 5",5,REP,STAN WISE (I),208,7,168,33,0
Morgan,BOSTWICK,"Public Service Commission, District 5",5,REP,STAN WISE (I),318,10,260,48,0
Morgan,APALACHEE,"Public Service Commission, District 5",5,REP,STAN WISE (I),66,1,55,10,0
Morgan,MADISON WEST,"Public Service Commission, District 5",5,REP,STAN WISE (I),29,0,19,10,0
Morgan,WEST ROAD,"Public Service Commission, District 5",5,REP,STAN WISE (I),106,6,81,19,0
Morgan,,"U.S. Representative, District 10",10,REP,PAUL C. BROUN (I),2664,108,1912,644,0
Morgan,MADISON EAST,"U.S. Representative, District 10",10,REP,PAUL C. BROUN (I),252,9,125,118,0
Morgan,BUCKHEAD,"U.S. Representative, District 10",10,REP,PAUL C. BROUN (I),352,13,264,75,0
Morgan,BETH/SPRINGFIELD,"U.S. Representative, District 10",10,REP,PAUL C. BROUN (I),335,21,219,95,0
Morgan,MADISON SOUTH,"U.S. Representative, District 10",10,REP,PAUL C. BROUN (I),294,16,167,111,0
Morgan,CLACKS CHAPEL,"U.S. Representative, District 10",10,REP,PAUL C. BROUN (I),129,0,105,24,0
Morgan,WEST MORGAN,"U.S. Representative, District 10",10,REP,PAUL C. BROUN (I),269,7,202,60,0
Morgan,RUTLEDGE,"U.S. Representative, District 10",10,REP,PAUL C. BROUN (I),309,16,248,45,0
Morgan,BOSTWICK,"U.S. Representative, District 10",10,REP,PAUL C. BROUN (I),436,12,358,66,0
Morgan,APALACHEE,"U.S. Representative, District 10",10,REP,PAUL C. BROUN (I),103,2,85,16,0
Morgan,MADISON WEST,"U.S. Representative, District 10",10,REP,PAUL C. BROUN (I),40,2,26,12,0
Morgan,WEST ROAD,"U.S. Representative, District 10",10,REP,PAUL C. BROUN (I),145,10,113,22,0
Morgan,,"U.S. Representative, District 10",10,REP,STEPHEN K. SIMPSON,768,23,533,212,0
Morgan,MADISON EAST,"U.S. Representative, District 10",10,REP,STEPHEN K. SIMPSON,64,6,34,24,0
Morgan,BUCKHEAD,"U.S. Representative, District 10",10,REP,STEPHEN K. SIMPSON,150,1,108,41,0
Morgan,BETH/SPRINGFIELD,"U.S. Representative, District 10",10,REP,STEPHEN K. SIMPSON,100,6,72,22,0
Morgan,MADISON SOUTH,"U.S. Representative, District 10",10,REP,STEPHEN K. SIMPSON,102,3,57,42,0
Morgan,CLACKS CHAPEL,"U.S. Representative, District 10",10,REP,STEPHEN K. SIMPSON,21,1,16,4,0
Morgan,WEST MORGAN,"U.S. Representative, District 10",10,REP,STEPHEN K. SIMPSON,63,1,44,18,0
Morgan,RUTLEDGE,"U.S. Representative, District 10",10,REP,STEPHEN K. SIMPSON,96,0,80,16,0
Morgan,BOSTWICK,"U.S. Representative, District 10",10,REP,STEPHEN K. SIMPSON,105,3,76,26,0
Morgan,APALACHEE,"U.S. Representative, District 10",10,REP,STEPHEN K. SIMPSON,29,0,23,6,0
Morgan,MADISON WEST,"U.S. Representative, District 10",10,REP,STEPHEN K. SIMPSON,11,0,6,5,0
Morgan,WEST ROAD,"U.S. Representative, District 10",10,REP,STEPHEN K. SIMPSON,27,2,17,8,0
Morgan,,"State Senator, District 25",25,REP,JOHNNY GRANT (I),1492,89,980,423,0
Morgan,MADISON EAST,"State Senator, District 25",25,REP,JOHNNY GRANT (I),168,8,66,94,0
Morgan,BUCKHEAD,"State Senator, District 25",25,REP,JOHNNY GRANT (I),217,14,147,56,0
Morgan,BETH/SPRINGFIELD,"State Senator, District 25",25,REP,JOHNNY GRANT (I),159,14,100,45,0
Morgan,MADISON SOUTH,"State Senator, District 25",25,REP,JOHNNY GRANT (I),201,20,94,87,0
Morgan,CLACKS CHAPEL,"State Senator, District 25",25,REP,JOHNNY GRANT (I),61,0,49,12,0
Morgan,WEST MORGAN,"State Senator, District 25",25,REP,JOHNNY GRANT (I),156,7,115,34,0
Morgan,RUTLEDGE,"State Senator, District 25",25,REP,JOHNNY GRANT (I),158,11,120,27,0
Morgan,BOSTWICK,"State Senator, District 25",25,REP,JOHNNY GRANT (I),247,9,201,37,0
Morgan,APALACHEE,"State Senator, District 25",25,REP,JOHNNY GRANT (I),43,0,31,12,0
Morgan,MADISON WEST,"State Senator, District 25",25,REP,JOHNNY GRANT (I),24,1,14,9,0
Morgan,WEST ROAD,"State Senator, District 25",25,REP,JOHNNY GRANT (I),58,5,43,10,0
Morgan,,"State Senator, District 25",25,REP,BURT JONES,1844,38,1402,404,0
Morgan,MADISON EAST,"State Senator, District 25",25,REP,BURT JONES,153,8,97,48,0
Morgan,BUCKHEAD,"State Senator, District 25",25,REP,BURT JONES,269,0,213,56,0
Morgan,BETH/SPRINGFIELD,"State Senator, District 25",25,REP,BURT JONES,264,10,189,65,0
Morgan,MADISON SOUTH,"State Senator, District 25",25,REP,BURT JONES,184,0,123,61,0
Morgan,CLACKS CHAPEL,"State Senator, District 25",25,REP,BURT JONES,89,1,71,17,0
Morgan,WEST MORGAN,"State Senator, District 25",25,REP,BURT JONES,175,1,132,42,0
Morgan,RUTLEDGE,"State Senator, District 25",25,REP,BURT JONES,219,3,188,28,0
Morgan,BOSTWICK,"State Senator, District 25",25,REP,BURT JONES,274,6,215,53,0
Morgan,APALACHEE,"State Senator, District 25",25,REP,BURT JONES,84,2,73,9,0
Morgan,MADISON WEST,"State Senator, District 25",25,REP,BURT JONES,21,0,15,6,0
Morgan,WEST ROAD,"State Senator, District 25",25,REP,BURT JONES,112,7,86,19,0
Morgan,,"State Senator, District 25",25,DEM,DARRELL BLACK,689,17,495,176,1
Morgan,MADISON EAST,"State Senator, District 25",25,DEM,DARRELL BLACK,230,5,134,90,1
Morgan,BUCKHEAD,"State Senator, District 25",25,DEM,DARRELL BLACK,57,0,49,8,0
Morgan,BETH/SPRINGFIELD,"State Senator, District 25",25,DEM,DARRELL BLACK,31,0,26,5,0
Morgan,MADISON SOUTH,"State Senator, District 25",25,DEM,DARRELL BLACK,73,3,53,17,0
Morgan,CLACKS CHAPEL,"State Senator, District 25",25,DEM,DARRELL BLACK,14,0,12,2,0
Morgan,WEST MORGAN,"State Senator, District 25",25,DEM,DARRELL BLACK,21,0,14,7,0
Morgan,RUTLEDGE,"State Senator, District 25",25,DEM,DARRELL BLACK,69,0,59,10,0
Morgan,BOSTWICK,"State Senator, District 25",25,DEM,DARRELL BLACK,45,2,35,8,0
Morgan,APALACHEE,"State Senator, District 25",25,DEM,DARRELL BLACK,33,0,29,4,0
Morgan,MADISON WEST,"State Senator, District 25",25,DEM,DARRELL BLACK,105,5,78,22,0
Morgan,WEST ROAD,"State Senator, District 25",25,DEM,DARRELL BLACK,11,2,6,3,0
Morgan,,"State Representative, District 112",112,REP,DOUG HOLT (I),2922,112,2074,736,0
Morgan,MADISON EAST,"State Representative, District 112",112,REP,DOUG HOLT (I),280,16,131,133,0
Morgan,BUCKHEAD,"State Representative, District 112",112,REP,DOUG HOLT (I),421,13,310,98,0
Morgan,BETH/SPRINGFIELD,"State Representative, District 112",112,REP,DOUG HOLT (I),348,16,241,91,0
Morgan,MADISON SOUTH,"State Representative, District 112",112,REP,DOUG HOLT (I),336,19,183,134,0
Morgan,CLACKS CHAPEL,"State Representative, District 112",112,REP,DOUG HOLT (I),130,1,106,23,0
Morgan,WEST MORGAN,"State Representative, District 112",112,REP,DOUG HOLT (I),296,7,223,66,0
Morgan,RUTLEDGE,"State Representative, District 112",112,REP,DOUG HOLT (I),339,11,277,51,0
Morgan,BOSTWICK,"State Representative, District 112",112,REP,DOUG HOLT (I),460,14,370,76,0
Morgan,APALACHEE,"State Representative, District 112",112,REP,DOUG HOLT (I),114,2,92,20,0
Morgan,MADISON WEST,"State Representative, District 112",112,REP,DOUG HOLT (I),43,1,26,16,0
Morgan,WEST ROAD,"State Representative, District 112",112,REP,DOUG HOLT (I),155,12,115,28,0
Morgan,,"District Attorney, Ocmulgee Circuit", Ocmulgee Circuit - DEM,DEM,FRED BRIGHT (I),758,19,534,204,1
Morgan,MADISON EAST,"District Attorney, Ocmulgee Circuit", Ocmulgee Circuit - DEM,DEM,FRED BRIGHT (I),258,6,148,103,1
Morgan,BUCKHEAD,"District Attorney, Ocmulgee Circuit", Ocmulgee Circuit - DEM,DEM,FRED BRIGHT (I),65,0,53,12,0
Morgan,BETH/SPRINGFIELD,"District Attorney, Ocmulgee Circuit", Ocmulgee Circuit - DEM,DEM,FRED BRIGHT (I),37,0,30,7,0
Morgan,MADISON SOUTH,"District Attorney, Ocmulgee Circuit", Ocmulgee Circuit - DEM,DEM,FRED BRIGHT (I),76,3,55,18,0
Morgan,CLACKS CHAPEL,"District Attorney, Ocmulgee Circuit", Ocmulgee Circuit - DEM,DEM,FRED BRIGHT (I),18,0,16,2,0
Morgan,WEST MORGAN,"District Attorney, Ocmulgee Circuit", Ocmulgee Circuit - DEM,DEM,FRED BRIGHT (I),24,0,16,8,0
Morgan,RUTLEDGE,"District Attorney, Ocmulgee Circuit", Ocmulgee Circuit - DEM,DEM,FRED BRIGHT (I),72,0,61,11,0
Morgan,BOSTWICK,"District Attorney, Ocmulgee Circuit", Ocmulgee Circuit - DEM,DEM,FRED BRIGHT (I),49,2,37,10,0
Morgan,APALACHEE,"District Attorney, Ocmulgee Circuit", Ocmulgee Circuit - DEM,DEM,FRED BRIGHT (I),34,0,30,4,0
Morgan,MADISON WEST,"District Attorney, Ocmulgee Circuit", Ocmulgee Circuit - DEM,DEM,FRED BRIGHT (I),113,6,82,25,0
Morgan,WEST ROAD,"District Attorney, Ocmulgee Circuit", Ocmulgee Circuit - DEM,DEM,FRED BRIGHT (I),12,2,6,4,0
Morgan,,Superior Court Clerk,,I,JODY MILFORD MOSS,2899,107,2077,715,0
Morgan,MADISON EAST,Superior Court Clerk,,I,JODY MILFORD MOSS,272,16,133,123,0
Morgan,BUCKHEAD,Superior Court Clerk,,I,JODY MILFORD MOSS,410,13,306,91,0
Morgan,BETH/SPRINGFIELD,Superior Court Clerk,,I,JODY MILFORD MOSS,347,13,248,86,0
Morgan,MADISON SOUTH,Superior Court Clerk,,I,JODY MILFORD MOSS,331,19,179,133,0
Morgan,CLACKS CHAPEL,Superior Court Clerk,,I,JODY MILFORD MOSS,138,1,112,25,0
Morgan,WEST MORGAN,Superior Court Clerk,,I,JODY MILFORD MOSS,293,6,224,63,0
Morgan,RUTLEDGE,Superior Court Clerk,,I,JODY MILFORD MOSS,336,11,277,48,0
Morgan,BOSTWICK,Superior Court Clerk,,I,JODY MILFORD MOSS,462,13,368,81,0
Morgan,APALACHEE,Superior Court Clerk,,I,JODY MILFORD MOSS,114,2,92,20,0
Morgan,MADISON WEST,Superior Court Clerk,,I,JODY MILFORD MOSS,42,1,24,17,0
Morgan,WEST ROAD,Superior Court Clerk,,I,JODY MILFORD MOSS,154,12,114,28,0
Morgan,,Sheriff,,,ROBERT MARKLEY ,3096,114,2207,775,0
Morgan,MADISON EAST,Sheriff,,,ROBERT MARKLEY ,296,17,142,137,0
Morgan,BUCKHEAD,Sheriff,,,ROBERT MARKLEY ,449,13,333,103,0
Morgan,BETH/SPRINGFIELD,Sheriff,,,ROBERT MARKLEY ,365,16,252,97,0
Morgan,MADISON SOUTH,Sheriff,,,ROBERT MARKLEY ,357,20,199,138,0
Morgan,CLACKS CHAPEL,Sheriff,,,ROBERT MARKLEY ,138,1,111,26,0
Morgan,WEST MORGAN,Sheriff,,,ROBERT MARKLEY ,303,7,228,68,0
Morgan,RUTLEDGE,Sheriff,,,ROBERT MARKLEY ,354,11,289,54,0
Morgan,BOSTWICK,Sheriff,,,ROBERT MARKLEY ,502,14,402,86,0
Morgan,APALACHEE,Sheriff,,,ROBERT MARKLEY ,121,2,99,20,0
Morgan,MADISON WEST,Sheriff,,,ROBERT MARKLEY ,47,1,29,17,0
Morgan,WEST ROAD,Sheriff,,,ROBERT MARKLEY ,164,12,123,29,0
Morgan,,Tax Commissioner,,,"ANNA ""RENNIE"" NESTOR",2446,94,1777,575,0
Morgan,MADISON EAST,Tax Commissioner,,,"ANNA ""RENNIE"" NESTOR",213,14,103,96,0
Morgan,BUCKHEAD,Tax Commissioner,,,"ANNA ""RENNIE"" NESTOR",359,10,269,80,0
Morgan,BETH/SPRINGFIELD,Tax Commissioner,,,"ANNA ""RENNIE"" NESTOR",301,15,213,73,0
Morgan,MADISON SOUTH,Tax Commissioner,,,"ANNA ""RENNIE"" NESTOR",273,14,154,105,0
Morgan,CLACKS CHAPEL,Tax Commissioner,,,"ANNA ""RENNIE"" NESTOR",116,1,93,22,0
Morgan,WEST MORGAN,Tax Commissioner,,,"ANNA ""RENNIE"" NESTOR",239,4,187,48,0
Morgan,RUTLEDGE,Tax Commissioner,,,"ANNA ""RENNIE"" NESTOR",281,11,235,35,0
Morgan,BOSTWICK,Tax Commissioner,,,"ANNA ""RENNIE"" NESTOR",395,12,315,68,0
Morgan,APALACHEE,Tax Commissioner,,,"ANNA ""RENNIE"" NESTOR",95,2,78,15,0
Morgan,MADISON WEST,Tax Commissioner,,,"ANNA ""RENNIE"" NESTOR",36,1,21,14,0
Morgan,WEST ROAD,Tax Commissioner,,,"ANNA ""RENNIE"" NESTOR",138,10,109,19,0
Morgan,,Tax Commissioner,,,BECKY LORD ASTIN ,849,18,615,215,1
Morgan,MADISON EAST,Tax Commissioner,,,BECKY LORD ASTIN ,282,6,164,111,1
Morgan,BUCKHEAD,Tax Commissioner,,,BECKY LORD ASTIN ,73,0,60,13,0
Morgan,BETH/SPRINGFIELD,Tax Commissioner,,,BECKY LORD ASTIN ,44,1,35,8,0
Morgan,MADISON SOUTH,Tax Commissioner,,,BECKY LORD ASTIN ,84,2,66,16,0
Morgan,CLACKS CHAPEL,Tax Commissioner,,,BECKY LORD ASTIN ,18,0,16,2,0
Morgan,WEST MORGAN,Tax Commissioner,,,BECKY LORD ASTIN ,27,0,20,7,0
Morgan,RUTLEDGE,Tax Commissioner,,,BECKY LORD ASTIN ,82,0,69,13,0
Morgan,BOSTWICK,Tax Commissioner,,,BECKY LORD ASTIN ,59,2,47,10,0
Morgan,APALACHEE,Tax Commissioner,,,BECKY LORD ASTIN ,40,0,37,3,0
Morgan,MADISON WEST,Tax Commissioner,,,BECKY LORD ASTIN ,126,5,93,28,0
Morgan,WEST ROAD,Tax Commissioner,,,BECKY LORD ASTIN ,14,2,8,4,0
Morgan,,Coroner,,,ADAM E. CARTER,3011,114,2151,746,0
Morgan,MADISON EAST,Coroner,,,ADAM E. CARTER,293,17,139,137,0
Morgan,BUCKHEAD,Coroner,,,ADAM E. CARTER,423,13,319,91,0
Morgan,BETH/SPRINGFIELD,Coroner,,,ADAM E. CARTER,364,17,251,96,0
Morgan,MADISON SOUTH,Coroner,,,ADAM E. CARTER,347,20,194,133,0
Morgan,CLACKS CHAPEL,Coroner,,,ADAM E. CARTER,134,1,108,25,0
Morgan,WEST MORGAN,Coroner,,,ADAM E. CARTER,304,6,229,69,0
Morgan,RUTLEDGE,Coroner,,,ADAM E. CARTER,346,11,284,51,0
Morgan,BOSTWICK,Coroner,,,ADAM E. CARTER,479,14,385,80,0
Morgan,APALACHEE,Coroner,,,ADAM E. CARTER,115,2,94,19,0
Morgan,MADISON WEST,Coroner,,,ADAM E. CARTER,47,1,29,17,0
Morgan,WEST ROAD,Coroner,,,ADAM E. CARTER,159,12,119,28,0
Morgan,,County Comm 3,,,MACK BOHLEN ,413,12,319,82,0
Morgan,WEST MORGAN,County Comm 3,,,MACK BOHLEN ,54,3,36,15,0
Morgan,RUTLEDGE,County Comm 3,,,MACK BOHLEN ,37,0,27,10,0
Morgan,BOSTWICK,County Comm 3,,,MACK BOHLEN ,264,9,212,43,0
Morgan,APALACHEE,County Comm 3,,,MACK BOHLEN ,29,0,27,2,0
Morgan,MADISON WEST,County Comm 3,,,MACK BOHLEN ,29,0,17,12,0
Morgan,,County Comm 3,,,C. PHILIP CLACK,311,6,257,48,0
Morgan,WEST MORGAN,County Comm 3,,,C. PHILIP CLACK,15,0,12,3,0
Morgan,RUTLEDGE,County Comm 3,,,C. PHILIP CLACK,33,2,25,6,0
Morgan,BOSTWICK,County Comm 3,,,C. PHILIP CLACK,238,4,196,38,0
Morgan,APALACHEE,County Comm 3,,,C. PHILIP CLACK,18,0,17,1,0
Morgan,MADISON WEST,County Comm 3,,,C. PHILIP CLACK,7,0,7,0,0
Morgan,,County Comm 3,,,JUSTIN MILFORD,83,3,65,15,0
Morgan,WEST MORGAN,County Comm 3,,,JUSTIN MILFORD,26,0,25,1,0
Morgan,RUTLEDGE,County Comm 3,,,JUSTIN MILFORD,18,2,14,2,0
Morgan,BOSTWICK,County Comm 3,,,JUSTIN MILFORD,27,0,16,11,0
Morgan,APALACHEE,County Comm 3,,,JUSTIN MILFORD,7,1,5,1,0
Morgan,MADISON WEST,County Comm 3,,,JUSTIN MILFORD,5,0,5,0,0
Morgan,,County Comm 3,,,ALLEN PECK,44,1,37,6,0
Morgan,WEST MORGAN,County Comm 3,,,ALLEN PECK,5,0,4,1,0
Morgan,RUTLEDGE,County Comm 3,,,ALLEN PECK,0,0,0,0,0
Morgan,BOSTWICK,County Comm 3,,,ALLEN PECK,29,1,25,3,0
Morgan,APALACHEE,County Comm 3,,,ALLEN PECK,10,0,8,2,0
Morgan,MADISON WEST,County Comm 3,,,ALLEN PECK,0,0,0,0,0
Morgan,,County Comm 5,,,J. THOMAS BURTON,64,5,49,10,0
Morgan,MADISON EAST,County Comm 5,,,J. THOMAS BURTON,3,0,2,1,0
Morgan,BUCKHEAD,County Comm 5,,,J. THOMAS BURTON,37,0,30,7,0
Morgan,BETH/SPRINGFIELD,County Comm 5,,,J. THOMAS BURTON,24,5,17,2,0
Morgan,,County Comm 5,,,KEITH FITZGERALD,341,5,273,63,0
Morgan,MADISON EAST,County Comm 5,,,KEITH FITZGERALD,23,1,14,8,0
Morgan,BUCKHEAD,County Comm 5,,,KEITH FITZGERALD,207,4,168,35,0
Morgan,BETH/SPRINGFIELD,County Comm 5,,,KEITH FITZGERALD,111,0,91,20,0
Morgan,,County Comm 5,,,RON MILTON,423,18,269,136,0
Morgan,MADISON EAST,County Comm 5,,,RON MILTON,22,1,6,15,0
Morgan,BUCKHEAD,County Comm 5,,,RON MILTON,267,9,178,80,0
Morgan,BETH/SPRINGFIELD,County Comm 5,,,RON MILTON,134,8,85,41,0
Morgan,,CC D5- Special,,,J. THOMAS BURTON,86,5,63,18,0
Morgan,MADISON EAST,CC D5- Special,,,J. THOMAS BURTON,6,0,3,3,0
Morgan,BUCKHEAD,CC D5- Special,,,J. THOMAS BURTON,54,0,41,13,0
Morgan,BETH/SPRINGFIELD,CC D5- Special,,,J. THOMAS BURTON,26,5,19,2,0
Morgan,,CC D5- Special,,,KEITH M. FITZGERALD,400,5,320,75,0
Morgan,MADISON EAST,CC D5- Special,,,KEITH M. FITZGERALD,28,1,16,11,0
Morgan,BUCKHEAD,CC D5- Special,,,KEITH M. FITZGERALD,243,4,199,40,0
Morgan,BETH/SPRINGFIELD,CC D5- Special,,,KEITH M. FITZGERALD,129,0,105,24,0
Morgan,,CC D5- Special,,,RON MILTON,465,18,304,143,0
Morgan,MADISON EAST,CC D5- Special,,,RON MILTON,27,1,8,18,0
Morgan,BUCKHEAD,CC D5- Special,,,RON MILTON,293,9,200,84,0
Morgan,BETH/SPRINGFIELD,CC D5- Special,,,RON MILTON,145,8,96,41,0
Morgan,,CC D5- Special,,,Write-in,2,0,2,0,0
Morgan,MADISON EAST,CC D5- Special,,,Write-in,0,0,0,0,0
Morgan,BUCKHEAD,CC D5- Special,,,Write-in,2,0,2,0,0
Morgan,BETH/SPRINGFIELD,CC D5- Special,,,Write-in,0,0,0,0,0
Morgan,,BOE 1,,,RICHARD HODGETTS,266,14,143,109,0
Morgan,MADISON EAST,BOE 1,,,RICHARD HODGETTS,205,13,102,90,0
Morgan,APALACHEE,BOE 1,,,RICHARD HODGETTS,53,1,38,14,0
Morgan,MADISON WEST,BOE 1,,,RICHARD HODGETTS,8,0,3,5,0
Morgan,,BOE 1,,,ROBYN COOK,146,1,81,64,0
Morgan,MADISON EAST,BOE 1,,,ROBYN COOK,116,1,58,57,0
Morgan,APALACHEE,BOE 1,,,ROBYN COOK,18,0,14,4,0
Morgan,MADISON WEST,BOE 1,,,ROBYN COOK,12,0,9,3,0
Morgan,,BOE 1,,,ERICA L. VEASLEY,356,10,246,99,1
Morgan,MADISON EAST,BOE 1,,,ERICA L. VEASLEY,224,6,143,74,1
Morgan,APALACHEE,BOE 1,,,ERICA L. VEASLEY,19,0,17,2,0
Morgan,MADISON WEST,BOE 1,,,ERICA L. VEASLEY,113,4,86,23,0
Morgan,,BOE 3,,,KEITH E. HOWARD ,574,13,464,97,0
Morgan,WEST MORGAN,BOE 3,,,KEITH E. HOWARD ,61,1,46,14,0
Morgan,RUTLEDGE,BOE 3,,,KEITH E. HOWARD ,58,3,41,14,0
Morgan,BOSTWICK,BOE 3,,,KEITH E. HOWARD ,389,9,321,59,0
Morgan,APALACHEE,BOE 3,,,KEITH E. HOWARD ,40,0,37,3,0
Morgan,MADISON WEST,BOE 3,,,KEITH E. HOWARD ,26,0,19,7,0
Morgan,,BOE 3,,,MARCIA L. MALONE,245,9,189,47,0
Morgan,WEST MORGAN,BOE 3,,,MARCIA L. MALONE,30,2,26,2,0
Morgan,RUTLEDGE,BOE 3,,,MARCIA L. MALONE,28,1,23,4,0
Morgan,BOSTWICK,BOE 3,,,MARCIA L. MALONE,150,5,112,33,0
Morgan,APALACHEE,BOE 3,,,MARCIA L. MALONE,23,1,19,3,0
Morgan,MADISON WEST,BOE 3,,,MARCIA L. MALONE,14,0,9,5,0
Morgan,,Republican Party Question 1<br>Should Georgia have casino gambling with funds going to education?,,REP,YES,1817,60,1269,488,0
Morgan,MADISON EAST,Republican Party Question 1<br>Should Georgia have casino gambling with funds going to education?,,REP,YES,195,9,95,91,0
Morgan,BUCKHEAD,Republican Party Question 1<br>Should Georgia have casino gambling with funds going to education?,,REP,YES,293,3,219,71,0
Morgan,BETH/SPRINGFIELD,Republican Party Question 1<br>Should Georgia have casino gambling with funds going to education?,,REP,YES,209,14,132,63,0
Morgan,MADISON SOUTH,Republican Party Question 1<br>Should Georgia have casino gambling with funds going to education?,,REP,YES,195,10,103,82,0
Morgan,CLACKS CHAPEL,Republican Party Question 1<br>Should Georgia have casino gambling with funds going to education?,,REP,YES,80,0,65,15,0
Morgan,WEST MORGAN,Republican Party Question 1<br>Should Georgia have casino gambling with funds going to education?,,REP,YES,182,3,133,46,0
Morgan,RUTLEDGE,Republican Party Question 1<br>Should Georgia have casino gambling with funds going to education?,,REP,YES,210,12,163,35,0
Morgan,BOSTWICK,Republican Party Question 1<br>Should Georgia have casino gambling with funds going to education?,,REP,YES,289,5,234,50,0
Morgan,APALACHEE,Republican Party Question 1<br>Should Georgia have casino gambling with funds going to education?,,REP,YES,71,1,59,11,0
Morgan,MADISON WEST,Republican Party Question 1<br>Should Georgia have casino gambling with funds going to education?,,REP,YES,21,0,12,9,0
Morgan,WEST ROAD,Republican Party Question 1<br>Should Georgia have casino gambling with funds going to education?,,REP,YES,72,3,54,15,0
Morgan,,Republican Party Question 1<br>Should Georgia have casino gambling with funds going to education?,,REP,NO,1705,72,1247,386,0
Morgan,MADISON EAST,Republican Party Question 1<br>Should Georgia have casino gambling with funds going to education?,,REP,NO,132,8,70,54,0
Morgan,BUCKHEAD,Republican Party Question 1<br>Should Georgia have casino gambling with funds going to education?,,REP,NO,232,11,170,51,0
Morgan,BETH/SPRINGFIELD,Republican Party Question 1<br>Should Georgia have casino gambling with funds going to education?,,REP,NO,236,13,165,58,0
Morgan,MADISON SOUTH,Republican Party Question 1<br>Should Georgia have casino gambling with funds going to education?,,REP,NO,205,10,126,69,0
Morgan,CLACKS CHAPEL,Republican Party Question 1<br>Should Georgia have casino gambling with funds going to education?,,REP,NO,73,1,57,15,0
Morgan,WEST MORGAN,Republican Party Question 1<br>Should Georgia have casino gambling with funds going to education?,,REP,NO,157,4,120,33,0
Morgan,RUTLEDGE,Republican Party Question 1<br>Should Georgia have casino gambling with funds going to education?,,REP,NO,204,4,174,26,0
Morgan,BOSTWICK,Republican Party Question 1<br>Should Georgia have casino gambling with funds going to education?,,REP,NO,274,10,219,45,0
Morgan,APALACHEE,Republican Party Question 1<br>Should Georgia have casino gambling with funds going to education?,,REP,NO,61,1,49,11,0
Morgan,MADISON WEST,Republican Party Question 1<br>Should Georgia have casino gambling with funds going to education?,,REP,NO,30,1,21,8,0
Morgan,WEST ROAD,Republican Party Question 1<br>Should Georgia have casino gambling with funds going to education?,,REP,NO,101,9,76,16,0
Morgan,,Republican Party Question 2<br>Do you support ending the current practice of unlimited gifts from lobbyists to state legislators by imposing a $100 cap on such gifts?,,REP,YES,3029,116,2170,743,0
Morgan,MADISON EAST,Republican Party Question 2<br>Do you support ending the current practice of unlimited gifts from lobbyists to state legislators by imposing a $100 cap on such gifts?,,REP,YES,287,15,148,124,0
Morgan,BUCKHEAD,Republican Party Question 2<br>Do you support ending the current practice of unlimited gifts from lobbyists to state legislators by imposing a $100 cap on such gifts?,,REP,YES,448,10,336,102,0
Morgan,BETH/SPRINGFIELD,Republican Party Question 2<br>Do you support ending the current practice of unlimited gifts from lobbyists to state legislators by imposing a $100 cap on such gifts?,,REP,YES,388,25,260,103,0
Morgan,MADISON SOUTH,Republican Party Question 2<br>Do you support ending the current practice of unlimited gifts from lobbyists to state legislators by imposing a $100 cap on such gifts?,,REP,YES,344,19,196,129,0
Morgan,CLACKS CHAPEL,Republican Party Question 2<br>Do you support ending the current practice of unlimited gifts from lobbyists to state legislators by imposing a $100 cap on such gifts?,,REP,YES,129,1,105,23,0
Morgan,WEST MORGAN,Republican Party Question 2<br>Do you support ending the current practice of unlimited gifts from lobbyists to state legislators by imposing a $100 cap on such gifts?,,REP,YES,292,7,217,68,0
Morgan,RUTLEDGE,Republican Party Question 2<br>Do you support ending the current practice of unlimited gifts from lobbyists to state legislators by imposing a $100 cap on such gifts?,,REP,YES,363,13,301,49,0
Morgan,BOSTWICK,Republican Party Question 2<br>Do you support ending the current practice of unlimited gifts from lobbyists to state legislators by imposing a $100 cap on such gifts?,,REP,YES,479,11,388,80,0
Morgan,APALACHEE,Republican Party Question 2<br>Do you support ending the current practice of unlimited gifts from lobbyists to state legislators by imposing a $100 cap on such gifts?,,REP,YES,108,2,84,22,0
Morgan,MADISON WEST,Republican Party Question 2<br>Do you support ending the current practice of unlimited gifts from lobbyists to state legislators by imposing a $100 cap on such gifts?,,REP,YES,41,1,24,16,0
Morgan,WEST ROAD,Republican Party Question 2<br>Do you support ending the current practice of unlimited gifts from lobbyists to state legislators by imposing a $100 cap on such gifts?,,REP,YES,150,12,111,27,0
Morgan,,Republican Party Question 2<br>Do you support ending the current practice of unlimited gifts from lobbyists to state legislators by imposing a $100 cap on such gifts?,,REP,NO,466,18,323,125,0
Morgan,MADISON EAST,Republican Party Question 2<br>Do you support ending the current practice of unlimited gifts from lobbyists to state legislators by imposing a $100 cap on such gifts?,,REP,NO,40,2,19,19,0
Morgan,BUCKHEAD,Republican Party Question 2<br>Do you support ending the current practice of unlimited gifts from lobbyists to state legislators by imposing a $100 cap on such gifts?,,REP,NO,71,4,48,19,0
Morgan,BETH/SPRINGFIELD,Republican Party Question 2<br>Do you support ending the current practice of unlimited gifts from lobbyists to state legislators by imposing a $100 cap on such gifts?,,REP,NO,58,2,39,17,0
Morgan,MADISON SOUTH,Republican Party Question 2<br>Do you support ending the current practice of unlimited gifts from lobbyists to state legislators by imposing a $100 cap on such gifts?,,REP,NO,52,2,28,22,0
Morgan,CLACKS CHAPEL,Republican Party Question 2<br>Do you support ending the current practice of unlimited gifts from lobbyists to state legislators by imposing a $100 cap on such gifts?,,REP,NO,21,0,16,5,0
Morgan,WEST MORGAN,Republican Party Question 2<br>Do you support ending the current practice of unlimited gifts from lobbyists to state legislators by imposing a $100 cap on such gifts?,,REP,NO,47,1,35,11,0
Morgan,RUTLEDGE,Republican Party Question 2<br>Do you support ending the current practice of unlimited gifts from lobbyists to state legislators by imposing a $100 cap on such gifts?,,REP,NO,50,3,35,12,0
Morgan,BOSTWICK,Republican Party Question 2<br>Do you support ending the current practice of unlimited gifts from lobbyists to state legislators by imposing a $100 cap on such gifts?,,REP,NO,75,4,56,15,0
Morgan,APALACHEE,Republican Party Question 2<br>Do you support ending the current practice of unlimited gifts from lobbyists to state legislators by imposing a $100 cap on such gifts?,,REP,NO,21,0,21,0,0
Morgan,MADISON WEST,Republican Party Question 2<br>Do you support ending the current practice of unlimited gifts from lobbyists to state legislators by imposing a $100 cap on such gifts?,,REP,NO,10,0,9,1,0
Morgan,WEST ROAD,Republican Party Question 2<br>Do you support ending the current practice of unlimited gifts from lobbyists to state legislators by imposing a $100 cap on such gifts?,,REP,NO,21,0,17,4,0
Morgan,,Republican Party Question 3<br>Should active duty military personnel who are under the age of 21 be allowed to obtain a Georgia weapons license?,,REP,YES,2546,98,1817,631,0
Morgan,MADISON EAST,Republican Party Question 3<br>Should active duty military personnel who are under the age of 21 be allowed to obtain a Georgia weapons license?,,REP,YES,243,14,117,112,0
Morgan,BUCKHEAD,Republican Party Question 3<br>Should active duty military personnel who are under the age of 21 be allowed to obtain a Georgia weapons license?,,REP,YES,378,9,277,92,0
Morgan,BETH/SPRINGFIELD,Republican Party Question 3<br>Should active duty military personnel who are under the age of 21 be allowed to obtain a Georgia weapons license?,,REP,YES,324,19,223,82,0
Morgan,MADISON SOUTH,Republican Party Question 3<br>Should active duty military personnel who are under the age of 21 be allowed to obtain a Georgia weapons license?,,REP,YES,267,14,148,105,0
Morgan,CLACKS CHAPEL,Republican Party Question 3<br>Should active duty military personnel who are under the age of 21 be allowed to obtain a Georgia weapons license?,,REP,YES,115,0,97,18,0
Morgan,WEST MORGAN,Republican Party Question 3<br>Should active duty military personnel who are under the age of 21 be allowed to obtain a Georgia weapons license?,,REP,YES,242,6,174,62,0
Morgan,RUTLEDGE,Republican Party Question 3<br>Should active duty military personnel who are under the age of 21 be allowed to obtain a Georgia weapons license?,,REP,YES,309,12,253,44,0
Morgan,BOSTWICK,Republican Party Question 3<br>Should active duty military personnel who are under the age of 21 be allowed to obtain a Georgia weapons license?,,REP,YES,393,11,318,64,0
Morgan,APALACHEE,Republican Party Question 3<br>Should active duty military personnel who are under the age of 21 be allowed to obtain a Georgia weapons license?,,REP,YES,109,1,90,18,0
Morgan,MADISON WEST,Republican Party Question 3<br>Should active duty military personnel who are under the age of 21 be allowed to obtain a Georgia weapons license?,,REP,YES,34,1,21,12,0
Morgan,WEST ROAD,Republican Party Question 3<br>Should active duty military personnel who are under the age of 21 be allowed to obtain a Georgia weapons license?,,REP,YES,132,11,99,22,0
Morgan,,Republican Party Question 3<br>Should active duty military personnel who are under the age of 21 be allowed to obtain a Georgia weapons license?,,REP,NO,950,35,673,242,0
Morgan,MADISON EAST,Republican Party Question 3<br>Should active duty military personnel who are under the age of 21 be allowed to obtain a Georgia weapons license?,,REP,NO,84,3,48,33,0
Morgan,BUCKHEAD,Republican Party Question 3<br>Should active duty military personnel who are under the age of 21 be allowed to obtain a Georgia weapons license?,,REP,NO,139,5,105,29,0
Morgan,BETH/SPRINGFIELD,Republican Party Question 3<br>Should active duty military personnel who are under the age of 21 be allowed to obtain a Georgia weapons license?,,REP,NO,123,8,74,41,0
Morgan,MADISON SOUTH,Republican Party Question 3<br>Should active duty military personnel who are under the age of 21 be allowed to obtain a Georgia weapons license?,,REP,NO,128,6,75,47,0
Morgan,CLACKS CHAPEL,Republican Party Question 3<br>Should active duty military personnel who are under the age of 21 be allowed to obtain a Georgia weapons license?,,REP,NO,40,1,27,12,0
Morgan,WEST MORGAN,Republican Party Question 3<br>Should active duty military personnel who are under the age of 21 be allowed to obtain a Georgia weapons license?,,REP,NO,98,2,79,17,0
Morgan,RUTLEDGE,Republican Party Question 3<br>Should active duty military personnel who are under the age of 21 be allowed to obtain a Georgia weapons license?,,REP,NO,105,4,83,18,0
Morgan,BOSTWICK,Republican Party Question 3<br>Should active duty military personnel who are under the age of 21 be allowed to obtain a Georgia weapons license?,,REP,NO,158,4,126,28,0
Morgan,APALACHEE,Republican Party Question 3<br>Should active duty military personnel who are under the age of 21 be allowed to obtain a Georgia weapons license?,,REP,NO,19,1,14,4,0
Morgan,MADISON WEST,Republican Party Question 3<br>Should active duty military personnel who are under the age of 21 be allowed to obtain a Georgia weapons license?,,REP,NO,16,0,12,4,0
Morgan,WEST ROAD,Republican Party Question 3<br>Should active duty military personnel who are under the age of 21 be allowed to obtain a Georgia weapons license?,,REP,NO,40,1,30,9,0
Morgan,,Republican Party Question 4<br>Should Citizens who wish to vote in a primary election be required to register by their political party affiliation at least thirty (30) days prior to such primary election?,,REP,YES,1704,62,1197,445,0
Morgan,MADISON EAST,Republican Party Question 4<br>Should Citizens who wish to vote in a primary election be required to register by their political party affiliation at least thirty (30) days prior to such primary election?,,REP,YES,166,4,79,83,0
Morgan,BUCKHEAD,Republican Party Question 4<br>Should Citizens who wish to vote in a primary election be required to register by their political party affiliation at least thirty (30) days prior to such primary election?,,REP,YES,262,11,184,67,0
Morgan,BETH/SPRINGFIELD,Republican Party Question 4<br>Should Citizens who wish to vote in a primary election be required to register by their political party affiliation at least thirty (30) days prior to such primary election?,,REP,YES,198,9,128,61,0
Morgan,MADISON SOUTH,Republican Party Question 4<br>Should Citizens who wish to vote in a primary election be required to register by their political party affiliation at least thirty (30) days prior to such primary election?,,REP,YES,199,10,112,77,0
Morgan,CLACKS CHAPEL,Republican Party Question 4<br>Should Citizens who wish to vote in a primary election be required to register by their political party affiliation at least thirty (30) days prior to such primary election?,,REP,YES,61,0,52,9,0
Morgan,WEST MORGAN,Republican Party Question 4<br>Should Citizens who wish to vote in a primary election be required to register by their political party affiliation at least thirty (30) days prior to such primary election?,,REP,YES,177,3,128,46,0
Morgan,RUTLEDGE,Republican Party Question 4<br>Should Citizens who wish to vote in a primary election be required to register by their political party affiliation at least thirty (30) days prior to such primary election?,,REP,YES,196,8,162,26,0
Morgan,BOSTWICK,Republican Party Question 4<br>Should Citizens who wish to vote in a primary election be required to register by their political party affiliation at least thirty (30) days prior to such primary election?,,REP,YES,272,10,225,37,0
Morgan,APALACHEE,Republican Party Question 4<br>Should Citizens who wish to vote in a primary election be required to register by their political party affiliation at least thirty (30) days prior to such primary election?,,REP,YES,55,0,48,7,0
Morgan,MADISON WEST,Republican Party Question 4<br>Should Citizens who wish to vote in a primary election be required to register by their political party affiliation at least thirty (30) days prior to such primary election?,,REP,YES,26,0,16,10,0
Morgan,WEST ROAD,Republican Party Question 4<br>Should Citizens who wish to vote in a primary election be required to register by their political party affiliation at least thirty (30) days prior to such primary election?,,REP,YES,92,7,63,22,0
Morgan,,Republican Party Question 4<br>Should Citizens who wish to vote in a primary election be required to register by their political party affiliation at least thirty (30) days prior to such primary election?,,REP,NO,1758,72,1272,414,0
Morgan,MADISON EAST,Republican Party Question 4<br>Should Citizens who wish to vote in a primary election be required to register by their political party affiliation at least thirty (30) days prior to such primary election?,,REP,NO,157,13,83,61,0
Morgan,BUCKHEAD,Republican Party Question 4<br>Should Citizens who wish to vote in a primary election be required to register by their political party affiliation at least thirty (30) days prior to such primary election?,,REP,NO,251,3,196,52,0
Morgan,BETH/SPRINGFIELD,Republican Party Question 4<br>Should Citizens who wish to vote in a primary election be required to register by their political party affiliation at least thirty (30) days prior to such primary election?,,REP,NO,238,18,162,58,0
Morgan,MADISON SOUTH,Republican Party Question 4<br>Should Citizens who wish to vote in a primary election be required to register by their political party affiliation at least thirty (30) days prior to such primary election?,,REP,NO,189,11,107,71,0
Morgan,CLACKS CHAPEL,Republican Party Question 4<br>Should Citizens who wish to vote in a primary election be required to register by their political party affiliation at least thirty (30) days prior to such primary election?,,REP,NO,89,1,69,19,0
Morgan,WEST MORGAN,Republican Party Question 4<br>Should Citizens who wish to vote in a primary election be required to register by their political party affiliation at least thirty (30) days prior to such primary election?,,REP,NO,164,5,126,33,0
Morgan,RUTLEDGE,Republican Party Question 4<br>Should Citizens who wish to vote in a primary election be required to register by their political party affiliation at least thirty (30) days prior to such primary election?,,REP,NO,212,8,171,33,0
Morgan,BOSTWICK,Republican Party Question 4<br>Should Citizens who wish to vote in a primary election be required to register by their political party affiliation at least thirty (30) days prior to such primary election?,,REP,NO,280,5,218,57,0
Morgan,APALACHEE,Republican Party Question 4<br>Should Citizens who wish to vote in a primary election be required to register by their political party affiliation at least thirty (30) days prior to such primary election?,,REP,NO,73,2,56,15,0
Morgan,MADISON WEST,Republican Party Question 4<br>Should Citizens who wish to vote in a primary election be required to register by their political party affiliation at least thirty (30) days prior to such primary election?,,REP,NO,25,1,17,7,0
Morgan,WEST ROAD,Republican Party Question 4<br>Should Citizens who wish to vote in a primary election be required to register by their political party affiliation at least thirty (30) days prior to such primary election?,,REP,NO,80,5,67,8,0
Morgan,,Republican Party Question 5 <br>Life Amendment Question,,REP,YES,2163,75,1602,486,0
Morgan,MADISON EAST,Republican Party Question 5 <br>Life Amendment Question,,REP,YES,193,11,105,77,0
Morgan,BUCKHEAD,Republican Party Question 5 <br>Life Amendment Question,,REP,YES,306,9,227,70,0
Morgan,BETH/SPRINGFIELD,Republican Party Question 5 <br>Life Amendment Question,,REP,YES,284,19,191,74,0
Morgan,MADISON SOUTH,Republican Party Question 5 <br>Life Amendment Question,,REP,YES,226,8,144,74,0
Morgan,CLACKS CHAPEL,Republican Party Question 5 <br>Life Amendment Question,,REP,YES,89,0,77,12,0
Morgan,WEST MORGAN,Republican Party Question 5 <br>Life Amendment Question,,REP,YES,207,4,158,45,0
Morgan,RUTLEDGE,Republican Party Question 5 <br>Life Amendment Question,,REP,YES,264,9,221,34,0
Morgan,BOSTWICK,Republican Party Question 5 <br>Life Amendment Question,,REP,YES,349,7,291,51,0
Morgan,APALACHEE,Republican Party Question 5 <br>Life Amendment Question,,REP,YES,93,2,76,15,0
Morgan,MADISON WEST,Republican Party Question 5 <br>Life Amendment Question,,REP,YES,31,1,19,11,0
Morgan,WEST ROAD,Republican Party Question 5 <br>Life Amendment Question,,REP,YES,121,5,93,23,0
Morgan,,Republican Party Question 5 <br>Life Amendment Question,,REP,NO,1145,47,770,328,0
Morgan,MADISON EAST,Republican Party Question 5 <br>Life Amendment Question,,REP,NO,111,3,48,60,0
Morgan,BUCKHEAD,Republican Party Question 5 <br>Life Amendment Question,,REP,NO,180,3,137,40,0
Morgan,BETH/SPRINGFIELD,Republican Party Question 5 <br>Life Amendment Question,,REP,NO,138,4,93,41,0
Morgan,MADISON SOUTH,Republican Party Question 5 <br>Life Amendment Question,,REP,NO,151,13,70,68,0
Morgan,CLACKS CHAPEL,Republican Party Question 5 <br>Life Amendment Question,,REP,NO,55,1,39,15,0
Morgan,WEST MORGAN,Republican Party Question 5 <br>Life Amendment Question,,REP,NO,114,4,85,25,0
Morgan,RUTLEDGE,Republican Party Question 5 <br>Life Amendment Question,,REP,NO,129,5,102,22,0
Morgan,BOSTWICK,Republican Party Question 5 <br>Life Amendment Question,,REP,NO,177,8,132,37,0
Morgan,APALACHEE,Republican Party Question 5 <br>Life Amendment Question,,REP,NO,30,0,23,7,0
Morgan,MADISON WEST,Republican Party Question 5 <br>Life Amendment Question,,REP,NO,17,0,11,6,0
Morgan,WEST ROAD,Republican Party Question 5 <br>Life Amendment Question,,REP,NO,43,6,30,7,0
Morgan,,Democratic Party Question 1<br>Should the Georgia Constitution be amended to allow the state to override locally-elected school boards’ decisions when it comes to the creation of charter schools in your county or city?,,DEM,YES,370,6,276,88,0
Morgan,MADISON EAST,Democratic Party Question 1<br>Should the Georgia Constitution be amended to allow the state to override locally-elected school boards’ decisions when it comes to the creation of charter schools in your county or city?,,DEM,YES,127,2,81,44,0
Morgan,BUCKHEAD,Democratic Party Question 1<br>Should the Georgia Constitution be amended to allow the state to override locally-elected school boards’ decisions when it comes to the creation of charter schools in your county or city?,,DEM,YES,33,0,25,8,0
Morgan,BETH/SPRINGFIELD,Democratic Party Question 1<br>Should the Georgia Constitution be amended to allow the state to override locally-elected school boards’ decisions when it comes to the creation of charter schools in your county or city?,,DEM,YES,26,0,22,4,0
Morgan,MADISON SOUTH,Democratic Party Question 1<br>Should the Georgia Constitution be amended to allow the state to override locally-elected school boards’ decisions when it comes to the creation of charter schools in your county or city?,,DEM,YES,30,2,23,5,0
Morgan,CLACKS CHAPEL,Democratic Party Question 1<br>Should the Georgia Constitution be amended to allow the state to override locally-elected school boards’ decisions when it comes to the creation of charter schools in your county or city?,,DEM,YES,12,0,11,1,0
Morgan,WEST MORGAN,Democratic Party Question 1<br>Should the Georgia Constitution be amended to allow the state to override locally-elected school boards’ decisions when it comes to the creation of charter schools in your county or city?,,DEM,YES,14,0,10,4,0
Morgan,RUTLEDGE,Democratic Party Question 1<br>Should the Georgia Constitution be amended to allow the state to override locally-elected school boards’ decisions when it comes to the creation of charter schools in your county or city?,,DEM,YES,36,0,31,5,0
Morgan,BOSTWICK,Democratic Party Question 1<br>Should the Georgia Constitution be amended to allow the state to override locally-elected school boards’ decisions when it comes to the creation of charter schools in your county or city?,,DEM,YES,23,1,18,4,0
Morgan,APALACHEE,Democratic Party Question 1<br>Should the Georgia Constitution be amended to allow the state to override locally-elected school boards’ decisions when it comes to the creation of charter schools in your county or city?,,DEM,YES,9,0,7,2,0
Morgan,MADISON WEST,Democratic Party Question 1<br>Should the Georgia Constitution be amended to allow the state to override locally-elected school boards’ decisions when it comes to the creation of charter schools in your county or city?,,DEM,YES,53,1,44,8,0
Morgan,WEST ROAD,Democratic Party Question 1<br>Should the Georgia Constitution be amended to allow the state to override locally-elected school boards’ decisions when it comes to the creation of charter schools in your county or city?,,DEM,YES,7,0,4,3,0
Morgan,,Democratic Party Question 1<br>Should the Georgia Constitution be amended to allow the state to override locally-elected school boards’ decisions when it comes to the creation of charter schools in your county or city?,,DEM,NO,619,12,440,166,1
Morgan,MADISON EAST,Democratic Party Question 1<br>Should the Georgia Constitution be amended to allow the state to override locally-elected school boards’ decisions when it comes to the creation of charter schools in your county or city?,,DEM,NO,216,5,124,86,1
Morgan,BUCKHEAD,Democratic Party Question 1<br>Should the Georgia Constitution be amended to allow the state to override locally-elected school boards’ decisions when it comes to the creation of charter schools in your county or city?,,DEM,NO,44,0,38,6,0
Morgan,BETH/SPRINGFIELD,Democratic Party Question 1<br>Should the Georgia Constitution be amended to allow the state to override locally-elected school boards’ decisions when it comes to the creation of charter schools in your county or city?,,DEM,NO,23,0,18,5,0
Morgan,MADISON SOUTH,Democratic Party Question 1<br>Should the Georgia Constitution be amended to allow the state to override locally-elected school boards’ decisions when it comes to the creation of charter schools in your county or city?,,DEM,NO,65,0,51,14,0
Morgan,CLACKS CHAPEL,Democratic Party Question 1<br>Should the Georgia Constitution be amended to allow the state to override locally-elected school boards’ decisions when it comes to the creation of charter schools in your county or city?,,DEM,NO,13,0,12,1,0
Morgan,WEST MORGAN,Democratic Party Question 1<br>Should the Georgia Constitution be amended to allow the state to override locally-elected school boards’ decisions when it comes to the creation of charter schools in your county or city?,,DEM,NO,19,0,11,8,0
Morgan,RUTLEDGE,Democratic Party Question 1<br>Should the Georgia Constitution be amended to allow the state to override locally-elected school boards’ decisions when it comes to the creation of charter schools in your county or city?,,DEM,NO,55,0,48,7,0
Morgan,BOSTWICK,Democratic Party Question 1<br>Should the Georgia Constitution be amended to allow the state to override locally-elected school boards’ decisions when it comes to the creation of charter schools in your county or city?,,DEM,NO,44,1,36,7,0
Morgan,APALACHEE,Democratic Party Question 1<br>Should the Georgia Constitution be amended to allow the state to override locally-elected school boards’ decisions when it comes to the creation of charter schools in your county or city?,,DEM,NO,36,0,32,4,0
Morgan,MADISON WEST,Democratic Party Question 1<br>Should the Georgia Constitution be amended to allow the state to override locally-elected school boards’ decisions when it comes to the creation of charter schools in your county or city?,,DEM,NO,94,4,65,25,0
Morgan,WEST ROAD,Democratic Party Question 1<br>Should the Georgia Constitution be amended to allow the state to override locally-elected school boards’ decisions when it comes to the creation of charter schools in your county or city?,,DEM,NO,10,2,5,3,0
Morgan,,Democratic Party Question 2<br>Do you support ending current practice permitting unlimited gifts from lobbyists to state legislators?,,DEM,YES,699,18,493,187,1
Morgan,MADISON EAST,Democratic Party Question 2<br>Do you support ending current practice permitting unlimited gifts from lobbyists to state legislators?,,DEM,YES,246,6,139,100,1
Morgan,BUCKHEAD,Democratic Party Question 2<br>Do you support ending current practice permitting unlimited gifts from lobbyists to state legislators?,,DEM,YES,59,0,47,12,0
Morgan,BETH/SPRINGFIELD,Democratic Party Question 2<br>Do you support ending current practice permitting unlimited gifts from lobbyists to state legislators?,,DEM,YES,41,1,34,6,0
Morgan,MADISON SOUTH,Democratic Party Question 2<br>Do you support ending current practice permitting unlimited gifts from lobbyists to state legislators?,,DEM,YES,71,2,56,13,0
Morgan,CLACKS CHAPEL,Democratic Party Question 2<br>Do you support ending current practice permitting unlimited gifts from lobbyists to state legislators?,,DEM,YES,22,0,20,2,0
Morgan,WEST MORGAN,Democratic Party Question 2<br>Do you support ending current practice permitting unlimited gifts from lobbyists to state legislators?,,DEM,YES,25,0,17,8,0
Morgan,RUTLEDGE,Democratic Party Question 2<br>Do you support ending current practice permitting unlimited gifts from lobbyists to state legislators?,,DEM,YES,57,0,48,9,0
Morgan,BOSTWICK,Democratic Party Question 2<br>Do you support ending current practice permitting unlimited gifts from lobbyists to state legislators?,,DEM,YES,51,2,39,10,0
Morgan,APALACHEE,Democratic Party Question 2<br>Do you support ending current practice permitting unlimited gifts from lobbyists to state legislators?,,DEM,YES,33,0,29,4,0
Morgan,MADISON WEST,Democratic Party Question 2<br>Do you support ending current practice permitting unlimited gifts from lobbyists to state legislators?,,DEM,YES,83,5,58,20,0
Morgan,WEST ROAD,Democratic Party Question 2<br>Do you support ending current practice permitting unlimited gifts from lobbyists to state legislators?,,DEM,YES,11,2,6,3,0
Morgan,,Democratic Party Question 2<br>Do you support ending current practice permitting unlimited gifts from lobbyists to state legislators?,,DEM,NO,294,3,225,66,0
Morgan,MADISON EAST,Democratic Party Question 2<br>Do you support ending current practice permitting unlimited gifts from lobbyists to state legislators?,,DEM,NO,99,2,64,33,0
Morgan,BUCKHEAD,Democratic Party Question 2<br>Do you support ending current practice permitting unlimited gifts from lobbyists to state legislators?,,DEM,NO,16,0,16,0,0
Morgan,BETH/SPRINGFIELD,Democratic Party Question 2<br>Do you support ending current practice permitting unlimited gifts from lobbyists to state legislators?,,DEM,NO,9,0,7,2,0
Morgan,MADISON SOUTH,Democratic Party Question 2<br>Do you support ending current practice permitting unlimited gifts from lobbyists to state legislators?,,DEM,NO,28,1,21,6,0
Morgan,CLACKS CHAPEL,Democratic Party Question 2<br>Do you support ending current practice permitting unlimited gifts from lobbyists to state legislators?,,DEM,NO,4,0,4,0,0
Morgan,WEST MORGAN,Democratic Party Question 2<br>Do you support ending current practice permitting unlimited gifts from lobbyists to state legislators?,,DEM,NO,8,0,4,4,0
Morgan,RUTLEDGE,Democratic Party Question 2<br>Do you support ending current practice permitting unlimited gifts from lobbyists to state legislators?,,DEM,NO,36,0,32,4,0
Morgan,BOSTWICK,Democratic Party Question 2<br>Do you support ending current practice permitting unlimited gifts from lobbyists to state legislators?,,DEM,NO,17,0,16,1,0
Morgan,APALACHEE,Democratic Party Question 2<br>Do you support ending current practice permitting unlimited gifts from lobbyists to state legislators?,,DEM,NO,12,0,10,2,0
Morgan,MADISON WEST,Democratic Party Question 2<br>Do you support ending current practice permitting unlimited gifts from lobbyists to state legislators?,,DEM,NO,60,0,48,12,0
Morgan,WEST ROAD,Democratic Party Question 2<br>Do you support ending current practice permitting unlimited gifts from lobbyists to state legislators?,,DEM,NO,5,0,3,2,0
Morgan,,Democratic Party Question 3<br>Should Georgia adopt an income tax credit for home energy costs to support the economic security of our families?,,DEM,YES,786,17,564,204,1
Morgan,MADISON EAST,Democratic Party Question 3<br>Should Georgia adopt an income tax credit for home energy costs to support the economic security of our families?,,DEM,YES,274,6,162,105,1
Morgan,BUCKHEAD,Democratic Party Question 3<br>Should Georgia adopt an income tax credit for home energy costs to support the economic security of our families?,,DEM,YES,62,0,49,13,0
Morgan,BETH/SPRINGFIELD,Democratic Party Question 3<br>Should Georgia adopt an income tax credit for home energy costs to support the economic security of our families?,,DEM,YES,42,1,35,6,0
Morgan,MADISON SOUTH,Democratic Party Question 3<br>Should Georgia adopt an income tax credit for home energy costs to support the economic security of our families?,,DEM,YES,79,3,60,16,0
Morgan,CLACKS CHAPEL,Democratic Party Question 3<br>Should Georgia adopt an income tax credit for home energy costs to support the economic security of our families?,,DEM,YES,15,0,13,2,0
Morgan,WEST MORGAN,Democratic Party Question 3<br>Should Georgia adopt an income tax credit for home energy costs to support the economic security of our families?,,DEM,YES,27,1,17,9,0
Morgan,RUTLEDGE,Democratic Party Question 3<br>Should Georgia adopt an income tax credit for home energy costs to support the economic security of our families?,,DEM,YES,66,0,55,11,0
Morgan,BOSTWICK,Democratic Party Question 3<br>Should Georgia adopt an income tax credit for home energy costs to support the economic security of our families?,,DEM,YES,58,2,48,8,0
Morgan,APALACHEE,Democratic Party Question 3<br>Should Georgia adopt an income tax credit for home energy costs to support the economic security of our families?,,DEM,YES,34,0,30,4,0
Morgan,MADISON WEST,Democratic Party Question 3<br>Should Georgia adopt an income tax credit for home energy costs to support the economic security of our families?,,DEM,YES,114,4,86,24,0
Morgan,WEST ROAD,Democratic Party Question 3<br>Should Georgia adopt an income tax credit for home energy costs to support the economic security of our families?,,DEM,YES,15,0,9,6,0
Morgan,,Democratic Party Question 3<br>Should Georgia adopt an income tax credit for home energy costs to support the economic security of our families?,,DEM,NO,211,5,161,45,0
Morgan,MADISON EAST,Democratic Party Question 3<br>Should Georgia adopt an income tax credit for home energy costs to support the economic security of our families?,,DEM,NO,70,2,46,22,0
Morgan,BUCKHEAD,Democratic Party Question 3<br>Should Georgia adopt an income tax credit for home energy costs to support the economic security of our families?,,DEM,NO,17,0,16,1,0
Morgan,BETH/SPRINGFIELD,Democratic Party Question 3<br>Should Georgia adopt an income tax credit for home energy costs to support the economic security of our families?,,DEM,NO,6,0,5,1,0
Morgan,MADISON SOUTH,Democratic Party Question 3<br>Should Georgia adopt an income tax credit for home energy costs to support the economic security of our families?,,DEM,NO,16,0,13,3,0
Morgan,CLACKS CHAPEL,Democratic Party Question 3<br>Should Georgia adopt an income tax credit for home energy costs to support the economic security of our families?,,DEM,NO,12,0,12,0,0
Morgan,WEST MORGAN,Democratic Party Question 3<br>Should Georgia adopt an income tax credit for home energy costs to support the economic security of our families?,,DEM,NO,8,0,5,3,0
Morgan,RUTLEDGE,Democratic Party Question 3<br>Should Georgia adopt an income tax credit for home energy costs to support the economic security of our families?,,DEM,NO,28,0,26,2,0
Morgan,BOSTWICK,Democratic Party Question 3<br>Should Georgia adopt an income tax credit for home energy costs to support the economic security of our families?,,DEM,NO,11,0,8,3,0
Morgan,APALACHEE,Democratic Party Question 3<br>Should Georgia adopt an income tax credit for home energy costs to support the economic security of our families?,,DEM,NO,10,0,8,2,0
Morgan,MADISON WEST,Democratic Party Question 3<br>Should Georgia adopt an income tax credit for home energy costs to support the economic security of our families?,,DEM,NO,31,1,22,8,0
Morgan,WEST ROAD,Democratic Party Question 3<br>Should Georgia adopt an income tax credit for home energy costs to support the economic security of our families?,,DEM,NO,2,2,0,0,0
Morgan,,Democratic Party Question 4 <br>Should Georgia reduce sales taxes on Made in Georgia products so as to support the growth of small businesses in our state?,,DEM,YES,862,16,626,219,1
Morgan,MADISON EAST,Democratic Party Question 4 <br>Should Georgia reduce sales taxes on Made in Georgia products so as to support the growth of small businesses in our state?,,DEM,YES,294,6,174,113,1
Morgan,BUCKHEAD,Democratic Party Question 4 <br>Should Georgia reduce sales taxes on Made in Georgia products so as to support the growth of small businesses in our state?,,DEM,YES,74,0,61,13,0
Morgan,BETH/SPRINGFIELD,Democratic Party Question 4 <br>Should Georgia reduce sales taxes on Made in Georgia products so as to support the growth of small businesses in our state?,,DEM,YES,44,1,36,7,0
Morgan,MADISON SOUTH,Democratic Party Question 4 <br>Should Georgia reduce sales taxes on Made in Georgia products so as to support the growth of small businesses in our state?,,DEM,YES,81,2,61,18,0
Morgan,CLACKS CHAPEL,Democratic Party Question 4 <br>Should Georgia reduce sales taxes on Made in Georgia products so as to support the growth of small businesses in our state?,,DEM,YES,22,0,20,2,0
Morgan,WEST MORGAN,Democratic Party Question 4 <br>Should Georgia reduce sales taxes on Made in Georgia products so as to support the growth of small businesses in our state?,,DEM,YES,33,0,22,11,0
Morgan,RUTLEDGE,Democratic Party Question 4 <br>Should Georgia reduce sales taxes on Made in Georgia products so as to support the growth of small businesses in our state?,,DEM,YES,81,0,68,13,0
Morgan,BOSTWICK,Democratic Party Question 4 <br>Should Georgia reduce sales taxes on Made in Georgia products so as to support the growth of small businesses in our state?,,DEM,YES,62,2,49,11,0
Morgan,APALACHEE,Democratic Party Question 4 <br>Should Georgia reduce sales taxes on Made in Georgia products so as to support the growth of small businesses in our state?,,DEM,YES,35,0,30,5,0
Morgan,MADISON WEST,Democratic Party Question 4 <br>Should Georgia reduce sales taxes on Made in Georgia products so as to support the growth of small businesses in our state?,,DEM,YES,124,5,97,22,0
Morgan,WEST ROAD,Democratic Party Question 4 <br>Should Georgia reduce sales taxes on Made in Georgia products so as to support the growth of small businesses in our state?,,DEM,YES,12,0,8,4,0
Morgan,,Democratic Party Question 4 <br>Should Georgia reduce sales taxes on Made in Georgia products so as to support the growth of small businesses in our state?,,DEM,NO,145,5,100,40,0
Morgan,MADISON EAST,Democratic Party Question 4 <br>Should Georgia reduce sales taxes on Made in Georgia products so as to support the growth of small businesses in our state?,,DEM,NO,56,2,32,22,0
Morgan,BUCKHEAD,Democratic Party Question 4 <br>Should Georgia reduce sales taxes on Made in Georgia products so as to support the growth of small businesses in our state?,,DEM,NO,6,0,5,1,0
Morgan,BETH/SPRINGFIELD,Democratic Party Question 4 <br>Should Georgia reduce sales taxes on Made in Georgia products so as to support the growth of small businesses in our state?,,DEM,NO,6,0,4,2,0
Morgan,MADISON SOUTH,Democratic Party Question 4 <br>Should Georgia reduce sales taxes on Made in Georgia products so as to support the growth of small businesses in our state?,,DEM,NO,13,1,11,1,0
Morgan,CLACKS CHAPEL,Democratic Party Question 4 <br>Should Georgia reduce sales taxes on Made in Georgia products so as to support the growth of small businesses in our state?,,DEM,NO,5,0,5,0,0
Morgan,WEST MORGAN,Democratic Party Question 4 <br>Should Georgia reduce sales taxes on Made in Georgia products so as to support the growth of small businesses in our state?,,DEM,NO,1,0,0,1,0
Morgan,RUTLEDGE,Democratic Party Question 4 <br>Should Georgia reduce sales taxes on Made in Georgia products so as to support the growth of small businesses in our state?,,DEM,NO,14,0,14,0,0
Morgan,BOSTWICK,Democratic Party Question 4 <br>Should Georgia reduce sales taxes on Made in Georgia products so as to support the growth of small businesses in our state?,,DEM,NO,9,0,8,1,0
Morgan,APALACHEE,Democratic Party Question 4 <br>Should Georgia reduce sales taxes on Made in Georgia products so as to support the growth of small businesses in our state?,,DEM,NO,10,0,9,1,0
Morgan,MADISON WEST,Democratic Party Question 4 <br>Should Georgia reduce sales taxes on Made in Georgia products so as to support the growth of small businesses in our state?,,DEM,NO,20,0,11,9,0
Morgan,WEST ROAD,Democratic Party Question 4 <br>Should Georgia reduce sales taxes on Made in Georgia products so as to support the growth of small businesses in our state?,,DEM,NO,5,2,1,2,0
Morgan,,Supreme Court Justice, Hunstein,,CAROL HUNSTEIN ,3659,123,2608,927,1
Morgan,MADISON EAST,Supreme Court Justice, Hunstein,,CAROL HUNSTEIN ,540,20,284,235,1
Morgan,BUCKHEAD,Supreme Court Justice, Hunstein,,CAROL HUNSTEIN ,474,13,359,102,0
Morgan,BETH/SPRINGFIELD,Supreme Court Justice, Hunstein,,CAROL HUNSTEIN ,380,15,267,98,0
Morgan,MADISON SOUTH,Supreme Court Justice, Hunstein,,CAROL HUNSTEIN ,410,22,238,150,0
Morgan,CLACKS CHAPEL,Supreme Court Justice, Hunstein,,CAROL HUNSTEIN ,142,1,118,23,0
Morgan,WEST MORGAN,Supreme Court Justice, Hunstein,,CAROL HUNSTEIN ,327,6,246,75,0
Morgan,RUTLEDGE,Supreme Court Justice, Hunstein,,CAROL HUNSTEIN ,390,10,323,57,0
Morgan,BOSTWICK,Supreme Court Justice, Hunstein,,CAROL HUNSTEIN ,517,16,411,90,0
Morgan,APALACHEE,Supreme Court Justice, Hunstein,,CAROL HUNSTEIN ,147,2,119,26,0
Morgan,MADISON WEST,Supreme Court Justice, Hunstein,,CAROL HUNSTEIN ,159,6,113,40,0
Morgan,WEST ROAD,Supreme Court Justice, Hunstein,,CAROL HUNSTEIN ,173,12,130,31,0
Morgan,,Supreme Court Justice, Hunstein,,Write-in,13,0,10,3,0
Morgan,MADISON EAST,Supreme Court Justice, Hunstein,,Write-in,2,0,2,0,0
Morgan,BUCKHEAD,Supreme Court Justice, Hunstein,,Write-in,1,0,1,0,0
Morgan,BETH/SPRINGFIELD,Supreme Court Justice, Hunstein,,Write-in,2,0,0,2,0
Morgan,MADISON SOUTH,Supreme Court Justice, Hunstein,,Write-in,1,0,1,0,0
Morgan,CLACKS CHAPEL,Supreme Court Justice, Hunstein,,Write-in,1,0,1,0,0
Morgan,WEST MORGAN,Supreme Court Justice, Hunstein,,Write-in,1,0,0,1,0
Morgan,RUTLEDGE,Supreme Court Justice, Hunstein,,Write-in,1,0,1,0,0
Morgan,BOSTWICK,Supreme Court Justice, Hunstein,,Write-in,1,0,1,0,0
Morgan,APALACHEE,Supreme Court Justice, Hunstein,,Write-in,0,0,0,0,0
Morgan,MADISON WEST,Supreme Court Justice, Hunstein,,Write-in,2,0,2,0,0
Morgan,WEST ROAD,Supreme Court Justice, Hunstein,,Write-in,1,0,1,0,0
Morgan,,Supreme Court Justice, Melton,,HAROLD D. MELTON ,3600,122,2559,918,1
Morgan,MADISON EAST,Supreme Court Justice, Melton,,HAROLD D. MELTON ,529,20,278,230,1
Morgan,BUCKHEAD,Supreme Court Justice, Melton,,HAROLD D. MELTON ,466,13,351,102,0
Morgan,BETH/SPRINGFIELD,Supreme Court Justice, Melton,,HAROLD D. MELTON ,379,15,264,100,0
Morgan,MADISON SOUTH,Supreme Court Justice, Melton,,HAROLD D. MELTON ,394,22,225,147,0
Morgan,CLACKS CHAPEL,Supreme Court Justice, Melton,,HAROLD D. MELTON ,143,1,120,22,0
Morgan,WEST MORGAN,Supreme Court Justice, Melton,,HAROLD D. MELTON ,321,5,241,75,0
Morgan,RUTLEDGE,Supreme Court Justice, Melton,,HAROLD D. MELTON ,385,10,319,56,0
Morgan,BOSTWICK,Supreme Court Justice, Melton,,HAROLD D. MELTON ,512,16,407,89,0
Morgan,APALACHEE,Supreme Court Justice, Melton,,HAROLD D. MELTON ,148,2,122,24,0
Morgan,MADISON WEST,Supreme Court Justice, Melton,,HAROLD D. MELTON ,154,6,106,42,0
Morgan,WEST ROAD,Supreme Court Justice, Melton,,HAROLD D. MELTON ,169,12,126,31,0
Morgan,,Supreme Court Justice, Melton,,Write-in,8,0,6,2,0
Morgan,MADISON EAST,Supreme Court Justice, Melton,,Write-in,1,0,1,0,0
Morgan,BUCKHEAD,Supreme Court Justice, Melton,,Write-in,1,0,1,0,0
Morgan,BETH/SPRINGFIELD,Supreme Court Justice, Melton,,Write-in,1,0,0,1,0
Morgan,MADISON SOUTH,Supreme Court Justice, Melton,,Write-in,0,0,0,0,0
Morgan,CLACKS CHAPEL,Supreme Court Justice, Melton,,Write-in,1,0,1,0,0
Morgan,WEST MORGAN,Supreme Court Justice, Melton,,Write-in,1,0,0,1,0
Morgan,RUTLEDGE,Supreme Court Justice, Melton,,Write-in,0,0,0,0,0
Morgan,BOSTWICK,Supreme Court Justice, Melton,,Write-in,1,0,1,0,0
Morgan,APALACHEE,Supreme Court Justice, Melton,,Write-in,0,0,0,0,0
Morgan,MADISON WEST,Supreme Court Justice, Melton,,Write-in,1,0,1,0,0
Morgan,WEST ROAD,Supreme Court Justice, Melton,,Write-in,1,0,1,0,0
Morgan,,Supreme Court Justice, Thompson,,HUGH P. THOMPSON ,3658,126,2593,938,1
Morgan,MADISON EAST,Supreme Court Justice, Thompson,,HUGH P. THOMPSON ,543,22,282,238,1
Morgan,BUCKHEAD,Supreme Court Justice, Thompson,,HUGH P. THOMPSON ,469,13,354,102,0
Morgan,BETH/SPRINGFIELD,Supreme Court Justice, Thompson,,HUGH P. THOMPSON ,376,16,262,98,0
Morgan,MADISON SOUTH,Supreme Court Justice, Thompson,,HUGH P. THOMPSON ,399,22,227,150,0
Morgan,CLACKS CHAPEL,Supreme Court Justice, Thompson,,HUGH P. THOMPSON ,151,1,125,25,0
Morgan,WEST MORGAN,Supreme Court Justice, Thompson,,HUGH P. THOMPSON ,332,6,247,79,0
Morgan,RUTLEDGE,Supreme Court Justice, Thompson,,HUGH P. THOMPSON ,390,10,322,58,0
Morgan,BOSTWICK,Supreme Court Justice, Thompson,,HUGH P. THOMPSON ,522,16,415,91,0
Morgan,APALACHEE,Supreme Court Justice, Thompson,,HUGH P. THOMPSON ,151,2,126,23,0
Morgan,MADISON WEST,Supreme Court Justice, Thompson,,HUGH P. THOMPSON ,155,6,106,43,0
Morgan,WEST ROAD,Supreme Court Justice, Thompson,,HUGH P. THOMPSON ,170,12,127,31,0
Morgan,,Supreme Court Justice, Thompson,,Write-in,7,0,5,2,0
Morgan,MADISON EAST,Supreme Court Justice, Thompson,,Write-in,1,0,1,0,0
Morgan,BUCKHEAD,Supreme Court Justice, Thompson,,Write-in,0,0,0,0,0
Morgan,BETH/SPRINGFIELD,Supreme Court Justice, Thompson,,Write-in,1,0,0,1,0
Morgan,MADISON SOUTH,Supreme Court Justice, Thompson,,Write-in,0,0,0,0,0
Morgan,CLACKS CHAPEL,Supreme Court Justice, Thompson,,Write-in,1,0,1,0,0
Morgan,WEST MORGAN,Supreme Court Justice, Thompson,,Write-in,1,0,0,1,0
Morgan,RUTLEDGE,Supreme Court Justice, Thompson,,Write-in,1,0,1,0,0
Morgan,BOSTWICK,Supreme Court Justice, Thompson,,Write-in,1,0,1,0,0
Morgan,APALACHEE,Supreme Court Justice, Thompson,,Write-in,0,0,0,0,0
Morgan,MADISON WEST,Supreme Court Justice, Thompson,,Write-in,0,0,0,0,0
Morgan,WEST ROAD,Supreme Court Justice, Thompson,,Write-in,1,0,1,0,0
Morgan,,Appeals Court Judge, Boggs,,MICHAEL P. BOGGS ,3511,123,2497,890,1
Morgan,MADISON EAST,Appeals Court Judge, Boggs,,MICHAEL P. BOGGS ,518,20,271,226,1
Morgan,BUCKHEAD,Appeals Court Judge, Boggs,,MICHAEL P. BOGGS ,446,13,340,93,0
Morgan,BETH/SPRINGFIELD,Appeals Court Judge, Boggs,,MICHAEL P. BOGGS ,369,15,257,97,0
Morgan,MADISON SOUTH,Appeals Court Judge, Boggs,,MICHAEL P. BOGGS ,383,22,219,142,0
Morgan,CLACKS CHAPEL,Appeals Court Judge, Boggs,,MICHAEL P. BOGGS ,140,1,117,22,0
Morgan,WEST MORGAN,Appeals Court Judge, Boggs,,MICHAEL P. BOGGS ,317,6,239,72,0
Morgan,RUTLEDGE,Appeals Court Judge, Boggs,,MICHAEL P. BOGGS ,379,10,311,58,0
Morgan,BOSTWICK,Appeals Court Judge, Boggs,,MICHAEL P. BOGGS ,497,16,397,84,0
Morgan,APALACHEE,Appeals Court Judge, Boggs,,MICHAEL P. BOGGS ,143,2,118,23,0
Morgan,MADISON WEST,Appeals Court Judge, Boggs,,MICHAEL P. BOGGS ,152,6,105,41,0
Morgan,WEST ROAD,Appeals Court Judge, Boggs,,MICHAEL P. BOGGS ,167,12,123,32,0
Morgan,,Appeals Court Judge, Boggs,,Write-in ,5,0,3,2,0
Morgan,MADISON EAST,Appeals Court Judge, Boggs,,Write-in ,1,0,1,0,0
Morgan,BUCKHEAD,Appeals Court Judge, Boggs,,Write-in ,0,0,0,0,0
Morgan,BETH/SPRINGFIELD,Appeals Court Judge, Boggs,,Write-in ,1,0,0,1,0
Morgan,MADISON SOUTH,Appeals Court Judge, Boggs,,Write-in ,0,0,0,0,0
Morgan,CLACKS CHAPEL,Appeals Court Judge, Boggs,,Write-in ,0,0,0,0,0
Morgan,WEST MORGAN,Appeals Court Judge, Boggs,,Write-in ,1,0,0,1,0
Morgan,RUTLEDGE,Appeals Court Judge, Boggs,,Write-in ,0,0,0,0,0
Morgan,BOSTWICK,Appeals Court Judge, Boggs,,Write-in ,1,0,1,0,0
Morgan,APALACHEE,Appeals Court Judge, Boggs,,Write-in ,0,0,0,0,0
Morgan,MADISON WEST,Appeals Court Judge, Boggs,,Write-in ,0,0,0,0,0
Morgan,WEST ROAD,Appeals Court Judge, Boggs,,Write-in ,1,0,1,0,0
Morgan,,Appeals Court Judge, Dillard,,STEPHEN DILLARD ,3507,121,2488,897,1
Morgan,MADISON EAST,Appeals Court Judge, Dillard,,STEPHEN DILLARD ,517,20,270,226,1
Morgan,BUCKHEAD,Appeals Court Judge, Dillard,,STEPHEN DILLARD ,444,13,339,92,0
Morgan,BETH/SPRINGFIELD,Appeals Court Judge, Dillard,,STEPHEN DILLARD ,367,15,254,98,0
Morgan,MADISON SOUTH,Appeals Court Judge, Dillard,,STEPHEN DILLARD ,386,21,219,146,0
Morgan,CLACKS CHAPEL,Appeals Court Judge, Dillard,,STEPHEN DILLARD ,140,1,117,22,0
Morgan,WEST MORGAN,Appeals Court Judge, Dillard,,STEPHEN DILLARD ,315,5,238,72,0
Morgan,RUTLEDGE,Appeals Court Judge, Dillard,,STEPHEN DILLARD ,380,10,312,58,0
Morgan,BOSTWICK,Appeals Court Judge, Dillard,,STEPHEN DILLARD ,496,16,394,86,0
Morgan,APALACHEE,Appeals Court Judge, Dillard,,STEPHEN DILLARD ,143,2,117,24,0
Morgan,MADISON WEST,Appeals Court Judge, Dillard,,STEPHEN DILLARD ,153,6,106,41,0
Morgan,WEST ROAD,Appeals Court Judge, Dillard,,STEPHEN DILLARD ,166,12,122,32,0
Morgan,,Appeals Court Judge, Dillard,,Write-in,6,0,4,2,0
Morgan,MADISON EAST,Appeals Court Judge, Dillard,,Write-in,1,0,1,0,0
Morgan,BUCKHEAD,Appeals Court Judge, Dillard,,Write-in,0,0,0,0,0
Morgan,BETH/SPRINGFIELD,Appeals Court Judge, Dillard,,Write-in,1,0,0,1,0
Morgan,MADISON SOUTH,Appeals Court Judge, Dillard,,Write-in,0,0,0,0,0
Morgan,CLACKS CHAPEL,Appeals Court Judge, Dillard,,Write-in,1,0,1,0,0
Morgan,WEST MORGAN,Appeals Court Judge, Dillard,,Write-in,1,0,0,1,0
Morgan,RUTLEDGE,Appeals Court Judge, Dillard,,Write-in,0,0,0,0,0
Morgan,BOSTWICK,Appeals Court Judge, Dillard,,Write-in,1,0,1,0,0
Morgan,APALACHEE,Appeals Court Judge, Dillard,,Write-in,0,0,0,0,0
Morgan,MADISON WEST,Appeals Court Judge, Dillard,,Write-in,0,0,0,0,0
Morgan,WEST ROAD,Appeals Court Judge, Dillard,,Write-in,1,0,1,0,0
Morgan,,Appeals Court Judge, Ellington,,JOHN J ELLINGTON ,3522,124,2497,900,1
Morgan,MADISON EAST,Appeals Court Judge, Ellington,,JOHN J ELLINGTON ,523,21,276,225,1
Morgan,BUCKHEAD,Appeals Court Judge, Ellington,,JOHN J ELLINGTON ,445,13,338,94,0
Morgan,BETH/SPRINGFIELD,Appeals Court Judge, Ellington,,JOHN J ELLINGTON ,369,15,256,98,0
Morgan,MADISON SOUTH,Appeals Court Judge, Ellington,,JOHN J ELLINGTON ,389,22,220,147,0
Morgan,CLACKS CHAPEL,Appeals Court Judge, Ellington,,JOHN J ELLINGTON ,142,1,118,23,0
Morgan,WEST MORGAN,Appeals Court Judge, Ellington,,JOHN J ELLINGTON ,314,5,237,72,0
Morgan,RUTLEDGE,Appeals Court Judge, Ellington,,JOHN J ELLINGTON ,378,10,308,60,0
Morgan,BOSTWICK,Appeals Court Judge, Ellington,,JOHN J ELLINGTON ,496,16,396,84,0
Morgan,APALACHEE,Appeals Court Judge, Ellington,,JOHN J ELLINGTON ,144,2,119,23,0
Morgan,MADISON WEST,Appeals Court Judge, Ellington,,JOHN J ELLINGTON ,153,6,105,42,0
Morgan,WEST ROAD,Appeals Court Judge, Ellington,,JOHN J ELLINGTON ,169,13,124,32,0
Morgan,,Appeals Court Judge, Ellington,,Write-in ,5,0,3,2,0
Morgan,MADISON EAST,Appeals Court Judge, Ellington,,Write-in ,1,0,1,0,0
Morgan,BUCKHEAD,Appeals Court Judge, Ellington,,Write-in ,0,0,0,0,0
Morgan,BETH/SPRINGFIELD,Appeals Court Judge, Ellington,,Write-in ,1,0,0,1,0
Morgan,MADISON SOUTH,Appeals Court Judge, Ellington,,Write-in ,0,0,0,0,0
Morgan,CLACKS CHAPEL,Appeals Court Judge, Ellington,,Write-in ,0,0,0,0,0
Morgan,WEST MORGAN,Appeals Court Judge, Ellington,,Write-in ,1,0,0,1,0
Morgan,RUTLEDGE,Appeals Court Judge, Ellington,,Write-in ,0,0,0,0,0
Morgan,BOSTWICK,Appeals Court Judge, Ellington,,Write-in ,1,0,1,0,0
Morgan,APALACHEE,Appeals Court Judge, Ellington,,Write-in ,0,0,0,0,0
Morgan,MADISON WEST,Appeals Court Judge, Ellington,,Write-in ,0,0,0,0,0
Morgan,WEST ROAD,Appeals Court Judge, Ellington,,Write-in ,1,0,1,0,0
Morgan,,Appeals Court Judge, Miller,,M. YVETTE MILLER ,3523,121,2508,893,1
Morgan,MADISON EAST,Appeals Court Judge, Miller,,M. YVETTE MILLER ,524,20,280,223,1
Morgan,BUCKHEAD,Appeals Court Judge, Miller,,M. YVETTE MILLER ,447,13,339,95,0
Morgan,BETH/SPRINGFIELD,Appeals Court Judge, Miller,,M. YVETTE MILLER ,369,13,261,95,0
Morgan,MADISON SOUTH,Appeals Court Judge, Miller,,M. YVETTE MILLER ,387,22,221,144,0
Morgan,CLACKS CHAPEL,Appeals Court Judge, Miller,,M. YVETTE MILLER ,144,1,120,23,0
Morgan,WEST MORGAN,Appeals Court Judge, Miller,,M. YVETTE MILLER ,315,5,238,72,0
Morgan,RUTLEDGE,Appeals Court Judge, Miller,,M. YVETTE MILLER ,381,10,312,59,0
Morgan,BOSTWICK,Appeals Court Judge, Miller,,M. YVETTE MILLER ,494,16,393,85,0
Morgan,APALACHEE,Appeals Court Judge, Miller,,M. YVETTE MILLER ,143,2,118,23,0
Morgan,MADISON WEST,Appeals Court Judge, Miller,,M. YVETTE MILLER ,153,6,105,42,0
Morgan,WEST ROAD,Appeals Court Judge, Miller,,M. YVETTE MILLER ,166,13,121,32,0
Morgan,,Appeals Court Judge, Miller,,Write-in,6,0,4,2,0
Morgan,MADISON EAST,Appeals Court Judge, Miller,,Write-in,1,0,1,0,0
Morgan,BUCKHEAD,Appeals Court Judge, Miller,,Write-in,0,0,0,0,0
Morgan,BETH/SPRINGFIELD,Appeals Court Judge, Miller,,Write-in,1,0,0,1,0
Morgan,MADISON SOUTH,Appeals Court Judge, Miller,,Write-in,0,0,0,0,0
Morgan,CLACKS CHAPEL,Appeals Court Judge, Miller,,Write-in,0,0,0,0,0
Morgan,WEST MORGAN,Appeals Court Judge, Miller,,Write-in,1,0,0,1,0
Morgan,RUTLEDGE,Appeals Court Judge, Miller,,Write-in,0,0,0,0,0
Morgan,BOSTWICK,Appeals Court Judge, Miller,,Write-in,1,0,1,0,0
Morgan,APALACHEE,Appeals Court Judge, Miller,,Write-in,0,0,0,0,0
Morgan,MADISON WEST,Appeals Court Judge, Miller,,Write-in,0,0,0,0,0
Morgan,WEST ROAD,Appeals Court Judge, Miller,,Write-in,2,0,2,0,0
Morgan,,Appeals Court Judge, Phipps,,HERBERT PHIPPS ,3486,121,2472,892,1
Morgan,MADISON EAST,Appeals Court Judge, Phipps,,HERBERT PHIPPS ,514,20,270,223,1
Morgan,BUCKHEAD,Appeals Court Judge, Phipps,,HERBERT PHIPPS ,443,13,337,93,0
Morgan,BETH/SPRINGFIELD,Appeals Court Judge, Phipps,,HERBERT PHIPPS ,365,13,257,95,0
Morgan,MADISON SOUTH,Appeals Court Judge, Phipps,,HERBERT PHIPPS ,388,21,221,146,0
Morgan,CLACKS CHAPEL,Appeals Court Judge, Phipps,,HERBERT PHIPPS ,139,1,117,21,0
Morgan,WEST MORGAN,Appeals Court Judge, Phipps,,HERBERT PHIPPS ,313,6,235,72,0
Morgan,RUTLEDGE,Appeals Court Judge, Phipps,,HERBERT PHIPPS ,375,10,305,60,0
Morgan,BOSTWICK,Appeals Court Judge, Phipps,,HERBERT PHIPPS ,488,16,389,83,0
Morgan,APALACHEE,Appeals Court Judge, Phipps,,HERBERT PHIPPS ,144,2,118,24,0
Morgan,MADISON WEST,Appeals Court Judge, Phipps,,HERBERT PHIPPS ,151,6,102,43,0
Morgan,WEST ROAD,Appeals Court Judge, Phipps,,HERBERT PHIPPS ,166,13,121,32,0
Morgan,,Appeals Court Judge, Phipps,,Write-in,5,0,3,2,0
Morgan,MADISON EAST,Appeals Court Judge, Phipps,,Write-in,1,0,1,0,0
Morgan,BUCKHEAD,Appeals Court Judge, Phipps,,Write-in,0,0,0,0,0
Morgan,BETH/SPRINGFIELD,Appeals Court Judge, Phipps,,Write-in,1,0,0,1,0
Morgan,MADISON SOUTH,Appeals Court Judge, Phipps,,Write-in,0,0,0,0,0
Morgan,CLACKS CHAPEL,Appeals Court Judge, Phipps,,Write-in,0,0,0,0,0
Morgan,WEST MORGAN,Appeals Court Judge, Phipps,,Write-in,1,0,0,1,0
Morgan,RUTLEDGE,Appeals Court Judge, Phipps,,Write-in,0,0,0,0,0
Morgan,BOSTWICK,Appeals Court Judge, Phipps,,Write-in,1,0,1,0,0
Morgan,APALACHEE,Appeals Court Judge, Phipps,,Write-in,0,0,0,0,0
Morgan,MADISON WEST,Appeals Court Judge, Phipps,,Write-in,0,0,0,0,0
Morgan,WEST ROAD,Appeals Court Judge, Phipps,,Write-in,1,0,1,0,0
Morgan,,Superior Court Judge, Ocmulgee Circuit (Cline),,JAMES CLINE JR. ,3553,122,2519,911,1
Morgan,MADISON EAST,Superior Court Judge, Ocmulgee Circuit (Cline),,JAMES CLINE JR. ,517,20,269,227,1
Morgan,BUCKHEAD,Superior Court Judge, Ocmulgee Circuit (Cline),,JAMES CLINE JR. ,452,13,343,96,0
Morgan,BETH/SPRINGFIELD,Superior Court Judge, Ocmulgee Circuit (Cline),,JAMES CLINE JR. ,383,15,267,101,0
Morgan,MADISON SOUTH,Superior Court Judge, Ocmulgee Circuit (Cline),,JAMES CLINE JR. ,381,20,214,147,0
Morgan,CLACKS CHAPEL,Superior Court Judge, Ocmulgee Circuit (Cline),,JAMES CLINE JR. ,146,1,123,22,0
Morgan,WEST MORGAN,Superior Court Judge, Ocmulgee Circuit (Cline),,JAMES CLINE JR. ,325,6,242,77,0
Morgan,RUTLEDGE,Superior Court Judge, Ocmulgee Circuit (Cline),,JAMES CLINE JR. ,377,10,309,58,0
Morgan,BOSTWICK,Superior Court Judge, Ocmulgee Circuit (Cline),,JAMES CLINE JR. ,502,16,400,86,0
Morgan,APALACHEE,Superior Court Judge, Ocmulgee Circuit (Cline),,JAMES CLINE JR. ,149,2,123,24,0
Morgan,MADISON WEST,Superior Court Judge, Ocmulgee Circuit (Cline),,JAMES CLINE JR. ,152,6,105,41,0
Morgan,WEST ROAD,Superior Court Judge, Ocmulgee Circuit (Cline),,JAMES CLINE JR. ,169,13,124,32,0
Morgan,,Superior Court Judge, Ocmulgee Circuit (Cline),,Write-in,12,1,7,4,0
Morgan,MADISON EAST,Superior Court Judge, Ocmulgee Circuit (Cline),,Write-in,4,1,2,1,0
Morgan,BUCKHEAD,Superior Court Judge, Ocmulgee Circuit (Cline),,Write-in,0,0,0,0,0
Morgan,BETH/SPRINGFIELD,Superior Court Judge, Ocmulgee Circuit (Cline),,Write-in,2,0,1,1,0
Morgan,MADISON SOUTH,Superior Court Judge, Ocmulgee Circuit (Cline),,Write-in,0,0,0,0,0
Morgan,CLACKS CHAPEL,Superior Court Judge, Ocmulgee Circuit (Cline),,Write-in,0,0,0,0,0
Morgan,WEST MORGAN,Superior Court Judge, Ocmulgee Circuit (Cline),,Write-in,1,0,0,1,0
Morgan,RUTLEDGE,Superior Court Judge, Ocmulgee Circuit (Cline),,Write-in,1,0,1,0,0
Morgan,BOSTWICK,Superior Court Judge, Ocmulgee Circuit (Cline),,Write-in,3,0,2,1,0
Morgan,APALACHEE,Superior Court Judge, Ocmulgee Circuit (Cline),,Write-in,0,0,0,0,0
Morgan,MADISON WEST,Superior Court Judge, Ocmulgee Circuit (Cline),,Write-in,0,0,0,0,0
Morgan,WEST ROAD,Superior Court Judge, Ocmulgee Circuit (Cline),,Write-in,1,0,1,0,0
Morgan,,Superior Court Judge, Ocmulgee Circuit (George),,HULANE E. GEORGE ,3507,123,2489,894,1
Morgan,MADISON EAST,Superior Court Judge, Ocmulgee Circuit (George),,HULANE E. GEORGE ,514,20,273,220,1
Morgan,BUCKHEAD,Superior Court Judge, Ocmulgee Circuit (George),,HULANE E. GEORGE ,447,13,338,96,0
Morgan,BETH/SPRINGFIELD,Superior Court Judge, Ocmulgee Circuit (George),,HULANE E. GEORGE ,370,15,256,99,0
Morgan,MADISON SOUTH,Superior Court Judge, Ocmulgee Circuit (George),,HULANE E. GEORGE ,381,20,218,143,0
Morgan,CLACKS CHAPEL,Superior Court Judge, Ocmulgee Circuit (George),,HULANE E. GEORGE ,139,1,114,24,0
Morgan,WEST MORGAN,Superior Court Judge, Ocmulgee Circuit (George),,HULANE E. GEORGE ,323,6,245,72,0
Morgan,RUTLEDGE,Superior Court Judge, Ocmulgee Circuit (George),,HULANE E. GEORGE ,372,10,304,58,0
Morgan,BOSTWICK,Superior Court Judge, Ocmulgee Circuit (George),,HULANE E. GEORGE ,495,16,394,85,0
Morgan,APALACHEE,Superior Court Judge, Ocmulgee Circuit (George),,HULANE E. GEORGE ,145,2,120,23,0
Morgan,MADISON WEST,Superior Court Judge, Ocmulgee Circuit (George),,HULANE E. GEORGE ,153,7,104,42,0
Morgan,WEST ROAD,Superior Court Judge, Ocmulgee Circuit (George),,HULANE E. GEORGE ,168,13,123,32,0
Morgan,,Superior Court Judge, Ocmulgee Circuit (George),,Write-in,9,0,7,2,0
Morgan,MADISON EAST,Superior Court Judge, Ocmulgee Circuit (George),,Write-in,1,0,1,0,0
Morgan,BUCKHEAD,Superior Court Judge, Ocmulgee Circuit (George),,Write-in,0,0,0,0,0
Morgan,BETH/SPRINGFIELD,Superior Court Judge, Ocmulgee Circuit (George),,Write-in,3,0,2,1,0
Morgan,MADISON SOUTH,Superior Court Judge, Ocmulgee Circuit (George),,Write-in,0,0,0,0,0
Morgan,CLACKS CHAPEL,Superior Court Judge, Ocmulgee Circuit (George),,Write-in,0,0,0,0,0
Morgan,WEST MORGAN,Superior Court Judge, Ocmulgee Circuit (George),,Write-in,1,0,0,1,0
Morgan,RUTLEDGE,Superior Court Judge, Ocmulgee Circuit (George),,Write-in,1,0,1,0,0
Morgan,BOSTWICK,Superior Court Judge, Ocmulgee Circuit (George),,Write-in,1,0,1,0,0
Morgan,APALACHEE,Superior Court Judge, Ocmulgee Circuit (George),,Write-in,0,0,0,0,0
Morgan,MADISON WEST,Superior Court Judge, Ocmulgee Circuit (George),,Write-in,0,0,0,0,0
Morgan,WEST ROAD,Superior Court Judge, Ocmulgee Circuit (George),,Write-in,2,0,2,0,0
Morgan,,Superior Court Judge, Ocmulgee Circuit (Prior),I,WILLIAM PRIOR JR.,3810,129,2691,989,1
Morgan,MADISON EAST,Superior Court Judge, Ocmulgee Circuit (Prior),I,WILLIAM PRIOR JR.,580,23,309,247,1
Morgan,BUCKHEAD,Superior Court Judge, Ocmulgee Circuit (Prior),I,WILLIAM PRIOR JR.,479,11,358,110,0
Morgan,BETH/SPRINGFIELD,Superior Court Judge, Ocmulgee Circuit (Prior),I,WILLIAM PRIOR JR.,402,17,278,107,0
Morgan,MADISON SOUTH,Superior Court Judge, Ocmulgee Circuit (Prior),I,WILLIAM PRIOR JR.,422,21,243,158,0
Morgan,CLACKS CHAPEL,Superior Court Judge, Ocmulgee Circuit (Prior),I,WILLIAM PRIOR JR.,150,1,124,25,0
Morgan,WEST MORGAN,Superior Court Judge, Ocmulgee Circuit (Prior),I,WILLIAM PRIOR JR.,340,7,252,81,0
Morgan,RUTLEDGE,Superior Court Judge, Ocmulgee Circuit (Prior),I,WILLIAM PRIOR JR.,396,11,322,63,0
Morgan,BOSTWICK,Superior Court Judge, Ocmulgee Circuit (Prior),I,WILLIAM PRIOR JR.,528,16,417,95,0
Morgan,APALACHEE,Superior Court Judge, Ocmulgee Circuit (Prior),I,WILLIAM PRIOR JR.,160,2,134,24,0
Morgan,MADISON WEST,Superior Court Judge, Ocmulgee Circuit (Prior),I,WILLIAM PRIOR JR.,177,7,123,47,0
Morgan,WEST ROAD,Superior Court Judge, Ocmulgee Circuit (Prior),I,WILLIAM PRIOR JR.,176,13,131,32,0
Morgan,,Superior Court Judge, Ocmulgee Circuit (Prior),,Write-in,14,0,11,3,0
Morgan,MADISON EAST,Superior Court Judge, Ocmulgee Circuit (Prior),,Write-in,2,0,1,1,0
Morgan,BUCKHEAD,Superior Court Judge, Ocmulgee Circuit (Prior),,Write-in,2,0,2,0,0
Morgan,BETH/SPRINGFIELD,Superior Court Judge, Ocmulgee Circuit (Prior),,Write-in,3,0,2,1,0
Morgan,MADISON SOUTH,Superior Court Judge, Ocmulgee Circuit (Prior),,Write-in,0,0,0,0,0
Morgan,CLACKS CHAPEL,Superior Court Judge, Ocmulgee Circuit (Prior),,Write-in,1,0,1,0,0
Morgan,WEST MORGAN,Superior Court Judge, Ocmulgee Circuit (Prior),,Write-in,1,0,0,1,0
Morgan,RUTLEDGE,Superior Court Judge, Ocmulgee Circuit (Prior),,Write-in,2,0,2,0,0
Morgan,BOSTWICK,Superior Court Judge, Ocmulgee Circuit (Prior),,Write-in,2,0,2,0,0
Morgan,APALACHEE,Superior Court Judge, Ocmulgee Circuit (Prior),,Write-in,0,0,0,0,0
Morgan,MADISON WEST,Superior Court Judge, Ocmulgee Circuit (Prior),,Write-in,0,0,0,0,0
Morgan,WEST ROAD,Superior Court Judge, Ocmulgee Circuit (Prior),,Write-in,1,0,1,0,0
Morgan,,Superior Court Judge, Ocmulgee Circuit (Wingfield),,HUGH WINGFIELD ,3540,125,2507,907,1
Morgan,MADISON EAST,Superior Court Judge, Ocmulgee Circuit (Wingfield),,HUGH WINGFIELD ,520,23,274,222,1
Morgan,BUCKHEAD,Superior Court Judge, Ocmulgee Circuit (Wingfield),,HUGH WINGFIELD ,447,13,337,97,0
Morgan,BETH/SPRINGFIELD,Superior Court Judge, Ocmulgee Circuit (Wingfield),,HUGH WINGFIELD ,374,15,260,99,0
Morgan,MADISON SOUTH,Superior Court Judge, Ocmulgee Circuit (Wingfield),,HUGH WINGFIELD ,392,21,222,149,0
Morgan,CLACKS CHAPEL,Superior Court Judge, Ocmulgee Circuit (Wingfield),,HUGH WINGFIELD ,144,1,118,25,0
Morgan,WEST MORGAN,Superior Court Judge, Ocmulgee Circuit (Wingfield),,HUGH WINGFIELD ,327,5,244,78,0
Morgan,RUTLEDGE,Superior Court Judge, Ocmulgee Circuit (Wingfield),,HUGH WINGFIELD ,375,10,308,57,0
Morgan,BOSTWICK,Superior Court Judge, Ocmulgee Circuit (Wingfield),,HUGH WINGFIELD ,496,16,395,85,0
Morgan,APALACHEE,Superior Court Judge, Ocmulgee Circuit (Wingfield),,HUGH WINGFIELD ,150,2,124,24,0
Morgan,MADISON WEST,Superior Court Judge, Ocmulgee Circuit (Wingfield),,HUGH WINGFIELD ,146,6,101,39,0
Morgan,WEST ROAD,Superior Court Judge, Ocmulgee Circuit (Wingfield),,HUGH WINGFIELD ,169,13,124,32,0
Morgan,,Superior Court Judge, Ocmulgee Circuit (Wingfield),,Write-in,4,0,3,1,0
Morgan,MADISON EAST,Superior Court Judge, Ocmulgee Circuit (Wingfield),,Write-in,1,0,1,0,0
Morgan,BUCKHEAD,Superior Court Judge, Ocmulgee Circuit (Wingfield),,Write-in,0,0,0,0,0
Morgan,BETH/SPRINGFIELD,Superior Court Judge, Ocmulgee Circuit (Wingfield),,Write-in,1,0,0,1,0
Morgan,MADISON SOUTH,Superior Court Judge, Ocmulgee Circuit (Wingfield),,Write-in,0,0,0,0,0
Morgan,CLACKS CHAPEL,Superior Court Judge, Ocmulgee Circuit (Wingfield),,Write-in,0,0,0,0,0
Morgan,WEST MORGAN,Superior Court Judge, Ocmulgee Circuit (Wingfield),,Write-in,0,0,0,0,0
Morgan,RUTLEDGE,Superior Court Judge, Ocmulgee Circuit (Wingfield),,Write-in,0,0,0,0,0
Morgan,BOSTWICK,Superior Court Judge, Ocmulgee Circuit (Wingfield),,Write-in,1,0,1,0,0
Morgan,APALACHEE,Superior Court Judge, Ocmulgee Circuit (Wingfield),,Write-in,0,0,0,0,0
Morgan,MADISON WEST,Superior Court Judge, Ocmulgee Circuit (Wingfield),,Write-in,0,0,0,0,0
Morgan,WEST ROAD,Superior Court Judge, Ocmulgee Circuit (Wingfield),,Write-in,1,0,1,0,0
Morgan,,Probate Judge,,,TERRY EVANS,1506,56,1089,360,1
Morgan,MADISON EAST,Probate Judge,,,TERRY EVANS,178,7,106,64,1
Morgan,BUCKHEAD,Probate Judge,,,TERRY EVANS,214,6,163,45,0
Morgan,BETH/SPRINGFIELD,Probate Judge,,,TERRY EVANS,185,15,113,57,0
Morgan,MADISON SOUTH,Probate Judge,,,TERRY EVANS,183,6,123,54,0
Morgan,CLACKS CHAPEL,Probate Judge,,,TERRY EVANS,101,0,82,19,0
Morgan,WEST MORGAN,Probate Judge,,,TERRY EVANS,109,0,87,22,0
Morgan,RUTLEDGE,Probate Judge,,,TERRY EVANS,132,6,107,19,0
Morgan,BOSTWICK,Probate Judge,,,TERRY EVANS,195,10,150,35,0
Morgan,APALACHEE,Probate Judge,,,TERRY EVANS,67,1,51,15,0
Morgan,MADISON WEST,Probate Judge,,,TERRY EVANS,61,0,49,12,0
Morgan,WEST ROAD,Probate Judge,,,TERRY EVANS,81,5,58,18,0
Morgan,,Probate Judge,,,CHARLES W. MERRITT,3047,93,2135,819,0
Morgan,MADISON EAST,Probate Judge,,,CHARLES W. MERRITT,514,16,268,230,0
Morgan,BUCKHEAD,Probate Judge,,,CHARLES W. MERRITT,384,7,282,95,0
Morgan,BETH/SPRINGFIELD,Probate Judge,,,CHARLES W. MERRITT,307,11,221,75,0
Morgan,MADISON SOUTH,Probate Judge,,,CHARLES W. MERRITT,323,18,178,127,0
Morgan,CLACKS CHAPEL,Probate Judge,,,CHARLES W. MERRITT,79,1,66,12,0
Morgan,WEST MORGAN,Probate Judge,,,CHARLES W. MERRITT,292,8,207,77,0
Morgan,RUTLEDGE,Probate Judge,,,CHARLES W. MERRITT,370,10,303,57,0
Morgan,BOSTWICK,Probate Judge,,,CHARLES W. MERRITT,408,6,328,74,0
Morgan,APALACHEE,Probate Judge,,,CHARLES W. MERRITT,115,1,100,14,0
Morgan,MADISON WEST,Probate Judge,,,CHARLES W. MERRITT,141,7,95,39,0
Morgan,WEST ROAD,Probate Judge,,,CHARLES W. MERRITT,114,8,87,19,0
Morgan,,Probate Judge,,,Write-in,4,0,4,0,0
Morgan,MADISON EAST,Probate Judge,,,Write-in,1,0,1,0,0
Morgan,BUCKHEAD,Probate Judge,,,Write-in,0,0,0,0,0
Morgan,BETH/SPRINGFIELD,Probate Judge,,,Write-in,0,0,0,0,0
Morgan,MADISON SOUTH,Probate Judge,,,Write-in,2,0,2,0,0
Morgan,CLACKS CHAPEL,Probate Judge,,,Write-in,0,0,0,0,0
Morgan,WEST MORGAN,Probate Judge,,,Write-in,0,0,0,0,0
Morgan,RUTLEDGE,Probate Judge,,,Write-in,0,0,0,0,0
Morgan,BOSTWICK,Probate Judge,,,Write-in,0,0,0,0,0
Morgan,APALACHEE,Probate Judge,,,Write-in,0,0,0,0,0
Morgan,MADISON WEST,Probate Judge,,,Write-in,1,0,1,0,0
Morgan,WEST ROAD,Probate Judge,,,Write-in,0,0,0,0,0
Morgan,,Chief Magistrate,,,CONNIE HOLT ,3723,121,2633,968,1
Morgan,MADISON EAST,Chief Magistrate,,,CONNIE HOLT ,558,20,290,247,1
Morgan,BUCKHEAD,Chief Magistrate,,,CONNIE HOLT ,480,13,359,108,0
Morgan,BETH/SPRINGFIELD,Chief Magistrate,,,CONNIE HOLT ,399,15,280,104,0
Morgan,MADISON SOUTH,Chief Magistrate,,,CONNIE HOLT ,418,19,240,159,0
Morgan,CLACKS CHAPEL,Chief Magistrate,,,CONNIE HOLT ,150,1,126,23,0
Morgan,WEST MORGAN,Chief Magistrate,,,CONNIE HOLT ,323,6,241,76,0
Morgan,RUTLEDGE,Chief Magistrate,,,CONNIE HOLT ,398,10,325,63,0
Morgan,BOSTWICK,Chief Magistrate,,,CONNIE HOLT ,515,16,410,89,0
Morgan,APALACHEE,Chief Magistrate,,,CONNIE HOLT ,148,2,124,22,0
Morgan,MADISON WEST,Chief Magistrate,,,CONNIE HOLT ,159,6,108,45,0
Morgan,WEST ROAD,Chief Magistrate,,,CONNIE HOLT ,175,13,130,32,0
Morgan,,Chief Magistrate,,,Write-in,35,0,27,8,0
Morgan,MADISON EAST,Chief Magistrate,,,Write-in,5,0,3,2,0
Morgan,BUCKHEAD,Chief Magistrate,,,Write-in,3,0,3,0,0
Morgan,BETH/SPRINGFIELD,Chief Magistrate,,,Write-in,3,0,2,1,0
Morgan,MADISON SOUTH,Chief Magistrate,,,Write-in,4,0,3,1,0
Morgan,CLACKS CHAPEL,Chief Magistrate,,,Write-in,1,0,1,0,0
Morgan,WEST MORGAN,Chief Magistrate,,,Write-in,8,0,4,4,0
Morgan,RUTLEDGE,Chief Magistrate,,,Write-in,1,0,1,0,0
Morgan,BOSTWICK,Chief Magistrate,,,Write-in,6,0,6,0,0
Morgan,APALACHEE,Chief Magistrate,,,Write-in,0,0,0,0,0
Morgan,MADISON WEST,Chief Magistrate,,,Write-in,2,0,2,0,0
Morgan,WEST ROAD,Chief Magistrate,,,Write-in,2,0,2,0,0
Morgan,,TSPLOST,,,YES,1481,55,990,435,1
Morgan,MADISON EAST,TSPLOST,,,YES,315,8,172,134,1
Morgan,BUCKHEAD,TSPLOST,,,YES,176,8,123,45,0
Morgan,BETH/SPRINGFIELD,TSPLOST,,,YES,121,4,85,32,0
Morgan,MADISON SOUTH,TSPLOST,,,YES,180,10,105,65,0
Morgan,CLACKS CHAPEL,TSPLOST,,,YES,35,1,29,5,0
Morgan,WEST MORGAN,TSPLOST,,,YES,135,4,86,45,0
Morgan,RUTLEDGE,TSPLOST,,,YES,122,5,90,27,0
Morgan,BOSTWICK,TSPLOST,,,YES,180,6,143,31,0
Morgan,APALACHEE,TSPLOST,,,YES,56,0,45,11,0
Morgan,MADISON WEST,TSPLOST,,,YES,102,5,72,25,0
Morgan,WEST ROAD,TSPLOST,,,YES,59,4,40,15,0
Morgan,,TSPLOST,,,NO,3180,101,2322,757,0
Morgan,MADISON EAST,TSPLOST,,,NO,384,17,206,161,0
Morgan,BUCKHEAD,TSPLOST,,,NO,443,6,340,97,0
Morgan,BETH/SPRINGFIELD,TSPLOST,,,NO,388,23,261,104,0
Morgan,MADISON SOUTH,TSPLOST,,,NO,332,14,200,118,0
Morgan,CLACKS CHAPEL,TSPLOST,,,NO,150,0,123,27,0
Morgan,WEST MORGAN,TSPLOST,,,NO,268,5,210,53,0
Morgan,RUTLEDGE,TSPLOST,,,NO,395,11,335,49,0
Morgan,BOSTWICK,TSPLOST,,,NO,454,11,364,79,0
Morgan,APALACHEE,TSPLOST,,,NO,126,2,106,18,0
Morgan,MADISON WEST,TSPLOST,,,NO,99,2,70,27,0
Morgan,WEST ROAD,TSPLOST,,,NO,141,10,107,24,0
Morgan,,Morgan-Sunday Package,,,YES,2641,68,1844,729,0
Morgan,MADISON EAST,Morgan-Sunday Package,,,YES,441,9,248,184,0
Morgan,BUCKHEAD,Morgan-Sunday Package,,,YES,377,4,279,94,0
Morgan,BETH/SPRINGFIELD,Morgan-Sunday Package,,,YES,271,17,168,86,0
Morgan,MADISON SOUTH,Morgan-Sunday Package,,,YES,290,13,161,116,0
Morgan,CLACKS CHAPEL,Morgan-Sunday Package,,,YES,98,0,77,21,0
Morgan,WEST MORGAN,Morgan-Sunday Package,,,YES,228,2,167,59,0
Morgan,RUTLEDGE,Morgan-Sunday Package,,,YES,301,7,243,51,0
Morgan,BOSTWICK,Morgan-Sunday Package,,,YES,351,8,287,56,0
Morgan,APALACHEE,Morgan-Sunday Package,,,YES,92,1,73,18,0
Morgan,MADISON WEST,Morgan-Sunday Package,,,YES,100,3,74,23,0
Morgan,WEST ROAD,Morgan-Sunday Package,,,YES,92,4,67,21,0
Morgan,,Morgan-Sunday Package,,,NO,2034,89,1480,464,1
Morgan,MADISON EAST,Morgan-Sunday Package,,,NO,269,16,139,113,1
Morgan,BUCKHEAD,Morgan-Sunday Package,,,NO,242,10,185,47,0
Morgan,BETH/SPRINGFIELD,Morgan-Sunday Package,,,NO,238,11,176,51,0
Morgan,MADISON SOUTH,Morgan-Sunday Package,,,NO,221,11,144,66,0
Morgan,CLACKS CHAPEL,Morgan-Sunday Package,,,NO,86,1,74,11,0
Morgan,WEST MORGAN,Morgan-Sunday Package,,,NO,174,7,128,39,0
Morgan,RUTLEDGE,Morgan-Sunday Package,,,NO,216,9,182,25,0
Morgan,BOSTWICK,Morgan-Sunday Package,,,NO,284,9,222,53,0
Morgan,APALACHEE,Morgan-Sunday Package,,,NO,91,1,79,11,0
Morgan,MADISON WEST,Morgan-Sunday Package,,,NO,105,4,71,30,0
Morgan,WEST ROAD,Morgan-Sunday Package,,,NO,108,10,80,18,0
Morgan,,Bostwick-Sunday Package,,,YES,51,1,46,4,0
Morgan,BOSTWICK,Bostwick-Sunday Package,,,YES,51,1,46,4,0
Morgan,,Bostwick-Sunday Package,,,NO,53,2,46,5,0
Morgan,BOSTWICK,Bostwick-Sunday Package,,,NO,53,2,46,5,0
Morgan,,Rutledge-Sunday Package,,,YES,87,0,76,11,0
Morgan,RUTLEDGE,Rutledge-Sunday Package,,,YES,87,0,76,11,0
Morgan,,Rutledge-Sunday Package,,,NO,68,3,60,5,0
Morgan,RUTLEDGE,Rutledge-Sunday Package,,,NO,68,3,60,5,0
Morgan,,Rutledge- Sunday Pouring,,,YES,87,0,76,11,0
Morgan,RUTLEDGE,Rutledge- Sunday Pouring,,,YES,87,0,76,11,0
Morgan,,Rutledge- Sunday Pouring,,,NO,69,3,61,5,0
Morgan,RUTLEDGE,Rutledge- Sunday Pouring,,,NO,69,3,61,5,0
Morgan,,Madison- Sunday Package,,,YES,597,20,340,237,0
Morgan,MADISON EAST,Madison- Sunday Package,,,YES,343,9,193,141,0
Morgan,MADISON SOUTH,Madison- Sunday Package,,,YES,221,11,119,91,0
Morgan,WEST MORGAN,Madison- Sunday Package,,,YES,1,0,0,1,0
Morgan,MADISON WEST,Madison- Sunday Package,,,YES,32,0,28,4,0
Morgan,,Madison- Sunday Package,,,NO,368,28,202,137,1
Morgan,MADISON EAST,Madison- Sunday Package,,,NO,194,11,101,81,1
Morgan,MADISON SOUTH,Madison- Sunday Package,,,NO,131,13,72,46,0
Morgan,WEST MORGAN,Madison- Sunday Package,,,NO,1,0,1,0,0
Morgan,MADISON WEST,Madison- Sunday Package,,,NO,42,4,28,10,0
Morgan,,Madison,,,YES,633,25,351,257,0
Morgan,MADISON EAST,Madison,,,YES,357,9,196,152,0
Morgan,MADISON SOUTH,Madison,,,YES,239,14,127,98,0
Morgan,WEST MORGAN,Madison,,,YES,1,0,0,1,0
Morgan,MADISON WEST,Madison,,,YES,36,2,28,6,0
Morgan,,Madison,,,NO,326,23,185,117,1
Morgan,MADISON EAST,Madison,,,NO,175,11,95,68,1
Morgan,MADISON SOUTH,Madison,,,NO,113,10,62,41,0
Morgan,WEST MORGAN,Madison,,,NO,1,0,1,0,0
Morgan,MADISON WEST,Madison,,,NO,37,2,27,8,0
