county,precinct,office,district,party,candidate,votes,absentee_by_mail,election_day,advance_in_person,provisional
Talbot,,"Public Service Commission, District 3",3,REP,CHUCK EATON (I),89,5,76,8,0
Talbot,ONEAL,"Public Service Commission, District 3",3,REP,CHUCK EATON (I),20,1,16,3,0
Talbot,VALLEY,"Public Service Commission, District 3",3,REP,CHUCK EATON (I),18,0,16,2,0
Talbot,JUNCTION CITY,"Public Service Commission, District 3",3,REP,CHUCK EATON (I),1,0,0,1,0
Talbot,GENEVA,"Public Service Commission, District 3",3,REP,CHUCK EATON (I),9,2,7,0,0
Talbot,TALBOTTON,"Public Service Commission, District 3",3,REP,CHUCK EATON (I),5,0,4,1,0
Talbot,BOX SPRINGS,"Public Service Commission, District 3",3,REP,CHUCK EATON (I),18,1,17,0,0
Talbot,FLINT HILL,"Public Service Commission, District 3",3,REP,CHUCK EATON (I),18,1,16,1,0
Talbot,,"Public Service Commission, District 3",3,REP,MATT REID,86,8,71,7,0
Talbot,ONEAL,"Public Service Commission, District 3",3,REP,MATT REID,16,0,15,1,0
Talbot,VALLEY,"Public Service Commission, District 3",3,REP,MATT REID,24,3,21,0,0
Talbot,JUNCTION CITY,"Public Service Commission, District 3",3,REP,MATT REID,4,0,2,2,0
Talbot,GENEVA,"Public Service Commission, District 3",3,REP,MATT REID,9,4,5,0,0
Talbot,TALBOTTON,"Public Service Commission, District 3",3,REP,MATT REID,8,1,5,2,0
Talbot,BOX SPRINGS,"Public Service Commission, District 3",3,REP,MATT REID,7,0,7,0,0
Talbot,FLINT HILL,"Public Service Commission, District 3",3,REP,MATT REID,18,0,16,2,0
Talbot,,"Public Service Commission, District 3",3,DEM,STEPHEN OPPENHEIMER,834,130,625,79,0
Talbot,ONEAL,"Public Service Commission, District 3",3,DEM,STEPHEN OPPENHEIMER,88,7,71,10,0
Talbot,VALLEY,"Public Service Commission, District 3",3,DEM,STEPHEN OPPENHEIMER,109,5,98,6,0
Talbot,JUNCTION CITY,"Public Service Commission, District 3",3,DEM,STEPHEN OPPENHEIMER,121,26,84,11,0
Talbot,GENEVA,"Public Service Commission, District 3",3,DEM,STEPHEN OPPENHEIMER,80,31,47,2,0
Talbot,TALBOTTON,"Public Service Commission, District 3",3,DEM,STEPHEN OPPENHEIMER,200,48,119,33,0
Talbot,BOX SPRINGS,"Public Service Commission, District 3",3,DEM,STEPHEN OPPENHEIMER,52,7,42,3,0
Talbot,FLINT HILL,"Public Service Commission, District 3",3,DEM,STEPHEN OPPENHEIMER,184,6,164,14,0
Talbot,,"Public Service Commission, District 5",5,REP,PAM DAVIDSON,91,7,75,9,0
Talbot,ONEAL,"Public Service Commission, District 5",5,REP,PAM DAVIDSON,20,0,18,2,0
Talbot,VALLEY,"Public Service Commission, District 5",5,REP,PAM DAVIDSON,25,3,22,0,0
Talbot,JUNCTION CITY,"Public Service Commission, District 5",5,REP,PAM DAVIDSON,4,0,1,3,0
Talbot,GENEVA,"Public Service Commission, District 5",5,REP,PAM DAVIDSON,11,3,8,0,0
Talbot,TALBOTTON,"Public Service Commission, District 5",5,REP,PAM DAVIDSON,11,1,8,2,0
Talbot,BOX SPRINGS,"Public Service Commission, District 5",5,REP,PAM DAVIDSON,7,0,7,0,0
Talbot,FLINT HILL,"Public Service Commission, District 5",5,REP,PAM DAVIDSON,13,0,11,2,0
Talbot,,"Public Service Commission, District 5",5,REP,STAN WISE (I),85,5,74,6,0
Talbot,ONEAL,"Public Service Commission, District 5",5,REP,STAN WISE (I),15,0,13,2,0
Talbot,VALLEY,"Public Service Commission, District 5",5,REP,STAN WISE (I),17,0,15,2,0
Talbot,JUNCTION CITY,"Public Service Commission, District 5",5,REP,STAN WISE (I),1,0,1,0,0
Talbot,GENEVA,"Public Service Commission, District 5",5,REP,STAN WISE (I),9,3,6,0,0
Talbot,TALBOTTON,"Public Service Commission, District 5",5,REP,STAN WISE (I),2,0,1,1,0
Talbot,BOX SPRINGS,"Public Service Commission, District 5",5,REP,STAN WISE (I),19,1,18,0,0
Talbot,FLINT HILL,"Public Service Commission, District 5",5,REP,STAN WISE (I),22,1,20,1,0
Talbot,,"U.S. Representative, District 2",2,REP,RICK ALLEN,84,7,70,7,0
Talbot,ONEAL,"U.S. Representative, District 2",2,REP,RICK ALLEN,22,1,17,4,0
Talbot,VALLEY,"U.S. Representative, District 2",2,REP,RICK ALLEN,17,0,16,1,0
Talbot,JUNCTION CITY,"U.S. Representative, District 2",2,REP,RICK ALLEN,2,0,1,1,0
Talbot,GENEVA,"U.S. Representative, District 2",2,REP,RICK ALLEN,8,3,5,0,0
Talbot,TALBOTTON,"U.S. Representative, District 2",2,REP,RICK ALLEN,4,1,2,1,0
Talbot,BOX SPRINGS,"U.S. Representative, District 2",2,REP,RICK ALLEN,11,1,10,0,0
Talbot,FLINT HILL,"U.S. Representative, District 2",2,REP,RICK ALLEN,20,1,19,0,0
Talbot,,"U.S. Representative, District 2",2,REP,KEN DELOACH,26,2,21,3,0
Talbot,ONEAL,"U.S. Representative, District 2",2,REP,KEN DELOACH,2,0,2,0,0
Talbot,VALLEY,"U.S. Representative, District 2",2,REP,KEN DELOACH,9,1,7,1,0
Talbot,JUNCTION CITY,"U.S. Representative, District 2",2,REP,KEN DELOACH,2,0,0,2,0
Talbot,GENEVA,"U.S. Representative, District 2",2,REP,KEN DELOACH,2,1,1,0,0
Talbot,TALBOTTON,"U.S. Representative, District 2",2,REP,KEN DELOACH,5,0,5,0,0
Talbot,BOX SPRINGS,"U.S. Representative, District 2",2,REP,KEN DELOACH,3,0,3,0,0
Talbot,FLINT HILL,"U.S. Representative, District 2",2,REP,KEN DELOACH,3,0,3,0,0
Talbot,,"U.S. Representative, District 2",2,REP,JOHN HOUSE,63,4,56,3,0
Talbot,ONEAL,"U.S. Representative, District 2",2,REP,JOHN HOUSE,12,0,12,0,0
Talbot,VALLEY,"U.S. Representative, District 2",2,REP,JOHN HOUSE,16,2,14,0,0
Talbot,JUNCTION CITY,"U.S. Representative, District 2",2,REP,JOHN HOUSE,1,0,1,0,0
Talbot,GENEVA,"U.S. Representative, District 2",2,REP,JOHN HOUSE,10,2,8,0,0
Talbot,TALBOTTON,"U.S. Representative, District 2",2,REP,JOHN HOUSE,3,0,3,0,0
Talbot,BOX SPRINGS,"U.S. Representative, District 2",2,REP,JOHN HOUSE,12,0,12,0,0
Talbot,FLINT HILL,"U.S. Representative, District 2",2,REP,JOHN HOUSE,9,0,6,3,0
Talbot,,"U.S. Representative, District 2",2,DEM,SANFORD BISHOP (I),1126,169,833,123,1
Talbot,ONEAL,"U.S. Representative, District 2",2,DEM,SANFORD BISHOP (I),120,12,95,13,0
Talbot,VALLEY,"U.S. Representative, District 2",2,DEM,SANFORD BISHOP (I),139,6,121,12,0
Talbot,JUNCTION CITY,"U.S. Representative, District 2",2,DEM,SANFORD BISHOP (I),155,37,107,11,0
Talbot,GENEVA,"U.S. Representative, District 2",2,DEM,SANFORD BISHOP (I),129,37,85,7,0
Talbot,TALBOTTON,"U.S. Representative, District 2",2,DEM,SANFORD BISHOP (I),296,63,176,57,0
Talbot,BOX SPRINGS,"U.S. Representative, District 2",2,DEM,SANFORD BISHOP (I),60,7,50,3,0
Talbot,FLINT HILL,"U.S. Representative, District 2",2,DEM,SANFORD BISHOP (I),227,7,199,20,1
Talbot,,"State Senator, District 15",15,REP,DAVID BROWN,150,13,127,10,0
Talbot,ONEAL,"State Senator, District 15",15,REP,DAVID BROWN,29,1,25,3,0
Talbot,VALLEY,"State Senator, District 15",15,REP,DAVID BROWN,37,3,32,2,0
Talbot,JUNCTION CITY,"State Senator, District 15",15,REP,DAVID BROWN,5,0,2,3,0
Talbot,GENEVA,"State Senator, District 15",15,REP,DAVID BROWN,20,6,14,0,0
Talbot,TALBOTTON,"State Senator, District 15",15,REP,DAVID BROWN,10,1,8,1,0
Talbot,BOX SPRINGS,"State Senator, District 15",15,REP,DAVID BROWN,20,1,19,0,0
Talbot,FLINT HILL,"State Senator, District 15",15,REP,DAVID BROWN,29,1,27,1,0
Talbot,,"State Senator, District 15",15,DEM,ED HARBISON (I),834,165,587,82,0
Talbot,ONEAL,"State Senator, District 15",15,DEM,ED HARBISON (I),79,8,60,11,0
Talbot,VALLEY,"State Senator, District 15",15,DEM,ED HARBISON (I),90,6,79,5,0
Talbot,JUNCTION CITY,"State Senator, District 15",15,DEM,ED HARBISON (I),134,39,84,11,0
Talbot,GENEVA,"State Senator, District 15",15,DEM,ED HARBISON (I),103,38,60,5,0
Talbot,TALBOTTON,"State Senator, District 15",15,DEM,ED HARBISON (I),223,59,126,38,0
Talbot,BOX SPRINGS,"State Senator, District 15",15,DEM,ED HARBISON (I),50,9,40,1,0
Talbot,FLINT HILL,"State Senator, District 15",15,DEM,ED HARBISON (I),155,6,138,11,0
Talbot,,"State Senator, District 15",15,DEM,REGINALD PUGH,345,38,260,46,1
Talbot,ONEAL,"State Senator, District 15",15,DEM,REGINALD PUGH,42,2,36,4,0
Talbot,VALLEY,"State Senator, District 15",15,DEM,REGINALD PUGH,49,0,43,6,0
Talbot,JUNCTION CITY,"State Senator, District 15",15,DEM,REGINALD PUGH,47,10,29,8,0
Talbot,GENEVA,"State Senator, District 15",15,DEM,REGINALD PUGH,41,9,32,0,0
Talbot,TALBOTTON,"State Senator, District 15",15,DEM,REGINALD PUGH,89,14,59,16,0
Talbot,BOX SPRINGS,"State Senator, District 15",15,DEM,REGINALD PUGH,19,2,15,2,0
Talbot,FLINT HILL,"State Senator, District 15",15,DEM,REGINALD PUGH,58,1,46,10,1
Talbot,,"State Representative, District 137",137,DEM,DEBBIE G. BUCKNER (I,841,136,619,85,1
Talbot,ONEAL,"State Representative, District 137",137,DEM,DEBBIE G. BUCKNER (I,64,7,52,5,0
Talbot,VALLEY,"State Representative, District 137",137,DEM,DEBBIE G. BUCKNER (I,129,8,115,6,0
Talbot,JUNCTION CITY,"State Representative, District 137",137,DEM,DEBBIE G. BUCKNER (I,155,37,99,19,0
Talbot,GENEVA,"State Representative, District 137",137,DEM,DEBBIE G. BUCKNER (I,79,26,50,3,0
Talbot,TALBOTTON,"State Representative, District 137",137,DEM,DEBBIE G. BUCKNER (I,171,45,93,33,0
Talbot,BOX SPRINGS,"State Representative, District 137",137,DEM,DEBBIE G. BUCKNER (I,56,11,43,2,0
Talbot,FLINT HILL,"State Representative, District 137",137,DEM,DEBBIE G. BUCKNER (I,187,2,167,17,1
Talbot,,"State Representative, District 137",137,DEM,TRAVIS CHAMBERS,580,96,430,54,0
Talbot,ONEAL,"State Representative, District 137",137,DEM,TRAVIS CHAMBERS,78,6,62,10,0
Talbot,VALLEY,"State Representative, District 137",137,DEM,TRAVIS CHAMBERS,51,1,43,7,0
Talbot,JUNCTION CITY,"State Representative, District 137",137,DEM,TRAVIS CHAMBERS,71,17,50,4,0
Talbot,GENEVA,"State Representative, District 137",137,DEM,TRAVIS CHAMBERS,71,15,54,2,0
Talbot,TALBOTTON,"State Representative, District 137",137,DEM,TRAVIS CHAMBERS,218,54,139,25,0
Talbot,BOX SPRINGS,"State Representative, District 137",137,DEM,TRAVIS CHAMBERS,24,0,22,2,0
Talbot,FLINT HILL,"State Representative, District 137",137,DEM,TRAVIS CHAMBERS,67,3,60,4,0
Talbot,,"State Representative, District 137",137,DEM,KU'WONNA MAHONE INGR,134,23,92,19,0
Talbot,ONEAL,"State Representative, District 137",137,DEM,KU'WONNA MAHONE INGR,13,2,8,3,0
Talbot,VALLEY,"State Representative, District 137",137,DEM,KU'WONNA MAHONE INGR,14,0,13,1,0
Talbot,JUNCTION CITY,"State Representative, District 137",137,DEM,KU'WONNA MAHONE INGR,11,4,5,2,0
Talbot,GENEVA,"State Representative, District 137",137,DEM,KU'WONNA MAHONE INGR,22,10,12,0,0
Talbot,TALBOTTON,"State Representative, District 137",137,DEM,KU'WONNA MAHONE INGR,35,5,19,11,0
Talbot,BOX SPRINGS,"State Representative, District 137",137,DEM,KU'WONNA MAHONE INGR,3,0,3,0,0
Talbot,FLINT HILL,"State Representative, District 137",137,DEM,KU'WONNA MAHONE INGR,36,2,32,2,0
Talbot,,"District Attorney, Chattahoochee Circuit", Chattahoochee Circuit - REP,REP,MARK POST,136,12,116,8,0
Talbot,ONEAL,"District Attorney, Chattahoochee Circuit", Chattahoochee Circuit - REP,REP,MARK POST,25,1,22,2,0
Talbot,VALLEY,"District Attorney, Chattahoochee Circuit", Chattahoochee Circuit - REP,REP,MARK POST,34,3,29,2,0
Talbot,JUNCTION CITY,"District Attorney, Chattahoochee Circuit", Chattahoochee Circuit - REP,REP,MARK POST,4,0,2,2,0
Talbot,GENEVA,"District Attorney, Chattahoochee Circuit", Chattahoochee Circuit - REP,REP,MARK POST,19,5,14,0,0
Talbot,TALBOTTON,"District Attorney, Chattahoochee Circuit", Chattahoochee Circuit - REP,REP,MARK POST,11,1,9,1,0
Talbot,BOX SPRINGS,"District Attorney, Chattahoochee Circuit", Chattahoochee Circuit - REP,REP,MARK POST,20,1,19,0,0
Talbot,FLINT HILL,"District Attorney, Chattahoochee Circuit", Chattahoochee Circuit - REP,REP,MARK POST,23,1,21,1,0
Talbot,,"District Attorney, Chattahoochee Circuit", Chattahoochee Circuit - DEM,DEM,JULIA SLATER (I),933,145,692,95,1
Talbot,ONEAL,"District Attorney, Chattahoochee Circuit", Chattahoochee Circuit - DEM,DEM,JULIA SLATER (I),94,7,77,10,0
Talbot,VALLEY,"District Attorney, Chattahoochee Circuit", Chattahoochee Circuit - DEM,DEM,JULIA SLATER (I),112,4,101,7,0
Talbot,JUNCTION CITY,"District Attorney, Chattahoochee Circuit", Chattahoochee Circuit - DEM,DEM,JULIA SLATER (I),132,30,89,13,0
Talbot,GENEVA,"District Attorney, Chattahoochee Circuit", Chattahoochee Circuit - DEM,DEM,JULIA SLATER (I),103,37,64,2,0
Talbot,TALBOTTON,"District Attorney, Chattahoochee Circuit", Chattahoochee Circuit - DEM,DEM,JULIA SLATER (I),235,53,140,42,0
Talbot,BOX SPRINGS,"District Attorney, Chattahoochee Circuit", Chattahoochee Circuit - DEM,DEM,JULIA SLATER (I),62,8,50,4,0
Talbot,FLINT HILL,"District Attorney, Chattahoochee Circuit", Chattahoochee Circuit - DEM,DEM,JULIA SLATER (I),195,6,171,17,1
Talbot,,JUDGE PROBATE CT,,,JOHN R. TERRY ,1206,187,886,132,1
Talbot,ONEAL,JUDGE PROBATE CT,,,JOHN R. TERRY ,131,11,103,17,0
Talbot,VALLEY,JUDGE PROBATE CT,,,JOHN R. TERRY ,157,6,138,13,0
Talbot,JUNCTION CITY,JUDGE PROBATE CT,,,JOHN R. TERRY ,167,40,111,16,0
Talbot,GENEVA,JUDGE PROBATE CT,,,JOHN R. TERRY ,121,39,77,5,0
Talbot,TALBOTTON,JUDGE PROBATE CT,,,JOHN R. TERRY ,323,76,190,57,0
Talbot,BOX SPRINGS,JUDGE PROBATE CT,,,JOHN R. TERRY ,66,8,55,3,0
Talbot,FLINT HILL,JUDGE PROBATE CT,,,JOHN R. TERRY ,241,7,212,21,1
Talbot,,CLERK SUPERIOR COURT,,,P. DILLINGHAM-MAHONE,1214,220,861,133,0
Talbot,ONEAL,CLERK SUPERIOR COURT,,,P. DILLINGHAM-MAHONE,127,11,101,15,0
Talbot,VALLEY,CLERK SUPERIOR COURT,,,P. DILLINGHAM-MAHONE,148,6,130,12,0
Talbot,JUNCTION CITY,CLERK SUPERIOR COURT,,,P. DILLINGHAM-MAHONE,171,41,114,16,0
Talbot,GENEVA,CLERK SUPERIOR COURT,,,P. DILLINGHAM-MAHONE,124,42,77,5,0
Talbot,TALBOTTON,CLERK SUPERIOR COURT,,,P. DILLINGHAM-MAHONE,361,106,193,62,0
Talbot,BOX SPRINGS,CLERK SUPERIOR COURT,,,P. DILLINGHAM-MAHONE,60,7,50,3,0
Talbot,FLINT HILL,CLERK SUPERIOR COURT,,,P. DILLINGHAM-MAHONE,223,7,196,20,0
Talbot,,SHERIFF,,,BOBBY RAY GATES ,1243,189,926,127,1
Talbot,ONEAL,SHERIFF,,,BOBBY RAY GATES ,135,11,108,16,0
Talbot,VALLEY,SHERIFF,,,BOBBY RAY GATES ,156,6,137,13,0
Talbot,JUNCTION CITY,SHERIFF,,,BOBBY RAY GATES ,179,43,122,14,0
Talbot,GENEVA,SHERIFF,,,BOBBY RAY GATES ,148,41,102,5,0
Talbot,TALBOTTON,SHERIFF,,,BOBBY RAY GATES ,319,73,190,56,0
Talbot,BOX SPRINGS,SHERIFF,,,BOBBY RAY GATES ,67,8,56,3,0
Talbot,FLINT HILL,SHERIFF,,,BOBBY RAY GATES ,239,7,211,20,1
Talbot,,TAX COMMISSIONER,,,WILLIAM HUFF III ,1259,215,910,133,1
Talbot,ONEAL,TAX COMMISSIONER,,,WILLIAM HUFF III ,129,11,102,16,0
Talbot,VALLEY,TAX COMMISSIONER,,,WILLIAM HUFF III ,156,6,137,13,0
Talbot,JUNCTION CITY,TAX COMMISSIONER,,,WILLIAM HUFF III ,172,41,117,14,0
Talbot,GENEVA,TAX COMMISSIONER,,,WILLIAM HUFF III ,138,43,89,6,0
Talbot,TALBOTTON,TAX COMMISSIONER,,,WILLIAM HUFF III ,349,100,189,60,0
Talbot,BOX SPRINGS,TAX COMMISSIONER,,,WILLIAM HUFF III ,68,8,56,4,0
Talbot,FLINT HILL,TAX COMMISSIONER,,,WILLIAM HUFF III ,247,6,220,20,1
Talbot,,CORONER,,,RONALD ARNDT,405,31,338,35,1
Talbot,ONEAL,CORONER,,,RONALD ARNDT,32,0,29,3,0
Talbot,VALLEY,CORONER,,,RONALD ARNDT,40,0,36,4,0
Talbot,JUNCTION CITY,CORONER,,,RONALD ARNDT,49,9,36,4,0
Talbot,GENEVA,CORONER,,,RONALD ARNDT,25,3,20,2,0
Talbot,TALBOTTON,CORONER,,,RONALD ARNDT,88,14,66,8,0
Talbot,BOX SPRINGS,CORONER,,,RONALD ARNDT,25,3,20,2,0
Talbot,FLINT HILL,CORONER,,,RONALD ARNDT,146,2,131,12,1
Talbot,,CORONER,,,JOHN C. COSBY ,1040,221,705,114,0
Talbot,ONEAL,CORONER,,,JOHN C. COSBY ,109,12,85,12,0
Talbot,VALLEY,CORONER,,,JOHN C. COSBY ,138,10,118,10,0
Talbot,JUNCTION CITY,CORONER,,,JOHN C. COSBY ,177,51,108,18,0
Talbot,GENEVA,CORONER,,,JOHN C. COSBY ,139,51,83,5,0
Talbot,TALBOTTON,CORONER,,,JOHN C. COSBY ,308,85,165,58,0
Talbot,BOX SPRINGS,CORONER,,,JOHN C. COSBY ,52,7,43,2,0
Talbot,FLINT HILL,CORONER,,,JOHN C. COSBY ,117,5,103,9,0
Talbot,,CC D4,,,FRANKLIN HOLMES ,217,7,190,19,1
Talbot,FLINT HILL,CC D4,,,FRANKLIN HOLMES ,217,7,190,19,1
Talbot,,CC D5,,,WILLIE GLENN HUNT,26,8,15,3,0
Talbot,JUNCTION CITY,CC D5,,,WILLIE GLENN HUNT,4,0,2,2,0
Talbot,GENEVA,CC D5,,,WILLIE GLENN HUNT,22,8,13,1,0
Talbot,TALBOTTON,CC D5,,,WILLIE GLENN HUNT,0,0,0,0,0
Talbot,,CC D5,,,MIKE H. BUCKNER,215,38,146,31,0
Talbot,JUNCTION CITY,CC D5,,,MIKE H. BUCKNER,130,22,88,20,0
Talbot,GENEVA,CC D5,,,MIKE H. BUCKNER,64,14,45,5,0
Talbot,TALBOTTON,CC D5,,,MIKE H. BUCKNER,21,2,13,6,0
Talbot,,CC D5,,,LARRY L. SPARKS,255,97,149,9,0
Talbot,JUNCTION CITY,CC D5,,,LARRY L. SPARKS,119,50,66,3,0
Talbot,GENEVA,CC D5,,,LARRY L. SPARKS,115,40,71,4,0
Talbot,TALBOTTON,CC D5,,,LARRY L. SPARKS,21,7,12,2,0
Talbot,,BOE D1,,,ROBERT L. HUMPHREY,180,26,134,20,0
Talbot,TALBOTTON,BOE D1,,,ROBERT L. HUMPHREY,180,26,134,20,0
Talbot,,BOE D1,,,JORETHA RYLES ,238,95,100,43,0
Talbot,TALBOTTON,BOE D1,,,JORETHA RYLES ,238,95,100,43,0
Talbot,,BOE D4,,,VICKIE RUSH ,215,7,193,14,1
Talbot,FLINT HILL,BOE D4,,,VICKIE RUSH ,215,7,193,14,1
Talbot,,BOE D5,,,JAMES L. BUCKNER,187,29,132,26,0
Talbot,JUNCTION CITY,BOE D5,,,JAMES L. BUCKNER,98,9,70,19,0
Talbot,GENEVA,BOE D5,,,JAMES L. BUCKNER,72,18,51,3,0
Talbot,TALBOTTON,BOE D5,,,JAMES L. BUCKNER,17,2,11,4,0
Talbot,,BOE D5,,,ALBERT SMITH JR. ,267,106,150,11,0
Talbot,JUNCTION CITY,BOE D5,,,ALBERT SMITH JR. ,148,63,80,5,0
Talbot,GENEVA,BOE D5,,,ALBERT SMITH JR. ,95,36,56,3,0
Talbot,TALBOTTON,BOE D5,,,ALBERT SMITH JR. ,24,7,14,3,0
Talbot,,Republican Party Question 1<br>Should Georgia have casino gambling with funds going to education?,,REP,YES,110,8,94,8,0
Talbot,ONEAL,Republican Party Question 1<br>Should Georgia have casino gambling with funds going to education?,,REP,YES,19,1,16,2,0
Talbot,VALLEY,Republican Party Question 1<br>Should Georgia have casino gambling with funds going to education?,,REP,YES,30,3,24,3,0
Talbot,JUNCTION CITY,Republican Party Question 1<br>Should Georgia have casino gambling with funds going to education?,,REP,YES,1,0,0,1,0
Talbot,GENEVA,Republican Party Question 1<br>Should Georgia have casino gambling with funds going to education?,,REP,YES,11,2,9,0,0
Talbot,TALBOTTON,Republican Party Question 1<br>Should Georgia have casino gambling with funds going to education?,,REP,YES,11,1,8,2,0
Talbot,BOX SPRINGS,Republican Party Question 1<br>Should Georgia have casino gambling with funds going to education?,,REP,YES,16,1,15,0,0
Talbot,FLINT HILL,Republican Party Question 1<br>Should Georgia have casino gambling with funds going to education?,,REP,YES,22,0,22,0,0
Talbot,,Republican Party Question 1<br>Should Georgia have casino gambling with funds going to education?,,REP,NO,82,5,67,10,0
Talbot,ONEAL,Republican Party Question 1<br>Should Georgia have casino gambling with funds going to education?,,REP,NO,19,0,17,2,0
Talbot,VALLEY,Republican Party Question 1<br>Should Georgia have casino gambling with funds going to education?,,REP,NO,15,0,15,0,0
Talbot,JUNCTION CITY,Republican Party Question 1<br>Should Georgia have casino gambling with funds going to education?,,REP,NO,4,0,2,2,0
Talbot,GENEVA,Republican Party Question 1<br>Should Georgia have casino gambling with funds going to education?,,REP,NO,11,4,5,2,0
Talbot,TALBOTTON,Republican Party Question 1<br>Should Georgia have casino gambling with funds going to education?,,REP,NO,5,0,4,1,0
Talbot,BOX SPRINGS,Republican Party Question 1<br>Should Georgia have casino gambling with funds going to education?,,REP,NO,11,0,11,0,0
Talbot,FLINT HILL,Republican Party Question 1<br>Should Georgia have casino gambling with funds going to education?,,REP,NO,17,1,13,3,0
Talbot,,Republican Party Question 2<br>Do you support ending the current practice of unlimited gifts from lobbyists to state legislators by imposing a $100 cap on such gifts?,,REP,YES,164,10,139,15,0
Talbot,ONEAL,Republican Party Question 2<br>Do you support ending the current practice of unlimited gifts from lobbyists to state legislators by imposing a $100 cap on such gifts?,,REP,YES,32,1,28,3,0
Talbot,VALLEY,Republican Party Question 2<br>Do you support ending the current practice of unlimited gifts from lobbyists to state legislators by imposing a $100 cap on such gifts?,,REP,YES,35,3,29,3,0
Talbot,JUNCTION CITY,Republican Party Question 2<br>Do you support ending the current practice of unlimited gifts from lobbyists to state legislators by imposing a $100 cap on such gifts?,,REP,YES,4,0,2,2,0
Talbot,GENEVA,Republican Party Question 2<br>Do you support ending the current practice of unlimited gifts from lobbyists to state legislators by imposing a $100 cap on such gifts?,,REP,YES,17,3,13,1,0
Talbot,TALBOTTON,Republican Party Question 2<br>Do you support ending the current practice of unlimited gifts from lobbyists to state legislators by imposing a $100 cap on such gifts?,,REP,YES,15,1,11,3,0
Talbot,BOX SPRINGS,Republican Party Question 2<br>Do you support ending the current practice of unlimited gifts from lobbyists to state legislators by imposing a $100 cap on such gifts?,,REP,YES,24,1,23,0,0
Talbot,FLINT HILL,Republican Party Question 2<br>Do you support ending the current practice of unlimited gifts from lobbyists to state legislators by imposing a $100 cap on such gifts?,,REP,YES,37,1,33,3,0
Talbot,,Republican Party Question 2<br>Do you support ending the current practice of unlimited gifts from lobbyists to state legislators by imposing a $100 cap on such gifts?,,REP,NO,25,3,20,2,0
Talbot,ONEAL,Republican Party Question 2<br>Do you support ending the current practice of unlimited gifts from lobbyists to state legislators by imposing a $100 cap on such gifts?,,REP,NO,5,0,4,1,0
Talbot,VALLEY,Republican Party Question 2<br>Do you support ending the current practice of unlimited gifts from lobbyists to state legislators by imposing a $100 cap on such gifts?,,REP,NO,10,0,10,0,0
Talbot,JUNCTION CITY,Republican Party Question 2<br>Do you support ending the current practice of unlimited gifts from lobbyists to state legislators by imposing a $100 cap on such gifts?,,REP,NO,1,0,0,1,0
Talbot,GENEVA,Republican Party Question 2<br>Do you support ending the current practice of unlimited gifts from lobbyists to state legislators by imposing a $100 cap on such gifts?,,REP,NO,4,3,1,0,0
Talbot,TALBOTTON,Republican Party Question 2<br>Do you support ending the current practice of unlimited gifts from lobbyists to state legislators by imposing a $100 cap on such gifts?,,REP,NO,1,0,1,0,0
Talbot,BOX SPRINGS,Republican Party Question 2<br>Do you support ending the current practice of unlimited gifts from lobbyists to state legislators by imposing a $100 cap on such gifts?,,REP,NO,3,0,3,0,0
Talbot,FLINT HILL,Republican Party Question 2<br>Do you support ending the current practice of unlimited gifts from lobbyists to state legislators by imposing a $100 cap on such gifts?,,REP,NO,1,0,1,0,0
Talbot,,Republican Party Question 3<br>Should active duty military personnel who are under the age of 21 be allowed to obtain a Georgia weapons license?,,REP,YES,127,5,109,13,0
Talbot,ONEAL,Republican Party Question 3<br>Should active duty military personnel who are under the age of 21 be allowed to obtain a Georgia weapons license?,,REP,YES,25,0,24,1,0
Talbot,VALLEY,Republican Party Question 3<br>Should active duty military personnel who are under the age of 21 be allowed to obtain a Georgia weapons license?,,REP,YES,29,1,26,2,0
Talbot,JUNCTION CITY,Republican Party Question 3<br>Should active duty military personnel who are under the age of 21 be allowed to obtain a Georgia weapons license?,,REP,YES,4,0,1,3,0
Talbot,GENEVA,Republican Party Question 3<br>Should active duty military personnel who are under the age of 21 be allowed to obtain a Georgia weapons license?,,REP,YES,14,1,11,2,0
Talbot,TALBOTTON,Republican Party Question 3<br>Should active duty military personnel who are under the age of 21 be allowed to obtain a Georgia weapons license?,,REP,YES,13,1,10,2,0
Talbot,BOX SPRINGS,Republican Party Question 3<br>Should active duty military personnel who are under the age of 21 be allowed to obtain a Georgia weapons license?,,REP,YES,19,1,18,0,0
Talbot,FLINT HILL,Republican Party Question 3<br>Should active duty military personnel who are under the age of 21 be allowed to obtain a Georgia weapons license?,,REP,YES,23,1,19,3,0
Talbot,,Republican Party Question 3<br>Should active duty military personnel who are under the age of 21 be allowed to obtain a Georgia weapons license?,,REP,NO,63,8,50,5,0
Talbot,ONEAL,Republican Party Question 3<br>Should active duty military personnel who are under the age of 21 be allowed to obtain a Georgia weapons license?,,REP,NO,12,1,8,3,0
Talbot,VALLEY,Republican Party Question 3<br>Should active duty military personnel who are under the age of 21 be allowed to obtain a Georgia weapons license?,,REP,NO,16,2,13,1,0
Talbot,JUNCTION CITY,Republican Party Question 3<br>Should active duty military personnel who are under the age of 21 be allowed to obtain a Georgia weapons license?,,REP,NO,1,0,1,0,0
Talbot,GENEVA,Republican Party Question 3<br>Should active duty military personnel who are under the age of 21 be allowed to obtain a Georgia weapons license?,,REP,NO,8,5,3,0,0
Talbot,TALBOTTON,Republican Party Question 3<br>Should active duty military personnel who are under the age of 21 be allowed to obtain a Georgia weapons license?,,REP,NO,3,0,2,1,0
Talbot,BOX SPRINGS,Republican Party Question 3<br>Should active duty military personnel who are under the age of 21 be allowed to obtain a Georgia weapons license?,,REP,NO,8,0,8,0,0
Talbot,FLINT HILL,Republican Party Question 3<br>Should active duty military personnel who are under the age of 21 be allowed to obtain a Georgia weapons license?,,REP,NO,15,0,15,0,0
Talbot,,Republican Party Question 4<br>Should Citizens who wish to vote in a primary election be required to register by their political party affiliation at least thirty (30) days prior to such primary election?,,REP,YES,86,3,72,11,0
Talbot,ONEAL,Republican Party Question 4<br>Should Citizens who wish to vote in a primary election be required to register by their political party affiliation at least thirty (30) days prior to such primary election?,,REP,YES,22,0,19,3,0
Talbot,VALLEY,Republican Party Question 4<br>Should Citizens who wish to vote in a primary election be required to register by their political party affiliation at least thirty (30) days prior to such primary election?,,REP,YES,16,0,14,2,0
Talbot,JUNCTION CITY,Republican Party Question 4<br>Should Citizens who wish to vote in a primary election be required to register by their political party affiliation at least thirty (30) days prior to such primary election?,,REP,YES,2,0,0,2,0
Talbot,GENEVA,Republican Party Question 4<br>Should Citizens who wish to vote in a primary election be required to register by their political party affiliation at least thirty (30) days prior to such primary election?,,REP,YES,7,1,5,1,0
Talbot,TALBOTTON,Republican Party Question 4<br>Should Citizens who wish to vote in a primary election be required to register by their political party affiliation at least thirty (30) days prior to such primary election?,,REP,YES,6,1,3,2,0
Talbot,BOX SPRINGS,Republican Party Question 4<br>Should Citizens who wish to vote in a primary election be required to register by their political party affiliation at least thirty (30) days prior to such primary election?,,REP,YES,12,1,11,0,0
Talbot,FLINT HILL,Republican Party Question 4<br>Should Citizens who wish to vote in a primary election be required to register by their political party affiliation at least thirty (30) days prior to such primary election?,,REP,YES,21,0,20,1,0
Talbot,,Republican Party Question 4<br>Should Citizens who wish to vote in a primary election be required to register by their political party affiliation at least thirty (30) days prior to such primary election?,,REP,NO,102,10,87,5,0
Talbot,ONEAL,Republican Party Question 4<br>Should Citizens who wish to vote in a primary election be required to register by their political party affiliation at least thirty (30) days prior to such primary election?,,REP,NO,15,1,13,1,0
Talbot,VALLEY,Republican Party Question 4<br>Should Citizens who wish to vote in a primary election be required to register by their political party affiliation at least thirty (30) days prior to such primary election?,,REP,NO,28,3,25,0,0
Talbot,JUNCTION CITY,Republican Party Question 4<br>Should Citizens who wish to vote in a primary election be required to register by their political party affiliation at least thirty (30) days prior to such primary election?,,REP,NO,3,0,2,1,0
Talbot,GENEVA,Republican Party Question 4<br>Should Citizens who wish to vote in a primary election be required to register by their political party affiliation at least thirty (30) days prior to such primary election?,,REP,NO,14,5,9,0,0
Talbot,TALBOTTON,Republican Party Question 4<br>Should Citizens who wish to vote in a primary election be required to register by their political party affiliation at least thirty (30) days prior to such primary election?,,REP,NO,10,0,9,1,0
Talbot,BOX SPRINGS,Republican Party Question 4<br>Should Citizens who wish to vote in a primary election be required to register by their political party affiliation at least thirty (30) days prior to such primary election?,,REP,NO,15,0,15,0,0
Talbot,FLINT HILL,Republican Party Question 4<br>Should Citizens who wish to vote in a primary election be required to register by their political party affiliation at least thirty (30) days prior to such primary election?,,REP,NO,17,1,14,2,0
Talbot,,Republican Party Question 5 <br>Life Amendment Question,,REP,YES,126,8,109,9,0
Talbot,ONEAL,Republican Party Question 5 <br>Life Amendment Question,,REP,YES,26,1,23,2,0
Talbot,VALLEY,Republican Party Question 5 <br>Life Amendment Question,,REP,YES,29,0,27,2,0
Talbot,JUNCTION CITY,Republican Party Question 5 <br>Life Amendment Question,,REP,YES,4,0,2,2,0
Talbot,GENEVA,Republican Party Question 5 <br>Life Amendment Question,,REP,YES,15,5,9,1,0
Talbot,TALBOTTON,Republican Party Question 5 <br>Life Amendment Question,,REP,YES,8,1,6,1,0
Talbot,BOX SPRINGS,Republican Party Question 5 <br>Life Amendment Question,,REP,YES,16,0,16,0,0
Talbot,FLINT HILL,Republican Party Question 5 <br>Life Amendment Question,,REP,YES,28,1,26,1,0
Talbot,,Republican Party Question 5 <br>Life Amendment Question,,REP,NO,52,5,42,5,0
Talbot,ONEAL,Republican Party Question 5 <br>Life Amendment Question,,REP,NO,7,0,5,2,0
Talbot,VALLEY,Republican Party Question 5 <br>Life Amendment Question,,REP,NO,13,3,10,0,0
Talbot,JUNCTION CITY,Republican Party Question 5 <br>Life Amendment Question,,REP,NO,1,0,0,1,0
Talbot,GENEVA,Republican Party Question 5 <br>Life Amendment Question,,REP,NO,6,1,5,0,0
Talbot,TALBOTTON,Republican Party Question 5 <br>Life Amendment Question,,REP,NO,7,0,6,1,0
Talbot,BOX SPRINGS,Republican Party Question 5 <br>Life Amendment Question,,REP,NO,9,1,8,0,0
Talbot,FLINT HILL,Republican Party Question 5 <br>Life Amendment Question,,REP,NO,9,0,8,1,0
Talbot,,Democratic Party Question 1<br>Should the Georgia Constitution be amended to allow the state to override locally-elected school boards’ decisions when it comes to the creation of charter schools in your county or city?,,DEM,YES,782,121,579,82,0
Talbot,ONEAL,Democratic Party Question 1<br>Should the Georgia Constitution be amended to allow the state to override locally-elected school boards’ decisions when it comes to the creation of charter schools in your county or city?,,DEM,YES,65,6,51,8,0
Talbot,VALLEY,Democratic Party Question 1<br>Should the Georgia Constitution be amended to allow the state to override locally-elected school boards’ decisions when it comes to the creation of charter schools in your county or city?,,DEM,YES,95,3,85,7,0
Talbot,JUNCTION CITY,Democratic Party Question 1<br>Should the Georgia Constitution be amended to allow the state to override locally-elected school boards’ decisions when it comes to the creation of charter schools in your county or city?,,DEM,YES,124,28,82,14,0
Talbot,GENEVA,Democratic Party Question 1<br>Should the Georgia Constitution be amended to allow the state to override locally-elected school boards’ decisions when it comes to the creation of charter schools in your county or city?,,DEM,YES,112,34,72,6,0
Talbot,TALBOTTON,Democratic Party Question 1<br>Should the Georgia Constitution be amended to allow the state to override locally-elected school boards’ decisions when it comes to the creation of charter schools in your county or city?,,DEM,YES,227,45,143,39,0
Talbot,BOX SPRINGS,Democratic Party Question 1<br>Should the Georgia Constitution be amended to allow the state to override locally-elected school boards’ decisions when it comes to the creation of charter schools in your county or city?,,DEM,YES,41,5,34,2,0
Talbot,FLINT HILL,Democratic Party Question 1<br>Should the Georgia Constitution be amended to allow the state to override locally-elected school boards’ decisions when it comes to the creation of charter schools in your county or city?,,DEM,YES,118,0,112,6,0
Talbot,,Democratic Party Question 1<br>Should the Georgia Constitution be amended to allow the state to override locally-elected school boards’ decisions when it comes to the creation of charter schools in your county or city?,,DEM,NO,583,88,431,63,1
Talbot,ONEAL,Democratic Party Question 1<br>Should the Georgia Constitution be amended to allow the state to override locally-elected school boards’ decisions when it comes to the creation of charter schools in your county or city?,,DEM,NO,66,6,53,7,0
Talbot,VALLEY,Democratic Party Question 1<br>Should the Georgia Constitution be amended to allow the state to override locally-elected school boards’ decisions when it comes to the creation of charter schools in your county or city?,,DEM,NO,76,4,66,6,0
Talbot,JUNCTION CITY,Democratic Party Question 1<br>Should the Georgia Constitution be amended to allow the state to override locally-elected school boards’ decisions when it comes to the creation of charter schools in your county or city?,,DEM,NO,87,22,55,10,0
Talbot,GENEVA,Democratic Party Question 1<br>Should the Georgia Constitution be amended to allow the state to override locally-elected school boards’ decisions when it comes to the creation of charter schools in your county or city?,,DEM,NO,46,14,30,2,0
Talbot,TALBOTTON,Democratic Party Question 1<br>Should the Georgia Constitution be amended to allow the state to override locally-elected school boards’ decisions when it comes to the creation of charter schools in your county or city?,,DEM,NO,122,29,72,21,0
Talbot,BOX SPRINGS,Democratic Party Question 1<br>Should the Georgia Constitution be amended to allow the state to override locally-elected school boards’ decisions when it comes to the creation of charter schools in your county or city?,,DEM,NO,36,6,28,2,0
Talbot,FLINT HILL,Democratic Party Question 1<br>Should the Georgia Constitution be amended to allow the state to override locally-elected school boards’ decisions when it comes to the creation of charter schools in your county or city?,,DEM,NO,150,7,127,15,1
Talbot,,Democratic Party Question 2<br>Do you support ending current practice permitting unlimited gifts from lobbyists to state legislators?,,DEM,YES,867,120,659,87,1
Talbot,ONEAL,Democratic Party Question 2<br>Do you support ending current practice permitting unlimited gifts from lobbyists to state legislators?,,DEM,YES,88,10,70,8,0
Talbot,VALLEY,Democratic Party Question 2<br>Do you support ending current practice permitting unlimited gifts from lobbyists to state legislators?,,DEM,YES,111,8,97,6,0
Talbot,JUNCTION CITY,Democratic Party Question 2<br>Do you support ending current practice permitting unlimited gifts from lobbyists to state legislators?,,DEM,YES,139,28,92,19,0
Talbot,GENEVA,Democratic Party Question 2<br>Do you support ending current practice permitting unlimited gifts from lobbyists to state legislators?,,DEM,YES,91,29,57,5,0
Talbot,TALBOTTON,Democratic Party Question 2<br>Do you support ending current practice permitting unlimited gifts from lobbyists to state legislators?,,DEM,YES,215,36,146,33,0
Talbot,BOX SPRINGS,Democratic Party Question 2<br>Do you support ending current practice permitting unlimited gifts from lobbyists to state legislators?,,DEM,YES,54,7,44,3,0
Talbot,FLINT HILL,Democratic Party Question 2<br>Do you support ending current practice permitting unlimited gifts from lobbyists to state legislators?,,DEM,YES,169,2,153,13,1
Talbot,,Democratic Party Question 2<br>Do you support ending current practice permitting unlimited gifts from lobbyists to state legislators?,,DEM,NO,459,79,328,52,0
Talbot,ONEAL,Democratic Party Question 2<br>Do you support ending current practice permitting unlimited gifts from lobbyists to state legislators?,,DEM,NO,38,2,31,5,0
Talbot,VALLEY,Democratic Party Question 2<br>Do you support ending current practice permitting unlimited gifts from lobbyists to state legislators?,,DEM,NO,56,0,50,6,0
Talbot,JUNCTION CITY,Democratic Party Question 2<br>Do you support ending current practice permitting unlimited gifts from lobbyists to state legislators?,,DEM,NO,61,17,40,4,0
Talbot,GENEVA,Democratic Party Question 2<br>Do you support ending current practice permitting unlimited gifts from lobbyists to state legislators?,,DEM,NO,62,17,43,2,0
Talbot,TALBOTTON,Democratic Party Question 2<br>Do you support ending current practice permitting unlimited gifts from lobbyists to state legislators?,,DEM,NO,127,35,66,26,0
Talbot,BOX SPRINGS,Democratic Party Question 2<br>Do you support ending current practice permitting unlimited gifts from lobbyists to state legislators?,,DEM,NO,23,4,18,1,0
Talbot,FLINT HILL,Democratic Party Question 2<br>Do you support ending current practice permitting unlimited gifts from lobbyists to state legislators?,,DEM,NO,92,4,80,8,0
Talbot,,Democratic Party Question 3<br>Should Georgia adopt an income tax credit for home energy costs to support the economic security of our families?,,DEM,YES,1088,190,779,118,1
Talbot,ONEAL,Democratic Party Question 3<br>Should Georgia adopt an income tax credit for home energy costs to support the economic security of our families?,,DEM,YES,102,12,78,12,0
Talbot,VALLEY,Democratic Party Question 3<br>Should Georgia adopt an income tax credit for home energy costs to support the economic security of our families?,,DEM,YES,123,6,106,11,0
Talbot,JUNCTION CITY,Democratic Party Question 3<br>Should Georgia adopt an income tax credit for home energy costs to support the economic security of our families?,,DEM,YES,173,48,108,17,0
Talbot,GENEVA,Democratic Party Question 3<br>Should Georgia adopt an income tax credit for home energy costs to support the economic security of our families?,,DEM,YES,123,41,75,7,0
Talbot,TALBOTTON,Democratic Party Question 3<br>Should Georgia adopt an income tax credit for home energy costs to support the economic security of our families?,,DEM,YES,293,71,170,52,0
Talbot,BOX SPRINGS,Democratic Party Question 3<br>Should Georgia adopt an income tax credit for home energy costs to support the economic security of our families?,,DEM,YES,63,8,52,3,0
Talbot,FLINT HILL,Democratic Party Question 3<br>Should Georgia adopt an income tax credit for home energy costs to support the economic security of our families?,,DEM,YES,211,4,190,16,1
Talbot,,Democratic Party Question 3<br>Should Georgia adopt an income tax credit for home energy costs to support the economic security of our families?,,DEM,NO,294,25,239,30,0
Talbot,ONEAL,Democratic Party Question 3<br>Should Georgia adopt an income tax credit for home energy costs to support the economic security of our families?,,DEM,NO,31,0,28,3,0
Talbot,VALLEY,Democratic Party Question 3<br>Should Georgia adopt an income tax credit for home energy costs to support the economic security of our families?,,DEM,NO,46,2,43,1,0
Talbot,JUNCTION CITY,Democratic Party Question 3<br>Should Georgia adopt an income tax credit for home energy costs to support the economic security of our families?,,DEM,NO,37,4,27,6,0
Talbot,GENEVA,Democratic Party Question 3<br>Should Georgia adopt an income tax credit for home energy costs to support the economic security of our families?,,DEM,NO,33,7,24,2,0
Talbot,TALBOTTON,Democratic Party Question 3<br>Should Georgia adopt an income tax credit for home energy costs to support the economic security of our families?,,DEM,NO,73,7,55,11,0
Talbot,BOX SPRINGS,Democratic Party Question 3<br>Should Georgia adopt an income tax credit for home energy costs to support the economic security of our families?,,DEM,NO,14,3,10,1,0
Talbot,FLINT HILL,Democratic Party Question 3<br>Should Georgia adopt an income tax credit for home energy costs to support the economic security of our families?,,DEM,NO,60,2,52,6,0
Talbot,,Democratic Party Question 4 <br>Should Georgia reduce sales taxes on Made in Georgia products so as to support the growth of small businesses in our state?,,DEM,YES,1223,172,922,128,1
Talbot,ONEAL,Democratic Party Question 4 <br>Should Georgia reduce sales taxes on Made in Georgia products so as to support the growth of small businesses in our state?,,DEM,YES,114,9,92,13,0
Talbot,VALLEY,Democratic Party Question 4 <br>Should Georgia reduce sales taxes on Made in Georgia products so as to support the growth of small businesses in our state?,,DEM,YES,155,7,134,14,0
Talbot,JUNCTION CITY,Democratic Party Question 4 <br>Should Georgia reduce sales taxes on Made in Georgia products so as to support the growth of small businesses in our state?,,DEM,YES,181,38,122,21,0
Talbot,GENEVA,Democratic Party Question 4 <br>Should Georgia reduce sales taxes on Made in Georgia products so as to support the growth of small businesses in our state?,,DEM,YES,143,44,90,9,0
Talbot,TALBOTTON,Democratic Party Question 4 <br>Should Georgia reduce sales taxes on Made in Georgia products so as to support the growth of small businesses in our state?,,DEM,YES,316,58,201,57,0
Talbot,BOX SPRINGS,Democratic Party Question 4 <br>Should Georgia reduce sales taxes on Made in Georgia products so as to support the growth of small businesses in our state?,,DEM,YES,71,10,58,3,0
Talbot,FLINT HILL,Democratic Party Question 4 <br>Should Georgia reduce sales taxes on Made in Georgia products so as to support the growth of small businesses in our state?,,DEM,YES,243,6,225,11,1
Talbot,,Democratic Party Question 4 <br>Should Georgia reduce sales taxes on Made in Georgia products so as to support the growth of small businesses in our state?,,DEM,NO,141,21,102,18,0
Talbot,ONEAL,Democratic Party Question 4 <br>Should Georgia reduce sales taxes on Made in Georgia products so as to support the growth of small businesses in our state?,,DEM,NO,18,3,15,0,0
Talbot,VALLEY,Democratic Party Question 4 <br>Should Georgia reduce sales taxes on Made in Georgia products so as to support the growth of small businesses in our state?,,DEM,NO,19,0,19,0,0
Talbot,JUNCTION CITY,Democratic Party Question 4 <br>Should Georgia reduce sales taxes on Made in Georgia products so as to support the growth of small businesses in our state?,,DEM,NO,16,2,12,2,0
Talbot,GENEVA,Democratic Party Question 4 <br>Should Georgia reduce sales taxes on Made in Georgia products so as to support the growth of small businesses in our state?,,DEM,NO,15,3,12,0,0
Talbot,TALBOTTON,Democratic Party Question 4 <br>Should Georgia reduce sales taxes on Made in Georgia products so as to support the growth of small businesses in our state?,,DEM,NO,38,12,20,6,0
Talbot,BOX SPRINGS,Democratic Party Question 4 <br>Should Georgia reduce sales taxes on Made in Georgia products so as to support the growth of small businesses in our state?,,DEM,NO,8,1,6,1,0
Talbot,FLINT HILL,Democratic Party Question 4 <br>Should Georgia reduce sales taxes on Made in Georgia products so as to support the growth of small businesses in our state?,,DEM,NO,27,0,18,9,0
Talbot,,Supreme Court Justice, Hunstein,I,CAROL W. HUNSTEIN,1102,127,866,108,1
Talbot,ONEAL,Supreme Court Justice, Hunstein,I,CAROL W. HUNSTEIN,117,5,101,11,0
Talbot,VALLEY,Supreme Court Justice, Hunstein,I,CAROL W. HUNSTEIN,152,7,132,13,0
Talbot,JUNCTION CITY,Supreme Court Justice, Hunstein,I,CAROL W. HUNSTEIN,140,22,101,17,0
Talbot,GENEVA,Supreme Court Justice, Hunstein,I,CAROL W. HUNSTEIN,115,33,80,2,0
Talbot,TALBOTTON,Supreme Court Justice, Hunstein,I,CAROL W. HUNSTEIN,249,44,161,44,0
Talbot,BOX SPRINGS,Supreme Court Justice, Hunstein,I,CAROL W. HUNSTEIN,88,9,76,3,0
Talbot,FLINT HILL,Supreme Court Justice, Hunstein,I,CAROL W. HUNSTEIN,241,7,215,18,1
Talbot,,Supreme Court Justice, Hunstein,,Write-in,1,1,0,0,0
Talbot,ONEAL,Supreme Court Justice, Hunstein,,Write-in,0,0,0,0,0
Talbot,VALLEY,Supreme Court Justice, Hunstein,,Write-in,0,0,0,0,0
Talbot,JUNCTION CITY,Supreme Court Justice, Hunstein,,Write-in,0,0,0,0,0
Talbot,GENEVA,Supreme Court Justice, Hunstein,,Write-in,1,1,0,0,0
Talbot,TALBOTTON,Supreme Court Justice, Hunstein,,Write-in,0,0,0,0,0
Talbot,BOX SPRINGS,Supreme Court Justice, Hunstein,,Write-in,0,0,0,0,0
Talbot,FLINT HILL,Supreme Court Justice, Hunstein,,Write-in,0,0,0,0,0
Talbot,,Supreme Court Justice, Melton,,HAROLD D. MELTON ,1099,129,859,110,1
Talbot,ONEAL,Supreme Court Justice, Melton,,HAROLD D. MELTON ,118,5,100,13,0
Talbot,VALLEY,Supreme Court Justice, Melton,,HAROLD D. MELTON ,156,7,136,13,0
Talbot,JUNCTION CITY,Supreme Court Justice, Melton,,HAROLD D. MELTON ,137,22,98,17,0
Talbot,GENEVA,Supreme Court Justice, Melton,,HAROLD D. MELTON ,118,34,81,3,0
Talbot,TALBOTTON,Supreme Court Justice, Melton,,HAROLD D. MELTON ,244,45,157,42,0
Talbot,BOX SPRINGS,Supreme Court Justice, Melton,,HAROLD D. MELTON ,87,9,75,3,0
Talbot,FLINT HILL,Supreme Court Justice, Melton,,HAROLD D. MELTON ,239,7,212,19,1
Talbot,,Supreme Court Justice, Melton,,Write-in,2,2,0,0,0
Talbot,ONEAL,Supreme Court Justice, Melton,,Write-in,0,0,0,0,0
Talbot,VALLEY,Supreme Court Justice, Melton,,Write-in,0,0,0,0,0
Talbot,JUNCTION CITY,Supreme Court Justice, Melton,,Write-in,0,0,0,0,0
Talbot,GENEVA,Supreme Court Justice, Melton,,Write-in,1,1,0,0,0
Talbot,TALBOTTON,Supreme Court Justice, Melton,,Write-in,1,1,0,0,0
Talbot,BOX SPRINGS,Supreme Court Justice, Melton,,Write-in,0,0,0,0,0
Talbot,FLINT HILL,Supreme Court Justice, Melton,,Write-in,0,0,0,0,0
Talbot,,Supreme Court Justice, Thompson,,HUGH P. THOMPSON ,1088,127,851,109,1
Talbot,ONEAL,Supreme Court Justice, Thompson,,HUGH P. THOMPSON ,117,5,100,12,0
Talbot,VALLEY,Supreme Court Justice, Thompson,,HUGH P. THOMPSON ,153,7,133,13,0
Talbot,JUNCTION CITY,Supreme Court Justice, Thompson,,HUGH P. THOMPSON ,139,23,99,17,0
Talbot,GENEVA,Supreme Court Justice, Thompson,,HUGH P. THOMPSON ,116,33,79,4,0
Talbot,TALBOTTON,Supreme Court Justice, Thompson,,HUGH P. THOMPSON ,238,43,154,41,0
Talbot,BOX SPRINGS,Supreme Court Justice, Thompson,,HUGH P. THOMPSON ,86,9,74,3,0
Talbot,FLINT HILL,Supreme Court Justice, Thompson,,HUGH P. THOMPSON ,239,7,212,19,1
Talbot,,Supreme Court Justice, Thompson,,Write-in,0,0,0,0,0
Talbot,ONEAL,Supreme Court Justice, Thompson,,Write-in,0,0,0,0,0
Talbot,VALLEY,Supreme Court Justice, Thompson,,Write-in,0,0,0,0,0
Talbot,JUNCTION CITY,Supreme Court Justice, Thompson,,Write-in,0,0,0,0,0
Talbot,GENEVA,Supreme Court Justice, Thompson,,Write-in,0,0,0,0,0
Talbot,TALBOTTON,Supreme Court Justice, Thompson,,Write-in,0,0,0,0,0
Talbot,BOX SPRINGS,Supreme Court Justice, Thompson,,Write-in,0,0,0,0,0
Talbot,FLINT HILL,Supreme Court Justice, Thompson,,Write-in,0,0,0,0,0
Talbot,,Appeals Court Judge, Boggs,,MICHAEL P. BOGGS ,1059,123,828,107,1
Talbot,ONEAL,Appeals Court Judge, Boggs,,MICHAEL P. BOGGS ,112,5,94,13,0
Talbot,VALLEY,Appeals Court Judge, Boggs,,MICHAEL P. BOGGS ,154,7,135,12,0
Talbot,JUNCTION CITY,Appeals Court Judge, Boggs,,MICHAEL P. BOGGS ,135,23,96,16,0
Talbot,GENEVA,Appeals Court Judge, Boggs,,MICHAEL P. BOGGS ,112,31,78,3,0
Talbot,TALBOTTON,Appeals Court Judge, Boggs,,MICHAEL P. BOGGS ,232,42,148,42,0
Talbot,BOX SPRINGS,Appeals Court Judge, Boggs,,MICHAEL P. BOGGS ,83,8,72,3,0
Talbot,FLINT HILL,Appeals Court Judge, Boggs,,MICHAEL P. BOGGS ,231,7,205,18,1
Talbot,,Appeals Court Judge, Boggs,,Write-in,2,2,0,0,0
Talbot,ONEAL,Appeals Court Judge, Boggs,,Write-in,0,0,0,0,0
Talbot,VALLEY,Appeals Court Judge, Boggs,,Write-in,0,0,0,0,0
Talbot,JUNCTION CITY,Appeals Court Judge, Boggs,,Write-in,0,0,0,0,0
Talbot,GENEVA,Appeals Court Judge, Boggs,,Write-in,1,1,0,0,0
Talbot,TALBOTTON,Appeals Court Judge, Boggs,,Write-in,1,1,0,0,0
Talbot,BOX SPRINGS,Appeals Court Judge, Boggs,,Write-in,0,0,0,0,0
Talbot,FLINT HILL,Appeals Court Judge, Boggs,,Write-in,0,0,0,0,0
Talbot,,Appeals Court Judge, Dillard,,STEPHEN DILLARD ,1051,124,820,106,1
Talbot,ONEAL,Appeals Court Judge, Dillard,,STEPHEN DILLARD ,109,5,91,13,0
Talbot,VALLEY,Appeals Court Judge, Dillard,,STEPHEN DILLARD ,157,7,135,15,0
Talbot,JUNCTION CITY,Appeals Court Judge, Dillard,,STEPHEN DILLARD ,130,21,93,16,0
Talbot,GENEVA,Appeals Court Judge, Dillard,,STEPHEN DILLARD ,110,32,76,2,0
Talbot,TALBOTTON,Appeals Court Judge, Dillard,,STEPHEN DILLARD ,229,44,146,39,0
Talbot,BOX SPRINGS,Appeals Court Judge, Dillard,,STEPHEN DILLARD ,85,8,74,3,0
Talbot,FLINT HILL,Appeals Court Judge, Dillard,,STEPHEN DILLARD ,231,7,205,18,1
Talbot,,Appeals Court Judge, Dillard,,Write-in,2,2,0,0,0
Talbot,ONEAL,Appeals Court Judge, Dillard,,Write-in,0,0,0,0,0
Talbot,VALLEY,Appeals Court Judge, Dillard,,Write-in,0,0,0,0,0
Talbot,JUNCTION CITY,Appeals Court Judge, Dillard,,Write-in,0,0,0,0,0
Talbot,GENEVA,Appeals Court Judge, Dillard,,Write-in,1,1,0,0,0
Talbot,TALBOTTON,Appeals Court Judge, Dillard,,Write-in,1,1,0,0,0
Talbot,BOX SPRINGS,Appeals Court Judge, Dillard,,Write-in,0,0,0,0,0
Talbot,FLINT HILL,Appeals Court Judge, Dillard,,Write-in,0,0,0,0,0
Talbot,,Appeals Court Judge, Ellington,I,JOHN J. ELLINGTON,1054,122,822,109,1
Talbot,ONEAL,Appeals Court Judge, Ellington,I,JOHN J. ELLINGTON,112,5,94,13,0
Talbot,VALLEY,Appeals Court Judge, Ellington,I,JOHN J. ELLINGTON,154,7,133,14,0
Talbot,JUNCTION CITY,Appeals Court Judge, Ellington,I,JOHN J. ELLINGTON,130,22,92,16,0
Talbot,GENEVA,Appeals Court Judge, Ellington,I,JOHN J. ELLINGTON,109,30,77,2,0
Talbot,TALBOTTON,Appeals Court Judge, Ellington,I,JOHN J. ELLINGTON,235,42,151,42,0
Talbot,BOX SPRINGS,Appeals Court Judge, Ellington,I,JOHN J. ELLINGTON,86,9,74,3,0
Talbot,FLINT HILL,Appeals Court Judge, Ellington,I,JOHN J. ELLINGTON,228,7,201,19,1
Talbot,,Appeals Court Judge, Ellington,,Write-in,2,2,0,0,0
Talbot,ONEAL,Appeals Court Judge, Ellington,,Write-in,0,0,0,0,0
Talbot,VALLEY,Appeals Court Judge, Ellington,,Write-in,0,0,0,0,0
Talbot,JUNCTION CITY,Appeals Court Judge, Ellington,,Write-in,0,0,0,0,0
Talbot,GENEVA,Appeals Court Judge, Ellington,,Write-in,1,1,0,0,0
Talbot,TALBOTTON,Appeals Court Judge, Ellington,,Write-in,1,1,0,0,0
Talbot,BOX SPRINGS,Appeals Court Judge, Ellington,,Write-in,0,0,0,0,0
Talbot,FLINT HILL,Appeals Court Judge, Ellington,,Write-in,0,0,0,0,0
Talbot,,Appeals Court Judge, Miller,,M. YVETTE MILLER ,1044,120,817,106,1
Talbot,ONEAL,Appeals Court Judge, Miller,,M. YVETTE MILLER ,114,5,96,13,0
Talbot,VALLEY,Appeals Court Judge, Miller,,M. YVETTE MILLER ,152,7,133,12,0
Talbot,JUNCTION CITY,Appeals Court Judge, Miller,,M. YVETTE MILLER ,128,21,92,15,0
Talbot,GENEVA,Appeals Court Judge, Miller,,M. YVETTE MILLER ,112,30,79,3,0
Talbot,TALBOTTON,Appeals Court Judge, Miller,,M. YVETTE MILLER ,229,41,147,41,0
Talbot,BOX SPRINGS,Appeals Court Judge, Miller,,M. YVETTE MILLER ,86,9,74,3,0
Talbot,FLINT HILL,Appeals Court Judge, Miller,,M. YVETTE MILLER ,223,7,196,19,1
Talbot,,Appeals Court Judge, Miller,,Write-in,2,1,1,0,0
Talbot,ONEAL,Appeals Court Judge, Miller,,Write-in,0,0,0,0,0
Talbot,VALLEY,Appeals Court Judge, Miller,,Write-in,1,0,1,0,0
Talbot,JUNCTION CITY,Appeals Court Judge, Miller,,Write-in,0,0,0,0,0
Talbot,GENEVA,Appeals Court Judge, Miller,,Write-in,1,1,0,0,0
Talbot,TALBOTTON,Appeals Court Judge, Miller,,Write-in,0,0,0,0,0
Talbot,BOX SPRINGS,Appeals Court Judge, Miller,,Write-in,0,0,0,0,0
Talbot,FLINT HILL,Appeals Court Judge, Miller,,Write-in,0,0,0,0,0
Talbot,,Appeals Court Judge, Phipps,,HERBERT PHIPPS ,1044,115,822,106,1
Talbot,ONEAL,Appeals Court Judge, Phipps,,HERBERT PHIPPS ,111,5,93,13,0
Talbot,VALLEY,Appeals Court Judge, Phipps,,HERBERT PHIPPS ,151,7,132,12,0
Talbot,JUNCTION CITY,Appeals Court Judge, Phipps,,HERBERT PHIPPS ,129,20,94,15,0
Talbot,GENEVA,Appeals Court Judge, Phipps,,HERBERT PHIPPS ,108,28,77,3,0
Talbot,TALBOTTON,Appeals Court Judge, Phipps,,HERBERT PHIPPS ,230,40,148,42,0
Talbot,BOX SPRINGS,Appeals Court Judge, Phipps,,HERBERT PHIPPS ,85,8,74,3,0
Talbot,FLINT HILL,Appeals Court Judge, Phipps,,HERBERT PHIPPS ,230,7,204,18,1
Talbot,,Appeals Court Judge, Phipps,,Write-in,2,2,0,0,0
Talbot,ONEAL,Appeals Court Judge, Phipps,,Write-in,0,0,0,0,0
Talbot,VALLEY,Appeals Court Judge, Phipps,,Write-in,0,0,0,0,0
Talbot,JUNCTION CITY,Appeals Court Judge, Phipps,,Write-in,0,0,0,0,0
Talbot,GENEVA,Appeals Court Judge, Phipps,,Write-in,1,1,0,0,0
Talbot,TALBOTTON,Appeals Court Judge, Phipps,,Write-in,1,1,0,0,0
Talbot,BOX SPRINGS,Appeals Court Judge, Phipps,,Write-in,0,0,0,0,0
Talbot,FLINT HILL,Appeals Court Judge, Phipps,,Write-in,0,0,0,0,0
Talbot,,Superior Court Judge, Chattahoochee Circuit (Allen),,JOHN D. ALLEN ,1177,144,910,122,1
Talbot,ONEAL,Superior Court Judge, Chattahoochee Circuit (Allen),,JOHN D. ALLEN ,142,10,113,19,0
Talbot,VALLEY,Superior Court Judge, Chattahoochee Circuit (Allen),,JOHN D. ALLEN ,163,7,141,15,0
Talbot,JUNCTION CITY,Superior Court Judge, Chattahoochee Circuit (Allen),,JOHN D. ALLEN ,139,24,99,16,0
Talbot,GENEVA,Superior Court Judge, Chattahoochee Circuit (Allen),,JOHN D. ALLEN ,136,37,95,4,0
Talbot,TALBOTTON,Superior Court Judge, Chattahoochee Circuit (Allen),,JOHN D. ALLEN ,268,50,172,46,0
Talbot,BOX SPRINGS,Superior Court Judge, Chattahoochee Circuit (Allen),,JOHN D. ALLEN ,90,9,78,3,0
Talbot,FLINT HILL,Superior Court Judge, Chattahoochee Circuit (Allen),,JOHN D. ALLEN ,239,7,212,19,1
Talbot,,Superior Court Judge, Chattahoochee Circuit (Allen),,Write-in,3,3,0,0,0
Talbot,ONEAL,Superior Court Judge, Chattahoochee Circuit (Allen),,Write-in,0,0,0,0,0
Talbot,VALLEY,Superior Court Judge, Chattahoochee Circuit (Allen),,Write-in,0,0,0,0,0
Talbot,JUNCTION CITY,Superior Court Judge, Chattahoochee Circuit (Allen),,Write-in,0,0,0,0,0
Talbot,GENEVA,Superior Court Judge, Chattahoochee Circuit (Allen),,Write-in,1,1,0,0,0
Talbot,TALBOTTON,Superior Court Judge, Chattahoochee Circuit (Allen),,Write-in,2,2,0,0,0
Talbot,BOX SPRINGS,Superior Court Judge, Chattahoochee Circuit (Allen),,Write-in,0,0,0,0,0
Talbot,FLINT HILL,Superior Court Judge, Chattahoochee Circuit (Allen),,Write-in,0,0,0,0,0
Talbot,,Superior Court Judge, Chattahoochee Circuit (McBride),,GIL MCBRIDE ,1065,128,829,107,1
Talbot,ONEAL,Superior Court Judge, Chattahoochee Circuit (McBride),,GIL MCBRIDE ,113,5,94,14,0
Talbot,VALLEY,Superior Court Judge, Chattahoochee Circuit (McBride),,GIL MCBRIDE ,157,7,137,13,0
Talbot,JUNCTION CITY,Superior Court Judge, Chattahoochee Circuit (McBride),,GIL MCBRIDE ,133,23,95,15,0
Talbot,GENEVA,Superior Court Judge, Chattahoochee Circuit (McBride),,GIL MCBRIDE ,111,31,77,3,0
Talbot,TALBOTTON,Superior Court Judge, Chattahoochee Circuit (McBride),,GIL MCBRIDE ,235,46,149,40,0
Talbot,BOX SPRINGS,Superior Court Judge, Chattahoochee Circuit (McBride),,GIL MCBRIDE ,89,9,77,3,0
Talbot,FLINT HILL,Superior Court Judge, Chattahoochee Circuit (McBride),,GIL MCBRIDE ,227,7,200,19,1
Talbot,,Superior Court Judge, Chattahoochee Circuit (McBride),,Write-in,3,2,1,0,0
Talbot,ONEAL,Superior Court Judge, Chattahoochee Circuit (McBride),,Write-in,1,0,1,0,0
Talbot,VALLEY,Superior Court Judge, Chattahoochee Circuit (McBride),,Write-in,0,0,0,0,0
Talbot,JUNCTION CITY,Superior Court Judge, Chattahoochee Circuit (McBride),,Write-in,0,0,0,0,0
Talbot,GENEVA,Superior Court Judge, Chattahoochee Circuit (McBride),,Write-in,1,1,0,0,0
Talbot,TALBOTTON,Superior Court Judge, Chattahoochee Circuit (McBride),,Write-in,1,1,0,0,0
Talbot,BOX SPRINGS,Superior Court Judge, Chattahoochee Circuit (McBride),,Write-in,0,0,0,0,0
Talbot,FLINT HILL,Superior Court Judge, Chattahoochee Circuit (McBride),,Write-in,0,0,0,0,0
Talbot,,Superior Court Judge, Chattahoochee Circuit (Peters),,BOBBY G. PETERS ,1161,143,899,118,1
Talbot,ONEAL,Superior Court Judge, Chattahoochee Circuit (Peters),,BOBBY G. PETERS ,128,9,104,15,0
Talbot,VALLEY,Superior Court Judge, Chattahoochee Circuit (Peters),,BOBBY G. PETERS ,164,7,142,15,0
Talbot,JUNCTION CITY,Superior Court Judge, Chattahoochee Circuit (Peters),,BOBBY G. PETERS ,143,27,100,16,0
Talbot,GENEVA,Superior Court Judge, Chattahoochee Circuit (Peters),,BOBBY G. PETERS ,136,38,92,6,0
Talbot,TALBOTTON,Superior Court Judge, Chattahoochee Circuit (Peters),,BOBBY G. PETERS ,252,46,162,44,0
Talbot,BOX SPRINGS,Superior Court Judge, Chattahoochee Circuit (Peters),,BOBBY G. PETERS ,93,9,81,3,0
Talbot,FLINT HILL,Superior Court Judge, Chattahoochee Circuit (Peters),,BOBBY G. PETERS ,245,7,218,19,1
Talbot,,Superior Court Judge, Chattahoochee Circuit (Peters),,Write-in,2,1,1,0,0
Talbot,ONEAL,Superior Court Judge, Chattahoochee Circuit (Peters),,Write-in,0,0,0,0,0
Talbot,VALLEY,Superior Court Judge, Chattahoochee Circuit (Peters),,Write-in,0,0,0,0,0
Talbot,JUNCTION CITY,Superior Court Judge, Chattahoochee Circuit (Peters),,Write-in,0,0,0,0,0
Talbot,GENEVA,Superior Court Judge, Chattahoochee Circuit (Peters),,Write-in,0,0,0,0,0
Talbot,TALBOTTON,Superior Court Judge, Chattahoochee Circuit (Peters),,Write-in,2,1,1,0,0
Talbot,BOX SPRINGS,Superior Court Judge, Chattahoochee Circuit (Peters),,Write-in,0,0,0,0,0
Talbot,FLINT HILL,Superior Court Judge, Chattahoochee Circuit (Peters),,Write-in,0,0,0,0,0
Talbot,,Superior Court Judge, Chattahoochee Circuit (Rumer),,WILLIAM C. RUMER ,1027,121,799,106,1
Talbot,ONEAL,Superior Court Judge, Chattahoochee Circuit (Rumer),,WILLIAM C. RUMER ,112,6,92,14,0
Talbot,VALLEY,Superior Court Judge, Chattahoochee Circuit (Rumer),,WILLIAM C. RUMER ,152,7,132,13,0
Talbot,JUNCTION CITY,Superior Court Judge, Chattahoochee Circuit (Rumer),,WILLIAM C. RUMER ,127,21,90,16,0
Talbot,GENEVA,Superior Court Judge, Chattahoochee Circuit (Rumer),,WILLIAM C. RUMER ,105,29,73,3,0
Talbot,TALBOTTON,Superior Court Judge, Chattahoochee Circuit (Rumer),,WILLIAM C. RUMER ,222,42,141,39,0
Talbot,BOX SPRINGS,Superior Court Judge, Chattahoochee Circuit (Rumer),,WILLIAM C. RUMER ,86,9,74,3,0
Talbot,FLINT HILL,Superior Court Judge, Chattahoochee Circuit (Rumer),,WILLIAM C. RUMER ,223,7,197,18,1
Talbot,,Superior Court Judge, Chattahoochee Circuit (Rumer),,Write-in,2,2,0,0,0
Talbot,ONEAL,Superior Court Judge, Chattahoochee Circuit (Rumer),,Write-in,0,0,0,0,0
Talbot,VALLEY,Superior Court Judge, Chattahoochee Circuit (Rumer),,Write-in,0,0,0,0,0
Talbot,JUNCTION CITY,Superior Court Judge, Chattahoochee Circuit (Rumer),,Write-in,0,0,0,0,0
Talbot,GENEVA,Superior Court Judge, Chattahoochee Circuit (Rumer),,Write-in,1,1,0,0,0
Talbot,TALBOTTON,Superior Court Judge, Chattahoochee Circuit (Rumer),,Write-in,1,1,0,0,0
Talbot,BOX SPRINGS,Superior Court Judge, Chattahoochee Circuit (Rumer),,Write-in,0,0,0,0,0
Talbot,FLINT HILL,Superior Court Judge, Chattahoochee Circuit (Rumer),,Write-in,0,0,0,0,0
Talbot,,Superior Court Judge, Chattahoochee Circuit (Smith),,LARAE DIXON MOORE,747,105,558,84,0
Talbot,ONEAL,Superior Court Judge, Chattahoochee Circuit (Smith),,LARAE DIXON MOORE,76,7,58,11,0
Talbot,VALLEY,Superior Court Judge, Chattahoochee Circuit (Smith),,LARAE DIXON MOORE,88,1,77,10,0
Talbot,JUNCTION CITY,Superior Court Judge, Chattahoochee Circuit (Smith),,LARAE DIXON MOORE,85,16,60,9,0
Talbot,GENEVA,Superior Court Judge, Chattahoochee Circuit (Smith),,LARAE DIXON MOORE,90,25,63,2,0
Talbot,TALBOTTON,Superior Court Judge, Chattahoochee Circuit (Smith),,LARAE DIXON MOORE,238,50,145,43,0
Talbot,BOX SPRINGS,Superior Court Judge, Chattahoochee Circuit (Smith),,LARAE DIXON MOORE,33,1,31,1,0
Talbot,FLINT HILL,Superior Court Judge, Chattahoochee Circuit (Smith),,LARAE DIXON MOORE,137,5,124,8,0
Talbot,,Superior Court Judge, Chattahoochee Circuit (Smith),,ART SMITH ,667,87,515,64,1
Talbot,ONEAL,Superior Court Judge, Chattahoochee Circuit (Smith),,ART SMITH ,84,6,70,8,0
Talbot,VALLEY,Superior Court Judge, Chattahoochee Circuit (Smith),,ART SMITH ,105,7,92,6,0
Talbot,JUNCTION CITY,Superior Court Judge, Chattahoochee Circuit (Smith),,ART SMITH ,95,21,62,12,0
Talbot,GENEVA,Superior Court Judge, Chattahoochee Circuit (Smith),,ART SMITH ,69,22,43,4,0
Talbot,TALBOTTON,Superior Court Judge, Chattahoochee Circuit (Smith),,ART SMITH ,100,19,64,17,0
Talbot,BOX SPRINGS,Superior Court Judge, Chattahoochee Circuit (Smith),,ART SMITH ,70,10,58,2,0
Talbot,FLINT HILL,Superior Court Judge, Chattahoochee Circuit (Smith),,ART SMITH ,144,2,126,15,1
Talbot,,Superior Court Judge, Chattahoochee Circuit (Smith),,Write-in,1,1,0,0,0
Talbot,ONEAL,Superior Court Judge, Chattahoochee Circuit (Smith),,Write-in,0,0,0,0,0
Talbot,VALLEY,Superior Court Judge, Chattahoochee Circuit (Smith),,Write-in,0,0,0,0,0
Talbot,JUNCTION CITY,Superior Court Judge, Chattahoochee Circuit (Smith),,Write-in,0,0,0,0,0
Talbot,GENEVA,Superior Court Judge, Chattahoochee Circuit (Smith),,Write-in,1,1,0,0,0
Talbot,TALBOTTON,Superior Court Judge, Chattahoochee Circuit (Smith),,Write-in,0,0,0,0,0
Talbot,BOX SPRINGS,Superior Court Judge, Chattahoochee Circuit (Smith),,Write-in,0,0,0,0,0
Talbot,FLINT HILL,Superior Court Judge, Chattahoochee Circuit (Smith),,Write-in,0,0,0,0,0
Talbot,,TSPLOST,,,YES,1081,174,807,99,1
Talbot,ONEAL,TSPLOST,,,YES,119,9,97,13,0
Talbot,VALLEY,TSPLOST,,,YES,123,4,109,10,0
Talbot,JUNCTION CITY,TSPLOST,,,YES,140,35,100,5,0
Talbot,GENEVA,TSPLOST,,,YES,140,49,83,8,0
Talbot,TALBOTTON,TSPLOST,,,YES,312,67,195,50,0
Talbot,BOX SPRINGS,TSPLOST,,,YES,60,7,52,1,0
Talbot,FLINT HILL,TSPLOST,,,YES,187,3,171,12,1
Talbot,,TSPLOST,,,NO,592,47,468,77,0
Talbot,ONEAL,TSPLOST,,,NO,65,4,53,8,0
Talbot,VALLEY,TSPLOST,,,NO,105,8,90,7,0
Talbot,JUNCTION CITY,TSPLOST,,,NO,85,11,52,22,0
Talbot,GENEVA,TSPLOST,,,NO,53,5,45,3,0
Talbot,TALBOTTON,TSPLOST,,,NO,95,11,63,21,0
Talbot,BOX SPRINGS,TSPLOST,,,NO,52,4,45,3,0
Talbot,FLINT HILL,TSPLOST,,,NO,137,4,120,13,0
