county,precinct,office,district,party,candidate,votes,absentee_by_mail,election_day,advance_in_person,provisional
Bacon,,"Public Service Commission, District 3",3,REP,CHUCK EATON (I),1133,35,579,519,0
Bacon,Douglas,"Public Service Commission, District 3",3,REP,CHUCK EATON (I),567,26,239,302,0
Bacon,New Lacy,"Public Service Commission, District 3",3,REP,CHUCK EATON (I),223,2,138,83,0
Bacon,Taylor,"Public Service Commission, District 3",3,REP,CHUCK EATON (I),161,1,99,61,0
Bacon,Ware,"Public Service Commission, District 3",3,REP,CHUCK EATON (I),101,6,57,38,0
Bacon,Warnock,"Public Service Commission, District 3",3,REP,CHUCK EATON (I),81,0,46,35,0
Bacon,,"Public Service Commission, District 3",3,REP,MATT REID,622,9,355,258,0
Bacon,Douglas,"Public Service Commission, District 3",3,REP,MATT REID,281,5,138,138,0
Bacon,New Lacy,"Public Service Commission, District 3",3,REP,MATT REID,106,0,71,35,0
Bacon,Taylor,"Public Service Commission, District 3",3,REP,MATT REID,122,2,62,58,0
Bacon,Ware,"Public Service Commission, District 3",3,REP,MATT REID,60,2,43,15,0
Bacon,Warnock,"Public Service Commission, District 3",3,REP,MATT REID,53,0,41,12,0
Bacon,,"Public Service Commission, District 3",3,DEM,STEPHEN OPPENHEIMER,154,3,101,50,0
Bacon,Douglas,"Public Service Commission, District 3",3,DEM,STEPHEN OPPENHEIMER,95,1,57,37,0
Bacon,New Lacy,"Public Service Commission, District 3",3,DEM,STEPHEN OPPENHEIMER,30,1,26,3,0
Bacon,Taylor,"Public Service Commission, District 3",3,DEM,STEPHEN OPPENHEIMER,8,0,5,3,0
Bacon,Ware,"Public Service Commission, District 3",3,DEM,STEPHEN OPPENHEIMER,11,1,6,4,0
Bacon,Warnock,"Public Service Commission, District 3",3,DEM,STEPHEN OPPENHEIMER,10,0,7,3,0
Bacon,,"Public Service Commission, District 5",5,REP,PAM DAVIDSON,705,22,375,308,0
Bacon,Douglas,"Public Service Commission, District 5",5,REP,PAM DAVIDSON,343,16,156,171,0
Bacon,New Lacy,"Public Service Commission, District 5",5,REP,PAM DAVIDSON,120,0,77,43,0
Bacon,Taylor,"Public Service Commission, District 5",5,REP,PAM DAVIDSON,119,3,58,58,0
Bacon,Ware,"Public Service Commission, District 5",5,REP,PAM DAVIDSON,66,3,42,21,0
Bacon,Warnock,"Public Service Commission, District 5",5,REP,PAM DAVIDSON,57,0,42,15,0
Bacon,,"Public Service Commission, District 5",5,REP,STAN WISE (I),985,24,525,436,0
Bacon,Douglas,"Public Service Commission, District 5",5,REP,STAN WISE (I),479,17,215,247,0
Bacon,New Lacy,"Public Service Commission, District 5",5,REP,STAN WISE (I),190,2,124,64,0
Bacon,Taylor,"Public Service Commission, District 5",5,REP,STAN WISE (I),150,0,91,59,0
Bacon,Ware,"Public Service Commission, District 5",5,REP,STAN WISE (I),93,5,54,34,0
Bacon,Warnock,"Public Service Commission, District 5",5,REP,STAN WISE (I),73,0,41,32,0
Bacon,,"U.S. Representative, District 1",1,REP,JACK KINGSTON (I),1730,45,910,775,0
Bacon,Douglas,"U.S. Representative, District 1",1,REP,JACK KINGSTON (I),848,34,381,433,0
Bacon,New Lacy,"U.S. Representative, District 1",1,REP,JACK KINGSTON (I),315,2,195,118,0
Bacon,Taylor,"U.S. Representative, District 1",1,REP,JACK KINGSTON (I),266,2,143,121,0
Bacon,Ware,"U.S. Representative, District 1",1,REP,JACK KINGSTON (I),167,7,107,53,0
Bacon,Warnock,"U.S. Representative, District 1",1,REP,JACK KINGSTON (I),134,0,84,50,0
Bacon,,"U.S. Representative, District 1",1,DEM,LESLI RAE MESSINGER,90,2,54,34,0
Bacon,Douglas,"U.S. Representative, District 1",1,DEM,LESLI RAE MESSINGER,60,0,37,23,0
Bacon,New Lacy,"U.S. Representative, District 1",1,DEM,LESLI RAE MESSINGER,15,0,11,4,0
Bacon,Taylor,"U.S. Representative, District 1",1,DEM,LESLI RAE MESSINGER,4,0,1,3,0
Bacon,Ware,"U.S. Representative, District 1",1,DEM,LESLI RAE MESSINGER,8,2,2,4,0
Bacon,Warnock,"U.S. Representative, District 1",1,DEM,LESLI RAE MESSINGER,3,0,3,0,0
Bacon,,"U.S. Representative, District 1",1,DEM,NATHAN C. RUSSO,91,2,64,25,0
Bacon,Douglas,"U.S. Representative, District 1",1,DEM,NATHAN C. RUSSO,53,1,34,18,0
Bacon,New Lacy,"U.S. Representative, District 1",1,DEM,NATHAN C. RUSSO,19,1,17,1,0
Bacon,Taylor,"U.S. Representative, District 1",1,DEM,NATHAN C. RUSSO,6,0,4,2,0
Bacon,Ware,"U.S. Representative, District 1",1,DEM,NATHAN C. RUSSO,6,0,5,1,0
Bacon,Warnock,"U.S. Representative, District 1",1,DEM,NATHAN C. RUSSO,7,0,4,3,0
Bacon,,"State Senator, District 7",7,REP,TYLER HARPER,1418,32,760,626,0
Bacon,Douglas,"State Senator, District 7",7,REP,TYLER HARPER,680,22,307,351,0
Bacon,New Lacy,"State Senator, District 7",7,REP,TYLER HARPER,301,1,196,104,0
Bacon,Taylor,"State Senator, District 7",7,REP,TYLER HARPER,223,2,125,96,0
Bacon,Ware,"State Senator, District 7",7,REP,TYLER HARPER,120,7,80,33,0
Bacon,Warnock,"State Senator, District 7",7,REP,TYLER HARPER,94,0,52,42,0
Bacon,,"State Senator, District 7",7,REP,MARK HATFIELD,506,18,274,214,0
Bacon,Douglas,"State Senator, District 7",7,REP,MARK HATFIELD,256,14,117,125,0
Bacon,New Lacy,"State Senator, District 7",7,REP,MARK HATFIELD,62,1,35,26,0
Bacon,Taylor,"State Senator, District 7",7,REP,MARK HATFIELD,84,2,52,30,0
Bacon,Ware,"State Senator, District 7",7,REP,MARK HATFIELD,58,1,35,22,0
Bacon,Warnock,"State Senator, District 7",7,REP,MARK HATFIELD,46,0,35,11,0
Bacon,,"State Senator, District 7",7,REP,RODNEY VICKERS,133,0,70,63,0
Bacon,Douglas,"State Senator, District 7",7,REP,RODNEY VICKERS,60,0,29,31,0
Bacon,New Lacy,"State Senator, District 7",7,REP,RODNEY VICKERS,14,0,8,6,0
Bacon,Taylor,"State Senator, District 7",7,REP,RODNEY VICKERS,32,0,16,16,0
Bacon,Ware,"State Senator, District 7",7,REP,RODNEY VICKERS,8,0,3,5,0
Bacon,Warnock,"State Senator, District 7",7,REP,RODNEY VICKERS,19,0,14,5,0
Bacon,,"State Senator, District 7",7,DEM,DONALD MITCHELL,152,2,103,47,0
Bacon,Douglas,"State Senator, District 7",7,DEM,DONALD MITCHELL,94,1,60,33,0
Bacon,New Lacy,"State Senator, District 7",7,DEM,DONALD MITCHELL,30,1,25,4,0
Bacon,Taylor,"State Senator, District 7",7,DEM,DONALD MITCHELL,7,0,4,3,0
Bacon,Ware,"State Senator, District 7",7,DEM,DONALD MITCHELL,10,0,6,4,0
Bacon,Warnock,"State Senator, District 7",7,DEM,DONALD MITCHELL,11,0,8,3,0
Bacon,,"State Representative, District 169",169,REP,DARWIN CARTER,979,17,534,428,0
Bacon,Douglas,"State Representative, District 169",169,REP,DARWIN CARTER,474,12,204,258,0
Bacon,New Lacy,"State Representative, District 169",169,REP,DARWIN CARTER,176,2,114,60,0
Bacon,Taylor,"State Representative, District 169",169,REP,DARWIN CARTER,147,0,92,55,0
Bacon,Ware,"State Representative, District 169",169,REP,DARWIN CARTER,106,3,71,32,0
Bacon,Warnock,"State Representative, District 169",169,REP,DARWIN CARTER,76,0,53,23,0
Bacon,,"State Representative, District 169",169,REP,CHUCK SIMS (I),1052,35,552,465,0
Bacon,Douglas,"State Representative, District 169",169,REP,CHUCK SIMS (I),513,26,238,249,0
Bacon,New Lacy,"State Representative, District 169",169,REP,CHUCK SIMS (I),193,0,123,70,0
Bacon,Taylor,"State Representative, District 169",169,REP,CHUCK SIMS (I),193,4,101,88,0
Bacon,Ware,"State Representative, District 169",169,REP,CHUCK SIMS (I),76,5,44,27,0
Bacon,Warnock,"State Representative, District 169",169,REP,CHUCK SIMS (I),77,0,46,31,0
Bacon,,"CLERK, SUPERIOR COURT", SUPERIOR COURT - R,,SHERRY L. TILLMAN,1833,48,975,810,0
Bacon,Douglas,"CLERK, SUPERIOR COURT", SUPERIOR COURT - R,,SHERRY L. TILLMAN,888,36,403,449,0
Bacon,New Lacy,"CLERK, SUPERIOR COURT", SUPERIOR COURT - R,,SHERRY L. TILLMAN,347,2,215,130,0
Bacon,Taylor,"CLERK, SUPERIOR COURT", SUPERIOR COURT - R,,SHERRY L. TILLMAN,286,2,158,126,0
Bacon,Ware,"CLERK, SUPERIOR COURT", SUPERIOR COURT - R,,SHERRY L. TILLMAN,170,8,107,55,0
Bacon,Warnock,"CLERK, SUPERIOR COURT", SUPERIOR COURT - R,,SHERRY L. TILLMAN,142,0,92,50,0
Bacon,,SHERIFF,,,RICHARD R. FOSKEY,1521,31,800,690,0
Bacon,Douglas,SHERIFF,,,RICHARD R. FOSKEY,752,24,339,389,0
Bacon,New Lacy,SHERIFF,,,RICHARD R. FOSKEY,294,2,176,116,0
Bacon,Taylor,SHERIFF,,,RICHARD R. FOSKEY,224,2,125,97,0
Bacon,Ware,SHERIFF,,,RICHARD R. FOSKEY,128,3,81,44,0
Bacon,Warnock,SHERIFF,,,RICHARD R. FOSKEY,123,0,79,44,0
Bacon,,SHERIFF,,,TERRY MEDDERS,233,3,162,68,0
Bacon,Douglas,SHERIFF,,,TERRY MEDDERS,145,2,94,49,0
Bacon,New Lacy,SHERIFF,,,TERRY MEDDERS,43,1,36,6,0
Bacon,Taylor,SHERIFF,,,TERRY MEDDERS,8,0,6,2,0
Bacon,Ware,SHERIFF,,,TERRY MEDDERS,19,0,13,6,0
Bacon,Warnock,SHERIFF,,,TERRY MEDDERS,18,0,13,5,0
Bacon,,TAX COMMISSIONER,,,BILL JOHNSON ,1706,46,898,762,0
Bacon,Douglas,TAX COMMISSIONER,,,BILL JOHNSON ,818,38,360,420,0
Bacon,New Lacy,TAX COMMISSIONER,,,BILL JOHNSON ,321,1,197,123,0
Bacon,Taylor,TAX COMMISSIONER,,,BILL JOHNSON ,265,1,154,110,0
Bacon,Ware,TAX COMMISSIONER,,,BILL JOHNSON ,160,6,98,56,0
Bacon,Warnock,TAX COMMISSIONER,,,BILL JOHNSON ,142,0,89,53,0
Bacon,,TAX COMMISSIONER,,,WINDLE THOMAS,458,11,257,190,0
Bacon,Douglas,TAX COMMISSIONER,,,WINDLE THOMAS,238,5,120,113,0
Bacon,New Lacy,TAX COMMISSIONER,,,WINDLE THOMAS,66,1,43,22,0
Bacon,Taylor,TAX COMMISSIONER,,,WINDLE THOMAS,95,3,51,41,0
Bacon,Ware,TAX COMMISSIONER,,,WINDLE THOMAS,38,2,29,7,0
Bacon,Warnock,TAX COMMISSIONER,,,WINDLE THOMAS,21,0,14,7,0
Bacon,,SURVEYOR,,,EVERETT TOMBERLIN,1694,37,912,745,0
Bacon,Douglas,SURVEYOR,,,EVERETT TOMBERLIN,797,28,365,404,0
Bacon,New Lacy,SURVEYOR,,,EVERETT TOMBERLIN,327,2,203,122,0
Bacon,Taylor,SURVEYOR,,,EVERETT TOMBERLIN,265,0,150,115,0
Bacon,Ware,SURVEYOR,,,EVERETT TOMBERLIN,167,7,106,54,0
Bacon,Warnock,SURVEYOR,,,EVERETT TOMBERLIN,138,0,88,50,0
Bacon,,CORONER,,,VIC PEACOCK,1565,42,839,684,0
Bacon,Douglas,CORONER,,,VIC PEACOCK,733,32,337,364,0
Bacon,New Lacy,CORONER,,,VIC PEACOCK,302,2,184,116,0
Bacon,Taylor,CORONER,,,VIC PEACOCK,245,2,139,104,0
Bacon,Ware,CORONER,,,VIC PEACOCK,153,6,96,51,0
Bacon,Warnock,CORONER,,,VIC PEACOCK,132,0,83,49,0
Bacon,,SOLICITOR,,,DAVID MCCREA ,160,3,103,54,0
Bacon,Douglas,SOLICITOR,,,DAVID MCCREA ,100,2,60,38,0
Bacon,New Lacy,SOLICITOR,,,DAVID MCCREA ,30,1,25,4,0
Bacon,Taylor,SOLICITOR,,,DAVID MCCREA ,7,0,4,3,0
Bacon,Ware,SOLICITOR,,,DAVID MCCREA ,13,0,8,5,0
Bacon,Warnock,SOLICITOR,,,DAVID MCCREA ,10,0,6,4,0
Bacon,,CHAIR CC,,,GENE DAVIS,641,29,341,271,0
Bacon,Douglas,CHAIR CC,,,GENE DAVIS,289,23,123,143,0
Bacon,New Lacy,CHAIR CC,,,GENE DAVIS,122,0,74,48,0
Bacon,Taylor,CHAIR CC,,,GENE DAVIS,117,1,70,46,0
Bacon,Ware,CHAIR CC,,,GENE DAVIS,52,5,35,12,0
Bacon,Warnock,CHAIR CC,,,GENE DAVIS,61,0,39,22,0
Bacon,,CHAIR CC,,,EUGENE DYAL,443,8,215,220,0
Bacon,Douglas,CHAIR CC,,,EUGENE DYAL,263,7,112,144,0
Bacon,New Lacy,CHAIR CC,,,EUGENE DYAL,71,1,40,30,0
Bacon,Taylor,CHAIR CC,,,EUGENE DYAL,58,0,32,26,0
Bacon,Ware,CHAIR CC,,,EUGENE DYAL,36,0,20,16,0
Bacon,Warnock,CHAIR CC,,,EUGENE DYAL,15,0,11,4,0
Bacon,,CHAIR CC,,,ANTHONY W. HUTTO,1129,19,622,488,0
Bacon,Douglas,CHAIR CC,,,ANTHONY W. HUTTO,529,12,253,264,0
Bacon,New Lacy,CHAIR CC,,,ANTHONY W. HUTTO,206,1,134,71,0
Bacon,Taylor,CHAIR CC,,,ANTHONY W. HUTTO,193,3,107,83,0
Bacon,Ware,CHAIR CC,,,ANTHONY W. HUTTO,112,3,73,36,0
Bacon,Warnock,CHAIR CC,,,ANTHONY W. HUTTO,89,0,55,34,0
Bacon,,"CC, D2", D2 - D,,LEE A. HAGANS ,72,1,42,29,0
Bacon,Douglas,"CC, D2", D2 - D,,LEE A. HAGANS ,72,1,42,29,0
Bacon,,"CC, D5", D5 - R,,BROUGHTON LEE ,141,4,70,67,0
Bacon,Douglas,"CC, D5", D5 - R,,BROUGHTON LEE ,87,1,38,48,0
Bacon,Ware,"CC, D5", D5 - R,,BROUGHTON LEE ,54,3,32,19,0
Bacon,,"CC, D5", D5 - R,,"W.M. ""BILL"" MARTIN",91,15,40,36,0
Bacon,Douglas,"CC, D5", D5 - R,,"W.M. ""BILL"" MARTIN",62,12,24,26,0
Bacon,Ware,"CC, D5", D5 - R,,"W.M. ""BILL"" MARTIN",29,3,16,10,0
Bacon,,"CC, D5", D5 - R,,JACKIE L. MCLEAN,65,2,31,32,0
Bacon,Douglas,"CC, D5", D5 - R,,JACKIE L. MCLEAN,51,2,24,25,0
Bacon,Ware,"CC, D5", D5 - R,,JACKIE L. MCLEAN,14,0,7,7,0
Bacon,,"CC, D5", D5 - R,,JOHN ROTHANZL,84,2,54,28,0
Bacon,Douglas,"CC, D5", D5 - R,,JOHN ROTHANZL,45,1,30,14,0
Bacon,Ware,"CC, D5", D5 - R,,JOHN ROTHANZL,39,1,24,14,0
Bacon,,"CC, D5", D5 - R,,LARRY SMITH,110,2,65,43,0
Bacon,Douglas,"CC, D5", D5 - R,,LARRY SMITH,46,1,16,29,0
Bacon,Ware,"CC, D5", D5 - R,,LARRY SMITH,64,1,49,14,0
Bacon,,"CC, D5", D5 - D,,RODNEY MULLIS,34,2,17,15,0
Bacon,Douglas,"CC, D5", D5 - D,,RODNEY MULLIS,22,1,10,11,0
Bacon,Ware,"CC, D5", D5 - D,,RODNEY MULLIS,12,1,7,4,0
Bacon,,Republican Party Question 1<br>Should Georgia have casino gambling with funds going to education?,,REP,YES,1048,29,586,433,0
Bacon,Douglas,Republican Party Question 1<br>Should Georgia have casino gambling with funds going to education?,,REP,YES,525,24,259,242,0
Bacon,New Lacy,Republican Party Question 1<br>Should Georgia have casino gambling with funds going to education?,,REP,YES,202,1,129,72,0
Bacon,Taylor,Republican Party Question 1<br>Should Georgia have casino gambling with funds going to education?,,REP,YES,160,2,93,65,0
Bacon,Ware,Republican Party Question 1<br>Should Georgia have casino gambling with funds going to education?,,REP,YES,84,2,57,25,0
Bacon,Warnock,Republican Party Question 1<br>Should Georgia have casino gambling with funds going to education?,,REP,YES,77,0,48,29,0
Bacon,,Republican Party Question 1<br>Should Georgia have casino gambling with funds going to education?,,REP,NO,1069,24,541,504,0
Bacon,Douglas,Republican Party Question 1<br>Should Georgia have casino gambling with funds going to education?,,REP,NO,508,16,209,283,0
Bacon,New Lacy,Republican Party Question 1<br>Should Georgia have casino gambling with funds going to education?,,REP,NO,180,1,108,71,0
Bacon,Taylor,Republican Party Question 1<br>Should Georgia have casino gambling with funds going to education?,,REP,NO,189,2,106,81,0
Bacon,Ware,Republican Party Question 1<br>Should Georgia have casino gambling with funds going to education?,,REP,NO,107,5,64,38,0
Bacon,Warnock,Republican Party Question 1<br>Should Georgia have casino gambling with funds going to education?,,REP,NO,85,0,54,31,0
Bacon,,Republican Party Question 2<br>Do you support ending the current practice of unlimited gifts from lobbyists to state legislators by imposing a $100 cap on such gifts?,,REP,YES,1644,41,883,720,0
Bacon,Douglas,Republican Party Question 2<br>Do you support ending the current practice of unlimited gifts from lobbyists to state legislators by imposing a $100 cap on such gifts?,,REP,YES,783,30,358,395,0
Bacon,New Lacy,Republican Party Question 2<br>Do you support ending the current practice of unlimited gifts from lobbyists to state legislators by imposing a $100 cap on such gifts?,,REP,YES,293,2,184,107,0
Bacon,Taylor,Republican Party Question 2<br>Do you support ending the current practice of unlimited gifts from lobbyists to state legislators by imposing a $100 cap on such gifts?,,REP,YES,292,3,162,127,0
Bacon,Ware,Republican Party Question 2<br>Do you support ending the current practice of unlimited gifts from lobbyists to state legislators by imposing a $100 cap on such gifts?,,REP,YES,144,6,92,46,0
Bacon,Warnock,Republican Party Question 2<br>Do you support ending the current practice of unlimited gifts from lobbyists to state legislators by imposing a $100 cap on such gifts?,,REP,YES,132,0,87,45,0
Bacon,,Republican Party Question 2<br>Do you support ending the current practice of unlimited gifts from lobbyists to state legislators by imposing a $100 cap on such gifts?,,REP,NO,387,11,199,177,0
Bacon,Douglas,Republican Party Question 2<br>Do you support ending the current practice of unlimited gifts from lobbyists to state legislators by imposing a $100 cap on such gifts?,,REP,NO,195,8,87,100,0
Bacon,New Lacy,Republican Party Question 2<br>Do you support ending the current practice of unlimited gifts from lobbyists to state legislators by imposing a $100 cap on such gifts?,,REP,NO,72,0,45,27,0
Bacon,Taylor,Republican Party Question 2<br>Do you support ending the current practice of unlimited gifts from lobbyists to state legislators by imposing a $100 cap on such gifts?,,REP,NO,50,1,28,21,0
Bacon,Ware,Republican Party Question 2<br>Do you support ending the current practice of unlimited gifts from lobbyists to state legislators by imposing a $100 cap on such gifts?,,REP,NO,46,2,28,16,0
Bacon,Warnock,Republican Party Question 2<br>Do you support ending the current practice of unlimited gifts from lobbyists to state legislators by imposing a $100 cap on such gifts?,,REP,NO,24,0,11,13,0
Bacon,,Republican Party Question 3<br>Should active duty military personnel who are under the age of 21 be allowed to obtain a Georgia weapons license?,,REP,YES,1438,37,779,622,0
Bacon,Douglas,Republican Party Question 3<br>Should active duty military personnel who are under the age of 21 be allowed to obtain a Georgia weapons license?,,REP,YES,659,24,299,336,0
Bacon,New Lacy,Republican Party Question 3<br>Should active duty military personnel who are under the age of 21 be allowed to obtain a Georgia weapons license?,,REP,YES,286,1,179,106,0
Bacon,Taylor,Republican Party Question 3<br>Should active duty military personnel who are under the age of 21 be allowed to obtain a Georgia weapons license?,,REP,YES,244,4,134,106,0
Bacon,Ware,Republican Party Question 3<br>Should active duty military personnel who are under the age of 21 be allowed to obtain a Georgia weapons license?,,REP,YES,140,8,95,37,0
Bacon,Warnock,Republican Party Question 3<br>Should active duty military personnel who are under the age of 21 be allowed to obtain a Georgia weapons license?,,REP,YES,109,0,72,37,0
Bacon,,Republican Party Question 3<br>Should active duty military personnel who are under the age of 21 be allowed to obtain a Georgia weapons license?,,REP,NO,639,16,323,300,0
Bacon,Douglas,Republican Party Question 3<br>Should active duty military personnel who are under the age of 21 be allowed to obtain a Georgia weapons license?,,REP,NO,346,15,155,176,0
Bacon,New Lacy,Republican Party Question 3<br>Should active duty military personnel who are under the age of 21 be allowed to obtain a Georgia weapons license?,,REP,NO,93,1,56,36,0
Bacon,Taylor,Republican Party Question 3<br>Should active duty military personnel who are under the age of 21 be allowed to obtain a Georgia weapons license?,,REP,NO,99,0,58,41,0
Bacon,Ware,Republican Party Question 3<br>Should active duty military personnel who are under the age of 21 be allowed to obtain a Georgia weapons license?,,REP,NO,53,0,27,26,0
Bacon,Warnock,Republican Party Question 3<br>Should active duty military personnel who are under the age of 21 be allowed to obtain a Georgia weapons license?,,REP,NO,48,0,27,21,0
Bacon,,Republican Party Question 4<br>Should Citizens who wish to vote in a primary election be required to register by their political party affiliation at least thirty (30) days prior to such primary election?,,REP,YES,1011,31,494,486,0
Bacon,Douglas,Republican Party Question 4<br>Should Citizens who wish to vote in a primary election be required to register by their political party affiliation at least thirty (30) days prior to such primary election?,,REP,YES,502,22,206,274,0
Bacon,New Lacy,Republican Party Question 4<br>Should Citizens who wish to vote in a primary election be required to register by their political party affiliation at least thirty (30) days prior to such primary election?,,REP,YES,184,2,101,81,0
Bacon,Taylor,Republican Party Question 4<br>Should Citizens who wish to vote in a primary election be required to register by their political party affiliation at least thirty (30) days prior to such primary election?,,REP,YES,156,2,83,71,0
Bacon,Ware,Republican Party Question 4<br>Should Citizens who wish to vote in a primary election be required to register by their political party affiliation at least thirty (30) days prior to such primary election?,,REP,YES,97,5,62,30,0
Bacon,Warnock,Republican Party Question 4<br>Should Citizens who wish to vote in a primary election be required to register by their political party affiliation at least thirty (30) days prior to such primary election?,,REP,YES,72,0,42,30,0
Bacon,,Republican Party Question 4<br>Should Citizens who wish to vote in a primary election be required to register by their political party affiliation at least thirty (30) days prior to such primary election?,,REP,NO,1015,21,584,410,0
Bacon,Douglas,Republican Party Question 4<br>Should Citizens who wish to vote in a primary election be required to register by their political party affiliation at least thirty (30) days prior to such primary election?,,REP,NO,480,16,240,224,0
Bacon,New Lacy,Republican Party Question 4<br>Should Citizens who wish to vote in a primary election be required to register by their political party affiliation at least thirty (30) days prior to such primary election?,,REP,NO,184,0,128,56,0
Bacon,Taylor,Republican Party Question 4<br>Should Citizens who wish to vote in a primary election be required to register by their political party affiliation at least thirty (30) days prior to such primary election?,,REP,NO,172,2,99,71,0
Bacon,Ware,Republican Party Question 4<br>Should Citizens who wish to vote in a primary election be required to register by their political party affiliation at least thirty (30) days prior to such primary election?,,REP,NO,92,3,58,31,0
Bacon,Warnock,Republican Party Question 4<br>Should Citizens who wish to vote in a primary election be required to register by their political party affiliation at least thirty (30) days prior to such primary election?,,REP,NO,87,0,59,28,0
Bacon,,Republican Party Question 5 <br>Life Amendment Question,,REP,YES,1458,37,760,661,0
Bacon,Douglas,Republican Party Question 5 <br>Life Amendment Question,,REP,YES,704,27,312,365,0
Bacon,New Lacy,Republican Party Question 5 <br>Life Amendment Question,,REP,YES,255,2,153,100,0
Bacon,Taylor,Republican Party Question 5 <br>Life Amendment Question,,REP,YES,254,2,145,107,0
Bacon,Ware,Republican Party Question 5 <br>Life Amendment Question,,REP,YES,136,6,84,46,0
Bacon,Warnock,Republican Party Question 5 <br>Life Amendment Question,,REP,YES,109,0,66,43,0
Bacon,,Republican Party Question 5 <br>Life Amendment Question,,REP,NO,423,7,239,177,0
Bacon,Douglas,Republican Party Question 5 <br>Life Amendment Question,,REP,NO,207,6,96,105,0
Bacon,New Lacy,Republican Party Question 5 <br>Life Amendment Question,,REP,NO,82,0,60,22,0
Bacon,Taylor,Republican Party Question 5 <br>Life Amendment Question,,REP,NO,56,0,31,25,0
Bacon,Ware,Republican Party Question 5 <br>Life Amendment Question,,REP,NO,40,1,26,13,0
Bacon,Warnock,Republican Party Question 5 <br>Life Amendment Question,,REP,NO,38,0,26,12,0
Bacon,,Democratic Party Question 1<br>Should the Georgia Constitution be amended to allow the state to override locally-elected school boards’ decisions when it comes to the creation of charter schools in your county or city?,,DEM,YES,141,2,93,46,0
Bacon,Douglas,Democratic Party Question 1<br>Should the Georgia Constitution be amended to allow the state to override locally-elected school boards’ decisions when it comes to the creation of charter schools in your county or city?,,DEM,YES,93,1,57,35,0
Bacon,New Lacy,Democratic Party Question 1<br>Should the Georgia Constitution be amended to allow the state to override locally-elected school boards’ decisions when it comes to the creation of charter schools in your county or city?,,DEM,YES,26,1,21,4,0
Bacon,Taylor,Democratic Party Question 1<br>Should the Georgia Constitution be amended to allow the state to override locally-elected school boards’ decisions when it comes to the creation of charter schools in your county or city?,,DEM,YES,4,0,1,3,0
Bacon,Ware,Democratic Party Question 1<br>Should the Georgia Constitution be amended to allow the state to override locally-elected school boards’ decisions when it comes to the creation of charter schools in your county or city?,,DEM,YES,11,0,9,2,0
Bacon,Warnock,Democratic Party Question 1<br>Should the Georgia Constitution be amended to allow the state to override locally-elected school boards’ decisions when it comes to the creation of charter schools in your county or city?,,DEM,YES,7,0,5,2,0
Bacon,,Democratic Party Question 1<br>Should the Georgia Constitution be amended to allow the state to override locally-elected school boards’ decisions when it comes to the creation of charter schools in your county or city?,,DEM,NO,116,3,74,39,0
Bacon,Douglas,Democratic Party Question 1<br>Should the Georgia Constitution be amended to allow the state to override locally-elected school boards’ decisions when it comes to the creation of charter schools in your county or city?,,DEM,NO,64,1,38,25,0
Bacon,New Lacy,Democratic Party Question 1<br>Should the Georgia Constitution be amended to allow the state to override locally-elected school boards’ decisions when it comes to the creation of charter schools in your county or city?,,DEM,NO,22,0,17,5,0
Bacon,Taylor,Democratic Party Question 1<br>Should the Georgia Constitution be amended to allow the state to override locally-elected school boards’ decisions when it comes to the creation of charter schools in your county or city?,,DEM,NO,10,0,7,3,0
Bacon,Ware,Democratic Party Question 1<br>Should the Georgia Constitution be amended to allow the state to override locally-elected school boards’ decisions when it comes to the creation of charter schools in your county or city?,,DEM,NO,10,2,4,4,0
Bacon,Warnock,Democratic Party Question 1<br>Should the Georgia Constitution be amended to allow the state to override locally-elected school boards’ decisions when it comes to the creation of charter schools in your county or city?,,DEM,NO,10,0,8,2,0
Bacon,,Democratic Party Question 2<br>Do you support ending current practice permitting unlimited gifts from lobbyists to state legislators?,,DEM,YES,168,4,109,55,0
Bacon,Douglas,Democratic Party Question 2<br>Do you support ending current practice permitting unlimited gifts from lobbyists to state legislators?,,DEM,YES,102,1,60,41,0
Bacon,New Lacy,Democratic Party Question 2<br>Do you support ending current practice permitting unlimited gifts from lobbyists to state legislators?,,DEM,YES,32,1,26,5,0
Bacon,Taylor,Democratic Party Question 2<br>Do you support ending current practice permitting unlimited gifts from lobbyists to state legislators?,,DEM,YES,8,0,5,3,0
Bacon,Ware,Democratic Party Question 2<br>Do you support ending current practice permitting unlimited gifts from lobbyists to state legislators?,,DEM,YES,13,2,8,3,0
Bacon,Warnock,Democratic Party Question 2<br>Do you support ending current practice permitting unlimited gifts from lobbyists to state legislators?,,DEM,YES,13,0,10,3,0
Bacon,,Democratic Party Question 2<br>Do you support ending current practice permitting unlimited gifts from lobbyists to state legislators?,,DEM,NO,87,1,57,29,0
Bacon,Douglas,Democratic Party Question 2<br>Do you support ending current practice permitting unlimited gifts from lobbyists to state legislators?,,DEM,NO,56,1,37,18,0
Bacon,New Lacy,Democratic Party Question 2<br>Do you support ending current practice permitting unlimited gifts from lobbyists to state legislators?,,DEM,NO,16,0,12,4,0
Bacon,Taylor,Democratic Party Question 2<br>Do you support ending current practice permitting unlimited gifts from lobbyists to state legislators?,,DEM,NO,6,0,3,3,0
Bacon,Ware,Democratic Party Question 2<br>Do you support ending current practice permitting unlimited gifts from lobbyists to state legislators?,,DEM,NO,6,0,3,3,0
Bacon,Warnock,Democratic Party Question 2<br>Do you support ending current practice permitting unlimited gifts from lobbyists to state legislators?,,DEM,NO,3,0,2,1,0
Bacon,,Democratic Party Question 3<br>Should Georgia adopt an income tax credit for home energy costs to support the economic security of our families?,,DEM,YES,212,4,139,69,0
Bacon,Douglas,Democratic Party Question 3<br>Should Georgia adopt an income tax credit for home energy costs to support the economic security of our families?,,DEM,YES,137,1,84,52,0
Bacon,New Lacy,Democratic Party Question 3<br>Should Georgia adopt an income tax credit for home energy costs to support the economic security of our families?,,DEM,YES,39,1,33,5,0
Bacon,Taylor,Democratic Party Question 3<br>Should Georgia adopt an income tax credit for home energy costs to support the economic security of our families?,,DEM,YES,8,0,5,3,0
Bacon,Ware,Democratic Party Question 3<br>Should Georgia adopt an income tax credit for home energy costs to support the economic security of our families?,,DEM,YES,18,2,11,5,0
Bacon,Warnock,Democratic Party Question 3<br>Should Georgia adopt an income tax credit for home energy costs to support the economic security of our families?,,DEM,YES,10,0,6,4,0
Bacon,,Democratic Party Question 3<br>Should Georgia adopt an income tax credit for home energy costs to support the economic security of our families?,,DEM,NO,53,1,32,20,0
Bacon,Douglas,Democratic Party Question 3<br>Should Georgia adopt an income tax credit for home energy costs to support the economic security of our families?,,DEM,NO,29,1,17,11,0
Bacon,New Lacy,Democratic Party Question 3<br>Should Georgia adopt an income tax credit for home energy costs to support the economic security of our families?,,DEM,NO,9,0,5,4,0
Bacon,Taylor,Democratic Party Question 3<br>Should Georgia adopt an income tax credit for home energy costs to support the economic security of our families?,,DEM,NO,5,0,2,3,0
Bacon,Ware,Democratic Party Question 3<br>Should Georgia adopt an income tax credit for home energy costs to support the economic security of our families?,,DEM,NO,3,0,2,1,0
Bacon,Warnock,Democratic Party Question 3<br>Should Georgia adopt an income tax credit for home energy costs to support the economic security of our families?,,DEM,NO,7,0,6,1,0
Bacon,,Democratic Party Question 4 <br>Should Georgia reduce sales taxes on Made in Georgia products so as to support the growth of small businesses in our state?,,DEM,YES,240,5,155,80,0
Bacon,Douglas,Democratic Party Question 4 <br>Should Georgia reduce sales taxes on Made in Georgia products so as to support the growth of small businesses in our state?,,DEM,YES,152,2,92,58,0
Bacon,New Lacy,Democratic Party Question 4 <br>Should Georgia reduce sales taxes on Made in Georgia products so as to support the growth of small businesses in our state?,,DEM,YES,43,1,34,8,0
Bacon,Taylor,Democratic Party Question 4 <br>Should Georgia reduce sales taxes on Made in Georgia products so as to support the growth of small businesses in our state?,,DEM,YES,11,0,6,5,0
Bacon,Ware,Democratic Party Question 4 <br>Should Georgia reduce sales taxes on Made in Georgia products so as to support the growth of small businesses in our state?,,DEM,YES,19,2,12,5,0
Bacon,Warnock,Democratic Party Question 4 <br>Should Georgia reduce sales taxes on Made in Georgia products so as to support the growth of small businesses in our state?,,DEM,YES,15,0,11,4,0
Bacon,,Democratic Party Question 4 <br>Should Georgia reduce sales taxes on Made in Georgia products so as to support the growth of small businesses in our state?,,DEM,NO,26,0,18,8,0
Bacon,Douglas,Democratic Party Question 4 <br>Should Georgia reduce sales taxes on Made in Georgia products so as to support the growth of small businesses in our state?,,DEM,NO,15,0,11,4,0
Bacon,New Lacy,Democratic Party Question 4 <br>Should Georgia reduce sales taxes on Made in Georgia products so as to support the growth of small businesses in our state?,,DEM,NO,5,0,4,1,0
Bacon,Taylor,Democratic Party Question 4 <br>Should Georgia reduce sales taxes on Made in Georgia products so as to support the growth of small businesses in our state?,,DEM,NO,2,0,1,1,0
Bacon,Ware,Democratic Party Question 4 <br>Should Georgia reduce sales taxes on Made in Georgia products so as to support the growth of small businesses in our state?,,DEM,NO,2,0,1,1,0
Bacon,Warnock,Democratic Party Question 4 <br>Should Georgia reduce sales taxes on Made in Georgia products so as to support the growth of small businesses in our state?,,DEM,NO,2,0,1,1,0
Bacon,,Supreme Court Justice, Hunstein,,CAROL W. HUNSTEIN,1618,38,869,711,0
Bacon,Douglas,Supreme Court Justice, Hunstein,,CAROL W. HUNSTEIN,811,29,374,408,0
Bacon,New Lacy,Supreme Court Justice, Hunstein,,CAROL W. HUNSTEIN,301,3,196,102,0
Bacon,Taylor,Supreme Court Justice, Hunstein,,CAROL W. HUNSTEIN,225,0,128,97,0
Bacon,Ware,Supreme Court Justice, Hunstein,,CAROL W. HUNSTEIN,148,6,91,51,0
Bacon,Warnock,Supreme Court Justice, Hunstein,,CAROL W. HUNSTEIN,133,0,80,53,0
Bacon,,Supreme Court Justice, Hunstein,,Write-in,9,0,6,3,0
Bacon,Douglas,Supreme Court Justice, Hunstein,,Write-in,2,0,1,1,0
Bacon,New Lacy,Supreme Court Justice, Hunstein,,Write-in,1,0,1,0,0
Bacon,Taylor,Supreme Court Justice, Hunstein,,Write-in,3,0,2,1,0
Bacon,Ware,Supreme Court Justice, Hunstein,,Write-in,1,0,1,0,0
Bacon,Warnock,Supreme Court Justice, Hunstein,,Write-in,2,0,1,1,0
Bacon,,Supreme Court Justice, Melton,,HAROLD D. MELTON ,1586,37,847,702,0
Bacon,Douglas,Supreme Court Justice, Melton,,HAROLD D. MELTON ,792,28,357,407,0
Bacon,New Lacy,Supreme Court Justice, Melton,,HAROLD D. MELTON ,300,3,198,99,0
Bacon,Taylor,Supreme Court Justice, Melton,,HAROLD D. MELTON ,222,0,127,95,0
Bacon,Ware,Supreme Court Justice, Melton,,HAROLD D. MELTON ,145,6,89,50,0
Bacon,Warnock,Supreme Court Justice, Melton,,HAROLD D. MELTON ,127,0,76,51,0
Bacon,,Supreme Court Justice, Melton,,Write-in,5,0,5,0,0
Bacon,Douglas,Supreme Court Justice, Melton,,Write-in,2,0,2,0,0
Bacon,New Lacy,Supreme Court Justice, Melton,,Write-in,1,0,1,0,0
Bacon,Taylor,Supreme Court Justice, Melton,,Write-in,1,0,1,0,0
Bacon,Ware,Supreme Court Justice, Melton,,Write-in,1,0,1,0,0
Bacon,Warnock,Supreme Court Justice, Melton,,Write-in,0,0,0,0,0
Bacon,,Supreme Court Justice, Thompson,,HUGH P. THOMPSON ,1566,37,851,678,0
Bacon,Douglas,Supreme Court Justice, Thompson,,HUGH P. THOMPSON ,781,28,360,393,0
Bacon,New Lacy,Supreme Court Justice, Thompson,,HUGH P. THOMPSON ,301,3,200,98,0
Bacon,Taylor,Supreme Court Justice, Thompson,,HUGH P. THOMPSON ,213,0,125,88,0
Bacon,Ware,Supreme Court Justice, Thompson,,HUGH P. THOMPSON ,146,6,90,50,0
Bacon,Warnock,Supreme Court Justice, Thompson,,HUGH P. THOMPSON ,125,0,76,49,0
Bacon,,Supreme Court Justice, Thompson,,Write-in,5,0,5,0,0
Bacon,Douglas,Supreme Court Justice, Thompson,,Write-in,2,0,2,0,0
Bacon,New Lacy,Supreme Court Justice, Thompson,,Write-in,1,0,1,0,0
Bacon,Taylor,Supreme Court Justice, Thompson,,Write-in,1,0,1,0,0
Bacon,Ware,Supreme Court Justice, Thompson,,Write-in,1,0,1,0,0
Bacon,Warnock,Supreme Court Justice, Thompson,,Write-in,0,0,0,0,0
Bacon,,Appeals Court Judge, Boggs,,MICHAEL P. BOGGS ,1688,42,910,736,0
Bacon,Douglas,Appeals Court Judge, Boggs,,MICHAEL P. BOGGS ,849,34,388,427,0
Bacon,New Lacy,Appeals Court Judge, Boggs,,MICHAEL P. BOGGS ,319,3,206,110,0
Bacon,Taylor,Appeals Court Judge, Boggs,,MICHAEL P. BOGGS ,224,0,129,95,0
Bacon,Ware,Appeals Court Judge, Boggs,,MICHAEL P. BOGGS ,164,5,106,53,0
Bacon,Warnock,Appeals Court Judge, Boggs,,MICHAEL P. BOGGS ,132,0,81,51,0
Bacon,,Appeals Court Judge, Boggs,,Write-in,3,0,3,0,0
Bacon,Douglas,Appeals Court Judge, Boggs,,Write-in,2,0,2,0,0
Bacon,New Lacy,Appeals Court Judge, Boggs,,Write-in,0,0,0,0,0
Bacon,Taylor,Appeals Court Judge, Boggs,,Write-in,1,0,1,0,0
Bacon,Ware,Appeals Court Judge, Boggs,,Write-in,0,0,0,0,0
Bacon,Warnock,Appeals Court Judge, Boggs,,Write-in,0,0,0,0,0
Bacon,,Appeals Court Judge, Dillard,,STEPHEN DILLARD ,1554,36,832,686,0
Bacon,Douglas,Appeals Court Judge, Dillard,,STEPHEN DILLARD ,778,28,349,401,0
Bacon,New Lacy,Appeals Court Judge, Dillard,,STEPHEN DILLARD ,294,3,193,98,0
Bacon,Taylor,Appeals Court Judge, Dillard,,STEPHEN DILLARD ,209,0,121,88,0
Bacon,Ware,Appeals Court Judge, Dillard,,STEPHEN DILLARD ,148,5,92,51,0
Bacon,Warnock,Appeals Court Judge, Dillard,,STEPHEN DILLARD ,125,0,77,48,0
Bacon,,Appeals Court Judge, Dillard,,Write-in,3,0,3,0,0
Bacon,Douglas,Appeals Court Judge, Dillard,,Write-in,1,0,1,0,0
Bacon,New Lacy,Appeals Court Judge, Dillard,,Write-in,0,0,0,0,0
Bacon,Taylor,Appeals Court Judge, Dillard,,Write-in,1,0,1,0,0
Bacon,Ware,Appeals Court Judge, Dillard,,Write-in,1,0,1,0,0
Bacon,Warnock,Appeals Court Judge, Dillard,,Write-in,0,0,0,0,0
Bacon,,Appeals Court Judge, Ellington,,JOHN J. ELLINGTON,1570,35,845,690,0
Bacon,Douglas,Appeals Court Judge, Ellington,,JOHN J. ELLINGTON,795,28,359,408,0
Bacon,New Lacy,Appeals Court Judge, Ellington,,JOHN J. ELLINGTON,295,3,194,98,0
Bacon,Taylor,Appeals Court Judge, Ellington,,JOHN J. ELLINGTON,215,0,125,90,0
Bacon,Ware,Appeals Court Judge, Ellington,,JOHN J. ELLINGTON,144,4,91,49,0
Bacon,Warnock,Appeals Court Judge, Ellington,,JOHN J. ELLINGTON,121,0,76,45,0
Bacon,,Appeals Court Judge, Ellington,,Write-in,3,0,3,0,0
Bacon,Douglas,Appeals Court Judge, Ellington,,Write-in,1,0,1,0,0
Bacon,New Lacy,Appeals Court Judge, Ellington,,Write-in,0,0,0,0,0
Bacon,Taylor,Appeals Court Judge, Ellington,,Write-in,1,0,1,0,0
Bacon,Ware,Appeals Court Judge, Ellington,,Write-in,1,0,1,0,0
Bacon,Warnock,Appeals Court Judge, Ellington,,Write-in,0,0,0,0,0
Bacon,,Appeals Court Judge, Miller,,M. YVETTE MILLER ,1538,36,824,678,0
Bacon,Douglas,Appeals Court Judge, Miller,,M. YVETTE MILLER ,765,28,345,392,0
Bacon,New Lacy,Appeals Court Judge, Miller,,M. YVETTE MILLER ,290,3,189,98,0
Bacon,Taylor,Appeals Court Judge, Miller,,M. YVETTE MILLER ,214,0,123,91,0
Bacon,Ware,Appeals Court Judge, Miller,,M. YVETTE MILLER ,145,5,92,48,0
Bacon,Warnock,Appeals Court Judge, Miller,,M. YVETTE MILLER ,124,0,75,49,0
Bacon,,Appeals Court Judge, Miller,,Write-in,3,0,2,1,0
Bacon,Douglas,Appeals Court Judge, Miller,,Write-in,0,0,0,0,0
Bacon,New Lacy,Appeals Court Judge, Miller,,Write-in,1,0,0,1,0
Bacon,Taylor,Appeals Court Judge, Miller,,Write-in,1,0,1,0,0
Bacon,Ware,Appeals Court Judge, Miller,,Write-in,1,0,1,0,0
Bacon,Warnock,Appeals Court Judge, Miller,,Write-in,0,0,0,0,0
Bacon,,Appeals Court Judge, Phipps,,HERBERT PHIPPS ,1533,35,828,670,0
Bacon,Douglas,Appeals Court Judge, Phipps,,HERBERT PHIPPS ,768,28,351,389,0
Bacon,New Lacy,Appeals Court Judge, Phipps,,HERBERT PHIPPS ,283,3,187,93,0
Bacon,Taylor,Appeals Court Judge, Phipps,,HERBERT PHIPPS ,215,0,124,91,0
Bacon,Ware,Appeals Court Judge, Phipps,,HERBERT PHIPPS ,144,4,91,49,0
Bacon,Warnock,Appeals Court Judge, Phipps,,HERBERT PHIPPS ,123,0,75,48,0
Bacon,,Appeals Court Judge, Phipps,,Write-in,3,0,3,0,0
Bacon,Douglas,Appeals Court Judge, Phipps,,Write-in,1,0,1,0,0
Bacon,New Lacy,Appeals Court Judge, Phipps,,Write-in,0,0,0,0,0
Bacon,Taylor,Appeals Court Judge, Phipps,,Write-in,1,0,1,0,0
Bacon,Ware,Appeals Court Judge, Phipps,,Write-in,1,0,1,0,0
Bacon,Warnock,Appeals Court Judge, Phipps,,Write-in,0,0,0,0,0
Bacon,,Superior Court Judge, Waycross Circuit (DeVane),,MICHAEL D. DEVANE,1633,40,876,717,0
Bacon,Douglas,Superior Court Judge, Waycross Circuit (DeVane),,MICHAEL D. DEVANE,813,30,369,414,0
Bacon,New Lacy,Superior Court Judge, Waycross Circuit (DeVane),,MICHAEL D. DEVANE,305,3,199,103,0
Bacon,Taylor,Superior Court Judge, Waycross Circuit (DeVane),,MICHAEL D. DEVANE,231,2,133,96,0
Bacon,Ware,Superior Court Judge, Waycross Circuit (DeVane),,MICHAEL D. DEVANE,155,5,96,54,0
Bacon,Warnock,Superior Court Judge, Waycross Circuit (DeVane),,MICHAEL D. DEVANE,129,0,79,50,0
Bacon,,Superior Court Judge, Waycross Circuit (DeVane),,Write-in,7,0,4,3,0
Bacon,Douglas,Superior Court Judge, Waycross Circuit (DeVane),,Write-in,4,0,2,2,0
Bacon,New Lacy,Superior Court Judge, Waycross Circuit (DeVane),,Write-in,0,0,0,0,0
Bacon,Taylor,Superior Court Judge, Waycross Circuit (DeVane),,Write-in,1,0,1,0,0
Bacon,Ware,Superior Court Judge, Waycross Circuit (DeVane),,Write-in,2,0,1,1,0
Bacon,Warnock,Superior Court Judge, Waycross Circuit (DeVane),,Write-in,0,0,0,0,0
Bacon,,JUDGE, PROBATE COURT,,JOE BOATRIGHT ,1988,48,1086,854,0
Bacon,Douglas,JUDGE, PROBATE COURT,,JOE BOATRIGHT ,1006,37,481,488,0
Bacon,New Lacy,JUDGE, PROBATE COURT,,JOE BOATRIGHT ,367,3,237,127,0
Bacon,Taylor,JUDGE, PROBATE COURT,,JOE BOATRIGHT ,292,2,168,122,0
Bacon,Ware,JUDGE, PROBATE COURT,,JOE BOATRIGHT ,172,6,106,60,0
Bacon,Warnock,JUDGE, PROBATE COURT,,JOE BOATRIGHT ,151,0,94,57,0
Bacon,,JUDGE, PROBATE COURT,,Write-in,5,0,3,2,0
Bacon,Douglas,JUDGE, PROBATE COURT,,Write-in,5,0,3,2,0
Bacon,New Lacy,JUDGE, PROBATE COURT,,Write-in,0,0,0,0,0
Bacon,Taylor,JUDGE, PROBATE COURT,,Write-in,0,0,0,0,0
Bacon,Ware,JUDGE, PROBATE COURT,,Write-in,0,0,0,0,0
Bacon,Warnock,JUDGE, PROBATE COURT,,Write-in,0,0,0,0,0
Bacon,,JUDGE, STATE COURT,,KENNETH E. FUTCH ,1770,38,968,764,0
Bacon,Douglas,JUDGE, STATE COURT,,KENNETH E. FUTCH ,891,27,426,438,0
Bacon,New Lacy,JUDGE, STATE COURT,,KENNETH E. FUTCH ,336,3,219,114,0
Bacon,Taylor,JUDGE, STATE COURT,,KENNETH E. FUTCH ,242,2,133,107,0
Bacon,Ware,JUDGE, STATE COURT,,KENNETH E. FUTCH ,165,6,102,57,0
Bacon,Warnock,JUDGE, STATE COURT,,KENNETH E. FUTCH ,136,0,88,48,0
Bacon,,JUDGE, STATE COURT,,Write-in,1,0,1,0,0
Bacon,Douglas,JUDGE, STATE COURT,,Write-in,0,0,0,0,0
Bacon,New Lacy,JUDGE, STATE COURT,,Write-in,0,0,0,0,0
Bacon,Taylor,JUDGE, STATE COURT,,Write-in,0,0,0,0,0
Bacon,Ware,JUDGE, STATE COURT,,Write-in,1,0,1,0,0
Bacon,Warnock,JUDGE, STATE COURT,,Write-in,0,0,0,0,0
Bacon,,BOE, CHAIR,,MARK T. COHEN ,1957,48,1064,845,0
Bacon,Douglas,BOE, CHAIR,,MARK T. COHEN ,991,36,464,491,0
Bacon,New Lacy,BOE, CHAIR,,MARK T. COHEN ,358,3,230,125,0
Bacon,Taylor,BOE, CHAIR,,MARK T. COHEN ,282,2,167,113,0
Bacon,Ware,BOE, CHAIR,,MARK T. COHEN ,177,7,109,61,0
Bacon,Warnock,BOE, CHAIR,,MARK T. COHEN ,149,0,94,55,0
Bacon,,BOE, CHAIR,,Write-in,9,0,6,3,0
Bacon,Douglas,BOE, CHAIR,,Write-in,4,0,3,1,0
Bacon,New Lacy,BOE, CHAIR,,Write-in,1,0,1,0,0
Bacon,Taylor,BOE, CHAIR,,Write-in,2,0,1,1,0
Bacon,Ware,BOE, CHAIR,,Write-in,1,0,0,1,0
Bacon,Warnock,BOE, CHAIR,,Write-in,1,0,1,0,0
Bacon,,BOE, D3,,BENJAMEN T. NETTLES,94,0,49,45,0
Bacon,Douglas,BOE, D3,,BENJAMEN T. NETTLES,94,0,49,45,0
Bacon,,BOE, D3,,DAN TAYLOR ,416,9,196,211,0
Bacon,Douglas,BOE, D3,,DAN TAYLOR ,416,9,196,211,0
Bacon,,BOE, D3,,Write-in,1,0,1,0,0
Bacon,Douglas,BOE, D3,,Write-in,1,0,1,0,0
Bacon,,BOE, D5,,MARTHA S. LEE ,396,23,203,170,0
Bacon,Douglas,BOE, D5,,MARTHA S. LEE ,234,17,104,113,0
Bacon,Ware,BOE, D5,,MARTHA S. LEE ,162,6,99,57,0
Bacon,,BOE, D5,,Write-in,2,0,0,2,0
Bacon,Douglas,BOE, D5,,Write-in,1,0,0,1,0
Bacon,Ware,BOE, D5,,Write-in,1,0,0,1,0
Bacon,,TSPLOST,,,YES,1235,28,676,531,0
Bacon,Douglas,TSPLOST,,,YES,651,19,311,321,0
Bacon,New Lacy,TSPLOST,,,YES,229,3,146,80,0
Bacon,Taylor,TSPLOST,,,YES,173,2,106,65,0
Bacon,Ware,TSPLOST,,,YES,110,4,67,39,0
Bacon,Warnock,TSPLOST,,,YES,72,0,46,26,0
Bacon,,TSPLOST,,,NO,1150,28,632,490,0
Bacon,Douglas,TSPLOST,,,NO,536,22,256,258,0
Bacon,New Lacy,TSPLOST,,,NO,214,0,137,77,0
Bacon,Taylor,TSPLOST,,,NO,192,1,104,87,0
Bacon,Ware,TSPLOST,,,NO,101,5,66,30,0
Bacon,Warnock,TSPLOST,,,NO,107,0,69,38,0
Bacon,,ESPLOST,,,YES,1684,46,928,710,0
Bacon,Douglas,ESPLOST,,,YES,902,35,437,430,0
Bacon,New Lacy,ESPLOST,,,YES,306,2,193,111,0
Bacon,Taylor,ESPLOST,,,YES,218,2,128,88,0
Bacon,Ware,ESPLOST,,,YES,139,7,87,45,0
Bacon,Warnock,ESPLOST,,,YES,119,0,83,36,0
Bacon,,ESPLOST,,,NO,715,12,382,321,0
Bacon,Douglas,ESPLOST,,,NO,307,8,137,162,0
Bacon,New Lacy,ESPLOST,,,NO,129,1,85,43,0
Bacon,Taylor,ESPLOST,,,NO,147,1,81,65,0
Bacon,Ware,ESPLOST,,,NO,71,2,45,24,0
Bacon,Warnock,ESPLOST,,,NO,61,0,34,27,0
