county,precinct,office,district,party,candidate,votes,absentee_by_mail,election_day,advance_in_person,provisional
Jenkins,,"Public Service Commission, District 3",3,REP,CHUCK EATON (I),192,10,141,41,0
Jenkins,Jenkins Co Prim/Elem,"Public Service Commission, District 3",3,REP,CHUCK EATON (I),15,1,8,6,0
Jenkins,Court House,"Public Service Commission, District 3",3,REP,CHUCK EATON (I),37,3,23,11,0
Jenkins,Perkins,"Public Service Commission, District 3",3,REP,CHUCK EATON (I),61,2,46,13,0
Jenkins,Senior Citizens Bld,"Public Service Commission, District 3",3,REP,CHUCK EATON (I),39,4,28,7,0
Jenkins,Four Points,"Public Service Commission, District 3",3,REP,CHUCK EATON (I),40,0,36,4,0
Jenkins,,"Public Service Commission, District 3",3,REP,MATT REID,92,2,67,22,1
Jenkins,Jenkins Co Prim/Elem,"Public Service Commission, District 3",3,REP,MATT REID,14,0,9,5,0
Jenkins,Court House,"Public Service Commission, District 3",3,REP,MATT REID,6,0,3,2,1
Jenkins,Perkins,"Public Service Commission, District 3",3,REP,MATT REID,27,0,21,6,0
Jenkins,Senior Citizens Bld,"Public Service Commission, District 3",3,REP,MATT REID,23,2,14,7,0
Jenkins,Four Points,"Public Service Commission, District 3",3,REP,MATT REID,22,0,20,2,0
Jenkins,,"Public Service Commission, District 3",3,DEM,STEPHEN OPPENHEIMER,1198,124,641,432,1
Jenkins,Jenkins Co Prim/Elem,"Public Service Commission, District 3",3,DEM,STEPHEN OPPENHEIMER,240,31,130,79,0
Jenkins,Court House,"Public Service Commission, District 3",3,DEM,STEPHEN OPPENHEIMER,282,41,129,112,0
Jenkins,Perkins,"Public Service Commission, District 3",3,DEM,STEPHEN OPPENHEIMER,184,28,81,75,0
Jenkins,Senior Citizens Bld,"Public Service Commission, District 3",3,DEM,STEPHEN OPPENHEIMER,290,11,167,111,1
Jenkins,Four Points,"Public Service Commission, District 3",3,DEM,STEPHEN OPPENHEIMER,202,13,134,55,0
Jenkins,,"Public Service Commission, District 5",5,REP,PAM DAVIDSON,95,4,69,21,1
Jenkins,Jenkins Co Prim/Elem,"Public Service Commission, District 5",5,REP,PAM DAVIDSON,14,0,9,5,0
Jenkins,Court House,"Public Service Commission, District 5",5,REP,PAM DAVIDSON,16,1,8,6,1
Jenkins,Perkins,"Public Service Commission, District 5",5,REP,PAM DAVIDSON,23,1,17,5,0
Jenkins,Senior Citizens Bld,"Public Service Commission, District 5",5,REP,PAM DAVIDSON,19,2,14,3,0
Jenkins,Four Points,"Public Service Commission, District 5",5,REP,PAM DAVIDSON,23,0,21,2,0
Jenkins,,"Public Service Commission, District 5",5,REP,STAN WISE (I),178,8,129,41,0
Jenkins,Jenkins Co Prim/Elem,"Public Service Commission, District 5",5,REP,STAN WISE (I),15,1,8,6,0
Jenkins,Court House,"Public Service Commission, District 5",5,REP,STAN WISE (I),28,2,19,7,0
Jenkins,Perkins,"Public Service Commission, District 5",5,REP,STAN WISE (I),57,1,43,13,0
Jenkins,Senior Citizens Bld,"Public Service Commission, District 5",5,REP,STAN WISE (I),41,4,26,11,0
Jenkins,Four Points,"Public Service Commission, District 5",5,REP,STAN WISE (I),37,0,33,4,0
Jenkins,,"U.S. Representative, District 12",12,REP,RICK W. ALLEN,70,2,47,21,0
Jenkins,Jenkins Co Prim/Elem,"U.S. Representative, District 12",12,REP,RICK W. ALLEN,6,0,2,4,0
Jenkins,Court House,"U.S. Representative, District 12",12,REP,RICK W. ALLEN,20,1,12,7,0
Jenkins,Perkins,"U.S. Representative, District 12",12,REP,RICK W. ALLEN,16,0,12,4,0
Jenkins,Senior Citizens Bld,"U.S. Representative, District 12",12,REP,RICK W. ALLEN,14,1,10,3,0
Jenkins,Four Points,"U.S. Representative, District 12",12,REP,RICK W. ALLEN,14,0,11,3,0
Jenkins,,"U.S. Representative, District 12",12,REP,LEE ANDERSON,153,4,113,36,0
Jenkins,Jenkins Co Prim/Elem,"U.S. Representative, District 12",12,REP,LEE ANDERSON,15,1,9,5,0
Jenkins,Court House,"U.S. Representative, District 12",12,REP,LEE ANDERSON,13,0,8,5,0
Jenkins,Perkins,"U.S. Representative, District 12",12,REP,LEE ANDERSON,51,1,38,12,0
Jenkins,Senior Citizens Bld,"U.S. Representative, District 12",12,REP,LEE ANDERSON,36,2,22,12,0
Jenkins,Four Points,"U.S. Representative, District 12",12,REP,LEE ANDERSON,38,0,36,2,0
Jenkins,,"U.S. Representative, District 12",12,REP,WRIGHT MCLEOD,54,1,43,10,0
Jenkins,Jenkins Co Prim/Elem,"U.S. Representative, District 12",12,REP,WRIGHT MCLEOD,3,0,3,0,0
Jenkins,Court House,"U.S. Representative, District 12",12,REP,WRIGHT MCLEOD,6,0,5,1,0
Jenkins,Perkins,"U.S. Representative, District 12",12,REP,WRIGHT MCLEOD,21,1,16,4,0
Jenkins,Senior Citizens Bld,"U.S. Representative, District 12",12,REP,WRIGHT MCLEOD,11,0,10,1,0
Jenkins,Four Points,"U.S. Representative, District 12",12,REP,WRIGHT MCLEOD,13,0,9,4,0
Jenkins,,"U.S. Representative, District 12",12,REP,MARIA SHEFFIELD,33,4,23,5,1
Jenkins,Jenkins Co Prim/Elem,"U.S. Representative, District 12",12,REP,MARIA SHEFFIELD,4,0,2,2,0
Jenkins,Court House,"U.S. Representative, District 12",12,REP,MARIA SHEFFIELD,7,1,4,1,1
Jenkins,Perkins,"U.S. Representative, District 12",12,REP,MARIA SHEFFIELD,9,0,7,2,0
Jenkins,Senior Citizens Bld,"U.S. Representative, District 12",12,REP,MARIA SHEFFIELD,7,3,4,0,0
Jenkins,Four Points,"U.S. Representative, District 12",12,REP,MARIA SHEFFIELD,6,0,6,0,0
Jenkins,,"U.S. Representative, District 12",12,DEM,JOHN BARROW (I),1526,133,842,550,1
Jenkins,Jenkins Co Prim/Elem,"U.S. Representative, District 12",12,DEM,JOHN BARROW (I),343,36,203,104,0
Jenkins,Court House,"U.S. Representative, District 12",12,DEM,JOHN BARROW (I),356,39,173,144,0
Jenkins,Perkins,"U.S. Representative, District 12",12,DEM,JOHN BARROW (I),235,27,105,103,0
Jenkins,Senior Citizens Bld,"U.S. Representative, District 12",12,DEM,JOHN BARROW (I),336,10,199,126,1
Jenkins,Four Points,"U.S. Representative, District 12",12,DEM,JOHN BARROW (I),256,21,162,73,0
Jenkins,,"State Senator, District 23",23,REP,JESSE STONE (I),259,12,187,59,1
Jenkins,Jenkins Co Prim/Elem,"State Senator, District 23",23,REP,JESSE STONE (I),25,1,15,9,0
Jenkins,Court House,"State Senator, District 23",23,REP,JESSE STONE (I),43,3,26,13,1
Jenkins,Perkins,"State Senator, District 23",23,REP,JESSE STONE (I),85,2,64,19,0
Jenkins,Senior Citizens Bld,"State Senator, District 23",23,REP,JESSE STONE (I),57,6,39,12,0
Jenkins,Four Points,"State Senator, District 23",23,REP,JESSE STONE (I),49,0,43,6,0
Jenkins,,"State Senator, District 23",23,DEM,ROBERT INGHAM,1127,128,588,410,1
Jenkins,Jenkins Co Prim/Elem,"State Senator, District 23",23,DEM,ROBERT INGHAM,235,32,129,74,0
Jenkins,Court House,"State Senator, District 23",23,DEM,ROBERT INGHAM,256,40,113,103,0
Jenkins,Perkins,"State Senator, District 23",23,DEM,ROBERT INGHAM,180,31,71,78,0
Jenkins,Senior Citizens Bld,"State Senator, District 23",23,DEM,ROBERT INGHAM,276,11,156,108,1
Jenkins,Four Points,"State Senator, District 23",23,DEM,ROBERT INGHAM,180,14,119,47,0
Jenkins,,"State Representative, District 158",158,REP,BUTCH PARRISH (I),252,11,183,57,1
Jenkins,Jenkins Co Prim/Elem,"State Representative, District 158",158,REP,BUTCH PARRISH (I),25,1,15,9,0
Jenkins,Court House,"State Representative, District 158",158,REP,BUTCH PARRISH (I),39,2,24,12,1
Jenkins,Perkins,"State Representative, District 158",158,REP,BUTCH PARRISH (I),82,2,62,18,0
Jenkins,Senior Citizens Bld,"State Representative, District 158",158,REP,BUTCH PARRISH (I),52,6,34,12,0
Jenkins,Four Points,"State Representative, District 158",158,REP,BUTCH PARRISH (I),54,0,48,6,0
Jenkins,,"District Attorney, Ogeechee Circuit", Ogeechee Circuit - REP,REP,MARTHA KIRKLAND HALL,129,2,94,32,1
Jenkins,Jenkins Co Prim/Elem,"District Attorney, Ogeechee Circuit", Ogeechee Circuit - REP,REP,MARTHA KIRKLAND HALL,12,0,6,6,0
Jenkins,Court House,"District Attorney, Ogeechee Circuit", Ogeechee Circuit - REP,REP,MARTHA KIRKLAND HALL,19,0,13,5,1
Jenkins,Perkins,"District Attorney, Ogeechee Circuit", Ogeechee Circuit - REP,REP,MARTHA KIRKLAND HALL,29,0,19,10,0
Jenkins,Senior Citizens Bld,"District Attorney, Ogeechee Circuit", Ogeechee Circuit - REP,REP,MARTHA KIRKLAND HALL,36,2,27,7,0
Jenkins,Four Points,"District Attorney, Ogeechee Circuit", Ogeechee Circuit - REP,REP,MARTHA KIRKLAND HALL,33,0,29,4,0
Jenkins,,"District Attorney, Ogeechee Circuit", Ogeechee Circuit - REP,REP,RICHARD MALLARD (I),177,9,133,35,0
Jenkins,Jenkins Co Prim/Elem,"District Attorney, Ogeechee Circuit", Ogeechee Circuit - REP,REP,RICHARD MALLARD (I),18,1,12,5,0
Jenkins,Court House,"District Attorney, Ogeechee Circuit", Ogeechee Circuit - REP,REP,RICHARD MALLARD (I),26,2,15,9,0
Jenkins,Perkins,"District Attorney, Ogeechee Circuit", Ogeechee Circuit - REP,REP,RICHARD MALLARD (I),65,2,53,10,0
Jenkins,Senior Citizens Bld,"District Attorney, Ogeechee Circuit", Ogeechee Circuit - REP,REP,RICHARD MALLARD (I),33,4,21,8,0
Jenkins,Four Points,"District Attorney, Ogeechee Circuit", Ogeechee Circuit - REP,REP,RICHARD MALLARD (I),35,0,32,3,0
Jenkins,,Probate Judge,,,WANDA P. BURKE ,1836,152,975,708,1
Jenkins,Jenkins Co Prim/Elem,Probate Judge,,,WANDA P. BURKE ,368,37,204,127,0
Jenkins,Court House,Probate Judge,,,WANDA P. BURKE ,427,43,197,187,0
Jenkins,Perkins,Probate Judge,,,WANDA P. BURKE ,293,36,125,132,0
Jenkins,Senior Citizens Bld,Probate Judge,,,WANDA P. BURKE ,436,12,250,173,1
Jenkins,Four Points,Probate Judge,,,WANDA P. BURKE ,312,24,199,89,0
Jenkins,,Superior Court Clerk,,,E. T. LANDING ,1748,157,921,669,1
Jenkins,Jenkins Co Prim/Elem,Superior Court Clerk,,,E. T. LANDING ,354,39,198,117,0
Jenkins,Court House,Superior Court Clerk,,,E. T. LANDING ,399,46,180,173,0
Jenkins,Perkins,Superior Court Clerk,,,E. T. LANDING ,285,36,122,127,0
Jenkins,Senior Citizens Bld,Superior Court Clerk,,,E. T. LANDING ,418,12,238,167,1
Jenkins,Four Points,Superior Court Clerk,,,E. T. LANDING ,292,24,183,85,0
Jenkins,,Sheriff,,,ROBERT OGLESBY ,1853,153,968,730,2
Jenkins,Jenkins Co Prim/Elem,Sheriff,,,ROBERT OGLESBY ,349,32,189,128,0
Jenkins,Court House,Sheriff,,,ROBERT OGLESBY ,419,39,189,191,0
Jenkins,Perkins,Sheriff,,,ROBERT OGLESBY ,307,37,128,142,0
Jenkins,Senior Citizens Bld,Sheriff,,,ROBERT OGLESBY ,436,15,254,166,1
Jenkins,Four Points,Sheriff,,,ROBERT OGLESBY ,342,30,208,103,1
Jenkins,,Sheriff,,,HOWARD YOUNG,293,25,205,63,0
Jenkins,Jenkins Co Prim/Elem,Sheriff,,,HOWARD YOUNG,104,11,77,16,0
Jenkins,Court House,Sheriff,,,HOWARD YOUNG,82,12,49,21,0
Jenkins,Perkins,Sheriff,,,HOWARD YOUNG,32,2,21,9,0
Jenkins,Senior Citizens Bld,Sheriff,,,HOWARD YOUNG,44,0,33,11,0
Jenkins,Four Points,Sheriff,,,HOWARD YOUNG,31,0,25,6,0
Jenkins,,Tax Commissioner,,,SHERRIL B. JONES,488,40,306,142,0
Jenkins,Jenkins Co Prim/Elem,Tax Commissioner,,,SHERRIL B. JONES,117,18,69,30,0
Jenkins,Court House,Tax Commissioner,,,SHERRIL B. JONES,101,14,58,29,0
Jenkins,Perkins,Tax Commissioner,,,SHERRIL B. JONES,70,5,39,26,0
Jenkins,Senior Citizens Bld,Tax Commissioner,,,SHERRIL B. JONES,141,2,97,42,0
Jenkins,Four Points,Tax Commissioner,,,SHERRIL B. JONES,59,1,43,15,0
Jenkins,,Tax Commissioner,,,BRENDA B MATHERN ,1561,134,796,629,2
Jenkins,Jenkins Co Prim/Elem,Tax Commissioner,,,BRENDA B MATHERN ,303,22,175,106,0
Jenkins,Court House,Tax Commissioner,,,BRENDA B MATHERN ,368,36,158,174,0
Jenkins,Perkins,Tax Commissioner,,,BRENDA B MATHERN ,262,34,103,125,0
Jenkins,Senior Citizens Bld,Tax Commissioner,,,BRENDA B MATHERN ,329,13,182,133,1
Jenkins,Four Points,Tax Commissioner,,,BRENDA B MATHERN ,299,29,178,91,1
Jenkins,,Coroner,,,HENRY YOUNG ,1824,155,993,675,1
Jenkins,Jenkins Co Prim/Elem,Coroner,,,HENRY YOUNG ,400,39,236,125,0
Jenkins,Court House,Coroner,,,HENRY YOUNG ,435,47,201,187,0
Jenkins,Perkins,Coroner,,,HENRY YOUNG ,287,32,130,125,0
Jenkins,Senior Citizens Bld,Coroner,,,HENRY YOUNG ,415,13,241,160,1
Jenkins,Four Points,Coroner,,,HENRY YOUNG ,287,24,185,78,0
Jenkins,,County Comm 1,,,DALE WIGGINS,24,1,14,9,0
Jenkins,Jenkins Co Prim/Elem,County Comm 1,,,DALE WIGGINS,24,1,14,9,0
Jenkins,,County Comm 1,,,CYNTHIA G. MCNEELY,346,37,216,93,0
Jenkins,Jenkins Co Prim/Elem,County Comm 1,,,CYNTHIA G. MCNEELY,346,37,216,93,0
Jenkins,,County Comm 3,,,CARROLL CHANCE,44,2,33,9,0
Jenkins,Perkins,County Comm 3,,,CARROLL CHANCE,44,2,33,9,0
Jenkins,,County Comm 3,,,MIKE LANE,60,0,45,15,0
Jenkins,Perkins,County Comm 3,,,MIKE LANE,60,0,45,15,0
Jenkins,,County Comm 3,,,THOMAS M. LANE ,106,7,49,50,0
Jenkins,Perkins,County Comm 3,,,THOMAS M. LANE ,106,7,49,50,0
Jenkins,,County Comm 3,,,JASON OGLESBY,215,29,91,95,0
Jenkins,Perkins,County Comm 3,,,JASON OGLESBY,215,29,91,95,0
Jenkins,,County Comm 4,,,FLOYD CHANCE JR. ,169,6,93,69,1
Jenkins,Senior Citizens Bld,County Comm 4,,,FLOYD CHANCE JR. ,169,6,93,69,1
Jenkins,,County Comm 4,,,HILLER SPANN,305,9,186,110,0
Jenkins,Senior Citizens Bld,County Comm 4,,,HILLER SPANN,305,9,186,110,0
Jenkins,,Republican Party Question 1<br>Should Georgia have casino gambling with funds going to education?,,REP,YES,138,7,96,34,1
Jenkins,Jenkins Co Prim/Elem,Republican Party Question 1<br>Should Georgia have casino gambling with funds going to education?,,REP,YES,11,1,6,4,0
Jenkins,Court House,Republican Party Question 1<br>Should Georgia have casino gambling with funds going to education?,,REP,YES,28,1,20,6,1
Jenkins,Perkins,Republican Party Question 1<br>Should Georgia have casino gambling with funds going to education?,,REP,YES,43,1,32,10,0
Jenkins,Senior Citizens Bld,Republican Party Question 1<br>Should Georgia have casino gambling with funds going to education?,,REP,YES,36,4,23,9,0
Jenkins,Four Points,Republican Party Question 1<br>Should Georgia have casino gambling with funds going to education?,,REP,YES,20,0,15,5,0
Jenkins,,Republican Party Question 1<br>Should Georgia have casino gambling with funds going to education?,,REP,NO,183,4,141,38,0
Jenkins,Jenkins Co Prim/Elem,Republican Party Question 1<br>Should Georgia have casino gambling with funds going to education?,,REP,NO,19,0,12,7,0
Jenkins,Court House,Republican Party Question 1<br>Should Georgia have casino gambling with funds going to education?,,REP,NO,20,1,11,8,0
Jenkins,Perkins,Republican Party Question 1<br>Should Georgia have casino gambling with funds going to education?,,REP,NO,59,1,44,14,0
Jenkins,Senior Citizens Bld,Republican Party Question 1<br>Should Georgia have casino gambling with funds going to education?,,REP,NO,36,2,27,7,0
Jenkins,Four Points,Republican Party Question 1<br>Should Georgia have casino gambling with funds going to education?,,REP,NO,49,0,47,2,0
Jenkins,,Republican Party Question 2<br>Do you support ending the current practice of unlimited gifts from lobbyists to state legislators by imposing a $100 cap on such gifts?,,REP,YES,256,8,190,57,1
Jenkins,Jenkins Co Prim/Elem,Republican Party Question 2<br>Do you support ending the current practice of unlimited gifts from lobbyists to state legislators by imposing a $100 cap on such gifts?,,REP,YES,24,0,15,9,0
Jenkins,Court House,Republican Party Question 2<br>Do you support ending the current practice of unlimited gifts from lobbyists to state legislators by imposing a $100 cap on such gifts?,,REP,YES,38,1,22,14,1
Jenkins,Perkins,Republican Party Question 2<br>Do you support ending the current practice of unlimited gifts from lobbyists to state legislators by imposing a $100 cap on such gifts?,,REP,YES,86,2,66,18,0
Jenkins,Senior Citizens Bld,Republican Party Question 2<br>Do you support ending the current practice of unlimited gifts from lobbyists to state legislators by imposing a $100 cap on such gifts?,,REP,YES,56,5,38,13,0
Jenkins,Four Points,Republican Party Question 2<br>Do you support ending the current practice of unlimited gifts from lobbyists to state legislators by imposing a $100 cap on such gifts?,,REP,YES,52,0,49,3,0
Jenkins,,Republican Party Question 2<br>Do you support ending the current practice of unlimited gifts from lobbyists to state legislators by imposing a $100 cap on such gifts?,,REP,NO,57,3,42,12,0
Jenkins,Jenkins Co Prim/Elem,Republican Party Question 2<br>Do you support ending the current practice of unlimited gifts from lobbyists to state legislators by imposing a $100 cap on such gifts?,,REP,NO,5,1,2,2,0
Jenkins,Court House,Republican Party Question 2<br>Do you support ending the current practice of unlimited gifts from lobbyists to state legislators by imposing a $100 cap on such gifts?,,REP,NO,8,1,7,0,0
Jenkins,Perkins,Republican Party Question 2<br>Do you support ending the current practice of unlimited gifts from lobbyists to state legislators by imposing a $100 cap on such gifts?,,REP,NO,16,0,11,5,0
Jenkins,Senior Citizens Bld,Republican Party Question 2<br>Do you support ending the current practice of unlimited gifts from lobbyists to state legislators by imposing a $100 cap on such gifts?,,REP,NO,12,1,10,1,0
Jenkins,Four Points,Republican Party Question 2<br>Do you support ending the current practice of unlimited gifts from lobbyists to state legislators by imposing a $100 cap on such gifts?,,REP,NO,16,0,12,4,0
Jenkins,,Republican Party Question 3<br>Should active duty military personnel who are under the age of 21 be allowed to obtain a Georgia weapons license?,,REP,YES,240,7,178,55,0
Jenkins,Jenkins Co Prim/Elem,Republican Party Question 3<br>Should active duty military personnel who are under the age of 21 be allowed to obtain a Georgia weapons license?,,REP,YES,20,1,11,8,0
Jenkins,Court House,Republican Party Question 3<br>Should active duty military personnel who are under the age of 21 be allowed to obtain a Georgia weapons license?,,REP,YES,32,0,20,12,0
Jenkins,Perkins,Republican Party Question 3<br>Should active duty military personnel who are under the age of 21 be allowed to obtain a Georgia weapons license?,,REP,YES,79,1,62,16,0
Jenkins,Senior Citizens Bld,Republican Party Question 3<br>Should active duty military personnel who are under the age of 21 be allowed to obtain a Georgia weapons license?,,REP,YES,55,5,37,13,0
Jenkins,Four Points,Republican Party Question 3<br>Should active duty military personnel who are under the age of 21 be allowed to obtain a Georgia weapons license?,,REP,YES,54,0,48,6,0
Jenkins,,Republican Party Question 3<br>Should active duty military personnel who are under the age of 21 be allowed to obtain a Georgia weapons license?,,REP,NO,79,4,58,16,1
Jenkins,Jenkins Co Prim/Elem,Republican Party Question 3<br>Should active duty military personnel who are under the age of 21 be allowed to obtain a Georgia weapons license?,,REP,NO,10,0,7,3,0
Jenkins,Court House,Republican Party Question 3<br>Should active duty military personnel who are under the age of 21 be allowed to obtain a Georgia weapons license?,,REP,NO,15,2,10,2,1
Jenkins,Perkins,Republican Party Question 3<br>Should active duty military personnel who are under the age of 21 be allowed to obtain a Georgia weapons license?,,REP,NO,24,1,15,8,0
Jenkins,Senior Citizens Bld,Republican Party Question 3<br>Should active duty military personnel who are under the age of 21 be allowed to obtain a Georgia weapons license?,,REP,NO,16,1,13,2,0
Jenkins,Four Points,Republican Party Question 3<br>Should active duty military personnel who are under the age of 21 be allowed to obtain a Georgia weapons license?,,REP,NO,14,0,13,1,0
Jenkins,,Republican Party Question 4<br>Should Citizens who wish to vote in a primary election be required to register by their political party affiliation at least thirty (30) days prior to such primary election?,,REP,YES,138,3,106,29,0
Jenkins,Jenkins Co Prim/Elem,Republican Party Question 4<br>Should Citizens who wish to vote in a primary election be required to register by their political party affiliation at least thirty (30) days prior to such primary election?,,REP,YES,10,1,5,4,0
Jenkins,Court House,Republican Party Question 4<br>Should Citizens who wish to vote in a primary election be required to register by their political party affiliation at least thirty (30) days prior to such primary election?,,REP,YES,19,1,14,4,0
Jenkins,Perkins,Republican Party Question 4<br>Should Citizens who wish to vote in a primary election be required to register by their political party affiliation at least thirty (30) days prior to such primary election?,,REP,YES,45,0,35,10,0
Jenkins,Senior Citizens Bld,Republican Party Question 4<br>Should Citizens who wish to vote in a primary election be required to register by their political party affiliation at least thirty (30) days prior to such primary election?,,REP,YES,30,1,21,8,0
Jenkins,Four Points,Republican Party Question 4<br>Should Citizens who wish to vote in a primary election be required to register by their political party affiliation at least thirty (30) days prior to such primary election?,,REP,YES,34,0,31,3,0
Jenkins,,Republican Party Question 4<br>Should Citizens who wish to vote in a primary election be required to register by their political party affiliation at least thirty (30) days prior to such primary election?,,REP,NO,176,9,127,39,1
Jenkins,Jenkins Co Prim/Elem,Republican Party Question 4<br>Should Citizens who wish to vote in a primary election be required to register by their political party affiliation at least thirty (30) days prior to such primary election?,,REP,NO,19,0,12,7,0
Jenkins,Court House,Republican Party Question 4<br>Should Citizens who wish to vote in a primary election be required to register by their political party affiliation at least thirty (30) days prior to such primary election?,,REP,NO,27,2,15,9,1
Jenkins,Perkins,Republican Party Question 4<br>Should Citizens who wish to vote in a primary election be required to register by their political party affiliation at least thirty (30) days prior to such primary election?,,REP,NO,57,2,42,13,0
Jenkins,Senior Citizens Bld,Republican Party Question 4<br>Should Citizens who wish to vote in a primary election be required to register by their political party affiliation at least thirty (30) days prior to such primary election?,,REP,NO,38,5,27,6,0
Jenkins,Four Points,Republican Party Question 4<br>Should Citizens who wish to vote in a primary election be required to register by their political party affiliation at least thirty (30) days prior to such primary election?,,REP,NO,35,0,31,4,0
Jenkins,,Republican Party Question 5 <br>Life Amendment Question,,REP,YES,218,5,162,51,0
Jenkins,Jenkins Co Prim/Elem,Republican Party Question 5 <br>Life Amendment Question,,REP,YES,20,1,10,9,0
Jenkins,Court House,Republican Party Question 5 <br>Life Amendment Question,,REP,YES,30,2,19,9,0
Jenkins,Perkins,Republican Party Question 5 <br>Life Amendment Question,,REP,YES,70,1,51,18,0
Jenkins,Senior Citizens Bld,Republican Party Question 5 <br>Life Amendment Question,,REP,YES,47,1,36,10,0
Jenkins,Four Points,Republican Party Question 5 <br>Life Amendment Question,,REP,YES,51,0,46,5,0
Jenkins,,Republican Party Question 5 <br>Life Amendment Question,,REP,NO,80,6,57,16,1
Jenkins,Jenkins Co Prim/Elem,Republican Party Question 5 <br>Life Amendment Question,,REP,NO,7,0,5,2,0
Jenkins,Court House,Republican Party Question 5 <br>Life Amendment Question,,REP,NO,14,0,9,4,1
Jenkins,Perkins,Republican Party Question 5 <br>Life Amendment Question,,REP,NO,25,1,19,5,0
Jenkins,Senior Citizens Bld,Republican Party Question 5 <br>Life Amendment Question,,REP,NO,18,5,10,3,0
Jenkins,Four Points,Republican Party Question 5 <br>Life Amendment Question,,REP,NO,16,0,14,2,0
Jenkins,,Democratic Party Question 1<br>Should the Georgia Constitution be amended to allow the state to override locally-elected school boards’ decisions when it comes to the creation of charter schools in your county or city?,,DEM,YES,795,57,465,273,0
Jenkins,Jenkins Co Prim/Elem,Democratic Party Question 1<br>Should the Georgia Constitution be amended to allow the state to override locally-elected school boards’ decisions when it comes to the creation of charter schools in your county or city?,,DEM,YES,179,14,116,49,0
Jenkins,Court House,Democratic Party Question 1<br>Should the Georgia Constitution be amended to allow the state to override locally-elected school boards’ decisions when it comes to the creation of charter schools in your county or city?,,DEM,YES,209,27,99,83,0
Jenkins,Perkins,Democratic Party Question 1<br>Should the Georgia Constitution be amended to allow the state to override locally-elected school boards’ decisions when it comes to the creation of charter schools in your county or city?,,DEM,YES,111,7,53,51,0
Jenkins,Senior Citizens Bld,Democratic Party Question 1<br>Should the Georgia Constitution be amended to allow the state to override locally-elected school boards’ decisions when it comes to the creation of charter schools in your county or city?,,DEM,YES,171,2,108,61,0
Jenkins,Four Points,Democratic Party Question 1<br>Should the Georgia Constitution be amended to allow the state to override locally-elected school boards’ decisions when it comes to the creation of charter schools in your county or city?,,DEM,YES,125,7,89,29,0
Jenkins,,Democratic Party Question 1<br>Should the Georgia Constitution be amended to allow the state to override locally-elected school boards’ decisions when it comes to the creation of charter schools in your county or city?,,DEM,NO,1067,90,541,435,1
Jenkins,Jenkins Co Prim/Elem,Democratic Party Question 1<br>Should the Georgia Constitution be amended to allow the state to override locally-elected school boards’ decisions when it comes to the creation of charter schools in your county or city?,,DEM,NO,185,20,96,69,0
Jenkins,Court House,Democratic Party Question 1<br>Should the Georgia Constitution be amended to allow the state to override locally-elected school boards’ decisions when it comes to the creation of charter schools in your county or city?,,DEM,NO,234,20,105,109,0
Jenkins,Perkins,Democratic Party Question 1<br>Should the Georgia Constitution be amended to allow the state to override locally-elected school boards’ decisions when it comes to the creation of charter schools in your county or city?,,DEM,NO,184,23,76,85,0
Jenkins,Senior Citizens Bld,Democratic Party Question 1<br>Should the Georgia Constitution be amended to allow the state to override locally-elected school boards’ decisions when it comes to the creation of charter schools in your county or city?,,DEM,NO,263,11,150,101,1
Jenkins,Four Points,Democratic Party Question 1<br>Should the Georgia Constitution be amended to allow the state to override locally-elected school boards’ decisions when it comes to the creation of charter schools in your county or city?,,DEM,NO,201,16,114,71,0
Jenkins,,Democratic Party Question 2<br>Do you support ending current practice permitting unlimited gifts from lobbyists to state legislators?,,DEM,YES,1224,88,630,505,1
Jenkins,Jenkins Co Prim/Elem,Democratic Party Question 2<br>Do you support ending current practice permitting unlimited gifts from lobbyists to state legislators?,,DEM,YES,227,17,127,83,0
Jenkins,Court House,Democratic Party Question 2<br>Do you support ending current practice permitting unlimited gifts from lobbyists to state legislators?,,DEM,YES,278,27,116,135,0
Jenkins,Perkins,Democratic Party Question 2<br>Do you support ending current practice permitting unlimited gifts from lobbyists to state legislators?,,DEM,YES,202,28,78,96,0
Jenkins,Senior Citizens Bld,Democratic Party Question 2<br>Do you support ending current practice permitting unlimited gifts from lobbyists to state legislators?,,DEM,YES,315,7,183,124,1
Jenkins,Four Points,Democratic Party Question 2<br>Do you support ending current practice permitting unlimited gifts from lobbyists to state legislators?,,DEM,YES,202,9,126,67,0
Jenkins,,Democratic Party Question 2<br>Do you support ending current practice permitting unlimited gifts from lobbyists to state legislators?,,DEM,NO,628,59,369,200,0
Jenkins,Jenkins Co Prim/Elem,Democratic Party Question 2<br>Do you support ending current practice permitting unlimited gifts from lobbyists to state legislators?,,DEM,NO,145,17,92,36,0
Jenkins,Court House,Democratic Party Question 2<br>Do you support ending current practice permitting unlimited gifts from lobbyists to state legislators?,,DEM,NO,154,20,80,54,0
Jenkins,Perkins,Democratic Party Question 2<br>Do you support ending current practice permitting unlimited gifts from lobbyists to state legislators?,,DEM,NO,95,5,48,42,0
Jenkins,Senior Citizens Bld,Democratic Party Question 2<br>Do you support ending current practice permitting unlimited gifts from lobbyists to state legislators?,,DEM,NO,114,6,71,37,0
Jenkins,Four Points,Democratic Party Question 2<br>Do you support ending current practice permitting unlimited gifts from lobbyists to state legislators?,,DEM,NO,120,11,78,31,0
Jenkins,,Democratic Party Question 3<br>Should Georgia adopt an income tax credit for home energy costs to support the economic security of our families?,,DEM,YES,1457,119,787,550,1
Jenkins,Jenkins Co Prim/Elem,Democratic Party Question 3<br>Should Georgia adopt an income tax credit for home energy costs to support the economic security of our families?,,DEM,YES,314,25,185,104,0
Jenkins,Court House,Democratic Party Question 3<br>Should Georgia adopt an income tax credit for home energy costs to support the economic security of our families?,,DEM,YES,344,40,160,144,0
Jenkins,Perkins,Democratic Party Question 3<br>Should Georgia adopt an income tax credit for home energy costs to support the economic security of our families?,,DEM,YES,223,26,95,102,0
Jenkins,Senior Citizens Bld,Democratic Party Question 3<br>Should Georgia adopt an income tax credit for home energy costs to support the economic security of our families?,,DEM,YES,317,9,184,123,1
Jenkins,Four Points,Democratic Party Question 3<br>Should Georgia adopt an income tax credit for home energy costs to support the economic security of our families?,,DEM,YES,259,19,163,77,0
Jenkins,,Democratic Party Question 3<br>Should Georgia adopt an income tax credit for home energy costs to support the economic security of our families?,,DEM,NO,416,32,228,156,0
Jenkins,Jenkins Co Prim/Elem,Democratic Party Question 3<br>Should Georgia adopt an income tax credit for home energy costs to support the economic security of our families?,,DEM,NO,67,10,37,20,0
Jenkins,Court House,Democratic Party Question 3<br>Should Georgia adopt an income tax credit for home energy costs to support the economic security of our families?,,DEM,NO,94,6,42,46,0
Jenkins,Perkins,Democratic Party Question 3<br>Should Georgia adopt an income tax credit for home energy costs to support the economic security of our families?,,DEM,NO,77,7,37,33,0
Jenkins,Senior Citizens Bld,Democratic Party Question 3<br>Should Georgia adopt an income tax credit for home energy costs to support the economic security of our families?,,DEM,NO,109,3,67,39,0
Jenkins,Four Points,Democratic Party Question 3<br>Should Georgia adopt an income tax credit for home energy costs to support the economic security of our families?,,DEM,NO,69,6,45,18,0
Jenkins,,Democratic Party Question 4 <br>Should Georgia reduce sales taxes on Made in Georgia products so as to support the growth of small businesses in our state?,,DEM,YES,1687,130,912,644,1
Jenkins,Jenkins Co Prim/Elem,Democratic Party Question 4 <br>Should Georgia reduce sales taxes on Made in Georgia products so as to support the growth of small businesses in our state?,,DEM,YES,347,30,205,112,0
Jenkins,Court House,Democratic Party Question 4 <br>Should Georgia reduce sales taxes on Made in Georgia products so as to support the growth of small businesses in our state?,,DEM,YES,406,40,192,174,0
Jenkins,Perkins,Democratic Party Question 4 <br>Should Georgia reduce sales taxes on Made in Georgia products so as to support the growth of small businesses in our state?,,DEM,YES,265,31,111,123,0
Jenkins,Senior Citizens Bld,Democratic Party Question 4 <br>Should Georgia reduce sales taxes on Made in Georgia products so as to support the growth of small businesses in our state?,,DEM,YES,378,11,220,146,1
Jenkins,Four Points,Democratic Party Question 4 <br>Should Georgia reduce sales taxes on Made in Georgia products so as to support the growth of small businesses in our state?,,DEM,YES,291,18,184,89,0
Jenkins,,Democratic Party Question 4 <br>Should Georgia reduce sales taxes on Made in Georgia products so as to support the growth of small businesses in our state?,,DEM,NO,249,22,142,85,0
Jenkins,Jenkins Co Prim/Elem,Democratic Party Question 4 <br>Should Georgia reduce sales taxes on Made in Georgia products so as to support the growth of small businesses in our state?,,DEM,NO,48,7,26,15,0
Jenkins,Court House,Democratic Party Question 4 <br>Should Georgia reduce sales taxes on Made in Georgia products so as to support the growth of small businesses in our state?,,DEM,NO,48,5,22,21,0
Jenkins,Perkins,Democratic Party Question 4 <br>Should Georgia reduce sales taxes on Made in Georgia products so as to support the growth of small businesses in our state?,,DEM,NO,42,2,25,15,0
Jenkins,Senior Citizens Bld,Democratic Party Question 4 <br>Should Georgia reduce sales taxes on Made in Georgia products so as to support the growth of small businesses in our state?,,DEM,NO,63,1,41,21,0
Jenkins,Four Points,Democratic Party Question 4 <br>Should Georgia reduce sales taxes on Made in Georgia products so as to support the growth of small businesses in our state?,,DEM,NO,48,7,28,13,0
Jenkins,,Supreme Court Justice, Hunstein,,CAROL HUNSTEIN ,1688,130,973,583,2
Jenkins,Jenkins Co Prim/Elem,Supreme Court Justice, Hunstein,,CAROL HUNSTEIN ,319,31,190,98,0
Jenkins,Court House,Supreme Court Justice, Hunstein,,CAROL HUNSTEIN ,376,41,184,150,1
Jenkins,Perkins,Supreme Court Justice, Hunstein,,CAROL HUNSTEIN ,309,30,162,117,0
Jenkins,Senior Citizens Bld,Supreme Court Justice, Hunstein,,CAROL HUNSTEIN ,398,15,235,147,1
Jenkins,Four Points,Supreme Court Justice, Hunstein,,CAROL HUNSTEIN ,286,13,202,71,0
Jenkins,,Supreme Court Justice, Hunstein,,Write-in,4,0,3,1,0
Jenkins,Jenkins Co Prim/Elem,Supreme Court Justice, Hunstein,,Write-in,0,0,0,0,0
Jenkins,Court House,Supreme Court Justice, Hunstein,,Write-in,2,0,2,0,0
Jenkins,Perkins,Supreme Court Justice, Hunstein,,Write-in,1,0,1,0,0
Jenkins,Senior Citizens Bld,Supreme Court Justice, Hunstein,,Write-in,1,0,0,1,0
Jenkins,Four Points,Supreme Court Justice, Hunstein,,Write-in,0,0,0,0,0
Jenkins,,Supreme Court Justice, Melton,,HAROLD D. MELTON ,1667,132,953,580,2
Jenkins,Jenkins Co Prim/Elem,Supreme Court Justice, Melton,,HAROLD D. MELTON ,314,33,183,98,0
Jenkins,Court House,Supreme Court Justice, Melton,,HAROLD D. MELTON ,369,40,179,149,1
Jenkins,Perkins,Supreme Court Justice, Melton,,HAROLD D. MELTON ,307,29,161,117,0
Jenkins,Senior Citizens Bld,Supreme Court Justice, Melton,,HAROLD D. MELTON ,391,16,229,145,1
Jenkins,Four Points,Supreme Court Justice, Melton,,HAROLD D. MELTON ,286,14,201,71,0
Jenkins,,Supreme Court Justice, Melton,,Write-in,3,0,3,0,0
Jenkins,Jenkins Co Prim/Elem,Supreme Court Justice, Melton,,Write-in,0,0,0,0,0
Jenkins,Court House,Supreme Court Justice, Melton,,Write-in,2,0,2,0,0
Jenkins,Perkins,Supreme Court Justice, Melton,,Write-in,1,0,1,0,0
Jenkins,Senior Citizens Bld,Supreme Court Justice, Melton,,Write-in,0,0,0,0,0
Jenkins,Four Points,Supreme Court Justice, Melton,,Write-in,0,0,0,0,0
Jenkins,,Supreme Court Justice, Thompson,,HUGH P. THOMPSON ,1674,132,960,580,2
Jenkins,Jenkins Co Prim/Elem,Supreme Court Justice, Thompson,,HUGH P. THOMPSON ,313,32,184,97,0
Jenkins,Court House,Supreme Court Justice, Thompson,,HUGH P. THOMPSON ,371,40,182,148,1
Jenkins,Perkins,Supreme Court Justice, Thompson,,HUGH P. THOMPSON ,302,30,154,118,0
Jenkins,Senior Citizens Bld,Supreme Court Justice, Thompson,,HUGH P. THOMPSON ,397,17,235,144,1
Jenkins,Four Points,Supreme Court Justice, Thompson,,HUGH P. THOMPSON ,291,13,205,73,0
Jenkins,,Supreme Court Justice, Thompson,,Write-in,3,1,2,0,0
Jenkins,Jenkins Co Prim/Elem,Supreme Court Justice, Thompson,,Write-in,0,0,0,0,0
Jenkins,Court House,Supreme Court Justice, Thompson,,Write-in,2,1,1,0,0
Jenkins,Perkins,Supreme Court Justice, Thompson,,Write-in,1,0,1,0,0
Jenkins,Senior Citizens Bld,Supreme Court Justice, Thompson,,Write-in,0,0,0,0,0
Jenkins,Four Points,Supreme Court Justice, Thompson,,Write-in,0,0,0,0,0
Jenkins,,Appeals Court Judge, Boggs,,MICHAEL P. BOGGS ,1623,131,929,561,2
Jenkins,Jenkins Co Prim/Elem,Appeals Court Judge, Boggs,,MICHAEL P. BOGGS ,308,33,178,97,0
Jenkins,Court House,Appeals Court Judge, Boggs,,MICHAEL P. BOGGS ,361,40,178,142,1
Jenkins,Perkins,Appeals Court Judge, Boggs,,MICHAEL P. BOGGS ,300,29,157,114,0
Jenkins,Senior Citizens Bld,Appeals Court Judge, Boggs,,MICHAEL P. BOGGS ,382,16,222,143,1
Jenkins,Four Points,Appeals Court Judge, Boggs,,MICHAEL P. BOGGS ,272,13,194,65,0
Jenkins,,Appeals Court Judge, Boggs,,Write-in,2,0,2,0,0
Jenkins,Jenkins Co Prim/Elem,Appeals Court Judge, Boggs,,Write-in,0,0,0,0,0
Jenkins,Court House,Appeals Court Judge, Boggs,,Write-in,1,0,1,0,0
Jenkins,Perkins,Appeals Court Judge, Boggs,,Write-in,1,0,1,0,0
Jenkins,Senior Citizens Bld,Appeals Court Judge, Boggs,,Write-in,0,0,0,0,0
Jenkins,Four Points,Appeals Court Judge, Boggs,,Write-in,0,0,0,0,0
Jenkins,,Appeals Court Judge, Dillard,,STEPHEN DILLARD ,1637,130,939,566,2
Jenkins,Jenkins Co Prim/Elem,Appeals Court Judge, Dillard,,STEPHEN DILLARD ,310,32,182,96,0
Jenkins,Court House,Appeals Court Judge, Dillard,,STEPHEN DILLARD ,368,40,185,142,1
Jenkins,Perkins,Appeals Court Judge, Dillard,,STEPHEN DILLARD ,298,29,155,114,0
Jenkins,Senior Citizens Bld,Appeals Court Judge, Dillard,,STEPHEN DILLARD ,382,16,222,143,1
Jenkins,Four Points,Appeals Court Judge, Dillard,,STEPHEN DILLARD ,279,13,195,71,0
Jenkins,,Appeals Court Judge, Dillard,,Write-in,2,0,2,0,0
Jenkins,Jenkins Co Prim/Elem,Appeals Court Judge, Dillard,,Write-in,0,0,0,0,0
Jenkins,Court House,Appeals Court Judge, Dillard,,Write-in,1,0,1,0,0
Jenkins,Perkins,Appeals Court Judge, Dillard,,Write-in,1,0,1,0,0
Jenkins,Senior Citizens Bld,Appeals Court Judge, Dillard,,Write-in,0,0,0,0,0
Jenkins,Four Points,Appeals Court Judge, Dillard,,Write-in,0,0,0,0,0
Jenkins,,Appeals Court Judge, Ellington,,JOHN ELLINGTON ,1609,129,924,554,2
Jenkins,Jenkins Co Prim/Elem,Appeals Court Judge, Ellington,,JOHN ELLINGTON ,302,33,172,97,0
Jenkins,Court House,Appeals Court Judge, Ellington,,JOHN ELLINGTON ,359,38,184,136,1
Jenkins,Perkins,Appeals Court Judge, Ellington,,JOHN ELLINGTON ,298,30,157,111,0
Jenkins,Senior Citizens Bld,Appeals Court Judge, Ellington,,JOHN ELLINGTON ,381,16,221,143,1
Jenkins,Four Points,Appeals Court Judge, Ellington,,JOHN ELLINGTON ,269,12,190,67,0
Jenkins,,Appeals Court Judge, Ellington,,Write-in,4,2,2,0,0
Jenkins,Jenkins Co Prim/Elem,Appeals Court Judge, Ellington,,Write-in,0,0,0,0,0
Jenkins,Court House,Appeals Court Judge, Ellington,,Write-in,3,2,1,0,0
Jenkins,Perkins,Appeals Court Judge, Ellington,,Write-in,1,0,1,0,0
Jenkins,Senior Citizens Bld,Appeals Court Judge, Ellington,,Write-in,0,0,0,0,0
Jenkins,Four Points,Appeals Court Judge, Ellington,,Write-in,0,0,0,0,0
Jenkins,,Appeals Court Judge, Miller,,M. YVETTE MILLER ,1604,135,920,547,2
Jenkins,Jenkins Co Prim/Elem,Appeals Court Judge, Miller,,M. YVETTE MILLER ,296,32,174,90,0
Jenkins,Court House,Appeals Court Judge, Miller,,M. YVETTE MILLER ,362,43,175,143,1
Jenkins,Perkins,Appeals Court Judge, Miller,,M. YVETTE MILLER ,296,30,155,111,0
Jenkins,Senior Citizens Bld,Appeals Court Judge, Miller,,M. YVETTE MILLER ,380,16,223,140,1
Jenkins,Four Points,Appeals Court Judge, Miller,,M. YVETTE MILLER ,270,14,193,63,0
Jenkins,,Appeals Court Judge, Miller,,Write-in,2,0,2,0,0
Jenkins,Jenkins Co Prim/Elem,Appeals Court Judge, Miller,,Write-in,0,0,0,0,0
Jenkins,Court House,Appeals Court Judge, Miller,,Write-in,1,0,1,0,0
Jenkins,Perkins,Appeals Court Judge, Miller,,Write-in,1,0,1,0,0
Jenkins,Senior Citizens Bld,Appeals Court Judge, Miller,,Write-in,0,0,0,0,0
Jenkins,Four Points,Appeals Court Judge, Miller,,Write-in,0,0,0,0,0
Jenkins,,Appeals Court Judge, Phipps,,HERBERT PHIPPS ,1587,131,911,543,2
Jenkins,Jenkins Co Prim/Elem,Appeals Court Judge, Phipps,,HERBERT PHIPPS ,294,32,172,90,0
Jenkins,Court House,Appeals Court Judge, Phipps,,HERBERT PHIPPS ,358,40,178,139,1
Jenkins,Perkins,Appeals Court Judge, Phipps,,HERBERT PHIPPS ,293,30,154,109,0
Jenkins,Senior Citizens Bld,Appeals Court Judge, Phipps,,HERBERT PHIPPS ,376,16,219,140,1
Jenkins,Four Points,Appeals Court Judge, Phipps,,HERBERT PHIPPS ,266,13,188,65,0
Jenkins,,Appeals Court Judge, Phipps,,Write-in,2,0,2,0,0
Jenkins,Jenkins Co Prim/Elem,Appeals Court Judge, Phipps,,Write-in,0,0,0,0,0
Jenkins,Court House,Appeals Court Judge, Phipps,,Write-in,1,0,1,0,0
Jenkins,Perkins,Appeals Court Judge, Phipps,,Write-in,1,0,1,0,0
Jenkins,Senior Citizens Bld,Appeals Court Judge, Phipps,,Write-in,0,0,0,0,0
Jenkins,Four Points,Appeals Court Judge, Phipps,,Write-in,0,0,0,0,0
Jenkins,,Superior Court Judge, Ogeechee Circuit (Peed),,F. GATES PEED ,1753,139,984,628,2
Jenkins,Jenkins Co Prim/Elem,Superior Court Judge, Ogeechee Circuit (Peed),,F. GATES PEED ,327,35,185,107,0
Jenkins,Court House,Superior Court Judge, Ogeechee Circuit (Peed),,F. GATES PEED ,386,42,184,159,1
Jenkins,Perkins,Superior Court Judge, Ogeechee Circuit (Peed),,F. GATES PEED ,320,30,160,130,0
Jenkins,Senior Citizens Bld,Superior Court Judge, Ogeechee Circuit (Peed),,F. GATES PEED ,420,16,248,155,1
Jenkins,Four Points,Superior Court Judge, Ogeechee Circuit (Peed),,F. GATES PEED ,300,16,207,77,0
Jenkins,,Superior Court Judge, Ogeechee Circuit (Peed),,Write-in,5,0,5,0,0
Jenkins,Jenkins Co Prim/Elem,Superior Court Judge, Ogeechee Circuit (Peed),,Write-in,1,0,1,0,0
Jenkins,Court House,Superior Court Judge, Ogeechee Circuit (Peed),,Write-in,1,0,1,0,0
Jenkins,Perkins,Superior Court Judge, Ogeechee Circuit (Peed),,Write-in,2,0,2,0,0
Jenkins,Senior Citizens Bld,Superior Court Judge, Ogeechee Circuit (Peed),,Write-in,0,0,0,0,0
Jenkins,Four Points,Superior Court Judge, Ogeechee Circuit (Peed),,Write-in,1,0,1,0,0
Jenkins,,Superior Court Judge, Ogeechee Circuit (Turner),,JOHN R. TURNER ,1738,141,970,625,2
Jenkins,Jenkins Co Prim/Elem,Superior Court Judge, Ogeechee Circuit (Turner),,JOHN R. TURNER ,314,35,175,104,0
Jenkins,Court House,Superior Court Judge, Ogeechee Circuit (Turner),,JOHN R. TURNER ,390,41,190,158,1
Jenkins,Perkins,Superior Court Judge, Ogeechee Circuit (Turner),,JOHN R. TURNER ,322,33,161,128,0
Jenkins,Senior Citizens Bld,Superior Court Judge, Ogeechee Circuit (Turner),,JOHN R. TURNER ,406,16,234,155,1
Jenkins,Four Points,Superior Court Judge, Ogeechee Circuit (Turner),,JOHN R. TURNER ,306,16,210,80,0
Jenkins,,Superior Court Judge, Ogeechee Circuit (Turner),,Write-in,4,0,3,1,0
Jenkins,Jenkins Co Prim/Elem,Superior Court Judge, Ogeechee Circuit (Turner),,Write-in,1,0,1,0,0
Jenkins,Court House,Superior Court Judge, Ogeechee Circuit (Turner),,Write-in,1,0,1,0,0
Jenkins,Perkins,Superior Court Judge, Ogeechee Circuit (Turner),,Write-in,2,0,1,1,0
Jenkins,Senior Citizens Bld,Superior Court Judge, Ogeechee Circuit (Turner),,Write-in,0,0,0,0,0
Jenkins,Four Points,Superior Court Judge, Ogeechee Circuit (Turner),,Write-in,0,0,0,0,0
Jenkins,,Superior Court Judge, Ogeechee Circuit (Woodrum),,WILLIAM WOODRUM ,1976,152,1112,710,2
Jenkins,Jenkins Co Prim/Elem,Superior Court Judge, Ogeechee Circuit (Woodrum),,WILLIAM WOODRUM ,379,39,218,122,0
Jenkins,Court House,Superior Court Judge, Ogeechee Circuit (Woodrum),,WILLIAM WOODRUM ,443,43,214,185,1
Jenkins,Perkins,Superior Court Judge, Ogeechee Circuit (Woodrum),,WILLIAM WOODRUM ,350,33,175,142,0
Jenkins,Senior Citizens Bld,Superior Court Judge, Ogeechee Circuit (Woodrum),,WILLIAM WOODRUM ,468,18,274,175,1
Jenkins,Four Points,Superior Court Judge, Ogeechee Circuit (Woodrum),,WILLIAM WOODRUM ,336,19,231,86,0
Jenkins,,Superior Court Judge, Ogeechee Circuit (Woodrum),,Write-in,5,1,3,1,0
Jenkins,Jenkins Co Prim/Elem,Superior Court Judge, Ogeechee Circuit (Woodrum),,Write-in,1,0,1,0,0
Jenkins,Court House,Superior Court Judge, Ogeechee Circuit (Woodrum),,Write-in,2,1,1,0,0
Jenkins,Perkins,Superior Court Judge, Ogeechee Circuit (Woodrum),,Write-in,2,0,1,1,0
Jenkins,Senior Citizens Bld,Superior Court Judge, Ogeechee Circuit (Woodrum),,Write-in,0,0,0,0,0
Jenkins,Four Points,Superior Court Judge, Ogeechee Circuit (Woodrum),,Write-in,0,0,0,0,0
Jenkins,,BOE 1,,,MARY J. YOUNG ,386,35,238,113,0
Jenkins,Jenkins Co Prim/Elem,BOE 1,,,MARY J. YOUNG ,386,35,238,113,0
Jenkins,,BOE 1,,,Write-in,0,0,0,0,0
Jenkins,Jenkins Co Prim/Elem,BOE 1,,,Write-in,0,0,0,0,0
Jenkins,,BOE 3,,,ROY COOK ,350,32,184,134,0
Jenkins,Perkins,BOE 3,,,ROY COOK ,350,32,184,134,0
Jenkins,,BOE 3,,,Write-in,5,0,3,2,0
Jenkins,Perkins,BOE 3,,,Write-in,5,0,3,2,0
Jenkins,,BOE 4,,,FREDDIE BRINSON ,471,18,278,174,1
Jenkins,Senior Citizens Bld,BOE 4,,,FREDDIE BRINSON ,471,18,278,174,1
Jenkins,,BOE 4,,,Write-in,0,0,0,0,0
Jenkins,Senior Citizens Bld,BOE 4,,,Write-in,0,0,0,0,0
Jenkins,,TSPLOST,,,YES,1522,102,874,544,2
Jenkins,Jenkins Co Prim/Elem,TSPLOST,,,YES,294,24,180,90,0
Jenkins,Court House,TSPLOST,,,YES,351,34,173,143,1
Jenkins,Perkins,TSPLOST,,,YES,246,19,124,103,0
Jenkins,Senior Citizens Bld,TSPLOST,,,YES,359,12,212,134,1
Jenkins,Four Points,TSPLOST,,,YES,272,13,185,74,0
Jenkins,,TSPLOST,,,NO,806,59,463,283,1
Jenkins,Jenkins Co Prim/Elem,TSPLOST,,,NO,141,12,80,49,0
Jenkins,Court House,TSPLOST,,,NO,169,14,78,77,0
Jenkins,Perkins,TSPLOST,,,NO,163,16,88,59,0
Jenkins,Senior Citizens Bld,TSPLOST,,,NO,178,8,113,57,0
Jenkins,Four Points,TSPLOST,,,NO,155,9,104,41,1
