county,precinct,office,district,party,candidate,votes,absentee_by_mail,election_day,advance_in_person,provisional
Jones,,"Public Service Commission, District 3",3,REP,CHUCK EATON (I),1696,238,1163,294,1
Jones,GRAY,"Public Service Commission, District 3",3,REP,CHUCK EATON (I),249,32,141,76,0
Jones,HAWKINS,"Public Service Commission, District 3",3,REP,CHUCK EATON (I),156,12,107,36,1
Jones,ETHRIDGE,"Public Service Commission, District 3",3,REP,CHUCK EATON (I),147,34,86,27,0
Jones,CLINTON,"Public Service Commission, District 3",3,REP,CHUCK EATON (I),239,44,148,47,0
Jones,ROBERTS,"Public Service Commission, District 3",3,REP,CHUCK EATON (I),173,32,121,20,0
Jones,DAVIDSON,"Public Service Commission, District 3",3,REP,CHUCK EATON (I),133,6,101,26,0
Jones,POPE,"Public Service Commission, District 3",3,REP,CHUCK EATON (I),142,22,101,19,0
Jones,BARRON,"Public Service Commission, District 3",3,REP,CHUCK EATON (I),102,20,69,13,0
Jones,WHITE,"Public Service Commission, District 3",3,REP,CHUCK EATON (I),50,2,43,5,0
Jones,SANDERS,"Public Service Commission, District 3",3,REP,CHUCK EATON (I),20,2,18,0,0
Jones,FINNEY,"Public Service Commission, District 3",3,REP,CHUCK EATON (I),285,32,228,25,0
Jones,,"Public Service Commission, District 3",3,REP,MATT REID,769,90,555,124,0
Jones,GRAY,"Public Service Commission, District 3",3,REP,MATT REID,101,18,57,26,0
Jones,HAWKINS,"Public Service Commission, District 3",3,REP,MATT REID,68,16,41,11,0
Jones,ETHRIDGE,"Public Service Commission, District 3",3,REP,MATT REID,51,6,34,11,0
Jones,CLINTON,"Public Service Commission, District 3",3,REP,MATT REID,113,12,78,23,0
Jones,ROBERTS,"Public Service Commission, District 3",3,REP,MATT REID,87,10,70,7,0
Jones,DAVIDSON,"Public Service Commission, District 3",3,REP,MATT REID,64,6,43,15,0
Jones,POPE,"Public Service Commission, District 3",3,REP,MATT REID,58,6,44,8,0
Jones,BARRON,"Public Service Commission, District 3",3,REP,MATT REID,49,4,37,8,0
Jones,WHITE,"Public Service Commission, District 3",3,REP,MATT REID,25,2,20,3,0
Jones,SANDERS,"Public Service Commission, District 3",3,REP,MATT REID,13,0,12,1,0
Jones,FINNEY,"Public Service Commission, District 3",3,REP,MATT REID,140,10,119,11,0
Jones,,"Public Service Commission, District 3",3,DEM,STEPHEN OPPENHEIMER,1428,186,951,291,0
Jones,GRAY,"Public Service Commission, District 3",3,DEM,STEPHEN OPPENHEIMER,149,10,97,42,0
Jones,HAWKINS,"Public Service Commission, District 3",3,DEM,STEPHEN OPPENHEIMER,313,44,207,62,0
Jones,ETHRIDGE,"Public Service Commission, District 3",3,DEM,STEPHEN OPPENHEIMER,199,40,109,50,0
Jones,CLINTON,"Public Service Commission, District 3",3,DEM,STEPHEN OPPENHEIMER,142,28,80,34,0
Jones,ROBERTS,"Public Service Commission, District 3",3,DEM,STEPHEN OPPENHEIMER,139,16,108,15,0
Jones,DAVIDSON,"Public Service Commission, District 3",3,DEM,STEPHEN OPPENHEIMER,82,6,62,14,0
Jones,POPE,"Public Service Commission, District 3",3,DEM,STEPHEN OPPENHEIMER,215,32,137,46,0
Jones,BARRON,"Public Service Commission, District 3",3,DEM,STEPHEN OPPENHEIMER,50,0,41,9,0
Jones,WHITE,"Public Service Commission, District 3",3,DEM,STEPHEN OPPENHEIMER,34,0,26,8,0
Jones,SANDERS,"Public Service Commission, District 3",3,DEM,STEPHEN OPPENHEIMER,4,0,4,0,0
Jones,FINNEY,"Public Service Commission, District 3",3,DEM,STEPHEN OPPENHEIMER,101,10,80,11,0
Jones,,"Public Service Commission, District 5",5,REP,PAM DAVIDSON,1013,138,701,174,0
Jones,GRAY,"Public Service Commission, District 5",5,REP,PAM DAVIDSON,144,30,74,40,0
Jones,HAWKINS,"Public Service Commission, District 5",5,REP,PAM DAVIDSON,93,18,53,22,0
Jones,ETHRIDGE,"Public Service Commission, District 5",5,REP,PAM DAVIDSON,70,8,48,14,0
Jones,CLINTON,"Public Service Commission, District 5",5,REP,PAM DAVIDSON,155,20,104,31,0
Jones,ROBERTS,"Public Service Commission, District 5",5,REP,PAM DAVIDSON,108,16,79,13,0
Jones,DAVIDSON,"Public Service Commission, District 5",5,REP,PAM DAVIDSON,81,4,63,14,0
Jones,POPE,"Public Service Commission, District 5",5,REP,PAM DAVIDSON,85,12,62,11,0
Jones,BARRON,"Public Service Commission, District 5",5,REP,PAM DAVIDSON,61,10,39,12,0
Jones,WHITE,"Public Service Commission, District 5",5,REP,PAM DAVIDSON,20,0,17,3,0
Jones,SANDERS,"Public Service Commission, District 5",5,REP,PAM DAVIDSON,14,0,13,1,0
Jones,FINNEY,"Public Service Commission, District 5",5,REP,PAM DAVIDSON,182,20,149,13,0
Jones,,"Public Service Commission, District 5",5,REP,STAN WISE (I),1458,198,1005,254,1
Jones,GRAY,"Public Service Commission, District 5",5,REP,STAN WISE (I),204,20,121,63,0
Jones,HAWKINS,"Public Service Commission, District 5",5,REP,STAN WISE (I),136,16,93,26,1
Jones,ETHRIDGE,"Public Service Commission, District 5",5,REP,STAN WISE (I),123,28,70,25,0
Jones,CLINTON,"Public Service Commission, District 5",5,REP,STAN WISE (I),201,38,120,43,0
Jones,ROBERTS,"Public Service Commission, District 5",5,REP,STAN WISE (I),146,26,107,13,0
Jones,DAVIDSON,"Public Service Commission, District 5",5,REP,STAN WISE (I),117,8,81,28,0
Jones,POPE,"Public Service Commission, District 5",5,REP,STAN WISE (I),120,16,87,17,0
Jones,BARRON,"Public Service Commission, District 5",5,REP,STAN WISE (I),92,16,65,11,0
Jones,WHITE,"Public Service Commission, District 5",5,REP,STAN WISE (I),54,4,45,5,0
Jones,SANDERS,"Public Service Commission, District 5",5,REP,STAN WISE (I),16,2,14,0,0
Jones,FINNEY,"Public Service Commission, District 5",5,REP,STAN WISE (I),249,24,202,23,0
Jones,,"U.S. Representative, District 8",8,REP,AUSTIN SCOTT (I),2387,326,1650,410,1
Jones,GRAY,"U.S. Representative, District 8",8,REP,AUSTIN SCOTT (I),347,44,203,100,0
Jones,HAWKINS,"U.S. Representative, District 8",8,REP,AUSTIN SCOTT (I),213,30,138,44,1
Jones,ETHRIDGE,"U.S. Representative, District 8",8,REP,AUSTIN SCOTT (I),201,38,122,41,0
Jones,CLINTON,"U.S. Representative, District 8",8,REP,AUSTIN SCOTT (I),340,60,208,72,0
Jones,ROBERTS,"U.S. Representative, District 8",8,REP,AUSTIN SCOTT (I),255,46,183,26,0
Jones,DAVIDSON,"U.S. Representative, District 8",8,REP,AUSTIN SCOTT (I),188,12,139,37,0
Jones,POPE,"U.S. Representative, District 8",8,REP,AUSTIN SCOTT (I),191,28,136,27,0
Jones,BARRON,"U.S. Representative, District 8",8,REP,AUSTIN SCOTT (I),142,28,93,21,0
Jones,WHITE,"U.S. Representative, District 8",8,REP,AUSTIN SCOTT (I),64,2,55,7,0
Jones,SANDERS,"U.S. Representative, District 8",8,REP,AUSTIN SCOTT (I),34,4,29,1,0
Jones,FINNEY,"U.S. Representative, District 8",8,REP,AUSTIN SCOTT (I),412,34,344,34,0
Jones,,"State Senator, District 25",25,REP,JOHNNY GRANT (I),628,116,417,95,0
Jones,CLINTON,"State Senator, District 25",25,REP,JOHNNY GRANT (I),172,46,87,39,0
Jones,POPE,"State Senator, District 25",25,REP,JOHNNY GRANT (I),121,24,81,16,0
Jones,BARRON,"State Senator, District 25",25,REP,JOHNNY GRANT (I),84,18,50,16,0
Jones,WHITE,"State Senator, District 25",25,REP,JOHNNY GRANT (I),22,2,17,3,0
Jones,SANDERS,"State Senator, District 25",25,REP,JOHNNY GRANT (I),17,4,13,0,0
Jones,FINNEY,"State Senator, District 25",25,REP,JOHNNY GRANT (I),212,22,169,21,0
Jones,,"State Senator, District 25",25,REP,BURT JONES,642,40,528,74,0
Jones,CLINTON,"State Senator, District 25",25,REP,BURT JONES,190,10,146,34,0
Jones,POPE,"State Senator, District 25",25,REP,BURT JONES,90,6,72,12,0
Jones,BARRON,"State Senator, District 25",25,REP,BURT JONES,76,6,58,12,0
Jones,WHITE,"State Senator, District 25",25,REP,BURT JONES,56,2,50,4,0
Jones,SANDERS,"State Senator, District 25",25,REP,BURT JONES,16,0,15,1,0
Jones,FINNEY,"State Senator, District 25",25,REP,BURT JONES,214,16,187,11,0
Jones,,"State Senator, District 25",25,DEM,DARRELL BLACK,530,70,358,102,0
Jones,CLINTON,"State Senator, District 25",25,DEM,DARRELL BLACK,131,28,75,28,0
Jones,POPE,"State Senator, District 25",25,DEM,DARRELL BLACK,209,32,133,44,0
Jones,BARRON,"State Senator, District 25",25,DEM,DARRELL BLACK,54,0,42,12,0
Jones,WHITE,"State Senator, District 25",25,DEM,DARRELL BLACK,33,0,26,7,0
Jones,SANDERS,"State Senator, District 25",25,DEM,DARRELL BLACK,5,0,5,0,0
Jones,FINNEY,"State Senator, District 25",25,DEM,DARRELL BLACK,98,10,77,11,0
Jones,,"State Senator, District 26",26,REP,BOBBY GALE,1101,158,705,237,1
Jones,GRAY,"State Senator, District 26",26,REP,BOBBY GALE,322,46,181,95,0
Jones,HAWKINS,"State Senator, District 26",26,REP,BOBBY GALE,188,24,122,41,1
Jones,ETHRIDGE,"State Senator, District 26",26,REP,BOBBY GALE,182,36,110,36,0
Jones,CLINTON,"State Senator, District 26",26,REP,BOBBY GALE,8,0,5,3,0
Jones,ROBERTS,"State Senator, District 26",26,REP,BOBBY GALE,225,40,160,25,0
Jones,DAVIDSON,"State Senator, District 26",26,REP,BOBBY GALE,176,12,127,37,0
Jones,,"State Senator, District 26",26,DEM,DAVID E. LUCAS SR.,626,80,408,138,0
Jones,GRAY,"State Senator, District 26",26,DEM,DAVID E. LUCAS SR.,82,4,55,23,0
Jones,HAWKINS,"State Senator, District 26",26,DEM,DAVID E. LUCAS SR.,279,32,188,59,0
Jones,ETHRIDGE,"State Senator, District 26",26,DEM,DAVID E. LUCAS SR.,135,26,72,37,0
Jones,CLINTON,"State Senator, District 26",26,DEM,DAVID E. LUCAS SR.,5,0,2,3,0
Jones,ROBERTS,"State Senator, District 26",26,DEM,DAVID E. LUCAS SR.,89,8,73,8,0
Jones,DAVIDSON,"State Senator, District 26",26,DEM,DAVID E. LUCAS SR.,36,10,18,8,0
Jones,,"State Senator, District 26",26,DEM,IRVIN MARTINEZ,70,16,37,17,0
Jones,GRAY,"State Senator, District 26",26,DEM,IRVIN MARTINEZ,15,4,8,3,0
Jones,HAWKINS,"State Senator, District 26",26,DEM,IRVIN MARTINEZ,18,10,7,1,0
Jones,ETHRIDGE,"State Senator, District 26",26,DEM,IRVIN MARTINEZ,12,2,6,4,0
Jones,CLINTON,"State Senator, District 26",26,DEM,IRVIN MARTINEZ,0,0,0,0,0
Jones,ROBERTS,"State Senator, District 26",26,DEM,IRVIN MARTINEZ,14,0,8,6,0
Jones,DAVIDSON,"State Senator, District 26",26,DEM,IRVIN MARTINEZ,11,0,8,3,0
Jones,,"State Senator, District 26",26,DEM,MIRIAM PARIS (I),589,44,414,131,0
Jones,GRAY,"State Senator, District 26",26,DEM,MIRIAM PARIS (I),116,4,72,40,0
Jones,HAWKINS,"State Senator, District 26",26,DEM,MIRIAM PARIS (I),164,14,123,27,0
Jones,ETHRIDGE,"State Senator, District 26",26,DEM,MIRIAM PARIS (I),141,14,85,42,0
Jones,CLINTON,"State Senator, District 26",26,DEM,MIRIAM PARIS (I),8,0,5,3,0
Jones,ROBERTS,"State Senator, District 26",26,DEM,MIRIAM PARIS (I),89,10,69,10,0
Jones,DAVIDSON,"State Senator, District 26",26,DEM,MIRIAM PARIS (I),71,2,60,9,0
Jones,,"State Representative, District 129",129,REP,SUSAN HOLMES (I),1801,260,1210,330,1
Jones,GRAY,"State Representative, District 129",129,REP,SUSAN HOLMES (I),337,44,192,101,0
Jones,HAWKINS,"State Representative, District 129",129,REP,SUSAN HOLMES (I),204,30,128,45,1
Jones,ETHRIDGE,"State Representative, District 129",129,REP,SUSAN HOLMES (I),191,38,114,39,0
Jones,CLINTON,"State Representative, District 129",129,REP,SUSAN HOLMES (I),338,58,209,71,0
Jones,POPE,"State Representative, District 129",129,REP,SUSAN HOLMES (I),113,18,79,16,0
Jones,BARRON,"State Representative, District 129",129,REP,SUSAN HOLMES (I),140,28,92,20,0
Jones,WHITE,"State Representative, District 129",129,REP,SUSAN HOLMES (I),59,2,51,6,0
Jones,SANDERS,"State Representative, District 129",129,REP,SUSAN HOLMES (I),30,4,26,0,0
Jones,FINNEY,"State Representative, District 129",129,REP,SUSAN HOLMES (I),389,38,319,32,0
Jones,,"State Representative, District 144",144,REP,JAMES EPPS (I),477,64,342,71,0
Jones,ROBERTS,"State Representative, District 144",144,REP,JAMES EPPS (I),235,44,167,24,0
Jones,DAVIDSON,"State Representative, District 144",144,REP,JAMES EPPS (I),182,12,130,40,0
Jones,POPE,"State Representative, District 144",144,REP,JAMES EPPS (I),60,8,45,7,0
Jones,,"State Representative, District 144",144,DEM,MARY ANN WHIPPLE-LUE,302,28,227,47,0
Jones,ROBERTS,"State Representative, District 144",144,DEM,MARY ANN WHIPPLE-LUE,149,16,118,15,0
Jones,DAVIDSON,"State Representative, District 144",144,DEM,MARY ANN WHIPPLE-LUE,78,4,60,14,0
Jones,POPE,"State Representative, District 144",144,DEM,MARY ANN WHIPPLE-LUE,75,8,49,18,0
Jones,,"District Attorney, Ocmulgee Circuit", Ocmulgee Circuit - DEM,DEM,FRED BRIGHT (I),1642,204,1093,345,0
Jones,GRAY,"District Attorney, Ocmulgee Circuit", Ocmulgee Circuit - DEM,DEM,FRED BRIGHT (I),173,12,117,44,0
Jones,HAWKINS,"District Attorney, Ocmulgee Circuit", Ocmulgee Circuit - DEM,DEM,FRED BRIGHT (I),370,50,253,67,0
Jones,ETHRIDGE,"District Attorney, Ocmulgee Circuit", Ocmulgee Circuit - DEM,DEM,FRED BRIGHT (I),217,40,117,60,0
Jones,CLINTON,"District Attorney, Ocmulgee Circuit", Ocmulgee Circuit - DEM,DEM,FRED BRIGHT (I),161,28,91,42,0
Jones,ROBERTS,"District Attorney, Ocmulgee Circuit", Ocmulgee Circuit - DEM,DEM,FRED BRIGHT (I),155,16,120,19,0
Jones,DAVIDSON,"District Attorney, Ocmulgee Circuit", Ocmulgee Circuit - DEM,DEM,FRED BRIGHT (I),89,10,63,16,0
Jones,POPE,"District Attorney, Ocmulgee Circuit", Ocmulgee Circuit - DEM,DEM,FRED BRIGHT (I),262,34,168,60,0
Jones,BARRON,"District Attorney, Ocmulgee Circuit", Ocmulgee Circuit - DEM,DEM,FRED BRIGHT (I),60,2,44,14,0
Jones,WHITE,"District Attorney, Ocmulgee Circuit", Ocmulgee Circuit - DEM,DEM,FRED BRIGHT (I),43,0,33,10,0
Jones,SANDERS,"District Attorney, Ocmulgee Circuit", Ocmulgee Circuit - DEM,DEM,FRED BRIGHT (I),5,0,5,0,0
Jones,FINNEY,"District Attorney, Ocmulgee Circuit", Ocmulgee Circuit - DEM,DEM,FRED BRIGHT (I),107,12,82,13,0
Jones,,CLERK SUPERIOR COURT,,,BART W. JACKSON ,2348,334,1614,399,1
Jones,GRAY,CLERK SUPERIOR COURT,,,BART W. JACKSON ,340,48,195,97,0
Jones,HAWKINS,CLERK SUPERIOR COURT,,,BART W. JACKSON ,219,32,140,46,1
Jones,ETHRIDGE,CLERK SUPERIOR COURT,,,BART W. JACKSON ,192,38,116,38,0
Jones,CLINTON,CLERK SUPERIOR COURT,,,BART W. JACKSON ,345,60,217,68,0
Jones,ROBERTS,CLERK SUPERIOR COURT,,,BART W. JACKSON ,242,42,174,26,0
Jones,DAVIDSON,CLERK SUPERIOR COURT,,,BART W. JACKSON ,190,12,139,39,0
Jones,POPE,CLERK SUPERIOR COURT,,,BART W. JACKSON ,187,28,133,26,0
Jones,BARRON,CLERK SUPERIOR COURT,,,BART W. JACKSON ,140,28,92,20,0
Jones,WHITE,CLERK SUPERIOR COURT,,,BART W. JACKSON ,62,2,54,6,0
Jones,SANDERS,CLERK SUPERIOR COURT,,,BART W. JACKSON ,32,4,27,1,0
Jones,FINNEY,CLERK SUPERIOR COURT,,,BART W. JACKSON ,399,40,327,32,0
Jones,,SHERIFF,,,ROBERT REECE ,2360,346,1623,390,1
Jones,GRAY,SHERIFF,,,ROBERT REECE ,337,48,196,93,0
Jones,HAWKINS,SHERIFF,,,ROBERT REECE ,216,38,135,42,1
Jones,ETHRIDGE,SHERIFF,,,ROBERT REECE ,190,38,116,36,0
Jones,CLINTON,SHERIFF,,,ROBERT REECE ,350,60,219,71,0
Jones,ROBERTS,SHERIFF,,,ROBERT REECE ,250,48,176,26,0
Jones,DAVIDSON,SHERIFF,,,ROBERT REECE ,185,12,136,37,0
Jones,POPE,SHERIFF,,,ROBERT REECE ,189,30,134,25,0
Jones,BARRON,SHERIFF,,,ROBERT REECE ,148,28,98,22,0
Jones,WHITE,SHERIFF,,,ROBERT REECE ,60,2,52,6,0
Jones,SANDERS,SHERIFF,,,ROBERT REECE ,32,4,28,0,0
Jones,FINNEY,SHERIFF,,,ROBERT REECE ,403,38,333,32,0
Jones,,TAX COMMISSIONER,,,BRIAN S. JACKSON ,2360,332,1625,402,1
Jones,GRAY,TAX COMMISSIONER,,,BRIAN S. JACKSON ,342,48,197,97,0
Jones,HAWKINS,TAX COMMISSIONER,,,BRIAN S. JACKSON ,221,32,140,48,1
Jones,ETHRIDGE,TAX COMMISSIONER,,,BRIAN S. JACKSON ,192,40,115,37,0
Jones,CLINTON,TAX COMMISSIONER,,,BRIAN S. JACKSON ,350,60,219,71,0
Jones,ROBERTS,TAX COMMISSIONER,,,BRIAN S. JACKSON ,239,40,175,24,0
Jones,DAVIDSON,TAX COMMISSIONER,,,BRIAN S. JACKSON ,187,10,138,39,0
Jones,POPE,TAX COMMISSIONER,,,BRIAN S. JACKSON ,188,30,132,26,0
Jones,BARRON,TAX COMMISSIONER,,,BRIAN S. JACKSON ,144,26,96,22,0
Jones,WHITE,TAX COMMISSIONER,,,BRIAN S. JACKSON ,64,4,54,6,0
Jones,SANDERS,TAX COMMISSIONER,,,BRIAN S. JACKSON ,33,4,28,1,0
Jones,FINNEY,TAX COMMISSIONER,,,BRIAN S. JACKSON ,400,38,331,31,0
Jones,,CORONER,,,JERRY BRIDGES SR ,2285,330,1567,387,1
Jones,GRAY,CORONER,,,JERRY BRIDGES SR ,329,46,192,91,0
Jones,HAWKINS,CORONER,,,JERRY BRIDGES SR ,206,30,130,45,1
Jones,ETHRIDGE,CORONER,,,JERRY BRIDGES SR ,187,40,112,35,0
Jones,CLINTON,CORONER,,,JERRY BRIDGES SR ,331,54,208,69,0
Jones,ROBERTS,CORONER,,,JERRY BRIDGES SR ,247,44,177,26,0
Jones,DAVIDSON,CORONER,,,JERRY BRIDGES SR ,183,12,133,38,0
Jones,POPE,CORONER,,,JERRY BRIDGES SR ,181,30,125,26,0
Jones,BARRON,CORONER,,,JERRY BRIDGES SR ,137,28,88,21,0
Jones,WHITE,CORONER,,,JERRY BRIDGES SR ,59,2,52,5,0
Jones,SANDERS,CORONER,,,JERRY BRIDGES SR ,30,4,25,1,0
Jones,FINNEY,CORONER,,,JERRY BRIDGES SR ,395,40,325,30,0
Jones,,CHAIR COUNTY COMMISSION,,I,J.PRESTON HAWKINS,2200,304,1524,371,1
Jones,GRAY,CHAIR COUNTY COMMISSION,,I,J.PRESTON HAWKINS,320,44,188,88,0
Jones,HAWKINS,CHAIR COUNTY COMMISSION,,I,J.PRESTON HAWKINS,202,26,134,41,1
Jones,ETHRIDGE,CHAIR COUNTY COMMISSION,,I,J.PRESTON HAWKINS,182,40,105,37,0
Jones,CLINTON,CHAIR COUNTY COMMISSION,,I,J.PRESTON HAWKINS,315,46,205,64,0
Jones,ROBERTS,CHAIR COUNTY COMMISSION,,I,J.PRESTON HAWKINS,230,40,165,25,0
Jones,DAVIDSON,CHAIR COUNTY COMMISSION,,I,J.PRESTON HAWKINS,176,10,129,37,0
Jones,POPE,CHAIR COUNTY COMMISSION,,I,J.PRESTON HAWKINS,171,30,119,22,0
Jones,BARRON,CHAIR COUNTY COMMISSION,,I,J.PRESTON HAWKINS,129,26,83,20,0
Jones,WHITE,CHAIR COUNTY COMMISSION,,I,J.PRESTON HAWKINS,59,2,52,5,0
Jones,SANDERS,CHAIR COUNTY COMMISSION,,I,J.PRESTON HAWKINS,30,4,25,1,0
Jones,FINNEY,CHAIR COUNTY COMMISSION,,I,J.PRESTON HAWKINS,386,36,319,31,0
Jones,,CHAIR COUNTY COMMISSION,,,CHUCK BAKER,1490,202,998,290,0
Jones,GRAY,CHAIR COUNTY COMMISSION,,,CHUCK BAKER,161,12,105,44,0
Jones,HAWKINS,CHAIR COUNTY COMMISSION,,,CHUCK BAKER,346,52,233,61,0
Jones,ETHRIDGE,CHAIR COUNTY COMMISSION,,,CHUCK BAKER,199,40,107,52,0
Jones,CLINTON,CHAIR COUNTY COMMISSION,,,CHUCK BAKER,149,28,83,38,0
Jones,ROBERTS,CHAIR COUNTY COMMISSION,,,CHUCK BAKER,151,16,120,15,0
Jones,DAVIDSON,CHAIR COUNTY COMMISSION,,,CHUCK BAKER,82,8,62,12,0
Jones,POPE,CHAIR COUNTY COMMISSION,,,CHUCK BAKER,206,32,133,41,0
Jones,BARRON,CHAIR COUNTY COMMISSION,,,CHUCK BAKER,48,2,39,7,0
Jones,WHITE,CHAIR COUNTY COMMISSION,,,CHUCK BAKER,38,0,29,9,0
Jones,SANDERS,CHAIR COUNTY COMMISSION,,,CHUCK BAKER,6,0,6,0,0
Jones,FINNEY,CHAIR COUNTY COMMISSION,,,CHUCK BAKER,104,12,81,11,0
Jones,,CC D1,,,LARRY CHILDS ,858,122,616,120,0
Jones,GRAY,CC D1,,,LARRY CHILDS ,15,2,7,6,0
Jones,ETHRIDGE,CC D1,,,LARRY CHILDS ,58,14,29,15,0
Jones,CLINTON,CC D1,,,LARRY CHILDS ,259,50,158,51,0
Jones,BARRON,CC D1,,,LARRY CHILDS ,83,14,55,14,0
Jones,WHITE,CC D1,,,LARRY CHILDS ,27,0,24,3,0
Jones,SANDERS,CC D1,,,LARRY CHILDS ,32,4,28,0,0
Jones,FINNEY,CC D1,,,LARRY CHILDS ,384,38,315,31,0
Jones,,CC D2,,,DAVID C. GAULT,197,32,120,45,0
Jones,GRAY,CC D2,,,DAVID C. GAULT,9,2,4,3,0
Jones,ETHRIDGE,CC D2,,,DAVID C. GAULT,47,10,23,14,0
Jones,CLINTON,CC D2,,,DAVID C. GAULT,13,6,3,4,0
Jones,DAVIDSON,CC D2,,,DAVID C. GAULT,1,0,1,0,0
Jones,POPE,CC D2,,,DAVID C. GAULT,107,14,75,18,0
Jones,BARRON,CC D2,,,DAVID C. GAULT,18,0,12,6,0
Jones,WHITE,CC D2,,,DAVID C. GAULT,2,0,2,0,0
Jones,,CC D2,,,JONATHAN L. PITTS,688,70,420,198,0
Jones,GRAY,CC D2,,,JONATHAN L. PITTS,57,8,32,17,0
Jones,ETHRIDGE,CC D2,,,JONATHAN L. PITTS,175,26,96,53,0
Jones,CLINTON,CC D2,,,JONATHAN L. PITTS,101,12,54,35,0
Jones,DAVIDSON,CC D2,,,JONATHAN L. PITTS,19,0,16,3,0
Jones,POPE,CC D2,,,JONATHAN L. PITTS,244,20,158,66,0
Jones,BARRON,CC D2,,,JONATHAN L. PITTS,54,4,35,15,0
Jones,WHITE,CC D2,,,JONATHAN L. PITTS,38,0,29,9,0
Jones,,CC D3,,,TOMMY ROBINSON ,643,82,407,154,0
Jones,GRAY,CC D3,,,TOMMY ROBINSON ,250,40,134,76,0
Jones,HAWKINS,CC D3,,,TOMMY ROBINSON ,151,22,94,35,0
Jones,ETHRIDGE,CC D3,,,TOMMY ROBINSON ,57,6,40,11,0
Jones,ROBERTS,CC D3,,,TOMMY ROBINSON ,26,0,26,0,0
Jones,DAVIDSON,CC D3,,,TOMMY ROBINSON ,152,12,110,30,0
Jones,POPE,CC D3,,,TOMMY ROBINSON ,7,2,3,2,0
Jones,,CC D4,,,BERT LISTON ,292,50,201,40,1
Jones,HAWKINS,CC D4,,,BERT LISTON ,55,6,40,8,1
Jones,ROBERTS,CC D4,,,BERT LISTON ,223,44,152,27,0
Jones,DAVIDSON,CC D4,,,BERT LISTON ,14,0,9,5,0
Jones,,CC D4,,,DAYLON MARTIN,339,45,238,56,0
Jones,HAWKINS,CC D4,,,DAYLON MARTIN,238,34,159,45,0
Jones,ROBERTS,CC D4,,,DAYLON MARTIN,96,11,76,9,0
Jones,DAVIDSON,CC D4,,,DAYLON MARTIN,5,0,3,2,0
Jones,,Republican Party Question 1<br>Should Georgia have casino gambling with funds going to education?,,REP,YES,1388,140,1004,243,1
Jones,GRAY,Republican Party Question 1<br>Should Georgia have casino gambling with funds going to education?,,REP,YES,175,16,101,58,0
Jones,HAWKINS,Republican Party Question 1<br>Should Georgia have casino gambling with funds going to education?,,REP,YES,133,14,84,34,1
Jones,ETHRIDGE,Republican Party Question 1<br>Should Georgia have casino gambling with funds going to education?,,REP,YES,100,6,69,25,0
Jones,CLINTON,Republican Party Question 1<br>Should Georgia have casino gambling with funds going to education?,,REP,YES,207,34,135,38,0
Jones,ROBERTS,Republican Party Question 1<br>Should Georgia have casino gambling with funds going to education?,,REP,YES,150,14,118,18,0
Jones,DAVIDSON,Republican Party Question 1<br>Should Georgia have casino gambling with funds going to education?,,REP,YES,119,6,94,19,0
Jones,POPE,Republican Party Question 1<br>Should Georgia have casino gambling with funds going to education?,,REP,YES,125,20,87,18,0
Jones,BARRON,Republican Party Question 1<br>Should Georgia have casino gambling with funds going to education?,,REP,YES,78,4,62,12,0
Jones,WHITE,Republican Party Question 1<br>Should Georgia have casino gambling with funds going to education?,,REP,YES,40,2,36,2,0
Jones,SANDERS,Republican Party Question 1<br>Should Georgia have casino gambling with funds going to education?,,REP,YES,23,2,21,0,0
Jones,FINNEY,Republican Party Question 1<br>Should Georgia have casino gambling with funds going to education?,,REP,YES,238,22,197,19,0
Jones,,Republican Party Question 1<br>Should Georgia have casino gambling with funds going to education?,,REP,NO,1329,224,882,223,0
Jones,GRAY,Republican Party Question 1<br>Should Georgia have casino gambling with funds going to education?,,REP,NO,207,32,123,52,0
Jones,HAWKINS,Republican Party Question 1<br>Should Georgia have casino gambling with funds going to education?,,REP,NO,110,24,70,16,0
Jones,ETHRIDGE,Republican Party Question 1<br>Should Georgia have casino gambling with funds going to education?,,REP,NO,116,36,62,18,0
Jones,CLINTON,Republican Party Question 1<br>Should Georgia have casino gambling with funds going to education?,,REP,NO,192,28,123,41,0
Jones,ROBERTS,Republican Party Question 1<br>Should Georgia have casino gambling with funds going to education?,,REP,NO,132,34,86,12,0
Jones,DAVIDSON,Republican Party Question 1<br>Should Georgia have casino gambling with funds going to education?,,REP,NO,94,6,61,27,0
Jones,POPE,Republican Party Question 1<br>Should Georgia have casino gambling with funds going to education?,,REP,NO,105,14,76,15,0
Jones,BARRON,Republican Party Question 1<br>Should Georgia have casino gambling with funds going to education?,,REP,NO,93,24,52,17,0
Jones,WHITE,Republican Party Question 1<br>Should Georgia have casino gambling with funds going to education?,,REP,NO,39,2,31,6,0
Jones,SANDERS,Republican Party Question 1<br>Should Georgia have casino gambling with funds going to education?,,REP,NO,15,2,12,1,0
Jones,FINNEY,Republican Party Question 1<br>Should Georgia have casino gambling with funds going to education?,,REP,NO,226,22,186,18,0
Jones,,Republican Party Question 2<br>Do you support ending the current practice of unlimited gifts from lobbyists to state legislators by imposing a $100 cap on such gifts?,,REP,YES,2349,332,1609,408,0
Jones,GRAY,Republican Party Question 2<br>Do you support ending the current practice of unlimited gifts from lobbyists to state legislators by imposing a $100 cap on such gifts?,,REP,YES,331,46,191,94,0
Jones,HAWKINS,Republican Party Question 2<br>Do you support ending the current practice of unlimited gifts from lobbyists to state legislators by imposing a $100 cap on such gifts?,,REP,YES,207,38,124,45,0
Jones,ETHRIDGE,Republican Party Question 2<br>Do you support ending the current practice of unlimited gifts from lobbyists to state legislators by imposing a $100 cap on such gifts?,,REP,YES,177,34,109,34,0
Jones,CLINTON,Republican Party Question 2<br>Do you support ending the current practice of unlimited gifts from lobbyists to state legislators by imposing a $100 cap on such gifts?,,REP,YES,338,52,216,70,0
Jones,ROBERTS,Republican Party Question 2<br>Do you support ending the current practice of unlimited gifts from lobbyists to state legislators by imposing a $100 cap on such gifts?,,REP,YES,237,44,166,27,0
Jones,DAVIDSON,Republican Party Question 2<br>Do you support ending the current practice of unlimited gifts from lobbyists to state legislators by imposing a $100 cap on such gifts?,,REP,YES,187,12,136,39,0
Jones,POPE,Republican Party Question 2<br>Do you support ending the current practice of unlimited gifts from lobbyists to state legislators by imposing a $100 cap on such gifts?,,REP,YES,196,32,133,31,0
Jones,BARRON,Republican Party Question 2<br>Do you support ending the current practice of unlimited gifts from lobbyists to state legislators by imposing a $100 cap on such gifts?,,REP,YES,155,24,107,24,0
Jones,WHITE,Republican Party Question 2<br>Do you support ending the current practice of unlimited gifts from lobbyists to state legislators by imposing a $100 cap on such gifts?,,REP,YES,68,4,57,7,0
Jones,SANDERS,Republican Party Question 2<br>Do you support ending the current practice of unlimited gifts from lobbyists to state legislators by imposing a $100 cap on such gifts?,,REP,YES,30,2,27,1,0
Jones,FINNEY,Republican Party Question 2<br>Do you support ending the current practice of unlimited gifts from lobbyists to state legislators by imposing a $100 cap on such gifts?,,REP,YES,423,44,343,36,0
Jones,,Republican Party Question 2<br>Do you support ending the current practice of unlimited gifts from lobbyists to state legislators by imposing a $100 cap on such gifts?,,REP,NO,349,32,263,54,0
Jones,GRAY,Republican Party Question 2<br>Do you support ending the current practice of unlimited gifts from lobbyists to state legislators by imposing a $100 cap on such gifts?,,REP,NO,49,2,31,16,0
Jones,HAWKINS,Republican Party Question 2<br>Do you support ending the current practice of unlimited gifts from lobbyists to state legislators by imposing a $100 cap on such gifts?,,REP,NO,33,0,29,4,0
Jones,ETHRIDGE,Republican Party Question 2<br>Do you support ending the current practice of unlimited gifts from lobbyists to state legislators by imposing a $100 cap on such gifts?,,REP,NO,36,8,21,7,0
Jones,CLINTON,Republican Party Question 2<br>Do you support ending the current practice of unlimited gifts from lobbyists to state legislators by imposing a $100 cap on such gifts?,,REP,NO,55,10,36,9,0
Jones,ROBERTS,Republican Party Question 2<br>Do you support ending the current practice of unlimited gifts from lobbyists to state legislators by imposing a $100 cap on such gifts?,,REP,NO,40,4,34,2,0
Jones,DAVIDSON,Republican Party Question 2<br>Do you support ending the current practice of unlimited gifts from lobbyists to state legislators by imposing a $100 cap on such gifts?,,REP,NO,26,0,20,6,0
Jones,POPE,Republican Party Question 2<br>Do you support ending the current practice of unlimited gifts from lobbyists to state legislators by imposing a $100 cap on such gifts?,,REP,NO,34,2,30,2,0
Jones,BARRON,Republican Party Question 2<br>Do you support ending the current practice of unlimited gifts from lobbyists to state legislators by imposing a $100 cap on such gifts?,,REP,NO,14,2,7,5,0
Jones,WHITE,Republican Party Question 2<br>Do you support ending the current practice of unlimited gifts from lobbyists to state legislators by imposing a $100 cap on such gifts?,,REP,NO,11,0,10,1,0
Jones,SANDERS,Republican Party Question 2<br>Do you support ending the current practice of unlimited gifts from lobbyists to state legislators by imposing a $100 cap on such gifts?,,REP,NO,5,0,5,0,0
Jones,FINNEY,Republican Party Question 2<br>Do you support ending the current practice of unlimited gifts from lobbyists to state legislators by imposing a $100 cap on such gifts?,,REP,NO,46,4,40,2,0
Jones,,Republican Party Question 3<br>Should active duty military personnel who are under the age of 21 be allowed to obtain a Georgia weapons license?,,REP,YES,1995,246,1425,323,1
Jones,GRAY,Republican Party Question 3<br>Should active duty military personnel who are under the age of 21 be allowed to obtain a Georgia weapons license?,,REP,YES,282,36,166,80,0
Jones,HAWKINS,Republican Party Question 3<br>Should active duty military personnel who are under the age of 21 be allowed to obtain a Georgia weapons license?,,REP,YES,187,26,122,38,1
Jones,ETHRIDGE,Republican Party Question 3<br>Should active duty military personnel who are under the age of 21 be allowed to obtain a Georgia weapons license?,,REP,YES,156,34,95,27,0
Jones,CLINTON,Republican Party Question 3<br>Should active duty military personnel who are under the age of 21 be allowed to obtain a Georgia weapons license?,,REP,YES,283,36,197,50,0
Jones,ROBERTS,Republican Party Question 3<br>Should active duty military personnel who are under the age of 21 be allowed to obtain a Georgia weapons license?,,REP,YES,211,32,157,22,0
Jones,DAVIDSON,Republican Party Question 3<br>Should active duty military personnel who are under the age of 21 be allowed to obtain a Georgia weapons license?,,REP,YES,159,8,118,33,0
Jones,POPE,Republican Party Question 3<br>Should active duty military personnel who are under the age of 21 be allowed to obtain a Georgia weapons license?,,REP,YES,172,26,125,21,0
Jones,BARRON,Republican Party Question 3<br>Should active duty military personnel who are under the age of 21 be allowed to obtain a Georgia weapons license?,,REP,YES,117,16,86,15,0
Jones,WHITE,Republican Party Question 3<br>Should active duty military personnel who are under the age of 21 be allowed to obtain a Georgia weapons license?,,REP,YES,59,4,51,4,0
Jones,SANDERS,Republican Party Question 3<br>Should active duty military personnel who are under the age of 21 be allowed to obtain a Georgia weapons license?,,REP,YES,25,0,24,1,0
Jones,FINNEY,Republican Party Question 3<br>Should active duty military personnel who are under the age of 21 be allowed to obtain a Georgia weapons license?,,REP,YES,344,28,284,32,0
Jones,,Republican Party Question 3<br>Should active duty military personnel who are under the age of 21 be allowed to obtain a Georgia weapons license?,,REP,NO,720,118,459,143,0
Jones,GRAY,Republican Party Question 3<br>Should active duty military personnel who are under the age of 21 be allowed to obtain a Georgia weapons license?,,REP,NO,98,12,56,30,0
Jones,HAWKINS,Republican Party Question 3<br>Should active duty military personnel who are under the age of 21 be allowed to obtain a Georgia weapons license?,,REP,NO,59,12,35,12,0
Jones,ETHRIDGE,Republican Party Question 3<br>Should active duty military personnel who are under the age of 21 be allowed to obtain a Georgia weapons license?,,REP,NO,57,6,35,16,0
Jones,CLINTON,Republican Party Question 3<br>Should active duty military personnel who are under the age of 21 be allowed to obtain a Georgia weapons license?,,REP,NO,114,26,60,28,0
Jones,ROBERTS,Republican Party Question 3<br>Should active duty military personnel who are under the age of 21 be allowed to obtain a Georgia weapons license?,,REP,NO,68,14,46,8,0
Jones,DAVIDSON,Republican Party Question 3<br>Should active duty military personnel who are under the age of 21 be allowed to obtain a Georgia weapons license?,,REP,NO,55,4,38,13,0
Jones,POPE,Republican Party Question 3<br>Should active duty military personnel who are under the age of 21 be allowed to obtain a Georgia weapons license?,,REP,NO,55,8,35,12,0
Jones,BARRON,Republican Party Question 3<br>Should active duty military personnel who are under the age of 21 be allowed to obtain a Georgia weapons license?,,REP,NO,52,12,26,14,0
Jones,WHITE,Republican Party Question 3<br>Should active duty military personnel who are under the age of 21 be allowed to obtain a Georgia weapons license?,,REP,NO,20,0,16,4,0
Jones,SANDERS,Republican Party Question 3<br>Should active duty military personnel who are under the age of 21 be allowed to obtain a Georgia weapons license?,,REP,NO,13,4,9,0,0
Jones,FINNEY,Republican Party Question 3<br>Should active duty military personnel who are under the age of 21 be allowed to obtain a Georgia weapons license?,,REP,NO,129,20,103,6,0
Jones,,Republican Party Question 4<br>Should Citizens who wish to vote in a primary election be required to register by their political party affiliation at least thirty (30) days prior to such primary election?,,REP,YES,1277,202,871,203,1
Jones,GRAY,Republican Party Question 4<br>Should Citizens who wish to vote in a primary election be required to register by their political party affiliation at least thirty (30) days prior to such primary election?,,REP,YES,198,32,117,49,0
Jones,HAWKINS,Republican Party Question 4<br>Should Citizens who wish to vote in a primary election be required to register by their political party affiliation at least thirty (30) days prior to such primary election?,,REP,YES,123,20,77,25,1
Jones,ETHRIDGE,Republican Party Question 4<br>Should Citizens who wish to vote in a primary election be required to register by their political party affiliation at least thirty (30) days prior to such primary election?,,REP,YES,102,24,57,21,0
Jones,CLINTON,Republican Party Question 4<br>Should Citizens who wish to vote in a primary election be required to register by their political party affiliation at least thirty (30) days prior to such primary election?,,REP,YES,180,38,109,33,0
Jones,ROBERTS,Republican Party Question 4<br>Should Citizens who wish to vote in a primary election be required to register by their political party affiliation at least thirty (30) days prior to such primary election?,,REP,YES,135,14,108,13,0
Jones,DAVIDSON,Republican Party Question 4<br>Should Citizens who wish to vote in a primary election be required to register by their political party affiliation at least thirty (30) days prior to such primary election?,,REP,YES,96,8,71,17,0
Jones,POPE,Republican Party Question 4<br>Should Citizens who wish to vote in a primary election be required to register by their political party affiliation at least thirty (30) days prior to such primary election?,,REP,YES,102,22,67,13,0
Jones,BARRON,Republican Party Question 4<br>Should Citizens who wish to vote in a primary election be required to register by their political party affiliation at least thirty (30) days prior to such primary election?,,REP,YES,81,14,55,12,0
Jones,WHITE,Republican Party Question 4<br>Should Citizens who wish to vote in a primary election be required to register by their political party affiliation at least thirty (30) days prior to such primary election?,,REP,YES,41,2,36,3,0
Jones,SANDERS,Republican Party Question 4<br>Should Citizens who wish to vote in a primary election be required to register by their political party affiliation at least thirty (30) days prior to such primary election?,,REP,YES,22,4,18,0,0
Jones,FINNEY,Republican Party Question 4<br>Should Citizens who wish to vote in a primary election be required to register by their political party affiliation at least thirty (30) days prior to such primary election?,,REP,YES,197,24,156,17,0
Jones,,Republican Party Question 4<br>Should Citizens who wish to vote in a primary election be required to register by their political party affiliation at least thirty (30) days prior to such primary election?,,REP,NO,1405,158,991,256,0
Jones,GRAY,Republican Party Question 4<br>Should Citizens who wish to vote in a primary election be required to register by their political party affiliation at least thirty (30) days prior to such primary election?,,REP,NO,181,16,105,60,0
Jones,HAWKINS,Republican Party Question 4<br>Should Citizens who wish to vote in a primary election be required to register by their political party affiliation at least thirty (30) days prior to such primary election?,,REP,NO,114,12,77,25,0
Jones,ETHRIDGE,Republican Party Question 4<br>Should Citizens who wish to vote in a primary election be required to register by their political party affiliation at least thirty (30) days prior to such primary election?,,REP,NO,111,16,74,21,0
Jones,CLINTON,Republican Party Question 4<br>Should Citizens who wish to vote in a primary election be required to register by their political party affiliation at least thirty (30) days prior to such primary election?,,REP,NO,211,24,143,44,0
Jones,ROBERTS,Republican Party Question 4<br>Should Citizens who wish to vote in a primary election be required to register by their political party affiliation at least thirty (30) days prior to such primary election?,,REP,NO,142,34,92,16,0
Jones,DAVIDSON,Republican Party Question 4<br>Should Citizens who wish to vote in a primary election be required to register by their political party affiliation at least thirty (30) days prior to such primary election?,,REP,NO,119,4,86,29,0
Jones,POPE,Republican Party Question 4<br>Should Citizens who wish to vote in a primary election be required to register by their political party affiliation at least thirty (30) days prior to such primary election?,,REP,NO,124,12,93,19,0
Jones,BARRON,Republican Party Question 4<br>Should Citizens who wish to vote in a primary election be required to register by their political party affiliation at least thirty (30) days prior to such primary election?,,REP,NO,86,14,56,16,0
Jones,WHITE,Republican Party Question 4<br>Should Citizens who wish to vote in a primary election be required to register by their political party affiliation at least thirty (30) days prior to such primary election?,,REP,NO,38,2,32,4,0
Jones,SANDERS,Republican Party Question 4<br>Should Citizens who wish to vote in a primary election be required to register by their political party affiliation at least thirty (30) days prior to such primary election?,,REP,NO,14,0,13,1,0
Jones,FINNEY,Republican Party Question 4<br>Should Citizens who wish to vote in a primary election be required to register by their political party affiliation at least thirty (30) days prior to such primary election?,,REP,NO,265,24,220,21,0
Jones,,Republican Party Question 5 <br>Life Amendment Question,,REP,YES,1836,244,1283,309,0
Jones,GRAY,Republican Party Question 5 <br>Life Amendment Question,,REP,YES,285,36,171,78,0
Jones,HAWKINS,Republican Party Question 5 <br>Life Amendment Question,,REP,YES,166,28,103,35,0
Jones,ETHRIDGE,Republican Party Question 5 <br>Life Amendment Question,,REP,YES,141,22,93,26,0
Jones,CLINTON,Republican Party Question 5 <br>Life Amendment Question,,REP,YES,246,44,149,53,0
Jones,ROBERTS,Republican Party Question 5 <br>Life Amendment Question,,REP,YES,199,34,149,16,0
Jones,DAVIDSON,Republican Party Question 5 <br>Life Amendment Question,,REP,YES,150,8,109,33,0
Jones,POPE,Republican Party Question 5 <br>Life Amendment Question,,REP,YES,145,12,108,25,0
Jones,BARRON,Republican Party Question 5 <br>Life Amendment Question,,REP,YES,111,26,69,16,0
Jones,WHITE,Republican Party Question 5 <br>Life Amendment Question,,REP,YES,58,2,53,3,0
Jones,SANDERS,Republican Party Question 5 <br>Life Amendment Question,,REP,YES,22,0,22,0,0
Jones,FINNEY,Republican Party Question 5 <br>Life Amendment Question,,REP,YES,313,32,257,24,0
Jones,,Republican Party Question 5 <br>Life Amendment Question,,REP,NO,777,110,534,132,1
Jones,GRAY,Republican Party Question 5 <br>Life Amendment Question,,REP,NO,84,10,47,27,0
Jones,HAWKINS,Republican Party Question 5 <br>Life Amendment Question,,REP,NO,70,10,48,11,1
Jones,ETHRIDGE,Republican Party Question 5 <br>Life Amendment Question,,REP,NO,68,18,36,14,0
Jones,CLINTON,Republican Party Question 5 <br>Life Amendment Question,,REP,NO,128,14,91,23,0
Jones,ROBERTS,Republican Party Question 5 <br>Life Amendment Question,,REP,NO,73,14,47,12,0
Jones,DAVIDSON,Republican Party Question 5 <br>Life Amendment Question,,REP,NO,60,4,43,13,0
Jones,POPE,Republican Party Question 5 <br>Life Amendment Question,,REP,NO,79,22,52,5,0
Jones,BARRON,Republican Party Question 5 <br>Life Amendment Question,,REP,NO,48,2,35,11,0
Jones,WHITE,Republican Party Question 5 <br>Life Amendment Question,,REP,NO,16,0,12,4,0
Jones,SANDERS,Republican Party Question 5 <br>Life Amendment Question,,REP,NO,11,2,8,1,0
Jones,FINNEY,Republican Party Question 5 <br>Life Amendment Question,,REP,NO,140,14,115,11,0
Jones,,Democratic Party Question 1<br>Should the Georgia Constitution be amended to allow the state to override locally-elected school boards’ decisions when it comes to the creation of charter schools in your county or city?,,DEM,YES,777,86,528,163,0
Jones,GRAY,Democratic Party Question 1<br>Should the Georgia Constitution be amended to allow the state to override locally-elected school boards’ decisions when it comes to the creation of charter schools in your county or city?,,DEM,YES,80,4,48,28,0
Jones,HAWKINS,Democratic Party Question 1<br>Should the Georgia Constitution be amended to allow the state to override locally-elected school boards’ decisions when it comes to the creation of charter schools in your county or city?,,DEM,YES,184,22,128,34,0
Jones,ETHRIDGE,Democratic Party Question 1<br>Should the Georgia Constitution be amended to allow the state to override locally-elected school boards’ decisions when it comes to the creation of charter schools in your county or city?,,DEM,YES,106,18,68,20,0
Jones,CLINTON,Democratic Party Question 1<br>Should the Georgia Constitution be amended to allow the state to override locally-elected school boards’ decisions when it comes to the creation of charter schools in your county or city?,,DEM,YES,63,8,38,17,0
Jones,ROBERTS,Democratic Party Question 1<br>Should the Georgia Constitution be amended to allow the state to override locally-elected school boards’ decisions when it comes to the creation of charter schools in your county or city?,,DEM,YES,78,6,63,9,0
Jones,DAVIDSON,Democratic Party Question 1<br>Should the Georgia Constitution be amended to allow the state to override locally-elected school boards’ decisions when it comes to the creation of charter schools in your county or city?,,DEM,YES,46,8,33,5,0
Jones,POPE,Democratic Party Question 1<br>Should the Georgia Constitution be amended to allow the state to override locally-elected school boards’ decisions when it comes to the creation of charter schools in your county or city?,,DEM,YES,114,10,75,29,0
Jones,BARRON,Democratic Party Question 1<br>Should the Georgia Constitution be amended to allow the state to override locally-elected school boards’ decisions when it comes to the creation of charter schools in your county or city?,,DEM,YES,35,4,22,9,0
Jones,WHITE,Democratic Party Question 1<br>Should the Georgia Constitution be amended to allow the state to override locally-elected school boards’ decisions when it comes to the creation of charter schools in your county or city?,,DEM,YES,17,0,12,5,0
Jones,SANDERS,Democratic Party Question 1<br>Should the Georgia Constitution be amended to allow the state to override locally-elected school boards’ decisions when it comes to the creation of charter schools in your county or city?,,DEM,YES,2,0,2,0,0
Jones,FINNEY,Democratic Party Question 1<br>Should the Georgia Constitution be amended to allow the state to override locally-elected school boards’ decisions when it comes to the creation of charter schools in your county or city?,,DEM,YES,52,6,39,7,0
Jones,,Democratic Party Question 1<br>Should the Georgia Constitution be amended to allow the state to override locally-elected school boards’ decisions when it comes to the creation of charter schools in your county or city?,,DEM,NO,1296,142,864,290,0
Jones,GRAY,Democratic Party Question 1<br>Should the Georgia Constitution be amended to allow the state to override locally-elected school boards’ decisions when it comes to the creation of charter schools in your county or city?,,DEM,NO,135,8,88,39,0
Jones,HAWKINS,Democratic Party Question 1<br>Should the Georgia Constitution be amended to allow the state to override locally-elected school boards’ decisions when it comes to the creation of charter schools in your county or city?,,DEM,NO,269,32,187,50,0
Jones,ETHRIDGE,Democratic Party Question 1<br>Should the Georgia Constitution be amended to allow the state to override locally-elected school boards’ decisions when it comes to the creation of charter schools in your county or city?,,DEM,NO,189,28,97,64,0
Jones,CLINTON,Democratic Party Question 1<br>Should the Georgia Constitution be amended to allow the state to override locally-elected school boards’ decisions when it comes to the creation of charter schools in your county or city?,,DEM,NO,123,16,75,32,0
Jones,ROBERTS,Democratic Party Question 1<br>Should the Georgia Constitution be amended to allow the state to override locally-elected school boards’ decisions when it comes to the creation of charter schools in your county or city?,,DEM,NO,109,12,84,13,0
Jones,DAVIDSON,Democratic Party Question 1<br>Should the Georgia Constitution be amended to allow the state to override locally-elected school boards’ decisions when it comes to the creation of charter schools in your county or city?,,DEM,NO,76,4,57,15,0
Jones,POPE,Democratic Party Question 1<br>Should the Georgia Constitution be amended to allow the state to override locally-elected school boards’ decisions when it comes to the creation of charter schools in your county or city?,,DEM,NO,216,26,140,50,0
Jones,BARRON,Democratic Party Question 1<br>Should the Georgia Constitution be amended to allow the state to override locally-elected school boards’ decisions when it comes to the creation of charter schools in your county or city?,,DEM,NO,50,0,37,13,0
Jones,WHITE,Democratic Party Question 1<br>Should the Georgia Constitution be amended to allow the state to override locally-elected school boards’ decisions when it comes to the creation of charter schools in your county or city?,,DEM,NO,33,0,27,6,0
Jones,SANDERS,Democratic Party Question 1<br>Should the Georgia Constitution be amended to allow the state to override locally-elected school boards’ decisions when it comes to the creation of charter schools in your county or city?,,DEM,NO,5,0,5,0,0
Jones,FINNEY,Democratic Party Question 1<br>Should the Georgia Constitution be amended to allow the state to override locally-elected school boards’ decisions when it comes to the creation of charter schools in your county or city?,,DEM,NO,91,16,67,8,0
Jones,,Democratic Party Question 2<br>Do you support ending current practice permitting unlimited gifts from lobbyists to state legislators?,,DEM,YES,1459,184,955,320,0
Jones,GRAY,Democratic Party Question 2<br>Do you support ending current practice permitting unlimited gifts from lobbyists to state legislators?,,DEM,YES,159,6,101,52,0
Jones,HAWKINS,Democratic Party Question 2<br>Do you support ending current practice permitting unlimited gifts from lobbyists to state legislators?,,DEM,YES,313,42,209,62,0
Jones,ETHRIDGE,Democratic Party Question 2<br>Do you support ending current practice permitting unlimited gifts from lobbyists to state legislators?,,DEM,YES,194,34,106,54,0
Jones,CLINTON,Democratic Party Question 2<br>Do you support ending current practice permitting unlimited gifts from lobbyists to state legislators?,,DEM,YES,137,26,78,33,0
Jones,ROBERTS,Democratic Party Question 2<br>Do you support ending current practice permitting unlimited gifts from lobbyists to state legislators?,,DEM,YES,138,16,107,15,0
Jones,DAVIDSON,Democratic Party Question 2<br>Do you support ending current practice permitting unlimited gifts from lobbyists to state legislators?,,DEM,YES,89,10,72,7,0
Jones,POPE,Democratic Party Question 2<br>Do you support ending current practice permitting unlimited gifts from lobbyists to state legislators?,,DEM,YES,223,24,140,59,0
Jones,BARRON,Democratic Party Question 2<br>Do you support ending current practice permitting unlimited gifts from lobbyists to state legislators?,,DEM,YES,53,4,33,16,0
Jones,WHITE,Democratic Party Question 2<br>Do you support ending current practice permitting unlimited gifts from lobbyists to state legislators?,,DEM,YES,35,0,26,9,0
Jones,SANDERS,Democratic Party Question 2<br>Do you support ending current practice permitting unlimited gifts from lobbyists to state legislators?,,DEM,YES,3,0,3,0,0
Jones,FINNEY,Democratic Party Question 2<br>Do you support ending current practice permitting unlimited gifts from lobbyists to state legislators?,,DEM,YES,115,22,80,13,0
Jones,,Democratic Party Question 2<br>Do you support ending current practice permitting unlimited gifts from lobbyists to state legislators?,,DEM,NO,624,50,442,132,0
Jones,GRAY,Democratic Party Question 2<br>Do you support ending current practice permitting unlimited gifts from lobbyists to state legislators?,,DEM,NO,58,6,38,14,0
Jones,HAWKINS,Democratic Party Question 2<br>Do you support ending current practice permitting unlimited gifts from lobbyists to state legislators?,,DEM,NO,145,14,107,24,0
Jones,ETHRIDGE,Democratic Party Question 2<br>Do you support ending current practice permitting unlimited gifts from lobbyists to state legislators?,,DEM,NO,97,12,58,27,0
Jones,CLINTON,Democratic Party Question 2<br>Do you support ending current practice permitting unlimited gifts from lobbyists to state legislators?,,DEM,NO,54,2,34,18,0
Jones,ROBERTS,Democratic Party Question 2<br>Do you support ending current practice permitting unlimited gifts from lobbyists to state legislators?,,DEM,NO,52,2,40,10,0
Jones,DAVIDSON,Democratic Party Question 2<br>Do you support ending current practice permitting unlimited gifts from lobbyists to state legislators?,,DEM,NO,32,2,18,12,0
Jones,POPE,Democratic Party Question 2<br>Do you support ending current practice permitting unlimited gifts from lobbyists to state legislators?,,DEM,NO,106,12,76,18,0
Jones,BARRON,Democratic Party Question 2<br>Do you support ending current practice permitting unlimited gifts from lobbyists to state legislators?,,DEM,NO,31,0,25,6,0
Jones,WHITE,Democratic Party Question 2<br>Do you support ending current practice permitting unlimited gifts from lobbyists to state legislators?,,DEM,NO,15,0,13,2,0
Jones,SANDERS,Democratic Party Question 2<br>Do you support ending current practice permitting unlimited gifts from lobbyists to state legislators?,,DEM,NO,4,0,4,0,0
Jones,FINNEY,Democratic Party Question 2<br>Do you support ending current practice permitting unlimited gifts from lobbyists to state legislators?,,DEM,NO,30,0,29,1,0
Jones,,Democratic Party Question 3<br>Should Georgia adopt an income tax credit for home energy costs to support the economic security of our families?,,DEM,YES,1600,178,1094,328,0
Jones,GRAY,Democratic Party Question 3<br>Should Georgia adopt an income tax credit for home energy costs to support the economic security of our families?,,DEM,YES,163,12,97,54,0
Jones,HAWKINS,Democratic Party Question 3<br>Should Georgia adopt an income tax credit for home energy costs to support the economic security of our families?,,DEM,YES,371,40,262,69,0
Jones,ETHRIDGE,Democratic Party Question 3<br>Should Georgia adopt an income tax credit for home energy costs to support the economic security of our families?,,DEM,YES,211,32,127,52,0
Jones,CLINTON,Democratic Party Question 3<br>Should Georgia adopt an income tax credit for home energy costs to support the economic security of our families?,,DEM,YES,146,18,88,40,0
Jones,ROBERTS,Democratic Party Question 3<br>Should Georgia adopt an income tax credit for home energy costs to support the economic security of our families?,,DEM,YES,142,16,112,14,0
Jones,DAVIDSON,Democratic Party Question 3<br>Should Georgia adopt an income tax credit for home energy costs to support the economic security of our families?,,DEM,YES,92,12,69,11,0
Jones,POPE,Democratic Party Question 3<br>Should Georgia adopt an income tax credit for home energy costs to support the economic security of our families?,,DEM,YES,253,28,169,56,0
Jones,BARRON,Democratic Party Question 3<br>Should Georgia adopt an income tax credit for home energy costs to support the economic security of our families?,,DEM,YES,65,4,46,15,0
Jones,WHITE,Democratic Party Question 3<br>Should Georgia adopt an income tax credit for home energy costs to support the economic security of our families?,,DEM,YES,34,0,29,5,0
Jones,SANDERS,Democratic Party Question 3<br>Should Georgia adopt an income tax credit for home energy costs to support the economic security of our families?,,DEM,YES,7,0,7,0,0
Jones,FINNEY,Democratic Party Question 3<br>Should Georgia adopt an income tax credit for home energy costs to support the economic security of our families?,,DEM,YES,116,16,88,12,0
Jones,,Democratic Party Question 3<br>Should Georgia adopt an income tax credit for home energy costs to support the economic security of our families?,,DEM,NO,477,54,300,123,0
Jones,GRAY,Democratic Party Question 3<br>Should Georgia adopt an income tax credit for home energy costs to support the economic security of our families?,,DEM,NO,47,0,37,10,0
Jones,HAWKINS,Democratic Party Question 3<br>Should Georgia adopt an income tax credit for home energy costs to support the economic security of our families?,,DEM,NO,82,16,50,16,0
Jones,ETHRIDGE,Democratic Party Question 3<br>Should Georgia adopt an income tax credit for home energy costs to support the economic security of our families?,,DEM,NO,87,14,41,32,0
Jones,CLINTON,Democratic Party Question 3<br>Should Georgia adopt an income tax credit for home energy costs to support the economic security of our families?,,DEM,NO,47,10,25,12,0
Jones,ROBERTS,Democratic Party Question 3<br>Should Georgia adopt an income tax credit for home energy costs to support the economic security of our families?,,DEM,NO,42,0,33,9,0
Jones,DAVIDSON,Democratic Party Question 3<br>Should Georgia adopt an income tax credit for home energy costs to support the economic security of our families?,,DEM,NO,32,0,23,9,0
Jones,POPE,Democratic Party Question 3<br>Should Georgia adopt an income tax credit for home energy costs to support the economic security of our families?,,DEM,NO,78,8,50,20,0
Jones,BARRON,Democratic Party Question 3<br>Should Georgia adopt an income tax credit for home energy costs to support the economic security of our families?,,DEM,NO,18,0,11,7,0
Jones,WHITE,Democratic Party Question 3<br>Should Georgia adopt an income tax credit for home energy costs to support the economic security of our families?,,DEM,NO,16,0,10,6,0
Jones,SANDERS,Democratic Party Question 3<br>Should Georgia adopt an income tax credit for home energy costs to support the economic security of our families?,,DEM,NO,0,0,0,0,0
Jones,FINNEY,Democratic Party Question 3<br>Should Georgia adopt an income tax credit for home energy costs to support the economic security of our families?,,DEM,NO,28,6,20,2,0
Jones,,Democratic Party Question 4 <br>Should Georgia reduce sales taxes on Made in Georgia products so as to support the growth of small businesses in our state?,,DEM,YES,1801,196,1231,374,0
Jones,GRAY,Democratic Party Question 4 <br>Should Georgia reduce sales taxes on Made in Georgia products so as to support the growth of small businesses in our state?,,DEM,YES,190,12,120,58,0
Jones,HAWKINS,Democratic Party Question 4 <br>Should Georgia reduce sales taxes on Made in Georgia products so as to support the growth of small businesses in our state?,,DEM,YES,386,42,271,73,0
Jones,ETHRIDGE,Democratic Party Question 4 <br>Should Georgia reduce sales taxes on Made in Georgia products so as to support the growth of small businesses in our state?,,DEM,YES,246,38,141,67,0
Jones,CLINTON,Democratic Party Question 4 <br>Should Georgia reduce sales taxes on Made in Georgia products so as to support the growth of small businesses in our state?,,DEM,YES,171,28,103,40,0
Jones,ROBERTS,Democratic Party Question 4 <br>Should Georgia reduce sales taxes on Made in Georgia products so as to support the growth of small businesses in our state?,,DEM,YES,164,18,128,18,0
Jones,DAVIDSON,Democratic Party Question 4 <br>Should Georgia reduce sales taxes on Made in Georgia products so as to support the growth of small businesses in our state?,,DEM,YES,113,12,83,18,0
Jones,POPE,Democratic Party Question 4 <br>Should Georgia reduce sales taxes on Made in Georgia products so as to support the growth of small businesses in our state?,,DEM,YES,293,30,201,62,0
Jones,BARRON,Democratic Party Question 4 <br>Should Georgia reduce sales taxes on Made in Georgia products so as to support the growth of small businesses in our state?,,DEM,YES,71,4,49,18,0
Jones,WHITE,Democratic Party Question 4 <br>Should Georgia reduce sales taxes on Made in Georgia products so as to support the growth of small businesses in our state?,,DEM,YES,42,0,34,8,0
Jones,SANDERS,Democratic Party Question 4 <br>Should Georgia reduce sales taxes on Made in Georgia products so as to support the growth of small businesses in our state?,,DEM,YES,5,0,5,0,0
Jones,FINNEY,Democratic Party Question 4 <br>Should Georgia reduce sales taxes on Made in Georgia products so as to support the growth of small businesses in our state?,,DEM,YES,120,12,96,12,0
Jones,,Democratic Party Question 4 <br>Should Georgia reduce sales taxes on Made in Georgia products so as to support the growth of small businesses in our state?,,DEM,NO,302,36,189,77,0
Jones,GRAY,Democratic Party Question 4 <br>Should Georgia reduce sales taxes on Made in Georgia products so as to support the growth of small businesses in our state?,,DEM,NO,27,0,19,8,0
Jones,HAWKINS,Democratic Party Question 4 <br>Should Georgia reduce sales taxes on Made in Georgia products so as to support the growth of small businesses in our state?,,DEM,NO,66,12,42,12,0
Jones,ETHRIDGE,Democratic Party Question 4 <br>Should Georgia reduce sales taxes on Made in Georgia products so as to support the growth of small businesses in our state?,,DEM,NO,53,8,29,16,0
Jones,CLINTON,Democratic Party Question 4 <br>Should Georgia reduce sales taxes on Made in Georgia products so as to support the growth of small businesses in our state?,,DEM,NO,23,0,12,11,0
Jones,ROBERTS,Democratic Party Question 4 <br>Should Georgia reduce sales taxes on Made in Georgia products so as to support the growth of small businesses in our state?,,DEM,NO,27,0,22,5,0
Jones,DAVIDSON,Democratic Party Question 4 <br>Should Georgia reduce sales taxes on Made in Georgia products so as to support the growth of small businesses in our state?,,DEM,NO,11,0,9,2,0
Jones,POPE,Democratic Party Question 4 <br>Should Georgia reduce sales taxes on Made in Georgia products so as to support the growth of small businesses in our state?,,DEM,NO,45,6,26,13,0
Jones,BARRON,Democratic Party Question 4 <br>Should Georgia reduce sales taxes on Made in Georgia products so as to support the growth of small businesses in our state?,,DEM,NO,16,0,11,5,0
Jones,WHITE,Democratic Party Question 4 <br>Should Georgia reduce sales taxes on Made in Georgia products so as to support the growth of small businesses in our state?,,DEM,NO,8,0,5,3,0
Jones,SANDERS,Democratic Party Question 4 <br>Should Georgia reduce sales taxes on Made in Georgia products so as to support the growth of small businesses in our state?,,DEM,NO,2,0,2,0,0
Jones,FINNEY,Democratic Party Question 4 <br>Should Georgia reduce sales taxes on Made in Georgia products so as to support the growth of small businesses in our state?,,DEM,NO,24,10,12,2,0
Jones,,Supreme Court Justice, Hunstein,I,CAROL W. HUNSTEIN,3821,460,2655,705,1
Jones,GRAY,Supreme Court Justice, Hunstein,I,CAROL W. HUNSTEIN,482,52,290,140,0
Jones,HAWKINS,Supreme Court Justice, Hunstein,I,CAROL W. HUNSTEIN,558,68,377,112,1
Jones,ETHRIDGE,Supreme Court Justice, Hunstein,I,CAROL W. HUNSTEIN,413,80,242,91,0
Jones,CLINTON,Supreme Court Justice, Hunstein,I,CAROL W. HUNSTEIN,471,78,296,97,0
Jones,ROBERTS,Supreme Court Justice, Hunstein,I,CAROL W. HUNSTEIN,390,52,297,41,0
Jones,DAVIDSON,Supreme Court Justice, Hunstein,I,CAROL W. HUNSTEIN,270,16,204,50,0
Jones,POPE,Supreme Court Justice, Hunstein,I,CAROL W. HUNSTEIN,399,40,282,77,0
Jones,BARRON,Supreme Court Justice, Hunstein,I,CAROL W. HUNSTEIN,193,24,130,39,0
Jones,WHITE,Supreme Court Justice, Hunstein,I,CAROL W. HUNSTEIN,102,2,87,13,0
Jones,SANDERS,Supreme Court Justice, Hunstein,I,CAROL W. HUNSTEIN,39,4,34,1,0
Jones,FINNEY,Supreme Court Justice, Hunstein,I,CAROL W. HUNSTEIN,504,44,416,44,0
Jones,,Supreme Court Justice, Hunstein,,Write-in,7,0,5,2,0
Jones,GRAY,Supreme Court Justice, Hunstein,,Write-in,0,0,0,0,0
Jones,HAWKINS,Supreme Court Justice, Hunstein,,Write-in,0,0,0,0,0
Jones,ETHRIDGE,Supreme Court Justice, Hunstein,,Write-in,0,0,0,0,0
Jones,CLINTON,Supreme Court Justice, Hunstein,,Write-in,0,0,0,0,0
Jones,ROBERTS,Supreme Court Justice, Hunstein,,Write-in,2,0,2,0,0
Jones,DAVIDSON,Supreme Court Justice, Hunstein,,Write-in,1,0,0,1,0
Jones,POPE,Supreme Court Justice, Hunstein,,Write-in,2,0,1,1,0
Jones,BARRON,Supreme Court Justice, Hunstein,,Write-in,1,0,1,0,0
Jones,WHITE,Supreme Court Justice, Hunstein,,Write-in,0,0,0,0,0
Jones,SANDERS,Supreme Court Justice, Hunstein,,Write-in,0,0,0,0,0
Jones,FINNEY,Supreme Court Justice, Hunstein,,Write-in,1,0,1,0,0
Jones,,Supreme Court Justice, Melton,,HAROLD D. MELTON ,3756,454,2599,702,1
Jones,GRAY,Supreme Court Justice, Melton,,HAROLD D. MELTON ,475,52,284,139,0
Jones,HAWKINS,Supreme Court Justice, Melton,,HAROLD D. MELTON ,547,64,374,108,1
Jones,ETHRIDGE,Supreme Court Justice, Melton,,HAROLD D. MELTON ,407,80,237,90,0
Jones,CLINTON,Supreme Court Justice, Melton,,HAROLD D. MELTON ,472,80,290,102,0
Jones,ROBERTS,Supreme Court Justice, Melton,,HAROLD D. MELTON ,378,50,288,40,0
Jones,DAVIDSON,Supreme Court Justice, Melton,,HAROLD D. MELTON ,267,20,198,49,0
Jones,POPE,Supreme Court Justice, Melton,,HAROLD D. MELTON ,396,38,278,80,0
Jones,BARRON,Supreme Court Justice, Melton,,HAROLD D. MELTON ,187,22,130,35,0
Jones,WHITE,Supreme Court Justice, Melton,,HAROLD D. MELTON ,99,2,83,14,0
Jones,SANDERS,Supreme Court Justice, Melton,,HAROLD D. MELTON ,35,2,32,1,0
Jones,FINNEY,Supreme Court Justice, Melton,,HAROLD D. MELTON ,493,44,405,44,0
Jones,,Supreme Court Justice, Melton,,Write-in,8,0,5,3,0
Jones,GRAY,Supreme Court Justice, Melton,,Write-in,0,0,0,0,0
Jones,HAWKINS,Supreme Court Justice, Melton,,Write-in,0,0,0,0,0
Jones,ETHRIDGE,Supreme Court Justice, Melton,,Write-in,0,0,0,0,0
Jones,CLINTON,Supreme Court Justice, Melton,,Write-in,1,0,0,1,0
Jones,ROBERTS,Supreme Court Justice, Melton,,Write-in,3,0,3,0,0
Jones,DAVIDSON,Supreme Court Justice, Melton,,Write-in,1,0,0,1,0
Jones,POPE,Supreme Court Justice, Melton,,Write-in,1,0,0,1,0
Jones,BARRON,Supreme Court Justice, Melton,,Write-in,1,0,1,0,0
Jones,WHITE,Supreme Court Justice, Melton,,Write-in,0,0,0,0,0
Jones,SANDERS,Supreme Court Justice, Melton,,Write-in,0,0,0,0,0
Jones,FINNEY,Supreme Court Justice, Melton,,Write-in,1,0,1,0,0
Jones,,Supreme Court Justice, Thompson,,HUGH P. THOMPSON ,3816,472,2621,722,1
Jones,GRAY,Supreme Court Justice, Thompson,,HUGH P. THOMPSON ,488,52,291,145,0
Jones,HAWKINS,Supreme Court Justice, Thompson,,HUGH P. THOMPSON ,549,66,371,111,1
Jones,ETHRIDGE,Supreme Court Justice, Thompson,,HUGH P. THOMPSON ,414,82,238,94,0
Jones,CLINTON,Supreme Court Justice, Thompson,,HUGH P. THOMPSON ,478,80,293,105,0
Jones,ROBERTS,Supreme Court Justice, Thompson,,HUGH P. THOMPSON ,385,52,290,43,0
Jones,DAVIDSON,Supreme Court Justice, Thompson,,HUGH P. THOMPSON ,269,20,200,49,0
Jones,POPE,Supreme Court Justice, Thompson,,HUGH P. THOMPSON ,405,46,280,79,0
Jones,BARRON,Supreme Court Justice, Thompson,,HUGH P. THOMPSON ,192,24,132,36,0
Jones,WHITE,Supreme Court Justice, Thompson,,HUGH P. THOMPSON ,101,2,85,14,0
Jones,SANDERS,Supreme Court Justice, Thompson,,HUGH P. THOMPSON ,37,4,32,1,0
Jones,FINNEY,Supreme Court Justice, Thompson,,HUGH P. THOMPSON ,498,44,409,45,0
Jones,,Supreme Court Justice, Thompson,,Write-in,5,0,3,2,0
Jones,GRAY,Supreme Court Justice, Thompson,,Write-in,0,0,0,0,0
Jones,HAWKINS,Supreme Court Justice, Thompson,,Write-in,0,0,0,0,0
Jones,ETHRIDGE,Supreme Court Justice, Thompson,,Write-in,0,0,0,0,0
Jones,CLINTON,Supreme Court Justice, Thompson,,Write-in,0,0,0,0,0
Jones,ROBERTS,Supreme Court Justice, Thompson,,Write-in,1,0,1,0,0
Jones,DAVIDSON,Supreme Court Justice, Thompson,,Write-in,1,0,0,1,0
Jones,POPE,Supreme Court Justice, Thompson,,Write-in,1,0,0,1,0
Jones,BARRON,Supreme Court Justice, Thompson,,Write-in,1,0,1,0,0
Jones,WHITE,Supreme Court Justice, Thompson,,Write-in,0,0,0,0,0
Jones,SANDERS,Supreme Court Justice, Thompson,,Write-in,0,0,0,0,0
Jones,FINNEY,Supreme Court Justice, Thompson,,Write-in,1,0,1,0,0
Jones,,Appeals Court Judge, Boggs,,MICHAEL P. BOGGS ,3707,462,2548,696,1
Jones,GRAY,Appeals Court Judge, Boggs,,MICHAEL P. BOGGS ,472,54,283,135,0
Jones,HAWKINS,Appeals Court Judge, Boggs,,MICHAEL P. BOGGS ,537,66,362,108,1
Jones,ETHRIDGE,Appeals Court Judge, Boggs,,MICHAEL P. BOGGS ,403,80,232,91,0
Jones,CLINTON,Appeals Court Judge, Boggs,,MICHAEL P. BOGGS ,468,80,285,103,0
Jones,ROBERTS,Appeals Court Judge, Boggs,,MICHAEL P. BOGGS ,372,52,280,40,0
Jones,DAVIDSON,Appeals Court Judge, Boggs,,MICHAEL P. BOGGS ,263,16,198,49,0
Jones,POPE,Appeals Court Judge, Boggs,,MICHAEL P. BOGGS ,398,50,271,77,0
Jones,BARRON,Appeals Court Judge, Boggs,,MICHAEL P. BOGGS ,187,22,129,36,0
Jones,WHITE,Appeals Court Judge, Boggs,,MICHAEL P. BOGGS ,97,2,81,14,0
Jones,SANDERS,Appeals Court Judge, Boggs,,MICHAEL P. BOGGS ,34,2,31,1,0
Jones,FINNEY,Appeals Court Judge, Boggs,,MICHAEL P. BOGGS ,476,38,396,42,0
Jones,,Appeals Court Judge, Boggs,,Write-in,8,2,4,2,0
Jones,GRAY,Appeals Court Judge, Boggs,,Write-in,0,0,0,0,0
Jones,HAWKINS,Appeals Court Judge, Boggs,,Write-in,0,0,0,0,0
Jones,ETHRIDGE,Appeals Court Judge, Boggs,,Write-in,3,2,1,0,0
Jones,CLINTON,Appeals Court Judge, Boggs,,Write-in,0,0,0,0,0
Jones,ROBERTS,Appeals Court Judge, Boggs,,Write-in,1,0,1,0,0
Jones,DAVIDSON,Appeals Court Judge, Boggs,,Write-in,1,0,0,1,0
Jones,POPE,Appeals Court Judge, Boggs,,Write-in,1,0,0,1,0
Jones,BARRON,Appeals Court Judge, Boggs,,Write-in,1,0,1,0,0
Jones,WHITE,Appeals Court Judge, Boggs,,Write-in,0,0,0,0,0
Jones,SANDERS,Appeals Court Judge, Boggs,,Write-in,0,0,0,0,0
Jones,FINNEY,Appeals Court Judge, Boggs,,Write-in,1,0,1,0,0
Jones,,Appeals Court Judge, Dillard,,STEPHEN DILLARD ,3738,464,2579,694,1
Jones,GRAY,Appeals Court Judge, Dillard,,STEPHEN DILLARD ,476,54,286,136,0
Jones,HAWKINS,Appeals Court Judge, Dillard,,STEPHEN DILLARD ,548,66,372,109,1
Jones,ETHRIDGE,Appeals Court Judge, Dillard,,STEPHEN DILLARD ,408,82,239,87,0
Jones,CLINTON,Appeals Court Judge, Dillard,,STEPHEN DILLARD ,469,80,287,102,0
Jones,ROBERTS,Appeals Court Judge, Dillard,,STEPHEN DILLARD ,376,52,282,42,0
Jones,DAVIDSON,Appeals Court Judge, Dillard,,STEPHEN DILLARD ,267,18,200,49,0
Jones,POPE,Appeals Court Judge, Dillard,,STEPHEN DILLARD ,400,46,277,77,0
Jones,BARRON,Appeals Court Judge, Dillard,,STEPHEN DILLARD ,184,22,127,35,0
Jones,WHITE,Appeals Court Judge, Dillard,,STEPHEN DILLARD ,97,2,81,14,0
Jones,SANDERS,Appeals Court Judge, Dillard,,STEPHEN DILLARD ,34,2,31,1,0
Jones,FINNEY,Appeals Court Judge, Dillard,,STEPHEN DILLARD ,479,40,397,42,0
Jones,,Appeals Court Judge, Dillard,,Write-in,6,0,4,2,0
Jones,GRAY,Appeals Court Judge, Dillard,,Write-in,0,0,0,0,0
Jones,HAWKINS,Appeals Court Judge, Dillard,,Write-in,0,0,0,0,0
Jones,ETHRIDGE,Appeals Court Judge, Dillard,,Write-in,0,0,0,0,0
Jones,CLINTON,Appeals Court Judge, Dillard,,Write-in,0,0,0,0,0
Jones,ROBERTS,Appeals Court Judge, Dillard,,Write-in,2,0,2,0,0
Jones,DAVIDSON,Appeals Court Judge, Dillard,,Write-in,1,0,0,1,0
Jones,POPE,Appeals Court Judge, Dillard,,Write-in,1,0,0,1,0
Jones,BARRON,Appeals Court Judge, Dillard,,Write-in,1,0,1,0,0
Jones,WHITE,Appeals Court Judge, Dillard,,Write-in,0,0,0,0,0
Jones,SANDERS,Appeals Court Judge, Dillard,,Write-in,0,0,0,0,0
Jones,FINNEY,Appeals Court Judge, Dillard,,Write-in,1,0,1,0,0
Jones,,Appeals Court Judge, Ellington,,JOHN ELLINGTON ,3730,468,2562,699,1
Jones,GRAY,Appeals Court Judge, Ellington,,JOHN ELLINGTON ,475,54,284,137,0
Jones,HAWKINS,Appeals Court Judge, Ellington,,JOHN ELLINGTON ,539,66,364,108,1
Jones,ETHRIDGE,Appeals Court Judge, Ellington,,JOHN ELLINGTON ,410,82,236,92,0
Jones,CLINTON,Appeals Court Judge, Ellington,,JOHN ELLINGTON ,471,82,287,102,0
Jones,ROBERTS,Appeals Court Judge, Ellington,,JOHN ELLINGTON ,376,54,280,42,0
Jones,DAVIDSON,Appeals Court Judge, Ellington,,JOHN ELLINGTON ,261,14,198,49,0
Jones,POPE,Appeals Court Judge, Ellington,,JOHN ELLINGTON ,398,48,271,79,0
Jones,BARRON,Appeals Court Judge, Ellington,,JOHN ELLINGTON ,187,22,131,34,0
Jones,WHITE,Appeals Court Judge, Ellington,,JOHN ELLINGTON ,94,2,79,13,0
Jones,SANDERS,Appeals Court Judge, Ellington,,JOHN ELLINGTON ,32,0,31,1,0
Jones,FINNEY,Appeals Court Judge, Ellington,,JOHN ELLINGTON ,487,44,401,42,0
Jones,,Appeals Court Judge, Ellington,,Write-in,9,4,3,2,0
Jones,GRAY,Appeals Court Judge, Ellington,,Write-in,0,0,0,0,0
Jones,HAWKINS,Appeals Court Judge, Ellington,,Write-in,0,0,0,0,0
Jones,ETHRIDGE,Appeals Court Judge, Ellington,,Write-in,0,0,0,0,0
Jones,CLINTON,Appeals Court Judge, Ellington,,Write-in,0,0,0,0,0
Jones,ROBERTS,Appeals Court Judge, Ellington,,Write-in,1,0,1,0,0
Jones,DAVIDSON,Appeals Court Judge, Ellington,,Write-in,3,2,0,1,0
Jones,POPE,Appeals Court Judge, Ellington,,Write-in,1,0,0,1,0
Jones,BARRON,Appeals Court Judge, Ellington,,Write-in,1,0,1,0,0
Jones,WHITE,Appeals Court Judge, Ellington,,Write-in,0,0,0,0,0
Jones,SANDERS,Appeals Court Judge, Ellington,,Write-in,2,2,0,0,0
Jones,FINNEY,Appeals Court Judge, Ellington,,Write-in,1,0,1,0,0
Jones,,Appeals Court Judge, Miller,,M. YVETTE MILLER ,3731,462,2571,697,1
Jones,GRAY,Appeals Court Judge, Miller,,M. YVETTE MILLER ,470,54,281,135,0
Jones,HAWKINS,Appeals Court Judge, Miller,,M. YVETTE MILLER ,550,64,374,111,1
Jones,ETHRIDGE,Appeals Court Judge, Miller,,M. YVETTE MILLER ,407,78,238,91,0
Jones,CLINTON,Appeals Court Judge, Miller,,M. YVETTE MILLER ,468,80,287,101,0
Jones,ROBERTS,Appeals Court Judge, Miller,,M. YVETTE MILLER ,369,50,278,41,0
Jones,DAVIDSON,Appeals Court Judge, Miller,,M. YVETTE MILLER ,267,18,198,51,0
Jones,POPE,Appeals Court Judge, Miller,,M. YVETTE MILLER ,402,46,278,78,0
Jones,BARRON,Appeals Court Judge, Miller,,M. YVETTE MILLER ,185,22,130,33,0
Jones,WHITE,Appeals Court Judge, Miller,,M. YVETTE MILLER ,92,2,77,13,0
Jones,SANDERS,Appeals Court Judge, Miller,,M. YVETTE MILLER ,35,4,31,0,0
Jones,FINNEY,Appeals Court Judge, Miller,,M. YVETTE MILLER ,486,44,399,43,0
Jones,,Appeals Court Judge, Miller,,Write-in,5,0,3,2,0
Jones,GRAY,Appeals Court Judge, Miller,,Write-in,0,0,0,0,0
Jones,HAWKINS,Appeals Court Judge, Miller,,Write-in,0,0,0,0,0
Jones,ETHRIDGE,Appeals Court Judge, Miller,,Write-in,0,0,0,0,0
Jones,CLINTON,Appeals Court Judge, Miller,,Write-in,0,0,0,0,0
Jones,ROBERTS,Appeals Court Judge, Miller,,Write-in,1,0,1,0,0
Jones,DAVIDSON,Appeals Court Judge, Miller,,Write-in,1,0,0,1,0
Jones,POPE,Appeals Court Judge, Miller,,Write-in,1,0,0,1,0
Jones,BARRON,Appeals Court Judge, Miller,,Write-in,1,0,1,0,0
Jones,WHITE,Appeals Court Judge, Miller,,Write-in,0,0,0,0,0
Jones,SANDERS,Appeals Court Judge, Miller,,Write-in,0,0,0,0,0
Jones,FINNEY,Appeals Court Judge, Miller,,Write-in,1,0,1,0,0
Jones,,Appeals Court Judge, Phipps,,HERBERT PHIPPS ,3691,458,2551,681,1
Jones,GRAY,Appeals Court Judge, Phipps,,HERBERT PHIPPS ,470,54,280,136,0
Jones,HAWKINS,Appeals Court Judge, Phipps,,HERBERT PHIPPS ,536,66,365,104,1
Jones,ETHRIDGE,Appeals Court Judge, Phipps,,HERBERT PHIPPS ,400,82,230,88,0
Jones,CLINTON,Appeals Court Judge, Phipps,,HERBERT PHIPPS ,469,80,289,100,0
Jones,ROBERTS,Appeals Court Judge, Phipps,,HERBERT PHIPPS ,373,52,280,41,0
Jones,DAVIDSON,Appeals Court Judge, Phipps,,HERBERT PHIPPS ,260,12,198,50,0
Jones,POPE,Appeals Court Judge, Phipps,,HERBERT PHIPPS ,390,46,270,74,0
Jones,BARRON,Appeals Court Judge, Phipps,,HERBERT PHIPPS ,190,22,134,34,0
Jones,WHITE,Appeals Court Judge, Phipps,,HERBERT PHIPPS ,94,2,80,12,0
Jones,SANDERS,Appeals Court Judge, Phipps,,HERBERT PHIPPS ,33,2,31,0,0
Jones,FINNEY,Appeals Court Judge, Phipps,,HERBERT PHIPPS ,476,40,394,42,0
Jones,,Appeals Court Judge, Phipps,,Write-in,3,0,2,1,0
Jones,GRAY,Appeals Court Judge, Phipps,,Write-in,0,0,0,0,0
Jones,HAWKINS,Appeals Court Judge, Phipps,,Write-in,0,0,0,0,0
Jones,ETHRIDGE,Appeals Court Judge, Phipps,,Write-in,0,0,0,0,0
Jones,CLINTON,Appeals Court Judge, Phipps,,Write-in,0,0,0,0,0
Jones,ROBERTS,Appeals Court Judge, Phipps,,Write-in,0,0,0,0,0
Jones,DAVIDSON,Appeals Court Judge, Phipps,,Write-in,0,0,0,0,0
Jones,POPE,Appeals Court Judge, Phipps,,Write-in,1,0,0,1,0
Jones,BARRON,Appeals Court Judge, Phipps,,Write-in,1,0,1,0,0
Jones,WHITE,Appeals Court Judge, Phipps,,Write-in,0,0,0,0,0
Jones,SANDERS,Appeals Court Judge, Phipps,,Write-in,0,0,0,0,0
Jones,FINNEY,Appeals Court Judge, Phipps,,Write-in,1,0,1,0,0
Jones,,Superior Court Judge, Ocmulgee Circuit (Cline),,JAMES CLINE JR. ,3705,452,2545,707,1
Jones,GRAY,Superior Court Judge, Ocmulgee Circuit (Cline),,JAMES CLINE JR. ,478,54,282,142,0
Jones,HAWKINS,Superior Court Judge, Ocmulgee Circuit (Cline),,JAMES CLINE JR. ,533,64,361,107,1
Jones,ETHRIDGE,Superior Court Judge, Ocmulgee Circuit (Cline),,JAMES CLINE JR. ,405,82,231,92,0
Jones,CLINTON,Superior Court Judge, Ocmulgee Circuit (Cline),,JAMES CLINE JR. ,469,80,285,104,0
Jones,ROBERTS,Superior Court Judge, Ocmulgee Circuit (Cline),,JAMES CLINE JR. ,372,52,279,41,0
Jones,DAVIDSON,Superior Court Judge, Ocmulgee Circuit (Cline),,JAMES CLINE JR. ,259,12,195,52,0
Jones,POPE,Superior Court Judge, Ocmulgee Circuit (Cline),,JAMES CLINE JR. ,391,44,269,78,0
Jones,BARRON,Superior Court Judge, Ocmulgee Circuit (Cline),,JAMES CLINE JR. ,192,22,134,36,0
Jones,WHITE,Superior Court Judge, Ocmulgee Circuit (Cline),,JAMES CLINE JR. ,94,2,79,13,0
Jones,SANDERS,Superior Court Judge, Ocmulgee Circuit (Cline),,JAMES CLINE JR. ,35,2,33,0,0
Jones,FINNEY,Superior Court Judge, Ocmulgee Circuit (Cline),,JAMES CLINE JR. ,477,38,397,42,0
Jones,,Superior Court Judge, Ocmulgee Circuit (Cline),,Write-in,6,0,4,2,0
Jones,GRAY,Superior Court Judge, Ocmulgee Circuit (Cline),,Write-in,0,0,0,0,0
Jones,HAWKINS,Superior Court Judge, Ocmulgee Circuit (Cline),,Write-in,1,0,1,0,0
Jones,ETHRIDGE,Superior Court Judge, Ocmulgee Circuit (Cline),,Write-in,1,0,0,1,0
Jones,CLINTON,Superior Court Judge, Ocmulgee Circuit (Cline),,Write-in,0,0,0,0,0
Jones,ROBERTS,Superior Court Judge, Ocmulgee Circuit (Cline),,Write-in,1,0,1,0,0
Jones,DAVIDSON,Superior Court Judge, Ocmulgee Circuit (Cline),,Write-in,0,0,0,0,0
Jones,POPE,Superior Court Judge, Ocmulgee Circuit (Cline),,Write-in,1,0,0,1,0
Jones,BARRON,Superior Court Judge, Ocmulgee Circuit (Cline),,Write-in,0,0,0,0,0
Jones,WHITE,Superior Court Judge, Ocmulgee Circuit (Cline),,Write-in,0,0,0,0,0
Jones,SANDERS,Superior Court Judge, Ocmulgee Circuit (Cline),,Write-in,0,0,0,0,0
Jones,FINNEY,Superior Court Judge, Ocmulgee Circuit (Cline),,Write-in,2,0,2,0,0
Jones,,Superior Court Judge, Ocmulgee Circuit (George),,HULANE E. GEORGE ,3711,461,2543,706,1
Jones,GRAY,Superior Court Judge, Ocmulgee Circuit (George),,HULANE E. GEORGE ,471,50,279,142,0
Jones,HAWKINS,Superior Court Judge, Ocmulgee Circuit (George),,HULANE E. GEORGE ,530,64,354,111,1
Jones,ETHRIDGE,Superior Court Judge, Ocmulgee Circuit (George),,HULANE E. GEORGE ,409,80,236,93,0
Jones,CLINTON,Superior Court Judge, Ocmulgee Circuit (George),,HULANE E. GEORGE ,475,82,287,106,0
Jones,ROBERTS,Superior Court Judge, Ocmulgee Circuit (George),,HULANE E. GEORGE ,371,53,278,40,0
Jones,DAVIDSON,Superior Court Judge, Ocmulgee Circuit (George),,HULANE E. GEORGE ,262,14,198,50,0
Jones,POPE,Superior Court Judge, Ocmulgee Circuit (George),,HULANE E. GEORGE ,403,50,275,78,0
Jones,BARRON,Superior Court Judge, Ocmulgee Circuit (George),,HULANE E. GEORGE ,188,24,131,33,0
Jones,WHITE,Superior Court Judge, Ocmulgee Circuit (George),,HULANE E. GEORGE ,94,2,80,12,0
Jones,SANDERS,Superior Court Judge, Ocmulgee Circuit (George),,HULANE E. GEORGE ,34,2,32,0,0
Jones,FINNEY,Superior Court Judge, Ocmulgee Circuit (George),,HULANE E. GEORGE ,474,40,393,41,0
Jones,,Superior Court Judge, Ocmulgee Circuit (George),,Write-in,7,0,5,2,0
Jones,GRAY,Superior Court Judge, Ocmulgee Circuit (George),,Write-in,0,0,0,0,0
Jones,HAWKINS,Superior Court Judge, Ocmulgee Circuit (George),,Write-in,1,0,1,0,0
Jones,ETHRIDGE,Superior Court Judge, Ocmulgee Circuit (George),,Write-in,2,0,1,1,0
Jones,CLINTON,Superior Court Judge, Ocmulgee Circuit (George),,Write-in,0,0,0,0,0
Jones,ROBERTS,Superior Court Judge, Ocmulgee Circuit (George),,Write-in,0,0,0,0,0
Jones,DAVIDSON,Superior Court Judge, Ocmulgee Circuit (George),,Write-in,0,0,0,0,0
Jones,POPE,Superior Court Judge, Ocmulgee Circuit (George),,Write-in,2,0,1,1,0
Jones,BARRON,Superior Court Judge, Ocmulgee Circuit (George),,Write-in,0,0,0,0,0
Jones,WHITE,Superior Court Judge, Ocmulgee Circuit (George),,Write-in,0,0,0,0,0
Jones,SANDERS,Superior Court Judge, Ocmulgee Circuit (George),,Write-in,0,0,0,0,0
Jones,FINNEY,Superior Court Judge, Ocmulgee Circuit (George),,Write-in,2,0,2,0,0
Jones,,Superior Court Judge, Ocmulgee Circuit (Prior),I,WILLIAM PRIOR JR.,3760,474,2570,715,1
Jones,GRAY,Superior Court Judge, Ocmulgee Circuit (Prior),I,WILLIAM PRIOR JR.,474,52,279,143,0
Jones,HAWKINS,Superior Court Judge, Ocmulgee Circuit (Prior),I,WILLIAM PRIOR JR.,534,66,357,110,1
Jones,ETHRIDGE,Superior Court Judge, Ocmulgee Circuit (Prior),I,WILLIAM PRIOR JR.,414,84,234,96,0
Jones,CLINTON,Superior Court Judge, Ocmulgee Circuit (Prior),I,WILLIAM PRIOR JR.,478,80,293,105,0
Jones,ROBERTS,Superior Court Judge, Ocmulgee Circuit (Prior),I,WILLIAM PRIOR JR.,379,56,281,42,0
Jones,DAVIDSON,Superior Court Judge, Ocmulgee Circuit (Prior),I,WILLIAM PRIOR JR.,269,18,199,52,0
Jones,POPE,Superior Court Judge, Ocmulgee Circuit (Prior),I,WILLIAM PRIOR JR.,409,50,280,79,0
Jones,BARRON,Superior Court Judge, Ocmulgee Circuit (Prior),I,WILLIAM PRIOR JR.,192,22,136,34,0
Jones,WHITE,Superior Court Judge, Ocmulgee Circuit (Prior),I,WILLIAM PRIOR JR.,94,2,79,13,0
Jones,SANDERS,Superior Court Judge, Ocmulgee Circuit (Prior),I,WILLIAM PRIOR JR.,36,4,32,0,0
Jones,FINNEY,Superior Court Judge, Ocmulgee Circuit (Prior),I,WILLIAM PRIOR JR.,481,40,400,41,0
Jones,,Superior Court Judge, Ocmulgee Circuit (Prior),,Write-in,9,6,2,1,0
Jones,GRAY,Superior Court Judge, Ocmulgee Circuit (Prior),,Write-in,2,2,0,0,0
Jones,HAWKINS,Superior Court Judge, Ocmulgee Circuit (Prior),,Write-in,0,0,0,0,0
Jones,ETHRIDGE,Superior Court Judge, Ocmulgee Circuit (Prior),,Write-in,0,0,0,0,0
Jones,CLINTON,Superior Court Judge, Ocmulgee Circuit (Prior),,Write-in,2,2,0,0,0
Jones,ROBERTS,Superior Court Judge, Ocmulgee Circuit (Prior),,Write-in,1,0,1,0,0
Jones,DAVIDSON,Superior Court Judge, Ocmulgee Circuit (Prior),,Write-in,2,2,0,0,0
Jones,POPE,Superior Court Judge, Ocmulgee Circuit (Prior),,Write-in,1,0,0,1,0
Jones,BARRON,Superior Court Judge, Ocmulgee Circuit (Prior),,Write-in,0,0,0,0,0
Jones,WHITE,Superior Court Judge, Ocmulgee Circuit (Prior),,Write-in,0,0,0,0,0
Jones,SANDERS,Superior Court Judge, Ocmulgee Circuit (Prior),,Write-in,0,0,0,0,0
Jones,FINNEY,Superior Court Judge, Ocmulgee Circuit (Prior),,Write-in,1,0,1,0,0
Jones,,Superior Court Judge, Ocmulgee Circuit (Wingfield),I,HUGH WINGFIELD II,3730,452,2565,712,1
Jones,GRAY,Superior Court Judge, Ocmulgee Circuit (Wingfield),I,HUGH WINGFIELD II,473,48,285,140,0
Jones,HAWKINS,Superior Court Judge, Ocmulgee Circuit (Wingfield),I,HUGH WINGFIELD II,544,66,366,111,1
Jones,ETHRIDGE,Superior Court Judge, Ocmulgee Circuit (Wingfield),I,HUGH WINGFIELD II,419,84,238,97,0
Jones,CLINTON,Superior Court Judge, Ocmulgee Circuit (Wingfield),I,HUGH WINGFIELD II,473,82,288,103,0
Jones,ROBERTS,Superior Court Judge, Ocmulgee Circuit (Wingfield),I,HUGH WINGFIELD II,370,46,282,42,0
Jones,DAVIDSON,Superior Court Judge, Ocmulgee Circuit (Wingfield),I,HUGH WINGFIELD II,264,16,196,52,0
Jones,POPE,Superior Court Judge, Ocmulgee Circuit (Wingfield),I,HUGH WINGFIELD II,393,46,270,77,0
Jones,BARRON,Superior Court Judge, Ocmulgee Circuit (Wingfield),I,HUGH WINGFIELD II,187,22,131,34,0
Jones,WHITE,Superior Court Judge, Ocmulgee Circuit (Wingfield),I,HUGH WINGFIELD II,96,2,80,14,0
Jones,SANDERS,Superior Court Judge, Ocmulgee Circuit (Wingfield),I,HUGH WINGFIELD II,33,2,31,0,0
Jones,FINNEY,Superior Court Judge, Ocmulgee Circuit (Wingfield),I,HUGH WINGFIELD II,478,38,398,42,0
Jones,,Superior Court Judge, Ocmulgee Circuit (Wingfield),,Write-in,5,0,4,1,0
Jones,GRAY,Superior Court Judge, Ocmulgee Circuit (Wingfield),,Write-in,0,0,0,0,0
Jones,HAWKINS,Superior Court Judge, Ocmulgee Circuit (Wingfield),,Write-in,0,0,0,0,0
Jones,ETHRIDGE,Superior Court Judge, Ocmulgee Circuit (Wingfield),,Write-in,1,0,1,0,0
Jones,CLINTON,Superior Court Judge, Ocmulgee Circuit (Wingfield),,Write-in,0,0,0,0,0
Jones,ROBERTS,Superior Court Judge, Ocmulgee Circuit (Wingfield),,Write-in,1,0,1,0,0
Jones,DAVIDSON,Superior Court Judge, Ocmulgee Circuit (Wingfield),,Write-in,0,0,0,0,0
Jones,POPE,Superior Court Judge, Ocmulgee Circuit (Wingfield),,Write-in,1,0,0,1,0
Jones,BARRON,Superior Court Judge, Ocmulgee Circuit (Wingfield),,Write-in,1,0,1,0,0
Jones,WHITE,Superior Court Judge, Ocmulgee Circuit (Wingfield),,Write-in,0,0,0,0,0
Jones,SANDERS,Superior Court Judge, Ocmulgee Circuit (Wingfield),,Write-in,0,0,0,0,0
Jones,FINNEY,Superior Court Judge, Ocmulgee Circuit (Wingfield),,Write-in,1,0,1,0,0
Jones,,JUDGE, PROBATE COURT,,J. MIKE GREENE ,4042,508,2768,765,1
Jones,GRAY,JUDGE, PROBATE COURT,,J. MIKE GREENE ,514,54,308,152,0
Jones,HAWKINS,JUDGE, PROBATE COURT,,J. MIKE GREENE ,587,74,397,115,1
Jones,ETHRIDGE,JUDGE, PROBATE COURT,,J. MIKE GREENE ,447,82,258,107,0
Jones,CLINTON,JUDGE, PROBATE COURT,,J. MIKE GREENE ,512,82,318,112,0
Jones,ROBERTS,JUDGE, PROBATE COURT,,J. MIKE GREENE ,404,56,304,44,0
Jones,DAVIDSON,JUDGE, PROBATE COURT,,J. MIKE GREENE ,283,22,210,51,0
Jones,POPE,JUDGE, PROBATE COURT,,J. MIKE GREENE ,449,56,305,88,0
Jones,BARRON,JUDGE, PROBATE COURT,,J. MIKE GREENE ,213,30,146,37,0
Jones,WHITE,JUDGE, PROBATE COURT,,J. MIKE GREENE ,98,2,82,14,0
Jones,SANDERS,JUDGE, PROBATE COURT,,J. MIKE GREENE ,36,4,32,0,0
Jones,FINNEY,JUDGE, PROBATE COURT,,J. MIKE GREENE ,499,46,408,45,0
Jones,,JUDGE, PROBATE COURT,,Write-in,10,2,5,3,0
Jones,GRAY,JUDGE, PROBATE COURT,,Write-in,4,0,2,2,0
Jones,HAWKINS,JUDGE, PROBATE COURT,,Write-in,3,2,1,0,0
Jones,ETHRIDGE,JUDGE, PROBATE COURT,,Write-in,0,0,0,0,0
Jones,CLINTON,JUDGE, PROBATE COURT,,Write-in,0,0,0,0,0
Jones,ROBERTS,JUDGE, PROBATE COURT,,Write-in,1,0,1,0,0
Jones,DAVIDSON,JUDGE, PROBATE COURT,,Write-in,0,0,0,0,0
Jones,POPE,JUDGE, PROBATE COURT,,Write-in,1,0,0,1,0
Jones,BARRON,JUDGE, PROBATE COURT,,Write-in,0,0,0,0,0
Jones,WHITE,JUDGE, PROBATE COURT,,Write-in,0,0,0,0,0
Jones,SANDERS,JUDGE, PROBATE COURT,,Write-in,0,0,0,0,0
Jones,FINNEY,JUDGE, PROBATE COURT,,Write-in,1,0,1,0,0
Jones,,BOE D2,,,ALFRED L. PITTS ,1152,152,757,243,0
Jones,GRAY,BOE D2,,,ALFRED L. PITTS ,105,14,70,21,0
Jones,ETHRIDGE,BOE D2,,,ALFRED L. PITTS ,263,50,150,63,0
Jones,CLINTON,BOE D2,,,ALFRED L. PITTS ,157,22,95,40,0
Jones,DAVIDSON,BOE D2,,,ALFRED L. PITTS ,29,0,23,6,0
Jones,POPE,BOE D2,,,ALFRED L. PITTS ,445,54,307,84,0
Jones,BARRON,BOE D2,,,ALFRED L. PITTS ,97,10,67,20,0
Jones,WHITE,BOE D2,,,ALFRED L. PITTS ,56,2,45,9,0
Jones,,BOE D2,,,Write-in,1,0,0,1,0
Jones,GRAY,BOE D2,,,Write-in,0,0,0,0,0
Jones,ETHRIDGE,BOE D2,,,Write-in,0,0,0,0,0
Jones,CLINTON,BOE D2,,,Write-in,1,0,0,1,0
Jones,DAVIDSON,BOE D2,,,Write-in,0,0,0,0,0
Jones,POPE,BOE D2,,,Write-in,0,0,0,0,0
Jones,BARRON,BOE D2,,,Write-in,0,0,0,0,0
Jones,WHITE,BOE D2,,,Write-in,0,0,0,0,0
Jones,,BOE D4,,,MARK W. ANDREWS ,714,96,504,113,1
Jones,HAWKINS,BOE D4,,,MARK W. ANDREWS ,342,40,238,63,1
Jones,ROBERTS,BOE D4,,,MARK W. ANDREWS ,351,56,254,41,0
Jones,DAVIDSON,BOE D4,,,MARK W. ANDREWS ,21,0,12,9,0
Jones,,BOE D4,,,Write-in,0,0,0,0,0
Jones,HAWKINS,BOE D4,,,Write-in,0,0,0,0,0
Jones,ROBERTS,BOE D4,,,Write-in,0,0,0,0,0
Jones,DAVIDSON,BOE D4,,,Write-in,0,0,0,0,0
Jones,,TSPLOST,,,YES,2340,310,1532,498,0
Jones,GRAY,TSPLOST,,,YES,305,28,179,98,0
Jones,HAWKINS,TSPLOST,,,YES,398,40,272,86,0
Jones,ETHRIDGE,TSPLOST,,,YES,280,58,148,74,0
Jones,CLINTON,TSPLOST,,,YES,252,48,135,69,0
Jones,ROBERTS,TSPLOST,,,YES,217,28,157,32,0
Jones,DAVIDSON,TSPLOST,,,YES,134,12,96,26,0
Jones,POPE,TSPLOST,,,YES,280,38,190,52,0
Jones,BARRON,TSPLOST,,,YES,112,20,65,27,0
Jones,WHITE,TSPLOST,,,YES,62,4,50,8,0
Jones,SANDERS,TSPLOST,,,YES,15,0,15,0,0
Jones,FINNEY,TSPLOST,,,YES,285,34,225,26,0
Jones,,TSPLOST,,,NO,2539,282,1823,433,1
Jones,GRAY,TSPLOST,,,NO,298,32,187,79,0
Jones,HAWKINS,TSPLOST,,,NO,306,52,204,49,1
Jones,ETHRIDGE,TSPLOST,,,NO,231,26,152,53,0
Jones,CLINTON,TSPLOST,,,NO,355,40,252,63,0
Jones,ROBERTS,TSPLOST,,,NO,262,38,200,24,0
Jones,DAVIDSON,TSPLOST,,,NO,203,10,155,38,0
Jones,POPE,TSPLOST,,,NO,292,32,199,61,0
Jones,BARRON,TSPLOST,,,NO,146,12,109,25,0
Jones,WHITE,TSPLOST,,,NO,72,0,60,12,0
Jones,SANDERS,TSPLOST,,,NO,29,4,24,1,0
Jones,FINNEY,TSPLOST,,,NO,345,36,281,28,0
Jones,,CONSOLIDATION REFERENDUM,,,YES,31,6,20,5,0
Jones,HAWKINS,CONSOLIDATION REFERENDUM,,,YES,31,6,20,5,0
Jones,,CONSOLIDATION REFERENDUM,,,NO,55,6,40,9,0
Jones,HAWKINS,CONSOLIDATION REFERENDUM,,,NO,55,6,40,9,0
