county,precinct,office,district,party,candidate,votes,absentee_by_mail,election_day,advance_in_person,provisional
Jeff Davis,,"Public Service Commission, District 3",3,REP,CHUCK EATON (I),1340,33,881,426,0
Jeff Davis,Hazlehurst,"Public Service Commission, District 3",3,REP,CHUCK EATON (I),133,8,94,31,0
Jeff Davis,Altamaha 1,"Public Service Commission, District 3",3,REP,CHUCK EATON (I),112,2,66,44,0
Jeff Davis,Altamaha 2,"Public Service Commission, District 3",3,REP,CHUCK EATON (I),289,3,181,105,0
Jeff Davis,Blackburn 1,"Public Service Commission, District 3",3,REP,CHUCK EATON (I),112,4,63,45,0
Jeff Davis,Blackburn 2,"Public Service Commission, District 3",3,REP,CHUCK EATON (I),134,4,109,21,0
Jeff Davis,Whitehead 1,"Public Service Commission, District 3",3,REP,CHUCK EATON (I),147,3,84,60,0
Jeff Davis,Whitehead 2,"Public Service Commission, District 3",3,REP,CHUCK EATON (I),123,3,90,30,0
Jeff Davis,Ocmulgee 1,"Public Service Commission, District 3",3,REP,CHUCK EATON (I),233,6,153,74,0
Jeff Davis,Ocmulgee 2,"Public Service Commission, District 3",3,REP,CHUCK EATON (I),57,0,41,16,0
Jeff Davis,,"Public Service Commission, District 3",3,REP,MATT REID,814,18,524,272,0
Jeff Davis,Hazlehurst,"Public Service Commission, District 3",3,REP,MATT REID,65,9,31,25,0
Jeff Davis,Altamaha 1,"Public Service Commission, District 3",3,REP,MATT REID,80,0,39,41,0
Jeff Davis,Altamaha 2,"Public Service Commission, District 3",3,REP,MATT REID,173,2,106,65,0
Jeff Davis,Blackburn 1,"Public Service Commission, District 3",3,REP,MATT REID,62,0,45,17,0
Jeff Davis,Blackburn 2,"Public Service Commission, District 3",3,REP,MATT REID,88,1,70,17,0
Jeff Davis,Whitehead 1,"Public Service Commission, District 3",3,REP,MATT REID,85,2,53,30,0
Jeff Davis,Whitehead 2,"Public Service Commission, District 3",3,REP,MATT REID,75,0,60,15,0
Jeff Davis,Ocmulgee 1,"Public Service Commission, District 3",3,REP,MATT REID,146,4,94,48,0
Jeff Davis,Ocmulgee 2,"Public Service Commission, District 3",3,REP,MATT REID,40,0,26,14,0
Jeff Davis,,"Public Service Commission, District 3",3,DEM,STEPHEN OPPENHEIMER,584,15,381,186,2
Jeff Davis,Hazlehurst,"Public Service Commission, District 3",3,DEM,STEPHEN OPPENHEIMER,153,1,112,40,0
Jeff Davis,Altamaha 1,"Public Service Commission, District 3",3,DEM,STEPHEN OPPENHEIMER,38,0,19,19,0
Jeff Davis,Altamaha 2,"Public Service Commission, District 3",3,DEM,STEPHEN OPPENHEIMER,51,1,23,27,0
Jeff Davis,Blackburn 1,"Public Service Commission, District 3",3,DEM,STEPHEN OPPENHEIMER,44,0,33,10,1
Jeff Davis,Blackburn 2,"Public Service Commission, District 3",3,DEM,STEPHEN OPPENHEIMER,44,3,33,8,0
Jeff Davis,Whitehead 1,"Public Service Commission, District 3",3,DEM,STEPHEN OPPENHEIMER,77,5,44,28,0
Jeff Davis,Whitehead 2,"Public Service Commission, District 3",3,DEM,STEPHEN OPPENHEIMER,47,1,38,7,1
Jeff Davis,Ocmulgee 1,"Public Service Commission, District 3",3,DEM,STEPHEN OPPENHEIMER,89,3,51,35,0
Jeff Davis,Ocmulgee 2,"Public Service Commission, District 3",3,DEM,STEPHEN OPPENHEIMER,41,1,28,12,0
Jeff Davis,,"Public Service Commission, District 5",5,REP,PAM DAVIDSON,942,24,584,334,0
Jeff Davis,Hazlehurst,"Public Service Commission, District 5",5,REP,PAM DAVIDSON,89,11,48,30,0
Jeff Davis,Altamaha 1,"Public Service Commission, District 5",5,REP,PAM DAVIDSON,95,0,49,46,0
Jeff Davis,Altamaha 2,"Public Service Commission, District 5",5,REP,PAM DAVIDSON,198,3,118,77,0
Jeff Davis,Blackburn 1,"Public Service Commission, District 5",5,REP,PAM DAVIDSON,81,0,54,27,0
Jeff Davis,Blackburn 2,"Public Service Commission, District 5",5,REP,PAM DAVIDSON,89,2,71,16,0
Jeff Davis,Whitehead 1,"Public Service Commission, District 5",5,REP,PAM DAVIDSON,109,3,67,39,0
Jeff Davis,Whitehead 2,"Public Service Commission, District 5",5,REP,PAM DAVIDSON,74,0,55,19,0
Jeff Davis,Ocmulgee 1,"Public Service Commission, District 5",5,REP,PAM DAVIDSON,150,5,89,56,0
Jeff Davis,Ocmulgee 2,"Public Service Commission, District 5",5,REP,PAM DAVIDSON,57,0,33,24,0
Jeff Davis,,"Public Service Commission, District 5",5,REP,STAN WISE (I),1159,28,779,352,0
Jeff Davis,Hazlehurst,"Public Service Commission, District 5",5,REP,STAN WISE (I),106,5,75,26,0
Jeff Davis,Altamaha 1,"Public Service Commission, District 5",5,REP,STAN WISE (I),97,4,53,40,0
Jeff Davis,Altamaha 2,"Public Service Commission, District 5",5,REP,STAN WISE (I),254,2,162,90,0
Jeff Davis,Blackburn 1,"Public Service Commission, District 5",5,REP,STAN WISE (I),88,4,51,33,0
Jeff Davis,Blackburn 2,"Public Service Commission, District 5",5,REP,STAN WISE (I),119,3,100,16,0
Jeff Davis,Whitehead 1,"Public Service Commission, District 5",5,REP,STAN WISE (I),119,2,68,49,0
Jeff Davis,Whitehead 2,"Public Service Commission, District 5",5,REP,STAN WISE (I),118,3,89,26,0
Jeff Davis,Ocmulgee 1,"Public Service Commission, District 5",5,REP,STAN WISE (I),219,5,151,63,0
Jeff Davis,Ocmulgee 2,"Public Service Commission, District 5",5,REP,STAN WISE (I),39,0,30,9,0
Jeff Davis,,"U.S. Representative, District 12",12,REP,RICK W. ALLEN,516,12,308,196,0
Jeff Davis,Hazlehurst,"U.S. Representative, District 12",12,REP,RICK W. ALLEN,49,4,29,16,0
Jeff Davis,Altamaha 1,"U.S. Representative, District 12",12,REP,RICK W. ALLEN,39,0,17,22,0
Jeff Davis,Altamaha 2,"U.S. Representative, District 12",12,REP,RICK W. ALLEN,93,0,55,38,0
Jeff Davis,Blackburn 1,"U.S. Representative, District 12",12,REP,RICK W. ALLEN,48,1,26,21,0
Jeff Davis,Blackburn 2,"U.S. Representative, District 12",12,REP,RICK W. ALLEN,46,3,35,8,0
Jeff Davis,Whitehead 1,"U.S. Representative, District 12",12,REP,RICK W. ALLEN,65,3,35,27,0
Jeff Davis,Whitehead 2,"U.S. Representative, District 12",12,REP,RICK W. ALLEN,55,0,39,16,0
Jeff Davis,Ocmulgee 1,"U.S. Representative, District 12",12,REP,RICK W. ALLEN,100,1,59,40,0
Jeff Davis,Ocmulgee 2,"U.S. Representative, District 12",12,REP,RICK W. ALLEN,21,0,13,8,0
Jeff Davis,,"U.S. Representative, District 12",12,REP,LEE ANDERSON,784,25,515,244,0
Jeff Davis,Hazlehurst,"U.S. Representative, District 12",12,REP,LEE ANDERSON,58,6,38,14,0
Jeff Davis,Altamaha 1,"U.S. Representative, District 12",12,REP,LEE ANDERSON,66,4,37,25,0
Jeff Davis,Altamaha 2,"U.S. Representative, District 12",12,REP,LEE ANDERSON,205,2,129,74,0
Jeff Davis,Blackburn 1,"U.S. Representative, District 12",12,REP,LEE ANDERSON,50,2,29,19,0
Jeff Davis,Blackburn 2,"U.S. Representative, District 12",12,REP,LEE ANDERSON,81,0,66,15,0
Jeff Davis,Whitehead 1,"U.S. Representative, District 12",12,REP,LEE ANDERSON,86,3,48,35,0
Jeff Davis,Whitehead 2,"U.S. Representative, District 12",12,REP,LEE ANDERSON,77,1,63,13,0
Jeff Davis,Ocmulgee 1,"U.S. Representative, District 12",12,REP,LEE ANDERSON,120,7,74,39,0
Jeff Davis,Ocmulgee 2,"U.S. Representative, District 12",12,REP,LEE ANDERSON,41,0,31,10,0
Jeff Davis,,"U.S. Representative, District 12",12,REP,WRIGHT MCLEOD,316,12,206,98,0
Jeff Davis,Hazlehurst,"U.S. Representative, District 12",12,REP,WRIGHT MCLEOD,31,4,21,6,0
Jeff Davis,Altamaha 1,"U.S. Representative, District 12",12,REP,WRIGHT MCLEOD,38,0,18,20,0
Jeff Davis,Altamaha 2,"U.S. Representative, District 12",12,REP,WRIGHT MCLEOD,48,1,30,17,0
Jeff Davis,Blackburn 1,"U.S. Representative, District 12",12,REP,WRIGHT MCLEOD,24,1,16,7,0
Jeff Davis,Blackburn 2,"U.S. Representative, District 12",12,REP,WRIGHT MCLEOD,32,2,27,3,0
Jeff Davis,Whitehead 1,"U.S. Representative, District 12",12,REP,WRIGHT MCLEOD,32,0,19,13,0
Jeff Davis,Whitehead 2,"U.S. Representative, District 12",12,REP,WRIGHT MCLEOD,27,1,21,5,0
Jeff Davis,Ocmulgee 1,"U.S. Representative, District 12",12,REP,WRIGHT MCLEOD,68,3,45,20,0
Jeff Davis,Ocmulgee 2,"U.S. Representative, District 12",12,REP,WRIGHT MCLEOD,16,0,9,7,0
Jeff Davis,,"U.S. Representative, District 12",12,REP,MARIA SHEFFIELD,646,5,442,199,0
Jeff Davis,Hazlehurst,"U.S. Representative, District 12",12,REP,MARIA SHEFFIELD,63,2,38,23,0
Jeff Davis,Altamaha 1,"U.S. Representative, District 12",12,REP,MARIA SHEFFIELD,76,0,44,32,0
Jeff Davis,Altamaha 2,"U.S. Representative, District 12",12,REP,MARIA SHEFFIELD,144,2,95,47,0
Jeff Davis,Blackburn 1,"U.S. Representative, District 12",12,REP,MARIA SHEFFIELD,60,0,40,20,0
Jeff Davis,Blackburn 2,"U.S. Representative, District 12",12,REP,MARIA SHEFFIELD,62,0,52,10,0
Jeff Davis,Whitehead 1,"U.S. Representative, District 12",12,REP,MARIA SHEFFIELD,69,1,47,21,0
Jeff Davis,Whitehead 2,"U.S. Representative, District 12",12,REP,MARIA SHEFFIELD,54,0,42,12,0
Jeff Davis,Ocmulgee 1,"U.S. Representative, District 12",12,REP,MARIA SHEFFIELD,88,0,62,26,0
Jeff Davis,Ocmulgee 2,"U.S. Representative, District 12",12,REP,MARIA SHEFFIELD,30,0,22,8,0
Jeff Davis,,"U.S. Representative, District 12",12,DEM,JOHN BARROW (I),648,17,424,205,2
Jeff Davis,Hazlehurst,"U.S. Representative, District 12",12,DEM,JOHN BARROW (I),174,1,127,46,0
Jeff Davis,Altamaha 1,"U.S. Representative, District 12",12,DEM,JOHN BARROW (I),42,1,23,18,0
Jeff Davis,Altamaha 2,"U.S. Representative, District 12",12,DEM,JOHN BARROW (I),59,1,32,26,0
Jeff Davis,Blackburn 1,"U.S. Representative, District 12",12,DEM,JOHN BARROW (I),59,0,42,16,1
Jeff Davis,Blackburn 2,"U.S. Representative, District 12",12,DEM,JOHN BARROW (I),44,3,31,10,0
Jeff Davis,Whitehead 1,"U.S. Representative, District 12",12,DEM,JOHN BARROW (I),80,5,45,30,0
Jeff Davis,Whitehead 2,"U.S. Representative, District 12",12,DEM,JOHN BARROW (I),50,2,38,9,1
Jeff Davis,Ocmulgee 1,"U.S. Representative, District 12",12,DEM,JOHN BARROW (I),98,3,56,39,0
Jeff Davis,Ocmulgee 2,"U.S. Representative, District 12",12,DEM,JOHN BARROW (I),42,1,30,11,0
Jeff Davis,,"State Senator, District 19",19,REP,TOMMIE WILLIAMS (I),2033,48,1334,651,0
Jeff Davis,Hazlehurst,"State Senator, District 19",19,REP,TOMMIE WILLIAMS (I),182,12,119,51,0
Jeff Davis,Altamaha 1,"State Senator, District 19",19,REP,TOMMIE WILLIAMS (I),184,3,98,83,0
Jeff Davis,Altamaha 2,"State Senator, District 19",19,REP,TOMMIE WILLIAMS (I),426,5,271,150,0
Jeff Davis,Blackburn 1,"State Senator, District 19",19,REP,TOMMIE WILLIAMS (I),164,4,101,59,0
Jeff Davis,Blackburn 2,"State Senator, District 19",19,REP,TOMMIE WILLIAMS (I),195,5,157,33,0
Jeff Davis,Whitehead 1,"State Senator, District 19",19,REP,TOMMIE WILLIAMS (I),236,6,142,88,0
Jeff Davis,Whitehead 2,"State Senator, District 19",19,REP,TOMMIE WILLIAMS (I),187,3,142,42,0
Jeff Davis,Ocmulgee 1,"State Senator, District 19",19,REP,TOMMIE WILLIAMS (I),367,10,235,122,0
Jeff Davis,Ocmulgee 2,"State Senator, District 19",19,REP,TOMMIE WILLIAMS (I),92,0,69,23,0
Jeff Davis,,"State Representative, District 149",149,REP,JOHN CLEMENTS,231,12,134,85,0
Jeff Davis,Hazlehurst,"State Representative, District 149",149,REP,JOHN CLEMENTS,63,8,28,27,0
Jeff Davis,Ocmulgee 1,"State Representative, District 149",149,REP,JOHN CLEMENTS,127,4,77,46,0
Jeff Davis,Ocmulgee 2,"State Representative, District 149",149,REP,JOHN CLEMENTS,41,0,29,12,0
Jeff Davis,,"State Representative, District 149",149,REP,JIMMY PRUETT (I),405,15,275,115,0
Jeff Davis,Hazlehurst,"State Representative, District 149",149,REP,JIMMY PRUETT (I),126,9,88,29,0
Jeff Davis,Ocmulgee 1,"State Representative, District 149",149,REP,JIMMY PRUETT (I),243,6,163,74,0
Jeff Davis,Ocmulgee 2,"State Representative, District 149",149,REP,JIMMY PRUETT (I),36,0,24,12,0
Jeff Davis,,"State Representative, District 156",156,REP,GREG MORRIS (I),520,9,311,200,0
Jeff Davis,Altamaha 1,"State Representative, District 156",156,REP,GREG MORRIS (I),160,4,89,67,0
Jeff Davis,Altamaha 2,"State Representative, District 156",156,REP,GREG MORRIS (I),360,5,222,133,0
Jeff Davis,,"State Representative, District 169",169,REP,DARWIN CARTER,335,5,239,91,0
Jeff Davis,Blackburn 1,"State Representative, District 169",169,REP,DARWIN CARTER,63,0,41,22,0
Jeff Davis,Blackburn 2,"State Representative, District 169",169,REP,DARWIN CARTER,99,0,77,22,0
Jeff Davis,Whitehead 1,"State Representative, District 169",169,REP,DARWIN CARTER,97,3,67,27,0
Jeff Davis,Whitehead 2,"State Representative, District 169",169,REP,DARWIN CARTER,68,2,46,20,0
Jeff Davis,Ocmulgee 2,"State Representative, District 169",169,REP,DARWIN CARTER,8,0,8,0,0
Jeff Davis,,"State Representative, District 169",169,REP,CHUCK SIMS (I),597,15,411,171,0
Jeff Davis,Blackburn 1,"State Representative, District 169",169,REP,CHUCK SIMS (I),117,4,68,45,0
Jeff Davis,Blackburn 2,"State Representative, District 169",169,REP,CHUCK SIMS (I),140,5,116,19,0
Jeff Davis,Whitehead 1,"State Representative, District 169",169,REP,CHUCK SIMS (I),160,5,85,70,0
Jeff Davis,Whitehead 2,"State Representative, District 169",169,REP,CHUCK SIMS (I),168,1,133,34,0
Jeff Davis,Ocmulgee 2,"State Representative, District 169",169,REP,CHUCK SIMS (I),12,0,9,3,0
Jeff Davis,,"District Attorney, Brunswick Circuit", Brunswick Circuit - REP,REP,JACKIE JOHNSON (I),1616,38,1044,534,0
Jeff Davis,Hazlehurst,"District Attorney, Brunswick Circuit", Brunswick Circuit - REP,REP,JACKIE JOHNSON (I),151,8,101,42,0
Jeff Davis,Altamaha 1,"District Attorney, Brunswick Circuit", Brunswick Circuit - REP,REP,JACKIE JOHNSON (I),138,2,74,62,0
Jeff Davis,Altamaha 2,"District Attorney, Brunswick Circuit", Brunswick Circuit - REP,REP,JACKIE JOHNSON (I),342,4,207,131,0
Jeff Davis,Blackburn 1,"District Attorney, Brunswick Circuit", Brunswick Circuit - REP,REP,JACKIE JOHNSON (I),132,5,72,55,0
Jeff Davis,Blackburn 2,"District Attorney, Brunswick Circuit", Brunswick Circuit - REP,REP,JACKIE JOHNSON (I),171,5,136,30,0
Jeff Davis,Whitehead 1,"District Attorney, Brunswick Circuit", Brunswick Circuit - REP,REP,JACKIE JOHNSON (I),183,5,110,68,0
Jeff Davis,Whitehead 2,"District Attorney, Brunswick Circuit", Brunswick Circuit - REP,REP,JACKIE JOHNSON (I),146,2,107,37,0
Jeff Davis,Ocmulgee 1,"District Attorney, Brunswick Circuit", Brunswick Circuit - REP,REP,JACKIE JOHNSON (I),277,7,180,90,0
Jeff Davis,Ocmulgee 2,"District Attorney, Brunswick Circuit", Brunswick Circuit - REP,REP,JACKIE JOHNSON (I),76,0,57,19,0
Jeff Davis,,"District Attorney, Brunswick Circuit", Brunswick Circuit - REP,REP,JONATHAN R. MILLER,690,19,449,222,0
Jeff Davis,Hazlehurst,"District Attorney, Brunswick Circuit", Brunswick Circuit - REP,REP,JONATHAN R. MILLER,56,9,30,17,0
Jeff Davis,Altamaha 1,"District Attorney, Brunswick Circuit", Brunswick Circuit - REP,REP,JONATHAN R. MILLER,76,2,41,33,0
Jeff Davis,Altamaha 2,"District Attorney, Brunswick Circuit", Brunswick Circuit - REP,REP,JONATHAN R. MILLER,141,1,94,46,0
Jeff Davis,Blackburn 1,"District Attorney, Brunswick Circuit", Brunswick Circuit - REP,REP,JONATHAN R. MILLER,53,0,38,15,0
Jeff Davis,Blackburn 2,"District Attorney, Brunswick Circuit", Brunswick Circuit - REP,REP,JONATHAN R. MILLER,66,0,54,12,0
Jeff Davis,Whitehead 1,"District Attorney, Brunswick Circuit", Brunswick Circuit - REP,REP,JONATHAN R. MILLER,74,2,44,28,0
Jeff Davis,Whitehead 2,"District Attorney, Brunswick Circuit", Brunswick Circuit - REP,REP,JONATHAN R. MILLER,71,1,53,17,0
Jeff Davis,Ocmulgee 1,"District Attorney, Brunswick Circuit", Brunswick Circuit - REP,REP,JONATHAN R. MILLER,121,4,76,41,0
Jeff Davis,Ocmulgee 2,"District Attorney, Brunswick Circuit", Brunswick Circuit - REP,REP,JONATHAN R. MILLER,32,0,19,13,0
Jeff Davis,,"JUDGE, PROBATE COURT", PROBATE COURT - R,,JIMMY DISHAROON,601,7,396,198,0
Jeff Davis,Hazlehurst,"JUDGE, PROBATE COURT", PROBATE COURT - R,,JIMMY DISHAROON,46,3,29,14,0
Jeff Davis,Altamaha 1,"JUDGE, PROBATE COURT", PROBATE COURT - R,,JIMMY DISHAROON,47,0,19,28,0
Jeff Davis,Altamaha 2,"JUDGE, PROBATE COURT", PROBATE COURT - R,,JIMMY DISHAROON,100,0,74,26,0
Jeff Davis,Blackburn 1,"JUDGE, PROBATE COURT", PROBATE COURT - R,,JIMMY DISHAROON,38,0,20,18,0
Jeff Davis,Blackburn 2,"JUDGE, PROBATE COURT", PROBATE COURT - R,,JIMMY DISHAROON,68,1,48,19,0
Jeff Davis,Whitehead 1,"JUDGE, PROBATE COURT", PROBATE COURT - R,,JIMMY DISHAROON,78,2,50,26,0
Jeff Davis,Whitehead 2,"JUDGE, PROBATE COURT", PROBATE COURT - R,,JIMMY DISHAROON,67,0,52,15,0
Jeff Davis,Ocmulgee 1,"JUDGE, PROBATE COURT", PROBATE COURT - R,,JIMMY DISHAROON,121,1,79,41,0
Jeff Davis,Ocmulgee 2,"JUDGE, PROBATE COURT", PROBATE COURT - R,,JIMMY DISHAROON,36,0,25,11,0
Jeff Davis,,"JUDGE, PROBATE COURT", PROBATE COURT - R,,PAUL MCNEAL,1153,26,737,390,0
Jeff Davis,Hazlehurst,"JUDGE, PROBATE COURT", PROBATE COURT - R,,PAUL MCNEAL,85,5,61,19,0
Jeff Davis,Altamaha 1,"JUDGE, PROBATE COURT", PROBATE COURT - R,,PAUL MCNEAL,117,4,66,47,0
Jeff Davis,Altamaha 2,"JUDGE, PROBATE COURT", PROBATE COURT - R,,PAUL MCNEAL,282,2,182,98,0
Jeff Davis,Blackburn 1,"JUDGE, PROBATE COURT", PROBATE COURT - R,,PAUL MCNEAL,94,3,51,40,0
Jeff Davis,Blackburn 2,"JUDGE, PROBATE COURT", PROBATE COURT - R,,PAUL MCNEAL,116,0,98,18,0
Jeff Davis,Whitehead 1,"JUDGE, PROBATE COURT", PROBATE COURT - R,,PAUL MCNEAL,126,6,70,50,0
Jeff Davis,Whitehead 2,"JUDGE, PROBATE COURT", PROBATE COURT - R,,PAUL MCNEAL,83,1,58,24,0
Jeff Davis,Ocmulgee 1,"JUDGE, PROBATE COURT", PROBATE COURT - R,,PAUL MCNEAL,206,5,120,81,0
Jeff Davis,Ocmulgee 2,"JUDGE, PROBATE COURT", PROBATE COURT - R,,PAUL MCNEAL,44,0,31,13,0
Jeff Davis,,"JUDGE, PROBATE COURT", PROBATE COURT - R,,LAURA LAND WOMMACK,868,25,570,273,0
Jeff Davis,Hazlehurst,"JUDGE, PROBATE COURT", PROBATE COURT - R,,LAURA LAND WOMMACK,100,8,60,32,0
Jeff Davis,Altamaha 1,"JUDGE, PROBATE COURT", PROBATE COURT - R,,LAURA LAND WOMMACK,89,0,53,36,0
Jeff Davis,Altamaha 2,"JUDGE, PROBATE COURT", PROBATE COURT - R,,LAURA LAND WOMMACK,175,3,102,70,0
Jeff Davis,Blackburn 1,"JUDGE, PROBATE COURT", PROBATE COURT - R,,LAURA LAND WOMMACK,84,2,56,26,0
Jeff Davis,Blackburn 2,"JUDGE, PROBATE COURT", PROBATE COURT - R,,LAURA LAND WOMMACK,63,4,50,9,0
Jeff Davis,Whitehead 1,"JUDGE, PROBATE COURT", PROBATE COURT - R,,LAURA LAND WOMMACK,82,1,52,29,0
Jeff Davis,Whitehead 2,"JUDGE, PROBATE COURT", PROBATE COURT - R,,LAURA LAND WOMMACK,94,2,78,14,0
Jeff Davis,Ocmulgee 1,"JUDGE, PROBATE COURT", PROBATE COURT - R,,LAURA LAND WOMMACK,131,5,88,38,0
Jeff Davis,Ocmulgee 2,"JUDGE, PROBATE COURT", PROBATE COURT - R,,LAURA LAND WOMMACK,50,0,31,19,0
Jeff Davis,,"JUDGE, PROBATE COURT", PROBATE COURT - D,,RHONDA T HERNDON,575,11,358,204,2
Jeff Davis,Hazlehurst,"JUDGE, PROBATE COURT", PROBATE COURT - D,,RHONDA T HERNDON,149,0,105,44,0
Jeff Davis,Altamaha 1,"JUDGE, PROBATE COURT", PROBATE COURT - D,,RHONDA T HERNDON,52,4,22,26,0
Jeff Davis,Altamaha 2,"JUDGE, PROBATE COURT", PROBATE COURT - D,,RHONDA T HERNDON,65,1,38,26,0
Jeff Davis,Blackburn 1,"JUDGE, PROBATE COURT", PROBATE COURT - D,,RHONDA T HERNDON,47,0,27,19,1
Jeff Davis,Blackburn 2,"JUDGE, PROBATE COURT", PROBATE COURT - D,,RHONDA T HERNDON,35,0,25,10,0
Jeff Davis,Whitehead 1,"JUDGE, PROBATE COURT", PROBATE COURT - D,,RHONDA T HERNDON,60,1,35,24,0
Jeff Davis,Whitehead 2,"JUDGE, PROBATE COURT", PROBATE COURT - D,,RHONDA T HERNDON,55,2,43,9,1
Jeff Davis,Ocmulgee 1,"JUDGE, PROBATE COURT", PROBATE COURT - D,,RHONDA T HERNDON,73,2,37,34,0
Jeff Davis,Ocmulgee 2,"JUDGE, PROBATE COURT", PROBATE COURT - D,,RHONDA T HERNDON,39,1,26,12,0
Jeff Davis,,"JUDGE, PROBATE COURT", PROBATE COURT - D,,KELLY ELLIS WILLIAMS,411,10,275,126,0
Jeff Davis,Hazlehurst,"JUDGE, PROBATE COURT", PROBATE COURT - D,,KELLY ELLIS WILLIAMS,105,1,78,26,0
Jeff Davis,Altamaha 1,"JUDGE, PROBATE COURT", PROBATE COURT - D,,KELLY ELLIS WILLIAMS,24,0,16,8,0
Jeff Davis,Altamaha 2,"JUDGE, PROBATE COURT", PROBATE COURT - D,,KELLY ELLIS WILLIAMS,40,0,21,19,0
Jeff Davis,Blackburn 1,"JUDGE, PROBATE COURT", PROBATE COURT - D,,KELLY ELLIS WILLIAMS,25,0,23,2,0
Jeff Davis,Blackburn 2,"JUDGE, PROBATE COURT", PROBATE COURT - D,,KELLY ELLIS WILLIAMS,28,3,21,4,0
Jeff Davis,Whitehead 1,"JUDGE, PROBATE COURT", PROBATE COURT - D,,KELLY ELLIS WILLIAMS,61,3,34,24,0
Jeff Davis,Whitehead 2,"JUDGE, PROBATE COURT", PROBATE COURT - D,,KELLY ELLIS WILLIAMS,27,0,20,7,0
Jeff Davis,Ocmulgee 1,"JUDGE, PROBATE COURT", PROBATE COURT - D,,KELLY ELLIS WILLIAMS,72,3,38,31,0
Jeff Davis,Ocmulgee 2,"JUDGE, PROBATE COURT", PROBATE COURT - D,,KELLY ELLIS WILLIAMS,29,0,24,5,0
Jeff Davis,,"CLERK, SUPERIOR COURT", SUPERIOR COURT - D,,MYRA C. MURPHY,797,19,501,275,2
Jeff Davis,Hazlehurst,"CLERK, SUPERIOR COURT", SUPERIOR COURT - D,,MYRA C. MURPHY,210,1,146,63,0
Jeff Davis,Altamaha 1,"CLERK, SUPERIOR COURT", SUPERIOR COURT - D,,MYRA C. MURPHY,55,0,30,25,0
Jeff Davis,Altamaha 2,"CLERK, SUPERIOR COURT", SUPERIOR COURT - D,,MYRA C. MURPHY,88,1,48,39,0
Jeff Davis,Blackburn 1,"CLERK, SUPERIOR COURT", SUPERIOR COURT - D,,MYRA C. MURPHY,61,0,42,18,1
Jeff Davis,Blackburn 2,"CLERK, SUPERIOR COURT", SUPERIOR COURT - D,,MYRA C. MURPHY,49,3,34,12,0
Jeff Davis,Whitehead 1,"CLERK, SUPERIOR COURT", SUPERIOR COURT - D,,MYRA C. MURPHY,92,5,49,38,0
Jeff Davis,Whitehead 2,"CLERK, SUPERIOR COURT", SUPERIOR COURT - D,,MYRA C. MURPHY,61,2,44,14,1
Jeff Davis,Ocmulgee 1,"CLERK, SUPERIOR COURT", SUPERIOR COURT - D,,MYRA C. MURPHY,129,5,72,52,0
Jeff Davis,Ocmulgee 2,"CLERK, SUPERIOR COURT", SUPERIOR COURT - D,,MYRA C. MURPHY,52,2,36,14,0
Jeff Davis,,SHERIFF,,,PRESTON BOHANNON,1645,22,1092,531,0
Jeff Davis,Hazlehurst,SHERIFF,,,PRESTON BOHANNON,155,7,106,42,0
Jeff Davis,Altamaha 1,SHERIFF,,,PRESTON BOHANNON,164,1,90,73,0
Jeff Davis,Altamaha 2,SHERIFF,,,PRESTON BOHANNON,414,1,271,142,0
Jeff Davis,Blackburn 1,SHERIFF,,,PRESTON BOHANNON,109,0,71,38,0
Jeff Davis,Blackburn 2,SHERIFF,,,PRESTON BOHANNON,125,2,105,18,0
Jeff Davis,Whitehead 1,SHERIFF,,,PRESTON BOHANNON,167,6,96,65,0
Jeff Davis,Whitehead 2,SHERIFF,,,PRESTON BOHANNON,157,2,116,39,0
Jeff Davis,Ocmulgee 1,SHERIFF,,,PRESTON BOHANNON,255,3,170,82,0
Jeff Davis,Ocmulgee 2,SHERIFF,,,PRESTON BOHANNON,99,0,67,32,0
Jeff Davis,,SHERIFF,,,KEN WILLIAMS,1104,36,691,377,0
Jeff Davis,Hazlehurst,SHERIFF,,,KEN WILLIAMS,91,10,49,32,0
Jeff Davis,Altamaha 1,SHERIFF,,,KEN WILLIAMS,98,3,54,41,0
Jeff Davis,Altamaha 2,SHERIFF,,,KEN WILLIAMS,162,4,98,60,0
Jeff Davis,Blackburn 1,SHERIFF,,,KEN WILLIAMS,113,5,61,47,0
Jeff Davis,Blackburn 2,SHERIFF,,,KEN WILLIAMS,140,3,106,31,0
Jeff Davis,Whitehead 1,SHERIFF,,,KEN WILLIAMS,143,3,87,53,0
Jeff Davis,Whitehead 2,SHERIFF,,,KEN WILLIAMS,104,1,85,18,0
Jeff Davis,Ocmulgee 1,SHERIFF,,,KEN WILLIAMS,213,7,125,81,0
Jeff Davis,Ocmulgee 2,SHERIFF,,,KEN WILLIAMS,40,0,26,14,0
Jeff Davis,,SHERIFF,,,ARTHUR F. BUFORD,594,12,360,221,1
Jeff Davis,Hazlehurst,SHERIFF,,,ARTHUR F. BUFORD,124,1,84,39,0
Jeff Davis,Altamaha 1,SHERIFF,,,ARTHUR F. BUFORD,45,1,20,24,0
Jeff Davis,Altamaha 2,SHERIFF,,,ARTHUR F. BUFORD,56,1,29,26,0
Jeff Davis,Blackburn 1,SHERIFF,,,ARTHUR F. BUFORD,43,0,29,13,1
Jeff Davis,Blackburn 2,SHERIFF,,,ARTHUR F. BUFORD,30,0,20,10,0
Jeff Davis,Whitehead 1,SHERIFF,,,ARTHUR F. BUFORD,77,2,47,28,0
Jeff Davis,Whitehead 2,SHERIFF,,,ARTHUR F. BUFORD,54,1,40,13,0
Jeff Davis,Ocmulgee 1,SHERIFF,,,ARTHUR F. BUFORD,120,4,60,56,0
Jeff Davis,Ocmulgee 2,SHERIFF,,,ARTHUR F. BUFORD,45,2,31,12,0
Jeff Davis,,SHERIFF,,,RICKY CROSBY,233,6,165,61,1
Jeff Davis,Hazlehurst,SHERIFF,,,RICKY CROSBY,51,0,37,14,0
Jeff Davis,Altamaha 1,SHERIFF,,,RICKY CROSBY,21,3,14,4,0
Jeff Davis,Altamaha 2,SHERIFF,,,RICKY CROSBY,55,0,37,18,0
Jeff Davis,Blackburn 1,SHERIFF,,,RICKY CROSBY,23,0,19,4,0
Jeff Davis,Blackburn 2,SHERIFF,,,RICKY CROSBY,20,1,15,4,0
Jeff Davis,Whitehead 1,SHERIFF,,,RICKY CROSBY,14,1,10,3,0
Jeff Davis,Whitehead 2,SHERIFF,,,RICKY CROSBY,19,1,13,4,1
Jeff Davis,Ocmulgee 1,SHERIFF,,,RICKY CROSBY,15,0,9,6,0
Jeff Davis,Ocmulgee 2,SHERIFF,,,RICKY CROSBY,15,0,11,4,0
Jeff Davis,,SHERIFF,,,R. BAYNE STONE,203,4,139,59,1
Jeff Davis,Hazlehurst,SHERIFF,,,R. BAYNE STONE,105,0,77,28,0
Jeff Davis,Altamaha 1,SHERIFF,,,R. BAYNE STONE,12,0,5,7,0
Jeff Davis,Altamaha 2,SHERIFF,,,R. BAYNE STONE,3,0,2,1,0
Jeff Davis,Blackburn 1,SHERIFF,,,R. BAYNE STONE,9,0,3,5,1
Jeff Davis,Blackburn 2,SHERIFF,,,R. BAYNE STONE,9,2,7,0,0
Jeff Davis,Whitehead 1,SHERIFF,,,R. BAYNE STONE,26,1,11,14,0
Jeff Davis,Whitehead 2,SHERIFF,,,R. BAYNE STONE,7,0,7,0,0
Jeff Davis,Ocmulgee 1,SHERIFF,,,R. BAYNE STONE,19,1,15,3,0
Jeff Davis,Ocmulgee 2,SHERIFF,,,R. BAYNE STONE,13,0,12,1,0
Jeff Davis,,TAX COMMISSIONER,,,SUSAN G KERSEY ,832,19,532,279,2
Jeff Davis,Hazlehurst,TAX COMMISSIONER,,,SUSAN G KERSEY ,208,1,148,59,0
Jeff Davis,Altamaha 1,TAX COMMISSIONER,,,SUSAN G KERSEY ,56,1,29,26,0
Jeff Davis,Altamaha 2,TAX COMMISSIONER,,,SUSAN G KERSEY ,86,1,47,38,0
Jeff Davis,Blackburn 1,TAX COMMISSIONER,,,SUSAN G KERSEY ,71,0,50,20,1
Jeff Davis,Blackburn 2,TAX COMMISSIONER,,,SUSAN G KERSEY ,56,3,40,13,0
Jeff Davis,Whitehead 1,TAX COMMISSIONER,,,SUSAN G KERSEY ,101,5,56,40,0
Jeff Davis,Whitehead 2,TAX COMMISSIONER,,,SUSAN G KERSEY ,66,2,49,14,1
Jeff Davis,Ocmulgee 1,TAX COMMISSIONER,,,SUSAN G KERSEY ,131,5,72,54,0
Jeff Davis,Ocmulgee 2,TAX COMMISSIONER,,,SUSAN G KERSEY ,57,1,41,15,0
Jeff Davis,,CORONER,,,TOMMY CARTER,1728,42,1139,547,0
Jeff Davis,Hazlehurst,CORONER,,,TOMMY CARTER,136,8,87,41,0
Jeff Davis,Altamaha 1,CORONER,,,TOMMY CARTER,163,3,92,68,0
Jeff Davis,Altamaha 2,CORONER,,,TOMMY CARTER,377,3,241,133,0
Jeff Davis,Blackburn 1,CORONER,,,TOMMY CARTER,140,5,80,55,0
Jeff Davis,Blackburn 2,CORONER,,,TOMMY CARTER,162,5,132,25,0
Jeff Davis,Whitehead 1,CORONER,,,TOMMY CARTER,206,6,120,80,0
Jeff Davis,Whitehead 2,CORONER,,,TOMMY CARTER,175,3,135,37,0
Jeff Davis,Ocmulgee 1,CORONER,,,TOMMY CARTER,282,9,190,83,0
Jeff Davis,Ocmulgee 2,CORONER,,,TOMMY CARTER,87,0,62,25,0
Jeff Davis,,CORONER,,,CHARLES W. MABEY,623,8,396,219,0
Jeff Davis,Hazlehurst,CORONER,,,CHARLES W. MABEY,58,3,39,16,0
Jeff Davis,Altamaha 1,CORONER,,,CHARLES W. MABEY,63,0,35,28,0
Jeff Davis,Altamaha 2,CORONER,,,CHARLES W. MABEY,139,2,85,52,0
Jeff Davis,Blackburn 1,CORONER,,,CHARLES W. MABEY,47,0,34,13,0
Jeff Davis,Blackburn 2,CORONER,,,CHARLES W. MABEY,71,0,56,15,0
Jeff Davis,Whitehead 1,CORONER,,,CHARLES W. MABEY,47,2,31,14,0
Jeff Davis,Whitehead 2,CORONER,,,CHARLES W. MABEY,49,0,32,17,0
Jeff Davis,Ocmulgee 1,CORONER,,,CHARLES W. MABEY,123,1,69,53,0
Jeff Davis,Ocmulgee 2,CORONER,,,CHARLES W. MABEY,26,0,15,11,0
Jeff Davis,,CORONER,,,ROY SMITH,311,9,189,113,0
Jeff Davis,Hazlehurst,CORONER,,,ROY SMITH,41,6,23,12,0
Jeff Davis,Altamaha 1,CORONER,,,ROY SMITH,24,1,9,14,0
Jeff Davis,Altamaha 2,CORONER,,,ROY SMITH,40,0,28,12,0
Jeff Davis,Blackburn 1,CORONER,,,ROY SMITH,36,0,19,17,0
Jeff Davis,Blackburn 2,CORONER,,,ROY SMITH,25,0,20,5,0
Jeff Davis,Whitehead 1,CORONER,,,ROY SMITH,44,1,23,20,0
Jeff Davis,Whitehead 2,CORONER,,,ROY SMITH,28,0,23,5,0
Jeff Davis,Ocmulgee 1,CORONER,,,ROY SMITH,58,1,35,22,0
Jeff Davis,Ocmulgee 2,CORONER,,,ROY SMITH,15,0,9,6,0
Jeff Davis,,CHIEF MAGISTRATE,,,CHRIS A DAVENPORT,740,18,472,248,2
Jeff Davis,Hazlehurst,CHIEF MAGISTRATE,,,CHRIS A DAVENPORT,212,1,144,67,0
Jeff Davis,Altamaha 1,CHIEF MAGISTRATE,,,CHRIS A DAVENPORT,51,1,27,23,0
Jeff Davis,Altamaha 2,CHIEF MAGISTRATE,,,CHRIS A DAVENPORT,83,1,45,37,0
Jeff Davis,Blackburn 1,CHIEF MAGISTRATE,,,CHRIS A DAVENPORT,63,0,43,19,1
Jeff Davis,Blackburn 2,CHIEF MAGISTRATE,,,CHRIS A DAVENPORT,50,3,36,11,0
Jeff Davis,Whitehead 1,CHIEF MAGISTRATE,,,CHRIS A DAVENPORT,85,4,48,33,0
Jeff Davis,Whitehead 2,CHIEF MAGISTRATE,,,CHRIS A DAVENPORT,55,2,40,12,1
Jeff Davis,Ocmulgee 1,CHIEF MAGISTRATE,,,CHRIS A DAVENPORT,98,5,57,36,0
Jeff Davis,Ocmulgee 2,CHIEF MAGISTRATE,,,CHRIS A DAVENPORT,43,1,32,10,0
Jeff Davis,,"BOE, AT LARGE", AT LARGE - R,,SHANNON R BROWN ,1225,25,774,426,0
Jeff Davis,Hazlehurst,"BOE, AT LARGE", AT LARGE - R,,SHANNON R BROWN ,101,12,58,31,0
Jeff Davis,Altamaha 1,"BOE, AT LARGE", AT LARGE - R,,SHANNON R BROWN ,109,1,52,56,0
Jeff Davis,Altamaha 2,"BOE, AT LARGE", AT LARGE - R,,SHANNON R BROWN ,268,1,170,97,0
Jeff Davis,Blackburn 1,"BOE, AT LARGE", AT LARGE - R,,SHANNON R BROWN ,119,1,67,51,0
Jeff Davis,Blackburn 2,"BOE, AT LARGE", AT LARGE - R,,SHANNON R BROWN ,117,2,95,20,0
Jeff Davis,Whitehead 1,"BOE, AT LARGE", AT LARGE - R,,SHANNON R BROWN ,132,5,73,54,0
Jeff Davis,Whitehead 2,"BOE, AT LARGE", AT LARGE - R,,SHANNON R BROWN ,103,0,76,27,0
Jeff Davis,Ocmulgee 1,"BOE, AT LARGE", AT LARGE - R,,SHANNON R BROWN ,211,3,136,72,0
Jeff Davis,Ocmulgee 2,"BOE, AT LARGE", AT LARGE - R,,SHANNON R BROWN ,65,0,47,18,0
Jeff Davis,,"BOE, AT LARGE", AT LARGE - R,,B. H. CLAXTON,1452,34,969,449,0
Jeff Davis,Hazlehurst,"BOE, AT LARGE", AT LARGE - R,,B. H. CLAXTON,133,5,94,34,0
Jeff Davis,Altamaha 1,"BOE, AT LARGE", AT LARGE - R,,B. H. CLAXTON,145,3,88,54,0
Jeff Davis,Altamaha 2,"BOE, AT LARGE", AT LARGE - R,,B. H. CLAXTON,300,4,197,99,0
Jeff Davis,Blackburn 1,"BOE, AT LARGE", AT LARGE - R,,B. H. CLAXTON,98,4,62,32,0
Jeff Davis,Blackburn 2,"BOE, AT LARGE", AT LARGE - R,,B. H. CLAXTON,142,3,111,28,0
Jeff Davis,Whitehead 1,"BOE, AT LARGE", AT LARGE - R,,B. H. CLAXTON,170,4,107,59,0
Jeff Davis,Whitehead 2,"BOE, AT LARGE", AT LARGE - R,,B. H. CLAXTON,150,3,116,31,0
Jeff Davis,Ocmulgee 1,"BOE, AT LARGE", AT LARGE - R,,B. H. CLAXTON,245,8,149,88,0
Jeff Davis,Ocmulgee 2,"BOE, AT LARGE", AT LARGE - R,,B. H. CLAXTON,69,0,45,24,0
Jeff Davis,,"CC, D1", D1 - R,,SHANE MCEACHIN,181,12,118,51,0
Jeff Davis,Hazlehurst,"CC, D1", D1 - R,,SHANE MCEACHIN,181,12,118,51,0
Jeff Davis,,"CC, D1", D1 - D,,HIROSHA THOMAS,202,1,147,54,0
Jeff Davis,Hazlehurst,"CC, D1", D1 - D,,HIROSHA THOMAS,202,1,147,54,0
Jeff Davis,,"CC, D2", D2 - R,,BRENT BRYSON,198,4,111,83,0
Jeff Davis,Altamaha 1,"CC, D2", D2 - R,,BRENT BRYSON,73,2,38,33,0
Jeff Davis,Altamaha 2,"CC, D2", D2 - R,,BRENT BRYSON,125,2,73,50,0
Jeff Davis,,"CC, D2", D2 - R,,HERMAN SELLERS,315,4,189,122,0
Jeff Davis,Altamaha 1,"CC, D2", D2 - R,,HERMAN SELLERS,110,2,59,49,0
Jeff Davis,Altamaha 2,"CC, D2", D2 - R,,HERMAN SELLERS,205,2,130,73,0
Jeff Davis,,"CC, D2", D2 - R,,LARRY A. WOODCOCK,287,1,186,100,0
Jeff Davis,Altamaha 1,"CC, D2", D2 - R,,LARRY A. WOODCOCK,69,0,41,28,0
Jeff Davis,Altamaha 2,"CC, D2", D2 - R,,LARRY A. WOODCOCK,218,1,145,72,0
Jeff Davis,,"CC, D2", D2 - D,,VICTOR SILAS WORTH,110,2,58,50,0
Jeff Davis,Altamaha 1,"CC, D2", D2 - D,,VICTOR SILAS WORTH,44,1,23,20,0
Jeff Davis,Altamaha 2,"CC, D2", D2 - D,,VICTOR SILAS WORTH,66,1,35,30,0
Jeff Davis,,"CC, D3", D3 - R,,HUGH BRANTLEY ,342,8,249,85,0
Jeff Davis,Blackburn 1,"CC, D3", D3 - R,,HUGH BRANTLEY ,152,3,95,54,0
Jeff Davis,Blackburn 2,"CC, D3", D3 - R,,HUGH BRANTLEY ,190,5,154,31,0
Jeff Davis,,"CC, D3", D3 - D,,STEVE TOLER,112,3,81,27,1
Jeff Davis,Blackburn 1,"CC, D3", D3 - D,,STEVE TOLER,57,0,39,17,1
Jeff Davis,Blackburn 2,"CC, D3", D3 - D,,STEVE TOLER,55,3,42,10,0
Jeff Davis,,"BOE, D1", D1 - D,,LARRY E. ALLEN,218,1,159,58,0
Jeff Davis,Hazlehurst,"BOE, D1", D1 - D,,LARRY E. ALLEN,218,1,159,58,0
Jeff Davis,,"BOE, D2", D2 - R,,ANDY RAMAY,457,5,283,169,0
Jeff Davis,Altamaha 1,"BOE, D2", D2 - R,,ANDY RAMAY,137,3,68,66,0
Jeff Davis,Altamaha 2,"BOE, D2", D2 - R,,ANDY RAMAY,320,2,215,103,0
Jeff Davis,,"BOE, D2", D2 - R,,ARTHUR D. YAWN ,379,4,228,147,0
Jeff Davis,Altamaha 1,"BOE, D2", D2 - R,,ARTHUR D. YAWN ,122,1,74,47,0
Jeff Davis,Altamaha 2,"BOE, D2", D2 - R,,ARTHUR D. YAWN ,257,3,154,100,0
Jeff Davis,,Republican Party Question 1<br>Should Georgia have casino gambling with funds going to education?,,REP,YES,1244,20,793,431,0
Jeff Davis,Hazlehurst,Republican Party Question 1<br>Should Georgia have casino gambling with funds going to education?,,REP,YES,112,5,71,36,0
Jeff Davis,Altamaha 1,Republican Party Question 1<br>Should Georgia have casino gambling with funds going to education?,,REP,YES,111,2,61,48,0
Jeff Davis,Altamaha 2,Republican Party Question 1<br>Should Georgia have casino gambling with funds going to education?,,REP,YES,234,2,134,98,0
Jeff Davis,Blackburn 1,Republican Party Question 1<br>Should Georgia have casino gambling with funds going to education?,,REP,YES,112,0,64,48,0
Jeff Davis,Blackburn 2,Republican Party Question 1<br>Should Georgia have casino gambling with funds going to education?,,REP,YES,121,0,97,24,0
Jeff Davis,Whitehead 1,Republican Party Question 1<br>Should Georgia have casino gambling with funds going to education?,,REP,YES,142,2,86,54,0
Jeff Davis,Whitehead 2,Republican Party Question 1<br>Should Georgia have casino gambling with funds going to education?,,REP,YES,129,1,104,24,0
Jeff Davis,Ocmulgee 1,Republican Party Question 1<br>Should Georgia have casino gambling with funds going to education?,,REP,YES,214,8,130,76,0
Jeff Davis,Ocmulgee 2,Republican Party Question 1<br>Should Georgia have casino gambling with funds going to education?,,REP,YES,69,0,46,23,0
Jeff Davis,,Republican Party Question 1<br>Should Georgia have casino gambling with funds going to education?,,REP,NO,1440,37,946,457,0
Jeff Davis,Hazlehurst,Republican Party Question 1<br>Should Georgia have casino gambling with funds going to education?,,REP,NO,125,12,81,32,0
Jeff Davis,Altamaha 1,Republican Party Question 1<br>Should Georgia have casino gambling with funds going to education?,,REP,NO,140,1,77,62,0
Jeff Davis,Altamaha 2,Republican Party Question 1<br>Should Georgia have casino gambling with funds going to education?,,REP,NO,333,3,226,104,0
Jeff Davis,Blackburn 1,Republican Party Question 1<br>Should Georgia have casino gambling with funds going to education?,,REP,NO,106,5,65,36,0
Jeff Davis,Blackburn 2,Republican Party Question 1<br>Should Georgia have casino gambling with funds going to education?,,REP,NO,137,5,109,23,0
Jeff Davis,Whitehead 1,Republican Party Question 1<br>Should Georgia have casino gambling with funds going to education?,,REP,NO,157,7,89,61,0
Jeff Davis,Whitehead 2,Republican Party Question 1<br>Should Georgia have casino gambling with funds going to education?,,REP,NO,133,2,95,36,0
Jeff Davis,Ocmulgee 1,Republican Party Question 1<br>Should Georgia have casino gambling with funds going to education?,,REP,NO,244,2,159,83,0
Jeff Davis,Ocmulgee 2,Republican Party Question 1<br>Should Georgia have casino gambling with funds going to education?,,REP,NO,65,0,45,20,0
Jeff Davis,,Republican Party Question 2<br>Do you support ending the current practice of unlimited gifts from lobbyists to state legislators by imposing a $100 cap on such gifts?,,REP,YES,1953,44,1273,636,0
Jeff Davis,Hazlehurst,Republican Party Question 2<br>Do you support ending the current practice of unlimited gifts from lobbyists to state legislators by imposing a $100 cap on such gifts?,,REP,YES,164,12,106,46,0
Jeff Davis,Altamaha 1,Republican Party Question 2<br>Do you support ending the current practice of unlimited gifts from lobbyists to state legislators by imposing a $100 cap on such gifts?,,REP,YES,187,3,103,81,0
Jeff Davis,Altamaha 2,Republican Party Question 2<br>Do you support ending the current practice of unlimited gifts from lobbyists to state legislators by imposing a $100 cap on such gifts?,,REP,YES,421,3,263,155,0
Jeff Davis,Blackburn 1,Republican Party Question 2<br>Do you support ending the current practice of unlimited gifts from lobbyists to state legislators by imposing a $100 cap on such gifts?,,REP,YES,142,4,84,54,0
Jeff Davis,Blackburn 2,Republican Party Question 2<br>Do you support ending the current practice of unlimited gifts from lobbyists to state legislators by imposing a $100 cap on such gifts?,,REP,YES,193,6,152,35,0
Jeff Davis,Whitehead 1,Republican Party Question 2<br>Do you support ending the current practice of unlimited gifts from lobbyists to state legislators by imposing a $100 cap on such gifts?,,REP,YES,216,7,128,81,0
Jeff Davis,Whitehead 2,Republican Party Question 2<br>Do you support ending the current practice of unlimited gifts from lobbyists to state legislators by imposing a $100 cap on such gifts?,,REP,YES,201,3,154,44,0
Jeff Davis,Ocmulgee 1,Republican Party Question 2<br>Do you support ending the current practice of unlimited gifts from lobbyists to state legislators by imposing a $100 cap on such gifts?,,REP,YES,345,6,227,112,0
Jeff Davis,Ocmulgee 2,Republican Party Question 2<br>Do you support ending the current practice of unlimited gifts from lobbyists to state legislators by imposing a $100 cap on such gifts?,,REP,YES,84,0,56,28,0
Jeff Davis,,Republican Party Question 2<br>Do you support ending the current practice of unlimited gifts from lobbyists to state legislators by imposing a $100 cap on such gifts?,,REP,NO,559,12,357,190,0
Jeff Davis,Hazlehurst,Republican Party Question 2<br>Do you support ending the current practice of unlimited gifts from lobbyists to state legislators by imposing a $100 cap on such gifts?,,REP,NO,64,5,38,21,0
Jeff Davis,Altamaha 1,Republican Party Question 2<br>Do you support ending the current practice of unlimited gifts from lobbyists to state legislators by imposing a $100 cap on such gifts?,,REP,NO,50,0,27,23,0
Jeff Davis,Altamaha 2,Republican Party Question 2<br>Do you support ending the current practice of unlimited gifts from lobbyists to state legislators by imposing a $100 cap on such gifts?,,REP,NO,107,2,68,37,0
Jeff Davis,Blackburn 1,Republican Party Question 2<br>Do you support ending the current practice of unlimited gifts from lobbyists to state legislators by imposing a $100 cap on such gifts?,,REP,NO,54,0,33,21,0
Jeff Davis,Blackburn 2,Republican Party Question 2<br>Do you support ending the current practice of unlimited gifts from lobbyists to state legislators by imposing a $100 cap on such gifts?,,REP,NO,52,0,44,8,0
Jeff Davis,Whitehead 1,Republican Party Question 2<br>Do you support ending the current practice of unlimited gifts from lobbyists to state legislators by imposing a $100 cap on such gifts?,,REP,NO,71,1,43,27,0
Jeff Davis,Whitehead 2,Republican Party Question 2<br>Do you support ending the current practice of unlimited gifts from lobbyists to state legislators by imposing a $100 cap on such gifts?,,REP,NO,46,0,35,11,0
Jeff Davis,Ocmulgee 1,Republican Party Question 2<br>Do you support ending the current practice of unlimited gifts from lobbyists to state legislators by imposing a $100 cap on such gifts?,,REP,NO,85,4,48,33,0
Jeff Davis,Ocmulgee 2,Republican Party Question 2<br>Do you support ending the current practice of unlimited gifts from lobbyists to state legislators by imposing a $100 cap on such gifts?,,REP,NO,30,0,21,9,0
Jeff Davis,,Republican Party Question 3<br>Should active duty military personnel who are under the age of 21 be allowed to obtain a Georgia weapons license?,,REP,YES,1729,35,1118,576,0
Jeff Davis,Hazlehurst,Republican Party Question 3<br>Should active duty military personnel who are under the age of 21 be allowed to obtain a Georgia weapons license?,,REP,YES,143,11,96,36,0
Jeff Davis,Altamaha 1,Republican Party Question 3<br>Should active duty military personnel who are under the age of 21 be allowed to obtain a Georgia weapons license?,,REP,YES,162,1,86,75,0
Jeff Davis,Altamaha 2,Republican Party Question 3<br>Should active duty military personnel who are under the age of 21 be allowed to obtain a Georgia weapons license?,,REP,YES,389,3,243,143,0
Jeff Davis,Blackburn 1,Republican Party Question 3<br>Should active duty military personnel who are under the age of 21 be allowed to obtain a Georgia weapons license?,,REP,YES,128,0,81,47,0
Jeff Davis,Blackburn 2,Republican Party Question 3<br>Should active duty military personnel who are under the age of 21 be allowed to obtain a Georgia weapons license?,,REP,YES,168,4,132,32,0
Jeff Davis,Whitehead 1,Republican Party Question 3<br>Should active duty military personnel who are under the age of 21 be allowed to obtain a Georgia weapons license?,,REP,YES,189,5,104,80,0
Jeff Davis,Whitehead 2,Republican Party Question 3<br>Should active duty military personnel who are under the age of 21 be allowed to obtain a Georgia weapons license?,,REP,YES,177,1,138,38,0
Jeff Davis,Ocmulgee 1,Republican Party Question 3<br>Should active duty military personnel who are under the age of 21 be allowed to obtain a Georgia weapons license?,,REP,YES,287,10,179,98,0
Jeff Davis,Ocmulgee 2,Republican Party Question 3<br>Should active duty military personnel who are under the age of 21 be allowed to obtain a Georgia weapons license?,,REP,YES,86,0,59,27,0
Jeff Davis,,Republican Party Question 3<br>Should active duty military personnel who are under the age of 21 be allowed to obtain a Georgia weapons license?,,REP,NO,912,21,598,293,0
Jeff Davis,Hazlehurst,Republican Party Question 3<br>Should active duty military personnel who are under the age of 21 be allowed to obtain a Georgia weapons license?,,REP,NO,90,6,55,29,0
Jeff Davis,Altamaha 1,Republican Party Question 3<br>Should active duty military personnel who are under the age of 21 be allowed to obtain a Georgia weapons license?,,REP,NO,83,2,48,33,0
Jeff Davis,Altamaha 2,Republican Party Question 3<br>Should active duty military personnel who are under the age of 21 be allowed to obtain a Georgia weapons license?,,REP,NO,170,2,112,56,0
Jeff Davis,Blackburn 1,Republican Party Question 3<br>Should active duty military personnel who are under the age of 21 be allowed to obtain a Georgia weapons license?,,REP,NO,86,4,47,35,0
Jeff Davis,Blackburn 2,Republican Party Question 3<br>Should active duty military personnel who are under the age of 21 be allowed to obtain a Georgia weapons license?,,REP,NO,90,1,73,16,0
Jeff Davis,Whitehead 1,Republican Party Question 3<br>Should active duty military personnel who are under the age of 21 be allowed to obtain a Georgia weapons license?,,REP,NO,103,3,68,32,0
Jeff Davis,Whitehead 2,Republican Party Question 3<br>Should active duty military personnel who are under the age of 21 be allowed to obtain a Georgia weapons license?,,REP,NO,81,2,60,19,0
Jeff Davis,Ocmulgee 1,Republican Party Question 3<br>Should active duty military personnel who are under the age of 21 be allowed to obtain a Georgia weapons license?,,REP,NO,167,1,106,60,0
Jeff Davis,Ocmulgee 2,Republican Party Question 3<br>Should active duty military personnel who are under the age of 21 be allowed to obtain a Georgia weapons license?,,REP,NO,42,0,29,13,0
Jeff Davis,,Republican Party Question 4<br>Should Citizens who wish to vote in a primary election be required to register by their political party affiliation at least thirty (30) days prior to such primary election?,,REP,YES,1233,30,759,444,0
Jeff Davis,Hazlehurst,Republican Party Question 4<br>Should Citizens who wish to vote in a primary election be required to register by their political party affiliation at least thirty (30) days prior to such primary election?,,REP,YES,116,14,68,34,0
Jeff Davis,Altamaha 1,Republican Party Question 4<br>Should Citizens who wish to vote in a primary election be required to register by their political party affiliation at least thirty (30) days prior to such primary election?,,REP,YES,115,0,54,61,0
Jeff Davis,Altamaha 2,Republican Party Question 4<br>Should Citizens who wish to vote in a primary election be required to register by their political party affiliation at least thirty (30) days prior to such primary election?,,REP,YES,245,1,148,96,0
Jeff Davis,Blackburn 1,Republican Party Question 4<br>Should Citizens who wish to vote in a primary election be required to register by their political party affiliation at least thirty (30) days prior to such primary election?,,REP,YES,111,3,59,49,0
Jeff Davis,Blackburn 2,Republican Party Question 4<br>Should Citizens who wish to vote in a primary election be required to register by their political party affiliation at least thirty (30) days prior to such primary election?,,REP,YES,112,4,85,23,0
Jeff Davis,Whitehead 1,Republican Party Question 4<br>Should Citizens who wish to vote in a primary election be required to register by their political party affiliation at least thirty (30) days prior to such primary election?,,REP,YES,148,2,85,61,0
Jeff Davis,Whitehead 2,Republican Party Question 4<br>Should Citizens who wish to vote in a primary election be required to register by their political party affiliation at least thirty (30) days prior to such primary election?,,REP,YES,123,2,95,26,0
Jeff Davis,Ocmulgee 1,Republican Party Question 4<br>Should Citizens who wish to vote in a primary election be required to register by their political party affiliation at least thirty (30) days prior to such primary election?,,REP,YES,207,4,128,75,0
Jeff Davis,Ocmulgee 2,Republican Party Question 4<br>Should Citizens who wish to vote in a primary election be required to register by their political party affiliation at least thirty (30) days prior to such primary election?,,REP,YES,56,0,37,19,0
Jeff Davis,,Republican Party Question 4<br>Should Citizens who wish to vote in a primary election be required to register by their political party affiliation at least thirty (30) days prior to such primary election?,,REP,NO,1323,26,893,404,0
Jeff Davis,Hazlehurst,Republican Party Question 4<br>Should Citizens who wish to vote in a primary election be required to register by their political party affiliation at least thirty (30) days prior to such primary election?,,REP,NO,113,3,79,31,0
Jeff Davis,Altamaha 1,Republican Party Question 4<br>Should Citizens who wish to vote in a primary election be required to register by their political party affiliation at least thirty (30) days prior to such primary election?,,REP,NO,124,3,74,47,0
Jeff Davis,Altamaha 2,Republican Party Question 4<br>Should Citizens who wish to vote in a primary election be required to register by their political party affiliation at least thirty (30) days prior to such primary election?,,REP,NO,291,4,188,99,0
Jeff Davis,Blackburn 1,Republican Party Question 4<br>Should Citizens who wish to vote in a primary election be required to register by their political party affiliation at least thirty (30) days prior to such primary election?,,REP,NO,95,1,64,30,0
Jeff Davis,Blackburn 2,Republican Party Question 4<br>Should Citizens who wish to vote in a primary election be required to register by their political party affiliation at least thirty (30) days prior to such primary election?,,REP,NO,133,1,110,22,0
Jeff Davis,Whitehead 1,Republican Party Question 4<br>Should Citizens who wish to vote in a primary election be required to register by their political party affiliation at least thirty (30) days prior to such primary election?,,REP,NO,138,7,83,48,0
Jeff Davis,Whitehead 2,Republican Party Question 4<br>Should Citizens who wish to vote in a primary election be required to register by their political party affiliation at least thirty (30) days prior to such primary election?,,REP,NO,127,1,97,29,0
Jeff Davis,Ocmulgee 1,Republican Party Question 4<br>Should Citizens who wish to vote in a primary election be required to register by their political party affiliation at least thirty (30) days prior to such primary election?,,REP,NO,237,6,154,77,0
Jeff Davis,Ocmulgee 2,Republican Party Question 4<br>Should Citizens who wish to vote in a primary election be required to register by their political party affiliation at least thirty (30) days prior to such primary election?,,REP,NO,65,0,44,21,0
Jeff Davis,,Republican Party Question 5 <br>Life Amendment Question,,REP,YES,1796,35,1162,599,0
Jeff Davis,Hazlehurst,Republican Party Question 5 <br>Life Amendment Question,,REP,YES,157,9,104,44,0
Jeff Davis,Altamaha 1,Republican Party Question 5 <br>Life Amendment Question,,REP,YES,181,2,94,85,0
Jeff Davis,Altamaha 2,Republican Party Question 5 <br>Life Amendment Question,,REP,YES,370,1,242,127,0
Jeff Davis,Blackburn 1,Republican Party Question 5 <br>Life Amendment Question,,REP,YES,138,2,87,49,0
Jeff Davis,Blackburn 2,Republican Party Question 5 <br>Life Amendment Question,,REP,YES,177,5,133,39,0
Jeff Davis,Whitehead 1,Republican Party Question 5 <br>Life Amendment Question,,REP,YES,209,6,119,84,0
Jeff Davis,Whitehead 2,Republican Party Question 5 <br>Life Amendment Question,,REP,YES,168,2,128,38,0
Jeff Davis,Ocmulgee 1,Republican Party Question 5 <br>Life Amendment Question,,REP,YES,324,8,209,107,0
Jeff Davis,Ocmulgee 2,Republican Party Question 5 <br>Life Amendment Question,,REP,YES,72,0,46,26,0
Jeff Davis,,Republican Party Question 5 <br>Life Amendment Question,,REP,NO,561,16,367,178,0
Jeff Davis,Hazlehurst,Republican Party Question 5 <br>Life Amendment Question,,REP,NO,50,7,28,15,0
Jeff Davis,Altamaha 1,Republican Party Question 5 <br>Life Amendment Question,,REP,NO,45,1,31,13,0
Jeff Davis,Altamaha 2,Republican Party Question 5 <br>Life Amendment Question,,REP,NO,121,3,70,48,0
Jeff Davis,Blackburn 1,Republican Party Question 5 <br>Life Amendment Question,,REP,NO,49,2,27,20,0
Jeff Davis,Blackburn 2,Republican Party Question 5 <br>Life Amendment Question,,REP,NO,55,0,51,4,0
Jeff Davis,Whitehead 1,Republican Party Question 5 <br>Life Amendment Question,,REP,NO,62,1,37,24,0
Jeff Davis,Whitehead 2,Republican Party Question 5 <br>Life Amendment Question,,REP,NO,62,1,46,15,0
Jeff Davis,Ocmulgee 1,Republican Party Question 5 <br>Life Amendment Question,,REP,NO,80,1,51,28,0
Jeff Davis,Ocmulgee 2,Republican Party Question 5 <br>Life Amendment Question,,REP,NO,37,0,26,11,0
Jeff Davis,,PARTY QUESTION 6,,,YES,1215,24,799,392,0
Jeff Davis,Hazlehurst,PARTY QUESTION 6,,,YES,87,6,55,26,0
Jeff Davis,Altamaha 1,PARTY QUESTION 6,,,YES,105,2,64,39,0
Jeff Davis,Altamaha 2,PARTY QUESTION 6,,,YES,266,2,184,80,0
Jeff Davis,Blackburn 1,PARTY QUESTION 6,,,YES,105,3,60,42,0
Jeff Davis,Blackburn 2,PARTY QUESTION 6,,,YES,127,4,101,22,0
Jeff Davis,Whitehead 1,PARTY QUESTION 6,,,YES,128,4,80,44,0
Jeff Davis,Whitehead 2,PARTY QUESTION 6,,,YES,125,2,86,37,0
Jeff Davis,Ocmulgee 1,PARTY QUESTION 6,,,YES,213,1,132,80,0
Jeff Davis,Ocmulgee 2,PARTY QUESTION 6,,,YES,59,0,37,22,0
Jeff Davis,,PARTY QUESTION 6,,,NO,1404,32,892,480,0
Jeff Davis,Hazlehurst,PARTY QUESTION 6,,,NO,143,11,91,41,0
Jeff Davis,Altamaha 1,PARTY QUESTION 6,,,NO,141,1,70,70,0
Jeff Davis,Altamaha 2,PARTY QUESTION 6,,,NO,286,3,165,118,0
Jeff Davis,Blackburn 1,PARTY QUESTION 6,,,NO,108,1,66,41,0
Jeff Davis,Blackburn 2,PARTY QUESTION 6,,,NO,135,1,106,28,0
Jeff Davis,Whitehead 1,PARTY QUESTION 6,,,NO,160,4,90,66,0
Jeff Davis,Whitehead 2,PARTY QUESTION 6,,,NO,127,1,105,21,0
Jeff Davis,Ocmulgee 1,PARTY QUESTION 6,,,NO,243,10,156,77,0
Jeff Davis,Ocmulgee 2,PARTY QUESTION 6,,,NO,61,0,43,18,0
Jeff Davis,,Democratic Party Question 1<br>Should the Georgia Constitution be amended to allow the state to override locally-elected school boards’ decisions when it comes to the creation of charter schools in your county or city?,,DEM,YES,386,7,248,130,1
Jeff Davis,Hazlehurst,Democratic Party Question 1<br>Should the Georgia Constitution be amended to allow the state to override locally-elected school boards’ decisions when it comes to the creation of charter schools in your county or city?,,DEM,YES,117,0,83,34,0
Jeff Davis,Altamaha 1,Democratic Party Question 1<br>Should the Georgia Constitution be amended to allow the state to override locally-elected school boards’ decisions when it comes to the creation of charter schools in your county or city?,,DEM,YES,27,0,14,13,0
Jeff Davis,Altamaha 2,Democratic Party Question 1<br>Should the Georgia Constitution be amended to allow the state to override locally-elected school boards’ decisions when it comes to the creation of charter schools in your county or city?,,DEM,YES,40,0,19,21,0
Jeff Davis,Blackburn 1,Democratic Party Question 1<br>Should the Georgia Constitution be amended to allow the state to override locally-elected school boards’ decisions when it comes to the creation of charter schools in your county or city?,,DEM,YES,32,0,21,10,1
Jeff Davis,Blackburn 2,Democratic Party Question 1<br>Should the Georgia Constitution be amended to allow the state to override locally-elected school boards’ decisions when it comes to the creation of charter schools in your county or city?,,DEM,YES,24,1,19,4,0
Jeff Davis,Whitehead 1,Democratic Party Question 1<br>Should the Georgia Constitution be amended to allow the state to override locally-elected school boards’ decisions when it comes to the creation of charter schools in your county or city?,,DEM,YES,48,1,31,16,0
Jeff Davis,Whitehead 2,Democratic Party Question 1<br>Should the Georgia Constitution be amended to allow the state to override locally-elected school boards’ decisions when it comes to the creation of charter schools in your county or city?,,DEM,YES,24,1,20,3,0
Jeff Davis,Ocmulgee 1,Democratic Party Question 1<br>Should the Georgia Constitution be amended to allow the state to override locally-elected school boards’ decisions when it comes to the creation of charter schools in your county or city?,,DEM,YES,55,4,29,22,0
Jeff Davis,Ocmulgee 2,Democratic Party Question 1<br>Should the Georgia Constitution be amended to allow the state to override locally-elected school boards’ decisions when it comes to the creation of charter schools in your county or city?,,DEM,YES,19,0,12,7,0
Jeff Davis,,Democratic Party Question 1<br>Should the Georgia Constitution be amended to allow the state to override locally-elected school boards’ decisions when it comes to the creation of charter schools in your county or city?,,DEM,NO,588,14,383,189,2
Jeff Davis,Hazlehurst,Democratic Party Question 1<br>Should the Georgia Constitution be amended to allow the state to override locally-elected school boards’ decisions when it comes to the creation of charter schools in your county or city?,,DEM,NO,135,1,102,32,0
Jeff Davis,Altamaha 1,Democratic Party Question 1<br>Should the Georgia Constitution be amended to allow the state to override locally-elected school boards’ decisions when it comes to the creation of charter schools in your county or city?,,DEM,NO,45,4,21,20,0
Jeff Davis,Altamaha 2,Democratic Party Question 1<br>Should the Georgia Constitution be amended to allow the state to override locally-elected school boards’ decisions when it comes to the creation of charter schools in your county or city?,,DEM,NO,71,1,43,27,0
Jeff Davis,Blackburn 1,Democratic Party Question 1<br>Should the Georgia Constitution be amended to allow the state to override locally-elected school boards’ decisions when it comes to the creation of charter schools in your county or city?,,DEM,NO,43,0,31,11,1
Jeff Davis,Blackburn 2,Democratic Party Question 1<br>Should the Georgia Constitution be amended to allow the state to override locally-elected school boards’ decisions when it comes to the creation of charter schools in your county or city?,,DEM,NO,43,2,32,9,0
Jeff Davis,Whitehead 1,Democratic Party Question 1<br>Should the Georgia Constitution be amended to allow the state to override locally-elected school boards’ decisions when it comes to the creation of charter schools in your county or city?,,DEM,NO,65,3,34,28,0
Jeff Davis,Whitehead 2,Democratic Party Question 1<br>Should the Georgia Constitution be amended to allow the state to override locally-elected school boards’ decisions when it comes to the creation of charter schools in your county or city?,,DEM,NO,51,1,39,10,1
Jeff Davis,Ocmulgee 1,Democratic Party Question 1<br>Should the Georgia Constitution be amended to allow the state to override locally-elected school boards’ decisions when it comes to the creation of charter schools in your county or city?,,DEM,NO,91,1,50,40,0
Jeff Davis,Ocmulgee 2,Democratic Party Question 1<br>Should the Georgia Constitution be amended to allow the state to override locally-elected school boards’ decisions when it comes to the creation of charter schools in your county or city?,,DEM,NO,44,1,31,12,0
Jeff Davis,,Democratic Party Question 2<br>Do you support ending current practice permitting unlimited gifts from lobbyists to state legislators?,,DEM,YES,616,20,372,221,3
Jeff Davis,Hazlehurst,Democratic Party Question 2<br>Do you support ending current practice permitting unlimited gifts from lobbyists to state legislators?,,DEM,YES,137,1,100,36,0
Jeff Davis,Altamaha 1,Democratic Party Question 2<br>Do you support ending current practice permitting unlimited gifts from lobbyists to state legislators?,,DEM,YES,54,4,24,26,0
Jeff Davis,Altamaha 2,Democratic Party Question 2<br>Do you support ending current practice permitting unlimited gifts from lobbyists to state legislators?,,DEM,YES,74,1,39,34,0
Jeff Davis,Blackburn 1,Democratic Party Question 2<br>Do you support ending current practice permitting unlimited gifts from lobbyists to state legislators?,,DEM,YES,44,0,29,13,2
Jeff Davis,Blackburn 2,Democratic Party Question 2<br>Do you support ending current practice permitting unlimited gifts from lobbyists to state legislators?,,DEM,YES,47,3,32,12,0
Jeff Davis,Whitehead 1,Democratic Party Question 2<br>Do you support ending current practice permitting unlimited gifts from lobbyists to state legislators?,,DEM,YES,75,3,44,28,0
Jeff Davis,Whitehead 2,Democratic Party Question 2<br>Do you support ending current practice permitting unlimited gifts from lobbyists to state legislators?,,DEM,YES,52,2,37,12,1
Jeff Davis,Ocmulgee 1,Democratic Party Question 2<br>Do you support ending current practice permitting unlimited gifts from lobbyists to state legislators?,,DEM,YES,100,5,45,50,0
Jeff Davis,Ocmulgee 2,Democratic Party Question 2<br>Do you support ending current practice permitting unlimited gifts from lobbyists to state legislators?,,DEM,YES,33,1,22,10,0
Jeff Davis,,Democratic Party Question 2<br>Do you support ending current practice permitting unlimited gifts from lobbyists to state legislators?,,DEM,NO,350,2,253,95,0
Jeff Davis,Hazlehurst,Democratic Party Question 2<br>Do you support ending current practice permitting unlimited gifts from lobbyists to state legislators?,,DEM,NO,105,0,81,24,0
Jeff Davis,Altamaha 1,Democratic Party Question 2<br>Do you support ending current practice permitting unlimited gifts from lobbyists to state legislators?,,DEM,NO,22,0,13,9,0
Jeff Davis,Altamaha 2,Democratic Party Question 2<br>Do you support ending current practice permitting unlimited gifts from lobbyists to state legislators?,,DEM,NO,34,0,22,12,0
Jeff Davis,Blackburn 1,Democratic Party Question 2<br>Do you support ending current practice permitting unlimited gifts from lobbyists to state legislators?,,DEM,NO,26,0,20,6,0
Jeff Davis,Blackburn 2,Democratic Party Question 2<br>Do you support ending current practice permitting unlimited gifts from lobbyists to state legislators?,,DEM,NO,21,0,17,4,0
Jeff Davis,Whitehead 1,Democratic Party Question 2<br>Do you support ending current practice permitting unlimited gifts from lobbyists to state legislators?,,DEM,NO,41,2,22,17,0
Jeff Davis,Whitehead 2,Democratic Party Question 2<br>Do you support ending current practice permitting unlimited gifts from lobbyists to state legislators?,,DEM,NO,24,0,22,2,0
Jeff Davis,Ocmulgee 1,Democratic Party Question 2<br>Do you support ending current practice permitting unlimited gifts from lobbyists to state legislators?,,DEM,NO,48,0,36,12,0
Jeff Davis,Ocmulgee 2,Democratic Party Question 2<br>Do you support ending current practice permitting unlimited gifts from lobbyists to state legislators?,,DEM,NO,29,0,20,9,0
Jeff Davis,,Democratic Party Question 3<br>Should Georgia adopt an income tax credit for home energy costs to support the economic security of our families?,,DEM,YES,738,18,464,254,2
Jeff Davis,Hazlehurst,Democratic Party Question 3<br>Should Georgia adopt an income tax credit for home energy costs to support the economic security of our families?,,DEM,YES,193,1,140,52,0
Jeff Davis,Altamaha 1,Democratic Party Question 3<br>Should Georgia adopt an income tax credit for home energy costs to support the economic security of our families?,,DEM,YES,55,3,24,28,0
Jeff Davis,Altamaha 2,Democratic Party Question 3<br>Should Georgia adopt an income tax credit for home energy costs to support the economic security of our families?,,DEM,YES,83,1,43,39,0
Jeff Davis,Blackburn 1,Democratic Party Question 3<br>Should Georgia adopt an income tax credit for home energy costs to support the economic security of our families?,,DEM,YES,60,0,40,18,2
Jeff Davis,Blackburn 2,Democratic Party Question 3<br>Should Georgia adopt an income tax credit for home energy costs to support the economic security of our families?,,DEM,YES,52,3,37,12,0
Jeff Davis,Whitehead 1,Democratic Party Question 3<br>Should Georgia adopt an income tax credit for home energy costs to support the economic security of our families?,,DEM,YES,91,4,54,33,0
Jeff Davis,Whitehead 2,Democratic Party Question 3<br>Should Georgia adopt an income tax credit for home energy costs to support the economic security of our families?,,DEM,YES,48,2,37,9,0
Jeff Davis,Ocmulgee 1,Democratic Party Question 3<br>Should Georgia adopt an income tax credit for home energy costs to support the economic security of our families?,,DEM,YES,112,4,59,49,0
Jeff Davis,Ocmulgee 2,Democratic Party Question 3<br>Should Georgia adopt an income tax credit for home energy costs to support the economic security of our families?,,DEM,YES,44,0,30,14,0
Jeff Davis,,Democratic Party Question 3<br>Should Georgia adopt an income tax credit for home energy costs to support the economic security of our families?,,DEM,NO,234,3,160,70,1
Jeff Davis,Hazlehurst,Democratic Party Question 3<br>Should Georgia adopt an income tax credit for home energy costs to support the economic security of our families?,,DEM,NO,62,0,47,15,0
Jeff Davis,Altamaha 1,Democratic Party Question 3<br>Should Georgia adopt an income tax credit for home energy costs to support the economic security of our families?,,DEM,NO,15,1,8,6,0
Jeff Davis,Altamaha 2,Democratic Party Question 3<br>Should Georgia adopt an income tax credit for home energy costs to support the economic security of our families?,,DEM,NO,26,0,17,9,0
Jeff Davis,Blackburn 1,Democratic Party Question 3<br>Should Georgia adopt an income tax credit for home energy costs to support the economic security of our families?,,DEM,NO,16,0,12,4,0
Jeff Davis,Blackburn 2,Democratic Party Question 3<br>Should Georgia adopt an income tax credit for home energy costs to support the economic security of our families?,,DEM,NO,15,0,12,3,0
Jeff Davis,Whitehead 1,Democratic Party Question 3<br>Should Georgia adopt an income tax credit for home energy costs to support the economic security of our families?,,DEM,NO,25,1,13,11,0
Jeff Davis,Whitehead 2,Democratic Party Question 3<br>Should Georgia adopt an income tax credit for home energy costs to support the economic security of our families?,,DEM,NO,28,0,22,5,1
Jeff Davis,Ocmulgee 1,Democratic Party Question 3<br>Should Georgia adopt an income tax credit for home energy costs to support the economic security of our families?,,DEM,NO,32,0,19,13,0
Jeff Davis,Ocmulgee 2,Democratic Party Question 3<br>Should Georgia adopt an income tax credit for home energy costs to support the economic security of our families?,,DEM,NO,15,1,10,4,0
Jeff Davis,,Democratic Party Question 4 <br>Should Georgia reduce sales taxes on Made in Georgia products so as to support the growth of small businesses in our state?,,DEM,YES,864,21,544,296,3
Jeff Davis,Hazlehurst,Democratic Party Question 4 <br>Should Georgia reduce sales taxes on Made in Georgia products so as to support the growth of small businesses in our state?,,DEM,YES,218,1,157,60,0
Jeff Davis,Altamaha 1,Democratic Party Question 4 <br>Should Georgia reduce sales taxes on Made in Georgia products so as to support the growth of small businesses in our state?,,DEM,YES,63,3,31,29,0
Jeff Davis,Altamaha 2,Democratic Party Question 4 <br>Should Georgia reduce sales taxes on Made in Georgia products so as to support the growth of small businesses in our state?,,DEM,YES,102,1,57,44,0
Jeff Davis,Blackburn 1,Democratic Party Question 4 <br>Should Georgia reduce sales taxes on Made in Georgia products so as to support the growth of small businesses in our state?,,DEM,YES,69,0,45,22,2
Jeff Davis,Blackburn 2,Democratic Party Question 4 <br>Should Georgia reduce sales taxes on Made in Georgia products so as to support the growth of small businesses in our state?,,DEM,YES,59,3,41,15,0
Jeff Davis,Whitehead 1,Democratic Party Question 4 <br>Should Georgia reduce sales taxes on Made in Georgia products so as to support the growth of small businesses in our state?,,DEM,YES,106,5,59,42,0
Jeff Davis,Whitehead 2,Democratic Party Question 4 <br>Should Georgia reduce sales taxes on Made in Georgia products so as to support the growth of small businesses in our state?,,DEM,YES,65,2,52,10,1
Jeff Davis,Ocmulgee 1,Democratic Party Question 4 <br>Should Georgia reduce sales taxes on Made in Georgia products so as to support the growth of small businesses in our state?,,DEM,YES,131,5,68,58,0
Jeff Davis,Ocmulgee 2,Democratic Party Question 4 <br>Should Georgia reduce sales taxes on Made in Georgia products so as to support the growth of small businesses in our state?,,DEM,YES,51,1,34,16,0
Jeff Davis,,Democratic Party Question 4 <br>Should Georgia reduce sales taxes on Made in Georgia products so as to support the growth of small businesses in our state?,,DEM,NO,144,0,112,32,0
Jeff Davis,Hazlehurst,Democratic Party Question 4 <br>Should Georgia reduce sales taxes on Made in Georgia products so as to support the growth of small businesses in our state?,,DEM,NO,40,0,34,6,0
Jeff Davis,Altamaha 1,Democratic Party Question 4 <br>Should Georgia reduce sales taxes on Made in Georgia products so as to support the growth of small businesses in our state?,,DEM,NO,10,0,5,5,0
Jeff Davis,Altamaha 2,Democratic Party Question 4 <br>Should Georgia reduce sales taxes on Made in Georgia products so as to support the growth of small businesses in our state?,,DEM,NO,13,0,9,4,0
Jeff Davis,Blackburn 1,Democratic Party Question 4 <br>Should Georgia reduce sales taxes on Made in Georgia products so as to support the growth of small businesses in our state?,,DEM,NO,8,0,8,0,0
Jeff Davis,Blackburn 2,Democratic Party Question 4 <br>Should Georgia reduce sales taxes on Made in Georgia products so as to support the growth of small businesses in our state?,,DEM,NO,11,0,10,1,0
Jeff Davis,Whitehead 1,Democratic Party Question 4 <br>Should Georgia reduce sales taxes on Made in Georgia products so as to support the growth of small businesses in our state?,,DEM,NO,14,0,9,5,0
Jeff Davis,Whitehead 2,Democratic Party Question 4 <br>Should Georgia reduce sales taxes on Made in Georgia products so as to support the growth of small businesses in our state?,,DEM,NO,18,0,14,4,0
Jeff Davis,Ocmulgee 1,Democratic Party Question 4 <br>Should Georgia reduce sales taxes on Made in Georgia products so as to support the growth of small businesses in our state?,,DEM,NO,21,0,15,6,0
Jeff Davis,Ocmulgee 2,Democratic Party Question 4 <br>Should Georgia reduce sales taxes on Made in Georgia products so as to support the growth of small businesses in our state?,,DEM,NO,9,0,8,1,0
Jeff Davis,,PARTY QUESTION 5,,,YES,449,11,280,156,2
Jeff Davis,Hazlehurst,PARTY QUESTION 5,,,YES,107,0,72,35,0
Jeff Davis,Altamaha 1,PARTY QUESTION 5,,,YES,33,1,15,17,0
Jeff Davis,Altamaha 2,PARTY QUESTION 5,,,YES,52,1,33,18,0
Jeff Davis,Blackburn 1,PARTY QUESTION 5,,,YES,36,0,22,13,1
Jeff Davis,Blackburn 2,PARTY QUESTION 5,,,YES,40,3,32,5,0
Jeff Davis,Whitehead 1,PARTY QUESTION 5,,,YES,54,2,31,21,0
Jeff Davis,Whitehead 2,PARTY QUESTION 5,,,YES,39,0,32,6,1
Jeff Davis,Ocmulgee 1,PARTY QUESTION 5,,,YES,64,4,28,32,0
Jeff Davis,Ocmulgee 2,PARTY QUESTION 5,,,YES,24,0,15,9,0
Jeff Davis,,PARTY QUESTION 5,,,NO,580,10,383,186,1
Jeff Davis,Hazlehurst,PARTY QUESTION 5,,,NO,154,1,118,35,0
Jeff Davis,Altamaha 1,PARTY QUESTION 5,,,NO,40,2,22,16,0
Jeff Davis,Altamaha 2,PARTY QUESTION 5,,,NO,64,0,31,33,0
Jeff Davis,Blackburn 1,PARTY QUESTION 5,,,NO,39,0,29,9,1
Jeff Davis,Blackburn 2,PARTY QUESTION 5,,,NO,30,0,19,11,0
Jeff Davis,Whitehead 1,PARTY QUESTION 5,,,NO,68,3,38,27,0
Jeff Davis,Whitehead 2,PARTY QUESTION 5,,,NO,46,2,34,10,0
Jeff Davis,Ocmulgee 1,PARTY QUESTION 5,,,NO,93,1,58,34,0
Jeff Davis,Ocmulgee 2,PARTY QUESTION 5,,,NO,46,1,34,11,0
Jeff Davis,,Supreme Court Justice, Hunstein,,CAROL W. HUNSTEIN,2482,52,1610,819,1
Jeff Davis,Hazlehurst,Supreme Court Justice, Hunstein,,CAROL W. HUNSTEIN,331,9,226,96,0
Jeff Davis,Altamaha 1,Supreme Court Justice, Hunstein,,CAROL W. HUNSTEIN,209,3,114,92,0
Jeff Davis,Altamaha 2,Supreme Court Justice, Hunstein,,CAROL W. HUNSTEIN,433,5,260,168,0
Jeff Davis,Blackburn 1,Supreme Court Justice, Hunstein,,CAROL W. HUNSTEIN,209,4,135,70,0
Jeff Davis,Blackburn 2,Supreme Court Justice, Hunstein,,CAROL W. HUNSTEIN,214,8,170,36,0
Jeff Davis,Whitehead 1,Supreme Court Justice, Hunstein,,CAROL W. HUNSTEIN,289,7,165,117,0
Jeff Davis,Whitehead 2,Supreme Court Justice, Hunstein,,CAROL W. HUNSTEIN,226,3,173,49,1
Jeff Davis,Ocmulgee 1,Supreme Court Justice, Hunstein,,CAROL W. HUNSTEIN,449,12,282,155,0
Jeff Davis,Ocmulgee 2,Supreme Court Justice, Hunstein,,CAROL W. HUNSTEIN,122,1,85,36,0
Jeff Davis,,Supreme Court Justice, Hunstein,,Write-in,7,1,5,1,0
Jeff Davis,Hazlehurst,Supreme Court Justice, Hunstein,,Write-in,0,0,0,0,0
Jeff Davis,Altamaha 1,Supreme Court Justice, Hunstein,,Write-in,1,0,0,1,0
Jeff Davis,Altamaha 2,Supreme Court Justice, Hunstein,,Write-in,1,0,1,0,0
Jeff Davis,Blackburn 1,Supreme Court Justice, Hunstein,,Write-in,0,0,0,0,0
Jeff Davis,Blackburn 2,Supreme Court Justice, Hunstein,,Write-in,0,0,0,0,0
Jeff Davis,Whitehead 1,Supreme Court Justice, Hunstein,,Write-in,2,0,2,0,0
Jeff Davis,Whitehead 2,Supreme Court Justice, Hunstein,,Write-in,0,0,0,0,0
Jeff Davis,Ocmulgee 1,Supreme Court Justice, Hunstein,,Write-in,2,1,1,0,0
Jeff Davis,Ocmulgee 2,Supreme Court Justice, Hunstein,,Write-in,1,0,1,0,0
Jeff Davis,,Supreme Court Justice, Melton,,HAROLD D. MELTON ,2467,53,1596,817,1
Jeff Davis,Hazlehurst,Supreme Court Justice, Melton,,HAROLD D. MELTON ,330,9,226,95,0
Jeff Davis,Altamaha 1,Supreme Court Justice, Melton,,HAROLD D. MELTON ,207,3,115,89,0
Jeff Davis,Altamaha 2,Supreme Court Justice, Melton,,HAROLD D. MELTON ,431,5,261,165,0
Jeff Davis,Blackburn 1,Supreme Court Justice, Melton,,HAROLD D. MELTON ,210,4,134,72,0
Jeff Davis,Blackburn 2,Supreme Court Justice, Melton,,HAROLD D. MELTON ,217,8,172,37,0
Jeff Davis,Whitehead 1,Supreme Court Justice, Melton,,HAROLD D. MELTON ,288,7,163,118,0
Jeff Davis,Whitehead 2,Supreme Court Justice, Melton,,HAROLD D. MELTON ,222,4,166,51,1
Jeff Davis,Ocmulgee 1,Supreme Court Justice, Melton,,HAROLD D. MELTON ,438,12,275,151,0
Jeff Davis,Ocmulgee 2,Supreme Court Justice, Melton,,HAROLD D. MELTON ,124,1,84,39,0
Jeff Davis,,Supreme Court Justice, Melton,,Write-in,3,1,1,1,0
Jeff Davis,Hazlehurst,Supreme Court Justice, Melton,,Write-in,0,0,0,0,0
Jeff Davis,Altamaha 1,Supreme Court Justice, Melton,,Write-in,1,0,0,1,0
Jeff Davis,Altamaha 2,Supreme Court Justice, Melton,,Write-in,0,0,0,0,0
Jeff Davis,Blackburn 1,Supreme Court Justice, Melton,,Write-in,0,0,0,0,0
Jeff Davis,Blackburn 2,Supreme Court Justice, Melton,,Write-in,0,0,0,0,0
Jeff Davis,Whitehead 1,Supreme Court Justice, Melton,,Write-in,0,0,0,0,0
Jeff Davis,Whitehead 2,Supreme Court Justice, Melton,,Write-in,0,0,0,0,0
Jeff Davis,Ocmulgee 1,Supreme Court Justice, Melton,,Write-in,2,1,1,0,0
Jeff Davis,Ocmulgee 2,Supreme Court Justice, Melton,,Write-in,0,0,0,0,0
Jeff Davis,,Supreme Court Justice, Thompson,,HUGH P. THOMPSON ,2461,52,1596,812,1
Jeff Davis,Hazlehurst,Supreme Court Justice, Thompson,,HUGH P. THOMPSON ,331,10,224,97,0
Jeff Davis,Altamaha 1,Supreme Court Justice, Thompson,,HUGH P. THOMPSON ,207,3,115,89,0
Jeff Davis,Altamaha 2,Supreme Court Justice, Thompson,,HUGH P. THOMPSON ,430,4,263,163,0
Jeff Davis,Blackburn 1,Supreme Court Justice, Thompson,,HUGH P. THOMPSON ,206,4,133,69,0
Jeff Davis,Blackburn 2,Supreme Court Justice, Thompson,,HUGH P. THOMPSON ,214,8,170,36,0
Jeff Davis,Whitehead 1,Supreme Court Justice, Thompson,,HUGH P. THOMPSON ,283,6,159,118,0
Jeff Davis,Whitehead 2,Supreme Court Justice, Thompson,,HUGH P. THOMPSON ,224,4,170,49,1
Jeff Davis,Ocmulgee 1,Supreme Court Justice, Thompson,,HUGH P. THOMPSON ,447,12,280,155,0
Jeff Davis,Ocmulgee 2,Supreme Court Justice, Thompson,,HUGH P. THOMPSON ,119,1,82,36,0
Jeff Davis,,Supreme Court Justice, Thompson,,Write-in,3,1,1,1,0
Jeff Davis,Hazlehurst,Supreme Court Justice, Thompson,,Write-in,0,0,0,0,0
Jeff Davis,Altamaha 1,Supreme Court Justice, Thompson,,Write-in,1,0,0,1,0
Jeff Davis,Altamaha 2,Supreme Court Justice, Thompson,,Write-in,0,0,0,0,0
Jeff Davis,Blackburn 1,Supreme Court Justice, Thompson,,Write-in,0,0,0,0,0
Jeff Davis,Blackburn 2,Supreme Court Justice, Thompson,,Write-in,0,0,0,0,0
Jeff Davis,Whitehead 1,Supreme Court Justice, Thompson,,Write-in,0,0,0,0,0
Jeff Davis,Whitehead 2,Supreme Court Justice, Thompson,,Write-in,0,0,0,0,0
Jeff Davis,Ocmulgee 1,Supreme Court Justice, Thompson,,Write-in,2,1,1,0,0
Jeff Davis,Ocmulgee 2,Supreme Court Justice, Thompson,,Write-in,0,0,0,0,0
Jeff Davis,,Appeals Court Judge, Boggs,,MICHAEL P. BOGGS ,2372,52,1542,776,2
Jeff Davis,Hazlehurst,Appeals Court Judge, Boggs,,MICHAEL P. BOGGS ,323,10,221,92,0
Jeff Davis,Altamaha 1,Appeals Court Judge, Boggs,,MICHAEL P. BOGGS ,197,3,108,86,0
Jeff Davis,Altamaha 2,Appeals Court Judge, Boggs,,MICHAEL P. BOGGS ,409,4,249,156,0
Jeff Davis,Blackburn 1,Appeals Court Judge, Boggs,,MICHAEL P. BOGGS ,207,4,133,69,1
Jeff Davis,Blackburn 2,Appeals Court Judge, Boggs,,MICHAEL P. BOGGS ,207,8,165,34,0
Jeff Davis,Whitehead 1,Appeals Court Judge, Boggs,,MICHAEL P. BOGGS ,278,7,154,117,0
Jeff Davis,Whitehead 2,Appeals Court Judge, Boggs,,MICHAEL P. BOGGS ,219,4,168,46,1
Jeff Davis,Ocmulgee 1,Appeals Court Judge, Boggs,,MICHAEL P. BOGGS ,415,11,262,142,0
Jeff Davis,Ocmulgee 2,Appeals Court Judge, Boggs,,MICHAEL P. BOGGS ,117,1,82,34,0
Jeff Davis,,Appeals Court Judge, Boggs,,Write-in,3,1,1,1,0
Jeff Davis,Hazlehurst,Appeals Court Judge, Boggs,,Write-in,0,0,0,0,0
Jeff Davis,Altamaha 1,Appeals Court Judge, Boggs,,Write-in,1,0,0,1,0
Jeff Davis,Altamaha 2,Appeals Court Judge, Boggs,,Write-in,0,0,0,0,0
Jeff Davis,Blackburn 1,Appeals Court Judge, Boggs,,Write-in,0,0,0,0,0
Jeff Davis,Blackburn 2,Appeals Court Judge, Boggs,,Write-in,0,0,0,0,0
Jeff Davis,Whitehead 1,Appeals Court Judge, Boggs,,Write-in,1,0,1,0,0
Jeff Davis,Whitehead 2,Appeals Court Judge, Boggs,,Write-in,0,0,0,0,0
Jeff Davis,Ocmulgee 1,Appeals Court Judge, Boggs,,Write-in,1,1,0,0,0
Jeff Davis,Ocmulgee 2,Appeals Court Judge, Boggs,,Write-in,0,0,0,0,0
Jeff Davis,,Appeals Court Judge, Dillard,,STEPHEN DILLARD ,2364,51,1531,780,2
Jeff Davis,Hazlehurst,Appeals Court Judge, Dillard,,STEPHEN DILLARD ,324,9,222,93,0
Jeff Davis,Altamaha 1,Appeals Court Judge, Dillard,,STEPHEN DILLARD ,200,3,112,85,0
Jeff Davis,Altamaha 2,Appeals Court Judge, Dillard,,STEPHEN DILLARD ,408,4,246,158,0
Jeff Davis,Blackburn 1,Appeals Court Judge, Dillard,,STEPHEN DILLARD ,203,4,129,69,1
Jeff Davis,Blackburn 2,Appeals Court Judge, Dillard,,STEPHEN DILLARD ,206,8,164,34,0
Jeff Davis,Whitehead 1,Appeals Court Judge, Dillard,,STEPHEN DILLARD ,279,7,155,117,0
Jeff Davis,Whitehead 2,Appeals Court Judge, Dillard,,STEPHEN DILLARD ,214,4,163,46,1
Jeff Davis,Ocmulgee 1,Appeals Court Judge, Dillard,,STEPHEN DILLARD ,415,11,261,143,0
Jeff Davis,Ocmulgee 2,Appeals Court Judge, Dillard,,STEPHEN DILLARD ,115,1,79,35,0
Jeff Davis,,Appeals Court Judge, Dillard,,Write-in,2,1,0,1,0
Jeff Davis,Hazlehurst,Appeals Court Judge, Dillard,,Write-in,0,0,0,0,0
Jeff Davis,Altamaha 1,Appeals Court Judge, Dillard,,Write-in,1,0,0,1,0
Jeff Davis,Altamaha 2,Appeals Court Judge, Dillard,,Write-in,0,0,0,0,0
Jeff Davis,Blackburn 1,Appeals Court Judge, Dillard,,Write-in,0,0,0,0,0
Jeff Davis,Blackburn 2,Appeals Court Judge, Dillard,,Write-in,0,0,0,0,0
Jeff Davis,Whitehead 1,Appeals Court Judge, Dillard,,Write-in,0,0,0,0,0
Jeff Davis,Whitehead 2,Appeals Court Judge, Dillard,,Write-in,0,0,0,0,0
Jeff Davis,Ocmulgee 1,Appeals Court Judge, Dillard,,Write-in,1,1,0,0,0
Jeff Davis,Ocmulgee 2,Appeals Court Judge, Dillard,,Write-in,0,0,0,0,0
Jeff Davis,,Appeals Court Judge, Ellington,,JOHN J. ELLINGTON,2355,51,1527,776,1
Jeff Davis,Hazlehurst,Appeals Court Judge, Ellington,,JOHN J. ELLINGTON,320,9,218,93,0
Jeff Davis,Altamaha 1,Appeals Court Judge, Ellington,,JOHN J. ELLINGTON,201,3,111,87,0
Jeff Davis,Altamaha 2,Appeals Court Judge, Ellington,,JOHN J. ELLINGTON,406,4,245,157,0
Jeff Davis,Blackburn 1,Appeals Court Judge, Ellington,,JOHN J. ELLINGTON,205,4,131,70,0
Jeff Davis,Blackburn 2,Appeals Court Judge, Ellington,,JOHN J. ELLINGTON,206,8,164,34,0
Jeff Davis,Whitehead 1,Appeals Court Judge, Ellington,,JOHN J. ELLINGTON,273,7,152,114,0
Jeff Davis,Whitehead 2,Appeals Court Judge, Ellington,,JOHN J. ELLINGTON,212,4,159,48,1
Jeff Davis,Ocmulgee 1,Appeals Court Judge, Ellington,,JOHN J. ELLINGTON,415,11,266,138,0
Jeff Davis,Ocmulgee 2,Appeals Court Judge, Ellington,,JOHN J. ELLINGTON,117,1,81,35,0
Jeff Davis,,Appeals Court Judge, Ellington,,Write-in,3,1,1,1,0
Jeff Davis,Hazlehurst,Appeals Court Judge, Ellington,,Write-in,0,0,0,0,0
Jeff Davis,Altamaha 1,Appeals Court Judge, Ellington,,Write-in,2,0,1,1,0
Jeff Davis,Altamaha 2,Appeals Court Judge, Ellington,,Write-in,0,0,0,0,0
Jeff Davis,Blackburn 1,Appeals Court Judge, Ellington,,Write-in,0,0,0,0,0
Jeff Davis,Blackburn 2,Appeals Court Judge, Ellington,,Write-in,0,0,0,0,0
Jeff Davis,Whitehead 1,Appeals Court Judge, Ellington,,Write-in,0,0,0,0,0
Jeff Davis,Whitehead 2,Appeals Court Judge, Ellington,,Write-in,0,0,0,0,0
Jeff Davis,Ocmulgee 1,Appeals Court Judge, Ellington,,Write-in,1,1,0,0,0
Jeff Davis,Ocmulgee 2,Appeals Court Judge, Ellington,,Write-in,0,0,0,0,0
Jeff Davis,,Appeals Court Judge, Miller,,M. YVETTE MILLER ,2332,50,1513,768,1
Jeff Davis,Hazlehurst,Appeals Court Judge, Miller,,M. YVETTE MILLER ,321,8,218,95,0
Jeff Davis,Altamaha 1,Appeals Court Judge, Miller,,M. YVETTE MILLER ,195,3,109,83,0
Jeff Davis,Altamaha 2,Appeals Court Judge, Miller,,M. YVETTE MILLER ,401,4,242,155,0
Jeff Davis,Blackburn 1,Appeals Court Judge, Miller,,M. YVETTE MILLER ,200,4,130,66,0
Jeff Davis,Blackburn 2,Appeals Court Judge, Miller,,M. YVETTE MILLER ,208,8,167,33,0
Jeff Davis,Whitehead 1,Appeals Court Judge, Miller,,M. YVETTE MILLER ,271,7,149,115,0
Jeff Davis,Whitehead 2,Appeals Court Judge, Miller,,M. YVETTE MILLER ,207,4,156,46,1
Jeff Davis,Ocmulgee 1,Appeals Court Judge, Miller,,M. YVETTE MILLER ,416,11,264,141,0
Jeff Davis,Ocmulgee 2,Appeals Court Judge, Miller,,M. YVETTE MILLER ,113,1,78,34,0
Jeff Davis,,Appeals Court Judge, Miller,,Write-in,2,1,0,1,0
Jeff Davis,Hazlehurst,Appeals Court Judge, Miller,,Write-in,0,0,0,0,0
Jeff Davis,Altamaha 1,Appeals Court Judge, Miller,,Write-in,1,0,0,1,0
Jeff Davis,Altamaha 2,Appeals Court Judge, Miller,,Write-in,0,0,0,0,0
Jeff Davis,Blackburn 1,Appeals Court Judge, Miller,,Write-in,0,0,0,0,0
Jeff Davis,Blackburn 2,Appeals Court Judge, Miller,,Write-in,0,0,0,0,0
Jeff Davis,Whitehead 1,Appeals Court Judge, Miller,,Write-in,0,0,0,0,0
Jeff Davis,Whitehead 2,Appeals Court Judge, Miller,,Write-in,0,0,0,0,0
Jeff Davis,Ocmulgee 1,Appeals Court Judge, Miller,,Write-in,1,1,0,0,0
Jeff Davis,Ocmulgee 2,Appeals Court Judge, Miller,,Write-in,0,0,0,0,0
Jeff Davis,,Appeals Court Judge, Phipps,,HERBERT PHIPPS ,2330,50,1513,766,1
Jeff Davis,Hazlehurst,Appeals Court Judge, Phipps,,HERBERT PHIPPS ,318,9,217,92,0
Jeff Davis,Altamaha 1,Appeals Court Judge, Phipps,,HERBERT PHIPPS ,198,3,110,85,0
Jeff Davis,Altamaha 2,Appeals Court Judge, Phipps,,HERBERT PHIPPS ,401,4,242,155,0
Jeff Davis,Blackburn 1,Appeals Court Judge, Phipps,,HERBERT PHIPPS ,202,4,131,67,0
Jeff Davis,Blackburn 2,Appeals Court Judge, Phipps,,HERBERT PHIPPS ,204,8,163,33,0
Jeff Davis,Whitehead 1,Appeals Court Judge, Phipps,,HERBERT PHIPPS ,274,7,151,116,0
Jeff Davis,Whitehead 2,Appeals Court Judge, Phipps,,HERBERT PHIPPS ,209,4,157,47,1
Jeff Davis,Ocmulgee 1,Appeals Court Judge, Phipps,,HERBERT PHIPPS ,410,10,262,138,0
Jeff Davis,Ocmulgee 2,Appeals Court Judge, Phipps,,HERBERT PHIPPS ,114,1,80,33,0
Jeff Davis,,Appeals Court Judge, Phipps,,Write-in,3,2,0,1,0
Jeff Davis,Hazlehurst,Appeals Court Judge, Phipps,,Write-in,0,0,0,0,0
Jeff Davis,Altamaha 1,Appeals Court Judge, Phipps,,Write-in,1,0,0,1,0
Jeff Davis,Altamaha 2,Appeals Court Judge, Phipps,,Write-in,0,0,0,0,0
Jeff Davis,Blackburn 1,Appeals Court Judge, Phipps,,Write-in,0,0,0,0,0
Jeff Davis,Blackburn 2,Appeals Court Judge, Phipps,,Write-in,0,0,0,0,0
Jeff Davis,Whitehead 1,Appeals Court Judge, Phipps,,Write-in,0,0,0,0,0
Jeff Davis,Whitehead 2,Appeals Court Judge, Phipps,,Write-in,0,0,0,0,0
Jeff Davis,Ocmulgee 1,Appeals Court Judge, Phipps,,Write-in,2,2,0,0,0
Jeff Davis,Ocmulgee 2,Appeals Court Judge, Phipps,,Write-in,0,0,0,0,0
Jeff Davis,,Superior Court Judge, Brunswick Circuit (Harrison),,ANTHONY HARRISON,2371,51,1532,787,1
Jeff Davis,Hazlehurst,Superior Court Judge, Brunswick Circuit (Harrison),,ANTHONY HARRISON,335,8,225,102,0
Jeff Davis,Altamaha 1,Superior Court Judge, Brunswick Circuit (Harrison),,ANTHONY HARRISON,197,3,110,84,0
Jeff Davis,Altamaha 2,Superior Court Judge, Brunswick Circuit (Harrison),,ANTHONY HARRISON,409,4,249,156,0
Jeff Davis,Blackburn 1,Superior Court Judge, Brunswick Circuit (Harrison),,ANTHONY HARRISON,201,4,129,68,0
Jeff Davis,Blackburn 2,Superior Court Judge, Brunswick Circuit (Harrison),,ANTHONY HARRISON,204,8,161,35,0
Jeff Davis,Whitehead 1,Superior Court Judge, Brunswick Circuit (Harrison),,ANTHONY HARRISON,277,8,154,115,0
Jeff Davis,Whitehead 2,Superior Court Judge, Brunswick Circuit (Harrison),,ANTHONY HARRISON,209,4,157,47,1
Jeff Davis,Ocmulgee 1,Superior Court Judge, Brunswick Circuit (Harrison),,ANTHONY HARRISON,421,11,266,144,0
Jeff Davis,Ocmulgee 2,Superior Court Judge, Brunswick Circuit (Harrison),,ANTHONY HARRISON,118,1,81,36,0
Jeff Davis,,Superior Court Judge, Brunswick Circuit (Harrison),,Write-in,3,1,1,1,0
Jeff Davis,Hazlehurst,Superior Court Judge, Brunswick Circuit (Harrison),,Write-in,0,0,0,0,0
Jeff Davis,Altamaha 1,Superior Court Judge, Brunswick Circuit (Harrison),,Write-in,1,0,0,1,0
Jeff Davis,Altamaha 2,Superior Court Judge, Brunswick Circuit (Harrison),,Write-in,0,0,0,0,0
Jeff Davis,Blackburn 1,Superior Court Judge, Brunswick Circuit (Harrison),,Write-in,0,0,0,0,0
Jeff Davis,Blackburn 2,Superior Court Judge, Brunswick Circuit (Harrison),,Write-in,0,0,0,0,0
Jeff Davis,Whitehead 1,Superior Court Judge, Brunswick Circuit (Harrison),,Write-in,1,0,1,0,0
Jeff Davis,Whitehead 2,Superior Court Judge, Brunswick Circuit (Harrison),,Write-in,0,0,0,0,0
Jeff Davis,Ocmulgee 1,Superior Court Judge, Brunswick Circuit (Harrison),,Write-in,1,1,0,0,0
Jeff Davis,Ocmulgee 2,Superior Court Judge, Brunswick Circuit (Harrison),,Write-in,0,0,0,0,0
Jeff Davis,,Superior Court Judge, Brunswick Circuit (Kelley),,STEPHEN D. KELLEY,2561,53,1649,858,1
Jeff Davis,Hazlehurst,Superior Court Judge, Brunswick Circuit (Kelley),,STEPHEN D. KELLEY,362,9,250,103,0
Jeff Davis,Altamaha 1,Superior Court Judge, Brunswick Circuit (Kelley),,STEPHEN D. KELLEY,212,3,120,89,0
Jeff Davis,Altamaha 2,Superior Court Judge, Brunswick Circuit (Kelley),,STEPHEN D. KELLEY,433,4,263,166,0
Jeff Davis,Blackburn 1,Superior Court Judge, Brunswick Circuit (Kelley),,STEPHEN D. KELLEY,219,4,138,77,0
Jeff Davis,Blackburn 2,Superior Court Judge, Brunswick Circuit (Kelley),,STEPHEN D. KELLEY,219,8,172,39,0
Jeff Davis,Whitehead 1,Superior Court Judge, Brunswick Circuit (Kelley),,STEPHEN D. KELLEY,297,8,164,125,0
Jeff Davis,Whitehead 2,Superior Court Judge, Brunswick Circuit (Kelley),,STEPHEN D. KELLEY,232,5,175,51,1
Jeff Davis,Ocmulgee 1,Superior Court Judge, Brunswick Circuit (Kelley),,STEPHEN D. KELLEY,460,11,282,167,0
Jeff Davis,Ocmulgee 2,Superior Court Judge, Brunswick Circuit (Kelley),,STEPHEN D. KELLEY,127,1,85,41,0
Jeff Davis,,Superior Court Judge, Brunswick Circuit (Kelley),,Write-in,3,1,1,1,0
Jeff Davis,Hazlehurst,Superior Court Judge, Brunswick Circuit (Kelley),,Write-in,0,0,0,0,0
Jeff Davis,Altamaha 1,Superior Court Judge, Brunswick Circuit (Kelley),,Write-in,1,0,0,1,0
Jeff Davis,Altamaha 2,Superior Court Judge, Brunswick Circuit (Kelley),,Write-in,0,0,0,0,0
Jeff Davis,Blackburn 1,Superior Court Judge, Brunswick Circuit (Kelley),,Write-in,0,0,0,0,0
Jeff Davis,Blackburn 2,Superior Court Judge, Brunswick Circuit (Kelley),,Write-in,0,0,0,0,0
Jeff Davis,Whitehead 1,Superior Court Judge, Brunswick Circuit (Kelley),,Write-in,1,0,1,0,0
Jeff Davis,Whitehead 2,Superior Court Judge, Brunswick Circuit (Kelley),,Write-in,0,0,0,0,0
Jeff Davis,Ocmulgee 1,Superior Court Judge, Brunswick Circuit (Kelley),,Write-in,1,1,0,0,0
Jeff Davis,Ocmulgee 2,Superior Court Judge, Brunswick Circuit (Kelley),,Write-in,0,0,0,0,0
Jeff Davis,,Superior Court Judge, Brunswick Circuit (Scarlett),,STEPHEN SCARLETT ,2430,53,1555,821,1
Jeff Davis,Hazlehurst,Superior Court Judge, Brunswick Circuit (Scarlett),,STEPHEN SCARLETT ,327,9,219,99,0
Jeff Davis,Altamaha 1,Superior Court Judge, Brunswick Circuit (Scarlett),,STEPHEN SCARLETT ,203,3,114,86,0
Jeff Davis,Altamaha 2,Superior Court Judge, Brunswick Circuit (Scarlett),,STEPHEN SCARLETT ,420,4,254,162,0
Jeff Davis,Blackburn 1,Superior Court Judge, Brunswick Circuit (Scarlett),,STEPHEN SCARLETT ,212,4,132,76,0
Jeff Davis,Blackburn 2,Superior Court Judge, Brunswick Circuit (Scarlett),,STEPHEN SCARLETT ,210,8,166,36,0
Jeff Davis,Whitehead 1,Superior Court Judge, Brunswick Circuit (Scarlett),,STEPHEN SCARLETT ,285,8,159,118,0
Jeff Davis,Whitehead 2,Superior Court Judge, Brunswick Circuit (Scarlett),,STEPHEN SCARLETT ,219,5,162,51,1
Jeff Davis,Ocmulgee 1,Superior Court Judge, Brunswick Circuit (Scarlett),,STEPHEN SCARLETT ,435,11,269,155,0
Jeff Davis,Ocmulgee 2,Superior Court Judge, Brunswick Circuit (Scarlett),,STEPHEN SCARLETT ,119,1,80,38,0
Jeff Davis,,Superior Court Judge, Brunswick Circuit (Scarlett),,Write-in,3,1,1,1,0
Jeff Davis,Hazlehurst,Superior Court Judge, Brunswick Circuit (Scarlett),,Write-in,0,0,0,0,0
Jeff Davis,Altamaha 1,Superior Court Judge, Brunswick Circuit (Scarlett),,Write-in,1,0,0,1,0
Jeff Davis,Altamaha 2,Superior Court Judge, Brunswick Circuit (Scarlett),,Write-in,0,0,0,0,0
Jeff Davis,Blackburn 1,Superior Court Judge, Brunswick Circuit (Scarlett),,Write-in,0,0,0,0,0
Jeff Davis,Blackburn 2,Superior Court Judge, Brunswick Circuit (Scarlett),,Write-in,0,0,0,0,0
Jeff Davis,Whitehead 1,Superior Court Judge, Brunswick Circuit (Scarlett),,Write-in,1,0,1,0,0
Jeff Davis,Whitehead 2,Superior Court Judge, Brunswick Circuit (Scarlett),,Write-in,0,0,0,0,0
Jeff Davis,Ocmulgee 1,Superior Court Judge, Brunswick Circuit (Scarlett),,Write-in,1,1,0,0,0
Jeff Davis,Ocmulgee 2,Superior Court Judge, Brunswick Circuit (Scarlett),,Write-in,0,0,0,0,0
Jeff Davis,,Superior Court Judge, Brunswick Circuit (Wilkes),,E. M. WILKES III ,3006,60,1925,1020,1
Jeff Davis,Hazlehurst,Superior Court Judge, Brunswick Circuit (Wilkes),,E. M. WILKES III ,408,10,278,120,0
Jeff Davis,Altamaha 1,Superior Court Judge, Brunswick Circuit (Wilkes),,E. M. WILKES III ,267,3,148,116,0
Jeff Davis,Altamaha 2,Superior Court Judge, Brunswick Circuit (Wilkes),,E. M. WILKES III ,525,5,317,203,0
Jeff Davis,Blackburn 1,Superior Court Judge, Brunswick Circuit (Wilkes),,E. M. WILKES III ,248,4,155,89,0
Jeff Davis,Blackburn 2,Superior Court Judge, Brunswick Circuit (Wilkes),,E. M. WILKES III ,263,8,204,51,0
Jeff Davis,Whitehead 1,Superior Court Judge, Brunswick Circuit (Wilkes),,E. M. WILKES III ,357,11,203,143,0
Jeff Davis,Whitehead 2,Superior Court Judge, Brunswick Circuit (Wilkes),,E. M. WILKES III ,266,5,202,58,1
Jeff Davis,Ocmulgee 1,Superior Court Judge, Brunswick Circuit (Wilkes),,E. M. WILKES III ,518,13,314,191,0
Jeff Davis,Ocmulgee 2,Superior Court Judge, Brunswick Circuit (Wilkes),,E. M. WILKES III ,154,1,104,49,0
Jeff Davis,,Superior Court Judge, Brunswick Circuit (Wilkes),,Write-in,6,2,3,1,0
Jeff Davis,Hazlehurst,Superior Court Judge, Brunswick Circuit (Wilkes),,Write-in,2,1,0,1,0
Jeff Davis,Altamaha 1,Superior Court Judge, Brunswick Circuit (Wilkes),,Write-in,1,0,1,0,0
Jeff Davis,Altamaha 2,Superior Court Judge, Brunswick Circuit (Wilkes),,Write-in,1,0,1,0,0
Jeff Davis,Blackburn 1,Superior Court Judge, Brunswick Circuit (Wilkes),,Write-in,0,0,0,0,0
Jeff Davis,Blackburn 2,Superior Court Judge, Brunswick Circuit (Wilkes),,Write-in,0,0,0,0,0
Jeff Davis,Whitehead 1,Superior Court Judge, Brunswick Circuit (Wilkes),,Write-in,1,0,1,0,0
Jeff Davis,Whitehead 2,Superior Court Judge, Brunswick Circuit (Wilkes),,Write-in,0,0,0,0,0
Jeff Davis,Ocmulgee 1,Superior Court Judge, Brunswick Circuit (Wilkes),,Write-in,1,1,0,0,0
Jeff Davis,Ocmulgee 2,Superior Court Judge, Brunswick Circuit (Wilkes),,Write-in,0,0,0,0,0
Jeff Davis,,TSPLOST,,,YES,1908,45,1212,649,2
Jeff Davis,Hazlehurst,TSPLOST,,,YES,287,4,188,95,0
Jeff Davis,Altamaha 1,TSPLOST,,,YES,172,3,95,74,0
Jeff Davis,Altamaha 2,TSPLOST,,,YES,305,5,190,110,0
Jeff Davis,Blackburn 1,TSPLOST,,,YES,158,4,96,57,1
Jeff Davis,Blackburn 2,TSPLOST,,,YES,185,3,137,45,0
Jeff Davis,Whitehead 1,TSPLOST,,,YES,214,10,119,85,0
Jeff Davis,Whitehead 2,TSPLOST,,,YES,168,5,126,36,1
Jeff Davis,Ocmulgee 1,TSPLOST,,,YES,334,10,202,122,0
Jeff Davis,Ocmulgee 2,TSPLOST,,,YES,85,1,59,25,0
Jeff Davis,,TSPLOST,,,NO,1710,35,1138,537,0
Jeff Davis,Hazlehurst,TSPLOST,,,NO,211,14,145,52,0
Jeff Davis,Altamaha 1,TSPLOST,,,NO,147,4,77,66,0
Jeff Davis,Altamaha 2,TSPLOST,,,NO,360,1,227,132,0
Jeff Davis,Blackburn 1,TSPLOST,,,NO,123,0,81,42,0
Jeff Davis,Blackburn 2,TSPLOST,,,NO,146,5,122,19,0
Jeff Davis,Whitehead 1,TSPLOST,,,NO,185,4,115,66,0
Jeff Davis,Whitehead 2,TSPLOST,,,NO,168,0,130,38,0
Jeff Davis,Ocmulgee 1,TSPLOST,,,NO,264,7,169,88,0
Jeff Davis,Ocmulgee 2,TSPLOST,,,NO,106,0,72,34,0
Jeff Davis,,Garbage Pick-Up (S.E.),,,YES,1031,22,650,359,0
Jeff Davis,Hazlehurst,Garbage Pick-Up (S.E.),,,YES,173,5,110,58,0
Jeff Davis,Altamaha 1,Garbage Pick-Up (S.E.),,,YES,119,0,59,60,0
Jeff Davis,Altamaha 2,Garbage Pick-Up (S.E.),,,YES,121,2,75,44,0
Jeff Davis,Blackburn 1,Garbage Pick-Up (S.E.),,,YES,78,2,49,27,0
Jeff Davis,Blackburn 2,Garbage Pick-Up (S.E.),,,YES,88,2,70,16,0
Jeff Davis,Whitehead 1,Garbage Pick-Up (S.E.),,,YES,155,9,93,53,0
Jeff Davis,Whitehead 2,Garbage Pick-Up (S.E.),,,YES,55,0,38,17,0
Jeff Davis,Ocmulgee 1,Garbage Pick-Up (S.E.),,,YES,211,2,138,71,0
Jeff Davis,Ocmulgee 2,Garbage Pick-Up (S.E.),,,YES,31,0,18,13,0
Jeff Davis,,Garbage Pick-Up (S.E.),,,NO,2798,57,1840,899,2
Jeff Davis,Hazlehurst,Garbage Pick-Up (S.E.),,,NO,353,13,245,95,0
Jeff Davis,Altamaha 1,Garbage Pick-Up (S.E.),,,NO,210,6,120,84,0
Jeff Davis,Altamaha 2,Garbage Pick-Up (S.E.),,,NO,591,4,376,211,0
Jeff Davis,Blackburn 1,Garbage Pick-Up (S.E.),,,NO,219,2,134,82,1
Jeff Davis,Blackburn 2,Garbage Pick-Up (S.E.),,,NO,253,6,197,50,0
Jeff Davis,Whitehead 1,Garbage Pick-Up (S.E.),,,NO,275,5,161,109,0
Jeff Davis,Whitehead 2,Garbage Pick-Up (S.E.),,,NO,303,5,236,61,1
Jeff Davis,Ocmulgee 1,Garbage Pick-Up (S.E.),,,NO,413,15,246,152,0
Jeff Davis,Ocmulgee 2,Garbage Pick-Up (S.E.),,,NO,181,1,125,55,0
