county,precinct,office,district,party,candidate,votes,absentee_by_mail,election_day,advance_in_person,provisional
Jasper,,"Public Service Commission, District 3",3,REP,CHUCK EATON (I),1546,109,878,558,1
Jasper,SMITH/JORDAN/LAZENBY,"Public Service Commission, District 3",3,REP,CHUCK EATON (I),87,3,61,23,0
Jasper,WYATT,"Public Service Commission, District 3",3,REP,CHUCK EATON (I),150,7,113,30,0
Jasper,HILLSBORO,"Public Service Commission, District 3",3,REP,CHUCK EATON (I),108,9,79,20,0
Jasper,MONTICELLO,"Public Service Commission, District 3",3,REP,CHUCK EATON (I),608,67,186,354,1
Jasper,MARTIN & BURNEY,"Public Service Commission, District 3",3,REP,CHUCK EATON (I),374,18,253,103,0
Jasper,THOMPSON & BARNES,"Public Service Commission, District 3",3,REP,CHUCK EATON (I),134,2,117,15,0
Jasper,SHADY DALE,"Public Service Commission, District 3",3,REP,CHUCK EATON (I),85,3,69,13,0
Jasper,,"Public Service Commission, District 3",3,REP,MATT REID,1129,47,759,320,3
Jasper,SMITH/JORDAN/LAZENBY,"Public Service Commission, District 3",3,REP,MATT REID,66,0,56,10,0
Jasper,WYATT,"Public Service Commission, District 3",3,REP,MATT REID,174,1,134,39,0
Jasper,HILLSBORO,"Public Service Commission, District 3",3,REP,MATT REID,48,0,38,10,0
Jasper,MONTICELLO,"Public Service Commission, District 3",3,REP,MATT REID,320,20,121,177,2
Jasper,MARTIN & BURNEY,"Public Service Commission, District 3",3,REP,MATT REID,349,19,258,71,1
Jasper,THOMPSON & BARNES,"Public Service Commission, District 3",3,REP,MATT REID,117,5,102,10,0
Jasper,SHADY DALE,"Public Service Commission, District 3",3,REP,MATT REID,55,2,50,3,0
Jasper,,"Public Service Commission, District 3",3,DEM,STEPHEN OPPENHEIMER,389,51,262,76,0
Jasper,SMITH/JORDAN/LAZENBY,"Public Service Commission, District 3",3,DEM,STEPHEN OPPENHEIMER,12,3,9,0,0
Jasper,WYATT,"Public Service Commission, District 3",3,DEM,STEPHEN OPPENHEIMER,34,1,30,3,0
Jasper,HILLSBORO,"Public Service Commission, District 3",3,DEM,STEPHEN OPPENHEIMER,26,4,18,4,0
Jasper,MONTICELLO,"Public Service Commission, District 3",3,DEM,STEPHEN OPPENHEIMER,240,39,151,50,0
Jasper,MARTIN & BURNEY,"Public Service Commission, District 3",3,DEM,STEPHEN OPPENHEIMER,43,2,26,15,0
Jasper,THOMPSON & BARNES,"Public Service Commission, District 3",3,DEM,STEPHEN OPPENHEIMER,13,1,8,4,0
Jasper,SHADY DALE,"Public Service Commission, District 3",3,DEM,STEPHEN OPPENHEIMER,21,1,20,0,0
Jasper,,"Public Service Commission, District 5",5,REP,PAM DAVIDSON,1213,54,813,342,4
Jasper,SMITH/JORDAN/LAZENBY,"Public Service Commission, District 5",5,REP,PAM DAVIDSON,76,3,57,16,0
Jasper,WYATT,"Public Service Commission, District 5",5,REP,PAM DAVIDSON,179,2,140,37,0
Jasper,HILLSBORO,"Public Service Commission, District 5",5,REP,PAM DAVIDSON,58,0,46,12,0
Jasper,MONTICELLO,"Public Service Commission, District 5",5,REP,PAM DAVIDSON,341,23,132,183,3
Jasper,MARTIN & BURNEY,"Public Service Commission, District 5",5,REP,PAM DAVIDSON,372,18,277,76,1
Jasper,THOMPSON & BARNES,"Public Service Commission, District 5",5,REP,PAM DAVIDSON,130,5,112,13,0
Jasper,SHADY DALE,"Public Service Commission, District 5",5,REP,PAM DAVIDSON,57,3,49,5,0
Jasper,,"Public Service Commission, District 5",5,REP,STAN WISE (I),1413,104,782,527,0
Jasper,SMITH/JORDAN/LAZENBY,"Public Service Commission, District 5",5,REP,STAN WISE (I),74,0,56,18,0
Jasper,WYATT,"Public Service Commission, District 5",5,REP,STAN WISE (I),137,6,100,31,0
Jasper,HILLSBORO,"Public Service Commission, District 5",5,REP,STAN WISE (I),99,9,71,19,0
Jasper,MONTICELLO,"Public Service Commission, District 5",5,REP,STAN WISE (I),572,63,167,342,0
Jasper,MARTIN & BURNEY,"Public Service Commission, District 5",5,REP,STAN WISE (I),334,21,219,94,0
Jasper,THOMPSON & BARNES,"Public Service Commission, District 5",5,REP,STAN WISE (I),115,2,100,13,0
Jasper,SHADY DALE,"Public Service Commission, District 5",5,REP,STAN WISE (I),82,3,69,10,0
Jasper,,"U.S. Representative, District 10",10,REP,PAUL C. BROUN (I),1810,102,1055,652,1
Jasper,SMITH/JORDAN/LAZENBY,"U.S. Representative, District 10",10,REP,PAUL C. BROUN (I),99,0,79,20,0
Jasper,WYATT,"U.S. Representative, District 10",10,REP,PAUL C. BROUN (I),199,7,147,45,0
Jasper,HILLSBORO,"U.S. Representative, District 10",10,REP,PAUL C. BROUN (I),112,2,90,20,0
Jasper,MONTICELLO,"U.S. Representative, District 10",10,REP,PAUL C. BROUN (I),687,57,216,413,1
Jasper,MARTIN & BURNEY,"U.S. Representative, District 10",10,REP,PAUL C. BROUN (I),444,26,299,119,0
Jasper,THOMPSON & BARNES,"U.S. Representative, District 10",10,REP,PAUL C. BROUN (I),172,5,148,19,0
Jasper,SHADY DALE,"U.S. Representative, District 10",10,REP,PAUL C. BROUN (I),97,5,76,16,0
Jasper,,"U.S. Representative, District 10",10,REP,STEPHEN K. SIMPSON,971,64,646,258,3
Jasper,SMITH/JORDAN/LAZENBY,"U.S. Representative, District 10",10,REP,STEPHEN K. SIMPSON,59,3,44,12,0
Jasper,WYATT,"U.S. Representative, District 10",10,REP,STEPHEN K. SIMPSON,132,1,106,25,0
Jasper,HILLSBORO,"U.S. Representative, District 10",10,REP,STEPHEN K. SIMPSON,53,7,34,12,0
Jasper,MONTICELLO,"U.S. Representative, District 10",10,REP,STEPHEN K. SIMPSON,279,32,102,143,2
Jasper,MARTIN & BURNEY,"U.S. Representative, District 10",10,REP,STEPHEN K. SIMPSON,304,16,228,59,1
Jasper,THOMPSON & BARNES,"U.S. Representative, District 10",10,REP,STEPHEN K. SIMPSON,92,4,82,6,0
Jasper,SHADY DALE,"U.S. Representative, District 10",10,REP,STEPHEN K. SIMPSON,52,1,50,1,0
Jasper,,"State Senator, District 25",25,REP,JOHNNY GRANT (I),1151,109,637,403,2
Jasper,SMITH/JORDAN/LAZENBY,"State Senator, District 25",25,REP,JOHNNY GRANT (I),64,3,48,13,0
Jasper,WYATT,"State Senator, District 25",25,REP,JOHNNY GRANT (I),135,7,102,26,0
Jasper,HILLSBORO,"State Senator, District 25",25,REP,JOHNNY GRANT (I),69,8,48,13,0
Jasper,MONTICELLO,"State Senator, District 25",25,REP,JOHNNY GRANT (I),457,59,132,264,2
Jasper,MARTIN & BURNEY,"State Senator, District 25",25,REP,JOHNNY GRANT (I),244,25,152,67,0
Jasper,THOMPSON & BARNES,"State Senator, District 25",25,REP,JOHNNY GRANT (I),116,5,96,15,0
Jasper,SHADY DALE,"State Senator, District 25",25,REP,JOHNNY GRANT (I),66,2,59,5,0
Jasper,,"State Senator, District 25",25,REP,BURT JONES,1644,72,1037,533,2
Jasper,SMITH/JORDAN/LAZENBY,"State Senator, District 25",25,REP,BURT JONES,98,0,76,22,0
Jasper,WYATT,"State Senator, District 25",25,REP,BURT JONES,171,3,129,39,0
Jasper,HILLSBORO,"State Senator, District 25",25,REP,BURT JONES,101,0,81,20,0
Jasper,MONTICELLO,"State Senator, District 25",25,REP,BURT JONES,559,42,198,318,1
Jasper,MARTIN & BURNEY,"State Senator, District 25",25,REP,BURT JONES,487,18,359,109,1
Jasper,THOMPSON & BARNES,"State Senator, District 25",25,REP,BURT JONES,147,4,128,15,0
Jasper,SHADY DALE,"State Senator, District 25",25,REP,BURT JONES,81,5,66,10,0
Jasper,,"State Senator, District 25",25,DEM,DARRELL BLACK,394,51,270,73,0
Jasper,SMITH/JORDAN/LAZENBY,"State Senator, District 25",25,DEM,DARRELL BLACK,11,2,9,0,0
Jasper,WYATT,"State Senator, District 25",25,DEM,DARRELL BLACK,41,1,35,5,0
Jasper,HILLSBORO,"State Senator, District 25",25,DEM,DARRELL BLACK,24,4,17,3,0
Jasper,MONTICELLO,"State Senator, District 25",25,DEM,DARRELL BLACK,236,39,150,47,0
Jasper,MARTIN & BURNEY,"State Senator, District 25",25,DEM,DARRELL BLACK,43,3,26,14,0
Jasper,THOMPSON & BARNES,"State Senator, District 25",25,DEM,DARRELL BLACK,14,1,9,4,0
Jasper,SHADY DALE,"State Senator, District 25",25,DEM,DARRELL BLACK,25,1,24,0,0
Jasper,,"State Representative, District 129",129,REP,SUSAN HOLMES (I),2473,155,1469,846,3
Jasper,SMITH/JORDAN/LAZENBY,"State Representative, District 129",129,REP,SUSAN HOLMES (I),147,2,110,35,0
Jasper,WYATT,"State Representative, District 129",129,REP,SUSAN HOLMES (I),288,8,211,69,0
Jasper,HILLSBORO,"State Representative, District 129",129,REP,SUSAN HOLMES (I),149,8,110,31,0
Jasper,MONTICELLO,"State Representative, District 129",129,REP,SUSAN HOLMES (I),903,92,290,518,3
Jasper,MARTIN & BURNEY,"State Representative, District 129",129,REP,SUSAN HOLMES (I),637,34,451,152,0
Jasper,THOMPSON & BARNES,"State Representative, District 129",129,REP,SUSAN HOLMES (I),217,6,185,26,0
Jasper,SHADY DALE,"State Representative, District 129",129,REP,SUSAN HOLMES (I),132,5,112,15,0
Jasper,,"District Attorney, Ocmulgee Circuit", Ocmulgee Circuit - DEM,DEM,FRED BRIGHT (I),417,54,280,83,0
Jasper,SMITH/JORDAN/LAZENBY,"District Attorney, Ocmulgee Circuit", Ocmulgee Circuit - DEM,DEM,FRED BRIGHT (I),11,2,9,0,0
Jasper,WYATT,"District Attorney, Ocmulgee Circuit", Ocmulgee Circuit - DEM,DEM,FRED BRIGHT (I),37,1,33,3,0
Jasper,HILLSBORO,"District Attorney, Ocmulgee Circuit", Ocmulgee Circuit - DEM,DEM,FRED BRIGHT (I),26,4,17,5,0
Jasper,MONTICELLO,"District Attorney, Ocmulgee Circuit", Ocmulgee Circuit - DEM,DEM,FRED BRIGHT (I),259,42,160,57,0
Jasper,MARTIN & BURNEY,"District Attorney, Ocmulgee Circuit", Ocmulgee Circuit - DEM,DEM,FRED BRIGHT (I),44,3,27,14,0
Jasper,THOMPSON & BARNES,"District Attorney, Ocmulgee Circuit", Ocmulgee Circuit - DEM,DEM,FRED BRIGHT (I),14,1,9,4,0
Jasper,SHADY DALE,"District Attorney, Ocmulgee Circuit", Ocmulgee Circuit - DEM,DEM,FRED BRIGHT (I),26,1,25,0,0
Jasper,,SHERIFF,,,"RICHARD ""RICK"" COOK",1053,43,657,353,0
Jasper,SMITH/JORDAN/LAZENBY,SHERIFF,,,"RICHARD ""RICK"" COOK",46,0,38,8,0
Jasper,WYATT,SHERIFF,,,"RICHARD ""RICK"" COOK",180,7,122,51,0
Jasper,HILLSBORO,SHERIFF,,,"RICHARD ""RICK"" COOK",27,0,21,6,0
Jasper,MONTICELLO,SHERIFF,,,"RICHARD ""RICK"" COOK",346,22,120,204,0
Jasper,MARTIN & BURNEY,SHERIFF,,,"RICHARD ""RICK"" COOK",238,6,174,58,0
Jasper,THOMPSON & BARNES,SHERIFF,,,"RICHARD ""RICK"" COOK",78,1,65,12,0
Jasper,SHADY DALE,SHERIFF,,,"RICHARD ""RICK"" COOK",138,7,117,14,0
Jasper,,SHERIFF,,,DONNIE POPE,1874,124,1099,646,5
Jasper,SMITH/JORDAN/LAZENBY,SHERIFF,,,DONNIE POPE,133,3,101,29,0
Jasper,WYATT,SHERIFF,,,DONNIE POPE,176,2,145,29,0
Jasper,HILLSBORO,SHERIFF,,,DONNIE POPE,146,2,117,27,0
Jasper,MONTICELLO,SHERIFF,,,DONNIE POPE,726,73,232,417,4
Jasper,MARTIN & BURNEY,SHERIFF,,,DONNIE POPE,501,36,339,125,1
Jasper,THOMPSON & BARNES,SHERIFF,,,DONNIE POPE,165,8,143,14,0
Jasper,SHADY DALE,SHERIFF,,,DONNIE POPE,27,0,22,5,0
Jasper,,SHERIFF,,,BOB YARBROUGH,182,34,119,29,0
Jasper,SMITH/JORDAN/LAZENBY,SHERIFF,,,BOB YARBROUGH,3,0,1,2,0
Jasper,WYATT,SHERIFF,,,BOB YARBROUGH,12,1,10,1,0
Jasper,HILLSBORO,SHERIFF,,,BOB YARBROUGH,13,7,5,1,0
Jasper,MONTICELLO,SHERIFF,,,BOB YARBROUGH,33,16,11,6,0
Jasper,MARTIN & BURNEY,SHERIFF,,,BOB YARBROUGH,72,8,51,13,0
Jasper,THOMPSON & BARNES,SHERIFF,,,BOB YARBROUGH,47,2,39,6,0
Jasper,SHADY DALE,SHERIFF,,,BOB YARBROUGH,2,0,2,0,0
Jasper,,SHERIFF,,,GREGORY SANDS,480,56,322,101,1
Jasper,SMITH/JORDAN/LAZENBY,SHERIFF,,,GREGORY SANDS,10,3,7,0,0
Jasper,WYATT,SHERIFF,,,GREGORY SANDS,46,1,40,5,0
Jasper,HILLSBORO,SHERIFF,,,GREGORY SANDS,29,4,19,6,0
Jasper,MONTICELLO,SHERIFF,,,GREGORY SANDS,304,43,186,74,1
Jasper,MARTIN & BURNEY,SHERIFF,,,GREGORY SANDS,47,3,33,11,0
Jasper,THOMPSON & BARNES,SHERIFF,,,GREGORY SANDS,16,1,10,5,0
Jasper,SHADY DALE,SHERIFF,,,GREGORY SANDS,28,1,27,0,0
Jasper,,TAX COMMISSIONER,,,ANGIE T. STEELE,704,39,468,195,2
Jasper,SMITH/JORDAN/LAZENBY,TAX COMMISSIONER,,,ANGIE T. STEELE,33,0,24,9,0
Jasper,WYATT,TAX COMMISSIONER,,,ANGIE T. STEELE,117,4,94,19,0
Jasper,HILLSBORO,TAX COMMISSIONER,,,ANGIE T. STEELE,20,0,18,2,0
Jasper,MONTICELLO,TAX COMMISSIONER,,,ANGIE T. STEELE,174,16,60,96,2
Jasper,MARTIN & BURNEY,TAX COMMISSIONER,,,ANGIE T. STEELE,243,16,174,53,0
Jasper,THOMPSON & BARNES,TAX COMMISSIONER,,,ANGIE T. STEELE,84,3,70,11,0
Jasper,SHADY DALE,TAX COMMISSIONER,,,ANGIE T. STEELE,33,0,28,5,0
Jasper,,TAX COMMISSIONER,,,ANGELA S. WALSH,2246,148,1298,798,2
Jasper,SMITH/JORDAN/LAZENBY,TAX COMMISSIONER,,,ANGELA S. WALSH,146,3,112,31,0
Jasper,WYATT,TAX COMMISSIONER,,,ANGELA S. WALSH,226,3,167,56,0
Jasper,HILLSBORO,TAX COMMISSIONER,,,ANGELA S. WALSH,161,9,120,32,0
Jasper,MONTICELLO,TAX COMMISSIONER,,,ANGELA S. WALSH,894,91,289,513,1
Jasper,MARTIN & BURNEY,TAX COMMISSIONER,,,ANGELA S. WALSH,509,29,346,133,1
Jasper,THOMPSON & BARNES,TAX COMMISSIONER,,,ANGELA S. WALSH,190,7,163,20,0
Jasper,SHADY DALE,TAX COMMISSIONER,,,ANGELA S. WALSH,120,6,101,13,0
Jasper,,SURVEYOR,,,LINDA H. JORDAN ,2545,158,1527,856,4
Jasper,SMITH/JORDAN/LAZENBY,SURVEYOR,,,LINDA H. JORDAN ,155,3,117,35,0
Jasper,WYATT,SURVEYOR,,,LINDA H. JORDAN ,291,8,217,66,0
Jasper,HILLSBORO,SURVEYOR,,,LINDA H. JORDAN ,161,9,122,30,0
Jasper,MONTICELLO,SURVEYOR,,,LINDA H. JORDAN ,919,92,296,527,4
Jasper,MARTIN & BURNEY,SURVEYOR,,,LINDA H. JORDAN ,654,35,464,155,0
Jasper,THOMPSON & BARNES,SURVEYOR,,,LINDA H. JORDAN ,227,5,195,27,0
Jasper,SHADY DALE,SURVEYOR,,,LINDA H. JORDAN ,138,6,116,16,0
Jasper,,CORONER,,,MICHELLE HADDOCK,2213,118,1387,705,3
Jasper,SMITH/JORDAN/LAZENBY,CORONER,,,MICHELLE HADDOCK,129,3,97,29,0
Jasper,WYATT,CORONER,,,MICHELLE HADDOCK,285,6,218,61,0
Jasper,HILLSBORO,CORONER,,,MICHELLE HADDOCK,127,7,97,23,0
Jasper,MONTICELLO,CORONER,,,MICHELLE HADDOCK,719,58,243,415,3
Jasper,MARTIN & BURNEY,CORONER,,,MICHELLE HADDOCK,618,32,445,141,0
Jasper,THOMPSON & BARNES,CORONER,,,MICHELLE HADDOCK,212,6,185,21,0
Jasper,SHADY DALE,CORONER,,,MICHELLE HADDOCK,123,6,102,15,0
Jasper,,CORONER,,,BILLY NORRIS ,432,55,291,86,0
Jasper,SMITH/JORDAN/LAZENBY,CORONER,,,BILLY NORRIS ,11,3,8,0,0
Jasper,WYATT,CORONER,,,BILLY NORRIS ,41,1,37,3,0
Jasper,HILLSBORO,CORONER,,,BILLY NORRIS ,23,4,16,3,0
Jasper,MONTICELLO,CORONER,,,BILLY NORRIS ,267,43,164,60,0
Jasper,MARTIN & BURNEY,CORONER,,,BILLY NORRIS ,47,2,30,15,0
Jasper,THOMPSON & BARNES,CORONER,,,BILLY NORRIS ,17,1,11,5,0
Jasper,SHADY DALE,CORONER,,,BILLY NORRIS ,26,1,25,0,0
Jasper,,CC D1,,,CARL PENNAMON ,229,39,146,43,1
Jasper,HILLSBORO,CC D1,,,CARL PENNAMON ,19,4,14,1,0
Jasper,MONTICELLO,CC D1,,,CARL PENNAMON ,210,35,132,42,1
Jasper,,CC D2,,,DAVID BRYANT,164,9,112,43,0
Jasper,WYATT,CC D2,,,DAVID BRYANT,52,1,45,6,0
Jasper,MONTICELLO,CC D2,,,DAVID BRYANT,54,7,19,28,0
Jasper,SHADY DALE,CC D2,,,DAVID BRYANT,58,1,48,9,0
Jasper,,CC D2,,,BRUCE HENRY,275,24,151,100,0
Jasper,WYATT,CC D2,,,BRUCE HENRY,68,6,42,20,0
Jasper,MONTICELLO,CC D2,,,BRUCE HENRY,111,12,28,71,0
Jasper,SHADY DALE,CC D2,,,BRUCE HENRY,96,6,81,9,0
Jasper,,CC D2,,,CHARLES HILL ,114,11,87,16,0
Jasper,WYATT,CC D2,,,CHARLES HILL ,32,1,29,2,0
Jasper,MONTICELLO,CC D2,,,CHARLES HILL ,52,8,30,14,0
Jasper,SHADY DALE,CC D2,,,CHARLES HILL ,30,2,28,0,0
Jasper,,CC D3,,,JACK BERNARD ,300,15,199,84,2
Jasper,SMITH/JORDAN/LAZENBY,CC D3,,,JACK BERNARD ,14,0,10,4,0
Jasper,HILLSBORO,CC D3,,,JACK BERNARD ,16,0,11,5,0
Jasper,MONTICELLO,CC D3,,,JACK BERNARD ,15,2,5,6,2
Jasper,MARTIN & BURNEY,CC D3,,,JACK BERNARD ,255,13,173,69,0
Jasper,,CC D3,,,H. J. NOWETNER,134,5,104,25,0
Jasper,SMITH/JORDAN/LAZENBY,CC D3,,,H. J. NOWETNER,39,0,33,6,0
Jasper,HILLSBORO,CC D3,,,H. J. NOWETNER,37,1,30,6,0
Jasper,MONTICELLO,CC D3,,,H. J. NOWETNER,24,2,13,9,0
Jasper,MARTIN & BURNEY,CC D3,,,H. J. NOWETNER,34,2,28,4,0
Jasper,,CC D3,,,GENE TRAMMELL,428,17,258,151,2
Jasper,SMITH/JORDAN/LAZENBY,CC D3,,,GENE TRAMMELL,129,3,96,30,0
Jasper,HILLSBORO,CC D3,,,GENE TRAMMELL,74,0,64,10,0
Jasper,MONTICELLO,CC D3,,,GENE TRAMMELL,117,9,28,78,2
Jasper,MARTIN & BURNEY,CC D3,,,GENE TRAMMELL,108,5,70,33,0
Jasper,,CC D4,,,JOHN HOOSELINE,160,4,121,34,1
Jasper,MONTICELLO,CC D4,,,JOHN HOOSELINE,21,1,9,11,0
Jasper,MARTIN & BURNEY,CC D4,,,JOHN HOOSELINE,134,3,107,23,1
Jasper,THOMPSON & BARNES,CC D4,,,JOHN HOOSELINE,5,0,5,0,0
Jasper,,CC D4,,,CRAIG SALMON,317,28,147,142,0
Jasper,MONTICELLO,CC D4,,,CRAIG SALMON,204,21,69,114,0
Jasper,MARTIN & BURNEY,CC D4,,,CRAIG SALMON,107,7,73,27,0
Jasper,THOMPSON & BARNES,CC D4,,,CRAIG SALMON,6,0,5,1,0
Jasper,,CC D4,,,LEE SIMMONS,174,19,87,68,0
Jasper,MONTICELLO,CC D4,,,LEE SIMMONS,93,11,32,50,0
Jasper,MARTIN & BURNEY,CC D4,,,LEE SIMMONS,77,8,51,18,0
Jasper,THOMPSON & BARNES,CC D4,,,LEE SIMMONS,4,0,4,0,0
Jasper,,CC D4,,,JOAN C. BELL,42,2,28,12,0
Jasper,MONTICELLO,CC D4,,,JOAN C. BELL,17,1,9,7,0
Jasper,MARTIN & BURNEY,CC D4,,,JOAN C. BELL,24,1,18,5,0
Jasper,THOMPSON & BARNES,CC D4,,,JOAN C. BELL,1,0,1,0,0
Jasper,,CC D5,,,ALAN COX ,219,5,181,33,0
Jasper,WYATT,CC D5,,,ALAN COX ,69,1,55,13,0
Jasper,MONTICELLO,CC D5,,,ALAN COX ,8,0,2,6,0
Jasper,MARTIN & BURNEY,CC D5,,,ALAN COX ,20,1,16,3,0
Jasper,THOMPSON & BARNES,CC D5,,,ALAN COX ,122,3,108,11,0
Jasper,,CC D5,,,DOUG LUKE,394,22,287,85,0
Jasper,WYATT,CC D5,,,DOUG LUKE,158,0,120,38,0
Jasper,MONTICELLO,CC D5,,,DOUG LUKE,36,4,16,16,0
Jasper,MARTIN & BURNEY,CC D5,,,DOUG LUKE,57,10,35,12,0
Jasper,THOMPSON & BARNES,CC D5,,,DOUG LUKE,143,8,116,19,0
Jasper,,Republican Party Question 1<br>Should Georgia have casino gambling with funds going to education?,,REP,YES,1887,105,1174,604,4
Jasper,SMITH/JORDAN/LAZENBY,Republican Party Question 1<br>Should Georgia have casino gambling with funds going to education?,,REP,YES,113,3,90,20,0
Jasper,WYATT,Republican Party Question 1<br>Should Georgia have casino gambling with funds going to education?,,REP,YES,211,0,166,45,0
Jasper,HILLSBORO,Republican Party Question 1<br>Should Georgia have casino gambling with funds going to education?,,REP,YES,119,8,91,20,0
Jasper,MONTICELLO,Republican Party Question 1<br>Should Georgia have casino gambling with funds going to education?,,REP,YES,645,60,220,362,3
Jasper,MARTIN & BURNEY,Republican Party Question 1<br>Should Georgia have casino gambling with funds going to education?,,REP,YES,538,28,380,129,1
Jasper,THOMPSON & BARNES,Republican Party Question 1<br>Should Georgia have casino gambling with funds going to education?,,REP,YES,173,3,151,19,0
Jasper,SHADY DALE,Republican Party Question 1<br>Should Georgia have casino gambling with funds going to education?,,REP,YES,88,3,76,9,0
Jasper,,Republican Party Question 1<br>Should Georgia have casino gambling with funds going to education?,,REP,NO,1198,91,691,415,1
Jasper,SMITH/JORDAN/LAZENBY,Republican Party Question 1<br>Should Georgia have casino gambling with funds going to education?,,REP,NO,71,0,50,21,0
Jasper,WYATT,Republican Party Question 1<br>Should Georgia have casino gambling with funds going to education?,,REP,NO,154,10,109,35,0
Jasper,HILLSBORO,Republican Party Question 1<br>Should Georgia have casino gambling with funds going to education?,,REP,NO,64,1,49,14,0
Jasper,MONTICELLO,Republican Party Question 1<br>Should Georgia have casino gambling with funds going to education?,,REP,NO,444,48,136,259,1
Jasper,MARTIN & BURNEY,Republican Party Question 1<br>Should Georgia have casino gambling with funds going to education?,,REP,NO,274,20,188,66,0
Jasper,THOMPSON & BARNES,Republican Party Question 1<br>Should Georgia have casino gambling with funds going to education?,,REP,NO,116,8,96,12,0
Jasper,SHADY DALE,Republican Party Question 1<br>Should Georgia have casino gambling with funds going to education?,,REP,NO,75,4,63,8,0
Jasper,,Republican Party Question 2<br>Do you support ending the current practice of unlimited gifts from lobbyists to state legislators by imposing a $100 cap on such gifts?,,REP,YES,2565,172,1538,850,5
Jasper,SMITH/JORDAN/LAZENBY,Republican Party Question 2<br>Do you support ending the current practice of unlimited gifts from lobbyists to state legislators by imposing a $100 cap on such gifts?,,REP,YES,154,3,116,35,0
Jasper,WYATT,Republican Party Question 2<br>Do you support ending the current practice of unlimited gifts from lobbyists to state legislators by imposing a $100 cap on such gifts?,,REP,YES,314,10,235,69,0
Jasper,HILLSBORO,Republican Party Question 2<br>Do you support ending the current practice of unlimited gifts from lobbyists to state legislators by imposing a $100 cap on such gifts?,,REP,YES,143,6,113,24,0
Jasper,MONTICELLO,Republican Party Question 2<br>Do you support ending the current practice of unlimited gifts from lobbyists to state legislators by imposing a $100 cap on such gifts?,,REP,YES,885,90,275,516,4
Jasper,MARTIN & BURNEY,Republican Party Question 2<br>Do you support ending the current practice of unlimited gifts from lobbyists to state legislators by imposing a $100 cap on such gifts?,,REP,YES,690,47,475,167,1
Jasper,THOMPSON & BARNES,Republican Party Question 2<br>Do you support ending the current practice of unlimited gifts from lobbyists to state legislators by imposing a $100 cap on such gifts?,,REP,YES,245,10,209,26,0
Jasper,SHADY DALE,Republican Party Question 2<br>Do you support ending the current practice of unlimited gifts from lobbyists to state legislators by imposing a $100 cap on such gifts?,,REP,YES,134,6,115,13,0
Jasper,,Republican Party Question 2<br>Do you support ending the current practice of unlimited gifts from lobbyists to state legislators by imposing a $100 cap on such gifts?,,REP,NO,456,24,286,146,0
Jasper,SMITH/JORDAN/LAZENBY,Republican Party Question 2<br>Do you support ending the current practice of unlimited gifts from lobbyists to state legislators by imposing a $100 cap on such gifts?,,REP,NO,26,0,21,5,0
Jasper,WYATT,Republican Party Question 2<br>Do you support ending the current practice of unlimited gifts from lobbyists to state legislators by imposing a $100 cap on such gifts?,,REP,NO,45,0,34,11,0
Jasper,HILLSBORO,Republican Party Question 2<br>Do you support ending the current practice of unlimited gifts from lobbyists to state legislators by imposing a $100 cap on such gifts?,,REP,NO,29,2,20,7,0
Jasper,MONTICELLO,Republican Party Question 2<br>Do you support ending the current practice of unlimited gifts from lobbyists to state legislators by imposing a $100 cap on such gifts?,,REP,NO,184,17,72,95,0
Jasper,MARTIN & BURNEY,Republican Party Question 2<br>Do you support ending the current practice of unlimited gifts from lobbyists to state legislators by imposing a $100 cap on such gifts?,,REP,NO,111,4,86,21,0
Jasper,THOMPSON & BARNES,Republican Party Question 2<br>Do you support ending the current practice of unlimited gifts from lobbyists to state legislators by imposing a $100 cap on such gifts?,,REP,NO,37,1,33,3,0
Jasper,SHADY DALE,Republican Party Question 2<br>Do you support ending the current practice of unlimited gifts from lobbyists to state legislators by imposing a $100 cap on such gifts?,,REP,NO,24,0,20,4,0
Jasper,,Republican Party Question 3<br>Should active duty military personnel who are under the age of 21 be allowed to obtain a Georgia weapons license?,,REP,YES,2262,149,1387,723,3
Jasper,SMITH/JORDAN/LAZENBY,Republican Party Question 3<br>Should active duty military personnel who are under the age of 21 be allowed to obtain a Georgia weapons license?,,REP,YES,136,3,105,28,0
Jasper,WYATT,Republican Party Question 3<br>Should active duty military personnel who are under the age of 21 be allowed to obtain a Georgia weapons license?,,REP,YES,283,5,224,54,0
Jasper,HILLSBORO,Republican Party Question 3<br>Should active duty military personnel who are under the age of 21 be allowed to obtain a Georgia weapons license?,,REP,YES,140,8,104,28,0
Jasper,MONTICELLO,Republican Party Question 3<br>Should active duty military personnel who are under the age of 21 be allowed to obtain a Georgia weapons license?,,REP,YES,772,82,252,436,2
Jasper,MARTIN & BURNEY,Republican Party Question 3<br>Should active duty military personnel who are under the age of 21 be allowed to obtain a Georgia weapons license?,,REP,YES,576,38,395,142,1
Jasper,THOMPSON & BARNES,Republican Party Question 3<br>Should active duty military personnel who are under the age of 21 be allowed to obtain a Georgia weapons license?,,REP,YES,226,9,195,22,0
Jasper,SHADY DALE,Republican Party Question 3<br>Should active duty military personnel who are under the age of 21 be allowed to obtain a Georgia weapons license?,,REP,YES,129,4,112,13,0
Jasper,,Republican Party Question 3<br>Should active duty military personnel who are under the age of 21 be allowed to obtain a Georgia weapons license?,,REP,NO,803,47,460,294,2
Jasper,SMITH/JORDAN/LAZENBY,Republican Party Question 3<br>Should active duty military personnel who are under the age of 21 be allowed to obtain a Georgia weapons license?,,REP,NO,45,0,33,12,0
Jasper,WYATT,Republican Party Question 3<br>Should active duty military personnel who are under the age of 21 be allowed to obtain a Georgia weapons license?,,REP,NO,80,5,49,26,0
Jasper,HILLSBORO,Republican Party Question 3<br>Should active duty military personnel who are under the age of 21 be allowed to obtain a Georgia weapons license?,,REP,NO,39,1,32,6,0
Jasper,MONTICELLO,Republican Party Question 3<br>Should active duty military personnel who are under the age of 21 be allowed to obtain a Georgia weapons license?,,REP,NO,311,25,100,184,2
Jasper,MARTIN & BURNEY,Republican Party Question 3<br>Should active duty military personnel who are under the age of 21 be allowed to obtain a Georgia weapons license?,,REP,NO,232,12,167,53,0
Jasper,THOMPSON & BARNES,Republican Party Question 3<br>Should active duty military personnel who are under the age of 21 be allowed to obtain a Georgia weapons license?,,REP,NO,62,2,51,9,0
Jasper,SHADY DALE,Republican Party Question 3<br>Should active duty military personnel who are under the age of 21 be allowed to obtain a Georgia weapons license?,,REP,NO,34,2,28,4,0
Jasper,,Republican Party Question 4<br>Should Citizens who wish to vote in a primary election be required to register by their political party affiliation at least thirty (30) days prior to such primary election?,,REP,YES,1385,94,819,469,3
Jasper,SMITH/JORDAN/LAZENBY,Republican Party Question 4<br>Should Citizens who wish to vote in a primary election be required to register by their political party affiliation at least thirty (30) days prior to such primary election?,,REP,YES,78,3,55,20,0
Jasper,WYATT,Republican Party Question 4<br>Should Citizens who wish to vote in a primary election be required to register by their political party affiliation at least thirty (30) days prior to such primary election?,,REP,YES,178,6,135,37,0
Jasper,HILLSBORO,Republican Party Question 4<br>Should Citizens who wish to vote in a primary election be required to register by their political party affiliation at least thirty (30) days prior to such primary election?,,REP,YES,90,3,73,14,0
Jasper,MONTICELLO,Republican Party Question 4<br>Should Citizens who wish to vote in a primary election be required to register by their political party affiliation at least thirty (30) days prior to such primary election?,,REP,YES,480,41,147,290,2
Jasper,MARTIN & BURNEY,Republican Party Question 4<br>Should Citizens who wish to vote in a primary election be required to register by their political party affiliation at least thirty (30) days prior to such primary election?,,REP,YES,350,30,227,92,1
Jasper,THOMPSON & BARNES,Republican Party Question 4<br>Should Citizens who wish to vote in a primary election be required to register by their political party affiliation at least thirty (30) days prior to such primary election?,,REP,YES,128,8,109,11,0
Jasper,SHADY DALE,Republican Party Question 4<br>Should Citizens who wish to vote in a primary election be required to register by their political party affiliation at least thirty (30) days prior to such primary election?,,REP,YES,81,3,73,5,0
Jasper,,Republican Party Question 4<br>Should Citizens who wish to vote in a primary election be required to register by their political party affiliation at least thirty (30) days prior to such primary election?,,REP,NO,1630,103,995,530,2
Jasper,SMITH/JORDAN/LAZENBY,Republican Party Question 4<br>Should Citizens who wish to vote in a primary election be required to register by their political party affiliation at least thirty (30) days prior to such primary election?,,REP,NO,104,0,83,21,0
Jasper,WYATT,Republican Party Question 4<br>Should Citizens who wish to vote in a primary election be required to register by their political party affiliation at least thirty (30) days prior to such primary election?,,REP,NO,180,3,134,43,0
Jasper,HILLSBORO,Republican Party Question 4<br>Should Citizens who wish to vote in a primary election be required to register by their political party affiliation at least thirty (30) days prior to such primary election?,,REP,NO,86,6,62,18,0
Jasper,MONTICELLO,Republican Party Question 4<br>Should Citizens who wish to vote in a primary election be required to register by their political party affiliation at least thirty (30) days prior to such primary election?,,REP,NO,582,67,195,318,2
Jasper,MARTIN & BURNEY,Republican Party Question 4<br>Should Citizens who wish to vote in a primary election be required to register by their political party affiliation at least thirty (30) days prior to such primary election?,,REP,NO,443,21,323,99,0
Jasper,THOMPSON & BARNES,Republican Party Question 4<br>Should Citizens who wish to vote in a primary election be required to register by their political party affiliation at least thirty (30) days prior to such primary election?,,REP,NO,159,3,136,20,0
Jasper,SHADY DALE,Republican Party Question 4<br>Should Citizens who wish to vote in a primary election be required to register by their political party affiliation at least thirty (30) days prior to such primary election?,,REP,NO,76,3,62,11,0
Jasper,,Republican Party Question 5 <br>Life Amendment Question,,REP,YES,1817,96,1131,588,2
Jasper,SMITH/JORDAN/LAZENBY,Republican Party Question 5 <br>Life Amendment Question,,REP,YES,119,3,91,25,0
Jasper,WYATT,Republican Party Question 5 <br>Life Amendment Question,,REP,YES,214,8,156,50,0
Jasper,HILLSBORO,Republican Party Question 5 <br>Life Amendment Question,,REP,YES,114,2,94,18,0
Jasper,MONTICELLO,Republican Party Question 5 <br>Life Amendment Question,,REP,YES,632,55,221,355,1
Jasper,MARTIN & BURNEY,Republican Party Question 5 <br>Life Amendment Question,,REP,YES,464,19,329,115,1
Jasper,THOMPSON & BARNES,Republican Party Question 5 <br>Life Amendment Question,,REP,YES,180,9,155,16,0
Jasper,SHADY DALE,Republican Party Question 5 <br>Life Amendment Question,,REP,YES,94,0,85,9,0
Jasper,,Republican Party Question 5 <br>Life Amendment Question,,REP,NO,1072,82,615,373,2
Jasper,SMITH/JORDAN/LAZENBY,Republican Party Question 5 <br>Life Amendment Question,,REP,NO,52,0,38,14,0
Jasper,WYATT,Republican Party Question 5 <br>Life Amendment Question,,REP,NO,128,2,98,28,0
Jasper,HILLSBORO,Republican Party Question 5 <br>Life Amendment Question,,REP,NO,53,7,31,15,0
Jasper,MONTICELLO,Republican Party Question 5 <br>Life Amendment Question,,REP,NO,377,45,105,225,2
Jasper,MARTIN & BURNEY,Republican Party Question 5 <br>Life Amendment Question,,REP,NO,308,20,215,73,0
Jasper,THOMPSON & BARNES,Republican Party Question 5 <br>Life Amendment Question,,REP,NO,97,2,83,12,0
Jasper,SHADY DALE,Republican Party Question 5 <br>Life Amendment Question,,REP,NO,57,6,45,6,0
Jasper,,Democratic Party Question 1<br>Should the Georgia Constitution be amended to allow the state to override locally-elected school boards’ decisions when it comes to the creation of charter schools in your county or city?,,DEM,YES,262,28,189,44,1
Jasper,SMITH/JORDAN/LAZENBY,Democratic Party Question 1<br>Should the Georgia Constitution be amended to allow the state to override locally-elected school boards’ decisions when it comes to the creation of charter schools in your county or city?,,DEM,YES,6,2,4,0,0
Jasper,WYATT,Democratic Party Question 1<br>Should the Georgia Constitution be amended to allow the state to override locally-elected school boards’ decisions when it comes to the creation of charter schools in your county or city?,,DEM,YES,22,0,18,4,0
Jasper,HILLSBORO,Democratic Party Question 1<br>Should the Georgia Constitution be amended to allow the state to override locally-elected school boards’ decisions when it comes to the creation of charter schools in your county or city?,,DEM,YES,15,3,9,3,0
Jasper,MONTICELLO,Democratic Party Question 1<br>Should the Georgia Constitution be amended to allow the state to override locally-elected school boards’ decisions when it comes to the creation of charter schools in your county or city?,,DEM,YES,163,20,112,30,1
Jasper,MARTIN & BURNEY,Democratic Party Question 1<br>Should the Georgia Constitution be amended to allow the state to override locally-elected school boards’ decisions when it comes to the creation of charter schools in your county or city?,,DEM,YES,25,0,20,5,0
Jasper,THOMPSON & BARNES,Democratic Party Question 1<br>Should the Georgia Constitution be amended to allow the state to override locally-elected school boards’ decisions when it comes to the creation of charter schools in your county or city?,,DEM,YES,9,1,6,2,0
Jasper,SHADY DALE,Democratic Party Question 1<br>Should the Georgia Constitution be amended to allow the state to override locally-elected school boards’ decisions when it comes to the creation of charter schools in your county or city?,,DEM,YES,22,2,20,0,0
Jasper,,Democratic Party Question 1<br>Should the Georgia Constitution be amended to allow the state to override locally-elected school boards’ decisions when it comes to the creation of charter schools in your county or city?,,DEM,NO,275,31,183,61,0
Jasper,SMITH/JORDAN/LAZENBY,Democratic Party Question 1<br>Should the Georgia Constitution be amended to allow the state to override locally-elected school boards’ decisions when it comes to the creation of charter schools in your county or city?,,DEM,NO,9,1,8,0,0
Jasper,WYATT,Democratic Party Question 1<br>Should the Georgia Constitution be amended to allow the state to override locally-elected school boards’ decisions when it comes to the creation of charter schools in your county or city?,,DEM,NO,28,1,26,1,0
Jasper,HILLSBORO,Democratic Party Question 1<br>Should the Georgia Constitution be amended to allow the state to override locally-elected school boards’ decisions when it comes to the creation of charter schools in your county or city?,,DEM,NO,15,1,11,3,0
Jasper,MONTICELLO,Democratic Party Question 1<br>Should the Georgia Constitution be amended to allow the state to override locally-elected school boards’ decisions when it comes to the creation of charter schools in your county or city?,,DEM,NO,170,25,103,42,0
Jasper,MARTIN & BURNEY,Democratic Party Question 1<br>Should the Georgia Constitution be amended to allow the state to override locally-elected school boards’ decisions when it comes to the creation of charter schools in your county or city?,,DEM,NO,35,3,20,12,0
Jasper,THOMPSON & BARNES,Democratic Party Question 1<br>Should the Georgia Constitution be amended to allow the state to override locally-elected school boards’ decisions when it comes to the creation of charter schools in your county or city?,,DEM,NO,7,0,4,3,0
Jasper,SHADY DALE,Democratic Party Question 1<br>Should the Georgia Constitution be amended to allow the state to override locally-elected school boards’ decisions when it comes to the creation of charter schools in your county or city?,,DEM,NO,11,0,11,0,0
Jasper,,Democratic Party Question 2<br>Do you support ending current practice permitting unlimited gifts from lobbyists to state legislators?,,DEM,YES,338,40,229,69,0
Jasper,SMITH/JORDAN/LAZENBY,Democratic Party Question 2<br>Do you support ending current practice permitting unlimited gifts from lobbyists to state legislators?,,DEM,YES,5,0,5,0,0
Jasper,WYATT,Democratic Party Question 2<br>Do you support ending current practice permitting unlimited gifts from lobbyists to state legislators?,,DEM,YES,24,0,21,3,0
Jasper,HILLSBORO,Democratic Party Question 2<br>Do you support ending current practice permitting unlimited gifts from lobbyists to state legislators?,,DEM,YES,18,3,12,3,0
Jasper,MONTICELLO,Democratic Party Question 2<br>Do you support ending current practice permitting unlimited gifts from lobbyists to state legislators?,,DEM,YES,218,32,139,47,0
Jasper,MARTIN & BURNEY,Democratic Party Question 2<br>Do you support ending current practice permitting unlimited gifts from lobbyists to state legislators?,,DEM,YES,43,2,29,12,0
Jasper,THOMPSON & BARNES,Democratic Party Question 2<br>Do you support ending current practice permitting unlimited gifts from lobbyists to state legislators?,,DEM,YES,12,1,7,4,0
Jasper,SHADY DALE,Democratic Party Question 2<br>Do you support ending current practice permitting unlimited gifts from lobbyists to state legislators?,,DEM,YES,18,2,16,0,0
Jasper,,Democratic Party Question 2<br>Do you support ending current practice permitting unlimited gifts from lobbyists to state legislators?,,DEM,NO,206,19,150,36,1
Jasper,SMITH/JORDAN/LAZENBY,Democratic Party Question 2<br>Do you support ending current practice permitting unlimited gifts from lobbyists to state legislators?,,DEM,NO,10,3,7,0,0
Jasper,WYATT,Democratic Party Question 2<br>Do you support ending current practice permitting unlimited gifts from lobbyists to state legislators?,,DEM,NO,26,1,23,2,0
Jasper,HILLSBORO,Democratic Party Question 2<br>Do you support ending current practice permitting unlimited gifts from lobbyists to state legislators?,,DEM,NO,13,1,10,2,0
Jasper,MONTICELLO,Democratic Party Question 2<br>Do you support ending current practice permitting unlimited gifts from lobbyists to state legislators?,,DEM,NO,119,13,79,26,1
Jasper,MARTIN & BURNEY,Democratic Party Question 2<br>Do you support ending current practice permitting unlimited gifts from lobbyists to state legislators?,,DEM,NO,18,1,12,5,0
Jasper,THOMPSON & BARNES,Democratic Party Question 2<br>Do you support ending current practice permitting unlimited gifts from lobbyists to state legislators?,,DEM,NO,4,0,3,1,0
Jasper,SHADY DALE,Democratic Party Question 2<br>Do you support ending current practice permitting unlimited gifts from lobbyists to state legislators?,,DEM,NO,16,0,16,0,0
Jasper,,Democratic Party Question 3<br>Should Georgia adopt an income tax credit for home energy costs to support the economic security of our families?,,DEM,YES,427,45,290,91,1
Jasper,SMITH/JORDAN/LAZENBY,Democratic Party Question 3<br>Should Georgia adopt an income tax credit for home energy costs to support the economic security of our families?,,DEM,YES,10,2,8,0,0
Jasper,WYATT,Democratic Party Question 3<br>Should Georgia adopt an income tax credit for home energy costs to support the economic security of our families?,,DEM,YES,41,1,36,4,0
Jasper,HILLSBORO,Democratic Party Question 3<br>Should Georgia adopt an income tax credit for home energy costs to support the economic security of our families?,,DEM,YES,28,4,19,5,0
Jasper,MONTICELLO,Democratic Party Question 3<br>Should Georgia adopt an income tax credit for home energy costs to support the economic security of our families?,,DEM,YES,262,33,164,64,1
Jasper,MARTIN & BURNEY,Democratic Party Question 3<br>Should Georgia adopt an income tax credit for home energy costs to support the economic security of our families?,,DEM,YES,43,3,27,13,0
Jasper,THOMPSON & BARNES,Democratic Party Question 3<br>Should Georgia adopt an income tax credit for home energy costs to support the economic security of our families?,,DEM,YES,13,0,8,5,0
Jasper,SHADY DALE,Democratic Party Question 3<br>Should Georgia adopt an income tax credit for home energy costs to support the economic security of our families?,,DEM,YES,30,2,28,0,0
Jasper,,Democratic Party Question 3<br>Should Georgia adopt an income tax credit for home energy costs to support the economic security of our families?,,DEM,NO,108,11,86,11,0
Jasper,SMITH/JORDAN/LAZENBY,Democratic Party Question 3<br>Should Georgia adopt an income tax credit for home energy costs to support the economic security of our families?,,DEM,NO,4,0,4,0,0
Jasper,WYATT,Democratic Party Question 3<br>Should Georgia adopt an income tax credit for home energy costs to support the economic security of our families?,,DEM,NO,8,0,7,1,0
Jasper,HILLSBORO,Democratic Party Question 3<br>Should Georgia adopt an income tax credit for home energy costs to support the economic security of our families?,,DEM,NO,3,0,3,0,0
Jasper,MONTICELLO,Democratic Party Question 3<br>Should Georgia adopt an income tax credit for home energy costs to support the economic security of our families?,,DEM,NO,68,10,51,7,0
Jasper,MARTIN & BURNEY,Democratic Party Question 3<br>Should Georgia adopt an income tax credit for home energy costs to support the economic security of our families?,,DEM,NO,17,0,14,3,0
Jasper,THOMPSON & BARNES,Democratic Party Question 3<br>Should Georgia adopt an income tax credit for home energy costs to support the economic security of our families?,,DEM,NO,3,1,2,0,0
Jasper,SHADY DALE,Democratic Party Question 3<br>Should Georgia adopt an income tax credit for home energy costs to support the economic security of our families?,,DEM,NO,5,0,5,0,0
Jasper,,Democratic Party Question 4 <br>Should Georgia reduce sales taxes on Made in Georgia products so as to support the growth of small businesses in our state?,,DEM,YES,461,50,320,91,0
Jasper,SMITH/JORDAN/LAZENBY,Democratic Party Question 4 <br>Should Georgia reduce sales taxes on Made in Georgia products so as to support the growth of small businesses in our state?,,DEM,YES,13,3,10,0,0
Jasper,WYATT,Democratic Party Question 4 <br>Should Georgia reduce sales taxes on Made in Georgia products so as to support the growth of small businesses in our state?,,DEM,YES,43,1,37,5,0
Jasper,HILLSBORO,Democratic Party Question 4 <br>Should Georgia reduce sales taxes on Made in Georgia products so as to support the growth of small businesses in our state?,,DEM,YES,28,4,19,5,0
Jasper,MONTICELLO,Democratic Party Question 4 <br>Should Georgia reduce sales taxes on Made in Georgia products so as to support the growth of small businesses in our state?,,DEM,YES,288,38,189,61,0
Jasper,MARTIN & BURNEY,Democratic Party Question 4 <br>Should Georgia reduce sales taxes on Made in Georgia products so as to support the growth of small businesses in our state?,,DEM,YES,48,2,30,16,0
Jasper,THOMPSON & BARNES,Democratic Party Question 4 <br>Should Georgia reduce sales taxes on Made in Georgia products so as to support the growth of small businesses in our state?,,DEM,YES,12,0,8,4,0
Jasper,SHADY DALE,Democratic Party Question 4 <br>Should Georgia reduce sales taxes on Made in Georgia products so as to support the growth of small businesses in our state?,,DEM,YES,29,2,27,0,0
Jasper,,Democratic Party Question 4 <br>Should Georgia reduce sales taxes on Made in Georgia products so as to support the growth of small businesses in our state?,,DEM,NO,83,8,60,14,1
Jasper,SMITH/JORDAN/LAZENBY,Democratic Party Question 4 <br>Should Georgia reduce sales taxes on Made in Georgia products so as to support the growth of small businesses in our state?,,DEM,NO,2,0,2,0,0
Jasper,WYATT,Democratic Party Question 4 <br>Should Georgia reduce sales taxes on Made in Georgia products so as to support the growth of small businesses in our state?,,DEM,NO,6,0,6,0,0
Jasper,HILLSBORO,Democratic Party Question 4 <br>Should Georgia reduce sales taxes on Made in Georgia products so as to support the growth of small businesses in our state?,,DEM,NO,3,0,3,0,0
Jasper,MONTICELLO,Democratic Party Question 4 <br>Should Georgia reduce sales taxes on Made in Georgia products so as to support the growth of small businesses in our state?,,DEM,NO,49,6,30,12,1
Jasper,MARTIN & BURNEY,Democratic Party Question 4 <br>Should Georgia reduce sales taxes on Made in Georgia products so as to support the growth of small businesses in our state?,,DEM,NO,13,1,11,1,0
Jasper,THOMPSON & BARNES,Democratic Party Question 4 <br>Should Georgia reduce sales taxes on Made in Georgia products so as to support the growth of small businesses in our state?,,DEM,NO,4,1,2,1,0
Jasper,SHADY DALE,Democratic Party Question 4 <br>Should Georgia reduce sales taxes on Made in Georgia products so as to support the growth of small businesses in our state?,,DEM,NO,6,0,6,0,0
Jasper,,Supreme Court Justice, Hunstein,I,CAROL W. HUNSTEIN,2818,188,1747,881,2
Jasper,SMITH/JORDAN/LAZENBY,Supreme Court Justice, Hunstein,I,CAROL W. HUNSTEIN,157,4,120,33,0
Jasper,WYATT,Supreme Court Justice, Hunstein,I,CAROL W. HUNSTEIN,320,7,250,63,0
Jasper,HILLSBORO,Supreme Court Justice, Hunstein,I,CAROL W. HUNSTEIN,169,13,124,32,0
Jasper,MONTICELLO,Supreme Court Justice, Hunstein,I,CAROL W. HUNSTEIN,1093,113,436,542,2
Jasper,MARTIN & BURNEY,Supreme Court Justice, Hunstein,I,CAROL W. HUNSTEIN,692,37,484,171,0
Jasper,THOMPSON & BARNES,Supreme Court Justice, Hunstein,I,CAROL W. HUNSTEIN,242,8,207,27,0
Jasper,SHADY DALE,Supreme Court Justice, Hunstein,I,CAROL W. HUNSTEIN,145,6,126,13,0
Jasper,,Supreme Court Justice, Hunstein,,Write-in,25,2,20,2,1
Jasper,SMITH/JORDAN/LAZENBY,Supreme Court Justice, Hunstein,,Write-in,0,0,0,0,0
Jasper,WYATT,Supreme Court Justice, Hunstein,,Write-in,6,0,5,1,0
Jasper,HILLSBORO,Supreme Court Justice, Hunstein,,Write-in,2,0,1,1,0
Jasper,MONTICELLO,Supreme Court Justice, Hunstein,,Write-in,4,0,3,0,1
Jasper,MARTIN & BURNEY,Supreme Court Justice, Hunstein,,Write-in,9,2,7,0,0
Jasper,THOMPSON & BARNES,Supreme Court Justice, Hunstein,,Write-in,3,0,3,0,0
Jasper,SHADY DALE,Supreme Court Justice, Hunstein,,Write-in,1,0,1,0,0
Jasper,,Supreme Court Justice, Melton,,HAROLD D. MELTON ,2788,189,1737,860,2
Jasper,SMITH/JORDAN/LAZENBY,Supreme Court Justice, Melton,,HAROLD D. MELTON ,147,4,111,32,0
Jasper,WYATT,Supreme Court Justice, Melton,,HAROLD D. MELTON ,319,7,248,64,0
Jasper,HILLSBORO,Supreme Court Justice, Melton,,HAROLD D. MELTON ,178,13,133,32,0
Jasper,MONTICELLO,Supreme Court Justice, Melton,,HAROLD D. MELTON ,1071,114,429,526,2
Jasper,MARTIN & BURNEY,Supreme Court Justice, Melton,,HAROLD D. MELTON ,677,37,475,165,0
Jasper,THOMPSON & BARNES,Supreme Court Justice, Melton,,HAROLD D. MELTON ,239,8,204,27,0
Jasper,SHADY DALE,Supreme Court Justice, Melton,,HAROLD D. MELTON ,157,6,137,14,0
Jasper,,Supreme Court Justice, Melton,,Write-in,12,2,10,0,0
Jasper,SMITH/JORDAN/LAZENBY,Supreme Court Justice, Melton,,Write-in,0,0,0,0,0
Jasper,WYATT,Supreme Court Justice, Melton,,Write-in,2,0,2,0,0
Jasper,HILLSBORO,Supreme Court Justice, Melton,,Write-in,1,0,1,0,0
Jasper,MONTICELLO,Supreme Court Justice, Melton,,Write-in,2,1,1,0,0
Jasper,MARTIN & BURNEY,Supreme Court Justice, Melton,,Write-in,4,1,3,0,0
Jasper,THOMPSON & BARNES,Supreme Court Justice, Melton,,Write-in,3,0,3,0,0
Jasper,SHADY DALE,Supreme Court Justice, Melton,,Write-in,0,0,0,0,0
Jasper,,Supreme Court Justice, Thompson,,HUGH P. THOMPSON ,2831,196,1755,877,3
Jasper,SMITH/JORDAN/LAZENBY,Supreme Court Justice, Thompson,,HUGH P. THOMPSON ,157,6,119,32,0
Jasper,WYATT,Supreme Court Justice, Thompson,,HUGH P. THOMPSON ,317,7,247,63,0
Jasper,HILLSBORO,Supreme Court Justice, Thompson,,HUGH P. THOMPSON ,180,13,133,34,0
Jasper,MONTICELLO,Supreme Court Justice, Thompson,,HUGH P. THOMPSON ,1110,120,443,544,3
Jasper,MARTIN & BURNEY,Supreme Court Justice, Thompson,,HUGH P. THOMPSON ,673,36,473,164,0
Jasper,THOMPSON & BARNES,Supreme Court Justice, Thompson,,HUGH P. THOMPSON ,239,8,205,26,0
Jasper,SHADY DALE,Supreme Court Justice, Thompson,,HUGH P. THOMPSON ,155,6,135,14,0
Jasper,,Supreme Court Justice, Thompson,,Write-in,11,1,9,1,0
Jasper,SMITH/JORDAN/LAZENBY,Supreme Court Justice, Thompson,,Write-in,0,0,0,0,0
Jasper,WYATT,Supreme Court Justice, Thompson,,Write-in,3,0,2,1,0
Jasper,HILLSBORO,Supreme Court Justice, Thompson,,Write-in,1,0,1,0,0
Jasper,MONTICELLO,Supreme Court Justice, Thompson,,Write-in,1,0,1,0,0
Jasper,MARTIN & BURNEY,Supreme Court Justice, Thompson,,Write-in,4,1,3,0,0
Jasper,THOMPSON & BARNES,Supreme Court Justice, Thompson,,Write-in,2,0,2,0,0
Jasper,SHADY DALE,Supreme Court Justice, Thompson,,Write-in,0,0,0,0,0
Jasper,,Appeals Court Judge, Boggs,,MICHAEL P. BOGGS ,2759,185,1722,849,3
Jasper,SMITH/JORDAN/LAZENBY,Appeals Court Judge, Boggs,,MICHAEL P. BOGGS ,149,4,113,32,0
Jasper,WYATT,Appeals Court Judge, Boggs,,MICHAEL P. BOGGS ,316,7,248,61,0
Jasper,HILLSBORO,Appeals Court Judge, Boggs,,MICHAEL P. BOGGS ,178,13,132,33,0
Jasper,MONTICELLO,Appeals Court Judge, Boggs,,MICHAEL P. BOGGS ,1058,111,425,519,3
Jasper,MARTIN & BURNEY,Appeals Court Judge, Boggs,,MICHAEL P. BOGGS ,674,36,475,163,0
Jasper,THOMPSON & BARNES,Appeals Court Judge, Boggs,,MICHAEL P. BOGGS ,239,8,204,27,0
Jasper,SHADY DALE,Appeals Court Judge, Boggs,,MICHAEL P. BOGGS ,145,6,125,14,0
Jasper,,Appeals Court Judge, Boggs,,Write-in,8,1,6,1,0
Jasper,SMITH/JORDAN/LAZENBY,Appeals Court Judge, Boggs,,Write-in,0,0,0,0,0
Jasper,WYATT,Appeals Court Judge, Boggs,,Write-in,3,0,2,1,0
Jasper,HILLSBORO,Appeals Court Judge, Boggs,,Write-in,0,0,0,0,0
Jasper,MONTICELLO,Appeals Court Judge, Boggs,,Write-in,0,0,0,0,0
Jasper,MARTIN & BURNEY,Appeals Court Judge, Boggs,,Write-in,3,1,2,0,0
Jasper,THOMPSON & BARNES,Appeals Court Judge, Boggs,,Write-in,2,0,2,0,0
Jasper,SHADY DALE,Appeals Court Judge, Boggs,,Write-in,0,0,0,0,0
Jasper,,Appeals Court Judge, Dillard,,STEPHEN DILLARD ,2758,183,1722,850,3
Jasper,SMITH/JORDAN/LAZENBY,Appeals Court Judge, Dillard,,STEPHEN DILLARD ,150,4,114,32,0
Jasper,WYATT,Appeals Court Judge, Dillard,,STEPHEN DILLARD ,317,7,247,63,0
Jasper,HILLSBORO,Appeals Court Judge, Dillard,,STEPHEN DILLARD ,175,13,130,32,0
Jasper,MONTICELLO,Appeals Court Judge, Dillard,,STEPHEN DILLARD ,1061,110,429,519,3
Jasper,MARTIN & BURNEY,Appeals Court Judge, Dillard,,STEPHEN DILLARD ,668,35,469,164,0
Jasper,THOMPSON & BARNES,Appeals Court Judge, Dillard,,STEPHEN DILLARD ,238,8,204,26,0
Jasper,SHADY DALE,Appeals Court Judge, Dillard,,STEPHEN DILLARD ,149,6,129,14,0
Jasper,,Appeals Court Judge, Dillard,,Write-in,10,1,7,2,0
Jasper,SMITH/JORDAN/LAZENBY,Appeals Court Judge, Dillard,,Write-in,0,0,0,0,0
Jasper,WYATT,Appeals Court Judge, Dillard,,Write-in,3,0,2,1,0
Jasper,HILLSBORO,Appeals Court Judge, Dillard,,Write-in,0,0,0,0,0
Jasper,MONTICELLO,Appeals Court Judge, Dillard,,Write-in,2,0,1,1,0
Jasper,MARTIN & BURNEY,Appeals Court Judge, Dillard,,Write-in,3,1,2,0,0
Jasper,THOMPSON & BARNES,Appeals Court Judge, Dillard,,Write-in,2,0,2,0,0
Jasper,SHADY DALE,Appeals Court Judge, Dillard,,Write-in,0,0,0,0,0
Jasper,,Appeals Court Judge, Ellington,I,JOHN J. ELLINGTON,2762,186,1717,856,3
Jasper,SMITH/JORDAN/LAZENBY,Appeals Court Judge, Ellington,I,JOHN J. ELLINGTON,148,4,112,32,0
Jasper,WYATT,Appeals Court Judge, Ellington,I,JOHN J. ELLINGTON,315,7,246,62,0
Jasper,HILLSBORO,Appeals Court Judge, Ellington,I,JOHN J. ELLINGTON,173,12,129,32,0
Jasper,MONTICELLO,Appeals Court Judge, Ellington,I,JOHN J. ELLINGTON,1064,112,425,524,3
Jasper,MARTIN & BURNEY,Appeals Court Judge, Ellington,I,JOHN J. ELLINGTON,671,36,471,164,0
Jasper,THOMPSON & BARNES,Appeals Court Judge, Ellington,I,JOHN J. ELLINGTON,239,8,204,27,0
Jasper,SHADY DALE,Appeals Court Judge, Ellington,I,JOHN J. ELLINGTON,152,7,130,15,0
Jasper,,Appeals Court Judge, Ellington,,Write-in,9,1,7,1,0
Jasper,SMITH/JORDAN/LAZENBY,Appeals Court Judge, Ellington,,Write-in,0,0,0,0,0
Jasper,WYATT,Appeals Court Judge, Ellington,,Write-in,3,0,2,1,0
Jasper,HILLSBORO,Appeals Court Judge, Ellington,,Write-in,0,0,0,0,0
Jasper,MONTICELLO,Appeals Court Judge, Ellington,,Write-in,1,0,1,0,0
Jasper,MARTIN & BURNEY,Appeals Court Judge, Ellington,,Write-in,3,1,2,0,0
Jasper,THOMPSON & BARNES,Appeals Court Judge, Ellington,,Write-in,2,0,2,0,0
Jasper,SHADY DALE,Appeals Court Judge, Ellington,,Write-in,0,0,0,0,0
Jasper,,Appeals Court Judge, Miller,,M. YVETTE MILLER ,2730,186,1704,836,4
Jasper,SMITH/JORDAN/LAZENBY,Appeals Court Judge, Miller,,M. YVETTE MILLER ,148,4,113,31,0
Jasper,WYATT,Appeals Court Judge, Miller,,M. YVETTE MILLER ,315,7,246,62,0
Jasper,HILLSBORO,Appeals Court Judge, Miller,,M. YVETTE MILLER ,171,13,129,29,0
Jasper,MONTICELLO,Appeals Court Judge, Miller,,M. YVETTE MILLER ,1050,112,427,507,4
Jasper,MARTIN & BURNEY,Appeals Court Judge, Miller,,M. YVETTE MILLER ,666,36,463,167,0
Jasper,THOMPSON & BARNES,Appeals Court Judge, Miller,,M. YVETTE MILLER ,231,8,197,26,0
Jasper,SHADY DALE,Appeals Court Judge, Miller,,M. YVETTE MILLER ,149,6,129,14,0
Jasper,,Appeals Court Judge, Miller,,Write-in,5,1,4,0,0
Jasper,SMITH/JORDAN/LAZENBY,Appeals Court Judge, Miller,,Write-in,0,0,0,0,0
Jasper,WYATT,Appeals Court Judge, Miller,,Write-in,1,0,1,0,0
Jasper,HILLSBORO,Appeals Court Judge, Miller,,Write-in,0,0,0,0,0
Jasper,MONTICELLO,Appeals Court Judge, Miller,,Write-in,1,0,1,0,0
Jasper,MARTIN & BURNEY,Appeals Court Judge, Miller,,Write-in,1,1,0,0,0
Jasper,THOMPSON & BARNES,Appeals Court Judge, Miller,,Write-in,2,0,2,0,0
Jasper,SHADY DALE,Appeals Court Judge, Miller,,Write-in,0,0,0,0,0
Jasper,,Appeals Court Judge, Phipps,,HERBERT PHIPPS ,2729,180,1701,845,3
Jasper,SMITH/JORDAN/LAZENBY,Appeals Court Judge, Phipps,,HERBERT PHIPPS ,149,3,114,32,0
Jasper,WYATT,Appeals Court Judge, Phipps,,HERBERT PHIPPS ,317,7,245,65,0
Jasper,HILLSBORO,Appeals Court Judge, Phipps,,HERBERT PHIPPS ,173,13,130,30,0
Jasper,MONTICELLO,Appeals Court Judge, Phipps,,HERBERT PHIPPS ,1049,108,425,513,3
Jasper,MARTIN & BURNEY,Appeals Court Judge, Phipps,,HERBERT PHIPPS ,660,35,461,164,0
Jasper,THOMPSON & BARNES,Appeals Court Judge, Phipps,,HERBERT PHIPPS ,233,8,198,27,0
Jasper,SHADY DALE,Appeals Court Judge, Phipps,,HERBERT PHIPPS ,148,6,128,14,0
Jasper,,Appeals Court Judge, Phipps,,Write-in,3,1,2,0,0
Jasper,SMITH/JORDAN/LAZENBY,Appeals Court Judge, Phipps,,Write-in,0,0,0,0,0
Jasper,WYATT,Appeals Court Judge, Phipps,,Write-in,1,0,1,0,0
Jasper,HILLSBORO,Appeals Court Judge, Phipps,,Write-in,0,0,0,0,0
Jasper,MONTICELLO,Appeals Court Judge, Phipps,,Write-in,0,0,0,0,0
Jasper,MARTIN & BURNEY,Appeals Court Judge, Phipps,,Write-in,1,1,0,0,0
Jasper,THOMPSON & BARNES,Appeals Court Judge, Phipps,,Write-in,1,0,1,0,0
Jasper,SHADY DALE,Appeals Court Judge, Phipps,,Write-in,0,0,0,0,0
Jasper,,Superior Court Judge, Ocmulgee Circuit (Cline),I,JAMES L CLINE JR.,2797,189,1730,876,2
Jasper,SMITH/JORDAN/LAZENBY,Superior Court Judge, Ocmulgee Circuit (Cline),I,JAMES L CLINE JR.,154,3,119,32,0
Jasper,WYATT,Superior Court Judge, Ocmulgee Circuit (Cline),I,JAMES L CLINE JR.,319,8,245,66,0
Jasper,HILLSBORO,Superior Court Judge, Ocmulgee Circuit (Cline),I,JAMES L CLINE JR.,178,13,133,32,0
Jasper,MONTICELLO,Superior Court Judge, Ocmulgee Circuit (Cline),I,JAMES L CLINE JR.,1090,114,435,539,2
Jasper,MARTIN & BURNEY,Superior Court Judge, Ocmulgee Circuit (Cline),I,JAMES L CLINE JR.,667,36,465,166,0
Jasper,THOMPSON & BARNES,Superior Court Judge, Ocmulgee Circuit (Cline),I,JAMES L CLINE JR.,237,8,203,26,0
Jasper,SHADY DALE,Superior Court Judge, Ocmulgee Circuit (Cline),I,JAMES L CLINE JR.,152,7,130,15,0
Jasper,,Superior Court Judge, Ocmulgee Circuit (Cline),,Write-in,8,3,5,0,0
Jasper,SMITH/JORDAN/LAZENBY,Superior Court Judge, Ocmulgee Circuit (Cline),,Write-in,0,0,0,0,0
Jasper,WYATT,Superior Court Judge, Ocmulgee Circuit (Cline),,Write-in,2,0,2,0,0
Jasper,HILLSBORO,Superior Court Judge, Ocmulgee Circuit (Cline),,Write-in,1,0,1,0,0
Jasper,MONTICELLO,Superior Court Judge, Ocmulgee Circuit (Cline),,Write-in,2,2,0,0,0
Jasper,MARTIN & BURNEY,Superior Court Judge, Ocmulgee Circuit (Cline),,Write-in,2,1,1,0,0
Jasper,THOMPSON & BARNES,Superior Court Judge, Ocmulgee Circuit (Cline),,Write-in,1,0,1,0,0
Jasper,SHADY DALE,Superior Court Judge, Ocmulgee Circuit (Cline),,Write-in,0,0,0,0,0
Jasper,,Superior Court Judge, Ocmulgee Circuit (George),,HULANE E. GEORGE ,2758,183,1723,849,3
Jasper,SMITH/JORDAN/LAZENBY,Superior Court Judge, Ocmulgee Circuit (George),,HULANE E. GEORGE ,155,4,119,32,0
Jasper,WYATT,Superior Court Judge, Ocmulgee Circuit (George),,HULANE E. GEORGE ,313,7,245,61,0
Jasper,HILLSBORO,Superior Court Judge, Ocmulgee Circuit (George),,HULANE E. GEORGE ,175,13,133,29,0
Jasper,MONTICELLO,Superior Court Judge, Ocmulgee Circuit (George),,HULANE E. GEORGE ,1066,110,431,522,3
Jasper,MARTIN & BURNEY,Superior Court Judge, Ocmulgee Circuit (George),,HULANE E. GEORGE ,662,35,462,165,0
Jasper,THOMPSON & BARNES,Superior Court Judge, Ocmulgee Circuit (George),,HULANE E. GEORGE ,234,8,201,25,0
Jasper,SHADY DALE,Superior Court Judge, Ocmulgee Circuit (George),,HULANE E. GEORGE ,153,6,132,15,0
Jasper,,Superior Court Judge, Ocmulgee Circuit (George),,Write-in,6,1,5,0,0
Jasper,SMITH/JORDAN/LAZENBY,Superior Court Judge, Ocmulgee Circuit (George),,Write-in,0,0,0,0,0
Jasper,WYATT,Superior Court Judge, Ocmulgee Circuit (George),,Write-in,2,0,2,0,0
Jasper,HILLSBORO,Superior Court Judge, Ocmulgee Circuit (George),,Write-in,0,0,0,0,0
Jasper,MONTICELLO,Superior Court Judge, Ocmulgee Circuit (George),,Write-in,0,0,0,0,0
Jasper,MARTIN & BURNEY,Superior Court Judge, Ocmulgee Circuit (George),,Write-in,3,1,2,0,0
Jasper,THOMPSON & BARNES,Superior Court Judge, Ocmulgee Circuit (George),,Write-in,1,0,1,0,0
Jasper,SHADY DALE,Superior Court Judge, Ocmulgee Circuit (George),,Write-in,0,0,0,0,0
Jasper,,Superior Court Judge, Ocmulgee Circuit (Prior),,WILLIAM PRIOR JR ,2785,184,1736,863,2
Jasper,SMITH/JORDAN/LAZENBY,Superior Court Judge, Ocmulgee Circuit (Prior),,WILLIAM PRIOR JR ,153,3,118,32,0
Jasper,WYATT,Superior Court Judge, Ocmulgee Circuit (Prior),,WILLIAM PRIOR JR ,313,7,245,61,0
Jasper,HILLSBORO,Superior Court Judge, Ocmulgee Circuit (Prior),,WILLIAM PRIOR JR ,175,13,133,29,0
Jasper,MONTICELLO,Superior Court Judge, Ocmulgee Circuit (Prior),,WILLIAM PRIOR JR ,1082,110,442,528,2
Jasper,MARTIN & BURNEY,Superior Court Judge, Ocmulgee Circuit (Prior),,WILLIAM PRIOR JR ,665,36,460,169,0
Jasper,THOMPSON & BARNES,Superior Court Judge, Ocmulgee Circuit (Prior),,WILLIAM PRIOR JR ,240,8,203,29,0
Jasper,SHADY DALE,Superior Court Judge, Ocmulgee Circuit (Prior),,WILLIAM PRIOR JR ,157,7,135,15,0
Jasper,,Superior Court Judge, Ocmulgee Circuit (Prior),,Write-in,5,1,4,0,0
Jasper,SMITH/JORDAN/LAZENBY,Superior Court Judge, Ocmulgee Circuit (Prior),,Write-in,0,0,0,0,0
Jasper,WYATT,Superior Court Judge, Ocmulgee Circuit (Prior),,Write-in,1,0,1,0,0
Jasper,HILLSBORO,Superior Court Judge, Ocmulgee Circuit (Prior),,Write-in,0,0,0,0,0
Jasper,MONTICELLO,Superior Court Judge, Ocmulgee Circuit (Prior),,Write-in,1,0,1,0,0
Jasper,MARTIN & BURNEY,Superior Court Judge, Ocmulgee Circuit (Prior),,Write-in,2,1,1,0,0
Jasper,THOMPSON & BARNES,Superior Court Judge, Ocmulgee Circuit (Prior),,Write-in,1,0,1,0,0
Jasper,SHADY DALE,Superior Court Judge, Ocmulgee Circuit (Prior),,Write-in,0,0,0,0,0
Jasper,,Superior Court Judge, Ocmulgee Circuit (Wingfield),,H. WINGFIELD III ,2782,185,1726,867,4
Jasper,SMITH/JORDAN/LAZENBY,Superior Court Judge, Ocmulgee Circuit (Wingfield),,H. WINGFIELD III ,156,4,119,33,0
Jasper,WYATT,Superior Court Judge, Ocmulgee Circuit (Wingfield),,H. WINGFIELD III ,315,7,243,65,0
Jasper,HILLSBORO,Superior Court Judge, Ocmulgee Circuit (Wingfield),,H. WINGFIELD III ,178,13,133,32,0
Jasper,MONTICELLO,Superior Court Judge, Ocmulgee Circuit (Wingfield),,H. WINGFIELD III ,1077,113,431,529,4
Jasper,MARTIN & BURNEY,Superior Court Judge, Ocmulgee Circuit (Wingfield),,H. WINGFIELD III ,667,35,467,165,0
Jasper,THOMPSON & BARNES,Superior Court Judge, Ocmulgee Circuit (Wingfield),,H. WINGFIELD III ,238,8,202,28,0
Jasper,SHADY DALE,Superior Court Judge, Ocmulgee Circuit (Wingfield),,H. WINGFIELD III ,151,5,131,15,0
Jasper,,Superior Court Judge, Ocmulgee Circuit (Wingfield),,Write-in,5,3,1,1,0
Jasper,SMITH/JORDAN/LAZENBY,Superior Court Judge, Ocmulgee Circuit (Wingfield),,Write-in,0,0,0,0,0
Jasper,WYATT,Superior Court Judge, Ocmulgee Circuit (Wingfield),,Write-in,0,0,0,0,0
Jasper,HILLSBORO,Superior Court Judge, Ocmulgee Circuit (Wingfield),,Write-in,0,0,0,0,0
Jasper,MONTICELLO,Superior Court Judge, Ocmulgee Circuit (Wingfield),,Write-in,2,1,0,1,0
Jasper,MARTIN & BURNEY,Superior Court Judge, Ocmulgee Circuit (Wingfield),,Write-in,1,1,0,0,0
Jasper,THOMPSON & BARNES,Superior Court Judge, Ocmulgee Circuit (Wingfield),,Write-in,1,0,1,0,0
Jasper,SHADY DALE,Superior Court Judge, Ocmulgee Circuit (Wingfield),,Write-in,1,1,0,0,0
Jasper,,JUDGE PROBATE,,,LINDA M. KELLER ,2896,207,1782,903,4
Jasper,SMITH/JORDAN/LAZENBY,JUDGE PROBATE,,,LINDA M. KELLER ,166,6,125,35,0
Jasper,WYATT,JUDGE PROBATE,,,LINDA M. KELLER ,333,9,257,67,0
Jasper,HILLSBORO,JUDGE PROBATE,,,LINDA M. KELLER ,176,13,132,31,0
Jasper,MONTICELLO,JUDGE PROBATE,,,LINDA M. KELLER ,1134,125,450,555,4
Jasper,MARTIN & BURNEY,JUDGE PROBATE,,,LINDA M. KELLER ,692,38,482,172,0
Jasper,THOMPSON & BARNES,JUDGE PROBATE,,,LINDA M. KELLER ,241,9,203,29,0
Jasper,SHADY DALE,JUDGE PROBATE,,,LINDA M. KELLER ,154,7,133,14,0
Jasper,,JUDGE PROBATE,,,Write-in,8,1,6,1,0
Jasper,SMITH/JORDAN/LAZENBY,JUDGE PROBATE,,,Write-in,0,0,0,0,0
Jasper,WYATT,JUDGE PROBATE,,,Write-in,0,0,0,0,0
Jasper,HILLSBORO,JUDGE PROBATE,,,Write-in,0,0,0,0,0
Jasper,MONTICELLO,JUDGE PROBATE,,,Write-in,1,0,0,1,0
Jasper,MARTIN & BURNEY,JUDGE PROBATE,,,Write-in,4,1,3,0,0
Jasper,THOMPSON & BARNES,JUDGE PROBATE,,,Write-in,2,0,2,0,0
Jasper,SHADY DALE,JUDGE PROBATE,,,Write-in,1,0,1,0,0
Jasper,,CHIEF MAGISTRATE,,,KEN JACKSON ,1835,123,1130,582,0
Jasper,SMITH/JORDAN/LAZENBY,CHIEF MAGISTRATE,,,KEN JACKSON ,85,0,69,16,0
Jasper,WYATT,CHIEF MAGISTRATE,,,KEN JACKSON ,214,7,172,35,0
Jasper,HILLSBORO,CHIEF MAGISTRATE,,,KEN JACKSON ,100,2,80,18,0
Jasper,MONTICELLO,CHIEF MAGISTRATE,,,KEN JACKSON ,791,76,328,387,0
Jasper,MARTIN & BURNEY,CHIEF MAGISTRATE,,,KEN JACKSON ,407,27,276,104,0
Jasper,THOMPSON & BARNES,CHIEF MAGISTRATE,,,KEN JACKSON ,150,6,129,15,0
Jasper,SHADY DALE,CHIEF MAGISTRATE,,,KEN JACKSON ,88,5,76,7,0
Jasper,,CHIEF MAGISTRATE,,,TIM LAM,1679,121,1044,508,6
Jasper,SMITH/JORDAN/LAZENBY,CHIEF MAGISTRATE,,,TIM LAM,112,5,84,23,0
Jasper,WYATT,CHIEF MAGISTRATE,,,TIM LAM,183,1,138,44,0
Jasper,HILLSBORO,CHIEF MAGISTRATE,,,TIM LAM,109,11,78,20,0
Jasper,MONTICELLO,CHIEF MAGISTRATE,,,TIM LAM,612,76,239,292,5
Jasper,MARTIN & BURNEY,CHIEF MAGISTRATE,,,TIM LAM,418,21,298,98,1
Jasper,THOMPSON & BARNES,CHIEF MAGISTRATE,,,TIM LAM,143,3,119,21,0
Jasper,SHADY DALE,CHIEF MAGISTRATE,,,TIM LAM,102,4,88,10,0
Jasper,,CHIEF MAGISTRATE,,,Write-in,5,2,2,1,0
Jasper,SMITH/JORDAN/LAZENBY,CHIEF MAGISTRATE,,,Write-in,0,0,0,0,0
Jasper,WYATT,CHIEF MAGISTRATE,,,Write-in,1,1,0,0,0
Jasper,HILLSBORO,CHIEF MAGISTRATE,,,Write-in,0,0,0,0,0
Jasper,MONTICELLO,CHIEF MAGISTRATE,,,Write-in,0,0,0,0,0
Jasper,MARTIN & BURNEY,CHIEF MAGISTRATE,,,Write-in,1,0,0,1,0
Jasper,THOMPSON & BARNES,CHIEF MAGISTRATE,,,Write-in,3,1,2,0,0
Jasper,SHADY DALE,CHIEF MAGISTRATE,,,Write-in,0,0,0,0,0
Jasper,,BOE D2,,,ERIN LYNCH,379,26,227,126,0
Jasper,WYATT,BOE D2,,,ERIN LYNCH,84,6,57,21,0
Jasper,MONTICELLO,BOE D2,,,ERIN LYNCH,164,15,54,95,0
Jasper,SHADY DALE,BOE D2,,,ERIN LYNCH,131,5,116,10,0
Jasper,,BOE D2,,,PHYLLIS NORWOOD ,215,21,150,44,0
Jasper,WYATT,BOE D2,,,PHYLLIS NORWOOD ,79,3,68,8,0
Jasper,MONTICELLO,BOE D2,,,PHYLLIS NORWOOD ,77,15,33,29,0
Jasper,SHADY DALE,BOE D2,,,PHYLLIS NORWOOD ,59,3,49,7,0
Jasper,,BOE D2,,,Write-in,1,0,1,0,0
Jasper,WYATT,BOE D2,,,Write-in,0,0,0,0,0
Jasper,MONTICELLO,BOE D2,,,Write-in,0,0,0,0,0
Jasper,SHADY DALE,BOE D2,,,Write-in,1,0,1,0,0
Jasper,,BOE D4,,,PAUL H. KELLY ,609,41,335,233,0
Jasper,MONTICELLO,BOE D4,,,PAUL H. KELLY ,306,28,111,167,0
Jasper,MARTIN & BURNEY,BOE D4,,,PAUL H. KELLY ,287,13,209,65,0
Jasper,THOMPSON & BARNES,BOE D4,,,PAUL H. KELLY ,16,0,15,1,0
Jasper,,BOE D4,,,Write-in,3,0,3,0,0
Jasper,MONTICELLO,BOE D4,,,Write-in,3,0,3,0,0
Jasper,MARTIN & BURNEY,BOE D4,,,Write-in,0,0,0,0,0
Jasper,THOMPSON & BARNES,BOE D4,,,Write-in,0,0,0,0,0
Jasper,,TSPLOST,,,YES,1292,130,726,434,2
Jasper,SMITH/JORDAN/LAZENBY,TSPLOST,,,YES,66,4,52,10,0
Jasper,WYATT,TSPLOST,,,YES,136,4,93,39,0
Jasper,HILLSBORO,TSPLOST,,,YES,84,13,57,14,0
Jasper,MONTICELLO,TSPLOST,,,YES,621,86,261,273,1
Jasper,MARTIN & BURNEY,TSPLOST,,,YES,258,17,158,82,1
Jasper,THOMPSON & BARNES,TSPLOST,,,YES,69,4,52,13,0
Jasper,SHADY DALE,TSPLOST,,,YES,58,2,53,3,0
Jasper,,TSPLOST,,,NO,2336,124,1527,681,4
Jasper,SMITH/JORDAN/LAZENBY,TSPLOST,,,NO,132,2,99,31,0
Jasper,WYATT,TSPLOST,,,NO,291,7,237,47,0
Jasper,HILLSBORO,TSPLOST,,,NO,129,0,104,25,0
Jasper,MONTICELLO,TSPLOST,,,NO,791,67,310,410,4
Jasper,MARTIN & BURNEY,TSPLOST,,,NO,613,33,449,131,0
Jasper,THOMPSON & BARNES,TSPLOST,,,NO,242,8,210,24,0
Jasper,SHADY DALE,TSPLOST,,,NO,138,7,118,13,0
