county,precinct,office,district,party,candidate,votes,absentee_by_mail,election_day,advance_in_person,provisional
Peach,,"Public Service Commission, District 3",3,REP,CHUCK EATON (I),1019,38,729,252,0
Peach,BYRON #1,"Public Service Commission, District 3",3,REP,CHUCK EATON (I),211,1,184,26,0
Peach,BYRON #2,"Public Service Commission, District 3",3,REP,CHUCK EATON (I),330,12,278,40,0
Peach,CLAUDE,"Public Service Commission, District 3",3,REP,CHUCK EATON (I),66,2,52,12,0
Peach,FORT VALLEY #1,"Public Service Commission, District 3",3,REP,CHUCK EATON (I),206,21,86,99,0
Peach,FORT VALLEY #2,"Public Service Commission, District 3",3,REP,CHUCK EATON (I),81,1,35,45,0
Peach,FORT VALLEY #3,"Public Service Commission, District 3",3,REP,CHUCK EATON (I),22,0,12,10,0
Peach,POWERSVILLE,"Public Service Commission, District 3",3,REP,CHUCK EATON (I),103,1,82,20,0
Peach,,"Public Service Commission, District 3",3,REP,MATT REID,541,7,439,95,0
Peach,BYRON #1,"Public Service Commission, District 3",3,REP,MATT REID,144,0,124,20,0
Peach,BYRON #2,"Public Service Commission, District 3",3,REP,MATT REID,160,1,145,14,0
Peach,CLAUDE,"Public Service Commission, District 3",3,REP,MATT REID,45,0,40,5,0
Peach,FORT VALLEY #1,"Public Service Commission, District 3",3,REP,MATT REID,67,1,36,30,0
Peach,FORT VALLEY #2,"Public Service Commission, District 3",3,REP,MATT REID,34,0,21,13,0
Peach,FORT VALLEY #3,"Public Service Commission, District 3",3,REP,MATT REID,19,2,13,4,0
Peach,POWERSVILLE,"Public Service Commission, District 3",3,REP,MATT REID,72,3,60,9,0
Peach,,"Public Service Commission, District 3",3,DEM,STEPHEN OPPENHEIMER,1167,44,721,401,1
Peach,BYRON #1,"Public Service Commission, District 3",3,DEM,STEPHEN OPPENHEIMER,96,2,87,7,0
Peach,BYRON #2,"Public Service Commission, District 3",3,DEM,STEPHEN OPPENHEIMER,150,4,125,21,0
Peach,CLAUDE,"Public Service Commission, District 3",3,DEM,STEPHEN OPPENHEIMER,8,0,7,1,0
Peach,FORT VALLEY #1,"Public Service Commission, District 3",3,DEM,STEPHEN OPPENHEIMER,241,4,149,88,0
Peach,FORT VALLEY #2,"Public Service Commission, District 3",3,DEM,STEPHEN OPPENHEIMER,232,15,130,87,0
Peach,FORT VALLEY #3,"Public Service Commission, District 3",3,DEM,STEPHEN OPPENHEIMER,399,19,188,191,1
Peach,POWERSVILLE,"Public Service Commission, District 3",3,DEM,STEPHEN OPPENHEIMER,41,0,35,6,0
Peach,,"Public Service Commission, District 5",5,REP,PAM DAVIDSON,628,12,489,127,0
Peach,BYRON #1,"Public Service Commission, District 5",5,REP,PAM DAVIDSON,169,1,147,21,0
Peach,BYRON #2,"Public Service Commission, District 5",5,REP,PAM DAVIDSON,194,4,167,23,0
Peach,CLAUDE,"Public Service Commission, District 5",5,REP,PAM DAVIDSON,45,0,38,7,0
Peach,FORT VALLEY #1,"Public Service Commission, District 5",5,REP,PAM DAVIDSON,82,3,38,41,0
Peach,FORT VALLEY #2,"Public Service Commission, District 5",5,REP,PAM DAVIDSON,38,0,21,17,0
Peach,FORT VALLEY #3,"Public Service Commission, District 5",5,REP,PAM DAVIDSON,24,2,17,5,0
Peach,POWERSVILLE,"Public Service Commission, District 5",5,REP,PAM DAVIDSON,76,2,61,13,0
Peach,,"Public Service Commission, District 5",5,REP,STAN WISE (I),927,33,671,223,0
Peach,BYRON #1,"Public Service Commission, District 5",5,REP,STAN WISE (I),187,0,158,29,0
Peach,BYRON #2,"Public Service Commission, District 5",5,REP,STAN WISE (I),296,9,255,32,0
Peach,CLAUDE,"Public Service Commission, District 5",5,REP,STAN WISE (I),70,2,58,10,0
Peach,FORT VALLEY #1,"Public Service Commission, District 5",5,REP,STAN WISE (I),188,19,80,89,0
Peach,FORT VALLEY #2,"Public Service Commission, District 5",5,REP,STAN WISE (I),77,1,37,39,0
Peach,FORT VALLEY #3,"Public Service Commission, District 5",5,REP,STAN WISE (I),14,0,7,7,0
Peach,POWERSVILLE,"Public Service Commission, District 5",5,REP,STAN WISE (I),95,2,76,17,0
Peach,,"U.S. Representative, District 2",2,REP,RICK ALLEN,612,14,471,127,0
Peach,BYRON #1,"U.S. Representative, District 2",2,REP,RICK ALLEN,135,1,123,11,0
Peach,BYRON #2,"U.S. Representative, District 2",2,REP,RICK ALLEN,204,6,177,21,0
Peach,CLAUDE,"U.S. Representative, District 2",2,REP,RICK ALLEN,38,1,31,6,0
Peach,FORT VALLEY #1,"U.S. Representative, District 2",2,REP,RICK ALLEN,93,4,46,43,0
Peach,FORT VALLEY #2,"U.S. Representative, District 2",2,REP,RICK ALLEN,46,0,21,25,0
Peach,FORT VALLEY #3,"U.S. Representative, District 2",2,REP,RICK ALLEN,17,2,7,8,0
Peach,POWERSVILLE,"U.S. Representative, District 2",2,REP,RICK ALLEN,79,0,66,13,0
Peach,,"U.S. Representative, District 2",2,REP,KEN DELOACH,474,13,372,89,0
Peach,BYRON #1,"U.S. Representative, District 2",2,REP,KEN DELOACH,100,0,90,10,0
Peach,BYRON #2,"U.S. Representative, District 2",2,REP,KEN DELOACH,167,5,147,15,0
Peach,CLAUDE,"U.S. Representative, District 2",2,REP,KEN DELOACH,46,1,38,7,0
Peach,FORT VALLEY #1,"U.S. Representative, District 2",2,REP,KEN DELOACH,61,3,27,31,0
Peach,FORT VALLEY #2,"U.S. Representative, District 2",2,REP,KEN DELOACH,35,1,16,18,0
Peach,FORT VALLEY #3,"U.S. Representative, District 2",2,REP,KEN DELOACH,12,0,10,2,0
Peach,POWERSVILLE,"U.S. Representative, District 2",2,REP,KEN DELOACH,53,3,44,6,0
Peach,,"U.S. Representative, District 2",2,REP,JOHN HOUSE,438,18,288,132,0
Peach,BYRON #1,"U.S. Representative, District 2",2,REP,JOHN HOUSE,115,2,88,25,0
Peach,BYRON #2,"U.S. Representative, District 2",2,REP,JOHN HOUSE,99,2,84,13,0
Peach,CLAUDE,"U.S. Representative, District 2",2,REP,JOHN HOUSE,27,0,24,3,0
Peach,FORT VALLEY #1,"U.S. Representative, District 2",2,REP,JOHN HOUSE,125,13,48,64,0
Peach,FORT VALLEY #2,"U.S. Representative, District 2",2,REP,JOHN HOUSE,24,0,12,12,0
Peach,FORT VALLEY #3,"U.S. Representative, District 2",2,REP,JOHN HOUSE,9,0,6,3,0
Peach,POWERSVILLE,"U.S. Representative, District 2",2,REP,JOHN HOUSE,39,1,26,12,0
Peach,,"U.S. Representative, District 2",2,DEM,SANFORD BISHOP (I),1595,47,953,594,1
Peach,BYRON #1,"U.S. Representative, District 2",2,DEM,SANFORD BISHOP (I),108,2,98,8,0
Peach,BYRON #2,"U.S. Representative, District 2",2,DEM,SANFORD BISHOP (I),163,4,134,25,0
Peach,CLAUDE,"U.S. Representative, District 2",2,DEM,SANFORD BISHOP (I),11,0,10,1,0
Peach,FORT VALLEY #1,"U.S. Representative, District 2",2,DEM,SANFORD BISHOP (I),327,5,197,125,0
Peach,FORT VALLEY #2,"U.S. Representative, District 2",2,DEM,SANFORD BISHOP (I),321,16,177,128,0
Peach,FORT VALLEY #3,"U.S. Representative, District 2",2,DEM,SANFORD BISHOP (I),620,20,299,300,1
Peach,POWERSVILLE,"U.S. Representative, District 2",2,DEM,SANFORD BISHOP (I),45,0,38,7,0
Peach,,"State Senator, District 18",18,REP,SPENCER PRICE,919,18,720,181,0
Peach,BYRON #1,"State Senator, District 18",18,REP,SPENCER PRICE,238,3,212,23,0
Peach,BYRON #2,"State Senator, District 18",18,REP,SPENCER PRICE,273,4,246,23,0
Peach,CLAUDE,"State Senator, District 18",18,REP,SPENCER PRICE,69,0,58,11,0
Peach,FORT VALLEY #1,"State Senator, District 18",18,REP,SPENCER PRICE,146,5,74,67,0
Peach,FORT VALLEY #2,"State Senator, District 18",18,REP,SPENCER PRICE,63,0,32,31,0
Peach,FORT VALLEY #3,"State Senator, District 18",18,REP,SPENCER PRICE,32,2,18,12,0
Peach,POWERSVILLE,"State Senator, District 18",18,REP,SPENCER PRICE,98,4,80,14,0
Peach,,"State Senator, District 18",18,REP,CECIL STATON (I),769,29,549,191,0
Peach,BYRON #1,"State Senator, District 18",18,REP,CECIL STATON (I),150,0,123,27,0
Peach,BYRON #2,"State Senator, District 18",18,REP,CECIL STATON (I),256,9,212,35,0
Peach,CLAUDE,"State Senator, District 18",18,REP,CECIL STATON (I),55,2,46,7,0
Peach,FORT VALLEY #1,"State Senator, District 18",18,REP,CECIL STATON (I),147,17,56,74,0
Peach,FORT VALLEY #2,"State Senator, District 18",18,REP,CECIL STATON (I),59,1,28,30,0
Peach,FORT VALLEY #3,"State Senator, District 18",18,REP,CECIL STATON (I),10,0,8,2,0
Peach,POWERSVILLE,"State Senator, District 18",18,REP,CECIL STATON (I),92,0,76,16,0
Peach,,"State Representative, District 139",139,DEM,PATTY BENTLEY,501,10,276,215,0
Peach,FORT VALLEY #1,"State Representative, District 139",139,DEM,PATTY BENTLEY,147,0,93,54,0
Peach,FORT VALLEY #2,"State Representative, District 139",139,DEM,PATTY BENTLEY,137,6,76,55,0
Peach,FORT VALLEY #3,"State Representative, District 139",139,DEM,PATTY BENTLEY,217,4,107,106,0
Peach,,"State Representative, District 139",139,DEM,THOMAS COOGLE,165,3,82,80,0
Peach,FORT VALLEY #1,"State Representative, District 139",139,DEM,THOMAS COOGLE,99,1,51,47,0
Peach,FORT VALLEY #2,"State Representative, District 139",139,DEM,THOMAS COOGLE,31,1,17,13,0
Peach,FORT VALLEY #3,"State Representative, District 139",139,DEM,THOMAS COOGLE,35,1,14,20,0
Peach,,"State Representative, District 139",139,DEM,MICHAEL DINKINS,808,29,434,344,1
Peach,FORT VALLEY #1,"State Representative, District 139",139,DEM,MICHAEL DINKINS,164,5,99,60,0
Peach,FORT VALLEY #2,"State Representative, District 139",139,DEM,MICHAEL DINKINS,199,9,115,75,0
Peach,FORT VALLEY #3,"State Representative, District 139",139,DEM,MICHAEL DINKINS,445,15,220,209,1
Peach,,"State Representative, District 140",140,REP,ROBERT L. DICKEY (I),1022,18,871,133,0
Peach,BYRON #1,"State Representative, District 140",140,REP,ROBERT L. DICKEY (I),324,1,281,42,0
Peach,BYRON #2,"State Representative, District 140",140,REP,ROBERT L. DICKEY (I),440,12,379,49,0
Peach,CLAUDE,"State Representative, District 140",140,REP,ROBERT L. DICKEY (I),103,2,87,14,0
Peach,POWERSVILLE,"State Representative, District 140",140,REP,ROBERT L. DICKEY (I),155,3,124,28,0
Peach,,"District Attorney, Macon Circuit", Macon Circuit - REP,REP,GREG WINTERS (I),1302,37,959,306,0
Peach,BYRON #1,"District Attorney, Macon Circuit", Macon Circuit - REP,REP,GREG WINTERS (I),290,1,251,38,0
Peach,BYRON #2,"District Attorney, Macon Circuit", Macon Circuit - REP,REP,GREG WINTERS (I),416,12,356,48,0
Peach,CLAUDE,"District Attorney, Macon Circuit", Macon Circuit - REP,REP,GREG WINTERS (I),96,2,81,13,0
Peach,FORT VALLEY #1,"District Attorney, Macon Circuit", Macon Circuit - REP,REP,GREG WINTERS (I),234,20,100,114,0
Peach,FORT VALLEY #2,"District Attorney, Macon Circuit", Macon Circuit - REP,REP,GREG WINTERS (I),92,1,36,55,0
Peach,FORT VALLEY #3,"District Attorney, Macon Circuit", Macon Circuit - REP,REP,GREG WINTERS (I),31,0,19,12,0
Peach,POWERSVILLE,"District Attorney, Macon Circuit", Macon Circuit - REP,REP,GREG WINTERS (I),143,1,116,26,0
Peach,,"District Attorney, Macon Circuit", Macon Circuit - DEM,DEM,DAVID COOKE,1337,43,811,482,1
Peach,BYRON #1,"District Attorney, Macon Circuit", Macon Circuit - DEM,DEM,DAVID COOKE,93,2,84,7,0
Peach,BYRON #2,"District Attorney, Macon Circuit", Macon Circuit - DEM,DEM,DAVID COOKE,145,4,121,20,0
Peach,CLAUDE,"District Attorney, Macon Circuit", Macon Circuit - DEM,DEM,DAVID COOKE,9,0,8,1,0
Peach,FORT VALLEY #1,"District Attorney, Macon Circuit", Macon Circuit - DEM,DEM,DAVID COOKE,289,4,177,108,0
Peach,FORT VALLEY #2,"District Attorney, Macon Circuit", Macon Circuit - DEM,DEM,DAVID COOKE,269,14,154,101,0
Peach,FORT VALLEY #3,"District Attorney, Macon Circuit", Macon Circuit - DEM,DEM,DAVID COOKE,491,19,232,239,1
Peach,POWERSVILLE,"District Attorney, Macon Circuit", Macon Circuit - DEM,DEM,DAVID COOKE,41,0,35,6,0
Peach,,CLERK SUPERIOR CT,,,JOE WILDER ,1487,46,877,563,1
Peach,BYRON #1,CLERK SUPERIOR CT,,,JOE WILDER ,99,2,90,7,0
Peach,BYRON #2,CLERK SUPERIOR CT,,,JOE WILDER ,152,3,126,23,0
Peach,CLAUDE,CLERK SUPERIOR CT,,,JOE WILDER ,9,0,8,1,0
Peach,FORT VALLEY #1,CLERK SUPERIOR CT,,,JOE WILDER ,332,4,188,140,0
Peach,FORT VALLEY #2,CLERK SUPERIOR CT,,,JOE WILDER ,296,16,166,114,0
Peach,FORT VALLEY #3,CLERK SUPERIOR CT,,,JOE WILDER ,550,19,260,270,1
Peach,POWERSVILLE,CLERK SUPERIOR CT,,,JOE WILDER ,49,2,39,8,0
Peach,,SHERIFF,,,TERRY W. DEESE ,1635,47,970,617,1
Peach,BYRON #1,SHERIFF,,,TERRY W. DEESE ,109,2,101,6,0
Peach,BYRON #2,SHERIFF,,,TERRY W. DEESE ,163,4,135,24,0
Peach,CLAUDE,SHERIFF,,,TERRY W. DEESE ,9,0,8,1,0
Peach,FORT VALLEY #1,SHERIFF,,,TERRY W. DEESE ,362,5,213,144,0
Peach,FORT VALLEY #2,SHERIFF,,,TERRY W. DEESE ,334,15,185,134,0
Peach,FORT VALLEY #3,SHERIFF,,,TERRY W. DEESE ,605,19,286,299,1
Peach,POWERSVILLE,SHERIFF,,,TERRY W. DEESE ,53,2,42,9,0
Peach,,TAX COMMISSIONER,,,W. L. BROWN ,1525,47,901,576,1
Peach,BYRON #1,TAX COMMISSIONER,,,W. L. BROWN ,105,2,97,6,0
Peach,BYRON #2,TAX COMMISSIONER,,,W. L. BROWN ,161,4,132,25,0
Peach,CLAUDE,TAX COMMISSIONER,,,W. L. BROWN ,9,0,8,1,0
Peach,FORT VALLEY #1,TAX COMMISSIONER,,,W. L. BROWN ,335,4,192,139,0
Peach,FORT VALLEY #2,TAX COMMISSIONER,,,W. L. BROWN ,307,16,170,121,0
Peach,FORT VALLEY #3,TAX COMMISSIONER,,,W. L. BROWN ,563,19,267,276,1
Peach,POWERSVILLE,TAX COMMISSIONER,,,W. L. BROWN ,45,2,35,8,0
Peach,,CORONER,,,KERRY E. ROOKS ,1468,41,1073,354,0
Peach,BYRON #1,CORONER,,,KERRY E. ROOKS ,321,1,279,41,0
Peach,BYRON #2,CORONER,,,KERRY E. ROOKS ,446,13,383,50,0
Peach,CLAUDE,CORONER,,,KERRY E. ROOKS ,100,2,84,14,0
Peach,FORT VALLEY #1,CORONER,,,KERRY E. ROOKS ,292,23,125,144,0
Peach,FORT VALLEY #2,CORONER,,,KERRY E. ROOKS ,116,1,52,63,0
Peach,FORT VALLEY #3,CORONER,,,KERRY E. ROOKS ,33,0,20,13,0
Peach,POWERSVILLE,CORONER,,,KERRY E. ROOKS ,160,1,130,29,0
Peach,,CORONER,,,OTIS LEE DANIEL JR.,1461,40,897,523,1
Peach,BYRON #1,CORONER,,,OTIS LEE DANIEL JR.,89,1,82,6,0
Peach,BYRON #2,CORONER,,,OTIS LEE DANIEL JR.,153,3,127,23,0
Peach,CLAUDE,CORONER,,,OTIS LEE DANIEL JR.,6,0,5,1,0
Peach,FORT VALLEY #1,CORONER,,,OTIS LEE DANIEL JR.,288,3,182,103,0
Peach,FORT VALLEY #2,CORONER,,,OTIS LEE DANIEL JR.,305,14,174,117,0
Peach,FORT VALLEY #3,CORONER,,,OTIS LEE DANIEL JR.,579,19,292,267,1
Peach,POWERSVILLE,CORONER,,,OTIS LEE DANIEL JR.,41,0,35,6,0
Peach,,CC P5 AT LARGE,,,MICHAEL GILSTRAP,1354,39,996,319,0
Peach,BYRON #1,CC P5 AT LARGE,,,MICHAEL GILSTRAP,302,1,261,40,0
Peach,BYRON #2,CC P5 AT LARGE,,,MICHAEL GILSTRAP,424,13,366,45,0
Peach,CLAUDE,CC P5 AT LARGE,,,MICHAEL GILSTRAP,98,2,83,13,0
Peach,FORT VALLEY #1,CC P5 AT LARGE,,,MICHAEL GILSTRAP,244,21,104,119,0
Peach,FORT VALLEY #2,CC P5 AT LARGE,,,MICHAEL GILSTRAP,102,1,43,58,0
Peach,FORT VALLEY #3,CC P5 AT LARGE,,,MICHAEL GILSTRAP,33,0,19,14,0
Peach,POWERSVILLE,CC P5 AT LARGE,,,MICHAEL GILSTRAP,151,1,120,30,0
Peach,,CC P5 AT LARGE,,,MELVIN WALKER JR ,1497,46,874,576,1
Peach,BYRON #1,CC P5 AT LARGE,,,MELVIN WALKER JR ,87,2,79,6,0
Peach,BYRON #2,CC P5 AT LARGE,,,MELVIN WALKER JR ,140,4,112,24,0
Peach,CLAUDE,CC P5 AT LARGE,,,MELVIN WALKER JR ,7,0,7,0,0
Peach,FORT VALLEY #1,CC P5 AT LARGE,,,MELVIN WALKER JR ,307,5,184,118,0
Peach,FORT VALLEY #2,CC P5 AT LARGE,,,MELVIN WALKER JR ,305,16,168,121,0
Peach,FORT VALLEY #3,CC P5 AT LARGE,,,MELVIN WALKER JR ,608,19,288,300,1
Peach,POWERSVILLE,CC P5 AT LARGE,,,MELVIN WALKER JR ,43,0,36,7,0
Peach,,CC P1,,,ROY LEWIS JR. ,486,15,412,59,0
Peach,BYRON #2,CC P1,,,ROY LEWIS JR. ,420,13,360,47,0
Peach,CLAUDE,CC P1,,,ROY LEWIS JR. ,19,1,13,5,0
Peach,POWERSVILLE,CC P1,,,ROY LEWIS JR. ,47,1,39,7,0
Peach,,CC P3,,,BETTY C. HILL,358,9,163,185,1
Peach,CLAUDE,CC P3,,,BETTY C. HILL,6,1,5,0,0
Peach,FORT VALLEY #1,CC P3,,,BETTY C. HILL,79,0,37,42,0
Peach,FORT VALLEY #2,CC P3,,,BETTY C. HILL,13,1,9,3,0
Peach,FORT VALLEY #3,CC P3,,,BETTY C. HILL,260,7,112,140,1
Peach,,CC P3,,,KRISTIE B. KENNEY,340,5,185,150,0
Peach,CLAUDE,CC P3,,,KRISTIE B. KENNEY,1,0,1,0,0
Peach,FORT VALLEY #1,CC P3,,,KRISTIE B. KENNEY,35,1,18,16,0
Peach,FORT VALLEY #2,CC P3,,,KRISTIE B. KENNEY,10,0,5,5,0
Peach,FORT VALLEY #3,CC P3,,,KRISTIE B. KENNEY,294,4,161,129,0
Peach,,BOE P1,,,BEN MCDANIEL ,484,15,416,53,0
Peach,BYRON #2,BOE P1,,,BEN MCDANIEL ,417,13,362,42,0
Peach,CLAUDE,BOE P1,,,BEN MCDANIEL ,21,1,14,6,0
Peach,POWERSVILLE,BOE P1,,,BEN MCDANIEL ,46,1,40,5,0
Peach,,BOE P3,,I,VIRGINIA J. DIXON,591,14,301,275,1
Peach,CLAUDE,BOE P3,,I,VIRGINIA J. DIXON,6,0,6,0,0
Peach,FORT VALLEY #1,BOE P3,,I,VIRGINIA J. DIXON,91,1,46,44,0
Peach,FORT VALLEY #2,BOE P3,,I,VIRGINIA J. DIXON,18,1,10,7,0
Peach,FORT VALLEY #3,BOE P3,,I,VIRGINIA J. DIXON,476,12,239,224,1
Peach,,Republican Party Question 1<br>Should Georgia have casino gambling with funds going to education?,,REP,YES,795,12,625,158,0
Peach,BYRON #1,Republican Party Question 1<br>Should Georgia have casino gambling with funds going to education?,,REP,YES,178,1,158,19,0
Peach,BYRON #2,Republican Party Question 1<br>Should Georgia have casino gambling with funds going to education?,,REP,YES,254,4,226,24,0
Peach,CLAUDE,Republican Party Question 1<br>Should Georgia have casino gambling with funds going to education?,,REP,YES,60,0,50,10,0
Peach,FORT VALLEY #1,Republican Party Question 1<br>Should Georgia have casino gambling with funds going to education?,,REP,YES,126,4,63,59,0
Peach,FORT VALLEY #2,Republican Party Question 1<br>Should Georgia have casino gambling with funds going to education?,,REP,YES,65,0,41,24,0
Peach,FORT VALLEY #3,Republican Party Question 1<br>Should Georgia have casino gambling with funds going to education?,,REP,YES,19,2,8,9,0
Peach,POWERSVILLE,Republican Party Question 1<br>Should Georgia have casino gambling with funds going to education?,,REP,YES,93,1,79,13,0
Peach,,Republican Party Question 1<br>Should Georgia have casino gambling with funds going to education?,,REP,NO,948,36,681,231,0
Peach,BYRON #1,Republican Party Question 1<br>Should Georgia have casino gambling with funds going to education?,,REP,NO,219,2,185,32,0
Peach,BYRON #2,Republican Party Question 1<br>Should Georgia have casino gambling with funds going to education?,,REP,NO,283,9,239,35,0
Peach,CLAUDE,Republican Party Question 1<br>Should Georgia have casino gambling with funds going to education?,,REP,NO,71,2,61,8,0
Peach,FORT VALLEY #1,Republican Party Question 1<br>Should Georgia have casino gambling with funds going to education?,,REP,NO,185,19,74,92,0
Peach,FORT VALLEY #2,Republican Party Question 1<br>Should Georgia have casino gambling with funds going to education?,,REP,NO,64,1,23,40,0
Peach,FORT VALLEY #3,Republican Party Question 1<br>Should Georgia have casino gambling with funds going to education?,,REP,NO,25,0,19,6,0
Peach,POWERSVILLE,Republican Party Question 1<br>Should Georgia have casino gambling with funds going to education?,,REP,NO,101,3,80,18,0
Peach,,Republican Party Question 2<br>Do you support ending the current practice of unlimited gifts from lobbyists to state legislators by imposing a $100 cap on such gifts?,,REP,YES,1519,43,1138,338,0
Peach,BYRON #1,Republican Party Question 2<br>Do you support ending the current practice of unlimited gifts from lobbyists to state legislators by imposing a $100 cap on such gifts?,,REP,YES,351,3,300,48,0
Peach,BYRON #2,Republican Party Question 2<br>Do you support ending the current practice of unlimited gifts from lobbyists to state legislators by imposing a $100 cap on such gifts?,,REP,YES,482,12,415,55,0
Peach,CLAUDE,Republican Party Question 2<br>Do you support ending the current practice of unlimited gifts from lobbyists to state legislators by imposing a $100 cap on such gifts?,,REP,YES,117,2,99,16,0
Peach,FORT VALLEY #1,Republican Party Question 2<br>Do you support ending the current practice of unlimited gifts from lobbyists to state legislators by imposing a $100 cap on such gifts?,,REP,YES,251,19,110,122,0
Peach,FORT VALLEY #2,Republican Party Question 2<br>Do you support ending the current practice of unlimited gifts from lobbyists to state legislators by imposing a $100 cap on such gifts?,,REP,YES,108,1,54,53,0
Peach,FORT VALLEY #3,Republican Party Question 2<br>Do you support ending the current practice of unlimited gifts from lobbyists to state legislators by imposing a $100 cap on such gifts?,,REP,YES,39,2,23,14,0
Peach,POWERSVILLE,Republican Party Question 2<br>Do you support ending the current practice of unlimited gifts from lobbyists to state legislators by imposing a $100 cap on such gifts?,,REP,YES,171,4,137,30,0
Peach,,Republican Party Question 2<br>Do you support ending the current practice of unlimited gifts from lobbyists to state legislators by imposing a $100 cap on such gifts?,,REP,NO,211,4,159,48,0
Peach,BYRON #1,Republican Party Question 2<br>Do you support ending the current practice of unlimited gifts from lobbyists to state legislators by imposing a $100 cap on such gifts?,,REP,NO,43,0,41,2,0
Peach,BYRON #2,Republican Party Question 2<br>Do you support ending the current practice of unlimited gifts from lobbyists to state legislators by imposing a $100 cap on such gifts?,,REP,NO,57,1,50,6,0
Peach,CLAUDE,Republican Party Question 2<br>Do you support ending the current practice of unlimited gifts from lobbyists to state legislators by imposing a $100 cap on such gifts?,,REP,NO,14,0,12,2,0
Peach,FORT VALLEY #1,Republican Party Question 2<br>Do you support ending the current practice of unlimited gifts from lobbyists to state legislators by imposing a $100 cap on such gifts?,,REP,NO,52,3,24,25,0
Peach,FORT VALLEY #2,Republican Party Question 2<br>Do you support ending the current practice of unlimited gifts from lobbyists to state legislators by imposing a $100 cap on such gifts?,,REP,NO,19,0,9,10,0
Peach,FORT VALLEY #3,Republican Party Question 2<br>Do you support ending the current practice of unlimited gifts from lobbyists to state legislators by imposing a $100 cap on such gifts?,,REP,NO,6,0,4,2,0
Peach,POWERSVILLE,Republican Party Question 2<br>Do you support ending the current practice of unlimited gifts from lobbyists to state legislators by imposing a $100 cap on such gifts?,,REP,NO,20,0,19,1,0
Peach,,Republican Party Question 3<br>Should active duty military personnel who are under the age of 21 be allowed to obtain a Georgia weapons license?,,REP,YES,1226,29,936,261,0
Peach,BYRON #1,Republican Party Question 3<br>Should active duty military personnel who are under the age of 21 be allowed to obtain a Georgia weapons license?,,REP,YES,273,0,239,34,0
Peach,BYRON #2,Republican Party Question 3<br>Should active duty military personnel who are under the age of 21 be allowed to obtain a Georgia weapons license?,,REP,YES,389,7,344,38,0
Peach,CLAUDE,Republican Party Question 3<br>Should active duty military personnel who are under the age of 21 be allowed to obtain a Georgia weapons license?,,REP,YES,91,0,77,14,0
Peach,FORT VALLEY #1,Republican Party Question 3<br>Should active duty military personnel who are under the age of 21 be allowed to obtain a Georgia weapons license?,,REP,YES,206,18,90,98,0
Peach,FORT VALLEY #2,Republican Party Question 3<br>Should active duty military personnel who are under the age of 21 be allowed to obtain a Georgia weapons license?,,REP,YES,93,1,50,42,0
Peach,FORT VALLEY #3,Republican Party Question 3<br>Should active duty military personnel who are under the age of 21 be allowed to obtain a Georgia weapons license?,,REP,YES,37,2,22,13,0
Peach,POWERSVILLE,Republican Party Question 3<br>Should active duty military personnel who are under the age of 21 be allowed to obtain a Georgia weapons license?,,REP,YES,137,1,114,22,0
Peach,,Republican Party Question 3<br>Should active duty military personnel who are under the age of 21 be allowed to obtain a Georgia weapons license?,,REP,NO,507,19,364,124,0
Peach,BYRON #1,Republican Party Question 3<br>Should active duty military personnel who are under the age of 21 be allowed to obtain a Georgia weapons license?,,REP,NO,122,3,102,17,0
Peach,BYRON #2,Republican Party Question 3<br>Should active duty military personnel who are under the age of 21 be allowed to obtain a Georgia weapons license?,,REP,NO,145,6,118,21,0
Peach,CLAUDE,Republican Party Question 3<br>Should active duty military personnel who are under the age of 21 be allowed to obtain a Georgia weapons license?,,REP,NO,41,2,35,4,0
Peach,FORT VALLEY #1,Republican Party Question 3<br>Should active duty military personnel who are under the age of 21 be allowed to obtain a Georgia weapons license?,,REP,NO,99,5,44,50,0
Peach,FORT VALLEY #2,Republican Party Question 3<br>Should active duty military personnel who are under the age of 21 be allowed to obtain a Georgia weapons license?,,REP,NO,34,0,14,20,0
Peach,FORT VALLEY #3,Republican Party Question 3<br>Should active duty military personnel who are under the age of 21 be allowed to obtain a Georgia weapons license?,,REP,NO,7,0,4,3,0
Peach,POWERSVILLE,Republican Party Question 3<br>Should active duty military personnel who are under the age of 21 be allowed to obtain a Georgia weapons license?,,REP,NO,59,3,47,9,0
Peach,,Republican Party Question 4<br>Should Citizens who wish to vote in a primary election be required to register by their political party affiliation at least thirty (30) days prior to such primary election?,,REP,YES,827,26,618,183,0
Peach,BYRON #1,Republican Party Question 4<br>Should Citizens who wish to vote in a primary election be required to register by their political party affiliation at least thirty (30) days prior to such primary election?,,REP,YES,182,1,160,21,0
Peach,BYRON #2,Republican Party Question 4<br>Should Citizens who wish to vote in a primary election be required to register by their political party affiliation at least thirty (30) days prior to such primary election?,,REP,YES,277,9,233,35,0
Peach,CLAUDE,Republican Party Question 4<br>Should Citizens who wish to vote in a primary election be required to register by their political party affiliation at least thirty (30) days prior to such primary election?,,REP,YES,60,1,51,8,0
Peach,FORT VALLEY #1,Republican Party Question 4<br>Should Citizens who wish to vote in a primary election be required to register by their political party affiliation at least thirty (30) days prior to such primary election?,,REP,YES,124,11,50,63,0
Peach,FORT VALLEY #2,Republican Party Question 4<br>Should Citizens who wish to vote in a primary election be required to register by their political party affiliation at least thirty (30) days prior to such primary election?,,REP,YES,60,0,29,31,0
Peach,FORT VALLEY #3,Republican Party Question 4<br>Should Citizens who wish to vote in a primary election be required to register by their political party affiliation at least thirty (30) days prior to such primary election?,,REP,YES,26,2,13,11,0
Peach,POWERSVILLE,Republican Party Question 4<br>Should Citizens who wish to vote in a primary election be required to register by their political party affiliation at least thirty (30) days prior to such primary election?,,REP,YES,98,2,82,14,0
Peach,,Republican Party Question 4<br>Should Citizens who wish to vote in a primary election be required to register by their political party affiliation at least thirty (30) days prior to such primary election?,,REP,NO,890,22,667,201,0
Peach,BYRON #1,Republican Party Question 4<br>Should Citizens who wish to vote in a primary election be required to register by their political party affiliation at least thirty (30) days prior to such primary election?,,REP,NO,209,2,177,30,0
Peach,BYRON #2,Republican Party Question 4<br>Should Citizens who wish to vote in a primary election be required to register by their political party affiliation at least thirty (30) days prior to such primary election?,,REP,NO,256,4,227,25,0
Peach,CLAUDE,Republican Party Question 4<br>Should Citizens who wish to vote in a primary election be required to register by their political party affiliation at least thirty (30) days prior to such primary election?,,REP,NO,69,1,58,10,0
Peach,FORT VALLEY #1,Republican Party Question 4<br>Should Citizens who wish to vote in a primary election be required to register by their political party affiliation at least thirty (30) days prior to such primary election?,,REP,NO,179,12,83,84,0
Peach,FORT VALLEY #2,Republican Party Question 4<br>Should Citizens who wish to vote in a primary election be required to register by their political party affiliation at least thirty (30) days prior to such primary election?,,REP,NO,63,1,31,31,0
Peach,FORT VALLEY #3,Republican Party Question 4<br>Should Citizens who wish to vote in a primary election be required to register by their political party affiliation at least thirty (30) days prior to such primary election?,,REP,NO,19,0,14,5,0
Peach,POWERSVILLE,Republican Party Question 4<br>Should Citizens who wish to vote in a primary election be required to register by their political party affiliation at least thirty (30) days prior to such primary election?,,REP,NO,95,2,77,16,0
Peach,,Republican Party Question 5 <br>Life Amendment Question,,REP,YES,1213,32,920,261,0
Peach,BYRON #1,Republican Party Question 5 <br>Life Amendment Question,,REP,YES,291,2,246,43,0
Peach,BYRON #2,Republican Party Question 5 <br>Life Amendment Question,,REP,YES,370,9,323,38,0
Peach,CLAUDE,Republican Party Question 5 <br>Life Amendment Question,,REP,YES,98,2,85,11,0
Peach,FORT VALLEY #1,Republican Party Question 5 <br>Life Amendment Question,,REP,YES,212,14,95,103,0
Peach,FORT VALLEY #2,Republican Party Question 5 <br>Life Amendment Question,,REP,YES,82,1,42,39,0
Peach,FORT VALLEY #3,Republican Party Question 5 <br>Life Amendment Question,,REP,YES,26,0,19,7,0
Peach,POWERSVILLE,Republican Party Question 5 <br>Life Amendment Question,,REP,YES,134,4,110,20,0
Peach,,Republican Party Question 5 <br>Life Amendment Question,,REP,NO,438,10,323,105,0
Peach,BYRON #1,Republican Party Question 5 <br>Life Amendment Question,,REP,NO,92,1,84,7,0
Peach,BYRON #2,Republican Party Question 5 <br>Life Amendment Question,,REP,NO,136,2,117,17,0
Peach,CLAUDE,Republican Party Question 5 <br>Life Amendment Question,,REP,NO,28,0,22,6,0
Peach,FORT VALLEY #1,Republican Party Question 5 <br>Life Amendment Question,,REP,NO,78,5,35,38,0
Peach,FORT VALLEY #2,Republican Party Question 5 <br>Life Amendment Question,,REP,NO,39,0,18,21,0
Peach,FORT VALLEY #3,Republican Party Question 5 <br>Life Amendment Question,,REP,NO,16,2,7,7,0
Peach,POWERSVILLE,Republican Party Question 5 <br>Life Amendment Question,,REP,NO,49,0,40,9,0
Peach,,Democratic Party Question 1<br>Should the Georgia Constitution be amended to allow the state to override locally-elected school boards’ decisions when it comes to the creation of charter schools in your county or city?,,DEM,YES,831,16,507,308,0
Peach,BYRON #1,Democratic Party Question 1<br>Should the Georgia Constitution be amended to allow the state to override locally-elected school boards’ decisions when it comes to the creation of charter schools in your county or city?,,DEM,YES,47,0,44,3,0
Peach,BYRON #2,Democratic Party Question 1<br>Should the Georgia Constitution be amended to allow the state to override locally-elected school boards’ decisions when it comes to the creation of charter schools in your county or city?,,DEM,YES,69,1,55,13,0
Peach,CLAUDE,Democratic Party Question 1<br>Should the Georgia Constitution be amended to allow the state to override locally-elected school boards’ decisions when it comes to the creation of charter schools in your county or city?,,DEM,YES,3,0,2,1,0
Peach,FORT VALLEY #1,Democratic Party Question 1<br>Should the Georgia Constitution be amended to allow the state to override locally-elected school boards’ decisions when it comes to the creation of charter schools in your county or city?,,DEM,YES,180,1,115,64,0
Peach,FORT VALLEY #2,Democratic Party Question 1<br>Should the Georgia Constitution be amended to allow the state to override locally-elected school boards’ decisions when it comes to the creation of charter schools in your county or city?,,DEM,YES,175,6,108,61,0
Peach,FORT VALLEY #3,Democratic Party Question 1<br>Should the Georgia Constitution be amended to allow the state to override locally-elected school boards’ decisions when it comes to the creation of charter schools in your county or city?,,DEM,YES,328,7,159,162,0
Peach,POWERSVILLE,Democratic Party Question 1<br>Should the Georgia Constitution be amended to allow the state to override locally-elected school boards’ decisions when it comes to the creation of charter schools in your county or city?,,DEM,YES,29,1,24,4,0
Peach,,Democratic Party Question 1<br>Should the Georgia Constitution be amended to allow the state to override locally-elected school boards’ decisions when it comes to the creation of charter schools in your county or city?,,DEM,NO,982,31,577,373,1
Peach,BYRON #1,Democratic Party Question 1<br>Should the Georgia Constitution be amended to allow the state to override locally-elected school boards’ decisions when it comes to the creation of charter schools in your county or city?,,DEM,NO,72,1,66,5,0
Peach,BYRON #2,Democratic Party Question 1<br>Should the Georgia Constitution be amended to allow the state to override locally-elected school boards’ decisions when it comes to the creation of charter schools in your county or city?,,DEM,NO,113,3,96,14,0
Peach,CLAUDE,Democratic Party Question 1<br>Should the Georgia Constitution be amended to allow the state to override locally-elected school boards’ decisions when it comes to the creation of charter schools in your county or city?,,DEM,NO,11,1,10,0,0
Peach,FORT VALLEY #1,Democratic Party Question 1<br>Should the Georgia Constitution be amended to allow the state to override locally-elected school boards’ decisions when it comes to the creation of charter schools in your county or city?,,DEM,NO,217,4,117,96,0
Peach,FORT VALLEY #2,Democratic Party Question 1<br>Should the Georgia Constitution be amended to allow the state to override locally-elected school boards’ decisions when it comes to the creation of charter schools in your county or city?,,DEM,NO,193,10,98,85,0
Peach,FORT VALLEY #3,Democratic Party Question 1<br>Should the Georgia Constitution be amended to allow the state to override locally-elected school boards’ decisions when it comes to the creation of charter schools in your county or city?,,DEM,NO,349,12,168,168,1
Peach,POWERSVILLE,Democratic Party Question 1<br>Should the Georgia Constitution be amended to allow the state to override locally-elected school boards’ decisions when it comes to the creation of charter schools in your county or city?,,DEM,NO,27,0,22,5,0
Peach,,Democratic Party Question 2<br>Do you support ending current practice permitting unlimited gifts from lobbyists to state legislators?,,DEM,YES,1118,38,674,406,0
Peach,BYRON #1,Democratic Party Question 2<br>Do you support ending current practice permitting unlimited gifts from lobbyists to state legislators?,,DEM,YES,75,1,71,3,0
Peach,BYRON #2,Democratic Party Question 2<br>Do you support ending current practice permitting unlimited gifts from lobbyists to state legislators?,,DEM,YES,122,2,100,20,0
Peach,CLAUDE,Democratic Party Question 2<br>Do you support ending current practice permitting unlimited gifts from lobbyists to state legislators?,,DEM,YES,10,1,9,0,0
Peach,FORT VALLEY #1,Democratic Party Question 2<br>Do you support ending current practice permitting unlimited gifts from lobbyists to state legislators?,,DEM,YES,247,5,143,99,0
Peach,FORT VALLEY #2,Democratic Party Question 2<br>Do you support ending current practice permitting unlimited gifts from lobbyists to state legislators?,,DEM,YES,225,14,122,89,0
Peach,FORT VALLEY #3,Democratic Party Question 2<br>Do you support ending current practice permitting unlimited gifts from lobbyists to state legislators?,,DEM,YES,399,13,198,188,0
Peach,POWERSVILLE,Democratic Party Question 2<br>Do you support ending current practice permitting unlimited gifts from lobbyists to state legislators?,,DEM,YES,40,2,31,7,0
Peach,,Democratic Party Question 2<br>Do you support ending current practice permitting unlimited gifts from lobbyists to state legislators?,,DEM,NO,673,11,398,263,1
Peach,BYRON #1,Democratic Party Question 2<br>Do you support ending current practice permitting unlimited gifts from lobbyists to state legislators?,,DEM,NO,44,1,38,5,0
Peach,BYRON #2,Democratic Party Question 2<br>Do you support ending current practice permitting unlimited gifts from lobbyists to state legislators?,,DEM,NO,58,2,49,7,0
Peach,CLAUDE,Democratic Party Question 2<br>Do you support ending current practice permitting unlimited gifts from lobbyists to state legislators?,,DEM,NO,4,0,3,1,0
Peach,FORT VALLEY #1,Democratic Party Question 2<br>Do you support ending current practice permitting unlimited gifts from lobbyists to state legislators?,,DEM,NO,148,0,89,59,0
Peach,FORT VALLEY #2,Democratic Party Question 2<br>Do you support ending current practice permitting unlimited gifts from lobbyists to state legislators?,,DEM,NO,144,2,81,61,0
Peach,FORT VALLEY #3,Democratic Party Question 2<br>Do you support ending current practice permitting unlimited gifts from lobbyists to state legislators?,,DEM,NO,258,6,123,128,1
Peach,POWERSVILLE,Democratic Party Question 2<br>Do you support ending current practice permitting unlimited gifts from lobbyists to state legislators?,,DEM,NO,17,0,15,2,0
Peach,,Democratic Party Question 3<br>Should Georgia adopt an income tax credit for home energy costs to support the economic security of our families?,,DEM,YES,1501,44,903,553,1
Peach,BYRON #1,Democratic Party Question 3<br>Should Georgia adopt an income tax credit for home energy costs to support the economic security of our families?,,DEM,YES,99,2,92,5,0
Peach,BYRON #2,Democratic Party Question 3<br>Should Georgia adopt an income tax credit for home energy costs to support the economic security of our families?,,DEM,YES,148,4,119,25,0
Peach,CLAUDE,Democratic Party Question 3<br>Should Georgia adopt an income tax credit for home energy costs to support the economic security of our families?,,DEM,YES,11,1,9,1,0
Peach,FORT VALLEY #1,Democratic Party Question 3<br>Should Georgia adopt an income tax credit for home energy costs to support the economic security of our families?,,DEM,YES,319,5,192,122,0
Peach,FORT VALLEY #2,Democratic Party Question 3<br>Should Georgia adopt an income tax credit for home energy costs to support the economic security of our families?,,DEM,YES,297,14,169,114,0
Peach,FORT VALLEY #3,Democratic Party Question 3<br>Should Georgia adopt an income tax credit for home energy costs to support the economic security of our families?,,DEM,YES,584,17,287,279,1
Peach,POWERSVILLE,Democratic Party Question 3<br>Should Georgia adopt an income tax credit for home energy costs to support the economic security of our families?,,DEM,YES,43,1,35,7,0
Peach,,Democratic Party Question 3<br>Should Georgia adopt an income tax credit for home energy costs to support the economic security of our families?,,DEM,NO,321,4,191,126,0
Peach,BYRON #1,Democratic Party Question 3<br>Should Georgia adopt an income tax credit for home energy costs to support the economic security of our families?,,DEM,NO,22,0,19,3,0
Peach,BYRON #2,Democratic Party Question 3<br>Should Georgia adopt an income tax credit for home energy costs to support the economic security of our families?,,DEM,NO,32,0,31,1,0
Peach,CLAUDE,Democratic Party Question 3<br>Should Georgia adopt an income tax credit for home energy costs to support the economic security of our families?,,DEM,NO,4,0,4,0,0
Peach,FORT VALLEY #1,Democratic Party Question 3<br>Should Georgia adopt an income tax credit for home energy costs to support the economic security of our families?,,DEM,NO,80,0,42,38,0
Peach,FORT VALLEY #2,Democratic Party Question 3<br>Should Georgia adopt an income tax credit for home energy costs to support the economic security of our families?,,DEM,NO,77,2,40,35,0
Peach,FORT VALLEY #3,Democratic Party Question 3<br>Should Georgia adopt an income tax credit for home energy costs to support the economic security of our families?,,DEM,NO,93,2,43,48,0
Peach,POWERSVILLE,Democratic Party Question 3<br>Should Georgia adopt an income tax credit for home energy costs to support the economic security of our families?,,DEM,NO,13,0,12,1,0
Peach,,Democratic Party Question 4 <br>Should Georgia reduce sales taxes on Made in Georgia products so as to support the growth of small businesses in our state?,,DEM,YES,1623,46,971,605,1
Peach,BYRON #1,Democratic Party Question 4 <br>Should Georgia reduce sales taxes on Made in Georgia products so as to support the growth of small businesses in our state?,,DEM,YES,100,2,93,5,0
Peach,BYRON #2,Democratic Party Question 4 <br>Should Georgia reduce sales taxes on Made in Georgia products so as to support the growth of small businesses in our state?,,DEM,YES,169,4,139,26,0
Peach,CLAUDE,Democratic Party Question 4 <br>Should Georgia reduce sales taxes on Made in Georgia products so as to support the growth of small businesses in our state?,,DEM,YES,12,1,10,1,0
Peach,FORT VALLEY #1,Democratic Party Question 4 <br>Should Georgia reduce sales taxes on Made in Georgia products so as to support the growth of small businesses in our state?,,DEM,YES,359,5,206,148,0
Peach,FORT VALLEY #2,Democratic Party Question 4 <br>Should Georgia reduce sales taxes on Made in Georgia products so as to support the growth of small businesses in our state?,,DEM,YES,326,15,185,126,0
Peach,FORT VALLEY #3,Democratic Party Question 4 <br>Should Georgia reduce sales taxes on Made in Georgia products so as to support the growth of small businesses in our state?,,DEM,YES,606,17,296,292,1
Peach,POWERSVILLE,Democratic Party Question 4 <br>Should Georgia reduce sales taxes on Made in Georgia products so as to support the growth of small businesses in our state?,,DEM,YES,51,2,42,7,0
Peach,,Democratic Party Question 4 <br>Should Georgia reduce sales taxes on Made in Georgia products so as to support the growth of small businesses in our state?,,DEM,NO,210,4,125,81,0
Peach,BYRON #1,Democratic Party Question 4 <br>Should Georgia reduce sales taxes on Made in Georgia products so as to support the growth of small businesses in our state?,,DEM,NO,21,0,18,3,0
Peach,BYRON #2,Democratic Party Question 4 <br>Should Georgia reduce sales taxes on Made in Georgia products so as to support the growth of small businesses in our state?,,DEM,NO,14,0,13,1,0
Peach,CLAUDE,Democratic Party Question 4 <br>Should Georgia reduce sales taxes on Made in Georgia products so as to support the growth of small businesses in our state?,,DEM,NO,3,0,3,0,0
Peach,FORT VALLEY #1,Democratic Party Question 4 <br>Should Georgia reduce sales taxes on Made in Georgia products so as to support the growth of small businesses in our state?,,DEM,NO,43,0,28,15,0
Peach,FORT VALLEY #2,Democratic Party Question 4 <br>Should Georgia reduce sales taxes on Made in Georgia products so as to support the growth of small businesses in our state?,,DEM,NO,46,1,25,20,0
Peach,FORT VALLEY #3,Democratic Party Question 4 <br>Should Georgia reduce sales taxes on Made in Georgia products so as to support the growth of small businesses in our state?,,DEM,NO,77,3,33,41,0
Peach,POWERSVILLE,Democratic Party Question 4 <br>Should Georgia reduce sales taxes on Made in Georgia products so as to support the growth of small businesses in our state?,,DEM,NO,6,0,5,1,0
Peach,,Supreme Court Justice, Hunstein,I,CAROL W. HUNSTEIN,2831,80,1911,839,1
Peach,BYRON #1,Supreme Court Justice, Hunstein,I,CAROL W. HUNSTEIN,405,3,354,48,0
Peach,BYRON #2,Supreme Court Justice, Hunstein,I,CAROL W. HUNSTEIN,590,16,496,78,0
Peach,CLAUDE,Supreme Court Justice, Hunstein,I,CAROL W. HUNSTEIN,107,2,90,15,0
Peach,FORT VALLEY #1,Supreme Court Justice, Hunstein,I,CAROL W. HUNSTEIN,557,23,295,239,0
Peach,FORT VALLEY #2,Supreme Court Justice, Hunstein,I,CAROL W. HUNSTEIN,392,16,217,159,0
Peach,FORT VALLEY #3,Supreme Court Justice, Hunstein,I,CAROL W. HUNSTEIN,570,18,280,271,1
Peach,POWERSVILLE,Supreme Court Justice, Hunstein,I,CAROL W. HUNSTEIN,210,2,179,29,0
Peach,,Supreme Court Justice, Hunstein,,Write-in,6,0,5,1,0
Peach,BYRON #1,Supreme Court Justice, Hunstein,,Write-in,2,0,1,1,0
Peach,BYRON #2,Supreme Court Justice, Hunstein,,Write-in,3,0,3,0,0
Peach,CLAUDE,Supreme Court Justice, Hunstein,,Write-in,0,0,0,0,0
Peach,FORT VALLEY #1,Supreme Court Justice, Hunstein,,Write-in,1,0,1,0,0
Peach,FORT VALLEY #2,Supreme Court Justice, Hunstein,,Write-in,0,0,0,0,0
Peach,FORT VALLEY #3,Supreme Court Justice, Hunstein,,Write-in,0,0,0,0,0
Peach,POWERSVILLE,Supreme Court Justice, Hunstein,,Write-in,0,0,0,0,0
Peach,,Supreme Court Justice, Melton,,HAROLD D. MELTON ,2795,79,1885,830,1
Peach,BYRON #1,Supreme Court Justice, Melton,,HAROLD D. MELTON ,397,3,345,49,0
Peach,BYRON #2,Supreme Court Justice, Melton,,HAROLD D. MELTON ,575,16,489,70,0
Peach,CLAUDE,Supreme Court Justice, Melton,,HAROLD D. MELTON ,104,2,88,14,0
Peach,FORT VALLEY #1,Supreme Court Justice, Melton,,HAROLD D. MELTON ,550,23,288,239,0
Peach,FORT VALLEY #2,Supreme Court Justice, Melton,,HAROLD D. MELTON ,395,16,219,160,0
Peach,FORT VALLEY #3,Supreme Court Justice, Melton,,HAROLD D. MELTON ,571,18,285,267,1
Peach,POWERSVILLE,Supreme Court Justice, Melton,,HAROLD D. MELTON ,203,1,171,31,0
Peach,,Supreme Court Justice, Melton,,Write-in,6,0,5,1,0
Peach,BYRON #1,Supreme Court Justice, Melton,,Write-in,1,0,1,0,0
Peach,BYRON #2,Supreme Court Justice, Melton,,Write-in,2,0,2,0,0
Peach,CLAUDE,Supreme Court Justice, Melton,,Write-in,0,0,0,0,0
Peach,FORT VALLEY #1,Supreme Court Justice, Melton,,Write-in,2,0,1,1,0
Peach,FORT VALLEY #2,Supreme Court Justice, Melton,,Write-in,0,0,0,0,0
Peach,FORT VALLEY #3,Supreme Court Justice, Melton,,Write-in,1,0,1,0,0
Peach,POWERSVILLE,Supreme Court Justice, Melton,,Write-in,0,0,0,0,0
Peach,,Supreme Court Justice, Thompson,,HUGH P. THOMPSON ,2778,79,1857,841,1
Peach,BYRON #1,Supreme Court Justice, Thompson,,HUGH P. THOMPSON ,395,3,343,49,0
Peach,BYRON #2,Supreme Court Justice, Thompson,,HUGH P. THOMPSON ,575,16,489,70,0
Peach,CLAUDE,Supreme Court Justice, Thompson,,HUGH P. THOMPSON ,101,2,85,14,0
Peach,FORT VALLEY #1,Supreme Court Justice, Thompson,,HUGH P. THOMPSON ,544,23,283,238,0
Peach,FORT VALLEY #2,Supreme Court Justice, Thompson,,HUGH P. THOMPSON ,391,16,215,160,0
Peach,FORT VALLEY #3,Supreme Court Justice, Thompson,,HUGH P. THOMPSON ,572,18,275,278,1
Peach,POWERSVILLE,Supreme Court Justice, Thompson,,HUGH P. THOMPSON ,200,1,167,32,0
Peach,,Supreme Court Justice, Thompson,,Write-in,5,0,4,1,0
Peach,BYRON #1,Supreme Court Justice, Thompson,,Write-in,0,0,0,0,0
Peach,BYRON #2,Supreme Court Justice, Thompson,,Write-in,1,0,1,0,0
Peach,CLAUDE,Supreme Court Justice, Thompson,,Write-in,0,0,0,0,0
Peach,FORT VALLEY #1,Supreme Court Justice, Thompson,,Write-in,2,0,1,1,0
Peach,FORT VALLEY #2,Supreme Court Justice, Thompson,,Write-in,0,0,0,0,0
Peach,FORT VALLEY #3,Supreme Court Justice, Thompson,,Write-in,2,0,2,0,0
Peach,POWERSVILLE,Supreme Court Justice, Thompson,,Write-in,0,0,0,0,0
Peach,,Appeals Court Judge, Boggs,,MICHAEL P. BOGGS ,2716,77,1824,814,1
Peach,BYRON #1,Appeals Court Judge, Boggs,,MICHAEL P. BOGGS ,389,3,338,48,0
Peach,BYRON #2,Appeals Court Judge, Boggs,,MICHAEL P. BOGGS ,569,16,482,71,0
Peach,CLAUDE,Appeals Court Judge, Boggs,,MICHAEL P. BOGGS ,102,2,86,14,0
Peach,FORT VALLEY #1,Appeals Court Judge, Boggs,,MICHAEL P. BOGGS ,524,22,278,224,0
Peach,FORT VALLEY #2,Appeals Court Judge, Boggs,,MICHAEL P. BOGGS ,368,16,204,148,0
Peach,FORT VALLEY #3,Appeals Court Judge, Boggs,,MICHAEL P. BOGGS ,564,17,267,279,1
Peach,POWERSVILLE,Appeals Court Judge, Boggs,,MICHAEL P. BOGGS ,200,1,169,30,0
Peach,,Appeals Court Judge, Boggs,,Write-in,3,0,2,1,0
Peach,BYRON #1,Appeals Court Judge, Boggs,,Write-in,0,0,0,0,0
Peach,BYRON #2,Appeals Court Judge, Boggs,,Write-in,1,0,1,0,0
Peach,CLAUDE,Appeals Court Judge, Boggs,,Write-in,0,0,0,0,0
Peach,FORT VALLEY #1,Appeals Court Judge, Boggs,,Write-in,1,0,0,1,0
Peach,FORT VALLEY #2,Appeals Court Judge, Boggs,,Write-in,0,0,0,0,0
Peach,FORT VALLEY #3,Appeals Court Judge, Boggs,,Write-in,1,0,1,0,0
Peach,POWERSVILLE,Appeals Court Judge, Boggs,,Write-in,0,0,0,0,0
Peach,,Appeals Court Judge, Dillard,,STEPHEN DILLARD ,2753,76,1856,820,1
Peach,BYRON #1,Appeals Court Judge, Dillard,,STEPHEN DILLARD ,390,2,340,48,0
Peach,BYRON #2,Appeals Court Judge, Dillard,,STEPHEN DILLARD ,575,16,487,72,0
Peach,CLAUDE,Appeals Court Judge, Dillard,,STEPHEN DILLARD ,102,2,86,14,0
Peach,FORT VALLEY #1,Appeals Court Judge, Dillard,,STEPHEN DILLARD ,542,21,291,230,0
Peach,FORT VALLEY #2,Appeals Court Judge, Dillard,,STEPHEN DILLARD ,378,16,210,152,0
Peach,FORT VALLEY #3,Appeals Court Judge, Dillard,,STEPHEN DILLARD ,567,18,274,274,1
Peach,POWERSVILLE,Appeals Court Judge, Dillard,,STEPHEN DILLARD ,199,1,168,30,0
Peach,,Appeals Court Judge, Dillard,,Write-in,3,0,2,1,0
Peach,BYRON #1,Appeals Court Judge, Dillard,,Write-in,0,0,0,0,0
Peach,BYRON #2,Appeals Court Judge, Dillard,,Write-in,1,0,1,0,0
Peach,CLAUDE,Appeals Court Judge, Dillard,,Write-in,0,0,0,0,0
Peach,FORT VALLEY #1,Appeals Court Judge, Dillard,,Write-in,2,0,1,1,0
Peach,FORT VALLEY #2,Appeals Court Judge, Dillard,,Write-in,0,0,0,0,0
Peach,FORT VALLEY #3,Appeals Court Judge, Dillard,,Write-in,0,0,0,0,0
Peach,POWERSVILLE,Appeals Court Judge, Dillard,,Write-in,0,0,0,0,0
Peach,,Appeals Court Judge, Ellington,I,JOHN J. ELLINGTON,2740,77,1847,815,1
Peach,BYRON #1,Appeals Court Judge, Ellington,I,JOHN J. ELLINGTON,386,3,335,48,0
Peach,BYRON #2,Appeals Court Judge, Ellington,I,JOHN J. ELLINGTON,570,16,484,70,0
Peach,CLAUDE,Appeals Court Judge, Ellington,I,JOHN J. ELLINGTON,102,2,86,14,0
Peach,FORT VALLEY #1,Appeals Court Judge, Ellington,I,JOHN J. ELLINGTON,544,22,292,230,0
Peach,FORT VALLEY #2,Appeals Court Judge, Ellington,I,JOHN J. ELLINGTON,370,15,205,150,0
Peach,FORT VALLEY #3,Appeals Court Judge, Ellington,I,JOHN J. ELLINGTON,565,18,273,273,1
Peach,POWERSVILLE,Appeals Court Judge, Ellington,I,JOHN J. ELLINGTON,203,1,172,30,0
Peach,,Appeals Court Judge, Ellington,,Write-in,3,0,2,1,0
Peach,BYRON #1,Appeals Court Judge, Ellington,,Write-in,0,0,0,0,0
Peach,BYRON #2,Appeals Court Judge, Ellington,,Write-in,2,0,2,0,0
Peach,CLAUDE,Appeals Court Judge, Ellington,,Write-in,0,0,0,0,0
Peach,FORT VALLEY #1,Appeals Court Judge, Ellington,,Write-in,1,0,0,1,0
Peach,FORT VALLEY #2,Appeals Court Judge, Ellington,,Write-in,0,0,0,0,0
Peach,FORT VALLEY #3,Appeals Court Judge, Ellington,,Write-in,0,0,0,0,0
Peach,POWERSVILLE,Appeals Court Judge, Ellington,,Write-in,0,0,0,0,0
Peach,,Appeals Court Judge, Miller,,M. YVETTE MILLER ,2767,76,1857,833,1
Peach,BYRON #1,Appeals Court Judge, Miller,,M. YVETTE MILLER ,388,3,339,46,0
Peach,BYRON #2,Appeals Court Judge, Miller,,M. YVETTE MILLER ,566,16,478,72,0
Peach,CLAUDE,Appeals Court Judge, Miller,,M. YVETTE MILLER ,99,2,83,14,0
Peach,FORT VALLEY #1,Appeals Court Judge, Miller,,M. YVETTE MILLER ,546,22,289,235,0
Peach,FORT VALLEY #2,Appeals Court Judge, Miller,,M. YVETTE MILLER ,388,15,214,159,0
Peach,FORT VALLEY #3,Appeals Court Judge, Miller,,M. YVETTE MILLER ,576,17,280,278,1
Peach,POWERSVILLE,Appeals Court Judge, Miller,,M. YVETTE MILLER ,204,1,174,29,0
Peach,,Appeals Court Judge, Miller,,Write-in,3,0,1,2,0
Peach,BYRON #1,Appeals Court Judge, Miller,,Write-in,1,0,0,1,0
Peach,BYRON #2,Appeals Court Judge, Miller,,Write-in,1,0,1,0,0
Peach,CLAUDE,Appeals Court Judge, Miller,,Write-in,0,0,0,0,0
Peach,FORT VALLEY #1,Appeals Court Judge, Miller,,Write-in,1,0,0,1,0
Peach,FORT VALLEY #2,Appeals Court Judge, Miller,,Write-in,0,0,0,0,0
Peach,FORT VALLEY #3,Appeals Court Judge, Miller,,Write-in,0,0,0,0,0
Peach,POWERSVILLE,Appeals Court Judge, Miller,,Write-in,0,0,0,0,0
Peach,,Appeals Court Judge, Phipps,,HERBERT PHIPPS ,2703,78,1819,805,1
Peach,BYRON #1,Appeals Court Judge, Phipps,,HERBERT PHIPPS ,388,3,339,46,0
Peach,BYRON #2,Appeals Court Judge, Phipps,,HERBERT PHIPPS ,559,16,473,70,0
Peach,CLAUDE,Appeals Court Judge, Phipps,,HERBERT PHIPPS ,99,2,83,14,0
Peach,FORT VALLEY #1,Appeals Court Judge, Phipps,,HERBERT PHIPPS ,528,22,280,226,0
Peach,FORT VALLEY #2,Appeals Court Judge, Phipps,,HERBERT PHIPPS ,370,16,205,149,0
Peach,FORT VALLEY #3,Appeals Court Judge, Phipps,,HERBERT PHIPPS ,557,18,267,271,1
Peach,POWERSVILLE,Appeals Court Judge, Phipps,,HERBERT PHIPPS ,202,1,172,29,0
Peach,,Appeals Court Judge, Phipps,,Write-in,4,0,3,1,0
Peach,BYRON #1,Appeals Court Judge, Phipps,,Write-in,0,0,0,0,0
Peach,BYRON #2,Appeals Court Judge, Phipps,,Write-in,2,0,2,0,0
Peach,CLAUDE,Appeals Court Judge, Phipps,,Write-in,0,0,0,0,0
Peach,FORT VALLEY #1,Appeals Court Judge, Phipps,,Write-in,2,0,1,1,0
Peach,FORT VALLEY #2,Appeals Court Judge, Phipps,,Write-in,0,0,0,0,0
Peach,FORT VALLEY #3,Appeals Court Judge, Phipps,,Write-in,0,0,0,0,0
Peach,POWERSVILLE,Appeals Court Judge, Phipps,,Write-in,0,0,0,0,0
Peach,,Superior Court Judge, Macon Circuit (Brown),,S. PHILLIP BROWN ,2784,77,1873,833,1
Peach,BYRON #1,Superior Court Judge, Macon Circuit (Brown),,S. PHILLIP BROWN ,390,3,340,47,0
Peach,BYRON #2,Superior Court Judge, Macon Circuit (Brown),,S. PHILLIP BROWN ,576,16,490,70,0
Peach,CLAUDE,Superior Court Judge, Macon Circuit (Brown),,S. PHILLIP BROWN ,107,2,90,15,0
Peach,FORT VALLEY #1,Superior Court Judge, Macon Circuit (Brown),,S. PHILLIP BROWN ,543,21,285,237,0
Peach,FORT VALLEY #2,Superior Court Judge, Macon Circuit (Brown),,S. PHILLIP BROWN ,392,16,217,159,0
Peach,FORT VALLEY #3,Superior Court Judge, Macon Circuit (Brown),,S. PHILLIP BROWN ,572,18,279,274,1
Peach,POWERSVILLE,Superior Court Judge, Macon Circuit (Brown),,S. PHILLIP BROWN ,204,1,172,31,0
Peach,,Superior Court Judge, Macon Circuit (Brown),,Write-in,4,1,2,1,0
Peach,BYRON #1,Superior Court Judge, Macon Circuit (Brown),,Write-in,0,0,0,0,0
Peach,BYRON #2,Superior Court Judge, Macon Circuit (Brown),,Write-in,1,0,1,0,0
Peach,CLAUDE,Superior Court Judge, Macon Circuit (Brown),,Write-in,0,0,0,0,0
Peach,FORT VALLEY #1,Superior Court Judge, Macon Circuit (Brown),,Write-in,2,1,0,1,0
Peach,FORT VALLEY #2,Superior Court Judge, Macon Circuit (Brown),,Write-in,0,0,0,0,0
Peach,FORT VALLEY #3,Superior Court Judge, Macon Circuit (Brown),,Write-in,1,0,1,0,0
Peach,POWERSVILLE,Superior Court Judge, Macon Circuit (Brown),,Write-in,0,0,0,0,0
Peach,,Superior Court Judge, Macon Circuit (Ennis),I,EDGAR W ENNIS JR.,2724,77,1820,826,1
Peach,BYRON #1,Superior Court Judge, Macon Circuit (Ennis),I,EDGAR W ENNIS JR.,383,3,333,47,0
Peach,BYRON #2,Superior Court Judge, Macon Circuit (Ennis),I,EDGAR W ENNIS JR.,571,16,483,72,0
Peach,CLAUDE,Superior Court Judge, Macon Circuit (Ennis),I,EDGAR W ENNIS JR.,100,2,83,15,0
Peach,FORT VALLEY #1,Superior Court Judge, Macon Circuit (Ennis),I,EDGAR W ENNIS JR.,548,22,286,240,0
Peach,FORT VALLEY #2,Superior Court Judge, Macon Circuit (Ennis),I,EDGAR W ENNIS JR.,376,15,205,156,0
Peach,FORT VALLEY #3,Superior Court Judge, Macon Circuit (Ennis),I,EDGAR W ENNIS JR.,547,18,261,267,1
Peach,POWERSVILLE,Superior Court Judge, Macon Circuit (Ennis),I,EDGAR W ENNIS JR.,199,1,169,29,0
Peach,,Superior Court Judge, Macon Circuit (Ennis),,Write-in,4,0,3,1,0
Peach,BYRON #1,Superior Court Judge, Macon Circuit (Ennis),,Write-in,1,0,1,0,0
Peach,BYRON #2,Superior Court Judge, Macon Circuit (Ennis),,Write-in,2,0,2,0,0
Peach,CLAUDE,Superior Court Judge, Macon Circuit (Ennis),,Write-in,0,0,0,0,0
Peach,FORT VALLEY #1,Superior Court Judge, Macon Circuit (Ennis),,Write-in,1,0,0,1,0
Peach,FORT VALLEY #2,Superior Court Judge, Macon Circuit (Ennis),,Write-in,0,0,0,0,0
Peach,FORT VALLEY #3,Superior Court Judge, Macon Circuit (Ennis),,Write-in,0,0,0,0,0
Peach,POWERSVILLE,Superior Court Judge, Macon Circuit (Ennis),,Write-in,0,0,0,0,0
Peach,,JUDGE PROBATE CT,,I,DEBORAH HUNNICUTT,3035,81,1991,962,1
Peach,BYRON #1,JUDGE PROBATE CT,,I,DEBORAH HUNNICUTT,414,3,360,51,0
Peach,BYRON #2,JUDGE PROBATE CT,,I,DEBORAH HUNNICUTT,584,16,496,72,0
Peach,CLAUDE,JUDGE PROBATE CT,,I,DEBORAH HUNNICUTT,104,2,87,15,0
Peach,FORT VALLEY #1,JUDGE PROBATE CT,,I,DEBORAH HUNNICUTT,647,23,326,298,0
Peach,FORT VALLEY #2,JUDGE PROBATE CT,,I,DEBORAH HUNNICUTT,437,16,236,185,0
Peach,FORT VALLEY #3,JUDGE PROBATE CT,,I,DEBORAH HUNNICUTT,629,18,304,306,1
Peach,POWERSVILLE,JUDGE PROBATE CT,,I,DEBORAH HUNNICUTT,220,3,182,35,0
Peach,,JUDGE PROBATE CT,,,Write-in,1,0,1,0,0
Peach,BYRON #1,JUDGE PROBATE CT,,,Write-in,0,0,0,0,0
Peach,BYRON #2,JUDGE PROBATE CT,,,Write-in,1,0,1,0,0
Peach,CLAUDE,JUDGE PROBATE CT,,,Write-in,0,0,0,0,0
Peach,FORT VALLEY #1,JUDGE PROBATE CT,,,Write-in,0,0,0,0,0
Peach,FORT VALLEY #2,JUDGE PROBATE CT,,,Write-in,0,0,0,0,0
Peach,FORT VALLEY #3,JUDGE PROBATE CT,,,Write-in,0,0,0,0,0
Peach,POWERSVILLE,JUDGE PROBATE CT,,,Write-in,0,0,0,0,0
Peach,,CHIEF MAGISTRATE,,,LAURENS C. LEE ,2935,82,1942,910,1
Peach,BYRON #1,CHIEF MAGISTRATE,,,LAURENS C. LEE ,403,2,351,50,0
Peach,BYRON #2,CHIEF MAGISTRATE,,,LAURENS C. LEE ,583,16,497,70,0
Peach,CLAUDE,CHIEF MAGISTRATE,,,LAURENS C. LEE ,104,2,87,15,0
Peach,FORT VALLEY #1,CHIEF MAGISTRATE,,,LAURENS C. LEE ,625,24,321,280,0
Peach,FORT VALLEY #2,CHIEF MAGISTRATE,,,LAURENS C. LEE ,420,17,229,174,0
Peach,FORT VALLEY #3,CHIEF MAGISTRATE,,,LAURENS C. LEE ,590,18,285,286,1
Peach,POWERSVILLE,CHIEF MAGISTRATE,,,LAURENS C. LEE ,210,3,172,35,0
Peach,,CHIEF MAGISTRATE,,,Write-in,3,0,2,1,0
Peach,BYRON #1,CHIEF MAGISTRATE,,,Write-in,0,0,0,0,0
Peach,BYRON #2,CHIEF MAGISTRATE,,,Write-in,1,0,1,0,0
Peach,CLAUDE,CHIEF MAGISTRATE,,,Write-in,1,0,1,0,0
Peach,FORT VALLEY #1,CHIEF MAGISTRATE,,,Write-in,1,0,0,1,0
Peach,FORT VALLEY #2,CHIEF MAGISTRATE,,,Write-in,0,0,0,0,0
Peach,FORT VALLEY #3,CHIEF MAGISTRATE,,,Write-in,0,0,0,0,0
Peach,POWERSVILLE,CHIEF MAGISTRATE,,,Write-in,0,0,0,0,0
Peach,,TSPLOST,,,YES,1825,63,1191,570,1
Peach,BYRON #1,TSPLOST,,,YES,214,2,185,27,0
Peach,BYRON #2,TSPLOST,,,YES,299,12,251,36,0
Peach,CLAUDE,TSPLOST,,,YES,38,1,32,5,0
Peach,FORT VALLEY #1,TSPLOST,,,YES,398,14,220,164,0
Peach,FORT VALLEY #2,TSPLOST,,,YES,302,16,174,112,0
Peach,FORT VALLEY #3,TSPLOST,,,YES,479,16,247,215,1
Peach,POWERSVILLE,TSPLOST,,,YES,95,2,82,11,0
Peach,,TSPLOST,,,NO,1866,38,1307,521,0
Peach,BYRON #1,TSPLOST,,,NO,323,3,283,37,0
Peach,BYRON #2,TSPLOST,,,NO,460,7,400,53,0
Peach,CLAUDE,TSPLOST,,,NO,115,2,98,15,0
Peach,FORT VALLEY #1,TSPLOST,,,NO,339,16,156,167,0
Peach,FORT VALLEY #2,TSPLOST,,,NO,196,2,102,92,0
Peach,FORT VALLEY #3,TSPLOST,,,NO,239,5,109,125,0
Peach,POWERSVILLE,TSPLOST,,,NO,194,3,159,32,0
Peach,,SUNDAY SALES OF ALCOHOL BY THE DRINK,,,YES,2150,45,1519,585,1
Peach,BYRON #1,SUNDAY SALES OF ALCOHOL BY THE DRINK,,,YES,280,2,245,33,0
Peach,BYRON #2,SUNDAY SALES OF ALCOHOL BY THE DRINK,,,YES,424,7,372,45,0
Peach,CLAUDE,SUNDAY SALES OF ALCOHOL BY THE DRINK,,,YES,79,1,63,15,0
Peach,FORT VALLEY #1,SUNDAY SALES OF ALCOHOL BY THE DRINK,,,YES,410,7,238,165,0
Peach,FORT VALLEY #2,SUNDAY SALES OF ALCOHOL BY THE DRINK,,,YES,329,13,202,114,0
Peach,FORT VALLEY #3,SUNDAY SALES OF ALCOHOL BY THE DRINK,,,YES,457,14,245,197,1
Peach,POWERSVILLE,SUNDAY SALES OF ALCOHOL BY THE DRINK,,,YES,171,1,154,16,0
Peach,,SUNDAY SALES OF ALCOHOL BY THE DRINK,,,NO,1623,54,1019,550,0
Peach,BYRON #1,SUNDAY SALES OF ALCOHOL BY THE DRINK,,,NO,253,3,219,31,0
Peach,BYRON #2,SUNDAY SALES OF ALCOHOL BY THE DRINK,,,NO,332,12,276,44,0
Peach,CLAUDE,SUNDAY SALES OF ALCOHOL BY THE DRINK,,,NO,74,2,67,5,0
Peach,FORT VALLEY #1,SUNDAY SALES OF ALCOHOL BY THE DRINK,,,NO,358,23,157,178,0
Peach,FORT VALLEY #2,SUNDAY SALES OF ALCOHOL BY THE DRINK,,,NO,191,4,86,101,0
Peach,FORT VALLEY #3,SUNDAY SALES OF ALCOHOL BY THE DRINK,,,NO,299,7,128,164,0
Peach,POWERSVILLE,SUNDAY SALES OF ALCOHOL BY THE DRINK,,,NO,116,3,86,27,0
