county,precinct,office,district,party,candidate,votes,absentee_by_mail,election_day,advance_in_person,provisional
Polk,,"Public Service Commission, District 3",3,REP,CHUCK EATON (I),2361,55,1528,777,1
Polk,ARAGON,"Public Service Commission, District 3",3,REP,CHUCK EATON (I),268,3,221,44,0
Polk,BLOOMING GROVE,"Public Service Commission, District 3",3,REP,CHUCK EATON (I),166,6,127,33,0
Polk,CEDARTOWN,"Public Service Commission, District 3",3,REP,CHUCK EATON (I),684,31,365,287,1
Polk,FISH CREEK,"Public Service Commission, District 3",3,REP,CHUCK EATON (I),293,3,221,69,0
Polk,LAKE CREEK,"Public Service Commission, District 3",3,REP,CHUCK EATON (I),285,5,182,98,0
Polk,ROCKMART,"Public Service Commission, District 3",3,REP,CHUCK EATON (I),475,4,279,192,0
Polk,YOUNGS GROVE,"Public Service Commission, District 3",3,REP,CHUCK EATON (I),190,3,133,54,0
Polk,,"Public Service Commission, District 3",3,REP,MATT REID,2750,47,1787,912,4
Polk,ARAGON,"Public Service Commission, District 3",3,REP,MATT REID,292,1,223,67,1
Polk,BLOOMING GROVE,"Public Service Commission, District 3",3,REP,MATT REID,225,5,160,60,0
Polk,CEDARTOWN,"Public Service Commission, District 3",3,REP,MATT REID,713,23,387,302,1
Polk,FISH CREEK,"Public Service Commission, District 3",3,REP,MATT REID,331,1,260,70,0
Polk,LAKE CREEK,"Public Service Commission, District 3",3,REP,MATT REID,413,4,248,161,0
Polk,ROCKMART,"Public Service Commission, District 3",3,REP,MATT REID,514,10,315,187,2
Polk,YOUNGS GROVE,"Public Service Commission, District 3",3,REP,MATT REID,262,3,194,65,0
Polk,,"Public Service Commission, District 3",3,DEM,STEPHEN OPPENHEIMER,703,43,491,169,0
Polk,ARAGON,"Public Service Commission, District 3",3,DEM,STEPHEN OPPENHEIMER,72,0,60,12,0
Polk,BLOOMING GROVE,"Public Service Commission, District 3",3,DEM,STEPHEN OPPENHEIMER,42,1,32,9,0
Polk,CEDARTOWN,"Public Service Commission, District 3",3,DEM,STEPHEN OPPENHEIMER,217,26,117,74,0
Polk,FISH CREEK,"Public Service Commission, District 3",3,DEM,STEPHEN OPPENHEIMER,55,0,45,10,0
Polk,LAKE CREEK,"Public Service Commission, District 3",3,DEM,STEPHEN OPPENHEIMER,75,1,54,20,0
Polk,ROCKMART,"Public Service Commission, District 3",3,DEM,STEPHEN OPPENHEIMER,191,11,149,31,0
Polk,YOUNGS GROVE,"Public Service Commission, District 3",3,DEM,STEPHEN OPPENHEIMER,51,4,34,13,0
Polk,,"Public Service Commission, District 5",5,REP,PAM DAVIDSON,2863,44,1869,946,4
Polk,ARAGON,"Public Service Commission, District 5",5,REP,PAM DAVIDSON,307,1,235,70,1
Polk,BLOOMING GROVE,"Public Service Commission, District 5",5,REP,PAM DAVIDSON,233,8,166,59,0
Polk,CEDARTOWN,"Public Service Commission, District 5",5,REP,PAM DAVIDSON,760,16,416,327,1
Polk,FISH CREEK,"Public Service Commission, District 5",5,REP,PAM DAVIDSON,363,1,282,80,0
Polk,LAKE CREEK,"Public Service Commission, District 5",5,REP,PAM DAVIDSON,405,5,251,149,0
Polk,ROCKMART,"Public Service Commission, District 5",5,REP,PAM DAVIDSON,528,10,320,196,2
Polk,YOUNGS GROVE,"Public Service Commission, District 5",5,REP,PAM DAVIDSON,267,3,199,65,0
Polk,,"Public Service Commission, District 5",5,REP,STAN WISE (I),2193,59,1400,734,0
Polk,ARAGON,"Public Service Commission, District 5",5,REP,STAN WISE (I),248,3,200,45,0
Polk,BLOOMING GROVE,"Public Service Commission, District 5",5,REP,STAN WISE (I),151,3,116,32,0
Polk,CEDARTOWN,"Public Service Commission, District 5",5,REP,STAN WISE (I),614,38,320,256,0
Polk,FISH CREEK,"Public Service Commission, District 5",5,REP,STAN WISE (I),256,3,195,58,0
Polk,LAKE CREEK,"Public Service Commission, District 5",5,REP,STAN WISE (I),281,4,174,103,0
Polk,ROCKMART,"Public Service Commission, District 5",5,REP,STAN WISE (I),458,5,270,183,0
Polk,YOUNGS GROVE,"Public Service Commission, District 5",5,REP,STAN WISE (I),185,3,125,57,0
Polk,,"U.S. Representative, District 14",14,REP,TOM GRAVES (I),4237,92,2774,1367,4
Polk,ARAGON,"U.S. Representative, District 14",14,REP,TOM GRAVES (I),477,4,372,100,1
Polk,BLOOMING GROVE,"U.S. Representative, District 14",14,REP,TOM GRAVES (I),330,10,245,75,0
Polk,CEDARTOWN,"U.S. Representative, District 14",14,REP,TOM GRAVES (I),1153,47,622,483,1
Polk,FISH CREEK,"U.S. Representative, District 14",14,REP,TOM GRAVES (I),509,4,394,111,0
Polk,LAKE CREEK,"U.S. Representative, District 14",14,REP,TOM GRAVES (I),552,8,350,194,0
Polk,ROCKMART,"U.S. Representative, District 14",14,REP,TOM GRAVES (I),835,14,512,307,2
Polk,YOUNGS GROVE,"U.S. Representative, District 14",14,REP,TOM GRAVES (I),381,5,279,97,0
Polk,,"U.S. Representative, District 14",14,DEM,"DANIEL ""DANNY"" GRANT",639,45,444,150,0
Polk,ARAGON,"U.S. Representative, District 14",14,DEM,"DANIEL ""DANNY"" GRANT",58,0,48,10,0
Polk,BLOOMING GROVE,"U.S. Representative, District 14",14,DEM,"DANIEL ""DANNY"" GRANT",37,1,29,7,0
Polk,CEDARTOWN,"U.S. Representative, District 14",14,DEM,"DANIEL ""DANNY"" GRANT",205,28,111,66,0
Polk,FISH CREEK,"U.S. Representative, District 14",14,DEM,"DANIEL ""DANNY"" GRANT",52,0,42,10,0
Polk,LAKE CREEK,"U.S. Representative, District 14",14,DEM,"DANIEL ""DANNY"" GRANT",68,1,48,19,0
Polk,ROCKMART,"U.S. Representative, District 14",14,DEM,"DANIEL ""DANNY"" GRANT",175,11,137,27,0
Polk,YOUNGS GROVE,"U.S. Representative, District 14",14,DEM,"DANIEL ""DANNY"" GRANT",44,4,29,11,0
Polk,,"State Senator, District 31",31,REP,BILL CARRUTH,2213,29,1405,777,2
Polk,ARAGON,"State Senator, District 31",31,REP,BILL CARRUTH,224,2,174,48,0
Polk,BLOOMING GROVE,"State Senator, District 31",31,REP,BILL CARRUTH,142,5,105,32,0
Polk,CEDARTOWN,"State Senator, District 31",31,REP,BILL CARRUTH,636,13,335,288,0
Polk,FISH CREEK,"State Senator, District 31",31,REP,BILL CARRUTH,280,0,208,72,0
Polk,LAKE CREEK,"State Senator, District 31",31,REP,BILL CARRUTH,278,2,165,111,0
Polk,ROCKMART,"State Senator, District 31",31,REP,BILL CARRUTH,439,4,265,168,2
Polk,YOUNGS GROVE,"State Senator, District 31",31,REP,BILL CARRUTH,214,3,153,58,0
Polk,,"State Senator, District 31",31,REP,BILL HEATH (I),2733,67,1777,888,1
Polk,ARAGON,"State Senator, District 31",31,REP,BILL HEATH (I),307,0,247,59,1
Polk,BLOOMING GROVE,"State Senator, District 31",31,REP,BILL HEATH (I),217,6,159,52,0
Polk,CEDARTOWN,"State Senator, District 31",31,REP,BILL HEATH (I),745,37,417,291,0
Polk,FISH CREEK,"State Senator, District 31",31,REP,BILL HEATH (I),326,3,253,70,0
Polk,LAKE CREEK,"State Senator, District 31",31,REP,BILL HEATH (I),376,7,232,137,0
Polk,ROCKMART,"State Senator, District 31",31,REP,BILL HEATH (I),528,10,306,212,0
Polk,YOUNGS GROVE,"State Senator, District 31",31,REP,BILL HEATH (I),234,4,163,67,0
Polk,,"State Senator, District 31",31,REP,J. K. ROGERS,593,13,394,185,1
Polk,ARAGON,"State Senator, District 31",31,REP,J. K. ROGERS,68,2,49,17,0
Polk,BLOOMING GROVE,"State Senator, District 31",31,REP,J. K. ROGERS,47,0,34,13,0
Polk,CEDARTOWN,"State Senator, District 31",31,REP,J. K. ROGERS,157,8,81,67,1
Polk,FISH CREEK,"State Senator, District 31",31,REP,J. K. ROGERS,66,1,54,11,0
Polk,LAKE CREEK,"State Senator, District 31",31,REP,J. K. ROGERS,93,0,71,22,0
Polk,ROCKMART,"State Senator, District 31",31,REP,J. K. ROGERS,114,2,71,41,0
Polk,YOUNGS GROVE,"State Senator, District 31",31,REP,J. K. ROGERS,48,0,34,14,0
Polk,,"State Representative, District 16",16,REP,JENNIFER L. HULSEY,2248,36,1467,743,2
Polk,ARAGON,"State Representative, District 16",16,REP,JENNIFER L. HULSEY,258,1,209,48,0
Polk,BLOOMING GROVE,"State Representative, District 16",16,REP,JENNIFER L. HULSEY,197,8,137,52,0
Polk,CEDARTOWN,"State Representative, District 16",16,REP,JENNIFER L. HULSEY,559,13,297,249,0
Polk,FISH CREEK,"State Representative, District 16",16,REP,JENNIFER L. HULSEY,305,4,221,80,0
Polk,LAKE CREEK,"State Representative, District 16",16,REP,JENNIFER L. HULSEY,282,3,180,99,0
Polk,ROCKMART,"State Representative, District 16",16,REP,JENNIFER L. HULSEY,401,4,243,152,2
Polk,YOUNGS GROVE,"State Representative, District 16",16,REP,JENNIFER L. HULSEY,246,3,180,63,0
Polk,,"State Representative, District 16",16,REP,TREY KELLEY,3339,76,2150,1111,2
Polk,ARAGON,"State Representative, District 16",16,REP,TREY KELLEY,336,3,259,73,1
Polk,BLOOMING GROVE,"State Representative, District 16",16,REP,TREY KELLEY,214,5,163,46,0
Polk,CEDARTOWN,"State Representative, District 16",16,REP,TREY KELLEY,1020,46,567,406,1
Polk,FISH CREEK,"State Representative, District 16",16,REP,TREY KELLEY,368,0,295,73,0
Polk,LAKE CREEK,"State Representative, District 16",16,REP,TREY KELLEY,477,6,291,180,0
Polk,ROCKMART,"State Representative, District 16",16,REP,TREY KELLEY,667,12,398,257,0
Polk,YOUNGS GROVE,"State Representative, District 16",16,REP,TREY KELLEY,257,4,177,76,0
Polk,,"State Representative, District 16",16,DEM,RICK CRAWFORD (I),818,42,560,216,0
Polk,ARAGON,"State Representative, District 16",16,DEM,RICK CRAWFORD (I),79,0,64,15,0
Polk,BLOOMING GROVE,"State Representative, District 16",16,DEM,RICK CRAWFORD (I),49,1,37,11,0
Polk,CEDARTOWN,"State Representative, District 16",16,DEM,RICK CRAWFORD (I),256,26,135,95,0
Polk,FISH CREEK,"State Representative, District 16",16,DEM,RICK CRAWFORD (I),69,0,54,15,0
Polk,LAKE CREEK,"State Representative, District 16",16,DEM,RICK CRAWFORD (I),86,0,62,24,0
Polk,ROCKMART,"State Representative, District 16",16,DEM,RICK CRAWFORD (I),226,11,173,42,0
Polk,YOUNGS GROVE,"State Representative, District 16",16,DEM,RICK CRAWFORD (I),53,4,35,14,0
Polk,,"District Attorney, Tallapoosa Circuit", Tallapoosa Circuit - REP,REP,ROBERT BROOKS (I),3233,74,2125,1033,1
Polk,ARAGON,"District Attorney, Tallapoosa Circuit", Tallapoosa Circuit - REP,REP,ROBERT BROOKS (I),328,2,268,58,0
Polk,BLOOMING GROVE,"District Attorney, Tallapoosa Circuit", Tallapoosa Circuit - REP,REP,ROBERT BROOKS (I),229,8,170,51,0
Polk,CEDARTOWN,"District Attorney, Tallapoosa Circuit", Tallapoosa Circuit - REP,REP,ROBERT BROOKS (I),974,44,545,384,1
Polk,FISH CREEK,"District Attorney, Tallapoosa Circuit", Tallapoosa Circuit - REP,REP,ROBERT BROOKS (I),378,2,289,87,0
Polk,LAKE CREEK,"District Attorney, Tallapoosa Circuit", Tallapoosa Circuit - REP,REP,ROBERT BROOKS (I),465,5,296,164,0
Polk,ROCKMART,"District Attorney, Tallapoosa Circuit", Tallapoosa Circuit - REP,REP,ROBERT BROOKS (I),574,9,354,211,0
Polk,YOUNGS GROVE,"District Attorney, Tallapoosa Circuit", Tallapoosa Circuit - REP,REP,ROBERT BROOKS (I),285,4,203,78,0
Polk,,"District Attorney, Tallapoosa Circuit", Tallapoosa Circuit - REP,REP,JACK BROWNING,2271,37,1408,823,3
Polk,ARAGON,"District Attorney, Tallapoosa Circuit", Tallapoosa Circuit - REP,REP,JACK BROWNING,248,2,183,62,1
Polk,BLOOMING GROVE,"District Attorney, Tallapoosa Circuit", Tallapoosa Circuit - REP,REP,JACK BROWNING,175,4,123,48,0
Polk,CEDARTOWN,"District Attorney, Tallapoosa Circuit", Tallapoosa Circuit - REP,REP,JACK BROWNING,585,15,297,273,0
Polk,FISH CREEK,"District Attorney, Tallapoosa Circuit", Tallapoosa Circuit - REP,REP,JACK BROWNING,287,2,216,69,0
Polk,LAKE CREEK,"District Attorney, Tallapoosa Circuit", Tallapoosa Circuit - REP,REP,JACK BROWNING,295,4,175,116,0
Polk,ROCKMART,"District Attorney, Tallapoosa Circuit", Tallapoosa Circuit - REP,REP,JACK BROWNING,472,7,269,194,2
Polk,YOUNGS GROVE,"District Attorney, Tallapoosa Circuit", Tallapoosa Circuit - REP,REP,JACK BROWNING,209,3,145,61,0
Polk,,JUDGE PROBATE COURT,,,BOBBY BERSKY,1744,32,1179,532,1
Polk,ARAGON,JUDGE PROBATE COURT,,,BOBBY BERSKY,208,3,160,44,1
Polk,BLOOMING GROVE,JUDGE PROBATE COURT,,,BOBBY BERSKY,141,4,104,33,0
Polk,CEDARTOWN,JUDGE PROBATE COURT,,,BOBBY BERSKY,434,7,277,150,0
Polk,FISH CREEK,JUDGE PROBATE COURT,,,BOBBY BERSKY,194,0,149,45,0
Polk,LAKE CREEK,JUDGE PROBATE COURT,,,BOBBY BERSKY,256,4,173,79,0
Polk,ROCKMART,JUDGE PROBATE COURT,,,BOBBY BERSKY,365,9,217,139,0
Polk,YOUNGS GROVE,JUDGE PROBATE COURT,,,BOBBY BERSKY,146,5,99,42,0
Polk,,JUDGE PROBATE COURT,,,LINDA H. SMITH,3674,75,2298,1298,3
Polk,ARAGON,JUDGE PROBATE COURT,,,LINDA H. SMITH,362,1,285,76,0
Polk,BLOOMING GROVE,JUDGE PROBATE COURT,,,LINDA H. SMITH,261,6,187,68,0
Polk,CEDARTOWN,JUDGE PROBATE COURT,,,LINDA H. SMITH,1118,51,563,503,1
Polk,FISH CREEK,JUDGE PROBATE COURT,,,LINDA H. SMITH,455,4,344,107,0
Polk,LAKE CREEK,JUDGE PROBATE COURT,,,LINDA H. SMITH,484,5,288,191,0
Polk,ROCKMART,JUDGE PROBATE COURT,,,LINDA H. SMITH,652,6,388,256,2
Polk,YOUNGS GROVE,JUDGE PROBATE COURT,,,LINDA H. SMITH,342,2,243,97,0
Polk,,CLERK SUPERIOR COURT,,,SHEILA WELLS ,4780,93,3095,1588,4
Polk,ARAGON,CLERK SUPERIOR COURT,,,SHEILA WELLS ,498,4,387,106,1
Polk,BLOOMING GROVE,CLERK SUPERIOR COURT,,,SHEILA WELLS ,353,12,259,82,0
Polk,CEDARTOWN,CLERK SUPERIOR COURT,,,SHEILA WELLS ,1376,50,748,577,1
Polk,FISH CREEK,CLERK SUPERIOR COURT,,,SHEILA WELLS ,559,4,432,123,0
Polk,LAKE CREEK,CLERK SUPERIOR COURT,,,SHEILA WELLS ,653,7,413,233,0
Polk,ROCKMART,CLERK SUPERIOR COURT,,,SHEILA WELLS ,918,12,554,350,2
Polk,YOUNGS GROVE,CLERK SUPERIOR COURT,,,SHEILA WELLS ,423,4,302,117,0
Polk,,SHERIFF,,,MICHAEL MCGEE,968,22,663,283,0
Polk,ARAGON,SHERIFF,,,MICHAEL MCGEE,49,1,40,8,0
Polk,BLOOMING GROVE,SHERIFF,,,MICHAEL MCGEE,105,4,76,25,0
Polk,CEDARTOWN,SHERIFF,,,MICHAEL MCGEE,377,10,247,120,0
Polk,FISH CREEK,SHERIFF,,,MICHAEL MCGEE,54,2,40,12,0
Polk,LAKE CREEK,SHERIFF,,,MICHAEL MCGEE,159,1,106,52,0
Polk,ROCKMART,SHERIFF,,,MICHAEL MCGEE,118,3,79,36,0
Polk,YOUNGS GROVE,SHERIFF,,,MICHAEL MCGEE,106,1,75,30,0
Polk,,SHERIFF,,,JOHNNY S. MOATS,2009,39,1260,708,2
Polk,ARAGON,SHERIFF,,,JOHNNY S. MOATS,158,0,110,48,0
Polk,BLOOMING GROVE,SHERIFF,,,JOHNNY S. MOATS,178,3,132,43,0
Polk,CEDARTOWN,SHERIFF,,,JOHNNY S. MOATS,647,26,332,288,1
Polk,FISH CREEK,SHERIFF,,,JOHNNY S. MOATS,222,2,173,47,0
Polk,LAKE CREEK,SHERIFF,,,JOHNNY S. MOATS,362,4,226,132,0
Polk,ROCKMART,SHERIFF,,,JOHNNY S. MOATS,255,1,158,95,1
Polk,YOUNGS GROVE,SHERIFF,,,JOHNNY S. MOATS,187,3,129,55,0
Polk,,SHERIFF,,,RANDY C. STEWART,606,7,407,190,2
Polk,ARAGON,SHERIFF,,,RANDY C. STEWART,86,0,72,13,1
Polk,BLOOMING GROVE,SHERIFF,,,RANDY C. STEWART,28,1,19,8,0
Polk,CEDARTOWN,SHERIFF,,,RANDY C. STEWART,117,6,54,57,0
Polk,FISH CREEK,SHERIFF,,,RANDY C. STEWART,132,0,106,26,0
Polk,LAKE CREEK,SHERIFF,,,RANDY C. STEWART,63,0,43,20,0
Polk,ROCKMART,SHERIFF,,,RANDY C. STEWART,142,0,89,52,1
Polk,YOUNGS GROVE,SHERIFF,,,RANDY C. STEWART,38,0,24,14,0
Polk,,SHERIFF,,,MIKE SULLIVAN,1864,31,1196,637,0
Polk,ARAGON,SHERIFF,,,MIKE SULLIVAN,313,3,255,55,0
Polk,BLOOMING GROVE,SHERIFF,,,MIKE SULLIVAN,91,3,65,23,0
Polk,CEDARTOWN,SHERIFF,,,MIKE SULLIVAN,343,8,181,154,0
Polk,FISH CREEK,SHERIFF,,,MIKE SULLIVAN,263,0,194,69,0
Polk,LAKE CREEK,SHERIFF,,,MIKE SULLIVAN,160,4,91,65,0
Polk,ROCKMART,SHERIFF,,,MIKE SULLIVAN,544,11,304,229,0
Polk,YOUNGS GROVE,SHERIFF,,,MIKE SULLIVAN,150,2,106,42,0
Polk,,SHERIFF,,I,J. KELLY MCLENDON,787,43,538,206,0
Polk,ARAGON,SHERIFF,,I,J. KELLY MCLENDON,69,0,57,12,0
Polk,BLOOMING GROVE,SHERIFF,,I,J. KELLY MCLENDON,44,1,30,13,0
Polk,CEDARTOWN,SHERIFF,,I,J. KELLY MCLENDON,253,28,138,87,0
Polk,FISH CREEK,SHERIFF,,I,J. KELLY MCLENDON,68,0,52,16,0
Polk,LAKE CREEK,SHERIFF,,I,J. KELLY MCLENDON,87,1,58,28,0
Polk,ROCKMART,SHERIFF,,I,J. KELLY MCLENDON,210,9,165,36,0
Polk,YOUNGS GROVE,SHERIFF,,I,J. KELLY MCLENDON,56,4,38,14,0
Polk,,TAX COMMISSIONER,,,MIKE HOGG,1932,33,1263,634,2
Polk,ARAGON,TAX COMMISSIONER,,,MIKE HOGG,230,2,172,55,1
Polk,BLOOMING GROVE,TAX COMMISSIONER,,,MIKE HOGG,170,5,119,46,0
Polk,CEDARTOWN,TAX COMMISSIONER,,,MIKE HOGG,493,10,286,197,0
Polk,FISH CREEK,TAX COMMISSIONER,,,MIKE HOGG,206,2,156,48,0
Polk,LAKE CREEK,TAX COMMISSIONER,,,MIKE HOGG,315,5,194,116,0
Polk,ROCKMART,TAX COMMISSIONER,,,MIKE HOGG,333,4,200,128,1
Polk,YOUNGS GROVE,TAX COMMISSIONER,,,MIKE HOGG,185,5,136,44,0
Polk,,TAX COMMISSIONER,,,DOROTHY C. WOOD ,3669,79,2348,1241,1
Polk,ARAGON,TAX COMMISSIONER,,,DOROTHY C. WOOD ,364,2,296,66,0
Polk,BLOOMING GROVE,TAX COMMISSIONER,,,DOROTHY C. WOOD ,243,8,179,56,0
Polk,CEDARTOWN,TAX COMMISSIONER,,,DOROTHY C. WOOD ,1079,49,564,465,1
Polk,FISH CREEK,TAX COMMISSIONER,,,DOROTHY C. WOOD ,480,2,371,107,0
Polk,LAKE CREEK,TAX COMMISSIONER,,,DOROTHY C. WOOD ,454,4,284,166,0
Polk,ROCKMART,TAX COMMISSIONER,,,DOROTHY C. WOOD ,731,12,435,284,0
Polk,YOUNGS GROVE,TAX COMMISSIONER,,,DOROTHY C. WOOD ,318,2,219,97,0
Polk,,TAX COMMISSIONER,,,KATHY M. COLE,723,42,505,176,0
Polk,ARAGON,TAX COMMISSIONER,,,KATHY M. COLE,69,0,58,11,0
Polk,BLOOMING GROVE,TAX COMMISSIONER,,,KATHY M. COLE,42,1,32,9,0
Polk,CEDARTOWN,TAX COMMISSIONER,,,KATHY M. COLE,227,26,122,79,0
Polk,FISH CREEK,TAX COMMISSIONER,,,KATHY M. COLE,59,0,51,8,0
Polk,LAKE CREEK,TAX COMMISSIONER,,,KATHY M. COLE,78,1,55,22,0
Polk,ROCKMART,TAX COMMISSIONER,,,KATHY M. COLE,203,10,155,38,0
Polk,YOUNGS GROVE,TAX COMMISSIONER,,,KATHY M. COLE,45,4,32,9,0
Polk,,SURVEYOR,,,W. VANN ANGEL ,684,45,464,175,0
Polk,ARAGON,SURVEYOR,,,W. VANN ANGEL ,66,0,56,10,0
Polk,BLOOMING GROVE,SURVEYOR,,,W. VANN ANGEL ,41,1,30,10,0
Polk,CEDARTOWN,SURVEYOR,,,W. VANN ANGEL ,220,28,114,78,0
Polk,FISH CREEK,SURVEYOR,,,W. VANN ANGEL ,55,0,42,13,0
Polk,LAKE CREEK,SURVEYOR,,,W. VANN ANGEL ,76,1,51,24,0
Polk,ROCKMART,SURVEYOR,,,W. VANN ANGEL ,181,11,140,30,0
Polk,YOUNGS GROVE,SURVEYOR,,,W. VANN ANGEL ,45,4,31,10,0
Polk,,CORONER,,,L. LITESEY III ,4886,94,3172,1615,5
Polk,ARAGON,CORONER,,,L. LITESEY III ,508,4,399,104,1
Polk,BLOOMING GROVE,CORONER,,,L. LITESEY III ,357,10,262,85,0
Polk,CEDARTOWN,CORONER,,,L. LITESEY III ,1402,48,761,591,2
Polk,FISH CREEK,CORONER,,,L. LITESEY III ,578,4,444,130,0
Polk,LAKE CREEK,CORONER,,,L. LITESEY III ,679,8,428,243,0
Polk,ROCKMART,CORONER,,,L. LITESEY III ,917,14,560,341,2
Polk,YOUNGS GROVE,CORONER,,,L. LITESEY III ,445,6,318,121,0
Polk,,CHIEF MAGISTRATE,,,JEAN CRANE ,4610,86,3000,1519,5
Polk,ARAGON,CHIEF MAGISTRATE,,,JEAN CRANE ,487,3,384,99,1
Polk,BLOOMING GROVE,CHIEF MAGISTRATE,,,JEAN CRANE ,337,10,251,76,0
Polk,CEDARTOWN,CHIEF MAGISTRATE,,,JEAN CRANE ,1321,43,722,554,2
Polk,FISH CREEK,CHIEF MAGISTRATE,,,JEAN CRANE ,553,4,427,122,0
Polk,LAKE CREEK,CHIEF MAGISTRATE,,,JEAN CRANE ,629,7,397,225,0
Polk,ROCKMART,CHIEF MAGISTRATE,,,JEAN CRANE ,879,14,529,334,2
Polk,YOUNGS GROVE,CHIEF MAGISTRATE,,,JEAN CRANE ,404,5,290,109,0
Polk,,CC D1,,,BILLY CROKER,3127,68,1971,1084,4
Polk,ARAGON,CC D1,,,BILLY CROKER,301,2,240,58,1
Polk,BLOOMING GROVE,CC D1,,,BILLY CROKER,220,7,157,56,0
Polk,CEDARTOWN,CC D1,,,BILLY CROKER,1038,40,544,453,1
Polk,FISH CREEK,CC D1,,,BILLY CROKER,316,1,252,63,0
Polk,LAKE CREEK,CC D1,,,BILLY CROKER,410,7,242,161,0
Polk,ROCKMART,CC D1,,,BILLY CROKER,563,7,348,206,2
Polk,YOUNGS GROVE,CC D1,,,BILLY CROKER,279,4,188,87,0
Polk,,CC D1,,,CLEVE HARTLEY ,2393,42,1588,762,1
Polk,ARAGON,CC D1,,,CLEVE HARTLEY ,284,2,222,60,0
Polk,BLOOMING GROVE,CC D1,,,CLEVE HARTLEY ,193,6,141,46,0
Polk,CEDARTOWN,CC D1,,,CLEVE HARTLEY ,534,20,304,209,1
Polk,FISH CREEK,CC D1,,,CLEVE HARTLEY ,349,3,259,87,0
Polk,LAKE CREEK,CC D1,,,CLEVE HARTLEY ,345,2,231,112,0
Polk,ROCKMART,CC D1,,,CLEVE HARTLEY ,470,7,268,195,0
Polk,YOUNGS GROVE,CC D1,,,CLEVE HARTLEY ,218,2,163,53,0
Polk,,CC D2,,,RAY BARBER,1978,40,1282,656,0
Polk,ARAGON,CC D2,,,RAY BARBER,225,4,169,52,0
Polk,BLOOMING GROVE,CC D2,,,RAY BARBER,133,3,96,34,0
Polk,CEDARTOWN,CC D2,,,RAY BARBER,560,26,308,226,0
Polk,FISH CREEK,CC D2,,,RAY BARBER,249,0,199,50,0
Polk,LAKE CREEK,CC D2,,,RAY BARBER,257,3,166,88,0
Polk,ROCKMART,CC D2,,,RAY BARBER,390,3,228,159,0
Polk,YOUNGS GROVE,CC D2,,,RAY BARBER,164,1,116,47,0
Polk,,CC D2,,,RICKY CLARK ,1581,23,1019,536,3
Polk,ARAGON,CC D2,,,RICKY CLARK ,223,0,179,43,1
Polk,BLOOMING GROVE,CC D2,,,RICKY CLARK ,96,3,73,20,0
Polk,CEDARTOWN,CC D2,,,RICKY CLARK ,320,10,154,155,1
Polk,FISH CREEK,CC D2,,,RICKY CLARK ,257,1,192,64,0
Polk,LAKE CREEK,CC D2,,,RICKY CLARK ,187,1,112,74,0
Polk,ROCKMART,CC D2,,,RICKY CLARK ,391,5,233,152,1
Polk,YOUNGS GROVE,CC D2,,,RICKY CLARK ,107,3,76,28,0
Polk,,CC D2,,,SCOTT MCCRAY,1151,21,776,353,1
Polk,ARAGON,CC D2,,,SCOTT MCCRAY,83,0,64,19,0
Polk,BLOOMING GROVE,CC D2,,,SCOTT MCCRAY,102,2,79,21,0
Polk,CEDARTOWN,CC D2,,,SCOTT MCCRAY,374,8,228,137,1
Polk,FISH CREEK,CC D2,,,SCOTT MCCRAY,93,2,73,18,0
Polk,LAKE CREEK,CC D2,,,SCOTT MCCRAY,194,2,127,65,0
Polk,ROCKMART,CC D2,,,SCOTT MCCRAY,146,4,90,52,0
Polk,YOUNGS GROVE,CC D2,,,SCOTT MCCRAY,159,3,115,41,0
Polk,,CC D2,,,HOWARD SMITH,737,23,427,286,1
Polk,ARAGON,CC D2,,,HOWARD SMITH,52,0,46,6,0
Polk,BLOOMING GROVE,CC D2,,,HOWARD SMITH,78,5,53,20,0
Polk,CEDARTOWN,CC D2,,,HOWARD SMITH,249,12,114,123,0
Polk,FISH CREEK,CC D2,,,HOWARD SMITH,67,1,44,22,0
Polk,LAKE CREEK,CC D2,,,HOWARD SMITH,106,3,55,48,0
Polk,ROCKMART,CC D2,,,HOWARD SMITH,112,2,67,42,1
Polk,YOUNGS GROVE,CC D2,,,HOWARD SMITH,73,0,48,25,0
Polk,,CC D3,,,STEFANIE D. BURFORD,3001,48,1925,1024,4
Polk,ARAGON,CC D3,,,STEFANIE D. BURFORD,282,1,213,67,1
Polk,BLOOMING GROVE,CC D3,,,STEFANIE D. BURFORD,223,3,167,53,0
Polk,CEDARTOWN,CC D3,,,STEFANIE D. BURFORD,946,30,514,401,1
Polk,FISH CREEK,CC D3,,,STEFANIE D. BURFORD,323,2,247,74,0
Polk,LAKE CREEK,CC D3,,,STEFANIE D. BURFORD,454,5,290,159,0
Polk,ROCKMART,CC D3,,,STEFANIE D. BURFORD,477,4,284,187,2
Polk,YOUNGS GROVE,CC D3,,,STEFANIE D. BURFORD,296,3,210,83,0
Polk,,CC D3,,I,LARRY L. REYNOLDS,2336,58,1503,774,1
Polk,ARAGON,CC D3,,I,LARRY L. REYNOLDS,292,3,236,53,0
Polk,BLOOMING GROVE,CC D3,,I,LARRY L. REYNOLDS,177,8,124,45,0
Polk,CEDARTOWN,CC D3,,I,LARRY L. REYNOLDS,536,25,285,225,1
Polk,FISH CREEK,CC D3,,I,LARRY L. REYNOLDS,331,2,252,77,0
Polk,LAKE CREEK,CC D3,,I,LARRY L. REYNOLDS,263,4,155,104,0
Polk,ROCKMART,CC D3,,I,LARRY L. REYNOLDS,551,12,323,216,0
Polk,YOUNGS GROVE,CC D3,,I,LARRY L. REYNOLDS,186,4,128,54,0
Polk,,BOE D3,,,SCOTTIE WORTHINGTON,1016,33,533,450,0
Polk,CEDARTOWN,BOE D3,,,SCOTTIE WORTHINGTON,824,31,413,380,0
Polk,LAKE CREEK,BOE D3,,,SCOTTIE WORTHINGTON,192,2,120,70,0
Polk,,BOE D3,,,TIM TURNER ,105,13,52,40,0
Polk,CEDARTOWN,BOE D3,,,TIM TURNER ,85,12,39,34,0
Polk,LAKE CREEK,BOE D3,,,TIM TURNER ,20,1,13,6,0
Polk,,BOE D6,,,HAROLD L. MCDURMON,547,4,344,199,0
Polk,ROCKMART,BOE D6,,,HAROLD L. MCDURMON,547,4,344,199,0
Polk,,Republican Party Question 1<br>Should Georgia have casino gambling with funds going to education?,,REP,YES,3068,35,2013,1018,2
Polk,ARAGON,Republican Party Question 1<br>Should Georgia have casino gambling with funds going to education?,,REP,YES,312,0,238,74,0
Polk,BLOOMING GROVE,Republican Party Question 1<br>Should Georgia have casino gambling with funds going to education?,,REP,YES,202,2,152,48,0
Polk,CEDARTOWN,Republican Party Question 1<br>Should Georgia have casino gambling with funds going to education?,,REP,YES,878,20,522,335,1
Polk,FISH CREEK,Republican Party Question 1<br>Should Georgia have casino gambling with funds going to education?,,REP,YES,340,2,255,83,0
Polk,LAKE CREEK,Republican Party Question 1<br>Should Georgia have casino gambling with funds going to education?,,REP,YES,432,3,282,147,0
Polk,ROCKMART,Republican Party Question 1<br>Should Georgia have casino gambling with funds going to education?,,REP,YES,609,6,360,242,1
Polk,YOUNGS GROVE,Republican Party Question 1<br>Should Georgia have casino gambling with funds going to education?,,REP,YES,295,2,204,89,0
Polk,,Republican Party Question 1<br>Should Georgia have casino gambling with funds going to education?,,REP,NO,2630,75,1679,872,4
Polk,ARAGON,Republican Party Question 1<br>Should Georgia have casino gambling with funds going to education?,,REP,NO,302,4,248,49,1
Polk,BLOOMING GROVE,Republican Party Question 1<br>Should Georgia have casino gambling with funds going to education?,,REP,NO,215,11,151,53,0
Polk,CEDARTOWN,Republican Party Question 1<br>Should Georgia have casino gambling with funds going to education?,,REP,NO,720,37,356,326,1
Polk,FISH CREEK,Republican Party Question 1<br>Should Georgia have casino gambling with funds going to education?,,REP,NO,354,2,277,75,0
Polk,LAKE CREEK,Republican Party Question 1<br>Should Georgia have casino gambling with funds going to education?,,REP,NO,341,6,198,137,0
Polk,ROCKMART,Republican Party Question 1<br>Should Georgia have casino gambling with funds going to education?,,REP,NO,488,10,298,178,2
Polk,YOUNGS GROVE,Republican Party Question 1<br>Should Georgia have casino gambling with funds going to education?,,REP,NO,210,5,151,54,0
Polk,,Republican Party Question 2<br>Do you support ending the current practice of unlimited gifts from lobbyists to state legislators by imposing a $100 cap on such gifts?,,REP,YES,4831,98,3109,1618,6
Polk,ARAGON,Republican Party Question 2<br>Do you support ending the current practice of unlimited gifts from lobbyists to state legislators by imposing a $100 cap on such gifts?,,REP,YES,542,4,426,111,1
Polk,BLOOMING GROVE,Republican Party Question 2<br>Do you support ending the current practice of unlimited gifts from lobbyists to state legislators by imposing a $100 cap on such gifts?,,REP,YES,361,11,265,85,0
Polk,CEDARTOWN,Republican Party Question 2<br>Do you support ending the current practice of unlimited gifts from lobbyists to state legislators by imposing a $100 cap on such gifts?,,REP,YES,1342,50,724,566,2
Polk,FISH CREEK,Republican Party Question 2<br>Do you support ending the current practice of unlimited gifts from lobbyists to state legislators by imposing a $100 cap on such gifts?,,REP,YES,582,4,445,133,0
Polk,LAKE CREEK,Republican Party Question 2<br>Do you support ending the current practice of unlimited gifts from lobbyists to state legislators by imposing a $100 cap on such gifts?,,REP,YES,635,8,396,231,0
Polk,ROCKMART,Republican Party Question 2<br>Do you support ending the current practice of unlimited gifts from lobbyists to state legislators by imposing a $100 cap on such gifts?,,REP,YES,931,14,549,365,3
Polk,YOUNGS GROVE,Republican Party Question 2<br>Do you support ending the current practice of unlimited gifts from lobbyists to state legislators by imposing a $100 cap on such gifts?,,REP,YES,438,7,304,127,0
Polk,,Republican Party Question 2<br>Do you support ending the current practice of unlimited gifts from lobbyists to state legislators by imposing a $100 cap on such gifts?,,REP,NO,805,9,533,263,0
Polk,ARAGON,Republican Party Question 2<br>Do you support ending the current practice of unlimited gifts from lobbyists to state legislators by imposing a $100 cap on such gifts?,,REP,NO,67,0,53,14,0
Polk,BLOOMING GROVE,Republican Party Question 2<br>Do you support ending the current practice of unlimited gifts from lobbyists to state legislators by imposing a $100 cap on such gifts?,,REP,NO,56,2,38,16,0
Polk,CEDARTOWN,Republican Party Question 2<br>Do you support ending the current practice of unlimited gifts from lobbyists to state legislators by imposing a $100 cap on such gifts?,,REP,NO,230,4,138,88,0
Polk,FISH CREEK,Republican Party Question 2<br>Do you support ending the current practice of unlimited gifts from lobbyists to state legislators by imposing a $100 cap on such gifts?,,REP,NO,99,0,76,23,0
Polk,LAKE CREEK,Republican Party Question 2<br>Do you support ending the current practice of unlimited gifts from lobbyists to state legislators by imposing a $100 cap on such gifts?,,REP,NO,128,1,74,53,0
Polk,ROCKMART,Republican Party Question 2<br>Do you support ending the current practice of unlimited gifts from lobbyists to state legislators by imposing a $100 cap on such gifts?,,REP,NO,161,2,103,56,0
Polk,YOUNGS GROVE,Republican Party Question 2<br>Do you support ending the current practice of unlimited gifts from lobbyists to state legislators by imposing a $100 cap on such gifts?,,REP,NO,64,0,51,13,0
Polk,,Republican Party Question 3<br>Should active duty military personnel who are under the age of 21 be allowed to obtain a Georgia weapons license?,,REP,YES,4101,81,2644,1373,3
Polk,ARAGON,Republican Party Question 3<br>Should active duty military personnel who are under the age of 21 be allowed to obtain a Georgia weapons license?,,REP,YES,465,4,363,98,0
Polk,BLOOMING GROVE,Republican Party Question 3<br>Should active duty military personnel who are under the age of 21 be allowed to obtain a Georgia weapons license?,,REP,YES,316,10,227,79,0
Polk,CEDARTOWN,Republican Party Question 3<br>Should active duty military personnel who are under the age of 21 be allowed to obtain a Georgia weapons license?,,REP,YES,1083,39,592,451,1
Polk,FISH CREEK,Republican Party Question 3<br>Should active duty military personnel who are under the age of 21 be allowed to obtain a Georgia weapons license?,,REP,YES,505,4,387,114,0
Polk,LAKE CREEK,Republican Party Question 3<br>Should active duty military personnel who are under the age of 21 be allowed to obtain a Georgia weapons license?,,REP,YES,548,8,341,199,0
Polk,ROCKMART,Republican Party Question 3<br>Should active duty military personnel who are under the age of 21 be allowed to obtain a Georgia weapons license?,,REP,YES,816,12,482,320,2
Polk,YOUNGS GROVE,Republican Party Question 3<br>Should active duty military personnel who are under the age of 21 be allowed to obtain a Georgia weapons license?,,REP,YES,368,4,252,112,0
Polk,,Republican Party Question 3<br>Should active duty military personnel who are under the age of 21 be allowed to obtain a Georgia weapons license?,,REP,NO,1576,28,1029,516,3
Polk,ARAGON,Republican Party Question 3<br>Should active duty military personnel who are under the age of 21 be allowed to obtain a Georgia weapons license?,,REP,NO,145,0,119,25,1
Polk,BLOOMING GROVE,Republican Party Question 3<br>Should active duty military personnel who are under the age of 21 be allowed to obtain a Georgia weapons license?,,REP,NO,102,2,77,23,0
Polk,CEDARTOWN,Republican Party Question 3<br>Should active duty military personnel who are under the age of 21 be allowed to obtain a Georgia weapons license?,,REP,NO,502,18,272,211,1
Polk,FISH CREEK,Republican Party Question 3<br>Should active duty military personnel who are under the age of 21 be allowed to obtain a Georgia weapons license?,,REP,NO,185,0,140,45,0
Polk,LAKE CREEK,Republican Party Question 3<br>Should active duty military personnel who are under the age of 21 be allowed to obtain a Georgia weapons license?,,REP,NO,224,1,142,81,0
Polk,ROCKMART,Republican Party Question 3<br>Should active duty military personnel who are under the age of 21 be allowed to obtain a Georgia weapons license?,,REP,NO,278,4,175,98,1
Polk,YOUNGS GROVE,Republican Party Question 3<br>Should active duty military personnel who are under the age of 21 be allowed to obtain a Georgia weapons license?,,REP,NO,140,3,104,33,0
Polk,,Republican Party Question 4<br>Should Citizens who wish to vote in a primary election be required to register by their political party affiliation at least thirty (30) days prior to such primary election?,,REP,YES,2281,54,1415,808,4
Polk,ARAGON,Republican Party Question 4<br>Should Citizens who wish to vote in a primary election be required to register by their political party affiliation at least thirty (30) days prior to such primary election?,,REP,YES,257,4,200,52,1
Polk,BLOOMING GROVE,Republican Party Question 4<br>Should Citizens who wish to vote in a primary election be required to register by their political party affiliation at least thirty (30) days prior to such primary election?,,REP,YES,160,6,108,46,0
Polk,CEDARTOWN,Republican Party Question 4<br>Should Citizens who wish to vote in a primary election be required to register by their political party affiliation at least thirty (30) days prior to such primary election?,,REP,YES,590,21,312,256,1
Polk,FISH CREEK,Republican Party Question 4<br>Should Citizens who wish to vote in a primary election be required to register by their political party affiliation at least thirty (30) days prior to such primary election?,,REP,YES,299,2,220,77,0
Polk,LAKE CREEK,Republican Party Question 4<br>Should Citizens who wish to vote in a primary election be required to register by their political party affiliation at least thirty (30) days prior to such primary election?,,REP,YES,301,6,178,117,0
Polk,ROCKMART,Republican Party Question 4<br>Should Citizens who wish to vote in a primary election be required to register by their political party affiliation at least thirty (30) days prior to such primary election?,,REP,YES,461,8,252,199,2
Polk,YOUNGS GROVE,Republican Party Question 4<br>Should Citizens who wish to vote in a primary election be required to register by their political party affiliation at least thirty (30) days prior to such primary election?,,REP,YES,213,7,145,61,0
Polk,,Republican Party Question 4<br>Should Citizens who wish to vote in a primary election be required to register by their political party affiliation at least thirty (30) days prior to such primary election?,,REP,NO,3314,52,2204,1056,2
Polk,ARAGON,Republican Party Question 4<br>Should Citizens who wish to vote in a primary election be required to register by their political party affiliation at least thirty (30) days prior to such primary election?,,REP,NO,346,0,276,70,0
Polk,BLOOMING GROVE,Republican Party Question 4<br>Should Citizens who wish to vote in a primary election be required to register by their political party affiliation at least thirty (30) days prior to such primary election?,,REP,NO,255,7,195,53,0
Polk,CEDARTOWN,Republican Party Question 4<br>Should Citizens who wish to vote in a primary election be required to register by their political party affiliation at least thirty (30) days prior to such primary election?,,REP,NO,973,32,542,398,1
Polk,FISH CREEK,Republican Party Question 4<br>Should Citizens who wish to vote in a primary election be required to register by their political party affiliation at least thirty (30) days prior to such primary election?,,REP,NO,377,2,296,79,0
Polk,LAKE CREEK,Republican Party Question 4<br>Should Citizens who wish to vote in a primary election be required to register by their political party affiliation at least thirty (30) days prior to such primary election?,,REP,NO,458,3,295,160,0
Polk,ROCKMART,Republican Party Question 4<br>Should Citizens who wish to vote in a primary election be required to register by their political party affiliation at least thirty (30) days prior to such primary election?,,REP,NO,620,8,395,216,1
Polk,YOUNGS GROVE,Republican Party Question 4<br>Should Citizens who wish to vote in a primary election be required to register by their political party affiliation at least thirty (30) days prior to such primary election?,,REP,NO,285,0,205,80,0
Polk,,Republican Party Question 5 <br>Life Amendment Question,,REP,YES,3644,75,2354,1210,5
Polk,ARAGON,Republican Party Question 5 <br>Life Amendment Question,,REP,YES,414,3,324,86,1
Polk,BLOOMING GROVE,Republican Party Question 5 <br>Life Amendment Question,,REP,YES,279,8,208,63,0
Polk,CEDARTOWN,Republican Party Question 5 <br>Life Amendment Question,,REP,YES,994,37,540,416,1
Polk,FISH CREEK,Republican Party Question 5 <br>Life Amendment Question,,REP,YES,473,4,355,114,0
Polk,LAKE CREEK,Republican Party Question 5 <br>Life Amendment Question,,REP,YES,497,5,304,188,0
Polk,ROCKMART,Republican Party Question 5 <br>Life Amendment Question,,REP,YES,679,14,403,259,3
Polk,YOUNGS GROVE,Republican Party Question 5 <br>Life Amendment Question,,REP,YES,308,4,220,84,0
Polk,,Republican Party Question 5 <br>Life Amendment Question,,REP,NO,1712,22,1112,577,1
Polk,ARAGON,Republican Party Question 5 <br>Life Amendment Question,,REP,NO,169,1,136,32,0
Polk,BLOOMING GROVE,Republican Party Question 5 <br>Life Amendment Question,,REP,NO,117,3,83,31,0
Polk,CEDARTOWN,Republican Party Question 5 <br>Life Amendment Question,,REP,NO,496,11,276,208,1
Polk,FISH CREEK,Republican Party Question 5 <br>Life Amendment Question,,REP,NO,179,0,143,36,0
Polk,LAKE CREEK,Republican Party Question 5 <br>Life Amendment Question,,REP,NO,224,3,143,78,0
Polk,ROCKMART,Republican Party Question 5 <br>Life Amendment Question,,REP,NO,359,1,214,144,0
Polk,YOUNGS GROVE,Republican Party Question 5 <br>Life Amendment Question,,REP,NO,168,3,117,48,0
Polk,,Democratic Party Question 1<br>Should the Georgia Constitution be amended to allow the state to override locally-elected school boards’ decisions when it comes to the creation of charter schools in your county or city?,,DEM,YES,429,12,314,103,0
Polk,ARAGON,Democratic Party Question 1<br>Should the Georgia Constitution be amended to allow the state to override locally-elected school boards’ decisions when it comes to the creation of charter schools in your county or city?,,DEM,YES,33,0,29,4,0
Polk,BLOOMING GROVE,Democratic Party Question 1<br>Should the Georgia Constitution be amended to allow the state to override locally-elected school boards’ decisions when it comes to the creation of charter schools in your county or city?,,DEM,YES,19,0,15,4,0
Polk,CEDARTOWN,Democratic Party Question 1<br>Should the Georgia Constitution be amended to allow the state to override locally-elected school boards’ decisions when it comes to the creation of charter schools in your county or city?,,DEM,YES,149,10,91,48,0
Polk,FISH CREEK,Democratic Party Question 1<br>Should the Georgia Constitution be amended to allow the state to override locally-elected school boards’ decisions when it comes to the creation of charter schools in your county or city?,,DEM,YES,33,0,27,6,0
Polk,LAKE CREEK,Democratic Party Question 1<br>Should the Georgia Constitution be amended to allow the state to override locally-elected school boards’ decisions when it comes to the creation of charter schools in your county or city?,,DEM,YES,45,0,29,16,0
Polk,ROCKMART,Democratic Party Question 1<br>Should the Georgia Constitution be amended to allow the state to override locally-elected school boards’ decisions when it comes to the creation of charter schools in your county or city?,,DEM,YES,123,2,103,18,0
Polk,YOUNGS GROVE,Democratic Party Question 1<br>Should the Georgia Constitution be amended to allow the state to override locally-elected school boards’ decisions when it comes to the creation of charter schools in your county or city?,,DEM,YES,27,0,20,7,0
Polk,,Democratic Party Question 1<br>Should the Georgia Constitution be amended to allow the state to override locally-elected school boards’ decisions when it comes to the creation of charter schools in your county or city?,,DEM,NO,527,33,356,137,1
Polk,ARAGON,Democratic Party Question 1<br>Should the Georgia Constitution be amended to allow the state to override locally-elected school boards’ decisions when it comes to the creation of charter schools in your county or city?,,DEM,NO,59,0,48,11,0
Polk,BLOOMING GROVE,Democratic Party Question 1<br>Should the Georgia Constitution be amended to allow the state to override locally-elected school boards’ decisions when it comes to the creation of charter schools in your county or city?,,DEM,NO,39,1,30,8,0
Polk,CEDARTOWN,Democratic Party Question 1<br>Should the Georgia Constitution be amended to allow the state to override locally-elected school boards’ decisions when it comes to the creation of charter schools in your county or city?,,DEM,NO,142,18,71,53,0
Polk,FISH CREEK,Democratic Party Question 1<br>Should the Georgia Constitution be amended to allow the state to override locally-elected school boards’ decisions when it comes to the creation of charter schools in your county or city?,,DEM,NO,53,0,40,13,0
Polk,LAKE CREEK,Democratic Party Question 1<br>Should the Georgia Constitution be amended to allow the state to override locally-elected school boards’ decisions when it comes to the creation of charter schools in your county or city?,,DEM,NO,65,1,47,17,0
Polk,ROCKMART,Democratic Party Question 1<br>Should the Georgia Constitution be amended to allow the state to override locally-elected school boards’ decisions when it comes to the creation of charter schools in your county or city?,,DEM,NO,134,9,97,27,1
Polk,YOUNGS GROVE,Democratic Party Question 1<br>Should the Georgia Constitution be amended to allow the state to override locally-elected school boards’ decisions when it comes to the creation of charter schools in your county or city?,,DEM,NO,35,4,23,8,0
Polk,,Democratic Party Question 2<br>Do you support ending current practice permitting unlimited gifts from lobbyists to state legislators?,,DEM,YES,653,31,447,175,0
Polk,ARAGON,Democratic Party Question 2<br>Do you support ending current practice permitting unlimited gifts from lobbyists to state legislators?,,DEM,YES,59,0,49,10,0
Polk,BLOOMING GROVE,Democratic Party Question 2<br>Do you support ending current practice permitting unlimited gifts from lobbyists to state legislators?,,DEM,YES,45,1,33,11,0
Polk,CEDARTOWN,Democratic Party Question 2<br>Do you support ending current practice permitting unlimited gifts from lobbyists to state legislators?,,DEM,YES,201,20,108,73,0
Polk,FISH CREEK,Democratic Party Question 2<br>Do you support ending current practice permitting unlimited gifts from lobbyists to state legislators?,,DEM,YES,55,0,45,10,0
Polk,LAKE CREEK,Democratic Party Question 2<br>Do you support ending current practice permitting unlimited gifts from lobbyists to state legislators?,,DEM,YES,82,1,52,29,0
Polk,ROCKMART,Democratic Party Question 2<br>Do you support ending current practice permitting unlimited gifts from lobbyists to state legislators?,,DEM,YES,171,7,133,31,0
Polk,YOUNGS GROVE,Democratic Party Question 2<br>Do you support ending current practice permitting unlimited gifts from lobbyists to state legislators?,,DEM,YES,40,2,27,11,0
Polk,,Democratic Party Question 2<br>Do you support ending current practice permitting unlimited gifts from lobbyists to state legislators?,,DEM,NO,306,14,223,68,1
Polk,ARAGON,Democratic Party Question 2<br>Do you support ending current practice permitting unlimited gifts from lobbyists to state legislators?,,DEM,NO,32,0,27,5,0
Polk,BLOOMING GROVE,Democratic Party Question 2<br>Do you support ending current practice permitting unlimited gifts from lobbyists to state legislators?,,DEM,NO,14,0,12,2,0
Polk,CEDARTOWN,Democratic Party Question 2<br>Do you support ending current practice permitting unlimited gifts from lobbyists to state legislators?,,DEM,NO,90,8,52,30,0
Polk,FISH CREEK,Democratic Party Question 2<br>Do you support ending current practice permitting unlimited gifts from lobbyists to state legislators?,,DEM,NO,33,0,24,9,0
Polk,LAKE CREEK,Democratic Party Question 2<br>Do you support ending current practice permitting unlimited gifts from lobbyists to state legislators?,,DEM,NO,28,0,25,3,0
Polk,ROCKMART,Democratic Party Question 2<br>Do you support ending current practice permitting unlimited gifts from lobbyists to state legislators?,,DEM,NO,84,4,65,14,1
Polk,YOUNGS GROVE,Democratic Party Question 2<br>Do you support ending current practice permitting unlimited gifts from lobbyists to state legislators?,,DEM,NO,25,2,18,5,0
Polk,,Democratic Party Question 3<br>Should Georgia adopt an income tax credit for home energy costs to support the economic security of our families?,,DEM,YES,760,40,525,194,1
Polk,ARAGON,Democratic Party Question 3<br>Should Georgia adopt an income tax credit for home energy costs to support the economic security of our families?,,DEM,YES,67,0,58,9,0
Polk,BLOOMING GROVE,Democratic Party Question 3<br>Should Georgia adopt an income tax credit for home energy costs to support the economic security of our families?,,DEM,YES,48,1,34,13,0
Polk,CEDARTOWN,Democratic Party Question 3<br>Should Georgia adopt an income tax credit for home energy costs to support the economic security of our families?,,DEM,YES,243,25,130,88,0
Polk,FISH CREEK,Democratic Party Question 3<br>Should Georgia adopt an income tax credit for home energy costs to support the economic security of our families?,,DEM,YES,66,0,50,16,0
Polk,LAKE CREEK,Democratic Party Question 3<br>Should Georgia adopt an income tax credit for home energy costs to support the economic security of our families?,,DEM,YES,89,1,60,28,0
Polk,ROCKMART,Democratic Party Question 3<br>Should Georgia adopt an income tax credit for home energy costs to support the economic security of our families?,,DEM,YES,196,10,156,29,1
Polk,YOUNGS GROVE,Democratic Party Question 3<br>Should Georgia adopt an income tax credit for home energy costs to support the economic security of our families?,,DEM,YES,51,3,37,11,0
Polk,,Democratic Party Question 3<br>Should Georgia adopt an income tax credit for home energy costs to support the economic security of our families?,,DEM,NO,195,5,142,48,0
Polk,ARAGON,Democratic Party Question 3<br>Should Georgia adopt an income tax credit for home energy costs to support the economic security of our families?,,DEM,NO,23,0,17,6,0
Polk,BLOOMING GROVE,Democratic Party Question 3<br>Should Georgia adopt an income tax credit for home energy costs to support the economic security of our families?,,DEM,NO,11,0,11,0,0
Polk,CEDARTOWN,Democratic Party Question 3<br>Should Georgia adopt an income tax credit for home energy costs to support the economic security of our families?,,DEM,NO,47,3,30,14,0
Polk,FISH CREEK,Democratic Party Question 3<br>Should Georgia adopt an income tax credit for home energy costs to support the economic security of our families?,,DEM,NO,19,0,16,3,0
Polk,LAKE CREEK,Democratic Party Question 3<br>Should Georgia adopt an income tax credit for home energy costs to support the economic security of our families?,,DEM,NO,22,0,17,5,0
Polk,ROCKMART,Democratic Party Question 3<br>Should Georgia adopt an income tax credit for home energy costs to support the economic security of our families?,,DEM,NO,60,1,44,15,0
Polk,YOUNGS GROVE,Democratic Party Question 3<br>Should Georgia adopt an income tax credit for home energy costs to support the economic security of our families?,,DEM,NO,13,1,7,5,0
Polk,,Democratic Party Question 4 <br>Should Georgia reduce sales taxes on Made in Georgia products so as to support the growth of small businesses in our state?,,DEM,YES,851,41,600,209,1
Polk,ARAGON,Democratic Party Question 4 <br>Should Georgia reduce sales taxes on Made in Georgia products so as to support the growth of small businesses in our state?,,DEM,YES,75,0,65,10,0
Polk,BLOOMING GROVE,Democratic Party Question 4 <br>Should Georgia reduce sales taxes on Made in Georgia products so as to support the growth of small businesses in our state?,,DEM,YES,54,1,40,13,0
Polk,CEDARTOWN,Democratic Party Question 4 <br>Should Georgia reduce sales taxes on Made in Georgia products so as to support the growth of small businesses in our state?,,DEM,YES,267,25,148,94,0
Polk,FISH CREEK,Democratic Party Question 4 <br>Should Georgia reduce sales taxes on Made in Georgia products so as to support the growth of small businesses in our state?,,DEM,YES,78,0,61,17,0
Polk,LAKE CREEK,Democratic Party Question 4 <br>Should Georgia reduce sales taxes on Made in Georgia products so as to support the growth of small businesses in our state?,,DEM,YES,100,1,69,30,0
Polk,ROCKMART,Democratic Party Question 4 <br>Should Georgia reduce sales taxes on Made in Georgia products so as to support the growth of small businesses in our state?,,DEM,YES,224,11,177,35,1
Polk,YOUNGS GROVE,Democratic Party Question 4 <br>Should Georgia reduce sales taxes on Made in Georgia products so as to support the growth of small businesses in our state?,,DEM,YES,53,3,40,10,0
Polk,,Democratic Party Question 4 <br>Should Georgia reduce sales taxes on Made in Georgia products so as to support the growth of small businesses in our state?,,DEM,NO,110,4,74,32,0
Polk,ARAGON,Democratic Party Question 4 <br>Should Georgia reduce sales taxes on Made in Georgia products so as to support the growth of small businesses in our state?,,DEM,NO,16,0,11,5,0
Polk,BLOOMING GROVE,Democratic Party Question 4 <br>Should Georgia reduce sales taxes on Made in Georgia products so as to support the growth of small businesses in our state?,,DEM,NO,5,0,5,0,0
Polk,CEDARTOWN,Democratic Party Question 4 <br>Should Georgia reduce sales taxes on Made in Georgia products so as to support the growth of small businesses in our state?,,DEM,NO,26,3,14,9,0
Polk,FISH CREEK,Democratic Party Question 4 <br>Should Georgia reduce sales taxes on Made in Georgia products so as to support the growth of small businesses in our state?,,DEM,NO,9,0,7,2,0
Polk,LAKE CREEK,Democratic Party Question 4 <br>Should Georgia reduce sales taxes on Made in Georgia products so as to support the growth of small businesses in our state?,,DEM,NO,10,0,9,1,0
Polk,ROCKMART,Democratic Party Question 4 <br>Should Georgia reduce sales taxes on Made in Georgia products so as to support the growth of small businesses in our state?,,DEM,NO,33,0,23,10,0
Polk,YOUNGS GROVE,Democratic Party Question 4 <br>Should Georgia reduce sales taxes on Made in Georgia products so as to support the growth of small businesses in our state?,,DEM,NO,11,1,5,5,0
Polk,,Supreme Court Justice, Hunstein,I,CAROL W. HUNSTEIN,5063,123,3348,1588,4
Polk,ARAGON,Supreme Court Justice, Hunstein,I,CAROL W. HUNSTEIN,547,3,427,116,1
Polk,BLOOMING GROVE,Supreme Court Justice, Hunstein,I,CAROL W. HUNSTEIN,355,8,267,80,0
Polk,CEDARTOWN,Supreme Court Justice, Hunstein,I,CAROL W. HUNSTEIN,1426,70,778,577,1
Polk,FISH CREEK,Supreme Court Justice, Hunstein,I,CAROL W. HUNSTEIN,598,4,468,126,0
Polk,LAKE CREEK,Supreme Court Justice, Hunstein,I,CAROL W. HUNSTEIN,641,6,415,220,0
Polk,ROCKMART,Supreme Court Justice, Hunstein,I,CAROL W. HUNSTEIN,1056,25,677,352,2
Polk,YOUNGS GROVE,Supreme Court Justice, Hunstein,I,CAROL W. HUNSTEIN,440,7,316,117,0
Polk,,Supreme Court Justice, Hunstein,,Write-in,36,1,29,6,0
Polk,ARAGON,Supreme Court Justice, Hunstein,,Write-in,5,0,5,0,0
Polk,BLOOMING GROVE,Supreme Court Justice, Hunstein,,Write-in,4,0,4,0,0
Polk,CEDARTOWN,Supreme Court Justice, Hunstein,,Write-in,5,1,3,1,0
Polk,FISH CREEK,Supreme Court Justice, Hunstein,,Write-in,2,0,2,0,0
Polk,LAKE CREEK,Supreme Court Justice, Hunstein,,Write-in,7,0,4,3,0
Polk,ROCKMART,Supreme Court Justice, Hunstein,,Write-in,9,0,8,1,0
Polk,YOUNGS GROVE,Supreme Court Justice, Hunstein,,Write-in,4,0,3,1,0
Polk,,Supreme Court Justice, Melton,,HAROLD D. MELTON ,4982,122,3288,1568,4
Polk,ARAGON,Supreme Court Justice, Melton,,HAROLD D. MELTON ,529,3,414,111,1
Polk,BLOOMING GROVE,Supreme Court Justice, Melton,,HAROLD D. MELTON ,353,8,265,80,0
Polk,CEDARTOWN,Supreme Court Justice, Melton,,HAROLD D. MELTON ,1399,69,754,575,1
Polk,FISH CREEK,Supreme Court Justice, Melton,,HAROLD D. MELTON ,601,4,468,129,0
Polk,LAKE CREEK,Supreme Court Justice, Melton,,HAROLD D. MELTON ,624,6,404,214,0
Polk,ROCKMART,Supreme Court Justice, Melton,,HAROLD D. MELTON ,1044,25,667,350,2
Polk,YOUNGS GROVE,Supreme Court Justice, Melton,,HAROLD D. MELTON ,432,7,316,109,0
Polk,,Supreme Court Justice, Melton,,Write-in,20,1,17,2,0
Polk,ARAGON,Supreme Court Justice, Melton,,Write-in,3,0,2,1,0
Polk,BLOOMING GROVE,Supreme Court Justice, Melton,,Write-in,4,0,4,0,0
Polk,CEDARTOWN,Supreme Court Justice, Melton,,Write-in,4,1,3,0,0
Polk,FISH CREEK,Supreme Court Justice, Melton,,Write-in,0,0,0,0,0
Polk,LAKE CREEK,Supreme Court Justice, Melton,,Write-in,3,0,3,0,0
Polk,ROCKMART,Supreme Court Justice, Melton,,Write-in,5,0,4,1,0
Polk,YOUNGS GROVE,Supreme Court Justice, Melton,,Write-in,1,0,1,0,0
Polk,,Supreme Court Justice, Thompson,,HUGH P. THOMPSON ,4952,122,3269,1557,4
Polk,ARAGON,Supreme Court Justice, Thompson,,HUGH P. THOMPSON ,527,3,412,111,1
Polk,BLOOMING GROVE,Supreme Court Justice, Thompson,,HUGH P. THOMPSON ,355,8,264,83,0
Polk,CEDARTOWN,Supreme Court Justice, Thompson,,HUGH P. THOMPSON ,1386,69,748,568,1
Polk,FISH CREEK,Supreme Court Justice, Thompson,,HUGH P. THOMPSON ,593,4,463,126,0
Polk,LAKE CREEK,Supreme Court Justice, Thompson,,HUGH P. THOMPSON ,627,6,408,213,0
Polk,ROCKMART,Supreme Court Justice, Thompson,,HUGH P. THOMPSON ,1036,25,662,347,2
Polk,YOUNGS GROVE,Supreme Court Justice, Thompson,,HUGH P. THOMPSON ,428,7,312,109,0
Polk,,Supreme Court Justice, Thompson,,Write-in,21,2,17,2,0
Polk,ARAGON,Supreme Court Justice, Thompson,,Write-in,3,0,2,1,0
Polk,BLOOMING GROVE,Supreme Court Justice, Thompson,,Write-in,4,0,4,0,0
Polk,CEDARTOWN,Supreme Court Justice, Thompson,,Write-in,3,2,1,0,0
Polk,FISH CREEK,Supreme Court Justice, Thompson,,Write-in,1,0,1,0,0
Polk,LAKE CREEK,Supreme Court Justice, Thompson,,Write-in,3,0,3,0,0
Polk,ROCKMART,Supreme Court Justice, Thompson,,Write-in,6,0,5,1,0
Polk,YOUNGS GROVE,Supreme Court Justice, Thompson,,Write-in,1,0,1,0,0
Polk,,Appeals Court Judge, Boggs,,MICHAEL P. BOGGS ,4924,121,3251,1548,4
Polk,ARAGON,Appeals Court Judge, Boggs,,MICHAEL P. BOGGS ,527,3,412,111,1
Polk,BLOOMING GROVE,Appeals Court Judge, Boggs,,MICHAEL P. BOGGS ,354,8,263,83,0
Polk,CEDARTOWN,Appeals Court Judge, Boggs,,MICHAEL P. BOGGS ,1381,68,745,567,1
Polk,FISH CREEK,Appeals Court Judge, Boggs,,MICHAEL P. BOGGS ,585,4,455,126,0
Polk,LAKE CREEK,Appeals Court Judge, Boggs,,MICHAEL P. BOGGS ,625,6,409,210,0
Polk,ROCKMART,Appeals Court Judge, Boggs,,MICHAEL P. BOGGS ,1024,24,653,345,2
Polk,YOUNGS GROVE,Appeals Court Judge, Boggs,,MICHAEL P. BOGGS ,428,8,314,106,0
Polk,,Appeals Court Judge, Boggs,,Write-in,18,2,15,1,0
Polk,ARAGON,Appeals Court Judge, Boggs,,Write-in,3,0,3,0,0
Polk,BLOOMING GROVE,Appeals Court Judge, Boggs,,Write-in,4,0,4,0,0
Polk,CEDARTOWN,Appeals Court Judge, Boggs,,Write-in,3,2,1,0,0
Polk,FISH CREEK,Appeals Court Judge, Boggs,,Write-in,1,0,1,0,0
Polk,LAKE CREEK,Appeals Court Judge, Boggs,,Write-in,1,0,1,0,0
Polk,ROCKMART,Appeals Court Judge, Boggs,,Write-in,5,0,4,1,0
Polk,YOUNGS GROVE,Appeals Court Judge, Boggs,,Write-in,1,0,1,0,0
Polk,,Appeals Court Judge, Dillard,,STEPHEN DILLARD ,4911,121,3242,1544,4
Polk,ARAGON,Appeals Court Judge, Dillard,,STEPHEN DILLARD ,526,3,410,112,1
Polk,BLOOMING GROVE,Appeals Court Judge, Dillard,,STEPHEN DILLARD ,351,8,261,82,0
Polk,CEDARTOWN,Appeals Court Judge, Dillard,,STEPHEN DILLARD ,1379,69,746,563,1
Polk,FISH CREEK,Appeals Court Judge, Dillard,,STEPHEN DILLARD ,585,4,456,125,0
Polk,LAKE CREEK,Appeals Court Judge, Dillard,,STEPHEN DILLARD ,623,6,406,211,0
Polk,ROCKMART,Appeals Court Judge, Dillard,,STEPHEN DILLARD ,1022,24,653,343,2
Polk,YOUNGS GROVE,Appeals Court Judge, Dillard,,STEPHEN DILLARD ,425,7,310,108,0
Polk,,Appeals Court Judge, Dillard,,Write-in,14,1,12,1,0
Polk,ARAGON,Appeals Court Judge, Dillard,,Write-in,2,0,2,0,0
Polk,BLOOMING GROVE,Appeals Court Judge, Dillard,,Write-in,3,0,3,0,0
Polk,CEDARTOWN,Appeals Court Judge, Dillard,,Write-in,2,1,1,0,0
Polk,FISH CREEK,Appeals Court Judge, Dillard,,Write-in,0,0,0,0,0
Polk,LAKE CREEK,Appeals Court Judge, Dillard,,Write-in,1,0,1,0,0
Polk,ROCKMART,Appeals Court Judge, Dillard,,Write-in,5,0,4,1,0
Polk,YOUNGS GROVE,Appeals Court Judge, Dillard,,Write-in,1,0,1,0,0
Polk,,Appeals Court Judge, Ellington,I,JOHN J. ELLINGTON,4912,121,3238,1549,4
Polk,ARAGON,Appeals Court Judge, Ellington,I,JOHN J. ELLINGTON,526,3,410,112,1
Polk,BLOOMING GROVE,Appeals Court Judge, Ellington,I,JOHN J. ELLINGTON,353,8,263,82,0
Polk,CEDARTOWN,Appeals Court Judge, Ellington,I,JOHN J. ELLINGTON,1378,68,740,569,1
Polk,FISH CREEK,Appeals Court Judge, Ellington,I,JOHN J. ELLINGTON,581,4,453,124,0
Polk,LAKE CREEK,Appeals Court Judge, Ellington,I,JOHN J. ELLINGTON,622,7,406,209,0
Polk,ROCKMART,Appeals Court Judge, Ellington,I,JOHN J. ELLINGTON,1026,24,654,346,2
Polk,YOUNGS GROVE,Appeals Court Judge, Ellington,I,JOHN J. ELLINGTON,426,7,312,107,0
Polk,,Appeals Court Judge, Ellington,,Write-in,14,1,12,1,0
Polk,ARAGON,Appeals Court Judge, Ellington,,Write-in,3,0,3,0,0
Polk,BLOOMING GROVE,Appeals Court Judge, Ellington,,Write-in,3,0,3,0,0
Polk,CEDARTOWN,Appeals Court Judge, Ellington,,Write-in,2,1,1,0,0
Polk,FISH CREEK,Appeals Court Judge, Ellington,,Write-in,0,0,0,0,0
Polk,LAKE CREEK,Appeals Court Judge, Ellington,,Write-in,1,0,1,0,0
Polk,ROCKMART,Appeals Court Judge, Ellington,,Write-in,4,0,3,1,0
Polk,YOUNGS GROVE,Appeals Court Judge, Ellington,,Write-in,1,0,1,0,0
Polk,,Appeals Court Judge, Miller,,M. YVETTE MILLER ,4891,120,3229,1538,4
Polk,ARAGON,Appeals Court Judge, Miller,,M. YVETTE MILLER ,524,3,408,112,1
Polk,BLOOMING GROVE,Appeals Court Judge, Miller,,M. YVETTE MILLER ,357,8,264,85,0
Polk,CEDARTOWN,Appeals Court Judge, Miller,,M. YVETTE MILLER ,1370,67,737,565,1
Polk,FISH CREEK,Appeals Court Judge, Miller,,M. YVETTE MILLER ,579,4,453,122,0
Polk,LAKE CREEK,Appeals Court Judge, Miller,,M. YVETTE MILLER ,617,7,401,209,0
Polk,ROCKMART,Appeals Court Judge, Miller,,M. YVETTE MILLER ,1015,24,652,337,2
Polk,YOUNGS GROVE,Appeals Court Judge, Miller,,M. YVETTE MILLER ,429,7,314,108,0
Polk,,Appeals Court Judge, Miller,,Write-in,14,1,11,2,0
Polk,ARAGON,Appeals Court Judge, Miller,,Write-in,1,0,1,0,0
Polk,BLOOMING GROVE,Appeals Court Judge, Miller,,Write-in,2,0,2,0,0
Polk,CEDARTOWN,Appeals Court Judge, Miller,,Write-in,1,1,0,0,0
Polk,FISH CREEK,Appeals Court Judge, Miller,,Write-in,1,0,1,0,0
Polk,LAKE CREEK,Appeals Court Judge, Miller,,Write-in,4,0,3,1,0
Polk,ROCKMART,Appeals Court Judge, Miller,,Write-in,4,0,3,1,0
Polk,YOUNGS GROVE,Appeals Court Judge, Miller,,Write-in,1,0,1,0,0
Polk,,Appeals Court Judge, Phipps,,HERBERT PHIPPS ,4874,121,3213,1536,4
Polk,ARAGON,Appeals Court Judge, Phipps,,HERBERT PHIPPS ,522,3,406,112,1
Polk,BLOOMING GROVE,Appeals Court Judge, Phipps,,HERBERT PHIPPS ,351,8,258,85,0
Polk,CEDARTOWN,Appeals Court Judge, Phipps,,HERBERT PHIPPS ,1366,68,734,563,1
Polk,FISH CREEK,Appeals Court Judge, Phipps,,HERBERT PHIPPS ,574,4,452,118,0
Polk,LAKE CREEK,Appeals Court Judge, Phipps,,HERBERT PHIPPS ,614,7,399,208,0
Polk,ROCKMART,Appeals Court Judge, Phipps,,HERBERT PHIPPS ,1019,24,651,342,2
Polk,YOUNGS GROVE,Appeals Court Judge, Phipps,,HERBERT PHIPPS ,428,7,313,108,0
Polk,,Appeals Court Judge, Phipps,,Write-in,13,1,11,1,0
Polk,ARAGON,Appeals Court Judge, Phipps,,Write-in,3,0,3,0,0
Polk,BLOOMING GROVE,Appeals Court Judge, Phipps,,Write-in,3,0,3,0,0
Polk,CEDARTOWN,Appeals Court Judge, Phipps,,Write-in,1,1,0,0,0
Polk,FISH CREEK,Appeals Court Judge, Phipps,,Write-in,0,0,0,0,0
Polk,LAKE CREEK,Appeals Court Judge, Phipps,,Write-in,1,0,1,0,0
Polk,ROCKMART,Appeals Court Judge, Phipps,,Write-in,4,0,3,1,0
Polk,YOUNGS GROVE,Appeals Court Judge, Phipps,,Write-in,1,0,1,0,0
Polk,,Superior Court Judge, Tallapoosa Circuit (Murphy),I,MICHAEL L. MURPHY,5225,129,3423,1669,4
Polk,ARAGON,Superior Court Judge, Tallapoosa Circuit (Murphy),I,MICHAEL L. MURPHY,543,3,426,113,1
Polk,BLOOMING GROVE,Superior Court Judge, Tallapoosa Circuit (Murphy),I,MICHAEL L. MURPHY,370,10,273,87,0
Polk,CEDARTOWN,Superior Court Judge, Tallapoosa Circuit (Murphy),I,MICHAEL L. MURPHY,1495,73,797,624,1
Polk,FISH CREEK,Superior Court Judge, Tallapoosa Circuit (Murphy),I,MICHAEL L. MURPHY,611,4,476,131,0
Polk,LAKE CREEK,Superior Court Judge, Tallapoosa Circuit (Murphy),I,MICHAEL L. MURPHY,662,7,436,219,0
Polk,ROCKMART,Superior Court Judge, Tallapoosa Circuit (Murphy),I,MICHAEL L. MURPHY,1085,25,682,376,2
Polk,YOUNGS GROVE,Superior Court Judge, Tallapoosa Circuit (Murphy),I,MICHAEL L. MURPHY,459,7,333,119,0
Polk,,Superior Court Judge, Tallapoosa Circuit (Murphy),,Write-in,45,2,30,13,0
Polk,ARAGON,Superior Court Judge, Tallapoosa Circuit (Murphy),,Write-in,3,0,3,0,0
Polk,BLOOMING GROVE,Superior Court Judge, Tallapoosa Circuit (Murphy),,Write-in,2,0,2,0,0
Polk,CEDARTOWN,Superior Court Judge, Tallapoosa Circuit (Murphy),,Write-in,14,1,6,7,0
Polk,FISH CREEK,Superior Court Judge, Tallapoosa Circuit (Murphy),,Write-in,3,0,2,1,0
Polk,LAKE CREEK,Superior Court Judge, Tallapoosa Circuit (Murphy),,Write-in,12,0,9,3,0
Polk,ROCKMART,Superior Court Judge, Tallapoosa Circuit (Murphy),,Write-in,7,0,6,1,0
Polk,YOUNGS GROVE,Superior Court Judge, Tallapoosa Circuit (Murphy),,Write-in,4,1,2,1,0
Polk,,TSPLOST,,,YES,2236,68,1447,719,2
Polk,ARAGON,TSPLOST,,,YES,183,0,150,33,0
Polk,BLOOMING GROVE,TSPLOST,,,YES,156,3,119,34,0
Polk,CEDARTOWN,TSPLOST,,,YES,759,45,414,300,0
Polk,FISH CREEK,TSPLOST,,,YES,248,0,195,53,0
Polk,LAKE CREEK,TSPLOST,,,YES,267,1,172,94,0
Polk,ROCKMART,TSPLOST,,,YES,469,11,299,157,2
Polk,YOUNGS GROVE,TSPLOST,,,YES,154,8,98,48,0
Polk,,TSPLOST,,,NO,4392,83,2902,1403,4
Polk,ARAGON,TSPLOST,,,NO,522,3,413,105,1
Polk,BLOOMING GROVE,TSPLOST,,,NO,322,10,230,82,0
Polk,CEDARTOWN,TSPLOST,,,NO,1103,38,607,456,2
Polk,FISH CREEK,TSPLOST,,,NO,537,4,408,125,0
Polk,LAKE CREEK,TSPLOST,,,NO,608,9,383,216,0
Polk,ROCKMART,TSPLOST,,,NO,885,16,556,312,1
Polk,YOUNGS GROVE,TSPLOST,,,NO,415,3,305,107,0
Polk,,H.B. 616,,,YES,5483,129,3568,1780,6
Polk,ARAGON,H.B. 616,,,YES,578,2,461,114,1
Polk,BLOOMING GROVE,H.B. 616,,,YES,409,12,295,102,0
Polk,CEDARTOWN,H.B. 616,,,YES,1522,68,816,636,2
Polk,FISH CREEK,H.B. 616,,,YES,680,4,519,157,0
Polk,LAKE CREEK,H.B. 616,,,YES,723,10,457,256,0
Polk,ROCKMART,H.B. 616,,,YES,1093,23,677,390,3
Polk,YOUNGS GROVE,H.B. 616,,,YES,478,10,343,125,0
Polk,,H.B. 616,,,NO,1034,21,698,314,1
Polk,ARAGON,H.B. 616,,,NO,118,2,93,23,0
Polk,BLOOMING GROVE,H.B. 616,,,NO,63,1,50,12,0
Polk,CEDARTOWN,H.B. 616,,,NO,311,14,187,110,0
Polk,FISH CREEK,H.B. 616,,,NO,91,0,73,18,0
Polk,LAKE CREEK,H.B. 616,,,NO,130,0,79,51,0
Polk,ROCKMART,H.B. 616,,,NO,244,4,164,75,1
Polk,YOUNGS GROVE,H.B. 616,,,NO,77,0,52,25,0
Polk,,H.B. 617,,,YES,3546,91,2255,1198,2
Polk,ARAGON,H.B. 617,,,YES,386,3,311,72,0
Polk,BLOOMING GROVE,H.B. 617,,,YES,253,6,181,66,0
Polk,CEDARTOWN,H.B. 617,,,YES,1022,45,538,437,2
Polk,FISH CREEK,H.B. 617,,,YES,415,4,307,104,0
Polk,LAKE CREEK,H.B. 617,,,YES,457,9,286,162,0
Polk,ROCKMART,H.B. 617,,,YES,714,17,417,280,0
Polk,YOUNGS GROVE,H.B. 617,,,YES,299,7,215,77,0
Polk,,H.B. 617,,,NO,2755,57,1858,836,4
Polk,ARAGON,H.B. 617,,,NO,297,1,233,62,1
Polk,BLOOMING GROVE,H.B. 617,,,NO,203,7,152,44,0
Polk,CEDARTOWN,H.B. 617,,,NO,744,34,422,288,0
Polk,FISH CREEK,H.B. 617,,,NO,328,0,263,65,0
Polk,LAKE CREEK,H.B. 617,,,NO,367,1,228,138,0
Polk,ROCKMART,H.B. 617,,,NO,585,10,395,177,3
Polk,YOUNGS GROVE,H.B. 617,,,NO,231,4,165,62,0
Polk,,CITY OF ARAGON SUNDAY ALCOHOL SALES,,,YES,72,0,59,13,0
Polk,ARAGON,CITY OF ARAGON SUNDAY ALCOHOL SALES,,,YES,72,0,59,13,0
Polk,,CITY OF ARAGON SUNDAY ALCOHOL SALES,,,NO,76,2,67,7,0
Polk,ARAGON,CITY OF ARAGON SUNDAY ALCOHOL SALES,,,NO,76,2,67,7,0
