county,precinct,office,district,party,candidate,votes,absentee_by_mail,election_day,advance_in_person,provisional
Rabun,,"Public Service Commission, District 3",3,REP,CHUCK EATON (I),2064,111,891,1059,3
Rabun,Rabun,"Public Service Commission, District 3",3,REP,CHUCK EATON (I),2064,111,891,1059,3
Rabun,,"Public Service Commission, District 3",3,REP,MATT REID,1352,57,537,758,0
Rabun,Rabun,"Public Service Commission, District 3",3,REP,MATT REID,1352,57,537,758,0
Rabun,,"Public Service Commission, District 3",3,DEM,STEPHEN OPPENHEIMER,198,22,107,69,0
Rabun,Rabun,"Public Service Commission, District 3",3,DEM,STEPHEN OPPENHEIMER,198,22,107,69,0
Rabun,,"Public Service Commission, District 5",5,REP,PAM DAVIDSON,1323,55,545,723,0
Rabun,Rabun,"Public Service Commission, District 5",5,REP,PAM DAVIDSON,1323,55,545,723,0
Rabun,,"Public Service Commission, District 5",5,REP,STAN WISE (I),2040,112,852,1073,3
Rabun,Rabun,"Public Service Commission, District 5",5,REP,STAN WISE (I),2040,112,852,1073,3
Rabun,,"U.S. Representative, District 9",9,REP,DOUG COLLINS,1534,84,620,827,3
Rabun,Rabun,"U.S. Representative, District 9",9,REP,DOUG COLLINS,1534,84,620,827,3
Rabun,,"U.S. Representative, District 9",9,REP,ROGER D. FITZPATRICK,641,21,280,340,0
Rabun,Rabun,"U.S. Representative, District 9",9,REP,ROGER D. FITZPATRICK,641,21,280,340,0
Rabun,,"U.S. Representative, District 9",9,REP,MARTHA ZOLLER,1264,57,548,659,0
Rabun,Rabun,"U.S. Representative, District 9",9,REP,MARTHA ZOLLER,1264,57,548,659,0
Rabun,,"U.S. Representative, District 9",9,DEM,JODY COOLEY,202,25,108,69,0
Rabun,Rabun,"U.S. Representative, District 9",9,DEM,JODY COOLEY,202,25,108,69,0
Rabun,,"State Senator, District 50",50,REP,JOHN K. WILKINSON (I,2931,141,1240,1547,3
Rabun,Rabun,"State Senator, District 50",50,REP,JOHN K. WILKINSON (I,2931,141,1240,1547,3
Rabun,,"State Representative, District 8",8,REP,STEPHEN ALLISON (I),2959,137,1245,1574,3
Rabun,Rabun,"State Representative, District 8",8,REP,STEPHEN ALLISON (I),2959,137,1245,1574,3
Rabun,,"State Representative, District 8",8,DEM,JANA HILL,223,28,119,76,0
Rabun,Rabun,"State Representative, District 8",8,DEM,JANA HILL,223,28,119,76,0
Rabun,,"District Attorney, Mountain Circuit", Mountain Circuit - REP,REP,BRIAN M. RICKMAN (I),3196,147,1331,1715,3
Rabun,Rabun,"District Attorney, Mountain Circuit", Mountain Circuit - REP,REP,BRIAN M. RICKMAN (I),3196,147,1331,1715,3
Rabun,,Superior Court Clerk,,I,HOLLY HENRY-PERRY,3417,152,1435,1827,3
Rabun,Rabun,Superior Court Clerk,,I,HOLLY HENRY-PERRY,3417,152,1435,1827,3
Rabun,,Sheriff,,,FRANK ANDREWS ,2171,115,898,1157,1
Rabun,Rabun,Sheriff,,,FRANK ANDREWS ,2171,115,898,1157,1
Rabun,,Sheriff,,,CHAD K. NICHOLS,1897,73,790,1032,2
Rabun,Rabun,Sheriff,,,CHAD K. NICHOLS,1897,73,790,1032,2
Rabun,,Sheriff,,,SHAWN T. WILSON,178,24,91,63,0
Rabun,Rabun,Sheriff,,,SHAWN T. WILSON,178,24,91,63,0
Rabun,,Tax Commissioner,,,SANDY J. SMITH ,3407,159,1415,1830,3
Rabun,Rabun,Tax Commissioner,,,SANDY J. SMITH ,3407,159,1415,1830,3
Rabun,,Surveyor,,,JONATHAN ROLADER,3121,152,1293,1673,3
Rabun,Rabun,Surveyor,,,JONATHAN ROLADER,3121,152,1293,1673,3
Rabun,,Coroner,,,SAM BECK ,3440,161,1417,1859,3
Rabun,Rabun,Coroner,,,SAM BECK ,3440,161,1417,1859,3
Rabun,,County Comm 1,,,BRETT COHEE,1138,32,473,633,0
Rabun,Rabun,County Comm 1,,,BRETT COHEE,1138,32,473,633,0
Rabun,,County Comm 1,,,DAVID R. FOUNTAIN SR,116,1,42,72,1
Rabun,Rabun,County Comm 1,,,DAVID R. FOUNTAIN SR,116,1,42,72,1
Rabun,,County Comm 1,,,ROBERT D MITCHAM SR.,537,26,216,295,0
Rabun,Rabun,County Comm 1,,,ROBERT D MITCHAM SR.,537,26,216,295,0
Rabun,,County Comm 1,,,JAMES D. MOORE,112,9,52,51,0
Rabun,Rabun,County Comm 1,,,JAMES D. MOORE,112,9,52,51,0
Rabun,,County Comm 1,,,WILL NICHOLS ,2035,116,840,1078,1
Rabun,Rabun,County Comm 1,,,WILL NICHOLS ,2035,116,840,1078,1
Rabun,,County Comm 2,,,STEPHEN ARBITTER,2133,101,876,1154,2
Rabun,Rabun,County Comm 2,,,STEPHEN ARBITTER,2133,101,876,1154,2
Rabun,,County Comm 2,,,DENNIS OVERHOLT,1319,61,571,686,1
Rabun,Rabun,County Comm 2,,,DENNIS OVERHOLT,1319,61,571,686,1
Rabun,,County Comm 2,,,NANCY PLATE,475,20,166,289,0
Rabun,Rabun,County Comm 2,,,NANCY PLATE,475,20,166,289,0
Rabun,,County Comm 3,,I,KATHERYN GRANBERG,1405,72,588,744,1
Rabun,Rabun,County Comm 3,,I,KATHERYN GRANBERG,1405,72,588,744,1
Rabun,,County Comm 3,,,GREG JAMES,2539,113,1035,1389,2
Rabun,Rabun,County Comm 3,,,GREG JAMES,2539,113,1035,1389,2
Rabun,,BOE 1,,,WAYNE STEPHENS ,3105,150,1308,1644,3
Rabun,Rabun,BOE 1,,,WAYNE STEPHENS ,3105,150,1308,1644,3
Rabun,,BOE 3,,,STEVEN R. CABE ,216,28,118,70,0
Rabun,Rabun,BOE 3,,,STEVEN R. CABE ,216,28,118,70,0
Rabun,,BOE 5,,,J. DAVID SMITH ,217,28,115,74,0
Rabun,Rabun,BOE 5,,,J. DAVID SMITH ,217,28,115,74,0
Rabun,,Republican Party Question 1<br>Should Georgia have casino gambling with funds going to education?,,REP,YES,1819,62,761,995,1
Rabun,Rabun,Republican Party Question 1<br>Should Georgia have casino gambling with funds going to education?,,REP,YES,1819,62,761,995,1
Rabun,,Republican Party Question 1<br>Should Georgia have casino gambling with funds going to education?,,REP,NO,2230,125,930,1173,2
Rabun,Rabun,Republican Party Question 1<br>Should Georgia have casino gambling with funds going to education?,,REP,NO,2230,125,930,1173,2
Rabun,,Republican Party Question 2<br>Do you support ending the current practice of unlimited gifts from lobbyists to state legislators by imposing a $100 cap on such gifts?,,REP,YES,3440,164,1440,1834,2
Rabun,Rabun,Republican Party Question 2<br>Do you support ending the current practice of unlimited gifts from lobbyists to state legislators by imposing a $100 cap on such gifts?,,REP,YES,3440,164,1440,1834,2
Rabun,,Republican Party Question 2<br>Do you support ending the current practice of unlimited gifts from lobbyists to state legislators by imposing a $100 cap on such gifts?,,REP,NO,532,24,216,291,1
Rabun,Rabun,Republican Party Question 2<br>Do you support ending the current practice of unlimited gifts from lobbyists to state legislators by imposing a $100 cap on such gifts?,,REP,NO,532,24,216,291,1
Rabun,,Republican Party Question 3<br>Should active duty military personnel who are under the age of 21 be allowed to obtain a Georgia weapons license?,,REP,YES,2810,126,1178,1503,3
Rabun,Rabun,Republican Party Question 3<br>Should active duty military personnel who are under the age of 21 be allowed to obtain a Georgia weapons license?,,REP,YES,2810,126,1178,1503,3
Rabun,,Republican Party Question 3<br>Should active duty military personnel who are under the age of 21 be allowed to obtain a Georgia weapons license?,,REP,NO,1181,60,484,637,0
Rabun,Rabun,Republican Party Question 3<br>Should active duty military personnel who are under the age of 21 be allowed to obtain a Georgia weapons license?,,REP,NO,1181,60,484,637,0
Rabun,,Republican Party Question 4<br>Should Citizens who wish to vote in a primary election be required to register by their political party affiliation at least thirty (30) days prior to such primary election?,,REP,YES,1665,84,674,906,1
Rabun,Rabun,Republican Party Question 4<br>Should Citizens who wish to vote in a primary election be required to register by their political party affiliation at least thirty (30) days prior to such primary election?,,REP,YES,1665,84,674,906,1
Rabun,,Republican Party Question 4<br>Should Citizens who wish to vote in a primary election be required to register by their political party affiliation at least thirty (30) days prior to such primary election?,,REP,NO,2284,99,964,1219,2
Rabun,Rabun,Republican Party Question 4<br>Should Citizens who wish to vote in a primary election be required to register by their political party affiliation at least thirty (30) days prior to such primary election?,,REP,NO,2284,99,964,1219,2
Rabun,,Republican Party Question 5 <br>Life Amendment Question,,REP,YES,2387,109,1041,1235,2
Rabun,Rabun,Republican Party Question 5 <br>Life Amendment Question,,REP,YES,2387,109,1041,1235,2
Rabun,,Republican Party Question 5 <br>Life Amendment Question,,REP,NO,1413,69,539,804,1
Rabun,Rabun,Republican Party Question 5 <br>Life Amendment Question,,REP,NO,1413,69,539,804,1
Rabun,,Democratic Party Question 1<br>Should the Georgia Constitution be amended to allow the state to override locally-elected school boards’ decisions when it comes to the creation of charter schools in your county or city?,,DEM,YES,88,8,47,33,0
Rabun,Rabun,Democratic Party Question 1<br>Should the Georgia Constitution be amended to allow the state to override locally-elected school boards’ decisions when it comes to the creation of charter schools in your county or city?,,DEM,YES,88,8,47,33,0
Rabun,,Democratic Party Question 1<br>Should the Georgia Constitution be amended to allow the state to override locally-elected school boards’ decisions when it comes to the creation of charter schools in your county or city?,,DEM,NO,190,24,104,62,0
Rabun,Rabun,Democratic Party Question 1<br>Should the Georgia Constitution be amended to allow the state to override locally-elected school boards’ decisions when it comes to the creation of charter schools in your county or city?,,DEM,NO,190,24,104,62,0
Rabun,,Democratic Party Question 2<br>Do you support ending current practice permitting unlimited gifts from lobbyists to state legislators?,,DEM,YES,228,24,127,77,0
Rabun,Rabun,Democratic Party Question 2<br>Do you support ending current practice permitting unlimited gifts from lobbyists to state legislators?,,DEM,YES,228,24,127,77,0
Rabun,,Democratic Party Question 2<br>Do you support ending current practice permitting unlimited gifts from lobbyists to state legislators?,,DEM,NO,57,9,29,19,0
Rabun,Rabun,Democratic Party Question 2<br>Do you support ending current practice permitting unlimited gifts from lobbyists to state legislators?,,DEM,NO,57,9,29,19,0
Rabun,,Democratic Party Question 3<br>Should Georgia adopt an income tax credit for home energy costs to support the economic security of our families?,,DEM,YES,212,23,120,69,0
Rabun,Rabun,Democratic Party Question 3<br>Should Georgia adopt an income tax credit for home energy costs to support the economic security of our families?,,DEM,YES,212,23,120,69,0
Rabun,,Democratic Party Question 3<br>Should Georgia adopt an income tax credit for home energy costs to support the economic security of our families?,,DEM,NO,71,9,34,28,0
Rabun,Rabun,Democratic Party Question 3<br>Should Georgia adopt an income tax credit for home energy costs to support the economic security of our families?,,DEM,NO,71,9,34,28,0
Rabun,,Democratic Party Question 4 <br>Should Georgia reduce sales taxes on Made in Georgia products so as to support the growth of small businesses in our state?,,DEM,YES,230,22,129,79,0
Rabun,Rabun,Democratic Party Question 4 <br>Should Georgia reduce sales taxes on Made in Georgia products so as to support the growth of small businesses in our state?,,DEM,YES,230,22,129,79,0
Rabun,,Democratic Party Question 4 <br>Should Georgia reduce sales taxes on Made in Georgia products so as to support the growth of small businesses in our state?,,DEM,NO,55,8,29,18,0
Rabun,Rabun,Democratic Party Question 4 <br>Should Georgia reduce sales taxes on Made in Georgia products so as to support the growth of small businesses in our state?,,DEM,NO,55,8,29,18,0
Rabun,,Supreme Court Justice, Hunstein,I,CAROL W. HUNSTEIN,3120,150,1352,1615,3
Rabun,Rabun,Supreme Court Justice, Hunstein,I,CAROL W. HUNSTEIN,3120,150,1352,1615,3
Rabun,,Supreme Court Justice, Hunstein,,Write-in,24,1,9,14,0
Rabun,Rabun,Supreme Court Justice, Hunstein,,Write-in,24,1,9,14,0
Rabun,,Supreme Court Justice, Melton,,HAROLD D. MELTON ,3041,153,1314,1571,3
Rabun,Rabun,Supreme Court Justice, Melton,,HAROLD D. MELTON ,3041,153,1314,1571,3
Rabun,,Supreme Court Justice, Melton,,Write-in,6,0,1,5,0
Rabun,Rabun,Supreme Court Justice, Melton,,Write-in,6,0,1,5,0
Rabun,,Supreme Court Justice, Thompson,,HUGH P. THOMPSON ,3054,153,1305,1593,3
Rabun,Rabun,Supreme Court Justice, Thompson,,HUGH P. THOMPSON ,3054,153,1305,1593,3
Rabun,,Supreme Court Justice, Thompson,,Write-in,6,1,1,4,0
Rabun,Rabun,Supreme Court Justice, Thompson,,Write-in,6,1,1,4,0
Rabun,,Appeals Court Judge, Boggs,,MICHAEL P. BOGGS ,2982,150,1283,1546,3
Rabun,Rabun,Appeals Court Judge, Boggs,,MICHAEL P. BOGGS ,2982,150,1283,1546,3
Rabun,,Appeals Court Judge, Boggs,,Write-in,4,0,0,4,0
Rabun,Rabun,Appeals Court Judge, Boggs,,Write-in,4,0,0,4,0
Rabun,,Appeals Court Judge, Dillard,,STEPHEN DILLARD ,2990,152,1282,1553,3
Rabun,Rabun,Appeals Court Judge, Dillard,,STEPHEN DILLARD ,2990,152,1282,1553,3
Rabun,,Appeals Court Judge, Dillard,,Write-in,4,1,0,3,0
Rabun,Rabun,Appeals Court Judge, Dillard,,Write-in,4,1,0,3,0
Rabun,,Appeals Court Judge, Ellington,I,JOHN J. ELLINGTON,2987,152,1284,1548,3
Rabun,Rabun,Appeals Court Judge, Ellington,I,JOHN J. ELLINGTON,2987,152,1284,1548,3
Rabun,,Appeals Court Judge, Ellington,,Write-in,3,0,0,3,0
Rabun,Rabun,Appeals Court Judge, Ellington,,Write-in,3,0,0,3,0
Rabun,,Appeals Court Judge, Miller,,M. YVETTE MILLER ,2916,148,1252,1513,3
Rabun,Rabun,Appeals Court Judge, Miller,,M. YVETTE MILLER ,2916,148,1252,1513,3
Rabun,,Appeals Court Judge, Miller,,Write-in,7,1,1,5,0
Rabun,Rabun,Appeals Court Judge, Miller,,Write-in,7,1,1,5,0
Rabun,,Appeals Court Judge, Phipps,,HERBERT PHIPPS ,2912,151,1250,1509,2
Rabun,Rabun,Appeals Court Judge, Phipps,,HERBERT PHIPPS ,2912,151,1250,1509,2
Rabun,,Appeals Court Judge, Phipps,,Write-in,4,0,1,3,0
Rabun,Rabun,Appeals Court Judge, Phipps,,Write-in,4,0,1,3,0
Rabun,,Superior Court Judge, Mountain Circuit (Caudell),,B. CHAN CAUDELL ,3012,155,1277,1578,2
Rabun,Rabun,Superior Court Judge, Mountain Circuit (Caudell),,B. CHAN CAUDELL ,3012,155,1277,1578,2
Rabun,,Superior Court Judge, Mountain Circuit (Caudell),,Write-in,6,0,2,4,0
Rabun,Rabun,Superior Court Judge, Mountain Circuit (Caudell),,Write-in,6,0,2,4,0
Rabun,,Probate Judge,,,LILLIAN GARRETT ,3419,174,1425,1818,2
Rabun,Rabun,Probate Judge,,,LILLIAN GARRETT ,3419,174,1425,1818,2
Rabun,,Probate Judge,,,Write-in,11,1,4,6,0
Rabun,Rabun,Probate Judge,,,Write-in,11,1,4,6,0
Rabun,,TSPLOST,,,YES,1369,71,561,736,1
Rabun,Rabun,TSPLOST,,,YES,1369,71,561,736,1
Rabun,,TSPLOST,,,NO,2903,144,1268,1489,2
Rabun,Rabun,TSPLOST,,,NO,2903,144,1268,1489,2
Rabun,,Ad Valorem Exemption 1,,,YES,2356,115,1065,1174,2
Rabun,Rabun,Ad Valorem Exemption 1,,,YES,2356,115,1065,1174,2
Rabun,,Ad Valorem Exemption 1,,,NO,1633,84,624,924,1
Rabun,Rabun,Ad Valorem Exemption 1,,,NO,1633,84,624,924,1
Rabun,,Ad Valorem Exemption 2,,,YES,2455,111,1111,1231,2
Rabun,Rabun,Ad Valorem Exemption 2,,,YES,2455,111,1111,1231,2
Rabun,,Ad Valorem Exemption 2,,,NO,1548,88,587,872,1
Rabun,Rabun,Ad Valorem Exemption 2,,,NO,1548,88,587,872,1
Rabun,,Ad Valorem Exemption 3,,,YES,2189,107,965,1116,1
Rabun,Rabun,Ad Valorem Exemption 3,,,YES,2189,107,965,1116,1
Rabun,,Ad Valorem Exemption 3,,,NO,1735,91,698,944,2
Rabun,Rabun,Ad Valorem Exemption 3,,,NO,1735,91,698,944,2
