county,precinct,office,district,party,candidate,votes,absentee_by_mail,election_day,advance_in_person,provisional
Lumpkin,,"Public Service Commission, District 3",3,REP,CHUCK EATON (I),2344,81,1515,745,3
Lumpkin,Dahlonega,"Public Service Commission, District 3",3,REP,CHUCK EATON (I),327,9,155,163,0
Lumpkin,East,"Public Service Commission, District 3",3,REP,CHUCK EATON (I),303,6,206,91,0
Lumpkin,North East,"Public Service Commission, District 3",3,REP,CHUCK EATON (I),296,11,198,86,1
Lumpkin,North,"Public Service Commission, District 3",3,REP,CHUCK EATON (I),328,20,171,136,1
Lumpkin,South East,"Public Service Commission, District 3",3,REP,CHUCK EATON (I),253,9,196,48,0
Lumpkin,South West,"Public Service Commission, District 3",3,REP,CHUCK EATON (I),359,11,275,73,0
Lumpkin,West,"Public Service Commission, District 3",3,REP,CHUCK EATON (I),478,15,314,148,1
Lumpkin,,"Public Service Commission, District 3",3,REP,MATT REID,2133,80,1291,758,4
Lumpkin,Dahlonega,"Public Service Commission, District 3",3,REP,MATT REID,316,10,136,169,1
Lumpkin,East,"Public Service Commission, District 3",3,REP,MATT REID,235,8,139,88,0
Lumpkin,North East,"Public Service Commission, District 3",3,REP,MATT REID,242,10,157,74,1
Lumpkin,North,"Public Service Commission, District 3",3,REP,MATT REID,355,20,164,170,1
Lumpkin,South East,"Public Service Commission, District 3",3,REP,MATT REID,274,6,207,61,0
Lumpkin,South West,"Public Service Commission, District 3",3,REP,MATT REID,301,15,225,61,0
Lumpkin,West,"Public Service Commission, District 3",3,REP,MATT REID,410,11,263,135,1
Lumpkin,,"Public Service Commission, District 3",3,DEM,STEPHEN OPPENHEIMER,275,30,171,74,0
Lumpkin,Dahlonega,"Public Service Commission, District 3",3,DEM,STEPHEN OPPENHEIMER,45,5,22,18,0
Lumpkin,East,"Public Service Commission, District 3",3,DEM,STEPHEN OPPENHEIMER,41,1,31,9,0
Lumpkin,North East,"Public Service Commission, District 3",3,DEM,STEPHEN OPPENHEIMER,24,1,16,7,0
Lumpkin,North,"Public Service Commission, District 3",3,DEM,STEPHEN OPPENHEIMER,46,8,30,8,0
Lumpkin,South East,"Public Service Commission, District 3",3,DEM,STEPHEN OPPENHEIMER,38,6,27,5,0
Lumpkin,South West,"Public Service Commission, District 3",3,DEM,STEPHEN OPPENHEIMER,37,6,24,7,0
Lumpkin,West,"Public Service Commission, District 3",3,DEM,STEPHEN OPPENHEIMER,44,3,21,20,0
Lumpkin,,"Public Service Commission, District 5",5,REP,PAM DAVIDSON,2231,92,1383,752,4
Lumpkin,Dahlonega,"Public Service Commission, District 5",5,REP,PAM DAVIDSON,345,14,147,183,1
Lumpkin,East,"Public Service Commission, District 5",5,REP,PAM DAVIDSON,254,7,157,90,0
Lumpkin,North East,"Public Service Commission, District 5",5,REP,PAM DAVIDSON,263,14,175,74,0
Lumpkin,North,"Public Service Commission, District 5",5,REP,PAM DAVIDSON,331,23,154,153,1
Lumpkin,South East,"Public Service Commission, District 5",5,REP,PAM DAVIDSON,290,9,224,57,0
Lumpkin,South West,"Public Service Commission, District 5",5,REP,PAM DAVIDSON,309,13,232,64,0
Lumpkin,West,"Public Service Commission, District 5",5,REP,PAM DAVIDSON,439,12,294,131,2
Lumpkin,,"Public Service Commission, District 5",5,REP,STAN WISE (I),2163,69,1359,732,3
Lumpkin,Dahlonega,"Public Service Commission, District 5",5,REP,STAN WISE (I),300,5,145,150,0
Lumpkin,East,"Public Service Commission, District 5",5,REP,STAN WISE (I),274,7,183,84,0
Lumpkin,North East,"Public Service Commission, District 5",5,REP,STAN WISE (I),257,7,166,82,2
Lumpkin,North,"Public Service Commission, District 5",5,REP,STAN WISE (I),344,20,175,148,1
Lumpkin,South East,"Public Service Commission, District 5",5,REP,STAN WISE (I),226,6,171,49,0
Lumpkin,South West,"Public Service Commission, District 5",5,REP,STAN WISE (I),333,12,252,69,0
Lumpkin,West,"Public Service Commission, District 5",5,REP,STAN WISE (I),429,12,267,150,0
Lumpkin,,"U.S. Representative, District 9",9,REP,DOUG COLLINS,1984,78,1221,683,2
Lumpkin,Dahlonega,"U.S. Representative, District 9",9,REP,DOUG COLLINS,248,11,108,129,0
Lumpkin,East,"U.S. Representative, District 9",9,REP,DOUG COLLINS,239,9,153,77,0
Lumpkin,North East,"U.S. Representative, District 9",9,REP,DOUG COLLINS,236,7,151,77,1
Lumpkin,North,"U.S. Representative, District 9",9,REP,DOUG COLLINS,349,19,174,155,1
Lumpkin,South East,"U.S. Representative, District 9",9,REP,DOUG COLLINS,246,9,186,51,0
Lumpkin,South West,"U.S. Representative, District 9",9,REP,DOUG COLLINS,284,10,209,65,0
Lumpkin,West,"U.S. Representative, District 9",9,REP,DOUG COLLINS,382,13,240,129,0
Lumpkin,,"U.S. Representative, District 9",9,REP,ROGER D. FITZPATRICK,695,30,433,231,1
Lumpkin,Dahlonega,"U.S. Representative, District 9",9,REP,ROGER D. FITZPATRICK,93,1,44,48,0
Lumpkin,East,"U.S. Representative, District 9",9,REP,ROGER D. FITZPATRICK,87,1,56,30,0
Lumpkin,North East,"U.S. Representative, District 9",9,REP,ROGER D. FITZPATRICK,81,9,47,25,0
Lumpkin,North,"U.S. Representative, District 9",9,REP,ROGER D. FITZPATRICK,108,8,52,47,1
Lumpkin,South East,"U.S. Representative, District 9",9,REP,ROGER D. FITZPATRICK,77,4,58,15,0
Lumpkin,South West,"U.S. Representative, District 9",9,REP,ROGER D. FITZPATRICK,114,5,80,29,0
Lumpkin,West,"U.S. Representative, District 9",9,REP,ROGER D. FITZPATRICK,135,2,96,37,0
Lumpkin,,"U.S. Representative, District 9",9,REP,MARTHA ZOLLER,2031,73,1285,670,3
Lumpkin,Dahlonega,"U.S. Representative, District 9",9,REP,MARTHA ZOLLER,352,15,162,174,1
Lumpkin,East,"U.S. Representative, District 9",9,REP,MARTHA ZOLLER,242,8,154,80,0
Lumpkin,North East,"U.S. Representative, District 9",9,REP,MARTHA ZOLLER,250,5,177,67,1
Lumpkin,North,"U.S. Representative, District 9",9,REP,MARTHA ZOLLER,255,16,121,118,0
Lumpkin,South East,"U.S. Representative, District 9",9,REP,MARTHA ZOLLER,215,4,170,41,0
Lumpkin,South West,"U.S. Representative, District 9",9,REP,MARTHA ZOLLER,298,15,233,50,0
Lumpkin,West,"U.S. Representative, District 9",9,REP,MARTHA ZOLLER,419,10,268,140,1
Lumpkin,,"U.S. Representative, District 9",9,DEM,JODY COOLEY,283,33,187,63,0
Lumpkin,Dahlonega,"U.S. Representative, District 9",9,DEM,JODY COOLEY,47,7,28,12,0
Lumpkin,East,"U.S. Representative, District 9",9,DEM,JODY COOLEY,46,2,35,9,0
Lumpkin,North East,"U.S. Representative, District 9",9,DEM,JODY COOLEY,21,1,15,5,0
Lumpkin,North,"U.S. Representative, District 9",9,DEM,JODY COOLEY,54,10,35,9,0
Lumpkin,South East,"U.S. Representative, District 9",9,DEM,JODY COOLEY,27,4,19,4,0
Lumpkin,South West,"U.S. Representative, District 9",9,DEM,JODY COOLEY,40,6,27,7,0
Lumpkin,West,"U.S. Representative, District 9",9,DEM,JODY COOLEY,48,3,28,17,0
Lumpkin,,"State Senator, District 51",51,REP,STEVE GOOCH (I),3899,133,2485,1276,5
Lumpkin,Dahlonega,"State Senator, District 51",51,REP,STEVE GOOCH (I),585,19,280,285,1
Lumpkin,East,"State Senator, District 51",51,REP,STEVE GOOCH (I),478,10,306,162,0
Lumpkin,North East,"State Senator, District 51",51,REP,STEVE GOOCH (I),449,15,297,135,2
Lumpkin,North,"State Senator, District 51",51,REP,STEVE GOOCH (I),558,27,289,241,1
Lumpkin,South East,"State Senator, District 51",51,REP,STEVE GOOCH (I),444,12,342,90,0
Lumpkin,South West,"State Senator, District 51",51,REP,STEVE GOOCH (I),610,26,463,121,0
Lumpkin,West,"State Senator, District 51",51,REP,STEVE GOOCH (I),775,24,508,242,1
Lumpkin,,"State Representative, District 9",9,REP,CLINT SMITH,1686,57,1049,578,2
Lumpkin,Dahlonega,"State Representative, District 9",9,REP,CLINT SMITH,278,6,128,143,1
Lumpkin,East,"State Representative, District 9",9,REP,CLINT SMITH,204,9,127,68,0
Lumpkin,North East,"State Representative, District 9",9,REP,CLINT SMITH,204,7,139,57,1
Lumpkin,North,"State Representative, District 9",9,REP,CLINT SMITH,204,11,92,101,0
Lumpkin,South East,"State Representative, District 9",9,REP,CLINT SMITH,224,6,164,54,0
Lumpkin,South West,"State Representative, District 9",9,REP,CLINT SMITH,276,12,214,50,0
Lumpkin,West,"State Representative, District 9",9,REP,CLINT SMITH,296,6,185,105,0
Lumpkin,,"State Representative, District 9",9,REP,KEVIN K. TANNER,2961,117,1839,999,6
Lumpkin,Dahlonega,"State Representative, District 9",9,REP,KEVIN K. TANNER,386,17,173,196,0
Lumpkin,East,"State Representative, District 9",9,REP,KEVIN K. TANNER,352,9,222,121,0
Lumpkin,North East,"State Representative, District 9",9,REP,KEVIN K. TANNER,346,13,224,108,1
Lumpkin,North,"State Representative, District 9",9,REP,KEVIN K. TANNER,489,29,247,211,2
Lumpkin,South East,"State Representative, District 9",9,REP,KEVIN K. TANNER,317,8,252,57,0
Lumpkin,South West,"State Representative, District 9",9,REP,KEVIN K. TANNER,417,20,300,97,0
Lumpkin,West,"State Representative, District 9",9,REP,KEVIN K. TANNER,654,21,421,209,3
Lumpkin,,Superior Court Clerk,,,RITA F. HARKINS ,4139,144,2624,1365,6
Lumpkin,Dahlonega,Superior Court Clerk,,,RITA F. HARKINS ,605,23,284,297,1
Lumpkin,East,Superior Court Clerk,,,RITA F. HARKINS ,527,17,337,173,0
Lumpkin,North East,Superior Court Clerk,,,RITA F. HARKINS ,492,17,326,147,2
Lumpkin,North,Superior Court Clerk,,,RITA F. HARKINS ,606,28,306,270,2
Lumpkin,South East,Superior Court Clerk,,,RITA F. HARKINS ,483,11,369,103,0
Lumpkin,South West,Superior Court Clerk,,,RITA F. HARKINS ,607,25,466,116,0
Lumpkin,West,Superior Court Clerk,,,RITA F. HARKINS ,819,23,536,259,1
Lumpkin,,Sheriff,,,STACY JARRARD ,4543,164,2852,1520,7
Lumpkin,Dahlonega,Sheriff,,,STACY JARRARD ,681,27,312,340,2
Lumpkin,East,Sheriff,,,STACY JARRARD ,548,17,349,182,0
Lumpkin,North East,Sheriff,,,STACY JARRARD ,531,19,350,160,2
Lumpkin,North,Sheriff,,,STACY JARRARD ,665,33,331,299,2
Lumpkin,South East,Sheriff,,,STACY JARRARD ,514,15,386,113,0
Lumpkin,South West,Sheriff,,,STACY JARRARD ,678,27,524,127,0
Lumpkin,West,Sheriff,,,STACY JARRARD ,926,26,600,299,1
Lumpkin,,Tax Commissioner,,,RACHEL E.PRUITT ,4283,156,2690,1432,5
Lumpkin,Dahlonega,Tax Commissioner,,,RACHEL E.PRUITT ,625,22,288,314,1
Lumpkin,East,Tax Commissioner,,,RACHEL E.PRUITT ,523,17,333,173,0
Lumpkin,North East,Tax Commissioner,,,RACHEL E.PRUITT ,513,17,338,156,2
Lumpkin,North,Tax Commissioner,,,RACHEL E.PRUITT ,636,32,319,284,1
Lumpkin,South East,Tax Commissioner,,,RACHEL E.PRUITT ,490,14,369,107,0
Lumpkin,South West,Tax Commissioner,,,RACHEL E.PRUITT ,634,27,484,123,0
Lumpkin,West,Tax Commissioner,,,RACHEL E.PRUITT ,862,27,559,275,1
Lumpkin,,Surveyor,,,JOHN GASTON,3372,123,2071,1173,5
Lumpkin,Dahlonega,Surveyor,,,JOHN GASTON,526,20,237,268,1
Lumpkin,East,Surveyor,,,JOHN GASTON,427,15,271,141,0
Lumpkin,North East,Surveyor,,,JOHN GASTON,400,15,269,114,2
Lumpkin,North,Surveyor,,,JOHN GASTON,533,25,267,240,1
Lumpkin,South East,Surveyor,,,JOHN GASTON,362,11,271,80,0
Lumpkin,South West,Surveyor,,,JOHN GASTON,466,21,340,105,0
Lumpkin,West,Surveyor,,,JOHN GASTON,658,16,416,225,1
Lumpkin,,Surveyor,,,JOHN S. LINGLE,1079,43,666,369,1
Lumpkin,Dahlonega,Surveyor,,,JOHN S. LINGLE,140,4,60,76,0
Lumpkin,East,Surveyor,,,JOHN S. LINGLE,119,2,69,48,0
Lumpkin,North East,Surveyor,,,JOHN S. LINGLE,130,6,82,42,0
Lumpkin,North,Surveyor,,,JOHN S. LINGLE,165,13,70,81,1
Lumpkin,South East,Surveyor,,,JOHN S. LINGLE,144,4,113,27,0
Lumpkin,South West,Surveyor,,,JOHN S. LINGLE,174,8,132,34,0
Lumpkin,West,Surveyor,,,JOHN S. LINGLE,207,6,140,61,0
Lumpkin,,Coroner,,,RONALD A. FORTNER,2697,100,1663,930,4
Lumpkin,Dahlonega,Coroner,,,RONALD A. FORTNER,400,10,189,200,1
Lumpkin,East,Coroner,,,RONALD A. FORTNER,345,13,216,116,0
Lumpkin,North East,Coroner,,,RONALD A. FORTNER,325,10,212,102,1
Lumpkin,North,Coroner,,,RONALD A. FORTNER,412,24,207,180,1
Lumpkin,South East,Coroner,,,RONALD A. FORTNER,303,11,221,71,0
Lumpkin,South West,Coroner,,,RONALD A. FORTNER,390,19,289,82,0
Lumpkin,West,Coroner,,,RONALD A. FORTNER,522,13,329,179,1
Lumpkin,,Coroner,,,AMANDA S. JONES,2061,78,1297,683,3
Lumpkin,Dahlonega,Coroner,,,AMANDA S. JONES,283,11,119,152,1
Lumpkin,East,Coroner,,,AMANDA S. JONES,230,8,145,77,0
Lumpkin,North East,Coroner,,,AMANDA S. JONES,251,11,171,69,0
Lumpkin,North,Coroner,,,AMANDA S. JONES,319,19,151,148,1
Lumpkin,South East,Coroner,,,AMANDA S. JONES,247,4,199,44,0
Lumpkin,South West,Coroner,,,AMANDA S. JONES,302,12,226,64,0
Lumpkin,West,Coroner,,,AMANDA S. JONES,429,13,286,129,1
Lumpkin,,County Comm Chair,,,CHRIS DOCKERY,2977,114,1901,957,5
Lumpkin,Dahlonega,County Comm Chair,,,CHRIS DOCKERY,272,8,134,129,1
Lumpkin,East,County Comm Chair,,,CHRIS DOCKERY,396,16,257,123,0
Lumpkin,North East,County Comm Chair,,,CHRIS DOCKERY,404,16,273,114,1
Lumpkin,North,County Comm Chair,,,CHRIS DOCKERY,475,32,226,215,2
Lumpkin,South East,County Comm Chair,,,CHRIS DOCKERY,345,9,272,64,0
Lumpkin,South West,County Comm Chair,,,CHRIS DOCKERY,451,17,333,101,0
Lumpkin,West,County Comm Chair,,,CHRIS DOCKERY,634,16,406,211,1
Lumpkin,,County Comm Chair,,,GUY A. LABOA,1934,71,1152,709,2
Lumpkin,Dahlonega,County Comm Chair,,,GUY A. LABOA,480,22,208,250,0
Lumpkin,East,County Comm Chair,,,GUY A. LABOA,188,2,116,70,0
Lumpkin,North East,County Comm Chair,,,GUY A. LABOA,182,5,114,62,1
Lumpkin,North,County Comm Chair,,,GUY A. LABOA,271,12,138,121,0
Lumpkin,South East,County Comm Chair,,,GUY A. LABOA,215,7,155,53,0
Lumpkin,South West,County Comm Chair,,,GUY A. LABOA,257,13,198,46,0
Lumpkin,West,County Comm Chair,,,GUY A. LABOA,341,10,223,107,1
Lumpkin,,County Comm 1,,,BILL SCOTT ,2253,73,1445,731,4
Lumpkin,Dahlonega,County Comm 1,,,BILL SCOTT ,328,7,152,169,0
Lumpkin,East,County Comm 1,,,BILL SCOTT ,255,6,163,86,0
Lumpkin,North East,County Comm 1,,,BILL SCOTT ,248,6,169,71,2
Lumpkin,North,County Comm 1,,,BILL SCOTT ,331,20,173,138,0
Lumpkin,South East,County Comm 1,,,BILL SCOTT ,253,10,198,45,0
Lumpkin,South West,County Comm 1,,,BILL SCOTT ,348,13,266,69,0
Lumpkin,West,County Comm 1,,,BILL SCOTT ,490,11,324,153,2
Lumpkin,,County Comm 1,,,DOUG SHERRILL,2603,107,1578,914,4
Lumpkin,Dahlonega,County Comm 1,,,DOUG SHERRILL,401,19,178,203,1
Lumpkin,East,County Comm 1,,,DOUG SHERRILL,315,12,200,103,0
Lumpkin,North East,County Comm 1,,,DOUG SHERRILL,331,15,213,103,0
Lumpkin,North,County Comm 1,,,DOUG SHERRILL,413,24,193,194,2
Lumpkin,South East,County Comm 1,,,DOUG SHERRILL,297,5,223,69,0
Lumpkin,South West,County Comm 1,,,DOUG SHERRILL,356,16,262,78,0
Lumpkin,West,County Comm 1,,,DOUG SHERRILL,490,16,309,164,1
Lumpkin,,County Comm 2,,,TIM BOWDEN ,1833,69,1223,538,3
Lumpkin,Dahlonega,County Comm 2,,,TIM BOWDEN ,212,8,117,87,0
Lumpkin,East,County Comm 2,,,TIM BOWDEN ,256,6,178,72,0
Lumpkin,North East,County Comm 2,,,TIM BOWDEN ,246,11,167,68,0
Lumpkin,North,County Comm 2,,,TIM BOWDEN ,275,13,144,117,1
Lumpkin,South East,County Comm 2,,,TIM BOWDEN ,207,6,168,33,0
Lumpkin,South West,County Comm 2,,,TIM BOWDEN ,293,13,223,57,0
Lumpkin,West,County Comm 2,,,TIM BOWDEN ,344,12,226,104,2
Lumpkin,,County Comm 2,,,STEVE A. SHAW,1483,47,973,460,3
Lumpkin,Dahlonega,County Comm 2,,,STEVE A. SHAW,226,14,103,109,0
Lumpkin,East,County Comm 2,,,STEVE A. SHAW,146,1,91,54,0
Lumpkin,North East,County Comm 2,,,STEVE A. SHAW,167,1,124,41,1
Lumpkin,North,County Comm 2,,,STEVE A. SHAW,220,12,115,92,1
Lumpkin,South East,County Comm 2,,,STEVE A. SHAW,192,2,151,39,0
Lumpkin,South West,County Comm 2,,,STEVE A. SHAW,220,11,173,36,0
Lumpkin,West,County Comm 2,,,STEVE A. SHAW,312,6,216,89,1
Lumpkin,,County Comm 2,,,CARLTON SMITH,1470,63,775,630,2
Lumpkin,Dahlonega,County Comm 2,,,CARLTON SMITH,263,6,94,162,1
Lumpkin,East,County Comm 2,,,CARLTON SMITH,163,9,88,66,0
Lumpkin,North East,County Comm 2,,,CARLTON SMITH,160,9,90,60,1
Lumpkin,North,County Comm 2,,,CARLTON SMITH,238,17,99,122,0
Lumpkin,South East,County Comm 2,,,CARLTON SMITH,140,7,93,40,0
Lumpkin,South West,County Comm 2,,,CARLTON SMITH,187,5,129,53,0
Lumpkin,West,County Comm 2,,,CARLTON SMITH,319,10,182,127,0
Lumpkin,,Republican Party Question 1<br>Should Georgia have casino gambling with funds going to education?,,REP,YES,2710,79,1736,893,2
Lumpkin,Dahlonega,Republican Party Question 1<br>Should Georgia have casino gambling with funds going to education?,,REP,YES,426,15,188,223,0
Lumpkin,East,Republican Party Question 1<br>Should Georgia have casino gambling with funds going to education?,,REP,YES,286,3,194,89,0
Lumpkin,North East,Republican Party Question 1<br>Should Georgia have casino gambling with funds going to education?,,REP,YES,329,3,228,97,1
Lumpkin,North,Republican Party Question 1<br>Should Georgia have casino gambling with funds going to education?,,REP,YES,381,18,191,172,0
Lumpkin,South East,Republican Party Question 1<br>Should Georgia have casino gambling with funds going to education?,,REP,YES,327,10,247,70,0
Lumpkin,South West,Republican Party Question 1<br>Should Georgia have casino gambling with funds going to education?,,REP,YES,412,19,321,72,0
Lumpkin,West,Republican Party Question 1<br>Should Georgia have casino gambling with funds going to education?,,REP,YES,549,11,367,170,1
Lumpkin,,Republican Party Question 1<br>Should Georgia have casino gambling with funds going to education?,,REP,NO,2389,115,1471,796,7
Lumpkin,Dahlonega,Republican Party Question 1<br>Should Georgia have casino gambling with funds going to education?,,REP,NO,334,16,157,159,2
Lumpkin,East,Republican Party Question 1<br>Should Georgia have casino gambling with funds going to education?,,REP,NO,316,19,191,106,0
Lumpkin,North East,Republican Party Question 1<br>Should Georgia have casino gambling with funds going to education?,,REP,NO,273,18,172,82,1
Lumpkin,North,Republican Party Question 1<br>Should Georgia have casino gambling with funds going to education?,,REP,NO,376,24,189,161,2
Lumpkin,South East,Republican Party Question 1<br>Should Georgia have casino gambling with funds going to education?,,REP,NO,261,6,206,49,0
Lumpkin,South West,Republican Party Question 1<br>Should Georgia have casino gambling with funds going to education?,,REP,NO,355,14,261,80,0
Lumpkin,West,Republican Party Question 1<br>Should Georgia have casino gambling with funds going to education?,,REP,NO,474,18,295,159,2
Lumpkin,,Republican Party Question 2<br>Do you support ending the current practice of unlimited gifts from lobbyists to state legislators by imposing a $100 cap on such gifts?,,REP,YES,4445,180,2774,1486,5
Lumpkin,Dahlonega,Republican Party Question 2<br>Do you support ending the current practice of unlimited gifts from lobbyists to state legislators by imposing a $100 cap on such gifts?,,REP,YES,680,28,305,346,1
Lumpkin,East,Republican Party Question 2<br>Do you support ending the current practice of unlimited gifts from lobbyists to state legislators by imposing a $100 cap on such gifts?,,REP,YES,521,22,326,173,0
Lumpkin,North East,Republican Party Question 2<br>Do you support ending the current practice of unlimited gifts from lobbyists to state legislators by imposing a $100 cap on such gifts?,,REP,YES,519,21,344,153,1
Lumpkin,North,Republican Party Question 2<br>Do you support ending the current practice of unlimited gifts from lobbyists to state legislators by imposing a $100 cap on such gifts?,,REP,YES,654,34,332,287,1
Lumpkin,South East,Republican Party Question 2<br>Do you support ending the current practice of unlimited gifts from lobbyists to state legislators by imposing a $100 cap on such gifts?,,REP,YES,511,15,393,103,0
Lumpkin,South West,Republican Party Question 2<br>Do you support ending the current practice of unlimited gifts from lobbyists to state legislators by imposing a $100 cap on such gifts?,,REP,YES,670,30,509,131,0
Lumpkin,West,Republican Party Question 2<br>Do you support ending the current practice of unlimited gifts from lobbyists to state legislators by imposing a $100 cap on such gifts?,,REP,YES,890,30,565,293,2
Lumpkin,,Republican Party Question 2<br>Do you support ending the current practice of unlimited gifts from lobbyists to state legislators by imposing a $100 cap on such gifts?,,REP,NO,588,13,381,191,3
Lumpkin,Dahlonega,Republican Party Question 2<br>Do you support ending the current practice of unlimited gifts from lobbyists to state legislators by imposing a $100 cap on such gifts?,,REP,NO,76,3,36,36,1
Lumpkin,East,Republican Party Question 2<br>Do you support ending the current practice of unlimited gifts from lobbyists to state legislators by imposing a $100 cap on such gifts?,,REP,NO,69,0,51,18,0
Lumpkin,North East,Republican Party Question 2<br>Do you support ending the current practice of unlimited gifts from lobbyists to state legislators by imposing a $100 cap on such gifts?,,REP,NO,73,0,51,21,1
Lumpkin,North,Republican Party Question 2<br>Do you support ending the current practice of unlimited gifts from lobbyists to state legislators by imposing a $100 cap on such gifts?,,REP,NO,89,5,41,42,1
Lumpkin,South East,Republican Party Question 2<br>Do you support ending the current practice of unlimited gifts from lobbyists to state legislators by imposing a $100 cap on such gifts?,,REP,NO,70,2,50,18,0
Lumpkin,South West,Republican Party Question 2<br>Do you support ending the current practice of unlimited gifts from lobbyists to state legislators by imposing a $100 cap on such gifts?,,REP,NO,87,3,64,20,0
Lumpkin,West,Republican Party Question 2<br>Do you support ending the current practice of unlimited gifts from lobbyists to state legislators by imposing a $100 cap on such gifts?,,REP,NO,124,0,88,36,0
Lumpkin,,Republican Party Question 3<br>Should active duty military personnel who are under the age of 21 be allowed to obtain a Georgia weapons license?,,REP,YES,3655,122,2355,1174,4
Lumpkin,Dahlonega,Republican Party Question 3<br>Should active duty military personnel who are under the age of 21 be allowed to obtain a Georgia weapons license?,,REP,YES,499,15,252,232,0
Lumpkin,East,Republican Party Question 3<br>Should active duty military personnel who are under the age of 21 be allowed to obtain a Georgia weapons license?,,REP,YES,445,15,282,148,0
Lumpkin,North East,Republican Party Question 3<br>Should active duty military personnel who are under the age of 21 be allowed to obtain a Georgia weapons license?,,REP,YES,462,14,318,129,1
Lumpkin,North,Republican Party Question 3<br>Should active duty military personnel who are under the age of 21 be allowed to obtain a Georgia weapons license?,,REP,YES,515,23,262,229,1
Lumpkin,South East,Republican Party Question 3<br>Should active duty military personnel who are under the age of 21 be allowed to obtain a Georgia weapons license?,,REP,YES,427,10,327,90,0
Lumpkin,South West,Republican Party Question 3<br>Should active duty military personnel who are under the age of 21 be allowed to obtain a Georgia weapons license?,,REP,YES,567,22,439,106,0
Lumpkin,West,Republican Party Question 3<br>Should active duty military personnel who are under the age of 21 be allowed to obtain a Georgia weapons license?,,REP,YES,740,23,475,240,2
Lumpkin,,Republican Party Question 3<br>Should active duty military personnel who are under the age of 21 be allowed to obtain a Georgia weapons license?,,REP,NO,1401,68,822,506,5
Lumpkin,Dahlonega,Republican Party Question 3<br>Should active duty military personnel who are under the age of 21 be allowed to obtain a Georgia weapons license?,,REP,NO,247,13,86,146,2
Lumpkin,East,Republican Party Question 3<br>Should active duty military personnel who are under the age of 21 be allowed to obtain a Georgia weapons license?,,REP,NO,155,7,99,49,0
Lumpkin,North East,Republican Party Question 3<br>Should active duty military personnel who are under the age of 21 be allowed to obtain a Georgia weapons license?,,REP,NO,138,7,83,47,1
Lumpkin,North,Republican Party Question 3<br>Should active duty military personnel who are under the age of 21 be allowed to obtain a Georgia weapons license?,,REP,NO,229,16,112,100,1
Lumpkin,South East,Republican Party Question 3<br>Should active duty military personnel who are under the age of 21 be allowed to obtain a Georgia weapons license?,,REP,NO,156,6,119,31,0
Lumpkin,South West,Republican Party Question 3<br>Should active duty military personnel who are under the age of 21 be allowed to obtain a Georgia weapons license?,,REP,NO,196,11,140,45,0
Lumpkin,West,Republican Party Question 3<br>Should active duty military personnel who are under the age of 21 be allowed to obtain a Georgia weapons license?,,REP,NO,280,8,183,88,1
Lumpkin,,Republican Party Question 4<br>Should Citizens who wish to vote in a primary election be required to register by their political party affiliation at least thirty (30) days prior to such primary election?,,REP,YES,2227,104,1400,719,4
Lumpkin,Dahlonega,Republican Party Question 4<br>Should Citizens who wish to vote in a primary election be required to register by their political party affiliation at least thirty (30) days prior to such primary election?,,REP,YES,330,17,160,152,1
Lumpkin,East,Republican Party Question 4<br>Should Citizens who wish to vote in a primary election be required to register by their political party affiliation at least thirty (30) days prior to such primary election?,,REP,YES,264,14,169,81,0
Lumpkin,North East,Republican Party Question 4<br>Should Citizens who wish to vote in a primary election be required to register by their political party affiliation at least thirty (30) days prior to such primary election?,,REP,YES,269,10,183,75,1
Lumpkin,North,Republican Party Question 4<br>Should Citizens who wish to vote in a primary election be required to register by their political party affiliation at least thirty (30) days prior to such primary election?,,REP,YES,313,19,157,137,0
Lumpkin,South East,Republican Party Question 4<br>Should Citizens who wish to vote in a primary election be required to register by their political party affiliation at least thirty (30) days prior to such primary election?,,REP,YES,269,9,204,56,0
Lumpkin,South West,Republican Party Question 4<br>Should Citizens who wish to vote in a primary election be required to register by their political party affiliation at least thirty (30) days prior to such primary election?,,REP,YES,352,23,255,74,0
Lumpkin,West,Republican Party Question 4<br>Should Citizens who wish to vote in a primary election be required to register by their political party affiliation at least thirty (30) days prior to such primary election?,,REP,YES,430,12,272,144,2
Lumpkin,,Republican Party Question 4<br>Should Citizens who wish to vote in a primary election be required to register by their political party affiliation at least thirty (30) days prior to such primary election?,,REP,NO,2791,87,1745,954,5
Lumpkin,Dahlonega,Republican Party Question 4<br>Should Citizens who wish to vote in a primary election be required to register by their political party affiliation at least thirty (30) days prior to such primary election?,,REP,NO,415,12,179,223,1
Lumpkin,East,Republican Party Question 4<br>Should Citizens who wish to vote in a primary election be required to register by their political party affiliation at least thirty (30) days prior to such primary election?,,REP,NO,332,7,210,115,0
Lumpkin,North East,Republican Party Question 4<br>Should Citizens who wish to vote in a primary election be required to register by their political party affiliation at least thirty (30) days prior to such primary election?,,REP,NO,321,11,210,99,1
Lumpkin,North,Republican Party Question 4<br>Should Citizens who wish to vote in a primary election be required to register by their political party affiliation at least thirty (30) days prior to such primary election?,,REP,NO,432,22,213,195,2
Lumpkin,South East,Republican Party Question 4<br>Should Citizens who wish to vote in a primary election be required to register by their political party affiliation at least thirty (30) days prior to such primary election?,,REP,NO,313,8,240,65,0
Lumpkin,South West,Republican Party Question 4<br>Should Citizens who wish to vote in a primary election be required to register by their political party affiliation at least thirty (30) days prior to such primary election?,,REP,NO,402,10,316,76,0
Lumpkin,West,Republican Party Question 4<br>Should Citizens who wish to vote in a primary election be required to register by their political party affiliation at least thirty (30) days prior to such primary election?,,REP,NO,576,17,377,181,1
Lumpkin,,Republican Party Question 5 <br>Life Amendment Question,,REP,YES,3043,118,1957,959,9
Lumpkin,Dahlonega,Republican Party Question 5 <br>Life Amendment Question,,REP,YES,416,13,195,206,2
Lumpkin,East,Republican Party Question 5 <br>Life Amendment Question,,REP,YES,360,11,242,107,0
Lumpkin,North East,Republican Party Question 5 <br>Life Amendment Question,,REP,YES,377,20,243,112,2
Lumpkin,North,Republican Party Question 5 <br>Life Amendment Question,,REP,YES,444,25,232,185,2
Lumpkin,South East,Republican Party Question 5 <br>Life Amendment Question,,REP,YES,364,9,292,63,0
Lumpkin,South West,Republican Party Question 5 <br>Life Amendment Question,,REP,YES,458,20,348,90,0
Lumpkin,West,Republican Party Question 5 <br>Life Amendment Question,,REP,YES,624,20,405,196,3
Lumpkin,,Republican Party Question 5 <br>Life Amendment Question,,REP,NO,1775,61,1079,635,0
Lumpkin,Dahlonega,Republican Party Question 5 <br>Life Amendment Question,,REP,NO,304,13,134,157,0
Lumpkin,East,Republican Party Question 5 <br>Life Amendment Question,,REP,NO,205,6,125,74,0
Lumpkin,North East,Republican Party Question 5 <br>Life Amendment Question,,REP,NO,185,1,132,52,0
Lumpkin,North,Republican Party Question 5 <br>Life Amendment Question,,REP,NO,262,11,121,130,0
Lumpkin,South East,Republican Party Question 5 <br>Life Amendment Question,,REP,NO,201,8,140,53,0
Lumpkin,South West,Republican Party Question 5 <br>Life Amendment Question,,REP,NO,268,12,202,54,0
Lumpkin,West,Republican Party Question 5 <br>Life Amendment Question,,REP,NO,350,10,225,115,0
Lumpkin,,Democratic Party Question 1<br>Should the Georgia Constitution be amended to allow the state to override locally-elected school boards’ decisions when it comes to the creation of charter schools in your county or city?,,DEM,YES,144,11,98,35,0
Lumpkin,Dahlonega,Democratic Party Question 1<br>Should the Georgia Constitution be amended to allow the state to override locally-elected school boards’ decisions when it comes to the creation of charter schools in your county or city?,,DEM,YES,23,1,15,7,0
Lumpkin,East,Democratic Party Question 1<br>Should the Georgia Constitution be amended to allow the state to override locally-elected school boards’ decisions when it comes to the creation of charter schools in your county or city?,,DEM,YES,24,1,15,8,0
Lumpkin,North East,Democratic Party Question 1<br>Should the Georgia Constitution be amended to allow the state to override locally-elected school boards’ decisions when it comes to the creation of charter schools in your county or city?,,DEM,YES,10,2,5,3,0
Lumpkin,North,Democratic Party Question 1<br>Should the Georgia Constitution be amended to allow the state to override locally-elected school boards’ decisions when it comes to the creation of charter schools in your county or city?,,DEM,YES,20,1,15,4,0
Lumpkin,South East,Democratic Party Question 1<br>Should the Georgia Constitution be amended to allow the state to override locally-elected school boards’ decisions when it comes to the creation of charter schools in your county or city?,,DEM,YES,19,3,13,3,0
Lumpkin,South West,Democratic Party Question 1<br>Should the Georgia Constitution be amended to allow the state to override locally-elected school boards’ decisions when it comes to the creation of charter schools in your county or city?,,DEM,YES,21,1,18,2,0
Lumpkin,West,Democratic Party Question 1<br>Should the Georgia Constitution be amended to allow the state to override locally-elected school boards’ decisions when it comes to the creation of charter schools in your county or city?,,DEM,YES,27,2,17,8,0
Lumpkin,,Democratic Party Question 1<br>Should the Georgia Constitution be amended to allow the state to override locally-elected school boards’ decisions when it comes to the creation of charter schools in your county or city?,,DEM,NO,242,29,147,66,0
Lumpkin,Dahlonega,Democratic Party Question 1<br>Should the Georgia Constitution be amended to allow the state to override locally-elected school boards’ decisions when it comes to the creation of charter schools in your county or city?,,DEM,NO,45,7,20,18,0
Lumpkin,East,Democratic Party Question 1<br>Should the Georgia Constitution be amended to allow the state to override locally-elected school boards’ decisions when it comes to the creation of charter schools in your county or city?,,DEM,NO,30,1,23,6,0
Lumpkin,North East,Democratic Party Question 1<br>Should the Georgia Constitution be amended to allow the state to override locally-elected school boards’ decisions when it comes to the creation of charter schools in your county or city?,,DEM,NO,24,0,19,5,0
Lumpkin,North,Democratic Party Question 1<br>Should the Georgia Constitution be amended to allow the state to override locally-elected school boards’ decisions when it comes to the creation of charter schools in your county or city?,,DEM,NO,50,9,29,12,0
Lumpkin,South East,Democratic Party Question 1<br>Should the Georgia Constitution be amended to allow the state to override locally-elected school boards’ decisions when it comes to the creation of charter schools in your county or city?,,DEM,NO,26,5,16,5,0
Lumpkin,South West,Democratic Party Question 1<br>Should the Georgia Constitution be amended to allow the state to override locally-elected school boards’ decisions when it comes to the creation of charter schools in your county or city?,,DEM,NO,27,6,15,6,0
Lumpkin,West,Democratic Party Question 1<br>Should the Georgia Constitution be amended to allow the state to override locally-elected school boards’ decisions when it comes to the creation of charter schools in your county or city?,,DEM,NO,40,1,25,14,0
Lumpkin,,Democratic Party Question 2<br>Do you support ending current practice permitting unlimited gifts from lobbyists to state legislators?,,DEM,YES,317,35,203,79,0
Lumpkin,Dahlonega,Democratic Party Question 2<br>Do you support ending current practice permitting unlimited gifts from lobbyists to state legislators?,,DEM,YES,58,8,31,19,0
Lumpkin,East,Democratic Party Question 2<br>Do you support ending current practice permitting unlimited gifts from lobbyists to state legislators?,,DEM,YES,46,2,31,13,0
Lumpkin,North East,Democratic Party Question 2<br>Do you support ending current practice permitting unlimited gifts from lobbyists to state legislators?,,DEM,YES,26,2,16,8,0
Lumpkin,North,Democratic Party Question 2<br>Do you support ending current practice permitting unlimited gifts from lobbyists to state legislators?,,DEM,YES,55,8,39,8,0
Lumpkin,South East,Democratic Party Question 2<br>Do you support ending current practice permitting unlimited gifts from lobbyists to state legislators?,,DEM,YES,37,6,24,7,0
Lumpkin,South West,Democratic Party Question 2<br>Do you support ending current practice permitting unlimited gifts from lobbyists to state legislators?,,DEM,YES,40,6,26,8,0
Lumpkin,West,Democratic Party Question 2<br>Do you support ending current practice permitting unlimited gifts from lobbyists to state legislators?,,DEM,YES,55,3,36,16,0
Lumpkin,,Democratic Party Question 2<br>Do you support ending current practice permitting unlimited gifts from lobbyists to state legislators?,,DEM,NO,81,7,51,23,0
Lumpkin,Dahlonega,Democratic Party Question 2<br>Do you support ending current practice permitting unlimited gifts from lobbyists to state legislators?,,DEM,NO,12,1,5,6,0
Lumpkin,East,Democratic Party Question 2<br>Do you support ending current practice permitting unlimited gifts from lobbyists to state legislators?,,DEM,NO,11,0,9,2,0
Lumpkin,North East,Democratic Party Question 2<br>Do you support ending current practice permitting unlimited gifts from lobbyists to state legislators?,,DEM,NO,9,0,8,1,0
Lumpkin,North,Democratic Party Question 2<br>Do you support ending current practice permitting unlimited gifts from lobbyists to state legislators?,,DEM,NO,19,3,9,7,0
Lumpkin,South East,Democratic Party Question 2<br>Do you support ending current practice permitting unlimited gifts from lobbyists to state legislators?,,DEM,NO,8,2,5,1,0
Lumpkin,South West,Democratic Party Question 2<br>Do you support ending current practice permitting unlimited gifts from lobbyists to state legislators?,,DEM,NO,9,1,8,0,0
Lumpkin,West,Democratic Party Question 2<br>Do you support ending current practice permitting unlimited gifts from lobbyists to state legislators?,,DEM,NO,13,0,7,6,0
Lumpkin,,Democratic Party Question 3<br>Should Georgia adopt an income tax credit for home energy costs to support the economic security of our families?,,DEM,YES,301,26,194,81,0
Lumpkin,Dahlonega,Democratic Party Question 3<br>Should Georgia adopt an income tax credit for home energy costs to support the economic security of our families?,,DEM,YES,58,6,33,19,0
Lumpkin,East,Democratic Party Question 3<br>Should Georgia adopt an income tax credit for home energy costs to support the economic security of our families?,,DEM,YES,44,1,31,12,0
Lumpkin,North East,Democratic Party Question 3<br>Should Georgia adopt an income tax credit for home energy costs to support the economic security of our families?,,DEM,YES,24,1,15,8,0
Lumpkin,North,Democratic Party Question 3<br>Should Georgia adopt an income tax credit for home energy costs to support the economic security of our families?,,DEM,YES,46,5,30,11,0
Lumpkin,South East,Democratic Party Question 3<br>Should Georgia adopt an income tax credit for home energy costs to support the economic security of our families?,,DEM,YES,37,5,25,7,0
Lumpkin,South West,Democratic Party Question 3<br>Should Georgia adopt an income tax credit for home energy costs to support the economic security of our families?,,DEM,YES,37,5,25,7,0
Lumpkin,West,Democratic Party Question 3<br>Should Georgia adopt an income tax credit for home energy costs to support the economic security of our families?,,DEM,YES,55,3,35,17,0
Lumpkin,,Democratic Party Question 3<br>Should Georgia adopt an income tax credit for home energy costs to support the economic security of our families?,,DEM,NO,88,13,54,21,0
Lumpkin,Dahlonega,Democratic Party Question 3<br>Should Georgia adopt an income tax credit for home energy costs to support the economic security of our families?,,DEM,NO,11,2,2,7,0
Lumpkin,East,Democratic Party Question 3<br>Should Georgia adopt an income tax credit for home energy costs to support the economic security of our families?,,DEM,NO,12,1,8,3,0
Lumpkin,North East,Democratic Party Question 3<br>Should Georgia adopt an income tax credit for home energy costs to support the economic security of our families?,,DEM,NO,9,0,8,1,0
Lumpkin,North,Democratic Party Question 3<br>Should Georgia adopt an income tax credit for home energy costs to support the economic security of our families?,,DEM,NO,24,5,16,3,0
Lumpkin,South East,Democratic Party Question 3<br>Should Georgia adopt an income tax credit for home energy costs to support the economic security of our families?,,DEM,NO,8,3,4,1,0
Lumpkin,South West,Democratic Party Question 3<br>Should Georgia adopt an income tax credit for home energy costs to support the economic security of our families?,,DEM,NO,11,2,8,1,0
Lumpkin,West,Democratic Party Question 3<br>Should Georgia adopt an income tax credit for home energy costs to support the economic security of our families?,,DEM,NO,13,0,8,5,0
Lumpkin,,Democratic Party Question 4 <br>Should Georgia reduce sales taxes on Made in Georgia products so as to support the growth of small businesses in our state?,,DEM,YES,308,29,204,75,0
Lumpkin,Dahlonega,Democratic Party Question 4 <br>Should Georgia reduce sales taxes on Made in Georgia products so as to support the growth of small businesses in our state?,,DEM,YES,49,4,29,16,0
Lumpkin,East,Democratic Party Question 4 <br>Should Georgia reduce sales taxes on Made in Georgia products so as to support the growth of small businesses in our state?,,DEM,YES,43,0,33,10,0
Lumpkin,North East,Democratic Party Question 4 <br>Should Georgia reduce sales taxes on Made in Georgia products so as to support the growth of small businesses in our state?,,DEM,YES,29,2,19,8,0
Lumpkin,North,Democratic Party Question 4 <br>Should Georgia reduce sales taxes on Made in Georgia products so as to support the growth of small businesses in our state?,,DEM,YES,58,7,39,12,0
Lumpkin,South East,Democratic Party Question 4 <br>Should Georgia reduce sales taxes on Made in Georgia products so as to support the growth of small businesses in our state?,,DEM,YES,42,8,27,7,0
Lumpkin,South West,Democratic Party Question 4 <br>Should Georgia reduce sales taxes on Made in Georgia products so as to support the growth of small businesses in our state?,,DEM,YES,36,5,25,6,0
Lumpkin,West,Democratic Party Question 4 <br>Should Georgia reduce sales taxes on Made in Georgia products so as to support the growth of small businesses in our state?,,DEM,YES,51,3,32,16,0
Lumpkin,,Democratic Party Question 4 <br>Should Georgia reduce sales taxes on Made in Georgia products so as to support the growth of small businesses in our state?,,DEM,NO,87,11,48,28,0
Lumpkin,Dahlonega,Democratic Party Question 4 <br>Should Georgia reduce sales taxes on Made in Georgia products so as to support the growth of small businesses in our state?,,DEM,NO,19,4,6,9,0
Lumpkin,East,Democratic Party Question 4 <br>Should Georgia reduce sales taxes on Made in Georgia products so as to support the growth of small businesses in our state?,,DEM,NO,14,2,7,5,0
Lumpkin,North East,Democratic Party Question 4 <br>Should Georgia reduce sales taxes on Made in Georgia products so as to support the growth of small businesses in our state?,,DEM,NO,7,0,6,1,0
Lumpkin,North,Democratic Party Question 4 <br>Should Georgia reduce sales taxes on Made in Georgia products so as to support the growth of small businesses in our state?,,DEM,NO,16,4,8,4,0
Lumpkin,South East,Democratic Party Question 4 <br>Should Georgia reduce sales taxes on Made in Georgia products so as to support the growth of small businesses in our state?,,DEM,NO,3,0,2,1,0
Lumpkin,South West,Democratic Party Question 4 <br>Should Georgia reduce sales taxes on Made in Georgia products so as to support the growth of small businesses in our state?,,DEM,NO,11,1,8,2,0
Lumpkin,West,Democratic Party Question 4 <br>Should Georgia reduce sales taxes on Made in Georgia products so as to support the growth of small businesses in our state?,,DEM,NO,17,0,11,6,0
Lumpkin,,Supreme Court Justice, Hunstein,I,CAROL W. HUNSTEIN,4142,156,2616,1365,5
Lumpkin,Dahlonega,Supreme Court Justice, Hunstein,I,CAROL W. HUNSTEIN,612,25,283,303,1
Lumpkin,East,Supreme Court Justice, Hunstein,I,CAROL W. HUNSTEIN,518,11,334,173,0
Lumpkin,North East,Supreme Court Justice, Hunstein,I,CAROL W. HUNSTEIN,477,17,314,144,2
Lumpkin,North,Supreme Court Justice, Hunstein,I,CAROL W. HUNSTEIN,622,37,325,258,2
Lumpkin,South East,Supreme Court Justice, Hunstein,I,CAROL W. HUNSTEIN,492,15,371,106,0
Lumpkin,South West,Supreme Court Justice, Hunstein,I,CAROL W. HUNSTEIN,603,29,461,113,0
Lumpkin,West,Supreme Court Justice, Hunstein,I,CAROL W. HUNSTEIN,818,22,528,268,0
Lumpkin,,Supreme Court Justice, Hunstein,,Write-in,46,5,31,10,0
Lumpkin,Dahlonega,Supreme Court Justice, Hunstein,,Write-in,4,1,2,1,0
Lumpkin,East,Supreme Court Justice, Hunstein,,Write-in,10,1,6,3,0
Lumpkin,North East,Supreme Court Justice, Hunstein,,Write-in,4,0,3,1,0
Lumpkin,North,Supreme Court Justice, Hunstein,,Write-in,5,0,3,2,0
Lumpkin,South East,Supreme Court Justice, Hunstein,,Write-in,7,2,5,0,0
Lumpkin,South West,Supreme Court Justice, Hunstein,,Write-in,9,1,7,1,0
Lumpkin,West,Supreme Court Justice, Hunstein,,Write-in,7,0,5,2,0
Lumpkin,,Supreme Court Justice, Melton,,HAROLD D. MELTON ,4090,146,2592,1347,5
Lumpkin,Dahlonega,Supreme Court Justice, Melton,,HAROLD D. MELTON ,603,24,278,300,1
Lumpkin,East,Supreme Court Justice, Melton,,HAROLD D. MELTON ,515,10,330,175,0
Lumpkin,North East,Supreme Court Justice, Melton,,HAROLD D. MELTON ,470,14,313,141,2
Lumpkin,North,Supreme Court Justice, Melton,,HAROLD D. MELTON ,611,32,321,256,2
Lumpkin,South East,Supreme Court Justice, Melton,,HAROLD D. MELTON ,497,15,375,107,0
Lumpkin,South West,Supreme Court Justice, Melton,,HAROLD D. MELTON ,585,27,449,109,0
Lumpkin,West,Supreme Court Justice, Melton,,HAROLD D. MELTON ,809,24,526,259,0
Lumpkin,,Supreme Court Justice, Melton,,Write-in,31,5,20,6,0
Lumpkin,Dahlonega,Supreme Court Justice, Melton,,Write-in,5,1,2,2,0
Lumpkin,East,Supreme Court Justice, Melton,,Write-in,6,0,6,0,0
Lumpkin,North East,Supreme Court Justice, Melton,,Write-in,2,0,1,1,0
Lumpkin,North,Supreme Court Justice, Melton,,Write-in,1,0,1,0,0
Lumpkin,South East,Supreme Court Justice, Melton,,Write-in,3,2,1,0,0
Lumpkin,South West,Supreme Court Justice, Melton,,Write-in,8,2,5,1,0
Lumpkin,West,Supreme Court Justice, Melton,,Write-in,6,0,4,2,0
Lumpkin,,Supreme Court Justice, Thompson,,HUGH P. THOMPSON ,4094,151,2596,1342,5
Lumpkin,Dahlonega,Supreme Court Justice, Thompson,,HUGH P. THOMPSON ,606,25,281,299,1
Lumpkin,East,Supreme Court Justice, Thompson,,HUGH P. THOMPSON ,515,10,330,175,0
Lumpkin,North East,Supreme Court Justice, Thompson,,HUGH P. THOMPSON ,471,14,313,142,2
Lumpkin,North,Supreme Court Justice, Thompson,,HUGH P. THOMPSON ,612,34,323,253,2
Lumpkin,South East,Supreme Court Justice, Thompson,,HUGH P. THOMPSON ,500,15,380,105,0
Lumpkin,South West,Supreme Court Justice, Thompson,,HUGH P. THOMPSON ,582,28,445,109,0
Lumpkin,West,Supreme Court Justice, Thompson,,HUGH P. THOMPSON ,808,25,524,259,0
Lumpkin,,Supreme Court Justice, Thompson,,Write-in,24,3,16,5,0
Lumpkin,Dahlonega,Supreme Court Justice, Thompson,,Write-in,3,1,1,1,0
Lumpkin,East,Supreme Court Justice, Thompson,,Write-in,5,0,5,0,0
Lumpkin,North East,Supreme Court Justice, Thompson,,Write-in,1,0,1,0,0
Lumpkin,North,Supreme Court Justice, Thompson,,Write-in,2,0,1,1,0
Lumpkin,South East,Supreme Court Justice, Thompson,,Write-in,1,1,0,0,0
Lumpkin,South West,Supreme Court Justice, Thompson,,Write-in,6,1,4,1,0
Lumpkin,West,Supreme Court Justice, Thompson,,Write-in,6,0,4,2,0
Lumpkin,,Appeals Court Judge, Boggs,,MICHAEL P. BOGGS ,4004,144,2544,1311,5
Lumpkin,Dahlonega,Appeals Court Judge, Boggs,,MICHAEL P. BOGGS ,584,24,269,290,1
Lumpkin,East,Appeals Court Judge, Boggs,,MICHAEL P. BOGGS ,515,10,332,173,0
Lumpkin,North East,Appeals Court Judge, Boggs,,MICHAEL P. BOGGS ,458,14,305,137,2
Lumpkin,North,Appeals Court Judge, Boggs,,MICHAEL P. BOGGS ,601,32,320,247,2
Lumpkin,South East,Appeals Court Judge, Boggs,,MICHAEL P. BOGGS ,484,16,366,102,0
Lumpkin,South West,Appeals Court Judge, Boggs,,MICHAEL P. BOGGS ,569,24,435,110,0
Lumpkin,West,Appeals Court Judge, Boggs,,MICHAEL P. BOGGS ,793,24,517,252,0
Lumpkin,,Appeals Court Judge, Boggs,,Write-in,22,3,14,5,0
Lumpkin,Dahlonega,Appeals Court Judge, Boggs,,Write-in,3,1,1,1,0
Lumpkin,East,Appeals Court Judge, Boggs,,Write-in,3,0,3,0,0
Lumpkin,North East,Appeals Court Judge, Boggs,,Write-in,3,0,2,1,0
Lumpkin,North,Appeals Court Judge, Boggs,,Write-in,1,0,0,1,0
Lumpkin,South East,Appeals Court Judge, Boggs,,Write-in,1,0,1,0,0
Lumpkin,South West,Appeals Court Judge, Boggs,,Write-in,7,2,4,1,0
Lumpkin,West,Appeals Court Judge, Boggs,,Write-in,4,0,3,1,0
Lumpkin,,Appeals Court Judge, Dillard,,STEPHEN DILLARD ,3998,146,2541,1306,5
Lumpkin,Dahlonega,Appeals Court Judge, Dillard,,STEPHEN DILLARD ,584,24,268,291,1
Lumpkin,East,Appeals Court Judge, Dillard,,STEPHEN DILLARD ,514,11,330,173,0
Lumpkin,North East,Appeals Court Judge, Dillard,,STEPHEN DILLARD ,462,14,310,136,2
Lumpkin,North,Appeals Court Judge, Dillard,,STEPHEN DILLARD ,603,33,322,246,2
Lumpkin,South East,Appeals Court Judge, Dillard,,STEPHEN DILLARD ,478,16,360,102,0
Lumpkin,South West,Appeals Court Judge, Dillard,,STEPHEN DILLARD ,564,23,432,109,0
Lumpkin,West,Appeals Court Judge, Dillard,,STEPHEN DILLARD ,793,25,519,249,0
Lumpkin,,Appeals Court Judge, Dillard,,Write-in,21,4,12,5,0
Lumpkin,Dahlonega,Appeals Court Judge, Dillard,,Write-in,3,1,1,1,0
Lumpkin,East,Appeals Court Judge, Dillard,,Write-in,2,0,2,0,0
Lumpkin,North East,Appeals Court Judge, Dillard,,Write-in,2,0,1,1,0
Lumpkin,North,Appeals Court Judge, Dillard,,Write-in,1,0,0,1,0
Lumpkin,South East,Appeals Court Judge, Dillard,,Write-in,1,0,1,0,0
Lumpkin,South West,Appeals Court Judge, Dillard,,Write-in,8,3,4,1,0
Lumpkin,West,Appeals Court Judge, Dillard,,Write-in,4,0,3,1,0
Lumpkin,,Appeals Court Judge, Ellington,I,JOHN J. ELLINGTON,3975,139,2528,1303,5
Lumpkin,Dahlonega,Appeals Court Judge, Ellington,I,JOHN J. ELLINGTON,584,23,269,291,1
Lumpkin,East,Appeals Court Judge, Ellington,I,JOHN J. ELLINGTON,514,10,331,173,0
Lumpkin,North East,Appeals Court Judge, Ellington,I,JOHN J. ELLINGTON,458,14,306,136,2
Lumpkin,North,Appeals Court Judge, Ellington,I,JOHN J. ELLINGTON,594,30,317,245,2
Lumpkin,South East,Appeals Court Judge, Ellington,I,JOHN J. ELLINGTON,479,16,361,102,0
Lumpkin,South West,Appeals Court Judge, Ellington,I,JOHN J. ELLINGTON,562,22,431,109,0
Lumpkin,West,Appeals Court Judge, Ellington,I,JOHN J. ELLINGTON,784,24,513,247,0
Lumpkin,,Appeals Court Judge, Ellington,,Write-in,20,4,9,7,0
Lumpkin,Dahlonega,Appeals Court Judge, Ellington,,Write-in,3,1,1,1,0
Lumpkin,East,Appeals Court Judge, Ellington,,Write-in,2,0,2,0,0
Lumpkin,North East,Appeals Court Judge, Ellington,,Write-in,2,0,1,1,0
Lumpkin,North,Appeals Court Judge, Ellington,,Write-in,2,0,0,2,0
Lumpkin,South East,Appeals Court Judge, Ellington,,Write-in,0,0,0,0,0
Lumpkin,South West,Appeals Court Judge, Ellington,,Write-in,7,3,3,1,0
Lumpkin,West,Appeals Court Judge, Ellington,,Write-in,4,0,2,2,0
Lumpkin,,Appeals Court Judge, Miller,,M. YVETTE MILLER ,3960,142,2520,1294,4
Lumpkin,Dahlonega,Appeals Court Judge, Miller,,M. YVETTE MILLER ,581,24,269,287,1
Lumpkin,East,Appeals Court Judge, Miller,,M. YVETTE MILLER ,513,10,330,173,0
Lumpkin,North East,Appeals Court Judge, Miller,,M. YVETTE MILLER ,454,14,301,137,2
Lumpkin,North,Appeals Court Judge, Miller,,M. YVETTE MILLER ,588,31,316,240,1
Lumpkin,South East,Appeals Court Judge, Miller,,M. YVETTE MILLER ,480,16,362,102,0
Lumpkin,South West,Appeals Court Judge, Miller,,M. YVETTE MILLER ,561,22,431,108,0
Lumpkin,West,Appeals Court Judge, Miller,,M. YVETTE MILLER ,783,25,511,247,0
Lumpkin,,Appeals Court Judge, Miller,,Write-in,17,3,10,4,0
Lumpkin,Dahlonega,Appeals Court Judge, Miller,,Write-in,3,1,1,1,0
Lumpkin,East,Appeals Court Judge, Miller,,Write-in,2,0,2,0,0
Lumpkin,North East,Appeals Court Judge, Miller,,Write-in,2,0,1,1,0
Lumpkin,North,Appeals Court Judge, Miller,,Write-in,1,0,1,0,0
Lumpkin,South East,Appeals Court Judge, Miller,,Write-in,0,0,0,0,0
Lumpkin,South West,Appeals Court Judge, Miller,,Write-in,6,2,3,1,0
Lumpkin,West,Appeals Court Judge, Miller,,Write-in,3,0,2,1,0
Lumpkin,,Appeals Court Judge, Phipps,,HERBERT PHIPPS ,3960,142,2511,1303,4
Lumpkin,Dahlonega,Appeals Court Judge, Phipps,,HERBERT PHIPPS ,583,23,267,292,1
Lumpkin,East,Appeals Court Judge, Phipps,,HERBERT PHIPPS ,513,10,331,172,0
Lumpkin,North East,Appeals Court Judge, Phipps,,HERBERT PHIPPS ,453,14,301,136,2
Lumpkin,North,Appeals Court Judge, Phipps,,HERBERT PHIPPS ,590,30,315,244,1
Lumpkin,South East,Appeals Court Judge, Phipps,,HERBERT PHIPPS ,478,16,359,103,0
Lumpkin,South West,Appeals Court Judge, Phipps,,HERBERT PHIPPS ,561,24,429,108,0
Lumpkin,West,Appeals Court Judge, Phipps,,HERBERT PHIPPS ,782,25,509,248,0
Lumpkin,,Appeals Court Judge, Phipps,,Write-in,16,2,8,6,0
Lumpkin,Dahlonega,Appeals Court Judge, Phipps,,Write-in,3,1,1,1,0
Lumpkin,East,Appeals Court Judge, Phipps,,Write-in,3,0,2,1,0
Lumpkin,North East,Appeals Court Judge, Phipps,,Write-in,2,0,1,1,0
Lumpkin,North,Appeals Court Judge, Phipps,,Write-in,0,0,0,0,0
Lumpkin,South East,Appeals Court Judge, Phipps,,Write-in,0,0,0,0,0
Lumpkin,South West,Appeals Court Judge, Phipps,,Write-in,4,1,2,1,0
Lumpkin,West,Appeals Court Judge, Phipps,,Write-in,4,0,2,2,0
Lumpkin,,Superior Court Judge, Enotah Circuit (Miller),,MURPHY C. MILLER ,4065,160,2562,1338,5
Lumpkin,Dahlonega,Superior Court Judge, Enotah Circuit (Miller),,MURPHY C. MILLER ,595,26,273,295,1
Lumpkin,East,Superior Court Judge, Enotah Circuit (Miller),,MURPHY C. MILLER ,526,14,336,176,0
Lumpkin,North East,Superior Court Judge, Enotah Circuit (Miller),,MURPHY C. MILLER ,476,18,311,145,2
Lumpkin,North,Superior Court Judge, Enotah Circuit (Miller),,MURPHY C. MILLER ,599,33,316,248,2
Lumpkin,South East,Superior Court Judge, Enotah Circuit (Miller),,MURPHY C. MILLER ,491,20,367,104,0
Lumpkin,South West,Superior Court Judge, Enotah Circuit (Miller),,MURPHY C. MILLER ,573,24,438,111,0
Lumpkin,West,Superior Court Judge, Enotah Circuit (Miller),,MURPHY C. MILLER ,805,25,521,259,0
Lumpkin,,Superior Court Judge, Enotah Circuit (Miller),,Write-in,29,4,17,8,0
Lumpkin,Dahlonega,Superior Court Judge, Enotah Circuit (Miller),,Write-in,4,1,1,2,0
Lumpkin,East,Superior Court Judge, Enotah Circuit (Miller),,Write-in,3,0,3,0,0
Lumpkin,North East,Superior Court Judge, Enotah Circuit (Miller),,Write-in,5,0,4,1,0
Lumpkin,North,Superior Court Judge, Enotah Circuit (Miller),,Write-in,6,1,2,3,0
Lumpkin,South East,Superior Court Judge, Enotah Circuit (Miller),,Write-in,1,0,1,0,0
Lumpkin,South West,Superior Court Judge, Enotah Circuit (Miller),,Write-in,7,2,4,1,0
Lumpkin,West,Superior Court Judge, Enotah Circuit (Miller),,Write-in,3,0,2,1,0
Lumpkin,,Probate Judge,,,MICHAEL CHASTAIN ,4455,164,2830,1456,5
Lumpkin,Dahlonega,Probate Judge,,,MICHAEL CHASTAIN ,643,24,301,317,1
Lumpkin,East,Probate Judge,,,MICHAEL CHASTAIN ,565,16,359,190,0
Lumpkin,North East,Probate Judge,,,MICHAEL CHASTAIN ,515,14,347,152,2
Lumpkin,North,Probate Judge,,,MICHAEL CHASTAIN ,677,40,356,279,2
Lumpkin,South East,Probate Judge,,,MICHAEL CHASTAIN ,534,20,406,108,0
Lumpkin,South West,Probate Judge,,,MICHAEL CHASTAIN ,631,25,480,126,0
Lumpkin,West,Probate Judge,,,MICHAEL CHASTAIN ,890,25,581,284,0
Lumpkin,,Probate Judge,,,Write-in,23,3,14,6,0
Lumpkin,Dahlonega,Probate Judge,,,Write-in,5,3,1,1,0
Lumpkin,East,Probate Judge,,,Write-in,4,0,3,1,0
Lumpkin,North East,Probate Judge,,,Write-in,1,0,0,1,0
Lumpkin,North,Probate Judge,,,Write-in,3,0,2,1,0
Lumpkin,South East,Probate Judge,,,Write-in,2,0,2,0,0
Lumpkin,South West,Probate Judge,,,Write-in,1,0,0,1,0
Lumpkin,West,Probate Judge,,,Write-in,7,0,6,1,0
Lumpkin,,Chief Magistrate,,,ANDREA CONARRO,1276,53,764,459,0
Lumpkin,Dahlonega,Chief Magistrate,,,ANDREA CONARRO,270,17,125,128,0
Lumpkin,East,Chief Magistrate,,,ANDREA CONARRO,124,1,76,47,0
Lumpkin,North East,Chief Magistrate,,,ANDREA CONARRO,138,2,95,41,0
Lumpkin,North,Chief Magistrate,,,ANDREA CONARRO,189,13,88,88,0
Lumpkin,South East,Chief Magistrate,,,ANDREA CONARRO,126,1,89,36,0
Lumpkin,South West,Chief Magistrate,,,ANDREA CONARRO,183,13,133,37,0
Lumpkin,West,Chief Magistrate,,,ANDREA CONARRO,246,6,158,82,0
Lumpkin,,Chief Magistrate,,,JOY L. EDELBERG,1429,64,825,539,1
Lumpkin,Dahlonega,Chief Magistrate,,,JOY L. EDELBERG,231,7,99,125,0
Lumpkin,East,Chief Magistrate,,,JOY L. EDELBERG,136,4,74,58,0
Lumpkin,North East,Chief Magistrate,,,JOY L. EDELBERG,177,5,118,53,1
Lumpkin,North,Chief Magistrate,,,JOY L. EDELBERG,222,14,95,113,0
Lumpkin,South East,Chief Magistrate,,,JOY L. EDELBERG,165,8,122,35,0
Lumpkin,South West,Chief Magistrate,,,JOY L. EDELBERG,209,13,146,50,0
Lumpkin,West,Chief Magistrate,,,JOY L. EDELBERG,289,13,171,105,0
Lumpkin,,Chief Magistrate,,,KATHI HANEY,325,14,213,98,0
Lumpkin,Dahlonega,Chief Magistrate,,,KATHI HANEY,42,2,16,24,0
Lumpkin,East,Chief Magistrate,,,KATHI HANEY,68,4,43,21,0
Lumpkin,North East,Chief Magistrate,,,KATHI HANEY,30,4,19,7,0
Lumpkin,North,Chief Magistrate,,,KATHI HANEY,43,1,27,15,0
Lumpkin,South East,Chief Magistrate,,,KATHI HANEY,48,1,39,8,0
Lumpkin,South West,Chief Magistrate,,,KATHI HANEY,50,1,43,6,0
Lumpkin,West,Chief Magistrate,,,KATHI HANEY,44,1,26,17,0
Lumpkin,,Chief Magistrate,,,RANDY MICHAEL PRUITT,2354,105,1547,695,7
Lumpkin,Dahlonega,Chief Magistrate,,,RANDY MICHAEL PRUITT,259,11,125,122,1
Lumpkin,East,Chief Magistrate,,,RANDY MICHAEL PRUITT,312,16,210,86,0
Lumpkin,North East,Chief Magistrate,,,RANDY MICHAEL PRUITT,294,12,196,85,1
Lumpkin,North,Chief Magistrate,,,RANDY MICHAEL PRUITT,387,28,220,137,2
Lumpkin,South East,Chief Magistrate,,,RANDY MICHAEL PRUITT,273,14,214,45,0
Lumpkin,South West,Chief Magistrate,,,RANDY MICHAEL PRUITT,341,11,259,71,0
Lumpkin,West,Chief Magistrate,,,RANDY MICHAEL PRUITT,488,13,323,149,3
Lumpkin,,Chief Magistrate,,,Write-in,4,0,4,0,0
Lumpkin,Dahlonega,Chief Magistrate,,,Write-in,0,0,0,0,0
Lumpkin,East,Chief Magistrate,,,Write-in,0,0,0,0,0
Lumpkin,North East,Chief Magistrate,,,Write-in,1,0,1,0,0
Lumpkin,North,Chief Magistrate,,,Write-in,1,0,1,0,0
Lumpkin,South East,Chief Magistrate,,,Write-in,1,0,1,0,0
Lumpkin,South West,Chief Magistrate,,,Write-in,0,0,0,0,0
Lumpkin,West,Chief Magistrate,,,Write-in,1,0,1,0,0
Lumpkin,,BOE 1,,,CHRISTOPHER BEARDEN,2315,87,1528,699,1
Lumpkin,Dahlonega,BOE 1,,,CHRISTOPHER BEARDEN,246,9,119,118,0
Lumpkin,East,BOE 1,,,CHRISTOPHER BEARDEN,257,6,175,76,0
Lumpkin,North East,BOE 1,,,CHRISTOPHER BEARDEN,291,10,190,91,0
Lumpkin,North,BOE 1,,,CHRISTOPHER BEARDEN,397,31,205,160,1
Lumpkin,South East,BOE 1,,,CHRISTOPHER BEARDEN,291,13,231,47,0
Lumpkin,South West,BOE 1,,,CHRISTOPHER BEARDEN,349,12,278,59,0
Lumpkin,West,BOE 1,,,CHRISTOPHER BEARDEN,484,6,330,148,0
Lumpkin,,BOE 1,,,SUSAN SOCKWELL ,2921,129,1739,1049,4
Lumpkin,Dahlonega,BOE 1,,,SUSAN SOCKWELL ,544,24,237,282,1
Lumpkin,East,BOE 1,,,SUSAN SOCKWELL ,357,14,216,127,0
Lumpkin,North East,BOE 1,,,SUSAN SOCKWELL ,320,12,219,87,2
Lumpkin,North,BOE 1,,,SUSAN SOCKWELL ,431,23,218,189,1
Lumpkin,South East,BOE 1,,,SUSAN SOCKWELL ,316,9,232,75,0
Lumpkin,South West,BOE 1,,,SUSAN SOCKWELL ,409,24,290,95,0
Lumpkin,West,BOE 1,,,SUSAN SOCKWELL ,544,23,327,194,0
Lumpkin,,BOE 1,,,Write-in,12,1,4,7,0
Lumpkin,Dahlonega,BOE 1,,,Write-in,2,0,1,1,0
Lumpkin,East,BOE 1,,,Write-in,6,0,0,6,0
Lumpkin,North East,BOE 1,,,Write-in,0,0,0,0,0
Lumpkin,North,BOE 1,,,Write-in,0,0,0,0,0
Lumpkin,South East,BOE 1,,,Write-in,0,0,0,0,0
Lumpkin,South West,BOE 1,,,Write-in,0,0,0,0,0
Lumpkin,West,BOE 1,,,Write-in,4,1,3,0,0
Lumpkin,,BOE 3,,,JIM MCCLURE ,4272,164,2709,1394,5
Lumpkin,Dahlonega,BOE 3,,,JIM MCCLURE ,615,23,283,308,1
Lumpkin,East,BOE 3,,,JIM MCCLURE ,561,15,360,186,0
Lumpkin,North East,BOE 3,,,JIM MCCLURE ,492,14,332,144,2
Lumpkin,North,BOE 3,,,JIM MCCLURE ,649,38,337,272,2
Lumpkin,South East,BOE 3,,,JIM MCCLURE ,505,20,386,99,0
Lumpkin,South West,BOE 3,,,JIM MCCLURE ,603,27,461,115,0
Lumpkin,West,BOE 3,,,JIM MCCLURE ,847,27,550,270,0
Lumpkin,,BOE 3,,,Write-in,49,4,23,22,0
Lumpkin,Dahlonega,BOE 3,,,Write-in,5,1,2,2,0
Lumpkin,East,BOE 3,,,Write-in,6,0,3,3,0
Lumpkin,North East,BOE 3,,,Write-in,4,0,0,4,0
Lumpkin,North,BOE 3,,,Write-in,3,0,2,1,0
Lumpkin,South East,BOE 3,,,Write-in,7,1,5,1,0
Lumpkin,South West,BOE 3,,,Write-in,15,2,7,6,0
Lumpkin,West,BOE 3,,,Write-in,9,0,4,5,0
Lumpkin,,TSPLOST,,,YES,1504,73,890,538,3
Lumpkin,Dahlonega,TSPLOST,,,YES,313,18,134,160,1
Lumpkin,East,TSPLOST,,,YES,179,9,103,67,0
Lumpkin,North East,TSPLOST,,,YES,161,2,97,61,1
Lumpkin,North,TSPLOST,,,YES,196,9,105,81,1
Lumpkin,South East,TSPLOST,,,YES,166,14,105,47,0
Lumpkin,South West,TSPLOST,,,YES,200,7,165,28,0
Lumpkin,West,TSPLOST,,,YES,289,14,181,94,0
Lumpkin,,TSPLOST,,,NO,4110,165,2652,1287,6
Lumpkin,Dahlonega,TSPLOST,,,NO,525,22,252,250,1
Lumpkin,East,TSPLOST,,,NO,490,16,326,148,0
Lumpkin,North East,TSPLOST,,,NO,486,20,337,128,1
Lumpkin,North,TSPLOST,,,NO,668,45,345,277,1
Lumpkin,South East,TSPLOST,,,NO,492,10,398,84,0
Lumpkin,South West,TSPLOST,,,NO,627,32,457,138,0
Lumpkin,West,TSPLOST,,,NO,822,20,537,262,3
