county,precinct,office,district,party,candidate,votes,absentee_by_mail,election_day,advance_in_person,provisional
Grady,,"Public Service Commission, District 3",3,REP,CHUCK EATON (I),684,20,472,191,1
Grady,Blowing Cave,"Public Service Commission, District 3",3,REP,CHUCK EATON (I),52,2,44,6,0
Grady,Cairo 4th District,"Public Service Commission, District 3",3,REP,CHUCK EATON (I),30,2,9,19,0
Grady,Cairo 5th District,"Public Service Commission, District 3",3,REP,CHUCK EATON (I),76,4,45,27,0
Grady,Duncanville,"Public Service Commission, District 3",3,REP,CHUCK EATON (I),34,1,30,3,0
Grady,Higdon,"Public Service Commission, District 3",3,REP,CHUCK EATON (I),37,3,31,3,0
Grady,Limesink,"Public Service Commission, District 3",3,REP,CHUCK EATON (I),23,0,19,4,0
Grady,Midway,"Public Service Commission, District 3",3,REP,CHUCK EATON (I),76,1,53,22,0
Grady,Pine Park,"Public Service Commission, District 3",3,REP,CHUCK EATON (I),37,0,26,11,0
Grady,Ragan,"Public Service Commission, District 3",3,REP,CHUCK EATON (I),24,2,16,6,0
Grady,Spence,"Public Service Commission, District 3",3,REP,CHUCK EATON (I),60,0,47,13,0
Grady,Spring Hill,"Public Service Commission, District 3",3,REP,CHUCK EATON (I),55,0,36,19,0
Grady,Whigham,"Public Service Commission, District 3",3,REP,CHUCK EATON (I),60,0,43,17,0
Grady,Woodland,"Public Service Commission, District 3",3,REP,CHUCK EATON (I),120,5,73,41,1
Grady,,"Public Service Commission, District 3",3,REP,MATT REID,326,7,233,86,0
Grady,Blowing Cave,"Public Service Commission, District 3",3,REP,MATT REID,22,0,18,4,0
Grady,Cairo 4th District,"Public Service Commission, District 3",3,REP,MATT REID,13,1,8,4,0
Grady,Cairo 5th District,"Public Service Commission, District 3",3,REP,MATT REID,53,1,27,25,0
Grady,Duncanville,"Public Service Commission, District 3",3,REP,MATT REID,10,0,10,0,0
Grady,Higdon,"Public Service Commission, District 3",3,REP,MATT REID,18,0,13,5,0
Grady,Limesink,"Public Service Commission, District 3",3,REP,MATT REID,18,0,18,0,0
Grady,Midway,"Public Service Commission, District 3",3,REP,MATT REID,30,1,17,12,0
Grady,Pine Park,"Public Service Commission, District 3",3,REP,MATT REID,17,3,11,3,0
Grady,Ragan,"Public Service Commission, District 3",3,REP,MATT REID,14,0,11,3,0
Grady,Spence,"Public Service Commission, District 3",3,REP,MATT REID,25,0,22,3,0
Grady,Spring Hill,"Public Service Commission, District 3",3,REP,MATT REID,21,0,15,6,0
Grady,Whigham,"Public Service Commission, District 3",3,REP,MATT REID,29,0,23,6,0
Grady,Woodland,"Public Service Commission, District 3",3,REP,MATT REID,56,1,40,15,0
Grady,,"Public Service Commission, District 3",3,DEM,STEPHEN OPPENHEIMER,1892,43,1206,641,2
Grady,Blowing Cave,"Public Service Commission, District 3",3,DEM,STEPHEN OPPENHEIMER,81,0,68,13,0
Grady,Cairo 4th District,"Public Service Commission, District 3",3,DEM,STEPHEN OPPENHEIMER,344,10,192,142,0
Grady,Cairo 5th District,"Public Service Commission, District 3",3,DEM,STEPHEN OPPENHEIMER,355,6,197,151,1
Grady,Duncanville,"Public Service Commission, District 3",3,DEM,STEPHEN OPPENHEIMER,44,0,42,2,0
Grady,Higdon,"Public Service Commission, District 3",3,DEM,STEPHEN OPPENHEIMER,93,1,74,18,0
Grady,Limesink,"Public Service Commission, District 3",3,DEM,STEPHEN OPPENHEIMER,38,1,26,11,0
Grady,Midway,"Public Service Commission, District 3",3,DEM,STEPHEN OPPENHEIMER,172,5,115,52,0
Grady,Pine Park,"Public Service Commission, District 3",3,DEM,STEPHEN OPPENHEIMER,91,3,68,20,0
Grady,Ragan,"Public Service Commission, District 3",3,DEM,STEPHEN OPPENHEIMER,91,3,67,21,0
Grady,Spence,"Public Service Commission, District 3",3,DEM,STEPHEN OPPENHEIMER,75,5,52,18,0
Grady,Spring Hill,"Public Service Commission, District 3",3,DEM,STEPHEN OPPENHEIMER,65,0,51,14,0
Grady,Whigham,"Public Service Commission, District 3",3,DEM,STEPHEN OPPENHEIMER,118,3,90,24,1
Grady,Woodland,"Public Service Commission, District 3",3,DEM,STEPHEN OPPENHEIMER,325,6,164,155,0
Grady,,"Public Service Commission, District 5",5,REP,PAM DAVIDSON,368,11,267,90,0
Grady,Blowing Cave,"Public Service Commission, District 5",5,REP,PAM DAVIDSON,28,0,24,4,0
Grady,Cairo 4th District,"Public Service Commission, District 5",5,REP,PAM DAVIDSON,10,1,3,6,0
Grady,Cairo 5th District,"Public Service Commission, District 5",5,REP,PAM DAVIDSON,66,3,37,26,0
Grady,Duncanville,"Public Service Commission, District 5",5,REP,PAM DAVIDSON,9,0,9,0,0
Grady,Higdon,"Public Service Commission, District 5",5,REP,PAM DAVIDSON,22,0,18,4,0
Grady,Limesink,"Public Service Commission, District 5",5,REP,PAM DAVIDSON,20,0,20,0,0
Grady,Midway,"Public Service Commission, District 5",5,REP,PAM DAVIDSON,38,1,27,10,0
Grady,Pine Park,"Public Service Commission, District 5",5,REP,PAM DAVIDSON,19,3,13,3,0
Grady,Ragan,"Public Service Commission, District 5",5,REP,PAM DAVIDSON,17,0,14,3,0
Grady,Spence,"Public Service Commission, District 5",5,REP,PAM DAVIDSON,28,0,26,2,0
Grady,Spring Hill,"Public Service Commission, District 5",5,REP,PAM DAVIDSON,21,0,13,8,0
Grady,Whigham,"Public Service Commission, District 5",5,REP,PAM DAVIDSON,29,0,23,6,0
Grady,Woodland,"Public Service Commission, District 5",5,REP,PAM DAVIDSON,61,3,40,18,0
Grady,,"Public Service Commission, District 5",5,REP,STAN WISE (I),637,17,435,184,1
Grady,Blowing Cave,"Public Service Commission, District 5",5,REP,STAN WISE (I),45,2,37,6,0
Grady,Cairo 4th District,"Public Service Commission, District 5",5,REP,STAN WISE (I),31,2,12,17,0
Grady,Cairo 5th District,"Public Service Commission, District 5",5,REP,STAN WISE (I),66,2,37,27,0
Grady,Duncanville,"Public Service Commission, District 5",5,REP,STAN WISE (I),34,1,30,3,0
Grady,Higdon,"Public Service Commission, District 5",5,REP,STAN WISE (I),33,3,26,4,0
Grady,Limesink,"Public Service Commission, District 5",5,REP,STAN WISE (I),22,0,18,4,0
Grady,Midway,"Public Service Commission, District 5",5,REP,STAN WISE (I),71,1,45,25,0
Grady,Pine Park,"Public Service Commission, District 5",5,REP,STAN WISE (I),34,0,24,10,0
Grady,Ragan,"Public Service Commission, District 5",5,REP,STAN WISE (I),21,2,13,6,0
Grady,Spence,"Public Service Commission, District 5",5,REP,STAN WISE (I),57,0,43,14,0
Grady,Spring Hill,"Public Service Commission, District 5",5,REP,STAN WISE (I),54,0,36,18,0
Grady,Whigham,"Public Service Commission, District 5",5,REP,STAN WISE (I),57,0,43,14,0
Grady,Woodland,"Public Service Commission, District 5",5,REP,STAN WISE (I),112,4,71,36,1
Grady,,"U.S. Representative, District 2",2,REP,RICK ALLEN,502,8,358,136,0
Grady,Blowing Cave,"U.S. Representative, District 2",2,REP,RICK ALLEN,42,0,34,8,0
Grady,Cairo 4th District,"U.S. Representative, District 2",2,REP,RICK ALLEN,23,1,10,12,0
Grady,Cairo 5th District,"U.S. Representative, District 2",2,REP,RICK ALLEN,57,1,33,23,0
Grady,Duncanville,"U.S. Representative, District 2",2,REP,RICK ALLEN,26,1,24,1,0
Grady,Higdon,"U.S. Representative, District 2",2,REP,RICK ALLEN,26,1,21,4,0
Grady,Limesink,"U.S. Representative, District 2",2,REP,RICK ALLEN,19,0,18,1,0
Grady,Midway,"U.S. Representative, District 2",2,REP,RICK ALLEN,50,2,29,19,0
Grady,Pine Park,"U.S. Representative, District 2",2,REP,RICK ALLEN,26,1,19,6,0
Grady,Ragan,"U.S. Representative, District 2",2,REP,RICK ALLEN,20,0,15,5,0
Grady,Spence,"U.S. Representative, District 2",2,REP,RICK ALLEN,54,0,43,11,0
Grady,Spring Hill,"U.S. Representative, District 2",2,REP,RICK ALLEN,30,0,20,10,0
Grady,Whigham,"U.S. Representative, District 2",2,REP,RICK ALLEN,38,0,32,6,0
Grady,Woodland,"U.S. Representative, District 2",2,REP,RICK ALLEN,91,1,60,30,0
Grady,,"U.S. Representative, District 2",2,REP,KEN DELOACH,303,10,214,79,0
Grady,Blowing Cave,"U.S. Representative, District 2",2,REP,KEN DELOACH,20,2,17,1,0
Grady,Cairo 4th District,"U.S. Representative, District 2",2,REP,KEN DELOACH,16,0,6,10,0
Grady,Cairo 5th District,"U.S. Representative, District 2",2,REP,KEN DELOACH,45,1,26,18,0
Grady,Duncanville,"U.S. Representative, District 2",2,REP,KEN DELOACH,11,0,9,2,0
Grady,Higdon,"U.S. Representative, District 2",2,REP,KEN DELOACH,18,1,15,2,0
Grady,Limesink,"U.S. Representative, District 2",2,REP,KEN DELOACH,12,0,11,1,0
Grady,Midway,"U.S. Representative, District 2",2,REP,KEN DELOACH,31,0,25,6,0
Grady,Pine Park,"U.S. Representative, District 2",2,REP,KEN DELOACH,17,1,13,3,0
Grady,Ragan,"U.S. Representative, District 2",2,REP,KEN DELOACH,14,2,10,2,0
Grady,Spence,"U.S. Representative, District 2",2,REP,KEN DELOACH,15,0,14,1,0
Grady,Spring Hill,"U.S. Representative, District 2",2,REP,KEN DELOACH,31,0,19,12,0
Grady,Whigham,"U.S. Representative, District 2",2,REP,KEN DELOACH,24,0,16,8,0
Grady,Woodland,"U.S. Representative, District 2",2,REP,KEN DELOACH,49,3,33,13,0
Grady,,"U.S. Representative, District 2",2,REP,JOHN HOUSE,146,9,94,43,0
Grady,Blowing Cave,"U.S. Representative, District 2",2,REP,JOHN HOUSE,10,0,9,1,0
Grady,Cairo 4th District,"U.S. Representative, District 2",2,REP,JOHN HOUSE,3,2,0,1,0
Grady,Cairo 5th District,"U.S. Representative, District 2",2,REP,JOHN HOUSE,24,3,11,10,0
Grady,Duncanville,"U.S. Representative, District 2",2,REP,JOHN HOUSE,3,0,3,0,0
Grady,Higdon,"U.S. Representative, District 2",2,REP,JOHN HOUSE,5,1,3,1,0
Grady,Limesink,"U.S. Representative, District 2",2,REP,JOHN HOUSE,6,0,5,1,0
Grady,Midway,"U.S. Representative, District 2",2,REP,JOHN HOUSE,21,0,15,6,0
Grady,Pine Park,"U.S. Representative, District 2",2,REP,JOHN HOUSE,7,1,3,3,0
Grady,Ragan,"U.S. Representative, District 2",2,REP,JOHN HOUSE,4,0,3,1,0
Grady,Spence,"U.S. Representative, District 2",2,REP,JOHN HOUSE,15,0,11,4,0
Grady,Spring Hill,"U.S. Representative, District 2",2,REP,JOHN HOUSE,6,0,5,1,0
Grady,Whigham,"U.S. Representative, District 2",2,REP,JOHN HOUSE,16,0,12,4,0
Grady,Woodland,"U.S. Representative, District 2",2,REP,JOHN HOUSE,26,2,14,10,0
Grady,,"U.S. Representative, District 2",2,DEM,SANFORD BISHOP (I),2198,36,1409,751,2
Grady,Blowing Cave,"U.S. Representative, District 2",2,DEM,SANFORD BISHOP (I),95,0,72,23,0
Grady,Cairo 4th District,"U.S. Representative, District 2",2,DEM,SANFORD BISHOP (I),572,11,335,226,0
Grady,Cairo 5th District,"U.S. Representative, District 2",2,DEM,SANFORD BISHOP (I),387,4,211,171,1
Grady,Duncanville,"U.S. Representative, District 2",2,DEM,SANFORD BISHOP (I),55,0,53,2,0
Grady,Higdon,"U.S. Representative, District 2",2,DEM,SANFORD BISHOP (I),103,1,84,18,0
Grady,Limesink,"U.S. Representative, District 2",2,DEM,SANFORD BISHOP (I),41,1,26,14,0
Grady,Midway,"U.S. Representative, District 2",2,DEM,SANFORD BISHOP (I),175,3,123,49,0
Grady,Pine Park,"U.S. Representative, District 2",2,DEM,SANFORD BISHOP (I),92,3,73,16,0
Grady,Ragan,"U.S. Representative, District 2",2,DEM,SANFORD BISHOP (I),102,2,78,22,0
Grady,Spence,"U.S. Representative, District 2",2,DEM,SANFORD BISHOP (I),74,3,54,17,0
Grady,Spring Hill,"U.S. Representative, District 2",2,DEM,SANFORD BISHOP (I),68,0,50,18,0
Grady,Whigham,"U.S. Representative, District 2",2,DEM,SANFORD BISHOP (I),138,4,105,28,1
Grady,Woodland,"U.S. Representative, District 2",2,DEM,SANFORD BISHOP (I),296,4,145,147,0
Grady,,"State Senator, District 11",11,REP,JOHN BULLOCH (I),985,25,682,277,1
Grady,Blowing Cave,"State Senator, District 11",11,REP,JOHN BULLOCH (I),74,0,63,11,0
Grady,Cairo 4th District,"State Senator, District 11",11,REP,JOHN BULLOCH (I),42,3,16,23,0
Grady,Cairo 5th District,"State Senator, District 11",11,REP,JOHN BULLOCH (I),125,5,69,51,0
Grady,Duncanville,"State Senator, District 11",11,REP,JOHN BULLOCH (I),45,1,41,3,0
Grady,Higdon,"State Senator, District 11",11,REP,JOHN BULLOCH (I),50,3,39,8,0
Grady,Limesink,"State Senator, District 11",11,REP,JOHN BULLOCH (I),42,0,37,5,0
Grady,Midway,"State Senator, District 11",11,REP,JOHN BULLOCH (I),110,3,72,35,0
Grady,Pine Park,"State Senator, District 11",11,REP,JOHN BULLOCH (I),54,1,38,15,0
Grady,Ragan,"State Senator, District 11",11,REP,JOHN BULLOCH (I),42,2,29,11,0
Grady,Spence,"State Senator, District 11",11,REP,JOHN BULLOCH (I),83,0,66,17,0
Grady,Spring Hill,"State Senator, District 11",11,REP,JOHN BULLOCH (I),77,0,49,28,0
Grady,Whigham,"State Senator, District 11",11,REP,JOHN BULLOCH (I),79,1,60,18,0
Grady,Woodland,"State Senator, District 11",11,REP,JOHN BULLOCH (I),162,6,103,52,1
Grady,,"State Representative, District 173",173,REP,DARLENE K. TAYLOR(I),877,24,595,257,1
Grady,Blowing Cave,"State Representative, District 173",173,REP,DARLENE K. TAYLOR(I),60,0,51,9,0
Grady,Cairo 4th District,"State Representative, District 173",173,REP,DARLENE K. TAYLOR(I),41,3,15,23,0
Grady,Cairo 5th District,"State Representative, District 173",173,REP,DARLENE K. TAYLOR(I),115,5,61,49,0
Grady,Duncanville,"State Representative, District 173",173,REP,DARLENE K. TAYLOR(I),37,1,33,3,0
Grady,Higdon,"State Representative, District 173",173,REP,DARLENE K. TAYLOR(I),42,3,33,6,0
Grady,Limesink,"State Representative, District 173",173,REP,DARLENE K. TAYLOR(I),35,0,32,3,0
Grady,Midway,"State Representative, District 173",173,REP,DARLENE K. TAYLOR(I),98,2,61,35,0
Grady,Pine Park,"State Representative, District 173",173,REP,DARLENE K. TAYLOR(I),48,2,33,13,0
Grady,Ragan,"State Representative, District 173",173,REP,DARLENE K. TAYLOR(I),35,2,24,9,0
Grady,Spence,"State Representative, District 173",173,REP,DARLENE K. TAYLOR(I),73,0,59,14,0
Grady,Spring Hill,"State Representative, District 173",173,REP,DARLENE K. TAYLOR(I),60,0,38,22,0
Grady,Whigham,"State Representative, District 173",173,REP,DARLENE K. TAYLOR(I),77,0,58,19,0
Grady,Woodland,"State Representative, District 173",173,REP,DARLENE K. TAYLOR(I),156,6,97,52,1
Grady,,"State Representative, District 173",173,DEM,HALEY SHANK,1693,39,1059,593,2
Grady,Blowing Cave,"State Representative, District 173",173,DEM,HALEY SHANK,70,0,59,11,0
Grady,Cairo 4th District,"State Representative, District 173",173,DEM,HALEY SHANK,300,10,167,123,0
Grady,Cairo 5th District,"State Representative, District 173",173,DEM,HALEY SHANK,333,5,176,151,1
Grady,Duncanville,"State Representative, District 173",173,DEM,HALEY SHANK,38,0,36,2,0
Grady,Higdon,"State Representative, District 173",173,DEM,HALEY SHANK,81,2,61,18,0
Grady,Limesink,"State Representative, District 173",173,DEM,HALEY SHANK,36,1,26,9,0
Grady,Midway,"State Representative, District 173",173,DEM,HALEY SHANK,152,3,105,44,0
Grady,Pine Park,"State Representative, District 173",173,DEM,HALEY SHANK,79,3,58,18,0
Grady,Ragan,"State Representative, District 173",173,DEM,HALEY SHANK,82,2,63,17,0
Grady,Spence,"State Representative, District 173",173,DEM,HALEY SHANK,64,5,45,14,0
Grady,Spring Hill,"State Representative, District 173",173,DEM,HALEY SHANK,53,0,41,12,0
Grady,Whigham,"State Representative, District 173",173,DEM,HALEY SHANK,107,3,77,26,1
Grady,Woodland,"State Representative, District 173",173,DEM,HALEY SHANK,298,5,145,148,0
Grady,,"District Attorney, South Georgia Circuit", South Georgia Circuit - DEM,DEM,JOE MULHOLLAND (I),2105,44,1316,743,2
Grady,Blowing Cave,"District Attorney, South Georgia Circuit", South Georgia Circuit - DEM,DEM,JOE MULHOLLAND (I),86,0,71,15,0
Grady,Cairo 4th District,"District Attorney, South Georgia Circuit", South Georgia Circuit - DEM,DEM,JOE MULHOLLAND (I),395,11,221,163,0
Grady,Cairo 5th District,"District Attorney, South Georgia Circuit", South Georgia Circuit - DEM,DEM,JOE MULHOLLAND (I),407,5,218,183,1
Grady,Duncanville,"District Attorney, South Georgia Circuit", South Georgia Circuit - DEM,DEM,JOE MULHOLLAND (I),45,0,43,2,0
Grady,Higdon,"District Attorney, South Georgia Circuit", South Georgia Circuit - DEM,DEM,JOE MULHOLLAND (I),88,1,69,18,0
Grady,Limesink,"District Attorney, South Georgia Circuit", South Georgia Circuit - DEM,DEM,JOE MULHOLLAND (I),39,1,25,13,0
Grady,Midway,"District Attorney, South Georgia Circuit", South Georgia Circuit - DEM,DEM,JOE MULHOLLAND (I),187,6,124,57,0
Grady,Pine Park,"District Attorney, South Georgia Circuit", South Georgia Circuit - DEM,DEM,JOE MULHOLLAND (I),90,3,66,21,0
Grady,Ragan,"District Attorney, South Georgia Circuit", South Georgia Circuit - DEM,DEM,JOE MULHOLLAND (I),95,3,74,18,0
Grady,Spence,"District Attorney, South Georgia Circuit", South Georgia Circuit - DEM,DEM,JOE MULHOLLAND (I),77,5,56,16,0
Grady,Spring Hill,"District Attorney, South Georgia Circuit", South Georgia Circuit - DEM,DEM,JOE MULHOLLAND (I),78,0,60,18,0
Grady,Whigham,"District Attorney, South Georgia Circuit", South Georgia Circuit - DEM,DEM,JOE MULHOLLAND (I),147,3,110,33,1
Grady,Woodland,"District Attorney, South Georgia Circuit", South Georgia Circuit - DEM,DEM,JOE MULHOLLAND (I),371,6,179,186,0
Grady,,"CLERK, SUPERIOR COURT", SUPERIOR COURT - D,,DEBBIE KINES ,2444,49,1533,860,2
Grady,Blowing Cave,"CLERK, SUPERIOR COURT", SUPERIOR COURT - D,,DEBBIE KINES ,107,0,85,22,0
Grady,Cairo 4th District,"CLERK, SUPERIOR COURT", SUPERIOR COURT - D,,DEBBIE KINES ,470,11,270,189,0
Grady,Cairo 5th District,"CLERK, SUPERIOR COURT", SUPERIOR COURT - D,,DEBBIE KINES ,473,6,248,218,1
Grady,Duncanville,"CLERK, SUPERIOR COURT", SUPERIOR COURT - D,,DEBBIE KINES ,49,0,47,2,0
Grady,Higdon,"CLERK, SUPERIOR COURT", SUPERIOR COURT - D,,DEBBIE KINES ,105,1,82,22,0
Grady,Limesink,"CLERK, SUPERIOR COURT", SUPERIOR COURT - D,,DEBBIE KINES ,47,3,30,14,0
Grady,Midway,"CLERK, SUPERIOR COURT", SUPERIOR COURT - D,,DEBBIE KINES ,215,7,144,64,0
Grady,Pine Park,"CLERK, SUPERIOR COURT", SUPERIOR COURT - D,,DEBBIE KINES ,106,3,81,22,0
Grady,Ragan,"CLERK, SUPERIOR COURT", SUPERIOR COURT - D,,DEBBIE KINES ,110,2,82,26,0
Grady,Spence,"CLERK, SUPERIOR COURT", SUPERIOR COURT - D,,DEBBIE KINES ,88,6,64,18,0
Grady,Spring Hill,"CLERK, SUPERIOR COURT", SUPERIOR COURT - D,,DEBBIE KINES ,95,0,76,19,0
Grady,Whigham,"CLERK, SUPERIOR COURT", SUPERIOR COURT - D,,DEBBIE KINES ,168,4,124,39,1
Grady,Woodland,"CLERK, SUPERIOR COURT", SUPERIOR COURT - D,,DEBBIE KINES ,411,6,200,205,0
Grady,,SHERIFF,,,EARL STUCKEY,749,21,531,197,0
Grady,Blowing Cave,SHERIFF,,,EARL STUCKEY,57,2,47,8,0
Grady,Cairo 4th District,SHERIFF,,,EARL STUCKEY,32,2,11,19,0
Grady,Cairo 5th District,SHERIFF,,,EARL STUCKEY,85,5,50,30,0
Grady,Duncanville,SHERIFF,,,EARL STUCKEY,25,0,24,1,0
Grady,Higdon,SHERIFF,,,EARL STUCKEY,46,2,36,8,0
Grady,Limesink,SHERIFF,,,EARL STUCKEY,29,0,26,3,0
Grady,Midway,SHERIFF,,,EARL STUCKEY,84,1,56,27,0
Grady,Pine Park,SHERIFF,,,EARL STUCKEY,31,1,25,5,0
Grady,Ragan,SHERIFF,,,EARL STUCKEY,31,2,21,8,0
Grady,Spence,SHERIFF,,,EARL STUCKEY,60,0,49,11,0
Grady,Spring Hill,SHERIFF,,,EARL STUCKEY,58,0,41,17,0
Grady,Whigham,SHERIFF,,,EARL STUCKEY,74,3,55,16,0
Grady,Woodland,SHERIFF,,,EARL STUCKEY,137,3,90,44,0
Grady,,SHERIFF,,,ODELL JOLLY,106,1,65,40,0
Grady,Blowing Cave,SHERIFF,,,ODELL JOLLY,6,0,3,3,0
Grady,Cairo 4th District,SHERIFF,,,ODELL JOLLY,34,0,19,15,0
Grady,Cairo 5th District,SHERIFF,,,ODELL JOLLY,14,0,9,5,0
Grady,Duncanville,SHERIFF,,,ODELL JOLLY,11,0,11,0,0
Grady,Higdon,SHERIFF,,,ODELL JOLLY,3,0,3,0,0
Grady,Limesink,SHERIFF,,,ODELL JOLLY,3,0,0,3,0
Grady,Midway,SHERIFF,,,ODELL JOLLY,5,0,4,1,0
Grady,Pine Park,SHERIFF,,,ODELL JOLLY,4,0,2,2,0
Grady,Ragan,SHERIFF,,,ODELL JOLLY,2,0,2,0,0
Grady,Spence,SHERIFF,,,ODELL JOLLY,4,0,2,2,0
Grady,Spring Hill,SHERIFF,,,ODELL JOLLY,3,0,1,2,0
Grady,Whigham,SHERIFF,,,ODELL JOLLY,9,1,6,2,0
Grady,Woodland,SHERIFF,,,ODELL JOLLY,8,0,3,5,0
Grady,,SHERIFF,,,JEROME E. SMILEY,1101,15,729,357,0
Grady,Blowing Cave,SHERIFF,,,JEROME E. SMILEY,24,0,20,4,0
Grady,Cairo 4th District,SHERIFF,,,JEROME E. SMILEY,473,6,292,175,0
Grady,Cairo 5th District,SHERIFF,,,JEROME E. SMILEY,215,1,126,88,0
Grady,Duncanville,SHERIFF,,,JEROME E. SMILEY,29,0,27,2,0
Grady,Higdon,SHERIFF,,,JEROME E. SMILEY,53,1,44,8,0
Grady,Limesink,SHERIFF,,,JEROME E. SMILEY,9,2,5,2,0
Grady,Midway,SHERIFF,,,JEROME E. SMILEY,53,0,41,12,0
Grady,Pine Park,SHERIFF,,,JEROME E. SMILEY,37,0,32,5,0
Grady,Ragan,SHERIFF,,,JEROME E. SMILEY,50,2,36,12,0
Grady,Spence,SHERIFF,,,JEROME E. SMILEY,9,0,5,4,0
Grady,Spring Hill,SHERIFF,,,JEROME E. SMILEY,12,0,6,6,0
Grady,Whigham,SHERIFF,,,JEROME E. SMILEY,59,0,45,14,0
Grady,Woodland,SHERIFF,,,JEROME E. SMILEY,78,3,50,25,0
Grady,,SHERIFF,,,HARRY C. YOUNG ,2014,43,1212,757,2
Grady,Blowing Cave,SHERIFF,,,HARRY C. YOUNG ,107,0,80,27,0
Grady,Cairo 4th District,SHERIFF,,,HARRY C. YOUNG ,165,7,74,84,0
Grady,Cairo 5th District,SHERIFF,,,HARRY C. YOUNG ,372,6,178,187,1
Grady,Duncanville,SHERIFF,,,HARRY C. YOUNG ,27,0,25,2,0
Grady,Higdon,SHERIFF,,,HARRY C. YOUNG ,97,1,73,23,0
Grady,Limesink,SHERIFF,,,HARRY C. YOUNG ,46,1,29,16,0
Grady,Midway,SHERIFF,,,HARRY C. YOUNG ,218,7,142,69,0
Grady,Pine Park,SHERIFF,,,HARRY C. YOUNG ,89,5,68,16,0
Grady,Ragan,SHERIFF,,,HARRY C. YOUNG ,90,1,71,18,0
Grady,Spence,SHERIFF,,,HARRY C. YOUNG ,101,6,72,23,0
Grady,Spring Hill,SHERIFF,,,HARRY C. YOUNG ,112,0,91,21,0
Grady,Whigham,SHERIFF,,,HARRY C. YOUNG ,152,5,108,38,1
Grady,Woodland,SHERIFF,,,HARRY C. YOUNG ,438,4,201,233,0
Grady,,TAX COMMISSIONER,,,PHYLLIS J GAINOUS,2589,49,1622,916,2
Grady,Blowing Cave,TAX COMMISSIONER,,,PHYLLIS J GAINOUS,115,0,90,25,0
Grady,Cairo 4th District,TAX COMMISSIONER,,,PHYLLIS J GAINOUS,517,11,288,218,0
Grady,Cairo 5th District,TAX COMMISSIONER,,,PHYLLIS J GAINOUS,479,6,260,212,1
Grady,Duncanville,TAX COMMISSIONER,,,PHYLLIS J GAINOUS,56,0,54,2,0
Grady,Higdon,TAX COMMISSIONER,,,PHYLLIS J GAINOUS,128,1,100,27,0
Grady,Limesink,TAX COMMISSIONER,,,PHYLLIS J GAINOUS,47,1,30,16,0
Grady,Midway,TAX COMMISSIONER,,,PHYLLIS J GAINOUS,227,7,152,68,0
Grady,Pine Park,TAX COMMISSIONER,,,PHYLLIS J GAINOUS,110,3,85,22,0
Grady,Ragan,TAX COMMISSIONER,,,PHYLLIS J GAINOUS,120,3,91,26,0
Grady,Spence,TAX COMMISSIONER,,,PHYLLIS J GAINOUS,93,6,64,23,0
Grady,Spring Hill,TAX COMMISSIONER,,,PHYLLIS J GAINOUS,94,0,71,23,0
Grady,Whigham,TAX COMMISSIONER,,,PHYLLIS J GAINOUS,178,5,130,42,1
Grady,Woodland,TAX COMMISSIONER,,,PHYLLIS J GAINOUS,425,6,207,212,0
Grady,,CORONER,,,RUSTY POWE,2242,44,1393,803,2
Grady,Blowing Cave,CORONER,,,RUSTY POWE,111,0,87,24,0
Grady,Cairo 4th District,CORONER,,,RUSTY POWE,398,12,220,166,0
Grady,Cairo 5th District,CORONER,,,RUSTY POWE,426,5,228,192,1
Grady,Duncanville,CORONER,,,RUSTY POWE,45,0,43,2,0
Grady,Higdon,CORONER,,,RUSTY POWE,109,1,82,26,0
Grady,Limesink,CORONER,,,RUSTY POWE,47,3,27,17,0
Grady,Midway,CORONER,,,RUSTY POWE,199,4,132,63,0
Grady,Pine Park,CORONER,,,RUSTY POWE,94,3,71,20,0
Grady,Ragan,CORONER,,,RUSTY POWE,102,2,76,24,0
Grady,Spence,CORONER,,,RUSTY POWE,82,5,57,20,0
Grady,Spring Hill,CORONER,,,RUSTY POWE,92,0,70,22,0
Grady,Whigham,CORONER,,,RUSTY POWE,152,3,110,38,1
Grady,Woodland,CORONER,,,RUSTY POWE,385,6,190,189,0
Grady,,CHIEF MAGISTRATE,,,LARRY BEARDEN ,2285,39,1465,780,1
Grady,Blowing Cave,CHIEF MAGISTRATE,,,LARRY BEARDEN ,99,0,77,22,0
Grady,Cairo 4th District,CHIEF MAGISTRATE,,,LARRY BEARDEN ,450,10,258,182,0
Grady,Cairo 5th District,CHIEF MAGISTRATE,,,LARRY BEARDEN ,433,5,242,185,1
Grady,Duncanville,CHIEF MAGISTRATE,,,LARRY BEARDEN ,53,0,51,2,0
Grady,Higdon,CHIEF MAGISTRATE,,,LARRY BEARDEN ,108,2,82,24,0
Grady,Limesink,CHIEF MAGISTRATE,,,LARRY BEARDEN ,40,0,27,13,0
Grady,Midway,CHIEF MAGISTRATE,,,LARRY BEARDEN ,192,3,134,55,0
Grady,Pine Park,CHIEF MAGISTRATE,,,LARRY BEARDEN ,103,3,78,22,0
Grady,Ragan,CHIEF MAGISTRATE,,,LARRY BEARDEN ,114,2,88,24,0
Grady,Spence,CHIEF MAGISTRATE,,,LARRY BEARDEN ,81,5,57,19,0
Grady,Spring Hill,CHIEF MAGISTRATE,,,LARRY BEARDEN ,88,0,68,20,0
Grady,Whigham,CHIEF MAGISTRATE,,,LARRY BEARDEN ,156,3,117,36,0
Grady,Woodland,CHIEF MAGISTRATE,,,LARRY BEARDEN ,368,6,186,176,0
Grady,,"CC, D1", D1 - R,,ELWYN H. CHILDS ,263,2,202,59,0
Grady,Blowing Cave,"CC, D1", D1 - R,,ELWYN H. CHILDS ,69,0,58,11,0
Grady,Higdon,"CC, D1", D1 - R,,ELWYN H. CHILDS ,6,1,2,3,0
Grady,Limesink,"CC, D1", D1 - R,,ELWYN H. CHILDS ,36,0,33,3,0
Grady,Ragan,"CC, D1", D1 - R,,ELWYN H. CHILDS ,3,0,2,1,0
Grady,Spring Hill,"CC, D1", D1 - R,,ELWYN H. CHILDS ,72,0,48,24,0
Grady,Whigham,"CC, D1", D1 - R,,ELWYN H. CHILDS ,77,1,59,17,0
Grady,,"CC, D3", D3 - R,,CHARLES D. NORTON,211,5,162,44,0
Grady,Cairo 5th District,"CC, D3", D3 - R,,CHARLES D. NORTON,3,0,3,0,0
Grady,Duncanville,"CC, D3", D3 - R,,CHARLES D. NORTON,35,0,33,2,0
Grady,Higdon,"CC, D3", D3 - R,,CHARLES D. NORTON,41,2,33,6,0
Grady,Midway,"CC, D3", D3 - R,,CHARLES D. NORTON,95,1,66,28,0
Grady,Pine Park,"CC, D3", D3 - R,,CHARLES D. NORTON,4,0,4,0,0
Grady,Ragan,"CC, D3", D3 - R,,CHARLES D. NORTON,33,2,23,8,0
Grady,,"CC, D4", D4 - D,,CHERYL L COPELAND,529,9,297,223,0
Grady,Cairo 4th District,"CC, D4", D4 - D,,CHERYL L COPELAND,448,9,263,176,0
Grady,Woodland,"CC, D4", D4 - D,,CHERYL L COPELAND,81,0,34,47,0
Grady,,"BOE, D1", D1 - R,,DARREN MOORE,148,3,114,31,0
Grady,Blowing Cave,"BOE, D1", D1 - R,,DARREN MOORE,52,2,45,5,0
Grady,Higdon,"BOE, D1", D1 - R,,DARREN MOORE,3,1,0,2,0
Grady,Limesink,"BOE, D1", D1 - R,,DARREN MOORE,21,0,20,1,0
Grady,Ragan,"BOE, D1", D1 - R,,DARREN MOORE,2,0,0,2,0
Grady,Spring Hill,"BOE, D1", D1 - R,,DARREN MOORE,38,0,25,13,0
Grady,Whigham,"BOE, D1", D1 - R,,DARREN MOORE,32,0,24,8,0
Grady,,"BOE, D1", D1 - R,,JEFF WORSHAM,176,2,132,42,0
Grady,Blowing Cave,"BOE, D1", D1 - R,,JEFF WORSHAM,31,0,23,8,0
Grady,Higdon,"BOE, D1", D1 - R,,JEFF WORSHAM,6,0,5,1,0
Grady,Limesink,"BOE, D1", D1 - R,,JEFF WORSHAM,20,0,17,3,0
Grady,Ragan,"BOE, D1", D1 - R,,JEFF WORSHAM,6,0,5,1,0
Grady,Spring Hill,"BOE, D1", D1 - R,,JEFF WORSHAM,45,0,30,15,0
Grady,Whigham,"BOE, D1", D1 - R,,JEFF WORSHAM,68,2,52,14,0
Grady,,"BOE, D1", D1 - D,,MIKE RUSSELL,329,7,238,83,1
Grady,Blowing Cave,"BOE, D1", D1 - D,,MIKE RUSSELL,86,0,65,21,0
Grady,Higdon,"BOE, D1", D1 - D,,MIKE RUSSELL,6,0,3,3,0
Grady,Limesink,"BOE, D1", D1 - D,,MIKE RUSSELL,41,3,26,12,0
Grady,Ragan,"BOE, D1", D1 - D,,MIKE RUSSELL,8,1,6,1,0
Grady,Spring Hill,"BOE, D1", D1 - D,,MIKE RUSSELL,62,0,48,14,0
Grady,Whigham,"BOE, D1", D1 - D,,MIKE RUSSELL,126,3,90,32,1
Grady,,"BOE, D3", D3 - R,,ALLEN JENKINS,199,5,150,44,0
Grady,Cairo 5th District,"BOE, D3", D3 - R,,ALLEN JENKINS,3,0,3,0,0
Grady,Duncanville,"BOE, D3", D3 - R,,ALLEN JENKINS,33,0,30,3,0
Grady,Higdon,"BOE, D3", D3 - R,,ALLEN JENKINS,39,2,32,5,0
Grady,Midway,"BOE, D3", D3 - R,,ALLEN JENKINS,91,1,61,29,0
Grady,Pine Park,"BOE, D3", D3 - R,,ALLEN JENKINS,5,0,5,0,0
Grady,Ragan,"BOE, D3", D3 - R,,ALLEN JENKINS,28,2,19,7,0
Grady,,"BOE, D3", D3 - D,,MARTY CANNINGTON,403,6,295,102,0
Grady,Cairo 5th District,"BOE, D3", D3 - D,,MARTY CANNINGTON,6,0,2,4,0
Grady,Duncanville,"BOE, D3", D3 - D,,MARTY CANNINGTON,50,0,48,2,0
Grady,Higdon,"BOE, D3", D3 - D,,MARTY CANNINGTON,91,1,70,20,0
Grady,Midway,"BOE, D3", D3 - D,,MARTY CANNINGTON,162,3,107,52,0
Grady,Pine Park,"BOE, D3", D3 - D,,MARTY CANNINGTON,10,0,5,5,0
Grady,Ragan,"BOE, D3", D3 - D,,MARTY CANNINGTON,84,2,63,19,0
Grady,,"BOE, D4", D4 - D,,TERESA GEE HARRIS,643,11,354,278,0
Grady,Cairo 4th District,"BOE, D4", D4 - D,,TERESA GEE HARRIS,553,11,318,224,0
Grady,Woodland,"BOE, D4", D4 - D,,TERESA GEE HARRIS,90,0,36,54,0
Grady,,Republican Party Question 1<br>Should Georgia have casino gambling with funds going to education?,,REP,YES,440,14,307,118,1
Grady,Blowing Cave,Republican Party Question 1<br>Should Georgia have casino gambling with funds going to education?,,REP,YES,33,2,24,7,0
Grady,Cairo 4th District,Republican Party Question 1<br>Should Georgia have casino gambling with funds going to education?,,REP,YES,17,1,8,8,0
Grady,Cairo 5th District,Republican Party Question 1<br>Should Georgia have casino gambling with funds going to education?,,REP,YES,55,2,32,21,0
Grady,Duncanville,Republican Party Question 1<br>Should Georgia have casino gambling with funds going to education?,,REP,YES,14,0,12,2,0
Grady,Higdon,Republican Party Question 1<br>Should Georgia have casino gambling with funds going to education?,,REP,YES,23,1,19,3,0
Grady,Limesink,Republican Party Question 1<br>Should Georgia have casino gambling with funds going to education?,,REP,YES,23,0,19,4,0
Grady,Midway,Republican Party Question 1<br>Should Georgia have casino gambling with funds going to education?,,REP,YES,35,1,25,9,0
Grady,Pine Park,Republican Party Question 1<br>Should Georgia have casino gambling with funds going to education?,,REP,YES,25,1,17,7,0
Grady,Ragan,Republican Party Question 1<br>Should Georgia have casino gambling with funds going to education?,,REP,YES,22,0,15,7,0
Grady,Spence,Republican Party Question 1<br>Should Georgia have casino gambling with funds going to education?,,REP,YES,40,0,30,10,0
Grady,Spring Hill,Republican Party Question 1<br>Should Georgia have casino gambling with funds going to education?,,REP,YES,38,0,25,13,0
Grady,Whigham,Republican Party Question 1<br>Should Georgia have casino gambling with funds going to education?,,REP,YES,46,1,36,9,0
Grady,Woodland,Republican Party Question 1<br>Should Georgia have casino gambling with funds going to education?,,REP,YES,69,5,45,18,1
Grady,,Republican Party Question 1<br>Should Georgia have casino gambling with funds going to education?,,REP,NO,680,19,470,191,0
Grady,Blowing Cave,Republican Party Question 1<br>Should Georgia have casino gambling with funds going to education?,,REP,NO,51,0,44,7,0
Grady,Cairo 4th District,Republican Party Question 1<br>Should Georgia have casino gambling with funds going to education?,,REP,NO,31,4,9,18,0
Grady,Cairo 5th District,Republican Party Question 1<br>Should Georgia have casino gambling with funds going to education?,,REP,NO,88,3,50,35,0
Grady,Duncanville,Republican Party Question 1<br>Should Georgia have casino gambling with funds going to education?,,REP,NO,31,1,29,1,0
Grady,Higdon,Republican Party Question 1<br>Should Georgia have casino gambling with funds going to education?,,REP,NO,40,2,31,7,0
Grady,Limesink,Republican Party Question 1<br>Should Georgia have casino gambling with funds going to education?,,REP,NO,20,0,18,2,0
Grady,Midway,Republican Party Question 1<br>Should Georgia have casino gambling with funds going to education?,,REP,NO,86,2,58,26,0
Grady,Pine Park,Republican Party Question 1<br>Should Georgia have casino gambling with funds going to education?,,REP,NO,34,2,20,12,0
Grady,Ragan,Republican Party Question 1<br>Should Georgia have casino gambling with funds going to education?,,REP,NO,21,2,15,4,0
Grady,Spence,Republican Party Question 1<br>Should Georgia have casino gambling with funds going to education?,,REP,NO,54,0,47,7,0
Grady,Spring Hill,Republican Party Question 1<br>Should Georgia have casino gambling with funds going to education?,,REP,NO,48,0,32,16,0
Grady,Whigham,Republican Party Question 1<br>Should Georgia have casino gambling with funds going to education?,,REP,NO,51,1,35,15,0
Grady,Woodland,Republican Party Question 1<br>Should Georgia have casino gambling with funds going to education?,,REP,NO,125,2,82,41,0
Grady,,Republican Party Question 2<br>Do you support ending the current practice of unlimited gifts from lobbyists to state legislators by imposing a $100 cap on such gifts?,,REP,YES,927,31,642,253,1
Grady,Blowing Cave,Republican Party Question 2<br>Do you support ending the current practice of unlimited gifts from lobbyists to state legislators by imposing a $100 cap on such gifts?,,REP,YES,70,2,58,10,0
Grady,Cairo 4th District,Republican Party Question 2<br>Do you support ending the current practice of unlimited gifts from lobbyists to state legislators by imposing a $100 cap on such gifts?,,REP,YES,35,4,12,19,0
Grady,Cairo 5th District,Republican Party Question 2<br>Do you support ending the current practice of unlimited gifts from lobbyists to state legislators by imposing a $100 cap on such gifts?,,REP,YES,117,5,66,46,0
Grady,Duncanville,Republican Party Question 2<br>Do you support ending the current practice of unlimited gifts from lobbyists to state legislators by imposing a $100 cap on such gifts?,,REP,YES,39,1,35,3,0
Grady,Higdon,Republican Party Question 2<br>Do you support ending the current practice of unlimited gifts from lobbyists to state legislators by imposing a $100 cap on such gifts?,,REP,YES,56,3,44,9,0
Grady,Limesink,Republican Party Question 2<br>Do you support ending the current practice of unlimited gifts from lobbyists to state legislators by imposing a $100 cap on such gifts?,,REP,YES,34,0,30,4,0
Grady,Midway,Republican Party Question 2<br>Do you support ending the current practice of unlimited gifts from lobbyists to state legislators by imposing a $100 cap on such gifts?,,REP,YES,103,3,70,30,0
Grady,Pine Park,Republican Party Question 2<br>Do you support ending the current practice of unlimited gifts from lobbyists to state legislators by imposing a $100 cap on such gifts?,,REP,YES,52,3,32,17,0
Grady,Ragan,Republican Party Question 2<br>Do you support ending the current practice of unlimited gifts from lobbyists to state legislators by imposing a $100 cap on such gifts?,,REP,YES,36,2,24,10,0
Grady,Spence,Republican Party Question 2<br>Do you support ending the current practice of unlimited gifts from lobbyists to state legislators by imposing a $100 cap on such gifts?,,REP,YES,76,0,63,13,0
Grady,Spring Hill,Republican Party Question 2<br>Do you support ending the current practice of unlimited gifts from lobbyists to state legislators by imposing a $100 cap on such gifts?,,REP,YES,67,0,44,23,0
Grady,Whigham,Republican Party Question 2<br>Do you support ending the current practice of unlimited gifts from lobbyists to state legislators by imposing a $100 cap on such gifts?,,REP,YES,83,1,61,21,0
Grady,Woodland,Republican Party Question 2<br>Do you support ending the current practice of unlimited gifts from lobbyists to state legislators by imposing a $100 cap on such gifts?,,REP,YES,159,7,103,48,1
Grady,,Republican Party Question 2<br>Do you support ending the current practice of unlimited gifts from lobbyists to state legislators by imposing a $100 cap on such gifts?,,REP,NO,176,2,127,47,0
Grady,Blowing Cave,Republican Party Question 2<br>Do you support ending the current practice of unlimited gifts from lobbyists to state legislators by imposing a $100 cap on such gifts?,,REP,NO,15,0,12,3,0
Grady,Cairo 4th District,Republican Party Question 2<br>Do you support ending the current practice of unlimited gifts from lobbyists to state legislators by imposing a $100 cap on such gifts?,,REP,NO,12,1,5,6,0
Grady,Cairo 5th District,Republican Party Question 2<br>Do you support ending the current practice of unlimited gifts from lobbyists to state legislators by imposing a $100 cap on such gifts?,,REP,NO,21,0,13,8,0
Grady,Duncanville,Republican Party Question 2<br>Do you support ending the current practice of unlimited gifts from lobbyists to state legislators by imposing a $100 cap on such gifts?,,REP,NO,6,0,6,0,0
Grady,Higdon,Republican Party Question 2<br>Do you support ending the current practice of unlimited gifts from lobbyists to state legislators by imposing a $100 cap on such gifts?,,REP,NO,5,0,4,1,0
Grady,Limesink,Republican Party Question 2<br>Do you support ending the current practice of unlimited gifts from lobbyists to state legislators by imposing a $100 cap on such gifts?,,REP,NO,9,0,7,2,0
Grady,Midway,Republican Party Question 2<br>Do you support ending the current practice of unlimited gifts from lobbyists to state legislators by imposing a $100 cap on such gifts?,,REP,NO,18,0,13,5,0
Grady,Pine Park,Republican Party Question 2<br>Do you support ending the current practice of unlimited gifts from lobbyists to state legislators by imposing a $100 cap on such gifts?,,REP,NO,5,0,4,1,0
Grady,Ragan,Republican Party Question 2<br>Do you support ending the current practice of unlimited gifts from lobbyists to state legislators by imposing a $100 cap on such gifts?,,REP,NO,8,0,7,1,0
Grady,Spence,Republican Party Question 2<br>Do you support ending the current practice of unlimited gifts from lobbyists to state legislators by imposing a $100 cap on such gifts?,,REP,NO,17,0,14,3,0
Grady,Spring Hill,Republican Party Question 2<br>Do you support ending the current practice of unlimited gifts from lobbyists to state legislators by imposing a $100 cap on such gifts?,,REP,NO,16,0,12,4,0
Grady,Whigham,Republican Party Question 2<br>Do you support ending the current practice of unlimited gifts from lobbyists to state legislators by imposing a $100 cap on such gifts?,,REP,NO,12,1,10,1,0
Grady,Woodland,Republican Party Question 2<br>Do you support ending the current practice of unlimited gifts from lobbyists to state legislators by imposing a $100 cap on such gifts?,,REP,NO,32,0,20,12,0
Grady,,Republican Party Question 3<br>Should active duty military personnel who are under the age of 21 be allowed to obtain a Georgia weapons license?,,REP,YES,813,20,584,208,1
Grady,Blowing Cave,Republican Party Question 3<br>Should active duty military personnel who are under the age of 21 be allowed to obtain a Georgia weapons license?,,REP,YES,70,2,57,11,0
Grady,Cairo 4th District,Republican Party Question 3<br>Should active duty military personnel who are under the age of 21 be allowed to obtain a Georgia weapons license?,,REP,YES,26,2,11,13,0
Grady,Cairo 5th District,Republican Party Question 3<br>Should active duty military personnel who are under the age of 21 be allowed to obtain a Georgia weapons license?,,REP,YES,89,4,54,31,0
Grady,Duncanville,Republican Party Question 3<br>Should active duty military personnel who are under the age of 21 be allowed to obtain a Georgia weapons license?,,REP,YES,38,1,34,3,0
Grady,Higdon,Republican Party Question 3<br>Should active duty military personnel who are under the age of 21 be allowed to obtain a Georgia weapons license?,,REP,YES,42,2,31,9,0
Grady,Limesink,Republican Party Question 3<br>Should active duty military personnel who are under the age of 21 be allowed to obtain a Georgia weapons license?,,REP,YES,33,0,29,4,0
Grady,Midway,Republican Party Question 3<br>Should active duty military personnel who are under the age of 21 be allowed to obtain a Georgia weapons license?,,REP,YES,86,2,60,24,0
Grady,Pine Park,Republican Party Question 3<br>Should active duty military personnel who are under the age of 21 be allowed to obtain a Georgia weapons license?,,REP,YES,41,0,30,11,0
Grady,Ragan,Republican Party Question 3<br>Should active duty military personnel who are under the age of 21 be allowed to obtain a Georgia weapons license?,,REP,YES,30,0,23,7,0
Grady,Spence,Republican Party Question 3<br>Should active duty military personnel who are under the age of 21 be allowed to obtain a Georgia weapons license?,,REP,YES,73,0,57,16,0
Grady,Spring Hill,Republican Party Question 3<br>Should active duty military personnel who are under the age of 21 be allowed to obtain a Georgia weapons license?,,REP,YES,70,0,48,22,0
Grady,Whigham,Republican Party Question 3<br>Should active duty military personnel who are under the age of 21 be allowed to obtain a Georgia weapons license?,,REP,YES,68,1,51,16,0
Grady,Woodland,Republican Party Question 3<br>Should active duty military personnel who are under the age of 21 be allowed to obtain a Georgia weapons license?,,REP,YES,147,6,99,41,1
Grady,,Republican Party Question 3<br>Should active duty military personnel who are under the age of 21 be allowed to obtain a Georgia weapons license?,,REP,NO,296,13,189,94,0
Grady,Blowing Cave,Republican Party Question 3<br>Should active duty military personnel who are under the age of 21 be allowed to obtain a Georgia weapons license?,,REP,NO,13,0,11,2,0
Grady,Cairo 4th District,Republican Party Question 3<br>Should active duty military personnel who are under the age of 21 be allowed to obtain a Georgia weapons license?,,REP,NO,20,3,6,11,0
Grady,Cairo 5th District,Republican Party Question 3<br>Should active duty military personnel who are under the age of 21 be allowed to obtain a Georgia weapons license?,,REP,NO,50,1,27,22,0
Grady,Duncanville,Republican Party Question 3<br>Should active duty military personnel who are under the age of 21 be allowed to obtain a Georgia weapons license?,,REP,NO,7,0,7,0,0
Grady,Higdon,Republican Party Question 3<br>Should active duty military personnel who are under the age of 21 be allowed to obtain a Georgia weapons license?,,REP,NO,19,1,16,2,0
Grady,Limesink,Republican Party Question 3<br>Should active duty military personnel who are under the age of 21 be allowed to obtain a Georgia weapons license?,,REP,NO,11,0,9,2,0
Grady,Midway,Republican Party Question 3<br>Should active duty military personnel who are under the age of 21 be allowed to obtain a Georgia weapons license?,,REP,NO,35,1,22,12,0
Grady,Pine Park,Republican Party Question 3<br>Should active duty military personnel who are under the age of 21 be allowed to obtain a Georgia weapons license?,,REP,NO,20,3,9,8,0
Grady,Ragan,Republican Party Question 3<br>Should active duty military personnel who are under the age of 21 be allowed to obtain a Georgia weapons license?,,REP,NO,14,2,8,4,0
Grady,Spence,Republican Party Question 3<br>Should active duty military personnel who are under the age of 21 be allowed to obtain a Georgia weapons license?,,REP,NO,19,0,19,0,0
Grady,Spring Hill,Republican Party Question 3<br>Should active duty military personnel who are under the age of 21 be allowed to obtain a Georgia weapons license?,,REP,NO,15,0,9,6,0
Grady,Whigham,Republican Party Question 3<br>Should active duty military personnel who are under the age of 21 be allowed to obtain a Georgia weapons license?,,REP,NO,29,1,20,8,0
Grady,Woodland,Republican Party Question 3<br>Should active duty military personnel who are under the age of 21 be allowed to obtain a Georgia weapons license?,,REP,NO,44,1,26,17,0
Grady,,Republican Party Question 4<br>Should Citizens who wish to vote in a primary election be required to register by their political party affiliation at least thirty (30) days prior to such primary election?,,REP,YES,594,19,410,164,1
Grady,Blowing Cave,Republican Party Question 4<br>Should Citizens who wish to vote in a primary election be required to register by their political party affiliation at least thirty (30) days prior to such primary election?,,REP,YES,47,2,38,7,0
Grady,Cairo 4th District,Republican Party Question 4<br>Should Citizens who wish to vote in a primary election be required to register by their political party affiliation at least thirty (30) days prior to such primary election?,,REP,YES,23,2,8,13,0
Grady,Cairo 5th District,Republican Party Question 4<br>Should Citizens who wish to vote in a primary election be required to register by their political party affiliation at least thirty (30) days prior to such primary election?,,REP,YES,80,3,41,36,0
Grady,Duncanville,Republican Party Question 4<br>Should Citizens who wish to vote in a primary election be required to register by their political party affiliation at least thirty (30) days prior to such primary election?,,REP,YES,26,1,23,2,0
Grady,Higdon,Republican Party Question 4<br>Should Citizens who wish to vote in a primary election be required to register by their political party affiliation at least thirty (30) days prior to such primary election?,,REP,YES,38,3,30,5,0
Grady,Limesink,Republican Party Question 4<br>Should Citizens who wish to vote in a primary election be required to register by their political party affiliation at least thirty (30) days prior to such primary election?,,REP,YES,23,0,18,5,0
Grady,Midway,Republican Party Question 4<br>Should Citizens who wish to vote in a primary election be required to register by their political party affiliation at least thirty (30) days prior to such primary election?,,REP,YES,75,2,51,22,0
Grady,Pine Park,Republican Party Question 4<br>Should Citizens who wish to vote in a primary election be required to register by their political party affiliation at least thirty (30) days prior to such primary election?,,REP,YES,27,1,19,7,0
Grady,Ragan,Republican Party Question 4<br>Should Citizens who wish to vote in a primary election be required to register by their political party affiliation at least thirty (30) days prior to such primary election?,,REP,YES,24,0,17,7,0
Grady,Spence,Republican Party Question 4<br>Should Citizens who wish to vote in a primary election be required to register by their political party affiliation at least thirty (30) days prior to such primary election?,,REP,YES,42,0,35,7,0
Grady,Spring Hill,Republican Party Question 4<br>Should Citizens who wish to vote in a primary election be required to register by their political party affiliation at least thirty (30) days prior to such primary election?,,REP,YES,39,0,24,15,0
Grady,Whigham,Republican Party Question 4<br>Should Citizens who wish to vote in a primary election be required to register by their political party affiliation at least thirty (30) days prior to such primary election?,,REP,YES,47,1,37,9,0
Grady,Woodland,Republican Party Question 4<br>Should Citizens who wish to vote in a primary election be required to register by their political party affiliation at least thirty (30) days prior to such primary election?,,REP,YES,103,4,69,29,1
Grady,,Republican Party Question 4<br>Should Citizens who wish to vote in a primary election be required to register by their political party affiliation at least thirty (30) days prior to such primary election?,,REP,NO,503,11,356,136,0
Grady,Blowing Cave,Republican Party Question 4<br>Should Citizens who wish to vote in a primary election be required to register by their political party affiliation at least thirty (30) days prior to such primary election?,,REP,NO,37,0,31,6,0
Grady,Cairo 4th District,Republican Party Question 4<br>Should Citizens who wish to vote in a primary election be required to register by their political party affiliation at least thirty (30) days prior to such primary election?,,REP,NO,24,2,9,13,0
Grady,Cairo 5th District,Republican Party Question 4<br>Should Citizens who wish to vote in a primary election be required to register by their political party affiliation at least thirty (30) days prior to such primary election?,,REP,NO,57,2,39,16,0
Grady,Duncanville,Republican Party Question 4<br>Should Citizens who wish to vote in a primary election be required to register by their political party affiliation at least thirty (30) days prior to such primary election?,,REP,NO,18,0,17,1,0
Grady,Higdon,Republican Party Question 4<br>Should Citizens who wish to vote in a primary election be required to register by their political party affiliation at least thirty (30) days prior to such primary election?,,REP,NO,23,0,18,5,0
Grady,Limesink,Republican Party Question 4<br>Should Citizens who wish to vote in a primary election be required to register by their political party affiliation at least thirty (30) days prior to such primary election?,,REP,NO,21,0,20,1,0
Grady,Midway,Republican Party Question 4<br>Should Citizens who wish to vote in a primary election be required to register by their political party affiliation at least thirty (30) days prior to such primary election?,,REP,NO,45,1,30,14,0
Grady,Pine Park,Republican Party Question 4<br>Should Citizens who wish to vote in a primary election be required to register by their political party affiliation at least thirty (30) days prior to such primary election?,,REP,NO,33,2,19,12,0
Grady,Ragan,Republican Party Question 4<br>Should Citizens who wish to vote in a primary election be required to register by their political party affiliation at least thirty (30) days prior to such primary election?,,REP,NO,19,2,14,3,0
Grady,Spence,Republican Party Question 4<br>Should Citizens who wish to vote in a primary election be required to register by their political party affiliation at least thirty (30) days prior to such primary election?,,REP,NO,51,0,42,9,0
Grady,Spring Hill,Republican Party Question 4<br>Should Citizens who wish to vote in a primary election be required to register by their political party affiliation at least thirty (30) days prior to such primary election?,,REP,NO,43,0,31,12,0
Grady,Whigham,Republican Party Question 4<br>Should Citizens who wish to vote in a primary election be required to register by their political party affiliation at least thirty (30) days prior to such primary election?,,REP,NO,46,0,32,14,0
Grady,Woodland,Republican Party Question 4<br>Should Citizens who wish to vote in a primary election be required to register by their political party affiliation at least thirty (30) days prior to such primary election?,,REP,NO,86,2,54,30,0
Grady,,Republican Party Question 5 <br>Life Amendment Question,,REP,YES,763,24,535,203,1
Grady,Blowing Cave,Republican Party Question 5 <br>Life Amendment Question,,REP,YES,54,0,47,7,0
Grady,Cairo 4th District,Republican Party Question 5 <br>Life Amendment Question,,REP,YES,29,4,12,13,0
Grady,Cairo 5th District,Republican Party Question 5 <br>Life Amendment Question,,REP,YES,98,5,58,35,0
Grady,Duncanville,Republican Party Question 5 <br>Life Amendment Question,,REP,YES,34,0,31,3,0
Grady,Higdon,Republican Party Question 5 <br>Life Amendment Question,,REP,YES,38,2,32,4,0
Grady,Limesink,Republican Party Question 5 <br>Life Amendment Question,,REP,YES,26,0,22,4,0
Grady,Midway,Republican Party Question 5 <br>Life Amendment Question,,REP,YES,82,3,52,27,0
Grady,Pine Park,Republican Party Question 5 <br>Life Amendment Question,,REP,YES,37,2,24,11,0
Grady,Ragan,Republican Party Question 5 <br>Life Amendment Question,,REP,YES,29,2,20,7,0
Grady,Spence,Republican Party Question 5 <br>Life Amendment Question,,REP,YES,75,0,60,15,0
Grady,Spring Hill,Republican Party Question 5 <br>Life Amendment Question,,REP,YES,53,0,38,15,0
Grady,Whigham,Republican Party Question 5 <br>Life Amendment Question,,REP,YES,58,0,42,16,0
Grady,Woodland,Republican Party Question 5 <br>Life Amendment Question,,REP,YES,150,6,97,46,1
Grady,,Republican Party Question 5 <br>Life Amendment Question,,REP,NO,296,7,204,85,0
Grady,Blowing Cave,Republican Party Question 5 <br>Life Amendment Question,,REP,NO,26,2,19,5,0
Grady,Cairo 4th District,Republican Party Question 5 <br>Life Amendment Question,,REP,NO,15,1,4,10,0
Grady,Cairo 5th District,Republican Party Question 5 <br>Life Amendment Question,,REP,NO,37,0,19,18,0
Grady,Duncanville,Republican Party Question 5 <br>Life Amendment Question,,REP,NO,9,1,8,0,0
Grady,Higdon,Republican Party Question 5 <br>Life Amendment Question,,REP,NO,20,1,13,6,0
Grady,Limesink,Republican Party Question 5 <br>Life Amendment Question,,REP,NO,15,0,14,1,0
Grady,Midway,Republican Party Question 5 <br>Life Amendment Question,,REP,NO,35,0,28,7,0
Grady,Pine Park,Republican Party Question 5 <br>Life Amendment Question,,REP,NO,20,0,12,8,0
Grady,Ragan,Republican Party Question 5 <br>Life Amendment Question,,REP,NO,11,0,10,1,0
Grady,Spence,Republican Party Question 5 <br>Life Amendment Question,,REP,NO,17,0,16,1,0
Grady,Spring Hill,Republican Party Question 5 <br>Life Amendment Question,,REP,NO,21,0,11,10,0
Grady,Whigham,Republican Party Question 5 <br>Life Amendment Question,,REP,NO,33,2,26,5,0
Grady,Woodland,Republican Party Question 5 <br>Life Amendment Question,,REP,NO,37,0,24,13,0
Grady,,Democratic Party Question 1<br>Should the Georgia Constitution be amended to allow the state to override locally-elected school boards’ decisions when it comes to the creation of charter schools in your county or city?,,DEM,YES,999,18,619,362,0
Grady,Blowing Cave,Democratic Party Question 1<br>Should the Georgia Constitution be amended to allow the state to override locally-elected school boards’ decisions when it comes to the creation of charter schools in your county or city?,,DEM,YES,37,0,29,8,0
Grady,Cairo 4th District,Democratic Party Question 1<br>Should the Georgia Constitution be amended to allow the state to override locally-elected school boards’ decisions when it comes to the creation of charter schools in your county or city?,,DEM,YES,274,3,165,106,0
Grady,Cairo 5th District,Democratic Party Question 1<br>Should the Georgia Constitution be amended to allow the state to override locally-elected school boards’ decisions when it comes to the creation of charter schools in your county or city?,,DEM,YES,194,4,97,93,0
Grady,Duncanville,Democratic Party Question 1<br>Should the Georgia Constitution be amended to allow the state to override locally-elected school boards’ decisions when it comes to the creation of charter schools in your county or city?,,DEM,YES,21,0,20,1,0
Grady,Higdon,Democratic Party Question 1<br>Should the Georgia Constitution be amended to allow the state to override locally-elected school boards’ decisions when it comes to the creation of charter schools in your county or city?,,DEM,YES,47,2,37,8,0
Grady,Limesink,Democratic Party Question 1<br>Should the Georgia Constitution be amended to allow the state to override locally-elected school boards’ decisions when it comes to the creation of charter schools in your county or city?,,DEM,YES,18,0,11,7,0
Grady,Midway,Democratic Party Question 1<br>Should the Georgia Constitution be amended to allow the state to override locally-elected school boards’ decisions when it comes to the creation of charter schools in your county or city?,,DEM,YES,79,3,50,26,0
Grady,Pine Park,Democratic Party Question 1<br>Should the Georgia Constitution be amended to allow the state to override locally-elected school boards’ decisions when it comes to the creation of charter schools in your county or city?,,DEM,YES,39,2,30,7,0
Grady,Ragan,Democratic Party Question 1<br>Should the Georgia Constitution be amended to allow the state to override locally-elected school boards’ decisions when it comes to the creation of charter schools in your county or city?,,DEM,YES,45,2,32,11,0
Grady,Spence,Democratic Party Question 1<br>Should the Georgia Constitution be amended to allow the state to override locally-elected school boards’ decisions when it comes to the creation of charter schools in your county or city?,,DEM,YES,22,1,17,4,0
Grady,Spring Hill,Democratic Party Question 1<br>Should the Georgia Constitution be amended to allow the state to override locally-elected school boards’ decisions when it comes to the creation of charter schools in your county or city?,,DEM,YES,30,0,21,9,0
Grady,Whigham,Democratic Party Question 1<br>Should the Georgia Constitution be amended to allow the state to override locally-elected school boards’ decisions when it comes to the creation of charter schools in your county or city?,,DEM,YES,55,0,45,10,0
Grady,Woodland,Democratic Party Question 1<br>Should the Georgia Constitution be amended to allow the state to override locally-elected school boards’ decisions when it comes to the creation of charter schools in your county or city?,,DEM,YES,138,1,65,72,0
Grady,,Democratic Party Question 1<br>Should the Georgia Constitution be amended to allow the state to override locally-elected school boards’ decisions when it comes to the creation of charter schools in your county or city?,,DEM,NO,1933,34,1221,676,2
Grady,Blowing Cave,Democratic Party Question 1<br>Should the Georgia Constitution be amended to allow the state to override locally-elected school boards’ decisions when it comes to the creation of charter schools in your county or city?,,DEM,NO,87,0,67,20,0
Grady,Cairo 4th District,Democratic Party Question 1<br>Should the Georgia Constitution be amended to allow the state to override locally-elected school boards’ decisions when it comes to the creation of charter schools in your county or city?,,DEM,NO,312,9,172,131,0
Grady,Cairo 5th District,Democratic Party Question 1<br>Should the Georgia Constitution be amended to allow the state to override locally-elected school boards’ decisions when it comes to the creation of charter schools in your county or city?,,DEM,NO,363,3,194,165,1
Grady,Duncanville,Democratic Party Question 1<br>Should the Georgia Constitution be amended to allow the state to override locally-elected school boards’ decisions when it comes to the creation of charter schools in your county or city?,,DEM,NO,41,0,40,1,0
Grady,Higdon,Democratic Party Question 1<br>Should the Georgia Constitution be amended to allow the state to override locally-elected school boards’ decisions when it comes to the creation of charter schools in your county or city?,,DEM,NO,89,0,68,21,0
Grady,Limesink,Democratic Party Question 1<br>Should the Georgia Constitution be amended to allow the state to override locally-elected school boards’ decisions when it comes to the creation of charter schools in your county or city?,,DEM,NO,33,3,20,10,0
Grady,Midway,Democratic Party Question 1<br>Should the Georgia Constitution be amended to allow the state to override locally-elected school boards’ decisions when it comes to the creation of charter schools in your county or city?,,DEM,NO,176,2,123,51,0
Grady,Pine Park,Democratic Party Question 1<br>Should the Georgia Constitution be amended to allow the state to override locally-elected school boards’ decisions when it comes to the creation of charter schools in your county or city?,,DEM,NO,81,3,62,16,0
Grady,Ragan,Democratic Party Question 1<br>Should the Georgia Constitution be amended to allow the state to override locally-elected school boards’ decisions when it comes to the creation of charter schools in your county or city?,,DEM,NO,86,1,71,14,0
Grady,Spence,Democratic Party Question 1<br>Should the Georgia Constitution be amended to allow the state to override locally-elected school boards’ decisions when it comes to the creation of charter schools in your county or city?,,DEM,NO,87,4,60,23,0
Grady,Spring Hill,Democratic Party Question 1<br>Should the Georgia Constitution be amended to allow the state to override locally-elected school boards’ decisions when it comes to the creation of charter schools in your county or city?,,DEM,NO,83,0,67,16,0
Grady,Whigham,Democratic Party Question 1<br>Should the Georgia Constitution be amended to allow the state to override locally-elected school boards’ decisions when it comes to the creation of charter schools in your county or city?,,DEM,NO,145,3,104,37,1
Grady,Woodland,Democratic Party Question 1<br>Should the Georgia Constitution be amended to allow the state to override locally-elected school boards’ decisions when it comes to the creation of charter schools in your county or city?,,DEM,NO,350,6,173,171,0
Grady,,Democratic Party Question 2<br>Do you support ending current practice permitting unlimited gifts from lobbyists to state legislators?,,DEM,YES,2035,41,1271,722,1
Grady,Blowing Cave,Democratic Party Question 2<br>Do you support ending current practice permitting unlimited gifts from lobbyists to state legislators?,,DEM,YES,90,0,67,23,0
Grady,Cairo 4th District,Democratic Party Question 2<br>Do you support ending current practice permitting unlimited gifts from lobbyists to state legislators?,,DEM,YES,332,10,190,132,0
Grady,Cairo 5th District,Democratic Party Question 2<br>Do you support ending current practice permitting unlimited gifts from lobbyists to state legislators?,,DEM,YES,392,5,196,190,1
Grady,Duncanville,Democratic Party Question 2<br>Do you support ending current practice permitting unlimited gifts from lobbyists to state legislators?,,DEM,YES,47,0,45,2,0
Grady,Higdon,Democratic Party Question 2<br>Do you support ending current practice permitting unlimited gifts from lobbyists to state legislators?,,DEM,YES,107,2,83,22,0
Grady,Limesink,Democratic Party Question 2<br>Do you support ending current practice permitting unlimited gifts from lobbyists to state legislators?,,DEM,YES,36,3,21,12,0
Grady,Midway,Democratic Party Question 2<br>Do you support ending current practice permitting unlimited gifts from lobbyists to state legislators?,,DEM,YES,208,5,138,65,0
Grady,Pine Park,Democratic Party Question 2<br>Do you support ending current practice permitting unlimited gifts from lobbyists to state legislators?,,DEM,YES,84,5,62,17,0
Grady,Ragan,Democratic Party Question 2<br>Do you support ending current practice permitting unlimited gifts from lobbyists to state legislators?,,DEM,YES,80,0,68,12,0
Grady,Spence,Democratic Party Question 2<br>Do you support ending current practice permitting unlimited gifts from lobbyists to state legislators?,,DEM,YES,81,3,57,21,0
Grady,Spring Hill,Democratic Party Question 2<br>Do you support ending current practice permitting unlimited gifts from lobbyists to state legislators?,,DEM,YES,79,0,62,17,0
Grady,Whigham,Democratic Party Question 2<br>Do you support ending current practice permitting unlimited gifts from lobbyists to state legislators?,,DEM,YES,141,1,108,32,0
Grady,Woodland,Democratic Party Question 2<br>Do you support ending current practice permitting unlimited gifts from lobbyists to state legislators?,,DEM,YES,358,7,174,177,0
Grady,,Democratic Party Question 2<br>Do you support ending current practice permitting unlimited gifts from lobbyists to state legislators?,,DEM,NO,918,12,584,322,0
Grady,Blowing Cave,Democratic Party Question 2<br>Do you support ending current practice permitting unlimited gifts from lobbyists to state legislators?,,DEM,NO,34,0,30,4,0
Grady,Cairo 4th District,Democratic Party Question 2<br>Do you support ending current practice permitting unlimited gifts from lobbyists to state legislators?,,DEM,NO,248,3,142,103,0
Grady,Cairo 5th District,Democratic Party Question 2<br>Do you support ending current practice permitting unlimited gifts from lobbyists to state legislators?,,DEM,NO,169,2,100,67,0
Grady,Duncanville,Democratic Party Question 2<br>Do you support ending current practice permitting unlimited gifts from lobbyists to state legislators?,,DEM,NO,16,0,16,0,0
Grady,Higdon,Democratic Party Question 2<br>Do you support ending current practice permitting unlimited gifts from lobbyists to state legislators?,,DEM,NO,33,0,25,8,0
Grady,Limesink,Democratic Party Question 2<br>Do you support ending current practice permitting unlimited gifts from lobbyists to state legislators?,,DEM,NO,19,0,13,6,0
Grady,Midway,Democratic Party Question 2<br>Do you support ending current practice permitting unlimited gifts from lobbyists to state legislators?,,DEM,NO,53,1,39,13,0
Grady,Pine Park,Democratic Party Question 2<br>Do you support ending current practice permitting unlimited gifts from lobbyists to state legislators?,,DEM,NO,36,0,30,6,0
Grady,Ragan,Democratic Party Question 2<br>Do you support ending current practice permitting unlimited gifts from lobbyists to state legislators?,,DEM,NO,56,3,39,14,0
Grady,Spence,Democratic Party Question 2<br>Do you support ending current practice permitting unlimited gifts from lobbyists to state legislators?,,DEM,NO,30,2,20,8,0
Grady,Spring Hill,Democratic Party Question 2<br>Do you support ending current practice permitting unlimited gifts from lobbyists to state legislators?,,DEM,NO,38,0,30,8,0
Grady,Whigham,Democratic Party Question 2<br>Do you support ending current practice permitting unlimited gifts from lobbyists to state legislators?,,DEM,NO,57,1,40,16,0
Grady,Woodland,Democratic Party Question 2<br>Do you support ending current practice permitting unlimited gifts from lobbyists to state legislators?,,DEM,NO,129,0,60,69,0
Grady,,Democratic Party Question 3<br>Should Georgia adopt an income tax credit for home energy costs to support the economic security of our families?,,DEM,YES,2079,40,1321,718,0
Grady,Blowing Cave,Democratic Party Question 3<br>Should Georgia adopt an income tax credit for home energy costs to support the economic security of our families?,,DEM,YES,85,0,64,21,0
Grady,Cairo 4th District,Democratic Party Question 3<br>Should Georgia adopt an income tax credit for home energy costs to support the economic security of our families?,,DEM,YES,447,7,272,168,0
Grady,Cairo 5th District,Democratic Party Question 3<br>Should Georgia adopt an income tax credit for home energy costs to support the economic security of our families?,,DEM,YES,411,6,224,181,0
Grady,Duncanville,Democratic Party Question 3<br>Should Georgia adopt an income tax credit for home energy costs to support the economic security of our families?,,DEM,YES,48,0,46,2,0
Grady,Higdon,Democratic Party Question 3<br>Should Georgia adopt an income tax credit for home energy costs to support the economic security of our families?,,DEM,YES,106,2,82,22,0
Grady,Limesink,Democratic Party Question 3<br>Should Georgia adopt an income tax credit for home energy costs to support the economic security of our families?,,DEM,YES,36,1,27,8,0
Grady,Midway,Democratic Party Question 3<br>Should Georgia adopt an income tax credit for home energy costs to support the economic security of our families?,,DEM,YES,185,6,123,56,0
Grady,Pine Park,Democratic Party Question 3<br>Should Georgia adopt an income tax credit for home energy costs to support the economic security of our families?,,DEM,YES,91,5,70,16,0
Grady,Ragan,Democratic Party Question 3<br>Should Georgia adopt an income tax credit for home energy costs to support the economic security of our families?,,DEM,YES,95,3,73,19,0
Grady,Spence,Democratic Party Question 3<br>Should Georgia adopt an income tax credit for home energy costs to support the economic security of our families?,,DEM,YES,68,3,46,19,0
Grady,Spring Hill,Democratic Party Question 3<br>Should Georgia adopt an income tax credit for home energy costs to support the economic security of our families?,,DEM,YES,62,0,44,18,0
Grady,Whigham,Democratic Party Question 3<br>Should Georgia adopt an income tax credit for home energy costs to support the economic security of our families?,,DEM,YES,131,2,96,33,0
Grady,Woodland,Democratic Party Question 3<br>Should Georgia adopt an income tax credit for home energy costs to support the economic security of our families?,,DEM,YES,314,5,154,155,0
Grady,,Democratic Party Question 3<br>Should Georgia adopt an income tax credit for home energy costs to support the economic security of our families?,,DEM,NO,870,10,530,329,1
Grady,Blowing Cave,Democratic Party Question 3<br>Should Georgia adopt an income tax credit for home energy costs to support the economic security of our families?,,DEM,NO,37,0,28,9,0
Grady,Cairo 4th District,Democratic Party Question 3<br>Should Georgia adopt an income tax credit for home energy costs to support the economic security of our families?,,DEM,NO,150,3,75,72,0
Grady,Cairo 5th District,Democratic Party Question 3<br>Should Georgia adopt an income tax credit for home energy costs to support the economic security of our families?,,DEM,NO,158,1,73,83,1
Grady,Duncanville,Democratic Party Question 3<br>Should Georgia adopt an income tax credit for home energy costs to support the economic security of our families?,,DEM,NO,14,0,14,0,0
Grady,Higdon,Democratic Party Question 3<br>Should Georgia adopt an income tax credit for home energy costs to support the economic security of our families?,,DEM,NO,37,0,29,8,0
Grady,Limesink,Democratic Party Question 3<br>Should Georgia adopt an income tax credit for home energy costs to support the economic security of our families?,,DEM,NO,16,2,6,8,0
Grady,Midway,Democratic Party Question 3<br>Should Georgia adopt an income tax credit for home energy costs to support the economic security of our families?,,DEM,NO,69,0,49,20,0
Grady,Pine Park,Democratic Party Question 3<br>Should Georgia adopt an income tax credit for home energy costs to support the economic security of our families?,,DEM,NO,30,0,23,7,0
Grady,Ragan,Democratic Party Question 3<br>Should Georgia adopt an income tax credit for home energy costs to support the economic security of our families?,,DEM,NO,33,0,27,6,0
Grady,Spence,Democratic Party Question 3<br>Should Georgia adopt an income tax credit for home energy costs to support the economic security of our families?,,DEM,NO,37,2,27,8,0
Grady,Spring Hill,Democratic Party Question 3<br>Should Georgia adopt an income tax credit for home energy costs to support the economic security of our families?,,DEM,NO,56,0,49,7,0
Grady,Whigham,Democratic Party Question 3<br>Should Georgia adopt an income tax credit for home energy costs to support the economic security of our families?,,DEM,NO,62,0,47,15,0
Grady,Woodland,Democratic Party Question 3<br>Should Georgia adopt an income tax credit for home energy costs to support the economic security of our families?,,DEM,NO,171,2,83,86,0
Grady,,Democratic Party Question 4 <br>Should Georgia reduce sales taxes on Made in Georgia products so as to support the growth of small businesses in our state?,,DEM,YES,2464,42,1557,864,1
Grady,Blowing Cave,Democratic Party Question 4 <br>Should Georgia reduce sales taxes on Made in Georgia products so as to support the growth of small businesses in our state?,,DEM,YES,110,0,84,26,0
Grady,Cairo 4th District,Democratic Party Question 4 <br>Should Georgia reduce sales taxes on Made in Georgia products so as to support the growth of small businesses in our state?,,DEM,YES,508,10,292,206,0
Grady,Cairo 5th District,Democratic Party Question 4 <br>Should Georgia reduce sales taxes on Made in Georgia products so as to support the growth of small businesses in our state?,,DEM,YES,466,7,248,210,1
Grady,Duncanville,Democratic Party Question 4 <br>Should Georgia reduce sales taxes on Made in Georgia products so as to support the growth of small businesses in our state?,,DEM,YES,54,0,52,2,0
Grady,Higdon,Democratic Party Question 4 <br>Should Georgia reduce sales taxes on Made in Georgia products so as to support the growth of small businesses in our state?,,DEM,YES,121,1,96,24,0
Grady,Limesink,Democratic Party Question 4 <br>Should Georgia reduce sales taxes on Made in Georgia products so as to support the growth of small businesses in our state?,,DEM,YES,43,3,27,13,0
Grady,Midway,Democratic Party Question 4 <br>Should Georgia reduce sales taxes on Made in Georgia products so as to support the growth of small businesses in our state?,,DEM,YES,222,5,148,69,0
Grady,Pine Park,Democratic Party Question 4 <br>Should Georgia reduce sales taxes on Made in Georgia products so as to support the growth of small businesses in our state?,,DEM,YES,104,3,79,22,0
Grady,Ragan,Democratic Party Question 4 <br>Should Georgia reduce sales taxes on Made in Georgia products so as to support the growth of small businesses in our state?,,DEM,YES,105,3,81,21,0
Grady,Spence,Democratic Party Question 4 <br>Should Georgia reduce sales taxes on Made in Georgia products so as to support the growth of small businesses in our state?,,DEM,YES,85,4,61,20,0
Grady,Spring Hill,Democratic Party Question 4 <br>Should Georgia reduce sales taxes on Made in Georgia products so as to support the growth of small businesses in our state?,,DEM,YES,102,0,79,23,0
Grady,Whigham,Democratic Party Question 4 <br>Should Georgia reduce sales taxes on Made in Georgia products so as to support the growth of small businesses in our state?,,DEM,YES,156,2,118,36,0
Grady,Woodland,Democratic Party Question 4 <br>Should Georgia reduce sales taxes on Made in Georgia products so as to support the growth of small businesses in our state?,,DEM,YES,388,4,192,192,0
Grady,,Democratic Party Question 4 <br>Should Georgia reduce sales taxes on Made in Georgia products so as to support the growth of small businesses in our state?,,DEM,NO,540,13,335,192,0
Grady,Blowing Cave,Democratic Party Question 4 <br>Should Georgia reduce sales taxes on Made in Georgia products so as to support the growth of small businesses in our state?,,DEM,NO,16,0,13,3,0
Grady,Cairo 4th District,Democratic Party Question 4 <br>Should Georgia reduce sales taxes on Made in Georgia products so as to support the growth of small businesses in our state?,,DEM,NO,94,3,57,34,0
Grady,Cairo 5th District,Democratic Party Question 4 <br>Should Georgia reduce sales taxes on Made in Georgia products so as to support the growth of small businesses in our state?,,DEM,NO,105,0,49,56,0
Grady,Duncanville,Democratic Party Question 4 <br>Should Georgia reduce sales taxes on Made in Georgia products so as to support the growth of small businesses in our state?,,DEM,NO,8,0,8,0,0
Grady,Higdon,Democratic Party Question 4 <br>Should Georgia reduce sales taxes on Made in Georgia products so as to support the growth of small businesses in our state?,,DEM,NO,23,1,16,6,0
Grady,Limesink,Democratic Party Question 4 <br>Should Georgia reduce sales taxes on Made in Georgia products so as to support the growth of small businesses in our state?,,DEM,NO,10,0,5,5,0
Grady,Midway,Democratic Party Question 4 <br>Should Georgia reduce sales taxes on Made in Georgia products so as to support the growth of small businesses in our state?,,DEM,NO,40,1,32,7,0
Grady,Pine Park,Democratic Party Question 4 <br>Should Georgia reduce sales taxes on Made in Georgia products so as to support the growth of small businesses in our state?,,DEM,NO,20,2,17,1,0
Grady,Ragan,Democratic Party Question 4 <br>Should Georgia reduce sales taxes on Made in Georgia products so as to support the growth of small businesses in our state?,,DEM,NO,28,0,24,4,0
Grady,Spence,Democratic Party Question 4 <br>Should Georgia reduce sales taxes on Made in Georgia products so as to support the growth of small businesses in our state?,,DEM,NO,24,2,15,7,0
Grady,Spring Hill,Democratic Party Question 4 <br>Should Georgia reduce sales taxes on Made in Georgia products so as to support the growth of small businesses in our state?,,DEM,NO,23,0,19,4,0
Grady,Whigham,Democratic Party Question 4 <br>Should Georgia reduce sales taxes on Made in Georgia products so as to support the growth of small businesses in our state?,,DEM,NO,43,1,30,12,0
Grady,Woodland,Democratic Party Question 4 <br>Should Georgia reduce sales taxes on Made in Georgia products so as to support the growth of small businesses in our state?,,DEM,NO,106,3,50,53,0
Grady,,Supreme Court Justice, Hunstein,,CAROL W. HUNSTEIN,2985,58,1940,985,2
Grady,Blowing Cave,Supreme Court Justice, Hunstein,,CAROL W. HUNSTEIN,146,0,120,26,0
Grady,Cairo 4th District,Supreme Court Justice, Hunstein,,CAROL W. HUNSTEIN,470,11,265,194,0
Grady,Cairo 5th District,Supreme Court Justice, Hunstein,,CAROL W. HUNSTEIN,518,9,277,231,1
Grady,Duncanville,Supreme Court Justice, Hunstein,,CAROL W. HUNSTEIN,95,0,90,5,0
Grady,Higdon,Supreme Court Justice, Hunstein,,CAROL W. HUNSTEIN,140,4,108,28,0
Grady,Limesink,Supreme Court Justice, Hunstein,,CAROL W. HUNSTEIN,78,1,62,15,0
Grady,Midway,Supreme Court Justice, Hunstein,,CAROL W. HUNSTEIN,261,5,171,85,0
Grady,Pine Park,Supreme Court Justice, Hunstein,,CAROL W. HUNSTEIN,145,6,104,35,0
Grady,Ragan,Supreme Court Justice, Hunstein,,CAROL W. HUNSTEIN,138,5,101,32,0
Grady,Spence,Supreme Court Justice, Hunstein,,CAROL W. HUNSTEIN,147,5,111,31,0
Grady,Spring Hill,Supreme Court Justice, Hunstein,,CAROL W. HUNSTEIN,139,0,101,38,0
Grady,Whigham,Supreme Court Justice, Hunstein,,CAROL W. HUNSTEIN,214,2,162,50,0
Grady,Woodland,Supreme Court Justice, Hunstein,,CAROL W. HUNSTEIN,494,10,268,215,1
Grady,,Supreme Court Justice, Hunstein,,Write-in,12,1,7,4,0
Grady,Blowing Cave,Supreme Court Justice, Hunstein,,Write-in,0,0,0,0,0
Grady,Cairo 4th District,Supreme Court Justice, Hunstein,,Write-in,0,0,0,0,0
Grady,Cairo 5th District,Supreme Court Justice, Hunstein,,Write-in,5,0,3,2,0
Grady,Duncanville,Supreme Court Justice, Hunstein,,Write-in,0,0,0,0,0
Grady,Higdon,Supreme Court Justice, Hunstein,,Write-in,1,0,1,0,0
Grady,Limesink,Supreme Court Justice, Hunstein,,Write-in,0,0,0,0,0
Grady,Midway,Supreme Court Justice, Hunstein,,Write-in,0,0,0,0,0
Grady,Pine Park,Supreme Court Justice, Hunstein,,Write-in,0,0,0,0,0
Grady,Ragan,Supreme Court Justice, Hunstein,,Write-in,1,0,1,0,0
Grady,Spence,Supreme Court Justice, Hunstein,,Write-in,0,0,0,0,0
Grady,Spring Hill,Supreme Court Justice, Hunstein,,Write-in,0,0,0,0,0
Grady,Whigham,Supreme Court Justice, Hunstein,,Write-in,2,0,2,0,0
Grady,Woodland,Supreme Court Justice, Hunstein,,Write-in,3,1,0,2,0
Grady,,Supreme Court Justice, Melton,,HAROLD D. MELTON ,2940,61,1918,959,2
Grady,Blowing Cave,Supreme Court Justice, Melton,,HAROLD D. MELTON ,149,0,123,26,0
Grady,Cairo 4th District,Supreme Court Justice, Melton,,HAROLD D. MELTON ,457,12,250,195,0
Grady,Cairo 5th District,Supreme Court Justice, Melton,,HAROLD D. MELTON ,505,9,277,218,1
Grady,Duncanville,Supreme Court Justice, Melton,,HAROLD D. MELTON ,94,0,89,5,0
Grady,Higdon,Supreme Court Justice, Melton,,HAROLD D. MELTON ,132,5,99,28,0
Grady,Limesink,Supreme Court Justice, Melton,,HAROLD D. MELTON ,76,1,61,14,0
Grady,Midway,Supreme Court Justice, Melton,,HAROLD D. MELTON ,266,5,176,85,0
Grady,Pine Park,Supreme Court Justice, Melton,,HAROLD D. MELTON ,147,6,106,35,0
Grady,Ragan,Supreme Court Justice, Melton,,HAROLD D. MELTON ,140,5,103,32,0
Grady,Spence,Supreme Court Justice, Melton,,HAROLD D. MELTON ,143,5,109,29,0
Grady,Spring Hill,Supreme Court Justice, Melton,,HAROLD D. MELTON ,136,0,100,36,0
Grady,Whigham,Supreme Court Justice, Melton,,HAROLD D. MELTON ,208,2,161,45,0
Grady,Woodland,Supreme Court Justice, Melton,,HAROLD D. MELTON ,487,11,264,211,1
Grady,,Supreme Court Justice, Melton,,Write-in,8,0,4,4,0
Grady,Blowing Cave,Supreme Court Justice, Melton,,Write-in,0,0,0,0,0
Grady,Cairo 4th District,Supreme Court Justice, Melton,,Write-in,0,0,0,0,0
Grady,Cairo 5th District,Supreme Court Justice, Melton,,Write-in,3,0,2,1,0
Grady,Duncanville,Supreme Court Justice, Melton,,Write-in,0,0,0,0,0
Grady,Higdon,Supreme Court Justice, Melton,,Write-in,2,0,2,0,0
Grady,Limesink,Supreme Court Justice, Melton,,Write-in,0,0,0,0,0
Grady,Midway,Supreme Court Justice, Melton,,Write-in,0,0,0,0,0
Grady,Pine Park,Supreme Court Justice, Melton,,Write-in,0,0,0,0,0
Grady,Ragan,Supreme Court Justice, Melton,,Write-in,1,0,0,1,0
Grady,Spence,Supreme Court Justice, Melton,,Write-in,0,0,0,0,0
Grady,Spring Hill,Supreme Court Justice, Melton,,Write-in,0,0,0,0,0
Grady,Whigham,Supreme Court Justice, Melton,,Write-in,0,0,0,0,0
Grady,Woodland,Supreme Court Justice, Melton,,Write-in,2,0,0,2,0
Grady,,Supreme Court Justice, Thompson,,HUGH P. THOMPSON ,2926,59,1904,961,2
Grady,Blowing Cave,Supreme Court Justice, Thompson,,HUGH P. THOMPSON ,146,0,121,25,0
Grady,Cairo 4th District,Supreme Court Justice, Thompson,,HUGH P. THOMPSON ,452,10,248,194,0
Grady,Cairo 5th District,Supreme Court Justice, Thompson,,HUGH P. THOMPSON ,502,10,272,219,1
Grady,Duncanville,Supreme Court Justice, Thompson,,HUGH P. THOMPSON ,95,0,90,5,0
Grady,Higdon,Supreme Court Justice, Thompson,,HUGH P. THOMPSON ,130,4,98,28,0
Grady,Limesink,Supreme Court Justice, Thompson,,HUGH P. THOMPSON ,76,1,62,13,0
Grady,Midway,Supreme Court Justice, Thompson,,HUGH P. THOMPSON ,265,5,175,85,0
Grady,Pine Park,Supreme Court Justice, Thompson,,HUGH P. THOMPSON ,148,6,107,35,0
Grady,Ragan,Supreme Court Justice, Thompson,,HUGH P. THOMPSON ,140,5,103,32,0
Grady,Spence,Supreme Court Justice, Thompson,,HUGH P. THOMPSON ,145,4,109,32,0
Grady,Spring Hill,Supreme Court Justice, Thompson,,HUGH P. THOMPSON ,133,0,96,37,0
Grady,Whigham,Supreme Court Justice, Thompson,,HUGH P. THOMPSON ,206,2,159,45,0
Grady,Woodland,Supreme Court Justice, Thompson,,HUGH P. THOMPSON ,488,12,264,211,1
Grady,,Supreme Court Justice, Thompson,,Write-in,8,1,4,3,0
Grady,Blowing Cave,Supreme Court Justice, Thompson,,Write-in,0,0,0,0,0
Grady,Cairo 4th District,Supreme Court Justice, Thompson,,Write-in,0,0,0,0,0
Grady,Cairo 5th District,Supreme Court Justice, Thompson,,Write-in,3,0,2,1,0
Grady,Duncanville,Supreme Court Justice, Thompson,,Write-in,0,0,0,0,0
Grady,Higdon,Supreme Court Justice, Thompson,,Write-in,2,0,2,0,0
Grady,Limesink,Supreme Court Justice, Thompson,,Write-in,0,0,0,0,0
Grady,Midway,Supreme Court Justice, Thompson,,Write-in,0,0,0,0,0
Grady,Pine Park,Supreme Court Justice, Thompson,,Write-in,0,0,0,0,0
Grady,Ragan,Supreme Court Justice, Thompson,,Write-in,0,0,0,0,0
Grady,Spence,Supreme Court Justice, Thompson,,Write-in,1,1,0,0,0
Grady,Spring Hill,Supreme Court Justice, Thompson,,Write-in,0,0,0,0,0
Grady,Whigham,Supreme Court Justice, Thompson,,Write-in,0,0,0,0,0
Grady,Woodland,Supreme Court Justice, Thompson,,Write-in,2,0,0,2,0
Grady,,Appeals Court Judge, Boggs,,MICHAEL P. BOGGS ,2874,60,1864,948,2
Grady,Blowing Cave,Appeals Court Judge, Boggs,,MICHAEL P. BOGGS ,145,0,118,27,0
Grady,Cairo 4th District,Appeals Court Judge, Boggs,,MICHAEL P. BOGGS ,453,12,243,198,0
Grady,Cairo 5th District,Appeals Court Judge, Boggs,,MICHAEL P. BOGGS ,490,10,266,213,1
Grady,Duncanville,Appeals Court Judge, Boggs,,MICHAEL P. BOGGS ,94,0,90,4,0
Grady,Higdon,Appeals Court Judge, Boggs,,MICHAEL P. BOGGS ,127,4,95,28,0
Grady,Limesink,Appeals Court Judge, Boggs,,MICHAEL P. BOGGS ,75,1,62,12,0
Grady,Midway,Appeals Court Judge, Boggs,,MICHAEL P. BOGGS ,255,5,168,82,0
Grady,Pine Park,Appeals Court Judge, Boggs,,MICHAEL P. BOGGS ,141,6,100,35,0
Grady,Ragan,Appeals Court Judge, Boggs,,MICHAEL P. BOGGS ,138,5,101,32,0
Grady,Spence,Appeals Court Judge, Boggs,,MICHAEL P. BOGGS ,142,4,108,30,0
Grady,Spring Hill,Appeals Court Judge, Boggs,,MICHAEL P. BOGGS ,131,0,95,36,0
Grady,Whigham,Appeals Court Judge, Boggs,,MICHAEL P. BOGGS ,200,2,154,44,0
Grady,Woodland,Appeals Court Judge, Boggs,,MICHAEL P. BOGGS ,483,11,264,207,1
Grady,,Appeals Court Judge, Boggs,,Write-in,6,0,3,3,0
Grady,Blowing Cave,Appeals Court Judge, Boggs,,Write-in,0,0,0,0,0
Grady,Cairo 4th District,Appeals Court Judge, Boggs,,Write-in,1,0,1,0,0
Grady,Cairo 5th District,Appeals Court Judge, Boggs,,Write-in,3,0,2,1,0
Grady,Duncanville,Appeals Court Judge, Boggs,,Write-in,0,0,0,0,0
Grady,Higdon,Appeals Court Judge, Boggs,,Write-in,0,0,0,0,0
Grady,Limesink,Appeals Court Judge, Boggs,,Write-in,0,0,0,0,0
Grady,Midway,Appeals Court Judge, Boggs,,Write-in,0,0,0,0,0
Grady,Pine Park,Appeals Court Judge, Boggs,,Write-in,0,0,0,0,0
Grady,Ragan,Appeals Court Judge, Boggs,,Write-in,0,0,0,0,0
Grady,Spence,Appeals Court Judge, Boggs,,Write-in,0,0,0,0,0
Grady,Spring Hill,Appeals Court Judge, Boggs,,Write-in,0,0,0,0,0
Grady,Whigham,Appeals Court Judge, Boggs,,Write-in,0,0,0,0,0
Grady,Woodland,Appeals Court Judge, Boggs,,Write-in,2,0,0,2,0
Grady,,Appeals Court Judge, Dillard,,STEPHEN DILLARD ,2888,60,1874,952,2
Grady,Blowing Cave,Appeals Court Judge, Dillard,,STEPHEN DILLARD ,146,0,120,26,0
Grady,Cairo 4th District,Appeals Court Judge, Dillard,,STEPHEN DILLARD ,443,11,239,193,0
Grady,Cairo 5th District,Appeals Court Judge, Dillard,,STEPHEN DILLARD ,501,10,271,219,1
Grady,Duncanville,Appeals Court Judge, Dillard,,STEPHEN DILLARD ,93,0,88,5,0
Grady,Higdon,Appeals Court Judge, Dillard,,STEPHEN DILLARD ,129,5,96,28,0
Grady,Limesink,Appeals Court Judge, Dillard,,STEPHEN DILLARD ,76,1,63,12,0
Grady,Midway,Appeals Court Judge, Dillard,,STEPHEN DILLARD ,259,5,171,83,0
Grady,Pine Park,Appeals Court Judge, Dillard,,STEPHEN DILLARD ,144,6,103,35,0
Grady,Ragan,Appeals Court Judge, Dillard,,STEPHEN DILLARD ,138,5,101,32,0
Grady,Spence,Appeals Court Judge, Dillard,,STEPHEN DILLARD ,144,4,110,30,0
Grady,Spring Hill,Appeals Court Judge, Dillard,,STEPHEN DILLARD ,131,0,95,36,0
Grady,Whigham,Appeals Court Judge, Dillard,,STEPHEN DILLARD ,199,2,153,44,0
Grady,Woodland,Appeals Court Judge, Dillard,,STEPHEN DILLARD ,485,11,264,209,1
Grady,,Appeals Court Judge, Dillard,,Write-in,4,0,2,2,0
Grady,Blowing Cave,Appeals Court Judge, Dillard,,Write-in,0,0,0,0,0
Grady,Cairo 4th District,Appeals Court Judge, Dillard,,Write-in,1,0,1,0,0
Grady,Cairo 5th District,Appeals Court Judge, Dillard,,Write-in,1,0,1,0,0
Grady,Duncanville,Appeals Court Judge, Dillard,,Write-in,0,0,0,0,0
Grady,Higdon,Appeals Court Judge, Dillard,,Write-in,0,0,0,0,0
Grady,Limesink,Appeals Court Judge, Dillard,,Write-in,0,0,0,0,0
Grady,Midway,Appeals Court Judge, Dillard,,Write-in,0,0,0,0,0
Grady,Pine Park,Appeals Court Judge, Dillard,,Write-in,0,0,0,0,0
Grady,Ragan,Appeals Court Judge, Dillard,,Write-in,0,0,0,0,0
Grady,Spence,Appeals Court Judge, Dillard,,Write-in,0,0,0,0,0
Grady,Spring Hill,Appeals Court Judge, Dillard,,Write-in,0,0,0,0,0
Grady,Whigham,Appeals Court Judge, Dillard,,Write-in,0,0,0,0,0
Grady,Woodland,Appeals Court Judge, Dillard,,Write-in,2,0,0,2,0
Grady,,Appeals Court Judge, Ellington,,JOHN J. ELLINGTON,2869,61,1854,952,2
Grady,Blowing Cave,Appeals Court Judge, Ellington,,JOHN J. ELLINGTON,145,0,118,27,0
Grady,Cairo 4th District,Appeals Court Judge, Ellington,,JOHN J. ELLINGTON,446,12,244,190,0
Grady,Cairo 5th District,Appeals Court Judge, Ellington,,JOHN J. ELLINGTON,490,10,261,218,1
Grady,Duncanville,Appeals Court Judge, Ellington,,JOHN J. ELLINGTON,91,0,86,5,0
Grady,Higdon,Appeals Court Judge, Ellington,,JOHN J. ELLINGTON,129,4,97,28,0
Grady,Limesink,Appeals Court Judge, Ellington,,JOHN J. ELLINGTON,75,1,62,12,0
Grady,Midway,Appeals Court Judge, Ellington,,JOHN J. ELLINGTON,255,5,168,82,0
Grady,Pine Park,Appeals Court Judge, Ellington,,JOHN J. ELLINGTON,139,6,98,35,0
Grady,Ragan,Appeals Court Judge, Ellington,,JOHN J. ELLINGTON,137,5,100,32,0
Grady,Spence,Appeals Court Judge, Ellington,,JOHN J. ELLINGTON,148,5,110,33,0
Grady,Spring Hill,Appeals Court Judge, Ellington,,JOHN J. ELLINGTON,130,0,95,35,0
Grady,Whigham,Appeals Court Judge, Ellington,,JOHN J. ELLINGTON,198,2,153,43,0
Grady,Woodland,Appeals Court Judge, Ellington,,JOHN J. ELLINGTON,486,11,262,212,1
Grady,,Appeals Court Judge, Ellington,,Write-in,2,0,1,1,0
Grady,Blowing Cave,Appeals Court Judge, Ellington,,Write-in,0,0,0,0,0
Grady,Cairo 4th District,Appeals Court Judge, Ellington,,Write-in,1,0,1,0,0
Grady,Cairo 5th District,Appeals Court Judge, Ellington,,Write-in,0,0,0,0,0
Grady,Duncanville,Appeals Court Judge, Ellington,,Write-in,0,0,0,0,0
Grady,Higdon,Appeals Court Judge, Ellington,,Write-in,0,0,0,0,0
Grady,Limesink,Appeals Court Judge, Ellington,,Write-in,0,0,0,0,0
Grady,Midway,Appeals Court Judge, Ellington,,Write-in,0,0,0,0,0
Grady,Pine Park,Appeals Court Judge, Ellington,,Write-in,0,0,0,0,0
Grady,Ragan,Appeals Court Judge, Ellington,,Write-in,0,0,0,0,0
Grady,Spence,Appeals Court Judge, Ellington,,Write-in,0,0,0,0,0
Grady,Spring Hill,Appeals Court Judge, Ellington,,Write-in,0,0,0,0,0
Grady,Whigham,Appeals Court Judge, Ellington,,Write-in,0,0,0,0,0
Grady,Woodland,Appeals Court Judge, Ellington,,Write-in,1,0,0,1,0
Grady,,Appeals Court Judge, Miller,,M. YVETTE MILLER ,2894,62,1879,951,2
Grady,Blowing Cave,Appeals Court Judge, Miller,,M. YVETTE MILLER ,148,0,120,28,0
Grady,Cairo 4th District,Appeals Court Judge, Miller,,M. YVETTE MILLER ,463,13,257,193,0
Grady,Cairo 5th District,Appeals Court Judge, Miller,,M. YVETTE MILLER ,490,10,260,219,1
Grady,Duncanville,Appeals Court Judge, Miller,,M. YVETTE MILLER ,93,0,88,5,0
Grady,Higdon,Appeals Court Judge, Miller,,M. YVETTE MILLER ,138,4,106,28,0
Grady,Limesink,Appeals Court Judge, Miller,,M. YVETTE MILLER ,76,1,63,12,0
Grady,Midway,Appeals Court Judge, Miller,,M. YVETTE MILLER ,260,5,172,83,0
Grady,Pine Park,Appeals Court Judge, Miller,,M. YVETTE MILLER ,138,6,98,34,0
Grady,Ragan,Appeals Court Judge, Miller,,M. YVETTE MILLER ,134,5,98,31,0
Grady,Spence,Appeals Court Judge, Miller,,M. YVETTE MILLER ,141,5,106,30,0
Grady,Spring Hill,Appeals Court Judge, Miller,,M. YVETTE MILLER ,130,0,96,34,0
Grady,Whigham,Appeals Court Judge, Miller,,M. YVETTE MILLER ,196,2,152,42,0
Grady,Woodland,Appeals Court Judge, Miller,,M. YVETTE MILLER ,487,11,263,212,1
Grady,,Appeals Court Judge, Miller,,Write-in,4,0,2,2,0
Grady,Blowing Cave,Appeals Court Judge, Miller,,Write-in,0,0,0,0,0
Grady,Cairo 4th District,Appeals Court Judge, Miller,,Write-in,1,0,1,0,0
Grady,Cairo 5th District,Appeals Court Judge, Miller,,Write-in,1,0,0,1,0
Grady,Duncanville,Appeals Court Judge, Miller,,Write-in,0,0,0,0,0
Grady,Higdon,Appeals Court Judge, Miller,,Write-in,0,0,0,0,0
Grady,Limesink,Appeals Court Judge, Miller,,Write-in,0,0,0,0,0
Grady,Midway,Appeals Court Judge, Miller,,Write-in,0,0,0,0,0
Grady,Pine Park,Appeals Court Judge, Miller,,Write-in,0,0,0,0,0
Grady,Ragan,Appeals Court Judge, Miller,,Write-in,0,0,0,0,0
Grady,Spence,Appeals Court Judge, Miller,,Write-in,1,0,1,0,0
Grady,Spring Hill,Appeals Court Judge, Miller,,Write-in,0,0,0,0,0
Grady,Whigham,Appeals Court Judge, Miller,,Write-in,0,0,0,0,0
Grady,Woodland,Appeals Court Judge, Miller,,Write-in,1,0,0,1,0
Grady,,Appeals Court Judge, Phipps,,HERBERT PHIPPS ,2885,61,1866,956,2
Grady,Blowing Cave,Appeals Court Judge, Phipps,,HERBERT PHIPPS ,146,0,119,27,0
Grady,Cairo 4th District,Appeals Court Judge, Phipps,,HERBERT PHIPPS ,450,12,243,195,0
Grady,Cairo 5th District,Appeals Court Judge, Phipps,,HERBERT PHIPPS ,491,10,263,217,1
Grady,Duncanville,Appeals Court Judge, Phipps,,HERBERT PHIPPS ,95,0,90,5,0
Grady,Higdon,Appeals Court Judge, Phipps,,HERBERT PHIPPS ,133,4,100,29,0
Grady,Limesink,Appeals Court Judge, Phipps,,HERBERT PHIPPS ,77,1,62,14,0
Grady,Midway,Appeals Court Judge, Phipps,,HERBERT PHIPPS ,258,5,171,82,0
Grady,Pine Park,Appeals Court Judge, Phipps,,HERBERT PHIPPS ,141,6,101,34,0
Grady,Ragan,Appeals Court Judge, Phipps,,HERBERT PHIPPS ,137,5,100,32,0
Grady,Spence,Appeals Court Judge, Phipps,,HERBERT PHIPPS ,145,5,109,31,0
Grady,Spring Hill,Appeals Court Judge, Phipps,,HERBERT PHIPPS ,131,0,96,35,0
Grady,Whigham,Appeals Court Judge, Phipps,,HERBERT PHIPPS ,200,2,153,45,0
Grady,Woodland,Appeals Court Judge, Phipps,,HERBERT PHIPPS ,481,11,259,210,1
Grady,,Appeals Court Judge, Phipps,,Write-in,3,0,2,1,0
Grady,Blowing Cave,Appeals Court Judge, Phipps,,Write-in,0,0,0,0,0
Grady,Cairo 4th District,Appeals Court Judge, Phipps,,Write-in,1,0,1,0,0
Grady,Cairo 5th District,Appeals Court Judge, Phipps,,Write-in,1,0,1,0,0
Grady,Duncanville,Appeals Court Judge, Phipps,,Write-in,0,0,0,0,0
Grady,Higdon,Appeals Court Judge, Phipps,,Write-in,0,0,0,0,0
Grady,Limesink,Appeals Court Judge, Phipps,,Write-in,0,0,0,0,0
Grady,Midway,Appeals Court Judge, Phipps,,Write-in,0,0,0,0,0
Grady,Pine Park,Appeals Court Judge, Phipps,,Write-in,0,0,0,0,0
Grady,Ragan,Appeals Court Judge, Phipps,,Write-in,0,0,0,0,0
Grady,Spence,Appeals Court Judge, Phipps,,Write-in,0,0,0,0,0
Grady,Spring Hill,Appeals Court Judge, Phipps,,Write-in,0,0,0,0,0
Grady,Whigham,Appeals Court Judge, Phipps,,Write-in,0,0,0,0,0
Grady,Woodland,Appeals Court Judge, Phipps,,Write-in,1,0,0,1,0
Grady,,Superior Court Judge, South Georgia Circuit (Cato),,A. WALLACE CATO ,3210,66,2060,1081,3
Grady,Blowing Cave,Superior Court Judge, South Georgia Circuit (Cato),,A. WALLACE CATO ,166,0,131,35,0
Grady,Cairo 4th District,Superior Court Judge, South Georgia Circuit (Cato),,A. WALLACE CATO ,485,12,253,220,0
Grady,Cairo 5th District,Superior Court Judge, South Georgia Circuit (Cato),,A. WALLACE CATO ,551,9,295,246,1
Grady,Duncanville,Superior Court Judge, South Georgia Circuit (Cato),,A. WALLACE CATO ,95,0,90,5,0
Grady,Higdon,Superior Court Judge, South Georgia Circuit (Cato),,A. WALLACE CATO ,144,5,107,32,0
Grady,Limesink,Superior Court Judge, South Georgia Circuit (Cato),,A. WALLACE CATO ,84,1,65,18,0
Grady,Midway,Superior Court Judge, South Georgia Circuit (Cato),,A. WALLACE CATO ,297,8,200,89,0
Grady,Pine Park,Superior Court Judge, South Georgia Circuit (Cato),,A. WALLACE CATO ,150,5,109,36,0
Grady,Ragan,Superior Court Judge, South Georgia Circuit (Cato),,A. WALLACE CATO ,153,5,113,35,0
Grady,Spence,Superior Court Judge, South Georgia Circuit (Cato),,A. WALLACE CATO ,151,5,113,33,0
Grady,Spring Hill,Superior Court Judge, South Georgia Circuit (Cato),,A. WALLACE CATO ,158,0,118,40,0
Grady,Whigham,Superior Court Judge, South Georgia Circuit (Cato),,A. WALLACE CATO ,237,4,180,52,1
Grady,Woodland,Superior Court Judge, South Georgia Circuit (Cato),,A. WALLACE CATO ,539,12,286,240,1
Grady,,Superior Court Judge, South Georgia Circuit (Cato),,Write-in,14,0,11,3,0
Grady,Blowing Cave,Superior Court Judge, South Georgia Circuit (Cato),,Write-in,2,0,2,0,0
Grady,Cairo 4th District,Superior Court Judge, South Georgia Circuit (Cato),,Write-in,4,0,4,0,0
Grady,Cairo 5th District,Superior Court Judge, South Georgia Circuit (Cato),,Write-in,3,0,2,1,0
Grady,Duncanville,Superior Court Judge, South Georgia Circuit (Cato),,Write-in,0,0,0,0,0
Grady,Higdon,Superior Court Judge, South Georgia Circuit (Cato),,Write-in,0,0,0,0,0
Grady,Limesink,Superior Court Judge, South Georgia Circuit (Cato),,Write-in,0,0,0,0,0
Grady,Midway,Superior Court Judge, South Georgia Circuit (Cato),,Write-in,0,0,0,0,0
Grady,Pine Park,Superior Court Judge, South Georgia Circuit (Cato),,Write-in,0,0,0,0,0
Grady,Ragan,Superior Court Judge, South Georgia Circuit (Cato),,Write-in,0,0,0,0,0
Grady,Spence,Superior Court Judge, South Georgia Circuit (Cato),,Write-in,2,0,1,1,0
Grady,Spring Hill,Superior Court Judge, South Georgia Circuit (Cato),,Write-in,0,0,0,0,0
Grady,Whigham,Superior Court Judge, South Georgia Circuit (Cato),,Write-in,0,0,0,0,0
Grady,Woodland,Superior Court Judge, South Georgia Circuit (Cato),,Write-in,3,0,2,1,0
Grady,,Superior Court Judge, South Georgia Circuit (Chason),,J. KEVIN CHASON ,3310,66,2138,1103,3
Grady,Blowing Cave,Superior Court Judge, South Georgia Circuit (Chason),,J. KEVIN CHASON ,170,0,137,33,0
Grady,Cairo 4th District,Superior Court Judge, South Georgia Circuit (Chason),,J. KEVIN CHASON ,521,13,278,230,0
Grady,Cairo 5th District,Superior Court Judge, South Georgia Circuit (Chason),,J. KEVIN CHASON ,566,10,301,254,1
Grady,Duncanville,Superior Court Judge, South Georgia Circuit (Chason),,J. KEVIN CHASON ,97,0,92,5,0
Grady,Higdon,Superior Court Judge, South Georgia Circuit (Chason),,J. KEVIN CHASON ,156,4,120,32,0
Grady,Limesink,Superior Court Judge, South Georgia Circuit (Chason),,J. KEVIN CHASON ,85,1,67,17,0
Grady,Midway,Superior Court Judge, South Georgia Circuit (Chason),,J. KEVIN CHASON ,304,8,205,91,0
Grady,Pine Park,Superior Court Judge, South Georgia Circuit (Chason),,J. KEVIN CHASON ,156,5,114,37,0
Grady,Ragan,Superior Court Judge, South Georgia Circuit (Chason),,J. KEVIN CHASON ,151,5,115,31,0
Grady,Spence,Superior Court Judge, South Georgia Circuit (Chason),,J. KEVIN CHASON ,162,6,121,35,0
Grady,Spring Hill,Superior Court Judge, South Georgia Circuit (Chason),,J. KEVIN CHASON ,159,0,120,39,0
Grady,Whigham,Superior Court Judge, South Georgia Circuit (Chason),,J. KEVIN CHASON ,240,4,181,54,1
Grady,Woodland,Superior Court Judge, South Georgia Circuit (Chason),,J. KEVIN CHASON ,543,10,287,245,1
Grady,,Superior Court Judge, South Georgia Circuit (Chason),,Write-in,4,0,3,1,0
Grady,Blowing Cave,Superior Court Judge, South Georgia Circuit (Chason),,Write-in,0,0,0,0,0
Grady,Cairo 4th District,Superior Court Judge, South Georgia Circuit (Chason),,Write-in,1,0,1,0,0
Grady,Cairo 5th District,Superior Court Judge, South Georgia Circuit (Chason),,Write-in,1,0,1,0,0
Grady,Duncanville,Superior Court Judge, South Georgia Circuit (Chason),,Write-in,0,0,0,0,0
Grady,Higdon,Superior Court Judge, South Georgia Circuit (Chason),,Write-in,0,0,0,0,0
Grady,Limesink,Superior Court Judge, South Georgia Circuit (Chason),,Write-in,0,0,0,0,0
Grady,Midway,Superior Court Judge, South Georgia Circuit (Chason),,Write-in,1,0,1,0,0
Grady,Pine Park,Superior Court Judge, South Georgia Circuit (Chason),,Write-in,0,0,0,0,0
Grady,Ragan,Superior Court Judge, South Georgia Circuit (Chason),,Write-in,0,0,0,0,0
Grady,Spence,Superior Court Judge, South Georgia Circuit (Chason),,Write-in,0,0,0,0,0
Grady,Spring Hill,Superior Court Judge, South Georgia Circuit (Chason),,Write-in,0,0,0,0,0
Grady,Whigham,Superior Court Judge, South Georgia Circuit (Chason),,Write-in,0,0,0,0,0
Grady,Woodland,Superior Court Judge, South Georgia Circuit (Chason),,Write-in,1,0,0,1,0
Grady,,JUDGE, PROBATE COURT,,DENISE MADDOX,2116,48,1405,662,1
Grady,Blowing Cave,JUDGE, PROBATE COURT,,DENISE MADDOX,120,2,92,26,0
Grady,Cairo 4th District,JUDGE, PROBATE COURT,,DENISE MADDOX,264,10,156,98,0
Grady,Cairo 5th District,JUDGE, PROBATE COURT,,DENISE MADDOX,318,10,155,152,1
Grady,Duncanville,JUDGE, PROBATE COURT,,DENISE MADDOX,64,0,62,2,0
Grady,Higdon,JUDGE, PROBATE COURT,,DENISE MADDOX,112,1,85,26,0
Grady,Limesink,JUDGE, PROBATE COURT,,DENISE MADDOX,64,3,46,15,0
Grady,Midway,JUDGE, PROBATE COURT,,DENISE MADDOX,231,2,160,69,0
Grady,Pine Park,JUDGE, PROBATE COURT,,DENISE MADDOX,109,4,82,23,0
Grady,Ragan,JUDGE, PROBATE COURT,,DENISE MADDOX,74,2,54,18,0
Grady,Spence,JUDGE, PROBATE COURT,,DENISE MADDOX,131,5,97,29,0
Grady,Spring Hill,JUDGE, PROBATE COURT,,DENISE MADDOX,102,0,73,29,0
Grady,Whigham,JUDGE, PROBATE COURT,,DENISE MADDOX,175,4,135,36,0
Grady,Woodland,JUDGE, PROBATE COURT,,DENISE MADDOX,352,5,208,139,0
Grady,,JUDGE, PROBATE COURT,,CELESTE CHASON TYLER,1970,36,1238,694,2
Grady,Blowing Cave,JUDGE, PROBATE COURT,,CELESTE CHASON TYLER,95,0,74,21,0
Grady,Cairo 4th District,JUDGE, PROBATE COURT,,CELESTE CHASON TYLER,382,8,211,163,0
Grady,Cairo 5th District,JUDGE, PROBATE COURT,,CELESTE CHASON TYLER,381,2,221,158,0
Grady,Duncanville,JUDGE, PROBATE COURT,,CELESTE CHASON TYLER,42,0,37,5,0
Grady,Higdon,JUDGE, PROBATE COURT,,CELESTE CHASON TYLER,92,4,72,16,0
Grady,Limesink,JUDGE, PROBATE COURT,,CELESTE CHASON TYLER,33,0,26,7,0
Grady,Midway,JUDGE, PROBATE COURT,,CELESTE CHASON TYLER,149,7,98,44,0
Grady,Pine Park,JUDGE, PROBATE COURT,,CELESTE CHASON TYLER,72,2,52,18,0
Grady,Ragan,JUDGE, PROBATE COURT,,CELESTE CHASON TYLER,106,3,81,22,0
Grady,Spence,JUDGE, PROBATE COURT,,CELESTE CHASON TYLER,58,1,43,14,0
Grady,Spring Hill,JUDGE, PROBATE COURT,,CELESTE CHASON TYLER,98,0,73,25,0
Grady,Whigham,JUDGE, PROBATE COURT,,CELESTE CHASON TYLER,123,2,84,36,1
Grady,Woodland,JUDGE, PROBATE COURT,,CELESTE CHASON TYLER,339,7,166,165,1
Grady,,JUDGE, PROBATE COURT,,Write-in,3,0,0,3,0
Grady,Blowing Cave,JUDGE, PROBATE COURT,,Write-in,0,0,0,0,0
Grady,Cairo 4th District,JUDGE, PROBATE COURT,,Write-in,0,0,0,0,0
Grady,Cairo 5th District,JUDGE, PROBATE COURT,,Write-in,0,0,0,0,0
Grady,Duncanville,JUDGE, PROBATE COURT,,Write-in,0,0,0,0,0
Grady,Higdon,JUDGE, PROBATE COURT,,Write-in,0,0,0,0,0
Grady,Limesink,JUDGE, PROBATE COURT,,Write-in,0,0,0,0,0
Grady,Midway,JUDGE, PROBATE COURT,,Write-in,0,0,0,0,0
Grady,Pine Park,JUDGE, PROBATE COURT,,Write-in,0,0,0,0,0
Grady,Ragan,JUDGE, PROBATE COURT,,Write-in,0,0,0,0,0
Grady,Spence,JUDGE, PROBATE COURT,,Write-in,0,0,0,0,0
Grady,Spring Hill,JUDGE, PROBATE COURT,,Write-in,0,0,0,0,0
Grady,Whigham,JUDGE, PROBATE COURT,,Write-in,0,0,0,0,0
Grady,Woodland,JUDGE, PROBATE COURT,,Write-in,3,0,0,3,0
Grady,,TSPLOST,,,YES,1985,42,1268,675,0
Grady,Blowing Cave,TSPLOST,,,YES,95,0,73,22,0
Grady,Cairo 4th District,TSPLOST,,,YES,423,7,264,152,0
Grady,Cairo 5th District,TSPLOST,,,YES,373,8,203,162,0
Grady,Duncanville,TSPLOST,,,YES,47,0,44,3,0
Grady,Higdon,TSPLOST,,,YES,98,2,72,24,0
Grady,Limesink,TSPLOST,,,YES,45,2,31,12,0
Grady,Midway,TSPLOST,,,YES,158,8,102,48,0
Grady,Pine Park,TSPLOST,,,YES,90,5,66,19,0
Grady,Ragan,TSPLOST,,,YES,79,1,59,19,0
Grady,Spence,TSPLOST,,,YES,68,1,51,16,0
Grady,Spring Hill,TSPLOST,,,YES,93,0,65,28,0
Grady,Whigham,TSPLOST,,,YES,121,3,88,30,0
Grady,Woodland,TSPLOST,,,YES,295,5,150,140,0
Grady,,TSPLOST,,,NO,2178,44,1428,703,3
Grady,Blowing Cave,TSPLOST,,,NO,118,2,93,23,0
Grady,Cairo 4th District,TSPLOST,,,NO,226,11,101,114,0
Grady,Cairo 5th District,TSPLOST,,,NO,356,4,187,164,1
Grady,Duncanville,TSPLOST,,,NO,62,1,59,2,0
Grady,Higdon,TSPLOST,,,NO,110,3,90,17,0
Grady,Limesink,TSPLOST,,,NO,53,1,42,10,0
Grady,Midway,TSPLOST,,,NO,224,1,158,65,0
Grady,Pine Park,TSPLOST,,,NO,100,2,74,24,0
Grady,Ragan,TSPLOST,,,NO,99,4,78,17,0
Grady,Spence,TSPLOST,,,NO,137,5,103,29,0
Grady,Spring Hill,TSPLOST,,,NO,111,0,84,27,0
Grady,Whigham,TSPLOST,,,NO,176,2,133,40,1
Grady,Woodland,TSPLOST,,,NO,406,8,226,171,1
