county,precinct,office,district,party,candidate,votes,advance_voting_votes,absentee_by_mail_votes,provisional_votes,election_day_votes
Grady,Blowing Cave,U.S. Senate,,Rep,Herschel Walker,437,152,10,0,275
Grady,Cairo 4th District,U.S. Senate,,Rep,Herschel Walker,222,155,17,2,48
Grady,Cairo 5th District,U.S. Senate,,Rep,Herschel Walker,766,432,33,0,301
Grady,Duncanville ,U.S. Senate,,Rep,Herschel Walker,195,72,10,0,113
Grady,Higdon,U.S. Senate,,Rep,Herschel Walker,375,124,8,0,243
Grady,Limesink,U.S. Senate,,Rep,Herschel Walker,164,62,4,0,98
Grady,Midway,U.S. Senate,,Rep,Herschel Walker,614,299,23,1,291
Grady,Pine Park ,U.S. Senate,,Rep,Herschel Walker,338,126,10,0,202
Grady,Ragan,U.S. Senate,,Rep,Herschel Walker,241,106,9,0,126
Grady,Spence,U.S. Senate,,Rep,Herschel Walker,382,120,10,0,252
Grady,Spring Hill,U.S. Senate,,Rep,Herschel Walker,301,144,5,0,152
Grady,Whigham,U.S. Senate,,Rep,Herschel Walker,498,199,10,0,289
Grady,Woodland,U.S. Senate,,Rep,Herschel Walker,1105,647,34,0,424
Grady,Blowing Cave,U.S. Senate,,Dem,Raphael Warnock ,61,30,5,0,26
Grady,Cairo 4th District,U.S. Senate,,Dem,Raphael Warnock ,882,530,96,1,255
Grady,Cairo 5th District,U.S. Senate,,Dem,Raphael Warnock ,499,299,40,0,160
Grady,Duncanville ,U.S. Senate,,Dem,Raphael Warnock ,94,58,14,0,22
Grady,Higdon,U.S. Senate,,Dem,Raphael Warnock ,160,63,15,0,82
Grady,Limesink,U.S. Senate,,Dem,Raphael Warnock ,34,26,3,0,5
Grady,Midway,U.S. Senate,,Dem,Raphael Warnock ,168,106,14,0,48
Grady,Pine Park ,U.S. Senate,,Dem,Raphael Warnock ,143,65,11,0,67
Grady,Ragan,U.S. Senate,,Dem,Raphael Warnock ,85,47,8,0,30
Grady,Spence,U.S. Senate,,Dem,Raphael Warnock ,42,21,4,0,17
Grady,Spring Hill,U.S. Senate,,Dem,Raphael Warnock ,41,18,8,0,15
Grady,Whigham,U.S. Senate,,Dem,Raphael Warnock ,157,80,16,0,61
Grady,Woodland,U.S. Senate,,Dem,Raphael Warnock ,207,137,23,0,47
Grady,Blowing Cave,U.S. Senate,,L,Chase Oliver,4,1,0,0,3
Grady,Cairo 4th District,U.S. Senate,,L,Chase Oliver,14,8,0,0,6
Grady,Cairo 5th District,U.S. Senate,,L,Chase Oliver,12,8,0,0,4
Grady,Duncanville ,U.S. Senate,,L,Chase Oliver,5,2,0,0,3
Grady,Higdon,U.S. Senate,,L,Chase Oliver,8,5,0,0,3
Grady,Limesink,U.S. Senate,,L,Chase Oliver,0,0,0,0,0
Grady,Midway,U.S. Senate,,L,Chase Oliver,12,5,1,0,6
Grady,Pine Park ,U.S. Senate,,L,Chase Oliver,5,4,0,0,1
Grady,Ragan,U.S. Senate,,L,Chase Oliver,3,1,0,0,2
Grady,Spence,U.S. Senate,,L,Chase Oliver,1,0,0,0,1
Grady,Spring Hill,U.S. Senate,,L,Chase Oliver,7,0,0,0,7
Grady,Whigham,U.S. Senate,,L,Chase Oliver,7,3,0,0,4
Grady,Woodland,U.S. Senate,,L,Chase Oliver,22,8,5,0,9
Grady,Blowing Cave,Governor,,Rep,Brian Kemp ,444,154,10,0,280
Grady,Cairo 4th District,Governor,,Rep,Brian Kemp ,240,169,19,2,50
Grady,Cairo 5th District,Governor,,Rep,Brian Kemp ,809,454,34,0,321
Grady,Duncanville ,Governor,,Rep,Brian Kemp ,201,77,10,0,114
Grady,Higdon,Governor,,Rep,Brian Kemp ,397,132,9,0,256
Grady,Limesink,Governor,,Rep,Brian Kemp ,167,63,5,0,99
Grady,Midway,Governor,,Rep,Brian Kemp ,639,308,25,1,305
Grady,Pine Park ,Governor,,Rep,Brian Kemp ,348,133,10,0,205
Grady,Ragan,Governor,,Rep,Brian Kemp ,244,107,9,0,128
Grady,Spence,Governor,,Rep,Brian Kemp ,391,121,11,0,259
Grady,Spring Hill,Governor,,Rep,Brian Kemp ,313,145,8,0,160
Grady,Whigham,Governor,,Rep,Brian Kemp ,519,209,10,0,300
Grady,Woodland,Governor,,Rep,Brian Kemp ,1172,682,45,0,445
Grady,Blowing Cave,Governor,,Dem,Stacey Abrams,58,30,5,0,23
Grady,Cairo 4th District,Governor,,Dem,Stacey Abrams,887,531,93,1,262
Grady,Cairo 5th District,Governor,,Dem,Stacey Abrams,465,283,39,0,143
Grady,Duncanville ,Governor,,Dem,Stacey Abrams,92,56,14,0,22
Grady,Higdon,Governor,,Dem,Stacey Abrams,148,61,15,0,72
Grady,Limesink,Governor,,Dem,Stacey Abrams,31,25,3,0,3
Grady,Midway,Governor,,Dem,Stacey Abrams,154,103,14,0,37
Grady,Pine Park ,Governor,,Dem,Stacey Abrams,137,64,11,0,62
Grady,Ragan,Governor,,Dem,Stacey Abrams,83,46,8,0,29
Grady,Spence,Governor,,Dem,Stacey Abrams,36,20,3,0,13
Grady,Spring Hill,Governor,,Dem,Stacey Abrams,35,17,6,0,12
Grady,Whigham,Governor,,Dem,Stacey Abrams,138,73,16,0,49
Grady,Woodland,Governor,,Dem,Stacey Abrams,158,109,17,0,32
Grady,Blowing Cave,Governor,,L,Shane Hazel,0,0,0,0,0
Grady,Cairo 4th District,Governor,,L,Shane Hazel,3,2,1,0,0
Grady,Cairo 5th District,Governor,,L,Shane Hazel,5,3,0,0,2
Grady,Duncanville ,Governor,,L,Shane Hazel,2,1,0,0,1
Grady,Higdon,Governor,,L,Shane Hazel,1,0,0,0,1
Grady,Limesink,Governor,,L,Shane Hazel,2,1,0,0,1
Grady,Midway,Governor,,L,Shane Hazel,4,1,0,0,3
Grady,Pine Park ,Governor,,L,Shane Hazel,2,0,0,0,2
Grady,Ragan,Governor,,L,Shane Hazel,2,1,0,0,1
Grady,Spence,Governor,,L,Shane Hazel,0,0,0,0,0
Grady,Spring Hill,Governor,,L,Shane Hazel,2,0,0,0,2
Grady,Whigham,Governor,,L,Shane Hazel,2,0,0,0,2
Grady,Woodland,Governor,,L,Shane Hazel,10,7,0,0,3
Grady,Blowing Cave,Lieutenant Governor,,Rep,Burt Jones,439,153,10,0,276
Grady,Cairo 4th District,Lieutenant Governor,,Rep,Burt Jones,228,158,18,2,50
Grady,Cairo 5th District,Lieutenant Governor,,Rep,Burt Jones,791,446,34,0,311
Grady,Duncanville ,Lieutenant Governor,,Rep,Burt Jones,201,77,10,0,114
Grady,Higdon,Lieutenant Governor,,Rep,Burt Jones,387,130,9,0,248
Grady,Limesink,Lieutenant Governor,,Rep,Burt Jones,166,64,4,0,98
Grady,Midway,Lieutenant Governor,,Rep,Burt Jones,626,304,24,1,297
Grady,Pine Park ,Lieutenant Governor,,Rep,Burt Jones,345,130,10,0,205
Grady,Ragan,Lieutenant Governor,,Rep,Burt Jones,242,105,9,0,128
Grady,Spence,Lieutenant Governor,,Rep,Burt Jones,381,118,11,0,252
Grady,Spring Hill,Lieutenant Governor,,Rep,Burt Jones,308,142,7,0,159
Grady,Whigham,Lieutenant Governor,,Rep,Burt Jones,510,206,8,0,296
Grady,Woodland,Lieutenant Governor,,Rep,Burt Jones,1125,659,41,0,425
Grady,Blowing Cave,Lieutenant Governor,,Dem,Charlie Bailey,54,26,5,0,23
Grady,Cairo 4th District,Lieutenant Governor,,Dem,Charlie Bailey,852,507,93,1,251
Grady,Cairo 5th District,Lieutenant Governor,,Dem,Charlie Bailey,456,272,39,0,145
Grady,Duncanville ,Lieutenant Governor,,Dem,Charlie Bailey,88,53,14,0,21
Grady,Higdon,Lieutenant Governor,,Dem,Charlie Bailey,146,58,15,0,73
Grady,Limesink,Lieutenant Governor,,Dem,Charlie Bailey,31,25,4,0,2
Grady,Midway,Lieutenant Governor,,Dem,Charlie Bailey,150,101,12,0,37
Grady,Pine Park ,Lieutenant Governor,,Dem,Charlie Bailey,130,61,11,0,58
Grady,Ragan,Lieutenant Governor,,Dem,Charlie Bailey,81,46,8,0,27
Grady,Spence,Lieutenant Governor,,Dem,Charlie Bailey,39,21,3,0,15
Grady,Spring Hill,Lieutenant Governor,,Dem,Charlie Bailey,37,17,6,0,14
Grady,Whigham,Lieutenant Governor,,Dem,Charlie Bailey,140,72,17,0,51
Grady,Woodland,Lieutenant Governor,,Dem,Charlie Bailey,182,120,18,0,44
Grady,Blowing Cave,Lieutenant Governor,,L,Ryan Graham,7,3,0,0,4
Grady,Cairo 4th District,Lieutenant Governor,,L,Ryan Graham,10,3,0,0,7
Grady,Cairo 5th District,Lieutenant Governor,,L,Ryan Graham,11,7,0,0,4
Grady,Duncanville ,Lieutenant Governor,,L,Ryan Graham,5,2,0,0,3
Grady,Higdon,Lieutenant Governor,,L,Ryan Graham,4,2,0,0,2
Grady,Limesink,Lieutenant Governor,,L,Ryan Graham,3,0,0,0,3
Grady,Midway,Lieutenant Governor,,L,Ryan Graham,6,1,0,0,5
Grady,Pine Park ,Lieutenant Governor,,L,Ryan Graham,7,1,0,0,6
Grady,Ragan,Lieutenant Governor,,L,Ryan Graham,2,1,0,0,1
Grady,Spence,Lieutenant Governor,,L,Ryan Graham,5,2,0,0,3
Grady,Spring Hill,Lieutenant Governor,,L,Ryan Graham,4,1,1,0,2
Grady,Whigham,Lieutenant Governor,,L,Ryan Graham,7,2,1,0,4
Grady,Woodland,Lieutenant Governor,,L,Ryan Graham,24,11,3,0,10
Grady,Blowing Cave,Secretary of State,,Rep,Brad Raffensperger ,439,156,10,0,273
Grady,Cairo 4th District,Secretary of State,,Rep,Brad Raffensperger ,264,178,23,2,61
Grady,Cairo 5th District,Secretary of State,,Rep,Brad Raffensperger ,794,444,35,0,315
Grady,Duncanville ,Secretary of State,,Rep,Brad Raffensperger ,192,71,10,0,111
Grady,Higdon,Secretary of State,,Rep,Brad Raffensperger ,395,136,9,0,250
Grady,Limesink,Secretary of State,,Rep,Brad Raffensperger ,163,65,4,0,94
Grady,Midway,Secretary of State,,Rep,Brad Raffensperger ,630,306,28,1,295
Grady,Pine Park ,Secretary of State,,Rep,Brad Raffensperger ,345,134,11,0,200
Grady,Ragan,Secretary of State,,Rep,Brad Raffensperger ,243,108,9,0,126
Grady,Spence,Secretary of State,,Rep,Brad Raffensperger ,376,119,11,0,246
Grady,Spring Hill,Secretary of State,,Rep,Brad Raffensperger ,306,139,6,0,161
Grady,Whigham,Secretary of State,,Rep,Brad Raffensperger ,506,206,7,0,293
Grady,Woodland,Secretary of State,,Rep,Brad Raffensperger ,1142,661,43,0,438
Grady,Blowing Cave,Secretary of State,,Dem,Bee Nguyen,53,24,5,0,24
Grady,Cairo 4th District,Secretary of State,,Dem,Bee Nguyen,809,482,87,1,239
Grady,Cairo 5th District,Secretary of State,,Dem,Bee Nguyen,435,263,37,0,135
Grady,Duncanville ,Secretary of State,,Dem,Bee Nguyen,88,54,13,0,21
Grady,Higdon,Secretary of State,,Dem,Bee Nguyen,135,54,15,0,66
Grady,Limesink,Secretary of State,,Dem,Bee Nguyen,30,23,4,0,3
Grady,Midway,Secretary of State,,Dem,Bee Nguyen,129,87,8,0,34
Grady,Pine Park ,Secretary of State,,Dem,Bee Nguyen,126,60,9,0,57
Grady,Ragan,Secretary of State,,Dem,Bee Nguyen,79,44,8,0,27
Grady,Spence,Secretary of State,,Dem,Bee Nguyen,36,21,3,0,12
Grady,Spring Hill,Secretary of State,,Dem,Bee Nguyen,33,15,7,0,11
Grady,Whigham,Secretary of State,,Dem,Bee Nguyen,133,69,14,0,50
Grady,Woodland,Secretary of State,,Dem,Bee Nguyen,152,105,15,0,32
Grady,Blowing Cave,Secretary of State,,L,Ted Metz,6,2,0,0,4
Grady,Cairo 4th District,Secretary of State,,L,Ted Metz,15,11,0,0,4
Grady,Cairo 5th District,Secretary of State,,L,Ted Metz,23,15,0,0,8
Grady,Duncanville ,Secretary of State,,L,Ted Metz,11,7,1,0,3
Grady,Higdon,Secretary of State,,L,Ted Metz,8,0,0,0,8
Grady,Limesink,Secretary of State,,L,Ted Metz,4,1,0,0,3
Grady,Midway,Secretary of State,,L,Ted Metz,21,8,3,0,10
Grady,Pine Park ,Secretary of State,,L,Ted Metz,10,1,0,0,9
Grady,Ragan,Secretary of State,,L,Ted Metz,4,0,0,0,4
Grady,Spence,Secretary of State,,L,Ted Metz,11,1,0,0,10
Grady,Spring Hill,Secretary of State,,L,Ted Metz,8,5,1,0,2
Grady,Whigham,Secretary of State,,L,Ted Metz,12,4,3,0,5
Grady,Woodland,Secretary of State,,L,Ted Metz,40,27,3,0,10
Grady,Blowing Cave,Attorney General,,Rep,Chris Carr ,441,155,10,0,276
Grady,Cairo 4th District,Attorney General,,Rep,Chris Carr ,242,168,19,2,53
Grady,Cairo 5th District,Attorney General,,Rep,Chris Carr ,795,445,34,0,316
Grady,Duncanville ,Attorney General,,Rep,Chris Carr ,200,76,10,0,114
Grady,Higdon,Attorney General,,Rep,Chris Carr ,386,130,9,0,247
Grady,Limesink,Attorney General,,Rep,Chris Carr ,166,64,4,0,98
Grady,Midway,Attorney General,,Rep,Chris Carr ,630,305,23,1,301
Grady,Pine Park ,Attorney General,,Rep,Chris Carr ,347,133,9,0,205
Grady,Ragan,Attorney General,,Rep,Chris Carr ,240,106,8,0,126
Grady,Spence,Attorney General,,Rep,Chris Carr ,382,118,11,0,253
Grady,Spring Hill,Attorney General,,Rep,Chris Carr ,308,143,5,0,160
Grady,Whigham,Attorney General,,Rep,Chris Carr ,514,208,9,0,297
Grady,Woodland,Attorney General,,Rep,Chris Carr ,1137,665,43,0,429
Grady,Blowing Cave,Attorney General,,Dem,"Jennifer """"Jen"""" Jordan",55,27,5,0,23
Grady,Cairo 4th District,Attorney General,,Dem,"Jennifer """"Jen"""" Jordan",846,503,91,1,251
Grady,Cairo 5th District,Attorney General,,Dem,"Jennifer """"Jen"""" Jordan",463,279,39,0,145
Grady,Duncanville ,Attorney General,,Dem,"Jennifer """"Jen"""" Jordan",89,55,13,0,21
Grady,Higdon,Attorney General,,Dem,"Jennifer """"Jen"""" Jordan",152,62,15,0,75
Grady,Limesink,Attorney General,,Dem,"Jennifer """"Jen"""" Jordan",31,25,3,0,3
Grady,Midway,Attorney General,,Dem,"Jennifer """"Jen"""" Jordan",149,97,13,0,39
Grady,Pine Park ,Attorney General,,Dem,"Jennifer """"Jen"""" Jordan",136,63,11,0,62
Grady,Ragan,Attorney General,,Dem,"Jennifer """"Jen"""" Jordan",84,47,8,0,29
Grady,Spence,Attorney General,,Dem,"Jennifer """"Jen"""" Jordan",41,22,3,0,16
Grady,Spring Hill,Attorney General,,Dem,"Jennifer """"Jen"""" Jordan",38,16,8,0,14
Grady,Whigham,Attorney General,,Dem,"Jennifer """"Jen"""" Jordan",137,68,16,0,53
Grady,Woodland,Attorney General,,Dem,"Jennifer """"Jen"""" Jordan",176,120,17,0,39
Grady,Blowing Cave,Attorney General,,L,Martin Cowen,6,1,0,0,5
Grady,Cairo 4th District,Attorney General,,L,Martin Cowen,7,4,0,0,3
Grady,Cairo 5th District,Attorney General,,L,Martin Cowen,7,6,0,0,1
Grady,Duncanville ,Attorney General,,L,Martin Cowen,7,3,1,0,3
Grady,Higdon,Attorney General,,L,Martin Cowen,2,0,0,0,2
Grady,Limesink,Attorney General,,L,Martin Cowen,1,0,0,0,1
Grady,Midway,Attorney General,,L,Martin Cowen,7,2,2,0,3
Grady,Pine Park ,Attorney General,,L,Martin Cowen,2,0,0,0,2
Grady,Ragan,Attorney General,,L,Martin Cowen,2,1,0,0,1
Grady,Spence,Attorney General,,L,Martin Cowen,1,0,0,0,1
Grady,Spring Hill,Attorney General,,L,Martin Cowen,3,1,1,0,1
Grady,Whigham,Attorney General,,L,Martin Cowen,5,3,1,0,1
Grady,Woodland,Attorney General,,L,Martin Cowen,22,10,2,0,10
Grady,Blowing Cave,Commissioner of Agriculture,,Rep,Tyler Harper,442,154,10,0,278
Grady,Cairo 4th District,Commissioner of Agriculture,,Rep,Tyler Harper,240,166,20,2,52
Grady,Cairo 5th District,Commissioner of Agriculture,,Rep,Tyler Harper,794,447,33,0,314
Grady,Duncanville ,Commissioner of Agriculture,,Rep,Tyler Harper,201,76,10,0,115
Grady,Higdon,Commissioner of Agriculture,,Rep,Tyler Harper,396,133,9,0,254
Grady,Limesink,Commissioner of Agriculture,,Rep,Tyler Harper,169,64,4,0,101
Grady,Midway,Commissioner of Agriculture,,Rep,Tyler Harper,640,310,27,1,302
Grady,Pine Park ,Commissioner of Agriculture,,Rep,Tyler Harper,351,134,9,0,208
Grady,Ragan,Commissioner of Agriculture,,Rep,Tyler Harper,244,108,9,0,127
Grady,Spence,Commissioner of Agriculture,,Rep,Tyler Harper,386,120,11,0,255
Grady,Spring Hill,Commissioner of Agriculture,,Rep,Tyler Harper,310,144,7,0,159
Grady,Whigham,Commissioner of Agriculture,,Rep,Tyler Harper,516,208,8,0,300
Grady,Woodland,Commissioner of Agriculture,,Rep,Tyler Harper,1152,674,45,0,433
Grady,Blowing Cave,Commissioner of Agriculture,,Dem,Nakita Hemingway,54,27,5,0,22
Grady,Cairo 4th District,Commissioner of Agriculture,,Dem,Nakita Hemingway,840,498,92,1,249
Grady,Cairo 5th District,Commissioner of Agriculture,,Dem,Nakita Hemingway,453,275,39,0,139
Grady,Duncanville ,Commissioner of Agriculture,,Dem,Nakita Hemingway,87,53,14,0,20
Grady,Higdon,Commissioner of Agriculture,,Dem,Nakita Hemingway,138,56,15,0,67
Grady,Limesink,Commissioner of Agriculture,,Dem,Nakita Hemingway,30,25,3,0,2
Grady,Midway,Commissioner of Agriculture,,Dem,Nakita Hemingway,135,91,11,0,33
Grady,Pine Park ,Commissioner of Agriculture,,Dem,Nakita Hemingway,125,58,12,0,55
Grady,Ragan,Commissioner of Agriculture,,Dem,Nakita Hemingway,79,44,8,0,27
Grady,Spence,Commissioner of Agriculture,,Dem,Nakita Hemingway,38,20,3,0,15
Grady,Spring Hill,Commissioner of Agriculture,,Dem,Nakita Hemingway,37,16,7,0,14
Grady,Whigham,Commissioner of Agriculture,,Dem,Nakita Hemingway,131,70,15,0,46
Grady,Woodland,Commissioner of Agriculture,,Dem,Nakita Hemingway,162,111,16,0,35
Grady,Blowing Cave,Commissioner of Agriculture,,L,David Raudabaugh,3,0,0,0,3
Grady,Cairo 4th District,Commissioner of Agriculture,,L,David Raudabaugh,14,8,0,0,6
Grady,Cairo 5th District,Commissioner of Agriculture,,L,David Raudabaugh,11,5,0,0,6
Grady,Duncanville ,Commissioner of Agriculture,,L,David Raudabaugh,6,3,0,0,3
Grady,Higdon,Commissioner of Agriculture,,L,David Raudabaugh,7,4,0,0,3
Grady,Limesink,Commissioner of Agriculture,,L,David Raudabaugh,0,0,0,0,0
Grady,Midway,Commissioner of Agriculture,,L,David Raudabaugh,8,0,0,0,8
Grady,Pine Park ,Commissioner of Agriculture,,L,David Raudabaugh,8,2,0,0,6
Grady,Ragan,Commissioner of Agriculture,,L,David Raudabaugh,4,1,0,0,3
Grady,Spence,Commissioner of Agriculture,,L,David Raudabaugh,2,1,0,0,1
Grady,Spring Hill,Commissioner of Agriculture,,L,David Raudabaugh,2,1,0,0,1
Grady,Whigham,Commissioner of Agriculture,,L,David Raudabaugh,6,1,2,0,3
Grady,Woodland,Commissioner of Agriculture,,L,David Raudabaugh,18,9,1,0,8
Grady,Blowing Cave,Commissioner of Insurance,,Rep,John King ,446,156,10,0,280
Grady,Cairo 4th District,Commissioner of Insurance,,Rep,John King ,240,166,19,2,53
Grady,Cairo 5th District,Commissioner of Insurance,,Rep,John King ,802,451,34,0,317
Grady,Duncanville ,Commissioner of Insurance,,Rep,John King ,206,78,12,0,116
Grady,Higdon,Commissioner of Insurance,,Rep,John King ,390,133,8,0,249
Grady,Limesink,Commissioner of Insurance,,Rep,John King ,164,62,4,0,98
Grady,Midway,Commissioner of Insurance,,Rep,John King ,637,307,25,1,304
Grady,Pine Park ,Commissioner of Insurance,,Rep,John King ,353,135,10,0,208
Grady,Ragan,Commissioner of Insurance,,Rep,John King ,242,108,9,0,125
Grady,Spence,Commissioner of Insurance,,Rep,John King ,383,118,11,0,254
Grady,Spring Hill,Commissioner of Insurance,,Rep,John King ,314,144,8,0,162
Grady,Whigham,Commissioner of Insurance,,Rep,John King ,518,208,10,0,300
Grady,Woodland,Commissioner of Insurance,,Rep,John King ,1158,677,46,0,435
Grady,Blowing Cave,Commissioner of Insurance,,Dem,Janice Laws Robinson,54,27,5,0,22
Grady,Cairo 4th District,Commissioner of Insurance,,Dem,Janice Laws Robinson,853,506,92,1,254
Grady,Cairo 5th District,Commissioner of Insurance,,Dem,Janice Laws Robinson,456,276,38,0,142
Grady,Duncanville ,Commissioner of Insurance,,Dem,Janice Laws Robinson,89,55,12,0,22
Grady,Higdon,Commissioner of Insurance,,Dem,Janice Laws Robinson,147,58,15,0,74
Grady,Limesink,Commissioner of Insurance,,Dem,Janice Laws Robinson,33,26,3,0,4
Grady,Midway,Commissioner of Insurance,,Dem,Janice Laws Robinson,146,98,13,0,35
Grady,Pine Park ,Commissioner of Insurance,,Dem,Janice Laws Robinson,130,59,11,0,60
Grady,Ragan,Commissioner of Insurance,,Dem,Janice Laws Robinson,85,46,8,0,31
Grady,Spence,Commissioner of Insurance,,Dem,Janice Laws Robinson,42,22,3,0,17
Grady,Spring Hill,Commissioner of Insurance,,Dem,Janice Laws Robinson,34,16,6,0,12
Grady,Whigham,Commissioner of Insurance,,Dem,Janice Laws Robinson,138,71,16,0,51
Grady,Woodland,Commissioner of Insurance,,Dem,Janice Laws Robinson,168,113,16,0,39
Grady,Blowing Cave,State School Superintendent,,Rep,Richard Woods ,445,157,9,0,279
Grady,Cairo 4th District,State School Superintendent,,Rep,Richard Woods ,242,167,20,2,53
Grady,Cairo 5th District,State School Superintendent,,Rep,Richard Woods ,799,452,35,0,312
Grady,Duncanville ,State School Superintendent,,Rep,Richard Woods ,207,78,11,0,118
Grady,Higdon,State School Superintendent,,Rep,Richard Woods ,396,136,10,0,250
Grady,Limesink,State School Superintendent,,Rep,Richard Woods ,166,62,4,0,100
Grady,Midway,State School Superintendent,,Rep,Richard Woods ,638,312,26,1,299
Grady,Pine Park ,State School Superintendent,,Rep,Richard Woods ,351,135,9,0,207
Grady,Ragan,State School Superintendent,,Rep,Richard Woods ,246,110,9,0,127
Grady,Spence,State School Superintendent,,Rep,Richard Woods ,391,121,12,0,258
Grady,Spring Hill,State School Superintendent,,Rep,Richard Woods ,315,145,8,0,162
Grady,Whigham,State School Superintendent,,Rep,Richard Woods ,515,208,9,0,298
Grady,Woodland,State School Superintendent,,Rep,Richard Woods ,1172,684,46,0,442
Grady,Blowing Cave,State School Superintendent,,Dem,Alisha Thomas Searcy,53,25,6,0,22
Grady,Cairo 4th District,State School Superintendent,,Dem,Alisha Thomas Searcy,860,514,91,1,254
Grady,Cairo 5th District,State School Superintendent,,Dem,Alisha Thomas Searcy,463,278,37,0,148
Grady,Duncanville ,State School Superintendent,,Dem,Alisha Thomas Searcy,89,56,13,0,20
Grady,Higdon,State School Superintendent,,Dem,Alisha Thomas Searcy,145,57,13,0,75
Grady,Limesink,State School Superintendent,,Dem,Alisha Thomas Searcy,31,26,3,0,2
Grady,Midway,State School Superintendent,,Dem,Alisha Thomas Searcy,142,92,11,0,39
Grady,Pine Park ,State School Superintendent,,Dem,Alisha Thomas Searcy,134,60,12,0,62
Grady,Ragan,State School Superintendent,,Dem,Alisha Thomas Searcy,81,44,8,0,29
Grady,Spence,State School Superintendent,,Dem,Alisha Thomas Searcy,34,20,1,0,13
Grady,Spring Hill,State School Superintendent,,Dem,Alisha Thomas Searcy,35,16,6,0,13
Grady,Whigham,State School Superintendent,,Dem,Alisha Thomas Searcy,141,71,17,0,53
Grady,Woodland,State School Superintendent,,Dem,Alisha Thomas Searcy,161,110,16,0,35
Grady,Blowing Cave,Commissioner of Labor,,Rep,Bruce Thompson,438,153,10,0,275
Grady,Cairo 4th District,Commissioner of Labor,,Rep,Bruce Thompson,234,159,17,3,55
Grady,Cairo 5th District,Commissioner of Labor,,Rep,Bruce Thompson,785,441,33,0,311
Grady,Duncanville ,Commissioner of Labor,,Rep,Bruce Thompson,201,75,10,0,116
Grady,Higdon,Commissioner of Labor,,Rep,Bruce Thompson,386,132,9,0,245
Grady,Limesink,Commissioner of Labor,,Rep,Bruce Thompson,168,64,4,0,100
Grady,Midway,Commissioner of Labor,,Rep,Bruce Thompson,631,306,25,1,299
Grady,Pine Park ,Commissioner of Labor,,Rep,Bruce Thompson,348,133,9,0,206
Grady,Ragan,Commissioner of Labor,,Rep,Bruce Thompson,243,106,9,0,128
Grady,Spence,Commissioner of Labor,,Rep,Bruce Thompson,383,119,11,0,253
Grady,Spring Hill,Commissioner of Labor,,Rep,Bruce Thompson,307,143,7,0,157
Grady,Whigham,Commissioner of Labor,,Rep,Bruce Thompson,505,204,7,0,294
Grady,Woodland,Commissioner of Labor,,Rep,Bruce Thompson,1131,666,40,0,425
Grady,Blowing Cave,Commissioner of Labor,,Dem,"William """"Will"""" Boddie, Jr",55,27,5,0,23
Grady,Cairo 4th District,Commissioner of Labor,,Dem,"William """"Will"""" Boddie, Jr",854,513,93,0,248
Grady,Cairo 5th District,Commissioner of Labor,,Dem,"William """"Will"""" Boddie, Jr",457,278,38,0,141
Grady,Duncanville ,Commissioner of Labor,,Dem,"William """"Will"""" Boddie, Jr",87,53,14,0,20
Grady,Higdon,Commissioner of Labor,,Dem,"William """"Will"""" Boddie, Jr",143,55,15,0,73
Grady,Limesink,Commissioner of Labor,,Dem,"William """"Will"""" Boddie, Jr",31,25,3,0,3
Grady,Midway,Commissioner of Labor,,Dem,"William """"Will"""" Boddie, Jr",140,95,12,0,33
Grady,Pine Park ,Commissioner of Labor,,Dem,"William """"Will"""" Boddie, Jr",130,61,11,0,58
Grady,Ragan,Commissioner of Labor,,Dem,"William """"Will"""" Boddie, Jr",81,46,8,0,27
Grady,Spence,Commissioner of Labor,,Dem,"William """"Will"""" Boddie, Jr",38,19,3,0,16
Grady,Spring Hill,Commissioner of Labor,,Dem,"William """"Will"""" Boddie, Jr",36,16,6,0,14
Grady,Whigham,Commissioner of Labor,,Dem,"William """"Will"""" Boddie, Jr",137,73,16,0,48
Grady,Woodland,Commissioner of Labor,,Dem,"William """"Will"""" Boddie, Jr",175,117,19,0,39
Grady,Blowing Cave,Commissioner of Labor,,L,Emily Anderson,5,1,0,0,4
Grady,Cairo 4th District,Commissioner of Labor,,L,Emily Anderson,10,6,0,0,4
Grady,Cairo 5th District,Commissioner of Labor,,L,Emily Anderson,14,8,0,0,6
Grady,Duncanville ,Commissioner of Labor,,L,Emily Anderson,5,3,0,0,2
Grady,Higdon,Commissioner of Labor,,L,Emily Anderson,6,3,0,0,3
Grady,Limesink,Commissioner of Labor,,L,Emily Anderson,0,0,0,0,0
Grady,Midway,Commissioner of Labor,,L,Emily Anderson,12,3,0,0,9
Grady,Pine Park ,Commissioner of Labor,,L,Emily Anderson,5,0,0,0,5
Grady,Ragan,Commissioner of Labor,,L,Emily Anderson,3,2,0,0,1
Grady,Spence,Commissioner of Labor,,L,Emily Anderson,3,2,0,0,1
Grady,Spring Hill,Commissioner of Labor,,L,Emily Anderson,4,1,0,0,3
Grady,Whigham,Commissioner of Labor,,L,Emily Anderson,11,2,2,0,7
Grady,Woodland,Commissioner of Labor,,L,Emily Anderson,23,10,3,0,10
Grady,Blowing Cave,U.S. House,,Rep,Chris West,431,148,9,0,274
Grady,Cairo 4th District,U.S. House,,Rep,Chris West,231,159,20,2,50
Grady,Cairo 5th District,U.S. House,,Rep,Chris West,762,429,33,0,300
Grady,Duncanville ,U.S. House,,Rep,Chris West,199,73,10,0,116
Grady,Higdon,U.S. House,,Rep,Chris West,382,130,9,0,243
Grady,Limesink,U.S. House,,Rep,Chris West,161,61,4,0,96
Grady,Midway,U.S. House,,Rep,Chris West,624,307,26,1,290
Grady,Pine Park ,U.S. House,,Rep,Chris West,338,128,10,0,200
Grady,Ragan,U.S. House,,Rep,Chris West,237,105,8,0,124
Grady,Spence,U.S. House,,Rep,Chris West,380,121,10,0,249
Grady,Spring Hill,U.S. House,,Rep,Chris West,304,141,6,0,157
Grady,Whigham,U.S. House,,Rep,Chris West,503,203,7,0,293
Grady,Woodland,U.S. House,,Rep,Chris West,1106,645,34,0,427
Grady,Blowing Cave,U.S. House,,Dem,Sanford Bishop ,69,33,6,0,30
Grady,Cairo 4th District,U.S. House,,Dem,Sanford Bishop ,891,536,94,1,260
Grady,Cairo 5th District,U.S. House,,Dem,Sanford Bishop ,510,306,40,0,164
Grady,Duncanville ,U.S. House,,Dem,Sanford Bishop ,97,61,14,0,22
Grady,Higdon,U.S. House,,Dem,Sanford Bishop ,161,63,15,0,83
Grady,Limesink,U.S. House,,Dem,Sanford Bishop ,39,28,4,0,7
Grady,Midway,U.S. House,,Dem,Sanford Bishop ,164,102,12,0,50
Grady,Pine Park ,U.S. House,,Dem,Sanford Bishop ,148,67,11,0,70
Grady,Ragan,U.S. House,,Dem,Sanford Bishop ,89,48,9,0,32
Grady,Spence,U.S. House,,Dem,Sanford Bishop ,45,20,4,0,21
Grady,Spring Hill,U.S. House,,Dem,Sanford Bishop ,46,20,8,0,18
Grady,Whigham,U.S. House,,Dem,Sanford Bishop ,154,77,19,0,58
Grady,Woodland,U.S. House,,Dem,Sanford Bishop ,226,147,27,0,52
Grady,Blowing Cave,State Senate,,Rep,Dean Burke ,470,166,11,0,293
Grady,Cairo 4th District,State Senate,,Rep,Dean Burke ,569,351,53,2,163
Grady,Cairo 5th District,State Senate,,Rep,Dean Burke ,990,571,47,0,372
Grady,Duncanville ,State Senate,,Rep,Dean Burke ,236,94,14,0,128
Grady,Higdon,State Senate,,Rep,Dean Burke ,454,153,12,0,289
Grady,Limesink,State Senate,,Rep,Dean Burke ,184,77,6,0,101
Grady,Midway,State Senate,,Rep,Dean Burke ,695,340,30,1,324
Grady,Pine Park ,State Senate,,Rep,Dean Burke ,411,157,15,0,239
Grady,Ragan,State Senate,,Rep,Dean Burke ,265,117,11,0,137
Grady,Spence,State Senate,,Rep,Dean Burke ,408,132,10,0,266
Grady,Spring Hill,State Senate,,Rep,Dean Burke ,327,149,10,0,168
Grady,Whigham,State Senate,,Rep,Dean Burke ,576,229,15,0,332
Grady,Woodland,State Senate,,Rep,Dean Burke ,1223,720,46,0,457
Grady,Blowing Cave,State House,,Rep,Joe Campbell ,469,166,11,0,292
Grady,Higdon,State House,,Rep,Joe Campbell ,451,151,11,0,289
Grady,Limesink,State House,,Rep,Joe Campbell ,181,76,6,0,99
Grady,Ragan,State House,,Rep,Joe Campbell ,264,117,12,0,135
Grady,Spence,State House,,Rep,Joe Campbell ,407,131,10,0,266
Grady,Spring Hill,State House,,Rep,Joe Campbell ,320,146,9,0,165
Grady,Whigham,State House,,Rep,Joe Campbell ,568,227,12,0,329
Grady,Cairo 4th District,State House,,Rep,Darlene Taylor ,265,181,22,2,60
Grady,Cairo 5th District,State House,,Rep,Darlene Taylor ,818,459,33,0,326
Grady,Duncanville ,State House,,Rep,Darlene Taylor ,207,79,11,0,117
Grady,Midway,State House,,Rep,Darlene Taylor ,655,319,25,1,310
Grady,Pine Park ,State House,,Rep,Darlene Taylor ,352,137,9,0,206
Grady,Woodland,State House,,Rep,Darlene Taylor ,1154,676,44,0,434
Grady,Cairo 4th District,State House,,Dem,Keith L. Jenkins Sr,834,497,89,1,247
Grady,Cairo 5th District,State House,,Dem,Keith L. Jenkins Sr,440,266,39,0,135
Grady,Duncanville ,State House,,Dem,Keith L. Jenkins Sr,88,54,13,0,21
Grady,Midway,State House,,Dem,Keith L. Jenkins Sr,132,89,13,0,30
Grady,Pine Park ,State House,,Dem,Keith L. Jenkins Sr,129,58,11,0,60
Grady,Woodland,State House,,Dem,Keith L. Jenkins Sr,177,117,17,0,43
Grady,Blowing Cave,Solicitor General,,Rep,Charles A Ferenchick ,473,166,13,0,294
Grady,Cairo 4th District,Solicitor General,,Rep,Charles A Ferenchick ,586,367,52,2,165
Grady,Cairo 5th District,Solicitor General,,Rep,Charles A Ferenchick ,1002,574,47,0,381
Grady,Duncanville ,Solicitor General,,Rep,Charles A Ferenchick ,239,97,14,0,128
Grady,Higdon,Solicitor General,,Rep,Charles A Ferenchick ,456,152,12,0,292
Grady,Limesink,Solicitor General,,Rep,Charles A Ferenchick ,185,78,6,0,101
Grady,Midway,Solicitor General,,Rep,Charles A Ferenchick ,704,349,29,1,325
Grady,Pine Park ,Solicitor General,,Rep,Charles A Ferenchick ,414,155,15,0,244
Grady,Ragan,Solicitor General,,Rep,Charles A Ferenchick ,264,119,11,0,134
Grady,Spence,Solicitor General,,Rep,Charles A Ferenchick ,407,132,10,0,265
Grady,Spring Hill,Solicitor General,,Rep,Charles A Ferenchick ,323,148,11,0,164
Grady,Whigham,Solicitor General,,Rep,Charles A Ferenchick ,576,231,14,0,331
Grady,Woodland,Solicitor General,,Rep,Charles A Ferenchick ,1232,725,45,0,462
Grady,Pine Park ,County Commissioner D2,,Rep,Ray Prince ,340,132,10,0,198
Grady,Spence,County Commissioner D2,,Rep,Ray Prince ,396,127,9,0,260
Grady,Woodland,County Commissioner D2,,Rep,Ray Prince ,866,468,32,0,366
Grady,Cairo 5th District,County Commissioner D5,,Rep,Phillip Drew ,994,570,46,0,378
Grady,Midway,County Commissioner D5,,Rep,Phillip Drew ,13,4,2,0,7
Grady,Blowing Cave,Soil and Water Conservation District Supervisor,,,John C. Harrell ,428,147,12,0,269
Grady,Cairo 4th District,Soil and Water Conservation District Supervisor,,,John C. Harrell ,723,441,78,2,202
Grady,Cairo 5th District,Soil and Water Conservation District Supervisor,,,John C. Harrell ,1028,595,52,0,381
Grady,Duncanville ,Soil and Water Conservation District Supervisor,,,John C. Harrell ,241,102,17,0,122
Grady,Higdon,Soil and Water Conservation District Supervisor,,,John C. Harrell ,431,143,14,0,274
Grady,Limesink,Soil and Water Conservation District Supervisor,,,John C. Harrell ,173,78,7,0,88
Grady,Midway,Soil and Water Conservation District Supervisor,,,John C. Harrell ,684,351,28,1,304
Grady,Pine Park ,Soil and Water Conservation District Supervisor,,,John C. Harrell ,414,162,19,0,233
Grady,Ragan,Soil and Water Conservation District Supervisor,,,John C. Harrell ,255,112,14,0,129
Grady,Spence,Soil and Water Conservation District Supervisor,,,John C. Harrell ,387,134,11,0,242
Grady,Spring Hill,Soil and Water Conservation District Supervisor,,,John C. Harrell ,309,144,13,0,152
Grady,Whigham,Soil and Water Conservation District Supervisor,,,John C. Harrell ,560,230,18,0,312
Grady,Woodland,Soil and Water Conservation District Supervisor,,,John C. Harrell ,1186,688,52,0,446
Grady,Blowing Cave,Constitutional Amendment #1,,,Yes,425,153,12,0,260
Grady,Cairo 4th District,Constitutional Amendment #1,,,Yes,844,531,86,2,225
Grady,Cairo 5th District,Constitutional Amendment #1,,,Yes,1056,600,57,0,399
Grady,Duncanville ,Constitutional Amendment #1,,,Yes,236,107,20,0,109
Grady,Higdon,Constitutional Amendment #1,,,Yes,452,161,19,0,272
Grady,Limesink,Constitutional Amendment #1,,,Yes,169,75,7,0,87
Grady,Midway,Constitutional Amendment #1,,,Yes,666,355,30,0,281
Grady,Pine Park ,Constitutional Amendment #1,,,Yes,412,169,19,0,224
Grady,Ragan,Constitutional Amendment #1,,,Yes,279,128,14,0,137
Grady,Spence,Constitutional Amendment #1,,,Yes,383,130,14,0,239
Grady,Spring Hill,Constitutional Amendment #1,,,Yes,289,140,9,0,140
Grady,Whigham,Constitutional Amendment #1,,,Yes,546,232,20,0,294
Grady,Woodland,Constitutional Amendment #1,,,Yes,1140,684,50,0,406
Grady,Blowing Cave,Constitutional Amendment #1,,,No,59,21,3,0,35
Grady,Cairo 4th District,Constitutional Amendment #1,,,No,192,108,20,0,64
Grady,Cairo 5th District,Constitutional Amendment #1,,,No,151,95,9,0,47
Grady,Duncanville ,Constitutional Amendment #1,,,No,46,20,3,0,23
Grady,Higdon,Constitutional Amendment #1,,,No,63,17,5,0,41
Grady,Limesink,Constitutional Amendment #1,,,No,25,11,1,0,13
Grady,Midway,Constitutional Amendment #1,,,No,91,44,8,1,38
Grady,Pine Park ,Constitutional Amendment #1,,,No,57,18,2,0,37
Grady,Ragan,Constitutional Amendment #1,,,No,36,19,2,0,15
Grady,Spence,Constitutional Amendment #1,,,No,32,9,0,0,23
Grady,Spring Hill,Constitutional Amendment #1,,,No,42,14,4,0,24
Grady,Whigham,Constitutional Amendment #1,,,No,85,37,3,0,45
Grady,Woodland,Constitutional Amendment #1,,,No,149,76,11,0,62
Grady,Blowing Cave,Constitutional Amendment #2,,,Yes,441,161,10,0,270
Grady,Cairo 4th District,Constitutional Amendment #2,,,Yes,944,575,101,2,266
Grady,Cairo 5th District,Constitutional Amendment #2,,,Yes,1133,646,60,0,427
Grady,Duncanville ,Constitutional Amendment #2,,,Yes,254,116,21,0,117
Grady,Higdon,Constitutional Amendment #2,,,Yes,461,161,24,0,276
Grady,Limesink,Constitutional Amendment #2,,,Yes,174,77,6,0,91
Grady,Midway,Constitutional Amendment #2,,,Yes,686,359,36,1,290
Grady,Pine Park ,Constitutional Amendment #2,,,Yes,437,176,20,0,241
Grady,Ragan,Constitutional Amendment #2,,,Yes,290,135,17,0,138
Grady,Spence,Constitutional Amendment #2,,,Yes,388,129,14,0,245
Grady,Spring Hill,Constitutional Amendment #2,,,Yes,299,139,13,0,147
Grady,Whigham,Constitutional Amendment #2,,,Yes,561,235,22,0,304
Grady,Woodland,Constitutional Amendment #2,,,Yes,1171,693,57,0,421
Grady,Blowing Cave,Constitutional Amendment #2,,,No,46,14,5,0,27
Grady,Cairo 4th District,Constitutional Amendment #2,,,No,112,77,7,0,28
Grady,Cairo 5th District,Constitutional Amendment #2,,,No,103,65,8,0,30
Grady,Duncanville ,Constitutional Amendment #2,,,No,36,17,3,0,16
Grady,Higdon,Constitutional Amendment #2,,,No,64,23,0,0,41
Grady,Limesink,Constitutional Amendment #2,,,No,21,10,1,0,10
Grady,Midway,Constitutional Amendment #2,,,No,77,40,3,0,34
Grady,Pine Park ,Constitutional Amendment #2,,,No,38,15,0,0,23
Grady,Ragan,Constitutional Amendment #2,,,No,27,11,0,0,16
Grady,Spence,Constitutional Amendment #2,,,No,28,9,0,0,19
Grady,Spring Hill,Constitutional Amendment #2,,,No,34,13,0,0,21
Grady,Whigham,Constitutional Amendment #2,,,No,69,35,1,0,33
Grady,Woodland,Constitutional Amendment #2,,,No,133,78,4,0,51
Grady,Blowing Cave,Statewide Referendum A,,,Yes,325,113,8,0,204
Grady,Cairo 4th District,Statewide Referendum A,,,Yes,640,385,51,2,202
Grady,Cairo 5th District,Statewide Referendum A,,,Yes,736,408,30,0,298
Grady,Duncanville ,Statewide Referendum A,,,Yes,182,72,8,0,102
Grady,Higdon,Statewide Referendum A,,,Yes,329,109,19,0,201
Grady,Limesink,Statewide Referendum A,,,Yes,121,44,5,0,72
Grady,Midway,Statewide Referendum A,,,Yes,485,242,17,1,225
Grady,Pine Park ,Statewide Referendum A,,,Yes,282,110,6,0,166
Grady,Ragan,Statewide Referendum A,,,Yes,205,93,7,0,105
Grady,Spence,Statewide Referendum A,,,Yes,271,94,10,0,167
Grady,Spring Hill,Statewide Referendum A,,,Yes,212,102,6,0,104
Grady,Whigham,Statewide Referendum A,,,Yes,394,158,10,0,226
Grady,Woodland,Statewide Referendum A,,,Yes,793,462,22,0,309
Grady,Blowing Cave,Statewide Referendum A,,,No,159,60,7,0,92
Grady,Cairo 4th District,Statewide Referendum A,,,No,395,255,51,0,89
Grady,Cairo 5th District,Statewide Referendum A,,,No,477,289,37,0,151
Grady,Duncanville ,Statewide Referendum A,,,No,104,58,16,0,30
Grady,Higdon,Statewide Referendum A,,,No,188,72,5,0,111
Grady,Limesink,Statewide Referendum A,,,No,75,43,2,0,30
Grady,Midway,Statewide Referendum A,,,No,271,155,21,0,95
Grady,Pine Park ,Statewide Referendum A,,,No,185,76,14,0,95
Grady,Ragan,Statewide Referendum A,,,No,108,53,10,0,45
Grady,Spence,Statewide Referendum A,,,No,141,45,4,0,92
Grady,Spring Hill,Statewide Referendum A,,,No,121,53,7,0,61
Grady,Whigham,Statewide Referendum A,,,No,232,109,13,0,110
Grady,Woodland,Statewide Referendum A,,,No,494,302,36,0,156
Grady,Blowing Cave,Statewide Referendum B,,,Yes,377,133,8,0,236
Grady,Cairo 4th District,Statewide Referendum B,,,Yes,711,438,61,2,210
Grady,Cairo 5th District,Statewide Referendum B,,,Yes,838,457,34,0,347
Grady,Duncanville ,Statewide Referendum B,,,Yes,223,97,16,0,110
Grady,Higdon,Statewide Referendum B,,,Yes,393,135,21,0,237
Grady,Limesink,Statewide Referendum B,,,Yes,153,62,7,0,84
Grady,Midway,Statewide Referendum B,,,Yes,595,301,19,0,275
Grady,Pine Park ,Statewide Referendum B,,,Yes,346,143,13,0,190
Grady,Ragan,Statewide Referendum B,,,Yes,237,99,11,0,127
Grady,Spence,Statewide Referendum B,,,Yes,316,106,9,0,201
Grady,Spring Hill,Statewide Referendum B,,,Yes,279,132,10,0,137
Grady,Whigham,Statewide Referendum B,,,Yes,472,198,14,0,260
Grady,Woodland,Statewide Referendum B,,,Yes,955,560,24,0,371
Grady,Blowing Cave,Statewide Referendum B,,,No,108,41,7,0,60
Grady,Cairo 4th District,Statewide Referendum B,,,No,312,195,40,0,77
Grady,Cairo 5th District,Statewide Referendum B,,,No,361,230,32,0,99
Grady,Duncanville ,Statewide Referendum B,,,No,60,33,8,0,19
Grady,Higdon,Statewide Referendum B,,,No,122,45,3,0,74
Grady,Limesink,Statewide Referendum B,,,No,43,25,0,0,18
Grady,Midway,Statewide Referendum B,,,No,159,90,18,1,50
Grady,Pine Park ,Statewide Referendum B,,,No,114,41,6,0,67
Grady,Ragan,Statewide Referendum B,,,No,74,46,5,0,23
Grady,Spence,Statewide Referendum B,,,No,96,33,5,0,58
Grady,Spring Hill,Statewide Referendum B,,,No,50,21,3,0,26
Grady,Whigham,Statewide Referendum B,,,No,150,68,7,0,75
Grady,Woodland,Statewide Referendum B,,,No,335,202,33,0,100
Grady,Blowing Cave,Package Sale Referendum,,,Yes,327,120,8,0,199
Grady,Cairo 4th District,Package Sale Referendum,,,Yes,770,470,70,2,228
Grady,Cairo 5th District,Package Sale Referendum,,,Yes,821,460,41,0,320
Grady,Duncanville ,Package Sale Referendum,,,Yes,206,96,12,0,98
Grady,Higdon,Package Sale Referendum,,,Yes,354,120,14,0,220
Grady,Limesink,Package Sale Referendum,,,Yes,117,48,5,0,64
Grady,Midway,Package Sale Referendum,,,Yes,479,242,18,1,218
Grady,Pine Park ,Package Sale Referendum,,,Yes,311,111,14,0,186
Grady,Ragan,Package Sale Referendum,,,Yes,224,87,11,0,126
Grady,Spence,Package Sale Referendum,,,Yes,259,81,7,0,171
Grady,Spring Hill,Package Sale Referendum,,,Yes,215,93,8,0,114
Grady,Whigham,Package Sale Referendum,,,Yes,429,168,16,0,245
Grady,Woodland,Package Sale Referendum,,,Yes,856,480,33,0,343
Grady,Blowing Cave,Package Sale Referendum,,,No,163,59,7,0,97
Grady,Cairo 4th District,Package Sale Referendum,,,No,276,176,35,0,65
Grady,Cairo 5th District,Package Sale Referendum,,,No,406,247,27,0,132
Grady,Duncanville ,Package Sale Referendum,,,No,82,34,12,0,36
Grady,Higdon,Package Sale Referendum,,,No,167,62,10,0,95
Grady,Limesink,Package Sale Referendum,,,No,80,40,3,0,37
Grady,Midway,Package Sale Referendum,,,No,277,152,19,0,106
Grady,Pine Park ,Package Sale Referendum,,,No,156,76,6,0,74
Grady,Ragan,Package Sale Referendum,,,No,88,56,6,0,26
Grady,Spence,Package Sale Referendum,,,No,155,58,7,0,90
Grady,Spring Hill,Package Sale Referendum,,,No,117,61,5,0,51
Grady,Whigham,Package Sale Referendum,,,No,203,100,7,0,96
Grady,Woodland,Package Sale Referendum,,,No,447,295,26,0,126
Grady,Blowing Cave,Spirits for Beverage Purposes Referendum,,,Yes,328,115,10,0,203
Grady,Cairo 4th District,Spirits for Beverage Purposes Referendum,,,Yes,738,460,59,2,217
Grady,Cairo 5th District,Spirits for Beverage Purposes Referendum,,,Yes,830,462,40,0,328
Grady,Duncanville ,Spirits for Beverage Purposes Referendum,,,Yes,205,94,14,0,97
Grady,Higdon,Spirits for Beverage Purposes Referendum,,,Yes,343,120,15,0,208
Grady,Limesink,Spirits for Beverage Purposes Referendum,,,Yes,124,53,6,0,65
Grady,Midway,Spirits for Beverage Purposes Referendum,,,Yes,499,257,18,1,223
Grady,Pine Park ,Spirits for Beverage Purposes Referendum,,,Yes,311,117,12,0,182
Grady,Ragan,Spirits for Beverage Purposes Referendum,,,Yes,237,98,11,0,128
Grady,Spence,Spirits for Beverage Purposes Referendum,,,Yes,275,87,7,0,181
Grady,Spring Hill,Spirits for Beverage Purposes Referendum,,,Yes,227,104,7,0,116
Grady,Whigham,Spirits for Beverage Purposes Referendum,,,Yes,434,178,11,0,245
Grady,Woodland,Spirits for Beverage Purposes Referendum,,,Yes,871,491,32,0,348
Grady,Blowing Cave,Spirits for Beverage Purposes Referendum,,,No,162,65,3,0,94
Grady,Cairo 4th District,Spirits for Beverage Purposes Referendum,,,No,304,190,42,0,72
Grady,Cairo 5th District,Spirits for Beverage Purposes Referendum,,,No,386,239,26,0,121
Grady,Duncanville ,Spirits for Beverage Purposes Referendum,,,No,81,36,10,0,35
Grady,Higdon,Spirits for Beverage Purposes Referendum,,,No,182,64,9,0,109
Grady,Limesink,Spirits for Beverage Purposes Referendum,,,No,74,35,1,0,38
Grady,Midway,Spirits for Beverage Purposes Referendum,,,No,253,136,18,0,99
Grady,Pine Park ,Spirits for Beverage Purposes Referendum,,,No,157,70,8,0,79
Grady,Ragan,Spirits for Beverage Purposes Referendum,,,No,76,45,6,0,25
Grady,Spence,Spirits for Beverage Purposes Referendum,,,No,138,52,7,0,79
Grady,Spring Hill,Spirits for Beverage Purposes Referendum,,,No,107,50,6,0,51
Grady,Whigham,Spirits for Beverage Purposes Referendum,,,No,197,93,12,0,92
Grady,Woodland,Spirits for Beverage Purposes Referendum,,,No,428,283,25,0,120
