county,precinct,office,district,party,candidate,votes,advance_voting_votes,absentee_by_mail_votes,provisional_votes,election_day_votes
Dougherty,Sherwood Elementary School,U.S. Senate,,Rep,Herschel Walker,474,130,18,0,326
Dougherty,Covenant Church,U.S. Senate,,Rep,Herschel Walker,451,137,12,0,302
Dougherty,Greenbriar Church,U.S. Senate,,Rep,Herschel Walker,1168,561,53,0,554
Dougherty,Westover High School,U.S. Senate,,Rep,Herschel Walker,1223,602,70,0,551
Dougherty,Merry Acres Middle,U.S. Senate,,Rep,Herschel Walker,604,210,21,0,373
Dougherty,ASU West Campus,U.S. Senate,,Rep,Herschel Walker,373,163,19,0,191
Dougherty,Westown Elementary School,U.S. Senate,,Rep,Herschel Walker,55,26,2,0,27
Dougherty,2nd Mt. Zion Church,U.S. Senate,,Rep,Herschel Walker,411,91,19,0,301
Dougherty,Mt. Zion Center ,U.S. Senate,,Rep,Herschel Walker,20,5,0,0,15
Dougherty,Alice Coachman Elementary,U.S. Senate,,Rep,Herschel Walker,11,2,0,0,9
Dougherty,Driskell Community Center,U.S. Senate,,Rep,Herschel Walker,8,4,0,0,4
Dougherty,Shiloh Baptist Church,U.S. Senate,,Rep,Herschel Walker,12,2,3,0,7
Dougherty,Litman Cathedral,U.S. Senate,,Rep,Herschel Walker,10,3,2,0,5
Dougherty,Phoebe Healthworks,U.S. Senate,,Rep,Herschel Walker,673,276,26,2,369
Dougherty,Turner Elementary School,U.S. Senate,,Rep,Herschel Walker,10,1,1,0,8
Dougherty,Robert H. Harvey Elementary,U.S. Senate,,Rep,Herschel Walker,13,5,0,0,8
Dougherty,Bill Miller Community Center,U.S. Senate,,Rep,Herschel Walker,65,23,0,0,42
Dougherty,Radium Middle School,U.S. Senate,,Rep,Herschel Walker,87,22,8,0,57
Dougherty,Putney 1st Baptist Church,U.S. Senate,,Rep,Herschel Walker,617,121,14,0,482
Dougherty,International Studies,U.S. Senate,,Rep,Herschel Walker,167,43,9,1,114
Dougherty,Phoebe East ,U.S. Senate,,Rep,Herschel Walker,107,29,5,0,73
Dougherty,Pine Bluff Baptist Church,U.S. Senate,,Rep,Herschel Walker,309,81,12,0,216
Dougherty,Albany Middle School,U.S. Senate,,Rep,Herschel Walker,44,9,5,0,30
Dougherty,Christ Church,U.S. Senate,,Rep,Herschel Walker,805,232,25,0,548
Dougherty,Lamar Reese Elementary School,U.S. Senate,,Rep,Herschel Walker,32,5,4,0,23
Dougherty,ASU East Campus - Lovett Hall ,U.S. Senate,,Rep,Herschel Walker,6,0,0,0,6
Dougherty,Sherwood Elementary School,U.S. Senate,,Dem,Raphael Warnock ,862,416,57,0,389
Dougherty,Covenant Church,U.S. Senate,,Dem,Raphael Warnock ,550,267,38,0,245
Dougherty,Greenbriar Church,U.S. Senate,,Dem,Raphael Warnock ,1299,815,77,0,407
Dougherty,Westover High School,U.S. Senate,,Dem,Raphael Warnock ,1618,959,121,0,538
Dougherty,Merry Acres Middle,U.S. Senate,,Dem,Raphael Warnock ,667,332,42,0,293
Dougherty,ASU West Campus,U.S. Senate,,Dem,Raphael Warnock ,1496,867,135,1,493
Dougherty,Westown Elementary School,U.S. Senate,,Dem,Raphael Warnock ,1378,699,146,0,533
Dougherty,2nd Mt. Zion Church,U.S. Senate,,Dem,Raphael Warnock ,361,164,32,0,165
Dougherty,Mt. Zion Center ,U.S. Senate,,Dem,Raphael Warnock ,1254,572,152,2,528
Dougherty,Alice Coachman Elementary,U.S. Senate,,Dem,Raphael Warnock ,382,184,39,0,159
Dougherty,Driskell Community Center,U.S. Senate,,Dem,Raphael Warnock ,476,173,43,0,260
Dougherty,Shiloh Baptist Church,U.S. Senate,,Dem,Raphael Warnock ,447,179,33,1,234
Dougherty,Litman Cathedral,U.S. Senate,,Dem,Raphael Warnock ,506,211,44,0,251
Dougherty,Phoebe Healthworks,U.S. Senate,,Dem,Raphael Warnock ,918,458,100,0,360
Dougherty,Turner Elementary School,U.S. Senate,,Dem,Raphael Warnock ,155,64,14,0,77
Dougherty,Robert H. Harvey Elementary,U.S. Senate,,Dem,Raphael Warnock ,787,352,74,0,361
Dougherty,Bill Miller Community Center,U.S. Senate,,Dem,Raphael Warnock ,699,341,46,0,312
Dougherty,Radium Middle School,U.S. Senate,,Dem,Raphael Warnock ,256,135,15,0,106
Dougherty,Putney 1st Baptist Church,U.S. Senate,,Dem,Raphael Warnock ,718,347,43,1,327
Dougherty,International Studies,U.S. Senate,,Dem,Raphael Warnock ,412,217,47,1,147
Dougherty,Phoebe East ,U.S. Senate,,Dem,Raphael Warnock ,775,352,68,2,353
Dougherty,Pine Bluff Baptist Church,U.S. Senate,,Dem,Raphael Warnock ,733,362,58,0,313
Dougherty,Albany Middle School,U.S. Senate,,Dem,Raphael Warnock ,624,266,68,1,289
Dougherty,Christ Church,U.S. Senate,,Dem,Raphael Warnock ,534,318,58,0,158
Dougherty,Lamar Reese Elementary School,U.S. Senate,,Dem,Raphael Warnock ,533,255,57,0,221
Dougherty,ASU East Campus - Lovett Hall ,U.S. Senate,,Dem,Raphael Warnock ,163,75,5,0,83
Dougherty,Sherwood Elementary School,U.S. Senate,,L,Chase Oliver,16,3,1,0,12
Dougherty,Covenant Church,U.S. Senate,,L,Chase Oliver,13,3,0,0,10
Dougherty,Greenbriar Church,U.S. Senate,,L,Chase Oliver,20,5,3,0,12
Dougherty,Westover High School,U.S. Senate,,L,Chase Oliver,38,11,4,0,23
Dougherty,Merry Acres Middle,U.S. Senate,,L,Chase Oliver,19,6,0,0,13
Dougherty,ASU West Campus,U.S. Senate,,L,Chase Oliver,20,6,3,0,11
Dougherty,Westown Elementary School,U.S. Senate,,L,Chase Oliver,8,2,0,0,6
Dougherty,2nd Mt. Zion Church,U.S. Senate,,L,Chase Oliver,12,3,1,0,8
Dougherty,Mt. Zion Center ,U.S. Senate,,L,Chase Oliver,5,2,0,0,3
Dougherty,Alice Coachman Elementary,U.S. Senate,,L,Chase Oliver,3,2,0,0,1
Dougherty,Driskell Community Center,U.S. Senate,,L,Chase Oliver,4,0,1,0,3
Dougherty,Shiloh Baptist Church,U.S. Senate,,L,Chase Oliver,4,3,0,0,1
Dougherty,Litman Cathedral,U.S. Senate,,L,Chase Oliver,4,1,0,0,3
Dougherty,Phoebe Healthworks,U.S. Senate,,L,Chase Oliver,19,7,1,0,11
Dougherty,Turner Elementary School,U.S. Senate,,L,Chase Oliver,3,2,0,0,1
Dougherty,Robert H. Harvey Elementary,U.S. Senate,,L,Chase Oliver,5,0,1,1,3
Dougherty,Bill Miller Community Center,U.S. Senate,,L,Chase Oliver,5,1,0,0,4
Dougherty,Radium Middle School,U.S. Senate,,L,Chase Oliver,4,2,0,0,2
Dougherty,Putney 1st Baptist Church,U.S. Senate,,L,Chase Oliver,14,3,1,0,10
Dougherty,International Studies,U.S. Senate,,L,Chase Oliver,3,1,0,0,2
Dougherty,Phoebe East ,U.S. Senate,,L,Chase Oliver,8,3,0,0,5
Dougherty,Pine Bluff Baptist Church,U.S. Senate,,L,Chase Oliver,10,2,0,0,8
Dougherty,Albany Middle School,U.S. Senate,,L,Chase Oliver,8,1,1,0,6
Dougherty,Christ Church,U.S. Senate,,L,Chase Oliver,8,0,0,0,8
Dougherty,Lamar Reese Elementary School,U.S. Senate,,L,Chase Oliver,1,1,0,0,0
Dougherty,ASU East Campus - Lovett Hall ,U.S. Senate,,L,Chase Oliver,2,0,0,0,2
Dougherty,Sherwood Elementary School,Governor,,Rep,Brian Kemp ,525,144,30,0,351
Dougherty,Covenant Church,Governor,,Rep,Brian Kemp ,479,146,15,0,318
Dougherty,Greenbriar Church,Governor,,Rep,Brian Kemp ,1251,596,63,0,592
Dougherty,Westover High School,Governor,,Rep,Brian Kemp ,1362,661,88,0,613
Dougherty,Merry Acres Middle,Governor,,Rep,Brian Kemp ,679,236,31,0,412
Dougherty,ASU West Campus,Governor,,Rep,Brian Kemp ,414,180,25,0,209
Dougherty,Westown Elementary School,Governor,,Rep,Brian Kemp ,72,34,4,0,34
Dougherty,2nd Mt. Zion Church,Governor,,Rep,Brian Kemp ,446,98,20,0,328
Dougherty,Mt. Zion Center ,Governor,,Rep,Brian Kemp ,42,11,2,0,29
Dougherty,Alice Coachman Elementary,Governor,,Rep,Brian Kemp ,10,0,0,0,10
Dougherty,Driskell Community Center,Governor,,Rep,Brian Kemp ,16,4,2,0,10
Dougherty,Shiloh Baptist Church,Governor,,Rep,Brian Kemp ,17,8,3,0,6
Dougherty,Litman Cathedral,Governor,,Rep,Brian Kemp ,22,7,3,0,12
Dougherty,Phoebe Healthworks,Governor,,Rep,Brian Kemp ,735,312,28,2,393
Dougherty,Turner Elementary School,Governor,,Rep,Brian Kemp ,11,3,1,0,7
Dougherty,Robert H. Harvey Elementary,Governor,,Rep,Brian Kemp ,18,6,0,0,12
Dougherty,Bill Miller Community Center,Governor,,Rep,Brian Kemp ,69,22,2,0,45
Dougherty,Radium Middle School,Governor,,Rep,Brian Kemp ,100,26,8,0,66
Dougherty,Putney 1st Baptist Church,Governor,,Rep,Brian Kemp ,658,129,14,0,515
Dougherty,International Studies,Governor,,Rep,Brian Kemp ,181,51,9,2,119
Dougherty,Phoebe East ,Governor,,Rep,Brian Kemp ,119,28,7,0,84
Dougherty,Pine Bluff Baptist Church,Governor,,Rep,Brian Kemp ,331,83,15,0,233
Dougherty,Albany Middle School,Governor,,Rep,Brian Kemp ,53,13,6,0,34
Dougherty,Christ Church,Governor,,Rep,Brian Kemp ,864,249,29,0,586
Dougherty,Lamar Reese Elementary School,Governor,,Rep,Brian Kemp ,41,6,2,0,33
Dougherty,ASU East Campus - Lovett Hall ,Governor,,Rep,Brian Kemp ,9,3,0,0,6
Dougherty,Sherwood Elementary School,Governor,,Dem,Stacey Abrams,827,404,46,0,377
Dougherty,Covenant Church,Governor,,Dem,Stacey Abrams,536,258,35,0,243
Dougherty,Greenbriar Church,Governor,,Dem,Stacey Abrams,1248,792,71,0,385
Dougherty,Westover High School,Governor,,Dem,Stacey Abrams,1514,908,105,0,501
Dougherty,Merry Acres Middle,Governor,,Dem,Stacey Abrams,608,312,33,0,263
Dougherty,ASU West Campus,Governor,,Dem,Stacey Abrams,1468,853,133,1,481
Dougherty,Westown Elementary School,Governor,,Dem,Stacey Abrams,1368,691,144,0,533
Dougherty,2nd Mt. Zion Church,Governor,,Dem,Stacey Abrams,339,159,31,0,149
Dougherty,Mt. Zion Center ,Governor,,Dem,Stacey Abrams,1237,569,150,2,516
Dougherty,Alice Coachman Elementary,Governor,,Dem,Stacey Abrams,388,188,38,0,162
Dougherty,Driskell Community Center,Governor,,Dem,Stacey Abrams,475,173,42,0,260
Dougherty,Shiloh Baptist Church,Governor,,Dem,Stacey Abrams,445,176,33,1,235
Dougherty,Litman Cathedral,Governor,,Dem,Stacey Abrams,498,207,43,0,248
Dougherty,Phoebe Healthworks,Governor,,Dem,Stacey Abrams,870,432,99,0,339
Dougherty,Turner Elementary School,Governor,,Dem,Stacey Abrams,159,65,14,0,80
Dougherty,Robert H. Harvey Elementary,Governor,,Dem,Stacey Abrams,789,353,75,1,360
Dougherty,Bill Miller Community Center,Governor,,Dem,Stacey Abrams,705,345,44,0,316
Dougherty,Radium Middle School,Governor,,Dem,Stacey Abrams,247,132,15,0,100
Dougherty,Putney 1st Baptist Church,Governor,,Dem,Stacey Abrams,683,343,43,0,297
Dougherty,International Studies,Governor,,Dem,Stacey Abrams,403,211,47,0,145
Dougherty,Phoebe East ,Governor,,Dem,Stacey Abrams,768,351,65,2,350
Dougherty,Pine Bluff Baptist Church,Governor,,Dem,Stacey Abrams,717,361,54,0,302
Dougherty,Albany Middle School,Governor,,Dem,Stacey Abrams,624,265,68,1,290
Dougherty,Christ Church,Governor,,Dem,Stacey Abrams,485,303,54,0,128
Dougherty,Lamar Reese Elementary School,Governor,,Dem,Stacey Abrams,527,256,59,0,212
Dougherty,ASU East Campus - Lovett Hall ,Governor,,Dem,Stacey Abrams,163,72,5,0,86
Dougherty,Sherwood Elementary School,Governor,,L,Shane Hazel,5,2,0,0,3
Dougherty,Covenant Church,Governor,,L,Shane Hazel,1,1,0,0,0
Dougherty,Greenbriar Church,Governor,,L,Shane Hazel,5,2,0,0,3
Dougherty,Westover High School,Governor,,L,Shane Hazel,20,9,1,0,10
Dougherty,Merry Acres Middle,Governor,,L,Shane Hazel,6,0,0,0,6
Dougherty,ASU West Campus,Governor,,L,Shane Hazel,5,3,0,0,2
Dougherty,Westown Elementary School,Governor,,L,Shane Hazel,6,4,0,0,2
Dougherty,2nd Mt. Zion Church,Governor,,L,Shane Hazel,6,2,1,0,3
Dougherty,Mt. Zion Center ,Governor,,L,Shane Hazel,6,2,0,0,4
Dougherty,Alice Coachman Elementary,Governor,,L,Shane Hazel,0,0,0,0,0
Dougherty,Driskell Community Center,Governor,,L,Shane Hazel,0,0,0,0,0
Dougherty,Shiloh Baptist Church,Governor,,L,Shane Hazel,1,1,0,0,0
Dougherty,Litman Cathedral,Governor,,L,Shane Hazel,1,0,0,0,1
Dougherty,Phoebe Healthworks,Governor,,L,Shane Hazel,9,1,1,0,7
Dougherty,Turner Elementary School,Governor,,L,Shane Hazel,1,1,0,0,0
Dougherty,Robert H. Harvey Elementary,Governor,,L,Shane Hazel,2,1,0,0,1
Dougherty,Bill Miller Community Center,Governor,,L,Shane Hazel,1,0,0,0,1
Dougherty,Radium Middle School,Governor,,L,Shane Hazel,1,1,0,0,0
Dougherty,Putney 1st Baptist Church,Governor,,L,Shane Hazel,9,1,1,0,7
Dougherty,International Studies,Governor,,L,Shane Hazel,0,0,0,0,0
Dougherty,Phoebe East ,Governor,,L,Shane Hazel,3,1,0,0,2
Dougherty,Pine Bluff Baptist Church,Governor,,L,Shane Hazel,2,0,0,0,2
Dougherty,Albany Middle School,Governor,,L,Shane Hazel,1,0,0,0,1
Dougherty,Christ Church,Governor,,L,Shane Hazel,3,1,0,0,2
Dougherty,Lamar Reese Elementary School,Governor,,L,Shane Hazel,0,0,0,0,0
Dougherty,ASU East Campus - Lovett Hall ,Governor,,L,Shane Hazel,0,0,0,0,0
Dougherty,Sherwood Elementary School,Lieutenant Governor,,Rep,Burt Jones,501,137,25,0,339
Dougherty,Covenant Church,Lieutenant Governor,,Rep,Burt Jones,466,144,13,0,309
Dougherty,Greenbriar Church,Lieutenant Governor,,Rep,Burt Jones,1193,572,54,0,567
Dougherty,Westover High School,Lieutenant Governor,,Rep,Burt Jones,1307,635,79,0,593
Dougherty,Merry Acres Middle,Lieutenant Governor,,Rep,Burt Jones,652,228,28,0,396
Dougherty,ASU West Campus,Lieutenant Governor,,Rep,Burt Jones,394,172,21,0,201
Dougherty,Westown Elementary School,Lieutenant Governor,,Rep,Burt Jones,66,34,2,0,30
Dougherty,2nd Mt. Zion Church,Lieutenant Governor,,Rep,Burt Jones,432,95,19,0,318
Dougherty,Mt. Zion Center ,Lieutenant Governor,,Rep,Burt Jones,31,10,0,0,21
Dougherty,Alice Coachman Elementary,Lieutenant Governor,,Rep,Burt Jones,10,1,0,0,9
Dougherty,Driskell Community Center,Lieutenant Governor,,Rep,Burt Jones,13,8,0,0,5
Dougherty,Shiloh Baptist Church,Lieutenant Governor,,Rep,Burt Jones,22,6,3,0,13
Dougherty,Litman Cathedral,Lieutenant Governor,,Rep,Burt Jones,19,9,1,0,9
Dougherty,Phoebe Healthworks,Lieutenant Governor,,Rep,Burt Jones,700,302,27,2,369
Dougherty,Turner Elementary School,Lieutenant Governor,,Rep,Burt Jones,10,2,2,0,6
Dougherty,Robert H. Harvey Elementary,Lieutenant Governor,,Rep,Burt Jones,27,10,0,0,17
Dougherty,Bill Miller Community Center,Lieutenant Governor,,Rep,Burt Jones,68,24,0,0,44
Dougherty,Radium Middle School,Lieutenant Governor,,Rep,Burt Jones,93,25,7,0,61
Dougherty,Putney 1st Baptist Church,Lieutenant Governor,,Rep,Burt Jones,641,126,14,0,501
Dougherty,International Studies,Lieutenant Governor,,Rep,Burt Jones,171,44,9,1,117
Dougherty,Phoebe East ,Lieutenant Governor,,Rep,Burt Jones,122,33,5,0,84
Dougherty,Pine Bluff Baptist Church,Lieutenant Governor,,Rep,Burt Jones,324,85,15,0,224
Dougherty,Albany Middle School,Lieutenant Governor,,Rep,Burt Jones,57,16,6,0,35
Dougherty,Christ Church,Lieutenant Governor,,Rep,Burt Jones,829,241,25,0,563
Dougherty,Lamar Reese Elementary School,Lieutenant Governor,,Rep,Burt Jones,33,7,2,0,24
Dougherty,ASU East Campus - Lovett Hall ,Lieutenant Governor,,Rep,Burt Jones,7,0,0,0,7
Dougherty,Sherwood Elementary School,Lieutenant Governor,,Dem,Charlie Bailey,817,398,51,0,368
Dougherty,Covenant Church,Lieutenant Governor,,Dem,Charlie Bailey,514,252,36,0,226
Dougherty,Greenbriar Church,Lieutenant Governor,,Dem,Charlie Bailey,1243,790,75,0,378
Dougherty,Westover High School,Lieutenant Governor,,Dem,Charlie Bailey,1520,911,111,0,498
Dougherty,Merry Acres Middle,Lieutenant Governor,,Dem,Charlie Bailey,609,310,35,0,264
Dougherty,ASU West Campus,Lieutenant Governor,,Dem,Charlie Bailey,1454,843,135,1,475
Dougherty,Westown Elementary School,Lieutenant Governor,,Dem,Charlie Bailey,1315,661,141,0,513
Dougherty,2nd Mt. Zion Church,Lieutenant Governor,,Dem,Charlie Bailey,334,158,32,0,144
Dougherty,Mt. Zion Center ,Lieutenant Governor,,Dem,Charlie Bailey,1186,539,148,2,497
Dougherty,Alice Coachman Elementary,Lieutenant Governor,,Dem,Charlie Bailey,374,181,38,0,155
Dougherty,Driskell Community Center,Lieutenant Governor,,Dem,Charlie Bailey,452,156,42,0,254
Dougherty,Shiloh Baptist Church,Lieutenant Governor,,Dem,Charlie Bailey,414,166,33,1,214
Dougherty,Litman Cathedral,Lieutenant Governor,,Dem,Charlie Bailey,478,197,43,0,238
Dougherty,Phoebe Healthworks,Lieutenant Governor,,Dem,Charlie Bailey,842,421,97,0,324
Dougherty,Turner Elementary School,Lieutenant Governor,,Dem,Charlie Bailey,149,61,13,0,75
Dougherty,Robert H. Harvey Elementary,Lieutenant Governor,,Dem,Charlie Bailey,729,328,72,1,328
Dougherty,Bill Miller Community Center,Lieutenant Governor,,Dem,Charlie Bailey,678,330,43,0,305
Dougherty,Radium Middle School,Lieutenant Governor,,Dem,Charlie Bailey,249,132,16,0,101
Dougherty,Putney 1st Baptist Church,Lieutenant Governor,,Dem,Charlie Bailey,682,338,42,0,302
Dougherty,International Studies,Lieutenant Governor,,Dem,Charlie Bailey,403,211,47,1,144
Dougherty,Phoebe East ,Lieutenant Governor,,Dem,Charlie Bailey,736,343,65,2,326
Dougherty,Pine Bluff Baptist Church,Lieutenant Governor,,Dem,Charlie Bailey,686,338,55,0,293
Dougherty,Albany Middle School,Lieutenant Governor,,Dem,Charlie Bailey,601,252,67,1,281
Dougherty,Christ Church,Lieutenant Governor,,Dem,Charlie Bailey,498,307,57,0,134
Dougherty,Lamar Reese Elementary School,Lieutenant Governor,,Dem,Charlie Bailey,518,247,59,0,212
Dougherty,ASU East Campus - Lovett Hall ,Lieutenant Governor,,Dem,Charlie Bailey,160,73,5,0,82
Dougherty,Sherwood Elementary School,Lieutenant Governor,,L,Ryan Graham,22,9,0,0,13
Dougherty,Covenant Church,Lieutenant Governor,,L,Ryan Graham,19,4,1,0,14
Dougherty,Greenbriar Church,Lieutenant Governor,,L,Ryan Graham,29,10,2,0,17
Dougherty,Westover High School,Lieutenant Governor,,L,Ryan Graham,44,22,1,0,21
Dougherty,Merry Acres Middle,Lieutenant Governor,,L,Ryan Graham,17,6,0,0,11
Dougherty,ASU West Campus,Lieutenant Governor,,L,Ryan Graham,30,12,2,0,16
Dougherty,Westown Elementary School,Lieutenant Governor,,L,Ryan Graham,29,12,1,0,16
Dougherty,2nd Mt. Zion Church,Lieutenant Governor,,L,Ryan Graham,11,3,0,0,8
Dougherty,Mt. Zion Center ,Lieutenant Governor,,L,Ryan Graham,24,9,4,0,11
Dougherty,Alice Coachman Elementary,Lieutenant Governor,,L,Ryan Graham,6,2,0,0,4
Dougherty,Driskell Community Center,Lieutenant Governor,,L,Ryan Graham,11,3,1,0,7
Dougherty,Shiloh Baptist Church,Lieutenant Governor,,L,Ryan Graham,13,5,0,0,8
Dougherty,Litman Cathedral,Lieutenant Governor,,L,Ryan Graham,10,4,0,0,6
Dougherty,Phoebe Healthworks,Lieutenant Governor,,L,Ryan Graham,29,3,2,0,24
Dougherty,Turner Elementary School,Lieutenant Governor,,L,Ryan Graham,5,1,0,0,4
Dougherty,Robert H. Harvey Elementary,Lieutenant Governor,,L,Ryan Graham,7,0,0,0,7
Dougherty,Bill Miller Community Center,Lieutenant Governor,,L,Ryan Graham,7,1,0,0,6
Dougherty,Radium Middle School,Lieutenant Governor,,L,Ryan Graham,5,2,0,0,3
Dougherty,Putney 1st Baptist Church,Lieutenant Governor,,L,Ryan Graham,15,4,1,0,10
Dougherty,International Studies,Lieutenant Governor,,L,Ryan Graham,6,3,0,0,3
Dougherty,Phoebe East ,Lieutenant Governor,,L,Ryan Graham,15,3,0,0,12
Dougherty,Pine Bluff Baptist Church,Lieutenant Governor,,L,Ryan Graham,25,12,0,0,13
Dougherty,Albany Middle School,Lieutenant Governor,,L,Ryan Graham,5,1,1,0,3
Dougherty,Christ Church,Lieutenant Governor,,L,Ryan Graham,17,5,1,0,11
Dougherty,Lamar Reese Elementary School,Lieutenant Governor,,L,Ryan Graham,3,1,0,0,2
Dougherty,ASU East Campus - Lovett Hall ,Lieutenant Governor,,L,Ryan Graham,3,0,0,0,3
Dougherty,Sherwood Elementary School,Secretary of State,,Rep,Brad Raffensperger ,534,155,29,0,350
Dougherty,Covenant Church,Secretary of State,,Rep,Brad Raffensperger ,492,157,16,0,319
Dougherty,Greenbriar Church,Secretary of State,,Rep,Brad Raffensperger ,1279,635,61,0,583
Dougherty,Westover High School,Secretary of State,,Rep,Brad Raffensperger ,1382,688,89,0,605
Dougherty,Merry Acres Middle,Secretary of State,,Rep,Brad Raffensperger ,702,257,31,0,414
Dougherty,ASU West Campus,Secretary of State,,Rep,Brad Raffensperger ,452,218,28,0,206
Dougherty,Westown Elementary School,Secretary of State,,Rep,Brad Raffensperger ,124,73,5,0,46
Dougherty,2nd Mt. Zion Church,Secretary of State,,Rep,Brad Raffensperger ,446,102,21,0,323
Dougherty,Mt. Zion Center ,Secretary of State,,Rep,Brad Raffensperger ,76,29,8,0,39
Dougherty,Alice Coachman Elementary,Secretary of State,,Rep,Brad Raffensperger ,23,8,1,0,14
Dougherty,Driskell Community Center,Secretary of State,,Rep,Brad Raffensperger ,38,14,2,0,22
Dougherty,Shiloh Baptist Church,Secretary of State,,Rep,Brad Raffensperger ,37,13,4,0,20
Dougherty,Litman Cathedral,Secretary of State,,Rep,Brad Raffensperger ,38,17,5,0,16
Dougherty,Phoebe Healthworks,Secretary of State,,Rep,Brad Raffensperger ,744,324,37,2,381
Dougherty,Turner Elementary School,Secretary of State,,Rep,Brad Raffensperger ,17,5,2,0,10
Dougherty,Robert H. Harvey Elementary,Secretary of State,,Rep,Brad Raffensperger ,50,24,1,0,25
Dougherty,Bill Miller Community Center,Secretary of State,,Rep,Brad Raffensperger ,93,35,2,0,56
Dougherty,Radium Middle School,Secretary of State,,Rep,Brad Raffensperger ,104,28,9,0,67
Dougherty,Putney 1st Baptist Church,Secretary of State,,Rep,Brad Raffensperger ,638,131,14,0,493
Dougherty,International Studies,Secretary of State,,Rep,Brad Raffensperger ,194,59,12,1,122
Dougherty,Phoebe East ,Secretary of State,,Rep,Brad Raffensperger ,151,48,11,0,92
Dougherty,Pine Bluff Baptist Church,Secretary of State,,Rep,Brad Raffensperger ,354,103,20,0,231
Dougherty,Albany Middle School,Secretary of State,,Rep,Brad Raffensperger ,83,25,10,0,48
Dougherty,Christ Church,Secretary of State,,Rep,Brad Raffensperger ,872,263,32,0,577
Dougherty,Lamar Reese Elementary School,Secretary of State,,Rep,Brad Raffensperger ,67,22,7,0,38
Dougherty,ASU East Campus - Lovett Hall ,Secretary of State,,Rep,Brad Raffensperger ,6,0,0,0,6
Dougherty,Sherwood Elementary School,Secretary of State,,Dem,Bee Nguyen,782,381,44,0,357
Dougherty,Covenant Church,Secretary of State,,Dem,Bee Nguyen,499,239,34,0,226
Dougherty,Greenbriar Church,Secretary of State,,Dem,Bee Nguyen,1155,726,70,0,359
Dougherty,Westover High School,Secretary of State,,Dem,Bee Nguyen,1445,860,102,0,483
Dougherty,Merry Acres Middle,Secretary of State,,Dem,Bee Nguyen,552,281,31,0,240
Dougherty,ASU West Campus,Secretary of State,,Dem,Bee Nguyen,1403,800,129,1,473
Dougherty,Westown Elementary School,Secretary of State,,Dem,Bee Nguyen,1283,637,140,0,506
Dougherty,2nd Mt. Zion Church,Secretary of State,,Dem,Bee Nguyen,321,150,30,0,141
Dougherty,Mt. Zion Center ,Secretary of State,,Dem,Bee Nguyen,1160,526,143,2,489
Dougherty,Alice Coachman Elementary,Secretary of State,,Dem,Bee Nguyen,366,175,37,0,154
Dougherty,Driskell Community Center,Secretary of State,,Dem,Bee Nguyen,439,157,41,0,241
Dougherty,Shiloh Baptist Church,Secretary of State,,Dem,Bee Nguyen,410,165,30,1,214
Dougherty,Litman Cathedral,Secretary of State,,Dem,Bee Nguyen,458,191,41,0,226
Dougherty,Phoebe Healthworks,Secretary of State,,Dem,Bee Nguyen,798,397,89,0,312
Dougherty,Turner Elementary School,Secretary of State,,Dem,Bee Nguyen,145,58,13,0,74
Dougherty,Robert H. Harvey Elementary,Secretary of State,,Dem,Bee Nguyen,713,318,70,1,324
Dougherty,Bill Miller Community Center,Secretary of State,,Dem,Bee Nguyen,656,318,43,0,295
Dougherty,Radium Middle School,Secretary of State,,Dem,Bee Nguyen,240,130,14,0,96
Dougherty,Putney 1st Baptist Church,Secretary of State,,Dem,Bee Nguyen,666,329,42,0,295
Dougherty,International Studies,Secretary of State,,Dem,Bee Nguyen,381,203,43,1,134
Dougherty,Phoebe East ,Secretary of State,,Dem,Bee Nguyen,710,328,60,2,320
Dougherty,Pine Bluff Baptist Church,Secretary of State,,Dem,Bee Nguyen,663,328,51,0,284
Dougherty,Albany Middle School,Secretary of State,,Dem,Bee Nguyen,565,243,59,1,262
Dougherty,Christ Church,Secretary of State,,Dem,Bee Nguyen,450,279,49,0,122
Dougherty,Lamar Reese Elementary School,Secretary of State,,Dem,Bee Nguyen,487,232,54,0,201
Dougherty,ASU East Campus - Lovett Hall ,Secretary of State,,Dem,Bee Nguyen,160,72,5,0,83
Dougherty,Sherwood Elementary School,Secretary of State,,L,Ted Metz,25,8,1,0,16
Dougherty,Covenant Church,Secretary of State,,L,Ted Metz,13,5,0,0,8
Dougherty,Greenbriar Church,Secretary of State,,L,Ted Metz,43,15,2,0,26
Dougherty,Westover High School,Secretary of State,,L,Ted Metz,50,23,4,0,23
Dougherty,Merry Acres Middle,Secretary of State,,L,Ted Metz,21,8,1,0,12
Dougherty,ASU West Campus,Secretary of State,,L,Ted Metz,21,10,0,0,11
Dougherty,Westown Elementary School,Secretary of State,,L,Ted Metz,11,3,0,0,8
Dougherty,2nd Mt. Zion Church,Secretary of State,,L,Ted Metz,14,1,1,0,12
Dougherty,Mt. Zion Center ,Secretary of State,,L,Ted Metz,18,11,0,0,7
Dougherty,Alice Coachman Elementary,Secretary of State,,L,Ted Metz,2,1,0,0,1
Dougherty,Driskell Community Center,Secretary of State,,L,Ted Metz,3,0,0,0,3
Dougherty,Shiloh Baptist Church,Secretary of State,,L,Ted Metz,3,2,0,0,1
Dougherty,Litman Cathedral,Secretary of State,,L,Ted Metz,10,2,0,0,8
Dougherty,Phoebe Healthworks,Secretary of State,,L,Ted Metz,38,8,1,0,29
Dougherty,Turner Elementary School,Secretary of State,,L,Ted Metz,2,1,0,0,1
Dougherty,Robert H. Harvey Elementary,Secretary of State,,L,Ted Metz,8,0,2,0,6
Dougherty,Bill Miller Community Center,Secretary of State,,L,Ted Metz,11,4,1,0,6
Dougherty,Radium Middle School,Secretary of State,,L,Ted Metz,1,0,0,0,1
Dougherty,Putney 1st Baptist Church,Secretary of State,,L,Ted Metz,31,7,2,0,22
Dougherty,International Studies,Secretary of State,,L,Ted Metz,7,0,0,0,7
Dougherty,Phoebe East ,Secretary of State,,L,Ted Metz,18,3,1,0,14
Dougherty,Pine Bluff Baptist Church,Secretary of State,,L,Ted Metz,15,3,0,0,12
Dougherty,Albany Middle School,Secretary of State,,L,Ted Metz,10,2,1,0,7
Dougherty,Christ Church,Secretary of State,,L,Ted Metz,20,9,1,0,10
Dougherty,Lamar Reese Elementary School,Secretary of State,,L,Ted Metz,4,2,0,0,2
Dougherty,ASU East Campus - Lovett Hall ,Secretary of State,,L,Ted Metz,5,2,0,0,3
Dougherty,Sherwood Elementary School,Attorney General,,Rep,Chris Carr ,513,141,27,0,345
Dougherty,Covenant Church,Attorney General,,Rep,Chris Carr ,476,147,14,0,315
Dougherty,Greenbriar Church,Attorney General,,Rep,Chris Carr ,1219,578,56,0,585
Dougherty,Westover High School,Attorney General,,Rep,Chris Carr ,1349,660,84,0,605
Dougherty,Merry Acres Middle,Attorney General,,Rep,Chris Carr ,655,231,29,0,395
Dougherty,ASU West Campus,Attorney General,,Rep,Chris Carr ,405,175,24,0,206
Dougherty,Westown Elementary School,Attorney General,,Rep,Chris Carr ,77,39,2,0,36
Dougherty,2nd Mt. Zion Church,Attorney General,,Rep,Chris Carr ,440,101,20,0,319
Dougherty,Mt. Zion Center ,Attorney General,,Rep,Chris Carr ,50,17,4,0,29
Dougherty,Alice Coachman Elementary,Attorney General,,Rep,Chris Carr ,15,2,1,0,12
Dougherty,Driskell Community Center,Attorney General,,Rep,Chris Carr ,22,9,0,0,13
Dougherty,Shiloh Baptist Church,Attorney General,,Rep,Chris Carr ,21,6,3,0,12
Dougherty,Litman Cathedral,Attorney General,,Rep,Chris Carr ,25,9,2,0,14
Dougherty,Phoebe Healthworks,Attorney General,,Rep,Chris Carr ,725,305,27,2,391
Dougherty,Turner Elementary School,Attorney General,,Rep,Chris Carr ,10,2,1,0,7
Dougherty,Robert H. Harvey Elementary,Attorney General,,Rep,Chris Carr ,31,9,0,0,22
Dougherty,Bill Miller Community Center,Attorney General,,Rep,Chris Carr ,76,31,1,0,44
Dougherty,Radium Middle School,Attorney General,,Rep,Chris Carr ,93,25,7,0,61
Dougherty,Putney 1st Baptist Church,Attorney General,,Rep,Chris Carr ,641,127,13,0,501
Dougherty,International Studies,Attorney General,,Rep,Chris Carr ,177,50,8,2,117
Dougherty,Phoebe East ,Attorney General,,Rep,Chris Carr ,127,36,8,0,83
Dougherty,Pine Bluff Baptist Church,Attorney General,,Rep,Chris Carr ,328,84,15,0,229
Dougherty,Albany Middle School,Attorney General,,Rep,Chris Carr ,58,15,7,0,36
Dougherty,Christ Church,Attorney General,,Rep,Chris Carr ,847,250,27,0,570
Dougherty,Lamar Reese Elementary School,Attorney General,,Rep,Chris Carr ,34,6,2,0,26
Dougherty,ASU East Campus - Lovett Hall ,Attorney General,,Rep,Chris Carr ,10,2,0,0,8
Dougherty,Sherwood Elementary School,Attorney General,,Dem,"Jennifer """"Jen"""" Jordan",820,403,48,0,369
Dougherty,Covenant Church,Attorney General,,Dem,"Jennifer """"Jen"""" Jordan",520,247,36,0,237
Dougherty,Greenbriar Church,Attorney General,,Dem,"Jennifer """"Jen"""" Jordan",1246,793,76,0,377
Dougherty,Westover High School,Attorney General,,Dem,"Jennifer """"Jen"""" Jordan",1500,901,107,0,492
Dougherty,Merry Acres Middle,Attorney General,,Dem,"Jennifer """"Jen"""" Jordan",616,312,33,0,271
Dougherty,ASU West Campus,Attorney General,,Dem,"Jennifer """"Jen"""" Jordan",1461,850,134,1,476
Dougherty,Westown Elementary School,Attorney General,,Dem,"Jennifer """"Jen"""" Jordan",1332,669,143,0,520
Dougherty,2nd Mt. Zion Church,Attorney General,,Dem,"Jennifer """"Jen"""" Jordan",337,155,31,0,151
Dougherty,Mt. Zion Center ,Attorney General,,Dem,"Jennifer """"Jen"""" Jordan",1211,551,147,2,511
Dougherty,Alice Coachman Elementary,Attorney General,,Dem,"Jennifer """"Jen"""" Jordan",370,178,37,0,155
Dougherty,Driskell Community Center,Attorney General,,Dem,"Jennifer """"Jen"""" Jordan",456,163,43,0,250
Dougherty,Shiloh Baptist Church,Attorney General,,Dem,"Jennifer """"Jen"""" Jordan",419,167,32,1,219
Dougherty,Litman Cathedral,Attorney General,,Dem,"Jennifer """"Jen"""" Jordan",481,202,43,0,236
Dougherty,Phoebe Healthworks,Attorney General,,Dem,"Jennifer """"Jen"""" Jordan",851,424,99,0,328
Dougherty,Turner Elementary School,Attorney General,,Dem,"Jennifer """"Jen"""" Jordan",152,60,14,0,78
Dougherty,Robert H. Harvey Elementary,Attorney General,,Dem,"Jennifer """"Jen"""" Jordan",749,338,73,1,337
Dougherty,Bill Miller Community Center,Attorney General,,Dem,"Jennifer """"Jen"""" Jordan",681,330,45,0,306
Dougherty,Radium Middle School,Attorney General,,Dem,"Jennifer """"Jen"""" Jordan",251,130,16,0,105
Dougherty,Putney 1st Baptist Church,Attorney General,,Dem,"Jennifer """"Jen"""" Jordan",688,337,44,0,307
Dougherty,International Studies,Attorney General,,Dem,"Jennifer """"Jen"""" Jordan",400,210,48,0,142
Dougherty,Phoebe East ,Attorney General,,Dem,"Jennifer """"Jen"""" Jordan",741,340,62,2,337
Dougherty,Pine Bluff Baptist Church,Attorney General,,Dem,"Jennifer """"Jen"""" Jordan",702,353,54,0,295
Dougherty,Albany Middle School,Attorney General,,Dem,"Jennifer """"Jen"""" Jordan",597,253,67,1,276
Dougherty,Christ Church,Attorney General,,Dem,"Jennifer """"Jen"""" Jordan",489,300,56,0,133
Dougherty,Lamar Reese Elementary School,Attorney General,,Dem,"Jennifer """"Jen"""" Jordan",520,250,59,0,211
Dougherty,ASU East Campus - Lovett Hall ,Attorney General,,Dem,"Jennifer """"Jen"""" Jordan",158,70,5,0,83
Dougherty,Sherwood Elementary School,Attorney General,,L,Martin Cowen,17,4,1,0,12
Dougherty,Covenant Church,Attorney General,,L,Martin Cowen,10,7,0,0,3
Dougherty,Greenbriar Church,Attorney General,,L,Martin Cowen,16,8,1,0,7
Dougherty,Westover High School,Attorney General,,L,Martin Cowen,26,12,0,0,14
Dougherty,Merry Acres Middle,Attorney General,,L,Martin Cowen,10,2,1,0,7
Dougherty,ASU West Campus,Attorney General,,L,Martin Cowen,17,6,0,0,11
Dougherty,Westown Elementary School,Attorney General,,L,Martin Cowen,12,7,0,0,5
Dougherty,2nd Mt. Zion Church,Attorney General,,L,Martin Cowen,5,1,1,0,3
Dougherty,Mt. Zion Center ,Attorney General,,L,Martin Cowen,5,2,0,0,3
Dougherty,Alice Coachman Elementary,Attorney General,,L,Martin Cowen,5,4,0,0,1
Dougherty,Driskell Community Center,Attorney General,,L,Martin Cowen,4,1,0,0,3
Dougherty,Shiloh Baptist Church,Attorney General,,L,Martin Cowen,7,4,0,0,3
Dougherty,Litman Cathedral,Attorney General,,L,Martin Cowen,6,2,0,0,4
Dougherty,Phoebe Healthworks,Attorney General,,L,Martin Cowen,19,4,1,0,14
Dougherty,Turner Elementary School,Attorney General,,L,Martin Cowen,5,3,0,0,2
Dougherty,Robert H. Harvey Elementary,Attorney General,,L,Martin Cowen,6,0,1,0,5
Dougherty,Bill Miller Community Center,Attorney General,,L,Martin Cowen,5,0,0,0,5
Dougherty,Radium Middle School,Attorney General,,L,Martin Cowen,4,4,0,0,0
Dougherty,Putney 1st Baptist Church,Attorney General,,L,Martin Cowen,13,3,1,0,9
Dougherty,International Studies,Attorney General,,L,Martin Cowen,4,0,0,0,4
Dougherty,Phoebe East ,Attorney General,,L,Martin Cowen,10,2,1,0,7
Dougherty,Pine Bluff Baptist Church,Attorney General,,L,Martin Cowen,13,3,1,0,9
Dougherty,Albany Middle School,Attorney General,,L,Martin Cowen,3,0,0,0,3
Dougherty,Christ Church,Attorney General,,L,Martin Cowen,10,3,0,0,7
Dougherty,Lamar Reese Elementary School,Attorney General,,L,Martin Cowen,4,1,0,0,3
Dougherty,ASU East Campus - Lovett Hall ,Attorney General,,L,Martin Cowen,3,2,0,0,1
Dougherty,Sherwood Elementary School,Commissioner of Agriculture,,Rep,Tyler Harper,513,142,30,0,341
Dougherty,Covenant Church,Commissioner of Agriculture,,Rep,Tyler Harper,473,144,13,0,316
Dougherty,Greenbriar Church,Commissioner of Agriculture,,Rep,Tyler Harper,1235,593,60,0,582
Dougherty,Westover High School,Commissioner of Agriculture,,Rep,Tyler Harper,1341,651,84,0,606
Dougherty,Merry Acres Middle,Commissioner of Agriculture,,Rep,Tyler Harper,660,229,26,0,405
Dougherty,ASU West Campus,Commissioner of Agriculture,,Rep,Tyler Harper,397,171,23,0,203
Dougherty,Westown Elementary School,Commissioner of Agriculture,,Rep,Tyler Harper,64,28,2,0,34
Dougherty,2nd Mt. Zion Church,Commissioner of Agriculture,,Rep,Tyler Harper,438,95,20,0,323
Dougherty,Mt. Zion Center ,Commissioner of Agriculture,,Rep,Tyler Harper,35,13,1,0,21
Dougherty,Alice Coachman Elementary,Commissioner of Agriculture,,Rep,Tyler Harper,15,3,0,0,12
Dougherty,Driskell Community Center,Commissioner of Agriculture,,Rep,Tyler Harper,20,8,0,0,12
Dougherty,Shiloh Baptist Church,Commissioner of Agriculture,,Rep,Tyler Harper,22,9,3,0,10
Dougherty,Litman Cathedral,Commissioner of Agriculture,,Rep,Tyler Harper,23,7,1,0,15
Dougherty,Phoebe Healthworks,Commissioner of Agriculture,,Rep,Tyler Harper,723,304,29,2,388
Dougherty,Turner Elementary School,Commissioner of Agriculture,,Rep,Tyler Harper,12,2,2,0,8
Dougherty,Robert H. Harvey Elementary,Commissioner of Agriculture,,Rep,Tyler Harper,23,7,0,0,16
Dougherty,Bill Miller Community Center,Commissioner of Agriculture,,Rep,Tyler Harper,60,20,1,0,39
Dougherty,Radium Middle School,Commissioner of Agriculture,,Rep,Tyler Harper,94,27,7,0,60
Dougherty,Putney 1st Baptist Church,Commissioner of Agriculture,,Rep,Tyler Harper,647,126,13,0,508
Dougherty,International Studies,Commissioner of Agriculture,,Rep,Tyler Harper,175,48,8,1,118
Dougherty,Phoebe East ,Commissioner of Agriculture,,Rep,Tyler Harper,123,31,6,0,86
Dougherty,Pine Bluff Baptist Church,Commissioner of Agriculture,,Rep,Tyler Harper,320,82,14,0,224
Dougherty,Albany Middle School,Commissioner of Agriculture,,Rep,Tyler Harper,59,17,6,0,36
Dougherty,Christ Church,Commissioner of Agriculture,,Rep,Tyler Harper,863,258,29,0,576
Dougherty,Lamar Reese Elementary School,Commissioner of Agriculture,,Rep,Tyler Harper,33,5,2,0,26
Dougherty,ASU East Campus - Lovett Hall ,Commissioner of Agriculture,,Rep,Tyler Harper,8,0,0,0,8
Dougherty,Sherwood Elementary School,Commissioner of Agriculture,,Dem,Nakita Hemingway,814,398,46,0,370
Dougherty,Covenant Church,Commissioner of Agriculture,,Dem,Nakita Hemingway,513,252,35,0,226
Dougherty,Greenbriar Church,Commissioner of Agriculture,,Dem,Nakita Hemingway,1219,775,70,0,374
Dougherty,Westover High School,Commissioner of Agriculture,,Dem,Nakita Hemingway,1478,895,103,0,480
Dougherty,Merry Acres Middle,Commissioner of Agriculture,,Dem,Nakita Hemingway,596,308,33,0,255
Dougherty,ASU West Campus,Commissioner of Agriculture,,Dem,Nakita Hemingway,1452,845,132,1,474
Dougherty,Westown Elementary School,Commissioner of Agriculture,,Dem,Nakita Hemingway,1330,670,144,0,516
Dougherty,2nd Mt. Zion Church,Commissioner of Agriculture,,Dem,Nakita Hemingway,335,157,32,0,146
Dougherty,Mt. Zion Center ,Commissioner of Agriculture,,Dem,Nakita Hemingway,1199,546,146,2,505
Dougherty,Alice Coachman Elementary,Commissioner of Agriculture,,Dem,Nakita Hemingway,369,177,37,0,155
Dougherty,Driskell Community Center,Commissioner of Agriculture,,Dem,Nakita Hemingway,457,162,43,0,252
Dougherty,Shiloh Baptist Church,Commissioner of Agriculture,,Dem,Nakita Hemingway,417,166,32,1,218
Dougherty,Litman Cathedral,Commissioner of Agriculture,,Dem,Nakita Hemingway,477,201,42,0,234
Dougherty,Phoebe Healthworks,Commissioner of Agriculture,,Dem,Nakita Hemingway,831,413,94,0,324
Dougherty,Turner Elementary School,Commissioner of Agriculture,,Dem,Nakita Hemingway,153,63,13,0,77
Dougherty,Robert H. Harvey Elementary,Commissioner of Agriculture,,Dem,Nakita Hemingway,742,331,70,1,340
Dougherty,Bill Miller Community Center,Commissioner of Agriculture,,Dem,Nakita Hemingway,689,336,45,0,308
Dougherty,Radium Middle School,Commissioner of Agriculture,,Dem,Nakita Hemingway,244,129,16,0,99
Dougherty,Putney 1st Baptist Church,Commissioner of Agriculture,,Dem,Nakita Hemingway,670,338,43,0,289
Dougherty,International Studies,Commissioner of Agriculture,,Dem,Nakita Hemingway,401,211,48,1,141
Dougherty,Phoebe East ,Commissioner of Agriculture,,Dem,Nakita Hemingway,738,340,65,2,331
Dougherty,Pine Bluff Baptist Church,Commissioner of Agriculture,,Dem,Nakita Hemingway,701,352,55,0,294
Dougherty,Albany Middle School,Commissioner of Agriculture,,Dem,Nakita Hemingway,589,247,67,1,274
Dougherty,Christ Church,Commissioner of Agriculture,,Dem,Nakita Hemingway,458,288,53,0,117
Dougherty,Lamar Reese Elementary School,Commissioner of Agriculture,,Dem,Nakita Hemingway,520,249,59,0,212
Dougherty,ASU East Campus - Lovett Hall ,Commissioner of Agriculture,,Dem,Nakita Hemingway,158,73,5,0,80
Dougherty,Sherwood Elementary School,Commissioner of Agriculture,,L,David Raudabaugh,21,6,0,0,15
Dougherty,Covenant Church,Commissioner of Agriculture,,L,David Raudabaugh,18,5,2,0,11
Dougherty,Greenbriar Church,Commissioner of Agriculture,,L,David Raudabaugh,25,10,4,0,11
Dougherty,Westover High School,Commissioner of Agriculture,,L,David Raudabaugh,50,22,3,0,25
Dougherty,Merry Acres Middle,Commissioner of Agriculture,,L,David Raudabaugh,14,5,0,0,9
Dougherty,ASU West Campus,Commissioner of Agriculture,,L,David Raudabaugh,28,12,1,0,15
Dougherty,Westown Elementary School,Commissioner of Agriculture,,L,David Raudabaugh,28,18,0,0,10
Dougherty,2nd Mt. Zion Church,Commissioner of Agriculture,,L,David Raudabaugh,3,3,0,0,0
Dougherty,Mt. Zion Center ,Commissioner of Agriculture,,L,David Raudabaugh,26,10,3,0,13
Dougherty,Alice Coachman Elementary,Commissioner of Agriculture,,L,David Raudabaugh,5,4,0,0,1
Dougherty,Driskell Community Center,Commissioner of Agriculture,,L,David Raudabaugh,6,2,0,0,4
Dougherty,Shiloh Baptist Church,Commissioner of Agriculture,,L,David Raudabaugh,6,2,0,0,4
Dougherty,Litman Cathedral,Commissioner of Agriculture,,L,David Raudabaugh,8,3,1,0,4
Dougherty,Phoebe Healthworks,Commissioner of Agriculture,,L,David Raudabaugh,31,12,2,0,17
Dougherty,Turner Elementary School,Commissioner of Agriculture,,L,David Raudabaugh,3,1,0,0,2
Dougherty,Robert H. Harvey Elementary,Commissioner of Agriculture,,L,David Raudabaugh,14,6,2,0,6
Dougherty,Bill Miller Community Center,Commissioner of Agriculture,,L,David Raudabaugh,13,5,0,0,8
Dougherty,Radium Middle School,Commissioner of Agriculture,,L,David Raudabaugh,5,1,0,0,4
Dougherty,Putney 1st Baptist Church,Commissioner of Agriculture,,L,David Raudabaugh,18,4,1,0,13
Dougherty,International Studies,Commissioner of Agriculture,,L,David Raudabaugh,4,0,0,0,4
Dougherty,Phoebe East ,Commissioner of Agriculture,,L,David Raudabaugh,15,7,0,0,8
Dougherty,Pine Bluff Baptist Church,Commissioner of Agriculture,,L,David Raudabaugh,16,4,0,0,12
Dougherty,Albany Middle School,Commissioner of Agriculture,,L,David Raudabaugh,12,6,0,0,6
Dougherty,Christ Church,Commissioner of Agriculture,,L,David Raudabaugh,20,5,0,0,15
Dougherty,Lamar Reese Elementary School,Commissioner of Agriculture,,L,David Raudabaugh,5,1,0,0,4
Dougherty,ASU East Campus - Lovett Hall ,Commissioner of Agriculture,,L,David Raudabaugh,4,0,0,0,4
Dougherty,Sherwood Elementary School,Commissioner of Insurance,,Rep,John King ,528,143,28,0,357
Dougherty,Covenant Church,Commissioner of Insurance,,Rep,John King ,475,141,14,0,320
Dougherty,Greenbriar Church,Commissioner of Insurance,,Rep,John King ,1252,603,61,0,588
Dougherty,Westover High School,Commissioner of Insurance,,Rep,John King ,1371,672,82,0,617
Dougherty,Merry Acres Middle,Commissioner of Insurance,,Rep,John King ,660,232,24,0,404
Dougherty,ASU West Campus,Commissioner of Insurance,,Rep,John King ,411,181,24,0,206
Dougherty,Westown Elementary School,Commissioner of Insurance,,Rep,John King ,80,41,2,0,37
Dougherty,2nd Mt. Zion Church,Commissioner of Insurance,,Rep,John King ,441,101,21,0,319
Dougherty,Mt. Zion Center ,Commissioner of Insurance,,Rep,John King ,42,14,2,0,26
Dougherty,Alice Coachman Elementary,Commissioner of Insurance,,Rep,John King ,13,1,1,0,11
Dougherty,Driskell Community Center,Commissioner of Insurance,,Rep,John King ,26,7,1,0,18
Dougherty,Shiloh Baptist Church,Commissioner of Insurance,,Rep,John King ,27,7,3,0,17
Dougherty,Litman Cathedral,Commissioner of Insurance,,Rep,John King ,28,9,2,0,17
Dougherty,Phoebe Healthworks,Commissioner of Insurance,,Rep,John King ,736,304,30,2,400
Dougherty,Turner Elementary School,Commissioner of Insurance,,Rep,John King ,9,2,1,0,6
Dougherty,Robert H. Harvey Elementary,Commissioner of Insurance,,Rep,John King ,27,8,0,0,19
Dougherty,Bill Miller Community Center,Commissioner of Insurance,,Rep,John King ,75,28,1,0,46
Dougherty,Radium Middle School,Commissioner of Insurance,,Rep,John King ,97,26,7,0,64
Dougherty,Putney 1st Baptist Church,Commissioner of Insurance,,Rep,John King ,650,128,12,0,510
Dougherty,International Studies,Commissioner of Insurance,,Rep,John King ,178,51,8,1,118
Dougherty,Phoebe East ,Commissioner of Insurance,,Rep,John King ,123,30,7,0,86
Dougherty,Pine Bluff Baptist Church,Commissioner of Insurance,,Rep,John King ,336,86,18,0,232
Dougherty,Albany Middle School,Commissioner of Insurance,,Rep,John King ,60,14,7,0,39
Dougherty,Christ Church,Commissioner of Insurance,,Rep,John King ,855,249,28,0,578
Dougherty,Lamar Reese Elementary School,Commissioner of Insurance,,Rep,John King ,37,6,2,0,29
Dougherty,ASU East Campus - Lovett Hall ,Commissioner of Insurance,,Rep,John King ,8,0,0,0,8
Dougherty,Sherwood Elementary School,Commissioner of Insurance,,Dem,Janice Laws Robinson,815,401,47,0,367
Dougherty,Covenant Church,Commissioner of Insurance,,Dem,Janice Laws Robinson,525,260,36,0,229
Dougherty,Greenbriar Church,Commissioner of Insurance,,Dem,Janice Laws Robinson,1223,773,73,0,377
Dougherty,Westover High School,Commissioner of Insurance,,Dem,Janice Laws Robinson,1492,894,107,0,491
Dougherty,Merry Acres Middle,Commissioner of Insurance,,Dem,Janice Laws Robinson,611,312,36,0,263
Dougherty,ASU West Campus,Commissioner of Insurance,,Dem,Janice Laws Robinson,1454,841,130,1,482
Dougherty,Westown Elementary School,Commissioner of Insurance,,Dem,Janice Laws Robinson,1336,671,143,0,522
Dougherty,2nd Mt. Zion Church,Commissioner of Insurance,,Dem,Janice Laws Robinson,333,154,30,0,149
Dougherty,Mt. Zion Center ,Commissioner of Insurance,,Dem,Janice Laws Robinson,1215,549,148,2,516
Dougherty,Alice Coachman Elementary,Commissioner of Insurance,,Dem,Janice Laws Robinson,376,183,36,0,157
Dougherty,Driskell Community Center,Commissioner of Insurance,,Dem,Janice Laws Robinson,455,163,42,0,250
Dougherty,Shiloh Baptist Church,Commissioner of Insurance,,Dem,Janice Laws Robinson,417,171,31,1,214
Dougherty,Litman Cathedral,Commissioner of Insurance,,Dem,Janice Laws Robinson,481,202,42,0,237
Dougherty,Phoebe Healthworks,Commissioner of Insurance,,Dem,Janice Laws Robinson,843,422,96,0,325
Dougherty,Turner Elementary School,Commissioner of Insurance,,Dem,Janice Laws Robinson,156,62,14,0,80
Dougherty,Robert H. Harvey Elementary,Commissioner of Insurance,,Dem,Janice Laws Robinson,749,338,70,1,340
Dougherty,Bill Miller Community Center,Commissioner of Insurance,,Dem,Janice Laws Robinson,688,334,45,0,309
Dougherty,Radium Middle School,Commissioner of Insurance,,Dem,Janice Laws Robinson,247,132,16,0,99
Dougherty,Putney 1st Baptist Church,Commissioner of Insurance,,Dem,Janice Laws Robinson,683,340,45,0,298
Dougherty,International Studies,Commissioner of Insurance,,Dem,Janice Laws Robinson,403,209,47,1,146
Dougherty,Phoebe East ,Commissioner of Insurance,,Dem,Janice Laws Robinson,752,347,64,2,339
Dougherty,Pine Bluff Baptist Church,Commissioner of Insurance,,Dem,Janice Laws Robinson,695,351,52,0,292
Dougherty,Albany Middle School,Commissioner of Insurance,,Dem,Janice Laws Robinson,593,253,64,1,275
Dougherty,Christ Church,Commissioner of Insurance,,Dem,Janice Laws Robinson,484,301,55,0,128
Dougherty,Lamar Reese Elementary School,Commissioner of Insurance,,Dem,Janice Laws Robinson,521,251,57,0,213
Dougherty,ASU East Campus - Lovett Hall ,Commissioner of Insurance,,Dem,Janice Laws Robinson,161,73,5,0,83
Dougherty,Sherwood Elementary School,State School Superintendent,,Rep,Richard Woods ,528,143,28,0,357
Dougherty,Covenant Church,State School Superintendent,,Rep,Richard Woods ,485,151,13,0,321
Dougherty,Greenbriar Church,State School Superintendent,,Rep,Richard Woods ,1254,616,56,0,582
Dougherty,Westover High School,State School Superintendent,,Rep,Richard Woods ,1379,679,86,0,614
Dougherty,Merry Acres Middle,State School Superintendent,,Rep,Richard Woods ,666,240,28,0,398
Dougherty,ASU West Campus,State School Superintendent,,Rep,Richard Woods ,431,189,26,0,216
Dougherty,Westown Elementary School,State School Superintendent,,Rep,Richard Woods ,90,44,2,0,44
Dougherty,2nd Mt. Zion Church,State School Superintendent,,Rep,Richard Woods ,441,100,20,0,321
Dougherty,Mt. Zion Center ,State School Superintendent,,Rep,Richard Woods ,41,15,1,0,25
Dougherty,Alice Coachman Elementary,State School Superintendent,,Rep,Richard Woods ,14,2,2,0,10
Dougherty,Driskell Community Center,State School Superintendent,,Rep,Richard Woods ,16,4,0,0,12
Dougherty,Shiloh Baptist Church,State School Superintendent,,Rep,Richard Woods ,20,4,4,0,12
Dougherty,Litman Cathedral,State School Superintendent,,Rep,Richard Woods ,21,7,1,0,13
Dougherty,Phoebe Healthworks,State School Superintendent,,Rep,Richard Woods ,727,300,28,2,397
Dougherty,Turner Elementary School,State School Superintendent,,Rep,Richard Woods ,8,2,1,0,5
Dougherty,Robert H. Harvey Elementary,State School Superintendent,,Rep,Richard Woods ,30,12,0,0,18
Dougherty,Bill Miller Community Center,State School Superintendent,,Rep,Richard Woods ,76,28,2,0,46
Dougherty,Radium Middle School,State School Superintendent,,Rep,Richard Woods ,97,25,7,0,65
Dougherty,Putney 1st Baptist Church,State School Superintendent,,Rep,Richard Woods ,648,128,13,0,507
Dougherty,International Studies,State School Superintendent,,Rep,Richard Woods ,187,55,11,1,120
Dougherty,Phoebe East ,State School Superintendent,,Rep,Richard Woods ,135,35,7,0,93
Dougherty,Pine Bluff Baptist Church,State School Superintendent,,Rep,Richard Woods ,327,89,14,0,224
Dougherty,Albany Middle School,State School Superintendent,,Rep,Richard Woods ,68,17,6,0,45
Dougherty,Christ Church,State School Superintendent,,Rep,Richard Woods ,858,253,27,0,578
Dougherty,Lamar Reese Elementary School,State School Superintendent,,Rep,Richard Woods ,44,9,2,0,33
Dougherty,ASU East Campus - Lovett Hall ,State School Superintendent,,Rep,Richard Woods ,9,2,0,0,7
Dougherty,Sherwood Elementary School,State School Superintendent,,Dem,Alisha Thomas Searcy,817,400,48,0,369
Dougherty,Covenant Church,State School Superintendent,,Dem,Alisha Thomas Searcy,519,252,37,0,230
Dougherty,Greenbriar Church,State School Superintendent,,Dem,Alisha Thomas Searcy,1221,762,73,0,386
Dougherty,Westover High School,State School Superintendent,,Dem,Alisha Thomas Searcy,1483,886,105,0,492
Dougherty,Merry Acres Middle,State School Superintendent,,Dem,Alisha Thomas Searcy,604,306,33,0,265
Dougherty,ASU West Campus,State School Superintendent,,Dem,Alisha Thomas Searcy,1443,837,128,1,477
Dougherty,Westown Elementary School,State School Superintendent,,Dem,Alisha Thomas Searcy,1335,673,144,0,518
Dougherty,2nd Mt. Zion Church,State School Superintendent,,Dem,Alisha Thomas Searcy,335,155,31,0,149
Dougherty,Mt. Zion Center ,State School Superintendent,,Dem,Alisha Thomas Searcy,1222,555,149,2,516
Dougherty,Alice Coachman Elementary,State School Superintendent,,Dem,Alisha Thomas Searcy,378,184,36,0,158
Dougherty,Driskell Community Center,State School Superintendent,,Dem,Alisha Thomas Searcy,468,169,43,0,256
Dougherty,Shiloh Baptist Church,State School Superintendent,,Dem,Alisha Thomas Searcy,426,171,32,1,222
Dougherty,Litman Cathedral,State School Superintendent,,Dem,Alisha Thomas Searcy,484,204,42,0,238
Dougherty,Phoebe Healthworks,State School Superintendent,,Dem,Alisha Thomas Searcy,852,427,95,0,330
Dougherty,Turner Elementary School,State School Superintendent,,Dem,Alisha Thomas Searcy,159,63,14,0,82
Dougherty,Robert H. Harvey Elementary,State School Superintendent,,Dem,Alisha Thomas Searcy,752,334,74,1,343
Dougherty,Bill Miller Community Center,State School Superintendent,,Dem,Alisha Thomas Searcy,690,334,44,0,312
Dougherty,Radium Middle School,State School Superintendent,,Dem,Alisha Thomas Searcy,249,134,16,0,99
Dougherty,Putney 1st Baptist Church,State School Superintendent,,Dem,Alisha Thomas Searcy,686,339,44,0,303
Dougherty,International Studies,State School Superintendent,,Dem,Alisha Thomas Searcy,395,206,45,1,143
Dougherty,Phoebe East ,State School Superintendent,,Dem,Alisha Thomas Searcy,743,342,64,2,335
Dougherty,Pine Bluff Baptist Church,State School Superintendent,,Dem,Alisha Thomas Searcy,708,352,54,0,302
Dougherty,Albany Middle School,State School Superintendent,,Dem,Alisha Thomas Searcy,597,253,67,1,276
Dougherty,Christ Church,State School Superintendent,,Dem,Alisha Thomas Searcy,482,298,56,0,128
Dougherty,Lamar Reese Elementary School,State School Superintendent,,Dem,Alisha Thomas Searcy,515,248,59,0,208
Dougherty,ASU East Campus - Lovett Hall ,State School Superintendent,,Dem,Alisha Thomas Searcy,161,71,5,0,85
Dougherty,Sherwood Elementary School,Commissioner of Labor,,Rep,Bruce Thompson,501,138,24,0,339
Dougherty,Covenant Church,Commissioner of Labor,,Rep,Bruce Thompson,463,138,13,0,312
Dougherty,Greenbriar Church,Commissioner of Labor,,Rep,Bruce Thompson,1214,581,55,0,578
Dougherty,Westover High School,Commissioner of Labor,,Rep,Bruce Thompson,1321,652,78,0,591
Dougherty,Merry Acres Middle,Commissioner of Labor,,Rep,Bruce Thompson,642,220,26,0,396
Dougherty,ASU West Campus,Commissioner of Labor,,Rep,Bruce Thompson,392,174,23,0,195
Dougherty,Westown Elementary School,Commissioner of Labor,,Rep,Bruce Thompson,63,30,2,0,31
Dougherty,2nd Mt. Zion Church,Commissioner of Labor,,Rep,Bruce Thompson,431,93,20,0,318
Dougherty,Mt. Zion Center ,Commissioner of Labor,,Rep,Bruce Thompson,34,13,2,0,19
Dougherty,Alice Coachman Elementary,Commissioner of Labor,,Rep,Bruce Thompson,10,1,0,0,9
Dougherty,Driskell Community Center,Commissioner of Labor,,Rep,Bruce Thompson,18,7,0,0,11
Dougherty,Shiloh Baptist Church,Commissioner of Labor,,Rep,Bruce Thompson,17,6,3,0,8
Dougherty,Litman Cathedral,Commissioner of Labor,,Rep,Bruce Thompson,16,5,1,0,10
Dougherty,Phoebe Healthworks,Commissioner of Labor,,Rep,Bruce Thompson,720,306,27,2,385
Dougherty,Turner Elementary School,Commissioner of Labor,,Rep,Bruce Thompson,10,2,2,0,6
Dougherty,Robert H. Harvey Elementary,Commissioner of Labor,,Rep,Bruce Thompson,23,6,0,0,17
Dougherty,Bill Miller Community Center,Commissioner of Labor,,Rep,Bruce Thompson,63,23,0,0,40
Dougherty,Radium Middle School,Commissioner of Labor,,Rep,Bruce Thompson,92,26,7,0,59
Dougherty,Putney 1st Baptist Church,Commissioner of Labor,,Rep,Bruce Thompson,629,125,13,0,491
Dougherty,International Studies,Commissioner of Labor,,Rep,Bruce Thompson,176,49,9,1,117
Dougherty,Phoebe East ,Commissioner of Labor,,Rep,Bruce Thompson,118,34,5,0,79
Dougherty,Pine Bluff Baptist Church,Commissioner of Labor,,Rep,Bruce Thompson,312,80,14,0,218
Dougherty,Albany Middle School,Commissioner of Labor,,Rep,Bruce Thompson,54,13,6,0,35
Dougherty,Christ Church,Commissioner of Labor,,Rep,Bruce Thompson,837,246,27,0,564
Dougherty,Lamar Reese Elementary School,Commissioner of Labor,,Rep,Bruce Thompson,36,7,2,0,27
Dougherty,ASU East Campus - Lovett Hall ,Commissioner of Labor,,Rep,Bruce Thompson,8,1,0,0,7
Dougherty,Sherwood Elementary School,Commissioner of Labor,,Dem,"William """"Will"""" Boddie, Jr",814,394,50,0,370
Dougherty,Covenant Church,Commissioner of Labor,,Dem,"William """"Will"""" Boddie, Jr",519,253,36,0,230
Dougherty,Greenbriar Church,Commissioner of Labor,,Dem,"William """"Will"""" Boddie, Jr",1218,773,74,0,371
Dougherty,Westover High School,Commissioner of Labor,,Dem,"William """"Will"""" Boddie, Jr",1483,893,111,0,479
Dougherty,Merry Acres Middle,Commissioner of Labor,,Dem,"William """"Will"""" Boddie, Jr",612,313,34,0,265
Dougherty,ASU West Campus,Commissioner of Labor,,Dem,"William """"Will"""" Boddie, Jr",1456,843,132,1,480
Dougherty,Westown Elementary School,Commissioner of Labor,,Dem,"William """"Will"""" Boddie, Jr",1329,669,140,0,520
Dougherty,2nd Mt. Zion Church,Commissioner of Labor,,Dem,"William """"Will"""" Boddie, Jr",332,159,30,0,143
Dougherty,Mt. Zion Center ,Commissioner of Labor,,Dem,"William """"Will"""" Boddie, Jr",1196,546,147,2,501
Dougherty,Alice Coachman Elementary,Commissioner of Labor,,Dem,"William """"Will"""" Boddie, Jr",370,177,38,0,155
Dougherty,Driskell Community Center,Commissioner of Labor,,Dem,"William """"Will"""" Boddie, Jr",455,162,42,0,251
Dougherty,Shiloh Baptist Church,Commissioner of Labor,,Dem,"William """"Will"""" Boddie, Jr",420,165,33,1,221
Dougherty,Litman Cathedral,Commissioner of Labor,,Dem,"William """"Will"""" Boddie, Jr",480,200,43,0,237
Dougherty,Phoebe Healthworks,Commissioner of Labor,,Dem,"William """"Will"""" Boddie, Jr",825,414,96,0,315
Dougherty,Turner Elementary School,Commissioner of Labor,,Dem,"William """"Will"""" Boddie, Jr",153,61,13,0,79
Dougherty,Robert H. Harvey Elementary,Commissioner of Labor,,Dem,"William """"Will"""" Boddie, Jr",743,337,71,1,334
Dougherty,Bill Miller Community Center,Commissioner of Labor,,Dem,"William """"Will"""" Boddie, Jr",691,338,46,0,307
Dougherty,Radium Middle School,Commissioner of Labor,,Dem,"William """"Will"""" Boddie, Jr",248,129,16,0,103
Dougherty,Putney 1st Baptist Church,Commissioner of Labor,,Dem,"William """"Will"""" Boddie, Jr",680,338,43,0,299
Dougherty,International Studies,Commissioner of Labor,,Dem,"William """"Will"""" Boddie, Jr",398,211,46,0,141
Dougherty,Phoebe East ,Commissioner of Labor,,Dem,"William """"Will"""" Boddie, Jr",735,339,66,2,328
Dougherty,Pine Bluff Baptist Church,Commissioner of Labor,,Dem,"William """"Will"""" Boddie, Jr",701,345,55,0,301
Dougherty,Albany Middle School,Commissioner of Labor,,Dem,"William """"Will"""" Boddie, Jr",597,252,65,1,279
Dougherty,Christ Church,Commissioner of Labor,,Dem,"William """"Will"""" Boddie, Jr",484,299,54,0,131
Dougherty,Lamar Reese Elementary School,Commissioner of Labor,,Dem,"William """"Will"""" Boddie, Jr",513,244,59,0,210
Dougherty,ASU East Campus - Lovett Hall ,Commissioner of Labor,,Dem,"William """"Will"""" Boddie, Jr",157,70,5,0,82
Dougherty,Sherwood Elementary School,Commissioner of Labor,,L,Emily Anderson,30,13,1,0,16
Dougherty,Covenant Church,Commissioner of Labor,,L,Emily Anderson,17,8,1,0,8
Dougherty,Greenbriar Church,Commissioner of Labor,,L,Emily Anderson,34,17,2,0,15
Dougherty,Westover High School,Commissioner of Labor,,L,Emily Anderson,54,19,1,0,34
Dougherty,Merry Acres Middle,Commissioner of Labor,,L,Emily Anderson,16,8,2,0,6
Dougherty,ASU West Campus,Commissioner of Labor,,L,Emily Anderson,27,11,1,0,15
Dougherty,Westown Elementary School,Commissioner of Labor,,L,Emily Anderson,26,10,3,0,13
Dougherty,2nd Mt. Zion Church,Commissioner of Labor,,L,Emily Anderson,12,3,1,0,8
Dougherty,Mt. Zion Center ,Commissioner of Labor,,L,Emily Anderson,23,8,2,0,13
Dougherty,Alice Coachman Elementary,Commissioner of Labor,,L,Emily Anderson,11,7,0,0,4
Dougherty,Driskell Community Center,Commissioner of Labor,,L,Emily Anderson,8,1,0,0,7
Dougherty,Shiloh Baptist Church,Commissioner of Labor,,L,Emily Anderson,12,6,0,0,6
Dougherty,Litman Cathedral,Commissioner of Labor,,L,Emily Anderson,14,8,0,0,6
Dougherty,Phoebe Healthworks,Commissioner of Labor,,L,Emily Anderson,30,9,0,0,21
Dougherty,Turner Elementary School,Commissioner of Labor,,L,Emily Anderson,3,1,0,0,2
Dougherty,Robert H. Harvey Elementary,Commissioner of Labor,,L,Emily Anderson,13,3,1,0,9
Dougherty,Bill Miller Community Center,Commissioner of Labor,,L,Emily Anderson,10,2,0,0,8
Dougherty,Radium Middle School,Commissioner of Labor,,L,Emily Anderson,4,3,0,0,1
Dougherty,Putney 1st Baptist Church,Commissioner of Labor,,L,Emily Anderson,24,5,1,0,18
Dougherty,International Studies,Commissioner of Labor,,L,Emily Anderson,8,2,1,1,4
Dougherty,Phoebe East ,Commissioner of Labor,,L,Emily Anderson,19,5,0,0,14
Dougherty,Pine Bluff Baptist Church,Commissioner of Labor,,L,Emily Anderson,21,11,0,0,10
Dougherty,Albany Middle School,Commissioner of Labor,,L,Emily Anderson,8,4,0,0,4
Dougherty,Christ Church,Commissioner of Labor,,L,Emily Anderson,17,4,1,0,12
Dougherty,Lamar Reese Elementary School,Commissioner of Labor,,L,Emily Anderson,6,2,0,0,4
Dougherty,ASU East Campus - Lovett Hall ,Commissioner of Labor,,L,Emily Anderson,5,2,0,0,3
Dougherty,Sherwood Elementary School,U.S. House,,Rep,Chris West,469,134,19,0,316
Dougherty,Covenant Church,U.S. House,,Rep,Chris West,441,134,11,0,296
Dougherty,Greenbriar Church,U.S. House,,Rep,Chris West,1153,554,51,0,548
Dougherty,Westover High School,U.S. House,,Rep,Chris West,1235,609,74,0,552
Dougherty,Merry Acres Middle,U.S. House,,Rep,Chris West,583,206,21,0,356
Dougherty,ASU West Campus,U.S. House,,Rep,Chris West,372,159,20,0,193
Dougherty,Westown Elementary School,U.S. House,,Rep,Chris West,59,30,2,0,27
Dougherty,2nd Mt. Zion Church,U.S. House,,Rep,Chris West,414,96,18,0,300
Dougherty,Mt. Zion Center ,U.S. House,,Rep,Chris West,25,10,0,0,15
Dougherty,Alice Coachman Elementary,U.S. House,,Rep,Chris West,8,0,0,0,8
Dougherty,Driskell Community Center,U.S. House,,Rep,Chris West,8,4,0,0,4
Dougherty,Shiloh Baptist Church,U.S. House,,Rep,Chris West,10,4,3,0,3
Dougherty,Litman Cathedral,U.S. House,,Rep,Chris West,14,3,2,0,9
Dougherty,Phoebe Healthworks,U.S. House,,Rep,Chris West,674,286,26,2,360
Dougherty,Turner Elementary School,U.S. House,,Rep,Chris West,6,1,1,0,4
Dougherty,Robert H. Harvey Elementary,U.S. House,,Rep,Chris West,17,8,0,0,9
Dougherty,Bill Miller Community Center,U.S. House,,Rep,Chris West,53,18,0,0,35
Dougherty,Radium Middle School,U.S. House,,Rep,Chris West,85,23,5,0,57
Dougherty,Putney 1st Baptist Church,U.S. House,,Rep,Chris West,599,123,12,0,464
Dougherty,International Studies,U.S. House,,Rep,Chris West,166,45,9,1,111
Dougherty,Phoebe East ,U.S. House,,Rep,Chris West,114,32,5,0,77
Dougherty,Pine Bluff Baptist Church,U.S. House,,Rep,Chris West,305,76,13,0,216
Dougherty,Albany Middle School,U.S. House,,Rep,Chris West,47,9,5,0,33
Dougherty,Christ Church,U.S. House,,Rep,Chris West,782,226,25,0,531
Dougherty,Lamar Reese Elementary School,U.S. House,,Rep,Chris West,28,5,2,0,21
Dougherty,ASU East Campus - Lovett Hall ,U.S. House,,Rep,Chris West,5,1,0,0,4
Dougherty,Sherwood Elementary School,U.S. House,,Dem,Sanford Bishop ,883,414,56,0,413
Dougherty,Covenant Church,U.S. House,,Dem,Sanford Bishop ,569,267,39,0,263
Dougherty,Greenbriar Church,U.S. House,,Dem,Sanford Bishop ,1335,829,80,0,426
Dougherty,Westover High School,U.S. House,,Dem,Sanford Bishop ,1659,968,122,0,569
Dougherty,Merry Acres Middle,U.S. House,,Dem,Sanford Bishop ,704,341,42,0,321
Dougherty,ASU West Campus,U.S. House,,Dem,Sanford Bishop ,1516,875,138,1,502
Dougherty,Westown Elementary School,U.S. House,,Dem,Sanford Bishop ,1373,692,145,0,536
Dougherty,2nd Mt. Zion Church,U.S. House,,Dem,Sanford Bishop ,373,162,34,0,177
Dougherty,Mt. Zion Center ,U.S. House,,Dem,Sanford Bishop ,1253,566,151,2,534
Dougherty,Alice Coachman Elementary,U.S. House,,Dem,Sanford Bishop ,387,187,39,0,161
Dougherty,Driskell Community Center,U.S. House,,Dem,Sanford Bishop ,478,171,43,0,264
Dougherty,Shiloh Baptist Church,U.S. House,,Dem,Sanford Bishop ,452,179,33,1,239
Dougherty,Litman Cathedral,U.S. House,,Dem,Sanford Bishop ,503,209,44,0,250
Dougherty,Phoebe Healthworks,U.S. House,,Dem,Sanford Bishop ,935,456,102,0,377
Dougherty,Turner Elementary School,U.S. House,,Dem,Sanford Bishop ,164,67,14,0,83
Dougherty,Robert H. Harvey Elementary,U.S. House,,Dem,Sanford Bishop ,783,348,75,1,359
Dougherty,Bill Miller Community Center,U.S. House,,Dem,Sanford Bishop ,717,347,46,0,324
Dougherty,Radium Middle School,U.S. House,,Dem,Sanford Bishop ,261,135,18,0,108
Dougherty,Putney 1st Baptist Church,U.S. House,,Dem,Sanford Bishop ,749,350,46,0,353
Dougherty,International Studies,U.S. House,,Dem,Sanford Bishop ,416,216,47,1,152
Dougherty,Phoebe East ,U.S. House,,Dem,Sanford Bishop ,771,350,67,2,352
Dougherty,Pine Bluff Baptist Church,U.S. House,,Dem,Sanford Bishop ,743,366,58,0,319
Dougherty,Albany Middle School,U.S. House,,Dem,Sanford Bishop ,624,267,69,1,287
Dougherty,Christ Church,U.S. House,,Dem,Sanford Bishop ,569,328,57,0,184
Dougherty,Lamar Reese Elementary School,U.S. House,,Dem,Sanford Bishop ,537,255,59,0,223
Dougherty,ASU East Campus - Lovett Hall ,U.S. House,,Dem,Sanford Bishop ,166,73,5,0,88
Dougherty,Sherwood Elementary School,State Senate,,Dem,Freddie Powell Sims ,1131,475,59,0,597
Dougherty,Covenant Church,State Senate,,Dem,Freddie Powell Sims ,828,339,39,0,450
Dougherty,Greenbriar Church,State Senate,,Dem,Freddie Powell Sims ,2032,1174,103,0,755
Dougherty,Westover High School,State Senate,,Dem,Freddie Powell Sims ,2374,1326,154,0,894
Dougherty,Merry Acres Middle,State Senate,,Dem,Freddie Powell Sims ,1038,467,46,0,525
Dougherty,ASU West Campus,State Senate,,Dem,Freddie Powell Sims ,1649,912,139,0,598
Dougherty,Westown Elementary School,State Senate,,Dem,Freddie Powell Sims ,1293,650,138,0,505
Dougherty,2nd Mt. Zion Church,State Senate,,Dem,Freddie Powell Sims ,627,208,41,0,378
Dougherty,Mt. Zion Center ,State Senate,,Dem,Freddie Powell Sims ,1132,519,140,2,471
Dougherty,Alice Coachman Elementary,State Senate,,Dem,Freddie Powell Sims ,362,173,34,0,155
Dougherty,Driskell Community Center,State Senate,,Dem,Freddie Powell Sims ,440,160,43,0,237
Dougherty,Shiloh Baptist Church,State Senate,,Dem,Freddie Powell Sims ,399,159,32,1,207
Dougherty,Litman Cathedral,State Senate,,Dem,Freddie Powell Sims ,480,199,44,0,237
Dougherty,Phoebe Healthworks,State Senate,,Dem,Freddie Powell Sims ,1297,606,111,1,579
Dougherty,Turner Elementary School,State Senate,,Dem,Freddie Powell Sims ,144,59,14,0,71
Dougherty,Robert H. Harvey Elementary,State Senate,,Dem,Freddie Powell Sims ,702,322,67,1,312
Dougherty,Bill Miller Community Center,State Senate,,Dem,Freddie Powell Sims ,704,339,42,0,323
Dougherty,Radium Middle School,State Senate,,Dem,Freddie Powell Sims ,284,134,21,0,129
Dougherty,Putney 1st Baptist Church,State Senate,,Dem,Freddie Powell Sims ,1066,397,45,0,624
Dougherty,International Studies,State Senate,,Dem,Freddie Powell Sims ,510,233,46,1,230
Dougherty,Phoebe East ,State Senate,,Dem,Freddie Powell Sims ,796,351,68,1,376
Dougherty,Pine Bluff Baptist Church,State Senate,,Dem,Freddie Powell Sims ,887,399,58,0,430
Dougherty,Albany Middle School,State Senate,,Dem,Freddie Powell Sims ,601,245,66,0,290
Dougherty,Christ Church,State Senate,,Dem,Freddie Powell Sims ,1097,461,70,0,566
Dougherty,Lamar Reese Elementary School,State Senate,,Dem,Freddie Powell Sims ,522,241,56,0,225
Dougherty,ASU East Campus - Lovett Hall ,State Senate,,Dem,Freddie Powell Sims ,142,65,5,0,72
Dougherty,Greenbriar Church,State House,,Rep,Mike Cheokas ,6,3,0,0,3
Dougherty,ASU West Campus,State House,,Rep,Mike Cheokas ,340,164,15,0,161
Dougherty,Christ Church,State House,,Rep,Mike Cheokas ,847,245,28,0,574
Dougherty,Greenbriar Church,State House,,Dem,Joyce Barlow,5,4,1,0,0
Dougherty,ASU West Campus,State House,,Dem,Joyce Barlow,1061,638,107,0,316
Dougherty,Christ Church,State House,,Dem,Joyce Barlow,499,308,54,0,137
Dougherty,Radium Middle School,State House,,Rep,Bill Yearta ,224,98,17,0,109
Dougherty,Putney 1st Baptist Church,State House,,Rep,Bill Yearta ,1025,298,30,0,697
Dougherty,International Studies,State House,,Rep,Bill Yearta ,407,167,26,1,213
Dougherty,Sherwood Elementary School,State House,,Rep,Tracy Taylor,525,152,26,0,347
Dougherty,Covenant Church,State House,,Rep,Tracy Taylor,478,149,13,0,316
Dougherty,Greenbriar Church,State House,,Rep,Tracy Taylor,1223,585,56,0,582
Dougherty,Westover High School,State House,,Rep,Tracy Taylor,1348,659,79,0,610
Dougherty,Merry Acres Middle,State House,,Rep,Tracy Taylor,645,223,24,0,398
Dougherty,ASU West Campus,State House,,Rep,Tracy Taylor,89,23,8,0,58
Dougherty,Mt. Zion Center ,State House,,Rep,Tracy Taylor,13,5,0,0,8
Dougherty,Driskell Community Center,State House,,Rep,Tracy Taylor,30,10,0,0,20
Dougherty,Shiloh Baptist Church,State House,,Rep,Tracy Taylor,34,13,4,0,17
Dougherty,Phoebe Healthworks,State House,,Rep,Tracy Taylor,745,310,28,2,405
Dougherty,Turner Elementary School,State House,,Rep,Tracy Taylor,14,5,2,0,7
Dougherty,Robert H. Harvey Elementary,State House,,Rep,Tracy Taylor,39,13,0,0,26
Dougherty,Bill Miller Community Center,State House,,Rep,Tracy Taylor,76,25,1,0,50
Dougherty,Phoebe East ,State House,,Rep,Tracy Taylor,139,40,7,0,92
Dougherty,Pine Bluff Baptist Church,State House,,Rep,Tracy Taylor,336,87,14,0,235
Dougherty,Albany Middle School,State House,,Rep,Tracy Taylor,67,18,6,0,43
Dougherty,ASU East Campus - Lovett Hall ,State House,,Rep,Tracy Taylor,13,2,0,0,11
Dougherty,Sherwood Elementary School,State House,,Dem,David Sampson,814,394,50,0,370
Dougherty,Covenant Church,State House,,Dem,David Sampson,524,252,37,0,235
Dougherty,Greenbriar Church,State House,,Dem,David Sampson,1239,784,75,0,380
Dougherty,Westover High School,State House,,Dem,David Sampson,1511,909,108,0,494
Dougherty,Merry Acres Middle,State House,,Dem,David Sampson,624,316,37,0,271
Dougherty,ASU West Campus,State House,,Dem,David Sampson,387,204,25,0,158
Dougherty,Mt. Zion Center ,State House,,Dem,David Sampson,261,108,38,0,115
Dougherty,Driskell Community Center,State House,,Dem,David Sampson,448,160,42,0,246
Dougherty,Shiloh Baptist Church,State House,,Dem,David Sampson,415,164,32,1,218
Dougherty,Phoebe Healthworks,State House,,Dem,David Sampson,834,415,97,0,322
Dougherty,Turner Elementary School,State House,,Dem,David Sampson,154,61,13,0,80
Dougherty,Robert H. Harvey Elementary,State House,,Dem,David Sampson,751,337,74,0,340
Dougherty,Bill Miller Community Center,State House,,Dem,David Sampson,690,336,45,0,309
Dougherty,Phoebe East ,State House,,Dem,David Sampson,742,341,64,1,336
Dougherty,Pine Bluff Baptist Church,State House,,Dem,David Sampson,699,351,55,0,293
Dougherty,Albany Middle School,State House,,Dem,David Sampson,594,251,67,0,276
Dougherty,ASU East Campus - Lovett Hall ,State House,,Dem,David Sampson,156,70,5,0,81
Dougherty,Westown Elementary School,State House,,Rep,Gerald E. Greene ,179,98,14,0,67
Dougherty,2nd Mt. Zion Church,State House,,Rep,Gerald E. Greene ,472,106,23,0,343
Dougherty,Mt. Zion Center ,State House,,Rep,Gerald E. Greene ,87,36,7,0,44
Dougherty,Alice Coachman Elementary,State House,,Rep,Gerald E. Greene ,45,14,4,0,27
Dougherty,Driskell Community Center,State House,,Rep,Gerald E. Greene ,2,1,0,0,1
Dougherty,Litman Cathedral,State House,,Rep,Gerald E. Greene ,47,14,7,0,26
Dougherty,Lamar Reese Elementary School,State House,,Rep,Gerald E. Greene ,68,28,6,0,34
Dougherty,Westown Elementary School,State House,,Dem,John Hayes,1228,611,124,0,493
Dougherty,2nd Mt. Zion Church,State House,,Dem,John Hayes,305,149,28,0,128
Dougherty,Mt. Zion Center ,State House,,Dem,John Hayes,895,421,101,0,373
Dougherty,Alice Coachman Elementary,State House,,Dem,John Hayes,343,171,31,0,141
Dougherty,Driskell Community Center,State House,,Dem,John Hayes,8,4,1,0,3
Dougherty,Litman Cathedral,State House,,Dem,John Hayes,458,194,36,0,228
Dougherty,Lamar Reese Elementary School,State House,,Dem,John Hayes,485,228,52,0,205
Dougherty,Sherwood Elementary School,County Commission,,Dem,Lorenzo Heard,1032,449,55,0,528
Dougherty,Covenant Church,County Commission,,Dem,Lorenzo Heard,758,330,41,0,387
Dougherty,Greenbriar Church,County Commission,,Dem,Lorenzo Heard,1681,974,86,0,621
Dougherty,Westover High School,County Commission,,Dem,Lorenzo Heard,1994,1098,125,0,771
Dougherty,Merry Acres Middle,County Commission,,Dem,Lorenzo Heard,881,389,36,0,456
Dougherty,ASU West Campus,County Commission,,Dem,Lorenzo Heard,1588,891,126,1,570
Dougherty,Westown Elementary School,County Commission,,Dem,Lorenzo Heard,1330,670,125,0,535
Dougherty,2nd Mt. Zion Church,County Commission,,Dem,Lorenzo Heard,533,190,34,0,309
Dougherty,Mt. Zion Center ,County Commission,,Dem,Lorenzo Heard,1208,552,130,2,524
Dougherty,Alice Coachman Elementary,County Commission,,Dem,Lorenzo Heard,367,180,28,0,159
Dougherty,Driskell Community Center,County Commission,,Dem,Lorenzo Heard,465,166,39,0,260
Dougherty,Shiloh Baptist Church,County Commission,,Dem,Lorenzo Heard,425,165,31,1,228
Dougherty,Litman Cathedral,County Commission,,Dem,Lorenzo Heard,493,210,38,0,245
Dougherty,Phoebe Healthworks,County Commission,,Dem,Lorenzo Heard,1132,527,102,0,503
Dougherty,Turner Elementary School,County Commission,,Dem,Lorenzo Heard,160,63,13,0,84
Dougherty,Robert H. Harvey Elementary,County Commission,,Dem,Lorenzo Heard,754,341,64,1,348
Dougherty,Bill Miller Community Center,County Commission,,Dem,Lorenzo Heard,708,341,35,0,332
Dougherty,Radium Middle School,County Commission,,Dem,Lorenzo Heard,271,128,17,0,126
Dougherty,Putney 1st Baptist Church,County Commission,,Dem,Lorenzo Heard,957,391,45,0,521
Dougherty,International Studies,County Commission,,Dem,Lorenzo Heard,481,230,44,2,205
Dougherty,Phoebe East ,County Commission,,Dem,Lorenzo Heard,803,355,66,2,380
Dougherty,Pine Bluff Baptist Church,County Commission,,Dem,Lorenzo Heard,839,386,48,0,405
Dougherty,Albany Middle School,County Commission,,Dem,Lorenzo Heard,616,249,65,1,301
Dougherty,Christ Church,County Commission,,Dem,Lorenzo Heard,830,384,48,0,398
Dougherty,Lamar Reese Elementary School,County Commission,,Dem,Lorenzo Heard,520,243,52,0,225
Dougherty,ASU East Campus - Lovett Hall ,County Commission,,Dem,Lorenzo Heard,164,72,4,0,88
Dougherty,Mt. Zion Center ,County Commission,,Dem,Victor Edwards ,1227,557,144,0,526
Dougherty,Alice Coachman Elementary,County Commission,,Dem,Victor Edwards ,378,183,35,0,160
Dougherty,Driskell Community Center,County Commission,,Dem,Victor Edwards ,254,94,25,0,135
Dougherty,Bill Miller Community Center,County Commission,,Dem,Victor Edwards ,724,346,42,0,336
Dougherty,Radium Middle School,County Commission,,Dem,Victor Edwards ,309,145,23,0,141
Dougherty,Putney 1st Baptist Church,County Commission,,Dem,Victor Edwards ,14,5,3,0,6
Dougherty,Lamar Reese Elementary School,County Commission,,Dem,Victor Edwards ,532,246,57,0,229
Dougherty,ASU East Campus - Lovett Hall ,County Commission,,Dem,Victor Edwards ,15,10,1,0,4
Dougherty,Sherwood Elementary School,County Commission,,Rep,Russell B. Gray ,1009,377,59,0,573
Dougherty,Covenant Church,County Commission,,Rep,Russell B. Gray ,779,295,25,0,459
Dougherty,Westover High School,County Commission,,Rep,Russell B. Gray ,74,35,5,0,34
Dougherty,Merry Acres Middle,County Commission,,Rep,Russell B. Gray ,1011,408,38,0,565
Dougherty,ASU West Campus,County Commission,,Rep,Russell B. Gray ,169,77,5,0,87
Dougherty,Phoebe Healthworks,County Commission,,Rep,Russell B. Gray ,93,53,2,0,38
Dougherty,Turner Elementary School,County Commission,,Dem,Anthony Jones ,127,45,13,0,69
Dougherty,Robert H. Harvey Elementary,County Commission,,Dem,Anthony Jones ,3,1,2,0,0
Dougherty,Putney 1st Baptist Church,County Commission,,Dem,Anthony Jones ,978,399,46,0,533
Dougherty,International Studies,County Commission,,Dem,Anthony Jones ,494,232,49,1,212
Dougherty,Phoebe East ,County Commission,,Dem,Anthony Jones ,822,366,69,1,386
Dougherty,Pine Bluff Baptist Church,County Commission,,Dem,Anthony Jones ,869,396,57,0,416
Dougherty,Mt. Zion Center ,Board of Education,,Dem,Norma Gaines-Heath ,1225,556,146,0,523
Dougherty,Alice Coachman Elementary,Board of Education,,Dem,Norma Gaines-Heath ,383,185,36,0,162
Dougherty,Driskell Community Center,Board of Education,,Dem,Norma Gaines-Heath ,254,94,24,0,136
Dougherty,Bill Miller Community Center,Board of Education,,Dem,Norma Gaines-Heath ,721,345,44,0,332
Dougherty,Radium Middle School,Board of Education,,Dem,Norma Gaines-Heath ,299,140,22,0,137
Dougherty,Putney 1st Baptist Church,Board of Education,,Dem,Norma Gaines-Heath ,15,5,4,0,6
Dougherty,Lamar Reese Elementary School,Board of Education,,Dem,Norma Gaines-Heath ,535,247,59,0,229
Dougherty,ASU East Campus - Lovett Hall ,Board of Education,,Dem,Norma Gaines-Heath ,15,10,1,0,4
Dougherty,Sherwood Elementary School,Board of Education,,Dem,Melissa Strother ,1074,462,61,0,551
Dougherty,Covenant Church,Board of Education,,Dem,Melissa Strother ,804,344,43,0,417
Dougherty,Westover High School,Board of Education,,Dem,Melissa Strother ,90,45,6,0,39
Dougherty,Merry Acres Middle,Board of Education,,Dem,Melissa Strother ,997,440,44,0,513
Dougherty,ASU West Campus,Board of Education,,Dem,Melissa Strother ,231,111,13,0,107
Dougherty,Phoebe Healthworks,Board of Education,,Dem,Melissa Strother ,111,65,4,0,42
Dougherty,Turner Elementary School,Board of Education,,Dem,Dean Phinazee ,126,44,13,0,69
Dougherty,Robert H. Harvey Elementary,Board of Education,,Dem,Dean Phinazee ,3,1,2,0,0
Dougherty,Putney 1st Baptist Church,Board of Education,,Dem,Dean Phinazee ,953,388,45,0,520
Dougherty,International Studies,Board of Education,,Dem,Dean Phinazee ,491,232,48,1,210
Dougherty,Phoebe East ,Board of Education,,Dem,Dean Phinazee ,818,360,70,1,387
Dougherty,Pine Bluff Baptist Church,Board of Education,,Dem,Dean Phinazee ,865,393,60,0,412
Dougherty,Sherwood Elementary School,Constitutional Amendment #1,,,Yes,1121,452,64,0,605
Dougherty,Covenant Church,Constitutional Amendment #1,,,Yes,853,339,45,0,469
Dougherty,Greenbriar Church,Constitutional Amendment #1,,,Yes,2120,1200,120,0,800
Dougherty,Westover High School,Constitutional Amendment #1,,,Yes,2459,1348,168,0,943
Dougherty,Merry Acres Middle,Constitutional Amendment #1,,,Yes,1079,467,56,0,556
Dougherty,ASU West Campus,Constitutional Amendment #1,,,Yes,1586,876,133,1,576
Dougherty,Westown Elementary School,Constitutional Amendment #1,,,Yes,1144,575,123,0,446
Dougherty,2nd Mt. Zion Church,Constitutional Amendment #1,,,Yes,652,216,37,0,399
Dougherty,Mt. Zion Center ,Constitutional Amendment #1,,,Yes,971,455,115,2,399
Dougherty,Alice Coachman Elementary,Constitutional Amendment #1,,,Yes,327,157,31,0,139
Dougherty,Driskell Community Center,Constitutional Amendment #1,,,Yes,391,146,33,0,212
Dougherty,Shiloh Baptist Church,Constitutional Amendment #1,,,Yes,357,146,33,0,178
Dougherty,Litman Cathedral,Constitutional Amendment #1,,,Yes,407,171,34,0,202
Dougherty,Phoebe Healthworks,Constitutional Amendment #1,,,Yes,1316,599,111,2,604
Dougherty,Turner Elementary School,Constitutional Amendment #1,,,Yes,123,48,14,0,61
Dougherty,Robert H. Harvey Elementary,Constitutional Amendment #1,,,Yes,632,275,60,1,296
Dougherty,Bill Miller Community Center,Constitutional Amendment #1,,,Yes,634,293,37,0,304
Dougherty,Radium Middle School,Constitutional Amendment #1,,,Yes,279,128,20,0,131
Dougherty,Putney 1st Baptist Church,Constitutional Amendment #1,,,Yes,1083,378,39,1,665
Dougherty,International Studies,Constitutional Amendment #1,,,Yes,486,219,48,2,217
Dougherty,Phoebe East ,Constitutional Amendment #1,,,Yes,713,309,54,1,349
Dougherty,Pine Bluff Baptist Church,Constitutional Amendment #1,,,Yes,848,358,59,0,431
Dougherty,Albany Middle School,Constitutional Amendment #1,,,Yes,531,221,59,1,250
Dougherty,Christ Church,Constitutional Amendment #1,,,Yes,1156,481,72,0,603
Dougherty,Lamar Reese Elementary School,Constitutional Amendment #1,,,Yes,450,209,49,0,192
Dougherty,ASU East Campus - Lovett Hall ,Constitutional Amendment #1,,,Yes,143,61,3,0,79
Dougherty,Sherwood Elementary School,Constitutional Amendment #1,,,No,187,85,10,0,92
Dougherty,Covenant Church,Constitutional Amendment #1,,,No,137,55,5,0,77
Dougherty,Greenbriar Church,Constitutional Amendment #1,,,No,321,162,12,0,147
Dougherty,Westover High School,Constitutional Amendment #1,,,No,344,185,20,0,139
Dougherty,Merry Acres Middle,Constitutional Amendment #1,,,No,170,67,5,0,98
Dougherty,ASU West Campus,Constitutional Amendment #1,,,No,250,134,17,0,99
Dougherty,Westown Elementary School,Constitutional Amendment #1,,,No,250,124,20,0,106
Dougherty,2nd Mt. Zion Church,Constitutional Amendment #1,,,No,109,30,12,0,67
Dougherty,Mt. Zion Center ,Constitutional Amendment #1,,,No,251,97,27,0,127
Dougherty,Alice Coachman Elementary,Constitutional Amendment #1,,,No,56,23,4,0,29
Dougherty,Driskell Community Center,Constitutional Amendment #1,,,No,78,20,10,0,48
Dougherty,Shiloh Baptist Church,Constitutional Amendment #1,,,No,78,28,2,1,47
Dougherty,Litman Cathedral,Constitutional Amendment #1,,,No,87,33,8,0,46
Dougherty,Phoebe Healthworks,Constitutional Amendment #1,,,No,230,110,12,0,108
Dougherty,Turner Elementary School,Constitutional Amendment #1,,,No,35,14,0,0,21
Dougherty,Robert H. Harvey Elementary,Constitutional Amendment #1,,,No,128,62,10,0,56
Dougherty,Bill Miller Community Center,Constitutional Amendment #1,,,No,120,64,5,0,51
Dougherty,Radium Middle School,Constitutional Amendment #1,,,No,53,22,2,0,29
Dougherty,Putney 1st Baptist Church,Constitutional Amendment #1,,,No,219,79,17,0,123
Dougherty,International Studies,Constitutional Amendment #1,,,No,81,35,4,0,42
Dougherty,Phoebe East ,Constitutional Amendment #1,,,No,158,68,15,0,75
Dougherty,Pine Bluff Baptist Church,Constitutional Amendment #1,,,No,160,73,11,0,76
Dougherty,Albany Middle School,Constitutional Amendment #1,,,No,119,47,11,0,61
Dougherty,Christ Church,Constitutional Amendment #1,,,No,149,62,8,0,79
Dougherty,Lamar Reese Elementary School,Constitutional Amendment #1,,,No,92,41,10,0,41
Dougherty,ASU East Campus - Lovett Hall ,Constitutional Amendment #1,,,No,25,11,1,0,13
Dougherty,Sherwood Elementary School,Constitutional Amendment #2,,,Yes,1213,502,62,0,649
Dougherty,Covenant Church,Constitutional Amendment #2,,,Yes,910,370,46,0,494
Dougherty,Greenbriar Church,Constitutional Amendment #2,,,Yes,2218,1235,126,0,857
Dougherty,Westover High School,Constitutional Amendment #2,,,Yes,2566,1408,175,0,983
Dougherty,Merry Acres Middle,Constitutional Amendment #2,,,Yes,1144,488,56,0,600
Dougherty,ASU West Campus,Constitutional Amendment #2,,,Yes,1679,918,134,1,626
Dougherty,Westown Elementary School,Constitutional Amendment #2,,,Yes,1279,653,139,0,487
Dougherty,2nd Mt. Zion Church,Constitutional Amendment #2,,,Yes,685,225,43,0,417
Dougherty,Mt. Zion Center ,Constitutional Amendment #2,,,Yes,1160,525,136,2,497
Dougherty,Alice Coachman Elementary,Constitutional Amendment #2,,,Yes,362,169,35,0,158
Dougherty,Driskell Community Center,Constitutional Amendment #2,,,Yes,451,163,42,0,246
Dougherty,Shiloh Baptist Church,Constitutional Amendment #2,,,Yes,401,164,31,1,205
Dougherty,Litman Cathedral,Constitutional Amendment #2,,,Yes,466,195,45,0,226
Dougherty,Phoebe Healthworks,Constitutional Amendment #2,,,Yes,1417,662,119,2,634
Dougherty,Turner Elementary School,Constitutional Amendment #2,,,Yes,150,60,13,0,77
Dougherty,Robert H. Harvey Elementary,Constitutional Amendment #2,,,Yes,690,302,67,1,320
Dougherty,Bill Miller Community Center,Constitutional Amendment #2,,,Yes,706,337,42,0,327
Dougherty,Radium Middle School,Constitutional Amendment #2,,,Yes,309,138,22,0,149
Dougherty,Putney 1st Baptist Church,Constitutional Amendment #2,,,Yes,1202,430,52,0,720
Dougherty,International Studies,Constitutional Amendment #2,,,Yes,529,239,51,2,237
Dougherty,Phoebe East ,Constitutional Amendment #2,,,Yes,798,342,63,1,392
Dougherty,Pine Bluff Baptist Church,Constitutional Amendment #2,,,Yes,938,402,64,0,472
Dougherty,Albany Middle School,Constitutional Amendment #2,,,Yes,592,244,64,1,283
Dougherty,Christ Church,Constitutional Amendment #2,,,Yes,1171,494,77,0,600
Dougherty,Lamar Reese Elementary School,Constitutional Amendment #2,,,Yes,507,233,57,0,217
Dougherty,ASU East Campus - Lovett Hall ,Constitutional Amendment #2,,,Yes,163,70,4,0,89
Dougherty,Sherwood Elementary School,Constitutional Amendment #2,,,No,113,39,12,0,62
Dougherty,Covenant Church,Constitutional Amendment #2,,,No,92,32,4,0,56
Dougherty,Greenbriar Church,Constitutional Amendment #2,,,No,231,133,4,0,94
Dougherty,Westover High School,Constitutional Amendment #2,,,No,271,142,13,0,116
Dougherty,Merry Acres Middle,Constitutional Amendment #2,,,No,125,53,3,0,69
Dougherty,ASU West Campus,Constitutional Amendment #2,,,No,163,96,12,0,55
Dougherty,Westown Elementary School,Constitutional Amendment #2,,,No,130,56,6,0,68
Dougherty,2nd Mt. Zion Church,Constitutional Amendment #2,,,No,85,27,5,0,53
Dougherty,Mt. Zion Center ,Constitutional Amendment #2,,,No,98,45,8,0,45
Dougherty,Alice Coachman Elementary,Constitutional Amendment #2,,,No,24,12,1,0,11
Dougherty,Driskell Community Center,Constitutional Amendment #2,,,No,29,9,1,0,19
Dougherty,Shiloh Baptist Church,Constitutional Amendment #2,,,No,42,14,4,0,24
Dougherty,Litman Cathedral,Constitutional Amendment #2,,,No,38,12,1,0,25
Dougherty,Phoebe Healthworks,Constitutional Amendment #2,,,No,163,63,7,0,93
Dougherty,Turner Elementary School,Constitutional Amendment #2,,,No,16,6,0,0,10
Dougherty,Robert H. Harvey Elementary,Constitutional Amendment #2,,,No,79,43,5,0,31
Dougherty,Bill Miller Community Center,Constitutional Amendment #2,,,No,52,20,2,0,30
Dougherty,Radium Middle School,Constitutional Amendment #2,,,No,33,18,0,0,15
Dougherty,Putney 1st Baptist Church,Constitutional Amendment #2,,,No,131,36,5,1,89
Dougherty,International Studies,Constitutional Amendment #2,,,No,50,21,2,0,27
Dougherty,Phoebe East ,Constitutional Amendment #2,,,No,84,40,4,0,40
Dougherty,Pine Bluff Baptist Church,Constitutional Amendment #2,,,No,86,31,6,0,49
Dougherty,Albany Middle School,Constitutional Amendment #2,,,No,62,23,7,0,32
Dougherty,Christ Church,Constitutional Amendment #2,,,No,153,53,6,0,94
Dougherty,Lamar Reese Elementary School,Constitutional Amendment #2,,,No,43,20,2,0,21
Dougherty,ASU East Campus - Lovett Hall ,Constitutional Amendment #2,,,No,7,3,1,0,3
Dougherty,Sherwood Elementary School,Statewide Referendum A,,,Yes,891,331,42,0,518
Dougherty,Covenant Church,Statewide Referendum A,,,Yes,665,264,33,0,368
Dougherty,Greenbriar Church,Statewide Referendum A,,,Yes,1538,829,80,0,629
Dougherty,Westover High School,Statewide Referendum A,,,Yes,1759,948,103,0,708
Dougherty,Merry Acres Middle,Statewide Referendum A,,,Yes,808,324,28,0,456
Dougherty,ASU West Campus,Statewide Referendum A,,,Yes,1170,630,80,0,460
Dougherty,Westown Elementary School,Statewide Referendum A,,,Yes,886,445,77,0,364
Dougherty,2nd Mt. Zion Church,Statewide Referendum A,,,Yes,474,156,24,0,294
Dougherty,Mt. Zion Center ,Statewide Referendum A,,,Yes,858,386,88,2,382
Dougherty,Alice Coachman Elementary,Statewide Referendum A,,,Yes,248,114,22,0,112
Dougherty,Driskell Community Center,Statewide Referendum A,,,Yes,347,111,29,0,207
Dougherty,Shiloh Baptist Church,Statewide Referendum A,,,Yes,314,128,21,1,164
Dougherty,Litman Cathedral,Statewide Referendum A,,,Yes,343,150,26,0,167
Dougherty,Phoebe Healthworks,Statewide Referendum A,,,Yes,992,447,62,2,481
Dougherty,Turner Elementary School,Statewide Referendum A,,,Yes,114,41,8,0,65
Dougherty,Robert H. Harvey Elementary,Statewide Referendum A,,,Yes,548,230,45,1,272
Dougherty,Bill Miller Community Center,Statewide Referendum A,,,Yes,536,228,28,0,280
Dougherty,Radium Middle School,Statewide Referendum A,,,Yes,199,92,12,0,95
Dougherty,Putney 1st Baptist Church,Statewide Referendum A,,,Yes,833,288,25,1,519
Dougherty,International Studies,Statewide Referendum A,,,Yes,372,157,28,0,187
Dougherty,Phoebe East ,Statewide Referendum A,,,Yes,630,267,45,1,317
Dougherty,Pine Bluff Baptist Church,Statewide Referendum A,,,Yes,654,263,33,0,358
Dougherty,Albany Middle School,Statewide Referendum A,,,Yes,442,175,42,1,224
Dougherty,Christ Church,Statewide Referendum A,,,Yes,822,317,44,0,461
Dougherty,Lamar Reese Elementary School,Statewide Referendum A,,,Yes,362,158,34,0,170
Dougherty,ASU East Campus - Lovett Hall ,Statewide Referendum A,,,Yes,122,49,2,0,71
Dougherty,Sherwood Elementary School,Statewide Referendum A,,,No,413,202,29,0,182
Dougherty,Covenant Church,Statewide Referendum A,,,No,317,127,16,0,174
Dougherty,Greenbriar Church,Statewide Referendum A,,,No,875,517,44,0,314
Dougherty,Westover High School,Statewide Referendum A,,,No,1021,578,77,0,366
Dougherty,Merry Acres Middle,Statewide Referendum A,,,No,444,208,32,0,204
Dougherty,ASU West Campus,Statewide Referendum A,,,No,656,375,67,1,213
Dougherty,Westown Elementary School,Statewide Referendum A,,,No,505,256,66,0,183
Dougherty,2nd Mt. Zion Church,Statewide Referendum A,,,No,290,93,25,0,172
Dougherty,Mt. Zion Center ,Statewide Referendum A,,,No,380,176,55,0,149
Dougherty,Alice Coachman Elementary,Statewide Referendum A,,,No,133,66,12,0,55
Dougherty,Driskell Community Center,Statewide Referendum A,,,No,124,56,13,0,55
Dougherty,Shiloh Baptist Church,Statewide Referendum A,,,No,123,46,13,0,64
Dougherty,Litman Cathedral,Statewide Referendum A,,,No,151,59,14,0,78
Dougherty,Phoebe Healthworks,Statewide Referendum A,,,No,547,260,58,0,229
Dougherty,Turner Elementary School,Statewide Referendum A,,,No,48,22,5,0,21
Dougherty,Robert H. Harvey Elementary,Statewide Referendum A,,,No,228,117,26,0,85
Dougherty,Bill Miller Community Center,Statewide Referendum A,,,No,214,123,17,0,74
Dougherty,Radium Middle School,Statewide Referendum A,,,No,135,62,10,0,63
Dougherty,Putney 1st Baptist Church,Statewide Referendum A,,,No,484,174,31,0,279
Dougherty,International Studies,Statewide Referendum A,,,No,197,98,23,2,74
Dougherty,Phoebe East ,Statewide Referendum A,,,No,241,112,22,0,107
Dougherty,Pine Bluff Baptist Church,Statewide Referendum A,,,No,353,162,36,0,155
Dougherty,Albany Middle School,Statewide Referendum A,,,No,210,94,26,0,90
Dougherty,Christ Church,Statewide Referendum A,,,No,492,226,35,0,231
Dougherty,Lamar Reese Elementary School,Statewide Referendum A,,,No,181,92,24,0,65
Dougherty,ASU East Campus - Lovett Hall ,Statewide Referendum A,,,No,44,22,3,0,19
Dougherty,Sherwood Elementary School,Statewide Referendum B,,,Yes,1022,396,56,0,570
Dougherty,Covenant Church,Statewide Referendum B,,,Yes,749,295,38,0,416
Dougherty,Greenbriar Church,Statewide Referendum B,,,Yes,1820,993,91,0,736
Dougherty,Westover High School,Statewide Referendum B,,,Yes,2032,1107,117,0,808
Dougherty,Merry Acres Middle,Statewide Referendum B,,,Yes,948,390,42,0,516
Dougherty,ASU West Campus,Statewide Referendum B,,,Yes,1354,738,89,1,526
Dougherty,Westown Elementary School,Statewide Referendum B,,,Yes,999,506,91,0,402
Dougherty,2nd Mt. Zion Church,Statewide Referendum B,,,Yes,566,185,28,0,353
Dougherty,Mt. Zion Center ,Statewide Referendum B,,,Yes,926,421,94,2,409
Dougherty,Alice Coachman Elementary,Statewide Referendum B,,,Yes,271,123,21,0,127
Dougherty,Driskell Community Center,Statewide Referendum B,,,Yes,378,133,28,0,217
Dougherty,Shiloh Baptist Church,Statewide Referendum B,,,Yes,333,139,23,1,170
Dougherty,Litman Cathedral,Statewide Referendum B,,,Yes,384,162,32,0,190
Dougherty,Phoebe Healthworks,Statewide Referendum B,,,Yes,1179,544,74,2,559
Dougherty,Turner Elementary School,Statewide Referendum B,,,Yes,123,49,9,0,65
Dougherty,Robert H. Harvey Elementary,Statewide Referendum B,,,Yes,584,251,53,1,279
Dougherty,Bill Miller Community Center,Statewide Referendum B,,,Yes,577,259,30,0,288
Dougherty,Radium Middle School,Statewide Referendum B,,,Yes,243,109,15,0,119
Dougherty,Putney 1st Baptist Church,Statewide Referendum B,,,Yes,960,340,28,1,591
Dougherty,International Studies,Statewide Referendum B,,,Yes,424,182,39,2,201
Dougherty,Phoebe East ,Statewide Referendum B,,,Yes,669,291,48,1,329
Dougherty,Pine Bluff Baptist Church,Statewide Referendum B,,,Yes,749,318,35,0,396
Dougherty,Albany Middle School,Statewide Referendum B,,,Yes,483,189,48,1,245
Dougherty,Christ Church,Statewide Referendum B,,,Yes,952,371,51,0,530
Dougherty,Lamar Reese Elementary School,Statewide Referendum B,,,Yes,392,178,36,0,178
Dougherty,ASU East Campus - Lovett Hall ,Statewide Referendum B,,,Yes,138,57,4,0,77
Dougherty,Sherwood Elementary School,Statewide Referendum B,,,No,287,138,16,0,133
Dougherty,Covenant Church,Statewide Referendum B,,,No,230,97,10,0,123
Dougherty,Greenbriar Church,Statewide Referendum B,,,No,604,361,34,0,209
Dougherty,Westover High School,Statewide Referendum B,,,No,760,428,64,0,268
Dougherty,Merry Acres Middle,Statewide Referendum B,,,No,294,141,16,0,137
Dougherty,ASU West Campus,Statewide Referendum B,,,No,471,268,57,0,146
Dougherty,Westown Elementary School,Statewide Referendum B,,,No,395,195,53,0,147
Dougherty,2nd Mt. Zion Church,Statewide Referendum B,,,No,196,63,21,0,112
Dougherty,Mt. Zion Center ,Statewide Referendum B,,,No,310,140,47,0,123
Dougherty,Alice Coachman Elementary,Statewide Referendum B,,,No,112,56,15,0,41
Dougherty,Driskell Community Center,Statewide Referendum B,,,No,94,37,12,0,45
Dougherty,Shiloh Baptist Church,Statewide Referendum B,,,No,106,37,13,0,56
Dougherty,Litman Cathedral,Statewide Referendum B,,,No,111,47,10,0,54
Dougherty,Phoebe Healthworks,Statewide Referendum B,,,No,369,166,49,0,154
Dougherty,Turner Elementary School,Statewide Referendum B,,,No,39,17,4,0,18
Dougherty,Robert H. Harvey Elementary,Statewide Referendum B,,,No,189,94,19,0,76
Dougherty,Bill Miller Community Center,Statewide Referendum B,,,No,171,92,14,0,65
Dougherty,Radium Middle School,Statewide Referendum B,,,No,95,44,7,0,44
Dougherty,Putney 1st Baptist Church,Statewide Referendum B,,,No,350,122,25,0,203
Dougherty,International Studies,Statewide Referendum B,,,No,146,75,12,0,59
Dougherty,Phoebe East ,Statewide Referendum B,,,No,196,83,20,0,93
Dougherty,Pine Bluff Baptist Church,Statewide Referendum B,,,No,262,109,35,0,118
Dougherty,Albany Middle School,Statewide Referendum B,,,No,169,79,21,0,69
Dougherty,Christ Church,Statewide Referendum B,,,No,362,172,29,0,161
Dougherty,Lamar Reese Elementary School,Statewide Referendum B,,,No,149,72,18,0,59
Dougherty,ASU East Campus - Lovett Hall ,Statewide Referendum B,,,No,26,14,1,0,11
Dougherty,Sherwood Elementary School,County SPLOST,,,Yes,902,366,55,0,481
Dougherty,Covenant Church,County SPLOST,,,Yes,659,281,40,0,338
Dougherty,Greenbriar Church,County SPLOST,,,Yes,1692,970,97,0,625
Dougherty,Westover High School,County SPLOST,,,Yes,1993,1111,135,0,747
Dougherty,Merry Acres Middle,County SPLOST,,,Yes,859,380,48,0,431
Dougherty,ASU West Campus,County SPLOST,,,Yes,1322,744,114,0,464
Dougherty,Westown Elementary School,County SPLOST,,,Yes,1062,537,114,0,411
Dougherty,2nd Mt. Zion Church,County SPLOST,,,Yes,500,179,31,0,290
Dougherty,Mt. Zion Center ,County SPLOST,,,Yes,970,444,117,2,407
Dougherty,Alice Coachman Elementary,County SPLOST,,,Yes,288,138,28,0,122
Dougherty,Driskell Community Center,County SPLOST,,,Yes,381,131,36,0,214
Dougherty,Shiloh Baptist Church,County SPLOST,,,Yes,346,142,24,1,179
Dougherty,Litman Cathedral,County SPLOST,,,Yes,391,160,38,0,193
Dougherty,Phoebe Healthworks,County SPLOST,,,Yes,1107,521,98,2,486
Dougherty,Turner Elementary School,County SPLOST,,,Yes,123,46,12,0,65
Dougherty,Robert H. Harvey Elementary,County SPLOST,,,Yes,605,267,54,1,283
Dougherty,Bill Miller Community Center,County SPLOST,,,Yes,567,266,33,0,268
Dougherty,Radium Middle School,County SPLOST,,,Yes,242,112,19,0,111
Dougherty,Putney 1st Baptist Church,County SPLOST,,,Yes,804,315,42,0,447
Dougherty,International Studies,County SPLOST,,,Yes,383,184,44,0,155
Dougherty,Phoebe East ,County SPLOST,,,Yes,650,289,48,1,312
Dougherty,Pine Bluff Baptist Church,County SPLOST,,,Yes,679,306,46,0,327
Dougherty,Albany Middle School,County SPLOST,,,Yes,485,203,50,1,231
Dougherty,Christ Church,County SPLOST,,,Yes,851,381,50,0,420
Dougherty,Lamar Reese Elementary School,County SPLOST,,,Yes,410,194,48,0,168
Dougherty,ASU East Campus - Lovett Hall ,County SPLOST,,,Yes,142,55,5,0,82
Dougherty,Sherwood Elementary School,County SPLOST,,,No,417,169,20,0,228
Dougherty,Covenant Church,County SPLOST,,,No,339,120,10,0,209
Dougherty,Greenbriar Church,County SPLOST,,,No,767,402,32,0,333
Dougherty,Westover High School,County SPLOST,,,No,846,446,53,0,347
Dougherty,Merry Acres Middle,County SPLOST,,,No,403,156,15,0,232
Dougherty,ASU West Campus,County SPLOST,,,No,535,278,34,1,222
Dougherty,Westown Elementary School,County SPLOST,,,No,350,176,29,0,145
Dougherty,2nd Mt. Zion Church,County SPLOST,,,No,275,73,19,0,183
Dougherty,Mt. Zion Center ,County SPLOST,,,No,275,124,27,0,124
Dougherty,Alice Coachman Elementary,County SPLOST,,,No,100,44,9,0,47
Dougherty,Driskell Community Center,County SPLOST,,,No,97,41,7,0,49
Dougherty,Shiloh Baptist Church,County SPLOST,,,No,104,37,12,0,55
Dougherty,Litman Cathedral,County SPLOST,,,No,115,50,7,0,58
Dougherty,Phoebe Healthworks,County SPLOST,,,No,471,207,27,0,237
Dougherty,Turner Elementary School,County SPLOST,,,No,39,18,2,0,19
Dougherty,Robert H. Harvey Elementary,County SPLOST,,,No,178,82,19,0,77
Dougherty,Bill Miller Community Center,County SPLOST,,,No,190,90,12,0,88
Dougherty,Radium Middle School,County SPLOST,,,No,95,43,3,0,49
Dougherty,Putney 1st Baptist Church,County SPLOST,,,No,519,149,14,1,355
Dougherty,International Studies,County SPLOST,,,No,193,76,7,2,108
Dougherty,Phoebe East ,County SPLOST,,,No,226,90,20,0,116
Dougherty,Pine Bluff Baptist Church,County SPLOST,,,No,334,123,23,0,188
Dougherty,Albany Middle School,County SPLOST,,,No,177,68,20,0,89
Dougherty,Christ Church,County SPLOST,,,No,485,168,33,0,284
Dougherty,Lamar Reese Elementary School,County SPLOST,,,No,137,57,11,0,69
Dougherty,ASU East Campus - Lovett Hall ,County SPLOST,,,No,26,17,0,0,9
