county,precinct,office,district,party,candidate,votes,advance_voting_votes,absentee_by_mail_votes,provisional_votes,election_day_votes
Meriwether,Chalybeate,U.S. Senate,,Rep,Herschel Walker,235,53,4,0,178
Meriwether,Gill I,U.S. Senate,,Rep,Herschel Walker,537,197,23,0,317
Meriwether,Gill II,U.S. Senate,,Rep,Herschel Walker,108,54,2,0,52
Meriwether,7th-Odessadale,U.S. Senate,,Rep,Herschel Walker,128,61,1,0,66
Meriwether,8th-Greenville,U.S. Senate,,Rep,Herschel Walker,557,325,17,0,215
Meriwether,Lone Oak,U.S. Senate,,Rep,Herschel Walker,451,184,8,0,259
Meriwether,Luthersville,U.S. Senate,,Rep,Herschel Walker,952,431,32,0,489
Meriwether,Upper 9th-Alvaton,U.S. Senate,,Rep,Herschel Walker,650,235,17,0,398
Meriwether,Middle 9th-Gay,U.S. Senate,,Rep,Herschel Walker,193,60,5,0,128
Meriwether,Lower 9th-Woodbury,U.S. Senate,,Rep,Herschel Walker,411,192,16,1,202
Meriwether,2nd-Warm Springs,U.S. Senate,,Rep,Herschel Walker,442,164,24,0,254
Meriwether,Third-Durand,U.S. Senate,,Rep,Herschel Walker,285,104,9,0,172
Meriwether,Raleigh,U.S. Senate,,Rep,Herschel Walker,254,116,9,0,129
Meriwether,Cove,U.S. Senate,,Rep,Herschel Walker,133,33,4,0,96
Meriwether,Chalybeate,U.S. Senate,,Dem,Raphael Warnock ,48,16,12,0,20
Meriwether,Gill I,U.S. Senate,,Dem,Raphael Warnock ,320,112,36,0,172
Meriwether,Gill II,U.S. Senate,,Dem,Raphael Warnock ,399,144,58,0,197
Meriwether,7th-Odessadale,U.S. Senate,,Dem,Raphael Warnock ,87,27,18,0,42
Meriwether,8th-Greenville,U.S. Senate,,Dem,Raphael Warnock ,505,311,64,0,130
Meriwether,Lone Oak,U.S. Senate,,Dem,Raphael Warnock ,334,159,47,0,128
Meriwether,Luthersville,U.S. Senate,,Dem,Raphael Warnock ,530,250,58,0,222
Meriwether,Upper 9th-Alvaton,U.S. Senate,,Dem,Raphael Warnock ,289,98,29,0,162
Meriwether,Middle 9th-Gay,U.S. Senate,,Dem,Raphael Warnock ,59,20,9,0,30
Meriwether,Lower 9th-Woodbury,U.S. Senate,,Dem,Raphael Warnock ,370,123,23,0,224
Meriwether,2nd-Warm Springs,U.S. Senate,,Dem,Raphael Warnock ,221,79,13,0,129
Meriwether,Third-Durand,U.S. Senate,,Dem,Raphael Warnock ,136,60,16,1,59
Meriwether,Raleigh,U.S. Senate,,Dem,Raphael Warnock ,52,28,8,0,16
Meriwether,Cove,U.S. Senate,,Dem,Raphael Warnock ,13,2,0,0,11
Meriwether,Chalybeate,U.S. Senate,,Lib,Chase Oliver,5,0,0,0,5
Meriwether,Gill I,U.S. Senate,,Lib,Chase Oliver,31,9,1,0,21
Meriwether,Gill II,U.S. Senate,,Lib,Chase Oliver,10,3,2,0,5
Meriwether,7th-Odessadale,U.S. Senate,,Lib,Chase Oliver,0,0,0,0,0
Meriwether,8th-Greenville,U.S. Senate,,Lib,Chase Oliver,19,14,0,0,5
Meriwether,Lone Oak,U.S. Senate,,Lib,Chase Oliver,17,10,1,0,6
Meriwether,Luthersville,U.S. Senate,,Lib,Chase Oliver,25,11,2,0,12
Meriwether,Upper 9th-Alvaton,U.S. Senate,,Lib,Chase Oliver,21,6,0,0,15
Meriwether,Middle 9th-Gay,U.S. Senate,,Lib,Chase Oliver,11,3,0,0,8
Meriwether,Lower 9th-Woodbury,U.S. Senate,,Lib,Chase Oliver,9,3,0,0,6
Meriwether,2nd-Warm Springs,U.S. Senate,,Lib,Chase Oliver,14,5,0,0,9
Meriwether,Third-Durand,U.S. Senate,,Lib,Chase Oliver,5,1,0,0,4
Meriwether,Raleigh,U.S. Senate,,Lib,Chase Oliver,7,4,0,0,3
Meriwether,Cove,U.S. Senate,,Lib,Chase Oliver,1,0,0,0,1
Meriwether,Chalybeate,Governor,,Rep,Brian Kemp ,246,53,4,1,188
Meriwether,Gill I,Governor,,Rep,Brian Kemp ,592,213,28,0,351
Meriwether,Gill II,Governor,,Rep,Brian Kemp ,120,59,4,0,57
Meriwether,7th-Odessadale,Governor,,Rep,Brian Kemp ,136,63,4,0,69
Meriwether,8th-Greenville,Governor,,Rep,Brian Kemp ,583,342,19,0,222
Meriwether,Lone Oak,Governor,,Rep,Brian Kemp ,478,200,9,0,269
Meriwether,Luthersville,Governor,,Rep,Brian Kemp ,1018,458,37,0,523
Meriwether,Upper 9th-Alvaton,Governor,,Rep,Brian Kemp ,700,248,21,0,431
Meriwether,Middle 9th-Gay,Governor,,Rep,Brian Kemp ,211,62,5,0,144
Meriwether,Lower 9th-Woodbury,Governor,,Rep,Brian Kemp ,446,209,18,1,218
Meriwether,2nd-Warm Springs,Governor,,Rep,Brian Kemp ,474,173,24,0,277
Meriwether,Third-Durand,Governor,,Rep,Brian Kemp ,302,111,10,0,181
Meriwether,Raleigh,Governor,,Rep,Brian Kemp ,261,120,8,0,133
Meriwether,Cove,Governor,,Rep,Brian Kemp ,137,32,4,0,101
Meriwether,Chalybeate,Governor,,Dem,Stacey Abrams,41,15,12,0,14
Meriwether,Gill I,Governor,,Dem,Stacey Abrams,292,107,30,0,155
Meriwether,Gill II,Governor,,Dem,Stacey Abrams,402,148,57,0,197
Meriwether,7th-Odessadale,Governor,,Dem,Stacey Abrams,79,25,15,0,39
Meriwether,8th-Greenville,Governor,,Dem,Stacey Abrams,493,308,60,0,125
Meriwether,Lone Oak,Governor,,Dem,Stacey Abrams,319,152,46,0,121
Meriwether,Luthersville,Governor,,Dem,Stacey Abrams,486,230,55,0,201
Meriwether,Upper 9th-Alvaton,Governor,,Dem,Stacey Abrams,264,90,27,0,147
Meriwether,Middle 9th-Gay,Governor,,Dem,Stacey Abrams,50,20,8,0,22
Meriwether,Lower 9th-Woodbury,Governor,,Dem,Stacey Abrams,342,110,21,0,211
Meriwether,2nd-Warm Springs,Governor,,Dem,Stacey Abrams,206,78,13,0,115
Meriwether,Third-Durand,Governor,,Dem,Stacey Abrams,125,54,15,1,55
Meriwether,Raleigh,Governor,,Dem,Stacey Abrams,52,28,9,0,15
Meriwether,Cove,Governor,,Dem,Stacey Abrams,9,2,0,0,7
Meriwether,Chalybeate,Governor,,Lib,Shane Hazel,1,0,0,0,1
Meriwether,Gill I,Governor,,Lib,Shane Hazel,9,1,2,0,6
Meriwether,Gill II,Governor,,Lib,Shane Hazel,3,1,1,0,1
Meriwether,7th-Odessadale,Governor,,Lib,Shane Hazel,0,0,0,0,0
Meriwether,8th-Greenville,Governor,,Lib,Shane Hazel,8,3,2,0,3
Meriwether,Lone Oak,Governor,,Lib,Shane Hazel,5,1,1,0,3
Meriwether,Luthersville,Governor,,Lib,Shane Hazel,8,3,1,0,4
Meriwether,Upper 9th-Alvaton,Governor,,Lib,Shane Hazel,0,0,0,0,0
Meriwether,Middle 9th-Gay,Governor,,Lib,Shane Hazel,0,0,0,0,0
Meriwether,Lower 9th-Woodbury,Governor,,Lib,Shane Hazel,3,0,0,0,3
Meriwether,2nd-Warm Springs,Governor,,Lib,Shane Hazel,2,0,0,0,2
Meriwether,Third-Durand,Governor,,Lib,Shane Hazel,3,1,0,0,2
Meriwether,Raleigh,Governor,,Lib,Shane Hazel,1,1,0,0,0
Meriwether,Cove,Governor,,Lib,Shane Hazel,1,1,0,0,0
Meriwether,Chalybeate,Lieutenant Governor,,Rep,Burt Jones,241,53,4,1,183
Meriwether,Gill I,Lieutenant Governor,,Rep,Burt Jones,555,204,24,0,327
Meriwether,Gill II,Lieutenant Governor,,Rep,Burt Jones,120,58,4,0,58
Meriwether,7th-Odessadale,Lieutenant Governor,,Rep,Burt Jones,133,63,3,0,67
Meriwether,8th-Greenville,Lieutenant Governor,,Rep,Burt Jones,570,333,18,0,219
Meriwether,Lone Oak,Lieutenant Governor,,Rep,Burt Jones,470,197,10,0,263
Meriwether,Luthersville,Lieutenant Governor,,Rep,Burt Jones,982,444,36,0,502
Meriwether,Upper 9th-Alvaton,Lieutenant Governor,,Rep,Burt Jones,684,245,20,0,419
Meriwether,Middle 9th-Gay,Lieutenant Governor,,Rep,Burt Jones,202,61,5,0,136
Meriwether,Lower 9th-Woodbury,Lieutenant Governor,,Rep,Burt Jones,425,195,18,1,211
Meriwether,2nd-Warm Springs,Lieutenant Governor,,Rep,Burt Jones,453,165,25,0,263
Meriwether,Third-Durand,Lieutenant Governor,,Rep,Burt Jones,291,105,10,0,176
Meriwether,Raleigh,Lieutenant Governor,,Rep,Burt Jones,250,111,9,0,130
Meriwether,Cove,Lieutenant Governor,,Rep,Burt Jones,132,31,4,0,97
Meriwether,Chalybeate,Lieutenant Governor,,Dem,Charlie Bailey,44,15,12,0,17
Meriwether,Gill I,Lieutenant Governor,,Dem,Charlie Bailey,302,108,35,0,159
Meriwether,Gill II,Lieutenant Governor,,Dem,Charlie Bailey,383,139,58,0,186
Meriwether,7th-Odessadale,Lieutenant Governor,,Dem,Charlie Bailey,76,24,16,0,36
Meriwether,8th-Greenville,Lieutenant Governor,,Dem,Charlie Bailey,469,294,60,0,115
Meriwether,Lone Oak,Lieutenant Governor,,Dem,Charlie Bailey,316,153,42,0,121
Meriwether,Luthersville,Lieutenant Governor,,Dem,Charlie Bailey,492,232,55,0,205
Meriwether,Upper 9th-Alvaton,Lieutenant Governor,,Dem,Charlie Bailey,261,89,27,0,145
Meriwether,Middle 9th-Gay,Lieutenant Governor,,Dem,Charlie Bailey,50,20,6,0,24
Meriwether,Lower 9th-Woodbury,Lieutenant Governor,,Dem,Charlie Bailey,338,113,19,0,206
Meriwether,2nd-Warm Springs,Lieutenant Governor,,Dem,Charlie Bailey,192,78,12,0,102
Meriwether,Third-Durand,Lieutenant Governor,,Dem,Charlie Bailey,130,58,15,1,56
Meriwether,Raleigh,Lieutenant Governor,,Dem,Charlie Bailey,53,29,8,0,16
Meriwether,Cove,Lieutenant Governor,,Dem,Charlie Bailey,11,3,0,0,8
Meriwether,Chalybeate,Lieutenant Governor,,Lib,Ryan Graham,2,0,0,0,2
Meriwether,Gill I,Lieutenant Governor,,Lib,Ryan Graham,26,6,1,0,19
Meriwether,Gill II,Lieutenant Governor,,Lib,Ryan Graham,6,3,0,0,3
Meriwether,7th-Odessadale,Lieutenant Governor,,Lib,Ryan Graham,1,1,0,0,0
Meriwether,8th-Greenville,Lieutenant Governor,,Lib,Ryan Graham,20,11,0,0,9
Meriwether,Lone Oak,Lieutenant Governor,,Lib,Ryan Graham,10,3,1,0,6
Meriwether,Luthersville,Lieutenant Governor,,Lib,Ryan Graham,26,10,1,0,15
Meriwether,Upper 9th-Alvaton,Lieutenant Governor,,Lib,Ryan Graham,11,3,0,0,8
Meriwether,Middle 9th-Gay,Lieutenant Governor,,Lib,Ryan Graham,7,2,1,0,4
Meriwether,Lower 9th-Woodbury,Lieutenant Governor,,Lib,Ryan Graham,12,6,0,0,6
Meriwether,2nd-Warm Springs,Lieutenant Governor,,Lib,Ryan Graham,15,2,0,0,13
Meriwether,Third-Durand,Lieutenant Governor,,Lib,Ryan Graham,6,1,0,0,5
Meriwether,Raleigh,Lieutenant Governor,,Lib,Ryan Graham,9,7,0,0,2
Meriwether,Cove,Lieutenant Governor,,Lib,Ryan Graham,3,1,0,0,2
Meriwether,Chalybeate,Secretary of State,,Rep,Brad Raffensperger ,236,51,3,1,181
Meriwether,Gill I,Secretary of State,,Rep,Brad Raffensperger ,562,206,28,0,328
Meriwether,Gill II,Secretary of State,,Rep,Brad Raffensperger ,129,65,7,0,57
Meriwether,7th-Odessadale,Secretary of State,,Rep,Brad Raffensperger ,137,62,7,0,68
Meriwether,8th-Greenville,Secretary of State,,Rep,Brad Raffensperger ,569,339,21,0,209
Meriwether,Lone Oak,Secretary of State,,Rep,Brad Raffensperger ,462,197,9,0,256
Meriwether,Luthersville,Secretary of State,,Rep,Brad Raffensperger ,952,425,36,0,491
Meriwether,Upper 9th-Alvaton,Secretary of State,,Rep,Brad Raffensperger ,663,238,20,0,405
Meriwether,Middle 9th-Gay,Secretary of State,,Rep,Brad Raffensperger ,202,59,6,0,137
Meriwether,Lower 9th-Woodbury,Secretary of State,,Rep,Brad Raffensperger ,445,204,18,1,222
Meriwether,2nd-Warm Springs,Secretary of State,,Rep,Brad Raffensperger ,453,162,25,0,266
Meriwether,Third-Durand,Secretary of State,,Rep,Brad Raffensperger ,285,104,10,0,171
Meriwether,Raleigh,Secretary of State,,Rep,Brad Raffensperger ,257,116,11,0,130
Meriwether,Cove,Secretary of State,,Rep,Brad Raffensperger ,135,32,4,0,99
Meriwether,Chalybeate,Secretary of State,,Dem,Bee Nguyen,39,14,12,0,13
Meriwether,Gill I,Secretary of State,,Dem,Bee Nguyen,285,102,31,0,152
Meriwether,Gill II,Secretary of State,,Dem,Bee Nguyen,378,137,55,0,186
Meriwether,7th-Odessadale,Secretary of State,,Dem,Bee Nguyen,67,22,12,0,33
Meriwether,8th-Greenville,Secretary of State,,Dem,Bee Nguyen,447,273,57,0,117
Meriwether,Lone Oak,Secretary of State,,Dem,Bee Nguyen,304,144,43,0,117
Meriwether,Luthersville,Secretary of State,,Dem,Bee Nguyen,479,223,54,0,202
Meriwether,Upper 9th-Alvaton,Secretary of State,,Dem,Bee Nguyen,259,87,28,0,144
Meriwether,Middle 9th-Gay,Secretary of State,,Dem,Bee Nguyen,47,18,5,0,24
Meriwether,Lower 9th-Woodbury,Secretary of State,,Dem,Bee Nguyen,316,104,20,0,192
Meriwether,2nd-Warm Springs,Secretary of State,,Dem,Bee Nguyen,180,72,10,0,98
Meriwether,Third-Durand,Secretary of State,,Dem,Bee Nguyen,119,49,15,1,54
Meriwether,Raleigh,Secretary of State,,Dem,Bee Nguyen,46,27,6,0,13
Meriwether,Cove,Secretary of State,,Dem,Bee Nguyen,7,2,0,0,5
Meriwether,Chalybeate,Secretary of State,,Lib,Ted Metz,10,3,0,0,7
Meriwether,Gill I,Secretary of State,,Lib,Ted Metz,29,10,0,0,19
Meriwether,Gill II,Secretary of State,,Lib,Ted Metz,4,0,0,0,4
Meriwether,7th-Odessadale,Secretary of State,,Lib,Ted Metz,5,2,0,0,3
Meriwether,8th-Greenville,Secretary of State,,Lib,Ted Metz,42,23,2,0,17
Meriwether,Lone Oak,Secretary of State,,Lib,Ted Metz,26,9,2,0,15
Meriwether,Luthersville,Secretary of State,,Lib,Ted Metz,59,32,2,0,25
Meriwether,Upper 9th-Alvaton,Secretary of State,,Lib,Ted Metz,27,10,0,0,17
Meriwether,Middle 9th-Gay,Secretary of State,,Lib,Ted Metz,11,5,1,0,5
Meriwether,Lower 9th-Woodbury,Secretary of State,,Lib,Ted Metz,15,7,0,0,8
Meriwether,2nd-Warm Springs,Secretary of State,,Lib,Ted Metz,24,8,2,0,14
Meriwether,Third-Durand,Secretary of State,,Lib,Ted Metz,16,7,0,0,9
Meriwether,Raleigh,Secretary of State,,Lib,Ted Metz,7,4,0,0,3
Meriwether,Cove,Secretary of State,,Lib,Ted Metz,5,1,0,0,4
Meriwether,Chalybeate,Attorney General,,Rep,Chris Carr ,242,52,3,1,186
Meriwether,Gill I,Attorney General,,Rep,Chris Carr ,573,210,24,0,339
Meriwether,Gill II,Attorney General,,Rep,Chris Carr ,116,54,4,0,58
Meriwether,7th-Odessadale,Attorney General,,Rep,Chris Carr ,128,60,4,0,64
Meriwether,8th-Greenville,Attorney General,,Rep,Chris Carr ,579,341,16,0,222
Meriwether,Lone Oak,Attorney General,,Rep,Chris Carr ,466,196,10,0,260
Meriwether,Luthersville,Attorney General,,Rep,Chris Carr ,980,441,34,0,505
Meriwether,Upper 9th-Alvaton,Attorney General,,Rep,Chris Carr ,681,241,20,0,420
Meriwether,Middle 9th-Gay,Attorney General,,Rep,Chris Carr ,200,58,5,0,137
Meriwether,Lower 9th-Woodbury,Attorney General,,Rep,Chris Carr ,432,200,16,1,215
Meriwether,2nd-Warm Springs,Attorney General,,Rep,Chris Carr ,458,165,25,0,268
Meriwether,Third-Durand,Attorney General,,Rep,Chris Carr ,297,109,9,0,179
Meriwether,Raleigh,Attorney General,,Rep,Chris Carr ,257,118,9,0,130
Meriwether,Cove,Attorney General,,Rep,Chris Carr ,134,32,4,0,98
Meriwether,Chalybeate,Attorney General,,Dem,"Jennifer """"Jen"""" Jordan",39,14,12,0,13
Meriwether,Gill I,Attorney General,,Dem,"Jennifer """"Jen"""" Jordan",302,109,34,0,159
Meriwether,Gill II,Attorney General,,Dem,"Jennifer """"Jen"""" Jordan",394,149,58,0,187
Meriwether,7th-Odessadale,Attorney General,,Dem,"Jennifer """"Jen"""" Jordan",82,26,15,0,41
Meriwether,8th-Greenville,Attorney General,,Dem,"Jennifer """"Jen"""" Jordan",466,289,62,0,115
Meriwether,Lone Oak,Attorney General,,Dem,"Jennifer """"Jen"""" Jordan",320,153,45,0,122
Meriwether,Luthersville,Attorney General,,Dem,"Jennifer """"Jen"""" Jordan",505,237,58,0,210
Meriwether,Upper 9th-Alvaton,Attorney General,,Dem,"Jennifer """"Jen"""" Jordan",270,94,28,0,148
Meriwether,Middle 9th-Gay,Attorney General,,Dem,"Jennifer """"Jen"""" Jordan",54,20,7,0,27
Meriwether,Lower 9th-Woodbury,Attorney General,,Dem,"Jennifer """"Jen"""" Jordan",341,115,21,0,205
Meriwether,2nd-Warm Springs,Attorney General,,Dem,"Jennifer """"Jen"""" Jordan",199,75,12,0,112
Meriwether,Third-Durand,Attorney General,,Dem,"Jennifer """"Jen"""" Jordan",125,54,16,1,54
Meriwether,Raleigh,Attorney General,,Dem,"Jennifer """"Jen"""" Jordan",51,27,8,0,16
Meriwether,Cove,Attorney General,,Dem,"Jennifer """"Jen"""" Jordan",9,2,0,0,7
Meriwether,Chalybeate,Attorney General,,Lib,Martin Cowen,4,2,0,0,2
Meriwether,Gill I,Attorney General,,Lib,Martin Cowen,11,1,2,0,8
Meriwether,Gill II,Attorney General,,Lib,Martin Cowen,6,1,0,0,5
Meriwether,7th-Odessadale,Attorney General,,Lib,Martin Cowen,3,2,0,0,1
Meriwether,8th-Greenville,Attorney General,,Lib,Martin Cowen,15,10,0,0,5
Meriwether,Lone Oak,Attorney General,,Lib,Martin Cowen,12,5,1,0,6
Meriwether,Luthersville,Attorney General,,Lib,Martin Cowen,14,5,0,0,9
Meriwether,Upper 9th-Alvaton,Attorney General,,Lib,Martin Cowen,7,4,0,0,3
Meriwether,Middle 9th-Gay,Attorney General,,Lib,Martin Cowen,5,3,1,0,1
Meriwether,Lower 9th-Woodbury,Attorney General,,Lib,Martin Cowen,5,2,0,0,3
Meriwether,2nd-Warm Springs,Attorney General,,Lib,Martin Cowen,8,2,0,0,6
Meriwether,Third-Durand,Attorney General,,Lib,Martin Cowen,5,2,0,0,3
Meriwether,Raleigh,Attorney General,,Lib,Martin Cowen,3,2,0,0,1
Meriwether,Cove,Attorney General,,Lib,Martin Cowen,2,1,0,0,1
Meriwether,Chalybeate,Commissioner of Agriculture,,Rep,Tyler Harper,245,53,5,1,186
Meriwether,Gill I,Commissioner of Agriculture,,Rep,Tyler Harper,573,212,29,0,332
Meriwether,Gill II,Commissioner of Agriculture,,Rep,Tyler Harper,119,57,4,0,58
Meriwether,7th-Odessadale,Commissioner of Agriculture,,Rep,Tyler Harper,139,66,4,0,69
Meriwether,8th-Greenville,Commissioner of Agriculture,,Rep,Tyler Harper,585,342,24,0,219
Meriwether,Lone Oak,Commissioner of Agriculture,,Rep,Tyler Harper,473,200,9,0,264
Meriwether,Luthersville,Commissioner of Agriculture,,Rep,Tyler Harper,990,450,37,0,503
Meriwether,Upper 9th-Alvaton,Commissioner of Agriculture,,Rep,Tyler Harper,687,251,21,0,415
Meriwether,Middle 9th-Gay,Commissioner of Agriculture,,Rep,Tyler Harper,205,60,5,0,140
Meriwether,Lower 9th-Woodbury,Commissioner of Agriculture,,Rep,Tyler Harper,435,203,19,1,212
Meriwether,2nd-Warm Springs,Commissioner of Agriculture,,Rep,Tyler Harper,466,171,25,0,270
Meriwether,Third-Durand,Commissioner of Agriculture,,Rep,Tyler Harper,297,109,10,0,178
Meriwether,Raleigh,Commissioner of Agriculture,,Rep,Tyler Harper,262,118,12,0,132
Meriwether,Cove,Commissioner of Agriculture,,Rep,Tyler Harper,137,32,4,0,101
Meriwether,Chalybeate,Commissioner of Agriculture,,Dem,Nakita Hemingway,40,15,10,0,15
Meriwether,Gill I,Commissioner of Agriculture,,Dem,Nakita Hemingway,289,103,30,0,156
Meriwether,Gill II,Commissioner of Agriculture,,Dem,Nakita Hemingway,388,141,57,0,190
Meriwether,7th-Odessadale,Commissioner of Agriculture,,Dem,Nakita Hemingway,71,21,14,0,36
Meriwether,8th-Greenville,Commissioner of Agriculture,,Dem,Nakita Hemingway,455,285,55,0,115
Meriwether,Lone Oak,Commissioner of Agriculture,,Dem,Nakita Hemingway,309,148,44,0,117
Meriwether,Luthersville,Commissioner of Agriculture,,Dem,Nakita Hemingway,472,221,53,0,198
Meriwether,Upper 9th-Alvaton,Commissioner of Agriculture,,Dem,Nakita Hemingway,257,84,27,0,146
Meriwether,Middle 9th-Gay,Commissioner of Agriculture,,Dem,Nakita Hemingway,50,21,6,0,23
Meriwether,Lower 9th-Woodbury,Commissioner of Agriculture,,Dem,Nakita Hemingway,328,109,18,0,201
Meriwether,2nd-Warm Springs,Commissioner of Agriculture,,Dem,Nakita Hemingway,190,72,12,0,106
Meriwether,Third-Durand,Commissioner of Agriculture,,Dem,Nakita Hemingway,122,51,14,1,56
Meriwether,Raleigh,Commissioner of Agriculture,,Dem,Nakita Hemingway,43,25,5,0,13
Meriwether,Cove,Commissioner of Agriculture,,Dem,Nakita Hemingway,7,2,0,0,5
Meriwether,Chalybeate,Commissioner of Agriculture,,Lib,David Raudabaugh,4,1,1,0,2
Meriwether,Gill I,Commissioner of Agriculture,,Lib,David Raudabaugh,22,3,1,0,18
Meriwether,Gill II,Commissioner of Agriculture,,Lib,David Raudabaugh,9,7,1,0,1
Meriwether,7th-Odessadale,Commissioner of Agriculture,,Lib,David Raudabaugh,3,1,0,0,2
Meriwether,8th-Greenville,Commissioner of Agriculture,,Lib,David Raudabaugh,24,16,0,0,8
Meriwether,Lone Oak,Commissioner of Agriculture,,Lib,David Raudabaugh,15,6,1,0,8
Meriwether,Luthersville,Commissioner of Agriculture,,Lib,David Raudabaugh,38,13,1,0,24
Meriwether,Upper 9th-Alvaton,Commissioner of Agriculture,,Lib,David Raudabaugh,15,3,0,0,12
Meriwether,Middle 9th-Gay,Commissioner of Agriculture,,Lib,David Raudabaugh,4,2,1,0,1
Meriwether,Lower 9th-Woodbury,Commissioner of Agriculture,,Lib,David Raudabaugh,8,2,0,0,6
Meriwether,2nd-Warm Springs,Commissioner of Agriculture,,Lib,David Raudabaugh,8,1,0,0,7
Meriwether,Third-Durand,Commissioner of Agriculture,,Lib,David Raudabaugh,6,3,1,0,2
Meriwether,Raleigh,Commissioner of Agriculture,,Lib,David Raudabaugh,7,5,0,0,2
Meriwether,Cove,Commissioner of Agriculture,,Lib,David Raudabaugh,2,1,0,0,1
Meriwether,Chalybeate,Commissioner of Insurance,,Rep,John King ,243,52,4,1,186
Meriwether,Gill I,Commissioner of Insurance,,Rep,John King ,584,213,28,0,343
Meriwether,Gill II,Commissioner of Insurance,,Rep,John King ,120,58,4,0,58
Meriwether,7th-Odessadale,Commissioner of Insurance,,Rep,John King ,138,65,4,0,69
Meriwether,8th-Greenville,Commissioner of Insurance,,Rep,John King ,590,342,25,0,223
Meriwether,Lone Oak,Commissioner of Insurance,,Rep,John King ,476,197,10,0,269
Meriwether,Luthersville,Commissioner of Insurance,,Rep,John King ,994,447,37,0,510
Meriwether,Upper 9th-Alvaton,Commissioner of Insurance,,Rep,John King ,683,246,20,0,417
Meriwether,Middle 9th-Gay,Commissioner of Insurance,,Rep,John King ,204,61,5,0,138
Meriwether,Lower 9th-Woodbury,Commissioner of Insurance,,Rep,John King ,446,208,18,1,219
Meriwether,2nd-Warm Springs,Commissioner of Insurance,,Rep,John King ,466,169,26,0,271
Meriwether,Third-Durand,Commissioner of Insurance,,Rep,John King ,302,110,11,0,181
Meriwether,Raleigh,Commissioner of Insurance,,Rep,John King ,263,121,9,0,133
Meriwether,Cove,Commissioner of Insurance,,Rep,John King ,136,33,4,0,99
Meriwether,Chalybeate,Commissioner of Insurance,,Dem,Janice Laws Robinson,43,15,12,0,16
Meriwether,Gill I,Commissioner of Insurance,,Dem,Janice Laws Robinson,300,107,31,0,162
Meriwether,Gill II,Commissioner of Insurance,,Dem,Janice Laws Robinson,398,146,58,0,194
Meriwether,7th-Odessadale,Commissioner of Insurance,,Dem,Janice Laws Robinson,74,23,15,0,36
Meriwether,8th-Greenville,Commissioner of Insurance,,Dem,Janice Laws Robinson,465,293,55,0,117
Meriwether,Lone Oak,Commissioner of Insurance,,Dem,Janice Laws Robinson,321,157,44,0,120
Meriwether,Luthersville,Commissioner of Insurance,,Dem,Janice Laws Robinson,496,232,54,0,210
Meriwether,Upper 9th-Alvaton,Commissioner of Insurance,,Dem,Janice Laws Robinson,269,90,28,0,151
Meriwether,Middle 9th-Gay,Commissioner of Insurance,,Dem,Janice Laws Robinson,52,19,7,0,26
Meriwether,Lower 9th-Woodbury,Commissioner of Insurance,,Dem,Janice Laws Robinson,321,106,20,0,195
Meriwether,2nd-Warm Springs,Commissioner of Insurance,,Dem,Janice Laws Robinson,194,73,11,0,110
Meriwether,Third-Durand,Commissioner of Insurance,,Dem,Janice Laws Robinson,125,54,14,1,56
Meriwether,Raleigh,Commissioner of Insurance,,Dem,Janice Laws Robinson,45,26,6,0,13
Meriwether,Cove,Commissioner of Insurance,,Dem,Janice Laws Robinson,9,2,0,0,7
Meriwether,Chalybeate,State School Superintendent,,Rep,Richard Woods ,245,54,4,1,186
Meriwether,Gill I,State School Superintendent,,Rep,Richard Woods ,578,209,28,0,341
Meriwether,Gill II,State School Superintendent,,Rep,Richard Woods ,119,59,4,0,56
Meriwether,7th-Odessadale,State School Superintendent,,Rep,Richard Woods ,137,65,4,0,68
Meriwether,8th-Greenville,State School Superintendent,,Rep,Richard Woods ,590,345,21,0,224
Meriwether,Lone Oak,State School Superintendent,,Rep,Richard Woods ,483,202,11,0,270
Meriwether,Luthersville,State School Superintendent,,Rep,Richard Woods ,1007,454,38,0,515
Meriwether,Upper 9th-Alvaton,State School Superintendent,,Rep,Richard Woods ,688,248,21,0,419
Meriwether,Middle 9th-Gay,State School Superintendent,,Rep,Richard Woods ,204,59,5,0,140
Meriwether,Lower 9th-Woodbury,State School Superintendent,,Rep,Richard Woods ,439,206,18,1,214
Meriwether,2nd-Warm Springs,State School Superintendent,,Rep,Richard Woods ,470,168,27,0,275
Meriwether,Third-Durand,State School Superintendent,,Rep,Richard Woods ,297,109,10,0,178
Meriwether,Raleigh,State School Superintendent,,Rep,Richard Woods ,264,122,9,0,133
Meriwether,Cove,State School Superintendent,,Rep,Richard Woods ,139,34,4,0,101
Meriwether,Chalybeate,State School Superintendent,,Dem,Alisha Thomas Searcy,43,15,12,0,16
Meriwether,Gill I,State School Superintendent,,Dem,Alisha Thomas Searcy,305,110,31,0,164
Meriwether,Gill II,State School Superintendent,,Dem,Alisha Thomas Searcy,396,144,58,0,194
Meriwether,7th-Odessadale,State School Superintendent,,Dem,Alisha Thomas Searcy,77,24,15,0,38
Meriwether,8th-Greenville,State School Superintendent,,Dem,Alisha Thomas Searcy,469,292,58,0,119
Meriwether,Lone Oak,State School Superintendent,,Dem,Alisha Thomas Searcy,313,152,43,0,118
Meriwether,Luthersville,State School Superintendent,,Dem,Alisha Thomas Searcy,487,226,53,0,208
Meriwether,Upper 9th-Alvaton,State School Superintendent,,Dem,Alisha Thomas Searcy,267,89,27,0,151
Meriwether,Middle 9th-Gay,State School Superintendent,,Dem,Alisha Thomas Searcy,51,21,7,0,23
Meriwether,Lower 9th-Woodbury,State School Superintendent,,Dem,Alisha Thomas Searcy,330,110,18,0,202
Meriwether,2nd-Warm Springs,State School Superintendent,,Dem,Alisha Thomas Searcy,193,75,10,0,108
Meriwether,Third-Durand,State School Superintendent,,Dem,Alisha Thomas Searcy,127,54,15,1,57
Meriwether,Raleigh,State School Superintendent,,Dem,Alisha Thomas Searcy,47,26,8,0,13
Meriwether,Cove,State School Superintendent,,Dem,Alisha Thomas Searcy,7,1,0,0,6
Meriwether,Chalybeate,Commissioner of Labor,,Rep,Bruce Thompson,243,52,4,1,186
Meriwether,Gill I,Commissioner of Labor,,Rep,Bruce Thompson,568,212,28,0,328
Meriwether,Gill II,Commissioner of Labor,,Rep,Bruce Thompson,118,57,4,0,57
Meriwether,7th-Odessadale,Commissioner of Labor,,Rep,Bruce Thompson,136,64,3,0,69
Meriwether,8th-Greenville,Commissioner of Labor,,Rep,Bruce Thompson,581,341,19,0,221
Meriwether,Lone Oak,Commissioner of Labor,,Rep,Bruce Thompson,469,198,9,0,262
Meriwether,Luthersville,Commissioner of Labor,,Rep,Bruce Thompson,996,449,37,0,510
Meriwether,Upper 9th-Alvaton,Commissioner of Labor,,Rep,Bruce Thompson,676,242,20,0,414
Meriwether,Middle 9th-Gay,Commissioner of Labor,,Rep,Bruce Thompson,203,59,5,0,139
Meriwether,Lower 9th-Woodbury,Commissioner of Labor,,Rep,Bruce Thompson,440,204,19,1,216
Meriwether,2nd-Warm Springs,Commissioner of Labor,,Rep,Bruce Thompson,459,168,26,0,265
Meriwether,Third-Durand,Commissioner of Labor,,Rep,Bruce Thompson,290,105,10,0,175
Meriwether,Raleigh,Commissioner of Labor,,Rep,Bruce Thompson,257,119,9,0,129
Meriwether,Cove,Commissioner of Labor,,Rep,Bruce Thompson,135,32,4,0,99
Meriwether,Chalybeate,Commissioner of Labor,,Dem,"William """"Will"""" Boddie, Jr",40,15,12,0,13
Meriwether,Gill I,Commissioner of Labor,,Dem,"William """"Will"""" Boddie, Jr",297,106,30,0,161
Meriwether,Gill II,Commissioner of Labor,,Dem,"William """"Will"""" Boddie, Jr",387,138,58,0,191
Meriwether,7th-Odessadale,Commissioner of Labor,,Dem,"William """"Will"""" Boddie, Jr",74,24,16,0,34
Meriwether,8th-Greenville,Commissioner of Labor,,Dem,"William """"Will"""" Boddie, Jr",469,295,59,0,115
Meriwether,Lone Oak,Commissioner of Labor,,Dem,"William """"Will"""" Boddie, Jr",309,147,43,0,119
Meriwether,Luthersville,Commissioner of Labor,,Dem,"William """"Will"""" Boddie, Jr",476,218,53,0,205
Meriwether,Upper 9th-Alvaton,Commissioner of Labor,,Dem,"William """"Will"""" Boddie, Jr",259,89,26,0,144
Meriwether,Middle 9th-Gay,Commissioner of Labor,,Dem,"William """"Will"""" Boddie, Jr",51,20,7,0,24
Meriwether,Lower 9th-Woodbury,Commissioner of Labor,,Dem,"William """"Will"""" Boddie, Jr",318,107,19,0,192
Meriwether,2nd-Warm Springs,Commissioner of Labor,,Dem,"William """"Will"""" Boddie, Jr",192,72,11,0,109
Meriwether,Third-Durand,Commissioner of Labor,,Dem,"William """"Will"""" Boddie, Jr",127,57,13,1,56
Meriwether,Raleigh,Commissioner of Labor,,Dem,"William """"Will"""" Boddie, Jr",50,26,8,0,16
Meriwether,Cove,Commissioner of Labor,,Dem,"William """"Will"""" Boddie, Jr",8,2,0,0,6
Meriwether,Chalybeate,Commissioner of Labor,,Lib,Emily Anderson,3,0,0,0,3
Meriwether,Gill I,Commissioner of Labor,,Lib,Emily Anderson,17,2,1,0,14
Meriwether,Gill II,Commissioner of Labor,,Lib,Emily Anderson,10,6,0,0,4
Meriwether,7th-Odessadale,Commissioner of Labor,,Lib,Emily Anderson,3,1,0,0,2
Meriwether,8th-Greenville,Commissioner of Labor,,Lib,Emily Anderson,14,7,0,0,7
Meriwether,Lone Oak,Commissioner of Labor,,Lib,Emily Anderson,16,8,2,0,6
Meriwether,Luthersville,Commissioner of Labor,,Lib,Emily Anderson,26,14,0,0,12
Meriwether,Upper 9th-Alvaton,Commissioner of Labor,,Lib,Emily Anderson,18,4,1,0,13
Meriwether,Middle 9th-Gay,Commissioner of Labor,,Lib,Emily Anderson,5,4,0,0,1
Meriwether,Lower 9th-Woodbury,Commissioner of Labor,,Lib,Emily Anderson,14,4,0,0,10
Meriwether,2nd-Warm Springs,Commissioner of Labor,,Lib,Emily Anderson,14,4,0,0,10
Meriwether,Third-Durand,Commissioner of Labor,,Lib,Emily Anderson,7,1,1,0,5
Meriwether,Raleigh,Commissioner of Labor,,Lib,Emily Anderson,6,4,0,0,2
Meriwether,Cove,Commissioner of Labor,,Lib,Emily Anderson,3,1,0,0,2
Meriwether,Chalybeate,U.S. House,,Rep,Drew Ferguson ,248,53,4,1,190
Meriwether,Gill I,U.S. House,,Rep,Drew Ferguson ,586,213,29,0,344
Meriwether,Gill II,U.S. House,,Rep,Drew Ferguson ,128,63,5,0,60
Meriwether,7th-Odessadale,U.S. House,,Rep,Drew Ferguson ,141,65,4,0,72
Meriwether,8th-Greenville,U.S. House,,Rep,Drew Ferguson ,604,353,24,0,227
Meriwether,Lone Oak,U.S. House,,Rep,Drew Ferguson ,483,203,10,0,270
Meriwether,Luthersville,U.S. House,,Rep,Drew Ferguson ,1010,458,36,0,516
Meriwether,Upper 9th-Alvaton,U.S. House,,Rep,Drew Ferguson ,696,248,22,0,426
Meriwether,Middle 9th-Gay,U.S. House,,Rep,Drew Ferguson ,205,60,4,0,141
Meriwether,Lower 9th-Woodbury,U.S. House,,Rep,Drew Ferguson ,449,204,18,1,226
Meriwether,2nd-Warm Springs,U.S. House,,Rep,Drew Ferguson ,469,170,24,0,275
Meriwether,Third-Durand,U.S. House,,Rep,Drew Ferguson ,301,112,10,0,179
Meriwether,Raleigh,U.S. House,,Rep,Drew Ferguson ,264,121,9,0,134
Meriwether,Cove,U.S. House,,Rep,Drew Ferguson ,137,33,4,0,100
Meriwether,Chalybeate,U.S. House,,Dem,Val Almonord,40,15,12,0,13
Meriwether,Gill I,U.S. House,,Dem,Val Almonord,298,106,32,0,160
Meriwether,Gill II,U.S. House,,Dem,Val Almonord,388,141,57,0,190
Meriwether,7th-Odessadale,U.S. House,,Dem,Val Almonord,71,22,15,0,34
Meriwether,8th-Greenville,U.S. House,,Dem,Val Almonord,460,289,57,0,114
Meriwether,Lone Oak,U.S. House,,Dem,Val Almonord,313,151,46,0,116
Meriwether,Luthersville,U.S. House,,Dem,Val Almonord,485,225,55,0,205
Meriwether,Upper 9th-Alvaton,U.S. House,,Dem,Val Almonord,256,89,25,0,142
Meriwether,Middle 9th-Gay,U.S. House,,Dem,Val Almonord,53,21,9,0,23
Meriwether,Lower 9th-Woodbury,U.S. House,,Dem,Val Almonord,325,112,19,0,194
Meriwether,2nd-Warm Springs,U.S. House,,Dem,Val Almonord,196,75,13,0,108
Meriwether,Third-Durand,U.S. House,,Dem,Val Almonord,122,51,14,1,56
Meriwether,Raleigh,U.S. House,,Dem,Val Almonord,50,28,8,0,14
Meriwether,Cove,U.S. House,,Dem,Val Almonord,9,2,0,0,7
Meriwether,Chalybeate,State Senate,,Rep,Randy Robertson ,248,54,4,1,189
Meriwether,Gill I,State Senate,,Rep,Randy Robertson ,581,210,29,0,342
Meriwether,Gill II,State Senate,,Rep,Randy Robertson ,119,58,4,0,57
Meriwether,7th-Odessadale,State Senate,,Rep,Randy Robertson ,139,65,4,0,70
Meriwether,8th-Greenville,State Senate,,Rep,Randy Robertson ,595,348,23,0,224
Meriwether,Lone Oak,State Senate,,Rep,Randy Robertson ,473,195,11,0,267
Meriwether,Luthersville,State Senate,,Rep,Randy Robertson ,1001,450,37,0,514
Meriwether,Upper 9th-Alvaton,State Senate,,Rep,Randy Robertson ,687,245,21,0,421
Meriwether,Middle 9th-Gay,State Senate,,Rep,Randy Robertson ,204,59,5,0,140
Meriwether,Lower 9th-Woodbury,State Senate,,Rep,Randy Robertson ,442,208,18,1,215
Meriwether,2nd-Warm Springs,State Senate,,Rep,Randy Robertson ,467,169,26,0,272
Meriwether,Third-Durand,State Senate,,Rep,Randy Robertson ,298,109,10,0,179
Meriwether,Raleigh,State Senate,,Rep,Randy Robertson ,265,122,10,0,133
Meriwether,Cove,State Senate,,Rep,Randy Robertson ,137,33,4,0,100
Meriwether,Chalybeate,State Senate,,Dem,Ellen Wright,40,14,12,0,14
Meriwether,Gill I,State Senate,,Dem,Ellen Wright,298,108,31,0,159
Meriwether,Gill II,State Senate,,Dem,Ellen Wright,393,142,58,0,193
Meriwether,7th-Odessadale,State Senate,,Dem,Ellen Wright,75,23,15,0,37
Meriwether,8th-Greenville,State Senate,,Dem,Ellen Wright,465,291,56,0,118
Meriwether,Lone Oak,State Senate,,Dem,Ellen Wright,319,157,43,0,119
Meriwether,Luthersville,State Senate,,Dem,Ellen Wright,498,233,55,0,210
Meriwether,Upper 9th-Alvaton,State Senate,,Dem,Ellen Wright,267,92,27,0,148
Meriwether,Middle 9th-Gay,State Senate,,Dem,Ellen Wright,53,22,6,0,25
Meriwether,Lower 9th-Woodbury,State Senate,,Dem,Ellen Wright,332,108,19,0,205
Meriwether,2nd-Warm Springs,State Senate,,Dem,Ellen Wright,198,75,11,0,112
Meriwether,Third-Durand,State Senate,,Dem,Ellen Wright,128,54,15,1,58
Meriwether,Raleigh,State Senate,,Dem,Ellen Wright,49,27,7,0,15
Meriwether,Cove,State Senate,,Dem,Ellen Wright,9,2,0,0,7
Meriwether,7th-Odessadale,State House,,Rep,David Jenkins ,172,76,7,0,89
Meriwether,8th-Greenville,State House,,Rep,David Jenkins ,810,478,45,0,287
Meriwether,Lone Oak,State House,,Rep,David Jenkins ,623,269,24,0,330
Meriwether,Luthersville,State House,,Rep,David Jenkins ,1219,562,46,0,611
Meriwether,Upper 9th-Alvaton,State House,,Rep,David Jenkins ,832,298,27,0,507
Meriwether,Middle 9th-Gay,State House,,Rep,David Jenkins ,231,68,8,0,155
Meriwether,Lower 9th-Woodbury,State House,,Rep,David Jenkins ,588,247,22,1,318
Meriwether,Raleigh,State House,,Rep,David Jenkins ,283,129,10,0,144
Meriwether,Cove,State House,,Rep,David Jenkins ,139,33,4,0,102
Meriwether,Chalybeate,State House,,Rep,Justin Rickett,217,48,4,1,164
Meriwether,Gill I,State House,,Rep,Justin Rickett,502,181,18,0,303
Meriwether,Gill II,State House,,Rep,Justin Rickett,111,52,3,0,56
Meriwether,2nd-Warm Springs,State House,,Rep,Justin Rickett,406,149,20,0,237
Meriwether,Third-Durand,State House,,Rep,Justin Rickett,286,103,7,0,176
Meriwether,Chalybeate,State House,,Dem,Debbie G. Buckner ,69,20,12,0,37
Meriwether,Gill I,State House,,Dem,Debbie G. Buckner ,375,138,41,0,196
Meriwether,Gill II,State House,,Dem,Debbie G. Buckner ,395,144,59,0,192
Meriwether,2nd-Warm Springs,State House,,Dem,Debbie G. Buckner ,250,90,17,0,143
Meriwether,Third-Durand,State House,,Dem,Debbie G. Buckner ,138,59,18,0,61
Meriwether,8th-Greenville,County Commission,,Rep,Gene King,58,38,0,0,20
Meriwether,Lone Oak,County Commission,,Rep,Gene King,142,41,5,0,96
Meriwether,Luthersville,County Commission,,Rep,Gene King,351,130,12,0,209
Meriwether,Upper 9th-Alvaton,County Commission,,Rep,Gene King,667,232,20,0,415
Meriwether,Middle 9th-Gay,County Commission,,Rep,Gene King,198,55,5,0,138
Meriwether,8th-Greenville,County Commission,,Dem,Katrina Robertson,21,15,4,0,2
Meriwether,Lone Oak,County Commission,,Dem,Katrina Robertson,145,67,15,0,63
Meriwether,Luthersville,County Commission,,Dem,Katrina Robertson,110,57,8,0,45
Meriwether,Upper 9th-Alvaton,County Commission,,Dem,Katrina Robertson,275,97,28,0,150
Meriwether,Middle 9th-Gay,County Commission,,Dem,Katrina Robertson,54,23,7,0,24
Meriwether,8th-Greenville,County Commission,,Rep,Emmett Collins,211,121,8,0,82
Meriwether,Luthersville,County Commission,,Rep,Emmett Collins,433,194,20,0,219
Meriwether,Lower 9th-Woodbury,County Commission,,Rep,Emmett Collins,467,213,20,1,233
Meriwether,Raleigh,County Commission,,Rep,Emmett Collins,50,29,4,0,17
Meriwether,Cove,County Commission,,Rep,Emmett Collins,141,33,4,0,104
Meriwether,8th-Greenville,County Commission,,Dem,Navarus Jamaal Mahone,113,77,12,0,24
Meriwether,Luthersville,County Commission,,Dem,Navarus Jamaal Mahone,95,42,17,0,36
Meriwether,Lower 9th-Woodbury,County Commission,,Dem,Navarus Jamaal Mahone,316,101,18,0,197
Meriwether,Raleigh,County Commission,,Dem,Navarus Jamaal Mahone,5,2,0,0,3
Meriwether,Cove,County Commission,,Dem,Navarus Jamaal Mahone,5,2,0,0,3
Meriwether,Gill I,County Commission,,Rep,Adam Worsley,74,32,7,0,35
Meriwether,Gill II,County Commission,,Rep,Adam Worsley,89,37,6,0,46
Meriwether,7th-Odessadale,County Commission,,Rep,Adam Worsley,68,32,2,0,34
Meriwether,8th-Greenville,County Commission,,Rep,Adam Worsley,98,49,7,0,42
Meriwether,2nd-Warm Springs,County Commission,,Rep,Adam Worsley,571,207,29,0,335
Meriwether,Third-Durand,County Commission,,Rep,Adam Worsley,364,135,14,0,215
Meriwether,Raleigh,County Commission,,Rep,Adam Worsley,235,105,7,0,123
Meriwether,8th-Greenville,County BOE,,Dem,"Willie A. Hinton, Jr. ",54,37,4,0,13
Meriwether,Lone Oak,County BOE,,Dem,"Willie A. Hinton, Jr. ",221,89,17,0,115
Meriwether,Luthersville,County BOE,,Dem,"Willie A. Hinton, Jr. ",320,127,18,0,175
Meriwether,Upper 9th-Alvaton,County BOE,,Dem,"Willie A. Hinton, Jr. ",633,215,39,0,379
Meriwether,Middle 9th-Gay,County BOE,,Dem,"Willie A. Hinton, Jr. ",159,50,8,0,101
Meriwether,7th-Odessadale,SPECIAL County BOE,,Dem,Christopher T. Owens ,90,39,13,0,38
Meriwether,8th-Greenville,SPECIAL County BOE,,Dem,Christopher T. Owens ,421,250,38,0,133
Meriwether,Lone Oak,SPECIAL County BOE,,Dem,Christopher T. Owens ,363,183,32,0,148
Meriwether,Luthersville,SPECIAL County BOE,,Dem,Christopher T. Owens ,383,190,28,0,165
Meriwether,8th-Greenville,County BOE,,Rep,Kay King ,207,116,8,0,83
Meriwether,Luthersville,County BOE,,Rep,Kay King ,425,190,21,0,214
Meriwether,Lower 9th-Woodbury,County BOE,,Rep,Kay King ,449,208,19,1,221
Meriwether,Raleigh,County BOE,,Rep,Kay King ,47,27,4,0,16
Meriwether,Cove,County BOE,,Rep,Kay King ,136,33,4,0,99
Meriwether,8th-Greenville,County BOE,,Dem,Wacheicqua Watson,116,81,12,0,23
Meriwether,Luthersville,County BOE,,Dem,Wacheicqua Watson,98,43,16,0,39
Meriwether,Lower 9th-Woodbury,County BOE,,Dem,Wacheicqua Watson,329,106,19,0,204
Meriwether,Raleigh,County BOE,,Dem,Wacheicqua Watson,8,3,0,0,5
Meriwether,Cove,County BOE,,Dem,Wacheicqua Watson,7,2,0,0,5
Meriwether,Gill I,County BOE,,Rep,Bob M. Patterson ,74,32,7,0,35
Meriwether,Gill II,County BOE,,Rep,Bob M. Patterson ,91,36,7,0,48
Meriwether,7th-Odessadale,County BOE,,Rep,Bob M. Patterson ,70,34,3,0,33
Meriwether,8th-Greenville,County BOE,,Rep,Bob M. Patterson ,97,49,6,0,42
Meriwether,2nd-Warm Springs,County BOE,,Rep,Bob M. Patterson ,576,210,29,0,337
Meriwether,Third-Durand,County BOE,,Rep,Bob M. Patterson ,363,136,14,0,213
Meriwether,Raleigh,County BOE,,Rep,Bob M. Patterson ,237,106,7,0,124
Meriwether,Chalybeate,Soil and Water Conservation District Supervisor,,,Ryan Scott Johnson ,254,58,16,1,179
Meriwether,Gill I,Soil and Water Conservation District Supervisor,,,Ryan Scott Johnson ,760,267,53,0,440
Meriwether,Gill II,Soil and Water Conservation District Supervisor,,,Ryan Scott Johnson ,374,152,52,0,170
Meriwether,7th-Odessadale,Soil and Water Conservation District Supervisor,,,Ryan Scott Johnson ,173,76,11,0,86
Meriwether,8th-Greenville,Soil and Water Conservation District Supervisor,,,Ryan Scott Johnson ,852,498,65,0,289
Meriwether,Lone Oak,Soil and Water Conservation District Supervisor,,,Ryan Scott Johnson ,602,272,42,0,288
Meriwether,Luthersville,Soil and Water Conservation District Supervisor,,,Ryan Scott Johnson ,1194,541,61,0,592
Meriwether,Upper 9th-Alvaton,Soil and Water Conservation District Supervisor,,,Ryan Scott Johnson ,722,263,29,0,430
Meriwether,Middle 9th-Gay,Soil and Water Conservation District Supervisor,,,Ryan Scott Johnson ,193,60,8,0,125
Meriwether,Lower 9th-Woodbury,Soil and Water Conservation District Supervisor,,,Ryan Scott Johnson ,603,254,25,0,324
Meriwether,2nd-Warm Springs,Soil and Water Conservation District Supervisor,,,Ryan Scott Johnson ,560,204,32,0,324
Meriwether,Third-Durand,Soil and Water Conservation District Supervisor,,,Ryan Scott Johnson ,349,134,14,1,200
Meriwether,Raleigh,Soil and Water Conservation District Supervisor,,,Ryan Scott Johnson ,274,127,11,0,136
Meriwether,Cove,Soil and Water Conservation District Supervisor,,,Ryan Scott Johnson ,134,32,4,0,98
Meriwether,Chalybeate,Proposed Constitutional Amendment 1,,,Yes,237,53,8,1,175
Meriwether,Gill I,Proposed Constitutional Amendment 1,,,Yes,760,274,49,0,437
Meriwether,Gill II,Proposed Constitutional Amendment 1,,,Yes,410,160,50,0,200
Meriwether,7th-Odessadale,Proposed Constitutional Amendment 1,,,Yes,181,73,17,0,91
Meriwether,8th-Greenville,Proposed Constitutional Amendment 1,,,Yes,891,548,62,0,281
Meriwether,Lone Oak,Proposed Constitutional Amendment 1,,,Yes,653,291,49,0,313
Meriwether,Luthersville,Proposed Constitutional Amendment 1,,,Yes,1227,573,78,0,576
Meriwether,Upper 9th-Alvaton,Proposed Constitutional Amendment 1,,,Yes,799,277,36,0,486
Meriwether,Middle 9th-Gay,Proposed Constitutional Amendment 1,,,Yes,218,69,11,0,138
Meriwether,Lower 9th-Woodbury,Proposed Constitutional Amendment 1,,,Yes,617,261,30,1,325
Meriwether,2nd-Warm Springs,Proposed Constitutional Amendment 1,,,Yes,573,210,33,0,330
Meriwether,Third-Durand,Proposed Constitutional Amendment 1,,,Yes,342,124,20,1,197
Meriwether,Raleigh,Proposed Constitutional Amendment 1,,,Yes,258,122,14,0,122
Meriwether,Cove,Proposed Constitutional Amendment 1,,,Yes,121,33,3,0,85
Meriwether,Chalybeate,Proposed Constitutional Amendment 1,,,No,40,12,8,0,20
Meriwether,Gill I,Proposed Constitutional Amendment 1,,,No,101,40,10,0,51
Meriwether,Gill II,Proposed Constitutional Amendment 1,,,No,91,37,10,0,44
Meriwether,7th-Odessadale,Proposed Constitutional Amendment 1,,,No,28,14,1,0,13
Meriwether,8th-Greenville,Proposed Constitutional Amendment 1,,,No,141,77,15,0,49
Meriwether,Lone Oak,Proposed Constitutional Amendment 1,,,No,111,48,4,0,59
Meriwether,Luthersville,Proposed Constitutional Amendment 1,,,No,220,89,12,0,119
Meriwether,Upper 9th-Alvaton,Proposed Constitutional Amendment 1,,,No,116,44,8,0,64
Meriwether,Middle 9th-Gay,Proposed Constitutional Amendment 1,,,No,32,12,1,0,19
Meriwether,Lower 9th-Woodbury,Proposed Constitutional Amendment 1,,,No,108,45,2,0,61
Meriwether,2nd-Warm Springs,Proposed Constitutional Amendment 1,,,No,69,28,3,0,38
Meriwether,Third-Durand,Proposed Constitutional Amendment 1,,,No,61,28,4,0,29
Meriwether,Raleigh,Proposed Constitutional Amendment 1,,,No,43,21,1,0,21
Meriwether,Cove,Proposed Constitutional Amendment 1,,,No,24,1,1,0,22
Meriwether,Chalybeate,Proposed Constitutional Amendment 2,,,Yes,254,61,15,1,177
Meriwether,Gill I,Proposed Constitutional Amendment 2,,,Yes,794,289,55,0,450
Meriwether,Gill II,Proposed Constitutional Amendment 2,,,Yes,450,174,57,0,219
Meriwether,7th-Odessadale,Proposed Constitutional Amendment 2,,,Yes,187,76,18,0,93
Meriwether,8th-Greenville,Proposed Constitutional Amendment 2,,,Yes,923,564,67,0,292
Meriwether,Lone Oak,Proposed Constitutional Amendment 2,,,Yes,713,314,53,0,346
Meriwether,Luthersville,Proposed Constitutional Amendment 2,,,Yes,1324,602,85,0,637
Meriwether,Upper 9th-Alvaton,Proposed Constitutional Amendment 2,,,Yes,838,294,37,0,507
Meriwether,Middle 9th-Gay,Proposed Constitutional Amendment 2,,,Yes,223,71,11,0,141
Meriwether,Lower 9th-Woodbury,Proposed Constitutional Amendment 2,,,Yes,679,282,34,1,362
Meriwether,2nd-Warm Springs,Proposed Constitutional Amendment 2,,,Yes,587,222,32,0,333
Meriwether,Third-Durand,Proposed Constitutional Amendment 2,,,Yes,378,136,23,1,218
Meriwether,Raleigh,Proposed Constitutional Amendment 2,,,Yes,270,127,14,0,129
Meriwether,Cove,Proposed Constitutional Amendment 2,,,Yes,123,30,2,0,91
Meriwether,Chalybeate,Proposed Constitutional Amendment 2,,,No,25,6,0,0,19
Meriwether,Gill I,Proposed Constitutional Amendment 2,,,No,75,27,4,0,44
Meriwether,Gill II,Proposed Constitutional Amendment 2,,,No,57,25,5,0,27
Meriwether,7th-Odessadale,Proposed Constitutional Amendment 2,,,No,25,12,1,0,12
Meriwether,8th-Greenville,Proposed Constitutional Amendment 2,,,No,121,66,8,0,47
Meriwether,Lone Oak,Proposed Constitutional Amendment 2,,,No,71,30,2,0,39
Meriwether,Luthersville,Proposed Constitutional Amendment 2,,,No,147,69,7,0,71
Meriwether,Upper 9th-Alvaton,Proposed Constitutional Amendment 2,,,No,95,35,7,0,53
Meriwether,Middle 9th-Gay,Proposed Constitutional Amendment 2,,,No,30,10,1,0,19
Meriwether,Lower 9th-Woodbury,Proposed Constitutional Amendment 2,,,No,67,31,1,0,35
Meriwether,2nd-Warm Springs,Proposed Constitutional Amendment 2,,,No,67,20,4,0,43
Meriwether,Third-Durand,Proposed Constitutional Amendment 2,,,No,36,21,1,0,14
Meriwether,Raleigh,Proposed Constitutional Amendment 2,,,No,36,19,1,0,16
Meriwether,Cove,Proposed Constitutional Amendment 2,,,No,23,5,2,0,16
Meriwether,Chalybeate,Statewide Referendum Question 1,,,Yes,180,41,8,1,130
Meriwether,Gill I,Statewide Referendum Question 1,,,Yes,546,203,26,0,317
Meriwether,Gill II,Statewide Referendum Question 1,,,Yes,309,107,35,0,167
Meriwether,7th-Odessadale,Statewide Referendum Question 1,,,Yes,134,59,11,0,64
Meriwether,8th-Greenville,Statewide Referendum Question 1,,,Yes,668,397,44,0,227
Meriwether,Lone Oak,Statewide Referendum Question 1,,,Yes,512,222,30,0,260
Meriwether,Luthersville,Statewide Referendum Question 1,,,Yes,939,402,51,0,486
Meriwether,Upper 9th-Alvaton,Statewide Referendum Question 1,,,Yes,594,210,23,0,361
Meriwether,Middle 9th-Gay,Statewide Referendum Question 1,,,Yes,173,55,7,0,111
Meriwether,Lower 9th-Woodbury,Statewide Referendum Question 1,,,Yes,488,191,16,0,281
Meriwether,2nd-Warm Springs,Statewide Referendum Question 1,,,Yes,412,146,23,0,243
Meriwether,Third-Durand,Statewide Referendum Question 1,,,Yes,278,99,15,1,163
Meriwether,Raleigh,Statewide Referendum Question 1,,,Yes,172,81,5,0,86
Meriwether,Cove,Statewide Referendum Question 1,,,Yes,87,19,2,0,66
Meriwether,Chalybeate,Statewide Referendum Question 1,,,No,95,23,7,0,65
Meriwether,Gill I,Statewide Referendum Question 1,,,No,307,108,31,0,168
Meriwether,Gill II,Statewide Referendum Question 1,,,No,186,86,27,0,73
Meriwether,7th-Odessadale,Statewide Referendum Question 1,,,No,78,29,7,0,42
Meriwether,8th-Greenville,Statewide Referendum Question 1,,,No,363,225,31,0,107
Meriwether,Lone Oak,Statewide Referendum Question 1,,,No,260,120,20,0,120
Meriwether,Luthersville,Statewide Referendum Question 1,,,No,512,258,39,0,215
Meriwether,Upper 9th-Alvaton,Statewide Referendum Question 1,,,No,328,115,19,0,194
Meriwether,Middle 9th-Gay,Statewide Referendum Question 1,,,No,77,26,4,0,47
Meriwether,Lower 9th-Woodbury,Statewide Referendum Question 1,,,No,240,118,15,1,106
Meriwether,2nd-Warm Springs,Statewide Referendum Question 1,,,No,230,89,13,0,128
Meriwether,Third-Durand,Statewide Referendum Question 1,,,No,132,55,9,0,68
Meriwether,Raleigh,Statewide Referendum Question 1,,,No,131,62,10,0,59
Meriwether,Cove,Statewide Referendum Question 1,,,No,57,15,2,0,40
Meriwether,Chalybeate,Statewide Referendum Question 2,,,Yes,227,54,10,1,162
Meriwether,Gill I,Statewide Referendum Question 2,,,Yes,680,244,40,0,396
Meriwether,Gill II,Statewide Referendum Question 2,,,Yes,371,142,39,0,190
Meriwether,7th-Odessadale,Statewide Referendum Question 2,,,Yes,174,77,12,0,85
Meriwether,8th-Greenville,Statewide Referendum Question 2,,,Yes,818,499,50,0,269
Meriwether,Lone Oak,Statewide Referendum Question 2,,,Yes,633,281,39,0,313
Meriwether,Luthersville,Statewide Referendum Question 2,,,Yes,1213,542,60,0,611
Meriwether,Upper 9th-Alvaton,Statewide Referendum Question 2,,,Yes,749,257,30,0,462
Meriwether,Middle 9th-Gay,Statewide Referendum Question 2,,,Yes,207,64,6,0,137
Meriwether,Lower 9th-Woodbury,Statewide Referendum Question 2,,,Yes,570,241,20,1,308
Meriwether,2nd-Warm Springs,Statewide Referendum Question 2,,,Yes,523,191,29,0,303
Meriwether,Third-Durand,Statewide Referendum Question 2,,,Yes,333,120,19,1,193
Meriwether,Raleigh,Statewide Referendum Question 2,,,Yes,239,112,5,0,122
Meriwether,Cove,Statewide Referendum Question 2,,,Yes,114,27,1,0,86
Meriwether,Chalybeate,Statewide Referendum Question 2,,,No,48,11,5,0,32
Meriwether,Gill I,Statewide Referendum Question 2,,,No,175,71,16,0,88
Meriwether,Gill II,Statewide Referendum Question 2,,,No,129,53,23,0,53
Meriwether,7th-Odessadale,Statewide Referendum Question 2,,,No,39,11,6,0,22
Meriwether,8th-Greenville,Statewide Referendum Question 2,,,No,221,128,25,0,68
Meriwether,Lone Oak,Statewide Referendum Question 2,,,No,141,62,12,0,67
Meriwether,Luthersville,Statewide Referendum Question 2,,,No,253,128,30,0,95
Meriwether,Upper 9th-Alvaton,Statewide Referendum Question 2,,,No,175,68,12,0,95
Meriwether,Middle 9th-Gay,Statewide Referendum Question 2,,,No,43,17,5,0,21
Meriwether,Lower 9th-Woodbury,Statewide Referendum Question 2,,,No,166,68,11,0,87
Meriwether,2nd-Warm Springs,Statewide Referendum Question 2,,,No,123,47,6,0,70
Meriwether,Third-Durand,Statewide Referendum Question 2,,,No,75,35,4,0,36
Meriwether,Raleigh,Statewide Referendum Question 2,,,No,64,31,10,0,23
Meriwether,Cove,Statewide Referendum Question 2,,,No,32,8,3,0,21
