county,precinct,office,district,party,candidate,votes,absentee_by_mail_votes,election_day_votes,provisional_votes,advance_voting_votes
Fulton,01A,U.S. Senate,,Rep,Herschel Walker,124,2,72,1,49
Fulton,01B,U.S. Senate,,Rep,Herschel Walker,174,0,147,0,27
Fulton,01C,U.S. Senate,,Rep,Herschel Walker,14,0,13,0,1
Fulton,01D,U.S. Senate,,Rep,Herschel Walker,26,0,19,0,7
Fulton,01E,U.S. Senate,,Rep,Herschel Walker,180,7,131,1,41
Fulton,01F,U.S. Senate,,Rep,Herschel Walker,4,0,3,0,1
Fulton,01G,U.S. Senate,,Rep,Herschel Walker,44,2,35,0,7
Fulton,01H,U.S. Senate,,Rep,Herschel Walker,9,0,6,0,3
Fulton,01I,U.S. Senate,,Rep,Herschel Walker,0,0,0,0,0
Fulton,01J,U.S. Senate,,Rep,Herschel Walker,24,4,11,0,9
Fulton,01P,U.S. Senate,,Rep,Herschel Walker,11,0,9,0,2
Fulton,01R,U.S. Senate,,Rep,Herschel Walker,4,0,4,0,0
Fulton,01S,U.S. Senate,,Rep,Herschel Walker,28,2,22,0,4
Fulton,01T,U.S. Senate,,Rep,Herschel Walker,39,1,31,0,7
Fulton,02A,U.S. Senate,,Rep,Herschel Walker,184,8,111,0,65
Fulton,02A1,U.S. Senate,,Rep,Herschel Walker,115,9,64,0,42
Fulton,02B,U.S. Senate,,Rep,Herschel Walker,72,6,47,0,19
Fulton,02C,U.S. Senate,,Rep,Herschel Walker,43,3,29,0,11
Fulton,02D,U.S. Senate,,Rep,Herschel Walker,192,3,150,1,38
Fulton,02E,U.S. Senate,,Rep,Herschel Walker,76,1,68,0,7
Fulton,02F1,U.S. Senate,,Rep,Herschel Walker,144,10,106,0,28
Fulton,02F2,U.S. Senate,,Rep,Herschel Walker,24,0,16,0,8
Fulton,02G,U.S. Senate,,Rep,Herschel Walker,169,4,129,0,36
Fulton,02J,U.S. Senate,,Rep,Herschel Walker,70,6,51,0,13
Fulton,02K,U.S. Senate,,Rep,Herschel Walker,80,5,59,2,14
Fulton,02L1,U.S. Senate,,Rep,Herschel Walker,275,14,182,0,79
Fulton,02L1A,U.S. Senate,,Rep,Herschel Walker,90,10,60,0,20
Fulton,02L2,U.S. Senate,,Rep,Herschel Walker,109,2,66,0,41
Fulton,02S,U.S. Senate,,Rep,Herschel Walker,13,1,10,0,2
Fulton,02W,U.S. Senate,,Rep,Herschel Walker,37,3,26,0,8
Fulton,03A,U.S. Senate,,Rep,Herschel Walker,24,0,18,0,6
Fulton,03B,U.S. Senate,,Rep,Herschel Walker,2,0,0,0,2
Fulton,03C,U.S. Senate,,Rep,Herschel Walker,23,2,12,0,9
Fulton,03D,U.S. Senate,,Rep,Herschel Walker,12,0,10,0,2
Fulton,03E,U.S. Senate,,Rep,Herschel Walker,27,0,18,1,8
Fulton,03F,U.S. Senate,,Rep,Herschel Walker,79,2,51,0,26
Fulton,03G,U.S. Senate,,Rep,Herschel Walker,6,0,6,0,0
Fulton,03H,U.S. Senate,,Rep,Herschel Walker,9,0,3,0,6
Fulton,03I,U.S. Senate,,Rep,Herschel Walker,32,1,15,0,16
Fulton,03L,U.S. Senate,,Rep,Herschel Walker,11,0,10,0,1
Fulton,03M,U.S. Senate,,Rep,Herschel Walker,46,0,39,0,7
Fulton,03N,U.S. Senate,,Rep,Herschel Walker,31,1,25,0,5
Fulton,03P1A,U.S. Senate,,Rep,Herschel Walker,122,7,77,0,38
Fulton,03P1B,U.S. Senate,,Rep,Herschel Walker,0,0,0,0,0
Fulton,03P2,U.S. Senate,,Rep,Herschel Walker,0,0,0,0,0
Fulton,03S,U.S. Senate,,Rep,Herschel Walker,8,1,5,0,2
Fulton,03T,U.S. Senate,,Rep,Herschel Walker,24,0,18,0,6
Fulton,04A,U.S. Senate,,Rep,Herschel Walker,8,2,4,0,2
Fulton,04B,U.S. Senate,,Rep,Herschel Walker,21,1,12,0,8
Fulton,04C,U.S. Senate,,Rep,Herschel Walker,0,0,0,0,0
Fulton,04D,U.S. Senate,,Rep,Herschel Walker,17,0,15,0,2
Fulton,04F,U.S. Senate,,Rep,Herschel Walker,43,3,29,0,11
Fulton,04G,U.S. Senate,,Rep,Herschel Walker,8,0,7,0,1
Fulton,04I,U.S. Senate,,Rep,Herschel Walker,18,5,9,0,4
Fulton,04J,U.S. Senate,,Rep,Herschel Walker,3,0,1,0,2
Fulton,04K,U.S. Senate,,Rep,Herschel Walker,17,1,11,0,5
Fulton,04L,U.S. Senate,,Rep,Herschel Walker,25,0,15,0,10
Fulton,04M,U.S. Senate,,Rep,Herschel Walker,5,0,4,0,1
Fulton,04S,U.S. Senate,,Rep,Herschel Walker,23,1,14,0,8
Fulton,04T,U.S. Senate,,Rep,Herschel Walker,17,0,12,0,5
Fulton,04V,U.S. Senate,,Rep,Herschel Walker,23,0,19,0,4
Fulton,04W,U.S. Senate,,Rep,Herschel Walker,1,0,0,0,1
Fulton,04X1,U.S. Senate,,Rep,Herschel Walker,27,0,17,0,10
Fulton,04X2,U.S. Senate,,Rep,Herschel Walker,12,1,9,0,2
Fulton,05A1,U.S. Senate,,Rep,Herschel Walker,105,4,82,0,19
Fulton,05A2,U.S. Senate,,Rep,Herschel Walker,102,1,74,0,27
Fulton,05B,U.S. Senate,,Rep,Herschel Walker,21,1,17,0,3
Fulton,05C,U.S. Senate,,Rep,Herschel Walker,1,0,0,0,1
Fulton,05D,U.S. Senate,,Rep,Herschel Walker,4,0,2,0,2
Fulton,05F,U.S. Senate,,Rep,Herschel Walker,1,0,1,0,0
Fulton,05J,U.S. Senate,,Rep,Herschel Walker,22,2,17,0,3
Fulton,05K,U.S. Senate,,Rep,Herschel Walker,26,0,16,0,10
Fulton,06B,U.S. Senate,,Rep,Herschel Walker,118,3,88,0,27
Fulton,06D,U.S. Senate,,Rep,Herschel Walker,201,13,153,0,35
Fulton,06D1,U.S. Senate,,Rep,Herschel Walker,308,16,206,1,85
Fulton,06D2,U.S. Senate,,Rep,Herschel Walker,226,12,156,1,57
Fulton,06E,U.S. Senate,,Rep,Herschel Walker,137,10,96,0,31
Fulton,06F,U.S. Senate,,Rep,Herschel Walker,163,8,107,0,48
Fulton,06G,U.S. Senate,,Rep,Herschel Walker,26,1,20,0,5
Fulton,06I,U.S. Senate,,Rep,Herschel Walker,78,2,52,1,23
Fulton,06J,U.S. Senate,,Rep,Herschel Walker,186,7,137,0,42
Fulton,06L1,U.S. Senate,,Rep,Herschel Walker,107,8,61,0,38
Fulton,06L2,U.S. Senate,,Rep,Herschel Walker,117,4,95,0,18
Fulton,06N,U.S. Senate,,Rep,Herschel Walker,242,8,139,0,95
Fulton,06Q,U.S. Senate,,Rep,Herschel Walker,9,0,8,0,1
Fulton,06R,U.S. Senate,,Rep,Herschel Walker,138,10,79,0,49
Fulton,07A,U.S. Senate,,Rep,Herschel Walker,514,18,304,0,192
Fulton,07A1,U.S. Senate,,Rep,Herschel Walker,572,52,250,5,265
Fulton,07B,U.S. Senate,,Rep,Herschel Walker,921,27,594,0,300
Fulton,07C,U.S. Senate,,Rep,Herschel Walker,717,96,311,0,310
Fulton,07D,U.S. Senate,,Rep,Herschel Walker,331,10,229,1,91
Fulton,07D1,U.S. Senate,,Rep,Herschel Walker,251,6,162,4,79
Fulton,07E,U.S. Senate,,Rep,Herschel Walker,275,22,130,0,123
Fulton,07F,U.S. Senate,,Rep,Herschel Walker,586,16,388,0,182
Fulton,07H,U.S. Senate,,Rep,Herschel Walker,413,9,266,0,138
Fulton,07J,U.S. Senate,,Rep,Herschel Walker,479,12,332,1,134
Fulton,07M,U.S. Senate,,Rep,Herschel Walker,190,10,110,0,70
Fulton,07N,U.S. Senate,,Rep,Herschel Walker,77,4,48,2,23
Fulton,08A,U.S. Senate,,Rep,Herschel Walker,702,32,331,1,338
Fulton,08B,U.S. Senate,,Rep,Herschel Walker,879,19,442,0,418
Fulton,08C,U.S. Senate,,Rep,Herschel Walker,89,3,41,0,45
Fulton,08C1,U.S. Senate,,Rep,Herschel Walker,380,14,171,3,192
Fulton,08D,U.S. Senate,,Rep,Herschel Walker,383,15,175,0,193
Fulton,08E,U.S. Senate,,Rep,Herschel Walker,757,22,429,1,305
Fulton,08F1,U.S. Senate,,Rep,Herschel Walker,684,18,401,4,261
Fulton,08F2,U.S. Senate,,Rep,Herschel Walker,1,0,0,0,1
Fulton,08G,U.S. Senate,,Rep,Herschel Walker,407,23,196,1,187
Fulton,08H,U.S. Senate,,Rep,Herschel Walker,724,29,374,1,320
Fulton,08J,U.S. Senate,,Rep,Herschel Walker,633,10,437,0,186
Fulton,08K,U.S. Senate,,Rep,Herschel Walker,159,0,124,0,35
Fulton,08L,U.S. Senate,,Rep,Herschel Walker,460,22,278,1,159
Fulton,08M,U.S. Senate,,Rep,Herschel Walker,606,11,374,1,220
Fulton,08N1,U.S. Senate,,Rep,Herschel Walker,239,2,141,0,96
Fulton,08N2,U.S. Senate,,Rep,Herschel Walker,307,23,174,0,110
Fulton,08P,U.S. Senate,,Rep,Herschel Walker,80,4,55,0,21
Fulton,09A,U.S. Senate,,Rep,Herschel Walker,356,3,215,0,138
Fulton,09B,U.S. Senate,,Rep,Herschel Walker,0,0,0,0,0
Fulton,09C,U.S. Senate,,Rep,Herschel Walker,26,2,15,0,9
Fulton,09D,U.S. Senate,,Rep,Herschel Walker,21,0,14,0,7
Fulton,09E,U.S. Senate,,Rep,Herschel Walker,54,1,29,0,24
Fulton,09F,U.S. Senate,,Rep,Herschel Walker,671,21,392,1,257
Fulton,09G,U.S. Senate,,Rep,Herschel Walker,258,7,175,0,76
Fulton,09H,U.S. Senate,,Rep,Herschel Walker,48,3,28,0,17
Fulton,09I,U.S. Senate,,Rep,Herschel Walker,21,0,14,0,7
Fulton,09K,U.S. Senate,,Rep,Herschel Walker,27,0,21,0,6
Fulton,09K1,U.S. Senate,,Rep,Herschel Walker,36,1,15,0,20
Fulton,09M,U.S. Senate,,Rep,Herschel Walker,180,1,110,1,68
Fulton,10A,U.S. Senate,,Rep,Herschel Walker,30,0,18,1,11
Fulton,10B,U.S. Senate,,Rep,Herschel Walker,40,0,21,0,19
Fulton,10C,U.S. Senate,,Rep,Herschel Walker,11,0,7,0,4
Fulton,10D,U.S. Senate,,Rep,Herschel Walker,4,0,0,0,4
Fulton,10D2,U.S. Senate,,Rep,Herschel Walker,8,0,4,0,4
Fulton,10D1,U.S. Senate,,Rep,Herschel Walker,15,0,4,0,11
Fulton,10E,U.S. Senate,,Rep,Herschel Walker,7,0,3,0,4
Fulton,10F,U.S. Senate,,Rep,Herschel Walker,11,0,6,0,5
Fulton,10G,U.S. Senate,,Rep,Herschel Walker,22,3,15,0,4
Fulton,10H1,U.S. Senate,,Rep,Herschel Walker,2,0,1,0,1
Fulton,10H2,U.S. Senate,,Rep,Herschel Walker,26,3,12,0,11
Fulton,10I,U.S. Senate,,Rep,Herschel Walker,7,0,7,0,0
Fulton,10J,U.S. Senate,,Rep,Herschel Walker,11,1,9,0,1
Fulton,10K,U.S. Senate,,Rep,Herschel Walker,24,0,12,0,12
Fulton,10M,U.S. Senate,,Rep,Herschel Walker,28,2,16,0,10
Fulton,10P,U.S. Senate,,Rep,Herschel Walker,10,0,8,0,2
Fulton,10R,U.S. Senate,,Rep,Herschel Walker,4,1,3,0,0
Fulton,11B,U.S. Senate,,Rep,Herschel Walker,22,0,10,0,12
Fulton,11B2,U.S. Senate,,Rep,Herschel Walker,0,0,0,0,0
Fulton,11B1,U.S. Senate,,Rep,Herschel Walker,14,0,12,0,2
Fulton,11C,U.S. Senate,,Rep,Herschel Walker,0,0,0,0,0
Fulton,11C2,U.S. Senate,,Rep,Herschel Walker,13,0,5,0,8
Fulton,11C3,U.S. Senate,,Rep,Herschel Walker,10,0,3,0,7
Fulton,11E1,U.S. Senate,,Rep,Herschel Walker,12,0,10,0,2
Fulton,11E2,U.S. Senate,,Rep,Herschel Walker,14,0,7,0,7
Fulton,11E3,U.S. Senate,,Rep,Herschel Walker,26,0,14,0,12
Fulton,11G,U.S. Senate,,Rep,Herschel Walker,9,1,5,0,3
Fulton,11H,U.S. Senate,,Rep,Herschel Walker,17,0,11,0,6
Fulton,11J,U.S. Senate,,Rep,Herschel Walker,23,2,14,0,7
Fulton,11K,U.S. Senate,,Rep,Herschel Walker,24,0,14,1,9
Fulton,11M,U.S. Senate,,Rep,Herschel Walker,14,0,10,0,4
Fulton,11M1,U.S. Senate,,Rep,Herschel Walker,13,0,8,0,5
Fulton,11N,U.S. Senate,,Rep,Herschel Walker,37,3,20,0,14
Fulton,11P,U.S. Senate,,Rep,Herschel Walker,12,0,8,0,4
Fulton,11R,U.S. Senate,,Rep,Herschel Walker,12,0,9,1,2
Fulton,12A,U.S. Senate,,Rep,Herschel Walker,40,0,25,0,15
Fulton,12A1,U.S. Senate,,Rep,Herschel Walker,57,3,40,0,14
Fulton,12D,U.S. Senate,,Rep,Herschel Walker,15,0,11,0,4
Fulton,12E1,U.S. Senate,,Rep,Herschel Walker,12,3,7,0,2
Fulton,12E2,U.S. Senate,,Rep,Herschel Walker,0,0,0,0,0
Fulton,12F,U.S. Senate,,Rep,Herschel Walker,13,0,9,1,3
Fulton,12G,U.S. Senate,,Rep,Herschel Walker,7,0,5,0,2
Fulton,12H1,U.S. Senate,,Rep,Herschel Walker,10,1,8,0,1
Fulton,12H2,U.S. Senate,,Rep,Herschel Walker,19,0,16,0,3
Fulton,12I,U.S. Senate,,Rep,Herschel Walker,6,0,4,0,2
Fulton,12J,U.S. Senate,,Rep,Herschel Walker,35,2,24,0,9
Fulton,12K,U.S. Senate,,Rep,Herschel Walker,46,0,30,1,15
Fulton,12L,U.S. Senate,,Rep,Herschel Walker,3,0,3,0,0
Fulton,12M,U.S. Senate,,Rep,Herschel Walker,21,1,13,0,7
Fulton,12N,U.S. Senate,,Rep,Herschel Walker,4,2,1,0,1
Fulton,12S,U.S. Senate,,Rep,Herschel Walker,13,0,10,0,3
Fulton,AP01A,U.S. Senate,,Rep,Herschel Walker,1125,47,592,2,484
Fulton,AP01B,U.S. Senate,,Rep,Herschel Walker,260,13,136,1,110
Fulton,AP01C,U.S. Senate,,Rep,Herschel Walker,561,18,291,3,249
Fulton,AP01D,U.S. Senate,,Rep,Herschel Walker,181,6,120,1,54
Fulton,AP01E,U.S. Senate,,Rep,Herschel Walker,0,0,0,0,0
Fulton,AP021,U.S. Senate,,Rep,Herschel Walker,857,20,533,1,303
Fulton,AP022,U.S. Senate,,Rep,Herschel Walker,420,14,232,0,174
Fulton,AP023,U.S. Senate,,Rep,Herschel Walker,134,15,66,0,53
Fulton,AP02B,U.S. Senate,,Rep,Herschel Walker,125,12,58,1,54
Fulton,AP03,U.S. Senate,,Rep,Herschel Walker,51,0,37,0,14
Fulton,AP04A,U.S. Senate,,Rep,Herschel Walker,526,17,322,0,187
Fulton,AP04B,U.S. Senate,,Rep,Herschel Walker,126,4,91,0,31
Fulton,AP05,U.S. Senate,,Rep,Herschel Walker,1242,38,730,2,472
Fulton,AP06,U.S. Senate,,Rep,Herschel Walker,597,11,383,0,203
Fulton,AP07A,U.S. Senate,,Rep,Herschel Walker,916,42,477,1,396
Fulton,AP07C,U.S. Senate,,Rep,Herschel Walker,285,8,174,0,103
Fulton,AP07B,U.S. Senate,,Rep,Herschel Walker,194,5,121,0,68
Fulton,AP09A,U.S. Senate,,Rep,Herschel Walker,942,33,539,0,370
Fulton,AP09B,U.S. Senate,,Rep,Herschel Walker,139,0,82,1,56
Fulton,AP10,U.S. Senate,,Rep,Herschel Walker,316,4,179,0,133
Fulton,AP12A,U.S. Senate,,Rep,Herschel Walker,95,3,65,0,27
Fulton,AP12B,U.S. Senate,,Rep,Herschel Walker,133,16,64,0,53
Fulton,AP12C,U.S. Senate,,Rep,Herschel Walker,634,29,304,3,298
Fulton,AP12D,U.S. Senate,,Rep,Herschel Walker,0,0,0,0,0
Fulton,AP14,U.S. Senate,,Rep,Herschel Walker,12,0,10,0,2
Fulton,AP14A,U.S. Senate,,Rep,Herschel Walker,757,19,373,2,363
Fulton,CH01,U.S. Senate,,Rep,Herschel Walker,41,2,9,0,30
Fulton,CH02,U.S. Senate,,Rep,Herschel Walker,104,2,42,0,60
Fulton,CH03,U.S. Senate,,Rep,Herschel Walker,156,1,87,0,68
Fulton,CH04A,U.S. Senate,,Rep,Herschel Walker,232,2,86,0,144
Fulton,CH04B,U.S. Senate,,Rep,Herschel Walker,1,0,0,0,1
Fulton,CH05,U.S. Senate,,Rep,Herschel Walker,163,0,64,0,99
Fulton,CP011,U.S. Senate,,Rep,Herschel Walker,65,4,37,0,24
Fulton,CP012,U.S. Senate,,Rep,Herschel Walker,82,1,49,0,32
Fulton,CP01B,U.S. Senate,,Rep,Herschel Walker,50,0,33,0,17
Fulton,CP02,U.S. Senate,,Rep,Herschel Walker,52,3,27,0,22
Fulton,CP04A,U.S. Senate,,Rep,Herschel Walker,1,0,1,0,0
Fulton,CP04B,U.S. Senate,,Rep,Herschel Walker,1,0,1,0,0
Fulton,CP051,U.S. Senate,,Rep,Herschel Walker,2,0,2,0,0
Fulton,CP05C,U.S. Senate,,Rep,Herschel Walker,12,1,6,1,4
Fulton,CP052,U.S. Senate,,Rep,Herschel Walker,0,0,0,0,0
Fulton,CP05B,U.S. Senate,,Rep,Herschel Walker,2,0,2,0,0
Fulton,CP06A,U.S. Senate,,Rep,Herschel Walker,3,0,2,0,1
Fulton,CP06B,U.S. Senate,,Rep,Herschel Walker,0,0,0,0,0
Fulton,CP07A,U.S. Senate,,Rep,Herschel Walker,5,1,4,0,0
Fulton,CP07B,U.S. Senate,,Rep,Herschel Walker,0,0,0,0,0
Fulton,CP07C,U.S. Senate,,Rep,Herschel Walker,1,0,0,0,1
Fulton,CP07D,U.S. Senate,,Rep,Herschel Walker,0,0,0,0,0
Fulton,CP07E,U.S. Senate,,Rep,Herschel Walker,0,0,0,0,0
Fulton,CP07F,U.S. Senate,,Rep,Herschel Walker,2,0,2,0,0
Fulton,CP081,U.S. Senate,,Rep,Herschel Walker,2,0,2,0,0
Fulton,CP083,U.S. Senate,,Rep,Herschel Walker,1,0,1,0,0
Fulton,CP084,U.S. Senate,,Rep,Herschel Walker,0,0,0,0,0
Fulton,CP08A,U.S. Senate,,Rep,Herschel Walker,2,0,2,0,0
Fulton,EP01A,U.S. Senate,,Rep,Herschel Walker,72,2,55,0,15
Fulton,EP01B,U.S. Senate,,Rep,Herschel Walker,43,0,27,0,16
Fulton,EP01C,U.S. Senate,,Rep,Herschel Walker,30,2,15,0,13
Fulton,EP02A,U.S. Senate,,Rep,Herschel Walker,30,1,17,0,12
Fulton,EP02B,U.S. Senate,,Rep,Herschel Walker,108,7,63,0,38
Fulton,EP02C,U.S. Senate,,Rep,Herschel Walker,22,2,11,0,9
Fulton,EP02D,U.S. Senate,,Rep,Herschel Walker,4,0,4,0,0
Fulton,EP02E,U.S. Senate,,Rep,Herschel Walker,22,2,12,0,8
Fulton,EP03A,U.S. Senate,,Rep,Herschel Walker,94,4,58,0,32
Fulton,EP03B,U.S. Senate,,Rep,Herschel Walker,27,3,14,0,10
Fulton,EP04A,U.S. Senate,,Rep,Herschel Walker,15,0,11,0,4
Fulton,EP04B,U.S. Senate,,Rep,Herschel Walker,24,0,17,0,7
Fulton,EP04C,U.S. Senate,,Rep,Herschel Walker,31,2,16,0,13
Fulton,FA01A,U.S. Senate,,Rep,Herschel Walker,156,6,51,0,99
Fulton,FA01B,U.S. Senate,,Rep,Herschel Walker,204,10,96,0,98
Fulton,FA01C,U.S. Senate,,Rep,Herschel Walker,21,0,15,0,6
Fulton,FA01D,U.S. Senate,,Rep,Herschel Walker,13,0,4,0,9
Fulton,FC02,U.S. Senate,,Rep,Herschel Walker,3,0,3,0,0
Fulton,HP01,U.S. Senate,,Rep,Herschel Walker,331,10,266,1,54
Fulton,JC01,U.S. Senate,,Rep,Herschel Walker,710,11,421,1,277
Fulton,JC01A,U.S. Senate,,Rep,Herschel Walker,291,3,195,0,93
Fulton,JC02,U.S. Senate,,Rep,Herschel Walker,517,15,296,0,206
Fulton,JC03A,U.S. Senate,,Rep,Herschel Walker,139,1,97,0,41
Fulton,JC03B,U.S. Senate,,Rep,Herschel Walker,253,5,170,1,77
Fulton,JC04A,U.S. Senate,,Rep,Herschel Walker,643,6,347,1,289
Fulton,JC04B,U.S. Senate,,Rep,Herschel Walker,59,3,35,0,21
Fulton,JC04C,U.S. Senate,,Rep,Herschel Walker,204,6,120,1,77
Fulton,JC05,U.S. Senate,,Rep,Herschel Walker,424,4,251,4,165
Fulton,JC06,U.S. Senate,,Rep,Herschel Walker,645,29,356,4,256
Fulton,JC07,U.S. Senate,,Rep,Herschel Walker,809,21,466,2,320
Fulton,JC08,U.S. Senate,,Rep,Herschel Walker,658,9,395,0,254
Fulton,JC09,U.S. Senate,,Rep,Herschel Walker,566,17,340,1,208
Fulton,JC10,U.S. Senate,,Rep,Herschel Walker,407,13,245,0,149
Fulton,JC11,U.S. Senate,,Rep,Herschel Walker,877,23,449,0,405
Fulton,JC12,U.S. Senate,,Rep,Herschel Walker,963,40,430,0,493
Fulton,JC13A,U.S. Senate,,Rep,Herschel Walker,738,19,393,0,326
Fulton,JC13B,U.S. Senate,,Rep,Herschel Walker,110,2,56,0,52
Fulton,JC14,U.S. Senate,,Rep,Herschel Walker,667,7,344,1,315
Fulton,JC15,U.S. Senate,,Rep,Herschel Walker,140,6,86,0,48
Fulton,JC16,U.S. Senate,,Rep,Herschel Walker,600,12,382,1,205
Fulton,JC18,U.S. Senate,,Rep,Herschel Walker,817,19,487,0,311
Fulton,JC19A,U.S. Senate,,Rep,Herschel Walker,623,13,365,1,244
Fulton,JC19,U.S. Senate,,Rep,Herschel Walker,286,12,184,0,90
Fulton,ML01A,U.S. Senate,,Rep,Herschel Walker,878,15,527,0,336
Fulton,ML01B,U.S. Senate,,Rep,Herschel Walker,209,4,117,0,88
Fulton,ML01C,U.S. Senate,,Rep,Herschel Walker,47,2,24,0,21
Fulton,ML02A,U.S. Senate,,Rep,Herschel Walker,1045,17,737,0,291
Fulton,ML02B,U.S. Senate,,Rep,Herschel Walker,680,7,428,0,245
Fulton,ML03,U.S. Senate,,Rep,Herschel Walker,1255,30,761,3,461
Fulton,ML03A,U.S. Senate,,Rep,Herschel Walker,212,4,151,1,56
Fulton,ML04,U.S. Senate,,Rep,Herschel Walker,1069,30,667,1,371
Fulton,ML05,U.S. Senate,,Rep,Herschel Walker,1169,31,736,1,401
Fulton,ML06A,U.S. Senate,,Rep,Herschel Walker,230,11,138,0,81
Fulton,ML06B,U.S. Senate,,Rep,Herschel Walker,414,12,259,1,142
Fulton,ML07A,U.S. Senate,,Rep,Herschel Walker,290,6,202,0,82
Fulton,ML07B,U.S. Senate,,Rep,Herschel Walker,593,22,410,0,161
Fulton,MP01,U.S. Senate,,Rep,Herschel Walker,131,1,122,0,8
Fulton,PA01,U.S. Senate,,Rep,Herschel Walker,255,21,60,2,172
Fulton,RW01,U.S. Senate,,Rep,Herschel Walker,1541,81,850,0,610
Fulton,RW02,U.S. Senate,,Rep,Herschel Walker,1074,28,651,0,395
Fulton,RW03,U.S. Senate,,Rep,Herschel Walker,148,4,80,0,64
Fulton,RW03B,U.S. Senate,,Rep,Herschel Walker,334,15,195,0,124
Fulton,RW03A,U.S. Senate,,Rep,Herschel Walker,133,8,77,0,48
Fulton,RW03C,U.S. Senate,,Rep,Herschel Walker,269,6,151,0,112
Fulton,RW04,U.S. Senate,,Rep,Herschel Walker,472,21,268,0,183
Fulton,RW05,U.S. Senate,,Rep,Herschel Walker,309,14,173,1,121
Fulton,RW05A,U.S. Senate,,Rep,Herschel Walker,98,7,59,1,31
Fulton,RW06,U.S. Senate,,Rep,Herschel Walker,643,15,454,0,174
Fulton,RW07A,U.S. Senate,,Rep,Herschel Walker,59,1,41,0,17
Fulton,RW07B,U.S. Senate,,Rep,Herschel Walker,37,3,31,0,3
Fulton,RW08,U.S. Senate,,Rep,Herschel Walker,757,45,429,0,283
Fulton,RW09,U.S. Senate,,Rep,Herschel Walker,1388,47,832,0,509
Fulton,RW09A,U.S. Senate,,Rep,Herschel Walker,807,21,496,0,290
Fulton,RW10,U.S. Senate,,Rep,Herschel Walker,863,19,511,2,331
Fulton,RW10A,U.S. Senate,,Rep,Herschel Walker,287,9,153,0,125
Fulton,RW11A,U.S. Senate,,Rep,Herschel Walker,587,19,319,0,249
Fulton,RW11B,U.S. Senate,,Rep,Herschel Walker,0,0,0,0,0
Fulton,RW12,U.S. Senate,,Rep,Herschel Walker,983,15,683,0,285
Fulton,RW12A,U.S. Senate,,Rep,Herschel Walker,911,35,547,3,326
Fulton,RW13,U.S. Senate,,Rep,Herschel Walker,947,20,602,4,321
Fulton,RW16,U.S. Senate,,Rep,Herschel Walker,600,19,393,1,187
Fulton,RW17,U.S. Senate,,Rep,Herschel Walker,516,14,347,1,154
Fulton,RW19,U.S. Senate,,Rep,Herschel Walker,678,22,449,1,206
Fulton,RW20,U.S. Senate,,Rep,Herschel Walker,732,20,441,3,268
Fulton,RW21,U.S. Senate,,Rep,Herschel Walker,69,5,28,0,36
Fulton,RW21A,U.S. Senate,,Rep,Herschel Walker,924,12,557,1,354
Fulton,RW22A,U.S. Senate,,Rep,Herschel Walker,641,13,391,1,236
Fulton,RW22C,U.S. Senate,,Rep,Herschel Walker,0,0,0,0,0
Fulton,RW22B,U.S. Senate,,Rep,Herschel Walker,0,0,0,0,0
Fulton,SC01A,U.S. Senate,,Rep,Herschel Walker,3,0,2,0,1
Fulton,SC01B,U.S. Senate,,Rep,Herschel Walker,20,0,9,0,11
Fulton,SC01C,U.S. Senate,,Rep,Herschel Walker,36,5,8,0,23
Fulton,SC02,U.S. Senate,,Rep,Herschel Walker,14,1,6,0,7
Fulton,SC02A,U.S. Senate,,Rep,Herschel Walker,12,2,4,0,6
Fulton,SC04,U.S. Senate,,Rep,Herschel Walker,137,2,67,0,68
Fulton,SC05A,U.S. Senate,,Rep,Herschel Walker,4,0,3,0,1
Fulton,SC05B,U.S. Senate,,Rep,Herschel Walker,3,0,1,0,2
Fulton,SC05C,U.S. Senate,,Rep,Herschel Walker,38,1,14,0,23
Fulton,SC05D,U.S. Senate,,Rep,Herschel Walker,37,4,15,0,18
Fulton,SC05E,U.S. Senate,,Rep,Herschel Walker,33,0,12,0,21
Fulton,SC07A,U.S. Senate,,Rep,Herschel Walker,179,9,54,0,116
Fulton,SC07B,U.S. Senate,,Rep,Herschel Walker,0,0,0,0,0
Fulton,SC07C,U.S. Senate,,Rep,Herschel Walker,0,0,0,0,0
Fulton,SC07D,U.S. Senate,,Rep,Herschel Walker,8,0,2,0,6
Fulton,SC07E,U.S. Senate,,Rep,Herschel Walker,52,0,14,0,38
Fulton,SC08A,U.S. Senate,,Rep,Herschel Walker,0,0,0,0,0
Fulton,SC08J,U.S. Senate,,Rep,Herschel Walker,0,0,0,0,0
Fulton,SC08B,U.S. Senate,,Rep,Herschel Walker,42,1,21,0,20
Fulton,SC08I,U.S. Senate,,Rep,Herschel Walker,4,1,0,0,3
Fulton,SC08C,U.S. Senate,,Rep,Herschel Walker,0,0,0,0,0
Fulton,SC08D,U.S. Senate,,Rep,Herschel Walker,1,0,1,0,0
Fulton,SC08E,U.S. Senate,,Rep,Herschel Walker,6,0,5,0,1
Fulton,SC08F,U.S. Senate,,Rep,Herschel Walker,9,2,4,0,3
Fulton,SC08G,U.S. Senate,,Rep,Herschel Walker,0,0,0,0,0
Fulton,SC08H,U.S. Senate,,Rep,Herschel Walker,0,0,0,0,0
Fulton,SC09A,U.S. Senate,,Rep,Herschel Walker,18,0,8,0,10
Fulton,SC09B,U.S. Senate,,Rep,Herschel Walker,21,0,4,0,17
Fulton,SC09C,U.S. Senate,,Rep,Herschel Walker,26,2,15,0,9
Fulton,SC10,U.S. Senate,,Rep,Herschel Walker,17,0,11,0,6
Fulton,SC11A,U.S. Senate,,Rep,Herschel Walker,18,1,9,0,8
Fulton,SC11B,U.S. Senate,,Rep,Herschel Walker,21,3,9,0,9
Fulton,SC13,U.S. Senate,,Rep,Herschel Walker,47,1,16,0,30
Fulton,SC13A,U.S. Senate,,Rep,Herschel Walker,16,0,5,0,11
Fulton,SC14A,U.S. Senate,,Rep,Herschel Walker,7,0,6,0,1
Fulton,SC15,U.S. Senate,,Rep,Herschel Walker,71,8,24,0,39
Fulton,SC15A,U.S. Senate,,Rep,Herschel Walker,32,4,14,0,14
Fulton,SC16A,U.S. Senate,,Rep,Herschel Walker,28,0,19,0,9
Fulton,SC16B,U.S. Senate,,Rep,Herschel Walker,23,1,9,0,13
Fulton,SC17A,U.S. Senate,,Rep,Herschel Walker,0,0,0,0,0
Fulton,SC17B,U.S. Senate,,Rep,Herschel Walker,0,0,0,0,0
Fulton,SC17C,U.S. Senate,,Rep,Herschel Walker,20,0,9,0,11
Fulton,SC18A,U.S. Senate,,Rep,Herschel Walker,7,0,4,0,3
Fulton,SC18B,U.S. Senate,,Rep,Herschel Walker,15,1,4,0,10
Fulton,SC18C,U.S. Senate,,Rep,Herschel Walker,34,2,8,1,23
Fulton,SC18D,U.S. Senate,,Rep,Herschel Walker,10,1,4,0,5
Fulton,SC19A,U.S. Senate,,Rep,Herschel Walker,4,0,0,0,4
Fulton,SC19B,U.S. Senate,,Rep,Herschel Walker,22,1,14,0,7
Fulton,SC20,U.S. Senate,,Rep,Herschel Walker,26,0,15,0,11
Fulton,SC211,U.S. Senate,,Rep,Herschel Walker,41,2,19,0,20
Fulton,SC212,U.S. Senate,,Rep,Herschel Walker,89,3,42,0,44
Fulton,SC21A,U.S. Senate,,Rep,Herschel Walker,0,0,0,0,0
Fulton,SC23A,U.S. Senate,,Rep,Herschel Walker,43,0,28,0,15
Fulton,SC23B,U.S. Senate,,Rep,Herschel Walker,8,0,2,0,6
Fulton,SC23C,U.S. Senate,,Rep,Herschel Walker,27,4,15,0,8
Fulton,SC27,U.S. Senate,,Rep,Herschel Walker,35,0,13,0,22
Fulton,SC29A,U.S. Senate,,Rep,Herschel Walker,33,5,19,0,9
Fulton,SC29B,U.S. Senate,,Rep,Herschel Walker,0,0,0,0,0
Fulton,SC30A,U.S. Senate,,Rep,Herschel Walker,0,0,0,0,0
Fulton,SC30B,U.S. Senate,,Rep,Herschel Walker,11,0,8,0,3
Fulton,SC31,U.S. Senate,,Rep,Herschel Walker,0,0,0,0,0
Fulton,SC32,U.S. Senate,,Rep,Herschel Walker,2,0,2,0,0
Fulton,SC33,U.S. Senate,,Rep,Herschel Walker,1,0,1,0,0
Fulton,SS01,U.S. Senate,,Rep,Herschel Walker,1129,54,651,1,423
Fulton,SS01A,U.S. Senate,,Rep,Herschel Walker,347,21,190,1,135
Fulton,SS02A,U.S. Senate,,Rep,Herschel Walker,234,5,123,0,106
Fulton,SS02B,U.S. Senate,,Rep,Herschel Walker,121,1,63,0,57
Fulton,SS03A,U.S. Senate,,Rep,Herschel Walker,149,5,91,0,53
Fulton,SS03,U.S. Senate,,Rep,Herschel Walker,144,4,84,0,56
Fulton,SS04A,U.S. Senate,,Rep,Herschel Walker,20,0,11,1,8
Fulton,SS04,U.S. Senate,,Rep,Herschel Walker,523,18,284,0,221
Fulton,SS05,U.S. Senate,,Rep,Herschel Walker,493,15,282,1,195
Fulton,SS06,U.S. Senate,,Rep,Herschel Walker,421,15,206,0,200
Fulton,SS07A,U.S. Senate,,Rep,Herschel Walker,320,23,104,0,193
Fulton,SS07B,U.S. Senate,,Rep,Herschel Walker,118,6,63,1,48
Fulton,SS07C,U.S. Senate,,Rep,Herschel Walker,151,17,60,0,74
Fulton,SS07D,U.S. Senate,,Rep,Herschel Walker,0,0,0,0,0
Fulton,SS08A,U.S. Senate,,Rep,Herschel Walker,199,2,122,1,74
Fulton,SS08B,U.S. Senate,,Rep,Herschel Walker,159,8,71,0,80
Fulton,SS08E,U.S. Senate,,Rep,Herschel Walker,52,3,24,0,25
Fulton,SS08C,U.S. Senate,,Rep,Herschel Walker,66,3,31,0,32
Fulton,SS08D,U.S. Senate,,Rep,Herschel Walker,170,7,78,1,84
Fulton,SS09A,U.S. Senate,,Rep,Herschel Walker,906,31,442,0,433
Fulton,SS09B,U.S. Senate,,Rep,Herschel Walker,985,43,429,3,510
Fulton,SS11A,U.S. Senate,,Rep,Herschel Walker,539,29,273,1,236
Fulton,SS11B,U.S. Senate,,Rep,Herschel Walker,122,8,58,1,55
Fulton,SS11C,U.S. Senate,,Rep,Herschel Walker,18,0,13,0,5
Fulton,SS11D,U.S. Senate,,Rep,Herschel Walker,91,3,50,0,38
Fulton,SS12,U.S. Senate,,Rep,Herschel Walker,633,38,334,2,259
Fulton,SS13A,U.S. Senate,,Rep,Herschel Walker,409,12,244,1,152
Fulton,SS13B,U.S. Senate,,Rep,Herschel Walker,211,6,109,0,96
Fulton,SS14,U.S. Senate,,Rep,Herschel Walker,483,22,281,0,180
Fulton,SS15A,U.S. Senate,,Rep,Herschel Walker,103,4,64,0,35
Fulton,SS15B,U.S. Senate,,Rep,Herschel Walker,192,5,132,0,55
Fulton,SS16,U.S. Senate,,Rep,Herschel Walker,616,46,325,1,244
Fulton,SS17,U.S. Senate,,Rep,Herschel Walker,815,36,465,1,313
Fulton,SS18A,U.S. Senate,,Rep,Herschel Walker,101,1,55,0,45
Fulton,SS18C,U.S. Senate,,Rep,Herschel Walker,87,3,41,0,43
Fulton,SS18B,U.S. Senate,,Rep,Herschel Walker,68,0,32,0,36
Fulton,SS19A,U.S. Senate,,Rep,Herschel Walker,286,11,142,0,133
Fulton,SS19B,U.S. Senate,,Rep,Herschel Walker,241,2,106,0,133
Fulton,SS20,U.S. Senate,,Rep,Herschel Walker,265,6,120,1,138
Fulton,SS22,U.S. Senate,,Rep,Herschel Walker,460,52,200,1,207
Fulton,SS26,U.S. Senate,,Rep,Herschel Walker,165,3,75,0,87
Fulton,SS29A,U.S. Senate,,Rep,Herschel Walker,420,24,218,0,178
Fulton,SS29B,U.S. Senate,,Rep,Herschel Walker,0,0,0,0,0
Fulton,SS31,U.S. Senate,,Rep,Herschel Walker,311,16,131,0,164
Fulton,UC01A,U.S. Senate,,Rep,Herschel Walker,37,0,15,0,22
Fulton,UC01B,U.S. Senate,,Rep,Herschel Walker,1,0,1,0,0
Fulton,UC01C,U.S. Senate,,Rep,Herschel Walker,0,0,0,0,0
Fulton,UC01D,U.S. Senate,,Rep,Herschel Walker,2,0,0,0,2
Fulton,UC01E,U.S. Senate,,Rep,Herschel Walker,4,0,3,0,1
Fulton,UC02A,U.S. Senate,,Rep,Herschel Walker,7,0,5,0,2
Fulton,UC02E,U.S. Senate,,Rep,Herschel Walker,45,2,25,0,18
Fulton,UC02B,U.S. Senate,,Rep,Herschel Walker,2,0,0,0,2
Fulton,UC02C,U.S. Senate,,Rep,Herschel Walker,0,0,0,0,0
Fulton,UC02D,U.S. Senate,,Rep,Herschel Walker,89,2,29,1,57
Fulton,UC031,U.S. Senate,,Rep,Herschel Walker,122,6,55,0,61
Fulton,UC032,U.S. Senate,,Rep,Herschel Walker,39,3,19,0,17
Fulton,UC033,U.S. Senate,,Rep,Herschel Walker,0,0,0,0,0
Fulton,UC035,U.S. Senate,,Rep,Herschel Walker,1,0,0,0,1
Fulton,01A,U.S. Senate,,(Dem,Raphael Warnock ,2238,82,1183,2,971
Fulton,01B,U.S. Senate,,(Dem,Raphael Warnock ,2798,94,1724,2,978
Fulton,01C,U.S. Senate,,(Dem,Raphael Warnock ,549,20,315,1,213
Fulton,01D,U.S. Senate,,(Dem,Raphael Warnock ,514,21,209,2,282
Fulton,01E,U.S. Senate,,(Dem,Raphael Warnock ,1963,69,946,4,944
Fulton,01F,U.S. Senate,,(Dem,Raphael Warnock ,303,6,181,2,114
Fulton,01G,U.S. Senate,,(Dem,Raphael Warnock ,1028,23,526,1,478
Fulton,01H,U.S. Senate,,(Dem,Raphael Warnock ,298,22,149,0,127
Fulton,01I,U.S. Senate,,(Dem,Raphael Warnock ,1,0,0,0,1
Fulton,01J,U.S. Senate,,(Dem,Raphael Warnock ,898,37,460,0,401
Fulton,01P,U.S. Senate,,(Dem,Raphael Warnock ,430,16,296,2,116
Fulton,01R,U.S. Senate,,(Dem,Raphael Warnock ,274,17,182,0,75
Fulton,01S,U.S. Senate,,(Dem,Raphael Warnock ,646,27,371,0,248
Fulton,01T,U.S. Senate,,(Dem,Raphael Warnock ,608,12,345,0,251
Fulton,02A,U.S. Senate,,(Dem,Raphael Warnock ,1603,93,721,5,784
Fulton,02A1,U.S. Senate,,(Dem,Raphael Warnock ,753,37,330,4,382
Fulton,02B,U.S. Senate,,(Dem,Raphael Warnock ,825,41,403,2,379
Fulton,02C,U.S. Senate,,(Dem,Raphael Warnock ,762,33,356,2,371
Fulton,02D,U.S. Senate,,(Dem,Raphael Warnock ,2301,65,1171,4,1061
Fulton,02E,U.S. Senate,,(Dem,Raphael Warnock ,1213,53,711,0,449
Fulton,02F1,U.S. Senate,,(Dem,Raphael Warnock ,1520,51,738,5,726
Fulton,02F2,U.S. Senate,,(Dem,Raphael Warnock ,272,14,132,3,123
Fulton,02G,U.S. Senate,,(Dem,Raphael Warnock ,1882,55,990,2,835
Fulton,02J,U.S. Senate,,(Dem,Raphael Warnock ,1091,45,533,2,511
Fulton,02K,U.S. Senate,,(Dem,Raphael Warnock ,731,48,352,3,328
Fulton,02L1,U.S. Senate,,(Dem,Raphael Warnock ,2043,104,977,4,958
Fulton,02L1A,U.S. Senate,,(Dem,Raphael Warnock ,966,55,520,9,382
Fulton,02L2,U.S. Senate,,(Dem,Raphael Warnock ,913,32,368,6,507
Fulton,02S,U.S. Senate,,(Dem,Raphael Warnock ,310,7,168,1,134
Fulton,02W,U.S. Senate,,(Dem,Raphael Warnock ,345,9,187,1,148
Fulton,03A,U.S. Senate,,(Dem,Raphael Warnock ,577,20,277,5,275
Fulton,03B,U.S. Senate,,(Dem,Raphael Warnock ,147,7,76,3,61
Fulton,03C,U.S. Senate,,(Dem,Raphael Warnock ,560,32,210,3,315
Fulton,03D,U.S. Senate,,(Dem,Raphael Warnock ,295,9,143,0,143
Fulton,03E,U.S. Senate,,(Dem,Raphael Warnock ,751,36,467,5,243
Fulton,03F,U.S. Senate,,(Dem,Raphael Warnock ,757,22,382,1,352
Fulton,03G,U.S. Senate,,(Dem,Raphael Warnock ,186,3,116,0,67
Fulton,03H,U.S. Senate,,(Dem,Raphael Warnock ,281,14,121,3,143
Fulton,03I,U.S. Senate,,(Dem,Raphael Warnock ,448,8,162,1,277
Fulton,03L,U.S. Senate,,(Dem,Raphael Warnock ,148,7,88,2,51
Fulton,03M,U.S. Senate,,(Dem,Raphael Warnock ,447,11,298,0,138
Fulton,03N,U.S. Senate,,(Dem,Raphael Warnock ,578,15,359,3,201
Fulton,03P1A,U.S. Senate,,(Dem,Raphael Warnock ,1544,51,755,4,734
Fulton,03P1B,U.S. Senate,,(Dem,Raphael Warnock ,0,0,0,0,0
Fulton,03P2,U.S. Senate,,(Dem,Raphael Warnock ,36,3,10,0,23
Fulton,03S,U.S. Senate,,(Dem,Raphael Warnock ,309,10,144,0,155
Fulton,03T,U.S. Senate,,(Dem,Raphael Warnock ,520,16,264,0,240
Fulton,04A,U.S. Senate,,(Dem,Raphael Warnock ,433,11,226,0,196
Fulton,04B,U.S. Senate,,(Dem,Raphael Warnock ,460,16,244,3,197
Fulton,04C,U.S. Senate,,(Dem,Raphael Warnock ,46,1,24,3,18
Fulton,04D,U.S. Senate,,(Dem,Raphael Warnock ,661,27,315,5,314
Fulton,04F,U.S. Senate,,(Dem,Raphael Warnock ,799,20,449,6,324
Fulton,04G,U.S. Senate,,(Dem,Raphael Warnock ,298,9,193,0,96
Fulton,04I,U.S. Senate,,(Dem,Raphael Warnock ,474,53,180,5,236
Fulton,04J,U.S. Senate,,(Dem,Raphael Warnock ,128,3,72,7,46
Fulton,04K,U.S. Senate,,(Dem,Raphael Warnock ,882,30,435,0,417
Fulton,04L,U.S. Senate,,(Dem,Raphael Warnock ,671,13,359,3,296
Fulton,04M,U.S. Senate,,(Dem,Raphael Warnock ,240,9,149,3,79
Fulton,04S,U.S. Senate,,(Dem,Raphael Warnock ,872,32,458,0,382
Fulton,04T,U.S. Senate,,(Dem,Raphael Warnock ,496,16,272,0,208
Fulton,04V,U.S. Senate,,(Dem,Raphael Warnock ,806,22,485,5,294
Fulton,04W,U.S. Senate,,(Dem,Raphael Warnock ,131,0,50,1,80
Fulton,04X1,U.S. Senate,,(Dem,Raphael Warnock ,861,30,402,0,429
Fulton,04X2,U.S. Senate,,(Dem,Raphael Warnock ,272,7,126,1,138
Fulton,05A1,U.S. Senate,,(Dem,Raphael Warnock ,1868,90,966,3,809
Fulton,05A2,U.S. Senate,,(Dem,Raphael Warnock ,1877,50,1017,2,808
Fulton,05B,U.S. Senate,,(Dem,Raphael Warnock ,650,33,388,2,227
Fulton,05C,U.S. Senate,,(Dem,Raphael Warnock ,22,3,11,0,8
Fulton,05D,U.S. Senate,,(Dem,Raphael Warnock ,67,0,31,1,35
Fulton,05F,U.S. Senate,,(Dem,Raphael Warnock ,22,0,16,0,6
Fulton,05J,U.S. Senate,,(Dem,Raphael Warnock ,307,11,132,1,163
Fulton,05K,U.S. Senate,,(Dem,Raphael Warnock ,696,30,337,3,326
Fulton,06B,U.S. Senate,,(Dem,Raphael Warnock ,897,36,433,3,425
Fulton,06D,U.S. Senate,,(Dem,Raphael Warnock ,1276,64,660,1,551
Fulton,06D1,U.S. Senate,,(Dem,Raphael Warnock ,2039,130,973,5,931
Fulton,06D2,U.S. Senate,,(Dem,Raphael Warnock ,1333,94,534,2,703
Fulton,06E,U.S. Senate,,(Dem,Raphael Warnock ,969,27,555,0,387
Fulton,06F,U.S. Senate,,(Dem,Raphael Warnock ,1363,71,537,0,755
Fulton,06G,U.S. Senate,,(Dem,Raphael Warnock ,245,9,105,2,129
Fulton,06I,U.S. Senate,,(Dem,Raphael Warnock ,1223,49,644,1,529
Fulton,06J,U.S. Senate,,(Dem,Raphael Warnock ,1564,98,715,0,751
Fulton,06L1,U.S. Senate,,(Dem,Raphael Warnock ,608,30,216,0,362
Fulton,06L2,U.S. Senate,,(Dem,Raphael Warnock ,339,15,155,0,169
Fulton,06N,U.S. Senate,,(Dem,Raphael Warnock ,612,38,270,1,303
Fulton,06Q,U.S. Senate,,(Dem,Raphael Warnock ,154,2,85,1,66
Fulton,06R,U.S. Senate,,(Dem,Raphael Warnock ,897,60,338,3,496
Fulton,07A,U.S. Senate,,(Dem,Raphael Warnock ,771,39,332,1,399
Fulton,07A1,U.S. Senate,,(Dem,Raphael Warnock ,1516,101,596,3,816
Fulton,07B,U.S. Senate,,(Dem,Raphael Warnock ,949,50,413,1,485
Fulton,07C,U.S. Senate,,(Dem,Raphael Warnock ,1499,257,494,9,739
Fulton,07D,U.S. Senate,,(Dem,Raphael Warnock ,797,36,374,2,385
Fulton,07D1,U.S. Senate,,(Dem,Raphael Warnock ,618,25,285,1,307
Fulton,07E,U.S. Senate,,(Dem,Raphael Warnock ,887,91,282,0,514
Fulton,07F,U.S. Senate,,(Dem,Raphael Warnock ,1253,67,566,1,619
Fulton,07H,U.S. Senate,,(Dem,Raphael Warnock ,855,49,331,2,473
Fulton,07J,U.S. Senate,,(Dem,Raphael Warnock ,1175,54,627,1,493
Fulton,07M,U.S. Senate,,(Dem,Raphael Warnock ,732,40,317,3,372
Fulton,07N,U.S. Senate,,(Dem,Raphael Warnock ,601,33,236,1,331
Fulton,08A,U.S. Senate,,(Dem,Raphael Warnock ,817,47,274,2,494
Fulton,08B,U.S. Senate,,(Dem,Raphael Warnock ,1190,54,439,1,696
Fulton,08C,U.S. Senate,,(Dem,Raphael Warnock ,60,1,19,0,40
Fulton,08C1,U.S. Senate,,(Dem,Raphael Warnock ,310,18,77,0,215
Fulton,08D,U.S. Senate,,(Dem,Raphael Warnock ,291,19,98,1,173
Fulton,08E,U.S. Senate,,(Dem,Raphael Warnock ,839,64,325,2,448
Fulton,08F1,U.S. Senate,,(Dem,Raphael Warnock ,682,31,287,2,362
Fulton,08F2,U.S. Senate,,(Dem,Raphael Warnock ,0,0,0,0,0
Fulton,08G,U.S. Senate,,(Dem,Raphael Warnock ,879,94,313,5,467
Fulton,08H,U.S. Senate,,(Dem,Raphael Warnock ,859,89,288,3,479
Fulton,08J,U.S. Senate,,(Dem,Raphael Warnock ,1127,45,520,0,562
Fulton,08K,U.S. Senate,,(Dem,Raphael Warnock ,352,12,179,0,161
Fulton,08L,U.S. Senate,,(Dem,Raphael Warnock ,1740,106,717,2,915
Fulton,08M,U.S. Senate,,(Dem,Raphael Warnock ,682,35,322,3,322
Fulton,08N1,U.S. Senate,,(Dem,Raphael Warnock ,286,22,88,2,174
Fulton,08N2,U.S. Senate,,(Dem,Raphael Warnock ,590,71,182,1,336
Fulton,08P,U.S. Senate,,(Dem,Raphael Warnock ,603,22,284,3,294
Fulton,09A,U.S. Senate,,(Dem,Raphael Warnock ,1991,39,757,2,1193
Fulton,09B,U.S. Senate,,(Dem,Raphael Warnock ,130,8,40,2,80
Fulton,09C,U.S. Senate,,(Dem,Raphael Warnock ,1143,57,389,5,692
Fulton,09D,U.S. Senate,,(Dem,Raphael Warnock ,655,34,279,1,341
Fulton,09E,U.S. Senate,,(Dem,Raphael Warnock ,1148,32,402,1,713
Fulton,09F,U.S. Senate,,(Dem,Raphael Warnock ,1395,54,543,6,792
Fulton,09G,U.S. Senate,,(Dem,Raphael Warnock ,1624,53,787,3,781
Fulton,09H,U.S. Senate,,(Dem,Raphael Warnock ,348,8,155,0,185
Fulton,09I,U.S. Senate,,(Dem,Raphael Warnock ,430,23,220,1,186
Fulton,09K,U.S. Senate,,(Dem,Raphael Warnock ,574,21,215,2,336
Fulton,09K1,U.S. Senate,,(Dem,Raphael Warnock ,787,31,253,2,501
Fulton,09M,U.S. Senate,,(Dem,Raphael Warnock ,1326,14,386,1,925
Fulton,10A,U.S. Senate,,(Dem,Raphael Warnock ,1289,53,460,7,769
Fulton,10B,U.S. Senate,,(Dem,Raphael Warnock ,2189,90,611,8,1480
Fulton,10C,U.S. Senate,,(Dem,Raphael Warnock ,808,17,276,6,509
Fulton,10D,U.S. Senate,,(Dem,Raphael Warnock ,211,0,99,2,110
Fulton,10D2,U.S. Senate,,(Dem,Raphael Warnock ,570,48,147,0,375
Fulton,10D1,U.S. Senate,,(Dem,Raphael Warnock ,677,35,216,3,423
Fulton,10E,U.S. Senate,,(Dem,Raphael Warnock ,459,28,156,2,273
Fulton,10F,U.S. Senate,,(Dem,Raphael Warnock ,478,32,207,3,236
Fulton,10G,U.S. Senate,,(Dem,Raphael Warnock ,690,30,229,2,429
Fulton,10H1,U.S. Senate,,(Dem,Raphael Warnock ,201,9,64,0,128
Fulton,10H2,U.S. Senate,,(Dem,Raphael Warnock ,720,27,283,2,408
Fulton,10I,U.S. Senate,,(Dem,Raphael Warnock ,242,13,45,0,184
Fulton,10J,U.S. Senate,,(Dem,Raphael Warnock ,359,16,214,0,129
Fulton,10K,U.S. Senate,,(Dem,Raphael Warnock ,756,29,272,2,453
Fulton,10M,U.S. Senate,,(Dem,Raphael Warnock ,1209,42,596,2,569
Fulton,10P,U.S. Senate,,(Dem,Raphael Warnock ,489,23,211,3,252
Fulton,10R,U.S. Senate,,(Dem,Raphael Warnock ,235,7,128,1,99
Fulton,11B,U.S. Senate,,(Dem,Raphael Warnock ,1406,74,381,3,948
Fulton,11B2,U.S. Senate,,(Dem,Raphael Warnock ,56,3,18,0,35
Fulton,11B1,U.S. Senate,,(Dem,Raphael Warnock ,817,36,277,3,501
Fulton,11C,U.S. Senate,,(Dem,Raphael Warnock ,190,6,26,0,158
Fulton,11C2,U.S. Senate,,(Dem,Raphael Warnock ,1035,24,207,2,802
Fulton,11C3,U.S. Senate,,(Dem,Raphael Warnock ,457,14,56,2,385
Fulton,11E1,U.S. Senate,,(Dem,Raphael Warnock ,466,15,177,0,274
Fulton,11E2,U.S. Senate,,(Dem,Raphael Warnock ,465,16,164,1,284
Fulton,11E3,U.S. Senate,,(Dem,Raphael Warnock ,1454,27,531,2,894
Fulton,11G,U.S. Senate,,(Dem,Raphael Warnock ,605,29,301,2,273
Fulton,11H,U.S. Senate,,(Dem,Raphael Warnock ,304,15,125,0,164
Fulton,11J,U.S. Senate,,(Dem,Raphael Warnock ,764,46,325,2,391
Fulton,11K,U.S. Senate,,(Dem,Raphael Warnock ,930,42,369,5,514
Fulton,11M,U.S. Senate,,(Dem,Raphael Warnock ,635,18,249,3,365
Fulton,11M1,U.S. Senate,,(Dem,Raphael Warnock ,632,21,233,6,372
Fulton,11N,U.S. Senate,,(Dem,Raphael Warnock ,1119,46,382,3,688
Fulton,11P,U.S. Senate,,(Dem,Raphael Warnock ,722,57,245,1,419
Fulton,11R,U.S. Senate,,(Dem,Raphael Warnock ,496,12,268,7,209
Fulton,12A,U.S. Senate,,(Dem,Raphael Warnock ,880,28,381,3,468
Fulton,12A1,U.S. Senate,,(Dem,Raphael Warnock ,1498,34,631,4,829
Fulton,12D,U.S. Senate,,(Dem,Raphael Warnock ,364,12,179,0,173
Fulton,12E1,U.S. Senate,,(Dem,Raphael Warnock ,424,68,168,0,188
Fulton,12E2,U.S. Senate,,(Dem,Raphael Warnock ,1,0,0,0,1
Fulton,12F,U.S. Senate,,(Dem,Raphael Warnock ,343,9,196,0,138
Fulton,12G,U.S. Senate,,(Dem,Raphael Warnock ,274,17,103,2,152
Fulton,12H1,U.S. Senate,,(Dem,Raphael Warnock ,195,8,120,0,67
Fulton,12H2,U.S. Senate,,(Dem,Raphael Warnock ,1072,38,540,3,491
Fulton,12I,U.S. Senate,,(Dem,Raphael Warnock ,323,23,138,0,162
Fulton,12J,U.S. Senate,,(Dem,Raphael Warnock ,899,33,486,5,375
Fulton,12K,U.S. Senate,,(Dem,Raphael Warnock ,1104,30,507,3,564
Fulton,12L,U.S. Senate,,(Dem,Raphael Warnock ,168,9,90,1,68
Fulton,12M,U.S. Senate,,(Dem,Raphael Warnock ,903,34,552,3,314
Fulton,12N,U.S. Senate,,(Dem,Raphael Warnock ,270,6,153,2,109
Fulton,12S,U.S. Senate,,(Dem,Raphael Warnock ,708,26,351,1,330
Fulton,AP01A,U.S. Senate,,(Dem,Raphael Warnock ,1609,86,616,3,904
Fulton,AP01B,U.S. Senate,,(Dem,Raphael Warnock ,366,14,178,2,172
Fulton,AP01C,U.S. Senate,,(Dem,Raphael Warnock ,699,34,265,1,399
Fulton,AP01D,U.S. Senate,,(Dem,Raphael Warnock ,263,16,121,0,126
Fulton,AP01E,U.S. Senate,,(Dem,Raphael Warnock ,0,0,0,0,0
Fulton,AP021,U.S. Senate,,(Dem,Raphael Warnock ,919,40,394,2,483
Fulton,AP022,U.S. Senate,,(Dem,Raphael Warnock ,536,46,226,0,264
Fulton,AP023,U.S. Senate,,(Dem,Raphael Warnock ,255,17,87,0,151
Fulton,AP02B,U.S. Senate,,(Dem,Raphael Warnock ,226,37,71,1,117
Fulton,AP03,U.S. Senate,,(Dem,Raphael Warnock ,159,5,98,0,56
Fulton,AP04A,U.S. Senate,,(Dem,Raphael Warnock ,522,32,209,0,281
Fulton,AP04B,U.S. Senate,,(Dem,Raphael Warnock ,164,2,73,0,89
Fulton,AP05,U.S. Senate,,(Dem,Raphael Warnock ,1418,96,530,2,790
Fulton,AP06,U.S. Senate,,(Dem,Raphael Warnock ,529,39,193,1,296
Fulton,AP07A,U.S. Senate,,(Dem,Raphael Warnock ,1011,61,418,2,530
Fulton,AP07C,U.S. Senate,,(Dem,Raphael Warnock ,248,8,110,1,129
Fulton,AP07B,U.S. Senate,,(Dem,Raphael Warnock ,290,15,120,1,154
Fulton,AP09A,U.S. Senate,,(Dem,Raphael Warnock ,1371,62,568,2,739
Fulton,AP09B,U.S. Senate,,(Dem,Raphael Warnock ,327,19,119,1,188
Fulton,AP10,U.S. Senate,,(Dem,Raphael Warnock ,259,11,112,0,136
Fulton,AP12A,U.S. Senate,,(Dem,Raphael Warnock ,201,7,101,0,93
Fulton,AP12B,U.S. Senate,,(Dem,Raphael Warnock ,292,26,131,1,134
Fulton,AP12C,U.S. Senate,,(Dem,Raphael Warnock ,564,32,197,1,334
Fulton,AP12D,U.S. Senate,,(Dem,Raphael Warnock ,0,0,0,0,0
Fulton,AP14,U.S. Senate,,(Dem,Raphael Warnock ,48,0,26,0,22
Fulton,AP14A,U.S. Senate,,(Dem,Raphael Warnock ,1017,77,335,0,605
Fulton,CH01,U.S. Senate,,(Dem,Raphael Warnock ,98,0,22,0,76
Fulton,CH02,U.S. Senate,,(Dem,Raphael Warnock ,169,6,51,0,112
Fulton,CH03,U.S. Senate,,(Dem,Raphael Warnock ,81,3,22,0,56
Fulton,CH04A,U.S. Senate,,(Dem,Raphael Warnock ,324,14,69,1,240
Fulton,CH04B,U.S. Senate,,(Dem,Raphael Warnock ,3,0,0,0,3
Fulton,CH05,U.S. Senate,,(Dem,Raphael Warnock ,81,2,20,0,59
Fulton,CP011,U.S. Senate,,(Dem,Raphael Warnock ,495,19,225,0,251
Fulton,CP012,U.S. Senate,,(Dem,Raphael Warnock ,633,28,233,0,372
Fulton,CP01B,U.S. Senate,,(Dem,Raphael Warnock ,169,4,77,0,88
Fulton,CP02,U.S. Senate,,(Dem,Raphael Warnock ,429,31,154,2,242
Fulton,CP04A,U.S. Senate,,(Dem,Raphael Warnock ,1,0,0,0,1
Fulton,CP04B,U.S. Senate,,(Dem,Raphael Warnock ,10,0,1,0,9
Fulton,CP051,U.S. Senate,,(Dem,Raphael Warnock ,29,0,17,0,12
Fulton,CP05C,U.S. Senate,,(Dem,Raphael Warnock ,686,24,301,1,360
Fulton,CP052,U.S. Senate,,(Dem,Raphael Warnock ,0,0,0,0,0
Fulton,CP05B,U.S. Senate,,(Dem,Raphael Warnock ,40,0,18,0,22
Fulton,CP06A,U.S. Senate,,(Dem,Raphael Warnock ,95,2,59,1,33
Fulton,CP06B,U.S. Senate,,(Dem,Raphael Warnock ,1,0,0,0,1
Fulton,CP07A,U.S. Senate,,(Dem,Raphael Warnock ,89,0,47,0,42
Fulton,CP07B,U.S. Senate,,(Dem,Raphael Warnock ,3,0,2,0,1
Fulton,CP07C,U.S. Senate,,(Dem,Raphael Warnock ,38,0,20,1,17
Fulton,CP07D,U.S. Senate,,(Dem,Raphael Warnock ,31,0,19,0,12
Fulton,CP07E,U.S. Senate,,(Dem,Raphael Warnock ,16,0,12,1,3
Fulton,CP07F,U.S. Senate,,(Dem,Raphael Warnock ,31,0,19,0,12
Fulton,CP081,U.S. Senate,,(Dem,Raphael Warnock ,58,1,33,2,22
Fulton,CP083,U.S. Senate,,(Dem,Raphael Warnock ,34,0,22,0,12
Fulton,CP084,U.S. Senate,,(Dem,Raphael Warnock ,0,0,0,0,0
Fulton,CP08A,U.S. Senate,,(Dem,Raphael Warnock ,67,0,50,0,17
Fulton,EP01A,U.S. Senate,,(Dem,Raphael Warnock ,1108,23,551,0,534
Fulton,EP01B,U.S. Senate,,(Dem,Raphael Warnock ,788,31,287,3,467
Fulton,EP01C,U.S. Senate,,(Dem,Raphael Warnock ,417,10,209,0,198
Fulton,EP02A,U.S. Senate,,(Dem,Raphael Warnock ,717,30,308,1,378
Fulton,EP02B,U.S. Senate,,(Dem,Raphael Warnock ,781,16,318,0,447
Fulton,EP02C,U.S. Senate,,(Dem,Raphael Warnock ,208,6,77,1,124
Fulton,EP02D,U.S. Senate,,(Dem,Raphael Warnock ,224,4,86,0,134
Fulton,EP02E,U.S. Senate,,(Dem,Raphael Warnock ,448,13,209,2,224
Fulton,EP03A,U.S. Senate,,(Dem,Raphael Warnock ,1914,101,726,6,1081
Fulton,EP03B,U.S. Senate,,(Dem,Raphael Warnock ,802,34,295,4,469
Fulton,EP04A,U.S. Senate,,(Dem,Raphael Warnock ,830,11,427,3,389
Fulton,EP04B,U.S. Senate,,(Dem,Raphael Warnock ,1070,25,340,0,705
Fulton,EP04C,U.S. Senate,,(Dem,Raphael Warnock ,1081,53,348,2,678
Fulton,FA01A,U.S. Senate,,(Dem,Raphael Warnock ,1602,57,459,3,1083
Fulton,FA01B,U.S. Senate,,(Dem,Raphael Warnock ,2569,58,762,4,1745
Fulton,FA01C,U.S. Senate,,(Dem,Raphael Warnock ,297,8,127,0,162
Fulton,FA01D,U.S. Senate,,(Dem,Raphael Warnock ,148,3,37,0,108
Fulton,FC02,U.S. Senate,,(Dem,Raphael Warnock ,14,0,8,0,6
Fulton,HP01,U.S. Senate,,(Dem,Raphael Warnock ,1197,24,691,2,480
Fulton,JC01,U.S. Senate,,(Dem,Raphael Warnock ,1318,81,552,4,681
Fulton,JC01A,U.S. Senate,,(Dem,Raphael Warnock ,654,28,307,0,319
Fulton,JC02,U.S. Senate,,(Dem,Raphael Warnock ,904,49,366,4,485
Fulton,JC03A,U.S. Senate,,(Dem,Raphael Warnock ,206,5,69,0,132
Fulton,JC03B,U.S. Senate,,(Dem,Raphael Warnock ,535,21,261,1,252
Fulton,JC04A,U.S. Senate,,(Dem,Raphael Warnock ,1113,59,341,2,711
Fulton,JC04B,U.S. Senate,,(Dem,Raphael Warnock ,104,5,44,0,55
Fulton,JC04C,U.S. Senate,,(Dem,Raphael Warnock ,442,14,149,0,279
Fulton,JC05,U.S. Senate,,(Dem,Raphael Warnock ,717,16,310,2,389
Fulton,JC06,U.S. Senate,,(Dem,Raphael Warnock ,713,46,319,0,348
Fulton,JC07,U.S. Senate,,(Dem,Raphael Warnock ,1482,78,552,5,847
Fulton,JC08,U.S. Senate,,(Dem,Raphael Warnock ,955,34,366,0,555
Fulton,JC09,U.S. Senate,,(Dem,Raphael Warnock ,1063,40,398,1,624
Fulton,JC10,U.S. Senate,,(Dem,Raphael Warnock ,840,51,331,3,455
Fulton,JC11,U.S. Senate,,(Dem,Raphael Warnock ,892,43,327,1,521
Fulton,JC12,U.S. Senate,,(Dem,Raphael Warnock ,653,40,187,2,424
Fulton,JC13A,U.S. Senate,,(Dem,Raphael Warnock ,576,26,210,1,339
Fulton,JC13B,U.S. Senate,,(Dem,Raphael Warnock ,54,0,24,0,30
Fulton,JC14,U.S. Senate,,(Dem,Raphael Warnock ,737,27,250,1,459
Fulton,JC15,U.S. Senate,,(Dem,Raphael Warnock ,284,9,133,0,142
Fulton,JC16,U.S. Senate,,(Dem,Raphael Warnock ,923,39,391,0,493
Fulton,JC18,U.S. Senate,,(Dem,Raphael Warnock ,850,42,335,2,471
Fulton,JC19A,U.S. Senate,,(Dem,Raphael Warnock ,894,31,340,4,519
Fulton,JC19,U.S. Senate,,(Dem,Raphael Warnock ,454,27,201,1,225
Fulton,ML01A,U.S. Senate,,(Dem,Raphael Warnock ,779,14,349,2,414
Fulton,ML01B,U.S. Senate,,(Dem,Raphael Warnock ,147,3,49,1,94
Fulton,ML01C,U.S. Senate,,(Dem,Raphael Warnock ,29,1,12,0,16
Fulton,ML02A,U.S. Senate,,(Dem,Raphael Warnock ,493,43,223,0,227
Fulton,ML02B,U.S. Senate,,(Dem,Raphael Warnock ,409,24,169,0,216
Fulton,ML03,U.S. Senate,,(Dem,Raphael Warnock ,770,46,347,3,374
Fulton,ML03A,U.S. Senate,,(Dem,Raphael Warnock ,90,7,32,0,51
Fulton,ML04,U.S. Senate,,(Dem,Raphael Warnock ,798,40,323,1,434
Fulton,ML05,U.S. Senate,,(Dem,Raphael Warnock ,1359,73,566,2,718
Fulton,ML06A,U.S. Senate,,(Dem,Raphael Warnock ,575,16,254,5,300
Fulton,ML06B,U.S. Senate,,(Dem,Raphael Warnock ,964,28,413,2,521
Fulton,ML07A,U.S. Senate,,(Dem,Raphael Warnock ,181,10,74,0,97
Fulton,ML07B,U.S. Senate,,(Dem,Raphael Warnock ,374,14,180,1,179
Fulton,MP01,U.S. Senate,,(Dem,Raphael Warnock ,173,6,141,2,24
Fulton,PA01,U.S. Senate,,(Dem,Raphael Warnock ,1052,29,281,1,741
Fulton,RW01,U.S. Senate,,(Dem,Raphael Warnock ,1470,110,598,0,762
Fulton,RW02,U.S. Senate,,(Dem,Raphael Warnock ,1394,65,626,4,699
Fulton,RW03,U.S. Senate,,(Dem,Raphael Warnock ,137,11,46,0,80
Fulton,RW03B,U.S. Senate,,(Dem,Raphael Warnock ,578,25,241,5,307
Fulton,RW03A,U.S. Senate,,(Dem,Raphael Warnock ,230,14,90,0,126
Fulton,RW03C,U.S. Senate,,(Dem,Raphael Warnock ,526,13,227,1,285
Fulton,RW04,U.S. Senate,,(Dem,Raphael Warnock ,710,43,284,1,382
Fulton,RW05,U.S. Senate,,(Dem,Raphael Warnock ,595,24,292,2,277
Fulton,RW05A,U.S. Senate,,(Dem,Raphael Warnock ,235,7,108,0,120
Fulton,RW06,U.S. Senate,,(Dem,Raphael Warnock ,1024,29,494,2,499
Fulton,RW07A,U.S. Senate,,(Dem,Raphael Warnock ,395,4,230,0,161
Fulton,RW07B,U.S. Senate,,(Dem,Raphael Warnock ,130,3,75,0,52
Fulton,RW08,U.S. Senate,,(Dem,Raphael Warnock ,681,66,266,2,347
Fulton,RW09,U.S. Senate,,(Dem,Raphael Warnock ,1056,96,415,1,544
Fulton,RW09A,U.S. Senate,,(Dem,Raphael Warnock ,638,45,270,0,323
Fulton,RW10,U.S. Senate,,(Dem,Raphael Warnock ,783,55,341,2,385
Fulton,RW10A,U.S. Senate,,(Dem,Raphael Warnock ,305,18,105,0,182
Fulton,RW11A,U.S. Senate,,(Dem,Raphael Warnock ,854,44,326,0,484
Fulton,RW11B,U.S. Senate,,(Dem,Raphael Warnock ,0,0,0,0,0
Fulton,RW12,U.S. Senate,,(Dem,Raphael Warnock ,917,52,429,0,436
Fulton,RW12A,U.S. Senate,,(Dem,Raphael Warnock ,1018,59,448,0,511
Fulton,RW13,U.S. Senate,,(Dem,Raphael Warnock ,1182,42,555,7,578
Fulton,RW16,U.S. Senate,,(Dem,Raphael Warnock ,663,34,268,0,361
Fulton,RW17,U.S. Senate,,(Dem,Raphael Warnock ,1080,40,549,1,490
Fulton,RW19,U.S. Senate,,(Dem,Raphael Warnock ,646,41,291,1,313
Fulton,RW20,U.S. Senate,,(Dem,Raphael Warnock ,939,23,376,1,539
Fulton,RW21,U.S. Senate,,(Dem,Raphael Warnock ,35,8,8,1,18
Fulton,RW21A,U.S. Senate,,(Dem,Raphael Warnock ,866,38,368,1,459
Fulton,RW22A,U.S. Senate,,(Dem,Raphael Warnock ,1351,42,616,3,690
Fulton,RW22C,U.S. Senate,,(Dem,Raphael Warnock ,0,0,0,0,0
Fulton,RW22B,U.S. Senate,,(Dem,Raphael Warnock ,0,0,0,0,0
Fulton,SC01A,U.S. Senate,,(Dem,Raphael Warnock ,13,0,2,0,11
Fulton,SC01B,U.S. Senate,,(Dem,Raphael Warnock ,1258,33,333,1,891
Fulton,SC01C,U.S. Senate,,(Dem,Raphael Warnock ,1459,43,279,2,1135
Fulton,SC02,U.S. Senate,,(Dem,Raphael Warnock ,435,14,67,0,354
Fulton,SC02A,U.S. Senate,,(Dem,Raphael Warnock ,440,9,95,0,336
Fulton,SC04,U.S. Senate,,(Dem,Raphael Warnock ,402,8,152,0,242
Fulton,SC05A,U.S. Senate,,(Dem,Raphael Warnock ,325,10,110,0,205
Fulton,SC05B,U.S. Senate,,(Dem,Raphael Warnock ,580,15,137,0,428
Fulton,SC05C,U.S. Senate,,(Dem,Raphael Warnock ,1328,21,345,0,962
Fulton,SC05D,U.S. Senate,,(Dem,Raphael Warnock ,1564,34,447,4,1079
Fulton,SC05E,U.S. Senate,,(Dem,Raphael Warnock ,301,18,81,0,202
Fulton,SC07A,U.S. Senate,,(Dem,Raphael Warnock ,1931,60,464,1,1406
Fulton,SC07B,U.S. Senate,,(Dem,Raphael Warnock ,4,0,0,0,4
Fulton,SC07C,U.S. Senate,,(Dem,Raphael Warnock ,4,0,0,0,4
Fulton,SC07D,U.S. Senate,,(Dem,Raphael Warnock ,383,3,128,1,251
Fulton,SC07E,U.S. Senate,,(Dem,Raphael Warnock ,792,24,179,1,588
Fulton,SC08A,U.S. Senate,,(Dem,Raphael Warnock ,0,0,0,0,0
Fulton,SC08J,U.S. Senate,,(Dem,Raphael Warnock ,16,2,4,0,10
Fulton,SC08B,U.S. Senate,,(Dem,Raphael Warnock ,1769,57,586,3,1123
Fulton,SC08I,U.S. Senate,,(Dem,Raphael Warnock ,63,2,15,0,46
Fulton,SC08C,U.S. Senate,,(Dem,Raphael Warnock ,50,0,10,0,40
Fulton,SC08D,U.S. Senate,,(Dem,Raphael Warnock ,256,12,82,1,161
Fulton,SC08E,U.S. Senate,,(Dem,Raphael Warnock ,295,1,121,0,173
Fulton,SC08F,U.S. Senate,,(Dem,Raphael Warnock ,264,7,75,0,182
Fulton,SC08G,U.S. Senate,,(Dem,Raphael Warnock ,2,0,1,0,1
Fulton,SC08H,U.S. Senate,,(Dem,Raphael Warnock ,1,0,1,0,0
Fulton,SC09A,U.S. Senate,,(Dem,Raphael Warnock ,612,14,265,0,333
Fulton,SC09B,U.S. Senate,,(Dem,Raphael Warnock ,894,49,227,3,615
Fulton,SC09C,U.S. Senate,,(Dem,Raphael Warnock ,723,40,275,1,407
Fulton,SC10,U.S. Senate,,(Dem,Raphael Warnock ,460,20,209,0,231
Fulton,SC11A,U.S. Senate,,(Dem,Raphael Warnock ,694,21,227,5,441
Fulton,SC11B,U.S. Senate,,(Dem,Raphael Warnock ,795,46,244,0,505
Fulton,SC13,U.S. Senate,,(Dem,Raphael Warnock ,1010,25,270,3,712
Fulton,SC13A,U.S. Senate,,(Dem,Raphael Warnock ,439,12,108,0,319
Fulton,SC14A,U.S. Senate,,(Dem,Raphael Warnock ,363,12,118,2,231
Fulton,SC15,U.S. Senate,,(Dem,Raphael Warnock ,1743,46,525,2,1170
Fulton,SC15A,U.S. Senate,,(Dem,Raphael Warnock ,1854,44,516,2,1292
Fulton,SC16A,U.S. Senate,,(Dem,Raphael Warnock ,1403,37,346,1,1019
Fulton,SC16B,U.S. Senate,,(Dem,Raphael Warnock ,1295,42,272,2,979
Fulton,SC17A,U.S. Senate,,(Dem,Raphael Warnock ,32,0,10,0,22
Fulton,SC17B,U.S. Senate,,(Dem,Raphael Warnock ,0,0,0,0,0
Fulton,SC17C,U.S. Senate,,(Dem,Raphael Warnock ,589,10,145,1,433
Fulton,SC18A,U.S. Senate,,(Dem,Raphael Warnock ,257,21,57,1,178
Fulton,SC18B,U.S. Senate,,(Dem,Raphael Warnock ,694,22,150,1,521
Fulton,SC18C,U.S. Senate,,(Dem,Raphael Warnock ,1028,33,196,1,798
Fulton,SC18D,U.S. Senate,,(Dem,Raphael Warnock ,197,1,42,0,154
Fulton,SC19A,U.S. Senate,,(Dem,Raphael Warnock ,112,4,21,0,87
Fulton,SC19B,U.S. Senate,,(Dem,Raphael Warnock ,537,27,183,1,326
Fulton,SC20,U.S. Senate,,(Dem,Raphael Warnock ,1579,36,355,0,1188
Fulton,SC211,U.S. Senate,,(Dem,Raphael Warnock ,881,23,312,1,545
Fulton,SC212,U.S. Senate,,(Dem,Raphael Warnock ,1847,46,629,3,1169
Fulton,SC21A,U.S. Senate,,(Dem,Raphael Warnock ,0,0,0,0,0
Fulton,SC23A,U.S. Senate,,(Dem,Raphael Warnock ,1520,47,646,0,827
Fulton,SC23B,U.S. Senate,,(Dem,Raphael Warnock ,238,15,88,1,134
Fulton,SC23C,U.S. Senate,,(Dem,Raphael Warnock ,1010,35,420,2,553
Fulton,SC27,U.S. Senate,,(Dem,Raphael Warnock ,1015,52,268,1,694
Fulton,SC29A,U.S. Senate,,(Dem,Raphael Warnock ,1234,34,465,3,732
Fulton,SC29B,U.S. Senate,,(Dem,Raphael Warnock ,0,0,0,0,0
Fulton,SC30A,U.S. Senate,,(Dem,Raphael Warnock ,90,13,16,0,61
Fulton,SC30B,U.S. Senate,,(Dem,Raphael Warnock ,387,15,117,0,255
Fulton,SC31,U.S. Senate,,(Dem,Raphael Warnock ,164,2,53,0,109
Fulton,SC32,U.S. Senate,,(Dem,Raphael Warnock ,11,1,7,0,3
Fulton,SC33,U.S. Senate,,(Dem,Raphael Warnock ,7,0,0,0,7
Fulton,SS01,U.S. Senate,,(Dem,Raphael Warnock ,1097,69,403,3,622
Fulton,SS01A,U.S. Senate,,(Dem,Raphael Warnock ,339,23,102,1,213
Fulton,SS02A,U.S. Senate,,(Dem,Raphael Warnock ,445,29,172,1,243
Fulton,SS02B,U.S. Senate,,(Dem,Raphael Warnock ,455,14,152,2,287
Fulton,SS03A,U.S. Senate,,(Dem,Raphael Warnock ,286,12,113,2,159
Fulton,SS03,U.S. Senate,,(Dem,Raphael Warnock ,263,21,83,0,159
Fulton,SS04A,U.S. Senate,,(Dem,Raphael Warnock ,59,1,22,0,36
Fulton,SS04,U.S. Senate,,(Dem,Raphael Warnock ,1190,59,439,2,690
Fulton,SS05,U.S. Senate,,(Dem,Raphael Warnock ,736,31,276,2,427
Fulton,SS06,U.S. Senate,,(Dem,Raphael Warnock ,599,43,200,1,355
Fulton,SS07A,U.S. Senate,,(Dem,Raphael Warnock ,419,38,102,0,279
Fulton,SS07B,U.S. Senate,,(Dem,Raphael Warnock ,311,14,106,0,191
Fulton,SS07C,U.S. Senate,,(Dem,Raphael Warnock ,210,23,57,0,130
Fulton,SS07D,U.S. Senate,,(Dem,Raphael Warnock ,1,0,0,0,1
Fulton,SS08A,U.S. Senate,,(Dem,Raphael Warnock ,542,25,270,1,246
Fulton,SS08B,U.S. Senate,,(Dem,Raphael Warnock ,247,13,83,0,151
Fulton,SS08E,U.S. Senate,,(Dem,Raphael Warnock ,120,7,26,0,87
Fulton,SS08C,U.S. Senate,,(Dem,Raphael Warnock ,226,4,72,0,150
Fulton,SS08D,U.S. Senate,,(Dem,Raphael Warnock ,516,26,179,0,311
Fulton,SS09A,U.S. Senate,,(Dem,Raphael Warnock ,997,96,273,1,627
Fulton,SS09B,U.S. Senate,,(Dem,Raphael Warnock ,1223,73,352,1,797
Fulton,SS11A,U.S. Senate,,(Dem,Raphael Warnock ,1154,60,425,1,668
Fulton,SS11B,U.S. Senate,,(Dem,Raphael Warnock ,416,21,141,0,254
Fulton,SS11C,U.S. Senate,,(Dem,Raphael Warnock ,125,2,61,0,62
Fulton,SS11D,U.S. Senate,,(Dem,Raphael Warnock ,129,6,41,0,82
Fulton,SS12,U.S. Senate,,(Dem,Raphael Warnock ,912,76,336,2,498
Fulton,SS13A,U.S. Senate,,(Dem,Raphael Warnock ,637,18,279,1,339
Fulton,SS13B,U.S. Senate,,(Dem,Raphael Warnock ,371,19,162,0,190
Fulton,SS14,U.S. Senate,,(Dem,Raphael Warnock ,411,14,153,1,243
Fulton,SS15A,U.S. Senate,,(Dem,Raphael Warnock ,693,14,319,1,359
Fulton,SS15B,U.S. Senate,,(Dem,Raphael Warnock ,539,24,265,1,249
Fulton,SS16,U.S. Senate,,(Dem,Raphael Warnock ,732,45,281,0,406
Fulton,SS17,U.S. Senate,,(Dem,Raphael Warnock ,1024,58,428,1,537
Fulton,SS18A,U.S. Senate,,(Dem,Raphael Warnock ,133,9,38,0,86
Fulton,SS18C,U.S. Senate,,(Dem,Raphael Warnock ,90,9,30,0,51
Fulton,SS18B,U.S. Senate,,(Dem,Raphael Warnock ,85,8,31,1,45
Fulton,SS19A,U.S. Senate,,(Dem,Raphael Warnock ,1003,35,369,4,595
Fulton,SS19B,U.S. Senate,,(Dem,Raphael Warnock ,750,29,230,3,488
Fulton,SS20,U.S. Senate,,(Dem,Raphael Warnock ,684,29,213,0,442
Fulton,SS22,U.S. Senate,,(Dem,Raphael Warnock ,733,75,241,2,415
Fulton,SS26,U.S. Senate,,(Dem,Raphael Warnock ,1042,29,431,0,582
Fulton,SS29A,U.S. Senate,,(Dem,Raphael Warnock ,969,58,320,2,589
Fulton,SS29B,U.S. Senate,,(Dem,Raphael Warnock ,1,0,1,0,0
Fulton,SS31,U.S. Senate,,(Dem,Raphael Warnock ,622,32,205,1,384
Fulton,UC01A,U.S. Senate,,(Dem,Raphael Warnock ,1123,35,418,3,667
Fulton,UC01B,U.S. Senate,,(Dem,Raphael Warnock ,116,1,53,0,62
Fulton,UC01C,U.S. Senate,,(Dem,Raphael Warnock ,1,0,0,0,1
Fulton,UC01D,U.S. Senate,,(Dem,Raphael Warnock ,0,0,0,0,0
Fulton,UC01E,U.S. Senate,,(Dem,Raphael Warnock ,265,5,84,0,176
Fulton,UC02A,U.S. Senate,,(Dem,Raphael Warnock ,275,35,60,1,179
Fulton,UC02E,U.S. Senate,,(Dem,Raphael Warnock ,1907,37,477,1,1392
Fulton,UC02B,U.S. Senate,,(Dem,Raphael Warnock ,12,0,2,0,10
Fulton,UC02C,U.S. Senate,,(Dem,Raphael Warnock ,38,0,12,0,26
Fulton,UC02D,U.S. Senate,,(Dem,Raphael Warnock ,1571,29,443,8,1091
Fulton,UC031,U.S. Senate,,(Dem,Raphael Warnock ,922,59,334,3,526
Fulton,UC032,U.S. Senate,,(Dem,Raphael Warnock ,194,11,79,0,104
Fulton,UC033,U.S. Senate,,(Dem,Raphael Warnock ,0,0,0,0,0
Fulton,UC035,U.S. Senate,,(Dem,Raphael Warnock ,2,0,0,0,2
Fulton,EP02A,East Point,,,Josette Bailey,521,25,222,1,273
Fulton,EP02B,East Point,,,Josette Bailey,506,14,220,0,272
Fulton,EP02C,East Point,,,Josette Bailey,182,7,65,0,110
Fulton,EP02D,East Point,,,Josette Bailey,176,3,72,0,101
Fulton,EP02E,East Point,,,Josette Bailey,336,14,156,0,166
Fulton,EP02A,East Point,,,Barbara Neville,180,6,91,0,83
Fulton,EP02B,East Point,,,Barbara Neville,315,8,137,0,170
Fulton,EP02C,East Point,,,Barbara Neville,38,1,18,0,19
Fulton,EP02D,East Point,,,Barbara Neville,32,1,15,0,16
Fulton,EP02E,East Point,,,Barbara Neville,103,1,52,0,50
Fulton,RW01,Roswell,,,Sarah Beeson,1367,92,597,0,678
Fulton,RW02,Roswell,,,Sarah Beeson,1245,43,596,3,603
Fulton,RW03,Roswell,,,Sarah Beeson,110,9,41,0,60
Fulton,RW03B,Roswell,,,Sarah Beeson,506,23,212,2,269
Fulton,RW03A,Roswell,,,Sarah Beeson,177,9,76,0,92
Fulton,RW03C,Roswell,,,Sarah Beeson,456,10,216,1,229
Fulton,RW04,Roswell,,,Sarah Beeson,541,29,221,1,290
Fulton,RW05,Roswell,,,Sarah Beeson,553,20,277,0,256
Fulton,RW05A,Roswell,,,Sarah Beeson,208,8,101,1,98
Fulton,RW06,Roswell,,,Sarah Beeson,861,27,449,0,385
Fulton,RW07A,Roswell,,,Sarah Beeson,308,3,180,0,125
Fulton,RW07B,Roswell,,,Sarah Beeson,103,2,67,0,34
Fulton,RW08,Roswell,,,Sarah Beeson,642,37,292,0,313
Fulton,RW09,Roswell,,,Sarah Beeson,990,77,403,0,510
Fulton,RW09A,Roswell,,,Sarah Beeson,660,33,310,0,317
Fulton,RW10,Roswell,,,Sarah Beeson,794,49,370,1,374
Fulton,RW10A,Roswell,,,Sarah Beeson,279,17,97,0,165
Fulton,RW11A,Roswell,,,Sarah Beeson,722,31,293,0,398
Fulton,RW11B,Roswell,,,Sarah Beeson,0,0,0,0,0
Fulton,RW12,Roswell,,,Sarah Beeson,832,40,409,0,383
Fulton,RW12A,Roswell,,,Sarah Beeson,934,50,416,0,468
Fulton,RW13,Roswell,,,Sarah Beeson,1076,30,550,3,493
Fulton,RW16,Roswell,,,Sarah Beeson,614,31,283,0,300
Fulton,RW17,Roswell,,,Sarah Beeson,878,25,466,1,386
Fulton,RW19,Roswell,,,Sarah Beeson,696,32,359,0,305
Fulton,RW20,Roswell,,,Sarah Beeson,699,14,298,0,387
Fulton,RW21,Roswell,,,Sarah Beeson,16,3,2,0,11
Fulton,RW21A,Roswell,,,Sarah Beeson,596,25,267,0,304
Fulton,RW22A,Roswell,,,Sarah Beeson,1108,27,534,0,547
Fulton,RW22C,Roswell,,,Sarah Beeson,0,0,0,0,0
Fulton,RW22B,Roswell,,,Sarah Beeson,0,0,0,0,0
Fulton,RW01,Roswell,,,Allen Sells,1376,74,733,0,569
Fulton,RW02,Roswell,,,Allen Sells,1016,40,554,0,422
Fulton,RW03,Roswell,,,Allen Sells,144,6,71,0,67
Fulton,RW03B,Roswell,,,Allen Sells,322,11,179,0,132
Fulton,RW03A,Roswell,,,Allen Sells,156,10,79,0,67
Fulton,RW03C,Roswell,,,Allen Sells,269,7,125,0,137
Fulton,RW04,Roswell,,,Allen Sells,579,31,298,0,250
Fulton,RW05,Roswell,,,Allen Sells,224,16,138,1,69
Fulton,RW05A,Roswell,,,Allen Sells,98,5,53,0,40
Fulton,RW06,Roswell,,,Allen Sells,623,12,391,0,220
Fulton,RW07A,Roswell,,,Allen Sells,103,2,63,0,38
Fulton,RW07B,Roswell,,,Allen Sells,49,4,29,0,16
Fulton,RW08,Roswell,,,Allen Sells,655,51,344,1,259
Fulton,RW09,Roswell,,,Allen Sells,1275,55,758,0,462
Fulton,RW09A,Roswell,,,Allen Sells,651,22,389,0,240
Fulton,RW10,Roswell,,,Allen Sells,744,18,424,0,302
Fulton,RW10A,Roswell,,,Allen Sells,269,8,143,0,118
Fulton,RW11A,Roswell,,,Allen Sells,598,22,307,0,269
Fulton,RW11B,Roswell,,,Allen Sells,0,0,0,0,0
Fulton,RW12,Roswell,,,Allen Sells,891,18,603,0,270
Fulton,RW12A,Roswell,,,Allen Sells,803,32,484,0,287
Fulton,RW13,Roswell,,,Allen Sells,837,23,497,6,311
Fulton,RW16,Roswell,,,Allen Sells,527,19,320,0,188
Fulton,RW17,Roswell,,,Allen Sells,589,19,360,0,210
Fulton,RW19,Roswell,,,Allen Sells,456,19,288,0,149
Fulton,RW20,Roswell,,,Allen Sells,846,24,453,1,368
Fulton,RW21,Roswell,,,Allen Sells,82,8,34,0,40
Fulton,RW21A,Roswell,,,Allen Sells,1113,23,626,2,462
Fulton,RW22A,Roswell,,,Allen Sells,666,19,375,0,272
Fulton,RW22C,Roswell,,,Allen Sells,0,0,0,0,0
Fulton,RW22B,Roswell,,,Allen Sells,0,0,0,0,0
Fulton,SC07C,South Fulton,,,Mario Clark,1,0,0,0,1
Fulton,SC211,South Fulton,,,Mario Clark,314,6,159,0,149
Fulton,SC212,South Fulton,,,Mario Clark,878,17,398,0,463
Fulton,SC23B,South Fulton,,,Mario Clark,56,2,22,0,32
Fulton,SC23C,South Fulton,,,Mario Clark,258,11,116,0,131
Fulton,SC29A,South Fulton,,,Mario Clark,310,3,131,0,176
Fulton,SC07C,South Fulton,,,Linda Becquer Pritchett,3,0,0,0,3
Fulton,SC211,South Fulton,,,Linda Becquer Pritchett,565,19,163,0,383
Fulton,SC212,South Fulton,,,Linda Becquer Pritchett,950,27,245,0,678
Fulton,SC23B,South Fulton,,,Linda Becquer Pritchett,180,12,67,0,101
Fulton,SC23C,South Fulton,,,Linda Becquer Pritchett,737,28,307,0,402
Fulton,SC29A,South Fulton,,,Linda Becquer Pritchett,904,34,337,2,531
