county,precinct,office,district,party,candidate,votes,advance_voting_votes,absentee_by_mail_votes,provisional_votes,election_day_votes
Coweta,Senoia,U.S. Senate,,Rep,Herschel Walker,2990,1489,93,0,1408
Coweta,Moreland,U.S. Senate,,Rep,Herschel Walker,1513,557,56,1,899
Coweta,Pine Road,U.S. Senate,,Rep,Herschel Walker,1172,434,43,0,695
Coweta,Dresden,U.S. Senate,,Rep,Herschel Walker,432,78,1,0,353
Coweta,Newnan,U.S. Senate,,Rep,Herschel Walker,625,292,31,0,302
Coweta,Sharpsburg,U.S. Senate,,Rep,Herschel Walker,2291,1343,54,0,894
Coweta,Fischer Road,U.S. Senate,,Rep,Herschel Walker,1964,1108,75,0,781
Coweta,Grantville,U.S. Senate,,Rep,Herschel Walker,888,221,17,0,650
Coweta,Haralson,U.S. Senate,,Rep,Herschel Walker,1219,394,21,0,804
Coweta,Welcome,U.S. Senate,,Rep,Herschel Walker,1456,426,46,1,983
Coweta,Panther Creek,U.S. Senate,,Rep,Herschel Walker,1199,389,40,1,769
Coweta,Raymond,U.S. Senate,,Rep,Herschel Walker,1303,576,55,0,672
Coweta,Turin,U.S. Senate,,Rep,Herschel Walker,2559,1327,61,1,1170
Coweta,Smokey Road,U.S. Senate,,Rep,Herschel Walker,659,266,26,0,367
Coweta,Central,U.S. Senate,,Rep,Herschel Walker,597,337,29,0,231
Coweta,Newnan Centre,U.S. Senate,,Rep,Herschel Walker,6271,3973,299,0,1999
Coweta,Greentop,U.S. Senate,,Rep,Herschel Walker,955,383,59,0,513
Coweta,Expo Center,U.S. Senate,,Rep,Herschel Walker,852,380,38,0,434
Coweta,White Oak,U.S. Senate,,Rep,Herschel Walker,1836,1141,50,0,645
Coweta,Madras,U.S. Senate,,Rep,Herschel Walker,4594,2571,211,2,1810
Coweta,Cannongate,U.S. Senate,,Rep,Herschel Walker,1756,871,41,1,843
Coweta,Westside,U.S. Senate,,Rep,Herschel Walker,124,49,9,0,66
Coweta,Northside,U.S. Senate,,Rep,Herschel Walker,930,366,47,0,517
Coweta,Thomas Crossroads,U.S. Senate,,Rep,Herschel Walker,2328,1373,67,1,887
Coweta,Coweta Central Library,U.S. Senate,,Rep,Herschel Walker,999,714,22,0,263
Coweta,Senoia,U.S. Senate,,Dem,Raphael Warnock ,1044,581,96,0,367
Coweta,Moreland,U.S. Senate,,Dem,Raphael Warnock ,357,155,36,0,166
Coweta,Pine Road,U.S. Senate,,Dem,Raphael Warnock ,253,125,20,0,108
Coweta,Dresden,U.S. Senate,,Dem,Raphael Warnock ,89,30,17,0,42
Coweta,Newnan,U.S. Senate,,Dem,Raphael Warnock ,998,492,120,0,386
Coweta,Sharpsburg,U.S. Senate,,Dem,Raphael Warnock ,620,370,58,1,191
Coweta,Fischer Road,U.S. Senate,,Dem,Raphael Warnock ,766,455,75,0,236
Coweta,Grantville,U.S. Senate,,Dem,Raphael Warnock ,455,152,47,0,256
Coweta,Haralson,U.S. Senate,,Dem,Raphael Warnock ,252,109,26,0,117
Coweta,Welcome,U.S. Senate,,Dem,Raphael Warnock ,407,175,48,2,182
Coweta,Panther Creek,U.S. Senate,,Dem,Raphael Warnock ,454,197,40,0,217
Coweta,Raymond,U.S. Senate,,Dem,Raphael Warnock ,371,195,41,0,135
Coweta,Turin,U.S. Senate,,Dem,Raphael Warnock ,756,456,76,0,224
Coweta,Smokey Road,U.S. Senate,,Dem,Raphael Warnock ,596,282,67,0,247
Coweta,Central,U.S. Senate,,Dem,Raphael Warnock ,1134,605,108,0,421
Coweta,Newnan Centre,U.S. Senate,,Dem,Raphael Warnock ,5092,3204,467,2,1419
Coweta,Greentop,U.S. Senate,,Dem,Raphael Warnock ,637,329,61,0,247
Coweta,Expo Center,U.S. Senate,,Dem,Raphael Warnock ,392,160,36,1,195
Coweta,White Oak,U.S. Senate,,Dem,Raphael Warnock ,847,523,103,0,221
Coweta,Madras,U.S. Senate,,Dem,Raphael Warnock ,2071,1238,234,1,598
Coweta,Cannongate,U.S. Senate,,Dem,Raphael Warnock ,602,343,43,0,216
Coweta,Westside,U.S. Senate,,Dem,Raphael Warnock ,277,84,23,0,170
Coweta,Northside,U.S. Senate,,Dem,Raphael Warnock ,544,249,38,0,257
Coweta,Thomas Crossroads,U.S. Senate,,Dem,Raphael Warnock ,798,468,78,0,252
Coweta,Coweta Central Library,U.S. Senate,,Dem,Raphael Warnock ,357,264,29,0,64
Coweta,Senoia,U.S. Senate,,Lib,Chase Oliver,121,46,9,0,66
Coweta,Moreland,U.S. Senate,,Lib,Chase Oliver,32,13,1,0,18
Coweta,Pine Road,U.S. Senate,,Lib,Chase Oliver,38,12,3,0,23
Coweta,Dresden,U.S. Senate,,Lib,Chase Oliver,15,2,0,0,13
Coweta,Newnan,U.S. Senate,,Lib,Chase Oliver,32,12,2,0,18
Coweta,Sharpsburg,U.S. Senate,,Lib,Chase Oliver,83,52,1,0,30
Coweta,Fischer Road,U.S. Senate,,Lib,Chase Oliver,77,32,3,0,42
Coweta,Grantville,U.S. Senate,,Lib,Chase Oliver,46,13,1,0,32
Coweta,Haralson,U.S. Senate,,Lib,Chase Oliver,36,11,1,0,24
Coweta,Welcome,U.S. Senate,,Lib,Chase Oliver,56,16,2,0,38
Coweta,Panther Creek,U.S. Senate,,Lib,Chase Oliver,41,13,3,0,25
Coweta,Raymond,U.S. Senate,,Lib,Chase Oliver,46,15,4,0,27
Coweta,Turin,U.S. Senate,,Lib,Chase Oliver,92,41,3,0,48
Coweta,Smokey Road,U.S. Senate,,Lib,Chase Oliver,33,9,2,1,21
Coweta,Central,U.S. Senate,,Lib,Chase Oliver,42,13,6,0,23
Coweta,Newnan Centre,U.S. Senate,,Lib,Chase Oliver,324,157,27,0,140
Coweta,Greentop,U.S. Senate,,Lib,Chase Oliver,49,19,2,0,28
Coweta,Expo Center,U.S. Senate,,Lib,Chase Oliver,29,13,0,0,16
Coweta,White Oak,U.S. Senate,,Lib,Chase Oliver,87,48,4,0,35
Coweta,Madras,U.S. Senate,,Lib,Chase Oliver,167,74,5,0,88
Coweta,Cannongate,U.S. Senate,,Lib,Chase Oliver,63,23,4,0,36
Coweta,Westside,U.S. Senate,,Lib,Chase Oliver,7,1,0,0,6
Coweta,Northside,U.S. Senate,,Lib,Chase Oliver,36,10,3,0,23
Coweta,Thomas Crossroads,U.S. Senate,,Lib,Chase Oliver,94,43,6,0,45
Coweta,Coweta Central Library,U.S. Senate,,Lib,Chase Oliver,28,18,0,0,10
Coweta,Senoia,Governor,,Rep,Brian Kemp ,3274,1620,119,0,1535
Coweta,Moreland,Governor,,Rep,Brian Kemp ,1605,590,58,1,956
Coweta,Pine Road,Governor,,Rep,Brian Kemp ,1245,457,47,0,741
Coweta,Dresden,Governor,,Rep,Brian Kemp ,462,83,7,0,372
Coweta,Newnan,Governor,,Rep,Brian Kemp ,704,327,37,0,340
Coweta,Sharpsburg,Governor,,Rep,Brian Kemp ,2474,1438,67,0,969
Coweta,Fischer Road,Governor,,Rep,Brian Kemp ,2176,1190,90,0,896
Coweta,Grantville,Governor,,Rep,Brian Kemp ,953,235,20,0,698
Coweta,Haralson,Governor,,Rep,Brian Kemp ,1291,407,26,0,858
Coweta,Welcome,Governor,,Rep,Brian Kemp ,1551,455,56,1,1039
Coweta,Panther Creek,Governor,,Rep,Brian Kemp ,1286,414,45,1,826
Coweta,Raymond,Governor,,Rep,Brian Kemp ,1380,606,64,0,710
Coweta,Turin,Governor,,Rep,Brian Kemp ,2767,1427,71,1,1268
Coweta,Smokey Road,Governor,,Rep,Brian Kemp ,745,297,32,1,415
Coweta,Central,Governor,,Rep,Brian Kemp ,671,369,40,0,262
Coweta,Newnan Centre,Governor,,Rep,Brian Kemp ,7040,4393,377,0,2270
Coweta,Greentop,Governor,,Rep,Brian Kemp ,1067,430,71,0,566
Coweta,Expo Center,Governor,,Rep,Brian Kemp ,956,421,42,0,493
Coweta,White Oak,Governor,,Rep,Brian Kemp ,2011,1243,66,0,702
Coweta,Madras,Governor,,Rep,Brian Kemp ,5009,2760,247,2,2000
Coweta,Cannongate,Governor,,Rep,Brian Kemp ,1926,937,53,1,935
Coweta,Westside,Governor,,Rep,Brian Kemp ,134,50,10,0,74
Coweta,Northside,Governor,,Rep,Brian Kemp ,1035,404,58,0,573
Coweta,Thomas Crossroads,Governor,,Rep,Brian Kemp ,2518,1477,78,1,962
Coweta,Coweta Central Library,Governor,,Rep,Brian Kemp ,1096,779,32,0,285
Coweta,Senoia,Governor,,Dem,Stacey Abrams,875,503,78,0,294
Coweta,Moreland,Governor,,Dem,Stacey Abrams,291,134,35,0,122
Coweta,Pine Road,Governor,,Dem,Stacey Abrams,208,111,18,0,79
Coweta,Dresden,Governor,,Dem,Stacey Abrams,74,28,11,0,35
Coweta,Newnan,Governor,,Dem,Stacey Abrams,945,467,114,0,364
Coweta,Sharpsburg,Governor,,Dem,Stacey Abrams,516,325,48,1,142
Coweta,Fischer Road,Governor,,Dem,Stacey Abrams,634,407,68,0,159
Coweta,Grantville,Governor,,Dem,Stacey Abrams,423,150,44,0,229
Coweta,Haralson,Governor,,Dem,Stacey Abrams,212,103,25,0,84
Coweta,Welcome,Governor,,Dem,Stacey Abrams,368,163,43,2,160
Coweta,Panther Creek,Governor,,Dem,Stacey Abrams,403,182,36,0,185
Coweta,Raymond,Governor,,Dem,Stacey Abrams,333,181,34,0,118
Coweta,Turin,Governor,,Dem,Stacey Abrams,634,400,68,0,166
Coweta,Smokey Road,Governor,,Dem,Stacey Abrams,536,259,61,0,216
Coweta,Central,Governor,,Dem,Stacey Abrams,1102,586,102,0,414
Coweta,Newnan Centre,Governor,,Dem,Stacey Abrams,4619,2944,412,2,1261
Coweta,Greentop,Governor,,Dem,Stacey Abrams,573,306,52,0,215
Coweta,Expo Center,Governor,,Dem,Stacey Abrams,319,135,30,1,153
Coweta,White Oak,Governor,,Dem,Stacey Abrams,738,464,88,0,186
Coweta,Madras,Governor,,Dem,Stacey Abrams,1810,1122,200,1,487
Coweta,Cannongate,Governor,,Dem,Stacey Abrams,493,297,36,0,160
Coweta,Westside,Governor,,Dem,Stacey Abrams,272,84,22,0,166
Coweta,Northside,Governor,,Dem,Stacey Abrams,479,221,31,0,227
Coweta,Thomas Crossroads,Governor,,Dem,Stacey Abrams,695,404,73,0,218
Coweta,Coweta Central Library,Governor,,Dem,Stacey Abrams,295,222,20,0,53
Coweta,Senoia,Governor,,Lib,Shane Hazel,33,8,3,0,22
Coweta,Moreland,Governor,,Lib,Shane Hazel,12,3,0,0,9
Coweta,Pine Road,Governor,,Lib,Shane Hazel,13,4,0,0,9
Coweta,Dresden,Governor,,Lib,Shane Hazel,3,0,0,0,3
Coweta,Newnan,Governor,,Lib,Shane Hazel,10,4,0,0,6
Coweta,Sharpsburg,Governor,,Lib,Shane Hazel,29,16,0,0,13
Coweta,Fischer Road,Governor,,Lib,Shane Hazel,23,10,0,0,13
Coweta,Grantville,Governor,,Lib,Shane Hazel,18,3,1,0,14
Coweta,Haralson,Governor,,Lib,Shane Hazel,13,6,0,0,7
Coweta,Welcome,Governor,,Lib,Shane Hazel,14,4,0,0,10
Coweta,Panther Creek,Governor,,Lib,Shane Hazel,14,3,1,0,10
Coweta,Raymond,Governor,,Lib,Shane Hazel,12,3,0,0,9
Coweta,Turin,Governor,,Lib,Shane Hazel,25,7,1,0,17
Coweta,Smokey Road,Governor,,Lib,Shane Hazel,13,3,0,0,10
Coweta,Central,Governor,,Lib,Shane Hazel,11,6,0,0,5
Coweta,Newnan Centre,Governor,,Lib,Shane Hazel,93,34,10,0,49
Coweta,Greentop,Governor,,Lib,Shane Hazel,13,4,1,0,8
Coweta,Expo Center,Governor,,Lib,Shane Hazel,11,3,0,0,8
Coweta,White Oak,Governor,,Lib,Shane Hazel,30,15,1,0,14
Coweta,Madras,Governor,,Lib,Shane Hazel,49,17,4,0,28
Coweta,Cannongate,Governor,,Lib,Shane Hazel,16,8,0,0,8
Coweta,Westside,Governor,,Lib,Shane Hazel,3,0,0,0,3
Coweta,Northside,Governor,,Lib,Shane Hazel,9,5,1,0,3
Coweta,Thomas Crossroads,Governor,,Lib,Shane Hazel,28,13,3,0,12
Coweta,Coweta Central Library,Governor,,Lib,Shane Hazel,8,1,0,0,7
Coweta,Senoia,Lieutenant Governor,,Rep,Burt Jones,3125,1547,105,0,1473
Coweta,Moreland,Lieutenant Governor,,Rep,Burt Jones,1554,572,55,1,926
Coweta,Pine Road,Lieutenant Governor,,Rep,Burt Jones,1206,446,46,0,714
Coweta,Dresden,Lieutenant Governor,,Rep,Burt Jones,441,81,2,0,358
Coweta,Newnan,Lieutenant Governor,,Rep,Burt Jones,674,319,32,0,323
Coweta,Sharpsburg,Lieutenant Governor,,Rep,Burt Jones,2395,1404,66,0,925
Coweta,Fischer Road,Lieutenant Governor,,Rep,Burt Jones,2080,1154,85,0,841
Coweta,Grantville,Lieutenant Governor,,Rep,Burt Jones,931,235,18,0,678
Coweta,Haralson,Lieutenant Governor,,Rep,Burt Jones,1255,396,25,0,834
Coweta,Welcome,Lieutenant Governor,,Rep,Burt Jones,1516,444,53,1,1018
Coweta,Panther Creek,Lieutenant Governor,,Rep,Burt Jones,1232,393,44,1,794
Coweta,Raymond,Lieutenant Governor,,Rep,Burt Jones,1349,588,61,0,700
Coweta,Turin,Lieutenant Governor,,Rep,Burt Jones,2674,1383,66,1,1224
Coweta,Smokey Road,Lieutenant Governor,,Rep,Burt Jones,710,287,28,1,394
Coweta,Central,Lieutenant Governor,,Rep,Burt Jones,631,349,33,0,249
Coweta,Newnan Centre,Lieutenant Governor,,Rep,Burt Jones,6689,4204,346,0,2139
Coweta,Greentop,Lieutenant Governor,,Rep,Burt Jones,1021,404,65,0,552
Coweta,Expo Center,Lieutenant Governor,,Rep,Burt Jones,902,405,36,0,461
Coweta,White Oak,Lieutenant Governor,,Rep,Burt Jones,1919,1188,57,0,674
Coweta,Madras,Lieutenant Governor,,Rep,Burt Jones,4804,2664,232,2,1906
Coweta,Cannongate,Lieutenant Governor,,Rep,Burt Jones,1842,901,46,1,894
Coweta,Westside,Lieutenant Governor,,Rep,Burt Jones,133,50,10,0,73
Coweta,Northside,Lieutenant Governor,,Rep,Burt Jones,984,392,52,0,540
Coweta,Thomas Crossroads,Lieutenant Governor,,Rep,Burt Jones,2429,1424,74,1,930
Coweta,Coweta Central Library,Lieutenant Governor,,Rep,Burt Jones,1043,746,25,0,272
Coweta,Senoia,Lieutenant Governor,,Dem,Charlie Bailey,927,524,87,0,316
Coweta,Moreland,Lieutenant Governor,,Dem,Charlie Bailey,315,146,37,0,132
Coweta,Pine Road,Lieutenant Governor,,Dem,Charlie Bailey,220,109,18,0,93
Coweta,Dresden,Lieutenant Governor,,Dem,Charlie Bailey,85,29,15,0,41
Coweta,Newnan,Lieutenant Governor,,Dem,Charlie Bailey,918,451,118,0,349
Coweta,Sharpsburg,Lieutenant Governor,,Dem,Charlie Bailey,542,330,49,1,162
Coweta,Fischer Road,Lieutenant Governor,,Dem,Charlie Bailey,678,415,72,0,191
Coweta,Grantville,Lieutenant Governor,,Dem,Charlie Bailey,413,140,43,0,230
Coweta,Haralson,Lieutenant Governor,,Dem,Charlie Bailey,225,107,26,0,92
Coweta,Welcome,Lieutenant Governor,,Dem,Charlie Bailey,353,157,42,1,153
Coweta,Panther Creek,Lieutenant Governor,,Dem,Charlie Bailey,403,182,35,0,186
Coweta,Raymond,Lieutenant Governor,,Dem,Charlie Bailey,334,184,35,0,115
Coweta,Turin,Lieutenant Governor,,Dem,Charlie Bailey,666,416,68,0,182
Coweta,Smokey Road,Lieutenant Governor,,Dem,Charlie Bailey,543,260,61,0,222
Coweta,Central,Lieutenant Governor,,Dem,Charlie Bailey,1066,566,105,0,395
Coweta,Newnan Centre,Lieutenant Governor,,Dem,Charlie Bailey,4709,2990,433,2,1284
Coweta,Greentop,Lieutenant Governor,,Dem,Charlie Bailey,564,296,55,0,213
Coweta,Expo Center,Lieutenant Governor,,Dem,Charlie Bailey,340,143,31,1,165
Coweta,White Oak,Lieutenant Governor,,Dem,Charlie Bailey,760,470,93,0,197
Coweta,Madras,Lieutenant Governor,,Dem,Charlie Bailey,1848,1148,203,1,496
Coweta,Cannongate,Lieutenant Governor,,Dem,Charlie Bailey,514,300,38,0,176
Coweta,Westside,Lieutenant Governor,,Dem,Charlie Bailey,253,80,21,0,152
Coweta,Northside,Lieutenant Governor,,Dem,Charlie Bailey,489,221,36,0,232
Coweta,Thomas Crossroads,Lieutenant Governor,,Dem,Charlie Bailey,716,428,75,0,213
Coweta,Coweta Central Library,Lieutenant Governor,,Dem,Charlie Bailey,327,242,27,0,58
Coweta,Senoia,Lieutenant Governor,,Lib,Ryan Graham,95,37,8,0,50
Coweta,Moreland,Lieutenant Governor,,Lib,Ryan Graham,24,6,0,0,18
Coweta,Pine Road,Lieutenant Governor,,Lib,Ryan Graham,33,11,1,0,21
Coweta,Dresden,Lieutenant Governor,,Lib,Ryan Graham,8,0,0,0,8
Coweta,Newnan,Lieutenant Governor,,Lib,Ryan Graham,42,17,1,0,24
Coweta,Sharpsburg,Lieutenant Governor,,Lib,Ryan Graham,67,37,0,0,30
Coweta,Fischer Road,Lieutenant Governor,,Lib,Ryan Graham,56,27,0,0,29
Coweta,Grantville,Lieutenant Governor,,Lib,Ryan Graham,30,9,1,0,20
Coweta,Haralson,Lieutenant Governor,,Lib,Ryan Graham,28,10,0,0,18
Coweta,Welcome,Lieutenant Governor,,Lib,Ryan Graham,49,13,2,1,33
Coweta,Panther Creek,Lieutenant Governor,,Lib,Ryan Graham,48,15,2,0,31
Coweta,Raymond,Lieutenant Governor,,Lib,Ryan Graham,29,11,2,0,16
Coweta,Turin,Lieutenant Governor,,Lib,Ryan Graham,60,22,3,0,35
Coweta,Smokey Road,Lieutenant Governor,,Lib,Ryan Graham,29,6,4,0,19
Coweta,Central,Lieutenant Governor,,Lib,Ryan Graham,42,20,2,0,20
Coweta,Newnan Centre,Lieutenant Governor,,Lib,Ryan Graham,274,133,14,0,127
Coweta,Greentop,Lieutenant Governor,,Lib,Ryan Graham,44,21,1,0,22
Coweta,Expo Center,Lieutenant Governor,,Lib,Ryan Graham,31,7,0,0,24
Coweta,White Oak,Lieutenant Governor,,Lib,Ryan Graham,78,45,5,0,28
Coweta,Madras,Lieutenant Governor,,Lib,Ryan Graham,156,57,11,0,88
Coweta,Cannongate,Lieutenant Governor,,Lib,Ryan Graham,56,29,4,0,23
Coweta,Westside,Lieutenant Governor,,Lib,Ryan Graham,11,0,0,0,11
Coweta,Northside,Lieutenant Governor,,Lib,Ryan Graham,32,11,1,0,20
Coweta,Thomas Crossroads,Lieutenant Governor,,Lib,Ryan Graham,76,33,5,0,38
Coweta,Coweta Central Library,Lieutenant Governor,,Lib,Ryan Graham,25,12,0,0,13
Coweta,Senoia,Secretary of State,,Rep,Brad Raffensperger ,3159,1577,115,0,1467
Coweta,Moreland,Secretary of State,,Rep,Brad Raffensperger ,1540,565,60,1,914
Coweta,Pine Road,Secretary of State,,Rep,Brad Raffensperger ,1188,444,48,0,696
Coweta,Dresden,Secretary of State,,Rep,Brad Raffensperger ,441,79,7,0,355
Coweta,Newnan,Secretary of State,,Rep,Brad Raffensperger ,718,340,37,0,341
Coweta,Sharpsburg,Secretary of State,,Rep,Brad Raffensperger ,2379,1389,69,0,921
Coweta,Fischer Road,Secretary of State,,Rep,Brad Raffensperger ,2095,1158,86,0,851
Coweta,Grantville,Secretary of State,,Rep,Brad Raffensperger ,926,233,25,0,668
Coweta,Haralson,Secretary of State,,Rep,Brad Raffensperger ,1242,384,28,0,830
Coweta,Welcome,Secretary of State,,Rep,Brad Raffensperger ,1492,441,57,1,993
Coweta,Panther Creek,Secretary of State,,Rep,Brad Raffensperger ,1244,401,42,1,800
Coweta,Raymond,Secretary of State,,Rep,Brad Raffensperger ,1346,589,65,0,692
Coweta,Turin,Secretary of State,,Rep,Brad Raffensperger ,2663,1389,74,1,1199
Coweta,Smokey Road,Secretary of State,,Rep,Brad Raffensperger ,723,289,31,1,402
Coweta,Central,Secretary of State,,Rep,Brad Raffensperger ,667,371,40,0,256
Coweta,Newnan Centre,Secretary of State,,Rep,Brad Raffensperger ,6953,4373,384,0,2196
Coweta,Greentop,Secretary of State,,Rep,Brad Raffensperger ,1048,428,65,0,555
Coweta,Expo Center,Secretary of State,,Rep,Brad Raffensperger ,927,413,39,0,475
Coweta,White Oak,Secretary of State,,Rep,Brad Raffensperger ,1934,1210,67,0,657
Coweta,Madras,Secretary of State,,Rep,Brad Raffensperger ,4876,2702,249,2,1923
Coweta,Cannongate,Secretary of State,,Rep,Brad Raffensperger ,1872,906,52,1,913
Coweta,Westside,Secretary of State,,Rep,Brad Raffensperger ,132,46,8,0,78
Coweta,Northside,Secretary of State,,Rep,Brad Raffensperger ,1011,407,59,0,545
Coweta,Thomas Crossroads,Secretary of State,,Rep,Brad Raffensperger ,2428,1431,78,1,918
Coweta,Coweta Central Library,Secretary of State,,Rep,Brad Raffensperger ,1054,751,31,0,272
Coweta,Senoia,Secretary of State,,Dem,Bee Nguyen,839,478,78,0,283
Coweta,Moreland,Secretary of State,,Dem,Bee Nguyen,276,125,31,0,120
Coweta,Pine Road,Secretary of State,,Dem,Bee Nguyen,208,106,16,0,86
Coweta,Dresden,Secretary of State,,Dem,Bee Nguyen,77,29,11,0,37
Coweta,Newnan,Secretary of State,,Dem,Bee Nguyen,872,425,112,0,335
Coweta,Sharpsburg,Secretary of State,,Dem,Bee Nguyen,509,312,45,1,151
Coweta,Fischer Road,Secretary of State,,Dem,Bee Nguyen,620,384,70,0,166
Coweta,Grantville,Secretary of State,,Dem,Bee Nguyen,382,137,38,0,207
Coweta,Haralson,Secretary of State,,Dem,Bee Nguyen,210,105,22,0,83
Coweta,Welcome,Secretary of State,,Dem,Bee Nguyen,340,154,39,1,146
Coweta,Panther Creek,Secretary of State,,Dem,Bee Nguyen,376,170,35,0,171
Coweta,Raymond,Secretary of State,,Dem,Bee Nguyen,323,177,31,0,115
Coweta,Turin,Secretary of State,,Dem,Bee Nguyen,603,377,60,0,166
Coweta,Smokey Road,Secretary of State,,Dem,Bee Nguyen,516,252,60,0,204
Coweta,Central,Secretary of State,,Dem,Bee Nguyen,1036,543,99,0,394
Coweta,Newnan Centre,Secretary of State,,Dem,Bee Nguyen,4388,2775,393,2,1218
Coweta,Greentop,Secretary of State,,Dem,Bee Nguyen,537,283,54,0,200
Coweta,Expo Center,Secretary of State,,Dem,Bee Nguyen,303,129,28,1,145
Coweta,White Oak,Secretary of State,,Dem,Bee Nguyen,716,446,82,0,188
Coweta,Madras,Secretary of State,,Dem,Bee Nguyen,1698,1056,183,1,458
Coweta,Cannongate,Secretary of State,,Dem,Bee Nguyen,461,275,32,0,154
Coweta,Westside,Secretary of State,,Dem,Bee Nguyen,250,78,22,0,150
Coweta,Northside,Secretary of State,,Dem,Bee Nguyen,453,203,29,0,221
Coweta,Thomas Crossroads,Secretary of State,,Dem,Bee Nguyen,658,381,70,0,207
Coweta,Coweta Central Library,Secretary of State,,Dem,Bee Nguyen,287,220,20,0,47
Coweta,Senoia,Secretary of State,,Lib,Ted Metz,146,56,5,0,85
Coweta,Moreland,Secretary of State,,Lib,Ted Metz,69,28,1,0,40
Coweta,Pine Road,Secretary of State,,Lib,Ted Metz,57,16,0,0,41
Coweta,Dresden,Secretary of State,,Lib,Ted Metz,15,1,0,0,14
Coweta,Newnan,Secretary of State,,Lib,Ted Metz,48,23,0,0,25
Coweta,Sharpsburg,Secretary of State,,Lib,Ted Metz,100,57,0,0,43
Coweta,Fischer Road,Secretary of State,,Lib,Ted Metz,98,53,1,0,44
Coweta,Grantville,Secretary of State,,Lib,Ted Metz,68,14,1,0,53
Coweta,Haralson,Secretary of State,,Lib,Ted Metz,54,24,1,0,29
Coweta,Welcome,Secretary of State,,Lib,Ted Metz,83,21,2,1,59
Coweta,Panther Creek,Secretary of State,,Lib,Ted Metz,59,16,4,0,39
Coweta,Raymond,Secretary of State,,Lib,Ted Metz,46,17,3,0,26
Coweta,Turin,Secretary of State,,Lib,Ted Metz,112,46,2,0,64
Coweta,Smokey Road,Secretary of State,,Lib,Ted Metz,44,13,3,0,28
Coweta,Central,Secretary of State,,Lib,Ted Metz,45,25,2,0,18
Coweta,Newnan Centre,Secretary of State,,Lib,Ted Metz,327,175,14,0,138
Coweta,Greentop,Secretary of State,,Lib,Ted Metz,52,19,2,0,31
Coweta,Expo Center,Secretary of State,,Lib,Ted Metz,43,14,2,0,27
Coweta,White Oak,Secretary of State,,Lib,Ted Metz,104,49,3,0,52
Coweta,Madras,Secretary of State,,Lib,Ted Metz,234,113,11,0,110
Coweta,Cannongate,Secretary of State,,Lib,Ted Metz,82,47,2,0,33
Coweta,Westside,Secretary of State,,Lib,Ted Metz,16,6,0,0,10
Coweta,Northside,Secretary of State,,Lib,Ted Metz,47,12,2,0,33
Coweta,Thomas Crossroads,Secretary of State,,Lib,Ted Metz,130,68,5,0,57
Coweta,Coweta Central Library,Secretary of State,,Lib,Ted Metz,48,24,0,0,24
Coweta,Senoia,Attorney General,,Rep,Chris Carr ,3165,1570,107,0,1488
Coweta,Moreland,Attorney General,,Rep,Chris Carr ,1563,574,55,1,933
Coweta,Pine Road,Attorney General,,Rep,Chris Carr ,1207,447,48,0,712
Coweta,Dresden,Attorney General,,Rep,Chris Carr ,447,82,3,0,362
Coweta,Newnan,Attorney General,,Rep,Chris Carr ,676,319,34,0,323
Coweta,Sharpsburg,Attorney General,,Rep,Chris Carr ,2383,1390,65,0,928
Coweta,Fischer Road,Attorney General,,Rep,Chris Carr ,2085,1148,84,0,853
Coweta,Grantville,Attorney General,,Rep,Chris Carr ,934,234,19,0,681
Coweta,Haralson,Attorney General,,Rep,Chris Carr ,1243,396,25,0,822
Coweta,Welcome,Attorney General,,Rep,Chris Carr ,1509,449,56,1,1003
Coweta,Panther Creek,Attorney General,,Rep,Chris Carr ,1232,393,44,1,794
Coweta,Raymond,Attorney General,,Rep,Chris Carr ,1354,593,62,0,699
Coweta,Turin,Attorney General,,Rep,Chris Carr ,2692,1403,66,1,1222
Coweta,Smokey Road,Attorney General,,Rep,Chris Carr ,718,289,31,1,397
Coweta,Central,Attorney General,,Rep,Chris Carr ,637,351,34,0,252
Coweta,Newnan Centre,Attorney General,,Rep,Chris Carr ,6794,4274,356,0,2164
Coweta,Greentop,Attorney General,,Rep,Chris Carr ,1051,424,67,0,560
Coweta,Expo Center,Attorney General,,Rep,Chris Carr ,919,422,37,0,460
Coweta,White Oak,Attorney General,,Rep,Chris Carr ,1934,1194,64,0,676
Coweta,Madras,Attorney General,,Rep,Chris Carr ,4861,2709,236,2,1914
Coweta,Cannongate,Attorney General,,Rep,Chris Carr ,1861,915,48,1,897
Coweta,Westside,Attorney General,,Rep,Chris Carr ,136,51,10,0,75
Coweta,Northside,Attorney General,,Rep,Chris Carr ,1008,399,55,0,554
Coweta,Thomas Crossroads,Attorney General,,Rep,Chris Carr ,2440,1428,76,1,935
Coweta,Coweta Central Library,Attorney General,,Rep,Chris Carr ,1059,752,27,0,280
Coweta,Senoia,Attorney General,,Dem,"Jennifer """"Jen"""" Jordan",917,517,89,0,311
Coweta,Moreland,Attorney General,,Dem,"Jennifer """"Jen"""" Jordan",310,138,36,0,136
Coweta,Pine Road,Attorney General,,Dem,"Jennifer """"Jen"""" Jordan",236,118,17,0,101
Coweta,Dresden,Attorney General,,Dem,"Jennifer """"Jen"""" Jordan",82,27,14,0,41
Coweta,Newnan,Attorney General,,Dem,"Jennifer """"Jen"""" Jordan",926,455,114,0,357
Coweta,Sharpsburg,Attorney General,,Dem,"Jennifer """"Jen"""" Jordan",563,345,50,1,167
Coweta,Fischer Road,Attorney General,,Dem,"Jennifer """"Jen"""" Jordan",690,428,72,0,190
Coweta,Grantville,Attorney General,,Dem,"Jennifer """"Jen"""" Jordan",420,142,43,0,235
Coweta,Haralson,Attorney General,,Dem,"Jennifer """"Jen"""" Jordan",235,108,26,0,101
Coweta,Welcome,Attorney General,,Dem,"Jennifer """"Jen"""" Jordan",370,162,40,1,167
Coweta,Panther Creek,Attorney General,,Dem,"Jennifer """"Jen"""" Jordan",415,188,35,0,192
Coweta,Raymond,Attorney General,,Dem,"Jennifer """"Jen"""" Jordan",334,183,34,0,117
Coweta,Turin,Attorney General,,Dem,"Jennifer """"Jen"""" Jordan",663,414,70,0,179
Coweta,Smokey Road,Attorney General,,Dem,"Jennifer """"Jen"""" Jordan",552,262,60,0,230
Coweta,Central,Attorney General,,Dem,"Jennifer """"Jen"""" Jordan",1085,583,104,0,398
Coweta,Newnan Centre,Attorney General,,Dem,"Jennifer """"Jen"""" Jordan",4680,2971,424,2,1283
Coweta,Greentop,Attorney General,,Dem,"Jennifer """"Jen"""" Jordan",559,297,56,0,206
Coweta,Expo Center,Attorney General,,Dem,"Jennifer """"Jen"""" Jordan",333,133,29,1,170
Coweta,White Oak,Attorney General,,Dem,"Jennifer """"Jen"""" Jordan",766,479,90,0,197
Coweta,Madras,Attorney General,,Dem,"Jennifer """"Jen"""" Jordan",1852,1137,201,1,513
Coweta,Cannongate,Attorney General,,Dem,"Jennifer """"Jen"""" Jordan",502,292,38,0,172
Coweta,Westside,Attorney General,,Dem,"Jennifer """"Jen"""" Jordan",257,81,22,0,154
Coweta,Northside,Attorney General,,Dem,"Jennifer """"Jen"""" Jordan",479,218,33,0,228
Coweta,Thomas Crossroads,Attorney General,,Dem,"Jennifer """"Jen"""" Jordan",723,430,72,0,221
Coweta,Coweta Central Library,Attorney General,,Dem,"Jennifer """"Jen"""" Jordan",311,233,24,0,54
Coweta,Senoia,Attorney General,,Lib,Martin Cowen,70,26,3,0,41
Coweta,Moreland,Attorney General,,Lib,Martin Cowen,19,7,1,0,11
Coweta,Pine Road,Attorney General,,Lib,Martin Cowen,18,5,0,0,13
Coweta,Dresden,Attorney General,,Lib,Martin Cowen,4,1,0,0,3
Coweta,Newnan,Attorney General,,Lib,Martin Cowen,34,17,0,0,17
Coweta,Sharpsburg,Attorney General,,Lib,Martin Cowen,57,34,0,0,23
Coweta,Fischer Road,Attorney General,,Lib,Martin Cowen,43,23,1,0,19
Coweta,Grantville,Attorney General,,Lib,Martin Cowen,29,8,1,0,20
Coweta,Haralson,Attorney General,,Lib,Martin Cowen,29,8,0,0,21
Coweta,Welcome,Attorney General,,Lib,Martin Cowen,48,8,2,1,37
Coweta,Panther Creek,Attorney General,,Lib,Martin Cowen,37,11,2,0,24
Coweta,Raymond,Attorney General,,Lib,Martin Cowen,23,7,0,0,16
Coweta,Turin,Attorney General,,Lib,Martin Cowen,50,13,3,0,34
Coweta,Smokey Road,Attorney General,,Lib,Martin Cowen,16,5,1,0,10
Coweta,Central,Attorney General,,Lib,Martin Cowen,25,12,1,0,12
Coweta,Newnan Centre,Attorney General,,Lib,Martin Cowen,199,89,8,0,102
Coweta,Greentop,Attorney General,,Lib,Martin Cowen,32,12,0,0,20
Coweta,Expo Center,Attorney General,,Lib,Martin Cowen,17,1,0,0,16
Coweta,White Oak,Attorney General,,Lib,Martin Cowen,57,31,0,0,26
Coweta,Madras,Attorney General,,Lib,Martin Cowen,106,34,3,0,69
Coweta,Cannongate,Attorney General,,Lib,Martin Cowen,54,24,1,0,29
Coweta,Westside,Attorney General,,Lib,Martin Cowen,6,0,0,0,6
Coweta,Northside,Attorney General,,Lib,Martin Cowen,23,7,1,0,15
Coweta,Thomas Crossroads,Attorney General,,Lib,Martin Cowen,63,30,5,0,28
Coweta,Coweta Central Library,Attorney General,,Lib,Martin Cowen,17,9,0,0,8
Coweta,Senoia,Commissioner Of Agriculture,,Rep,Tyler Harper,3209,1597,111,0,1501
Coweta,Moreland,Commissioner Of Agriculture,,Rep,Tyler Harper,1569,578,55,1,935
Coweta,Pine Road,Commissioner Of Agriculture,,Rep,Tyler Harper,1234,458,49,0,727
Coweta,Dresden,Commissioner Of Agriculture,,Rep,Tyler Harper,457,84,4,0,369
Coweta,Newnan,Commissioner Of Agriculture,,Rep,Tyler Harper,691,332,31,0,328
Coweta,Sharpsburg,Commissioner Of Agriculture,,Rep,Tyler Harper,2404,1405,65,0,934
Coweta,Fischer Road,Commissioner Of Agriculture,,Rep,Tyler Harper,2127,1182,86,0,859
Coweta,Grantville,Commissioner Of Agriculture,,Rep,Tyler Harper,933,238,20,0,675
Coweta,Haralson,Commissioner Of Agriculture,,Rep,Tyler Harper,1271,409,24,0,838
Coweta,Welcome,Commissioner Of Agriculture,,Rep,Tyler Harper,1528,453,57,1,1017
Coweta,Panther Creek,Commissioner Of Agriculture,,Rep,Tyler Harper,1244,399,44,1,800
Coweta,Raymond,Commissioner Of Agriculture,,Rep,Tyler Harper,1364,597,64,0,703
Coweta,Turin,Commissioner Of Agriculture,,Rep,Tyler Harper,2686,1395,68,1,1222
Coweta,Smokey Road,Commissioner Of Agriculture,,Rep,Tyler Harper,715,284,25,1,405
Coweta,Central,Commissioner Of Agriculture,,Rep,Tyler Harper,634,351,34,0,249
Coweta,Newnan Centre,Commissioner Of Agriculture,,Rep,Tyler Harper,6919,4334,378,0,2207
Coweta,Greentop,Commissioner Of Agriculture,,Rep,Tyler Harper,1050,419,65,0,566
Coweta,Expo Center,Commissioner Of Agriculture,,Rep,Tyler Harper,934,414,39,0,481
Coweta,White Oak,Commissioner Of Agriculture,,Rep,Tyler Harper,1970,1226,65,0,679
Coweta,Madras,Commissioner Of Agriculture,,Rep,Tyler Harper,4926,2734,240,2,1950
Coweta,Cannongate,Commissioner Of Agriculture,,Rep,Tyler Harper,1892,930,51,1,910
Coweta,Westside,Commissioner Of Agriculture,,Rep,Tyler Harper,133,51,10,0,72
Coweta,Northside,Commissioner Of Agriculture,,Rep,Tyler Harper,1022,406,56,0,560
Coweta,Thomas Crossroads,Commissioner Of Agriculture,,Rep,Tyler Harper,2459,1445,78,1,935
Coweta,Coweta Central Library,Commissioner Of Agriculture,,Rep,Tyler Harper,1071,765,31,0,275
Coweta,Senoia,Commissioner Of Agriculture,,Dem,Nakita Hemingway,853,483,82,0,288
Coweta,Moreland,Commissioner Of Agriculture,,Dem,Nakita Hemingway,275,128,31,0,116
Coweta,Pine Road,Commissioner Of Agriculture,,Dem,Nakita Hemingway,201,103,16,0,82
Coweta,Dresden,Commissioner Of Agriculture,,Dem,Nakita Hemingway,71,25,13,0,33
Coweta,Newnan,Commissioner Of Agriculture,,Dem,Nakita Hemingway,899,431,119,0,349
Coweta,Sharpsburg,Commissioner Of Agriculture,,Dem,Nakita Hemingway,515,314,50,0,151
Coweta,Fischer Road,Commissioner Of Agriculture,,Dem,Nakita Hemingway,618,385,65,0,168
Coweta,Grantville,Commissioner Of Agriculture,,Dem,Nakita Hemingway,415,140,42,0,233
Coweta,Haralson,Commissioner Of Agriculture,,Dem,Nakita Hemingway,199,94,24,0,81
Coweta,Welcome,Commissioner Of Agriculture,,Dem,Nakita Hemingway,339,154,38,1,146
Coweta,Panther Creek,Commissioner Of Agriculture,,Dem,Nakita Hemingway,394,183,35,0,176
Coweta,Raymond,Commissioner Of Agriculture,,Dem,Nakita Hemingway,319,175,34,0,110
Coweta,Turin,Commissioner Of Agriculture,,Dem,Nakita Hemingway,615,384,66,0,165
Coweta,Smokey Road,Commissioner Of Agriculture,,Dem,Nakita Hemingway,525,256,61,0,208
Coweta,Central,Commissioner Of Agriculture,,Dem,Nakita Hemingway,1067,569,103,0,395
Coweta,Newnan Centre,Commissioner Of Agriculture,,Dem,Nakita Hemingway,4461,2855,398,2,1206
Coweta,Greentop,Commissioner Of Agriculture,,Dem,Nakita Hemingway,539,291,52,0,196
Coweta,Expo Center,Commissioner Of Agriculture,,Dem,Nakita Hemingway,298,129,28,1,140
Coweta,White Oak,Commissioner Of Agriculture,,Dem,Nakita Hemingway,711,444,86,0,181
Coweta,Madras,Commissioner Of Agriculture,,Dem,Nakita Hemingway,1717,1072,190,1,454
Coweta,Cannongate,Commissioner Of Agriculture,,Dem,Nakita Hemingway,454,266,33,0,155
Coweta,Westside,Commissioner Of Agriculture,,Dem,Nakita Hemingway,258,80,22,0,156
Coweta,Northside,Commissioner Of Agriculture,,Dem,Nakita Hemingway,449,204,31,0,214
Coweta,Thomas Crossroads,Commissioner Of Agriculture,,Dem,Nakita Hemingway,654,392,65,0,197
Coweta,Coweta Central Library,Commissioner Of Agriculture,,Dem,Nakita Hemingway,288,218,21,0,49
Coweta,Senoia,Commissioner Of Agriculture,,Lib,David Raudabaugh,85,29,6,0,50
Coweta,Moreland,Commissioner Of Agriculture,,Lib,David Raudabaugh,38,11,2,0,25
Coweta,Pine Road,Commissioner Of Agriculture,,Lib,David Raudabaugh,24,8,0,0,16
Coweta,Dresden,Commissioner Of Agriculture,,Lib,David Raudabaugh,8,1,0,0,7
Coweta,Newnan,Commissioner Of Agriculture,,Lib,David Raudabaugh,48,26,0,0,22
Coweta,Sharpsburg,Commissioner Of Agriculture,,Lib,David Raudabaugh,77,48,0,1,28
Coweta,Fischer Road,Commissioner Of Agriculture,,Lib,David Raudabaugh,62,32,4,0,26
Coweta,Grantville,Commissioner Of Agriculture,,Lib,David Raudabaugh,28,7,2,0,19
Coweta,Haralson,Commissioner Of Agriculture,,Lib,David Raudabaugh,37,10,1,0,26
Coweta,Welcome,Commissioner Of Agriculture,,Lib,David Raudabaugh,53,10,4,1,38
Coweta,Panther Creek,Commissioner Of Agriculture,,Lib,David Raudabaugh,38,8,2,0,28
Coweta,Raymond,Commissioner Of Agriculture,,Lib,David Raudabaugh,29,11,1,0,17
Coweta,Turin,Commissioner Of Agriculture,,Lib,David Raudabaugh,87,38,3,0,46
Coweta,Smokey Road,Commissioner Of Agriculture,,Lib,David Raudabaugh,42,13,7,0,22
Coweta,Central,Commissioner Of Agriculture,,Lib,David Raudabaugh,44,23,0,0,21
Coweta,Newnan Centre,Commissioner Of Agriculture,,Lib,David Raudabaugh,261,123,14,0,124
Coweta,Greentop,Commissioner Of Agriculture,,Lib,David Raudabaugh,45,19,2,0,24
Coweta,Expo Center,Commissioner Of Agriculture,,Lib,David Raudabaugh,36,10,1,0,25
Coweta,White Oak,Commissioner Of Agriculture,,Lib,David Raudabaugh,70,33,2,0,35
Coweta,Madras,Commissioner Of Agriculture,,Lib,David Raudabaugh,158,63,9,0,86
Coweta,Cannongate,Commissioner Of Agriculture,,Lib,David Raudabaugh,68,35,3,0,30
Coweta,Westside,Commissioner Of Agriculture,,Lib,David Raudabaugh,12,2,0,0,10
Coweta,Northside,Commissioner Of Agriculture,,Lib,David Raudabaugh,31,9,1,0,21
Coweta,Thomas Crossroads,Commissioner Of Agriculture,,Lib,David Raudabaugh,98,42,8,0,48
Coweta,Coweta Central Library,Commissioner Of Agriculture,,Lib,David Raudabaugh,29,13,0,0,16
Coweta,Senoia,Commissioner Of Insurance,,Rep,John King ,3258,1606,112,0,1540
Coweta,Moreland,Commissioner Of Insurance,,Rep,John King ,1592,592,56,1,943
Coweta,Pine Road,Commissioner Of Insurance,,Rep,John King ,1241,458,47,0,736
Coweta,Dresden,Commissioner Of Insurance,,Rep,John King ,444,81,3,0,360
Coweta,Newnan,Commissioner Of Insurance,,Rep,John King ,712,337,33,0,342
Coweta,Sharpsburg,Commissioner Of Insurance,,Rep,John King ,2451,1433,65,0,953
Coweta,Fischer Road,Commissioner Of Insurance,,Rep,John King ,2160,1190,87,0,883
Coweta,Grantville,Commissioner Of Insurance,,Rep,John King ,954,240,23,0,691
Coweta,Haralson,Commissioner Of Insurance,,Rep,John King ,1277,405,24,0,848
Coweta,Welcome,Commissioner Of Insurance,,Rep,John King ,1551,456,54,2,1039
Coweta,Panther Creek,Commissioner Of Insurance,,Rep,John King ,1279,410,46,1,822
Coweta,Raymond,Commissioner Of Insurance,,Rep,John King ,1383,606,64,0,713
Coweta,Turin,Commissioner Of Insurance,,Rep,John King ,2742,1417,72,1,1252
Coweta,Smokey Road,Commissioner Of Insurance,,Rep,John King ,733,296,28,1,408
Coweta,Central,Commissioner Of Insurance,,Rep,John King ,663,365,33,0,265
Coweta,Newnan Centre,Commissioner Of Insurance,,Rep,John King ,7019,4371,376,1,2271
Coweta,Greentop,Commissioner Of Insurance,,Rep,John King ,1077,433,70,0,574
Coweta,Expo Center,Commissioner Of Insurance,,Rep,John King ,943,416,39,0,488
Coweta,White Oak,Commissioner Of Insurance,,Rep,John King ,2002,1231,66,0,705
Coweta,Madras,Commissioner Of Insurance,,Rep,John King ,4999,2765,238,2,1994
Coweta,Cannongate,Commissioner Of Insurance,,Rep,John King ,1920,939,49,1,931
Coweta,Westside,Commissioner Of Insurance,,Rep,John King ,138,52,10,0,76
Coweta,Northside,Commissioner Of Insurance,,Rep,John King ,1033,410,56,0,567
Coweta,Thomas Crossroads,Commissioner Of Insurance,,Rep,John King ,2524,1478,77,1,968
Coweta,Coweta Central Library,Commissioner Of Insurance,,Rep,John King ,1086,767,30,0,289
Coweta,Senoia,Commissioner Of Insurance,,Dem,Janice Laws Robinson,880,498,85,0,297
Coweta,Moreland,Commissioner Of Insurance,,Dem,Janice Laws Robinson,286,126,33,0,127
Coweta,Pine Road,Commissioner Of Insurance,,Dem,Janice Laws Robinson,215,110,18,0,87
Coweta,Dresden,Commissioner Of Insurance,,Dem,Janice Laws Robinson,88,29,14,0,45
Coweta,Newnan,Commissioner Of Insurance,,Dem,Janice Laws Robinson,925,451,116,0,358
Coweta,Sharpsburg,Commissioner Of Insurance,,Dem,Janice Laws Robinson,534,328,49,1,156
Coweta,Fischer Road,Commissioner Of Insurance,,Dem,Janice Laws Robinson,638,403,68,0,167
Coweta,Grantville,Commissioner Of Insurance,,Dem,Janice Laws Robinson,418,143,39,0,236
Coweta,Haralson,Commissioner Of Insurance,,Dem,Janice Laws Robinson,223,106,26,0,91
Coweta,Welcome,Commissioner Of Insurance,,Dem,Janice Laws Robinson,370,161,44,1,164
Coweta,Panther Creek,Commissioner Of Insurance,,Dem,Janice Laws Robinson,393,176,34,0,183
Coweta,Raymond,Commissioner Of Insurance,,Dem,Janice Laws Robinson,327,175,34,0,118
Coweta,Turin,Commissioner Of Insurance,,Dem,Janice Laws Robinson,628,396,62,0,170
Coweta,Smokey Road,Commissioner Of Insurance,,Dem,Janice Laws Robinson,545,257,64,0,224
Coweta,Central,Commissioner Of Insurance,,Dem,Janice Laws Robinson,1077,576,101,0,400
Coweta,Newnan Centre,Commissioner Of Insurance,,Dem,Janice Laws Robinson,4579,2911,409,1,1258
Coweta,Greentop,Commissioner Of Insurance,,Dem,Janice Laws Robinson,560,295,52,0,213
Coweta,Expo Center,Commissioner Of Insurance,,Dem,Janice Laws Robinson,314,135,29,1,149
Coweta,White Oak,Commissioner Of Insurance,,Dem,Janice Laws Robinson,739,464,87,0,188
Coweta,Madras,Commissioner Of Insurance,,Dem,Janice Laws Robinson,1778,1100,194,1,483
Coweta,Cannongate,Commissioner Of Insurance,,Dem,Janice Laws Robinson,480,287,35,0,158
Coweta,Westside,Commissioner Of Insurance,,Dem,Janice Laws Robinson,261,81,21,0,159
Coweta,Northside,Commissioner Of Insurance,,Dem,Janice Laws Robinson,466,212,30,0,224
Coweta,Thomas Crossroads,Commissioner Of Insurance,,Dem,Janice Laws Robinson,677,398,70,0,209
Coweta,Coweta Central Library,Commissioner Of Insurance,,Dem,Janice Laws Robinson,299,226,20,0,53
Coweta,Senoia,State School Superintendent,,Rep,Richard Woods ,3270,1623,111,0,1536
Coweta,Moreland,State School Superintendent,,Rep,Richard Woods ,1600,591,55,1,953
Coweta,Pine Road,State School Superintendent,,Rep,Richard Woods ,1240,458,48,0,734
Coweta,Dresden,State School Superintendent,,Rep,Richard Woods ,458,86,4,0,368
Coweta,Newnan,State School Superintendent,,Rep,Richard Woods ,727,345,38,0,344
Coweta,Sharpsburg,State School Superintendent,,Rep,Richard Woods ,2471,1444,67,1,959
Coweta,Fischer Road,State School Superintendent,,Rep,Richard Woods ,2168,1194,90,0,884
Coweta,Grantville,State School Superintendent,,Rep,Richard Woods ,946,235,21,0,690
Coweta,Haralson,State School Superintendent,,Rep,Richard Woods ,1285,412,24,0,849
Coweta,Welcome,State School Superintendent,,Rep,Richard Woods ,1568,459,60,1,1048
Coweta,Panther Creek,State School Superintendent,,Rep,Richard Woods ,1279,414,44,1,820
Coweta,Raymond,State School Superintendent,,Rep,Richard Woods ,1371,601,60,0,710
Coweta,Turin,State School Superintendent,,Rep,Richard Woods ,2750,1419,71,1,1259
Coweta,Smokey Road,State School Superintendent,,Rep,Richard Woods ,760,308,28,1,423
Coweta,Central,State School Superintendent,,Rep,Richard Woods ,673,376,33,0,264
Coweta,Newnan Centre,State School Superintendent,,Rep,Richard Woods ,7074,4412,379,0,2283
Coweta,Greentop,State School Superintendent,,Rep,Richard Woods ,1101,449,70,0,582
Coweta,Expo Center,State School Superintendent,,Rep,Richard Woods ,968,429,43,0,496
Coweta,White Oak,State School Superintendent,,Rep,Richard Woods ,2010,1240,66,0,704
Coweta,Madras,State School Superintendent,,Rep,Richard Woods ,5014,2765,245,2,2002
Coweta,Cannongate,State School Superintendent,,Rep,Richard Woods ,1941,954,53,1,933
Coweta,Westside,State School Superintendent,,Rep,Richard Woods ,143,52,11,0,80
Coweta,Northside,State School Superintendent,,Rep,Richard Woods ,1033,409,55,0,569
Coweta,Thomas Crossroads,State School Superintendent,,Rep,Richard Woods ,2545,1492,79,1,973
Coweta,Coweta Central Library,State School Superintendent,,Rep,Richard Woods ,1098,776,31,0,291
Coweta,Senoia,State School Superintendent,,Dem,Alisha Thomas Searcy,881,496,88,0,297
Coweta,Moreland,State School Superintendent,,Dem,Alisha Thomas Searcy,286,128,34,0,124
Coweta,Pine Road,State School Superintendent,,Dem,Alisha Thomas Searcy,217,110,16,0,91
Coweta,Dresden,State School Superintendent,,Dem,Alisha Thomas Searcy,74,24,13,0,37
Coweta,Newnan,State School Superintendent,,Dem,Alisha Thomas Searcy,909,441,111,0,357
Coweta,Sharpsburg,State School Superintendent,,Dem,Alisha Thomas Searcy,523,320,47,0,156
Coweta,Fischer Road,State School Superintendent,,Dem,Alisha Thomas Searcy,640,402,66,0,172
Coweta,Grantville,State School Superintendent,,Dem,Alisha Thomas Searcy,426,147,43,0,236
Coweta,Haralson,State School Superintendent,,Dem,Alisha Thomas Searcy,218,101,26,0,91
Coweta,Welcome,State School Superintendent,,Dem,Alisha Thomas Searcy,357,159,40,2,156
Coweta,Panther Creek,State School Superintendent,,Dem,Alisha Thomas Searcy,398,179,36,0,183
Coweta,Raymond,State School Superintendent,,Dem,Alisha Thomas Searcy,332,176,38,0,118
Coweta,Turin,State School Superintendent,,Dem,Alisha Thomas Searcy,632,398,64,0,170
Coweta,Smokey Road,State School Superintendent,,Dem,Alisha Thomas Searcy,519,246,64,0,209
Coweta,Central,State School Superintendent,,Dem,Alisha Thomas Searcy,1074,568,104,0,402
Coweta,Newnan Centre,State School Superintendent,,Dem,Alisha Thomas Searcy,4547,2882,407,2,1256
Coweta,Greentop,State School Superintendent,,Dem,Alisha Thomas Searcy,540,283,51,0,206
Coweta,Expo Center,State School Superintendent,,Dem,Alisha Thomas Searcy,300,125,26,1,148
Coweta,White Oak,State School Superintendent,,Dem,Alisha Thomas Searcy,739,460,87,0,192
Coweta,Madras,State School Superintendent,,Dem,Alisha Thomas Searcy,1776,1098,191,1,486
Coweta,Cannongate,State School Superintendent,,Dem,Alisha Thomas Searcy,469,274,34,0,161
Coweta,Westside,State School Superintendent,,Dem,Alisha Thomas Searcy,259,81,21,0,157
Coweta,Northside,State School Superintendent,,Dem,Alisha Thomas Searcy,468,213,30,0,225
Coweta,Thomas Crossroads,State School Superintendent,,Dem,Alisha Thomas Searcy,667,387,72,0,208
Coweta,Coweta Central Library,State School Superintendent,,Dem,Alisha Thomas Searcy,290,222,18,0,50
Coweta,Senoia,Commissioner Of Labor,,Rep,Bruce Thompson,3172,1581,105,0,1486
Coweta,Moreland,Commissioner Of Labor,,Rep,Bruce Thompson,1552,572,54,1,925
Coweta,Pine Road,Commissioner Of Labor,,Rep,Bruce Thompson,1208,449,46,0,713
Coweta,Dresden,Commissioner Of Labor,,Rep,Bruce Thompson,453,82,2,0,369
Coweta,Newnan,Commissioner Of Labor,,Rep,Bruce Thompson,683,323,33,0,327
Coweta,Sharpsburg,Commissioner Of Labor,,Rep,Bruce Thompson,2390,1400,66,0,924
Coweta,Fischer Road,Commissioner Of Labor,,Rep,Bruce Thompson,2095,1156,87,0,852
Coweta,Grantville,Commissioner Of Labor,,Rep,Bruce Thompson,939,238,21,0,680
Coweta,Haralson,Commissioner Of Labor,,Rep,Bruce Thompson,1252,396,24,0,832
Coweta,Welcome,Commissioner Of Labor,,Rep,Bruce Thompson,1511,444,54,1,1012
Coweta,Panther Creek,Commissioner Of Labor,,Rep,Bruce Thompson,1242,395,43,1,803
Coweta,Raymond,Commissioner Of Labor,,Rep,Bruce Thompson,1342,588,58,0,696
Coweta,Turin,Commissioner Of Labor,,Rep,Bruce Thompson,2673,1381,66,1,1225
Coweta,Smokey Road,Commissioner Of Labor,,Rep,Bruce Thompson,712,281,29,1,401
Coweta,Central,Commissioner Of Labor,,Rep,Bruce Thompson,627,349,33,0,245
Coweta,Newnan Centre,Commissioner Of Labor,,Rep,Bruce Thompson,6771,4255,354,0,2162
Coweta,Greentop,Commissioner Of Labor,,Rep,Bruce Thompson,1035,414,65,0,556
Coweta,Expo Center,Commissioner Of Labor,,Rep,Bruce Thompson,922,413,41,0,468
Coweta,White Oak,Commissioner Of Labor,,Rep,Bruce Thompson,1933,1205,60,0,668
Coweta,Madras,Commissioner Of Labor,,Rep,Bruce Thompson,4851,2696,229,2,1924
Coweta,Cannongate,Commissioner Of Labor,,Rep,Bruce Thompson,1863,919,51,1,892
Coweta,Westside,Commissioner Of Labor,,Rep,Bruce Thompson,138,53,10,0,75
Coweta,Northside,Commissioner Of Labor,,Rep,Bruce Thompson,997,395,52,0,550
Coweta,Thomas Crossroads,Commissioner Of Labor,,Rep,Bruce Thompson,2414,1427,75,1,911
Coweta,Coweta Central Library,Commissioner Of Labor,,Rep,Bruce Thompson,1055,755,24,0,276
Coweta,Senoia,Commissioner Of Labor,,Dem,"William """"Will"""" Boddie, Jr",865,495,84,0,286
Coweta,Moreland,Commissioner Of Labor,,Dem,"William """"Will"""" Boddie, Jr",295,134,33,0,128
Coweta,Pine Road,Commissioner Of Labor,,Dem,"William """"Will"""" Boddie, Jr",207,106,17,0,84
Coweta,Dresden,Commissioner Of Labor,,Dem,"William """"Will"""" Boddie, Jr",73,26,15,0,32
Coweta,Newnan,Commissioner Of Labor,,Dem,"William """"Will"""" Boddie, Jr",903,443,112,0,348
Coweta,Sharpsburg,Commissioner Of Labor,,Dem,"William """"Will"""" Boddie, Jr",518,321,49,1,147
Coweta,Fischer Road,Commissioner Of Labor,,Dem,"William """"Will"""" Boddie, Jr",622,393,66,0,163
Coweta,Grantville,Commissioner Of Labor,,Dem,"William """"Will"""" Boddie, Jr",400,139,42,0,219
Coweta,Haralson,Commissioner Of Labor,,Dem,"William """"Will"""" Boddie, Jr",212,100,24,0,88
Coweta,Welcome,Commissioner Of Labor,,Dem,"William """"Will"""" Boddie, Jr",348,155,40,1,152
Coweta,Panther Creek,Commissioner Of Labor,,Dem,"William """"Will"""" Boddie, Jr",384,177,33,0,174
Coweta,Raymond,Commissioner Of Labor,,Dem,"William """"Will"""" Boddie, Jr",327,181,37,0,109
Coweta,Turin,Commissioner Of Labor,,Dem,"William """"Will"""" Boddie, Jr",621,391,65,0,165
Coweta,Smokey Road,Commissioner Of Labor,,Dem,"William """"Will"""" Boddie, Jr",524,264,61,0,199
Coweta,Central,Commissioner Of Labor,,Dem,"William """"Will"""" Boddie, Jr",1049,563,101,0,385
Coweta,Newnan Centre,Commissioner Of Labor,,Dem,"William """"Will"""" Boddie, Jr",4527,2898,414,1,1214
Coweta,Greentop,Commissioner Of Labor,,Dem,"William """"Will"""" Boddie, Jr",542,295,50,0,197
Coweta,Expo Center,Commissioner Of Labor,,Dem,"William """"Will"""" Boddie, Jr",300,128,26,1,145
Coweta,White Oak,Commissioner Of Labor,,Dem,"William """"Will"""" Boddie, Jr",733,452,86,0,195
Coweta,Madras,Commissioner Of Labor,,Dem,"William """"Will"""" Boddie, Jr",1757,1102,191,1,463
Coweta,Cannongate,Commissioner Of Labor,,Dem,"William """"Will"""" Boddie, Jr",473,277,34,0,162
Coweta,Westside,Commissioner Of Labor,,Dem,"William """"Will"""" Boddie, Jr",253,81,22,0,150
Coweta,Northside,Commissioner Of Labor,,Dem,"William """"Will"""" Boddie, Jr",463,208,32,0,223
Coweta,Thomas Crossroads,Commissioner Of Labor,,Dem,"William """"Will"""" Boddie, Jr",673,396,70,0,207
Coweta,Coweta Central Library,Commissioner Of Labor,,Dem,"William """"Will"""" Boddie, Jr",309,230,25,0,54
Coweta,Senoia,Commissioner Of Labor,,Lib,Emily Anderson,108,35,8,0,65
Coweta,Moreland,Commissioner Of Labor,,Lib,Emily Anderson,35,11,2,0,22
Coweta,Pine Road,Commissioner Of Labor,,Lib,Emily Anderson,43,14,1,0,28
Coweta,Dresden,Commissioner Of Labor,,Lib,Emily Anderson,8,1,0,0,7
Coweta,Newnan,Commissioner Of Labor,,Lib,Emily Anderson,49,21,4,0,24
Coweta,Sharpsburg,Commissioner Of Labor,,Lib,Emily Anderson,85,44,0,0,41
Coweta,Fischer Road,Commissioner Of Labor,,Lib,Emily Anderson,86,43,2,0,41
Coweta,Grantville,Commissioner Of Labor,,Lib,Emily Anderson,42,7,1,0,34
Coweta,Haralson,Commissioner Of Labor,,Lib,Emily Anderson,36,14,1,0,21
Coweta,Welcome,Commissioner Of Labor,,Lib,Emily Anderson,56,15,3,1,37
Coweta,Panther Creek,Commissioner Of Labor,,Lib,Emily Anderson,51,15,3,0,33
Coweta,Raymond,Commissioner Of Labor,,Lib,Emily Anderson,37,12,1,0,24
Coweta,Turin,Commissioner Of Labor,,Lib,Emily Anderson,92,46,4,0,42
Coweta,Smokey Road,Commissioner Of Labor,,Lib,Emily Anderson,43,10,3,0,30
Coweta,Central,Commissioner Of Labor,,Lib,Emily Anderson,66,30,3,0,33
Coweta,Newnan Centre,Commissioner Of Labor,,Lib,Emily Anderson,307,140,17,1,149
Coweta,Greentop,Commissioner Of Labor,,Lib,Emily Anderson,52,20,2,0,30
Coweta,Expo Center,Commissioner Of Labor,,Lib,Emily Anderson,41,11,1,0,29
Coweta,White Oak,Commissioner Of Labor,,Lib,Emily Anderson,83,44,5,0,34
Coweta,Madras,Commissioner Of Labor,,Lib,Emily Anderson,172,59,14,0,99
Coweta,Cannongate,Commissioner Of Labor,,Lib,Emily Anderson,71,33,2,0,36
Coweta,Westside,Commissioner Of Labor,,Lib,Emily Anderson,10,0,0,0,10
Coweta,Northside,Commissioner Of Labor,,Lib,Emily Anderson,40,15,2,0,23
Coweta,Thomas Crossroads,Commissioner Of Labor,,Lib,Emily Anderson,110,50,5,0,55
Coweta,Coweta Central Library,Commissioner Of Labor,,Lib,Emily Anderson,20,9,1,0,10
Coweta,Senoia,U.S. House,3,Rep,Drew Ferguson ,3249,1611,110,0,1528
Coweta,Moreland,U.S. House,3,Rep,Drew Ferguson ,1587,587,56,1,943
Coweta,Pine Road,U.S. House,3,Rep,Drew Ferguson ,1243,456,49,0,738
Coweta,Dresden,U.S. House,3,Rep,Drew Ferguson ,458,84,3,0,371
Coweta,Newnan,U.S. House,3,Rep,Drew Ferguson ,709,337,34,0,338
Coweta,Sharpsburg,U.S. House,3,Rep,Drew Ferguson ,2449,1432,66,0,951
Coweta,Fischer Road,U.S. House,3,Rep,Drew Ferguson ,2142,1181,87,0,874
Coweta,Grantville,U.S. House,3,Rep,Drew Ferguson ,954,237,20,0,697
Coweta,Haralson,U.S. House,3,Rep,Drew Ferguson ,1281,408,27,0,846
Coweta,Welcome,U.S. House,3,Rep,Drew Ferguson ,1562,460,55,2,1045
Coweta,Panther Creek,U.S. House,3,Rep,Drew Ferguson ,1277,405,45,1,826
Coweta,Raymond,U.S. House,3,Rep,Drew Ferguson ,1376,599,61,0,716
Coweta,Turin,U.S. House,3,Rep,Drew Ferguson ,2750,1420,68,1,1261
Coweta,Smokey Road,U.S. House,3,Rep,Drew Ferguson ,739,293,30,1,415
Coweta,Central,U.S. House,3,Rep,Drew Ferguson ,676,372,34,0,270
Coweta,Newnan Centre,U.S. House,3,Rep,Drew Ferguson ,6999,4365,363,0,2271
Coweta,Greentop,U.S. House,3,Rep,Drew Ferguson ,1077,433,69,0,575
Coweta,Expo Center,U.S. House,3,Rep,Drew Ferguson ,943,419,42,0,482
Coweta,White Oak,U.S. House,3,Rep,Drew Ferguson ,2003,1235,64,0,704
Coweta,Madras,U.S. House,3,Rep,Drew Ferguson ,4981,2739,231,2,2009
Coweta,Cannongate,U.S. House,3,Rep,Drew Ferguson ,1923,939,51,1,932
Coweta,Westside,U.S. House,3,Rep,Drew Ferguson ,142,52,10,0,80
Coweta,Northside,U.S. House,3,Rep,Drew Ferguson ,1034,411,55,0,568
Coweta,Thomas Crossroads,U.S. House,3,Rep,Drew Ferguson ,2523,1473,80,1,969
Coweta,Coweta Central Library,U.S. House,3,Rep,Drew Ferguson ,1083,767,27,0,289
Coweta,Senoia,U.S. House,3,Dem,Val Almonord,896,505,86,0,305
Coweta,Moreland,U.S. House,3,Dem,Val Almonord,290,130,34,0,126
Coweta,Pine Road,U.S. House,3,Dem,Val Almonord,212,110,17,0,85
Coweta,Dresden,U.S. House,3,Dem,Val Almonord,75,26,14,0,35
Coweta,Newnan,U.S. House,3,Dem,Val Almonord,926,445,117,0,364
Coweta,Sharpsburg,U.S. House,3,Dem,Val Almonord,543,333,49,1,160
Coweta,Fischer Road,U.S. House,3,Dem,Val Almonord,658,409,70,0,179
Coweta,Grantville,U.S. House,3,Dem,Val Almonord,420,147,44,0,229
Coweta,Haralson,U.S. House,3,Dem,Val Almonord,221,103,24,0,94
Coweta,Welcome,U.S. House,3,Dem,Val Almonord,357,156,43,1,157
Coweta,Panther Creek,U.S. House,3,Dem,Val Almonord,403,184,35,0,184
Coweta,Raymond,U.S. House,3,Dem,Val Almonord,329,178,38,0,113
Coweta,Turin,U.S. House,3,Dem,Val Almonord,646,402,70,0,174
Coweta,Smokey Road,U.S. House,3,Dem,Val Almonord,544,263,63,0,218
Coweta,Central,U.S. House,3,Dem,Val Almonord,1066,573,101,0,392
Coweta,Newnan Centre,U.S. House,3,Dem,Val Almonord,4624,2937,424,2,1261
Coweta,Greentop,U.S. House,3,Dem,Val Almonord,561,298,53,0,210
Coweta,Expo Center,U.S. House,3,Dem,Val Almonord,327,134,32,1,160
Coweta,White Oak,U.S. House,3,Dem,Val Almonord,741,462,90,0,189
Coweta,Madras,U.S. House,3,Dem,Val Almonord,1814,1127,213,1,473
Coweta,Cannongate,U.S. House,3,Dem,Val Almonord,486,290,35,0,161
Coweta,Westside,U.S. House,3,Dem,Val Almonord,260,82,22,0,156
Coweta,Northside,U.S. House,3,Dem,Val Almonord,476,213,33,0,230
Coweta,Thomas Crossroads,U.S. House,3,Dem,Val Almonord,688,405,70,0,213
Coweta,Coweta Central Library,U.S. House,3,Dem,Val Almonord,302,227,23,0,52
Coweta,Senoia,State Senate,28,Rep,Matt Brass ,3592,1796,119,0,1677
Coweta,Moreland,State Senate,28,Rep,Matt Brass ,1684,626,59,1,998
Coweta,Pine Road,State Senate,28,Rep,Matt Brass ,1333,495,52,0,786
Coweta,Dresden,State Senate,28,Rep,Matt Brass ,492,94,11,0,387
Coweta,Newnan,State Senate,28,Rep,Matt Brass ,1064,496,56,0,512
Coweta,Sharpsburg,State Senate,28,Rep,Matt Brass ,2655,1561,73,0,1021
Coweta,Fischer Road,State Senate,28,Rep,Matt Brass ,2417,1361,103,0,953
Coweta,Grantville,State Senate,28,Rep,Matt Brass ,1166,305,38,0,823
Coweta,Haralson,State Senate,28,Rep,Matt Brass ,1372,452,32,0,888
Coweta,Welcome,State Senate,28,Rep,Matt Brass ,1731,537,68,2,1124
Coweta,Panther Creek,State Senate,28,Rep,Matt Brass ,1477,491,65,1,920
Coweta,Raymond,State Senate,28,Rep,Matt Brass ,1521,680,73,0,768
Coweta,Turin,State Senate,28,Rep,Matt Brass ,3013,1567,82,1,1363
Coweta,Smokey Road,State Senate,28,Rep,Matt Brass ,961,405,52,1,503
Coweta,Central,State Senate,28,Rep,Matt Brass ,1123,623,57,0,443
Coweta,Newnan Centre,State Senate,28,Rep,Matt Brass ,8974,5586,481,0,2907
Coweta,Greentop,State Senate,28,Rep,Matt Brass ,1316,548,83,0,685
Coweta,Expo Center,State Senate,28,Rep,Matt Brass ,1074,467,48,1,558
Coweta,White Oak,State Senate,28,Rep,Matt Brass ,2268,1405,75,0,788
Coweta,Madras,State Senate,28,Rep,Matt Brass ,5690,3154,289,2,2245
Coweta,Cannongate,State Senate,28,Rep,Matt Brass ,2140,1060,63,0,1017
Coweta,Westside,State Senate,28,Rep,Matt Brass ,237,77,15,0,145
Coweta,Northside,State Senate,28,Rep,Matt Brass ,1229,490,63,0,676
Coweta,Thomas Crossroads,State Senate,28,Rep,Matt Brass ,2776,1611,98,1,1066
Coweta,Coweta Central Library,State Senate,28,Rep,Matt Brass ,1196,851,29,0,316
Coweta,Madras,State House,65,Rep,Jan Horne,4906,2706,231,1,1968
Coweta,Madras,State House,65,Dem,Mandisha A. Thomas ,1843,1132,208,1,502
Coweta,Fischer Road,State House,67,Rep,Marziyeh Marzi Amirizadeh,2114,1165,82,0,867
Coweta,Cannongate,State House,67,Rep,Marziyeh Marzi Amirizadeh,1877,913,47,0,917
Coweta,Thomas Crossroads,State House,67,Rep,Marziyeh Marzi Amirizadeh,2452,1437,71,0,944
Coweta,Fischer Road,State House,67,Dem,Lydia Glaize,672,422,71,0,179
Coweta,Cannongate,State House,67,Dem,Lydia Glaize,522,312,38,0,172
Coweta,Thomas Crossroads,State House,67,Dem,Lydia Glaize,729,427,74,0,228
Coweta,Dresden,State House,70,Rep,Lynn Smith ,462,83,8,0,371
Coweta,Newnan,State House,70,Rep,Lynn Smith ,760,356,42,0,362
Coweta,Welcome,State House,70,Rep,Lynn Smith ,1584,469,62,2,1051
Coweta,Panther Creek,State House,70,Rep,Lynn Smith ,1292,416,49,1,826
Coweta,Raymond,State House,70,Rep,Lynn Smith ,1396,609,63,0,724
Coweta,Smokey Road,State House,70,Rep,Lynn Smith ,753,300,31,1,421
Coweta,Central,State House,70,Rep,Lynn Smith ,688,378,37,0,273
Coweta,Newnan Centre,State House,70,Rep,Lynn Smith ,1631,952,129,0,550
Coweta,Greentop,State House,70,Rep,Lynn Smith ,1099,442,75,0,582
Coweta,Expo Center,State House,70,Rep,Lynn Smith ,1002,438,49,1,514
Coweta,Westside,State House,70,Rep,Lynn Smith ,146,52,10,0,84
Coweta,Northside,State House,70,Rep,Lynn Smith ,1059,427,54,0,578
Coweta,Dresden,State House,70,Dem,"Calvin Louis Anderson, Jr.",70,26,10,0,34
Coweta,Newnan,State House,70,Dem,"Calvin Louis Anderson, Jr.",876,432,104,0,340
Coweta,Welcome,State House,70,Dem,"Calvin Louis Anderson, Jr.",339,149,38,1,151
Coweta,Panther Creek,State House,70,Dem,"Calvin Louis Anderson, Jr.",385,174,32,0,179
Coweta,Raymond,State House,70,Dem,"Calvin Louis Anderson, Jr.",312,172,34,0,106
Coweta,Smokey Road,State House,70,Dem,"Calvin Louis Anderson, Jr.",530,255,62,0,213
Coweta,Central,State House,70,Dem,"Calvin Louis Anderson, Jr.",1047,564,98,0,385
Coweta,Newnan Centre,State House,70,Dem,"Calvin Louis Anderson, Jr.",1763,1056,177,2,528
Coweta,Greentop,State House,70,Dem,"Calvin Louis Anderson, Jr.",535,285,47,0,203
Coweta,Expo Center,State House,70,Dem,"Calvin Louis Anderson, Jr.",267,115,22,0,130
Coweta,Westside,State House,70,Dem,"Calvin Louis Anderson, Jr.",258,81,22,0,155
Coweta,Northside,State House,70,Dem,"Calvin Louis Anderson, Jr.",446,197,32,0,217
Coweta,Sharpsburg,State House,73,Rep,Josh Bonner ,2625,1546,67,0,1012
Coweta,Newnan Centre,State House,73,Rep,Josh Bonner ,6591,4197,303,0,2091
Coweta,White Oak,State House,73,Rep,Josh Bonner ,2264,1399,75,0,790
Coweta,Coweta Central Library,State House,73,Rep,Josh Bonner ,1197,851,29,0,317
Coweta,Senoia,State House,136,Rep,David Jenkins ,3582,1787,117,0,1678
Coweta,Moreland,State House,136,Rep,David Jenkins ,1678,624,59,1,994
Coweta,Pine Road,State House,136,Rep,David Jenkins ,1324,494,52,0,778
Coweta,Sharpsburg,State House,136,Rep,David Jenkins ,33,16,3,0,14
Coweta,Grantville,State House,136,Rep,David Jenkins ,1163,303,35,0,825
Coweta,Haralson,State House,136,Rep,David Jenkins ,1367,450,30,0,887
Coweta,Turin,State House,136,Rep,David Jenkins ,3016,1571,82,1,1362
Coweta,Moreland,County Commissioner Dist 2,,Rep,Bill McKenzie,1690,632,63,0,995
Coweta,Pine Road,County Commissioner Dist 2,,Rep,Bill McKenzie,1338,499,52,0,787
Coweta,Dresden,County Commissioner Dist 2,,Rep,Bill McKenzie,489,93,9,0,387
Coweta,Grantville,County Commissioner Dist 2,,Rep,Bill McKenzie,1168,309,37,0,822
Coweta,Welcome,County Commissioner Dist 2,,Rep,Bill McKenzie,1726,527,70,2,1127
Coweta,Panther Creek,County Commissioner Dist 2,,Rep,Bill McKenzie,867,264,35,1,567
Coweta,Raymond,County Commissioner Dist 2,,Rep,Bill McKenzie,1526,680,71,0,775
Coweta,Smokey Road,County Commissioner Dist 2,,Rep,Bill McKenzie,962,401,54,1,506
Coweta,Central,County Commissioner Dist 2,,Rep,Bill McKenzie,570,336,24,0,210
Coweta,Panther Creek,County Commissioner Dist 3,,Rep,Bob Blackburn ,528,202,22,0,304
Coweta,Newnan Centre,County Commissioner Dist 3,,Rep,Bob Blackburn ,434,279,38,0,117
Coweta,Greentop,County Commissioner Dist 3,,Rep,Bob Blackburn ,1052,422,69,0,561
Coweta,Expo Center,County Commissioner Dist 3,,Rep,Bob Blackburn ,926,405,42,0,479
Coweta,Madras,County Commissioner Dist 3,,Rep,Bob Blackburn ,4881,2688,235,2,1956
Coweta,Northside,County Commissioner Dist 3,,Rep,Bob Blackburn ,1032,411,55,0,566
Coweta,Panther Creek,County Commissioner Dist 3,,Dem,Frankie Hardin,150,66,15,0,69
Coweta,Newnan Centre,County Commissioner Dist 3,,Dem,Frankie Hardin,372,222,49,0,101
Coweta,Greentop,County Commissioner Dist 3,,Dem,Frankie Hardin,569,296,53,0,220
Coweta,Expo Center,County Commissioner Dist 3,,Dem,Frankie Hardin,327,141,26,1,159
Coweta,Madras,County Commissioner Dist 3,,Dem,Frankie Hardin,1852,1152,198,1,501
Coweta,Northside,County Commissioner Dist 3,,Dem,Frankie Hardin,462,207,31,0,224
Coweta,Grantville,Grantville Mayor,,,Mark Bynum,254,74,11,0,169
Coweta,Grantville,Grantville Mayor,,,Johnny Cooks,40,11,2,0,27
Coweta,Grantville,Grantville Mayor,,,Doug Jewell ,232,72,12,0,148
Coweta,Grantville,Grantville Mayor,,,Richard Proctor,460,106,18,0,336
Coweta,Grantville,Grantville City Council P1,,,Dee Berry,421,113,30,0,278
Coweta,Grantville,Grantville City Council P1,,,Jennifer Seaton-Cleveland,0,0,0,0,0
Coweta,Grantville,Grantville City Council P1,,,Jim Sells ,378,88,7,0,283
Coweta,Grantville,Grantville City Council P2,,,David Clark,561,126,10,0,425
Coweta,Grantville,Grantville City Council P2,,,Ruby E. Hines ,397,128,26,0,243
Coweta,Senoia,Constitutional Amendment #1,,,Yes,3665,1866,177,0,1622
Coweta,Moreland,Constitutional Amendment #1,,,Yes,1680,655,75,1,949
Coweta,Pine Road,Constitutional Amendment #1,,,Yes,1303,517,57,0,729
Coweta,Dresden,Constitutional Amendment #1,,,Yes,462,90,18,0,354
Coweta,Newnan,Constitutional Amendment #1,,,Yes,1349,659,122,0,568
Coweta,Sharpsburg,Constitutional Amendment #1,,,Yes,2627,1556,92,1,978
Coweta,Fischer Road,Constitutional Amendment #1,,,Yes,2488,1420,132,0,936
Coweta,Grantville,Constitutional Amendment #1,,,Yes,1171,327,57,0,787
Coweta,Haralson,Constitutional Amendment #1,,,Yes,1317,450,44,0,823
Coweta,Welcome,Constitutional Amendment #1,,,Yes,1688,532,85,3,1068
Coweta,Panther Creek,Constitutional Amendment #1,,,Yes,1442,522,72,1,847
Coweta,Raymond,Constitutional Amendment #1,,,Yes,1504,692,90,0,722
Coweta,Turin,Constitutional Amendment #1,,,Yes,2969,1613,115,1,1240
Coweta,Smokey Road,Constitutional Amendment #1,,,Yes,1086,485,82,0,519
Coweta,Central,Constitutional Amendment #1,,,Yes,1502,813,114,0,575
Coweta,Newnan Centre,Constitutional Amendment #1,,,Yes,10318,6454,716,2,3146
Coweta,Greentop,Constitutional Amendment #1,,,Yes,1425,638,106,0,681
Coweta,Expo Center,Constitutional Amendment #1,,,Yes,1105,484,62,1,558
Coweta,White Oak,Constitutional Amendment #1,,,Yes,2414,1500,140,0,774
Coweta,Madras,Constitutional Amendment #1,,,Yes,6102,3455,416,3,2228
Coweta,Cannongate,Constitutional Amendment #1,,,Yes,2176,1100,84,1,991
Coweta,Westside,Constitutional Amendment #1,,,Yes,334,112,28,0,194
Coweta,Northside,Constitutional Amendment #1,,,Yes,1316,543,78,0,695
Coweta,Thomas Crossroads,Constitutional Amendment #1,,,Yes,2810,1667,128,1,1014
Coweta,Coweta Central Library,Constitutional Amendment #1,,,Yes,1245,893,45,0,307
Coweta,Senoia,Constitutional Amendment #1,,,No,407,204,17,0,186
Coweta,Moreland,Constitutional Amendment #1,,,No,176,58,13,0,105
Coweta,Pine Road,Constitutional Amendment #1,,,No,129,44,7,0,78
Coweta,Dresden,Constitutional Amendment #1,,,No,60,13,0,0,47
Coweta,Newnan,Constitutional Amendment #1,,,No,232,99,14,0,119
Coweta,Sharpsburg,Constitutional Amendment #1,,,No,316,183,18,0,115
Coweta,Fischer Road,Constitutional Amendment #1,,,No,285,159,18,0,108
Coweta,Grantville,Constitutional Amendment #1,,,No,198,57,4,0,137
Coweta,Haralson,Constitutional Amendment #1,,,No,169,57,6,0,106
Coweta,Welcome,Constitutional Amendment #1,,,No,202,82,10,0,110
Coweta,Panther Creek,Constitutional Amendment #1,,,No,207,64,10,0,133
Coweta,Raymond,Constitutional Amendment #1,,,No,167,71,4,0,92
Coweta,Turin,Constitutional Amendment #1,,,No,359,172,20,0,167
Coweta,Smokey Road,Constitutional Amendment #1,,,No,157,58,10,0,89
Coweta,Central,Constitutional Amendment #1,,,No,209,105,20,0,84
Coweta,Newnan Centre,Constitutional Amendment #1,,,No,1174,752,55,0,367
Coweta,Greentop,Constitutional Amendment #1,,,No,201,86,15,0,100
Coweta,Expo Center,Constitutional Amendment #1,,,No,144,58,7,0,79
Coweta,White Oak,Constitutional Amendment #1,,,No,303,186,14,0,103
Coweta,Madras,Constitutional Amendment #1,,,No,626,359,26,0,241
Coweta,Cannongate,Constitutional Amendment #1,,,No,209,112,4,0,93
Coweta,Westside,Constitutional Amendment #1,,,No,60,18,3,0,39
Coweta,Northside,Constitutional Amendment #1,,,No,169,65,9,0,95
Coweta,Thomas Crossroads,Constitutional Amendment #1,,,No,339,177,23,0,139
Coweta,Coweta Central Library,Constitutional Amendment #1,,,No,137,99,5,0,33
Coweta,Senoia,Constitutional Amendment #2,,,Yes,3829,1948,188,0,1693
Coweta,Moreland,Constitutional Amendment #2,,,Yes,1733,666,84,1,982
Coweta,Pine Road,Constitutional Amendment #2,,,Yes,1355,522,56,0,777
Coweta,Dresden,Constitutional Amendment #2,,,Yes,481,101,15,0,365
Coweta,Newnan,Constitutional Amendment #2,,,Yes,1478,707,129,0,642
Coweta,Sharpsburg,Constitutional Amendment #2,,,Yes,2764,1614,108,1,1041
Coweta,Fischer Road,Constitutional Amendment #2,,,Yes,2587,1463,143,0,981
Coweta,Grantville,Constitutional Amendment #2,,,Yes,1287,360,60,0,867
Coweta,Haralson,Constitutional Amendment #2,,,Yes,1383,473,45,0,865
Coweta,Welcome,Constitutional Amendment #2,,,Yes,1794,577,91,2,1124
Coweta,Panther Creek,Constitutional Amendment #2,,,Yes,1548,547,80,1,920
Coweta,Raymond,Constitutional Amendment #2,,,Yes,1564,717,90,0,757
Coweta,Turin,Constitutional Amendment #2,,,Yes,3119,1693,123,1,1302
Coweta,Smokey Road,Constitutional Amendment #2,,,Yes,1194,521,85,1,587
Coweta,Central,Constitutional Amendment #2,,,Yes,1613,862,132,0,619
Coweta,Newnan Centre,Constitutional Amendment #2,,,Yes,10957,6857,744,2,3354
Coweta,Greentop,Constitutional Amendment #2,,,Yes,1546,688,114,0,744
Coweta,Expo Center,Constitutional Amendment #2,,,Yes,1200,529,66,1,604
Coweta,White Oak,Constitutional Amendment #2,,,Yes,2564,1595,149,0,820
Coweta,Madras,Constitutional Amendment #2,,,Yes,6316,3573,423,3,2317
Coweta,Cannongate,Constitutional Amendment #2,,,Yes,2231,1135,73,0,1023
Coweta,Westside,Constitutional Amendment #2,,,Yes,369,122,30,0,217
Coweta,Northside,Constitutional Amendment #2,,,Yes,1394,570,82,0,742
Coweta,Thomas Crossroads,Constitutional Amendment #2,,,Yes,2963,1740,143,1,1079
Coweta,Coweta Central Library,Constitutional Amendment #2,,,Yes,1297,930,47,0,320
Coweta,Senoia,Constitutional Amendment #2,,,No,270,137,6,0,127
Coweta,Moreland,Constitutional Amendment #2,,,No,139,51,8,0,80
Coweta,Pine Road,Constitutional Amendment #2,,,No,80,38,7,0,35
Coweta,Dresden,Constitutional Amendment #2,,,No,45,5,3,0,37
Coweta,Newnan,Constitutional Amendment #2,,,No,123,58,13,0,52
Coweta,Sharpsburg,Constitutional Amendment #2,,,No,199,134,4,0,61
Coweta,Fischer Road,Constitutional Amendment #2,,,No,197,117,11,0,69
Coweta,Grantville,Constitutional Amendment #2,,,No,87,23,3,0,61
Coweta,Haralson,Constitutional Amendment #2,,,No,109,38,4,0,67
Coweta,Welcome,Constitutional Amendment #2,,,No,115,41,2,0,72
Coweta,Panther Creek,Constitutional Amendment #2,,,No,111,37,2,0,72
Coweta,Raymond,Constitutional Amendment #2,,,No,124,57,5,0,62
Coweta,Turin,Constitutional Amendment #2,,,No,223,99,10,0,114
Coweta,Smokey Road,Constitutional Amendment #2,,,No,68,30,4,0,34
Coweta,Central,Constitutional Amendment #2,,,No,111,65,3,0,43
Coweta,Newnan Centre,Constitutional Amendment #2,,,No,615,389,37,0,189
Coweta,Greentop,Constitutional Amendment #2,,,No,84,35,7,0,42
Coweta,Expo Center,Constitutional Amendment #2,,,No,62,19,4,0,39
Coweta,White Oak,Constitutional Amendment #2,,,No,164,94,3,0,67
Coweta,Madras,Constitutional Amendment #2,,,No,448,264,19,0,165
Coweta,Cannongate,Constitutional Amendment #2,,,No,165,83,13,1,68
Coweta,Westside,Constitutional Amendment #2,,,No,27,9,0,0,18
Coweta,Northside,Constitutional Amendment #2,,,No,104,46,5,0,53
Coweta,Thomas Crossroads,Constitutional Amendment #2,,,No,209,117,9,0,83
Coweta,Coweta Central Library,Constitutional Amendment #2,,,No,83,61,2,0,20
Coweta,Senoia,Statewide Referendum A,,,Yes,2452,1208,85,0,1159
Coweta,Moreland,Statewide Referendum A,,,Yes,1139,422,43,1,673
Coweta,Pine Road,Statewide Referendum A,,,Yes,923,353,32,0,538
Coweta,Dresden,Statewide Referendum A,,,Yes,316,65,3,0,248
Coweta,Newnan,Statewide Referendum A,,,Yes,960,449,68,0,443
Coweta,Sharpsburg,Statewide Referendum A,,,Yes,1766,1000,58,0,708
Coweta,Fischer Road,Statewide Referendum A,,,Yes,1603,887,63,0,653
Coweta,Grantville,Statewide Referendum A,,,Yes,858,236,16,0,606
Coweta,Haralson,Statewide Referendum A,,,Yes,950,318,18,0,614
Coweta,Welcome,Statewide Referendum A,,,Yes,1200,408,50,2,740
Coweta,Panther Creek,Statewide Referendum A,,,Yes,1042,363,36,1,642
Coweta,Raymond,Statewide Referendum A,,,Yes,1041,447,44,0,550
Coweta,Turin,Statewide Referendum A,,,Yes,2040,1076,66,1,897
Coweta,Smokey Road,Statewide Referendum A,,,Yes,768,327,44,1,396
Coweta,Central,Statewide Referendum A,,,Yes,1017,525,60,0,432
Coweta,Newnan Centre,Statewide Referendum A,,,Yes,6770,4205,366,1,2198
Coweta,Greentop,Statewide Referendum A,,,Yes,950,427,57,0,466
Coweta,Expo Center,Statewide Referendum A,,,Yes,746,320,38,0,388
Coweta,White Oak,Statewide Referendum A,,,Yes,1622,1005,76,0,541
Coweta,Madras,Statewide Referendum A,,,Yes,3755,2099,192,1,1463
Coweta,Cannongate,Statewide Referendum A,,,Yes,1385,686,44,1,654
Coweta,Westside,Statewide Referendum A,,,Yes,266,86,17,0,163
Coweta,Northside,Statewide Referendum A,,,Yes,871,353,42,0,476
Coweta,Thomas Crossroads,Statewide Referendum A,,,Yes,1830,1073,77,1,679
Coweta,Coweta Central Library,Statewide Referendum A,,,Yes,813,563,31,0,219
Coweta,Senoia,Statewide Referendum A,,,No,1556,832,101,0,623
Coweta,Moreland,Statewide Referendum A,,,No,700,284,44,0,372
Coweta,Pine Road,Statewide Referendum A,,,No,491,201,28,0,262
Coweta,Dresden,Statewide Referendum A,,,No,205,39,14,0,152
Coweta,Newnan,Statewide Referendum A,,,No,592,295,66,0,231
Coweta,Sharpsburg,Statewide Referendum A,,,No,1142,716,53,1,372
Coweta,Fischer Road,Statewide Referendum A,,,No,1123,672,82,0,369
Coweta,Grantville,Statewide Referendum A,,,No,488,139,41,0,308
Coweta,Haralson,Statewide Referendum A,,,No,520,183,29,0,308
Coweta,Welcome,Statewide Referendum A,,,No,671,201,36,0,434
Coweta,Panther Creek,Statewide Referendum A,,,No,591,216,40,0,335
Coweta,Raymond,Statewide Referendum A,,,No,622,314,46,0,262
Coweta,Turin,Statewide Referendum A,,,No,1245,676,65,0,504
Coweta,Smokey Road,Statewide Referendum A,,,No,469,209,45,0,215
Coweta,Central,Statewide Referendum A,,,No,668,384,66,0,218
Coweta,Newnan Centre,Statewide Referendum A,,,No,4501,2868,370,1,1262
Coweta,Greentop,Statewide Referendum A,,,No,648,286,56,0,306
Coweta,Expo Center,Statewide Referendum A,,,No,483,218,31,1,233
Coweta,White Oak,Statewide Referendum A,,,No,1051,653,72,0,326
Coweta,Madras,Statewide Referendum A,,,No,2839,1665,223,2,949
Coweta,Cannongate,Statewide Referendum A,,,No,966,514,36,0,416
Coweta,Westside,Statewide Referendum A,,,No,120,40,13,0,67
Coweta,Northside,Statewide Referendum A,,,No,586,243,42,0,301
Coweta,Thomas Crossroads,Statewide Referendum A,,,No,1263,735,71,0,457
Coweta,Coweta Central Library,Statewide Referendum A,,,No,538,401,17,0,120
Coweta,Senoia,Statewide Referendum B,,,Yes,3247,1622,132,0,1493
Coweta,Moreland,Statewide Referendum B,,,Yes,1527,580,57,1,889
Coweta,Pine Road,Statewide Referendum B,,,Yes,1207,457,46,0,704
Coweta,Dresden,Statewide Referendum B,,,Yes,426,86,9,0,331
Coweta,Newnan,Statewide Referendum B,,,Yes,1223,581,95,0,547
Coweta,Sharpsburg,Statewide Referendum B,,,Yes,2365,1377,75,1,912
Coweta,Fischer Road,Statewide Referendum B,,,Yes,2133,1190,93,0,850
Coweta,Grantville,Statewide Referendum B,,,Yes,1120,318,35,0,767
Coweta,Haralson,Statewide Referendum B,,,Yes,1240,419,30,0,791
Coweta,Welcome,Statewide Referendum B,,,Yes,1585,519,73,2,991
Coweta,Panther Creek,Statewide Referendum B,,,Yes,1355,473,51,1,830
Coweta,Raymond,Statewide Referendum B,,,Yes,1407,630,69,0,708
Coweta,Turin,Statewide Referendum B,,,Yes,2684,1429,96,1,1158
Coweta,Smokey Road,Statewide Referendum B,,,Yes,1028,442,67,1,518
Coweta,Central,Statewide Referendum B,,,Yes,1293,703,85,0,505
Coweta,Newnan Centre,Statewide Referendum B,,,Yes,8961,5605,511,1,2844
Coweta,Greentop,Statewide Referendum B,,,Yes,1279,561,76,0,642
Coweta,Expo Center,Statewide Referendum B,,,Yes,982,430,51,1,500
Coweta,White Oak,Statewide Referendum B,,,Yes,2199,1369,89,0,741
Coweta,Madras,Statewide Referendum B,,,Yes,5265,2961,280,2,2022
Coweta,Cannongate,Statewide Referendum B,,,Yes,1887,952,59,1,875
Coweta,Westside,Statewide Referendum B,,,Yes,314,105,21,0,188
Coweta,Northside,Statewide Referendum B,,,Yes,1178,479,62,0,637
Coweta,Thomas Crossroads,Statewide Referendum B,,,Yes,2469,1435,104,1,929
Coweta,Coweta Central Library,Statewide Referendum B,,,Yes,1078,772,35,0,271
Coweta,Senoia,Statewide Referendum B,,,No,782,424,55,0,303
Coweta,Moreland,Statewide Referendum B,,,No,315,127,30,0,158
Coweta,Pine Road,Statewide Referendum B,,,No,215,101,15,0,99
Coweta,Dresden,Statewide Referendum B,,,No,96,17,8,0,71
Coweta,Newnan,Statewide Referendum B,,,No,338,168,41,0,129
Coweta,Sharpsburg,Statewide Referendum B,,,No,557,345,36,0,176
Coweta,Fischer Road,Statewide Referendum B,,,No,602,370,53,0,179
Coweta,Grantville,Statewide Referendum B,,,No,231,60,23,0,148
Coweta,Haralson,Statewide Referendum B,,,No,238,86,19,0,133
Coweta,Welcome,Statewide Referendum B,,,No,296,92,16,0,188
Coweta,Panther Creek,Statewide Referendum B,,,No,288,110,27,0,151
Coweta,Raymond,Statewide Referendum B,,,No,266,139,23,0,104
Coweta,Turin,Statewide Referendum B,,,No,610,327,34,0,249
Coweta,Smokey Road,Statewide Referendum B,,,No,214,95,23,0,96
Coweta,Central,Statewide Referendum B,,,No,392,206,42,0,144
Coweta,Newnan Centre,Statewide Referendum B,,,No,2360,1518,225,1,616
Coweta,Greentop,Statewide Referendum B,,,No,322,153,37,0,132
Coweta,Expo Center,Statewide Referendum B,,,No,248,104,18,0,126
Coweta,White Oak,Statewide Referendum B,,,No,478,288,59,0,131
Coweta,Madras,Statewide Referendum B,,,No,1382,832,139,1,410
Coweta,Cannongate,Statewide Referendum B,,,No,471,251,23,0,197
Coweta,Westside,Statewide Referendum B,,,No,73,21,9,0,43
Coweta,Northside,Statewide Referendum B,,,No,296,125,23,0,148
Coweta,Thomas Crossroads,Statewide Referendum B,,,No,639,383,44,0,212
Coweta,Coweta Central Library,Statewide Referendum B,,,No,275,194,13,0,68
