county,precinct,office,district,party,candidate,votes,advance_voting_votes,absentee_by_mail_votes,provisional_votes,election_day_votes
Gilmer,Ellijay South,U.S. Senate,,Rep,Herschel Walker,1405,876,57,1,471
Gilmer,Cartecay,U.S. Senate,,Rep,Herschel Walker,892,406,30,1,455
Gilmer,Tails Creek,U.S. Senate,,Rep,Herschel Walker,837,347,22,1,467
Gilmer,Town Creek,U.S. Senate,,Rep,Herschel Walker,604,229,13,0,362
Gilmer,Leaches,U.S. Senate,,Rep,Herschel Walker,1407,718,60,3,626
Gilmer,Cherry Log,U.S. Senate,,Rep,Herschel Walker,460,166,15,0,279
Gilmer,Boardtown,U.S. Senate,,Rep,Herschel Walker,839,428,41,1,369
Gilmer,Mountaintown,U.S. Senate,,Rep,Herschel Walker,600,258,23,0,319
Gilmer,East Ellijay,U.S. Senate,,Rep,Herschel Walker,872,496,47,1,328
Gilmer,Ellijay North,U.S. Senate,,Rep,Herschel Walker,816,419,42,2,353
Gilmer,Yukon,U.S. Senate,,Rep,Herschel Walker,684,251,22,0,411
Gilmer,Roy Road,U.S. Senate,,Rep,Herschel Walker,791,366,16,0,409
Gilmer,Ellijay Northeast,U.S. Senate,,Rep,Herschel Walker,952,568,64,0,320
Gilmer,Ellijay South,U.S. Senate,,Dem,Raphael Warnock ,399,237,60,0,102
Gilmer,Cartecay,U.S. Senate,,Dem,Raphael Warnock ,150,81,23,0,46
Gilmer,Tails Creek,U.S. Senate,,Dem,Raphael Warnock ,133,62,11,0,60
Gilmer,Town Creek,U.S. Senate,,Dem,Raphael Warnock ,105,32,16,0,57
Gilmer,Leaches,U.S. Senate,,Dem,Raphael Warnock ,347,228,39,0,80
Gilmer,Cherry Log,U.S. Senate,,Dem,Raphael Warnock ,151,74,16,0,61
Gilmer,Boardtown,U.S. Senate,,Dem,Raphael Warnock ,188,110,25,0,53
Gilmer,Mountaintown,U.S. Senate,,Dem,Raphael Warnock ,148,72,16,0,60
Gilmer,East Ellijay,U.S. Senate,,Dem,Raphael Warnock ,180,109,26,0,45
Gilmer,Ellijay North,U.S. Senate,,Dem,Raphael Warnock ,170,98,15,1,56
Gilmer,Yukon,U.S. Senate,,Dem,Raphael Warnock ,125,69,10,0,46
Gilmer,Roy Road,U.S. Senate,,Dem,Raphael Warnock ,185,106,28,0,51
Gilmer,Ellijay Northeast,U.S. Senate,,Dem,Raphael Warnock ,242,162,32,0,48
Gilmer,Ellijay South,U.S. Senate,,Lib,Chase Oliver,45,26,1,0,18
Gilmer,Cartecay,U.S. Senate,,Lib,Chase Oliver,20,9,4,0,7
Gilmer,Tails Creek,U.S. Senate,,Lib,Chase Oliver,30,12,1,0,17
Gilmer,Town Creek,U.S. Senate,,Lib,Chase Oliver,17,6,0,0,11
Gilmer,Leaches,U.S. Senate,,Lib,Chase Oliver,43,21,3,0,19
Gilmer,Cherry Log,U.S. Senate,,Lib,Chase Oliver,18,6,1,0,11
Gilmer,Boardtown,U.S. Senate,,Lib,Chase Oliver,20,12,3,0,5
Gilmer,Mountaintown,U.S. Senate,,Lib,Chase Oliver,19,9,2,0,8
Gilmer,East Ellijay,U.S. Senate,,Lib,Chase Oliver,25,17,2,0,6
Gilmer,Ellijay North,U.S. Senate,,Lib,Chase Oliver,33,17,0,0,16
Gilmer,Yukon,U.S. Senate,,Lib,Chase Oliver,19,5,1,0,13
Gilmer,Roy Road,U.S. Senate,,Lib,Chase Oliver,12,10,0,0,2
Gilmer,Ellijay Northeast,U.S. Senate,,Lib,Chase Oliver,24,15,1,0,8
Gilmer,Ellijay South,Governor,,Rep,Brian Kemp ,1532,960,67,1,504
Gilmer,Cartecay,Governor,,Rep,Brian Kemp ,950,436,40,1,473
Gilmer,Tails Creek,Governor,,Rep,Brian Kemp ,890,364,26,1,499
Gilmer,Town Creek,Governor,,Rep,Brian Kemp ,645,243,14,0,388
Gilmer,Leaches,Governor,,Rep,Brian Kemp ,1494,768,67,3,656
Gilmer,Cherry Log,Governor,,Rep,Brian Kemp ,507,188,15,0,304
Gilmer,Boardtown,Governor,,Rep,Brian Kemp ,896,461,48,1,386
Gilmer,Mountaintown,Governor,,Rep,Brian Kemp ,646,278,28,0,340
Gilmer,East Ellijay,Governor,,Rep,Brian Kemp ,937,536,57,1,343
Gilmer,Ellijay North,Governor,,Rep,Brian Kemp ,882,446,45,2,389
Gilmer,Yukon,Governor,,Rep,Brian Kemp ,719,266,27,0,426
Gilmer,Roy Road,Governor,,Rep,Brian Kemp ,827,386,21,0,420
Gilmer,Ellijay Northeast,Governor,,Rep,Brian Kemp ,1027,618,67,0,342
Gilmer,Ellijay South,Governor,,Dem,Stacey Abrams,305,179,48,0,78
Gilmer,Cartecay,Governor,,Dem,Stacey Abrams,109,60,18,0,31
Gilmer,Tails Creek,Governor,,Dem,Stacey Abrams,99,53,8,0,38
Gilmer,Town Creek,Governor,,Dem,Stacey Abrams,83,24,15,0,44
Gilmer,Leaches,Governor,,Dem,Stacey Abrams,292,194,35,0,63
Gilmer,Cherry Log,Governor,,Dem,Stacey Abrams,126,60,16,0,50
Gilmer,Boardtown,Governor,,Dem,Stacey Abrams,151,89,21,0,41
Gilmer,Mountaintown,Governor,,Dem,Stacey Abrams,116,61,12,0,43
Gilmer,East Ellijay,Governor,,Dem,Stacey Abrams,140,87,18,0,35
Gilmer,Ellijay North,Governor,,Dem,Stacey Abrams,133,84,12,1,36
Gilmer,Yukon,Governor,,Dem,Stacey Abrams,102,59,6,0,37
Gilmer,Roy Road,Governor,,Dem,Stacey Abrams,155,92,22,0,41
Gilmer,Ellijay Northeast,Governor,,Dem,Stacey Abrams,199,130,32,0,37
Gilmer,Ellijay South,Governor,,Lib,Shane Hazel,19,10,0,0,9
Gilmer,Cartecay,Governor,,Lib,Shane Hazel,7,2,1,0,4
Gilmer,Tails Creek,Governor,,Lib,Shane Hazel,13,5,0,0,8
Gilmer,Town Creek,Governor,,Lib,Shane Hazel,5,2,0,0,3
Gilmer,Leaches,Governor,,Lib,Shane Hazel,20,8,2,0,10
Gilmer,Cherry Log,Governor,,Lib,Shane Hazel,3,1,1,0,1
Gilmer,Boardtown,Governor,,Lib,Shane Hazel,7,4,0,0,3
Gilmer,Mountaintown,Governor,,Lib,Shane Hazel,8,0,0,0,8
Gilmer,East Ellijay,Governor,,Lib,Shane Hazel,6,2,0,0,4
Gilmer,Ellijay North,Governor,,Lib,Shane Hazel,10,6,0,0,4
Gilmer,Yukon,Governor,,Lib,Shane Hazel,9,3,0,0,6
Gilmer,Roy Road,Governor,,Lib,Shane Hazel,8,4,1,0,3
Gilmer,Ellijay Northeast,Governor,,Lib,Shane Hazel,9,4,0,0,5
Gilmer,Ellijay South,Lieutenant Governor,,Rep,Burt Jones,1464,924,59,1,480
Gilmer,Cartecay,Lieutenant Governor,,Rep,Burt Jones,909,414,32,1,462
Gilmer,Tails Creek,Lieutenant Governor,,Rep,Burt Jones,858,356,23,1,478
Gilmer,Town Creek,Lieutenant Governor,,Rep,Burt Jones,619,236,12,0,371
Gilmer,Leaches,Lieutenant Governor,,Rep,Burt Jones,1448,751,62,3,632
Gilmer,Cherry Log,Lieutenant Governor,,Rep,Burt Jones,485,178,15,0,292
Gilmer,Boardtown,Lieutenant Governor,,Rep,Burt Jones,856,441,46,0,369
Gilmer,Mountaintown,Lieutenant Governor,,Rep,Burt Jones,621,267,24,0,330
Gilmer,East Ellijay,Lieutenant Governor,,Rep,Burt Jones,897,511,52,1,333
Gilmer,Ellijay North,Lieutenant Governor,,Rep,Burt Jones,836,425,41,2,368
Gilmer,Yukon,Lieutenant Governor,,Rep,Burt Jones,696,262,22,0,412
Gilmer,Roy Road,Lieutenant Governor,,Rep,Burt Jones,789,363,18,0,408
Gilmer,Ellijay Northeast,Lieutenant Governor,,Rep,Burt Jones,979,590,67,0,322
Gilmer,Ellijay South,Lieutenant Governor,,Dem,Charlie Bailey,346,200,54,0,92
Gilmer,Cartecay,Lieutenant Governor,,Dem,Charlie Bailey,132,73,25,0,34
Gilmer,Tails Creek,Lieutenant Governor,,Dem,Charlie Bailey,111,56,11,0,44
Gilmer,Town Creek,Lieutenant Governor,,Dem,Charlie Bailey,91,25,16,0,50
Gilmer,Leaches,Lieutenant Governor,,Dem,Charlie Bailey,308,200,38,0,70
Gilmer,Cherry Log,Lieutenant Governor,,Dem,Charlie Bailey,137,66,16,0,55
Gilmer,Boardtown,Lieutenant Governor,,Dem,Charlie Bailey,169,99,20,0,50
Gilmer,Mountaintown,Lieutenant Governor,,Dem,Charlie Bailey,125,61,14,0,50
Gilmer,East Ellijay,Lieutenant Governor,,Dem,Charlie Bailey,161,100,23,0,38
Gilmer,Ellijay North,Lieutenant Governor,,Dem,Charlie Bailey,149,92,14,1,42
Gilmer,Yukon,Lieutenant Governor,,Dem,Charlie Bailey,112,60,9,0,43
Gilmer,Roy Road,Lieutenant Governor,,Dem,Charlie Bailey,167,98,26,0,43
Gilmer,Ellijay Northeast,Lieutenant Governor,,Dem,Charlie Bailey,225,149,32,0,44
Gilmer,Ellijay South,Lieutenant Governor,,Lib,Ryan Graham,36,17,1,0,18
Gilmer,Cartecay,Lieutenant Governor,,Lib,Ryan Graham,16,6,2,0,8
Gilmer,Tails Creek,Lieutenant Governor,,Lib,Ryan Graham,22,7,0,0,15
Gilmer,Town Creek,Lieutenant Governor,,Lib,Ryan Graham,17,7,1,0,9
Gilmer,Leaches,Lieutenant Governor,,Lib,Ryan Graham,32,13,2,0,17
Gilmer,Cherry Log,Lieutenant Governor,,Lib,Ryan Graham,11,4,1,0,6
Gilmer,Boardtown,Lieutenant Governor,,Lib,Ryan Graham,14,4,2,1,7
Gilmer,Mountaintown,Lieutenant Governor,,Lib,Ryan Graham,19,10,0,0,9
Gilmer,East Ellijay,Lieutenant Governor,,Lib,Ryan Graham,19,12,0,0,7
Gilmer,Ellijay North,Lieutenant Governor,,Lib,Ryan Graham,27,14,0,0,13
Gilmer,Yukon,Lieutenant Governor,,Lib,Ryan Graham,18,5,1,0,12
Gilmer,Roy Road,Lieutenant Governor,,Lib,Ryan Graham,19,13,0,0,6
Gilmer,Ellijay Northeast,Lieutenant Governor,,Lib,Ryan Graham,21,10,0,0,11
Gilmer,Ellijay South,Secretary of State,,Rep,Brad Raffensperger ,1449,908,67,1,473
Gilmer,Cartecay,Secretary of State,,Rep,Brad Raffensperger ,896,420,36,1,439
Gilmer,Tails Creek,Secretary of State,,Rep,Brad Raffensperger ,826,343,24,1,458
Gilmer,Town Creek,Secretary of State,,Rep,Brad Raffensperger ,612,225,15,0,372
Gilmer,Leaches,Secretary of State,,Rep,Brad Raffensperger ,1422,749,63,3,607
Gilmer,Cherry Log,Secretary of State,,Rep,Brad Raffensperger ,493,187,14,0,292
Gilmer,Boardtown,Secretary of State,,Rep,Brad Raffensperger ,831,424,42,1,364
Gilmer,Mountaintown,Secretary of State,,Rep,Brad Raffensperger ,625,274,24,0,327
Gilmer,East Ellijay,Secretary of State,,Rep,Brad Raffensperger ,889,517,54,1,317
Gilmer,Ellijay North,Secretary of State,,Rep,Brad Raffensperger ,816,419,38,2,357
Gilmer,Yukon,Secretary of State,,Rep,Brad Raffensperger ,694,265,26,0,403
Gilmer,Roy Road,Secretary of State,,Rep,Brad Raffensperger ,776,370,22,0,384
Gilmer,Ellijay Northeast,Secretary of State,,Rep,Brad Raffensperger ,966,588,59,0,319
Gilmer,Ellijay South,Secretary of State,,Dem,Bee Nguyen,305,178,47,0,80
Gilmer,Cartecay,Secretary of State,,Dem,Bee Nguyen,106,55,17,0,34
Gilmer,Tails Creek,Secretary of State,,Dem,Bee Nguyen,110,57,10,0,43
Gilmer,Town Creek,Secretary of State,,Dem,Bee Nguyen,84,25,14,0,45
Gilmer,Leaches,Secretary of State,,Dem,Bee Nguyen,281,179,32,0,70
Gilmer,Cherry Log,Secretary of State,,Dem,Bee Nguyen,125,58,16,0,51
Gilmer,Boardtown,Secretary of State,,Dem,Bee Nguyen,155,90,23,0,42
Gilmer,Mountaintown,Secretary of State,,Dem,Bee Nguyen,110,52,12,0,46
Gilmer,East Ellijay,Secretary of State,,Dem,Bee Nguyen,136,79,18,0,39
Gilmer,Ellijay North,Secretary of State,,Dem,Bee Nguyen,135,79,16,1,39
Gilmer,Yukon,Secretary of State,,Dem,Bee Nguyen,97,55,6,0,36
Gilmer,Roy Road,Secretary of State,,Dem,Bee Nguyen,149,83,20,0,46
Gilmer,Ellijay Northeast,Secretary of State,,Dem,Bee Nguyen,190,128,32,0,30
Gilmer,Ellijay South,Secretary of State,,Lib,Ted Metz,75,45,0,0,30
Gilmer,Cartecay,Secretary of State,,Lib,Ted Metz,41,18,2,0,21
Gilmer,Tails Creek,Secretary of State,,Lib,Ted Metz,46,16,0,0,30
Gilmer,Town Creek,Secretary of State,,Lib,Ted Metz,30,13,0,0,17
Gilmer,Leaches,Secretary of State,,Lib,Ted Metz,81,30,6,0,45
Gilmer,Cherry Log,Secretary of State,,Lib,Ted Metz,15,4,2,0,9
Gilmer,Boardtown,Secretary of State,,Lib,Ted Metz,47,25,3,0,19
Gilmer,Mountaintown,Secretary of State,,Lib,Ted Metz,27,10,2,0,15
Gilmer,East Ellijay,Secretary of State,,Lib,Ted Metz,38,22,2,0,14
Gilmer,Ellijay North,Secretary of State,,Lib,Ted Metz,55,29,2,0,24
Gilmer,Yukon,Secretary of State,,Lib,Ted Metz,30,6,1,0,23
Gilmer,Roy Road,Secretary of State,,Lib,Ted Metz,55,25,2,0,28
Gilmer,Ellijay Northeast,Secretary of State,,Lib,Ted Metz,50,22,3,0,25
Gilmer,Ellijay South,Attorney General,,Rep,Chris Carr ,1458,919,58,1,480
Gilmer,Cartecay,Attorney General,,Rep,Chris Carr ,910,419,35,1,455
Gilmer,Tails Creek,Attorney General,,Rep,Chris Carr ,860,359,23,1,477
Gilmer,Town Creek,Attorney General,,Rep,Chris Carr ,621,236,13,0,372
Gilmer,Leaches,Attorney General,,Rep,Chris Carr ,1451,752,63,3,633
Gilmer,Cherry Log,Attorney General,,Rep,Chris Carr ,488,185,15,0,288
Gilmer,Boardtown,Attorney General,,Rep,Chris Carr ,852,440,45,1,366
Gilmer,Mountaintown,Attorney General,,Rep,Chris Carr ,618,262,24,0,332
Gilmer,East Ellijay,Attorney General,,Rep,Chris Carr ,898,519,53,1,325
Gilmer,Ellijay North,Attorney General,,Rep,Chris Carr ,838,425,42,2,369
Gilmer,Yukon,Attorney General,,Rep,Chris Carr ,698,260,24,0,414
Gilmer,Roy Road,Attorney General,,Rep,Chris Carr ,799,373,16,0,410
Gilmer,Ellijay Northeast,Attorney General,,Rep,Chris Carr ,985,594,66,0,325
Gilmer,Ellijay South,Attorney General,,Dem,"Jennifer """"Jen"""" Jordan",345,202,55,0,88
Gilmer,Cartecay,Attorney General,,Dem,"Jennifer """"Jen"""" Jordan",128,70,22,0,36
Gilmer,Tails Creek,Attorney General,,Dem,"Jennifer """"Jen"""" Jordan",117,59,11,0,47
Gilmer,Town Creek,Attorney General,,Dem,"Jennifer """"Jen"""" Jordan",96,27,16,0,53
Gilmer,Leaches,Attorney General,,Dem,"Jennifer """"Jen"""" Jordan",321,204,38,0,79
Gilmer,Cherry Log,Attorney General,,Dem,"Jennifer """"Jen"""" Jordan",140,63,16,0,61
Gilmer,Boardtown,Attorney General,,Dem,"Jennifer """"Jen"""" Jordan",173,100,24,0,49
Gilmer,Mountaintown,Attorney General,,Dem,"Jennifer """"Jen"""" Jordan",129,65,14,0,50
Gilmer,East Ellijay,Attorney General,,Dem,"Jennifer """"Jen"""" Jordan",161,99,19,0,43
Gilmer,Ellijay North,Attorney General,,Dem,"Jennifer """"Jen"""" Jordan",149,92,14,1,42
Gilmer,Yukon,Attorney General,,Dem,"Jennifer """"Jen"""" Jordan",115,65,8,0,42
Gilmer,Roy Road,Attorney General,,Dem,"Jennifer """"Jen"""" Jordan",168,97,27,0,44
Gilmer,Ellijay Northeast,Attorney General,,Dem,"Jennifer """"Jen"""" Jordan",225,148,33,0,44
Gilmer,Ellijay South,Attorney General,,Lib,Martin Cowen,28,14,0,0,14
Gilmer,Cartecay,Attorney General,,Lib,Martin Cowen,16,5,1,0,10
Gilmer,Tails Creek,Attorney General,,Lib,Martin Cowen,12,2,0,0,10
Gilmer,Town Creek,Attorney General,,Lib,Martin Cowen,10,5,0,0,5
Gilmer,Leaches,Attorney General,,Lib,Martin Cowen,19,6,1,0,12
Gilmer,Cherry Log,Attorney General,,Lib,Martin Cowen,5,1,1,0,3
Gilmer,Boardtown,Attorney General,,Lib,Martin Cowen,17,8,0,0,9
Gilmer,Mountaintown,Attorney General,,Lib,Martin Cowen,18,11,0,0,7
Gilmer,East Ellijay,Attorney General,,Lib,Martin Cowen,13,4,1,0,8
Gilmer,Ellijay North,Attorney General,,Lib,Martin Cowen,16,8,0,0,8
Gilmer,Yukon,Attorney General,,Lib,Martin Cowen,7,0,1,0,6
Gilmer,Roy Road,Attorney General,,Lib,Martin Cowen,15,7,1,0,7
Gilmer,Ellijay Northeast,Attorney General,,Lib,Martin Cowen,17,8,0,0,9
Gilmer,Ellijay South,Commissioner Of Agriculture,,Rep,Tyler Harper,1498,944,67,1,486
Gilmer,Cartecay,Commissioner Of Agriculture,,Rep,Tyler Harper,919,417,39,1,462
Gilmer,Tails Creek,Commissioner Of Agriculture,,Rep,Tyler Harper,862,357,25,1,479
Gilmer,Town Creek,Commissioner Of Agriculture,,Rep,Tyler Harper,631,235,14,0,382
Gilmer,Leaches,Commissioner Of Agriculture,,Rep,Tyler Harper,1465,763,61,3,638
Gilmer,Cherry Log,Commissioner Of Agriculture,,Rep,Tyler Harper,493,184,15,0,294
Gilmer,Boardtown,Commissioner Of Agriculture,,Rep,Tyler Harper,859,446,46,1,366
Gilmer,Mountaintown,Commissioner Of Agriculture,,Rep,Tyler Harper,627,267,23,0,337
Gilmer,East Ellijay,Commissioner Of Agriculture,,Rep,Tyler Harper,919,529,54,1,335
Gilmer,Ellijay North,Commissioner Of Agriculture,,Rep,Tyler Harper,862,444,41,2,375
Gilmer,Yukon,Commissioner Of Agriculture,,Rep,Tyler Harper,705,263,26,0,416
Gilmer,Roy Road,Commissioner Of Agriculture,,Rep,Tyler Harper,811,376,23,0,412
Gilmer,Ellijay Northeast,Commissioner Of Agriculture,,Rep,Tyler Harper,1005,614,65,0,326
Gilmer,Ellijay South,Commissioner Of Agriculture,,Dem,Nakita Hemingway,299,175,46,0,78
Gilmer,Cartecay,Commissioner Of Agriculture,,Dem,Nakita Hemingway,116,66,17,0,33
Gilmer,Tails Creek,Commissioner Of Agriculture,,Dem,Nakita Hemingway,107,53,9,0,45
Gilmer,Town Creek,Commissioner Of Agriculture,,Dem,Nakita Hemingway,82,26,14,0,42
Gilmer,Leaches,Commissioner Of Agriculture,,Dem,Nakita Hemingway,284,184,34,0,66
Gilmer,Cherry Log,Commissioner Of Agriculture,,Dem,Nakita Hemingway,127,59,16,0,52
Gilmer,Boardtown,Commissioner Of Agriculture,,Dem,Nakita Hemingway,149,89,20,0,40
Gilmer,Mountaintown,Commissioner Of Agriculture,,Dem,Nakita Hemingway,113,56,14,0,43
Gilmer,East Ellijay,Commissioner Of Agriculture,,Dem,Nakita Hemingway,127,74,17,0,36
Gilmer,Ellijay North,Commissioner Of Agriculture,,Dem,Nakita Hemingway,122,75,12,1,34
Gilmer,Yukon,Commissioner Of Agriculture,,Dem,Nakita Hemingway,100,57,6,0,37
Gilmer,Roy Road,Commissioner Of Agriculture,,Dem,Nakita Hemingway,146,88,21,0,37
Gilmer,Ellijay Northeast,Commissioner Of Agriculture,,Dem,Nakita Hemingway,194,124,33,0,37
Gilmer,Ellijay South,Commissioner Of Agriculture,,Lib,David Raudabaugh,39,19,1,0,19
Gilmer,Cartecay,Commissioner Of Agriculture,,Lib,David Raudabaugh,20,11,2,0,7
Gilmer,Tails Creek,Commissioner Of Agriculture,,Lib,David Raudabaugh,23,9,0,0,14
Gilmer,Town Creek,Commissioner Of Agriculture,,Lib,David Raudabaugh,13,6,0,0,7
Gilmer,Leaches,Commissioner Of Agriculture,,Lib,David Raudabaugh,43,18,6,0,19
Gilmer,Cherry Log,Commissioner Of Agriculture,,Lib,David Raudabaugh,10,5,1,0,4
Gilmer,Boardtown,Commissioner Of Agriculture,,Lib,David Raudabaugh,25,11,2,0,12
Gilmer,Mountaintown,Commissioner Of Agriculture,,Lib,David Raudabaugh,23,15,1,0,7
Gilmer,East Ellijay,Commissioner Of Agriculture,,Lib,David Raudabaugh,26,17,3,0,6
Gilmer,Ellijay North,Commissioner Of Agriculture,,Lib,David Raudabaugh,21,8,0,0,13
Gilmer,Yukon,Commissioner Of Agriculture,,Lib,David Raudabaugh,15,5,1,0,9
Gilmer,Roy Road,Commissioner Of Agriculture,,Lib,David Raudabaugh,21,10,0,0,11
Gilmer,Ellijay Northeast,Commissioner Of Agriculture,,Lib,David Raudabaugh,23,11,0,0,12
Gilmer,Ellijay South,Commissioner Of Insurance,,Rep,John King ,1503,942,60,1,500
Gilmer,Cartecay,Commissioner Of Insurance,,Rep,John King ,923,423,37,1,462
Gilmer,Tails Creek,Commissioner Of Insurance,,Rep,John King ,874,358,24,1,491
Gilmer,Town Creek,Commissioner Of Insurance,,Rep,John King ,640,241,14,0,385
Gilmer,Leaches,Commissioner Of Insurance,,Rep,John King ,1480,765,67,3,645
Gilmer,Cherry Log,Commissioner Of Insurance,,Rep,John King ,500,187,15,0,298
Gilmer,Boardtown,Commissioner Of Insurance,,Rep,John King ,875,450,46,1,378
Gilmer,Mountaintown,Commissioner Of Insurance,,Rep,John King ,637,273,23,0,341
Gilmer,East Ellijay,Commissioner Of Insurance,,Rep,John King ,920,529,55,1,335
Gilmer,Ellijay North,Commissioner Of Insurance,,Rep,John King ,861,439,40,2,380
Gilmer,Yukon,Commissioner Of Insurance,,Rep,John King ,708,264,26,0,418
Gilmer,Roy Road,Commissioner Of Insurance,,Rep,John King ,817,378,20,0,419
Gilmer,Ellijay Northeast,Commissioner Of Insurance,,Rep,John King ,1007,610,63,0,334
Gilmer,Ellijay South,Commissioner Of Insurance,,Dem,Janice Laws Robinson,321,184,53,0,84
Gilmer,Cartecay,Commissioner Of Insurance,,Dem,Janice Laws Robinson,121,66,21,0,34
Gilmer,Tails Creek,Commissioner Of Insurance,,Dem,Janice Laws Robinson,111,56,10,0,45
Gilmer,Town Creek,Commissioner Of Insurance,,Dem,Janice Laws Robinson,82,25,15,0,42
Gilmer,Leaches,Commissioner Of Insurance,,Dem,Janice Laws Robinson,300,193,34,0,73
Gilmer,Cherry Log,Commissioner Of Insurance,,Dem,Janice Laws Robinson,130,61,17,0,52
Gilmer,Boardtown,Commissioner Of Insurance,,Dem,Janice Laws Robinson,158,95,23,0,40
Gilmer,Mountaintown,Commissioner Of Insurance,,Dem,Janice Laws Robinson,121,63,14,0,44
Gilmer,East Ellijay,Commissioner Of Insurance,,Dem,Janice Laws Robinson,145,89,19,0,37
Gilmer,Ellijay North,Commissioner Of Insurance,,Dem,Janice Laws Robinson,135,81,13,1,40
Gilmer,Yukon,Commissioner Of Insurance,,Dem,Janice Laws Robinson,105,58,7,0,40
Gilmer,Roy Road,Commissioner Of Insurance,,Dem,Janice Laws Robinson,158,94,24,0,40
Gilmer,Ellijay Northeast,Commissioner Of Insurance,,Dem,Janice Laws Robinson,203,135,31,0,37
Gilmer,Ellijay South,State School Superintendent,,Rep,Richard Woods ,1506,943,64,1,498
Gilmer,Cartecay,State School Superintendent,,Rep,Richard Woods ,932,427,39,1,465
Gilmer,Tails Creek,State School Superintendent,,Rep,Richard Woods ,876,360,23,1,492
Gilmer,Town Creek,State School Superintendent,,Rep,Richard Woods ,636,239,14,0,383
Gilmer,Leaches,State School Superintendent,,Rep,Richard Woods ,1489,771,68,3,647
Gilmer,Cherry Log,State School Superintendent,,Rep,Richard Woods ,504,189,15,0,300
Gilmer,Boardtown,State School Superintendent,,Rep,Richard Woods ,873,452,46,1,374
Gilmer,Mountaintown,State School Superintendent,,Rep,Richard Woods ,639,274,24,0,341
Gilmer,East Ellijay,State School Superintendent,,Rep,Richard Woods ,924,532,54,1,337
Gilmer,Ellijay North,State School Superintendent,,Rep,Richard Woods ,874,448,41,2,383
Gilmer,Yukon,State School Superintendent,,Rep,Richard Woods ,710,262,26,0,422
Gilmer,Roy Road,State School Superintendent,,Rep,Richard Woods ,815,381,20,0,414
Gilmer,Ellijay Northeast,State School Superintendent,,Rep,Richard Woods ,1013,611,65,0,337
Gilmer,Ellijay South,State School Superintendent,,Dem,Alisha Thomas Searcy,320,187,47,0,86
Gilmer,Cartecay,State School Superintendent,,Dem,Alisha Thomas Searcy,123,68,19,0,36
Gilmer,Tails Creek,State School Superintendent,,Dem,Alisha Thomas Searcy,114,57,11,0,46
Gilmer,Town Creek,State School Superintendent,,Dem,Alisha Thomas Searcy,87,26,15,0,46
Gilmer,Leaches,State School Superintendent,,Dem,Alisha Thomas Searcy,302,193,35,0,74
Gilmer,Cherry Log,State School Superintendent,,Dem,Alisha Thomas Searcy,127,60,17,0,50
Gilmer,Boardtown,State School Superintendent,,Dem,Alisha Thomas Searcy,160,95,22,0,43
Gilmer,Mountaintown,State School Superintendent,,Dem,Alisha Thomas Searcy,124,63,14,0,47
Gilmer,East Ellijay,State School Superintendent,,Dem,Alisha Thomas Searcy,145,87,20,0,38
Gilmer,Ellijay North,State School Superintendent,,Dem,Alisha Thomas Searcy,129,76,13,1,39
Gilmer,Yukon,State School Superintendent,,Dem,Alisha Thomas Searcy,105,61,7,0,37
Gilmer,Roy Road,State School Superintendent,,Dem,Alisha Thomas Searcy,161,91,24,0,46
Gilmer,Ellijay Northeast,State School Superintendent,,Dem,Alisha Thomas Searcy,206,137,31,0,38
Gilmer,Ellijay South,Commissioner Of Labor,,Rep,Bruce Thompson,1463,922,59,1,481
Gilmer,Cartecay,Commissioner Of Labor,,Rep,Bruce Thompson,905,415,37,1,452
Gilmer,Tails Creek,Commissioner Of Labor,,Rep,Bruce Thompson,858,355,22,1,480
Gilmer,Town Creek,Commissioner Of Labor,,Rep,Bruce Thompson,620,231,13,0,376
Gilmer,Leaches,Commissioner Of Labor,,Rep,Bruce Thompson,1441,753,64,3,621
Gilmer,Cherry Log,Commissioner Of Labor,,Rep,Bruce Thompson,486,181,14,0,291
Gilmer,Boardtown,Commissioner Of Labor,,Rep,Bruce Thompson,845,436,44,1,364
Gilmer,Mountaintown,Commissioner Of Labor,,Rep,Bruce Thompson,626,265,24,0,337
Gilmer,East Ellijay,Commissioner Of Labor,,Rep,Bruce Thompson,896,511,53,1,331
Gilmer,Ellijay North,Commissioner Of Labor,,Rep,Bruce Thompson,843,432,40,2,369
Gilmer,Yukon,Commissioner Of Labor,,Rep,Bruce Thompson,704,265,26,0,413
Gilmer,Roy Road,Commissioner Of Labor,,Rep,Bruce Thompson,794,365,19,0,410
Gilmer,Ellijay Northeast,Commissioner Of Labor,,Rep,Bruce Thompson,982,592,64,0,326
Gilmer,Ellijay South,Commissioner Of Labor,,Dem,"William """"Will"""" Boddie, Jr",320,183,52,0,85
Gilmer,Cartecay,Commissioner Of Labor,,Dem,"William """"Will"""" Boddie, Jr",124,70,17,0,37
Gilmer,Tails Creek,Commissioner Of Labor,,Dem,"William """"Will"""" Boddie, Jr",108,57,10,0,41
Gilmer,Town Creek,Commissioner Of Labor,,Dem,"William """"Will"""" Boddie, Jr",85,26,15,0,44
Gilmer,Leaches,Commissioner Of Labor,,Dem,"William """"Will"""" Boddie, Jr",294,190,37,0,67
Gilmer,Cherry Log,Commissioner Of Labor,,Dem,"William """"Will"""" Boddie, Jr",132,62,17,0,53
Gilmer,Boardtown,Commissioner Of Labor,,Dem,"William """"Will"""" Boddie, Jr",160,98,23,0,39
Gilmer,Mountaintown,Commissioner Of Labor,,Dem,"William """"Will"""" Boddie, Jr",117,58,14,0,45
Gilmer,East Ellijay,Commissioner Of Labor,,Dem,"William """"Will"""" Boddie, Jr",141,87,19,0,35
Gilmer,Ellijay North,Commissioner Of Labor,,Dem,"William """"Will"""" Boddie, Jr",131,79,12,1,39
Gilmer,Yukon,Commissioner Of Labor,,Dem,"William """"Will"""" Boddie, Jr",100,57,6,0,37
Gilmer,Roy Road,Commissioner Of Labor,,Dem,"William """"Will"""" Boddie, Jr",158,95,24,0,39
Gilmer,Ellijay Northeast,Commissioner Of Labor,,Dem,"William """"Will"""" Boddie, Jr",207,140,30,0,37
Gilmer,Ellijay South,Commissioner Of Labor,,Lib,Emily Anderson,38,22,1,0,15
Gilmer,Cartecay,Commissioner Of Labor,,Lib,Emily Anderson,16,6,4,0,6
Gilmer,Tails Creek,Commissioner Of Labor,,Lib,Emily Anderson,26,5,2,0,19
Gilmer,Town Creek,Commissioner Of Labor,,Lib,Emily Anderson,19,9,0,0,10
Gilmer,Leaches,Commissioner Of Labor,,Lib,Emily Anderson,44,14,1,0,29
Gilmer,Cherry Log,Commissioner Of Labor,,Lib,Emily Anderson,10,5,1,0,4
Gilmer,Boardtown,Commissioner Of Labor,,Lib,Emily Anderson,26,12,1,0,13
Gilmer,Mountaintown,Commissioner Of Labor,,Lib,Emily Anderson,19,13,0,0,6
Gilmer,East Ellijay,Commissioner Of Labor,,Lib,Emily Anderson,31,19,2,0,10
Gilmer,Ellijay North,Commissioner Of Labor,,Lib,Emily Anderson,20,10,0,0,10
Gilmer,Yukon,Commissioner Of Labor,,Lib,Emily Anderson,14,2,1,0,11
Gilmer,Roy Road,Commissioner Of Labor,,Lib,Emily Anderson,23,13,0,0,10
Gilmer,Ellijay Northeast,Commissioner Of Labor,,Lib,Emily Anderson,26,13,2,0,11
Gilmer,Ellijay South,U.S. House,9,Rep,Andrew Clyde ,1476,923,57,1,495
Gilmer,Cartecay,U.S. House,9,Rep,Andrew Clyde ,919,419,37,1,462
Gilmer,Tails Creek,U.S. House,9,Rep,Andrew Clyde ,875,358,24,1,492
Gilmer,Town Creek,U.S. House,9,Rep,Andrew Clyde ,629,240,13,0,376
Gilmer,Leaches,U.S. House,9,Rep,Andrew Clyde ,1473,759,65,3,646
Gilmer,Cherry Log,U.S. House,9,Rep,Andrew Clyde ,494,182,14,0,298
Gilmer,Boardtown,U.S. House,9,Rep,Andrew Clyde ,864,444,45,1,374
Gilmer,Mountaintown,U.S. House,9,Rep,Andrew Clyde ,632,272,24,0,336
Gilmer,East Ellijay,U.S. House,9,Rep,Andrew Clyde ,903,518,53,1,331
Gilmer,Ellijay North,U.S. House,9,Rep,Andrew Clyde ,850,430,43,2,375
Gilmer,Yukon,U.S. House,9,Rep,Andrew Clyde ,708,264,26,0,418
Gilmer,Roy Road,U.S. House,9,Rep,Andrew Clyde ,803,371,17,0,415
Gilmer,Ellijay Northeast,U.S. House,9,Rep,Andrew Clyde ,994,595,65,0,334
Gilmer,Ellijay South,U.S. House,9,Dem,"Michael """"Mike"""" Ford",358,209,60,0,89
Gilmer,Cartecay,U.S. House,9,Dem,"Michael """"Mike"""" Ford",135,76,21,0,38
Gilmer,Tails Creek,U.S. House,9,Dem,"Michael """"Mike"""" Ford",114,61,10,0,43
Gilmer,Town Creek,U.S. House,9,Dem,"Michael """"Mike"""" Ford",96,27,16,0,53
Gilmer,Leaches,U.S. House,9,Dem,"Michael """"Mike"""" Ford",318,206,38,0,74
Gilmer,Cherry Log,U.S. House,9,Dem,"Michael """"Mike"""" Ford",139,67,17,0,55
Gilmer,Boardtown,U.S. House,9,Dem,"Michael """"Mike"""" Ford",179,108,24,0,47
Gilmer,Mountaintown,U.S. House,9,Dem,"Michael """"Mike"""" Ford",129,64,15,0,50
Gilmer,East Ellijay,U.S. House,9,Dem,"Michael """"Mike"""" Ford",165,101,20,0,44
Gilmer,Ellijay North,U.S. House,9,Dem,"Michael """"Mike"""" Ford",152,92,14,1,45
Gilmer,Yukon,U.S. House,9,Dem,"Michael """"Mike"""" Ford",110,60,7,0,43
Gilmer,Roy Road,U.S. House,9,Dem,"Michael """"Mike"""" Ford",174,102,26,0,46
Gilmer,Ellijay Northeast,U.S. House,9,Dem,"Michael """"Mike"""" Ford",225,151,31,0,43
Gilmer,Ellijay South,State Senate,51,Rep,Steve Gooch ,1625,1021,70,1,533
Gilmer,Cartecay,State Senate,51,Rep,Steve Gooch ,959,454,37,1,467
Gilmer,Tails Creek,State Senate,51,Rep,Steve Gooch ,930,386,24,1,519
Gilmer,Town Creek,State Senate,51,Rep,Steve Gooch ,676,251,15,0,410
Gilmer,Leaches,State Senate,51,Rep,Steve Gooch ,1591,839,71,3,678
Gilmer,Cherry Log,State Senate,51,Rep,Steve Gooch ,542,203,18,0,321
Gilmer,Boardtown,State Senate,51,Rep,Steve Gooch ,921,481,46,1,393
Gilmer,Mountaintown,State Senate,51,Rep,Steve Gooch ,677,290,26,0,361
Gilmer,East Ellijay,State Senate,51,Rep,Steve Gooch ,959,552,57,1,349
Gilmer,Ellijay North,State Senate,51,Rep,Steve Gooch ,906,465,45,3,393
Gilmer,Yukon,State Senate,51,Rep,Steve Gooch ,744,284,25,0,435
Gilmer,Roy Road,State Senate,51,Rep,Steve Gooch ,874,411,29,0,434
Gilmer,Ellijay Northeast,State Senate,51,Rep,Steve Gooch ,1072,645,71,0,356
Gilmer,Ellijay South,State House,7,Rep,David Ralston ,1578,994,68,0,516
Gilmer,Cartecay,State House,7,Rep,David Ralston ,926,436,34,1,455
Gilmer,Tails Creek,State House,7,Rep,David Ralston ,913,378,23,1,511
Gilmer,Town Creek,State House,7,Rep,David Ralston ,664,251,15,0,398
Gilmer,Leaches,State House,7,Rep,David Ralston ,1565,822,68,3,672
Gilmer,Cherry Log,State House,7,Rep,David Ralston ,527,189,19,0,319
Gilmer,Boardtown,State House,7,Rep,David Ralston ,904,470,46,1,387
Gilmer,Mountaintown,State House,7,Rep,David Ralston ,662,281,27,0,354
Gilmer,East Ellijay,State House,7,Rep,David Ralston ,930,523,59,1,347
Gilmer,Ellijay North,State House,7,Rep,David Ralston ,904,467,45,3,389
Gilmer,Yukon,State House,7,Rep,David Ralston ,720,272,22,0,426
Gilmer,Roy Road,State House,7,Rep,David Ralston ,868,416,26,0,426
Gilmer,Ellijay Northeast,State House,7,Rep,David Ralston ,1050,633,72,0,345
Gilmer,Ellijay South,County Commission Chairman,,Rep,Charlie Paris ,1614,1014,74,1,525
Gilmer,Cartecay,County Commission Chairman,,Rep,Charlie Paris ,930,440,38,1,451
Gilmer,Tails Creek,County Commission Chairman,,Rep,Charlie Paris ,915,377,24,1,513
Gilmer,Town Creek,County Commission Chairman,,Rep,Charlie Paris ,658,244,15,0,399
Gilmer,Leaches,County Commission Chairman,,Rep,Charlie Paris ,1570,832,68,3,667
Gilmer,Cherry Log,County Commission Chairman,,Rep,Charlie Paris ,543,205,19,0,319
Gilmer,Boardtown,County Commission Chairman,,Rep,Charlie Paris ,914,486,47,1,380
Gilmer,Mountaintown,County Commission Chairman,,Rep,Charlie Paris ,663,288,27,0,348
Gilmer,East Ellijay,County Commission Chairman,,Rep,Charlie Paris ,950,547,62,1,340
Gilmer,Ellijay North,County Commission Chairman,,Rep,Charlie Paris ,893,465,43,3,382
Gilmer,Yukon,County Commission Chairman,,Rep,Charlie Paris ,741,284,24,0,433
Gilmer,Roy Road,County Commission Chairman,,Rep,Charlie Paris ,862,415,31,0,416
Gilmer,Ellijay Northeast,County Commission Chairman,,Rep,Charlie Paris ,1056,648,69,0,339
Gilmer,Ellijay South,County Commissioner Post 2,,Rep,John Marshall,1629,1017,74,1,537
Gilmer,Cartecay,County Commissioner Post 2,,Rep,John Marshall,925,437,35,1,452
Gilmer,Tails Creek,County Commissioner Post 2,,Rep,John Marshall,920,386,26,1,507
Gilmer,Town Creek,County Commissioner Post 2,,Rep,John Marshall,667,245,15,0,407
Gilmer,Leaches,County Commissioner Post 2,,Rep,John Marshall,1583,830,74,3,676
Gilmer,Cherry Log,County Commissioner Post 2,,Rep,John Marshall,552,205,19,0,328
Gilmer,Boardtown,County Commissioner Post 2,,Rep,John Marshall,931,489,48,1,393
Gilmer,Mountaintown,County Commissioner Post 2,,Rep,John Marshall,669,288,27,0,354
Gilmer,East Ellijay,County Commissioner Post 2,,Rep,John Marshall,946,542,59,1,344
Gilmer,Ellijay North,County Commissioner Post 2,,Rep,John Marshall,911,481,46,3,381
Gilmer,Yukon,County Commissioner Post 2,,Rep,John Marshall,734,282,29,0,423
Gilmer,Roy Road,County Commissioner Post 2,,Rep,John Marshall,868,411,32,0,425
Gilmer,Ellijay Northeast,County Commissioner Post 2,,Rep,John Marshall,1063,647,70,0,346
Gilmer,Ellijay South,Limestone Valley Soil and Water,,,Michael Bushey,928,570,59,0,299
Gilmer,Cartecay,Limestone Valley Soil and Water,,,Michael Bushey,581,266,31,0,284
Gilmer,Tails Creek,Limestone Valley Soil and Water,,,Michael Bushey,561,212,16,0,333
Gilmer,Town Creek,Limestone Valley Soil and Water,,,Michael Bushey,379,137,9,0,233
Gilmer,Leaches,Limestone Valley Soil and Water,,,Michael Bushey,835,436,33,2,364
Gilmer,Cherry Log,Limestone Valley Soil and Water,,,Michael Bushey,281,94,13,0,174
Gilmer,Boardtown,Limestone Valley Soil and Water,,,Michael Bushey,511,244,24,0,243
Gilmer,Mountaintown,Limestone Valley Soil and Water,,,Michael Bushey,384,144,18,0,222
Gilmer,East Ellijay,Limestone Valley Soil and Water,,,Michael Bushey,537,320,24,1,192
Gilmer,Ellijay North,Limestone Valley Soil and Water,,,Michael Bushey,563,291,26,3,243
Gilmer,Yukon,Limestone Valley Soil and Water,,,Michael Bushey,408,144,12,0,252
Gilmer,Roy Road,Limestone Valley Soil and Water,,,Michael Bushey,499,235,14,0,250
Gilmer,Ellijay Northeast,Limestone Valley Soil and Water,,,Michael Bushey,550,346,28,0,176
Gilmer,Ellijay South,Limestone Valley Soil and Water,,,Ronald P. Cheslock,224,142,8,0,74
Gilmer,Cartecay,Limestone Valley Soil and Water,,,Ronald P. Cheslock,78,39,7,1,31
Gilmer,Tails Creek,Limestone Valley Soil and Water,,,Ronald P. Cheslock,86,37,1,1,47
Gilmer,Town Creek,Limestone Valley Soil and Water,,,Ronald P. Cheslock,72,31,3,0,38
Gilmer,Leaches,Limestone Valley Soil and Water,,,Ronald P. Cheslock,219,132,17,0,70
Gilmer,Cherry Log,Limestone Valley Soil and Water,,,Ronald P. Cheslock,62,26,3,0,33
Gilmer,Boardtown,Limestone Valley Soil and Water,,,Ronald P. Cheslock,119,71,9,0,39
Gilmer,Mountaintown,Limestone Valley Soil and Water,,,Ronald P. Cheslock,123,63,2,0,58
Gilmer,East Ellijay,Limestone Valley Soil and Water,,,Ronald P. Cheslock,108,53,9,0,46
Gilmer,Ellijay North,Limestone Valley Soil and Water,,,Ronald P. Cheslock,82,34,6,0,42
Gilmer,Yukon,Limestone Valley Soil and Water,,,Ronald P. Cheslock,95,39,4,0,52
Gilmer,Roy Road,Limestone Valley Soil and Water,,,Ronald P. Cheslock,104,55,4,0,45
Gilmer,Ellijay Northeast,Limestone Valley Soil and Water,,,Ronald P. Cheslock,141,93,10,0,38
Gilmer,Ellijay South,Limestone Valley Soil and Water,,,Blake Hoffman,289,181,10,0,98
Gilmer,Cartecay,Limestone Valley Soil and Water,,,Blake Hoffman,151,72,5,0,74
Gilmer,Tails Creek,Limestone Valley Soil and Water,,,Blake Hoffman,163,85,3,0,75
Gilmer,Town Creek,Limestone Valley Soil and Water,,,Blake Hoffman,123,47,0,0,76
Gilmer,Leaches,Limestone Valley Soil and Water,,,Blake Hoffman,309,169,10,0,130
Gilmer,Cherry Log,Limestone Valley Soil and Water,,,Blake Hoffman,127,52,8,0,67
Gilmer,Boardtown,Limestone Valley Soil and Water,,,Blake Hoffman,138,87,8,1,42
Gilmer,Mountaintown,Limestone Valley Soil and Water,,,Blake Hoffman,90,44,5,0,41
Gilmer,East Ellijay,Limestone Valley Soil and Water,,,Blake Hoffman,162,93,13,0,56
Gilmer,Ellijay North,Limestone Valley Soil and Water,,,Blake Hoffman,133,67,7,0,59
Gilmer,Yukon,Limestone Valley Soil and Water,,,Blake Hoffman,155,64,3,0,88
Gilmer,Roy Road,Limestone Valley Soil and Water,,,Blake Hoffman,148,72,9,0,67
Gilmer,Ellijay Northeast,Limestone Valley Soil and Water,,,Blake Hoffman,211,117,15,0,79
Gilmer,Ellijay South,Constitutional Amendment #1,,,Yes,1613,1000,104,1,508
Gilmer,Cartecay,Constitutional Amendment #1,,,Yes,901,427,51,0,423
Gilmer,Tails Creek,Constitutional Amendment #1,,,Yes,842,362,28,1,451
Gilmer,Town Creek,Constitutional Amendment #1,,,Yes,640,230,27,0,383
Gilmer,Leaches,Constitutional Amendment #1,,,Yes,1592,867,93,3,629
Gilmer,Cherry Log,Constitutional Amendment #1,,,Yes,559,221,31,0,307
Gilmer,Boardtown,Constitutional Amendment #1,,,Yes,901,469,69,1,362
Gilmer,Mountaintown,Constitutional Amendment #1,,,Yes,664,295,35,0,334
Gilmer,East Ellijay,Constitutional Amendment #1,,,Yes,928,533,65,0,330
Gilmer,Ellijay North,Constitutional Amendment #1,,,Yes,875,450,54,3,368
Gilmer,Yukon,Constitutional Amendment #1,,,Yes,717,284,28,0,405
Gilmer,Roy Road,Constitutional Amendment #1,,,Yes,874,436,41,0,397
Gilmer,Ellijay Northeast,Constitutional Amendment #1,,,Yes,1055,646,84,0,325
Gilmer,Ellijay South,Constitutional Amendment #1,,,No,185,107,10,0,68
Gilmer,Cartecay,Constitutional Amendment #1,,,No,105,47,4,0,54
Gilmer,Tails Creek,Constitutional Amendment #1,,,No,117,43,3,0,71
Gilmer,Town Creek,Constitutional Amendment #1,,,No,73,33,2,0,38
Gilmer,Leaches,Constitutional Amendment #1,,,No,148,72,6,0,70
Gilmer,Cherry Log,Constitutional Amendment #1,,,No,53,18,1,0,34
Gilmer,Boardtown,Constitutional Amendment #1,,,No,110,61,0,0,49
Gilmer,Mountaintown,Constitutional Amendment #1,,,No,81,35,3,0,43
Gilmer,East Ellijay,Constitutional Amendment #1,,,No,96,53,6,1,36
Gilmer,Ellijay North,Constitutional Amendment #1,,,No,91,52,2,0,37
Gilmer,Yukon,Constitutional Amendment #1,,,No,90,36,4,0,50
Gilmer,Roy Road,Constitutional Amendment #1,,,No,75,30,2,0,43
Gilmer,Ellijay Northeast,Constitutional Amendment #1,,,No,130,74,10,0,46
Gilmer,Ellijay South,Constitutional Amendment #2,,,Yes,1670,1046,108,1,515
Gilmer,Cartecay,Constitutional Amendment #2,,,Yes,937,446,47,0,444
Gilmer,Tails Creek,Constitutional Amendment #2,,,Yes,900,384,31,0,485
Gilmer,Town Creek,Constitutional Amendment #2,,,Yes,654,241,25,0,388
Gilmer,Leaches,Constitutional Amendment #2,,,Yes,1602,873,96,3,630
Gilmer,Cherry Log,Constitutional Amendment #2,,,Yes,563,222,22,0,319
Gilmer,Boardtown,Constitutional Amendment #2,,,Yes,926,492,65,1,368
Gilmer,Mountaintown,Constitutional Amendment #2,,,Yes,679,298,33,0,348
Gilmer,East Ellijay,Constitutional Amendment #2,,,Yes,945,541,62,1,341
Gilmer,Ellijay North,Constitutional Amendment #2,,,Yes,904,470,57,3,374
Gilmer,Yukon,Constitutional Amendment #2,,,Yes,714,291,24,0,399
Gilmer,Roy Road,Constitutional Amendment #2,,,Yes,882,440,38,0,404
Gilmer,Ellijay Northeast,Constitutional Amendment #2,,,Yes,1089,666,84,0,339
Gilmer,Ellijay South,Constitutional Amendment #2,,,No,142,78,4,0,60
Gilmer,Cartecay,Constitutional Amendment #2,,,No,79,35,10,0,34
Gilmer,Tails Creek,Constitutional Amendment #2,,,No,63,23,1,1,38
Gilmer,Town Creek,Constitutional Amendment #2,,,No,56,22,3,0,31
Gilmer,Leaches,Constitutional Amendment #2,,,No,143,68,4,0,71
Gilmer,Cherry Log,Constitutional Amendment #2,,,No,53,19,10,0,24
Gilmer,Boardtown,Constitutional Amendment #2,,,No,94,44,3,0,47
Gilmer,Mountaintown,Constitutional Amendment #2,,,No,75,33,7,0,35
Gilmer,East Ellijay,Constitutional Amendment #2,,,No,96,62,7,0,27
Gilmer,Ellijay North,Constitutional Amendment #2,,,No,67,34,0,0,33
Gilmer,Yukon,Constitutional Amendment #2,,,No,97,32,7,0,58
Gilmer,Roy Road,Constitutional Amendment #2,,,No,84,30,5,0,49
Gilmer,Ellijay Northeast,Constitutional Amendment #2,,,No,99,59,9,0,31
Gilmer,Ellijay South,Statewide Referendum A,,,Yes,991,607,48,1,335
Gilmer,Cartecay,Statewide Referendum A,,,Yes,626,294,25,0,307
Gilmer,Tails Creek,Statewide Referendum A,,,Yes,622,237,17,0,368
Gilmer,Town Creek,Statewide Referendum A,,,Yes,456,165,20,0,271
Gilmer,Leaches,Statewide Referendum A,,,Yes,976,521,48,2,405
Gilmer,Cherry Log,Statewide Referendum A,,,Yes,333,109,9,0,215
Gilmer,Boardtown,Statewide Referendum A,,,Yes,553,278,31,0,244
Gilmer,Mountaintown,Statewide Referendum A,,,Yes,462,199,20,0,243
Gilmer,East Ellijay,Statewide Referendum A,,,Yes,642,384,32,0,226
Gilmer,Ellijay North,Statewide Referendum A,,,Yes,576,286,29,2,259
Gilmer,Yukon,Statewide Referendum A,,,Yes,452,164,14,0,274
Gilmer,Roy Road,Statewide Referendum A,,,Yes,557,263,18,0,276
Gilmer,Ellijay Northeast,Statewide Referendum A,,,Yes,675,416,39,0,220
Gilmer,Ellijay South,Statewide Referendum A,,,No,779,486,61,0,232
Gilmer,Cartecay,Statewide Referendum A,,,No,365,178,29,0,158
Gilmer,Tails Creek,Statewide Referendum A,,,No,330,165,13,1,151
Gilmer,Town Creek,Statewide Referendum A,,,No,245,93,8,0,144
Gilmer,Leaches,Statewide Referendum A,,,No,728,400,45,1,282
Gilmer,Cherry Log,Statewide Referendum A,,,No,276,126,22,0,128
Gilmer,Boardtown,Statewide Referendum A,,,No,441,244,35,1,161
Gilmer,Mountaintown,Statewide Referendum A,,,No,281,127,20,0,134
Gilmer,East Ellijay,Statewide Referendum A,,,No,372,202,36,1,133
Gilmer,Ellijay North,Statewide Referendum A,,,No,367,202,26,1,138
Gilmer,Yukon,Statewide Referendum A,,,No,341,147,17,0,177
Gilmer,Roy Road,Statewide Referendum A,,,No,380,196,23,0,161
Gilmer,Ellijay Northeast,Statewide Referendum A,,,No,497,297,54,0,146
Gilmer,Ellijay South,Statewide Referendum B,,,Yes,1395,852,77,1,465
Gilmer,Cartecay,Statewide Referendum B,,,Yes,838,393,35,0,410
Gilmer,Tails Creek,Statewide Referendum B,,,Yes,786,322,22,0,442
Gilmer,Town Creek,Statewide Referendum B,,,Yes,593,219,23,0,351
Gilmer,Leaches,Statewide Referendum B,,,Yes,1391,747,68,2,574
Gilmer,Cherry Log,Statewide Referendum B,,,Yes,464,171,17,0,276
Gilmer,Boardtown,Statewide Referendum B,,,Yes,756,395,40,1,320
Gilmer,Mountaintown,Statewide Referendum B,,,Yes,587,259,29,0,299
Gilmer,East Ellijay,Statewide Referendum B,,,Yes,815,471,51,1,292
Gilmer,Ellijay North,Statewide Referendum B,,,Yes,758,394,44,3,317
Gilmer,Yukon,Statewide Referendum B,,,Yes,622,247,20,0,355
Gilmer,Roy Road,Statewide Referendum B,,,Yes,737,345,22,0,370
Gilmer,Ellijay Northeast,Statewide Referendum B,,,Yes,902,552,59,0,291
Gilmer,Ellijay South,Statewide Referendum B,,,No,390,248,34,0,108
Gilmer,Cartecay,Statewide Referendum B,,,No,174,85,19,0,70
Gilmer,Tails Creek,Statewide Referendum B,,,No,177,86,8,1,82
Gilmer,Town Creek,Statewide Referendum B,,,No,114,40,5,0,69
Gilmer,Leaches,Statewide Referendum B,,,No,339,185,26,1,127
Gilmer,Cherry Log,Statewide Referendum B,,,No,144,67,14,0,63
Gilmer,Boardtown,Statewide Referendum B,,,No,240,127,24,0,89
Gilmer,Mountaintown,Statewide Referendum B,,,No,160,71,11,0,78
Gilmer,East Ellijay,Statewide Referendum B,,,No,200,119,17,0,64
Gilmer,Ellijay North,Statewide Referendum B,,,No,191,102,9,0,80
Gilmer,Yukon,Statewide Referendum B,,,No,180,71,11,0,98
Gilmer,Roy Road,Statewide Referendum B,,,No,209,115,20,0,74
Gilmer,Ellijay Northeast,Statewide Referendum B,,,No,276,168,32,0,76
