county,precinct,office,district,party,candidate,votes,advance_voting_votes,absentee_by_mail_votes,provisional_votes,election_day_votes
Camden,Tarboro,U.S. Senate,,Rep,Herschel Walker,405,156,6,0,243
Camden,Waverly,U.S. Senate,,Rep,Herschel Walker,789,360,30,1,398
Camden,Woodbine,U.S. Senate,,Rep,Herschel Walker,657,297,16,0,344
Camden,Browntown,U.S. Senate,,Rep,Herschel Walker,276,112,5,0,159
Camden,Harriets Bluff,U.S. Senate,,Rep,Herschel Walker,849,394,20,0,435
Camden,West Kingsland,U.S. Senate,,Rep,Herschel Walker,943,560,18,0,365
Camden,North Kingsland,U.S. Senate,,Rep,Herschel Walker,506,285,6,0,215
Camden,Kingsland,U.S. Senate,,Rep,Herschel Walker,507,298,10,0,199
Camden,East Kingsland,U.S. Senate,,Rep,Herschel Walker,2240,1401,58,2,779
Camden,North St. Marys,U.S. Senate,,Rep,Herschel Walker,337,152,19,0,166
Camden,St. Marys ,U.S. Senate,,Rep,Herschel Walker,822,394,17,0,411
Camden,South St. Marys,U.S. Senate,,Rep,Herschel Walker,810,452,32,0,326
Camden,Mush Bluff,U.S. Senate,,Rep,Herschel Walker,947,502,19,0,426
Camden,West St. Marys ,U.S. Senate,,Rep,Herschel Walker,1610,1044,77,0,489
Camden,Tarboro,U.S. Senate,,Dem,Raphael Warnock ,147,51,29,1,66
Camden,Waverly,U.S. Senate,,Dem,Raphael Warnock ,286,115,55,0,116
Camden,Woodbine,U.S. Senate,,Dem,Raphael Warnock ,390,217,62,0,111
Camden,Browntown,U.S. Senate,,Dem,Raphael Warnock ,48,24,7,0,17
Camden,Harriets Bluff,U.S. Senate,,Dem,Raphael Warnock ,229,139,17,0,73
Camden,West Kingsland,U.S. Senate,,Dem,Raphael Warnock ,330,208,27,0,95
Camden,North Kingsland,U.S. Senate,,Dem,Raphael Warnock ,525,309,62,0,154
Camden,Kingsland,U.S. Senate,,Dem,Raphael Warnock ,337,182,23,0,132
Camden,East Kingsland,U.S. Senate,,Dem,Raphael Warnock ,1234,835,106,0,293
Camden,North St. Marys,U.S. Senate,,Dem,Raphael Warnock ,229,112,21,0,96
Camden,St. Marys ,U.S. Senate,,Dem,Raphael Warnock ,561,316,55,0,190
Camden,South St. Marys,U.S. Senate,,Dem,Raphael Warnock ,425,233,72,0,120
Camden,Mush Bluff,U.S. Senate,,Dem,Raphael Warnock ,435,260,34,0,141
Camden,West St. Marys ,U.S. Senate,,Dem,Raphael Warnock ,582,376,62,0,144
Camden,Tarboro,U.S. Senate,,L,Chase Oliver,8,3,0,0,5
Camden,Waverly,U.S. Senate,,L,Chase Oliver,18,7,1,0,10
Camden,Woodbine,U.S. Senate,,L,Chase Oliver,14,8,0,0,6
Camden,Browntown,U.S. Senate,,L,Chase Oliver,9,3,0,0,6
Camden,Harriets Bluff,U.S. Senate,,L,Chase Oliver,27,14,0,0,13
Camden,West Kingsland,U.S. Senate,,L,Chase Oliver,36,13,1,0,22
Camden,North Kingsland,U.S. Senate,,L,Chase Oliver,24,9,1,0,14
Camden,Kingsland,U.S. Senate,,L,Chase Oliver,28,17,1,0,10
Camden,East Kingsland,U.S. Senate,,L,Chase Oliver,92,49,2,0,41
Camden,North St. Marys,U.S. Senate,,L,Chase Oliver,17,6,1,0,10
Camden,St. Marys ,U.S. Senate,,L,Chase Oliver,43,19,0,0,24
Camden,South St. Marys,U.S. Senate,,L,Chase Oliver,18,11,1,0,6
Camden,Mush Bluff,U.S. Senate,,L,Chase Oliver,46,18,4,0,24
Camden,West St. Marys ,U.S. Senate,,L,Chase Oliver,37,23,0,0,14
Camden,Tarboro,Governor,,Rep,Brian Kemp ,421,161,7,0,253
Camden,Waverly,Governor,,Rep,Brian Kemp ,831,376,33,1,421
Camden,Woodbine,Governor,,Rep,Brian Kemp ,693,320,17,0,356
Camden,Browntown,Governor,,Rep,Brian Kemp ,286,116,5,0,165
Camden,Harriets Bluff,Governor,,Rep,Brian Kemp ,900,425,23,0,452
Camden,West Kingsland,Governor,,Rep,Brian Kemp ,990,579,24,0,387
Camden,North Kingsland,Governor,,Rep,Brian Kemp ,544,300,8,0,236
Camden,Kingsland,Governor,,Rep,Brian Kemp ,554,320,12,0,222
Camden,East Kingsland,Governor,,Rep,Brian Kemp ,2426,1509,71,2,844
Camden,North St. Marys,Governor,,Rep,Brian Kemp ,365,166,22,0,177
Camden,St. Marys ,Governor,,Rep,Brian Kemp ,898,429,18,0,451
Camden,South St. Marys,Governor,,Rep,Brian Kemp ,858,472,38,0,348
Camden,Mush Bluff,Governor,,Rep,Brian Kemp ,998,528,18,0,452
Camden,West St. Marys ,Governor,,Rep,Brian Kemp ,1730,1122,86,0,522
Camden,Tarboro,Governor,,Dem,Stacey Abrams,135,46,29,1,59
Camden,Waverly,Governor,,Dem,Stacey Abrams,263,109,53,0,101
Camden,Woodbine,Governor,,Dem,Stacey Abrams,369,204,61,0,104
Camden,Browntown,Governor,,Dem,Stacey Abrams,43,22,7,0,14
Camden,Harriets Bluff,Governor,,Dem,Stacey Abrams,196,117,14,0,65
Camden,West Kingsland,Governor,,Dem,Stacey Abrams,302,194,21,0,87
Camden,North Kingsland,Governor,,Dem,Stacey Abrams,506,304,61,0,141
Camden,Kingsland,Governor,,Dem,Stacey Abrams,314,177,21,0,116
Camden,East Kingsland,Governor,,Dem,Stacey Abrams,1113,763,95,0,255
Camden,North St. Marys,Governor,,Dem,Stacey Abrams,217,108,19,0,90
Camden,St. Marys ,Governor,,Dem,Stacey Abrams,524,298,55,0,171
Camden,South St. Marys,Governor,,Dem,Stacey Abrams,393,220,68,0,105
Camden,Mush Bluff,Governor,,Dem,Stacey Abrams,410,246,39,0,125
Camden,West St. Marys ,Governor,,Dem,Stacey Abrams,479,313,51,0,115
Camden,Tarboro,Governor,,L,Shane Hazel,5,3,0,0,2
Camden,Waverly,Governor,,L,Shane Hazel,5,1,0,0,4
Camden,Woodbine,Governor,,L,Shane Hazel,7,4,0,0,3
Camden,Browntown,Governor,,L,Shane Hazel,5,1,0,0,4
Camden,Harriets Bluff,Governor,,L,Shane Hazel,10,7,0,0,3
Camden,West Kingsland,Governor,,L,Shane Hazel,20,8,1,0,11
Camden,North Kingsland,Governor,,L,Shane Hazel,10,2,0,0,8
Camden,Kingsland,Governor,,L,Shane Hazel,11,5,1,0,5
Camden,East Kingsland,Governor,,L,Shane Hazel,38,18,2,0,18
Camden,North St. Marys,Governor,,L,Shane Hazel,8,2,0,0,6
Camden,St. Marys ,Governor,,L,Shane Hazel,15,9,0,0,6
Camden,South St. Marys,Governor,,L,Shane Hazel,5,2,0,0,3
Camden,Mush Bluff,Governor,,L,Shane Hazel,23,7,1,0,15
Camden,West St. Marys ,Governor,,L,Shane Hazel,25,12,0,0,13
Camden,Tarboro,Lieutenant Governor,,Rep,Burt Jones,413,157,6,0,250
Camden,Waverly,Lieutenant Governor,,Rep,Burt Jones,802,367,31,1,403
Camden,Woodbine,Lieutenant Governor,,Rep,Burt Jones,671,309,17,0,345
Camden,Browntown,Lieutenant Governor,,Rep,Burt Jones,283,116,5,0,162
Camden,Harriets Bluff,Lieutenant Governor,,Rep,Burt Jones,880,415,22,0,443
Camden,West Kingsland,Lieutenant Governor,,Rep,Burt Jones,961,560,19,0,382
Camden,North Kingsland,Lieutenant Governor,,Rep,Burt Jones,524,295,6,0,223
Camden,Kingsland,Lieutenant Governor,,Rep,Burt Jones,534,308,10,0,216
Camden,East Kingsland,Lieutenant Governor,,Rep,Burt Jones,2364,1473,66,2,823
Camden,North St. Marys,Lieutenant Governor,,Rep,Burt Jones,353,160,18,0,175
Camden,St. Marys ,Lieutenant Governor,,Rep,Burt Jones,849,406,17,0,426
Camden,South St. Marys,Lieutenant Governor,,Rep,Burt Jones,828,458,33,0,337
Camden,Mush Bluff,Lieutenant Governor,,Rep,Burt Jones,983,517,18,0,448
Camden,West St. Marys ,Lieutenant Governor,,Rep,Burt Jones,1671,1085,79,0,507
Camden,Tarboro,Lieutenant Governor,,Dem,Charlie Bailey,137,48,30,1,58
Camden,Waverly,Lieutenant Governor,,Dem,Charlie Bailey,272,113,52,0,107
Camden,Woodbine,Lieutenant Governor,,Dem,Charlie Bailey,358,199,60,0,99
Camden,Browntown,Lieutenant Governor,,Dem,Charlie Bailey,44,22,7,0,15
Camden,Harriets Bluff,Lieutenant Governor,,Dem,Charlie Bailey,189,120,11,0,58
Camden,West Kingsland,Lieutenant Governor,,Dem,Charlie Bailey,298,191,27,0,80
Camden,North Kingsland,Lieutenant Governor,,Dem,Charlie Bailey,495,292,62,0,141
Camden,Kingsland,Lieutenant Governor,,Dem,Charlie Bailey,314,179,22,0,113
Camden,East Kingsland,Lieutenant Governor,,Dem,Charlie Bailey,1105,758,100,0,247
Camden,North St. Marys,Lieutenant Governor,,Dem,Charlie Bailey,215,110,21,0,84
Camden,St. Marys ,Lieutenant Governor,,Dem,Charlie Bailey,533,311,53,0,169
Camden,South St. Marys,Lieutenant Governor,,Dem,Charlie Bailey,399,222,69,0,108
Camden,Mush Bluff,Lieutenant Governor,,Dem,Charlie Bailey,395,240,36,0,119
Camden,West St. Marys ,Lieutenant Governor,,Dem,Charlie Bailey,513,335,56,0,122
Camden,Tarboro,Lieutenant Governor,,L,Ryan Graham,5,4,0,0,1
Camden,Waverly,Lieutenant Governor,,L,Ryan Graham,20,6,3,0,11
Camden,Woodbine,Lieutenant Governor,,L,Ryan Graham,16,6,0,0,10
Camden,Browntown,Lieutenant Governor,,L,Ryan Graham,6,1,0,0,5
Camden,Harriets Bluff,Lieutenant Governor,,L,Ryan Graham,31,9,3,0,19
Camden,West Kingsland,Lieutenant Governor,,L,Ryan Graham,36,16,0,0,20
Camden,North Kingsland,Lieutenant Governor,,L,Ryan Graham,23,8,1,0,14
Camden,Kingsland,Lieutenant Governor,,L,Ryan Graham,24,10,1,0,13
Camden,East Kingsland,Lieutenant Governor,,L,Ryan Graham,82,42,2,0,38
Camden,North St. Marys,Lieutenant Governor,,L,Ryan Graham,15,1,2,0,12
Camden,St. Marys ,Lieutenant Governor,,L,Ryan Graham,49,17,3,0,29
Camden,South St. Marys,Lieutenant Governor,,L,Ryan Graham,18,7,3,0,8
Camden,Mush Bluff,Lieutenant Governor,,L,Ryan Graham,43,18,3,0,22
Camden,West St. Marys ,Lieutenant Governor,,L,Ryan Graham,27,16,0,0,11
Camden,Tarboro,Secretary of State,,Rep,Brad Raffensperger ,411,163,7,0,241
Camden,Waverly,Secretary of State,,Rep,Brad Raffensperger ,802,361,32,1,408
Camden,Woodbine,Secretary of State,,Rep,Brad Raffensperger ,680,319,18,0,343
Camden,Browntown,Secretary of State,,Rep,Brad Raffensperger ,279,112,5,0,162
Camden,Harriets Bluff,Secretary of State,,Rep,Brad Raffensperger ,879,425,26,0,428
Camden,West Kingsland,Secretary of State,,Rep,Brad Raffensperger ,980,580,30,0,370
Camden,North Kingsland,Secretary of State,,Rep,Brad Raffensperger ,521,305,9,0,207
Camden,Kingsland,Secretary of State,,Rep,Brad Raffensperger ,536,317,10,0,209
Camden,East Kingsland,Secretary of State,,Rep,Brad Raffensperger ,2395,1497,77,1,820
Camden,North St. Marys,Secretary of State,,Rep,Brad Raffensperger ,348,164,16,0,168
Camden,St. Marys ,Secretary of State,,Rep,Brad Raffensperger ,870,426,18,0,426
Camden,South St. Marys,Secretary of State,,Rep,Brad Raffensperger ,866,481,40,0,345
Camden,Mush Bluff,Secretary of State,,Rep,Brad Raffensperger ,994,530,19,0,445
Camden,West St. Marys ,Secretary of State,,Rep,Brad Raffensperger ,1730,1132,93,0,505
Camden,Tarboro,Secretary of State,,Dem,Bee Nguyen,124,39,29,1,55
Camden,Waverly,Secretary of State,,Dem,Bee Nguyen,251,106,49,0,96
Camden,Woodbine,Secretary of State,,Dem,Bee Nguyen,335,180,58,0,97
Camden,Browntown,Secretary of State,,Dem,Bee Nguyen,41,21,7,0,13
Camden,Harriets Bluff,Secretary of State,,Dem,Bee Nguyen,174,104,10,0,60
Camden,West Kingsland,Secretary of State,,Dem,Bee Nguyen,275,178,15,0,82
Camden,North Kingsland,Secretary of State,,Dem,Bee Nguyen,469,276,55,0,138
Camden,Kingsland,Secretary of State,,Dem,Bee Nguyen,306,168,23,0,115
Camden,East Kingsland,Secretary of State,,Dem,Bee Nguyen,1029,702,88,0,239
Camden,North St. Marys,Secretary of State,,Dem,Bee Nguyen,205,103,20,0,82
Camden,St. Marys ,Secretary of State,,Dem,Bee Nguyen,508,288,52,0,168
Camden,South St. Marys,Secretary of State,,Dem,Bee Nguyen,344,192,60,0,92
Camden,Mush Bluff,Secretary of State,,Dem,Bee Nguyen,366,220,35,0,111
Camden,West St. Marys ,Secretary of State,,Dem,Bee Nguyen,410,260,38,0,112
Camden,Tarboro,Secretary of State,,L,Ted Metz,14,5,0,0,9
Camden,Waverly,Secretary of State,,L,Ted Metz,37,16,4,0,17
Camden,Woodbine,Secretary of State,,L,Ted Metz,25,11,0,0,14
Camden,Browntown,Secretary of State,,L,Ted Metz,10,4,0,0,6
Camden,Harriets Bluff,Secretary of State,,L,Ted Metz,42,13,1,0,28
Camden,West Kingsland,Secretary of State,,L,Ted Metz,42,16,1,0,25
Camden,North Kingsland,Secretary of State,,L,Ted Metz,42,9,3,0,30
Camden,Kingsland,Secretary of State,,L,Ted Metz,25,10,0,0,15
Camden,East Kingsland,Secretary of State,,L,Ted Metz,123,77,2,1,43
Camden,North St. Marys,Secretary of State,,L,Ted Metz,30,4,5,0,21
Camden,St. Marys ,Secretary of State,,L,Ted Metz,49,18,1,0,30
Camden,South St. Marys,Secretary of State,,L,Ted Metz,39,18,6,0,15
Camden,Mush Bluff,Secretary of State,,L,Ted Metz,60,24,3,0,33
Camden,West St. Marys ,Secretary of State,,L,Ted Metz,67,42,3,0,22
Camden,Tarboro,Attorney General,,Rep,Chris Carr ,410,155,6,0,249
Camden,Waverly,Attorney General,,Rep,Chris Carr ,808,369,29,1,409
Camden,Woodbine,Attorney General,,Rep,Chris Carr ,676,311,16,0,349
Camden,Browntown,Attorney General,,Rep,Chris Carr ,285,115,5,0,165
Camden,Harriets Bluff,Attorney General,,Rep,Chris Carr ,872,409,24,0,439
Camden,West Kingsland,Attorney General,,Rep,Chris Carr ,971,572,22,0,377
Camden,North Kingsland,Attorney General,,Rep,Chris Carr ,529,299,8,0,222
Camden,Kingsland,Attorney General,,Rep,Chris Carr ,529,308,11,0,210
Camden,East Kingsland,Attorney General,,Rep,Chris Carr ,2374,1473,69,2,830
Camden,North St. Marys,Attorney General,,Rep,Chris Carr ,346,157,18,0,171
Camden,St. Marys ,Attorney General,,Rep,Chris Carr ,851,411,18,0,422
Camden,South St. Marys,Attorney General,,Rep,Chris Carr ,839,462,35,0,342
Camden,Mush Bluff,Attorney General,,Rep,Chris Carr ,982,514,20,0,448
Camden,West St. Marys ,Attorney General,,Rep,Chris Carr ,1680,1095,82,0,503
Camden,Tarboro,Attorney General,,Dem,"Jennifer """"Jen"""" Jordan",138,50,29,1,58
Camden,Waverly,Attorney General,,Dem,"Jennifer """"Jen"""" Jordan",270,111,52,0,107
Camden,Woodbine,Attorney General,,Dem,"Jennifer """"Jen"""" Jordan",364,202,62,0,100
Camden,Browntown,Attorney General,,Dem,"Jennifer """"Jen"""" Jordan",43,21,7,0,15
Camden,Harriets Bluff,Attorney General,,Dem,"Jennifer """"Jen"""" Jordan",205,126,13,0,66
Camden,West Kingsland,Attorney General,,Dem,"Jennifer """"Jen"""" Jordan",300,194,23,0,83
Camden,North Kingsland,Attorney General,,Dem,"Jennifer """"Jen"""" Jordan",504,294,61,0,149
Camden,Kingsland,Attorney General,,Dem,"Jennifer """"Jen"""" Jordan",323,184,22,0,117
Camden,East Kingsland,Attorney General,,Dem,"Jennifer """"Jen"""" Jordan",1110,762,97,0,251
Camden,North St. Marys,Attorney General,,Dem,"Jennifer """"Jen"""" Jordan",221,109,22,0,90
Camden,St. Marys ,Attorney General,,Dem,"Jennifer """"Jen"""" Jordan",549,308,54,0,187
Camden,South St. Marys,Attorney General,,Dem,"Jennifer """"Jen"""" Jordan",386,215,67,0,104
Camden,Mush Bluff,Attorney General,,Dem,"Jennifer """"Jen"""" Jordan",411,249,37,0,125
Camden,West St. Marys ,Attorney General,,Dem,"Jennifer """"Jen"""" Jordan",513,335,53,0,125
Camden,Tarboro,Attorney General,,L,Martin Cowen,8,4,0,0,4
Camden,Waverly,Attorney General,,L,Martin Cowen,14,5,2,0,7
Camden,Woodbine,Attorney General,,L,Martin Cowen,18,7,0,0,11
Camden,Browntown,Attorney General,,L,Martin Cowen,6,3,0,0,3
Camden,Harriets Bluff,Attorney General,,L,Martin Cowen,21,8,0,0,13
Camden,West Kingsland,Attorney General,,L,Martin Cowen,34,13,1,0,20
Camden,North Kingsland,Attorney General,,L,Martin Cowen,13,4,0,0,9
Camden,Kingsland,Attorney General,,L,Martin Cowen,18,6,0,0,12
Camden,East Kingsland,Attorney General,,L,Martin Cowen,67,39,0,0,28
Camden,North St. Marys,Attorney General,,L,Martin Cowen,20,7,1,0,12
Camden,St. Marys ,Attorney General,,L,Martin Cowen,33,14,1,0,18
Camden,South St. Marys,Attorney General,,L,Martin Cowen,22,11,3,0,8
Camden,Mush Bluff,Attorney General,,L,Martin Cowen,26,9,1,0,16
Camden,West St. Marys ,Attorney General,,L,Martin Cowen,24,12,0,0,12
Camden,Tarboro,Commissioner of Agriculture,,Rep,Tyler Harper,419,159,7,0,253
Camden,Waverly,Commissioner of Agriculture,,Rep,Tyler Harper,809,373,29,1,406
Camden,Woodbine,Commissioner of Agriculture,,Rep,Tyler Harper,676,308,18,0,350
Camden,Browntown,Commissioner of Agriculture,,Rep,Tyler Harper,285,115,5,0,165
Camden,Harriets Bluff,Commissioner of Agriculture,,Rep,Tyler Harper,873,412,23,0,438
Camden,West Kingsland,Commissioner of Agriculture,,Rep,Tyler Harper,973,572,22,0,379
Camden,North Kingsland,Commissioner of Agriculture,,Rep,Tyler Harper,513,290,6,0,217
Camden,Kingsland,Commissioner of Agriculture,,Rep,Tyler Harper,536,307,11,0,218
Camden,East Kingsland,Commissioner of Agriculture,,Rep,Tyler Harper,2360,1469,65,2,824
Camden,North St. Marys,Commissioner of Agriculture,,Rep,Tyler Harper,353,160,20,0,173
Camden,St. Marys ,Commissioner of Agriculture,,Rep,Tyler Harper,847,403,19,0,425
Camden,South St. Marys,Commissioner of Agriculture,,Rep,Tyler Harper,833,457,36,0,340
Camden,Mush Bluff,Commissioner of Agriculture,,Rep,Tyler Harper,988,523,20,0,445
Camden,West St. Marys ,Commissioner of Agriculture,,Rep,Tyler Harper,1671,1088,83,0,500
Camden,Tarboro,Commissioner of Agriculture,,Dem,Nakita Hemingway,127,46,28,1,52
Camden,Waverly,Commissioner of Agriculture,,Dem,Nakita Hemingway,262,106,52,0,104
Camden,Woodbine,Commissioner of Agriculture,,Dem,Nakita Hemingway,356,196,60,0,100
Camden,Browntown,Commissioner of Agriculture,,Dem,Nakita Hemingway,40,21,7,0,12
Camden,Harriets Bluff,Commissioner of Agriculture,,Dem,Nakita Hemingway,188,114,14,0,60
Camden,West Kingsland,Commissioner of Agriculture,,Dem,Nakita Hemingway,290,188,23,0,79
Camden,North Kingsland,Commissioner of Agriculture,,Dem,Nakita Hemingway,491,287,60,0,144
Camden,Kingsland,Commissioner of Agriculture,,Dem,Nakita Hemingway,310,177,22,0,111
Camden,East Kingsland,Commissioner of Agriculture,,Dem,Nakita Hemingway,1104,757,99,0,248
Camden,North St. Marys,Commissioner of Agriculture,,Dem,Nakita Hemingway,212,107,20,0,85
Camden,St. Marys ,Commissioner of Agriculture,,Dem,Nakita Hemingway,531,303,51,0,177
Camden,South St. Marys,Commissioner of Agriculture,,Dem,Nakita Hemingway,379,215,61,0,103
Camden,Mush Bluff,Commissioner of Agriculture,,Dem,Nakita Hemingway,387,236,34,0,117
Camden,West St. Marys ,Commissioner of Agriculture,,Dem,Nakita Hemingway,489,317,48,0,124
Camden,Tarboro,Commissioner of Agriculture,,L,David Raudabaugh,8,4,1,0,3
Camden,Waverly,Commissioner of Agriculture,,L,David Raudabaugh,17,5,1,0,11
Camden,Woodbine,Commissioner of Agriculture,,L,David Raudabaugh,21,12,0,0,9
Camden,Browntown,Commissioner of Agriculture,,L,David Raudabaugh,9,3,0,0,6
Camden,Harriets Bluff,Commissioner of Agriculture,,L,David Raudabaugh,32,12,0,0,20
Camden,West Kingsland,Commissioner of Agriculture,,L,David Raudabaugh,39,19,0,0,20
Camden,North Kingsland,Commissioner of Agriculture,,L,David Raudabaugh,35,15,3,0,17
Camden,Kingsland,Commissioner of Agriculture,,L,David Raudabaugh,22,12,0,0,10
Camden,East Kingsland,Commissioner of Agriculture,,L,David Raudabaugh,83,51,2,0,30
Camden,North St. Marys,Commissioner of Agriculture,,L,David Raudabaugh,20,6,1,0,13
Camden,St. Marys ,Commissioner of Agriculture,,L,David Raudabaugh,49,22,3,0,24
Camden,South St. Marys,Commissioner of Agriculture,,L,David Raudabaugh,25,13,2,0,10
Camden,Mush Bluff,Commissioner of Agriculture,,L,David Raudabaugh,42,11,3,0,28
Camden,West St. Marys ,Commissioner of Agriculture,,L,David Raudabaugh,41,28,0,0,13
Camden,Tarboro,Commissioner of Insurance,,Rep,John King ,420,162,7,0,251
Camden,Waverly,Commissioner of Insurance,,Rep,John King ,823,376,31,1,415
Camden,Woodbine,Commissioner of Insurance,,Rep,John King ,690,314,16,0,360
Camden,Browntown,Commissioner of Insurance,,Rep,John King ,292,117,5,0,170
Camden,Harriets Bluff,Commissioner of Insurance,,Rep,John King ,891,419,22,0,450
Camden,West Kingsland,Commissioner of Insurance,,Rep,John King ,996,580,22,0,394
Camden,North Kingsland,Commissioner of Insurance,,Rep,John King ,538,300,8,0,230
Camden,Kingsland,Commissioner of Insurance,,Rep,John King ,554,320,11,0,223
Camden,East Kingsland,Commissioner of Insurance,,Rep,John King ,2424,1500,70,2,852
Camden,North St. Marys,Commissioner of Insurance,,Rep,John King ,364,163,17,0,184
Camden,St. Marys ,Commissioner of Insurance,,Rep,John King ,876,417,18,0,441
Camden,South St. Marys,Commissioner of Insurance,,Rep,John King ,852,473,37,0,342
Camden,Mush Bluff,Commissioner of Insurance,,Rep,John King ,1013,525,20,0,468
Camden,West St. Marys ,Commissioner of Insurance,,Rep,John King ,1703,1109,81,0,513
Camden,Tarboro,Commissioner of Insurance,,Dem,Janice Laws Robinson,130,46,27,1,56
Camden,Waverly,Commissioner of Insurance,,Dem,Janice Laws Robinson,267,109,51,0,107
Camden,Woodbine,Commissioner of Insurance,,Dem,Janice Laws Robinson,360,200,61,0,99
Camden,Browntown,Commissioner of Insurance,,Dem,Janice Laws Robinson,42,22,7,0,13
Camden,Harriets Bluff,Commissioner of Insurance,,Dem,Janice Laws Robinson,200,121,15,0,64
Camden,West Kingsland,Commissioner of Insurance,,Dem,Janice Laws Robinson,300,190,24,0,86
Camden,North Kingsland,Commissioner of Insurance,,Dem,Janice Laws Robinson,502,296,60,0,146
Camden,Kingsland,Commissioner of Insurance,,Dem,Janice Laws Robinson,315,177,22,0,116
Camden,East Kingsland,Commissioner of Insurance,,Dem,Janice Laws Robinson,1117,767,95,0,255
Camden,North St. Marys,Commissioner of Insurance,,Dem,Janice Laws Robinson,219,108,22,0,89
Camden,St. Marys ,Commissioner of Insurance,,Dem,Janice Laws Robinson,548,311,55,0,182
Camden,South St. Marys,Commissioner of Insurance,,Dem,Janice Laws Robinson,384,212,64,0,108
Camden,Mush Bluff,Commissioner of Insurance,,Dem,Janice Laws Robinson,403,246,37,0,120
Camden,West St. Marys ,Commissioner of Insurance,,Dem,Janice Laws Robinson,498,327,49,0,122
Camden,Tarboro,State School Superintendent,,Rep,Richard Woods ,424,165,7,0,252
Camden,Waverly,State School Superintendent,,Rep,Richard Woods ,829,380,32,1,416
Camden,Woodbine,State School Superintendent,,Rep,Richard Woods ,692,316,16,0,360
Camden,Browntown,State School Superintendent,,Rep,Richard Woods ,291,117,5,0,169
Camden,Harriets Bluff,State School Superintendent,,Rep,Richard Woods ,901,425,26,0,450
Camden,West Kingsland,State School Superintendent,,Rep,Richard Woods ,997,580,20,0,397
Camden,North Kingsland,State School Superintendent,,Rep,Richard Woods ,539,302,8,0,229
Camden,Kingsland,State School Superintendent,,Rep,Richard Woods ,558,324,11,0,223
Camden,East Kingsland,State School Superintendent,,Rep,Richard Woods ,2425,1504,72,2,847
Camden,North St. Marys,State School Superintendent,,Rep,Richard Woods ,357,161,20,0,176
Camden,St. Marys ,State School Superintendent,,Rep,Richard Woods ,876,422,19,0,435
Camden,South St. Marys,State School Superintendent,,Rep,Richard Woods ,854,474,39,0,341
Camden,Mush Bluff,State School Superintendent,,Rep,Richard Woods ,1016,528,24,0,464
Camden,West St. Marys ,State School Superintendent,,Rep,Richard Woods ,1697,1101,82,0,514
Camden,Tarboro,State School Superintendent,,Dem,Alisha Thomas Searcy,130,45,28,1,56
Camden,Waverly,State School Superintendent,,Dem,Alisha Thomas Searcy,260,105,50,0,105
Camden,Woodbine,State School Superintendent,,Dem,Alisha Thomas Searcy,360,200,60,0,100
Camden,Browntown,State School Superintendent,,Dem,Alisha Thomas Searcy,43,22,7,0,14
Camden,Harriets Bluff,State School Superintendent,,Dem,Alisha Thomas Searcy,193,115,10,0,68
Camden,West Kingsland,State School Superintendent,,Dem,Alisha Thomas Searcy,304,195,26,0,83
Camden,North Kingsland,State School Superintendent,,Dem,Alisha Thomas Searcy,501,294,61,0,146
Camden,Kingsland,State School Superintendent,,Dem,Alisha Thomas Searcy,310,172,22,0,116
Camden,East Kingsland,State School Superintendent,,Dem,Alisha Thomas Searcy,1120,765,95,0,260
Camden,North St. Marys,State School Superintendent,,Dem,Alisha Thomas Searcy,230,112,21,0,97
Camden,St. Marys ,State School Superintendent,,Dem,Alisha Thomas Searcy,550,306,54,0,190
Camden,South St. Marys,State School Superintendent,,Dem,Alisha Thomas Searcy,385,214,61,0,110
Camden,Mush Bluff,State School Superintendent,,Dem,Alisha Thomas Searcy,403,245,33,0,125
Camden,West St. Marys ,State School Superintendent,,Dem,Alisha Thomas Searcy,508,338,48,0,122
Camden,Tarboro,Commissioner of Labor,,Rep,Bruce Thompson,416,160,7,0,249
Camden,Waverly,Commissioner of Labor,,Rep,Bruce Thompson,806,373,28,1,404
Camden,Woodbine,Commissioner of Labor,,Rep,Bruce Thompson,667,306,17,0,344
Camden,Browntown,Commissioner of Labor,,Rep,Bruce Thompson,284,115,5,0,164
Camden,Harriets Bluff,Commissioner of Labor,,Rep,Bruce Thompson,867,405,23,0,439
Camden,West Kingsland,Commissioner of Labor,,Rep,Bruce Thompson,976,571,23,0,382
Camden,North Kingsland,Commissioner of Labor,,Rep,Bruce Thompson,524,295,7,0,222
Camden,Kingsland,Commissioner of Labor,,Rep,Bruce Thompson,534,311,11,0,212
Camden,East Kingsland,Commissioner of Labor,,Rep,Bruce Thompson,2357,1463,65,2,827
Camden,North St. Marys,Commissioner of Labor,,Rep,Bruce Thompson,341,154,18,0,169
Camden,St. Marys ,Commissioner of Labor,,Rep,Bruce Thompson,844,404,17,0,423
Camden,South St. Marys,Commissioner of Labor,,Rep,Bruce Thompson,829,457,34,0,338
Camden,Mush Bluff,Commissioner of Labor,,Rep,Bruce Thompson,977,515,19,0,443
Camden,West St. Marys ,Commissioner of Labor,,Rep,Bruce Thompson,1649,1069,81,0,499
Camden,Tarboro,Commissioner of Labor,,Dem,"William """"Will"""" Boddie, Jr",135,45,28,1,61
Camden,Waverly,Commissioner of Labor,,Dem,"William """"Will"""" Boddie, Jr",258,106,50,0,102
Camden,Woodbine,Commissioner of Labor,,Dem,"William """"Will"""" Boddie, Jr",361,201,60,0,100
Camden,Browntown,Commissioner of Labor,,Dem,"William """"Will"""" Boddie, Jr",41,23,7,0,11
Camden,Harriets Bluff,Commissioner of Labor,,Dem,"William """"Will"""" Boddie, Jr",189,120,12,0,57
Camden,West Kingsland,Commissioner of Labor,,Dem,"William """"Will"""" Boddie, Jr",286,185,23,0,78
Camden,North Kingsland,Commissioner of Labor,,Dem,"William """"Will"""" Boddie, Jr",486,289,59,0,138
Camden,Kingsland,Commissioner of Labor,,Dem,"William """"Will"""" Boddie, Jr",305,175,21,0,109
Camden,East Kingsland,Commissioner of Labor,,Dem,"William """"Will"""" Boddie, Jr",1080,742,96,0,242
Camden,North St. Marys,Commissioner of Labor,,Dem,"William """"Will"""" Boddie, Jr",216,107,22,0,87
Camden,St. Marys ,Commissioner of Labor,,Dem,"William """"Will"""" Boddie, Jr",509,295,52,0,162
Camden,South St. Marys,Commissioner of Labor,,Dem,"William """"Will"""" Boddie, Jr",389,216,66,0,107
Camden,Mush Bluff,Commissioner of Labor,,Dem,"William """"Will"""" Boddie, Jr",390,238,35,0,117
Camden,West St. Marys ,Commissioner of Labor,,Dem,"William """"Will"""" Boddie, Jr",500,326,49,0,125
Camden,Tarboro,Commissioner of Labor,,L,Emily Anderson,6,4,1,0,1
Camden,Waverly,Commissioner of Labor,,L,Emily Anderson,17,2,3,0,12
Camden,Woodbine,Commissioner of Labor,,L,Emily Anderson,24,11,0,0,13
Camden,Browntown,Commissioner of Labor,,L,Emily Anderson,9,1,0,0,8
Camden,Harriets Bluff,Commissioner of Labor,,L,Emily Anderson,32,14,0,0,18
Camden,West Kingsland,Commissioner of Labor,,L,Emily Anderson,37,18,0,0,19
Camden,North Kingsland,Commissioner of Labor,,L,Emily Anderson,32,10,3,0,19
Camden,Kingsland,Commissioner of Labor,,L,Emily Anderson,31,12,0,0,19
Camden,East Kingsland,Commissioner of Labor,,L,Emily Anderson,97,59,3,0,35
Camden,North St. Marys,Commissioner of Labor,,L,Emily Anderson,30,12,1,0,17
Camden,St. Marys ,Commissioner of Labor,,L,Emily Anderson,74,34,2,0,38
Camden,South St. Marys,Commissioner of Labor,,L,Emily Anderson,18,11,0,0,7
Camden,Mush Bluff,Commissioner of Labor,,L,Emily Anderson,48,16,3,0,29
Camden,West St. Marys ,Commissioner of Labor,,L,Emily Anderson,45,31,1,0,13
Camden,Tarboro,U.S. House,,Rep,"Earl L. """"Buddy"""" Carter ",418,159,8,0,251
Camden,Waverly,U.S. House,,Rep,"Earl L. """"Buddy"""" Carter ",823,374,32,1,416
Camden,Woodbine,U.S. House,,Rep,"Earl L. """"Buddy"""" Carter ",678,315,16,0,347
Camden,Browntown,U.S. House,,Rep,"Earl L. """"Buddy"""" Carter ",286,115,5,0,166
Camden,Harriets Bluff,U.S. House,,Rep,"Earl L. """"Buddy"""" Carter ",882,414,23,0,445
Camden,West Kingsland,U.S. House,,Rep,"Earl L. """"Buddy"""" Carter ",996,581,22,0,393
Camden,North Kingsland,U.S. House,,Rep,"Earl L. """"Buddy"""" Carter ",545,300,8,0,237
Camden,Kingsland,U.S. House,,Rep,"Earl L. """"Buddy"""" Carter ",550,319,14,0,217
Camden,East Kingsland,U.S. House,,Rep,"Earl L. """"Buddy"""" Carter ",2394,1480,69,2,843
Camden,North St. Marys,U.S. House,,Rep,"Earl L. """"Buddy"""" Carter ",355,158,21,0,176
Camden,St. Marys ,U.S. House,,Rep,"Earl L. """"Buddy"""" Carter ",871,416,19,0,436
Camden,South St. Marys,U.S. House,,Rep,"Earl L. """"Buddy"""" Carter ",834,459,33,0,342
Camden,Mush Bluff,U.S. House,,Rep,"Earl L. """"Buddy"""" Carter ",1005,520,22,0,463
Camden,West St. Marys ,U.S. House,,Rep,"Earl L. """"Buddy"""" Carter ",1672,1080,78,0,514
Camden,Tarboro,U.S. House,,Dem,Wade Herring,132,49,27,1,55
Camden,Waverly,U.S. House,,Dem,Wade Herring,268,111,52,0,105
Camden,Woodbine,U.S. House,,Dem,Wade Herring,373,203,61,0,109
Camden,Browntown,U.S. House,,Dem,Wade Herring,45,23,5,0,17
Camden,Harriets Bluff,U.S. House,,Dem,Wade Herring,215,131,13,0,71
Camden,West Kingsland,U.S. House,,Dem,Wade Herring,313,199,24,0,90
Camden,North Kingsland,U.S. House,,Dem,Wade Herring,504,299,61,0,144
Camden,Kingsland,U.S. House,,Dem,Wade Herring,318,178,19,0,121
Camden,East Kingsland,U.S. House,,Dem,Wade Herring,1140,783,97,0,260
Camden,North St. Marys,U.S. House,,Dem,Wade Herring,232,116,20,0,96
Camden,St. Marys ,U.S. House,,Dem,Wade Herring,554,316,54,0,184
Camden,South St. Marys,U.S. House,,Dem,Wade Herring,409,230,71,0,108
Camden,Mush Bluff,U.S. House,,Dem,Wade Herring,412,252,35,0,125
Camden,West St. Marys ,U.S. House,,Dem,Wade Herring,542,355,60,0,127
Camden,Tarboro,State Senate,,Rep,Mike Hodges,440,166,12,0,262
Camden,Waverly,State Senate,,Rep,Mike Hodges,901,409,34,1,457
Camden,Woodbine,State Senate,,Rep,Mike Hodges,795,372,26,0,397
Camden,Browntown,State Senate,,Rep,Mike Hodges,299,120,5,0,174
Camden,Harriets Bluff,State Senate,,Rep,Mike Hodges,966,464,27,0,475
Camden,West Kingsland,State Senate,,Rep,Mike Hodges,1135,657,29,0,449
Camden,North Kingsland,State Senate,,Rep,Mike Hodges,694,377,28,0,289
Camden,Kingsland,State Senate,,Rep,Mike Hodges,705,395,20,0,290
Camden,East Kingsland,State Senate,,Rep,Mike Hodges,2885,1812,96,2,975
Camden,North St. Marys,State Senate,,Rep,Mike Hodges,449,196,28,0,225
Camden,St. Marys ,State Senate,,Rep,Mike Hodges,1103,537,35,0,531
Camden,South St. Marys,State Senate,,Rep,Mike Hodges,979,539,53,0,387
Camden,Mush Bluff,State Senate,,Rep,Mike Hodges,1173,610,32,0,531
Camden,West St. Marys ,State Senate,,Rep,Mike Hodges,1865,1203,85,0,577
Camden,Tarboro,State House,,Rep,Steven Sainz ,443,167,12,0,264
Camden,Waverly,State House,,Rep,Steven Sainz ,897,406,32,1,458
Camden,Woodbine,State House,,Rep,Steven Sainz ,791,373,28,0,390
Camden,Browntown,State House,,Rep,Steven Sainz ,299,119,6,0,174
Camden,Harriets Bluff,State House,,Rep,Steven Sainz ,941,452,25,0,464
Camden,West Kingsland,State House,,Rep,Steven Sainz ,1123,653,29,0,441
Camden,North Kingsland,State House,,Rep,Steven Sainz ,700,380,29,0,291
Camden,Kingsland,State House,,Rep,Steven Sainz ,703,396,20,0,287
Camden,East Kingsland,State House,,Rep,Steven Sainz ,2865,1798,94,2,971
Camden,North St. Marys,State House,,Rep,Steven Sainz ,457,200,28,0,229
Camden,St. Marys ,State House,,Rep,Steven Sainz ,1092,532,33,0,527
Camden,South St. Marys,State House,,Rep,Steven Sainz ,981,543,53,0,385
Camden,Mush Bluff,State House,,Rep,Steven Sainz ,1170,609,33,0,528
Camden,West St. Marys ,State House,,Rep,Steven Sainz ,1861,1202,86,0,573
Camden,Harriets Bluff,Board of Commissioners D2,,Rep,Martin A. Turner,756,352,24,0,380
Camden,East Kingsland,Board of Commissioners D2,,Rep,Martin A. Turner,2029,1303,60,2,664
Camden,St. Marys ,Board of Commissioners D2,,Rep,Martin A. Turner,120,60,0,0,60
Camden,Mush Bluff,Board of Commissioners D2,,Rep,Martin A. Turner,137,70,6,0,61
Camden,St. Marys ,Board of Commissioners D4,,Rep,Jim Goodman,970,468,35,0,467
Camden,South St. Marys,Board of Commissioners D4,,Rep,Jim Goodman,623,342,42,0,239
Camden,West St. Marys ,Board of Commissioners D4,,Rep,Jim Goodman,1839,1192,83,0,564
Camden,West Kingsland,Mayor,,,"Grayson Day, Jr. ",402,241,11,0,150
Camden,North Kingsland,Mayor,,,"Grayson Day, Jr. ",598,333,20,0,245
Camden,Kingsland,Mayor,,,"Grayson Day, Jr. ",695,386,23,0,286
Camden,East Kingsland,Mayor,,,"Grayson Day, Jr. ",2904,1840,118,2,944
Camden,West Kingsland,Kingsland City Council P3,,,Kristy Chance Starke ,385,231,8,0,146
Camden,North Kingsland,Kingsland City Council P3,,,Kristy Chance Starke ,622,359,29,0,234
Camden,Kingsland,Kingsland City Council P3,,,Kristy Chance Starke ,698,391,24,0,283
Camden,East Kingsland,Kingsland City Council P3,,,Kristy Chance Starke ,2835,1788,118,2,927
Camden,West Kingsland,Kingsland City Council P4,,,"Alexander """"Alex"""" Blount ",286,175,3,0,108
Camden,North Kingsland,Kingsland City Council P4,,,"Alexander """"Alex"""" Blount ",405,225,5,0,175
Camden,Kingsland,Kingsland City Council P4,,,"Alexander """"Alex"""" Blount ",492,269,11,0,212
Camden,East Kingsland,Kingsland City Council P4,,,"Alexander """"Alex"""" Blount ",2198,1363,76,2,757
Camden,West Kingsland,Kingsland City Council P4,,,Angela Harris,130,80,7,0,43
Camden,North Kingsland,Kingsland City Council P4,,,Angela Harris,301,180,26,0,95
Camden,Kingsland,Kingsland City Council P4,,,Angela Harris,252,152,16,0,84
Camden,East Kingsland,Kingsland City Council P4,,,Angela Harris,825,566,53,0,206
Camden,North St. Marys,St. Marys City Council P1,,,"Artie Jones, Jr. ",447,215,24,0,208
Camden,St. Marys ,St. Marys City Council P1,,,"Artie Jones, Jr. ",1170,593,54,0,523
Camden,South St. Marys,St. Marys City Council P1,,,"Artie Jones, Jr. ",895,496,74,0,325
Camden,Mush Bluff,St. Marys City Council P1,,,"Artie Jones, Jr. ",866,448,29,0,389
Camden,West St. Marys ,St. Marys City Council P1,,,"Artie Jones, Jr. ",1809,1175,106,0,528
Camden,North St. Marys,St. Marys City Council P2,,,Steven Conner,232,112,18,0,102
Camden,St. Marys ,St. Marys City Council P2,,,Steven Conner,544,264,24,0,256
Camden,South St. Marys,St. Marys City Council P2,,,Steven Conner,466,259,40,0,167
Camden,Mush Bluff,St. Marys City Council P2,,,Steven Conner,418,226,14,0,178
Camden,West St. Marys ,St. Marys City Council P2,,,Steven Conner,901,579,41,0,281
Camden,North St. Marys,St. Marys City Council P2,,,Chad Ingram,175,81,7,0,87
Camden,St. Marys ,St. Marys City Council P2,,,Chad Ingram,463,232,27,0,204
Camden,South St. Marys,St. Marys City Council P2,,,Chad Ingram,377,219,23,0,135
Camden,Mush Bluff,St. Marys City Council P2,,,Chad Ingram,332,157,8,0,167
Camden,West St. Marys ,St. Marys City Council P2,,,Chad Ingram,695,449,34,0,212
Camden,North St. Marys,St. Marys City Council P2,,,Ken Jelley,56,26,3,0,27
Camden,St. Marys ,St. Marys City Council P2,,,Ken Jelley,175,103,5,0,67
Camden,South St. Marys,St. Marys City Council P2,,,Ken Jelley,115,63,12,0,40
Camden,Mush Bluff,St. Marys City Council P2,,,Ken Jelley,137,84,7,0,46
Camden,West St. Marys ,St. Marys City Council P2,,,Ken Jelley,311,217,27,0,67
Camden,North St. Marys,St. Marys City Council P3,,,Jay Moreno,161,79,7,0,75
Camden,St. Marys ,St. Marys City Council P3,,,Jay Moreno,515,245,22,0,248
Camden,South St. Marys,St. Marys City Council P3,,,Jay Moreno,263,140,22,0,101
Camden,Mush Bluff,St. Marys City Council P3,,,Jay Moreno,445,224,12,0,209
Camden,West St. Marys ,St. Marys City Council P3,,,Jay Moreno,600,354,30,0,216
Camden,North St. Marys,St. Marys City Council P3,,,Danny Riggins,300,142,22,0,136
Camden,St. Marys ,St. Marys City Council P3,,,Danny Riggins,695,372,34,0,289
Camden,South St. Marys,St. Marys City Council P3,,,Danny Riggins,707,408,56,0,243
Camden,Mush Bluff,St. Marys City Council P3,,,Danny Riggins,449,246,22,0,181
Camden,West St. Marys ,St. Marys City Council P3,,,Danny Riggins,1400,958,90,0,352
Camden,Tarboro,Constitutional Amendment #1,,,Yes,446,170,31,1,244
Camden,Waverly,Constitutional Amendment #1,,,Yes,927,418,79,1,429
Camden,Woodbine,Constitutional Amendment #1,,,Yes,877,433,68,0,376
Camden,Browntown,Constitutional Amendment #1,,,Yes,290,122,9,0,159
Camden,Harriets Bluff,Constitutional Amendment #1,,,Yes,946,471,28,0,447
Camden,West Kingsland,Constitutional Amendment #1,,,Yes,1106,655,43,0,408
Camden,North Kingsland,Constitutional Amendment #1,,,Yes,878,514,57,0,307
Camden,Kingsland,Constitutional Amendment #1,,,Yes,762,432,26,0,304
Camden,East Kingsland,Constitutional Amendment #1,,,Yes,3090,1968,139,2,981
Camden,North St. Marys,Constitutional Amendment #1,,,Yes,508,241,35,0,232
Camden,St. Marys ,Constitutional Amendment #1,,,Yes,1237,628,63,0,546
Camden,South St. Marys,Constitutional Amendment #1,,,Yes,1056,588,90,0,378
Camden,Mush Bluff,Constitutional Amendment #1,,,Yes,1255,686,53,0,516
Camden,West St. Marys ,Constitutional Amendment #1,,,Yes,1916,1247,118,0,551
Camden,Tarboro,Constitutional Amendment #1,,,No,88,34,1,0,53
Camden,Waverly,Constitutional Amendment #1,,,No,137,55,6,0,76
Camden,Woodbine,Constitutional Amendment #1,,,No,150,72,5,0,73
Camden,Browntown,Constitutional Amendment #1,,,No,36,15,2,0,19
Camden,Harriets Bluff,Constitutional Amendment #1,,,No,132,68,8,0,56
Camden,West Kingsland,Constitutional Amendment #1,,,No,159,92,2,0,65
Camden,North Kingsland,Constitutional Amendment #1,,,No,125,67,7,0,51
Camden,Kingsland,Constitutional Amendment #1,,,No,99,59,8,0,32
Camden,East Kingsland,Constitutional Amendment #1,,,No,367,249,15,0,103
Camden,North St. Marys,Constitutional Amendment #1,,,No,66,26,3,0,37
Camden,St. Marys ,Constitutional Amendment #1,,,No,164,89,8,0,67
Camden,South St. Marys,Constitutional Amendment #1,,,No,159,89,9,0,61
Camden,Mush Bluff,Constitutional Amendment #1,,,No,145,76,4,0,65
Camden,West St. Marys ,Constitutional Amendment #1,,,No,240,162,10,0,68
Camden,Tarboro,Constitutional Amendment #2,,,Yes,480,179,30,1,270
Camden,Waverly,Constitutional Amendment #2,,,Yes,976,445,79,1,451
Camden,Woodbine,Constitutional Amendment #2,,,Yes,937,464,72,0,401
Camden,Browntown,Constitutional Amendment #2,,,Yes,301,123,11,0,167
Camden,Harriets Bluff,Constitutional Amendment #2,,,Yes,966,483,29,0,454
Camden,West Kingsland,Constitutional Amendment #2,,,Yes,1149,676,43,0,430
Camden,North Kingsland,Constitutional Amendment #2,,,Yes,940,545,61,0,334
Camden,Kingsland,Constitutional Amendment #2,,,Yes,793,448,33,0,312
Camden,East Kingsland,Constitutional Amendment #2,,,Yes,3218,2065,151,2,1000
Camden,North St. Marys,Constitutional Amendment #2,,,Yes,532,256,36,0,240
Camden,St. Marys ,Constitutional Amendment #2,,,Yes,1291,661,63,0,567
Camden,South St. Marys,Constitutional Amendment #2,,,Yes,1142,626,98,0,418
Camden,Mush Bluff,Constitutional Amendment #2,,,Yes,1279,697,53,0,529
Camden,West St. Marys ,Constitutional Amendment #2,,,Yes,1987,1281,121,0,585
Camden,Tarboro,Constitutional Amendment #2,,,No,60,27,2,0,31
Camden,Waverly,Constitutional Amendment #2,,,No,98,33,5,0,60
Camden,Woodbine,Constitutional Amendment #2,,,No,96,41,4,0,51
Camden,Browntown,Constitutional Amendment #2,,,No,27,15,1,0,11
Camden,Harriets Bluff,Constitutional Amendment #2,,,No,118,58,7,0,53
Camden,West Kingsland,Constitutional Amendment #2,,,No,126,80,1,0,45
Camden,North Kingsland,Constitutional Amendment #2,,,No,86,46,4,0,36
Camden,Kingsland,Constitutional Amendment #2,,,No,70,41,1,0,28
Camden,East Kingsland,Constitutional Amendment #2,,,No,276,178,7,0,91
Camden,North St. Marys,Constitutional Amendment #2,,,No,50,17,3,0,30
Camden,St. Marys ,Constitutional Amendment #2,,,No,117,62,8,0,47
Camden,South St. Marys,Constitutional Amendment #2,,,No,84,55,2,0,27
Camden,Mush Bluff,Constitutional Amendment #2,,,No,129,68,4,0,57
Camden,West St. Marys ,Constitutional Amendment #2,,,No,193,135,10,0,48
Camden,Tarboro,Statewide Referendum A,,,Yes,306,99,23,1,183
Camden,Waverly,Statewide Referendum A,,,Yes,561,240,27,1,293
Camden,Woodbine,Statewide Referendum A,,,Yes,576,269,31,0,276
Camden,Browntown,Statewide Referendum A,,,Yes,200,76,3,0,121
Camden,Harriets Bluff,Statewide Referendum A,,,Yes,538,268,11,0,259
Camden,West Kingsland,Statewide Referendum A,,,Yes,682,421,17,0,244
Camden,North Kingsland,Statewide Referendum A,,,Yes,588,340,32,0,216
Camden,Kingsland,Statewide Referendum A,,,Yes,482,258,18,0,206
Camden,East Kingsland,Statewide Referendum A,,,Yes,1890,1172,65,2,651
Camden,North St. Marys,Statewide Referendum A,,,Yes,318,155,16,0,147
Camden,St. Marys ,Statewide Referendum A,,,Yes,760,377,31,0,352
Camden,South St. Marys,Statewide Referendum A,,,Yes,600,315,35,0,250
Camden,Mush Bluff,Statewide Referendum A,,,Yes,703,354,27,0,322
Camden,West St. Marys ,Statewide Referendum A,,,Yes,1058,660,52,0,346
Camden,Tarboro,Statewide Referendum A,,,No,230,103,13,0,114
Camden,Waverly,Statewide Referendum A,,,No,494,231,55,0,208
Camden,Woodbine,Statewide Referendum A,,,No,437,226,42,0,169
Camden,Browntown,Statewide Referendum A,,,No,123,59,8,0,56
Camden,Harriets Bluff,Statewide Referendum A,,,No,518,264,23,0,231
Camden,West Kingsland,Statewide Referendum A,,,No,568,324,24,0,220
Camden,North Kingsland,Statewide Referendum A,,,No,411,240,32,0,139
Camden,Kingsland,Statewide Referendum A,,,No,367,221,15,0,131
Camden,East Kingsland,Statewide Referendum A,,,No,1528,1023,84,0,421
Camden,North St. Marys,Statewide Referendum A,,,No,247,108,22,0,117
Camden,St. Marys ,Statewide Referendum A,,,No,611,332,39,0,240
Camden,South St. Marys,Statewide Referendum A,,,No,582,341,57,0,184
Camden,Mush Bluff,Statewide Referendum A,,,No,671,396,28,0,247
Camden,West St. Marys ,Statewide Referendum A,,,No,1058,712,80,0,266
Camden,Tarboro,Statewide Referendum B,,,Yes,413,151,24,1,237
Camden,Waverly,Statewide Referendum B,,,Yes,779,346,40,1,392
Camden,Woodbine,Statewide Referendum B,,,Yes,768,367,43,0,358
Camden,Browntown,Statewide Referendum B,,,Yes,260,100,8,0,152
Camden,Harriets Bluff,Statewide Referendum B,,,Yes,802,400,21,0,381
Camden,West Kingsland,Statewide Referendum B,,,Yes,983,573,29,0,381
Camden,North Kingsland,Statewide Referendum B,,,Yes,796,458,42,0,296
Camden,Kingsland,Statewide Referendum B,,,Yes,656,372,19,0,265
Camden,East Kingsland,Statewide Referendum B,,,Yes,2661,1693,101,1,866
Camden,North St. Marys,Statewide Referendum B,,,Yes,441,211,22,0,208
Camden,St. Marys ,Statewide Referendum B,,,Yes,1071,525,39,0,507
Camden,South St. Marys,Statewide Referendum B,,,Yes,882,480,58,0,344
Camden,Mush Bluff,Statewide Referendum B,,,Yes,1043,542,34,0,467
Camden,West St. Marys ,Statewide Referendum B,,,Yes,1575,1004,78,0,493
Camden,Tarboro,Statewide Referendum B,,,No,122,52,10,0,60
Camden,Waverly,Statewide Referendum B,,,No,281,130,41,0,110
Camden,Woodbine,Statewide Referendum B,,,No,241,123,30,0,88
Camden,Browntown,Statewide Referendum B,,,No,63,34,3,0,26
Camden,Harriets Bluff,Statewide Referendum B,,,No,263,136,13,0,114
Camden,West Kingsland,Statewide Referendum B,,,No,271,170,14,0,87
Camden,North Kingsland,Statewide Referendum B,,,No,208,124,22,0,62
Camden,Kingsland,Statewide Referendum B,,,No,197,112,14,0,71
Camden,East Kingsland,Statewide Referendum B,,,No,769,514,49,1,205
Camden,North St. Marys,Statewide Referendum B,,,No,124,54,15,0,55
Camden,St. Marys ,Statewide Referendum B,,,No,307,187,31,0,89
Camden,South St. Marys,Statewide Referendum B,,,No,305,180,32,0,93
Camden,Mush Bluff,Statewide Referendum B,,,No,342,213,22,0,107
Camden,West St. Marys ,Statewide Referendum B,,,No,545,375,49,0,121
Camden,North St. Marys,St. Marys Sunday Sales,,,Yes,320,156,19,0,145
Camden,St. Marys ,St. Marys Sunday Sales,,,Yes,871,449,36,0,386
Camden,South St. Marys,St. Marys Sunday Sales,,,Yes,702,385,55,0,262
Camden,Mush Bluff,St. Marys Sunday Sales,,,Yes,657,363,19,0,275
Camden,West St. Marys ,St. Marys Sunday Sales,,,Yes,1407,923,84,0,400
Camden,North St. Marys,St. Marys Sunday Sales,,,No,206,90,15,0,101
Camden,St. Marys ,St. Marys Sunday Sales,,,No,532,275,30,0,227
Camden,South St. Marys,St. Marys Sunday Sales,,,No,366,215,39,0,112
Camden,Mush Bluff,St. Marys Sunday Sales,,,No,366,181,18,0,167
Camden,West St. Marys ,St. Marys Sunday Sales,,,No,765,489,48,0,228
