county,precinct,office,district,party,candidate,votes,advance_voting_votes,absentee_by_mail_votes,provisional_votes,election_day_votes
Spalding,01,U.S. Senate,,Rep,Herschel Walker,62,25,2,0,35
Spalding,02,U.S. Senate,,Rep,Herschel Walker,62,32,6,0,24
Spalding,03,U.S. Senate,,Rep,Herschel Walker,1256,829,48,0,379
Spalding,05,U.S. Senate,,Rep,Herschel Walker,579,337,26,2,214
Spalding,06,U.S. Senate,,Rep,Herschel Walker,191,120,13,0,58
Spalding,07,U.S. Senate,,Rep,Herschel Walker,748,410,30,0,308
Spalding,08,U.S. Senate,,Rep,Herschel Walker,759,446,26,0,287
Spalding,09,U.S. Senate,,Rep,Herschel Walker,836,368,34,0,434
Spalding,10,U.S. Senate,,Rep,Herschel Walker,720,394,19,0,307
Spalding,11,U.S. Senate,,Rep,Herschel Walker,988,531,32,0,425
Spalding,12,U.S. Senate,,Rep,Herschel Walker,1007,464,39,0,504
Spalding,13,U.S. Senate,,Rep,Herschel Walker,1087,439,35,2,611
Spalding,14,U.S. Senate,,Rep,Herschel Walker,591,202,11,0,378
Spalding,16,U.S. Senate,,Rep,Herschel Walker,554,291,43,1,219
Spalding,17,U.S. Senate,,Rep,Herschel Walker,520,254,14,0,252
Spalding,19,U.S. Senate,,Rep,Herschel Walker,1029,524,48,0,457
Spalding,20,U.S. Senate,,Rep,Herschel Walker,987,466,22,1,498
Spalding,21,U.S. Senate,,Rep,Herschel Walker,1990,1382,120,0,488
Spalding,01,U.S. Senate,,Dem,Raphael Warnock ,551,235,65,1,250
Spalding,02,U.S. Senate,,Dem,Raphael Warnock ,614,305,76,0,233
Spalding,03,U.S. Senate,,Dem,Raphael Warnock ,502,305,59,0,138
Spalding,05,U.S. Senate,,Dem,Raphael Warnock ,969,552,76,1,340
Spalding,06,U.S. Senate,,Dem,Raphael Warnock ,664,362,83,1,218
Spalding,07,U.S. Senate,,Dem,Raphael Warnock ,306,163,30,0,113
Spalding,08,U.S. Senate,,Dem,Raphael Warnock ,318,159,28,1,130
Spalding,09,U.S. Senate,,Dem,Raphael Warnock ,156,86,10,0,60
Spalding,10,U.S. Senate,,Dem,Raphael Warnock ,441,269,19,1,152
Spalding,11,U.S. Senate,,Dem,Raphael Warnock ,536,344,33,1,158
Spalding,12,U.S. Senate,,Dem,Raphael Warnock ,228,130,30,0,68
Spalding,13,U.S. Senate,,Dem,Raphael Warnock ,225,115,25,0,85
Spalding,14,U.S. Senate,,Dem,Raphael Warnock ,280,119,22,0,139
Spalding,16,U.S. Senate,,Dem,Raphael Warnock ,1397,820,141,0,436
Spalding,17,U.S. Senate,,Dem,Raphael Warnock ,327,176,22,0,129
Spalding,19,U.S. Senate,,Dem,Raphael Warnock ,480,254,36,1,189
Spalding,20,U.S. Senate,,Dem,Raphael Warnock ,209,119,18,1,71
Spalding,21,U.S. Senate,,Dem,Raphael Warnock ,1558,1099,238,1,220
Spalding,01,U.S. Senate,,Lib,Chase Oliver,7,1,0,0,6
Spalding,02,U.S. Senate,,Lib,Chase Oliver,7,2,1,0,4
Spalding,03,U.S. Senate,,Lib,Chase Oliver,48,23,6,0,19
Spalding,05,U.S. Senate,,Lib,Chase Oliver,32,13,2,0,17
Spalding,06,U.S. Senate,,Lib,Chase Oliver,11,4,1,0,6
Spalding,07,U.S. Senate,,Lib,Chase Oliver,28,10,1,0,17
Spalding,08,U.S. Senate,,Lib,Chase Oliver,21,9,3,0,9
Spalding,09,U.S. Senate,,Lib,Chase Oliver,37,17,2,0,18
Spalding,10,U.S. Senate,,Lib,Chase Oliver,28,10,3,0,15
Spalding,11,U.S. Senate,,Lib,Chase Oliver,31,10,0,0,21
Spalding,12,U.S. Senate,,Lib,Chase Oliver,28,15,0,0,13
Spalding,13,U.S. Senate,,Lib,Chase Oliver,29,11,0,0,18
Spalding,14,U.S. Senate,,Lib,Chase Oliver,23,5,1,0,17
Spalding,16,U.S. Senate,,Lib,Chase Oliver,36,9,5,1,21
Spalding,17,U.S. Senate,,Lib,Chase Oliver,20,11,0,0,9
Spalding,19,U.S. Senate,,Lib,Chase Oliver,24,8,2,0,14
Spalding,20,U.S. Senate,,Lib,Chase Oliver,42,21,1,0,20
Spalding,21,U.S. Senate,,Lib,Chase Oliver,83,45,12,0,26
Spalding,01,Governor,,Rep,Brian Kemp ,64,27,3,0,34
Spalding,02,Governor,,Rep,Brian Kemp ,71,34,7,0,30
Spalding,03,Governor,,Rep,Brian Kemp ,1377,894,60,0,423
Spalding,05,Governor,,Rep,Brian Kemp ,643,371,35,2,235
Spalding,06,Governor,,Rep,Brian Kemp ,215,133,15,0,67
Spalding,07,Governor,,Rep,Brian Kemp ,808,440,31,0,337
Spalding,08,Governor,,Rep,Brian Kemp ,810,464,31,0,315
Spalding,09,Governor,,Rep,Brian Kemp ,897,395,35,0,467
Spalding,10,Governor,,Rep,Brian Kemp ,773,415,24,0,334
Spalding,11,Governor,,Rep,Brian Kemp ,1070,579,34,0,457
Spalding,12,Governor,,Rep,Brian Kemp ,1054,487,46,0,521
Spalding,13,Governor,,Rep,Brian Kemp ,1152,468,41,2,641
Spalding,14,Governor,,Rep,Brian Kemp ,630,218,16,0,396
Spalding,16,Governor,,Rep,Brian Kemp ,594,312,46,2,234
Spalding,17,Governor,,Rep,Brian Kemp ,562,273,16,0,273
Spalding,19,Governor,,Rep,Brian Kemp ,1079,543,54,0,482
Spalding,20,Governor,,Rep,Brian Kemp ,1054,500,26,1,527
Spalding,21,Governor,,Rep,Brian Kemp ,2237,1533,157,0,547
Spalding,01,Governor,,Dem,Stacey Abrams,560,237,64,1,258
Spalding,02,Governor,,Dem,Stacey Abrams,616,306,77,0,233
Spalding,03,Governor,,Dem,Stacey Abrams,423,263,52,0,108
Spalding,05,Governor,,Dem,Stacey Abrams,942,536,70,1,335
Spalding,06,Governor,,Dem,Stacey Abrams,649,355,81,1,212
Spalding,07,Governor,,Dem,Stacey Abrams,272,147,29,0,96
Spalding,08,Governor,,Dem,Stacey Abrams,290,152,27,1,110
Spalding,09,Governor,,Dem,Stacey Abrams,130,76,10,0,44
Spalding,10,Governor,,Dem,Stacey Abrams,410,254,17,1,138
Spalding,11,Governor,,Dem,Stacey Abrams,483,308,31,1,143
Spalding,12,Governor,,Dem,Stacey Abrams,201,119,24,0,58
Spalding,13,Governor,,Dem,Stacey Abrams,188,100,19,0,69
Spalding,14,Governor,,Dem,Stacey Abrams,258,108,18,0,132
Spalding,16,Governor,,Dem,Stacey Abrams,1387,808,141,0,438
Spalding,17,Governor,,Dem,Stacey Abrams,301,166,21,0,114
Spalding,19,Governor,,Dem,Stacey Abrams,453,242,33,1,177
Spalding,20,Governor,,Dem,Stacey Abrams,182,107,15,1,59
Spalding,21,Governor,,Dem,Stacey Abrams,1401,996,216,1,188
Spalding,01,Governor,,Lib,Shane Hazel,1,0,0,0,1
Spalding,02,Governor,,Lib,Shane Hazel,0,0,0,0,0
Spalding,03,Governor,,Lib,Shane Hazel,17,9,1,0,7
Spalding,05,Governor,,Lib,Shane Hazel,6,2,0,0,4
Spalding,06,Governor,,Lib,Shane Hazel,8,2,1,0,5
Spalding,07,Governor,,Lib,Shane Hazel,9,2,1,0,6
Spalding,08,Governor,,Lib,Shane Hazel,6,3,0,0,3
Spalding,09,Governor,,Lib,Shane Hazel,8,2,1,0,5
Spalding,10,Governor,,Lib,Shane Hazel,10,7,0,0,3
Spalding,11,Governor,,Lib,Shane Hazel,9,3,0,0,6
Spalding,12,Governor,,Lib,Shane Hazel,12,5,0,0,7
Spalding,13,Governor,,Lib,Shane Hazel,7,1,1,0,5
Spalding,14,Governor,,Lib,Shane Hazel,8,1,0,0,7
Spalding,16,Governor,,Lib,Shane Hazel,15,5,2,0,8
Spalding,17,Governor,,Lib,Shane Hazel,6,1,0,0,5
Spalding,19,Governor,,Lib,Shane Hazel,10,3,0,0,7
Spalding,20,Governor,,Lib,Shane Hazel,11,4,0,0,7
Spalding,21,Governor,,Lib,Shane Hazel,16,10,1,0,5
Spalding,01,Lieutenant Governor,,Rep,Burt Jones,68,31,1,0,36
Spalding,02,Lieutenant Governor,,Rep,Burt Jones,73,36,8,0,29
Spalding,03,Lieutenant Governor,,Rep,Burt Jones,1314,858,54,0,402
Spalding,05,Lieutenant Governor,,Rep,Burt Jones,614,357,31,2,224
Spalding,06,Lieutenant Governor,,Rep,Burt Jones,212,131,16,0,65
Spalding,07,Lieutenant Governor,,Rep,Burt Jones,782,424,30,0,328
Spalding,08,Lieutenant Governor,,Rep,Burt Jones,784,456,27,0,301
Spalding,09,Lieutenant Governor,,Rep,Burt Jones,860,376,35,0,449
Spalding,10,Lieutenant Governor,,Rep,Burt Jones,752,408,22,0,322
Spalding,11,Lieutenant Governor,,Rep,Burt Jones,1016,547,32,0,437
Spalding,12,Lieutenant Governor,,Rep,Burt Jones,1032,481,41,0,510
Spalding,13,Lieutenant Governor,,Rep,Burt Jones,1124,457,39,2,626
Spalding,14,Lieutenant Governor,,Rep,Burt Jones,600,207,14,0,379
Spalding,16,Lieutenant Governor,,Rep,Burt Jones,586,307,43,1,235
Spalding,17,Lieutenant Governor,,Rep,Burt Jones,543,265,14,0,264
Spalding,19,Lieutenant Governor,,Rep,Burt Jones,1050,527,55,0,468
Spalding,20,Lieutenant Governor,,Rep,Burt Jones,1028,487,24,1,516
Spalding,21,Lieutenant Governor,,Rep,Burt Jones,2114,1468,134,0,512
Spalding,01,Lieutenant Governor,,Dem,Charlie Bailey,523,216,64,1,242
Spalding,02,Lieutenant Governor,,Dem,Charlie Bailey,574,278,75,0,221
Spalding,03,Lieutenant Governor,,Dem,Charlie Bailey,434,264,54,0,116
Spalding,05,Lieutenant Governor,,Dem,Charlie Bailey,926,523,74,0,329
Spalding,06,Lieutenant Governor,,Dem,Charlie Bailey,620,341,79,1,199
Spalding,07,Lieutenant Governor,,Dem,Charlie Bailey,275,152,29,0,94
Spalding,08,Lieutenant Governor,,Dem,Charlie Bailey,302,156,29,1,116
Spalding,09,Lieutenant Governor,,Dem,Charlie Bailey,147,84,10,0,53
Spalding,10,Lieutenant Governor,,Dem,Charlie Bailey,397,245,18,1,133
Spalding,11,Lieutenant Governor,,Dem,Charlie Bailey,496,324,29,1,142
Spalding,12,Lieutenant Governor,,Dem,Charlie Bailey,209,117,28,0,64
Spalding,13,Lieutenant Governor,,Dem,Charlie Bailey,196,104,22,0,70
Spalding,14,Lieutenant Governor,,Dem,Charlie Bailey,259,110,19,0,130
Spalding,16,Lieutenant Governor,,Dem,Charlie Bailey,1332,778,137,0,417
Spalding,17,Lieutenant Governor,,Dem,Charlie Bailey,302,166,21,0,115
Spalding,19,Lieutenant Governor,,Dem,Charlie Bailey,442,239,29,1,173
Spalding,20,Lieutenant Governor,,Dem,Charlie Bailey,181,105,17,1,58
Spalding,21,Lieutenant Governor,,Dem,Charlie Bailey,1452,1022,225,1,204
Spalding,01,Lieutenant Governor,,Lib,Ryan Graham,12,5,1,0,6
Spalding,02,Lieutenant Governor,,Lib,Ryan Graham,10,5,0,0,5
Spalding,03,Lieutenant Governor,,Lib,Ryan Graham,48,30,3,0,15
Spalding,05,Lieutenant Governor,,Lib,Ryan Graham,32,16,0,1,15
Spalding,06,Lieutenant Governor,,Lib,Ryan Graham,20,9,0,0,11
Spalding,07,Lieutenant Governor,,Lib,Ryan Graham,26,10,1,0,15
Spalding,08,Lieutenant Governor,,Lib,Ryan Graham,15,4,3,0,8
Spalding,09,Lieutenant Governor,,Lib,Ryan Graham,22,8,1,0,13
Spalding,10,Lieutenant Governor,,Lib,Ryan Graham,22,10,1,0,11
Spalding,11,Lieutenant Governor,,Lib,Ryan Graham,29,9,2,0,18
Spalding,12,Lieutenant Governor,,Lib,Ryan Graham,24,14,0,0,10
Spalding,13,Lieutenant Governor,,Lib,Ryan Graham,17,2,0,0,15
Spalding,14,Lieutenant Governor,,Lib,Ryan Graham,27,6,0,0,21
Spalding,16,Lieutenant Governor,,Lib,Ryan Graham,43,14,9,1,19
Spalding,17,Lieutenant Governor,,Lib,Ryan Graham,15,6,0,0,9
Spalding,19,Lieutenant Governor,,Lib,Ryan Graham,36,16,1,0,19
Spalding,20,Lieutenant Governor,,Lib,Ryan Graham,26,10,0,0,16
Spalding,21,Lieutenant Governor,,Lib,Ryan Graham,52,30,7,0,15
Spalding,01,Secretary of State,,Rep,Brad Raffensperger ,80,37,7,0,36
Spalding,02,Secretary of State,,Rep,Brad Raffensperger ,96,51,10,0,35
Spalding,03,Secretary of State,,Rep,Brad Raffensperger ,1343,871,61,0,411
Spalding,05,Secretary of State,,Rep,Brad Raffensperger ,640,375,36,2,227
Spalding,06,Secretary of State,,Rep,Brad Raffensperger ,216,138,15,0,63
Spalding,07,Secretary of State,,Rep,Brad Raffensperger ,789,434,28,0,327
Spalding,08,Secretary of State,,Rep,Brad Raffensperger ,778,453,30,0,295
Spalding,09,Secretary of State,,Rep,Brad Raffensperger ,850,373,35,0,442
Spalding,10,Secretary of State,,Rep,Brad Raffensperger ,757,414,24,0,319
Spalding,11,Secretary of State,,Rep,Brad Raffensperger ,1025,563,34,0,428
Spalding,12,Secretary of State,,Rep,Brad Raffensperger ,1012,475,47,0,490
Spalding,13,Secretary of State,,Rep,Brad Raffensperger ,1098,443,40,2,613
Spalding,14,Secretary of State,,Rep,Brad Raffensperger ,601,209,15,0,377
Spalding,16,Secretary of State,,Rep,Brad Raffensperger ,598,317,49,1,231
Spalding,17,Secretary of State,,Rep,Brad Raffensperger ,541,264,13,0,264
Spalding,19,Secretary of State,,Rep,Brad Raffensperger ,1031,524,46,1,460
Spalding,20,Secretary of State,,Rep,Brad Raffensperger ,1007,481,24,0,502
Spalding,21,Secretary of State,,Rep,Brad Raffensperger ,2199,1526,163,0,510
Spalding,01,Secretary of State,,Dem,Bee Nguyen,510,212,59,1,238
Spalding,02,Secretary of State,,Dem,Bee Nguyen,551,267,73,0,211
Spalding,03,Secretary of State,,Dem,Bee Nguyen,392,242,46,0,104
Spalding,05,Secretary of State,,Dem,Bee Nguyen,900,508,67,0,325
Spalding,06,Secretary of State,,Dem,Bee Nguyen,616,337,79,1,199
Spalding,07,Secretary of State,,Dem,Bee Nguyen,260,140,30,0,90
Spalding,08,Secretary of State,,Dem,Bee Nguyen,289,149,27,1,112
Spalding,09,Secretary of State,,Dem,Bee Nguyen,134,78,10,0,46
Spalding,10,Secretary of State,,Dem,Bee Nguyen,392,238,17,1,136
Spalding,11,Secretary of State,,Dem,Bee Nguyen,468,296,30,1,141
Spalding,12,Secretary of State,,Dem,Bee Nguyen,207,119,23,0,65
Spalding,13,Secretary of State,,Dem,Bee Nguyen,190,105,20,0,65
Spalding,14,Secretary of State,,Dem,Bee Nguyen,258,109,18,0,131
Spalding,16,Secretary of State,,Dem,Bee Nguyen,1313,760,137,0,416
Spalding,17,Secretary of State,,Dem,Bee Nguyen,293,159,22,0,112
Spalding,19,Secretary of State,,Dem,Bee Nguyen,434,239,29,0,166
Spalding,20,Secretary of State,,Dem,Bee Nguyen,175,100,16,1,58
Spalding,21,Secretary of State,,Dem,Bee Nguyen,1336,946,199,1,190
Spalding,01,Secretary of State,,Lib,Ted Metz,15,7,0,0,8
Spalding,02,Secretary of State,,Lib,Ted Metz,13,4,0,0,9
Spalding,03,Secretary of State,,Lib,Ted Metz,69,41,6,0,22
Spalding,05,Secretary of State,,Lib,Ted Metz,35,16,2,1,16
Spalding,06,Secretary of State,,Lib,Ted Metz,23,9,2,0,12
Spalding,07,Secretary of State,,Lib,Ted Metz,33,13,2,0,18
Spalding,08,Secretary of State,,Lib,Ted Metz,37,17,1,0,19
Spalding,09,Secretary of State,,Lib,Ted Metz,38,16,1,0,21
Spalding,10,Secretary of State,,Lib,Ted Metz,25,12,0,0,13
Spalding,11,Secretary of State,,Lib,Ted Metz,50,17,0,0,33
Spalding,12,Secretary of State,,Lib,Ted Metz,34,14,0,0,20
Spalding,13,Secretary of State,,Lib,Ted Metz,43,15,0,0,28
Spalding,14,Secretary of State,,Lib,Ted Metz,23,5,0,0,18
Spalding,16,Secretary of State,,Lib,Ted Metz,49,20,3,1,25
Spalding,17,Secretary of State,,Lib,Ted Metz,28,14,1,0,13
Spalding,19,Secretary of State,,Lib,Ted Metz,53,16,9,0,28
Spalding,20,Secretary of State,,Lib,Ted Metz,49,20,1,1,27
Spalding,21,Secretary of State,,Lib,Ted Metz,83,46,7,0,30
Spalding,01,Attorney General,,Rep,Chris Carr ,64,32,2,0,30
Spalding,02,Attorney General,,Rep,Chris Carr ,77,36,8,0,33
Spalding,03,Attorney General,,Rep,Chris Carr ,1323,866,60,0,397
Spalding,05,Attorney General,,Rep,Chris Carr ,624,361,33,2,228
Spalding,06,Attorney General,,Rep,Chris Carr ,204,129,15,0,60
Spalding,07,Attorney General,,Rep,Chris Carr ,781,427,30,0,324
Spalding,08,Attorney General,,Rep,Chris Carr ,783,453,30,0,300
Spalding,09,Attorney General,,Rep,Chris Carr ,859,373,35,0,451
Spalding,10,Attorney General,,Rep,Chris Carr ,755,407,22,0,326
Spalding,11,Attorney General,,Rep,Chris Carr ,1025,549,32,0,444
Spalding,12,Attorney General,,Rep,Chris Carr ,1033,480,45,0,508
Spalding,13,Attorney General,,Rep,Chris Carr ,1122,455,38,2,627
Spalding,14,Attorney General,,Rep,Chris Carr ,601,205,14,0,382
Spalding,16,Attorney General,,Rep,Chris Carr ,578,305,46,2,225
Spalding,17,Attorney General,,Rep,Chris Carr ,550,267,14,0,269
Spalding,19,Attorney General,,Rep,Chris Carr ,1051,528,52,0,471
Spalding,20,Attorney General,,Rep,Chris Carr ,1030,487,25,1,517
Spalding,21,Attorney General,,Rep,Chris Carr ,2141,1481,148,0,512
Spalding,01,Attorney General,,Dem,"Jennifer """"Jen"""" Jordan",533,221,64,1,247
Spalding,02,Attorney General,,Dem,"Jennifer """"Jen"""" Jordan",584,290,75,0,219
Spalding,03,Attorney General,,Dem,"Jennifer """"Jen"""" Jordan",462,283,53,0,126
Spalding,05,Attorney General,,Dem,"Jennifer """"Jen"""" Jordan",934,531,72,1,330
Spalding,06,Attorney General,,Dem,"Jennifer """"Jen"""" Jordan",631,341,79,1,210
Spalding,07,Attorney General,,Dem,"Jennifer """"Jen"""" Jordan",288,152,29,0,107
Spalding,08,Attorney General,,Dem,"Jennifer """"Jen"""" Jordan",305,162,26,1,116
Spalding,09,Attorney General,,Dem,"Jennifer """"Jen"""" Jordan",150,86,9,0,55
Spalding,10,Attorney General,,Dem,"Jennifer """"Jen"""" Jordan",414,253,19,1,141
Spalding,11,Attorney General,,Dem,"Jennifer """"Jen"""" Jordan",500,320,32,1,147
Spalding,12,Attorney General,,Dem,"Jennifer """"Jen"""" Jordan",212,123,25,0,64
Spalding,13,Attorney General,,Dem,"Jennifer """"Jen"""" Jordan",204,103,22,0,79
Spalding,14,Attorney General,,Dem,"Jennifer """"Jen"""" Jordan",268,116,20,0,132
Spalding,16,Attorney General,,Dem,"Jennifer """"Jen"""" Jordan",1359,787,143,0,429
Spalding,17,Attorney General,,Dem,"Jennifer """"Jen"""" Jordan",304,169,22,0,113
Spalding,19,Attorney General,,Dem,"Jennifer """"Jen"""" Jordan",460,251,31,1,177
Spalding,20,Attorney General,,Dem,"Jennifer """"Jen"""" Jordan",187,110,16,1,60
Spalding,21,Attorney General,,Dem,"Jennifer """"Jen"""" Jordan",1450,1027,220,1,202
Spalding,01,Attorney General,,Lib,Martin Cowen,10,1,0,0,9
Spalding,02,Attorney General,,Lib,Martin Cowen,9,2,0,0,7
Spalding,03,Attorney General,,Lib,Martin Cowen,28,15,1,0,12
Spalding,05,Attorney General,,Lib,Martin Cowen,20,10,0,0,10
Spalding,06,Attorney General,,Lib,Martin Cowen,17,7,2,0,8
Spalding,07,Attorney General,,Lib,Martin Cowen,14,7,1,0,6
Spalding,08,Attorney General,,Lib,Martin Cowen,15,4,0,0,11
Spalding,09,Attorney General,,Lib,Martin Cowen,21,9,1,0,11
Spalding,10,Attorney General,,Lib,Martin Cowen,13,9,0,0,4
Spalding,11,Attorney General,,Lib,Martin Cowen,19,10,0,0,9
Spalding,12,Attorney General,,Lib,Martin Cowen,18,8,0,0,10
Spalding,13,Attorney General,,Lib,Martin Cowen,14,6,0,0,8
Spalding,14,Attorney General,,Lib,Martin Cowen,17,3,0,0,14
Spalding,16,Attorney General,,Lib,Martin Cowen,34,12,1,0,21
Spalding,17,Attorney General,,Lib,Martin Cowen,11,2,0,0,9
Spalding,19,Attorney General,,Lib,Martin Cowen,23,5,2,0,16
Spalding,20,Attorney General,,Lib,Martin Cowen,16,6,0,0,10
Spalding,21,Attorney General,,Lib,Martin Cowen,40,19,3,0,18
Spalding,01,Commissioner of Agriculture,,Rep,Tyler Harper,72,32,4,0,36
Spalding,02,Commissioner of Agriculture,,Rep,Tyler Harper,77,39,8,0,30
Spalding,03,Commissioner of Agriculture,,Rep,Tyler Harper,1371,898,61,0,412
Spalding,05,Commissioner of Agriculture,,Rep,Tyler Harper,633,366,36,2,229
Spalding,06,Commissioner of Agriculture,,Rep,Tyler Harper,209,129,17,0,63
Spalding,07,Commissioner of Agriculture,,Rep,Tyler Harper,796,433,31,0,332
Spalding,08,Commissioner of Agriculture,,Rep,Tyler Harper,802,468,31,0,303
Spalding,09,Commissioner of Agriculture,,Rep,Tyler Harper,870,379,35,0,456
Spalding,10,Commissioner of Agriculture,,Rep,Tyler Harper,754,406,24,0,324
Spalding,11,Commissioner of Agriculture,,Rep,Tyler Harper,1038,559,33,0,446
Spalding,12,Commissioner of Agriculture,,Rep,Tyler Harper,1037,478,46,0,513
Spalding,13,Commissioner of Agriculture,,Rep,Tyler Harper,1141,465,40,2,634
Spalding,14,Commissioner of Agriculture,,Rep,Tyler Harper,611,211,16,0,384
Spalding,16,Commissioner of Agriculture,,Rep,Tyler Harper,594,314,46,1,233
Spalding,17,Commissioner of Agriculture,,Rep,Tyler Harper,559,277,15,0,267
Spalding,19,Commissioner of Agriculture,,Rep,Tyler Harper,1065,538,54,0,473
Spalding,20,Commissioner of Agriculture,,Rep,Tyler Harper,1047,497,27,1,522
Spalding,21,Commissioner of Agriculture,,Rep,Tyler Harper,2228,1551,154,0,523
Spalding,01,Commissioner of Agriculture,,Dem,Nakita Hemingway,528,218,61,1,248
Spalding,02,Commissioner of Agriculture,,Dem,Nakita Hemingway,573,282,75,0,216
Spalding,03,Commissioner of Agriculture,,Dem,Nakita Hemingway,384,231,47,0,106
Spalding,05,Commissioner of Agriculture,,Dem,Nakita Hemingway,912,517,69,1,325
Spalding,06,Commissioner of Agriculture,,Dem,Nakita Hemingway,617,335,77,1,204
Spalding,07,Commissioner of Agriculture,,Dem,Nakita Hemingway,257,143,27,0,87
Spalding,08,Commissioner of Agriculture,,Dem,Nakita Hemingway,282,142,27,1,112
Spalding,09,Commissioner of Agriculture,,Dem,Nakita Hemingway,137,82,10,0,45
Spalding,10,Commissioner of Agriculture,,Dem,Nakita Hemingway,403,246,17,1,139
Spalding,11,Commissioner of Agriculture,,Dem,Nakita Hemingway,475,307,30,1,137
Spalding,12,Commissioner of Agriculture,,Dem,Nakita Hemingway,196,120,21,0,55
Spalding,13,Commissioner of Agriculture,,Dem,Nakita Hemingway,183,97,18,0,68
Spalding,14,Commissioner of Agriculture,,Dem,Nakita Hemingway,251,107,18,0,126
Spalding,16,Commissioner of Agriculture,,Dem,Nakita Hemingway,1318,766,136,0,416
Spalding,17,Commissioner of Agriculture,,Dem,Nakita Hemingway,287,157,20,0,110
Spalding,19,Commissioner of Agriculture,,Dem,Nakita Hemingway,440,236,30,1,173
Spalding,20,Commissioner of Agriculture,,Dem,Nakita Hemingway,167,100,14,1,52
Spalding,21,Commissioner of Agriculture,,Dem,Nakita Hemingway,1335,940,206,1,188
Spalding,01,Commissioner of Agriculture,,Lib,David Raudabaugh,4,2,0,0,2
Spalding,02,Commissioner of Agriculture,,Lib,David Raudabaugh,16,6,0,0,10
Spalding,03,Commissioner of Agriculture,,Lib,David Raudabaugh,45,28,4,0,13
Spalding,05,Commissioner of Agriculture,,Lib,David Raudabaugh,32,20,0,0,12
Spalding,06,Commissioner of Agriculture,,Lib,David Raudabaugh,21,11,1,0,9
Spalding,07,Commissioner of Agriculture,,Lib,David Raudabaugh,25,8,1,0,16
Spalding,08,Commissioner of Agriculture,,Lib,David Raudabaugh,21,8,0,0,13
Spalding,09,Commissioner of Agriculture,,Lib,David Raudabaugh,21,6,1,0,14
Spalding,10,Commissioner of Agriculture,,Lib,David Raudabaugh,15,11,0,0,4
Spalding,11,Commissioner of Agriculture,,Lib,David Raudabaugh,34,14,1,0,19
Spalding,12,Commissioner of Agriculture,,Lib,David Raudabaugh,27,13,1,0,13
Spalding,13,Commissioner of Agriculture,,Lib,David Raudabaugh,14,2,1,0,11
Spalding,14,Commissioner of Agriculture,,Lib,David Raudabaugh,24,6,0,0,18
Spalding,16,Commissioner of Agriculture,,Lib,David Raudabaugh,45,18,4,0,23
Spalding,17,Commissioner of Agriculture,,Lib,David Raudabaugh,19,5,1,0,13
Spalding,19,Commissioner of Agriculture,,Lib,David Raudabaugh,27,9,1,0,17
Spalding,20,Commissioner of Agriculture,,Lib,David Raudabaugh,24,10,0,0,14
Spalding,21,Commissioner of Agriculture,,Lib,David Raudabaugh,49,26,5,0,18
Spalding,01,Commissioner of Insurance,,Rep,John King ,72,31,4,0,37
Spalding,02,Commissioner of Insurance,,Rep,John King ,78,39,7,0,32
Spalding,03,Commissioner of Insurance,,Rep,John King ,1388,903,63,0,422
Spalding,05,Commissioner of Insurance,,Rep,John King ,632,367,33,2,230
Spalding,06,Commissioner of Insurance,,Rep,John King ,207,128,14,0,65
Spalding,07,Commissioner of Insurance,,Rep,John King ,810,436,30,0,344
Spalding,08,Commissioner of Insurance,,Rep,John King ,806,465,31,0,310
Spalding,09,Commissioner of Insurance,,Rep,John King ,881,384,35,0,462
Spalding,10,Commissioner of Insurance,,Rep,John King ,767,415,22,0,330
Spalding,11,Commissioner of Insurance,,Rep,John King ,1044,562,33,0,449
Spalding,12,Commissioner of Insurance,,Rep,John King ,1054,493,44,0,517
Spalding,13,Commissioner of Insurance,,Rep,John King ,1144,461,39,2,642
Spalding,14,Commissioner of Insurance,,Rep,John King ,612,211,15,0,386
Spalding,16,Commissioner of Insurance,,Rep,John King ,608,320,46,2,240
Spalding,17,Commissioner of Insurance,,Rep,John King ,556,272,15,0,269
Spalding,19,Commissioner of Insurance,,Rep,John King ,1081,539,54,0,488
Spalding,20,Commissioner of Insurance,,Rep,John King ,1050,494,26,1,529
Spalding,21,Commissioner of Insurance,,Rep,John King ,2189,1513,151,0,525
Spalding,01,Commissioner of Insurance,,Dem,Janice Laws Robinson,533,223,61,1,248
Spalding,02,Commissioner of Insurance,,Dem,Janice Laws Robinson,588,289,76,0,223
Spalding,03,Commissioner of Insurance,,Dem,Janice Laws Robinson,412,255,51,0,106
Spalding,05,Commissioner of Insurance,,Dem,Janice Laws Robinson,942,535,71,1,335
Spalding,06,Commissioner of Insurance,,Dem,Janice Laws Robinson,642,347,82,1,212
Spalding,07,Commissioner of Insurance,,Dem,Janice Laws Robinson,267,149,28,0,90
Spalding,08,Commissioner of Insurance,,Dem,Janice Laws Robinson,295,150,27,1,117
Spalding,09,Commissioner of Insurance,,Dem,Janice Laws Robinson,145,84,11,0,50
Spalding,10,Commissioner of Insurance,,Dem,Janice Laws Robinson,404,249,18,1,136
Spalding,11,Commissioner of Insurance,,Dem,Janice Laws Robinson,497,315,31,1,150
Spalding,12,Commissioner of Insurance,,Dem,Janice Laws Robinson,208,118,25,0,65
Spalding,13,Commissioner of Insurance,,Dem,Janice Laws Robinson,190,101,20,0,69
Spalding,14,Commissioner of Insurance,,Dem,Janice Laws Robinson,272,114,18,0,140
Spalding,16,Commissioner of Insurance,,Dem,Janice Laws Robinson,1351,776,144,0,431
Spalding,17,Commissioner of Insurance,,Dem,Janice Laws Robinson,305,165,22,0,118
Spalding,19,Commissioner of Insurance,,Dem,Janice Laws Robinson,442,239,31,1,171
Spalding,20,Commissioner of Insurance,,Dem,Janice Laws Robinson,180,108,15,1,56
Spalding,21,Commissioner of Insurance,,Dem,Janice Laws Robinson,1414,995,217,1,201
Spalding,01,State School Superintendent,,Rep,Richard Woods ,68,32,2,0,34
Spalding,02,State School Superintendent,,Rep,Richard Woods ,74,39,8,0,27
Spalding,03,State School Superintendent,,Rep,Richard Woods ,1367,893,59,0,415
Spalding,05,State School Superintendent,,Rep,Richard Woods ,642,375,32,2,233
Spalding,06,State School Superintendent,,Rep,Richard Woods ,208,128,14,0,66
Spalding,07,State School Superintendent,,Rep,Richard Woods ,817,442,32,0,343
Spalding,08,State School Superintendent,,Rep,Richard Woods ,806,470,30,0,306
Spalding,09,State School Superintendent,,Rep,Richard Woods ,881,384,35,0,462
Spalding,10,State School Superintendent,,Rep,Richard Woods ,762,414,21,0,327
Spalding,11,State School Superintendent,,Rep,Richard Woods ,1059,570,33,0,456
Spalding,12,State School Superintendent,,Rep,Richard Woods ,1050,491,43,0,516
Spalding,13,State School Superintendent,,Rep,Richard Woods ,1137,461,37,2,637
Spalding,14,State School Superintendent,,Rep,Richard Woods ,611,206,15,0,390
Spalding,16,State School Superintendent,,Rep,Richard Woods ,604,314,46,2,242
Spalding,17,State School Superintendent,,Rep,Richard Woods ,554,269,14,0,271
Spalding,19,State School Superintendent,,Rep,Richard Woods ,1077,538,55,0,484
Spalding,20,State School Superintendent,,Rep,Richard Woods ,1048,500,27,1,520
Spalding,21,State School Superintendent,,Rep,Richard Woods ,2200,1514,152,0,534
Spalding,01,State School Superintendent,,Dem,Alisha Thomas Searcy,534,220,64,1,249
Spalding,02,State School Superintendent,,Dem,Alisha Thomas Searcy,592,289,74,0,229
Spalding,03,State School Superintendent,,Dem,Alisha Thomas Searcy,434,262,54,0,118
Spalding,05,State School Superintendent,,Dem,Alisha Thomas Searcy,936,527,73,1,335
Spalding,06,State School Superintendent,,Dem,Alisha Thomas Searcy,640,345,82,1,212
Spalding,07,State School Superintendent,,Dem,Alisha Thomas Searcy,263,144,26,0,93
Spalding,08,State School Superintendent,,Dem,Alisha Thomas Searcy,298,147,29,1,121
Spalding,09,State School Superintendent,,Dem,Alisha Thomas Searcy,143,83,10,0,50
Spalding,10,State School Superintendent,,Dem,Alisha Thomas Searcy,412,250,19,1,142
Spalding,11,State School Superintendent,,Dem,Alisha Thomas Searcy,486,310,31,1,144
Spalding,12,State School Superintendent,,Dem,Alisha Thomas Searcy,210,120,26,0,64
Spalding,13,State School Superintendent,,Dem,Alisha Thomas Searcy,194,100,22,0,72
Spalding,14,State School Superintendent,,Dem,Alisha Thomas Searcy,274,120,18,0,136
Spalding,16,State School Superintendent,,Dem,Alisha Thomas Searcy,1353,781,141,0,431
Spalding,17,State School Superintendent,,Dem,Alisha Thomas Searcy,305,166,22,0,117
Spalding,19,State School Superintendent,,Dem,Alisha Thomas Searcy,448,241,30,1,176
Spalding,20,State School Superintendent,,Dem,Alisha Thomas Searcy,187,102,14,1,70
Spalding,21,State School Superintendent,,Dem,Alisha Thomas Searcy,1405,998,212,1,194
Spalding,01,Commissioner of Labor,,Rep,Bruce Thompson,64,29,2,0,33
Spalding,02,Commissioner of Labor,,Rep,Bruce Thompson,79,37,8,0,34
Spalding,03,Commissioner of Labor,,Rep,Bruce Thompson,1334,870,60,0,404
Spalding,05,Commissioner of Labor,,Rep,Bruce Thompson,629,361,32,2,234
Spalding,06,Commissioner of Labor,,Rep,Bruce Thompson,200,128,14,0,58
Spalding,07,Commissioner of Labor,,Rep,Bruce Thompson,790,429,30,0,331
Spalding,08,Commissioner of Labor,,Rep,Bruce Thompson,785,459,30,0,296
Spalding,09,Commissioner of Labor,,Rep,Bruce Thompson,859,378,35,0,446
Spalding,10,Commissioner of Labor,,Rep,Bruce Thompson,751,408,22,0,321
Spalding,11,Commissioner of Labor,,Rep,Bruce Thompson,1025,553,33,0,439
Spalding,12,Commissioner of Labor,,Rep,Bruce Thompson,1034,481,43,0,510
Spalding,13,Commissioner of Labor,,Rep,Bruce Thompson,1126,456,36,2,632
Spalding,14,Commissioner of Labor,,Rep,Bruce Thompson,601,206,14,0,381
Spalding,16,Commissioner of Labor,,Rep,Bruce Thompson,582,306,45,1,230
Spalding,17,Commissioner of Labor,,Rep,Bruce Thompson,547,267,15,0,265
Spalding,19,Commissioner of Labor,,Rep,Bruce Thompson,1058,534,53,1,470
Spalding,20,Commissioner of Labor,,Rep,Bruce Thompson,1029,489,27,1,512
Spalding,21,Commissioner of Labor,,Rep,Bruce Thompson,2153,1486,145,0,522
Spalding,01,Commissioner of Labor,,Dem,"William """"Will"""" Boddie, Jr",527,222,62,1,242
Spalding,02,Commissioner of Labor,,Dem,"William """"Will"""" Boddie, Jr",572,280,75,0,217
Spalding,03,Commissioner of Labor,,Dem,"William """"Will"""" Boddie, Jr",415,263,49,0,103
Spalding,05,Commissioner of Labor,,Dem,"William """"Will"""" Boddie, Jr",918,527,73,0,318
Spalding,06,Commissioner of Labor,,Dem,"William """"Will"""" Boddie, Jr",620,336,79,1,204
Spalding,07,Commissioner of Labor,,Dem,"William """"Will"""" Boddie, Jr",261,143,29,0,89
Spalding,08,Commissioner of Labor,,Dem,"William """"Will"""" Boddie, Jr",292,146,29,1,116
Spalding,09,Commissioner of Labor,,Dem,"William """"Will"""" Boddie, Jr",138,78,10,0,50
Spalding,10,Commissioner of Labor,,Dem,"William """"Will"""" Boddie, Jr",400,246,18,1,135
Spalding,11,Commissioner of Labor,,Dem,"William """"Will"""" Boddie, Jr",479,308,31,1,139
Spalding,12,Commissioner of Labor,,Dem,"William """"Will"""" Boddie, Jr",198,115,25,0,58
Spalding,13,Commissioner of Labor,,Dem,"William """"Will"""" Boddie, Jr",189,101,23,0,65
Spalding,14,Commissioner of Labor,,Dem,"William """"Will"""" Boddie, Jr",266,115,19,0,132
Spalding,16,Commissioner of Labor,,Dem,"William """"Will"""" Boddie, Jr",1326,772,141,0,413
Spalding,17,Commissioner of Labor,,Dem,"William """"Will"""" Boddie, Jr",294,160,21,0,113
Spalding,19,Commissioner of Labor,,Dem,"William """"Will"""" Boddie, Jr",437,236,29,0,172
Spalding,20,Commissioner of Labor,,Dem,"William """"Will"""" Boddie, Jr",180,104,14,1,61
Spalding,21,Commissioner of Labor,,Dem,"William """"Will"""" Boddie, Jr",1381,981,212,1,187
Spalding,01,Commissioner of Labor,,Lib,Emily Anderson,14,3,2,0,9
Spalding,02,Commissioner of Labor,,Lib,Emily Anderson,17,10,0,0,7
Spalding,03,Commissioner of Labor,,Lib,Emily Anderson,50,25,3,0,22
Spalding,05,Commissioner of Labor,,Lib,Emily Anderson,31,14,0,1,16
Spalding,06,Commissioner of Labor,,Lib,Emily Anderson,31,13,3,0,15
Spalding,07,Commissioner of Labor,,Lib,Emily Anderson,31,13,1,0,17
Spalding,08,Commissioner of Labor,,Lib,Emily Anderson,23,11,0,0,12
Spalding,09,Commissioner of Labor,,Lib,Emily Anderson,30,13,1,0,16
Spalding,10,Commissioner of Labor,,Lib,Emily Anderson,26,15,0,0,11
Spalding,11,Commissioner of Labor,,Lib,Emily Anderson,38,17,0,0,21
Spalding,12,Commissioner of Labor,,Lib,Emily Anderson,30,14,1,0,15
Spalding,13,Commissioner of Labor,,Lib,Emily Anderson,22,7,0,0,15
Spalding,14,Commissioner of Labor,,Lib,Emily Anderson,21,3,0,0,18
Spalding,16,Commissioner of Labor,,Lib,Emily Anderson,50,16,3,1,30
Spalding,17,Commissioner of Labor,,Lib,Emily Anderson,19,8,0,0,11
Spalding,19,Commissioner of Labor,,Lib,Emily Anderson,37,13,3,0,21
Spalding,20,Commissioner of Labor,,Lib,Emily Anderson,28,11,0,0,17
Spalding,21,Commissioner of Labor,,Lib,Emily Anderson,65,38,6,0,21
Spalding,01,U.S. House,,Rep,Drew Ferguson ,79,34,5,0,40
Spalding,02,U.S. House,,Rep,Drew Ferguson ,79,39,8,0,32
Spalding,03,U.S. House,,Rep,Drew Ferguson ,1376,902,58,0,416
Spalding,05,U.S. House,,Rep,Drew Ferguson ,642,371,30,2,239
Spalding,06,U.S. House,,Rep,Drew Ferguson ,215,131,15,0,69
Spalding,07,U.S. House,,Rep,Drew Ferguson ,811,439,32,0,340
Spalding,08,U.S. House,,Rep,Drew Ferguson ,807,466,31,0,310
Spalding,09,U.S. House,,Rep,Drew Ferguson ,883,387,35,0,461
Spalding,10,U.S. House,,Rep,Drew Ferguson ,767,417,21,0,329
Spalding,11,U.S. House,,Rep,Drew Ferguson ,1052,563,33,0,456
Spalding,12,U.S. House,,Rep,Drew Ferguson ,1054,491,43,0,520
Spalding,13,U.S. House,,Rep,Drew Ferguson ,1144,462,39,2,641
Spalding,14,U.S. House,,Rep,Drew Ferguson ,625,213,16,0,396
Spalding,16,U.S. House,,Rep,Drew Ferguson ,610,318,46,1,245
Spalding,17,U.S. House,,Rep,Drew Ferguson ,562,275,15,0,272
Spalding,19,U.S. House,,Rep,Drew Ferguson ,1090,544,55,0,491
Spalding,20,U.S. House,,Rep,Drew Ferguson ,1057,499,25,1,532
Spalding,21,U.S. House,,Rep,Drew Ferguson ,2196,1512,150,0,534
Spalding,01,U.S. House,,Dem,Val Almonord,525,218,61,1,245
Spalding,02,U.S. House,,Dem,Val Almonord,584,285,74,0,225
Spalding,03,U.S. House,,Dem,Val Almonord,421,255,54,0,112
Spalding,05,U.S. House,,Dem,Val Almonord,933,533,73,1,326
Spalding,06,U.S. House,,Dem,Val Almonord,635,347,80,1,207
Spalding,07,U.S. House,,Dem,Val Almonord,268,147,27,0,94
Spalding,08,U.S. House,,Dem,Val Almonord,295,150,27,1,117
Spalding,09,U.S. House,,Dem,Val Almonord,144,82,11,0,51
Spalding,10,U.S. House,,Dem,Val Almonord,408,250,19,1,138
Spalding,11,U.S. House,,Dem,Val Almonord,495,319,31,1,144
Spalding,12,U.S. House,,Dem,Val Almonord,206,119,27,0,60
Spalding,13,U.S. House,,Dem,Val Almonord,192,101,22,0,69
Spalding,14,U.S. House,,Dem,Val Almonord,258,111,17,0,130
Spalding,16,U.S. House,,Dem,Val Almonord,1343,777,139,0,427
Spalding,17,U.S. House,,Dem,Val Almonord,298,161,22,0,115
Spalding,19,U.S. House,,Dem,Val Almonord,442,240,30,1,171
Spalding,20,U.S. House,,Dem,Val Almonord,179,104,16,1,58
Spalding,21,U.S. House,,Dem,Val Almonord,1416,1006,219,1,190
Spalding,01,State Senate,,Rep,Marty Harbin ,79,35,3,0,41
Spalding,02,State Senate,,Rep,Marty Harbin ,80,39,9,0,32
Spalding,03,State Senate,,Rep,Marty Harbin ,1374,897,61,0,416
Spalding,05,State Senate,,Rep,Marty Harbin ,643,370,31,2,240
Spalding,06,State Senate,,Rep,Marty Harbin ,214,131,15,0,68
Spalding,07,State Senate,,Rep,Marty Harbin ,819,441,30,0,348
Spalding,08,State Senate,,Rep,Marty Harbin ,807,466,30,0,311
Spalding,09,State Senate,,Rep,Marty Harbin ,882,387,35,0,460
Spalding,10,State Senate,,Rep,Marty Harbin ,768,418,22,0,328
Spalding,11,State Senate,,Rep,Marty Harbin ,1059,569,33,0,457
Spalding,12,State Senate,,Rep,Marty Harbin ,1061,492,47,0,522
Spalding,13,State Senate,,Rep,Marty Harbin ,1144,461,40,2,641
Spalding,14,State Senate,,Rep,Marty Harbin ,627,217,15,0,395
Spalding,16,State Senate,,Rep,Marty Harbin ,617,322,44,1,250
Spalding,17,State Senate,,Rep,Marty Harbin ,561,275,14,0,272
Spalding,19,State Senate,,Rep,Marty Harbin ,1090,542,55,1,492
Spalding,20,State Senate,,Rep,Marty Harbin ,1055,498,26,1,530
Spalding,21,State Senate,,Rep,Marty Harbin ,2210,1524,155,0,531
Spalding,01,State Senate,,Dem,Pingke Dubignon,522,218,62,1,241
Spalding,02,State Senate,,Dem,Pingke Dubignon,577,283,71,0,223
Spalding,03,State Senate,,Dem,Pingke Dubignon,411,250,50,0,111
Spalding,05,State Senate,,Dem,Pingke Dubignon,928,531,72,1,324
Spalding,06,State Senate,,Dem,Pingke Dubignon,627,341,80,1,205
Spalding,07,State Senate,,Dem,Pingke Dubignon,257,144,28,0,85
Spalding,08,State Senate,,Dem,Pingke Dubignon,291,148,27,1,115
Spalding,09,State Senate,,Dem,Pingke Dubignon,144,83,11,0,50
Spalding,10,State Senate,,Dem,Pingke Dubignon,402,245,18,1,138
Spalding,11,State Senate,,Dem,Pingke Dubignon,477,308,29,1,139
Spalding,12,State Senate,,Dem,Pingke Dubignon,195,114,22,0,59
Spalding,13,State Senate,,Dem,Pingke Dubignon,190,100,20,0,70
Spalding,14,State Senate,,Dem,Pingke Dubignon,255,106,18,0,131
Spalding,16,State Senate,,Dem,Pingke Dubignon,1327,767,138,0,422
Spalding,17,State Senate,,Dem,Pingke Dubignon,295,161,20,0,114
Spalding,19,State Senate,,Dem,Pingke Dubignon,435,237,30,0,168
Spalding,20,State Senate,,Dem,Pingke Dubignon,177,104,15,1,57
Spalding,21,State Senate,,Dem,Pingke Dubignon,1381,980,207,1,193
Spalding,05,State House,,Rep,Karen Mathiak ,251,169,10,0,72
Spalding,10,State House,,Rep,Karen Mathiak ,54,24,5,0,25
Spalding,12,State House,,Rep,Karen Mathiak ,1054,490,45,0,519
Spalding,13,State House,,Rep,Karen Mathiak ,1144,461,40,0,643
Spalding,14,State House,,Rep,Karen Mathiak ,629,217,15,0,397
Spalding,16,State House,,Rep,Karen Mathiak ,304,160,33,0,111
Spalding,19,State House,,Rep,Karen Mathiak ,1074,538,53,1,482
Spalding,05,State House,,Dem,William Harris,197,122,22,0,53
Spalding,10,State House,,Dem,William Harris,34,17,4,0,13
Spalding,12,State House,,Dem,William Harris,204,118,24,0,62
Spalding,13,State House,,Dem,William Harris,193,106,20,0,67
Spalding,14,State House,,Dem,William Harris,255,108,17,0,130
Spalding,16,State House,,Dem,William Harris,465,285,26,0,154
Spalding,19,State House,,Dem,William Harris,450,246,29,0,175
Spalding,21,State House,,Rep,Lauren Daniel,2173,1504,145,0,524
Spalding,21,State House,,Dem,Demetrius Rucker,1432,1007,219,0,206
Spalding,01,State House,,Rep,David Knight ,76,34,3,0,39
Spalding,02,State House,,Rep,David Knight ,70,36,6,0,28
Spalding,03,State House,,Rep,David Knight ,1369,889,63,0,417
Spalding,05,State House,,Rep,David Knight ,388,203,22,1,162
Spalding,06,State House,,Rep,David Knight ,214,130,14,0,70
Spalding,07,State House,,Rep,David Knight ,818,445,31,0,342
Spalding,08,State House,,Rep,David Knight ,803,462,30,0,311
Spalding,09,State House,,Rep,David Knight ,882,387,33,0,462
Spalding,10,State House,,Rep,David Knight ,713,392,16,0,305
Spalding,11,State House,,Rep,David Knight ,1056,565,33,0,458
Spalding,16,State House,,Rep,David Knight ,304,158,16,0,130
Spalding,17,State House,,Rep,David Knight ,559,274,15,0,270
Spalding,20,State House,,Rep,David Knight ,1051,496,27,1,527
Spalding,01,State House,,Dem,Anthony Dickson,535,224,63,0,248
Spalding,02,State House,,Dem,Anthony Dickson,598,290,77,0,231
Spalding,03,State House,,Dem,Anthony Dickson,423,261,50,0,112
Spalding,05,State House,,Dem,Anthony Dickson,744,411,51,1,281
Spalding,06,State House,,Dem,Anthony Dickson,637,345,80,1,211
Spalding,07,State House,,Dem,Anthony Dickson,262,143,28,0,91
Spalding,08,State House,,Dem,Anthony Dickson,301,155,27,1,118
Spalding,09,State House,,Dem,Anthony Dickson,144,84,11,0,49
Spalding,10,State House,,Dem,Anthony Dickson,379,235,15,1,128
Spalding,11,State House,,Dem,Anthony Dickson,493,317,31,0,145
Spalding,16,State House,,Dem,Anthony Dickson,891,502,110,0,279
Spalding,17,State House,,Dem,Anthony Dickson,302,164,21,0,117
Spalding,20,State House,,Dem,Anthony Dickson,186,108,14,1,63
Spalding,01,Solicitor, State Court,Rep,Patrick M. Shepherd ,330,138,25,1,166
Spalding,02,Solicitor, State Court,Rep,Patrick M. Shepherd ,366,168,42,0,156
Spalding,03,Solicitor, State Court,Rep,Patrick M. Shepherd ,1613,1037,78,0,498
Spalding,05,Solicitor, State Court,Rep,Patrick M. Shepherd ,1114,637,50,2,425
Spalding,06,Solicitor, State Court,Rep,Patrick M. Shepherd ,497,278,41,0,178
Spalding,07,Solicitor, State Court,Rep,Patrick M. Shepherd ,964,525,40,0,399
Spalding,08,Solicitor, State Court,Rep,Patrick M. Shepherd ,963,545,38,1,379
Spalding,09,Solicitor, State Court,Rep,Patrick M. Shepherd ,961,436,36,0,489
Spalding,10,Solicitor, State Court,Rep,Patrick M. Shepherd ,959,529,24,0,406
Spalding,11,Solicitor, State Court,Rep,Patrick M. Shepherd ,1297,713,42,1,541
Spalding,12,Solicitor, State Court,Rep,Patrick M. Shepherd ,1150,543,50,0,557
Spalding,13,Solicitor, State Court,Rep,Patrick M. Shepherd ,1252,519,46,2,685
Spalding,14,Solicitor, State Court,Rep,Patrick M. Shepherd ,768,269,25,0,474
Spalding,16,Solicitor, State Court,Rep,Patrick M. Shepherd ,1246,667,88,1,490
Spalding,17,Solicitor, State Court,Rep,Patrick M. Shepherd ,696,349,22,0,325
Spalding,19,Solicitor, State Court,Rep,Patrick M. Shepherd ,1282,659,52,1,570
Spalding,20,Solicitor, State Court,Rep,Patrick M. Shepherd ,1129,539,30,1,559
Spalding,21,Solicitor, State Court,Rep,Patrick M. Shepherd ,2804,1939,218,0,647
Spalding,03,County Commission,,Rep,James R. Dutton ,1368,892,62,0,414
Spalding,07,County Commission,,Rep,James R. Dutton ,809,433,33,0,343
Spalding,08,County Commission,,Rep,James R. Dutton ,444,267,17,0,160
Spalding,11,County Commission,,Rep,James R. Dutton ,1044,557,33,0,454
Spalding,17,County Commission,,Rep,James R. Dutton ,13,6,0,0,7
Spalding,20,County Commission,,Rep,James R. Dutton ,1043,494,27,1,521
Spalding,03,County Commission,,Dem,Cinquez Jester,355,219,44,0,92
Spalding,07,County Commission,,Dem,Cinquez Jester,263,150,26,0,87
Spalding,08,County Commission,,Dem,Cinquez Jester,114,50,10,0,54
Spalding,11,County Commission,,Dem,Cinquez Jester,489,316,31,0,142
Spalding,17,County Commission,,Dem,Cinquez Jester,3,2,0,0,1
Spalding,20,County Commission,,Dem,Cinquez Jester,188,109,14,1,64
Spalding,09,County Commission,,Rep,"Claiborne """"Clay"""" Davis ",824,361,31,0,432
Spalding,14,County Commission,,Rep,"Claiborne """"Clay"""" Davis ",621,218,17,0,386
Spalding,16,County Commission,,Rep,"Claiborne """"Clay"""" Davis ",189,115,14,0,60
Spalding,17,County Commission,,Rep,"Claiborne """"Clay"""" Davis ",289,146,11,0,132
Spalding,21,County Commission,,Rep,"Claiborne """"Clay"""" Davis ",2022,1370,152,0,500
Spalding,09,County Commission,,Ind,Michelle Drugacz,183,98,11,0,74
Spalding,14,County Commission,,Ind,Michelle Drugacz,211,85,13,0,113
Spalding,16,County Commission,,Ind,Michelle Drugacz,140,88,8,0,44
Spalding,17,County Commission,,Ind,Michelle Drugacz,97,56,6,0,35
Spalding,21,County Commission,,Ind,Michelle Drugacz,1456,1039,207,0,210
Spalding,01,Soil and Water Conservation District Supervisor,,,Stephen Noble ,405,175,37,1,192
Spalding,02,Soil and Water Conservation District Supervisor,,,Stephen Noble ,435,204,54,0,177
Spalding,03,Soil and Water Conservation District Supervisor,,,Stephen Noble ,1572,998,90,0,484
Spalding,05,Soil and Water Conservation District Supervisor,,,Stephen Noble ,1221,697,62,2,460
Spalding,06,Soil and Water Conservation District Supervisor,,,Stephen Noble ,551,300,51,0,200
Spalding,07,Soil and Water Conservation District Supervisor,,,Stephen Noble ,940,506,40,0,394
Spalding,08,Soil and Water Conservation District Supervisor,,,Stephen Noble ,942,527,37,1,377
Spalding,09,Soil and Water Conservation District Supervisor,,,Stephen Noble ,908,414,38,0,456
Spalding,10,Soil and Water Conservation District Supervisor,,,Stephen Noble ,953,520,27,0,406
Spalding,11,Soil and Water Conservation District Supervisor,,,Stephen Noble ,1290,721,47,1,521
Spalding,12,Soil and Water Conservation District Supervisor,,,Stephen Noble ,1088,513,49,0,526
Spalding,13,Soil and Water Conservation District Supervisor,,,Stephen Noble ,1186,496,52,2,636
Spalding,14,Soil and Water Conservation District Supervisor,,,Stephen Noble ,742,268,29,0,445
Spalding,16,Soil and Water Conservation District Supervisor,,,Stephen Noble ,1405,766,115,1,523
Spalding,17,Soil and Water Conservation District Supervisor,,,Stephen Noble ,677,329,23,0,325
Spalding,19,Soil and Water Conservation District Supervisor,,,Stephen Noble ,1238,614,62,1,561
Spalding,20,Soil and Water Conservation District Supervisor,,,Stephen Noble ,1055,505,34,1,515
Spalding,21,Soil and Water Conservation District Supervisor,,,Stephen Noble ,2876,2014,243,1,618
Spalding,01,Proposed Constitutional Amendment 1,,,Yes,457,192,54,1,210
Spalding,02,Proposed Constitutional Amendment 1,,,Yes,513,247,63,0,203
Spalding,03,Proposed Constitutional Amendment 1,,,Yes,1606,1031,97,0,478
Spalding,05,Proposed Constitutional Amendment 1,,,Yes,1324,749,93,2,480
Spalding,06,Proposed Constitutional Amendment 1,,,Yes,651,350,79,1,221
Spalding,07,Proposed Constitutional Amendment 1,,,Yes,960,516,53,0,391
Spalding,08,Proposed Constitutional Amendment 1,,,Yes,971,546,54,1,370
Spalding,09,Proposed Constitutional Amendment 1,,,Yes,911,411,40,0,460
Spalding,10,Proposed Constitutional Amendment 1,,,Yes,1002,566,34,1,401
Spalding,11,Proposed Constitutional Amendment 1,,,Yes,1340,764,57,1,518
Spalding,12,Proposed Constitutional Amendment 1,,,Yes,1116,529,63,0,524
Spalding,13,Proposed Constitutional Amendment 1,,,Yes,1154,473,55,2,624
Spalding,14,Proposed Constitutional Amendment 1,,,Yes,731,274,25,0,432
Spalding,16,Proposed Constitutional Amendment 1,,,Yes,1598,867,169,1,561
Spalding,17,Proposed Constitutional Amendment 1,,,Yes,737,365,36,0,336
Spalding,19,Proposed Constitutional Amendment 1,,,Yes,1335,680,78,1,576
Spalding,20,Proposed Constitutional Amendment 1,,,Yes,1083,518,39,2,524
Spalding,21,Proposed Constitutional Amendment 1,,,Yes,3207,2244,332,0,631
Spalding,01,Proposed Constitutional Amendment 1,,,No,120,49,8,0,63
Spalding,02,Proposed Constitutional Amendment 1,,,No,123,60,15,0,48
Spalding,03,Proposed Constitutional Amendment 1,,,No,163,107,11,0,45
Spalding,05,Proposed Constitutional Amendment 1,,,No,213,127,11,0,75
Spalding,06,Proposed Constitutional Amendment 1,,,No,148,96,11,0,41
Spalding,07,Proposed Constitutional Amendment 1,,,No,95,53,5,0,37
Spalding,08,Proposed Constitutional Amendment 1,,,No,117,62,4,0,51
Spalding,09,Proposed Constitutional Amendment 1,,,No,99,51,3,0,45
Spalding,10,Proposed Constitutional Amendment 1,,,No,152,88,5,0,59
Spalding,11,Proposed Constitutional Amendment 1,,,No,176,95,7,0,74
Spalding,12,Proposed Constitutional Amendment 1,,,No,129,71,5,0,53
Spalding,13,Proposed Constitutional Amendment 1,,,No,161,81,3,0,77
Spalding,14,Proposed Constitutional Amendment 1,,,No,127,38,7,0,82
Spalding,16,Proposed Constitutional Amendment 1,,,No,293,183,13,0,97
Spalding,17,Proposed Constitutional Amendment 1,,,No,105,61,1,0,43
Spalding,19,Proposed Constitutional Amendment 1,,,No,161,85,4,0,72
Spalding,20,Proposed Constitutional Amendment 1,,,No,137,79,2,0,56
Spalding,21,Proposed Constitutional Amendment 1,,,No,355,230,33,0,92
Spalding,01,Proposed Constitutional Amendment 2,,,Yes,509,203,57,1,248
Spalding,02,Proposed Constitutional Amendment 2,,,Yes,575,271,71,0,233
Spalding,03,Proposed Constitutional Amendment 2,,,Yes,1649,1055,106,0,488
Spalding,05,Proposed Constitutional Amendment 2,,,Yes,1418,799,94,2,523
Spalding,06,Proposed Constitutional Amendment 2,,,Yes,739,406,88,1,244
Spalding,07,Proposed Constitutional Amendment 2,,,Yes,981,524,55,0,402
Spalding,08,Proposed Constitutional Amendment 2,,,Yes,1027,571,55,1,400
Spalding,09,Proposed Constitutional Amendment 2,,,Yes,934,416,43,0,475
Spalding,10,Proposed Constitutional Amendment 2,,,Yes,1049,586,38,1,424
Spalding,11,Proposed Constitutional Amendment 2,,,Yes,1405,804,60,1,540
Spalding,12,Proposed Constitutional Amendment 2,,,Yes,1133,542,64,0,527
Spalding,13,Proposed Constitutional Amendment 2,,,Yes,1205,499,53,1,652
Spalding,14,Proposed Constitutional Amendment 2,,,Yes,795,295,33,0,467
Spalding,16,Proposed Constitutional Amendment 2,,,Yes,1760,974,172,1,613
Spalding,17,Proposed Constitutional Amendment 2,,,Yes,777,395,34,0,348
Spalding,19,Proposed Constitutional Amendment 2,,,Yes,1370,705,71,1,593
Spalding,20,Proposed Constitutional Amendment 2,,,Yes,1100,528,37,2,533
Spalding,21,Proposed Constitutional Amendment 2,,,Yes,3295,2284,345,1,665
Spalding,01,Proposed Constitutional Amendment 2,,,No,76,41,7,0,28
Spalding,02,Proposed Constitutional Amendment 2,,,No,64,36,7,0,21
Spalding,03,Proposed Constitutional Amendment 2,,,No,134,90,3,0,41
Spalding,05,Proposed Constitutional Amendment 2,,,No,136,84,9,0,43
Spalding,06,Proposed Constitutional Amendment 2,,,No,72,46,4,0,22
Spalding,07,Proposed Constitutional Amendment 2,,,No,79,46,3,0,30
Spalding,08,Proposed Constitutional Amendment 2,,,No,72,43,2,0,27
Spalding,09,Proposed Constitutional Amendment 2,,,No,79,45,1,0,33
Spalding,10,Proposed Constitutional Amendment 2,,,No,113,69,1,0,43
Spalding,11,Proposed Constitutional Amendment 2,,,No,126,65,4,0,57
Spalding,12,Proposed Constitutional Amendment 2,,,No,109,58,4,0,47
Spalding,13,Proposed Constitutional Amendment 2,,,No,119,61,5,1,52
Spalding,14,Proposed Constitutional Amendment 2,,,No,76,25,1,0,50
Spalding,16,Proposed Constitutional Amendment 2,,,No,162,103,9,0,50
Spalding,17,Proposed Constitutional Amendment 2,,,No,72,37,3,0,32
Spalding,19,Proposed Constitutional Amendment 2,,,No,131,63,11,0,57
Spalding,20,Proposed Constitutional Amendment 2,,,No,123,70,4,0,49
Spalding,21,Proposed Constitutional Amendment 2,,,No,297,214,24,0,59
Spalding,01,Statewide Referendum Question 1,,,Yes,350,152,34,1,163
Spalding,02,Statewide Referendum Question 1,,,Yes,412,185,46,0,181
Spalding,03,Statewide Referendum Question 1,,,Yes,1037,647,45,0,345
Spalding,05,Statewide Referendum Question 1,,,Yes,961,521,55,2,383
Spalding,06,Statewide Referendum Question 1,,,Yes,492,266,54,1,171
Spalding,07,Statewide Referendum Question 1,,,Yes,623,343,20,0,260
Spalding,08,Statewide Referendum Question 1,,,Yes,673,369,27,1,276
Spalding,09,Statewide Referendum Question 1,,,Yes,674,298,22,0,354
Spalding,10,Statewide Referendum Question 1,,,Yes,718,385,21,1,311
Spalding,11,Statewide Referendum Question 1,,,Yes,959,520,32,1,406
Spalding,12,Statewide Referendum Question 1,,,Yes,807,372,48,0,387
Spalding,13,Statewide Referendum Question 1,,,Yes,837,341,29,1,466
Spalding,14,Statewide Referendum Question 1,,,Yes,565,208,14,0,343
Spalding,16,Statewide Referendum Question 1,,,Yes,1185,653,92,0,440
Spalding,17,Statewide Referendum Question 1,,,Yes,517,267,15,0,235
Spalding,19,Statewide Referendum Question 1,,,Yes,936,471,38,1,426
Spalding,20,Statewide Referendum Question 1,,,Yes,784,354,30,1,399
Spalding,21,Statewide Referendum Question 1,,,Yes,1912,1315,144,0,453
Spalding,01,Statewide Referendum Question 1,,,No,220,88,26,0,106
Spalding,02,Statewide Referendum Question 1,,,No,211,112,30,0,69
Spalding,03,Statewide Referendum Question 1,,,No,714,480,61,0,173
Spalding,05,Statewide Referendum Question 1,,,No,567,346,45,0,176
Spalding,06,Statewide Referendum Question 1,,,No,288,164,35,0,89
Spalding,07,Statewide Referendum Question 1,,,No,417,219,33,0,165
Spalding,08,Statewide Referendum Question 1,,,No,402,232,30,0,140
Spalding,09,Statewide Referendum Question 1,,,No,323,154,20,0,149
Spalding,10,Statewide Referendum Question 1,,,No,429,261,17,0,151
Spalding,11,Statewide Referendum Question 1,,,No,543,333,28,0,182
Spalding,12,Statewide Referendum Question 1,,,No,426,222,20,0,184
Spalding,13,Statewide Referendum Question 1,,,No,465,204,27,1,233
Spalding,14,Statewide Referendum Question 1,,,No,298,108,20,0,170
Spalding,16,Statewide Referendum Question 1,,,No,689,397,79,1,212
Spalding,17,Statewide Referendum Question 1,,,No,316,154,22,0,140
Spalding,19,Statewide Referendum Question 1,,,No,539,285,40,0,214
Spalding,20,Statewide Referendum Question 1,,,No,429,240,11,1,177
Spalding,21,Statewide Referendum Question 1,,,No,1605,1147,202,1,255
Spalding,01,Statewide Referendum Question 2,,,Yes,425,183,38,1,203
Spalding,02,Statewide Referendum Question 2,,,Yes,456,203,51,0,202
Spalding,03,Statewide Referendum Question 2,,,Yes,1375,874,67,0,434
Spalding,05,Statewide Referendum Question 2,,,Yes,1195,662,67,2,464
Spalding,06,Statewide Referendum Question 2,,,Yes,593,333,64,1,195
Spalding,07,Statewide Referendum Question 2,,,Yes,840,450,37,0,353
Spalding,08,Statewide Referendum Question 2,,,Yes,890,513,38,1,338
Spalding,09,Statewide Referendum Question 2,,,Yes,870,387,34,0,449
Spalding,10,Statewide Referendum Question 2,,,Yes,909,502,25,1,381
Spalding,11,Statewide Referendum Question 2,,,Yes,1216,668,41,1,506
Spalding,12,Statewide Referendum Question 2,,,Yes,1026,475,56,0,495
Spalding,13,Statewide Referendum Question 2,,,Yes,1127,461,43,2,621
Spalding,14,Statewide Referendum Question 2,,,Yes,712,253,21,0,438
Spalding,16,Statewide Referendum Question 2,,,Yes,1469,823,115,0,531
Spalding,17,Statewide Referendum Question 2,,,Yes,672,334,24,0,314
Spalding,19,Statewide Referendum Question 2,,,Yes,1211,621,56,1,533
Spalding,20,Statewide Referendum Question 2,,,Yes,1034,490,35,1,508
Spalding,21,Statewide Referendum Question 2,,,Yes,2568,1767,218,0,583
Spalding,01,Statewide Referendum Question 2,,,No,157,61,24,0,72
Spalding,02,Statewide Referendum Question 2,,,No,179,102,26,0,51
Spalding,03,Statewide Referendum Question 2,,,No,381,259,36,0,86
Spalding,05,Statewide Referendum Question 2,,,No,338,212,34,0,92
Spalding,06,Statewide Referendum Question 2,,,No,202,110,25,0,67
Spalding,07,Statewide Referendum Question 2,,,No,202,114,18,0,70
Spalding,08,Statewide Referendum Question 2,,,No,197,95,19,0,83
Spalding,09,Statewide Referendum Question 2,,,No,139,75,8,0,56
Spalding,10,Statewide Referendum Question 2,,,No,242,150,14,0,78
Spalding,11,Statewide Referendum Question 2,,,No,299,191,18,0,90
Spalding,12,Statewide Referendum Question 2,,,No,216,124,12,0,80
Spalding,13,Statewide Referendum Question 2,,,No,185,90,15,0,80
Spalding,14,Statewide Referendum Question 2,,,No,160,65,13,0,82
Spalding,16,Statewide Referendum Question 2,,,No,428,244,59,1,124
Spalding,17,Statewide Referendum Question 2,,,No,166,91,12,0,63
Spalding,19,Statewide Referendum Question 2,,,No,272,139,24,0,109
Spalding,20,Statewide Referendum Question 2,,,No,182,104,6,1,71
Spalding,21,Statewide Referendum Question 2,,,No,968,702,133,1,132
