county,precinct,office,district,party,candidate,votes,advance_voting_votes,absentee_by_mail_votes,provisional_votes,election_day_votes
Rockdale,BA,U.S. Senate,,Rep,Herschel Walker,836,477,41,1,317
Rockdale,BT,U.S. Senate,,Rep,Herschel Walker,1198,556,44,0,598
Rockdale,CO,U.S. Senate,,Rep,Herschel Walker,294,170,17,0,107
Rockdale,FI,U.S. Senate,,Rep,Herschel Walker,347,243,17,0,87
Rockdale,FS,U.S. Senate,,Rep,Herschel Walker,379,257,20,0,102
Rockdale,HC,U.S. Senate,,Rep,Herschel Walker,507,290,16,0,201
Rockdale,HI,U.S. Senate,,Rep,Herschel Walker,563,317,21,1,224
Rockdale,LA,U.S. Senate,,Rep,Herschel Walker,221,123,10,0,88
Rockdale,LO,U.S. Senate,,Rep,Herschel Walker,856,368,35,0,453
Rockdale,MA,U.S. Senate,,Rep,Herschel Walker,662,309,26,0,327
Rockdale,MI,U.S. Senate,,Rep,Herschel Walker,350,216,18,1,115
Rockdale,OT,U.S. Senate,,Rep,Herschel Walker,305,199,21,1,84
Rockdale,RO,U.S. Senate,,Rep,Herschel Walker,594,396,28,0,170
Rockdale,SM,U.S. Senate,,Rep,Herschel Walker,506,308,20,2,176
Rockdale,SP,U.S. Senate,,Rep,Herschel Walker,500,328,41,0,131
Rockdale,ST,U.S. Senate,,Rep,Herschel Walker,604,414,51,1,138
Rockdale,BA,U.S. Senate,,Dem,Raphael Warnock ,1895,1291,115,3,486
Rockdale,BT,U.S. Senate,,Dem,Raphael Warnock ,880,554,72,0,254
Rockdale,CO,U.S. Senate,,Dem,Raphael Warnock ,1299,860,89,1,349
Rockdale,FI,U.S. Senate,,Dem,Raphael Warnock ,2837,2027,196,3,611
Rockdale,FS,U.S. Senate,,Dem,Raphael Warnock ,1780,1259,153,4,364
Rockdale,HC,U.S. Senate,,Dem,Raphael Warnock ,816,514,51,0,251
Rockdale,HI,U.S. Senate,,Dem,Raphael Warnock ,1365,937,99,1,328
Rockdale,LA,U.S. Senate,,Dem,Raphael Warnock ,677,423,61,1,192
Rockdale,LO,U.S. Senate,,Dem,Raphael Warnock ,1565,1087,97,2,379
Rockdale,MA,U.S. Senate,,Dem,Raphael Warnock ,1039,660,86,1,292
Rockdale,MI,U.S. Senate,,Dem,Raphael Warnock ,1633,1123,107,1,402
Rockdale,OT,U.S. Senate,,Dem,Raphael Warnock ,2417,1599,189,4,625
Rockdale,RO,U.S. Senate,,Dem,Raphael Warnock ,2063,1514,142,0,407
Rockdale,SM,U.S. Senate,,Dem,Raphael Warnock ,1867,1366,108,2,391
Rockdale,SP,U.S. Senate,,Dem,Raphael Warnock ,2134,1521,144,1,468
Rockdale,ST,U.S. Senate,,Dem,Raphael Warnock ,1211,912,76,1,222
Rockdale,BA,U.S. Senate,,Lib,Chase Oliver,57,27,4,0,26
Rockdale,BT,U.S. Senate,,Lib,Chase Oliver,59,28,3,0,28
Rockdale,CO,U.S. Senate,,Lib,Chase Oliver,19,14,0,0,5
Rockdale,FI,U.S. Senate,,Lib,Chase Oliver,38,26,4,0,8
Rockdale,FS,U.S. Senate,,Lib,Chase Oliver,23,8,4,0,11
Rockdale,HC,U.S. Senate,,Lib,Chase Oliver,33,17,1,0,15
Rockdale,HI,U.S. Senate,,Lib,Chase Oliver,28,12,3,0,13
Rockdale,LA,U.S. Senate,,Lib,Chase Oliver,18,9,1,0,8
Rockdale,LO,U.S. Senate,,Lib,Chase Oliver,42,11,5,0,26
Rockdale,MA,U.S. Senate,,Lib,Chase Oliver,40,19,6,0,15
Rockdale,MI,U.S. Senate,,Lib,Chase Oliver,31,15,0,0,16
Rockdale,OT,U.S. Senate,,Lib,Chase Oliver,54,27,6,0,21
Rockdale,RO,U.S. Senate,,Lib,Chase Oliver,35,19,2,0,14
Rockdale,SM,U.S. Senate,,Lib,Chase Oliver,33,15,6,0,12
Rockdale,SP,U.S. Senate,,Lib,Chase Oliver,37,25,3,0,9
Rockdale,ST,U.S. Senate,,Lib,Chase Oliver,27,15,0,0,12
Rockdale,BA,Governor,,Rep,Brian Kemp ,987,557,51,1,378
Rockdale,BT,Governor,,Rep,Brian Kemp ,1300,610,52,0,638
Rockdale,CO,Governor,,Rep,Brian Kemp ,333,195,17,0,121
Rockdale,FI,Governor,,Rep,Brian Kemp ,421,285,24,0,112
Rockdale,FS,Governor,,Rep,Brian Kemp ,463,298,32,0,133
Rockdale,HC,Governor,,Rep,Brian Kemp ,559,316,21,0,222
Rockdale,HI,Governor,,Rep,Brian Kemp ,618,352,24,0,242
Rockdale,LA,Governor,,Rep,Brian Kemp ,253,135,13,0,105
Rockdale,LO,Governor,,Rep,Brian Kemp ,955,408,44,0,503
Rockdale,MA,Governor,,Rep,Brian Kemp ,735,349,33,0,353
Rockdale,MI,Governor,,Rep,Brian Kemp ,408,249,21,1,137
Rockdale,OT,Governor,,Rep,Brian Kemp ,385,249,28,1,107
Rockdale,RO,Governor,,Rep,Brian Kemp ,689,458,40,0,191
Rockdale,SM,Governor,,Rep,Brian Kemp ,586,357,26,2,201
Rockdale,SP,Governor,,Rep,Brian Kemp ,578,374,51,0,153
Rockdale,ST,Governor,,Rep,Brian Kemp ,668,452,58,1,157
Rockdale,BA,Governor,,Dem,Stacey Abrams,1809,1242,111,1,455
Rockdale,BT,Governor,,Dem,Stacey Abrams,821,523,67,0,231
Rockdale,CO,Governor,,Dem,Stacey Abrams,1280,851,89,1,339
Rockdale,FI,Governor,,Dem,Stacey Abrams,2796,2005,193,3,595
Rockdale,FS,Governor,,Dem,Stacey Abrams,1717,1228,143,4,342
Rockdale,HC,Governor,,Dem,Stacey Abrams,794,506,47,0,241
Rockdale,HI,Governor,,Dem,Stacey Abrams,1332,915,97,2,318
Rockdale,LA,Governor,,Dem,Stacey Abrams,658,417,59,1,181
Rockdale,LO,Governor,,Dem,Stacey Abrams,1507,1063,94,2,348
Rockdale,MA,Governor,,Dem,Stacey Abrams,990,636,82,1,271
Rockdale,MI,Governor,,Dem,Stacey Abrams,1598,1105,103,1,389
Rockdale,OT,Governor,,Dem,Stacey Abrams,2388,1578,187,4,619
Rockdale,RO,Governor,,Dem,Stacey Abrams,2002,1472,134,0,396
Rockdale,SM,Governor,,Dem,Stacey Abrams,1815,1335,105,2,373
Rockdale,SP,Governor,,Dem,Stacey Abrams,2080,1490,138,1,451
Rockdale,ST,Governor,,Dem,Stacey Abrams,1169,894,68,1,206
Rockdale,BA,Governor,,Lib,Shane Hazel,8,3,1,0,4
Rockdale,BT,Governor,,Lib,Shane Hazel,24,9,1,0,14
Rockdale,CO,Governor,,Lib,Shane Hazel,7,4,0,0,3
Rockdale,FI,Governor,,Lib,Shane Hazel,11,7,0,0,4
Rockdale,FS,Governor,,Lib,Shane Hazel,12,6,2,0,4
Rockdale,HC,Governor,,Lib,Shane Hazel,12,5,1,0,6
Rockdale,HI,Governor,,Lib,Shane Hazel,11,5,1,0,5
Rockdale,LA,Governor,,Lib,Shane Hazel,10,5,0,0,5
Rockdale,LO,Governor,,Lib,Shane Hazel,15,4,0,0,11
Rockdale,MA,Governor,,Lib,Shane Hazel,17,5,2,0,10
Rockdale,MI,Governor,,Lib,Shane Hazel,12,4,1,0,7
Rockdale,OT,Governor,,Lib,Shane Hazel,17,7,3,0,7
Rockdale,RO,Governor,,Lib,Shane Hazel,12,7,1,0,4
Rockdale,SM,Governor,,Lib,Shane Hazel,13,5,3,0,5
Rockdale,SP,Governor,,Lib,Shane Hazel,20,15,0,0,5
Rockdale,ST,Governor,,Lib,Shane Hazel,13,3,1,0,9
Rockdale,BA,Lieutenant Governor,,Rep,Burt Jones,906,514,45,1,346
Rockdale,BT,Lieutenant Governor,,Rep,Burt Jones,1256,592,50,0,614
Rockdale,CO,Lieutenant Governor,,Rep,Burt Jones,329,196,17,0,116
Rockdale,FI,Lieutenant Governor,,Rep,Burt Jones,392,264,21,0,107
Rockdale,FS,Lieutenant Governor,,Rep,Burt Jones,410,266,25,0,119
Rockdale,HC,Lieutenant Governor,,Rep,Burt Jones,533,303,19,0,211
Rockdale,HI,Lieutenant Governor,,Rep,Burt Jones,598,340,23,1,234
Rockdale,LA,Lieutenant Governor,,Rep,Burt Jones,230,124,12,0,94
Rockdale,LO,Lieutenant Governor,,Rep,Burt Jones,908,389,38,0,481
Rockdale,MA,Lieutenant Governor,,Rep,Burt Jones,712,336,32,0,344
Rockdale,MI,Lieutenant Governor,,Rep,Burt Jones,386,236,18,1,131
Rockdale,OT,Lieutenant Governor,,Rep,Burt Jones,346,218,26,1,101
Rockdale,RO,Lieutenant Governor,,Rep,Burt Jones,642,429,34,0,179
Rockdale,SM,Lieutenant Governor,,Rep,Burt Jones,538,335,24,0,179
Rockdale,SP,Lieutenant Governor,,Rep,Burt Jones,531,351,47,0,133
Rockdale,ST,Lieutenant Governor,,Rep,Burt Jones,634,434,53,1,146
Rockdale,BA,Lieutenant Governor,,Dem,Charlie Bailey,1818,1249,108,1,460
Rockdale,BT,Lieutenant Governor,,Dem,Charlie Bailey,830,523,70,0,237
Rockdale,CO,Lieutenant Governor,,Dem,Charlie Bailey,1228,815,85,1,327
Rockdale,FI,Lieutenant Governor,,Dem,Charlie Bailey,2757,1984,190,3,580
Rockdale,FS,Lieutenant Governor,,Dem,Charlie Bailey,1718,1226,150,4,338
Rockdale,HC,Lieutenant Governor,,Dem,Charlie Bailey,784,497,48,0,239
Rockdale,HI,Lieutenant Governor,,Dem,Charlie Bailey,1304,900,95,1,308
Rockdale,LA,Lieutenant Governor,,Dem,Charlie Bailey,649,416,57,1,175
Rockdale,LO,Lieutenant Governor,,Dem,Charlie Bailey,1500,1051,98,2,349
Rockdale,MA,Lieutenant Governor,,Dem,Charlie Bailey,972,626,83,1,262
Rockdale,MI,Lieutenant Governor,,Dem,Charlie Bailey,1589,1096,102,1,390
Rockdale,OT,Lieutenant Governor,,Dem,Charlie Bailey,2340,1554,186,4,596
Rockdale,RO,Lieutenant Governor,,Dem,Charlie Bailey,1986,1464,137,0,385
Rockdale,SM,Lieutenant Governor,,Dem,Charlie Bailey,1795,1316,106,1,372
Rockdale,SP,Lieutenant Governor,,Dem,Charlie Bailey,2070,1484,138,1,447
Rockdale,ST,Lieutenant Governor,,Dem,Charlie Bailey,1159,875,74,1,209
Rockdale,BA,Lieutenant Governor,,Lib,Ryan Graham,49,27,6,0,16
Rockdale,BT,Lieutenant Governor,,Lib,Ryan Graham,47,21,1,0,25
Rockdale,CO,Lieutenant Governor,,Lib,Ryan Graham,39,24,2,0,13
Rockdale,FI,Lieutenant Governor,,Lib,Ryan Graham,49,28,6,0,15
Rockdale,FS,Lieutenant Governor,,Lib,Ryan Graham,35,22,2,0,11
Rockdale,HC,Lieutenant Governor,,Lib,Ryan Graham,36,17,2,0,17
Rockdale,HI,Lieutenant Governor,,Lib,Ryan Graham,41,22,2,0,17
Rockdale,LA,Lieutenant Governor,,Lib,Ryan Graham,35,14,2,0,19
Rockdale,LO,Lieutenant Governor,,Lib,Ryan Graham,45,18,2,0,25
Rockdale,MA,Lieutenant Governor,,Lib,Ryan Graham,44,19,2,0,23
Rockdale,MI,Lieutenant Governor,,Lib,Ryan Graham,30,17,3,0,10
Rockdale,OT,Lieutenant Governor,,Lib,Ryan Graham,61,32,5,0,24
Rockdale,RO,Lieutenant Governor,,Lib,Ryan Graham,48,28,3,0,17
Rockdale,SM,Lieutenant Governor,,Lib,Ryan Graham,53,26,2,1,24
Rockdale,SP,Lieutenant Governor,,Lib,Ryan Graham,52,26,2,0,24
Rockdale,ST,Lieutenant Governor,,Lib,Ryan Graham,46,29,0,0,17
Rockdale,BA,Secretary of State,,Rep,Brad Raffensperger ,970,563,55,1,351
Rockdale,BT,Secretary of State,,Rep,Brad Raffensperger ,1274,612,47,0,615
Rockdale,CO,Secretary of State,,Rep,Brad Raffensperger ,367,217,19,0,131
Rockdale,FI,Secretary of State,,Rep,Brad Raffensperger ,467,332,28,0,107
Rockdale,FS,Secretary of State,,Rep,Brad Raffensperger ,488,337,29,0,122
Rockdale,HC,Secretary of State,,Rep,Brad Raffensperger ,544,305,20,0,219
Rockdale,HI,Secretary of State,,Rep,Brad Raffensperger ,634,366,26,1,241
Rockdale,LA,Secretary of State,,Rep,Brad Raffensperger ,261,151,16,0,94
Rockdale,LO,Secretary of State,,Rep,Brad Raffensperger ,948,420,47,0,481
Rockdale,MA,Secretary of State,,Rep,Brad Raffensperger ,740,362,37,0,341
Rockdale,MI,Secretary of State,,Rep,Brad Raffensperger ,414,260,21,1,132
Rockdale,OT,Secretary of State,,Rep,Brad Raffensperger ,417,271,31,1,114
Rockdale,RO,Secretary of State,,Rep,Brad Raffensperger ,711,492,40,0,179
Rockdale,SM,Secretary of State,,Rep,Brad Raffensperger ,637,407,28,0,202
Rockdale,SP,Secretary of State,,Rep,Brad Raffensperger ,598,391,53,0,154
Rockdale,ST,Secretary of State,,Rep,Brad Raffensperger ,671,447,63,0,161
Rockdale,BA,Secretary of State,,Dem,Bee Nguyen,1742,1198,99,1,444
Rockdale,BT,Secretary of State,,Dem,Bee Nguyen,788,500,67,0,221
Rockdale,CO,Secretary of State,,Dem,Bee Nguyen,1208,808,87,1,312
Rockdale,FI,Secretary of State,,Dem,Bee Nguyen,2680,1920,184,3,573
Rockdale,FS,Secretary of State,,Dem,Bee Nguyen,1636,1157,145,4,330
Rockdale,HC,Secretary of State,,Dem,Bee Nguyen,752,480,48,0,224
Rockdale,HI,Secretary of State,,Dem,Bee Nguyen,1267,871,96,1,299
Rockdale,LA,Secretary of State,,Dem,Bee Nguyen,621,394,53,1,173
Rockdale,LO,Secretary of State,,Dem,Bee Nguyen,1455,1018,90,2,345
Rockdale,MA,Secretary of State,,Dem,Bee Nguyen,940,602,76,1,261
Rockdale,MI,Secretary of State,,Dem,Bee Nguyen,1554,1070,101,1,382
Rockdale,OT,Secretary of State,,Dem,Bee Nguyen,2297,1511,184,4,598
Rockdale,RO,Secretary of State,,Dem,Bee Nguyen,1927,1411,135,0,381
Rockdale,SM,Secretary of State,,Dem,Bee Nguyen,1706,1249,105,2,350
Rockdale,SP,Secretary of State,,Dem,Bee Nguyen,2018,1448,133,1,436
Rockdale,ST,Secretary of State,,Dem,Bee Nguyen,1121,865,61,2,193
Rockdale,BA,Secretary of State,,Lib,Ted Metz,68,30,7,0,31
Rockdale,BT,Secretary of State,,Lib,Ted Metz,64,26,5,0,33
Rockdale,CO,Secretary of State,,Lib,Ted Metz,25,13,0,0,12
Rockdale,FI,Secretary of State,,Lib,Ted Metz,51,27,3,0,21
Rockdale,FS,Secretary of State,,Lib,Ted Metz,44,24,2,0,18
Rockdale,HC,Secretary of State,,Lib,Ted Metz,56,29,1,0,26
Rockdale,HI,Secretary of State,,Lib,Ted Metz,40,23,0,0,17
Rockdale,LA,Secretary of State,,Lib,Ted Metz,30,9,2,0,19
Rockdale,LO,Secretary of State,,Lib,Ted Metz,58,23,1,0,34
Rockdale,MA,Secretary of State,,Lib,Ted Metz,45,15,1,0,29
Rockdale,MI,Secretary of State,,Lib,Ted Metz,33,15,1,0,17
Rockdale,OT,Secretary of State,,Lib,Ted Metz,45,30,2,0,13
Rockdale,RO,Secretary of State,,Lib,Ted Metz,51,25,0,0,26
Rockdale,SM,Secretary of State,,Lib,Ted Metz,46,23,0,0,23
Rockdale,SP,Secretary of State,,Lib,Ted Metz,45,28,3,0,14
Rockdale,ST,Secretary of State,,Lib,Ted Metz,42,25,0,0,17
Rockdale,BA,Attorney General,,Rep,Chris Carr ,924,531,48,1,344
Rockdale,BT,Attorney General,,Rep,Chris Carr ,1266,598,53,0,615
Rockdale,CO,Attorney General,,Rep,Chris Carr ,333,195,17,0,121
Rockdale,FI,Attorney General,,Rep,Chris Carr ,393,282,21,0,90
Rockdale,FS,Attorney General,,Rep,Chris Carr ,434,285,27,0,122
Rockdale,HC,Attorney General,,Rep,Chris Carr ,546,313,20,0,213
Rockdale,HI,Attorney General,,Rep,Chris Carr ,604,350,24,1,229
Rockdale,LA,Attorney General,,Rep,Chris Carr ,239,132,12,0,95
Rockdale,LO,Attorney General,,Rep,Chris Carr ,927,397,38,0,492
Rockdale,MA,Attorney General,,Rep,Chris Carr ,716,343,33,0,340
Rockdale,MI,Attorney General,,Rep,Chris Carr ,378,232,20,1,125
Rockdale,OT,Attorney General,,Rep,Chris Carr ,352,226,28,1,97
Rockdale,RO,Attorney General,,Rep,Chris Carr ,643,433,37,0,173
Rockdale,SM,Attorney General,,Rep,Chris Carr ,562,345,25,2,190
Rockdale,SP,Attorney General,,Rep,Chris Carr ,552,364,49,0,139
Rockdale,ST,Attorney General,,Rep,Chris Carr ,652,447,57,0,148
Rockdale,BA,Attorney General,,Dem,"Jennifer """"Jen"""" Jordan",1816,1238,111,1,466
Rockdale,BT,Attorney General,,Dem,"Jennifer """"Jen"""" Jordan",820,518,67,0,235
Rockdale,CO,Attorney General,,Dem,"Jennifer """"Jen"""" Jordan",1246,832,88,1,325
Rockdale,FI,Attorney General,,Dem,"Jennifer """"Jen"""" Jordan",2772,1983,194,3,592
Rockdale,FS,Attorney General,,Dem,"Jennifer """"Jen"""" Jordan",1710,1219,147,4,340
Rockdale,HC,Attorney General,,Dem,"Jennifer """"Jen"""" Jordan",782,496,49,0,237
Rockdale,HI,Attorney General,,Dem,"Jennifer """"Jen"""" Jordan",1314,899,98,1,316
Rockdale,LA,Attorney General,,Dem,"Jennifer """"Jen"""" Jordan",654,413,60,1,180
Rockdale,LO,Attorney General,,Dem,"Jennifer """"Jen"""" Jordan",1502,1053,97,2,350
Rockdale,MA,Attorney General,,Dem,"Jennifer """"Jen"""" Jordan",995,633,83,1,278
Rockdale,MI,Attorney General,,Dem,"Jennifer """"Jen"""" Jordan",1597,1102,104,1,390
Rockdale,OT,Attorney General,,Dem,"Jennifer """"Jen"""" Jordan",2357,1561,184,4,608
Rockdale,RO,Attorney General,,Dem,"Jennifer """"Jen"""" Jordan",1995,1466,134,0,395
Rockdale,SM,Attorney General,,Dem,"Jennifer """"Jen"""" Jordan",1799,1322,104,2,371
Rockdale,SP,Attorney General,,Dem,"Jennifer """"Jen"""" Jordan",2077,1485,137,1,454
Rockdale,ST,Attorney General,,Dem,"Jennifer """"Jen"""" Jordan",1160,883,67,2,208
Rockdale,BA,Attorney General,,Lib,Martin Cowen,40,23,2,0,15
Rockdale,BT,Attorney General,,Lib,Martin Cowen,42,20,1,0,21
Rockdale,CO,Attorney General,,Lib,Martin Cowen,29,13,1,0,15
Rockdale,FI,Attorney General,,Lib,Martin Cowen,41,22,1,0,18
Rockdale,FS,Attorney General,,Lib,Martin Cowen,23,11,2,0,10
Rockdale,HC,Attorney General,,Lib,Martin Cowen,30,13,0,0,17
Rockdale,HI,Attorney General,,Lib,Martin Cowen,29,14,0,0,15
Rockdale,LA,Attorney General,,Lib,Martin Cowen,17,7,0,0,10
Rockdale,LO,Attorney General,,Lib,Martin Cowen,30,11,1,0,18
Rockdale,MA,Attorney General,,Lib,Martin Cowen,21,5,1,0,15
Rockdale,MI,Attorney General,,Lib,Martin Cowen,28,13,0,0,15
Rockdale,OT,Attorney General,,Lib,Martin Cowen,49,24,3,0,22
Rockdale,RO,Attorney General,,Lib,Martin Cowen,39,23,1,0,15
Rockdale,SM,Attorney General,,Lib,Martin Cowen,34,16,2,0,16
Rockdale,SP,Attorney General,,Lib,Martin Cowen,36,23,1,0,12
Rockdale,ST,Attorney General,,Lib,Martin Cowen,30,15,1,0,14
Rockdale,BA,Commissioner of Agriculture,,Rep,Tyler Harper,951,539,53,1,358
Rockdale,BT,Commissioner of Agriculture,,Rep,Tyler Harper,1275,607,54,0,614
Rockdale,CO,Commissioner of Agriculture,,Rep,Tyler Harper,326,191,19,0,116
Rockdale,FI,Commissioner of Agriculture,,Rep,Tyler Harper,404,293,25,0,86
Rockdale,FS,Commissioner of Agriculture,,Rep,Tyler Harper,440,294,30,0,116
Rockdale,HC,Commissioner of Agriculture,,Rep,Tyler Harper,554,313,20,0,221
Rockdale,HI,Commissioner of Agriculture,,Rep,Tyler Harper,620,355,26,1,238
Rockdale,LA,Commissioner of Agriculture,,Rep,Tyler Harper,247,134,12,0,101
Rockdale,LO,Commissioner of Agriculture,,Rep,Tyler Harper,925,399,42,0,484
Rockdale,MA,Commissioner of Agriculture,,Rep,Tyler Harper,729,350,33,0,346
Rockdale,MI,Commissioner of Agriculture,,Rep,Tyler Harper,395,240,19,1,135
Rockdale,OT,Commissioner of Agriculture,,Rep,Tyler Harper,357,230,28,1,98
Rockdale,RO,Commissioner of Agriculture,,Rep,Tyler Harper,640,431,38,0,171
Rockdale,SM,Commissioner of Agriculture,,Rep,Tyler Harper,586,372,23,2,189
Rockdale,SP,Commissioner of Agriculture,,Rep,Tyler Harper,549,367,49,0,133
Rockdale,ST,Commissioner of Agriculture,,Rep,Tyler Harper,671,461,62,0,148
Rockdale,BA,Commissioner of Agriculture,,Dem,Nakita Hemingway,1760,1216,102,1,441
Rockdale,BT,Commissioner of Agriculture,,Dem,Nakita Hemingway,797,509,64,0,224
Rockdale,CO,Commissioner of Agriculture,,Dem,Nakita Hemingway,1244,830,82,1,331
Rockdale,FI,Commissioner of Agriculture,,Dem,Nakita Hemingway,2744,1956,190,3,595
Rockdale,FS,Commissioner of Agriculture,,Dem,Nakita Hemingway,1686,1197,143,4,342
Rockdale,HC,Commissioner of Agriculture,,Dem,Nakita Hemingway,755,482,46,0,227
Rockdale,HI,Commissioner of Agriculture,,Dem,Nakita Hemingway,1291,887,94,1,309
Rockdale,LA,Commissioner of Agriculture,,Dem,Nakita Hemingway,644,408,59,1,176
Rockdale,LO,Commissioner of Agriculture,,Dem,Nakita Hemingway,1477,1031,91,2,353
Rockdale,MA,Commissioner of Agriculture,,Dem,Nakita Hemingway,970,614,83,1,272
Rockdale,MI,Commissioner of Agriculture,,Dem,Nakita Hemingway,1570,1086,102,1,381
Rockdale,OT,Commissioner of Agriculture,,Dem,Nakita Hemingway,2344,1552,181,4,607
Rockdale,RO,Commissioner of Agriculture,,Dem,Nakita Hemingway,1966,1452,131,0,383
Rockdale,SM,Commissioner of Agriculture,,Dem,Nakita Hemingway,1749,1280,105,2,362
Rockdale,SP,Commissioner of Agriculture,,Dem,Nakita Hemingway,2056,1466,137,1,452
Rockdale,ST,Commissioner of Agriculture,,Dem,Nakita Hemingway,1128,857,61,2,208
Rockdale,BA,Commissioner of Agriculture,,Lib,David Raudabaugh,60,33,5,0,22
Rockdale,BT,Commissioner of Agriculture,,Lib,David Raudabaugh,48,14,1,0,33
Rockdale,CO,Commissioner of Agriculture,,Lib,David Raudabaugh,30,15,4,0,11
Rockdale,FI,Commissioner of Agriculture,,Lib,David Raudabaugh,53,33,1,0,19
Rockdale,FS,Commissioner of Agriculture,,Lib,David Raudabaugh,34,18,1,0,15
Rockdale,HC,Commissioner of Agriculture,,Lib,David Raudabaugh,46,24,2,0,20
Rockdale,HI,Commissioner of Agriculture,,Lib,David Raudabaugh,33,19,1,0,13
Rockdale,LA,Commissioner of Agriculture,,Lib,David Raudabaugh,19,8,1,0,10
Rockdale,LO,Commissioner of Agriculture,,Lib,David Raudabaugh,50,28,1,0,21
Rockdale,MA,Commissioner of Agriculture,,Lib,David Raudabaugh,32,16,1,0,15
Rockdale,MI,Commissioner of Agriculture,,Lib,David Raudabaugh,38,20,3,0,15
Rockdale,OT,Commissioner of Agriculture,,Lib,David Raudabaugh,57,30,6,0,21
Rockdale,RO,Commissioner of Agriculture,,Lib,David Raudabaugh,65,39,3,0,23
Rockdale,SM,Commissioner of Agriculture,,Lib,David Raudabaugh,53,29,3,0,21
Rockdale,SP,Commissioner of Agriculture,,Lib,David Raudabaugh,52,31,0,0,21
Rockdale,ST,Commissioner of Agriculture,,Lib,David Raudabaugh,39,22,2,0,15
Rockdale,BA,Commissioner of Insurance,,Rep,John King ,976,555,52,1,368
Rockdale,BT,Commissioner of Insurance,,Rep,John King ,1299,613,51,0,635
Rockdale,CO,Commissioner of Insurance,,Rep,John King ,346,204,19,0,123
Rockdale,FI,Commissioner of Insurance,,Rep,John King ,419,299,23,0,97
Rockdale,FS,Commissioner of Insurance,,Rep,John King ,459,302,31,0,126
Rockdale,HC,Commissioner of Insurance,,Rep,John King ,577,328,24,0,225
Rockdale,HI,Commissioner of Insurance,,Rep,John King ,634,365,24,1,244
Rockdale,LA,Commissioner of Insurance,,Rep,John King ,257,137,12,0,108
Rockdale,LO,Commissioner of Insurance,,Rep,John King ,959,416,40,0,503
Rockdale,MA,Commissioner of Insurance,,Rep,John King ,734,352,32,0,350
Rockdale,MI,Commissioner of Insurance,,Rep,John King ,396,243,20,1,132
Rockdale,OT,Commissioner of Insurance,,Rep,John King ,384,241,32,1,110
Rockdale,RO,Commissioner of Insurance,,Rep,John King ,679,447,39,0,193
Rockdale,SM,Commissioner of Insurance,,Rep,John King ,602,376,27,1,198
Rockdale,SP,Commissioner of Insurance,,Rep,John King ,576,383,50,0,143
Rockdale,ST,Commissioner of Insurance,,Rep,John King ,688,471,62,0,155
Rockdale,BA,Commissioner of Insurance,,Dem,Janice Laws Robinson,1800,1237,109,1,453
Rockdale,BT,Commissioner of Insurance,,Dem,Janice Laws Robinson,808,513,68,0,227
Rockdale,CO,Commissioner of Insurance,,Dem,Janice Laws Robinson,1252,832,87,1,332
Rockdale,FI,Commissioner of Insurance,,Dem,Janice Laws Robinson,2776,1979,192,3,602
Rockdale,FS,Commissioner of Insurance,,Dem,Janice Laws Robinson,1705,1211,144,4,346
Rockdale,HC,Commissioner of Insurance,,Dem,Janice Laws Robinson,771,487,45,0,239
Rockdale,HI,Commissioner of Insurance,,Dem,Janice Laws Robinson,1302,893,95,1,313
Rockdale,LA,Commissioner of Insurance,,Dem,Janice Laws Robinson,649,416,58,1,174
Rockdale,LO,Commissioner of Insurance,,Dem,Janice Laws Robinson,1486,1038,95,2,351
Rockdale,MA,Commissioner of Insurance,,Dem,Janice Laws Robinson,988,626,84,1,277
Rockdale,MI,Commissioner of Insurance,,Dem,Janice Laws Robinson,1603,1104,100,1,398
Rockdale,OT,Commissioner of Insurance,,Dem,Janice Laws Robinson,2366,1569,182,4,611
Rockdale,RO,Commissioner of Insurance,,Dem,Janice Laws Robinson,1983,1471,129,0,383
Rockdale,SM,Commissioner of Insurance,,Dem,Janice Laws Robinson,1776,1300,105,1,370
Rockdale,SP,Commissioner of Insurance,,Dem,Janice Laws Robinson,2071,1476,136,1,458
Rockdale,ST,Commissioner of Insurance,,Dem,Janice Laws Robinson,1145,867,64,2,212
Rockdale,BA,State School Superintendent,,Rep,Richard Woods ,971,559,51,1,360
Rockdale,BT,State School Superintendent,,Rep,Richard Woods ,1296,608,52,0,636
Rockdale,CO,State School Superintendent,,Rep,Richard Woods ,336,199,16,0,121
Rockdale,FI,State School Superintendent,,Rep,Richard Woods ,447,318,26,0,103
Rockdale,FS,State School Superintendent,,Rep,Richard Woods ,463,307,31,0,125
Rockdale,HC,State School Superintendent,,Rep,Richard Woods ,584,334,23,0,227
Rockdale,HI,State School Superintendent,,Rep,Richard Woods ,631,355,24,1,251
Rockdale,LA,State School Superintendent,,Rep,Richard Woods ,255,142,11,0,102
Rockdale,LO,State School Superintendent,,Rep,Richard Woods ,961,420,42,0,499
Rockdale,MA,State School Superintendent,,Rep,Richard Woods ,739,353,32,0,354
Rockdale,MI,State School Superintendent,,Rep,Richard Woods ,415,254,22,1,138
Rockdale,OT,State School Superintendent,,Rep,Richard Woods ,382,238,35,1,108
Rockdale,RO,State School Superintendent,,Rep,Richard Woods ,691,459,39,0,193
Rockdale,SM,State School Superintendent,,Rep,Richard Woods ,612,388,28,0,196
Rockdale,SP,State School Superintendent,,Rep,Richard Woods ,583,386,51,0,146
Rockdale,ST,State School Superintendent,,Rep,Richard Woods ,688,469,58,0,161
Rockdale,BA,State School Superintendent,,Dem,Alisha Thomas Searcy,1803,1232,107,1,463
Rockdale,BT,State School Superintendent,,Dem,Alisha Thomas Searcy,804,511,67,0,226
Rockdale,CO,State School Superintendent,,Dem,Alisha Thomas Searcy,1267,839,87,1,340
Rockdale,FI,State School Superintendent,,Dem,Alisha Thomas Searcy,2751,1963,189,3,596
Rockdale,FS,State School Superintendent,,Dem,Alisha Thomas Searcy,1699,1209,137,4,349
Rockdale,HC,State School Superintendent,,Dem,Alisha Thomas Searcy,765,483,44,0,238
Rockdale,HI,State School Superintendent,,Dem,Alisha Thomas Searcy,1315,909,96,1,309
Rockdale,LA,State School Superintendent,,Dem,Alisha Thomas Searcy,655,410,61,1,183
Rockdale,LO,State School Superintendent,,Dem,Alisha Thomas Searcy,1495,1042,95,2,356
Rockdale,MA,State School Superintendent,,Dem,Alisha Thomas Searcy,987,627,84,1,275
Rockdale,MI,State School Superintendent,,Dem,Alisha Thomas Searcy,1589,1096,99,1,393
Rockdale,OT,State School Superintendent,,Dem,Alisha Thomas Searcy,2372,1573,180,4,615
Rockdale,RO,State School Superintendent,,Dem,Alisha Thomas Searcy,1978,1461,132,0,385
Rockdale,SM,State School Superintendent,,Dem,Alisha Thomas Searcy,1775,1294,103,2,376
Rockdale,SP,State School Superintendent,,Dem,Alisha Thomas Searcy,2073,1480,134,1,458
Rockdale,ST,State School Superintendent,,Dem,Alisha Thomas Searcy,1141,868,65,2,206
Rockdale,BA,Commissioner of Labor,,Rep,Bruce Thompson,914,525,45,1,343
Rockdale,BT,Commissioner of Labor,,Rep,Bruce Thompson,1262,599,50,0,613
Rockdale,CO,Commissioner of Labor,,Rep,Bruce Thompson,327,193,17,0,117
Rockdale,FI,Commissioner of Labor,,Rep,Bruce Thompson,387,271,21,0,95
Rockdale,FS,Commissioner of Labor,,Rep,Bruce Thompson,430,287,28,0,115
Rockdale,HC,Commissioner of Labor,,Rep,Bruce Thompson,538,307,18,0,213
Rockdale,HI,Commissioner of Labor,,Rep,Bruce Thompson,598,339,22,1,236
Rockdale,LA,Commissioner of Labor,,Rep,Bruce Thompson,241,132,10,0,99
Rockdale,LO,Commissioner of Labor,,Rep,Bruce Thompson,914,394,40,0,480
Rockdale,MA,Commissioner of Labor,,Rep,Bruce Thompson,707,333,32,0,342
Rockdale,MI,Commissioner of Labor,,Rep,Bruce Thompson,385,232,20,1,132
Rockdale,OT,Commissioner of Labor,,Rep,Bruce Thompson,352,223,28,1,100
Rockdale,RO,Commissioner of Labor,,Rep,Bruce Thompson,632,422,36,0,174
Rockdale,SM,Commissioner of Labor,,Rep,Bruce Thompson,555,344,24,2,185
Rockdale,SP,Commissioner of Labor,,Rep,Bruce Thompson,521,350,47,0,124
Rockdale,ST,Commissioner of Labor,,Rep,Bruce Thompson,648,448,55,1,144
Rockdale,BA,Commissioner of Labor,,Dem,"William """"Will"""" Boddie, Jr",1794,1228,108,1,457
Rockdale,BT,Commissioner of Labor,,Dem,"William """"Will"""" Boddie, Jr",803,510,68,0,225
Rockdale,CO,Commissioner of Labor,,Dem,"William """"Will"""" Boddie, Jr",1230,822,86,1,321
Rockdale,FI,Commissioner of Labor,,Dem,"William """"Will"""" Boddie, Jr",2740,1957,191,3,589
Rockdale,FS,Commissioner of Labor,,Dem,"William """"Will"""" Boddie, Jr",1689,1201,147,4,337
Rockdale,HC,Commissioner of Labor,,Dem,"William """"Will"""" Boddie, Jr",760,487,47,0,226
Rockdale,HI,Commissioner of Labor,,Dem,"William """"Will"""" Boddie, Jr",1289,893,95,1,300
Rockdale,LA,Commissioner of Labor,,Dem,"William """"Will"""" Boddie, Jr",637,401,60,1,175
Rockdale,LO,Commissioner of Labor,,Dem,"William """"Will"""" Boddie, Jr",1478,1031,95,2,350
Rockdale,MA,Commissioner of Labor,,Dem,"William """"Will"""" Boddie, Jr",978,631,81,1,265
Rockdale,MI,Commissioner of Labor,,Dem,"William """"Will"""" Boddie, Jr",1566,1080,100,1,385
Rockdale,OT,Commissioner of Labor,,Dem,"William """"Will"""" Boddie, Jr",2323,1541,183,4,595
Rockdale,RO,Commissioner of Labor,,Dem,"William """"Will"""" Boddie, Jr",1961,1451,131,0,379
Rockdale,SM,Commissioner of Labor,,Dem,"William """"Will"""" Boddie, Jr",1777,1305,103,2,367
Rockdale,SP,Commissioner of Labor,,Dem,"William """"Will"""" Boddie, Jr",2053,1464,139,1,449
Rockdale,ST,Commissioner of Labor,,Dem,"William """"Will"""" Boddie, Jr",1134,858,67,1,208
Rockdale,BA,Commissioner of Labor,,Lib,Emily Anderson,69,40,7,0,22
Rockdale,BT,Commissioner of Labor,,Lib,Emily Anderson,54,22,1,0,31
Rockdale,CO,Commissioner of Labor,,Lib,Emily Anderson,42,23,3,0,16
Rockdale,FI,Commissioner of Labor,,Lib,Emily Anderson,70,48,3,0,19
Rockdale,FS,Commissioner of Labor,,Lib,Emily Anderson,44,21,1,0,22
Rockdale,HC,Commissioner of Labor,,Lib,Emily Anderson,51,25,2,0,24
Rockdale,HI,Commissioner of Labor,,Lib,Emily Anderson,53,28,1,0,24
Rockdale,LA,Commissioner of Labor,,Lib,Emily Anderson,34,19,2,0,13
Rockdale,LO,Commissioner of Labor,,Lib,Emily Anderson,51,27,2,0,22
Rockdale,MA,Commissioner of Labor,,Lib,Emily Anderson,38,13,4,0,21
Rockdale,MI,Commissioner of Labor,,Lib,Emily Anderson,50,34,2,0,14
Rockdale,OT,Commissioner of Labor,,Lib,Emily Anderson,72,42,3,0,27
Rockdale,RO,Commissioner of Labor,,Lib,Emily Anderson,71,42,3,0,26
Rockdale,SM,Commissioner of Labor,,Lib,Emily Anderson,52,28,2,0,22
Rockdale,SP,Commissioner of Labor,,Lib,Emily Anderson,79,45,3,0,31
Rockdale,ST,Commissioner of Labor,,Lib,Emily Anderson,50,32,0,0,18
Rockdale,BA,U.S. House,,Rep,Jonathan Chavez,921,522,47,1,351
Rockdale,BT,U.S. House,,Rep,Jonathan Chavez,1272,595,50,0,627
Rockdale,CO,U.S. House,,Rep,Jonathan Chavez,314,184,18,0,112
Rockdale,FI,U.S. House,,Rep,Jonathan Chavez,398,278,22,0,98
Rockdale,FS,U.S. House,,Rep,Jonathan Chavez,420,274,28,0,118
Rockdale,HC,U.S. House,,Rep,Jonathan Chavez,544,311,19,0,214
Rockdale,HI,U.S. House,,Rep,Jonathan Chavez,616,346,22,1,247
Rockdale,LA,U.S. House,,Rep,Jonathan Chavez,252,136,11,0,105
Rockdale,LO,U.S. House,,Rep,Jonathan Chavez,917,392,41,0,484
Rockdale,MA,U.S. House,,Rep,Jonathan Chavez,716,336,32,0,348
Rockdale,MI,U.S. House,,Rep,Jonathan Chavez,388,237,18,1,132
Rockdale,OT,U.S. House,,Rep,Jonathan Chavez,367,238,28,1,100
Rockdale,RO,U.S. House,,Rep,Jonathan Chavez,641,427,32,0,182
Rockdale,SM,U.S. House,,Rep,Jonathan Chavez,551,336,24,3,188
Rockdale,SP,U.S. House,,Rep,Jonathan Chavez,550,361,46,0,143
Rockdale,ST,U.S. House,,Rep,Jonathan Chavez,651,442,56,0,153
Rockdale,BA,U.S. House,,Dem,"Henry C. """"Hank"""" Johnson Jr ",1850,1266,110,3,471
Rockdale,BT,U.S. House,,Dem,"Henry C. """"Hank"""" Johnson Jr ",855,540,68,0,247
Rockdale,CO,U.S. House,,Dem,"Henry C. """"Hank"""" Johnson Jr ",1281,849,87,1,344
Rockdale,FI,U.S. House,,Dem,"Henry C. """"Hank"""" Johnson Jr ",2794,1994,194,3,603
Rockdale,FS,U.S. House,,Dem,"Henry C. """"Hank"""" Johnson Jr ",1736,1237,146,4,349
Rockdale,HC,U.S. House,,Dem,"Henry C. """"Hank"""" Johnson Jr ",805,506,50,0,249
Rockdale,HI,U.S. House,,Dem,"Henry C. """"Hank"""" Johnson Jr ",1331,916,99,1,315
Rockdale,LA,U.S. House,,Dem,"Henry C. """"Hank"""" Johnson Jr ",660,417,61,1,181
Rockdale,LO,U.S. House,,Dem,"Henry C. """"Hank"""" Johnson Jr ",1525,1062,95,2,366
Rockdale,MA,U.S. House,,Dem,"Henry C. """"Hank"""" Johnson Jr ",999,637,83,1,278
Rockdale,MI,U.S. House,,Dem,"Henry C. """"Hank"""" Johnson Jr ",1616,1113,104,1,398
Rockdale,OT,U.S. House,,Dem,"Henry C. """"Hank"""" Johnson Jr ",2376,1564,187,4,621
Rockdale,RO,U.S. House,,Dem,"Henry C. """"Hank"""" Johnson Jr ",2029,1489,140,0,400
Rockdale,SM,U.S. House,,Dem,"Henry C. """"Hank"""" Johnson Jr ",1834,1341,107,1,385
Rockdale,SP,U.S. House,,Dem,"Henry C. """"Hank"""" Johnson Jr ",2100,1501,142,1,456
Rockdale,ST,U.S. House,,Dem,"Henry C. """"Hank"""" Johnson Jr ",1180,892,69,2,217
Rockdale,BA,State Senate,,Rep,Melanie Williams,934,529,49,1,355
Rockdale,BT,State Senate,,Rep,Melanie Williams,1267,600,49,0,618
Rockdale,CO,State Senate,,Rep,Melanie Williams,318,185,15,0,118
Rockdale,FI,State Senate,,Rep,Melanie Williams,384,269,22,0,93
Rockdale,FS,State Senate,,Rep,Melanie Williams,422,273,26,0,123
Rockdale,HC,State Senate,,Rep,Melanie Williams,545,312,19,0,214
Rockdale,HI,State Senate,,Rep,Melanie Williams,608,344,22,1,241
Rockdale,LA,State Senate,,Rep,Melanie Williams,251,141,10,0,100
Rockdale,LO,State Senate,,Rep,Melanie Williams,930,401,40,0,489
Rockdale,MA,State Senate,,Rep,Melanie Williams,706,333,31,0,342
Rockdale,MI,State Senate,,Rep,Melanie Williams,390,238,18,1,133
Rockdale,OT,State Senate,,Rep,Melanie Williams,354,226,25,1,102
Rockdale,RO,State Senate,,Rep,Melanie Williams,639,417,35,0,187
Rockdale,SM,State Senate,,Rep,Melanie Williams,547,340,24,0,183
Rockdale,SP,State Senate,,Rep,Melanie Williams,541,358,46,0,137
Rockdale,ST,State Senate,,Rep,Melanie Williams,650,443,54,0,153
Rockdale,BA,State Senate,,Dem,Tonya P. Anderson ,1833,1258,110,1,464
Rockdale,BT,State Senate,,Dem,Tonya P. Anderson ,857,535,70,0,252
Rockdale,CO,State Senate,,Dem,Tonya P. Anderson ,1267,840,90,1,336
Rockdale,FI,State Senate,,Dem,Tonya P. Anderson ,2790,1994,191,3,602
Rockdale,FS,State Senate,,Dem,Tonya P. Anderson ,1739,1242,150,4,343
Rockdale,HC,State Senate,,Dem,Tonya P. Anderson ,794,498,50,0,246
Rockdale,HI,State Senate,,Dem,Tonya P. Anderson ,1331,916,98,1,316
Rockdale,LA,State Senate,,Dem,Tonya P. Anderson ,650,401,62,1,186
Rockdale,LO,State Senate,,Dem,Tonya P. Anderson ,1508,1048,97,2,361
Rockdale,MA,State Senate,,Dem,Tonya P. Anderson ,1002,635,84,1,282
Rockdale,MI,State Senate,,Dem,Tonya P. Anderson ,1607,1106,105,1,395
Rockdale,OT,State Senate,,Dem,Tonya P. Anderson ,2367,1564,190,4,609
Rockdale,RO,State Senate,,Dem,Tonya P. Anderson ,2024,1498,135,0,391
Rockdale,SM,State Senate,,Dem,Tonya P. Anderson ,1832,1336,107,2,387
Rockdale,SP,State Senate,,Dem,Tonya P. Anderson ,2107,1503,141,1,462
Rockdale,ST,State Senate,,Dem,Tonya P. Anderson ,1176,890,68,2,216
Rockdale,LO,State House,,Dem,Angela Moore ,1836,1190,105,0,541
Rockdale,BA,State House,,Dem,Rhonda S. Taylor ,2195,1468,120,2,605
Rockdale,FI,State House,,Dem,Rhonda S. Taylor ,2935,2093,201,1,640
Rockdale,HC,State House,,Dem,Rhonda S. Taylor ,1005,618,51,0,336
Rockdale,MA,State House,,Dem,Rhonda S. Taylor ,1273,769,89,1,414
Rockdale,RO,State House,,Dem,Rhonda S. Taylor ,2211,1615,134,0,462
Rockdale,SM,State House,,Dem,Rhonda S. Taylor ,2031,1461,111,0,459
Rockdale,SP,State House,,Dem,Rhonda S. Taylor ,2323,1641,153,1,528
Rockdale,ST,State House,,Dem,Rhonda S. Taylor ,1400,1042,82,1,275
Rockdale,CO,State House,,Dem,Doreen Carter ,1396,920,94,1,381
Rockdale,FS,State House,,Dem,Doreen Carter ,1866,1311,156,1,398
Rockdale,LA,State House,,Dem,Doreen Carter ,742,454,62,0,226
Rockdale,MI,State House,,Dem,Doreen Carter ,1747,1185,105,0,457
Rockdale,OT,State House,,Dem,Doreen Carter ,2310,1526,175,0,609
Rockdale,RO,State House,,Dem,Doreen Carter ,24,13,5,0,6
Rockdale,BT,State House,,Rep,Dexter Dawston,1270,596,48,0,626
Rockdale,HI,State House,,Rep,Dexter Dawston,613,344,23,0,246
Rockdale,MI,State House,,Rep,Dexter Dawston,1,1,0,0,0
Rockdale,OT,State House,,Rep,Dexter Dawston,12,6,0,0,6
Rockdale,BT,State House,,Dem,Dar'shun Kendrick ,848,534,71,0,243
Rockdale,HI,State House,,Dem,Dar'shun Kendrick ,1326,914,97,0,315
Rockdale,MI,State House,,Dem,Dar'shun Kendrick ,1,1,0,0,0
Rockdale,OT,State House,,Dem,Dar'shun Kendrick ,175,110,14,0,51
Rockdale,BA,District Attorney,,Dem,Alisha Adams Johnson ,2210,1472,119,1,618
Rockdale,BT,District Attorney,,Dem,Alisha Adams Johnson ,1316,742,84,0,490
Rockdale,CO,District Attorney,,Dem,Alisha Adams Johnson ,1407,929,89,1,388
Rockdale,FI,District Attorney,,Dem,Alisha Adams Johnson ,2945,2107,192,3,643
Rockdale,FS,District Attorney,,Dem,Alisha Adams Johnson ,1880,1324,150,4,402
Rockdale,HC,District Attorney,,Dem,Alisha Adams Johnson ,997,620,49,0,328
Rockdale,HI,District Attorney,,Dem,Alisha Adams Johnson ,1557,1036,104,1,416
Rockdale,LA,District Attorney,,Dem,Alisha Adams Johnson ,761,466,62,1,232
Rockdale,LO,District Attorney,,Dem,Alisha Adams Johnson ,1853,1194,107,2,550
Rockdale,MA,District Attorney,,Dem,Alisha Adams Johnson ,1273,765,90,0,418
Rockdale,MI,District Attorney,,Dem,Alisha Adams Johnson ,1762,1197,104,2,459
Rockdale,OT,District Attorney,,Dem,Alisha Adams Johnson ,2532,1670,187,4,671
Rockdale,RO,District Attorney,,Dem,Alisha Adams Johnson ,2240,1627,138,0,475
Rockdale,SM,District Attorney,,Dem,Alisha Adams Johnson ,2043,1477,108,2,456
Rockdale,SP,District Attorney,,Dem,Alisha Adams Johnson ,2315,1638,147,1,529
Rockdale,ST,District Attorney,,Dem,Alisha Adams Johnson ,1400,1045,80,2,273
Rockdale,BA,County Commission,,Dem,Doreen L. Williams ,2167,1440,122,1,604
Rockdale,BT,County Commission,,Dem,Doreen L. Williams ,1294,732,84,0,478
Rockdale,CO,County Commission,,Dem,Doreen L. Williams ,1397,915,93,1,388
Rockdale,FI,County Commission,,Dem,Doreen L. Williams ,2894,2059,194,3,638
Rockdale,FS,County Commission,,Dem,Doreen L. Williams ,1860,1308,154,4,394
Rockdale,HC,County Commission,,Dem,Doreen L. Williams ,979,600,51,0,328
Rockdale,HI,County Commission,,Dem,Doreen L. Williams ,1539,1025,99,2,413
Rockdale,LA,County Commission,,Dem,Doreen L. Williams ,745,456,63,1,225
Rockdale,LO,County Commission,,Dem,Doreen L. Williams ,1832,1181,105,2,544
Rockdale,MA,County Commission,,Dem,Doreen L. Williams ,1253,751,89,1,412
Rockdale,MI,County Commission,,Dem,Doreen L. Williams ,1737,1177,104,0,456
Rockdale,OT,County Commission,,Dem,Doreen L. Williams ,2521,1654,196,5,666
Rockdale,RO,County Commission,,Dem,Doreen L. Williams ,2225,1618,139,0,468
Rockdale,SM,County Commission,,Dem,Doreen L. Williams ,2013,1442,109,2,460
Rockdale,SP,County Commission,,Dem,Doreen L. Williams ,2277,1609,142,1,525
Rockdale,ST,County Commission,,Dem,Doreen L. Williams ,1364,1020,81,1,262
Rockdale,BA,Soil and Water Conservation District Supervisor,,,Jacob Bailey,1091,700,52,1,338
Rockdale,BT,Soil and Water Conservation District Supervisor,,,Jacob Bailey,819,451,40,0,328
Rockdale,CO,Soil and Water Conservation District Supervisor,,,Jacob Bailey,713,437,60,1,215
Rockdale,FI,Soil and Water Conservation District Supervisor,,,Jacob Bailey,1238,889,65,2,282
Rockdale,FS,Soil and Water Conservation District Supervisor,,,Jacob Bailey,850,609,51,2,188
Rockdale,HC,Soil and Water Conservation District Supervisor,,,Jacob Bailey,502,308,24,0,170
Rockdale,HI,Soil and Water Conservation District Supervisor,,,Jacob Bailey,706,450,47,2,207
Rockdale,LA,Soil and Water Conservation District Supervisor,,,Jacob Bailey,356,214,31,1,110
Rockdale,LO,Soil and Water Conservation District Supervisor,,,Jacob Bailey,932,535,40,0,357
Rockdale,MA,Soil and Water Conservation District Supervisor,,,Jacob Bailey,655,360,42,0,253
Rockdale,MI,Soil and Water Conservation District Supervisor,,,Jacob Bailey,773,527,38,2,206
Rockdale,OT,Soil and Water Conservation District Supervisor,,,Jacob Bailey,1061,693,76,0,292
Rockdale,RO,Soil and Water Conservation District Supervisor,,,Jacob Bailey,1018,721,72,0,225
Rockdale,SM,Soil and Water Conservation District Supervisor,,,Jacob Bailey,926,661,44,2,219
Rockdale,SP,Soil and Water Conservation District Supervisor,,,Jacob Bailey,994,693,72,1,228
Rockdale,ST,Soil and Water Conservation District Supervisor,,,Jacob Bailey,713,508,53,1,151
Rockdale,BA,Soil and Water Conservation District Supervisor,,,Tim Glenn,742,475,46,2,219
Rockdale,BT,Soil and Water Conservation District Supervisor,,,Tim Glenn,562,288,31,0,243
Rockdale,CO,Soil and Water Conservation District Supervisor,,,Tim Glenn,412,253,32,0,127
Rockdale,FI,Soil and Water Conservation District Supervisor,,,Tim Glenn,828,576,62,2,188
Rockdale,FS,Soil and Water Conservation District Supervisor,,,Tim Glenn,588,405,62,1,120
Rockdale,HC,Soil and Water Conservation District Supervisor,,,Tim Glenn,336,194,13,0,129
Rockdale,HI,Soil and Water Conservation District Supervisor,,,Tim Glenn,532,347,30,1,154
Rockdale,LA,Soil and Water Conservation District Supervisor,,,Tim Glenn,232,147,17,0,68
Rockdale,LO,Soil and Water Conservation District Supervisor,,,Tim Glenn,608,356,40,1,211
Rockdale,MA,Soil and Water Conservation District Supervisor,,,Tim Glenn,480,261,41,0,178
Rockdale,MI,Soil and Water Conservation District Supervisor,,,Tim Glenn,536,353,35,0,148
Rockdale,OT,Soil and Water Conservation District Supervisor,,,Tim Glenn,730,474,54,1,201
Rockdale,RO,Soil and Water Conservation District Supervisor,,,Tim Glenn,760,539,52,0,169
Rockdale,SM,Soil and Water Conservation District Supervisor,,,Tim Glenn,636,436,48,1,151
Rockdale,SP,Soil and Water Conservation District Supervisor,,,Tim Glenn,764,525,65,0,174
Rockdale,ST,Soil and Water Conservation District Supervisor,,,Tim Glenn,457,336,34,0,87
Rockdale,BA,Soil and Water Conservation District Supervisor,,,Tom Clark Harrison,848,539,39,1,269
Rockdale,BT,Soil and Water Conservation District Supervisor,,,Tom Clark Harrison,668,374,34,0,260
Rockdale,CO,Soil and Water Conservation District Supervisor,,,Tom Clark Harrison,519,336,33,0,150
Rockdale,FI,Soil and Water Conservation District Supervisor,,,Tom Clark Harrison,947,683,55,1,208
Rockdale,FS,Soil and Water Conservation District Supervisor,,,Tom Clark Harrison,608,441,42,1,124
Rockdale,HC,Soil and Water Conservation District Supervisor,,,Tom Clark Harrison,451,268,22,0,161
Rockdale,HI,Soil and Water Conservation District Supervisor,,,Tom Clark Harrison,585,372,46,0,167
Rockdale,LA,Soil and Water Conservation District Supervisor,,,Tom Clark Harrison,255,153,17,0,85
Rockdale,LO,Soil and Water Conservation District Supervisor,,,Tom Clark Harrison,705,434,37,0,234
Rockdale,MA,Soil and Water Conservation District Supervisor,,,Tom Clark Harrison,501,281,30,0,190
Rockdale,MI,Soil and Water Conservation District Supervisor,,,Tom Clark Harrison,592,398,25,0,169
Rockdale,OT,Soil and Water Conservation District Supervisor,,,Tom Clark Harrison,855,564,65,0,226
Rockdale,RO,Soil and Water Conservation District Supervisor,,,Tom Clark Harrison,753,543,48,0,162
Rockdale,SM,Soil and Water Conservation District Supervisor,,,Tom Clark Harrison,691,479,29,1,182
Rockdale,SP,Soil and Water Conservation District Supervisor,,,Tom Clark Harrison,791,568,49,0,174
Rockdale,ST,Soil and Water Conservation District Supervisor,,,Tom Clark Harrison,555,409,37,1,108
Rockdale,BA,Soil and Water Conservation District Supervisor,,,Kenny Johnson ,1704,1151,93,1,459
Rockdale,BT,Soil and Water Conservation District Supervisor,,,Kenny Johnson ,1100,595,75,0,430
Rockdale,CO,Soil and Water Conservation District Supervisor,,,Kenny Johnson ,947,624,68,1,254
Rockdale,FI,Soil and Water Conservation District Supervisor,,,Kenny Johnson ,2069,1518,146,0,405
Rockdale,FS,Soil and Water Conservation District Supervisor,,,Kenny Johnson ,1423,1010,122,4,287
Rockdale,HC,Soil and Water Conservation District Supervisor,,,Kenny Johnson ,777,482,39,0,256
Rockdale,HI,Soil and Water Conservation District Supervisor,,,Kenny Johnson ,1127,757,72,1,297
Rockdale,LA,Soil and Water Conservation District Supervisor,,,Kenny Johnson ,552,343,51,1,157
Rockdale,LO,Soil and Water Conservation District Supervisor,,,Kenny Johnson ,1527,945,91,1,490
Rockdale,MA,Soil and Water Conservation District Supervisor,,,Kenny Johnson ,979,570,66,1,342
Rockdale,MI,Soil and Water Conservation District Supervisor,,,Kenny Johnson ,1234,842,84,1,307
Rockdale,OT,Soil and Water Conservation District Supervisor,,,Kenny Johnson ,1659,1113,147,4,395
Rockdale,RO,Soil and Water Conservation District Supervisor,,,Kenny Johnson ,1656,1214,112,0,330
Rockdale,SM,Soil and Water Conservation District Supervisor,,,Kenny Johnson ,1515,1090,82,1,342
Rockdale,SP,Soil and Water Conservation District Supervisor,,,Kenny Johnson ,1702,1206,126,1,369
Rockdale,ST,Soil and Water Conservation District Supervisor,,,Kenny Johnson ,1114,821,69,1,223
Rockdale,BA,Soil and Water Conservation District Supervisor,,,George Kelecheck ,1385,919,75,1,390
Rockdale,BT,Soil and Water Conservation District Supervisor,,,George Kelecheck ,932,493,71,0,368
Rockdale,CO,Soil and Water Conservation District Supervisor,,,George Kelecheck ,714,461,52,1,200
Rockdale,FI,Soil and Water Conservation District Supervisor,,,George Kelecheck ,1550,1119,115,0,316
Rockdale,FS,Soil and Water Conservation District Supervisor,,,George Kelecheck ,1055,763,100,2,190
Rockdale,HC,Soil and Water Conservation District Supervisor,,,George Kelecheck ,705,435,36,0,234
Rockdale,HI,Soil and Water Conservation District Supervisor,,,George Kelecheck ,878,588,62,0,228
Rockdale,LA,Soil and Water Conservation District Supervisor,,,George Kelecheck ,418,241,49,1,127
Rockdale,LO,Soil and Water Conservation District Supervisor,,,George Kelecheck ,1255,789,77,1,388
Rockdale,MA,Soil and Water Conservation District Supervisor,,,George Kelecheck ,818,471,54,0,293
Rockdale,MI,Soil and Water Conservation District Supervisor,,,George Kelecheck ,926,625,71,0,230
Rockdale,OT,Soil and Water Conservation District Supervisor,,,George Kelecheck ,1170,775,107,0,288
Rockdale,RO,Soil and Water Conservation District Supervisor,,,George Kelecheck ,1273,929,103,0,241
Rockdale,SM,Soil and Water Conservation District Supervisor,,,George Kelecheck ,1211,875,65,1,270
Rockdale,SP,Soil and Water Conservation District Supervisor,,,George Kelecheck ,1267,895,100,1,271
Rockdale,ST,Soil and Water Conservation District Supervisor,,,George Kelecheck ,874,633,63,1,177
Rockdale,BA,Soil and Water Conservation District Supervisor,,,Clayton Orwig,324,180,29,0,115
Rockdale,BT,Soil and Water Conservation District Supervisor,,,Clayton Orwig,251,132,24,0,95
Rockdale,CO,Soil and Water Conservation District Supervisor,,,Clayton Orwig,176,111,19,0,46
Rockdale,FI,Soil and Water Conservation District Supervisor,,,Clayton Orwig,422,278,41,0,103
Rockdale,FS,Soil and Water Conservation District Supervisor,,,Clayton Orwig,253,168,26,1,58
Rockdale,HC,Soil and Water Conservation District Supervisor,,,Clayton Orwig,159,100,12,0,47
Rockdale,HI,Soil and Water Conservation District Supervisor,,,Clayton Orwig,243,145,31,0,67
Rockdale,LA,Soil and Water Conservation District Supervisor,,,Clayton Orwig,103,63,11,0,29
Rockdale,LO,Soil and Water Conservation District Supervisor,,,Clayton Orwig,302,178,34,0,90
Rockdale,MA,Soil and Water Conservation District Supervisor,,,Clayton Orwig,195,104,19,0,72
Rockdale,MI,Soil and Water Conservation District Supervisor,,,Clayton Orwig,268,153,18,1,96
Rockdale,OT,Soil and Water Conservation District Supervisor,,,Clayton Orwig,349,218,35,1,95
Rockdale,RO,Soil and Water Conservation District Supervisor,,,Clayton Orwig,305,227,21,0,57
Rockdale,SM,Soil and Water Conservation District Supervisor,,,Clayton Orwig,242,162,20,0,60
Rockdale,SP,Soil and Water Conservation District Supervisor,,,Clayton Orwig,273,186,20,0,67
Rockdale,ST,Soil and Water Conservation District Supervisor,,,Clayton Orwig,204,141,20,0,43
Rockdale,BA,Proposed Constitutional Amendment 1,,,Yes,2420,1578,139,2,701
Rockdale,BT,Proposed Constitutional Amendment 1,,,Yes,1813,983,114,0,716
Rockdale,CO,Proposed Constitutional Amendment 1,,,Yes,1383,902,89,1,391
Rockdale,FI,Proposed Constitutional Amendment 1,,,Yes,2734,1953,181,2,598
Rockdale,FS,Proposed Constitutional Amendment 1,,,Yes,1884,1331,154,3,396
Rockdale,HC,Proposed Constitutional Amendment 1,,,Yes,1126,690,60,0,376
Rockdale,HI,Proposed Constitutional Amendment 1,,,Yes,1647,1071,107,1,468
Rockdale,LA,Proposed Constitutional Amendment 1,,,Yes,771,474,63,1,233
Rockdale,LO,Proposed Constitutional Amendment 1,,,Yes,2115,1275,127,1,712
Rockdale,MA,Proposed Constitutional Amendment 1,,,Yes,1476,851,102,1,522
Rockdale,MI,Proposed Constitutional Amendment 1,,,Yes,1744,1185,99,2,458
Rockdale,OT,Proposed Constitutional Amendment 1,,,Yes,2348,1562,178,3,605
Rockdale,RO,Proposed Constitutional Amendment 1,,,Yes,2307,1646,159,0,502
Rockdale,SM,Proposed Constitutional Amendment 1,,,Yes,2077,1482,105,2,488
Rockdale,SP,Proposed Constitutional Amendment 1,,,Yes,2265,1603,156,1,505
Rockdale,ST,Proposed Constitutional Amendment 1,,,Yes,1586,1157,111,1,317
Rockdale,BA,Proposed Constitutional Amendment 1,,,No,328,193,14,0,121
Rockdale,BT,Proposed Constitutional Amendment 1,,,No,272,133,4,0,135
Rockdale,CO,Proposed Constitutional Amendment 1,,,No,198,126,13,0,59
Rockdale,FI,Proposed Constitutional Amendment 1,,,No,410,288,24,0,98
Rockdale,FS,Proposed Constitutional Amendment 1,,,No,249,175,11,0,63
Rockdale,HC,Proposed Constitutional Amendment 1,,,No,208,121,6,0,81
Rockdale,HI,Proposed Constitutional Amendment 1,,,No,247,163,10,1,73
Rockdale,LA,Proposed Constitutional Amendment 1,,,No,124,70,9,0,45
Rockdale,LO,Proposed Constitutional Amendment 1,,,No,303,170,7,0,126
Rockdale,MA,Proposed Constitutional Amendment 1,,,No,221,115,9,0,97
Rockdale,MI,Proposed Constitutional Amendment 1,,,No,224,144,14,0,66
Rockdale,OT,Proposed Constitutional Amendment 1,,,No,346,214,22,1,109
Rockdale,RO,Proposed Constitutional Amendment 1,,,No,327,243,10,0,74
Rockdale,SM,Proposed Constitutional Amendment 1,,,No,272,176,15,0,81
Rockdale,SP,Proposed Constitutional Amendment 1,,,No,341,225,30,0,86
Rockdale,ST,Proposed Constitutional Amendment 1,,,No,220,162,8,1,49
Rockdale,BA,Proposed Constitutional Amendment 2,,,Yes,2521,1628,145,2,746
Rockdale,BT,Proposed Constitutional Amendment 2,,,Yes,1906,1025,112,0,769
Rockdale,CO,Proposed Constitutional Amendment 2,,,Yes,1459,937,98,1,423
Rockdale,FI,Proposed Constitutional Amendment 2,,,Yes,2965,2099,200,2,664
Rockdale,FS,Proposed Constitutional Amendment 2,,,Yes,2014,1407,165,4,438
Rockdale,HC,Proposed Constitutional Amendment 2,,,Yes,1216,744,65,0,407
Rockdale,HI,Proposed Constitutional Amendment 2,,,Yes,1756,1138,112,2,504
Rockdale,LA,Proposed Constitutional Amendment 2,,,Yes,829,501,70,1,257
Rockdale,LO,Proposed Constitutional Amendment 2,,,Yes,2181,1311,124,1,745
Rockdale,MA,Proposed Constitutional Amendment 2,,,Yes,1557,892,105,1,559
Rockdale,MI,Proposed Constitutional Amendment 2,,,Yes,1841,1232,115,2,492
Rockdale,OT,Proposed Constitutional Amendment 2,,,Yes,2532,1678,193,4,657
Rockdale,RO,Proposed Constitutional Amendment 2,,,Yes,2425,1729,169,0,527
Rockdale,SM,Proposed Constitutional Amendment 2,,,Yes,2177,1530,123,4,520
Rockdale,SP,Proposed Constitutional Amendment 2,,,Yes,2423,1700,175,1,547
Rockdale,ST,Proposed Constitutional Amendment 2,,,Yes,1641,1192,112,2,335
Rockdale,BA,Proposed Constitutional Amendment 2,,,No,237,150,11,0,76
Rockdale,BT,Proposed Constitutional Amendment 2,,,No,197,98,7,0,92
Rockdale,CO,Proposed Constitutional Amendment 2,,,No,128,94,6,0,28
Rockdale,FI,Proposed Constitutional Amendment 2,,,No,199,155,7,0,37
Rockdale,FS,Proposed Constitutional Amendment 2,,,No,143,107,5,0,31
Rockdale,HC,Proposed Constitutional Amendment 2,,,No,123,69,2,0,52
Rockdale,HI,Proposed Constitutional Amendment 2,,,No,158,106,8,0,44
Rockdale,LA,Proposed Constitutional Amendment 2,,,No,69,47,1,0,21
Rockdale,LO,Proposed Constitutional Amendment 2,,,No,249,137,11,0,101
Rockdale,MA,Proposed Constitutional Amendment 2,,,No,153,80,6,0,67
Rockdale,MI,Proposed Constitutional Amendment 2,,,No,143,106,3,0,34
Rockdale,OT,Proposed Constitutional Amendment 2,,,No,181,109,12,0,60
Rockdale,RO,Proposed Constitutional Amendment 2,,,No,218,166,3,0,49
Rockdale,SM,Proposed Constitutional Amendment 2,,,No,196,140,7,0,49
Rockdale,SP,Proposed Constitutional Amendment 2,,,No,195,137,12,0,46
Rockdale,ST,Proposed Constitutional Amendment 2,,,No,173,128,12,0,33
Rockdale,BA,Statewide Referendum Question 1,,,Yes,1511,956,63,2,490
Rockdale,BT,Statewide Referendum Question 1,,,Yes,1216,629,47,0,540
Rockdale,CO,Statewide Referendum Question 1,,,Yes,953,585,66,0,302
Rockdale,FI,Statewide Referendum Question 1,,,Yes,1838,1281,95,1,461
Rockdale,FS,Statewide Referendum Question 1,,,Yes,1198,819,86,3,290
Rockdale,HC,Statewide Referendum Question 1,,,Yes,732,437,34,0,261
Rockdale,HI,Statewide Referendum Question 1,,,Yes,1110,698,58,1,353
Rockdale,LA,Statewide Referendum Question 1,,,Yes,492,288,27,1,176
Rockdale,LO,Statewide Referendum Question 1,,,Yes,1325,771,47,0,507
Rockdale,MA,Statewide Referendum Question 1,,,Yes,917,521,50,1,345
Rockdale,MI,Statewide Referendum Question 1,,,Yes,1158,755,53,1,349
Rockdale,OT,Statewide Referendum Question 1,,,Yes,1653,1069,98,4,482
Rockdale,RO,Statewide Referendum Question 1,,,Yes,1444,1020,73,0,351
Rockdale,SM,Statewide Referendum Question 1,,,Yes,1341,911,59,1,370
Rockdale,SP,Statewide Referendum Question 1,,,Yes,1483,1018,91,1,373
Rockdale,ST,Statewide Referendum Question 1,,,Yes,990,700,61,1,228
Rockdale,BA,Statewide Referendum Question 1,,,No,1193,791,81,0,321
Rockdale,BT,Statewide Referendum Question 1,,,No,818,453,65,0,300
Rockdale,CO,Statewide Referendum Question 1,,,No,594,420,36,1,137
Rockdale,FI,Statewide Referendum Question 1,,,No,1263,926,108,1,228
Rockdale,FS,Statewide Referendum Question 1,,,No,897,656,79,0,162
Rockdale,HC,Statewide Referendum Question 1,,,No,586,363,33,0,190
Rockdale,HI,Statewide Referendum Question 1,,,No,760,520,58,1,181
Rockdale,LA,Statewide Referendum Question 1,,,No,397,256,42,0,99
Rockdale,LO,Statewide Referendum Question 1,,,No,1047,649,82,1,315
Rockdale,MA,Statewide Referendum Question 1,,,No,753,427,59,0,267
Rockdale,MI,Statewide Referendum Question 1,,,No,774,545,59,1,169
Rockdale,OT,Statewide Referendum Question 1,,,No,1000,676,101,0,223
Rockdale,RO,Statewide Referendum Question 1,,,No,1139,835,95,0,209
Rockdale,SM,Statewide Referendum Question 1,,,No,973,720,60,1,192
Rockdale,SP,Statewide Referendum Question 1,,,No,1068,774,91,0,203
Rockdale,ST,Statewide Referendum Question 1,,,No,789,595,59,1,134
Rockdale,BA,Statewide Referendum Question 2,,,Yes,1979,1252,90,2,635
Rockdale,BT,Statewide Referendum Question 2,,,Yes,1615,839,76,0,700
Rockdale,CO,Statewide Referendum Question 2,,,Yes,1183,755,71,0,357
Rockdale,FI,Statewide Referendum Question 2,,,Yes,2255,1582,134,2,537
Rockdale,FS,Statewide Referendum Question 2,,,Yes,1538,1062,116,3,357
Rockdale,HC,Statewide Referendum Question 2,,,Yes,967,589,45,0,333
Rockdale,HI,Statewide Referendum Question 2,,,Yes,1399,902,79,1,417
Rockdale,LA,Statewide Referendum Question 2,,,Yes,633,383,43,1,206
Rockdale,LO,Statewide Referendum Question 2,,,Yes,1755,1032,85,1,637
Rockdale,MA,Statewide Referendum Question 2,,,Yes,1249,704,77,0,468
Rockdale,MI,Statewide Referendum Question 2,,,Yes,1437,945,74,1,417
Rockdale,OT,Statewide Referendum Question 2,,,Yes,1976,1291,131,3,551
Rockdale,RO,Statewide Referendum Question 2,,,Yes,1830,1268,114,0,448
Rockdale,SM,Statewide Referendum Question 2,,,Yes,1678,1149,81,3,445
Rockdale,SP,Statewide Referendum Question 2,,,Yes,1850,1277,109,1,463
Rockdale,ST,Statewide Referendum Question 2,,,Yes,1290,925,76,2,287
Rockdale,BA,Statewide Referendum Question 2,,,No,735,498,57,0,180
Rockdale,BT,Statewide Referendum Question 2,,,No,432,249,36,0,147
Rockdale,CO,Statewide Referendum Question 2,,,No,366,256,26,1,83
Rockdale,FI,Statewide Referendum Question 2,,,No,847,627,66,0,154
Rockdale,FS,Statewide Referendum Question 2,,,No,558,410,51,0,97
Rockdale,HC,Statewide Referendum Question 2,,,No,347,209,22,0,116
Rockdale,HI,Statewide Referendum Question 2,,,No,468,315,38,1,114
Rockdale,LA,Statewide Referendum Question 2,,,No,252,158,26,0,68
Rockdale,LO,Statewide Referendum Question 2,,,No,624,392,45,0,187
Rockdale,MA,Statewide Referendum Question 2,,,No,430,248,31,1,150
Rockdale,MI,Statewide Referendum Question 2,,,No,506,365,41,0,100
Rockdale,OT,Statewide Referendum Question 2,,,No,669,447,68,1,153
Rockdale,RO,Statewide Referendum Question 2,,,No,761,592,52,0,117
Rockdale,SM,Statewide Referendum Question 2,,,No,645,486,41,1,117
Rockdale,SP,Statewide Referendum Question 2,,,No,698,507,74,0,117
Rockdale,ST,Statewide Referendum Question 2,,,No,483,365,45,0,73
Rockdale,BA,Rockdale County School District Homestead Exemption,,,Yes,2474,1594,139,2,739
Rockdale,BT,Rockdale County School District Homestead Exemption,,,Yes,1912,1024,110,0,778
Rockdale,CO,Rockdale County School District Homestead Exemption,,,Yes,1402,907,94,1,400
Rockdale,FI,Rockdale County School District Homestead Exemption,,,Yes,2844,2046,190,1,607
Rockdale,FS,Rockdale County School District Homestead Exemption,,,Yes,1948,1375,158,4,411
Rockdale,HC,Rockdale County School District Homestead Exemption,,,Yes,1196,735,60,0,401
Rockdale,HI,Rockdale County School District Homestead Exemption,,,Yes,1712,1118,108,2,484
Rockdale,LA,Rockdale County School District Homestead Exemption,,,Yes,787,480,64,1,242
Rockdale,LO,Rockdale County School District Homestead Exemption,,,Yes,2197,1327,124,1,745
Rockdale,MA,Rockdale County School District Homestead Exemption,,,Yes,1554,886,104,1,563
Rockdale,MI,Rockdale County School District Homestead Exemption,,,Yes,1788,1219,110,2,457
Rockdale,OT,Rockdale County School District Homestead Exemption,,,Yes,2385,1580,180,4,621
Rockdale,RO,Rockdale County School District Homestead Exemption,,,Yes,2372,1709,149,0,514
Rockdale,SM,Rockdale County School District Homestead Exemption,,,Yes,2142,1518,116,3,505
Rockdale,SP,Rockdale County School District Homestead Exemption,,,Yes,2363,1668,175,1,519
Rockdale,ST,Rockdale County School District Homestead Exemption,,,Yes,1625,1185,116,2,322
Rockdale,BA,Rockdale County School District Homestead Exemption,,,No,262,170,14,0,78
Rockdale,BT,Rockdale County School District Homestead Exemption,,,No,168,90,8,0,70
Rockdale,CO,Rockdale County School District Homestead Exemption,,,No,164,110,8,0,46
Rockdale,FI,Rockdale County School District Homestead Exemption,,,No,303,200,18,1,84
Rockdale,FS,Rockdale County School District Homestead Exemption,,,No,197,133,12,0,52
Rockdale,HC,Rockdale County School District Homestead Exemption,,,No,135,73,7,0,55
Rockdale,HI,Rockdale County School District Homestead Exemption,,,No,192,122,11,0,59
Rockdale,LA,Rockdale County School District Homestead Exemption,,,No,108,64,8,0,36
Rockdale,LO,Rockdale County School District Homestead Exemption,,,No,219,119,10,0,90
Rockdale,MA,Rockdale County School District Homestead Exemption,,,No,149,77,9,0,63
Rockdale,MI,Rockdale County School District Homestead Exemption,,,No,183,109,9,0,65
Rockdale,OT,Rockdale County School District Homestead Exemption,,,No,308,191,26,0,91
Rockdale,RO,Rockdale County School District Homestead Exemption,,,No,264,182,22,0,60
Rockdale,SM,Rockdale County School District Homestead Exemption,,,No,227,153,13,1,60
Rockdale,SP,Rockdale County School District Homestead Exemption,,,No,238,159,13,0,66
Rockdale,ST,Rockdale County School District Homestead Exemption,,,No,183,132,9,0,42
