county,precinct,office,district,party,candidate,votes,advance_voting_votes,absentee_by_mail_votes,provisional_votes,election_day_votes
Colquitt,Shaw ,U.S. Senate,,Rep,Herschel Walker,290,209,8,0,73
Colquitt,Moultrie,U.S. Senate,,Rep,Herschel Walker,1396,870,73,0,453
Colquitt,Autreyville,U.S. Senate,,Rep,Herschel Walker,606,278,10,0,318
Colquitt,Bridgecreek,U.S. Senate,,Rep,Herschel Walker,641,315,14,0,312
Colquitt,Crosland,U.S. Senate,,Rep,Herschel Walker,113,16,1,0,96
Colquitt,Doerun,U.S. Senate,,Rep,Herschel Walker,248,67,6,0,175
Colquitt,Funston,U.S. Senate,,Rep,Herschel Walker,519,199,10,0,310
Colquitt,Hamilton,U.S. Senate,,Rep,Herschel Walker,401,123,8,0,270
Colquitt,Hartsfield,U.S. Senate,,Rep,Herschel Walker,260,73,8,0,179
Colquitt,Hopewell,U.S. Senate,,Rep,Herschel Walker,775,413,15,1,346
Colquitt,Lee,U.S. Senate,,Rep,Herschel Walker,438,184,13,0,241
Colquitt,Millcreek,U.S. Senate,,Rep,Herschel Walker,219,82,3,0,134
Colquitt,Monk,U.S. Senate,,Rep,Herschel Walker,714,324,29,0,361
Colquitt,Murphy,U.S. Senate,,Rep,Herschel Walker,589,318,11,0,260
Colquitt,Norman Park,U.S. Senate,,Rep,Herschel Walker,916,463,20,0,433
Colquitt,Robinson,U.S. Senate,,Rep,Herschel Walker,382,123,7,0,252
Colquitt,Thigpen,U.S. Senate,,Rep,Herschel Walker,125,35,2,0,88
Colquitt,TyTy,U.S. Senate,,Rep,Herschel Walker,273,44,4,0,225
Colquitt,Warrior,U.S. Senate,,Rep,Herschel Walker,485,150,14,0,321
Colquitt,Shaw ,U.S. Senate,,Dem,Raphael Warnock ,829,432,69,0,328
Colquitt,Moultrie,U.S. Senate,,Dem,Raphael Warnock ,876,501,88,0,287
Colquitt,Autreyville,U.S. Senate,,Dem,Raphael Warnock ,144,84,6,1,53
Colquitt,Bridgecreek,U.S. Senate,,Dem,Raphael Warnock ,67,37,12,0,18
Colquitt,Crosland,U.S. Senate,,Dem,Raphael Warnock ,39,12,5,0,22
Colquitt,Doerun,U.S. Senate,,Dem,Raphael Warnock ,103,24,3,0,76
Colquitt,Funston,U.S. Senate,,Dem,Raphael Warnock ,71,38,4,0,29
Colquitt,Hamilton,U.S. Senate,,Dem,Raphael Warnock ,33,15,1,0,17
Colquitt,Hartsfield,U.S. Senate,,Dem,Raphael Warnock ,20,6,4,0,10
Colquitt,Hopewell,U.S. Senate,,Dem,Raphael Warnock ,115,68,8,1,38
Colquitt,Lee,U.S. Senate,,Dem,Raphael Warnock ,71,49,4,0,18
Colquitt,Millcreek,U.S. Senate,,Dem,Raphael Warnock ,26,12,0,0,14
Colquitt,Monk,U.S. Senate,,Dem,Raphael Warnock ,130,73,17,0,40
Colquitt,Murphy,U.S. Senate,,Dem,Raphael Warnock ,67,42,8,0,17
Colquitt,Norman Park,U.S. Senate,,Dem,Raphael Warnock ,233,134,21,0,78
Colquitt,Robinson,U.S. Senate,,Dem,Raphael Warnock ,68,29,4,0,35
Colquitt,Thigpen,U.S. Senate,,Dem,Raphael Warnock ,15,3,0,0,12
Colquitt,TyTy,U.S. Senate,,Dem,Raphael Warnock ,19,8,2,0,9
Colquitt,Warrior,U.S. Senate,,Dem,Raphael Warnock ,40,13,0,0,27
Colquitt,Shaw ,U.S. Senate,,L,Chase Oliver,11,8,1,0,2
Colquitt,Moultrie,U.S. Senate,,L,Chase Oliver,46,24,0,0,22
Colquitt,Autreyville,U.S. Senate,,L,Chase Oliver,9,1,2,0,6
Colquitt,Bridgecreek,U.S. Senate,,L,Chase Oliver,13,6,0,0,7
Colquitt,Crosland,U.S. Senate,,L,Chase Oliver,1,1,0,0,0
Colquitt,Doerun,U.S. Senate,,L,Chase Oliver,3,1,0,0,2
Colquitt,Funston,U.S. Senate,,L,Chase Oliver,10,7,0,0,3
Colquitt,Hamilton,U.S. Senate,,L,Chase Oliver,4,0,0,0,4
Colquitt,Hartsfield,U.S. Senate,,L,Chase Oliver,1,0,0,0,1
Colquitt,Hopewell,U.S. Senate,,L,Chase Oliver,15,10,1,0,4
Colquitt,Lee,U.S. Senate,,L,Chase Oliver,7,5,1,0,1
Colquitt,Millcreek,U.S. Senate,,L,Chase Oliver,4,3,0,0,1
Colquitt,Monk,U.S. Senate,,L,Chase Oliver,20,10,4,0,6
Colquitt,Murphy,U.S. Senate,,L,Chase Oliver,6,3,0,0,3
Colquitt,Norman Park,U.S. Senate,,L,Chase Oliver,25,10,0,0,15
Colquitt,Robinson,U.S. Senate,,L,Chase Oliver,6,2,0,0,4
Colquitt,Thigpen,U.S. Senate,,L,Chase Oliver,1,0,0,0,1
Colquitt,TyTy,U.S. Senate,,L,Chase Oliver,4,0,1,0,3
Colquitt,Warrior,U.S. Senate,,L,Chase Oliver,6,1,0,0,5
Colquitt,Shaw ,Governor,,Rep,Brian Kemp ,304,226,8,0,70
Colquitt,Moultrie,Governor,,Rep,Brian Kemp ,1525,942,90,0,493
Colquitt,Autreyville,Governor,,Rep,Brian Kemp ,623,283,12,0,328
Colquitt,Bridgecreek,Governor,,Rep,Brian Kemp ,667,326,15,0,326
Colquitt,Crosland,Governor,,Rep,Brian Kemp ,117,17,1,0,99
Colquitt,Doerun,Governor,,Rep,Brian Kemp ,263,69,6,0,188
Colquitt,Funston,Governor,,Rep,Brian Kemp ,538,208,10,0,320
Colquitt,Hamilton,Governor,,Rep,Brian Kemp ,417,128,8,0,281
Colquitt,Hartsfield,Governor,,Rep,Brian Kemp ,270,73,11,0,186
Colquitt,Hopewell,Governor,,Rep,Brian Kemp ,807,440,16,1,350
Colquitt,Lee,Governor,,Rep,Brian Kemp ,464,200,14,0,250
Colquitt,Millcreek,Governor,,Rep,Brian Kemp ,231,87,3,0,141
Colquitt,Monk,Governor,,Rep,Brian Kemp ,753,342,38,0,373
Colquitt,Murphy,Governor,,Rep,Brian Kemp ,605,323,13,0,269
Colquitt,Norman Park,Governor,,Rep,Brian Kemp ,960,484,21,0,455
Colquitt,Robinson,Governor,,Rep,Brian Kemp ,405,130,7,0,268
Colquitt,Thigpen,Governor,,Rep,Brian Kemp ,132,36,2,0,94
Colquitt,TyTy,Governor,,Rep,Brian Kemp ,279,45,4,0,230
Colquitt,Warrior,Governor,,Rep,Brian Kemp ,500,154,14,0,332
Colquitt,Shaw ,Governor,,Dem,Stacey Abrams,833,428,71,0,334
Colquitt,Moultrie,Governor,,Dem,Stacey Abrams,787,452,71,0,264
Colquitt,Autreyville,Governor,,Dem,Stacey Abrams,133,80,6,1,46
Colquitt,Bridgecreek,Governor,,Dem,Stacey Abrams,49,30,11,0,8
Colquitt,Crosland,Governor,,Dem,Stacey Abrams,35,12,5,0,18
Colquitt,Doerun,Governor,,Dem,Stacey Abrams,97,23,3,0,71
Colquitt,Funston,Governor,,Dem,Stacey Abrams,61,35,4,0,22
Colquitt,Hamilton,Governor,,Dem,Stacey Abrams,22,10,1,0,11
Colquitt,Hartsfield,Governor,,Dem,Stacey Abrams,11,6,1,0,4
Colquitt,Hopewell,Governor,,Dem,Stacey Abrams,95,53,8,1,33
Colquitt,Lee,Governor,,Dem,Stacey Abrams,53,38,4,0,11
Colquitt,Millcreek,Governor,,Dem,Stacey Abrams,18,10,0,0,8
Colquitt,Monk,Governor,,Dem,Stacey Abrams,110,65,12,0,33
Colquitt,Murphy,Governor,,Dem,Stacey Abrams,57,40,6,0,11
Colquitt,Norman Park,Governor,,Dem,Stacey Abrams,211,123,20,0,68
Colquitt,Robinson,Governor,,Dem,Stacey Abrams,52,25,4,0,23
Colquitt,Thigpen,Governor,,Dem,Stacey Abrams,10,2,0,0,8
Colquitt,TyTy,Governor,,Dem,Stacey Abrams,16,7,2,0,7
Colquitt,Warrior,Governor,,Dem,Stacey Abrams,34,11,0,0,23
Colquitt,Shaw ,Governor,,L,Shane Hazel,1,1,0,0,0
Colquitt,Moultrie,Governor,,L,Shane Hazel,17,11,1,0,5
Colquitt,Autreyville,Governor,,L,Shane Hazel,3,0,0,0,3
Colquitt,Bridgecreek,Governor,,L,Shane Hazel,5,1,0,0,4
Colquitt,Crosland,Governor,,L,Shane Hazel,1,0,0,0,1
Colquitt,Doerun,Governor,,L,Shane Hazel,0,0,0,0,0
Colquitt,Funston,Governor,,L,Shane Hazel,2,0,0,0,2
Colquitt,Hamilton,Governor,,L,Shane Hazel,1,0,0,0,1
Colquitt,Hartsfield,Governor,,L,Shane Hazel,0,0,0,0,0
Colquitt,Hopewell,Governor,,L,Shane Hazel,6,1,0,0,5
Colquitt,Lee,Governor,,L,Shane Hazel,1,0,0,0,1
Colquitt,Millcreek,Governor,,L,Shane Hazel,0,0,0,0,0
Colquitt,Monk,Governor,,L,Shane Hazel,4,1,0,0,3
Colquitt,Murphy,Governor,,L,Shane Hazel,2,1,0,0,1
Colquitt,Norman Park,Governor,,L,Shane Hazel,5,1,0,0,4
Colquitt,Robinson,Governor,,L,Shane Hazel,1,0,0,0,1
Colquitt,Thigpen,Governor,,L,Shane Hazel,0,0,0,0,0
Colquitt,TyTy,Governor,,L,Shane Hazel,1,0,1,0,0
Colquitt,Warrior,Governor,,L,Shane Hazel,4,1,0,0,3
Colquitt,Shaw ,Lieutenant Governor,,Rep,Burt Jones,299,220,9,0,70
Colquitt,Moultrie,Lieutenant Governor,,Rep,Burt Jones,1468,904,83,0,481
Colquitt,Autreyville,Lieutenant Governor,,Rep,Burt Jones,613,276,11,0,326
Colquitt,Bridgecreek,Lieutenant Governor,,Rep,Burt Jones,649,317,15,0,317
Colquitt,Crosland,Lieutenant Governor,,Rep,Burt Jones,116,18,1,0,97
Colquitt,Doerun,Lieutenant Governor,,Rep,Burt Jones,248,67,6,0,175
Colquitt,Funston,Lieutenant Governor,,Rep,Burt Jones,533,207,11,0,315
Colquitt,Hamilton,Lieutenant Governor,,Rep,Burt Jones,406,125,8,0,273
Colquitt,Hartsfield,Lieutenant Governor,,Rep,Burt Jones,263,73,10,0,180
Colquitt,Hopewell,Lieutenant Governor,,Rep,Burt Jones,788,425,16,1,346
Colquitt,Lee,Lieutenant Governor,,Rep,Burt Jones,452,193,14,0,245
Colquitt,Millcreek,Lieutenant Governor,,Rep,Burt Jones,227,85,3,0,139
Colquitt,Monk,Lieutenant Governor,,Rep,Burt Jones,734,335,35,0,364
Colquitt,Murphy,Lieutenant Governor,,Rep,Burt Jones,598,323,12,0,263
Colquitt,Norman Park,Lieutenant Governor,,Rep,Burt Jones,951,482,23,0,446
Colquitt,Robinson,Lieutenant Governor,,Rep,Burt Jones,393,127,7,0,259
Colquitt,Thigpen,Lieutenant Governor,,Rep,Burt Jones,126,35,2,0,89
Colquitt,TyTy,Lieutenant Governor,,Rep,Burt Jones,275,44,4,0,227
Colquitt,Warrior,Lieutenant Governor,,Rep,Burt Jones,491,151,14,0,326
Colquitt,Shaw ,Lieutenant Governor,,Dem,Charlie Bailey,770,395,68,0,307
Colquitt,Moultrie,Lieutenant Governor,,Dem,Charlie Bailey,783,454,78,0,251
Colquitt,Autreyville,Lieutenant Governor,,Dem,Charlie Bailey,133,80,7,1,45
Colquitt,Bridgecreek,Lieutenant Governor,,Dem,Charlie Bailey,59,35,11,0,13
Colquitt,Crosland,Lieutenant Governor,,Dem,Charlie Bailey,33,11,5,0,17
Colquitt,Doerun,Lieutenant Governor,,Dem,Charlie Bailey,101,23,3,0,75
Colquitt,Funston,Lieutenant Governor,,Dem,Charlie Bailey,60,33,3,0,24
Colquitt,Hamilton,Lieutenant Governor,,Dem,Charlie Bailey,28,13,1,0,14
Colquitt,Hartsfield,Lieutenant Governor,,Dem,Charlie Bailey,14,6,1,0,7
Colquitt,Hopewell,Lieutenant Governor,,Dem,Charlie Bailey,98,57,8,1,32
Colquitt,Lee,Lieutenant Governor,,Dem,Charlie Bailey,54,39,4,0,11
Colquitt,Millcreek,Lieutenant Governor,,Dem,Charlie Bailey,20,11,0,0,9
Colquitt,Monk,Lieutenant Governor,,Dem,Charlie Bailey,109,65,13,0,31
Colquitt,Murphy,Lieutenant Governor,,Dem,Charlie Bailey,61,39,7,0,15
Colquitt,Norman Park,Lieutenant Governor,,Dem,Charlie Bailey,204,121,18,0,65
Colquitt,Robinson,Lieutenant Governor,,Dem,Charlie Bailey,52,25,4,0,23
Colquitt,Thigpen,Lieutenant Governor,,Dem,Charlie Bailey,11,3,0,0,8
Colquitt,TyTy,Lieutenant Governor,,Dem,Charlie Bailey,15,6,2,0,7
Colquitt,Warrior,Lieutenant Governor,,Dem,Charlie Bailey,32,11,0,0,21
Colquitt,Shaw ,Lieutenant Governor,,L,Ryan Graham,18,9,1,0,8
Colquitt,Moultrie,Lieutenant Governor,,L,Ryan Graham,38,19,0,0,19
Colquitt,Autreyville,Lieutenant Governor,,L,Ryan Graham,7,3,0,0,4
Colquitt,Bridgecreek,Lieutenant Governor,,L,Ryan Graham,8,2,0,0,6
Colquitt,Crosland,Lieutenant Governor,,L,Ryan Graham,0,0,0,0,0
Colquitt,Doerun,Lieutenant Governor,,L,Ryan Graham,5,1,0,0,4
Colquitt,Funston,Lieutenant Governor,,L,Ryan Graham,3,0,0,0,3
Colquitt,Hamilton,Lieutenant Governor,,L,Ryan Graham,4,1,0,0,3
Colquitt,Hartsfield,Lieutenant Governor,,L,Ryan Graham,1,0,0,0,1
Colquitt,Hopewell,Lieutenant Governor,,L,Ryan Graham,14,5,0,0,9
Colquitt,Lee,Lieutenant Governor,,L,Ryan Graham,7,3,0,0,4
Colquitt,Millcreek,Lieutenant Governor,,L,Ryan Graham,0,0,0,0,0
Colquitt,Monk,Lieutenant Governor,,L,Ryan Graham,10,3,1,0,6
Colquitt,Murphy,Lieutenant Governor,,L,Ryan Graham,4,2,0,0,2
Colquitt,Norman Park,Lieutenant Governor,,L,Ryan Graham,14,2,0,0,12
Colquitt,Robinson,Lieutenant Governor,,L,Ryan Graham,7,1,0,0,6
Colquitt,Thigpen,Lieutenant Governor,,L,Ryan Graham,2,0,0,0,2
Colquitt,TyTy,Lieutenant Governor,,L,Ryan Graham,5,1,1,0,3
Colquitt,Warrior,Lieutenant Governor,,L,Ryan Graham,5,1,0,0,4
Colquitt,Shaw ,Secretary of State,,Rep,Brad Raffensperger ,325,227,18,0,80
Colquitt,Moultrie,Secretary of State,,Rep,Brad Raffensperger ,1505,927,82,0,496
Colquitt,Autreyville,Secretary of State,,Rep,Brad Raffensperger ,598,273,10,0,315
Colquitt,Bridgecreek,Secretary of State,,Rep,Brad Raffensperger ,646,318,19,0,309
Colquitt,Crosland,Secretary of State,,Rep,Brad Raffensperger ,114,16,1,0,97
Colquitt,Doerun,Secretary of State,,Rep,Brad Raffensperger ,251,69,6,0,176
Colquitt,Funston,Secretary of State,,Rep,Brad Raffensperger ,525,205,10,0,310
Colquitt,Hamilton,Secretary of State,,Rep,Brad Raffensperger ,398,118,8,0,272
Colquitt,Hartsfield,Secretary of State,,Rep,Brad Raffensperger ,263,73,12,0,178
Colquitt,Hopewell,Secretary of State,,Rep,Brad Raffensperger ,782,427,15,1,339
Colquitt,Lee,Secretary of State,,Rep,Brad Raffensperger ,440,190,15,0,235
Colquitt,Millcreek,Secretary of State,,Rep,Brad Raffensperger ,214,80,3,0,131
Colquitt,Monk,Secretary of State,,Rep,Brad Raffensperger ,720,329,39,0,352
Colquitt,Murphy,Secretary of State,,Rep,Brad Raffensperger ,589,317,14,0,258
Colquitt,Norman Park,Secretary of State,,Rep,Brad Raffensperger ,934,471,23,0,440
Colquitt,Robinson,Secretary of State,,Rep,Brad Raffensperger ,387,127,8,0,252
Colquitt,Thigpen,Secretary of State,,Rep,Brad Raffensperger ,127,35,2,0,90
Colquitt,TyTy,Secretary of State,,Rep,Brad Raffensperger ,268,41,4,0,223
Colquitt,Warrior,Secretary of State,,Rep,Brad Raffensperger ,479,147,13,0,319
Colquitt,Shaw ,Secretary of State,,Dem,Bee Nguyen,752,388,61,0,303
Colquitt,Moultrie,Secretary of State,,Dem,Bee Nguyen,733,415,77,0,241
Colquitt,Autreyville,Secretary of State,,Dem,Bee Nguyen,134,76,7,1,50
Colquitt,Bridgecreek,Secretary of State,,Dem,Bee Nguyen,52,30,7,0,15
Colquitt,Crosland,Secretary of State,,Dem,Bee Nguyen,32,11,5,0,16
Colquitt,Doerun,Secretary of State,,Dem,Bee Nguyen,99,23,3,0,73
Colquitt,Funston,Secretary of State,,Dem,Bee Nguyen,61,31,4,0,26
Colquitt,Hamilton,Secretary of State,,Dem,Bee Nguyen,24,12,1,0,11
Colquitt,Hartsfield,Secretary of State,,Dem,Bee Nguyen,14,6,0,0,8
Colquitt,Hopewell,Secretary of State,,Dem,Bee Nguyen,89,49,8,1,31
Colquitt,Lee,Secretary of State,,Dem,Bee Nguyen,48,37,3,0,8
Colquitt,Millcreek,Secretary of State,,Dem,Bee Nguyen,18,10,0,0,8
Colquitt,Monk,Secretary of State,,Dem,Bee Nguyen,107,62,10,0,35
Colquitt,Murphy,Secretary of State,,Dem,Bee Nguyen,50,33,4,0,13
Colquitt,Norman Park,Secretary of State,,Dem,Bee Nguyen,204,118,18,0,68
Colquitt,Robinson,Secretary of State,,Dem,Bee Nguyen,48,24,2,0,22
Colquitt,Thigpen,Secretary of State,,Dem,Bee Nguyen,10,2,0,0,8
Colquitt,TyTy,Secretary of State,,Dem,Bee Nguyen,14,7,2,0,5
Colquitt,Warrior,Secretary of State,,Dem,Bee Nguyen,33,9,0,0,24
Colquitt,Shaw ,Secretary of State,,L,Ted Metz,15,12,0,0,3
Colquitt,Moultrie,Secretary of State,,L,Ted Metz,49,34,2,0,13
Colquitt,Autreyville,Secretary of State,,L,Ted Metz,21,10,1,0,10
Colquitt,Bridgecreek,Secretary of State,,L,Ted Metz,19,7,0,0,12
Colquitt,Crosland,Secretary of State,,L,Ted Metz,3,1,0,0,2
Colquitt,Doerun,Secretary of State,,L,Ted Metz,7,0,0,0,7
Colquitt,Funston,Secretary of State,,L,Ted Metz,9,4,0,0,5
Colquitt,Hamilton,Secretary of State,,L,Ted Metz,12,5,0,0,7
Colquitt,Hartsfield,Secretary of State,,L,Ted Metz,4,0,0,0,4
Colquitt,Hopewell,Secretary of State,,L,Ted Metz,29,14,0,0,15
Colquitt,Lee,Secretary of State,,L,Ted Metz,22,7,0,0,15
Colquitt,Millcreek,Secretary of State,,L,Ted Metz,12,5,0,0,7
Colquitt,Monk,Secretary of State,,L,Ted Metz,23,12,1,0,10
Colquitt,Murphy,Secretary of State,,L,Ted Metz,19,12,1,0,6
Colquitt,Norman Park,Secretary of State,,L,Ted Metz,25,11,0,0,14
Colquitt,Robinson,Secretary of State,,L,Ted Metz,13,2,0,0,11
Colquitt,Thigpen,Secretary of State,,L,Ted Metz,3,1,0,0,2
Colquitt,TyTy,Secretary of State,,L,Ted Metz,10,2,1,0,7
Colquitt,Warrior,Secretary of State,,L,Ted Metz,17,7,1,0,9
Colquitt,Shaw ,Attorney General,,Rep,Chris Carr ,306,222,9,0,75
Colquitt,Moultrie,Attorney General,,Rep,Chris Carr ,1473,911,82,0,480
Colquitt,Autreyville,Attorney General,,Rep,Chris Carr ,615,278,10,0,327
Colquitt,Bridgecreek,Attorney General,,Rep,Chris Carr ,650,317,15,0,318
Colquitt,Crosland,Attorney General,,Rep,Chris Carr ,115,18,1,0,96
Colquitt,Doerun,Attorney General,,Rep,Chris Carr ,252,68,6,0,178
Colquitt,Funston,Attorney General,,Rep,Chris Carr ,531,204,11,0,316
Colquitt,Hamilton,Attorney General,,Rep,Chris Carr ,407,125,8,0,274
Colquitt,Hartsfield,Attorney General,,Rep,Chris Carr ,264,73,10,0,181
Colquitt,Hopewell,Attorney General,,Rep,Chris Carr ,788,428,16,1,343
Colquitt,Lee,Attorney General,,Rep,Chris Carr ,451,196,14,0,241
Colquitt,Millcreek,Attorney General,,Rep,Chris Carr ,230,86,3,0,141
Colquitt,Monk,Attorney General,,Rep,Chris Carr ,739,336,35,0,368
Colquitt,Murphy,Attorney General,,Rep,Chris Carr ,595,320,10,0,265
Colquitt,Norman Park,Attorney General,,Rep,Chris Carr ,947,480,21,0,446
Colquitt,Robinson,Attorney General,,Rep,Chris Carr ,397,128,7,0,262
Colquitt,Thigpen,Attorney General,,Rep,Chris Carr ,127,35,2,0,90
Colquitt,TyTy,Attorney General,,Rep,Chris Carr ,278,44,4,0,230
Colquitt,Warrior,Attorney General,,Rep,Chris Carr ,492,150,14,0,328
Colquitt,Shaw ,Attorney General,,Dem,"Jennifer """"Jen"""" Jordan",794,410,69,0,315
Colquitt,Moultrie,Attorney General,,Dem,"Jennifer """"Jen"""" Jordan",804,466,78,0,260
Colquitt,Autreyville,Attorney General,,Dem,"Jennifer """"Jen"""" Jordan",134,79,7,1,47
Colquitt,Bridgecreek,Attorney General,,Dem,"Jennifer """"Jen"""" Jordan",58,35,11,0,12
Colquitt,Crosland,Attorney General,,Dem,"Jennifer """"Jen"""" Jordan",34,10,5,0,19
Colquitt,Doerun,Attorney General,,Dem,"Jennifer """"Jen"""" Jordan",105,23,3,0,79
Colquitt,Funston,Attorney General,,Dem,"Jennifer """"Jen"""" Jordan",62,36,3,0,23
Colquitt,Hamilton,Attorney General,,Dem,"Jennifer """"Jen"""" Jordan",28,14,1,0,13
Colquitt,Hartsfield,Attorney General,,Dem,"Jennifer """"Jen"""" Jordan",15,6,2,0,7
Colquitt,Hopewell,Attorney General,,Dem,"Jennifer """"Jen"""" Jordan",102,58,7,1,36
Colquitt,Lee,Attorney General,,Dem,"Jennifer """"Jen"""" Jordan",62,39,4,0,19
Colquitt,Millcreek,Attorney General,,Dem,"Jennifer """"Jen"""" Jordan",19,11,0,0,8
Colquitt,Monk,Attorney General,,Dem,"Jennifer """"Jen"""" Jordan",109,65,14,0,30
Colquitt,Murphy,Attorney General,,Dem,"Jennifer """"Jen"""" Jordan",64,40,9,0,15
Colquitt,Norman Park,Attorney General,,Dem,"Jennifer """"Jen"""" Jordan",207,118,20,0,69
Colquitt,Robinson,Attorney General,,Dem,"Jennifer """"Jen"""" Jordan",55,26,4,0,25
Colquitt,Thigpen,Attorney General,,Dem,"Jennifer """"Jen"""" Jordan",13,2,0,0,11
Colquitt,TyTy,Attorney General,,Dem,"Jennifer """"Jen"""" Jordan",14,7,2,0,5
Colquitt,Warrior,Attorney General,,Dem,"Jennifer """"Jen"""" Jordan",34,12,0,0,22
Colquitt,Shaw ,Attorney General,,L,Martin Cowen,12,6,1,0,5
Colquitt,Moultrie,Attorney General,,L,Martin Cowen,32,18,0,0,14
Colquitt,Autreyville,Attorney General,,L,Martin Cowen,7,3,1,0,3
Colquitt,Bridgecreek,Attorney General,,L,Martin Cowen,7,1,0,0,6
Colquitt,Crosland,Attorney General,,L,Martin Cowen,1,0,0,0,1
Colquitt,Doerun,Attorney General,,L,Martin Cowen,1,1,0,0,0
Colquitt,Funston,Attorney General,,L,Martin Cowen,3,2,0,0,1
Colquitt,Hamilton,Attorney General,,L,Martin Cowen,2,0,0,0,2
Colquitt,Hartsfield,Attorney General,,L,Martin Cowen,3,0,0,0,3
Colquitt,Hopewell,Attorney General,,L,Martin Cowen,10,2,0,0,8
Colquitt,Lee,Attorney General,,L,Martin Cowen,3,2,0,0,1
Colquitt,Millcreek,Attorney General,,L,Martin Cowen,0,0,0,0,0
Colquitt,Monk,Attorney General,,L,Martin Cowen,11,5,1,0,5
Colquitt,Murphy,Attorney General,,L,Martin Cowen,5,4,0,0,1
Colquitt,Norman Park,Attorney General,,L,Martin Cowen,12,6,0,0,6
Colquitt,Robinson,Attorney General,,L,Martin Cowen,2,0,0,0,2
Colquitt,Thigpen,Attorney General,,L,Martin Cowen,1,1,0,0,0
Colquitt,TyTy,Attorney General,,L,Martin Cowen,2,0,1,0,1
Colquitt,Warrior,Attorney General,,L,Martin Cowen,5,1,0,0,4
Colquitt,Shaw ,Commissioner of Agriculture,,Rep,Tyler Harper,306,222,10,0,74
Colquitt,Moultrie,Commissioner of Agriculture,,Rep,Tyler Harper,1517,944,82,0,491
Colquitt,Autreyville,Commissioner of Agriculture,,Rep,Tyler Harper,624,284,11,0,329
Colquitt,Bridgecreek,Commissioner of Agriculture,,Rep,Tyler Harper,660,320,17,0,323
Colquitt,Crosland,Commissioner of Agriculture,,Rep,Tyler Harper,113,17,1,0,95
Colquitt,Doerun,Commissioner of Agriculture,,Rep,Tyler Harper,251,69,6,0,176
Colquitt,Funston,Commissioner of Agriculture,,Rep,Tyler Harper,536,210,10,0,316
Colquitt,Hamilton,Commissioner of Agriculture,,Rep,Tyler Harper,413,126,8,0,279
Colquitt,Hartsfield,Commissioner of Agriculture,,Rep,Tyler Harper,266,75,10,0,181
Colquitt,Hopewell,Commissioner of Agriculture,,Rep,Tyler Harper,795,433,15,0,347
Colquitt,Lee,Commissioner of Agriculture,,Rep,Tyler Harper,450,192,13,0,245
Colquitt,Millcreek,Commissioner of Agriculture,,Rep,Tyler Harper,230,87,3,0,140
Colquitt,Monk,Commissioner of Agriculture,,Rep,Tyler Harper,745,340,38,0,367
Colquitt,Murphy,Commissioner of Agriculture,,Rep,Tyler Harper,604,322,12,0,270
Colquitt,Norman Park,Commissioner of Agriculture,,Rep,Tyler Harper,953,482,22,0,449
Colquitt,Robinson,Commissioner of Agriculture,,Rep,Tyler Harper,394,127,7,0,260
Colquitt,Thigpen,Commissioner of Agriculture,,Rep,Tyler Harper,129,35,2,0,92
Colquitt,TyTy,Commissioner of Agriculture,,Rep,Tyler Harper,277,44,4,0,229
Colquitt,Warrior,Commissioner of Agriculture,,Rep,Tyler Harper,494,151,14,0,329
Colquitt,Shaw ,Commissioner of Agriculture,,Dem,Nakita Hemingway,783,405,68,0,310
Colquitt,Moultrie,Commissioner of Agriculture,,Dem,Nakita Hemingway,751,429,79,0,243
Colquitt,Autreyville,Commissioner of Agriculture,,Dem,Nakita Hemingway,126,73,7,1,45
Colquitt,Bridgecreek,Commissioner of Agriculture,,Dem,Nakita Hemingway,47,30,9,0,8
Colquitt,Crosland,Commissioner of Agriculture,,Dem,Nakita Hemingway,34,10,5,0,19
Colquitt,Doerun,Commissioner of Agriculture,,Dem,Nakita Hemingway,102,23,3,0,76
Colquitt,Funston,Commissioner of Agriculture,,Dem,Nakita Hemingway,59,32,4,0,23
Colquitt,Hamilton,Commissioner of Agriculture,,Dem,Nakita Hemingway,22,11,1,0,10
Colquitt,Hartsfield,Commissioner of Agriculture,,Dem,Nakita Hemingway,13,4,2,0,7
Colquitt,Hopewell,Commissioner of Agriculture,,Dem,Nakita Hemingway,90,49,8,1,32
Colquitt,Lee,Commissioner of Agriculture,,Dem,Nakita Hemingway,59,43,5,0,11
Colquitt,Millcreek,Commissioner of Agriculture,,Dem,Nakita Hemingway,15,8,0,0,7
Colquitt,Monk,Commissioner of Agriculture,,Dem,Nakita Hemingway,100,61,9,0,30
Colquitt,Murphy,Commissioner of Agriculture,,Dem,Nakita Hemingway,53,38,6,0,9
Colquitt,Norman Park,Commissioner of Agriculture,,Dem,Nakita Hemingway,208,121,19,0,68
Colquitt,Robinson,Commissioner of Agriculture,,Dem,Nakita Hemingway,53,25,4,0,24
Colquitt,Thigpen,Commissioner of Agriculture,,Dem,Nakita Hemingway,9,2,0,0,7
Colquitt,TyTy,Commissioner of Agriculture,,Dem,Nakita Hemingway,13,7,2,0,4
Colquitt,Warrior,Commissioner of Agriculture,,Dem,Nakita Hemingway,30,10,0,0,20
Colquitt,Shaw ,Commissioner of Agriculture,,L,David Raudabaugh,16,7,1,0,8
Colquitt,Moultrie,Commissioner of Agriculture,,L,David Raudabaugh,36,23,0,0,13
Colquitt,Autreyville,Commissioner of Agriculture,,L,David Raudabaugh,5,3,0,0,2
Colquitt,Bridgecreek,Commissioner of Agriculture,,L,David Raudabaugh,10,3,0,0,7
Colquitt,Crosland,Commissioner of Agriculture,,L,David Raudabaugh,3,1,0,0,2
Colquitt,Doerun,Commissioner of Agriculture,,L,David Raudabaugh,5,0,0,0,5
Colquitt,Funston,Commissioner of Agriculture,,L,David Raudabaugh,3,1,0,0,2
Colquitt,Hamilton,Commissioner of Agriculture,,L,David Raudabaugh,5,2,0,0,3
Colquitt,Hartsfield,Commissioner of Agriculture,,L,David Raudabaugh,3,0,0,0,3
Colquitt,Hopewell,Commissioner of Agriculture,,L,David Raudabaugh,10,5,0,0,5
Colquitt,Lee,Commissioner of Agriculture,,L,David Raudabaugh,6,2,0,0,4
Colquitt,Millcreek,Commissioner of Agriculture,,L,David Raudabaugh,4,2,0,0,2
Colquitt,Monk,Commissioner of Agriculture,,L,David Raudabaugh,15,5,2,0,8
Colquitt,Murphy,Commissioner of Agriculture,,L,David Raudabaugh,5,4,0,0,1
Colquitt,Norman Park,Commissioner of Agriculture,,L,David Raudabaugh,8,2,0,0,6
Colquitt,Robinson,Commissioner of Agriculture,,L,David Raudabaugh,5,2,0,0,3
Colquitt,Thigpen,Commissioner of Agriculture,,L,David Raudabaugh,2,1,0,0,1
Colquitt,TyTy,Commissioner of Agriculture,,L,David Raudabaugh,4,0,1,0,3
Colquitt,Warrior,Commissioner of Agriculture,,L,David Raudabaugh,8,2,0,0,6
Colquitt,Shaw ,Commissioner of Insurance,,Rep,John King ,305,222,9,0,74
Colquitt,Moultrie,Commissioner of Insurance,,Rep,John King ,1504,931,85,0,488
Colquitt,Autreyville,Commissioner of Insurance,,Rep,John King ,625,283,11,0,331
Colquitt,Bridgecreek,Commissioner of Insurance,,Rep,John King ,660,320,15,0,325
Colquitt,Crosland,Commissioner of Insurance,,Rep,John King ,117,19,1,0,97
Colquitt,Doerun,Commissioner of Insurance,,Rep,John King ,251,68,6,0,177
Colquitt,Funston,Commissioner of Insurance,,Rep,John King ,533,206,10,0,317
Colquitt,Hamilton,Commissioner of Insurance,,Rep,John King ,411,127,7,0,277
Colquitt,Hartsfield,Commissioner of Insurance,,Rep,John King ,267,73,10,0,184
Colquitt,Hopewell,Commissioner of Insurance,,Rep,John King ,800,432,15,1,352
Colquitt,Lee,Commissioner of Insurance,,Rep,John King ,452,194,13,0,245
Colquitt,Millcreek,Commissioner of Insurance,,Rep,John King ,229,87,3,0,139
Colquitt,Monk,Commissioner of Insurance,,Rep,John King ,748,340,36,0,372
Colquitt,Murphy,Commissioner of Insurance,,Rep,John King ,594,321,12,0,261
Colquitt,Norman Park,Commissioner of Insurance,,Rep,John King ,958,484,22,0,452
Colquitt,Robinson,Commissioner of Insurance,,Rep,John King ,399,129,7,0,263
Colquitt,Thigpen,Commissioner of Insurance,,Rep,John King ,128,35,2,0,91
Colquitt,TyTy,Commissioner of Insurance,,Rep,John King ,277,44,4,0,229
Colquitt,Warrior,Commissioner of Insurance,,Rep,John King ,494,152,14,0,328
Colquitt,Shaw ,Commissioner of Insurance,,Dem,Janice Laws Robinson,800,410,70,0,320
Colquitt,Moultrie,Commissioner of Insurance,,Dem,Janice Laws Robinson,788,458,76,0,254
Colquitt,Autreyville,Commissioner of Insurance,,Dem,Janice Laws Robinson,129,76,7,1,45
Colquitt,Bridgecreek,Commissioner of Insurance,,Dem,Janice Laws Robinson,54,34,11,0,9
Colquitt,Crosland,Commissioner of Insurance,,Dem,Janice Laws Robinson,34,10,5,0,19
Colquitt,Doerun,Commissioner of Insurance,,Dem,Janice Laws Robinson,105,24,3,0,78
Colquitt,Funston,Commissioner of Insurance,,Dem,Janice Laws Robinson,61,35,4,0,22
Colquitt,Hamilton,Commissioner of Insurance,,Dem,Janice Laws Robinson,25,12,1,0,12
Colquitt,Hartsfield,Commissioner of Insurance,,Dem,Janice Laws Robinson,14,6,2,0,6
Colquitt,Hopewell,Commissioner of Insurance,,Dem,Janice Laws Robinson,95,53,8,1,33
Colquitt,Lee,Commissioner of Insurance,,Dem,Janice Laws Robinson,60,41,5,0,14
Colquitt,Millcreek,Commissioner of Insurance,,Dem,Janice Laws Robinson,19,10,0,0,9
Colquitt,Monk,Commissioner of Insurance,,Dem,Janice Laws Robinson,109,65,13,0,31
Colquitt,Murphy,Commissioner of Insurance,,Dem,Janice Laws Robinson,64,42,7,0,15
Colquitt,Norman Park,Commissioner of Insurance,,Dem,Janice Laws Robinson,209,121,19,0,69
Colquitt,Robinson,Commissioner of Insurance,,Dem,Janice Laws Robinson,52,25,4,0,23
Colquitt,Thigpen,Commissioner of Insurance,,Dem,Janice Laws Robinson,12,3,0,0,9
Colquitt,TyTy,Commissioner of Insurance,,Dem,Janice Laws Robinson,15,7,2,0,6
Colquitt,Warrior,Commissioner of Insurance,,Dem,Janice Laws Robinson,32,11,0,0,21
Colquitt,Shaw ,State School Superintendent,,Rep,Richard Woods ,315,223,13,0,79
Colquitt,Moultrie,State School Superintendent,,Rep,Richard Woods ,1514,936,83,0,495
Colquitt,Autreyville,State School Superintendent,,Rep,Richard Woods ,620,281,11,0,328
Colquitt,Bridgecreek,State School Superintendent,,Rep,Richard Woods ,666,323,15,0,328
Colquitt,Crosland,State School Superintendent,,Rep,Richard Woods ,115,17,1,0,97
Colquitt,Doerun,State School Superintendent,,Rep,Richard Woods ,257,68,6,0,183
Colquitt,Funston,State School Superintendent,,Rep,Richard Woods ,533,207,11,0,315
Colquitt,Hamilton,State School Superintendent,,Rep,Richard Woods ,412,127,8,0,277
Colquitt,Hartsfield,State School Superintendent,,Rep,Richard Woods ,270,74,10,0,186
Colquitt,Hopewell,State School Superintendent,,Rep,Richard Woods ,798,431,16,1,350
Colquitt,Lee,State School Superintendent,,Rep,Richard Woods ,454,195,13,0,246
Colquitt,Millcreek,State School Superintendent,,Rep,Richard Woods ,230,87,3,0,140
Colquitt,Monk,State School Superintendent,,Rep,Richard Woods ,746,340,36,0,370
Colquitt,Murphy,State School Superintendent,,Rep,Richard Woods ,603,324,10,0,269
Colquitt,Norman Park,State School Superintendent,,Rep,Richard Woods ,959,487,23,0,449
Colquitt,Robinson,State School Superintendent,,Rep,Richard Woods ,401,128,7,0,266
Colquitt,Thigpen,State School Superintendent,,Rep,Richard Woods ,128,35,2,0,91
Colquitt,TyTy,State School Superintendent,,Rep,Richard Woods ,278,44,4,0,230
Colquitt,Warrior,State School Superintendent,,Rep,Richard Woods ,496,152,14,0,330
Colquitt,Shaw ,State School Superintendent,,Dem,Alisha Thomas Searcy,789,409,67,0,313
Colquitt,Moultrie,State School Superintendent,,Dem,Alisha Thomas Searcy,790,457,77,0,256
Colquitt,Autreyville,State School Superintendent,,Dem,Alisha Thomas Searcy,132,76,7,1,48
Colquitt,Bridgecreek,State School Superintendent,,Dem,Alisha Thomas Searcy,53,32,11,0,10
Colquitt,Crosland,State School Superintendent,,Dem,Alisha Thomas Searcy,35,11,5,0,19
Colquitt,Doerun,State School Superintendent,,Dem,Alisha Thomas Searcy,101,24,3,0,74
Colquitt,Funston,State School Superintendent,,Dem,Alisha Thomas Searcy,62,35,3,0,24
Colquitt,Hamilton,State School Superintendent,,Dem,Alisha Thomas Searcy,26,12,1,0,13
Colquitt,Hartsfield,State School Superintendent,,Dem,Alisha Thomas Searcy,12,5,2,0,5
Colquitt,Hopewell,State School Superintendent,,Dem,Alisha Thomas Searcy,100,55,8,1,36
Colquitt,Lee,State School Superintendent,,Dem,Alisha Thomas Searcy,61,40,5,0,16
Colquitt,Millcreek,State School Superintendent,,Dem,Alisha Thomas Searcy,18,10,0,0,8
Colquitt,Monk,State School Superintendent,,Dem,Alisha Thomas Searcy,116,67,13,0,36
Colquitt,Murphy,State School Superintendent,,Dem,Alisha Thomas Searcy,60,39,9,0,12
Colquitt,Norman Park,State School Superintendent,,Dem,Alisha Thomas Searcy,208,120,18,0,70
Colquitt,Robinson,State School Superintendent,,Dem,Alisha Thomas Searcy,52,26,4,0,22
Colquitt,Thigpen,State School Superintendent,,Dem,Alisha Thomas Searcy,12,3,0,0,9
Colquitt,TyTy,State School Superintendent,,Dem,Alisha Thomas Searcy,14,7,2,0,5
Colquitt,Warrior,State School Superintendent,,Dem,Alisha Thomas Searcy,32,11,0,0,21
Colquitt,Shaw ,Commissioner of Labor,,Rep,Bruce Thompson,310,222,9,0,79
Colquitt,Moultrie,Commissioner of Labor,,Rep,Bruce Thompson,1461,908,81,0,472
Colquitt,Autreyville,Commissioner of Labor,,Rep,Bruce Thompson,613,277,11,0,325
Colquitt,Bridgecreek,Commissioner of Labor,,Rep,Bruce Thompson,650,313,15,0,322
Colquitt,Crosland,Commissioner of Labor,,Rep,Bruce Thompson,114,17,1,0,96
Colquitt,Doerun,Commissioner of Labor,,Rep,Bruce Thompson,249,68,6,0,175
Colquitt,Funston,Commissioner of Labor,,Rep,Bruce Thompson,531,206,10,0,315
Colquitt,Hamilton,Commissioner of Labor,,Rep,Bruce Thompson,407,126,8,0,273
Colquitt,Hartsfield,Commissioner of Labor,,Rep,Bruce Thompson,263,73,10,0,180
Colquitt,Hopewell,Commissioner of Labor,,Rep,Bruce Thompson,792,432,15,1,344
Colquitt,Lee,Commissioner of Labor,,Rep,Bruce Thompson,451,192,14,0,245
Colquitt,Millcreek,Commissioner of Labor,,Rep,Bruce Thompson,228,86,3,0,139
Colquitt,Monk,Commissioner of Labor,,Rep,Bruce Thompson,736,335,36,0,365
Colquitt,Murphy,Commissioner of Labor,,Rep,Bruce Thompson,595,321,12,0,262
Colquitt,Norman Park,Commissioner of Labor,,Rep,Bruce Thompson,944,480,21,0,443
Colquitt,Robinson,Commissioner of Labor,,Rep,Bruce Thompson,395,127,7,0,261
Colquitt,Thigpen,Commissioner of Labor,,Rep,Bruce Thompson,128,35,2,0,91
Colquitt,TyTy,Commissioner of Labor,,Rep,Bruce Thompson,277,44,4,0,229
Colquitt,Warrior,Commissioner of Labor,,Rep,Bruce Thompson,490,152,14,0,324
Colquitt,Shaw ,Commissioner of Labor,,Dem,"William """"Will"""" Boddie, Jr",774,404,68,0,302
Colquitt,Moultrie,Commissioner of Labor,,Dem,"William """"Will"""" Boddie, Jr",778,452,79,0,247
Colquitt,Autreyville,Commissioner of Labor,,Dem,"William """"Will"""" Boddie, Jr",132,77,7,1,47
Colquitt,Bridgecreek,Commissioner of Labor,,Dem,"William """"Will"""" Boddie, Jr",57,37,11,0,9
Colquitt,Crosland,Commissioner of Labor,,Dem,"William """"Will"""" Boddie, Jr",34,11,5,0,18
Colquitt,Doerun,Commissioner of Labor,,Dem,"William """"Will"""" Boddie, Jr",102,24,3,0,75
Colquitt,Funston,Commissioner of Labor,,Dem,"William """"Will"""" Boddie, Jr",64,35,4,0,25
Colquitt,Hamilton,Commissioner of Labor,,Dem,"William """"Will"""" Boddie, Jr",23,11,1,0,11
Colquitt,Hartsfield,Commissioner of Labor,,Dem,"William """"Will"""" Boddie, Jr",15,6,2,0,7
Colquitt,Hopewell,Commissioner of Labor,,Dem,"William """"Will"""" Boddie, Jr",93,55,8,1,29
Colquitt,Lee,Commissioner of Labor,,Dem,"William """"Will"""" Boddie, Jr",56,39,4,0,13
Colquitt,Millcreek,Commissioner of Labor,,Dem,"William """"Will"""" Boddie, Jr",17,10,0,0,7
Colquitt,Monk,Commissioner of Labor,,Dem,"William """"Will"""" Boddie, Jr",109,64,11,0,34
Colquitt,Murphy,Commissioner of Labor,,Dem,"William """"Will"""" Boddie, Jr",60,39,6,0,15
Colquitt,Norman Park,Commissioner of Labor,,Dem,"William """"Will"""" Boddie, Jr",203,115,20,0,68
Colquitt,Robinson,Commissioner of Labor,,Dem,"William """"Will"""" Boddie, Jr",52,25,4,0,23
Colquitt,Thigpen,Commissioner of Labor,,Dem,"William """"Will"""" Boddie, Jr",11,3,0,0,8
Colquitt,TyTy,Commissioner of Labor,,Dem,"William """"Will"""" Boddie, Jr",12,7,2,0,3
Colquitt,Warrior,Commissioner of Labor,,Dem,"William """"Will"""" Boddie, Jr",32,10,0,0,22
Colquitt,Shaw ,Commissioner of Labor,,L,Emily Anderson,19,8,1,0,10
Colquitt,Moultrie,Commissioner of Labor,,L,Emily Anderson,52,26,0,0,26
Colquitt,Autreyville,Commissioner of Labor,,L,Emily Anderson,7,4,0,0,3
Colquitt,Bridgecreek,Commissioner of Labor,,L,Emily Anderson,11,5,0,0,6
Colquitt,Crosland,Commissioner of Labor,,L,Emily Anderson,1,0,0,0,1
Colquitt,Doerun,Commissioner of Labor,,L,Emily Anderson,5,0,0,0,5
Colquitt,Funston,Commissioner of Labor,,L,Emily Anderson,2,1,0,0,1
Colquitt,Hamilton,Commissioner of Labor,,L,Emily Anderson,7,1,0,0,6
Colquitt,Hartsfield,Commissioner of Labor,,L,Emily Anderson,2,0,0,0,2
Colquitt,Hopewell,Commissioner of Labor,,L,Emily Anderson,13,4,0,0,9
Colquitt,Lee,Commissioner of Labor,,L,Emily Anderson,9,6,0,0,3
Colquitt,Millcreek,Commissioner of Labor,,L,Emily Anderson,3,0,0,0,3
Colquitt,Monk,Commissioner of Labor,,L,Emily Anderson,13,6,2,0,5
Colquitt,Murphy,Commissioner of Labor,,L,Emily Anderson,8,4,1,0,3
Colquitt,Norman Park,Commissioner of Labor,,L,Emily Anderson,24,11,0,0,13
Colquitt,Robinson,Commissioner of Labor,,L,Emily Anderson,6,2,0,0,4
Colquitt,Thigpen,Commissioner of Labor,,L,Emily Anderson,0,0,0,0,0
Colquitt,TyTy,Commissioner of Labor,,L,Emily Anderson,5,0,1,0,4
Colquitt,Warrior,Commissioner of Labor,,L,Emily Anderson,9,2,0,0,7
Colquitt,Shaw ,U.S. House,,Rep,Austin Scott ,319,233,10,0,76
Colquitt,Moultrie,U.S. House,,Rep,Austin Scott ,1506,927,83,0,496
Colquitt,Autreyville,U.S. House,,Rep,Austin Scott ,626,282,10,0,334
Colquitt,Bridgecreek,U.S. House,,Rep,Austin Scott ,667,324,16,0,327
Colquitt,Crosland,U.S. House,,Rep,Austin Scott ,120,18,1,0,101
Colquitt,Doerun,U.S. House,,Rep,Austin Scott ,255,68,6,0,181
Colquitt,Funston,U.S. House,,Rep,Austin Scott ,538,208,10,0,320
Colquitt,Hamilton,U.S. House,,Rep,Austin Scott ,414,127,8,0,279
Colquitt,Hartsfield,U.S. House,,Rep,Austin Scott ,269,74,11,0,184
Colquitt,Hopewell,U.S. House,,Rep,Austin Scott ,806,436,16,1,353
Colquitt,Lee,U.S. House,,Rep,Austin Scott ,458,196,14,0,248
Colquitt,Millcreek,U.S. House,,Rep,Austin Scott ,229,86,3,0,140
Colquitt,Monk,U.S. House,,Rep,Austin Scott ,762,346,41,0,375
Colquitt,Murphy,U.S. House,,Rep,Austin Scott ,603,326,12,0,265
Colquitt,Norman Park,U.S. House,,Rep,Austin Scott ,962,487,22,0,453
Colquitt,Robinson,U.S. House,,Rep,Austin Scott ,400,128,7,0,265
Colquitt,Thigpen,U.S. House,,Rep,Austin Scott ,130,35,2,0,93
Colquitt,TyTy,U.S. House,,Rep,Austin Scott ,275,44,4,0,227
Colquitt,Warrior,U.S. House,,Rep,Austin Scott ,493,152,14,0,327
Colquitt,Shaw ,U.S. House,,Dem,Darrius Butler,783,398,70,0,315
Colquitt,Moultrie,U.S. House,,Dem,Darrius Butler,788,460,75,0,253
Colquitt,Autreyville,U.S. House,,Dem,Darrius Butler,130,79,8,1,42
Colquitt,Bridgecreek,U.S. House,,Dem,Darrius Butler,55,34,10,0,11
Colquitt,Crosland,U.S. House,,Dem,Darrius Butler,31,10,5,0,16
Colquitt,Doerun,U.S. House,,Dem,Darrius Butler,104,24,3,0,77
Colquitt,Funston,U.S. House,,Dem,Darrius Butler,60,34,4,0,22
Colquitt,Hamilton,U.S. House,,Dem,Darrius Butler,24,10,1,0,13
Colquitt,Hartsfield,U.S. House,,Dem,Darrius Butler,12,5,1,0,6
Colquitt,Hopewell,U.S. House,,Dem,Darrius Butler,97,56,8,1,32
Colquitt,Lee,U.S. House,,Dem,Darrius Butler,59,41,4,0,14
Colquitt,Millcreek,U.S. House,,Dem,Darrius Butler,19,10,0,0,9
Colquitt,Monk,U.S. House,,Dem,Darrius Butler,100,60,9,0,31
Colquitt,Murphy,U.S. House,,Dem,Darrius Butler,56,36,6,0,14
Colquitt,Norman Park,U.S. House,,Dem,Darrius Butler,207,119,19,0,69
Colquitt,Robinson,U.S. House,,Dem,Darrius Butler,54,26,4,0,24
Colquitt,Thigpen,U.S. House,,Dem,Darrius Butler,10,3,0,0,7
Colquitt,TyTy,U.S. House,,Dem,Darrius Butler,15,7,1,0,7
Colquitt,Warrior,U.S. House,,Dem,Darrius Butler,33,10,0,0,23
Colquitt,Shaw ,State Senate,,Rep,Dean Burke ,558,347,34,0,177
Colquitt,Moultrie,State Senate,,Rep,Dean Burke ,1815,1094,104,0,617
Colquitt,Autreyville,State Senate,,Rep,Dean Burke ,672,298,13,1,360
Colquitt,Bridgecreek,State Senate,,Rep,Dean Burke ,681,335,17,0,329
Colquitt,Crosland,State Senate,,Rep,Dean Burke ,130,23,2,0,105
Colquitt,Doerun,State Senate,,Rep,Dean Burke ,297,80,6,0,211
Colquitt,Funston,State Senate,,Rep,Dean Burke ,557,221,10,0,326
Colquitt,Hamilton,State Senate,,Rep,Dean Burke ,422,129,8,0,285
Colquitt,Hartsfield,State Senate,,Rep,Dean Burke ,277,76,12,0,189
Colquitt,Hopewell,State Senate,,Rep,Dean Burke ,842,457,19,2,364
Colquitt,Lee,State Senate,,Rep,Dean Burke ,477,205,16,0,256
Colquitt,Millcreek,State Senate,,Rep,Dean Burke ,237,91,3,0,143
Colquitt,Monk,State Senate,,Rep,Dean Burke ,787,357,41,0,389
Colquitt,Murphy,State Senate,,Rep,Dean Burke ,625,337,14,0,274
Colquitt,Norman Park,State Senate,,Rep,Dean Burke ,1059,539,28,0,492
Colquitt,Robinson,State Senate,,Rep,Dean Burke ,418,138,10,0,270
Colquitt,Thigpen,State Senate,,Rep,Dean Burke ,136,38,2,0,96
Colquitt,TyTy,State Senate,,Rep,Dean Burke ,287,48,4,0,235
Colquitt,Warrior,State Senate,,Rep,Dean Burke ,511,158,14,0,339
Colquitt,Shaw ,State House,,Rep,Sam Watson ,557,341,36,0,180
Colquitt,Moultrie,State House,,Rep,Sam Watson ,1814,1092,107,0,615
Colquitt,Autreyville,State House,,Rep,Sam Watson ,670,298,13,1,358
Colquitt,Bridgecreek,State House,,Rep,Sam Watson ,677,332,17,0,328
Colquitt,Crosland,State House,,Rep,Sam Watson ,132,23,3,0,106
Colquitt,Doerun,State House,,Rep,Sam Watson ,298,79,6,0,213
Colquitt,Funston,State House,,Rep,Sam Watson ,553,220,10,0,323
Colquitt,Hamilton,State House,,Rep,Sam Watson ,416,127,8,0,281
Colquitt,Hartsfield,State House,,Rep,Sam Watson ,274,76,12,0,186
Colquitt,Hopewell,State House,,Rep,Sam Watson ,839,456,18,2,363
Colquitt,Lee,State House,,Rep,Sam Watson ,473,204,15,0,254
Colquitt,Millcreek,State House,,Rep,Sam Watson ,233,88,3,0,142
Colquitt,Monk,State House,,Rep,Sam Watson ,780,354,41,0,385
Colquitt,Murphy,State House,,Rep,Sam Watson ,625,338,16,0,271
Colquitt,Norman Park,State House,,Rep,Sam Watson ,1046,538,28,0,480
Colquitt,Robinson,State House,,Rep,Sam Watson ,411,134,10,0,267
Colquitt,Thigpen,State House,,Rep,Sam Watson ,136,38,2,0,96
Colquitt,TyTy,State House,,Rep,Sam Watson ,283,47,4,0,232
Colquitt,Warrior,State House,,Rep,Sam Watson ,497,156,14,0,327
Colquitt,Shaw ,County Commissioner, Chairman,Rep,Denver Braswell ,565,346,35,0,184
Colquitt,Moultrie,County Commissioner, Chairman,Rep,Denver Braswell ,1790,1072,104,0,614
Colquitt,Autreyville,County Commissioner, Chairman,Rep,Denver Braswell ,666,294,14,1,357
Colquitt,Bridgecreek,County Commissioner, Chairman,Rep,Denver Braswell ,666,325,15,0,326
Colquitt,Crosland,County Commissioner, Chairman,Rep,Denver Braswell ,132,23,3,0,106
Colquitt,Doerun,County Commissioner, Chairman,Rep,Denver Braswell ,298,79,6,0,213
Colquitt,Funston,County Commissioner, Chairman,Rep,Denver Braswell ,552,217,10,0,325
Colquitt,Hamilton,County Commissioner, Chairman,Rep,Denver Braswell ,420,129,7,0,284
Colquitt,Hartsfield,County Commissioner, Chairman,Rep,Denver Braswell ,278,77,12,0,189
Colquitt,Hopewell,County Commissioner, Chairman,Rep,Denver Braswell ,837,454,18,2,363
Colquitt,Lee,County Commissioner, Chairman,Rep,Denver Braswell ,474,203,16,0,255
Colquitt,Millcreek,County Commissioner, Chairman,Rep,Denver Braswell ,232,88,2,0,142
Colquitt,Monk,County Commissioner, Chairman,Rep,Denver Braswell ,788,357,42,0,389
Colquitt,Murphy,County Commissioner, Chairman,Rep,Denver Braswell ,615,333,14,0,268
Colquitt,Norman Park,County Commissioner, Chairman,Rep,Denver Braswell ,1044,531,29,0,484
Colquitt,Robinson,County Commissioner, Chairman,Rep,Denver Braswell ,412,138,9,0,265
Colquitt,Thigpen,County Commissioner, Chairman,Rep,Denver Braswell ,134,37,2,0,95
Colquitt,TyTy,County Commissioner, Chairman,Rep,Denver Braswell ,283,47,4,0,232
Colquitt,Warrior,County Commissioner, Chairman,Rep,Denver Braswell ,512,156,14,0,342
Colquitt,Shaw ,County Commissioner,1,Rep,Paul M. Herndon III,311,223,10,0,78
Colquitt,Moultrie,County Commissioner,1,Rep,Paul M. Herndon III,145,86,9,0,50
Colquitt,Shaw ,County Commissioner,1,Dem,Barbara Lewis Jelks ,742,402,67,0,273
Colquitt,Moultrie,County Commissioner,1,Dem,Barbara Lewis Jelks ,103,49,9,0,45
Colquitt,Moultrie,County Commissioner,3,Rep,Marc DeMott ,561,361,30,0,170
Colquitt,Autreyville,County Commissioner,3,Rep,Marc DeMott ,232,75,5,0,152
Colquitt,Bridgecreek,County Commissioner,3,Rep,Marc DeMott ,677,334,18,0,325
Colquitt,Funston,County Commissioner,3,Rep,Marc DeMott ,70,34,0,0,36
Colquitt,Hamilton,County Commissioner,3,Rep,Marc DeMott ,420,128,8,0,284
Colquitt,Murphy,County Commissioner,3,Rep,Marc DeMott ,616,333,14,0,269
Colquitt,Doerun,County Commissioner,5,Rep,Paul J. Nagy ,301,80,6,0,215
Colquitt,Funston,County Commissioner,5,Rep,Paul J. Nagy ,482,185,9,0,288
Colquitt,Hartsfield,County Commissioner,5,Rep,Paul J. Nagy ,275,77,10,0,188
Colquitt,Millcreek,County Commissioner,5,Rep,Paul J. Nagy ,235,90,2,0,143
Colquitt,Monk,County Commissioner,5,Rep,Paul J. Nagy ,782,357,40,0,385
Colquitt,Norman Park,County Commissioner,5,Rep,Paul J. Nagy ,81,53,5,0,23
Colquitt,Thigpen,County Commissioner,5,Rep,Paul J. Nagy ,134,37,2,0,95
Colquitt,Shaw ,Constitutional Amendment #1,,,Yes,887,497,65,0,325
Colquitt,Moultrie,Constitutional Amendment #1,,,Yes,1944,1174,135,0,635
Colquitt,Autreyville,Constitutional Amendment #1,,,Yes,656,314,15,1,326
Colquitt,Bridgecreek,Constitutional Amendment #1,,,Yes,627,312,23,0,292
Colquitt,Crosland,Constitutional Amendment #1,,,Yes,126,24,4,0,98
Colquitt,Doerun,Constitutional Amendment #1,,,Yes,302,71,6,0,225
Colquitt,Funston,Constitutional Amendment #1,,,Yes,499,202,10,0,287
Colquitt,Hamilton,Constitutional Amendment #1,,,Yes,377,118,8,0,251
Colquitt,Hartsfield,Constitutional Amendment #1,,,Yes,255,72,10,0,173
Colquitt,Hopewell,Constitutional Amendment #1,,,Yes,795,435,20,2,338
Colquitt,Lee,Constitutional Amendment #1,,,Yes,441,208,16,0,217
Colquitt,Millcreek,Constitutional Amendment #1,,,Yes,222,90,2,0,130
Colquitt,Monk,Constitutional Amendment #1,,,Yes,731,345,43,0,343
Colquitt,Murphy,Constitutional Amendment #1,,,Yes,582,320,16,0,246
Colquitt,Norman Park,Constitutional Amendment #1,,,Yes,1020,528,35,0,457
Colquitt,Robinson,Constitutional Amendment #1,,,Yes,396,141,8,0,247
Colquitt,Thigpen,Constitutional Amendment #1,,,Yes,120,32,2,0,86
Colquitt,TyTy,Constitutional Amendment #1,,,Yes,268,46,6,0,216
Colquitt,Warrior,Constitutional Amendment #1,,,Yes,435,133,12,0,290
Colquitt,Shaw ,Constitutional Amendment #1,,,No,175,110,10,0,55
Colquitt,Moultrie,Constitutional Amendment #1,,,No,292,170,15,0,107
Colquitt,Autreyville,Constitutional Amendment #1,,,No,79,39,3,0,37
Colquitt,Bridgecreek,Constitutional Amendment #1,,,No,71,34,3,0,34
Colquitt,Crosland,Constitutional Amendment #1,,,No,22,4,2,0,16
Colquitt,Doerun,Constitutional Amendment #1,,,No,46,16,1,0,29
Colquitt,Funston,Constitutional Amendment #1,,,No,68,22,3,0,43
Colquitt,Hamilton,Constitutional Amendment #1,,,No,52,17,1,0,34
Colquitt,Hartsfield,Constitutional Amendment #1,,,No,21,5,2,0,14
Colquitt,Hopewell,Constitutional Amendment #1,,,No,91,44,4,0,43
Colquitt,Lee,Constitutional Amendment #1,,,No,62,24,2,0,36
Colquitt,Millcreek,Constitutional Amendment #1,,,No,24,7,1,0,16
Colquitt,Monk,Constitutional Amendment #1,,,No,86,38,4,0,44
Colquitt,Murphy,Constitutional Amendment #1,,,No,59,30,3,0,26
Colquitt,Norman Park,Constitutional Amendment #1,,,No,126,64,6,0,56
Colquitt,Robinson,Constitutional Amendment #1,,,No,47,10,1,0,36
Colquitt,Thigpen,Constitutional Amendment #1,,,No,16,5,0,0,11
Colquitt,TyTy,Constitutional Amendment #1,,,No,20,6,0,0,14
Colquitt,Warrior,Constitutional Amendment #1,,,No,67,21,2,0,44
Colquitt,Shaw ,Constitutional Amendment #2,,,Yes,977,551,72,0,354
Colquitt,Moultrie,Constitutional Amendment #2,,,Yes,2050,1225,142,0,683
Colquitt,Autreyville,Constitutional Amendment #2,,,Yes,675,320,17,1,337
Colquitt,Bridgecreek,Constitutional Amendment #2,,,Yes,620,306,24,0,290
Colquitt,Crosland,Constitutional Amendment #2,,,Yes,130,23,6,0,101
Colquitt,Doerun,Constitutional Amendment #2,,,Yes,315,75,6,0,234
Colquitt,Funston,Constitutional Amendment #2,,,Yes,518,203,12,0,303
Colquitt,Hamilton,Constitutional Amendment #2,,,Yes,399,125,9,0,265
Colquitt,Hartsfield,Constitutional Amendment #2,,,Yes,257,72,12,0,173
Colquitt,Hopewell,Constitutional Amendment #2,,,Yes,815,441,23,1,350
Colquitt,Lee,Constitutional Amendment #2,,,Yes,446,212,18,0,216
Colquitt,Millcreek,Constitutional Amendment #2,,,Yes,223,89,2,0,132
Colquitt,Monk,Constitutional Amendment #2,,,Yes,760,357,46,0,357
Colquitt,Murphy,Constitutional Amendment #2,,,Yes,571,302,19,0,250
Colquitt,Norman Park,Constitutional Amendment #2,,,Yes,1032,531,38,0,463
Colquitt,Robinson,Constitutional Amendment #2,,,Yes,405,142,8,0,255
Colquitt,Thigpen,Constitutional Amendment #2,,,Yes,129,36,2,0,91
Colquitt,TyTy,Constitutional Amendment #2,,,Yes,271,48,6,0,217
Colquitt,Warrior,Constitutional Amendment #2,,,Yes,458,138,14,0,306
Colquitt,Shaw ,Constitutional Amendment #2,,,No,98,66,3,0,29
Colquitt,Moultrie,Constitutional Amendment #2,,,No,204,135,10,0,59
Colquitt,Autreyville,Constitutional Amendment #2,,,No,66,33,1,0,32
Colquitt,Bridgecreek,Constitutional Amendment #2,,,No,77,39,2,0,36
Colquitt,Crosland,Constitutional Amendment #2,,,No,18,4,0,0,14
Colquitt,Doerun,Constitutional Amendment #2,,,No,33,12,1,0,20
Colquitt,Funston,Constitutional Amendment #2,,,No,58,26,1,0,31
Colquitt,Hamilton,Constitutional Amendment #2,,,No,31,10,0,0,21
Colquitt,Hartsfield,Constitutional Amendment #2,,,No,19,5,0,0,14
Colquitt,Hopewell,Constitutional Amendment #2,,,No,73,41,0,1,31
Colquitt,Lee,Constitutional Amendment #2,,,No,60,22,0,0,38
Colquitt,Millcreek,Constitutional Amendment #2,,,No,23,8,1,0,14
Colquitt,Monk,Constitutional Amendment #2,,,No,70,31,2,0,37
Colquitt,Murphy,Constitutional Amendment #2,,,No,69,45,0,0,24
Colquitt,Norman Park,Constitutional Amendment #2,,,No,117,65,3,0,49
Colquitt,Robinson,Constitutional Amendment #2,,,No,39,10,1,0,28
Colquitt,Thigpen,Constitutional Amendment #2,,,No,8,1,0,0,7
Colquitt,TyTy,Constitutional Amendment #2,,,No,19,4,0,0,15
Colquitt,Warrior,Constitutional Amendment #2,,,No,53,22,0,0,31
Colquitt,Shaw ,Statewide Referendum A,,,Yes,660,356,38,0,266
Colquitt,Moultrie,Statewide Referendum A,,,Yes,1311,780,55,0,476
Colquitt,Autreyville,Statewide Referendum A,,,Yes,461,210,9,0,242
Colquitt,Bridgecreek,Statewide Referendum A,,,Yes,444,201,17,0,226
Colquitt,Crosland,Statewide Referendum A,,,Yes,93,16,3,0,74
Colquitt,Doerun,Statewide Referendum A,,,Yes,214,49,4,0,161
Colquitt,Funston,Statewide Referendum A,,,Yes,376,129,4,0,243
Colquitt,Hamilton,Statewide Referendum A,,,Yes,294,91,5,0,198
Colquitt,Hartsfield,Statewide Referendum A,,,Yes,205,59,6,0,140
Colquitt,Hopewell,Statewide Referendum A,,,Yes,540,275,10,1,254
Colquitt,Lee,Statewide Referendum A,,,Yes,337,149,14,0,174
Colquitt,Millcreek,Statewide Referendum A,,,Yes,161,62,0,0,99
Colquitt,Monk,Statewide Referendum A,,,Yes,506,215,21,0,270
Colquitt,Murphy,Statewide Referendum A,,,Yes,383,208,5,0,170
Colquitt,Norman Park,Statewide Referendum A,,,Yes,727,360,21,0,346
Colquitt,Robinson,Statewide Referendum A,,,Yes,284,102,7,0,175
Colquitt,Thigpen,Statewide Referendum A,,,Yes,103,29,2,0,72
Colquitt,TyTy,Statewide Referendum A,,,Yes,214,35,6,0,173
Colquitt,Warrior,Statewide Referendum A,,,Yes,352,98,12,0,242
Colquitt,Shaw ,Statewide Referendum A,,,No,394,253,32,0,109
Colquitt,Moultrie,Statewide Referendum A,,,No,890,545,91,0,254
Colquitt,Autreyville,Statewide Referendum A,,,No,268,137,9,1,121
Colquitt,Bridgecreek,Statewide Referendum A,,,No,250,142,8,0,100
Colquitt,Crosland,Statewide Referendum A,,,No,53,11,2,0,40
Colquitt,Doerun,Statewide Referendum A,,,No,132,37,3,0,92
Colquitt,Funston,Statewide Referendum A,,,No,200,99,8,0,93
Colquitt,Hamilton,Statewide Referendum A,,,No,134,42,4,0,88
Colquitt,Hartsfield,Statewide Referendum A,,,No,73,19,6,0,48
Colquitt,Hopewell,Statewide Referendum A,,,No,345,209,13,1,122
Colquitt,Lee,Statewide Referendum A,,,No,167,82,4,0,81
Colquitt,Millcreek,Statewide Referendum A,,,No,81,32,3,0,46
Colquitt,Monk,Statewide Referendum A,,,No,316,167,27,0,122
Colquitt,Murphy,Statewide Referendum A,,,No,248,138,14,0,96
Colquitt,Norman Park,Statewide Referendum A,,,No,414,233,20,0,161
Colquitt,Robinson,Statewide Referendum A,,,No,157,50,2,0,105
Colquitt,Thigpen,Statewide Referendum A,,,No,33,8,0,0,25
Colquitt,TyTy,Statewide Referendum A,,,No,72,17,0,0,55
Colquitt,Warrior,Statewide Referendum A,,,No,157,61,2,0,94
Colquitt,Shaw ,Statewide Referendum B,,,Yes,665,400,35,0,230
Colquitt,Moultrie,Statewide Referendum B,,,Yes,1472,860,85,0,527
Colquitt,Autreyville,Statewide Referendum B,,,Yes,526,240,11,0,275
Colquitt,Bridgecreek,Statewide Referendum B,,,Yes,489,221,19,0,249
Colquitt,Crosland,Statewide Referendum B,,,Yes,110,16,3,0,91
Colquitt,Doerun,Statewide Referendum B,,,Yes,235,58,5,0,172
Colquitt,Funston,Statewide Referendum B,,,Yes,436,154,7,0,275
Colquitt,Hamilton,Statewide Referendum B,,,Yes,332,101,5,0,226
Colquitt,Hartsfield,Statewide Referendum B,,,Yes,233,66,8,0,159
Colquitt,Hopewell,Statewide Referendum B,,,Yes,630,324,15,1,290
Colquitt,Lee,Statewide Referendum B,,,Yes,383,173,14,0,196
Colquitt,Millcreek,Statewide Referendum B,,,Yes,179,72,1,0,106
Colquitt,Monk,Statewide Referendum B,,,Yes,589,265,26,0,298
Colquitt,Murphy,Statewide Referendum B,,,Yes,451,239,9,0,203
Colquitt,Norman Park,Statewide Referendum B,,,Yes,828,421,23,0,384
Colquitt,Robinson,Statewide Referendum B,,,Yes,329,108,8,0,213
Colquitt,Thigpen,Statewide Referendum B,,,Yes,117,36,2,0,79
Colquitt,TyTy,Statewide Referendum B,,,Yes,238,39,3,0,196
Colquitt,Warrior,Statewide Referendum B,,,Yes,396,114,11,0,271
Colquitt,Shaw ,Statewide Referendum B,,,No,397,211,35,0,151
Colquitt,Moultrie,Statewide Referendum B,,,No,739,473,61,0,205
Colquitt,Autreyville,Statewide Referendum B,,,No,206,110,7,1,88
Colquitt,Bridgecreek,Statewide Referendum B,,,No,203,123,5,0,75
Colquitt,Crosland,Statewide Referendum B,,,No,36,11,2,0,23
Colquitt,Doerun,Statewide Referendum B,,,No,111,28,2,0,81
Colquitt,Funston,Statewide Referendum B,,,No,136,70,5,0,61
Colquitt,Hamilton,Statewide Referendum B,,,No,96,32,4,0,60
Colquitt,Hartsfield,Statewide Referendum B,,,No,45,12,4,0,29
Colquitt,Hopewell,Statewide Referendum B,,,No,249,155,8,1,85
Colquitt,Lee,Statewide Referendum B,,,No,119,58,4,0,57
Colquitt,Millcreek,Statewide Referendum B,,,No,64,22,2,0,40
Colquitt,Monk,Statewide Referendum B,,,No,229,115,21,0,93
Colquitt,Murphy,Statewide Referendum B,,,No,182,108,10,0,64
Colquitt,Norman Park,Statewide Referendum B,,,No,313,170,18,0,125
Colquitt,Robinson,Statewide Referendum B,,,No,112,41,1,0,70
Colquitt,Thigpen,Statewide Referendum B,,,No,19,2,0,0,17
Colquitt,TyTy,Statewide Referendum B,,,No,50,13,3,0,34
Colquitt,Warrior,Statewide Referendum B,,,No,111,45,3,0,63
