county,precinct,office,district,party,candidate,votes,advance_voting_votes,absentee_by_mail_votes,provisional_votes,election_day_votes
Harris,Cataula,U.S. Senate,,Rep,Herschel Walker,1413,669,38,2,704
Harris,Ellerslie,U.S. Senate,,Rep,Herschel Walker,1957,873,91,0,993
Harris,Goodman,U.S. Senate,,Rep,Herschel Walker,692,345,22,0,325
Harris,Hamilton,U.S. Senate,,Rep,Herschel Walker,1070,613,37,0,420
Harris,Lower 19th,U.S. Senate,,Rep,Herschel Walker,1286,464,57,1,764
Harris,Mulberry Grove,U.S. Senate,,Rep,Herschel Walker,1528,732,46,0,750
Harris,Pine Mountain Valley,U.S. Senate,,Rep,Herschel Walker,629,223,19,0,387
Harris,Skinner,U.S. Senate,,Rep,Herschel Walker,374,64,11,0,299
Harris,Upper 19th,U.S. Senate,,Rep,Herschel Walker,959,398,54,0,507
Harris,Valley Plains,U.S. Senate,,Rep,Herschel Walker,310,90,4,0,216
Harris,Waverly Hall,U.S. Senate,,Rep,Herschel Walker,1159,492,34,0,633
Harris,Whitesville,U.S. Senate,,Rep,Herschel Walker,695,282,18,0,395
Harris,Cataula,U.S. Senate,,Dem,Raphael Warnock ,484,267,54,1,162
Harris,Ellerslie,U.S. Senate,,Dem,Raphael Warnock ,834,480,90,0,264
Harris,Goodman,U.S. Senate,,Dem,Raphael Warnock ,378,189,25,0,164
Harris,Hamilton,U.S. Senate,,Dem,Raphael Warnock ,582,375,66,0,141
Harris,Lower 19th,U.S. Senate,,Dem,Raphael Warnock ,365,195,37,0,133
Harris,Mulberry Grove,U.S. Senate,,Dem,Raphael Warnock ,409,226,51,0,132
Harris,Pine Mountain Valley,U.S. Senate,,Dem,Raphael Warnock ,112,61,9,0,42
Harris,Skinner,U.S. Senate,,Dem,Raphael Warnock ,232,51,23,0,158
Harris,Upper 19th,U.S. Senate,,Dem,Raphael Warnock ,177,78,16,0,83
Harris,Valley Plains,U.S. Senate,,Dem,Raphael Warnock ,137,37,12,0,88
Harris,Waverly Hall,U.S. Senate,,Dem,Raphael Warnock ,596,308,72,0,216
Harris,Whitesville,U.S. Senate,,Dem,Raphael Warnock ,240,116,25,0,99
Harris,Cataula,U.S. Senate,,Lib,Chase Oliver,36,14,2,0,20
Harris,Ellerslie,U.S. Senate,,Lib,Chase Oliver,48,17,3,0,28
Harris,Goodman,U.S. Senate,,Lib,Chase Oliver,18,6,0,0,12
Harris,Hamilton,U.S. Senate,,Lib,Chase Oliver,45,24,0,0,21
Harris,Lower 19th,U.S. Senate,,Lib,Chase Oliver,49,15,3,0,31
Harris,Mulberry Grove,U.S. Senate,,Lib,Chase Oliver,34,15,1,0,18
Harris,Pine Mountain Valley,U.S. Senate,,Lib,Chase Oliver,18,5,0,0,13
Harris,Skinner,U.S. Senate,,Lib,Chase Oliver,8,0,1,0,7
Harris,Upper 19th,U.S. Senate,,Lib,Chase Oliver,23,4,1,0,18
Harris,Valley Plains,U.S. Senate,,Lib,Chase Oliver,4,0,0,0,4
Harris,Waverly Hall,U.S. Senate,,Lib,Chase Oliver,33,11,0,0,22
Harris,Whitesville,U.S. Senate,,Lib,Chase Oliver,22,8,2,0,12
Harris,Cataula,Governor,,Rep,Brian Kemp ,1510,716,43,3,748
Harris,Ellerslie,Governor,,Rep,Brian Kemp ,2090,931,105,0,1054
Harris,Goodman,Governor,,Rep,Brian Kemp ,751,377,23,0,351
Harris,Hamilton,Governor,,Rep,Brian Kemp ,1146,656,46,0,444
Harris,Lower 19th,Governor,,Rep,Brian Kemp ,1395,505,64,1,825
Harris,Mulberry Grove,Governor,,Rep,Brian Kemp ,1623,780,53,0,790
Harris,Pine Mountain Valley,Governor,,Rep,Brian Kemp ,656,231,20,0,405
Harris,Skinner,Governor,,Rep,Brian Kemp ,398,64,15,0,319
Harris,Upper 19th,Governor,,Rep,Brian Kemp ,1028,420,56,0,552
Harris,Valley Plains,Governor,,Rep,Brian Kemp ,332,91,6,0,235
Harris,Waverly Hall,Governor,,Rep,Brian Kemp ,1251,528,35,0,688
Harris,Whitesville,Governor,,Rep,Brian Kemp ,744,303,20,0,421
Harris,Cataula,Governor,,Dem,Stacey Abrams,418,237,52,0,129
Harris,Ellerslie,Governor,,Dem,Stacey Abrams,745,436,78,0,231
Harris,Goodman,Governor,,Dem,Stacey Abrams,337,164,23,0,150
Harris,Hamilton,Governor,,Dem,Stacey Abrams,542,352,58,0,132
Harris,Lower 19th,Governor,,Dem,Stacey Abrams,303,170,33,0,100
Harris,Mulberry Grove,Governor,,Dem,Stacey Abrams,348,191,46,0,111
Harris,Pine Mountain Valley,Governor,,Dem,Stacey Abrams,101,56,7,0,38
Harris,Skinner,Governor,,Dem,Stacey Abrams,212,51,20,0,141
Harris,Upper 19th,Governor,,Dem,Stacey Abrams,139,64,15,0,60
Harris,Valley Plains,Governor,,Dem,Stacey Abrams,119,34,10,0,75
Harris,Waverly Hall,Governor,,Dem,Stacey Abrams,536,282,70,0,184
Harris,Whitesville,Governor,,Dem,Stacey Abrams,208,100,25,0,83
Harris,Cataula,Governor,,Lib,Shane Hazel,17,4,0,0,13
Harris,Ellerslie,Governor,,Lib,Shane Hazel,14,6,1,0,7
Harris,Goodman,Governor,,Lib,Shane Hazel,4,1,1,0,2
Harris,Hamilton,Governor,,Lib,Shane Hazel,19,10,0,0,9
Harris,Lower 19th,Governor,,Lib,Shane Hazel,8,0,0,0,8
Harris,Mulberry Grove,Governor,,Lib,Shane Hazel,12,5,0,0,7
Harris,Pine Mountain Valley,Governor,,Lib,Shane Hazel,7,4,1,0,2
Harris,Skinner,Governor,,Lib,Shane Hazel,4,0,0,0,4
Harris,Upper 19th,Governor,,Lib,Shane Hazel,4,1,0,0,3
Harris,Valley Plains,Governor,,Lib,Shane Hazel,1,1,0,0,0
Harris,Waverly Hall,Governor,,Lib,Shane Hazel,13,6,1,0,6
Harris,Whitesville,Governor,,Lib,Shane Hazel,4,3,0,0,1
Harris,Cataula,Lieutenant Governor,,Rep,Burt Jones,1472,692,41,3,736
Harris,Ellerslie,Lieutenant Governor,,Rep,Burt Jones,2030,908,97,0,1025
Harris,Goodman,Lieutenant Governor,,Rep,Burt Jones,709,354,22,0,333
Harris,Hamilton,Lieutenant Governor,,Rep,Burt Jones,1112,632,44,0,436
Harris,Lower 19th,Lieutenant Governor,,Rep,Burt Jones,1351,487,61,1,802
Harris,Mulberry Grove,Lieutenant Governor,,Rep,Burt Jones,1593,769,50,0,774
Harris,Pine Mountain Valley,Lieutenant Governor,,Rep,Burt Jones,644,228,20,0,396
Harris,Skinner,Lieutenant Governor,,Rep,Burt Jones,396,65,15,0,316
Harris,Upper 19th,Lieutenant Governor,,Rep,Burt Jones,1002,408,58,0,536
Harris,Valley Plains,Lieutenant Governor,,Rep,Burt Jones,320,91,4,0,225
Harris,Waverly Hall,Lieutenant Governor,,Rep,Burt Jones,1217,524,32,0,661
Harris,Whitesville,Lieutenant Governor,,Rep,Burt Jones,711,293,19,0,399
Harris,Cataula,Lieutenant Governor,,Dem,Charlie Bailey,428,243,53,0,132
Harris,Ellerslie,Lieutenant Governor,,Dem,Charlie Bailey,772,449,84,0,239
Harris,Goodman,Lieutenant Governor,,Dem,Charlie Bailey,354,179,25,0,150
Harris,Hamilton,Lieutenant Governor,,Dem,Charlie Bailey,535,351,57,0,127
Harris,Lower 19th,Lieutenant Governor,,Dem,Charlie Bailey,311,173,35,0,103
Harris,Mulberry Grove,Lieutenant Governor,,Dem,Charlie Bailey,350,192,46,0,112
Harris,Pine Mountain Valley,Lieutenant Governor,,Dem,Charlie Bailey,101,57,7,0,37
Harris,Skinner,Lieutenant Governor,,Dem,Charlie Bailey,213,50,20,0,143
Harris,Upper 19th,Lieutenant Governor,,Dem,Charlie Bailey,146,71,13,0,62
Harris,Valley Plains,Lieutenant Governor,,Dem,Charlie Bailey,123,35,12,0,76
Harris,Waverly Hall,Lieutenant Governor,,Dem,Charlie Bailey,537,279,71,0,187
Harris,Whitesville,Lieutenant Governor,,Dem,Charlie Bailey,219,106,25,0,88
Harris,Cataula,Lieutenant Governor,,Lib,Ryan Graham,24,10,0,0,14
Harris,Ellerslie,Lieutenant Governor,,Lib,Ryan Graham,36,9,2,0,25
Harris,Goodman,Lieutenant Governor,,Lib,Ryan Graham,18,7,0,0,11
Harris,Hamilton,Lieutenant Governor,,Lib,Ryan Graham,39,23,1,0,15
Harris,Lower 19th,Lieutenant Governor,,Lib,Ryan Graham,31,8,0,0,23
Harris,Mulberry Grove,Lieutenant Governor,,Lib,Ryan Graham,27,7,1,0,19
Harris,Pine Mountain Valley,Lieutenant Governor,,Lib,Ryan Graham,13,6,0,0,7
Harris,Skinner,Lieutenant Governor,,Lib,Ryan Graham,5,0,0,0,5
Harris,Upper 19th,Lieutenant Governor,,Lib,Ryan Graham,17,4,0,0,13
Harris,Valley Plains,Lieutenant Governor,,Lib,Ryan Graham,7,1,0,0,6
Harris,Waverly Hall,Lieutenant Governor,,Lib,Ryan Graham,35,8,2,0,25
Harris,Whitesville,Lieutenant Governor,,Lib,Ryan Graham,15,5,0,0,10
Harris,Cataula,Secretary of State,,Rep,Brad Raffensperger ,1489,706,46,3,734
Harris,Ellerslie,Secretary of State,,Rep,Brad Raffensperger ,2061,927,106,0,1028
Harris,Goodman,Secretary of State,,Rep,Brad Raffensperger ,744,381,23,0,340
Harris,Hamilton,Secretary of State,,Rep,Brad Raffensperger ,1122,647,44,0,431
Harris,Lower 19th,Secretary of State,,Rep,Brad Raffensperger ,1357,493,61,1,802
Harris,Mulberry Grove,Secretary of State,,Rep,Brad Raffensperger ,1580,761,55,0,764
Harris,Pine Mountain Valley,Secretary of State,,Rep,Brad Raffensperger ,626,220,19,0,387
Harris,Skinner,Secretary of State,,Rep,Brad Raffensperger ,393,67,14,0,312
Harris,Upper 19th,Secretary of State,,Rep,Brad Raffensperger ,1002,414,58,0,530
Harris,Valley Plains,Secretary of State,,Rep,Brad Raffensperger ,316,91,4,0,221
Harris,Waverly Hall,Secretary of State,,Rep,Brad Raffensperger ,1205,517,34,0,654
Harris,Whitesville,Secretary of State,,Rep,Brad Raffensperger ,734,303,19,0,412
Harris,Cataula,Secretary of State,,Dem,Bee Nguyen,378,213,45,0,120
Harris,Ellerslie,Secretary of State,,Dem,Bee Nguyen,695,412,71,0,212
Harris,Goodman,Secretary of State,,Dem,Bee Nguyen,297,143,23,0,131
Harris,Hamilton,Secretary of State,,Dem,Bee Nguyen,499,326,57,0,116
Harris,Lower 19th,Secretary of State,,Dem,Bee Nguyen,279,150,33,0,96
Harris,Mulberry Grove,Secretary of State,,Dem,Bee Nguyen,327,178,42,0,107
Harris,Pine Mountain Valley,Secretary of State,,Dem,Bee Nguyen,91,50,6,0,35
Harris,Skinner,Secretary of State,,Dem,Bee Nguyen,198,46,20,0,132
Harris,Upper 19th,Secretary of State,,Dem,Bee Nguyen,124,58,12,0,54
Harris,Valley Plains,Secretary of State,,Dem,Bee Nguyen,117,31,10,0,76
Harris,Waverly Hall,Secretary of State,,Dem,Bee Nguyen,512,265,69,0,178
Harris,Whitesville,Secretary of State,,Dem,Bee Nguyen,175,80,25,0,70
Harris,Cataula,Secretary of State,,Lib,Ted Metz,47,22,0,0,25
Harris,Ellerslie,Secretary of State,,Lib,Ted Metz,73,27,6,0,40
Harris,Goodman,Secretary of State,,Lib,Ted Metz,37,14,1,0,22
Harris,Hamilton,Secretary of State,,Lib,Ted Metz,55,27,0,0,28
Harris,Lower 19th,Secretary of State,,Lib,Ted Metz,55,23,2,0,30
Harris,Mulberry Grove,Secretary of State,,Lib,Ted Metz,56,25,1,0,30
Harris,Pine Mountain Valley,Secretary of State,,Lib,Ted Metz,30,12,2,0,16
Harris,Skinner,Secretary of State,,Lib,Ted Metz,15,2,0,0,13
Harris,Upper 19th,Secretary of State,,Lib,Ted Metz,34,9,1,0,24
Harris,Valley Plains,Secretary of State,,Lib,Ted Metz,13,2,2,0,9
Harris,Waverly Hall,Secretary of State,,Lib,Ted Metz,61,25,2,0,34
Harris,Whitesville,Secretary of State,,Lib,Ted Metz,34,19,1,0,14
Harris,Cataula,Attorney General,,Rep,Chris Carr ,1473,695,42,3,733
Harris,Ellerslie,Attorney General,,Rep,Chris Carr ,2036,907,103,0,1026
Harris,Goodman,Attorney General,,Rep,Chris Carr ,711,355,22,0,334
Harris,Hamilton,Attorney General,,Rep,Chris Carr ,1127,645,44,0,438
Harris,Lower 19th,Attorney General,,Rep,Chris Carr ,1365,490,63,1,811
Harris,Mulberry Grove,Attorney General,,Rep,Chris Carr ,1595,767,49,0,779
Harris,Pine Mountain Valley,Attorney General,,Rep,Chris Carr ,648,230,19,0,399
Harris,Skinner,Attorney General,,Rep,Chris Carr ,389,65,13,0,311
Harris,Upper 19th,Attorney General,,Rep,Chris Carr ,995,404,55,0,536
Harris,Valley Plains,Attorney General,,Rep,Chris Carr ,317,90,4,0,223
Harris,Waverly Hall,Attorney General,,Rep,Chris Carr ,1226,530,30,0,666
Harris,Whitesville,Attorney General,,Rep,Chris Carr ,727,297,20,0,410
Harris,Cataula,Attorney General,,Dem,"Jennifer """"Jen"""" Jordan",425,240,51,0,134
Harris,Ellerslie,Attorney General,,Dem,"Jennifer """"Jen"""" Jordan",779,453,80,0,246
Harris,Goodman,Attorney General,,Dem,"Jennifer """"Jen"""" Jordan",350,176,25,0,149
Harris,Hamilton,Attorney General,,Dem,"Jennifer """"Jen"""" Jordan",533,351,57,0,125
Harris,Lower 19th,Attorney General,,Dem,"Jennifer """"Jen"""" Jordan",308,169,33,0,106
Harris,Mulberry Grove,Attorney General,,Dem,"Jennifer """"Jen"""" Jordan",357,196,46,0,115
Harris,Pine Mountain Valley,Attorney General,,Dem,"Jennifer """"Jen"""" Jordan",98,57,7,0,34
Harris,Skinner,Attorney General,,Dem,"Jennifer """"Jen"""" Jordan",214,50,22,0,142
Harris,Upper 19th,Attorney General,,Dem,"Jennifer """"Jen"""" Jordan",163,78,16,0,69
Harris,Valley Plains,Attorney General,,Dem,"Jennifer """"Jen"""" Jordan",126,36,12,0,78
Harris,Waverly Hall,Attorney General,,Dem,"Jennifer """"Jen"""" Jordan",543,280,72,0,191
Harris,Whitesville,Attorney General,,Dem,"Jennifer """"Jen"""" Jordan",208,102,25,0,81
Harris,Cataula,Attorney General,,Lib,Martin Cowen,26,12,0,0,14
Harris,Ellerslie,Attorney General,,Lib,Martin Cowen,25,8,1,0,16
Harris,Goodman,Attorney General,,Lib,Martin Cowen,18,5,0,0,13
Harris,Hamilton,Attorney General,,Lib,Martin Cowen,29,11,1,0,17
Harris,Lower 19th,Attorney General,,Lib,Martin Cowen,19,9,0,0,10
Harris,Mulberry Grove,Attorney General,,Lib,Martin Cowen,19,6,0,0,13
Harris,Pine Mountain Valley,Attorney General,,Lib,Martin Cowen,11,2,1,0,8
Harris,Skinner,Attorney General,,Lib,Martin Cowen,8,0,0,0,8
Harris,Upper 19th,Attorney General,,Lib,Martin Cowen,10,1,0,0,9
Harris,Valley Plains,Attorney General,,Lib,Martin Cowen,6,1,0,0,5
Harris,Waverly Hall,Attorney General,,Lib,Martin Cowen,26,5,2,0,19
Harris,Whitesville,Attorney General,,Lib,Martin Cowen,12,4,0,0,8
Harris,Cataula,Commissioner Of Agriculture,,Rep,Tyler Harper,1491,700,43,2,746
Harris,Ellerslie,Commissioner Of Agriculture,,Rep,Tyler Harper,2050,908,105,0,1037
Harris,Goodman,Commissioner Of Agriculture,,Rep,Tyler Harper,724,365,22,0,337
Harris,Hamilton,Commissioner Of Agriculture,,Rep,Tyler Harper,1139,653,43,0,443
Harris,Lower 19th,Commissioner Of Agriculture,,Rep,Tyler Harper,1365,497,64,1,803
Harris,Mulberry Grove,Commissioner Of Agriculture,,Rep,Tyler Harper,1601,767,54,0,780
Harris,Pine Mountain Valley,Commissioner Of Agriculture,,Rep,Tyler Harper,648,232,19,0,397
Harris,Skinner,Commissioner Of Agriculture,,Rep,Tyler Harper,396,65,14,0,317
Harris,Upper 19th,Commissioner Of Agriculture,,Rep,Tyler Harper,1012,412,55,0,545
Harris,Valley Plains,Commissioner Of Agriculture,,Rep,Tyler Harper,321,92,4,0,225
Harris,Waverly Hall,Commissioner Of Agriculture,,Rep,Tyler Harper,1245,533,35,0,677
Harris,Whitesville,Commissioner Of Agriculture,,Rep,Tyler Harper,737,297,19,0,421
Harris,Cataula,Commissioner Of Agriculture,,Dem,Nakita Hemingway,396,230,49,0,117
Harris,Ellerslie,Commissioner Of Agriculture,,Dem,Nakita Hemingway,745,440,76,0,229
Harris,Goodman,Commissioner Of Agriculture,,Dem,Nakita Hemingway,326,161,23,0,142
Harris,Hamilton,Commissioner Of Agriculture,,Dem,Nakita Hemingway,520,341,58,0,121
Harris,Lower 19th,Commissioner Of Agriculture,,Dem,Nakita Hemingway,295,163,32,0,100
Harris,Mulberry Grove,Commissioner Of Agriculture,,Dem,Nakita Hemingway,342,190,41,0,111
Harris,Pine Mountain Valley,Commissioner Of Agriculture,,Dem,Nakita Hemingway,92,52,7,0,33
Harris,Skinner,Commissioner Of Agriculture,,Dem,Nakita Hemingway,208,50,20,0,138
Harris,Upper 19th,Commissioner Of Agriculture,,Dem,Nakita Hemingway,144,69,15,0,60
Harris,Valley Plains,Commissioner Of Agriculture,,Dem,Nakita Hemingway,116,31,12,0,73
Harris,Waverly Hall,Commissioner Of Agriculture,,Dem,Nakita Hemingway,517,275,69,0,173
Harris,Whitesville,Commissioner Of Agriculture,,Dem,Nakita Hemingway,189,95,25,0,69
Harris,Cataula,Commissioner Of Agriculture,,Lib,David Raudabaugh,33,12,1,1,19
Harris,Ellerslie,Commissioner Of Agriculture,,Lib,David Raudabaugh,38,14,1,0,23
Harris,Goodman,Commissioner Of Agriculture,,Lib,David Raudabaugh,23,7,1,0,15
Harris,Hamilton,Commissioner Of Agriculture,,Lib,David Raudabaugh,32,16,0,0,16
Harris,Lower 19th,Commissioner Of Agriculture,,Lib,David Raudabaugh,29,10,0,0,19
Harris,Mulberry Grove,Commissioner Of Agriculture,,Lib,David Raudabaugh,26,12,1,0,13
Harris,Pine Mountain Valley,Commissioner Of Agriculture,,Lib,David Raudabaugh,14,5,1,0,8
Harris,Skinner,Commissioner Of Agriculture,,Lib,David Raudabaugh,6,0,1,0,5
Harris,Upper 19th,Commissioner Of Agriculture,,Lib,David Raudabaugh,11,3,0,0,8
Harris,Valley Plains,Commissioner Of Agriculture,,Lib,David Raudabaugh,9,3,0,0,6
Harris,Waverly Hall,Commissioner Of Agriculture,,Lib,David Raudabaugh,32,6,1,0,25
Harris,Whitesville,Commissioner Of Agriculture,,Lib,David Raudabaugh,15,7,1,0,7
Harris,Cataula,Commissioner Of Insurance,,Rep,John King ,1503,705,42,3,753
Harris,Ellerslie,Commissioner Of Insurance,,Rep,John King ,2084,926,105,0,1053
Harris,Goodman,Commissioner Of Insurance,,Rep,John King ,741,372,23,0,346
Harris,Hamilton,Commissioner Of Insurance,,Rep,John King ,1151,658,44,0,449
Harris,Lower 19th,Commissioner Of Insurance,,Rep,John King ,1383,509,62,1,811
Harris,Mulberry Grove,Commissioner Of Insurance,,Rep,John King ,1629,779,54,0,796
Harris,Pine Mountain Valley,Commissioner Of Insurance,,Rep,John King ,658,233,20,0,405
Harris,Skinner,Commissioner Of Insurance,,Rep,John King ,398,66,15,0,317
Harris,Upper 19th,Commissioner Of Insurance,,Rep,John King ,1016,414,54,0,548
Harris,Valley Plains,Commissioner Of Insurance,,Rep,John King ,323,92,4,0,227
Harris,Waverly Hall,Commissioner Of Insurance,,Rep,John King ,1250,535,35,0,680
Harris,Whitesville,Commissioner Of Insurance,,Rep,John King ,743,306,19,0,418
Harris,Cataula,Commissioner Of Insurance,,Dem,Janice Laws Robinson,414,237,51,0,126
Harris,Ellerslie,Commissioner Of Insurance,,Dem,Janice Laws Robinson,739,434,75,0,230
Harris,Goodman,Commissioner Of Insurance,,Dem,Janice Laws Robinson,329,163,22,0,144
Harris,Hamilton,Commissioner Of Insurance,,Dem,Janice Laws Robinson,534,349,56,0,129
Harris,Lower 19th,Commissioner Of Insurance,,Dem,Janice Laws Robinson,304,159,34,0,111
Harris,Mulberry Grove,Commissioner Of Insurance,,Dem,Janice Laws Robinson,335,184,43,0,108
Harris,Pine Mountain Valley,Commissioner Of Insurance,,Dem,Janice Laws Robinson,96,57,7,0,32
Harris,Skinner,Commissioner Of Insurance,,Dem,Janice Laws Robinson,211,49,20,0,142
Harris,Upper 19th,Commissioner Of Insurance,,Dem,Janice Laws Robinson,149,69,16,0,64
Harris,Valley Plains,Commissioner Of Insurance,,Dem,Janice Laws Robinson,122,35,12,0,75
Harris,Waverly Hall,Commissioner Of Insurance,,Dem,Janice Laws Robinson,540,280,70,0,190
Harris,Whitesville,Commissioner Of Insurance,,Dem,Janice Laws Robinson,198,97,25,0,76
Harris,Cataula,State School Superintendent,,Rep,Richard Woods ,1509,714,42,3,750
Harris,Ellerslie,State School Superintendent,,Rep,Richard Woods ,2096,935,106,0,1055
Harris,Goodman,State School Superintendent,,Rep,Richard Woods ,749,373,25,0,351
Harris,Hamilton,State School Superintendent,,Rep,Richard Woods ,1159,662,46,0,451
Harris,Lower 19th,State School Superintendent,,Rep,Richard Woods ,1393,508,63,1,821
Harris,Mulberry Grove,State School Superintendent,,Rep,Richard Woods ,1627,778,53,0,796
Harris,Pine Mountain Valley,State School Superintendent,,Rep,Richard Woods ,658,232,20,0,406
Harris,Skinner,State School Superintendent,,Rep,Richard Woods ,400,66,15,0,319
Harris,Upper 19th,State School Superintendent,,Rep,Richard Woods ,1024,418,56,0,550
Harris,Valley Plains,State School Superintendent,,Rep,Richard Woods ,325,92,4,0,229
Harris,Waverly Hall,State School Superintendent,,Rep,Richard Woods ,1262,533,35,0,694
Harris,Whitesville,State School Superintendent,,Rep,Richard Woods ,749,307,21,0,421
Harris,Cataula,State School Superintendent,,Dem,Alisha Thomas Searcy,413,231,52,0,130
Harris,Ellerslie,State School Superintendent,,Dem,Alisha Thomas Searcy,737,428,78,0,231
Harris,Goodman,State School Superintendent,,Dem,Alisha Thomas Searcy,326,163,21,0,142
Harris,Hamilton,State School Superintendent,,Dem,Alisha Thomas Searcy,523,344,53,0,126
Harris,Lower 19th,State School Superintendent,,Dem,Alisha Thomas Searcy,297,160,33,0,104
Harris,Mulberry Grove,State School Superintendent,,Dem,Alisha Thomas Searcy,337,189,43,0,105
Harris,Pine Mountain Valley,State School Superintendent,,Dem,Alisha Thomas Searcy,98,57,7,0,34
Harris,Skinner,State School Superintendent,,Dem,Alisha Thomas Searcy,209,49,20,0,140
Harris,Upper 19th,State School Superintendent,,Dem,Alisha Thomas Searcy,140,64,14,0,62
Harris,Valley Plains,State School Superintendent,,Dem,Alisha Thomas Searcy,123,34,12,0,77
Harris,Waverly Hall,State School Superintendent,,Dem,Alisha Thomas Searcy,530,281,70,0,179
Harris,Whitesville,State School Superintendent,,Dem,Alisha Thomas Searcy,193,94,24,0,75
Harris,Cataula,Commissioner Of Labor,,Rep,Bruce Thompson,1471,693,42,2,734
Harris,Ellerslie,Commissioner Of Labor,,Rep,Bruce Thompson,2030,908,94,0,1028
Harris,Goodman,Commissioner Of Labor,,Rep,Bruce Thompson,720,361,22,0,337
Harris,Hamilton,Commissioner Of Labor,,Rep,Bruce Thompson,1132,650,45,0,437
Harris,Lower 19th,Commissioner Of Labor,,Rep,Bruce Thompson,1357,492,61,1,803
Harris,Mulberry Grove,Commissioner Of Labor,,Rep,Bruce Thompson,1588,764,51,0,773
Harris,Pine Mountain Valley,Commissioner Of Labor,,Rep,Bruce Thompson,644,230,20,0,394
Harris,Skinner,Commissioner Of Labor,,Rep,Bruce Thompson,390,67,14,0,309
Harris,Upper 19th,Commissioner Of Labor,,Rep,Bruce Thompson,1010,409,54,0,547
Harris,Valley Plains,Commissioner Of Labor,,Rep,Bruce Thompson,315,89,4,0,222
Harris,Waverly Hall,Commissioner Of Labor,,Rep,Bruce Thompson,1211,520,35,0,656
Harris,Whitesville,Commissioner Of Labor,,Rep,Bruce Thompson,719,298,19,0,402
Harris,Cataula,Commissioner Of Labor,,Dem,"William """"Will"""" Boddie, Jr",409,237,49,0,123
Harris,Ellerslie,Commissioner Of Labor,,Dem,"William """"Will"""" Boddie, Jr",743,438,80,0,225
Harris,Goodman,Commissioner Of Labor,,Dem,"William """"Will"""" Boddie, Jr",329,166,22,0,141
Harris,Hamilton,Commissioner Of Labor,,Dem,"William """"Will"""" Boddie, Jr",514,337,54,0,123
Harris,Lower 19th,Commissioner Of Labor,,Dem,"William """"Will"""" Boddie, Jr",301,163,35,0,103
Harris,Mulberry Grove,Commissioner Of Labor,,Dem,"William """"Will"""" Boddie, Jr",345,190,45,0,110
Harris,Pine Mountain Valley,Commissioner Of Labor,,Dem,"William """"Will"""" Boddie, Jr",99,55,7,0,37
Harris,Skinner,Commissioner Of Labor,,Dem,"William """"Will"""" Boddie, Jr",208,47,20,0,141
Harris,Upper 19th,Commissioner Of Labor,,Dem,"William """"Will"""" Boddie, Jr",143,70,14,0,59
Harris,Valley Plains,Commissioner Of Labor,,Dem,"William """"Will"""" Boddie, Jr",122,35,10,0,77
Harris,Waverly Hall,Commissioner Of Labor,,Dem,"William """"Will"""" Boddie, Jr",537,280,69,0,188
Harris,Whitesville,Commissioner Of Labor,,Dem,"William """"Will"""" Boddie, Jr",198,98,25,0,75
Harris,Cataula,Commissioner Of Labor,,Lib,Emily Anderson,33,10,0,1,22
Harris,Ellerslie,Commissioner Of Labor,,Lib,Emily Anderson,52,15,4,0,33
Harris,Goodman,Commissioner Of Labor,,Lib,Emily Anderson,20,6,1,0,13
Harris,Hamilton,Commissioner Of Labor,,Lib,Emily Anderson,43,22,0,0,21
Harris,Lower 19th,Commissioner Of Labor,,Lib,Emily Anderson,33,16,0,0,17
Harris,Mulberry Grove,Commissioner Of Labor,,Lib,Emily Anderson,33,13,0,0,20
Harris,Pine Mountain Valley,Commissioner Of Labor,,Lib,Emily Anderson,13,6,0,0,7
Harris,Skinner,Commissioner Of Labor,,Lib,Emily Anderson,11,1,1,0,9
Harris,Upper 19th,Commissioner Of Labor,,Lib,Emily Anderson,12,4,1,0,7
Harris,Valley Plains,Commissioner Of Labor,,Lib,Emily Anderson,9,3,1,0,5
Harris,Waverly Hall,Commissioner Of Labor,,Lib,Emily Anderson,41,12,1,0,28
Harris,Whitesville,Commissioner Of Labor,,Lib,Emily Anderson,24,5,1,0,18
Harris,Cataula,U.S. House,3,Rep,Drew Ferguson ,1496,700,43,3,750
Harris,Ellerslie,U.S. House,3,Rep,Drew Ferguson ,2089,928,106,0,1055
Harris,Goodman,U.S. House,3,Rep,Drew Ferguson ,740,369,23,0,348
Harris,Hamilton,U.S. House,3,Rep,Drew Ferguson ,1172,669,47,0,456
Harris,Lower 19th,U.S. House,3,Rep,Drew Ferguson ,1377,495,63,1,818
Harris,Mulberry Grove,U.S. House,3,Rep,Drew Ferguson ,1622,779,49,0,794
Harris,Pine Mountain Valley,U.S. House,3,Rep,Drew Ferguson ,659,232,21,0,406
Harris,Skinner,U.S. House,3,Rep,Drew Ferguson ,404,66,12,0,326
Harris,Upper 19th,U.S. House,3,Rep,Drew Ferguson ,1019,414,54,0,551
Harris,Valley Plains,U.S. House,3,Rep,Drew Ferguson ,325,95,4,0,226
Harris,Waverly Hall,U.S. House,3,Rep,Drew Ferguson ,1249,524,36,0,689
Harris,Whitesville,U.S. House,3,Rep,Drew Ferguson ,746,304,21,0,421
Harris,Cataula,U.S. House,3,Dem,Val Almonord,426,243,50,0,133
Harris,Ellerslie,U.S. House,3,Dem,Val Almonord,745,436,76,0,233
Harris,Goodman,U.S. House,3,Dem,Val Almonord,333,165,24,0,144
Harris,Hamilton,U.S. House,3,Dem,Val Almonord,519,342,53,0,124
Harris,Lower 19th,U.S. House,3,Dem,Val Almonord,318,173,34,0,111
Harris,Mulberry Grove,U.S. House,3,Dem,Val Almonord,351,191,47,0,113
Harris,Pine Mountain Valley,U.S. House,3,Dem,Val Almonord,97,55,7,0,35
Harris,Skinner,U.S. House,3,Dem,Val Almonord,203,47,21,0,135
Harris,Upper 19th,U.S. House,3,Dem,Val Almonord,149,70,15,0,64
Harris,Valley Plains,U.S. House,3,Dem,Val Almonord,122,32,12,0,78
Harris,Waverly Hall,U.S. House,3,Dem,Val Almonord,544,288,69,0,187
Harris,Whitesville,U.S. House,3,Dem,Val Almonord,199,98,24,0,77
Harris,Cataula,State Senate,29,Rep,Randy Robertson ,1508,705,43,3,757
Harris,Ellerslie,State Senate,29,Rep,Randy Robertson ,2077,925,107,0,1045
Harris,Goodman,State Senate,29,Rep,Randy Robertson ,729,369,22,0,338
Harris,Hamilton,State Senate,29,Rep,Randy Robertson ,1157,660,47,0,450
Harris,Lower 19th,State Senate,29,Rep,Randy Robertson ,1373,496,62,1,814
Harris,Mulberry Grove,State Senate,29,Rep,Randy Robertson ,1620,776,55,0,789
Harris,Pine Mountain Valley,State Senate,29,Rep,Randy Robertson ,657,234,20,0,403
Harris,Skinner,State Senate,29,Rep,Randy Robertson ,394,65,15,0,314
Harris,Upper 19th,State Senate,29,Rep,Randy Robertson ,1025,415,58,0,552
Harris,Valley Plains,State Senate,29,Rep,Randy Robertson ,323,92,4,0,227
Harris,Waverly Hall,State Senate,29,Rep,Randy Robertson ,1235,522,34,0,679
Harris,Whitesville,State Senate,29,Rep,Randy Robertson ,740,302,20,0,418
Harris,Cataula,State Senate,29,Dem,Ellen Wright,407,236,50,0,121
Harris,Ellerslie,State Senate,29,Dem,Ellen Wright,757,439,76,0,242
Harris,Goodman,State Senate,29,Dem,Ellen Wright,340,166,24,0,150
Harris,Hamilton,State Senate,29,Dem,Ellen Wright,534,347,56,0,131
Harris,Lower 19th,State Senate,29,Dem,Ellen Wright,318,174,35,0,109
Harris,Mulberry Grove,State Senate,29,Dem,Ellen Wright,346,189,42,0,115
Harris,Pine Mountain Valley,State Senate,29,Dem,Ellen Wright,99,56,7,0,36
Harris,Skinner,State Senate,29,Dem,Ellen Wright,213,50,20,0,143
Harris,Upper 19th,State Senate,29,Dem,Ellen Wright,140,68,12,0,60
Harris,Valley Plains,State Senate,29,Dem,Ellen Wright,123,35,12,0,76
Harris,Waverly Hall,State Senate,29,Dem,Ellen Wright,551,287,72,0,192
Harris,Whitesville,State Senate,29,Dem,Ellen Wright,202,98,25,0,79
Harris,Goodman,State House,138,Rep,"Vance Smith, Jr. ",916,460,35,0,421
Harris,Hamilton,State House,138,Rep,"Vance Smith, Jr. ",1407,828,62,0,517
Harris,Lower 19th,State House,138,Rep,"Vance Smith, Jr. ",1512,567,75,1,869
Harris,Mulberry Grove,State House,138,Rep,"Vance Smith, Jr. ",1770,852,66,0,852
Harris,Pine Mountain Valley,State House,138,Rep,"Vance Smith, Jr. ",698,259,23,0,416
Harris,Skinner,State House,138,Rep,"Vance Smith, Jr. ",500,89,17,0,394
Harris,Upper 19th,State House,138,Rep,"Vance Smith, Jr. ",1095,445,62,0,588
Harris,Valley Plains,State House,138,Rep,"Vance Smith, Jr. ",387,112,8,0,267
Harris,Whitesville,State House,138,Rep,"Vance Smith, Jr. ",827,343,27,0,457
Harris,Cataula,State House,139,Rep,Richard H. Smith ,1699,819,57,2,821
Harris,Ellerslie,State House,139,Rep,Richard H. Smith ,2439,1130,120,0,1189
Harris,Waverly Hall,State House,139,Rep,Richard H. Smith ,1454,633,50,0,771
Harris,Ellerslie,County Commissioner Dist 1,,Rep,Scott Lightsey,68,36,3,0,29
Harris,Hamilton,County Commissioner Dist 1,,Rep,Scott Lightsey,760,435,36,0,289
Harris,Pine Mountain Valley,County Commissioner Dist 1,,Rep,Scott Lightsey,686,249,21,0,416
Harris,Upper 19th,County Commissioner Dist 1,,Rep,Scott Lightsey,2,0,2,0,0
Harris,Valley Plains,County Commissioner Dist 1,,Rep,Scott Lightsey,379,110,7,0,262
Harris,Waverly Hall,County Commissioner Dist 1,,Rep,Scott Lightsey,717,299,24,0,394
Harris,Goodman,County Commissioner Dist 2,,Rep,"Rob """"Coach"""" Grant ",887,441,32,0,414
Harris,Hamilton,County Commissioner Dist 2,,Rep,"Rob """"Coach"""" Grant ",142,91,7,0,44
Harris,Skinner,County Commissioner Dist 2,,Rep,"Rob """"Coach"""" Grant ",485,89,17,0,379
Harris,Upper 19th,County Commissioner Dist 2,,Rep,"Rob """"Coach"""" Grant ",414,145,22,0,247
Harris,Whitesville,County Commissioner Dist 2,,Rep,"Rob """"Coach"""" Grant ",806,335,26,0,445
Harris,Lower 19th,County Commissioner Dist 3,,Rep,Greg Gantt,1360,496,65,1,798
Harris,Mulberry Grove,County Commissioner Dist 3,,Rep,Greg Gantt,908,426,34,0,448
Harris,Upper 19th,County Commissioner Dist 3,,Rep,Greg Gantt,639,281,30,0,328
Harris,Lower 19th,County Commissioner Dist 3,,Dem,Mark A. Lawrence,324,170,31,0,123
Harris,Mulberry Grove,County Commissioner Dist 3,,Dem,Mark A. Lawrence,229,126,22,0,81
Harris,Upper 19th,County Commissioner Dist 3,,Dem,Mark A. Lawrence,59,31,9,0,19
Harris,Hamilton,Hamilton,,,Ransom Farley ,420,238,23,0,159
Harris,Hamilton,Hamilton,,,Faith E. Birkhead,91,47,4,0,40
Harris,Hamilton,Hamilton,,,Deborah Farley,126,82,8,0,36
Harris,Hamilton,Hamilton,,,William Patrick Fields,156,76,8,0,72
Harris,Hamilton,Hamilton,,,Steven Haberkorn,19,9,2,0,8
Harris,Hamilton,Hamilton,,,Nancy Wall,54,33,5,0,16
Harris,Cataula,Constitutional Amendment #1,,,Yes,1706,841,80,3,782
Harris,Ellerslie,Constitutional Amendment #1,,,Yes,2516,1215,166,0,1135
Harris,Goodman,Constitutional Amendment #1,,,Yes,943,471,43,0,429
Harris,Hamilton,Constitutional Amendment #1,,,Yes,1481,883,87,0,511
Harris,Lower 19th,Constitutional Amendment #1,,,Yes,1476,575,86,1,814
Harris,Mulberry Grove,Constitutional Amendment #1,,,Yes,1761,861,92,0,808
Harris,Pine Mountain Valley,Constitutional Amendment #1,,,Yes,674,251,26,0,397
Harris,Skinner,Constitutional Amendment #1,,,Yes,523,100,32,0,391
Harris,Upper 19th,Constitutional Amendment #1,,,Yes,1043,442,60,0,541
Harris,Valley Plains,Constitutional Amendment #1,,,Yes,386,114,14,0,258
Harris,Waverly Hall,Constitutional Amendment #1,,,Yes,1563,735,88,0,740
Harris,Whitesville,Constitutional Amendment #1,,,Yes,839,371,38,0,430
Harris,Cataula,Constitutional Amendment #1,,,No,177,81,8,0,88
Harris,Ellerslie,Constitutional Amendment #1,,,No,283,133,15,0,135
Harris,Goodman,Constitutional Amendment #1,,,No,101,49,4,0,48
Harris,Hamilton,Constitutional Amendment #1,,,No,159,96,9,0,54
Harris,Lower 19th,Constitutional Amendment #1,,,No,181,76,9,0,96
Harris,Mulberry Grove,Constitutional Amendment #1,,,No,172,93,2,0,77
Harris,Pine Mountain Valley,Constitutional Amendment #1,,,No,75,37,1,0,37
Harris,Skinner,Constitutional Amendment #1,,,No,69,13,1,0,55
Harris,Upper 19th,Constitutional Amendment #1,,,No,104,34,11,0,59
Harris,Valley Plains,Constitutional Amendment #1,,,No,47,10,2,0,35
Harris,Waverly Hall,Constitutional Amendment #1,,,No,182,60,15,0,107
Harris,Whitesville,Constitutional Amendment #1,,,No,91,29,4,0,58
Harris,Cataula,Constitutional Amendment #2,,,Yes,1759,856,80,1,822
Harris,Ellerslie,Constitutional Amendment #2,,,Yes,2629,1275,168,0,1186
Harris,Goodman,Constitutional Amendment #2,,,Yes,979,493,43,0,443
Harris,Hamilton,Constitutional Amendment #2,,,Yes,1525,913,89,0,523
Harris,Lower 19th,Constitutional Amendment #2,,,Yes,1543,611,88,1,843
Harris,Mulberry Grove,Constitutional Amendment #2,,,Yes,1841,915,91,0,835
Harris,Pine Mountain Valley,Constitutional Amendment #2,,,Yes,700,260,26,0,414
Harris,Skinner,Constitutional Amendment #2,,,Yes,555,106,31,0,418
Harris,Upper 19th,Constitutional Amendment #2,,,Yes,1070,446,66,0,558
Harris,Valley Plains,Constitutional Amendment #2,,,Yes,408,112,16,0,280
Harris,Waverly Hall,Constitutional Amendment #2,,,Yes,1627,745,90,0,792
Harris,Whitesville,Constitutional Amendment #2,,,Yes,852,364,42,0,446
Harris,Cataula,Constitutional Amendment #2,,,No,127,64,11,1,51
Harris,Ellerslie,Constitutional Amendment #2,,,No,171,77,8,0,86
Harris,Goodman,Constitutional Amendment #2,,,No,77,32,3,0,42
Harris,Hamilton,Constitutional Amendment #2,,,No,128,76,10,0,42
Harris,Lower 19th,Constitutional Amendment #2,,,No,130,48,7,0,75
Harris,Mulberry Grove,Constitutional Amendment #2,,,No,104,50,5,0,49
Harris,Pine Mountain Valley,Constitutional Amendment #2,,,No,47,26,1,0,20
Harris,Skinner,Constitutional Amendment #2,,,No,40,7,3,0,30
Harris,Upper 19th,Constitutional Amendment #2,,,No,83,35,5,0,43
Harris,Valley Plains,Constitutional Amendment #2,,,No,33,13,0,0,20
Harris,Waverly Hall,Constitutional Amendment #2,,,No,130,55,11,0,64
Harris,Whitesville,Constitutional Amendment #2,,,No,81,38,1,0,42
Harris,Cataula,Statewide Referendum A,,,Yes,1141,504,46,2,589
Harris,Ellerslie,Statewide Referendum A,,,Yes,1697,788,83,0,826
Harris,Goodman,Statewide Referendum A,,,Yes,621,298,13,0,310
Harris,Hamilton,Statewide Referendum A,,,Yes,1037,586,53,0,398
Harris,Lower 19th,Statewide Referendum A,,,Yes,949,349,43,1,556
Harris,Mulberry Grove,Statewide Referendum A,,,Yes,1131,532,49,0,550
Harris,Pine Mountain Valley,Statewide Referendum A,,,Yes,487,171,14,0,302
Harris,Skinner,Statewide Referendum A,,,Yes,371,58,19,0,294
Harris,Upper 19th,Statewide Referendum A,,,Yes,687,288,29,0,370
Harris,Valley Plains,Statewide Referendum A,,,Yes,301,81,5,0,215
Harris,Waverly Hall,Statewide Referendum A,,,Yes,1100,495,49,0,556
Harris,Whitesville,Statewide Referendum A,,,Yes,584,229,29,0,326
Harris,Cataula,Statewide Referendum A,,,No,714,400,43,0,271
Harris,Ellerslie,Statewide Referendum A,,,No,1057,540,90,0,427
Harris,Goodman,Statewide Referendum A,,,No,425,223,33,0,169
Harris,Hamilton,Statewide Referendum A,,,No,585,377,44,0,164
Harris,Lower 19th,Statewide Referendum A,,,No,697,294,49,0,354
Harris,Mulberry Grove,Statewide Referendum A,,,No,778,408,44,0,326
Harris,Pine Mountain Valley,Statewide Referendum A,,,No,251,113,12,0,126
Harris,Skinner,Statewide Referendum A,,,No,210,55,13,0,142
Harris,Upper 19th,Statewide Referendum A,,,No,442,184,41,0,217
Harris,Valley Plains,Statewide Referendum A,,,No,137,45,11,0,81
Harris,Waverly Hall,Statewide Referendum A,,,No,637,295,53,0,289
Harris,Whitesville,Statewide Referendum A,,,No,341,164,13,0,164
Harris,Cataula,Statewide Referendum B,,,Yes,1505,718,59,2,726
Harris,Ellerslie,Statewide Referendum B,,,Yes,2184,1023,115,0,1046
Harris,Goodman,Statewide Referendum B,,,Yes,826,411,27,0,388
Harris,Hamilton,Statewide Referendum B,,,Yes,1316,775,68,0,473
Harris,Lower 19th,Statewide Referendum B,,,Yes,1315,505,63,1,746
Harris,Mulberry Grove,Statewide Referendum B,,,Yes,1525,721,65,0,739
Harris,Pine Mountain Valley,Statewide Referendum B,,,Yes,630,238,18,0,374
Harris,Skinner,Statewide Referendum B,,,Yes,470,80,22,0,368
Harris,Upper 19th,Statewide Referendum B,,,Yes,917,375,51,0,491
Harris,Valley Plains,Statewide Referendum B,,,Yes,363,97,11,0,255
Harris,Waverly Hall,Statewide Referendum B,,,Yes,1395,634,63,0,698
Harris,Whitesville,Statewide Referendum B,,,Yes,740,297,30,0,413
Harris,Cataula,Statewide Referendum B,,,No,354,191,30,0,133
Harris,Ellerslie,Statewide Referendum B,,,No,584,310,61,0,213
Harris,Goodman,Statewide Referendum B,,,No,221,109,19,0,93
Harris,Hamilton,Statewide Referendum B,,,No,313,197,27,0,89
Harris,Lower 19th,Statewide Referendum B,,,No,335,140,28,0,167
Harris,Mulberry Grove,Statewide Referendum B,,,No,400,227,30,0,143
Harris,Pine Mountain Valley,Statewide Referendum B,,,No,108,45,8,0,55
Harris,Skinner,Statewide Referendum B,,,No,114,32,10,0,72
Harris,Upper 19th,Statewide Referendum B,,,No,223,99,19,0,105
Harris,Valley Plains,Statewide Referendum B,,,No,74,27,5,0,42
Harris,Waverly Hall,Statewide Referendum B,,,No,347,157,39,0,151
Harris,Whitesville,Statewide Referendum B,,,No,187,99,12,0,76
