county,precinct,office,district,party,candidate,votes,advance_voting_votes,absentee_by_mail_votes,provisional_votes,election_day_votes
Floyd,Alto Park,U.S. Senate,,Rep,Herschel Walker,1421,827,53,3,538
Floyd,Armuchee,U.S. Senate,,Rep,Herschel Walker,632,203,13,0,416
Floyd,Barkers,U.S. Senate,,Rep,Herschel Walker,1112,521,20,0,571
Floyd,Cave Spring,U.S. Senate,,Rep,Herschel Walker,661,121,8,3,529
Floyd,Chulio,U.S. Senate,,Rep,Herschel Walker,567,183,15,2,367
Floyd,Etowah,U.S. Senate,,Rep,Herschel Walker,2282,1277,77,5,923
Floyd,Everett Springs,U.S. Senate,,Rep,Herschel Walker,216,41,0,0,175
Floyd,Floyd Springs,U.S. Senate,,Rep,Herschel Walker,898,262,25,2,609
Floyd,Fosters Mill,U.S. Senate,,Rep,Herschel Walker,512,146,8,0,358
Floyd,Garden Lakes,U.S. Senate,,Rep,Herschel Walker,675,399,21,0,255
Floyd,Glenwood,U.S. Senate,,Rep,Herschel Walker,1270,513,42,0,715
Floyd,Howell,U.S. Senate,,Rep,Herschel Walker,805,235,19,0,551
Floyd,East Lindale,U.S. Senate,,Rep,Herschel Walker,1345,632,27,2,684
Floyd,Mt Alto North,U.S. Senate,,Rep,Herschel Walker,1239,776,77,0,386
Floyd,Mt Alto South,U.S. Senate,,Rep,Herschel Walker,1080,555,54,1,470
Floyd,North Carolina,U.S. Senate,,Rep,Herschel Walker,758,317,26,0,415
Floyd,Riverside,U.S. Senate,,Rep,Herschel Walker,331,104,7,0,220
Floyd,East Rome,U.S. Senate,,Rep,Herschel Walker,1010,626,25,3,356
Floyd,North Rome,U.S. Senate,,Rep,Herschel Walker,853,519,42,0,292
Floyd,South Rome,U.S. Senate,,Rep,Herschel Walker,118,64,7,0,47
Floyd,Texas Valley,U.S. Senate,,Rep,Herschel Walker,381,88,6,0,287
Floyd,Vanns Valley,U.S. Senate,,Rep,Herschel Walker,291,99,12,0,180
Floyd,Watters,U.S. Senate,,Rep,Herschel Walker,1603,683,50,7,863
Floyd,West Lindale,U.S. Senate,,Rep,Herschel Walker,1071,437,39,1,594
Floyd,Town Rome,U.S. Senate,,Rep,Herschel Walker,792,466,36,0,290
Floyd,Alto Park,U.S. Senate,,Dem,Raphael Warnock ,503,256,63,0,184
Floyd,Armuchee,U.S. Senate,,Dem,Raphael Warnock ,163,68,11,0,84
Floyd,Barkers,U.S. Senate,,Dem,Raphael Warnock ,197,111,25,0,61
Floyd,Cave Spring,U.S. Senate,,Dem,Raphael Warnock ,195,71,13,1,110
Floyd,Chulio,U.S. Senate,,Dem,Raphael Warnock ,122,50,13,3,56
Floyd,Etowah,U.S. Senate,,Dem,Raphael Warnock ,663,406,75,0,182
Floyd,Everett Springs,U.S. Senate,,Dem,Raphael Warnock ,38,13,0,0,25
Floyd,Floyd Springs,U.S. Senate,,Dem,Raphael Warnock ,131,65,10,0,56
Floyd,Fosters Mill,U.S. Senate,,Dem,Raphael Warnock ,76,38,4,0,34
Floyd,Garden Lakes,U.S. Senate,,Dem,Raphael Warnock ,290,179,23,1,87
Floyd,Glenwood,U.S. Senate,,Dem,Raphael Warnock ,410,188,43,0,179
Floyd,Howell,U.S. Senate,,Dem,Raphael Warnock ,106,39,6,0,61
Floyd,East Lindale,U.S. Senate,,Dem,Raphael Warnock ,429,253,37,0,139
Floyd,Mt Alto North,U.S. Senate,,Dem,Raphael Warnock ,986,616,77,4,289
Floyd,Mt Alto South,U.S. Senate,,Dem,Raphael Warnock ,817,415,66,1,335
Floyd,North Carolina,U.S. Senate,,Dem,Raphael Warnock ,175,92,15,0,68
Floyd,Riverside,U.S. Senate,,Dem,Raphael Warnock ,135,57,7,0,71
Floyd,East Rome,U.S. Senate,,Dem,Raphael Warnock ,1008,605,84,2,317
Floyd,North Rome,U.S. Senate,,Dem,Raphael Warnock ,771,457,92,3,219
Floyd,South Rome,U.S. Senate,,Dem,Raphael Warnock ,469,240,44,0,185
Floyd,Texas Valley,U.S. Senate,,Dem,Raphael Warnock ,64,16,3,0,45
Floyd,Vanns Valley,U.S. Senate,,Dem,Raphael Warnock ,79,34,7,0,38
Floyd,Watters,U.S. Senate,,Dem,Raphael Warnock ,307,142,31,1,133
Floyd,West Lindale,U.S. Senate,,Dem,Raphael Warnock ,315,154,20,0,141
Floyd,Town Rome,U.S. Senate,,Dem,Raphael Warnock ,711,410,59,0,242
Floyd,Alto Park,U.S. Senate,,Lib,Chase Oliver,50,22,1,0,27
Floyd,Armuchee,U.S. Senate,,Lib,Chase Oliver,19,7,2,0,10
Floyd,Barkers,U.S. Senate,,Lib,Chase Oliver,31,8,2,0,21
Floyd,Cave Spring,U.S. Senate,,Lib,Chase Oliver,28,5,0,0,23
Floyd,Chulio,U.S. Senate,,Lib,Chase Oliver,16,6,0,0,10
Floyd,Etowah,U.S. Senate,,Lib,Chase Oliver,74,32,4,0,38
Floyd,Everett Springs,U.S. Senate,,Lib,Chase Oliver,8,0,0,0,8
Floyd,Floyd Springs,U.S. Senate,,Lib,Chase Oliver,33,8,2,0,23
Floyd,Fosters Mill,U.S. Senate,,Lib,Chase Oliver,15,3,1,0,11
Floyd,Garden Lakes,U.S. Senate,,Lib,Chase Oliver,26,9,1,0,16
Floyd,Glenwood,U.S. Senate,,Lib,Chase Oliver,71,24,7,0,40
Floyd,Howell,U.S. Senate,,Lib,Chase Oliver,25,4,0,0,21
Floyd,East Lindale,U.S. Senate,,Lib,Chase Oliver,36,19,0,0,17
Floyd,Mt Alto North,U.S. Senate,,Lib,Chase Oliver,61,29,3,0,29
Floyd,Mt Alto South,U.S. Senate,,Lib,Chase Oliver,27,17,1,0,9
Floyd,North Carolina,U.S. Senate,,Lib,Chase Oliver,29,9,0,0,20
Floyd,Riverside,U.S. Senate,,Lib,Chase Oliver,14,6,1,0,7
Floyd,East Rome,U.S. Senate,,Lib,Chase Oliver,52,24,5,0,23
Floyd,North Rome,U.S. Senate,,Lib,Chase Oliver,30,14,3,0,13
Floyd,South Rome,U.S. Senate,,Lib,Chase Oliver,15,9,1,0,5
Floyd,Texas Valley,U.S. Senate,,Lib,Chase Oliver,11,3,0,0,8
Floyd,Vanns Valley,U.S. Senate,,Lib,Chase Oliver,15,2,1,0,12
Floyd,Watters,U.S. Senate,,Lib,Chase Oliver,47,16,2,0,29
Floyd,West Lindale,U.S. Senate,,Lib,Chase Oliver,36,12,2,0,22
Floyd,Town Rome,U.S. Senate,,Lib,Chase Oliver,44,13,3,0,28
Floyd,Alto Park,Governor,,Rep,Brian Kemp ,1529,874,59,3,593
Floyd,Armuchee,Governor,,Rep,Brian Kemp ,689,225,17,0,447
Floyd,Barkers,Governor,,Rep,Brian Kemp ,1191,554,24,0,613
Floyd,Cave Spring,Governor,,Rep,Brian Kemp ,724,134,8,3,579
Floyd,Chulio,Governor,,Rep,Brian Kemp ,605,196,15,2,392
Floyd,Etowah,Governor,,Rep,Brian Kemp ,2457,1385,88,5,979
Floyd,Everett Springs,Governor,,Rep,Brian Kemp ,228,41,0,0,187
Floyd,Floyd Springs,Governor,,Rep,Brian Kemp ,966,289,31,2,644
Floyd,Fosters Mill,Governor,,Rep,Brian Kemp ,539,152,10,0,377
Floyd,Garden Lakes,Governor,,Rep,Brian Kemp ,725,425,25,0,275
Floyd,Glenwood,Governor,,Rep,Brian Kemp ,1398,558,55,0,785
Floyd,Howell,Governor,,Rep,Brian Kemp ,857,246,18,0,593
Floyd,East Lindale,Governor,,Rep,Brian Kemp ,1444,690,33,2,719
Floyd,Mt Alto North,Governor,,Rep,Brian Kemp ,1408,882,85,0,441
Floyd,Mt Alto South,Governor,,Rep,Brian Kemp ,1180,600,61,1,518
Floyd,North Carolina,Governor,,Rep,Brian Kemp ,823,346,28,0,449
Floyd,Riverside,Governor,,Rep,Brian Kemp ,361,117,8,0,236
Floyd,East Rome,Governor,,Rep,Brian Kemp ,1191,727,35,3,426
Floyd,North Rome,Governor,,Rep,Brian Kemp ,962,578,54,0,330
Floyd,South Rome,Governor,,Rep,Brian Kemp ,159,89,11,0,59
Floyd,Texas Valley,Governor,,Rep,Brian Kemp ,417,98,6,0,313
Floyd,Vanns Valley,Governor,,Rep,Brian Kemp ,320,108,13,0,199
Floyd,Watters,Governor,,Rep,Brian Kemp ,1691,718,59,7,907
Floyd,West Lindale,Governor,,Rep,Brian Kemp ,1139,463,43,1,632
Floyd,Town Rome,Governor,,Rep,Brian Kemp ,927,532,42,0,353
Floyd,Alto Park,Governor,,Dem,Stacey Abrams,434,227,56,0,151
Floyd,Armuchee,Governor,,Dem,Stacey Abrams,124,54,10,0,60
Floyd,Barkers,Governor,,Dem,Stacey Abrams,140,85,22,0,33
Floyd,Cave Spring,Governor,,Dem,Stacey Abrams,156,63,12,1,80
Floyd,Chulio,Governor,,Dem,Stacey Abrams,93,42,12,3,36
Floyd,Etowah,Governor,,Dem,Stacey Abrams,562,338,68,0,156
Floyd,Everett Springs,Governor,,Dem,Stacey Abrams,30,12,0,0,18
Floyd,Floyd Springs,Governor,,Dem,Stacey Abrams,93,47,6,0,40
Floyd,Fosters Mill,Governor,,Dem,Stacey Abrams,63,37,3,0,23
Floyd,Garden Lakes,Governor,,Dem,Stacey Abrams,255,159,20,1,75
Floyd,Glenwood,Governor,,Dem,Stacey Abrams,343,163,35,0,145
Floyd,Howell,Governor,,Dem,Stacey Abrams,81,33,7,0,41
Floyd,East Lindale,Governor,,Dem,Stacey Abrams,352,212,32,0,108
Floyd,Mt Alto North,Governor,,Dem,Stacey Abrams,871,541,71,3,256
Floyd,Mt Alto South,Governor,,Dem,Stacey Abrams,743,390,60,0,293
Floyd,North Carolina,Governor,,Dem,Stacey Abrams,143,73,12,0,58
Floyd,Riverside,Governor,,Dem,Stacey Abrams,117,50,7,0,60
Floyd,East Rome,Governor,,Dem,Stacey Abrams,875,534,77,2,262
Floyd,North Rome,Governor,,Dem,Stacey Abrams,697,420,83,3,191
Floyd,South Rome,Governor,,Dem,Stacey Abrams,444,225,41,0,178
Floyd,Texas Valley,Governor,,Dem,Stacey Abrams,33,10,3,0,20
Floyd,Vanns Valley,Governor,,Dem,Stacey Abrams,60,26,7,0,27
Floyd,Watters,Governor,,Dem,Stacey Abrams,246,120,20,1,105
Floyd,West Lindale,Governor,,Dem,Stacey Abrams,277,136,18,0,123
Floyd,Town Rome,Governor,,Dem,Stacey Abrams,623,366,55,0,202
Floyd,Alto Park,Governor,,Lib,Shane Hazel,18,7,0,0,11
Floyd,Armuchee,Governor,,Lib,Shane Hazel,5,1,0,0,4
Floyd,Barkers,Governor,,Lib,Shane Hazel,14,2,1,0,11
Floyd,Cave Spring,Governor,,Lib,Shane Hazel,10,3,1,0,6
Floyd,Chulio,Governor,,Lib,Shane Hazel,9,2,1,0,6
Floyd,Etowah,Governor,,Lib,Shane Hazel,18,6,1,0,11
Floyd,Everett Springs,Governor,,Lib,Shane Hazel,4,1,0,0,3
Floyd,Floyd Springs,Governor,,Lib,Shane Hazel,8,2,0,0,6
Floyd,Fosters Mill,Governor,,Lib,Shane Hazel,6,0,0,0,6
Floyd,Garden Lakes,Governor,,Lib,Shane Hazel,11,3,0,0,8
Floyd,Glenwood,Governor,,Lib,Shane Hazel,15,5,0,0,10
Floyd,Howell,Governor,,Lib,Shane Hazel,6,1,0,0,5
Floyd,East Lindale,Governor,,Lib,Shane Hazel,24,6,0,0,18
Floyd,Mt Alto North,Governor,,Lib,Shane Hazel,18,6,1,1,10
Floyd,Mt Alto South,Governor,,Lib,Shane Hazel,14,5,0,1,8
Floyd,North Carolina,Governor,,Lib,Shane Hazel,9,2,1,0,6
Floyd,Riverside,Governor,,Lib,Shane Hazel,5,1,0,0,4
Floyd,East Rome,Governor,,Lib,Shane Hazel,22,8,2,0,12
Floyd,North Rome,Governor,,Lib,Shane Hazel,10,1,0,0,9
Floyd,South Rome,Governor,,Lib,Shane Hazel,4,2,0,0,2
Floyd,Texas Valley,Governor,,Lib,Shane Hazel,9,0,0,0,9
Floyd,Vanns Valley,Governor,,Lib,Shane Hazel,4,0,0,0,4
Floyd,Watters,Governor,,Lib,Shane Hazel,27,5,3,0,19
Floyd,West Lindale,Governor,,Lib,Shane Hazel,8,3,0,0,5
Floyd,Town Rome,Governor,,Lib,Shane Hazel,15,5,0,0,10
Floyd,Alto Park,Lieutenant Governor,,Rep,Burt Jones,1469,843,60,3,563
Floyd,Armuchee,Lieutenant Governor,,Rep,Burt Jones,652,214,16,0,422
Floyd,Barkers,Lieutenant Governor,,Rep,Burt Jones,1142,531,23,0,588
Floyd,Cave Spring,Lieutenant Governor,,Rep,Burt Jones,691,125,8,3,555
Floyd,Chulio,Lieutenant Governor,,Rep,Burt Jones,583,192,15,2,374
Floyd,Etowah,Lieutenant Governor,,Rep,Burt Jones,2357,1322,81,5,949
Floyd,Everett Springs,Lieutenant Governor,,Rep,Burt Jones,222,41,0,0,181
Floyd,Floyd Springs,Lieutenant Governor,,Rep,Burt Jones,923,275,30,2,616
Floyd,Fosters Mill,Lieutenant Governor,,Rep,Burt Jones,516,151,7,0,358
Floyd,Garden Lakes,Lieutenant Governor,,Rep,Burt Jones,696,409,22,0,265
Floyd,Glenwood,Lieutenant Governor,,Rep,Burt Jones,1330,534,48,0,748
Floyd,Howell,Lieutenant Governor,,Rep,Burt Jones,823,239,18,0,566
Floyd,East Lindale,Lieutenant Governor,,Rep,Burt Jones,1386,658,29,2,697
Floyd,Mt Alto North,Lieutenant Governor,,Rep,Burt Jones,1319,830,82,0,407
Floyd,Mt Alto South,Lieutenant Governor,,Rep,Burt Jones,1113,567,55,2,489
Floyd,North Carolina,Lieutenant Governor,,Rep,Burt Jones,792,328,27,0,437
Floyd,Riverside,Lieutenant Governor,,Rep,Burt Jones,342,108,8,0,226
Floyd,East Rome,Lieutenant Governor,,Rep,Burt Jones,1071,656,29,2,384
Floyd,North Rome,Lieutenant Governor,,Rep,Burt Jones,908,549,47,0,312
Floyd,South Rome,Lieutenant Governor,,Rep,Burt Jones,141,79,8,0,54
Floyd,Texas Valley,Lieutenant Governor,,Rep,Burt Jones,391,92,6,0,293
Floyd,Vanns Valley,Lieutenant Governor,,Rep,Burt Jones,309,104,13,0,192
Floyd,Watters,Lieutenant Governor,,Rep,Burt Jones,1636,700,53,7,876
Floyd,West Lindale,Lieutenant Governor,,Rep,Burt Jones,1109,451,42,1,615
Floyd,Town Rome,Lieutenant Governor,,Rep,Burt Jones,868,507,41,0,320
Floyd,Alto Park,Lieutenant Governor,,Dem,Charlie Bailey,450,236,57,0,157
Floyd,Armuchee,Lieutenant Governor,,Dem,Charlie Bailey,137,56,11,0,70
Floyd,Barkers,Lieutenant Governor,,Dem,Charlie Bailey,168,102,22,0,44
Floyd,Cave Spring,Lieutenant Governor,,Dem,Charlie Bailey,167,67,13,1,86
Floyd,Chulio,Lieutenant Governor,,Dem,Charlie Bailey,108,45,13,2,48
Floyd,Etowah,Lieutenant Governor,,Dem,Charlie Bailey,611,374,74,0,163
Floyd,Everett Springs,Lieutenant Governor,,Dem,Charlie Bailey,32,12,0,0,20
Floyd,Floyd Springs,Lieutenant Governor,,Dem,Charlie Bailey,117,59,7,0,51
Floyd,Fosters Mill,Lieutenant Governor,,Dem,Charlie Bailey,75,37,4,0,34
Floyd,Garden Lakes,Lieutenant Governor,,Dem,Charlie Bailey,265,163,21,1,80
Floyd,Glenwood,Lieutenant Governor,,Dem,Charlie Bailey,369,169,43,0,157
Floyd,Howell,Lieutenant Governor,,Dem,Charlie Bailey,93,36,7,0,50
Floyd,East Lindale,Lieutenant Governor,,Dem,Charlie Bailey,388,231,35,0,122
Floyd,Mt Alto North,Lieutenant Governor,,Dem,Charlie Bailey,901,558,75,4,264
Floyd,Mt Alto South,Lieutenant Governor,,Dem,Charlie Bailey,752,396,64,0,292
Floyd,North Carolina,Lieutenant Governor,,Dem,Charlie Bailey,155,83,14,0,58
Floyd,Riverside,Lieutenant Governor,,Dem,Charlie Bailey,118,51,7,0,60
Floyd,East Rome,Lieutenant Governor,,Dem,Charlie Bailey,935,577,79,2,277
Floyd,North Rome,Lieutenant Governor,,Dem,Charlie Bailey,705,428,87,2,188
Floyd,South Rome,Lieutenant Governor,,Dem,Charlie Bailey,432,224,42,0,166
Floyd,Texas Valley,Lieutenant Governor,,Dem,Charlie Bailey,45,12,3,0,30
Floyd,Vanns Valley,Lieutenant Governor,,Dem,Charlie Bailey,65,27,6,0,32
Floyd,Watters,Lieutenant Governor,,Dem,Charlie Bailey,279,128,27,1,123
Floyd,West Lindale,Lieutenant Governor,,Dem,Charlie Bailey,284,140,19,0,125
Floyd,Town Rome,Lieutenant Governor,,Dem,Charlie Bailey,635,374,55,0,206
Floyd,Alto Park,Lieutenant Governor,,Lib,Ryan Graham,46,20,0,0,26
Floyd,Armuchee,Lieutenant Governor,,Lib,Ryan Graham,22,9,0,0,13
Floyd,Barkers,Lieutenant Governor,,Lib,Ryan Graham,24,6,1,0,17
Floyd,Cave Spring,Lieutenant Governor,,Lib,Ryan Graham,21,4,0,0,17
Floyd,Chulio,Lieutenant Governor,,Lib,Ryan Graham,10,0,0,1,9
Floyd,Etowah,Lieutenant Governor,,Lib,Ryan Graham,49,20,2,0,27
Floyd,Everett Springs,Lieutenant Governor,,Lib,Ryan Graham,5,1,0,0,4
Floyd,Floyd Springs,Lieutenant Governor,,Lib,Ryan Graham,22,3,0,0,19
Floyd,Fosters Mill,Lieutenant Governor,,Lib,Ryan Graham,13,1,1,0,11
Floyd,Garden Lakes,Lieutenant Governor,,Lib,Ryan Graham,19,8,1,0,10
Floyd,Glenwood,Lieutenant Governor,,Lib,Ryan Graham,47,18,0,0,29
Floyd,Howell,Lieutenant Governor,,Lib,Ryan Graham,16,3,0,0,13
Floyd,East Lindale,Lieutenant Governor,,Lib,Ryan Graham,32,12,0,0,20
Floyd,Mt Alto North,Lieutenant Governor,,Lib,Ryan Graham,45,20,0,0,25
Floyd,Mt Alto South,Lieutenant Governor,,Lib,Ryan Graham,37,18,0,0,19
Floyd,North Carolina,Lieutenant Governor,,Lib,Ryan Graham,17,5,0,0,12
Floyd,Riverside,Lieutenant Governor,,Lib,Ryan Graham,20,7,0,0,13
Floyd,East Rome,Lieutenant Governor,,Lib,Ryan Graham,55,24,3,0,28
Floyd,North Rome,Lieutenant Governor,,Lib,Ryan Graham,35,14,2,0,19
Floyd,South Rome,Lieutenant Governor,,Lib,Ryan Graham,17,8,0,0,9
Floyd,Texas Valley,Lieutenant Governor,,Lib,Ryan Graham,17,2,0,0,15
Floyd,Vanns Valley,Lieutenant Governor,,Lib,Ryan Graham,10,3,1,0,6
Floyd,Watters,Lieutenant Governor,,Lib,Ryan Graham,41,11,2,0,28
Floyd,West Lindale,Lieutenant Governor,,Lib,Ryan Graham,23,6,0,0,17
Floyd,Town Rome,Lieutenant Governor,,Lib,Ryan Graham,45,13,1,0,31
Floyd,Alto Park,Secretary of State,,Rep,Brad Raffensperger ,1502,855,61,2,584
Floyd,Armuchee,Secretary of State,,Rep,Brad Raffensperger ,670,221,17,0,432
Floyd,Barkers,Secretary of State,,Rep,Brad Raffensperger ,1135,530,22,0,583
Floyd,Cave Spring,Secretary of State,,Rep,Brad Raffensperger ,692,125,10,3,554
Floyd,Chulio,Secretary of State,,Rep,Brad Raffensperger ,587,188,17,4,378
Floyd,Etowah,Secretary of State,,Rep,Brad Raffensperger ,2351,1331,89,5,926
Floyd,Everett Springs,Secretary of State,,Rep,Brad Raffensperger ,215,39,0,0,176
Floyd,Floyd Springs,Secretary of State,,Rep,Brad Raffensperger ,926,286,30,1,609
Floyd,Fosters Mill,Secretary of State,,Rep,Brad Raffensperger ,505,150,7,0,348
Floyd,Garden Lakes,Secretary of State,,Rep,Brad Raffensperger ,693,408,24,0,261
Floyd,Glenwood,Secretary of State,,Rep,Brad Raffensperger ,1341,544,51,0,746
Floyd,Howell,Secretary of State,,Rep,Brad Raffensperger ,822,236,18,0,568
Floyd,East Lindale,Secretary of State,,Rep,Brad Raffensperger ,1426,681,38,2,705
Floyd,Mt Alto North,Secretary of State,,Rep,Brad Raffensperger ,1369,874,86,0,409
Floyd,Mt Alto South,Secretary of State,,Rep,Brad Raffensperger ,1164,600,63,1,500
Floyd,North Carolina,Secretary of State,,Rep,Brad Raffensperger ,794,337,28,0,429
Floyd,Riverside,Secretary of State,,Rep,Brad Raffensperger ,345,113,8,0,224
Floyd,East Rome,Secretary of State,,Rep,Brad Raffensperger ,1182,727,35,2,418
Floyd,North Rome,Secretary of State,,Rep,Brad Raffensperger ,958,580,58,0,320
Floyd,South Rome,Secretary of State,,Rep,Brad Raffensperger ,157,88,12,0,57
Floyd,Texas Valley,Secretary of State,,Rep,Brad Raffensperger ,404,94,7,0,303
Floyd,Vanns Valley,Secretary of State,,Rep,Brad Raffensperger ,303,102,12,0,189
Floyd,Watters,Secretary of State,,Rep,Brad Raffensperger ,1636,699,55,7,875
Floyd,West Lindale,Secretary of State,,Rep,Brad Raffensperger ,1123,458,41,1,623
Floyd,Town Rome,Secretary of State,,Rep,Brad Raffensperger ,933,538,50,0,345
Floyd,Alto Park,Secretary of State,,Dem,Bee Nguyen,403,211,52,0,140
Floyd,Armuchee,Secretary of State,,Dem,Bee Nguyen,125,50,10,0,65
Floyd,Barkers,Secretary of State,,Dem,Bee Nguyen,144,85,23,0,36
Floyd,Cave Spring,Secretary of State,,Dem,Bee Nguyen,147,62,10,0,75
Floyd,Chulio,Secretary of State,,Dem,Bee Nguyen,91,42,11,1,37
Floyd,Etowah,Secretary of State,,Dem,Bee Nguyen,547,332,64,0,151
Floyd,Everett Springs,Secretary of State,,Dem,Bee Nguyen,30,12,0,0,18
Floyd,Floyd Springs,Secretary of State,,Dem,Bee Nguyen,101,47,7,0,47
Floyd,Fosters Mill,Secretary of State,,Dem,Bee Nguyen,63,32,4,0,27
Floyd,Garden Lakes,Secretary of State,,Dem,Bee Nguyen,256,156,20,1,79
Floyd,Glenwood,Secretary of State,,Dem,Bee Nguyen,342,163,39,0,140
Floyd,Howell,Secretary of State,,Dem,Bee Nguyen,89,35,7,0,47
Floyd,East Lindale,Secretary of State,,Dem,Bee Nguyen,331,200,26,0,105
Floyd,Mt Alto North,Secretary of State,,Dem,Bee Nguyen,840,510,68,4,258
Floyd,Mt Alto South,Secretary of State,,Dem,Bee Nguyen,698,363,58,1,276
Floyd,North Carolina,Secretary of State,,Dem,Bee Nguyen,140,67,12,0,61
Floyd,Riverside,Secretary of State,,Dem,Bee Nguyen,115,49,7,0,59
Floyd,East Rome,Secretary of State,,Dem,Bee Nguyen,820,490,75,2,253
Floyd,North Rome,Secretary of State,,Dem,Bee Nguyen,649,388,74,2,185
Floyd,South Rome,Secretary of State,,Dem,Bee Nguyen,416,211,40,0,165
Floyd,Texas Valley,Secretary of State,,Dem,Bee Nguyen,34,10,2,0,22
Floyd,Vanns Valley,Secretary of State,,Dem,Bee Nguyen,59,24,6,0,29
Floyd,Watters,Secretary of State,,Dem,Bee Nguyen,249,118,23,1,107
Floyd,West Lindale,Secretary of State,,Dem,Bee Nguyen,257,126,17,0,114
Floyd,Town Rome,Secretary of State,,Dem,Bee Nguyen,553,327,46,0,180
Floyd,Alto Park,Secretary of State,,Lib,Ted Metz,53,25,2,0,26
Floyd,Armuchee,Secretary of State,,Lib,Ted Metz,14,7,0,0,7
Floyd,Barkers,Secretary of State,,Lib,Ted Metz,50,15,2,0,33
Floyd,Cave Spring,Secretary of State,,Lib,Ted Metz,39,9,1,1,28
Floyd,Chulio,Secretary of State,,Lib,Ted Metz,21,6,0,0,15
Floyd,Etowah,Secretary of State,,Lib,Ted Metz,106,53,4,0,49
Floyd,Everett Springs,Secretary of State,,Lib,Ted Metz,11,2,0,0,9
Floyd,Floyd Springs,Secretary of State,,Lib,Ted Metz,32,5,0,1,26
Floyd,Fosters Mill,Secretary of State,,Lib,Ted Metz,30,5,1,0,24
Floyd,Garden Lakes,Secretary of State,,Lib,Ted Metz,30,15,0,0,15
Floyd,Glenwood,Secretary of State,,Lib,Ted Metz,56,13,1,0,42
Floyd,Howell,Secretary of State,,Lib,Ted Metz,22,8,0,0,14
Floyd,East Lindale,Secretary of State,,Lib,Ted Metz,53,23,1,0,29
Floyd,Mt Alto North,Secretary of State,,Lib,Ted Metz,63,31,2,0,30
Floyd,Mt Alto South,Secretary of State,,Lib,Ted Metz,49,22,0,0,27
Floyd,North Carolina,Secretary of State,,Lib,Ted Metz,28,11,1,0,16
Floyd,Riverside,Secretary of State,,Lib,Ted Metz,19,2,0,0,17
Floyd,East Rome,Secretary of State,,Lib,Ted Metz,62,37,3,1,21
Floyd,North Rome,Secretary of State,,Lib,Ted Metz,43,21,4,0,18
Floyd,South Rome,Secretary of State,,Lib,Ted Metz,17,9,0,0,8
Floyd,Texas Valley,Secretary of State,,Lib,Ted Metz,15,0,0,0,15
Floyd,Vanns Valley,Secretary of State,,Lib,Ted Metz,17,7,1,0,9
Floyd,Watters,Secretary of State,,Lib,Ted Metz,67,20,4,0,43
Floyd,West Lindale,Secretary of State,,Lib,Ted Metz,30,10,1,0,19
Floyd,Town Rome,Secretary of State,,Lib,Ted Metz,61,27,2,0,32
Floyd,Alto Park,Attorney General,,Rep,Chris Carr ,1484,849,61,2,572
Floyd,Armuchee,Attorney General,,Rep,Chris Carr ,664,216,15,0,433
Floyd,Barkers,Attorney General,,Rep,Chris Carr ,1154,538,21,0,595
Floyd,Cave Spring,Attorney General,,Rep,Chris Carr ,696,125,8,3,560
Floyd,Chulio,Attorney General,,Rep,Chris Carr ,585,192,14,2,377
Floyd,Etowah,Attorney General,,Rep,Chris Carr ,2396,1350,82,5,959
Floyd,Everett Springs,Attorney General,,Rep,Chris Carr ,222,43,0,0,179
Floyd,Floyd Springs,Attorney General,,Rep,Chris Carr ,942,283,32,2,625
Floyd,Fosters Mill,Attorney General,,Rep,Chris Carr ,524,152,8,0,364
Floyd,Garden Lakes,Attorney General,,Rep,Chris Carr ,704,416,22,0,266
Floyd,Glenwood,Attorney General,,Rep,Chris Carr ,1343,541,48,0,754
Floyd,Howell,Attorney General,,Rep,Chris Carr ,837,243,18,0,576
Floyd,East Lindale,Attorney General,,Rep,Chris Carr ,1408,673,30,2,703
Floyd,Mt Alto North,Attorney General,,Rep,Chris Carr ,1348,848,86,0,414
Floyd,Mt Alto South,Attorney General,,Rep,Chris Carr ,1132,574,58,2,498
Floyd,North Carolina,Attorney General,,Rep,Chris Carr ,792,328,27,0,437
Floyd,Riverside,Attorney General,,Rep,Chris Carr ,351,116,8,0,227
Floyd,East Rome,Attorney General,,Rep,Chris Carr ,1123,689,32,2,400
Floyd,North Rome,Attorney General,,Rep,Chris Carr ,909,555,46,0,308
Floyd,South Rome,Attorney General,,Rep,Chris Carr ,151,85,11,0,55
Floyd,Texas Valley,Attorney General,,Rep,Chris Carr ,394,92,6,0,296
Floyd,Vanns Valley,Attorney General,,Rep,Chris Carr ,307,104,12,0,191
Floyd,Watters,Attorney General,,Rep,Chris Carr ,1656,704,58,7,887
Floyd,West Lindale,Attorney General,,Rep,Chris Carr ,1113,457,42,1,613
Floyd,Town Rome,Attorney General,,Rep,Chris Carr ,876,515,40,0,321
Floyd,Alto Park,Attorney General,,Dem,"Jennifer """"Jen"""" Jordan",446,232,53,0,161
Floyd,Armuchee,Attorney General,,Dem,"Jennifer """"Jen"""" Jordan",135,55,12,0,68
Floyd,Barkers,Attorney General,,Dem,"Jennifer """"Jen"""" Jordan",167,100,21,0,46
Floyd,Cave Spring,Attorney General,,Dem,"Jennifer """"Jen"""" Jordan",169,67,13,0,89
Floyd,Chulio,Attorney General,,Dem,"Jennifer """"Jen"""" Jordan",111,43,14,3,51
Floyd,Etowah,Attorney General,,Dem,"Jennifer """"Jen"""" Jordan",591,355,74,0,162
Floyd,Everett Springs,Attorney General,,Dem,"Jennifer """"Jen"""" Jordan",31,11,0,0,20
Floyd,Floyd Springs,Attorney General,,Dem,"Jennifer """"Jen"""" Jordan",107,53,5,0,49
Floyd,Fosters Mill,Attorney General,,Dem,"Jennifer """"Jen"""" Jordan",67,34,4,0,29
Floyd,Garden Lakes,Attorney General,,Dem,"Jennifer """"Jen"""" Jordan",266,164,21,1,80
Floyd,Glenwood,Attorney General,,Dem,"Jennifer """"Jen"""" Jordan",370,172,39,0,159
Floyd,Howell,Attorney General,,Dem,"Jennifer """"Jen"""" Jordan",88,34,7,0,47
Floyd,East Lindale,Attorney General,,Dem,"Jennifer """"Jen"""" Jordan",381,225,35,0,121
Floyd,Mt Alto North,Attorney General,,Dem,"Jennifer """"Jen"""" Jordan",894,555,67,4,268
Floyd,Mt Alto South,Attorney General,,Dem,"Jennifer """"Jen"""" Jordan",748,393,62,0,293
Floyd,North Carolina,Attorney General,,Dem,"Jennifer """"Jen"""" Jordan",158,84,13,0,61
Floyd,Riverside,Attorney General,,Dem,"Jennifer """"Jen"""" Jordan",122,50,7,0,65
Floyd,East Rome,Attorney General,,Dem,"Jennifer """"Jen"""" Jordan",899,547,78,2,272
Floyd,North Rome,Attorney General,,Dem,"Jennifer """"Jen"""" Jordan",713,425,87,2,199
Floyd,South Rome,Attorney General,,Dem,"Jennifer """"Jen"""" Jordan",426,218,40,0,168
Floyd,Texas Valley,Attorney General,,Dem,"Jennifer """"Jen"""" Jordan",45,13,3,0,29
Floyd,Vanns Valley,Attorney General,,Dem,"Jennifer """"Jen"""" Jordan",72,29,8,0,35
Floyd,Watters,Attorney General,,Dem,"Jennifer """"Jen"""" Jordan",272,130,25,1,116
Floyd,West Lindale,Attorney General,,Dem,"Jennifer """"Jen"""" Jordan",288,139,19,0,130
Floyd,Town Rome,Attorney General,,Dem,"Jennifer """"Jen"""" Jordan",635,371,55,0,209
Floyd,Alto Park,Attorney General,,Lib,Martin Cowen,31,14,1,0,16
Floyd,Armuchee,Attorney General,,Lib,Martin Cowen,11,6,0,0,5
Floyd,Barkers,Attorney General,,Lib,Martin Cowen,18,1,3,0,14
Floyd,Cave Spring,Attorney General,,Lib,Martin Cowen,15,3,0,1,11
Floyd,Chulio,Attorney General,,Lib,Martin Cowen,6,2,0,0,4
Floyd,Etowah,Attorney General,,Lib,Martin Cowen,34,13,1,0,20
Floyd,Everett Springs,Attorney General,,Lib,Martin Cowen,7,0,0,0,7
Floyd,Floyd Springs,Attorney General,,Lib,Martin Cowen,16,2,0,0,14
Floyd,Fosters Mill,Attorney General,,Lib,Martin Cowen,13,2,1,0,10
Floyd,Garden Lakes,Attorney General,,Lib,Martin Cowen,14,6,0,0,8
Floyd,Glenwood,Attorney General,,Lib,Martin Cowen,34,10,2,0,22
Floyd,Howell,Attorney General,,Lib,Martin Cowen,12,2,0,0,10
Floyd,East Lindale,Attorney General,,Lib,Martin Cowen,23,8,0,0,15
Floyd,Mt Alto North,Attorney General,,Lib,Martin Cowen,30,10,2,0,18
Floyd,Mt Alto South,Attorney General,,Lib,Martin Cowen,26,15,0,0,11
Floyd,North Carolina,Attorney General,,Lib,Martin Cowen,18,5,0,0,13
Floyd,Riverside,Attorney General,,Lib,Martin Cowen,7,0,0,0,7
Floyd,East Rome,Attorney General,,Lib,Martin Cowen,45,23,2,0,20
Floyd,North Rome,Attorney General,,Lib,Martin Cowen,30,13,2,0,15
Floyd,South Rome,Attorney General,,Lib,Martin Cowen,17,9,0,0,8
Floyd,Texas Valley,Attorney General,,Lib,Martin Cowen,14,2,0,0,12
Floyd,Vanns Valley,Attorney General,,Lib,Martin Cowen,4,1,0,0,3
Floyd,Watters,Attorney General,,Lib,Martin Cowen,31,8,0,0,23
Floyd,West Lindale,Attorney General,,Lib,Martin Cowen,16,2,0,0,14
Floyd,Town Rome,Attorney General,,Lib,Martin Cowen,37,6,2,0,29
Floyd,Alto Park,Commissioner Of Agriculture,,Rep,Tyler Harper,1513,864,62,2,585
Floyd,Armuchee,Commissioner Of Agriculture,,Rep,Tyler Harper,672,220,16,0,436
Floyd,Barkers,Commissioner Of Agriculture,,Rep,Tyler Harper,1173,545,24,0,604
Floyd,Cave Spring,Commissioner Of Agriculture,,Rep,Tyler Harper,711,134,10,3,564
Floyd,Chulio,Commissioner Of Agriculture,,Rep,Tyler Harper,594,195,15,3,381
Floyd,Etowah,Commissioner Of Agriculture,,Rep,Tyler Harper,2403,1349,89,5,960
Floyd,Everett Springs,Commissioner Of Agriculture,,Rep,Tyler Harper,225,43,0,0,182
Floyd,Floyd Springs,Commissioner Of Agriculture,,Rep,Tyler Harper,950,283,31,2,634
Floyd,Fosters Mill,Commissioner Of Agriculture,,Rep,Tyler Harper,529,154,8,0,367
Floyd,Garden Lakes,Commissioner Of Agriculture,,Rep,Tyler Harper,714,424,21,0,269
Floyd,Glenwood,Commissioner Of Agriculture,,Rep,Tyler Harper,1362,544,56,0,762
Floyd,Howell,Commissioner Of Agriculture,,Rep,Tyler Harper,846,244,18,0,584
Floyd,East Lindale,Commissioner Of Agriculture,,Rep,Tyler Harper,1427,684,30,2,711
Floyd,Mt Alto North,Commissioner Of Agriculture,,Rep,Tyler Harper,1364,867,85,1,411
Floyd,Mt Alto South,Commissioner Of Agriculture,,Rep,Tyler Harper,1169,600,59,2,508
Floyd,North Carolina,Commissioner Of Agriculture,,Rep,Tyler Harper,806,337,30,0,439
Floyd,Riverside,Commissioner Of Agriculture,,Rep,Tyler Harper,351,115,8,0,228
Floyd,East Rome,Commissioner Of Agriculture,,Rep,Tyler Harper,1169,723,35,3,408
Floyd,North Rome,Commissioner Of Agriculture,,Rep,Tyler Harper,916,559,50,0,307
Floyd,South Rome,Commissioner Of Agriculture,,Rep,Tyler Harper,144,79,8,0,57
Floyd,Texas Valley,Commissioner Of Agriculture,,Rep,Tyler Harper,403,93,6,0,304
Floyd,Vanns Valley,Commissioner Of Agriculture,,Rep,Tyler Harper,315,106,13,0,196
Floyd,Watters,Commissioner Of Agriculture,,Rep,Tyler Harper,1666,706,59,7,894
Floyd,West Lindale,Commissioner Of Agriculture,,Rep,Tyler Harper,1127,462,43,1,621
Floyd,Town Rome,Commissioner Of Agriculture,,Rep,Tyler Harper,914,534,42,0,338
Floyd,Alto Park,Commissioner Of Agriculture,,Dem,Nakita Hemingway,394,207,48,0,139
Floyd,Armuchee,Commissioner Of Agriculture,,Dem,Nakita Hemingway,117,49,10,0,58
Floyd,Barkers,Commissioner Of Agriculture,,Dem,Nakita Hemingway,144,88,21,0,35
Floyd,Cave Spring,Commissioner Of Agriculture,,Dem,Nakita Hemingway,146,57,11,0,78
Floyd,Chulio,Commissioner Of Agriculture,,Dem,Nakita Hemingway,94,39,13,2,40
Floyd,Etowah,Commissioner Of Agriculture,,Dem,Nakita Hemingway,550,335,63,0,152
Floyd,Everett Springs,Commissioner Of Agriculture,,Dem,Nakita Hemingway,28,11,0,0,17
Floyd,Floyd Springs,Commissioner Of Agriculture,,Dem,Nakita Hemingway,94,48,5,0,41
Floyd,Fosters Mill,Commissioner Of Agriculture,,Dem,Nakita Hemingway,60,31,4,0,25
Floyd,Garden Lakes,Commissioner Of Agriculture,,Dem,Nakita Hemingway,252,154,21,1,76
Floyd,Glenwood,Commissioner Of Agriculture,,Dem,Nakita Hemingway,324,160,31,0,133
Floyd,Howell,Commissioner Of Agriculture,,Dem,Nakita Hemingway,78,32,7,0,39
Floyd,East Lindale,Commissioner Of Agriculture,,Dem,Nakita Hemingway,350,213,31,0,106
Floyd,Mt Alto North,Commissioner Of Agriculture,,Dem,Nakita Hemingway,863,531,71,2,259
Floyd,Mt Alto South,Commissioner Of Agriculture,,Dem,Nakita Hemingway,688,356,61,0,271
Floyd,North Carolina,Commissioner Of Agriculture,,Dem,Nakita Hemingway,135,69,11,0,55
Floyd,Riverside,Commissioner Of Agriculture,,Dem,Nakita Hemingway,107,45,7,0,55
Floyd,East Rome,Commissioner Of Agriculture,,Dem,Nakita Hemingway,825,501,72,2,250
Floyd,North Rome,Commissioner Of Agriculture,,Dem,Nakita Hemingway,686,413,83,2,188
Floyd,South Rome,Commissioner Of Agriculture,,Dem,Nakita Hemingway,427,218,41,0,168
Floyd,Texas Valley,Commissioner Of Agriculture,,Dem,Nakita Hemingway,37,12,3,0,22
Floyd,Vanns Valley,Commissioner Of Agriculture,,Dem,Nakita Hemingway,60,27,6,0,27
Floyd,Watters,Commissioner Of Agriculture,,Dem,Nakita Hemingway,246,116,22,1,107
Floyd,West Lindale,Commissioner Of Agriculture,,Dem,Nakita Hemingway,255,128,15,0,112
Floyd,Town Rome,Commissioner Of Agriculture,,Dem,Nakita Hemingway,564,334,47,0,183
Floyd,Alto Park,Commissioner Of Agriculture,,Lib,David Raudabaugh,41,19,3,0,19
Floyd,Armuchee,Commissioner Of Agriculture,,Lib,David Raudabaugh,16,6,1,0,9
Floyd,Barkers,Commissioner Of Agriculture,,Lib,David Raudabaugh,20,4,0,0,16
Floyd,Cave Spring,Commissioner Of Agriculture,,Lib,David Raudabaugh,21,4,0,1,16
Floyd,Chulio,Commissioner Of Agriculture,,Lib,David Raudabaugh,10,2,0,0,8
Floyd,Etowah,Commissioner Of Agriculture,,Lib,David Raudabaugh,54,26,2,0,26
Floyd,Everett Springs,Commissioner Of Agriculture,,Lib,David Raudabaugh,7,0,0,0,7
Floyd,Floyd Springs,Commissioner Of Agriculture,,Lib,David Raudabaugh,19,5,0,0,14
Floyd,Fosters Mill,Commissioner Of Agriculture,,Lib,David Raudabaugh,11,2,1,0,8
Floyd,Garden Lakes,Commissioner Of Agriculture,,Lib,David Raudabaugh,18,8,0,0,10
Floyd,Glenwood,Commissioner Of Agriculture,,Lib,David Raudabaugh,52,14,4,0,34
Floyd,Howell,Commissioner Of Agriculture,,Lib,David Raudabaugh,13,3,0,0,10
Floyd,East Lindale,Commissioner Of Agriculture,,Lib,David Raudabaugh,34,8,2,0,24
Floyd,Mt Alto North,Commissioner Of Agriculture,,Lib,David Raudabaugh,37,14,0,1,22
Floyd,Mt Alto South,Commissioner Of Agriculture,,Lib,David Raudabaugh,37,22,0,0,15
Floyd,North Carolina,Commissioner Of Agriculture,,Lib,David Raudabaugh,24,11,0,0,13
Floyd,Riverside,Commissioner Of Agriculture,,Lib,David Raudabaugh,20,6,0,0,14
Floyd,East Rome,Commissioner Of Agriculture,,Lib,David Raudabaugh,53,24,1,0,28
Floyd,North Rome,Commissioner Of Agriculture,,Lib,David Raudabaugh,33,11,0,0,22
Floyd,South Rome,Commissioner Of Agriculture,,Lib,David Raudabaugh,18,10,0,0,8
Floyd,Texas Valley,Commissioner Of Agriculture,,Lib,David Raudabaugh,13,2,0,0,11
Floyd,Vanns Valley,Commissioner Of Agriculture,,Lib,David Raudabaugh,8,0,1,0,7
Floyd,Watters,Commissioner Of Agriculture,,Lib,David Raudabaugh,45,15,1,0,29
Floyd,West Lindale,Commissioner Of Agriculture,,Lib,David Raudabaugh,29,8,1,0,20
Floyd,Town Rome,Commissioner Of Agriculture,,Lib,David Raudabaugh,52,18,3,0,31
Floyd,Alto Park,Commissioner Of Insurance,,Rep,John King ,1522,867,59,2,594
Floyd,Armuchee,Commissioner Of Insurance,,Rep,John King ,680,224,15,0,441
Floyd,Barkers,Commissioner Of Insurance,,Rep,John King ,1175,545,21,0,609
Floyd,Cave Spring,Commissioner Of Insurance,,Rep,John King ,711,130,8,3,570
Floyd,Chulio,Commissioner Of Insurance,,Rep,John King ,595,193,15,4,383
Floyd,Etowah,Commissioner Of Insurance,,Rep,John King ,2424,1366,85,5,968
Floyd,Everett Springs,Commissioner Of Insurance,,Rep,John King ,222,43,0,0,179
Floyd,Floyd Springs,Commissioner Of Insurance,,Rep,John King ,963,288,30,2,643
Floyd,Fosters Mill,Commissioner Of Insurance,,Rep,John King ,537,153,9,0,375
Floyd,Garden Lakes,Commissioner Of Insurance,,Rep,John King ,714,418,21,0,275
Floyd,Glenwood,Commissioner Of Insurance,,Rep,John King ,1383,548,55,0,780
Floyd,Howell,Commissioner Of Insurance,,Rep,John King ,849,245,17,0,587
Floyd,East Lindale,Commissioner Of Insurance,,Rep,John King ,1451,692,30,1,728
Floyd,Mt Alto North,Commissioner Of Insurance,,Rep,John King ,1371,859,86,0,426
Floyd,Mt Alto South,Commissioner Of Insurance,,Rep,John King ,1180,596,62,2,520
Floyd,North Carolina,Commissioner Of Insurance,,Rep,John King ,812,339,27,0,446
Floyd,Riverside,Commissioner Of Insurance,,Rep,John King ,360,117,8,0,235
Floyd,East Rome,Commissioner Of Insurance,,Rep,John King ,1163,713,33,2,415
Floyd,North Rome,Commissioner Of Insurance,,Rep,John King ,948,573,51,0,324
Floyd,South Rome,Commissioner Of Insurance,,Rep,John King ,154,83,8,0,63
Floyd,Texas Valley,Commissioner Of Insurance,,Rep,John King ,407,94,6,0,307
Floyd,Vanns Valley,Commissioner Of Insurance,,Rep,John King ,316,106,14,0,196
Floyd,Watters,Commissioner Of Insurance,,Rep,John King ,1683,715,56,7,905
Floyd,West Lindale,Commissioner Of Insurance,,Rep,John King ,1141,463,45,1,632
Floyd,Town Rome,Commissioner Of Insurance,,Rep,John King ,943,542,46,0,355
Floyd,Alto Park,Commissioner Of Insurance,,Dem,Janice Laws Robinson,427,223,53,0,151
Floyd,Armuchee,Commissioner Of Insurance,,Dem,Janice Laws Robinson,126,51,12,0,63
Floyd,Barkers,Commissioner Of Insurance,,Dem,Janice Laws Robinson,159,92,23,0,44
Floyd,Cave Spring,Commissioner Of Insurance,,Dem,Janice Laws Robinson,167,64,13,1,89
Floyd,Chulio,Commissioner Of Insurance,,Dem,Janice Laws Robinson,102,44,13,1,44
Floyd,Etowah,Commissioner Of Insurance,,Dem,Janice Laws Robinson,584,345,71,0,168
Floyd,Everett Springs,Commissioner Of Insurance,,Dem,Janice Laws Robinson,35,11,0,0,24
Floyd,Floyd Springs,Commissioner Of Insurance,,Dem,Janice Laws Robinson,99,49,6,0,44
Floyd,Fosters Mill,Commissioner Of Insurance,,Dem,Janice Laws Robinson,64,34,4,0,26
Floyd,Garden Lakes,Commissioner Of Insurance,,Dem,Janice Laws Robinson,267,166,22,1,78
Floyd,Glenwood,Commissioner Of Insurance,,Dem,Janice Laws Robinson,357,172,36,0,149
Floyd,Howell,Commissioner Of Insurance,,Dem,Janice Laws Robinson,86,33,7,0,46
Floyd,East Lindale,Commissioner Of Insurance,,Dem,Janice Laws Robinson,359,210,34,1,114
Floyd,Mt Alto North,Commissioner Of Insurance,,Dem,Janice Laws Robinson,884,549,67,4,264
Floyd,Mt Alto South,Commissioner Of Insurance,,Dem,Janice Laws Robinson,712,383,57,0,272
Floyd,North Carolina,Commissioner Of Insurance,,Dem,Janice Laws Robinson,147,76,13,0,58
Floyd,Riverside,Commissioner Of Insurance,,Dem,Janice Laws Robinson,116,49,7,0,60
Floyd,East Rome,Commissioner Of Insurance,,Dem,Janice Laws Robinson,879,530,74,2,273
Floyd,North Rome,Commissioner Of Insurance,,Dem,Janice Laws Robinson,688,410,82,3,193
Floyd,South Rome,Commissioner Of Insurance,,Dem,Janice Laws Robinson,433,224,39,0,170
Floyd,Texas Valley,Commissioner Of Insurance,,Dem,Janice Laws Robinson,44,12,3,0,29
Floyd,Vanns Valley,Commissioner Of Insurance,,Dem,Janice Laws Robinson,66,27,6,0,33
Floyd,Watters,Commissioner Of Insurance,,Dem,Janice Laws Robinson,266,125,23,1,117
Floyd,West Lindale,Commissioner Of Insurance,,Dem,Janice Laws Robinson,273,135,14,0,124
Floyd,Town Rome,Commissioner Of Insurance,,Dem,Janice Laws Robinson,589,343,50,0,196
Floyd,Alto Park,State School Superintendent,,Rep,Richard Woods ,1530,872,59,2,597
Floyd,Armuchee,State School Superintendent,,Rep,Richard Woods ,678,224,15,0,439
Floyd,Barkers,State School Superintendent,,Rep,Richard Woods ,1177,549,22,0,606
Floyd,Cave Spring,State School Superintendent,,Rep,Richard Woods ,717,131,9,3,574
Floyd,Chulio,State School Superintendent,,Rep,Richard Woods ,601,197,15,4,385
Floyd,Etowah,State School Superintendent,,Rep,Richard Woods ,2434,1371,87,5,971
Floyd,Everett Springs,State School Superintendent,,Rep,Richard Woods ,229,43,0,0,186
Floyd,Floyd Springs,State School Superintendent,,Rep,Richard Woods ,964,286,31,2,645
Floyd,Fosters Mill,State School Superintendent,,Rep,Richard Woods ,537,154,8,0,375
Floyd,Garden Lakes,State School Superintendent,,Rep,Richard Woods ,726,423,23,0,280
Floyd,Glenwood,State School Superintendent,,Rep,Richard Woods ,1388,553,54,0,781
Floyd,Howell,State School Superintendent,,Rep,Richard Woods ,853,243,18,0,592
Floyd,East Lindale,State School Superintendent,,Rep,Richard Woods ,1449,692,33,2,722
Floyd,Mt Alto North,State School Superintendent,,Rep,Richard Woods ,1410,886,88,1,435
Floyd,Mt Alto South,State School Superintendent,,Rep,Richard Woods ,1190,610,60,2,518
Floyd,North Carolina,State School Superintendent,,Rep,Richard Woods ,817,343,28,0,446
Floyd,Riverside,State School Superintendent,,Rep,Richard Woods ,361,117,8,0,236
Floyd,East Rome,State School Superintendent,,Rep,Richard Woods ,1189,732,34,2,421
Floyd,North Rome,State School Superintendent,,Rep,Richard Woods ,949,578,48,0,323
Floyd,South Rome,State School Superintendent,,Rep,Richard Woods ,154,87,10,0,57
Floyd,Texas Valley,State School Superintendent,,Rep,Richard Woods ,414,95,6,0,313
Floyd,Vanns Valley,State School Superintendent,,Rep,Richard Woods ,311,105,13,0,193
Floyd,Watters,State School Superintendent,,Rep,Richard Woods ,1682,715,57,7,903
Floyd,West Lindale,State School Superintendent,,Rep,Richard Woods ,1129,462,43,1,623
Floyd,Town Rome,State School Superintendent,,Rep,Richard Woods ,956,546,43,0,367
Floyd,Alto Park,State School Superintendent,,Dem,Alisha Thomas Searcy,424,218,55,0,151
Floyd,Armuchee,State School Superintendent,,Dem,Alisha Thomas Searcy,127,50,12,0,65
Floyd,Barkers,State School Superintendent,,Dem,Alisha Thomas Searcy,157,89,23,0,45
Floyd,Cave Spring,State School Superintendent,,Dem,Alisha Thomas Searcy,160,63,11,1,85
Floyd,Chulio,State School Superintendent,,Dem,Alisha Thomas Searcy,96,39,13,1,43
Floyd,Etowah,State School Superintendent,,Dem,Alisha Thomas Searcy,571,340,70,0,161
Floyd,Everett Springs,State School Superintendent,,Dem,Alisha Thomas Searcy,31,11,0,0,20
Floyd,Floyd Springs,State School Superintendent,,Dem,Alisha Thomas Searcy,99,50,5,0,44
Floyd,Fosters Mill,State School Superintendent,,Dem,Alisha Thomas Searcy,61,32,4,0,25
Floyd,Garden Lakes,State School Superintendent,,Dem,Alisha Thomas Searcy,258,162,20,1,75
Floyd,Glenwood,State School Superintendent,,Dem,Alisha Thomas Searcy,356,167,36,0,153
Floyd,Howell,State School Superintendent,,Dem,Alisha Thomas Searcy,81,32,7,0,42
Floyd,East Lindale,State School Superintendent,,Dem,Alisha Thomas Searcy,364,212,31,0,121
Floyd,Mt Alto North,State School Superintendent,,Dem,Alisha Thomas Searcy,855,524,68,3,260
Floyd,Mt Alto South,State School Superintendent,,Dem,Alisha Thomas Searcy,707,367,60,0,280
Floyd,North Carolina,State School Superintendent,,Dem,Alisha Thomas Searcy,147,74,12,0,61
Floyd,Riverside,State School Superintendent,,Dem,Alisha Thomas Searcy,114,49,7,0,58
Floyd,East Rome,State School Superintendent,,Dem,Alisha Thomas Searcy,857,511,76,2,268
Floyd,North Rome,State School Superintendent,,Dem,Alisha Thomas Searcy,696,411,84,3,198
Floyd,South Rome,State School Superintendent,,Dem,Alisha Thomas Searcy,441,223,41,0,177
Floyd,Texas Valley,State School Superintendent,,Dem,Alisha Thomas Searcy,39,11,3,0,25
Floyd,Vanns Valley,State School Superintendent,,Dem,Alisha Thomas Searcy,70,27,7,0,36
Floyd,Watters,State School Superintendent,,Dem,Alisha Thomas Searcy,269,123,25,1,120
Floyd,West Lindale,State School Superintendent,,Dem,Alisha Thomas Searcy,280,137,16,0,127
Floyd,Town Rome,State School Superintendent,,Dem,Alisha Thomas Searcy,575,339,50,0,186
Floyd,Alto Park,Commissioner Of Labor,,Rep,Bruce Thompson,1489,850,60,2,577
Floyd,Armuchee,Commissioner Of Labor,,Rep,Bruce Thompson,666,221,14,0,431
Floyd,Barkers,Commissioner Of Labor,,Rep,Bruce Thompson,1158,540,22,0,596
Floyd,Cave Spring,Commissioner Of Labor,,Rep,Bruce Thompson,698,127,9,3,559
Floyd,Chulio,Commissioner Of Labor,,Rep,Bruce Thompson,586,192,15,2,377
Floyd,Etowah,Commissioner Of Labor,,Rep,Bruce Thompson,2372,1331,86,5,950
Floyd,Everett Springs,Commissioner Of Labor,,Rep,Bruce Thompson,218,40,0,0,178
Floyd,Floyd Springs,Commissioner Of Labor,,Rep,Bruce Thompson,934,280,27,2,625
Floyd,Fosters Mill,Commissioner Of Labor,,Rep,Bruce Thompson,524,153,7,0,364
Floyd,Garden Lakes,Commissioner Of Labor,,Rep,Bruce Thompson,701,416,19,0,266
Floyd,Glenwood,Commissioner Of Labor,,Rep,Bruce Thompson,1329,531,51,0,747
Floyd,Howell,Commissioner Of Labor,,Rep,Bruce Thompson,827,242,18,0,567
Floyd,East Lindale,Commissioner Of Labor,,Rep,Bruce Thompson,1410,676,29,2,703
Floyd,Mt Alto North,Commissioner Of Labor,,Rep,Bruce Thompson,1328,840,79,0,409
Floyd,Mt Alto South,Commissioner Of Labor,,Rep,Bruce Thompson,1144,586,57,1,500
Floyd,North Carolina,Commissioner Of Labor,,Rep,Bruce Thompson,798,332,27,0,439
Floyd,Riverside,Commissioner Of Labor,,Rep,Bruce Thompson,346,114,8,0,224
Floyd,East Rome,Commissioner Of Labor,,Rep,Bruce Thompson,1111,679,33,2,397
Floyd,North Rome,Commissioner Of Labor,,Rep,Bruce Thompson,913,563,44,0,306
Floyd,South Rome,Commissioner Of Labor,,Rep,Bruce Thompson,140,78,9,0,53
Floyd,Texas Valley,Commissioner Of Labor,,Rep,Bruce Thompson,400,93,6,0,301
Floyd,Vanns Valley,Commissioner Of Labor,,Rep,Bruce Thompson,306,106,12,0,188
Floyd,Watters,Commissioner Of Labor,,Rep,Bruce Thompson,1641,699,55,7,880
Floyd,West Lindale,Commissioner Of Labor,,Rep,Bruce Thompson,1106,452,42,1,611
Floyd,Town Rome,Commissioner Of Labor,,Rep,Bruce Thompson,870,508,38,0,324
Floyd,Alto Park,Commissioner Of Labor,,Dem,"William """"Will"""" Boddie, Jr",411,213,51,0,147
Floyd,Armuchee,Commissioner Of Labor,,Dem,"William """"Will"""" Boddie, Jr",122,49,11,0,62
Floyd,Barkers,Commissioner Of Labor,,Dem,"William """"Will"""" Boddie, Jr",156,94,23,0,39
Floyd,Cave Spring,Commissioner Of Labor,,Dem,"William """"Will"""" Boddie, Jr",157,64,11,0,82
Floyd,Chulio,Commissioner Of Labor,,Dem,"William """"Will"""" Boddie, Jr",102,43,13,2,44
Floyd,Etowah,Commissioner Of Labor,,Dem,"William """"Will"""" Boddie, Jr",571,350,69,0,152
Floyd,Everett Springs,Commissioner Of Labor,,Dem,"William """"Will"""" Boddie, Jr",33,13,0,0,20
Floyd,Floyd Springs,Commissioner Of Labor,,Dem,"William """"Will"""" Boddie, Jr",103,50,8,0,45
Floyd,Fosters Mill,Commissioner Of Labor,,Dem,"William """"Will"""" Boddie, Jr",67,34,4,0,29
Floyd,Garden Lakes,Commissioner Of Labor,,Dem,"William """"Will"""" Boddie, Jr",258,156,22,1,79
Floyd,Glenwood,Commissioner Of Labor,,Dem,"William """"Will"""" Boddie, Jr",357,169,36,0,152
Floyd,Howell,Commissioner Of Labor,,Dem,"William """"Will"""" Boddie, Jr",90,33,7,0,50
Floyd,East Lindale,Commissioner Of Labor,,Dem,"William """"Will"""" Boddie, Jr",359,213,32,0,114
Floyd,Mt Alto North,Commissioner Of Labor,,Dem,"William """"Will"""" Boddie, Jr",869,538,71,4,256
Floyd,Mt Alto South,Commissioner Of Labor,,Dem,"William """"Will"""" Boddie, Jr",697,363,61,1,272
Floyd,North Carolina,Commissioner Of Labor,,Dem,"William """"Will"""" Boddie, Jr",146,77,13,0,56
Floyd,Riverside,Commissioner Of Labor,,Dem,"William """"Will"""" Boddie, Jr",119,50,7,0,62
Floyd,East Rome,Commissioner Of Labor,,Dem,"William """"Will"""" Boddie, Jr",874,532,76,2,264
Floyd,North Rome,Commissioner Of Labor,,Dem,"William """"Will"""" Boddie, Jr",683,410,88,2,183
Floyd,South Rome,Commissioner Of Labor,,Dem,"William """"Will"""" Boddie, Jr",423,216,39,0,168
Floyd,Texas Valley,Commissioner Of Labor,,Dem,"William """"Will"""" Boddie, Jr",41,10,3,0,28
Floyd,Vanns Valley,Commissioner Of Labor,,Dem,"William """"Will"""" Boddie, Jr",67,26,7,0,34
Floyd,Watters,Commissioner Of Labor,,Dem,"William """"Will"""" Boddie, Jr",262,123,26,1,112
Floyd,West Lindale,Commissioner Of Labor,,Dem,"William """"Will"""" Boddie, Jr",275,133,16,0,126
Floyd,Town Rome,Commissioner Of Labor,,Dem,"William """"Will"""" Boddie, Jr",602,358,51,0,193
Floyd,Alto Park,Commissioner Of Labor,,Lib,Emily Anderson,41,19,2,0,20
Floyd,Armuchee,Commissioner Of Labor,,Lib,Emily Anderson,20,6,2,0,12
Floyd,Barkers,Commissioner Of Labor,,Lib,Emily Anderson,19,3,1,0,15
Floyd,Cave Spring,Commissioner Of Labor,,Lib,Emily Anderson,22,5,1,1,15
Floyd,Chulio,Commissioner Of Labor,,Lib,Emily Anderson,12,3,0,1,8
Floyd,Etowah,Commissioner Of Labor,,Lib,Emily Anderson,59,28,2,0,29
Floyd,Everett Springs,Commissioner Of Labor,,Lib,Emily Anderson,6,0,0,0,6
Floyd,Floyd Springs,Commissioner Of Labor,,Lib,Emily Anderson,24,7,1,0,16
Floyd,Fosters Mill,Commissioner Of Labor,,Lib,Emily Anderson,11,1,1,0,9
Floyd,Garden Lakes,Commissioner Of Labor,,Lib,Emily Anderson,24,13,1,0,10
Floyd,Glenwood,Commissioner Of Labor,,Lib,Emily Anderson,52,18,3,0,31
Floyd,Howell,Commissioner Of Labor,,Lib,Emily Anderson,17,2,0,0,15
Floyd,East Lindale,Commissioner Of Labor,,Lib,Emily Anderson,42,14,3,0,25
Floyd,Mt Alto North,Commissioner Of Labor,,Lib,Emily Anderson,55,29,2,0,24
Floyd,Mt Alto South,Commissioner Of Labor,,Lib,Emily Anderson,38,20,1,0,17
Floyd,North Carolina,Commissioner Of Labor,,Lib,Emily Anderson,19,7,0,0,12
Floyd,Riverside,Commissioner Of Labor,,Lib,Emily Anderson,14,2,0,0,12
Floyd,East Rome,Commissioner Of Labor,,Lib,Emily Anderson,58,30,1,0,27
Floyd,North Rome,Commissioner Of Labor,,Lib,Emily Anderson,36,10,0,0,26
Floyd,South Rome,Commissioner Of Labor,,Lib,Emily Anderson,22,9,2,0,11
Floyd,Texas Valley,Commissioner Of Labor,,Lib,Emily Anderson,7,1,0,0,6
Floyd,Vanns Valley,Commissioner Of Labor,,Lib,Emily Anderson,10,1,1,0,8
Floyd,Watters,Commissioner Of Labor,,Lib,Emily Anderson,49,18,2,0,29
Floyd,West Lindale,Commissioner Of Labor,,Lib,Emily Anderson,29,12,0,0,17
Floyd,Town Rome,Commissioner Of Labor,,Lib,Emily Anderson,48,13,2,0,33
Floyd,Alto Park,U.S. House,14,Rep,Marjorie Taylor Greene ,1317,759,50,3,505
Floyd,Armuchee,U.S. House,14,Rep,Marjorie Taylor Greene ,617,198,14,0,405
Floyd,Barkers,U.S. House,14,Rep,Marjorie Taylor Greene ,1090,505,21,0,564
Floyd,Cave Spring,U.S. House,14,Rep,Marjorie Taylor Greene ,655,117,8,3,527
Floyd,Chulio,U.S. House,14,Rep,Marjorie Taylor Greene ,558,182,13,2,361
Floyd,Etowah,U.S. House,14,Rep,Marjorie Taylor Greene ,2162,1207,76,5,874
Floyd,Everett Springs,U.S. House,14,Rep,Marjorie Taylor Greene ,218,39,0,0,179
Floyd,Floyd Springs,U.S. House,14,Rep,Marjorie Taylor Greene ,878,261,25,2,590
Floyd,Fosters Mill,U.S. House,14,Rep,Marjorie Taylor Greene ,495,144,6,0,345
Floyd,Garden Lakes,U.S. House,14,Rep,Marjorie Taylor Greene ,649,388,19,0,242
Floyd,Glenwood,U.S. House,14,Rep,Marjorie Taylor Greene ,1223,491,42,0,690
Floyd,Howell,U.S. House,14,Rep,Marjorie Taylor Greene ,813,234,17,0,562
Floyd,East Lindale,U.S. House,14,Rep,Marjorie Taylor Greene ,1279,609,30,2,638
Floyd,Mt Alto North,U.S. House,14,Rep,Marjorie Taylor Greene ,1154,721,66,0,367
Floyd,Mt Alto South,U.S. House,14,Rep,Marjorie Taylor Greene ,1016,523,46,1,446
Floyd,North Carolina,U.S. House,14,Rep,Marjorie Taylor Greene ,753,310,22,0,421
Floyd,Riverside,U.S. House,14,Rep,Marjorie Taylor Greene ,314,96,6,0,212
Floyd,East Rome,U.S. House,14,Rep,Marjorie Taylor Greene ,904,563,21,3,317
Floyd,North Rome,U.S. House,14,Rep,Marjorie Taylor Greene ,755,454,38,0,263
Floyd,South Rome,U.S. House,14,Rep,Marjorie Taylor Greene ,118,63,8,0,47
Floyd,Texas Valley,U.S. House,14,Rep,Marjorie Taylor Greene ,366,90,6,0,270
Floyd,Vanns Valley,U.S. House,14,Rep,Marjorie Taylor Greene ,290,96,11,0,183
Floyd,Watters,U.S. House,14,Rep,Marjorie Taylor Greene ,1567,671,47,7,842
Floyd,West Lindale,U.S. House,14,Rep,Marjorie Taylor Greene ,1044,423,37,1,583
Floyd,Town Rome,U.S. House,14,Rep,Marjorie Taylor Greene ,715,415,37,0,263
Floyd,Alto Park,U.S. House,14,Dem,Marcus Flowers,595,307,64,0,224
Floyd,Armuchee,U.S. House,14,Dem,Marcus Flowers,186,72,13,0,101
Floyd,Barkers,U.S. House,14,Dem,Marcus Flowers,237,127,26,0,84
Floyd,Cave Spring,U.S. House,14,Dem,Marcus Flowers,222,75,13,1,133
Floyd,Chulio,U.S. House,14,Dem,Marcus Flowers,140,55,14,3,68
Floyd,Etowah,U.S. House,14,Dem,Marcus Flowers,794,475,78,0,241
Floyd,Everett Springs,U.S. House,14,Dem,Marcus Flowers,41,14,0,0,27
Floyd,Floyd Springs,U.S. House,14,Dem,Marcus Flowers,161,69,12,0,80
Floyd,Fosters Mill,U.S. House,14,Dem,Marcus Flowers,102,41,5,0,56
Floyd,Garden Lakes,U.S. House,14,Dem,Marcus Flowers,332,195,24,1,112
Floyd,Glenwood,U.S. House,14,Dem,Marcus Flowers,495,214,46,0,235
Floyd,Howell,U.S. House,14,Dem,Marcus Flowers,119,43,8,0,68
Floyd,East Lindale,U.S. House,14,Dem,Marcus Flowers,500,281,35,0,184
Floyd,Mt Alto North,U.S. House,14,Dem,Marcus Flowers,1086,674,83,4,325
Floyd,Mt Alto South,U.S. House,14,Dem,Marcus Flowers,877,451,73,1,352
Floyd,North Carolina,U.S. House,14,Dem,Marcus Flowers,206,105,18,0,83
Floyd,Riverside,U.S. House,14,Dem,Marcus Flowers,158,67,7,0,84
Floyd,East Rome,U.S. House,14,Dem,Marcus Flowers,1129,666,91,2,370
Floyd,North Rome,U.S. House,14,Dem,Marcus Flowers,842,500,95,2,245
Floyd,South Rome,U.S. House,14,Dem,Marcus Flowers,482,248,45,0,189
Floyd,Texas Valley,U.S. House,14,Dem,Marcus Flowers,82,17,3,0,62
Floyd,Vanns Valley,U.S. House,14,Dem,Marcus Flowers,88,37,8,0,43
Floyd,Watters,U.S. House,14,Dem,Marcus Flowers,372,157,33,1,181
Floyd,West Lindale,U.S. House,14,Dem,Marcus Flowers,368,175,20,0,173
Floyd,Town Rome,U.S. House,14,Dem,Marcus Flowers,791,454,60,0,277
Floyd,Alto Park,State Senate,52,Rep,Chuck Hufstetler ,1729,982,70,2,675
Floyd,Barkers,State Senate,52,Rep,Chuck Hufstetler ,1241,593,25,0,623
Floyd,Cave Spring,State Senate,52,Rep,Chuck Hufstetler ,796,164,14,4,614
Floyd,Chulio,State Senate,52,Rep,Chuck Hufstetler ,649,216,17,5,411
Floyd,Etowah,State Senate,52,Rep,Chuck Hufstetler ,2664,1522,102,5,1035
Floyd,Fosters Mill,State Senate,52,Rep,Chuck Hufstetler ,570,169,12,0,389
Floyd,Garden Lakes,State Senate,52,Rep,Chuck Hufstetler ,309,198,9,0,102
Floyd,Glenwood,State Senate,52,Rep,Chuck Hufstetler ,1571,633,72,0,866
Floyd,Howell,State Senate,52,Rep,Chuck Hufstetler ,884,260,17,0,607
Floyd,East Lindale,State Senate,52,Rep,Chuck Hufstetler ,1610,777,49,2,782
Floyd,Mt Alto North,State Senate,52,Rep,Chuck Hufstetler ,941,574,50,2,315
Floyd,Mt Alto South,State Senate,52,Rep,Chuck Hufstetler ,1503,764,88,2,649
Floyd,North Carolina,State Senate,52,Rep,Chuck Hufstetler ,883,372,36,0,475
Floyd,Riverside,State Senate,52,Rep,Chuck Hufstetler ,417,141,10,0,266
Floyd,East Rome,State Senate,52,Rep,Chuck Hufstetler ,1641,998,60,3,580
Floyd,North Rome,State Senate,52,Rep,Chuck Hufstetler ,1272,768,70,1,433
Floyd,South Rome,State Senate,52,Rep,Chuck Hufstetler ,359,187,22,0,150
Floyd,Vanns Valley,State Senate,52,Rep,Chuck Hufstetler ,342,117,17,0,208
Floyd,Watters,State Senate,52,Rep,Chuck Hufstetler ,1804,766,66,6,966
Floyd,West Lindale,State Senate,52,Rep,Chuck Hufstetler ,1265,517,45,1,702
Floyd,Town Rome,State Senate,52,Rep,Chuck Hufstetler ,1075,604,54,0,417
Floyd,Armuchee,State Senate,53,Rep,Colton Moore,720,233,17,0,470
Floyd,Everett Springs,State Senate,53,Rep,Colton Moore,238,46,0,0,192
Floyd,Floyd Springs,State Senate,53,Rep,Colton Moore,998,305,27,2,664
Floyd,Garden Lakes,State Senate,53,Rep,Colton Moore,519,297,14,0,208
Floyd,Mt Alto North,State Senate,53,Rep,Colton Moore,816,513,53,0,250
Floyd,Texas Valley,State Senate,53,Rep,Colton Moore,422,96,6,0,320
Floyd,Town Rome,State Senate,53,Rep,Colton Moore,131,84,3,0,44
Floyd,Watters,State House,5,Rep,Matt Barton ,1798,761,65,6,966
Floyd,Alto Park,State House,12,Rep,Eddie Lumsden ,647,337,32,0,278
Floyd,Armuchee,State House,12,Rep,Eddie Lumsden ,721,235,17,0,469
Floyd,Barkers,State House,12,Rep,Eddie Lumsden ,1245,586,30,0,629
Floyd,Cave Spring,State House,12,Rep,Eddie Lumsden ,790,160,14,4,612
Floyd,Everett Springs,State House,12,Rep,Eddie Lumsden ,234,47,0,0,187
Floyd,Floyd Springs,State House,12,Rep,Eddie Lumsden ,985,301,28,2,654
Floyd,Fosters Mill,State House,12,Rep,Eddie Lumsden ,566,169,11,0,386
Floyd,Garden Lakes,State House,12,Rep,Eddie Lumsden ,826,493,23,0,310
Floyd,Mt Alto North,State House,12,Rep,Eddie Lumsden ,1263,797,79,1,386
Floyd,North Carolina,State House,12,Rep,Eddie Lumsden ,871,367,34,0,470
Floyd,Texas Valley,State House,12,Rep,Eddie Lumsden ,423,96,6,0,321
Floyd,Vanns Valley,State House,12,Rep,Eddie Lumsden ,342,117,17,0,208
Floyd,West Lindale,State House,12,Rep,Eddie Lumsden ,1247,508,44,1,694
Floyd,Town Rome,State House,12,Rep,Eddie Lumsden ,132,85,3,0,44
Floyd,Alto Park,State House,13,Rep,Katie Dempsey ,1048,619,35,2,392
Floyd,Chulio,State House,13,Rep,Katie Dempsey ,644,216,16,3,409
Floyd,Etowah,State House,13,Rep,Katie Dempsey ,2666,1517,101,5,1043
Floyd,Glenwood,State House,13,Rep,Katie Dempsey ,1557,629,70,0,858
Floyd,Howell,State House,13,Rep,Katie Dempsey ,882,257,19,0,606
Floyd,East Lindale,State House,13,Rep,Katie Dempsey ,1607,779,46,2,780
Floyd,Mt Alto North,State House,13,Rep,Katie Dempsey ,511,295,25,1,190
Floyd,Mt Alto South,State House,13,Rep,Katie Dempsey ,1501,760,85,2,654
Floyd,Riverside,State House,13,Rep,Katie Dempsey ,410,139,10,0,261
Floyd,East Rome,State House,13,Rep,Katie Dempsey ,1626,983,58,3,582
Floyd,North Rome,State House,13,Rep,Katie Dempsey ,1251,743,73,1,434
Floyd,South Rome,State House,13,Rep,Katie Dempsey ,354,187,18,0,149
Floyd,Town Rome,State House,13,Rep,Katie Dempsey ,1040,581,49,0,410
Floyd,Alto Park,County Commissioner Post 1,,Rep,Rhonda Selman Wallace ,1698,958,69,2,669
Floyd,Armuchee,County Commissioner Post 1,,Rep,Rhonda Selman Wallace ,713,234,16,0,463
Floyd,Barkers,County Commissioner Post 1,,Rep,Rhonda Selman Wallace ,1246,590,30,0,626
Floyd,Cave Spring,County Commissioner Post 1,,Rep,Rhonda Selman Wallace ,786,162,15,4,605
Floyd,Chulio,County Commissioner Post 1,,Rep,Rhonda Selman Wallace ,645,215,17,5,408
Floyd,Etowah,County Commissioner Post 1,,Rep,Rhonda Selman Wallace ,2655,1515,97,5,1038
Floyd,Everett Springs,County Commissioner Post 1,,Rep,Rhonda Selman Wallace ,235,44,0,0,191
Floyd,Floyd Springs,County Commissioner Post 1,,Rep,Rhonda Selman Wallace ,988,301,27,2,658
Floyd,Fosters Mill,County Commissioner Post 1,,Rep,Rhonda Selman Wallace ,565,168,11,0,386
Floyd,Garden Lakes,County Commissioner Post 1,,Rep,Rhonda Selman Wallace ,835,499,22,0,314
Floyd,Glenwood,County Commissioner Post 1,,Rep,Rhonda Selman Wallace ,1554,628,67,0,859
Floyd,Howell,County Commissioner Post 1,,Rep,Rhonda Selman Wallace ,884,259,18,0,607
Floyd,East Lindale,County Commissioner Post 1,,Rep,Rhonda Selman Wallace ,1608,778,46,2,782
Floyd,Mt Alto North,County Commissioner Post 1,,Rep,Rhonda Selman Wallace ,1764,1097,89,2,576
Floyd,Mt Alto South,County Commissioner Post 1,,Rep,Rhonda Selman Wallace ,1489,750,83,2,654
Floyd,North Carolina,County Commissioner Post 1,,Rep,Rhonda Selman Wallace ,874,370,34,0,470
Floyd,Riverside,County Commissioner Post 1,,Rep,Rhonda Selman Wallace ,409,139,10,0,260
Floyd,East Rome,County Commissioner Post 1,,Rep,Rhonda Selman Wallace ,1618,979,54,4,581
Floyd,North Rome,County Commissioner Post 1,,Rep,Rhonda Selman Wallace ,1264,756,73,1,434
Floyd,South Rome,County Commissioner Post 1,,Rep,Rhonda Selman Wallace ,344,180,17,0,147
Floyd,Texas Valley,County Commissioner Post 1,,Rep,Rhonda Selman Wallace ,420,95,6,0,319
Floyd,Vanns Valley,County Commissioner Post 1,,Rep,Rhonda Selman Wallace ,346,119,17,0,210
Floyd,Watters,County Commissioner Post 1,,Rep,Rhonda Selman Wallace ,1800,764,62,6,968
Floyd,West Lindale,County Commissioner Post 1,,Rep,Rhonda Selman Wallace ,1250,508,44,1,697
Floyd,Town Rome,County Commissioner Post 1,,Rep,Rhonda Selman Wallace ,1196,686,51,0,459
Floyd,Alto Park,County Commissioner Post 4,,Rep,Larry Maxey ,1704,963,68,2,671
Floyd,Armuchee,County Commissioner Post 4,,Rep,Larry Maxey ,725,236,18,0,471
Floyd,Barkers,County Commissioner Post 4,,Rep,Larry Maxey ,1240,584,30,0,626
Floyd,Cave Spring,County Commissioner Post 4,,Rep,Larry Maxey ,783,162,12,4,605
Floyd,Chulio,County Commissioner Post 4,,Rep,Larry Maxey ,639,213,16,4,406
Floyd,Etowah,County Commissioner Post 4,,Rep,Larry Maxey ,2647,1509,100,5,1033
Floyd,Everett Springs,County Commissioner Post 4,,Rep,Larry Maxey ,235,46,0,0,189
Floyd,Floyd Springs,County Commissioner Post 4,,Rep,Larry Maxey ,997,303,28,2,664
Floyd,Fosters Mill,County Commissioner Post 4,,Rep,Larry Maxey ,560,167,11,0,382
Floyd,Garden Lakes,County Commissioner Post 4,,Rep,Larry Maxey ,828,497,24,0,307
Floyd,Glenwood,County Commissioner Post 4,,Rep,Larry Maxey ,1552,615,71,0,866
Floyd,Howell,County Commissioner Post 4,,Rep,Larry Maxey ,885,261,19,0,605
Floyd,East Lindale,County Commissioner Post 4,,Rep,Larry Maxey ,1595,774,46,2,773
Floyd,Mt Alto North,County Commissioner Post 4,,Rep,Larry Maxey ,1760,1093,98,2,567
Floyd,Mt Alto South,County Commissioner Post 4,,Rep,Larry Maxey ,1479,747,83,2,647
Floyd,North Carolina,County Commissioner Post 4,,Rep,Larry Maxey ,870,365,35,0,470
Floyd,Riverside,County Commissioner Post 4,,Rep,Larry Maxey ,406,137,9,0,260
Floyd,East Rome,County Commissioner Post 4,,Rep,Larry Maxey ,1593,963,55,3,572
Floyd,North Rome,County Commissioner Post 4,,Rep,Larry Maxey ,1245,744,72,0,429
Floyd,South Rome,County Commissioner Post 4,,Rep,Larry Maxey ,340,177,18,0,145
Floyd,Texas Valley,County Commissioner Post 4,,Rep,Larry Maxey ,419,96,6,0,317
Floyd,Vanns Valley,County Commissioner Post 4,,Rep,Larry Maxey ,343,118,17,0,208
Floyd,Watters,County Commissioner Post 4,,Rep,Larry Maxey ,1806,763,68,6,969
Floyd,West Lindale,County Commissioner Post 4,,Rep,Larry Maxey ,1250,512,43,1,694
Floyd,Town Rome,County Commissioner Post 4,,Rep,Larry Maxey ,1184,676,53,0,455
Floyd,Alto Park,County Commissioner Post 5,,Rep,Scotty E. Hancock ,1714,968,70,2,674
Floyd,Armuchee,County Commissioner Post 5,,Rep,Scotty E. Hancock ,717,235,17,0,465
Floyd,Barkers,County Commissioner Post 5,,Rep,Scotty E. Hancock ,1238,584,31,0,623
Floyd,Cave Spring,County Commissioner Post 5,,Rep,Scotty E. Hancock ,787,163,14,4,606
Floyd,Chulio,County Commissioner Post 5,,Rep,Scotty E. Hancock ,641,213,17,4,407
Floyd,Etowah,County Commissioner Post 5,,Rep,Scotty E. Hancock ,2645,1507,97,5,1036
Floyd,Everett Springs,County Commissioner Post 5,,Rep,Scotty E. Hancock ,237,46,0,0,191
Floyd,Floyd Springs,County Commissioner Post 5,,Rep,Scotty E. Hancock ,995,304,27,2,662
Floyd,Fosters Mill,County Commissioner Post 5,,Rep,Scotty E. Hancock ,562,167,11,0,384
Floyd,Garden Lakes,County Commissioner Post 5,,Rep,Scotty E. Hancock ,831,495,26,0,310
Floyd,Glenwood,County Commissioner Post 5,,Rep,Scotty E. Hancock ,1562,626,68,0,868
Floyd,Howell,County Commissioner Post 5,,Rep,Scotty E. Hancock ,880,257,19,0,604
Floyd,East Lindale,County Commissioner Post 5,,Rep,Scotty E. Hancock ,1594,779,48,2,765
Floyd,Mt Alto North,County Commissioner Post 5,,Rep,Scotty E. Hancock ,1768,1100,97,2,569
Floyd,Mt Alto South,County Commissioner Post 5,,Rep,Scotty E. Hancock ,1501,764,84,2,651
Floyd,North Carolina,County Commissioner Post 5,,Rep,Scotty E. Hancock ,871,367,35,0,469
Floyd,Riverside,County Commissioner Post 5,,Rep,Scotty E. Hancock ,410,139,10,0,261
Floyd,East Rome,County Commissioner Post 5,,Rep,Scotty E. Hancock ,1618,979,55,4,580
Floyd,North Rome,County Commissioner Post 5,,Rep,Scotty E. Hancock ,1264,757,73,1,433
Floyd,South Rome,County Commissioner Post 5,,Rep,Scotty E. Hancock ,346,177,20,0,149
Floyd,Texas Valley,County Commissioner Post 5,,Rep,Scotty E. Hancock ,414,95,6,0,313
Floyd,Vanns Valley,County Commissioner Post 5,,Rep,Scotty E. Hancock ,345,118,17,0,210
Floyd,Watters,County Commissioner Post 5,,Rep,Scotty E. Hancock ,1801,763,66,5,967
Floyd,West Lindale,County Commissioner Post 5,,Rep,Scotty E. Hancock ,1249,514,45,1,689
Floyd,Town Rome,County Commissioner Post 5,,Rep,Scotty E. Hancock ,1183,672,55,0,456
Floyd,Alto Park,County Board of Education Dist 1,,Rep,Chip Hood ,1694,953,70,2,669
Floyd,Armuchee,County Board of Education Dist 1,,Rep,Chip Hood ,711,234,17,0,460
Floyd,Barkers,County Board of Education Dist 1,,Rep,Chip Hood ,1225,577,29,0,619
Floyd,Cave Spring,County Board of Education Dist 1,,Rep,Chip Hood ,774,158,15,4,597
Floyd,Chulio,County Board of Education Dist 1,,Rep,Chip Hood ,638,212,17,4,405
Floyd,Etowah,County Board of Education Dist 1,,Rep,Chip Hood ,2628,1502,98,5,1023
Floyd,Everett Springs,County Board of Education Dist 1,,Rep,Chip Hood ,236,46,0,0,190
Floyd,Floyd Springs,County Board of Education Dist 1,,Rep,Chip Hood ,983,300,27,2,654
Floyd,Fosters Mill,County Board of Education Dist 1,,Rep,Chip Hood ,552,167,11,0,374
Floyd,Garden Lakes,County Board of Education Dist 1,,Rep,Chip Hood ,829,497,22,0,310
Floyd,Glenwood,County Board of Education Dist 1,,Rep,Chip Hood ,1540,616,68,0,856
Floyd,Howell,County Board of Education Dist 1,,Rep,Chip Hood ,878,257,17,0,604
Floyd,East Lindale,County Board of Education Dist 1,,Rep,Chip Hood ,1592,777,44,2,769
Floyd,North Carolina,County Board of Education Dist 1,,Rep,Chip Hood ,859,361,34,0,464
Floyd,Riverside,County Board of Education Dist 1,,Rep,Chip Hood ,404,138,9,0,257
Floyd,Texas Valley,County Board of Education Dist 1,,Rep,Chip Hood ,415,95,6,0,314
Floyd,Vanns Valley,County Board of Education Dist 1,,Rep,Chip Hood ,338,116,16,0,206
Floyd,Watters,County Board of Education Dist 1,,Rep,Chip Hood ,1801,767,68,6,960
Floyd,West Lindale,County Board of Education Dist 1,,Rep,Chip Hood ,1248,513,44,1,690
Floyd,Alto Park,County Board of Education Dist 4,,Rep,Tony Daniel ,1695,947,71,2,675
Floyd,Armuchee,County Board of Education Dist 4,,Rep,Tony Daniel ,714,230,17,0,467
Floyd,Barkers,County Board of Education Dist 4,,Rep,Tony Daniel ,1222,575,30,0,617
Floyd,Cave Spring,County Board of Education Dist 4,,Rep,Tony Daniel ,767,154,14,4,595
Floyd,Chulio,County Board of Education Dist 4,,Rep,Tony Daniel ,636,212,17,4,403
Floyd,Etowah,County Board of Education Dist 4,,Rep,Tony Daniel ,2610,1488,96,5,1021
Floyd,Everett Springs,County Board of Education Dist 4,,Rep,Tony Daniel ,233,46,0,0,187
Floyd,Floyd Springs,County Board of Education Dist 4,,Rep,Tony Daniel ,991,303,27,2,659
Floyd,Fosters Mill,County Board of Education Dist 4,,Rep,Tony Daniel ,551,164,11,0,376
Floyd,Garden Lakes,County Board of Education Dist 4,,Rep,Tony Daniel ,822,492,20,0,310
Floyd,Glenwood,County Board of Education Dist 4,,Rep,Tony Daniel ,1536,613,69,0,854
Floyd,Howell,County Board of Education Dist 4,,Rep,Tony Daniel ,880,259,17,0,604
Floyd,East Lindale,County Board of Education Dist 4,,Rep,Tony Daniel ,1589,771,48,2,768
Floyd,North Carolina,County Board of Education Dist 4,,Rep,Tony Daniel ,868,364,35,0,469
Floyd,Riverside,County Board of Education Dist 4,,Rep,Tony Daniel ,407,138,9,0,260
Floyd,Texas Valley,County Board of Education Dist 4,,Rep,Tony Daniel ,411,94,6,0,311
Floyd,Vanns Valley,County Board of Education Dist 4,,Rep,Tony Daniel ,340,115,17,0,208
Floyd,Watters,County Board of Education Dist 4,,Rep,Tony Daniel ,1800,761,66,6,967
Floyd,West Lindale,County Board of Education Dist 4,,Rep,Tony Daniel ,1246,509,45,1,691
Floyd,Alto Park,Coosa River Soil and Water,,,Jarrell Cagle ,1661,925,79,2,655
Floyd,Armuchee,Coosa River Soil and Water,,,Jarrell Cagle ,676,223,15,0,438
Floyd,Barkers,Coosa River Soil and Water,,,Jarrell Cagle ,1170,567,32,0,571
Floyd,Cave Spring,Coosa River Soil and Water,,,Jarrell Cagle ,744,158,15,3,568
Floyd,Chulio,Coosa River Soil and Water,,,Jarrell Cagle ,616,205,20,4,387
Floyd,Etowah,Coosa River Soil and Water,,,Jarrell Cagle ,2543,1464,91,4,984
Floyd,Everett Springs,Coosa River Soil and Water,,,Jarrell Cagle ,225,47,0,0,178
Floyd,Floyd Springs,Coosa River Soil and Water,,,Jarrell Cagle ,958,301,27,1,629
Floyd,Fosters Mill,Coosa River Soil and Water,,,Jarrell Cagle ,536,164,11,0,361
Floyd,Garden Lakes,Coosa River Soil and Water,,,Jarrell Cagle ,827,498,21,0,308
Floyd,Glenwood,Coosa River Soil and Water,,,Jarrell Cagle ,1506,608,66,0,832
Floyd,Howell,Coosa River Soil and Water,,,Jarrell Cagle ,836,251,16,0,569
Floyd,East Lindale,Coosa River Soil and Water,,,Jarrell Cagle ,1576,782,42,2,750
Floyd,Mt Alto North,Coosa River Soil and Water,,,Jarrell Cagle ,1818,1135,109,2,572
Floyd,Mt Alto South,Coosa River Soil and Water,,,Jarrell Cagle ,1512,765,90,2,655
Floyd,North Carolina,Coosa River Soil and Water,,,Jarrell Cagle ,831,353,28,0,450
Floyd,Riverside,Coosa River Soil and Water,,,Jarrell Cagle ,404,137,9,0,258
Floyd,East Rome,Coosa River Soil and Water,,,Jarrell Cagle ,1650,1006,62,4,578
Floyd,North Rome,Coosa River Soil and Water,,,Jarrell Cagle ,1258,756,80,2,420
Floyd,South Rome,Coosa River Soil and Water,,,Jarrell Cagle ,402,206,24,0,172
Floyd,Texas Valley,Coosa River Soil and Water,,,Jarrell Cagle ,394,92,5,0,297
Floyd,Vanns Valley,Coosa River Soil and Water,,,Jarrell Cagle ,331,116,16,0,199
Floyd,Watters,Coosa River Soil and Water,,,Jarrell Cagle ,1709,733,59,6,911
Floyd,West Lindale,Coosa River Soil and Water,,,Jarrell Cagle ,1209,497,42,1,669
Floyd,Town Rome,Coosa River Soil and Water,,,Jarrell Cagle ,1248,708,68,0,472
Floyd,Mt Alto North,Rome,,,Toni Blanchard ,1142,750,61,0,331
Floyd,Mt Alto South,Rome,,,Toni Blanchard ,903,471,53,1,378
Floyd,East Rome,Rome,,,Toni Blanchard ,919,569,46,2,302
Floyd,North Rome,Rome,,,Toni Blanchard ,825,510,73,0,242
Floyd,South Rome,Rome,,,Toni Blanchard ,263,148,25,0,90
Floyd,Town Rome,Rome,,,Toni Blanchard ,701,421,46,0,234
Floyd,Mt Alto North,Rome,,,Jenny Carpenter,407,271,25,0,111
Floyd,Mt Alto South,Rome,,,Jenny Carpenter,425,230,34,0,161
Floyd,East Rome,Rome,,,Jenny Carpenter,405,238,21,1,145
Floyd,North Rome,Rome,,,Jenny Carpenter,266,161,25,0,80
Floyd,South Rome,Rome,,,Jenny Carpenter,57,35,7,0,15
Floyd,Town Rome,Rome,,,Jenny Carpenter,293,169,18,0,106
Floyd,Mt Alto North,Rome,,,Ronnie D. Roach,240,147,12,1,80
Floyd,Mt Alto South,Rome,,,Ronnie D. Roach,168,82,9,1,76
Floyd,East Rome,Rome,,,Ronnie D. Roach,269,171,9,1,88
Floyd,North Rome,Rome,,,Ronnie D. Roach,250,146,7,2,95
Floyd,South Rome,Rome,,,Ronnie D. Roach,51,29,1,0,21
Floyd,Town Rome,Rome,,,Ronnie D. Roach,226,114,13,0,99
Floyd,Mt Alto North,Rome,,,"Douglas Whatley, Jr.",243,128,14,2,99
Floyd,Mt Alto South,Rome,,,"Douglas Whatley, Jr.",232,101,7,0,124
Floyd,East Rome,Rome,,,"Douglas Whatley, Jr.",258,141,16,0,101
Floyd,North Rome,Rome,,,"Douglas Whatley, Jr.",157,90,13,1,53
Floyd,South Rome,Rome,,,"Douglas Whatley, Jr.",159,64,9,0,86
Floyd,Town Rome,Rome,,,"Douglas Whatley, Jr.",132,70,4,0,58
Floyd,Alto Park,Constitutional Amendment #1,,,Yes,1732,961,99,2,670
Floyd,Armuchee,Constitutional Amendment #1,,,Yes,712,250,19,0,443
Floyd,Barkers,Constitutional Amendment #1,,,Yes,1143,563,39,0,541
Floyd,Cave Spring,Constitutional Amendment #1,,,Yes,763,174,17,4,568
Floyd,Chulio,Constitutional Amendment #1,,,Yes,615,201,27,4,383
Floyd,Etowah,Constitutional Amendment #1,,,Yes,2630,1517,145,4,964
Floyd,Everett Springs,Constitutional Amendment #1,,,Yes,220,45,0,0,175
Floyd,Floyd Springs,Constitutional Amendment #1,,,Yes,921,298,35,2,586
Floyd,Fosters Mill,Constitutional Amendment #1,,,Yes,527,160,11,0,356
Floyd,Garden Lakes,Constitutional Amendment #1,,,Yes,854,524,38,1,291
Floyd,Glenwood,Constitutional Amendment #1,,,Yes,1547,637,82,0,828
Floyd,Howell,Constitutional Amendment #1,,,Yes,821,246,23,0,552
Floyd,East Lindale,Constitutional Amendment #1,,,Yes,1584,781,57,2,744
Floyd,Mt Alto North,Constitutional Amendment #1,,,Yes,1965,1238,121,2,604
Floyd,Mt Alto South,Constitutional Amendment #1,,,Yes,1663,867,108,1,687
Floyd,North Carolina,Constitutional Amendment #1,,,Yes,829,363,37,0,429
Floyd,Riverside,Constitutional Amendment #1,,,Yes,416,145,14,0,257
Floyd,East Rome,Constitutional Amendment #1,,,Yes,1792,1090,93,2,607
Floyd,North Rome,Constitutional Amendment #1,,,Yes,1436,866,119,3,448
Floyd,South Rome,Constitutional Amendment #1,,,Yes,494,262,42,0,190
Floyd,Texas Valley,Constitutional Amendment #1,,,Yes,388,97,9,0,282
Floyd,Vanns Valley,Constitutional Amendment #1,,,Yes,339,122,18,0,199
Floyd,Watters,Constitutional Amendment #1,,,Yes,1682,724,71,7,880
Floyd,West Lindale,Constitutional Amendment #1,,,Yes,1232,517,54,1,660
Floyd,Town Rome,Constitutional Amendment #1,,,Yes,1342,794,87,0,461
Floyd,Alto Park,Constitutional Amendment #1,,,No,195,114,14,0,67
Floyd,Armuchee,Constitutional Amendment #1,,,No,80,21,8,0,51
Floyd,Barkers,Constitutional Amendment #1,,,No,154,64,5,0,85
Floyd,Cave Spring,Constitutional Amendment #1,,,No,98,19,2,0,77
Floyd,Chulio,Constitutional Amendment #1,,,No,74,31,1,0,42
Floyd,Etowah,Constitutional Amendment #1,,,No,340,181,8,1,150
Floyd,Everett Springs,Constitutional Amendment #1,,,No,36,7,0,0,29
Floyd,Floyd Springs,Constitutional Amendment #1,,,No,114,30,0,0,84
Floyd,Fosters Mill,Constitutional Amendment #1,,,No,66,21,2,0,43
Floyd,Garden Lakes,Constitutional Amendment #1,,,No,110,50,1,0,59
Floyd,Glenwood,Constitutional Amendment #1,,,No,165,74,4,0,87
Floyd,Howell,Constitutional Amendment #1,,,No,98,29,2,0,67
Floyd,East Lindale,Constitutional Amendment #1,,,No,200,104,6,0,90
Floyd,Mt Alto North,Constitutional Amendment #1,,,No,255,146,25,1,83
Floyd,Mt Alto South,Constitutional Amendment #1,,,No,190,84,9,1,96
Floyd,North Carolina,Constitutional Amendment #1,,,No,119,48,3,0,68
Floyd,Riverside,Constitutional Amendment #1,,,No,54,19,0,0,35
Floyd,East Rome,Constitutional Amendment #1,,,No,220,132,10,1,77
Floyd,North Rome,Constitutional Amendment #1,,,No,160,98,10,0,52
Floyd,South Rome,Constitutional Amendment #1,,,No,79,43,3,0,33
Floyd,Texas Valley,Constitutional Amendment #1,,,No,54,7,0,0,47
Floyd,Vanns Valley,Constitutional Amendment #1,,,No,36,9,0,0,27
Floyd,Watters,Constitutional Amendment #1,,,No,240,98,6,1,135
Floyd,West Lindale,Constitutional Amendment #1,,,No,156,65,6,0,85
Floyd,Town Rome,Constitutional Amendment #1,,,No,163,79,7,0,77
Floyd,Alto Park,Constitutional Amendment #2,,,Yes,1788,997,101,2,688
Floyd,Armuchee,Constitutional Amendment #2,,,Yes,742,252,26,0,464
Floyd,Barkers,Constitutional Amendment #2,,,Yes,1192,581,42,0,569
Floyd,Cave Spring,Constitutional Amendment #2,,,Yes,787,172,20,4,591
Floyd,Chulio,Constitutional Amendment #2,,,Yes,634,208,28,4,394
Floyd,Etowah,Constitutional Amendment #2,,,Yes,2735,1557,153,4,1021
Floyd,Everett Springs,Constitutional Amendment #2,,,Yes,229,48,0,0,181
Floyd,Floyd Springs,Constitutional Amendment #2,,,Yes,959,308,35,2,614
Floyd,Fosters Mill,Constitutional Amendment #2,,,Yes,552,166,11,0,375
Floyd,Garden Lakes,Constitutional Amendment #2,,,Yes,916,549,38,1,328
Floyd,Glenwood,Constitutional Amendment #2,,,Yes,1614,667,81,0,866
Floyd,Howell,Constitutional Amendment #2,,,Yes,852,253,25,0,574
Floyd,East Lindale,Constitutional Amendment #2,,,Yes,1671,831,59,2,779
Floyd,Mt Alto North,Constitutional Amendment #2,,,Yes,2064,1276,140,2,646
Floyd,Mt Alto South,Constitutional Amendment #2,,,Yes,1758,904,110,2,742
Floyd,North Carolina,Constitutional Amendment #2,,,Yes,895,389,39,0,467
Floyd,Riverside,Constitutional Amendment #2,,,Yes,442,155,15,0,272
Floyd,East Rome,Constitutional Amendment #2,,,Yes,1876,1136,100,3,637
Floyd,North Rome,Constitutional Amendment #2,,,Yes,1509,907,123,3,476
Floyd,South Rome,Constitutional Amendment #2,,,Yes,535,276,48,0,211
Floyd,Texas Valley,Constitutional Amendment #2,,,Yes,406,102,9,0,295
Floyd,Vanns Valley,Constitutional Amendment #2,,,Yes,350,125,17,0,208
Floyd,Watters,Constitutional Amendment #2,,,Yes,1765,760,68,7,930
Floyd,West Lindale,Constitutional Amendment #2,,,Yes,1289,548,57,1,683
Floyd,Town Rome,Constitutional Amendment #2,,,Yes,1408,815,90,0,503
Floyd,Alto Park,Constitutional Amendment #2,,,No,147,82,13,0,52
Floyd,Armuchee,Constitutional Amendment #2,,,No,57,22,0,0,35
Floyd,Barkers,Constitutional Amendment #2,,,No,112,45,2,0,65
Floyd,Cave Spring,Constitutional Amendment #2,,,No,83,22,1,0,60
Floyd,Chulio,Constitutional Amendment #2,,,No,53,25,0,0,28
Floyd,Etowah,Constitutional Amendment #2,,,No,241,146,0,1,94
Floyd,Everett Springs,Constitutional Amendment #2,,,No,26,4,0,0,22
Floyd,Floyd Springs,Constitutional Amendment #2,,,No,81,23,0,0,58
Floyd,Fosters Mill,Constitutional Amendment #2,,,No,45,19,2,0,24
Floyd,Garden Lakes,Constitutional Amendment #2,,,No,53,28,1,0,24
Floyd,Glenwood,Constitutional Amendment #2,,,No,108,44,5,0,59
Floyd,Howell,Constitutional Amendment #2,,,No,74,24,0,0,50
Floyd,East Lindale,Constitutional Amendment #2,,,No,125,64,3,0,58
Floyd,Mt Alto North,Constitutional Amendment #2,,,No,169,117,5,1,46
Floyd,Mt Alto South,Constitutional Amendment #2,,,No,119,59,8,0,52
Floyd,North Carolina,Constitutional Amendment #2,,,No,58,25,0,0,33
Floyd,Riverside,Constitutional Amendment #2,,,No,31,10,0,0,21
Floyd,East Rome,Constitutional Amendment #2,,,No,143,86,6,1,50
Floyd,North Rome,Constitutional Amendment #2,,,No,104,64,8,0,32
Floyd,South Rome,Constitutional Amendment #2,,,No,42,27,1,0,14
Floyd,Texas Valley,Constitutional Amendment #2,,,No,40,4,0,0,36
Floyd,Vanns Valley,Constitutional Amendment #2,,,No,28,6,2,0,20
Floyd,Watters,Constitutional Amendment #2,,,No,166,66,11,1,88
Floyd,West Lindale,Constitutional Amendment #2,,,No,90,31,1,0,58
Floyd,Town Rome,Constitutional Amendment #2,,,No,115,67,6,0,42
Floyd,Alto Park,Statewide Referendum A,,,Yes,1100,582,47,0,471
Floyd,Armuchee,Statewide Referendum A,,,Yes,485,154,12,0,319
Floyd,Barkers,Statewide Referendum A,,,Yes,790,373,20,0,397
Floyd,Cave Spring,Statewide Referendum A,,,Yes,505,100,10,2,393
Floyd,Chulio,Statewide Referendum A,,,Yes,414,141,15,2,256
Floyd,Etowah,Statewide Referendum A,,,Yes,1724,953,80,4,687
Floyd,Everett Springs,Statewide Referendum A,,,Yes,155,27,0,0,128
Floyd,Floyd Springs,Statewide Referendum A,,,Yes,629,186,13,1,429
Floyd,Fosters Mill,Statewide Referendum A,,,Yes,364,105,3,0,256
Floyd,Garden Lakes,Statewide Referendum A,,,Yes,599,362,14,0,223
Floyd,Glenwood,Statewide Referendum A,,,Yes,1070,428,40,0,602
Floyd,Howell,Statewide Referendum A,,,Yes,575,180,10,0,385
Floyd,East Lindale,Statewide Referendum A,,,Yes,1058,518,26,2,512
Floyd,Mt Alto North,Statewide Referendum A,,,Yes,1250,768,70,1,411
Floyd,Mt Alto South,Statewide Referendum A,,,Yes,1076,537,64,1,474
Floyd,North Carolina,Statewide Referendum A,,,Yes,586,245,16,0,325
Floyd,Riverside,Statewide Referendum A,,,Yes,298,93,8,0,197
Floyd,East Rome,Statewide Referendum A,,,Yes,1127,642,61,4,420
Floyd,North Rome,Statewide Referendum A,,,Yes,895,531,57,1,306
Floyd,South Rome,Statewide Referendum A,,,Yes,309,157,20,0,132
Floyd,Texas Valley,Statewide Referendum A,,,Yes,273,59,5,0,209
Floyd,Vanns Valley,Statewide Referendum A,,,Yes,236,80,11,0,145
Floyd,Watters,Statewide Referendum A,,,Yes,1192,481,40,8,663
Floyd,West Lindale,Statewide Referendum A,,,Yes,841,342,31,1,467
Floyd,Town Rome,Statewide Referendum A,,,Yes,793,433,36,0,324
Floyd,Alto Park,Statewide Referendum A,,,No,771,462,59,2,248
Floyd,Armuchee,Statewide Referendum A,,,No,289,108,13,0,168
Floyd,Barkers,Statewide Referendum A,,,No,498,249,23,0,226
Floyd,Cave Spring,Statewide Referendum A,,,No,346,90,11,2,243
Floyd,Chulio,Statewide Referendum A,,,No,268,87,12,1,168
Floyd,Etowah,Statewide Referendum A,,,No,1163,703,65,1,394
Floyd,Everett Springs,Statewide Referendum A,,,No,92,23,0,0,69
Floyd,Floyd Springs,Statewide Referendum A,,,No,395,135,22,1,237
Floyd,Fosters Mill,Statewide Referendum A,,,No,222,76,10,0,136
Floyd,Garden Lakes,Statewide Referendum A,,,No,352,201,23,0,128
Floyd,Glenwood,Statewide Referendum A,,,No,600,260,42,0,298
Floyd,Howell,Statewide Referendum A,,,No,331,91,15,0,225
Floyd,East Lindale,Statewide Referendum A,,,No,697,353,36,0,308
Floyd,Mt Alto North,Statewide Referendum A,,,No,899,578,65,2,254
Floyd,Mt Alto South,Statewide Referendum A,,,No,714,380,45,1,288
Floyd,North Carolina,Statewide Referendum A,,,No,344,156,22,0,166
Floyd,Riverside,Statewide Referendum A,,,No,162,62,6,0,94
Floyd,East Rome,Statewide Referendum A,,,No,825,538,40,1,246
Floyd,North Rome,Statewide Referendum A,,,No,651,407,60,1,183
Floyd,South Rome,Statewide Referendum A,,,No,233,127,23,0,83
Floyd,Texas Valley,Statewide Referendum A,,,No,162,44,4,0,114
Floyd,Vanns Valley,Statewide Referendum A,,,No,135,46,8,0,81
Floyd,Watters,Statewide Referendum A,,,No,709,331,37,0,341
Floyd,West Lindale,Statewide Referendum A,,,No,509,227,26,0,256
Floyd,Town Rome,Statewide Referendum A,,,No,663,402,52,0,209
Floyd,Alto Park,Statewide Referendum B,,,Yes,1446,782,67,0,597
Floyd,Armuchee,Statewide Referendum B,,,Yes,630,203,16,0,411
Floyd,Barkers,Statewide Referendum B,,,Yes,1056,509,27,0,520
Floyd,Cave Spring,Statewide Referendum B,,,Yes,690,143,12,3,532
Floyd,Chulio,Statewide Referendum B,,,Yes,562,178,19,3,362
Floyd,Etowah,Statewide Referendum B,,,Yes,2348,1320,114,4,910
Floyd,Everett Springs,Statewide Referendum B,,,Yes,204,38,0,0,166
Floyd,Floyd Springs,Statewide Referendum B,,,Yes,829,244,26,1,558
Floyd,Fosters Mill,Statewide Referendum B,,,Yes,477,142,9,0,326
Floyd,Garden Lakes,Statewide Referendum B,,,Yes,775,468,25,0,282
Floyd,Glenwood,Statewide Referendum B,,,Yes,1383,557,63,0,763
Floyd,Howell,Statewide Referendum B,,,Yes,779,226,20,0,533
Floyd,East Lindale,Statewide Referendum B,,,Yes,1425,690,36,2,697
Floyd,Mt Alto North,Statewide Referendum B,,,Yes,1704,1053,100,2,549
Floyd,Mt Alto South,Statewide Referendum B,,,Yes,1395,711,76,1,607
Floyd,North Carolina,Statewide Referendum B,,,Yes,767,322,27,0,418
Floyd,Riverside,Statewide Referendum B,,,Yes,388,131,11,0,246
Floyd,East Rome,Statewide Referendum B,,,Yes,1526,899,76,5,546
Floyd,North Rome,Statewide Referendum B,,,Yes,1166,703,77,1,385
Floyd,South Rome,Statewide Referendum B,,,Yes,392,211,28,0,153
Floyd,Texas Valley,Statewide Referendum B,,,Yes,359,86,8,0,265
Floyd,Vanns Valley,Statewide Referendum B,,,Yes,309,106,15,0,188
Floyd,Watters,Statewide Referendum B,,,Yes,1574,664,48,7,855
Floyd,West Lindale,Statewide Referendum B,,,Yes,1094,454,43,1,596
Floyd,Town Rome,Statewide Referendum B,,,Yes,1090,612,54,0,424
Floyd,Alto Park,Statewide Referendum B,,,No,428,263,42,2,121
Floyd,Armuchee,Statewide Referendum B,,,No,144,61,8,0,75
Floyd,Barkers,Statewide Referendum B,,,No,226,109,15,0,102
Floyd,Cave Spring,Statewide Referendum B,,,No,165,48,8,1,108
Floyd,Chulio,Statewide Referendum B,,,No,120,49,6,1,64
Floyd,Etowah,Statewide Referendum B,,,No,547,339,30,1,177
Floyd,Everett Springs,Statewide Referendum B,,,No,43,13,0,0,30
Floyd,Floyd Springs,Statewide Referendum B,,,No,201,80,9,1,111
Floyd,Fosters Mill,Statewide Referendum B,,,No,112,40,4,0,68
Floyd,Garden Lakes,Statewide Referendum B,,,No,179,101,11,0,67
Floyd,Glenwood,Statewide Referendum B,,,No,292,135,17,0,140
Floyd,Howell,Statewide Referendum B,,,No,130,41,5,0,84
Floyd,East Lindale,Statewide Referendum B,,,No,335,182,25,0,128
Floyd,Mt Alto North,Statewide Referendum B,,,No,456,300,36,1,119
Floyd,Mt Alto South,Statewide Referendum B,,,No,420,221,36,1,162
Floyd,North Carolina,Statewide Referendum B,,,No,173,85,10,0,78
Floyd,Riverside,Statewide Referendum B,,,No,76,29,3,0,44
Floyd,East Rome,Statewide Referendum B,,,No,440,291,25,0,124
Floyd,North Rome,Statewide Referendum B,,,No,386,238,42,1,105
Floyd,South Rome,Statewide Referendum B,,,No,154,74,15,0,65
Floyd,Texas Valley,Statewide Referendum B,,,No,77,16,1,0,60
Floyd,Vanns Valley,Statewide Referendum B,,,No,64,21,4,0,39
Floyd,Watters,Statewide Referendum B,,,No,331,149,27,1,154
Floyd,West Lindale,Statewide Referendum B,,,No,261,118,12,0,131
Floyd,Town Rome,Statewide Referendum B,,,No,382,232,38,0,112
Floyd,Alto Park,Floyd County Sunday Alcohol Sales Referendum,,,Yes,1324,729,80,1,514
Floyd,Armuchee,Floyd County Sunday Alcohol Sales Referendum,,,Yes,511,170,17,0,324
Floyd,Barkers,Floyd County Sunday Alcohol Sales Referendum,,,Yes,802,394,20,0,388
Floyd,Cave Spring,Floyd County Sunday Alcohol Sales Referendum,,,Yes,556,138,15,1,402
Floyd,Chulio,Floyd County Sunday Alcohol Sales Referendum,,,Yes,422,157,14,3,248
Floyd,Etowah,Floyd County Sunday Alcohol Sales Referendum,,,Yes,1854,1069,83,1,701
Floyd,Everett Springs,Floyd County Sunday Alcohol Sales Referendum,,,Yes,148,38,0,0,110
Floyd,Floyd Springs,Floyd County Sunday Alcohol Sales Referendum,,,Yes,629,199,19,2,409
Floyd,Fosters Mill,Floyd County Sunday Alcohol Sales Referendum,,,Yes,396,119,7,0,270
Floyd,Garden Lakes,Floyd County Sunday Alcohol Sales Referendum,,,Yes,585,339,17,0,229
Floyd,Glenwood,Floyd County Sunday Alcohol Sales Referendum,,,Yes,1102,451,51,0,600
Floyd,Howell,Floyd County Sunday Alcohol Sales Referendum,,,Yes,534,160,12,0,362
Floyd,East Lindale,Floyd County Sunday Alcohol Sales Referendum,,,Yes,1186,593,47,1,545
Floyd,Mt Alto North,Floyd County Sunday Alcohol Sales Referendum,,,Yes,1440,878,90,1,471
Floyd,Mt Alto South,Floyd County Sunday Alcohol Sales Referendum,,,Yes,1303,657,80,1,565
Floyd,North Carolina,Floyd County Sunday Alcohol Sales Referendum,,,Yes,568,245,19,0,304
Floyd,Riverside,Floyd County Sunday Alcohol Sales Referendum,,,Yes,304,106,10,0,188
Floyd,East Rome,Floyd County Sunday Alcohol Sales Referendum,,,Yes,1494,902,80,3,509
Floyd,North Rome,Floyd County Sunday Alcohol Sales Referendum,,,Yes,1093,656,68,1,368
Floyd,South Rome,Floyd County Sunday Alcohol Sales Referendum,,,Yes,398,202,25,0,171
Floyd,Texas Valley,Floyd County Sunday Alcohol Sales Referendum,,,Yes,247,61,4,0,182
Floyd,Vanns Valley,Floyd County Sunday Alcohol Sales Referendum,,,Yes,239,84,16,0,139
Floyd,Watters,Floyd County Sunday Alcohol Sales Referendum,,,Yes,1182,501,42,7,632
Floyd,West Lindale,Floyd County Sunday Alcohol Sales Referendum,,,Yes,843,349,26,1,467
Floyd,Town Rome,Floyd County Sunday Alcohol Sales Referendum,,,Yes,1156,674,67,0,415
Floyd,Alto Park,Floyd County Sunday Alcohol Sales Referendum,,,No,602,342,35,1,224
Floyd,Armuchee,Floyd County Sunday Alcohol Sales Referendum,,,No,280,95,10,0,175
Floyd,Barkers,Floyd County Sunday Alcohol Sales Referendum,,,No,507,237,24,0,246
Floyd,Cave Spring,Floyd County Sunday Alcohol Sales Referendum,,,No,314,55,6,3,250
Floyd,Chulio,Floyd County Sunday Alcohol Sales Referendum,,,No,271,77,13,1,180
Floyd,Etowah,Floyd County Sunday Alcohol Sales Referendum,,,No,1105,622,66,4,413
Floyd,Everett Springs,Floyd County Sunday Alcohol Sales Referendum,,,No,106,15,0,0,91
Floyd,Floyd Springs,Floyd County Sunday Alcohol Sales Referendum,,,No,407,125,16,0,266
Floyd,Fosters Mill,Floyd County Sunday Alcohol Sales Referendum,,,No,198,64,6,0,128
Floyd,Garden Lakes,Floyd County Sunday Alcohol Sales Referendum,,,No,378,232,22,1,123
Floyd,Glenwood,Floyd County Sunday Alcohol Sales Referendum,,,No,616,258,37,0,321
Floyd,Howell,Floyd County Sunday Alcohol Sales Referendum,,,No,395,116,13,0,266
Floyd,East Lindale,Floyd County Sunday Alcohol Sales Referendum,,,No,604,301,14,1,288
Floyd,Mt Alto North,Floyd County Sunday Alcohol Sales Referendum,,,No,789,508,57,2,222
Floyd,Mt Alto South,Floyd County Sunday Alcohol Sales Referendum,,,No,570,309,34,1,226
Floyd,North Carolina,Floyd County Sunday Alcohol Sales Referendum,,,No,384,167,22,0,195
Floyd,Riverside,Floyd County Sunday Alcohol Sales Referendum,,,No,169,58,5,0,106
Floyd,East Rome,Floyd County Sunday Alcohol Sales Referendum,,,No,532,327,28,0,177
Floyd,North Rome,Floyd County Sunday Alcohol Sales Referendum,,,No,524,319,60,2,143
Floyd,South Rome,Floyd County Sunday Alcohol Sales Referendum,,,No,176,98,24,0,54
Floyd,Texas Valley,Floyd County Sunday Alcohol Sales Referendum,,,No,202,45,5,0,152
Floyd,Vanns Valley,Floyd County Sunday Alcohol Sales Referendum,,,No,136,46,3,0,87
Floyd,Watters,Floyd County Sunday Alcohol Sales Referendum,,,No,746,324,37,1,384
Floyd,West Lindale,Floyd County Sunday Alcohol Sales Referendum,,,No,548,235,32,0,281
Floyd,Town Rome,Floyd County Sunday Alcohol Sales Referendum,,,No,370,209,28,0,133
