county,precinct,office,district,party,candidate,votes,advance_voting_votes,absentee_by_mail_votes,provisional_votes,election_day_votes
Burke,Alexander,U.S. Senate,,Rep,Herschel Walker,128,34,2,0,92
Burke,Four Points,U.S. Senate,,Rep,Herschel Walker,858,294,23,0,541
Burke,Girard,U.S. Senate,,Rep,Herschel Walker,197,57,17,0,123
Burke,Gough,U.S. Senate,,Rep,Herschel Walker,100,40,4,0,56
Burke,Greenscut,U.S. Senate,,Rep,Herschel Walker,344,144,11,0,189
Burke,Keysville,U.S. Senate,,Rep,Herschel Walker,101,23,2,0,76
Burke,Midville,U.S. Senate,,Rep,Herschel Walker,108,20,2,0,86
Burke,Munnerlyn,U.S. Senate,,Rep,Herschel Walker,93,35,1,0,57
Burke,Sardis,U.S. Senate,,Rep,Herschel Walker,315,70,8,0,237
Burke,Scotts Crossroads,U.S. Senate,,Rep,Herschel Walker,55,14,0,0,41
Burke,Telfair,U.S. Senate,,Rep,Herschel Walker,287,88,8,0,191
Burke,St Clair,U.S. Senate,,Rep,Herschel Walker,175,68,7,0,100
Burke,Vidette,U.S. Senate,,Rep,Herschel Walker,93,15,2,2,74
Burke,North Waynesboro,U.S. Senate,,Rep,Herschel Walker,393,265,17,0,111
Burke,South Waynesboro,U.S. Senate,,Rep,Herschel Walker,1071,636,37,1,397
Burke,Blakeney,U.S. Senate,,Rep,Herschel Walker,144,74,1,0,69
Burke,Alexander,U.S. Senate,,Dem,Raphael Warnock ,93,44,15,1,33
Burke,Four Points,U.S. Senate,,Dem,Raphael Warnock ,412,207,29,1,175
Burke,Girard,U.S. Senate,,Dem,Raphael Warnock ,183,49,27,0,107
Burke,Gough,U.S. Senate,,Dem,Raphael Warnock ,148,62,19,0,67
Burke,Greenscut,U.S. Senate,,Dem,Raphael Warnock ,216,82,20,0,114
Burke,Keysville,U.S. Senate,,Dem,Raphael Warnock ,102,11,7,0,84
Burke,Midville,U.S. Senate,,Dem,Raphael Warnock ,156,23,18,0,115
Burke,Munnerlyn,U.S. Senate,,Dem,Raphael Warnock ,47,18,4,0,25
Burke,Sardis,U.S. Senate,,Dem,Raphael Warnock ,177,43,16,0,118
Burke,Scotts Crossroads,U.S. Senate,,Dem,Raphael Warnock ,80,33,6,0,41
Burke,Telfair,U.S. Senate,,Dem,Raphael Warnock ,252,123,37,0,92
Burke,St Clair,U.S. Senate,,Dem,Raphael Warnock ,110,46,16,0,48
Burke,Vidette,U.S. Senate,,Dem,Raphael Warnock ,82,24,7,1,50
Burke,North Waynesboro,U.S. Senate,,Dem,Raphael Warnock ,913,473,134,0,306
Burke,South Waynesboro,U.S. Senate,,Dem,Raphael Warnock ,748,420,81,2,245
Burke,Blakeney,U.S. Senate,,Dem,Raphael Warnock ,166,81,14,1,70
Burke,Alexander,U.S. Senate,,Lib,Chase Oliver,0,0,0,0,0
Burke,Four Points,U.S. Senate,,Lib,Chase Oliver,25,3,3,0,19
Burke,Girard,U.S. Senate,,Lib,Chase Oliver,4,1,0,0,3
Burke,Gough,U.S. Senate,,Lib,Chase Oliver,1,0,0,0,1
Burke,Greenscut,U.S. Senate,,Lib,Chase Oliver,8,2,0,0,6
Burke,Keysville,U.S. Senate,,Lib,Chase Oliver,0,0,0,0,0
Burke,Midville,U.S. Senate,,Lib,Chase Oliver,1,0,0,0,1
Burke,Munnerlyn,U.S. Senate,,Lib,Chase Oliver,0,0,0,0,0
Burke,Sardis,U.S. Senate,,Lib,Chase Oliver,5,0,0,0,5
Burke,Scotts Crossroads,U.S. Senate,,Lib,Chase Oliver,1,0,0,0,1
Burke,Telfair,U.S. Senate,,Lib,Chase Oliver,5,2,0,0,3
Burke,St Clair,U.S. Senate,,Lib,Chase Oliver,5,1,0,0,4
Burke,Vidette,U.S. Senate,,Lib,Chase Oliver,1,0,0,0,1
Burke,North Waynesboro,U.S. Senate,,Lib,Chase Oliver,10,4,3,0,3
Burke,South Waynesboro,U.S. Senate,,Lib,Chase Oliver,31,15,2,0,14
Burke,Blakeney,U.S. Senate,,Lib,Chase Oliver,5,1,0,0,4
Burke,Alexander,Governor,,Rep,Brian Kemp ,127,33,2,0,92
Burke,Four Points,Governor,,Rep,Brian Kemp ,906,310,27,0,569
Burke,Girard,Governor,,Rep,Brian Kemp ,205,61,16,0,128
Burke,Gough,Governor,,Rep,Brian Kemp ,106,43,5,0,58
Burke,Greenscut,Governor,,Rep,Brian Kemp ,357,148,12,0,197
Burke,Keysville,Governor,,Rep,Brian Kemp ,107,24,2,0,81
Burke,Midville,Governor,,Rep,Brian Kemp ,116,20,2,0,94
Burke,Munnerlyn,Governor,,Rep,Brian Kemp ,96,36,2,0,58
Burke,Sardis,Governor,,Rep,Brian Kemp ,328,69,8,0,251
Burke,Scotts Crossroads,Governor,,Rep,Brian Kemp ,57,15,0,0,42
Burke,Telfair,Governor,,Rep,Brian Kemp ,304,93,11,0,200
Burke,St Clair,Governor,,Rep,Brian Kemp ,185,72,7,0,106
Burke,Vidette,Governor,,Rep,Brian Kemp ,98,19,2,2,75
Burke,North Waynesboro,Governor,,Rep,Brian Kemp ,419,279,19,0,121
Burke,South Waynesboro,Governor,,Rep,Brian Kemp ,1123,674,40,1,408
Burke,Blakeney,Governor,,Rep,Brian Kemp ,151,76,1,0,74
Burke,Alexander,Governor,,Dem,Stacey Abrams,92,44,15,1,32
Burke,Four Points,Governor,,Dem,Stacey Abrams,389,194,26,1,168
Burke,Girard,Governor,,Dem,Stacey Abrams,179,47,27,0,105
Burke,Gough,Governor,,Dem,Stacey Abrams,141,59,18,0,64
Burke,Greenscut,Governor,,Dem,Stacey Abrams,210,80,20,0,110
Burke,Keysville,Governor,,Dem,Stacey Abrams,94,10,7,0,77
Burke,Midville,Governor,,Dem,Stacey Abrams,144,24,16,0,104
Burke,Munnerlyn,Governor,,Dem,Stacey Abrams,46,18,3,0,25
Burke,Sardis,Governor,,Dem,Stacey Abrams,168,44,16,0,108
Burke,Scotts Crossroads,Governor,,Dem,Stacey Abrams,79,32,6,0,41
Burke,Telfair,Governor,,Dem,Stacey Abrams,236,119,34,0,83
Burke,St Clair,Governor,,Dem,Stacey Abrams,104,44,16,0,44
Burke,Vidette,Governor,,Dem,Stacey Abrams,78,21,7,1,49
Burke,North Waynesboro,Governor,,Dem,Stacey Abrams,894,465,133,0,296
Burke,South Waynesboro,Governor,,Dem,Stacey Abrams,702,394,80,2,226
Burke,Blakeney,Governor,,Dem,Stacey Abrams,164,80,14,1,69
Burke,Alexander,Governor,,Lib,Shane Hazel,1,1,0,0,0
Burke,Four Points,Governor,,Lib,Shane Hazel,6,2,2,0,2
Burke,Girard,Governor,,Lib,Shane Hazel,1,1,0,0,0
Burke,Gough,Governor,,Lib,Shane Hazel,2,0,0,0,2
Burke,Greenscut,Governor,,Lib,Shane Hazel,1,0,0,0,1
Burke,Keysville,Governor,,Lib,Shane Hazel,1,0,0,0,1
Burke,Midville,Governor,,Lib,Shane Hazel,4,0,2,0,2
Burke,Munnerlyn,Governor,,Lib,Shane Hazel,0,0,0,0,0
Burke,Sardis,Governor,,Lib,Shane Hazel,2,0,0,0,2
Burke,Scotts Crossroads,Governor,,Lib,Shane Hazel,0,0,0,0,0
Burke,Telfair,Governor,,Lib,Shane Hazel,7,3,0,0,4
Burke,St Clair,Governor,,Lib,Shane Hazel,1,0,0,0,1
Burke,Vidette,Governor,,Lib,Shane Hazel,0,0,0,0,0
Burke,North Waynesboro,Governor,,Lib,Shane Hazel,8,1,2,0,5
Burke,South Waynesboro,Governor,,Lib,Shane Hazel,28,8,0,0,20
Burke,Blakeney,Governor,,Lib,Shane Hazel,0,0,0,0,0
Burke,Alexander,Lieutenant Governor,,Rep,Burt Jones,125,33,2,0,90
Burke,Four Points,Lieutenant Governor,,Rep,Burt Jones,879,300,26,0,553
Burke,Girard,Lieutenant Governor,,Rep,Burt Jones,201,60,17,0,124
Burke,Gough,Lieutenant Governor,,Rep,Burt Jones,101,42,4,0,55
Burke,Greenscut,Lieutenant Governor,,Rep,Burt Jones,351,149,12,0,190
Burke,Keysville,Lieutenant Governor,,Rep,Burt Jones,102,24,2,0,76
Burke,Midville,Lieutenant Governor,,Rep,Burt Jones,113,21,3,0,89
Burke,Munnerlyn,Lieutenant Governor,,Rep,Burt Jones,92,36,1,0,55
Burke,Sardis,Lieutenant Governor,,Rep,Burt Jones,320,69,8,0,243
Burke,Scotts Crossroads,Lieutenant Governor,,Rep,Burt Jones,56,15,0,0,41
Burke,Telfair,Lieutenant Governor,,Rep,Burt Jones,290,90,8,0,192
Burke,St Clair,Lieutenant Governor,,Rep,Burt Jones,182,72,7,0,103
Burke,Vidette,Lieutenant Governor,,Rep,Burt Jones,97,19,1,2,75
Burke,North Waynesboro,Lieutenant Governor,,Rep,Burt Jones,412,274,19,0,119
Burke,South Waynesboro,Lieutenant Governor,,Rep,Burt Jones,1096,648,41,1,406
Burke,Blakeney,Lieutenant Governor,,Rep,Burt Jones,149,76,1,0,72
Burke,Alexander,Lieutenant Governor,,Dem,Charlie Bailey,85,42,14,1,28
Burke,Four Points,Lieutenant Governor,,Dem,Charlie Bailey,385,195,27,1,162
Burke,Girard,Lieutenant Governor,,Dem,Charlie Bailey,173,42,27,0,104
Burke,Gough,Lieutenant Governor,,Dem,Charlie Bailey,137,57,19,0,61
Burke,Greenscut,Lieutenant Governor,,Dem,Charlie Bailey,198,73,17,0,108
Burke,Keysville,Lieutenant Governor,,Dem,Charlie Bailey,96,10,7,0,79
Burke,Midville,Lieutenant Governor,,Dem,Charlie Bailey,139,22,16,0,101
Burke,Munnerlyn,Lieutenant Governor,,Dem,Charlie Bailey,44,17,3,0,24
Burke,Sardis,Lieutenant Governor,,Dem,Charlie Bailey,162,43,16,0,103
Burke,Scotts Crossroads,Lieutenant Governor,,Dem,Charlie Bailey,71,31,6,0,34
Burke,Telfair,Lieutenant Governor,,Dem,Charlie Bailey,234,117,33,0,84
Burke,St Clair,Lieutenant Governor,,Dem,Charlie Bailey,103,42,16,0,45
Burke,Vidette,Lieutenant Governor,,Dem,Charlie Bailey,74,21,7,1,45
Burke,North Waynesboro,Lieutenant Governor,,Dem,Charlie Bailey,846,438,131,0,277
Burke,South Waynesboro,Lieutenant Governor,,Dem,Charlie Bailey,695,390,77,2,226
Burke,Blakeney,Lieutenant Governor,,Dem,Charlie Bailey,151,73,14,1,63
Burke,Alexander,Lieutenant Governor,,Lib,Ryan Graham,2,1,0,0,1
Burke,Four Points,Lieutenant Governor,,Lib,Ryan Graham,23,5,2,0,16
Burke,Girard,Lieutenant Governor,,Lib,Ryan Graham,7,3,0,0,4
Burke,Gough,Lieutenant Governor,,Lib,Ryan Graham,2,0,0,0,2
Burke,Greenscut,Lieutenant Governor,,Lib,Ryan Graham,11,1,1,0,9
Burke,Keysville,Lieutenant Governor,,Lib,Ryan Graham,1,0,0,0,1
Burke,Midville,Lieutenant Governor,,Lib,Ryan Graham,4,0,0,0,4
Burke,Munnerlyn,Lieutenant Governor,,Lib,Ryan Graham,1,0,0,0,1
Burke,Sardis,Lieutenant Governor,,Lib,Ryan Graham,7,0,0,0,7
Burke,Scotts Crossroads,Lieutenant Governor,,Lib,Ryan Graham,3,0,0,0,3
Burke,Telfair,Lieutenant Governor,,Lib,Ryan Graham,11,4,0,0,7
Burke,St Clair,Lieutenant Governor,,Lib,Ryan Graham,3,0,0,0,3
Burke,Vidette,Lieutenant Governor,,Lib,Ryan Graham,4,0,0,0,4
Burke,North Waynesboro,Lieutenant Governor,,Lib,Ryan Graham,15,6,1,0,8
Burke,South Waynesboro,Lieutenant Governor,,Lib,Ryan Graham,36,19,0,0,17
Burke,Blakeney,Lieutenant Governor,,Lib,Ryan Graham,6,3,0,0,3
Burke,Alexander,Secretary of State,,Rep,Brad Raffensperger ,119,33,2,0,84
Burke,Four Points,Secretary of State,,Rep,Brad Raffensperger ,879,310,26,0,543
Burke,Girard,Secretary of State,,Rep,Brad Raffensperger ,205,61,18,0,126
Burke,Gough,Secretary of State,,Rep,Brad Raffensperger ,98,40,6,0,52
Burke,Greenscut,Secretary of State,,Rep,Brad Raffensperger ,354,150,14,0,190
Burke,Keysville,Secretary of State,,Rep,Brad Raffensperger ,97,25,1,0,71
Burke,Midville,Secretary of State,,Rep,Brad Raffensperger ,110,20,2,0,88
Burke,Munnerlyn,Secretary of State,,Rep,Brad Raffensperger ,90,33,2,0,55
Burke,Sardis,Secretary of State,,Rep,Brad Raffensperger ,320,71,9,0,240
Burke,Scotts Crossroads,Secretary of State,,Rep,Brad Raffensperger ,59,16,0,0,43
Burke,Telfair,Secretary of State,,Rep,Brad Raffensperger ,292,88,8,0,196
Burke,St Clair,Secretary of State,,Rep,Brad Raffensperger ,176,68,7,0,101
Burke,Vidette,Secretary of State,,Rep,Brad Raffensperger ,93,19,2,2,70
Burke,North Waynesboro,Secretary of State,,Rep,Brad Raffensperger ,418,282,21,0,115
Burke,South Waynesboro,Secretary of State,,Rep,Brad Raffensperger ,1115,664,50,1,400
Burke,Blakeney,Secretary of State,,Rep,Brad Raffensperger ,150,77,1,0,72
Burke,Alexander,Secretary of State,,Dem,Bee Nguyen,82,38,15,1,28
Burke,Four Points,Secretary of State,,Dem,Bee Nguyen,377,182,28,1,166
Burke,Girard,Secretary of State,,Dem,Bee Nguyen,169,42,26,0,101
Burke,Gough,Secretary of State,,Dem,Bee Nguyen,134,56,17,0,61
Burke,Greenscut,Secretary of State,,Dem,Bee Nguyen,195,75,15,0,105
Burke,Keysville,Secretary of State,,Dem,Bee Nguyen,93,9,7,0,77
Burke,Midville,Secretary of State,,Dem,Bee Nguyen,134,23,14,0,97
Burke,Munnerlyn,Secretary of State,,Dem,Bee Nguyen,46,18,3,0,25
Burke,Sardis,Secretary of State,,Dem,Bee Nguyen,158,41,15,0,102
Burke,Scotts Crossroads,Secretary of State,,Dem,Bee Nguyen,67,29,6,0,32
Burke,Telfair,Secretary of State,,Dem,Bee Nguyen,226,116,32,0,78
Burke,St Clair,Secretary of State,,Dem,Bee Nguyen,105,46,15,0,44
Burke,Vidette,Secretary of State,,Dem,Bee Nguyen,76,20,6,1,49
Burke,North Waynesboro,Secretary of State,,Dem,Bee Nguyen,835,431,128,0,276
Burke,South Waynesboro,Secretary of State,,Dem,Bee Nguyen,669,370,69,2,228
Burke,Blakeney,Secretary of State,,Dem,Bee Nguyen,149,71,14,1,63
Burke,Alexander,Secretary of State,,Lib,Ted Metz,7,1,0,0,6
Burke,Four Points,Secretary of State,,Lib,Ted Metz,26,7,0,0,19
Burke,Girard,Secretary of State,,Lib,Ted Metz,6,2,0,0,4
Burke,Gough,Secretary of State,,Lib,Ted Metz,8,3,0,0,5
Burke,Greenscut,Secretary of State,,Lib,Ted Metz,10,0,1,0,9
Burke,Keysville,Secretary of State,,Lib,Ted Metz,9,0,1,0,8
Burke,Midville,Secretary of State,,Lib,Ted Metz,11,0,2,0,9
Burke,Munnerlyn,Secretary of State,,Lib,Ted Metz,2,2,0,0,0
Burke,Sardis,Secretary of State,,Lib,Ted Metz,12,1,0,0,11
Burke,Scotts Crossroads,Secretary of State,,Lib,Ted Metz,3,1,0,0,2
Burke,Telfair,Secretary of State,,Lib,Ted Metz,17,8,1,0,8
Burke,St Clair,Secretary of State,,Lib,Ted Metz,4,1,0,0,3
Burke,Vidette,Secretary of State,,Lib,Ted Metz,5,0,0,0,5
Burke,North Waynesboro,Secretary of State,,Lib,Ted Metz,25,10,2,0,13
Burke,South Waynesboro,Secretary of State,,Lib,Ted Metz,40,21,1,0,18
Burke,Blakeney,Secretary of State,,Lib,Ted Metz,5,3,0,0,2
Burke,Alexander,Attorney General,,Rep,Chris Carr ,124,32,2,0,90
Burke,Four Points,Attorney General,,Rep,Chris Carr ,877,302,24,0,551
Burke,Girard,Attorney General,,Rep,Chris Carr ,206,59,17,0,130
Burke,Gough,Attorney General,,Rep,Chris Carr ,100,42,4,0,54
Burke,Greenscut,Attorney General,,Rep,Chris Carr ,349,147,11,0,191
Burke,Keysville,Attorney General,,Rep,Chris Carr ,104,25,2,0,77
Burke,Midville,Attorney General,,Rep,Chris Carr ,115,20,3,0,92
Burke,Munnerlyn,Attorney General,,Rep,Chris Carr ,94,36,2,0,56
Burke,Sardis,Attorney General,,Rep,Chris Carr ,324,71,8,0,245
Burke,Scotts Crossroads,Attorney General,,Rep,Chris Carr ,57,16,0,0,41
Burke,Telfair,Attorney General,,Rep,Chris Carr ,287,88,9,0,190
Burke,St Clair,Attorney General,,Rep,Chris Carr ,181,72,7,0,102
Burke,Vidette,Attorney General,,Rep,Chris Carr ,94,19,1,2,72
Burke,North Waynesboro,Attorney General,,Rep,Chris Carr ,411,276,19,0,116
Burke,South Waynesboro,Attorney General,,Rep,Chris Carr ,1090,645,41,1,403
Burke,Blakeney,Attorney General,,Rep,Chris Carr ,148,75,1,0,72
Burke,Alexander,Attorney General,,Dem,"Jennifer """"Jen"""" Jordan",86,42,15,1,28
Burke,Four Points,Attorney General,,Dem,"Jennifer """"Jen"""" Jordan",399,197,31,1,170
Burke,Girard,Attorney General,,Dem,"Jennifer """"Jen"""" Jordan",173,44,27,0,102
Burke,Gough,Attorney General,,Dem,"Jennifer """"Jen"""" Jordan",136,57,17,0,62
Burke,Greenscut,Attorney General,,Dem,"Jennifer """"Jen"""" Jordan",204,79,19,0,106
Burke,Keysville,Attorney General,,Dem,"Jennifer """"Jen"""" Jordan",94,9,7,0,78
Burke,Midville,Attorney General,,Dem,"Jennifer """"Jen"""" Jordan",144,24,16,0,104
Burke,Munnerlyn,Attorney General,,Dem,"Jennifer """"Jen"""" Jordan",44,18,3,0,23
Burke,Sardis,Attorney General,,Dem,"Jennifer """"Jen"""" Jordan",162,41,16,0,105
Burke,Scotts Crossroads,Attorney General,,Dem,"Jennifer """"Jen"""" Jordan",73,31,6,0,36
Burke,Telfair,Attorney General,,Dem,"Jennifer """"Jen"""" Jordan",242,121,33,0,88
Burke,St Clair,Attorney General,,Dem,"Jennifer """"Jen"""" Jordan",105,43,15,0,47
Burke,Vidette,Attorney General,,Dem,"Jennifer """"Jen"""" Jordan",80,20,7,1,52
Burke,North Waynesboro,Attorney General,,Dem,"Jennifer """"Jen"""" Jordan",875,455,131,0,289
Burke,South Waynesboro,Attorney General,,Dem,"Jennifer """"Jen"""" Jordan",716,404,78,2,232
Burke,Blakeney,Attorney General,,Dem,"Jennifer """"Jen"""" Jordan",159,79,14,1,65
Burke,Alexander,Attorney General,,Lib,Martin Cowen,2,1,0,0,1
Burke,Four Points,Attorney General,,Lib,Martin Cowen,14,5,0,0,9
Burke,Girard,Attorney General,,Lib,Martin Cowen,2,1,0,0,1
Burke,Gough,Attorney General,,Lib,Martin Cowen,6,1,2,0,3
Burke,Greenscut,Attorney General,,Lib,Martin Cowen,11,0,2,0,9
Burke,Keysville,Attorney General,,Lib,Martin Cowen,1,0,0,0,1
Burke,Midville,Attorney General,,Lib,Martin Cowen,1,0,0,0,1
Burke,Munnerlyn,Attorney General,,Lib,Martin Cowen,0,0,0,0,0
Burke,Sardis,Attorney General,,Lib,Martin Cowen,4,0,0,0,4
Burke,Scotts Crossroads,Attorney General,,Lib,Martin Cowen,2,0,0,0,2
Burke,Telfair,Attorney General,,Lib,Martin Cowen,10,4,0,0,6
Burke,St Clair,Attorney General,,Lib,Martin Cowen,1,0,0,0,1
Burke,Vidette,Attorney General,,Lib,Martin Cowen,2,0,0,0,2
Burke,North Waynesboro,Attorney General,,Lib,Martin Cowen,12,3,1,0,8
Burke,South Waynesboro,Attorney General,,Lib,Martin Cowen,25,12,1,0,12
Burke,Blakeney,Attorney General,,Lib,Martin Cowen,4,1,0,0,3
Burke,Alexander,Commissioner of Agriculture,,Rep,Tyler Harper,125,34,2,0,89
Burke,Four Points,Commissioner of Agriculture,,Rep,Tyler Harper,881,303,24,0,554
Burke,Girard,Commissioner of Agriculture,,Rep,Tyler Harper,205,59,17,0,129
Burke,Gough,Commissioner of Agriculture,,Rep,Tyler Harper,104,43,4,0,57
Burke,Greenscut,Commissioner of Agriculture,,Rep,Tyler Harper,349,146,13,0,190
Burke,Keysville,Commissioner of Agriculture,,Rep,Tyler Harper,102,24,2,0,76
Burke,Midville,Commissioner of Agriculture,,Rep,Tyler Harper,110,21,3,0,86
Burke,Munnerlyn,Commissioner of Agriculture,,Rep,Tyler Harper,93,36,0,0,57
Burke,Sardis,Commissioner of Agriculture,,Rep,Tyler Harper,324,70,9,0,245
Burke,Scotts Crossroads,Commissioner of Agriculture,,Rep,Tyler Harper,54,14,0,0,40
Burke,Telfair,Commissioner of Agriculture,,Rep,Tyler Harper,295,92,7,0,196
Burke,St Clair,Commissioner of Agriculture,,Rep,Tyler Harper,179,72,7,0,100
Burke,Vidette,Commissioner of Agriculture,,Rep,Tyler Harper,100,19,2,2,77
Burke,North Waynesboro,Commissioner of Agriculture,,Rep,Tyler Harper,410,275,18,0,117
Burke,South Waynesboro,Commissioner of Agriculture,,Rep,Tyler Harper,1119,665,42,1,411
Burke,Blakeney,Commissioner of Agriculture,,Rep,Tyler Harper,148,75,1,0,72
Burke,Alexander,Commissioner of Agriculture,,Dem,Nakita Hemingway,86,40,15,1,30
Burke,Four Points,Commissioner of Agriculture,,Dem,Nakita Hemingway,390,199,30,1,160
Burke,Girard,Commissioner of Agriculture,,Dem,Nakita Hemingway,169,40,27,0,102
Burke,Gough,Commissioner of Agriculture,,Dem,Nakita Hemingway,136,58,19,0,59
Burke,Greenscut,Commissioner of Agriculture,,Dem,Nakita Hemingway,202,79,17,0,106
Burke,Keysville,Commissioner of Agriculture,,Dem,Nakita Hemingway,95,10,7,0,78
Burke,Midville,Commissioner of Agriculture,,Dem,Nakita Hemingway,139,23,16,0,100
Burke,Munnerlyn,Commissioner of Agriculture,,Dem,Nakita Hemingway,44,18,4,0,22
Burke,Sardis,Commissioner of Agriculture,,Dem,Nakita Hemingway,161,42,15,0,104
Burke,Scotts Crossroads,Commissioner of Agriculture,,Dem,Nakita Hemingway,72,30,6,0,36
Burke,Telfair,Commissioner of Agriculture,,Dem,Nakita Hemingway,232,117,34,0,81
Burke,St Clair,Commissioner of Agriculture,,Dem,Nakita Hemingway,108,43,16,0,49
Burke,Vidette,Commissioner of Agriculture,,Dem,Nakita Hemingway,73,19,6,1,47
Burke,North Waynesboro,Commissioner of Agriculture,,Dem,Nakita Hemingway,860,446,130,0,284
Burke,South Waynesboro,Commissioner of Agriculture,,Dem,Nakita Hemingway,684,383,75,2,224
Burke,Blakeney,Commissioner of Agriculture,,Dem,Nakita Hemingway,158,78,14,1,65
Burke,Alexander,Commissioner of Agriculture,,Lib,David Raudabaugh,2,2,0,0,0
Burke,Four Points,Commissioner of Agriculture,,Lib,David Raudabaugh,22,3,0,0,19
Burke,Girard,Commissioner of Agriculture,,Lib,David Raudabaugh,4,3,0,0,1
Burke,Gough,Commissioner of Agriculture,,Lib,David Raudabaugh,2,0,0,0,2
Burke,Greenscut,Commissioner of Agriculture,,Lib,David Raudabaugh,11,1,0,0,10
Burke,Keysville,Commissioner of Agriculture,,Lib,David Raudabaugh,3,0,0,0,3
Burke,Midville,Commissioner of Agriculture,,Lib,David Raudabaugh,8,0,0,0,8
Burke,Munnerlyn,Commissioner of Agriculture,,Lib,David Raudabaugh,1,0,1,0,0
Burke,Sardis,Commissioner of Agriculture,,Lib,David Raudabaugh,4,0,0,0,4
Burke,Scotts Crossroads,Commissioner of Agriculture,,Lib,David Raudabaugh,5,2,0,0,3
Burke,Telfair,Commissioner of Agriculture,,Lib,David Raudabaugh,11,4,1,0,6
Burke,St Clair,Commissioner of Agriculture,,Lib,David Raudabaugh,2,0,0,0,2
Burke,Vidette,Commissioner of Agriculture,,Lib,David Raudabaugh,3,0,0,0,3
Burke,North Waynesboro,Commissioner of Agriculture,,Lib,David Raudabaugh,17,7,2,0,8
Burke,South Waynesboro,Commissioner of Agriculture,,Lib,David Raudabaugh,26,12,0,0,14
Burke,Blakeney,Commissioner of Agriculture,,Lib,David Raudabaugh,6,2,0,0,4
Burke,Alexander,Commissioner of Insurance,,Rep,John King ,125,34,2,0,89
Burke,Four Points,Commissioner of Insurance,,Rep,John King ,891,305,28,0,558
Burke,Girard,Commissioner of Insurance,,Rep,John King ,204,60,17,0,127
Burke,Gough,Commissioner of Insurance,,Rep,John King ,107,43,6,0,58
Burke,Greenscut,Commissioner of Insurance,,Rep,John King ,356,148,12,0,196
Burke,Keysville,Commissioner of Insurance,,Rep,John King ,103,24,2,0,77
Burke,Midville,Commissioner of Insurance,,Rep,John King ,112,20,3,0,89
Burke,Munnerlyn,Commissioner of Insurance,,Rep,John King ,90,33,1,0,56
Burke,Sardis,Commissioner of Insurance,,Rep,John King ,321,71,8,0,242
Burke,Scotts Crossroads,Commissioner of Insurance,,Rep,John King ,57,14,0,0,43
Burke,Telfair,Commissioner of Insurance,,Rep,John King ,302,93,9,0,200
Burke,St Clair,Commissioner of Insurance,,Rep,John King ,184,72,7,0,105
Burke,Vidette,Commissioner of Insurance,,Rep,John King ,99,18,0,2,79
Burke,North Waynesboro,Commissioner of Insurance,,Rep,John King ,413,274,19,0,120
Burke,South Waynesboro,Commissioner of Insurance,,Rep,John King ,1119,666,43,1,409
Burke,Blakeney,Commissioner of Insurance,,Rep,John King ,149,75,1,0,73
Burke,Alexander,Commissioner of Insurance,,Dem,Janice Laws Robinson,88,41,15,1,31
Burke,Four Points,Commissioner of Insurance,,Dem,Janice Laws Robinson,395,197,25,1,172
Burke,Girard,Commissioner of Insurance,,Dem,Janice Laws Robinson,175,43,27,0,105
Burke,Gough,Commissioner of Insurance,,Dem,Janice Laws Robinson,133,58,16,0,59
Burke,Greenscut,Commissioner of Insurance,,Dem,Janice Laws Robinson,207,78,19,0,110
Burke,Keysville,Commissioner of Insurance,,Dem,Janice Laws Robinson,96,10,7,0,79
Burke,Midville,Commissioner of Insurance,,Dem,Janice Laws Robinson,144,23,16,0,105
Burke,Munnerlyn,Commissioner of Insurance,,Dem,Janice Laws Robinson,46,19,4,0,23
Burke,Sardis,Commissioner of Insurance,,Dem,Janice Laws Robinson,165,40,16,0,109
Burke,Scotts Crossroads,Commissioner of Insurance,,Dem,Janice Laws Robinson,75,33,6,0,36
Burke,Telfair,Commissioner of Insurance,,Dem,Janice Laws Robinson,235,119,33,0,83
Burke,St Clair,Commissioner of Insurance,,Dem,Janice Laws Robinson,105,43,16,0,46
Burke,Vidette,Commissioner of Insurance,,Dem,Janice Laws Robinson,76,20,8,1,47
Burke,North Waynesboro,Commissioner of Insurance,,Dem,Janice Laws Robinson,869,450,129,0,290
Burke,South Waynesboro,Commissioner of Insurance,,Dem,Janice Laws Robinson,700,391,73,2,234
Burke,Blakeney,Commissioner of Insurance,,Dem,Janice Laws Robinson,160,78,13,1,68
Burke,Alexander,State School Superintendent,,Rep,Richard Woods ,125,33,2,0,90
Burke,Four Points,State School Superintendent,,Rep,Richard Woods ,897,307,25,0,565
Burke,Girard,State School Superintendent,,Rep,Richard Woods ,207,63,17,0,127
Burke,Gough,State School Superintendent,,Rep,Richard Woods ,110,43,4,0,63
Burke,Greenscut,State School Superintendent,,Rep,Richard Woods ,351,146,11,0,194
Burke,Keysville,State School Superintendent,,Rep,Richard Woods ,104,24,2,0,78
Burke,Midville,State School Superintendent,,Rep,Richard Woods ,117,20,4,0,93
Burke,Munnerlyn,State School Superintendent,,Rep,Richard Woods ,92,35,1,0,56
Burke,Sardis,State School Superintendent,,Rep,Richard Woods ,322,72,8,0,242
Burke,Scotts Crossroads,State School Superintendent,,Rep,Richard Woods ,57,16,0,0,41
Burke,Telfair,State School Superintendent,,Rep,Richard Woods ,302,94,9,0,199
Burke,St Clair,State School Superintendent,,Rep,Richard Woods ,186,73,8,0,105
Burke,Vidette,State School Superintendent,,Rep,Richard Woods ,100,19,0,2,79
Burke,North Waynesboro,State School Superintendent,,Rep,Richard Woods ,429,285,19,0,125
Burke,South Waynesboro,State School Superintendent,,Rep,Richard Woods ,1137,673,42,1,421
Burke,Blakeney,State School Superintendent,,Rep,Richard Woods ,151,75,1,0,75
Burke,Alexander,State School Superintendent,,Dem,Alisha Thomas Searcy,86,41,15,1,29
Burke,Four Points,State School Superintendent,,Dem,Alisha Thomas Searcy,391,195,29,1,166
Burke,Girard,State School Superintendent,,Dem,Alisha Thomas Searcy,172,40,27,0,105
Burke,Gough,State School Superintendent,,Dem,Alisha Thomas Searcy,132,58,19,0,55
Burke,Greenscut,State School Superintendent,,Dem,Alisha Thomas Searcy,208,78,19,0,111
Burke,Keysville,State School Superintendent,,Dem,Alisha Thomas Searcy,95,10,7,0,78
Burke,Midville,State School Superintendent,,Dem,Alisha Thomas Searcy,139,23,14,0,102
Burke,Munnerlyn,State School Superintendent,,Dem,Alisha Thomas Searcy,46,19,4,0,23
Burke,Sardis,State School Superintendent,,Dem,Alisha Thomas Searcy,165,41,16,0,108
Burke,Scotts Crossroads,State School Superintendent,,Dem,Alisha Thomas Searcy,74,30,6,0,38
Burke,Telfair,State School Superintendent,,Dem,Alisha Thomas Searcy,238,119,33,0,86
Burke,St Clair,State School Superintendent,,Dem,Alisha Thomas Searcy,103,42,15,0,46
Burke,Vidette,State School Superintendent,,Dem,Alisha Thomas Searcy,77,19,8,1,49
Burke,North Waynesboro,State School Superintendent,,Dem,Alisha Thomas Searcy,862,446,130,0,286
Burke,South Waynesboro,State School Superintendent,,Dem,Alisha Thomas Searcy,691,387,75,2,227
Burke,Blakeney,State School Superintendent,,Dem,Alisha Thomas Searcy,160,79,14,1,66
Burke,Alexander,Commissioner of Labor,,Rep,Bruce Thompson,125,34,2,0,89
Burke,Four Points,Commissioner of Labor,,Rep,Bruce Thompson,879,300,25,0,554
Burke,Girard,Commissioner of Labor,,Rep,Bruce Thompson,206,59,17,0,130
Burke,Gough,Commissioner of Labor,,Rep,Bruce Thompson,101,42,4,0,55
Burke,Greenscut,Commissioner of Labor,,Rep,Bruce Thompson,349,145,12,0,192
Burke,Keysville,Commissioner of Labor,,Rep,Bruce Thompson,103,24,2,0,77
Burke,Midville,Commissioner of Labor,,Rep,Bruce Thompson,109,21,2,0,86
Burke,Munnerlyn,Commissioner of Labor,,Rep,Bruce Thompson,91,35,1,0,55
Burke,Sardis,Commissioner of Labor,,Rep,Bruce Thompson,317,69,9,0,239
Burke,Scotts Crossroads,Commissioner of Labor,,Rep,Bruce Thompson,55,15,0,0,40
Burke,Telfair,Commissioner of Labor,,Rep,Bruce Thompson,285,90,9,0,186
Burke,St Clair,Commissioner of Labor,,Rep,Bruce Thompson,182,72,7,0,103
Burke,Vidette,Commissioner of Labor,,Rep,Bruce Thompson,96,17,0,2,77
Burke,North Waynesboro,Commissioner of Labor,,Rep,Bruce Thompson,405,274,19,0,112
Burke,South Waynesboro,Commissioner of Labor,,Rep,Bruce Thompson,1091,649,39,1,402
Burke,Blakeney,Commissioner of Labor,,Rep,Bruce Thompson,146,76,1,0,69
Burke,Alexander,Commissioner of Labor,,Dem,"William """"Will"""" Boddie, Jr",84,39,15,1,29
Burke,Four Points,Commissioner of Labor,,Dem,"William """"Will"""" Boddie, Jr",388,195,28,1,164
Burke,Girard,Commissioner of Labor,,Dem,"William """"Will"""" Boddie, Jr",167,40,27,0,100
Burke,Gough,Commissioner of Labor,,Dem,"William """"Will"""" Boddie, Jr",140,58,19,0,63
Burke,Greenscut,Commissioner of Labor,,Dem,"William """"Will"""" Boddie, Jr",204,79,18,0,107
Burke,Keysville,Commissioner of Labor,,Dem,"William """"Will"""" Boddie, Jr",94,10,7,0,77
Burke,Midville,Commissioner of Labor,,Dem,"William """"Will"""" Boddie, Jr",140,23,16,0,101
Burke,Munnerlyn,Commissioner of Labor,,Dem,"William """"Will"""" Boddie, Jr",47,19,4,0,24
Burke,Sardis,Commissioner of Labor,,Dem,"William """"Will"""" Boddie, Jr",167,41,15,0,111
Burke,Scotts Crossroads,Commissioner of Labor,,Dem,"William """"Will"""" Boddie, Jr",74,31,6,0,37
Burke,Telfair,Commissioner of Labor,,Dem,"William """"Will"""" Boddie, Jr",235,118,32,0,85
Burke,St Clair,Commissioner of Labor,,Dem,"William """"Will"""" Boddie, Jr",104,42,16,0,46
Burke,Vidette,Commissioner of Labor,,Dem,"William """"Will"""" Boddie, Jr",79,21,8,1,49
Burke,North Waynesboro,Commissioner of Labor,,Dem,"William """"Will"""" Boddie, Jr",865,449,129,0,287
Burke,South Waynesboro,Commissioner of Labor,,Dem,"William """"Will"""" Boddie, Jr",696,391,78,2,225
Burke,Blakeney,Commissioner of Labor,,Dem,"William """"Will"""" Boddie, Jr",157,75,14,1,67
Burke,Alexander,Commissioner of Labor,,Lib,Emily Anderson,3,2,0,0,1
Burke,Four Points,Commissioner of Labor,,Lib,Emily Anderson,22,8,1,0,13
Burke,Girard,Commissioner of Labor,,Lib,Emily Anderson,6,3,0,0,3
Burke,Gough,Commissioner of Labor,,Lib,Emily Anderson,3,0,0,0,3
Burke,Greenscut,Commissioner of Labor,,Lib,Emily Anderson,8,2,0,0,6
Burke,Keysville,Commissioner of Labor,,Lib,Emily Anderson,2,0,0,0,2
Burke,Midville,Commissioner of Labor,,Lib,Emily Anderson,9,0,1,0,8
Burke,Munnerlyn,Commissioner of Labor,,Lib,Emily Anderson,0,0,0,0,0
Burke,Sardis,Commissioner of Labor,,Lib,Emily Anderson,4,0,0,0,4
Burke,Scotts Crossroads,Commissioner of Labor,,Lib,Emily Anderson,2,1,0,0,1
Burke,Telfair,Commissioner of Labor,,Lib,Emily Anderson,15,5,0,0,10
Burke,St Clair,Commissioner of Labor,,Lib,Emily Anderson,2,0,0,0,2
Burke,Vidette,Commissioner of Labor,,Lib,Emily Anderson,0,0,0,0,0
Burke,North Waynesboro,Commissioner of Labor,,Lib,Emily Anderson,24,9,2,0,13
Burke,South Waynesboro,Commissioner of Labor,,Lib,Emily Anderson,39,18,2,0,19
Burke,Blakeney,Commissioner of Labor,,Lib,Emily Anderson,9,3,0,0,6
Burke,Alexander,U.S. House,,Rep,Rick W. Allen ,129,34,2,0,93
Burke,Four Points,U.S. House,,Rep,Rick W. Allen ,905,311,25,0,569
Burke,Girard,U.S. House,,Rep,Rick W. Allen ,207,61,17,0,129
Burke,Gough,U.S. House,,Rep,Rick W. Allen ,108,44,4,0,60
Burke,Greenscut,U.S. House,,Rep,Rick W. Allen ,359,147,13,0,199
Burke,Keysville,U.S. House,,Rep,Rick W. Allen ,102,24,2,0,76
Burke,Midville,U.S. House,,Rep,Rick W. Allen ,113,20,3,0,90
Burke,Munnerlyn,U.S. House,,Rep,Rick W. Allen ,94,36,1,0,57
Burke,Sardis,U.S. House,,Rep,Rick W. Allen ,333,72,8,0,253
Burke,Scotts Crossroads,U.S. House,,Rep,Rick W. Allen ,57,14,0,0,43
Burke,Telfair,U.S. House,,Rep,Rick W. Allen ,306,98,10,0,198
Burke,St Clair,U.S. House,,Rep,Rick W. Allen ,187,74,7,0,106
Burke,Vidette,U.S. House,,Rep,Rick W. Allen ,101,17,1,2,81
Burke,North Waynesboro,U.S. House,,Rep,Rick W. Allen ,426,284,20,0,122
Burke,South Waynesboro,U.S. House,,Rep,Rick W. Allen ,1121,662,40,1,418
Burke,Blakeney,U.S. House,,Rep,Rick W. Allen ,152,76,1,0,75
Burke,Alexander,U.S. House,,Dem,Elizabeth 'Liz' Johnson,86,41,15,1,29
Burke,Four Points,U.S. House,,Dem,Elizabeth 'Liz' Johnson,392,193,31,1,167
Burke,Girard,U.S. House,,Dem,Elizabeth 'Liz' Johnson,175,44,27,0,104
Burke,Gough,U.S. House,,Dem,Elizabeth 'Liz' Johnson,136,57,19,0,60
Burke,Greenscut,U.S. House,,Dem,Elizabeth 'Liz' Johnson,205,80,17,0,108
Burke,Keysville,U.S. House,,Dem,Elizabeth 'Liz' Johnson,97,10,7,0,80
Burke,Midville,U.S. House,,Dem,Elizabeth 'Liz' Johnson,145,24,16,0,105
Burke,Munnerlyn,U.S. House,,Dem,Elizabeth 'Liz' Johnson,44,17,4,0,23
Burke,Sardis,U.S. House,,Dem,Elizabeth 'Liz' Johnson,159,40,16,0,103
Burke,Scotts Crossroads,U.S. House,,Dem,Elizabeth 'Liz' Johnson,73,32,6,0,35
Burke,Telfair,U.S. House,,Dem,Elizabeth 'Liz' Johnson,238,116,35,0,87
Burke,St Clair,U.S. House,,Dem,Elizabeth 'Liz' Johnson,101,40,15,0,46
Burke,Vidette,U.S. House,,Dem,Elizabeth 'Liz' Johnson,76,21,7,1,47
Burke,North Waynesboro,U.S. House,,Dem,Elizabeth 'Liz' Johnson,871,447,132,0,292
Burke,South Waynesboro,U.S. House,,Dem,Elizabeth 'Liz' Johnson,712,398,80,2,232
Burke,Blakeney,U.S. House,,Dem,Elizabeth 'Liz' Johnson,158,77,14,1,66
Burke,Alexander,State Senate,,Rep,Max Burns ,154,46,6,0,102
Burke,Four Points,State Senate,,Rep,Max Burns ,1075,403,31,0,641
Burke,Girard,State Senate,,Rep,Max Burns ,281,76,22,0,183
Burke,Gough,State Senate,,Rep,Max Burns ,153,59,10,0,84
Burke,Greenscut,State Senate,,Rep,Max Burns ,450,185,19,0,246
Burke,Keysville,State Senate,,Rep,Max Burns ,144,29,5,0,110
Burke,Midville,State Senate,,Rep,Max Burns ,180,29,9,0,142
Burke,Munnerlyn,State Senate,,Rep,Max Burns ,110,44,2,0,64
Burke,Sardis,State Senate,,Rep,Max Burns ,399,87,13,0,299
Burke,Scotts Crossroads,State Senate,,Rep,Max Burns ,89,30,0,0,59
Burke,Telfair,State Senate,,Rep,Max Burns ,396,141,16,0,239
Burke,St Clair,State Senate,,Rep,Max Burns ,223,88,15,0,120
Burke,Vidette,State Senate,,Rep,Max Burns ,128,24,2,1,101
Burke,North Waynesboro,State Senate,,Rep,Max Burns ,780,469,55,0,256
Burke,South Waynesboro,State Senate,,Rep,Max Burns ,1449,840,62,2,545
Burke,Blakeney,State Senate,,Rep,Max Burns ,221,111,4,1,105
Burke,Alexander,State House,,Rep,William C. Harris,123,33,2,0,88
Burke,Four Points,State House,,Rep,William C. Harris,888,304,24,0,560
Burke,Girard,State House,,Rep,William C. Harris,204,59,17,0,128
Burke,Gough,State House,,Rep,William C. Harris,103,41,4,0,58
Burke,Greenscut,State House,,Rep,William C. Harris,346,142,12,0,192
Burke,Keysville,State House,,Rep,William C. Harris,101,23,2,0,76
Burke,Midville,State House,,Rep,William C. Harris,109,18,3,0,88
Burke,Munnerlyn,State House,,Rep,William C. Harris,92,37,1,0,54
Burke,Sardis,State House,,Rep,William C. Harris,313,69,8,0,236
Burke,Scotts Crossroads,State House,,Rep,William C. Harris,61,15,0,0,46
Burke,Telfair,State House,,Rep,William C. Harris,297,90,9,0,198
Burke,St Clair,State House,,Rep,William C. Harris,183,71,7,0,105
Burke,Vidette,State House,,Rep,William C. Harris,98,18,0,2,78
Burke,North Waynesboro,State House,,Rep,William C. Harris,401,267,18,0,116
Burke,South Waynesboro,State House,,Rep,William C. Harris,1084,638,38,1,407
Burke,Blakeney,State House,,Rep,William C. Harris,146,74,1,0,71
Burke,Alexander,State House,,Dem,Gloria Frazier ,91,41,15,1,34
Burke,Four Points,State House,,Dem,Gloria Frazier ,399,197,31,1,170
Burke,Girard,State House,,Dem,Gloria Frazier ,174,44,27,0,103
Burke,Gough,State House,,Dem,Gloria Frazier ,138,57,19,0,62
Burke,Greenscut,State House,,Dem,Gloria Frazier ,214,83,19,0,112
Burke,Keysville,State House,,Dem,Gloria Frazier ,95,11,7,0,77
Burke,Midville,State House,,Dem,Gloria Frazier ,139,25,18,0,96
Burke,Munnerlyn,State House,,Dem,Gloria Frazier ,45,17,4,0,24
Burke,Sardis,State House,,Dem,Gloria Frazier ,174,43,16,0,115
Burke,Scotts Crossroads,State House,,Dem,Gloria Frazier ,70,31,6,0,33
Burke,Telfair,State House,,Dem,Gloria Frazier ,238,117,34,0,87
Burke,St Clair,State House,,Dem,Gloria Frazier ,101,41,15,0,45
Burke,Vidette,State House,,Dem,Gloria Frazier ,77,21,8,1,47
Burke,North Waynesboro,State House,,Dem,Gloria Frazier ,877,455,133,0,289
Burke,South Waynesboro,State House,,Dem,Gloria Frazier ,736,412,81,2,241
Burke,Blakeney,State House,,Dem,Gloria Frazier ,164,80,14,1,69
Burke,Alexander,Solicitor General,,(Ind,Matthew W. Franklin ,161,53,9,0,99
Burke,Four Points,Solicitor General,,(Ind,Matthew W. Franklin ,1073,422,38,0,613
Burke,Girard,Solicitor General,,(Ind,Matthew W. Franklin ,278,81,21,0,176
Burke,Gough,Solicitor General,,(Ind,Matthew W. Franklin ,168,64,15,0,89
Burke,Greenscut,Solicitor General,,(Ind,Matthew W. Franklin ,465,189,23,0,253
Burke,Keysville,Solicitor General,,(Ind,Matthew W. Franklin ,146,25,6,0,115
Burke,Midville,Solicitor General,,(Ind,Matthew W. Franklin ,195,31,7,0,157
Burke,Munnerlyn,Solicitor General,,(Ind,Matthew W. Franklin ,116,46,3,0,67
Burke,Sardis,Solicitor General,,(Ind,Matthew W. Franklin ,396,92,17,0,287
Burke,Scotts Crossroads,Solicitor General,,(Ind,Matthew W. Franklin ,99,37,4,0,58
Burke,Telfair,Solicitor General,,(Ind,Matthew W. Franklin ,414,158,22,0,234
Burke,St Clair,Solicitor General,,(Ind,Matthew W. Franklin ,232,92,17,0,123
Burke,Vidette,Solicitor General,,(Ind,Matthew W. Franklin ,125,26,5,1,93
Burke,North Waynesboro,Solicitor General,,(Ind,Matthew W. Franklin ,929,544,89,0,296
Burke,South Waynesboro,Solicitor General,,(Ind,Matthew W. Franklin ,1504,864,86,2,552
Burke,Blakeney,Solicitor General,,(Ind,Matthew W. Franklin ,238,118,7,1,112
Burke,Four Points,County Comm Dist 2,,Dem,Terri Lodge Kelly ,133,77,7,0,49
Burke,Greenscut,County Comm Dist 2,,Dem,Terri Lodge Kelly ,8,3,2,0,3
Burke,Keysville,County Comm Dist 2,,Dem,Terri Lodge Kelly ,4,0,0,0,4
Burke,Telfair,County Comm Dist 2,,Dem,Terri Lodge Kelly ,127,73,8,0,46
Burke,North Waynesboro,County Comm Dist 2,,Dem,Terri Lodge Kelly ,1054,580,137,0,337
Burke,South Waynesboro,County Comm Dist 2,,Dem,Terri Lodge Kelly ,16,2,0,0,14
Burke,Alexander,County Comm Dist 4,,Rep,R. Tommy Nix ,120,30,2,0,88
Burke,Girard,County Comm Dist 4,,Rep,R. Tommy Nix ,226,65,18,0,143
Burke,Greenscut,County Comm Dist 4,,Rep,R. Tommy Nix ,15,1,0,0,14
Burke,Sardis,County Comm Dist 4,,Rep,R. Tommy Nix ,324,70,10,0,244
Burke,Telfair,County Comm Dist 4,,Rep,R. Tommy Nix ,278,84,9,0,185
Burke,Alexander,County Comm Dist 4,,Dem,Clinton B. Bates,94,44,15,0,35
Burke,Girard,County Comm Dist 4,,Dem,Clinton B. Bates,157,42,26,0,89
Burke,Greenscut,County Comm Dist 4,,Dem,Clinton B. Bates,40,18,4,0,18
Burke,Sardis,County Comm Dist 4,,Dem,Clinton B. Bates,171,42,14,0,115
Burke,Telfair,County Comm Dist 4,,Dem,Clinton B. Bates,121,49,26,0,46
Burke,Alexander,Soil and Water,,,Allie R. Crockett,174,60,10,1,103
Burke,Four Points,Soil and Water,,,Allie R. Crockett,1043,402,42,0,599
Burke,Girard,Soil and Water,,,Allie R. Crockett,309,86,33,0,190
Burke,Gough,Soil and Water,,,Allie R. Crockett,169,70,14,0,85
Burke,Greenscut,Soil and Water,,,Allie R. Crockett,452,186,24,0,242
Burke,Keysville,Soil and Water,,,Allie R. Crockett,142,26,6,0,110
Burke,Midville,Soil and Water,,,Allie R. Crockett,174,27,10,0,137
Burke,Munnerlyn,Soil and Water,,,Allie R. Crockett,109,44,4,0,61
Burke,Sardis,Soil and Water,,,Allie R. Crockett,414,82,19,0,313
Burke,Scotts Crossroads,Soil and Water,,,Allie R. Crockett,89,31,4,0,54
Burke,Telfair,Soil and Water,,,Allie R. Crockett,449,175,29,0,245
Burke,St Clair,Soil and Water,,,Allie R. Crockett,222,86,20,0,116
Burke,Vidette,Soil and Water,,,Allie R. Crockett,124,24,4,1,95
Burke,North Waynesboro,Soil and Water,,,Allie R. Crockett,998,569,102,0,327
Burke,South Waynesboro,Soil and Water,,,Allie R. Crockett,1504,858,83,2,561
Burke,Blakeney,Soil and Water,,,Allie R. Crockett,251,124,10,0,117
Burke,North Waynesboro,City of Waynesboro Mayor,,,Bill Tinley,517,267,70,0,180
Burke,South Waynesboro,City of Waynesboro Mayor,,,Bill Tinley,684,386,41,0,257
Burke,Blakeney,City of Waynesboro Mayor,,,Bill Tinley,95,40,11,0,44
Burke,South Waynesboro,City of Waynesboro W1 P1,,,C. Britt Herrington,328,207,18,0,103
Burke,South Waynesboro,City of Waynesboro W1 P1,,,Lacey Hillis Zorn,318,169,14,0,135
Burke,Alexander,Proposed Constitutional Amendment 1,,,Yes,182,61,12,1,108
Burke,Four Points,Proposed Constitutional Amendment 1,,,Yes,1068,431,45,1,591
Burke,Girard,Proposed Constitutional Amendment 1,,,Yes,321,95,39,0,187
Burke,Gough,Proposed Constitutional Amendment 1,,,Yes,178,76,12,0,90
Burke,Greenscut,Proposed Constitutional Amendment 1,,,Yes,475,185,25,0,265
Burke,Keysville,Proposed Constitutional Amendment 1,,,Yes,168,28,6,0,134
Burke,Midville,Proposed Constitutional Amendment 1,,,Yes,198,40,14,0,144
Burke,Munnerlyn,Proposed Constitutional Amendment 1,,,Yes,116,46,4,0,66
Burke,Sardis,Proposed Constitutional Amendment 1,,,Yes,412,85,18,0,309
Burke,Scotts Crossroads,Proposed Constitutional Amendment 1,,,Yes,102,33,3,0,66
Burke,Telfair,Proposed Constitutional Amendment 1,,,Yes,455,180,38,0,237
Burke,St Clair,Proposed Constitutional Amendment 1,,,Yes,237,98,17,0,122
Burke,Vidette,Proposed Constitutional Amendment 1,,,Yes,133,31,6,3,93
Burke,North Waynesboro,Proposed Constitutional Amendment 1,,,Yes,1027,581,130,0,316
Burke,South Waynesboro,Proposed Constitutional Amendment 1,,,Yes,1513,871,97,2,543
Burke,Blakeney,Proposed Constitutional Amendment 1,,,Yes,253,123,12,1,117
Burke,Alexander,Proposed Constitutional Amendment 1,,,No,29,11,5,0,13
Burke,Four Points,Proposed Constitutional Amendment 1,,,No,173,53,6,0,114
Burke,Girard,Proposed Constitutional Amendment 1,,,No,48,9,3,0,36
Burke,Gough,Proposed Constitutional Amendment 1,,,No,52,22,10,0,20
Burke,Greenscut,Proposed Constitutional Amendment 1,,,No,72,32,4,0,36
Burke,Keysville,Proposed Constitutional Amendment 1,,,No,25,5,3,0,17
Burke,Midville,Proposed Constitutional Amendment 1,,,No,42,2,4,0,36
Burke,Munnerlyn,Proposed Constitutional Amendment 1,,,No,18,7,1,0,10
Burke,Sardis,Proposed Constitutional Amendment 1,,,No,53,19,3,0,31
Burke,Scotts Crossroads,Proposed Constitutional Amendment 1,,,No,22,9,3,0,10
Burke,Telfair,Proposed Constitutional Amendment 1,,,No,63,24,3,0,36
Burke,St Clair,Proposed Constitutional Amendment 1,,,No,40,17,4,0,19
Burke,Vidette,Proposed Constitutional Amendment 1,,,No,35,7,2,0,26
Burke,North Waynesboro,Proposed Constitutional Amendment 1,,,No,205,106,20,0,79
Burke,South Waynesboro,Proposed Constitutional Amendment 1,,,No,246,141,20,1,84
Burke,Blakeney,Proposed Constitutional Amendment 1,,,No,48,25,3,0,20
Burke,Alexander,Proposed Constitutional Amendment 2,,,Yes,187,63,14,1,109
Burke,Four Points,Proposed Constitutional Amendment 2,,,Yes,1127,450,44,1,632
Burke,Girard,Proposed Constitutional Amendment 2,,,Yes,334,96,42,0,196
Burke,Gough,Proposed Constitutional Amendment 2,,,Yes,197,86,18,0,93
Burke,Greenscut,Proposed Constitutional Amendment 2,,,Yes,501,202,29,0,270
Burke,Keysville,Proposed Constitutional Amendment 2,,,Yes,176,29,8,0,139
Burke,Midville,Proposed Constitutional Amendment 2,,,Yes,199,34,14,0,151
Burke,Munnerlyn,Proposed Constitutional Amendment 2,,,Yes,124,50,4,0,70
Burke,Sardis,Proposed Constitutional Amendment 2,,,Yes,430,92,21,0,317
Burke,Scotts Crossroads,Proposed Constitutional Amendment 2,,,Yes,115,36,5,0,74
Burke,Telfair,Proposed Constitutional Amendment 2,,,Yes,481,188,39,0,254
Burke,St Clair,Proposed Constitutional Amendment 2,,,Yes,247,102,16,0,129
Burke,Vidette,Proposed Constitutional Amendment 2,,,Yes,160,29,8,3,120
Burke,North Waynesboro,Proposed Constitutional Amendment 2,,,Yes,1113,637,119,0,357
Burke,South Waynesboro,Proposed Constitutional Amendment 2,,,Yes,1559,894,100,3,562
Burke,Blakeney,Proposed Constitutional Amendment 2,,,Yes,254,124,11,0,119
Burke,Alexander,Proposed Constitutional Amendment 2,,,No,24,9,2,0,13
Burke,Four Points,Proposed Constitutional Amendment 2,,,No,122,39,7,0,76
Burke,Girard,Proposed Constitutional Amendment 2,,,No,36,8,1,0,27
Burke,Gough,Proposed Constitutional Amendment 2,,,No,31,11,3,0,17
Burke,Greenscut,Proposed Constitutional Amendment 2,,,No,49,17,2,0,30
Burke,Keysville,Proposed Constitutional Amendment 2,,,No,19,4,1,0,14
Burke,Midville,Proposed Constitutional Amendment 2,,,No,39,8,3,0,28
Burke,Munnerlyn,Proposed Constitutional Amendment 2,,,No,10,3,1,0,6
Burke,Sardis,Proposed Constitutional Amendment 2,,,No,36,14,1,0,21
Burke,Scotts Crossroads,Proposed Constitutional Amendment 2,,,No,11,7,1,0,3
Burke,Telfair,Proposed Constitutional Amendment 2,,,No,44,18,1,0,25
Burke,St Clair,Proposed Constitutional Amendment 2,,,No,28,12,2,0,14
Burke,Vidette,Proposed Constitutional Amendment 2,,,No,15,9,0,0,6
Burke,North Waynesboro,Proposed Constitutional Amendment 2,,,No,143,69,30,0,44
Burke,South Waynesboro,Proposed Constitutional Amendment 2,,,No,210,127,14,0,69
Burke,Blakeney,Proposed Constitutional Amendment 2,,,No,46,23,4,0,19
Burke,Alexander,Statewide Referendum Question A,,,Yes,130,47,7,0,76
Burke,Four Points,Statewide Referendum Question A,,,Yes,762,296,32,0,434
Burke,Girard,Statewide Referendum Question A,,,Yes,246,65,34,0,147
Burke,Gough,Statewide Referendum Question A,,,Yes,160,70,12,0,78
Burke,Greenscut,Statewide Referendum Question A,,,Yes,367,142,18,0,207
Burke,Keysville,Statewide Referendum Question A,,,Yes,136,22,2,0,112
Burke,Midville,Statewide Referendum Question A,,,Yes,155,22,13,0,120
Burke,Munnerlyn,Statewide Referendum Question A,,,Yes,88,37,3,0,48
Burke,Sardis,Statewide Referendum Question A,,,Yes,295,57,12,0,226
Burke,Scotts Crossroads,Statewide Referendum Question A,,,Yes,91,27,2,0,62
Burke,Telfair,Statewide Referendum Question A,,,Yes,349,123,29,0,197
Burke,St Clair,Statewide Referendum Question A,,,Yes,201,76,13,0,112
Burke,Vidette,Statewide Referendum Question A,,,Yes,120,27,6,3,84
Burke,North Waynesboro,Statewide Referendum Question A,,,Yes,815,457,90,0,268
Burke,South Waynesboro,Statewide Referendum Question A,,,Yes,1056,606,57,1,392
Burke,Blakeney,Statewide Referendum Question A,,,Yes,202,92,8,1,101
Burke,Alexander,Statewide Referendum Question A,,,No,76,23,9,1,43
Burke,Four Points,Statewide Referendum Question A,,,No,474,186,18,1,269
Burke,Girard,Statewide Referendum Question A,,,No,121,39,9,0,73
Burke,Gough,Statewide Referendum Question A,,,No,66,27,10,0,29
Burke,Greenscut,Statewide Referendum Question A,,,No,176,75,11,0,90
Burke,Keysville,Statewide Referendum Question A,,,No,55,10,7,0,38
Burke,Midville,Statewide Referendum Question A,,,No,84,19,5,0,60
Burke,Munnerlyn,Statewide Referendum Question A,,,No,46,17,2,0,27
Burke,Sardis,Statewide Referendum Question A,,,No,164,47,11,0,106
Burke,Scotts Crossroads,Statewide Referendum Question A,,,No,33,14,4,0,15
Burke,Telfair,Statewide Referendum Question A,,,No,165,80,9,0,76
Burke,St Clair,Statewide Referendum Question A,,,No,75,37,6,0,32
Burke,Vidette,Statewide Referendum Question A,,,No,51,10,2,0,39
Burke,North Waynesboro,Statewide Referendum Question A,,,No,408,229,58,0,121
Burke,South Waynesboro,Statewide Referendum Question A,,,No,677,391,51,2,233
Burke,Blakeney,Statewide Referendum Question A,,,No,90,51,6,0,33
Burke,Alexander,Statewide Referendum Question B,,,Yes,160,53,8,1,98
Burke,Four Points,Statewide Referendum Question B,,,Yes,982,369,33,1,579
Burke,Girard,Statewide Referendum Question B,,,Yes,265,80,32,0,153
Burke,Gough,Statewide Referendum Question B,,,Yes,179,77,13,0,89
Burke,Greenscut,Statewide Referendum Question B,,,Yes,446,176,23,0,247
Burke,Keysville,Statewide Referendum Question B,,,Yes,164,26,6,0,132
Burke,Midville,Statewide Referendum Question B,,,Yes,162,25,12,0,125
Burke,Munnerlyn,Statewide Referendum Question B,,,Yes,112,44,3,0,65
Burke,Sardis,Statewide Referendum Question B,,,Yes,352,73,15,0,264
Burke,Scotts Crossroads,Statewide Referendum Question B,,,Yes,100,33,3,0,64
Burke,Telfair,Statewide Referendum Question B,,,Yes,417,161,30,0,226
Burke,St Clair,Statewide Referendum Question B,,,Yes,231,93,17,0,121
Burke,Vidette,Statewide Referendum Question B,,,Yes,141,27,8,3,103
Burke,North Waynesboro,Statewide Referendum Question B,,,Yes,898,508,94,0,296
Burke,South Waynesboro,Statewide Referendum Question B,,,Yes,1268,717,76,1,474
Burke,Blakeney,Statewide Referendum Question B,,,Yes,227,102,11,1,113
Burke,Alexander,Statewide Referendum Question B,,,No,50,17,8,0,25
Burke,Four Points,Statewide Referendum Question B,,,No,253,111,16,0,126
Burke,Girard,Statewide Referendum Question B,,,No,101,24,11,0,66
Burke,Gough,Statewide Referendum Question B,,,No,49,21,9,0,19
Burke,Greenscut,Statewide Referendum Question B,,,No,94,39,6,0,49
Burke,Keysville,Statewide Referendum Question B,,,No,28,7,3,0,18
Burke,Midville,Statewide Referendum Question B,,,No,75,15,6,0,54
Burke,Munnerlyn,Statewide Referendum Question B,,,No,22,9,2,0,11
Burke,Sardis,Statewide Referendum Question B,,,No,103,27,7,0,69
Burke,Scotts Crossroads,Statewide Referendum Question B,,,No,25,10,3,0,12
Burke,Telfair,Statewide Referendum Question B,,,No,96,43,8,0,45
Burke,St Clair,Statewide Referendum Question B,,,No,44,20,2,0,22
Burke,Vidette,Statewide Referendum Question B,,,No,30,9,0,0,21
Burke,North Waynesboro,Statewide Referendum Question B,,,No,329,181,54,0,94
Burke,South Waynesboro,Statewide Referendum Question B,,,No,478,286,39,2,151
Burke,Blakeney,Statewide Referendum Question B,,,No,69,42,4,0,23
Burke,Alexander,SPLOST,,,Yes,131,47,10,1,73
Burke,Four Points,SPLOST,,,Yes,798,334,30,1,433
Burke,Girard,SPLOST,,,Yes,241,67,37,0,137
Burke,Gough,SPLOST,,,Yes,160,70,20,0,70
Burke,Greenscut,SPLOST,,,Yes,388,156,21,0,211
Burke,Keysville,SPLOST,,,Yes,137,17,5,0,115
Burke,Midville,SPLOST,,,Yes,167,29,16,0,122
Burke,Munnerlyn,SPLOST,,,Yes,90,35,2,0,53
Burke,Sardis,SPLOST,,,Yes,307,70,16,0,221
Burke,Scotts Crossroads,SPLOST,,,Yes,87,28,4,0,55
Burke,Telfair,SPLOST,,,Yes,355,141,33,0,181
Burke,St Clair,SPLOST,,,Yes,195,77,15,0,103
Burke,Vidette,SPLOST,,,Yes,126,24,6,2,94
Burke,North Waynesboro,SPLOST,,,Yes,853,476,109,0,268
Burke,South Waynesboro,SPLOST,,,Yes,1133,638,74,3,418
Burke,Blakeney,SPLOST,,,Yes,211,98,14,1,98
Burke,Alexander,SPLOST,,,No,79,25,7,0,47
Burke,Four Points,SPLOST,,,No,456,153,22,0,281
Burke,Girard,SPLOST,,,No,126,37,6,0,83
Burke,Gough,SPLOST,,,No,73,28,3,0,42
Burke,Greenscut,SPLOST,,,No,161,64,8,0,89
Burke,Keysville,SPLOST,,,No,59,17,4,0,38
Burke,Midville,SPLOST,,,No,82,14,3,0,65
Burke,Munnerlyn,SPLOST,,,No,48,19,3,0,26
Burke,Sardis,SPLOST,,,No,160,33,7,0,120
Burke,Scotts Crossroads,SPLOST,,,No,40,15,1,0,24
Burke,Telfair,SPLOST,,,No,170,65,10,0,95
Burke,St Clair,SPLOST,,,No,84,37,4,0,43
Burke,Vidette,SPLOST,,,No,46,16,1,1,28
Burke,North Waynesboro,SPLOST,,,No,393,227,40,0,126
Burke,South Waynesboro,SPLOST,,,No,651,393,38,0,220
Burke,Blakeney,SPLOST,,,No,93,51,1,0,41
