county,precinct,office,district,party,candidate,votes,advance_voting_votes,absentee_by_mail_votes,provisional_votes,election_day_votes
Monroe,Bentons,U.S. Senate,,Rep,Herschel Walker,1245,661,32,1,551
Monroe,Brantleys,U.S. Senate,,Rep,Herschel Walker,668,394,6,0,268
Monroe,Burgays,U.S. Senate,,Rep,Herschel Walker,1403,666,47,1,689
Monroe,Cabaniss,U.S. Senate,,Rep,Herschel Walker,340,123,5,0,212
Monroe,Cox,U.S. Senate,,Rep,Herschel Walker,410,200,6,0,204
Monroe,Culloden,U.S. Senate,,Rep,Herschel Walker,204,71,5,0,128
Monroe,Dillards,U.S. Senate,,Rep,Herschel Walker,524,271,8,1,244
Monroe,Evers,U.S. Senate,,Rep,Herschel Walker,1121,659,19,1,442
Monroe,Forsyth,U.S. Senate,,Rep,Herschel Walker,1138,759,44,0,335
Monroe,High Falls,U.S. Senate,,Rep,Herschel Walker,872,396,11,0,465
Monroe,Kelseys,U.S. Senate,,Rep,Herschel Walker,253,95,3,0,155
Monroe,Middlebrooks,U.S. Senate,,Rep,Herschel Walker,689,404,10,0,275
Monroe,Proctors,U.S. Senate,,Rep,Herschel Walker,537,224,4,0,309
Monroe,Russellville,U.S. Senate,,Rep,Herschel Walker,269,91,1,0,177
Monroe,Bentons,U.S. Senate,,Dem,Raphael Warnock ,376,235,38,0,103
Monroe,Brantleys,U.S. Senate,,Dem,Raphael Warnock ,121,62,7,0,52
Monroe,Burgays,U.S. Senate,,Dem,Raphael Warnock ,316,184,26,0,106
Monroe,Cabaniss,U.S. Senate,,Dem,Raphael Warnock ,132,68,11,1,52
Monroe,Cox,U.S. Senate,,Dem,Raphael Warnock ,104,54,17,0,33
Monroe,Culloden,U.S. Senate,,Dem,Raphael Warnock ,93,21,9,1,62
Monroe,Dillards,U.S. Senate,,Dem,Raphael Warnock ,110,65,6,0,39
Monroe,Evers,U.S. Senate,,Dem,Raphael Warnock ,312,185,26,0,101
Monroe,Forsyth,U.S. Senate,,Dem,Raphael Warnock ,1387,851,191,0,345
Monroe,High Falls,U.S. Senate,,Dem,Raphael Warnock ,197,121,15,0,61
Monroe,Kelseys,U.S. Senate,,Dem,Raphael Warnock ,217,117,23,0,77
Monroe,Middlebrooks,U.S. Senate,,Dem,Raphael Warnock ,134,88,3,0,43
Monroe,Proctors,U.S. Senate,,Dem,Raphael Warnock ,188,82,13,0,93
Monroe,Russellville,U.S. Senate,,Dem,Raphael Warnock ,50,21,2,0,27
Monroe,Bentons,U.S. Senate,,Lib,Chase Oliver,23,8,1,0,14
Monroe,Brantleys,U.S. Senate,,Lib,Chase Oliver,23,9,0,0,14
Monroe,Burgays,U.S. Senate,,Lib,Chase Oliver,33,9,1,0,23
Monroe,Cabaniss,U.S. Senate,,Lib,Chase Oliver,16,4,0,0,12
Monroe,Cox,U.S. Senate,,Lib,Chase Oliver,8,3,0,0,5
Monroe,Culloden,U.S. Senate,,Lib,Chase Oliver,4,1,0,0,3
Monroe,Dillards,U.S. Senate,,Lib,Chase Oliver,10,2,0,0,8
Monroe,Evers,U.S. Senate,,Lib,Chase Oliver,24,14,0,0,10
Monroe,Forsyth,U.S. Senate,,Lib,Chase Oliver,43,26,2,0,15
Monroe,High Falls,U.S. Senate,,Lib,Chase Oliver,29,12,1,0,16
Monroe,Kelseys,U.S. Senate,,Lib,Chase Oliver,8,3,0,0,5
Monroe,Middlebrooks,U.S. Senate,,Lib,Chase Oliver,15,10,0,0,5
Monroe,Proctors,U.S. Senate,,Lib,Chase Oliver,14,5,0,0,9
Monroe,Russellville,U.S. Senate,,Lib,Chase Oliver,5,3,1,0,1
Monroe,Bentons,Governor,,Rep,Brian Kemp ,1331,704,40,1,586
Monroe,Brantleys,Governor,,Rep,Brian Kemp ,716,415,6,0,295
Monroe,Burgays,Governor,,Rep,Brian Kemp ,1488,703,55,1,729
Monroe,Cabaniss,Governor,,Rep,Brian Kemp ,370,132,6,0,232
Monroe,Cox,Governor,,Rep,Brian Kemp ,431,210,7,0,214
Monroe,Culloden,Governor,,Rep,Brian Kemp ,214,72,5,1,136
Monroe,Dillards,Governor,,Rep,Brian Kemp ,543,277,8,1,257
Monroe,Evers,Governor,,Rep,Brian Kemp ,1193,703,21,1,468
Monroe,Forsyth,Governor,,Rep,Brian Kemp ,1246,831,50,0,365
Monroe,High Falls,Governor,,Rep,Brian Kemp ,933,426,14,0,493
Monroe,Kelseys,Governor,,Rep,Brian Kemp ,280,109,3,0,168
Monroe,Middlebrooks,Governor,,Rep,Brian Kemp ,718,423,10,0,285
Monroe,Proctors,Governor,,Rep,Brian Kemp ,572,238,7,0,327
Monroe,Russellville,Governor,,Rep,Brian Kemp ,279,99,2,0,178
Monroe,Bentons,Governor,,Dem,Stacey Abrams,305,193,33,0,79
Monroe,Brantleys,Governor,,Dem,Stacey Abrams,94,49,7,0,38
Monroe,Burgays,Governor,,Dem,Stacey Abrams,262,160,20,0,82
Monroe,Cabaniss,Governor,,Dem,Stacey Abrams,115,64,10,1,40
Monroe,Cox,Governor,,Dem,Stacey Abrams,94,49,16,0,29
Monroe,Culloden,Governor,,Dem,Stacey Abrams,88,21,9,0,58
Monroe,Dillards,Governor,,Dem,Stacey Abrams,96,58,6,0,32
Monroe,Evers,Governor,,Dem,Stacey Abrams,263,159,24,0,80
Monroe,Forsyth,Governor,,Dem,Stacey Abrams,1326,810,187,0,329
Monroe,High Falls,Governor,,Dem,Stacey Abrams,154,102,13,0,39
Monroe,Kelseys,Governor,,Dem,Stacey Abrams,199,108,23,0,68
Monroe,Middlebrooks,Governor,,Dem,Stacey Abrams,111,73,3,0,35
Monroe,Proctors,Governor,,Dem,Stacey Abrams,165,74,11,0,80
Monroe,Russellville,Governor,,Dem,Stacey Abrams,43,16,2,0,25
Monroe,Bentons,Governor,,Lib,Shane Hazel,14,7,1,0,6
Monroe,Brantleys,Governor,,Lib,Shane Hazel,5,1,0,0,4
Monroe,Burgays,Governor,,Lib,Shane Hazel,10,2,0,0,8
Monroe,Cabaniss,Governor,,Lib,Shane Hazel,5,0,0,0,5
Monroe,Cox,Governor,,Lib,Shane Hazel,4,1,0,0,3
Monroe,Culloden,Governor,,Lib,Shane Hazel,3,1,0,0,2
Monroe,Dillards,Governor,,Lib,Shane Hazel,3,0,0,0,3
Monroe,Evers,Governor,,Lib,Shane Hazel,6,1,0,0,5
Monroe,Forsyth,Governor,,Lib,Shane Hazel,10,8,0,0,2
Monroe,High Falls,Governor,,Lib,Shane Hazel,15,5,0,0,10
Monroe,Kelseys,Governor,,Lib,Shane Hazel,2,0,0,0,2
Monroe,Middlebrooks,Governor,,Lib,Shane Hazel,7,4,0,0,3
Monroe,Proctors,Governor,,Lib,Shane Hazel,4,1,0,0,3
Monroe,Russellville,Governor,,Lib,Shane Hazel,1,0,0,0,1
Monroe,Bentons,Lieutenant Governor,,Rep,Burt Jones,1300,685,37,1,577
Monroe,Brantleys,Lieutenant Governor,,Rep,Burt Jones,700,403,7,0,290
Monroe,Burgays,Lieutenant Governor,,Rep,Burt Jones,1445,685,53,1,706
Monroe,Cabaniss,Lieutenant Governor,,Rep,Burt Jones,352,127,6,0,219
Monroe,Cox,Lieutenant Governor,,Rep,Burt Jones,415,202,6,0,207
Monroe,Culloden,Lieutenant Governor,,Rep,Burt Jones,213,72,5,1,135
Monroe,Dillards,Lieutenant Governor,,Rep,Burt Jones,532,273,9,1,249
Monroe,Evers,Lieutenant Governor,,Rep,Burt Jones,1163,681,21,1,460
Monroe,Forsyth,Lieutenant Governor,,Rep,Burt Jones,1221,811,50,0,360
Monroe,High Falls,Lieutenant Governor,,Rep,Burt Jones,909,412,12,0,485
Monroe,Kelseys,Lieutenant Governor,,Rep,Burt Jones,266,100,3,0,163
Monroe,Middlebrooks,Lieutenant Governor,,Rep,Burt Jones,696,410,9,0,277
Monroe,Proctors,Lieutenant Governor,,Rep,Burt Jones,556,232,6,0,318
Monroe,Russellville,Lieutenant Governor,,Rep,Burt Jones,277,96,2,0,179
Monroe,Bentons,Lieutenant Governor,,Dem,Charlie Bailey,313,203,34,0,76
Monroe,Brantleys,Lieutenant Governor,,Dem,Charlie Bailey,99,54,6,0,39
Monroe,Burgays,Lieutenant Governor,,Dem,Charlie Bailey,281,170,22,0,89
Monroe,Cabaniss,Lieutenant Governor,,Dem,Charlie Bailey,125,65,10,1,49
Monroe,Cox,Lieutenant Governor,,Dem,Charlie Bailey,95,50,16,0,29
Monroe,Culloden,Lieutenant Governor,,Dem,Charlie Bailey,81,19,9,0,53
Monroe,Dillards,Lieutenant Governor,,Dem,Charlie Bailey,98,59,5,0,34
Monroe,Evers,Lieutenant Governor,,Dem,Charlie Bailey,268,162,24,0,82
Monroe,Forsyth,Lieutenant Governor,,Dem,Charlie Bailey,1285,787,184,0,314
Monroe,High Falls,Lieutenant Governor,,Dem,Charlie Bailey,161,105,15,0,41
Monroe,Kelseys,Lieutenant Governor,,Dem,Charlie Bailey,202,109,23,0,70
Monroe,Middlebrooks,Lieutenant Governor,,Dem,Charlie Bailey,120,79,4,0,37
Monroe,Proctors,Lieutenant Governor,,Dem,Charlie Bailey,159,69,12,0,78
Monroe,Russellville,Lieutenant Governor,,Dem,Charlie Bailey,45,18,2,0,25
Monroe,Bentons,Lieutenant Governor,,Lib,Ryan Graham,31,12,1,0,18
Monroe,Brantleys,Lieutenant Governor,,Lib,Ryan Graham,11,6,0,0,5
Monroe,Burgays,Lieutenant Governor,,Lib,Ryan Graham,19,4,0,0,15
Monroe,Cabaniss,Lieutenant Governor,,Lib,Ryan Graham,9,1,0,0,8
Monroe,Cox,Lieutenant Governor,,Lib,Ryan Graham,15,6,1,0,8
Monroe,Culloden,Lieutenant Governor,,Lib,Ryan Graham,4,1,0,0,3
Monroe,Dillards,Lieutenant Governor,,Lib,Ryan Graham,9,2,0,0,7
Monroe,Evers,Lieutenant Governor,,Lib,Ryan Graham,22,14,0,0,8
Monroe,Forsyth,Lieutenant Governor,,Lib,Ryan Graham,39,25,1,0,13
Monroe,High Falls,Lieutenant Governor,,Lib,Ryan Graham,21,9,0,0,12
Monroe,Kelseys,Lieutenant Governor,,Lib,Ryan Graham,4,3,0,0,1
Monroe,Middlebrooks,Lieutenant Governor,,Lib,Ryan Graham,18,9,0,0,9
Monroe,Proctors,Lieutenant Governor,,Lib,Ryan Graham,22,8,0,0,14
Monroe,Russellville,Lieutenant Governor,,Lib,Ryan Graham,2,1,0,0,1
Monroe,Bentons,Secretary of State,,Rep,Brad Raffensperger ,1298,688,37,0,573
Monroe,Brantleys,Secretary of State,,Rep,Brad Raffensperger ,704,407,6,0,291
Monroe,Burgays,Secretary of State,,Rep,Brad Raffensperger ,1438,694,56,1,687
Monroe,Cabaniss,Secretary of State,,Rep,Brad Raffensperger ,345,123,7,0,215
Monroe,Cox,Secretary of State,,Rep,Brad Raffensperger ,420,209,7,0,204
Monroe,Culloden,Secretary of State,,Rep,Brad Raffensperger ,205,68,6,0,131
Monroe,Dillards,Secretary of State,,Rep,Brad Raffensperger ,521,265,9,1,246
Monroe,Evers,Secretary of State,,Rep,Brad Raffensperger ,1144,679,22,1,442
Monroe,Forsyth,Secretary of State,,Rep,Brad Raffensperger ,1239,826,52,0,361
Monroe,High Falls,Secretary of State,,Rep,Brad Raffensperger ,882,406,13,0,463
Monroe,Kelseys,Secretary of State,,Rep,Brad Raffensperger ,279,111,3,0,165
Monroe,Middlebrooks,Secretary of State,,Rep,Brad Raffensperger ,686,399,10,0,277
Monroe,Proctors,Secretary of State,,Rep,Brad Raffensperger ,529,225,7,0,297
Monroe,Russellville,Secretary of State,,Rep,Brad Raffensperger ,272,93,2,0,177
Monroe,Bentons,Secretary of State,,Dem,Bee Nguyen,280,174,33,0,73
Monroe,Brantleys,Secretary of State,,Dem,Bee Nguyen,87,44,7,0,36
Monroe,Burgays,Secretary of State,,Dem,Bee Nguyen,248,151,17,0,80
Monroe,Cabaniss,Secretary of State,,Dem,Bee Nguyen,112,60,9,1,42
Monroe,Cox,Secretary of State,,Dem,Bee Nguyen,86,44,16,0,26
Monroe,Culloden,Secretary of State,,Dem,Bee Nguyen,84,20,8,1,55
Monroe,Dillards,Secretary of State,,Dem,Bee Nguyen,94,58,5,0,31
Monroe,Evers,Secretary of State,,Dem,Bee Nguyen,249,145,23,0,81
Monroe,Forsyth,Secretary of State,,Dem,Bee Nguyen,1251,759,182,0,310
Monroe,High Falls,Secretary of State,,Dem,Bee Nguyen,158,102,14,0,42
Monroe,Kelseys,Secretary of State,,Dem,Bee Nguyen,191,102,23,0,66
Monroe,Middlebrooks,Secretary of State,,Dem,Bee Nguyen,112,73,3,0,36
Monroe,Proctors,Secretary of State,,Dem,Bee Nguyen,157,71,11,0,75
Monroe,Russellville,Secretary of State,,Dem,Bee Nguyen,41,18,2,0,21
Monroe,Bentons,Secretary of State,,Lib,Ted Metz,58,32,2,1,23
Monroe,Brantleys,Secretary of State,,Lib,Ted Metz,21,13,0,0,8
Monroe,Burgays,Secretary of State,,Lib,Ted Metz,49,13,1,0,35
Monroe,Cabaniss,Secretary of State,,Lib,Ted Metz,21,6,0,0,15
Monroe,Cox,Secretary of State,,Lib,Ted Metz,21,6,0,0,15
Monroe,Culloden,Secretary of State,,Lib,Ted Metz,10,4,0,0,6
Monroe,Dillards,Secretary of State,,Lib,Ted Metz,23,11,0,0,12
Monroe,Evers,Secretary of State,,Lib,Ted Metz,52,28,0,0,24
Monroe,Forsyth,Secretary of State,,Lib,Ted Metz,58,40,1,0,17
Monroe,High Falls,Secretary of State,,Lib,Ted Metz,47,17,0,0,30
Monroe,Kelseys,Secretary of State,,Lib,Ted Metz,6,1,0,0,5
Monroe,Middlebrooks,Secretary of State,,Lib,Ted Metz,33,24,0,0,9
Monroe,Proctors,Secretary of State,,Lib,Ted Metz,45,12,0,0,33
Monroe,Russellville,Secretary of State,,Lib,Ted Metz,8,4,0,0,4
Monroe,Bentons,Attorney General,,Rep,Chris Carr ,1293,682,38,1,572
Monroe,Brantleys,Attorney General,,Rep,Chris Carr ,701,407,6,0,288
Monroe,Burgays,Attorney General,,Rep,Chris Carr ,1453,694,52,1,706
Monroe,Cabaniss,Attorney General,,Rep,Chris Carr ,350,127,5,0,218
Monroe,Cox,Attorney General,,Rep,Chris Carr ,420,204,6,0,210
Monroe,Culloden,Attorney General,,Rep,Chris Carr ,208,72,5,0,131
Monroe,Dillards,Attorney General,,Rep,Chris Carr ,531,271,9,1,250
Monroe,Evers,Attorney General,,Rep,Chris Carr ,1146,677,19,1,449
Monroe,Forsyth,Attorney General,,Rep,Chris Carr ,1204,799,49,0,356
Monroe,High Falls,Attorney General,,Rep,Chris Carr ,894,404,12,0,478
Monroe,Kelseys,Attorney General,,Rep,Chris Carr ,271,105,3,0,163
Monroe,Middlebrooks,Attorney General,,Rep,Chris Carr ,695,406,10,0,279
Monroe,Proctors,Attorney General,,Rep,Chris Carr ,558,230,6,0,322
Monroe,Russellville,Attorney General,,Rep,Chris Carr ,274,95,2,0,177
Monroe,Bentons,Attorney General,,Dem,"Jennifer """"Jen"""" Jordan",324,207,33,0,84
Monroe,Brantleys,Attorney General,,Dem,"Jennifer """"Jen"""" Jordan",106,56,7,0,43
Monroe,Burgays,Attorney General,,Dem,"Jennifer """"Jen"""" Jordan",278,162,21,0,95
Monroe,Cabaniss,Attorney General,,Dem,"Jennifer """"Jen"""" Jordan",125,65,10,1,49
Monroe,Cox,Attorney General,,Dem,"Jennifer """"Jen"""" Jordan",98,52,16,0,30
Monroe,Culloden,Attorney General,,Dem,"Jennifer """"Jen"""" Jordan",86,19,9,1,57
Monroe,Dillards,Attorney General,,Dem,"Jennifer """"Jen"""" Jordan",99,60,5,0,34
Monroe,Evers,Attorney General,,Dem,"Jennifer """"Jen"""" Jordan",282,170,25,0,87
Monroe,Forsyth,Attorney General,,Dem,"Jennifer """"Jen"""" Jordan",1312,802,186,0,324
Monroe,High Falls,Attorney General,,Dem,"Jennifer """"Jen"""" Jordan",179,114,15,0,50
Monroe,Kelseys,Attorney General,,Dem,"Jennifer """"Jen"""" Jordan",202,108,23,0,71
Monroe,Middlebrooks,Attorney General,,Dem,"Jennifer """"Jen"""" Jordan",126,83,3,0,40
Monroe,Proctors,Attorney General,,Dem,"Jennifer """"Jen"""" Jordan",166,77,12,0,77
Monroe,Russellville,Attorney General,,Dem,"Jennifer """"Jen"""" Jordan",46,19,2,0,25
Monroe,Bentons,Attorney General,,Lib,Martin Cowen,22,9,0,0,13
Monroe,Brantleys,Attorney General,,Lib,Martin Cowen,5,1,0,0,4
Monroe,Burgays,Attorney General,,Lib,Martin Cowen,18,5,1,0,12
Monroe,Cabaniss,Attorney General,,Lib,Martin Cowen,9,1,0,0,8
Monroe,Cox,Attorney General,,Lib,Martin Cowen,5,2,0,0,3
Monroe,Culloden,Attorney General,,Lib,Martin Cowen,3,1,0,0,2
Monroe,Dillards,Attorney General,,Lib,Martin Cowen,10,3,0,0,7
Monroe,Evers,Attorney General,,Lib,Martin Cowen,24,7,0,0,17
Monroe,Forsyth,Attorney General,,Lib,Martin Cowen,31,20,1,0,10
Monroe,High Falls,Attorney General,,Lib,Martin Cowen,17,8,0,0,9
Monroe,Kelseys,Attorney General,,Lib,Martin Cowen,1,0,0,0,1
Monroe,Middlebrooks,Attorney General,,Lib,Martin Cowen,14,9,0,0,5
Monroe,Proctors,Attorney General,,Lib,Martin Cowen,14,4,0,0,10
Monroe,Russellville,Attorney General,,Lib,Martin Cowen,1,0,0,0,1
Monroe,Bentons,Commissioner of Agriculture,,Rep,Tyler Harper,1313,693,37,1,582
Monroe,Brantleys,Commissioner of Agriculture,,Rep,Tyler Harper,712,410,6,0,296
Monroe,Burgays,Commissioner of Agriculture,,Rep,Tyler Harper,1456,689,52,1,714
Monroe,Cabaniss,Commissioner of Agriculture,,Rep,Tyler Harper,357,133,4,0,220
Monroe,Cox,Commissioner of Agriculture,,Rep,Tyler Harper,418,205,6,0,207
Monroe,Culloden,Commissioner of Agriculture,,Rep,Tyler Harper,211,71,5,0,135
Monroe,Dillards,Commissioner of Agriculture,,Rep,Tyler Harper,539,275,9,1,254
Monroe,Evers,Commissioner of Agriculture,,Rep,Tyler Harper,1172,692,19,1,460
Monroe,Forsyth,Commissioner of Agriculture,,Rep,Tyler Harper,1211,806,49,0,356
Monroe,High Falls,Commissioner of Agriculture,,Rep,Tyler Harper,906,412,12,0,482
Monroe,Kelseys,Commissioner of Agriculture,,Rep,Tyler Harper,272,107,3,0,162
Monroe,Middlebrooks,Commissioner of Agriculture,,Rep,Tyler Harper,717,424,10,0,283
Monroe,Proctors,Commissioner of Agriculture,,Rep,Tyler Harper,559,235,7,0,317
Monroe,Russellville,Commissioner of Agriculture,,Rep,Tyler Harper,274,94,2,0,178
Monroe,Bentons,Commissioner of Agriculture,,Dem,Nakita Hemingway,297,190,32,0,75
Monroe,Brantleys,Commissioner of Agriculture,,Dem,Nakita Hemingway,89,51,7,0,31
Monroe,Burgays,Commissioner of Agriculture,,Dem,Nakita Hemingway,255,159,20,0,76
Monroe,Cabaniss,Commissioner of Agriculture,,Dem,Nakita Hemingway,111,59,11,1,40
Monroe,Cox,Commissioner of Agriculture,,Dem,Nakita Hemingway,94,49,17,0,28
Monroe,Culloden,Commissioner of Agriculture,,Dem,Nakita Hemingway,78,19,9,1,49
Monroe,Dillards,Commissioner of Agriculture,,Dem,Nakita Hemingway,92,58,5,0,29
Monroe,Evers,Commissioner of Agriculture,,Dem,Nakita Hemingway,254,150,25,0,79
Monroe,Forsyth,Commissioner of Agriculture,,Dem,Nakita Hemingway,1285,783,185,0,317
Monroe,High Falls,Commissioner of Agriculture,,Dem,Nakita Hemingway,163,105,15,0,43
Monroe,Kelseys,Commissioner of Agriculture,,Dem,Nakita Hemingway,196,106,23,0,67
Monroe,Middlebrooks,Commissioner of Agriculture,,Dem,Nakita Hemingway,102,66,3,0,33
Monroe,Proctors,Commissioner of Agriculture,,Dem,Nakita Hemingway,158,72,10,0,76
Monroe,Russellville,Commissioner of Agriculture,,Dem,Nakita Hemingway,45,19,2,0,24
Monroe,Bentons,Commissioner of Agriculture,,Lib,David Raudabaugh,26,13,1,0,12
Monroe,Brantleys,Commissioner of Agriculture,,Lib,David Raudabaugh,9,3,0,0,6
Monroe,Burgays,Commissioner of Agriculture,,Lib,David Raudabaugh,33,12,1,0,20
Monroe,Cabaniss,Commissioner of Agriculture,,Lib,David Raudabaugh,16,2,0,0,14
Monroe,Cox,Commissioner of Agriculture,,Lib,David Raudabaugh,11,5,0,0,6
Monroe,Culloden,Commissioner of Agriculture,,Lib,David Raudabaugh,7,2,0,0,5
Monroe,Dillards,Commissioner of Agriculture,,Lib,David Raudabaugh,7,1,0,0,6
Monroe,Evers,Commissioner of Agriculture,,Lib,David Raudabaugh,25,11,0,0,14
Monroe,Forsyth,Commissioner of Agriculture,,Lib,David Raudabaugh,45,30,2,0,13
Monroe,High Falls,Commissioner of Agriculture,,Lib,David Raudabaugh,22,9,0,0,13
Monroe,Kelseys,Commissioner of Agriculture,,Lib,David Raudabaugh,7,2,0,0,5
Monroe,Middlebrooks,Commissioner of Agriculture,,Lib,David Raudabaugh,15,8,0,0,7
Monroe,Proctors,Commissioner of Agriculture,,Lib,David Raudabaugh,15,2,0,0,13
Monroe,Russellville,Commissioner of Agriculture,,Lib,David Raudabaugh,2,1,0,0,1
Monroe,Bentons,Commissioner of Insurance,,Rep,John King ,1329,700,40,1,588
Monroe,Brantleys,Commissioner of Insurance,,Rep,John King ,713,410,6,0,297
Monroe,Burgays,Commissioner of Insurance,,Rep,John King ,1474,695,54,1,724
Monroe,Cabaniss,Commissioner of Insurance,,Rep,John King ,363,130,5,0,228
Monroe,Cox,Commissioner of Insurance,,Rep,John King ,425,206,7,0,212
Monroe,Culloden,Commissioner of Insurance,,Rep,John King ,211,72,5,0,134
Monroe,Dillards,Commissioner of Insurance,,Rep,John King ,538,275,9,1,253
Monroe,Evers,Commissioner of Insurance,,Rep,John King ,1189,700,19,1,469
Monroe,Forsyth,Commissioner of Insurance,,Rep,John King ,1235,818,55,0,362
Monroe,High Falls,Commissioner of Insurance,,Rep,John King ,918,414,12,0,492
Monroe,Kelseys,Commissioner of Insurance,,Rep,John King ,273,106,3,0,164
Monroe,Middlebrooks,Commissioner of Insurance,,Rep,John King ,719,425,10,0,284
Monroe,Proctors,Commissioner of Insurance,,Rep,John King ,574,237,6,0,331
Monroe,Russellville,Commissioner of Insurance,,Rep,John King ,278,96,2,0,180
Monroe,Bentons,Commissioner of Insurance,,Dem,Janice Laws Robinson,307,196,31,0,80
Monroe,Brantleys,Commissioner of Insurance,,Dem,Janice Laws Robinson,95,54,7,0,34
Monroe,Burgays,Commissioner of Insurance,,Dem,Janice Laws Robinson,263,162,21,0,80
Monroe,Cabaniss,Commissioner of Insurance,,Dem,Janice Laws Robinson,119,62,10,1,46
Monroe,Cox,Commissioner of Insurance,,Dem,Janice Laws Robinson,97,52,15,0,30
Monroe,Culloden,Commissioner of Insurance,,Dem,Janice Laws Robinson,86,19,9,1,57
Monroe,Dillards,Commissioner of Insurance,,Dem,Janice Laws Robinson,97,56,5,0,36
Monroe,Evers,Commissioner of Insurance,,Dem,Janice Laws Robinson,261,153,25,0,83
Monroe,Forsyth,Commissioner of Insurance,,Dem,Janice Laws Robinson,1310,805,179,0,326
Monroe,High Falls,Commissioner of Insurance,,Dem,Janice Laws Robinson,171,111,15,0,45
Monroe,Kelseys,Commissioner of Insurance,,Dem,Janice Laws Robinson,199,107,23,0,69
Monroe,Middlebrooks,Commissioner of Insurance,,Dem,Janice Laws Robinson,118,75,3,0,40
Monroe,Proctors,Commissioner of Insurance,,Dem,Janice Laws Robinson,161,72,12,0,77
Monroe,Russellville,Commissioner of Insurance,,Dem,Janice Laws Robinson,43,17,2,0,24
Monroe,Bentons,State School Superintendent,,Rep,Richard Woods ,1337,710,40,1,586
Monroe,Brantleys,State School Superintendent,,Rep,Richard Woods ,711,408,6,0,297
Monroe,Burgays,State School Superintendent,,Rep,Richard Woods ,1473,699,54,1,719
Monroe,Cabaniss,State School Superintendent,,Rep,Richard Woods ,368,131,6,0,231
Monroe,Cox,State School Superintendent,,Rep,Richard Woods ,432,211,6,0,215
Monroe,Culloden,State School Superintendent,,Rep,Richard Woods ,211,73,7,0,131
Monroe,Dillards,State School Superintendent,,Rep,Richard Woods ,543,277,9,1,256
Monroe,Evers,State School Superintendent,,Rep,Richard Woods ,1186,701,18,1,466
Monroe,Forsyth,State School Superintendent,,Rep,Richard Woods ,1236,818,52,0,366
Monroe,High Falls,State School Superintendent,,Rep,Richard Woods ,916,413,12,0,491
Monroe,Kelseys,State School Superintendent,,Rep,Richard Woods ,272,104,2,0,166
Monroe,Middlebrooks,State School Superintendent,,Rep,Richard Woods ,726,432,10,0,284
Monroe,Proctors,State School Superintendent,,Rep,Richard Woods ,569,234,6,0,329
Monroe,Russellville,State School Superintendent,,Rep,Richard Woods ,275,95,2,0,178
Monroe,Bentons,State School Superintendent,,Dem,Alisha Thomas Searcy,303,187,33,0,83
Monroe,Brantleys,State School Superintendent,,Dem,Alisha Thomas Searcy,97,55,7,0,35
Monroe,Burgays,State School Superintendent,,Dem,Alisha Thomas Searcy,267,159,20,0,88
Monroe,Cabaniss,State School Superintendent,,Dem,Alisha Thomas Searcy,118,64,10,1,43
Monroe,Cox,State School Superintendent,,Dem,Alisha Thomas Searcy,93,48,17,0,28
Monroe,Culloden,State School Superintendent,,Dem,Alisha Thomas Searcy,83,18,7,1,57
Monroe,Dillards,State School Superintendent,,Dem,Alisha Thomas Searcy,94,56,5,0,33
Monroe,Evers,State School Superintendent,,Dem,Alisha Thomas Searcy,266,155,26,0,85
Monroe,Forsyth,State School Superintendent,,Dem,Alisha Thomas Searcy,1309,802,182,0,325
Monroe,High Falls,State School Superintendent,,Dem,Alisha Thomas Searcy,173,114,15,0,44
Monroe,Kelseys,State School Superintendent,,Dem,Alisha Thomas Searcy,201,108,24,0,69
Monroe,Middlebrooks,State School Superintendent,,Dem,Alisha Thomas Searcy,107,67,3,0,37
Monroe,Proctors,State School Superintendent,,Dem,Alisha Thomas Searcy,168,75,12,0,81
Monroe,Russellville,State School Superintendent,,Dem,Alisha Thomas Searcy,47,20,2,0,25
Monroe,Bentons,Commissioner of Labor,,Rep,Bruce Thompson,1309,692,38,1,578
Monroe,Brantleys,Commissioner of Labor,,Rep,Bruce Thompson,698,406,6,0,286
Monroe,Burgays,Commissioner of Labor,,Rep,Bruce Thompson,1444,686,53,1,704
Monroe,Cabaniss,Commissioner of Labor,,Rep,Bruce Thompson,354,130,4,0,220
Monroe,Cox,Commissioner of Labor,,Rep,Bruce Thompson,413,201,6,0,206
Monroe,Culloden,Commissioner of Labor,,Rep,Bruce Thompson,208,72,6,0,130
Monroe,Dillards,Commissioner of Labor,,Rep,Bruce Thompson,523,271,9,1,242
Monroe,Evers,Commissioner of Labor,,Rep,Bruce Thompson,1156,683,19,1,453
Monroe,Forsyth,Commissioner of Labor,,Rep,Bruce Thompson,1189,790,49,0,350
Monroe,High Falls,Commissioner of Labor,,Rep,Bruce Thompson,901,410,12,0,479
Monroe,Kelseys,Commissioner of Labor,,Rep,Bruce Thompson,272,107,3,0,162
Monroe,Middlebrooks,Commissioner of Labor,,Rep,Bruce Thompson,701,412,10,0,279
Monroe,Proctors,Commissioner of Labor,,Rep,Bruce Thompson,554,232,6,0,316
Monroe,Russellville,Commissioner of Labor,,Rep,Bruce Thompson,276,95,2,0,179
Monroe,Bentons,Commissioner of Labor,,Dem,"William """"Will"""" Boddie, Jr",304,196,32,0,76
Monroe,Brantleys,Commissioner of Labor,,Dem,"William """"Will"""" Boddie, Jr",96,52,7,0,37
Monroe,Burgays,Commissioner of Labor,,Dem,"William """"Will"""" Boddie, Jr",274,166,21,0,87
Monroe,Cabaniss,Commissioner of Labor,,Dem,"William """"Will"""" Boddie, Jr",119,63,10,1,45
Monroe,Cox,Commissioner of Labor,,Dem,"William """"Will"""" Boddie, Jr",96,51,16,0,29
Monroe,Culloden,Commissioner of Labor,,Dem,"William """"Will"""" Boddie, Jr",80,18,7,1,54
Monroe,Dillards,Commissioner of Labor,,Dem,"William """"Will"""" Boddie, Jr",97,58,5,0,34
Monroe,Evers,Commissioner of Labor,,Dem,"William """"Will"""" Boddie, Jr",262,154,25,0,83
Monroe,Forsyth,Commissioner of Labor,,Dem,"William """"Will"""" Boddie, Jr",1295,790,185,0,320
Monroe,High Falls,Commissioner of Labor,,Dem,"William """"Will"""" Boddie, Jr",174,108,15,0,51
Monroe,Kelseys,Commissioner of Labor,,Dem,"William """"Will"""" Boddie, Jr",197,103,23,0,71
Monroe,Middlebrooks,Commissioner of Labor,,Dem,"William """"Will"""" Boddie, Jr",114,77,3,0,34
Monroe,Proctors,Commissioner of Labor,,Dem,"William """"Will"""" Boddie, Jr",164,75,12,0,77
Monroe,Russellville,Commissioner of Labor,,Dem,"William """"Will"""" Boddie, Jr",42,17,2,0,23
Monroe,Bentons,Commissioner of Labor,,Lib,Emily Anderson,24,9,0,0,15
Monroe,Brantleys,Commissioner of Labor,,Lib,Emily Anderson,11,3,0,0,8
Monroe,Burgays,Commissioner of Labor,,Lib,Emily Anderson,27,6,0,0,21
Monroe,Cabaniss,Commissioner of Labor,,Lib,Emily Anderson,11,1,1,0,9
Monroe,Cox,Commissioner of Labor,,Lib,Emily Anderson,14,6,1,0,7
Monroe,Culloden,Commissioner of Labor,,Lib,Emily Anderson,9,2,1,0,6
Monroe,Dillards,Commissioner of Labor,,Lib,Emily Anderson,14,3,0,0,11
Monroe,Evers,Commissioner of Labor,,Lib,Emily Anderson,31,15,0,0,16
Monroe,Forsyth,Commissioner of Labor,,Lib,Emily Anderson,50,32,1,0,17
Monroe,High Falls,Commissioner of Labor,,Lib,Emily Anderson,18,9,0,0,9
Monroe,Kelseys,Commissioner of Labor,,Lib,Emily Anderson,5,3,0,0,2
Monroe,Middlebrooks,Commissioner of Labor,,Lib,Emily Anderson,16,6,0,0,10
Monroe,Proctors,Commissioner of Labor,,Lib,Emily Anderson,18,4,0,0,14
Monroe,Russellville,Commissioner of Labor,,Lib,Emily Anderson,3,1,0,0,2
Monroe,Bentons,U.S. House,,Rep,Austin Scott ,1324,699,37,1,587
Monroe,Brantleys,U.S. House,,Rep,Austin Scott ,715,412,6,0,297
Monroe,Burgays,U.S. House,,Rep,Austin Scott ,1474,691,54,1,728
Monroe,Cabaniss,U.S. House,,Rep,Austin Scott ,368,130,6,0,232
Monroe,Cox,U.S. House,,Rep,Austin Scott ,429,207,6,0,216
Monroe,Culloden,U.S. House,,Rep,Austin Scott ,211,72,5,0,134
Monroe,Dillards,U.S. House,,Rep,Austin Scott ,540,275,9,1,255
Monroe,Evers,U.S. House,,Rep,Austin Scott ,1177,692,20,1,464
Monroe,Forsyth,U.S. House,,Rep,Austin Scott ,1241,823,57,0,361
Monroe,High Falls,U.S. House,,Rep,Austin Scott ,917,415,12,0,490
Monroe,Kelseys,U.S. House,,Rep,Austin Scott ,274,105,4,0,165
Monroe,Middlebrooks,U.S. House,,Rep,Austin Scott ,714,421,10,0,283
Monroe,Proctors,U.S. House,,Rep,Austin Scott ,575,239,6,0,330
Monroe,Russellville,U.S. House,,Rep,Austin Scott ,277,96,2,0,179
Monroe,Bentons,U.S. House,,Dem,Darrius Butler,316,200,35,0,81
Monroe,Brantleys,U.S. House,,Dem,Darrius Butler,99,54,7,0,38
Monroe,Burgays,U.S. House,,Dem,Darrius Butler,270,166,20,0,84
Monroe,Cabaniss,U.S. House,,Dem,Darrius Butler,116,62,10,1,43
Monroe,Cox,U.S. House,,Dem,Darrius Butler,96,52,16,0,28
Monroe,Culloden,U.S. House,,Dem,Darrius Butler,86,19,9,1,57
Monroe,Dillards,U.S. House,,Dem,Darrius Butler,98,59,5,0,34
Monroe,Evers,U.S. House,,Dem,Darrius Butler,274,163,25,0,86
Monroe,Forsyth,U.S. House,,Dem,Darrius Butler,1303,798,179,0,326
Monroe,High Falls,U.S. House,,Dem,Darrius Butler,174,112,15,0,47
Monroe,Kelseys,U.S. House,,Dem,Darrius Butler,197,106,22,0,69
Monroe,Middlebrooks,U.S. House,,Dem,Darrius Butler,120,78,3,0,39
Monroe,Proctors,U.S. House,,Dem,Darrius Butler,165,74,12,0,79
Monroe,Russellville,U.S. House,,Dem,Darrius Butler,45,19,2,0,24
Monroe,Bentons,State Senate,,Rep,John F. Kennedy ,1326,699,39,1,587
Monroe,Brantleys,State Senate,,Rep,John F. Kennedy ,707,409,6,0,292
Monroe,Burgays,State Senate,,Rep,John F. Kennedy ,1482,700,56,1,725
Monroe,Cabaniss,State Senate,,Rep,John F. Kennedy ,364,130,5,0,229
Monroe,Cox,State Senate,,Rep,John F. Kennedy ,429,207,6,0,216
Monroe,Culloden,State Senate,,Rep,John F. Kennedy ,215,73,5,1,136
Monroe,Dillards,State Senate,,Rep,John F. Kennedy ,538,275,9,1,253
Monroe,Evers,State Senate,,Rep,John F. Kennedy ,1183,692,20,1,470
Monroe,Forsyth,State Senate,,Rep,John F. Kennedy ,1248,822,55,0,371
Monroe,High Falls,State Senate,,Rep,John F. Kennedy ,922,417,12,0,493
Monroe,Kelseys,State Senate,,Rep,John F. Kennedy ,273,107,3,0,163
Monroe,Middlebrooks,State Senate,,Rep,John F. Kennedy ,720,423,10,0,287
Monroe,Proctors,State Senate,,Rep,John F. Kennedy ,577,238,7,0,332
Monroe,Russellville,State Senate,,Rep,John F. Kennedy ,278,97,1,0,180
Monroe,Bentons,State Senate,,Dem,Chris Benton,313,198,34,0,81
Monroe,Brantleys,State Senate,,Dem,Chris Benton,103,53,7,0,43
Monroe,Burgays,State Senate,,Dem,Chris Benton,264,161,18,0,85
Monroe,Cabaniss,State Senate,,Dem,Chris Benton,121,65,10,1,45
Monroe,Cox,State Senate,,Dem,Chris Benton,97,51,17,0,29
Monroe,Culloden,State Senate,,Dem,Chris Benton,83,18,9,0,56
Monroe,Dillards,State Senate,,Dem,Chris Benton,99,58,5,0,36
Monroe,Evers,State Senate,,Dem,Chris Benton,269,163,25,0,81
Monroe,Forsyth,State Senate,,Dem,Chris Benton,1307,804,182,0,321
Monroe,High Falls,State Senate,,Dem,Chris Benton,170,109,15,0,46
Monroe,Kelseys,State Senate,,Dem,Chris Benton,204,109,23,0,72
Monroe,Middlebrooks,State Senate,,Dem,Chris Benton,112,75,3,0,34
Monroe,Proctors,State Senate,,Dem,Chris Benton,160,73,11,0,76
Monroe,Russellville,State Senate,,Dem,Chris Benton,44,18,3,0,23
Monroe,Cabaniss,State House,,Rep,David Knight ,367,131,5,0,231
Monroe,Dillards,State House,,Rep,David Knight ,535,271,9,1,254
Monroe,Evers,State House,,Rep,David Knight ,1174,689,20,1,464
Monroe,High Falls,State House,,Rep,David Knight ,912,412,12,0,488
Monroe,Proctors,State House,,Rep,David Knight ,572,239,6,0,327
Monroe,Cabaniss,State House,,Dem,Anthony Dickson,117,63,10,1,43
Monroe,Dillards,State House,,Dem,Anthony Dickson,101,62,5,0,34
Monroe,Evers,State House,,Dem,Anthony Dickson,277,166,25,0,86
Monroe,High Falls,State House,,Dem,Anthony Dickson,176,113,15,0,48
Monroe,Proctors,State House,,Dem,Anthony Dickson,166,73,12,0,81
Monroe,Bentons,State House,,Rep,Dale Washburn ,1340,711,40,1,588
Monroe,Brantleys,State House,,Rep,Dale Washburn ,720,413,6,0,301
Monroe,Burgays,State House,,Rep,Dale Washburn ,1484,703,55,1,725
Monroe,Cox,State House,,Rep,Dale Washburn ,430,206,8,0,216
Monroe,Forsyth,State House,,Rep,Dale Washburn ,1232,817,51,0,364
Monroe,Kelseys,State House,,Rep,Dale Washburn ,279,109,3,0,167
Monroe,Middlebrooks,State House,,Rep,Dale Washburn ,716,419,10,0,287
Monroe,Bentons,State House,,Dem,Nettie B. Conner,303,189,33,0,81
Monroe,Brantleys,State House,,Dem,Nettie B. Conner,89,50,7,0,32
Monroe,Burgays,State House,,Dem,Nettie B. Conner,258,155,18,0,85
Monroe,Cox,State House,,Dem,Nettie B. Conner,94,53,13,0,28
Monroe,Forsyth,State House,,Dem,Nettie B. Conner,1309,801,184,0,324
Monroe,Kelseys,State House,,Dem,Nettie B. Conner,196,105,23,0,68
Monroe,Middlebrooks,State House,,Dem,Nettie B. Conner,116,77,3,0,36
Monroe,Culloden,State House,,Rep,Robert Dickey ,272,83,8,1,180
Monroe,Russellville,State House,,Rep,Robert Dickey ,310,107,2,0,201
Monroe,Bentons,County Commission,,Rep,"John H. Ambrose, Sr. ",1448,782,51,1,614
Monroe,Burgays,County Commission,,Rep,"John H. Ambrose, Sr. ",1370,645,51,1,673
Monroe,Middlebrooks,County Commission,,Rep,"John H. Ambrose, Sr. ",760,450,11,0,299
Monroe,Cabaniss,County Commission,,Rep,George Emami ,389,151,10,1,227
Monroe,Dillards,County Commission,,Rep,George Emami ,298,157,10,0,131
Monroe,Evers,County Commission,,Rep,George Emami ,459,260,11,1,187
Monroe,Forsyth,County Commission,,Rep,George Emami ,112,81,3,0,28
Monroe,High Falls,County Commission,,Rep,George Emami ,966,460,18,0,488
Monroe,Proctors,County Commission,,Rep,George Emami ,550,230,6,0,314
Monroe,Bentons,Soil and Water Conservation District Supervisor,,,Thomas Jordan Vaughn,1380,762,49,1,568
Monroe,Brantleys,Soil and Water Conservation District Supervisor,,,Thomas Jordan Vaughn,705,394,8,0,303
Monroe,Burgays,Soil and Water Conservation District Supervisor,,,Thomas Jordan Vaughn,1479,707,58,1,713
Monroe,Cabaniss,Soil and Water Conservation District Supervisor,,,Thomas Jordan Vaughn,403,160,10,1,232
Monroe,Cox,Soil and Water Conservation District Supervisor,,,Thomas Jordan Vaughn,433,205,16,0,212
Monroe,Culloden,Soil and Water Conservation District Supervisor,,,Thomas Jordan Vaughn,257,79,10,1,167
Monroe,Dillards,Soil and Water Conservation District Supervisor,,,Thomas Jordan Vaughn,558,284,14,1,259
Monroe,Evers,Soil and Water Conservation District Supervisor,,,Thomas Jordan Vaughn,1237,736,35,1,465
Monroe,Forsyth,Soil and Water Conservation District Supervisor,,,Thomas Jordan Vaughn,1957,1212,166,0,579
Monroe,High Falls,Soil and Water Conservation District Supervisor,,,Thomas Jordan Vaughn,960,451,22,0,487
Monroe,Kelseys,Soil and Water Conservation District Supervisor,,,Thomas Jordan Vaughn,366,152,15,0,199
Monroe,Middlebrooks,Soil and Water Conservation District Supervisor,,,Thomas Jordan Vaughn,728,434,10,0,284
Monroe,Proctors,Soil and Water Conservation District Supervisor,,,Thomas Jordan Vaughn,647,267,16,0,364
Monroe,Russellville,Soil and Water Conservation District Supervisor,,,Thomas Jordan Vaughn,278,101,2,0,175
Monroe,Culloden,Mayor,,,Lynn C. Miller ,78,19,4,0,55
Monroe,Culloden,Council Member,,,Louise Brice,49,9,4,0,36
Monroe,Culloden,Council Member,,,Tellas Sherod Daniels ,53,16,2,0,35
Monroe,Culloden,Council Member,,,Sarah Jean Ray ,26,8,0,0,18
Monroe,Culloden,Council Member,,,Donna Wilson,25,6,2,0,17
Monroe,Bentons,Proposed Constitutional Amendment 1,,,Yes,1450,799,64,1,586
Monroe,Brantleys,Proposed Constitutional Amendment 1,,,Yes,710,400,11,0,299
Monroe,Burgays,Proposed Constitutional Amendment 1,,,Yes,1554,758,72,1,723
Monroe,Cabaniss,Proposed Constitutional Amendment 1,,,Yes,397,151,15,1,230
Monroe,Cox,Proposed Constitutional Amendment 1,,,Yes,463,232,21,0,210
Monroe,Culloden,Proposed Constitutional Amendment 1,,,Yes,255,76,14,1,164
Monroe,Dillards,Proposed Constitutional Amendment 1,,,Yes,552,287,14,1,250
Monroe,Evers,Proposed Constitutional Amendment 1,,,Yes,1275,754,40,1,480
Monroe,Forsyth,Proposed Constitutional Amendment 1,,,Yes,2116,1347,203,0,566
Monroe,High Falls,Proposed Constitutional Amendment 1,,,Yes,963,449,25,0,489
Monroe,Kelseys,Proposed Constitutional Amendment 1,,,Yes,405,180,20,0,205
Monroe,Middlebrooks,Proposed Constitutional Amendment 1,,,Yes,727,442,11,0,274
Monroe,Proctors,Proposed Constitutional Amendment 1,,,Yes,629,271,17,0,341
Monroe,Russellville,Proposed Constitutional Amendment 1,,,Yes,281,100,4,0,177
Monroe,Bentons,Proposed Constitutional Amendment 1,,,No,160,80,7,0,73
Monroe,Brantleys,Proposed Constitutional Amendment 1,,,No,82,54,2,0,26
Monroe,Burgays,Proposed Constitutional Amendment 1,,,No,165,85,3,0,77
Monroe,Cabaniss,Proposed Constitutional Amendment 1,,,No,75,36,1,0,38
Monroe,Cox,Proposed Constitutional Amendment 1,,,No,53,22,2,0,29
Monroe,Culloden,Proposed Constitutional Amendment 1,,,No,34,11,0,0,23
Monroe,Dillards,Proposed Constitutional Amendment 1,,,No,76,42,0,0,34
Monroe,Evers,Proposed Constitutional Amendment 1,,,No,146,84,2,0,60
Monroe,Forsyth,Proposed Constitutional Amendment 1,,,No,333,212,20,0,101
Monroe,High Falls,Proposed Constitutional Amendment 1,,,No,103,58,2,0,43
Monroe,Kelseys,Proposed Constitutional Amendment 1,,,No,62,29,6,0,27
Monroe,Middlebrooks,Proposed Constitutional Amendment 1,,,No,85,45,2,0,38
Monroe,Proctors,Proposed Constitutional Amendment 1,,,No,87,34,1,0,52
Monroe,Russellville,Proposed Constitutional Amendment 1,,,No,32,11,0,0,21
Monroe,Bentons,Proposed Constitutional Amendment 2,,,Yes,1471,804,68,1,598
Monroe,Brantleys,Proposed Constitutional Amendment 2,,,Yes,697,392,11,0,294
Monroe,Burgays,Proposed Constitutional Amendment 2,,,Yes,1534,753,66,1,714
Monroe,Cabaniss,Proposed Constitutional Amendment 2,,,Yes,430,171,15,1,243
Monroe,Cox,Proposed Constitutional Amendment 2,,,Yes,461,228,22,0,211
Monroe,Culloden,Proposed Constitutional Amendment 2,,,Yes,268,83,14,1,170
Monroe,Dillards,Proposed Constitutional Amendment 2,,,Yes,545,285,13,1,246
Monroe,Evers,Proposed Constitutional Amendment 2,,,Yes,1280,758,40,1,481
Monroe,Forsyth,Proposed Constitutional Amendment 2,,,Yes,2210,1407,201,0,602
Monroe,High Falls,Proposed Constitutional Amendment 2,,,Yes,973,468,26,0,479
Monroe,Kelseys,Proposed Constitutional Amendment 2,,,Yes,416,187,21,0,208
Monroe,Middlebrooks,Proposed Constitutional Amendment 2,,,Yes,720,433,12,0,275
Monroe,Proctors,Proposed Constitutional Amendment 2,,,Yes,650,278,16,0,356
Monroe,Russellville,Proposed Constitutional Amendment 2,,,Yes,273,89,4,0,180
Monroe,Bentons,Proposed Constitutional Amendment 2,,,No,153,81,4,0,68
Monroe,Brantleys,Proposed Constitutional Amendment 2,,,No,97,63,2,0,32
Monroe,Burgays,Proposed Constitutional Amendment 2,,,No,188,97,7,0,84
Monroe,Cabaniss,Proposed Constitutional Amendment 2,,,No,50,19,1,0,30
Monroe,Cox,Proposed Constitutional Amendment 2,,,No,56,25,1,0,30
Monroe,Culloden,Proposed Constitutional Amendment 2,,,No,22,6,0,0,16
Monroe,Dillards,Proposed Constitutional Amendment 2,,,No,86,46,1,0,39
Monroe,Evers,Proposed Constitutional Amendment 2,,,No,149,85,3,0,61
Monroe,Forsyth,Proposed Constitutional Amendment 2,,,No,275,176,21,0,78
Monroe,High Falls,Proposed Constitutional Amendment 2,,,No,99,48,1,0,50
Monroe,Kelseys,Proposed Constitutional Amendment 2,,,No,52,22,5,0,25
Monroe,Middlebrooks,Proposed Constitutional Amendment 2,,,No,101,60,1,0,40
Monroe,Proctors,Proposed Constitutional Amendment 2,,,No,73,31,2,0,40
Monroe,Russellville,Proposed Constitutional Amendment 2,,,No,44,24,0,0,20
Monroe,Bentons,Statewide Referendum Question 1,,,Yes,949,490,29,0,430
Monroe,Brantleys,Statewide Referendum Question 1,,,Yes,477,260,5,0,212
Monroe,Burgays,Statewide Referendum Question 1,,,Yes,1026,479,36,0,511
Monroe,Cabaniss,Statewide Referendum Question 1,,,Yes,312,124,12,0,176
Monroe,Cox,Statewide Referendum Question 1,,,Yes,298,136,9,0,153
Monroe,Culloden,Statewide Referendum Question 1,,,Yes,216,65,13,1,137
Monroe,Dillards,Statewide Referendum Question 1,,,Yes,406,217,7,1,181
Monroe,Evers,Statewide Referendum Question 1,,,Yes,806,469,13,1,323
Monroe,Forsyth,Statewide Referendum Question 1,,,Yes,1513,961,98,0,454
Monroe,High Falls,Statewide Referendum Question 1,,,Yes,623,280,16,0,327
Monroe,Kelseys,Statewide Referendum Question 1,,,Yes,294,117,12,0,165
Monroe,Middlebrooks,Statewide Referendum Question 1,,,Yes,495,287,8,0,200
Monroe,Proctors,Statewide Referendum Question 1,,,Yes,461,201,12,0,248
Monroe,Russellville,Statewide Referendum Question 1,,,Yes,206,69,0,0,137
Monroe,Bentons,Statewide Referendum Question 1,,,No,639,376,38,1,224
Monroe,Brantleys,Statewide Referendum Question 1,,,No,308,187,7,0,114
Monroe,Burgays,Statewide Referendum Question 1,,,No,663,355,35,1,272
Monroe,Cabaniss,Statewide Referendum Question 1,,,No,163,63,4,1,95
Monroe,Cox,Statewide Referendum Question 1,,,No,211,112,13,0,86
Monroe,Culloden,Statewide Referendum Question 1,,,No,71,21,1,0,49
Monroe,Dillards,Statewide Referendum Question 1,,,No,220,112,7,0,101
Monroe,Evers,Statewide Referendum Question 1,,,No,599,362,26,0,211
Monroe,Forsyth,Statewide Referendum Question 1,,,No,919,584,121,0,214
Monroe,High Falls,Statewide Referendum Question 1,,,No,432,226,10,0,196
Monroe,Kelseys,Statewide Referendum Question 1,,,No,169,89,14,0,66
Monroe,Middlebrooks,Statewide Referendum Question 1,,,No,313,197,4,0,112
Monroe,Proctors,Statewide Referendum Question 1,,,No,259,109,6,0,144
Monroe,Russellville,Statewide Referendum Question 1,,,No,107,44,2,0,61
Monroe,Bentons,Statewide Referendum Question 2,,,Yes,1271,671,50,0,550
Monroe,Brantleys,Statewide Referendum Question 2,,,Yes,639,349,10,0,280
Monroe,Burgays,Statewide Referendum Question 2,,,Yes,1314,629,53,0,632
Monroe,Cabaniss,Statewide Referendum Question 2,,,Yes,373,145,13,1,214
Monroe,Cox,Statewide Referendum Question 2,,,Yes,415,202,17,0,196
Monroe,Culloden,Statewide Referendum Question 2,,,Yes,248,77,14,1,156
Monroe,Dillards,Statewide Referendum Question 2,,,Yes,526,275,10,1,240
Monroe,Evers,Statewide Referendum Question 2,,,Yes,1087,640,19,1,427
Monroe,Forsyth,Statewide Referendum Question 2,,,Yes,1847,1160,151,0,536
Monroe,High Falls,Statewide Referendum Question 2,,,Yes,837,383,19,0,435
Monroe,Kelseys,Statewide Referendum Question 2,,,Yes,369,151,18,0,200
Monroe,Middlebrooks,Statewide Referendum Question 2,,,Yes,642,387,8,0,247
Monroe,Proctors,Statewide Referendum Question 2,,,Yes,590,256,13,0,321
Monroe,Russellville,Statewide Referendum Question 2,,,Yes,261,89,1,0,171
Monroe,Bentons,Statewide Referendum Question 2,,,No,325,199,18,1,107
Monroe,Brantleys,Statewide Referendum Question 2,,,No,149,99,3,0,47
Monroe,Burgays,Statewide Referendum Question 2,,,No,370,202,19,1,148
Monroe,Cabaniss,Statewide Referendum Question 2,,,No,98,40,3,0,55
Monroe,Cox,Statewide Referendum Question 2,,,No,98,50,5,0,43
Monroe,Culloden,Statewide Referendum Question 2,,,No,42,9,0,0,33
Monroe,Dillards,Statewide Referendum Question 2,,,No,96,49,4,0,43
Monroe,Evers,Statewide Referendum Question 2,,,No,318,192,20,0,106
Monroe,Forsyth,Statewide Referendum Question 2,,,No,590,389,68,0,133
Monroe,High Falls,Statewide Referendum Question 2,,,No,227,128,8,0,91
Monroe,Kelseys,Statewide Referendum Question 2,,,No,95,56,8,0,31
Monroe,Middlebrooks,Statewide Referendum Question 2,,,No,161,96,4,0,61
Monroe,Proctors,Statewide Referendum Question 2,,,No,121,51,4,0,66
Monroe,Russellville,Statewide Referendum Question 2,,,No,55,25,1,0,29
Monroe,Bentons,ESPLOST,,,Yes,1062,587,47,1,427
Monroe,Brantleys,ESPLOST,,,Yes,553,329,7,0,217
Monroe,Burgays,ESPLOST,,,Yes,1068,546,42,0,480
Monroe,Cabaniss,ESPLOST,,,Yes,288,120,14,1,153
Monroe,Cox,ESPLOST,,,Yes,358,172,17,0,169
Monroe,Culloden,ESPLOST,,,Yes,199,61,13,1,124
Monroe,Dillards,ESPLOST,,,Yes,437,235,9,0,193
Monroe,Evers,ESPLOST,,,Yes,913,550,17,0,346
Monroe,Forsyth,ESPLOST,,,Yes,1915,1214,177,0,524
Monroe,High Falls,ESPLOST,,,Yes,629,315,15,0,299
Monroe,Kelseys,ESPLOST,,,Yes,327,136,20,0,171
Monroe,Middlebrooks,ESPLOST,,,Yes,515,309,10,0,196
Monroe,Proctors,ESPLOST,,,Yes,443,185,16,0,242
Monroe,Russellville,ESPLOST,,,Yes,201,67,2,0,132
Monroe,Bentons,ESPLOST,,,No,553,294,24,0,235
Monroe,Brantleys,ESPLOST,,,No,252,131,6,0,115
Monroe,Burgays,ESPLOST,,,No,638,290,30,1,317
Monroe,Cabaniss,ESPLOST,,,No,181,66,2,0,113
Monroe,Cox,ESPLOST,,,No,160,82,6,0,72
Monroe,Culloden,ESPLOST,,,No,91,26,1,0,64
Monroe,Dillards,ESPLOST,,,No,199,98,5,1,95
Monroe,Evers,ESPLOST,,,No,519,298,25,1,195
Monroe,Forsyth,ESPLOST,,,No,584,381,47,0,156
Monroe,High Falls,ESPLOST,,,No,438,197,12,0,229
Monroe,Kelseys,ESPLOST,,,No,142,74,6,0,62
Monroe,Middlebrooks,ESPLOST,,,No,297,181,2,0,114
Monroe,Proctors,ESPLOST,,,No,273,119,2,0,152
Monroe,Russellville,ESPLOST,,,No,116,48,1,0,67
