county,precinct,office,district,party,candidate,votes,advance_voting_votes,absentee_by_mail_votes,provisional_votes,election_day_votes
Carroll,Kansas,U.S. Senate,,Rep,Herschel Walker,659,159,15,0,485
Carroll,Bowdon,U.S. Senate,,Rep,Herschel Walker,1220,406,25,0,789
Carroll,Sandhill,U.S. Senate,,Rep,Herschel Walker,1583,815,37,0,731
Carroll,Center Point,U.S. Senate,,Rep,Herschel Walker,1064,436,36,0,592
Carroll,Mt Zion,U.S. Senate,,Rep,Herschel Walker,1142,381,15,1,745
Carroll,Burwell,U.S. Senate,,Rep,Herschel Walker,715,240,21,1,453
Carroll,Clem,U.S. Senate,,Rep,Herschel Walker,1717,952,28,1,736
Carroll,Bowdon Junction,U.S. Senate,,Rep,Herschel Walker,653,294,13,0,346
Carroll,Tyus,U.S. Senate,,Rep,Herschel Walker,1024,282,15,0,727
Carroll,Fairfield,U.S. Senate,,Rep,Herschel Walker,1732,647,27,0,1058
Carroll,Hulett,U.S. Senate,,Rep,Herschel Walker,1181,504,20,0,657
Carroll,Bethany,U.S. Senate,,Rep,Herschel Walker,1191,657,22,0,512
Carroll,V R County South,U.S. Senate,,Rep,Herschel Walker,1150,686,20,0,444
Carroll,V R County North,U.S. Senate,,Rep,Herschel Walker,1693,953,32,0,708
Carroll,Villa Rica City,U.S. Senate,,Rep,Herschel Walker,1348,792,49,0,507
Carroll,Temple County,U.S. Senate,,Rep,Herschel Walker,1562,714,42,0,806
Carroll,Temple City,U.S. Senate,,Rep,Herschel Walker,1108,390,21,1,696
Carroll,Whitesburg,U.S. Senate,,Rep,Herschel Walker,1022,334,21,1,666
Carroll,Roopville,U.S. Senate,,Rep,Herschel Walker,1645,689,21,0,935
Carroll,West Carrollton,U.S. Senate,,Rep,Herschel Walker,603,386,20,0,197
Carroll,Lakeshore Rec Center,U.S. Senate,,Rep,Herschel Walker,458,290,21,0,147
Carroll,Bonner,U.S. Senate,,Rep,Herschel Walker,1174,774,31,0,369
Carroll,University of W GA,U.S. Senate,,Rep,Herschel Walker,555,361,7,0,187
Carroll,County Admin Bldg,U.S. Senate,,Rep,Herschel Walker,756,501,18,1,236
Carroll,Tabernacle Church,U.S. Senate,,Rep,Herschel Walker,605,353,41,0,211
Carroll,Burson Center,U.S. Senate,,Rep,Herschel Walker,508,325,3,0,180
Carroll,Old Camp Church,U.S. Senate,,Rep,Herschel Walker,1022,518,16,0,488
Carroll,Oak Grove,U.S. Senate,,Rep,Herschel Walker,748,294,14,0,440
Carroll,Kansas,U.S. Senate,,Dem,Raphael Warnock ,62,23,8,0,31
Carroll,Bowdon,U.S. Senate,,Dem,Raphael Warnock ,358,151,21,1,185
Carroll,Sandhill,U.S. Senate,,Dem,Raphael Warnock ,617,374,46,1,196
Carroll,Center Point,U.S. Senate,,Dem,Raphael Warnock ,166,93,4,0,69
Carroll,Mt Zion,U.S. Senate,,Dem,Raphael Warnock ,239,112,21,0,106
Carroll,Burwell,U.S. Senate,,Dem,Raphael Warnock ,152,62,15,0,75
Carroll,Clem,U.S. Senate,,Dem,Raphael Warnock ,498,299,34,0,165
Carroll,Bowdon Junction,U.S. Senate,,Dem,Raphael Warnock ,169,99,5,0,65
Carroll,Tyus,U.S. Senate,,Dem,Raphael Warnock ,143,75,13,2,53
Carroll,Fairfield,U.S. Senate,,Dem,Raphael Warnock ,680,369,59,0,252
Carroll,Hulett,U.S. Senate,,Dem,Raphael Warnock ,259,121,22,0,116
Carroll,Bethany,U.S. Senate,,Dem,Raphael Warnock ,752,485,41,1,225
Carroll,V R County South,U.S. Senate,,Dem,Raphael Warnock ,310,190,29,0,91
Carroll,V R County North,U.S. Senate,,Dem,Raphael Warnock ,852,479,59,0,314
Carroll,Villa Rica City,U.S. Senate,,Dem,Raphael Warnock ,1636,969,117,0,550
Carroll,Temple County,U.S. Senate,,Dem,Raphael Warnock ,384,197,36,0,151
Carroll,Temple City,U.S. Senate,,Dem,Raphael Warnock ,696,329,54,0,313
Carroll,Whitesburg,U.S. Senate,,Dem,Raphael Warnock ,194,90,14,0,90
Carroll,Roopville,U.S. Senate,,Dem,Raphael Warnock ,264,133,26,0,105
Carroll,West Carrollton,U.S. Senate,,Dem,Raphael Warnock ,973,592,59,1,321
Carroll,Lakeshore Rec Center,U.S. Senate,,Dem,Raphael Warnock ,353,229,26,0,98
Carroll,Bonner,U.S. Senate,,Dem,Raphael Warnock ,766,462,49,0,255
Carroll,University of W GA,U.S. Senate,,Dem,Raphael Warnock ,317,162,10,0,145
Carroll,County Admin Bldg,U.S. Senate,,Dem,Raphael Warnock ,593,399,48,0,146
Carroll,Tabernacle Church,U.S. Senate,,Dem,Raphael Warnock ,336,189,32,0,115
Carroll,Burson Center,U.S. Senate,,Dem,Raphael Warnock ,280,172,28,0,80
Carroll,Old Camp Church,U.S. Senate,,Dem,Raphael Warnock ,333,183,22,0,128
Carroll,Oak Grove,U.S. Senate,,Dem,Raphael Warnock ,200,117,17,0,66
Carroll,Kansas,U.S. Senate,,Lib,Chase Oliver,14,3,0,0,11
Carroll,Bowdon,U.S. Senate,,Lib,Chase Oliver,47,11,2,0,34
Carroll,Sandhill,U.S. Senate,,Lib,Chase Oliver,54,23,2,0,29
Carroll,Center Point,U.S. Senate,,Lib,Chase Oliver,33,12,2,0,19
Carroll,Mt Zion,U.S. Senate,,Lib,Chase Oliver,39,9,2,0,28
Carroll,Burwell,U.S. Senate,,Lib,Chase Oliver,20,8,2,0,10
Carroll,Clem,U.S. Senate,,Lib,Chase Oliver,63,28,0,0,35
Carroll,Bowdon Junction,U.S. Senate,,Lib,Chase Oliver,10,2,0,0,8
Carroll,Tyus,U.S. Senate,,Lib,Chase Oliver,23,7,1,0,15
Carroll,Fairfield,U.S. Senate,,Lib,Chase Oliver,57,18,2,0,37
Carroll,Hulett,U.S. Senate,,Lib,Chase Oliver,40,7,1,0,32
Carroll,Bethany,U.S. Senate,,Lib,Chase Oliver,56,28,1,0,27
Carroll,V R County South,U.S. Senate,,Lib,Chase Oliver,40,17,0,0,23
Carroll,V R County North,U.S. Senate,,Lib,Chase Oliver,71,30,2,0,39
Carroll,Villa Rica City,U.S. Senate,,Lib,Chase Oliver,72,34,3,0,35
Carroll,Temple County,U.S. Senate,,Lib,Chase Oliver,41,13,0,0,28
Carroll,Temple City,U.S. Senate,,Lib,Chase Oliver,54,14,2,0,38
Carroll,Whitesburg,U.S. Senate,,Lib,Chase Oliver,37,10,3,0,24
Carroll,Roopville,U.S. Senate,,Lib,Chase Oliver,38,11,0,0,27
Carroll,West Carrollton,U.S. Senate,,Lib,Chase Oliver,33,13,1,0,19
Carroll,Lakeshore Rec Center,U.S. Senate,,Lib,Chase Oliver,19,14,2,0,3
Carroll,Bonner,U.S. Senate,,Lib,Chase Oliver,58,28,2,0,28
Carroll,University of W GA,U.S. Senate,,Lib,Chase Oliver,23,13,0,0,10
Carroll,County Admin Bldg,U.S. Senate,,Lib,Chase Oliver,46,27,2,0,17
Carroll,Tabernacle Church,U.S. Senate,,Lib,Chase Oliver,24,12,1,0,11
Carroll,Burson Center,U.S. Senate,,Lib,Chase Oliver,16,9,0,0,7
Carroll,Old Camp Church,U.S. Senate,,Lib,Chase Oliver,40,18,2,0,20
Carroll,Oak Grove,U.S. Senate,,Lib,Chase Oliver,19,6,1,0,12
Carroll,Kansas,Governor,,Rep,Brian Kemp ,687,167,19,0,501
Carroll,Bowdon,Governor,,Rep,Brian Kemp ,1322,440,32,0,850
Carroll,Sandhill,Governor,,Rep,Brian Kemp ,1699,865,43,0,791
Carroll,Center Point,Governor,,Rep,Brian Kemp ,1136,467,37,0,632
Carroll,Mt Zion,Governor,,Rep,Brian Kemp ,1222,400,20,1,801
Carroll,Burwell,Governor,,Rep,Brian Kemp ,750,256,25,1,468
Carroll,Clem,Governor,,Rep,Brian Kemp ,1833,1010,33,1,789
Carroll,Bowdon Junction,Governor,,Rep,Brian Kemp ,686,306,14,0,366
Carroll,Tyus,Governor,,Rep,Brian Kemp ,1072,300,19,0,753
Carroll,Fairfield,Governor,,Rep,Brian Kemp ,1863,687,32,0,1144
Carroll,Hulett,Governor,,Rep,Brian Kemp ,1251,522,24,0,705
Carroll,Bethany,Governor,,Rep,Brian Kemp ,1290,717,26,0,547
Carroll,V R County South,Governor,,Rep,Brian Kemp ,1216,726,20,0,470
Carroll,V R County North,Governor,,Rep,Brian Kemp ,1837,1023,36,0,778
Carroll,Villa Rica City,Governor,,Rep,Brian Kemp ,1483,864,57,0,562
Carroll,Temple County,Governor,,Rep,Brian Kemp ,1628,742,47,0,839
Carroll,Temple City,Governor,,Rep,Brian Kemp ,1193,415,28,1,749
Carroll,Whitesburg,Governor,,Rep,Brian Kemp ,1075,352,25,1,697
Carroll,Roopville,Governor,,Rep,Brian Kemp ,1721,721,25,0,975
Carroll,West Carrollton,Governor,,Rep,Brian Kemp ,669,421,25,0,223
Carroll,Lakeshore Rec Center,Governor,,Rep,Brian Kemp ,498,311,28,0,159
Carroll,Bonner,Governor,,Rep,Brian Kemp ,1307,852,39,0,416
Carroll,University of W GA,Governor,,Rep,Brian Kemp ,619,401,10,0,208
Carroll,County Admin Bldg,Governor,,Rep,Brian Kemp ,884,583,23,1,277
Carroll,Tabernacle Church,Governor,,Rep,Brian Kemp ,674,391,46,0,237
Carroll,Burson Center,Governor,,Rep,Brian Kemp ,558,357,4,0,197
Carroll,Old Camp Church,Governor,,Rep,Brian Kemp ,1129,565,22,0,542
Carroll,Oak Grove,Governor,,Rep,Brian Kemp ,793,312,18,0,463
Carroll,Kansas,Governor,,Dem,Stacey Abrams,44,17,4,0,23
Carroll,Bowdon,Governor,,Dem,Stacey Abrams,297,127,16,1,153
Carroll,Sandhill,Governor,,Dem,Stacey Abrams,542,341,41,1,159
Carroll,Center Point,Governor,,Dem,Stacey Abrams,123,73,4,0,46
Carroll,Mt Zion,Governor,,Dem,Stacey Abrams,197,100,18,0,79
Carroll,Burwell,Governor,,Dem,Stacey Abrams,132,54,13,0,65
Carroll,Clem,Governor,,Dem,Stacey Abrams,437,262,29,0,146
Carroll,Bowdon Junction,Governor,,Dem,Stacey Abrams,151,93,4,0,54
Carroll,Tyus,Governor,,Dem,Stacey Abrams,117,67,10,2,38
Carroll,Fairfield,Governor,,Dem,Stacey Abrams,600,342,57,0,201
Carroll,Hulett,Governor,,Dem,Stacey Abrams,217,106,18,0,93
Carroll,Bethany,Governor,,Dem,Stacey Abrams,696,448,39,1,208
Carroll,V R County South,Governor,,Dem,Stacey Abrams,281,169,28,0,84
Carroll,V R County North,Governor,,Dem,Stacey Abrams,770,437,56,0,277
Carroll,Villa Rica City,Governor,,Dem,Stacey Abrams,1556,925,113,0,518
Carroll,Temple County,Governor,,Dem,Stacey Abrams,345,180,31,0,134
Carroll,Temple City,Governor,,Dem,Stacey Abrams,649,314,50,0,285
Carroll,Whitesburg,Governor,,Dem,Stacey Abrams,167,79,13,0,75
Carroll,Roopville,Governor,,Dem,Stacey Abrams,224,110,23,0,91
Carroll,West Carrollton,Governor,,Dem,Stacey Abrams,927,567,54,1,305
Carroll,Lakeshore Rec Center,Governor,,Dem,Stacey Abrams,324,218,20,0,86
Carroll,Bonner,Governor,,Dem,Stacey Abrams,686,411,42,0,233
Carroll,University of W GA,Governor,,Dem,Stacey Abrams,283,140,7,0,136
Carroll,County Admin Bldg,Governor,,Dem,Stacey Abrams,514,347,44,0,123
Carroll,Tabernacle Church,Governor,,Dem,Stacey Abrams,293,166,29,0,98
Carroll,Burson Center,Governor,,Dem,Stacey Abrams,247,152,26,0,69
Carroll,Old Camp Church,Governor,,Dem,Stacey Abrams,264,156,18,0,90
Carroll,Oak Grove,Governor,,Dem,Stacey Abrams,175,107,14,0,54
Carroll,Kansas,Governor,,Lib,Shane Hazel,7,1,0,0,6
Carroll,Bowdon,Governor,,Lib,Shane Hazel,11,1,0,0,10
Carroll,Sandhill,Governor,,Lib,Shane Hazel,26,12,1,0,13
Carroll,Center Point,Governor,,Lib,Shane Hazel,8,2,1,0,5
Carroll,Mt Zion,Governor,,Lib,Shane Hazel,7,4,0,0,3
Carroll,Burwell,Governor,,Lib,Shane Hazel,10,2,0,0,8
Carroll,Clem,Governor,,Lib,Shane Hazel,16,8,0,0,8
Carroll,Bowdon Junction,Governor,,Lib,Shane Hazel,5,1,0,0,4
Carroll,Tyus,Governor,,Lib,Shane Hazel,9,1,0,0,8
Carroll,Fairfield,Governor,,Lib,Shane Hazel,20,9,0,0,11
Carroll,Hulett,Governor,,Lib,Shane Hazel,15,6,1,0,8
Carroll,Bethany,Governor,,Lib,Shane Hazel,16,5,0,0,11
Carroll,V R County South,Governor,,Lib,Shane Hazel,11,6,1,0,4
Carroll,V R County North,Governor,,Lib,Shane Hazel,24,9,2,0,13
Carroll,Villa Rica City,Governor,,Lib,Shane Hazel,30,12,1,0,17
Carroll,Temple County,Governor,,Lib,Shane Hazel,23,6,1,0,16
Carroll,Temple City,Governor,,Lib,Shane Hazel,21,7,0,0,14
Carroll,Whitesburg,Governor,,Lib,Shane Hazel,16,2,1,0,13
Carroll,Roopville,Governor,,Lib,Shane Hazel,14,5,0,0,9
Carroll,West Carrollton,Governor,,Lib,Shane Hazel,14,6,0,0,8
Carroll,Lakeshore Rec Center,Governor,,Lib,Shane Hazel,12,6,1,0,5
Carroll,Bonner,Governor,,Lib,Shane Hazel,21,11,1,0,9
Carroll,University of W GA,Governor,,Lib,Shane Hazel,1,1,0,0,0
Carroll,County Admin Bldg,Governor,,Lib,Shane Hazel,10,4,2,0,4
Carroll,Tabernacle Church,Governor,,Lib,Shane Hazel,7,2,0,0,5
Carroll,Burson Center,Governor,,Lib,Shane Hazel,4,1,1,0,2
Carroll,Old Camp Church,Governor,,Lib,Shane Hazel,10,3,0,0,7
Carroll,Oak Grove,Governor,,Lib,Shane Hazel,6,1,1,0,4
Carroll,Kansas,Lieutenant Governor,,Rep,Burt Jones,669,162,17,0,490
Carroll,Bowdon,Lieutenant Governor,,Rep,Burt Jones,1253,418,27,1,807
Carroll,Sandhill,Lieutenant Governor,,Rep,Burt Jones,1629,840,39,0,750
Carroll,Center Point,Lieutenant Governor,,Rep,Burt Jones,1096,449,36,0,611
Carroll,Mt Zion,Lieutenant Governor,,Rep,Burt Jones,1174,391,15,1,767
Carroll,Burwell,Lieutenant Governor,,Rep,Burt Jones,724,246,24,1,453
Carroll,Clem,Lieutenant Governor,,Rep,Burt Jones,1757,967,28,1,761
Carroll,Bowdon Junction,Lieutenant Governor,,Rep,Burt Jones,667,298,13,0,356
Carroll,Tyus,Lieutenant Governor,,Rep,Burt Jones,1045,296,16,0,733
Carroll,Fairfield,Lieutenant Governor,,Rep,Burt Jones,1803,665,33,0,1105
Carroll,Hulett,Lieutenant Governor,,Rep,Burt Jones,1215,511,22,0,682
Carroll,Bethany,Lieutenant Governor,,Rep,Burt Jones,1242,696,24,0,522
Carroll,V R County South,Lieutenant Governor,,Rep,Burt Jones,1188,708,20,0,460
Carroll,V R County North,Lieutenant Governor,,Rep,Burt Jones,1759,984,35,0,740
Carroll,Villa Rica City,Lieutenant Governor,,Rep,Burt Jones,1423,833,54,0,536
Carroll,Temple County,Lieutenant Governor,,Rep,Burt Jones,1582,721,44,0,817
Carroll,Temple City,Lieutenant Governor,,Rep,Burt Jones,1146,399,25,1,721
Carroll,Whitesburg,Lieutenant Governor,,Rep,Burt Jones,1042,341,25,1,675
Carroll,Roopville,Lieutenant Governor,,Rep,Burt Jones,1673,701,23,0,949
Carroll,West Carrollton,Lieutenant Governor,,Rep,Burt Jones,622,395,24,0,203
Carroll,Lakeshore Rec Center,Lieutenant Governor,,Rep,Burt Jones,473,301,23,0,149
Carroll,Bonner,Lieutenant Governor,,Rep,Burt Jones,1254,820,35,0,399
Carroll,University of W GA,Lieutenant Governor,,Rep,Burt Jones,585,384,7,0,194
Carroll,County Admin Bldg,Lieutenant Governor,,Rep,Burt Jones,813,525,24,1,263
Carroll,Tabernacle Church,Lieutenant Governor,,Rep,Burt Jones,645,370,45,0,230
Carroll,Burson Center,Lieutenant Governor,,Rep,Burt Jones,532,340,6,0,186
Carroll,Old Camp Church,Lieutenant Governor,,Rep,Burt Jones,1079,544,19,0,516
Carroll,Oak Grove,Lieutenant Governor,,Rep,Burt Jones,770,305,14,0,451
Carroll,Kansas,Lieutenant Governor,,Dem,Charlie Bailey,56,20,6,0,30
Carroll,Bowdon,Lieutenant Governor,,Dem,Charlie Bailey,323,133,21,0,169
Carroll,Sandhill,Lieutenant Governor,,Dem,Charlie Bailey,556,340,43,1,172
Carroll,Center Point,Lieutenant Governor,,Dem,Charlie Bailey,140,84,3,0,53
Carroll,Mt Zion,Lieutenant Governor,,Dem,Charlie Bailey,211,102,22,0,87
Carroll,Burwell,Lieutenant Governor,,Dem,Charlie Bailey,142,60,13,0,69
Carroll,Clem,Lieutenant Governor,,Dem,Charlie Bailey,470,283,32,0,155
Carroll,Bowdon Junction,Lieutenant Governor,,Dem,Charlie Bailey,158,93,5,0,60
Carroll,Tyus,Lieutenant Governor,,Dem,Charlie Bailey,130,69,13,2,46
Carroll,Fairfield,Lieutenant Governor,,Dem,Charlie Bailey,624,350,56,0,218
Carroll,Hulett,Lieutenant Governor,,Dem,Charlie Bailey,234,114,20,0,100
Carroll,Bethany,Lieutenant Governor,,Dem,Charlie Bailey,691,441,40,1,209
Carroll,V R County South,Lieutenant Governor,,Dem,Charlie Bailey,284,177,28,0,79
Carroll,V R County North,Lieutenant Governor,,Dem,Charlie Bailey,787,452,58,0,277
Carroll,Villa Rica City,Lieutenant Governor,,Dem,Charlie Bailey,1536,907,117,0,512
Carroll,Temple County,Lieutenant Governor,,Dem,Charlie Bailey,355,187,35,0,133
Carroll,Temple City,Lieutenant Governor,,Dem,Charlie Bailey,650,309,51,0,290
Carroll,Whitesburg,Lieutenant Governor,,Dem,Charlie Bailey,172,82,11,0,79
Carroll,Roopville,Lieutenant Governor,,Dem,Charlie Bailey,240,122,24,0,94
Carroll,West Carrollton,Lieutenant Governor,,Dem,Charlie Bailey,902,548,56,1,297
Carroll,Lakeshore Rec Center,Lieutenant Governor,,Dem,Charlie Bailey,336,221,24,0,91
Carroll,Bonner,Lieutenant Governor,,Dem,Charlie Bailey,676,407,45,0,224
Carroll,University of W GA,Lieutenant Governor,,Dem,Charlie Bailey,280,142,9,0,129
Carroll,County Admin Bldg,Lieutenant Governor,,Dem,Charlie Bailey,534,370,43,0,121
Carroll,Tabernacle Church,Lieutenant Governor,,Dem,Charlie Bailey,299,173,27,0,99
Carroll,Burson Center,Lieutenant Governor,,Dem,Charlie Bailey,258,157,25,0,76
Carroll,Old Camp Church,Lieutenant Governor,,Dem,Charlie Bailey,285,160,22,0,103
Carroll,Oak Grove,Lieutenant Governor,,Dem,Charlie Bailey,175,104,18,0,53
Carroll,Kansas,Lieutenant Governor,,Lib,Ryan Graham,14,4,0,0,10
Carroll,Bowdon,Lieutenant Governor,,Lib,Ryan Graham,36,10,0,0,26
Carroll,Sandhill,Lieutenant Governor,,Lib,Ryan Graham,52,20,2,0,30
Carroll,Center Point,Lieutenant Governor,,Lib,Ryan Graham,31,10,2,0,19
Carroll,Mt Zion,Lieutenant Governor,,Lib,Ryan Graham,33,11,1,0,21
Carroll,Burwell,Lieutenant Governor,,Lib,Ryan Graham,22,5,1,0,16
Carroll,Clem,Lieutenant Governor,,Lib,Ryan Graham,47,21,1,0,25
Carroll,Bowdon Junction,Lieutenant Governor,,Lib,Ryan Graham,8,3,0,0,5
Carroll,Tyus,Lieutenant Governor,,Lib,Ryan Graham,14,3,0,0,11
Carroll,Fairfield,Lieutenant Governor,,Lib,Ryan Graham,42,18,0,0,24
Carroll,Hulett,Lieutenant Governor,,Lib,Ryan Graham,30,8,1,0,21
Carroll,Bethany,Lieutenant Governor,,Lib,Ryan Graham,54,26,1,0,27
Carroll,V R County South,Lieutenant Governor,,Lib,Ryan Graham,29,11,1,0,17
Carroll,V R County North,Lieutenant Governor,,Lib,Ryan Graham,59,25,0,0,34
Carroll,Villa Rica City,Lieutenant Governor,,Lib,Ryan Graham,74,35,0,0,39
Carroll,Temple County,Lieutenant Governor,,Lib,Ryan Graham,47,14,0,0,33
Carroll,Temple City,Lieutenant Governor,,Lib,Ryan Graham,46,18,0,0,28
Carroll,Whitesburg,Lieutenant Governor,,Lib,Ryan Graham,35,8,2,0,25
Carroll,Roopville,Lieutenant Governor,,Lib,Ryan Graham,31,10,0,0,21
Carroll,West Carrollton,Lieutenant Governor,,Lib,Ryan Graham,60,31,0,0,29
Carroll,Lakeshore Rec Center,Lieutenant Governor,,Lib,Ryan Graham,17,11,1,0,5
Carroll,Bonner,Lieutenant Governor,,Lib,Ryan Graham,63,34,1,0,28
Carroll,University of W GA,Lieutenant Governor,,Lib,Ryan Graham,29,11,1,0,17
Carroll,County Admin Bldg,Lieutenant Governor,,Lib,Ryan Graham,38,21,1,0,16
Carroll,Tabernacle Church,Lieutenant Governor,,Lib,Ryan Graham,22,11,3,0,8
Carroll,Burson Center,Lieutenant Governor,,Lib,Ryan Graham,14,7,0,0,7
Carroll,Old Camp Church,Lieutenant Governor,,Lib,Ryan Graham,30,17,0,0,13
Carroll,Oak Grove,Lieutenant Governor,,Lib,Ryan Graham,19,5,1,0,13
Carroll,Kansas,Secretary of State,,Rep,Brad Raffensperger ,658,153,18,0,487
Carroll,Bowdon,Secretary of State,,Rep,Brad Raffensperger ,1264,428,26,0,810
Carroll,Sandhill,Secretary of State,,Rep,Brad Raffensperger ,1627,839,41,0,747
Carroll,Center Point,Secretary of State,,Rep,Brad Raffensperger ,1078,443,36,0,599
Carroll,Mt Zion,Secretary of State,,Rep,Brad Raffensperger ,1165,376,20,1,768
Carroll,Burwell,Secretary of State,,Rep,Brad Raffensperger ,728,254,26,0,448
Carroll,Clem,Secretary of State,,Rep,Brad Raffensperger ,1778,982,33,1,762
Carroll,Bowdon Junction,Secretary of State,,Rep,Brad Raffensperger ,658,290,12,0,356
Carroll,Tyus,Secretary of State,,Rep,Brad Raffensperger ,1025,291,19,0,715
Carroll,Fairfield,Secretary of State,,Rep,Brad Raffensperger ,1815,684,35,0,1096
Carroll,Hulett,Secretary of State,,Rep,Brad Raffensperger ,1198,501,23,0,674
Carroll,Bethany,Secretary of State,,Rep,Brad Raffensperger ,1228,682,29,0,517
Carroll,V R County South,Secretary of State,,Rep,Brad Raffensperger ,1184,706,21,0,457
Carroll,V R County North,Secretary of State,,Rep,Brad Raffensperger ,1764,991,38,0,735
Carroll,Villa Rica City,Secretary of State,,Rep,Brad Raffensperger ,1436,849,57,0,530
Carroll,Temple County,Secretary of State,,Rep,Brad Raffensperger ,1551,704,50,0,797
Carroll,Temple City,Secretary of State,,Rep,Brad Raffensperger ,1153,409,27,0,717
Carroll,Whitesburg,Secretary of State,,Rep,Brad Raffensperger ,1022,333,23,1,665
Carroll,Roopville,Secretary of State,,Rep,Brad Raffensperger ,1680,707,25,0,948
Carroll,West Carrollton,Secretary of State,,Rep,Brad Raffensperger ,643,408,28,0,207
Carroll,Lakeshore Rec Center,Secretary of State,,Rep,Brad Raffensperger ,498,315,26,0,157
Carroll,Bonner,Secretary of State,,Rep,Brad Raffensperger ,1304,850,42,0,412
Carroll,University of W GA,Secretary of State,,Rep,Brad Raffensperger ,617,399,9,0,209
Carroll,County Admin Bldg,Secretary of State,,Rep,Brad Raffensperger ,856,552,25,1,278
Carroll,Tabernacle Church,Secretary of State,,Rep,Brad Raffensperger ,652,379,48,0,225
Carroll,Burson Center,Secretary of State,,Rep,Brad Raffensperger ,529,336,4,0,189
Carroll,Old Camp Church,Secretary of State,,Rep,Brad Raffensperger ,1076,540,20,0,516
Carroll,Oak Grove,Secretary of State,,Rep,Brad Raffensperger ,774,307,18,0,449
Carroll,Kansas,Secretary of State,,Dem,Bee Nguyen,43,16,4,0,23
Carroll,Bowdon,Secretary of State,,Dem,Bee Nguyen,288,117,19,0,152
Carroll,Sandhill,Secretary of State,,Dem,Bee Nguyen,528,323,40,1,164
Carroll,Center Point,Secretary of State,,Dem,Bee Nguyen,124,74,4,0,46
Carroll,Mt Zion,Secretary of State,,Dem,Bee Nguyen,196,98,18,0,80
Carroll,Burwell,Secretary of State,,Dem,Bee Nguyen,121,48,11,0,62
Carroll,Clem,Secretary of State,,Dem,Bee Nguyen,422,252,27,0,143
Carroll,Bowdon Junction,Secretary of State,,Dem,Bee Nguyen,152,90,6,0,56
Carroll,Tyus,Secretary of State,,Dem,Bee Nguyen,118,66,10,1,41
Carroll,Fairfield,Secretary of State,,Dem,Bee Nguyen,569,318,52,0,199
Carroll,Hulett,Secretary of State,,Dem,Bee Nguyen,217,103,19,0,95
Carroll,Bethany,Secretary of State,,Dem,Bee Nguyen,673,435,36,1,201
Carroll,V R County South,Secretary of State,,Dem,Bee Nguyen,274,166,28,0,80
Carroll,V R County North,Secretary of State,,Dem,Bee Nguyen,750,426,50,0,274
Carroll,Villa Rica City,Secretary of State,,Dem,Bee Nguyen,1496,882,111,0,503
Carroll,Temple County,Secretary of State,,Dem,Bee Nguyen,338,182,27,0,129
Carroll,Temple City,Secretary of State,,Dem,Bee Nguyen,635,306,49,1,279
Carroll,Whitesburg,Secretary of State,,Dem,Bee Nguyen,166,76,13,0,77
Carroll,Roopville,Secretary of State,,Dem,Bee Nguyen,215,108,22,0,85
Carroll,West Carrollton,Secretary of State,,Dem,Bee Nguyen,888,538,50,1,299
Carroll,Lakeshore Rec Center,Secretary of State,,Dem,Bee Nguyen,302,202,21,0,79
Carroll,Bonner,Secretary of State,,Dem,Bee Nguyen,616,367,39,0,210
Carroll,University of W GA,Secretary of State,,Dem,Bee Nguyen,253,122,7,0,124
Carroll,County Admin Bldg,Secretary of State,,Dem,Bee Nguyen,482,333,43,0,106
Carroll,Tabernacle Church,Secretary of State,,Dem,Bee Nguyen,278,157,26,0,95
Carroll,Burson Center,Secretary of State,,Dem,Bee Nguyen,248,150,26,0,72
Carroll,Old Camp Church,Secretary of State,,Dem,Bee Nguyen,263,155,21,0,87
Carroll,Oak Grove,Secretary of State,,Dem,Bee Nguyen,159,93,15,0,51
Carroll,Kansas,Secretary of State,,Lib,Ted Metz,29,14,1,0,14
Carroll,Bowdon,Secretary of State,,Lib,Ted Metz,57,14,3,1,39
Carroll,Sandhill,Secretary of State,,Lib,Ted Metz,82,35,4,0,43
Carroll,Center Point,Secretary of State,,Lib,Ted Metz,58,19,2,0,37
Carroll,Mt Zion,Secretary of State,,Lib,Ted Metz,52,23,0,0,29
Carroll,Burwell,Secretary of State,,Lib,Ted Metz,32,8,0,1,23
Carroll,Clem,Secretary of State,,Lib,Ted Metz,70,35,1,0,34
Carroll,Bowdon Junction,Secretary of State,,Lib,Ted Metz,21,12,0,0,9
Carroll,Tyus,Secretary of State,,Lib,Ted Metz,42,12,0,0,30
Carroll,Fairfield,Secretary of State,,Lib,Ted Metz,83,31,2,0,50
Carroll,Hulett,Secretary of State,,Lib,Ted Metz,61,28,1,0,32
Carroll,Bethany,Secretary of State,,Lib,Ted Metz,79,39,1,0,39
Carroll,V R County South,Secretary of State,,Lib,Ted Metz,37,18,0,0,19
Carroll,V R County North,Secretary of State,,Lib,Ted Metz,92,43,3,0,46
Carroll,Villa Rica City,Secretary of State,,Lib,Ted Metz,106,51,2,0,53
Carroll,Temple County,Secretary of State,,Lib,Ted Metz,96,38,2,0,56
Carroll,Temple City,Secretary of State,,Lib,Ted Metz,56,12,2,0,42
Carroll,Whitesburg,Secretary of State,,Lib,Ted Metz,56,20,2,0,34
Carroll,Roopville,Secretary of State,,Lib,Ted Metz,46,17,0,0,29
Carroll,West Carrollton,Secretary of State,,Lib,Ted Metz,50,26,1,0,23
Carroll,Lakeshore Rec Center,Secretary of State,,Lib,Ted Metz,27,15,1,0,11
Carroll,Bonner,Secretary of State,,Lib,Ted Metz,71,43,1,0,27
Carroll,University of W GA,Secretary of State,,Lib,Ted Metz,26,16,1,0,9
Carroll,County Admin Bldg,Secretary of State,,Lib,Ted Metz,54,35,1,0,18
Carroll,Tabernacle Church,Secretary of State,,Lib,Ted Metz,34,16,1,0,17
Carroll,Burson Center,Secretary of State,,Lib,Ted Metz,26,17,1,0,8
Carroll,Old Camp Church,Secretary of State,,Lib,Ted Metz,54,28,0,0,26
Carroll,Oak Grove,Secretary of State,,Lib,Ted Metz,28,13,0,0,15
Carroll,Kansas,Attorney General,,Rep,Chris Carr ,671,162,17,0,492
Carroll,Bowdon,Attorney General,,Rep,Chris Carr ,1270,424,25,0,821
Carroll,Sandhill,Attorney General,,Rep,Chris Carr ,1644,846,38,0,760
Carroll,Center Point,Attorney General,,Rep,Chris Carr ,1108,456,37,0,615
Carroll,Mt Zion,Attorney General,,Rep,Chris Carr ,1179,388,16,1,774
Carroll,Burwell,Attorney General,,Rep,Chris Carr ,722,244,21,1,456
Carroll,Clem,Attorney General,,Rep,Chris Carr ,1772,981,29,1,761
Carroll,Bowdon Junction,Attorney General,,Rep,Chris Carr ,677,306,13,0,358
Carroll,Tyus,Attorney General,,Rep,Chris Carr ,1055,299,17,0,739
Carroll,Fairfield,Attorney General,,Rep,Chris Carr ,1825,679,31,0,1115
Carroll,Hulett,Attorney General,,Rep,Chris Carr ,1216,508,22,0,686
Carroll,Bethany,Attorney General,,Rep,Chris Carr ,1261,702,24,0,535
Carroll,V R County South,Attorney General,,Rep,Chris Carr ,1198,713,19,0,466
Carroll,V R County North,Attorney General,,Rep,Chris Carr ,1773,994,34,0,745
Carroll,Villa Rica City,Attorney General,,Rep,Chris Carr ,1417,831,56,0,530
Carroll,Temple County,Attorney General,,Rep,Chris Carr ,1578,721,43,0,814
Carroll,Temple City,Attorney General,,Rep,Chris Carr ,1151,403,24,1,723
Carroll,Whitesburg,Attorney General,,Rep,Chris Carr ,1046,342,23,1,680
Carroll,Roopville,Attorney General,,Rep,Chris Carr ,1694,708,24,0,962
Carroll,West Carrollton,Attorney General,,Rep,Chris Carr ,647,416,23,0,208
Carroll,Lakeshore Rec Center,Attorney General,,Rep,Chris Carr ,482,303,26,0,153
Carroll,Bonner,Attorney General,,Rep,Chris Carr ,1275,833,39,0,403
Carroll,University of W GA,Attorney General,,Rep,Chris Carr ,606,397,8,0,201
Carroll,County Admin Bldg,Attorney General,,Rep,Chris Carr ,824,535,22,1,266
Carroll,Tabernacle Church,Attorney General,,Rep,Chris Carr ,663,381,45,0,237
Carroll,Burson Center,Attorney General,,Rep,Chris Carr ,541,340,4,0,197
Carroll,Old Camp Church,Attorney General,,Rep,Chris Carr ,1089,549,17,0,523
Carroll,Oak Grove,Attorney General,,Rep,Chris Carr ,777,308,16,0,453
Carroll,Kansas,Attorney General,,Dem,"Jennifer """"Jen"""" Jordan",60,21,6,0,33
Carroll,Bowdon,Attorney General,,Dem,"Jennifer """"Jen"""" Jordan",320,130,21,1,168
Carroll,Sandhill,Attorney General,,Dem,"Jennifer """"Jen"""" Jordan",571,346,46,1,178
Carroll,Center Point,Attorney General,,Dem,"Jennifer """"Jen"""" Jordan",149,84,3,0,62
Carroll,Mt Zion,Attorney General,,Dem,"Jennifer """"Jen"""" Jordan",217,103,21,0,93
Carroll,Burwell,Attorney General,,Dem,"Jennifer """"Jen"""" Jordan",151,63,16,0,72
Carroll,Clem,Attorney General,,Dem,"Jennifer """"Jen"""" Jordan",463,274,32,0,157
Carroll,Bowdon Junction,Attorney General,,Dem,"Jennifer """"Jen"""" Jordan",153,87,4,0,62
Carroll,Tyus,Attorney General,,Dem,"Jennifer """"Jen"""" Jordan",128,67,12,2,47
Carroll,Fairfield,Attorney General,,Dem,"Jennifer """"Jen"""" Jordan",621,345,57,0,219
Carroll,Hulett,Attorney General,,Dem,"Jennifer """"Jen"""" Jordan",239,114,19,0,106
Carroll,Bethany,Attorney General,,Dem,"Jennifer """"Jen"""" Jordan",703,454,40,1,208
Carroll,V R County South,Attorney General,,Dem,"Jennifer """"Jen"""" Jordan",282,174,28,0,80
Carroll,V R County North,Attorney General,,Dem,"Jennifer """"Jen"""" Jordan",807,460,56,0,291
Carroll,Villa Rica City,Attorney General,,Dem,"Jennifer """"Jen"""" Jordan",1554,921,110,0,523
Carroll,Temple County,Attorney General,,Dem,"Jennifer """"Jen"""" Jordan",367,190,36,0,141
Carroll,Temple City,Attorney General,,Dem,"Jennifer """"Jen"""" Jordan",660,315,51,0,294
Carroll,Whitesburg,Attorney General,,Dem,"Jennifer """"Jen"""" Jordan",185,84,13,0,88
Carroll,Roopville,Attorney General,,Dem,"Jennifer """"Jen"""" Jordan",228,115,24,0,89
Carroll,West Carrollton,Attorney General,,Dem,"Jennifer """"Jen"""" Jordan",924,559,56,1,308
Carroll,Lakeshore Rec Center,Attorney General,,Dem,"Jennifer """"Jen"""" Jordan",335,225,22,0,88
Carroll,Bonner,Attorney General,,Dem,"Jennifer """"Jen"""" Jordan",676,403,42,0,231
Carroll,University of W GA,Attorney General,,Dem,"Jennifer """"Jen"""" Jordan",281,135,9,0,137
Carroll,County Admin Bldg,Attorney General,,Dem,"Jennifer """"Jen"""" Jordan",534,370,44,0,120
Carroll,Tabernacle Church,Attorney General,,Dem,"Jennifer """"Jen"""" Jordan",292,167,29,0,96
Carroll,Burson Center,Attorney General,,Dem,"Jennifer """"Jen"""" Jordan",260,163,27,0,70
Carroll,Old Camp Church,Attorney General,,Dem,"Jennifer """"Jen"""" Jordan",287,163,23,0,101
Carroll,Oak Grove,Attorney General,,Dem,"Jennifer """"Jen"""" Jordan",174,106,15,0,53
Carroll,Kansas,Attorney General,,Lib,Martin Cowen,8,2,0,0,6
Carroll,Bowdon,Attorney General,,Lib,Martin Cowen,30,9,2,0,19
Carroll,Sandhill,Attorney General,,Lib,Martin Cowen,34,13,1,0,20
Carroll,Center Point,Attorney General,,Lib,Martin Cowen,9,2,1,0,6
Carroll,Mt Zion,Attorney General,,Lib,Martin Cowen,21,9,1,0,11
Carroll,Burwell,Attorney General,,Lib,Martin Cowen,16,4,0,0,12
Carroll,Clem,Attorney General,,Lib,Martin Cowen,35,14,0,0,21
Carroll,Bowdon Junction,Attorney General,,Lib,Martin Cowen,8,5,0,0,3
Carroll,Tyus,Attorney General,,Lib,Martin Cowen,8,1,0,0,7
Carroll,Fairfield,Attorney General,,Lib,Martin Cowen,28,11,1,0,16
Carroll,Hulett,Attorney General,,Lib,Martin Cowen,24,9,1,0,14
Carroll,Bethany,Attorney General,,Lib,Martin Cowen,27,9,0,0,18
Carroll,V R County South,Attorney General,,Lib,Martin Cowen,20,7,1,0,12
Carroll,V R County North,Attorney General,,Lib,Martin Cowen,33,11,2,0,20
Carroll,Villa Rica City,Attorney General,,Lib,Martin Cowen,62,27,2,0,33
Carroll,Temple County,Attorney General,,Lib,Martin Cowen,42,13,0,0,29
Carroll,Temple City,Attorney General,,Lib,Martin Cowen,36,12,0,0,24
Carroll,Whitesburg,Attorney General,,Lib,Martin Cowen,23,6,3,0,14
Carroll,Roopville,Attorney General,,Lib,Martin Cowen,26,11,0,0,15
Carroll,West Carrollton,Attorney General,,Lib,Martin Cowen,28,11,1,0,16
Carroll,Lakeshore Rec Center,Attorney General,,Lib,Martin Cowen,13,8,0,0,5
Carroll,Bonner,Attorney General,,Lib,Martin Cowen,45,27,0,0,18
Carroll,University of W GA,Attorney General,,Lib,Martin Cowen,11,6,0,0,5
Carroll,County Admin Bldg,Attorney General,,Lib,Martin Cowen,32,18,1,0,13
Carroll,Tabernacle Church,Attorney General,,Lib,Martin Cowen,15,8,1,0,6
Carroll,Burson Center,Attorney General,,Lib,Martin Cowen,7,4,0,0,3
Carroll,Old Camp Church,Attorney General,,Lib,Martin Cowen,18,10,0,0,8
Carroll,Oak Grove,Attorney General,,Lib,Martin Cowen,16,3,1,0,12
Carroll,Kansas,Commissioner Of Agriculture,,Rep,Tyler Harper,685,165,20,0,500
Carroll,Bowdon,Commissioner Of Agriculture,,Rep,Tyler Harper,1280,423,28,0,829
Carroll,Sandhill,Commissioner Of Agriculture,,Rep,Tyler Harper,1665,854,39,0,772
Carroll,Center Point,Commissioner Of Agriculture,,Rep,Tyler Harper,1127,465,37,0,625
Carroll,Mt Zion,Commissioner Of Agriculture,,Rep,Tyler Harper,1193,387,19,1,786
Carroll,Burwell,Commissioner Of Agriculture,,Rep,Tyler Harper,737,250,24,0,463
Carroll,Clem,Commissioner Of Agriculture,,Rep,Tyler Harper,1821,1007,29,1,784
Carroll,Bowdon Junction,Commissioner Of Agriculture,,Rep,Tyler Harper,683,306,13,0,364
Carroll,Tyus,Commissioner Of Agriculture,,Rep,Tyler Harper,1068,304,17,0,747
Carroll,Fairfield,Commissioner Of Agriculture,,Rep,Tyler Harper,1847,686,35,0,1126
Carroll,Hulett,Commissioner Of Agriculture,,Rep,Tyler Harper,1232,517,22,0,693
Carroll,Bethany,Commissioner Of Agriculture,,Rep,Tyler Harper,1280,718,26,0,536
Carroll,V R County South,Commissioner Of Agriculture,,Rep,Tyler Harper,1201,715,19,0,467
Carroll,V R County North,Commissioner Of Agriculture,,Rep,Tyler Harper,1802,1004,38,0,760
Carroll,Villa Rica City,Commissioner Of Agriculture,,Rep,Tyler Harper,1445,849,57,0,539
Carroll,Temple County,Commissioner Of Agriculture,,Rep,Tyler Harper,1601,726,43,0,832
Carroll,Temple City,Commissioner Of Agriculture,,Rep,Tyler Harper,1164,412,26,1,725
Carroll,Whitesburg,Commissioner Of Agriculture,,Rep,Tyler Harper,1070,355,27,1,687
Carroll,Roopville,Commissioner Of Agriculture,,Rep,Tyler Harper,1711,713,24,0,974
Carroll,West Carrollton,Commissioner Of Agriculture,,Rep,Tyler Harper,651,420,23,0,208
Carroll,Lakeshore Rec Center,Commissioner Of Agriculture,,Rep,Tyler Harper,492,312,27,0,153
Carroll,Bonner,Commissioner Of Agriculture,,Rep,Tyler Harper,1302,850,37,0,415
Carroll,University of W GA,Commissioner Of Agriculture,,Rep,Tyler Harper,614,401,9,0,204
Carroll,County Admin Bldg,Commissioner Of Agriculture,,Rep,Tyler Harper,852,556,25,1,270
Carroll,Tabernacle Church,Commissioner Of Agriculture,,Rep,Tyler Harper,669,387,46,0,236
Carroll,Burson Center,Commissioner Of Agriculture,,Rep,Tyler Harper,548,353,6,0,189
Carroll,Old Camp Church,Commissioner Of Agriculture,,Rep,Tyler Harper,1103,557,23,0,523
Carroll,Oak Grove,Commissioner Of Agriculture,,Rep,Tyler Harper,794,317,16,0,461
Carroll,Kansas,Commissioner Of Agriculture,,Dem,Nakita Hemingway,39,15,3,0,21
Carroll,Bowdon,Commissioner Of Agriculture,,Dem,Nakita Hemingway,292,126,18,0,148
Carroll,Sandhill,Commissioner Of Agriculture,,Dem,Nakita Hemingway,532,331,43,1,157
Carroll,Center Point,Commissioner Of Agriculture,,Dem,Nakita Hemingway,122,72,3,0,47
Carroll,Mt Zion,Commissioner Of Agriculture,,Dem,Nakita Hemingway,189,98,18,0,73
Carroll,Burwell,Commissioner Of Agriculture,,Dem,Nakita Hemingway,129,53,12,0,64
Carroll,Clem,Commissioner Of Agriculture,,Dem,Nakita Hemingway,412,249,31,0,132
Carroll,Bowdon Junction,Commissioner Of Agriculture,,Dem,Nakita Hemingway,147,86,5,0,56
Carroll,Tyus,Commissioner Of Agriculture,,Dem,Nakita Hemingway,112,62,11,2,37
Carroll,Fairfield,Commissioner Of Agriculture,,Dem,Nakita Hemingway,585,335,53,0,197
Carroll,Hulett,Commissioner Of Agriculture,,Dem,Nakita Hemingway,207,101,19,0,87
Carroll,Bethany,Commissioner Of Agriculture,,Dem,Nakita Hemingway,662,423,36,1,202
Carroll,V R County South,Commissioner Of Agriculture,,Dem,Nakita Hemingway,260,163,28,0,69
Carroll,V R County North,Commissioner Of Agriculture,,Dem,Nakita Hemingway,751,430,54,0,267
Carroll,Villa Rica City,Commissioner Of Agriculture,,Dem,Nakita Hemingway,1504,893,114,0,497
Carroll,Temple County,Commissioner Of Agriculture,,Dem,Nakita Hemingway,339,179,35,0,125
Carroll,Temple City,Commissioner Of Agriculture,,Dem,Nakita Hemingway,634,300,47,0,287
Carroll,Whitesburg,Commissioner Of Agriculture,,Dem,Nakita Hemingway,149,72,12,0,65
Carroll,Roopville,Commissioner Of Agriculture,,Dem,Nakita Hemingway,207,106,23,0,78
Carroll,West Carrollton,Commissioner Of Agriculture,,Dem,Nakita Hemingway,901,547,56,1,297
Carroll,Lakeshore Rec Center,Commissioner Of Agriculture,,Dem,Nakita Hemingway,317,210,21,0,86
Carroll,Bonner,Commissioner Of Agriculture,,Dem,Nakita Hemingway,629,380,40,0,209
Carroll,University of W GA,Commissioner Of Agriculture,,Dem,Nakita Hemingway,266,130,7,0,129
Carroll,County Admin Bldg,Commissioner Of Agriculture,,Dem,Nakita Hemingway,498,347,41,0,110
Carroll,Tabernacle Church,Commissioner Of Agriculture,,Dem,Nakita Hemingway,275,155,27,0,93
Carroll,Burson Center,Commissioner Of Agriculture,,Dem,Nakita Hemingway,243,147,22,0,74
Carroll,Old Camp Church,Commissioner Of Agriculture,,Dem,Nakita Hemingway,254,145,18,0,91
Carroll,Oak Grove,Commissioner Of Agriculture,,Dem,Nakita Hemingway,160,99,15,0,46
Carroll,Kansas,Commissioner Of Agriculture,,Lib,David Raudabaugh,16,6,0,0,10
Carroll,Bowdon,Commissioner Of Agriculture,,Lib,David Raudabaugh,42,13,1,1,27
Carroll,Sandhill,Commissioner Of Agriculture,,Lib,David Raudabaugh,54,21,3,0,30
Carroll,Center Point,Commissioner Of Agriculture,,Lib,David Raudabaugh,16,5,1,0,10
Carroll,Mt Zion,Commissioner Of Agriculture,,Lib,David Raudabaugh,31,13,1,0,17
Carroll,Burwell,Commissioner Of Agriculture,,Lib,David Raudabaugh,19,5,1,1,12
Carroll,Clem,Commissioner Of Agriculture,,Lib,David Raudabaugh,38,14,1,0,23
Carroll,Bowdon Junction,Commissioner Of Agriculture,,Lib,David Raudabaugh,5,3,0,0,2
Carroll,Tyus,Commissioner Of Agriculture,,Lib,David Raudabaugh,12,3,0,0,9
Carroll,Fairfield,Commissioner Of Agriculture,,Lib,David Raudabaugh,33,10,0,0,23
Carroll,Hulett,Commissioner Of Agriculture,,Lib,David Raudabaugh,39,14,1,0,24
Carroll,Bethany,Commissioner Of Agriculture,,Lib,David Raudabaugh,49,22,3,0,24
Carroll,V R County South,Commissioner Of Agriculture,,Lib,David Raudabaugh,38,16,1,0,21
Carroll,V R County North,Commissioner Of Agriculture,,Lib,David Raudabaugh,56,24,0,0,32
Carroll,Villa Rica City,Commissioner Of Agriculture,,Lib,David Raudabaugh,86,35,0,0,51
Carroll,Temple County,Commissioner Of Agriculture,,Lib,David Raudabaugh,42,18,1,0,23
Carroll,Temple City,Commissioner Of Agriculture,,Lib,David Raudabaugh,45,15,1,0,29
Carroll,Whitesburg,Commissioner Of Agriculture,,Lib,David Raudabaugh,31,4,0,0,27
Carroll,Roopville,Commissioner Of Agriculture,,Lib,David Raudabaugh,34,16,1,0,17
Carroll,West Carrollton,Commissioner Of Agriculture,,Lib,David Raudabaugh,44,17,1,0,26
Carroll,Lakeshore Rec Center,Commissioner Of Agriculture,,Lib,David Raudabaugh,15,9,0,0,6
Carroll,Bonner,Commissioner Of Agriculture,,Lib,David Raudabaugh,56,32,1,0,23
Carroll,University of W GA,Commissioner Of Agriculture,,Lib,David Raudabaugh,16,7,1,0,8
Carroll,County Admin Bldg,Commissioner Of Agriculture,,Lib,David Raudabaugh,40,21,2,0,17
Carroll,Tabernacle Church,Commissioner Of Agriculture,,Lib,David Raudabaugh,19,9,1,0,9
Carroll,Burson Center,Commissioner Of Agriculture,,Lib,David Raudabaugh,9,4,1,0,4
Carroll,Old Camp Church,Commissioner Of Agriculture,,Lib,David Raudabaugh,32,16,0,0,16
Carroll,Oak Grove,Commissioner Of Agriculture,,Lib,David Raudabaugh,10,0,1,0,9
Carroll,Kansas,Commissioner Of Insurance,,Rep,John King ,683,165,18,0,500
Carroll,Bowdon,Commissioner Of Insurance,,Rep,John King ,1290,427,25,0,838
Carroll,Sandhill,Commissioner Of Insurance,,Rep,John King ,1684,862,40,0,782
Carroll,Center Point,Commissioner Of Insurance,,Rep,John King ,1130,469,38,0,623
Carroll,Mt Zion,Commissioner Of Insurance,,Rep,John King ,1211,398,19,1,793
Carroll,Burwell,Commissioner Of Insurance,,Rep,John King ,748,252,23,1,472
Carroll,Clem,Commissioner Of Insurance,,Rep,John King ,1825,1009,32,1,783
Carroll,Bowdon Junction,Commissioner Of Insurance,,Rep,John King ,685,309,13,0,363
Carroll,Tyus,Commissioner Of Insurance,,Rep,John King ,1070,303,17,0,750
Carroll,Fairfield,Commissioner Of Insurance,,Rep,John King ,1870,693,34,0,1143
Carroll,Hulett,Commissioner Of Insurance,,Rep,John King ,1240,517,22,0,701
Carroll,Bethany,Commissioner Of Insurance,,Rep,John King ,1289,714,28,0,547
Carroll,V R County South,Commissioner Of Insurance,,Rep,John King ,1215,718,19,0,478
Carroll,V R County North,Commissioner Of Insurance,,Rep,John King ,1807,1008,38,0,761
Carroll,Villa Rica City,Commissioner Of Insurance,,Rep,John King ,1467,860,55,0,552
Carroll,Temple County,Commissioner Of Insurance,,Rep,John King ,1622,734,45,0,843
Carroll,Temple City,Commissioner Of Insurance,,Rep,John King ,1194,415,26,1,752
Carroll,Whitesburg,Commissioner Of Insurance,,Rep,John King ,1065,348,27,1,689
Carroll,Roopville,Commissioner Of Insurance,,Rep,John King ,1711,719,25,0,967
Carroll,West Carrollton,Commissioner Of Insurance,,Rep,John King ,658,423,22,0,213
Carroll,Lakeshore Rec Center,Commissioner Of Insurance,,Rep,John King ,497,313,24,0,160
Carroll,Bonner,Commissioner Of Insurance,,Rep,John King ,1317,858,39,0,420
Carroll,University of W GA,Commissioner Of Insurance,,Rep,John King ,621,401,10,0,210
Carroll,County Admin Bldg,Commissioner Of Insurance,,Rep,John King ,858,557,24,1,276
Carroll,Tabernacle Church,Commissioner Of Insurance,,Rep,John King ,674,388,45,0,241
Carroll,Burson Center,Commissioner Of Insurance,,Rep,John King ,558,353,5,0,200
Carroll,Old Camp Church,Commissioner Of Insurance,,Rep,John King ,1127,565,25,0,537
Carroll,Oak Grove,Commissioner Of Insurance,,Rep,John King ,791,314,15,0,462
Carroll,Kansas,Commissioner Of Insurance,,Dem,Janice Laws Robinson,54,21,5,0,28
Carroll,Bowdon,Commissioner Of Insurance,,Dem,Janice Laws Robinson,316,130,22,1,163
Carroll,Sandhill,Commissioner Of Insurance,,Dem,Janice Laws Robinson,552,336,45,1,170
Carroll,Center Point,Commissioner Of Insurance,,Dem,Janice Laws Robinson,136,72,4,0,60
Carroll,Mt Zion,Commissioner Of Insurance,,Dem,Janice Laws Robinson,196,99,19,0,78
Carroll,Burwell,Commissioner Of Insurance,,Dem,Janice Laws Robinson,137,57,14,0,66
Carroll,Clem,Commissioner Of Insurance,,Dem,Janice Laws Robinson,437,258,29,0,150
Carroll,Bowdon Junction,Commissioner Of Insurance,,Dem,Janice Laws Robinson,150,87,5,0,58
Carroll,Tyus,Commissioner Of Insurance,,Dem,Janice Laws Robinson,120,64,11,2,43
Carroll,Fairfield,Commissioner Of Insurance,,Dem,Janice Laws Robinson,593,337,54,0,202
Carroll,Hulett,Commissioner Of Insurance,,Dem,Janice Laws Robinson,234,113,21,0,100
Carroll,Bethany,Commissioner Of Insurance,,Dem,Janice Laws Robinson,698,444,37,1,216
Carroll,V R County South,Commissioner Of Insurance,,Dem,Janice Laws Robinson,281,172,29,0,80
Carroll,V R County North,Commissioner Of Insurance,,Dem,Janice Laws Robinson,793,448,54,0,291
Carroll,Villa Rica City,Commissioner Of Insurance,,Dem,Janice Laws Robinson,1552,911,114,0,527
Carroll,Temple County,Commissioner Of Insurance,,Dem,Janice Laws Robinson,353,187,34,0,132
Carroll,Temple City,Commissioner Of Insurance,,Dem,Janice Laws Robinson,648,313,49,0,286
Carroll,Whitesburg,Commissioner Of Insurance,,Dem,Janice Laws Robinson,179,84,11,0,84
Carroll,Roopville,Commissioner Of Insurance,,Dem,Janice Laws Robinson,225,112,22,0,91
Carroll,West Carrollton,Commissioner Of Insurance,,Dem,Janice Laws Robinson,929,554,58,1,316
Carroll,Lakeshore Rec Center,Commissioner Of Insurance,,Dem,Janice Laws Robinson,328,219,24,0,85
Carroll,Bonner,Commissioner Of Insurance,,Dem,Janice Laws Robinson,665,398,42,0,225
Carroll,University of W GA,Commissioner Of Insurance,,Dem,Janice Laws Robinson,272,134,7,0,131
Carroll,County Admin Bldg,Commissioner Of Insurance,,Dem,Janice Laws Robinson,529,364,44,0,121
Carroll,Tabernacle Church,Commissioner Of Insurance,,Dem,Janice Laws Robinson,285,162,29,0,94
Carroll,Burson Center,Commissioner Of Insurance,,Dem,Janice Laws Robinson,244,152,24,0,68
Carroll,Old Camp Church,Commissioner Of Insurance,,Dem,Janice Laws Robinson,259,154,15,0,90
Carroll,Oak Grove,Commissioner Of Insurance,,Dem,Janice Laws Robinson,171,102,17,0,52
Carroll,Kansas,State School Superintendent,,Rep,Richard Woods ,683,166,18,0,499
Carroll,Bowdon,State School Superintendent,,Rep,Richard Woods ,1293,427,28,0,838
Carroll,Sandhill,State School Superintendent,,Rep,Richard Woods ,1686,860,41,0,785
Carroll,Center Point,State School Superintendent,,Rep,Richard Woods ,1133,466,38,0,629
Carroll,Mt Zion,State School Superintendent,,Rep,Richard Woods ,1201,396,19,1,785
Carroll,Burwell,State School Superintendent,,Rep,Richard Woods ,745,252,22,1,470
Carroll,Clem,State School Superintendent,,Rep,Richard Woods ,1833,1016,32,1,784
Carroll,Bowdon Junction,State School Superintendent,,Rep,Richard Woods ,683,305,14,0,364
Carroll,Tyus,State School Superintendent,,Rep,Richard Woods ,1065,297,18,0,750
Carroll,Fairfield,State School Superintendent,,Rep,Richard Woods ,1861,687,35,0,1139
Carroll,Hulett,State School Superintendent,,Rep,Richard Woods ,1249,526,23,0,700
Carroll,Bethany,State School Superintendent,,Rep,Richard Woods ,1280,711,25,0,544
Carroll,V R County South,State School Superintendent,,Rep,Richard Woods ,1220,727,18,0,475
Carroll,V R County North,State School Superintendent,,Rep,Richard Woods ,1814,1010,36,0,768
Carroll,Villa Rica City,State School Superintendent,,Rep,Richard Woods ,1492,874,58,0,560
Carroll,Temple County,State School Superintendent,,Rep,Richard Woods ,1627,738,45,0,844
Carroll,Temple City,State School Superintendent,,Rep,Richard Woods ,1186,416,27,1,742
Carroll,Whitesburg,State School Superintendent,,Rep,Richard Woods ,1077,351,28,1,697
Carroll,Roopville,State School Superintendent,,Rep,Richard Woods ,1711,716,21,0,974
Carroll,West Carrollton,State School Superintendent,,Rep,Richard Woods ,654,417,22,0,215
Carroll,Lakeshore Rec Center,State School Superintendent,,Rep,Richard Woods ,503,315,25,0,163
Carroll,Bonner,State School Superintendent,,Rep,Richard Woods ,1317,856,39,0,422
Carroll,University of W GA,State School Superintendent,,Rep,Richard Woods ,623,404,9,0,210
Carroll,County Admin Bldg,State School Superintendent,,Rep,Richard Woods ,868,569,25,1,273
Carroll,Tabernacle Church,State School Superintendent,,Rep,Richard Woods ,671,390,45,0,236
Carroll,Burson Center,State School Superintendent,,Rep,Richard Woods ,556,355,6,0,195
Carroll,Old Camp Church,State School Superintendent,,Rep,Richard Woods ,1127,567,24,0,536
Carroll,Oak Grove,State School Superintendent,,Rep,Richard Woods ,795,315,16,0,464
Carroll,Kansas,State School Superintendent,,Dem,Alisha Thomas Searcy,53,20,5,0,28
Carroll,Bowdon,State School Superintendent,,Dem,Alisha Thomas Searcy,318,130,20,1,167
Carroll,Sandhill,State School Superintendent,,Dem,Alisha Thomas Searcy,553,338,44,1,170
Carroll,Center Point,State School Superintendent,,Dem,Alisha Thomas Searcy,132,74,3,0,55
Carroll,Mt Zion,State School Superintendent,,Dem,Alisha Thomas Searcy,208,101,19,0,88
Carroll,Burwell,State School Superintendent,,Dem,Alisha Thomas Searcy,139,58,14,0,67
Carroll,Clem,State School Superintendent,,Dem,Alisha Thomas Searcy,435,254,29,0,152
Carroll,Bowdon Junction,State School Superintendent,,Dem,Alisha Thomas Searcy,148,87,4,0,57
Carroll,Tyus,State School Superintendent,,Dem,Alisha Thomas Searcy,122,70,10,2,40
Carroll,Fairfield,State School Superintendent,,Dem,Alisha Thomas Searcy,602,344,52,0,206
Carroll,Hulett,State School Superintendent,,Dem,Alisha Thomas Searcy,230,106,20,0,104
Carroll,Bethany,State School Superintendent,,Dem,Alisha Thomas Searcy,710,451,39,1,219
Carroll,V R County South,State School Superintendent,,Dem,Alisha Thomas Searcy,274,166,29,0,79
Carroll,V R County North,State School Superintendent,,Dem,Alisha Thomas Searcy,790,452,56,0,282
Carroll,Villa Rica City,State School Superintendent,,Dem,Alisha Thomas Searcy,1537,900,111,0,526
Carroll,Temple County,State School Superintendent,,Dem,Alisha Thomas Searcy,350,184,33,0,133
Carroll,Temple City,State School Superintendent,,Dem,Alisha Thomas Searcy,656,312,48,0,296
Carroll,Whitesburg,State School Superintendent,,Dem,Alisha Thomas Searcy,171,79,11,0,81
Carroll,Roopville,State School Superintendent,,Dem,Alisha Thomas Searcy,234,117,26,0,91
Carroll,West Carrollton,State School Superintendent,,Dem,Alisha Thomas Searcy,935,559,58,1,317
Carroll,Lakeshore Rec Center,State School Superintendent,,Dem,Alisha Thomas Searcy,324,218,23,0,83
Carroll,Bonner,State School Superintendent,,Dem,Alisha Thomas Searcy,673,405,43,0,225
Carroll,University of W GA,State School Superintendent,,Dem,Alisha Thomas Searcy,271,131,8,0,132
Carroll,County Admin Bldg,State School Superintendent,,Dem,Alisha Thomas Searcy,521,352,43,0,126
Carroll,Tabernacle Church,State School Superintendent,,Dem,Alisha Thomas Searcy,290,161,28,0,101
Carroll,Burson Center,State School Superintendent,,Dem,Alisha Thomas Searcy,247,150,24,0,73
Carroll,Old Camp Church,State School Superintendent,,Dem,Alisha Thomas Searcy,258,151,17,0,90
Carroll,Oak Grove,State School Superintendent,,Dem,Alisha Thomas Searcy,166,99,15,0,52
Carroll,Kansas,Commissioner Of Labor,,Rep,Bruce Thompson,680,164,19,0,497
Carroll,Bowdon,Commissioner Of Labor,,Rep,Bruce Thompson,1276,427,24,1,824
Carroll,Sandhill,Commissioner Of Labor,,Rep,Bruce Thompson,1644,845,40,0,759
Carroll,Center Point,Commissioner Of Labor,,Rep,Bruce Thompson,1111,457,37,0,617
Carroll,Mt Zion,Commissioner Of Labor,,Rep,Bruce Thompson,1182,387,16,1,778
Carroll,Burwell,Commissioner Of Labor,,Rep,Bruce Thompson,736,250,24,0,462
Carroll,Clem,Commissioner Of Labor,,Rep,Bruce Thompson,1790,987,31,1,771
Carroll,Bowdon Junction,Commissioner Of Labor,,Rep,Bruce Thompson,678,306,14,0,358
Carroll,Tyus,Commissioner Of Labor,,Rep,Bruce Thompson,1059,299,17,0,743
Carroll,Fairfield,Commissioner Of Labor,,Rep,Bruce Thompson,1829,685,32,0,1112
Carroll,Hulett,Commissioner Of Labor,,Rep,Bruce Thompson,1219,512,22,0,685
Carroll,Bethany,Commissioner Of Labor,,Rep,Bruce Thompson,1246,696,25,0,525
Carroll,V R County South,Commissioner Of Labor,,Rep,Bruce Thompson,1190,714,17,0,459
Carroll,V R County North,Commissioner Of Labor,,Rep,Bruce Thompson,1774,999,33,0,742
Carroll,Villa Rica City,Commissioner Of Labor,,Rep,Bruce Thompson,1406,833,54,0,519
Carroll,Temple County,Commissioner Of Labor,,Rep,Bruce Thompson,1604,735,44,0,825
Carroll,Temple City,Commissioner Of Labor,,Rep,Bruce Thompson,1149,404,24,1,720
Carroll,Whitesburg,Commissioner Of Labor,,Rep,Bruce Thompson,1050,344,25,1,680
Carroll,Roopville,Commissioner Of Labor,,Rep,Bruce Thompson,1692,702,25,0,965
Carroll,West Carrollton,Commissioner Of Labor,,Rep,Bruce Thompson,635,407,22,0,206
Carroll,Lakeshore Rec Center,Commissioner Of Labor,,Rep,Bruce Thompson,483,306,24,0,153
Carroll,Bonner,Commissioner Of Labor,,Rep,Bruce Thompson,1276,836,39,0,401
Carroll,University of W GA,Commissioner Of Labor,,Rep,Bruce Thompson,592,386,10,0,196
Carroll,County Admin Bldg,Commissioner Of Labor,,Rep,Bruce Thompson,824,546,22,1,255
Carroll,Tabernacle Church,Commissioner Of Labor,,Rep,Bruce Thompson,654,382,44,0,228
Carroll,Burson Center,Commissioner Of Labor,,Rep,Bruce Thompson,539,344,4,0,191
Carroll,Old Camp Church,Commissioner Of Labor,,Rep,Bruce Thompson,1079,546,19,0,514
Carroll,Oak Grove,Commissioner Of Labor,,Rep,Bruce Thompson,775,306,15,0,454
Carroll,Kansas,Commissioner Of Labor,,Dem,"William """"Will"""" Boddie, Jr",41,16,4,0,21
Carroll,Bowdon,Commissioner Of Labor,,Dem,"William """"Will"""" Boddie, Jr",298,122,20,0,156
Carroll,Sandhill,Commissioner Of Labor,,Dem,"William """"Will"""" Boddie, Jr",548,332,43,0,173
Carroll,Center Point,Commissioner Of Labor,,Dem,"William """"Will"""" Boddie, Jr",125,72,3,0,50
Carroll,Mt Zion,Commissioner Of Labor,,Dem,"William """"Will"""" Boddie, Jr",199,98,21,0,80
Carroll,Burwell,Commissioner Of Labor,,Dem,"William """"Will"""" Boddie, Jr",125,52,13,0,60
Carroll,Clem,Commissioner Of Labor,,Dem,"William """"Will"""" Boddie, Jr",426,258,29,0,139
Carroll,Bowdon Junction,Commissioner Of Labor,,Dem,"William """"Will"""" Boddie, Jr",148,87,4,0,57
Carroll,Tyus,Commissioner Of Labor,,Dem,"William """"Will"""" Boddie, Jr",118,68,10,2,38
Carroll,Fairfield,Commissioner Of Labor,,Dem,"William """"Will"""" Boddie, Jr",585,326,53,0,206
Carroll,Hulett,Commissioner Of Labor,,Dem,"William """"Will"""" Boddie, Jr",214,109,18,0,87
Carroll,Bethany,Commissioner Of Labor,,Dem,"William """"Will"""" Boddie, Jr",681,434,40,1,206
Carroll,V R County South,Commissioner Of Labor,,Dem,"William """"Will"""" Boddie, Jr",268,165,30,0,73
Carroll,V R County North,Commissioner Of Labor,,Dem,"William """"Will"""" Boddie, Jr",752,432,57,0,263
Carroll,Villa Rica City,Commissioner Of Labor,,Dem,"William """"Will"""" Boddie, Jr",1511,885,113,0,513
Carroll,Temple County,Commissioner Of Labor,,Dem,"William """"Will"""" Boddie, Jr",335,176,34,0,125
Carroll,Temple City,Commissioner Of Labor,,Dem,"William """"Will"""" Boddie, Jr",639,312,49,0,278
Carroll,Whitesburg,Commissioner Of Labor,,Dem,"William """"Will"""" Boddie, Jr",160,77,10,0,73
Carroll,Roopville,Commissioner Of Labor,,Dem,"William """"Will"""" Boddie, Jr",218,116,20,0,82
Carroll,West Carrollton,Commissioner Of Labor,,Dem,"William """"Will"""" Boddie, Jr",907,551,55,1,300
Carroll,Lakeshore Rec Center,Commissioner Of Labor,,Dem,"William """"Will"""" Boddie, Jr",318,210,22,0,86
Carroll,Bonner,Commissioner Of Labor,,Dem,"William """"Will"""" Boddie, Jr",647,396,40,0,211
Carroll,University of W GA,Commissioner Of Labor,,Dem,"William """"Will"""" Boddie, Jr",273,136,7,0,130
Carroll,County Admin Bldg,Commissioner Of Labor,,Dem,"William """"Will"""" Boddie, Jr",509,351,41,0,117
Carroll,Tabernacle Church,Commissioner Of Labor,,Dem,"William """"Will"""" Boddie, Jr",281,160,26,0,95
Carroll,Burson Center,Commissioner Of Labor,,Dem,"William """"Will"""" Boddie, Jr",251,154,25,0,72
Carroll,Old Camp Church,Commissioner Of Labor,,Dem,"William """"Will"""" Boddie, Jr",266,159,20,0,87
Carroll,Oak Grove,Commissioner Of Labor,,Dem,"William """"Will"""" Boddie, Jr",161,101,17,0,43
Carroll,Kansas,Commissioner Of Labor,,Lib,Emily Anderson,18,5,0,0,13
Carroll,Bowdon,Commissioner Of Labor,,Lib,Emily Anderson,44,15,2,0,27
Carroll,Sandhill,Commissioner Of Labor,,Lib,Emily Anderson,52,26,2,1,23
Carroll,Center Point,Commissioner Of Labor,,Lib,Emily Anderson,27,11,1,0,15
Carroll,Mt Zion,Commissioner Of Labor,,Lib,Emily Anderson,34,15,1,0,18
Carroll,Burwell,Commissioner Of Labor,,Lib,Emily Anderson,23,6,1,1,15
Carroll,Clem,Commissioner Of Labor,,Lib,Emily Anderson,53,26,1,0,26
Carroll,Bowdon Junction,Commissioner Of Labor,,Lib,Emily Anderson,10,4,0,0,6
Carroll,Tyus,Commissioner Of Labor,,Lib,Emily Anderson,12,1,0,0,11
Carroll,Fairfield,Commissioner Of Labor,,Lib,Emily Anderson,49,19,3,0,27
Carroll,Hulett,Commissioner Of Labor,,Lib,Emily Anderson,41,11,1,0,29
Carroll,Bethany,Commissioner Of Labor,,Lib,Emily Anderson,60,30,0,0,30
Carroll,V R County South,Commissioner Of Labor,,Lib,Emily Anderson,34,12,1,0,21
Carroll,V R County North,Commissioner Of Labor,,Lib,Emily Anderson,72,29,0,0,43
Carroll,Villa Rica City,Commissioner Of Labor,,Lib,Emily Anderson,113,55,3,0,55
Carroll,Temple County,Commissioner Of Labor,,Lib,Emily Anderson,44,11,1,0,32
Carroll,Temple City,Commissioner Of Labor,,Lib,Emily Anderson,50,11,1,0,38
Carroll,Whitesburg,Commissioner Of Labor,,Lib,Emily Anderson,42,10,4,0,28
Carroll,Roopville,Commissioner Of Labor,,Lib,Emily Anderson,37,13,3,0,21
Carroll,West Carrollton,Commissioner Of Labor,,Lib,Emily Anderson,53,26,3,0,24
Carroll,Lakeshore Rec Center,Commissioner Of Labor,,Lib,Emily Anderson,23,15,2,0,6
Carroll,Bonner,Commissioner Of Labor,,Lib,Emily Anderson,59,29,1,0,29
Carroll,University of W GA,Commissioner Of Labor,,Lib,Emily Anderson,26,11,0,0,15
Carroll,County Admin Bldg,Commissioner Of Labor,,Lib,Emily Anderson,47,19,5,0,23
Carroll,Tabernacle Church,Commissioner Of Labor,,Lib,Emily Anderson,25,9,3,0,13
Carroll,Burson Center,Commissioner Of Labor,,Lib,Emily Anderson,14,8,0,0,6
Carroll,Old Camp Church,Commissioner Of Labor,,Lib,Emily Anderson,35,11,2,0,22
Carroll,Oak Grove,Commissioner Of Labor,,Lib,Emily Anderson,21,6,0,0,15
Carroll,Kansas,U.S. House,3,Rep,Drew Ferguson ,689,165,18,0,506
Carroll,Bowdon,U.S. House,3,Rep,Drew Ferguson ,1304,433,28,0,843
Carroll,Sandhill,U.S. House,3,Rep,Drew Ferguson ,1697,863,41,0,793
Carroll,Center Point,U.S. House,3,Rep,Drew Ferguson ,1127,462,38,0,627
Carroll,Mt Zion,U.S. House,3,Rep,Drew Ferguson ,1211,402,17,1,791
Carroll,Burwell,U.S. House,3,Rep,Drew Ferguson ,748,253,25,1,469
Carroll,Clem,U.S. House,3,Rep,Drew Ferguson ,1824,1008,33,1,782
Carroll,Bowdon Junction,U.S. House,3,Rep,Drew Ferguson ,679,305,12,0,362
Carroll,Tyus,U.S. House,3,Rep,Drew Ferguson ,1069,301,16,0,752
Carroll,Fairfield,U.S. House,3,Rep,Drew Ferguson ,1868,692,33,0,1143
Carroll,Hulett,U.S. House,3,Rep,Drew Ferguson ,1250,522,22,0,706
Carroll,Bethany,U.S. House,3,Rep,Drew Ferguson ,1296,722,25,0,549
Carroll,V R County South,U.S. House,3,Rep,Drew Ferguson ,1223,719,20,0,484
Carroll,V R County North,U.S. House,3,Rep,Drew Ferguson ,1827,1019,34,0,774
Carroll,Villa Rica City,U.S. House,3,Rep,Drew Ferguson ,1490,874,55,0,561
Carroll,Temple County,U.S. House,3,Rep,Drew Ferguson ,1618,735,44,0,839
Carroll,Temple City,U.S. House,3,Rep,Drew Ferguson ,1199,420,29,1,749
Carroll,Whitesburg,U.S. House,3,Rep,Drew Ferguson ,1071,346,26,0,699
Carroll,Roopville,U.S. House,3,Rep,Drew Ferguson ,1714,718,23,0,973
Carroll,West Carrollton,U.S. House,3,Rep,Drew Ferguson ,671,423,22,0,226
Carroll,Lakeshore Rec Center,U.S. House,3,Rep,Drew Ferguson ,498,310,27,0,161
Carroll,Bonner,U.S. House,3,Rep,Drew Ferguson ,1316,857,40,0,419
Carroll,University of W GA,U.S. House,3,Rep,Drew Ferguson ,624,403,8,0,213
Carroll,County Admin Bldg,U.S. House,3,Rep,Drew Ferguson ,875,571,23,1,280
Carroll,Tabernacle Church,U.S. House,3,Rep,Drew Ferguson ,674,387,45,0,242
Carroll,Burson Center,U.S. House,3,Rep,Drew Ferguson ,555,352,4,0,199
Carroll,Old Camp Church,U.S. House,3,Rep,Drew Ferguson ,1128,562,22,0,544
Carroll,Oak Grove,U.S. House,3,Rep,Drew Ferguson ,798,313,17,0,468
Carroll,Kansas,U.S. House,3,Dem,Val Almonord,51,21,5,0,25
Carroll,Bowdon,U.S. House,3,Dem,Val Almonord,304,126,19,1,158
Carroll,Sandhill,U.S. House,3,Dem,Val Almonord,550,341,42,1,166
Carroll,Center Point,U.S. House,3,Dem,Val Almonord,132,75,3,0,54
Carroll,Mt Zion,U.S. House,3,Dem,Val Almonord,205,99,21,0,85
Carroll,Burwell,U.S. House,3,Dem,Val Almonord,136,56,12,0,68
Carroll,Clem,U.S. House,3,Dem,Val Almonord,441,261,27,0,153
Carroll,Bowdon Junction,U.S. House,3,Dem,Val Almonord,156,90,6,0,60
Carroll,Tyus,U.S. House,3,Dem,Val Almonord,119,67,11,2,39
Carroll,Fairfield,U.S. House,3,Dem,Val Almonord,597,337,55,0,205
Carroll,Hulett,U.S. House,3,Dem,Val Almonord,224,110,19,0,95
Carroll,Bethany,U.S. House,3,Dem,Val Almonord,687,437,39,1,210
Carroll,V R County South,U.S. House,3,Dem,Val Almonord,272,173,27,0,72
Carroll,V R County North,U.S. House,3,Dem,Val Almonord,776,441,58,0,277
Carroll,Villa Rica City,U.S. House,3,Dem,Val Almonord,1531,896,113,0,522
Carroll,Temple County,U.S. House,3,Dem,Val Almonord,358,186,35,0,137
Carroll,Temple City,U.S. House,3,Dem,Val Almonord,641,307,48,0,286
Carroll,Whitesburg,U.S. House,3,Dem,Val Almonord,172,82,12,0,78
Carroll,Roopville,U.S. House,3,Dem,Val Almonord,228,113,24,0,91
Carroll,West Carrollton,U.S. House,3,Dem,Val Almonord,913,556,57,0,300
Carroll,Lakeshore Rec Center,U.S. House,3,Dem,Val Almonord,328,222,22,0,84
Carroll,Bonner,U.S. House,3,Dem,Val Almonord,661,401,40,0,220
Carroll,University of W GA,U.S. House,3,Dem,Val Almonord,264,130,9,0,125
Carroll,County Admin Bldg,U.S. House,3,Dem,Val Almonord,513,352,44,0,117
Carroll,Tabernacle Church,U.S. House,3,Dem,Val Almonord,290,166,29,0,95
Carroll,Burson Center,U.S. House,3,Dem,Val Almonord,251,154,26,0,71
Carroll,Old Camp Church,U.S. House,3,Dem,Val Almonord,257,157,18,0,82
Carroll,Oak Grove,U.S. House,3,Dem,Val Almonord,160,101,14,0,45
Carroll,Kansas,State Senate,30,Rep,Mike Dugan ,710,173,21,0,516
Carroll,Bowdon,State Senate,30,Rep,Mike Dugan ,1445,489,34,0,922
Carroll,Sandhill,State Senate,30,Rep,Mike Dugan ,1949,1021,56,0,872
Carroll,Center Point,State Senate,30,Rep,Mike Dugan ,1189,494,38,0,657
Carroll,Mt Zion,State Senate,30,Rep,Mike Dugan ,1289,432,25,1,831
Carroll,Burwell,State Senate,30,Rep,Mike Dugan ,808,277,26,1,504
Carroll,Clem,State Senate,30,Rep,Mike Dugan ,2037,1129,41,1,866
Carroll,Bowdon Junction,State Senate,30,Rep,Mike Dugan ,755,347,14,0,394
Carroll,Tyus,State Senate,30,Rep,Mike Dugan ,1111,327,19,0,765
Carroll,Fairfield,State Senate,30,Rep,Mike Dugan ,2101,816,46,0,1239
Carroll,Hulett,State Senate,30,Rep,Mike Dugan ,1353,566,30,0,757
Carroll,Bethany,State Senate,30,Rep,Mike Dugan ,1639,934,37,0,668
Carroll,V R County South,State Senate,30,Rep,Mike Dugan ,1347,804,24,0,519
Carroll,V R County North,State Senate,30,Rep,Mike Dugan ,2183,1202,48,0,933
Carroll,Villa Rica City,State Senate,30,Rep,Mike Dugan ,2151,1247,93,0,811
Carroll,Temple County,State Senate,30,Rep,Mike Dugan ,1775,814,51,0,910
Carroll,Temple City,State Senate,30,Rep,Mike Dugan ,1516,568,42,1,905
Carroll,Whitesburg,State Senate,30,Rep,Mike Dugan ,1153,382,32,0,739
Carroll,Roopville,State Senate,30,Rep,Mike Dugan ,1814,759,34,0,1021
Carroll,West Carrollton,State Senate,30,Rep,Mike Dugan ,1095,665,48,0,382
Carroll,Lakeshore Rec Center,State Senate,30,Rep,Mike Dugan ,640,406,33,0,201
Carroll,Bonner,State Senate,30,Rep,Mike Dugan ,1635,1041,54,0,540
Carroll,University of W GA,State Senate,30,Rep,Mike Dugan ,766,467,11,0,288
Carroll,County Admin Bldg,State Senate,30,Rep,Mike Dugan ,1106,730,33,1,342
Carroll,Tabernacle Church,State Senate,30,Rep,Mike Dugan ,803,457,55,0,291
Carroll,Burson Center,State Senate,30,Rep,Mike Dugan ,666,415,12,0,239
Carroll,Old Camp Church,State Senate,30,Rep,Mike Dugan ,1229,632,25,0,572
Carroll,Oak Grove,State Senate,30,Rep,Mike Dugan ,865,351,24,0,490
Carroll,Kansas,State House,18,Rep,Tyler Paul Smith ,690,166,16,0,508
Carroll,Bowdon,State House,18,Rep,Tyler Paul Smith ,1305,435,27,0,843
Carroll,Center Point,State House,18,Rep,Tyler Paul Smith ,1127,466,38,0,623
Carroll,Mt Zion,State House,18,Rep,Tyler Paul Smith ,1201,396,18,0,787
Carroll,Bowdon Junction,State House,18,Rep,Tyler Paul Smith ,678,304,14,0,360
Carroll,Tyus,State House,18,Rep,Tyler Paul Smith ,1071,305,17,0,749
Carroll,Burson Center,State House,18,Rep,Tyler Paul Smith ,552,349,4,0,199
Carroll,Kansas,State House,18,Dem,Pat Rhudy,47,19,6,0,22
Carroll,Bowdon,State House,18,Dem,Pat Rhudy,297,124,18,1,154
Carroll,Center Point,State House,18,Dem,Pat Rhudy,132,72,3,0,57
Carroll,Mt Zion,State House,18,Dem,Pat Rhudy,205,99,20,0,86
Carroll,Bowdon Junction,State House,18,Dem,Pat Rhudy,153,90,4,0,59
Carroll,Tyus,State House,18,Dem,Pat Rhudy,113,63,9,0,41
Carroll,Burson Center,State House,18,Dem,Pat Rhudy,252,156,26,0,70
Carroll,Whitesburg,State House,70,Rep,Lynn Smith ,1081,354,25,0,702
Carroll,Whitesburg,State House,70,Dem,"Calvin Louis Anderson, Jr.",159,74,12,0,73
Carroll,Sandhill,State House,71,Rep,J. Collins ,1738,882,47,0,809
Carroll,Fairfield,State House,71,Rep,J. Collins ,1890,708,36,0,1146
Carroll,Hulett,State House,71,Rep,J. Collins ,1266,526,20,0,720
Carroll,Bethany,State House,71,Rep,J. Collins ,1311,730,28,0,553
Carroll,V R County South,State House,71,Rep,J. Collins ,1239,731,22,0,486
Carroll,V R County North,State House,71,Rep,J. Collins ,1879,1047,42,0,790
Carroll,Villa Rica City,State House,71,Rep,J. Collins ,1591,939,66,0,586
Carroll,Temple County,State House,71,Rep,J. Collins ,1655,751,50,0,854
Carroll,Temple City,State House,71,Rep,J. Collins ,1222,431,29,0,762
Carroll,Lakeshore Rec Center,State House,71,Rep,J. Collins ,516,324,28,0,164
Carroll,Bonner,State House,71,Rep,J. Collins ,93,56,1,0,36
Carroll,County Admin Bldg,State House,71,Rep,J. Collins ,889,580,24,0,285
Carroll,Sandhill,State House,71,Dem,Afoma Eguh Okafor,500,315,37,1,147
Carroll,Fairfield,State House,71,Dem,Afoma Eguh Okafor,566,318,51,0,197
Carroll,Hulett,State House,71,Dem,Afoma Eguh Okafor,201,105,17,0,79
Carroll,Bethany,State House,71,Dem,Afoma Eguh Okafor,663,424,37,1,201
Carroll,V R County South,State House,71,Dem,Afoma Eguh Okafor,257,163,25,0,69
Carroll,V R County North,State House,71,Dem,Afoma Eguh Okafor,728,413,50,0,265
Carroll,Villa Rica City,State House,71,Dem,Afoma Eguh Okafor,1438,838,101,0,499
Carroll,Temple County,State House,71,Dem,Afoma Eguh Okafor,323,167,27,0,129
Carroll,Temple City,State House,71,Dem,Afoma Eguh Okafor,617,296,48,0,273
Carroll,Lakeshore Rec Center,State House,71,Dem,Afoma Eguh Okafor,308,205,21,0,82
Carroll,Bonner,State House,71,Dem,Afoma Eguh Okafor,81,48,5,0,28
Carroll,County Admin Bldg,State House,71,Dem,Afoma Eguh Okafor,493,337,41,0,115
Carroll,Burwell,State House,72,Rep,David Huddleston,808,275,26,1,506
Carroll,Clem,State House,72,Rep,David Huddleston,2018,1121,39,0,858
Carroll,Roopville,State House,72,Rep,David Huddleston,1815,756,34,0,1025
Carroll,West Carrollton,State House,72,Rep,David Huddleston,1084,654,50,0,380
Carroll,Bonner,State House,72,Rep,David Huddleston,1473,943,50,0,480
Carroll,University of W GA,State House,72,Rep,David Huddleston,752,459,11,0,282
Carroll,Tabernacle Church,State House,72,Rep,David Huddleston,785,442,53,0,290
Carroll,Old Camp Church,State House,72,Rep,David Huddleston,1221,622,27,0,572
Carroll,Oak Grove,State House,72,Rep,David Huddleston,859,348,25,0,486
Carroll,Sandhill,County Commissioner Dist 2,,Rep,Clint M. Chance ,154,77,2,0,75
Carroll,Fairfield,County Commissioner Dist 2,,Rep,Clint M. Chance ,2110,817,47,0,1246
Carroll,V R County South,County Commissioner Dist 2,,Rep,Clint M. Chance ,531,308,8,0,215
Carroll,V R County North,County Commissioner Dist 2,,Rep,Clint M. Chance ,1397,741,30,0,626
Carroll,Villa Rica City,County Commissioner Dist 2,,Rep,Clint M. Chance ,2183,1265,95,0,823
Carroll,Clem,County Commissioner Dist 4,,Rep,Steve Fuller ,1171,642,24,0,505
Carroll,Bethany,County Commissioner Dist 4,,Rep,Steve Fuller ,104,74,6,0,24
Carroll,Roopville,County Commissioner Dist 4,,Rep,Steve Fuller ,90,47,0,0,43
Carroll,Bonner,County Commissioner Dist 4,,Rep,Steve Fuller ,903,601,20,0,282
Carroll,University of W GA,County Commissioner Dist 4,,Rep,Steve Fuller ,502,315,6,0,181
Carroll,County Admin Bldg,County Commissioner Dist 4,,Rep,Steve Fuller ,1104,728,35,1,340
Carroll,Tabernacle Church,County Commissioner Dist 4,,Rep,Steve Fuller ,796,452,55,0,289
Carroll,Old Camp Church,County Commissioner Dist 4,,Rep,Steve Fuller ,1233,631,27,0,575
Carroll,Oak Grove,County Commissioner Dist 4,,Rep,Steve Fuller ,864,351,28,0,485
Carroll,Kansas,County Commissioner Dist 6,,Rep,Danny S. Bailey,707,174,18,0,515
Carroll,Bowdon,County Commissioner Dist 6,,Rep,Danny S. Bailey,1460,492,36,1,931
Carroll,Center Point,County Commissioner Dist 6,,Rep,Danny S. Bailey,409,148,10,0,251
Carroll,Mt Zion,County Commissioner Dist 6,,Rep,Danny S. Bailey,1299,436,27,0,836
Carroll,Burwell,County Commissioner Dist 6,,Rep,Danny S. Bailey,812,275,28,1,508
Carroll,Bowdon Junction,County Commissioner Dist 6,,Rep,Danny S. Bailey,746,339,13,0,394
Carroll,Tyus,County Commissioner Dist 6,,Rep,Danny S. Bailey,1115,327,20,0,768
Carroll,West Carrollton,County Commissioner Dist 6,,Rep,Danny S. Bailey,287,185,12,0,90
Carroll,Burson Center,County Commissioner Dist 6,,Rep,Danny S. Bailey,62,36,4,0,22
Carroll,Kansas,West Georgia Soil and Water,,,Carl E. Brack ,655,170,15,0,470
Carroll,Bowdon,West Georgia Soil and Water,,,Carl E. Brack ,1429,489,39,0,901
Carroll,Sandhill,West Georgia Soil and Water,,,Carl E. Brack ,1920,1009,64,0,847
Carroll,Center Point,West Georgia Soil and Water,,,Carl E. Brack ,1151,482,40,0,629
Carroll,Mt Zion,West Georgia Soil and Water,,,Carl E. Brack ,1242,421,29,1,791
Carroll,Burwell,West Georgia Soil and Water,,,Carl E. Brack ,777,279,30,1,467
Carroll,Clem,West Georgia Soil and Water,,,Carl E. Brack ,1981,1102,46,1,832
Carroll,Bowdon Junction,West Georgia Soil and Water,,,Carl E. Brack ,739,346,15,0,378
Carroll,Tyus,West Georgia Soil and Water,,,Carl E. Brack ,1085,326,21,0,738
Carroll,Fairfield,West Georgia Soil and Water,,,Carl E. Brack ,2104,852,51,0,1201
Carroll,Hulett,West Georgia Soil and Water,,,Carl E. Brack ,1299,548,34,0,717
Carroll,Bethany,West Georgia Soil and Water,,,Carl E. Brack ,1663,949,46,0,668
Carroll,V R County South,West Georgia Soil and Water,,,Carl E. Brack ,1323,787,32,0,504
Carroll,V R County North,West Georgia Soil and Water,,,Carl E. Brack ,2209,1237,58,0,914
Carroll,Villa Rica City,West Georgia Soil and Water,,,Carl E. Brack ,2357,1360,107,0,890
Carroll,Temple County,West Georgia Soil and Water,,,Carl E. Brack ,1740,799,65,0,876
Carroll,Temple City,West Georgia Soil and Water,,,Carl E. Brack ,1507,580,44,1,882
Carroll,Whitesburg,West Georgia Soil and Water,,,Carl E. Brack ,1126,385,37,0,704
Carroll,Roopville,West Georgia Soil and Water,,,Carl E. Brack ,1761,748,39,0,974
Carroll,West Carrollton,West Georgia Soil and Water,,,Carl E. Brack ,1192,717,53,0,422
Carroll,Lakeshore Rec Center,West Georgia Soil and Water,,,Carl E. Brack ,683,431,39,0,213
Carroll,Bonner,West Georgia Soil and Water,,,Carl E. Brack ,1656,1040,61,0,555
Carroll,University of W GA,West Georgia Soil and Water,,,Carl E. Brack ,774,472,12,0,290
Carroll,County Admin Bldg,West Georgia Soil and Water,,,Carl E. Brack ,1172,774,46,1,351
Carroll,Tabernacle Church,West Georgia Soil and Water,,,Carl E. Brack ,794,447,60,0,287
Carroll,Burson Center,West Georgia Soil and Water,,,Carl E. Brack ,689,429,21,0,239
Carroll,Old Camp Church,West Georgia Soil and Water,,,Carl E. Brack ,1210,623,30,0,557
Carroll,Oak Grove,West Georgia Soil and Water,,,Carl E. Brack ,852,353,30,0,469
Carroll,Kansas,Constitutional Amendment #1,,,Yes,639,168,19,0,452
Carroll,Bowdon,Constitutional Amendment #1,,,Yes,1365,476,34,0,855
Carroll,Sandhill,Constitutional Amendment #1,,,Yes,1921,1038,71,0,812
Carroll,Center Point,Constitutional Amendment #1,,,Yes,1105,460,40,0,605
Carroll,Mt Zion,Constitutional Amendment #1,,,Yes,1230,441,35,1,753
Carroll,Burwell,Constitutional Amendment #1,,,Yes,761,275,30,1,455
Carroll,Clem,Constitutional Amendment #1,,,Yes,1978,1109,49,1,819
Carroll,Bowdon Junction,Constitutional Amendment #1,,,Yes,712,351,16,0,345
Carroll,Tyus,Constitutional Amendment #1,,,Yes,1036,316,26,2,692
Carroll,Fairfield,Constitutional Amendment #1,,,Yes,2186,912,80,0,1194
Carroll,Hulett,Constitutional Amendment #1,,,Yes,1265,520,37,0,708
Carroll,Bethany,Constitutional Amendment #1,,,Yes,1729,1015,59,1,654
Carroll,V R County South,Constitutional Amendment #1,,,Yes,1304,785,41,0,478
Carroll,V R County North,Constitutional Amendment #1,,,Yes,2262,1266,86,0,910
Carroll,Villa Rica City,Constitutional Amendment #1,,,Yes,2586,1517,147,0,922
Carroll,Temple County,Constitutional Amendment #1,,,Yes,1697,788,61,0,848
Carroll,Temple City,Constitutional Amendment #1,,,Yes,1602,654,67,1,880
Carroll,Whitesburg,Constitutional Amendment #1,,,Yes,1086,379,35,0,672
Carroll,Roopville,Constitutional Amendment #1,,,Yes,1686,719,42,0,925
Carroll,West Carrollton,Constitutional Amendment #1,,,Yes,1329,810,75,0,444
Carroll,Lakeshore Rec Center,Constitutional Amendment #1,,,Yes,718,467,42,0,209
Carroll,Bonner,Constitutional Amendment #1,,,Yes,1726,1093,77,0,556
Carroll,University of W GA,Constitutional Amendment #1,,,Yes,784,482,13,0,289
Carroll,County Admin Bldg,Constitutional Amendment #1,,,Yes,1233,828,60,1,344
Carroll,Tabernacle Church,Constitutional Amendment #1,,,Yes,855,488,69,0,298
Carroll,Burson Center,Constitutional Amendment #1,,,Yes,687,434,25,0,228
Carroll,Old Camp Church,Constitutional Amendment #1,,,Yes,1227,632,38,0,557
Carroll,Oak Grove,Constitutional Amendment #1,,,Yes,857,369,30,0,458
Carroll,Kansas,Constitutional Amendment #1,,,No,73,17,4,0,52
Carroll,Bowdon,Constitutional Amendment #1,,,No,196,67,9,0,120
Carroll,Sandhill,Constitutional Amendment #1,,,No,296,157,13,1,125
Carroll,Center Point,Constitutional Amendment #1,,,No,134,64,2,0,68
Carroll,Mt Zion,Constitutional Amendment #1,,,No,154,48,2,0,104
Carroll,Burwell,Constitutional Amendment #1,,,No,109,36,3,0,70
Carroll,Clem,Constitutional Amendment #1,,,No,247,145,8,0,94
Carroll,Bowdon Junction,Constitutional Amendment #1,,,No,96,39,1,0,56
Carroll,Tyus,Constitutional Amendment #1,,,No,129,43,2,0,84
Carroll,Fairfield,Constitutional Amendment #1,,,No,233,97,5,0,131
Carroll,Hulett,Constitutional Amendment #1,,,No,181,99,5,0,77
Carroll,Bethany,Constitutional Amendment #1,,,No,224,130,4,0,90
Carroll,V R County South,Constitutional Amendment #1,,,No,171,93,7,0,71
Carroll,V R County North,Constitutional Amendment #1,,,No,295,169,3,0,123
Carroll,Villa Rica City,Constitutional Amendment #1,,,No,384,230,12,0,142
Carroll,Temple County,Constitutional Amendment #1,,,No,243,115,13,0,115
Carroll,Temple City,Constitutional Amendment #1,,,No,221,67,6,0,148
Carroll,Whitesburg,Constitutional Amendment #1,,,No,143,46,3,0,94
Carroll,Roopville,Constitutional Amendment #1,,,No,227,101,4,0,122
Carroll,West Carrollton,Constitutional Amendment #1,,,No,210,130,1,0,79
Carroll,Lakeshore Rec Center,Constitutional Amendment #1,,,No,92,56,5,0,31
Carroll,Bonner,Constitutional Amendment #1,,,No,227,141,2,0,84
Carroll,University of W GA,Constitutional Amendment #1,,,No,90,46,1,0,43
Carroll,County Admin Bldg,Constitutional Amendment #1,,,No,133,84,4,0,45
Carroll,Tabernacle Church,Constitutional Amendment #1,,,No,87,51,4,0,32
Carroll,Burson Center,Constitutional Amendment #1,,,No,101,61,5,0,35
Carroll,Old Camp Church,Constitutional Amendment #1,,,No,139,75,0,0,64
Carroll,Oak Grove,Constitutional Amendment #1,,,No,89,38,2,0,49
Carroll,Kansas,Constitutional Amendment #2,,,Yes,665,171,17,0,477
Carroll,Bowdon,Constitutional Amendment #2,,,Yes,1465,503,43,0,919
Carroll,Sandhill,Constitutional Amendment #2,,,Yes,2004,1057,79,1,867
Carroll,Center Point,Constitutional Amendment #2,,,Yes,1124,480,39,0,605
Carroll,Mt Zion,Constitutional Amendment #2,,,Yes,1276,451,36,1,788
Carroll,Burwell,Constitutional Amendment #2,,,Yes,805,286,34,1,484
Carroll,Clem,Constitutional Amendment #2,,,Yes,2060,1144,53,1,862
Carroll,Bowdon Junction,Constitutional Amendment #2,,,Yes,761,365,17,0,379
Carroll,Tyus,Constitutional Amendment #2,,,Yes,1081,330,24,2,725
Carroll,Fairfield,Constitutional Amendment #2,,,Yes,2288,948,80,0,1260
Carroll,Hulett,Constitutional Amendment #2,,,Yes,1350,559,39,0,752
Carroll,Bethany,Constitutional Amendment #2,,,Yes,1820,1064,59,1,696
Carroll,V R County South,Constitutional Amendment #2,,,Yes,1368,828,48,0,492
Carroll,V R County North,Constitutional Amendment #2,,,Yes,2413,1358,80,0,975
Carroll,Villa Rica City,Constitutional Amendment #2,,,Yes,2820,1659,153,0,1008
Carroll,Temple County,Constitutional Amendment #2,,,Yes,1814,840,71,0,903
Carroll,Temple City,Constitutional Amendment #2,,,Yes,1687,669,69,1,948
Carroll,Whitesburg,Constitutional Amendment #2,,,Yes,1133,384,37,0,712
Carroll,Roopville,Constitutional Amendment #2,,,Yes,1743,740,41,0,962
Carroll,West Carrollton,Constitutional Amendment #2,,,Yes,1409,858,64,0,487
Carroll,Lakeshore Rec Center,Constitutional Amendment #2,,,Yes,755,486,44,0,225
Carroll,Bonner,Constitutional Amendment #2,,,Yes,1802,1146,73,0,583
Carroll,University of W GA,Constitutional Amendment #2,,,Yes,822,498,14,0,310
Carroll,County Admin Bldg,Constitutional Amendment #2,,,Yes,1286,858,59,1,368
Carroll,Tabernacle Church,Constitutional Amendment #2,,,Yes,888,514,69,0,305
Carroll,Burson Center,Constitutional Amendment #2,,,Yes,735,463,27,0,245
Carroll,Old Camp Church,Constitutional Amendment #2,,,Yes,1249,641,38,0,570
Carroll,Oak Grove,Constitutional Amendment #2,,,Yes,875,371,31,0,473
Carroll,Kansas,Constitutional Amendment #2,,,No,51,13,6,0,32
Carroll,Bowdon,Constitutional Amendment #2,,,No,107,38,2,0,67
Carroll,Sandhill,Constitutional Amendment #2,,,No,213,134,5,0,74
Carroll,Center Point,Constitutional Amendment #2,,,No,121,51,1,0,69
Carroll,Mt Zion,Constitutional Amendment #2,,,No,118,45,1,0,72
Carroll,Burwell,Constitutional Amendment #2,,,No,70,25,2,0,43
Carroll,Clem,Constitutional Amendment #2,,,No,179,115,6,0,58
Carroll,Bowdon Junction,Constitutional Amendment #2,,,No,51,21,0,0,30
Carroll,Tyus,Constitutional Amendment #2,,,No,89,29,4,0,56
Carroll,Fairfield,Constitutional Amendment #2,,,No,148,71,5,0,72
Carroll,Hulett,Constitutional Amendment #2,,,No,105,63,3,0,39
Carroll,Bethany,Constitutional Amendment #2,,,No,141,85,5,0,51
Carroll,V R County South,Constitutional Amendment #2,,,No,113,55,1,0,57
Carroll,V R County North,Constitutional Amendment #2,,,No,166,89,8,0,69
Carroll,Villa Rica City,Constitutional Amendment #2,,,No,184,105,11,0,68
Carroll,Temple County,Constitutional Amendment #2,,,No,137,67,6,0,64
Carroll,Temple City,Constitutional Amendment #2,,,No,135,54,3,0,78
Carroll,Whitesburg,Constitutional Amendment #2,,,No,104,45,2,0,57
Carroll,Roopville,Constitutional Amendment #2,,,No,179,83,4,0,92
Carroll,West Carrollton,Constitutional Amendment #2,,,No,141,92,10,0,39
Carroll,Lakeshore Rec Center,Constitutional Amendment #2,,,No,65,42,4,0,19
Carroll,Bonner,Constitutional Amendment #2,,,No,156,91,6,0,59
Carroll,University of W GA,Constitutional Amendment #2,,,No,59,35,2,0,22
Carroll,County Admin Bldg,Constitutional Amendment #2,,,No,91,60,5,0,26
Carroll,Tabernacle Church,Constitutional Amendment #2,,,No,62,34,3,0,25
Carroll,Burson Center,Constitutional Amendment #2,,,No,59,35,3,0,21
Carroll,Old Camp Church,Constitutional Amendment #2,,,No,125,65,1,0,59
Carroll,Oak Grove,Constitutional Amendment #2,,,No,71,36,0,0,35
Carroll,Kansas,Statewide Referendum A,,,Yes,446,103,8,0,335
Carroll,Bowdon,Statewide Referendum A,,,Yes,1054,339,28,0,687
Carroll,Sandhill,Statewide Referendum A,,,Yes,1337,701,42,1,593
Carroll,Center Point,Statewide Referendum A,,,Yes,744,295,21,0,428
Carroll,Mt Zion,Statewide Referendum A,,,Yes,852,298,17,1,536
Carroll,Burwell,Statewide Referendum A,,,Yes,557,197,19,0,341
Carroll,Clem,Statewide Referendum A,,,Yes,1328,698,35,1,594
Carroll,Bowdon Junction,Statewide Referendum A,,,Yes,509,245,7,0,257
Carroll,Tyus,Statewide Referendum A,,,Yes,745,219,16,2,508
Carroll,Fairfield,Statewide Referendum A,,,Yes,1406,550,32,0,824
Carroll,Hulett,Statewide Referendum A,,,Yes,881,350,20,0,511
Carroll,Bethany,Statewide Referendum A,,,Yes,1160,658,43,1,458
Carroll,V R County South,Statewide Referendum A,,,Yes,888,529,22,0,337
Carroll,V R County North,Statewide Referendum A,,,Yes,1622,886,48,0,688
Carroll,Villa Rica City,Statewide Referendum A,,,Yes,1838,1075,73,0,690
Carroll,Temple County,Statewide Referendum A,,,Yes,1231,545,25,0,661
Carroll,Temple City,Statewide Referendum A,,,Yes,1148,450,42,1,655
Carroll,Whitesburg,Statewide Referendum A,,,Yes,742,238,16,0,488
Carroll,Roopville,Statewide Referendum A,,,Yes,1216,494,21,0,701
Carroll,West Carrollton,Statewide Referendum A,,,Yes,918,544,37,0,337
Carroll,Lakeshore Rec Center,Statewide Referendum A,,,Yes,474,285,28,0,161
Carroll,Bonner,Statewide Referendum A,,,Yes,1112,685,38,0,389
Carroll,University of W GA,Statewide Referendum A,,,Yes,520,313,6,0,201
Carroll,County Admin Bldg,Statewide Referendum A,,,Yes,758,488,24,0,246
Carroll,Tabernacle Church,Statewide Referendum A,,,Yes,555,299,41,0,215
Carroll,Burson Center,Statewide Referendum A,,,Yes,439,254,12,0,173
Carroll,Old Camp Church,Statewide Referendum A,,,Yes,793,406,13,0,374
Carroll,Oak Grove,Statewide Referendum A,,,Yes,564,227,16,0,321
Carroll,Kansas,Statewide Referendum A,,,No,260,77,15,0,168
Carroll,Bowdon,Statewide Referendum A,,,No,475,189,15,0,271
Carroll,Sandhill,Statewide Referendum A,,,No,849,473,40,0,336
Carroll,Center Point,Statewide Referendum A,,,No,483,222,20,0,241
Carroll,Mt Zion,Statewide Referendum A,,,No,515,185,19,0,311
Carroll,Burwell,Statewide Referendum A,,,No,304,106,16,1,181
Carroll,Clem,Statewide Referendum A,,,No,870,539,23,0,308
Carroll,Bowdon Junction,Statewide Referendum A,,,No,293,135,9,0,149
Carroll,Tyus,Statewide Referendum A,,,No,406,137,11,0,258
Carroll,Fairfield,Statewide Referendum A,,,No,971,444,49,0,478
Carroll,Hulett,Statewide Referendum A,,,No,554,262,20,0,272
Carroll,Bethany,Statewide Referendum A,,,No,767,471,19,0,277
Carroll,V R County South,Statewide Referendum A,,,No,568,334,26,0,208
Carroll,V R County North,Statewide Referendum A,,,No,909,532,39,0,338
Carroll,Villa Rica City,Statewide Referendum A,,,No,1100,657,81,0,362
Carroll,Temple County,Statewide Referendum A,,,No,698,352,48,0,298
Carroll,Temple City,Statewide Referendum A,,,No,650,264,29,0,357
Carroll,Whitesburg,Statewide Referendum A,,,No,482,186,22,0,274
Carroll,Roopville,Statewide Referendum A,,,No,680,318,24,0,338
Carroll,West Carrollton,Statewide Referendum A,,,No,601,383,36,0,182
Carroll,Lakeshore Rec Center,Statewide Referendum A,,,No,328,231,19,0,78
Carroll,Bonner,Statewide Referendum A,,,No,785,514,35,0,236
Carroll,University of W GA,Statewide Referendum A,,,No,336,204,8,0,124
Carroll,County Admin Bldg,Statewide Referendum A,,,No,588,412,37,1,138
Carroll,Tabernacle Church,Statewide Referendum A,,,No,374,232,30,0,112
Carroll,Burson Center,Statewide Referendum A,,,No,338,234,15,0,89
Carroll,Old Camp Church,Statewide Referendum A,,,No,553,284,24,0,245
Carroll,Oak Grove,Statewide Referendum A,,,No,366,173,16,0,177
Carroll,Kansas,Statewide Referendum B,,,Yes,610,151,14,0,445
Carroll,Bowdon,Statewide Referendum B,,,Yes,1300,430,34,0,836
Carroll,Sandhill,Statewide Referendum B,,,Yes,1763,929,59,1,774
Carroll,Center Point,Statewide Referendum B,,,Yes,994,408,27,0,559
Carroll,Mt Zion,Statewide Referendum B,,,Yes,1148,394,23,1,730
Carroll,Burwell,Statewide Referendum B,,,Yes,706,252,20,0,434
Carroll,Clem,Statewide Referendum B,,,Yes,1774,947,42,1,784
Carroll,Bowdon Junction,Statewide Referendum B,,,Yes,674,315,10,0,349
Carroll,Tyus,Statewide Referendum B,,,Yes,1006,293,20,2,691
Carroll,Fairfield,Statewide Referendum B,,,Yes,1937,793,57,0,1087
Carroll,Hulett,Statewide Referendum B,,,Yes,1178,478,28,0,672
Carroll,Bethany,Statewide Referendum B,,,Yes,1528,882,48,1,597
Carroll,V R County South,Statewide Referendum B,,,Yes,1191,712,28,0,451
Carroll,V R County North,Statewide Referendum B,,,Yes,2092,1162,58,0,872
Carroll,Villa Rica City,Statewide Referendum B,,,Yes,2290,1334,96,0,860
Carroll,Temple County,Statewide Referendum B,,,Yes,1595,714,41,0,840
Carroll,Temple City,Statewide Referendum B,,,Yes,1474,582,48,1,843
Carroll,Whitesburg,Statewide Referendum B,,,Yes,1032,357,24,0,651
Carroll,Roopville,Statewide Referendum B,,,Yes,1564,646,30,0,888
Carroll,West Carrollton,Statewide Referendum B,,,Yes,1159,689,47,0,423
Carroll,Lakeshore Rec Center,Statewide Referendum B,,,Yes,608,382,30,0,196
Carroll,Bonner,Statewide Referendum B,,,Yes,1482,920,53,0,509
Carroll,University of W GA,Statewide Referendum B,,,Yes,656,399,8,0,249
Carroll,County Admin Bldg,Statewide Referendum B,,,Yes,1057,686,41,1,329
Carroll,Tabernacle Church,Statewide Referendum B,,,Yes,740,426,53,0,261
Carroll,Burson Center,Statewide Referendum B,,,Yes,604,372,18,0,214
Carroll,Old Camp Church,Statewide Referendum B,,,Yes,1082,568,18,0,496
Carroll,Oak Grove,Statewide Referendum B,,,Yes,734,303,22,0,409
Carroll,Kansas,Statewide Referendum B,,,No,104,34,9,0,61
Carroll,Bowdon,Statewide Referendum B,,,No,240,98,10,0,132
Carroll,Sandhill,Statewide Referendum B,,,No,433,252,23,0,158
Carroll,Center Point,Statewide Referendum B,,,No,240,113,14,0,113
Carroll,Mt Zion,Statewide Referendum B,,,No,234,92,13,0,129
Carroll,Burwell,Statewide Referendum B,,,No,157,54,16,1,86
Carroll,Clem,Statewide Referendum B,,,No,439,295,16,0,128
Carroll,Bowdon Junction,Statewide Referendum B,,,No,136,70,6,0,60
Carroll,Tyus,Statewide Referendum B,,,No,160,68,7,0,85
Carroll,Fairfield,Statewide Referendum B,,,No,468,215,27,0,226
Carroll,Hulett,Statewide Referendum B,,,No,264,137,13,0,114
Carroll,Bethany,Statewide Referendum B,,,No,407,251,15,0,141
Carroll,V R County South,Statewide Referendum B,,,No,275,159,19,0,97
Carroll,V R County North,Statewide Referendum B,,,No,459,268,29,0,162
Carroll,Villa Rica City,Statewide Referendum B,,,No,663,409,59,0,195
Carroll,Temple County,Statewide Referendum B,,,No,344,186,32,0,126
Carroll,Temple City,Statewide Referendum B,,,No,329,136,19,0,174
Carroll,Whitesburg,Statewide Referendum B,,,No,196,70,14,0,112
Carroll,Roopville,Statewide Referendum B,,,No,339,170,15,0,154
Carroll,West Carrollton,Statewide Referendum B,,,No,359,236,26,0,97
Carroll,Lakeshore Rec Center,Statewide Referendum B,,,No,189,131,15,0,43
Carroll,Bonner,Statewide Referendum B,,,No,432,285,22,0,125
Carroll,University of W GA,Statewide Referendum B,,,No,206,123,7,0,76
Carroll,County Admin Bldg,Statewide Referendum B,,,No,294,214,22,0,58
Carroll,Tabernacle Church,Statewide Referendum B,,,No,192,108,18,0,66
Carroll,Burson Center,Statewide Referendum B,,,No,173,116,8,0,49
Carroll,Old Camp Church,Statewide Referendum B,,,No,261,125,18,0,118
Carroll,Oak Grove,Statewide Referendum B,,,No,202,102,10,0,90
Carroll,West Carrollton,Carrollton,,,Yes,810,470,41,0,299
Carroll,Lakeshore Rec Center,Carrollton,,,Yes,516,336,36,0,144
Carroll,Bonner,Carrollton,,,Yes,1283,806,56,0,421
Carroll,University of W GA,Carrollton,,,Yes,650,393,9,0,248
Carroll,County Admin Bldg,Carrollton,,,Yes,883,591,44,0,248
Carroll,Tabernacle Church,Carrollton,,,Yes,639,366,53,0,220
Carroll,West Carrollton,Carrollton,,,No,342,224,19,0,99
Carroll,Lakeshore Rec Center,Carrollton,,,No,272,173,10,0,89
Carroll,Bonner,Carrollton,,,No,600,381,20,0,199
Carroll,University of W GA,Carrollton,,,No,204,122,5,0,77
Carroll,County Admin Bldg,Carrollton,,,No,452,303,19,0,130
Carroll,Tabernacle Church,Carrollton,,,No,280,158,18,0,104
