county,precinct,office,district,party,candidate,votes,advance_voting_votes,absentee_by_mail_votes,provisional_votes,election_day_votes
Oconee,City Hall,U.S. Senate,,Rep,Herschel Walker,1639,1160,48,0,431
Oconee,Colham Ferry,U.S. Senate,,Rep,Herschel Walker,1758,1282,41,0,435
Oconee,Bishop,U.S. Senate,,Rep,Herschel Walker,1336,851,27,0,458
Oconee,North Oconee,U.S. Senate,,Rep,Herschel Walker,1645,1074,47,1,523
Oconee,Dark Corner,U.S. Senate,,Rep,Herschel Walker,2171,1328,43,0,800
Oconee,Bogart,U.S. Senate,,Rep,Herschel Walker,1076,598,30,0,448
Oconee,Marswood Hall,U.S. Senate,,Rep,Herschel Walker,1886,1217,108,0,561
Oconee,Civic Center,U.S. Senate,,Rep,Herschel Walker,3170,2305,164,0,701
Oconee,City Hall,U.S. Senate,,Dem,Raphael Warnock ,1128,779,103,0,246
Oconee,Colham Ferry,U.S. Senate,,Dem,Raphael Warnock ,701,495,62,0,144
Oconee,Bishop,U.S. Senate,,Dem,Raphael Warnock ,602,403,52,0,147
Oconee,North Oconee,U.S. Senate,,Dem,Raphael Warnock ,553,363,32,0,158
Oconee,Dark Corner,U.S. Senate,,Dem,Raphael Warnock ,605,376,51,0,178
Oconee,Bogart,U.S. Senate,,Dem,Raphael Warnock ,481,249,31,0,201
Oconee,Marswood Hall,U.S. Senate,,Dem,Raphael Warnock ,1002,655,116,1,230
Oconee,Civic Center,U.S. Senate,,Dem,Raphael Warnock ,1915,1288,245,0,382
Oconee,City Hall,U.S. Senate,,Lib,Chase Oliver,90,40,4,0,46
Oconee,Colham Ferry,U.S. Senate,,Lib,Chase Oliver,61,30,1,0,30
Oconee,Bishop,U.S. Senate,,Lib,Chase Oliver,56,33,3,0,20
Oconee,North Oconee,U.S. Senate,,Lib,Chase Oliver,60,27,3,0,30
Oconee,Dark Corner,U.S. Senate,,Lib,Chase Oliver,77,36,2,0,39
Oconee,Bogart,U.S. Senate,,Lib,Chase Oliver,47,16,0,0,31
Oconee,Marswood Hall,U.S. Senate,,Lib,Chase Oliver,81,36,5,0,40
Oconee,Civic Center,U.S. Senate,,Lib,Chase Oliver,143,82,5,0,56
Oconee,City Hall,Governor,,Rep,Brian Kemp ,1903,1323,60,0,520
Oconee,Colham Ferry,Governor,,Rep,Brian Kemp ,1953,1399,48,0,506
Oconee,Bishop,Governor,,Rep,Brian Kemp ,1478,939,33,0,506
Oconee,North Oconee,Governor,,Rep,Brian Kemp ,1830,1170,55,1,604
Oconee,Dark Corner,Governor,,Rep,Brian Kemp ,2379,1439,53,0,887
Oconee,Bogart,Governor,,Rep,Brian Kemp ,1206,653,36,0,517
Oconee,Marswood Hall,Governor,,Rep,Brian Kemp ,2153,1382,135,0,636
Oconee,Civic Center,Governor,,Rep,Brian Kemp ,3651,2618,213,0,820
Oconee,City Hall,Governor,,Dem,Stacey Abrams,954,661,89,0,204
Oconee,Colham Ferry,Governor,,Dem,Stacey Abrams,582,422,57,0,103
Oconee,Bishop,Governor,,Dem,Stacey Abrams,517,349,49,0,119
Oconee,North Oconee,Governor,,Dem,Stacey Abrams,434,292,26,0,116
Oconee,Dark Corner,Governor,,Dem,Stacey Abrams,489,314,44,0,131
Oconee,Bogart,Governor,,Dem,Stacey Abrams,398,211,26,0,161
Oconee,Marswood Hall,Governor,,Dem,Stacey Abrams,820,532,95,1,192
Oconee,Civic Center,Governor,,Dem,Stacey Abrams,1589,1067,206,0,316
Oconee,City Hall,Governor,,Lib,Shane Hazel,20,12,1,0,7
Oconee,Colham Ferry,Governor,,Lib,Shane Hazel,14,6,0,0,8
Oconee,Bishop,Governor,,Lib,Shane Hazel,17,12,0,0,5
Oconee,North Oconee,Governor,,Lib,Shane Hazel,15,9,2,0,4
Oconee,Dark Corner,Governor,,Lib,Shane Hazel,11,4,0,0,7
Oconee,Bogart,Governor,,Lib,Shane Hazel,13,6,0,0,7
Oconee,Marswood Hall,Governor,,Lib,Shane Hazel,21,9,0,0,12
Oconee,Civic Center,Governor,,Lib,Shane Hazel,31,16,0,0,15
Oconee,City Hall,Lieutenant Governor,,Rep,Burt Jones,1752,1231,53,0,468
Oconee,Colham Ferry,Lieutenant Governor,,Rep,Burt Jones,1858,1341,47,0,470
Oconee,Bishop,Lieutenant Governor,,Rep,Burt Jones,1400,889,31,0,480
Oconee,North Oconee,Lieutenant Governor,,Rep,Burt Jones,1740,1123,50,1,566
Oconee,Dark Corner,Lieutenant Governor,,Rep,Burt Jones,2281,1397,49,0,835
Oconee,Bogart,Lieutenant Governor,,Rep,Burt Jones,1126,622,32,0,472
Oconee,Marswood Hall,Lieutenant Governor,,Rep,Burt Jones,2002,1300,118,0,584
Oconee,Civic Center,Lieutenant Governor,,Rep,Burt Jones,3350,2433,174,0,743
Oconee,City Hall,Lieutenant Governor,,Dem,Charlie Bailey,1016,710,91,0,215
Oconee,Colham Ferry,Lieutenant Governor,,Dem,Charlie Bailey,622,447,58,0,117
Oconee,Bishop,Lieutenant Governor,,Dem,Charlie Bailey,534,366,48,0,120
Oconee,North Oconee,Lieutenant Governor,,Dem,Charlie Bailey,474,316,30,0,128
Oconee,Dark Corner,Lieutenant Governor,,Dem,Charlie Bailey,523,327,45,0,151
Oconee,Bogart,Lieutenant Governor,,Dem,Charlie Bailey,431,220,29,0,182
Oconee,Marswood Hall,Lieutenant Governor,,Dem,Charlie Bailey,903,584,108,1,210
Oconee,Civic Center,Lieutenant Governor,,Dem,Charlie Bailey,1735,1160,226,0,349
Oconee,City Hall,Lieutenant Governor,,Lib,Ryan Graham,90,43,6,0,41
Oconee,Colham Ferry,Lieutenant Governor,,Lib,Ryan Graham,52,28,0,0,24
Oconee,Bishop,Lieutenant Governor,,Lib,Ryan Graham,49,26,1,0,22
Oconee,North Oconee,Lieutenant Governor,,Lib,Ryan Graham,44,21,1,0,22
Oconee,Dark Corner,Lieutenant Governor,,Lib,Ryan Graham,60,25,1,0,34
Oconee,Bogart,Lieutenant Governor,,Lib,Ryan Graham,47,20,1,0,26
Oconee,Marswood Hall,Lieutenant Governor,,Lib,Ryan Graham,75,35,3,0,37
Oconee,Civic Center,Lieutenant Governor,,Lib,Ryan Graham,133,77,9,0,47
Oconee,City Hall,Secretary of State,,Rep,Brad Raffensperger ,1888,1342,66,0,480
Oconee,Colham Ferry,Secretary of State,,Rep,Brad Raffensperger ,1908,1374,54,0,480
Oconee,Bishop,Secretary of State,,Rep,Brad Raffensperger ,1460,932,38,0,490
Oconee,North Oconee,Secretary of State,,Rep,Brad Raffensperger ,1776,1145,50,1,580
Oconee,Dark Corner,Secretary of State,,Rep,Brad Raffensperger ,2324,1415,56,0,853
Oconee,Bogart,Secretary of State,,Rep,Brad Raffensperger ,1160,646,35,0,479
Oconee,Marswood Hall,Secretary of State,,Rep,Brad Raffensperger ,2132,1381,140,0,611
Oconee,Civic Center,Secretary of State,,Rep,Brad Raffensperger ,3615,2617,229,0,769
Oconee,City Hall,Secretary of State,,Dem,Bee Nguyen,860,584,82,0,194
Oconee,Colham Ferry,Secretary of State,,Dem,Bee Nguyen,527,374,50,0,103
Oconee,Bishop,Secretary of State,,Dem,Bee Nguyen,467,317,43,0,107
Oconee,North Oconee,Secretary of State,,Dem,Bee Nguyen,403,266,26,0,111
Oconee,Dark Corner,Secretary of State,,Dem,Bee Nguyen,441,281,38,0,122
Oconee,Bogart,Secretary of State,,Dem,Bee Nguyen,378,187,25,0,166
Oconee,Marswood Hall,Secretary of State,,Dem,Bee Nguyen,750,484,89,1,176
Oconee,Civic Center,Secretary of State,,Dem,Bee Nguyen,1455,961,179,0,315
Oconee,City Hall,Secretary of State,,Lib,Ted Metz,105,59,2,0,44
Oconee,Colham Ferry,Secretary of State,,Lib,Ted Metz,92,63,2,0,27
Oconee,Bishop,Secretary of State,,Lib,Ted Metz,66,41,0,0,25
Oconee,North Oconee,Secretary of State,,Lib,Ted Metz,71,44,6,0,21
Oconee,Dark Corner,Secretary of State,,Lib,Ted Metz,96,48,3,0,45
Oconee,Bogart,Secretary of State,,Lib,Ted Metz,61,32,0,0,29
Oconee,Marswood Hall,Secretary of State,,Lib,Ted Metz,90,47,0,0,43
Oconee,Civic Center,Secretary of State,,Lib,Ted Metz,151,91,3,0,57
Oconee,City Hall,Attorney General,,Rep,Chris Carr ,1814,1275,58,0,481
Oconee,Colham Ferry,Attorney General,,Rep,Chris Carr ,1873,1353,49,0,471
Oconee,Bishop,Attorney General,,Rep,Chris Carr ,1431,911,32,0,488
Oconee,North Oconee,Attorney General,,Rep,Chris Carr ,1761,1132,53,1,575
Oconee,Dark Corner,Attorney General,,Rep,Chris Carr ,2318,1418,50,0,850
Oconee,Bogart,Attorney General,,Rep,Chris Carr ,1158,643,34,0,481
Oconee,Marswood Hall,Attorney General,,Rep,Chris Carr ,2051,1325,129,0,597
Oconee,Civic Center,Attorney General,,Rep,Chris Carr ,3462,2515,189,0,758
Oconee,City Hall,Attorney General,,Dem,"Jennifer """"Jen"""" Jordan",980,673,90,0,217
Oconee,Colham Ferry,Attorney General,,Dem,"Jennifer """"Jen"""" Jordan",608,440,54,0,114
Oconee,Bishop,Attorney General,,Dem,"Jennifer """"Jen"""" Jordan",522,355,48,0,119
Oconee,North Oconee,Attorney General,,Dem,"Jennifer """"Jen"""" Jordan",470,314,29,0,127
Oconee,Dark Corner,Attorney General,,Dem,"Jennifer """"Jen"""" Jordan",508,316,42,0,150
Oconee,Bogart,Attorney General,,Dem,"Jennifer """"Jen"""" Jordan",412,210,28,0,174
Oconee,Marswood Hall,Attorney General,,Dem,"Jennifer """"Jen"""" Jordan",867,564,101,1,201
Oconee,Civic Center,Attorney General,,Dem,"Jennifer """"Jen"""" Jordan",1698,1135,215,0,348
Oconee,City Hall,Attorney General,,Lib,Martin Cowen,58,32,3,0,23
Oconee,Colham Ferry,Attorney General,,Lib,Martin Cowen,46,22,3,0,21
Oconee,Bishop,Attorney General,,Lib,Martin Cowen,34,17,0,0,17
Oconee,North Oconee,Attorney General,,Lib,Martin Cowen,30,17,0,0,13
Oconee,Dark Corner,Attorney General,,Lib,Martin Cowen,39,15,2,0,22
Oconee,Bogart,Attorney General,,Lib,Martin Cowen,32,10,0,0,22
Oconee,Marswood Hall,Attorney General,,Lib,Martin Cowen,58,22,1,0,35
Oconee,Civic Center,Attorney General,,Lib,Martin Cowen,72,38,3,0,31
Oconee,City Hall,Commissioner of Agriculture,,Rep,Tyler Harper,1900,1323,63,0,514
Oconee,Colham Ferry,Commissioner of Agriculture,,Rep,Tyler Harper,1926,1394,54,0,478
Oconee,Bishop,Commissioner of Agriculture,,Rep,Tyler Harper,1459,933,31,0,495
Oconee,North Oconee,Commissioner of Agriculture,,Rep,Tyler Harper,1814,1171,58,1,584
Oconee,Dark Corner,Commissioner of Agriculture,,Rep,Tyler Harper,2362,1440,54,0,868
Oconee,Bogart,Commissioner of Agriculture,,Rep,Tyler Harper,1187,653,33,0,501
Oconee,Marswood Hall,Commissioner of Agriculture,,Rep,Tyler Harper,2095,1361,129,1,604
Oconee,Civic Center,Commissioner of Agriculture,,Rep,Tyler Harper,3608,2614,202,0,792
Oconee,City Hall,Commissioner of Agriculture,,Dem,Nakita Hemingway,866,603,81,0,182
Oconee,Colham Ferry,Commissioner of Agriculture,,Dem,Nakita Hemingway,533,387,49,0,97
Oconee,Bishop,Commissioner of Agriculture,,Dem,Nakita Hemingway,478,324,48,0,106
Oconee,North Oconee,Commissioner of Agriculture,,Dem,Nakita Hemingway,391,267,23,0,101
Oconee,Dark Corner,Commissioner of Agriculture,,Dem,Nakita Hemingway,438,286,36,0,116
Oconee,Bogart,Commissioner of Agriculture,,Dem,Nakita Hemingway,364,187,24,0,153
Oconee,Marswood Hall,Commissioner of Agriculture,,Dem,Nakita Hemingway,787,511,96,0,180
Oconee,Civic Center,Commissioner of Agriculture,,Dem,Nakita Hemingway,1458,978,184,0,296
Oconee,City Hall,Commissioner of Agriculture,,Lib,David Raudabaugh,72,41,4,0,27
Oconee,Colham Ferry,Commissioner of Agriculture,,Lib,David Raudabaugh,52,23,3,0,26
Oconee,Bishop,Commissioner of Agriculture,,Lib,David Raudabaugh,42,22,0,0,20
Oconee,North Oconee,Commissioner of Agriculture,,Lib,David Raudabaugh,48,21,2,0,25
Oconee,Dark Corner,Commissioner of Agriculture,,Lib,David Raudabaugh,51,18,2,0,31
Oconee,Bogart,Commissioner of Agriculture,,Lib,David Raudabaugh,49,24,3,0,22
Oconee,Marswood Hall,Commissioner of Agriculture,,Lib,David Raudabaugh,83,37,2,0,44
Oconee,Civic Center,Commissioner of Agriculture,,Lib,David Raudabaugh,126,77,8,0,41
Oconee,City Hall,Commissioner of Insurance,,Rep,John King ,1910,1328,61,0,521
Oconee,Colham Ferry,Commissioner of Insurance,,Rep,John King ,1938,1393,51,0,494
Oconee,Bishop,Commissioner of Insurance,,Rep,John King ,1484,941,33,0,510
Oconee,North Oconee,Commissioner of Insurance,,Rep,John King ,1821,1168,56,1,596
Oconee,Dark Corner,Commissioner of Insurance,,Rep,John King ,2365,1434,50,0,881
Oconee,Bogart,Commissioner of Insurance,,Rep,John King ,1191,652,32,0,507
Oconee,Marswood Hall,Commissioner of Insurance,,Rep,John King ,2145,1379,132,0,634
Oconee,Civic Center,Commissioner of Insurance,,Rep,John King ,3587,2594,186,0,807
Oconee,City Hall,Commissioner of Insurance,,Dem,Janice Laws Robinson,917,635,84,0,198
Oconee,Colham Ferry,Commissioner of Insurance,,Dem,Janice Laws Robinson,574,414,53,0,107
Oconee,Bishop,Commissioner of Insurance,,Dem,Janice Laws Robinson,489,333,47,0,109
Oconee,North Oconee,Commissioner of Insurance,,Dem,Janice Laws Robinson,423,285,27,0,111
Oconee,Dark Corner,Commissioner of Insurance,,Dem,Janice Laws Robinson,485,306,42,0,137
Oconee,Bogart,Commissioner of Insurance,,Dem,Janice Laws Robinson,402,207,26,0,169
Oconee,Marswood Hall,Commissioner of Insurance,,Dem,Janice Laws Robinson,812,525,94,1,192
Oconee,Civic Center,Commissioner of Insurance,,Dem,Janice Laws Robinson,1580,1061,203,0,316
Oconee,City Hall,State School Superintendent,,Rep,Richard Woods ,1931,1347,62,0,522
Oconee,Colham Ferry,State School Superintendent,,Rep,Richard Woods ,1949,1394,55,0,500
Oconee,Bishop,State School Superintendent,,Rep,Richard Woods ,1510,960,34,0,516
Oconee,North Oconee,State School Superintendent,,Rep,Richard Woods ,1831,1172,55,1,603
Oconee,Dark Corner,State School Superintendent,,Rep,Richard Woods ,2387,1454,52,0,881
Oconee,Bogart,State School Superintendent,,Rep,Richard Woods ,1211,658,34,0,519
Oconee,Marswood Hall,State School Superintendent,,Rep,Richard Woods ,2175,1393,139,1,642
Oconee,Civic Center,State School Superintendent,,Rep,Richard Woods ,3645,2648,205,0,792
Oconee,City Hall,State School Superintendent,,Dem,Alisha Thomas Searcy,906,625,82,0,199
Oconee,Colham Ferry,State School Superintendent,,Dem,Alisha Thomas Searcy,565,409,48,0,108
Oconee,Bishop,State School Superintendent,,Dem,Alisha Thomas Searcy,477,323,46,0,108
Oconee,North Oconee,State School Superintendent,,Dem,Alisha Thomas Searcy,420,286,28,0,106
Oconee,Dark Corner,State School Superintendent,,Dem,Alisha Thomas Searcy,469,294,40,0,135
Oconee,Bogart,State School Superintendent,,Dem,Alisha Thomas Searcy,389,203,26,0,160
Oconee,Marswood Hall,State School Superintendent,,Dem,Alisha Thomas Searcy,788,517,87,0,184
Oconee,Civic Center,State School Superintendent,,Dem,Alisha Thomas Searcy,1539,1013,188,0,338
Oconee,City Hall,Commissioner of Labor,,Rep,Bruce Thompson,1804,1255,57,0,492
Oconee,Colham Ferry,Commissioner of Labor,,Rep,Bruce Thompson,1879,1355,52,0,472
Oconee,Bishop,Commissioner of Labor,,Rep,Bruce Thompson,1425,908,32,0,485
Oconee,North Oconee,Commissioner of Labor,,Rep,Bruce Thompson,1774,1145,56,1,572
Oconee,Dark Corner,Commissioner of Labor,,Rep,Bruce Thompson,2305,1411,49,0,845
Oconee,Bogart,Commissioner of Labor,,Rep,Bruce Thompson,1161,636,32,0,493
Oconee,Marswood Hall,Commissioner of Labor,,Rep,Bruce Thompson,2035,1324,122,0,589
Oconee,Civic Center,Commissioner of Labor,,Rep,Bruce Thompson,3439,2500,180,0,759
Oconee,City Hall,Commissioner of Labor,,Dem,"William """"Will"""" Boddie, Jr",938,658,87,0,193
Oconee,Colham Ferry,Commissioner of Labor,,Dem,"William """"Will"""" Boddie, Jr",578,423,52,0,103
Oconee,Bishop,Commissioner of Labor,,Dem,"William """"Will"""" Boddie, Jr",496,340,48,0,108
Oconee,North Oconee,Commissioner of Labor,,Dem,"William """"Will"""" Boddie, Jr",426,291,26,0,109
Oconee,Dark Corner,Commissioner of Labor,,Dem,"William """"Will"""" Boddie, Jr",481,306,40,0,135
Oconee,Bogart,Commissioner of Labor,,Dem,"William """"Will"""" Boddie, Jr",391,203,26,0,162
Oconee,Marswood Hall,Commissioner of Labor,,Dem,"William """"Will"""" Boddie, Jr",821,536,98,1,186
Oconee,Civic Center,Commissioner of Labor,,Dem,"William """"Will"""" Boddie, Jr",1583,1073,197,0,313
Oconee,City Hall,Commissioner of Labor,,Lib,Emily Anderson,93,52,5,0,36
Oconee,Colham Ferry,Commissioner of Labor,,Lib,Emily Anderson,57,30,1,0,26
Oconee,Bishop,Commissioner of Labor,,Lib,Emily Anderson,49,24,0,0,25
Oconee,North Oconee,Commissioner of Labor,,Lib,Emily Anderson,47,22,0,0,25
Oconee,Dark Corner,Commissioner of Labor,,Lib,Emily Anderson,59,18,4,0,37
Oconee,Bogart,Commissioner of Labor,,Lib,Emily Anderson,43,21,1,0,21
Oconee,Marswood Hall,Commissioner of Labor,,Lib,Emily Anderson,98,44,4,0,50
Oconee,Civic Center,Commissioner of Labor,,Lib,Emily Anderson,137,82,7,0,48
Oconee,City Hall,U.S. House,,Rep,Mike Collins,1870,1296,61,0,513
Oconee,Colham Ferry,U.S. House,,Rep,Mike Collins,1901,1366,48,0,487
Oconee,Bishop,U.S. House,,Rep,Mike Collins,1452,921,31,0,500
Oconee,North Oconee,U.S. House,,Rep,Mike Collins,1791,1152,53,1,585
Oconee,Dark Corner,U.S. House,,Rep,Mike Collins,2350,1426,52,0,872
Oconee,Bogart,U.S. House,,Rep,Mike Collins,1181,643,31,0,507
Oconee,Marswood Hall,U.S. House,,Rep,Mike Collins,2100,1348,128,0,624
Oconee,Civic Center,U.S. House,,Rep,Mike Collins,3520,2544,195,0,781
Oconee,City Hall,U.S. House,,Dem,Tabitha Johnson-Green,979,677,94,0,208
Oconee,Colham Ferry,U.S. House,,Dem,Tabitha Johnson-Green,622,450,58,0,114
Oconee,Bishop,U.S. House,,Dem,Tabitha Johnson-Green,531,361,48,0,122
Oconee,North Oconee,U.S. House,,Dem,Tabitha Johnson-Green,461,309,29,0,123
Oconee,Dark Corner,U.S. House,,Dem,Tabitha Johnson-Green,514,322,45,0,147
Oconee,Bogart,U.S. House,,Dem,Tabitha Johnson-Green,414,215,31,0,168
Oconee,Marswood Hall,U.S. House,,Dem,Tabitha Johnson-Green,865,560,100,1,204
Oconee,Civic Center,U.S. House,,Dem,Tabitha Johnson-Green,1682,1129,205,0,348
Oconee,City Hall,State Senate,,Rep,Bill Cowsert ,1876,1302,63,0,511
Oconee,Colham Ferry,State Senate,,Rep,Bill Cowsert ,1918,1380,51,0,487
Oconee,Bishop,State Senate,,Rep,Bill Cowsert ,1454,923,30,0,501
Oconee,North Oconee,State Senate,,Rep,Bill Cowsert ,1778,1139,57,1,581
Oconee,Dark Corner,State Senate,,Rep,Bill Cowsert ,2360,1430,51,0,879
Oconee,Bogart,State Senate,,Rep,Bill Cowsert ,1191,645,34,0,512
Oconee,Marswood Hall,State Senate,,Rep,Bill Cowsert ,2128,1368,127,0,633
Oconee,Civic Center,State Senate,,Rep,Bill Cowsert ,3581,2577,208,0,796
Oconee,City Hall,State Senate,,Dem,Andrew Ferguson,965,671,87,0,207
Oconee,Colham Ferry,State Senate,,Dem,Andrew Ferguson,616,443,55,0,118
Oconee,Bishop,State Senate,,Dem,Andrew Ferguson,520,351,49,0,120
Oconee,North Oconee,State Senate,,Dem,Andrew Ferguson,473,320,26,0,127
Oconee,Dark Corner,State Senate,,Dem,Andrew Ferguson,495,313,42,0,140
Oconee,Bogart,State Senate,,Dem,Andrew Ferguson,412,217,28,0,167
Oconee,Marswood Hall,State Senate,,Dem,Andrew Ferguson,847,549,101,1,196
Oconee,Civic Center,State Senate,,Dem,Andrew Ferguson,1640,1101,197,0,342
Oconee,Bogart,State House,,Rep,Houston Gaines ,1216,661,35,0,520
Oconee,Marswood Hall,State House,,Rep,Houston Gaines ,2189,1408,132,0,649
Oconee,Bogart,State House,,Dem,Mokah Jasmine Johnson,385,201,25,0,159
Oconee,Marswood Hall,State House,,Dem,Mokah Jasmine Johnson,782,502,96,1,183
Oconee,City Hall,State House,,Rep,Marcus A Wiedower ,1898,1315,59,0,524
Oconee,Colham Ferry,State House,,Rep,Marcus A Wiedower ,1930,1379,53,0,498
Oconee,Bishop,State House,,Rep,Marcus A Wiedower ,1473,933,33,0,507
Oconee,North Oconee,State House,,Rep,Marcus A Wiedower ,1804,1154,57,1,592
Oconee,Dark Corner,State House,,Rep,Marcus A Wiedower ,2360,1428,51,0,881
Oconee,Civic Center,State House,,Rep,Marcus A Wiedower ,3586,2586,196,0,804
Oconee,City Hall,State House,,Dem,Jeff Auerbach,959,668,91,0,200
Oconee,Colham Ferry,State House,,Dem,Jeff Auerbach,593,432,52,0,109
Oconee,Bishop,State House,,Dem,Jeff Auerbach,512,350,47,0,115
Oconee,North Oconee,State House,,Dem,Jeff Auerbach,448,304,26,0,118
Oconee,Dark Corner,State House,,Dem,Jeff Auerbach,498,317,42,0,139
Oconee,Civic Center,State House,,Dem,Jeff Auerbach,1631,1096,204,0,331
Oconee,City Hall,County Commission,,Rep,Chuck Horton ,2383,1644,102,0,637
Oconee,Colham Ferry,County Commission,,Rep,Chuck Horton ,2165,1549,78,0,538
Oconee,Bishop,County Commission,,Rep,Chuck Horton ,1716,1099,51,0,566
Oconee,North Oconee,County Commission,,Rep,Chuck Horton ,2019,1292,71,1,655
Oconee,Dark Corner,County Commission,,Rep,Chuck Horton ,2603,1587,61,0,955
Oconee,Bogart,County Commission,,Rep,Chuck Horton ,1392,758,41,0,593
Oconee,Marswood Hall,County Commission,,Rep,Chuck Horton ,2548,1646,158,1,743
Oconee,Civic Center,County Commission,,Rep,Chuck Horton ,4419,3160,275,0,984
Oconee,City Hall,County Commission,,Rep,B. Amrey Harden ,2381,1641,98,0,642
Oconee,Colham Ferry,County Commission,,Rep,B. Amrey Harden ,2195,1580,74,0,541
Oconee,Bishop,County Commission,,Rep,B. Amrey Harden ,1715,1105,46,0,564
Oconee,North Oconee,County Commission,,Rep,B. Amrey Harden ,2033,1303,71,1,658
Oconee,Dark Corner,County Commission,,Rep,B. Amrey Harden ,2606,1588,62,0,956
Oconee,Bogart,County Commission,,Rep,B. Amrey Harden ,1395,759,41,0,595
Oconee,Marswood Hall,County Commission,,Rep,B. Amrey Harden ,2543,1641,151,1,750
Oconee,Civic Center,County Commission,,Rep,B. Amrey Harden ,4397,3157,257,0,983
Oconee,City Hall,County BOE,,Rep,Amy H. Parrish ,1970,1370,71,0,529
Oconee,Colham Ferry,County BOE,,Rep,Amy H. Parrish ,1932,1379,57,0,496
Oconee,Bishop,County BOE,,Rep,Amy H. Parrish ,1513,960,36,0,517
Oconee,North Oconee,County BOE,,Rep,Amy H. Parrish ,1803,1160,52,1,590
Oconee,Dark Corner,County BOE,,Rep,Amy H. Parrish ,2391,1445,52,0,894
Oconee,Bogart,County BOE,,Rep,Amy H. Parrish ,1235,674,38,0,523
Oconee,Marswood Hall,County BOE,,Rep,Amy H. Parrish ,2211,1424,138,0,649
Oconee,Civic Center,County BOE,,Rep,Amy H. Parrish ,3720,2683,217,0,820
Oconee,City Hall,County BOE,,Ind,Ryan Repetske,772,540,66,0,166
Oconee,Colham Ferry,County BOE,,Ind,Ryan Repetske,493,364,39,0,90
Oconee,Bishop,County BOE,,Ind,Ryan Repetske,397,275,35,0,87
Oconee,North Oconee,County BOE,,Ind,Ryan Repetske,386,261,25,0,100
Oconee,Dark Corner,County BOE,,Ind,Ryan Repetske,397,263,31,0,103
Oconee,Bogart,County BOE,,Ind,Ryan Repetske,308,165,15,0,128
Oconee,Marswood Hall,County BOE,,Ind,Ryan Repetske,645,422,62,1,160
Oconee,Civic Center,County BOE,,Ind,Ryan Repetske,1264,848,148,0,268
Oconee,City Hall,County BOE,,Rep,Ryan Hammock,1926,1345,65,0,516
Oconee,Colham Ferry,County BOE,,Rep,Ryan Hammock,1918,1390,49,0,479
Oconee,Bishop,County BOE,,Rep,Ryan Hammock,1500,958,35,0,507
Oconee,North Oconee,County BOE,,Rep,Ryan Hammock,1786,1155,54,1,576
Oconee,Dark Corner,County BOE,,Rep,Ryan Hammock,2358,1437,51,0,870
Oconee,Bogart,County BOE,,Rep,Ryan Hammock,1215,670,36,0,509
Oconee,Marswood Hall,County BOE,,Rep,Ryan Hammock,2140,1383,128,1,628
Oconee,Civic Center,County BOE,,Rep,Ryan Hammock,3637,2641,200,0,796
Oconee,City Hall,County BOE,,Ind,Melissa Eagling,827,568,72,0,187
Oconee,Colham Ferry,County BOE,,Ind,Melissa Eagling,513,362,48,0,103
Oconee,Bishop,County BOE,,Ind,Melissa Eagling,416,282,38,0,96
Oconee,North Oconee,County BOE,,Ind,Melissa Eagling,405,263,22,0,120
Oconee,Dark Corner,County BOE,,Ind,Melissa Eagling,435,275,31,0,129
Oconee,Bogart,County BOE,,Ind,Melissa Eagling,324,169,18,0,137
Oconee,Marswood Hall,County BOE,,Ind,Melissa Eagling,711,450,77,0,184
Oconee,Civic Center,County BOE,,Ind,Melissa Eagling,1358,897,166,0,295
Oconee,City Hall,Soil and Water Conservation District Supervisor,,,Janice Lee Marable ,2413,1662,104,0,647
Oconee,Colham Ferry,Soil and Water Conservation District Supervisor,,,Janice Lee Marable ,2174,1572,80,0,522
Oconee,Bishop,Soil and Water Conservation District Supervisor,,,Janice Lee Marable ,1715,1112,57,0,546
Oconee,North Oconee,Soil and Water Conservation District Supervisor,,,Janice Lee Marable ,1967,1273,63,1,630
Oconee,Dark Corner,Soil and Water Conservation District Supervisor,,,Janice Lee Marable ,2553,1552,63,0,938
Oconee,Bogart,Soil and Water Conservation District Supervisor,,,Janice Lee Marable ,1373,748,39,0,586
Oconee,Marswood Hall,Soil and Water Conservation District Supervisor,,,Janice Lee Marable ,2553,1648,168,1,736
Oconee,Civic Center,Soil and Water Conservation District Supervisor,,,Janice Lee Marable ,4386,3118,265,0,1003
Oconee,City Hall,Proposed Constitutional Amendment 1,,,Yes,2508,1764,135,0,609
Oconee,Colham Ferry,Proposed Constitutional Amendment 1,,,Yes,2172,1564,92,0,516
Oconee,Bishop,Proposed Constitutional Amendment 1,,,Yes,1726,1118,74,0,534
Oconee,North Oconee,Proposed Constitutional Amendment 1,,,Yes,1975,1273,74,1,627
Oconee,Dark Corner,Proposed Constitutional Amendment 1,,,Yes,2522,1527,86,0,909
Oconee,Bogart,Proposed Constitutional Amendment 1,,,Yes,1406,757,53,0,596
Oconee,Marswood Hall,Proposed Constitutional Amendment 1,,,Yes,2628,1698,210,1,719
Oconee,Civic Center,Proposed Constitutional Amendment 1,,,Yes,4607,3247,370,0,990
Oconee,City Hall,Proposed Constitutional Amendment 1,,,No,304,192,11,0,101
Oconee,Colham Ferry,Proposed Constitutional Amendment 1,,,No,290,203,7,0,80
Oconee,Bishop,Proposed Constitutional Amendment 1,,,No,226,149,6,0,71
Oconee,North Oconee,Proposed Constitutional Amendment 1,,,No,225,156,5,0,64
Oconee,Dark Corner,Proposed Constitutional Amendment 1,,,No,271,178,5,0,88
Oconee,Bogart,Proposed Constitutional Amendment 1,,,No,157,85,4,0,68
Oconee,Marswood Hall,Proposed Constitutional Amendment 1,,,No,284,174,13,0,97
Oconee,Civic Center,Proposed Constitutional Amendment 1,,,No,513,359,28,0,126
Oconee,City Hall,Proposed Constitutional Amendment 2,,,Yes,2565,1790,130,0,645
Oconee,Colham Ferry,Proposed Constitutional Amendment 2,,,Yes,2244,1627,88,0,529
Oconee,Bishop,Proposed Constitutional Amendment 2,,,Yes,1747,1152,66,0,529
Oconee,North Oconee,Proposed Constitutional Amendment 2,,,Yes,2010,1297,73,0,640
Oconee,Dark Corner,Proposed Constitutional Amendment 2,,,Yes,2558,1562,88,0,908
Oconee,Bogart,Proposed Constitutional Amendment 2,,,Yes,1423,761,53,0,609
Oconee,Marswood Hall,Proposed Constitutional Amendment 2,,,Yes,2689,1736,208,0,745
Oconee,Civic Center,Proposed Constitutional Amendment 2,,,Yes,4697,3311,367,0,1019
Oconee,City Hall,Proposed Constitutional Amendment 2,,,No,254,170,13,0,71
Oconee,Colham Ferry,Proposed Constitutional Amendment 2,,,No,238,157,11,0,70
Oconee,Bishop,Proposed Constitutional Amendment 2,,,No,211,121,14,0,76
Oconee,North Oconee,Proposed Constitutional Amendment 2,,,No,209,137,7,1,64
Oconee,Dark Corner,Proposed Constitutional Amendment 2,,,No,258,156,3,0,99
Oconee,Bogart,Proposed Constitutional Amendment 2,,,No,148,84,3,0,61
Oconee,Marswood Hall,Proposed Constitutional Amendment 2,,,No,234,148,15,1,70
Oconee,Civic Center,Proposed Constitutional Amendment 2,,,No,467,323,34,0,110
Oconee,City Hall,Statewide Referendum Question 1,,,Yes,1452,988,51,0,413
Oconee,Colham Ferry,Statewide Referendum Question 1,,,Yes,1381,1005,34,0,342
Oconee,Bishop,Statewide Referendum Question 1,,,Yes,1105,706,31,0,368
Oconee,North Oconee,Statewide Referendum Question 1,,,Yes,1252,800,39,0,413
Oconee,Dark Corner,Statewide Referendum Question 1,,,Yes,1650,998,38,0,614
Oconee,Bogart,Statewide Referendum Question 1,,,Yes,859,454,25,0,380
Oconee,Marswood Hall,Statewide Referendum Question 1,,,Yes,1457,940,70,0,447
Oconee,Civic Center,Statewide Referendum Question 1,,,Yes,2720,1878,166,0,676
Oconee,City Hall,Statewide Referendum Question 1,,,No,1289,918,89,0,282
Oconee,Colham Ferry,Statewide Referendum Question 1,,,No,1033,732,64,0,237
Oconee,Bishop,Statewide Referendum Question 1,,,No,807,528,48,0,231
Oconee,North Oconee,Statewide Referendum Question 1,,,No,895,588,37,1,269
Oconee,Dark Corner,Statewide Referendum Question 1,,,No,1094,677,53,0,364
Oconee,Bogart,Statewide Referendum Question 1,,,No,661,372,29,0,260
Oconee,Marswood Hall,Statewide Referendum Question 1,,,No,1382,889,143,1,349
Oconee,Civic Center,Statewide Referendum Question 1,,,No,2267,1641,212,0,414
Oconee,City Hall,Statewide Referendum Question 2,,,Yes,2028,1386,90,0,552
Oconee,Colham Ferry,Statewide Referendum Question 2,,,Yes,1914,1392,56,0,466
Oconee,Bishop,Statewide Referendum Question 2,,,Yes,1500,958,43,0,499
Oconee,North Oconee,Statewide Referendum Question 2,,,Yes,1707,1089,55,1,562
Oconee,Dark Corner,Statewide Referendum Question 2,,,Yes,2178,1317,59,0,802
Oconee,Bogart,Statewide Referendum Question 2,,,Yes,1147,613,33,0,501
Oconee,Marswood Hall,Statewide Referendum Question 2,,,Yes,2046,1328,109,0,609
Oconee,Civic Center,Statewide Referendum Question 2,,,Yes,3639,2546,230,0,863
Oconee,City Hall,Statewide Referendum Question 2,,,No,729,531,51,0,147
Oconee,Colham Ferry,Statewide Referendum Question 2,,,No,522,364,44,0,114
Oconee,Bishop,Statewide Referendum Question 2,,,No,424,284,34,0,106
Oconee,North Oconee,Statewide Referendum Question 2,,,No,470,316,22,0,132
Oconee,Dark Corner,Statewide Referendum Question 2,,,No,582,370,31,0,181
Oconee,Bogart,Statewide Referendum Question 2,,,No,377,215,20,0,142
Oconee,Marswood Hall,Statewide Referendum Question 2,,,No,809,520,98,1,190
Oconee,Civic Center,Statewide Referendum Question 2,,,No,1358,990,145,0,223
Oconee,City Hall,TSPLOST,,,Yes,1491,1066,71,0,354
Oconee,Colham Ferry,TSPLOST,,,Yes,1148,850,35,0,263
Oconee,Bishop,TSPLOST,,,Yes,985,695,31,0,259
Oconee,North Oconee,TSPLOST,,,Yes,1124,721,46,0,357
Oconee,Dark Corner,TSPLOST,,,Yes,1402,872,51,0,479
Oconee,Bogart,TSPLOST,,,Yes,774,415,24,0,335
Oconee,Marswood Hall,TSPLOST,,,Yes,1519,989,108,1,421
Oconee,Civic Center,TSPLOST,,,Yes,2703,1937,202,0,564
Oconee,City Hall,TSPLOST,,,No,1301,876,73,0,352
Oconee,Colham Ferry,TSPLOST,,,No,1311,919,64,0,328
Oconee,Bishop,TSPLOST,,,No,958,568,47,0,343
Oconee,North Oconee,TSPLOST,,,No,1082,712,33,1,336
Oconee,Dark Corner,TSPLOST,,,No,1385,831,42,0,512
Oconee,Bogart,TSPLOST,,,No,775,428,30,0,317
Oconee,Marswood Hall,TSPLOST,,,No,1371,879,104,0,388
Oconee,Civic Center,TSPLOST,,,No,2391,1654,188,0,549
