county,precinct,office,district,party,candidate,votes,advance_voting_votes,absentee_by_mail_votes,provisional_votes,election_day_votes
Muscogee,Wynnton,U.S. Senate,,Rep,Herschel Walker,499,261,27,0,211
Muscogee,Carver/Library,U.S. Senate,,Rep,Herschel Walker,58,34,1,0,23
Muscogee,Shirley Winston,U.S. Senate,,Rep,Herschel Walker,133,71,18,0,44
Muscogee,Britt David,U.S. Senate,,Rep,Herschel Walker,712,248,32,0,432
Muscogee,St Peter,U.S. Senate,,Rep,Herschel Walker,1058,416,47,0,595
Muscogee,Chattahoochee,U.S. Senate,,Rep,Herschel Walker,1962,933,96,0,933
Muscogee,Columbus Tech,U.S. Senate,,Rep,Herschel Walker,696,376,23,0,297
Muscogee,Central,U.S. Senate,,Rep,Herschel Walker,2561,1425,85,0,1051
Muscogee,Wynnbrook,U.S. Senate,,Rep,Herschel Walker,1225,703,105,0,417
Muscogee,Cusseta Rd,U.S. Senate,,Rep,Herschel Walker,85,39,5,1,40
Muscogee,OLOLC,U.S. Senate,,Rep,Herschel Walker,381,141,32,0,208
Muscogee,Mt Pilgrim,U.S. Senate,,Rep,Herschel Walker,135,64,13,0,58
Muscogee,Faith Tabernacle,U.S. Senate,,Rep,Herschel Walker,131,67,7,0,57
Muscogee,Canaan,U.S. Senate,,Rep,Herschel Walker,390,200,61,0,129
Muscogee,Holsey,U.S. Senate,,Rep,Herschel Walker,320,196,30,0,94
Muscogee,Gentian,U.S. Senate,,Rep,Herschel Walker,1215,642,82,0,491
Muscogee,St Paul,U.S. Senate,,Rep,Herschel Walker,1688,977,96,0,615
Muscogee,Moon,U.S. Senate,,Rep,Herschel Walker,1432,698,78,0,656
Muscogee,St Andrews,U.S. Senate,,Rep,Herschel Walker,2236,1104,111,0,1021
Muscogee,Salvation Army,U.S. Senate,,Rep,Herschel Walker,663,298,29,0,336
Muscogee,First African,U.S. Senate,,Rep,Herschel Walker,170,73,9,0,88
Muscogee,Epworth,U.S. Senate,,Rep,Herschel Walker,862,363,42,0,457
Muscogee,Gallops,U.S. Senate,,Rep,Herschel Walker,237,128,14,0,95
Muscogee,Edgewood,U.S. Senate,,Rep,Herschel Walker,431,174,24,0,233
Muscogee,Psalmond,U.S. Senate,,Rep,Herschel Walker,2216,1147,104,0,965
Muscogee,Wynnton,U.S. Senate,,Dem,Raphael Warnock ,1751,996,213,0,542
Muscogee,Carver/Library,U.S. Senate,,Dem,Raphael Warnock ,1513,985,240,0,288
Muscogee,Shirley Winston,U.S. Senate,,Dem,Raphael Warnock ,2399,1695,303,0,401
Muscogee,Britt David,U.S. Senate,,Dem,Raphael Warnock ,508,250,55,0,203
Muscogee,St Peter,U.S. Senate,,Dem,Raphael Warnock ,724,365,63,0,296
Muscogee,Chattahoochee,U.S. Senate,,Dem,Raphael Warnock ,1451,859,125,2,465
Muscogee,Columbus Tech,U.S. Senate,,Dem,Raphael Warnock ,686,390,81,1,214
Muscogee,Central,U.S. Senate,,Dem,Raphael Warnock ,1345,819,160,1,365
Muscogee,Wynnbrook,U.S. Senate,,Dem,Raphael Warnock ,575,344,99,1,131
Muscogee,Cusseta Rd,U.S. Senate,,Dem,Raphael Warnock ,1712,941,224,0,547
Muscogee,OLOLC,U.S. Senate,,Dem,Raphael Warnock ,2297,1208,343,1,745
Muscogee,Mt Pilgrim,U.S. Senate,,Dem,Raphael Warnock ,2661,1751,301,4,605
Muscogee,Faith Tabernacle,U.S. Senate,,Dem,Raphael Warnock ,1899,1236,225,1,437
Muscogee,Canaan,U.S. Senate,,Dem,Raphael Warnock ,2335,1513,298,0,524
Muscogee,Holsey,U.S. Senate,,Dem,Raphael Warnock ,2822,1967,268,1,586
Muscogee,Gentian,U.S. Senate,,Dem,Raphael Warnock ,1378,929,124,0,325
Muscogee,St Paul,U.S. Senate,,Dem,Raphael Warnock ,1355,825,128,0,402
Muscogee,Moon,U.S. Senate,,Dem,Raphael Warnock ,1099,597,119,0,383
Muscogee,St Andrews,U.S. Senate,,Dem,Raphael Warnock ,2026,1207,214,1,604
Muscogee,Salvation Army,U.S. Senate,,Dem,Raphael Warnock ,882,516,60,2,304
Muscogee,First African,U.S. Senate,,Dem,Raphael Warnock ,455,231,52,0,172
Muscogee,Epworth,U.S. Senate,,Dem,Raphael Warnock ,827,441,70,0,316
Muscogee,Gallops,U.S. Senate,,Dem,Raphael Warnock ,722,400,73,1,248
Muscogee,Edgewood,U.S. Senate,,Dem,Raphael Warnock ,1066,705,113,1,247
Muscogee,Psalmond,U.S. Senate,,Dem,Raphael Warnock ,2373,1576,212,0,585
Muscogee,Wynnton,U.S. Senate,,Lib,Chase Oliver,24,5,1,0,18
Muscogee,Carver/Library,U.S. Senate,,Lib,Chase Oliver,15,9,1,0,5
Muscogee,Shirley Winston,U.S. Senate,,Lib,Chase Oliver,20,14,2,0,4
Muscogee,Britt David,U.S. Senate,,Lib,Chase Oliver,33,10,0,0,23
Muscogee,St Peter,U.S. Senate,,Lib,Chase Oliver,29,6,0,0,23
Muscogee,Chattahoochee,U.S. Senate,,Lib,Chase Oliver,73,25,3,1,44
Muscogee,Columbus Tech,U.S. Senate,,Lib,Chase Oliver,12,5,0,0,7
Muscogee,Central,U.S. Senate,,Lib,Chase Oliver,63,25,5,0,33
Muscogee,Wynnbrook,U.S. Senate,,Lib,Chase Oliver,23,8,4,0,11
Muscogee,Cusseta Rd,U.S. Senate,,Lib,Chase Oliver,13,9,0,0,4
Muscogee,OLOLC,U.S. Senate,,Lib,Chase Oliver,32,13,2,1,16
Muscogee,Mt Pilgrim,U.S. Senate,,Lib,Chase Oliver,16,7,3,0,6
Muscogee,Faith Tabernacle,U.S. Senate,,Lib,Chase Oliver,20,7,0,0,13
Muscogee,Canaan,U.S. Senate,,Lib,Chase Oliver,22,9,3,0,10
Muscogee,Holsey,U.S. Senate,,Lib,Chase Oliver,29,16,4,0,9
Muscogee,Gentian,U.S. Senate,,Lib,Chase Oliver,39,13,2,0,24
Muscogee,St Paul,U.S. Senate,,Lib,Chase Oliver,68,25,6,0,37
Muscogee,Moon,U.S. Senate,,Lib,Chase Oliver,66,22,6,0,38
Muscogee,St Andrews,U.S. Senate,,Lib,Chase Oliver,85,28,7,0,50
Muscogee,Salvation Army,U.S. Senate,,Lib,Chase Oliver,28,12,0,0,16
Muscogee,First African,U.S. Senate,,Lib,Chase Oliver,17,6,0,0,11
Muscogee,Epworth,U.S. Senate,,Lib,Chase Oliver,48,16,0,0,32
Muscogee,Gallops,U.S. Senate,,Lib,Chase Oliver,17,8,0,0,9
Muscogee,Edgewood,U.S. Senate,,Lib,Chase Oliver,17,8,0,0,9
Muscogee,Psalmond,U.S. Senate,,Lib,Chase Oliver,78,28,2,0,48
Muscogee,Wynnton,Governor,,Rep,Brian Kemp ,590,306,34,0,250
Muscogee,Carver/Library,Governor,,Rep,Brian Kemp ,77,45,3,0,29
Muscogee,Shirley Winston,Governor,,Rep,Brian Kemp ,156,87,20,0,49
Muscogee,Britt David,Governor,,Rep,Brian Kemp ,790,273,38,0,479
Muscogee,St Peter,Governor,,Rep,Brian Kemp ,1163,447,55,0,661
Muscogee,Chattahoochee,Governor,,Rep,Brian Kemp ,2151,1010,115,2,1024
Muscogee,Columbus Tech,Governor,,Rep,Brian Kemp ,749,408,30,0,311
Muscogee,Central,Governor,,Rep,Brian Kemp ,2798,1527,115,0,1156
Muscogee,Wynnbrook,Governor,,Rep,Brian Kemp ,1367,779,121,0,467
Muscogee,Cusseta Rd,Governor,,Rep,Brian Kemp ,99,41,8,0,50
Muscogee,OLOLC,Governor,,Rep,Brian Kemp ,424,161,41,0,222
Muscogee,Mt Pilgrim,Governor,,Rep,Brian Kemp ,152,76,16,0,60
Muscogee,Faith Tabernacle,Governor,,Rep,Brian Kemp ,153,75,11,0,67
Muscogee,Canaan,Governor,,Rep,Brian Kemp ,433,221,72,0,140
Muscogee,Holsey,Governor,,Rep,Brian Kemp ,363,218,34,0,111
Muscogee,Gentian,Governor,,Rep,Brian Kemp ,1331,691,94,0,546
Muscogee,St Paul,Governor,,Rep,Brian Kemp ,1926,1092,115,0,719
Muscogee,Moon,Governor,,Rep,Brian Kemp ,1608,771,97,0,740
Muscogee,St Andrews,Governor,,Rep,Brian Kemp ,2483,1202,130,0,1151
Muscogee,Salvation Army,Governor,,Rep,Brian Kemp ,743,326,37,0,380
Muscogee,First African,Governor,,Rep,Brian Kemp ,208,90,12,0,106
Muscogee,Epworth,Governor,,Rep,Brian Kemp ,966,404,47,0,515
Muscogee,Gallops,Governor,,Rep,Brian Kemp ,271,142,12,0,117
Muscogee,Edgewood,Governor,,Rep,Brian Kemp ,484,196,30,0,258
Muscogee,Psalmond,Governor,,Rep,Brian Kemp ,2440,1245,122,0,1073
Muscogee,Wynnton,Governor,,Dem,Stacey Abrams,1678,953,203,0,522
Muscogee,Carver/Library,Governor,,Dem,Stacey Abrams,1504,985,237,0,282
Muscogee,Shirley Winston,Governor,,Dem,Stacey Abrams,2390,1693,302,0,395
Muscogee,Britt David,Governor,,Dem,Stacey Abrams,459,236,49,0,174
Muscogee,St Peter,Governor,,Dem,Stacey Abrams,635,337,54,0,244
Muscogee,Chattahoochee,Governor,,Dem,Stacey Abrams,1317,804,107,1,405
Muscogee,Columbus Tech,Governor,,Dem,Stacey Abrams,638,361,75,1,201
Muscogee,Central,Governor,,Dem,Stacey Abrams,1169,745,140,1,283
Muscogee,Wynnbrook,Governor,,Dem,Stacey Abrams,457,279,89,1,88
Muscogee,Cusseta Rd,Governor,,Dem,Stacey Abrams,1717,951,222,1,543
Muscogee,OLOLC,Governor,,Dem,Stacey Abrams,2277,1197,338,2,740
Muscogee,Mt Pilgrim,Governor,,Dem,Stacey Abrams,2646,1743,298,4,601
Muscogee,Faith Tabernacle,Governor,,Dem,Stacey Abrams,1891,1234,221,1,435
Muscogee,Canaan,Governor,,Dem,Stacey Abrams,2306,1498,291,0,517
Muscogee,Holsey,Governor,,Dem,Stacey Abrams,2799,1958,267,1,573
Muscogee,Gentian,Governor,,Dem,Stacey Abrams,1296,895,111,0,290
Muscogee,St Paul,Governor,,Dem,Stacey Abrams,1189,744,112,0,333
Muscogee,Moon,Governor,,Dem,Stacey Abrams,975,539,104,0,332
Muscogee,St Andrews,Governor,,Dem,Stacey Abrams,1848,1132,198,1,517
Muscogee,Salvation Army,Governor,,Dem,Stacey Abrams,825,499,52,2,272
Muscogee,First African,Governor,,Dem,Stacey Abrams,431,222,49,0,160
Muscogee,Epworth,Governor,,Dem,Stacey Abrams,763,415,64,0,284
Muscogee,Gallops,Governor,,Dem,Stacey Abrams,696,389,73,1,233
Muscogee,Edgewood,Governor,,Dem,Stacey Abrams,1026,688,108,1,229
Muscogee,Psalmond,Governor,,Dem,Stacey Abrams,2217,1501,192,0,524
Muscogee,Wynnton,Governor,,Lib,Shane Hazel,6,2,1,0,3
Muscogee,Carver/Library,Governor,,Lib,Shane Hazel,9,4,1,0,4
Muscogee,Shirley Winston,Governor,,Lib,Shane Hazel,12,4,1,0,7
Muscogee,Britt David,Governor,,Lib,Shane Hazel,17,2,1,0,14
Muscogee,St Peter,Governor,,Lib,Shane Hazel,16,2,0,0,14
Muscogee,Chattahoochee,Governor,,Lib,Shane Hazel,32,13,2,0,17
Muscogee,Columbus Tech,Governor,,Lib,Shane Hazel,13,5,0,0,8
Muscogee,Central,Governor,,Lib,Shane Hazel,30,11,0,0,19
Muscogee,Wynnbrook,Governor,,Lib,Shane Hazel,14,5,2,0,7
Muscogee,Cusseta Rd,Governor,,Lib,Shane Hazel,5,5,0,0,0
Muscogee,OLOLC,Governor,,Lib,Shane Hazel,15,8,0,0,7
Muscogee,Mt Pilgrim,Governor,,Lib,Shane Hazel,12,5,1,0,6
Muscogee,Faith Tabernacle,Governor,,Lib,Shane Hazel,7,4,0,0,3
Muscogee,Canaan,Governor,,Lib,Shane Hazel,12,5,0,0,7
Muscogee,Holsey,Governor,,Lib,Shane Hazel,13,8,0,0,5
Muscogee,Gentian,Governor,,Lib,Shane Hazel,18,6,3,0,9
Muscogee,St Paul,Governor,,Lib,Shane Hazel,26,7,2,0,17
Muscogee,Moon,Governor,,Lib,Shane Hazel,23,7,2,0,14
Muscogee,St Andrews,Governor,,Lib,Shane Hazel,30,13,1,0,16
Muscogee,Salvation Army,Governor,,Lib,Shane Hazel,14,5,2,0,7
Muscogee,First African,Governor,,Lib,Shane Hazel,5,0,0,0,5
Muscogee,Epworth,Governor,,Lib,Shane Hazel,15,4,1,0,10
Muscogee,Gallops,Governor,,Lib,Shane Hazel,9,3,1,0,5
Muscogee,Edgewood,Governor,,Lib,Shane Hazel,7,3,0,0,4
Muscogee,Psalmond,Governor,,Lib,Shane Hazel,28,12,2,0,14
Muscogee,Wynnton,Lieutenant Governor,,Rep,Burt Jones,545,284,32,0,229
Muscogee,Carver/Library,Lieutenant Governor,,Rep,Burt Jones,85,50,2,0,33
Muscogee,Shirley Winston,Lieutenant Governor,,Rep,Burt Jones,153,92,19,0,42
Muscogee,Britt David,Lieutenant Governor,,Rep,Burt Jones,752,261,32,0,459
Muscogee,St Peter,Lieutenant Governor,,Rep,Burt Jones,1112,433,50,0,629
Muscogee,Chattahoochee,Lieutenant Governor,,Rep,Burt Jones,2055,973,106,0,976
Muscogee,Columbus Tech,Lieutenant Governor,,Rep,Burt Jones,707,392,28,0,287
Muscogee,Central,Lieutenant Governor,,Rep,Burt Jones,2689,1474,98,0,1117
Muscogee,Wynnbrook,Lieutenant Governor,,Rep,Burt Jones,1312,742,118,0,452
Muscogee,Cusseta Rd,Lieutenant Governor,,Rep,Burt Jones,103,47,5,1,50
Muscogee,OLOLC,Lieutenant Governor,,Rep,Burt Jones,418,161,40,0,217
Muscogee,Mt Pilgrim,Lieutenant Governor,,Rep,Burt Jones,158,79,15,0,64
Muscogee,Faith Tabernacle,Lieutenant Governor,,Rep,Burt Jones,151,69,8,0,74
Muscogee,Canaan,Lieutenant Governor,,Rep,Burt Jones,424,217,71,0,136
Muscogee,Holsey,Lieutenant Governor,,Rep,Burt Jones,341,205,27,0,109
Muscogee,Gentian,Lieutenant Governor,,Rep,Burt Jones,1275,668,92,0,515
Muscogee,St Paul,Lieutenant Governor,,Rep,Burt Jones,1827,1044,106,0,677
Muscogee,Moon,Lieutenant Governor,,Rep,Burt Jones,1541,753,91,0,697
Muscogee,St Andrews,Lieutenant Governor,,Rep,Burt Jones,2384,1171,126,0,1087
Muscogee,Salvation Army,Lieutenant Governor,,Rep,Burt Jones,709,319,36,0,354
Muscogee,First African,Lieutenant Governor,,Rep,Burt Jones,195,86,11,0,98
Muscogee,Epworth,Lieutenant Governor,,Rep,Burt Jones,932,391,45,0,496
Muscogee,Gallops,Lieutenant Governor,,Rep,Burt Jones,250,133,12,0,105
Muscogee,Edgewood,Lieutenant Governor,,Rep,Burt Jones,463,185,28,0,250
Muscogee,Psalmond,Lieutenant Governor,,Rep,Burt Jones,2354,1205,114,0,1035
Muscogee,Wynnton,Lieutenant Governor,,Dem,Charlie Bailey,1651,936,204,0,511
Muscogee,Carver/Library,Lieutenant Governor,,Dem,Charlie Bailey,1437,933,236,0,268
Muscogee,Shirley Winston,Lieutenant Governor,,Dem,Charlie Bailey,2308,1612,302,0,394
Muscogee,Britt David,Lieutenant Governor,,Dem,Charlie Bailey,477,239,55,0,183
Muscogee,St Peter,Lieutenant Governor,,Dem,Charlie Bailey,645,342,56,0,247
Muscogee,Chattahoochee,Lieutenant Governor,,Dem,Charlie Bailey,1334,814,111,2,407
Muscogee,Columbus Tech,Lieutenant Governor,,Dem,Charlie Bailey,640,361,75,1,203
Muscogee,Central,Lieutenant Governor,,Dem,Charlie Bailey,1205,769,149,1,286
Muscogee,Wynnbrook,Lieutenant Governor,,Dem,Charlie Bailey,475,302,83,1,89
Muscogee,Cusseta Rd,Lieutenant Governor,,Dem,Charlie Bailey,1627,890,220,0,517
Muscogee,OLOLC,Lieutenant Governor,,Dem,Charlie Bailey,2182,1140,333,2,707
Muscogee,Mt Pilgrim,Lieutenant Governor,,Dem,Charlie Bailey,2571,1694,296,4,577
Muscogee,Faith Tabernacle,Lieutenant Governor,,Dem,Charlie Bailey,1821,1189,222,1,409
Muscogee,Canaan,Lieutenant Governor,,Dem,Charlie Bailey,2245,1461,282,0,502
Muscogee,Holsey,Lieutenant Governor,,Dem,Charlie Bailey,2726,1907,264,1,554
Muscogee,Gentian,Lieutenant Governor,,Dem,Charlie Bailey,1274,882,108,0,284
Muscogee,St Paul,Lieutenant Governor,,Dem,Charlie Bailey,1213,744,118,0,351
Muscogee,Moon,Lieutenant Governor,,Dem,Charlie Bailey,981,540,107,0,334
Muscogee,St Andrews,Lieutenant Governor,,Dem,Charlie Bailey,1865,1130,199,1,535
Muscogee,Salvation Army,Lieutenant Governor,,Dem,Charlie Bailey,806,484,52,2,268
Muscogee,First African,Lieutenant Governor,,Dem,Charlie Bailey,412,212,48,0,152
Muscogee,Epworth,Lieutenant Governor,,Dem,Charlie Bailey,744,401,67,0,276
Muscogee,Gallops,Lieutenant Governor,,Dem,Charlie Bailey,688,382,74,1,231
Muscogee,Edgewood,Lieutenant Governor,,Dem,Charlie Bailey,1005,675,107,1,222
Muscogee,Psalmond,Lieutenant Governor,,Dem,Charlie Bailey,2203,1492,192,0,519
Muscogee,Wynnton,Lieutenant Governor,,Lib,Ryan Graham,32,19,0,0,13
Muscogee,Carver/Library,Lieutenant Governor,,Lib,Ryan Graham,29,18,2,0,9
Muscogee,Shirley Winston,Lieutenant Governor,,Lib,Ryan Graham,33,25,2,0,6
Muscogee,Britt David,Lieutenant Governor,,Lib,Ryan Graham,28,7,0,0,21
Muscogee,St Peter,Lieutenant Governor,,Lib,Ryan Graham,36,4,2,0,30
Muscogee,Chattahoochee,Lieutenant Governor,,Lib,Ryan Graham,93,32,4,1,56
Muscogee,Columbus Tech,Lieutenant Governor,,Lib,Ryan Graham,29,9,1,0,19
Muscogee,Central,Lieutenant Governor,,Lib,Ryan Graham,76,27,5,0,44
Muscogee,Wynnbrook,Lieutenant Governor,,Lib,Ryan Graham,26,8,4,0,14
Muscogee,Cusseta Rd,Lieutenant Governor,,Lib,Ryan Graham,36,22,2,0,12
Muscogee,OLOLC,Lieutenant Governor,,Lib,Ryan Graham,49,25,3,0,21
Muscogee,Mt Pilgrim,Lieutenant Governor,,Lib,Ryan Graham,34,19,1,0,14
Muscogee,Faith Tabernacle,Lieutenant Governor,,Lib,Ryan Graham,46,31,1,0,14
Muscogee,Canaan,Lieutenant Governor,,Lib,Ryan Graham,42,26,3,0,13
Muscogee,Holsey,Lieutenant Governor,,Lib,Ryan Graham,52,30,4,0,18
Muscogee,Gentian,Lieutenant Governor,,Lib,Ryan Graham,56,24,5,0,27
Muscogee,St Paul,Lieutenant Governor,,Lib,Ryan Graham,64,36,3,0,25
Muscogee,Moon,Lieutenant Governor,,Lib,Ryan Graham,64,18,2,0,44
Muscogee,St Andrews,Lieutenant Governor,,Lib,Ryan Graham,74,33,1,0,40
Muscogee,Salvation Army,Lieutenant Governor,,Lib,Ryan Graham,50,20,1,0,29
Muscogee,First African,Lieutenant Governor,,Lib,Ryan Graham,19,6,1,0,12
Muscogee,Epworth,Lieutenant Governor,,Lib,Ryan Graham,47,19,0,0,28
Muscogee,Gallops,Lieutenant Governor,,Lib,Ryan Graham,27,12,0,0,15
Muscogee,Edgewood,Lieutenant Governor,,Lib,Ryan Graham,34,19,0,0,15
Muscogee,Psalmond,Lieutenant Governor,,Lib,Ryan Graham,96,43,7,0,46
Muscogee,Wynnton,Secretary of State,,Rep,Brad Raffensperger ,647,341,41,0,265
Muscogee,Carver/Library,Secretary of State,,Rep,Brad Raffensperger ,118,72,11,0,35
Muscogee,Shirley Winston,Secretary of State,,Rep,Brad Raffensperger ,210,125,25,0,60
Muscogee,Britt David,Secretary of State,,Rep,Brad Raffensperger ,753,270,38,0,445
Muscogee,St Peter,Secretary of State,,Rep,Brad Raffensperger ,1144,436,61,0,647
Muscogee,Chattahoochee,Secretary of State,,Rep,Brad Raffensperger ,2138,1013,119,2,1004
Muscogee,Columbus Tech,Secretary of State,,Rep,Brad Raffensperger ,721,402,28,0,291
Muscogee,Central,Secretary of State,,Rep,Brad Raffensperger ,2782,1531,121,0,1130
Muscogee,Wynnbrook,Secretary of State,,Rep,Brad Raffensperger ,1343,772,124,0,447
Muscogee,Cusseta Rd,Secretary of State,,Rep,Brad Raffensperger ,145,71,10,1,63
Muscogee,OLOLC,Secretary of State,,Rep,Brad Raffensperger ,456,191,41,0,224
Muscogee,Mt Pilgrim,Secretary of State,,Rep,Brad Raffensperger ,206,116,19,0,71
Muscogee,Faith Tabernacle,Secretary of State,,Rep,Brad Raffensperger ,206,116,17,1,72
Muscogee,Canaan,Secretary of State,,Rep,Brad Raffensperger ,473,253,75,0,145
Muscogee,Holsey,Secretary of State,,Rep,Brad Raffensperger ,425,269,43,0,113
Muscogee,Gentian,Secretary of State,,Rep,Brad Raffensperger ,1319,696,96,0,527
Muscogee,St Paul,Secretary of State,,Rep,Brad Raffensperger ,1908,1077,121,0,710
Muscogee,Moon,Secretary of State,,Rep,Brad Raffensperger ,1547,743,96,0,708
Muscogee,St Andrews,Secretary of State,,Rep,Brad Raffensperger ,2492,1236,140,0,1116
Muscogee,Salvation Army,Secretary of State,,Rep,Brad Raffensperger ,736,329,38,0,369
Muscogee,First African,Secretary of State,,Rep,Brad Raffensperger ,218,103,12,0,103
Muscogee,Epworth,Secretary of State,,Rep,Brad Raffensperger ,934,398,47,0,489
Muscogee,Gallops,Secretary of State,,Rep,Brad Raffensperger ,270,143,13,0,114
Muscogee,Edgewood,Secretary of State,,Rep,Brad Raffensperger ,495,207,33,0,255
Muscogee,Psalmond,Secretary of State,,Rep,Brad Raffensperger ,2409,1238,132,0,1039
Muscogee,Wynnton,Secretary of State,,Dem,Bee Nguyen,1566,886,195,0,485
Muscogee,Carver/Library,Secretary of State,,Dem,Bee Nguyen,1420,923,228,0,269
Muscogee,Shirley Winston,Secretary of State,,Dem,Bee Nguyen,2244,1575,293,0,376
Muscogee,Britt David,Secretary of State,,Dem,Bee Nguyen,451,225,48,0,178
Muscogee,St Peter,Secretary of State,,Dem,Bee Nguyen,602,324,48,0,230
Muscogee,Chattahoochee,Secretary of State,,Dem,Bee Nguyen,1249,757,101,1,390
Muscogee,Columbus Tech,Secretary of State,,Dem,Bee Nguyen,604,337,75,1,191
Muscogee,Central,Secretary of State,,Dem,Bee Nguyen,1101,699,130,1,271
Muscogee,Wynnbrook,Secretary of State,,Dem,Bee Nguyen,412,255,77,1,79
Muscogee,Cusseta Rd,Secretary of State,,Dem,Bee Nguyen,1584,870,214,0,500
Muscogee,OLOLC,Secretary of State,,Dem,Bee Nguyen,2126,1110,327,2,687
Muscogee,Mt Pilgrim,Secretary of State,,Dem,Bee Nguyen,2525,1661,288,4,572
Muscogee,Faith Tabernacle,Secretary of State,,Dem,Bee Nguyen,1787,1158,214,0,415
Muscogee,Canaan,Secretary of State,,Dem,Bee Nguyen,2193,1421,276,0,496
Muscogee,Holsey,Secretary of State,,Dem,Bee Nguyen,2651,1852,249,1,549
Muscogee,Gentian,Secretary of State,,Dem,Bee Nguyen,1204,831,105,0,268
Muscogee,St Paul,Secretary of State,,Dem,Bee Nguyen,1100,696,98,0,306
Muscogee,Moon,Secretary of State,,Dem,Bee Nguyen,936,516,99,0,321
Muscogee,St Andrews,Secretary of State,,Dem,Bee Nguyen,1735,1063,179,1,492
Muscogee,Salvation Army,Secretary of State,,Dem,Bee Nguyen,778,470,51,2,255
Muscogee,First African,Secretary of State,,Dem,Bee Nguyen,391,200,47,0,144
Muscogee,Epworth,Secretary of State,,Dem,Bee Nguyen,708,381,63,0,264
Muscogee,Gallops,Secretary of State,,Dem,Bee Nguyen,658,369,71,1,217
Muscogee,Edgewood,Secretary of State,,Dem,Bee Nguyen,978,660,103,1,214
Muscogee,Psalmond,Secretary of State,,Dem,Bee Nguyen,2120,1435,179,0,506
Muscogee,Wynnton,Secretary of State,,Lib,Ted Metz,31,17,1,0,13
Muscogee,Carver/Library,Secretary of State,,Lib,Ted Metz,27,18,2,0,7
Muscogee,Shirley Winston,Secretary of State,,Lib,Ted Metz,32,22,2,0,8
Muscogee,Britt David,Secretary of State,,Lib,Ted Metz,48,11,1,0,36
Muscogee,St Peter,Secretary of State,,Lib,Ted Metz,47,16,1,0,30
Muscogee,Chattahoochee,Secretary of State,,Lib,Ted Metz,94,45,3,0,46
Muscogee,Columbus Tech,Secretary of State,,Lib,Ted Metz,46,18,0,0,28
Muscogee,Central,Secretary of State,,Lib,Ted Metz,90,41,2,0,47
Muscogee,Wynnbrook,Secretary of State,,Lib,Ted Metz,58,24,7,0,27
Muscogee,Cusseta Rd,Secretary of State,,Lib,Ted Metz,33,15,3,0,15
Muscogee,OLOLC,Secretary of State,,Lib,Ted Metz,59,22,6,0,31
Muscogee,Mt Pilgrim,Secretary of State,,Lib,Ted Metz,45,26,2,0,17
Muscogee,Faith Tabernacle,Secretary of State,,Lib,Ted Metz,33,21,1,0,11
Muscogee,Canaan,Secretary of State,,Lib,Ted Metz,53,31,7,0,15
Muscogee,Holsey,Secretary of State,,Lib,Ted Metz,52,31,4,0,17
Muscogee,Gentian,Secretary of State,,Lib,Ted Metz,84,46,3,0,35
Muscogee,St Paul,Secretary of State,,Lib,Ted Metz,102,55,7,0,40
Muscogee,Moon,Secretary of State,,Lib,Ted Metz,89,41,4,0,44
Muscogee,St Andrews,Secretary of State,,Lib,Ted Metz,101,36,9,0,56
Muscogee,Salvation Army,Secretary of State,,Lib,Ted Metz,48,19,2,0,27
Muscogee,First African,Secretary of State,,Lib,Ted Metz,14,2,1,0,11
Muscogee,Epworth,Secretary of State,,Lib,Ted Metz,65,25,0,0,40
Muscogee,Gallops,Secretary of State,,Lib,Ted Metz,31,15,0,0,16
Muscogee,Edgewood,Secretary of State,,Lib,Ted Metz,22,9,0,0,13
Muscogee,Psalmond,Secretary of State,,Lib,Ted Metz,114,58,2,0,54
Muscogee,Wynnton,Attorney General,,Rep,Chris Carr ,581,301,35,0,245
Muscogee,Carver/Library,Attorney General,,Rep,Chris Carr ,77,47,3,0,27
Muscogee,Shirley Winston,Attorney General,,Rep,Chris Carr ,161,93,18,0,50
Muscogee,Britt David,Attorney General,,Rep,Chris Carr ,753,261,35,0,457
Muscogee,St Peter,Attorney General,,Rep,Chris Carr ,1109,430,53,0,626
Muscogee,Chattahoochee,Attorney General,,Rep,Chris Carr ,2099,989,109,2,999
Muscogee,Columbus Tech,Attorney General,,Rep,Chris Carr ,723,399,26,0,298
Muscogee,Central,Attorney General,,Rep,Chris Carr ,2708,1490,98,0,1120
Muscogee,Wynnbrook,Attorney General,,Rep,Chris Carr ,1327,750,121,0,456
Muscogee,Cusseta Rd,Attorney General,,Rep,Chris Carr ,105,51,4,0,50
Muscogee,OLOLC,Attorney General,,Rep,Chris Carr ,418,154,41,0,223
Muscogee,Mt Pilgrim,Attorney General,,Rep,Chris Carr ,154,80,13,0,61
Muscogee,Faith Tabernacle,Attorney General,,Rep,Chris Carr ,155,78,10,0,67
Muscogee,Canaan,Attorney General,,Rep,Chris Carr ,434,225,75,0,134
Muscogee,Holsey,Attorney General,,Rep,Chris Carr ,365,221,33,0,111
Muscogee,Gentian,Attorney General,,Rep,Chris Carr ,1306,677,90,0,539
Muscogee,St Paul,Attorney General,,Rep,Chris Carr ,1845,1047,111,0,687
Muscogee,Moon,Attorney General,,Rep,Chris Carr ,1538,743,87,0,708
Muscogee,St Andrews,Attorney General,,Rep,Chris Carr ,2405,1176,125,0,1104
Muscogee,Salvation Army,Attorney General,,Rep,Chris Carr ,729,328,35,0,366
Muscogee,First African,Attorney General,,Rep,Chris Carr ,199,92,10,0,97
Muscogee,Epworth,Attorney General,,Rep,Chris Carr ,928,386,43,0,499
Muscogee,Gallops,Attorney General,,Rep,Chris Carr ,256,137,12,0,107
Muscogee,Edgewood,Attorney General,,Rep,Chris Carr ,461,187,28,0,246
Muscogee,Psalmond,Attorney General,,Rep,Chris Carr ,2396,1222,119,0,1055
Muscogee,Wynnton,Attorney General,,Dem,"Jennifer """"Jen"""" Jordan",1648,939,202,0,507
Muscogee,Carver/Library,Attorney General,,Dem,"Jennifer """"Jen"""" Jordan",1469,953,234,0,282
Muscogee,Shirley Winston,Attorney General,,Dem,"Jennifer """"Jen"""" Jordan",2330,1639,301,0,390
Muscogee,Britt David,Attorney General,,Dem,"Jennifer """"Jen"""" Jordan",478,244,51,0,183
Muscogee,St Peter,Attorney General,,Dem,"Jennifer """"Jen"""" Jordan",665,346,56,0,263
Muscogee,Chattahoochee,Attorney General,,Dem,"Jennifer """"Jen"""" Jordan",1322,804,112,1,405
Muscogee,Columbus Tech,Attorney General,,Dem,"Jennifer """"Jen"""" Jordan",641,359,76,1,205
Muscogee,Central,Attorney General,,Dem,"Jennifer """"Jen"""" Jordan",1215,764,149,0,302
Muscogee,Wynnbrook,Attorney General,,Dem,"Jennifer """"Jen"""" Jordan",475,299,84,1,91
Muscogee,Cusseta Rd,Attorney General,,Dem,"Jennifer """"Jen"""" Jordan",1658,913,217,1,527
Muscogee,OLOLC,Attorney General,,Dem,"Jennifer """"Jen"""" Jordan",2214,1167,330,2,715
Muscogee,Mt Pilgrim,Attorney General,,Dem,"Jennifer """"Jen"""" Jordan",2592,1703,294,4,591
Muscogee,Faith Tabernacle,Attorney General,,Dem,"Jennifer """"Jen"""" Jordan",1856,1211,222,1,422
Muscogee,Canaan,Attorney General,,Dem,"Jennifer """"Jen"""" Jordan",2253,1464,279,0,510
Muscogee,Holsey,Attorney General,,Dem,"Jennifer """"Jen"""" Jordan",2749,1918,264,1,566
Muscogee,Gentian,Attorney General,,Dem,"Jennifer """"Jen"""" Jordan",1277,875,114,0,288
Muscogee,St Paul,Attorney General,,Dem,"Jennifer """"Jen"""" Jordan",1224,761,116,0,347
Muscogee,Moon,Attorney General,,Dem,"Jennifer """"Jen"""" Jordan",1008,556,111,0,341
Muscogee,St Andrews,Attorney General,,Dem,"Jennifer """"Jen"""" Jordan",1883,1148,199,1,535
Muscogee,Salvation Army,Attorney General,,Dem,"Jennifer """"Jen"""" Jordan",815,487,55,2,271
Muscogee,First African,Attorney General,,Dem,"Jennifer """"Jen"""" Jordan",416,211,48,0,157
Muscogee,Epworth,Attorney General,,Dem,"Jennifer """"Jen"""" Jordan",756,414,67,0,275
Muscogee,Gallops,Attorney General,,Dem,"Jennifer """"Jen"""" Jordan",695,387,73,1,234
Muscogee,Edgewood,Attorney General,,Dem,"Jennifer """"Jen"""" Jordan",1025,684,108,1,232
Muscogee,Psalmond,Attorney General,,Dem,"Jennifer """"Jen"""" Jordan",2208,1491,192,0,525
Muscogee,Wynnton,Attorney General,,Lib,Martin Cowen,28,15,0,0,13
Muscogee,Carver/Library,Attorney General,,Lib,Martin Cowen,16,11,2,0,3
Muscogee,Shirley Winston,Attorney General,,Lib,Martin Cowen,20,14,1,0,5
Muscogee,Britt David,Attorney General,,Lib,Martin Cowen,27,2,1,0,24
Muscogee,St Peter,Attorney General,,Lib,Martin Cowen,28,6,1,0,21
Muscogee,Chattahoochee,Attorney General,,Lib,Martin Cowen,64,29,2,0,33
Muscogee,Columbus Tech,Attorney General,,Lib,Martin Cowen,19,7,0,0,12
Muscogee,Central,Attorney General,,Lib,Martin Cowen,55,24,4,1,26
Muscogee,Wynnbrook,Attorney General,,Lib,Martin Cowen,19,6,2,0,11
Muscogee,Cusseta Rd,Attorney General,,Lib,Martin Cowen,23,11,3,0,9
Muscogee,OLOLC,Attorney General,,Lib,Martin Cowen,33,17,1,0,15
Muscogee,Mt Pilgrim,Attorney General,,Lib,Martin Cowen,37,21,0,0,16
Muscogee,Faith Tabernacle,Attorney General,,Lib,Martin Cowen,18,10,0,0,8
Muscogee,Canaan,Attorney General,,Lib,Martin Cowen,35,24,3,0,8
Muscogee,Holsey,Attorney General,,Lib,Martin Cowen,28,19,0,0,9
Muscogee,Gentian,Attorney General,,Lib,Martin Cowen,35,24,1,0,10
Muscogee,St Paul,Attorney General,,Lib,Martin Cowen,41,21,1,0,19
Muscogee,Moon,Attorney General,,Lib,Martin Cowen,40,12,0,0,28
Muscogee,St Andrews,Attorney General,,Lib,Martin Cowen,43,12,1,0,30
Muscogee,Salvation Army,Attorney General,,Lib,Martin Cowen,28,10,1,0,17
Muscogee,First African,Attorney General,,Lib,Martin Cowen,12,1,1,0,10
Muscogee,Epworth,Attorney General,,Lib,Martin Cowen,38,14,0,0,24
Muscogee,Gallops,Attorney General,,Lib,Martin Cowen,14,4,0,0,10
Muscogee,Edgewood,Attorney General,,Lib,Martin Cowen,14,6,1,0,7
Muscogee,Psalmond,Attorney General,,Lib,Martin Cowen,55,28,4,0,23
Muscogee,Wynnton,Commissioner Of Agriculture,,Rep,Tyler Harper,582,300,36,0,246
Muscogee,Carver/Library,Commissioner Of Agriculture,,Rep,Tyler Harper,68,40,3,0,25
Muscogee,Shirley Winston,Commissioner Of Agriculture,,Rep,Tyler Harper,152,84,20,0,48
Muscogee,Britt David,Commissioner Of Agriculture,,Rep,Tyler Harper,766,258,38,0,470
Muscogee,St Peter,Commissioner Of Agriculture,,Rep,Tyler Harper,1127,435,55,0,637
Muscogee,Chattahoochee,Commissioner Of Agriculture,,Rep,Tyler Harper,2097,987,111,0,999
Muscogee,Columbus Tech,Commissioner Of Agriculture,,Rep,Tyler Harper,738,407,32,0,299
Muscogee,Central,Commissioner Of Agriculture,,Rep,Tyler Harper,2759,1516,106,0,1137
Muscogee,Wynnbrook,Commissioner Of Agriculture,,Rep,Tyler Harper,1349,762,123,0,464
Muscogee,Cusseta Rd,Commissioner Of Agriculture,,Rep,Tyler Harper,94,47,4,1,42
Muscogee,OLOLC,Commissioner Of Agriculture,,Rep,Tyler Harper,412,157,40,0,215
Muscogee,Mt Pilgrim,Commissioner Of Agriculture,,Rep,Tyler Harper,138,72,12,0,54
Muscogee,Faith Tabernacle,Commissioner Of Agriculture,,Rep,Tyler Harper,151,73,10,0,68
Muscogee,Canaan,Commissioner Of Agriculture,,Rep,Tyler Harper,436,223,73,0,140
Muscogee,Holsey,Commissioner Of Agriculture,,Rep,Tyler Harper,356,217,30,0,109
Muscogee,Gentian,Commissioner Of Agriculture,,Rep,Tyler Harper,1304,684,91,0,529
Muscogee,St Paul,Commissioner Of Agriculture,,Rep,Tyler Harper,1882,1078,110,0,694
Muscogee,Moon,Commissioner Of Agriculture,,Rep,Tyler Harper,1566,762,91,0,713
Muscogee,St Andrews,Commissioner Of Agriculture,,Rep,Tyler Harper,2422,1190,128,0,1104
Muscogee,Salvation Army,Commissioner Of Agriculture,,Rep,Tyler Harper,734,327,37,0,370
Muscogee,First African,Commissioner Of Agriculture,,Rep,Tyler Harper,203,92,13,0,98
Muscogee,Epworth,Commissioner Of Agriculture,,Rep,Tyler Harper,930,385,44,0,501
Muscogee,Gallops,Commissioner Of Agriculture,,Rep,Tyler Harper,262,140,14,0,108
Muscogee,Edgewood,Commissioner Of Agriculture,,Rep,Tyler Harper,482,192,31,0,259
Muscogee,Psalmond,Commissioner Of Agriculture,,Rep,Tyler Harper,2397,1227,123,0,1047
Muscogee,Wynnton,Commissioner Of Agriculture,,Dem,Nakita Hemingway,1620,923,201,0,496
Muscogee,Carver/Library,Commissioner Of Agriculture,,Dem,Nakita Hemingway,1465,950,233,0,282
Muscogee,Shirley Winston,Commissioner Of Agriculture,,Dem,Nakita Hemingway,2322,1635,299,0,388
Muscogee,Britt David,Commissioner Of Agriculture,,Dem,Nakita Hemingway,454,239,46,0,169
Muscogee,St Peter,Commissioner Of Agriculture,,Dem,Nakita Hemingway,627,332,48,0,247
Muscogee,Chattahoochee,Commissioner Of Agriculture,,Dem,Nakita Hemingway,1287,789,107,2,389
Muscogee,Columbus Tech,Commissioner Of Agriculture,,Dem,Nakita Hemingway,615,348,69,1,197
Muscogee,Central,Commissioner Of Agriculture,,Dem,Nakita Hemingway,1132,721,138,0,273
Muscogee,Wynnbrook,Commissioner Of Agriculture,,Dem,Nakita Hemingway,427,270,76,1,80
Muscogee,Cusseta Rd,Commissioner Of Agriculture,,Dem,Nakita Hemingway,1661,909,221,0,531
Muscogee,OLOLC,Commissioner Of Agriculture,,Dem,Nakita Hemingway,2207,1165,333,2,707
Muscogee,Mt Pilgrim,Commissioner Of Agriculture,,Dem,Nakita Hemingway,2601,1714,297,4,586
Muscogee,Faith Tabernacle,Commissioner Of Agriculture,,Dem,Nakita Hemingway,1858,1212,220,1,425
Muscogee,Canaan,Commissioner Of Agriculture,,Dem,Nakita Hemingway,2244,1462,279,0,503
Muscogee,Holsey,Commissioner Of Agriculture,,Dem,Nakita Hemingway,2745,1914,265,1,565
Muscogee,Gentian,Commissioner Of Agriculture,,Dem,Nakita Hemingway,1260,871,109,0,280
Muscogee,St Paul,Commissioner Of Agriculture,,Dem,Nakita Hemingway,1160,720,110,0,330
Muscogee,Moon,Commissioner Of Agriculture,,Dem,Nakita Hemingway,960,523,104,0,333
Muscogee,St Andrews,Commissioner Of Agriculture,,Dem,Nakita Hemingway,1820,1112,187,1,520
Muscogee,Salvation Army,Commissioner Of Agriculture,,Dem,Nakita Hemingway,799,485,53,2,259
Muscogee,First African,Commissioner Of Agriculture,,Dem,Nakita Hemingway,399,205,44,0,150
Muscogee,Epworth,Commissioner Of Agriculture,,Dem,Nakita Hemingway,735,397,67,0,271
Muscogee,Gallops,Commissioner Of Agriculture,,Dem,Nakita Hemingway,676,376,73,1,226
Muscogee,Edgewood,Commissioner Of Agriculture,,Dem,Nakita Hemingway,993,674,104,1,214
Muscogee,Psalmond,Commissioner Of Agriculture,,Dem,Nakita Hemingway,2156,1464,189,0,503
Muscogee,Wynnton,Commissioner Of Agriculture,,Lib,David Raudabaugh,38,17,1,0,20
Muscogee,Carver/Library,Commissioner Of Agriculture,,Lib,David Raudabaugh,25,18,2,0,5
Muscogee,Shirley Winston,Commissioner Of Agriculture,,Lib,David Raudabaugh,31,21,2,0,8
Muscogee,Britt David,Commissioner Of Agriculture,,Lib,David Raudabaugh,34,11,2,0,21
Muscogee,St Peter,Commissioner Of Agriculture,,Lib,David Raudabaugh,37,9,3,0,25
Muscogee,Chattahoochee,Commissioner Of Agriculture,,Lib,David Raudabaugh,86,33,3,1,49
Muscogee,Columbus Tech,Commissioner Of Agriculture,,Lib,David Raudabaugh,28,9,1,0,18
Muscogee,Central,Commissioner Of Agriculture,,Lib,David Raudabaugh,76,34,4,1,37
Muscogee,Wynnbrook,Commissioner Of Agriculture,,Lib,David Raudabaugh,31,14,3,0,14
Muscogee,Cusseta Rd,Commissioner Of Agriculture,,Lib,David Raudabaugh,27,15,1,0,11
Muscogee,OLOLC,Commissioner Of Agriculture,,Lib,David Raudabaugh,43,15,3,0,25
Muscogee,Mt Pilgrim,Commissioner Of Agriculture,,Lib,David Raudabaugh,43,20,0,0,23
Muscogee,Faith Tabernacle,Commissioner Of Agriculture,,Lib,David Raudabaugh,25,19,0,0,6
Muscogee,Canaan,Commissioner Of Agriculture,,Lib,David Raudabaugh,42,27,5,0,10
Muscogee,Holsey,Commissioner Of Agriculture,,Lib,David Raudabaugh,41,28,2,0,11
Muscogee,Gentian,Commissioner Of Agriculture,,Lib,David Raudabaugh,45,21,3,0,21
Muscogee,St Paul,Commissioner Of Agriculture,,Lib,David Raudabaugh,64,29,4,0,31
Muscogee,Moon,Commissioner Of Agriculture,,Lib,David Raudabaugh,57,21,3,0,33
Muscogee,St Andrews,Commissioner Of Agriculture,,Lib,David Raudabaugh,70,27,8,0,35
Muscogee,Salvation Army,Commissioner Of Agriculture,,Lib,David Raudabaugh,38,13,0,0,25
Muscogee,First African,Commissioner Of Agriculture,,Lib,David Raudabaugh,22,4,2,0,16
Muscogee,Epworth,Commissioner Of Agriculture,,Lib,David Raudabaugh,54,26,0,0,28
Muscogee,Gallops,Commissioner Of Agriculture,,Lib,David Raudabaugh,20,10,0,0,10
Muscogee,Edgewood,Commissioner Of Agriculture,,Lib,David Raudabaugh,21,10,1,0,10
Muscogee,Psalmond,Commissioner Of Agriculture,,Lib,David Raudabaugh,90,44,2,0,44
Muscogee,Wynnton,Commissioner Of Insurance,,Rep,John King ,605,313,34,0,258
Muscogee,Carver/Library,Commissioner Of Insurance,,Rep,John King ,91,57,2,0,32
Muscogee,Shirley Winston,Commissioner Of Insurance,,Rep,John King ,167,98,19,0,50
Muscogee,Britt David,Commissioner Of Insurance,,Rep,John King ,792,272,38,0,482
Muscogee,St Peter,Commissioner Of Insurance,,Rep,John King ,1158,441,57,0,660
Muscogee,Chattahoochee,Commissioner Of Insurance,,Rep,John King ,2147,1009,113,2,1023
Muscogee,Columbus Tech,Commissioner Of Insurance,,Rep,John King ,749,411,32,0,306
Muscogee,Central,Commissioner Of Insurance,,Rep,John King ,2797,1533,111,0,1153
Muscogee,Wynnbrook,Commissioner Of Insurance,,Rep,John King ,1376,778,127,0,471
Muscogee,Cusseta Rd,Commissioner Of Insurance,,Rep,John King ,113,55,5,0,53
Muscogee,OLOLC,Commissioner Of Insurance,,Rep,John King ,428,158,38,0,232
Muscogee,Mt Pilgrim,Commissioner Of Insurance,,Rep,John King ,169,84,15,0,70
Muscogee,Faith Tabernacle,Commissioner Of Insurance,,Rep,John King ,156,79,12,0,65
Muscogee,Canaan,Commissioner Of Insurance,,Rep,John King ,449,235,75,0,139
Muscogee,Holsey,Commissioner Of Insurance,,Rep,John King ,386,231,35,0,120
Muscogee,Gentian,Commissioner Of Insurance,,Rep,John King ,1335,693,94,0,548
Muscogee,St Paul,Commissioner Of Insurance,,Rep,John King ,1940,1103,118,0,719
Muscogee,Moon,Commissioner Of Insurance,,Rep,John King ,1584,760,97,0,727
Muscogee,St Andrews,Commissioner Of Insurance,,Rep,John King ,2483,1206,130,0,1147
Muscogee,Salvation Army,Commissioner Of Insurance,,Rep,John King ,746,326,39,0,381
Muscogee,First African,Commissioner Of Insurance,,Rep,John King ,212,94,10,0,108
Muscogee,Epworth,Commissioner Of Insurance,,Rep,John King ,963,396,45,0,522
Muscogee,Gallops,Commissioner Of Insurance,,Rep,John King ,272,139,13,0,120
Muscogee,Edgewood,Commissioner Of Insurance,,Rep,John King ,476,193,29,0,254
Muscogee,Psalmond,Commissioner Of Insurance,,Rep,John King ,2444,1254,127,0,1063
Muscogee,Wynnton,Commissioner Of Insurance,,Dem,Janice Laws Robinson,1635,931,201,0,503
Muscogee,Carver/Library,Commissioner Of Insurance,,Dem,Janice Laws Robinson,1466,953,235,0,278
Muscogee,Shirley Winston,Commissioner Of Insurance,,Dem,Janice Laws Robinson,2328,1633,303,0,392
Muscogee,Britt David,Commissioner Of Insurance,,Dem,Janice Laws Robinson,460,236,47,0,177
Muscogee,St Peter,Commissioner Of Insurance,,Dem,Janice Laws Robinson,630,335,51,0,244
Muscogee,Chattahoochee,Commissioner Of Insurance,,Dem,Janice Laws Robinson,1314,800,109,1,404
Muscogee,Columbus Tech,Commissioner Of Insurance,,Dem,Janice Laws Robinson,631,352,71,1,207
Muscogee,Central,Commissioner Of Insurance,,Dem,Janice Laws Robinson,1160,734,138,1,287
Muscogee,Wynnbrook,Commissioner Of Insurance,,Dem,Janice Laws Robinson,438,275,77,1,85
Muscogee,Cusseta Rd,Commissioner Of Insurance,,Dem,Janice Laws Robinson,1672,916,222,1,533
Muscogee,OLOLC,Commissioner Of Insurance,,Dem,Janice Laws Robinson,2227,1175,333,2,717
Muscogee,Mt Pilgrim,Commissioner Of Insurance,,Dem,Janice Laws Robinson,2604,1715,295,4,590
Muscogee,Faith Tabernacle,Commissioner Of Insurance,,Dem,Janice Laws Robinson,1872,1217,220,1,434
Muscogee,Canaan,Commissioner Of Insurance,,Dem,Janice Laws Robinson,2258,1470,278,0,510
Muscogee,Holsey,Commissioner Of Insurance,,Dem,Janice Laws Robinson,2744,1919,261,1,563
Muscogee,Gentian,Commissioner Of Insurance,,Dem,Janice Laws Robinson,1273,879,109,0,285
Muscogee,St Paul,Commissioner Of Insurance,,Dem,Janice Laws Robinson,1155,719,109,0,327
Muscogee,Moon,Commissioner Of Insurance,,Dem,Janice Laws Robinson,989,542,101,0,346
Muscogee,St Andrews,Commissioner Of Insurance,,Dem,Janice Laws Robinson,1830,1124,196,1,509
Muscogee,Salvation Army,Commissioner Of Insurance,,Dem,Janice Laws Robinson,818,493,52,2,271
Muscogee,First African,Commissioner Of Insurance,,Dem,Janice Laws Robinson,408,206,49,0,153
Muscogee,Epworth,Commissioner Of Insurance,,Dem,Janice Laws Robinson,752,414,65,0,273
Muscogee,Gallops,Commissioner Of Insurance,,Dem,Janice Laws Robinson,682,385,72,1,224
Muscogee,Edgewood,Commissioner Of Insurance,,Dem,Janice Laws Robinson,1019,682,108,1,228
Muscogee,Psalmond,Commissioner Of Insurance,,Dem,Janice Laws Robinson,2196,1481,187,0,528
Muscogee,Wynnton,State School Superintendent,,Rep,Richard Woods ,603,312,37,0,254
Muscogee,Carver/Library,State School Superintendent,,Rep,Richard Woods ,80,46,5,0,29
Muscogee,Shirley Winston,State School Superintendent,,Rep,Richard Woods ,161,94,20,0,47
Muscogee,Britt David,State School Superintendent,,Rep,Richard Woods ,785,269,38,0,478
Muscogee,St Peter,State School Superintendent,,Rep,Richard Woods ,1159,443,58,0,658
Muscogee,Chattahoochee,State School Superintendent,,Rep,Richard Woods ,2145,1010,113,2,1020
Muscogee,Columbus Tech,State School Superintendent,,Rep,Richard Woods ,746,411,33,0,302
Muscogee,Central,State School Superintendent,,Rep,Richard Woods ,2817,1548,111,0,1158
Muscogee,Wynnbrook,State School Superintendent,,Rep,Richard Woods ,1372,778,126,0,468
Muscogee,Cusseta Rd,State School Superintendent,,Rep,Richard Woods ,114,56,7,0,51
Muscogee,OLOLC,State School Superintendent,,Rep,Richard Woods ,436,160,42,0,234
Muscogee,Mt Pilgrim,State School Superintendent,,Rep,Richard Woods ,164,78,16,0,70
Muscogee,Faith Tabernacle,State School Superintendent,,Rep,Richard Woods ,159,84,9,0,66
Muscogee,Canaan,State School Superintendent,,Rep,Richard Woods ,458,238,75,0,145
Muscogee,Holsey,State School Superintendent,,Rep,Richard Woods ,377,226,35,0,116
Muscogee,Gentian,State School Superintendent,,Rep,Richard Woods ,1333,696,93,0,544
Muscogee,St Paul,State School Superintendent,,Rep,Richard Woods ,1920,1097,119,0,704
Muscogee,Moon,State School Superintendent,,Rep,Richard Woods ,1605,767,96,0,742
Muscogee,St Andrews,State School Superintendent,,Rep,Richard Woods ,2477,1212,132,0,1133
Muscogee,Salvation Army,State School Superintendent,,Rep,Richard Woods ,759,332,41,0,386
Muscogee,First African,State School Superintendent,,Rep,Richard Woods ,211,94,11,0,106
Muscogee,Epworth,State School Superintendent,,Rep,Richard Woods ,966,396,49,0,521
Muscogee,Gallops,State School Superintendent,,Rep,Richard Woods ,274,144,14,0,116
Muscogee,Edgewood,State School Superintendent,,Rep,Richard Woods ,483,196,30,0,257
Muscogee,Psalmond,State School Superintendent,,Rep,Richard Woods ,2444,1253,126,0,1065
Muscogee,Wynnton,State School Superintendent,,Dem,Alisha Thomas Searcy,1652,936,201,0,515
Muscogee,Carver/Library,State School Superintendent,,Dem,Alisha Thomas Searcy,1486,970,234,0,282
Muscogee,Shirley Winston,State School Superintendent,,Dem,Alisha Thomas Searcy,2354,1653,302,0,399
Muscogee,Britt David,State School Superintendent,,Dem,Alisha Thomas Searcy,469,239,48,0,182
Muscogee,St Peter,State School Superintendent,,Dem,Alisha Thomas Searcy,636,335,50,0,251
Muscogee,Chattahoochee,State School Superintendent,,Dem,Alisha Thomas Searcy,1321,802,107,1,411
Muscogee,Columbus Tech,State School Superintendent,,Dem,Alisha Thomas Searcy,639,355,71,1,212
Muscogee,Central,State School Superintendent,,Dem,Alisha Thomas Searcy,1153,728,134,1,290
Muscogee,Wynnbrook,State School Superintendent,,Dem,Alisha Thomas Searcy,439,273,75,1,90
Muscogee,Cusseta Rd,State School Superintendent,,Dem,Alisha Thomas Searcy,1675,921,220,1,533
Muscogee,OLOLC,State School Superintendent,,Dem,Alisha Thomas Searcy,2231,1180,330,2,719
Muscogee,Mt Pilgrim,State School Superintendent,,Dem,Alisha Thomas Searcy,2613,1724,293,4,592
Muscogee,Faith Tabernacle,State School Superintendent,,Dem,Alisha Thomas Searcy,1872,1214,222,1,435
Muscogee,Canaan,State School Superintendent,,Dem,Alisha Thomas Searcy,2264,1479,278,0,507
Muscogee,Holsey,State School Superintendent,,Dem,Alisha Thomas Searcy,2765,1935,262,1,567
Muscogee,Gentian,State School Superintendent,,Dem,Alisha Thomas Searcy,1280,881,111,0,288
Muscogee,St Paul,State School Superintendent,,Dem,Alisha Thomas Searcy,1180,730,106,0,344
Muscogee,Moon,State School Superintendent,,Dem,Alisha Thomas Searcy,980,544,103,0,333
Muscogee,St Andrews,State School Superintendent,,Dem,Alisha Thomas Searcy,1842,1118,194,1,529
Muscogee,Salvation Army,State School Superintendent,,Dem,Alisha Thomas Searcy,809,490,50,2,267
Muscogee,First African,State School Superintendent,,Dem,Alisha Thomas Searcy,411,208,47,0,156
Muscogee,Epworth,State School Superintendent,,Dem,Alisha Thomas Searcy,755,413,62,0,280
Muscogee,Gallops,State School Superintendent,,Dem,Alisha Thomas Searcy,692,385,73,1,233
Muscogee,Edgewood,State School Superintendent,,Dem,Alisha Thomas Searcy,1017,682,106,1,228
Muscogee,Psalmond,State School Superintendent,,Dem,Alisha Thomas Searcy,2207,1490,188,0,529
Muscogee,Wynnton,Commissioner Of Labor,,Rep,Bruce Thompson,579,297,35,0,247
Muscogee,Carver/Library,Commissioner Of Labor,,Rep,Bruce Thompson,67,37,4,0,26
Muscogee,Shirley Winston,Commissioner Of Labor,,Rep,Bruce Thompson,149,87,19,0,43
Muscogee,Britt David,Commissioner Of Labor,,Rep,Bruce Thompson,747,256,34,0,457
Muscogee,St Peter,Commissioner Of Labor,,Rep,Bruce Thompson,1117,431,53,0,633
Muscogee,Chattahoochee,Commissioner Of Labor,,Rep,Bruce Thompson,2072,976,109,2,985
Muscogee,Columbus Tech,Commissioner Of Labor,,Rep,Bruce Thompson,722,397,29,0,296
Muscogee,Central,Commissioner Of Labor,,Rep,Bruce Thompson,2707,1487,103,0,1117
Muscogee,Wynnbrook,Commissioner Of Labor,,Rep,Bruce Thompson,1342,752,122,0,468
Muscogee,Cusseta Rd,Commissioner Of Labor,,Rep,Bruce Thompson,100,47,6,1,46
Muscogee,OLOLC,Commissioner Of Labor,,Rep,Bruce Thompson,410,153,36,0,221
Muscogee,Mt Pilgrim,Commissioner Of Labor,,Rep,Bruce Thompson,152,78,15,0,59
Muscogee,Faith Tabernacle,Commissioner Of Labor,,Rep,Bruce Thompson,142,71,11,0,60
Muscogee,Canaan,Commissioner Of Labor,,Rep,Bruce Thompson,429,218,74,0,137
Muscogee,Holsey,Commissioner Of Labor,,Rep,Bruce Thompson,353,213,30,0,110
Muscogee,Gentian,Commissioner Of Labor,,Rep,Bruce Thompson,1286,670,90,0,526
Muscogee,St Paul,Commissioner Of Labor,,Rep,Bruce Thompson,1830,1044,110,0,676
Muscogee,Moon,Commissioner Of Labor,,Rep,Bruce Thompson,1530,741,91,0,698
Muscogee,St Andrews,Commissioner Of Labor,,Rep,Bruce Thompson,2392,1174,129,0,1089
Muscogee,Salvation Army,Commissioner Of Labor,,Rep,Bruce Thompson,720,320,37,0,363
Muscogee,First African,Commissioner Of Labor,,Rep,Bruce Thompson,194,87,11,0,96
Muscogee,Epworth,Commissioner Of Labor,,Rep,Bruce Thompson,930,391,47,0,492
Muscogee,Gallops,Commissioner Of Labor,,Rep,Bruce Thompson,257,139,12,0,106
Muscogee,Edgewood,Commissioner Of Labor,,Rep,Bruce Thompson,463,188,28,0,247
Muscogee,Psalmond,Commissioner Of Labor,,Rep,Bruce Thompson,2360,1208,116,0,1036
Muscogee,Wynnton,Commissioner Of Labor,,Dem,"William """"Will"""" Boddie, Jr",1615,924,201,0,490
Muscogee,Carver/Library,Commissioner Of Labor,,Dem,"William """"Will"""" Boddie, Jr",1461,948,237,0,276
Muscogee,Shirley Winston,Commissioner Of Labor,,Dem,"William """"Will"""" Boddie, Jr",2328,1633,299,0,396
Muscogee,Britt David,Commissioner Of Labor,,Dem,"William """"Will"""" Boddie, Jr",465,244,51,0,170
Muscogee,St Peter,Commissioner Of Labor,,Dem,"William """"Will"""" Boddie, Jr",629,330,51,0,248
Muscogee,Chattahoochee,Commissioner Of Labor,,Dem,"William """"Will"""" Boddie, Jr",1288,786,109,1,392
Muscogee,Columbus Tech,Commissioner Of Labor,,Dem,"William """"Will"""" Boddie, Jr",620,353,71,1,195
Muscogee,Central,Commissioner Of Labor,,Dem,"William """"Will"""" Boddie, Jr",1164,743,140,1,280
Muscogee,Wynnbrook,Commissioner Of Labor,,Dem,"William """"Will"""" Boddie, Jr",441,282,78,1,80
Muscogee,Cusseta Rd,Commissioner Of Labor,,Dem,"William """"Will"""" Boddie, Jr",1643,903,215,0,525
Muscogee,OLOLC,Commissioner Of Labor,,Dem,"William """"Will"""" Boddie, Jr",2183,1157,328,2,696
Muscogee,Mt Pilgrim,Commissioner Of Labor,,Dem,"William """"Will"""" Boddie, Jr",2572,1697,292,4,579
Muscogee,Faith Tabernacle,Commissioner Of Labor,,Dem,"William """"Will"""" Boddie, Jr",1839,1200,217,1,421
Muscogee,Canaan,Commissioner Of Labor,,Dem,"William """"Will"""" Boddie, Jr",2236,1460,277,0,499
Muscogee,Holsey,Commissioner Of Labor,,Dem,"William """"Will"""" Boddie, Jr",2722,1899,260,1,562
Muscogee,Gentian,Commissioner Of Labor,,Dem,"William """"Will"""" Boddie, Jr",1263,872,110,0,281
Muscogee,St Paul,Commissioner Of Labor,,Dem,"William """"Will"""" Boddie, Jr",1189,737,114,0,338
Muscogee,Moon,Commissioner Of Labor,,Dem,"William """"Will"""" Boddie, Jr",980,539,108,0,333
Muscogee,St Andrews,Commissioner Of Labor,,Dem,"William """"Will"""" Boddie, Jr",1824,1113,188,1,522
Muscogee,Salvation Army,Commissioner Of Labor,,Dem,"William """"Will"""" Boddie, Jr",804,485,53,2,264
Muscogee,First African,Commissioner Of Labor,,Dem,"William """"Will"""" Boddie, Jr",408,211,47,0,150
Muscogee,Epworth,Commissioner Of Labor,,Dem,"William """"Will"""" Boddie, Jr",733,402,60,0,271
Muscogee,Gallops,Commissioner Of Labor,,Dem,"William """"Will"""" Boddie, Jr",674,373,72,1,228
Muscogee,Edgewood,Commissioner Of Labor,,Dem,"William """"Will"""" Boddie, Jr",999,669,105,1,224
Muscogee,Psalmond,Commissioner Of Labor,,Dem,"William """"Will"""" Boddie, Jr",2168,1475,188,0,505
Muscogee,Wynnton,Commissioner Of Labor,,Lib,Emily Anderson,42,20,2,0,20
Muscogee,Carver/Library,Commissioner Of Labor,,Lib,Emily Anderson,31,21,0,0,10
Muscogee,Shirley Winston,Commissioner Of Labor,,Lib,Emily Anderson,34,24,4,0,6
Muscogee,Britt David,Commissioner Of Labor,,Lib,Emily Anderson,38,6,0,0,32
Muscogee,St Peter,Commissioner Of Labor,,Lib,Emily Anderson,41,10,2,0,29
Muscogee,Chattahoochee,Commissioner Of Labor,,Lib,Emily Anderson,107,47,4,0,56
Muscogee,Columbus Tech,Commissioner Of Labor,,Lib,Emily Anderson,37,15,2,0,20
Muscogee,Central,Commissioner Of Labor,,Lib,Emily Anderson,86,36,5,0,45
Muscogee,Wynnbrook,Commissioner Of Labor,,Lib,Emily Anderson,25,14,3,0,8
Muscogee,Cusseta Rd,Commissioner Of Labor,,Lib,Emily Anderson,35,22,4,0,9
Muscogee,OLOLC,Commissioner Of Labor,,Lib,Emily Anderson,68,30,7,0,31
Muscogee,Mt Pilgrim,Commissioner Of Labor,,Lib,Emily Anderson,56,26,2,0,28
Muscogee,Faith Tabernacle,Commissioner Of Labor,,Lib,Emily Anderson,43,26,3,0,14
Muscogee,Canaan,Commissioner Of Labor,,Lib,Emily Anderson,48,30,3,0,15
Muscogee,Holsey,Commissioner Of Labor,,Lib,Emily Anderson,63,44,7,0,12
Muscogee,Gentian,Commissioner Of Labor,,Lib,Emily Anderson,63,31,4,0,28
Muscogee,St Paul,Commissioner Of Labor,,Lib,Emily Anderson,75,36,2,0,37
Muscogee,Moon,Commissioner Of Labor,,Lib,Emily Anderson,64,23,1,0,40
Muscogee,St Andrews,Commissioner Of Labor,,Lib,Emily Anderson,92,38,8,0,46
Muscogee,Salvation Army,Commissioner Of Labor,,Lib,Emily Anderson,45,19,0,0,26
Muscogee,First African,Commissioner Of Labor,,Lib,Emily Anderson,20,2,1,0,17
Muscogee,Epworth,Commissioner Of Labor,,Lib,Emily Anderson,56,18,3,0,35
Muscogee,Gallops,Commissioner Of Labor,,Lib,Emily Anderson,26,11,3,0,12
Muscogee,Edgewood,Commissioner Of Labor,,Lib,Emily Anderson,32,16,2,0,14
Muscogee,Psalmond,Commissioner Of Labor,,Lib,Emily Anderson,109,50,8,0,51
Muscogee,Wynnton,U.S. House,2,Rep,Chris West,514,274,27,0,213
Muscogee,Carver/Library,U.S. House,2,Rep,Chris West,67,46,1,0,20
Muscogee,Shirley Winston,U.S. House,2,Rep,Chris West,129,77,14,0,38
Muscogee,Chattahoochee,U.S. House,2,Rep,Chris West,1976,931,91,0,954
Muscogee,Columbus Tech,U.S. House,2,Rep,Chris West,500,280,17,0,203
Muscogee,Cusseta Rd,U.S. House,2,Rep,Chris West,83,38,5,0,40
Muscogee,OLOLC,U.S. House,2,Rep,Chris West,400,146,38,0,216
Muscogee,Mt Pilgrim,U.S. House,2,Rep,Chris West,136,67,11,0,58
Muscogee,Faith Tabernacle,U.S. House,2,Rep,Chris West,151,78,8,0,65
Muscogee,Canaan,U.S. House,2,Rep,Chris West,405,205,66,0,134
Muscogee,Holsey,U.S. House,2,Rep,Chris West,328,199,32,0,97
Muscogee,Gentian,U.S. House,2,Rep,Chris West,1227,634,79,0,514
Muscogee,St Paul,U.S. House,2,Rep,Chris West,1553,904,84,0,565
Muscogee,Moon,U.S. House,2,Rep,Chris West,1484,717,76,0,691
Muscogee,St Andrews,U.S. House,2,Rep,Chris West,2323,1139,114,0,1070
Muscogee,Salvation Army,U.S. House,2,Rep,Chris West,697,309,34,0,354
Muscogee,First African,U.S. House,2,Rep,Chris West,176,81,8,0,87
Muscogee,Gallops,U.S. House,2,Rep,Chris West,245,129,12,0,104
Muscogee,Edgewood,U.S. House,2,Rep,Chris West,444,176,25,0,243
Muscogee,Psalmond,U.S. House,2,Rep,Chris West,2297,1165,107,0,1025
Muscogee,Wynnton,U.S. House,2,Dem,Sanford Bishop ,1743,984,202,0,557
Muscogee,Carver/Library,U.S. House,2,Dem,Sanford Bishop ,1507,983,233,0,291
Muscogee,Shirley Winston,U.S. House,2,Dem,Sanford Bishop ,2405,1694,301,0,410
Muscogee,Chattahoochee,U.S. House,2,Dem,Sanford Bishop ,1409,839,111,2,457
Muscogee,Columbus Tech,U.S. House,2,Dem,Sanford Bishop ,607,341,76,1,189
Muscogee,Cusseta Rd,U.S. House,2,Dem,Sanford Bishop ,1712,946,216,0,550
Muscogee,OLOLC,U.S. House,2,Dem,Sanford Bishop ,2290,1211,331,2,746
Muscogee,Mt Pilgrim,U.S. House,2,Dem,Sanford Bishop ,2650,1748,293,4,605
Muscogee,Faith Tabernacle,U.S. House,2,Dem,Sanford Bishop ,1888,1228,221,1,438
Muscogee,Canaan,U.S. House,2,Dem,Sanford Bishop ,2326,1512,290,0,524
Muscogee,Holsey,U.S. House,2,Dem,Sanford Bishop ,2837,1977,269,1,590
Muscogee,Gentian,U.S. House,2,Dem,Sanford Bishop ,1392,943,121,0,328
Muscogee,St Paul,U.S. House,2,Dem,Sanford Bishop ,1186,742,114,0,330
Muscogee,Moon,U.S. House,2,Dem,Sanford Bishop ,1097,596,117,0,384
Muscogee,St Andrews,U.S. House,2,Dem,Sanford Bishop ,2011,1203,205,1,602
Muscogee,Salvation Army,U.S. House,2,Dem,Sanford Bishop ,874,519,55,2,298
Muscogee,First African,U.S. House,2,Dem,Sanford Bishop ,453,224,49,0,180
Muscogee,Gallops,U.S. House,2,Dem,Sanford Bishop ,732,405,75,1,251
Muscogee,Edgewood,U.S. House,2,Dem,Sanford Bishop ,1071,710,113,1,247
Muscogee,Psalmond,U.S. House,2,Dem,Sanford Bishop ,2360,1581,203,0,576
Muscogee,Britt David,U.S. House,3,Rep,Drew Ferguson ,787,271,35,0,481
Muscogee,St Peter,U.S. House,3,Rep,Drew Ferguson ,1155,438,53,0,664
Muscogee,Chattahoochee,U.S. House,3,Rep,Drew Ferguson ,57,26,9,0,22
Muscogee,Columbus Tech,U.S. House,3,Rep,Drew Ferguson ,200,101,8,0,91
Muscogee,Central,U.S. House,3,Rep,Drew Ferguson ,2786,1527,100,0,1159
Muscogee,Wynnbrook,U.S. House,3,Rep,Drew Ferguson ,1374,785,117,0,472
Muscogee,St Paul,U.S. House,3,Rep,Drew Ferguson ,201,94,11,0,96
Muscogee,Epworth,U.S. House,3,Rep,Drew Ferguson ,970,408,46,0,516
Muscogee,Britt David,U.S. House,3,Dem,Val Almonord,459,234,48,0,177
Muscogee,St Peter,U.S. House,3,Dem,Val Almonord,632,337,51,0,244
Muscogee,Chattahoochee,U.S. House,3,Dem,Val Almonord,38,22,10,0,6
Muscogee,Columbus Tech,U.S. House,3,Dem,Val Almonord,77,46,2,0,29
Muscogee,Central,U.S. House,3,Dem,Val Almonord,1176,749,140,1,286
Muscogee,Wynnbrook,U.S. House,3,Dem,Val Almonord,445,275,83,1,86
Muscogee,St Paul,U.S. House,3,Dem,Val Almonord,178,92,17,0,69
Muscogee,Epworth,U.S. House,3,Dem,Val Almonord,744,401,64,0,279
Muscogee,Wynnton,State Senate,15,Dem,Ed Harbison ,1941,1100,202,0,639
Muscogee,Carver/Library,State Senate,15,Dem,Ed Harbison ,1515,994,227,0,294
Muscogee,Shirley Winston,State Senate,15,Dem,Ed Harbison ,2432,1708,295,0,429
Muscogee,Columbus Tech,State Senate,15,Dem,Ed Harbison ,618,336,56,1,225
Muscogee,Cusseta Rd,State Senate,15,Dem,Ed Harbison ,1710,948,204,0,558
Muscogee,OLOLC,State Senate,15,Dem,Ed Harbison ,2409,1257,321,2,829
Muscogee,Mt Pilgrim,State Senate,15,Dem,Ed Harbison ,2674,1761,287,4,622
Muscogee,Faith Tabernacle,State Senate,15,Dem,Ed Harbison ,1940,1252,219,1,468
Muscogee,Canaan,State Senate,15,Dem,Ed Harbison ,2468,1595,298,0,575
Muscogee,Holsey,State Senate,15,Dem,Ed Harbison ,2949,2041,269,1,638
Muscogee,Gentian,State Senate,15,Dem,Ed Harbison ,1904,1225,134,0,545
Muscogee,St Paul,State Senate,15,Dem,Ed Harbison ,2221,1341,162,0,718
Muscogee,Salvation Army,State Senate,15,Dem,Ed Harbison ,1159,653,58,2,446
Muscogee,First African,State Senate,15,Dem,Ed Harbison ,503,245,51,0,207
Muscogee,Epworth,State Senate,15,Dem,Ed Harbison ,1226,608,84,0,534
Muscogee,Gallops,State Senate,15,Dem,Ed Harbison ,802,448,72,0,282
Muscogee,Edgewood,State Senate,15,Dem,Ed Harbison ,1231,767,115,1,348
Muscogee,Britt David,State Senate,29,Rep,Randy Robertson ,786,271,36,0,479
Muscogee,St Peter,State Senate,29,Rep,Randy Robertson ,1141,433,50,0,658
Muscogee,Chattahoochee,State Senate,29,Rep,Randy Robertson ,2141,1017,107,2,1015
Muscogee,Columbus Tech,State Senate,29,Rep,Randy Robertson ,387,212,20,0,155
Muscogee,Central,State Senate,29,Rep,Randy Robertson ,2772,1521,100,0,1151
Muscogee,Wynnbrook,State Senate,29,Rep,Randy Robertson ,1349,771,118,0,460
Muscogee,Moon,State Senate,29,Rep,Randy Robertson ,1583,764,87,0,732
Muscogee,St Andrews,State Senate,29,Rep,Randy Robertson ,2470,1212,127,0,1131
Muscogee,Psalmond,State Senate,29,Rep,Randy Robertson ,2416,1223,121,0,1072
Muscogee,Britt David,State Senate,29,Dem,Ellen Wright,466,238,47,0,181
Muscogee,St Peter,State Senate,29,Dem,Ellen Wright,634,337,52,0,245
Muscogee,Chattahoochee,State Senate,29,Dem,Ellen Wright,1319,794,110,0,415
Muscogee,Columbus Tech,State Senate,29,Dem,Ellen Wright,181,113,13,0,55
Muscogee,Central,State Senate,29,Dem,Ellen Wright,1182,751,137,1,293
Muscogee,Wynnbrook,State Senate,29,Dem,Ellen Wright,462,285,81,1,95
Muscogee,Moon,State Senate,29,Dem,Ellen Wright,984,541,101,0,342
Muscogee,St Andrews,State Senate,29,Dem,Ellen Wright,1838,1123,190,0,525
Muscogee,Psalmond,State Senate,29,Dem,Ellen Wright,2218,1510,186,0,522
Muscogee,Faith Tabernacle,State House,137,Rep,Justin Rickett,139,69,8,0,62
Muscogee,Canaan,State House,137,Rep,Justin Rickett,58,25,8,0,25
Muscogee,Holsey,State House,137,Rep,Justin Rickett,216,128,17,0,71
Muscogee,Psalmond,State House,137,Rep,Justin Rickett,2243,1134,93,0,1016
Muscogee,Faith Tabernacle,State House,137,Dem,Debbie G. Buckner ,1889,1232,220,0,437
Muscogee,Canaan,State House,137,Dem,Debbie G. Buckner ,1382,912,193,0,277
Muscogee,Holsey,State House,137,Dem,Debbie G. Buckner ,2185,1525,200,0,460
Muscogee,Psalmond,State House,137,Dem,Debbie G. Buckner ,2405,1606,216,0,583
Muscogee,Central,State House,138,Rep,"Vance Smith, Jr. ",3360,1878,154,1,1327
Muscogee,Wynnbrook,State House,138,Rep,"Vance Smith, Jr. ",1565,903,144,0,518
Muscogee,Britt David,State House,139,Rep,Richard H. Smith ,1027,381,55,0,591
Muscogee,St Peter,State House,139,Rep,Richard H. Smith ,1471,594,78,0,799
Muscogee,Chattahoochee,State House,139,Rep,Richard H. Smith ,2830,1401,144,2,1283
Muscogee,St Paul,State House,139,Rep,Richard H. Smith ,2497,1455,151,0,891
Muscogee,Moon,State House,139,Rep,Richard H. Smith ,2087,1026,138,0,923
Muscogee,St Andrews,State House,139,Rep,Richard H. Smith ,2094,1086,116,0,892
Muscogee,Epworth,State House,139,Rep,Richard H. Smith ,802,336,38,0,428
Muscogee,Wynnton,State House,140,Dem,Tremaine Teddy Reese,1930,1085,206,0,639
Muscogee,Carver/Library,State House,140,Dem,Tremaine Teddy Reese,1522,990,233,0,299
Muscogee,Columbus Tech,State House,140,Dem,Tremaine Teddy Reese,952,524,78,1,349
Muscogee,Cusseta Rd,State House,140,Dem,Tremaine Teddy Reese,704,330,85,0,289
Muscogee,OLOLC,State House,140,Dem,Tremaine Teddy Reese,2382,1247,325,2,808
Muscogee,First African,State House,140,Dem,Tremaine Teddy Reese,494,241,52,0,201
Muscogee,Epworth,State House,140,Dem,Tremaine Teddy Reese,545,294,43,0,208
Muscogee,Gallops,State House,140,Dem,Tremaine Teddy Reese,799,446,75,0,278
Muscogee,Shirley Winston,State House,141,Dem,Carolyn Hugley ,2439,1713,300,0,426
Muscogee,Cusseta Rd,State House,141,Dem,Carolyn Hugley ,1019,620,128,0,271
Muscogee,OLOLC,State House,141,Dem,Carolyn Hugley ,18,7,2,0,9
Muscogee,Mt Pilgrim,State House,141,Dem,Carolyn Hugley ,2690,1773,289,3,625
Muscogee,Canaan,State House,141,Dem,Carolyn Hugley ,1061,672,107,0,282
Muscogee,Holsey,State House,141,Dem,Carolyn Hugley ,683,470,70,1,142
Muscogee,Gentian,State House,141,Dem,Carolyn Hugley ,1897,1217,142,0,538
Muscogee,St Andrews,State House,141,Dem,Carolyn Hugley ,1291,711,115,0,465
Muscogee,Salvation Army,State House,141,Dem,Carolyn Hugley ,1148,641,63,1,443
Muscogee,Edgewood,State House,141,Dem,Carolyn Hugley ,1231,764,120,1,346
Muscogee,Wynnton,Constitutional Amendment #1,,,Yes,1876,1056,187,0,633
Muscogee,Carver/Library,Constitutional Amendment #1,,,Yes,1234,795,206,0,233
Muscogee,Shirley Winston,Constitutional Amendment #1,,,Yes,2000,1387,252,0,361
Muscogee,Britt David,Constitutional Amendment #1,,,Yes,1063,439,67,0,557
Muscogee,St Peter,Constitutional Amendment #1,,,Yes,1530,655,89,0,786
Muscogee,Chattahoochee,Constitutional Amendment #1,,,Yes,2986,1552,205,2,1227
Muscogee,Columbus Tech,Constitutional Amendment #1,,,Yes,1137,626,85,1,425
Muscogee,Central,Constitutional Amendment #1,,,Yes,3458,1982,209,1,1266
Muscogee,Wynnbrook,Constitutional Amendment #1,,,Yes,1573,916,176,1,480
Muscogee,Cusseta Rd,Constitutional Amendment #1,,,Yes,1411,772,186,0,453
Muscogee,OLOLC,Constitutional Amendment #1,,,Yes,2130,1068,306,1,755
Muscogee,Mt Pilgrim,Constitutional Amendment #1,,,Yes,2214,1447,248,4,515
Muscogee,Faith Tabernacle,Constitutional Amendment #1,,,Yes,1642,1049,181,1,411
Muscogee,Canaan,Constitutional Amendment #1,,,Yes,2221,1396,273,0,552
Muscogee,Holsey,Constitutional Amendment #1,,,Yes,2575,1769,252,1,553
Muscogee,Gentian,Constitutional Amendment #1,,,Yes,2244,1360,167,0,717
Muscogee,St Paul,Constitutional Amendment #1,,,Yes,2710,1597,198,0,915
Muscogee,Moon,Constitutional Amendment #1,,,Yes,2240,1114,170,0,956
Muscogee,St Andrews,Constitutional Amendment #1,,,Yes,3740,2002,288,1,1449
Muscogee,Salvation Army,Constitutional Amendment #1,,,Yes,1340,715,76,0,549
Muscogee,First African,Constitutional Amendment #1,,,Yes,521,266,45,0,210
Muscogee,Epworth,Constitutional Amendment #1,,,Yes,1445,689,95,0,661
Muscogee,Gallops,Constitutional Amendment #1,,,Yes,801,446,69,1,285
Muscogee,Edgewood,Constitutional Amendment #1,,,Yes,1267,736,119,0,412
Muscogee,Psalmond,Constitutional Amendment #1,,,Yes,4061,2389,280,0,1392
Muscogee,Wynnton,Constitutional Amendment #1,,,No,302,161,27,0,114
Muscogee,Carver/Library,Constitutional Amendment #1,,,No,278,191,17,0,70
Muscogee,Shirley Winston,Constitutional Amendment #1,,,No,431,298,51,0,82
Muscogee,Britt David,Constitutional Amendment #1,,,No,154,57,10,0,87
Muscogee,St Peter,Constitutional Amendment #1,,,No,216,102,12,0,102
Muscogee,Chattahoochee,Constitutional Amendment #1,,,No,423,229,13,1,180
Muscogee,Columbus Tech,Constitutional Amendment #1,,,No,184,103,9,0,72
Muscogee,Central,Constitutional Amendment #1,,,No,435,250,24,0,161
Muscogee,Wynnbrook,Constitutional Amendment #1,,,No,175,106,11,0,58
Muscogee,Cusseta Rd,Constitutional Amendment #1,,,No,322,170,30,1,121
Muscogee,OLOLC,Constitutional Amendment #1,,,No,443,229,44,1,169
Muscogee,Mt Pilgrim,Constitutional Amendment #1,,,No,488,320,37,0,131
Muscogee,Faith Tabernacle,Constitutional Amendment #1,,,No,336,221,36,0,79
Muscogee,Canaan,Constitutional Amendment #1,,,No,423,278,47,0,98
Muscogee,Holsey,Constitutional Amendment #1,,,No,523,365,35,0,123
Muscogee,Gentian,Constitutional Amendment #1,,,No,309,183,13,0,113
Muscogee,St Paul,Constitutional Amendment #1,,,No,312,183,17,0,112
Muscogee,Moon,Constitutional Amendment #1,,,No,282,160,20,0,102
Muscogee,St Andrews,Constitutional Amendment #1,,,No,489,280,23,0,186
Muscogee,Salvation Army,Constitutional Amendment #1,,,No,207,99,9,2,97
Muscogee,First African,Constitutional Amendment #1,,,No,85,32,7,0,46
Muscogee,Epworth,Constitutional Amendment #1,,,No,230,96,9,0,125
Muscogee,Gallops,Constitutional Amendment #1,,,No,145,71,15,0,59
Muscogee,Edgewood,Constitutional Amendment #1,,,No,198,121,12,1,64
Muscogee,Psalmond,Constitutional Amendment #1,,,No,517,310,28,0,179
Muscogee,Wynnton,Constitutional Amendment #2,,,Yes,2003,1120,193,0,690
Muscogee,Carver/Library,Constitutional Amendment #2,,,Yes,1389,891,213,0,285
Muscogee,Shirley Winston,Constitutional Amendment #2,,,Yes,2217,1544,266,0,407
Muscogee,Britt David,Constitutional Amendment #2,,,Yes,1116,456,76,0,584
Muscogee,St Peter,Constitutional Amendment #2,,,Yes,1612,698,98,0,816
Muscogee,Chattahoochee,Constitutional Amendment #2,,,Yes,3138,1634,201,3,1300
Muscogee,Columbus Tech,Constitutional Amendment #2,,,Yes,1209,656,94,1,458
Muscogee,Central,Constitutional Amendment #2,,,Yes,3545,2023,213,1,1308
Muscogee,Wynnbrook,Constitutional Amendment #2,,,Yes,1578,917,174,1,486
Muscogee,Cusseta Rd,Constitutional Amendment #2,,,Yes,1580,850,204,1,525
Muscogee,OLOLC,Constitutional Amendment #2,,,Yes,2306,1165,316,1,824
Muscogee,Mt Pilgrim,Constitutional Amendment #2,,,Yes,2494,1622,261,3,608
Muscogee,Faith Tabernacle,Constitutional Amendment #2,,,Yes,1797,1147,200,1,449
Muscogee,Canaan,Constitutional Amendment #2,,,Yes,2450,1517,321,0,612
Muscogee,Holsey,Constitutional Amendment #2,,,Yes,2805,1929,251,1,624
Muscogee,Gentian,Constitutional Amendment #2,,,Yes,2384,1452,173,0,759
Muscogee,St Paul,Constitutional Amendment #2,,,Yes,2759,1622,206,0,931
Muscogee,Moon,Constitutional Amendment #2,,,Yes,2298,1149,174,0,975
Muscogee,St Andrews,Constitutional Amendment #2,,,Yes,3905,2103,289,1,1512
Muscogee,Salvation Army,Constitutional Amendment #2,,,Yes,1418,745,81,1,591
Muscogee,First African,Constitutional Amendment #2,,,Yes,571,276,48,0,247
Muscogee,Epworth,Constitutional Amendment #2,,,Yes,1537,718,97,0,722
Muscogee,Gallops,Constitutional Amendment #2,,,Yes,882,480,75,1,326
Muscogee,Edgewood,Constitutional Amendment #2,,,Yes,1370,798,126,1,445
Muscogee,Psalmond,Constitutional Amendment #2,,,Yes,4216,2495,277,0,1444
Muscogee,Wynnton,Constitutional Amendment #2,,,No,193,112,19,0,62
Muscogee,Carver/Library,Constitutional Amendment #2,,,No,129,97,10,0,22
Muscogee,Shirley Winston,Constitutional Amendment #2,,,No,233,162,32,0,39
Muscogee,Britt David,Constitutional Amendment #2,,,No,112,44,2,0,66
Muscogee,St Peter,Constitutional Amendment #2,,,No,145,65,3,0,77
Muscogee,Chattahoochee,Constitutional Amendment #2,,,No,288,158,14,0,116
Muscogee,Columbus Tech,Constitutional Amendment #2,,,No,132,86,2,0,44
Muscogee,Central,Constitutional Amendment #2,,,No,355,220,18,0,117
Muscogee,Wynnbrook,Constitutional Amendment #2,,,No,171,106,12,0,53
Muscogee,Cusseta Rd,Constitutional Amendment #2,,,No,154,97,11,0,46
Muscogee,OLOLC,Constitutional Amendment #2,,,No,272,142,31,1,98
Muscogee,Mt Pilgrim,Constitutional Amendment #2,,,No,221,156,21,1,43
Muscogee,Faith Tabernacle,Constitutional Amendment #2,,,No,199,130,22,0,47
Muscogee,Canaan,Constitutional Amendment #2,,,No,219,165,12,0,42
Muscogee,Holsey,Constitutional Amendment #2,,,No,293,203,35,0,55
Muscogee,Gentian,Constitutional Amendment #2,,,No,189,103,13,0,73
Muscogee,St Paul,Constitutional Amendment #2,,,No,282,169,14,0,99
Muscogee,Moon,Constitutional Amendment #2,,,No,237,127,16,0,94
Muscogee,St Andrews,Constitutional Amendment #2,,,No,341,194,23,0,124
Muscogee,Salvation Army,Constitutional Amendment #2,,,No,141,74,6,1,60
Muscogee,First African,Constitutional Amendment #2,,,No,45,24,5,0,16
Muscogee,Epworth,Constitutional Amendment #2,,,No,158,82,8,0,68
Muscogee,Gallops,Constitutional Amendment #2,,,No,65,38,8,0,19
Muscogee,Edgewood,Constitutional Amendment #2,,,No,110,70,8,0,32
Muscogee,Psalmond,Constitutional Amendment #2,,,No,378,214,28,0,136
Muscogee,Wynnton,Statewide Referendum A,,,Yes,1307,698,110,0,499
Muscogee,Carver/Library,Statewide Referendum A,,,Yes,951,618,144,0,189
Muscogee,Shirley Winston,Statewide Referendum A,,,Yes,1558,1082,161,0,315
Muscogee,Britt David,Statewide Referendum A,,,Yes,730,287,36,0,407
Muscogee,St Peter,Statewide Referendum A,,,Yes,1064,448,55,0,561
Muscogee,Chattahoochee,Statewide Referendum A,,,Yes,2036,982,104,3,947
Muscogee,Columbus Tech,Statewide Referendum A,,,Yes,825,443,52,1,329
Muscogee,Central,Statewide Referendum A,,,Yes,2295,1259,101,1,934
Muscogee,Wynnbrook,Statewide Referendum A,,,Yes,1036,613,87,0,336
Muscogee,Cusseta Rd,Statewide Referendum A,,,Yes,1172,636,141,1,394
Muscogee,OLOLC,Statewide Referendum A,,,Yes,1672,834,217,1,620
Muscogee,Mt Pilgrim,Statewide Referendum A,,,Yes,1723,1129,146,4,444
Muscogee,Faith Tabernacle,Statewide Referendum A,,,Yes,1251,785,125,1,340
Muscogee,Canaan,Statewide Referendum A,,,Yes,1664,1045,187,0,432
Muscogee,Holsey,Statewide Referendum A,,,Yes,2002,1376,143,1,482
Muscogee,Gentian,Statewide Referendum A,,,Yes,1520,919,83,0,518
Muscogee,St Paul,Statewide Referendum A,,,Yes,1764,1021,126,0,617
Muscogee,Moon,Statewide Referendum A,,,Yes,1529,756,104,0,669
Muscogee,St Andrews,Statewide Referendum A,,,Yes,2568,1319,162,0,1087
Muscogee,Salvation Army,Statewide Referendum A,,,Yes,957,482,47,1,427
Muscogee,First African,Statewide Referendum A,,,Yes,351,148,30,0,173
Muscogee,Epworth,Statewide Referendum A,,,Yes,1029,464,54,0,511
Muscogee,Gallops,Statewide Referendum A,,,Yes,600,323,52,1,224
Muscogee,Edgewood,Statewide Referendum A,,,Yes,963,565,70,1,327
Muscogee,Psalmond,Statewide Referendum A,,,Yes,2745,1577,137,0,1031
Muscogee,Wynnton,Statewide Referendum A,,,No,832,494,99,0,239
Muscogee,Carver/Library,Statewide Referendum A,,,No,544,355,77,0,112
Muscogee,Shirley Winston,Statewide Referendum A,,,No,870,600,143,0,127
Muscogee,Britt David,Statewide Referendum A,,,No,475,204,41,0,230
Muscogee,St Peter,Statewide Referendum A,,,No,650,290,41,0,319
Muscogee,Chattahoochee,Statewide Referendum A,,,No,1308,765,102,0,441
Muscogee,Columbus Tech,Statewide Referendum A,,,No,491,282,42,0,167
Muscogee,Central,Statewide Referendum A,,,No,1530,941,126,0,463
Muscogee,Wynnbrook,Statewide Referendum A,,,No,672,382,94,1,195
Muscogee,Cusseta Rd,Statewide Referendum A,,,No,538,296,70,0,172
Muscogee,OLOLC,Statewide Referendum A,,,No,867,453,127,1,286
Muscogee,Mt Pilgrim,Statewide Referendum A,,,No,958,623,137,0,198
Muscogee,Faith Tabernacle,Statewide Referendum A,,,No,712,467,96,0,149
Muscogee,Canaan,Statewide Referendum A,,,No,966,620,135,0,211
Muscogee,Holsey,Statewide Referendum A,,,No,1071,741,138,0,192
Muscogee,Gentian,Statewide Referendum A,,,No,994,601,94,0,299
Muscogee,St Paul,Statewide Referendum A,,,No,1187,720,81,0,386
Muscogee,Moon,Statewide Referendum A,,,No,957,501,78,0,378
Muscogee,St Andrews,Statewide Referendum A,,,No,1605,941,138,1,525
Muscogee,Salvation Army,Statewide Referendum A,,,No,561,316,39,1,205
Muscogee,First African,Statewide Referendum A,,,No,237,140,20,0,77
Muscogee,Epworth,Statewide Referendum A,,,No,626,308,48,0,270
Muscogee,Gallops,Statewide Referendum A,,,No,329,187,29,0,113
Muscogee,Edgewood,Statewide Referendum A,,,No,498,289,63,0,146
Muscogee,Psalmond,Statewide Referendum A,,,No,1786,1097,161,0,528
Muscogee,Wynnton,Statewide Referendum B,,,Yes,1615,903,132,0,580
Muscogee,Carver/Library,Statewide Referendum B,,,Yes,1085,713,152,0,220
Muscogee,Shirley Winston,Statewide Referendum B,,,Yes,1800,1258,195,0,347
Muscogee,Britt David,Statewide Referendum B,,,Yes,963,384,53,0,526
Muscogee,St Peter,Statewide Referendum B,,,Yes,1363,568,82,0,713
Muscogee,Chattahoochee,Statewide Referendum B,,,Yes,2626,1326,140,2,1158
Muscogee,Columbus Tech,Statewide Referendum B,,,Yes,1076,592,72,0,412
Muscogee,Central,Statewide Referendum B,,,Yes,2999,1681,144,0,1174
Muscogee,Wynnbrook,Statewide Referendum B,,,Yes,1307,774,123,1,409
Muscogee,Cusseta Rd,Statewide Referendum B,,,Yes,1301,707,157,1,436
Muscogee,OLOLC,Statewide Referendum B,,,Yes,1946,978,263,1,704
Muscogee,Mt Pilgrim,Statewide Referendum B,,,Yes,1992,1300,181,3,508
Muscogee,Faith Tabernacle,Statewide Referendum B,,,Yes,1461,935,142,0,384
Muscogee,Canaan,Statewide Referendum B,,,Yes,1961,1228,215,0,518
Muscogee,Holsey,Statewide Referendum B,,,Yes,2308,1585,179,1,543
Muscogee,Gentian,Statewide Referendum B,,,Yes,1938,1176,122,0,640
Muscogee,St Paul,Statewide Referendum B,,,Yes,2341,1353,164,0,824
Muscogee,Moon,Statewide Referendum B,,,Yes,1972,972,132,0,868
Muscogee,St Andrews,Statewide Referendum B,,,Yes,3232,1696,208,1,1327
Muscogee,Salvation Army,Statewide Referendum B,,,Yes,1204,628,63,0,513
Muscogee,First African,Statewide Referendum B,,,Yes,457,217,35,0,205
Muscogee,Epworth,Statewide Referendum B,,,Yes,1319,609,75,0,635
Muscogee,Gallops,Statewide Referendum B,,,Yes,707,386,54,1,266
Muscogee,Edgewood,Statewide Referendum B,,,Yes,1137,671,81,1,384
Muscogee,Psalmond,Statewide Referendum B,,,Yes,3515,2027,193,0,1295
Muscogee,Wynnton,Statewide Referendum B,,,No,536,299,76,0,161
Muscogee,Carver/Library,Statewide Referendum B,,,No,417,266,69,0,82
Muscogee,Shirley Winston,Statewide Referendum B,,,No,639,436,106,0,97
Muscogee,Britt David,Statewide Referendum B,,,No,247,105,25,0,117
Muscogee,St Peter,Statewide Referendum B,,,No,359,178,15,0,166
Muscogee,Chattahoochee,Statewide Referendum B,,,No,735,431,66,0,238
Muscogee,Columbus Tech,Statewide Referendum B,,,No,246,142,22,1,81
Muscogee,Central,Statewide Referendum B,,,No,846,528,83,1,234
Muscogee,Wynnbrook,Statewide Referendum B,,,No,409,229,58,0,122
Muscogee,Cusseta Rd,Statewide Referendum B,,,No,419,229,56,0,134
Muscogee,OLOLC,Statewide Referendum B,,,No,607,319,81,1,206
Muscogee,Mt Pilgrim,Statewide Referendum B,,,No,688,454,99,1,134
Muscogee,Faith Tabernacle,Statewide Referendum B,,,No,502,321,78,1,102
Muscogee,Canaan,Statewide Referendum B,,,No,667,435,108,0,124
Muscogee,Holsey,Statewide Referendum B,,,No,772,545,101,0,126
Muscogee,Gentian,Statewide Referendum B,,,No,572,347,56,0,169
Muscogee,St Paul,Statewide Referendum B,,,No,628,403,45,0,180
Muscogee,Moon,Statewide Referendum B,,,No,525,284,51,0,190
Muscogee,St Andrews,Statewide Referendum B,,,No,936,569,93,0,274
Muscogee,Salvation Army,Statewide Referendum B,,,No,323,176,22,2,123
Muscogee,First African,Statewide Referendum B,,,No,134,74,17,0,43
Muscogee,Epworth,Statewide Referendum B,,,No,336,170,24,0,142
Muscogee,Gallops,Statewide Referendum B,,,No,232,130,27,0,75
Muscogee,Edgewood,Statewide Referendum B,,,No,325,185,50,0,90
Muscogee,Psalmond,Statewide Referendum B,,,No,1012,640,107,0,265
Muscogee,Wynnton,Article IV,,,For Approval,1633,912,140,0,581
Muscogee,Carver/Library,Article IV,,,For Approval,1138,740,169,0,229
Muscogee,Shirley Winston,Article IV,,,For Approval,1850,1290,222,0,338
Muscogee,Britt David,Article IV,,,For Approval,842,343,54,0,445
Muscogee,St Peter,Article IV,,,For Approval,1288,566,72,0,650
Muscogee,Chattahoochee,Article IV,,,For Approval,2471,1273,159,3,1036
Muscogee,Columbus Tech,Article IV,,,For Approval,941,525,72,1,343
Muscogee,Central,Article IV,,,For Approval,2836,1639,177,1,1019
Muscogee,Wynnbrook,Article IV,,,For Approval,1304,764,151,0,389
Muscogee,Cusseta Rd,Article IV,,,For Approval,1322,717,162,1,442
Muscogee,OLOLC,Article IV,,,For Approval,1944,981,266,1,696
Muscogee,Mt Pilgrim,Article IV,,,For Approval,2048,1336,207,4,501
Muscogee,Faith Tabernacle,Article IV,,,For Approval,1506,949,165,1,391
Muscogee,Canaan,Article IV,,,For Approval,1965,1236,237,0,492
Muscogee,Holsey,Article IV,,,For Approval,2290,1589,198,1,502
Muscogee,Gentian,Article IV,,,For Approval,1863,1137,128,0,598
Muscogee,St Paul,Article IV,,,For Approval,2236,1321,176,0,739
Muscogee,Moon,Article IV,,,For Approval,1806,902,144,0,760
Muscogee,St Andrews,Article IV,,,For Approval,3127,1670,250,0,1207
Muscogee,Salvation Army,Article IV,,,For Approval,1164,606,72,2,484
Muscogee,First African,Article IV,,,For Approval,471,224,46,0,201
Muscogee,Epworth,Article IV,,,For Approval,1175,557,76,0,542
Muscogee,Gallops,Article IV,,,For Approval,727,391,61,1,274
Muscogee,Edgewood,Article IV,,,For Approval,1071,654,92,1,324
Muscogee,Psalmond,Article IV,,,For Approval,3343,1969,207,0,1167
Muscogee,Wynnton,Article IV,,,Against Approval,475,266,63,0,146
Muscogee,Carver/Library,Article IV,,,Against Approval,354,234,49,0,71
Muscogee,Shirley Winston,Article IV,,,Against Approval,551,377,73,0,101
Muscogee,Britt David,Article IV,,,Against Approval,322,126,22,0,174
Muscogee,St Peter,Article IV,,,Against Approval,383,155,19,0,209
Muscogee,Chattahoochee,Article IV,,,Against Approval,800,436,44,0,320
Muscogee,Columbus Tech,Article IV,,,Against Approval,352,197,19,0,136
Muscogee,Central,Article IV,,,Against Approval,881,510,46,0,325
Muscogee,Wynnbrook,Article IV,,,Against Approval,357,206,24,0,127
Muscogee,Cusseta Rd,Article IV,,,Against Approval,370,204,46,0,120
Muscogee,OLOLC,Article IV,,,Against Approval,572,295,77,1,199
Muscogee,Mt Pilgrim,Article IV,,,Against Approval,614,409,69,0,136
Muscogee,Faith Tabernacle,Article IV,,,Against Approval,445,298,56,0,91
Muscogee,Canaan,Article IV,,,Against Approval,628,412,76,0,140
Muscogee,Holsey,Article IV,,,Against Approval,751,519,78,0,154
Muscogee,Gentian,Article IV,,,Against Approval,591,363,41,0,187
Muscogee,St Paul,Article IV,,,Against Approval,619,363,32,0,224
Muscogee,Moon,Article IV,,,Against Approval,618,317,35,0,266
Muscogee,St Andrews,Article IV,,,Against Approval,929,528,50,0,351
Muscogee,Salvation Army,Article IV,,,Against Approval,328,177,14,0,137
Muscogee,First African,Article IV,,,Against Approval,98,52,5,0,41
Muscogee,Epworth,Article IV,,,Against Approval,442,201,25,0,216
Muscogee,Gallops,Article IV,,,Against Approval,189,111,18,0,60
Muscogee,Edgewood,Article IV,,,Against Approval,345,180,31,0,134
Muscogee,Psalmond,Article IV,,,Against Approval,1075,643,84,0,348
Muscogee,Wynnton,Article V,,,For Approval,1688,942,157,0,589
Muscogee,Carver/Library,Article V,,,For Approval,1150,741,173,0,236
Muscogee,Shirley Winston,Article V,,,For Approval,1884,1317,230,0,337
Muscogee,Britt David,Article V,,,For Approval,867,351,59,0,457
Muscogee,St Peter,Article V,,,For Approval,1298,564,77,0,657
Muscogee,Chattahoochee,Article V,,,For Approval,2520,1303,161,3,1053
Muscogee,Columbus Tech,Article V,,,For Approval,962,523,74,1,364
Muscogee,Central,Article V,,,For Approval,2922,1701,176,1,1044
Muscogee,Wynnbrook,Article V,,,For Approval,1356,810,150,0,396
Muscogee,Cusseta Rd,Article V,,,For Approval,1384,747,171,1,465
Muscogee,OLOLC,Article V,,,For Approval,1980,997,273,1,709
Muscogee,Mt Pilgrim,Article V,,,For Approval,2104,1371,216,4,513
Muscogee,Faith Tabernacle,Article V,,,For Approval,1499,960,164,1,374
Muscogee,Canaan,Article V,,,For Approval,2037,1278,245,0,514
Muscogee,Holsey,Article V,,,For Approval,2329,1585,216,1,527
Muscogee,Gentian,Article V,,,For Approval,1895,1181,138,0,576
Muscogee,St Paul,Article V,,,For Approval,2235,1311,174,0,750
Muscogee,Moon,Article V,,,For Approval,1853,919,143,0,791
Muscogee,St Andrews,Article V,,,For Approval,3212,1739,244,0,1229
Muscogee,Salvation Army,Article V,,,For Approval,1139,593,72,1,473
Muscogee,First African,Article V,,,For Approval,457,222,37,0,198
Muscogee,Epworth,Article V,,,For Approval,1201,569,82,0,550
Muscogee,Gallops,Article V,,,For Approval,746,416,59,1,270
Muscogee,Edgewood,Article V,,,For Approval,1095,651,99,1,344
Muscogee,Psalmond,Article V,,,For Approval,3395,2010,211,0,1174
Muscogee,Wynnton,Article V,,,Against Approval,404,227,48,0,129
Muscogee,Carver/Library,Article V,,,Against Approval,329,221,47,0,61
Muscogee,Shirley Winston,Article V,,,Against Approval,497,337,63,0,97
Muscogee,Britt David,Article V,,,Against Approval,275,111,16,0,148
Muscogee,St Peter,Article V,,,Against Approval,341,148,13,0,180
Muscogee,Chattahoochee,Article V,,,Against Approval,681,375,41,0,265
Muscogee,Columbus Tech,Article V,,,Against Approval,314,186,17,0,111
Muscogee,Central,Article V,,,Against Approval,719,409,45,0,265
Muscogee,Wynnbrook,Article V,,,Against Approval,279,145,26,0,108
Muscogee,Cusseta Rd,Article V,,,Against Approval,299,171,36,0,92
Muscogee,OLOLC,Article V,,,Against Approval,507,268,64,1,174
Muscogee,Mt Pilgrim,Article V,,,Against Approval,527,354,54,0,119
Muscogee,Faith Tabernacle,Article V,,,Against Approval,438,283,53,0,102
Muscogee,Canaan,Article V,,,Against Approval,540,357,69,0,114
Muscogee,Holsey,Article V,,,Against Approval,682,501,57,0,124
Muscogee,Gentian,Article V,,,Against Approval,514,296,34,0,184
Muscogee,St Paul,Article V,,,Against Approval,554,333,31,0,190
Muscogee,Moon,Article V,,,Against Approval,528,276,32,0,220
Muscogee,St Andrews,Article V,,,Against Approval,778,426,54,0,298
Muscogee,Salvation Army,Article V,,,Against Approval,334,178,12,1,143
Muscogee,First African,Article V,,,Against Approval,94,48,13,0,33
Muscogee,Epworth,Article V,,,Against Approval,377,173,17,0,187
Muscogee,Gallops,Article V,,,Against Approval,156,83,16,0,57
Muscogee,Edgewood,Article V,,,Against Approval,310,176,23,0,111
Muscogee,Psalmond,Article V,,,Against Approval,948,558,76,0,314
Muscogee,Wynnton,Article VI,,,For Approval,1572,859,147,0,566
Muscogee,Carver/Library,Article VI,,,For Approval,1053,667,155,0,231
Muscogee,Shirley Winston,Article VI,,,For Approval,1655,1143,190,0,322
Muscogee,Britt David,Article VI,,,For Approval,801,323,58,0,420
Muscogee,St Peter,Article VI,,,For Approval,1211,521,73,0,617
Muscogee,Chattahoochee,Article VI,,,For Approval,2311,1183,159,2,967
Muscogee,Columbus Tech,Article VI,,,For Approval,881,483,69,1,328
Muscogee,Central,Article VI,,,For Approval,2692,1545,175,0,972
Muscogee,Wynnbrook,Article VI,,,For Approval,1312,784,147,0,381
Muscogee,Cusseta Rd,Article VI,,,For Approval,1250,666,154,1,429
Muscogee,OLOLC,Article VI,,,For Approval,1789,887,238,1,663
Muscogee,Mt Pilgrim,Article VI,,,For Approval,1899,1209,197,4,489
Muscogee,Faith Tabernacle,Article VI,,,For Approval,1349,847,145,1,356
Muscogee,Canaan,Article VI,,,For Approval,1803,1113,218,0,472
Muscogee,Holsey,Article VI,,,For Approval,2096,1421,185,1,489
Muscogee,Gentian,Article VI,,,For Approval,1724,1040,131,0,553
Muscogee,St Paul,Article VI,,,For Approval,2068,1196,165,0,707
Muscogee,Moon,Article VI,,,For Approval,1701,843,136,0,722
Muscogee,St Andrews,Article VI,,,For Approval,2940,1598,218,0,1124
Muscogee,Salvation Army,Article VI,,,For Approval,1046,545,67,1,433
Muscogee,First African,Article VI,,,For Approval,417,197,39,0,181
Muscogee,Epworth,Article VI,,,For Approval,1114,526,78,0,510
Muscogee,Gallops,Article VI,,,For Approval,673,356,53,1,263
Muscogee,Edgewood,Article VI,,,For Approval,943,553,90,1,299
Muscogee,Psalmond,Article VI,,,For Approval,3123,1817,198,0,1108
Muscogee,Wynnton,Article VI,,,Against Approval,510,306,54,0,150
Muscogee,Carver/Library,Article VI,,,Against Approval,408,277,64,0,67
Muscogee,Shirley Winston,Article VI,,,Against Approval,711,497,104,0,110
Muscogee,Britt David,Article VI,,,Against Approval,350,143,17,0,190
Muscogee,St Peter,Article VI,,,Against Approval,424,187,17,0,220
Muscogee,Chattahoochee,Article VI,,,Against Approval,889,496,45,1,347
Muscogee,Columbus Tech,Article VI,,,Against Approval,393,225,22,0,146
Muscogee,Central,Article VI,,,Against Approval,947,562,46,1,338
Muscogee,Wynnbrook,Article VI,,,Against Approval,323,167,30,0,126
Muscogee,Cusseta Rd,Article VI,,,Against Approval,425,247,51,0,127
Muscogee,OLOLC,Article VI,,,Against Approval,691,371,101,1,218
Muscogee,Mt Pilgrim,Article VI,,,Against Approval,719,507,75,0,137
Muscogee,Faith Tabernacle,Article VI,,,Against Approval,579,388,73,0,118
Muscogee,Canaan,Article VI,,,Against Approval,768,516,94,0,158
Muscogee,Holsey,Article VI,,,Against Approval,914,667,89,0,158
Muscogee,Gentian,Article VI,,,Against Approval,683,432,43,0,208
Muscogee,St Paul,Article VI,,,Against Approval,719,452,37,0,230
Muscogee,Moon,Article VI,,,Against Approval,671,351,40,0,280
Muscogee,St Andrews,Article VI,,,Against Approval,1040,562,75,0,403
Muscogee,Salvation Army,Article VI,,,Against Approval,430,232,19,1,178
Muscogee,First African,Article VI,,,Against Approval,131,69,11,0,51
Muscogee,Epworth,Article VI,,,Against Approval,455,212,21,0,222
Muscogee,Gallops,Article VI,,,Against Approval,224,138,20,0,66
Muscogee,Edgewood,Article VI,,,Against Approval,459,273,32,0,154
Muscogee,Psalmond,Article VI,,,Against Approval,1223,754,87,0,382
Muscogee,Wynnton,Article VII,,,For Approval,1143,647,95,0,401
Muscogee,Carver/Library,Article VII,,,For Approval,819,514,122,0,183
Muscogee,Shirley Winston,Article VII,,,For Approval,1324,925,151,0,248
Muscogee,Britt David,Article VII,,,For Approval,570,225,39,0,306
Muscogee,St Peter,Article VII,,,For Approval,849,351,54,0,444
Muscogee,Chattahoochee,Article VII,,,For Approval,1609,831,88,1,689
Muscogee,Columbus Tech,Article VII,,,For Approval,628,334,55,1,238
Muscogee,Central,Article VII,,,For Approval,1855,1031,124,0,700
Muscogee,Wynnbrook,Article VII,,,For Approval,891,545,81,0,265
Muscogee,Cusseta Rd,Article VII,,,For Approval,1006,541,105,1,359
Muscogee,OLOLC,Article VII,,,For Approval,1361,650,181,0,530
Muscogee,Mt Pilgrim,Article VII,,,For Approval,1422,937,121,4,360
Muscogee,Faith Tabernacle,Article VII,,,For Approval,1011,636,106,1,268
Muscogee,Canaan,Article VII,,,For Approval,1356,862,153,0,341
Muscogee,Holsey,Article VII,,,For Approval,1630,1105,134,1,390
Muscogee,Gentian,Article VII,,,For Approval,1158,697,80,0,381
Muscogee,St Paul,Article VII,,,For Approval,1468,842,116,0,510
Muscogee,Moon,Article VII,,,For Approval,1186,569,101,0,516
Muscogee,St Andrews,Article VII,,,For Approval,1994,1056,121,0,817
Muscogee,Salvation Army,Article VII,,,For Approval,720,375,41,1,303
Muscogee,First African,Article VII,,,For Approval,309,130,36,0,143
Muscogee,Epworth,Article VII,,,For Approval,782,372,53,0,357
Muscogee,Gallops,Article VII,,,For Approval,477,245,40,1,191
Muscogee,Edgewood,Article VII,,,For Approval,735,446,60,0,229
Muscogee,Psalmond,Article VII,,,For Approval,2194,1274,123,0,797
Muscogee,Wynnton,Article VII,,,Against Approval,940,519,108,0,313
Muscogee,Carver/Library,Article VII,,,Against Approval,656,442,99,0,115
Muscogee,Shirley Winston,Article VII,,,Against Approval,1080,740,154,0,186
Muscogee,Britt David,Article VII,,,Against Approval,574,237,37,0,300
Muscogee,St Peter,Article VII,,,Against Approval,792,359,39,0,394
Muscogee,Chattahoochee,Article VII,,,Against Approval,1620,863,114,2,641
Muscogee,Columbus Tech,Article VII,,,Against Approval,643,365,39,0,239
Muscogee,Central,Article VII,,,Against Approval,1842,1092,113,1,636
Muscogee,Wynnbrook,Article VII,,,Against Approval,750,413,88,0,249
Muscogee,Cusseta Rd,Article VII,,,Against Approval,680,382,100,0,198
Muscogee,OLOLC,Article VII,,,Against Approval,1110,601,158,2,349
Muscogee,Mt Pilgrim,Article VII,,,Against Approval,1227,800,157,0,270
Muscogee,Faith Tabernacle,Article VII,,,Against Approval,920,600,111,0,209
Muscogee,Canaan,Article VII,,,Against Approval,1222,772,164,0,286
Muscogee,Holsey,Article VII,,,Against Approval,1392,985,144,0,263
Muscogee,Gentian,Article VII,,,Against Approval,1259,773,95,0,391
Muscogee,St Paul,Article VII,,,Against Approval,1352,824,91,0,437
Muscogee,Moon,Article VII,,,Against Approval,1211,628,83,0,500
Muscogee,St Andrews,Article VII,,,Against Approval,2026,1119,178,0,729
Muscogee,Salvation Army,Article VII,,,Against Approval,764,404,43,1,316
Muscogee,First African,Article VII,,,Against Approval,261,147,20,0,94
Muscogee,Epworth,Article VII,,,Against Approval,811,369,47,0,395
Muscogee,Gallops,Article VII,,,Against Approval,426,249,37,0,140
Muscogee,Edgewood,Article VII,,,Against Approval,677,385,63,1,228
Muscogee,Psalmond,Article VII,,,Against Approval,2212,1328,170,0,714
Muscogee,Wynnton,Article VIII,,,For Approval,1728,952,173,0,603
Muscogee,Carver/Library,Article VIII,,,For Approval,1180,776,168,0,236
Muscogee,Shirley Winston,Article VIII,,,For Approval,1927,1347,239,0,341
Muscogee,Britt David,Article VIII,,,For Approval,900,369,62,0,469
Muscogee,St Peter,Article VIII,,,For Approval,1376,595,78,0,703
Muscogee,Chattahoochee,Article VIII,,,For Approval,2641,1399,167,2,1073
Muscogee,Columbus Tech,Article VIII,,,For Approval,992,543,84,1,364
Muscogee,Central,Article VIII,,,For Approval,3107,1802,202,1,1102
Muscogee,Wynnbrook,Article VIII,,,For Approval,1410,824,143,0,443
Muscogee,Cusseta Rd,Article VIII,,,For Approval,1347,727,171,0,449
Muscogee,OLOLC,Article VIII,,,For Approval,1994,1014,281,1,698
Muscogee,Mt Pilgrim,Article VIII,,,For Approval,2137,1397,219,4,517
Muscogee,Faith Tabernacle,Article VIII,,,For Approval,1551,997,174,1,379
Muscogee,Canaan,Article VIII,,,For Approval,2054,1298,251,0,505
Muscogee,Holsey,Article VIII,,,For Approval,2453,1706,213,1,533
Muscogee,Gentian,Article VIII,,,For Approval,1999,1222,138,0,639
Muscogee,St Paul,Article VIII,,,For Approval,2377,1411,174,0,792
Muscogee,Moon,Article VIII,,,For Approval,1948,975,157,0,816
Muscogee,St Andrews,Article VIII,,,For Approval,3345,1800,261,0,1284
Muscogee,Salvation Army,Article VIII,,,For Approval,1176,612,71,2,491
Muscogee,First African,Article VIII,,,For Approval,464,220,44,0,200
Muscogee,Epworth,Article VIII,,,For Approval,1279,615,83,0,581
Muscogee,Gallops,Article VIII,,,For Approval,726,399,54,1,272
Muscogee,Edgewood,Article VIII,,,For Approval,1138,678,97,1,362
Muscogee,Psalmond,Article VIII,,,For Approval,3648,2156,237,0,1255
Muscogee,Wynnton,Article VIII,,,Against Approval,368,218,34,0,116
Muscogee,Carver/Library,Article VIII,,,Against Approval,277,171,45,0,61
Muscogee,Shirley Winston,Article VIII,,,Against Approval,447,301,58,0,88
Muscogee,Britt David,Article VIII,,,Against Approval,247,97,14,0,136
Muscogee,St Peter,Article VIII,,,Against Approval,272,121,17,0,134
Muscogee,Chattahoochee,Article VIII,,,Against Approval,583,295,31,1,256
Muscogee,Columbus Tech,Article VIII,,,Against Approval,279,157,11,0,111
Muscogee,Central,Article VIII,,,Against Approval,608,330,33,0,245
Muscogee,Wynnbrook,Article VIII,,,Against Approval,233,131,31,0,71
Muscogee,Cusseta Rd,Article VIII,,,Against Approval,316,187,31,1,97
Muscogee,OLOLC,Article VIII,,,Against Approval,468,232,54,1,181
Muscogee,Mt Pilgrim,Article VIII,,,Against Approval,509,336,60,0,113
Muscogee,Faith Tabernacle,Article VIII,,,Against Approval,375,238,44,0,93
Muscogee,Canaan,Article VIII,,,Against Approval,521,335,62,0,124
Muscogee,Holsey,Article VIII,,,Against Approval,557,384,59,0,114
Muscogee,Gentian,Article VIII,,,Against Approval,430,252,37,0,141
Muscogee,St Paul,Article VIII,,,Against Approval,470,271,33,0,166
Muscogee,Moon,Article VIII,,,Against Approval,454,232,27,0,195
Muscogee,St Andrews,Article VIII,,,Against Approval,692,378,43,0,271
Muscogee,Salvation Army,Article VIII,,,Against Approval,305,164,11,0,130
Muscogee,First African,Article VIII,,,Against Approval,102,52,10,0,40
Muscogee,Epworth,Article VIII,,,Against Approval,326,139,20,0,167
Muscogee,Gallops,Article VIII,,,Against Approval,157,91,15,0,51
Muscogee,Edgewood,Article VIII,,,Against Approval,266,156,22,0,88
Muscogee,Psalmond,Article VIII,,,Against Approval,756,445,60,0,251
Muscogee,Wynnton,Appendix Two,,,For Approval,1499,832,140,0,527
Muscogee,Carver/Library,Appendix Two,,,For Approval,1069,691,157,0,221
Muscogee,Shirley Winston,Appendix Two,,,For Approval,1752,1221,202,0,329
Muscogee,Britt David,Appendix Two,,,For Approval,831,330,56,0,445
Muscogee,St Peter,Appendix Two,,,For Approval,1230,554,66,0,610
Muscogee,Chattahoochee,Appendix Two,,,For Approval,2400,1250,158,2,990
Muscogee,Columbus Tech,Appendix Two,,,For Approval,896,502,65,1,328
Muscogee,Central,Appendix Two,,,For Approval,2742,1577,182,1,982
Muscogee,Wynnbrook,Appendix Two,,,For Approval,1231,719,147,0,365
Muscogee,Cusseta Rd,Appendix Two,,,For Approval,1215,658,150,1,406
Muscogee,OLOLC,Appendix Two,,,For Approval,1807,915,243,0,649
Muscogee,Mt Pilgrim,Appendix Two,,,For Approval,1936,1274,195,4,463
Muscogee,Faith Tabernacle,Appendix Two,,,For Approval,1416,896,159,1,360
Muscogee,Canaan,Appendix Two,,,For Approval,1855,1182,221,0,452
Muscogee,Holsey,Appendix Two,,,For Approval,2201,1540,184,1,476
Muscogee,Gentian,Appendix Two,,,For Approval,1771,1091,120,0,560
Muscogee,St Paul,Appendix Two,,,For Approval,2108,1233,157,0,718
Muscogee,Moon,Appendix Two,,,For Approval,1776,881,144,0,751
Muscogee,St Andrews,Appendix Two,,,For Approval,2942,1575,234,0,1133
Muscogee,Salvation Army,Appendix Two,,,For Approval,1117,592,69,1,455
Muscogee,First African,Appendix Two,,,For Approval,424,201,37,0,186
Muscogee,Epworth,Appendix Two,,,For Approval,1159,562,70,0,527
Muscogee,Gallops,Appendix Two,,,For Approval,653,360,49,1,243
Muscogee,Edgewood,Appendix Two,,,For Approval,1037,620,85,1,331
Muscogee,Psalmond,Appendix Two,,,For Approval,3246,1923,190,0,1133
Muscogee,Wynnton,Appendix Two,,,Against Approval,564,316,64,0,184
Muscogee,Carver/Library,Appendix Two,,,Against Approval,396,257,63,0,76
Muscogee,Shirley Winston,Appendix Two,,,Against Approval,618,417,99,0,102
Muscogee,Britt David,Appendix Two,,,Against Approval,317,136,18,0,163
Muscogee,St Peter,Appendix Two,,,Against Approval,399,160,25,0,214
Muscogee,Chattahoochee,Appendix Two,,,Against Approval,796,423,41,1,331
Muscogee,Columbus Tech,Appendix Two,,,Against Approval,371,200,25,0,146
Muscogee,Central,Appendix Two,,,Against Approval,909,529,44,0,336
Muscogee,Wynnbrook,Appendix Two,,,Against Approval,377,218,23,0,136
Muscogee,Cusseta Rd,Appendix Two,,,Against Approval,458,256,57,0,145
Muscogee,OLOLC,Appendix Two,,,Against Approval,661,339,93,2,227
Muscogee,Mt Pilgrim,Appendix Two,,,Against Approval,695,449,83,0,163
Muscogee,Faith Tabernacle,Appendix Two,,,Against Approval,512,339,60,0,113
Muscogee,Canaan,Appendix Two,,,Against Approval,709,443,88,0,178
Muscogee,Holsey,Appendix Two,,,Against Approval,797,540,90,0,167
Muscogee,Gentian,Appendix Two,,,Against Approval,623,373,47,0,203
Muscogee,St Paul,Appendix Two,,,Against Approval,674,411,45,0,218
Muscogee,Moon,Appendix Two,,,Against Approval,599,313,38,0,248
Muscogee,St Andrews,Appendix Two,,,Against Approval,1029,577,62,0,390
Muscogee,Salvation Army,Appendix Two,,,Against Approval,355,176,17,1,161
Muscogee,First African,Appendix Two,,,Against Approval,134,69,15,0,50
Muscogee,Epworth,Appendix Two,,,Against Approval,414,183,26,0,205
Muscogee,Gallops,Appendix Two,,,Against Approval,233,127,24,0,82
Muscogee,Edgewood,Appendix Two,,,Against Approval,363,206,37,0,120
Muscogee,Psalmond,Appendix Two,,,Against Approval,1109,653,97,0,359
Muscogee,Wynnton,Proposed revision to notice requirements throughout the Charter,,,For Approval,1753,983,161,0,609
Muscogee,Carver/Library,Proposed revision to notice requirements throughout the Charter,,,For Approval,1190,769,180,0,241
Muscogee,Shirley Winston,Proposed revision to notice requirements throughout the Charter,,,For Approval,1950,1343,241,0,366
Muscogee,Britt David,Proposed revision to notice requirements throughout the Charter,,,For Approval,917,375,65,0,477
Muscogee,St Peter,Proposed revision to notice requirements throughout the Charter,,,For Approval,1379,612,81,0,686
Muscogee,Chattahoochee,Proposed revision to notice requirements throughout the Charter,,,For Approval,2699,1424,172,3,1100
Muscogee,Columbus Tech,Proposed revision to notice requirements throughout the Charter,,,For Approval,1002,536,77,1,388
Muscogee,Central,Proposed revision to notice requirements throughout the Charter,,,For Approval,3097,1779,205,1,1112
Muscogee,Wynnbrook,Proposed revision to notice requirements throughout the Charter,,,For Approval,1421,837,162,0,422
Muscogee,Cusseta Rd,Proposed revision to notice requirements throughout the Charter,,,For Approval,1386,741,178,1,466
Muscogee,OLOLC,Proposed revision to notice requirements throughout the Charter,,,For Approval,2016,1018,278,0,720
Muscogee,Mt Pilgrim,Proposed revision to notice requirements throughout the Charter,,,For Approval,2173,1421,216,4,532
Muscogee,Faith Tabernacle,Proposed revision to notice requirements throughout the Charter,,,For Approval,1564,1007,172,1,384
Muscogee,Canaan,Proposed revision to notice requirements throughout the Charter,,,For Approval,2101,1305,255,0,541
Muscogee,Holsey,Proposed revision to notice requirements throughout the Charter,,,For Approval,2479,1705,224,1,549
Muscogee,Gentian,Proposed revision to notice requirements throughout the Charter,,,For Approval,2029,1244,144,0,641
Muscogee,St Paul,Proposed revision to notice requirements throughout the Charter,,,For Approval,2396,1408,178,0,810
Muscogee,Moon,Proposed revision to notice requirements throughout the Charter,,,For Approval,1979,987,155,0,837
Muscogee,St Andrews,Proposed revision to notice requirements throughout the Charter,,,For Approval,3388,1826,266,0,1296
Muscogee,Salvation Army,Proposed revision to notice requirements throughout the Charter,,,For Approval,1220,642,75,2,501
Muscogee,First African,Proposed revision to notice requirements throughout the Charter,,,For Approval,496,243,45,0,208
Muscogee,Epworth,Proposed revision to notice requirements throughout the Charter,,,For Approval,1261,604,82,0,575
Muscogee,Gallops,Proposed revision to notice requirements throughout the Charter,,,For Approval,761,424,61,1,275
Muscogee,Edgewood,Proposed revision to notice requirements throughout the Charter,,,For Approval,1149,693,96,1,359
Muscogee,Psalmond,Proposed revision to notice requirements throughout the Charter,,,For Approval,3709,2201,247,0,1261
Muscogee,Wynnton,Proposed revision to notice requirements throughout the Charter,,,Against Approval,351,190,46,0,115
Muscogee,Carver/Library,Proposed revision to notice requirements throughout the Charter,,,Against Approval,288,188,42,0,58
Muscogee,Shirley Winston,Proposed revision to notice requirements throughout the Charter,,,Against Approval,441,313,57,0,71
Muscogee,Britt David,Proposed revision to notice requirements throughout the Charter,,,Against Approval,241,96,11,0,134
Muscogee,St Peter,Proposed revision to notice requirements throughout the Charter,,,Against Approval,263,103,13,0,147
Muscogee,Chattahoochee,Proposed revision to notice requirements throughout the Charter,,,Against Approval,527,268,29,0,230
Muscogee,Columbus Tech,Proposed revision to notice requirements throughout the Charter,,,Against Approval,274,168,14,0,92
Muscogee,Central,Proposed revision to notice requirements throughout the Charter,,,Against Approval,594,351,28,0,215
Muscogee,Wynnbrook,Proposed revision to notice requirements throughout the Charter,,,Against Approval,225,127,11,0,87
Muscogee,Cusseta Rd,Proposed revision to notice requirements throughout the Charter,,,Against Approval,301,177,29,0,95
Muscogee,OLOLC,Proposed revision to notice requirements throughout the Charter,,,Against Approval,477,243,61,2,171
Muscogee,Mt Pilgrim,Proposed revision to notice requirements throughout the Charter,,,Against Approval,470,315,58,0,97
Muscogee,Faith Tabernacle,Proposed revision to notice requirements throughout the Charter,,,Against Approval,381,239,49,0,93
Muscogee,Canaan,Proposed revision to notice requirements throughout the Charter,,,Against Approval,486,336,60,0,90
Muscogee,Holsey,Proposed revision to notice requirements throughout the Charter,,,Against Approval,547,393,53,0,101
Muscogee,Gentian,Proposed revision to notice requirements throughout the Charter,,,Against Approval,396,230,30,0,136
Muscogee,St Paul,Proposed revision to notice requirements throughout the Charter,,,Against Approval,447,271,28,0,148
Muscogee,Moon,Proposed revision to notice requirements throughout the Charter,,,Against Approval,414,211,27,0,176
Muscogee,St Andrews,Proposed revision to notice requirements throughout the Charter,,,Against Approval,635,353,34,0,248
Muscogee,Salvation Army,Proposed revision to notice requirements throughout the Charter,,,Against Approval,262,133,10,0,119
Muscogee,First African,Proposed revision to notice requirements throughout the Charter,,,Against Approval,76,36,9,0,31
Muscogee,Epworth,Proposed revision to notice requirements throughout the Charter,,,Against Approval,340,154,20,0,166
Muscogee,Gallops,Proposed revision to notice requirements throughout the Charter,,,Against Approval,141,74,16,0,51
Muscogee,Edgewood,Proposed revision to notice requirements throughout the Charter,,,Against Approval,265,141,24,0,100
Muscogee,Psalmond,Proposed revision to notice requirements throughout the Charter,,,Against Approval,694,408,44,0,242
