county,precinct,office,district,party,candidate,votes,advance_voting_votes,absentee_by_mail_votes,provisional_votes,election_day_votes
Fannin,Colwell,U.S. Senate,,Rep,Herschel Walker,612,253,30,0,329
Fannin,Fairplay,U.S. Senate,,Rep,Herschel Walker,599,261,26,0,312
Fannin,Flinthill,U.S. Senate,,Rep,Herschel Walker,1453,578,79,2,794
Fannin,Hemptown,U.S. Senate,,Rep,Herschel Walker,709,272,25,0,412
Fannin,Hothouse,U.S. Senate,,Rep,Herschel Walker,627,279,35,3,310
Fannin,Mineral Bluff,U.S. Senate,,Rep,Herschel Walker,1012,528,47,1,436
Fannin,Mobile,U.S. Senate,,Rep,Herschel Walker,591,191,28,0,372
Fannin,Morganton,U.S. Senate,,Rep,Herschel Walker,1061,433,57,2,569
Fannin,Noontootla,U.S. Senate,,Rep,Herschel Walker,461,199,16,1,245
Fannin,Skeniah,U.S. Senate,,Rep,Herschel Walker,173,51,7,0,115
Fannin,Sugar Creek,U.S. Senate,,Rep,Herschel Walker,1202,636,84,2,480
Fannin,Toccoa,U.S. Senate,,Rep,Herschel Walker,1536,849,106,3,578
Fannin,Colwell,U.S. Senate,,Dem,Raphael Warnock ,150,79,37,0,34
Fannin,Fairplay,U.S. Senate,,Dem,Raphael Warnock ,132,74,23,0,35
Fannin,Flinthill,U.S. Senate,,Dem,Raphael Warnock ,254,104,37,0,113
Fannin,Hemptown,U.S. Senate,,Dem,Raphael Warnock ,161,91,24,0,46
Fannin,Hothouse,U.S. Senate,,Dem,Raphael Warnock ,132,76,15,0,41
Fannin,Mineral Bluff,U.S. Senate,,Dem,Raphael Warnock ,203,140,25,0,38
Fannin,Mobile,U.S. Senate,,Dem,Raphael Warnock ,103,44,20,0,39
Fannin,Morganton,U.S. Senate,,Dem,Raphael Warnock ,236,112,40,0,84
Fannin,Noontootla,U.S. Senate,,Dem,Raphael Warnock ,129,60,18,0,51
Fannin,Skeniah,U.S. Senate,,Dem,Raphael Warnock ,43,17,5,0,21
Fannin,Sugar Creek,U.S. Senate,,Dem,Raphael Warnock ,274,175,33,0,66
Fannin,Toccoa,U.S. Senate,,Dem,Raphael Warnock ,413,273,56,0,84
Fannin,Colwell,U.S. Senate,,Lib,Chase Oliver,19,13,2,0,4
Fannin,Fairplay,U.S. Senate,,Lib,Chase Oliver,8,1,1,0,6
Fannin,Flinthill,U.S. Senate,,Lib,Chase Oliver,34,14,3,0,17
Fannin,Hemptown,U.S. Senate,,Lib,Chase Oliver,22,10,3,0,9
Fannin,Hothouse,U.S. Senate,,Lib,Chase Oliver,19,8,1,0,10
Fannin,Mineral Bluff,U.S. Senate,,Lib,Chase Oliver,42,18,8,0,16
Fannin,Mobile,U.S. Senate,,Lib,Chase Oliver,13,1,0,0,12
Fannin,Morganton,U.S. Senate,,Lib,Chase Oliver,29,11,2,0,16
Fannin,Noontootla,U.S. Senate,,Lib,Chase Oliver,16,6,1,0,9
Fannin,Skeniah,U.S. Senate,,Lib,Chase Oliver,3,2,1,0,0
Fannin,Sugar Creek,U.S. Senate,,Lib,Chase Oliver,31,14,3,0,14
Fannin,Toccoa,U.S. Senate,,Lib,Chase Oliver,54,22,7,0,25
Fannin,Colwell,Governor,,Rep,Brian Kemp ,650,272,37,0,341
Fannin,Fairplay,Governor,,Rep,Brian Kemp ,630,272,30,0,328
Fannin,Flinthill,Governor,,Rep,Brian Kemp ,1543,613,83,2,845
Fannin,Hemptown,Governor,,Rep,Brian Kemp ,754,291,31,0,432
Fannin,Hothouse,Governor,,Rep,Brian Kemp ,669,294,42,3,330
Fannin,Mineral Bluff,Governor,,Rep,Brian Kemp ,1100,579,61,1,459
Fannin,Mobile,Governor,,Rep,Brian Kemp ,623,198,33,0,392
Fannin,Morganton,Governor,,Rep,Brian Kemp ,1136,460,69,2,605
Fannin,Noontootla,Governor,,Rep,Brian Kemp ,508,218,20,1,269
Fannin,Skeniah,Governor,,Rep,Brian Kemp ,195,58,9,0,128
Fannin,Sugar Creek,Governor,,Rep,Brian Kemp ,1281,682,90,2,507
Fannin,Toccoa,Governor,,Rep,Brian Kemp ,1663,923,114,3,623
Fannin,Colwell,Governor,,Dem,Stacey Abrams,131,72,33,0,26
Fannin,Fairplay,Governor,,Dem,Stacey Abrams,102,61,20,0,21
Fannin,Flinthill,Governor,,Dem,Stacey Abrams,198,80,35,0,83
Fannin,Hemptown,Governor,,Dem,Stacey Abrams,137,79,20,0,38
Fannin,Hothouse,Governor,,Dem,Stacey Abrams,107,68,9,0,30
Fannin,Mineral Bluff,Governor,,Dem,Stacey Abrams,156,105,23,0,28
Fannin,Mobile,Governor,,Dem,Stacey Abrams,77,37,15,0,25
Fannin,Morganton,Governor,,Dem,Stacey Abrams,188,97,32,0,59
Fannin,Noontootla,Governor,,Dem,Stacey Abrams,96,45,14,0,37
Fannin,Skeniah,Governor,,Dem,Stacey Abrams,30,14,4,0,12
Fannin,Sugar Creek,Governor,,Dem,Stacey Abrams,229,146,31,0,52
Fannin,Toccoa,Governor,,Dem,Stacey Abrams,345,229,51,0,65
Fannin,Colwell,Governor,,Lib,Shane Hazel,5,2,0,0,3
Fannin,Fairplay,Governor,,Lib,Shane Hazel,4,1,0,0,3
Fannin,Flinthill,Governor,,Lib,Shane Hazel,11,5,1,0,5
Fannin,Hemptown,Governor,,Lib,Shane Hazel,8,4,1,0,3
Fannin,Hothouse,Governor,,Lib,Shane Hazel,6,3,0,0,3
Fannin,Mineral Bluff,Governor,,Lib,Shane Hazel,8,5,0,0,3
Fannin,Mobile,Governor,,Lib,Shane Hazel,6,0,0,0,6
Fannin,Morganton,Governor,,Lib,Shane Hazel,11,2,0,0,9
Fannin,Noontootla,Governor,,Lib,Shane Hazel,4,2,1,0,1
Fannin,Skeniah,Governor,,Lib,Shane Hazel,1,0,0,0,1
Fannin,Sugar Creek,Governor,,Lib,Shane Hazel,11,5,0,0,6
Fannin,Toccoa,Governor,,Lib,Shane Hazel,14,5,2,0,7
Fannin,Colwell,Lieutenant Governor,,Rep,Burt Jones,626,264,35,0,327
Fannin,Fairplay,Lieutenant Governor,,Rep,Burt Jones,603,265,27,0,311
Fannin,Flinthill,Lieutenant Governor,,Rep,Burt Jones,1480,584,81,2,813
Fannin,Hemptown,Lieutenant Governor,,Rep,Burt Jones,725,279,28,0,418
Fannin,Hothouse,Lieutenant Governor,,Rep,Burt Jones,641,285,41,3,312
Fannin,Mineral Bluff,Lieutenant Governor,,Rep,Burt Jones,1056,555,58,1,442
Fannin,Mobile,Lieutenant Governor,,Rep,Burt Jones,600,193,33,0,374
Fannin,Morganton,Lieutenant Governor,,Rep,Burt Jones,1098,451,63,2,582
Fannin,Noontootla,Lieutenant Governor,,Rep,Burt Jones,466,199,18,1,248
Fannin,Skeniah,Lieutenant Governor,,Rep,Burt Jones,179,56,6,0,117
Fannin,Sugar Creek,Lieutenant Governor,,Rep,Burt Jones,1242,662,84,2,494
Fannin,Toccoa,Lieutenant Governor,,Rep,Burt Jones,1604,891,110,3,600
Fannin,Colwell,Lieutenant Governor,,Dem,Charlie Bailey,142,75,34,0,33
Fannin,Fairplay,Lieutenant Governor,,Dem,Charlie Bailey,116,68,22,0,26
Fannin,Flinthill,Lieutenant Governor,,Dem,Charlie Bailey,221,92,37,0,92
Fannin,Hemptown,Lieutenant Governor,,Dem,Charlie Bailey,147,86,21,0,40
Fannin,Hothouse,Lieutenant Governor,,Dem,Charlie Bailey,117,69,10,0,38
Fannin,Mineral Bluff,Lieutenant Governor,,Dem,Charlie Bailey,177,119,24,0,34
Fannin,Mobile,Lieutenant Governor,,Dem,Charlie Bailey,89,42,14,0,33
Fannin,Morganton,Lieutenant Governor,,Dem,Charlie Bailey,209,102,38,0,69
Fannin,Noontootla,Lieutenant Governor,,Dem,Charlie Bailey,119,55,16,0,48
Fannin,Skeniah,Lieutenant Governor,,Dem,Charlie Bailey,38,14,5,0,19
Fannin,Sugar Creek,Lieutenant Governor,,Dem,Charlie Bailey,241,153,33,0,55
Fannin,Toccoa,Lieutenant Governor,,Dem,Charlie Bailey,375,245,58,0,72
Fannin,Colwell,Lieutenant Governor,,Lib,Ryan Graham,13,6,1,0,6
Fannin,Fairplay,Lieutenant Governor,,Lib,Ryan Graham,8,0,0,0,8
Fannin,Flinthill,Lieutenant Governor,,Lib,Ryan Graham,21,8,1,0,12
Fannin,Hemptown,Lieutenant Governor,,Lib,Ryan Graham,17,6,2,0,9
Fannin,Hothouse,Lieutenant Governor,,Lib,Ryan Graham,17,7,0,0,10
Fannin,Mineral Bluff,Lieutenant Governor,,Lib,Ryan Graham,17,9,1,0,7
Fannin,Mobile,Lieutenant Governor,,Lib,Ryan Graham,13,1,1,0,11
Fannin,Morganton,Lieutenant Governor,,Lib,Ryan Graham,21,5,0,0,16
Fannin,Noontootla,Lieutenant Governor,,Lib,Ryan Graham,14,5,0,0,9
Fannin,Skeniah,Lieutenant Governor,,Lib,Ryan Graham,5,2,1,0,2
Fannin,Sugar Creek,Lieutenant Governor,,Lib,Ryan Graham,21,10,0,0,11
Fannin,Toccoa,Lieutenant Governor,,Lib,Ryan Graham,31,11,2,0,18
Fannin,Colwell,Secretary of State,,Rep,Brad Raffensperger ,615,260,41,0,314
Fannin,Fairplay,Secretary of State,,Rep,Brad Raffensperger ,590,253,31,0,306
Fannin,Flinthill,Secretary of State,,Rep,Brad Raffensperger ,1452,574,76,2,800
Fannin,Hemptown,Secretary of State,,Rep,Brad Raffensperger ,722,284,31,0,407
Fannin,Hothouse,Secretary of State,,Rep,Brad Raffensperger ,625,284,40,3,298
Fannin,Mineral Bluff,Secretary of State,,Rep,Brad Raffensperger ,1053,567,57,1,428
Fannin,Mobile,Secretary of State,,Rep,Brad Raffensperger ,591,191,33,0,367
Fannin,Morganton,Secretary of State,,Rep,Brad Raffensperger ,1073,440,70,2,561
Fannin,Noontootla,Secretary of State,,Rep,Brad Raffensperger ,476,202,22,1,251
Fannin,Skeniah,Secretary of State,,Rep,Brad Raffensperger ,175,48,7,0,120
Fannin,Sugar Creek,Secretary of State,,Rep,Brad Raffensperger ,1236,665,87,2,482
Fannin,Toccoa,Secretary of State,,Rep,Brad Raffensperger ,1586,893,112,2,579
Fannin,Colwell,Secretary of State,,Dem,Bee Nguyen,119,62,28,0,29
Fannin,Fairplay,Secretary of State,,Dem,Bee Nguyen,104,64,19,0,21
Fannin,Flinthill,Secretary of State,,Dem,Bee Nguyen,203,81,33,0,89
Fannin,Hemptown,Secretary of State,,Dem,Bee Nguyen,131,74,19,0,38
Fannin,Hothouse,Secretary of State,,Dem,Bee Nguyen,111,63,9,0,39
Fannin,Mineral Bluff,Secretary of State,,Dem,Bee Nguyen,156,100,23,0,33
Fannin,Mobile,Secretary of State,,Dem,Bee Nguyen,81,37,13,0,31
Fannin,Morganton,Secretary of State,,Dem,Bee Nguyen,183,92,29,0,62
Fannin,Noontootla,Secretary of State,,Dem,Bee Nguyen,96,45,13,0,38
Fannin,Skeniah,Secretary of State,,Dem,Bee Nguyen,35,15,5,0,15
Fannin,Sugar Creek,Secretary of State,,Dem,Bee Nguyen,225,140,30,0,55
Fannin,Toccoa,Secretary of State,,Dem,Bee Nguyen,331,216,48,0,67
Fannin,Colwell,Secretary of State,,Lib,Ted Metz,41,20,1,0,20
Fannin,Fairplay,Secretary of State,,Lib,Ted Metz,23,9,0,0,14
Fannin,Flinthill,Secretary of State,,Lib,Ted Metz,48,22,2,0,24
Fannin,Hemptown,Secretary of State,,Lib,Ted Metz,37,13,2,0,22
Fannin,Hothouse,Secretary of State,,Lib,Ted Metz,31,11,1,0,19
Fannin,Mineral Bluff,Secretary of State,,Lib,Ted Metz,41,16,1,0,24
Fannin,Mobile,Secretary of State,,Lib,Ted Metz,28,6,1,0,21
Fannin,Morganton,Secretary of State,,Lib,Ted Metz,64,18,1,0,45
Fannin,Noontootla,Secretary of State,,Lib,Ted Metz,26,10,0,0,16
Fannin,Skeniah,Secretary of State,,Lib,Ted Metz,13,9,0,0,4
Fannin,Sugar Creek,Secretary of State,,Lib,Ted Metz,45,22,2,0,21
Fannin,Toccoa,Secretary of State,,Lib,Ted Metz,84,37,7,1,39
Fannin,Colwell,Attorney General,,Rep,Chris Carr ,630,265,36,0,329
Fannin,Fairplay,Attorney General,,Rep,Chris Carr ,606,263,27,0,316
Fannin,Flinthill,Attorney General,,Rep,Chris Carr ,1489,594,82,2,811
Fannin,Hemptown,Attorney General,,Rep,Chris Carr ,735,283,29,0,423
Fannin,Hothouse,Attorney General,,Rep,Chris Carr ,642,285,41,3,313
Fannin,Mineral Bluff,Attorney General,,Rep,Chris Carr ,1056,550,60,1,445
Fannin,Mobile,Attorney General,,Rep,Chris Carr ,598,191,32,0,375
Fannin,Morganton,Attorney General,,Rep,Chris Carr ,1101,450,65,2,584
Fannin,Noontootla,Attorney General,,Rep,Chris Carr ,478,208,19,1,250
Fannin,Skeniah,Attorney General,,Rep,Chris Carr ,188,58,9,0,121
Fannin,Sugar Creek,Attorney General,,Rep,Chris Carr ,1262,673,88,2,499
Fannin,Toccoa,Attorney General,,Rep,Chris Carr ,1604,895,112,3,594
Fannin,Colwell,Attorney General,,Dem,"Jennifer """"Jen"""" Jordan",145,77,34,0,34
Fannin,Fairplay,Attorney General,,Dem,"Jennifer """"Jen"""" Jordan",116,67,21,0,28
Fannin,Flinthill,Attorney General,,Dem,"Jennifer """"Jen"""" Jordan",219,89,35,0,95
Fannin,Hemptown,Attorney General,,Dem,"Jennifer """"Jen"""" Jordan",140,79,20,0,41
Fannin,Hothouse,Attorney General,,Dem,"Jennifer """"Jen"""" Jordan",123,73,10,0,40
Fannin,Mineral Bluff,Attorney General,,Dem,"Jennifer """"Jen"""" Jordan",189,127,24,0,38
Fannin,Mobile,Attorney General,,Dem,"Jennifer """"Jen"""" Jordan",91,40,15,0,36
Fannin,Morganton,Attorney General,,Dem,"Jennifer """"Jen"""" Jordan",214,107,34,0,73
Fannin,Noontootla,Attorney General,,Dem,"Jennifer """"Jen"""" Jordan",120,53,16,0,51
Fannin,Skeniah,Attorney General,,Dem,"Jennifer """"Jen"""" Jordan",31,13,4,0,14
Fannin,Sugar Creek,Attorney General,,Dem,"Jennifer """"Jen"""" Jordan",237,149,32,0,56
Fannin,Toccoa,Attorney General,,Dem,"Jennifer """"Jen"""" Jordan",386,247,57,0,82
Fannin,Colwell,Attorney General,,Lib,Martin Cowen,8,5,0,0,3
Fannin,Fairplay,Attorney General,,Lib,Martin Cowen,9,2,0,0,7
Fannin,Flinthill,Attorney General,,Lib,Martin Cowen,24,7,2,0,15
Fannin,Hemptown,Attorney General,,Lib,Martin Cowen,16,9,1,0,6
Fannin,Hothouse,Attorney General,,Lib,Martin Cowen,10,5,0,0,5
Fannin,Mineral Bluff,Attorney General,,Lib,Martin Cowen,17,11,0,0,6
Fannin,Mobile,Attorney General,,Lib,Martin Cowen,12,5,0,0,7
Fannin,Morganton,Attorney General,,Lib,Martin Cowen,15,1,0,0,14
Fannin,Noontootla,Attorney General,,Lib,Martin Cowen,5,1,0,0,4
Fannin,Skeniah,Attorney General,,Lib,Martin Cowen,3,1,0,0,2
Fannin,Sugar Creek,Attorney General,,Lib,Martin Cowen,11,3,1,0,7
Fannin,Toccoa,Attorney General,,Lib,Martin Cowen,22,9,0,0,13
Fannin,Colwell,Commissioner Of Agriculture,,Rep,Tyler Harper,636,266,39,0,331
Fannin,Fairplay,Commissioner Of Agriculture,,Rep,Tyler Harper,609,268,28,0,313
Fannin,Flinthill,Commissioner Of Agriculture,,Rep,Tyler Harper,1491,591,83,2,815
Fannin,Hemptown,Commissioner Of Agriculture,,Rep,Tyler Harper,743,287,31,0,425
Fannin,Hothouse,Commissioner Of Agriculture,,Rep,Tyler Harper,653,289,41,3,320
Fannin,Mineral Bluff,Commissioner Of Agriculture,,Rep,Tyler Harper,1078,569,62,1,446
Fannin,Mobile,Commissioner Of Agriculture,,Rep,Tyler Harper,607,196,32,0,379
Fannin,Morganton,Commissioner Of Agriculture,,Rep,Tyler Harper,1124,463,69,2,590
Fannin,Noontootla,Commissioner Of Agriculture,,Rep,Tyler Harper,479,205,17,1,256
Fannin,Skeniah,Commissioner Of Agriculture,,Rep,Tyler Harper,189,58,9,0,122
Fannin,Sugar Creek,Commissioner Of Agriculture,,Rep,Tyler Harper,1266,681,87,2,496
Fannin,Toccoa,Commissioner Of Agriculture,,Rep,Tyler Harper,1630,904,113,3,610
Fannin,Colwell,Commissioner Of Agriculture,,Dem,Nakita Hemingway,130,71,30,0,29
Fannin,Fairplay,Commissioner Of Agriculture,,Dem,Nakita Hemingway,109,63,20,0,26
Fannin,Flinthill,Commissioner Of Agriculture,,Dem,Nakita Hemingway,201,87,30,0,84
Fannin,Hemptown,Commissioner Of Agriculture,,Dem,Nakita Hemingway,128,74,19,0,35
Fannin,Hothouse,Commissioner Of Agriculture,,Dem,Nakita Hemingway,111,68,10,0,33
Fannin,Mineral Bluff,Commissioner Of Agriculture,,Dem,Nakita Hemingway,160,109,21,0,30
Fannin,Mobile,Commissioner Of Agriculture,,Dem,Nakita Hemingway,82,37,15,0,30
Fannin,Morganton,Commissioner Of Agriculture,,Dem,Nakita Hemingway,177,89,29,0,59
Fannin,Noontootla,Commissioner Of Agriculture,,Dem,Nakita Hemingway,104,48,15,0,41
Fannin,Skeniah,Commissioner Of Agriculture,,Dem,Nakita Hemingway,30,12,4,0,14
Fannin,Sugar Creek,Commissioner Of Agriculture,,Dem,Nakita Hemingway,219,138,30,0,51
Fannin,Toccoa,Commissioner Of Agriculture,,Dem,Nakita Hemingway,329,223,47,0,59
Fannin,Colwell,Commissioner Of Agriculture,,Lib,David Raudabaugh,15,7,0,0,8
Fannin,Fairplay,Commissioner Of Agriculture,,Lib,David Raudabaugh,14,4,0,0,10
Fannin,Flinthill,Commissioner Of Agriculture,,Lib,David Raudabaugh,35,9,4,0,22
Fannin,Hemptown,Commissioner Of Agriculture,,Lib,David Raudabaugh,19,10,1,0,8
Fannin,Hothouse,Commissioner Of Agriculture,,Lib,David Raudabaugh,12,7,0,0,5
Fannin,Mineral Bluff,Commissioner Of Agriculture,,Lib,David Raudabaugh,19,8,1,0,10
Fannin,Mobile,Commissioner Of Agriculture,,Lib,David Raudabaugh,15,3,1,0,11
Fannin,Morganton,Commissioner Of Agriculture,,Lib,David Raudabaugh,25,5,2,0,18
Fannin,Noontootla,Commissioner Of Agriculture,,Lib,David Raudabaugh,15,5,2,0,8
Fannin,Skeniah,Commissioner Of Agriculture,,Lib,David Raudabaugh,5,2,0,0,3
Fannin,Sugar Creek,Commissioner Of Agriculture,,Lib,David Raudabaugh,19,6,1,0,12
Fannin,Toccoa,Commissioner Of Agriculture,,Lib,David Raudabaugh,43,18,5,0,20
Fannin,Colwell,Commissioner Of Insurance,,Rep,John King ,637,267,38,0,332
Fannin,Fairplay,Commissioner Of Insurance,,Rep,John King ,614,266,28,0,320
Fannin,Flinthill,Commissioner Of Insurance,,Rep,John King ,1502,597,85,2,818
Fannin,Hemptown,Commissioner Of Insurance,,Rep,John King ,749,292,30,0,427
Fannin,Hothouse,Commissioner Of Insurance,,Rep,John King ,654,293,40,3,318
Fannin,Mineral Bluff,Commissioner Of Insurance,,Rep,John King ,1085,573,60,1,451
Fannin,Mobile,Commissioner Of Insurance,,Rep,John King ,613,197,32,0,384
Fannin,Morganton,Commissioner Of Insurance,,Rep,John King ,1137,468,68,2,599
Fannin,Noontootla,Commissioner Of Insurance,,Rep,John King ,481,204,17,1,259
Fannin,Skeniah,Commissioner Of Insurance,,Rep,John King ,189,58,8,0,123
Fannin,Sugar Creek,Commissioner Of Insurance,,Rep,John King ,1274,678,90,2,504
Fannin,Toccoa,Commissioner Of Insurance,,Rep,John King ,1655,921,112,3,619
Fannin,Colwell,Commissioner Of Insurance,,Dem,Janice Laws Robinson,142,76,32,0,34
Fannin,Fairplay,Commissioner Of Insurance,,Dem,Janice Laws Robinson,110,67,21,0,22
Fannin,Flinthill,Commissioner Of Insurance,,Dem,Janice Laws Robinson,213,87,34,0,92
Fannin,Hemptown,Commissioner Of Insurance,,Dem,Janice Laws Robinson,137,78,21,0,38
Fannin,Hothouse,Commissioner Of Insurance,,Dem,Janice Laws Robinson,117,69,9,0,39
Fannin,Mineral Bluff,Commissioner Of Insurance,,Dem,Janice Laws Robinson,170,111,24,0,35
Fannin,Mobile,Commissioner Of Insurance,,Dem,Janice Laws Robinson,91,40,16,0,35
Fannin,Morganton,Commissioner Of Insurance,,Dem,Janice Laws Robinson,183,88,32,0,63
Fannin,Noontootla,Commissioner Of Insurance,,Dem,Janice Laws Robinson,115,52,17,0,46
Fannin,Skeniah,Commissioner Of Insurance,,Dem,Janice Laws Robinson,32,13,4,0,15
Fannin,Sugar Creek,Commissioner Of Insurance,,Dem,Janice Laws Robinson,224,139,30,0,55
Fannin,Toccoa,Commissioner Of Insurance,,Dem,Janice Laws Robinson,347,226,55,0,66
Fannin,Colwell,State School Superintendent,,Rep,Richard Woods ,637,268,36,0,333
Fannin,Fairplay,State School Superintendent,,Rep,Richard Woods ,616,270,30,0,316
Fannin,Flinthill,State School Superintendent,,Rep,Richard Woods ,1502,596,83,2,821
Fannin,Hemptown,State School Superintendent,,Rep,Richard Woods ,749,291,30,0,428
Fannin,Hothouse,State School Superintendent,,Rep,Richard Woods ,653,290,41,3,319
Fannin,Mineral Bluff,State School Superintendent,,Rep,Richard Woods ,1078,566,60,1,451
Fannin,Mobile,State School Superintendent,,Rep,Richard Woods ,613,200,32,0,381
Fannin,Morganton,State School Superintendent,,Rep,Richard Woods ,1130,460,67,2,601
Fannin,Noontootla,State School Superintendent,,Rep,Richard Woods ,486,206,18,1,261
Fannin,Skeniah,State School Superintendent,,Rep,Richard Woods ,190,57,8,0,125
Fannin,Sugar Creek,State School Superintendent,,Rep,Richard Woods ,1275,679,90,2,504
Fannin,Toccoa,State School Superintendent,,Rep,Richard Woods ,1669,925,120,3,621
Fannin,Colwell,State School Superintendent,,Dem,Alisha Thomas Searcy,140,73,34,0,33
Fannin,Fairplay,State School Superintendent,,Dem,Alisha Thomas Searcy,107,62,19,0,26
Fannin,Flinthill,State School Superintendent,,Dem,Alisha Thomas Searcy,218,86,34,0,98
Fannin,Hemptown,State School Superintendent,,Dem,Alisha Thomas Searcy,137,79,21,0,37
Fannin,Hothouse,State School Superintendent,,Dem,Alisha Thomas Searcy,119,70,10,0,39
Fannin,Mineral Bluff,State School Superintendent,,Dem,Alisha Thomas Searcy,181,120,24,0,37
Fannin,Mobile,State School Superintendent,,Dem,Alisha Thomas Searcy,89,36,16,0,37
Fannin,Morganton,State School Superintendent,,Dem,Alisha Thomas Searcy,197,97,32,0,68
Fannin,Noontootla,State School Superintendent,,Dem,Alisha Thomas Searcy,108,48,16,0,44
Fannin,Skeniah,State School Superintendent,,Dem,Alisha Thomas Searcy,33,14,4,0,15
Fannin,Sugar Creek,State School Superintendent,,Dem,Alisha Thomas Searcy,228,142,31,0,55
Fannin,Toccoa,State School Superintendent,,Dem,Alisha Thomas Searcy,339,222,49,0,68
Fannin,Colwell,Commissioner Of Labor,,Rep,Bruce Thompson,633,267,38,0,328
Fannin,Fairplay,Commissioner Of Labor,,Rep,Bruce Thompson,606,262,28,0,316
Fannin,Flinthill,Commissioner Of Labor,,Rep,Bruce Thompson,1483,592,80,2,809
Fannin,Hemptown,Commissioner Of Labor,,Rep,Bruce Thompson,731,281,30,0,420
Fannin,Hothouse,Commissioner Of Labor,,Rep,Bruce Thompson,645,288,41,3,313
Fannin,Mineral Bluff,Commissioner Of Labor,,Rep,Bruce Thompson,1073,570,59,1,443
Fannin,Mobile,Commissioner Of Labor,,Rep,Bruce Thompson,599,196,31,0,372
Fannin,Morganton,Commissioner Of Labor,,Rep,Bruce Thompson,1107,449,67,2,589
Fannin,Noontootla,Commissioner Of Labor,,Rep,Bruce Thompson,474,201,17,1,255
Fannin,Skeniah,Commissioner Of Labor,,Rep,Bruce Thompson,179,53,7,0,119
Fannin,Sugar Creek,Commissioner Of Labor,,Rep,Bruce Thompson,1258,672,89,2,495
Fannin,Toccoa,Commissioner Of Labor,,Rep,Bruce Thompson,1617,897,111,3,606
Fannin,Colwell,Commissioner Of Labor,,Dem,"William """"Will"""" Boddie, Jr",133,72,32,0,29
Fannin,Fairplay,Commissioner Of Labor,,Dem,"William """"Will"""" Boddie, Jr",112,66,21,0,25
Fannin,Flinthill,Commissioner Of Labor,,Dem,"William """"Will"""" Boddie, Jr",209,86,36,0,87
Fannin,Hemptown,Commissioner Of Labor,,Dem,"William """"Will"""" Boddie, Jr",133,76,19,0,38
Fannin,Hothouse,Commissioner Of Labor,,Dem,"William """"Will"""" Boddie, Jr",113,69,10,0,34
Fannin,Mineral Bluff,Commissioner Of Labor,,Dem,"William """"Will"""" Boddie, Jr",165,109,22,0,34
Fannin,Mobile,Commissioner Of Labor,,Dem,"William """"Will"""" Boddie, Jr",91,40,15,0,36
Fannin,Morganton,Commissioner Of Labor,,Dem,"William """"Will"""" Boddie, Jr",187,96,31,0,60
Fannin,Noontootla,Commissioner Of Labor,,Dem,"William """"Will"""" Boddie, Jr",112,54,14,0,44
Fannin,Skeniah,Commissioner Of Labor,,Dem,"William """"Will"""" Boddie, Jr",38,17,4,0,17
Fannin,Sugar Creek,Commissioner Of Labor,,Dem,"William """"Will"""" Boddie, Jr",221,140,30,0,51
Fannin,Toccoa,Commissioner Of Labor,,Dem,"William """"Will"""" Boddie, Jr",335,226,51,0,58
Fannin,Colwell,Commissioner Of Labor,,Lib,Emily Anderson,11,4,0,0,7
Fannin,Fairplay,Commissioner Of Labor,,Lib,Emily Anderson,13,5,1,0,7
Fannin,Flinthill,Commissioner Of Labor,,Lib,Emily Anderson,31,8,3,0,20
Fannin,Hemptown,Commissioner Of Labor,,Lib,Emily Anderson,18,11,1,0,6
Fannin,Hothouse,Commissioner Of Labor,,Lib,Emily Anderson,15,6,0,0,9
Fannin,Mineral Bluff,Commissioner Of Labor,,Lib,Emily Anderson,21,9,2,0,10
Fannin,Mobile,Commissioner Of Labor,,Lib,Emily Anderson,13,2,1,0,10
Fannin,Morganton,Commissioner Of Labor,,Lib,Emily Anderson,29,8,1,0,20
Fannin,Noontootla,Commissioner Of Labor,,Lib,Emily Anderson,9,3,1,0,5
Fannin,Skeniah,Commissioner Of Labor,,Lib,Emily Anderson,6,2,1,0,3
Fannin,Sugar Creek,Commissioner Of Labor,,Lib,Emily Anderson,25,11,2,0,12
Fannin,Toccoa,Commissioner Of Labor,,Lib,Emily Anderson,46,19,4,0,23
Fannin,Colwell,U.S. House,9,Rep,Andrew Clyde ,634,266,35,0,333
Fannin,Fairplay,U.S. House,9,Rep,Andrew Clyde ,615,266,27,0,322
Fannin,Flinthill,U.S. House,9,Rep,Andrew Clyde ,1499,591,83,2,823
Fannin,Hemptown,U.S. House,9,Rep,Andrew Clyde ,731,278,28,0,425
Fannin,Hothouse,U.S. House,9,Rep,Andrew Clyde ,652,287,41,3,321
Fannin,Mineral Bluff,U.S. House,9,Rep,Andrew Clyde ,1078,562,61,1,454
Fannin,Mobile,U.S. House,9,Rep,Andrew Clyde ,614,196,33,0,385
Fannin,Morganton,U.S. House,9,Rep,Andrew Clyde ,1118,453,65,1,599
Fannin,Noontootla,U.S. House,9,Rep,Andrew Clyde ,479,205,17,1,256
Fannin,Skeniah,U.S. House,9,Rep,Andrew Clyde ,184,58,8,0,118
Fannin,Sugar Creek,U.S. House,9,Rep,Andrew Clyde ,1248,663,88,2,495
Fannin,Toccoa,U.S. House,9,Rep,Andrew Clyde ,1615,891,110,3,611
Fannin,Colwell,U.S. House,9,Dem,"Michael """"Mike"""" Ford",148,79,33,0,36
Fannin,Fairplay,U.S. House,9,Dem,"Michael """"Mike"""" Ford",116,67,23,0,26
Fannin,Flinthill,U.S. House,9,Dem,"Michael """"Mike"""" Ford",228,98,36,0,94
Fannin,Hemptown,U.S. House,9,Dem,"Michael """"Mike"""" Ford",152,89,22,0,41
Fannin,Hothouse,U.S. House,9,Dem,"Michael """"Mike"""" Ford",119,72,10,0,37
Fannin,Mineral Bluff,U.S. House,9,Dem,"Michael """"Mike"""" Ford",183,123,23,0,37
Fannin,Mobile,U.S. House,9,Dem,"Michael """"Mike"""" Ford",91,41,15,0,35
Fannin,Morganton,U.S. House,9,Dem,"Michael """"Mike"""" Ford",212,104,36,0,72
Fannin,Noontootla,U.S. House,9,Dem,"Michael """"Mike"""" Ford",126,58,18,0,50
Fannin,Skeniah,U.S. House,9,Dem,"Michael """"Mike"""" Ford",37,13,5,0,19
Fannin,Sugar Creek,U.S. House,9,Dem,"Michael """"Mike"""" Ford",252,157,33,0,62
Fannin,Toccoa,U.S. House,9,Dem,"Michael """"Mike"""" Ford",388,254,55,0,79
Fannin,Colwell,State Senate,51,Rep,Steve Gooch ,683,294,42,0,347
Fannin,Fairplay,State Senate,51,Rep,Steve Gooch ,650,286,33,0,331
Fannin,Flinthill,State Senate,51,Rep,Steve Gooch ,1572,628,84,2,858
Fannin,Hemptown,State Senate,51,Rep,Steve Gooch ,798,316,32,0,450
Fannin,Hothouse,State Senate,51,Rep,Steve Gooch ,691,310,41,3,337
Fannin,Mineral Bluff,State Senate,51,Rep,Steve Gooch ,1138,609,60,1,468
Fannin,Mobile,State Senate,51,Rep,Steve Gooch ,651,215,33,0,403
Fannin,Morganton,State Senate,51,Rep,Steve Gooch ,1200,494,73,2,631
Fannin,Noontootla,State Senate,51,Rep,Steve Gooch ,525,220,21,1,283
Fannin,Skeniah,State Senate,51,Rep,Steve Gooch ,202,63,8,0,131
Fannin,Sugar Creek,State Senate,51,Rep,Steve Gooch ,1339,716,91,2,530
Fannin,Toccoa,State Senate,51,Rep,Steve Gooch ,1765,988,123,3,651
Fannin,Colwell,State House,7,Rep,David Ralston ,664,289,38,0,337
Fannin,Fairplay,State House,7,Rep,David Ralston ,636,282,34,0,320
Fannin,Flinthill,State House,7,Rep,David Ralston ,1549,612,89,2,846
Fannin,Hemptown,State House,7,Rep,David Ralston ,777,312,32,0,433
Fannin,Hothouse,State House,7,Rep,David Ralston ,664,298,37,3,326
Fannin,Mineral Bluff,State House,7,Rep,David Ralston ,1112,596,65,1,450
Fannin,Mobile,State House,7,Rep,David Ralston ,636,213,28,0,395
Fannin,Morganton,State House,7,Rep,David Ralston ,1183,486,77,2,618
Fannin,Noontootla,State House,7,Rep,David Ralston ,520,217,22,1,280
Fannin,Skeniah,State House,7,Rep,David Ralston ,194,59,8,0,127
Fannin,Sugar Creek,State House,7,Rep,David Ralston ,1330,710,92,2,526
Fannin,Toccoa,State House,7,Rep,David Ralston ,1733,971,125,2,635
Fannin,Colwell,County Commissioner Post 2,,Rep,Glenn Patterson ,656,275,42,0,339
Fannin,Fairplay,County Commissioner Post 2,,Rep,Glenn Patterson ,619,269,29,0,321
Fannin,Flinthill,County Commissioner Post 2,,Rep,Glenn Patterson ,1522,590,85,2,845
Fannin,Hemptown,County Commissioner Post 2,,Rep,Glenn Patterson ,745,289,31,0,425
Fannin,Hothouse,County Commissioner Post 2,,Rep,Glenn Patterson ,645,288,42,3,312
Fannin,Mineral Bluff,County Commissioner Post 2,,Rep,Glenn Patterson ,1096,584,60,1,451
Fannin,Mobile,County Commissioner Post 2,,Rep,Glenn Patterson ,620,203,30,0,387
Fannin,Morganton,County Commissioner Post 2,,Rep,Glenn Patterson ,1144,459,71,2,612
Fannin,Noontootla,County Commissioner Post 2,,Rep,Glenn Patterson ,487,211,18,1,257
Fannin,Skeniah,County Commissioner Post 2,,Rep,Glenn Patterson ,182,55,8,0,119
Fannin,Sugar Creek,County Commissioner Post 2,,Rep,Glenn Patterson ,1270,677,85,2,506
Fannin,Toccoa,County Commissioner Post 2,,Rep,Glenn Patterson ,1688,933,123,3,629
Fannin,Colwell,County Commissioner Post 2,,Dem,Larry Syputa,116,62,27,0,27
Fannin,Fairplay,County Commissioner Post 2,,Dem,Larry Syputa,106,63,19,0,24
Fannin,Flinthill,County Commissioner Post 2,,Dem,Larry Syputa,188,88,28,0,72
Fannin,Hemptown,County Commissioner Post 2,,Dem,Larry Syputa,136,77,19,0,40
Fannin,Hothouse,County Commissioner Post 2,,Dem,Larry Syputa,108,66,9,0,33
Fannin,Mineral Bluff,County Commissioner Post 2,,Dem,Larry Syputa,154,96,24,0,34
Fannin,Mobile,County Commissioner Post 2,,Dem,Larry Syputa,78,32,16,0,30
Fannin,Morganton,County Commissioner Post 2,,Dem,Larry Syputa,175,91,29,0,55
Fannin,Noontootla,County Commissioner Post 2,,Dem,Larry Syputa,108,51,12,0,45
Fannin,Skeniah,County Commissioner Post 2,,Dem,Larry Syputa,35,14,4,0,17
Fannin,Sugar Creek,County Commissioner Post 2,,Dem,Larry Syputa,226,136,34,0,56
Fannin,Toccoa,County Commissioner Post 2,,Dem,Larry Syputa,307,203,42,0,62
Fannin,Colwell,County Board of Education,,Rep,Bobby Bearden ,667,288,40,0,339
Fannin,Fairplay,County Board of Education,,Rep,Bobby Bearden ,649,288,33,0,328
Fannin,Flinthill,County Board of Education,,Rep,Bobby Bearden ,1525,614,79,2,830
Fannin,Hemptown,County Board of Education,,Rep,Bobby Bearden ,785,317,34,0,434
Fannin,Hothouse,County Board of Education,,Rep,Bobby Bearden ,666,304,39,3,320
Fannin,Mineral Bluff,County Board of Education,,Rep,Bobby Bearden ,1106,593,63,1,449
Fannin,Mobile,County Board of Education,,Rep,Bobby Bearden ,640,213,31,0,396
Fannin,Morganton,County Board of Education,,Rep,Bobby Bearden ,1190,488,76,2,624
Fannin,Noontootla,County Board of Education,,Rep,Bobby Bearden ,513,217,21,1,274
Fannin,Skeniah,County Board of Education,,Rep,Bobby Bearden ,193,60,8,0,125
Fannin,Sugar Creek,County Board of Education,,Rep,Bobby Bearden ,1306,698,88,2,518
Fannin,Toccoa,County Board of Education,,Rep,Bobby Bearden ,1728,975,129,3,621
Fannin,Colwell,County Board of Education,,Rep,Mike Cole ,674,292,39,0,343
Fannin,Fairplay,County Board of Education,,Rep,Mike Cole ,651,294,34,0,323
Fannin,Flinthill,County Board of Education,,Rep,Mike Cole ,1541,616,75,2,848
Fannin,Hemptown,County Board of Education,,Rep,Mike Cole ,797,319,34,0,444
Fannin,Hothouse,County Board of Education,,Rep,Mike Cole ,681,310,40,3,328
Fannin,Mineral Bluff,County Board of Education,,Rep,Mike Cole ,1130,604,65,1,460
Fannin,Mobile,County Board of Education,,Rep,Mike Cole ,644,212,32,0,400
Fannin,Morganton,County Board of Education,,Rep,Mike Cole ,1190,491,74,2,623
Fannin,Noontootla,County Board of Education,,Rep,Mike Cole ,518,218,22,1,277
Fannin,Skeniah,County Board of Education,,Rep,Mike Cole ,195,61,8,0,126
Fannin,Sugar Creek,County Board of Education,,Rep,Mike Cole ,1335,716,93,2,524
Fannin,Toccoa,County Board of Education,,Rep,Mike Cole ,1771,989,126,2,654
Fannin,Colwell,Blue Ridge Mountain Soil and Water,,,Charlotte Ann Stanley ,656,289,48,0,319
Fannin,Fairplay,Blue Ridge Mountain Soil and Water,,,Charlotte Ann Stanley ,615,278,39,0,298
Fannin,Flinthill,Blue Ridge Mountain Soil and Water,,,Charlotte Ann Stanley ,1474,603,77,2,792
Fannin,Hemptown,Blue Ridge Mountain Soil and Water,,,Charlotte Ann Stanley ,785,324,38,0,423
Fannin,Hothouse,Blue Ridge Mountain Soil and Water,,,Charlotte Ann Stanley ,643,300,31,2,310
Fannin,Mineral Bluff,Blue Ridge Mountain Soil and Water,,,Charlotte Ann Stanley ,1076,588,65,1,422
Fannin,Mobile,Blue Ridge Mountain Soil and Water,,,Charlotte Ann Stanley ,621,210,35,0,376
Fannin,Morganton,Blue Ridge Mountain Soil and Water,,,Charlotte Ann Stanley ,1135,464,77,2,592
Fannin,Noontootla,Blue Ridge Mountain Soil and Water,,,Charlotte Ann Stanley ,531,228,27,1,275
Fannin,Skeniah,Blue Ridge Mountain Soil and Water,,,Charlotte Ann Stanley ,193,59,9,0,125
Fannin,Sugar Creek,Blue Ridge Mountain Soil and Water,,,Charlotte Ann Stanley ,1280,692,92,2,494
Fannin,Toccoa,Blue Ridge Mountain Soil and Water,,,Charlotte Ann Stanley ,1722,964,131,2,625
Fannin,Colwell,Constitutional Amendment #1,,,Yes,658,290,55,0,313
Fannin,Fairplay,Constitutional Amendment #1,,,Yes,629,293,44,0,292
Fannin,Flinthill,Constitutional Amendment #1,,,Yes,1458,576,103,2,777
Fannin,Hemptown,Constitutional Amendment #1,,,Yes,756,326,44,0,386
Fannin,Hothouse,Constitutional Amendment #1,,,Yes,656,317,43,2,294
Fannin,Mineral Bluff,Constitutional Amendment #1,,,Yes,1092,612,74,1,405
Fannin,Mobile,Constitutional Amendment #1,,,Yes,597,193,43,0,361
Fannin,Morganton,Constitutional Amendment #1,,,Yes,1127,474,92,2,559
Fannin,Noontootla,Constitutional Amendment #1,,,Yes,523,238,30,1,254
Fannin,Skeniah,Constitutional Amendment #1,,,Yes,203,65,11,0,127
Fannin,Sugar Creek,Constitutional Amendment #1,,,Yes,1302,717,99,2,484
Fannin,Toccoa,Constitutional Amendment #1,,,Yes,1736,992,149,2,593
Fannin,Colwell,Constitutional Amendment #1,,,No,96,43,11,0,42
Fannin,Fairplay,Constitutional Amendment #1,,,No,80,31,5,0,44
Fannin,Flinthill,Constitutional Amendment #1,,,No,197,86,10,0,101
Fannin,Hemptown,Constitutional Amendment #1,,,No,102,39,5,0,58
Fannin,Hothouse,Constitutional Amendment #1,,,No,90,33,8,1,48
Fannin,Mineral Bluff,Constitutional Amendment #1,,,No,127,66,9,0,52
Fannin,Mobile,Constitutional Amendment #1,,,No,83,34,3,0,46
Fannin,Morganton,Constitutional Amendment #1,,,No,149,55,6,0,88
Fannin,Noontootla,Constitutional Amendment #1,,,No,76,23,5,0,48
Fannin,Skeniah,Constitutional Amendment #1,,,No,19,6,1,0,12
Fannin,Sugar Creek,Constitutional Amendment #1,,,No,149,81,15,0,53
Fannin,Toccoa,Constitutional Amendment #1,,,No,216,125,14,1,76
Fannin,Colwell,Constitutional Amendment #2,,,Yes,697,315,64,0,318
Fannin,Fairplay,Constitutional Amendment #2,,,Yes,649,301,45,0,303
Fannin,Flinthill,Constitutional Amendment #2,,,Yes,1506,605,101,2,798
Fannin,Hemptown,Constitutional Amendment #2,,,Yes,794,342,48,0,404
Fannin,Hothouse,Constitutional Amendment #2,,,Yes,707,336,46,3,322
Fannin,Mineral Bluff,Constitutional Amendment #2,,,Yes,1131,636,77,1,417
Fannin,Mobile,Constitutional Amendment #2,,,Yes,616,203,42,0,371
Fannin,Morganton,Constitutional Amendment #2,,,Yes,1185,495,93,2,595
Fannin,Noontootla,Constitutional Amendment #2,,,Yes,554,243,32,1,278
Fannin,Skeniah,Constitutional Amendment #2,,,Yes,205,66,12,0,127
Fannin,Sugar Creek,Constitutional Amendment #2,,,Yes,1342,745,104,2,491
Fannin,Toccoa,Constitutional Amendment #2,,,Yes,1807,1030,152,2,623
Fannin,Colwell,Constitutional Amendment #2,,,No,70,26,3,0,41
Fannin,Fairplay,Constitutional Amendment #2,,,No,62,21,4,0,37
Fannin,Flinthill,Constitutional Amendment #2,,,No,157,64,11,0,82
Fannin,Hemptown,Constitutional Amendment #2,,,No,73,25,3,0,45
Fannin,Hothouse,Constitutional Amendment #2,,,No,43,17,4,0,22
Fannin,Mineral Bluff,Constitutional Amendment #2,,,No,83,37,4,0,42
Fannin,Mobile,Constitutional Amendment #2,,,No,66,27,2,0,37
Fannin,Morganton,Constitutional Amendment #2,,,No,111,42,6,0,63
Fannin,Noontootla,Constitutional Amendment #2,,,No,43,17,3,0,23
Fannin,Skeniah,Constitutional Amendment #2,,,No,19,5,0,0,14
Fannin,Sugar Creek,Constitutional Amendment #2,,,No,116,60,13,0,43
Fannin,Toccoa,Constitutional Amendment #2,,,No,152,92,12,1,47
Fannin,Colwell,Statewide Referendum A,,,Yes,457,182,30,0,245
Fannin,Fairplay,Statewide Referendum A,,,Yes,452,191,24,0,237
Fannin,Flinthill,Statewide Referendum A,,,Yes,1025,389,52,2,582
Fannin,Hemptown,Statewide Referendum A,,,Yes,525,198,22,0,305
Fannin,Hothouse,Statewide Referendum A,,,Yes,463,207,24,2,230
Fannin,Mineral Bluff,Statewide Referendum A,,,Yes,790,421,36,1,332
Fannin,Mobile,Statewide Referendum A,,,Yes,431,142,18,0,271
Fannin,Morganton,Statewide Referendum A,,,Yes,823,329,53,2,439
Fannin,Noontootla,Statewide Referendum A,,,Yes,345,151,14,1,179
Fannin,Skeniah,Statewide Referendum A,,,Yes,138,38,4,0,96
Fannin,Sugar Creek,Statewide Referendum A,,,Yes,881,448,59,2,372
Fannin,Toccoa,Statewide Referendum A,,,Yes,1192,660,77,2,453
Fannin,Colwell,Statewide Referendum A,,,No,283,143,33,0,107
Fannin,Fairplay,Statewide Referendum A,,,No,253,129,24,0,100
Fannin,Flinthill,Statewide Referendum A,,,No,598,264,55,0,279
Fannin,Hemptown,Statewide Referendum A,,,No,327,161,28,0,138
Fannin,Hothouse,Statewide Referendum A,,,No,273,137,24,1,111
Fannin,Mineral Bluff,Statewide Referendum A,,,No,404,244,43,0,117
Fannin,Mobile,Statewide Referendum A,,,No,248,89,25,0,134
Fannin,Morganton,Statewide Referendum A,,,No,452,193,46,0,213
Fannin,Noontootla,Statewide Referendum A,,,No,248,105,21,0,122
Fannin,Skeniah,Statewide Referendum A,,,No,82,32,7,0,43
Fannin,Sugar Creek,Statewide Referendum A,,,No,552,338,53,0,161
Fannin,Toccoa,Statewide Referendum A,,,No,726,438,77,1,210
Fannin,Colwell,Statewide Referendum B,,,Yes,609,261,44,0,304
Fannin,Fairplay,Statewide Referendum B,,,Yes,581,261,39,0,281
Fannin,Flinthill,Statewide Referendum B,,,Yes,1332,523,67,2,740
Fannin,Hemptown,Statewide Referendum B,,,Yes,703,285,38,0,380
Fannin,Hothouse,Statewide Referendum B,,,Yes,599,279,32,2,286
Fannin,Mineral Bluff,Statewide Referendum B,,,Yes,981,534,45,1,401
Fannin,Mobile,Statewide Referendum B,,,Yes,548,186,27,0,335
Fannin,Morganton,Statewide Referendum B,,,Yes,1057,439,66,2,550
Fannin,Noontootla,Statewide Referendum B,,,Yes,463,205,19,1,238
Fannin,Skeniah,Statewide Referendum B,,,Yes,186,58,7,0,121
Fannin,Sugar Creek,Statewide Referendum B,,,Yes,1165,632,80,2,451
Fannin,Toccoa,Statewide Referendum B,,,Yes,1546,871,109,2,564
Fannin,Colwell,Statewide Referendum B,,,No,142,71,20,0,51
Fannin,Fairplay,Statewide Referendum B,,,No,125,60,8,0,57
Fannin,Flinthill,Statewide Referendum B,,,No,304,129,40,0,135
Fannin,Hemptown,Statewide Referendum B,,,No,157,78,13,0,66
Fannin,Hothouse,Statewide Referendum B,,,No,137,65,15,1,56
Fannin,Mineral Bluff,Statewide Referendum B,,,No,214,130,35,0,49
Fannin,Mobile,Statewide Referendum B,,,No,131,45,17,0,69
Fannin,Morganton,Statewide Referendum B,,,No,222,85,32,0,105
Fannin,Noontootla,Statewide Referendum B,,,No,131,53,14,0,64
Fannin,Skeniah,Statewide Referendum B,,,No,36,12,5,0,19
Fannin,Sugar Creek,Statewide Referendum B,,,No,275,159,33,0,83
Fannin,Toccoa,Statewide Referendum B,,,No,386,233,48,1,104
