county,precinct,office,district,party,candidate,votes,advance_voting_votes,absentee_by_mail_votes,provisional_votes,election_day_votes
Towns,Young Harris,U.S. Senate,,Rep,Herschel Walker,1652,967,75,2,608
Towns,Hiawassee,U.S. Senate,,Rep,Herschel Walker,3916,2784,200,1,931
Towns,Young Harris,U.S. Senate,,Dem,Raphael Warnock ,474,333,62,2,77
Towns,Hiawassee,U.S. Senate,,Dem,Raphael Warnock ,888,629,150,0,109
Towns,Young Harris,U.S. Senate,,Lib,Chase Oliver,55,27,4,0,24
Towns,Hiawassee,U.S. Senate,,Lib,Chase Oliver,124,79,11,1,33
Towns,Young Harris,Governor,,Rep,Brian Kemp ,1811,1064,91,3,653
Towns,Hiawassee,Governor,,Rep,Brian Kemp ,4255,3021,235,2,997
Towns,Young Harris,Governor,,Dem,Stacey Abrams,371,266,51,1,53
Towns,Hiawassee,Governor,,Dem,Stacey Abrams,681,481,129,0,71
Towns,Young Harris,Governor,,Lib,Shane Hazel,14,5,1,0,8
Towns,Hiawassee,Governor,,Lib,Shane Hazel,48,29,3,0,16
Towns,Young Harris,Lieutenant Governor,,Rep,Burt Jones,1742,1022,85,3,632
Towns,Hiawassee,Lieutenant Governor,,Rep,Burt Jones,4078,2901,222,2,953
Towns,Young Harris,Lieutenant Governor,,Dem,Charlie Bailey,416,297,54,1,64
Towns,Hiawassee,Lieutenant Governor,,Dem,Charlie Bailey,781,552,137,0,92
Towns,Young Harris,Lieutenant Governor,,Lib,Ryan Graham,21,8,2,0,11
Towns,Hiawassee,Lieutenant Governor,,Lib,Ryan Graham,83,45,9,0,29
Towns,Young Harris,Secretary of State,,Rep,Brad Raffensperger ,1744,1035,94,3,612
Towns,Hiawassee,Secretary of State,,Rep,Brad Raffensperger ,4044,2888,234,2,920
Towns,Young Harris,Secretary of State,,Dem,Bee Nguyen,359,251,47,1,60
Towns,Hiawassee,Secretary of State,,Dem,Bee Nguyen,702,489,121,0,92
Towns,Young Harris,Secretary of State,,Lib,Ted Metz,68,38,2,0,28
Towns,Hiawassee,Secretary of State,,Lib,Ted Metz,172,103,12,0,57
Towns,Young Harris,Attorney General,,Rep,Chris Carr ,1742,1030,81,2,629
Towns,Hiawassee,Attorney General,,Rep,Chris Carr ,4107,2908,233,2,964
Towns,Young Harris,Attorney General,,Dem,"Jennifer """"Jen"""" Jordan",419,293,57,2,67
Towns,Hiawassee,Attorney General,,Dem,"Jennifer """"Jen"""" Jordan",771,551,129,0,91
Towns,Young Harris,Attorney General,,Lib,Martin Cowen,19,4,4,0,11
Towns,Hiawassee,Attorney General,,Lib,Martin Cowen,68,40,4,0,24
Towns,Young Harris,Commissioner of Agriculture,,Rep,Tyler Harper,1770,1040,89,2,639
Towns,Hiawassee,Commissioner of Agriculture,,Rep,Tyler Harper,4161,2953,241,2,965
Towns,Young Harris,Commissioner of Agriculture,,Dem,Nakita Hemingway,383,274,50,2,57
Towns,Hiawassee,Commissioner of Agriculture,,Dem,Nakita Hemingway,683,484,117,0,82
Towns,Young Harris,Commissioner of Agriculture,,Lib,David Raudabaugh,25,13,2,0,10
Towns,Hiawassee,Commissioner of Agriculture,,Lib,David Raudabaugh,99,64,8,0,27
Towns,Young Harris,Commissioner of Insurance,,Rep,John King ,1773,1042,86,3,642
Towns,Hiawassee,Commissioner of Insurance,,Rep,John King ,4182,2959,239,2,982
Towns,Young Harris,Commissioner of Insurance,,Dem,Janice Laws Robinson,400,283,53,1,63
Towns,Hiawassee,Commissioner of Insurance,,Dem,Janice Laws Robinson,739,526,125,0,88
Towns,Young Harris,State School Superintendent,,Rep,Richard Woods ,1779,1049,84,3,643
Towns,Hiawassee,State School Superintendent,,Rep,Richard Woods ,4210,2982,245,2,981
Towns,Young Harris,State School Superintendent,,Dem,Alisha Thomas Searcy,395,277,55,1,62
Towns,Hiawassee,State School Superintendent,,Dem,Alisha Thomas Searcy,717,507,119,0,91
Towns,Young Harris,Commissioner of Labor,,Rep,Bruce Thompson,1747,1025,85,3,634
Towns,Hiawassee,Commissioner of Labor,,Rep,Bruce Thompson,4103,2918,230,2,953
Towns,Young Harris,Commissioner of Labor,,Dem,"William """"Will"""" Boddie, Jr",403,288,58,0,57
Towns,Hiawassee,Commissioner of Labor,,Dem,"William """"Will"""" Boddie, Jr",727,509,125,0,93
Towns,Young Harris,Commissioner of Labor,,Lib,Emily Anderson,27,13,0,1,13
Towns,Hiawassee,Commissioner of Labor,,Lib,Emily Anderson,99,62,9,0,28
Towns,Young Harris,U.S. House,,Rep,Andrew Clyde ,1747,1017,85,3,642
Towns,Hiawassee,U.S. House,,Rep,Andrew Clyde ,4131,2926,223,2,980
Towns,Young Harris,U.S. House,,Dem,"Michael """"Mike"""" Ford",430,305,57,1,67
Towns,Hiawassee,U.S. House,,Dem,"Michael """"Mike"""" Ford",821,580,143,0,98
Towns,Young Harris,State Senate,,Rep,Bo Hatchett ,1764,1033,86,3,642
Towns,Hiawassee,State Senate,,Rep,Bo Hatchett ,4168,2946,232,2,988
Towns,Young Harris,State Senate,,Dem,Paulette Williams,411,294,53,1,63
Towns,Hiawassee,State Senate,,Dem,Paulette Williams,764,546,134,0,84
Towns,Young Harris,State House,,Rep,Stan Gunter ,1779,1046,82,3,648
Towns,Hiawassee,State House,,Rep,Stan Gunter ,4167,2949,239,2,977
Towns,Young Harris,State House,,Dem,June Krise,406,286,58,1,61
Towns,Hiawassee,State House,,Dem,June Krise,765,542,131,0,92
Towns,Young Harris,District Attorney,,Rep,Jeff Langley ,1987,1184,120,4,679
Towns,Hiawassee,District Attorney,,Rep,Jeff Langley ,4517,3210,278,2,1027
Towns,Young Harris,Soil and Water Conservation District Supervisor,,,Virginia Dyer Palmer ,1905,1155,115,4,631
Towns,Hiawassee,Soil and Water Conservation District Supervisor,,,Virginia Dyer Palmer ,4285,3053,270,2,960
Towns,Young Harris,Proposed Constitutional Amendment 1,,,Yes,1917,1171,127,3,616
Towns,Hiawassee,Proposed Constitutional Amendment 1,,,Yes,4305,3070,335,2,898
Towns,Young Harris,Proposed Constitutional Amendment 1,,,No,185,111,11,1,62
Towns,Hiawassee,Proposed Constitutional Amendment 1,,,No,488,332,16,0,140
Towns,Young Harris,Proposed Constitutional Amendment 2,,,Yes,1973,1196,128,4,645
Towns,Hiawassee,Proposed Constitutional Amendment 2,,,Yes,4438,3128,335,2,973
Towns,Young Harris,Proposed Constitutional Amendment 2,,,No,144,95,9,0,40
Towns,Hiawassee,Proposed Constitutional Amendment 2,,,No,385,293,20,0,72
Towns,Young Harris,Statewide Referendum Question 1,,,Yes,1271,728,72,3,468
Towns,Hiawassee,Statewide Referendum Question 1,,,Yes,2953,2041,179,2,731
Towns,Young Harris,Statewide Referendum Question 1,,,No,793,525,60,1,207
Towns,Hiawassee,Statewide Referendum Question 1,,,No,1764,1305,160,0,299
Towns,Young Harris,Statewide Referendum Question 2,,,Yes,1680,1005,89,4,582
Towns,Hiawassee,Statewide Referendum Question 2,,,Yes,3836,2698,250,2,886
Towns,Young Harris,Statewide Referendum Question 2,,,No,404,265,38,0,101
Towns,Hiawassee,Statewide Referendum Question 2,,,No,913,679,81,0,153
