county,precinct,office,district,party,candidate,votes,advance_voting_votes,absentee_by_mail_votes,provisional_votes,election_day_votes
Brantley,Hoboken,U.S. Senate,,Rep,Herschel Walker,1708,797,33,0,878
Brantley,Nahunta,U.S. Senate,,Rep,Herschel Walker,1909,1088,48,0,773
Brantley,Waynesville,U.S. Senate,,Rep,Herschel Walker,1658,696,15,0,947
Brantley,Hoboken,U.S. Senate,,Dem,Raphael Warnock ,112,60,5,0,47
Brantley,Nahunta,U.S. Senate,,Dem,Raphael Warnock ,182,104,8,0,70
Brantley,Waynesville,U.S. Senate,,Dem,Raphael Warnock ,183,83,15,0,85
Brantley,Hoboken,U.S. Senate,,L,Chase Oliver,27,9,0,0,18
Brantley,Nahunta,U.S. Senate,,L,Chase Oliver,28,12,1,0,15
Brantley,Waynesville,U.S. Senate,,L,Chase Oliver,39,17,0,0,22
Brantley,Hoboken,Governor,,Rep,Brian Kemp ,1751,819,35,0,897
Brantley,Nahunta,Governor,,Rep,Brian Kemp ,1954,1108,49,0,797
Brantley,Waynesville,Governor,,Rep,Brian Kemp ,1711,725,15,0,971
Brantley,Hoboken,Governor,,Dem,Stacey Abrams,86,49,6,0,31
Brantley,Nahunta,Governor,,Dem,Stacey Abrams,151,89,8,0,54
Brantley,Waynesville,Governor,,Dem,Stacey Abrams,156,70,15,0,71
Brantley,Hoboken,Governor,,L,Shane Hazel,12,0,0,0,12
Brantley,Nahunta,Governor,,L,Shane Hazel,21,11,2,0,8
Brantley,Waynesville,Governor,,L,Shane Hazel,17,3,0,0,14
Brantley,Hoboken,Lieutenant Governor,,Rep,Burt Jones,1727,811,35,0,881
Brantley,Nahunta,Lieutenant Governor,,Rep,Burt Jones,1922,1094,51,0,777
Brantley,Waynesville,Lieutenant Governor,,Rep,Burt Jones,1685,715,14,0,956
Brantley,Hoboken,Lieutenant Governor,,Dem,Charlie Bailey,92,51,6,0,35
Brantley,Nahunta,Lieutenant Governor,,Dem,Charlie Bailey,154,90,8,0,56
Brantley,Waynesville,Lieutenant Governor,,Dem,Charlie Bailey,169,78,15,0,76
Brantley,Hoboken,Lieutenant Governor,,L,Ryan Graham,24,2,0,0,22
Brantley,Nahunta,Lieutenant Governor,,L,Ryan Graham,24,9,0,0,15
Brantley,Waynesville,Lieutenant Governor,,L,Ryan Graham,19,4,0,0,15
Brantley,Hoboken,Secretary of State,,Rep,Brad Raffensperger ,1679,781,34,0,864
Brantley,Nahunta,Secretary of State,,Rep,Brad Raffensperger ,1885,1076,51,0,758
Brantley,Waynesville,Secretary of State,,Rep,Brad Raffensperger ,1641,692,15,0,934
Brantley,Hoboken,Secretary of State,,Dem,Bee Nguyen,89,48,6,0,35
Brantley,Nahunta,Secretary of State,,Dem,Bee Nguyen,143,84,7,0,52
Brantley,Waynesville,Secretary of State,,Dem,Bee Nguyen,152,69,14,0,69
Brantley,Hoboken,Secretary of State,,L,Ted Metz,56,29,1,0,26
Brantley,Nahunta,Secretary of State,,L,Ted Metz,63,27,1,0,35
Brantley,Waynesville,Secretary of State,,L,Ted Metz,77,31,1,0,45
Brantley,Hoboken,Attorney General,,Rep,Chris Carr ,1718,807,35,0,876
Brantley,Nahunta,Attorney General,,Rep,Chris Carr ,1898,1082,49,0,767
Brantley,Waynesville,Attorney General,,Rep,Chris Carr ,1682,717,15,0,950
Brantley,Hoboken,Attorney General,,Dem,"Jennifer """"Jen"""" Jordan",103,54,6,0,43
Brantley,Nahunta,Attorney General,,Dem,"Jennifer """"Jen"""" Jordan",179,102,10,0,67
Brantley,Waynesville,Attorney General,,Dem,"Jennifer """"Jen"""" Jordan",177,79,14,0,84
Brantley,Hoboken,Attorney General,,L,Martin Cowen,24,5,0,0,19
Brantley,Nahunta,Attorney General,,L,Martin Cowen,27,14,0,0,13
Brantley,Waynesville,Attorney General,,L,Martin Cowen,20,2,0,0,18
Brantley,Hoboken,Commissioner of Agriculture,,Rep,Tyler Harper,1743,813,35,0,895
Brantley,Nahunta,Commissioner of Agriculture,,Rep,Tyler Harper,1922,1096,51,0,775
Brantley,Waynesville,Commissioner of Agriculture,,Rep,Tyler Harper,1687,710,15,0,962
Brantley,Hoboken,Commissioner of Agriculture,,Dem,Nakita Hemingway,88,48,6,0,34
Brantley,Nahunta,Commissioner of Agriculture,,Dem,Nakita Hemingway,151,90,5,0,56
Brantley,Waynesville,Commissioner of Agriculture,,Dem,Nakita Hemingway,161,77,15,0,69
Brantley,Hoboken,Commissioner of Agriculture,,L,David Raudabaugh,15,4,0,0,11
Brantley,Nahunta,Commissioner of Agriculture,,L,David Raudabaugh,26,10,2,0,14
Brantley,Waynesville,Commissioner of Agriculture,,L,David Raudabaugh,27,6,0,0,21
Brantley,Hoboken,Commissioner of Insurance,,Rep,John King ,1732,806,35,0,891
Brantley,Nahunta,Commissioner of Insurance,,Rep,John King ,1924,1093,51,0,780
Brantley,Waynesville,Commissioner of Insurance,,Rep,John King ,1698,717,15,0,966
Brantley,Hoboken,Commissioner of Insurance,,Dem,Janice Laws Robinson,100,54,6,0,40
Brantley,Nahunta,Commissioner of Insurance,,Dem,Janice Laws Robinson,175,101,8,0,66
Brantley,Waynesville,Commissioner of Insurance,,Dem,Janice Laws Robinson,175,76,15,0,84
Brantley,Hoboken,State School Superintendent,,Rep,Richard Woods ,1745,815,35,0,895
Brantley,Nahunta,State School Superintendent,,Rep,Richard Woods ,1937,1101,52,0,784
Brantley,Waynesville,State School Superintendent,,Rep,Richard Woods ,1696,717,15,0,964
Brantley,Hoboken,State School Superintendent,,Dem,Alisha Thomas Searcy,97,50,6,0,41
Brantley,Nahunta,State School Superintendent,,Dem,Alisha Thomas Searcy,168,95,7,0,66
Brantley,Waynesville,State School Superintendent,,Dem,Alisha Thomas Searcy,179,78,15,0,86
Brantley,Hoboken,Commissioner of Labor,,Rep,Bruce Thompson,1723,806,35,0,882
Brantley,Nahunta,Commissioner of Labor,,Rep,Bruce Thompson,1905,1088,50,0,767
Brantley,Waynesville,Commissioner of Labor,,Rep,Bruce Thompson,1682,710,15,0,957
Brantley,Hoboken,Commissioner of Labor,,Dem,"William """"Will"""" Boddie, Jr",99,54,6,0,39
Brantley,Nahunta,Commissioner of Labor,,Dem,"William """"Will"""" Boddie, Jr",157,95,6,0,56
Brantley,Waynesville,Commissioner of Labor,,Dem,"William """"Will"""" Boddie, Jr",169,79,15,0,75
Brantley,Hoboken,Commissioner of Labor,,L,Emily Anderson,20,3,0,0,17
Brantley,Nahunta,Commissioner of Labor,,L,Emily Anderson,33,11,2,0,20
Brantley,Waynesville,Commissioner of Labor,,L,Emily Anderson,29,8,0,0,21
Brantley,Hoboken,U.S. House,,Rep,"Earl L. """"Buddy"""" Carter ",1747,810,35,0,902
Brantley,Nahunta,U.S. House,,Rep,"Earl L. """"Buddy"""" Carter ",1947,1101,52,0,794
Brantley,Waynesville,U.S. House,,Rep,"Earl L. """"Buddy"""" Carter ",1710,718,15,0,977
Brantley,Hoboken,U.S. House,,Dem,Wade Herring,97,56,6,0,35
Brantley,Nahunta,U.S. House,,Dem,Wade Herring,163,99,7,0,57
Brantley,Waynesville,U.S. House,,Dem,Wade Herring,171,80,15,0,76
Brantley,Hoboken,State Senate,,Rep,Mike Hodges,1768,824,36,0,908
Brantley,Nahunta,State Senate,,Rep,Mike Hodges,1979,1127,51,0,801
Brantley,Waynesville,State Senate,,Rep,Mike Hodges,1772,749,16,0,1007
Brantley,Hoboken,State House,,Rep,John L. Corbett ,1746,807,36,0,903
Brantley,Nahunta,State House,,Rep,John L. Corbett ,1956,1111,50,0,795
Brantley,Waynesville,State House,,Rep,John L. Corbett ,1751,738,16,0,997
Brantley,Hoboken,District Attorney,,Rep,Marilyn Bennett,1767,819,36,0,912
Brantley,Nahunta,District Attorney,,Rep,Marilyn Bennett,1967,1114,53,0,800
Brantley,Waynesville,District Attorney,,Rep,Marilyn Bennett,1769,747,16,0,1006
Brantley,Hoboken,County Commissioner, Post 4,Rep,Brian Hendrix ,1690,781,33,0,876
Brantley,Nahunta,County Commissioner, Post 4,Rep,Brian Hendrix ,1817,1014,47,0,756
Brantley,Waynesville,County Commissioner, Post 4,Rep,Brian Hendrix ,1700,714,17,0,969
Brantley,Hoboken,County Commissioner, Post 5,Rep,Andy Riggins,1737,805,36,0,896
Brantley,Nahunta,County Commissioner, Post 5,Rep,Andy Riggins,1955,1105,52,0,798
Brantley,Waynesville,County Commissioner, Post 5,Rep,Andy Riggins,1743,736,15,0,992
Brantley,Hoboken,Constitutional Amendment #1,,,Yes,1572,763,37,0,772
Brantley,Nahunta,Constitutional Amendment #1,,,Yes,1743,988,49,0,706
Brantley,Waynesville,Constitutional Amendment #1,,,Yes,1607,682,27,0,898
Brantley,Hoboken,Constitutional Amendment #1,,,No,182,67,1,0,114
Brantley,Nahunta,Constitutional Amendment #1,,,No,256,140,6,0,110
Brantley,Waynesville,Constitutional Amendment #1,,,No,226,93,2,0,131
Brantley,Hoboken,Constitutional Amendment #2,,,Yes,1563,749,35,0,779
Brantley,Nahunta,Constitutional Amendment #2,,,Yes,1804,1018,52,0,734
Brantley,Waynesville,Constitutional Amendment #2,,,Yes,1685,712,27,0,946
Brantley,Hoboken,Constitutional Amendment #2,,,No,199,88,4,0,107
Brantley,Nahunta,Constitutional Amendment #2,,,No,212,123,3,0,86
Brantley,Waynesville,Constitutional Amendment #2,,,No,162,69,3,0,90
Brantley,Hoboken,Statewide Referendum A,,,Yes,1021,450,17,0,554
Brantley,Nahunta,Statewide Referendum A,,,Yes,1157,622,30,0,505
Brantley,Waynesville,Statewide Referendum A,,,Yes,1099,453,9,0,637
Brantley,Hoboken,Statewide Referendum A,,,No,718,373,21,0,324
Brantley,Nahunta,Statewide Referendum A,,,No,823,493,23,0,307
Brantley,Waynesville,Statewide Referendum A,,,No,726,320,20,0,386
Brantley,Hoboken,Statewide Referendum B,,,Yes,1329,605,26,0,698
Brantley,Nahunta,Statewide Referendum B,,,Yes,1540,851,40,0,649
Brantley,Waynesville,Statewide Referendum B,,,Yes,1470,612,17,0,841
Brantley,Hoboken,Statewide Referendum B,,,No,422,221,13,0,188
Brantley,Nahunta,Statewide Referendum B,,,No,453,272,15,0,166
Brantley,Waynesville,Statewide Referendum B,,,No,364,168,13,0,183
