county,precinct,office,district,party,candidate,votes,advance_voting_votes,absentee_by_mail_votes,provisional_votes,election_day_votes
Bartow,Adairsville,U.S. Senate,,Rep,Herschel Walker,2915,1543,75,3,1294
Bartow,Allatoona,U.S. Senate,,Rep,Herschel Walker,1417,728,32,1,656
Bartow,Cartersville East,U.S. Senate,,Rep,Herschel Walker,2079,1201,111,2,765
Bartow,Cartersville West,U.S. Senate,,Rep,Herschel Walker,3360,2175,119,1,1065
Bartow,Cassville,U.S. Senate,,Rep,Herschel Walker,1508,867,62,0,579
Bartow,Center,U.S. Senate,,Rep,Herschel Walker,1920,925,67,1,927
Bartow,Emerson,U.S. Senate,,Rep,Herschel Walker,1250,531,42,1,676
Bartow,Euharlee,U.S. Senate,,Rep,Herschel Walker,2234,1010,45,2,1177
Bartow,Folsom,U.S. Senate,,Rep,Herschel Walker,705,226,17,1,461
Bartow,Kingston,U.S. Senate,,Rep,Herschel Walker,1281,491,28,0,762
Bartow,Mission Road,U.S. Senate,,Rep,Herschel Walker,1599,905,62,2,630
Bartow,Pine Log,U.S. Senate,,Rep,Herschel Walker,1168,379,28,2,759
Bartow,Taylorsville,U.S. Senate,,Rep,Herschel Walker,1507,469,25,0,1013
Bartow,White,U.S. Senate,,Rep,Herschel Walker,1360,562,37,1,760
Bartow,Zena Drive,U.S. Senate,,Rep,Herschel Walker,1698,944,82,4,668
Bartow,Hamilton Crossing,U.S. Senate,,Rep,Herschel Walker,2667,1530,100,2,1035
Bartow,Woodland,U.S. Senate,,Rep,Herschel Walker,693,297,41,2,353
Bartow,Adairsville,U.S. Senate,,Dem,Raphael Warnock ,790,485,62,1,242
Bartow,Allatoona,U.S. Senate,,Dem,Raphael Warnock ,544,316,42,0,186
Bartow,Cartersville East,U.S. Senate,,Dem,Raphael Warnock ,1097,636,116,0,345
Bartow,Cartersville West,U.S. Senate,,Dem,Raphael Warnock ,1378,850,121,1,406
Bartow,Cassville,U.S. Senate,,Dem,Raphael Warnock ,599,371,59,2,167
Bartow,Center,U.S. Senate,,Dem,Raphael Warnock ,454,242,55,0,157
Bartow,Emerson,U.S. Senate,,Dem,Raphael Warnock ,336,153,49,0,134
Bartow,Euharlee,U.S. Senate,,Dem,Raphael Warnock ,653,318,50,0,285
Bartow,Folsom,U.S. Senate,,Dem,Raphael Warnock ,92,28,12,1,51
Bartow,Kingston,U.S. Senate,,Dem,Raphael Warnock ,250,95,21,0,134
Bartow,Mission Road,U.S. Senate,,Dem,Raphael Warnock ,552,341,50,0,161
Bartow,Pine Log,U.S. Senate,,Dem,Raphael Warnock ,133,51,13,0,69
Bartow,Taylorsville,U.S. Senate,,Dem,Raphael Warnock ,158,70,12,0,76
Bartow,White,U.S. Senate,,Dem,Raphael Warnock ,240,90,18,0,132
Bartow,Zena Drive,U.S. Senate,,Dem,Raphael Warnock ,965,575,95,0,295
Bartow,Hamilton Crossing,U.S. Senate,,Dem,Raphael Warnock ,881,510,99,0,272
Bartow,Woodland,U.S. Senate,,Dem,Raphael Warnock ,227,136,21,0,70
Bartow,Adairsville,U.S. Senate,,Lib,Chase Oliver,98,38,5,0,55
Bartow,Allatoona,U.S. Senate,,Lib,Chase Oliver,63,26,4,0,33
Bartow,Cartersville East,U.S. Senate,,Lib,Chase Oliver,85,45,4,0,36
Bartow,Cartersville West,U.S. Senate,,Lib,Chase Oliver,111,55,8,0,48
Bartow,Cassville,U.S. Senate,,Lib,Chase Oliver,64,28,4,0,32
Bartow,Center,U.S. Senate,,Lib,Chase Oliver,68,24,3,0,41
Bartow,Emerson,U.S. Senate,,Lib,Chase Oliver,53,8,8,0,37
Bartow,Euharlee,U.S. Senate,,Lib,Chase Oliver,67,19,1,0,47
Bartow,Folsom,U.S. Senate,,Lib,Chase Oliver,14,4,0,0,10
Bartow,Kingston,U.S. Senate,,Lib,Chase Oliver,43,15,1,0,27
Bartow,Mission Road,U.S. Senate,,Lib,Chase Oliver,60,26,3,0,31
Bartow,Pine Log,U.S. Senate,,Lib,Chase Oliver,37,6,6,0,25
Bartow,Taylorsville,U.S. Senate,,Lib,Chase Oliver,52,12,4,0,36
Bartow,White,U.S. Senate,,Lib,Chase Oliver,39,14,0,0,25
Bartow,Zena Drive,U.S. Senate,,Lib,Chase Oliver,71,33,7,0,31
Bartow,Hamilton Crossing,U.S. Senate,,Lib,Chase Oliver,89,50,5,0,34
Bartow,Woodland,U.S. Senate,,Lib,Chase Oliver,39,15,2,0,22
Bartow,Adairsville,Governor,,Rep,Brian Kemp ,3112,1643,91,3,1375
Bartow,Allatoona,Governor,,Rep,Brian Kemp ,1541,797,40,1,703
Bartow,Cartersville East,Governor,,Rep,Brian Kemp ,2269,1301,126,2,840
Bartow,Cartersville West,Governor,,Rep,Brian Kemp ,3686,2365,139,1,1181
Bartow,Cassville,Governor,,Rep,Brian Kemp ,1603,916,70,0,617
Bartow,Center,Governor,,Rep,Brian Kemp ,2043,973,76,1,993
Bartow,Emerson,Governor,,Rep,Brian Kemp ,1355,565,58,1,731
Bartow,Euharlee,Governor,,Rep,Brian Kemp ,2377,1056,52,2,1267
Bartow,Folsom,Governor,,Rep,Brian Kemp ,738,235,19,2,482
Bartow,Kingston,Governor,,Rep,Brian Kemp ,1352,517,36,0,799
Bartow,Mission Road,Governor,,Rep,Brian Kemp ,1707,954,74,2,677
Bartow,Pine Log,Governor,,Rep,Brian Kemp ,1230,391,34,2,803
Bartow,Taylorsville,Governor,,Rep,Brian Kemp ,1595,494,29,0,1072
Bartow,White,Governor,,Rep,Brian Kemp ,1444,600,43,1,800
Bartow,Zena Drive,Governor,,Rep,Brian Kemp ,1852,1021,102,3,726
Bartow,Hamilton Crossing,Governor,,Rep,Brian Kemp ,2855,1628,114,3,1110
Bartow,Woodland,Governor,,Rep,Brian Kemp ,769,326,51,2,390
Bartow,Adairsville,Governor,,Dem,Stacey Abrams,691,427,53,1,210
Bartow,Allatoona,Governor,,Dem,Stacey Abrams,474,274,40,0,160
Bartow,Cartersville East,Governor,,Dem,Stacey Abrams,991,582,106,0,303
Bartow,Cartersville West,Governor,,Dem,Stacey Abrams,1162,722,107,1,332
Bartow,Cassville,Governor,,Dem,Stacey Abrams,553,347,54,2,150
Bartow,Center,Governor,,Dem,Stacey Abrams,382,214,49,0,119
Bartow,Emerson,Governor,,Dem,Stacey Abrams,278,125,42,0,111
Bartow,Euharlee,Governor,,Dem,Stacey Abrams,568,288,43,0,237
Bartow,Folsom,Governor,,Dem,Stacey Abrams,70,23,11,0,36
Bartow,Kingston,Governor,,Dem,Stacey Abrams,207,84,16,0,107
Bartow,Mission Road,Governor,,Dem,Stacey Abrams,502,316,45,0,141
Bartow,Pine Log,Governor,,Dem,Stacey Abrams,97,41,12,0,44
Bartow,Taylorsville,Governor,,Dem,Stacey Abrams,119,56,11,0,52
Bartow,White,Governor,,Dem,Stacey Abrams,195,73,14,0,108
Bartow,Zena Drive,Governor,,Dem,Stacey Abrams,883,538,84,1,260
Bartow,Hamilton Crossing,Governor,,Dem,Stacey Abrams,773,458,89,0,226
Bartow,Woodland,Governor,,Dem,Stacey Abrams,192,125,14,0,53
Bartow,Adairsville,Governor,,Lib,Shane Hazel,24,9,0,0,15
Bartow,Allatoona,Governor,,Lib,Shane Hazel,26,8,1,0,17
Bartow,Cartersville East,Governor,,Lib,Shane Hazel,31,16,2,0,13
Bartow,Cartersville West,Governor,,Lib,Shane Hazel,28,14,2,0,12
Bartow,Cassville,Governor,,Lib,Shane Hazel,20,8,1,0,11
Bartow,Center,Governor,,Lib,Shane Hazel,26,9,0,0,17
Bartow,Emerson,Governor,,Lib,Shane Hazel,20,5,1,0,14
Bartow,Euharlee,Governor,,Lib,Shane Hazel,21,7,0,0,14
Bartow,Folsom,Governor,,Lib,Shane Hazel,5,2,0,0,3
Bartow,Kingston,Governor,,Lib,Shane Hazel,21,2,0,0,19
Bartow,Mission Road,Governor,,Lib,Shane Hazel,19,7,1,0,11
Bartow,Pine Log,Governor,,Lib,Shane Hazel,16,4,1,0,11
Bartow,Taylorsville,Governor,,Lib,Shane Hazel,15,1,1,0,13
Bartow,White,Governor,,Lib,Shane Hazel,15,2,0,0,13
Bartow,Zena Drive,Governor,,Lib,Shane Hazel,19,6,1,0,12
Bartow,Hamilton Crossing,Governor,,Lib,Shane Hazel,20,9,1,0,10
Bartow,Woodland,Governor,,Lib,Shane Hazel,6,2,0,0,4
Bartow,Adairsville,Lieutenant Governor,,Rep,Burt Jones,3011,1587,85,2,1337
Bartow,Allatoona,Lieutenant Governor,,Rep,Burt Jones,1475,764,35,1,675
Bartow,Cartersville East,Lieutenant Governor,,Rep,Burt Jones,2156,1251,114,2,789
Bartow,Cartersville West,Lieutenant Governor,,Rep,Burt Jones,3532,2294,131,1,1106
Bartow,Cassville,Lieutenant Governor,,Rep,Burt Jones,1543,888,66,0,589
Bartow,Center,Lieutenant Governor,,Rep,Burt Jones,1971,942,72,1,956
Bartow,Emerson,Lieutenant Governor,,Rep,Burt Jones,1283,529,53,1,700
Bartow,Euharlee,Lieutenant Governor,,Rep,Burt Jones,2294,1025,47,2,1220
Bartow,Folsom,Lieutenant Governor,,Rep,Burt Jones,717,231,17,1,468
Bartow,Kingston,Lieutenant Governor,,Rep,Burt Jones,1317,509,33,0,775
Bartow,Mission Road,Lieutenant Governor,,Rep,Burt Jones,1657,930,71,2,654
Bartow,Pine Log,Lieutenant Governor,,Rep,Burt Jones,1195,384,34,2,775
Bartow,Taylorsville,Lieutenant Governor,,Rep,Burt Jones,1547,485,29,0,1033
Bartow,White,Lieutenant Governor,,Rep,Burt Jones,1391,577,41,1,772
Bartow,Zena Drive,Lieutenant Governor,,Rep,Burt Jones,1763,976,97,3,687
Bartow,Hamilton Crossing,Lieutenant Governor,,Rep,Burt Jones,2757,1576,107,3,1071
Bartow,Woodland,Lieutenant Governor,,Rep,Burt Jones,744,318,45,2,379
Bartow,Adairsville,Lieutenant Governor,,Dem,Charlie Bailey,707,442,58,1,206
Bartow,Allatoona,Lieutenant Governor,,Dem,Charlie Bailey,496,293,39,0,164
Bartow,Cartersville East,Lieutenant Governor,,Dem,Charlie Bailey,1008,596,108,0,304
Bartow,Cartersville West,Lieutenant Governor,,Dem,Charlie Bailey,1185,743,107,1,334
Bartow,Cassville,Lieutenant Governor,,Dem,Charlie Bailey,562,356,57,1,148
Bartow,Center,Lieutenant Governor,,Dem,Charlie Bailey,400,222,48,0,130
Bartow,Emerson,Lieutenant Governor,,Dem,Charlie Bailey,314,144,46,0,124
Bartow,Euharlee,Lieutenant Governor,,Dem,Charlie Bailey,586,297,47,0,242
Bartow,Folsom,Lieutenant Governor,,Dem,Charlie Bailey,75,23,11,1,40
Bartow,Kingston,Lieutenant Governor,,Dem,Charlie Bailey,220,86,17,0,117
Bartow,Mission Road,Lieutenant Governor,,Dem,Charlie Bailey,507,319,48,0,140
Bartow,Pine Log,Lieutenant Governor,,Dem,Charlie Bailey,108,44,12,0,52
Bartow,Taylorsville,Lieutenant Governor,,Dem,Charlie Bailey,135,58,10,0,67
Bartow,White,Lieutenant Governor,,Dem,Charlie Bailey,212,85,16,0,111
Bartow,Zena Drive,Lieutenant Governor,,Dem,Charlie Bailey,889,540,86,0,263
Bartow,Hamilton Crossing,Lieutenant Governor,,Dem,Charlie Bailey,794,477,91,0,226
Bartow,Woodland,Lieutenant Governor,,Dem,Charlie Bailey,196,125,19,0,52
Bartow,Adairsville,Lieutenant Governor,,Lib,Ryan Graham,84,35,1,1,47
Bartow,Allatoona,Lieutenant Governor,,Lib,Ryan Graham,58,18,5,0,35
Bartow,Cartersville East,Lieutenant Governor,,Lib,Ryan Graham,80,27,8,0,45
Bartow,Cartersville West,Lieutenant Governor,,Lib,Ryan Graham,111,43,6,0,62
Bartow,Cassville,Lieutenant Governor,,Lib,Ryan Graham,54,17,1,1,35
Bartow,Center,Lieutenant Governor,,Lib,Ryan Graham,67,27,2,0,38
Bartow,Emerson,Lieutenant Governor,,Lib,Ryan Graham,45,17,1,0,27
Bartow,Euharlee,Lieutenant Governor,,Lib,Ryan Graham,62,17,0,0,45
Bartow,Folsom,Lieutenant Governor,,Lib,Ryan Graham,16,6,0,0,10
Bartow,Kingston,Lieutenant Governor,,Lib,Ryan Graham,36,6,0,0,30
Bartow,Mission Road,Lieutenant Governor,,Lib,Ryan Graham,50,19,1,0,30
Bartow,Pine Log,Lieutenant Governor,,Lib,Ryan Graham,33,6,1,0,26
Bartow,Taylorsville,Lieutenant Governor,,Lib,Ryan Graham,34,6,2,0,26
Bartow,White,Lieutenant Governor,,Lib,Ryan Graham,38,7,2,0,29
Bartow,Zena Drive,Lieutenant Governor,,Lib,Ryan Graham,73,33,3,0,37
Bartow,Hamilton Crossing,Lieutenant Governor,,Lib,Ryan Graham,73,35,4,0,34
Bartow,Woodland,Lieutenant Governor,,Lib,Ryan Graham,22,8,1,0,13
Bartow,Adairsville,Secretary of State,,Rep,Brad Raffensperger ,2957,1558,89,3,1307
Bartow,Allatoona,Secretary of State,,Rep,Brad Raffensperger ,1472,764,40,1,667
Bartow,Cartersville East,Secretary of State,,Rep,Brad Raffensperger ,2173,1248,126,2,797
Bartow,Cartersville West,Secretary of State,,Rep,Brad Raffensperger ,3572,2315,148,1,1108
Bartow,Cassville,Secretary of State,,Rep,Brad Raffensperger ,1526,882,68,0,576
Bartow,Center,Secretary of State,,Rep,Brad Raffensperger ,1937,925,71,1,940
Bartow,Emerson,Secretary of State,,Rep,Brad Raffensperger ,1273,535,59,1,678
Bartow,Euharlee,Secretary of State,,Rep,Brad Raffensperger ,2265,1013,50,2,1200
Bartow,Folsom,Secretary of State,,Rep,Brad Raffensperger ,705,227,17,1,460
Bartow,Kingston,Secretary of State,,Rep,Brad Raffensperger ,1283,492,37,0,754
Bartow,Mission Road,Secretary of State,,Rep,Brad Raffensperger ,1619,902,72,2,643
Bartow,Pine Log,Secretary of State,,Rep,Brad Raffensperger ,1160,374,32,2,752
Bartow,Taylorsville,Secretary of State,,Rep,Brad Raffensperger ,1511,466,33,0,1012
Bartow,White,Secretary of State,,Rep,Brad Raffensperger ,1346,552,42,1,751
Bartow,Zena Drive,Secretary of State,,Rep,Brad Raffensperger ,1792,990,105,3,694
Bartow,Hamilton Crossing,Secretary of State,,Rep,Brad Raffensperger ,2740,1559,121,3,1057
Bartow,Woodland,Secretary of State,,Rep,Brad Raffensperger ,719,309,47,2,361
Bartow,Adairsville,Secretary of State,,Dem,Bee Nguyen,675,416,50,1,208
Bartow,Allatoona,Secretary of State,,Dem,Bee Nguyen,451,262,36,0,153
Bartow,Cartersville East,Secretary of State,,Dem,Bee Nguyen,948,562,99,0,287
Bartow,Cartersville West,Secretary of State,,Dem,Bee Nguyen,1090,673,97,1,319
Bartow,Cassville,Secretary of State,,Dem,Bee Nguyen,534,334,55,2,143
Bartow,Center,Secretary of State,,Dem,Bee Nguyen,373,208,48,0,117
Bartow,Emerson,Secretary of State,,Dem,Bee Nguyen,280,126,37,0,117
Bartow,Euharlee,Secretary of State,,Dem,Bee Nguyen,565,282,40,0,243
Bartow,Folsom,Secretary of State,,Dem,Bee Nguyen,74,24,11,1,38
Bartow,Kingston,Secretary of State,,Dem,Bee Nguyen,218,87,15,0,116
Bartow,Mission Road,Secretary of State,,Dem,Bee Nguyen,487,306,43,0,138
Bartow,Pine Log,Secretary of State,,Dem,Bee Nguyen,103,41,13,0,49
Bartow,Taylorsville,Secretary of State,,Dem,Bee Nguyen,122,51,7,0,64
Bartow,White,Secretary of State,,Dem,Bee Nguyen,194,79,15,0,100
Bartow,Zena Drive,Secretary of State,,Dem,Bee Nguyen,842,514,82,0,246
Bartow,Hamilton Crossing,Secretary of State,,Dem,Bee Nguyen,729,439,73,0,217
Bartow,Woodland,Secretary of State,,Dem,Bee Nguyen,198,127,15,0,56
Bartow,Adairsville,Secretary of State,,Lib,Ted Metz,160,80,4,0,76
Bartow,Allatoona,Secretary of State,,Lib,Ted Metz,101,45,3,0,53
Bartow,Cartersville East,Secretary of State,,Lib,Ted Metz,126,60,9,0,57
Bartow,Cartersville West,Secretary of State,,Lib,Ted Metz,162,82,2,0,78
Bartow,Cassville,Secretary of State,,Lib,Ted Metz,97,39,2,0,56
Bartow,Center,Secretary of State,,Lib,Ted Metz,118,50,4,0,64
Bartow,Emerson,Secretary of State,,Lib,Ted Metz,78,25,5,0,48
Bartow,Euharlee,Secretary of State,,Lib,Ted Metz,101,36,2,0,63
Bartow,Folsom,Secretary of State,,Lib,Ted Metz,27,8,0,0,19
Bartow,Kingston,Secretary of State,,Lib,Ted Metz,67,18,0,0,49
Bartow,Mission Road,Secretary of State,,Lib,Ted Metz,91,52,3,0,36
Bartow,Pine Log,Secretary of State,,Lib,Ted Metz,62,17,1,0,44
Bartow,Taylorsville,Secretary of State,,Lib,Ted Metz,77,30,1,0,46
Bartow,White,Secretary of State,,Lib,Ted Metz,86,32,1,0,53
Bartow,Zena Drive,Secretary of State,,Lib,Ted Metz,97,50,0,0,47
Bartow,Hamilton Crossing,Secretary of State,,Lib,Ted Metz,142,78,8,0,56
Bartow,Woodland,Secretary of State,,Lib,Ted Metz,44,16,3,0,25
Bartow,Adairsville,Attorney General,,Rep,Chris Carr ,3006,1594,87,3,1322
Bartow,Allatoona,Attorney General,,Rep,Chris Carr ,1487,767,39,1,680
Bartow,Cartersville East,Attorney General,,Rep,Chris Carr ,2181,1271,120,2,788
Bartow,Cartersville West,Attorney General,,Rep,Chris Carr ,3563,2303,140,1,1119
Bartow,Cassville,Attorney General,,Rep,Chris Carr ,1568,902,68,0,598
Bartow,Center,Attorney General,,Rep,Chris Carr ,1981,942,69,1,969
Bartow,Emerson,Attorney General,,Rep,Chris Carr ,1302,541,54,1,706
Bartow,Euharlee,Attorney General,,Rep,Chris Carr ,2307,1034,48,2,1223
Bartow,Folsom,Attorney General,,Rep,Chris Carr ,710,230,16,1,463
Bartow,Kingston,Attorney General,,Rep,Chris Carr ,1311,503,35,0,773
Bartow,Mission Road,Attorney General,,Rep,Chris Carr ,1652,921,72,2,657
Bartow,Pine Log,Attorney General,,Rep,Chris Carr ,1197,384,33,2,778
Bartow,Taylorsville,Attorney General,,Rep,Chris Carr ,1546,483,29,0,1034
Bartow,White,Attorney General,,Rep,Chris Carr ,1394,576,40,1,777
Bartow,Zena Drive,Attorney General,,Rep,Chris Carr ,1791,992,95,3,701
Bartow,Hamilton Crossing,Attorney General,,Rep,Chris Carr ,2764,1583,110,3,1068
Bartow,Woodland,Attorney General,,Rep,Chris Carr ,744,318,47,2,377
Bartow,Adairsville,Attorney General,,Dem,"Jennifer """"Jen"""" Jordan",723,446,56,1,220
Bartow,Allatoona,Attorney General,,Dem,"Jennifer """"Jen"""" Jordan",492,286,38,0,168
Bartow,Cartersville East,Attorney General,,Dem,"Jennifer """"Jen"""" Jordan",1013,594,105,0,314
Bartow,Cartersville West,Attorney General,,Dem,"Jennifer """"Jen"""" Jordan",1206,752,104,1,349
Bartow,Cassville,Attorney General,,Dem,"Jennifer """"Jen"""" Jordan",556,346,54,1,155
Bartow,Center,Attorney General,,Dem,"Jennifer """"Jen"""" Jordan",417,230,53,0,134
Bartow,Emerson,Attorney General,,Dem,"Jennifer """"Jen"""" Jordan",310,140,43,0,127
Bartow,Euharlee,Attorney General,,Dem,"Jennifer """"Jen"""" Jordan",595,297,45,0,253
Bartow,Folsom,Attorney General,,Dem,"Jennifer """"Jen"""" Jordan",83,24,13,1,45
Bartow,Kingston,Attorney General,,Dem,"Jennifer """"Jen"""" Jordan",233,93,16,0,124
Bartow,Mission Road,Attorney General,,Dem,"Jennifer """"Jen"""" Jordan",513,321,48,0,144
Bartow,Pine Log,Attorney General,,Dem,"Jennifer """"Jen"""" Jordan",113,42,14,0,57
Bartow,Taylorsville,Attorney General,,Dem,"Jennifer """"Jen"""" Jordan",140,60,8,0,72
Bartow,White,Attorney General,,Dem,"Jennifer """"Jen"""" Jordan",215,85,14,0,116
Bartow,Zena Drive,Attorney General,,Dem,"Jennifer """"Jen"""" Jordan",898,538,90,1,269
Bartow,Hamilton Crossing,Attorney General,,Dem,"Jennifer """"Jen"""" Jordan",813,483,89,0,241
Bartow,Woodland,Attorney General,,Dem,"Jennifer """"Jen"""" Jordan",204,129,18,0,57
Bartow,Adairsville,Attorney General,,Lib,Martin Cowen,73,26,0,0,47
Bartow,Allatoona,Attorney General,,Lib,Martin Cowen,53,23,2,0,28
Bartow,Cartersville East,Attorney General,,Lib,Martin Cowen,70,22,6,0,42
Bartow,Cartersville West,Attorney General,,Lib,Martin Cowen,75,32,2,0,41
Bartow,Cassville,Attorney General,,Lib,Martin Cowen,42,16,1,1,24
Bartow,Center,Attorney General,,Lib,Martin Cowen,47,21,2,0,24
Bartow,Emerson,Attorney General,,Lib,Martin Cowen,32,12,3,0,17
Bartow,Euharlee,Attorney General,,Lib,Martin Cowen,49,11,1,0,37
Bartow,Folsom,Attorney General,,Lib,Martin Cowen,14,6,0,0,8
Bartow,Kingston,Attorney General,,Lib,Martin Cowen,30,6,0,0,24
Bartow,Mission Road,Attorney General,,Lib,Martin Cowen,44,24,0,0,20
Bartow,Pine Log,Attorney General,,Lib,Martin Cowen,27,8,0,0,19
Bartow,Taylorsville,Attorney General,,Lib,Martin Cowen,30,4,3,0,23
Bartow,White,Attorney General,,Lib,Martin Cowen,32,8,3,0,21
Bartow,Zena Drive,Attorney General,,Lib,Martin Cowen,40,20,0,0,20
Bartow,Hamilton Crossing,Attorney General,,Lib,Martin Cowen,46,19,2,0,25
Bartow,Woodland,Attorney General,,Lib,Martin Cowen,16,5,0,0,11
Bartow,Adairsville,Commissioner Of Agriculture,,Rep,Tyler Harper,3047,1605,93,2,1347
Bartow,Allatoona,Commissioner Of Agriculture,,Rep,Tyler Harper,1486,765,43,1,677
Bartow,Cartersville East,Commissioner Of Agriculture,,Rep,Tyler Harper,2220,1284,128,2,806
Bartow,Cartersville West,Commissioner Of Agriculture,,Rep,Tyler Harper,3610,2341,143,0,1126
Bartow,Cassville,Commissioner Of Agriculture,,Rep,Tyler Harper,1587,909,73,0,605
Bartow,Center,Commissioner Of Agriculture,,Rep,Tyler Harper,2003,954,76,1,972
Bartow,Emerson,Commissioner Of Agriculture,,Rep,Tyler Harper,1329,553,58,1,717
Bartow,Euharlee,Commissioner Of Agriculture,,Rep,Tyler Harper,2324,1034,50,2,1238
Bartow,Folsom,Commissioner Of Agriculture,,Rep,Tyler Harper,725,233,17,2,473
Bartow,Kingston,Commissioner Of Agriculture,,Rep,Tyler Harper,1323,505,36,0,782
Bartow,Mission Road,Commissioner Of Agriculture,,Rep,Tyler Harper,1675,942,74,2,657
Bartow,Pine Log,Commissioner Of Agriculture,,Rep,Tyler Harper,1211,394,34,2,781
Bartow,Taylorsville,Commissioner Of Agriculture,,Rep,Tyler Harper,1566,490,29,0,1047
Bartow,White,Commissioner Of Agriculture,,Rep,Tyler Harper,1410,576,43,1,790
Bartow,Zena Drive,Commissioner Of Agriculture,,Rep,Tyler Harper,1802,996,100,3,703
Bartow,Hamilton Crossing,Commissioner Of Agriculture,,Rep,Tyler Harper,2823,1616,115,2,1090
Bartow,Woodland,Commissioner Of Agriculture,,Rep,Tyler Harper,751,318,53,2,378
Bartow,Adairsville,Commissioner Of Agriculture,,Dem,Nakita Hemingway,657,418,47,1,191
Bartow,Allatoona,Commissioner Of Agriculture,,Dem,Nakita Hemingway,464,274,35,0,155
Bartow,Cartersville East,Commissioner Of Agriculture,,Dem,Nakita Hemingway,950,559,97,0,294
Bartow,Cartersville West,Commissioner Of Agriculture,,Dem,Nakita Hemingway,1095,681,98,2,314
Bartow,Cassville,Commissioner Of Agriculture,,Dem,Nakita Hemingway,518,329,48,1,140
Bartow,Center,Commissioner Of Agriculture,,Dem,Nakita Hemingway,364,210,45,0,109
Bartow,Emerson,Commissioner Of Agriculture,,Dem,Nakita Hemingway,261,116,39,0,106
Bartow,Euharlee,Commissioner Of Agriculture,,Dem,Nakita Hemingway,558,285,43,0,230
Bartow,Folsom,Commissioner Of Agriculture,,Dem,Nakita Hemingway,63,19,11,0,33
Bartow,Kingston,Commissioner Of Agriculture,,Dem,Nakita Hemingway,204,83,15,0,106
Bartow,Mission Road,Commissioner Of Agriculture,,Dem,Nakita Hemingway,483,307,45,0,131
Bartow,Pine Log,Commissioner Of Agriculture,,Dem,Nakita Hemingway,93,37,8,0,48
Bartow,Taylorsville,Commissioner Of Agriculture,,Dem,Nakita Hemingway,114,52,7,0,55
Bartow,White,Commissioner Of Agriculture,,Dem,Nakita Hemingway,187,78,12,0,97
Bartow,Zena Drive,Commissioner Of Agriculture,,Dem,Nakita Hemingway,861,520,86,0,255
Bartow,Hamilton Crossing,Commissioner Of Agriculture,,Dem,Nakita Hemingway,726,436,77,0,213
Bartow,Woodland,Commissioner Of Agriculture,,Dem,Nakita Hemingway,189,124,12,0,53
Bartow,Adairsville,Commissioner Of Agriculture,,Lib,David Raudabaugh,95,41,1,1,52
Bartow,Allatoona,Commissioner Of Agriculture,,Lib,David Raudabaugh,73,32,1,0,40
Bartow,Cartersville East,Commissioner Of Agriculture,,Lib,David Raudabaugh,87,38,7,0,42
Bartow,Cartersville West,Commissioner Of Agriculture,,Lib,David Raudabaugh,119,56,3,0,60
Bartow,Cassville,Commissioner Of Agriculture,,Lib,David Raudabaugh,55,23,2,1,29
Bartow,Center,Commissioner Of Agriculture,,Lib,David Raudabaugh,70,28,1,0,41
Bartow,Emerson,Commissioner Of Agriculture,,Lib,David Raudabaugh,50,18,3,0,29
Bartow,Euharlee,Commissioner Of Agriculture,,Lib,David Raudabaugh,71,26,2,0,43
Bartow,Folsom,Commissioner Of Agriculture,,Lib,David Raudabaugh,16,7,0,0,9
Bartow,Kingston,Commissioner Of Agriculture,,Lib,David Raudabaugh,48,14,1,0,33
Bartow,Mission Road,Commissioner Of Agriculture,,Lib,David Raudabaugh,52,20,1,0,31
Bartow,Pine Log,Commissioner Of Agriculture,,Lib,David Raudabaugh,31,5,2,0,24
Bartow,Taylorsville,Commissioner Of Agriculture,,Lib,David Raudabaugh,32,7,1,0,24
Bartow,White,Commissioner Of Agriculture,,Lib,David Raudabaugh,39,11,2,0,26
Bartow,Zena Drive,Commissioner Of Agriculture,,Lib,David Raudabaugh,68,37,0,0,31
Bartow,Hamilton Crossing,Commissioner Of Agriculture,,Lib,David Raudabaugh,69,32,7,0,30
Bartow,Woodland,Commissioner Of Agriculture,,Lib,David Raudabaugh,24,11,0,0,13
Bartow,Adairsville,Commissioner Of Insurance,,Rep,John King ,3091,1629,88,3,1371
Bartow,Allatoona,Commissioner Of Insurance,,Rep,John King ,1519,783,40,1,695
Bartow,Cartersville East,Commissioner Of Insurance,,Rep,John King ,2265,1302,126,2,835
Bartow,Cartersville West,Commissioner Of Insurance,,Rep,John King ,3649,2347,138,0,1164
Bartow,Cassville,Commissioner Of Insurance,,Rep,John King ,1594,907,68,0,619
Bartow,Center,Commissioner Of Insurance,,Rep,John King ,2037,964,76,1,996
Bartow,Emerson,Commissioner Of Insurance,,Rep,John King ,1342,559,56,1,726
Bartow,Euharlee,Commissioner Of Insurance,,Rep,John King ,2360,1053,49,2,1256
Bartow,Folsom,Commissioner Of Insurance,,Rep,John King ,732,236,19,1,476
Bartow,Kingston,Commissioner Of Insurance,,Rep,John King ,1343,510,35,0,798
Bartow,Mission Road,Commissioner Of Insurance,,Rep,John King ,1686,940,76,2,668
Bartow,Pine Log,Commissioner Of Insurance,,Rep,John King ,1224,392,32,2,798
Bartow,Taylorsville,Commissioner Of Insurance,,Rep,John King ,1581,493,28,0,1060
Bartow,White,Commissioner Of Insurance,,Rep,John King ,1426,587,42,1,796
Bartow,Zena Drive,Commissioner Of Insurance,,Rep,John King ,1830,1009,98,3,720
Bartow,Hamilton Crossing,Commissioner Of Insurance,,Rep,John King ,2822,1611,113,3,1095
Bartow,Woodland,Commissioner Of Insurance,,Rep,John King ,754,320,50,2,382
Bartow,Adairsville,Commissioner Of Insurance,,Dem,Janice Laws Robinson,693,430,53,1,209
Bartow,Allatoona,Commissioner Of Insurance,,Dem,Janice Laws Robinson,503,286,37,0,180
Bartow,Cartersville East,Commissioner Of Insurance,,Dem,Janice Laws Robinson,988,580,103,0,305
Bartow,Cartersville West,Commissioner Of Insurance,,Dem,Janice Laws Robinson,1158,719,105,2,332
Bartow,Cassville,Commissioner Of Insurance,,Dem,Janice Laws Robinson,561,350,55,2,154
Bartow,Center,Commissioner Of Insurance,,Dem,Janice Laws Robinson,396,225,47,0,124
Bartow,Emerson,Commissioner Of Insurance,,Dem,Janice Laws Robinson,294,130,43,0,121
Bartow,Euharlee,Commissioner Of Insurance,,Dem,Janice Laws Robinson,580,286,46,0,248
Bartow,Folsom,Commissioner Of Insurance,,Dem,Janice Laws Robinson,72,24,9,1,38
Bartow,Kingston,Commissioner Of Insurance,,Dem,Janice Laws Robinson,228,91,16,0,121
Bartow,Mission Road,Commissioner Of Insurance,,Dem,Janice Laws Robinson,520,326,44,0,150
Bartow,Pine Log,Commissioner Of Insurance,,Dem,Janice Laws Robinson,102,42,10,0,50
Bartow,Taylorsville,Commissioner Of Insurance,,Dem,Janice Laws Robinson,131,54,11,0,66
Bartow,White,Commissioner Of Insurance,,Dem,Janice Laws Robinson,203,76,15,0,112
Bartow,Zena Drive,Commissioner Of Insurance,,Dem,Janice Laws Robinson,888,536,88,0,264
Bartow,Hamilton Crossing,Commissioner Of Insurance,,Dem,Janice Laws Robinson,788,464,89,0,235
Bartow,Woodland,Commissioner Of Insurance,,Dem,Janice Laws Robinson,207,131,15,0,61
Bartow,Adairsville,State School Superintendent,,Rep,Richard Woods ,3096,1636,88,3,1369
Bartow,Allatoona,State School Superintendent,,Rep,Richard Woods ,1523,781,40,1,701
Bartow,Cartersville East,State School Superintendent,,Rep,Richard Woods ,2270,1310,134,2,824
Bartow,Cartersville West,State School Superintendent,,Rep,Richard Woods ,3674,2369,138,0,1167
Bartow,Cassville,State School Superintendent,,Rep,Richard Woods ,1609,914,70,0,625
Bartow,Center,State School Superintendent,,Rep,Richard Woods ,2040,970,76,1,993
Bartow,Emerson,State School Superintendent,,Rep,Richard Woods ,1348,562,59,1,726
Bartow,Euharlee,State School Superintendent,,Rep,Richard Woods ,2361,1044,51,2,1264
Bartow,Folsom,State School Superintendent,,Rep,Richard Woods ,732,237,18,1,476
Bartow,Kingston,State School Superintendent,,Rep,Richard Woods ,1353,512,37,0,804
Bartow,Mission Road,State School Superintendent,,Rep,Richard Woods ,1692,942,76,2,672
Bartow,Pine Log,State School Superintendent,,Rep,Richard Woods ,1224,392,32,2,798
Bartow,Taylorsville,State School Superintendent,,Rep,Richard Woods ,1581,494,29,0,1058
Bartow,White,State School Superintendent,,Rep,Richard Woods ,1435,590,43,1,801
Bartow,Zena Drive,State School Superintendent,,Rep,Richard Woods ,1838,1006,97,4,731
Bartow,Hamilton Crossing,State School Superintendent,,Rep,Richard Woods ,2834,1619,115,3,1097
Bartow,Woodland,State School Superintendent,,Rep,Richard Woods ,756,324,49,2,381
Bartow,Adairsville,State School Superintendent,,Dem,Alisha Thomas Searcy,697,423,53,1,220
Bartow,Allatoona,State School Superintendent,,Dem,Alisha Thomas Searcy,497,287,37,0,173
Bartow,Cartersville East,State School Superintendent,,Dem,Alisha Thomas Searcy,984,573,95,0,316
Bartow,Cartersville West,State School Superintendent,,Dem,Alisha Thomas Searcy,1149,705,107,2,335
Bartow,Cassville,State School Superintendent,,Dem,Alisha Thomas Searcy,545,341,53,2,149
Bartow,Center,State School Superintendent,,Dem,Alisha Thomas Searcy,390,219,47,0,124
Bartow,Emerson,State School Superintendent,,Dem,Alisha Thomas Searcy,286,126,39,0,121
Bartow,Euharlee,State School Superintendent,,Dem,Alisha Thomas Searcy,578,292,44,0,242
Bartow,Folsom,State School Superintendent,,Dem,Alisha Thomas Searcy,73,22,10,1,40
Bartow,Kingston,State School Superintendent,,Dem,Alisha Thomas Searcy,222,90,15,0,117
Bartow,Mission Road,State School Superintendent,,Dem,Alisha Thomas Searcy,509,318,44,0,147
Bartow,Pine Log,State School Superintendent,,Dem,Alisha Thomas Searcy,106,41,10,0,55
Bartow,Taylorsville,State School Superintendent,,Dem,Alisha Thomas Searcy,130,55,9,0,66
Bartow,White,State School Superintendent,,Dem,Alisha Thomas Searcy,199,76,14,0,109
Bartow,Zena Drive,State School Superintendent,,Dem,Alisha Thomas Searcy,890,546,87,0,257
Bartow,Hamilton Crossing,State School Superintendent,,Dem,Alisha Thomas Searcy,779,459,85,0,235
Bartow,Woodland,State School Superintendent,,Dem,Alisha Thomas Searcy,205,128,15,0,62
Bartow,Adairsville,Commissioner Of Labor,,Rep,Bruce Thompson,3015,1579,87,4,1345
Bartow,Allatoona,Commissioner Of Labor,,Rep,Bruce Thompson,1476,762,38,1,675
Bartow,Cartersville East,Commissioner Of Labor,,Rep,Bruce Thompson,2167,1263,116,2,786
Bartow,Cartersville West,Commissioner Of Labor,,Rep,Bruce Thompson,3519,2267,134,0,1118
Bartow,Cassville,Commissioner Of Labor,,Rep,Bruce Thompson,1550,889,69,0,592
Bartow,Center,Commissioner Of Labor,,Rep,Bruce Thompson,1962,936,65,1,960
Bartow,Emerson,Commissioner Of Labor,,Rep,Bruce Thompson,1266,520,52,1,693
Bartow,Euharlee,Commissioner Of Labor,,Rep,Bruce Thompson,2298,1025,48,2,1223
Bartow,Folsom,Commissioner Of Labor,,Rep,Bruce Thompson,712,232,16,1,463
Bartow,Kingston,Commissioner Of Labor,,Rep,Bruce Thompson,1305,501,33,0,771
Bartow,Mission Road,Commissioner Of Labor,,Rep,Bruce Thompson,1620,909,68,2,641
Bartow,Pine Log,Commissioner Of Labor,,Rep,Bruce Thompson,1174,373,30,2,769
Bartow,Taylorsville,Commissioner Of Labor,,Rep,Bruce Thompson,1539,475,28,0,1036
Bartow,White,Commissioner Of Labor,,Rep,Bruce Thompson,1386,574,40,1,771
Bartow,Zena Drive,Commissioner Of Labor,,Rep,Bruce Thompson,1797,983,96,3,715
Bartow,Hamilton Crossing,Commissioner Of Labor,,Rep,Bruce Thompson,2748,1565,102,3,1078
Bartow,Woodland,Commissioner Of Labor,,Rep,Bruce Thompson,745,314,50,2,379
Bartow,Adairsville,Commissioner Of Labor,,Dem,"William """"Will"""" Boddie, Jr",670,428,51,0,191
Bartow,Allatoona,Commissioner Of Labor,,Dem,"William """"Will"""" Boddie, Jr",477,280,37,0,160
Bartow,Cartersville East,Commissioner Of Labor,,Dem,"William """"Will"""" Boddie, Jr",962,566,102,0,294
Bartow,Cartersville West,Commissioner Of Labor,,Dem,"William """"Will"""" Boddie, Jr",1134,719,102,2,311
Bartow,Cassville,Commissioner Of Labor,,Dem,"William """"Will"""" Boddie, Jr",530,343,50,1,136
Bartow,Center,Commissioner Of Labor,,Dem,"William """"Will"""" Boddie, Jr",385,221,52,0,112
Bartow,Emerson,Commissioner Of Labor,,Dem,"William """"Will"""" Boddie, Jr",295,139,40,0,116
Bartow,Euharlee,Commissioner Of Labor,,Dem,"William """"Will"""" Boddie, Jr",573,292,42,0,239
Bartow,Folsom,Commissioner Of Labor,,Dem,"William """"Will"""" Boddie, Jr",72,24,12,1,35
Bartow,Kingston,Commissioner Of Labor,,Dem,"William """"Will"""" Boddie, Jr",224,88,16,0,120
Bartow,Mission Road,Commissioner Of Labor,,Dem,"William """"Will"""" Boddie, Jr",491,306,47,0,138
Bartow,Pine Log,Commissioner Of Labor,,Dem,"William """"Will"""" Boddie, Jr",101,44,10,0,47
Bartow,Taylorsville,Commissioner Of Labor,,Dem,"William """"Will"""" Boddie, Jr",124,54,8,0,62
Bartow,White,Commissioner Of Labor,,Dem,"William """"Will"""" Boddie, Jr",200,74,15,0,111
Bartow,Zena Drive,Commissioner Of Labor,,Dem,"William """"Will"""" Boddie, Jr",858,528,85,0,245
Bartow,Hamilton Crossing,Commissioner Of Labor,,Dem,"William """"Will"""" Boddie, Jr",763,459,88,0,216
Bartow,Woodland,Commissioner Of Labor,,Dem,"William """"Will"""" Boddie, Jr",191,124,14,0,53
Bartow,Adairsville,Commissioner Of Labor,,Lib,Emily Anderson,107,50,2,0,55
Bartow,Allatoona,Commissioner Of Labor,,Lib,Emily Anderson,75,31,3,0,41
Bartow,Cartersville East,Commissioner Of Labor,,Lib,Emily Anderson,111,47,8,0,56
Bartow,Cartersville West,Commissioner Of Labor,,Lib,Emily Anderson,157,84,6,0,67
Bartow,Cassville,Commissioner Of Labor,,Lib,Emily Anderson,73,29,2,1,41
Bartow,Center,Commissioner Of Labor,,Lib,Emily Anderson,77,32,2,0,43
Bartow,Emerson,Commissioner Of Labor,,Lib,Emily Anderson,67,26,6,0,35
Bartow,Euharlee,Commissioner Of Labor,,Lib,Emily Anderson,67,18,2,0,47
Bartow,Folsom,Commissioner Of Labor,,Lib,Emily Anderson,21,3,0,0,18
Bartow,Kingston,Commissioner Of Labor,,Lib,Emily Anderson,44,11,1,0,32
Bartow,Mission Road,Commissioner Of Labor,,Lib,Emily Anderson,85,41,4,0,40
Bartow,Pine Log,Commissioner Of Labor,,Lib,Emily Anderson,51,15,4,0,32
Bartow,Taylorsville,Commissioner Of Labor,,Lib,Emily Anderson,41,16,1,0,24
Bartow,White,Commissioner Of Labor,,Lib,Emily Anderson,37,11,2,0,24
Bartow,Zena Drive,Commissioner Of Labor,,Lib,Emily Anderson,67,37,3,0,27
Bartow,Hamilton Crossing,Commissioner Of Labor,,Lib,Emily Anderson,96,48,9,0,39
Bartow,Woodland,Commissioner Of Labor,,Lib,Emily Anderson,25,13,1,0,11
Bartow,Adairsville,U.S. House,11,Rep,Barry Loudermilk ,3095,1627,87,3,1378
Bartow,Allatoona,U.S. House,11,Rep,Barry Loudermilk ,1535,790,41,1,703
Bartow,Cartersville East,U.S. House,11,Rep,Barry Loudermilk ,2274,1297,126,2,849
Bartow,Cartersville West,U.S. House,11,Rep,Barry Loudermilk ,3641,2336,142,0,1163
Bartow,Cassville,U.S. House,11,Rep,Barry Loudermilk ,1614,917,70,0,627
Bartow,Center,U.S. House,11,Rep,Barry Loudermilk ,2039,967,76,1,995
Bartow,Emerson,U.S. House,11,Rep,Barry Loudermilk ,1352,559,61,1,731
Bartow,Euharlee,U.S. House,11,Rep,Barry Loudermilk ,2379,1060,49,2,1268
Bartow,Folsom,U.S. House,11,Rep,Barry Loudermilk ,740,235,18,2,485
Bartow,Kingston,U.S. House,11,Rep,Barry Loudermilk ,1355,517,35,0,803
Bartow,Mission Road,U.S. House,11,Rep,Barry Loudermilk ,1706,952,75,2,677
Bartow,Pine Log,U.S. House,11,Rep,Barry Loudermilk ,1228,390,34,2,802
Bartow,Taylorsville,U.S. House,11,Rep,Barry Loudermilk ,1584,491,29,0,1064
Bartow,White,U.S. House,11,Rep,Barry Loudermilk ,1437,592,43,1,801
Bartow,Zena Drive,U.S. House,11,Rep,Barry Loudermilk ,1843,1018,100,3,722
Bartow,Hamilton Crossing,U.S. House,11,Rep,Barry Loudermilk ,2838,1616,112,3,1107
Bartow,Woodland,U.S. House,11,Rep,Barry Loudermilk ,761,325,47,2,387
Bartow,Adairsville,U.S. House,11,Dem,Antonio Daza,694,430,54,1,209
Bartow,Allatoona,U.S. House,11,Dem,Antonio Daza,494,282,39,0,173
Bartow,Cartersville East,U.S. House,11,Dem,Antonio Daza,979,580,105,0,294
Bartow,Cartersville West,U.S. House,11,Dem,Antonio Daza,1185,743,105,2,335
Bartow,Cassville,U.S. House,11,Dem,Antonio Daza,544,343,53,2,146
Bartow,Center,U.S. House,11,Dem,Antonio Daza,394,223,49,0,122
Bartow,Emerson,U.S. House,11,Dem,Antonio Daza,290,133,40,0,117
Bartow,Euharlee,U.S. House,11,Dem,Antonio Daza,571,283,46,0,242
Bartow,Folsom,U.S. House,11,Dem,Antonio Daza,71,24,11,0,36
Bartow,Kingston,U.S. House,11,Dem,Antonio Daza,217,86,16,0,115
Bartow,Mission Road,U.S. House,11,Dem,Antonio Daza,513,321,45,0,147
Bartow,Pine Log,U.S. House,11,Dem,Antonio Daza,107,41,13,0,53
Bartow,Taylorsville,U.S. House,11,Dem,Antonio Daza,130,57,11,0,62
Bartow,White,U.S. House,11,Dem,Antonio Daza,200,76,16,0,108
Bartow,Zena Drive,U.S. House,11,Dem,Antonio Daza,879,531,85,0,263
Bartow,Hamilton Crossing,U.S. House,11,Dem,Antonio Daza,780,464,90,0,226
Bartow,Woodland,U.S. House,11,Dem,Antonio Daza,207,130,18,0,59
Bartow,Allatoona,State Senate,37,Rep,Ed Setzler,1510,778,37,0,695
Bartow,Cartersville West,State Senate,37,Rep,Ed Setzler,91,63,0,0,28
Bartow,Emerson,State Senate,37,Rep,Ed Setzler,1335,560,55,0,720
Bartow,Allatoona,State Senate,37,Dem,Vanessa Parker,517,296,42,0,179
Bartow,Cartersville West,State Senate,37,Dem,Vanessa Parker,10,6,2,0,2
Bartow,Emerson,State Senate,37,Dem,Vanessa Parker,297,130,42,0,125
Bartow,Adairsville,State Senate,52,Rep,Chuck Hufstetler ,3401,1798,98,3,1502
Bartow,Cartersville East,State Senate,52,Rep,Chuck Hufstetler ,2673,1525,160,1,987
Bartow,Cartersville West,State Senate,52,Rep,Chuck Hufstetler ,4047,2567,173,1,1306
Bartow,Cassville,State Senate,52,Rep,Chuck Hufstetler ,1859,1063,88,1,707
Bartow,Center,State Senate,52,Rep,Chuck Hufstetler ,2191,1059,82,1,1049
Bartow,Emerson,State Senate,52,Rep,Chuck Hufstetler ,0,0,0,0,0
Bartow,Euharlee,State Senate,52,Rep,Chuck Hufstetler ,2628,1161,72,1,1394
Bartow,Folsom,State Senate,52,Rep,Chuck Hufstetler ,760,245,18,1,496
Bartow,Kingston,State Senate,52,Rep,Chuck Hufstetler ,1432,540,35,0,857
Bartow,Mission Road,State Senate,52,Rep,Chuck Hufstetler ,1911,1074,83,1,753
Bartow,Pine Log,State Senate,52,Rep,Chuck Hufstetler ,1266,406,32,2,826
Bartow,Taylorsville,State Senate,52,Rep,Chuck Hufstetler ,1626,509,32,0,1085
Bartow,White,State Senate,52,Rep,Chuck Hufstetler ,1507,608,47,1,851
Bartow,Zena Drive,State Senate,52,Rep,Chuck Hufstetler ,2216,1226,126,2,862
Bartow,Hamilton Crossing,State Senate,52,Rep,Chuck Hufstetler ,3167,1813,132,3,1219
Bartow,Woodland,State Senate,52,Rep,Chuck Hufstetler ,853,379,57,2,415
Bartow,Adairsville,State House,14,Rep,Mitchell Scoggins ,3407,1806,99,2,1500
Bartow,Cassville,State House,14,Rep,Mitchell Scoggins ,1457,825,72,0,560
Bartow,Euharlee,State House,14,Rep,Mitchell Scoggins ,2621,1160,71,1,1389
Bartow,Folsom,State House,14,Rep,Mitchell Scoggins ,761,242,19,1,499
Bartow,Kingston,State House,14,Rep,Mitchell Scoggins ,1427,541,35,0,851
Bartow,Pine Log,State House,14,Rep,Mitchell Scoggins ,1265,403,34,2,826
Bartow,Taylorsville,State House,14,Rep,Mitchell Scoggins ,1623,511,33,0,1079
Bartow,White,State House,14,Rep,Mitchell Scoggins ,1422,572,45,1,804
Bartow,Hamilton Crossing,State House,14,Rep,Mitchell Scoggins ,3170,1804,138,3,1225
Bartow,Allatoona,State House,15,Rep,Matthew Gambill ,1740,898,51,0,791
Bartow,Cartersville East,State House,15,Rep,Matthew Gambill ,2686,1535,164,1,986
Bartow,Cartersville West,State House,15,Rep,Matthew Gambill ,4177,2650,174,1,1352
Bartow,Cassville,State House,15,Rep,Matthew Gambill ,409,243,17,0,149
Bartow,Center,State House,15,Rep,Matthew Gambill ,2195,1057,86,1,1051
Bartow,Emerson,State House,15,Rep,Matthew Gambill ,1461,606,64,0,791
Bartow,Mission Road,State House,15,Rep,Matthew Gambill ,1927,1080,85,1,761
Bartow,White,State House,15,Rep,Matthew Gambill ,73,28,2,0,43
Bartow,Zena Drive,State House,15,Rep,Matthew Gambill ,2209,1219,128,2,860
Bartow,Woodland,State House,15,Rep,Matthew Gambill ,841,377,55,0,409
Bartow,Adairsville,District Attorney,,Rep,Samir J. Patel ,3392,1804,94,4,1490
Bartow,Allatoona,District Attorney,,Rep,Samir J. Patel ,1730,891,52,0,787
Bartow,Cartersville East,District Attorney,,Rep,Samir J. Patel ,2715,1554,162,2,997
Bartow,Cartersville West,District Attorney,,Rep,Samir J. Patel ,4203,2674,169,1,1359
Bartow,Cassville,District Attorney,,Rep,Samir J. Patel ,1866,1066,90,1,709
Bartow,Center,District Attorney,,Rep,Samir J. Patel ,2184,1058,80,1,1045
Bartow,Emerson,District Attorney,,Rep,Samir J. Patel ,1458,612,64,1,781
Bartow,Euharlee,District Attorney,,Rep,Samir J. Patel ,2627,1162,67,2,1396
Bartow,Folsom,District Attorney,,Rep,Samir J. Patel ,756,242,18,1,495
Bartow,Kingston,District Attorney,,Rep,Samir J. Patel ,1418,540,36,0,842
Bartow,Mission Road,District Attorney,,Rep,Samir J. Patel ,1926,1081,85,2,758
Bartow,Pine Log,District Attorney,,Rep,Samir J. Patel ,1256,411,32,2,811
Bartow,Taylorsville,District Attorney,,Rep,Samir J. Patel ,1628,515,30,0,1083
Bartow,White,District Attorney,,Rep,Samir J. Patel ,1487,602,44,1,840
Bartow,Zena Drive,District Attorney,,Rep,Samir J. Patel ,2218,1230,121,2,865
Bartow,Hamilton Crossing,District Attorney,,Rep,Samir J. Patel ,3172,1807,145,3,1217
Bartow,Woodland,District Attorney,,Rep,Samir J. Patel ,858,383,58,2,415
Bartow,Center,Brd of Education Dist 1,,Rep,Tony Ross ,1418,713,58,0,647
Bartow,Pine Log,Brd of Education Dist 1,,Rep,Tony Ross ,935,294,22,0,619
Bartow,White,Brd of Education Dist 1,,Rep,Tony Ross ,1502,606,48,1,847
Bartow,Zena Drive,Brd of Education Dist 1,,Rep,Tony Ross ,1948,1089,114,2,743
Bartow,Allatoona,Brd of Education Dist 2,,Rep,Darla Branton Williams,1742,900,52,0,790
Bartow,Center,Brd of Education Dist 2,,Rep,Darla Branton Williams,767,342,29,0,396
Bartow,Emerson,Brd of Education Dist 2,,Rep,Darla Branton Williams,1447,604,61,0,782
Bartow,Taylorsville,Brd of Education Dist 2,,Rep,Darla Branton Williams,145,76,1,0,68
Bartow,Zena Drive,Brd of Education Dist 2,,Rep,Darla Branton Williams,81,40,2,0,39
Bartow,Woodland,Brd of Education Dist 2,,Rep,Darla Branton Williams,850,381,57,1,411
Bartow,Cassville,Brd of Education Dist 3,,Rep,Matt Shultz,1882,1077,90,0,715
Bartow,Zena Drive,Brd of Education Dist 3,,Rep,Matt Shultz,108,62,6,0,40
Bartow,Hamilton Crossing,Brd of Education Dist 3,,Rep,Matt Shultz,3165,1810,137,1,1217
Bartow,Adairsville,Coosa River Soil and Water,,,Charles David Holt,3146,1654,91,4,1397
Bartow,Allatoona,Coosa River Soil and Water,,,Charles David Holt,1707,907,61,0,739
Bartow,Cartersville East,Coosa River Soil and Water,,,Charles David Holt,2627,1488,172,2,965
Bartow,Cartersville West,Coosa River Soil and Water,,,Charles David Holt,4022,2538,180,2,1302
Bartow,Cassville,Coosa River Soil and Water,,,Charles David Holt,1864,1076,92,1,695
Bartow,Center,Coosa River Soil and Water,,,Charles David Holt,2105,1026,84,1,994
Bartow,Emerson,Coosa River Soil and Water,,,Charles David Holt,1401,590,67,1,743
Bartow,Euharlee,Coosa River Soil and Water,,,Charles David Holt,2533,1123,69,2,1339
Bartow,Folsom,Coosa River Soil and Water,,,Charles David Holt,698,223,20,2,453
Bartow,Kingston,Coosa River Soil and Water,,,Charles David Holt,1325,510,35,0,780
Bartow,Mission Road,Coosa River Soil and Water,,,Charles David Holt,1835,1026,82,2,725
Bartow,Pine Log,Coosa River Soil and Water,,,Charles David Holt,1169,383,30,2,754
Bartow,Taylorsville,Coosa River Soil and Water,,,Charles David Holt,1479,465,28,0,986
Bartow,White,Coosa River Soil and Water,,,Charles David Holt,1434,571,44,1,818
Bartow,Zena Drive,Coosa River Soil and Water,,,Charles David Holt,2243,1249,127,3,864
Bartow,Hamilton Crossing,Coosa River Soil and Water,,,Charles David Holt,3119,1772,158,2,1187
Bartow,Woodland,Coosa River Soil and Water,,,Charles David Holt,833,386,57,1,389
Bartow,White,City of White,,,Kim Dupree Billue,116,25,3,0,88
Bartow,White,City of White,,,Roy M. Lee,76,26,0,0,50
Bartow,Adairsville,Constitutional Amendment #1,,,Yes,3259,1756,128,3,1372
Bartow,Allatoona,Constitutional Amendment #1,,,Yes,1791,953,73,0,765
Bartow,Cartersville East,Constitutional Amendment #1,,,Yes,2871,1678,195,2,996
Bartow,Cartersville West,Constitutional Amendment #1,,,Yes,4251,2708,217,2,1324
Bartow,Cassville,Constitutional Amendment #1,,,Yes,1901,1111,111,1,678
Bartow,Center,Constitutional Amendment #1,,,Yes,2191,1080,98,1,1012
Bartow,Emerson,Constitutional Amendment #1,,,Yes,1474,634,90,0,750
Bartow,Euharlee,Constitutional Amendment #1,,,Yes,2589,1188,85,2,1314
Bartow,Folsom,Constitutional Amendment #1,,,Yes,712,222,28,2,460
Bartow,Kingston,Constitutional Amendment #1,,,Yes,1370,527,49,0,794
Bartow,Mission Road,Constitutional Amendment #1,,,Yes,1935,1114,110,2,709
Bartow,Pine Log,Constitutional Amendment #1,,,Yes,1159,380,38,2,739
Bartow,Taylorsville,Constitutional Amendment #1,,,Yes,1482,477,34,0,971
Bartow,White,Constitutional Amendment #1,,,Yes,1460,595,50,1,814
Bartow,Zena Drive,Constitutional Amendment #1,,,Yes,2347,1330,149,4,864
Bartow,Hamilton Crossing,Constitutional Amendment #1,,,Yes,3197,1846,188,3,1160
Bartow,Woodland,Constitutional Amendment #1,,,Yes,859,412,60,1,386
Bartow,Adairsville,Constitutional Amendment #1,,,No,412,224,8,0,180
Bartow,Allatoona,Constitutional Amendment #1,,,No,176,90,7,0,79
Bartow,Cartersville East,Constitutional Amendment #1,,,No,313,160,23,0,130
Bartow,Cartersville West,Constitutional Amendment #1,,,No,488,308,22,0,158
Bartow,Cassville,Constitutional Amendment #1,,,No,217,126,9,1,81
Bartow,Center,Constitutional Amendment #1,,,No,202,86,23,0,93
Bartow,Emerson,Constitutional Amendment #1,,,No,137,48,7,1,81
Bartow,Euharlee,Constitutional Amendment #1,,,No,309,140,8,0,161
Bartow,Folsom,Constitutional Amendment #1,,,No,78,30,1,0,47
Bartow,Kingston,Constitutional Amendment #1,,,No,170,60,3,0,107
Bartow,Mission Road,Constitutional Amendment #1,,,No,225,120,7,0,98
Bartow,Pine Log,Constitutional Amendment #1,,,No,135,40,4,0,91
Bartow,Taylorsville,Constitutional Amendment #1,,,No,195,57,4,0,134
Bartow,White,Constitutional Amendment #1,,,No,154,60,6,0,88
Bartow,Zena Drive,Constitutional Amendment #1,,,No,292,174,20,0,98
Bartow,Hamilton Crossing,Constitutional Amendment #1,,,No,370,209,11,0,150
Bartow,Woodland,Constitutional Amendment #1,,,No,93,38,5,1,49
Bartow,Adairsville,Constitutional Amendment #2,,,Yes,3452,1870,131,3,1448
Bartow,Allatoona,Constitutional Amendment #2,,,Yes,1894,1005,76,0,813
Bartow,Cartersville East,Constitutional Amendment #2,,,Yes,2992,1739,206,2,1045
Bartow,Cartersville West,Constitutional Amendment #2,,,Yes,4440,2812,226,2,1400
Bartow,Cassville,Constitutional Amendment #2,,,Yes,2010,1166,114,2,728
Bartow,Center,Constitutional Amendment #2,,,Yes,2266,1102,112,1,1051
Bartow,Emerson,Constitutional Amendment #2,,,Yes,1519,636,95,1,787
Bartow,Euharlee,Constitutional Amendment #2,,,Yes,2747,1255,91,1,1400
Bartow,Folsom,Constitutional Amendment #2,,,Yes,740,235,29,1,475
Bartow,Kingston,Constitutional Amendment #2,,,Yes,1452,564,48,0,840
Bartow,Mission Road,Constitutional Amendment #2,,,Yes,2037,1161,110,2,764
Bartow,Pine Log,Constitutional Amendment #2,,,Yes,1237,402,39,2,794
Bartow,Taylorsville,Constitutional Amendment #2,,,Yes,1596,510,39,0,1047
Bartow,White,Constitutional Amendment #2,,,Yes,1506,615,55,0,836
Bartow,Zena Drive,Constitutional Amendment #2,,,Yes,2523,1429,167,4,923
Bartow,Hamilton Crossing,Constitutional Amendment #2,,,Yes,3352,1937,187,3,1225
Bartow,Woodland,Constitutional Amendment #2,,,Yes,911,433,65,2,411
Bartow,Adairsville,Constitutional Amendment #2,,,No,263,147,6,0,110
Bartow,Allatoona,Constitutional Amendment #2,,,No,98,53,4,0,41
Bartow,Cartersville East,Constitutional Amendment #2,,,No,208,115,14,0,79
Bartow,Cartersville West,Constitutional Amendment #2,,,No,328,223,16,0,89
Bartow,Cassville,Constitutional Amendment #2,,,No,121,78,7,0,36
Bartow,Center,Constitutional Amendment #2,,,No,139,70,10,0,59
Bartow,Emerson,Constitutional Amendment #2,,,No,103,48,3,0,52
Bartow,Euharlee,Constitutional Amendment #2,,,No,169,73,4,1,91
Bartow,Folsom,Constitutional Amendment #2,,,No,54,21,0,0,33
Bartow,Kingston,Constitutional Amendment #2,,,No,101,29,4,0,68
Bartow,Mission Road,Constitutional Amendment #2,,,No,138,85,6,0,47
Bartow,Pine Log,Constitutional Amendment #2,,,No,70,24,2,0,44
Bartow,Taylorsville,Constitutional Amendment #2,,,No,95,29,1,0,65
Bartow,White,Constitutional Amendment #2,,,No,110,42,3,1,64
Bartow,Zena Drive,Constitutional Amendment #2,,,No,150,89,8,0,53
Bartow,Hamilton Crossing,Constitutional Amendment #2,,,No,231,127,10,0,94
Bartow,Woodland,Constitutional Amendment #2,,,No,51,20,0,0,31
Bartow,Adairsville,Statewide Referendum A,,,Yes,2156,1144,66,2,944
Bartow,Allatoona,Statewide Referendum A,,,Yes,1228,665,32,0,531
Bartow,Cartersville East,Statewide Referendum A,,,Yes,1898,1074,114,1,709
Bartow,Cartersville West,Statewide Referendum A,,,Yes,2731,1739,112,2,878
Bartow,Cassville,Statewide Referendum A,,,Yes,1263,739,57,1,466
Bartow,Center,Statewide Referendum A,,,Yes,1408,659,47,1,701
Bartow,Emerson,Statewide Referendum A,,,Yes,939,381,46,1,511
Bartow,Euharlee,Statewide Referendum A,,,Yes,1780,792,50,1,937
Bartow,Folsom,Statewide Referendum A,,,Yes,467,141,14,0,312
Bartow,Kingston,Statewide Referendum A,,,Yes,963,361,20,0,582
Bartow,Mission Road,Statewide Referendum A,,,Yes,1291,731,56,1,503
Bartow,Pine Log,Statewide Referendum A,,,Yes,787,258,17,2,510
Bartow,Taylorsville,Statewide Referendum A,,,Yes,1099,325,21,0,753
Bartow,White,Statewide Referendum A,,,Yes,930,372,26,0,532
Bartow,Zena Drive,Statewide Referendum A,,,Yes,1616,924,88,3,601
Bartow,Hamilton Crossing,Statewide Referendum A,,,Yes,2072,1188,85,2,797
Bartow,Woodland,Statewide Referendum A,,,Yes,578,258,35,1,284
Bartow,Adairsville,Statewide Referendum A,,,No,1483,824,69,1,589
Bartow,Allatoona,Statewide Referendum A,,,No,723,375,46,0,302
Bartow,Cartersville East,Statewide Referendum A,,,No,1218,732,91,1,394
Bartow,Cartersville West,Statewide Referendum A,,,No,1891,1202,122,0,567
Bartow,Cassville,Statewide Referendum A,,,No,837,489,59,0,289
Bartow,Center,Statewide Referendum A,,,No,935,487,70,0,378
Bartow,Emerson,Statewide Referendum A,,,No,648,286,48,0,314
Bartow,Euharlee,Statewide Referendum A,,,No,1073,507,42,1,523
Bartow,Folsom,Statewide Referendum A,,,No,314,107,14,1,192
Bartow,Kingston,Statewide Referendum A,,,No,576,226,28,0,322
Bartow,Mission Road,Statewide Referendum A,,,No,837,491,60,1,285
Bartow,Pine Log,Statewide Referendum A,,,No,484,160,19,0,305
Bartow,Taylorsville,Statewide Referendum A,,,No,565,211,13,0,341
Bartow,White,Statewide Referendum A,,,No,643,264,28,1,350
Bartow,Zena Drive,Statewide Referendum A,,,No,992,555,81,1,355
Bartow,Hamilton Crossing,Statewide Referendum A,,,No,1425,828,102,1,494
Bartow,Woodland,Statewide Referendum A,,,No,362,182,29,1,150
Bartow,Adairsville,Statewide Referendum B,,,Yes,3011,1611,95,2,1303
Bartow,Allatoona,Statewide Referendum B,,,Yes,1614,853,52,0,709
Bartow,Cartersville East,Statewide Referendum B,,,Yes,2523,1466,161,2,894
Bartow,Cartersville West,Statewide Referendum B,,,Yes,3680,2331,150,2,1197
Bartow,Cassville,Statewide Referendum B,,,Yes,1708,991,87,0,630
Bartow,Center,Statewide Referendum B,,,Yes,1951,938,80,1,932
Bartow,Emerson,Statewide Referendum B,,,Yes,1308,542,66,1,699
Bartow,Euharlee,Statewide Referendum B,,,Yes,2395,1090,66,2,1237
Bartow,Folsom,Statewide Referendum B,,,Yes,676,218,22,1,435
Bartow,Kingston,Statewide Referendum B,,,Yes,1304,499,30,0,775
Bartow,Mission Road,Statewide Referendum B,,,Yes,1755,996,82,2,675
Bartow,Pine Log,Statewide Referendum B,,,Yes,1107,355,34,2,716
Bartow,Taylorsville,Statewide Referendum B,,,Yes,1460,454,33,0,973
Bartow,White,Statewide Referendum B,,,Yes,1321,536,33,0,752
Bartow,Zena Drive,Statewide Referendum B,,,Yes,2125,1193,126,2,804
Bartow,Hamilton Crossing,Statewide Referendum B,,,Yes,2869,1643,139,2,1085
Bartow,Woodland,Statewide Referendum B,,,Yes,773,369,49,1,354
Bartow,Adairsville,Statewide Referendum B,,,No,644,367,39,1,237
Bartow,Allatoona,Statewide Referendum B,,,No,344,190,25,0,129
Bartow,Cartersville East,Statewide Referendum B,,,No,609,354,48,0,207
Bartow,Cartersville West,Statewide Referendum B,,,No,965,624,79,0,262
Bartow,Cassville,Statewide Referendum B,,,No,399,242,30,1,126
Bartow,Center,Statewide Referendum B,,,No,393,209,35,0,149
Bartow,Emerson,Statewide Referendum B,,,No,283,128,30,0,125
Bartow,Euharlee,Statewide Referendum B,,,No,476,220,24,0,232
Bartow,Folsom,Statewide Referendum B,,,No,109,32,6,0,71
Bartow,Kingston,Statewide Referendum B,,,No,239,89,18,0,132
Bartow,Mission Road,Statewide Referendum B,,,No,384,232,33,0,119
Bartow,Pine Log,Statewide Referendum B,,,No,184,70,6,0,108
Bartow,Taylorsville,Statewide Referendum B,,,No,217,83,3,0,131
Bartow,White,Statewide Referendum B,,,No,267,105,21,1,140
Bartow,Zena Drive,Statewide Referendum B,,,No,487,290,42,2,153
Bartow,Hamilton Crossing,Statewide Referendum B,,,No,639,376,48,1,214
Bartow,Woodland,Statewide Referendum B,,,No,167,75,15,1,76
Bartow,Adairsville,Bartow County Distrilled Spirits,,,Yes,2665,1416,84,3,1162
Bartow,Allatoona,Bartow County Distrilled Spirits,,,Yes,1570,831,57,0,682
Bartow,Cartersville East,Bartow County Distrilled Spirits,,,Yes,2436,1363,153,2,918
Bartow,Cartersville West,Bartow County Distrilled Spirits,,,Yes,3688,2316,180,1,1191
Bartow,Cassville,Bartow County Distrilled Spirits,,,Yes,1570,918,74,1,577
Bartow,Center,Bartow County Distrilled Spirits,,,Yes,1865,917,82,1,865
Bartow,Emerson,Bartow County Distrilled Spirits,,,Yes,1249,533,76,1,639
Bartow,Euharlee,Bartow County Distrilled Spirits,,,Yes,2242,1016,59,1,1166
Bartow,Folsom,Bartow County Distrilled Spirits,,,Yes,556,169,17,1,369
Bartow,Kingston,Bartow County Distrilled Spirits,,,Yes,1069,399,18,0,652
Bartow,Mission Road,Bartow County Distrilled Spirits,,,Yes,1612,905,83,2,622
Bartow,Pine Log,Bartow County Distrilled Spirits,,,Yes,951,316,27,2,606
Bartow,Taylorsville,Bartow County Distrilled Spirits,,,Yes,1179,373,16,0,790
Bartow,White,Bartow County Distrilled Spirits,,,Yes,1259,510,45,0,704
Bartow,Zena Drive,Bartow County Distrilled Spirits,,,Yes,2025,1111,113,3,798
Bartow,Hamilton Crossing,Bartow County Distrilled Spirits,,,Yes,2625,1500,135,2,988
Bartow,Woodland,Bartow County Distrilled Spirits,,,Yes,729,344,43,2,340
Bartow,Adairsville,Bartow County Distrilled Spirits,,,No,1022,582,51,0,389
Bartow,Allatoona,Bartow County Distrilled Spirits,,,No,385,210,22,0,153
Bartow,Cartersville East,Bartow County Distrilled Spirits,,,No,717,461,63,0,193
Bartow,Cartersville West,Bartow County Distrilled Spirits,,,No,1024,680,59,1,284
Bartow,Cassville,Bartow County Distrilled Spirits,,,No,533,315,42,0,176
Bartow,Center,Bartow County Distrilled Spirits,,,No,509,246,37,0,226
Bartow,Emerson,Bartow County Distrilled Spirits,,,No,343,138,22,0,183
Bartow,Euharlee,Bartow County Distrilled Spirits,,,No,653,304,34,1,314
Bartow,Folsom,Bartow County Distrilled Spirits,,,No,227,83,10,0,134
Bartow,Kingston,Bartow County Distrilled Spirits,,,No,483,195,32,0,256
Bartow,Mission Road,Bartow County Distrilled Spirits,,,No,534,317,34,0,183
Bartow,Pine Log,Bartow County Distrilled Spirits,,,No,348,108,15,0,225
Bartow,Taylorsville,Bartow County Distrilled Spirits,,,No,481,156,20,0,305
Bartow,White,Bartow County Distrilled Spirits,,,No,334,137,8,1,188
Bartow,Zena Drive,Bartow County Distrilled Spirits,,,No,604,386,59,1,158
Bartow,Hamilton Crossing,Bartow County Distrilled Spirits,,,No,908,533,62,1,312
Bartow,Woodland,Bartow County Distrilled Spirits,,,No,216,99,22,0,95
Bartow,Adairsville,Bartow County Senior School Tax Exemption,,,Yes,3405,1866,122,2,1415
Bartow,Allatoona,Bartow County Senior School Tax Exemption,,,Yes,1805,962,67,0,776
Bartow,Cassville,Bartow County Senior School Tax Exemption,,,Yes,1940,1152,106,1,681
Bartow,Center,Bartow County Senior School Tax Exemption,,,Yes,2214,1090,116,1,1007
Bartow,Emerson,Bartow County Senior School Tax Exemption,,,Yes,1495,640,93,1,761
Bartow,Euharlee,Bartow County Senior School Tax Exemption,,,Yes,2624,1206,91,2,1325
Bartow,Folsom,Bartow County Senior School Tax Exemption,,,Yes,733,241,30,1,461
Bartow,Kingston,Bartow County Senior School Tax Exemption,,,Yes,1468,569,49,0,850
Bartow,Mission Road,Bartow County Senior School Tax Exemption,,,Yes,1985,1155,101,2,727
Bartow,Pine Log,Bartow County Senior School Tax Exemption,,,Yes,1230,403,40,2,785
Bartow,Taylorsville,Bartow County Senior School Tax Exemption,,,Yes,1573,509,33,0,1031
Bartow,White,Bartow County Senior School Tax Exemption,,,Yes,1491,622,56,1,812
Bartow,Zena Drive,Bartow County Senior School Tax Exemption,,,Yes,2361,1355,161,4,841
Bartow,Hamilton Crossing,Bartow County Senior School Tax Exemption,,,Yes,3221,1878,186,3,1154
Bartow,Woodland,Bartow County Senior School Tax Exemption,,,Yes,863,415,61,1,386
Bartow,Adairsville,Bartow County Senior School Tax Exemption,,,No,305,151,10,1,143
Bartow,Allatoona,Bartow County Senior School Tax Exemption,,,No,167,88,12,0,67
Bartow,Cassville,Bartow County Senior School Tax Exemption,,,No,189,97,16,0,76
Bartow,Center,Bartow County Senior School Tax Exemption,,,No,185,81,6,0,98
Bartow,Emerson,Bartow County Senior School Tax Exemption,,,No,114,40,6,0,68
Bartow,Euharlee,Bartow County Senior School Tax Exemption,,,No,279,116,3,0,160
Bartow,Folsom,Bartow County Senior School Tax Exemption,,,No,64,15,0,0,49
Bartow,Kingston,Bartow County Senior School Tax Exemption,,,No,94,29,2,0,63
Bartow,Mission Road,Bartow County Senior School Tax Exemption,,,No,178,90,9,0,79
Bartow,Pine Log,Bartow County Senior School Tax Exemption,,,No,75,22,2,0,51
Bartow,Taylorsville,Bartow County Senior School Tax Exemption,,,No,122,37,5,0,80
Bartow,White,Bartow County Senior School Tax Exemption,,,No,129,36,2,0,91
Bartow,Zena Drive,Bartow County Senior School Tax Exemption,,,No,281,147,9,0,125
Bartow,Hamilton Crossing,Bartow County Senior School Tax Exemption,,,No,343,174,15,0,154
Bartow,Woodland,Bartow County Senior School Tax Exemption,,,No,85,33,4,1,47
