county,precinct,office,district,party,candidate,votes,advance_voting_votes,absentee_by_mail_votes,provisional_votes,election_day_votes
Walker,La Fayette,U.S. Senate,,Rep,Herschel Walker,2382,1240,95,3,1044
Walker,Walnut Grove,U.S. Senate,,Rep,Herschel Walker,1028,440,29,0,559
Walker,Rock Spring,U.S. Senate,,Rep,Herschel Walker,2937,1711,85,1,1140
Walker,Armuchee Valley,U.S. Senate,,Rep,Herschel Walker,714,126,9,2,577
Walker,Mountain,U.S. Senate,,Rep,Herschel Walker,550,124,14,1,411
Walker,Chattanooga Valley,U.S. Senate,,Rep,Herschel Walker,2510,1207,113,2,1188
Walker,Kensington,U.S. Senate,,Rep,Herschel Walker,576,149,11,0,416
Walker,Rossville,U.S. Senate,,Rep,Herschel Walker,1790,988,68,0,734
Walker,Chickamauga,U.S. Senate,,Rep,Herschel Walker,3079,1801,81,0,1197
Walker,Fairyland,U.S. Senate,,Rep,Herschel Walker,527,223,17,0,287
Walker,Fairview,U.S. Senate,,Rep,Herschel Walker,971,422,40,2,507
Walker,La Fayette,U.S. Senate,,Dem,Raphael Warnock ,619,313,70,0,236
Walker,Walnut Grove,U.S. Senate,,Dem,Raphael Warnock ,137,71,10,0,56
Walker,Rock Spring,U.S. Senate,,Dem,Raphael Warnock ,550,308,66,0,176
Walker,Armuchee Valley,U.S. Senate,,Dem,Raphael Warnock ,125,36,10,0,79
Walker,Mountain,U.S. Senate,,Dem,Raphael Warnock ,154,64,15,0,75
Walker,Chattanooga Valley,U.S. Senate,,Dem,Raphael Warnock ,761,346,111,0,304
Walker,Kensington,U.S. Senate,,Dem,Raphael Warnock ,153,70,15,0,68
Walker,Rossville,U.S. Senate,,Dem,Raphael Warnock ,700,348,80,0,272
Walker,Chickamauga,U.S. Senate,,Dem,Raphael Warnock ,624,340,69,0,215
Walker,Fairyland,U.S. Senate,,Dem,Raphael Warnock ,277,134,14,0,129
Walker,Fairview,U.S. Senate,,Dem,Raphael Warnock ,277,134,28,0,115
Walker,La Fayette,U.S. Senate,,Lib,Chase Oliver,80,30,2,0,48
Walker,Walnut Grove,U.S. Senate,,Lib,Chase Oliver,28,11,0,0,17
Walker,Rock Spring,U.S. Senate,,Lib,Chase Oliver,66,23,3,0,40
Walker,Armuchee Valley,U.S. Senate,,Lib,Chase Oliver,21,2,2,0,17
Walker,Mountain,U.S. Senate,,Lib,Chase Oliver,17,2,0,0,15
Walker,Chattanooga Valley,U.S. Senate,,Lib,Chase Oliver,98,29,6,0,63
Walker,Kensington,U.S. Senate,,Lib,Chase Oliver,15,3,1,0,11
Walker,Rossville,U.S. Senate,,Lib,Chase Oliver,58,26,2,0,30
Walker,Chickamauga,U.S. Senate,,Lib,Chase Oliver,90,45,6,0,39
Walker,Fairyland,U.S. Senate,,Lib,Chase Oliver,25,5,1,0,19
Walker,Fairview,U.S. Senate,,Lib,Chase Oliver,33,14,3,0,16
Walker,La Fayette,Governor,,Rep,Brian Kemp ,2571,1334,111,3,1123
Walker,Walnut Grove,Governor,,Rep,Brian Kemp ,1095,468,30,0,597
Walker,Rock Spring,Governor,,Rep,Brian Kemp ,3140,1807,115,1,1217
Walker,Armuchee Valley,Governor,,Rep,Brian Kemp ,764,133,11,2,618
Walker,Mountain,Governor,,Rep,Brian Kemp ,601,138,17,1,445
Walker,Chattanooga Valley,Governor,,Rep,Brian Kemp ,2736,1309,140,2,1285
Walker,Kensington,Governor,,Rep,Brian Kemp ,623,161,13,0,449
Walker,Rossville,Governor,,Rep,Brian Kemp ,1937,1066,82,0,789
Walker,Chickamauga,Governor,,Rep,Brian Kemp ,3301,1936,100,0,1265
Walker,Fairyland,Governor,,Rep,Brian Kemp ,609,255,20,0,334
Walker,Fairview,Governor,,Rep,Brian Kemp ,1037,461,46,2,528
Walker,La Fayette,Governor,,Dem,Stacey Abrams,495,248,57,0,190
Walker,Walnut Grove,Governor,,Dem,Stacey Abrams,98,53,9,0,36
Walker,Rock Spring,Governor,,Dem,Stacey Abrams,411,244,42,0,125
Walker,Armuchee Valley,Governor,,Dem,Stacey Abrams,102,36,10,0,56
Walker,Mountain,Governor,,Dem,Stacey Abrams,122,53,12,0,57
Walker,Chattanooga Valley,Governor,,Dem,Stacey Abrams,624,275,90,0,259
Walker,Kensington,Governor,,Dem,Stacey Abrams,121,62,13,0,46
Walker,Rossville,Governor,,Dem,Stacey Abrams,587,287,65,0,235
Walker,Chickamauga,Governor,,Dem,Stacey Abrams,484,258,57,0,169
Walker,Fairyland,Governor,,Dem,Stacey Abrams,222,109,13,0,100
Walker,Fairview,Governor,,Dem,Stacey Abrams,239,112,25,0,102
Walker,La Fayette,Governor,,Lib,Shane Hazel,30,8,0,0,22
Walker,Walnut Grove,Governor,,Lib,Shane Hazel,3,1,0,0,2
Walker,Rock Spring,Governor,,Lib,Shane Hazel,25,5,1,0,19
Walker,Armuchee Valley,Governor,,Lib,Shane Hazel,3,0,0,0,3
Walker,Mountain,Governor,,Lib,Shane Hazel,7,1,0,0,6
Walker,Chattanooga Valley,Governor,,Lib,Shane Hazel,32,9,1,0,22
Walker,Kensington,Governor,,Lib,Shane Hazel,6,2,1,0,3
Walker,Rossville,Governor,,Lib,Shane Hazel,31,12,3,0,16
Walker,Chickamauga,Governor,,Lib,Shane Hazel,40,13,1,0,26
Walker,Fairyland,Governor,,Lib,Shane Hazel,9,2,0,0,7
Walker,Fairview,Governor,,Lib,Shane Hazel,12,1,1,0,10
Walker,La Fayette,Lieutenant Governor,,Rep,Burt Jones,2444,1264,99,3,1078
Walker,Walnut Grove,Lieutenant Governor,,Rep,Burt Jones,1060,460,29,0,571
Walker,Rock Spring,Lieutenant Governor,,Rep,Burt Jones,3014,1738,97,1,1178
Walker,Armuchee Valley,Lieutenant Governor,,Rep,Burt Jones,739,132,11,2,594
Walker,Mountain,Lieutenant Governor,,Rep,Burt Jones,576,130,15,1,430
Walker,Chattanooga Valley,Lieutenant Governor,,Rep,Burt Jones,2596,1240,123,2,1231
Walker,Kensington,Lieutenant Governor,,Rep,Burt Jones,599,152,13,0,434
Walker,Rossville,Lieutenant Governor,,Rep,Burt Jones,1834,1018,74,0,742
Walker,Chickamauga,Lieutenant Governor,,Rep,Burt Jones,3188,1869,89,0,1230
Walker,Fairyland,Lieutenant Governor,,Rep,Burt Jones,573,243,19,0,311
Walker,Fairview,Lieutenant Governor,,Rep,Burt Jones,986,435,45,2,504
Walker,La Fayette,Lieutenant Governor,,Dem,Charlie Bailey,537,265,66,0,206
Walker,Walnut Grove,Lieutenant Governor,,Dem,Charlie Bailey,111,57,10,0,44
Walker,Rock Spring,Lieutenant Governor,,Dem,Charlie Bailey,463,266,54,0,143
Walker,Armuchee Valley,Lieutenant Governor,,Dem,Charlie Bailey,106,34,10,0,62
Walker,Mountain,Lieutenant Governor,,Dem,Charlie Bailey,131,58,14,0,59
Walker,Chattanooga Valley,Lieutenant Governor,,Dem,Charlie Bailey,693,316,106,0,271
Walker,Kensington,Lieutenant Governor,,Dem,Charlie Bailey,126,62,13,0,51
Walker,Rossville,Lieutenant Governor,,Dem,Charlie Bailey,632,311,75,0,246
Walker,Chickamauga,Lieutenant Governor,,Dem,Charlie Bailey,530,290,65,0,175
Walker,Fairyland,Lieutenant Governor,,Dem,Charlie Bailey,232,115,14,0,103
Walker,Fairview,Lieutenant Governor,,Dem,Charlie Bailey,251,122,26,0,103
Walker,La Fayette,Lieutenant Governor,,Lib,Ryan Graham,71,31,2,0,38
Walker,Walnut Grove,Lieutenant Governor,,Lib,Ryan Graham,19,4,0,0,15
Walker,Rock Spring,Lieutenant Governor,,Lib,Ryan Graham,63,32,1,0,30
Walker,Armuchee Valley,Lieutenant Governor,,Lib,Ryan Graham,9,2,0,0,7
Walker,Mountain,Lieutenant Governor,,Lib,Ryan Graham,16,2,0,0,14
Walker,Chattanooga Valley,Lieutenant Governor,,Lib,Ryan Graham,72,18,1,0,53
Walker,Kensington,Lieutenant Governor,,Lib,Ryan Graham,17,6,1,0,10
Walker,Rossville,Lieutenant Governor,,Lib,Ryan Graham,58,22,0,0,36
Walker,Chickamauga,Lieutenant Governor,,Lib,Ryan Graham,65,26,2,0,37
Walker,Fairyland,Lieutenant Governor,,Lib,Ryan Graham,21,4,0,0,17
Walker,Fairview,Lieutenant Governor,,Lib,Ryan Graham,35,10,0,0,25
Walker,La Fayette,Secretary of State,,Rep,Brad Raffensperger ,2480,1288,115,3,1074
Walker,Walnut Grove,Secretary of State,,Rep,Brad Raffensperger ,1055,456,30,0,569
Walker,Rock Spring,Secretary of State,,Rep,Brad Raffensperger ,3028,1753,111,1,1163
Walker,Armuchee Valley,Secretary of State,,Rep,Brad Raffensperger ,721,126,11,2,582
Walker,Mountain,Secretary of State,,Rep,Brad Raffensperger ,586,145,14,1,426
Walker,Chattanooga Valley,Secretary of State,,Rep,Brad Raffensperger ,2674,1292,139,2,1241
Walker,Kensington,Secretary of State,,Rep,Brad Raffensperger ,601,160,16,0,425
Walker,Rossville,Secretary of State,,Rep,Brad Raffensperger ,1867,1029,87,0,751
Walker,Chickamauga,Secretary of State,,Rep,Brad Raffensperger ,3209,1887,102,0,1220
Walker,Fairyland,Secretary of State,,Rep,Brad Raffensperger ,614,278,19,0,317
Walker,Fairview,Secretary of State,,Rep,Brad Raffensperger ,1003,446,47,2,508
Walker,La Fayette,Secretary of State,,Dem,Bee Nguyen,449,222,48,0,179
Walker,Walnut Grove,Secretary of State,,Dem,Bee Nguyen,94,47,9,0,38
Walker,Rock Spring,Secretary of State,,Dem,Bee Nguyen,385,217,41,0,127
Walker,Armuchee Valley,Secretary of State,,Dem,Bee Nguyen,98,35,9,0,54
Walker,Mountain,Secretary of State,,Dem,Bee Nguyen,98,37,14,0,47
Walker,Chattanooga Valley,Secretary of State,,Dem,Bee Nguyen,568,238,87,0,243
Walker,Kensington,Secretary of State,,Dem,Bee Nguyen,105,53,11,0,41
Walker,Rossville,Secretary of State,,Dem,Bee Nguyen,568,279,62,0,227
Walker,Chickamauga,Secretary of State,,Dem,Bee Nguyen,445,234,51,0,160
Walker,Fairyland,Secretary of State,,Dem,Bee Nguyen,173,77,11,0,85
Walker,Fairview,Secretary of State,,Dem,Bee Nguyen,214,94,24,0,96
Walker,La Fayette,Secretary of State,,Lib,Ted Metz,118,52,4,0,62
Walker,Walnut Grove,Secretary of State,,Lib,Ted Metz,38,16,0,0,22
Walker,Rock Spring,Secretary of State,,Lib,Ted Metz,123,62,1,0,60
Walker,Armuchee Valley,Secretary of State,,Lib,Ted Metz,30,5,0,0,25
Walker,Mountain,Secretary of State,,Lib,Ted Metz,31,7,1,0,23
Walker,Chattanooga Valley,Secretary of State,,Lib,Ted Metz,114,40,5,0,69
Walker,Kensington,Secretary of State,,Lib,Ted Metz,32,8,0,0,24
Walker,Rossville,Secretary of State,,Lib,Ted Metz,85,40,2,0,43
Walker,Chickamauga,Secretary of State,,Lib,Ted Metz,123,56,2,0,65
Walker,Fairyland,Secretary of State,,Lib,Ted Metz,36,8,0,0,28
Walker,Fairview,Secretary of State,,Lib,Ted Metz,47,20,0,0,27
Walker,La Fayette,Attorney General,,Rep,Chris Carr ,2462,1275,99,3,1085
Walker,Walnut Grove,Attorney General,,Rep,Chris Carr ,1074,461,29,0,584
Walker,Rock Spring,Attorney General,,Rep,Chris Carr ,3020,1736,101,1,1182
Walker,Armuchee Valley,Attorney General,,Rep,Chris Carr ,738,132,11,2,593
Walker,Mountain,Attorney General,,Rep,Chris Carr ,584,137,15,1,431
Walker,Chattanooga Valley,Attorney General,,Rep,Chris Carr ,2636,1260,126,2,1248
Walker,Kensington,Attorney General,,Rep,Chris Carr ,598,153,12,0,433
Walker,Rossville,Attorney General,,Rep,Chris Carr ,1835,1009,73,0,753
Walker,Chickamauga,Attorney General,,Rep,Chris Carr ,3177,1866,91,0,1220
Walker,Fairyland,Attorney General,,Rep,Chris Carr ,581,246,19,0,316
Walker,Fairview,Attorney General,,Rep,Chris Carr ,1001,438,43,2,518
Walker,La Fayette,Attorney General,,Dem,"Jennifer """"Jen"""" Jordan",544,275,65,0,204
Walker,Walnut Grove,Attorney General,,Dem,"Jennifer """"Jen"""" Jordan",103,56,10,0,37
Walker,Rock Spring,Attorney General,,Dem,"Jennifer """"Jen"""" Jordan",480,279,55,0,146
Walker,Armuchee Valley,Attorney General,,Dem,"Jennifer """"Jen"""" Jordan",112,34,10,0,68
Walker,Mountain,Attorney General,,Dem,"Jennifer """"Jen"""" Jordan",126,53,14,0,59
Walker,Chattanooga Valley,Attorney General,,Dem,"Jennifer """"Jen"""" Jordan",679,304,103,0,272
Walker,Kensington,Attorney General,,Dem,"Jennifer """"Jen"""" Jordan",130,62,15,0,53
Walker,Rossville,Attorney General,,Dem,"Jennifer """"Jen"""" Jordan",649,327,74,0,248
Walker,Chickamauga,Attorney General,,Dem,"Jennifer """"Jen"""" Jordan",556,302,64,0,190
Walker,Fairyland,Attorney General,,Dem,"Jennifer """"Jen"""" Jordan",230,112,14,0,104
Walker,Fairview,Attorney General,,Dem,"Jennifer """"Jen"""" Jordan",257,125,27,0,105
Walker,La Fayette,Attorney General,,Lib,Martin Cowen,54,23,1,0,30
Walker,Walnut Grove,Attorney General,,Lib,Martin Cowen,13,4,0,0,9
Walker,Rock Spring,Attorney General,,Lib,Martin Cowen,46,22,0,0,24
Walker,Armuchee Valley,Attorney General,,Lib,Martin Cowen,11,1,0,0,10
Walker,Mountain,Attorney General,,Lib,Martin Cowen,13,2,0,0,11
Walker,Chattanooga Valley,Attorney General,,Lib,Martin Cowen,59,17,1,0,41
Walker,Kensington,Attorney General,,Lib,Martin Cowen,13,6,0,0,7
Walker,Rossville,Attorney General,,Lib,Martin Cowen,47,18,2,0,27
Walker,Chickamauga,Attorney General,,Lib,Martin Cowen,52,17,2,0,33
Walker,Fairyland,Attorney General,,Lib,Martin Cowen,16,5,0,0,11
Walker,Fairview,Attorney General,,Lib,Martin Cowen,17,6,0,0,11
Walker,La Fayette,Commissioner Of Agriculture,,Rep,Tyler Harper,2483,1279,104,3,1097
Walker,Walnut Grove,Commissioner Of Agriculture,,Rep,Tyler Harper,1071,457,29,0,585
Walker,Rock Spring,Commissioner Of Agriculture,,Rep,Tyler Harper,3039,1751,105,1,1182
Walker,Armuchee Valley,Commissioner Of Agriculture,,Rep,Tyler Harper,742,130,12,2,598
Walker,Mountain,Commissioner Of Agriculture,,Rep,Tyler Harper,591,141,16,1,433
Walker,Chattanooga Valley,Commissioner Of Agriculture,,Rep,Tyler Harper,2627,1255,122,2,1248
Walker,Kensington,Commissioner Of Agriculture,,Rep,Tyler Harper,614,160,14,0,440
Walker,Rossville,Commissioner Of Agriculture,,Rep,Tyler Harper,1856,1017,74,0,765
Walker,Chickamauga,Commissioner Of Agriculture,,Rep,Tyler Harper,3201,1887,90,0,1224
Walker,Fairyland,Commissioner Of Agriculture,,Rep,Tyler Harper,595,252,19,0,324
Walker,Fairview,Commissioner Of Agriculture,,Rep,Tyler Harper,1007,444,45,2,516
Walker,La Fayette,Commissioner Of Agriculture,,Dem,Nakita Hemingway,502,254,60,0,188
Walker,Walnut Grove,Commissioner Of Agriculture,,Dem,Nakita Hemingway,100,55,10,0,35
Walker,Rock Spring,Commissioner Of Agriculture,,Dem,Nakita Hemingway,441,259,46,0,136
Walker,Armuchee Valley,Commissioner Of Agriculture,,Dem,Nakita Hemingway,105,34,9,0,62
Walker,Mountain,Commissioner Of Agriculture,,Dem,Nakita Hemingway,117,47,13,0,57
Walker,Chattanooga Valley,Commissioner Of Agriculture,,Dem,Nakita Hemingway,653,292,103,0,258
Walker,Kensington,Commissioner Of Agriculture,,Dem,Nakita Hemingway,116,59,11,0,46
Walker,Rossville,Commissioner Of Agriculture,,Dem,Nakita Hemingway,616,310,71,0,235
Walker,Chickamauga,Commissioner Of Agriculture,,Dem,Nakita Hemingway,504,272,62,0,170
Walker,Fairyland,Commissioner Of Agriculture,,Dem,Nakita Hemingway,205,97,14,0,94
Walker,Fairview,Commissioner Of Agriculture,,Dem,Nakita Hemingway,241,112,25,0,104
Walker,La Fayette,Commissioner Of Agriculture,,Lib,David Raudabaugh,71,37,2,0,32
Walker,Walnut Grove,Commissioner Of Agriculture,,Lib,David Raudabaugh,19,6,0,0,13
Walker,Rock Spring,Commissioner Of Agriculture,,Lib,David Raudabaugh,59,24,1,0,34
Walker,Armuchee Valley,Commissioner Of Agriculture,,Lib,David Raudabaugh,11,3,0,0,8
Walker,Mountain,Commissioner Of Agriculture,,Lib,David Raudabaugh,13,2,0,0,11
Walker,Chattanooga Valley,Commissioner Of Agriculture,,Lib,David Raudabaugh,84,27,3,0,54
Walker,Kensington,Commissioner Of Agriculture,,Lib,David Raudabaugh,14,4,1,0,9
Walker,Rossville,Commissioner Of Agriculture,,Lib,David Raudabaugh,53,24,1,0,28
Walker,Chickamauga,Commissioner Of Agriculture,,Lib,David Raudabaugh,78,29,2,0,47
Walker,Fairyland,Commissioner Of Agriculture,,Lib,David Raudabaugh,22,9,0,0,13
Walker,Fairview,Commissioner Of Agriculture,,Lib,David Raudabaugh,23,7,0,0,16
Walker,La Fayette,Commissioner Of Insurance,,Rep,John King ,2510,1290,104,3,1113
Walker,Walnut Grove,Commissioner Of Insurance,,Rep,John King ,1082,462,30,0,590
Walker,Rock Spring,Commissioner Of Insurance,,Rep,John King ,3055,1751,101,1,1202
Walker,Armuchee Valley,Commissioner Of Insurance,,Rep,John King ,748,133,11,2,602
Walker,Mountain,Commissioner Of Insurance,,Rep,John King ,598,142,15,1,440
Walker,Chattanooga Valley,Commissioner Of Insurance,,Rep,John King ,2681,1273,125,2,1281
Walker,Kensington,Commissioner Of Insurance,,Rep,John King ,611,155,13,0,443
Walker,Rossville,Commissioner Of Insurance,,Rep,John King ,1886,1028,78,0,780
Walker,Chickamauga,Commissioner Of Insurance,,Rep,John King ,3243,1895,92,0,1256
Walker,Fairyland,Commissioner Of Insurance,,Rep,John King ,611,260,18,0,333
Walker,Fairview,Commissioner Of Insurance,,Rep,John King ,1014,446,44,2,522
Walker,La Fayette,Commissioner Of Insurance,,Dem,Janice Laws Robinson,534,271,62,0,201
Walker,Walnut Grove,Commissioner Of Insurance,,Dem,Janice Laws Robinson,108,57,9,0,42
Walker,Rock Spring,Commissioner Of Insurance,,Dem,Janice Laws Robinson,464,271,52,0,141
Walker,Armuchee Valley,Commissioner Of Insurance,,Dem,Janice Laws Robinson,107,34,10,0,63
Walker,Mountain,Commissioner Of Insurance,,Dem,Janice Laws Robinson,119,47,14,0,58
Walker,Chattanooga Valley,Commissioner Of Insurance,,Dem,Janice Laws Robinson,673,301,101,0,271
Walker,Kensington,Commissioner Of Insurance,,Dem,Janice Laws Robinson,125,62,14,0,49
Walker,Rossville,Commissioner Of Insurance,,Dem,Janice Laws Robinson,630,317,70,0,243
Walker,Chickamauga,Commissioner Of Insurance,,Dem,Janice Laws Robinson,520,281,62,0,177
Walker,Fairyland,Commissioner Of Insurance,,Dem,Janice Laws Robinson,208,98,14,0,96
Walker,Fairview,Commissioner Of Insurance,,Dem,Janice Laws Robinson,252,118,25,0,109
Walker,La Fayette,State School Superintendent,,Rep,Richard Woods ,2518,1303,103,3,1109
Walker,Walnut Grove,State School Superintendent,,Rep,Richard Woods ,1078,460,29,0,589
Walker,Rock Spring,State School Superintendent,,Rep,Richard Woods ,3083,1765,105,1,1212
Walker,Armuchee Valley,State School Superintendent,,Rep,Richard Woods ,756,132,12,2,610
Walker,Mountain,State School Superintendent,,Rep,Richard Woods ,599,138,15,1,445
Walker,Chattanooga Valley,State School Superintendent,,Rep,Richard Woods ,2693,1283,127,2,1281
Walker,Kensington,State School Superintendent,,Rep,Richard Woods ,615,157,12,0,446
Walker,Rossville,State School Superintendent,,Rep,Richard Woods ,1882,1036,78,0,768
Walker,Chickamauga,State School Superintendent,,Rep,Richard Woods ,3242,1892,92,0,1258
Walker,Fairyland,State School Superintendent,,Rep,Richard Woods ,598,256,19,0,323
Walker,Fairview,State School Superintendent,,Rep,Richard Woods ,1021,446,44,2,529
Walker,La Fayette,State School Superintendent,,Dem,Alisha Thomas Searcy,531,260,63,0,208
Walker,Walnut Grove,State School Superintendent,,Dem,Alisha Thomas Searcy,112,60,10,0,42
Walker,Rock Spring,State School Superintendent,,Dem,Alisha Thomas Searcy,455,269,49,0,137
Walker,Armuchee Valley,State School Superintendent,,Dem,Alisha Thomas Searcy,104,36,9,0,59
Walker,Mountain,State School Superintendent,,Dem,Alisha Thomas Searcy,124,52,13,0,59
Walker,Chattanooga Valley,State School Superintendent,,Dem,Alisha Thomas Searcy,660,288,99,0,273
Walker,Kensington,State School Superintendent,,Dem,Alisha Thomas Searcy,126,62,15,0,49
Walker,Rossville,State School Superintendent,,Dem,Alisha Thomas Searcy,643,313,70,0,260
Walker,Chickamauga,State School Superintendent,,Dem,Alisha Thomas Searcy,530,289,62,0,179
Walker,Fairyland,State School Superintendent,,Dem,Alisha Thomas Searcy,221,104,14,0,103
Walker,Fairview,State School Superintendent,,Dem,Alisha Thomas Searcy,251,118,27,0,106
Walker,La Fayette,Commissioner Of Labor,,Rep,Bruce Thompson,2457,1265,102,3,1087
Walker,Walnut Grove,Commissioner Of Labor,,Rep,Bruce Thompson,1069,459,29,0,581
Walker,Rock Spring,Commissioner Of Labor,,Rep,Bruce Thompson,3023,1749,99,1,1174
Walker,Armuchee Valley,Commissioner Of Labor,,Rep,Bruce Thompson,742,132,11,2,597
Walker,Mountain,Commissioner Of Labor,,Rep,Bruce Thompson,584,138,15,1,430
Walker,Chattanooga Valley,Commissioner Of Labor,,Rep,Bruce Thompson,2599,1247,119,2,1231
Walker,Kensington,Commissioner Of Labor,,Rep,Bruce Thompson,599,153,12,0,434
Walker,Rossville,Commissioner Of Labor,,Rep,Bruce Thompson,1848,1017,74,0,757
Walker,Chickamauga,Commissioner Of Labor,,Rep,Bruce Thompson,3166,1853,86,0,1227
Walker,Fairyland,Commissioner Of Labor,,Rep,Bruce Thompson,587,249,18,0,320
Walker,Fairview,Commissioner Of Labor,,Rep,Bruce Thompson,992,431,43,2,516
Walker,La Fayette,Commissioner Of Labor,,Dem,"William """"Will"""" Boddie, Jr",519,264,62,0,193
Walker,Walnut Grove,Commissioner Of Labor,,Dem,"William """"Will"""" Boddie, Jr",102,53,9,0,40
Walker,Rock Spring,Commissioner Of Labor,,Dem,"William """"Will"""" Boddie, Jr",453,263,50,0,140
Walker,Armuchee Valley,Commissioner Of Labor,,Dem,"William """"Will"""" Boddie, Jr",102,33,10,0,59
Walker,Mountain,Commissioner Of Labor,,Dem,"William """"Will"""" Boddie, Jr",120,50,13,0,57
Walker,Chattanooga Valley,Commissioner Of Labor,,Dem,"William """"Will"""" Boddie, Jr",665,300,106,0,259
Walker,Kensington,Commissioner Of Labor,,Dem,"William """"Will"""" Boddie, Jr",127,62,15,0,50
Walker,Rossville,Commissioner Of Labor,,Dem,"William """"Will"""" Boddie, Jr",613,310,70,0,233
Walker,Chickamauga,Commissioner Of Labor,,Dem,"William """"Will"""" Boddie, Jr",536,291,66,0,179
Walker,Fairyland,Commissioner Of Labor,,Dem,"William """"Will"""" Boddie, Jr",210,104,14,0,92
Walker,Fairview,Commissioner Of Labor,,Dem,"William """"Will"""" Boddie, Jr",250,125,26,0,99
Walker,La Fayette,Commissioner Of Labor,,Lib,Emily Anderson,78,38,2,0,38
Walker,Walnut Grove,Commissioner Of Labor,,Lib,Emily Anderson,15,5,1,0,9
Walker,Rock Spring,Commissioner Of Labor,,Lib,Emily Anderson,56,24,2,0,30
Walker,Armuchee Valley,Commissioner Of Labor,,Lib,Emily Anderson,14,3,0,0,11
Walker,Mountain,Commissioner Of Labor,,Lib,Emily Anderson,13,1,0,0,12
Walker,Chattanooga Valley,Commissioner Of Labor,,Lib,Emily Anderson,88,22,2,0,64
Walker,Kensington,Commissioner Of Labor,,Lib,Emily Anderson,13,5,0,0,8
Walker,Rossville,Commissioner Of Labor,,Lib,Emily Anderson,69,29,2,0,38
Walker,Chickamauga,Commissioner Of Labor,,Lib,Emily Anderson,64,30,1,0,33
Walker,Fairyland,Commissioner Of Labor,,Lib,Emily Anderson,22,5,0,0,17
Walker,Fairview,Commissioner Of Labor,,Lib,Emily Anderson,30,9,0,0,21
Walker,La Fayette,U.S. House,14,Rep,Marjorie Taylor Greene ,2304,1189,88,3,1024
Walker,Walnut Grove,U.S. House,14,Rep,Marjorie Taylor Greene ,1011,428,28,0,555
Walker,Rock Spring,U.S. House,14,Rep,Marjorie Taylor Greene ,2850,1640,88,1,1121
Walker,Armuchee Valley,U.S. House,14,Rep,Marjorie Taylor Greene ,710,122,9,1,578
Walker,Mountain,U.S. House,14,Rep,Marjorie Taylor Greene ,542,123,11,1,407
Walker,Chattanooga Valley,U.S. House,14,Rep,Marjorie Taylor Greene ,2422,1158,104,2,1158
Walker,Kensington,U.S. House,14,Rep,Marjorie Taylor Greene ,566,149,11,0,406
Walker,Rossville,U.S. House,14,Rep,Marjorie Taylor Greene ,1748,960,60,0,728
Walker,Chickamauga,U.S. House,14,Rep,Marjorie Taylor Greene ,2971,1729,78,0,1164
Walker,Fairyland,U.S. House,14,Rep,Marjorie Taylor Greene ,470,207,16,0,247
Walker,Fairview,U.S. House,14,Rep,Marjorie Taylor Greene ,957,416,40,2,499
Walker,La Fayette,U.S. House,14,Dem,Marcus Flowers,732,370,75,0,287
Walker,Walnut Grove,U.S. House,14,Dem,Marcus Flowers,174,86,11,0,77
Walker,Rock Spring,U.S. House,14,Dem,Marcus Flowers,661,374,65,0,222
Walker,Armuchee Valley,U.S. House,14,Dem,Marcus Flowers,149,44,12,0,93
Walker,Mountain,U.S. House,14,Dem,Marcus Flowers,176,66,15,0,95
Walker,Chattanooga Valley,U.S. House,14,Dem,Marcus Flowers,894,396,122,0,376
Walker,Kensington,U.S. House,14,Dem,Marcus Flowers,170,71,16,0,83
Walker,Rossville,U.S. House,14,Dem,Marcus Flowers,778,385,88,0,305
Walker,Chickamauga,U.S. House,14,Dem,Marcus Flowers,770,429,77,0,264
Walker,Fairyland,U.S. House,14,Dem,Marcus Flowers,333,149,15,0,169
Walker,Fairview,U.S. House,14,Dem,Marcus Flowers,321,151,32,0,138
Walker,La Fayette,State Senate,53,Rep,Colton Moore,2713,1382,118,3,1210
Walker,Walnut Grove,State Senate,53,Rep,Colton Moore,1105,468,27,0,610
Walker,Rock Spring,State Senate,53,Rep,Colton Moore,3205,1831,116,1,1257
Walker,Armuchee Valley,State Senate,53,Rep,Colton Moore,788,142,10,1,635
Walker,Mountain,State Senate,53,Rep,Colton Moore,634,155,14,1,464
Walker,Chattanooga Valley,State Senate,53,Rep,Colton Moore,2918,1390,143,2,1383
Walker,Kensington,State Senate,53,Rep,Colton Moore,649,176,16,0,457
Walker,Rossville,State Senate,53,Rep,Colton Moore,2090,1124,86,0,880
Walker,Chickamauga,State Senate,53,Rep,Colton Moore,3355,1938,101,0,1316
Walker,Fairyland,State Senate,53,Rep,Colton Moore,643,271,18,0,354
Walker,Fairview,State Senate,53,Rep,Colton Moore,1106,482,48,2,574
Walker,La Fayette,State House,1,Rep,Mike Cameron ,2554,1287,122,2,1143
Walker,Walnut Grove,State House,1,Rep,Mike Cameron ,402,164,11,0,227
Walker,Mountain,State House,1,Rep,Mike Cameron ,631,155,15,1,460
Walker,Chattanooga Valley,State House,1,Rep,Mike Cameron ,2920,1386,143,1,1390
Walker,Kensington,State House,1,Rep,Mike Cameron ,656,179,16,0,461
Walker,Rossville,State House,1,Rep,Mike Cameron ,2107,1138,89,0,880
Walker,Chickamauga,State House,1,Rep,Mike Cameron ,99,63,7,0,29
Walker,Fairyland,State House,1,Rep,Mike Cameron ,659,280,19,0,360
Walker,Fairview,State House,1,Rep,Mike Cameron ,1110,484,49,1,576
Walker,La Fayette,State House,2,Rep,Steve Tarvin ,164,92,3,0,69
Walker,Walnut Grove,State House,2,Rep,Steve Tarvin ,707,310,18,0,379
Walker,Rock Spring,State House,2,Rep,Steve Tarvin ,3186,1821,124,1,1240
Walker,Armuchee Valley,State House,2,Rep,Steve Tarvin ,789,140,12,2,635
Walker,Chickamauga,State House,2,Rep,Steve Tarvin ,3262,1874,99,0,1289
Walker,Chattanooga Valley,County Commissioner Dist 1,,Rep,Robert Blakemore ,91,34,4,0,53
Walker,Rossville,County Commissioner Dist 1,,Rep,Robert Blakemore ,1888,1037,71,0,780
Walker,Fairview,County Commissioner Dist 1,,Rep,Robert Blakemore ,1018,448,42,1,527
Walker,Chattanooga Valley,County Commissioner Dist 1,,Dem,Bobby McDonald,28,10,0,0,18
Walker,Rossville,County Commissioner Dist 1,,Dem,Bobby McDonald,627,307,75,0,245
Walker,Fairview,County Commissioner Dist 1,,Dem,Bobby McDonald,253,117,28,0,108
Walker,Rock Spring,County Commissioner Dist 2,,Rep,Mark Askew ,1790,986,69,0,735
Walker,Chattanooga Valley,County Commissioner Dist 2,,Rep,Mark Askew ,465,264,23,0,178
Walker,Chickamauga,County Commissioner Dist 2,,Rep,Mark Askew ,3386,1960,106,0,1320
Walker,La Fayette,County Board of Education Post 2,,Rep,Karen Harden ,2716,1372,122,3,1219
Walker,Walnut Grove,County Board of Education Post 2,,Rep,Karen Harden ,1113,478,28,0,607
Walker,Rock Spring,County Board of Education Post 2,,Rep,Karen Harden ,3216,1842,116,1,1257
Walker,Armuchee Valley,County Board of Education Post 2,,Rep,Karen Harden ,791,142,11,1,637
Walker,Mountain,County Board of Education Post 2,,Rep,Karen Harden ,631,156,16,1,458
Walker,Chattanooga Valley,County Board of Education Post 2,,Rep,Karen Harden ,2923,1391,141,2,1389
Walker,Kensington,County Board of Education Post 2,,Rep,Karen Harden ,653,175,17,0,461
Walker,Rossville,County Board of Education Post 2,,Rep,Karen Harden ,2134,1153,90,0,891
Walker,Chickamauga,County Board of Education Post 2,,Rep,Karen Harden ,2344,1366,72,0,906
Walker,Fairyland,County Board of Education Post 2,,Rep,Karen Harden ,667,286,19,0,362
Walker,Fairview,County Board of Education Post 2,,Rep,Karen Harden ,1121,492,50,2,577
Walker,La Fayette,County Board of Education Post 3,,Rep,Mike Carruth ,2708,1371,120,3,1214
Walker,Walnut Grove,County Board of Education Post 3,,Rep,Mike Carruth ,1110,478,28,0,604
Walker,Rock Spring,County Board of Education Post 3,,Rep,Mike Carruth ,3214,1835,114,1,1264
Walker,Armuchee Valley,County Board of Education Post 3,,Rep,Mike Carruth ,784,143,11,1,629
Walker,Mountain,County Board of Education Post 3,,Rep,Mike Carruth ,631,156,17,1,457
Walker,Chattanooga Valley,County Board of Education Post 3,,Rep,Mike Carruth ,2955,1405,147,2,1401
Walker,Kensington,County Board of Education Post 3,,Rep,Mike Carruth ,644,173,15,0,456
Walker,Rossville,County Board of Education Post 3,,Rep,Mike Carruth ,2119,1142,89,0,888
Walker,Chickamauga,County Board of Education Post 3,,Rep,Mike Carruth ,2339,1363,71,0,905
Walker,Fairyland,County Board of Education Post 3,,Rep,Mike Carruth ,666,286,19,0,361
Walker,Fairview,County Board of Education Post 3,,Rep,Mike Carruth ,1109,482,48,2,577
Walker,La Fayette,Constitutional Amendment #1,,,Yes,2668,1378,153,2,1135
Walker,Walnut Grove,Constitutional Amendment #1,,,Yes,1019,451,39,0,529
Walker,Rock Spring,Constitutional Amendment #1,,,Yes,3102,1774,143,1,1184
Walker,Armuchee Valley,Constitutional Amendment #1,,,Yes,735,154,20,2,559
Walker,Mountain,Constitutional Amendment #1,,,Yes,615,173,28,1,413
Walker,Chattanooga Valley,Constitutional Amendment #1,,,Yes,2939,1360,194,2,1383
Walker,Kensington,Constitutional Amendment #1,,,Yes,645,190,25,0,430
Walker,Rossville,Constitutional Amendment #1,,,Yes,2193,1162,133,0,898
Walker,Chickamauga,Constitutional Amendment #1,,,Yes,3250,1878,135,0,1237
Walker,Fairyland,Constitutional Amendment #1,,,Yes,730,329,26,0,375
Walker,Fairview,Constitutional Amendment #1,,,Yes,1106,485,59,2,560
Walker,La Fayette,Constitutional Amendment #1,,,No,323,150,11,1,161
Walker,Walnut Grove,Constitutional Amendment #1,,,No,146,54,0,0,92
Walker,Rock Spring,Constitutional Amendment #1,,,No,371,219,9,0,143
Walker,Armuchee Valley,Constitutional Amendment #1,,,No,101,14,1,0,86
Walker,Mountain,Constitutional Amendment #1,,,No,91,15,0,0,76
Walker,Chattanooga Valley,Constitutional Amendment #1,,,No,358,175,27,0,156
Walker,Kensington,Constitutional Amendment #1,,,No,81,27,2,0,52
Walker,Rossville,Constitutional Amendment #1,,,No,267,149,8,0,110
Walker,Chickamauga,Constitutional Amendment #1,,,No,418,235,18,0,165
Walker,Fairyland,Constitutional Amendment #1,,,No,78,31,6,0,41
Walker,Fairview,Constitutional Amendment #1,,,No,135,64,11,0,60
Walker,La Fayette,Constitutional Amendment #2,,,Yes,2810,1433,157,3,1217
Walker,Walnut Grove,Constitutional Amendment #2,,,Yes,1060,470,39,0,551
Walker,Rock Spring,Constitutional Amendment #2,,,Yes,3250,1851,143,1,1255
Walker,Armuchee Valley,Constitutional Amendment #2,,,Yes,757,146,20,2,589
Walker,Mountain,Constitutional Amendment #2,,,Yes,653,173,28,0,452
Walker,Chattanooga Valley,Constitutional Amendment #2,,,Yes,3103,1441,212,2,1448
Walker,Kensington,Constitutional Amendment #2,,,Yes,663,193,24,0,446
Walker,Rossville,Constitutional Amendment #2,,,Yes,2330,1233,138,0,959
Walker,Chickamauga,Constitutional Amendment #2,,,Yes,3455,1996,144,0,1315
Walker,Fairyland,Constitutional Amendment #2,,,Yes,758,338,27,0,393
Walker,Fairview,Constitutional Amendment #2,,,Yes,1169,518,61,2,588
Walker,La Fayette,Constitutional Amendment #2,,,No,201,113,7,0,81
Walker,Walnut Grove,Constitutional Amendment #2,,,No,109,39,0,0,70
Walker,Rock Spring,Constitutional Amendment #2,,,No,249,153,9,0,87
Walker,Armuchee Valley,Constitutional Amendment #2,,,No,86,21,0,0,65
Walker,Mountain,Constitutional Amendment #2,,,No,55,14,0,1,40
Walker,Chattanooga Valley,Constitutional Amendment #2,,,No,220,113,10,0,97
Walker,Kensington,Constitutional Amendment #2,,,No,68,25,3,0,40
Walker,Rossville,Constitutional Amendment #2,,,No,160,95,7,0,58
Walker,Chickamauga,Constitutional Amendment #2,,,No,263,154,9,0,100
Walker,Fairyland,Constitutional Amendment #2,,,No,53,22,3,0,28
Walker,Fairview,Constitutional Amendment #2,,,No,91,42,8,0,41
Walker,La Fayette,Statewide Referendum A,,,Yes,1877,930,74,3,870
Walker,Walnut Grove,Statewide Referendum A,,,Yes,733,326,18,0,389
Walker,Rock Spring,Statewide Referendum A,,,Yes,2124,1208,73,1,842
Walker,Armuchee Valley,Statewide Referendum A,,,Yes,539,93,11,2,433
Walker,Mountain,Statewide Referendum A,,,Yes,404,105,16,1,282
Walker,Chattanooga Valley,Statewide Referendum A,,,Yes,1981,918,94,1,968
Walker,Kensington,Statewide Referendum A,,,Yes,462,130,16,0,316
Walker,Rossville,Statewide Referendum A,,,Yes,1464,786,54,0,624
Walker,Chickamauga,Statewide Referendum A,,,Yes,2278,1277,73,0,928
Walker,Fairyland,Statewide Referendum A,,,Yes,472,195,11,0,266
Walker,Fairview,Statewide Referendum A,,,Yes,800,336,34,1,429
Walker,La Fayette,Statewide Referendum A,,,No,1079,584,86,0,409
Walker,Walnut Grove,Statewide Referendum A,,,No,427,180,20,0,227
Walker,Rock Spring,Statewide Referendum A,,,No,1287,751,66,0,470
Walker,Armuchee Valley,Statewide Referendum A,,,No,297,73,10,0,214
Walker,Mountain,Statewide Referendum A,,,No,291,77,9,0,205
Walker,Chattanooga Valley,Statewide Referendum A,,,No,1275,602,114,1,558
Walker,Kensington,Statewide Referendum A,,,No,257,84,11,0,162
Walker,Rossville,Statewide Referendum A,,,No,967,513,79,0,375
Walker,Chickamauga,Statewide Referendum A,,,No,1353,826,71,0,456
Walker,Fairyland,Statewide Referendum A,,,No,310,150,18,0,142
Walker,Fairview,Statewide Referendum A,,,No,431,210,33,1,187
Walker,La Fayette,Statewide Referendum B,,,Yes,2442,1243,108,3,1088
Walker,Walnut Grove,Statewide Referendum B,,,Yes,979,431,29,0,519
Walker,Rock Spring,Statewide Referendum B,,,Yes,2863,1625,108,1,1129
Walker,Armuchee Valley,Statewide Referendum B,,,Yes,701,138,17,2,544
Walker,Mountain,Statewide Referendum B,,,Yes,589,162,23,1,403
Walker,Chattanooga Valley,Statewide Referendum B,,,Yes,2709,1265,152,2,1290
Walker,Kensington,Statewide Referendum B,,,Yes,620,182,22,0,416
Walker,Rossville,Statewide Referendum B,,,Yes,2011,1074,78,0,859
Walker,Chickamauga,Statewide Referendum B,,,Yes,3035,1731,103,0,1201
Walker,Fairyland,Statewide Referendum B,,,Yes,638,275,25,0,338
Walker,Fairview,Statewide Referendum B,,,Yes,1042,464,40,2,536
Walker,La Fayette,Statewide Referendum B,,,No,530,281,51,0,198
Walker,Walnut Grove,Statewide Referendum B,,,No,189,79,10,0,100
Walker,Rock Spring,Statewide Referendum B,,,No,580,353,34,0,193
Walker,Armuchee Valley,Statewide Referendum B,,,No,133,27,4,0,102
Walker,Mountain,Statewide Referendum B,,,No,113,24,2,0,87
Walker,Chattanooga Valley,Statewide Referendum B,,,No,558,264,56,0,238
Walker,Kensington,Statewide Referendum B,,,No,106,34,5,0,67
Walker,Rossville,Statewide Referendum B,,,No,440,231,54,0,155
Walker,Chickamauga,Statewide Referendum B,,,No,603,364,43,0,196
Walker,Fairyland,Statewide Referendum B,,,No,142,68,4,0,70
Walker,Fairview,Statewide Referendum B,,,No,191,82,26,0,83
Walker,La Fayette,County Package Sales Referendum,,,Yes,2077,1026,100,3,948
Walker,Walnut Grove,County Package Sales Referendum,,,Yes,738,321,22,0,395
Walker,Rock Spring,County Package Sales Referendum,,,Yes,2226,1231,93,1,901
Walker,Armuchee Valley,County Package Sales Referendum,,,Yes,535,109,13,2,411
Walker,Mountain,County Package Sales Referendum,,,Yes,473,138,19,0,316
Walker,Chattanooga Valley,County Package Sales Referendum,,,Yes,2225,995,133,2,1095
Walker,Kensington,County Package Sales Referendum,,,Yes,500,153,20,0,327
Walker,Rossville,County Package Sales Referendum,,,Yes,1669,834,82,0,753
Walker,Chickamauga,County Package Sales Referendum,,,Yes,2432,1335,86,0,1011
Walker,Fairyland,County Package Sales Referendum,,,Yes,668,292,25,0,351
Walker,Fairview,County Package Sales Referendum,,,Yes,841,358,35,1,447
Walker,La Fayette,County Package Sales Referendum,,,No,939,518,64,0,357
Walker,Walnut Grove,County Package Sales Referendum,,,No,436,193,17,0,226
Walker,Rock Spring,County Package Sales Referendum,,,No,1276,774,63,0,439
Walker,Armuchee Valley,County Package Sales Referendum,,,No,307,56,8,0,243
Walker,Mountain,County Package Sales Referendum,,,No,239,50,7,1,181
Walker,Chattanooga Valley,County Package Sales Referendum,,,No,1096,561,84,0,451
Walker,Kensington,County Package Sales Referendum,,,No,238,69,7,0,162
Walker,Rossville,County Package Sales Referendum,,,No,831,498,63,0,270
Walker,Chickamauga,County Package Sales Referendum,,,No,1307,812,70,0,425
Walker,Fairyland,County Package Sales Referendum,,,No,138,66,5,0,67
Walker,Fairview,County Package Sales Referendum,,,No,420,205,34,1,180
