county,precinct,office,district,party,candidate,votes,advance_voting_votes,absentee_by_mail_votes,provisional_votes,election_day_votes
Troup,Hollis Hand,U.S. Senate,,Rep,Herschel Walker,1642,919,94,2,627
Troup,Administration Bldg,U.S. Senate,,Rep,Herschel Walker,395,205,27,0,163
Troup,Hammett Rd,U.S. Senate,,Rep,Herschel Walker,674,321,46,0,307
Troup,Griggs Center,U.S. Senate,,Rep,Herschel Walker,66,37,2,0,27
Troup,West Point,U.S. Senate,,Rep,Herschel Walker,310,69,12,0,229
Troup,Hogansville,U.S. Senate,,Rep,Herschel Walker,1397,541,31,0,825
Troup,East Vernon,U.S. Senate,,Rep,Herschel Walker,1582,727,55,2,798
Troup,Rosemont,U.S. Senate,,Rep,Herschel Walker,2060,1050,65,2,943
Troup,McClendon,U.S. Senate,,Rep,Herschel Walker,1629,771,42,0,816
Troup,Long Cane,U.S. Senate,,Rep,Herschel Walker,1371,526,31,1,813
Troup,Gardner Newman,U.S. Senate,,Rep,Herschel Walker,887,471,32,1,383
Troup,Gray Hill,U.S. Senate,,Rep,Herschel Walker,763,231,13,2,517
Troup,Highland,U.S. Senate,,Rep,Herschel Walker,372,204,18,0,150
Troup,Northside,U.S. Senate,,Rep,Herschel Walker,789,477,40,0,272
Troup,Hollis Hand,U.S. Senate,,Dem,Raphael Warnock ,553,315,63,0,175
Troup,Administration Bldg,U.S. Senate,,Dem,Raphael Warnock ,955,473,125,0,357
Troup,Hammett Rd,U.S. Senate,,Dem,Raphael Warnock ,1250,638,90,2,520
Troup,Griggs Center,U.S. Senate,,Dem,Raphael Warnock ,824,385,106,3,330
Troup,West Point,U.S. Senate,,Dem,Raphael Warnock ,559,123,70,2,364
Troup,Hogansville,U.S. Senate,,Dem,Raphael Warnock ,702,255,67,0,380
Troup,East Vernon,U.S. Senate,,Dem,Raphael Warnock ,386,204,26,0,156
Troup,Rosemont,U.S. Senate,,Dem,Raphael Warnock ,488,292,43,0,153
Troup,McClendon,U.S. Senate,,Dem,Raphael Warnock ,537,311,46,0,180
Troup,Long Cane,U.S. Senate,,Dem,Raphael Warnock ,498,258,46,0,194
Troup,Gardner Newman,U.S. Senate,,Dem,Raphael Warnock ,680,386,55,1,238
Troup,Gray Hill,U.S. Senate,,Dem,Raphael Warnock ,275,120,16,0,139
Troup,Highland,U.S. Senate,,Dem,Raphael Warnock ,485,296,40,1,148
Troup,Northside,U.S. Senate,,Dem,Raphael Warnock ,614,343,47,0,224
Troup,Hollis Hand,U.S. Senate,,Lib,Chase Oliver,48,21,2,0,25
Troup,Administration Bldg,U.S. Senate,,Lib,Chase Oliver,21,11,2,0,8
Troup,Hammett Rd,U.S. Senate,,Lib,Chase Oliver,28,12,1,0,15
Troup,Griggs Center,U.S. Senate,,Lib,Chase Oliver,10,1,0,0,9
Troup,West Point,U.S. Senate,,Lib,Chase Oliver,13,2,1,0,10
Troup,Hogansville,U.S. Senate,,Lib,Chase Oliver,36,8,3,0,25
Troup,East Vernon,U.S. Senate,,Lib,Chase Oliver,36,18,1,0,17
Troup,Rosemont,U.S. Senate,,Lib,Chase Oliver,52,23,2,0,27
Troup,McClendon,U.S. Senate,,Lib,Chase Oliver,63,23,6,0,34
Troup,Long Cane,U.S. Senate,,Lib,Chase Oliver,34,5,2,0,27
Troup,Gardner Newman,U.S. Senate,,Lib,Chase Oliver,24,14,0,0,10
Troup,Gray Hill,U.S. Senate,,Lib,Chase Oliver,16,4,0,0,12
Troup,Highland,U.S. Senate,,Lib,Chase Oliver,11,5,0,0,6
Troup,Northside,U.S. Senate,,Lib,Chase Oliver,34,9,3,0,22
Troup,Hollis Hand,Governor,,Rep,Brian Kemp ,1811,1011,109,2,689
Troup,Administration Bldg,Governor,,Rep,Brian Kemp ,437,225,32,0,180
Troup,Hammett Rd,Governor,,Rep,Brian Kemp ,739,357,47,0,335
Troup,Griggs Center,Governor,,Rep,Brian Kemp ,68,36,7,0,25
Troup,West Point,Governor,,Rep,Brian Kemp ,326,72,11,0,243
Troup,Hogansville,Governor,,Rep,Brian Kemp ,1477,556,45,0,876
Troup,East Vernon,Governor,,Rep,Brian Kemp ,1672,765,59,2,846
Troup,Rosemont,Governor,,Rep,Brian Kemp ,2168,1100,74,2,992
Troup,McClendon,Governor,,Rep,Brian Kemp ,1726,823,55,0,848
Troup,Long Cane,Governor,,Rep,Brian Kemp ,1451,549,38,1,863
Troup,Gardner Newman,Governor,,Rep,Brian Kemp ,939,502,37,1,399
Troup,Gray Hill,Governor,,Rep,Brian Kemp ,787,237,16,2,532
Troup,Highland,Governor,,Rep,Brian Kemp ,398,222,17,0,159
Troup,Northside,Governor,,Rep,Brian Kemp ,865,511,47,0,307
Troup,Hollis Hand,Governor,,Dem,Stacey Abrams,435,254,48,0,133
Troup,Administration Bldg,Governor,,Dem,Stacey Abrams,940,466,122,0,352
Troup,Hammett Rd,Governor,,Dem,Stacey Abrams,1210,616,90,2,502
Troup,Griggs Center,Governor,,Dem,Stacey Abrams,828,386,102,3,337
Troup,West Point,Governor,,Dem,Stacey Abrams,564,126,72,2,364
Troup,Hogansville,Governor,,Dem,Stacey Abrams,646,244,57,0,345
Troup,East Vernon,Governor,,Dem,Stacey Abrams,335,182,23,0,130
Troup,Rosemont,Governor,,Dem,Stacey Abrams,428,264,37,0,127
Troup,McClendon,Governor,,Dem,Stacey Abrams,494,284,39,0,171
Troup,Long Cane,Governor,,Dem,Stacey Abrams,445,241,41,0,163
Troup,Gardner Newman,Governor,,Dem,Stacey Abrams,640,365,50,1,224
Troup,Gray Hill,Governor,,Dem,Stacey Abrams,262,118,13,0,131
Troup,Highland,Governor,,Dem,Stacey Abrams,469,283,41,1,144
Troup,Northside,Governor,,Dem,Stacey Abrams,566,319,43,0,204
Troup,Hollis Hand,Governor,,Lib,Shane Hazel,13,3,2,0,8
Troup,Administration Bldg,Governor,,Lib,Shane Hazel,5,3,1,0,1
Troup,Hammett Rd,Governor,,Lib,Shane Hazel,8,2,0,0,6
Troup,Griggs Center,Governor,,Lib,Shane Hazel,5,2,0,0,3
Troup,West Point,Governor,,Lib,Shane Hazel,3,1,1,0,1
Troup,Hogansville,Governor,,Lib,Shane Hazel,14,4,0,0,10
Troup,East Vernon,Governor,,Lib,Shane Hazel,7,5,0,0,2
Troup,Rosemont,Governor,,Lib,Shane Hazel,10,5,0,0,5
Troup,McClendon,Governor,,Lib,Shane Hazel,18,2,0,0,16
Troup,Long Cane,Governor,,Lib,Shane Hazel,13,3,0,0,10
Troup,Gardner Newman,Governor,,Lib,Shane Hazel,10,5,0,0,5
Troup,Gray Hill,Governor,,Lib,Shane Hazel,8,1,0,0,7
Troup,Highland,Governor,,Lib,Shane Hazel,2,0,1,0,1
Troup,Northside,Governor,,Lib,Shane Hazel,14,5,0,0,9
Troup,Hollis Hand,Lieutenant Governor,,Rep,Burt Jones,1702,960,98,2,642
Troup,Administration Bldg,Lieutenant Governor,,Rep,Burt Jones,418,219,30,0,169
Troup,Hammett Rd,Lieutenant Governor,,Rep,Burt Jones,721,349,48,0,324
Troup,Griggs Center,Lieutenant Governor,,Rep,Burt Jones,77,39,5,0,33
Troup,West Point,Lieutenant Governor,,Rep,Burt Jones,313,71,11,0,231
Troup,Hogansville,Lieutenant Governor,,Rep,Burt Jones,1436,548,41,0,847
Troup,East Vernon,Lieutenant Governor,,Rep,Burt Jones,1623,748,58,2,815
Troup,Rosemont,Lieutenant Governor,,Rep,Burt Jones,2108,1074,68,2,964
Troup,McClendon,Lieutenant Governor,,Rep,Burt Jones,1685,805,51,0,829
Troup,Long Cane,Lieutenant Governor,,Rep,Burt Jones,1412,542,32,1,837
Troup,Gardner Newman,Lieutenant Governor,,Rep,Burt Jones,922,495,36,1,390
Troup,Gray Hill,Lieutenant Governor,,Rep,Burt Jones,767,230,14,2,521
Troup,Highland,Lieutenant Governor,,Rep,Burt Jones,384,209,18,0,157
Troup,Northside,Lieutenant Governor,,Rep,Burt Jones,834,495,44,0,295
Troup,Hollis Hand,Lieutenant Governor,,Dem,Charlie Bailey,485,278,56,0,151
Troup,Administration Bldg,Lieutenant Governor,,Dem,Charlie Bailey,896,442,122,0,332
Troup,Hammett Rd,Lieutenant Governor,,Dem,Charlie Bailey,1170,595,87,2,486
Troup,Griggs Center,Lieutenant Governor,,Dem,Charlie Bailey,785,368,101,2,314
Troup,West Point,Lieutenant Governor,,Dem,Charlie Bailey,527,117,70,1,339
Troup,Hogansville,Lieutenant Governor,,Dem,Charlie Bailey,633,235,57,0,341
Troup,East Vernon,Lieutenant Governor,,Dem,Charlie Bailey,346,186,22,0,138
Troup,Rosemont,Lieutenant Governor,,Dem,Charlie Bailey,457,272,40,0,145
Troup,McClendon,Lieutenant Governor,,Dem,Charlie Bailey,503,287,41,0,175
Troup,Long Cane,Lieutenant Governor,,Dem,Charlie Bailey,463,232,45,0,186
Troup,Gardner Newman,Lieutenant Governor,,Dem,Charlie Bailey,627,357,51,1,218
Troup,Gray Hill,Lieutenant Governor,,Dem,Charlie Bailey,264,118,15,0,131
Troup,Highland,Lieutenant Governor,,Dem,Charlie Bailey,462,279,41,1,141
Troup,Northside,Lieutenant Governor,,Dem,Charlie Bailey,578,324,45,0,209
Troup,Hollis Hand,Lieutenant Governor,,Lib,Ryan Graham,51,15,3,0,33
Troup,Administration Bldg,Lieutenant Governor,,Lib,Ryan Graham,36,17,1,0,18
Troup,Hammett Rd,Lieutenant Governor,,Lib,Ryan Graham,33,14,1,0,18
Troup,Griggs Center,Lieutenant Governor,,Lib,Ryan Graham,14,4,1,0,9
Troup,West Point,Lieutenant Governor,,Lib,Ryan Graham,19,4,1,1,13
Troup,Hogansville,Lieutenant Governor,,Lib,Ryan Graham,48,14,3,0,31
Troup,East Vernon,Lieutenant Governor,,Lib,Ryan Graham,30,8,3,0,19
Troup,Rosemont,Lieutenant Governor,,Lib,Ryan Graham,29,14,3,0,12
Troup,McClendon,Lieutenant Governor,,Lib,Ryan Graham,37,11,2,0,24
Troup,Long Cane,Lieutenant Governor,,Lib,Ryan Graham,19,6,2,0,11
Troup,Gardner Newman,Lieutenant Governor,,Lib,Ryan Graham,22,8,1,0,13
Troup,Gray Hill,Lieutenant Governor,,Lib,Ryan Graham,16,4,0,0,12
Troup,Highland,Lieutenant Governor,,Lib,Ryan Graham,11,8,1,0,2
Troup,Northside,Lieutenant Governor,,Lib,Ryan Graham,18,7,0,0,11
Troup,Hollis Hand,Secretary of State,,Rep,Brad Raffensperger ,1761,994,103,2,662
Troup,Administration Bldg,Secretary of State,,Rep,Brad Raffensperger ,460,242,36,0,182
Troup,Hammett Rd,Secretary of State,,Rep,Brad Raffensperger ,742,362,48,0,332
Troup,Griggs Center,Secretary of State,,Rep,Brad Raffensperger ,98,51,7,0,40
Troup,West Point,Secretary of State,,Rep,Brad Raffensperger ,331,75,12,0,244
Troup,Hogansville,Secretary of State,,Rep,Brad Raffensperger ,1443,545,44,0,854
Troup,East Vernon,Secretary of State,,Rep,Brad Raffensperger ,1612,743,61,2,806
Troup,Rosemont,Secretary of State,,Rep,Brad Raffensperger ,2094,1072,73,2,947
Troup,McClendon,Secretary of State,,Rep,Brad Raffensperger ,1685,802,52,0,831
Troup,Long Cane,Secretary of State,,Rep,Brad Raffensperger ,1420,539,36,1,844
Troup,Gardner Newman,Secretary of State,,Rep,Brad Raffensperger ,924,496,42,1,385
Troup,Gray Hill,Secretary of State,,Rep,Brad Raffensperger ,764,238,17,2,507
Troup,Highland,Secretary of State,,Rep,Brad Raffensperger ,399,221,22,0,156
Troup,Northside,Secretary of State,,Rep,Brad Raffensperger ,850,509,43,0,298
Troup,Hollis Hand,Secretary of State,,Dem,Bee Nguyen,395,217,53,0,125
Troup,Administration Bldg,Secretary of State,,Dem,Bee Nguyen,853,418,116,0,319
Troup,Hammett Rd,Secretary of State,,Dem,Bee Nguyen,1153,583,87,2,481
Troup,Griggs Center,Secretary of State,,Dem,Bee Nguyen,761,355,100,2,304
Troup,West Point,Secretary of State,,Dem,Bee Nguyen,510,113,71,1,325
Troup,Hogansville,Secretary of State,,Dem,Bee Nguyen,615,227,55,0,333
Troup,East Vernon,Secretary of State,,Dem,Bee Nguyen,325,171,22,0,132
Troup,Rosemont,Secretary of State,,Dem,Bee Nguyen,417,252,36,0,129
Troup,McClendon,Secretary of State,,Dem,Bee Nguyen,466,269,38,0,159
Troup,Long Cane,Secretary of State,,Dem,Bee Nguyen,434,224,40,0,170
Troup,Gardner Newman,Secretary of State,,Dem,Bee Nguyen,596,337,44,1,214
Troup,Gray Hill,Secretary of State,,Dem,Bee Nguyen,247,107,12,0,128
Troup,Highland,Secretary of State,,Dem,Bee Nguyen,438,266,35,1,136
Troup,Northside,Secretary of State,,Dem,Bee Nguyen,536,297,42,0,197
Troup,Hollis Hand,Secretary of State,,Lib,Ted Metz,76,40,2,0,34
Troup,Administration Bldg,Secretary of State,,Lib,Ted Metz,39,16,2,0,21
Troup,Hammett Rd,Secretary of State,,Lib,Ted Metz,32,12,1,0,19
Troup,Griggs Center,Secretary of State,,Lib,Ted Metz,14,4,2,0,8
Troup,West Point,Secretary of State,,Lib,Ted Metz,23,5,0,1,17
Troup,Hogansville,Secretary of State,,Lib,Ted Metz,59,25,2,0,32
Troup,East Vernon,Secretary of State,,Lib,Ted Metz,57,25,0,0,32
Troup,Rosemont,Secretary of State,,Lib,Ted Metz,69,32,2,0,35
Troup,McClendon,Secretary of State,,Lib,Ted Metz,67,31,3,0,33
Troup,Long Cane,Secretary of State,,Lib,Ted Metz,35,15,2,0,18
Troup,Gardner Newman,Secretary of State,,Lib,Ted Metz,45,24,1,0,20
Troup,Gray Hill,Secretary of State,,Lib,Ted Metz,28,5,0,0,23
Troup,Highland,Secretary of State,,Lib,Ted Metz,17,7,2,0,8
Troup,Northside,Secretary of State,,Lib,Ted Metz,38,17,5,0,16
Troup,Hollis Hand,Attorney General,,Rep,Chris Carr ,1744,984,101,2,657
Troup,Administration Bldg,Attorney General,,Rep,Chris Carr ,434,226,28,0,180
Troup,Hammett Rd,Attorney General,,Rep,Chris Carr ,734,354,48,0,332
Troup,Griggs Center,Attorney General,,Rep,Chris Carr ,80,40,8,0,32
Troup,West Point,Attorney General,,Rep,Chris Carr ,318,72,11,0,235
Troup,Hogansville,Attorney General,,Rep,Chris Carr ,1449,555,41,0,853
Troup,East Vernon,Attorney General,,Rep,Chris Carr ,1637,753,58,2,824
Troup,Rosemont,Attorney General,,Rep,Chris Carr ,2133,1083,73,2,975
Troup,McClendon,Attorney General,,Rep,Chris Carr ,1695,812,52,0,831
Troup,Long Cane,Attorney General,,Rep,Chris Carr ,1417,540,34,1,842
Troup,Gardner Newman,Attorney General,,Rep,Chris Carr ,922,497,38,1,386
Troup,Gray Hill,Attorney General,,Rep,Chris Carr ,770,231,14,2,523
Troup,Highland,Attorney General,,Rep,Chris Carr ,387,216,18,0,153
Troup,Northside,Attorney General,,Rep,Chris Carr ,837,499,44,0,294
Troup,Hollis Hand,Attorney General,,Dem,"Jennifer """"Jen"""" Jordan",470,262,55,0,153
Troup,Administration Bldg,Attorney General,,Dem,"Jennifer """"Jen"""" Jordan",906,451,125,0,330
Troup,Hammett Rd,Attorney General,,Dem,"Jennifer """"Jen"""" Jordan",1163,594,82,2,485
Troup,Griggs Center,Attorney General,,Dem,"Jennifer """"Jen"""" Jordan",795,374,101,2,318
Troup,West Point,Attorney General,,Dem,"Jennifer """"Jen"""" Jordan",537,118,72,2,345
Troup,Hogansville,Attorney General,,Dem,"Jennifer """"Jen"""" Jordan",649,240,59,0,350
Troup,East Vernon,Attorney General,,Dem,"Jennifer """"Jen"""" Jordan",351,186,23,0,142
Troup,Rosemont,Attorney General,,Dem,"Jennifer """"Jen"""" Jordan",447,272,38,0,137
Troup,McClendon,Attorney General,,Dem,"Jennifer """"Jen"""" Jordan",504,285,39,0,180
Troup,Long Cane,Attorney General,,Dem,"Jennifer """"Jen"""" Jordan",461,238,44,0,179
Troup,Gardner Newman,Attorney General,,Dem,"Jennifer """"Jen"""" Jordan",641,362,50,1,228
Troup,Gray Hill,Attorney General,,Dem,"Jennifer """"Jen"""" Jordan",271,119,15,0,137
Troup,Highland,Attorney General,,Dem,"Jennifer """"Jen"""" Jordan",471,283,40,1,147
Troup,Northside,Attorney General,,Dem,"Jennifer """"Jen"""" Jordan",576,318,46,0,212
Troup,Hollis Hand,Attorney General,,Lib,Martin Cowen,32,12,1,0,19
Troup,Administration Bldg,Attorney General,,Lib,Martin Cowen,21,5,1,0,15
Troup,Hammett Rd,Attorney General,,Lib,Martin Cowen,25,12,1,0,12
Troup,Griggs Center,Attorney General,,Lib,Martin Cowen,10,2,0,0,8
Troup,West Point,Attorney General,,Lib,Martin Cowen,11,3,0,0,8
Troup,Hogansville,Attorney General,,Lib,Martin Cowen,31,9,2,0,20
Troup,East Vernon,Attorney General,,Lib,Martin Cowen,16,7,2,0,7
Troup,Rosemont,Attorney General,,Lib,Martin Cowen,17,6,0,0,11
Troup,McClendon,Attorney General,,Lib,Martin Cowen,27,8,2,0,17
Troup,Long Cane,Attorney General,,Lib,Martin Cowen,13,5,0,0,8
Troup,Gardner Newman,Attorney General,,Lib,Martin Cowen,18,5,0,0,13
Troup,Gray Hill,Attorney General,,Lib,Martin Cowen,8,2,0,0,6
Troup,Highland,Attorney General,,Lib,Martin Cowen,8,4,2,0,2
Troup,Northside,Attorney General,,Lib,Martin Cowen,21,10,0,0,11
Troup,Hollis Hand,Commissioner Of Agriculture,,Rep,Tyler Harper,1794,1011,105,2,676
Troup,Administration Bldg,Commissioner Of Agriculture,,Rep,Tyler Harper,443,238,30,0,175
Troup,Hammett Rd,Commissioner Of Agriculture,,Rep,Tyler Harper,742,357,53,0,332
Troup,Griggs Center,Commissioner Of Agriculture,,Rep,Tyler Harper,76,41,6,0,29
Troup,West Point,Commissioner Of Agriculture,,Rep,Tyler Harper,319,72,11,0,236
Troup,Hogansville,Commissioner Of Agriculture,,Rep,Tyler Harper,1462,553,44,0,865
Troup,East Vernon,Commissioner Of Agriculture,,Rep,Tyler Harper,1652,767,58,2,825
Troup,Rosemont,Commissioner Of Agriculture,,Rep,Tyler Harper,2144,1095,72,2,975
Troup,McClendon,Commissioner Of Agriculture,,Rep,Tyler Harper,1723,822,52,0,849
Troup,Long Cane,Commissioner Of Agriculture,,Rep,Tyler Harper,1429,540,34,1,854
Troup,Gardner Newman,Commissioner Of Agriculture,,Rep,Tyler Harper,926,492,41,1,392
Troup,Gray Hill,Commissioner Of Agriculture,,Rep,Tyler Harper,777,234,17,2,524
Troup,Highland,Commissioner Of Agriculture,,Rep,Tyler Harper,397,218,19,0,160
Troup,Northside,Commissioner Of Agriculture,,Rep,Tyler Harper,864,517,46,0,301
Troup,Hollis Hand,Commissioner Of Agriculture,,Dem,Nakita Hemingway,401,226,47,0,128
Troup,Administration Bldg,Commissioner Of Agriculture,,Dem,Nakita Hemingway,880,433,120,0,327
Troup,Hammett Rd,Commissioner Of Agriculture,,Dem,Nakita Hemingway,1155,585,82,2,486
Troup,Griggs Center,Commissioner Of Agriculture,,Dem,Nakita Hemingway,796,372,102,3,319
Troup,West Point,Commissioner Of Agriculture,,Dem,Nakita Hemingway,527,119,71,1,336
Troup,Hogansville,Commissioner Of Agriculture,,Dem,Nakita Hemingway,616,230,56,0,330
Troup,East Vernon,Commissioner Of Agriculture,,Dem,Nakita Hemingway,323,169,22,0,132
Troup,Rosemont,Commissioner Of Agriculture,,Dem,Nakita Hemingway,413,247,39,0,127
Troup,McClendon,Commissioner Of Agriculture,,Dem,Nakita Hemingway,463,272,36,0,155
Troup,Long Cane,Commissioner Of Agriculture,,Dem,Nakita Hemingway,430,227,43,0,160
Troup,Gardner Newman,Commissioner Of Agriculture,,Dem,Nakita Hemingway,622,358,46,1,217
Troup,Gray Hill,Commissioner Of Agriculture,,Dem,Nakita Hemingway,255,113,12,0,130
Troup,Highland,Commissioner Of Agriculture,,Dem,Nakita Hemingway,448,269,41,1,137
Troup,Northside,Commissioner Of Agriculture,,Dem,Nakita Hemingway,541,298,43,0,200
Troup,Hollis Hand,Commissioner Of Agriculture,,Lib,David Raudabaugh,46,17,5,0,24
Troup,Administration Bldg,Commissioner Of Agriculture,,Lib,David Raudabaugh,31,8,3,0,20
Troup,Hammett Rd,Commissioner Of Agriculture,,Lib,David Raudabaugh,24,15,1,0,8
Troup,Griggs Center,Commissioner Of Agriculture,,Lib,David Raudabaugh,17,6,1,0,10
Troup,West Point,Commissioner Of Agriculture,,Lib,David Raudabaugh,17,4,1,1,11
Troup,Hogansville,Commissioner Of Agriculture,,Lib,David Raudabaugh,50,21,2,0,27
Troup,East Vernon,Commissioner Of Agriculture,,Lib,David Raudabaugh,24,8,3,0,13
Troup,Rosemont,Commissioner Of Agriculture,,Lib,David Raudabaugh,36,18,0,0,18
Troup,McClendon,Commissioner Of Agriculture,,Lib,David Raudabaugh,39,12,4,0,23
Troup,Long Cane,Commissioner Of Agriculture,,Lib,David Raudabaugh,30,12,2,0,16
Troup,Gardner Newman,Commissioner Of Agriculture,,Lib,David Raudabaugh,28,12,1,0,15
Troup,Gray Hill,Commissioner Of Agriculture,,Lib,David Raudabaugh,16,4,0,0,12
Troup,Highland,Commissioner Of Agriculture,,Lib,David Raudabaugh,16,11,0,0,5
Troup,Northside,Commissioner Of Agriculture,,Lib,David Raudabaugh,23,10,0,0,13
Troup,Hollis Hand,Commissioner Of Insurance,,Rep,John King ,1797,1003,103,2,689
Troup,Administration Bldg,Commissioner Of Insurance,,Rep,John King ,444,235,27,0,182
Troup,Hammett Rd,Commissioner Of Insurance,,Rep,John King ,744,356,48,0,340
Troup,Griggs Center,Commissioner Of Insurance,,Rep,John King ,79,40,5,0,34
Troup,West Point,Commissioner Of Insurance,,Rep,John King ,324,74,11,0,239
Troup,Hogansville,Commissioner Of Insurance,,Rep,John King ,1475,557,44,0,874
Troup,East Vernon,Commissioner Of Insurance,,Rep,John King ,1660,767,61,2,830
Troup,Rosemont,Commissioner Of Insurance,,Rep,John King ,2140,1080,73,2,985
Troup,McClendon,Commissioner Of Insurance,,Rep,John King ,1750,834,55,0,861
Troup,Long Cane,Commissioner Of Insurance,,Rep,John King ,1440,551,36,1,852
Troup,Gardner Newman,Commissioner Of Insurance,,Rep,John King ,946,502,39,1,404
Troup,Gray Hill,Commissioner Of Insurance,,Rep,John King ,784,235,17,2,530
Troup,Highland,Commissioner Of Insurance,,Rep,John King ,402,224,19,0,159
Troup,Northside,Commissioner Of Insurance,,Rep,John King ,874,515,47,0,312
Troup,Hollis Hand,Commissioner Of Insurance,,Dem,Janice Laws Robinson,443,253,53,0,137
Troup,Administration Bldg,Commissioner Of Insurance,,Dem,Janice Laws Robinson,910,446,123,0,341
Troup,Hammett Rd,Commissioner Of Insurance,,Dem,Janice Laws Robinson,1180,603,87,2,488
Troup,Griggs Center,Commissioner Of Insurance,,Dem,Janice Laws Robinson,802,377,103,2,320
Troup,West Point,Commissioner Of Insurance,,Dem,Janice Laws Robinson,539,120,72,2,345
Troup,Hogansville,Commissioner Of Insurance,,Dem,Janice Laws Robinson,645,244,58,0,343
Troup,East Vernon,Commissioner Of Insurance,,Dem,Janice Laws Robinson,331,176,21,0,134
Troup,Rosemont,Commissioner Of Insurance,,Dem,Janice Laws Robinson,433,264,38,0,131
Troup,McClendon,Commissioner Of Insurance,,Dem,Janice Laws Robinson,470,268,38,0,164
Troup,Long Cane,Commissioner Of Insurance,,Dem,Janice Laws Robinson,446,227,43,0,176
Troup,Gardner Newman,Commissioner Of Insurance,,Dem,Janice Laws Robinson,633,361,49,1,222
Troup,Gray Hill,Commissioner Of Insurance,,Dem,Janice Laws Robinson,264,116,12,0,136
Troup,Highland,Commissioner Of Insurance,,Dem,Janice Laws Robinson,455,272,40,1,142
Troup,Northside,Commissioner Of Insurance,,Dem,Janice Laws Robinson,552,309,42,0,201
Troup,Hollis Hand,State School Superintendent,,Rep,Richard Woods ,1812,1015,104,2,691
Troup,Administration Bldg,State School Superintendent,,Rep,Richard Woods ,451,239,29,0,183
Troup,Hammett Rd,State School Superintendent,,Rep,Richard Woods ,754,367,52,0,335
Troup,Griggs Center,State School Superintendent,,Rep,Richard Woods ,85,41,7,0,37
Troup,West Point,State School Superintendent,,Rep,Richard Woods ,328,75,12,0,241
Troup,Hogansville,State School Superintendent,,Rep,Richard Woods ,1496,564,45,0,887
Troup,East Vernon,State School Superintendent,,Rep,Richard Woods ,1662,767,59,2,834
Troup,Rosemont,State School Superintendent,,Rep,Richard Woods ,2154,1096,70,2,986
Troup,McClendon,State School Superintendent,,Rep,Richard Woods ,1745,830,51,0,864
Troup,Long Cane,State School Superintendent,,Rep,Richard Woods ,1449,549,39,1,860
Troup,Gardner Newman,State School Superintendent,,Rep,Richard Woods ,948,505,40,1,402
Troup,Gray Hill,State School Superintendent,,Rep,Richard Woods ,789,236,17,2,534
Troup,Highland,State School Superintendent,,Rep,Richard Woods ,396,218,19,0,159
Troup,Northside,State School Superintendent,,Rep,Richard Woods ,877,522,46,0,309
Troup,Hollis Hand,State School Superintendent,,Dem,Alisha Thomas Searcy,428,241,52,0,135
Troup,Administration Bldg,State School Superintendent,,Dem,Alisha Thomas Searcy,905,442,121,0,342
Troup,Hammett Rd,State School Superintendent,,Dem,Alisha Thomas Searcy,1175,597,83,2,493
Troup,Griggs Center,State School Superintendent,,Dem,Alisha Thomas Searcy,799,375,101,3,320
Troup,West Point,State School Superintendent,,Dem,Alisha Thomas Searcy,535,118,70,2,345
Troup,Hogansville,State School Superintendent,,Dem,Alisha Thomas Searcy,625,236,57,0,332
Troup,East Vernon,State School Superintendent,,Dem,Alisha Thomas Searcy,333,176,23,0,134
Troup,Rosemont,State School Superintendent,,Dem,Alisha Thomas Searcy,435,261,41,0,133
Troup,McClendon,State School Superintendent,,Dem,Alisha Thomas Searcy,478,273,42,0,163
Troup,Long Cane,State School Superintendent,,Dem,Alisha Thomas Searcy,442,232,39,0,171
Troup,Gardner Newman,State School Superintendent,,Dem,Alisha Thomas Searcy,627,356,48,1,222
Troup,Gray Hill,State School Superintendent,,Dem,Alisha Thomas Searcy,257,115,12,0,130
Troup,Highland,State School Superintendent,,Dem,Alisha Thomas Searcy,464,280,41,1,142
Troup,Northside,State School Superintendent,,Dem,Alisha Thomas Searcy,550,301,44,0,205
Troup,Hollis Hand,Commissioner Of Labor,,Rep,Bruce Thompson,1756,991,99,2,664
Troup,Administration Bldg,Commissioner Of Labor,,Rep,Bruce Thompson,428,226,28,0,174
Troup,Hammett Rd,Commissioner Of Labor,,Rep,Bruce Thompson,724,351,48,0,325
Troup,Griggs Center,Commissioner Of Labor,,Rep,Bruce Thompson,74,35,6,0,33
Troup,West Point,Commissioner Of Labor,,Rep,Bruce Thompson,311,72,11,0,228
Troup,Hogansville,Commissioner Of Labor,,Rep,Bruce Thompson,1445,551,39,0,855
Troup,East Vernon,Commissioner Of Labor,,Rep,Bruce Thompson,1639,753,58,2,826
Troup,Rosemont,Commissioner Of Labor,,Rep,Bruce Thompson,2117,1072,72,1,972
Troup,McClendon,Commissioner Of Labor,,Rep,Bruce Thompson,1708,821,52,0,835
Troup,Long Cane,Commissioner Of Labor,,Rep,Bruce Thompson,1422,537,35,1,849
Troup,Gardner Newman,Commissioner Of Labor,,Rep,Bruce Thompson,918,495,37,1,385
Troup,Gray Hill,Commissioner Of Labor,,Rep,Bruce Thompson,769,231,14,2,522
Troup,Highland,Commissioner Of Labor,,Rep,Bruce Thompson,398,219,19,0,160
Troup,Northside,Commissioner Of Labor,,Rep,Bruce Thompson,842,508,41,0,293
Troup,Hollis Hand,Commissioner Of Labor,,Dem,"William """"Will"""" Boddie, Jr",433,245,53,0,135
Troup,Administration Bldg,Commissioner Of Labor,,Dem,"William """"Will"""" Boddie, Jr",891,436,121,0,334
Troup,Hammett Rd,Commissioner Of Labor,,Dem,"William """"Will"""" Boddie, Jr",1162,588,83,1,490
Troup,Griggs Center,Commissioner Of Labor,,Dem,"William """"Will"""" Boddie, Jr",794,374,100,2,318
Troup,West Point,Commissioner Of Labor,,Dem,"William """"Will"""" Boddie, Jr",530,119,69,1,341
Troup,Hogansville,Commissioner Of Labor,,Dem,"William """"Will"""" Boddie, Jr",631,236,59,0,336
Troup,East Vernon,Commissioner Of Labor,,Dem,"William """"Will"""" Boddie, Jr",328,180,22,0,126
Troup,Rosemont,Commissioner Of Labor,,Dem,"William """"Will"""" Boddie, Jr",436,265,39,0,132
Troup,McClendon,Commissioner Of Labor,,Dem,"William """"Will"""" Boddie, Jr",476,267,40,0,169
Troup,Long Cane,Commissioner Of Labor,,Dem,"William """"Will"""" Boddie, Jr",440,234,41,0,165
Troup,Gardner Newman,Commissioner Of Labor,,Dem,"William """"Will"""" Boddie, Jr",632,358,51,1,222
Troup,Gray Hill,Commissioner Of Labor,,Dem,"William """"Will"""" Boddie, Jr",263,116,15,0,132
Troup,Highland,Commissioner Of Labor,,Dem,"William """"Will"""" Boddie, Jr",453,273,41,1,138
Troup,Northside,Commissioner Of Labor,,Dem,"William """"Will"""" Boddie, Jr",552,304,44,0,204
Troup,Hollis Hand,Commissioner Of Labor,,Lib,Emily Anderson,42,17,3,0,22
Troup,Administration Bldg,Commissioner Of Labor,,Lib,Emily Anderson,32,17,2,0,13
Troup,Hammett Rd,Commissioner Of Labor,,Lib,Emily Anderson,35,15,2,1,17
Troup,Griggs Center,Commissioner Of Labor,,Lib,Emily Anderson,19,9,2,0,8
Troup,West Point,Commissioner Of Labor,,Lib,Emily Anderson,29,5,2,1,21
Troup,Hogansville,Commissioner Of Labor,,Lib,Emily Anderson,50,17,4,0,29
Troup,East Vernon,Commissioner Of Labor,,Lib,Emily Anderson,33,15,3,0,15
Troup,Rosemont,Commissioner Of Labor,,Lib,Emily Anderson,35,19,0,0,16
Troup,McClendon,Commissioner Of Labor,,Lib,Emily Anderson,37,15,1,0,21
Troup,Long Cane,Commissioner Of Labor,,Lib,Emily Anderson,30,9,2,0,19
Troup,Gardner Newman,Commissioner Of Labor,,Lib,Emily Anderson,32,13,0,0,19
Troup,Gray Hill,Commissioner Of Labor,,Lib,Emily Anderson,18,6,0,0,12
Troup,Highland,Commissioner Of Labor,,Lib,Emily Anderson,12,7,0,0,5
Troup,Northside,Commissioner Of Labor,,Lib,Emily Anderson,33,13,3,0,17
Troup,Hollis Hand,U.S. House,3,Rep,Drew Ferguson ,1805,1012,107,2,684
Troup,Administration Bldg,U.S. House,3,Rep,Drew Ferguson ,463,243,31,0,189
Troup,Hammett Rd,U.S. House,3,Rep,Drew Ferguson ,786,375,51,0,360
Troup,Griggs Center,U.S. House,3,Rep,Drew Ferguson ,91,49,9,0,33
Troup,West Point,U.S. House,3,Rep,Drew Ferguson ,345,75,12,0,258
Troup,Hogansville,U.S. House,3,Rep,Drew Ferguson ,1498,569,45,0,884
Troup,East Vernon,U.S. House,3,Rep,Drew Ferguson ,1672,769,58,2,843
Troup,Rosemont,U.S. House,3,Rep,Drew Ferguson ,2167,1099,74,2,992
Troup,McClendon,U.S. House,3,Rep,Drew Ferguson ,1747,830,53,0,864
Troup,Long Cane,U.S. House,3,Rep,Drew Ferguson ,1446,552,35,1,858
Troup,Gardner Newman,U.S. House,3,Rep,Drew Ferguson ,949,510,38,1,400
Troup,Gray Hill,U.S. House,3,Rep,Drew Ferguson ,792,239,15,2,536
Troup,Highland,U.S. House,3,Rep,Drew Ferguson ,412,228,19,0,165
Troup,Northside,U.S. House,3,Rep,Drew Ferguson ,875,514,45,0,316
Troup,Hollis Hand,U.S. House,3,Dem,Val Almonord,438,249,53,0,136
Troup,Administration Bldg,U.S. House,3,Dem,Val Almonord,890,432,123,0,335
Troup,Hammett Rd,U.S. House,3,Dem,Val Almonord,1141,587,85,2,467
Troup,Griggs Center,U.S. House,3,Dem,Val Almonord,791,371,99,2,319
Troup,West Point,U.S. House,3,Dem,Val Almonord,529,121,70,2,336
Troup,Hogansville,U.S. House,3,Dem,Val Almonord,625,232,57,0,336
Troup,East Vernon,U.S. House,3,Dem,Val Almonord,324,177,23,0,124
Troup,Rosemont,U.S. House,3,Dem,Val Almonord,433,266,38,0,129
Troup,McClendon,U.S. House,3,Dem,Val Almonord,472,273,37,0,162
Troup,Long Cane,U.S. House,3,Dem,Val Almonord,446,230,44,0,172
Troup,Gardner Newman,U.S. House,3,Dem,Val Almonord,626,350,50,1,225
Troup,Gray Hill,U.S. House,3,Dem,Val Almonord,253,113,14,0,126
Troup,Highland,U.S. House,3,Dem,Val Almonord,451,273,41,1,136
Troup,Northside,U.S. House,3,Dem,Val Almonord,554,315,44,0,195
Troup,Hollis Hand,State Senate,29,Rep,Randy Robertson ,1779,993,105,2,679
Troup,Administration Bldg,State Senate,29,Rep,Randy Robertson ,433,227,29,0,177
Troup,Hammett Rd,State Senate,29,Rep,Randy Robertson ,739,355,48,0,336
Troup,Griggs Center,State Senate,29,Rep,Randy Robertson ,78,39,6,0,33
Troup,West Point,State Senate,29,Rep,Randy Robertson ,331,74,12,0,245
Troup,Hogansville,State Senate,29,Rep,Randy Robertson ,1476,559,45,0,872
Troup,East Vernon,State Senate,29,Rep,Randy Robertson ,1661,764,60,2,835
Troup,Rosemont,State Senate,29,Rep,Randy Robertson ,2138,1086,72,2,978
Troup,McClendon,State Senate,29,Rep,Randy Robertson ,1730,823,54,0,853
Troup,Long Cane,State Senate,29,Rep,Randy Robertson ,1443,547,35,1,860
Troup,Gardner Newman,State Senate,29,Rep,Randy Robertson ,941,503,38,1,399
Troup,Gray Hill,State Senate,29,Rep,Randy Robertson ,789,237,16,2,534
Troup,Highland,State Senate,29,Rep,Randy Robertson ,400,220,19,0,161
Troup,Northside,State Senate,29,Rep,Randy Robertson ,862,511,45,0,306
Troup,Hollis Hand,State Senate,29,Dem,Ellen Wright,454,260,54,0,140
Troup,Administration Bldg,State Senate,29,Dem,Ellen Wright,917,452,124,0,341
Troup,Hammett Rd,State Senate,29,Dem,Ellen Wright,1182,604,86,2,490
Troup,Griggs Center,State Senate,29,Dem,Ellen Wright,806,378,103,2,323
Troup,West Point,State Senate,29,Dem,Ellen Wright,536,120,71,2,343
Troup,Hogansville,State Senate,29,Dem,Ellen Wright,647,244,57,0,346
Troup,East Vernon,State Senate,29,Dem,Ellen Wright,335,180,23,0,132
Troup,Rosemont,State Senate,29,Dem,Ellen Wright,450,272,38,0,140
Troup,McClendon,State Senate,29,Dem,Ellen Wright,491,282,39,0,170
Troup,Long Cane,State Senate,29,Dem,Ellen Wright,447,232,42,0,173
Troup,Gardner Newman,State Senate,29,Dem,Ellen Wright,638,359,50,1,228
Troup,Gray Hill,State Senate,29,Dem,Ellen Wright,260,116,13,0,131
Troup,Highland,State Senate,29,Dem,Ellen Wright,461,277,41,1,142
Troup,Northside,State Senate,29,Dem,Ellen Wright,566,317,45,0,204
Troup,Hogansville,State House,72,Rep,David Huddleston,1431,469,64,0,898
Troup,McClendon,State House,72,Rep,David Huddleston,1955,938,69,0,948
Troup,Hammett Rd,State House,136,Rep,David Jenkins ,1310,631,84,1,594
Troup,Griggs Center,State House,136,Rep,David Jenkins ,409,197,40,0,172
Troup,Hogansville,State House,136,Rep,David Jenkins ,328,188,7,0,133
Troup,Gardner Newman,State House,136,Rep,David Jenkins ,1230,664,51,0,515
Troup,Administration Bldg,State House,137,Rep,Justin Rickett,428,228,30,0,170
Troup,Rosemont,State House,137,Rep,Justin Rickett,2107,1075,69,0,963
Troup,Long Cane,State House,137,Rep,Justin Rickett,4,0,0,0,4
Troup,Highland,State House,137,Rep,Justin Rickett,394,215,19,0,160
Troup,Administration Bldg,State House,137,Dem,Debbie G. Buckner ,910,443,123,0,344
Troup,Rosemont,State House,137,Dem,Debbie G. Buckner ,479,281,41,0,157
Troup,Long Cane,State House,137,Dem,Debbie G. Buckner ,0,0,0,0,0
Troup,Highland,State House,137,Dem,Debbie G. Buckner ,463,281,40,0,142
Troup,Hollis Hand,State House,138,Rep,"Vance Smith, Jr. ",2019,1119,125,1,774
Troup,Administration Bldg,State House,138,Rep,"Vance Smith, Jr. ",5,2,0,0,3
Troup,West Point,State House,138,Rep,"Vance Smith, Jr. ",508,115,29,1,363
Troup,East Vernon,State House,138,Rep,"Vance Smith, Jr. ",1827,855,64,2,906
Troup,Long Cane,State House,138,Rep,"Vance Smith, Jr. ",1637,647,48,1,941
Troup,Gray Hill,State House,138,Rep,"Vance Smith, Jr. ",890,284,19,0,587
Troup,Northside,State House,138,Rep,"Vance Smith, Jr. ",1144,664,62,0,418
Troup,Hollis Hand,County Commission Chairperson,,Rep,Patrick Crews ,2039,1142,122,2,773
Troup,Administration Bldg,County Commission Chairperson,,Rep,Patrick Crews ,922,468,85,0,369
Troup,Hammett Rd,County Commission Chairperson,,Rep,Patrick Crews ,1330,638,81,1,610
Troup,Griggs Center,County Commission Chairperson,,Rep,Patrick Crews ,423,200,46,0,177
Troup,West Point,County Commission Chairperson,,Rep,Patrick Crews ,498,115,27,1,355
Troup,Hogansville,County Commission Chairperson,,Rep,Patrick Crews ,1769,659,72,0,1038
Troup,East Vernon,County Commission Chairperson,,Rep,Patrick Crews ,1822,848,65,2,907
Troup,Rosemont,County Commission Chairperson,,Rep,Patrick Crews ,2396,1237,91,2,1066
Troup,McClendon,County Commission Chairperson,,Rep,Patrick Crews ,1979,958,71,0,950
Troup,Long Cane,County Commission Chairperson,,Rep,Patrick Crews ,1648,652,46,1,949
Troup,Gardner Newman,County Commission Chairperson,,Rep,Patrick Crews ,1241,668,54,2,517
Troup,Gray Hill,County Commission Chairperson,,Rep,Patrick Crews ,894,288,18,2,586
Troup,Highland,County Commission Chairperson,,Rep,Patrick Crews ,637,352,36,1,248
Troup,Northside,County Commission Chairperson,,Rep,Patrick Crews ,1178,693,60,0,425
Troup,Administration Bldg,County Commissioner Dist 5,,Dem,"Jimmy D. McCamey, Jr. ",1081,548,124,0,409
Troup,Hammett Rd,County Commissioner Dist 5,,Dem,"Jimmy D. McCamey, Jr. ",225,108,23,0,94
Troup,Griggs Center,County Commissioner Dist 5,,Dem,"Jimmy D. McCamey, Jr. ",824,387,104,2,331
Troup,Rosemont,County Commissioner Dist 5,,Dem,"Jimmy D. McCamey, Jr. ",83,35,4,0,44
Troup,Gardner Newman,County Commissioner Dist 5,,Dem,"Jimmy D. McCamey, Jr. ",89,45,5,0,39
Troup,Highland,County Commissioner Dist 5,,Dem,"Jimmy D. McCamey, Jr. ",662,389,48,0,225
Troup,Northside,County Commissioner Dist 5,,Dem,"Jimmy D. McCamey, Jr. ",96,34,5,0,57
Troup,Hollis Hand,Roosevelt Soil and Water,,,Joel D. Keith ,1947,1094,117,1,735
Troup,Administration Bldg,Roosevelt Soil and Water,,,Joel D. Keith ,1008,518,100,0,390
Troup,Hammett Rd,Roosevelt Soil and Water,,,Joel D. Keith ,1413,687,95,1,630
Troup,Griggs Center,Roosevelt Soil and Water,,,Joel D. Keith ,523,247,62,0,214
Troup,West Point,Roosevelt Soil and Water,,,Joel D. Keith ,575,136,41,1,397
Troup,Hogansville,Roosevelt Soil and Water,,,Joel D. Keith ,1770,663,78,0,1029
Troup,East Vernon,Roosevelt Soil and Water,,,Joel D. Keith ,1743,812,63,0,868
Troup,Rosemont,Roosevelt Soil and Water,,,Joel D. Keith ,2313,1212,94,2,1005
Troup,McClendon,Roosevelt Soil and Water,,,Joel D. Keith ,1944,942,75,0,927
Troup,Long Cane,Roosevelt Soil and Water,,,Joel D. Keith ,1634,653,51,1,929
Troup,Gardner Newman,Roosevelt Soil and Water,,,Joel D. Keith ,1258,678,56,2,522
Troup,Gray Hill,Roosevelt Soil and Water,,,Joel D. Keith ,875,293,17,2,563
Troup,Highland,Roosevelt Soil and Water,,,Joel D. Keith ,651,371,42,1,237
Troup,Northside,Roosevelt Soil and Water,,,Joel D. Keith ,1177,686,58,0,433
Troup,Hollis Hand,Constitutional Amendment #1,,,Yes,1983,1132,133,2,716
Troup,Administration Bldg,Constitutional Amendment #1,,,Yes,1127,570,128,0,429
Troup,Hammett Rd,Constitutional Amendment #1,,,Yes,1623,806,115,2,700
Troup,Griggs Center,Constitutional Amendment #1,,,Yes,690,317,90,3,280
Troup,West Point,Constitutional Amendment #1,,,Yes,677,155,57,2,463
Troup,Hogansville,Constitutional Amendment #1,,,Yes,1812,699,91,0,1022
Troup,East Vernon,Constitutional Amendment #1,,,Yes,1754,841,74,1,838
Troup,Rosemont,Constitutional Amendment #1,,,Yes,2256,1199,92,1,964
Troup,McClendon,Constitutional Amendment #1,,,Yes,1942,979,83,0,880
Troup,Long Cane,Constitutional Amendment #1,,,Yes,1617,662,69,0,886
Troup,Gardner Newman,Constitutional Amendment #1,,,Yes,1355,746,78,1,530
Troup,Gray Hill,Constitutional Amendment #1,,,Yes,892,303,27,0,562
Troup,Highland,Constitutional Amendment #1,,,Yes,720,416,52,1,251
Troup,Northside,Constitutional Amendment #1,,,Yes,1234,733,76,0,425
Troup,Hollis Hand,Constitutional Amendment #1,,,No,201,93,16,0,92
Troup,Administration Bldg,Constitutional Amendment #1,,,No,190,91,14,0,85
Troup,Hammett Rd,Constitutional Amendment #1,,,No,263,129,15,0,119
Troup,Griggs Center,Constitutional Amendment #1,,,No,164,83,17,0,64
Troup,West Point,Constitutional Amendment #1,,,No,135,33,14,0,88
Troup,Hogansville,Constitutional Amendment #1,,,No,256,85,7,0,164
Troup,East Vernon,Constitutional Amendment #1,,,No,204,87,7,0,110
Troup,Rosemont,Constitutional Amendment #1,,,No,273,135,13,1,124
Troup,McClendon,Constitutional Amendment #1,,,No,245,109,9,0,127
Troup,Long Cane,Constitutional Amendment #1,,,No,228,95,8,1,124
Troup,Gardner Newman,Constitutional Amendment #1,,,No,177,98,5,0,74
Troup,Gray Hill,Constitutional Amendment #1,,,No,124,39,2,1,82
Troup,Highland,Constitutional Amendment #1,,,No,111,65,4,0,42
Troup,Northside,Constitutional Amendment #1,,,No,166,80,10,0,76
Troup,Hollis Hand,Constitutional Amendment #2,,,Yes,2052,1140,144,2,766
Troup,Administration Bldg,Constitutional Amendment #2,,,Yes,1214,606,133,0,475
Troup,Hammett Rd,Constitutional Amendment #2,,,Yes,1747,876,117,2,752
Troup,Griggs Center,Constitutional Amendment #2,,,Yes,780,361,99,3,317
Troup,West Point,Constitutional Amendment #2,,,Yes,778,181,68,2,527
Troup,Hogansville,Constitutional Amendment #2,,,Yes,1935,740,91,0,1104
Troup,East Vernon,Constitutional Amendment #2,,,Yes,1852,873,76,2,901
Troup,Rosemont,Constitutional Amendment #2,,,Yes,2382,1257,98,2,1025
Troup,McClendon,Constitutional Amendment #2,,,Yes,2051,1015,81,0,955
Troup,Long Cane,Constitutional Amendment #2,,,Yes,1737,708,67,1,961
Troup,Gardner Newman,Constitutional Amendment #2,,,Yes,1451,799,80,2,570
Troup,Gray Hill,Constitutional Amendment #2,,,Yes,947,320,29,2,596
Troup,Highland,Constitutional Amendment #2,,,Yes,765,440,50,1,274
Troup,Northside,Constitutional Amendment #2,,,Yes,1295,757,81,0,457
Troup,Hollis Hand,Constitutional Amendment #2,,,No,140,87,6,0,47
Troup,Administration Bldg,Constitutional Amendment #2,,,No,124,66,14,0,44
Troup,Hammett Rd,Constitutional Amendment #2,,,No,156,71,14,0,71
Troup,Griggs Center,Constitutional Amendment #2,,,No,80,40,8,0,32
Troup,West Point,Constitutional Amendment #2,,,No,57,11,5,0,41
Troup,Hogansville,Constitutional Amendment #2,,,No,155,56,9,0,90
Troup,East Vernon,Constitutional Amendment #2,,,No,126,64,6,0,56
Troup,Rosemont,Constitutional Amendment #2,,,No,174,93,8,0,73
Troup,McClendon,Constitutional Amendment #2,,,No,148,76,10,0,62
Troup,Long Cane,Constitutional Amendment #2,,,No,130,64,9,0,57
Troup,Gardner Newman,Constitutional Amendment #2,,,No,93,53,3,0,37
Troup,Gray Hill,Constitutional Amendment #2,,,No,77,24,0,0,53
Troup,Highland,Constitutional Amendment #2,,,No,69,43,5,0,21
Troup,Northside,Constitutional Amendment #2,,,No,107,56,4,0,47
Troup,Hollis Hand,Statewide Referendum A,,,Yes,1247,672,71,1,503
Troup,Administration Bldg,Statewide Referendum A,,,Yes,853,420,81,0,352
Troup,Hammett Rd,Statewide Referendum A,,,Yes,1159,555,69,2,533
Troup,Griggs Center,Statewide Referendum A,,,Yes,533,235,60,2,236
Troup,West Point,Statewide Referendum A,,,Yes,554,123,40,0,391
Troup,Hogansville,Statewide Referendum A,,,Yes,1343,494,53,0,796
Troup,East Vernon,Statewide Referendum A,,,Yes,1282,589,41,2,650
Troup,Rosemont,Statewide Referendum A,,,Yes,1636,837,63,2,734
Troup,McClendon,Statewide Referendum A,,,Yes,1329,645,42,0,642
Troup,Long Cane,Statewide Referendum A,,,Yes,1182,476,35,0,671
Troup,Gardner Newman,Statewide Referendum A,,,Yes,991,526,41,2,422
Troup,Gray Hill,Statewide Referendum A,,,Yes,677,211,19,1,446
Troup,Highland,Statewide Referendum A,,,Yes,518,296,29,1,192
Troup,Northside,Statewide Referendum A,,,Yes,825,470,40,0,315
Troup,Hollis Hand,Statewide Referendum A,,,No,892,532,72,1,287
Troup,Administration Bldg,Statewide Referendum A,,,No,447,231,59,0,157
Troup,Hammett Rd,Statewide Referendum A,,,No,689,358,61,0,270
Troup,Griggs Center,Statewide Referendum A,,,No,315,164,43,0,108
Troup,West Point,Statewide Referendum A,,,No,248,63,27,2,156
Troup,Hogansville,Statewide Referendum A,,,No,710,284,41,0,385
Troup,East Vernon,Statewide Referendum A,,,No,668,333,37,0,298
Troup,Rosemont,Statewide Referendum A,,,No,874,490,42,0,342
Troup,McClendon,Statewide Referendum A,,,No,841,436,46,0,359
Troup,Long Cane,Statewide Referendum A,,,No,652,280,41,1,330
Troup,Gardner Newman,Statewide Referendum A,,,No,530,310,43,0,177
Troup,Gray Hill,Statewide Referendum A,,,No,333,128,6,1,198
Troup,Highland,Statewide Referendum A,,,No,304,182,24,0,98
Troup,Northside,Statewide Referendum A,,,No,547,326,46,0,175
Troup,Hollis Hand,Statewide Referendum B,,,Yes,1644,891,102,2,649
Troup,Administration Bldg,Statewide Referendum B,,,Yes,1012,503,100,0,409
Troup,Hammett Rd,Statewide Referendum B,,,Yes,1408,690,83,2,633
Troup,Griggs Center,Statewide Referendum B,,,Yes,653,297,79,2,275
Troup,West Point,Statewide Referendum B,,,Yes,659,153,53,2,451
Troup,Hogansville,Statewide Referendum B,,,Yes,1685,618,65,0,1002
Troup,East Vernon,Statewide Referendum B,,,Yes,1618,744,52,1,821
Troup,Rosemont,Statewide Referendum B,,,Yes,2109,1088,81,2,938
Troup,McClendon,Statewide Referendum B,,,Yes,1764,862,56,0,846
Troup,Long Cane,Statewide Referendum B,,,Yes,1503,598,51,0,854
Troup,Gardner Newman,Statewide Referendum B,,,Yes,1242,681,66,1,494
Troup,Gray Hill,Statewide Referendum B,,,Yes,846,271,19,2,554
Troup,Highland,Statewide Referendum B,,,Yes,629,356,36,1,236
Troup,Northside,Statewide Referendum B,,,Yes,1039,597,58,0,384
Troup,Hollis Hand,Statewide Referendum B,,,No,495,312,39,0,144
Troup,Administration Bldg,Statewide Referendum B,,,No,291,155,37,0,99
Troup,Hammett Rd,Statewide Referendum B,,,No,449,233,43,0,173
Troup,Griggs Center,Statewide Referendum B,,,No,195,103,24,0,68
Troup,West Point,Statewide Referendum B,,,No,154,37,13,0,104
Troup,Hogansville,Statewide Referendum B,,,No,379,164,29,0,186
Troup,East Vernon,Statewide Referendum B,,,No,344,185,27,1,131
Troup,Rosemont,Statewide Referendum B,,,No,424,246,23,0,155
Troup,McClendon,Statewide Referendum B,,,No,422,223,32,0,167
Troup,Long Cane,Statewide Referendum B,,,No,345,166,24,1,154
Troup,Gardner Newman,Statewide Referendum B,,,No,282,157,17,1,107
Troup,Gray Hill,Statewide Referendum B,,,No,170,70,7,0,93
Troup,Highland,Statewide Referendum B,,,No,193,123,17,0,53
Troup,Northside,Statewide Referendum B,,,No,336,200,27,0,109
