county,precinct,office,district,party,candidate,votes,advance_voting_votes,absentee_by_mail_votes,provisional_votes,election_day_votes
Glynn,SES,U.S. Senate,,Rep,Herschel Walker,1884,1174,54,1,655
Glynn,BRK,U.S. Senate,,Rep,Herschel Walker,1363,687,26,0,650
Glynn,MAR,U.S. Senate,,Rep,Herschel Walker,1134,609,27,1,497
Glynn,BLY,U.S. Senate,,Rep,Herschel Walker,1181,693,35,1,452
Glynn,NSSI,U.S. Senate,,Rep,Herschel Walker,2526,1756,101,6,663
Glynn,CSSI,U.S. Senate,,Rep,Herschel Walker,3102,2292,130,5,675
Glynn,SSSI,U.S. Senate,,Rep,Herschel Walker,2017,1533,86,2,396
Glynn,JI,U.S. Senate,,Rep,Herschel Walker,278,59,25,1,193
Glynn,COG,U.S. Senate,,Rep,Herschel Walker,1200,655,40,1,504
Glynn,SEB,U.S. Senate,,Rep,Herschel Walker,635,354,14,1,266
Glynn,GICCA,U.S. Senate,,Rep,Herschel Walker,1072,581,46,3,442
Glynn,NGLY,U.S. Senate,,Rep,Herschel Walker,1265,690,32,0,543
Glynn,BAL,U.S. Senate,,Rep,Herschel Walker,936,614,52,1,269
Glynn,NSB,U.S. Senate,,Rep,Herschel Walker,558,271,36,0,251
Glynn,THE,U.S. Senate,,Rep,Herschel Walker,485,279,29,0,177
Glynn,CPM,U.S. Senate,,Rep,Herschel Walker,381,221,24,1,135
Glynn,HCP,U.S. Senate,,Rep,Herschel Walker,486,245,23,0,218
Glynn,UPP,U.S. Senate,,Rep,Herschel Walker,90,45,12,0,33
Glynn,ARCO,U.S. Senate,,Rep,Herschel Walker,142,84,3,2,53
Glynn,SES,U.S. Senate,,Dem,Raphael Warnock ,621,399,74,1,147
Glynn,BRK,U.S. Senate,,Dem,Raphael Warnock ,516,322,44,0,150
Glynn,MAR,U.S. Senate,,Dem,Raphael Warnock ,474,273,36,0,165
Glynn,BLY,U.S. Senate,,Dem,Raphael Warnock ,228,138,22,1,67
Glynn,NSSI,U.S. Senate,,Dem,Raphael Warnock ,999,727,90,0,182
Glynn,CSSI,U.S. Senate,,Dem,Raphael Warnock ,1289,957,124,0,208
Glynn,SSSI,U.S. Senate,,Dem,Raphael Warnock ,948,740,78,0,130
Glynn,JI,U.S. Senate,,Dem,Raphael Warnock ,259,79,30,0,150
Glynn,COG,U.S. Senate,,Dem,Raphael Warnock ,612,370,60,1,181
Glynn,SEB,U.S. Senate,,Dem,Raphael Warnock ,270,163,17,1,89
Glynn,GICCA,U.S. Senate,,Dem,Raphael Warnock ,474,254,57,0,163
Glynn,NGLY,U.S. Senate,,Dem,Raphael Warnock ,570,345,70,1,154
Glynn,BAL,U.S. Senate,,Dem,Raphael Warnock ,501,311,50,0,140
Glynn,NSB,U.S. Senate,,Dem,Raphael Warnock ,847,481,102,0,264
Glynn,THE,U.S. Senate,,Dem,Raphael Warnock ,626,378,78,0,170
Glynn,CPM,U.S. Senate,,Dem,Raphael Warnock ,559,317,75,0,167
Glynn,HCP,U.S. Senate,,Dem,Raphael Warnock ,821,508,78,3,232
Glynn,UPP,U.S. Senate,,Dem,Raphael Warnock ,967,549,144,0,274
Glynn,ARCO,U.S. Senate,,Dem,Raphael Warnock ,231,124,33,1,73
Glynn,SES,U.S. Senate,,Lib,Chase Oliver,43,19,3,0,21
Glynn,BRK,U.S. Senate,,Lib,Chase Oliver,29,10,3,0,16
Glynn,MAR,U.S. Senate,,Lib,Chase Oliver,32,14,4,0,14
Glynn,BLY,U.S. Senate,,Lib,Chase Oliver,24,12,0,0,12
Glynn,NSSI,U.S. Senate,,Lib,Chase Oliver,80,42,5,0,33
Glynn,CSSI,U.S. Senate,,Lib,Chase Oliver,75,51,2,0,22
Glynn,SSSI,U.S. Senate,,Lib,Chase Oliver,48,30,1,0,17
Glynn,JI,U.S. Senate,,Lib,Chase Oliver,11,1,0,0,10
Glynn,COG,U.S. Senate,,Lib,Chase Oliver,34,16,0,0,18
Glynn,SEB,U.S. Senate,,Lib,Chase Oliver,11,7,0,1,3
Glynn,GICCA,U.S. Senate,,Lib,Chase Oliver,37,16,2,0,19
Glynn,NGLY,U.S. Senate,,Lib,Chase Oliver,32,14,1,0,17
Glynn,BAL,U.S. Senate,,Lib,Chase Oliver,26,14,1,0,11
Glynn,NSB,U.S. Senate,,Lib,Chase Oliver,22,10,0,0,12
Glynn,THE,U.S. Senate,,Lib,Chase Oliver,28,12,2,0,14
Glynn,CPM,U.S. Senate,,Lib,Chase Oliver,16,6,4,0,6
Glynn,HCP,U.S. Senate,,Lib,Chase Oliver,32,16,0,0,16
Glynn,UPP,U.S. Senate,,Lib,Chase Oliver,9,6,1,0,2
Glynn,ARCO,U.S. Senate,,Lib,Chase Oliver,8,4,1,0,3
Glynn,SES,Governor,,Rep,Brian Kemp ,1973,1237,58,1,677
Glynn,BRK,Governor,,Rep,Brian Kemp ,1422,708,32,0,682
Glynn,MAR,Governor,,Rep,Brian Kemp ,1214,640,33,1,540
Glynn,BLY,Governor,,Rep,Brian Kemp ,1232,722,36,1,473
Glynn,NSSI,Governor,,Rep,Brian Kemp ,2762,1906,128,6,722
Glynn,CSSI,Governor,,Rep,Brian Kemp ,3432,2539,142,5,746
Glynn,SSSI,Governor,,Rep,Brian Kemp ,2210,1672,90,2,446
Glynn,JI,Governor,,Rep,Brian Kemp ,323,67,25,1,230
Glynn,COG,Governor,,Rep,Brian Kemp ,1266,685,45,1,535
Glynn,SEB,Governor,,Rep,Brian Kemp ,662,373,15,1,273
Glynn,GICCA,Governor,,Rep,Brian Kemp ,1147,619,52,3,473
Glynn,NGLY,Governor,,Rep,Brian Kemp ,1324,720,39,1,564
Glynn,BAL,Governor,,Rep,Brian Kemp ,991,654,61,1,275
Glynn,NSB,Governor,,Rep,Brian Kemp ,591,294,37,0,260
Glynn,THE,Governor,,Rep,Brian Kemp ,526,303,33,0,190
Glynn,CPM,Governor,,Rep,Brian Kemp ,411,235,28,1,147
Glynn,HCP,Governor,,Rep,Brian Kemp ,527,268,24,0,235
Glynn,UPP,Governor,,Rep,Brian Kemp ,91,50,11,0,30
Glynn,ARCO,Governor,,Rep,Brian Kemp ,141,84,4,2,51
Glynn,SES,Governor,,Dem,Stacey Abrams,565,357,73,1,134
Glynn,BRK,Governor,,Dem,Stacey Abrams,482,311,41,0,130
Glynn,MAR,Governor,,Dem,Stacey Abrams,403,247,32,0,124
Glynn,BLY,Governor,,Dem,Stacey Abrams,189,118,20,1,50
Glynn,NSSI,Governor,,Dem,Stacey Abrams,846,629,70,0,147
Glynn,CSSI,Governor,,Dem,Stacey Abrams,1034,769,111,0,154
Glynn,SSSI,Governor,,Dem,Stacey Abrams,810,640,75,0,95
Glynn,JI,Governor,,Dem,Stacey Abrams,217,71,29,0,117
Glynn,COG,Governor,,Dem,Stacey Abrams,567,352,55,1,159
Glynn,SEB,Governor,,Dem,Stacey Abrams,254,153,16,2,83
Glynn,GICCA,Governor,,Dem,Stacey Abrams,416,227,52,0,137
Glynn,NGLY,Governor,,Dem,Stacey Abrams,535,329,65,0,141
Glynn,BAL,Governor,,Dem,Stacey Abrams,472,286,43,0,143
Glynn,NSB,Governor,,Dem,Stacey Abrams,826,465,99,0,262
Glynn,THE,Governor,,Dem,Stacey Abrams,609,365,78,0,166
Glynn,CPM,Governor,,Dem,Stacey Abrams,541,308,71,0,162
Glynn,HCP,Governor,,Dem,Stacey Abrams,796,493,74,3,226
Glynn,UPP,Governor,,Dem,Stacey Abrams,983,556,147,0,280
Glynn,ARCO,Governor,,Dem,Stacey Abrams,234,127,32,1,74
Glynn,SES,Governor,,Lib,Shane Hazel,14,3,0,0,11
Glynn,BRK,Governor,,Lib,Shane Hazel,11,5,0,0,6
Glynn,MAR,Governor,,Lib,Shane Hazel,19,6,1,0,12
Glynn,BLY,Governor,,Lib,Shane Hazel,14,5,1,0,8
Glynn,NSSI,Governor,,Lib,Shane Hazel,23,6,2,0,15
Glynn,CSSI,Governor,,Lib,Shane Hazel,35,23,3,0,9
Glynn,SSSI,Governor,,Lib,Shane Hazel,11,5,1,0,5
Glynn,JI,Governor,,Lib,Shane Hazel,6,1,1,0,4
Glynn,COG,Governor,,Lib,Shane Hazel,14,5,0,0,9
Glynn,SEB,Governor,,Lib,Shane Hazel,7,2,0,0,5
Glynn,GICCA,Governor,,Lib,Shane Hazel,22,8,1,0,13
Glynn,NGLY,Governor,,Lib,Shane Hazel,15,5,0,0,10
Glynn,BAL,Governor,,Lib,Shane Hazel,6,3,0,0,3
Glynn,NSB,Governor,,Lib,Shane Hazel,14,6,2,0,6
Glynn,THE,Governor,,Lib,Shane Hazel,12,3,1,0,8
Glynn,CPM,Governor,,Lib,Shane Hazel,8,2,3,0,3
Glynn,HCP,Governor,,Lib,Shane Hazel,15,8,0,0,7
Glynn,UPP,Governor,,Lib,Shane Hazel,2,1,0,0,1
Glynn,ARCO,Governor,,Lib,Shane Hazel,7,3,0,0,4
Glynn,SES,Lieutenant Governor,,Rep,Burt Jones,1920,1194,57,1,668
Glynn,BRK,Lieutenant Governor,,Rep,Burt Jones,1387,693,28,0,666
Glynn,MAR,Lieutenant Governor,,Rep,Burt Jones,1154,615,29,1,509
Glynn,BLY,Lieutenant Governor,,Rep,Burt Jones,1194,700,35,1,458
Glynn,NSSI,Lieutenant Governor,,Rep,Burt Jones,2639,1834,106,6,693
Glynn,CSSI,Lieutenant Governor,,Rep,Burt Jones,3266,2416,136,5,709
Glynn,SSSI,Lieutenant Governor,,Rep,Burt Jones,2097,1592,85,2,418
Glynn,JI,Lieutenant Governor,,Rep,Burt Jones,295,62,24,1,208
Glynn,COG,Lieutenant Governor,,Rep,Burt Jones,1229,667,40,1,521
Glynn,SEB,Lieutenant Governor,,Rep,Burt Jones,645,361,13,1,270
Glynn,GICCA,Lieutenant Governor,,Rep,Burt Jones,1115,608,47,3,457
Glynn,NGLY,Lieutenant Governor,,Rep,Burt Jones,1288,697,37,1,553
Glynn,BAL,Lieutenant Governor,,Rep,Burt Jones,964,637,58,1,268
Glynn,NSB,Lieutenant Governor,,Rep,Burt Jones,573,283,34,0,256
Glynn,THE,Lieutenant Governor,,Rep,Burt Jones,504,291,30,0,183
Glynn,CPM,Lieutenant Governor,,Rep,Burt Jones,392,225,26,1,140
Glynn,HCP,Lieutenant Governor,,Rep,Burt Jones,504,255,23,0,226
Glynn,UPP,Lieutenant Governor,,Rep,Burt Jones,101,57,13,0,31
Glynn,ARCO,Lieutenant Governor,,Rep,Burt Jones,145,89,3,2,51
Glynn,SES,Lieutenant Governor,,Dem,Charlie Bailey,568,372,70,0,126
Glynn,BRK,Lieutenant Governor,,Dem,Charlie Bailey,481,304,44,0,133
Glynn,MAR,Lieutenant Governor,,Dem,Charlie Bailey,424,258,31,0,135
Glynn,BLY,Lieutenant Governor,,Dem,Charlie Bailey,196,117,21,1,57
Glynn,NSSI,Lieutenant Governor,,Dem,Charlie Bailey,891,661,79,0,151
Glynn,CSSI,Lieutenant Governor,,Dem,Charlie Bailey,1108,827,112,0,169
Glynn,SSSI,Lieutenant Governor,,Dem,Charlie Bailey,865,675,77,0,113
Glynn,JI,Lieutenant Governor,,Dem,Charlie Bailey,230,74,28,0,128
Glynn,COG,Lieutenant Governor,,Dem,Charlie Bailey,579,355,60,1,163
Glynn,SEB,Lieutenant Governor,,Dem,Charlie Bailey,258,158,17,2,81
Glynn,GICCA,Lieutenant Governor,,Dem,Charlie Bailey,422,229,52,0,141
Glynn,NGLY,Lieutenant Governor,,Dem,Charlie Bailey,536,335,63,0,138
Glynn,BAL,Lieutenant Governor,,Dem,Charlie Bailey,471,288,45,0,138
Glynn,NSB,Lieutenant Governor,,Dem,Charlie Bailey,809,456,102,0,251
Glynn,THE,Lieutenant Governor,,Dem,Charlie Bailey,595,357,78,0,160
Glynn,CPM,Lieutenant Governor,,Dem,Charlie Bailey,531,301,73,0,157
Glynn,HCP,Lieutenant Governor,,Dem,Charlie Bailey,779,487,74,3,215
Glynn,UPP,Lieutenant Governor,,Dem,Charlie Bailey,923,528,138,0,257
Glynn,ARCO,Lieutenant Governor,,Dem,Charlie Bailey,221,120,32,1,68
Glynn,SES,Lieutenant Governor,,Lib,Ryan Graham,42,19,3,0,20
Glynn,BRK,Lieutenant Governor,,Lib,Ryan Graham,37,19,1,0,17
Glynn,MAR,Lieutenant Governor,,Lib,Ryan Graham,49,16,3,0,30
Glynn,BLY,Lieutenant Governor,,Lib,Ryan Graham,32,18,1,0,13
Glynn,NSSI,Lieutenant Governor,,Lib,Ryan Graham,61,27,5,0,29
Glynn,CSSI,Lieutenant Governor,,Lib,Ryan Graham,85,59,3,0,23
Glynn,SSSI,Lieutenant Governor,,Lib,Ryan Graham,48,32,2,0,14
Glynn,JI,Lieutenant Governor,,Lib,Ryan Graham,15,2,2,0,11
Glynn,COG,Lieutenant Governor,,Lib,Ryan Graham,31,13,0,0,18
Glynn,SEB,Lieutenant Governor,,Lib,Ryan Graham,10,4,1,0,5
Glynn,GICCA,Lieutenant Governor,,Lib,Ryan Graham,36,10,4,0,22
Glynn,NGLY,Lieutenant Governor,,Lib,Ryan Graham,35,10,2,0,23
Glynn,BAL,Lieutenant Governor,,Lib,Ryan Graham,23,10,1,0,12
Glynn,NSB,Lieutenant Governor,,Lib,Ryan Graham,35,16,2,0,17
Glynn,THE,Lieutenant Governor,,Lib,Ryan Graham,29,12,1,0,16
Glynn,CPM,Lieutenant Governor,,Lib,Ryan Graham,20,10,2,0,8
Glynn,HCP,Lieutenant Governor,,Lib,Ryan Graham,40,19,1,0,20
Glynn,UPP,Lieutenant Governor,,Lib,Ryan Graham,22,11,3,0,8
Glynn,ARCO,Lieutenant Governor,,Lib,Ryan Graham,7,2,0,0,5
Glynn,SES,Secretary of State,,Rep,Brad Raffensperger ,1931,1202,66,0,663
Glynn,BRK,Secretary of State,,Rep,Brad Raffensperger ,1380,692,29,0,659
Glynn,MAR,Secretary of State,,Rep,Brad Raffensperger ,1187,632,37,1,517
Glynn,BLY,Secretary of State,,Rep,Brad Raffensperger ,1192,700,40,1,451
Glynn,NSSI,Secretary of State,,Rep,Brad Raffensperger ,2762,1924,135,6,697
Glynn,CSSI,Secretary of State,,Rep,Brad Raffensperger ,3468,2587,156,5,720
Glynn,SSSI,Secretary of State,,Rep,Brad Raffensperger ,2229,1713,97,2,417
Glynn,JI,Secretary of State,,Rep,Brad Raffensperger ,339,77,30,1,231
Glynn,COG,Secretary of State,,Rep,Brad Raffensperger ,1241,675,46,1,519
Glynn,SEB,Secretary of State,,Rep,Brad Raffensperger ,656,371,16,1,268
Glynn,GICCA,Secretary of State,,Rep,Brad Raffensperger ,1143,609,55,3,476
Glynn,NGLY,Secretary of State,,Rep,Brad Raffensperger ,1312,714,42,1,555
Glynn,BAL,Secretary of State,,Rep,Brad Raffensperger ,974,636,61,1,276
Glynn,NSB,Secretary of State,,Rep,Brad Raffensperger ,576,290,38,0,248
Glynn,THE,Secretary of State,,Rep,Brad Raffensperger ,519,301,35,0,183
Glynn,CPM,Secretary of State,,Rep,Brad Raffensperger ,412,233,31,1,147
Glynn,HCP,Secretary of State,,Rep,Brad Raffensperger ,527,277,21,0,229
Glynn,UPP,Secretary of State,,Rep,Brad Raffensperger ,118,70,14,0,34
Glynn,ARCO,Secretary of State,,Rep,Brad Raffensperger ,144,88,3,2,51
Glynn,SES,Secretary of State,,Dem,Bee Nguyen,508,332,61,0,115
Glynn,BRK,Secretary of State,,Dem,Bee Nguyen,458,288,41,0,129
Glynn,MAR,Secretary of State,,Dem,Bee Nguyen,377,227,25,0,125
Glynn,BLY,Secretary of State,,Dem,Bee Nguyen,170,105,16,1,48
Glynn,NSSI,Secretary of State,,Dem,Bee Nguyen,704,518,57,0,129
Glynn,CSSI,Secretary of State,,Dem,Bee Nguyen,859,628,91,0,140
Glynn,SSSI,Secretary of State,,Dem,Bee Nguyen,672,516,64,0,92
Glynn,JI,Secretary of State,,Dem,Bee Nguyen,182,59,24,0,99
Glynn,COG,Secretary of State,,Dem,Bee Nguyen,546,334,54,1,157
Glynn,SEB,Secretary of State,,Dem,Bee Nguyen,234,140,14,2,78
Glynn,GICCA,Secretary of State,,Dem,Bee Nguyen,375,209,45,0,121
Glynn,NGLY,Secretary of State,,Dem,Bee Nguyen,490,302,58,0,130
Glynn,BAL,Secretary of State,,Dem,Bee Nguyen,443,271,42,0,130
Glynn,NSB,Secretary of State,,Dem,Bee Nguyen,796,443,98,0,255
Glynn,THE,Secretary of State,,Dem,Bee Nguyen,574,339,77,0,158
Glynn,CPM,Secretary of State,,Dem,Bee Nguyen,505,290,68,0,147
Glynn,HCP,Secretary of State,,Dem,Bee Nguyen,749,457,74,3,215
Glynn,UPP,Secretary of State,,Dem,Bee Nguyen,914,517,137,0,260
Glynn,ARCO,Secretary of State,,Dem,Bee Nguyen,218,119,33,1,65
Glynn,SES,Secretary of State,,Lib,Ted Metz,82,45,2,1,34
Glynn,BRK,Secretary of State,,Lib,Ted Metz,63,35,2,0,26
Glynn,MAR,Secretary of State,,Lib,Ted Metz,60,25,2,0,33
Glynn,BLY,Secretary of State,,Lib,Ted Metz,51,25,1,0,25
Glynn,NSSI,Secretary of State,,Lib,Ted Metz,119,72,4,0,43
Glynn,CSSI,Secretary of State,,Lib,Ted Metz,126,90,3,0,33
Glynn,SSSI,Secretary of State,,Lib,Ted Metz,94,64,1,0,29
Glynn,JI,Secretary of State,,Lib,Ted Metz,17,3,0,0,14
Glynn,COG,Secretary of State,,Lib,Ted Metz,50,24,0,0,26
Glynn,SEB,Secretary of State,,Lib,Ted Metz,26,14,1,0,11
Glynn,GICCA,Secretary of State,,Lib,Ted Metz,55,29,3,0,23
Glynn,NGLY,Secretary of State,,Lib,Ted Metz,53,21,3,0,29
Glynn,BAL,Secretary of State,,Lib,Ted Metz,38,23,1,0,14
Glynn,NSB,Secretary of State,,Lib,Ted Metz,42,20,2,0,20
Glynn,THE,Secretary of State,,Lib,Ted Metz,38,19,0,0,19
Glynn,CPM,Secretary of State,,Lib,Ted Metz,25,13,1,0,11
Glynn,HCP,Secretary of State,,Lib,Ted Metz,49,28,4,0,17
Glynn,UPP,Secretary of State,,Lib,Ted Metz,18,9,2,0,7
Glynn,ARCO,Secretary of State,,Lib,Ted Metz,11,4,0,0,7
Glynn,SES,Attorney General,,Rep,Chris Carr ,1916,1194,57,1,664
Glynn,BRK,Attorney General,,Rep,Chris Carr ,1394,695,28,0,671
Glynn,MAR,Attorney General,,Rep,Chris Carr ,1162,619,27,1,515
Glynn,BLY,Attorney General,,Rep,Chris Carr ,1214,708,35,1,470
Glynn,NSSI,Attorney General,,Rep,Chris Carr ,2672,1855,113,6,698
Glynn,CSSI,Attorney General,,Rep,Chris Carr ,3304,2451,135,5,713
Glynn,SSSI,Attorney General,,Rep,Chris Carr ,2114,1606,88,2,418
Glynn,JI,Attorney General,,Rep,Chris Carr ,300,61,27,1,211
Glynn,COG,Attorney General,,Rep,Chris Carr ,1234,665,42,1,526
Glynn,SEB,Attorney General,,Rep,Chris Carr ,641,360,14,1,266
Glynn,GICCA,Attorney General,,Rep,Chris Carr ,1120,605,48,3,464
Glynn,NGLY,Attorney General,,Rep,Chris Carr ,1301,713,36,0,552
Glynn,BAL,Attorney General,,Rep,Chris Carr ,965,636,58,1,270
Glynn,NSB,Attorney General,,Rep,Chris Carr ,573,283,37,0,253
Glynn,THE,Attorney General,,Rep,Chris Carr ,506,292,32,0,182
Glynn,CPM,Attorney General,,Rep,Chris Carr ,398,228,26,1,143
Glynn,HCP,Attorney General,,Rep,Chris Carr ,508,259,22,0,227
Glynn,UPP,Attorney General,,Rep,Chris Carr ,98,47,14,0,37
Glynn,ARCO,Attorney General,,Rep,Chris Carr ,149,89,3,2,55
Glynn,SES,Attorney General,,Dem,"Jennifer """"Jen"""" Jordan",576,374,73,0,129
Glynn,BRK,Attorney General,,Dem,"Jennifer """"Jen"""" Jordan",491,310,45,0,136
Glynn,MAR,Attorney General,,Dem,"Jennifer """"Jen"""" Jordan",426,255,36,0,135
Glynn,BLY,Attorney General,,Dem,"Jennifer """"Jen"""" Jordan",195,121,20,1,53
Glynn,NSSI,Attorney General,,Dem,"Jennifer """"Jen"""" Jordan",892,657,79,0,156
Glynn,CSSI,Attorney General,,Dem,"Jennifer """"Jen"""" Jordan",1099,825,110,0,164
Glynn,SSSI,Attorney General,,Dem,"Jennifer """"Jen"""" Jordan",862,673,74,0,115
Glynn,JI,Attorney General,,Dem,"Jennifer """"Jen"""" Jordan",228,74,26,0,128
Glynn,COG,Attorney General,,Dem,"Jennifer """"Jen"""" Jordan",583,361,58,1,163
Glynn,SEB,Attorney General,,Dem,"Jennifer """"Jen"""" Jordan",258,160,15,1,82
Glynn,GICCA,Attorney General,,Dem,"Jennifer """"Jen"""" Jordan",427,235,52,0,140
Glynn,NGLY,Attorney General,,Dem,"Jennifer """"Jen"""" Jordan",537,328,67,1,141
Glynn,BAL,Attorney General,,Dem,"Jennifer """"Jen"""" Jordan",476,287,46,0,143
Glynn,NSB,Attorney General,,Dem,"Jennifer """"Jen"""" Jordan",822,464,100,0,258
Glynn,THE,Attorney General,,Dem,"Jennifer """"Jen"""" Jordan",607,365,79,0,163
Glynn,CPM,Attorney General,,Dem,"Jennifer """"Jen"""" Jordan",532,305,73,0,154
Glynn,HCP,Attorney General,,Dem,"Jennifer """"Jen"""" Jordan",794,489,76,3,226
Glynn,UPP,Attorney General,,Dem,"Jennifer """"Jen"""" Jordan",944,545,139,0,260
Glynn,ARCO,Attorney General,,Dem,"Jennifer """"Jen"""" Jordan",222,120,34,1,67
Glynn,SES,Attorney General,,Lib,Martin Cowen,39,15,1,0,23
Glynn,BRK,Attorney General,,Lib,Martin Cowen,23,13,0,0,10
Glynn,MAR,Attorney General,,Lib,Martin Cowen,35,11,0,0,24
Glynn,BLY,Attorney General,,Lib,Martin Cowen,21,12,1,0,8
Glynn,NSSI,Attorney General,,Lib,Martin Cowen,40,15,3,0,22
Glynn,CSSI,Attorney General,,Lib,Martin Cowen,53,28,3,0,22
Glynn,SSSI,Attorney General,,Lib,Martin Cowen,24,18,1,0,5
Glynn,JI,Attorney General,,Lib,Martin Cowen,13,3,1,0,9
Glynn,COG,Attorney General,,Lib,Martin Cowen,26,12,0,0,14
Glynn,SEB,Attorney General,,Lib,Martin Cowen,12,4,0,1,7
Glynn,GICCA,Attorney General,,Lib,Martin Cowen,29,11,2,0,16
Glynn,NGLY,Attorney General,,Lib,Martin Cowen,21,5,0,0,16
Glynn,BAL,Attorney General,,Lib,Martin Cowen,17,9,0,0,8
Glynn,NSB,Attorney General,,Lib,Martin Cowen,25,11,1,0,13
Glynn,THE,Attorney General,,Lib,Martin Cowen,24,9,1,0,14
Glynn,CPM,Attorney General,,Lib,Martin Cowen,13,6,1,0,6
Glynn,HCP,Attorney General,,Lib,Martin Cowen,28,16,1,0,11
Glynn,UPP,Attorney General,,Lib,Martin Cowen,13,5,2,0,6
Glynn,ARCO,Attorney General,,Lib,Martin Cowen,8,3,0,0,5
Glynn,SES,Commissioner of Agriculture,,Rep,Tyler Harper,1921,1201,54,1,665
Glynn,BRK,Commissioner of Agriculture,,Rep,Tyler Harper,1411,707,28,0,676
Glynn,MAR,Commissioner of Agriculture,,Rep,Tyler Harper,1180,629,30,1,520
Glynn,BLY,Commissioner of Agriculture,,Rep,Tyler Harper,1212,712,37,1,462
Glynn,NSSI,Commissioner of Agriculture,,Rep,Tyler Harper,2697,1866,117,6,708
Glynn,CSSI,Commissioner of Agriculture,,Rep,Tyler Harper,3362,2494,137,5,726
Glynn,SSSI,Commissioner of Agriculture,,Rep,Tyler Harper,2174,1654,91,2,427
Glynn,JI,Commissioner of Agriculture,,Rep,Tyler Harper,309,64,23,1,221
Glynn,COG,Commissioner of Agriculture,,Rep,Tyler Harper,1236,667,44,1,524
Glynn,SEB,Commissioner of Agriculture,,Rep,Tyler Harper,656,371,14,2,269
Glynn,GICCA,Commissioner of Agriculture,,Rep,Tyler Harper,1131,613,49,3,466
Glynn,NGLY,Commissioner of Agriculture,,Rep,Tyler Harper,1304,717,36,1,550
Glynn,BAL,Commissioner of Agriculture,,Rep,Tyler Harper,970,640,59,1,270
Glynn,NSB,Commissioner of Agriculture,,Rep,Tyler Harper,557,271,34,0,252
Glynn,THE,Commissioner of Agriculture,,Rep,Tyler Harper,510,291,34,0,185
Glynn,CPM,Commissioner of Agriculture,,Rep,Tyler Harper,398,230,27,1,140
Glynn,HCP,Commissioner of Agriculture,,Rep,Tyler Harper,521,262,26,0,233
Glynn,UPP,Commissioner of Agriculture,,Rep,Tyler Harper,97,55,10,0,32
Glynn,ARCO,Commissioner of Agriculture,,Rep,Tyler Harper,145,88,3,2,52
Glynn,SES,Commissioner of Agriculture,,Dem,Nakita Hemingway,561,357,76,0,128
Glynn,BRK,Commissioner of Agriculture,,Dem,Nakita Hemingway,473,301,43,0,129
Glynn,MAR,Commissioner of Agriculture,,Dem,Nakita Hemingway,405,245,33,0,127
Glynn,BLY,Commissioner of Agriculture,,Dem,Nakita Hemingway,183,113,20,1,49
Glynn,NSSI,Commissioner of Agriculture,,Dem,Nakita Hemingway,816,616,71,0,129
Glynn,CSSI,Commissioner of Agriculture,,Dem,Nakita Hemingway,955,710,103,0,142
Glynn,SSSI,Commissioner of Agriculture,,Dem,Nakita Hemingway,768,602,66,0,100
Glynn,JI,Commissioner of Agriculture,,Dem,Nakita Hemingway,212,71,27,0,114
Glynn,COG,Commissioner of Agriculture,,Dem,Nakita Hemingway,567,352,56,1,158
Glynn,SEB,Commissioner of Agriculture,,Dem,Nakita Hemingway,248,153,15,1,79
Glynn,GICCA,Commissioner of Agriculture,,Dem,Nakita Hemingway,393,215,51,0,127
Glynn,NGLY,Commissioner of Agriculture,,Dem,Nakita Hemingway,518,318,66,0,134
Glynn,BAL,Commissioner of Agriculture,,Dem,Nakita Hemingway,465,280,43,0,142
Glynn,NSB,Commissioner of Agriculture,,Dem,Nakita Hemingway,818,462,103,0,253
Glynn,THE,Commissioner of Agriculture,,Dem,Nakita Hemingway,592,358,76,0,158
Glynn,CPM,Commissioner of Agriculture,,Dem,Nakita Hemingway,519,295,70,0,154
Glynn,HCP,Commissioner of Agriculture,,Dem,Nakita Hemingway,768,481,70,3,214
Glynn,UPP,Commissioner of Agriculture,,Dem,Nakita Hemingway,944,533,145,0,266
Glynn,ARCO,Commissioner of Agriculture,,Dem,Nakita Hemingway,227,122,33,1,71
Glynn,SES,Commissioner of Agriculture,,Lib,David Raudabaugh,48,21,0,0,27
Glynn,BRK,Commissioner of Agriculture,,Lib,David Raudabaugh,23,13,0,0,10
Glynn,MAR,Commissioner of Agriculture,,Lib,David Raudabaugh,41,16,0,0,25
Glynn,BLY,Commissioner of Agriculture,,Lib,David Raudabaugh,29,15,0,0,14
Glynn,NSSI,Commissioner of Agriculture,,Lib,David Raudabaugh,66,33,4,0,29
Glynn,CSSI,Commissioner of Agriculture,,Lib,David Raudabaugh,110,76,3,0,31
Glynn,SSSI,Commissioner of Agriculture,,Lib,David Raudabaugh,46,33,0,0,13
Glynn,JI,Commissioner of Agriculture,,Lib,David Raudabaugh,17,2,3,0,12
Glynn,COG,Commissioner of Agriculture,,Lib,David Raudabaugh,37,18,0,0,19
Glynn,SEB,Commissioner of Agriculture,,Lib,David Raudabaugh,12,3,1,0,8
Glynn,GICCA,Commissioner of Agriculture,,Lib,David Raudabaugh,41,15,3,0,23
Glynn,NGLY,Commissioner of Agriculture,,Lib,David Raudabaugh,33,10,0,0,23
Glynn,BAL,Commissioner of Agriculture,,Lib,David Raudabaugh,19,11,1,0,7
Glynn,NSB,Commissioner of Agriculture,,Lib,David Raudabaugh,38,20,1,0,17
Glynn,THE,Commissioner of Agriculture,,Lib,David Raudabaugh,32,14,2,0,16
Glynn,CPM,Commissioner of Agriculture,,Lib,David Raudabaugh,20,8,3,0,9
Glynn,HCP,Commissioner of Agriculture,,Lib,David Raudabaugh,35,20,1,0,14
Glynn,UPP,Commissioner of Agriculture,,Lib,David Raudabaugh,18,10,0,0,8
Glynn,ARCO,Commissioner of Agriculture,,Lib,David Raudabaugh,5,2,0,0,3
Glynn,SES,Commissioner of Insurance,,Rep,John King ,1948,1209,57,1,681
Glynn,BRK,Commissioner of Insurance,,Rep,John King ,1415,709,28,0,678
Glynn,MAR,Commissioner of Insurance,,Rep,John King ,1202,638,33,1,530
Glynn,BLY,Commissioner of Insurance,,Rep,John King ,1234,720,38,1,475
Glynn,NSSI,Commissioner of Insurance,,Rep,John King ,2743,1894,122,6,721
Glynn,CSSI,Commissioner of Insurance,,Rep,John King ,3414,2520,140,5,749
Glynn,SSSI,Commissioner of Insurance,,Rep,John King ,2173,1649,88,2,434
Glynn,JI,Commissioner of Insurance,,Rep,John King ,311,66,23,1,221
Glynn,COG,Commissioner of Insurance,,Rep,John King ,1256,678,44,1,533
Glynn,SEB,Commissioner of Insurance,,Rep,John King ,648,367,14,1,266
Glynn,GICCA,Commissioner of Insurance,,Rep,John King ,1153,619,52,3,479
Glynn,NGLY,Commissioner of Insurance,,Rep,John King ,1324,721,36,1,566
Glynn,BAL,Commissioner of Insurance,,Rep,John King ,978,637,57,1,283
Glynn,NSB,Commissioner of Insurance,,Rep,John King ,597,298,37,0,262
Glynn,THE,Commissioner of Insurance,,Rep,John King ,521,297,33,0,191
Glynn,CPM,Commissioner of Insurance,,Rep,John King ,413,233,27,1,152
Glynn,HCP,Commissioner of Insurance,,Rep,John King ,536,271,26,0,239
Glynn,UPP,Commissioner of Insurance,,Rep,John King ,105,61,11,0,33
Glynn,ARCO,Commissioner of Insurance,,Rep,John King ,144,88,4,2,50
Glynn,SES,Commissioner of Insurance,,Dem,Janice Laws Robinson,574,368,74,0,132
Glynn,BRK,Commissioner of Insurance,,Dem,Janice Laws Robinson,492,312,44,0,136
Glynn,MAR,Commissioner of Insurance,,Dem,Janice Laws Robinson,420,248,30,0,142
Glynn,BLY,Commissioner of Insurance,,Dem,Janice Laws Robinson,190,119,19,1,51
Glynn,NSSI,Commissioner of Insurance,,Dem,Janice Laws Robinson,823,619,66,0,138
Glynn,CSSI,Commissioner of Insurance,,Dem,Janice Laws Robinson,1014,757,108,0,149
Glynn,SSSI,Commissioner of Insurance,,Dem,Janice Laws Robinson,801,631,66,0,104
Glynn,JI,Commissioner of Insurance,,Dem,Janice Laws Robinson,229,73,29,0,127
Glynn,COG,Commissioner of Insurance,,Dem,Janice Laws Robinson,581,356,54,1,170
Glynn,SEB,Commissioner of Insurance,,Dem,Janice Laws Robinson,261,153,16,2,90
Glynn,GICCA,Commissioner of Insurance,,Dem,Janice Laws Robinson,410,226,50,0,134
Glynn,NGLY,Commissioner of Insurance,,Dem,Janice Laws Robinson,520,319,61,0,140
Glynn,BAL,Commissioner of Insurance,,Dem,Janice Laws Robinson,475,291,46,0,138
Glynn,NSB,Commissioner of Insurance,,Dem,Janice Laws Robinson,816,455,101,0,260
Glynn,THE,Commissioner of Insurance,,Dem,Janice Laws Robinson,608,365,77,0,166
Glynn,CPM,Commissioner of Insurance,,Dem,Janice Laws Robinson,526,302,72,0,152
Glynn,HCP,Commissioner of Insurance,,Dem,Janice Laws Robinson,785,489,71,3,222
Glynn,UPP,Commissioner of Insurance,,Dem,Janice Laws Robinson,947,533,144,0,270
Glynn,ARCO,Commissioner of Insurance,,Dem,Janice Laws Robinson,232,124,32,1,75
Glynn,SES,State School Superintendent,,Rep,Richard Woods ,1950,1215,59,1,675
Glynn,BRK,State School Superintendent,,Rep,Richard Woods ,1419,713,27,0,679
Glynn,MAR,State School Superintendent,,Rep,Richard Woods ,1212,644,31,1,536
Glynn,BLY,State School Superintendent,,Rep,Richard Woods ,1234,719,38,1,476
Glynn,NSSI,State School Superintendent,,Rep,Richard Woods ,2744,1899,115,5,725
Glynn,CSSI,State School Superintendent,,Rep,Richard Woods ,3436,2541,137,5,753
Glynn,SSSI,State School Superintendent,,Rep,Richard Woods ,2177,1655,89,2,431
Glynn,JI,State School Superintendent,,Rep,Richard Woods ,320,69,28,1,222
Glynn,COG,State School Superintendent,,Rep,Richard Woods ,1254,677,45,0,532
Glynn,SEB,State School Superintendent,,Rep,Richard Woods ,656,366,15,1,274
Glynn,GICCA,State School Superintendent,,Rep,Richard Woods ,1161,627,54,3,477
Glynn,NGLY,State School Superintendent,,Rep,Richard Woods ,1332,726,37,0,569
Glynn,BAL,State School Superintendent,,Rep,Richard Woods ,981,645,59,1,276
Glynn,NSB,State School Superintendent,,Rep,Richard Woods ,583,285,34,0,264
Glynn,THE,State School Superintendent,,Rep,Richard Woods ,514,295,34,0,185
Glynn,CPM,State School Superintendent,,Rep,Richard Woods ,412,230,28,1,153
Glynn,HCP,State School Superintendent,,Rep,Richard Woods ,544,280,25,0,239
Glynn,UPP,State School Superintendent,,Rep,Richard Woods ,97,52,13,0,32
Glynn,ARCO,State School Superintendent,,Rep,Richard Woods ,149,92,3,2,52
Glynn,SES,State School Superintendent,,Dem,Alisha Thomas Searcy,579,369,72,0,138
Glynn,BRK,State School Superintendent,,Dem,Alisha Thomas Searcy,489,310,43,0,136
Glynn,MAR,State School Superintendent,,Dem,Alisha Thomas Searcy,411,243,31,0,137
Glynn,BLY,State School Superintendent,,Dem,Alisha Thomas Searcy,189,120,19,1,49
Glynn,NSSI,State School Superintendent,,Dem,Alisha Thomas Searcy,829,617,74,1,137
Glynn,CSSI,State School Superintendent,,Dem,Alisha Thomas Searcy,1001,747,107,0,147
Glynn,SSSI,State School Superintendent,,Dem,Alisha Thomas Searcy,811,633,67,0,111
Glynn,JI,State School Superintendent,,Dem,Alisha Thomas Searcy,219,69,26,0,124
Glynn,COG,State School Superintendent,,Dem,Alisha Thomas Searcy,588,362,52,1,173
Glynn,SEB,State School Superintendent,,Dem,Alisha Thomas Searcy,257,156,15,2,84
Glynn,GICCA,State School Superintendent,,Dem,Alisha Thomas Searcy,410,221,48,0,141
Glynn,NGLY,State School Superintendent,,Dem,Alisha Thomas Searcy,524,321,63,1,139
Glynn,BAL,State School Superintendent,,Dem,Alisha Thomas Searcy,475,284,45,0,146
Glynn,NSB,State School Superintendent,,Dem,Alisha Thomas Searcy,830,471,103,0,256
Glynn,THE,State School Superintendent,,Dem,Alisha Thomas Searcy,620,370,77,0,173
Glynn,CPM,State School Superintendent,,Dem,Alisha Thomas Searcy,530,305,71,0,154
Glynn,HCP,State School Superintendent,,Dem,Alisha Thomas Searcy,784,484,73,3,224
Glynn,UPP,State School Superintendent,,Dem,Alisha Thomas Searcy,962,548,141,0,273
Glynn,ARCO,State School Superintendent,,Dem,Alisha Thomas Searcy,229,120,33,1,75
Glynn,SES,Commissioner of Labor,,Rep,Bruce Thompson,1924,1202,56,1,665
Glynn,BRK,Commissioner of Labor,,Rep,Bruce Thompson,1396,698,28,0,670
Glynn,MAR,Commissioner of Labor,,Rep,Bruce Thompson,1169,625,32,1,511
Glynn,BLY,Commissioner of Labor,,Rep,Bruce Thompson,1205,706,36,1,462
Glynn,NSSI,Commissioner of Labor,,Rep,Bruce Thompson,2647,1843,108,5,691
Glynn,CSSI,Commissioner of Labor,,Rep,Bruce Thompson,3311,2454,132,5,720
Glynn,SSSI,Commissioner of Labor,,Rep,Bruce Thompson,2127,1620,84,2,421
Glynn,JI,Commissioner of Labor,,Rep,Bruce Thompson,301,66,25,1,209
Glynn,COG,Commissioner of Labor,,Rep,Bruce Thompson,1238,669,41,1,527
Glynn,SEB,Commissioner of Labor,,Rep,Bruce Thompson,641,364,15,1,261
Glynn,GICCA,Commissioner of Labor,,Rep,Bruce Thompson,1119,608,50,3,458
Glynn,NGLY,Commissioner of Labor,,Rep,Bruce Thompson,1292,705,35,1,551
Glynn,BAL,Commissioner of Labor,,Rep,Bruce Thompson,956,629,54,1,272
Glynn,NSB,Commissioner of Labor,,Rep,Bruce Thompson,572,281,34,0,257
Glynn,THE,Commissioner of Labor,,Rep,Bruce Thompson,510,294,34,0,182
Glynn,CPM,Commissioner of Labor,,Rep,Bruce Thompson,399,227,27,1,144
Glynn,HCP,Commissioner of Labor,,Rep,Bruce Thompson,510,258,25,0,227
Glynn,UPP,Commissioner of Labor,,Rep,Bruce Thompson,95,52,10,0,33
Glynn,ARCO,Commissioner of Labor,,Rep,Bruce Thompson,147,88,3,2,54
Glynn,SES,Commissioner of Labor,,Dem,"William """"Will"""" Boddie, Jr",559,358,73,0,128
Glynn,BRK,Commissioner of Labor,,Dem,"William """"Will"""" Boddie, Jr",473,297,43,0,133
Glynn,MAR,Commissioner of Labor,,Dem,"William """"Will"""" Boddie, Jr",402,244,29,0,129
Glynn,BLY,Commissioner of Labor,,Dem,"William """"Will"""" Boddie, Jr",188,112,20,1,55
Glynn,NSSI,Commissioner of Labor,,Dem,"William """"Will"""" Boddie, Jr",834,628,70,0,136
Glynn,CSSI,Commissioner of Labor,,Dem,"William """"Will"""" Boddie, Jr",1001,754,106,0,141
Glynn,SSSI,Commissioner of Labor,,Dem,"William """"Will"""" Boddie, Jr",805,631,70,0,104
Glynn,JI,Commissioner of Labor,,Dem,"William """"Will"""" Boddie, Jr",221,70,27,0,124
Glynn,COG,Commissioner of Labor,,Dem,"William """"Will"""" Boddie, Jr",558,347,55,1,155
Glynn,SEB,Commissioner of Labor,,Dem,"William """"Will"""" Boddie, Jr",246,153,16,1,76
Glynn,GICCA,Commissioner of Labor,,Dem,"William """"Will"""" Boddie, Jr",401,222,48,0,131
Glynn,NGLY,Commissioner of Labor,,Dem,"William """"Will"""" Boddie, Jr",519,329,62,0,128
Glynn,BAL,Commissioner of Labor,,Dem,"William """"Will"""" Boddie, Jr",462,279,46,0,137
Glynn,NSB,Commissioner of Labor,,Dem,"William """"Will"""" Boddie, Jr",798,456,99,0,243
Glynn,THE,Commissioner of Labor,,Dem,"William """"Will"""" Boddie, Jr",590,355,75,0,160
Glynn,CPM,Commissioner of Labor,,Dem,"William """"Will"""" Boddie, Jr",511,297,67,0,147
Glynn,HCP,Commissioner of Labor,,Dem,"William """"Will"""" Boddie, Jr",774,480,73,2,219
Glynn,UPP,Commissioner of Labor,,Dem,"William """"Will"""" Boddie, Jr",923,530,141,0,252
Glynn,ARCO,Commissioner of Labor,,Dem,"William """"Will"""" Boddie, Jr",220,119,33,1,67
Glynn,SES,Commissioner of Labor,,Lib,Emily Anderson,44,19,1,0,24
Glynn,BRK,Commissioner of Labor,,Lib,Emily Anderson,36,22,1,0,13
Glynn,MAR,Commissioner of Labor,,Lib,Emily Anderson,52,18,2,0,32
Glynn,BLY,Commissioner of Labor,,Lib,Emily Anderson,32,19,1,0,12
Glynn,NSSI,Commissioner of Labor,,Lib,Emily Anderson,85,37,8,0,40
Glynn,CSSI,Commissioner of Labor,,Lib,Emily Anderson,93,55,3,0,35
Glynn,SSSI,Commissioner of Labor,,Lib,Emily Anderson,46,31,0,0,15
Glynn,JI,Commissioner of Labor,,Lib,Emily Anderson,14,2,1,0,11
Glynn,COG,Commissioner of Labor,,Lib,Emily Anderson,46,24,2,0,20
Glynn,SEB,Commissioner of Labor,,Lib,Emily Anderson,24,8,0,1,15
Glynn,GICCA,Commissioner of Labor,,Lib,Emily Anderson,45,15,4,0,26
Glynn,NGLY,Commissioner of Labor,,Lib,Emily Anderson,41,9,3,0,29
Glynn,BAL,Commissioner of Labor,,Lib,Emily Anderson,33,19,2,0,12
Glynn,NSB,Commissioner of Labor,,Lib,Emily Anderson,45,18,3,0,24
Glynn,THE,Commissioner of Labor,,Lib,Emily Anderson,33,13,2,0,18
Glynn,CPM,Commissioner of Labor,,Lib,Emily Anderson,26,10,4,0,12
Glynn,HCP,Commissioner of Labor,,Lib,Emily Anderson,42,23,1,0,18
Glynn,UPP,Commissioner of Labor,,Lib,Emily Anderson,33,14,2,0,17
Glynn,ARCO,Commissioner of Labor,,Lib,Emily Anderson,8,3,0,0,5
Glynn,SES,U.S. House,,Rep,"Earl L. """"Buddy"""" Carter ",1953,1211,55,1,686
Glynn,BRK,U.S. House,,Rep,"Earl L. """"Buddy"""" Carter ",1412,710,27,0,675
Glynn,MAR,U.S. House,,Rep,"Earl L. """"Buddy"""" Carter ",1194,636,30,1,527
Glynn,BLY,U.S. House,,Rep,"Earl L. """"Buddy"""" Carter ",1219,711,35,1,472
Glynn,NSSI,U.S. House,,Rep,"Earl L. """"Buddy"""" Carter ",2678,1854,107,6,711
Glynn,CSSI,U.S. House,,Rep,"Earl L. """"Buddy"""" Carter ",3294,2423,138,5,728
Glynn,SSSI,U.S. House,,Rep,"Earl L. """"Buddy"""" Carter ",2122,1608,85,2,427
Glynn,JI,U.S. House,,Rep,"Earl L. """"Buddy"""" Carter ",301,65,24,1,211
Glynn,COG,U.S. House,,Rep,"Earl L. """"Buddy"""" Carter ",1266,680,40,1,545
Glynn,SEB,U.S. House,,Rep,"Earl L. """"Buddy"""" Carter ",660,364,16,1,279
Glynn,GICCA,U.S. House,,Rep,"Earl L. """"Buddy"""" Carter ",1134,605,50,3,476
Glynn,NGLY,U.S. House,,Rep,"Earl L. """"Buddy"""" Carter ",1319,714,36,1,568
Glynn,BAL,U.S. House,,Rep,"Earl L. """"Buddy"""" Carter ",982,638,60,1,283
Glynn,NSB,U.S. House,,Rep,"Earl L. """"Buddy"""" Carter ",590,294,37,0,259
Glynn,THE,U.S. House,,Rep,"Earl L. """"Buddy"""" Carter ",519,297,34,0,188
Glynn,CPM,U.S. House,,Rep,"Earl L. """"Buddy"""" Carter ",417,234,29,1,153
Glynn,HCP,U.S. House,,Rep,"Earl L. """"Buddy"""" Carter ",531,274,26,0,231
Glynn,UPP,U.S. House,,Rep,"Earl L. """"Buddy"""" Carter ",112,57,14,0,41
Glynn,ARCO,U.S. House,,Rep,"Earl L. """"Buddy"""" Carter ",152,92,3,2,55
Glynn,SES,U.S. House,,Dem,Wade Herring,592,383,76,0,133
Glynn,BRK,U.S. House,,Dem,Wade Herring,496,311,46,0,139
Glynn,MAR,U.S. House,,Dem,Wade Herring,437,257,36,0,144
Glynn,BLY,U.S. House,,Dem,Wade Herring,212,131,22,1,58
Glynn,NSSI,U.S. House,,Dem,Wade Herring,925,679,84,0,162
Glynn,CSSI,U.S. House,,Dem,Wade Herring,1172,884,115,0,173
Glynn,SSSI,U.S. House,,Dem,Wade Herring,891,698,76,0,117
Glynn,JI,U.S. House,,Dem,Wade Herring,238,73,29,0,136
Glynn,COG,U.S. House,,Dem,Wade Herring,573,357,59,1,156
Glynn,SEB,U.S. House,,Dem,Wade Herring,260,163,15,2,80
Glynn,GICCA,U.S. House,,Dem,Wade Herring,438,242,54,0,142
Glynn,NGLY,U.S. House,,Dem,Wade Herring,543,333,65,0,145
Glynn,BAL,U.S. House,,Dem,Wade Herring,483,300,44,0,139
Glynn,NSB,U.S. House,,Dem,Wade Herring,831,467,101,0,263
Glynn,THE,U.S. House,,Dem,Wade Herring,619,369,78,0,172
Glynn,CPM,U.S. House,,Dem,Wade Herring,528,306,72,0,150
Glynn,HCP,U.S. House,,Dem,Wade Herring,802,492,75,3,232
Glynn,UPP,U.S. House,,Dem,Wade Herring,936,541,143,0,252
Glynn,ARCO,U.S. House,,Dem,Wade Herring,225,120,33,1,71
Glynn,SES,State Senate,,Rep,Mike Hodges,2159,1344,70,2,743
Glynn,BRK,State Senate,,Rep,Mike Hodges,1588,808,38,0,742
Glynn,MAR,State Senate,,Rep,Mike Hodges,1357,722,37,1,597
Glynn,BLY,State Senate,,Rep,Mike Hodges,1304,766,39,2,497
Glynn,NSSI,State Senate,,Rep,Mike Hodges,3016,2102,132,6,776
Glynn,CSSI,State Senate,,Rep,Mike Hodges,3760,2787,153,5,815
Glynn,SSSI,State Senate,,Rep,Mike Hodges,2460,1873,106,2,479
Glynn,JI,State Senate,,Rep,Mike Hodges,398,89,32,1,276
Glynn,COG,State Senate,,Rep,Mike Hodges,1464,790,57,1,616
Glynn,SEB,State Senate,,Rep,Mike Hodges,766,435,19,3,309
Glynn,GICCA,State Senate,,Rep,Mike Hodges,1312,701,62,3,546
Glynn,NGLY,State Senate,,Rep,Mike Hodges,1519,833,54,1,631
Glynn,BAL,State Senate,,Rep,Mike Hodges,1169,751,70,1,347
Glynn,NSB,State Senate,,Rep,Mike Hodges,900,461,68,0,371
Glynn,THE,State Senate,,Rep,Mike Hodges,738,422,53,0,263
Glynn,CPM,State Senate,,Rep,Mike Hodges,598,329,49,1,219
Glynn,HCP,State Senate,,Rep,Mike Hodges,800,428,49,2,321
Glynn,UPP,State Senate,,Rep,Mike Hodges,404,239,44,0,121
Glynn,ARCO,State Senate,,Rep,Mike Hodges,230,135,12,2,81
Glynn,SES,State House,,Rep,Buddy Deloach ,2157,1345,67,2,743
Glynn,BRK,State House,,Rep,Buddy Deloach ,1582,804,33,0,745
Glynn,COG,State House,,Rep,Buddy Deloach ,1462,789,55,0,618
Glynn,NGLY,State House,,Rep,Buddy Deloach ,1518,831,52,0,635
Glynn,BLY,State House,,Rep,Rick Townsend,1312,768,41,2,501
Glynn,NSSI,State House,,Rep,Rick Townsend,3002,2095,122,6,779
Glynn,CSSI,State House,,Rep,Rick Townsend,3739,2775,147,5,812
Glynn,SSSI,State House,,Rep,Rick Townsend,2450,1870,100,1,479
Glynn,SEB,State House,,Rep,Rick Townsend,757,429,17,3,308
Glynn,GICCA,State House,,Rep,Rick Townsend,1310,698,61,2,549
Glynn,BAL,State House,,Rep,Rick Townsend,1163,743,69,1,350
Glynn,NSB,State House,,Rep,Rick Townsend,895,459,63,0,373
Glynn,THE,State House,,Rep,Rick Townsend,723,414,49,0,260
Glynn,CPM,State House,,Rep,Rick Townsend,596,326,49,1,220
Glynn,HCP,State House,,Rep,Rick Townsend,788,422,42,2,322
Glynn,UPP,State House,,Rep,Rick Townsend,411,243,43,0,125
Glynn,ARCO,State House,,Rep,Rick Townsend,230,135,12,2,81
Glynn,MAR,State House,,Rep,Steven Sainz ,1347,720,35,0,592
Glynn,JI,State House,,Rep,Steven Sainz ,379,84,28,0,267
Glynn,SES,County Comm At Large,,Rep,"Thomas """"Bo"""" Clark, Jr.",1938,1208,55,1,674
Glynn,BRK,County Comm At Large,,Rep,"Thomas """"Bo"""" Clark, Jr.",1415,709,28,0,678
Glynn,MAR,County Comm At Large,,Rep,"Thomas """"Bo"""" Clark, Jr.",1180,625,30,1,524
Glynn,BLY,County Comm At Large,,Rep,"Thomas """"Bo"""" Clark, Jr.",1216,710,35,1,470
Glynn,NSSI,County Comm At Large,,Rep,"Thomas """"Bo"""" Clark, Jr.",2639,1821,109,6,703
Glynn,CSSI,County Comm At Large,,Rep,"Thomas """"Bo"""" Clark, Jr.",3254,2386,137,5,726
Glynn,SSSI,County Comm At Large,,Rep,"Thomas """"Bo"""" Clark, Jr.",2099,1597,87,2,413
Glynn,JI,County Comm At Large,,Rep,"Thomas """"Bo"""" Clark, Jr.",305,63,25,1,216
Glynn,COG,County Comm At Large,,Rep,"Thomas """"Bo"""" Clark, Jr.",1259,674,43,1,541
Glynn,SEB,County Comm At Large,,Rep,"Thomas """"Bo"""" Clark, Jr.",647,366,14,1,266
Glynn,GICCA,County Comm At Large,,Rep,"Thomas """"Bo"""" Clark, Jr.",1138,609,53,3,473
Glynn,NGLY,County Comm At Large,,Rep,"Thomas """"Bo"""" Clark, Jr.",1316,709,37,1,569
Glynn,BAL,County Comm At Large,,Rep,"Thomas """"Bo"""" Clark, Jr.",988,646,57,1,284
Glynn,NSB,County Comm At Large,,Rep,"Thomas """"Bo"""" Clark, Jr.",591,289,37,0,265
Glynn,THE,County Comm At Large,,Rep,"Thomas """"Bo"""" Clark, Jr.",524,304,35,0,185
Glynn,CPM,County Comm At Large,,Rep,"Thomas """"Bo"""" Clark, Jr.",417,233,29,1,154
Glynn,HCP,County Comm At Large,,Rep,"Thomas """"Bo"""" Clark, Jr.",532,272,22,0,238
Glynn,UPP,County Comm At Large,,Rep,"Thomas """"Bo"""" Clark, Jr.",116,61,12,0,43
Glynn,ARCO,County Comm At Large,,Rep,"Thomas """"Bo"""" Clark, Jr.",154,91,3,2,58
Glynn,SES,County Comm At Large,,Dem,Richard Ingalls,585,374,73,0,138
Glynn,BRK,County Comm At Large,,Dem,Richard Ingalls,487,308,45,0,134
Glynn,MAR,County Comm At Large,,Dem,Richard Ingalls,433,259,30,0,144
Glynn,BLY,County Comm At Large,,Dem,Richard Ingalls,199,125,21,1,52
Glynn,NSSI,County Comm At Large,,Dem,Richard Ingalls,922,687,75,0,160
Glynn,CSSI,County Comm At Large,,Dem,Richard Ingalls,1167,883,109,0,175
Glynn,SSSI,County Comm At Large,,Dem,Richard Ingalls,888,694,71,0,123
Glynn,JI,County Comm At Large,,Dem,Richard Ingalls,231,74,28,0,129
Glynn,COG,County Comm At Large,,Dem,Richard Ingalls,566,355,55,1,155
Glynn,SEB,County Comm At Large,,Dem,Richard Ingalls,265,160,16,2,87
Glynn,GICCA,County Comm At Large,,Dem,Richard Ingalls,427,238,50,0,139
Glynn,NGLY,County Comm At Large,,Dem,Richard Ingalls,529,326,61,0,142
Glynn,BAL,County Comm At Large,,Dem,Richard Ingalls,462,281,45,0,136
Glynn,NSB,County Comm At Large,,Dem,Richard Ingalls,819,464,98,0,257
Glynn,THE,County Comm At Large,,Dem,Richard Ingalls,605,357,75,0,173
Glynn,CPM,County Comm At Large,,Dem,Richard Ingalls,522,304,68,0,150
Glynn,HCP,County Comm At Large,,Dem,Richard Ingalls,785,485,76,2,222
Glynn,UPP,County Comm At Large,,Dem,Richard Ingalls,924,530,139,0,255
Glynn,ARCO,County Comm At Large,,Dem,Richard Ingalls,220,118,33,1,68
Glynn,SES,County Comm Dist 3,,Rep,Wayne Neal ,800,472,28,0,300
Glynn,COG,County Comm Dist 3,,Rep,Wayne Neal ,1459,783,62,0,614
Glynn,SEB,County Comm Dist 3,,Rep,Wayne Neal ,495,284,11,0,200
Glynn,GICCA,County Comm Dist 3,,Rep,Wayne Neal ,930,486,38,2,404
Glynn,NGLY,County Comm Dist 3,,Rep,Wayne Neal ,1522,832,54,0,636
Glynn,BAL,County Comm Dist 3,,Rep,Wayne Neal ,74,53,2,0,19
Glynn,GICCA,County Comm Dist 4,,Rep,David Sweat,323,179,19,1,124
Glynn,BAL,County Comm Dist 4,,Rep,David Sweat,630,416,45,0,169
Glynn,NSB,County Comm Dist 4,,Rep,David Sweat,590,295,35,0,260
Glynn,THE,County Comm Dist 4,,Rep,David Sweat,519,296,32,0,191
Glynn,CPM,County Comm Dist 4,,Rep,David Sweat,345,200,24,0,121
Glynn,GICCA,County Comm Dist 4,,Dem,Cornell Harvey,164,95,25,0,44
Glynn,BAL,County Comm Dist 4,,Dem,Cornell Harvey,289,180,29,0,80
Glynn,NSB,County Comm Dist 4,,Dem,Cornell Harvey,821,460,99,0,262
Glynn,THE,County Comm Dist 4,,Dem,Cornell Harvey,611,363,80,0,168
Glynn,CPM,County Comm Dist 4,,Dem,Cornell Harvey,320,198,33,0,89
Glynn,SES,County BOE At Large,,Rep,Mike Hulsey ,2157,1346,73,2,736
Glynn,BRK,County BOE At Large,,Rep,Mike Hulsey ,1572,801,37,0,734
Glynn,MAR,County BOE At Large,,Rep,Mike Hulsey ,1346,724,37,1,584
Glynn,BLY,County BOE At Large,,Rep,Mike Hulsey ,1302,766,40,2,494
Glynn,NSSI,County BOE At Large,,Rep,Mike Hulsey ,2992,2084,127,6,775
Glynn,CSSI,County BOE At Large,,Rep,Mike Hulsey ,3702,2747,149,5,801
Glynn,SSSI,County BOE At Large,,Rep,Mike Hulsey ,2441,1860,104,2,475
Glynn,JI,County BOE At Large,,Rep,Mike Hulsey ,392,88,30,1,273
Glynn,COG,County BOE At Large,,Rep,Mike Hulsey ,1459,783,59,1,616
Glynn,SEB,County BOE At Large,,Rep,Mike Hulsey ,771,441,17,3,310
Glynn,GICCA,County BOE At Large,,Rep,Mike Hulsey ,1319,702,65,3,549
Glynn,NGLY,County BOE At Large,,Rep,Mike Hulsey ,1523,841,49,1,632
Glynn,BAL,County BOE At Large,,Rep,Mike Hulsey ,1168,744,70,1,353
Glynn,NSB,County BOE At Large,,Rep,Mike Hulsey ,916,471,67,0,378
Glynn,THE,County BOE At Large,,Rep,Mike Hulsey ,742,428,49,0,265
Glynn,CPM,County BOE At Large,,Rep,Mike Hulsey ,603,330,49,1,223
Glynn,HCP,County BOE At Large,,Rep,Mike Hulsey ,816,433,48,2,333
Glynn,UPP,County BOE At Large,,Rep,Mike Hulsey ,453,269,46,0,138
Glynn,ARCO,County BOE At Large,,Rep,Mike Hulsey ,239,141,14,2,82
Glynn,NSSI,County BOE Dist 2,,Rep,Eaddy Sams ,3020,2099,125,6,790
Glynn,CSSI,County BOE Dist 2,,Rep,Eaddy Sams ,3734,2774,147,5,808
Glynn,SSSI,County BOE Dist 2,,Rep,Eaddy Sams ,2445,1864,102,1,478
Glynn,GICCA,County BOE Dist 4,,Rep,"Henry """"Hank"""" Yeargan, Jr. ",327,185,17,1,124
Glynn,BAL,County BOE Dist 4,,Rep,"Henry """"Hank"""" Yeargan, Jr. ",629,420,44,0,165
Glynn,NSB,County BOE Dist 4,,Rep,"Henry """"Hank"""" Yeargan, Jr. ",586,290,36,0,260
Glynn,THE,County BOE Dist 4,,Rep,"Henry """"Hank"""" Yeargan, Jr. ",513,293,34,0,186
Glynn,CPM,County BOE Dist 4,,Rep,"Henry """"Hank"""" Yeargan, Jr. ",351,200,25,0,126
Glynn,GICCA,County BOE Dist 4,,Dem,Rachael J. Thompson,160,92,25,0,43
Glynn,BAL,County BOE Dist 4,,Dem,Rachael J. Thompson,292,175,31,0,86
Glynn,NSB,County BOE Dist 4,,Dem,Rachael J. Thompson,826,465,99,0,262
Glynn,THE,County BOE Dist 4,,Dem,Rachael J. Thompson,613,365,77,0,171
Glynn,CPM,County BOE Dist 4,,Dem,Rachael J. Thompson,318,197,32,0,89
Glynn,SES,Soil and Water,,,Glenn Cook,1237,759,40,1,437
Glynn,BRK,Soil and Water,,,Glenn Cook,973,488,37,0,448
Glynn,MAR,Soil and Water,,,Glenn Cook,745,386,25,1,333
Glynn,BLY,Soil and Water,,,Glenn Cook,760,455,20,0,285
Glynn,NSSI,Soil and Water,,,Glenn Cook,1381,971,63,1,346
Glynn,CSSI,Soil and Water,,,Glenn Cook,1592,1196,75,2,319
Glynn,SSSI,Soil and Water,,,Glenn Cook,1096,846,43,1,206
Glynn,JI,Soil and Water,,,Glenn Cook,354,73,26,1,254
Glynn,COG,Soil and Water,,,Glenn Cook,884,485,37,1,361
Glynn,SEB,Soil and Water,,,Glenn Cook,460,264,15,1,180
Glynn,GICCA,Soil and Water,,,Glenn Cook,735,416,29,2,288
Glynn,NGLY,Soil and Water,,,Glenn Cook,812,467,28,0,317
Glynn,BAL,Soil and Water,,,Glenn Cook,735,469,33,1,232
Glynn,NSB,Soil and Water,,,Glenn Cook,555,275,47,0,233
Glynn,THE,Soil and Water,,,Glenn Cook,405,224,43,0,138
Glynn,CPM,Soil and Water,,,Glenn Cook,367,205,27,1,134
Glynn,HCP,Soil and Water,,,Glenn Cook,430,241,28,0,161
Glynn,UPP,Soil and Water,,,Glenn Cook,324,199,29,0,96
Glynn,ARCO,Soil and Water,,,Glenn Cook,143,86,5,2,50
Glynn,SES,Soil and Water,,,"John Hodor, Jr.",239,149,13,0,77
Glynn,BRK,Soil and Water,,,"John Hodor, Jr.",159,83,1,0,75
Glynn,MAR,Soil and Water,,,"John Hodor, Jr.",132,73,5,0,54
Glynn,BLY,Soil and Water,,,"John Hodor, Jr.",116,68,3,0,45
Glynn,NSSI,Soil and Water,,,"John Hodor, Jr.",370,250,8,0,112
Glynn,CSSI,Soil and Water,,,"John Hodor, Jr.",420,299,11,1,109
Glynn,SSSI,Soil and Water,,,"John Hodor, Jr.",256,196,12,0,48
Glynn,JI,Soil and Water,,,"John Hodor, Jr.",16,9,0,0,7
Glynn,COG,Soil and Water,,,"John Hodor, Jr.",150,86,7,0,57
Glynn,SEB,Soil and Water,,,"John Hodor, Jr.",67,38,3,0,26
Glynn,GICCA,Soil and Water,,,"John Hodor, Jr.",108,58,3,0,47
Glynn,NGLY,Soil and Water,,,"John Hodor, Jr.",119,57,8,0,54
Glynn,BAL,Soil and Water,,,"John Hodor, Jr.",104,72,3,0,29
Glynn,NSB,Soil and Water,,,"John Hodor, Jr.",133,71,10,0,52
Glynn,THE,Soil and Water,,,"John Hodor, Jr.",120,72,3,0,45
Glynn,CPM,Soil and Water,,,"John Hodor, Jr.",65,40,6,0,19
Glynn,HCP,Soil and Water,,,"John Hodor, Jr.",96,54,6,1,35
Glynn,UPP,Soil and Water,,,"John Hodor, Jr.",102,45,17,0,40
Glynn,ARCO,Soil and Water,,,"John Hodor, Jr.",32,17,3,0,12
Glynn,SES,Soil and Water,,,F. Heath Holdsworth,144,98,3,0,43
Glynn,BRK,Soil and Water,,,F. Heath Holdsworth,115,64,5,0,46
Glynn,MAR,Soil and Water,,,F. Heath Holdsworth,106,64,2,0,40
Glynn,BLY,Soil and Water,,,F. Heath Holdsworth,72,40,4,0,28
Glynn,NSSI,Soil and Water,,,F. Heath Holdsworth,248,184,7,1,56
Glynn,CSSI,Soil and Water,,,F. Heath Holdsworth,531,397,25,0,109
Glynn,SSSI,Soil and Water,,,F. Heath Holdsworth,264,188,17,0,59
Glynn,JI,Soil and Water,,,F. Heath Holdsworth,37,10,1,0,26
Glynn,COG,Soil and Water,,,F. Heath Holdsworth,107,57,8,0,42
Glynn,SEB,Soil and Water,,,F. Heath Holdsworth,55,28,1,1,25
Glynn,GICCA,Soil and Water,,,F. Heath Holdsworth,165,77,12,0,76
Glynn,NGLY,Soil and Water,,,F. Heath Holdsworth,199,89,8,0,102
Glynn,BAL,Soil and Water,,,F. Heath Holdsworth,77,47,1,0,29
Glynn,NSB,Soil and Water,,,F. Heath Holdsworth,121,77,8,0,36
Glynn,THE,Soil and Water,,,F. Heath Holdsworth,86,52,4,0,30
Glynn,CPM,Soil and Water,,,F. Heath Holdsworth,127,73,12,0,42
Glynn,HCP,Soil and Water,,,F. Heath Holdsworth,113,67,4,0,42
Glynn,UPP,Soil and Water,,,F. Heath Holdsworth,77,41,18,0,18
Glynn,ARCO,Soil and Water,,,F. Heath Holdsworth,32,18,3,0,11
Glynn,SES,Soil and Water,,,Laurie Lohne ,455,267,42,0,146
Glynn,BRK,Soil and Water,,,Laurie Lohne ,344,203,14,0,127
Glynn,MAR,Soil and Water,,,Laurie Lohne ,320,182,12,0,126
Glynn,BLY,Soil and Water,,,Laurie Lohne ,231,145,12,1,73
Glynn,NSSI,Soil and Water,,,Laurie Lohne ,746,539,48,1,158
Glynn,CSSI,Soil and Water,,,Laurie Lohne ,838,622,52,1,163
Glynn,SSSI,Soil and Water,,,Laurie Lohne ,665,521,40,0,104
Glynn,JI,Soil and Water,,,Laurie Lohne ,82,30,12,0,40
Glynn,COG,Soil and Water,,,Laurie Lohne ,399,226,31,1,141
Glynn,SEB,Soil and Water,,,Laurie Lohne ,177,110,4,1,62
Glynn,GICCA,Soil and Water,,,Laurie Lohne ,307,170,28,0,109
Glynn,NGLY,Soil and Water,,,Laurie Lohne ,363,221,26,1,115
Glynn,BAL,Soil and Water,,,Laurie Lohne ,291,183,28,0,80
Glynn,NSB,Soil and Water,,,Laurie Lohne ,335,191,36,0,108
Glynn,THE,Soil and Water,,,Laurie Lohne ,282,168,30,0,84
Glynn,CPM,Soil and Water,,,Laurie Lohne ,202,112,27,0,63
Glynn,HCP,Soil and Water,,,Laurie Lohne ,399,228,40,1,130
Glynn,UPP,Soil and Water,,,Laurie Lohne ,246,142,41,0,63
Glynn,ARCO,Soil and Water,,,Laurie Lohne ,83,46,14,0,23
Glynn,SES,Proposed Constitutional Amendment 1,,,Yes,2213,1390,104,1,718
Glynn,BRK,Proposed Constitutional Amendment 1,,,Yes,1632,879,67,0,686
Glynn,MAR,Proposed Constitutional Amendment 1,,,Yes,1433,795,60,1,577
Glynn,BLY,Proposed Constitutional Amendment 1,,,Yes,1217,720,53,0,444
Glynn,NSSI,Proposed Constitutional Amendment 1,,,Yes,3194,2254,174,5,761
Glynn,CSSI,Proposed Constitutional Amendment 1,,,Yes,3909,2896,209,5,799
Glynn,SSSI,Proposed Constitutional Amendment 1,,,Yes,2649,2038,138,1,472
Glynn,JI,Proposed Constitutional Amendment 1,,,Yes,489,124,47,1,317
Glynn,COG,Proposed Constitutional Amendment 1,,,Yes,1567,894,85,0,588
Glynn,SEB,Proposed Constitutional Amendment 1,,,Yes,801,467,25,3,306
Glynn,GICCA,Proposed Constitutional Amendment 1,,,Yes,1378,748,91,3,536
Glynn,NGLY,Proposed Constitutional Amendment 1,,,Yes,1622,913,88,1,620
Glynn,BAL,Proposed Constitutional Amendment 1,,,Yes,1262,816,87,0,359
Glynn,NSB,Proposed Constitutional Amendment 1,,,Yes,1153,615,108,0,430
Glynn,THE,Proposed Constitutional Amendment 1,,,Yes,935,539,94,0,302
Glynn,CPM,Proposed Constitutional Amendment 1,,,Yes,776,452,84,1,239
Glynn,HCP,Proposed Constitutional Amendment 1,,,Yes,1105,642,83,3,377
Glynn,UPP,Proposed Constitutional Amendment 1,,,Yes,821,471,117,0,233
Glynn,ARCO,Proposed Constitutional Amendment 1,,,Yes,297,166,33,2,96
Glynn,SES,Proposed Constitutional Amendment 1,,,No,285,171,21,1,92
Glynn,BRK,Proposed Constitutional Amendment 1,,,No,223,112,6,0,105
Glynn,MAR,Proposed Constitutional Amendment 1,,,No,169,86,4,0,79
Glynn,BLY,Proposed Constitutional Amendment 1,,,No,177,102,2,1,72
Glynn,NSSI,Proposed Constitutional Amendment 1,,,No,352,239,20,0,93
Glynn,CSSI,Proposed Constitutional Amendment 1,,,No,459,338,33,0,88
Glynn,SSSI,Proposed Constitutional Amendment 1,,,No,296,219,19,1,57
Glynn,JI,Proposed Constitutional Amendment 1,,,No,51,13,7,0,31
Glynn,COG,Proposed Constitutional Amendment 1,,,No,244,126,14,1,103
Glynn,SEB,Proposed Constitutional Amendment 1,,,No,98,54,2,0,42
Glynn,GICCA,Proposed Constitutional Amendment 1,,,No,169,85,9,0,75
Glynn,NGLY,Proposed Constitutional Amendment 1,,,No,202,117,13,0,72
Glynn,BAL,Proposed Constitutional Amendment 1,,,No,158,96,7,1,54
Glynn,NSB,Proposed Constitutional Amendment 1,,,No,221,117,24,0,80
Glynn,THE,Proposed Constitutional Amendment 1,,,No,144,83,14,0,47
Glynn,CPM,Proposed Constitutional Amendment 1,,,No,135,70,12,0,53
Glynn,HCP,Proposed Constitutional Amendment 1,,,No,191,108,11,0,72
Glynn,UPP,Proposed Constitutional Amendment 1,,,No,205,109,31,0,65
Glynn,ARCO,Proposed Constitutional Amendment 1,,,No,63,36,1,0,26
Glynn,SES,Proposed Constitutional Amendment 2,,,Yes,2277,1433,108,1,735
Glynn,BRK,Proposed Constitutional Amendment 2,,,Yes,1685,908,65,0,712
Glynn,MAR,Proposed Constitutional Amendment 2,,,Yes,1483,812,58,0,613
Glynn,BLY,Proposed Constitutional Amendment 2,,,Yes,1297,765,52,2,478
Glynn,NSSI,Proposed Constitutional Amendment 2,,,Yes,3316,2325,181,6,804
Glynn,CSSI,Proposed Constitutional Amendment 2,,,Yes,4043,2985,230,5,823
Glynn,SSSI,Proposed Constitutional Amendment 2,,,Yes,2723,2071,147,2,503
Glynn,JI,Proposed Constitutional Amendment 2,,,Yes,506,128,54,1,323
Glynn,COG,Proposed Constitutional Amendment 2,,,Yes,1659,928,94,0,637
Glynn,SEB,Proposed Constitutional Amendment 2,,,Yes,841,487,28,3,323
Glynn,GICCA,Proposed Constitutional Amendment 2,,,Yes,1440,772,100,3,565
Glynn,NGLY,Proposed Constitutional Amendment 2,,,Yes,1702,959,95,1,647
Glynn,BAL,Proposed Constitutional Amendment 2,,,Yes,1315,841,91,1,382
Glynn,NSB,Proposed Constitutional Amendment 2,,,Yes,1282,686,126,0,470
Glynn,THE,Proposed Constitutional Amendment 2,,,Yes,1004,582,95,0,327
Glynn,CPM,Proposed Constitutional Amendment 2,,,Yes,848,488,87,1,272
Glynn,HCP,Proposed Constitutional Amendment 2,,,Yes,1179,687,85,3,404
Glynn,UPP,Proposed Constitutional Amendment 2,,,Yes,928,516,134,0,278
Glynn,ARCO,Proposed Constitutional Amendment 2,,,Yes,329,186,33,3,107
Glynn,SES,Proposed Constitutional Amendment 2,,,No,233,137,18,1,77
Glynn,BRK,Proposed Constitutional Amendment 2,,,No,177,90,7,0,80
Glynn,MAR,Proposed Constitutional Amendment 2,,,No,123,66,6,1,50
Glynn,BLY,Proposed Constitutional Amendment 2,,,No,105,61,2,0,42
Glynn,NSSI,Proposed Constitutional Amendment 2,,,No,249,178,15,0,56
Glynn,CSSI,Proposed Constitutional Amendment 2,,,No,357,273,12,0,72
Glynn,SSSI,Proposed Constitutional Amendment 2,,,No,252,207,12,0,33
Glynn,JI,Proposed Constitutional Amendment 2,,,No,36,9,1,0,26
Glynn,COG,Proposed Constitutional Amendment 2,,,No,154,95,5,1,53
Glynn,SEB,Proposed Constitutional Amendment 2,,,No,65,35,1,0,29
Glynn,GICCA,Proposed Constitutional Amendment 2,,,No,112,60,3,0,49
Glynn,NGLY,Proposed Constitutional Amendment 2,,,No,138,78,7,0,53
Glynn,BAL,Proposed Constitutional Amendment 2,,,No,116,78,6,0,32
Glynn,NSB,Proposed Constitutional Amendment 2,,,No,112,57,8,0,47
Glynn,THE,Proposed Constitutional Amendment 2,,,No,98,61,11,0,26
Glynn,CPM,Proposed Constitutional Amendment 2,,,No,79,42,11,0,26
Glynn,HCP,Proposed Constitutional Amendment 2,,,No,122,65,9,0,48
Glynn,UPP,Proposed Constitutional Amendment 2,,,No,98,62,13,0,23
Glynn,ARCO,Proposed Constitutional Amendment 2,,,No,35,18,1,0,16
Glynn,SES,Statewide Referendum Question A,,,Yes,1425,869,57,1,498
Glynn,BRK,Statewide Referendum Question A,,,Yes,1080,561,27,0,492
Glynn,MAR,Statewide Referendum Question A,,,Yes,908,496,26,1,385
Glynn,BLY,Statewide Referendum Question A,,,Yes,791,470,26,1,294
Glynn,NSSI,Statewide Referendum Question A,,,Yes,1863,1291,77,3,492
Glynn,CSSI,Statewide Referendum Question A,,,Yes,2327,1701,98,5,523
Glynn,SSSI,Statewide Referendum Question A,,,Yes,1555,1189,72,1,293
Glynn,JI,Statewide Referendum Question A,,,Yes,248,49,20,1,178
Glynn,COG,Statewide Referendum Question A,,,Yes,1080,598,45,0,437
Glynn,SEB,Statewide Referendum Question A,,,Yes,567,325,13,1,228
Glynn,GICCA,Statewide Referendum Question A,,,Yes,876,475,55,1,345
Glynn,NGLY,Statewide Referendum Question A,,,Yes,1009,556,50,1,402
Glynn,BAL,Statewide Referendum Question A,,,Yes,831,542,43,0,246
Glynn,NSB,Statewide Referendum Question A,,,Yes,802,434,58,0,310
Glynn,THE,Statewide Referendum Question A,,,Yes,639,356,50,0,233
Glynn,CPM,Statewide Referendum Question A,,,Yes,554,309,48,1,196
Glynn,HCP,Statewide Referendum Question A,,,Yes,647,374,32,1,240
Glynn,UPP,Statewide Referendum Question A,,,Yes,606,355,69,0,182
Glynn,ARCO,Statewide Referendum Question A,,,Yes,211,123,15,2,71
Glynn,SES,Statewide Referendum Question A,,,No,1028,657,71,1,299
Glynn,BRK,Statewide Referendum Question A,,,No,746,413,42,0,291
Glynn,MAR,Statewide Referendum Question A,,,No,672,374,37,0,261
Glynn,BLY,Statewide Referendum Question A,,,No,572,337,26,0,209
Glynn,NSSI,Statewide Referendum Question A,,,No,1604,1150,107,2,345
Glynn,CSSI,Statewide Referendum Question A,,,No,1928,1458,132,0,338
Glynn,SSSI,Statewide Referendum Question A,,,No,1314,1012,79,1,222
Glynn,JI,Statewide Referendum Question A,,,No,282,85,34,0,163
Glynn,COG,Statewide Referendum Question A,,,No,698,406,54,1,237
Glynn,SEB,Statewide Referendum Question A,,,No,319,186,14,2,117
Glynn,GICCA,Statewide Referendum Question A,,,No,637,340,39,1,257
Glynn,NGLY,Statewide Referendum Question A,,,No,778,457,48,0,273
Glynn,BAL,Statewide Referendum Question A,,,No,554,344,48,1,161
Glynn,NSB,Statewide Referendum Question A,,,No,549,291,68,0,190
Glynn,THE,Statewide Referendum Question A,,,No,428,261,54,0,113
Glynn,CPM,Statewide Referendum Question A,,,No,352,206,47,0,99
Glynn,HCP,Statewide Referendum Question A,,,No,611,354,55,1,201
Glynn,UPP,Statewide Referendum Question A,,,No,384,211,73,0,100
Glynn,ARCO,Statewide Referendum Question A,,,No,141,75,16,0,50
Glynn,SES,Statewide Referendum Question B,,,Yes,1912,1195,80,1,636
Glynn,BRK,Statewide Referendum Question B,,,Yes,1448,764,44,0,640
Glynn,MAR,Statewide Referendum Question B,,,Yes,1213,665,40,1,507
Glynn,BLY,Statewide Referendum Question B,,,Yes,1058,614,37,2,405
Glynn,NSSI,Statewide Referendum Question B,,,Yes,2577,1804,119,5,649
Glynn,CSSI,Statewide Referendum Question B,,,Yes,3097,2267,145,5,680
Glynn,SSSI,Statewide Referendum Question B,,,Yes,2109,1610,92,2,405
Glynn,JI,Statewide Referendum Question B,,,Yes,369,84,29,1,255
Glynn,COG,Statewide Referendum Question B,,,Yes,1403,776,70,0,557
Glynn,SEB,Statewide Referendum Question B,,,Yes,707,408,22,3,274
Glynn,GICCA,Statewide Referendum Question B,,,Yes,1168,624,66,1,477
Glynn,NGLY,Statewide Referendum Question B,,,Yes,1374,761,61,1,551
Glynn,BAL,Statewide Referendum Question B,,,Yes,1084,694,63,0,327
Glynn,NSB,Statewide Referendum Question B,,,Yes,1013,533,85,0,395
Glynn,THE,Statewide Referendum Question B,,,Yes,780,444,66,0,270
Glynn,CPM,Statewide Referendum Question B,,,Yes,669,380,64,1,224
Glynn,HCP,Statewide Referendum Question B,,,Yes,910,527,55,2,326
Glynn,UPP,Statewide Referendum Question B,,,Yes,722,426,83,0,213
Glynn,ARCO,Statewide Referendum Question B,,,Yes,259,143,23,3,90
Glynn,SES,Statewide Referendum Question B,,,No,550,341,46,1,162
Glynn,BRK,Statewide Referendum Question B,,,No,383,213,27,0,143
Glynn,MAR,Statewide Referendum Question B,,,No,365,203,23,0,139
Glynn,BLY,Statewide Referendum Question B,,,No,305,191,14,0,100
Glynn,NSSI,Statewide Referendum Question B,,,No,892,640,63,0,189
Glynn,CSSI,Statewide Referendum Question B,,,No,1159,891,84,0,184
Glynn,SSSI,Statewide Referendum Question B,,,No,775,600,59,0,116
Glynn,JI,Statewide Referendum Question B,,,No,164,50,26,0,88
Glynn,COG,Statewide Referendum Question B,,,No,371,225,27,1,118
Glynn,SEB,Statewide Referendum Question B,,,No,179,104,6,0,69
Glynn,GICCA,Statewide Referendum Question B,,,No,347,191,30,1,125
Glynn,NGLY,Statewide Referendum Question B,,,No,423,258,38,0,127
Glynn,BAL,Statewide Referendum Question B,,,No,307,201,27,1,78
Glynn,NSB,Statewide Referendum Question B,,,No,343,193,44,0,106
Glynn,THE,Statewide Referendum Question B,,,No,281,168,39,0,74
Glynn,CPM,Statewide Referendum Question B,,,No,237,136,33,0,68
Glynn,HCP,Statewide Referendum Question B,,,No,359,207,31,1,120
Glynn,UPP,Statewide Referendum Question B,,,No,276,145,61,0,70
Glynn,ARCO,Statewide Referendum Question B,,,No,96,57,9,0,30
Glynn,SES,Sales and Use Tax,,,Yes,1113,721,83,0,309
Glynn,BRK,Sales and Use Tax,,,Yes,788,476,47,0,265
Glynn,MAR,Sales and Use Tax,,,Yes,797,462,44,1,290
Glynn,BLY,Sales and Use Tax,,,Yes,590,352,38,1,199
Glynn,NSSI,Sales and Use Tax,,,Yes,1822,1284,124,2,412
Glynn,CSSI,Sales and Use Tax,,,Yes,2321,1749,130,4,438
Glynn,SSSI,Sales and Use Tax,,,Yes,1747,1381,98,2,266
Glynn,JI,Sales and Use Tax,,,Yes,353,90,37,0,226
Glynn,COG,Sales and Use Tax,,,Yes,827,469,51,0,307
Glynn,SEB,Sales and Use Tax,,,Yes,451,290,22,1,138
Glynn,GICCA,Sales and Use Tax,,,Yes,735,423,59,1,252
Glynn,NGLY,Sales and Use Tax,,,Yes,968,579,59,0,330
Glynn,BAL,Sales and Use Tax,,,Yes,792,522,60,0,210
Glynn,NSB,Sales and Use Tax,,,Yes,749,418,85,0,246
Glynn,THE,Sales and Use Tax,,,Yes,580,353,66,0,161
Glynn,CPM,Sales and Use Tax,,,Yes,554,309,70,0,175
Glynn,HCP,Sales and Use Tax,,,Yes,766,457,55,3,251
Glynn,UPP,Sales and Use Tax,,,Yes,611,347,94,0,170
Glynn,ARCO,Sales and Use Tax,,,Yes,197,120,20,1,56
Glynn,SES,Sales and Use Tax,,,No,1398,846,45,2,505
Glynn,BRK,Sales and Use Tax,,,No,1091,526,25,0,540
Glynn,MAR,Sales and Use Tax,,,No,821,424,19,0,378
Glynn,BLY,Sales and Use Tax,,,No,820,480,16,1,323
Glynn,NSSI,Sales and Use Tax,,,No,1767,1236,70,4,457
Glynn,CSSI,Sales and Use Tax,,,No,2122,1546,117,1,458
Glynn,SSSI,Sales and Use Tax,,,No,1254,915,63,0,276
Glynn,JI,Sales and Use Tax,,,No,194,48,18,1,127
Glynn,COG,Sales and Use Tax,,,No,993,555,49,1,388
Glynn,SEB,Sales and Use Tax,,,No,453,232,5,2,214
Glynn,GICCA,Sales and Use Tax,,,No,819,416,41,2,360
Glynn,NGLY,Sales and Use Tax,,,No,874,458,43,1,372
Glynn,BAL,Sales and Use Tax,,,No,634,392,38,1,203
Glynn,NSB,Sales and Use Tax,,,No,635,322,46,0,267
Glynn,THE,Sales and Use Tax,,,No,506,278,41,0,187
Glynn,CPM,Sales and Use Tax,,,No,367,218,27,1,121
Glynn,HCP,Sales and Use Tax,,,No,535,294,38,0,203
Glynn,UPP,Sales and Use Tax,,,No,422,237,56,0,129
Glynn,ARCO,Sales and Use Tax,,,No,162,84,12,1,65
