county,precinct,office,district,party,candidate,votes,advance_voting_votes,absentee_by_mail_votes,provisional_votes,election_day_votes
Paulding,Burnt Hickory Park,U.S. Senate,,Rep,Herschel Walker,3312,2050,100,1,1161
Paulding,Crossroads Library,U.S. Senate,,Rep,Herschel Walker,1777,1047,57,0,673
Paulding,Shelton Elementary,U.S. Senate,,Rep,Herschel Walker,1986,1066,64,0,856
Paulding,Russom Elementary,U.S. Senate,,Rep,Herschel Walker,4367,2424,234,0,1709
Paulding,Paulding Sr Center,U.S. Senate,,Rep,Herschel Walker,2085,1206,51,2,826
Paulding,Legacy Bapt Church,U.S. Senate,,Rep,Herschel Walker,1374,862,102,1,409
Paulding,Watson Govt Cmplx,U.S. Senate,,Rep,Herschel Walker,2860,1963,144,3,750
Paulding,East Paulding Middle Sch,U.S. Senate,,Rep,Herschel Walker,4925,3087,195,1,1642
Paulding,Events Place,U.S. Senate,,Rep,Herschel Walker,899,544,48,1,306
Paulding,Poplar Sprgs Bapt Church,U.S. Senate,,Rep,Herschel Walker,1025,643,46,2,334
Paulding,D Wright Innovation Ctr,U.S. Senate,,Rep,Herschel Walker,2054,1386,58,1,609
Paulding,Taylor Farm Park,U.S. Senate,,Rep,Herschel Walker,879,596,39,0,244
Paulding,Nebo Elem School,U.S. Senate,,Rep,Herschel Walker,3645,2117,117,1,1410
Paulding,White Oak Park,U.S. Senate,,Rep,Herschel Walker,1803,1068,61,4,670
Paulding,Mulberry Rock Park,U.S. Senate,,Rep,Herschel Walker,2875,1591,115,2,1167
Paulding,Beulahland Baptist Church,U.S. Senate,,Rep,Herschel Walker,1074,536,35,1,502
Paulding,Paulding County Airport,U.S. Senate,,Rep,Herschel Walker,1757,853,75,6,823
Paulding,Dobbins Middle School,U.S. Senate,,Rep,Herschel Walker,1992,1336,72,1,583
Paulding,Burnt Hickory Park,U.S. Senate,,Dem,Raphael Warnock ,818,483,63,0,272
Paulding,Crossroads Library,U.S. Senate,,Dem,Raphael Warnock ,738,414,74,0,250
Paulding,Shelton Elementary,U.S. Senate,,Dem,Raphael Warnock ,1381,812,121,4,444
Paulding,Russom Elementary,U.S. Senate,,Dem,Raphael Warnock ,2431,1380,295,0,756
Paulding,Paulding Sr Center,U.S. Senate,,Dem,Raphael Warnock ,1443,878,125,0,440
Paulding,Legacy Bapt Church,U.S. Senate,,Dem,Raphael Warnock ,1015,616,100,0,299
Paulding,Watson Govt Cmplx,U.S. Senate,,Dem,Raphael Warnock ,2149,1320,203,2,624
Paulding,East Paulding Middle Sch,U.S. Senate,,Dem,Raphael Warnock ,2459,1538,242,4,675
Paulding,Events Place,U.S. Senate,,Dem,Raphael Warnock ,1792,1135,164,6,487
Paulding,Poplar Sprgs Bapt Church,U.S. Senate,,Dem,Raphael Warnock ,1404,879,110,3,412
Paulding,D Wright Innovation Ctr,U.S. Senate,,Dem,Raphael Warnock ,1535,1037,112,3,383
Paulding,Taylor Farm Park,U.S. Senate,,Dem,Raphael Warnock ,566,330,39,1,196
Paulding,Nebo Elem School,U.S. Senate,,Dem,Raphael Warnock ,1531,913,144,1,473
Paulding,White Oak Park,U.S. Senate,,Dem,Raphael Warnock ,1145,660,105,0,380
Paulding,Mulberry Rock Park,U.S. Senate,,Dem,Raphael Warnock ,789,464,63,0,262
Paulding,Beulahland Baptist Church,U.S. Senate,,Dem,Raphael Warnock ,273,160,25,0,88
Paulding,Paulding County Airport,U.S. Senate,,Dem,Raphael Warnock ,529,289,60,0,180
Paulding,Dobbins Middle School,U.S. Senate,,Dem,Raphael Warnock ,2391,1577,198,0,616
Paulding,Burnt Hickory Park,U.S. Senate,,Lib,Chase Oliver,100,57,4,0,39
Paulding,Crossroads Library,U.S. Senate,,Lib,Chase Oliver,49,26,2,0,21
Paulding,Shelton Elementary,U.S. Senate,,Lib,Chase Oliver,75,35,3,0,37
Paulding,Russom Elementary,U.S. Senate,,Lib,Chase Oliver,159,66,10,1,82
Paulding,Paulding Sr Center,U.S. Senate,,Lib,Chase Oliver,86,46,0,0,40
Paulding,Legacy Bapt Church,U.S. Senate,,Lib,Chase Oliver,66,29,6,0,31
Paulding,Watson Govt Cmplx,U.S. Senate,,Lib,Chase Oliver,157,93,14,0,50
Paulding,East Paulding Middle Sch,U.S. Senate,,Lib,Chase Oliver,199,105,12,0,82
Paulding,Events Place,U.S. Senate,,Lib,Chase Oliver,43,27,1,0,15
Paulding,Poplar Sprgs Bapt Church,U.S. Senate,,Lib,Chase Oliver,43,20,3,0,20
Paulding,D Wright Innovation Ctr,U.S. Senate,,Lib,Chase Oliver,89,45,2,0,42
Paulding,Taylor Farm Park,U.S. Senate,,Lib,Chase Oliver,53,28,1,1,23
Paulding,Nebo Elem School,U.S. Senate,,Lib,Chase Oliver,141,69,14,0,58
Paulding,White Oak Park,U.S. Senate,,Lib,Chase Oliver,98,42,10,1,45
Paulding,Mulberry Rock Park,U.S. Senate,,Lib,Chase Oliver,86,45,2,0,39
Paulding,Beulahland Baptist Church,U.S. Senate,,Lib,Chase Oliver,33,14,1,0,18
Paulding,Paulding County Airport,U.S. Senate,,Lib,Chase Oliver,62,28,3,0,31
Paulding,Dobbins Middle School,U.S. Senate,,Lib,Chase Oliver,96,56,6,0,34
Paulding,Burnt Hickory Park,Governor,,Rep,Brian Kemp ,3527,2175,106,1,1245
Paulding,Crossroads Library,Governor,,Rep,Brian Kemp ,1903,1111,66,0,726
Paulding,Shelton Elementary,Governor,,Rep,Brian Kemp ,2138,1137,72,0,929
Paulding,Russom Elementary,Governor,,Rep,Brian Kemp ,4796,2620,269,0,1907
Paulding,Paulding Sr Center,Governor,,Rep,Brian Kemp ,2275,1303,61,2,909
Paulding,Legacy Bapt Church,Governor,,Rep,Brian Kemp ,1502,938,114,1,449
Paulding,Watson Govt Cmplx,Governor,,Rep,Brian Kemp ,3099,2122,164,3,810
Paulding,East Paulding Middle Sch,Governor,,Rep,Brian Kemp ,5363,3353,228,2,1780
Paulding,Events Place,Governor,,Rep,Brian Kemp ,1021,611,60,2,348
Paulding,Poplar Sprgs Bapt Church,Governor,,Rep,Brian Kemp ,1133,703,59,1,370
Paulding,D Wright Innovation Ctr,Governor,,Rep,Brian Kemp ,2214,1478,63,1,672
Paulding,Taylor Farm Park,Governor,,Rep,Brian Kemp ,949,628,48,0,273
Paulding,Nebo Elem School,Governor,,Rep,Brian Kemp ,3887,2253,138,1,1495
Paulding,White Oak Park,Governor,,Rep,Brian Kemp ,1964,1154,76,4,730
Paulding,Mulberry Rock Park,Governor,,Rep,Brian Kemp ,3058,1685,123,2,1248
Paulding,Beulahland Baptist Church,Governor,,Rep,Brian Kemp ,1140,566,41,1,532
Paulding,Paulding County Airport,Governor,,Rep,Brian Kemp ,1844,899,85,6,854
Paulding,Dobbins Middle School,Governor,,Rep,Brian Kemp ,2179,1466,81,1,631
Paulding,Burnt Hickory Park,Governor,,Dem,Stacey Abrams,684,413,58,0,213
Paulding,Crossroads Library,Governor,,Dem,Stacey Abrams,668,383,67,0,218
Paulding,Shelton Elementary,Governor,,Dem,Stacey Abrams,1282,768,116,4,394
Paulding,Russom Elementary,Governor,,Dem,Stacey Abrams,2140,1238,273,0,629
Paulding,Paulding Sr Center,Governor,,Dem,Stacey Abrams,1317,822,115,0,380
Paulding,Legacy Bapt Church,Governor,,Dem,Stacey Abrams,948,573,91,0,284
Paulding,Watson Govt Cmplx,Governor,,Dem,Stacey Abrams,2043,1248,195,2,598
Paulding,East Paulding Middle Sch,Governor,,Dem,Stacey Abrams,2200,1367,218,3,612
Paulding,Events Place,Governor,,Dem,Stacey Abrams,1705,1094,154,5,452
Paulding,Poplar Sprgs Bapt Church,Governor,,Dem,Stacey Abrams,1321,831,100,4,386
Paulding,D Wright Innovation Ctr,Governor,,Dem,Stacey Abrams,1453,983,110,3,357
Paulding,Taylor Farm Park,Governor,,Dem,Stacey Abrams,536,322,32,1,181
Paulding,Nebo Elem School,Governor,,Dem,Stacey Abrams,1384,832,129,1,422
Paulding,White Oak Park,Governor,,Dem,Stacey Abrams,1069,617,100,1,351
Paulding,Mulberry Rock Park,Governor,,Dem,Stacey Abrams,678,413,58,0,207
Paulding,Beulahland Baptist Church,Governor,,Dem,Stacey Abrams,239,141,21,0,77
Paulding,Paulding County Airport,Governor,,Dem,Stacey Abrams,482,263,53,0,166
Paulding,Dobbins Middle School,Governor,,Dem,Stacey Abrams,2278,1498,192,0,588
Paulding,Burnt Hickory Park,Governor,,Lib,Shane Hazel,33,14,2,0,17
Paulding,Crossroads Library,Governor,,Lib,Shane Hazel,12,2,2,0,8
Paulding,Shelton Elementary,Governor,,Lib,Shane Hazel,35,19,1,0,15
Paulding,Russom Elementary,Governor,,Lib,Shane Hazel,59,25,3,1,30
Paulding,Paulding Sr Center,Governor,,Lib,Shane Hazel,37,18,0,0,19
Paulding,Legacy Bapt Church,Governor,,Lib,Shane Hazel,18,6,2,0,10
Paulding,Watson Govt Cmplx,Governor,,Lib,Shane Hazel,51,24,5,0,22
Paulding,East Paulding Middle Sch,Governor,,Lib,Shane Hazel,49,26,4,0,19
Paulding,Events Place,Governor,,Lib,Shane Hazel,22,11,0,0,11
Paulding,Poplar Sprgs Bapt Church,Governor,,Lib,Shane Hazel,22,8,0,0,14
Paulding,D Wright Innovation Ctr,Governor,,Lib,Shane Hazel,31,18,0,0,13
Paulding,Taylor Farm Park,Governor,,Lib,Shane Hazel,15,7,0,0,8
Paulding,Nebo Elem School,Governor,,Lib,Shane Hazel,58,22,8,0,28
Paulding,White Oak Park,Governor,,Lib,Shane Hazel,29,8,1,0,20
Paulding,Mulberry Rock Park,Governor,,Lib,Shane Hazel,29,10,1,0,18
Paulding,Beulahland Baptist Church,Governor,,Lib,Shane Hazel,12,7,1,0,4
Paulding,Paulding County Airport,Governor,,Lib,Shane Hazel,33,12,0,0,21
Paulding,Dobbins Middle School,Governor,,Lib,Shane Hazel,40,17,3,0,20
Paulding,Burnt Hickory Park,Lieutenant Governor,,Rep,Burt Jones,3415,2106,102,1,1206
Paulding,Crossroads Library,Lieutenant Governor,,Rep,Burt Jones,1833,1076,61,0,696
Paulding,Shelton Elementary,Lieutenant Governor,,Rep,Burt Jones,2066,1102,70,0,894
Paulding,Russom Elementary,Lieutenant Governor,,Rep,Burt Jones,4563,2509,250,0,1804
Paulding,Paulding Sr Center,Lieutenant Governor,,Rep,Burt Jones,2175,1261,55,2,857
Paulding,Legacy Bapt Church,Lieutenant Governor,,Rep,Burt Jones,1423,888,105,1,429
Paulding,Watson Govt Cmplx,Lieutenant Governor,,Rep,Burt Jones,2992,2046,161,3,782
Paulding,East Paulding Middle Sch,Lieutenant Governor,,Rep,Burt Jones,5126,3187,217,1,1721
Paulding,Events Place,Lieutenant Governor,,Rep,Burt Jones,961,581,52,0,328
Paulding,Poplar Sprgs Bapt Church,Lieutenant Governor,,Rep,Burt Jones,1085,681,50,1,353
Paulding,D Wright Innovation Ctr,Lieutenant Governor,,Rep,Burt Jones,2123,1427,58,1,637
Paulding,Taylor Farm Park,Lieutenant Governor,,Rep,Burt Jones,914,613,43,0,258
Paulding,Nebo Elem School,Lieutenant Governor,,Rep,Burt Jones,3719,2163,129,1,1426
Paulding,White Oak Park,Lieutenant Governor,,Rep,Burt Jones,1867,1101,68,4,694
Paulding,Mulberry Rock Park,Lieutenant Governor,,Rep,Burt Jones,2951,1642,116,1,1192
Paulding,Beulahland Baptist Church,Lieutenant Governor,,Rep,Burt Jones,1101,552,38,1,510
Paulding,Paulding County Airport,Lieutenant Governor,,Rep,Burt Jones,1788,871,79,6,832
Paulding,Dobbins Middle School,Lieutenant Governor,,Rep,Burt Jones,2095,1420,72,1,602
Paulding,Burnt Hickory Park,Lieutenant Governor,,Dem,Charlie Bailey,722,435,61,0,226
Paulding,Crossroads Library,Lieutenant Governor,,Dem,Charlie Bailey,680,387,73,0,220
Paulding,Shelton Elementary,Lieutenant Governor,,Dem,Charlie Bailey,1279,769,118,4,388
Paulding,Russom Elementary,Lieutenant Governor,,Dem,Charlie Bailey,2199,1277,275,0,647
Paulding,Paulding Sr Center,Lieutenant Governor,,Dem,Charlie Bailey,1318,810,121,0,387
Paulding,Legacy Bapt Church,Lieutenant Governor,,Dem,Charlie Bailey,962,581,99,0,282
Paulding,Watson Govt Cmplx,Lieutenant Governor,,Dem,Charlie Bailey,1999,1226,190,2,581
Paulding,East Paulding Middle Sch,Lieutenant Governor,,Dem,Charlie Bailey,2221,1402,223,4,592
Paulding,Events Place,Lieutenant Governor,,Dem,Charlie Bailey,1680,1068,158,6,448
Paulding,Poplar Sprgs Bapt Church,Lieutenant Governor,,Dem,Charlie Bailey,1306,822,105,3,376
Paulding,D Wright Innovation Ctr,Lieutenant Governor,,Dem,Charlie Bailey,1436,980,108,3,345
Paulding,Taylor Farm Park,Lieutenant Governor,,Dem,Charlie Bailey,523,314,33,1,175
Paulding,Nebo Elem School,Lieutenant Governor,,Dem,Charlie Bailey,1422,862,129,1,430
Paulding,White Oak Park,Lieutenant Governor,,Dem,Charlie Bailey,1065,611,104,0,350
Paulding,Mulberry Rock Park,Lieutenant Governor,,Dem,Charlie Bailey,709,422,59,0,228
Paulding,Beulahland Baptist Church,Lieutenant Governor,,Dem,Charlie Bailey,258,148,25,0,85
Paulding,Paulding County Airport,Lieutenant Governor,,Dem,Charlie Bailey,483,256,57,0,170
Paulding,Dobbins Middle School,Lieutenant Governor,,Dem,Charlie Bailey,2244,1485,197,0,562
Paulding,Burnt Hickory Park,Lieutenant Governor,,Lib,Ryan Graham,78,40,2,0,36
Paulding,Crossroads Library,Lieutenant Governor,,Lib,Ryan Graham,50,22,1,0,27
Paulding,Shelton Elementary,Lieutenant Governor,,Lib,Ryan Graham,75,36,0,0,39
Paulding,Russom Elementary,Lieutenant Governor,,Lib,Ryan Graham,163,68,8,1,86
Paulding,Paulding Sr Center,Lieutenant Governor,,Lib,Ryan Graham,106,45,1,0,60
Paulding,Legacy Bapt Church,Lieutenant Governor,,Lib,Ryan Graham,54,29,2,0,23
Paulding,Watson Govt Cmplx,Lieutenant Governor,,Lib,Ryan Graham,142,78,8,0,56
Paulding,East Paulding Middle Sch,Lieutenant Governor,,Lib,Ryan Graham,196,110,4,0,82
Paulding,Events Place,Lieutenant Governor,,Lib,Ryan Graham,70,35,2,0,33
Paulding,Poplar Sprgs Bapt Church,Lieutenant Governor,,Lib,Ryan Graham,63,30,3,0,30
Paulding,D Wright Innovation Ctr,Lieutenant Governor,,Lib,Ryan Graham,96,47,3,0,46
Paulding,Taylor Farm Park,Lieutenant Governor,,Lib,Ryan Graham,47,21,2,1,23
Paulding,Nebo Elem School,Lieutenant Governor,,Lib,Ryan Graham,152,63,14,0,75
Paulding,White Oak Park,Lieutenant Governor,,Lib,Ryan Graham,89,42,2,1,44
Paulding,Mulberry Rock Park,Lieutenant Governor,,Lib,Ryan Graham,78,32,2,1,43
Paulding,Beulahland Baptist Church,Lieutenant Governor,,Lib,Ryan Graham,23,9,0,0,14
Paulding,Paulding County Airport,Lieutenant Governor,,Lib,Ryan Graham,68,29,2,0,37
Paulding,Dobbins Middle School,Lieutenant Governor,,Lib,Ryan Graham,110,49,5,0,56
Paulding,Burnt Hickory Park,Secretary of State,,Rep,Brad Raffensperger ,3372,2075,112,1,1184
Paulding,Crossroads Library,Secretary of State,,Rep,Brad Raffensperger ,1867,1091,69,0,707
Paulding,Shelton Elementary,Secretary of State,,Rep,Brad Raffensperger ,2089,1116,75,0,898
Paulding,Russom Elementary,Secretary of State,,Rep,Brad Raffensperger ,4606,2514,274,0,1818
Paulding,Paulding Sr Center,Secretary of State,,Rep,Brad Raffensperger ,2212,1281,62,2,867
Paulding,Legacy Bapt Church,Secretary of State,,Rep,Brad Raffensperger ,1449,916,111,1,421
Paulding,Watson Govt Cmplx,Secretary of State,,Rep,Brad Raffensperger ,2950,2020,164,3,763
Paulding,East Paulding Middle Sch,Secretary of State,,Rep,Brad Raffensperger ,5162,3222,224,1,1715
Paulding,Events Place,Secretary of State,,Rep,Brad Raffensperger ,997,606,62,1,328
Paulding,Poplar Sprgs Bapt Church,Secretary of State,,Rep,Brad Raffensperger ,1117,695,64,1,357
Paulding,D Wright Innovation Ctr,Secretary of State,,Rep,Brad Raffensperger ,2162,1459,59,1,643
Paulding,Taylor Farm Park,Secretary of State,,Rep,Brad Raffensperger ,904,596,44,1,263
Paulding,Nebo Elem School,Secretary of State,,Rep,Brad Raffensperger ,3720,2172,133,1,1414
Paulding,White Oak Park,Secretary of State,,Rep,Brad Raffensperger ,1880,1112,75,4,689
Paulding,Mulberry Rock Park,Secretary of State,,Rep,Brad Raffensperger ,2916,1609,121,1,1185
Paulding,Beulahland Baptist Church,Secretary of State,,Rep,Brad Raffensperger ,1103,550,41,1,511
Paulding,Paulding County Airport,Secretary of State,,Rep,Brad Raffensperger ,1764,871,79,4,810
Paulding,Dobbins Middle School,Secretary of State,,Rep,Brad Raffensperger ,2164,1465,85,1,613
Paulding,Burnt Hickory Park,Secretary of State,,Dem,Bee Nguyen,663,401,51,0,211
Paulding,Crossroads Library,Secretary of State,,Dem,Bee Nguyen,615,352,66,0,197
Paulding,Shelton Elementary,Secretary of State,,Dem,Bee Nguyen,1224,742,111,4,367
Paulding,Russom Elementary,Secretary of State,,Dem,Bee Nguyen,2091,1214,257,0,620
Paulding,Paulding Sr Center,Secretary of State,,Dem,Bee Nguyen,1264,774,111,0,379
Paulding,Legacy Bapt Church,Secretary of State,,Dem,Bee Nguyen,906,529,89,0,288
Paulding,Watson Govt Cmplx,Secretary of State,,Dem,Bee Nguyen,1953,1188,185,2,578
Paulding,East Paulding Middle Sch,Secretary of State,,Dem,Bee Nguyen,2126,1326,214,4,582
Paulding,Events Place,Secretary of State,,Dem,Bee Nguyen,1628,1030,148,5,445
Paulding,Poplar Sprgs Bapt Church,Secretary of State,,Dem,Bee Nguyen,1273,808,93,3,369
Paulding,D Wright Innovation Ctr,Secretary of State,,Dem,Bee Nguyen,1386,926,112,3,345
Paulding,Taylor Farm Park,Secretary of State,,Dem,Bee Nguyen,514,313,32,0,169
Paulding,Nebo Elem School,Secretary of State,,Dem,Bee Nguyen,1348,804,125,1,418
Paulding,White Oak Park,Secretary of State,,Dem,Bee Nguyen,1017,576,97,1,343
Paulding,Mulberry Rock Park,Secretary of State,,Dem,Bee Nguyen,669,403,54,0,212
Paulding,Beulahland Baptist Church,Secretary of State,,Dem,Bee Nguyen,235,141,20,0,74
Paulding,Paulding County Airport,Secretary of State,,Dem,Bee Nguyen,482,250,52,0,180
Paulding,Dobbins Middle School,Secretary of State,,Dem,Bee Nguyen,2170,1422,184,0,564
Paulding,Burnt Hickory Park,Secretary of State,,Lib,Ted Metz,179,104,4,0,71
Paulding,Crossroads Library,Secretary of State,,Lib,Ted Metz,73,35,1,0,37
Paulding,Shelton Elementary,Secretary of State,,Lib,Ted Metz,113,53,2,0,58
Paulding,Russom Elementary,Secretary of State,,Lib,Ted Metz,235,117,9,1,108
Paulding,Paulding Sr Center,Secretary of State,,Lib,Ted Metz,122,65,3,0,54
Paulding,Legacy Bapt Church,Secretary of State,,Lib,Ted Metz,84,54,3,0,27
Paulding,Watson Govt Cmplx,Secretary of State,,Lib,Ted Metz,211,127,11,0,73
Paulding,East Paulding Middle Sch,Secretary of State,,Lib,Ted Metz,254,154,8,0,92
Paulding,Events Place,Secretary of State,,Lib,Ted Metz,81,45,4,0,32
Paulding,Poplar Sprgs Bapt Church,Secretary of State,,Lib,Ted Metz,64,31,1,0,32
Paulding,D Wright Innovation Ctr,Secretary of State,,Lib,Ted Metz,119,73,1,0,45
Paulding,Taylor Farm Park,Secretary of State,,Lib,Ted Metz,58,35,2,0,21
Paulding,Nebo Elem School,Secretary of State,,Lib,Ted Metz,202,94,13,0,95
Paulding,White Oak Park,Secretary of State,,Lib,Ted Metz,124,65,2,0,57
Paulding,Mulberry Rock Park,Secretary of State,,Lib,Ted Metz,140,76,2,1,61
Paulding,Beulahland Baptist Church,Secretary of State,,Lib,Ted Metz,42,20,1,0,21
Paulding,Paulding County Airport,Secretary of State,,Lib,Ted Metz,85,35,4,2,44
Paulding,Dobbins Middle School,Secretary of State,,Lib,Ted Metz,122,67,5,0,50
Paulding,Burnt Hickory Park,Attorney General,,Rep,Chris Carr ,3438,2123,105,1,1209
Paulding,Crossroads Library,Attorney General,,Rep,Chris Carr ,1854,1086,61,0,707
Paulding,Shelton Elementary,Attorney General,,Rep,Chris Carr ,2083,1117,69,0,897
Paulding,Russom Elementary,Attorney General,,Rep,Chris Carr ,4618,2546,258,0,1814
Paulding,Paulding Sr Center,Attorney General,,Rep,Chris Carr ,2200,1268,52,2,878
Paulding,Legacy Bapt Church,Attorney General,,Rep,Chris Carr ,1440,899,110,1,430
Paulding,Watson Govt Cmplx,Attorney General,,Rep,Chris Carr ,2985,2042,160,3,780
Paulding,East Paulding Middle Sch,Attorney General,,Rep,Chris Carr ,5197,3247,218,1,1731
Paulding,Events Place,Attorney General,,Rep,Chris Carr ,973,590,54,1,328
Paulding,Poplar Sprgs Bapt Church,Attorney General,,Rep,Chris Carr ,1093,682,52,1,358
Paulding,D Wright Innovation Ctr,Attorney General,,Rep,Chris Carr ,2125,1434,59,1,631
Paulding,Taylor Farm Park,Attorney General,,Rep,Chris Carr ,922,621,42,0,259
Paulding,Nebo Elem School,Attorney General,,Rep,Chris Carr ,3767,2192,130,1,1444
Paulding,White Oak Park,Attorney General,,Rep,Chris Carr ,1890,1121,71,4,694
Paulding,Mulberry Rock Park,Attorney General,,Rep,Chris Carr ,2970,1642,118,1,1209
Paulding,Beulahland Baptist Church,Attorney General,,Rep,Chris Carr ,1109,553,39,1,516
Paulding,Paulding County Airport,Attorney General,,Rep,Chris Carr ,1789,872,79,6,832
Paulding,Dobbins Middle School,Attorney General,,Rep,Chris Carr ,2113,1437,76,1,599
Paulding,Burnt Hickory Park,Attorney General,,Dem,"Jennifer """"Jen"""" Jordan",716,431,56,0,229
Paulding,Crossroads Library,Attorney General,,Dem,"Jennifer """"Jen"""" Jordan",680,394,71,0,215
Paulding,Shelton Elementary,Attorney General,,Dem,"Jennifer """"Jen"""" Jordan",1277,755,117,4,401
Paulding,Russom Elementary,Attorney General,,Dem,"Jennifer """"Jen"""" Jordan",2221,1280,275,0,666
Paulding,Paulding Sr Center,Attorney General,,Dem,"Jennifer """"Jen"""" Jordan",1348,825,123,0,400
Paulding,Legacy Bapt Church,Attorney General,,Dem,"Jennifer """"Jen"""" Jordan",951,572,94,0,285
Paulding,Watson Govt Cmplx,Attorney General,,Dem,"Jennifer """"Jen"""" Jordan",2051,1264,196,2,589
Paulding,East Paulding Middle Sch,Attorney General,,Dem,"Jennifer """"Jen"""" Jordan",2246,1408,223,4,611
Paulding,Events Place,Attorney General,,Dem,"Jennifer """"Jen"""" Jordan",1707,1086,157,6,458
Paulding,Poplar Sprgs Bapt Church,Attorney General,,Dem,"Jennifer """"Jen"""" Jordan",1316,833,104,3,376
Paulding,D Wright Innovation Ctr,Attorney General,,Dem,"Jennifer """"Jen"""" Jordan",1458,985,111,3,359
Paulding,Taylor Farm Park,Attorney General,,Dem,"Jennifer """"Jen"""" Jordan",538,319,34,0,185
Paulding,Nebo Elem School,Attorney General,,Dem,"Jennifer """"Jen"""" Jordan",1440,856,137,1,446
Paulding,White Oak Park,Attorney General,,Dem,"Jennifer """"Jen"""" Jordan",1079,618,102,1,358
Paulding,Mulberry Rock Park,Attorney General,,Dem,"Jennifer """"Jen"""" Jordan",711,428,59,0,224
Paulding,Beulahland Baptist Church,Attorney General,,Dem,"Jennifer """"Jen"""" Jordan",243,143,20,0,80
Paulding,Paulding County Airport,Attorney General,,Dem,"Jennifer """"Jen"""" Jordan",497,269,53,0,175
Paulding,Dobbins Middle School,Attorney General,,Dem,"Jennifer """"Jen"""" Jordan",2273,1487,194,0,592
Paulding,Burnt Hickory Park,Attorney General,,Lib,Martin Cowen,70,36,4,0,30
Paulding,Crossroads Library,Attorney General,,Lib,Martin Cowen,32,12,2,0,18
Paulding,Shelton Elementary,Attorney General,,Lib,Martin Cowen,65,34,1,0,30
Paulding,Russom Elementary,Attorney General,,Lib,Martin Cowen,106,36,3,1,66
Paulding,Paulding Sr Center,Attorney General,,Lib,Martin Cowen,64,35,2,0,27
Paulding,Legacy Bapt Church,Attorney General,,Lib,Martin Cowen,50,29,2,0,19
Paulding,Watson Govt Cmplx,Attorney General,,Lib,Martin Cowen,107,59,3,0,45
Paulding,East Paulding Middle Sch,Attorney General,,Lib,Martin Cowen,123,63,6,0,54
Paulding,Events Place,Attorney General,,Lib,Martin Cowen,44,23,0,0,21
Paulding,Poplar Sprgs Bapt Church,Attorney General,,Lib,Martin Cowen,44,14,2,0,28
Paulding,D Wright Innovation Ctr,Attorney General,,Lib,Martin Cowen,85,42,1,0,42
Paulding,Taylor Farm Park,Attorney General,,Lib,Martin Cowen,29,9,2,1,17
Paulding,Nebo Elem School,Attorney General,,Lib,Martin Cowen,98,40,6,0,52
Paulding,White Oak Park,Attorney General,,Lib,Martin Cowen,65,29,1,0,35
Paulding,Mulberry Rock Park,Attorney General,,Lib,Martin Cowen,65,32,1,1,31
Paulding,Beulahland Baptist Church,Attorney General,,Lib,Martin Cowen,28,12,3,0,13
Paulding,Paulding County Airport,Attorney General,,Lib,Martin Cowen,49,19,4,0,26
Paulding,Dobbins Middle School,Attorney General,,Lib,Martin Cowen,86,44,3,0,39
Paulding,Burnt Hickory Park,Commissioner Of Agriculture,,Rep,Tyler Harper,3452,2131,112,1,1208
Paulding,Crossroads Library,Commissioner Of Agriculture,,Rep,Tyler Harper,1850,1085,63,0,702
Paulding,Shelton Elementary,Commissioner Of Agriculture,,Rep,Tyler Harper,2081,1116,76,0,889
Paulding,Russom Elementary,Commissioner Of Agriculture,,Rep,Tyler Harper,4634,2557,269,0,1808
Paulding,Paulding Sr Center,Commissioner Of Agriculture,,Rep,Tyler Harper,2193,1273,58,2,860
Paulding,Legacy Bapt Church,Commissioner Of Agriculture,,Rep,Tyler Harper,1473,923,114,1,435
Paulding,Watson Govt Cmplx,Commissioner Of Agriculture,,Rep,Tyler Harper,3024,2067,165,3,789
Paulding,East Paulding Middle Sch,Commissioner Of Agriculture,,Rep,Tyler Harper,5244,3266,229,1,1748
Paulding,Events Place,Commissioner Of Agriculture,,Rep,Tyler Harper,988,597,59,1,331
Paulding,Poplar Sprgs Bapt Church,Commissioner Of Agriculture,,Rep,Tyler Harper,1099,681,55,1,362
Paulding,D Wright Innovation Ctr,Commissioner Of Agriculture,,Rep,Tyler Harper,2141,1440,57,1,643
Paulding,Taylor Farm Park,Commissioner Of Agriculture,,Rep,Tyler Harper,935,628,43,0,264
Paulding,Nebo Elem School,Commissioner Of Agriculture,,Rep,Tyler Harper,3809,2212,135,1,1461
Paulding,White Oak Park,Commissioner Of Agriculture,,Rep,Tyler Harper,1883,1110,75,4,694
Paulding,Mulberry Rock Park,Commissioner Of Agriculture,,Rep,Tyler Harper,3005,1675,121,1,1208
Paulding,Beulahland Baptist Church,Commissioner Of Agriculture,,Rep,Tyler Harper,1118,560,41,1,516
Paulding,Paulding County Airport,Commissioner Of Agriculture,,Rep,Tyler Harper,1821,892,86,5,838
Paulding,Dobbins Middle School,Commissioner Of Agriculture,,Rep,Tyler Harper,2138,1457,81,1,599
Paulding,Burnt Hickory Park,Commissioner Of Agriculture,,Dem,Nakita Hemingway,662,399,52,0,211
Paulding,Crossroads Library,Commissioner Of Agriculture,,Dem,Nakita Hemingway,645,367,69,0,209
Paulding,Shelton Elementary,Commissioner Of Agriculture,,Dem,Nakita Hemingway,1233,745,99,4,385
Paulding,Russom Elementary,Commissioner Of Agriculture,,Dem,Nakita Hemingway,2119,1228,256,0,635
Paulding,Paulding Sr Center,Commissioner Of Agriculture,,Dem,Nakita Hemingway,1303,808,114,0,381
Paulding,Legacy Bapt Church,Commissioner Of Agriculture,,Dem,Nakita Hemingway,906,541,89,0,276
Paulding,Watson Govt Cmplx,Commissioner Of Agriculture,,Dem,Nakita Hemingway,1972,1206,185,2,579
Paulding,East Paulding Middle Sch,Commissioner Of Agriculture,,Dem,Nakita Hemingway,2118,1333,212,3,570
Paulding,Events Place,Commissioner Of Agriculture,,Dem,Nakita Hemingway,1663,1058,146,6,453
Paulding,Poplar Sprgs Bapt Church,Commissioner Of Agriculture,,Dem,Nakita Hemingway,1289,817,100,3,369
Paulding,D Wright Innovation Ctr,Commissioner Of Agriculture,,Dem,Nakita Hemingway,1421,968,108,3,342
Paulding,Taylor Farm Park,Commissioner Of Agriculture,,Dem,Nakita Hemingway,510,311,32,2,165
Paulding,Nebo Elem School,Commissioner Of Agriculture,,Dem,Nakita Hemingway,1343,811,129,1,402
Paulding,White Oak Park,Commissioner Of Agriculture,,Dem,Nakita Hemingway,1046,600,97,1,348
Paulding,Mulberry Rock Park,Commissioner Of Agriculture,,Dem,Nakita Hemingway,659,395,55,0,209
Paulding,Beulahland Baptist Church,Commissioner Of Agriculture,,Dem,Nakita Hemingway,238,139,19,0,80
Paulding,Paulding County Airport,Commissioner Of Agriculture,,Dem,Nakita Hemingway,460,247,49,0,164
Paulding,Dobbins Middle School,Commissioner Of Agriculture,,Dem,Nakita Hemingway,2204,1444,186,0,574
Paulding,Burnt Hickory Park,Commissioner Of Agriculture,,Lib,David Raudabaugh,98,52,2,0,44
Paulding,Crossroads Library,Commissioner Of Agriculture,,Lib,David Raudabaugh,61,30,1,0,30
Paulding,Shelton Elementary,Commissioner Of Agriculture,,Lib,David Raudabaugh,100,47,3,0,50
Paulding,Russom Elementary,Commissioner Of Agriculture,,Lib,David Raudabaugh,168,69,7,1,91
Paulding,Paulding Sr Center,Commissioner Of Agriculture,,Lib,David Raudabaugh,109,43,4,0,62
Paulding,Legacy Bapt Church,Commissioner Of Agriculture,,Lib,David Raudabaugh,62,37,2,0,23
Paulding,Watson Govt Cmplx,Commissioner Of Agriculture,,Lib,David Raudabaugh,141,84,6,0,51
Paulding,East Paulding Middle Sch,Commissioner Of Agriculture,,Lib,David Raudabaugh,194,111,4,0,79
Paulding,Events Place,Commissioner Of Agriculture,,Lib,David Raudabaugh,70,45,4,0,21
Paulding,Poplar Sprgs Bapt Church,Commissioner Of Agriculture,,Lib,David Raudabaugh,62,30,3,0,29
Paulding,D Wright Innovation Ctr,Commissioner Of Agriculture,,Lib,David Raudabaugh,103,54,4,0,45
Paulding,Taylor Farm Park,Commissioner Of Agriculture,,Lib,David Raudabaugh,40,9,2,0,29
Paulding,Nebo Elem School,Commissioner Of Agriculture,,Lib,David Raudabaugh,141,63,8,0,70
Paulding,White Oak Park,Commissioner Of Agriculture,,Lib,David Raudabaugh,97,46,3,0,48
Paulding,Mulberry Rock Park,Commissioner Of Agriculture,,Lib,David Raudabaugh,78,30,2,1,45
Paulding,Beulahland Baptist Church,Commissioner Of Agriculture,,Lib,David Raudabaugh,29,13,1,0,15
Paulding,Paulding County Airport,Commissioner Of Agriculture,,Lib,David Raudabaugh,57,22,2,0,33
Paulding,Dobbins Middle School,Commissioner Of Agriculture,,Lib,David Raudabaugh,116,62,5,0,49
Paulding,Burnt Hickory Park,Commissioner Of Insurance,,Rep,John King ,3507,2153,110,1,1243
Paulding,Crossroads Library,Commissioner Of Insurance,,Rep,John King ,1885,1098,62,0,725
Paulding,Shelton Elementary,Commissioner Of Insurance,,Rep,John King ,2154,1142,75,0,937
Paulding,Russom Elementary,Commissioner Of Insurance,,Rep,John King ,4738,2588,261,0,1889
Paulding,Paulding Sr Center,Commissioner Of Insurance,,Rep,John King ,2273,1302,55,2,914
Paulding,Legacy Bapt Church,Commissioner Of Insurance,,Rep,John King ,1494,934,111,1,448
Paulding,Watson Govt Cmplx,Commissioner Of Insurance,,Rep,John King ,3077,2093,165,3,816
Paulding,East Paulding Middle Sch,Commissioner Of Insurance,,Rep,John King ,5307,3309,225,1,1772
Paulding,Events Place,Commissioner Of Insurance,,Rep,John King ,1008,608,56,0,344
Paulding,Poplar Sprgs Bapt Church,Commissioner Of Insurance,,Rep,John King ,1120,687,58,1,374
Paulding,D Wright Innovation Ctr,Commissioner Of Insurance,,Rep,John King ,2184,1463,57,1,663
Paulding,Taylor Farm Park,Commissioner Of Insurance,,Rep,John King ,953,634,43,1,275
Paulding,Nebo Elem School,Commissioner Of Insurance,,Rep,John King ,3864,2235,133,1,1495
Paulding,White Oak Park,Commissioner Of Insurance,,Rep,John King ,1946,1149,71,4,722
Paulding,Mulberry Rock Park,Commissioner Of Insurance,,Rep,John King ,3023,1678,118,1,1226
Paulding,Beulahland Baptist Church,Commissioner Of Insurance,,Rep,John King ,1129,562,40,1,526
Paulding,Paulding County Airport,Commissioner Of Insurance,,Rep,John King ,1841,896,82,6,857
Paulding,Dobbins Middle School,Commissioner Of Insurance,,Rep,John King ,2182,1473,79,1,629
Paulding,Burnt Hickory Park,Commissioner Of Insurance,,Dem,Janice Laws Robinson,692,424,55,0,213
Paulding,Crossroads Library,Commissioner Of Insurance,,Dem,Janice Laws Robinson,664,381,70,0,213
Paulding,Shelton Elementary,Commissioner Of Insurance,,Dem,Janice Laws Robinson,1252,759,110,4,379
Paulding,Russom Elementary,Commissioner Of Insurance,,Dem,Janice Laws Robinson,2162,1253,264,1,644
Paulding,Paulding Sr Center,Commissioner Of Insurance,,Dem,Janice Laws Robinson,1323,818,120,0,385
Paulding,Legacy Bapt Church,Commissioner Of Insurance,,Dem,Janice Laws Robinson,932,561,93,0,278
Paulding,Watson Govt Cmplx,Commissioner Of Insurance,,Dem,Janice Laws Robinson,2031,1253,187,2,589
Paulding,East Paulding Middle Sch,Commissioner Of Insurance,,Dem,Janice Laws Robinson,2218,1386,218,3,611
Paulding,Events Place,Commissioner Of Insurance,,Dem,Janice Laws Robinson,1701,1081,155,6,459
Paulding,Poplar Sprgs Bapt Church,Commissioner Of Insurance,,Dem,Janice Laws Robinson,1327,838,101,3,385
Paulding,D Wright Innovation Ctr,Commissioner Of Insurance,,Dem,Janice Laws Robinson,1464,988,110,3,363
Paulding,Taylor Farm Park,Commissioner Of Insurance,,Dem,Janice Laws Robinson,520,311,32,0,177
Paulding,Nebo Elem School,Commissioner Of Insurance,,Dem,Janice Laws Robinson,1412,841,137,1,433
Paulding,White Oak Park,Commissioner Of Insurance,,Dem,Janice Laws Robinson,1068,607,102,1,358
Paulding,Mulberry Rock Park,Commissioner Of Insurance,,Dem,Janice Laws Robinson,704,415,58,0,231
Paulding,Beulahland Baptist Church,Commissioner Of Insurance,,Dem,Janice Laws Robinson,251,148,21,0,82
Paulding,Paulding County Airport,Commissioner Of Insurance,,Dem,Janice Laws Robinson,490,261,54,0,175
Paulding,Dobbins Middle School,Commissioner Of Insurance,,Dem,Janice Laws Robinson,2265,1484,190,0,591
Paulding,Burnt Hickory Park,State School Superintendent,,Rep,Richard Woods ,3503,2159,113,1,1230
Paulding,Crossroads Library,State School Superintendent,,Rep,Richard Woods ,1890,1107,63,0,720
Paulding,Shelton Elementary,State School Superintendent,,Rep,Richard Woods ,2155,1147,75,0,933
Paulding,Russom Elementary,State School Superintendent,,Rep,Richard Woods ,4741,2602,263,0,1876
Paulding,Paulding Sr Center,State School Superintendent,,Rep,Richard Woods ,2251,1304,51,2,894
Paulding,Legacy Bapt Church,State School Superintendent,,Rep,Richard Woods ,1491,928,111,1,451
Paulding,Watson Govt Cmplx,State School Superintendent,,Rep,Richard Woods ,3084,2107,163,3,811
Paulding,East Paulding Middle Sch,State School Superintendent,,Rep,Richard Woods ,5328,3328,219,1,1780
Paulding,Events Place,State School Superintendent,,Rep,Richard Woods ,1006,609,61,0,336
Paulding,Poplar Sprgs Bapt Church,State School Superintendent,,Rep,Richard Woods ,1108,679,58,2,369
Paulding,D Wright Innovation Ctr,State School Superintendent,,Rep,Richard Woods ,2187,1467,61,1,658
Paulding,Taylor Farm Park,State School Superintendent,,Rep,Richard Woods ,947,632,45,0,270
Paulding,Nebo Elem School,State School Superintendent,,Rep,Richard Woods ,3875,2240,136,1,1498
Paulding,White Oak Park,State School Superintendent,,Rep,Richard Woods ,1936,1140,72,4,720
Paulding,Mulberry Rock Park,State School Superintendent,,Rep,Richard Woods ,3042,1685,122,2,1233
Paulding,Beulahland Baptist Church,State School Superintendent,,Rep,Richard Woods ,1135,565,41,1,528
Paulding,Paulding County Airport,State School Superintendent,,Rep,Richard Woods ,1834,896,81,5,852
Paulding,Dobbins Middle School,State School Superintendent,,Rep,Richard Woods ,2185,1475,82,1,627
Paulding,Burnt Hickory Park,State School Superintendent,,Dem,Alisha Thomas Searcy,705,423,52,0,230
Paulding,Crossroads Library,State School Superintendent,,Dem,Alisha Thomas Searcy,664,375,67,0,222
Paulding,Shelton Elementary,State School Superintendent,,Dem,Alisha Thomas Searcy,1262,760,109,4,389
Paulding,Russom Elementary,State School Superintendent,,Dem,Alisha Thomas Searcy,2172,1254,261,1,656
Paulding,Paulding Sr Center,State School Superintendent,,Dem,Alisha Thomas Searcy,1349,821,125,0,403
Paulding,Legacy Bapt Church,State School Superintendent,,Dem,Alisha Thomas Searcy,943,568,93,0,282
Paulding,Watson Govt Cmplx,State School Superintendent,,Dem,Alisha Thomas Searcy,2047,1247,190,2,608
Paulding,East Paulding Middle Sch,State School Superintendent,,Dem,Alisha Thomas Searcy,2210,1373,224,4,609
Paulding,Events Place,State School Superintendent,,Dem,Alisha Thomas Searcy,1708,1085,152,6,465
Paulding,Poplar Sprgs Bapt Church,State School Superintendent,,Dem,Alisha Thomas Searcy,1343,850,99,3,391
Paulding,D Wright Innovation Ctr,State School Superintendent,,Dem,Alisha Thomas Searcy,1475,991,111,3,370
Paulding,Taylor Farm Park,State School Superintendent,,Dem,Alisha Thomas Searcy,532,314,32,2,184
Paulding,Nebo Elem School,State School Superintendent,,Dem,Alisha Thomas Searcy,1413,843,133,1,436
Paulding,White Oak Park,State School Superintendent,,Dem,Alisha Thomas Searcy,1084,615,101,1,367
Paulding,Mulberry Rock Park,State School Superintendent,,Dem,Alisha Thomas Searcy,700,413,56,0,231
Paulding,Beulahland Baptist Church,State School Superintendent,,Dem,Alisha Thomas Searcy,248,146,20,0,82
Paulding,Paulding County Airport,State School Superintendent,,Dem,Alisha Thomas Searcy,503,265,56,0,182
Paulding,Dobbins Middle School,State School Superintendent,,Dem,Alisha Thomas Searcy,2265,1485,187,0,593
Paulding,Burnt Hickory Park,Commissioner Of Labor,,Rep,Bruce Thompson,3442,2119,108,1,1214
Paulding,Crossroads Library,Commissioner Of Labor,,Rep,Bruce Thompson,1844,1081,61,0,702
Paulding,Shelton Elementary,Commissioner Of Labor,,Rep,Bruce Thompson,2068,1103,67,0,898
Paulding,Russom Elementary,Commissioner Of Labor,,Rep,Bruce Thompson,4597,2534,255,0,1808
Paulding,Paulding Sr Center,Commissioner Of Labor,,Rep,Bruce Thompson,2192,1264,55,2,871
Paulding,Legacy Bapt Church,Commissioner Of Labor,,Rep,Bruce Thompson,1443,903,108,1,431
Paulding,Watson Govt Cmplx,Commissioner Of Labor,,Rep,Bruce Thompson,2987,2045,158,3,781
Paulding,East Paulding Middle Sch,Commissioner Of Labor,,Rep,Bruce Thompson,5200,3244,218,1,1737
Paulding,Events Place,Commissioner Of Labor,,Rep,Bruce Thompson,970,588,51,1,330
Paulding,Poplar Sprgs Bapt Church,Commissioner Of Labor,,Rep,Bruce Thompson,1097,685,55,1,356
Paulding,D Wright Innovation Ctr,Commissioner Of Labor,,Rep,Bruce Thompson,2116,1426,57,1,632
Paulding,Taylor Farm Park,Commissioner Of Labor,,Rep,Bruce Thompson,922,619,42,1,260
Paulding,Nebo Elem School,Commissioner Of Labor,,Rep,Bruce Thompson,3769,2183,133,1,1452
Paulding,White Oak Park,Commissioner Of Labor,,Rep,Bruce Thompson,1877,1111,69,4,693
Paulding,Mulberry Rock Park,Commissioner Of Labor,,Rep,Bruce Thompson,2960,1638,120,1,1201
Paulding,Beulahland Baptist Church,Commissioner Of Labor,,Rep,Bruce Thompson,1098,550,37,1,510
Paulding,Paulding County Airport,Commissioner Of Labor,,Rep,Bruce Thompson,1796,872,82,5,837
Paulding,Dobbins Middle School,Commissioner Of Labor,,Rep,Bruce Thompson,2106,1434,78,1,593
Paulding,Burnt Hickory Park,Commissioner Of Labor,,Dem,"William """"Will"""" Boddie, Jr",667,411,51,0,205
Paulding,Crossroads Library,Commissioner Of Labor,,Dem,"William """"Will"""" Boddie, Jr",639,365,67,0,207
Paulding,Shelton Elementary,Commissioner Of Labor,,Dem,"William """"Will"""" Boddie, Jr",1255,756,113,4,382
Paulding,Russom Elementary,Commissioner Of Labor,,Dem,"William """"Will"""" Boddie, Jr",2113,1233,257,0,623
Paulding,Paulding Sr Center,Commissioner Of Labor,,Dem,"William """"Will"""" Boddie, Jr",1304,811,119,0,374
Paulding,Legacy Bapt Church,Commissioner Of Labor,,Dem,"William """"Will"""" Boddie, Jr",914,545,94,0,275
Paulding,Watson Govt Cmplx,Commissioner Of Labor,,Dem,"William """"Will"""" Boddie, Jr",1965,1207,185,2,571
Paulding,East Paulding Middle Sch,Commissioner Of Labor,,Dem,"William """"Will"""" Boddie, Jr",2146,1350,217,4,575
Paulding,Events Place,Commissioner Of Labor,,Dem,"William """"Will"""" Boddie, Jr",1670,1059,158,6,447
Paulding,Poplar Sprgs Bapt Church,Commissioner Of Labor,,Dem,"William """"Will"""" Boddie, Jr",1287,808,103,3,373
Paulding,D Wright Innovation Ctr,Commissioner Of Labor,,Dem,"William """"Will"""" Boddie, Jr",1421,968,108,3,342
Paulding,Taylor Farm Park,Commissioner Of Labor,,Dem,"William """"Will"""" Boddie, Jr",506,307,32,1,166
Paulding,Nebo Elem School,Commissioner Of Labor,,Dem,"William """"Will"""" Boddie, Jr",1358,819,127,1,411
Paulding,White Oak Park,Commissioner Of Labor,,Dem,"William """"Will"""" Boddie, Jr",1041,600,100,0,341
Paulding,Mulberry Rock Park,Commissioner Of Labor,,Dem,"William """"Will"""" Boddie, Jr",679,412,55,0,212
Paulding,Beulahland Baptist Church,Commissioner Of Labor,,Dem,"William """"Will"""" Boddie, Jr",241,139,20,0,82
Paulding,Paulding County Airport,Commissioner Of Labor,,Dem,"William """"Will"""" Boddie, Jr",465,251,53,0,161
Paulding,Dobbins Middle School,Commissioner Of Labor,,Dem,"William """"Will"""" Boddie, Jr",2215,1457,186,0,572
Paulding,Burnt Hickory Park,Commissioner Of Labor,,Lib,Emily Anderson,96,50,6,0,40
Paulding,Crossroads Library,Commissioner Of Labor,,Lib,Emily Anderson,66,34,4,0,28
Paulding,Shelton Elementary,Commissioner Of Labor,,Lib,Emily Anderson,93,47,2,0,44
Paulding,Russom Elementary,Commissioner Of Labor,,Lib,Emily Anderson,193,81,10,1,101
Paulding,Paulding Sr Center,Commissioner Of Labor,,Lib,Emily Anderson,102,46,3,0,53
Paulding,Legacy Bapt Church,Commissioner Of Labor,,Lib,Emily Anderson,73,45,1,0,27
Paulding,Watson Govt Cmplx,Commissioner Of Labor,,Lib,Emily Anderson,164,98,5,0,61
Paulding,East Paulding Middle Sch,Commissioner Of Labor,,Lib,Emily Anderson,197,109,7,0,81
Paulding,Events Place,Commissioner Of Labor,,Lib,Emily Anderson,72,42,3,0,27
Paulding,Poplar Sprgs Bapt Church,Commissioner Of Labor,,Lib,Emily Anderson,68,36,1,0,31
Paulding,D Wright Innovation Ctr,Commissioner Of Labor,,Lib,Emily Anderson,114,59,3,0,52
Paulding,Taylor Farm Park,Commissioner Of Labor,,Lib,Emily Anderson,51,18,2,0,31
Paulding,Nebo Elem School,Commissioner Of Labor,,Lib,Emily Anderson,155,78,9,0,68
Paulding,White Oak Park,Commissioner Of Labor,,Lib,Emily Anderson,101,47,3,1,50
Paulding,Mulberry Rock Park,Commissioner Of Labor,,Lib,Emily Anderson,92,43,1,1,47
Paulding,Beulahland Baptist Church,Commissioner Of Labor,,Lib,Emily Anderson,42,19,3,0,20
Paulding,Paulding County Airport,Commissioner Of Labor,,Lib,Emily Anderson,74,34,3,0,37
Paulding,Dobbins Middle School,Commissioner Of Labor,,Lib,Emily Anderson,136,72,7,0,57
Paulding,Burnt Hickory Park,U.S. House,14,Rep,Marjorie Taylor Greene ,3257,2005,95,1,1156
Paulding,Crossroads Library,U.S. House,14,Rep,Marjorie Taylor Greene ,1718,1015,50,0,653
Paulding,Shelton Elementary,U.S. House,14,Rep,Marjorie Taylor Greene ,1970,1051,62,0,857
Paulding,Russom Elementary,U.S. House,14,Rep,Marjorie Taylor Greene ,4307,2372,225,0,1710
Paulding,Paulding Sr Center,U.S. House,14,Rep,Marjorie Taylor Greene ,2061,1187,49,1,824
Paulding,Legacy Bapt Church,U.S. House,14,Rep,Marjorie Taylor Greene ,1390,870,100,1,419
Paulding,Watson Govt Cmplx,U.S. House,14,Rep,Marjorie Taylor Greene ,2872,1970,146,2,754
Paulding,East Paulding Middle Sch,U.S. House,14,Rep,Marjorie Taylor Greene ,4894,3048,196,1,1649
Paulding,Events Place,U.S. House,14,Rep,Marjorie Taylor Greene ,890,537,46,1,306
Paulding,Poplar Sprgs Bapt Church,U.S. House,14,Rep,Marjorie Taylor Greene ,1045,645,48,1,351
Paulding,D Wright Innovation Ctr,U.S. House,14,Rep,Marjorie Taylor Greene ,2059,1373,54,2,630
Paulding,Taylor Farm Park,U.S. House,14,Rep,Marjorie Taylor Greene ,873,583,38,1,251
Paulding,Nebo Elem School,U.S. House,14,Rep,Marjorie Taylor Greene ,3627,2098,120,1,1408
Paulding,White Oak Park,U.S. House,14,Rep,Marjorie Taylor Greene ,1820,1073,65,4,678
Paulding,Mulberry Rock Park,U.S. House,14,Rep,Marjorie Taylor Greene ,2848,1584,107,2,1155
Paulding,Beulahland Baptist Church,U.S. House,14,Rep,Marjorie Taylor Greene ,1064,519,38,1,506
Paulding,Paulding County Airport,U.S. House,14,Rep,Marjorie Taylor Greene ,1772,850,77,5,840
Paulding,Dobbins Middle School,U.S. House,14,Rep,Marjorie Taylor Greene ,2002,1339,72,1,590
Paulding,Burnt Hickory Park,U.S. House,14,Dem,Marcus Flowers,910,545,72,0,293
Paulding,Crossroads Library,U.S. House,14,Dem,Marcus Flowers,806,456,79,0,271
Paulding,Shelton Elementary,U.S. House,14,Dem,Marcus Flowers,1424,832,122,4,466
Paulding,Russom Elementary,U.S. House,14,Dem,Marcus Flowers,2544,1435,307,1,801
Paulding,Paulding Sr Center,U.S. House,14,Dem,Marcus Flowers,1515,926,127,1,461
Paulding,Legacy Bapt Church,U.S. House,14,Dem,Marcus Flowers,1026,616,104,0,306
Paulding,Watson Govt Cmplx,U.S. House,14,Dem,Marcus Flowers,2241,1377,209,3,652
Paulding,East Paulding Middle Sch,U.S. House,14,Dem,Marcus Flowers,2600,1623,244,4,729
Paulding,Events Place,U.S. House,14,Dem,Marcus Flowers,1816,1153,162,6,495
Paulding,Poplar Sprgs Bapt Church,U.S. House,14,Dem,Marcus Flowers,1394,874,111,4,405
Paulding,D Wright Innovation Ctr,U.S. House,14,Dem,Marcus Flowers,1593,1073,116,2,402
Paulding,Taylor Farm Park,U.S. House,14,Dem,Marcus Flowers,598,355,38,0,205
Paulding,Nebo Elem School,U.S. House,14,Dem,Marcus Flowers,1625,963,148,1,513
Paulding,White Oak Park,U.S. House,14,Dem,Marcus Flowers,1197,681,109,1,406
Paulding,Mulberry Rock Park,U.S. House,14,Dem,Marcus Flowers,857,484,70,0,303
Paulding,Beulahland Baptist Church,U.S. House,14,Dem,Marcus Flowers,303,175,24,0,104
Paulding,Paulding County Airport,U.S. House,14,Dem,Marcus Flowers,556,303,60,1,192
Paulding,Dobbins Middle School,U.S. House,14,Dem,Marcus Flowers,2440,1605,205,0,630
Paulding,D Wright Innovation Ctr,State Senate,30,Rep,Mike Dugan ,2778,1839,90,0,849
Paulding,Mulberry Rock Park,State Senate,30,Rep,Mike Dugan ,3351,1851,140,1,1359
Paulding,Dobbins Middle School,State Senate,30,Rep,Mike Dugan ,0,0,0,0,0
Paulding,Burnt Hickory Park,State Senate,31,Rep,Jason Anavitarte ,3751,2290,120,0,1341
Paulding,Crossroads Library,State Senate,31,Rep,Jason Anavitarte ,2136,1233,77,0,826
Paulding,Shelton Elementary,State Senate,31,Rep,Jason Anavitarte ,2619,1416,98,2,1103
Paulding,Russom Elementary,State Senate,31,Rep,Jason Anavitarte ,5572,3034,334,1,2203
Paulding,Paulding Sr Center,State Senate,31,Rep,Jason Anavitarte ,2751,1586,80,2,1083
Paulding,Legacy Bapt Church,State Senate,31,Rep,Jason Anavitarte ,1831,1119,142,1,569
Paulding,Watson Govt Cmplx,State Senate,31,Rep,Jason Anavitarte ,3776,2511,225,1,1039
Paulding,East Paulding Middle Sch,State Senate,31,Rep,Jason Anavitarte ,6135,3800,280,2,2053
Paulding,Events Place,State Senate,31,Rep,Jason Anavitarte ,1601,962,88,3,548
Paulding,Poplar Sprgs Bapt Church,State Senate,31,Rep,Jason Anavitarte ,1602,989,77,3,533
Paulding,D Wright Innovation Ctr,State Senate,31,Rep,Jason Anavitarte ,0,0,0,0,0
Paulding,Taylor Farm Park,State Senate,31,Rep,Jason Anavitarte ,1149,748,50,1,350
Paulding,Nebo Elem School,State Senate,31,Rep,Jason Anavitarte ,4398,2546,170,1,1681
Paulding,White Oak Park,State Senate,31,Rep,Jason Anavitarte ,2336,1344,100,3,889
Paulding,Beulahland Baptist Church,State Senate,31,Rep,Jason Anavitarte ,1213,607,43,0,563
Paulding,Paulding County Airport,State Senate,31,Rep,Jason Anavitarte ,2031,982,101,4,944
Paulding,Dobbins Middle School,State Senate,31,Rep,Jason Anavitarte ,3032,2026,124,1,881
Paulding,Burnt Hickory Park,State House,16,Rep,Trey Kelley ,3680,2243,119,0,1318
Paulding,Crossroads Library,State House,16,Rep,Trey Kelley ,1401,798,36,0,567
Paulding,Russom Elementary,State House,16,Rep,Trey Kelley ,1705,982,106,0,617
Paulding,Paulding Sr Center,State House,16,Rep,Trey Kelley ,0,0,0,0,0
Paulding,Watson Govt Cmplx,State House,16,Rep,Trey Kelley ,0,0,0,0,0
Paulding,Paulding County Airport,State House,16,Rep,Trey Kelley ,0,0,0,0,0
Paulding,Burnt Hickory Park,State House,17,Rep,Martin Momtahan ,49,39,0,0,10
Paulding,Crossroads Library,State House,17,Rep,Martin Momtahan ,655,385,32,0,238
Paulding,Shelton Elementary,State House,17,Rep,Martin Momtahan ,2124,1133,72,0,919
Paulding,Russom Elementary,State House,17,Rep,Martin Momtahan ,2456,1332,126,0,998
Paulding,Paulding Sr Center,State House,17,Rep,Martin Momtahan ,2245,1292,56,1,896
Paulding,Legacy Bapt Church,State House,17,Rep,Martin Momtahan ,0,0,0,0,0
Paulding,Watson Govt Cmplx,State House,17,Rep,Martin Momtahan ,3070,2087,169,3,811
Paulding,White Oak Park,State House,17,Rep,Martin Momtahan ,1910,1127,70,0,713
Paulding,Beulahland Baptist Church,State House,17,Rep,Martin Momtahan ,172,101,4,0,67
Paulding,Paulding County Airport,State House,17,Rep,Martin Momtahan ,1841,893,81,2,865
Paulding,Burnt Hickory Park,State House,17,Dem,Sunshine Marshall,2,2,0,0,0
Paulding,Crossroads Library,State House,17,Dem,Sunshine Marshall,210,142,22,0,46
Paulding,Shelton Elementary,State House,17,Dem,Sunshine Marshall,1269,757,110,1,401
Paulding,Russom Elementary,State House,17,Dem,Sunshine Marshall,1285,731,154,0,400
Paulding,Paulding Sr Center,State House,17,Dem,Sunshine Marshall,1334,822,112,0,400
Paulding,Legacy Bapt Church,State House,17,Dem,Sunshine Marshall,0,0,0,0,0
Paulding,Watson Govt Cmplx,State House,17,Dem,Sunshine Marshall,2029,1246,182,0,601
Paulding,White Oak Park,State House,17,Dem,Sunshine Marshall,1084,618,102,0,364
Paulding,Beulahland Baptist Church,State House,17,Dem,Sunshine Marshall,39,25,3,0,11
Paulding,Paulding County Airport,State House,17,Dem,Sunshine Marshall,481,260,53,0,168
Paulding,Mulberry Rock Park,State House,18,Rep,Tyler Paul Smith ,2633,1443,97,1,1092
Paulding,Beulahland Baptist Church,State House,18,Rep,Tyler Paul Smith ,951,461,36,0,454
Paulding,Mulberry Rock Park,State House,18,Dem,Pat Rhudy,623,373,48,0,202
Paulding,Beulahland Baptist Church,State House,18,Dem,Pat Rhudy,216,119,19,0,78
Paulding,Russom Elementary,State House,19,Rep,Joseph Gullett ,772,396,43,0,333
Paulding,Legacy Bapt Church,State House,19,Rep,Joseph Gullett ,1496,934,112,0,450
Paulding,East Paulding Middle Sch,State House,19,Rep,Joseph Gullett ,5305,3300,229,0,1776
Paulding,Events Place,State House,19,Rep,Joseph Gullett ,1004,609,56,0,339
Paulding,Poplar Sprgs Bapt Church,State House,19,Rep,Joseph Gullett ,1122,699,55,0,368
Paulding,Taylor Farm Park,State House,19,Rep,Joseph Gullett ,466,309,23,0,134
Paulding,Nebo Elem School,State House,19,Rep,Joseph Gullett ,3863,2233,136,1,1493
Paulding,White Oak Park,State House,19,Rep,Joseph Gullett ,9,7,0,0,2
Paulding,Mulberry Rock Park,State House,19,Rep,Joseph Gullett ,403,240,19,0,144
Paulding,Russom Elementary,State House,19,Dem,R.J. Coyle,319,180,34,0,105
Paulding,Legacy Bapt Church,State House,19,Dem,R.J. Coyle,922,553,88,0,281
Paulding,East Paulding Middle Sch,State House,19,Dem,R.J. Coyle,2202,1378,214,2,608
Paulding,Events Place,State House,19,Dem,R.J. Coyle,1692,1073,156,0,463
Paulding,Poplar Sprgs Bapt Church,State House,19,Dem,R.J. Coyle,1317,828,102,1,386
Paulding,Taylor Farm Park,State House,19,Dem,R.J. Coyle,310,181,21,0,108
Paulding,Nebo Elem School,State House,19,Dem,R.J. Coyle,1405,840,134,0,431
Paulding,White Oak Park,State House,19,Dem,R.J. Coyle,4,1,0,0,3
Paulding,Mulberry Rock Park,State House,19,Dem,R.J. Coyle,78,40,13,0,25
Paulding,D Wright Innovation Ctr,State House,64,Rep,Kimberly R. New,2183,1461,60,0,662
Paulding,Taylor Farm Park,State House,64,Rep,Kimberly R. New,481,319,21,0,141
Paulding,Dobbins Middle School,State House,64,Rep,Kimberly R. New,2155,1451,78,1,625
Paulding,D Wright Innovation Ctr,State House,64,Dem,Montenia Edwards,1470,996,108,0,366
Paulding,Taylor Farm Park,State House,64,Dem,Montenia Edwards,215,130,12,1,72
Paulding,Dobbins Middle School,State House,64,Dem,Montenia Edwards,2305,1513,195,0,597
Paulding,Burnt Hickory Park,District Attorney,,Rep,Matthew W. Rollins ,3767,2308,121,1,1337
Paulding,Crossroads Library,District Attorney,,Rep,Matthew W. Rollins ,2154,1244,76,0,834
Paulding,Shelton Elementary,District Attorney,,Rep,Matthew W. Rollins ,2643,1429,98,2,1114
Paulding,Russom Elementary,District Attorney,,Rep,Matthew W. Rollins ,5578,3051,324,1,2202
Paulding,Paulding Sr Center,District Attorney,,Rep,Matthew W. Rollins ,2751,1589,82,2,1078
Paulding,Legacy Bapt Church,District Attorney,,Rep,Matthew W. Rollins ,1841,1125,136,1,579
Paulding,Watson Govt Cmplx,District Attorney,,Rep,Matthew W. Rollins ,3870,2566,221,3,1080
Paulding,East Paulding Middle Sch,District Attorney,,Rep,Matthew W. Rollins ,6191,3847,273,1,2070
Paulding,Events Place,District Attorney,,Rep,Matthew W. Rollins ,1648,984,93,4,567
Paulding,Poplar Sprgs Bapt Church,District Attorney,,Rep,Matthew W. Rollins ,1624,1010,77,3,534
Paulding,D Wright Innovation Ctr,District Attorney,,Rep,Matthew W. Rollins ,2792,1846,88,2,856
Paulding,Taylor Farm Park,District Attorney,,Rep,Matthew W. Rollins ,1166,756,51,1,358
Paulding,Nebo Elem School,District Attorney,,Rep,Matthew W. Rollins ,4438,2559,174,1,1704
Paulding,White Oak Park,District Attorney,,Rep,Matthew W. Rollins ,2340,1346,95,4,895
Paulding,Mulberry Rock Park,District Attorney,,Rep,Matthew W. Rollins ,3345,1853,135,1,1356
Paulding,Beulahland Baptist Church,District Attorney,,Rep,Matthew W. Rollins ,1224,607,49,1,567
Paulding,Paulding County Airport,District Attorney,,Rep,Matthew W. Rollins ,2041,987,103,6,945
Paulding,Dobbins Middle School,District Attorney,,Rep,Matthew W. Rollins ,3077,2053,127,1,896
Paulding,Burnt Hickory Park,Solicitor General,,Rep,Luana P. Nolen ,3758,2297,126,1,1334
Paulding,Crossroads Library,Solicitor General,,Rep,Luana P. Nolen ,2143,1241,75,0,827
Paulding,Shelton Elementary,Solicitor General,,Rep,Luana P. Nolen ,2640,1427,99,2,1112
Paulding,Russom Elementary,Solicitor General,,Rep,Luana P. Nolen ,5575,3044,332,1,2198
Paulding,Paulding Sr Center,Solicitor General,,Rep,Luana P. Nolen ,2750,1588,80,2,1080
Paulding,Legacy Bapt Church,Solicitor General,,Rep,Luana P. Nolen ,1841,1123,138,1,579
Paulding,Watson Govt Cmplx,Solicitor General,,Rep,Luana P. Nolen ,3858,2560,222,3,1073
Paulding,East Paulding Middle Sch,Solicitor General,,Rep,Luana P. Nolen ,6175,3829,282,2,2062
Paulding,Events Place,Solicitor General,,Rep,Luana P. Nolen ,1647,985,90,4,568
Paulding,Poplar Sprgs Bapt Church,Solicitor General,,Rep,Luana P. Nolen ,1624,1000,80,3,541
Paulding,D Wright Innovation Ctr,Solicitor General,,Rep,Luana P. Nolen ,2784,1840,87,2,855
Paulding,Taylor Farm Park,Solicitor General,,Rep,Luana P. Nolen ,1158,748,50,1,359
Paulding,Nebo Elem School,Solicitor General,,Rep,Luana P. Nolen ,4423,2550,173,1,1699
Paulding,White Oak Park,Solicitor General,,Rep,Luana P. Nolen ,2357,1357,100,4,896
Paulding,Mulberry Rock Park,Solicitor General,,Rep,Luana P. Nolen ,3337,1854,132,1,1350
Paulding,Beulahland Baptist Church,Solicitor General,,Rep,Luana P. Nolen ,1223,607,47,1,568
Paulding,Paulding County Airport,Solicitor General,,Rep,Luana P. Nolen ,2038,986,102,6,944
Paulding,Dobbins Middle School,Solicitor General,,Rep,Luana P. Nolen ,3078,2056,126,1,895
Paulding,Watson Govt Cmplx,County Commissioner Post 2,,Rep,Sandy Kaecher ,1161,764,56,1,340
Paulding,D Wright Innovation Ctr,County Commissioner Post 2,,Rep,Sandy Kaecher ,1079,696,30,0,353
Paulding,Nebo Elem School,County Commissioner Post 2,,Rep,Sandy Kaecher ,1450,805,48,0,597
Paulding,White Oak Park,County Commissioner Post 2,,Rep,Sandy Kaecher ,944,546,37,0,361
Paulding,Mulberry Rock Park,County Commissioner Post 2,,Rep,Sandy Kaecher ,3051,1691,122,1,1237
Paulding,Beulahland Baptist Church,County Commissioner Post 2,,Rep,Sandy Kaecher ,1119,554,42,1,522
Paulding,Paulding County Airport,County Commissioner Post 2,,Rep,Sandy Kaecher ,1774,848,79,2,845
Paulding,Watson Govt Cmplx,County Commissioner Post 2,,Dem,Ida L. Gardner,928,565,84,0,279
Paulding,D Wright Innovation Ctr,County Commissioner Post 2,,Dem,Ida L. Gardner,941,623,72,0,246
Paulding,Nebo Elem School,County Commissioner Post 2,,Dem,Ida L. Gardner,498,272,46,0,180
Paulding,White Oak Park,County Commissioner Post 2,,Dem,Ida L. Gardner,445,234,50,0,161
Paulding,Mulberry Rock Park,County Commissioner Post 2,,Dem,Ida L. Gardner,672,399,53,0,220
Paulding,Beulahland Baptist Church,County Commissioner Post 2,,Dem,Ida L. Gardner,252,148,19,0,85
Paulding,Paulding County Airport,County Commissioner Post 2,,Dem,Ida L. Gardner,487,271,54,0,162
Paulding,Legacy Bapt Church,County Commissioner Post 3,,Rep,Virginia Galloway ,18,14,3,0,1
Paulding,Events Place,County Commissioner Post 3,,Rep,Virginia Galloway ,836,491,44,0,301
Paulding,Poplar Sprgs Bapt Church,County Commissioner Post 3,,Rep,Virginia Galloway ,1115,684,59,0,372
Paulding,D Wright Innovation Ctr,County Commissioner Post 3,,Rep,Virginia Galloway ,1111,772,29,1,309
Paulding,Taylor Farm Park,County Commissioner Post 3,,Rep,Virginia Galloway ,962,635,45,0,282
Paulding,Nebo Elem School,County Commissioner Post 3,,Rep,Virginia Galloway ,2426,1448,88,1,889
Paulding,White Oak Park,County Commissioner Post 3,,Rep,Virginia Galloway ,0,0,0,0,0
Paulding,Dobbins Middle School,County Commissioner Post 3,,Rep,Virginia Galloway ,2175,1470,76,1,628
Paulding,Legacy Bapt Church,County Commissioner Post 3,,Dem,Taurus Morris,4,0,0,0,4
Paulding,Events Place,County Commissioner Post 3,,Dem,Taurus Morris,1435,907,118,0,410
Paulding,Poplar Sprgs Bapt Church,County Commissioner Post 3,,Dem,Taurus Morris,1314,832,98,2,382
Paulding,D Wright Innovation Ctr,County Commissioner Post 3,,Dem,Taurus Morris,508,356,36,0,116
Paulding,Taylor Farm Park,County Commissioner Post 3,,Dem,Taurus Morris,520,311,32,1,176
Paulding,Nebo Elem School,County Commissioner Post 3,,Dem,Taurus Morris,888,547,87,0,254
Paulding,White Oak Park,County Commissioner Post 3,,Dem,Taurus Morris,0,0,0,0,0
Paulding,Dobbins Middle School,County Commissioner Post 3,,Dem,Taurus Morris,2263,1479,195,0,589
Paulding,Burnt Hickory Park,County Commissioner Post 4,,Rep,Brian Stover ,3463,2129,108,0,1226
Paulding,Crossroads Library,County Commissioner Post 4,,Rep,Brian Stover ,1884,1105,61,0,718
Paulding,Shelton Elementary,County Commissioner Post 4,,Rep,Brian Stover ,2141,1139,73,0,929
Paulding,Russom Elementary,County Commissioner Post 4,,Rep,Brian Stover ,1900,1093,113,0,694
Paulding,Paulding Sr Center,County Commissioner Post 4,,Rep,Brian Stover ,2230,1283,52,1,894
Paulding,Watson Govt Cmplx,County Commissioner Post 4,,Rep,Brian Stover ,1462,1052,68,0,342
Paulding,Paulding County Airport,County Commissioner Post 4,,Rep,Brian Stover ,60,36,1,1,22
Paulding,Burnt Hickory Park,County Commissioner Post 4,,Dem,Sheila Alexander,712,433,54,0,225
Paulding,Crossroads Library,County Commissioner Post 4,,Dem,Sheila Alexander,657,372,69,0,216
Paulding,Shelton Elementary,County Commissioner Post 4,,Dem,Sheila Alexander,1244,750,109,2,383
Paulding,Russom Elementary,County Commissioner Post 4,,Dem,Sheila Alexander,714,434,90,0,190
Paulding,Paulding Sr Center,County Commissioner Post 4,,Dem,Sheila Alexander,1333,819,115,0,399
Paulding,Watson Govt Cmplx,County Commissioner Post 4,,Dem,Sheila Alexander,660,405,68,0,187
Paulding,Paulding County Airport,County Commissioner Post 4,,Dem,Sheila Alexander,2,1,0,0,1
Paulding,Burnt Hickory Park,County Board of Education Dist 2,,Rep,"Nick Chester, Sr. ",3753,2296,124,1,1332
Paulding,Crossroads Library,County Board of Education Dist 2,,Rep,"Nick Chester, Sr. ",2133,1232,74,0,827
Paulding,Shelton Elementary,County Board of Education Dist 2,,Rep,"Nick Chester, Sr. ",2634,1425,98,2,1109
Paulding,Russom Elementary,County Board of Education Dist 2,,Rep,"Nick Chester, Sr. ",5567,3031,333,1,2202
Paulding,Paulding Sr Center,County Board of Education Dist 2,,Rep,"Nick Chester, Sr. ",2764,1595,82,2,1085
Paulding,Legacy Bapt Church,County Board of Education Dist 2,,Rep,"Nick Chester, Sr. ",1841,1120,141,1,579
Paulding,Watson Govt Cmplx,County Board of Education Dist 2,,Rep,"Nick Chester, Sr. ",3838,2541,223,3,1071
Paulding,East Paulding Middle Sch,County Board of Education Dist 2,,Rep,"Nick Chester, Sr. ",6148,3813,279,2,2054
Paulding,Events Place,County Board of Education Dist 2,,Rep,"Nick Chester, Sr. ",1651,990,96,3,562
Paulding,Poplar Sprgs Bapt Church,County Board of Education Dist 2,,Rep,"Nick Chester, Sr. ",1634,1012,81,3,538
Paulding,D Wright Innovation Ctr,County Board of Education Dist 2,,Rep,"Nick Chester, Sr. ",2794,1847,90,2,855
Paulding,Taylor Farm Park,County Board of Education Dist 2,,Rep,"Nick Chester, Sr. ",1160,754,49,1,356
Paulding,Nebo Elem School,County Board of Education Dist 2,,Rep,"Nick Chester, Sr. ",4421,2550,176,1,1694
Paulding,White Oak Park,County Board of Education Dist 2,,Rep,"Nick Chester, Sr. ",2351,1349,100,3,899
Paulding,Mulberry Rock Park,County Board of Education Dist 2,,Rep,"Nick Chester, Sr. ",3340,1851,136,1,1352
Paulding,Beulahland Baptist Church,County Board of Education Dist 2,,Rep,"Nick Chester, Sr. ",1221,606,49,1,565
Paulding,Paulding County Airport,County Board of Education Dist 2,,Rep,"Nick Chester, Sr. ",2041,982,105,6,948
Paulding,Dobbins Middle School,County Board of Education Dist 2,,Rep,"Nick Chester, Sr. ",3094,2062,133,1,898
Paulding,Burnt Hickory Park,County Board of Education Dist 5,,Rep,John B. Dean ,3762,2300,127,1,1334
Paulding,Crossroads Library,County Board of Education Dist 5,,Rep,John B. Dean ,2133,1232,73,0,828
Paulding,Shelton Elementary,County Board of Education Dist 5,,Rep,John B. Dean ,2632,1426,97,2,1107
Paulding,Russom Elementary,County Board of Education Dist 5,,Rep,John B. Dean ,5575,3034,332,1,2208
Paulding,Paulding Sr Center,County Board of Education Dist 5,,Rep,John B. Dean ,2769,1602,81,2,1084
Paulding,Legacy Bapt Church,County Board of Education Dist 5,,Rep,John B. Dean ,1836,1119,141,1,575
Paulding,Watson Govt Cmplx,County Board of Education Dist 5,,Rep,John B. Dean ,3848,2549,222,3,1074
Paulding,East Paulding Middle Sch,County Board of Education Dist 5,,Rep,John B. Dean ,6158,3812,284,2,2060
Paulding,Events Place,County Board of Education Dist 5,,Rep,John B. Dean ,1633,982,92,3,556
Paulding,Poplar Sprgs Bapt Church,County Board of Education Dist 5,,Rep,John B. Dean ,1625,1006,81,3,535
Paulding,D Wright Innovation Ctr,County Board of Education Dist 5,,Rep,John B. Dean ,2785,1840,88,2,855
Paulding,Taylor Farm Park,County Board of Education Dist 5,,Rep,John B. Dean ,1158,751,48,1,358
Paulding,Nebo Elem School,County Board of Education Dist 5,,Rep,John B. Dean ,4408,2541,174,1,1692
Paulding,White Oak Park,County Board of Education Dist 5,,Rep,John B. Dean ,2342,1344,99,4,895
Paulding,Mulberry Rock Park,County Board of Education Dist 5,,Rep,John B. Dean ,3332,1845,137,1,1349
Paulding,Beulahland Baptist Church,County Board of Education Dist 5,,Rep,John B. Dean ,1214,604,47,1,562
Paulding,Paulding County Airport,County Board of Education Dist 5,,Rep,John B. Dean ,2039,983,104,6,946
Paulding,Dobbins Middle School,County Board of Education Dist 5,,Rep,John B. Dean ,3087,2055,128,1,903
Paulding,Burnt Hickory Park,County Board of Education Dist 6,,Rep,"Daniel """"Dan"""" Nolan III ",3480,2139,110,1,1230
Paulding,Crossroads Library,County Board of Education Dist 6,,Rep,"Daniel """"Dan"""" Nolan III ",1895,1106,60,0,729
Paulding,Shelton Elementary,County Board of Education Dist 6,,Rep,"Daniel """"Dan"""" Nolan III ",2124,1130,69,0,925
Paulding,Russom Elementary,County Board of Education Dist 6,,Rep,"Daniel """"Dan"""" Nolan III ",4699,2588,251,0,1860
Paulding,Paulding Sr Center,County Board of Education Dist 6,,Rep,"Daniel """"Dan"""" Nolan III ",2243,1290,49,2,902
Paulding,Legacy Bapt Church,County Board of Education Dist 6,,Rep,"Daniel """"Dan"""" Nolan III ",1472,925,110,1,436
Paulding,Watson Govt Cmplx,County Board of Education Dist 6,,Rep,"Daniel """"Dan"""" Nolan III ",3045,2084,160,1,800
Paulding,East Paulding Middle Sch,County Board of Education Dist 6,,Rep,"Daniel """"Dan"""" Nolan III ",5265,3284,213,1,1767
Paulding,Events Place,County Board of Education Dist 6,,Rep,"Daniel """"Dan"""" Nolan III ",993,596,57,1,339
Paulding,Poplar Sprgs Bapt Church,County Board of Education Dist 6,,Rep,"Daniel """"Dan"""" Nolan III ",1106,683,53,1,369
Paulding,D Wright Innovation Ctr,County Board of Education Dist 6,,Rep,"Daniel """"Dan"""" Nolan III ",2170,1450,59,1,660
Paulding,Taylor Farm Park,County Board of Education Dist 6,,Rep,"Daniel """"Dan"""" Nolan III ",947,632,43,0,272
Paulding,Nebo Elem School,County Board of Education Dist 6,,Rep,"Daniel """"Dan"""" Nolan III ",3822,2216,130,1,1475
Paulding,White Oak Park,County Board of Education Dist 6,,Rep,"Daniel """"Dan"""" Nolan III ",1915,1123,69,4,719
Paulding,Mulberry Rock Park,County Board of Education Dist 6,,Rep,"Daniel """"Dan"""" Nolan III ",3009,1667,118,1,1223
Paulding,Beulahland Baptist Church,County Board of Education Dist 6,,Rep,"Daniel """"Dan"""" Nolan III ",1123,560,41,1,521
Paulding,Paulding County Airport,County Board of Education Dist 6,,Rep,"Daniel """"Dan"""" Nolan III ",1826,885,81,6,854
Paulding,Dobbins Middle School,County Board of Education Dist 6,,Rep,"Daniel """"Dan"""" Nolan III ",2163,1459,79,1,624
Paulding,Burnt Hickory Park,County Board of Education Dist 6,,Dem,Selena Jackson Guines,700,420,51,0,229
Paulding,Crossroads Library,County Board of Education Dist 6,,Dem,Selena Jackson Guines,650,375,67,0,208
Paulding,Shelton Elementary,County Board of Education Dist 6,,Dem,Selena Jackson Guines,1275,771,110,3,391
Paulding,Russom Elementary,County Board of Education Dist 6,,Dem,Selena Jackson Guines,2154,1251,251,1,651
Paulding,Paulding Sr Center,County Board of Education Dist 6,,Dem,Selena Jackson Guines,1325,821,116,0,388
Paulding,Legacy Bapt Church,County Board of Education Dist 6,,Dem,Selena Jackson Guines,927,549,92,0,286
Paulding,Watson Govt Cmplx,County Board of Education Dist 6,,Dem,Selena Jackson Guines,2030,1236,187,4,603
Paulding,East Paulding Middle Sch,County Board of Education Dist 6,,Dem,Selena Jackson Guines,2191,1373,214,4,600
Paulding,Events Place,County Board of Education Dist 6,,Dem,Selena Jackson Guines,1686,1075,148,6,457
Paulding,Poplar Sprgs Bapt Church,County Board of Education Dist 6,,Dem,Selena Jackson Guines,1321,835,100,4,382
Paulding,D Wright Innovation Ctr,County Board of Education Dist 6,,Dem,Selena Jackson Guines,1477,997,109,3,368
Paulding,Taylor Farm Park,County Board of Education Dist 6,,Dem,Selena Jackson Guines,528,313,32,1,182
Paulding,Nebo Elem School,County Board of Education Dist 6,,Dem,Selena Jackson Guines,1424,846,134,1,443
Paulding,White Oak Park,County Board of Education Dist 6,,Dem,Selena Jackson Guines,1073,616,100,1,356
Paulding,Mulberry Rock Park,County Board of Education Dist 6,,Dem,Selena Jackson Guines,711,424,53,0,234
Paulding,Beulahland Baptist Church,County Board of Education Dist 6,,Dem,Selena Jackson Guines,254,146,21,0,87
Paulding,Paulding County Airport,County Board of Education Dist 6,,Dem,Selena Jackson Guines,501,266,55,0,180
Paulding,Dobbins Middle School,County Board of Education Dist 6,,Dem,Selena Jackson Guines,2269,1486,191,0,592
Paulding,Burnt Hickory Park,Constitutional Amendment #1,,,Yes,3643,2246,147,1,1249
Paulding,Crossroads Library,Constitutional Amendment #1,,,Yes,2206,1296,112,0,798
Paulding,Shelton Elementary,Constitutional Amendment #1,,,Yes,2963,1663,160,3,1137
Paulding,Russom Elementary,Constitutional Amendment #1,,,Yes,6056,3383,481,1,2191
Paulding,Paulding Sr Center,Constitutional Amendment #1,,,Yes,3142,1854,149,1,1138
Paulding,Legacy Bapt Church,Constitutional Amendment #1,,,Yes,2069,1262,174,1,632
Paulding,Watson Govt Cmplx,Constitutional Amendment #1,,,Yes,4352,2830,295,4,1223
Paulding,East Paulding Middle Sch,Constitutional Amendment #1,,,Yes,6612,4119,413,2,2078
Paulding,Events Place,Constitutional Amendment #1,,,Yes,2353,1473,184,2,694
Paulding,Poplar Sprgs Bapt Church,Constitutional Amendment #1,,,Yes,2100,1315,142,4,639
Paulding,D Wright Innovation Ctr,Constitutional Amendment #1,,,Yes,3163,2134,157,3,869
Paulding,Taylor Farm Park,Constitutional Amendment #1,,,Yes,1285,819,71,0,395
Paulding,Nebo Elem School,Constitutional Amendment #1,,,Yes,4615,2717,240,2,1656
Paulding,White Oak Park,Constitutional Amendment #1,,,Yes,2604,1531,143,5,925
Paulding,Mulberry Rock Park,Constitutional Amendment #1,,,Yes,3214,1800,154,2,1258
Paulding,Beulahland Baptist Church,Constitutional Amendment #1,,,Yes,1199,610,52,1,536
Paulding,Paulding County Airport,Constitutional Amendment #1,,,Yes,1961,987,114,4,856
Paulding,Dobbins Middle School,Constitutional Amendment #1,,,Yes,3832,2539,236,1,1056
Paulding,Burnt Hickory Park,Constitutional Amendment #1,,,No,446,258,16,0,172
Paulding,Crossroads Library,Constitutional Amendment #1,,,No,288,155,17,0,116
Paulding,Shelton Elementary,Constitutional Amendment #1,,,No,360,200,17,1,142
Paulding,Russom Elementary,Constitutional Amendment #1,,,No,679,363,40,0,276
Paulding,Paulding Sr Center,Constitutional Amendment #1,,,No,368,223,18,1,126
Paulding,Legacy Bapt Church,Constitutional Amendment #1,,,No,294,190,23,0,81
Paulding,Watson Govt Cmplx,Constitutional Amendment #1,,,No,642,434,41,1,166
Paulding,East Paulding Middle Sch,Constitutional Amendment #1,,,No,795,494,27,2,272
Paulding,Events Place,Constitutional Amendment #1,,,No,293,183,17,3,90
Paulding,Poplar Sprgs Bapt Church,Constitutional Amendment #1,,,No,291,172,12,0,107
Paulding,D Wright Innovation Ctr,Constitutional Amendment #1,,,No,410,267,8,1,134
Paulding,Taylor Farm Park,Constitutional Amendment #1,,,No,176,121,5,2,48
Paulding,Nebo Elem School,Constitutional Amendment #1,,,No,582,316,27,0,239
Paulding,White Oak Park,Constitutional Amendment #1,,,No,351,197,23,0,131
Paulding,Mulberry Rock Park,Constitutional Amendment #1,,,No,445,252,21,0,172
Paulding,Beulahland Baptist Church,Constitutional Amendment #1,,,No,141,75,6,0,60
Paulding,Paulding County Airport,Constitutional Amendment #1,,,No,296,137,12,2,145
Paulding,Dobbins Middle School,Constitutional Amendment #1,,,No,532,355,31,0,146
Paulding,Burnt Hickory Park,Constitutional Amendment #2,,,Yes,3801,2314,155,1,1331
Paulding,Crossroads Library,Constitutional Amendment #2,,,Yes,2338,1366,122,0,850
Paulding,Shelton Elementary,Constitutional Amendment #2,,,Yes,3180,1771,169,3,1237
Paulding,Russom Elementary,Constitutional Amendment #2,,,Yes,6421,3567,508,1,2345
Paulding,Paulding Sr Center,Constitutional Amendment #2,,,Yes,3335,1982,154,2,1197
Paulding,Legacy Bapt Church,Constitutional Amendment #2,,,Yes,2213,1359,181,0,673
Paulding,Watson Govt Cmplx,Constitutional Amendment #2,,,Yes,4697,3057,330,4,1306
Paulding,East Paulding Middle Sch,Constitutional Amendment #2,,,Yes,7011,4370,424,4,2213
Paulding,Events Place,Constitutional Amendment #2,,,Yes,2520,1575,195,6,744
Paulding,Poplar Sprgs Bapt Church,Constitutional Amendment #2,,,Yes,2263,1419,142,3,699
Paulding,D Wright Innovation Ctr,Constitutional Amendment #2,,,Yes,3384,2265,164,4,951
Paulding,Taylor Farm Park,Constitutional Amendment #2,,,Yes,1388,890,76,1,421
Paulding,Nebo Elem School,Constitutional Amendment #2,,,Yes,4889,2840,261,2,1786
Paulding,White Oak Park,Constitutional Amendment #2,,,Yes,2802,1633,157,4,1008
Paulding,Mulberry Rock Park,Constitutional Amendment #2,,,Yes,3405,1903,161,1,1340
Paulding,Beulahland Baptist Church,Constitutional Amendment #2,,,Yes,1253,634,59,1,559
Paulding,Paulding County Airport,Constitutional Amendment #2,,,Yes,2110,1046,128,6,930
Paulding,Dobbins Middle School,Constitutional Amendment #2,,,Yes,4152,2748,257,1,1146
Paulding,Burnt Hickory Park,Constitutional Amendment #2,,,No,325,205,10,0,110
Paulding,Crossroads Library,Constitutional Amendment #2,,,No,173,90,7,0,76
Paulding,Shelton Elementary,Constitutional Amendment #2,,,No,189,104,11,1,73
Paulding,Russom Elementary,Constitutional Amendment #2,,,No,394,219,26,0,149
Paulding,Paulding Sr Center,Constitutional Amendment #2,,,No,209,118,14,0,77
Paulding,Legacy Bapt Church,Constitutional Amendment #2,,,No,168,108,13,0,47
Paulding,Watson Govt Cmplx,Constitutional Amendment #2,,,No,324,227,7,1,89
Paulding,East Paulding Middle Sch,Constitutional Amendment #2,,,No,447,271,17,0,159
Paulding,Events Place,Constitutional Amendment #2,,,No,147,94,6,0,47
Paulding,Poplar Sprgs Bapt Church,Constitutional Amendment #2,,,No,150,84,9,0,57
Paulding,D Wright Innovation Ctr,Constitutional Amendment #2,,,No,229,166,3,0,60
Paulding,Taylor Farm Park,Constitutional Amendment #2,,,No,87,52,1,1,33
Paulding,Nebo Elem School,Constitutional Amendment #2,,,No,352,217,10,0,125
Paulding,White Oak Park,Constitutional Amendment #2,,,No,187,110,11,1,65
Paulding,Mulberry Rock Park,Constitutional Amendment #2,,,No,277,158,15,1,103
Paulding,Beulahland Baptist Church,Constitutional Amendment #2,,,No,107,63,3,0,41
Paulding,Paulding County Airport,Constitutional Amendment #2,,,No,182,97,4,0,81
Paulding,Dobbins Middle School,Constitutional Amendment #2,,,No,255,174,13,0,68
Paulding,Burnt Hickory Park,Statewide Referendum A,,,Yes,2533,1538,65,0,930
Paulding,Crossroads Library,Statewide Referendum A,,,Yes,1534,869,60,0,605
Paulding,Shelton Elementary,Statewide Referendum A,,,Yes,2114,1123,91,3,897
Paulding,Russom Elementary,Statewide Referendum A,,,Yes,4029,2184,218,1,1626
Paulding,Paulding Sr Center,Statewide Referendum A,,,Yes,2203,1309,72,2,820
Paulding,Legacy Bapt Church,Statewide Referendum A,,,Yes,1404,851,95,1,457
Paulding,Watson Govt Cmplx,Statewide Referendum A,,,Yes,3240,2134,153,3,950
Paulding,East Paulding Middle Sch,Statewide Referendum A,,,Yes,4441,2726,202,3,1510
Paulding,Events Place,Statewide Referendum A,,,Yes,1666,1032,100,3,531
Paulding,Poplar Sprgs Bapt Church,Statewide Referendum A,,,Yes,1504,910,75,3,516
Paulding,D Wright Innovation Ctr,Statewide Referendum A,,,Yes,2243,1476,79,4,684
Paulding,Taylor Farm Park,Statewide Referendum A,,,Yes,952,601,41,1,309
Paulding,Nebo Elem School,Statewide Referendum A,,,Yes,3305,1899,139,2,1265
Paulding,White Oak Park,Statewide Referendum A,,,Yes,1861,1080,85,4,692
Paulding,Mulberry Rock Park,Statewide Referendum A,,,Yes,2368,1308,77,1,982
Paulding,Beulahland Baptist Church,Statewide Referendum A,,,Yes,923,470,33,1,419
Paulding,Paulding County Airport,Statewide Referendum A,,,Yes,1524,751,73,4,696
Paulding,Dobbins Middle School,Statewide Referendum A,,,Yes,2649,1757,122,0,770
Paulding,Burnt Hickory Park,Statewide Referendum A,,,No,1509,938,97,1,473
Paulding,Crossroads Library,Statewide Referendum A,,,No,917,556,59,0,302
Paulding,Shelton Elementary,Statewide Referendum A,,,No,1143,697,76,1,369
Paulding,Russom Elementary,Statewide Referendum A,,,No,2596,1500,284,0,812
Paulding,Paulding Sr Center,Statewide Referendum A,,,No,1252,732,90,0,430
Paulding,Legacy Bapt Church,Statewide Referendum A,,,No,912,575,93,0,244
Paulding,Watson Govt Cmplx,Statewide Referendum A,,,No,1658,1077,171,2,408
Paulding,East Paulding Middle Sch,Statewide Referendum A,,,No,2844,1811,220,1,812
Paulding,Events Place,Statewide Referendum A,,,No,934,593,96,3,242
Paulding,Poplar Sprgs Bapt Church,Statewide Referendum A,,,No,853,555,72,0,226
Paulding,D Wright Innovation Ctr,Statewide Referendum A,,,No,1288,906,82,0,300
Paulding,Taylor Farm Park,Statewide Referendum A,,,No,492,326,34,0,132
Paulding,Nebo Elem School,Statewide Referendum A,,,No,1833,1104,121,0,608
Paulding,White Oak Park,Statewide Referendum A,,,No,1065,632,79,1,353
Paulding,Mulberry Rock Park,Statewide Referendum A,,,No,1255,720,95,1,439
Paulding,Beulahland Baptist Church,Statewide Referendum A,,,No,423,218,29,0,176
Paulding,Paulding County Airport,Statewide Referendum A,,,No,734,371,54,2,307
Paulding,Dobbins Middle School,Statewide Referendum A,,,No,1649,1097,135,0,417
Paulding,Burnt Hickory Park,Statewide Referendum B,,,Yes,3407,2074,107,0,1226
Paulding,Crossroads Library,Statewide Referendum B,,,Yes,1990,1142,87,0,761
Paulding,Shelton Elementary,Statewide Referendum B,,,Yes,2645,1426,129,4,1086
Paulding,Russom Elementary,Statewide Referendum B,,,Yes,5364,2934,348,1,2081
Paulding,Paulding Sr Center,Statewide Referendum B,,,Yes,2814,1661,110,2,1041
Paulding,Legacy Bapt Church,Statewide Referendum B,,,Yes,1863,1142,141,0,580
Paulding,Watson Govt Cmplx,Statewide Referendum B,,,Yes,4010,2614,234,3,1159
Paulding,East Paulding Middle Sch,Statewide Referendum B,,,Yes,5894,3661,293,1,1939
Paulding,Events Place,Statewide Referendum B,,,Yes,2022,1248,127,3,644
Paulding,Poplar Sprgs Bapt Church,Statewide Referendum B,,,Yes,1857,1160,99,3,595
Paulding,D Wright Innovation Ctr,Statewide Referendum B,,,Yes,2873,1907,119,4,843
Paulding,Taylor Farm Park,Statewide Referendum B,,,Yes,1186,755,57,0,374
Paulding,Nebo Elem School,Statewide Referendum B,,,Yes,4281,2485,189,2,1605
Paulding,White Oak Park,Statewide Referendum B,,,Yes,2422,1404,118,4,896
Paulding,Mulberry Rock Park,Statewide Referendum B,,,Yes,3017,1673,122,1,1221
Paulding,Beulahland Baptist Church,Statewide Referendum B,,,Yes,1165,589,47,1,528
Paulding,Paulding County Airport,Statewide Referendum B,,,Yes,1930,957,105,4,864
Paulding,Dobbins Middle School,Statewide Referendum B,,,Yes,3389,2223,181,1,984
Paulding,Burnt Hickory Park,Statewide Referendum B,,,No,662,416,54,1,191
Paulding,Crossroads Library,Statewide Referendum B,,,No,475,288,35,0,152
Paulding,Shelton Elementary,Statewide Referendum B,,,No,646,406,38,0,202
Paulding,Russom Elementary,Statewide Referendum B,,,No,1283,767,155,0,361
Paulding,Paulding Sr Center,Statewide Referendum B,,,No,649,386,51,0,212
Paulding,Legacy Bapt Church,Statewide Referendum B,,,No,463,293,48,1,121
Paulding,Watson Govt Cmplx,Statewide Referendum B,,,No,920,616,90,2,212
Paulding,East Paulding Middle Sch,Statewide Referendum B,,,No,1395,887,126,3,379
Paulding,Events Place,Statewide Referendum B,,,No,581,381,62,4,134
Paulding,Poplar Sprgs Bapt Church,Statewide Referendum B,,,No,508,310,47,0,151
Paulding,D Wright Innovation Ctr,Statewide Referendum B,,,No,676,487,39,0,150
Paulding,Taylor Farm Park,Statewide Referendum B,,,No,261,172,18,2,69
Paulding,Nebo Elem School,Statewide Referendum B,,,No,884,532,75,0,277
Paulding,White Oak Park,Statewide Referendum B,,,No,508,305,42,1,160
Paulding,Mulberry Rock Park,Statewide Referendum B,,,No,620,368,50,1,201
Paulding,Beulahland Baptist Church,Statewide Referendum B,,,No,185,100,14,0,71
Paulding,Paulding County Airport,Statewide Referendum B,,,No,343,176,20,2,145
Paulding,Dobbins Middle School,Statewide Referendum B,,,No,934,645,77,0,212
Paulding,Burnt Hickory Park,Continuation of SPLOST,,,Yes,2481,1513,110,1,857
Paulding,Crossroads Library,Continuation of SPLOST,,,Yes,1573,917,80,0,576
Paulding,Shelton Elementary,Continuation of SPLOST,,,Yes,2125,1179,121,4,821
Paulding,Russom Elementary,Continuation of SPLOST,,,Yes,4297,2393,336,1,1567
Paulding,Paulding Sr Center,Continuation of SPLOST,,,Yes,2067,1249,97,2,719
Paulding,Legacy Bapt Church,Continuation of SPLOST,,,Yes,1421,885,115,1,420
Paulding,Watson Govt Cmplx,Continuation of SPLOST,,,Yes,2997,1950,206,3,838
Paulding,East Paulding Middle Sch,Continuation of SPLOST,,,Yes,4546,2801,287,1,1457
Paulding,Events Place,Continuation of SPLOST,,,Yes,1609,1008,136,3,462
Paulding,Poplar Sprgs Bapt Church,Continuation of SPLOST,,,Yes,1378,862,102,2,412
Paulding,D Wright Innovation Ctr,Continuation of SPLOST,,,Yes,2153,1440,103,4,606
Paulding,Taylor Farm Park,Continuation of SPLOST,,,Yes,856,538,48,0,270
Paulding,Nebo Elem School,Continuation of SPLOST,,,Yes,3007,1779,164,2,1062
Paulding,White Oak Park,Continuation of SPLOST,,,Yes,1728,998,97,4,629
Paulding,Mulberry Rock Park,Continuation of SPLOST,,,Yes,2153,1201,106,1,845
Paulding,Beulahland Baptist Church,Continuation of SPLOST,,,Yes,741,379,26,1,335
Paulding,Paulding County Airport,Continuation of SPLOST,,,Yes,1222,597,90,1,534
Paulding,Dobbins Middle School,Continuation of SPLOST,,,Yes,2617,1753,155,0,709
Paulding,Burnt Hickory Park,Continuation of SPLOST,,,No,1602,991,54,0,557
Paulding,Crossroads Library,Continuation of SPLOST,,,No,893,511,44,0,338
Paulding,Shelton Elementary,Continuation of SPLOST,,,No,1164,656,53,0,455
Paulding,Russom Elementary,Continuation of SPLOST,,,No,2375,1323,173,0,879
Paulding,Paulding Sr Center,Continuation of SPLOST,,,No,1393,806,70,0,517
Paulding,Legacy Bapt Church,Continuation of SPLOST,,,No,915,558,75,0,282
Paulding,Watson Govt Cmplx,Continuation of SPLOST,,,No,1917,1270,123,2,522
Paulding,East Paulding Middle Sch,Continuation of SPLOST,,,No,2780,1774,141,3,862
Paulding,Events Place,Continuation of SPLOST,,,No,986,618,60,3,305
Paulding,Poplar Sprgs Bapt Church,Continuation of SPLOST,,,No,979,608,49,1,321
Paulding,D Wright Innovation Ctr,Continuation of SPLOST,,,No,1377,929,62,0,386
Paulding,Taylor Farm Park,Continuation of SPLOST,,,No,585,388,28,1,168
Paulding,Nebo Elem School,Continuation of SPLOST,,,No,2122,1218,104,0,800
Paulding,White Oak Park,Continuation of SPLOST,,,No,1194,710,62,1,421
Paulding,Mulberry Rock Park,Continuation of SPLOST,,,No,1470,830,69,0,571
Paulding,Beulahland Baptist Church,Continuation of SPLOST,,,No,599,305,34,0,260
Paulding,Paulding County Airport,Continuation of SPLOST,,,No,1028,522,42,5,459
Paulding,Dobbins Middle School,Continuation of SPLOST,,,No,1692,1113,103,1,475
Paulding,Burnt Hickory Park,Homestead Exemptions,,,Yes,3269,1999,141,1,1128
Paulding,Crossroads Library,Homestead Exemptions,,,Yes,1977,1143,105,0,729
Paulding,Shelton Elementary,Homestead Exemptions,,,Yes,2496,1379,147,2,968
Paulding,Russom Elementary,Homestead Exemptions,,,Yes,5243,2957,397,1,1888
Paulding,Paulding Sr Center,Homestead Exemptions,,,Yes,2575,1509,124,1,941
Paulding,Legacy Bapt Church,Homestead Exemptions,,,Yes,1750,1096,136,1,517
Paulding,Watson Govt Cmplx,Homestead Exemptions,,,Yes,3654,2402,239,3,1010
Paulding,East Paulding Middle Sch,Homestead Exemptions,,,Yes,5728,3579,340,4,1805
Paulding,Events Place,Homestead Exemptions,,,Yes,1869,1157,146,3,563
Paulding,Poplar Sprgs Bapt Church,Homestead Exemptions,,,Yes,1720,1062,115,4,539
Paulding,D Wright Innovation Ctr,Homestead Exemptions,,,Yes,2603,1739,125,4,735
Paulding,Taylor Farm Park,Homestead Exemptions,,,Yes,1068,698,52,0,318
Paulding,Nebo Elem School,Homestead Exemptions,,,Yes,3836,2244,196,2,1394
Paulding,White Oak Park,Homestead Exemptions,,,Yes,2234,1301,129,5,799
Paulding,Mulberry Rock Park,Homestead Exemptions,,,Yes,2756,1530,133,1,1092
Paulding,Beulahland Baptist Church,Homestead Exemptions,,,Yes,1022,519,47,1,455
Paulding,Paulding County Airport,Homestead Exemptions,,,Yes,1684,828,100,2,754
Paulding,Dobbins Middle School,Homestead Exemptions,,,Yes,3100,2052,191,1,856
Paulding,Burnt Hickory Park,Homestead Exemptions,,,No,758,470,22,0,266
Paulding,Crossroads Library,Homestead Exemptions,,,No,456,261,17,0,178
Paulding,Shelton Elementary,Homestead Exemptions,,,No,741,425,23,2,291
Paulding,Russom Elementary,Homestead Exemptions,,,No,1377,739,102,0,536
Paulding,Paulding Sr Center,Homestead Exemptions,,,No,860,528,39,1,292
Paulding,Legacy Bapt Church,Homestead Exemptions,,,No,567,338,53,0,176
Paulding,Watson Govt Cmplx,Homestead Exemptions,,,No,1223,802,81,2,338
Paulding,East Paulding Middle Sch,Homestead Exemptions,,,No,1536,953,86,0,497
Paulding,Events Place,Homestead Exemptions,,,No,713,463,45,3,202
Paulding,Poplar Sprgs Bapt Church,Homestead Exemptions,,,No,605,382,31,0,192
Paulding,D Wright Innovation Ctr,Homestead Exemptions,,,No,895,619,34,0,242
Paulding,Taylor Farm Park,Homestead Exemptions,,,No,368,228,24,1,115
Paulding,Nebo Elem School,Homestead Exemptions,,,No,1242,723,66,0,453
Paulding,White Oak Park,Homestead Exemptions,,,No,665,396,31,0,238
Paulding,Mulberry Rock Park,Homestead Exemptions,,,No,848,484,41,0,323
Paulding,Beulahland Baptist Church,Homestead Exemptions,,,No,310,165,13,0,132
Paulding,Paulding County Airport,Homestead Exemptions,,,No,549,283,27,4,235
Paulding,Dobbins Middle School,Homestead Exemptions,,,No,1179,790,70,0,319
Paulding,Burnt Hickory Park,Homestead Exemptions, Operations and Bonds,,Yes,3328,2048,140,1,1139
Paulding,Crossroads Library,Homestead Exemptions, Operations and Bonds,,Yes,2010,1184,105,0,721
Paulding,Shelton Elementary,Homestead Exemptions, Operations and Bonds,,Yes,2652,1470,147,2,1033
Paulding,Russom Elementary,Homestead Exemptions, Operations and Bonds,,Yes,5475,3060,445,1,1969
Paulding,Paulding Sr Center,Homestead Exemptions, Operations and Bonds,,Yes,2775,1657,137,1,980
Paulding,Legacy Bapt Church,Homestead Exemptions, Operations and Bonds,,Yes,1911,1166,166,1,578
Paulding,Watson Govt Cmplx,Homestead Exemptions, Operations and Bonds,,Yes,3989,2604,272,5,1108
Paulding,East Paulding Middle Sch,Homestead Exemptions, Operations and Bonds,,Yes,5908,3670,378,4,1856
Paulding,Events Place,Homestead Exemptions, Operations and Bonds,,Yes,2056,1262,169,5,620
Paulding,Poplar Sprgs Bapt Church,Homestead Exemptions, Operations and Bonds,,Yes,1855,1155,124,3,573
Paulding,D Wright Innovation Ctr,Homestead Exemptions, Operations and Bonds,,Yes,2849,1918,136,3,792
Paulding,Taylor Farm Park,Homestead Exemptions, Operations and Bonds,,Yes,1175,757,69,0,349
Paulding,Nebo Elem School,Homestead Exemptions, Operations and Bonds,,Yes,4164,2439,222,1,1502
Paulding,White Oak Park,Homestead Exemptions, Operations and Bonds,,Yes,2381,1399,134,4,844
Paulding,Mulberry Rock Park,Homestead Exemptions, Operations and Bonds,,Yes,2928,1622,149,1,1156
Paulding,Beulahland Baptist Church,Homestead Exemptions, Operations and Bonds,,Yes,1096,568,48,1,479
Paulding,Paulding County Airport,Homestead Exemptions, Operations and Bonds,,Yes,1786,882,114,4,786
Paulding,Dobbins Middle School,Homestead Exemptions, Operations and Bonds,,Yes,3408,2260,216,1,931
Paulding,Burnt Hickory Park,Homestead Exemptions, Operations and Bonds,,No,725,437,22,0,266
Paulding,Crossroads Library,Homestead Exemptions, Operations and Bonds,,No,444,239,18,0,187
Paulding,Shelton Elementary,Homestead Exemptions, Operations and Bonds,,No,623,358,28,2,235
Paulding,Russom Elementary,Homestead Exemptions, Operations and Bonds,,No,1184,653,67,0,464
Paulding,Paulding Sr Center,Homestead Exemptions, Operations and Bonds,,No,685,400,28,1,256
Paulding,Legacy Bapt Church,Homestead Exemptions, Operations and Bonds,,No,430,275,31,0,124
Paulding,Watson Govt Cmplx,Homestead Exemptions, Operations and Bonds,,No,933,616,56,0,261
Paulding,East Paulding Middle Sch,Homestead Exemptions, Operations and Bonds,,No,1406,893,52,0,461
Paulding,Events Place,Homestead Exemptions, Operations and Bonds,,No,545,372,23,1,149
Paulding,Poplar Sprgs Bapt Church,Homestead Exemptions, Operations and Bonds,,No,493,313,22,0,158
Paulding,D Wright Innovation Ctr,Homestead Exemptions, Operations and Bonds,,No,683,466,28,1,188
Paulding,Taylor Farm Park,Homestead Exemptions, Operations and Bonds,,No,267,168,9,0,90
Paulding,Nebo Elem School,Homestead Exemptions, Operations and Bonds,,No,969,569,44,1,355
Paulding,White Oak Park,Homestead Exemptions, Operations and Bonds,,No,534,304,29,1,200
Paulding,Mulberry Rock Park,Homestead Exemptions, Operations and Bonds,,No,689,403,27,0,259
Paulding,Beulahland Baptist Church,Homestead Exemptions, Operations and Bonds,,No,243,117,13,0,113
Paulding,Paulding County Airport,Homestead Exemptions, Operations and Bonds,,No,452,231,16,2,203
Paulding,Dobbins Middle School,Homestead Exemptions, Operations and Bonds,,No,887,600,45,0,242
Paulding,Burnt Hickory Park,Referendum Licenses for Package Sales of Distilled Spirits,,,Yes,3046,1810,105,1,1130
Paulding,Crossroads Library,Referendum Licenses for Package Sales of Distilled Spirits,,,Yes,1945,1112,92,0,741
Paulding,Shelton Elementary,Referendum Licenses for Package Sales of Distilled Spirits,,,Yes,2544,1387,132,3,1022
Paulding,Russom Elementary,Referendum Licenses for Package Sales of Distilled Spirits,,,Yes,5231,2884,372,1,1974
Paulding,Paulding Sr Center,Referendum Licenses for Package Sales of Distilled Spirits,,,Yes,2592,1506,122,2,962
Paulding,Legacy Bapt Church,Referendum Licenses for Package Sales of Distilled Spirits,,,Yes,1665,999,126,1,539
Paulding,Watson Govt Cmplx,Referendum Licenses for Package Sales of Distilled Spirits,,,Yes,3528,2278,194,3,1053
Paulding,East Paulding Middle Sch,Referendum Licenses for Package Sales of Distilled Spirits,,,Yes,5485,3377,308,4,1796
Paulding,Events Place,Referendum Licenses for Package Sales of Distilled Spirits,,,Yes,1852,1127,123,7,595
Paulding,Poplar Sprgs Bapt Church,Referendum Licenses for Package Sales of Distilled Spirits,,,Yes,1637,1027,89,4,517
Paulding,D Wright Innovation Ctr,Referendum Licenses for Package Sales of Distilled Spirits,,,Yes,2543,1712,102,4,725
Paulding,Taylor Farm Park,Referendum Licenses for Package Sales of Distilled Spirits,,,Yes,997,610,42,1,344
Paulding,Nebo Elem School,Referendum Licenses for Package Sales of Distilled Spirits,,,Yes,3648,2074,176,2,1396
Paulding,White Oak Park,Referendum Licenses for Package Sales of Distilled Spirits,,,Yes,2110,1195,100,4,811
Paulding,Mulberry Rock Park,Referendum Licenses for Package Sales of Distilled Spirits,,,Yes,2398,1286,93,2,1017
Paulding,Beulahland Baptist Church,Referendum Licenses for Package Sales of Distilled Spirits,,,Yes,947,460,35,1,451
Paulding,Paulding County Airport,Referendum Licenses for Package Sales of Distilled Spirits,,,Yes,1561,754,72,5,730
Paulding,Dobbins Middle School,Referendum Licenses for Package Sales of Distilled Spirits,,,Yes,2995,1964,176,1,854
Paulding,Burnt Hickory Park,Referendum Licenses for Package Sales of Distilled Spirits,,,No,1030,685,56,0,289
Paulding,Crossroads Library,Referendum Licenses for Package Sales of Distilled Spirits,,,No,518,316,29,0,173
Paulding,Shelton Elementary,Referendum Licenses for Package Sales of Distilled Spirits,,,No,720,432,43,1,244
Paulding,Russom Elementary,Referendum Licenses for Package Sales of Distilled Spirits,,,No,1429,818,143,0,468
Paulding,Paulding Sr Center,Referendum Licenses for Package Sales of Distilled Spirits,,,No,871,548,41,0,282
Paulding,Legacy Bapt Church,Referendum Licenses for Package Sales of Distilled Spirits,,,No,664,434,67,0,163
Paulding,Watson Govt Cmplx,Referendum Licenses for Package Sales of Distilled Spirits,,,No,1393,944,133,2,314
Paulding,East Paulding Middle Sch,Referendum Licenses for Package Sales of Distilled Spirits,,,No,1835,1182,119,0,534
Paulding,Events Place,Referendum Licenses for Package Sales of Distilled Spirits,,,No,740,508,65,0,167
Paulding,Poplar Sprgs Bapt Church,Referendum Licenses for Package Sales of Distilled Spirits,,,No,710,435,60,0,215
Paulding,D Wright Innovation Ctr,Referendum Licenses for Package Sales of Distilled Spirits,,,No,974,659,59,0,256
Paulding,Taylor Farm Park,Referendum Licenses for Package Sales of Distilled Spirits,,,No,445,315,33,0,97
Paulding,Nebo Elem School,Referendum Licenses for Package Sales of Distilled Spirits,,,No,1473,921,89,0,463
Paulding,White Oak Park,Referendum Licenses for Package Sales of Distilled Spirits,,,No,817,510,59,1,247
Paulding,Mulberry Rock Park,Referendum Licenses for Package Sales of Distilled Spirits,,,No,1222,738,81,0,403
Paulding,Beulahland Baptist Church,Referendum Licenses for Package Sales of Distilled Spirits,,,No,395,226,27,0,142
Paulding,Paulding County Airport,Referendum Licenses for Package Sales of Distilled Spirits,,,No,691,359,60,1,271
Paulding,Dobbins Middle School,Referendum Licenses for Package Sales of Distilled Spirits,,,No,1292,891,84,0,317
Paulding,Paulding Sr Center,City of Dallas Redevelopment Powers Law,,,Yes,0,0,0,0,0
Paulding,Legacy Bapt Church,City of Dallas Redevelopment Powers Law,,,Yes,154,92,13,0,49
Paulding,Watson Govt Cmplx,City of Dallas Redevelopment Powers Law,,,Yes,1613,1012,89,3,509
Paulding,Poplar Sprgs Bapt Church,City of Dallas Redevelopment Powers Law,,,Yes,0,0,0,0,0
Paulding,White Oak Park,City of Dallas Redevelopment Powers Law,,,Yes,264,155,19,0,90
Paulding,Paulding County Airport,City of Dallas Redevelopment Powers Law,,,Yes,0,0,0,0,0
Paulding,Paulding Sr Center,City of Dallas Redevelopment Powers Law,,,No,0,0,0,0,0
Paulding,Legacy Bapt Church,City of Dallas Redevelopment Powers Law,,,No,105,59,12,0,34
Paulding,Watson Govt Cmplx,City of Dallas Redevelopment Powers Law,,,No,1127,718,90,1,318
Paulding,Poplar Sprgs Bapt Church,City of Dallas Redevelopment Powers Law,,,No,1,1,0,0,0
Paulding,White Oak Park,City of Dallas Redevelopment Powers Law,,,No,193,125,5,0,63
Paulding,Paulding County Airport,City of Dallas Redevelopment Powers Law,,,No,0,0,0,0,0
