county,precinct,office,district,party,candidate,votes,advance_voting_votes,absentee_by_mail_votes,provisional_votes,election_day_votes
Banks,Anderson,U.S. Senate,,Rep,Herschel Walker,738,452,15,0,271
Banks,Baldwin,U.S. Senate,,Rep,Herschel Walker,422,239,38,0,145
Banks,Berlin,U.S. Senate,,Rep,Herschel Walker,303,182,6,0,115
Banks,Bushville,U.S. Senate,,Rep,Herschel Walker,428,260,8,0,160
Banks,Columbia,U.S. Senate,,Rep,Herschel Walker,209,127,6,0,76
Banks,Davids,U.S. Senate,,Rep,Herschel Walker,863,489,17,1,356
Banks,Golden Hill,U.S. Senate,,Rep,Herschel Walker,408,256,11,3,138
Banks,Grove River,U.S. Senate,,Rep,Herschel Walker,325,181,15,0,129
Banks,Hollingsworth,U.S. Senate,,Rep,Herschel Walker,349,215,14,0,120
Banks,Homer,U.S. Senate,,Rep,Herschel Walker,738,468,11,0,259
Banks,Poplar Springs,U.S. Senate,,Rep,Herschel Walker,887,564,41,0,282
Banks,Washington,U.S. Senate,,Rep,Herschel Walker,371,246,8,1,116
Banks,Wilmonts,U.S. Senate,,Rep,Herschel Walker,321,208,5,0,108
Banks,Anderson,U.S. Senate,,Dem,Raphael Warnock ,88,52,9,0,27
Banks,Baldwin,U.S. Senate,,Dem,Raphael Warnock ,77,42,11,0,24
Banks,Berlin,U.S. Senate,,Dem,Raphael Warnock ,37,26,0,0,11
Banks,Bushville,U.S. Senate,,Dem,Raphael Warnock ,47,25,3,0,19
Banks,Columbia,U.S. Senate,,Dem,Raphael Warnock ,14,9,2,0,3
Banks,Davids,U.S. Senate,,Dem,Raphael Warnock ,123,69,9,0,45
Banks,Golden Hill,U.S. Senate,,Dem,Raphael Warnock ,58,32,8,0,18
Banks,Grove River,U.S. Senate,,Dem,Raphael Warnock ,15,9,3,0,3
Banks,Hollingsworth,U.S. Senate,,Dem,Raphael Warnock ,46,26,7,0,13
Banks,Homer,U.S. Senate,,Dem,Raphael Warnock ,72,40,10,0,22
Banks,Poplar Springs,U.S. Senate,,Dem,Raphael Warnock ,103,60,9,0,34
Banks,Washington,U.S. Senate,,Dem,Raphael Warnock ,54,33,10,0,11
Banks,Wilmonts,U.S. Senate,,Dem,Raphael Warnock ,38,23,3,0,12
Banks,Anderson,U.S. Senate,,Lib,Chase Oliver,24,11,2,0,11
Banks,Baldwin,U.S. Senate,,Lib,Chase Oliver,15,10,0,0,5
Banks,Berlin,U.S. Senate,,Lib,Chase Oliver,8,6,2,0,0
Banks,Bushville,U.S. Senate,,Lib,Chase Oliver,6,3,0,0,3
Banks,Columbia,U.S. Senate,,Lib,Chase Oliver,1,1,0,0,0
Banks,Davids,U.S. Senate,,Lib,Chase Oliver,25,11,1,0,13
Banks,Golden Hill,U.S. Senate,,Lib,Chase Oliver,6,0,1,0,5
Banks,Grove River,U.S. Senate,,Lib,Chase Oliver,6,3,0,0,3
Banks,Hollingsworth,U.S. Senate,,Lib,Chase Oliver,6,3,1,0,2
Banks,Homer,U.S. Senate,,Lib,Chase Oliver,25,15,1,0,9
Banks,Poplar Springs,U.S. Senate,,Lib,Chase Oliver,25,8,1,0,16
Banks,Washington,U.S. Senate,,Lib,Chase Oliver,7,4,1,0,2
Banks,Wilmonts,U.S. Senate,,Lib,Chase Oliver,5,2,1,0,2
Banks,Anderson,Governor,,Rep,Brian Kemp ,771,470,22,0,279
Banks,Baldwin,Governor,,Rep,Brian Kemp ,443,253,39,0,151
Banks,Berlin,Governor,,Rep,Brian Kemp ,320,196,8,0,116
Banks,Bushville,Governor,,Rep,Brian Kemp ,439,267,9,0,163
Banks,Columbia,Governor,,Rep,Brian Kemp ,214,130,7,0,77
Banks,Davids,Governor,,Rep,Brian Kemp ,907,514,19,1,373
Banks,Golden Hill,Governor,,Rep,Brian Kemp ,419,261,12,3,143
Banks,Grove River,Governor,,Rep,Brian Kemp ,337,188,16,0,133
Banks,Hollingsworth,Governor,,Rep,Brian Kemp ,365,226,16,0,123
Banks,Homer,Governor,,Rep,Brian Kemp ,775,489,18,0,268
Banks,Poplar Springs,Governor,,Rep,Brian Kemp ,932,582,42,0,308
Banks,Washington,Governor,,Rep,Brian Kemp ,393,265,10,1,117
Banks,Wilmonts,Governor,,Rep,Brian Kemp ,336,215,8,0,113
Banks,Anderson,Governor,,Dem,Stacey Abrams,69,41,5,0,23
Banks,Baldwin,Governor,,Dem,Stacey Abrams,65,37,9,0,19
Banks,Berlin,Governor,,Dem,Stacey Abrams,26,17,0,0,9
Banks,Bushville,Governor,,Dem,Stacey Abrams,37,21,2,0,14
Banks,Columbia,Governor,,Dem,Stacey Abrams,9,7,0,0,2
Banks,Davids,Governor,,Dem,Stacey Abrams,95,56,7,0,32
Banks,Golden Hill,Governor,,Dem,Stacey Abrams,51,27,8,0,16
Banks,Grove River,Governor,,Dem,Stacey Abrams,10,6,2,0,2
Banks,Hollingsworth,Governor,,Dem,Stacey Abrams,37,21,6,0,10
Banks,Homer,Governor,,Dem,Stacey Abrams,58,34,4,0,20
Banks,Poplar Springs,Governor,,Dem,Stacey Abrams,81,50,9,0,22
Banks,Washington,Governor,,Dem,Stacey Abrams,41,20,10,0,11
Banks,Wilmonts,Governor,,Dem,Stacey Abrams,28,18,2,0,8
Banks,Anderson,Governor,,Lib,Shane Hazel,14,5,0,0,9
Banks,Baldwin,Governor,,Lib,Shane Hazel,6,2,0,0,4
Banks,Berlin,Governor,,Lib,Shane Hazel,2,2,0,0,0
Banks,Bushville,Governor,,Lib,Shane Hazel,5,1,0,0,4
Banks,Columbia,Governor,,Lib,Shane Hazel,0,0,0,0,0
Banks,Davids,Governor,,Lib,Shane Hazel,14,4,0,0,10
Banks,Golden Hill,Governor,,Lib,Shane Hazel,4,1,0,0,3
Banks,Grove River,Governor,,Lib,Shane Hazel,3,2,1,0,0
Banks,Hollingsworth,Governor,,Lib,Shane Hazel,2,0,0,0,2
Banks,Homer,Governor,,Lib,Shane Hazel,7,2,0,0,5
Banks,Poplar Springs,Governor,,Lib,Shane Hazel,6,2,0,0,4
Banks,Washington,Governor,,Lib,Shane Hazel,2,1,0,0,1
Banks,Wilmonts,Governor,,Lib,Shane Hazel,3,1,0,0,2
Banks,Anderson,Lieutenant Governor,,Rep,Burt Jones,760,467,18,0,275
Banks,Baldwin,Lieutenant Governor,,Rep,Burt Jones,430,249,38,0,143
Banks,Berlin,Lieutenant Governor,,Rep,Burt Jones,316,194,6,0,116
Banks,Bushville,Lieutenant Governor,,Rep,Burt Jones,430,265,9,0,156
Banks,Columbia,Lieutenant Governor,,Rep,Burt Jones,210,128,6,0,76
Banks,Davids,Lieutenant Governor,,Rep,Burt Jones,884,497,18,1,368
Banks,Golden Hill,Lieutenant Governor,,Rep,Burt Jones,412,255,12,3,142
Banks,Grove River,Lieutenant Governor,,Rep,Burt Jones,331,187,14,0,130
Banks,Hollingsworth,Lieutenant Governor,,Rep,Burt Jones,350,217,15,0,118
Banks,Homer,Lieutenant Governor,,Rep,Burt Jones,752,472,16,0,264
Banks,Poplar Springs,Lieutenant Governor,,Rep,Burt Jones,906,570,41,0,295
Banks,Washington,Lieutenant Governor,,Rep,Burt Jones,382,255,10,1,116
Banks,Wilmonts,Lieutenant Governor,,Rep,Burt Jones,331,212,8,0,111
Banks,Anderson,Lieutenant Governor,,Dem,Charlie Bailey,78,46,9,0,23
Banks,Baldwin,Lieutenant Governor,,Dem,Charlie Bailey,69,36,10,0,23
Banks,Berlin,Lieutenant Governor,,Dem,Charlie Bailey,31,19,2,0,10
Banks,Bushville,Lieutenant Governor,,Dem,Charlie Bailey,41,22,2,0,17
Banks,Columbia,Lieutenant Governor,,Dem,Charlie Bailey,13,9,2,0,2
Banks,Davids,Lieutenant Governor,,Dem,Charlie Bailey,106,61,8,0,37
Banks,Golden Hill,Lieutenant Governor,,Dem,Charlie Bailey,53,29,8,0,16
Banks,Grove River,Lieutenant Governor,,Dem,Charlie Bailey,12,6,4,0,2
Banks,Hollingsworth,Lieutenant Governor,,Dem,Charlie Bailey,41,22,6,0,13
Banks,Homer,Lieutenant Governor,,Dem,Charlie Bailey,66,39,5,0,22
Banks,Poplar Springs,Lieutenant Governor,,Dem,Charlie Bailey,88,52,9,0,27
Banks,Washington,Lieutenant Governor,,Dem,Charlie Bailey,49,28,10,0,11
Banks,Wilmonts,Lieutenant Governor,,Dem,Charlie Bailey,32,19,2,0,11
Banks,Anderson,Lieutenant Governor,,Lib,Ryan Graham,15,4,0,0,11
Banks,Baldwin,Lieutenant Governor,,Lib,Ryan Graham,8,2,0,0,6
Banks,Berlin,Lieutenant Governor,,Lib,Ryan Graham,2,2,0,0,0
Banks,Bushville,Lieutenant Governor,,Lib,Ryan Graham,8,1,0,0,7
Banks,Columbia,Lieutenant Governor,,Lib,Ryan Graham,0,0,0,0,0
Banks,Davids,Lieutenant Governor,,Lib,Ryan Graham,25,12,1,0,12
Banks,Golden Hill,Lieutenant Governor,,Lib,Ryan Graham,6,3,0,0,3
Banks,Grove River,Lieutenant Governor,,Lib,Ryan Graham,4,2,0,0,2
Banks,Hollingsworth,Lieutenant Governor,,Lib,Ryan Graham,9,5,1,0,3
Banks,Homer,Lieutenant Governor,,Lib,Ryan Graham,16,10,1,0,5
Banks,Poplar Springs,Lieutenant Governor,,Lib,Ryan Graham,22,9,1,0,12
Banks,Washington,Lieutenant Governor,,Lib,Ryan Graham,3,1,0,0,2
Banks,Wilmonts,Lieutenant Governor,,Lib,Ryan Graham,2,1,0,0,1
Banks,Anderson,Secretary of State,,Rep,Brad Raffensperger ,729,445,20,0,264
Banks,Baldwin,Secretary of State,,Rep,Brad Raffensperger ,418,242,38,0,138
Banks,Berlin,Secretary of State,,Rep,Brad Raffensperger ,303,184,8,0,111
Banks,Bushville,Secretary of State,,Rep,Brad Raffensperger ,414,252,9,0,153
Banks,Columbia,Secretary of State,,Rep,Brad Raffensperger ,201,119,7,0,75
Banks,Davids,Secretary of State,,Rep,Brad Raffensperger ,845,478,19,1,347
Banks,Golden Hill,Secretary of State,,Rep,Brad Raffensperger ,400,250,12,3,135
Banks,Grove River,Secretary of State,,Rep,Brad Raffensperger ,320,180,15,0,125
Banks,Hollingsworth,Secretary of State,,Rep,Brad Raffensperger ,345,210,17,0,118
Banks,Homer,Secretary of State,,Rep,Brad Raffensperger ,742,467,18,0,257
Banks,Poplar Springs,Secretary of State,,Rep,Brad Raffensperger ,882,552,41,0,289
Banks,Washington,Secretary of State,,Rep,Brad Raffensperger ,385,261,10,1,113
Banks,Wilmonts,Secretary of State,,Rep,Brad Raffensperger ,320,206,7,0,107
Banks,Anderson,Secretary of State,,Dem,Bee Nguyen,72,44,6,0,22
Banks,Baldwin,Secretary of State,,Dem,Bee Nguyen,66,37,8,0,21
Banks,Berlin,Secretary of State,,Dem,Bee Nguyen,31,21,0,0,10
Banks,Bushville,Secretary of State,,Dem,Bee Nguyen,39,21,2,0,16
Banks,Columbia,Secretary of State,,Dem,Bee Nguyen,11,8,1,0,2
Banks,Davids,Secretary of State,,Dem,Bee Nguyen,100,61,6,0,33
Banks,Golden Hill,Secretary of State,,Dem,Bee Nguyen,49,26,8,0,15
Banks,Grove River,Secretary of State,,Dem,Bee Nguyen,11,3,4,0,4
Banks,Hollingsworth,Secretary of State,,Dem,Bee Nguyen,38,23,5,0,10
Banks,Homer,Secretary of State,,Dem,Bee Nguyen,55,34,3,0,18
Banks,Poplar Springs,Secretary of State,,Dem,Bee Nguyen,78,46,9,0,23
Banks,Washington,Secretary of State,,Dem,Bee Nguyen,39,19,9,0,11
Banks,Wilmonts,Secretary of State,,Dem,Bee Nguyen,32,20,2,0,10
Banks,Anderson,Secretary of State,,Lib,Ted Metz,43,20,1,0,22
Banks,Baldwin,Secretary of State,,Lib,Ted Metz,23,8,2,0,13
Banks,Berlin,Secretary of State,,Lib,Ted Metz,12,9,0,0,3
Banks,Bushville,Secretary of State,,Lib,Ted Metz,24,13,0,0,11
Banks,Columbia,Secretary of State,,Lib,Ted Metz,7,6,0,0,1
Banks,Davids,Secretary of State,,Lib,Ted Metz,56,25,0,0,31
Banks,Golden Hill,Secretary of State,,Lib,Ted Metz,21,11,0,0,10
Banks,Grove River,Secretary of State,,Lib,Ted Metz,13,9,0,0,4
Banks,Hollingsworth,Secretary of State,,Lib,Ted Metz,15,9,0,0,6
Banks,Homer,Secretary of State,,Lib,Ted Metz,34,16,1,0,17
Banks,Poplar Springs,Secretary of State,,Lib,Ted Metz,52,33,0,0,19
Banks,Washington,Secretary of State,,Lib,Ted Metz,8,4,1,0,3
Banks,Wilmonts,Secretary of State,,Lib,Ted Metz,9,4,1,0,4
Banks,Anderson,Attorney General,,Rep,Chris Carr ,758,464,21,0,273
Banks,Baldwin,Attorney General,,Rep,Chris Carr ,425,243,38,0,144
Banks,Berlin,Attorney General,,Rep,Chris Carr ,313,192,8,0,113
Banks,Bushville,Attorney General,,Rep,Chris Carr ,428,262,9,0,157
Banks,Columbia,Attorney General,,Rep,Chris Carr ,209,128,6,0,75
Banks,Davids,Attorney General,,Rep,Chris Carr ,886,499,18,1,368
Banks,Golden Hill,Attorney General,,Rep,Chris Carr ,405,252,12,3,138
Banks,Grove River,Attorney General,,Rep,Chris Carr ,331,187,16,0,128
Banks,Hollingsworth,Attorney General,,Rep,Chris Carr ,348,214,15,0,119
Banks,Homer,Attorney General,,Rep,Chris Carr ,754,473,17,0,264
Banks,Poplar Springs,Attorney General,,Rep,Chris Carr ,903,568,40,0,295
Banks,Washington,Attorney General,,Rep,Chris Carr ,387,259,10,1,117
Banks,Wilmonts,Attorney General,,Rep,Chris Carr ,326,211,7,0,108
Banks,Anderson,Attorney General,,Dem,"Jennifer """"Jen"""" Jordan",78,49,6,0,23
Banks,Baldwin,Attorney General,,Dem,"Jennifer """"Jen"""" Jordan",71,39,9,0,23
Banks,Berlin,Attorney General,,Dem,"Jennifer """"Jen"""" Jordan",28,17,0,0,11
Banks,Bushville,Attorney General,,Dem,"Jennifer """"Jen"""" Jordan",43,23,2,0,18
Banks,Columbia,Attorney General,,Dem,"Jennifer """"Jen"""" Jordan",14,9,2,0,3
Banks,Davids,Attorney General,,Dem,"Jennifer """"Jen"""" Jordan",104,63,8,0,33
Banks,Golden Hill,Attorney General,,Dem,"Jennifer """"Jen"""" Jordan",48,27,8,0,13
Banks,Grove River,Attorney General,,Dem,"Jennifer """"Jen"""" Jordan",12,5,3,0,4
Banks,Hollingsworth,Attorney General,,Dem,"Jennifer """"Jen"""" Jordan",41,23,7,0,11
Banks,Homer,Attorney General,,Dem,"Jennifer """"Jen"""" Jordan",71,44,5,0,22
Banks,Poplar Springs,Attorney General,,Dem,"Jennifer """"Jen"""" Jordan",93,56,9,0,28
Banks,Washington,Attorney General,,Dem,"Jennifer """"Jen"""" Jordan",45,25,10,0,10
Banks,Wilmonts,Attorney General,,Dem,"Jennifer """"Jen"""" Jordan",35,20,2,0,13
Banks,Anderson,Attorney General,,Lib,Martin Cowen,13,2,0,0,11
Banks,Baldwin,Attorney General,,Lib,Martin Cowen,11,5,1,0,5
Banks,Berlin,Attorney General,,Lib,Martin Cowen,7,6,0,0,1
Banks,Bushville,Attorney General,,Lib,Martin Cowen,8,3,0,0,5
Banks,Columbia,Attorney General,,Lib,Martin Cowen,0,0,0,0,0
Banks,Davids,Attorney General,,Lib,Martin Cowen,21,6,0,0,15
Banks,Golden Hill,Attorney General,,Lib,Martin Cowen,17,9,0,0,8
Banks,Grove River,Attorney General,,Lib,Martin Cowen,5,3,0,0,2
Banks,Hollingsworth,Attorney General,,Lib,Martin Cowen,9,5,0,0,4
Banks,Homer,Attorney General,,Lib,Martin Cowen,13,7,0,0,6
Banks,Poplar Springs,Attorney General,,Lib,Martin Cowen,17,7,1,0,9
Banks,Washington,Attorney General,,Lib,Martin Cowen,1,0,0,0,1
Banks,Wilmonts,Attorney General,,Lib,Martin Cowen,4,2,1,0,1
Banks,Anderson,Commissioner of Agriculture,,Rep,Tyler Harper,768,471,20,0,277
Banks,Baldwin,Commissioner of Agriculture,,Rep,Tyler Harper,440,253,41,0,146
Banks,Berlin,Commissioner of Agriculture,,Rep,Tyler Harper,317,198,8,0,111
Banks,Bushville,Commissioner of Agriculture,,Rep,Tyler Harper,429,259,10,0,160
Banks,Columbia,Commissioner of Agriculture,,Rep,Tyler Harper,213,131,6,0,76
Banks,Davids,Commissioner of Agriculture,,Rep,Tyler Harper,900,506,20,1,373
Banks,Golden Hill,Commissioner of Agriculture,,Rep,Tyler Harper,403,252,10,3,138
Banks,Grove River,Commissioner of Agriculture,,Rep,Tyler Harper,338,190,17,0,131
Banks,Hollingsworth,Commissioner of Agriculture,,Rep,Tyler Harper,362,220,19,0,123
Banks,Homer,Commissioner of Agriculture,,Rep,Tyler Harper,761,481,17,0,263
Banks,Poplar Springs,Commissioner of Agriculture,,Rep,Tyler Harper,914,576,40,0,298
Banks,Washington,Commissioner of Agriculture,,Rep,Tyler Harper,393,264,10,1,118
Banks,Wilmonts,Commissioner of Agriculture,,Rep,Tyler Harper,337,216,7,0,114
Banks,Anderson,Commissioner of Agriculture,,Dem,Nakita Hemingway,64,39,6,0,19
Banks,Baldwin,Commissioner of Agriculture,,Dem,Nakita Hemingway,58,32,7,0,19
Banks,Berlin,Commissioner of Agriculture,,Dem,Nakita Hemingway,21,12,0,0,9
Banks,Bushville,Commissioner of Agriculture,,Dem,Nakita Hemingway,36,22,1,0,13
Banks,Columbia,Commissioner of Agriculture,,Dem,Nakita Hemingway,9,6,2,0,1
Banks,Davids,Commissioner of Agriculture,,Dem,Nakita Hemingway,90,54,7,0,29
Banks,Golden Hill,Commissioner of Agriculture,,Dem,Nakita Hemingway,44,25,7,0,12
Banks,Grove River,Commissioner of Agriculture,,Dem,Nakita Hemingway,7,3,2,0,2
Banks,Hollingsworth,Commissioner of Agriculture,,Dem,Nakita Hemingway,32,20,3,0,9
Banks,Homer,Commissioner of Agriculture,,Dem,Nakita Hemingway,59,34,5,0,20
Banks,Poplar Springs,Commissioner of Agriculture,,Dem,Nakita Hemingway,75,43,8,0,24
Banks,Washington,Commissioner of Agriculture,,Dem,Nakita Hemingway,38,18,10,0,10
Banks,Wilmonts,Commissioner of Agriculture,,Dem,Nakita Hemingway,26,17,2,0,7
Banks,Anderson,Commissioner of Agriculture,,Lib,David Raudabaugh,17,4,0,0,13
Banks,Baldwin,Commissioner of Agriculture,,Lib,David Raudabaugh,11,4,0,0,7
Banks,Berlin,Commissioner of Agriculture,,Lib,David Raudabaugh,9,5,0,0,4
Banks,Bushville,Commissioner of Agriculture,,Lib,David Raudabaugh,13,7,0,0,6
Banks,Columbia,Commissioner of Agriculture,,Lib,David Raudabaugh,1,0,0,0,1
Banks,Davids,Commissioner of Agriculture,,Lib,David Raudabaugh,22,9,0,0,13
Banks,Golden Hill,Commissioner of Agriculture,,Lib,David Raudabaugh,22,10,3,0,9
Banks,Grove River,Commissioner of Agriculture,,Lib,David Raudabaugh,4,3,0,0,1
Banks,Hollingsworth,Commissioner of Agriculture,,Lib,David Raudabaugh,5,2,0,0,3
Banks,Homer,Commissioner of Agriculture,,Lib,David Raudabaugh,15,6,0,0,9
Banks,Poplar Springs,Commissioner of Agriculture,,Lib,David Raudabaugh,26,12,3,0,11
Banks,Washington,Commissioner of Agriculture,,Lib,David Raudabaugh,2,2,0,0,0
Banks,Wilmonts,Commissioner of Agriculture,,Lib,David Raudabaugh,4,1,1,0,2
Banks,Anderson,Commissioner of Insurance,,Rep,John King ,776,470,19,0,287
Banks,Baldwin,Commissioner of Insurance,,Rep,John King ,437,251,37,0,149
Banks,Berlin,Commissioner of Insurance,,Rep,John King ,319,197,8,0,114
Banks,Bushville,Commissioner of Insurance,,Rep,John King ,439,265,9,0,165
Banks,Columbia,Commissioner of Insurance,,Rep,John King ,210,129,6,0,75
Banks,Davids,Commissioner of Insurance,,Rep,John King ,899,505,19,1,374
Banks,Golden Hill,Commissioner of Insurance,,Rep,John King ,418,260,12,3,143
Banks,Grove River,Commissioner of Insurance,,Rep,John King ,335,188,16,0,131
Banks,Hollingsworth,Commissioner of Insurance,,Rep,John King ,362,222,17,0,123
Banks,Homer,Commissioner of Insurance,,Rep,John King ,776,487,16,0,273
Banks,Poplar Springs,Commissioner of Insurance,,Rep,John King ,917,575,41,0,301
Banks,Washington,Commissioner of Insurance,,Rep,John King ,389,260,10,1,118
Banks,Wilmonts,Commissioner of Insurance,,Rep,John King ,335,214,8,0,113
Banks,Anderson,Commissioner of Insurance,,Dem,Janice Laws Robinson,70,43,6,0,21
Banks,Baldwin,Commissioner of Insurance,,Dem,Janice Laws Robinson,70,37,11,0,22
Banks,Berlin,Commissioner of Insurance,,Dem,Janice Laws Robinson,28,17,0,0,11
Banks,Bushville,Commissioner of Insurance,,Dem,Janice Laws Robinson,40,23,2,0,15
Banks,Columbia,Commissioner of Insurance,,Dem,Janice Laws Robinson,12,7,2,0,3
Banks,Davids,Commissioner of Insurance,,Dem,Janice Laws Robinson,109,62,7,0,40
Banks,Golden Hill,Commissioner of Insurance,,Dem,Janice Laws Robinson,51,28,8,0,15
Banks,Grove River,Commissioner of Insurance,,Dem,Janice Laws Robinson,13,7,3,0,3
Banks,Hollingsworth,Commissioner of Insurance,,Dem,Janice Laws Robinson,38,21,5,0,12
Banks,Homer,Commissioner of Insurance,,Dem,Janice Laws Robinson,61,36,5,0,20
Banks,Poplar Springs,Commissioner of Insurance,,Dem,Janice Laws Robinson,94,56,8,0,30
Banks,Washington,Commissioner of Insurance,,Dem,Janice Laws Robinson,42,22,10,0,10
Banks,Wilmonts,Commissioner of Insurance,,Dem,Janice Laws Robinson,29,18,2,0,9
Banks,Anderson,State School Superintendent,,Rep,Richard Woods ,777,469,20,0,288
Banks,Baldwin,State School Superintendent,,Rep,Richard Woods ,439,251,39,0,149
Banks,Berlin,State School Superintendent,,Rep,Richard Woods ,318,196,8,0,114
Banks,Bushville,State School Superintendent,,Rep,Richard Woods ,438,265,9,0,164
Banks,Columbia,State School Superintendent,,Rep,Richard Woods ,210,128,6,0,76
Banks,Davids,State School Superintendent,,Rep,Richard Woods ,907,509,19,1,378
Banks,Golden Hill,State School Superintendent,,Rep,Richard Woods ,413,257,12,3,141
Banks,Grove River,State School Superintendent,,Rep,Richard Woods ,336,187,17,0,132
Banks,Hollingsworth,State School Superintendent,,Rep,Richard Woods ,361,221,17,0,123
Banks,Homer,State School Superintendent,,Rep,Richard Woods ,774,485,17,0,272
Banks,Poplar Springs,State School Superintendent,,Rep,Richard Woods ,925,576,42,0,307
Banks,Washington,State School Superintendent,,Rep,Richard Woods ,390,262,9,1,118
Banks,Wilmonts,State School Superintendent,,Rep,Richard Woods ,329,211,8,0,110
Banks,Anderson,State School Superintendent,,Dem,Alisha Thomas Searcy,67,42,6,0,19
Banks,Baldwin,State School Superintendent,,Dem,Alisha Thomas Searcy,69,37,9,0,23
Banks,Berlin,State School Superintendent,,Dem,Alisha Thomas Searcy,31,19,0,0,12
Banks,Bushville,State School Superintendent,,Dem,Alisha Thomas Searcy,39,22,2,0,15
Banks,Columbia,State School Superintendent,,Dem,Alisha Thomas Searcy,12,8,2,0,2
Banks,Davids,State School Superintendent,,Dem,Alisha Thomas Searcy,102,58,6,0,38
Banks,Golden Hill,State School Superintendent,,Dem,Alisha Thomas Searcy,55,29,8,0,18
Banks,Grove River,State School Superintendent,,Dem,Alisha Thomas Searcy,11,7,2,0,2
Banks,Hollingsworth,State School Superintendent,,Dem,Alisha Thomas Searcy,38,21,5,0,12
Banks,Homer,State School Superintendent,,Dem,Alisha Thomas Searcy,63,37,5,0,21
Banks,Poplar Springs,State School Superintendent,,Dem,Alisha Thomas Searcy,87,52,9,0,26
Banks,Washington,State School Superintendent,,Dem,Alisha Thomas Searcy,43,22,11,0,10
Banks,Wilmonts,State School Superintendent,,Dem,Alisha Thomas Searcy,33,21,2,0,10
Banks,Anderson,Commissioner of Labor,,Rep,Bruce Thompson,766,470,19,0,277
Banks,Baldwin,Commissioner of Labor,,Rep,Bruce Thompson,428,247,37,0,144
Banks,Berlin,Commissioner of Labor,,Rep,Bruce Thompson,315,191,8,0,116
Banks,Bushville,Commissioner of Labor,,Rep,Bruce Thompson,427,261,9,0,157
Banks,Columbia,Commissioner of Labor,,Rep,Bruce Thompson,213,131,6,0,76
Banks,Davids,Commissioner of Labor,,Rep,Bruce Thompson,884,500,19,1,364
Banks,Golden Hill,Commissioner of Labor,,Rep,Bruce Thompson,409,255,11,3,140
Banks,Grove River,Commissioner of Labor,,Rep,Bruce Thompson,333,187,16,0,130
Banks,Hollingsworth,Commissioner of Labor,,Rep,Bruce Thompson,363,223,16,0,124
Banks,Homer,Commissioner of Labor,,Rep,Bruce Thompson,757,477,16,0,264
Banks,Poplar Springs,Commissioner of Labor,,Rep,Bruce Thompson,912,572,39,0,301
Banks,Washington,Commissioner of Labor,,Rep,Bruce Thompson,384,256,10,1,117
Banks,Wilmonts,Commissioner of Labor,,Rep,Bruce Thompson,330,212,7,0,111
Banks,Anderson,Commissioner of Labor,,Dem,"William """"Will"""" Boddie, Jr",68,41,6,0,21
Banks,Baldwin,Commissioner of Labor,,Dem,"William """"Will"""" Boddie, Jr",67,36,9,0,22
Banks,Berlin,Commissioner of Labor,,Dem,"William """"Will"""" Boddie, Jr",25,16,0,0,9
Banks,Bushville,Commissioner of Labor,,Dem,"William """"Will"""" Boddie, Jr",39,21,2,0,16
Banks,Columbia,Commissioner of Labor,,Dem,"William """"Will"""" Boddie, Jr",9,6,2,0,1
Banks,Davids,Commissioner of Labor,,Dem,"William """"Will"""" Boddie, Jr",103,60,7,0,36
Banks,Golden Hill,Commissioner of Labor,,Dem,"William """"Will"""" Boddie, Jr",50,30,8,0,12
Banks,Grove River,Commissioner of Labor,,Dem,"William """"Will"""" Boddie, Jr",10,6,2,0,2
Banks,Hollingsworth,Commissioner of Labor,,Dem,"William """"Will"""" Boddie, Jr",35,21,6,0,8
Banks,Homer,Commissioner of Labor,,Dem,"William """"Will"""" Boddie, Jr",62,36,5,0,21
Banks,Poplar Springs,Commissioner of Labor,,Dem,"William """"Will"""" Boddie, Jr",77,45,8,0,24
Banks,Washington,Commissioner of Labor,,Dem,"William """"Will"""" Boddie, Jr",40,22,9,0,9
Banks,Wilmonts,Commissioner of Labor,,Dem,"William """"Will"""" Boddie, Jr",29,21,2,0,6
Banks,Anderson,Commissioner of Labor,,Lib,Emily Anderson,17,5,0,0,12
Banks,Baldwin,Commissioner of Labor,,Lib,Emily Anderson,12,5,1,0,6
Banks,Berlin,Commissioner of Labor,,Lib,Emily Anderson,7,6,0,0,1
Banks,Bushville,Commissioner of Labor,,Lib,Emily Anderson,9,4,0,0,5
Banks,Columbia,Commissioner of Labor,,Lib,Emily Anderson,1,0,0,0,1
Banks,Davids,Commissioner of Labor,,Lib,Emily Anderson,25,9,0,0,16
Banks,Golden Hill,Commissioner of Labor,,Lib,Emily Anderson,12,4,1,0,7
Banks,Grove River,Commissioner of Labor,,Lib,Emily Anderson,5,2,1,0,2
Banks,Hollingsworth,Commissioner of Labor,,Lib,Emily Anderson,3,0,0,0,3
Banks,Homer,Commissioner of Labor,,Lib,Emily Anderson,17,9,1,0,7
Banks,Poplar Springs,Commissioner of Labor,,Lib,Emily Anderson,24,13,4,0,7
Banks,Washington,Commissioner of Labor,,Lib,Emily Anderson,6,3,1,0,2
Banks,Wilmonts,Commissioner of Labor,,Lib,Emily Anderson,7,1,1,0,5
Banks,Anderson,U.S. House,,Rep,Andrew Clyde ,770,465,19,0,286
Banks,Baldwin,U.S. House,,Rep,Andrew Clyde ,434,247,38,0,149
Banks,Berlin,U.S. House,,Rep,Andrew Clyde ,317,193,8,0,116
Banks,Bushville,U.S. House,,Rep,Andrew Clyde ,434,266,9,0,159
Banks,Columbia,U.S. House,,Rep,Andrew Clyde ,211,129,6,0,76
Banks,Davids,U.S. House,,Rep,Andrew Clyde ,896,504,19,1,372
Banks,Golden Hill,U.S. House,,Rep,Andrew Clyde ,412,257,12,2,141
Banks,Grove River,U.S. House,,Rep,Andrew Clyde ,335,188,16,0,131
Banks,Hollingsworth,U.S. House,,Rep,Andrew Clyde ,361,220,15,0,126
Banks,Homer,U.S. House,,Rep,Andrew Clyde ,766,482,17,0,267
Banks,Poplar Springs,U.S. House,,Rep,Andrew Clyde ,920,579,42,0,299
Banks,Washington,U.S. House,,Rep,Andrew Clyde ,386,256,10,1,119
Banks,Wilmonts,U.S. House,,Rep,Andrew Clyde ,335,214,8,0,113
Banks,Anderson,U.S. House,,Dem,"Michael """"Mike"""" Ford",81,50,8,0,23
Banks,Baldwin,U.S. House,,Dem,"Michael """"Mike"""" Ford",75,41,11,0,23
Banks,Berlin,U.S. House,,Dem,"Michael """"Mike"""" Ford",31,21,0,0,10
Banks,Bushville,U.S. House,,Dem,"Michael """"Mike"""" Ford",42,21,2,0,19
Banks,Columbia,U.S. House,,Dem,"Michael """"Mike"""" Ford",12,8,2,0,2
Banks,Davids,U.S. House,,Dem,"Michael """"Mike"""" Ford",114,66,8,0,40
Banks,Golden Hill,U.S. House,,Dem,"Michael """"Mike"""" Ford",58,31,8,1,18
Banks,Grove River,U.S. House,,Dem,"Michael """"Mike"""" Ford",12,7,2,0,3
Banks,Hollingsworth,U.S. House,,Dem,"Michael """"Mike"""" Ford",39,23,7,0,9
Banks,Homer,U.S. House,,Dem,"Michael """"Mike"""" Ford",70,41,5,0,24
Banks,Poplar Springs,U.S. House,,Dem,"Michael """"Mike"""" Ford",91,52,9,0,30
Banks,Washington,U.S. House,,Dem,"Michael """"Mike"""" Ford",44,24,10,0,10
Banks,Wilmonts,U.S. House,,Dem,"Michael """"Mike"""" Ford",29,19,2,0,8
Banks,Anderson,State Senate,,Rep,Bo Hatchett ,778,467,22,0,289
Banks,Baldwin,State Senate,,Rep,Bo Hatchett ,441,253,38,0,150
Banks,Berlin,State Senate,,Rep,Bo Hatchett ,322,198,8,0,116
Banks,Bushville,State Senate,,Rep,Bo Hatchett ,433,264,9,0,160
Banks,Columbia,State Senate,,Rep,Bo Hatchett ,208,128,5,0,75
Banks,Davids,State Senate,,Rep,Bo Hatchett ,908,507,20,1,380
Banks,Golden Hill,State Senate,,Rep,Bo Hatchett ,417,258,12,3,144
Banks,Grove River,State Senate,,Rep,Bo Hatchett ,336,189,16,0,131
Banks,Hollingsworth,State Senate,,Rep,Bo Hatchett ,365,222,16,0,127
Banks,Homer,State Senate,,Rep,Bo Hatchett ,769,482,16,0,271
Banks,Poplar Springs,State Senate,,Rep,Bo Hatchett ,924,581,42,0,301
Banks,Washington,State Senate,,Rep,Bo Hatchett ,391,262,10,1,118
Banks,Wilmonts,State Senate,,Rep,Bo Hatchett ,335,213,8,0,114
Banks,Anderson,State Senate,,Dem,Paulette Williams,72,47,5,0,20
Banks,Baldwin,State Senate,,Dem,Paulette Williams,68,36,10,0,22
Banks,Berlin,State Senate,,Dem,Paulette Williams,28,18,0,0,10
Banks,Bushville,State Senate,,Dem,Paulette Williams,44,24,2,0,18
Banks,Columbia,State Senate,,Dem,Paulette Williams,13,8,2,0,3
Banks,Davids,State Senate,,Dem,Paulette Williams,104,64,6,0,34
Banks,Golden Hill,State Senate,,Dem,Paulette Williams,54,31,8,0,15
Banks,Grove River,State Senate,,Dem,Paulette Williams,10,6,2,0,2
Banks,Hollingsworth,State Senate,,Dem,Paulette Williams,36,22,6,0,8
Banks,Homer,State Senate,,Dem,Paulette Williams,66,40,5,0,21
Banks,Poplar Springs,State Senate,,Dem,Paulette Williams,87,49,9,0,29
Banks,Washington,State Senate,,Dem,Paulette Williams,42,22,10,0,10
Banks,Wilmonts,State Senate,,Dem,Paulette Williams,30,19,2,0,9
Banks,Anderson,State House,,Rep,Chris Erwin ,813,489,23,0,301
Banks,Baldwin,State House,,Rep,Chris Erwin ,473,262,44,0,167
Banks,Berlin,State House,,Rep,Chris Erwin ,328,203,8,0,117
Banks,Bushville,State House,,Rep,Chris Erwin ,462,277,10,0,175
Banks,Columbia,State House,,Rep,Chris Erwin ,214,132,7,0,75
Banks,Davids,State House,,Rep,Chris Erwin ,958,540,22,1,395
Banks,Golden Hill,State House,,Rep,Chris Erwin ,442,271,17,3,151
Banks,Grove River,State House,,Rep,Chris Erwin ,340,189,18,0,133
Banks,Hollingsworth,State House,,Rep,Chris Erwin ,373,224,17,0,132
Banks,Homer,State House,,Rep,Chris Erwin ,796,496,21,0,279
Banks,Poplar Springs,State House,,Rep,Chris Erwin ,945,589,41,0,315
Banks,Washington,State House,,Rep,Chris Erwin ,407,270,12,1,124
Banks,Wilmonts,State House,,Rep,Chris Erwin ,340,215,10,0,115
Banks,Anderson,County Commission,,Rep,Danny Maxwell ,800,482,21,0,297
Banks,Baldwin,County Commission,,Rep,Danny Maxwell ,471,261,41,0,169
Banks,Berlin,County Commission,,Rep,Danny Maxwell ,323,201,8,0,114
Banks,Bushville,County Commission,,Rep,Danny Maxwell ,455,269,10,0,176
Banks,Columbia,County Commission,,Rep,Danny Maxwell ,215,130,7,0,78
Banks,Davids,County Commission,,Rep,Danny Maxwell ,935,522,22,1,390
Banks,Golden Hill,County Commission,,Rep,Danny Maxwell ,439,271,15,3,150
Banks,Grove River,County Commission,,Rep,Danny Maxwell ,336,187,18,0,131
Banks,Hollingsworth,County Commission,,Rep,Danny Maxwell ,364,220,16,0,128
Banks,Homer,County Commission,,Rep,Danny Maxwell ,772,484,22,0,266
Banks,Poplar Springs,County Commission,,Rep,Danny Maxwell ,937,576,41,0,320
Banks,Washington,County Commission,,Rep,Danny Maxwell ,395,261,11,1,122
Banks,Wilmonts,County Commission,,Rep,Danny Maxwell ,330,207,9,0,114
Banks,Anderson,County Commission,,Rep,Chris Ausburn,806,490,22,0,294
Banks,Baldwin,County Commission,,Rep,Chris Ausburn,472,265,42,0,165
Banks,Berlin,County Commission,,Rep,Chris Ausburn,323,200,8,0,115
Banks,Bushville,County Commission,,Rep,Chris Ausburn,448,272,8,0,168
Banks,Columbia,County Commission,,Rep,Chris Ausburn,217,132,7,0,78
Banks,Davids,County Commission,,Rep,Chris Ausburn,933,517,22,1,393
Banks,Golden Hill,County Commission,,Rep,Chris Ausburn,438,271,15,3,149
Banks,Grove River,County Commission,,Rep,Chris Ausburn,334,186,18,0,130
Banks,Hollingsworth,County Commission,,Rep,Chris Ausburn,373,227,17,0,129
Banks,Homer,County Commission,,Rep,Chris Ausburn,767,482,17,0,268
Banks,Poplar Springs,County Commission,,Rep,Chris Ausburn,943,582,42,0,319
Banks,Washington,County Commission,,Rep,Chris Ausburn,405,269,13,1,122
Banks,Wilmonts,County Commission,,Rep,Chris Ausburn,336,213,9,0,114
Banks,Anderson,County BOE,,Rep,Mark Stroud ,800,486,20,0,294
Banks,Baldwin,County BOE,,Rep,Mark Stroud ,474,265,42,0,167
Banks,Berlin,County BOE,,Rep,Mark Stroud ,318,196,8,0,114
Banks,Bushville,County BOE,,Rep,Mark Stroud ,459,275,9,0,175
Banks,Columbia,County BOE,,Rep,Mark Stroud ,216,131,7,0,78
Banks,Davids,County BOE,,Rep,Mark Stroud ,933,518,21,1,393
Banks,Golden Hill,County BOE,,Rep,Mark Stroud ,439,271,15,3,150
Banks,Grove River,County BOE,,Rep,Mark Stroud ,338,188,18,0,132
Banks,Hollingsworth,County BOE,,Rep,Mark Stroud ,366,219,18,0,129
Banks,Homer,County BOE,,Rep,Mark Stroud ,765,478,17,0,270
Banks,Poplar Springs,County BOE,,Rep,Mark Stroud ,948,586,43,0,319
Banks,Washington,County BOE,,Rep,Mark Stroud ,401,265,13,1,122
Banks,Wilmonts,County BOE,,Rep,Mark Stroud ,332,209,9,0,114
Banks,Anderson,County BOE,,Rep,Shane Roberts ,798,484,22,0,292
Banks,Baldwin,County BOE,,Rep,Shane Roberts ,473,266,42,0,165
Banks,Berlin,County BOE,,Rep,Shane Roberts ,320,198,8,0,114
Banks,Bushville,County BOE,,Rep,Shane Roberts ,458,273,10,0,175
Banks,Columbia,County BOE,,Rep,Shane Roberts ,216,131,7,0,78
Banks,Davids,County BOE,,Rep,Shane Roberts ,931,517,21,1,392
Banks,Golden Hill,County BOE,,Rep,Shane Roberts ,438,269,15,3,151
Banks,Grove River,County BOE,,Rep,Shane Roberts ,336,186,18,0,132
Banks,Hollingsworth,County BOE,,Rep,Shane Roberts ,368,221,18,0,129
Banks,Homer,County BOE,,Rep,Shane Roberts ,766,478,20,0,268
Banks,Poplar Springs,County BOE,,Rep,Shane Roberts ,943,586,41,0,316
Banks,Washington,County BOE,,Rep,Shane Roberts ,394,261,12,1,120
Banks,Wilmonts,County BOE,,Rep,Shane Roberts ,331,208,9,0,114
Banks,Anderson,Proposed Constitutional Amendment 1,,,Yes,754,452,25,0,277
Banks,Baldwin,Proposed Constitutional Amendment 1,,,Yes,440,251,41,0,148
Banks,Berlin,Proposed Constitutional Amendment 1,,,Yes,306,185,6,0,115
Banks,Bushville,Proposed Constitutional Amendment 1,,,Yes,418,248,9,0,161
Banks,Columbia,Proposed Constitutional Amendment 1,,,Yes,196,121,8,0,67
Banks,Davids,Proposed Constitutional Amendment 1,,,Yes,874,488,26,1,359
Banks,Golden Hill,Proposed Constitutional Amendment 1,,,Yes,403,247,17,3,136
Banks,Grove River,Proposed Constitutional Amendment 1,,,Yes,290,163,18,0,109
Banks,Hollingsworth,Proposed Constitutional Amendment 1,,,Yes,346,214,20,0,112
Banks,Homer,Proposed Constitutional Amendment 1,,,Yes,705,444,20,0,241
Banks,Poplar Springs,Proposed Constitutional Amendment 1,,,Yes,849,524,42,0,283
Banks,Washington,Proposed Constitutional Amendment 1,,,Yes,384,256,17,1,110
Banks,Wilmonts,Proposed Constitutional Amendment 1,,,Yes,322,209,8,0,105
Banks,Anderson,Proposed Constitutional Amendment 1,,,No,77,49,1,0,27
Banks,Baldwin,Proposed Constitutional Amendment 1,,,No,51,30,7,0,14
Banks,Berlin,Proposed Constitutional Amendment 1,,,No,38,26,2,0,10
Banks,Bushville,Proposed Constitutional Amendment 1,,,No,53,33,2,0,18
Banks,Columbia,Proposed Constitutional Amendment 1,,,No,20,11,0,0,9
Banks,Davids,Proposed Constitutional Amendment 1,,,No,111,65,1,0,45
Banks,Golden Hill,Proposed Constitutional Amendment 1,,,No,53,32,2,0,19
Banks,Grove River,Proposed Constitutional Amendment 1,,,No,48,26,0,0,22
Banks,Hollingsworth,Proposed Constitutional Amendment 1,,,No,38,21,1,0,16
Banks,Homer,Proposed Constitutional Amendment 1,,,No,109,68,2,0,39
Banks,Poplar Springs,Proposed Constitutional Amendment 1,,,No,128,86,6,0,36
Banks,Washington,Proposed Constitutional Amendment 1,,,No,41,21,3,0,17
Banks,Wilmonts,Proposed Constitutional Amendment 1,,,No,33,19,1,0,13
Banks,Anderson,Proposed Constitutional Amendment 2,,,Yes,764,460,23,0,281
Banks,Baldwin,Proposed Constitutional Amendment 2,,,Yes,454,254,44,0,156
Banks,Berlin,Proposed Constitutional Amendment 2,,,Yes,313,193,7,0,113
Banks,Bushville,Proposed Constitutional Amendment 2,,,Yes,431,254,11,0,166
Banks,Columbia,Proposed Constitutional Amendment 2,,,Yes,187,111,8,0,68
Banks,Davids,Proposed Constitutional Amendment 2,,,Yes,899,501,25,1,372
Banks,Golden Hill,Proposed Constitutional Amendment 2,,,Yes,423,260,17,3,143
Banks,Grove River,Proposed Constitutional Amendment 2,,,Yes,302,167,18,0,117
Banks,Hollingsworth,Proposed Constitutional Amendment 2,,,Yes,351,212,16,0,123
Banks,Homer,Proposed Constitutional Amendment 2,,,Yes,712,440,20,0,252
Banks,Poplar Springs,Proposed Constitutional Amendment 2,,,Yes,883,545,43,0,295
Banks,Washington,Proposed Constitutional Amendment 2,,,Yes,377,250,14,1,112
Banks,Wilmonts,Proposed Constitutional Amendment 2,,,Yes,323,208,7,0,108
Banks,Anderson,Proposed Constitutional Amendment 2,,,No,79,48,4,0,27
Banks,Baldwin,Proposed Constitutional Amendment 2,,,No,41,29,4,0,8
Banks,Berlin,Proposed Constitutional Amendment 2,,,No,31,19,1,0,11
Banks,Bushville,Proposed Constitutional Amendment 2,,,No,38,26,0,0,12
Banks,Columbia,Proposed Constitutional Amendment 2,,,No,28,19,0,0,9
Banks,Davids,Proposed Constitutional Amendment 2,,,No,96,58,0,0,38
Banks,Golden Hill,Proposed Constitutional Amendment 2,,,No,42,23,2,0,17
Banks,Grove River,Proposed Constitutional Amendment 2,,,No,41,26,1,0,14
Banks,Hollingsworth,Proposed Constitutional Amendment 2,,,No,38,21,6,0,11
Banks,Homer,Proposed Constitutional Amendment 2,,,No,107,74,2,0,31
Banks,Poplar Springs,Proposed Constitutional Amendment 2,,,No,110,77,4,0,29
Banks,Washington,Proposed Constitutional Amendment 2,,,No,48,29,5,0,14
Banks,Wilmonts,Proposed Constitutional Amendment 2,,,No,36,21,3,0,12
Banks,Anderson,Statewide Referendum Question 1,,,Yes,529,310,11,0,208
Banks,Baldwin,Statewide Referendum Question 1,,,Yes,293,171,18,0,104
Banks,Berlin,Statewide Referendum Question 1,,,Yes,203,120,3,0,80
Banks,Bushville,Statewide Referendum Question 1,,,Yes,319,193,5,0,121
Banks,Columbia,Statewide Referendum Question 1,,,Yes,140,85,5,0,50
Banks,Davids,Statewide Referendum Question 1,,,Yes,606,329,15,1,261
Banks,Golden Hill,Statewide Referendum Question 1,,,Yes,300,176,9,3,112
Banks,Grove River,Statewide Referendum Question 1,,,Yes,217,115,11,0,91
Banks,Hollingsworth,Statewide Referendum Question 1,,,Yes,238,142,7,0,89
Banks,Homer,Statewide Referendum Question 1,,,Yes,490,293,13,0,184
Banks,Poplar Springs,Statewide Referendum Question 1,,,Yes,597,381,11,0,205
Banks,Washington,Statewide Referendum Question 1,,,Yes,285,182,7,1,95
Banks,Wilmonts,Statewide Referendum Question 1,,,Yes,229,147,3,0,79
Banks,Anderson,Statewide Referendum Question 1,,,No,304,193,15,0,96
Banks,Baldwin,Statewide Referendum Question 1,,,No,196,111,30,0,55
Banks,Berlin,Statewide Referendum Question 1,,,No,138,91,5,0,42
Banks,Bushville,Statewide Referendum Question 1,,,No,142,83,5,0,54
Banks,Columbia,Statewide Referendum Question 1,,,No,73,44,3,0,26
Banks,Davids,Statewide Referendum Question 1,,,No,386,230,10,0,146
Banks,Golden Hill,Statewide Referendum Question 1,,,No,165,107,11,0,47
Banks,Grove River,Statewide Referendum Question 1,,,No,121,73,8,0,40
Banks,Hollingsworth,Statewide Referendum Question 1,,,No,147,90,15,0,42
Banks,Homer,Statewide Referendum Question 1,,,No,320,218,6,0,96
Banks,Poplar Springs,Statewide Referendum Question 1,,,No,386,236,34,0,116
Banks,Washington,Statewide Referendum Question 1,,,No,138,95,12,0,31
Banks,Wilmonts,Statewide Referendum Question 1,,,No,124,79,6,0,39
Banks,Anderson,Statewide Referendum Question 2,,,Yes,686,406,15,0,265
Banks,Baldwin,Statewide Referendum Question 2,,,Yes,381,216,32,0,133
Banks,Berlin,Statewide Referendum Question 2,,,Yes,258,157,5,0,96
Banks,Bushville,Statewide Referendum Question 2,,,Yes,395,228,5,0,162
Banks,Columbia,Statewide Referendum Question 2,,,Yes,171,107,6,0,58
Banks,Davids,Statewide Referendum Question 2,,,Yes,787,440,17,1,329
Banks,Golden Hill,Statewide Referendum Question 2,,,Yes,385,235,13,3,134
Banks,Grove River,Statewide Referendum Question 2,,,Yes,276,148,16,0,112
Banks,Hollingsworth,Statewide Referendum Question 2,,,Yes,317,200,13,0,104
Banks,Homer,Statewide Referendum Question 2,,,Yes,643,397,13,0,233
Banks,Poplar Springs,Statewide Referendum Question 2,,,Yes,776,490,25,0,261
Banks,Washington,Statewide Referendum Question 2,,,Yes,348,231,6,1,110
Banks,Wilmonts,Statewide Referendum Question 2,,,Yes,296,190,5,0,101
Banks,Anderson,Statewide Referendum Question 2,,,No,149,99,11,0,39
Banks,Baldwin,Statewide Referendum Question 2,,,No,111,66,16,0,29
Banks,Berlin,Statewide Referendum Question 2,,,No,83,55,3,0,25
Banks,Bushville,Statewide Referendum Question 2,,,No,72,51,5,0,16
Banks,Columbia,Statewide Referendum Question 2,,,No,45,24,2,0,19
Banks,Davids,Statewide Referendum Question 2,,,No,199,115,7,0,77
Banks,Golden Hill,Statewide Referendum Question 2,,,No,75,46,5,0,24
Banks,Grove River,Statewide Referendum Question 2,,,No,69,46,3,0,20
Banks,Hollingsworth,Statewide Referendum Question 2,,,No,76,39,9,0,28
Banks,Homer,Statewide Referendum Question 2,,,No,175,117,7,0,51
Banks,Poplar Springs,Statewide Referendum Question 2,,,No,212,128,22,0,62
Banks,Washington,Statewide Referendum Question 2,,,No,76,46,13,0,17
Banks,Wilmonts,Statewide Referendum Question 2,,,No,57,34,4,0,19
Banks,Anderson,Road and Bridge Tax Continuation,,,Yes,459,274,15,0,170
Banks,Baldwin,Road and Bridge Tax Continuation,,,Yes,264,166,20,0,78
Banks,Berlin,Road and Bridge Tax Continuation,,,Yes,201,120,3,0,78
Banks,Bushville,Road and Bridge Tax Continuation,,,Yes,270,157,5,0,108
Banks,Columbia,Road and Bridge Tax Continuation,,,Yes,108,64,4,0,40
Banks,Davids,Road and Bridge Tax Continuation,,,Yes,538,323,12,1,202
Banks,Golden Hill,Road and Bridge Tax Continuation,,,Yes,264,155,14,3,92
Banks,Grove River,Road and Bridge Tax Continuation,,,Yes,169,85,12,0,72
Banks,Hollingsworth,Road and Bridge Tax Continuation,,,Yes,205,126,13,0,66
Banks,Homer,Road and Bridge Tax Continuation,,,Yes,466,301,10,0,155
Banks,Poplar Springs,Road and Bridge Tax Continuation,,,Yes,526,327,21,0,178
Banks,Washington,Road and Bridge Tax Continuation,,,Yes,236,161,9,0,66
Banks,Wilmonts,Road and Bridge Tax Continuation,,,Yes,199,132,3,0,64
Banks,Anderson,Road and Bridge Tax Continuation,,,No,380,233,11,0,136
Banks,Baldwin,Road and Bridge Tax Continuation,,,No,226,117,24,0,85
Banks,Berlin,Road and Bridge Tax Continuation,,,No,145,95,5,0,45
Banks,Bushville,Road and Bridge Tax Continuation,,,No,194,120,5,0,69
Banks,Columbia,Road and Bridge Tax Continuation,,,No,107,66,3,0,38
Banks,Davids,Road and Bridge Tax Continuation,,,No,451,233,13,0,205
Banks,Golden Hill,Road and Bridge Tax Continuation,,,No,201,127,6,0,68
Banks,Grove River,Road and Bridge Tax Continuation,,,No,173,105,7,0,61
Banks,Hollingsworth,Road and Bridge Tax Continuation,,,No,183,109,9,0,65
Banks,Homer,Road and Bridge Tax Continuation,,,No,353,213,12,0,128
Banks,Poplar Springs,Road and Bridge Tax Continuation,,,No,467,293,25,0,149
Banks,Washington,Road and Bridge Tax Continuation,,,No,192,119,10,1,62
Banks,Wilmonts,Road and Bridge Tax Continuation,,,No,156,95,5,0,56
