county,precinct,office,district,party,candidate,votes,advance_voting_votes,absentee_by_mail_votes,provisional_votes,election_day_votes
Screven,Sylvania,U.S. Senate,,Rep,Herschel Walker,339,202,25,0,112
Screven,Hunters,U.S. Senate,,Rep,Herschel Walker,176,67,3,0,106
Screven,Newington,U.S. Senate,,Rep,Herschel Walker,410,135,2,0,273
Screven,Jenk Hill Fire Sta,U.S. Senate,,Rep,Herschel Walker,327,183,7,0,137
Screven,Rocky Ford,U.S. Senate,,Rep,Herschel Walker,243,101,2,0,140
Screven,Bay Branch,U.S. Senate,,Rep,Herschel Walker,495,253,10,0,232
Screven,Hiltonia,U.S. Senate,,Rep,Herschel Walker,270,144,2,0,124
Screven,Screven Rec Dept,U.S. Senate,,Rep,Herschel Walker,108,55,6,0,47
Screven,Greenhill Church,U.S. Senate,,Rep,Herschel Walker,413,215,8,0,190
Screven,Sr Citizens Center,U.S. Senate,,Rep,Herschel Walker,231,170,5,0,56
Screven,Jackson Fire Station,U.S. Senate,,Rep,Herschel Walker,154,62,3,0,89
Screven,Cooperville Fire Station,U.S. Senate,,Rep,Herschel Walker,37,12,0,0,25
Screven,Sylvania,U.S. Senate,,Dem,Raphael Warnock ,300,191,37,0,72
Screven,Hunters,U.S. Senate,,Dem,Raphael Warnock ,86,47,8,0,31
Screven,Newington,U.S. Senate,,Dem,Raphael Warnock ,197,94,12,0,91
Screven,Jenk Hill Fire Sta,U.S. Senate,,Dem,Raphael Warnock ,310,190,27,0,93
Screven,Rocky Ford,U.S. Senate,,Dem,Raphael Warnock ,86,50,6,0,30
Screven,Bay Branch,U.S. Senate,,Dem,Raphael Warnock ,82,55,1,0,26
Screven,Hiltonia,U.S. Senate,,Dem,Raphael Warnock ,206,112,14,0,80
Screven,Screven Rec Dept,U.S. Senate,,Dem,Raphael Warnock ,111,67,5,0,39
Screven,Greenhill Church,U.S. Senate,,Dem,Raphael Warnock ,95,55,7,0,33
Screven,Sr Citizens Center,U.S. Senate,,Dem,Raphael Warnock ,385,210,28,0,147
Screven,Jackson Fire Station,U.S. Senate,,Dem,Raphael Warnock ,57,35,7,0,15
Screven,Cooperville Fire Station,U.S. Senate,,Dem,Raphael Warnock ,94,50,7,0,37
Screven,Sylvania,U.S. Senate,,Lib,Chase Oliver,13,8,2,0,3
Screven,Hunters,U.S. Senate,,Lib,Chase Oliver,3,0,1,0,2
Screven,Newington,U.S. Senate,,Lib,Chase Oliver,10,1,0,0,9
Screven,Jenk Hill Fire Sta,U.S. Senate,,Lib,Chase Oliver,4,3,0,0,1
Screven,Rocky Ford,U.S. Senate,,Lib,Chase Oliver,10,5,1,0,4
Screven,Bay Branch,U.S. Senate,,Lib,Chase Oliver,9,4,0,0,5
Screven,Hiltonia,U.S. Senate,,Lib,Chase Oliver,7,3,0,0,4
Screven,Screven Rec Dept,U.S. Senate,,Lib,Chase Oliver,2,0,0,0,2
Screven,Greenhill Church,U.S. Senate,,Lib,Chase Oliver,4,3,0,0,1
Screven,Sr Citizens Center,U.S. Senate,,Lib,Chase Oliver,6,4,0,0,2
Screven,Jackson Fire Station,U.S. Senate,,Lib,Chase Oliver,3,1,0,0,2
Screven,Cooperville Fire Station,U.S. Senate,,Lib,Chase Oliver,2,1,0,0,1
Screven,Sylvania,Governor,,Rep,Brian Kemp ,376,227,31,0,118
Screven,Hunters,Governor,,Rep,Brian Kemp ,190,73,5,0,112
Screven,Newington,Governor,,Rep,Brian Kemp ,425,137,2,0,286
Screven,Jenk Hill Fire Sta,Governor,,Rep,Brian Kemp ,343,188,8,0,147
Screven,Rocky Ford,Governor,,Rep,Brian Kemp ,270,116,3,0,151
Screven,Bay Branch,Governor,,Rep,Brian Kemp ,522,266,10,0,246
Screven,Hiltonia,Governor,,Rep,Brian Kemp ,281,150,3,0,128
Screven,Screven Rec Dept,Governor,,Rep,Brian Kemp ,114,57,6,0,51
Screven,Greenhill Church,Governor,,Rep,Brian Kemp ,436,226,8,0,202
Screven,Sr Citizens Center,Governor,,Rep,Brian Kemp ,256,185,7,0,64
Screven,Jackson Fire Station,Governor,,Rep,Brian Kemp ,168,71,3,0,94
Screven,Cooperville Fire Station,Governor,,Rep,Brian Kemp ,41,13,0,0,28
Screven,Sylvania,Governor,,Dem,Stacey Abrams,275,173,32,0,70
Screven,Hunters,Governor,,Dem,Stacey Abrams,76,42,7,0,27
Screven,Newington,Governor,,Dem,Stacey Abrams,190,92,12,0,86
Screven,Jenk Hill Fire Sta,Governor,,Dem,Stacey Abrams,302,190,26,0,86
Screven,Rocky Ford,Governor,,Dem,Stacey Abrams,72,42,6,0,24
Screven,Bay Branch,Governor,,Dem,Stacey Abrams,62,44,1,0,17
Screven,Hiltonia,Governor,,Dem,Stacey Abrams,203,112,13,0,78
Screven,Screven Rec Dept,Governor,,Dem,Stacey Abrams,106,65,5,0,36
Screven,Greenhill Church,Governor,,Dem,Stacey Abrams,78,47,7,0,24
Screven,Sr Citizens Center,Governor,,Dem,Stacey Abrams,368,200,26,0,142
Screven,Jackson Fire Station,Governor,,Dem,Stacey Abrams,49,29,7,0,13
Screven,Cooperville Fire Station,Governor,,Dem,Stacey Abrams,91,49,7,0,35
Screven,Sylvania,Governor,,Lib,Shane Hazel,5,3,1,0,1
Screven,Hunters,Governor,,Lib,Shane Hazel,0,0,0,0,0
Screven,Newington,Governor,,Lib,Shane Hazel,3,0,0,0,3
Screven,Jenk Hill Fire Sta,Governor,,Lib,Shane Hazel,0,0,0,0,0
Screven,Rocky Ford,Governor,,Lib,Shane Hazel,1,0,0,0,1
Screven,Bay Branch,Governor,,Lib,Shane Hazel,2,1,0,0,1
Screven,Hiltonia,Governor,,Lib,Shane Hazel,3,0,0,0,3
Screven,Screven Rec Dept,Governor,,Lib,Shane Hazel,2,0,0,0,2
Screven,Greenhill Church,Governor,,Lib,Shane Hazel,0,0,0,0,0
Screven,Sr Citizens Center,Governor,,Lib,Shane Hazel,2,1,0,0,1
Screven,Jackson Fire Station,Governor,,Lib,Shane Hazel,0,0,0,0,0
Screven,Cooperville Fire Station,Governor,,Lib,Shane Hazel,1,1,0,0,0
Screven,Sylvania,Lieutenant Governor,,Rep,Burt Jones,357,212,30,0,115
Screven,Hunters,Lieutenant Governor,,Rep,Burt Jones,182,71,5,0,106
Screven,Newington,Lieutenant Governor,,Rep,Burt Jones,417,136,2,0,279
Screven,Jenk Hill Fire Sta,Lieutenant Governor,,Rep,Burt Jones,336,186,7,0,143
Screven,Rocky Ford,Lieutenant Governor,,Rep,Burt Jones,260,109,3,0,148
Screven,Bay Branch,Lieutenant Governor,,Rep,Burt Jones,500,253,10,0,237
Screven,Hiltonia,Lieutenant Governor,,Rep,Burt Jones,279,148,3,0,128
Screven,Screven Rec Dept,Lieutenant Governor,,Rep,Burt Jones,104,52,6,0,46
Screven,Greenhill Church,Lieutenant Governor,,Rep,Burt Jones,420,219,8,0,193
Screven,Sr Citizens Center,Lieutenant Governor,,Rep,Burt Jones,240,175,6,0,59
Screven,Jackson Fire Station,Lieutenant Governor,,Rep,Burt Jones,160,66,3,0,91
Screven,Cooperville Fire Station,Lieutenant Governor,,Rep,Burt Jones,39,13,0,0,26
Screven,Sylvania,Lieutenant Governor,,Dem,Charlie Bailey,268,173,30,0,65
Screven,Hunters,Lieutenant Governor,,Dem,Charlie Bailey,75,40,7,0,28
Screven,Newington,Lieutenant Governor,,Dem,Charlie Bailey,181,83,12,0,86
Screven,Jenk Hill Fire Sta,Lieutenant Governor,,Dem,Charlie Bailey,281,177,25,0,79
Screven,Rocky Ford,Lieutenant Governor,,Dem,Charlie Bailey,74,43,6,0,25
Screven,Bay Branch,Lieutenant Governor,,Dem,Charlie Bailey,71,49,1,0,21
Screven,Hiltonia,Lieutenant Governor,,Dem,Charlie Bailey,192,105,13,0,74
Screven,Screven Rec Dept,Lieutenant Governor,,Dem,Charlie Bailey,107,64,5,0,38
Screven,Greenhill Church,Lieutenant Governor,,Dem,Charlie Bailey,87,53,7,0,27
Screven,Sr Citizens Center,Lieutenant Governor,,Dem,Charlie Bailey,357,195,27,0,135
Screven,Jackson Fire Station,Lieutenant Governor,,Dem,Charlie Bailey,49,28,7,0,14
Screven,Cooperville Fire Station,Lieutenant Governor,,Dem,Charlie Bailey,87,48,7,0,32
Screven,Sylvania,Lieutenant Governor,,Lib,Ryan Graham,13,8,0,0,5
Screven,Hunters,Lieutenant Governor,,Lib,Ryan Graham,4,1,0,0,3
Screven,Newington,Lieutenant Governor,,Lib,Ryan Graham,6,2,0,0,4
Screven,Jenk Hill Fire Sta,Lieutenant Governor,,Lib,Ryan Graham,7,2,0,0,5
Screven,Rocky Ford,Lieutenant Governor,,Lib,Ryan Graham,6,3,0,0,3
Screven,Bay Branch,Lieutenant Governor,,Lib,Ryan Graham,7,3,0,0,4
Screven,Hiltonia,Lieutenant Governor,,Lib,Ryan Graham,5,1,0,0,4
Screven,Screven Rec Dept,Lieutenant Governor,,Lib,Ryan Graham,5,3,0,0,2
Screven,Greenhill Church,Lieutenant Governor,,Lib,Ryan Graham,2,2,0,0,0
Screven,Sr Citizens Center,Lieutenant Governor,,Lib,Ryan Graham,13,7,0,0,6
Screven,Jackson Fire Station,Lieutenant Governor,,Lib,Ryan Graham,0,0,0,0,0
Screven,Cooperville Fire Station,Lieutenant Governor,,Lib,Ryan Graham,5,1,0,0,4
Screven,Sylvania,Secretary of State,,Rep,Brad Raffensperger ,370,224,31,0,115
Screven,Hunters,Secretary of State,,Rep,Brad Raffensperger ,179,70,4,0,105
Screven,Newington,Secretary of State,,Rep,Brad Raffensperger ,409,135,2,0,272
Screven,Jenk Hill Fire Sta,Secretary of State,,Rep,Brad Raffensperger ,351,193,11,0,147
Screven,Rocky Ford,Secretary of State,,Rep,Brad Raffensperger ,262,113,4,0,145
Screven,Bay Branch,Secretary of State,,Rep,Brad Raffensperger ,500,256,8,0,236
Screven,Hiltonia,Secretary of State,,Rep,Brad Raffensperger ,274,143,5,0,126
Screven,Screven Rec Dept,Secretary of State,,Rep,Brad Raffensperger ,104,55,6,0,43
Screven,Greenhill Church,Secretary of State,,Rep,Brad Raffensperger ,423,218,8,0,197
Screven,Sr Citizens Center,Secretary of State,,Rep,Brad Raffensperger ,257,180,7,0,70
Screven,Jackson Fire Station,Secretary of State,,Rep,Brad Raffensperger ,163,73,3,0,87
Screven,Cooperville Fire Station,Secretary of State,,Rep,Brad Raffensperger ,45,14,3,0,28
Screven,Sylvania,Secretary of State,,Dem,Bee Nguyen,255,156,33,0,66
Screven,Hunters,Secretary of State,,Dem,Bee Nguyen,79,41,8,0,30
Screven,Newington,Secretary of State,,Dem,Bee Nguyen,173,81,12,0,80
Screven,Jenk Hill Fire Sta,Secretary of State,,Dem,Bee Nguyen,262,163,22,0,77
Screven,Rocky Ford,Secretary of State,,Dem,Bee Nguyen,66,38,3,0,25
Screven,Bay Branch,Secretary of State,,Dem,Bee Nguyen,63,44,2,0,17
Screven,Hiltonia,Secretary of State,,Dem,Bee Nguyen,187,102,10,0,75
Screven,Screven Rec Dept,Secretary of State,,Dem,Bee Nguyen,106,62,5,0,39
Screven,Greenhill Church,Secretary of State,,Dem,Bee Nguyen,71,46,6,0,19
Screven,Sr Citizens Center,Secretary of State,,Dem,Bee Nguyen,338,185,26,0,127
Screven,Jackson Fire Station,Secretary of State,,Dem,Bee Nguyen,43,23,7,0,13
Screven,Cooperville Fire Station,Secretary of State,,Dem,Bee Nguyen,79,46,4,0,29
Screven,Sylvania,Secretary of State,,Lib,Ted Metz,12,9,0,0,3
Screven,Hunters,Secretary of State,,Lib,Ted Metz,5,3,0,0,2
Screven,Newington,Secretary of State,,Lib,Ted Metz,19,4,0,0,15
Screven,Jenk Hill Fire Sta,Secretary of State,,Lib,Ted Metz,13,9,0,0,4
Screven,Rocky Ford,Secretary of State,,Lib,Ted Metz,12,7,0,0,5
Screven,Bay Branch,Secretary of State,,Lib,Ted Metz,12,6,0,0,6
Screven,Hiltonia,Secretary of State,,Lib,Ted Metz,15,10,0,0,5
Screven,Screven Rec Dept,Secretary of State,,Lib,Ted Metz,4,1,0,0,3
Screven,Greenhill Church,Secretary of State,,Lib,Ted Metz,10,4,0,0,6
Screven,Sr Citizens Center,Secretary of State,,Lib,Ted Metz,11,8,0,0,3
Screven,Jackson Fire Station,Secretary of State,,Lib,Ted Metz,4,1,0,0,3
Screven,Cooperville Fire Station,Secretary of State,,Lib,Ted Metz,6,2,0,0,4
Screven,Sylvania,Attorney General,,Rep,Chris Carr ,363,218,30,0,115
Screven,Hunters,Attorney General,,Rep,Chris Carr ,178,69,3,0,106
Screven,Newington,Attorney General,,Rep,Chris Carr ,413,134,2,0,277
Screven,Jenk Hill Fire Sta,Attorney General,,Rep,Chris Carr ,344,191,7,0,146
Screven,Rocky Ford,Attorney General,,Rep,Chris Carr ,260,111,3,0,146
Screven,Bay Branch,Attorney General,,Rep,Chris Carr ,503,263,10,0,230
Screven,Hiltonia,Attorney General,,Rep,Chris Carr ,277,146,3,0,128
Screven,Screven Rec Dept,Attorney General,,Rep,Chris Carr ,106,54,6,0,46
Screven,Greenhill Church,Attorney General,,Rep,Chris Carr ,420,217,8,0,195
Screven,Sr Citizens Center,Attorney General,,Rep,Chris Carr ,246,175,6,0,65
Screven,Jackson Fire Station,Attorney General,,Rep,Chris Carr ,163,66,3,0,94
Screven,Cooperville Fire Station,Attorney General,,Rep,Chris Carr ,39,12,0,0,27
Screven,Sylvania,Attorney General,,Dem,"Jennifer """"Jen"""" Jordan",268,168,32,0,68
Screven,Hunters,Attorney General,,Dem,"Jennifer """"Jen"""" Jordan",79,42,9,0,28
Screven,Newington,Attorney General,,Dem,"Jennifer """"Jen"""" Jordan",188,87,12,0,89
Screven,Jenk Hill Fire Sta,Attorney General,,Dem,"Jennifer """"Jen"""" Jordan",284,177,23,0,84
Screven,Rocky Ford,Attorney General,,Dem,"Jennifer """"Jen"""" Jordan",78,44,6,0,28
Screven,Bay Branch,Attorney General,,Dem,"Jennifer """"Jen"""" Jordan",73,49,1,0,23
Screven,Hiltonia,Attorney General,,Dem,"Jennifer """"Jen"""" Jordan",198,108,13,0,77
Screven,Screven Rec Dept,Attorney General,,Dem,"Jennifer """"Jen"""" Jordan",111,67,5,0,39
Screven,Greenhill Church,Attorney General,,Dem,"Jennifer """"Jen"""" Jordan",85,53,7,0,25
Screven,Sr Citizens Center,Attorney General,,Dem,"Jennifer """"Jen"""" Jordan",363,200,27,0,136
Screven,Jackson Fire Station,Attorney General,,Dem,"Jennifer """"Jen"""" Jordan",52,33,7,0,12
Screven,Cooperville Fire Station,Attorney General,,Dem,"Jennifer """"Jen"""" Jordan",92,49,7,0,36
Screven,Sylvania,Attorney General,,Lib,Martin Cowen,7,6,0,0,1
Screven,Hunters,Attorney General,,Lib,Martin Cowen,1,0,0,0,1
Screven,Newington,Attorney General,,Lib,Martin Cowen,3,0,0,0,3
Screven,Jenk Hill Fire Sta,Attorney General,,Lib,Martin Cowen,2,1,0,0,1
Screven,Rocky Ford,Attorney General,,Lib,Martin Cowen,2,1,0,0,1
Screven,Bay Branch,Attorney General,,Lib,Martin Cowen,7,0,0,0,7
Screven,Hiltonia,Attorney General,,Lib,Martin Cowen,2,1,0,0,1
Screven,Screven Rec Dept,Attorney General,,Lib,Martin Cowen,2,1,0,0,1
Screven,Greenhill Church,Attorney General,,Lib,Martin Cowen,7,4,0,0,3
Screven,Sr Citizens Center,Attorney General,,Lib,Martin Cowen,6,4,0,0,2
Screven,Jackson Fire Station,Attorney General,,Lib,Martin Cowen,1,0,0,0,1
Screven,Cooperville Fire Station,Attorney General,,Lib,Martin Cowen,1,1,0,0,0
Screven,Sylvania,Commissioner of Agriculture,,Rep,Tyler Harper,372,226,29,0,117
Screven,Hunters,Commissioner of Agriculture,,Rep,Tyler Harper,182,70,5,0,107
Screven,Newington,Commissioner of Agriculture,,Rep,Tyler Harper,416,134,2,0,280
Screven,Jenk Hill Fire Sta,Commissioner of Agriculture,,Rep,Tyler Harper,342,190,7,0,145
Screven,Rocky Ford,Commissioner of Agriculture,,Rep,Tyler Harper,265,112,3,0,150
Screven,Bay Branch,Commissioner of Agriculture,,Rep,Tyler Harper,513,262,10,0,241
Screven,Hiltonia,Commissioner of Agriculture,,Rep,Tyler Harper,278,146,3,0,129
Screven,Screven Rec Dept,Commissioner of Agriculture,,Rep,Tyler Harper,108,56,6,0,46
Screven,Greenhill Church,Commissioner of Agriculture,,Rep,Tyler Harper,427,221,8,0,198
Screven,Sr Citizens Center,Commissioner of Agriculture,,Rep,Tyler Harper,251,182,6,0,63
Screven,Jackson Fire Station,Commissioner of Agriculture,,Rep,Tyler Harper,167,70,3,0,94
Screven,Cooperville Fire Station,Commissioner of Agriculture,,Rep,Tyler Harper,40,13,0,0,27
Screven,Sylvania,Commissioner of Agriculture,,Dem,Nakita Hemingway,261,162,33,0,66
Screven,Hunters,Commissioner of Agriculture,,Dem,Nakita Hemingway,75,39,7,0,29
Screven,Newington,Commissioner of Agriculture,,Dem,Nakita Hemingway,179,85,12,0,82
Screven,Jenk Hill Fire Sta,Commissioner of Agriculture,,Dem,Nakita Hemingway,286,175,27,0,84
Screven,Rocky Ford,Commissioner of Agriculture,,Dem,Nakita Hemingway,72,43,5,0,24
Screven,Bay Branch,Commissioner of Agriculture,,Dem,Nakita Hemingway,64,47,1,0,16
Screven,Hiltonia,Commissioner of Agriculture,,Dem,Nakita Hemingway,194,106,12,0,76
Screven,Screven Rec Dept,Commissioner of Agriculture,,Dem,Nakita Hemingway,105,61,5,0,39
Screven,Greenhill Church,Commissioner of Agriculture,,Dem,Nakita Hemingway,77,48,7,0,22
Screven,Sr Citizens Center,Commissioner of Agriculture,,Dem,Nakita Hemingway,354,192,27,0,135
Screven,Jackson Fire Station,Commissioner of Agriculture,,Dem,Nakita Hemingway,47,29,7,0,11
Screven,Cooperville Fire Station,Commissioner of Agriculture,,Dem,Nakita Hemingway,88,47,7,0,34
Screven,Sylvania,Commissioner of Agriculture,,Lib,David Raudabaugh,7,5,0,0,2
Screven,Hunters,Commissioner of Agriculture,,Lib,David Raudabaugh,3,2,0,0,1
Screven,Newington,Commissioner of Agriculture,,Lib,David Raudabaugh,10,5,0,0,5
Screven,Jenk Hill Fire Sta,Commissioner of Agriculture,,Lib,David Raudabaugh,6,3,0,0,3
Screven,Rocky Ford,Commissioner of Agriculture,,Lib,David Raudabaugh,4,1,1,0,2
Screven,Bay Branch,Commissioner of Agriculture,,Lib,David Raudabaugh,4,0,0,0,4
Screven,Hiltonia,Commissioner of Agriculture,,Lib,David Raudabaugh,4,2,0,0,2
Screven,Screven Rec Dept,Commissioner of Agriculture,,Lib,David Raudabaugh,5,4,0,0,1
Screven,Greenhill Church,Commissioner of Agriculture,,Lib,David Raudabaugh,4,3,0,0,1
Screven,Sr Citizens Center,Commissioner of Agriculture,,Lib,David Raudabaugh,7,3,0,0,4
Screven,Jackson Fire Station,Commissioner of Agriculture,,Lib,David Raudabaugh,1,0,0,0,1
Screven,Cooperville Fire Station,Commissioner of Agriculture,,Lib,David Raudabaugh,3,1,0,0,2
Screven,Sylvania,Commissioner of Insurance,,Rep,John King ,367,222,28,0,117
Screven,Hunters,Commissioner of Insurance,,Rep,John King ,184,70,5,0,109
Screven,Newington,Commissioner of Insurance,,Rep,John King ,418,135,2,0,281
Screven,Jenk Hill Fire Sta,Commissioner of Insurance,,Rep,John King ,345,191,9,0,145
Screven,Rocky Ford,Commissioner of Insurance,,Rep,John King ,268,113,5,0,150
Screven,Bay Branch,Commissioner of Insurance,,Rep,John King ,511,262,10,0,239
Screven,Hiltonia,Commissioner of Insurance,,Rep,John King ,278,149,3,0,126
Screven,Screven Rec Dept,Commissioner of Insurance,,Rep,John King ,107,55,6,0,46
Screven,Greenhill Church,Commissioner of Insurance,,Rep,John King ,429,223,8,0,198
Screven,Sr Citizens Center,Commissioner of Insurance,,Rep,John King ,251,181,6,0,64
Screven,Jackson Fire Station,Commissioner of Insurance,,Rep,John King ,167,71,3,0,93
Screven,Cooperville Fire Station,Commissioner of Insurance,,Rep,John King ,41,13,0,0,28
Screven,Sylvania,Commissioner of Insurance,,Dem,Janice Laws Robinson,272,169,34,0,69
Screven,Hunters,Commissioner of Insurance,,Dem,Janice Laws Robinson,75,40,7,0,28
Screven,Newington,Commissioner of Insurance,,Dem,Janice Laws Robinson,185,86,12,0,87
Screven,Jenk Hill Fire Sta,Commissioner of Insurance,,Dem,Janice Laws Robinson,284,177,23,0,84
Screven,Rocky Ford,Commissioner of Insurance,,Dem,Janice Laws Robinson,73,44,4,0,25
Screven,Bay Branch,Commissioner of Insurance,,Dem,Janice Laws Robinson,68,48,1,0,19
Screven,Hiltonia,Commissioner of Insurance,,Dem,Janice Laws Robinson,199,107,12,0,80
Screven,Screven Rec Dept,Commissioner of Insurance,,Dem,Janice Laws Robinson,108,64,5,0,39
Screven,Greenhill Church,Commissioner of Insurance,,Dem,Janice Laws Robinson,80,49,7,0,24
Screven,Sr Citizens Center,Commissioner of Insurance,,Dem,Janice Laws Robinson,359,194,27,0,138
Screven,Jackson Fire Station,Commissioner of Insurance,,Dem,Janice Laws Robinson,47,27,7,0,13
Screven,Cooperville Fire Station,Commissioner of Insurance,,Dem,Janice Laws Robinson,90,49,7,0,34
Screven,Sylvania,State School Superintendent,,Rep,Richard Woods ,368,221,30,0,117
Screven,Hunters,State School Superintendent,,Rep,Richard Woods ,180,68,5,0,107
Screven,Newington,State School Superintendent,,Rep,Richard Woods ,415,135,2,0,278
Screven,Jenk Hill Fire Sta,State School Superintendent,,Rep,Richard Woods ,343,190,9,0,144
Screven,Rocky Ford,State School Superintendent,,Rep,Richard Woods ,269,113,5,0,151
Screven,Bay Branch,State School Superintendent,,Rep,Richard Woods ,513,260,10,0,243
Screven,Hiltonia,State School Superintendent,,Rep,Richard Woods ,275,147,3,0,125
Screven,Screven Rec Dept,State School Superintendent,,Rep,Richard Woods ,108,55,6,0,47
Screven,Greenhill Church,State School Superintendent,,Rep,Richard Woods ,435,228,8,0,199
Screven,Sr Citizens Center,State School Superintendent,,Rep,Richard Woods ,251,183,6,0,62
Screven,Jackson Fire Station,State School Superintendent,,Rep,Richard Woods ,170,73,3,0,94
Screven,Cooperville Fire Station,State School Superintendent,,Rep,Richard Woods ,41,14,0,0,27
Screven,Sylvania,State School Superintendent,,Dem,Alisha Thomas Searcy,273,171,33,0,69
Screven,Hunters,State School Superintendent,,Dem,Alisha Thomas Searcy,79,42,7,0,30
Screven,Newington,State School Superintendent,,Dem,Alisha Thomas Searcy,185,85,12,0,88
Screven,Jenk Hill Fire Sta,State School Superintendent,,Dem,Alisha Thomas Searcy,289,180,23,0,86
Screven,Rocky Ford,State School Superintendent,,Dem,Alisha Thomas Searcy,73,44,4,0,25
Screven,Bay Branch,State School Superintendent,,Dem,Alisha Thomas Searcy,70,51,1,0,18
Screven,Hiltonia,State School Superintendent,,Dem,Alisha Thomas Searcy,201,107,12,0,82
Screven,Screven Rec Dept,State School Superintendent,,Dem,Alisha Thomas Searcy,108,64,5,0,39
Screven,Greenhill Church,State School Superintendent,,Dem,Alisha Thomas Searcy,75,44,7,0,24
Screven,Sr Citizens Center,State School Superintendent,,Dem,Alisha Thomas Searcy,364,196,27,0,141
Screven,Jackson Fire Station,State School Superintendent,,Dem,Alisha Thomas Searcy,44,25,7,0,12
Screven,Cooperville Fire Station,State School Superintendent,,Dem,Alisha Thomas Searcy,90,48,7,0,35
Screven,Sylvania,Commissioner of Labor,,Rep,Bruce Thompson,356,213,28,0,115
Screven,Hunters,Commissioner of Labor,,Rep,Bruce Thompson,179,67,5,0,107
Screven,Newington,Commissioner of Labor,,Rep,Bruce Thompson,415,137,2,0,276
Screven,Jenk Hill Fire Sta,Commissioner of Labor,,Rep,Bruce Thompson,339,187,7,0,145
Screven,Rocky Ford,Commissioner of Labor,,Rep,Bruce Thompson,262,111,4,0,147
Screven,Bay Branch,Commissioner of Labor,,Rep,Bruce Thompson,506,258,10,0,238
Screven,Hiltonia,Commissioner of Labor,,Rep,Bruce Thompson,278,148,2,0,128
Screven,Screven Rec Dept,Commissioner of Labor,,Rep,Bruce Thompson,111,57,6,0,48
Screven,Greenhill Church,Commissioner of Labor,,Rep,Bruce Thompson,419,216,8,0,195
Screven,Sr Citizens Center,Commissioner of Labor,,Rep,Bruce Thompson,246,177,7,0,62
Screven,Jackson Fire Station,Commissioner of Labor,,Rep,Bruce Thompson,166,70,3,0,93
Screven,Cooperville Fire Station,Commissioner of Labor,,Rep,Bruce Thompson,38,12,0,0,26
Screven,Sylvania,Commissioner of Labor,,Dem,"William """"Will"""" Boddie, Jr",269,169,33,0,67
Screven,Hunters,Commissioner of Labor,,Dem,"William """"Will"""" Boddie, Jr",76,41,7,0,28
Screven,Newington,Commissioner of Labor,,Dem,"William """"Will"""" Boddie, Jr",181,85,12,0,84
Screven,Jenk Hill Fire Sta,Commissioner of Labor,,Dem,"William """"Will"""" Boddie, Jr",283,174,24,0,85
Screven,Rocky Ford,Commissioner of Labor,,Dem,"William """"Will"""" Boddie, Jr",73,41,5,0,27
Screven,Bay Branch,Commissioner of Labor,,Dem,"William """"Will"""" Boddie, Jr",69,48,1,0,20
Screven,Hiltonia,Commissioner of Labor,,Dem,"William """"Will"""" Boddie, Jr",189,101,14,0,74
Screven,Screven Rec Dept,Commissioner of Labor,,Dem,"William """"Will"""" Boddie, Jr",103,63,4,0,36
Screven,Greenhill Church,Commissioner of Labor,,Dem,"William """"Will"""" Boddie, Jr",81,50,7,0,24
Screven,Sr Citizens Center,Commissioner of Labor,,Dem,"William """"Will"""" Boddie, Jr",354,193,26,0,135
Screven,Jackson Fire Station,Commissioner of Labor,,Dem,"William """"Will"""" Boddie, Jr",49,28,7,0,14
Screven,Cooperville Fire Station,Commissioner of Labor,,Dem,"William """"Will"""" Boddie, Jr",89,49,7,0,33
Screven,Sylvania,Commissioner of Labor,,Lib,Emily Anderson,12,9,1,0,2
Screven,Hunters,Commissioner of Labor,,Lib,Emily Anderson,2,0,0,0,2
Screven,Newington,Commissioner of Labor,,Lib,Emily Anderson,9,2,0,0,7
Screven,Jenk Hill Fire Sta,Commissioner of Labor,,Lib,Emily Anderson,6,4,1,0,1
Screven,Rocky Ford,Commissioner of Labor,,Lib,Emily Anderson,3,1,0,0,2
Screven,Bay Branch,Commissioner of Labor,,Lib,Emily Anderson,7,3,0,0,4
Screven,Hiltonia,Commissioner of Labor,,Lib,Emily Anderson,8,5,0,0,3
Screven,Screven Rec Dept,Commissioner of Labor,,Lib,Emily Anderson,6,2,1,0,3
Screven,Greenhill Church,Commissioner of Labor,,Lib,Emily Anderson,6,4,0,0,2
Screven,Sr Citizens Center,Commissioner of Labor,,Lib,Emily Anderson,10,4,0,0,6
Screven,Jackson Fire Station,Commissioner of Labor,,Lib,Emily Anderson,0,0,0,0,0
Screven,Cooperville Fire Station,Commissioner of Labor,,Lib,Emily Anderson,3,1,0,0,2
Screven,Sylvania,U.S. House,,Rep,Rick W. Allen ,374,224,31,0,119
Screven,Hunters,U.S. House,,Rep,Rick W. Allen ,186,72,5,0,109
Screven,Newington,U.S. House,,Rep,Rick W. Allen ,422,136,2,0,284
Screven,Jenk Hill Fire Sta,U.S. House,,Rep,Rick W. Allen ,345,191,8,0,146
Screven,Rocky Ford,U.S. House,,Rep,Rick W. Allen ,265,112,3,0,150
Screven,Bay Branch,U.S. House,,Rep,Rick W. Allen ,517,262,10,0,245
Screven,Hiltonia,U.S. House,,Rep,Rick W. Allen ,280,151,3,0,126
Screven,Screven Rec Dept,U.S. House,,Rep,Rick W. Allen ,110,57,6,0,47
Screven,Greenhill Church,U.S. House,,Rep,Rick W. Allen ,432,225,8,0,199
Screven,Sr Citizens Center,U.S. House,,Rep,Rick W. Allen ,248,180,5,0,63
Screven,Jackson Fire Station,U.S. House,,Rep,Rick W. Allen ,166,69,3,0,94
Screven,Cooperville Fire Station,U.S. House,,Rep,Rick W. Allen ,39,13,0,0,26
Screven,Sylvania,U.S. House,,Dem,Elizabeth 'Liz' Johnson,269,169,33,0,67
Screven,Hunters,U.S. House,,Dem,Elizabeth 'Liz' Johnson,76,40,7,0,29
Screven,Newington,U.S. House,,Dem,Elizabeth 'Liz' Johnson,187,87,12,0,88
Screven,Jenk Hill Fire Sta,U.S. House,,Dem,Elizabeth 'Liz' Johnson,287,178,23,0,86
Screven,Rocky Ford,U.S. House,,Dem,Elizabeth 'Liz' Johnson,74,44,5,0,25
Screven,Bay Branch,U.S. House,,Dem,Elizabeth 'Liz' Johnson,66,49,1,0,16
Screven,Hiltonia,U.S. House,,Dem,Elizabeth 'Liz' Johnson,198,105,13,0,80
Screven,Screven Rec Dept,U.S. House,,Dem,Elizabeth 'Liz' Johnson,109,65,5,0,39
Screven,Greenhill Church,U.S. House,,Dem,Elizabeth 'Liz' Johnson,81,49,7,0,25
Screven,Sr Citizens Center,U.S. House,,Dem,Elizabeth 'Liz' Johnson,366,198,27,0,141
Screven,Jackson Fire Station,U.S. House,,Dem,Elizabeth 'Liz' Johnson,49,29,7,0,13
Screven,Cooperville Fire Station,U.S. House,,Dem,Elizabeth 'Liz' Johnson,89,47,7,0,35
Screven,Sylvania,State Senate,,Rep,Max Burns,487,302,37,0,148
Screven,Hunters,State Senate,,Rep,Max Burns,220,83,8,0,129
Screven,Newington,State Senate,,Rep,Max Burns,503,173,9,0,321
Screven,Jenk Hill Fire Sta,State Senate,,Rep,Max Burns,475,262,15,0,198
Screven,Rocky Ford,State Senate,,Rep,Max Burns,291,130,4,0,157
Screven,Bay Branch,State Senate,,Rep,Max Burns,548,286,11,0,251
Screven,Hiltonia,State Senate,,Rep,Max Burns,360,189,11,0,160
Screven,Screven Rec Dept,State Senate,,Rep,Max Burns,159,84,9,0,66
Screven,Greenhill Church,State Senate,,Rep,Max Burns,464,245,8,0,211
Screven,Sr Citizens Center,State Senate,,Rep,Max Burns,422,278,13,0,131
Screven,Jackson Fire Station,State Senate,,Rep,Max Burns,174,75,3,0,96
Screven,Cooperville Fire Station,State Senate,,Rep,Max Burns,82,31,2,0,49
Screven,Sylvania,State House,,Rep,Jon G. Burns ,487,303,34,0,150
Screven,Hunters,State House,,Rep,Jon G. Burns ,219,83,8,0,128
Screven,Newington,State House,,Rep,Jon G. Burns ,500,175,9,0,316
Screven,Jenk Hill Fire Sta,State House,,Rep,Jon G. Burns ,476,264,14,0,198
Screven,Rocky Ford,State House,,Rep,Jon G. Burns ,292,128,6,0,158
Screven,Bay Branch,State House,,Rep,Jon G. Burns ,549,288,10,0,251
Screven,Hiltonia,State House,,Rep,Jon G. Burns ,357,190,10,0,157
Screven,Screven Rec Dept,State House,,Rep,Jon G. Burns ,160,85,9,0,66
Screven,Greenhill Church,State House,,Rep,Jon G. Burns ,466,247,8,0,211
Screven,Sr Citizens Center,State House,,Rep,Jon G. Burns ,426,281,12,0,133
Screven,Jackson Fire Station,State House,,Rep,Jon G. Burns ,178,80,3,0,95
Screven,Cooperville Fire Station,State House,,Rep,Jon G. Burns ,78,29,2,0,47
Screven,Bay Branch,County Comm Dist 1,,Rep,Tyler A. Thompson,19,9,0,0,10
Screven,Hiltonia,County Comm Dist 1,,Rep,Tyler A. Thompson,240,127,3,0,110
Screven,Screven Rec Dept,County Comm Dist 1,,Rep,Tyler A. Thompson,95,54,5,0,36
Screven,Sr Citizens Center,County Comm Dist 1,,Rep,Tyler A. Thompson,0,0,0,0,0
Screven,Bay Branch,County Comm Dist 1,,Dem,Edwin Lovett ,4,3,0,0,1
Screven,Hiltonia,County Comm Dist 1,,Dem,Edwin Lovett ,229,124,13,0,92
Screven,Screven Rec Dept,County Comm Dist 1,,Dem,Edwin Lovett ,122,66,5,0,51
Screven,Sr Citizens Center,County Comm Dist 1,,Dem,Edwin Lovett ,6,3,0,0,3
Screven,Newington,County Comm Dist 4,,Rep,Will Boyd ,441,142,8,0,291
Screven,Jackson Fire Station,County Comm Dist 4,,Rep,Will Boyd ,180,81,4,0,95
Screven,Sylvania,County Comm Dist 7,,Rep,Benjamin James Thompson,380,233,30,0,117
Screven,Bay Branch,County Comm Dist 7,,Rep,Benjamin James Thompson,23,9,2,0,12
Screven,Sylvania,County Comm Dist 7,,Dem,Chris Nasworthy,252,152,34,0,66
Screven,Bay Branch,County Comm Dist 7,,Dem,Chris Nasworthy,0,0,0,0,0
Screven,Sylvania,Proposed Constitutional Amendment 1,,,Yes,534,332,51,0,151
Screven,Hunters,Proposed Constitutional Amendment 1,,,Yes,226,97,11,0,118
Screven,Newington,Proposed Constitutional Amendment 1,,,Yes,510,171,14,0,325
Screven,Jenk Hill Fire Sta,Proposed Constitutional Amendment 1,,,Yes,505,287,26,0,192
Screven,Rocky Ford,Proposed Constitutional Amendment 1,,,Yes,289,134,7,0,148
Screven,Bay Branch,Proposed Constitutional Amendment 1,,,Yes,506,263,11,0,232
Screven,Hiltonia,Proposed Constitutional Amendment 1,,,Yes,396,206,10,0,180
Screven,Screven Rec Dept,Proposed Constitutional Amendment 1,,,Yes,174,99,10,0,65
Screven,Greenhill Church,Proposed Constitutional Amendment 1,,,Yes,433,232,12,0,189
Screven,Sr Citizens Center,Proposed Constitutional Amendment 1,,,Yes,498,311,20,0,167
Screven,Jackson Fire Station,Proposed Constitutional Amendment 1,,,Yes,194,91,10,0,93
Screven,Cooperville Fire Station,Proposed Constitutional Amendment 1,,,Yes,109,55,7,0,47
Screven,Sylvania,Proposed Constitutional Amendment 1,,,No,90,56,9,0,25
Screven,Hunters,Proposed Constitutional Amendment 1,,,No,27,9,1,0,17
Screven,Newington,Proposed Constitutional Amendment 1,,,No,86,48,0,0,38
Screven,Jenk Hill Fire Sta,Proposed Constitutional Amendment 1,,,No,103,63,3,0,37
Screven,Rocky Ford,Proposed Constitutional Amendment 1,,,No,42,18,1,0,23
Screven,Bay Branch,Proposed Constitutional Amendment 1,,,No,61,39,0,0,22
Screven,Hiltonia,Proposed Constitutional Amendment 1,,,No,69,40,6,0,23
Screven,Screven Rec Dept,Proposed Constitutional Amendment 1,,,No,37,19,1,0,17
Screven,Greenhill Church,Proposed Constitutional Amendment 1,,,No,65,34,2,0,29
Screven,Sr Citizens Center,Proposed Constitutional Amendment 1,,,No,99,56,11,0,32
Screven,Jackson Fire Station,Proposed Constitutional Amendment 1,,,No,17,5,0,0,12
Screven,Cooperville Fire Station,Proposed Constitutional Amendment 1,,,No,19,6,0,0,13
Screven,Sylvania,Proposed Constitutional Amendment 2,,,Yes,567,355,54,0,158
Screven,Hunters,Proposed Constitutional Amendment 2,,,Yes,236,100,12,0,124
Screven,Newington,Proposed Constitutional Amendment 2,,,Yes,551,198,13,0,340
Screven,Jenk Hill Fire Sta,Proposed Constitutional Amendment 2,,,Yes,549,316,28,0,205
Screven,Rocky Ford,Proposed Constitutional Amendment 2,,,Yes,306,137,9,0,160
Screven,Bay Branch,Proposed Constitutional Amendment 2,,,Yes,513,269,9,0,235
Screven,Hiltonia,Proposed Constitutional Amendment 2,,,Yes,411,217,15,0,179
Screven,Screven Rec Dept,Proposed Constitutional Amendment 2,,,Yes,196,109,10,0,77
Screven,Greenhill Church,Proposed Constitutional Amendment 2,,,Yes,441,238,13,0,190
Screven,Sr Citizens Center,Proposed Constitutional Amendment 2,,,Yes,523,324,28,0,171
Screven,Jackson Fire Station,Proposed Constitutional Amendment 2,,,Yes,198,89,10,0,99
Screven,Cooperville Fire Station,Proposed Constitutional Amendment 2,,,Yes,111,54,7,0,50
Screven,Sylvania,Proposed Constitutional Amendment 2,,,No,58,30,5,0,23
Screven,Hunters,Proposed Constitutional Amendment 2,,,No,19,7,0,0,12
Screven,Newington,Proposed Constitutional Amendment 2,,,No,46,23,1,0,22
Screven,Jenk Hill Fire Sta,Proposed Constitutional Amendment 2,,,No,68,40,2,0,26
Screven,Rocky Ford,Proposed Constitutional Amendment 2,,,No,29,17,0,0,12
Screven,Bay Branch,Proposed Constitutional Amendment 2,,,No,54,33,1,0,20
Screven,Hiltonia,Proposed Constitutional Amendment 2,,,No,53,30,1,0,22
Screven,Screven Rec Dept,Proposed Constitutional Amendment 2,,,No,17,9,1,0,7
Screven,Greenhill Church,Proposed Constitutional Amendment 2,,,No,60,29,1,0,30
Screven,Sr Citizens Center,Proposed Constitutional Amendment 2,,,No,73,44,2,0,27
Screven,Jackson Fire Station,Proposed Constitutional Amendment 2,,,No,16,8,0,0,8
Screven,Cooperville Fire Station,Proposed Constitutional Amendment 2,,,No,19,8,0,0,11
Screven,Sylvania,Statewide Referendum Question A,,,Yes,391,233,34,0,124
Screven,Hunters,Statewide Referendum Question A,,,Yes,162,71,6,0,85
Screven,Newington,Statewide Referendum Question A,,,Yes,388,129,10,0,249
Screven,Jenk Hill Fire Sta,Statewide Referendum Question A,,,Yes,365,194,14,0,157
Screven,Rocky Ford,Statewide Referendum Question A,,,Yes,220,98,1,0,121
Screven,Bay Branch,Statewide Referendum Question A,,,Yes,369,191,6,0,172
Screven,Hiltonia,Statewide Referendum Question A,,,Yes,286,137,8,0,141
Screven,Screven Rec Dept,Statewide Referendum Question A,,,Yes,116,62,2,0,52
Screven,Greenhill Church,Statewide Referendum Question A,,,Yes,307,168,8,0,131
Screven,Sr Citizens Center,Statewide Referendum Question A,,,Yes,364,222,20,0,122
Screven,Jackson Fire Station,Statewide Referendum Question A,,,Yes,144,64,7,0,73
Screven,Cooperville Fire Station,Statewide Referendum Question A,,,Yes,78,37,2,0,39
Screven,Sylvania,Statewide Referendum Question A,,,No,224,146,25,0,53
Screven,Hunters,Statewide Referendum Question A,,,No,91,35,6,0,50
Screven,Newington,Statewide Referendum Question A,,,No,201,87,3,0,111
Screven,Jenk Hill Fire Sta,Statewide Referendum Question A,,,No,232,144,16,0,72
Screven,Rocky Ford,Statewide Referendum Question A,,,No,109,54,5,0,50
Screven,Bay Branch,Statewide Referendum Question A,,,No,195,107,5,0,83
Screven,Hiltonia,Statewide Referendum Question A,,,No,167,104,7,0,56
Screven,Screven Rec Dept,Statewide Referendum Question A,,,No,89,52,8,0,29
Screven,Greenhill Church,Statewide Referendum Question A,,,No,188,95,6,0,87
Screven,Sr Citizens Center,Statewide Referendum Question A,,,No,231,147,11,0,73
Screven,Jackson Fire Station,Statewide Referendum Question A,,,No,66,31,3,0,32
Screven,Cooperville Fire Station,Statewide Referendum Question A,,,No,51,24,5,0,22
Screven,Sylvania,Statewide Referendum Question B,,,Yes,447,273,34,0,140
Screven,Hunters,Statewide Referendum Question B,,,Yes,187,79,4,0,104
Screven,Newington,Statewide Referendum Question B,,,Yes,451,156,11,0,284
Screven,Jenk Hill Fire Sta,Statewide Referendum Question B,,,Yes,421,230,17,0,174
Screven,Rocky Ford,Statewide Referendum Question B,,,Yes,254,116,4,0,134
Screven,Bay Branch,Statewide Referendum Question B,,,Yes,442,226,7,0,209
Screven,Hiltonia,Statewide Referendum Question B,,,Yes,334,160,9,0,165
Screven,Screven Rec Dept,Statewide Referendum Question B,,,Yes,135,72,5,0,58
Screven,Greenhill Church,Statewide Referendum Question B,,,Yes,359,198,9,0,152
Screven,Sr Citizens Center,Statewide Referendum Question B,,,Yes,400,249,18,0,133
Screven,Jackson Fire Station,Statewide Referendum Question B,,,Yes,162,74,9,0,79
Screven,Cooperville Fire Station,Statewide Referendum Question B,,,Yes,92,46,3,0,43
Screven,Sylvania,Statewide Referendum Question B,,,No,172,110,23,0,39
Screven,Hunters,Statewide Referendum Question B,,,No,66,27,8,0,31
Screven,Newington,Statewide Referendum Question B,,,No,142,61,2,0,79
Screven,Jenk Hill Fire Sta,Statewide Referendum Question B,,,No,179,112,12,0,55
Screven,Rocky Ford,Statewide Referendum Question B,,,No,73,34,2,0,37
Screven,Bay Branch,Statewide Referendum Question B,,,No,126,75,4,0,47
Screven,Hiltonia,Statewide Referendum Question B,,,No,126,84,6,0,36
Screven,Screven Rec Dept,Statewide Referendum Question B,,,No,75,44,6,0,25
Screven,Greenhill Church,Statewide Referendum Question B,,,No,138,67,5,0,66
Screven,Sr Citizens Center,Statewide Referendum Question B,,,No,193,118,12,0,63
Screven,Jackson Fire Station,Statewide Referendum Question B,,,No,49,20,1,0,28
Screven,Cooperville Fire Station,Statewide Referendum Question B,,,No,37,15,4,0,18
Screven,Sylvania,Sylvania Alcohol Question,,,Yes,408,245,35,0,128
Screven,Hunters,Sylvania Alcohol Question,,,Yes,20,13,0,0,7
Screven,Jenk Hill Fire Sta,Sylvania Alcohol Question,,,Yes,54,34,2,0,18
Screven,Greenhill Church,Sylvania Alcohol Question,,,Yes,15,13,0,0,2
Screven,Sr Citizens Center,Sylvania Alcohol Question,,,Yes,202,126,10,0,66
Screven,Sylvania,Sylvania Alcohol Question,,,No,188,122,24,0,42
Screven,Hunters,Sylvania Alcohol Question,,,No,8,5,2,0,1
Screven,Jenk Hill Fire Sta,Sylvania Alcohol Question,,,No,14,9,3,0,2
Screven,Greenhill Church,Sylvania Alcohol Question,,,No,5,2,1,0,2
Screven,Sr Citizens Center,Sylvania Alcohol Question,,,No,56,37,6,0,13
