county,precinct,office,district,party,candidate,votes,advance_voting_votes,absentee_by_mail_votes,provisional_votes,election_day_votes
Douglas,Mirror Lake Elementary,U.S. Senate,,Rep,Herschel Walker,1380,751,55,0,574
Douglas,Winston,U.S. Senate,,Rep,Herschel Walker,383,212,16,0,155
Douglas,Dog River Library,U.S. Senate,,Rep,Herschel Walker,2208,1599,67,0,542
Douglas,Atlanta West Pentecostal,U.S. Senate,,Rep,Herschel Walker,135,62,6,0,67
Douglas,Ephesus Baptist Church,U.S. Senate,,Rep,Herschel Walker,1810,1045,45,0,720
Douglas,Prays Mill Gym,U.S. Senate,,Rep,Herschel Walker,1586,1050,57,0,479
Douglas,Turner,U.S. Senate,,Rep,Herschel Walker,699,404,54,1,240
Douglas,First Baptist Lithia Springs,U.S. Senate,,Rep,Herschel Walker,398,237,17,0,144
Douglas,Lithia Springs High School,U.S. Senate,,Rep,Herschel Walker,421,292,22,0,107
Douglas,Deer Lick,U.S. Senate,,Rep,Herschel Walker,485,338,15,0,132
Douglas,Golden Methodist Church,U.S. Senate,,Rep,Herschel Walker,258,151,14,0,93
Douglas,Old Courthouse,U.S. Senate,,Rep,Herschel Walker,671,483,41,0,147
Douglas,Beulah Baptist Church,U.S. Senate,,Rep,Herschel Walker,786,460,38,0,288
Douglas,Stewart,U.S. Senate,,Rep,Herschel Walker,177,129,4,0,44
Douglas,Arbor Station,U.S. Senate,,Rep,Herschel Walker,373,197,16,0,160
Douglas,Bright Star,U.S. Senate,,Rep,Herschel Walker,695,353,18,0,324
Douglas,Dorsett Shoals,U.S. Senate,,Rep,Herschel Walker,855,528,37,0,290
Douglas,Chapel Hill,U.S. Senate,,Rep,Herschel Walker,486,317,9,0,160
Douglas,Church At Chapel Hill,U.S. Senate,,Rep,Herschel Walker,859,579,27,0,253
Douglas,Chestnut Log,U.S. Senate,,Rep,Herschel Walker,445,295,20,0,130
Douglas,St Julians Episcopal,U.S. Senate,,Rep,Herschel Walker,475,251,19,0,205
Douglas,Lutheran Church-GS,U.S. Senate,,Rep,Herschel Walker,701,432,24,1,244
Douglas,First Baptist Douglasville,U.S. Senate,,Rep,Herschel Walker,501,319,31,0,151
Douglas,Factory Shoals,U.S. Senate,,Rep,Herschel Walker,536,345,20,0,171
Douglas,Boundary Waters,U.S. Senate,,Rep,Herschel Walker,266,187,11,0,68
Douglas,Mirror Lake Elementary,U.S. Senate,,Dem,Raphael Warnock ,2100,1205,189,0,706
Douglas,Winston,U.S. Senate,,Dem,Raphael Warnock ,562,344,22,2,194
Douglas,Dog River Library,U.S. Senate,,Dem,Raphael Warnock ,1085,845,53,0,187
Douglas,Atlanta West Pentecostal,U.S. Senate,,Dem,Raphael Warnock ,1254,764,78,0,412
Douglas,Ephesus Baptist Church,U.S. Senate,,Dem,Raphael Warnock ,714,452,66,0,196
Douglas,Prays Mill Gym,U.S. Senate,,Dem,Raphael Warnock ,1399,944,107,0,348
Douglas,Turner,U.S. Senate,,Dem,Raphael Warnock ,1093,706,77,1,309
Douglas,First Baptist Lithia Springs,U.S. Senate,,Dem,Raphael Warnock ,543,337,39,0,167
Douglas,Lithia Springs High School,U.S. Senate,,Dem,Raphael Warnock ,2635,1855,162,0,618
Douglas,Deer Lick,U.S. Senate,,Dem,Raphael Warnock ,831,571,53,0,207
Douglas,Golden Methodist Church,U.S. Senate,,Dem,Raphael Warnock ,2186,1419,114,0,653
Douglas,Old Courthouse,U.S. Senate,,Dem,Raphael Warnock ,1676,1124,128,1,423
Douglas,Beulah Baptist Church,U.S. Senate,,Dem,Raphael Warnock ,958,585,73,0,300
Douglas,Stewart,U.S. Senate,,Dem,Raphael Warnock ,1248,806,81,0,361
Douglas,Arbor Station,U.S. Senate,,Dem,Raphael Warnock ,950,544,58,0,348
Douglas,Bright Star,U.S. Senate,,Dem,Raphael Warnock ,612,339,57,0,216
Douglas,Dorsett Shoals,U.S. Senate,,Dem,Raphael Warnock ,852,498,75,0,279
Douglas,Chapel Hill,U.S. Senate,,Dem,Raphael Warnock ,1690,1113,125,0,452
Douglas,Church At Chapel Hill,U.S. Senate,,Dem,Raphael Warnock ,2531,1784,126,1,620
Douglas,Chestnut Log,U.S. Senate,,Dem,Raphael Warnock ,1601,1095,108,0,398
Douglas,St Julians Episcopal,U.S. Senate,,Dem,Raphael Warnock ,614,336,67,0,211
Douglas,Lutheran Church-GS,U.S. Senate,,Dem,Raphael Warnock ,1761,1189,130,1,441
Douglas,First Baptist Douglasville,U.S. Senate,,Dem,Raphael Warnock ,1007,710,83,0,214
Douglas,Factory Shoals,U.S. Senate,,Dem,Raphael Warnock ,2233,1612,138,2,481
Douglas,Boundary Waters,U.S. Senate,,Dem,Raphael Warnock ,2023,1463,79,0,481
Douglas,Mirror Lake Elementary,U.S. Senate,,Lib,Chase Oliver,55,20,5,0,30
Douglas,Winston,U.S. Senate,,Lib,Chase Oliver,18,9,3,0,6
Douglas,Dog River Library,U.S. Senate,,Lib,Chase Oliver,87,60,3,0,24
Douglas,Atlanta West Pentecostal,U.S. Senate,,Lib,Chase Oliver,15,7,0,0,8
Douglas,Ephesus Baptist Church,U.S. Senate,,Lib,Chase Oliver,47,23,0,0,24
Douglas,Prays Mill Gym,U.S. Senate,,Lib,Chase Oliver,89,53,4,0,32
Douglas,Turner,U.S. Senate,,Lib,Chase Oliver,40,15,6,0,19
Douglas,First Baptist Lithia Springs,U.S. Senate,,Lib,Chase Oliver,24,15,0,0,9
Douglas,Lithia Springs High School,U.S. Senate,,Lib,Chase Oliver,33,15,2,0,16
Douglas,Deer Lick,U.S. Senate,,Lib,Chase Oliver,23,15,1,0,7
Douglas,Golden Methodist Church,U.S. Senate,,Lib,Chase Oliver,38,21,4,0,13
Douglas,Old Courthouse,U.S. Senate,,Lib,Chase Oliver,58,38,0,0,20
Douglas,Beulah Baptist Church,U.S. Senate,,Lib,Chase Oliver,32,14,2,0,16
Douglas,Stewart,U.S. Senate,,Lib,Chase Oliver,20,9,0,0,11
Douglas,Arbor Station,U.S. Senate,,Lib,Chase Oliver,49,17,5,0,27
Douglas,Bright Star,U.S. Senate,,Lib,Chase Oliver,36,20,0,0,16
Douglas,Dorsett Shoals,U.S. Senate,,Lib,Chase Oliver,64,21,4,0,39
Douglas,Chapel Hill,U.S. Senate,,Lib,Chase Oliver,33,17,1,0,15
Douglas,Church At Chapel Hill,U.S. Senate,,Lib,Chase Oliver,55,26,2,0,27
Douglas,Chestnut Log,U.S. Senate,,Lib,Chase Oliver,26,14,1,0,11
Douglas,St Julians Episcopal,U.S. Senate,,Lib,Chase Oliver,35,12,4,0,19
Douglas,Lutheran Church-GS,U.S. Senate,,Lib,Chase Oliver,38,11,1,0,26
Douglas,First Baptist Douglasville,U.S. Senate,,Lib,Chase Oliver,28,14,1,0,13
Douglas,Factory Shoals,U.S. Senate,,Lib,Chase Oliver,31,12,2,0,17
Douglas,Boundary Waters,U.S. Senate,,Lib,Chase Oliver,25,14,3,0,8
Douglas,Mirror Lake Elementary,Governor,,Rep,Brian Kemp ,1530,828,65,0,637
Douglas,Winston,Governor,,Rep,Brian Kemp ,418,235,19,0,164
Douglas,Dog River Library,Governor,,Rep,Brian Kemp ,2395,1736,77,0,582
Douglas,Atlanta West Pentecostal,Governor,,Rep,Brian Kemp ,159,76,7,0,76
Douglas,Ephesus Baptist Church,Governor,,Rep,Brian Kemp ,1918,1105,49,0,764
Douglas,Prays Mill Gym,Governor,,Rep,Brian Kemp ,1732,1142,68,0,522
Douglas,Turner,Governor,,Rep,Brian Kemp ,777,443,60,1,273
Douglas,First Baptist Lithia Springs,Governor,,Rep,Brian Kemp ,443,263,18,0,162
Douglas,Lithia Springs High School,Governor,,Rep,Brian Kemp ,509,352,25,0,132
Douglas,Deer Lick,Governor,,Rep,Brian Kemp ,546,382,19,0,145
Douglas,Golden Methodist Church,Governor,,Rep,Brian Kemp ,320,186,20,0,114
Douglas,Old Courthouse,Governor,,Rep,Brian Kemp ,781,552,45,0,184
Douglas,Beulah Baptist Church,Governor,,Rep,Brian Kemp ,874,507,49,0,318
Douglas,Stewart,Governor,,Rep,Brian Kemp ,194,141,5,0,48
Douglas,Arbor Station,Governor,,Rep,Brian Kemp ,457,232,24,0,201
Douglas,Bright Star,Governor,,Rep,Brian Kemp ,769,395,19,0,355
Douglas,Dorsett Shoals,Governor,,Rep,Brian Kemp ,960,572,47,0,341
Douglas,Chapel Hill,Governor,,Rep,Brian Kemp ,556,356,16,0,184
Douglas,Church At Chapel Hill,Governor,,Rep,Brian Kemp ,981,654,34,0,293
Douglas,Chestnut Log,Governor,,Rep,Brian Kemp ,525,336,29,0,160
Douglas,St Julians Episcopal,Governor,,Rep,Brian Kemp ,542,277,28,0,237
Douglas,Lutheran Church-GS,Governor,,Rep,Brian Kemp ,809,493,26,1,289
Douglas,First Baptist Douglasville,Governor,,Rep,Brian Kemp ,575,361,37,0,177
Douglas,Factory Shoals,Governor,,Rep,Brian Kemp ,631,401,29,0,201
Douglas,Boundary Waters,Governor,,Rep,Brian Kemp ,318,218,16,0,84
Douglas,Mirror Lake Elementary,Governor,,Dem,Stacey Abrams,2000,1150,184,0,666
Douglas,Winston,Governor,,Dem,Stacey Abrams,544,331,22,2,189
Douglas,Dog River Library,Governor,,Dem,Stacey Abrams,972,761,46,0,165
Douglas,Atlanta West Pentecostal,Governor,,Dem,Stacey Abrams,1237,755,76,0,406
Douglas,Ephesus Baptist Church,Governor,,Dem,Stacey Abrams,641,413,59,0,169
Douglas,Prays Mill Gym,Governor,,Dem,Stacey Abrams,1323,899,98,0,326
Douglas,Turner,Governor,,Dem,Stacey Abrams,1042,677,73,1,291
Douglas,First Baptist Lithia Springs,Governor,,Dem,Stacey Abrams,520,324,38,0,158
Douglas,Lithia Springs High School,Governor,,Dem,Stacey Abrams,2566,1801,161,0,604
Douglas,Deer Lick,Governor,,Dem,Stacey Abrams,790,543,50,0,197
Douglas,Golden Methodist Church,Governor,,Dem,Stacey Abrams,2154,1404,111,0,639
Douglas,Old Courthouse,Governor,,Dem,Stacey Abrams,1615,1090,119,1,405
Douglas,Beulah Baptist Church,Governor,,Dem,Stacey Abrams,904,554,67,0,283
Douglas,Stewart,Governor,,Dem,Stacey Abrams,1244,801,80,0,363
Douglas,Arbor Station,Governor,,Dem,Stacey Abrams,905,521,55,0,329
Douglas,Bright Star,Governor,,Dem,Stacey Abrams,570,316,55,0,199
Douglas,Dorsett Shoals,Governor,,Dem,Stacey Abrams,803,475,69,0,259
Douglas,Chapel Hill,Governor,,Dem,Stacey Abrams,1644,1085,118,0,441
Douglas,Church At Chapel Hill,Governor,,Dem,Stacey Abrams,2453,1735,120,1,597
Douglas,Chestnut Log,Governor,,Dem,Stacey Abrams,1545,1062,102,0,381
Douglas,St Julians Episcopal,Governor,,Dem,Stacey Abrams,591,326,63,0,202
Douglas,Lutheran Church-GS,Governor,,Dem,Stacey Abrams,1688,1138,130,0,420
Douglas,First Baptist Douglasville,Governor,,Dem,Stacey Abrams,958,684,76,0,198
Douglas,Factory Shoals,Governor,,Dem,Stacey Abrams,2167,1568,133,2,464
Douglas,Boundary Waters,Governor,,Dem,Stacey Abrams,1982,1440,75,0,467
Douglas,Mirror Lake Elementary,Governor,,Lib,Shane Hazel,22,9,1,0,12
Douglas,Winston,Governor,,Lib,Shane Hazel,4,0,0,0,4
Douglas,Dog River Library,Governor,,Lib,Shane Hazel,27,17,1,0,9
Douglas,Atlanta West Pentecostal,Governor,,Lib,Shane Hazel,7,1,1,0,5
Douglas,Ephesus Baptist Church,Governor,,Lib,Shane Hazel,14,3,1,0,10
Douglas,Prays Mill Gym,Governor,,Lib,Shane Hazel,36,18,2,0,16
Douglas,Turner,Governor,,Lib,Shane Hazel,21,7,4,0,10
Douglas,First Baptist Lithia Springs,Governor,,Lib,Shane Hazel,7,6,0,0,1
Douglas,Lithia Springs High School,Governor,,Lib,Shane Hazel,17,10,1,0,6
Douglas,Deer Lick,Governor,,Lib,Shane Hazel,8,4,0,0,4
Douglas,Golden Methodist Church,Governor,,Lib,Shane Hazel,14,7,1,0,6
Douglas,Old Courthouse,Governor,,Lib,Shane Hazel,18,10,2,0,6
Douglas,Beulah Baptist Church,Governor,,Lib,Shane Hazel,9,4,0,0,5
Douglas,Stewart,Governor,,Lib,Shane Hazel,10,3,0,0,7
Douglas,Arbor Station,Governor,,Lib,Shane Hazel,15,7,1,0,7
Douglas,Bright Star,Governor,,Lib,Shane Hazel,8,5,0,0,3
Douglas,Dorsett Shoals,Governor,,Lib,Shane Hazel,17,6,0,0,11
Douglas,Chapel Hill,Governor,,Lib,Shane Hazel,13,7,1,0,5
Douglas,Church At Chapel Hill,Governor,,Lib,Shane Hazel,25,14,0,0,11
Douglas,Chestnut Log,Governor,,Lib,Shane Hazel,11,8,0,0,3
Douglas,St Julians Episcopal,Governor,,Lib,Shane Hazel,4,3,0,0,1
Douglas,Lutheran Church-GS,Governor,,Lib,Shane Hazel,11,4,0,0,7
Douglas,First Baptist Douglasville,Governor,,Lib,Shane Hazel,9,4,0,0,5
Douglas,Factory Shoals,Governor,,Lib,Shane Hazel,10,6,0,0,4
Douglas,Boundary Waters,Governor,,Lib,Shane Hazel,16,7,2,0,7
Douglas,Mirror Lake Elementary,Lieutenant Governor,,Rep,Burt Jones,1450,792,60,0,598
Douglas,Winston,Lieutenant Governor,,Rep,Burt Jones,404,228,19,0,157
Douglas,Dog River Library,Lieutenant Governor,,Rep,Burt Jones,2322,1687,73,0,562
Douglas,Atlanta West Pentecostal,Lieutenant Governor,,Rep,Burt Jones,147,70,7,0,70
Douglas,Ephesus Baptist Church,Lieutenant Governor,,Rep,Burt Jones,1850,1071,46,0,733
Douglas,Prays Mill Gym,Lieutenant Governor,,Rep,Burt Jones,1644,1084,60,0,500
Douglas,Turner,Lieutenant Governor,,Rep,Burt Jones,742,422,57,1,262
Douglas,First Baptist Lithia Springs,Lieutenant Governor,,Rep,Burt Jones,416,248,17,0,151
Douglas,Lithia Springs High School,Lieutenant Governor,,Rep,Burt Jones,459,321,23,0,115
Douglas,Deer Lick,Lieutenant Governor,,Rep,Burt Jones,504,356,16,0,132
Douglas,Golden Methodist Church,Lieutenant Governor,,Rep,Burt Jones,293,169,18,0,106
Douglas,Old Courthouse,Lieutenant Governor,,Rep,Burt Jones,718,515,42,0,161
Douglas,Beulah Baptist Church,Lieutenant Governor,,Rep,Burt Jones,828,478,42,0,308
Douglas,Stewart,Lieutenant Governor,,Rep,Burt Jones,183,137,4,0,42
Douglas,Arbor Station,Lieutenant Governor,,Rep,Burt Jones,425,218,20,0,187
Douglas,Bright Star,Lieutenant Governor,,Rep,Burt Jones,740,383,19,0,338
Douglas,Dorsett Shoals,Lieutenant Governor,,Rep,Burt Jones,921,554,43,0,324
Douglas,Chapel Hill,Lieutenant Governor,,Rep,Burt Jones,522,336,11,0,175
Douglas,Church At Chapel Hill,Lieutenant Governor,,Rep,Burt Jones,932,617,32,0,283
Douglas,Chestnut Log,Lieutenant Governor,,Rep,Burt Jones,484,312,27,0,145
Douglas,St Julians Episcopal,Lieutenant Governor,,Rep,Burt Jones,498,263,25,0,210
Douglas,Lutheran Church-GS,Lieutenant Governor,,Rep,Burt Jones,756,463,25,1,267
Douglas,First Baptist Douglasville,Lieutenant Governor,,Rep,Burt Jones,539,340,34,0,165
Douglas,Factory Shoals,Lieutenant Governor,,Rep,Burt Jones,579,366,27,0,186
Douglas,Boundary Waters,Lieutenant Governor,,Rep,Burt Jones,288,202,12,0,74
Douglas,Mirror Lake Elementary,Lieutenant Governor,,Dem,Charlie Bailey,2001,1138,188,0,675
Douglas,Winston,Lieutenant Governor,,Dem,Charlie Bailey,530,325,20,1,184
Douglas,Dog River Library,Lieutenant Governor,,Dem,Charlie Bailey,984,775,46,0,163
Douglas,Atlanta West Pentecostal,Lieutenant Governor,,Dem,Charlie Bailey,1215,748,75,0,392
Douglas,Ephesus Baptist Church,Lieutenant Governor,,Dem,Charlie Bailey,666,425,64,0,177
Douglas,Prays Mill Gym,Lieutenant Governor,,Dem,Charlie Bailey,1332,909,100,0,323
Douglas,Turner,Lieutenant Governor,,Dem,Charlie Bailey,1041,682,76,1,282
Douglas,First Baptist Lithia Springs,Lieutenant Governor,,Dem,Charlie Bailey,516,320,38,0,158
Douglas,Lithia Springs High School,Lieutenant Governor,,Dem,Charlie Bailey,2534,1787,161,0,586
Douglas,Deer Lick,Lieutenant Governor,,Dem,Charlie Bailey,803,551,52,0,200
Douglas,Golden Methodist Church,Lieutenant Governor,,Dem,Charlie Bailey,2107,1381,111,0,615
Douglas,Old Courthouse,Lieutenant Governor,,Dem,Charlie Bailey,1601,1076,122,1,402
Douglas,Beulah Baptist Church,Lieutenant Governor,,Dem,Charlie Bailey,899,552,68,0,279
Douglas,Stewart,Lieutenant Governor,,Dem,Charlie Bailey,1209,777,79,0,353
Douglas,Arbor Station,Lieutenant Governor,,Dem,Charlie Bailey,887,511,52,0,324
Douglas,Bright Star,Lieutenant Governor,,Dem,Charlie Bailey,563,311,55,0,197
Douglas,Dorsett Shoals,Lieutenant Governor,,Dem,Charlie Bailey,796,474,70,0,252
Douglas,Chapel Hill,Lieutenant Governor,,Dem,Charlie Bailey,1622,1078,116,0,428
Douglas,Church At Chapel Hill,Lieutenant Governor,,Dem,Charlie Bailey,2427,1720,121,1,585
Douglas,Chestnut Log,Lieutenant Governor,,Dem,Charlie Bailey,1541,1057,100,0,384
Douglas,St Julians Episcopal,Lieutenant Governor,,Dem,Charlie Bailey,595,328,64,0,203
Douglas,Lutheran Church-GS,Lieutenant Governor,,Dem,Charlie Bailey,1691,1140,128,0,423
Douglas,First Baptist Douglasville,Lieutenant Governor,,Dem,Charlie Bailey,949,673,80,0,196
Douglas,Factory Shoals,Lieutenant Governor,,Dem,Charlie Bailey,2149,1559,134,2,454
Douglas,Boundary Waters,Lieutenant Governor,,Dem,Charlie Bailey,1958,1417,77,0,464
Douglas,Mirror Lake Elementary,Lieutenant Governor,,Lib,Ryan Graham,72,36,0,0,36
Douglas,Winston,Lieutenant Governor,,Lib,Ryan Graham,24,8,2,1,13
Douglas,Dog River Library,Lieutenant Governor,,Lib,Ryan Graham,72,44,3,0,25
Douglas,Atlanta West Pentecostal,Lieutenant Governor,,Lib,Ryan Graham,26,9,1,0,16
Douglas,Ephesus Baptist Church,Lieutenant Governor,,Lib,Ryan Graham,46,18,0,0,28
Douglas,Prays Mill Gym,Lieutenant Governor,,Lib,Ryan Graham,81,41,6,0,34
Douglas,Turner,Lieutenant Governor,,Lib,Ryan Graham,42,15,3,0,24
Douglas,First Baptist Lithia Springs,Lieutenant Governor,,Lib,Ryan Graham,25,15,1,0,9
Douglas,Lithia Springs High School,Lieutenant Governor,,Lib,Ryan Graham,69,40,1,0,28
Douglas,Deer Lick,Lieutenant Governor,,Lib,Ryan Graham,30,17,1,0,12
Douglas,Golden Methodist Church,Lieutenant Governor,,Lib,Ryan Graham,57,30,3,0,24
Douglas,Old Courthouse,Lieutenant Governor,,Lib,Ryan Graham,60,40,0,0,20
Douglas,Beulah Baptist Church,Lieutenant Governor,,Lib,Ryan Graham,41,21,5,0,15
Douglas,Stewart,Lieutenant Governor,,Lib,Ryan Graham,32,17,1,0,14
Douglas,Arbor Station,Lieutenant Governor,,Lib,Ryan Graham,53,24,5,0,24
Douglas,Bright Star,Lieutenant Governor,,Lib,Ryan Graham,37,18,0,0,19
Douglas,Dorsett Shoals,Lieutenant Governor,,Lib,Ryan Graham,51,19,2,0,30
Douglas,Chapel Hill,Lieutenant Governor,,Lib,Ryan Graham,49,26,4,0,19
Douglas,Church At Chapel Hill,Lieutenant Governor,,Lib,Ryan Graham,69,44,0,0,25
Douglas,Chestnut Log,Lieutenant Governor,,Lib,Ryan Graham,39,23,3,0,13
Douglas,St Julians Episcopal,Lieutenant Governor,,Lib,Ryan Graham,25,8,2,0,15
Douglas,Lutheran Church-GS,Lieutenant Governor,,Lib,Ryan Graham,45,20,3,0,22
Douglas,First Baptist Douglasville,Lieutenant Governor,,Lib,Ryan Graham,38,25,0,0,13
Douglas,Factory Shoals,Lieutenant Governor,,Lib,Ryan Graham,54,33,1,0,20
Douglas,Boundary Waters,Lieutenant Governor,,Lib,Ryan Graham,47,28,3,0,16
Douglas,Mirror Lake Elementary,Secretary of State,,Rep,Brad Raffensperger ,1525,833,69,0,623
Douglas,Winston,Secretary of State,,Rep,Brad Raffensperger ,408,225,19,0,164
Douglas,Dog River Library,Secretary of State,,Rep,Brad Raffensperger ,2314,1694,72,0,548
Douglas,Atlanta West Pentecostal,Secretary of State,,Rep,Brad Raffensperger ,185,87,10,0,88
Douglas,Ephesus Baptist Church,Secretary of State,,Rep,Brad Raffensperger ,1865,1079,56,0,730
Douglas,Prays Mill Gym,Secretary of State,,Rep,Brad Raffensperger ,1700,1125,69,0,506
Douglas,Turner,Secretary of State,,Rep,Brad Raffensperger ,750,431,60,1,258
Douglas,First Baptist Lithia Springs,Secretary of State,,Rep,Brad Raffensperger ,443,264,18,0,161
Douglas,Lithia Springs High School,Secretary of State,,Rep,Brad Raffensperger ,542,380,23,0,139
Douglas,Deer Lick,Secretary of State,,Rep,Brad Raffensperger ,530,374,18,0,138
Douglas,Golden Methodist Church,Secretary of State,,Rep,Brad Raffensperger ,366,217,22,0,127
Douglas,Old Courthouse,Secretary of State,,Rep,Brad Raffensperger ,774,550,46,0,178
Douglas,Beulah Baptist Church,Secretary of State,,Rep,Brad Raffensperger ,838,480,46,0,312
Douglas,Stewart,Secretary of State,,Rep,Brad Raffensperger ,210,149,5,0,56
Douglas,Arbor Station,Secretary of State,,Rep,Brad Raffensperger ,466,242,25,0,199
Douglas,Bright Star,Secretary of State,,Rep,Brad Raffensperger ,750,392,21,0,337
Douglas,Dorsett Shoals,Secretary of State,,Rep,Brad Raffensperger ,929,552,49,0,328
Douglas,Chapel Hill,Secretary of State,,Rep,Brad Raffensperger ,601,393,25,0,183
Douglas,Church At Chapel Hill,Secretary of State,,Rep,Brad Raffensperger ,1017,682,41,0,294
Douglas,Chestnut Log,Secretary of State,,Rep,Brad Raffensperger ,553,356,36,0,161
Douglas,St Julians Episcopal,Secretary of State,,Rep,Brad Raffensperger ,525,283,29,0,213
Douglas,Lutheran Church-GS,Secretary of State,,Rep,Brad Raffensperger ,838,506,36,1,295
Douglas,First Baptist Douglasville,Secretary of State,,Rep,Brad Raffensperger ,596,375,42,0,179
Douglas,Factory Shoals,Secretary of State,,Rep,Brad Raffensperger ,642,417,28,0,197
Douglas,Boundary Waters,Secretary of State,,Rep,Brad Raffensperger ,352,251,16,0,85
Douglas,Mirror Lake Elementary,Secretary of State,,Dem,Bee Nguyen,1916,1091,181,0,644
Douglas,Winston,Secretary of State,,Dem,Bee Nguyen,526,322,21,2,181
Douglas,Dog River Library,Secretary of State,,Dem,Bee Nguyen,945,738,43,0,164
Douglas,Atlanta West Pentecostal,Secretary of State,,Dem,Bee Nguyen,1185,729,73,0,383
Douglas,Ephesus Baptist Church,Secretary of State,,Dem,Bee Nguyen,611,392,55,0,164
Douglas,Prays Mill Gym,Secretary of State,,Dem,Bee Nguyen,1262,862,94,0,306
Douglas,Turner,Secretary of State,,Dem,Bee Nguyen,1007,651,71,1,284
Douglas,First Baptist Lithia Springs,Secretary of State,,Dem,Bee Nguyen,497,308,38,0,151
Douglas,Lithia Springs High School,Secretary of State,,Dem,Bee Nguyen,2460,1727,159,0,574
Douglas,Deer Lick,Secretary of State,,Dem,Bee Nguyen,767,524,50,0,193
Douglas,Golden Methodist Church,Secretary of State,,Dem,Bee Nguyen,2046,1340,107,0,599
Douglas,Old Courthouse,Secretary of State,,Dem,Bee Nguyen,1560,1042,120,1,397
Douglas,Beulah Baptist Church,Secretary of State,,Dem,Bee Nguyen,885,544,68,0,273
Douglas,Stewart,Secretary of State,,Dem,Bee Nguyen,1193,767,78,0,348
Douglas,Arbor Station,Secretary of State,,Dem,Bee Nguyen,859,492,50,0,317
Douglas,Bright Star,Secretary of State,,Dem,Bee Nguyen,552,304,53,0,195
Douglas,Dorsett Shoals,Secretary of State,,Dem,Bee Nguyen,776,461,65,0,250
Douglas,Chapel Hill,Secretary of State,,Dem,Bee Nguyen,1561,1028,107,0,426
Douglas,Church At Chapel Hill,Secretary of State,,Dem,Bee Nguyen,2355,1664,111,1,579
Douglas,Chestnut Log,Secretary of State,,Dem,Bee Nguyen,1476,1014,94,0,368
Douglas,St Julians Episcopal,Secretary of State,,Dem,Bee Nguyen,566,309,60,0,197
Douglas,Lutheran Church-GS,Secretary of State,,Dem,Bee Nguyen,1620,1102,119,0,399
Douglas,First Baptist Douglasville,Secretary of State,,Dem,Bee Nguyen,912,653,71,0,188
Douglas,Factory Shoals,Secretary of State,,Dem,Bee Nguyen,2086,1515,128,2,441
Douglas,Boundary Waters,Secretary of State,,Dem,Bee Nguyen,1907,1385,73,0,449
Douglas,Mirror Lake Elementary,Secretary of State,,Lib,Ted Metz,87,49,0,0,38
Douglas,Winston,Secretary of State,,Lib,Ted Metz,21,10,1,0,10
Douglas,Dog River Library,Secretary of State,,Lib,Ted Metz,107,66,7,0,34
Douglas,Atlanta West Pentecostal,Secretary of State,,Lib,Ted Metz,19,9,0,0,10
Douglas,Ephesus Baptist Church,Secretary of State,,Lib,Ted Metz,77,33,0,0,44
Douglas,Prays Mill Gym,Secretary of State,,Lib,Ted Metz,98,50,4,0,44
Douglas,Turner,Secretary of State,,Lib,Ted Metz,66,34,6,0,26
Douglas,First Baptist Lithia Springs,Secretary of State,,Lib,Ted Metz,23,15,0,0,8
Douglas,Lithia Springs High School,Secretary of State,,Lib,Ted Metz,66,42,4,0,20
Douglas,Deer Lick,Secretary of State,,Lib,Ted Metz,40,29,0,0,11
Douglas,Golden Methodist Church,Secretary of State,,Lib,Ted Metz,44,22,2,0,20
Douglas,Old Courthouse,Secretary of State,,Lib,Ted Metz,49,40,0,0,9
Douglas,Beulah Baptist Church,Secretary of State,,Lib,Ted Metz,51,30,2,0,19
Douglas,Stewart,Secretary of State,,Lib,Ted Metz,22,14,2,0,6
Douglas,Arbor Station,Secretary of State,,Lib,Ted Metz,38,20,2,0,16
Douglas,Bright Star,Secretary of State,,Lib,Ted Metz,37,16,0,0,21
Douglas,Dorsett Shoals,Secretary of State,,Lib,Ted Metz,59,30,2,0,27
Douglas,Chapel Hill,Secretary of State,,Lib,Ted Metz,35,17,1,0,17
Douglas,Church At Chapel Hill,Secretary of State,,Lib,Ted Metz,63,38,1,0,24
Douglas,Chestnut Log,Secretary of State,,Lib,Ted Metz,41,29,0,0,12
Douglas,St Julians Episcopal,Secretary of State,,Lib,Ted Metz,34,11,2,0,21
Douglas,Lutheran Church-GS,Secretary of State,,Lib,Ted Metz,35,18,1,0,16
Douglas,First Baptist Douglasville,Secretary of State,,Lib,Ted Metz,28,15,2,0,11
Douglas,Factory Shoals,Secretary of State,,Lib,Ted Metz,62,34,4,0,24
Douglas,Boundary Waters,Secretary of State,,Lib,Ted Metz,38,17,2,0,19
Douglas,Mirror Lake Elementary,Attorney General,,Rep,Chris Carr ,1483,806,65,0,612
Douglas,Winston,Attorney General,,Rep,Chris Carr ,403,226,19,0,158
Douglas,Dog River Library,Attorney General,,Rep,Chris Carr ,2344,1704,77,0,563
Douglas,Atlanta West Pentecostal,Attorney General,,Rep,Chris Carr ,151,70,9,0,72
Douglas,Ephesus Baptist Church,Attorney General,,Rep,Chris Carr ,1878,1094,47,0,737
Douglas,Prays Mill Gym,Attorney General,,Rep,Chris Carr ,1683,1111,66,0,506
Douglas,Turner,Attorney General,,Rep,Chris Carr ,738,420,56,0,262
Douglas,First Baptist Lithia Springs,Attorney General,,Rep,Chris Carr ,427,253,18,0,156
Douglas,Lithia Springs High School,Attorney General,,Rep,Chris Carr ,468,329,21,0,118
Douglas,Deer Lick,Attorney General,,Rep,Chris Carr ,522,366,17,0,139
Douglas,Golden Methodist Church,Attorney General,,Rep,Chris Carr ,316,183,21,0,112
Douglas,Old Courthouse,Attorney General,,Rep,Chris Carr ,750,538,42,0,170
Douglas,Beulah Baptist Church,Attorney General,,Rep,Chris Carr ,833,485,46,0,302
Douglas,Stewart,Attorney General,,Rep,Chris Carr ,187,138,4,0,45
Douglas,Arbor Station,Attorney General,,Rep,Chris Carr ,435,227,20,0,188
Douglas,Bright Star,Attorney General,,Rep,Chris Carr ,751,388,19,0,344
Douglas,Dorsett Shoals,Attorney General,,Rep,Chris Carr ,916,557,44,0,315
Douglas,Chapel Hill,Attorney General,,Rep,Chris Carr ,541,349,14,0,178
Douglas,Church At Chapel Hill,Attorney General,,Rep,Chris Carr ,948,636,30,0,282
Douglas,Chestnut Log,Attorney General,,Rep,Chris Carr ,508,336,29,0,143
Douglas,St Julians Episcopal,Attorney General,,Rep,Chris Carr ,504,265,27,0,212
Douglas,Lutheran Church-GS,Attorney General,,Rep,Chris Carr ,770,472,26,1,271
Douglas,First Baptist Douglasville,Attorney General,,Rep,Chris Carr ,540,341,35,0,164
Douglas,Factory Shoals,Attorney General,,Rep,Chris Carr ,593,378,27,0,188
Douglas,Boundary Waters,Attorney General,,Rep,Chris Carr ,305,207,14,0,84
Douglas,Mirror Lake Elementary,Attorney General,,Dem,"Jennifer """"Jen"""" Jordan",1989,1147,182,0,660
Douglas,Winston,Attorney General,,Dem,"Jennifer """"Jen"""" Jordan",537,327,21,1,188
Douglas,Dog River Library,Attorney General,,Dem,"Jennifer """"Jen"""" Jordan",985,769,43,0,173
Douglas,Atlanta West Pentecostal,Attorney General,,Dem,"Jennifer """"Jen"""" Jordan",1223,751,74,0,398
Douglas,Ephesus Baptist Church,Attorney General,,Dem,"Jennifer """"Jen"""" Jordan",654,410,64,0,180
Douglas,Prays Mill Gym,Attorney General,,Dem,"Jennifer """"Jen"""" Jordan",1316,891,99,0,326
Douglas,Turner,Attorney General,,Dem,"Jennifer """"Jen"""" Jordan",1057,693,74,2,288
Douglas,First Baptist Lithia Springs,Attorney General,,Dem,"Jennifer """"Jen"""" Jordan",520,327,37,0,156
Douglas,Lithia Springs High School,Attorney General,,Dem,"Jennifer """"Jen"""" Jordan",2542,1784,163,0,595
Douglas,Deer Lick,Attorney General,,Dem,"Jennifer """"Jen"""" Jordan",801,549,51,0,201
Douglas,Golden Methodist Church,Attorney General,,Dem,"Jennifer """"Jen"""" Jordan",2109,1383,108,0,618
Douglas,Old Courthouse,Attorney General,,Dem,"Jennifer """"Jen"""" Jordan",1607,1078,124,1,404
Douglas,Beulah Baptist Church,Attorney General,,Dem,"Jennifer """"Jen"""" Jordan",918,562,67,0,289
Douglas,Stewart,Attorney General,,Dem,"Jennifer """"Jen"""" Jordan",1222,786,79,0,357
Douglas,Arbor Station,Attorney General,,Dem,"Jennifer """"Jen"""" Jordan",904,521,57,0,326
Douglas,Bright Star,Attorney General,,Dem,"Jennifer """"Jen"""" Jordan",572,316,54,0,202
Douglas,Dorsett Shoals,Attorney General,,Dem,"Jennifer """"Jen"""" Jordan",812,478,71,0,263
Douglas,Chapel Hill,Attorney General,,Dem,"Jennifer """"Jen"""" Jordan",1622,1075,117,0,430
Douglas,Church At Chapel Hill,Attorney General,,Dem,"Jennifer """"Jen"""" Jordan",2434,1718,123,1,592
Douglas,Chestnut Log,Attorney General,,Dem,"Jennifer """"Jen"""" Jordan",1531,1040,102,0,389
Douglas,St Julians Episcopal,Attorney General,,Dem,"Jennifer """"Jen"""" Jordan",601,325,63,0,213
Douglas,Lutheran Church-GS,Attorney General,,Dem,"Jennifer """"Jen"""" Jordan",1689,1139,127,0,423
Douglas,First Baptist Douglasville,Attorney General,,Dem,"Jennifer """"Jen"""" Jordan",967,688,79,0,200
Douglas,Factory Shoals,Attorney General,,Dem,"Jennifer """"Jen"""" Jordan",2159,1567,131,2,459
Douglas,Boundary Waters,Attorney General,,Dem,"Jennifer """"Jen"""" Jordan",1963,1437,76,0,450
Douglas,Mirror Lake Elementary,Attorney General,,Lib,Martin Cowen,52,16,0,0,36
Douglas,Winston,Attorney General,,Lib,Martin Cowen,18,8,1,1,8
Douglas,Dog River Library,Attorney General,,Lib,Martin Cowen,50,30,3,0,17
Douglas,Atlanta West Pentecostal,Attorney General,,Lib,Martin Cowen,19,7,0,0,12
Douglas,Ephesus Baptist Church,Attorney General,,Lib,Martin Cowen,35,11,0,0,24
Douglas,Prays Mill Gym,Attorney General,,Lib,Martin Cowen,61,33,2,0,26
Douglas,Turner,Attorney General,,Lib,Martin Cowen,38,10,6,0,22
Douglas,First Baptist Lithia Springs,Attorney General,,Lib,Martin Cowen,17,8,1,0,8
Douglas,Lithia Springs High School,Attorney General,,Lib,Martin Cowen,56,35,2,0,19
Douglas,Deer Lick,Attorney General,,Lib,Martin Cowen,15,9,0,0,6
Douglas,Golden Methodist Church,Attorney General,,Lib,Martin Cowen,40,14,1,0,25
Douglas,Old Courthouse,Attorney General,,Lib,Martin Cowen,34,23,1,0,10
Douglas,Beulah Baptist Church,Attorney General,,Lib,Martin Cowen,24,10,1,0,13
Douglas,Stewart,Attorney General,,Lib,Martin Cowen,17,11,1,0,5
Douglas,Arbor Station,Attorney General,,Lib,Martin Cowen,31,9,1,0,21
Douglas,Bright Star,Attorney General,,Lib,Martin Cowen,17,6,0,0,11
Douglas,Dorsett Shoals,Attorney General,,Lib,Martin Cowen,40,15,0,0,25
Douglas,Chapel Hill,Attorney General,,Lib,Martin Cowen,37,17,2,0,18
Douglas,Church At Chapel Hill,Attorney General,,Lib,Martin Cowen,50,30,0,0,20
Douglas,Chestnut Log,Attorney General,,Lib,Martin Cowen,30,21,0,0,9
Douglas,St Julians Episcopal,Attorney General,,Lib,Martin Cowen,18,10,0,0,8
Douglas,Lutheran Church-GS,Attorney General,,Lib,Martin Cowen,35,14,2,0,19
Douglas,First Baptist Douglasville,Attorney General,,Lib,Martin Cowen,26,14,0,0,12
Douglas,Factory Shoals,Attorney General,,Lib,Martin Cowen,35,19,0,0,16
Douglas,Boundary Waters,Attorney General,,Lib,Martin Cowen,38,15,2,0,21
Douglas,Mirror Lake Elementary,Commissioner Of Agriculture,,Rep,Tyler Harper,1489,823,67,0,599
Douglas,Winston,Commissioner Of Agriculture,,Rep,Tyler Harper,418,235,19,0,164
Douglas,Dog River Library,Commissioner Of Agriculture,,Rep,Tyler Harper,2367,1718,82,0,567
Douglas,Atlanta West Pentecostal,Commissioner Of Agriculture,,Rep,Tyler Harper,154,78,10,0,66
Douglas,Ephesus Baptist Church,Commissioner Of Agriculture,,Rep,Tyler Harper,1903,1102,50,0,751
Douglas,Prays Mill Gym,Commissioner Of Agriculture,,Rep,Tyler Harper,1692,1117,65,0,510
Douglas,Turner,Commissioner Of Agriculture,,Rep,Tyler Harper,747,431,57,1,258
Douglas,First Baptist Lithia Springs,Commissioner Of Agriculture,,Rep,Tyler Harper,434,264,20,0,150
Douglas,Lithia Springs High School,Commissioner Of Agriculture,,Rep,Tyler Harper,486,341,27,0,118
Douglas,Deer Lick,Commissioner Of Agriculture,,Rep,Tyler Harper,522,369,18,0,135
Douglas,Golden Methodist Church,Commissioner Of Agriculture,,Rep,Tyler Harper,310,178,22,0,110
Douglas,Old Courthouse,Commissioner Of Agriculture,,Rep,Tyler Harper,746,532,51,0,163
Douglas,Beulah Baptist Church,Commissioner Of Agriculture,,Rep,Tyler Harper,847,490,47,0,310
Douglas,Stewart,Commissioner Of Agriculture,,Rep,Tyler Harper,186,137,5,0,44
Douglas,Arbor Station,Commissioner Of Agriculture,,Rep,Tyler Harper,450,235,23,0,192
Douglas,Bright Star,Commissioner Of Agriculture,,Rep,Tyler Harper,762,392,24,0,346
Douglas,Dorsett Shoals,Commissioner Of Agriculture,,Rep,Tyler Harper,945,573,49,0,323
Douglas,Chapel Hill,Commissioner Of Agriculture,,Rep,Tyler Harper,553,357,18,0,178
Douglas,Church At Chapel Hill,Commissioner Of Agriculture,,Rep,Tyler Harper,970,651,36,0,283
Douglas,Chestnut Log,Commissioner Of Agriculture,,Rep,Tyler Harper,513,329,28,0,156
Douglas,St Julians Episcopal,Commissioner Of Agriculture,,Rep,Tyler Harper,512,264,27,0,221
Douglas,Lutheran Church-GS,Commissioner Of Agriculture,,Rep,Tyler Harper,779,481,28,1,269
Douglas,First Baptist Douglasville,Commissioner Of Agriculture,,Rep,Tyler Harper,561,357,37,0,167
Douglas,Factory Shoals,Commissioner Of Agriculture,,Rep,Tyler Harper,616,386,31,0,199
Douglas,Boundary Waters,Commissioner Of Agriculture,,Rep,Tyler Harper,297,209,15,0,73
Douglas,Mirror Lake Elementary,Commissioner Of Agriculture,,Dem,Nakita Hemingway,1946,1110,179,0,657
Douglas,Winston,Commissioner Of Agriculture,,Dem,Nakita Hemingway,528,323,21,1,183
Douglas,Dog River Library,Commissioner Of Agriculture,,Dem,Nakita Hemingway,932,736,39,0,157
Douglas,Atlanta West Pentecostal,Commissioner Of Agriculture,,Dem,Nakita Hemingway,1213,740,72,0,401
Douglas,Ephesus Baptist Church,Commissioner Of Agriculture,,Dem,Nakita Hemingway,604,394,55,0,155
Douglas,Prays Mill Gym,Commissioner Of Agriculture,,Dem,Nakita Hemingway,1289,881,97,0,311
Douglas,Turner,Commissioner Of Agriculture,,Dem,Nakita Hemingway,1030,673,72,1,284
Douglas,First Baptist Lithia Springs,Commissioner Of Agriculture,,Dem,Nakita Hemingway,508,314,36,0,158
Douglas,Lithia Springs High School,Commissioner Of Agriculture,,Dem,Nakita Hemingway,2508,1756,158,0,594
Douglas,Deer Lick,Commissioner Of Agriculture,,Dem,Nakita Hemingway,785,535,49,0,201
Douglas,Golden Methodist Church,Commissioner Of Agriculture,,Dem,Nakita Hemingway,2104,1379,109,0,616
Douglas,Old Courthouse,Commissioner Of Agriculture,,Dem,Nakita Hemingway,1571,1063,113,1,394
Douglas,Beulah Baptist Church,Commissioner Of Agriculture,,Dem,Nakita Hemingway,888,549,67,0,272
Douglas,Stewart,Commissioner Of Agriculture,,Dem,Nakita Hemingway,1212,781,78,0,353
Douglas,Arbor Station,Commissioner Of Agriculture,,Dem,Nakita Hemingway,887,511,52,0,324
Douglas,Bright Star,Commissioner Of Agriculture,,Dem,Nakita Hemingway,538,296,49,0,193
Douglas,Dorsett Shoals,Commissioner Of Agriculture,,Dem,Nakita Hemingway,760,457,62,0,241
Douglas,Chapel Hill,Commissioner Of Agriculture,,Dem,Nakita Hemingway,1590,1057,112,0,421
Douglas,Church At Chapel Hill,Commissioner Of Agriculture,,Dem,Nakita Hemingway,2393,1696,115,1,581
Douglas,Chestnut Log,Commissioner Of Agriculture,,Dem,Nakita Hemingway,1516,1038,99,0,379
Douglas,St Julians Episcopal,Commissioner Of Agriculture,,Dem,Nakita Hemingway,581,322,59,0,200
Douglas,Lutheran Church-GS,Commissioner Of Agriculture,,Dem,Nakita Hemingway,1665,1121,123,0,421
Douglas,First Baptist Douglasville,Commissioner Of Agriculture,,Dem,Nakita Hemingway,932,659,74,0,199
Douglas,Factory Shoals,Commissioner Of Agriculture,,Dem,Nakita Hemingway,2116,1546,127,2,441
Douglas,Boundary Waters,Commissioner Of Agriculture,,Dem,Nakita Hemingway,1966,1428,74,0,464
Douglas,Mirror Lake Elementary,Commissioner Of Agriculture,,Lib,David Raudabaugh,80,32,2,0,46
Douglas,Winston,Commissioner Of Agriculture,,Lib,David Raudabaugh,16,7,1,1,7
Douglas,Dog River Library,Commissioner Of Agriculture,,Lib,David Raudabaugh,75,48,1,0,26
Douglas,Atlanta West Pentecostal,Commissioner Of Agriculture,,Lib,David Raudabaugh,28,11,2,0,15
Douglas,Ephesus Baptist Church,Commissioner Of Agriculture,,Lib,David Raudabaugh,52,19,2,0,31
Douglas,Prays Mill Gym,Commissioner Of Agriculture,,Lib,David Raudabaugh,78,42,5,0,31
Douglas,Turner,Commissioner Of Agriculture,,Lib,David Raudabaugh,50,16,6,0,28
Douglas,First Baptist Lithia Springs,Commissioner Of Agriculture,,Lib,David Raudabaugh,22,11,0,0,11
Douglas,Lithia Springs High School,Commissioner Of Agriculture,,Lib,David Raudabaugh,68,45,1,0,22
Douglas,Deer Lick,Commissioner Of Agriculture,,Lib,David Raudabaugh,27,18,2,0,7
Douglas,Golden Methodist Church,Commissioner Of Agriculture,,Lib,David Raudabaugh,50,26,0,0,24
Douglas,Old Courthouse,Commissioner Of Agriculture,,Lib,David Raudabaugh,64,39,1,0,24
Douglas,Beulah Baptist Church,Commissioner Of Agriculture,,Lib,David Raudabaugh,39,17,1,0,21
Douglas,Stewart,Commissioner Of Agriculture,,Lib,David Raudabaugh,26,14,1,0,11
Douglas,Arbor Station,Commissioner Of Agriculture,,Lib,David Raudabaugh,30,9,3,0,18
Douglas,Bright Star,Commissioner Of Agriculture,,Lib,David Raudabaugh,37,20,0,0,17
Douglas,Dorsett Shoals,Commissioner Of Agriculture,,Lib,David Raudabaugh,55,17,4,0,34
Douglas,Chapel Hill,Commissioner Of Agriculture,,Lib,David Raudabaugh,54,26,1,0,27
Douglas,Church At Chapel Hill,Commissioner Of Agriculture,,Lib,David Raudabaugh,58,33,0,0,25
Douglas,Chestnut Log,Commissioner Of Agriculture,,Lib,David Raudabaugh,39,28,3,0,8
Douglas,St Julians Episcopal,Commissioner Of Agriculture,,Lib,David Raudabaugh,27,13,2,0,12
Douglas,Lutheran Church-GS,Commissioner Of Agriculture,,Lib,David Raudabaugh,43,19,3,0,21
Douglas,First Baptist Douglasville,Commissioner Of Agriculture,,Lib,David Raudabaugh,34,24,0,0,10
Douglas,Factory Shoals,Commissioner Of Agriculture,,Lib,David Raudabaugh,56,31,2,0,23
Douglas,Boundary Waters,Commissioner Of Agriculture,,Lib,David Raudabaugh,45,25,3,0,17
Douglas,Mirror Lake Elementary,Commissioner Of Insurance,,Rep,John King ,1529,831,68,0,630
Douglas,Winston,Commissioner Of Insurance,,Rep,John King ,418,238,19,0,161
Douglas,Dog River Library,Commissioner Of Insurance,,Rep,John King ,2395,1738,76,0,581
Douglas,Atlanta West Pentecostal,Commissioner Of Insurance,,Rep,John King ,165,76,12,0,77
Douglas,Ephesus Baptist Church,Commissioner Of Insurance,,Rep,John King ,1912,1104,46,0,762
Douglas,Prays Mill Gym,Commissioner Of Insurance,,Rep,John King ,1743,1149,70,0,524
Douglas,Turner,Commissioner Of Insurance,,Rep,John King ,756,431,59,0,266
Douglas,First Baptist Lithia Springs,Commissioner Of Insurance,,Rep,John King ,436,262,18,0,156
Douglas,Lithia Springs High School,Commissioner Of Insurance,,Rep,John King ,501,351,22,0,128
Douglas,Deer Lick,Commissioner Of Insurance,,Rep,John King ,532,374,17,0,141
Douglas,Golden Methodist Church,Commissioner Of Insurance,,Rep,John King ,323,184,20,0,119
Douglas,Old Courthouse,Commissioner Of Insurance,,Rep,John King ,777,558,43,0,176
Douglas,Beulah Baptist Church,Commissioner Of Insurance,,Rep,John King ,870,496,48,0,326
Douglas,Stewart,Commissioner Of Insurance,,Rep,John King ,196,142,5,0,49
Douglas,Arbor Station,Commissioner Of Insurance,,Rep,John King ,464,236,26,0,202
Douglas,Bright Star,Commissioner Of Insurance,,Rep,John King ,765,393,20,0,352
Douglas,Dorsett Shoals,Commissioner Of Insurance,,Rep,John King ,968,577,52,0,339
Douglas,Chapel Hill,Commissioner Of Insurance,,Rep,John King ,579,365,18,0,196
Douglas,Church At Chapel Hill,Commissioner Of Insurance,,Rep,John King ,990,664,31,0,295
Douglas,Chestnut Log,Commissioner Of Insurance,,Rep,John King ,530,345,28,0,157
Douglas,St Julians Episcopal,Commissioner Of Insurance,,Rep,John King ,521,268,27,0,226
Douglas,Lutheran Church-GS,Commissioner Of Insurance,,Rep,John King ,812,496,30,1,285
Douglas,First Baptist Douglasville,Commissioner Of Insurance,,Rep,John King ,576,361,36,0,179
Douglas,Factory Shoals,Commissioner Of Insurance,,Rep,John King ,635,404,30,0,201
Douglas,Boundary Waters,Commissioner Of Insurance,,Rep,John King ,316,214,15,0,87
Douglas,Mirror Lake Elementary,Commissioner Of Insurance,,Dem,Janice Laws Robinson,1984,1134,180,0,670
Douglas,Winston,Commissioner Of Insurance,,Dem,Janice Laws Robinson,539,325,22,2,190
Douglas,Dog River Library,Commissioner Of Insurance,,Dem,Janice Laws Robinson,966,754,44,0,168
Douglas,Atlanta West Pentecostal,Commissioner Of Insurance,,Dem,Janice Laws Robinson,1225,750,72,0,403
Douglas,Ephesus Baptist Church,Commissioner Of Insurance,,Dem,Janice Laws Robinson,644,408,61,0,175
Douglas,Prays Mill Gym,Commissioner Of Insurance,,Dem,Janice Laws Robinson,1306,886,95,0,325
Douglas,Turner,Commissioner Of Insurance,,Dem,Janice Laws Robinson,1060,686,72,2,300
Douglas,First Baptist Lithia Springs,Commissioner Of Insurance,,Dem,Janice Laws Robinson,519,321,38,0,160
Douglas,Lithia Springs High School,Commissioner Of Insurance,,Dem,Janice Laws Robinson,2553,1789,164,0,600
Douglas,Deer Lick,Commissioner Of Insurance,,Dem,Janice Laws Robinson,798,547,51,0,200
Douglas,Golden Methodist Church,Commissioner Of Insurance,,Dem,Janice Laws Robinson,2139,1398,111,0,630
Douglas,Old Courthouse,Commissioner Of Insurance,,Dem,Janice Laws Robinson,1606,1075,124,1,406
Douglas,Beulah Baptist Church,Commissioner Of Insurance,,Dem,Janice Laws Robinson,894,555,66,0,273
Douglas,Stewart,Commissioner Of Insurance,,Dem,Janice Laws Robinson,1223,789,79,0,355
Douglas,Arbor Station,Commissioner Of Insurance,,Dem,Janice Laws Robinson,899,515,52,0,332
Douglas,Bright Star,Commissioner Of Insurance,,Dem,Janice Laws Robinson,564,311,54,0,199
Douglas,Dorsett Shoals,Commissioner Of Insurance,,Dem,Janice Laws Robinson,791,469,61,0,261
Douglas,Chapel Hill,Commissioner Of Insurance,,Dem,Janice Laws Robinson,1615,1076,113,0,426
Douglas,Church At Chapel Hill,Commissioner Of Insurance,,Dem,Janice Laws Robinson,2427,1710,120,1,596
Douglas,Chestnut Log,Commissioner Of Insurance,,Dem,Janice Laws Robinson,1527,1045,102,0,380
Douglas,St Julians Episcopal,Commissioner Of Insurance,,Dem,Janice Laws Robinson,597,330,60,0,207
Douglas,Lutheran Church-GS,Commissioner Of Insurance,,Dem,Janice Laws Robinson,1664,1116,125,0,423
Douglas,First Baptist Douglasville,Commissioner Of Insurance,,Dem,Janice Laws Robinson,947,676,75,0,196
Douglas,Factory Shoals,Commissioner Of Insurance,,Dem,Janice Laws Robinson,2142,1553,131,2,456
Douglas,Boundary Waters,Commissioner Of Insurance,,Dem,Janice Laws Robinson,1986,1441,76,0,469
Douglas,Mirror Lake Elementary,State School Superintendent,,Rep,Richard Woods ,1550,847,69,0,634
Douglas,Winston,State School Superintendent,,Rep,Richard Woods ,416,232,19,0,165
Douglas,Dog River Library,State School Superintendent,,Rep,Richard Woods ,2400,1738,78,0,584
Douglas,Atlanta West Pentecostal,State School Superintendent,,Rep,Richard Woods ,156,72,10,0,74
Douglas,Ephesus Baptist Church,State School Superintendent,,Rep,Richard Woods ,1926,1112,49,0,765
Douglas,Prays Mill Gym,State School Superintendent,,Rep,Richard Woods ,1745,1151,71,0,523
Douglas,Turner,State School Superintendent,,Rep,Richard Woods ,764,435,62,0,267
Douglas,First Baptist Lithia Springs,State School Superintendent,,Rep,Richard Woods ,441,267,18,0,156
Douglas,Lithia Springs High School,State School Superintendent,,Rep,Richard Woods ,513,355,26,0,132
Douglas,Deer Lick,State School Superintendent,,Rep,Richard Woods ,536,374,21,0,141
Douglas,Golden Methodist Church,State School Superintendent,,Rep,Richard Woods ,339,192,21,0,126
Douglas,Old Courthouse,State School Superintendent,,Rep,Richard Woods ,763,545,49,0,169
Douglas,Beulah Baptist Church,State School Superintendent,,Rep,Richard Woods ,869,499,48,0,322
Douglas,Stewart,State School Superintendent,,Rep,Richard Woods ,192,144,5,0,43
Douglas,Arbor Station,State School Superintendent,,Rep,Richard Woods ,459,239,26,0,194
Douglas,Bright Star,State School Superintendent,,Rep,Richard Woods ,771,399,20,0,352
Douglas,Dorsett Shoals,State School Superintendent,,Rep,Richard Woods ,974,581,49,0,344
Douglas,Chapel Hill,State School Superintendent,,Rep,Richard Woods ,575,370,17,0,188
Douglas,Church At Chapel Hill,State School Superintendent,,Rep,Richard Woods ,1014,676,35,0,303
Douglas,Chestnut Log,State School Superintendent,,Rep,Richard Woods ,525,347,28,0,150
Douglas,St Julians Episcopal,State School Superintendent,,Rep,Richard Woods ,531,279,29,0,223
Douglas,Lutheran Church-GS,State School Superintendent,,Rep,Richard Woods ,825,495,34,1,295
Douglas,First Baptist Douglasville,State School Superintendent,,Rep,Richard Woods ,573,361,38,0,174
Douglas,Factory Shoals,State School Superintendent,,Rep,Richard Woods ,626,402,28,0,196
Douglas,Boundary Waters,State School Superintendent,,Rep,Richard Woods ,330,228,16,0,86
Douglas,Mirror Lake Elementary,State School Superintendent,,Dem,Alisha Thomas Searcy,1976,1126,181,0,669
Douglas,Winston,State School Superintendent,,Dem,Alisha Thomas Searcy,542,330,22,2,188
Douglas,Dog River Library,State School Superintendent,,Dem,Alisha Thomas Searcy,967,761,42,0,164
Douglas,Atlanta West Pentecostal,State School Superintendent,,Dem,Alisha Thomas Searcy,1235,758,72,0,405
Douglas,Ephesus Baptist Church,State School Superintendent,,Dem,Alisha Thomas Searcy,632,401,58,0,173
Douglas,Prays Mill Gym,State School Superintendent,,Dem,Alisha Thomas Searcy,1317,887,96,0,334
Douglas,Turner,State School Superintendent,,Dem,Alisha Thomas Searcy,1053,682,71,2,298
Douglas,First Baptist Lithia Springs,State School Superintendent,,Dem,Alisha Thomas Searcy,517,317,37,0,163
Douglas,Lithia Springs High School,State School Superintendent,,Dem,Alisha Thomas Searcy,2548,1790,158,0,600
Douglas,Deer Lick,State School Superintendent,,Dem,Alisha Thomas Searcy,797,549,47,0,201
Douglas,Golden Methodist Church,State School Superintendent,,Dem,Alisha Thomas Searcy,2129,1395,111,0,623
Douglas,Old Courthouse,State School Superintendent,,Dem,Alisha Thomas Searcy,1624,1089,118,1,416
Douglas,Beulah Baptist Church,State School Superintendent,,Dem,Alisha Thomas Searcy,897,553,65,0,279
Douglas,Stewart,State School Superintendent,,Dem,Alisha Thomas Searcy,1227,787,78,0,362
Douglas,Arbor Station,State School Superintendent,,Dem,Alisha Thomas Searcy,909,517,52,0,340
Douglas,Bright Star,State School Superintendent,,Dem,Alisha Thomas Searcy,565,309,54,0,202
Douglas,Dorsett Shoals,State School Superintendent,,Dem,Alisha Thomas Searcy,788,467,65,0,256
Douglas,Chapel Hill,State School Superintendent,,Dem,Alisha Thomas Searcy,1623,1073,113,0,437
Douglas,Church At Chapel Hill,State School Superintendent,,Dem,Alisha Thomas Searcy,2410,1702,116,1,591
Douglas,Chestnut Log,State School Superintendent,,Dem,Alisha Thomas Searcy,1539,1047,103,0,389
Douglas,St Julians Episcopal,State School Superintendent,,Dem,Alisha Thomas Searcy,589,321,59,0,209
Douglas,Lutheran Church-GS,State School Superintendent,,Dem,Alisha Thomas Searcy,1660,1124,120,0,416
Douglas,First Baptist Douglasville,State School Superintendent,,Dem,Alisha Thomas Searcy,947,672,73,0,202
Douglas,Factory Shoals,State School Superintendent,,Dem,Alisha Thomas Searcy,2154,1558,127,2,467
Douglas,Boundary Waters,State School Superintendent,,Dem,Alisha Thomas Searcy,1980,1434,76,0,470
Douglas,Mirror Lake Elementary,Commissioner Of Labor,,Rep,Bruce Thompson,1447,799,60,0,588
Douglas,Winston,Commissioner Of Labor,,Rep,Bruce Thompson,404,227,19,0,158
Douglas,Dog River Library,Commissioner Of Labor,,Rep,Bruce Thompson,2330,1692,75,0,563
Douglas,Atlanta West Pentecostal,Commissioner Of Labor,,Rep,Bruce Thompson,146,73,9,0,64
Douglas,Ephesus Baptist Church,Commissioner Of Labor,,Rep,Bruce Thompson,1861,1085,48,0,728
Douglas,Prays Mill Gym,Commissioner Of Labor,,Rep,Bruce Thompson,1669,1103,67,0,499
Douglas,Turner,Commissioner Of Labor,,Rep,Bruce Thompson,730,421,55,0,254
Douglas,First Baptist Lithia Springs,Commissioner Of Labor,,Rep,Bruce Thompson,422,257,18,0,147
Douglas,Lithia Springs High School,Commissioner Of Labor,,Rep,Bruce Thompson,472,333,24,0,115
Douglas,Deer Lick,Commissioner Of Labor,,Rep,Bruce Thompson,512,361,17,0,134
Douglas,Golden Methodist Church,Commissioner Of Labor,,Rep,Bruce Thompson,313,176,20,0,117
Douglas,Old Courthouse,Commissioner Of Labor,,Rep,Bruce Thompson,741,538,45,0,158
Douglas,Beulah Baptist Church,Commissioner Of Labor,,Rep,Bruce Thompson,853,488,49,0,316
Douglas,Stewart,Commissioner Of Labor,,Rep,Bruce Thompson,182,135,5,0,42
Douglas,Arbor Station,Commissioner Of Labor,,Rep,Bruce Thompson,429,220,25,0,184
Douglas,Bright Star,Commissioner Of Labor,,Rep,Bruce Thompson,740,380,19,0,341
Douglas,Dorsett Shoals,Commissioner Of Labor,,Rep,Bruce Thompson,923,552,47,0,324
Douglas,Chapel Hill,Commissioner Of Labor,,Rep,Bruce Thompson,526,336,16,0,174
Douglas,Church At Chapel Hill,Commissioner Of Labor,,Rep,Bruce Thompson,950,632,32,0,286
Douglas,Chestnut Log,Commissioner Of Labor,,Rep,Bruce Thompson,496,316,31,0,149
Douglas,St Julians Episcopal,Commissioner Of Labor,,Rep,Bruce Thompson,520,271,27,0,222
Douglas,Lutheran Church-GS,Commissioner Of Labor,,Rep,Bruce Thompson,755,466,28,1,260
Douglas,First Baptist Douglasville,Commissioner Of Labor,,Rep,Bruce Thompson,540,343,33,0,164
Douglas,Factory Shoals,Commissioner Of Labor,,Rep,Bruce Thompson,587,366,28,0,193
Douglas,Boundary Waters,Commissioner Of Labor,,Rep,Bruce Thompson,284,199,11,0,74
Douglas,Mirror Lake Elementary,Commissioner Of Labor,,Dem,"William """"Will"""" Boddie, Jr",1962,1121,181,0,660
Douglas,Winston,Commissioner Of Labor,,Dem,"William """"Will"""" Boddie, Jr",532,326,20,2,184
Douglas,Dog River Library,Commissioner Of Labor,,Dem,"William """"Will"""" Boddie, Jr",959,758,42,0,159
Douglas,Atlanta West Pentecostal,Commissioner Of Labor,,Dem,"William """"Will"""" Boddie, Jr",1210,741,70,0,399
Douglas,Ephesus Baptist Church,Commissioner Of Labor,,Dem,"William """"Will"""" Boddie, Jr",632,403,60,0,169
Douglas,Prays Mill Gym,Commissioner Of Labor,,Dem,"William """"Will"""" Boddie, Jr",1283,877,95,0,311
Douglas,Turner,Commissioner Of Labor,,Dem,"William """"Will"""" Boddie, Jr",1048,684,71,2,291
Douglas,First Baptist Lithia Springs,Commissioner Of Labor,,Dem,"William """"Will"""" Boddie, Jr",506,310,38,0,158
Douglas,Lithia Springs High School,Commissioner Of Labor,,Dem,"William """"Will"""" Boddie, Jr",2505,1760,158,0,587
Douglas,Deer Lick,Commissioner Of Labor,,Dem,"William """"Will"""" Boddie, Jr",790,544,47,0,199
Douglas,Golden Methodist Church,Commissioner Of Labor,,Dem,"William """"Will"""" Boddie, Jr",2069,1360,107,0,602
Douglas,Old Courthouse,Commissioner Of Labor,,Dem,"William """"Will"""" Boddie, Jr",1551,1047,117,1,386
Douglas,Beulah Baptist Church,Commissioner Of Labor,,Dem,"William """"Will"""" Boddie, Jr",881,550,66,0,265
Douglas,Stewart,Commissioner Of Labor,,Dem,"William """"Will"""" Boddie, Jr",1200,773,78,0,349
Douglas,Arbor Station,Commissioner Of Labor,,Dem,"William """"Will"""" Boddie, Jr",884,512,51,0,321
Douglas,Bright Star,Commissioner Of Labor,,Dem,"William """"Will"""" Boddie, Jr",546,301,53,0,192
Douglas,Dorsett Shoals,Commissioner Of Labor,,Dem,"William """"Will"""" Boddie, Jr",788,471,66,0,251
Douglas,Chapel Hill,Commissioner Of Labor,,Dem,"William """"Will"""" Boddie, Jr",1612,1074,115,0,423
Douglas,Church At Chapel Hill,Commissioner Of Labor,,Dem,"William """"Will"""" Boddie, Jr",2380,1689,119,1,571
Douglas,Chestnut Log,Commissioner Of Labor,,Dem,"William """"Will"""" Boddie, Jr",1518,1041,96,0,381
Douglas,St Julians Episcopal,Commissioner Of Labor,,Dem,"William """"Will"""" Boddie, Jr",573,317,58,0,198
Douglas,Lutheran Church-GS,Commissioner Of Labor,,Dem,"William """"Will"""" Boddie, Jr",1666,1128,122,0,416
Douglas,First Baptist Douglasville,Commissioner Of Labor,,Dem,"William """"Will"""" Boddie, Jr",943,670,78,0,195
Douglas,Factory Shoals,Commissioner Of Labor,,Dem,"William """"Will"""" Boddie, Jr",2123,1550,130,2,441
Douglas,Boundary Waters,Commissioner Of Labor,,Dem,"William """"Will"""" Boddie, Jr",1963,1430,77,0,456
Douglas,Mirror Lake Elementary,Commissioner Of Labor,,Lib,Emily Anderson,102,40,6,0,56
Douglas,Winston,Commissioner Of Labor,,Lib,Emily Anderson,20,8,2,0,10
Douglas,Dog River Library,Commissioner Of Labor,,Lib,Emily Anderson,85,52,4,0,29
Douglas,Atlanta West Pentecostal,Commissioner Of Labor,,Lib,Emily Anderson,34,15,1,0,18
Douglas,Ephesus Baptist Church,Commissioner Of Labor,,Lib,Emily Anderson,66,26,0,0,40
Douglas,Prays Mill Gym,Commissioner Of Labor,,Lib,Emily Anderson,105,58,3,0,44
Douglas,Turner,Commissioner Of Labor,,Lib,Emily Anderson,48,16,8,0,24
Douglas,First Baptist Lithia Springs,Commissioner Of Labor,,Lib,Emily Anderson,33,19,0,0,14
Douglas,Lithia Springs High School,Commissioner Of Labor,,Lib,Emily Anderson,85,55,4,0,26
Douglas,Deer Lick,Commissioner Of Labor,,Lib,Emily Anderson,33,17,5,0,11
Douglas,Golden Methodist Church,Commissioner Of Labor,,Lib,Emily Anderson,78,46,3,0,29
Douglas,Old Courthouse,Commissioner Of Labor,,Lib,Emily Anderson,86,49,3,0,34
Douglas,Beulah Baptist Church,Commissioner Of Labor,,Lib,Emily Anderson,41,19,0,0,22
Douglas,Stewart,Commissioner Of Labor,,Lib,Emily Anderson,40,26,0,0,14
Douglas,Arbor Station,Commissioner Of Labor,,Lib,Emily Anderson,53,23,2,0,28
Douglas,Bright Star,Commissioner Of Labor,,Lib,Emily Anderson,42,22,1,0,19
Douglas,Dorsett Shoals,Commissioner Of Labor,,Lib,Emily Anderson,50,25,0,0,25
Douglas,Chapel Hill,Commissioner Of Labor,,Lib,Emily Anderson,59,31,2,0,26
Douglas,Church At Chapel Hill,Commissioner Of Labor,,Lib,Emily Anderson,87,55,0,0,32
Douglas,Chestnut Log,Commissioner Of Labor,,Lib,Emily Anderson,55,37,4,0,14
Douglas,St Julians Episcopal,Commissioner Of Labor,,Lib,Emily Anderson,27,12,1,0,14
Douglas,Lutheran Church-GS,Commissioner Of Labor,,Lib,Emily Anderson,60,24,4,0,32
Douglas,First Baptist Douglasville,Commissioner Of Labor,,Lib,Emily Anderson,41,24,0,0,17
Douglas,Factory Shoals,Commissioner Of Labor,,Lib,Emily Anderson,74,43,2,0,29
Douglas,Boundary Waters,Commissioner Of Labor,,Lib,Emily Anderson,55,30,4,0,21
Douglas,Mirror Lake Elementary,U.S. House,3,Rep,Drew Ferguson ,1522,826,68,0,628
Douglas,Winston,U.S. House,3,Rep,Drew Ferguson ,417,232,19,0,166
Douglas,Dog River Library,U.S. House,3,Rep,Drew Ferguson ,2390,1737,77,0,576
Douglas,Ephesus Baptist Church,U.S. House,3,Rep,Drew Ferguson ,1902,1095,46,0,761
Douglas,Prays Mill Gym,U.S. House,3,Rep,Drew Ferguson ,1646,1074,64,0,508
Douglas,Bright Star,U.S. House,3,Rep,Drew Ferguson ,767,399,20,0,348
Douglas,Dorsett Shoals,U.S. House,3,Rep,Drew Ferguson ,962,571,48,0,343
Douglas,St Julians Episcopal,U.S. House,3,Rep,Drew Ferguson ,363,204,19,0,140
Douglas,Mirror Lake Elementary,U.S. House,3,Dem,Val Almonord,1984,1126,181,0,677
Douglas,Winston,U.S. House,3,Dem,Val Almonord,536,327,22,0,187
Douglas,Dog River Library,U.S. House,3,Dem,Val Almonord,975,760,44,0,171
Douglas,Ephesus Baptist Church,U.S. House,3,Dem,Val Almonord,650,415,62,0,173
Douglas,Prays Mill Gym,U.S. House,3,Dem,Val Almonord,1254,849,94,0,311
Douglas,Bright Star,U.S. House,3,Dem,Val Almonord,558,303,54,0,201
Douglas,Dorsett Shoals,U.S. House,3,Dem,Val Almonord,799,475,67,0,257
Douglas,St Julians Episcopal,U.S. House,3,Dem,Val Almonord,377,228,34,0,115
Douglas,Atlanta West Pentecostal,U.S. House,13,Rep,Caesar Gonzales,147,63,9,0,75
Douglas,Prays Mill Gym,U.S. House,13,Rep,Caesar Gonzales,87,64,3,0,20
Douglas,Turner,U.S. House,13,Rep,Caesar Gonzales,735,421,55,1,258
Douglas,First Baptist Lithia Springs,U.S. House,13,Rep,Caesar Gonzales,425,249,18,0,158
Douglas,Lithia Springs High School,U.S. House,13,Rep,Caesar Gonzales,473,328,24,0,121
Douglas,Deer Lick,U.S. House,13,Rep,Caesar Gonzales,519,365,16,0,138
Douglas,Golden Methodist Church,U.S. House,13,Rep,Caesar Gonzales,283,159,19,0,105
Douglas,Old Courthouse,U.S. House,13,Rep,Caesar Gonzales,730,522,45,0,163
Douglas,Beulah Baptist Church,U.S. House,13,Rep,Caesar Gonzales,819,468,43,0,308
Douglas,Stewart,U.S. House,13,Rep,Caesar Gonzales,187,137,7,0,43
Douglas,Arbor Station,U.S. House,13,Rep,Caesar Gonzales,439,223,25,0,191
Douglas,Chapel Hill,U.S. House,13,Rep,Caesar Gonzales,533,344,14,0,175
Douglas,Church At Chapel Hill,U.S. House,13,Rep,Caesar Gonzales,935,620,31,0,284
Douglas,Chestnut Log,U.S. House,13,Rep,Caesar Gonzales,488,318,25,0,145
Douglas,St Julians Episcopal,U.S. House,13,Rep,Caesar Gonzales,162,71,5,0,86
Douglas,Lutheran Church-GS,U.S. House,13,Rep,Caesar Gonzales,748,450,28,1,269
Douglas,First Baptist Douglasville,U.S. House,13,Rep,Caesar Gonzales,537,337,35,0,165
Douglas,Factory Shoals,U.S. House,13,Rep,Caesar Gonzales,593,371,26,0,196
Douglas,Boundary Waters,U.S. House,13,Rep,Caesar Gonzales,291,202,14,0,75
Douglas,Atlanta West Pentecostal,U.S. House,13,Dem,David Scott ,1239,764,72,0,403
Douglas,Prays Mill Gym,U.S. House,13,Dem,David Scott ,63,45,4,0,14
Douglas,Turner,U.S. House,13,Dem,David Scott ,1081,695,78,1,307
Douglas,First Baptist Lithia Springs,U.S. House,13,Dem,David Scott ,529,332,37,0,160
Douglas,Lithia Springs High School,U.S. House,13,Dem,David Scott ,2574,1809,160,0,605
Douglas,Deer Lick,U.S. House,13,Dem,David Scott ,812,555,52,0,205
Douglas,Golden Methodist Church,U.S. House,13,Dem,David Scott ,2167,1417,108,0,642
Douglas,Old Courthouse,U.S. House,13,Dem,David Scott ,1655,1113,125,1,416
Douglas,Beulah Baptist Church,U.S. House,13,Dem,David Scott ,941,577,72,0,292
Douglas,Stewart,U.S. House,13,Dem,David Scott ,1235,795,77,0,363
Douglas,Arbor Station,U.S. House,13,Dem,David Scott ,923,529,54,0,340
Douglas,Chapel Hill,U.S. House,13,Dem,David Scott ,1657,1092,117,0,448
Douglas,Church At Chapel Hill,U.S. House,13,Dem,David Scott ,2485,1752,122,1,610
Douglas,Chestnut Log,U.S. House,13,Dem,David Scott ,1578,1075,106,0,397
Douglas,St Julians Episcopal,U.S. House,13,Dem,David Scott ,219,96,30,0,93
Douglas,Lutheran Church-GS,U.S. House,13,Dem,David Scott ,1729,1168,123,1,437
Douglas,First Baptist Douglasville,U.S. House,13,Dem,David Scott ,992,703,80,0,209
Douglas,Factory Shoals,U.S. House,13,Dem,David Scott ,2176,1578,130,2,466
Douglas,Boundary Waters,U.S. House,13,Dem,David Scott ,2006,1451,78,0,477
Douglas,Mirror Lake Elementary,State Senate,28,Rep,Matt Brass ,279,149,14,0,116
Douglas,Dog River Library,State Senate,28,Rep,Matt Brass ,2776,2017,90,0,669
Douglas,Ephesus Baptist Church,State Senate,28,Rep,Matt Brass ,2185,1270,69,0,846
Douglas,Prays Mill Gym,State Senate,28,Rep,Matt Brass ,2307,1494,95,0,718
Douglas,Dorsett Shoals,State Senate,28,Rep,Matt Brass ,1354,789,71,0,494
Douglas,Mirror Lake Elementary,State Senate,30,Rep,Mike Dugan ,2091,1117,121,0,853
Douglas,Winston,State Senate,30,Rep,Mike Dugan ,672,394,21,0,257
Douglas,Golden Methodist Church,State Senate,30,Rep,Mike Dugan ,1307,798,50,0,459
Douglas,Bright Star,State Senate,30,Rep,Mike Dugan ,1014,531,37,0,446
Douglas,Atlanta West Pentecostal,State Senate,35,Dem,Donzella James ,1284,778,74,0,432
Douglas,Turner,State Senate,35,Dem,Donzella James ,1300,812,85,2,401
Douglas,First Baptist Lithia Springs,State Senate,35,Dem,Donzella James ,657,399,43,0,215
Douglas,Lithia Springs High School,State Senate,35,Dem,Donzella James ,2733,1920,159,0,654
Douglas,Deer Lick,State Senate,35,Dem,Donzella James ,960,657,56,0,247
Douglas,Old Courthouse,State Senate,35,Dem,Donzella James ,1874,1273,123,1,477
Douglas,Beulah Baptist Church,State Senate,35,Dem,Donzella James ,1191,723,80,0,388
Douglas,Stewart,State Senate,35,Dem,Donzella James ,1294,836,80,0,378
Douglas,Arbor Station,State Senate,35,Dem,Donzella James ,1083,602,58,0,423
Douglas,Chapel Hill,State Senate,35,Dem,Donzella James ,1852,1209,122,0,521
Douglas,Church At Chapel Hill,State Senate,35,Dem,Donzella James ,2755,1924,126,1,704
Douglas,Chestnut Log,State Senate,35,Dem,Donzella James ,1713,1158,108,0,447
Douglas,St Julians Episcopal,State Senate,35,Dem,Donzella James ,763,409,69,0,285
Douglas,Lutheran Church-GS,State Senate,35,Dem,Donzella James ,1959,1297,129,1,532
Douglas,First Baptist Douglasville,State Senate,35,Dem,Donzella James ,1142,797,79,0,266
Douglas,Factory Shoals,State Senate,35,Dem,Donzella James ,2326,1672,141,2,511
Douglas,Boundary Waters,State Senate,35,Dem,Donzella James ,2071,1483,80,0,508
Douglas,Atlanta West Pentecostal,State House,61,Dem,Roger Bruce ,1281,776,72,0,433
Douglas,Turner,State House,61,Dem,Roger Bruce ,1290,802,82,1,405
Douglas,First Baptist Lithia Springs,State House,61,Dem,Roger Bruce ,656,401,43,0,212
Douglas,Lithia Springs High School,State House,61,Dem,Roger Bruce ,2730,1920,157,0,653
Douglas,Beulah Baptist Church,State House,61,Dem,Roger Bruce ,1187,723,80,0,384
Douglas,Mirror Lake Elementary,State House,64,Rep,Kimberly R. New,1507,820,64,0,623
Douglas,Winston,State House,64,Rep,Kimberly R. New,416,230,19,0,167
Douglas,Dog River Library,State House,64,Rep,Kimberly R. New,2399,1738,78,0,583
Douglas,Ephesus Baptist Church,State House,64,Rep,Kimberly R. New,1913,1102,49,0,762
Douglas,Prays Mill Gym,State House,64,Rep,Kimberly R. New,1731,1141,67,0,523
Douglas,Bright Star,State House,64,Rep,Kimberly R. New,771,398,21,0,352
Douglas,Mirror Lake Elementary,State House,64,Dem,Montenia Edwards,2011,1143,183,0,685
Douglas,Winston,State House,64,Dem,Montenia Edwards,538,330,22,0,186
Douglas,Dog River Library,State House,64,Dem,Montenia Edwards,975,767,43,0,165
Douglas,Ephesus Baptist Church,State House,64,Dem,Montenia Edwards,642,410,60,0,172
Douglas,Prays Mill Gym,State House,64,Dem,Montenia Edwards,1323,895,99,0,329
Douglas,Bright Star,State House,64,Dem,Montenia Edwards,558,306,52,0,200
Douglas,Chapel Hill,State House,65,Rep,Jan Horne,534,343,14,0,177
Douglas,Church At Chapel Hill,State House,65,Rep,Jan Horne,948,630,30,0,288
Douglas,Boundary Waters,State House,65,Rep,Jan Horne,290,199,16,0,75
Douglas,Chapel Hill,State House,65,Dem,Mandisha A. Thomas ,1656,1095,119,0,442
Douglas,Church At Chapel Hill,State House,65,Dem,Mandisha A. Thomas ,2451,1732,118,1,600
Douglas,Boundary Waters,State House,65,Dem,Mandisha A. Thomas ,2004,1451,75,0,478
Douglas,Deer Lick,State House,66,Dem,Kimberly Alexander ,966,662,56,0,248
Douglas,Golden Methodist Church,State House,66,Dem,Kimberly Alexander ,2234,1447,115,0,672
Douglas,Old Courthouse,State House,66,Dem,Kimberly Alexander ,1871,1276,122,0,473
Douglas,Stewart,State House,66,Dem,Kimberly Alexander ,1289,834,76,0,379
Douglas,Arbor Station,State House,66,Dem,Kimberly Alexander ,1087,608,56,0,423
Douglas,Dorsett Shoals,State House,66,Dem,Kimberly Alexander ,1186,676,86,0,424
Douglas,Chestnut Log,State House,66,Dem,Kimberly Alexander ,1719,1161,109,0,449
Douglas,St Julians Episcopal,State House,66,Dem,Kimberly Alexander ,770,416,68,0,286
Douglas,Lutheran Church-GS,State House,66,Dem,Kimberly Alexander ,1964,1297,128,1,538
Douglas,First Baptist Douglasville,State House,66,Dem,Kimberly Alexander ,1133,792,77,0,264
Douglas,Factory Shoals,State House,66,Dem,Kimberly Alexander ,2338,1679,138,1,520
Douglas,Mirror Lake Elementary,Chief Magistrate,,Rep,Susan S. Camp ,1657,909,80,0,668
Douglas,Winston,Chief Magistrate,,Rep,Susan S. Camp ,480,279,21,0,180
Douglas,Dog River Library,Chief Magistrate,,Rep,Susan S. Camp ,2453,1783,83,0,587
Douglas,Atlanta West Pentecostal,Chief Magistrate,,Rep,Susan S. Camp ,198,99,12,0,87
Douglas,Ephesus Baptist Church,Chief Magistrate,,Rep,Susan S. Camp ,1996,1147,61,0,788
Douglas,Prays Mill Gym,Chief Magistrate,,Rep,Susan S. Camp ,1839,1213,83,0,543
Douglas,Turner,Chief Magistrate,,Rep,Susan S. Camp ,805,460,67,0,278
Douglas,First Baptist Lithia Springs,Chief Magistrate,,Rep,Susan S. Camp ,466,279,19,0,168
Douglas,Lithia Springs High School,Chief Magistrate,,Rep,Susan S. Camp ,620,439,33,0,148
Douglas,Deer Lick,Chief Magistrate,,Rep,Susan S. Camp ,589,416,19,0,154
Douglas,Golden Methodist Church,Chief Magistrate,,Rep,Susan S. Camp ,513,301,27,0,185
Douglas,Old Courthouse,Chief Magistrate,,Rep,Susan S. Camp ,925,660,64,0,201
Douglas,Beulah Baptist Church,Chief Magistrate,,Rep,Susan S. Camp ,924,537,50,0,337
Douglas,Stewart,Chief Magistrate,,Rep,Susan S. Camp ,279,201,11,0,67
Douglas,Arbor Station,Chief Magistrate,,Rep,Susan S. Camp ,528,283,35,0,210
Douglas,Bright Star,Chief Magistrate,,Rep,Susan S. Camp ,813,427,21,0,365
Douglas,Dorsett Shoals,Chief Magistrate,,Rep,Susan S. Camp ,1034,623,58,0,353
Douglas,Chapel Hill,Chief Magistrate,,Rep,Susan S. Camp ,691,439,33,0,219
Douglas,Church At Chapel Hill,Chief Magistrate,,Rep,Susan S. Camp ,1143,767,40,0,336
Douglas,Chestnut Log,Chief Magistrate,,Rep,Susan S. Camp ,628,415,36,0,177
Douglas,St Julians Episcopal,Chief Magistrate,,Rep,Susan S. Camp ,568,301,32,0,235
Douglas,Lutheran Church-GS,Chief Magistrate,,Rep,Susan S. Camp ,938,581,40,1,316
Douglas,First Baptist Douglasville,Chief Magistrate,,Rep,Susan S. Camp ,679,433,46,0,200
Douglas,Factory Shoals,Chief Magistrate,,Rep,Susan S. Camp ,743,486,36,0,221
Douglas,Boundary Waters,Chief Magistrate,,Rep,Susan S. Camp ,369,258,17,0,94
Douglas,Mirror Lake Elementary,Chief Magistrate,,Dem,Ryan C. Williams,0,0,0,0,0
Douglas,Winston,Chief Magistrate,,Dem,Ryan C. Williams,0,0,0,0,0
Douglas,Dog River Library,Chief Magistrate,,Dem,Ryan C. Williams,0,0,0,0,0
Douglas,Atlanta West Pentecostal,Chief Magistrate,,Dem,Ryan C. Williams,0,0,0,0,0
Douglas,Ephesus Baptist Church,Chief Magistrate,,Dem,Ryan C. Williams,0,0,0,0,0
Douglas,Prays Mill Gym,Chief Magistrate,,Dem,Ryan C. Williams,0,0,0,0,0
Douglas,Turner,Chief Magistrate,,Dem,Ryan C. Williams,0,0,0,0,0
Douglas,First Baptist Lithia Springs,Chief Magistrate,,Dem,Ryan C. Williams,0,0,0,0,0
Douglas,Lithia Springs High School,Chief Magistrate,,Dem,Ryan C. Williams,0,0,0,0,0
Douglas,Deer Lick,Chief Magistrate,,Dem,Ryan C. Williams,0,0,0,0,0
Douglas,Golden Methodist Church,Chief Magistrate,,Dem,Ryan C. Williams,0,0,0,0,0
Douglas,Old Courthouse,Chief Magistrate,,Dem,Ryan C. Williams,0,0,0,0,0
Douglas,Beulah Baptist Church,Chief Magistrate,,Dem,Ryan C. Williams,0,0,0,0,0
Douglas,Stewart,Chief Magistrate,,Dem,Ryan C. Williams,0,0,0,0,0
Douglas,Arbor Station,Chief Magistrate,,Dem,Ryan C. Williams,0,0,0,0,0
Douglas,Bright Star,Chief Magistrate,,Dem,Ryan C. Williams,0,0,0,0,0
Douglas,Dorsett Shoals,Chief Magistrate,,Dem,Ryan C. Williams,0,0,0,0,0
Douglas,Chapel Hill,Chief Magistrate,,Dem,Ryan C. Williams,0,0,0,0,0
Douglas,Church At Chapel Hill,Chief Magistrate,,Dem,Ryan C. Williams,0,0,0,0,0
Douglas,Chestnut Log,Chief Magistrate,,Dem,Ryan C. Williams,0,0,0,0,0
Douglas,St Julians Episcopal,Chief Magistrate,,Dem,Ryan C. Williams,0,0,0,0,0
Douglas,Lutheran Church-GS,Chief Magistrate,,Dem,Ryan C. Williams,0,0,0,0,0
Douglas,First Baptist Douglasville,Chief Magistrate,,Dem,Ryan C. Williams,0,0,0,0,0
Douglas,Factory Shoals,Chief Magistrate,,Dem,Ryan C. Williams,0,0,0,0,0
Douglas,Boundary Waters,Chief Magistrate,,Dem,Ryan C. Williams,0,0,0,0,0
Douglas,Mirror Lake Elementary,Solicitor-General,,Dem,Sonya Compton ,2570,1431,200,0,939
Douglas,Winston,Solicitor-General,,Dem,Sonya Compton ,681,409,24,2,246
Douglas,Dog River Library,Solicitor-General,,Dem,Sonya Compton ,1885,1419,62,0,404
Douglas,Atlanta West Pentecostal,Solicitor-General,,Dem,Sonya Compton ,1289,776,72,0,441
Douglas,Ephesus Baptist Church,Solicitor-General,,Dem,Sonya Compton ,1337,811,67,0,459
Douglas,Prays Mill Gym,Solicitor-General,,Dem,Sonya Compton ,2000,1311,117,0,572
Douglas,Turner,Solicitor-General,,Dem,Sonya Compton ,1310,811,83,2,414
Douglas,First Baptist Lithia Springs,Solicitor-General,,Dem,Sonya Compton ,667,404,44,0,219
Douglas,Lithia Springs High School,Solicitor-General,,Dem,Sonya Compton ,2748,1931,158,0,659
Douglas,Deer Lick,Solicitor-General,,Dem,Sonya Compton ,972,663,54,0,255
Douglas,Golden Methodist Church,Solicitor-General,,Dem,Sonya Compton ,2248,1459,115,0,674
Douglas,Old Courthouse,Solicitor-General,,Dem,Sonya Compton ,1871,1272,121,1,477
Douglas,Beulah Baptist Church,Solicitor-General,,Dem,Sonya Compton ,1197,729,81,0,387
Douglas,Stewart,Solicitor-General,,Dem,Sonya Compton ,1290,835,79,0,376
Douglas,Arbor Station,Solicitor-General,,Dem,Sonya Compton ,1103,611,61,0,431
Douglas,Bright Star,Solicitor-General,,Dem,Sonya Compton ,896,470,57,0,369
Douglas,Dorsett Shoals,Solicitor-General,,Dem,Sonya Compton ,1172,677,86,0,409
Douglas,Chapel Hill,Solicitor-General,,Dem,Sonya Compton ,1865,1218,122,0,525
Douglas,Church At Chapel Hill,Solicitor-General,,Dem,Sonya Compton ,2777,1946,123,1,707
Douglas,Chestnut Log,Solicitor-General,,Dem,Sonya Compton ,1731,1167,108,0,456
Douglas,St Julians Episcopal,Solicitor-General,,Dem,Sonya Compton ,768,408,67,0,293
Douglas,Lutheran Church-GS,Solicitor-General,,Dem,Sonya Compton ,1958,1294,125,1,538
Douglas,First Baptist Douglasville,Solicitor-General,,Dem,Sonya Compton ,1137,792,76,0,269
Douglas,Factory Shoals,Solicitor-General,,Dem,Sonya Compton ,2352,1686,141,2,523
Douglas,Boundary Waters,Solicitor-General,,Dem,Sonya Compton ,2095,1503,80,0,512
Douglas,Turner,County Commissioner Dist 1,,Rep,Elizabeth Bennett,769,438,60,0,271
Douglas,First Baptist Lithia Springs,County Commissioner Dist 1,,Rep,Elizabeth Bennett,441,263,18,0,160
Douglas,Golden Methodist Church,County Commissioner Dist 1,,Rep,Elizabeth Bennett,342,201,23,0,118
Douglas,Old Courthouse,County Commissioner Dist 1,,Rep,Elizabeth Bennett,783,558,52,0,173
Douglas,Beulah Baptist Church,County Commissioner Dist 1,,Rep,Elizabeth Bennett,863,493,44,0,326
Douglas,Stewart,County Commissioner Dist 1,,Rep,Elizabeth Bennett,198,144,7,0,47
Douglas,Turner,County Commissioner Dist 1,,Dem,Henry Mitchell III ,1035,664,74,1,296
Douglas,First Baptist Lithia Springs,County Commissioner Dist 1,,Dem,Henry Mitchell III ,513,318,38,0,157
Douglas,Golden Methodist Church,County Commissioner Dist 1,,Dem,Henry Mitchell III ,2103,1369,105,0,629
Douglas,Old Courthouse,County Commissioner Dist 1,,Dem,Henry Mitchell III ,1582,1064,115,0,403
Douglas,Beulah Baptist Church,County Commissioner Dist 1,,Dem,Henry Mitchell III ,900,555,71,0,274
Douglas,Stewart,County Commissioner Dist 1,,Dem,Henry Mitchell III ,1208,779,73,0,356
Douglas,Prays Mill Gym,County Commissioner Dist 3,,Rep,Bundy S. Cobb,1620,1074,62,0,484
Douglas,Dorsett Shoals,County Commissioner Dist 3,,Rep,Bundy S. Cobb,974,577,52,0,345
Douglas,Chapel Hill,County Commissioner Dist 3,,Rep,Bundy S. Cobb,564,366,13,0,185
Douglas,Church At Chapel Hill,County Commissioner Dist 3,,Rep,Bundy S. Cobb,1001,663,34,0,304
Douglas,Lutheran Church-GS,County Commissioner Dist 3,,Rep,Bundy S. Cobb,791,480,33,0,278
Douglas,First Baptist Douglasville,County Commissioner Dist 3,,Rep,Bundy S. Cobb,575,369,38,0,168
Douglas,Factory Shoals,County Commissioner Dist 3,,Rep,Bundy S. Cobb,184,123,12,0,49
Douglas,Prays Mill Gym,County Commissioner Dist 3,,Dem,Tarenia Carthan ,1239,821,97,0,321
Douglas,Dorsett Shoals,County Commissioner Dist 3,,Dem,Tarenia Carthan ,783,466,62,0,255
Douglas,Chapel Hill,County Commissioner Dist 3,,Dem,Tarenia Carthan ,1624,1069,117,0,438
Douglas,Church At Chapel Hill,County Commissioner Dist 3,,Dem,Tarenia Carthan ,2412,1708,118,0,586
Douglas,Lutheran Church-GS,County Commissioner Dist 3,,Dem,Tarenia Carthan ,1677,1132,118,0,427
Douglas,First Baptist Douglasville,County Commissioner Dist 3,,Dem,Tarenia Carthan ,945,666,74,0,205
Douglas,Factory Shoals,County Commissioner Dist 3,,Dem,Tarenia Carthan ,147,114,6,1,26
Douglas,Mirror Lake Elementary,County Commissioner Dist 4,,Rep,Mark Alcarez,1553,846,69,0,638
Douglas,Winston,County Commissioner Dist 4,,Rep,Mark Alcarez,437,242,21,0,174
Douglas,Dog River Library,County Commissioner Dist 4,,Rep,Mark Alcarez,2430,1766,78,0,586
Douglas,Ephesus Baptist Church,County Commissioner Dist 4,,Rep,Mark Alcarez,1962,1134,54,0,774
Douglas,Prays Mill Gym,County Commissioner Dist 4,,Rep,Mark Alcarez,108,71,6,0,31
Douglas,Arbor Station,County Commissioner Dist 4,,Rep,Mark Alcarez,462,237,26,0,199
Douglas,Bright Star,County Commissioner Dist 4,,Rep,Mark Alcarez,778,402,19,0,357
Douglas,St Julians Episcopal,County Commissioner Dist 4,,Rep,Mark Alcarez,529,275,26,0,228
Douglas,Mirror Lake Elementary,County Commissioner Dist 4,,Dem,Yvonne Shaw,1958,1114,179,0,665
Douglas,Winston,County Commissioner Dist 4,,Dem,Yvonne Shaw,522,321,20,0,181
Douglas,Dog River Library,County Commissioner Dist 4,,Dem,Yvonne Shaw,935,729,42,0,164
Douglas,Ephesus Baptist Church,County Commissioner Dist 4,,Dem,Yvonne Shaw,604,381,56,0,167
Douglas,Prays Mill Gym,County Commissioner Dist 4,,Dem,Yvonne Shaw,68,51,2,0,15
Douglas,Arbor Station,County Commissioner Dist 4,,Dem,Yvonne Shaw,900,517,50,0,333
Douglas,Bright Star,County Commissioner Dist 4,,Dem,Yvonne Shaw,549,302,53,0,194
Douglas,St Julians Episcopal,County Commissioner Dist 4,,Dem,Yvonne Shaw,579,320,61,0,198
Douglas,Atlanta West Pentecostal,Brd of Education Dist 2,,Dem,D. T. Jackson ,1289,777,72,0,440
Douglas,Turner,Brd of Education Dist 2,,Dem,D. T. Jackson ,1298,804,80,1,413
Douglas,First Baptist Lithia Springs,Brd of Education Dist 2,,Dem,D. T. Jackson ,666,403,44,0,219
Douglas,Lithia Springs High School,Brd of Education Dist 2,,Dem,D. T. Jackson ,1610,1146,96,0,368
Douglas,Beulah Baptist Church,Brd of Education Dist 2,,Dem,D. T. Jackson ,659,395,36,0,228
Douglas,Stewart,Brd of Education Dist 2,,Dem,D. T. Jackson ,650,441,35,0,174
Douglas,Factory Shoals,Brd of Education Dist 2,,Dem,D. T. Jackson ,1748,1272,103,0,373
Douglas,Deer Lick,Brd of Education Dist 3,,Dem,Tracy LaShawn Rookard ,384,249,21,0,114
Douglas,Chapel Hill,Brd of Education Dist 3,,Dem,Tracy LaShawn Rookard ,1829,1198,120,0,511
Douglas,Church At Chapel Hill,Brd of Education Dist 3,,Dem,Tracy LaShawn Rookard ,2449,1697,105,1,646
Douglas,Chestnut Log,Brd of Education Dist 3,,Dem,Tracy LaShawn Rookard ,276,195,17,0,64
Douglas,Lutheran Church-GS,Brd of Education Dist 3,,Dem,Tracy LaShawn Rookard ,1954,1292,129,0,533
Douglas,Factory Shoals,Brd of Education Dist 3,,Dem,Tracy LaShawn Rookard ,602,411,41,1,149
Douglas,Boundary Waters,Brd of Education Dist 3,,Dem,Tracy LaShawn Rookard ,2090,1494,82,0,514
Douglas,Mirror Lake Elementary,Brd of Education Dist 4,,Rep,Heidi Hulsey,1310,716,61,0,533
Douglas,Winston,Brd of Education Dist 4,,Rep,Heidi Hulsey,420,235,20,0,165
Douglas,Golden Methodist Church,Brd of Education Dist 4,,Rep,Heidi Hulsey,295,171,20,0,104
Douglas,Arbor Station,Brd of Education Dist 4,,Rep,Heidi Hulsey,436,221,24,0,191
Douglas,Bright Star,Brd of Education Dist 4,,Rep,Heidi Hulsey,514,271,15,0,228
Douglas,St Julians Episcopal,Brd of Education Dist 4,,Rep,Heidi Hulsey,368,185,14,0,169
Douglas,Mirror Lake Elementary,Brd of Education Dist 4,,Dem,Michelle Simmons ,1730,968,158,0,604
Douglas,Winston,Brd of Education Dist 4,,Dem,Michelle Simmons ,534,325,21,1,187
Douglas,Golden Methodist Church,Brd of Education Dist 4,,Dem,Michelle Simmons ,2155,1402,111,0,642
Douglas,Arbor Station,Brd of Education Dist 4,,Dem,Michelle Simmons ,920,525,53,0,342
Douglas,Bright Star,Brd of Education Dist 4,,Dem,Michelle Simmons ,398,204,44,0,150
Douglas,St Julians Episcopal,Brd of Education Dist 4,,Dem,Michelle Simmons ,483,258,56,0,169
Douglas,Mirror Lake Elementary,Constitutional Amendment #1,,,Yes,3025,1685,226,0,1114
Douglas,Winston,Constitutional Amendment #1,,,Yes,800,475,30,0,295
Douglas,Dog River Library,Constitutional Amendment #1,,,Yes,2912,2178,108,0,626
Douglas,Atlanta West Pentecostal,Constitutional Amendment #1,,,Yes,1161,699,72,0,390
Douglas,Ephesus Baptist Church,Constitutional Amendment #1,,,Yes,2164,1260,100,0,804
Douglas,Prays Mill Gym,Constitutional Amendment #1,,,Yes,2622,1742,145,0,735
Douglas,Turner,Constitutional Amendment #1,,,Yes,1512,924,116,2,470
Douglas,First Baptist Lithia Springs,Constitutional Amendment #1,,,Yes,816,497,46,0,273
Douglas,Lithia Springs High School,Constitutional Amendment #1,,,Yes,2617,1846,159,0,612
Douglas,Deer Lick,Constitutional Amendment #1,,,Yes,1130,790,60,0,280
Douglas,Golden Methodist Church,Constitutional Amendment #1,,,Yes,2032,1333,99,0,600
Douglas,Old Courthouse,Constitutional Amendment #1,,,Yes,2002,1383,137,0,482
Douglas,Beulah Baptist Church,Constitutional Amendment #1,,,Yes,1478,887,100,0,491
Douglas,Stewart,Constitutional Amendment #1,,,Yes,1204,814,71,0,319
Douglas,Arbor Station,Constitutional Amendment #1,,,Yes,1173,658,61,0,454
Douglas,Bright Star,Constitutional Amendment #1,,,Yes,1135,596,67,0,472
Douglas,Dorsett Shoals,Constitutional Amendment #1,,,Yes,1484,879,96,0,509
Douglas,Chapel Hill,Constitutional Amendment #1,,,Yes,1902,1242,121,0,539
Douglas,Church At Chapel Hill,Constitutional Amendment #1,,,Yes,2914,2036,131,0,747
Douglas,Chestnut Log,Constitutional Amendment #1,,,Yes,1773,1213,115,0,445
Douglas,St Julians Episcopal,Constitutional Amendment #1,,,Yes,948,510,78,0,360
Douglas,Lutheran Church-GS,Constitutional Amendment #1,,,Yes,2157,1420,134,1,602
Douglas,First Baptist Douglasville,Constitutional Amendment #1,,,Yes,1314,890,106,0,318
Douglas,Factory Shoals,Constitutional Amendment #1,,,Yes,2405,1702,136,1,566
Douglas,Boundary Waters,Constitutional Amendment #1,,,Yes,1954,1390,79,0,485
Douglas,Mirror Lake Elementary,Constitutional Amendment #1,,,No,415,231,20,0,164
Douglas,Winston,Constitutional Amendment #1,,,No,141,77,9,0,55
Douglas,Dog River Library,Constitutional Amendment #1,,,No,395,279,14,0,102
Douglas,Atlanta West Pentecostal,Constitutional Amendment #1,,,No,199,109,9,0,81
Douglas,Ephesus Baptist Church,Constitutional Amendment #1,,,No,330,210,5,0,115
Douglas,Prays Mill Gym,Constitutional Amendment #1,,,No,382,261,15,0,106
Douglas,Turner,Constitutional Amendment #1,,,No,274,172,15,0,87
Douglas,First Baptist Lithia Springs,Constitutional Amendment #1,,,No,122,76,7,0,39
Douglas,Lithia Springs High School,Constitutional Amendment #1,,,No,396,265,20,0,111
Douglas,Deer Lick,Constitutional Amendment #1,,,No,178,118,7,0,53
Douglas,Golden Methodist Church,Constitutional Amendment #1,,,No,375,216,28,0,131
Douglas,Old Courthouse,Constitutional Amendment #1,,,No,322,208,21,1,92
Douglas,Beulah Baptist Church,Constitutional Amendment #1,,,No,252,145,12,0,95
Douglas,Stewart,Constitutional Amendment #1,,,No,188,107,10,0,71
Douglas,Arbor Station,Constitutional Amendment #1,,,No,174,92,9,0,73
Douglas,Bright Star,Constitutional Amendment #1,,,No,158,91,5,0,62
Douglas,Dorsett Shoals,Constitutional Amendment #1,,,No,235,135,15,0,85
Douglas,Chapel Hill,Constitutional Amendment #1,,,No,262,171,9,0,82
Douglas,Church At Chapel Hill,Constitutional Amendment #1,,,No,464,316,18,1,129
Douglas,Chestnut Log,Constitutional Amendment #1,,,No,252,157,13,0,82
Douglas,St Julians Episcopal,Constitutional Amendment #1,,,No,150,80,9,0,61
Douglas,Lutheran Church-GS,Constitutional Amendment #1,,,No,298,186,16,0,96
Douglas,First Baptist Douglasville,Constitutional Amendment #1,,,No,186,139,2,0,45
Douglas,Factory Shoals,Constitutional Amendment #1,,,No,332,235,13,0,84
Douglas,Boundary Waters,Constitutional Amendment #1,,,No,300,230,6,0,64
Douglas,Mirror Lake Elementary,Constitutional Amendment #2,,,Yes,3188,1762,224,0,1202
Douglas,Winston,Constitutional Amendment #2,,,Yes,865,510,37,0,318
Douglas,Dog River Library,Constitutional Amendment #2,,,Yes,3016,2254,107,0,655
Douglas,Atlanta West Pentecostal,Constitutional Amendment #2,,,Yes,1319,782,78,0,459
Douglas,Ephesus Baptist Church,Constitutional Amendment #2,,,Yes,2252,1306,102,0,844
Douglas,Prays Mill Gym,Constitutional Amendment #2,,,Yes,2745,1822,156,0,767
Douglas,Turner,Constitutional Amendment #2,,,Yes,1632,997,123,2,510
Douglas,First Baptist Lithia Springs,Constitutional Amendment #2,,,Yes,844,515,48,0,281
Douglas,Lithia Springs High School,Constitutional Amendment #2,,,Yes,2856,2008,166,0,682
Douglas,Deer Lick,Constitutional Amendment #2,,,Yes,1191,828,62,0,301
Douglas,Golden Methodist Church,Constitutional Amendment #2,,,Yes,2240,1454,117,0,669
Douglas,Old Courthouse,Constitutional Amendment #2,,,Yes,2165,1489,146,1,529
Douglas,Beulah Baptist Church,Constitutional Amendment #2,,,Yes,1583,933,107,0,543
Douglas,Stewart,Constitutional Amendment #2,,,Yes,1315,863,76,0,376
Douglas,Arbor Station,Constitutional Amendment #2,,,Yes,1263,705,69,0,489
Douglas,Bright Star,Constitutional Amendment #2,,,Yes,1199,626,71,0,502
Douglas,Dorsett Shoals,Constitutional Amendment #2,,,Yes,1590,934,104,0,552
Douglas,Chapel Hill,Constitutional Amendment #2,,,Yes,2032,1322,124,0,586
Douglas,Church At Chapel Hill,Constitutional Amendment #2,,,Yes,3111,2171,136,0,804
Douglas,Chestnut Log,Constitutional Amendment #2,,,Yes,1932,1311,122,0,499
Douglas,St Julians Episcopal,Constitutional Amendment #2,,,Yes,990,536,76,0,378
Douglas,Lutheran Church-GS,Constitutional Amendment #2,,,Yes,2286,1486,138,1,661
Douglas,First Baptist Douglasville,Constitutional Amendment #2,,,Yes,1377,942,100,0,335
Douglas,Factory Shoals,Constitutional Amendment #2,,,Yes,2594,1832,142,1,619
Douglas,Boundary Waters,Constitutional Amendment #2,,,Yes,2146,1536,83,0,527
Douglas,Mirror Lake Elementary,Constitutional Amendment #2,,,No,270,167,19,0,84
Douglas,Winston,Constitutional Amendment #2,,,No,82,46,2,0,34
Douglas,Dog River Library,Constitutional Amendment #2,,,No,319,222,16,0,81
Douglas,Atlanta West Pentecostal,Constitutional Amendment #2,,,No,59,38,2,0,19
Douglas,Ephesus Baptist Church,Constitutional Amendment #2,,,No,272,189,3,0,80
Douglas,Prays Mill Gym,Constitutional Amendment #2,,,No,297,206,6,0,85
Douglas,Turner,Constitutional Amendment #2,,,No,169,108,12,0,49
Douglas,First Baptist Lithia Springs,Constitutional Amendment #2,,,No,99,60,6,0,33
Douglas,Lithia Springs High School,Constitutional Amendment #2,,,No,191,129,15,0,47
Douglas,Deer Lick,Constitutional Amendment #2,,,No,124,86,4,0,34
Douglas,Golden Methodist Church,Constitutional Amendment #2,,,No,191,111,8,0,72
Douglas,Old Courthouse,Constitutional Amendment #2,,,No,191,128,12,0,51
Douglas,Beulah Baptist Church,Constitutional Amendment #2,,,No,166,112,5,0,49
Douglas,Stewart,Constitutional Amendment #2,,,No,91,62,5,0,24
Douglas,Arbor Station,Constitutional Amendment #2,,,No,92,49,2,0,41
Douglas,Bright Star,Constitutional Amendment #2,,,No,108,68,1,0,39
Douglas,Dorsett Shoals,Constitutional Amendment #2,,,No,153,99,4,0,50
Douglas,Chapel Hill,Constitutional Amendment #2,,,No,152,108,7,0,37
Douglas,Church At Chapel Hill,Constitutional Amendment #2,,,No,277,190,13,1,73
Douglas,Chestnut Log,Constitutional Amendment #2,,,No,115,70,8,0,37
Douglas,St Julians Episcopal,Constitutional Amendment #2,,,No,115,59,9,0,47
Douglas,Lutheran Church-GS,Constitutional Amendment #2,,,No,169,114,11,0,44
Douglas,First Baptist Douglasville,Constitutional Amendment #2,,,No,140,95,9,0,36
Douglas,Factory Shoals,Constitutional Amendment #2,,,No,180,128,9,0,43
Douglas,Boundary Waters,Constitutional Amendment #2,,,No,133,104,3,0,26
Douglas,Mirror Lake Elementary,Statewide Referendum A,,,Yes,2021,1109,119,0,793
Douglas,Winston,Statewide Referendum A,,,Yes,547,308,20,0,219
Douglas,Dog River Library,Statewide Referendum A,,,Yes,2042,1510,46,0,486
Douglas,Atlanta West Pentecostal,Statewide Referendum A,,,Yes,887,536,35,0,316
Douglas,Ephesus Baptist Church,Statewide Referendum A,,,Yes,1594,908,53,0,633
Douglas,Prays Mill Gym,Statewide Referendum A,,,Yes,1794,1172,80,0,542
Douglas,Turner,Statewide Referendum A,,,Yes,997,615,47,2,333
Douglas,First Baptist Lithia Springs,Statewide Referendum A,,,Yes,541,335,11,0,195
Douglas,Lithia Springs High School,Statewide Referendum A,,,Yes,1799,1238,92,0,469
Douglas,Deer Lick,Statewide Referendum A,,,Yes,774,544,32,0,198
Douglas,Golden Methodist Church,Statewide Referendum A,,,Yes,1462,931,71,0,460
Douglas,Old Courthouse,Statewide Referendum A,,,Yes,1419,969,79,1,370
Douglas,Beulah Baptist Church,Statewide Referendum A,,,Yes,1014,594,55,0,365
Douglas,Stewart,Statewide Referendum A,,,Yes,853,546,37,0,270
Douglas,Arbor Station,Statewide Referendum A,,,Yes,771,421,40,0,310
Douglas,Bright Star,Statewide Referendum A,,,Yes,719,367,35,0,317
Douglas,Dorsett Shoals,Statewide Referendum A,,,Yes,1077,626,50,0,401
Douglas,Chapel Hill,Statewide Referendum A,,,Yes,1248,790,61,0,397
Douglas,Church At Chapel Hill,Statewide Referendum A,,,Yes,1917,1325,63,0,529
Douglas,Chestnut Log,Statewide Referendum A,,,Yes,1224,832,55,0,337
Douglas,St Julians Episcopal,Statewide Referendum A,,,Yes,625,324,35,0,266
Douglas,Lutheran Church-GS,Statewide Referendum A,,,Yes,1410,907,55,0,448
Douglas,First Baptist Douglasville,Statewide Referendum A,,,Yes,828,560,44,0,224
Douglas,Factory Shoals,Statewide Referendum A,,,Yes,1581,1105,58,0,418
Douglas,Boundary Waters,Statewide Referendum A,,,Yes,1427,1021,47,0,359
Douglas,Mirror Lake Elementary,Statewide Referendum A,,,No,1378,783,121,0,474
Douglas,Winston,Statewide Referendum A,,,No,386,238,19,0,129
Douglas,Dog River Library,Statewide Referendum A,,,No,1232,925,74,0,233
Douglas,Atlanta West Pentecostal,Statewide Referendum A,,,No,460,266,44,0,150
Douglas,Ephesus Baptist Church,Statewide Referendum A,,,No,877,554,48,0,275
Douglas,Prays Mill Gym,Statewide Referendum A,,,No,1203,828,77,0,298
Douglas,Turner,Statewide Referendum A,,,No,769,469,82,0,218
Douglas,First Baptist Lithia Springs,Statewide Referendum A,,,No,385,237,35,0,113
Douglas,Lithia Springs High School,Statewide Referendum A,,,No,1189,861,81,0,247
Douglas,Deer Lick,Statewide Referendum A,,,No,519,362,27,0,130
Douglas,Golden Methodist Church,Statewide Referendum A,,,No,918,603,51,0,264
Douglas,Old Courthouse,Statewide Referendum A,,,No,877,603,77,0,197
Douglas,Beulah Baptist Church,Statewide Referendum A,,,No,700,431,54,0,215
Douglas,Stewart,Statewide Referendum A,,,No,522,364,39,0,119
Douglas,Arbor Station,Statewide Referendum A,,,No,563,323,29,0,211
Douglas,Bright Star,Statewide Referendum A,,,No,561,319,33,0,209
Douglas,Dorsett Shoals,Statewide Referendum A,,,No,635,387,58,0,190
Douglas,Chapel Hill,Statewide Referendum A,,,No,896,614,66,0,216
Douglas,Church At Chapel Hill,Statewide Referendum A,,,No,1427,1002,83,1,341
Douglas,Chestnut Log,Statewide Referendum A,,,No,791,529,72,0,190
Douglas,St Julians Episcopal,Statewide Referendum A,,,No,464,258,49,0,157
Douglas,Lutheran Church-GS,Statewide Referendum A,,,No,1015,673,91,1,250
Douglas,First Baptist Douglasville,Statewide Referendum A,,,No,668,465,62,0,141
Douglas,Factory Shoals,Statewide Referendum A,,,No,1149,824,93,1,231
Douglas,Boundary Waters,Statewide Referendum A,,,No,821,593,40,0,188
Douglas,Mirror Lake Elementary,Statewide Referendum B,,,Yes,2596,1407,167,0,1022
Douglas,Winston,Statewide Referendum B,,,Yes,732,428,27,0,277
Douglas,Dog River Library,Statewide Referendum B,,,Yes,2538,1880,68,0,590
Douglas,Atlanta West Pentecostal,Statewide Referendum B,,,Yes,1047,626,51,0,370
Douglas,Ephesus Baptist Church,Statewide Referendum B,,,Yes,1971,1135,72,0,764
Douglas,Prays Mill Gym,Statewide Referendum B,,,Yes,2295,1514,113,0,668
Douglas,Turner,Statewide Referendum B,,,Yes,1321,806,78,1,436
Douglas,First Baptist Lithia Springs,Statewide Referendum B,,,Yes,698,422,30,0,246
Douglas,Lithia Springs High School,Statewide Referendum B,,,Yes,2226,1549,124,0,553
Douglas,Deer Lick,Statewide Referendum B,,,Yes,1000,698,42,0,260
Douglas,Golden Methodist Church,Statewide Referendum B,,,Yes,1798,1158,88,0,552
Douglas,Old Courthouse,Statewide Referendum B,,,Yes,1740,1193,100,1,446
Douglas,Beulah Baptist Church,Statewide Referendum B,,,Yes,1313,776,76,0,461
Douglas,Stewart,Statewide Referendum B,,,Yes,1037,686,51,0,300
Douglas,Arbor Station,Statewide Referendum B,,,Yes,1035,574,52,0,409
Douglas,Bright Star,Statewide Referendum B,,,Yes,990,513,56,0,421
Douglas,Dorsett Shoals,Statewide Referendum B,,,Yes,1368,814,82,0,472
Douglas,Chapel Hill,Statewide Referendum B,,,Yes,1619,1037,89,0,493
Douglas,Church At Chapel Hill,Statewide Referendum B,,,Yes,2487,1736,84,0,667
Douglas,Chestnut Log,Statewide Referendum B,,,Yes,1502,1008,80,0,414
Douglas,St Julians Episcopal,Statewide Referendum B,,,Yes,818,438,56,0,324
Douglas,Lutheran Church-GS,Statewide Referendum B,,,Yes,1745,1119,77,1,548
Douglas,First Baptist Douglasville,Statewide Referendum B,,,Yes,1076,729,60,0,287
Douglas,Factory Shoals,Statewide Referendum B,,,Yes,2002,1398,93,0,511
Douglas,Boundary Waters,Statewide Referendum B,,,Yes,1705,1214,61,0,430
Douglas,Mirror Lake Elementary,Statewide Referendum B,,,No,825,499,72,0,254
Douglas,Winston,Statewide Referendum B,,,No,201,119,11,0,71
Douglas,Dog River Library,Statewide Referendum B,,,No,747,562,50,0,135
Douglas,Atlanta West Pentecostal,Statewide Referendum B,,,No,304,180,28,0,96
Douglas,Ephesus Baptist Church,Statewide Referendum B,,,No,518,339,30,0,149
Douglas,Prays Mill Gym,Statewide Referendum B,,,No,713,498,42,0,173
Douglas,Turner,Statewide Referendum B,,,No,450,280,49,1,120
Douglas,First Baptist Lithia Springs,Statewide Referendum B,,,No,232,152,18,0,62
Douglas,Lithia Springs High School,Statewide Referendum B,,,No,782,561,52,0,169
Douglas,Deer Lick,Statewide Referendum B,,,No,303,212,18,0,73
Douglas,Golden Methodist Church,Statewide Referendum B,,,No,599,390,35,0,174
Douglas,Old Courthouse,Statewide Referendum B,,,No,561,386,53,0,122
Douglas,Beulah Baptist Church,Statewide Referendum B,,,No,414,255,33,0,126
Douglas,Stewart,Statewide Referendum B,,,No,349,235,24,0,90
Douglas,Arbor Station,Statewide Referendum B,,,No,307,174,17,0,116
Douglas,Bright Star,Statewide Referendum B,,,No,297,175,13,0,109
Douglas,Dorsett Shoals,Statewide Referendum B,,,No,348,205,25,0,118
Douglas,Chapel Hill,Statewide Referendum B,,,No,525,365,37,0,123
Douglas,Church At Chapel Hill,Statewide Referendum B,,,No,869,597,62,1,209
Douglas,Chestnut Log,Statewide Referendum B,,,No,513,353,46,0,114
Douglas,St Julians Episcopal,Statewide Referendum B,,,No,275,148,28,0,99
Douglas,Lutheran Church-GS,Statewide Referendum B,,,No,678,464,64,0,150
Douglas,First Baptist Douglasville,Statewide Referendum B,,,No,420,295,47,0,78
Douglas,Factory Shoals,Statewide Referendum B,,,No,733,537,57,1,138
Douglas,Boundary Waters,Statewide Referendum B,,,No,550,408,24,0,118
Douglas,Mirror Lake Elementary,Douglas County SPLOST,,,Yes,1845,1009,140,0,696
Douglas,Winston,Douglas County SPLOST,,,Yes,479,287,19,0,173
Douglas,Dog River Library,Douglas County SPLOST,,,Yes,1379,1065,51,0,263
Douglas,Atlanta West Pentecostal,Douglas County SPLOST,,,Yes,871,524,47,0,300
Douglas,Ephesus Baptist Church,Douglas County SPLOST,,,Yes,1069,658,49,0,362
Douglas,Prays Mill Gym,Douglas County SPLOST,,,Yes,1453,954,81,0,418
Douglas,Turner,Douglas County SPLOST,,,Yes,962,597,57,2,306
Douglas,First Baptist Lithia Springs,Douglas County SPLOST,,,Yes,461,290,18,0,153
Douglas,Lithia Springs High School,Douglas County SPLOST,,,Yes,1780,1248,107,0,425
Douglas,Deer Lick,Douglas County SPLOST,,,Yes,681,474,38,0,169
Douglas,Golden Methodist Church,Douglas County SPLOST,,,Yes,1458,930,75,0,453
Douglas,Old Courthouse,Douglas County SPLOST,,,Yes,1333,910,93,1,329
Douglas,Beulah Baptist Church,Douglas County SPLOST,,,Yes,880,550,60,0,270
Douglas,Stewart,Douglas County SPLOST,,,Yes,837,556,42,0,239
Douglas,Arbor Station,Douglas County SPLOST,,,Yes,798,458,45,0,295
Douglas,Bright Star,Douglas County SPLOST,,,Yes,642,346,41,0,255
Douglas,Dorsett Shoals,Douglas County SPLOST,,,Yes,837,499,58,0,280
Douglas,Chapel Hill,Douglas County SPLOST,,,Yes,1262,822,74,0,366
Douglas,Church At Chapel Hill,Douglas County SPLOST,,,Yes,1884,1318,89,1,476
Douglas,Chestnut Log,Douglas County SPLOST,,,Yes,1141,768,69,0,304
Douglas,St Julians Episcopal,Douglas County SPLOST,,,Yes,567,305,47,0,215
Douglas,Lutheran Church-GS,Douglas County SPLOST,,,Yes,1354,873,97,0,384
Douglas,First Baptist Douglasville,Douglas County SPLOST,,,Yes,793,559,56,0,178
Douglas,Factory Shoals,Douglas County SPLOST,,,Yes,1592,1152,83,0,357
Douglas,Boundary Waters,Douglas County SPLOST,,,Yes,1347,966,48,0,333
Douglas,Mirror Lake Elementary,Douglas County SPLOST,,,No,1593,905,102,0,586
Douglas,Winston,Douglas County SPLOST,,,No,464,267,20,0,177
Douglas,Dog River Library,Douglas County SPLOST,,,No,1928,1393,70,0,465
Douglas,Atlanta West Pentecostal,Douglas County SPLOST,,,No,496,290,32,0,174
Douglas,Ephesus Baptist Church,Douglas County SPLOST,,,No,1450,833,53,0,564
Douglas,Prays Mill Gym,Douglas County SPLOST,,,No,1579,1068,76,0,435
Douglas,Turner,Douglas County SPLOST,,,No,821,500,75,0,246
Douglas,First Baptist Lithia Springs,Douglas County SPLOST,,,No,471,279,33,0,159
Douglas,Lithia Springs High School,Douglas County SPLOST,,,No,1254,885,71,0,298
Douglas,Deer Lick,Douglas County SPLOST,,,No,627,439,24,0,164
Douglas,Golden Methodist Church,Douglas County SPLOST,,,No,939,616,48,0,275
Douglas,Old Courthouse,Douglas County SPLOST,,,No,1017,702,67,0,248
Douglas,Beulah Baptist Church,Douglas County SPLOST,,,No,858,485,52,0,321
Douglas,Stewart,Douglas County SPLOST,,,No,548,362,36,0,150
Douglas,Arbor Station,Douglas County SPLOST,,,No,541,286,25,0,230
Douglas,Bright Star,Douglas County SPLOST,,,No,657,345,29,0,283
Douglas,Dorsett Shoals,Douglas County SPLOST,,,No,888,526,53,0,309
Douglas,Chapel Hill,Douglas County SPLOST,,,No,897,587,55,0,255
Douglas,Church At Chapel Hill,Douglas County SPLOST,,,No,1481,1031,58,0,392
Douglas,Chestnut Log,Douglas County SPLOST,,,No,896,614,59,0,223
Douglas,St Julians Episcopal,Douglas County SPLOST,,,No,538,290,37,0,211
Douglas,Lutheran Church-GS,Douglas County SPLOST,,,No,1081,714,50,1,316
Douglas,First Baptist Douglasville,Douglas County SPLOST,,,No,724,475,54,0,195
Douglas,Factory Shoals,Douglas County SPLOST,,,No,1157,790,71,1,295
Douglas,Boundary Waters,Douglas County SPLOST,,,No,912,658,37,0,217
