county,precinct,office,district,party,candidate,votes,advance_voting_votes,absentee_by_mail_votes,provisional_votes,election_day_votes
Tift,Tifton NE,U.S. Senate,,Rep,Herschel Walker,978,676,30,3,269
Tift,Brighton,U.S. Senate,,Rep,Herschel Walker,1299,791,24,1,483
Tift,Brookfield ,U.S. Senate,,Rep,Herschel Walker,715,351,8,0,356
Tift,Chula,U.S. Senate,,Rep,Herschel Walker,772,342,14,0,416
Tift,Docia,U.S. Senate,,Rep,Herschel Walker,646,326,9,0,311
Tift,Eldorado,U.S. Senate,,Rep,Herschel Walker,690,314,10,1,365
Tift,Omega,U.S. Senate,,Rep,Herschel Walker,327,85,1,0,241
Tift,TY TY,U.S. Senate,,Rep,Herschel Walker,533,244,12,0,277
Tift,Tifton NW,U.S. Senate,,Rep,Herschel Walker,1358,907,36,0,415
Tift,Tifton South,U.S. Senate,,Rep,Herschel Walker,313,227,9,0,77
Tift,Mott-Litman Gym,U.S. Senate,,Rep,Herschel Walker,195,136,5,0,54
Tift,Tifton Lodge ,U.S. Senate,,Rep,Herschel Walker,1095,730,28,0,337
Tift,Tifton NE,U.S. Senate,,Dem,Raphael Warnock ,501,298,48,0,155
Tift,Brighton,U.S. Senate,,Dem,Raphael Warnock ,246,157,27,0,62
Tift,Brookfield ,U.S. Senate,,Dem,Raphael Warnock ,107,59,5,0,43
Tift,Chula,U.S. Senate,,Dem,Raphael Warnock ,116,69,7,0,40
Tift,Docia,U.S. Senate,,Dem,Raphael Warnock ,75,47,2,0,26
Tift,Eldorado,U.S. Senate,,Dem,Raphael Warnock ,72,32,4,0,36
Tift,Omega,U.S. Senate,,Dem,Raphael Warnock ,82,26,2,0,54
Tift,TY TY,U.S. Senate,,Dem,Raphael Warnock ,153,71,4,0,78
Tift,Tifton NW,U.S. Senate,,Dem,Raphael Warnock ,540,340,39,1,160
Tift,Tifton South,U.S. Senate,,Dem,Raphael Warnock ,587,331,66,1,189
Tift,Mott-Litman Gym,U.S. Senate,,Dem,Raphael Warnock ,864,515,72,0,277
Tift,Tifton Lodge ,U.S. Senate,,Dem,Raphael Warnock ,535,329,54,0,152
Tift,Tifton NE,U.S. Senate,,L,Chase Oliver,22,12,1,0,9
Tift,Brighton,U.S. Senate,,L,Chase Oliver,13,10,0,0,3
Tift,Brookfield ,U.S. Senate,,L,Chase Oliver,11,4,0,0,7
Tift,Chula,U.S. Senate,,L,Chase Oliver,10,4,0,0,6
Tift,Docia,U.S. Senate,,L,Chase Oliver,11,2,1,0,8
Tift,Eldorado,U.S. Senate,,L,Chase Oliver,9,2,0,0,7
Tift,Omega,U.S. Senate,,L,Chase Oliver,8,0,1,0,7
Tift,TY TY,U.S. Senate,,L,Chase Oliver,7,2,0,0,5
Tift,Tifton NW,U.S. Senate,,L,Chase Oliver,36,18,2,0,16
Tift,Tifton South,U.S. Senate,,L,Chase Oliver,7,2,0,0,5
Tift,Mott-Litman Gym,U.S. Senate,,L,Chase Oliver,8,3,1,0,4
Tift,Tifton Lodge ,U.S. Senate,,L,Chase Oliver,34,19,0,0,15
Tift,Tifton NE,Governor,,Rep,Brian Kemp ,1049,720,35,3,291
Tift,Brighton,Governor,,Rep,Brian Kemp ,1344,821,30,1,492
Tift,Brookfield ,Governor,,Rep,Brian Kemp ,752,369,10,0,373
Tift,Chula,Governor,,Rep,Brian Kemp ,808,356,15,0,437
Tift,Docia,Governor,,Rep,Brian Kemp ,680,344,11,0,325
Tift,Eldorado,Governor,,Rep,Brian Kemp ,712,325,9,1,377
Tift,Omega,Governor,,Rep,Brian Kemp ,344,89,1,0,254
Tift,TY TY,Governor,,Rep,Brian Kemp ,560,258,12,0,290
Tift,Tifton NW,Governor,,Rep,Brian Kemp ,1443,954,42,0,447
Tift,Tifton South,Governor,,Rep,Brian Kemp ,334,231,14,0,89
Tift,Mott-Litman Gym,Governor,,Rep,Brian Kemp ,212,145,7,0,60
Tift,Tifton Lodge ,Governor,,Rep,Brian Kemp ,1180,782,38,0,360
Tift,Tifton NE,Governor,,Dem,Stacey Abrams,449,264,45,0,140
Tift,Brighton,Governor,,Dem,Stacey Abrams,212,140,23,0,49
Tift,Brookfield ,Governor,,Dem,Stacey Abrams,89,49,4,0,36
Tift,Chula,Governor,,Dem,Stacey Abrams,95,60,6,0,29
Tift,Docia,Governor,,Dem,Stacey Abrams,49,30,1,0,18
Tift,Eldorado,Governor,,Dem,Stacey Abrams,57,23,4,0,30
Tift,Omega,Governor,,Dem,Stacey Abrams,65,20,2,0,43
Tift,TY TY,Governor,,Dem,Stacey Abrams,137,61,4,0,72
Tift,Tifton NW,Governor,,Dem,Stacey Abrams,483,307,35,1,140
Tift,Tifton South,Governor,,Dem,Stacey Abrams,576,331,62,1,182
Tift,Mott-Litman Gym,Governor,,Dem,Stacey Abrams,855,511,71,0,273
Tift,Tifton Lodge ,Governor,,Dem,Stacey Abrams,479,301,45,0,133
Tift,Tifton NE,Governor,,L,Shane Hazel,8,7,0,0,1
Tift,Brighton,Governor,,L,Shane Hazel,13,5,0,0,8
Tift,Brookfield ,Governor,,L,Shane Hazel,2,1,0,0,1
Tift,Chula,Governor,,L,Shane Hazel,4,1,0,0,3
Tift,Docia,Governor,,L,Shane Hazel,3,0,0,0,3
Tift,Eldorado,Governor,,L,Shane Hazel,3,1,1,0,1
Tift,Omega,Governor,,L,Shane Hazel,8,2,1,0,5
Tift,TY TY,Governor,,L,Shane Hazel,2,0,0,0,2
Tift,Tifton NW,Governor,,L,Shane Hazel,10,4,1,0,5
Tift,Tifton South,Governor,,L,Shane Hazel,4,3,0,0,1
Tift,Mott-Litman Gym,Governor,,L,Shane Hazel,6,2,0,0,4
Tift,Tifton Lodge ,Governor,,L,Shane Hazel,17,7,0,0,10
Tift,Tifton NE,Lieutenant Governor,,Rep,Burt Jones,1003,697,31,3,272
Tift,Brighton,Lieutenant Governor,,Rep,Burt Jones,1323,804,28,1,490
Tift,Brookfield ,Lieutenant Governor,,Rep,Burt Jones,728,356,10,0,362
Tift,Chula,Lieutenant Governor,,Rep,Burt Jones,790,349,15,0,426
Tift,Docia,Lieutenant Governor,,Rep,Burt Jones,667,336,10,0,321
Tift,Eldorado,Lieutenant Governor,,Rep,Burt Jones,693,317,9,1,366
Tift,Omega,Lieutenant Governor,,Rep,Burt Jones,333,89,1,0,243
Tift,TY TY,Lieutenant Governor,,Rep,Burt Jones,548,250,12,0,286
Tift,Tifton NW,Lieutenant Governor,,Rep,Burt Jones,1424,948,41,0,435
Tift,Tifton South,Lieutenant Governor,,Rep,Burt Jones,331,235,10,0,86
Tift,Mott-Litman Gym,Lieutenant Governor,,Rep,Burt Jones,214,150,5,0,59
Tift,Tifton Lodge ,Lieutenant Governor,,Rep,Burt Jones,1149,759,35,0,355
Tift,Tifton NE,Lieutenant Governor,,Dem,Charlie Bailey,455,266,44,0,145
Tift,Brighton,Lieutenant Governor,,Dem,Charlie Bailey,216,144,25,0,47
Tift,Brookfield ,Lieutenant Governor,,Dem,Charlie Bailey,95,55,4,0,36
Tift,Chula,Lieutenant Governor,,Dem,Charlie Bailey,100,63,6,0,31
Tift,Docia,Lieutenant Governor,,Dem,Charlie Bailey,59,36,1,0,22
Tift,Eldorado,Lieutenant Governor,,Dem,Charlie Bailey,69,27,4,0,38
Tift,Omega,Lieutenant Governor,,Dem,Charlie Bailey,64,17,3,0,44
Tift,TY TY,Lieutenant Governor,,Dem,Charlie Bailey,130,61,4,0,65
Tift,Tifton NW,Lieutenant Governor,,Dem,Charlie Bailey,473,295,34,1,143
Tift,Tifton South,Lieutenant Governor,,Dem,Charlie Bailey,545,304,64,1,176
Tift,Mott-Litman Gym,Lieutenant Governor,,Dem,Charlie Bailey,790,468,72,0,250
Tift,Tifton Lodge ,Lieutenant Governor,,Dem,Charlie Bailey,466,294,45,0,127
Tift,Tifton NE,Lieutenant Governor,,L,Ryan Graham,25,12,1,0,12
Tift,Brighton,Lieutenant Governor,,L,Ryan Graham,19,12,0,0,7
Tift,Brookfield ,Lieutenant Governor,,L,Ryan Graham,10,5,0,0,5
Tift,Chula,Lieutenant Governor,,L,Ryan Graham,6,2,0,0,4
Tift,Docia,Lieutenant Governor,,L,Ryan Graham,4,1,1,0,2
Tift,Eldorado,Lieutenant Governor,,L,Ryan Graham,7,3,1,0,3
Tift,Omega,Lieutenant Governor,,L,Ryan Graham,10,2,0,0,8
Tift,TY TY,Lieutenant Governor,,L,Ryan Graham,7,3,0,0,4
Tift,Tifton NW,Lieutenant Governor,,L,Ryan Graham,24,12,1,0,11
Tift,Tifton South,Lieutenant Governor,,L,Ryan Graham,11,7,2,0,2
Tift,Mott-Litman Gym,Lieutenant Governor,,L,Ryan Graham,16,7,0,0,9
Tift,Tifton Lodge ,Lieutenant Governor,,L,Ryan Graham,33,16,2,0,15
Tift,Tifton NE,Secretary of State,,Rep,Brad Raffensperger ,1040,711,41,3,285
Tift,Brighton,Secretary of State,,Rep,Brad Raffensperger ,1295,796,30,1,468
Tift,Brookfield ,Secretary of State,,Rep,Brad Raffensperger ,703,346,10,0,347
Tift,Chula,Secretary of State,,Rep,Brad Raffensperger ,776,342,18,0,416
Tift,Docia,Secretary of State,,Rep,Brad Raffensperger ,664,338,10,0,316
Tift,Eldorado,Secretary of State,,Rep,Brad Raffensperger ,683,309,10,1,363
Tift,Omega,Secretary of State,,Rep,Brad Raffensperger ,331,88,1,0,242
Tift,TY TY,Secretary of State,,Rep,Brad Raffensperger ,552,252,12,0,288
Tift,Tifton NW,Secretary of State,,Rep,Brad Raffensperger ,1402,928,44,0,430
Tift,Tifton South,Secretary of State,,Rep,Brad Raffensperger ,350,245,12,0,93
Tift,Mott-Litman Gym,Secretary of State,,Rep,Brad Raffensperger ,249,171,8,0,70
Tift,Tifton Lodge ,Secretary of State,,Rep,Brad Raffensperger ,1147,760,34,0,353
Tift,Tifton NE,Secretary of State,,Dem,Bee Nguyen,411,240,37,0,134
Tift,Brighton,Secretary of State,,Dem,Bee Nguyen,210,132,22,0,56
Tift,Brookfield ,Secretary of State,,Dem,Bee Nguyen,92,50,4,0,38
Tift,Chula,Secretary of State,,Dem,Bee Nguyen,90,57,3,0,30
Tift,Docia,Secretary of State,,Dem,Bee Nguyen,50,27,2,0,21
Tift,Eldorado,Secretary of State,,Dem,Bee Nguyen,69,29,3,0,37
Tift,Omega,Secretary of State,,Dem,Bee Nguyen,61,17,3,0,41
Tift,TY TY,Secretary of State,,Dem,Bee Nguyen,120,54,4,0,62
Tift,Tifton NW,Secretary of State,,Dem,Bee Nguyen,450,283,33,1,133
Tift,Tifton South,Secretary of State,,Dem,Bee Nguyen,519,292,62,1,164
Tift,Mott-Litman Gym,Secretary of State,,Dem,Bee Nguyen,763,451,69,0,243
Tift,Tifton Lodge ,Secretary of State,,Dem,Bee Nguyen,449,279,45,0,125
Tift,Tifton NE,Secretary of State,,L,Ted Metz,36,28,1,0,7
Tift,Brighton,Secretary of State,,L,Ted Metz,41,24,1,0,16
Tift,Brookfield ,Secretary of State,,L,Ted Metz,38,19,0,0,19
Tift,Chula,Secretary of State,,L,Ted Metz,26,10,0,0,16
Tift,Docia,Secretary of State,,L,Ted Metz,13,6,0,0,7
Tift,Eldorado,Secretary of State,,L,Ted Metz,10,6,1,0,3
Tift,Omega,Secretary of State,,L,Ted Metz,13,3,0,0,10
Tift,TY TY,Secretary of State,,L,Ted Metz,16,9,0,0,7
Tift,Tifton NW,Secretary of State,,L,Ted Metz,63,38,1,0,24
Tift,Tifton South,Secretary of State,,L,Ted Metz,16,10,2,0,4
Tift,Mott-Litman Gym,Secretary of State,,L,Ted Metz,15,6,0,0,9
Tift,Tifton Lodge ,Secretary of State,,L,Ted Metz,53,30,0,0,23
Tift,Tifton NE,Attorney General,,Rep,Chris Carr ,1024,705,34,3,282
Tift,Brighton,Attorney General,,Rep,Chris Carr ,1316,803,28,1,484
Tift,Brookfield ,Attorney General,,Rep,Chris Carr ,734,359,10,0,365
Tift,Chula,Attorney General,,Rep,Chris Carr ,795,352,15,0,428
Tift,Docia,Attorney General,,Rep,Chris Carr ,658,335,10,0,313
Tift,Eldorado,Attorney General,,Rep,Chris Carr ,698,320,9,1,368
Tift,Omega,Attorney General,,Rep,Chris Carr ,330,88,1,0,241
Tift,TY TY,Attorney General,,Rep,Chris Carr ,549,252,12,0,285
Tift,Tifton NW,Attorney General,,Rep,Chris Carr ,1413,938,43,0,432
Tift,Tifton South,Attorney General,,Rep,Chris Carr ,330,232,11,0,87
Tift,Mott-Litman Gym,Attorney General,,Rep,Chris Carr ,210,143,5,0,62
Tift,Tifton Lodge ,Attorney General,,Rep,Chris Carr ,1144,752,33,0,359
Tift,Tifton NE,Attorney General,,Dem,"Jennifer """"Jen"""" Jordan",459,270,45,0,144
Tift,Brighton,Attorney General,,Dem,"Jennifer """"Jen"""" Jordan",225,148,25,0,52
Tift,Brookfield ,Attorney General,,Dem,"Jennifer """"Jen"""" Jordan",93,50,4,0,39
Tift,Chula,Attorney General,,Dem,"Jennifer """"Jen"""" Jordan",96,59,6,0,31
Tift,Docia,Attorney General,,Dem,"Jennifer """"Jen"""" Jordan",72,40,2,0,30
Tift,Eldorado,Attorney General,,Dem,"Jennifer """"Jen"""" Jordan",68,25,4,0,39
Tift,Omega,Attorney General,,Dem,"Jennifer """"Jen"""" Jordan",67,19,3,0,45
Tift,TY TY,Attorney General,,Dem,"Jennifer """"Jen"""" Jordan",138,63,4,0,71
Tift,Tifton NW,Attorney General,,Dem,"Jennifer """"Jen"""" Jordan",491,310,34,1,146
Tift,Tifton South,Attorney General,,Dem,"Jennifer """"Jen"""" Jordan",544,311,64,1,168
Tift,Mott-Litman Gym,Attorney General,,Dem,"Jennifer """"Jen"""" Jordan",823,491,72,0,260
Tift,Tifton Lodge ,Attorney General,,Dem,"Jennifer """"Jen"""" Jordan",499,316,49,0,134
Tift,Tifton NE,Attorney General,,L,Martin Cowen,13,9,0,0,4
Tift,Brighton,Attorney General,,L,Martin Cowen,17,8,0,0,9
Tift,Brookfield ,Attorney General,,L,Martin Cowen,6,5,0,0,1
Tift,Chula,Attorney General,,L,Martin Cowen,6,2,0,0,4
Tift,Docia,Attorney General,,L,Martin Cowen,3,0,0,0,3
Tift,Eldorado,Attorney General,,L,Martin Cowen,1,0,1,0,0
Tift,Omega,Attorney General,,L,Martin Cowen,10,1,0,0,9
Tift,TY TY,Attorney General,,L,Martin Cowen,7,2,0,0,5
Tift,Tifton NW,Attorney General,,L,Martin Cowen,22,11,1,0,10
Tift,Tifton South,Attorney General,,L,Martin Cowen,10,5,1,0,4
Tift,Mott-Litman Gym,Attorney General,,L,Martin Cowen,10,3,0,0,7
Tift,Tifton Lodge ,Attorney General,,L,Martin Cowen,16,9,0,0,7
Tift,Tifton NE,Commissioner of Agriculture,,Rep,Tyler Harper,1067,736,36,3,292
Tift,Brighton,Commissioner of Agriculture,,Rep,Tyler Harper,1346,821,31,1,493
Tift,Brookfield ,Commissioner of Agriculture,,Rep,Tyler Harper,748,365,10,0,373
Tift,Chula,Commissioner of Agriculture,,Rep,Tyler Harper,801,351,16,0,434
Tift,Docia,Commissioner of Agriculture,,Rep,Tyler Harper,675,340,10,0,325
Tift,Eldorado,Commissioner of Agriculture,,Rep,Tyler Harper,706,320,9,1,376
Tift,Omega,Commissioner of Agriculture,,Rep,Tyler Harper,340,87,1,0,252
Tift,TY TY,Commissioner of Agriculture,,Rep,Tyler Harper,557,255,12,0,290
Tift,Tifton NW,Commissioner of Agriculture,,Rep,Tyler Harper,1443,960,43,0,440
Tift,Tifton South,Commissioner of Agriculture,,Rep,Tyler Harper,340,237,15,0,88
Tift,Mott-Litman Gym,Commissioner of Agriculture,,Rep,Tyler Harper,221,151,6,0,64
Tift,Tifton Lodge ,Commissioner of Agriculture,,Rep,Tyler Harper,1177,779,34,0,364
Tift,Tifton NE,Commissioner of Agriculture,,Dem,Nakita Hemingway,409,237,41,0,131
Tift,Brighton,Commissioner of Agriculture,,Dem,Nakita Hemingway,196,131,22,0,43
Tift,Brookfield ,Commissioner of Agriculture,,Dem,Nakita Hemingway,81,46,4,0,31
Tift,Chula,Commissioner of Agriculture,,Dem,Nakita Hemingway,83,55,5,0,23
Tift,Docia,Commissioner of Agriculture,,Dem,Nakita Hemingway,52,33,1,0,18
Tift,Eldorado,Commissioner of Agriculture,,Dem,Nakita Hemingway,57,25,4,0,28
Tift,Omega,Commissioner of Agriculture,,Dem,Nakita Hemingway,57,18,2,0,37
Tift,TY TY,Commissioner of Agriculture,,Dem,Nakita Hemingway,125,58,3,0,64
Tift,Tifton NW,Commissioner of Agriculture,,Dem,Nakita Hemingway,449,282,32,1,134
Tift,Tifton South,Commissioner of Agriculture,,Dem,Nakita Hemingway,541,307,61,1,172
Tift,Mott-Litman Gym,Commissioner of Agriculture,,Dem,Nakita Hemingway,792,471,71,0,250
Tift,Tifton Lodge ,Commissioner of Agriculture,,Dem,Nakita Hemingway,457,285,45,0,127
Tift,Tifton NE,Commissioner of Agriculture,,L,David Raudabaugh,14,7,1,0,6
Tift,Brighton,Commissioner of Agriculture,,L,David Raudabaugh,15,5,0,0,10
Tift,Brookfield ,Commissioner of Agriculture,,L,David Raudabaugh,7,5,0,0,2
Tift,Chula,Commissioner of Agriculture,,L,David Raudabaugh,9,5,0,0,4
Tift,Docia,Commissioner of Agriculture,,L,David Raudabaugh,6,2,1,0,3
Tift,Eldorado,Commissioner of Agriculture,,L,David Raudabaugh,7,2,1,0,4
Tift,Omega,Commissioner of Agriculture,,L,David Raudabaugh,13,3,1,0,9
Tift,TY TY,Commissioner of Agriculture,,L,David Raudabaugh,8,2,0,0,6
Tift,Tifton NW,Commissioner of Agriculture,,L,David Raudabaugh,29,13,1,0,15
Tift,Tifton South,Commissioner of Agriculture,,L,David Raudabaugh,12,9,0,0,3
Tift,Mott-Litman Gym,Commissioner of Agriculture,,L,David Raudabaugh,23,12,0,0,11
Tift,Tifton Lodge ,Commissioner of Agriculture,,L,David Raudabaugh,25,12,3,0,10
Tift,Tifton NE,Commissioner of Insurance,,Rep,John King ,1044,715,35,3,291
Tift,Brighton,Commissioner of Insurance,,Rep,John King ,1335,817,27,1,490
Tift,Brookfield ,Commissioner of Insurance,,Rep,John King ,746,362,10,0,374
Tift,Chula,Commissioner of Insurance,,Rep,John King ,803,357,15,0,431
Tift,Docia,Commissioner of Insurance,,Rep,John King ,672,340,10,0,322
Tift,Eldorado,Commissioner of Insurance,,Rep,John King ,702,323,10,1,368
Tift,Omega,Commissioner of Insurance,,Rep,John King ,340,89,1,0,250
Tift,TY TY,Commissioner of Insurance,,Rep,John King ,553,252,12,0,289
Tift,Tifton NW,Commissioner of Insurance,,Rep,John King ,1433,952,42,0,439
Tift,Tifton South,Commissioner of Insurance,,Rep,John King ,334,232,13,0,89
Tift,Mott-Litman Gym,Commissioner of Insurance,,Rep,John King ,211,140,5,0,66
Tift,Tifton Lodge ,Commissioner of Insurance,,Rep,John King ,1171,776,32,0,363
Tift,Tifton NE,Commissioner of Insurance,,Dem,Janice Laws Robinson,436,260,43,0,133
Tift,Brighton,Commissioner of Insurance,,Dem,Janice Laws Robinson,217,139,26,0,52
Tift,Brookfield ,Commissioner of Insurance,,Dem,Janice Laws Robinson,87,52,4,0,31
Tift,Chula,Commissioner of Insurance,,Dem,Janice Laws Robinson,93,58,6,0,29
Tift,Docia,Commissioner of Insurance,,Dem,Janice Laws Robinson,60,35,2,0,23
Tift,Eldorado,Commissioner of Insurance,,Dem,Janice Laws Robinson,65,25,4,0,36
Tift,Omega,Commissioner of Insurance,,Dem,Janice Laws Robinson,64,18,3,0,43
Tift,TY TY,Commissioner of Insurance,,Dem,Janice Laws Robinson,136,63,3,0,70
Tift,Tifton NW,Commissioner of Insurance,,Dem,Janice Laws Robinson,486,300,35,1,150
Tift,Tifton South,Commissioner of Insurance,,Dem,Janice Laws Robinson,554,317,63,1,173
Tift,Mott-Litman Gym,Commissioner of Insurance,,Dem,Janice Laws Robinson,820,490,72,0,258
Tift,Tifton Lodge ,Commissioner of Insurance,,Dem,Janice Laws Robinson,479,297,48,0,134
Tift,Tifton NE,State School Superintendent,,Rep,Richard Woods ,1067,735,40,2,290
Tift,Brighton,State School Superintendent,,Rep,Richard Woods ,1359,826,32,1,500
Tift,Brookfield ,State School Superintendent,,Rep,Richard Woods ,743,363,10,0,370
Tift,Chula,State School Superintendent,,Rep,Richard Woods ,805,357,15,0,433
Tift,Docia,State School Superintendent,,Rep,Richard Woods ,675,344,11,0,320
Tift,Eldorado,State School Superintendent,,Rep,Richard Woods ,707,323,10,1,373
Tift,Omega,State School Superintendent,,Rep,Richard Woods ,343,90,1,0,252
Tift,TY TY,State School Superintendent,,Rep,Richard Woods ,555,254,12,0,289
Tift,Tifton NW,State School Superintendent,,Rep,Richard Woods ,1453,970,42,0,441
Tift,Tifton South,State School Superintendent,,Rep,Richard Woods ,339,234,14,0,91
Tift,Mott-Litman Gym,State School Superintendent,,Rep,Richard Woods ,228,152,7,0,69
Tift,Tifton Lodge ,State School Superintendent,,Rep,Richard Woods ,1183,783,37,0,363
Tift,Tifton NE,State School Superintendent,,Dem,Alisha Thomas Searcy,424,246,38,1,139
Tift,Brighton,State School Superintendent,,Dem,Alisha Thomas Searcy,203,138,21,0,44
Tift,Brookfield ,State School Superintendent,,Dem,Alisha Thomas Searcy,92,53,4,0,35
Tift,Chula,State School Superintendent,,Dem,Alisha Thomas Searcy,90,56,6,0,28
Tift,Docia,State School Superintendent,,Dem,Alisha Thomas Searcy,55,29,1,0,25
Tift,Eldorado,State School Superintendent,,Dem,Alisha Thomas Searcy,63,25,4,0,34
Tift,Omega,State School Superintendent,,Dem,Alisha Thomas Searcy,65,18,3,0,44
Tift,TY TY,State School Superintendent,,Dem,Alisha Thomas Searcy,140,63,4,0,73
Tift,Tifton NW,State School Superintendent,,Dem,Alisha Thomas Searcy,470,288,34,1,147
Tift,Tifton South,State School Superintendent,,Dem,Alisha Thomas Searcy,557,318,62,1,176
Tift,Mott-Litman Gym,State School Superintendent,,Dem,Alisha Thomas Searcy,813,483,70,0,260
Tift,Tifton Lodge ,State School Superintendent,,Dem,Alisha Thomas Searcy,471,289,46,0,136
Tift,Tifton NE,Commissioner of Labor,,Rep,Bruce Thompson,1021,701,34,3,283
Tift,Brighton,Commissioner of Labor,,Rep,Bruce Thompson,1325,809,28,1,487
Tift,Brookfield ,Commissioner of Labor,,Rep,Bruce Thompson,731,359,10,0,362
Tift,Chula,Commissioner of Labor,,Rep,Bruce Thompson,786,348,15,0,423
Tift,Docia,Commissioner of Labor,,Rep,Bruce Thompson,662,334,11,0,317
Tift,Eldorado,Commissioner of Labor,,Rep,Bruce Thompson,698,319,9,1,369
Tift,Omega,Commissioner of Labor,,Rep,Bruce Thompson,336,88,1,0,247
Tift,TY TY,Commissioner of Labor,,Rep,Bruce Thompson,546,249,12,0,285
Tift,Tifton NW,Commissioner of Labor,,Rep,Bruce Thompson,1420,949,44,0,427
Tift,Tifton South,Commissioner of Labor,,Rep,Bruce Thompson,331,231,13,0,87
Tift,Mott-Litman Gym,Commissioner of Labor,,Rep,Bruce Thompson,207,144,5,0,58
Tift,Tifton Lodge ,Commissioner of Labor,,Rep,Bruce Thompson,1142,755,34,0,353
Tift,Tifton NE,Commissioner of Labor,,Dem,"William """"Will"""" Boddie, Jr",433,260,41,0,132
Tift,Brighton,Commissioner of Labor,,Dem,"William """"Will"""" Boddie, Jr",211,138,24,0,49
Tift,Brookfield ,Commissioner of Labor,,Dem,"William """"Will"""" Boddie, Jr",90,52,4,0,34
Tift,Chula,Commissioner of Labor,,Dem,"William """"Will"""" Boddie, Jr",96,59,6,0,31
Tift,Docia,Commissioner of Labor,,Dem,"William """"Will"""" Boddie, Jr",64,38,1,0,25
Tift,Eldorado,Commissioner of Labor,,Dem,"William """"Will"""" Boddie, Jr",64,27,4,0,33
Tift,Omega,Commissioner of Labor,,Dem,"William """"Will"""" Boddie, Jr",57,17,2,0,38
Tift,TY TY,Commissioner of Labor,,Dem,"William """"Will"""" Boddie, Jr",130,61,4,0,65
Tift,Tifton NW,Commissioner of Labor,,Dem,"William """"Will"""" Boddie, Jr",470,293,31,1,145
Tift,Tifton South,Commissioner of Labor,,Dem,"William """"Will"""" Boddie, Jr",538,303,63,1,171
Tift,Mott-Litman Gym,Commissioner of Labor,,Dem,"William """"Will"""" Boddie, Jr",806,477,72,0,257
Tift,Tifton Lodge ,Commissioner of Labor,,Dem,"William """"Will"""" Boddie, Jr",472,297,47,0,128
Tift,Tifton NE,Commissioner of Labor,,L,Emily Anderson,30,17,1,0,12
Tift,Brighton,Commissioner of Labor,,L,Emily Anderson,18,10,1,0,7
Tift,Brookfield ,Commissioner of Labor,,L,Emily Anderson,11,3,0,0,8
Tift,Chula,Commissioner of Labor,,L,Emily Anderson,10,5,0,0,5
Tift,Docia,Commissioner of Labor,,L,Emily Anderson,4,0,0,0,4
Tift,Eldorado,Commissioner of Labor,,L,Emily Anderson,5,1,1,0,3
Tift,Omega,Commissioner of Labor,,L,Emily Anderson,15,3,1,0,11
Tift,TY TY,Commissioner of Labor,,L,Emily Anderson,13,4,0,0,9
Tift,Tifton NW,Commissioner of Labor,,L,Emily Anderson,26,13,1,0,12
Tift,Tifton South,Commissioner of Labor,,L,Emily Anderson,15,12,0,0,3
Tift,Mott-Litman Gym,Commissioner of Labor,,L,Emily Anderson,24,13,0,0,11
Tift,Tifton Lodge ,Commissioner of Labor,,L,Emily Anderson,44,23,2,0,19
Tift,Tifton NE,U.S. House,,Rep,Austin Scott ,1061,724,36,3,298
Tift,Brighton,U.S. House,,Rep,Austin Scott ,1347,822,29,1,495
Tift,Brookfield ,U.S. House,,Rep,Austin Scott ,753,366,10,0,377
Tift,Chula,U.S. House,,Rep,Austin Scott ,803,355,15,0,433
Tift,Docia,U.S. House,,Rep,Austin Scott ,678,338,11,0,329
Tift,Eldorado,U.S. House,,Rep,Austin Scott ,712,325,9,1,377
Tift,Omega,U.S. House,,Rep,Austin Scott ,346,85,1,0,260
Tift,TY TY,U.S. House,,Rep,Austin Scott ,559,255,12,0,292
Tift,Tifton NW,U.S. House,,Rep,Austin Scott ,1467,970,47,0,450
Tift,Tifton South,U.S. House,,Rep,Austin Scott ,367,251,17,0,99
Tift,Mott-Litman Gym,U.S. House,,Rep,Austin Scott ,263,173,8,0,82
Tift,Tifton Lodge ,U.S. House,,Rep,Austin Scott ,1204,795,36,0,373
Tift,Tifton NE,U.S. House,,Dem,Darrius Butler,427,257,41,0,129
Tift,Brighton,U.S. House,,Dem,Darrius Butler,202,132,23,0,47
Tift,Brookfield ,U.S. House,,Dem,Darrius Butler,87,52,4,0,31
Tift,Chula,U.S. House,,Dem,Darrius Butler,90,54,6,0,30
Tift,Docia,U.S. House,,Dem,Darrius Butler,53,34,1,0,18
Tift,Eldorado,U.S. House,,Dem,Darrius Butler,56,23,4,0,29
Tift,Omega,U.S. House,,Dem,Darrius Butler,59,20,3,0,36
Tift,TY TY,U.S. House,,Dem,Darrius Butler,136,62,4,0,70
Tift,Tifton NW,U.S. House,,Dem,Darrius Butler,447,284,29,1,133
Tift,Tifton South,U.S. House,,Dem,Darrius Butler,524,300,58,1,165
Tift,Mott-Litman Gym,U.S. House,,Dem,Darrius Butler,782,466,69,0,247
Tift,Tifton Lodge ,U.S. House,,Dem,Darrius Butler,451,279,46,0,126
Tift,Tifton NE,State Senate,,Rep,Carden H. Summers ,1213,807,48,2,356
Tift,Brighton,State Senate,,Rep,Carden H. Summers ,1406,866,28,1,511
Tift,Brookfield ,State Senate,,Rep,Carden H. Summers ,782,383,11,0,388
Tift,Chula,State Senate,,Rep,Carden H. Summers ,817,368,15,0,434
Tift,Docia,State Senate,,Rep,Carden H. Summers ,695,349,11,0,335
Tift,Eldorado,State Senate,,Rep,Carden H. Summers ,725,326,10,1,388
Tift,Omega,State Senate,,Rep,Carden H. Summers ,379,99,1,0,279
Tift,TY TY,State Senate,,Rep,Carden H. Summers ,608,274,11,0,323
Tift,Tifton NW,State Senate,,Rep,Carden H. Summers ,1625,1065,53,0,507
Tift,Tifton South,State Senate,,Rep,Carden H. Summers ,529,344,30,0,155
Tift,Mott-Litman Gym,State Senate,,Rep,Carden H. Summers ,504,313,16,0,175
Tift,Tifton Lodge ,State Senate,,Rep,Carden H. Summers ,1382,898,39,0,445
Tift,Brighton,State House,,Rep,Clay Pirkle ,1310,794,27,1,488
Tift,Chula,State House,,Rep,Clay Pirkle ,797,352,15,0,430
Tift,TY TY,State House,,Rep,Clay Pirkle ,559,256,12,0,291
Tift,Brighton,State House,,Dem,Mickey Brockington,210,140,23,0,47
Tift,Chula,State House,,Dem,Mickey Brockington,91,56,6,0,29
Tift,TY TY,State House,,Dem,Mickey Brockington,132,60,4,0,68
Tift,Tifton NE,State House,,Rep,Penny Houston,1231,820,50,3,358
Tift,Brighton,State House,,Rep,Penny Houston,29,22,0,0,7
Tift,Brookfield ,State House,,Rep,Penny Houston,770,383,10,0,377
Tift,Docia,State House,,Rep,Penny Houston,692,347,11,0,334
Tift,Eldorado,State House,,Rep,Penny Houston,725,321,11,1,392
Tift,Omega,State House,,Rep,Penny Houston,375,98,1,0,276
Tift,Tifton NW,State House,,Rep,Penny Houston,1633,1068,57,1,507
Tift,Tifton South,State House,,Rep,Penny Houston,542,351,33,0,158
Tift,Mott-Litman Gym,State House,,Rep,Penny Houston,501,308,18,0,175
Tift,Tifton Lodge ,State House,,Rep,Penny Houston,1379,893,40,0,446
Tift,Tifton NE,Solicitor,,Rep,Jason K. Hoffman ,1242,829,49,3,361
Tift,Brighton,Solicitor,,Rep,Jason K. Hoffman ,1413,871,27,1,514
Tift,Brookfield ,Solicitor,,Rep,Jason K. Hoffman ,782,385,11,0,386
Tift,Chula,Solicitor,,Rep,Jason K. Hoffman ,830,376,17,0,437
Tift,Docia,Solicitor,,Rep,Jason K. Hoffman ,698,350,11,0,337
Tift,Eldorado,Solicitor,,Rep,Jason K. Hoffman ,725,324,10,1,390
Tift,Omega,Solicitor,,Rep,Jason K. Hoffman ,380,98,1,0,281
Tift,TY TY,Solicitor,,Rep,Jason K. Hoffman ,617,282,12,0,323
Tift,Tifton NW,Solicitor,,Rep,Jason K. Hoffman ,1645,1075,53,1,516
Tift,Tifton South,Solicitor,,Rep,Jason K. Hoffman ,543,350,32,0,161
Tift,Mott-Litman Gym,Solicitor,,Rep,Jason K. Hoffman ,514,312,18,0,184
Tift,Tifton Lodge ,Solicitor,,Rep,Jason K. Hoffman ,1387,903,39,0,445
Tift,Docia,County Commissioner D1,,Dem,Donnie Hester ,67,22,0,0,45
Tift,Eldorado,County Commissioner D1,,Dem,Donnie Hester ,156,88,6,1,61
Tift,Tifton NW,County Commissioner D1,,Dem,Donnie Hester ,292,176,15,0,101
Tift,Tifton South,County Commissioner D1,,Dem,Donnie Hester ,704,416,62,0,226
Tift,Mott-Litman Gym,County Commissioner D1,,Dem,Donnie Hester ,146,81,20,0,45
Tift,Brighton,County Commissioner D3,,Rep,Paul Webb ,46,27,3,0,16
Tift,Brookfield ,County Commissioner D3,,Rep,Paul Webb ,529,238,6,0,285
Tift,Docia,County Commissioner D3,,Rep,Paul Webb ,592,308,10,0,274
Tift,Eldorado,County Commissioner D3,,Rep,Paul Webb ,499,196,5,0,298
Tift,Omega,County Commissioner D3,,Rep,Paul Webb ,373,95,1,0,277
Tift,TY TY,County Commissioner D3,,Rep,Paul Webb ,97,57,3,0,37
Tift,Brighton,County Commissioner D4,,Rep,Stan Stalnaker ,1364,842,26,1,495
Tift,Brookfield ,County Commissioner D4,,Rep,Stan Stalnaker ,220,125,4,0,91
Tift,Chula,County Commissioner D4,,Rep,Stan Stalnaker ,408,218,10,0,180
Tift,Tifton Lodge ,County Commissioner D4,,Rep,Stan Stalnaker ,814,523,23,0,268
Tift,Chula,County Commissioner D6,,Rep,Greg Wood ,402,147,6,0,249
Tift,TY TY,County Commissioner D6,,Rep,Greg Wood ,461,199,9,0,253
Tift,Tifton NW,County Commissioner D6,,Rep,Greg Wood ,1071,716,26,0,329
Tift,Chula,County Commissioner D6,,Dem,Rachael Price,49,27,2,0,20
Tift,TY TY,County Commissioner D6,,Dem,Rachael Price,129,55,4,0,70
Tift,Tifton NW,County Commissioner D6,,Dem,Rachael Price,399,250,28,0,121
Tift,Tifton NE,County BOE D2,,Dem,Pat McKinnon ,58,26,7,0,25
Tift,Brookfield ,County BOE D2,,Dem,Pat McKinnon ,20,13,0,0,7
Tift,Mott-Litman Gym,County BOE D2,,Dem,Pat McKinnon ,713,428,40,0,245
Tift,Tifton Lodge ,County BOE D2,,Dem,Pat McKinnon ,133,92,6,0,35
Tift,Brighton,County BOE D4,,Rep,Jamie Hill ,1357,840,22,1,494
Tift,Brookfield ,County BOE D4,,Rep,Jamie Hill ,221,127,4,0,90
Tift,Chula,County BOE D4,,Rep,Jamie Hill ,411,220,10,0,181
Tift,Tifton Lodge ,County BOE D4,,Rep,Jamie Hill ,815,525,21,0,269
Tift,Tifton NE,County BOE D5,,Rep,Sam Wright ,1197,805,46,2,344
Tift,Tifton NW,County BOE D5,,Rep,Sam Wright ,31,22,3,1,5
Tift,Tifton Lodge ,County BOE D5,,Rep,Sam Wright ,440,282,16,0,142
Tift,Chula,County BOE D6,,Rep,Rusty Harrelson ,417,152,6,0,259
Tift,TY TY,County BOE D6,,Rep,Rusty Harrelson ,523,226,9,0,288
Tift,Tifton NW,County BOE D6,,Rep,Rusty Harrelson ,1267,837,38,0,392
Tift,Tifton NE,Constitutional Amendment #1,,,Yes,1285,854,67,2,362
Tift,Brighton,Constitutional Amendment #1,,,Yes,1342,830,44,1,467
Tift,Brookfield ,Constitutional Amendment #1,,,Yes,723,357,12,0,354
Tift,Chula,Constitutional Amendment #1,,,Yes,779,353,21,0,405
Tift,Docia,Constitutional Amendment #1,,,Yes,643,336,9,0,298
Tift,Eldorado,Constitutional Amendment #1,,,Yes,674,302,13,1,358
Tift,Omega,Constitutional Amendment #1,,,Yes,350,92,1,0,257
Tift,TY TY,Constitutional Amendment #1,,,Yes,598,272,12,0,314
Tift,Tifton NW,Constitutional Amendment #1,,,Yes,1657,1101,56,0,500
Tift,Tifton South,Constitutional Amendment #1,,,Yes,700,431,66,1,202
Tift,Mott-Litman Gym,Constitutional Amendment #1,,,Yes,789,478,59,0,252
Tift,Tifton Lodge ,Constitutional Amendment #1,,,Yes,1446,939,70,0,437
Tift,Tifton NE,Constitutional Amendment #1,,,No,169,105,11,1,52
Tift,Brighton,Constitutional Amendment #1,,,No,173,102,7,0,64
Tift,Brookfield ,Constitutional Amendment #1,,,No,96,49,1,0,46
Tift,Chula,Constitutional Amendment #1,,,No,90,47,0,0,43
Tift,Docia,Constitutional Amendment #1,,,No,74,26,2,0,46
Tift,Eldorado,Constitutional Amendment #1,,,No,70,30,1,0,39
Tift,Omega,Constitutional Amendment #1,,,No,51,13,3,0,35
Tift,TY TY,Constitutional Amendment #1,,,No,68,30,3,0,35
Tift,Tifton NW,Constitutional Amendment #1,,,No,222,127,16,1,78
Tift,Tifton South,Constitutional Amendment #1,,,No,142,89,8,0,45
Tift,Mott-Litman Gym,Constitutional Amendment #1,,,No,172,105,11,0,56
Tift,Tifton Lodge ,Constitutional Amendment #1,,,No,162,104,7,0,51
Tift,Tifton NE,Constitutional Amendment #2,,,Yes,1343,889,71,2,381
Tift,Brighton,Constitutional Amendment #2,,,Yes,1363,847,45,1,470
Tift,Brookfield ,Constitutional Amendment #2,,,Yes,741,366,12,0,363
Tift,Chula,Constitutional Amendment #2,,,Yes,805,366,21,0,418
Tift,Docia,Constitutional Amendment #2,,,Yes,642,330,9,0,303
Tift,Eldorado,Constitutional Amendment #2,,,Yes,681,299,14,1,367
Tift,Omega,Constitutional Amendment #2,,,Yes,357,95,1,0,261
Tift,TY TY,Constitutional Amendment #2,,,Yes,618,280,15,0,323
Tift,Tifton NW,Constitutional Amendment #2,,,Yes,1714,1114,69,0,531
Tift,Tifton South,Constitutional Amendment #2,,,Yes,772,476,70,0,226
Tift,Mott-Litman Gym,Constitutional Amendment #2,,,Yes,873,527,62,0,284
Tift,Tifton Lodge ,Constitutional Amendment #2,,,Yes,1491,963,75,0,453
Tift,Tifton NE,Constitutional Amendment #2,,,No,121,82,7,1,31
Tift,Brighton,Constitutional Amendment #2,,,No,174,101,7,0,66
Tift,Brookfield ,Constitutional Amendment #2,,,No,80,42,1,0,37
Tift,Chula,Constitutional Amendment #2,,,No,75,40,0,0,35
Tift,Docia,Constitutional Amendment #2,,,No,78,34,3,0,41
Tift,Eldorado,Constitutional Amendment #2,,,No,66,33,0,0,33
Tift,Omega,Constitutional Amendment #2,,,No,41,11,3,0,27
Tift,TY TY,Constitutional Amendment #2,,,No,59,28,0,0,31
Tift,Tifton NW,Constitutional Amendment #2,,,No,171,115,7,1,48
Tift,Tifton South,Constitutional Amendment #2,,,No,87,58,4,0,25
Tift,Mott-Litman Gym,Constitutional Amendment #2,,,No,107,72,6,0,29
Tift,Tifton Lodge ,Constitutional Amendment #2,,,No,133,92,2,0,39
Tift,Tifton NE,Statewide Referendum A,,,Yes,884,546,43,2,293
Tift,Brighton,Statewide Referendum A,,,Yes,883,517,20,0,346
Tift,Brookfield ,Statewide Referendum A,,,Yes,550,256,8,0,286
Tift,Chula,Statewide Referendum A,,,Yes,584,257,13,0,314
Tift,Docia,Statewide Referendum A,,,Yes,449,224,7,0,218
Tift,Eldorado,Statewide Referendum A,,,Yes,469,198,4,1,266
Tift,Omega,Statewide Referendum A,,,Yes,282,75,0,0,207
Tift,TY TY,Statewide Referendum A,,,Yes,456,195,5,0,256
Tift,Tifton NW,Statewide Referendum A,,,Yes,1122,720,25,0,377
Tift,Tifton South,Statewide Referendum A,,,Yes,514,300,39,0,175
Tift,Mott-Litman Gym,Statewide Referendum A,,,Yes,609,380,34,0,195
Tift,Tifton Lodge ,Statewide Referendum A,,,Yes,992,626,30,0,336
Tift,Tifton NE,Statewide Referendum A,,,No,543,395,34,1,113
Tift,Brighton,Statewide Referendum A,,,No,621,406,30,1,184
Tift,Brookfield ,Statewide Referendum A,,,No,267,148,5,0,114
Tift,Chula,Statewide Referendum A,,,No,283,142,8,0,133
Tift,Docia,Statewide Referendum A,,,No,258,135,4,0,119
Tift,Eldorado,Statewide Referendum A,,,No,267,127,10,0,130
Tift,Omega,Statewide Referendum A,,,No,113,30,4,0,79
Tift,TY TY,Statewide Referendum A,,,No,211,107,6,0,98
Tift,Tifton NW,Statewide Referendum A,,,No,742,502,45,1,194
Tift,Tifton South,Statewide Referendum A,,,No,321,214,33,0,74
Tift,Mott-Litman Gym,Statewide Referendum A,,,No,350,213,30,0,107
Tift,Tifton Lodge ,Statewide Referendum A,,,No,592,401,44,0,147
Tift,Tifton NE,Statewide Referendum B,,,Yes,1061,681,49,2,329
Tift,Brighton,Statewide Referendum B,,,Yes,1107,659,31,0,417
Tift,Brookfield ,Statewide Referendum B,,,Yes,655,315,10,0,330
Tift,Chula,Statewide Referendum B,,,Yes,708,309,17,0,382
Tift,Docia,Statewide Referendum B,,,Yes,553,276,7,0,270
Tift,Eldorado,Statewide Referendum B,,,Yes,551,227,8,1,315
Tift,Omega,Statewide Referendum B,,,Yes,317,88,1,0,228
Tift,TY TY,Statewide Referendum B,,,Yes,541,237,10,0,294
Tift,Tifton NW,Statewide Referendum B,,,Yes,1351,880,39,0,432
Tift,Tifton South,Statewide Referendum B,,,Yes,580,350,44,0,186
Tift,Mott-Litman Gym,Statewide Referendum B,,,Yes,649,398,43,0,208
Tift,Tifton Lodge ,Statewide Referendum B,,,Yes,1200,773,47,0,380
Tift,Tifton NE,Statewide Referendum B,,,No,373,267,26,1,79
Tift,Brighton,Statewide Referendum B,,,No,410,274,19,1,116
Tift,Brookfield ,Statewide Referendum B,,,No,163,89,3,0,71
Tift,Chula,Statewide Referendum B,,,No,158,92,4,0,62
Tift,Docia,Statewide Referendum B,,,No,153,79,4,0,70
Tift,Eldorado,Statewide Referendum B,,,No,187,100,6,0,81
Tift,Omega,Statewide Referendum B,,,No,74,16,3,0,55
Tift,TY TY,Statewide Referendum B,,,No,133,71,2,0,60
Tift,Tifton NW,Statewide Referendum B,,,No,518,340,35,1,142
Tift,Tifton South,Statewide Referendum B,,,No,261,174,28,0,59
Tift,Mott-Litman Gym,Statewide Referendum B,,,No,308,189,22,0,97
Tift,Tifton Lodge ,Statewide Referendum B,,,No,394,262,26,0,106
