county,precinct,office,district,party,candidate,votes,advance_voting_votes,absentee_by_mail_votes,provisional_votes,election_day_votes
Bibb,East Macon 1,U.S. Senate,,Rep,Herschel Walker,17,8,2,1,6
Bibb,East Macon 2,U.S. Senate,,Rep,Herschel Walker,78,40,8,0,30
Bibb,East Macon 3,U.S. Senate,,Rep,Herschel Walker,410,198,31,0,181
Bibb,East Macon 4,U.S. Senate,,Rep,Herschel Walker,52,21,3,0,28
Bibb,East Macon 5,U.S. Senate,,Rep,Herschel Walker,260,104,14,0,142
Bibb,Godfrey 1,U.S. Senate,,Rep,Herschel Walker,176,74,17,1,84
Bibb,Godfrey 2,U.S. Senate,,Rep,Herschel Walker,53,22,5,0,26
Bibb,Godfrey 3,U.S. Senate,,Rep,Herschel Walker,87,50,9,2,26
Bibb,Godfrey 4,U.S. Senate,,Rep,Herschel Walker,65,33,6,0,26
Bibb,Godfrey 5,U.S. Senate,,Rep,Herschel Walker,183,75,20,0,88
Bibb,Hazzard 1,U.S. Senate,,Rep,Herschel Walker,132,60,12,0,60
Bibb,Hazzard 2,U.S. Senate,,Rep,Herschel Walker,889,268,39,0,582
Bibb,Hazzard 3,U.S. Senate,,Rep,Herschel Walker,864,445,47,1,371
Bibb,Hazzard 4,U.S. Senate,,Rep,Herschel Walker,1773,783,76,4,910
Bibb,Howard 1,U.S. Senate,,Rep,Herschel Walker,1454,730,102,1,621
Bibb,Howard 2,U.S. Senate,,Rep,Herschel Walker,1455,686,93,3,673
Bibb,Howard 3,U.S. Senate,,Rep,Herschel Walker,1802,856,89,2,855
Bibb,Howard 4,U.S. Senate,,Rep,Herschel Walker,420,239,23,0,158
Bibb,Howard 5,U.S. Senate,,Rep,Herschel Walker,366,144,23,0,199
Bibb,Howard 6,U.S. Senate,,Rep,Herschel Walker,659,358,40,0,261
Bibb,Howard 7,U.S. Senate,,Rep,Herschel Walker,1102,506,40,0,556
Bibb,Rutland 1,U.S. Senate,,Rep,Herschel Walker,1962,690,83,0,1189
Bibb,Rutland 2,U.S. Senate,,Rep,Herschel Walker,1222,360,51,0,811
Bibb,Vineville 1,U.S. Senate,,Rep,Herschel Walker,461,188,17,0,256
Bibb,Vineville 2,U.S. Senate,,Rep,Herschel Walker,202,82,6,1,113
Bibb,Vineville 3,U.S. Senate,,Rep,Herschel Walker,106,61,11,0,34
Bibb,Vineville 4,U.S. Senate,,Rep,Herschel Walker,188,90,11,0,87
Bibb,Vineville 5,U.S. Senate,,Rep,Herschel Walker,688,317,49,0,322
Bibb,Vineville 6,U.S. Senate,,Rep,Herschel Walker,710,320,18,0,372
Bibb,Warrior 1,U.S. Senate,,Rep,Herschel Walker,1089,262,40,3,784
Bibb,Warrior 2,U.S. Senate,,Rep,Herschel Walker,1278,441,41,0,796
Bibb,East Macon 1,U.S. Senate,,Dem,Raphael Warnock ,621,312,87,1,221
Bibb,East Macon 2,U.S. Senate,,Dem,Raphael Warnock ,1578,911,206,7,454
Bibb,East Macon 3,U.S. Senate,,Dem,Raphael Warnock ,1172,637,125,2,408
Bibb,East Macon 4,U.S. Senate,,Dem,Raphael Warnock ,964,444,132,0,388
Bibb,East Macon 5,U.S. Senate,,Dem,Raphael Warnock ,1014,525,130,0,359
Bibb,Godfrey 1,U.S. Senate,,Dem,Raphael Warnock ,2122,1230,295,7,590
Bibb,Godfrey 2,U.S. Senate,,Dem,Raphael Warnock ,526,241,63,0,222
Bibb,Godfrey 3,U.S. Senate,,Dem,Raphael Warnock ,1055,619,100,4,332
Bibb,Godfrey 4,U.S. Senate,,Dem,Raphael Warnock ,563,271,83,0,209
Bibb,Godfrey 5,U.S. Senate,,Dem,Raphael Warnock ,1677,844,158,1,674
Bibb,Hazzard 1,U.S. Senate,,Dem,Raphael Warnock ,1193,629,116,2,446
Bibb,Hazzard 2,U.S. Senate,,Dem,Raphael Warnock ,1169,554,72,4,539
Bibb,Hazzard 3,U.S. Senate,,Dem,Raphael Warnock ,2524,1500,311,7,706
Bibb,Hazzard 4,U.S. Senate,,Dem,Raphael Warnock ,1375,783,95,4,493
Bibb,Howard 1,U.S. Senate,,Dem,Raphael Warnock ,780,427,106,1,246
Bibb,Howard 2,U.S. Senate,,Dem,Raphael Warnock ,806,428,101,5,272
Bibb,Howard 3,U.S. Senate,,Dem,Raphael Warnock ,1671,908,159,3,601
Bibb,Howard 4,U.S. Senate,,Dem,Raphael Warnock ,487,271,60,0,156
Bibb,Howard 5,U.S. Senate,,Dem,Raphael Warnock ,682,345,55,0,282
Bibb,Howard 6,U.S. Senate,,Dem,Raphael Warnock ,587,323,72,2,190
Bibb,Howard 7,U.S. Senate,,Dem,Raphael Warnock ,774,412,66,1,295
Bibb,Rutland 1,U.S. Senate,,Dem,Raphael Warnock ,1560,953,122,4,481
Bibb,Rutland 2,U.S. Senate,,Dem,Raphael Warnock ,752,413,61,1,277
Bibb,Vineville 1,U.S. Senate,,Dem,Raphael Warnock ,1113,578,132,1,402
Bibb,Vineville 2,U.S. Senate,,Dem,Raphael Warnock ,711,348,84,2,277
Bibb,Vineville 3,U.S. Senate,,Dem,Raphael Warnock ,1173,641,139,7,386
Bibb,Vineville 4,U.S. Senate,,Dem,Raphael Warnock ,1505,740,197,5,563
Bibb,Vineville 5,U.S. Senate,,Dem,Raphael Warnock ,695,386,45,1,263
Bibb,Vineville 6,U.S. Senate,,Dem,Raphael Warnock ,891,506,63,1,321
Bibb,Warrior 1,U.S. Senate,,Dem,Raphael Warnock ,602,324,54,0,224
Bibb,Warrior 2,U.S. Senate,,Dem,Raphael Warnock ,763,474,73,2,214
Bibb,East Macon 1,U.S. Senate,,Lib,Chase Oliver,2,2,0,0,0
Bibb,East Macon 2,U.S. Senate,,Lib,Chase Oliver,6,4,1,0,1
Bibb,East Macon 3,U.S. Senate,,Lib,Chase Oliver,29,7,4,0,18
Bibb,East Macon 4,U.S. Senate,,Lib,Chase Oliver,5,1,1,0,3
Bibb,East Macon 5,U.S. Senate,,Lib,Chase Oliver,9,3,0,0,6
Bibb,Godfrey 1,U.S. Senate,,Lib,Chase Oliver,21,8,1,0,12
Bibb,Godfrey 2,U.S. Senate,,Lib,Chase Oliver,6,2,3,0,1
Bibb,Godfrey 3,U.S. Senate,,Lib,Chase Oliver,12,4,0,0,8
Bibb,Godfrey 4,U.S. Senate,,Lib,Chase Oliver,4,2,1,0,1
Bibb,Godfrey 5,U.S. Senate,,Lib,Chase Oliver,22,9,1,0,12
Bibb,Hazzard 1,U.S. Senate,,Lib,Chase Oliver,14,7,0,0,7
Bibb,Hazzard 2,U.S. Senate,,Lib,Chase Oliver,33,6,0,1,26
Bibb,Hazzard 3,U.S. Senate,,Lib,Chase Oliver,40,15,5,0,20
Bibb,Hazzard 4,U.S. Senate,,Lib,Chase Oliver,40,11,5,0,24
Bibb,Howard 1,U.S. Senate,,Lib,Chase Oliver,29,8,1,0,20
Bibb,Howard 2,U.S. Senate,,Lib,Chase Oliver,41,12,2,1,26
Bibb,Howard 3,U.S. Senate,,Lib,Chase Oliver,60,19,7,2,32
Bibb,Howard 4,U.S. Senate,,Lib,Chase Oliver,24,9,3,0,12
Bibb,Howard 5,U.S. Senate,,Lib,Chase Oliver,16,3,1,0,12
Bibb,Howard 6,U.S. Senate,,Lib,Chase Oliver,19,8,0,0,11
Bibb,Howard 7,U.S. Senate,,Lib,Chase Oliver,39,11,5,0,23
Bibb,Rutland 1,U.S. Senate,,Lib,Chase Oliver,37,13,5,0,19
Bibb,Rutland 2,U.S. Senate,,Lib,Chase Oliver,33,11,0,0,22
Bibb,Vineville 1,U.S. Senate,,Lib,Chase Oliver,31,9,3,0,19
Bibb,Vineville 2,U.S. Senate,,Lib,Chase Oliver,18,5,2,0,11
Bibb,Vineville 3,U.S. Senate,,Lib,Chase Oliver,7,6,0,0,1
Bibb,Vineville 4,U.S. Senate,,Lib,Chase Oliver,14,3,1,0,10
Bibb,Vineville 5,U.S. Senate,,Lib,Chase Oliver,23,8,0,0,15
Bibb,Vineville 6,U.S. Senate,,Lib,Chase Oliver,29,8,0,0,21
Bibb,Warrior 1,U.S. Senate,,Lib,Chase Oliver,18,5,0,0,13
Bibb,Warrior 2,U.S. Senate,,Lib,Chase Oliver,18,6,3,0,9
Bibb,East Macon 1,Governor,,Rep,Brian Kemp ,24,11,4,0,9
Bibb,East Macon 2,Governor,,Rep,Brian Kemp ,105,51,15,0,39
Bibb,East Macon 3,Governor,,Rep,Brian Kemp ,490,236,39,1,214
Bibb,East Macon 4,Governor,,Rep,Brian Kemp ,61,26,3,0,32
Bibb,East Macon 5,Governor,,Rep,Brian Kemp ,284,110,18,0,156
Bibb,Godfrey 1,Governor,,Rep,Brian Kemp ,212,86,21,1,104
Bibb,Godfrey 2,Governor,,Rep,Brian Kemp ,64,24,10,0,30
Bibb,Godfrey 3,Governor,,Rep,Brian Kemp ,102,56,8,2,36
Bibb,Godfrey 4,Governor,,Rep,Brian Kemp ,75,37,7,0,31
Bibb,Godfrey 5,Governor,,Rep,Brian Kemp ,228,93,23,0,112
Bibb,Hazzard 1,Governor,,Rep,Brian Kemp ,152,70,19,0,63
Bibb,Hazzard 2,Governor,,Rep,Brian Kemp ,950,286,44,0,620
Bibb,Hazzard 3,Governor,,Rep,Brian Kemp ,970,482,72,1,415
Bibb,Hazzard 4,Governor,,Rep,Brian Kemp ,1923,835,95,4,989
Bibb,Howard 1,Governor,,Rep,Brian Kemp ,1622,802,125,1,694
Bibb,Howard 2,Governor,,Rep,Brian Kemp ,1615,746,113,3,753
Bibb,Howard 3,Governor,,Rep,Brian Kemp ,2005,940,109,3,953
Bibb,Howard 4,Governor,,Rep,Brian Kemp ,476,265,28,0,183
Bibb,Howard 5,Governor,,Rep,Brian Kemp ,422,160,32,0,230
Bibb,Howard 6,Governor,,Rep,Brian Kemp ,730,390,48,0,292
Bibb,Howard 7,Governor,,Rep,Brian Kemp ,1237,550,48,1,638
Bibb,Rutland 1,Governor,,Rep,Brian Kemp ,2081,732,104,1,1244
Bibb,Rutland 2,Governor,,Rep,Brian Kemp ,1289,381,56,0,852
Bibb,Vineville 1,Governor,,Rep,Brian Kemp ,563,228,25,0,310
Bibb,Vineville 2,Governor,,Rep,Brian Kemp ,245,91,11,1,142
Bibb,Vineville 3,Governor,,Rep,Brian Kemp ,113,64,11,0,38
Bibb,Vineville 4,Governor,,Rep,Brian Kemp ,224,102,15,0,107
Bibb,Vineville 5,Governor,,Rep,Brian Kemp ,777,350,51,0,376
Bibb,Vineville 6,Governor,,Rep,Brian Kemp ,845,378,21,0,446
Bibb,Warrior 1,Governor,,Rep,Brian Kemp ,1171,286,44,3,838
Bibb,Warrior 2,Governor,,Rep,Brian Kemp ,1341,469,48,0,824
Bibb,East Macon 1,Governor,,Dem,Stacey Abrams,618,309,85,3,221
Bibb,East Macon 2,Governor,,Dem,Stacey Abrams,1564,905,200,7,452
Bibb,East Macon 3,Governor,,Dem,Stacey Abrams,1104,598,117,1,388
Bibb,East Macon 4,Governor,,Dem,Stacey Abrams,958,437,133,0,388
Bibb,East Macon 5,Governor,,Dem,Stacey Abrams,995,521,125,0,349
Bibb,Godfrey 1,Governor,,Dem,Stacey Abrams,2107,1228,290,7,582
Bibb,Godfrey 2,Governor,,Dem,Stacey Abrams,520,241,61,0,218
Bibb,Godfrey 3,Governor,,Dem,Stacey Abrams,1053,619,101,3,330
Bibb,Godfrey 4,Governor,,Dem,Stacey Abrams,559,270,83,0,206
Bibb,Godfrey 5,Governor,,Dem,Stacey Abrams,1640,832,154,1,653
Bibb,Hazzard 1,Governor,,Dem,Stacey Abrams,1180,623,110,2,445
Bibb,Hazzard 2,Governor,,Dem,Stacey Abrams,1134,541,67,5,521
Bibb,Hazzard 3,Governor,,Dem,Stacey Abrams,2455,1477,291,7,680
Bibb,Hazzard 4,Governor,,Dem,Stacey Abrams,1256,739,79,4,434
Bibb,Howard 1,Governor,,Dem,Stacey Abrams,658,371,87,1,199
Bibb,Howard 2,Governor,,Dem,Stacey Abrams,689,381,81,6,221
Bibb,Howard 3,Governor,,Dem,Stacey Abrams,1515,840,145,4,526
Bibb,Howard 4,Governor,,Dem,Stacey Abrams,448,251,57,0,140
Bibb,Howard 5,Governor,,Dem,Stacey Abrams,641,334,45,0,262
Bibb,Howard 6,Governor,,Dem,Stacey Abrams,526,293,64,2,167
Bibb,Howard 7,Governor,,Dem,Stacey Abrams,675,376,61,0,238
Bibb,Rutland 1,Governor,,Dem,Stacey Abrams,1473,919,107,2,445
Bibb,Rutland 2,Governor,,Dem,Stacey Abrams,704,398,54,1,251
Bibb,Vineville 1,Governor,,Dem,Stacey Abrams,1033,547,127,1,358
Bibb,Vineville 2,Governor,,Dem,Stacey Abrams,680,342,81,2,255
Bibb,Vineville 3,Governor,,Dem,Stacey Abrams,1174,645,140,7,382
Bibb,Vineville 4,Governor,,Dem,Stacey Abrams,1489,734,193,5,557
Bibb,Vineville 5,Governor,,Dem,Stacey Abrams,626,361,41,1,223
Bibb,Vineville 6,Governor,,Dem,Stacey Abrams,782,459,59,1,263
Bibb,Warrior 1,Governor,,Dem,Stacey Abrams,544,308,50,0,186
Bibb,Warrior 2,Governor,,Dem,Stacey Abrams,714,453,68,2,191
Bibb,East Macon 1,Governor,,Lib,Shane Hazel,2,2,0,0,0
Bibb,East Macon 2,Governor,,Lib,Shane Hazel,4,2,1,0,1
Bibb,East Macon 3,Governor,,Lib,Shane Hazel,14,6,3,0,5
Bibb,East Macon 4,Governor,,Lib,Shane Hazel,5,2,0,0,3
Bibb,East Macon 5,Governor,,Lib,Shane Hazel,6,3,0,0,3
Bibb,Godfrey 1,Governor,,Lib,Shane Hazel,6,3,1,0,2
Bibb,Godfrey 2,Governor,,Lib,Shane Hazel,2,0,0,0,2
Bibb,Godfrey 3,Governor,,Lib,Shane Hazel,3,1,0,0,2
Bibb,Godfrey 4,Governor,,Lib,Shane Hazel,1,0,0,0,1
Bibb,Godfrey 5,Governor,,Lib,Shane Hazel,9,3,0,0,6
Bibb,Hazzard 1,Governor,,Lib,Shane Hazel,8,5,0,0,3
Bibb,Hazzard 2,Governor,,Lib,Shane Hazel,13,3,0,0,10
Bibb,Hazzard 3,Governor,,Lib,Shane Hazel,15,5,1,0,9
Bibb,Hazzard 4,Governor,,Lib,Shane Hazel,13,5,1,0,7
Bibb,Howard 1,Governor,,Lib,Shane Hazel,8,6,0,0,2
Bibb,Howard 2,Governor,,Lib,Shane Hazel,16,5,5,0,6
Bibb,Howard 3,Governor,,Lib,Shane Hazel,21,6,2,0,13
Bibb,Howard 4,Governor,,Lib,Shane Hazel,7,1,1,0,5
Bibb,Howard 5,Governor,,Lib,Shane Hazel,9,3,2,0,4
Bibb,Howard 6,Governor,,Lib,Shane Hazel,11,6,1,0,4
Bibb,Howard 7,Governor,,Lib,Shane Hazel,12,4,2,0,6
Bibb,Rutland 1,Governor,,Lib,Shane Hazel,11,6,0,0,5
Bibb,Rutland 2,Governor,,Lib,Shane Hazel,17,6,1,0,10
Bibb,Vineville 1,Governor,,Lib,Shane Hazel,19,3,2,0,14
Bibb,Vineville 2,Governor,,Lib,Shane Hazel,8,3,0,0,5
Bibb,Vineville 3,Governor,,Lib,Shane Hazel,4,2,0,0,2
Bibb,Vineville 4,Governor,,Lib,Shane Hazel,6,4,0,0,2
Bibb,Vineville 5,Governor,,Lib,Shane Hazel,12,5,0,0,7
Bibb,Vineville 6,Governor,,Lib,Shane Hazel,16,4,1,0,11
Bibb,Warrior 1,Governor,,Lib,Shane Hazel,3,0,0,0,3
Bibb,Warrior 2,Governor,,Lib,Shane Hazel,9,2,1,0,6
Bibb,East Macon 1,Lieutenant Governor,,Rep,Burt Jones,30,14,2,0,14
Bibb,East Macon 2,Lieutenant Governor,,Rep,Burt Jones,102,52,12,0,38
Bibb,East Macon 3,Lieutenant Governor,,Rep,Burt Jones,462,226,32,0,204
Bibb,East Macon 4,Lieutenant Governor,,Rep,Burt Jones,62,28,3,0,31
Bibb,East Macon 5,Lieutenant Governor,,Rep,Burt Jones,280,114,16,0,150
Bibb,Godfrey 1,Lieutenant Governor,,Rep,Burt Jones,209,84,15,1,109
Bibb,Godfrey 2,Lieutenant Governor,,Rep,Burt Jones,61,26,8,0,27
Bibb,Godfrey 3,Lieutenant Governor,,Rep,Burt Jones,106,56,8,2,40
Bibb,Godfrey 4,Lieutenant Governor,,Rep,Burt Jones,78,44,7,0,27
Bibb,Godfrey 5,Lieutenant Governor,,Rep,Burt Jones,224,95,22,1,106
Bibb,Hazzard 1,Lieutenant Governor,,Rep,Burt Jones,151,73,15,0,63
Bibb,Hazzard 2,Lieutenant Governor,,Rep,Burt Jones,921,279,41,0,601
Bibb,Hazzard 3,Lieutenant Governor,,Rep,Burt Jones,927,470,62,1,394
Bibb,Hazzard 4,Lieutenant Governor,,Rep,Burt Jones,1856,810,80,5,961
Bibb,Howard 1,Lieutenant Governor,,Rep,Burt Jones,1539,770,114,1,654
Bibb,Howard 2,Lieutenant Governor,,Rep,Burt Jones,1545,720,106,3,716
Bibb,Howard 3,Lieutenant Governor,,Rep,Burt Jones,1918,910,98,3,907
Bibb,Howard 4,Lieutenant Governor,,Rep,Burt Jones,452,252,28,0,172
Bibb,Howard 5,Lieutenant Governor,,Rep,Burt Jones,397,153,26,0,218
Bibb,Howard 6,Lieutenant Governor,,Rep,Burt Jones,701,380,44,0,277
Bibb,Howard 7,Lieutenant Governor,,Rep,Burt Jones,1170,522,48,0,600
Bibb,Rutland 1,Lieutenant Governor,,Rep,Burt Jones,2024,717,91,1,1215
Bibb,Rutland 2,Lieutenant Governor,,Rep,Burt Jones,1258,375,56,0,827
Bibb,Vineville 1,Lieutenant Governor,,Rep,Burt Jones,513,213,22,0,278
Bibb,Vineville 2,Lieutenant Governor,,Rep,Burt Jones,232,92,10,1,129
Bibb,Vineville 3,Lieutenant Governor,,Rep,Burt Jones,117,69,12,0,36
Bibb,Vineville 4,Lieutenant Governor,,Rep,Burt Jones,231,104,16,0,111
Bibb,Vineville 5,Lieutenant Governor,,Rep,Burt Jones,744,345,48,0,351
Bibb,Vineville 6,Lieutenant Governor,,Rep,Burt Jones,788,344,20,0,424
Bibb,Warrior 1,Lieutenant Governor,,Rep,Burt Jones,1128,275,42,3,808
Bibb,Warrior 2,Lieutenant Governor,,Rep,Burt Jones,1312,458,49,0,805
Bibb,East Macon 1,Lieutenant Governor,,Dem,Charlie Bailey,589,298,88,3,200
Bibb,East Macon 2,Lieutenant Governor,,Dem,Charlie Bailey,1534,885,200,7,442
Bibb,East Macon 3,Lieutenant Governor,,Dem,Charlie Bailey,1103,597,123,2,381
Bibb,East Macon 4,Lieutenant Governor,,Dem,Charlie Bailey,931,420,132,0,379
Bibb,East Macon 5,Lieutenant Governor,,Dem,Charlie Bailey,973,510,126,0,337
Bibb,Godfrey 1,Lieutenant Governor,,Dem,Charlie Bailey,2035,1191,288,7,549
Bibb,Godfrey 2,Lieutenant Governor,,Dem,Charlie Bailey,506,232,61,0,213
Bibb,Godfrey 3,Lieutenant Governor,,Dem,Charlie Bailey,1022,598,98,4,322
Bibb,Godfrey 4,Lieutenant Governor,,Dem,Charlie Bailey,537,257,82,0,198
Bibb,Godfrey 5,Lieutenant Governor,,Dem,Charlie Bailey,1613,814,155,0,644
Bibb,Hazzard 1,Lieutenant Governor,,Dem,Charlie Bailey,1147,608,114,2,423
Bibb,Hazzard 2,Lieutenant Governor,,Dem,Charlie Bailey,1122,533,69,5,515
Bibb,Hazzard 3,Lieutenant Governor,,Dem,Charlie Bailey,2440,1459,301,7,673
Bibb,Hazzard 4,Lieutenant Governor,,Dem,Charlie Bailey,1281,753,90,2,436
Bibb,Howard 1,Lieutenant Governor,,Dem,Charlie Bailey,692,387,95,1,209
Bibb,Howard 2,Lieutenant Governor,,Dem,Charlie Bailey,724,396,85,6,237
Bibb,Howard 3,Lieutenant Governor,,Dem,Charlie Bailey,1545,856,152,4,533
Bibb,Howard 4,Lieutenant Governor,,Dem,Charlie Bailey,455,255,58,0,142
Bibb,Howard 5,Lieutenant Governor,,Dem,Charlie Bailey,638,334,52,0,252
Bibb,Howard 6,Lieutenant Governor,,Dem,Charlie Bailey,532,300,67,2,163
Bibb,Howard 7,Lieutenant Governor,,Dem,Charlie Bailey,700,387,61,1,251
Bibb,Rutland 1,Lieutenant Governor,,Dem,Charlie Bailey,1480,916,116,2,446
Bibb,Rutland 2,Lieutenant Governor,,Dem,Charlie Bailey,701,390,55,1,255
Bibb,Vineville 1,Lieutenant Governor,,Dem,Charlie Bailey,1033,541,127,1,364
Bibb,Vineville 2,Lieutenant Governor,,Dem,Charlie Bailey,664,332,79,2,251
Bibb,Vineville 3,Lieutenant Governor,,Dem,Charlie Bailey,1139,625,138,7,369
Bibb,Vineville 4,Lieutenant Governor,,Dem,Charlie Bailey,1428,706,191,5,526
Bibb,Vineville 5,Lieutenant Governor,,Dem,Charlie Bailey,623,354,44,1,224
Bibb,Vineville 6,Lieutenant Governor,,Dem,Charlie Bailey,797,472,59,1,265
Bibb,Warrior 1,Lieutenant Governor,,Dem,Charlie Bailey,557,308,52,0,197
Bibb,Warrior 2,Lieutenant Governor,,Dem,Charlie Bailey,723,452,68,2,201
Bibb,East Macon 1,Lieutenant Governor,,Lib,Ryan Graham,7,4,0,0,3
Bibb,East Macon 2,Lieutenant Governor,,Lib,Ryan Graham,16,14,0,0,2
Bibb,East Macon 3,Lieutenant Governor,,Lib,Ryan Graham,25,11,2,0,12
Bibb,East Macon 4,Lieutenant Governor,,Lib,Ryan Graham,12,7,0,0,5
Bibb,East Macon 5,Lieutenant Governor,,Lib,Ryan Graham,15,3,2,0,10
Bibb,Godfrey 1,Lieutenant Governor,,Lib,Ryan Graham,30,11,4,0,15
Bibb,Godfrey 2,Lieutenant Governor,,Lib,Ryan Graham,14,4,1,0,9
Bibb,Godfrey 3,Lieutenant Governor,,Lib,Ryan Graham,11,7,0,0,4
Bibb,Godfrey 4,Lieutenant Governor,,Lib,Ryan Graham,11,2,0,0,9
Bibb,Godfrey 5,Lieutenant Governor,,Lib,Ryan Graham,25,12,0,0,13
Bibb,Hazzard 1,Lieutenant Governor,,Lib,Ryan Graham,18,6,1,0,11
Bibb,Hazzard 2,Lieutenant Governor,,Lib,Ryan Graham,43,14,0,0,29
Bibb,Hazzard 3,Lieutenant Governor,,Lib,Ryan Graham,43,18,1,0,24
Bibb,Hazzard 4,Lieutenant Governor,,Lib,Ryan Graham,42,10,4,1,27
Bibb,Howard 1,Lieutenant Governor,,Lib,Ryan Graham,35,15,0,0,20
Bibb,Howard 2,Lieutenant Governor,,Lib,Ryan Graham,38,13,3,0,22
Bibb,Howard 3,Lieutenant Governor,,Lib,Ryan Graham,61,17,3,0,41
Bibb,Howard 4,Lieutenant Governor,,Lib,Ryan Graham,17,5,0,0,12
Bibb,Howard 5,Lieutenant Governor,,Lib,Ryan Graham,26,6,1,0,19
Bibb,Howard 6,Lieutenant Governor,,Lib,Ryan Graham,26,9,0,0,17
Bibb,Howard 7,Lieutenant Governor,,Lib,Ryan Graham,41,17,2,0,22
Bibb,Rutland 1,Lieutenant Governor,,Lib,Ryan Graham,35,14,2,0,19
Bibb,Rutland 2,Lieutenant Governor,,Lib,Ryan Graham,34,11,1,0,22
Bibb,Vineville 1,Lieutenant Governor,,Lib,Ryan Graham,47,14,4,0,29
Bibb,Vineville 2,Lieutenant Governor,,Lib,Ryan Graham,23,9,1,0,13
Bibb,Vineville 3,Lieutenant Governor,,Lib,Ryan Graham,16,9,0,0,7
Bibb,Vineville 4,Lieutenant Governor,,Lib,Ryan Graham,30,11,1,0,18
Bibb,Vineville 5,Lieutenant Governor,,Lib,Ryan Graham,39,13,1,0,25
Bibb,Vineville 6,Lieutenant Governor,,Lib,Ryan Graham,35,10,1,0,24
Bibb,Warrior 1,Lieutenant Governor,,Lib,Ryan Graham,12,3,0,0,9
Bibb,Warrior 2,Lieutenant Governor,,Lib,Ryan Graham,20,11,0,0,9
Bibb,East Macon 1,Secretary of State,,Rep,Brad Raffensperger ,35,22,2,0,11
Bibb,East Macon 2,Secretary of State,,Rep,Brad Raffensperger ,146,89,14,0,43
Bibb,East Macon 3,Secretary of State,,Rep,Brad Raffensperger ,497,250,40,1,206
Bibb,East Macon 4,Secretary of State,,Rep,Brad Raffensperger ,82,34,6,0,42
Bibb,East Macon 5,Secretary of State,,Rep,Brad Raffensperger ,294,127,14,0,153
Bibb,Godfrey 1,Secretary of State,,Rep,Brad Raffensperger ,281,134,23,4,120
Bibb,Godfrey 2,Secretary of State,,Rep,Brad Raffensperger ,74,32,7,0,35
Bibb,Godfrey 3,Secretary of State,,Rep,Brad Raffensperger ,124,65,9,2,48
Bibb,Godfrey 4,Secretary of State,,Rep,Brad Raffensperger ,89,49,6,0,34
Bibb,Godfrey 5,Secretary of State,,Rep,Brad Raffensperger ,250,111,23,1,115
Bibb,Hazzard 1,Secretary of State,,Rep,Brad Raffensperger ,166,81,19,0,66
Bibb,Hazzard 2,Secretary of State,,Rep,Brad Raffensperger ,931,287,39,0,605
Bibb,Hazzard 3,Secretary of State,,Rep,Brad Raffensperger ,976,495,66,1,414
Bibb,Hazzard 4,Secretary of State,,Rep,Brad Raffensperger ,1895,830,96,5,964
Bibb,Howard 1,Secretary of State,,Rep,Brad Raffensperger ,1614,816,134,1,663
Bibb,Howard 2,Secretary of State,,Rep,Brad Raffensperger ,1611,741,117,3,750
Bibb,Howard 3,Secretary of State,,Rep,Brad Raffensperger ,2021,963,114,3,941
Bibb,Howard 4,Secretary of State,,Rep,Brad Raffensperger ,459,259,29,0,171
Bibb,Howard 5,Secretary of State,,Rep,Brad Raffensperger ,430,172,27,0,231
Bibb,Howard 6,Secretary of State,,Rep,Brad Raffensperger ,739,399,57,0,283
Bibb,Howard 7,Secretary of State,,Rep,Brad Raffensperger ,1235,547,58,1,629
Bibb,Rutland 1,Secretary of State,,Rep,Brad Raffensperger ,2046,730,99,1,1216
Bibb,Rutland 2,Secretary of State,,Rep,Brad Raffensperger ,1236,375,54,0,807
Bibb,Vineville 1,Secretary of State,,Rep,Brad Raffensperger ,597,255,27,1,314
Bibb,Vineville 2,Secretary of State,,Rep,Brad Raffensperger ,251,94,14,0,143
Bibb,Vineville 3,Secretary of State,,Rep,Brad Raffensperger ,131,75,15,0,41
Bibb,Vineville 4,Secretary of State,,Rep,Brad Raffensperger ,261,118,20,0,123
Bibb,Vineville 5,Secretary of State,,Rep,Brad Raffensperger ,782,372,48,0,362
Bibb,Vineville 6,Secretary of State,,Rep,Brad Raffensperger ,861,391,28,0,442
Bibb,Warrior 1,Secretary of State,,Rep,Brad Raffensperger ,1122,277,41,3,801
Bibb,Warrior 2,Secretary of State,,Rep,Brad Raffensperger ,1307,460,49,0,798
Bibb,East Macon 1,Secretary of State,,Dem,Bee Nguyen,588,293,85,2,208
Bibb,East Macon 2,Secretary of State,,Dem,Bee Nguyen,1490,852,195,6,437
Bibb,East Macon 3,Secretary of State,,Dem,Bee Nguyen,1062,572,116,1,373
Bibb,East Macon 4,Secretary of State,,Dem,Bee Nguyen,918,419,129,0,370
Bibb,East Macon 5,Secretary of State,,Dem,Bee Nguyen,962,501,128,0,333
Bibb,Godfrey 1,Secretary of State,,Dem,Bee Nguyen,1975,1143,284,4,544
Bibb,Godfrey 2,Secretary of State,,Dem,Bee Nguyen,502,227,64,0,211
Bibb,Godfrey 3,Secretary of State,,Dem,Bee Nguyen,999,589,98,4,308
Bibb,Godfrey 4,Secretary of State,,Dem,Bee Nguyen,526,251,81,0,194
Bibb,Godfrey 5,Secretary of State,,Dem,Bee Nguyen,1584,793,154,0,637
Bibb,Hazzard 1,Secretary of State,,Dem,Bee Nguyen,1132,596,110,2,424
Bibb,Hazzard 2,Secretary of State,,Dem,Bee Nguyen,1100,523,69,5,503
Bibb,Hazzard 3,Secretary of State,,Dem,Bee Nguyen,2369,1417,293,7,652
Bibb,Hazzard 4,Secretary of State,,Dem,Bee Nguyen,1209,713,75,2,419
Bibb,Howard 1,Secretary of State,,Dem,Bee Nguyen,614,343,75,1,195
Bibb,Howard 2,Secretary of State,,Dem,Bee Nguyen,648,368,77,5,198
Bibb,Howard 3,Secretary of State,,Dem,Bee Nguyen,1437,785,138,4,510
Bibb,Howard 4,Secretary of State,,Dem,Bee Nguyen,424,236,55,0,133
Bibb,Howard 5,Secretary of State,,Dem,Bee Nguyen,604,313,51,0,240
Bibb,Howard 6,Secretary of State,,Dem,Bee Nguyen,486,277,55,2,152
Bibb,Howard 7,Secretary of State,,Dem,Bee Nguyen,626,355,50,0,221
Bibb,Rutland 1,Secretary of State,,Dem,Bee Nguyen,1429,893,111,2,423
Bibb,Rutland 2,Secretary of State,,Dem,Bee Nguyen,693,384,56,1,252
Bibb,Vineville 1,Secretary of State,,Dem,Bee Nguyen,957,503,125,0,329
Bibb,Vineville 2,Secretary of State,,Dem,Bee Nguyen,645,326,75,2,242
Bibb,Vineville 3,Secretary of State,,Dem,Bee Nguyen,1123,618,133,7,365
Bibb,Vineville 4,Secretary of State,,Dem,Bee Nguyen,1411,696,188,5,522
Bibb,Vineville 5,Secretary of State,,Dem,Bee Nguyen,588,330,40,1,217
Bibb,Vineville 6,Secretary of State,,Dem,Bee Nguyen,726,424,53,1,248
Bibb,Warrior 1,Secretary of State,,Dem,Bee Nguyen,528,293,50,0,185
Bibb,Warrior 2,Secretary of State,,Dem,Bee Nguyen,699,439,66,2,192
Bibb,East Macon 1,Secretary of State,,Lib,Ted Metz,4,2,1,0,1
Bibb,East Macon 2,Secretary of State,,Lib,Ted Metz,18,10,3,0,5
Bibb,East Macon 3,Secretary of State,,Lib,Ted Metz,41,16,3,0,22
Bibb,East Macon 4,Secretary of State,,Lib,Ted Metz,9,4,0,0,5
Bibb,East Macon 5,Secretary of State,,Lib,Ted Metz,20,3,1,0,16
Bibb,Godfrey 1,Secretary of State,,Lib,Ted Metz,25,9,2,0,14
Bibb,Godfrey 2,Secretary of State,,Lib,Ted Metz,7,4,0,0,3
Bibb,Godfrey 3,Secretary of State,,Lib,Ted Metz,13,4,0,0,9
Bibb,Godfrey 4,Secretary of State,,Lib,Ted Metz,9,3,2,0,4
Bibb,Godfrey 5,Secretary of State,,Lib,Ted Metz,30,15,0,0,15
Bibb,Hazzard 1,Secretary of State,,Lib,Ted Metz,23,11,1,0,11
Bibb,Hazzard 2,Secretary of State,,Lib,Ted Metz,50,13,3,0,34
Bibb,Hazzard 3,Secretary of State,,Lib,Ted Metz,54,29,3,0,22
Bibb,Hazzard 4,Secretary of State,,Lib,Ted Metz,72,26,4,1,41
Bibb,Howard 1,Secretary of State,,Lib,Ted Metz,37,15,1,0,21
Bibb,Howard 2,Secretary of State,,Lib,Ted Metz,50,19,4,1,26
Bibb,Howard 3,Secretary of State,,Lib,Ted Metz,71,32,4,0,35
Bibb,Howard 4,Secretary of State,,Lib,Ted Metz,37,16,2,0,19
Bibb,Howard 5,Secretary of State,,Lib,Ted Metz,25,8,1,0,16
Bibb,Howard 6,Secretary of State,,Lib,Ted Metz,32,12,0,0,20
Bibb,Howard 7,Secretary of State,,Lib,Ted Metz,49,22,1,0,26
Bibb,Rutland 1,Secretary of State,,Lib,Ted Metz,63,22,1,0,40
Bibb,Rutland 2,Secretary of State,,Lib,Ted Metz,62,20,1,0,41
Bibb,Vineville 1,Secretary of State,,Lib,Ted Metz,45,11,2,0,32
Bibb,Vineville 2,Secretary of State,,Lib,Ted Metz,26,11,0,1,14
Bibb,Vineville 3,Secretary of State,,Lib,Ted Metz,16,11,0,0,5
Bibb,Vineville 4,Secretary of State,,Lib,Ted Metz,20,10,0,0,10
Bibb,Vineville 5,Secretary of State,,Lib,Ted Metz,39,10,6,0,23
Bibb,Vineville 6,Secretary of State,,Lib,Ted Metz,32,12,0,0,20
Bibb,Warrior 1,Secretary of State,,Lib,Ted Metz,43,12,3,0,28
Bibb,Warrior 2,Secretary of State,,Lib,Ted Metz,39,15,1,0,23
Bibb,East Macon 1,Attorney General,,Rep,Chris Carr ,21,13,3,0,5
Bibb,East Macon 2,Attorney General,,Rep,Chris Carr ,104,55,11,0,38
Bibb,East Macon 3,Attorney General,,Rep,Chris Carr ,467,228,34,0,205
Bibb,East Macon 4,Attorney General,,Rep,Chris Carr ,59,23,3,0,33
Bibb,East Macon 5,Attorney General,,Rep,Chris Carr ,270,112,18,0,140
Bibb,Godfrey 1,Attorney General,,Rep,Chris Carr ,221,93,15,3,110
Bibb,Godfrey 2,Attorney General,,Rep,Chris Carr ,58,20,6,0,32
Bibb,Godfrey 3,Attorney General,,Rep,Chris Carr ,101,54,7,2,38
Bibb,Godfrey 4,Attorney General,,Rep,Chris Carr ,72,36,8,0,28
Bibb,Godfrey 5,Attorney General,,Rep,Chris Carr ,216,89,22,0,105
Bibb,Hazzard 1,Attorney General,,Rep,Chris Carr ,152,72,14,0,66
Bibb,Hazzard 2,Attorney General,,Rep,Chris Carr ,927,282,40,0,605
Bibb,Hazzard 3,Attorney General,,Rep,Chris Carr ,922,476,61,1,384
Bibb,Hazzard 4,Attorney General,,Rep,Chris Carr ,1855,812,85,7,951
Bibb,Howard 1,Attorney General,,Rep,Chris Carr ,1549,780,117,1,651
Bibb,Howard 2,Attorney General,,Rep,Chris Carr ,1532,719,97,3,713
Bibb,Howard 3,Attorney General,,Rep,Chris Carr ,1942,919,102,2,919
Bibb,Howard 4,Attorney General,,Rep,Chris Carr ,450,251,26,0,173
Bibb,Howard 5,Attorney General,,Rep,Chris Carr ,397,154,27,0,216
Bibb,Howard 6,Attorney General,,Rep,Chris Carr ,698,373,44,0,281
Bibb,Howard 7,Attorney General,,Rep,Chris Carr ,1181,536,48,1,596
Bibb,Rutland 1,Attorney General,,Rep,Chris Carr ,2028,706,92,1,1229
Bibb,Rutland 2,Attorney General,,Rep,Chris Carr ,1251,371,50,0,830
Bibb,Vineville 1,Attorney General,,Rep,Chris Carr ,515,213,22,0,280
Bibb,Vineville 2,Attorney General,,Rep,Chris Carr ,228,87,10,1,130
Bibb,Vineville 3,Attorney General,,Rep,Chris Carr ,113,68,12,0,33
Bibb,Vineville 4,Attorney General,,Rep,Chris Carr ,218,104,14,0,100
Bibb,Vineville 5,Attorney General,,Rep,Chris Carr ,746,346,51,0,349
Bibb,Vineville 6,Attorney General,,Rep,Chris Carr ,815,361,20,0,434
Bibb,Warrior 1,Attorney General,,Rep,Chris Carr ,1126,276,41,3,806
Bibb,Warrior 2,Attorney General,,Rep,Chris Carr ,1304,452,46,0,806
Bibb,East Macon 1,Attorney General,,Dem,"Jennifer """"Jen"""" Jordan",605,304,85,3,213
Bibb,East Macon 2,Attorney General,,Dem,"Jennifer """"Jen"""" Jordan",1545,889,202,7,447
Bibb,East Macon 3,Attorney General,,Dem,"Jennifer """"Jen"""" Jordan",1107,597,122,2,386
Bibb,East Macon 4,Attorney General,,Dem,"Jennifer """"Jen"""" Jordan",948,437,132,0,379
Bibb,East Macon 5,Attorney General,,Dem,"Jennifer """"Jen"""" Jordan",987,510,126,0,351
Bibb,Godfrey 1,Attorney General,,Dem,"Jennifer """"Jen"""" Jordan",2045,1194,288,5,558
Bibb,Godfrey 2,Attorney General,,Dem,"Jennifer """"Jen"""" Jordan",516,237,65,0,214
Bibb,Godfrey 3,Attorney General,,Dem,"Jennifer """"Jen"""" Jordan",1022,601,97,4,320
Bibb,Godfrey 4,Attorney General,,Dem,"Jennifer """"Jen"""" Jordan",549,263,81,0,205
Bibb,Godfrey 5,Attorney General,,Dem,"Jennifer """"Jen"""" Jordan",1627,821,155,1,650
Bibb,Hazzard 1,Attorney General,,Dem,"Jennifer """"Jen"""" Jordan",1161,615,113,2,431
Bibb,Hazzard 2,Attorney General,,Dem,"Jennifer """"Jen"""" Jordan",1117,529,69,5,514
Bibb,Hazzard 3,Attorney General,,Dem,"Jennifer """"Jen"""" Jordan",2450,1457,297,7,689
Bibb,Hazzard 4,Attorney General,,Dem,"Jennifer """"Jen"""" Jordan",1293,754,89,1,449
Bibb,Howard 1,Attorney General,,Dem,"Jennifer """"Jen"""" Jordan",695,384,87,1,223
Bibb,Howard 2,Attorney General,,Dem,"Jennifer """"Jen"""" Jordan",749,398,95,6,250
Bibb,Howard 3,Attorney General,,Dem,"Jennifer """"Jen"""" Jordan",1548,854,149,4,541
Bibb,Howard 4,Attorney General,,Dem,"Jennifer """"Jen"""" Jordan",461,259,57,0,145
Bibb,Howard 5,Attorney General,,Dem,"Jennifer """"Jen"""" Jordan",646,335,52,0,259
Bibb,Howard 6,Attorney General,,Dem,"Jennifer """"Jen"""" Jordan",546,309,66,2,169
Bibb,Howard 7,Attorney General,,Dem,"Jennifer """"Jen"""" Jordan",705,384,59,0,262
Bibb,Rutland 1,Attorney General,,Dem,"Jennifer """"Jen"""" Jordan",1500,932,119,2,447
Bibb,Rutland 2,Attorney General,,Dem,"Jennifer """"Jen"""" Jordan",721,401,61,1,258
Bibb,Vineville 1,Attorney General,,Dem,"Jennifer """"Jen"""" Jordan",1047,546,130,1,370
Bibb,Vineville 2,Attorney General,,Dem,"Jennifer """"Jen"""" Jordan",672,336,79,2,255
Bibb,Vineville 3,Attorney General,,Dem,"Jennifer """"Jen"""" Jordan",1152,633,136,7,376
Bibb,Vineville 4,Attorney General,,Dem,"Jennifer """"Jen"""" Jordan",1449,710,191,5,543
Bibb,Vineville 5,Attorney General,,Dem,"Jennifer """"Jen"""" Jordan",632,359,43,1,229
Bibb,Vineville 6,Attorney General,,Dem,"Jennifer """"Jen"""" Jordan",791,461,61,1,268
Bibb,Warrior 1,Attorney General,,Dem,"Jennifer """"Jen"""" Jordan",566,307,53,0,206
Bibb,Warrior 2,Attorney General,,Dem,"Jennifer """"Jen"""" Jordan",730,459,69,2,200
Bibb,East Macon 1,Attorney General,,Lib,Martin Cowen,7,2,0,0,5
Bibb,East Macon 2,Attorney General,,Lib,Martin Cowen,11,9,1,0,1
Bibb,East Macon 3,Attorney General,,Lib,Martin Cowen,27,12,2,0,13
Bibb,East Macon 4,Attorney General,,Lib,Martin Cowen,7,1,0,0,6
Bibb,East Macon 5,Attorney General,,Lib,Martin Cowen,20,6,0,0,14
Bibb,Godfrey 1,Attorney General,,Lib,Martin Cowen,31,14,4,0,13
Bibb,Godfrey 2,Attorney General,,Lib,Martin Cowen,10,5,0,0,5
Bibb,Godfrey 3,Attorney General,,Lib,Martin Cowen,11,6,0,0,5
Bibb,Godfrey 4,Attorney General,,Lib,Martin Cowen,8,5,0,0,3
Bibb,Godfrey 5,Attorney General,,Lib,Martin Cowen,23,7,0,0,16
Bibb,Hazzard 1,Attorney General,,Lib,Martin Cowen,13,6,0,0,7
Bibb,Hazzard 2,Attorney General,,Lib,Martin Cowen,34,12,1,0,21
Bibb,Hazzard 3,Attorney General,,Lib,Martin Cowen,41,16,1,0,24
Bibb,Hazzard 4,Attorney General,,Lib,Martin Cowen,30,6,0,0,24
Bibb,Howard 1,Attorney General,,Lib,Martin Cowen,19,6,1,0,12
Bibb,Howard 2,Attorney General,,Lib,Martin Cowen,26,10,4,0,12
Bibb,Howard 3,Attorney General,,Lib,Martin Cowen,40,13,3,1,23
Bibb,Howard 4,Attorney General,,Lib,Martin Cowen,12,4,1,0,7
Bibb,Howard 5,Attorney General,,Lib,Martin Cowen,21,4,0,0,17
Bibb,Howard 6,Attorney General,,Lib,Martin Cowen,16,7,0,0,9
Bibb,Howard 7,Attorney General,,Lib,Martin Cowen,27,7,3,0,17
Bibb,Rutland 1,Attorney General,,Lib,Martin Cowen,14,8,0,0,6
Bibb,Rutland 2,Attorney General,,Lib,Martin Cowen,25,7,0,0,18
Bibb,Vineville 1,Attorney General,,Lib,Martin Cowen,34,14,1,0,19
Bibb,Vineville 2,Attorney General,,Lib,Martin Cowen,20,9,0,0,11
Bibb,Vineville 3,Attorney General,,Lib,Martin Cowen,8,4,0,0,4
Bibb,Vineville 4,Attorney General,,Lib,Martin Cowen,23,11,1,0,11
Bibb,Vineville 5,Attorney General,,Lib,Martin Cowen,24,8,0,0,16
Bibb,Vineville 6,Attorney General,,Lib,Martin Cowen,19,9,0,0,10
Bibb,Warrior 1,Attorney General,,Lib,Martin Cowen,13,3,0,0,10
Bibb,Warrior 2,Attorney General,,Lib,Martin Cowen,17,7,1,0,9
Bibb,East Macon 1,Commissioner of Agriculture,,Rep,Tyler Harper,17,10,3,0,4
Bibb,East Macon 2,Commissioner of Agriculture,,Rep,Tyler Harper,99,49,13,1,36
Bibb,East Macon 3,Commissioner of Agriculture,,Rep,Tyler Harper,491,242,32,0,217
Bibb,East Macon 4,Commissioner of Agriculture,,Rep,Tyler Harper,60,26,3,0,31
Bibb,East Macon 5,Commissioner of Agriculture,,Rep,Tyler Harper,272,105,17,0,150
Bibb,Godfrey 1,Commissioner of Agriculture,,Rep,Tyler Harper,218,94,16,1,107
Bibb,Godfrey 2,Commissioner of Agriculture,,Rep,Tyler Harper,58,21,9,0,28
Bibb,Godfrey 3,Commissioner of Agriculture,,Rep,Tyler Harper,92,49,7,2,34
Bibb,Godfrey 4,Commissioner of Agriculture,,Rep,Tyler Harper,74,40,7,0,27
Bibb,Godfrey 5,Commissioner of Agriculture,,Rep,Tyler Harper,208,89,21,0,98
Bibb,Hazzard 1,Commissioner of Agriculture,,Rep,Tyler Harper,146,66,17,0,63
Bibb,Hazzard 2,Commissioner of Agriculture,,Rep,Tyler Harper,926,284,42,0,600
Bibb,Hazzard 3,Commissioner of Agriculture,,Rep,Tyler Harper,931,474,68,1,388
Bibb,Hazzard 4,Commissioner of Agriculture,,Rep,Tyler Harper,1884,812,84,5,983
Bibb,Howard 1,Commissioner of Agriculture,,Rep,Tyler Harper,1591,798,122,1,670
Bibb,Howard 2,Commissioner of Agriculture,,Rep,Tyler Harper,1590,746,108,3,733
Bibb,Howard 3,Commissioner of Agriculture,,Rep,Tyler Harper,1982,930,114,2,936
Bibb,Howard 4,Commissioner of Agriculture,,Rep,Tyler Harper,458,259,28,0,171
Bibb,Howard 5,Commissioner of Agriculture,,Rep,Tyler Harper,399,154,24,0,221
Bibb,Howard 6,Commissioner of Agriculture,,Rep,Tyler Harper,729,392,48,0,289
Bibb,Howard 7,Commissioner of Agriculture,,Rep,Tyler Harper,1195,539,43,0,613
Bibb,Rutland 1,Commissioner of Agriculture,,Rep,Tyler Harper,2025,705,96,1,1223
Bibb,Rutland 2,Commissioner of Agriculture,,Rep,Tyler Harper,1252,370,52,0,830
Bibb,Vineville 1,Commissioner of Agriculture,,Rep,Tyler Harper,546,223,24,0,299
Bibb,Vineville 2,Commissioner of Agriculture,,Rep,Tyler Harper,234,88,11,1,134
Bibb,Vineville 3,Commissioner of Agriculture,,Rep,Tyler Harper,106,65,12,0,29
Bibb,Vineville 4,Commissioner of Agriculture,,Rep,Tyler Harper,218,105,17,0,96
Bibb,Vineville 5,Commissioner of Agriculture,,Rep,Tyler Harper,777,360,55,0,362
Bibb,Vineville 6,Commissioner of Agriculture,,Rep,Tyler Harper,827,373,19,0,435
Bibb,Warrior 1,Commissioner of Agriculture,,Rep,Tyler Harper,1138,281,42,3,812
Bibb,Warrior 2,Commissioner of Agriculture,,Rep,Tyler Harper,1323,464,47,0,812
Bibb,East Macon 1,Commissioner of Agriculture,,Dem,Nakita Hemingway,603,301,86,3,213
Bibb,East Macon 2,Commissioner of Agriculture,,Dem,Nakita Hemingway,1539,888,200,6,445
Bibb,East Macon 3,Commissioner of Agriculture,,Dem,Nakita Hemingway,1075,582,120,1,372
Bibb,East Macon 4,Commissioner of Agriculture,,Dem,Nakita Hemingway,939,428,132,0,379
Bibb,East Macon 5,Commissioner of Agriculture,,Dem,Nakita Hemingway,986,517,126,0,343
Bibb,Godfrey 1,Commissioner of Agriculture,,Dem,Nakita Hemingway,2030,1180,285,7,558
Bibb,Godfrey 2,Commissioner of Agriculture,,Dem,Nakita Hemingway,510,235,61,0,214
Bibb,Godfrey 3,Commissioner of Agriculture,,Dem,Nakita Hemingway,1021,597,97,4,323
Bibb,Godfrey 4,Commissioner of Agriculture,,Dem,Nakita Hemingway,537,253,82,0,202
Bibb,Godfrey 5,Commissioner of Agriculture,,Dem,Nakita Hemingway,1634,822,154,1,657
Bibb,Hazzard 1,Commissioner of Agriculture,,Dem,Nakita Hemingway,1162,615,113,2,432
Bibb,Hazzard 2,Commissioner of Agriculture,,Dem,Nakita Hemingway,1103,527,64,5,507
Bibb,Hazzard 3,Commissioner of Agriculture,,Dem,Nakita Hemingway,2435,1458,291,7,679
Bibb,Hazzard 4,Commissioner of Agriculture,,Dem,Nakita Hemingway,1246,747,84,3,412
Bibb,Howard 1,Commissioner of Agriculture,,Dem,Nakita Hemingway,620,353,75,1,191
Bibb,Howard 2,Commissioner of Agriculture,,Dem,Nakita Hemingway,663,366,79,5,213
Bibb,Howard 3,Commissioner of Agriculture,,Dem,Nakita Hemingway,1472,822,134,5,511
Bibb,Howard 4,Commissioner of Agriculture,,Dem,Nakita Hemingway,444,248,56,0,140
Bibb,Howard 5,Commissioner of Agriculture,,Dem,Nakita Hemingway,622,322,50,0,250
Bibb,Howard 6,Commissioner of Agriculture,,Dem,Nakita Hemingway,508,291,59,2,156
Bibb,Howard 7,Commissioner of Agriculture,,Dem,Nakita Hemingway,653,363,60,1,229
Bibb,Rutland 1,Commissioner of Agriculture,,Dem,Nakita Hemingway,1457,913,113,2,429
Bibb,Rutland 2,Commissioner of Agriculture,,Dem,Nakita Hemingway,707,397,57,1,252
Bibb,Vineville 1,Commissioner of Agriculture,,Dem,Nakita Hemingway,997,529,126,1,341
Bibb,Vineville 2,Commissioner of Agriculture,,Dem,Nakita Hemingway,657,335,76,2,244
Bibb,Vineville 3,Commissioner of Agriculture,,Dem,Nakita Hemingway,1149,632,134,7,376
Bibb,Vineville 4,Commissioner of Agriculture,,Dem,Nakita Hemingway,1437,706,188,5,538
Bibb,Vineville 5,Commissioner of Agriculture,,Dem,Nakita Hemingway,580,331,34,1,214
Bibb,Vineville 6,Commissioner of Agriculture,,Dem,Nakita Hemingway,735,436,58,1,240
Bibb,Warrior 1,Commissioner of Agriculture,,Dem,Nakita Hemingway,541,300,51,0,190
Bibb,Warrior 2,Commissioner of Agriculture,,Dem,Nakita Hemingway,706,444,68,2,192
Bibb,East Macon 1,Commissioner of Agriculture,,Lib,David Raudabaugh,10,4,0,0,6
Bibb,East Macon 2,Commissioner of Agriculture,,Lib,David Raudabaugh,20,15,2,0,3
Bibb,East Macon 3,Commissioner of Agriculture,,Lib,David Raudabaugh,31,11,4,1,15
Bibb,East Macon 4,Commissioner of Agriculture,,Lib,David Raudabaugh,10,4,0,0,6
Bibb,East Macon 5,Commissioner of Agriculture,,Lib,David Raudabaugh,16,6,0,0,10
Bibb,Godfrey 1,Commissioner of Agriculture,,Lib,David Raudabaugh,37,21,3,0,13
Bibb,Godfrey 2,Commissioner of Agriculture,,Lib,David Raudabaugh,16,7,1,0,8
Bibb,Godfrey 3,Commissioner of Agriculture,,Lib,David Raudabaugh,16,9,0,0,7
Bibb,Godfrey 4,Commissioner of Agriculture,,Lib,David Raudabaugh,20,11,1,0,8
Bibb,Godfrey 5,Commissioner of Agriculture,,Lib,David Raudabaugh,22,6,1,0,15
Bibb,Hazzard 1,Commissioner of Agriculture,,Lib,David Raudabaugh,17,9,0,0,8
Bibb,Hazzard 2,Commissioner of Agriculture,,Lib,David Raudabaugh,47,12,3,0,32
Bibb,Hazzard 3,Commissioner of Agriculture,,Lib,David Raudabaugh,43,18,1,0,24
Bibb,Hazzard 4,Commissioner of Agriculture,,Lib,David Raudabaugh,44,11,5,0,28
Bibb,Howard 1,Commissioner of Agriculture,,Lib,David Raudabaugh,39,14,0,0,25
Bibb,Howard 2,Commissioner of Agriculture,,Lib,David Raudabaugh,39,12,4,1,22
Bibb,Howard 3,Commissioner of Agriculture,,Lib,David Raudabaugh,56,20,4,0,32
Bibb,Howard 4,Commissioner of Agriculture,,Lib,David Raudabaugh,24,10,0,0,14
Bibb,Howard 5,Commissioner of Agriculture,,Lib,David Raudabaugh,27,13,3,0,11
Bibb,Howard 6,Commissioner of Agriculture,,Lib,David Raudabaugh,18,5,1,0,12
Bibb,Howard 7,Commissioner of Agriculture,,Lib,David Raudabaugh,56,17,6,0,33
Bibb,Rutland 1,Commissioner of Agriculture,,Lib,David Raudabaugh,43,20,1,0,22
Bibb,Rutland 2,Commissioner of Agriculture,,Lib,David Raudabaugh,35,11,3,0,21
Bibb,Vineville 1,Commissioner of Agriculture,,Lib,David Raudabaugh,47,18,1,0,28
Bibb,Vineville 2,Commissioner of Agriculture,,Lib,David Raudabaugh,26,9,1,0,16
Bibb,Vineville 3,Commissioner of Agriculture,,Lib,David Raudabaugh,22,10,2,0,10
Bibb,Vineville 4,Commissioner of Agriculture,,Lib,David Raudabaugh,32,11,1,0,20
Bibb,Vineville 5,Commissioner of Agriculture,,Lib,David Raudabaugh,38,15,2,0,21
Bibb,Vineville 6,Commissioner of Agriculture,,Lib,David Raudabaugh,44,18,1,0,25
Bibb,Warrior 1,Commissioner of Agriculture,,Lib,David Raudabaugh,18,4,0,0,14
Bibb,Warrior 2,Commissioner of Agriculture,,Lib,David Raudabaugh,22,10,2,0,10
Bibb,East Macon 1,Commissioner of Insurance,,Rep,John King ,22,12,3,0,7
Bibb,East Macon 2,Commissioner of Insurance,,Rep,John King ,103,52,14,0,37
Bibb,East Macon 3,Commissioner of Insurance,,Rep,John King ,502,240,41,1,220
Bibb,East Macon 4,Commissioner of Insurance,,Rep,John King ,64,27,3,0,34
Bibb,East Macon 5,Commissioner of Insurance,,Rep,John King ,275,108,16,0,151
Bibb,Godfrey 1,Commissioner of Insurance,,Rep,John King ,231,100,17,2,112
Bibb,Godfrey 2,Commissioner of Insurance,,Rep,John King ,63,24,8,0,31
Bibb,Godfrey 3,Commissioner of Insurance,,Rep,John King ,104,50,8,2,44
Bibb,Godfrey 4,Commissioner of Insurance,,Rep,John King ,77,41,7,0,29
Bibb,Godfrey 5,Commissioner of Insurance,,Rep,John King ,229,94,25,0,110
Bibb,Hazzard 1,Commissioner of Insurance,,Rep,John King ,155,75,17,0,63
Bibb,Hazzard 2,Commissioner of Insurance,,Rep,John King ,946,289,42,0,615
Bibb,Hazzard 3,Commissioner of Insurance,,Rep,John King ,957,482,64,1,410
Bibb,Hazzard 4,Commissioner of Insurance,,Rep,John King ,1908,828,89,5,986
Bibb,Howard 1,Commissioner of Insurance,,Rep,John King ,1611,807,125,1,678
Bibb,Howard 2,Commissioner of Insurance,,Rep,John King ,1605,743,113,5,744
Bibb,Howard 3,Commissioner of Insurance,,Rep,John King ,2003,944,106,3,950
Bibb,Howard 4,Commissioner of Insurance,,Rep,John King ,463,258,26,0,179
Bibb,Howard 5,Commissioner of Insurance,,Rep,John King ,417,158,29,0,230
Bibb,Howard 6,Commissioner of Insurance,,Rep,John King ,734,389,46,0,299
Bibb,Howard 7,Commissioner of Insurance,,Rep,John King ,1235,559,50,0,626
Bibb,Rutland 1,Commissioner of Insurance,,Rep,John King ,2049,721,98,1,1229
Bibb,Rutland 2,Commissioner of Insurance,,Rep,John King ,1273,375,55,0,843
Bibb,Vineville 1,Commissioner of Insurance,,Rep,John King ,565,225,26,0,314
Bibb,Vineville 2,Commissioner of Insurance,,Rep,John King ,244,97,10,1,136
Bibb,Vineville 3,Commissioner of Insurance,,Rep,John King ,110,68,12,0,30
Bibb,Vineville 4,Commissioner of Insurance,,Rep,John King ,229,108,17,0,104
Bibb,Vineville 5,Commissioner of Insurance,,Rep,John King ,786,360,55,0,371
Bibb,Vineville 6,Commissioner of Insurance,,Rep,John King ,850,382,23,0,445
Bibb,Warrior 1,Commissioner of Insurance,,Rep,John King ,1150,283,46,3,818
Bibb,Warrior 2,Commissioner of Insurance,,Rep,John King ,1330,467,49,0,814
Bibb,East Macon 1,Commissioner of Insurance,,Dem,Janice Laws Robinson,607,304,86,3,214
Bibb,East Macon 2,Commissioner of Insurance,,Dem,Janice Laws Robinson,1548,899,198,7,444
Bibb,East Macon 3,Commissioner of Insurance,,Dem,Janice Laws Robinson,1094,594,117,1,382
Bibb,East Macon 4,Commissioner of Insurance,,Dem,Janice Laws Robinson,945,432,131,0,382
Bibb,East Macon 5,Commissioner of Insurance,,Dem,Janice Laws Robinson,995,521,127,0,347
Bibb,Godfrey 1,Commissioner of Insurance,,Dem,Janice Laws Robinson,2048,1191,286,6,565
Bibb,Godfrey 2,Commissioner of Insurance,,Dem,Janice Laws Robinson,520,238,63,0,219
Bibb,Godfrey 3,Commissioner of Insurance,,Dem,Janice Laws Robinson,1030,609,97,4,320
Bibb,Godfrey 4,Commissioner of Insurance,,Dem,Janice Laws Robinson,549,262,81,0,206
Bibb,Godfrey 5,Commissioner of Insurance,,Dem,Janice Laws Robinson,1630,821,153,1,655
Bibb,Hazzard 1,Commissioner of Insurance,,Dem,Janice Laws Robinson,1161,612,112,2,435
Bibb,Hazzard 2,Commissioner of Insurance,,Dem,Janice Laws Robinson,1127,535,67,5,520
Bibb,Hazzard 3,Commissioner of Insurance,,Dem,Janice Laws Robinson,2454,1466,295,7,686
Bibb,Hazzard 4,Commissioner of Insurance,,Dem,Janice Laws Robinson,1264,740,86,3,435
Bibb,Howard 1,Commissioner of Insurance,,Dem,Janice Laws Robinson,634,355,73,1,205
Bibb,Howard 2,Commissioner of Insurance,,Dem,Janice Laws Robinson,682,380,77,4,221
Bibb,Howard 3,Commissioner of Insurance,,Dem,Janice Laws Robinson,1511,829,149,4,529
Bibb,Howard 4,Commissioner of Insurance,,Dem,Janice Laws Robinson,458,256,58,0,144
Bibb,Howard 5,Commissioner of Insurance,,Dem,Janice Laws Robinson,630,329,48,0,253
Bibb,Howard 6,Commissioner of Insurance,,Dem,Janice Laws Robinson,517,295,61,2,159
Bibb,Howard 7,Commissioner of Insurance,,Dem,Janice Laws Robinson,665,362,59,1,243
Bibb,Rutland 1,Commissioner of Insurance,,Dem,Janice Laws Robinson,1480,923,111,3,443
Bibb,Rutland 2,Commissioner of Insurance,,Dem,Janice Laws Robinson,714,399,57,1,257
Bibb,Vineville 1,Commissioner of Insurance,,Dem,Janice Laws Robinson,1013,542,124,1,346
Bibb,Vineville 2,Commissioner of Insurance,,Dem,Janice Laws Robinson,670,335,79,2,254
Bibb,Vineville 3,Commissioner of Insurance,,Dem,Janice Laws Robinson,1159,637,135,7,380
Bibb,Vineville 4,Commissioner of Insurance,,Dem,Janice Laws Robinson,1457,715,188,5,549
Bibb,Vineville 5,Commissioner of Insurance,,Dem,Janice Laws Robinson,614,349,39,1,225
Bibb,Vineville 6,Commissioner of Insurance,,Dem,Janice Laws Robinson,757,442,56,1,258
Bibb,Warrior 1,Commissioner of Insurance,,Dem,Janice Laws Robinson,548,303,48,0,197
Bibb,Warrior 2,Commissioner of Insurance,,Dem,Janice Laws Robinson,718,449,68,2,199
Bibb,East Macon 1,State School Superintendent,,Rep,Richard Woods ,22,12,3,0,7
Bibb,East Macon 2,State School Superintendent,,Rep,Richard Woods ,111,62,12,0,37
Bibb,East Macon 3,State School Superintendent,,Rep,Richard Woods ,504,248,40,0,216
Bibb,East Macon 4,State School Superintendent,,Rep,Richard Woods ,61,27,4,0,30
Bibb,East Macon 5,State School Superintendent,,Rep,Richard Woods ,288,119,16,0,153
Bibb,Godfrey 1,State School Superintendent,,Rep,Richard Woods ,236,105,22,3,106
Bibb,Godfrey 2,State School Superintendent,,Rep,Richard Woods ,61,24,7,0,30
Bibb,Godfrey 3,State School Superintendent,,Rep,Richard Woods ,104,55,8,2,39
Bibb,Godfrey 4,State School Superintendent,,Rep,Richard Woods ,79,41,7,0,31
Bibb,Godfrey 5,State School Superintendent,,Rep,Richard Woods ,219,94,22,0,103
Bibb,Hazzard 1,State School Superintendent,,Rep,Richard Woods ,154,72,16,0,66
Bibb,Hazzard 2,State School Superintendent,,Rep,Richard Woods ,964,300,42,0,622
Bibb,Hazzard 3,State School Superintendent,,Rep,Richard Woods ,976,492,71,1,412
Bibb,Hazzard 4,State School Superintendent,,Rep,Richard Woods ,1923,832,90,7,994
Bibb,Howard 1,State School Superintendent,,Rep,Richard Woods ,1606,799,131,1,675
Bibb,Howard 2,State School Superintendent,,Rep,Richard Woods ,1624,753,124,3,744
Bibb,Howard 3,State School Superintendent,,Rep,Richard Woods ,2037,963,108,4,962
Bibb,Howard 4,State School Superintendent,,Rep,Richard Woods ,473,265,27,0,181
Bibb,Howard 5,State School Superintendent,,Rep,Richard Woods ,419,161,30,0,228
Bibb,Howard 6,State School Superintendent,,Rep,Richard Woods ,750,397,50,0,303
Bibb,Howard 7,State School Superintendent,,Rep,Richard Woods ,1253,560,54,1,638
Bibb,Rutland 1,State School Superintendent,,Rep,Richard Woods ,2048,718,100,1,1229
Bibb,Rutland 2,State School Superintendent,,Rep,Richard Woods ,1282,375,55,0,852
Bibb,Vineville 1,State School Superintendent,,Rep,Richard Woods ,564,230,23,0,311
Bibb,Vineville 2,State School Superintendent,,Rep,Richard Woods ,251,102,11,1,137
Bibb,Vineville 3,State School Superintendent,,Rep,Richard Woods ,110,67,12,0,31
Bibb,Vineville 4,State School Superintendent,,Rep,Richard Woods ,243,112,18,0,113
Bibb,Vineville 5,State School Superintendent,,Rep,Richard Woods ,803,371,55,0,377
Bibb,Vineville 6,State School Superintendent,,Rep,Richard Woods ,862,385,25,0,452
Bibb,Warrior 1,State School Superintendent,,Rep,Richard Woods ,1149,281,45,3,820
Bibb,Warrior 2,State School Superintendent,,Rep,Richard Woods ,1333,468,49,0,816
Bibb,East Macon 1,State School Superintendent,,Dem,Alisha Thomas Searcy,608,306,85,3,214
Bibb,East Macon 2,State School Superintendent,,Dem,Alisha Thomas Searcy,1543,890,200,6,447
Bibb,East Macon 3,State School Superintendent,,Dem,Alisha Thomas Searcy,1095,587,118,2,388
Bibb,East Macon 4,State School Superintendent,,Dem,Alisha Thomas Searcy,952,434,131,0,387
Bibb,East Macon 5,State School Superintendent,,Dem,Alisha Thomas Searcy,984,509,126,0,349
Bibb,Godfrey 1,State School Superintendent,,Dem,Alisha Thomas Searcy,2053,1192,283,5,573
Bibb,Godfrey 2,State School Superintendent,,Dem,Alisha Thomas Searcy,522,239,64,0,219
Bibb,Godfrey 3,State School Superintendent,,Dem,Alisha Thomas Searcy,1030,605,97,4,324
Bibb,Godfrey 4,State School Superintendent,,Dem,Alisha Thomas Searcy,548,264,82,0,202
Bibb,Godfrey 5,State School Superintendent,,Dem,Alisha Thomas Searcy,1649,825,155,1,668
Bibb,Hazzard 1,State School Superintendent,,Dem,Alisha Thomas Searcy,1169,615,113,2,439
Bibb,Hazzard 2,State School Superintendent,,Dem,Alisha Thomas Searcy,1118,528,67,5,518
Bibb,Hazzard 3,State School Superintendent,,Dem,Alisha Thomas Searcy,2437,1459,291,7,680
Bibb,Hazzard 4,State School Superintendent,,Dem,Alisha Thomas Searcy,1251,741,84,1,425
Bibb,Howard 1,State School Superintendent,,Dem,Alisha Thomas Searcy,642,362,72,1,207
Bibb,Howard 2,State School Superintendent,,Dem,Alisha Thomas Searcy,668,368,69,6,225
Bibb,Howard 3,State School Superintendent,,Dem,Alisha Thomas Searcy,1480,812,145,3,520
Bibb,Howard 4,State School Superintendent,,Dem,Alisha Thomas Searcy,450,251,56,0,143
Bibb,Howard 5,State School Superintendent,,Dem,Alisha Thomas Searcy,636,331,48,0,257
Bibb,Howard 6,State School Superintendent,,Dem,Alisha Thomas Searcy,504,287,59,2,156
Bibb,Howard 7,State School Superintendent,,Dem,Alisha Thomas Searcy,658,364,56,0,238
Bibb,Rutland 1,State School Superintendent,,Dem,Alisha Thomas Searcy,1476,921,109,3,443
Bibb,Rutland 2,State School Superintendent,,Dem,Alisha Thomas Searcy,717,404,57,1,255
Bibb,Vineville 1,State School Superintendent,,Dem,Alisha Thomas Searcy,1023,541,126,1,355
Bibb,Vineville 2,State School Superintendent,,Dem,Alisha Thomas Searcy,666,330,79,2,255
Bibb,Vineville 3,State School Superintendent,,Dem,Alisha Thomas Searcy,1166,639,135,7,385
Bibb,Vineville 4,State School Superintendent,,Dem,Alisha Thomas Searcy,1447,714,188,5,540
Bibb,Vineville 5,State School Superintendent,,Dem,Alisha Thomas Searcy,601,340,39,1,221
Bibb,Vineville 6,State School Superintendent,,Dem,Alisha Thomas Searcy,754,440,56,1,257
Bibb,Warrior 1,State School Superintendent,,Dem,Alisha Thomas Searcy,547,302,49,0,196
Bibb,Warrior 2,State School Superintendent,,Dem,Alisha Thomas Searcy,722,452,68,2,200
Bibb,East Macon 1,Commissioner of Labor,,Rep,Bruce Thompson,16,8,2,0,6
Bibb,East Macon 2,Commissioner of Labor,,Rep,Bruce Thompson,100,51,11,1,37
Bibb,East Macon 3,Commissioner of Labor,,Rep,Bruce Thompson,471,230,35,0,206
Bibb,East Macon 4,Commissioner of Labor,,Rep,Bruce Thompson,60,24,3,0,33
Bibb,East Macon 5,Commissioner of Labor,,Rep,Bruce Thompson,269,110,16,0,143
Bibb,Godfrey 1,Commissioner of Labor,,Rep,Bruce Thompson,210,90,13,2,105
Bibb,Godfrey 2,Commissioner of Labor,,Rep,Bruce Thompson,58,22,7,0,29
Bibb,Godfrey 3,Commissioner of Labor,,Rep,Bruce Thompson,101,54,8,2,37
Bibb,Godfrey 4,Commissioner of Labor,,Rep,Bruce Thompson,79,41,8,0,30
Bibb,Godfrey 5,Commissioner of Labor,,Rep,Bruce Thompson,212,88,22,0,102
Bibb,Hazzard 1,Commissioner of Labor,,Rep,Bruce Thompson,141,61,14,0,66
Bibb,Hazzard 2,Commissioner of Labor,,Rep,Bruce Thompson,927,284,42,0,601
Bibb,Hazzard 3,Commissioner of Labor,,Rep,Bruce Thompson,915,461,59,1,394
Bibb,Hazzard 4,Commissioner of Labor,,Rep,Bruce Thompson,1859,812,84,5,958
Bibb,Howard 1,Commissioner of Labor,,Rep,Bruce Thompson,1562,784,115,1,662
Bibb,Howard 2,Commissioner of Labor,,Rep,Bruce Thompson,1558,728,106,3,721
Bibb,Howard 3,Commissioner of Labor,,Rep,Bruce Thompson,1917,912,102,2,901
Bibb,Howard 4,Commissioner of Labor,,Rep,Bruce Thompson,450,255,26,0,169
Bibb,Howard 5,Commissioner of Labor,,Rep,Bruce Thompson,390,151,24,0,215
Bibb,Howard 6,Commissioner of Labor,,Rep,Bruce Thompson,705,381,42,0,282
Bibb,Howard 7,Commissioner of Labor,,Rep,Bruce Thompson,1185,543,47,0,595
Bibb,Rutland 1,Commissioner of Labor,,Rep,Bruce Thompson,2017,712,94,1,1210
Bibb,Rutland 2,Commissioner of Labor,,Rep,Bruce Thompson,1253,366,53,0,834
Bibb,Vineville 1,Commissioner of Labor,,Rep,Bruce Thompson,525,214,26,0,285
Bibb,Vineville 2,Commissioner of Labor,,Rep,Bruce Thompson,227,93,8,1,125
Bibb,Vineville 3,Commissioner of Labor,,Rep,Bruce Thompson,107,63,13,0,31
Bibb,Vineville 4,Commissioner of Labor,,Rep,Bruce Thompson,225,108,17,0,100
Bibb,Vineville 5,Commissioner of Labor,,Rep,Bruce Thompson,753,347,54,0,352
Bibb,Vineville 6,Commissioner of Labor,,Rep,Bruce Thompson,790,356,18,0,416
Bibb,Warrior 1,Commissioner of Labor,,Rep,Bruce Thompson,1121,273,44,2,802
Bibb,Warrior 2,Commissioner of Labor,,Rep,Bruce Thompson,1301,455,47,0,799
Bibb,East Macon 1,Commissioner of Labor,,Dem,"William """"Will"""" Boddie, Jr",600,305,85,3,207
Bibb,East Macon 2,Commissioner of Labor,,Dem,"William """"Will"""" Boddie, Jr",1540,893,202,6,439
Bibb,East Macon 3,Commissioner of Labor,,Dem,"William """"Will"""" Boddie, Jr",1081,590,115,1,375
Bibb,East Macon 4,Commissioner of Labor,,Dem,"William """"Will"""" Boddie, Jr",934,422,132,0,380
Bibb,East Macon 5,Commissioner of Labor,,Dem,"William """"Will"""" Boddie, Jr",977,506,126,0,345
Bibb,Godfrey 1,Commissioner of Labor,,Dem,"William """"Will"""" Boddie, Jr",2020,1180,284,5,551
Bibb,Godfrey 2,Commissioner of Labor,,Dem,"William """"Will"""" Boddie, Jr",506,234,60,0,212
Bibb,Godfrey 3,Commissioner of Labor,,Dem,"William """"Will"""" Boddie, Jr",1012,594,95,4,319
Bibb,Godfrey 4,Commissioner of Labor,,Dem,"William """"Will"""" Boddie, Jr",529,254,81,0,194
Bibb,Godfrey 5,Commissioner of Labor,,Dem,"William """"Will"""" Boddie, Jr",1617,815,153,1,648
Bibb,Hazzard 1,Commissioner of Labor,,Dem,"William """"Will"""" Boddie, Jr",1152,610,113,2,427
Bibb,Hazzard 2,Commissioner of Labor,,Dem,"William """"Will"""" Boddie, Jr",1098,528,65,4,501
Bibb,Hazzard 3,Commissioner of Labor,,Dem,"William """"Will"""" Boddie, Jr",2420,1445,299,7,669
Bibb,Hazzard 4,Commissioner of Labor,,Dem,"William """"Will"""" Boddie, Jr",1263,744,87,3,429
Bibb,Howard 1,Commissioner of Labor,,Dem,"William """"Will"""" Boddie, Jr",644,365,77,1,201
Bibb,Howard 2,Commissioner of Labor,,Dem,"William """"Will"""" Boddie, Jr",695,386,82,6,221
Bibb,Howard 3,Commissioner of Labor,,Dem,"William """"Will"""" Boddie, Jr",1512,833,146,5,528
Bibb,Howard 4,Commissioner of Labor,,Dem,"William """"Will"""" Boddie, Jr",446,251,58,0,137
Bibb,Howard 5,Commissioner of Labor,,Dem,"William """"Will"""" Boddie, Jr",624,324,52,0,248
Bibb,Howard 6,Commissioner of Labor,,Dem,"William """"Will"""" Boddie, Jr",522,295,61,2,164
Bibb,Howard 7,Commissioner of Labor,,Dem,"William """"Will"""" Boddie, Jr",667,367,59,1,240
Bibb,Rutland 1,Commissioner of Labor,,Dem,"William """"Will"""" Boddie, Jr",1461,912,112,3,434
Bibb,Rutland 2,Commissioner of Labor,,Dem,"William """"Will"""" Boddie, Jr",705,401,55,1,248
Bibb,Vineville 1,Commissioner of Labor,,Dem,"William """"Will"""" Boddie, Jr",1003,534,119,1,349
Bibb,Vineville 2,Commissioner of Labor,,Dem,"William """"Will"""" Boddie, Jr",661,330,80,2,249
Bibb,Vineville 3,Commissioner of Labor,,Dem,"William """"Will"""" Boddie, Jr",1133,624,135,7,367
Bibb,Vineville 4,Commissioner of Labor,,Dem,"William """"Will"""" Boddie, Jr",1427,706,188,5,528
Bibb,Vineville 5,Commissioner of Labor,,Dem,"William """"Will"""" Boddie, Jr",611,352,36,1,222
Bibb,Vineville 6,Commissioner of Labor,,Dem,"William """"Will"""" Boddie, Jr",759,446,55,1,257
Bibb,Warrior 1,Commissioner of Labor,,Dem,"William """"Will"""" Boddie, Jr",546,308,50,1,187
Bibb,Warrior 2,Commissioner of Labor,,Dem,"William """"Will"""" Boddie, Jr",714,444,70,2,198
Bibb,East Macon 1,Commissioner of Labor,,Lib,Emily Anderson,15,5,2,0,8
Bibb,East Macon 2,Commissioner of Labor,,Lib,Emily Anderson,16,9,0,0,7
Bibb,East Macon 3,Commissioner of Labor,,Lib,Emily Anderson,38,14,3,1,20
Bibb,East Macon 4,Commissioner of Labor,,Lib,Emily Anderson,15,9,0,0,6
Bibb,East Macon 5,Commissioner of Labor,,Lib,Emily Anderson,21,7,1,0,13
Bibb,Godfrey 1,Commissioner of Labor,,Lib,Emily Anderson,49,23,7,1,18
Bibb,Godfrey 2,Commissioner of Labor,,Lib,Emily Anderson,19,7,3,0,9
Bibb,Godfrey 3,Commissioner of Labor,,Lib,Emily Anderson,22,12,1,0,9
Bibb,Godfrey 4,Commissioner of Labor,,Lib,Emily Anderson,15,7,0,0,8
Bibb,Godfrey 5,Commissioner of Labor,,Lib,Emily Anderson,33,16,1,0,16
Bibb,Hazzard 1,Commissioner of Labor,,Lib,Emily Anderson,28,16,2,0,10
Bibb,Hazzard 2,Commissioner of Labor,,Lib,Emily Anderson,48,12,0,1,35
Bibb,Hazzard 3,Commissioner of Labor,,Lib,Emily Anderson,75,39,4,0,32
Bibb,Hazzard 4,Commissioner of Labor,,Lib,Emily Anderson,47,16,3,0,28
Bibb,Howard 1,Commissioner of Labor,,Lib,Emily Anderson,34,13,2,0,19
Bibb,Howard 2,Commissioner of Labor,,Lib,Emily Anderson,38,10,4,0,24
Bibb,Howard 3,Commissioner of Labor,,Lib,Emily Anderson,80,25,7,0,48
Bibb,Howard 4,Commissioner of Labor,,Lib,Emily Anderson,25,9,0,0,16
Bibb,Howard 5,Commissioner of Labor,,Lib,Emily Anderson,33,11,1,0,21
Bibb,Howard 6,Commissioner of Labor,,Lib,Emily Anderson,25,11,2,0,12
Bibb,Howard 7,Commissioner of Labor,,Lib,Emily Anderson,48,11,4,0,33
Bibb,Rutland 1,Commissioner of Labor,,Lib,Emily Anderson,46,13,2,0,31
Bibb,Rutland 2,Commissioner of Labor,,Lib,Emily Anderson,36,13,4,0,19
Bibb,Vineville 1,Commissioner of Labor,,Lib,Emily Anderson,58,22,4,0,32
Bibb,Vineville 2,Commissioner of Labor,,Lib,Emily Anderson,23,8,1,0,14
Bibb,Vineville 3,Commissioner of Labor,,Lib,Emily Anderson,34,18,1,0,15
Bibb,Vineville 4,Commissioner of Labor,,Lib,Emily Anderson,31,7,2,0,22
Bibb,Vineville 5,Commissioner of Labor,,Lib,Emily Anderson,35,12,1,0,22
Bibb,Vineville 6,Commissioner of Labor,,Lib,Emily Anderson,48,18,6,0,24
Bibb,Warrior 1,Commissioner of Labor,,Lib,Emily Anderson,28,5,0,0,23
Bibb,Warrior 2,Commissioner of Labor,,Lib,Emily Anderson,30,16,0,0,14
Bibb,East Macon 1,U.S. House,,Rep,Chris West,16,8,3,0,5
Bibb,East Macon 2,U.S. House,,Rep,Chris West,82,41,8,0,33
Bibb,East Macon 3,U.S. House,,Rep,Chris West,426,206,29,0,191
Bibb,East Macon 4,U.S. House,,Rep,Chris West,49,23,2,0,24
Bibb,East Macon 5,U.S. House,,Rep,Chris West,254,106,13,0,135
Bibb,Godfrey 1,U.S. House,,Rep,Chris West,200,82,16,1,101
Bibb,Godfrey 2,U.S. House,,Rep,Chris West,54,22,6,0,26
Bibb,Godfrey 3,U.S. House,,Rep,Chris West,96,55,7,1,33
Bibb,Godfrey 4,U.S. House,,Rep,Chris West,72,35,6,0,31
Bibb,Godfrey 5,U.S. House,,Rep,Chris West,187,81,20,0,86
Bibb,Hazzard 1,U.S. House,,Rep,Chris West,133,62,15,0,56
Bibb,Hazzard 3,U.S. House,,Rep,Chris West,875,450,49,1,375
Bibb,Rutland 1,U.S. House,,Rep,Chris West,1951,686,84,0,1181
Bibb,Rutland 2,U.S. House,,Rep,Chris West,1219,363,48,0,808
Bibb,Vineville 1,U.S. House,,Rep,Chris West,501,206,20,0,275
Bibb,Vineville 2,U.S. House,,Rep,Chris West,209,89,8,1,111
Bibb,Vineville 3,U.S. House,,Rep,Chris West,109,66,11,0,32
Bibb,Vineville 4,U.S. House,,Rep,Chris West,192,93,12,0,87
Bibb,Vineville 6,U.S. House,,Rep,Chris West,305,142,11,0,152
Bibb,Warrior 1,U.S. House,,Rep,Chris West,1076,257,38,2,779
Bibb,Warrior 2,U.S. House,,Rep,Chris West,1259,428,43,0,788
Bibb,East Macon 1,U.S. House,,Dem,Sanford Bishop ,623,311,86,3,223
Bibb,East Macon 2,U.S. House,,Dem,Sanford Bishop ,1577,916,206,5,450
Bibb,East Macon 3,U.S. House,,Dem,Sanford Bishop ,1178,634,129,1,414
Bibb,East Macon 4,U.S. House,,Dem,Sanford Bishop ,968,442,131,0,395
Bibb,East Macon 5,U.S. House,,Dem,Sanford Bishop ,1017,523,129,0,365
Bibb,Godfrey 1,U.S. House,,Dem,Sanford Bishop ,2073,1210,284,4,575
Bibb,Godfrey 2,U.S. House,,Dem,Sanford Bishop ,532,242,65,0,225
Bibb,Godfrey 3,U.S. House,,Dem,Sanford Bishop ,1040,608,100,2,330
Bibb,Godfrey 4,U.S. House,,Dem,Sanford Bishop ,551,265,81,0,205
Bibb,Godfrey 5,U.S. House,,Dem,Sanford Bishop ,1682,842,159,1,680
Bibb,Hazzard 1,U.S. House,,Dem,Sanford Bishop ,1193,630,113,2,448
Bibb,Hazzard 3,U.S. House,,Dem,Sanford Bishop ,2545,1505,313,6,721
Bibb,Rutland 1,U.S. House,,Dem,Sanford Bishop ,1596,963,124,4,505
Bibb,Rutland 2,U.S. House,,Dem,Sanford Bishop ,778,415,62,1,300
Bibb,Vineville 1,U.S. House,,Dem,Sanford Bishop ,1095,566,133,1,395
Bibb,Vineville 2,U.S. House,,Dem,Sanford Bishop ,711,340,83,2,286
Bibb,Vineville 3,U.S. House,,Dem,Sanford Bishop ,1171,638,140,7,386
Bibb,Vineville 4,U.S. House,,Dem,Sanford Bishop ,1500,733,197,3,567
Bibb,Vineville 6,U.S. House,,Dem,Sanford Bishop ,433,233,38,1,161
Bibb,Warrior 1,U.S. House,,Dem,Sanford Bishop ,623,333,56,0,234
Bibb,Warrior 2,U.S. House,,Dem,Sanford Bishop ,794,491,73,2,228
Bibb,Hazzard 2,U.S. House,,Rep,Austin Scott ,947,286,41,0,620
Bibb,Hazzard 4,U.S. House,,Rep,Austin Scott ,1904,825,85,4,990
Bibb,Howard 1,U.S. House,,Rep,Austin Scott ,1610,802,120,1,687
Bibb,Howard 2,U.S. House,,Rep,Austin Scott ,1600,739,113,1,747
Bibb,Howard 3,U.S. House,,Rep,Austin Scott ,1980,935,109,0,936
Bibb,Howard 4,U.S. House,,Rep,Austin Scott ,472,262,28,0,182
Bibb,Howard 5,U.S. House,,Rep,Austin Scott ,413,153,28,0,232
Bibb,Howard 6,U.S. House,,Rep,Austin Scott ,733,389,46,0,298
Bibb,Howard 7,U.S. House,,Rep,Austin Scott ,1232,555,48,0,629
Bibb,Vineville 5,U.S. House,,Rep,Austin Scott ,779,355,55,0,369
Bibb,Vineville 6,U.S. House,,Rep,Austin Scott ,486,206,8,0,272
Bibb,Hazzard 2,U.S. House,,Dem,Darrius Butler,1128,538,69,0,521
Bibb,Hazzard 4,U.S. House,,Dem,Darrius Butler,1269,749,88,1,431
Bibb,Howard 1,U.S. House,,Dem,Darrius Butler,651,366,85,0,200
Bibb,Howard 2,U.S. House,,Dem,Darrius Butler,695,386,83,2,224
Bibb,Howard 3,U.S. House,,Dem,Darrius Butler,1540,845,147,3,545
Bibb,Howard 4,U.S. House,,Dem,Darrius Butler,449,251,57,0,141
Bibb,Howard 5,U.S. House,,Dem,Darrius Butler,641,337,49,0,255
Bibb,Howard 6,U.S. House,,Dem,Darrius Butler,522,296,65,1,160
Bibb,Howard 7,U.S. House,,Dem,Darrius Butler,682,374,63,0,245
Bibb,Vineville 5,U.S. House,,Dem,Darrius Butler,630,356,39,0,235
Bibb,Vineville 6,U.S. House,,Dem,Darrius Butler,382,242,20,0,120
Bibb,Hazzard 2,State Senate,,Rep,John F. Kennedy ,966,296,40,0,630
Bibb,Hazzard 4,State Senate,,Rep,John F. Kennedy ,1910,832,83,3,992
Bibb,Howard 1,State Senate,,Rep,John F. Kennedy ,1583,793,122,0,668
Bibb,Howard 2,State Senate,,Rep,John F. Kennedy ,1610,752,113,2,743
Bibb,Howard 3,State Senate,,Rep,John F. Kennedy ,1996,941,109,1,945
Bibb,Howard 5,State Senate,,Rep,John F. Kennedy ,56,19,7,0,30
Bibb,Howard 7,State Senate,,Rep,John F. Kennedy ,1241,567,49,0,625
Bibb,Rutland 1,State Senate,,Rep,John F. Kennedy ,2078,736,97,1,1244
Bibb,Warrior 1,State Senate,,Rep,John F. Kennedy ,1153,281,47,1,824
Bibb,Warrior 2,State Senate,,Rep,John F. Kennedy ,1337,475,48,0,814
Bibb,Hazzard 2,State Senate,,Dem,Chris Benton,1107,528,68,0,511
Bibb,Hazzard 4,State Senate,,Dem,Chris Benton,1257,741,91,0,425
Bibb,Howard 1,State Senate,,Dem,Chris Benton,652,364,77,0,211
Bibb,Howard 2,State Senate,,Dem,Chris Benton,682,376,82,1,223
Bibb,Howard 3,State Senate,,Dem,Chris Benton,1511,837,140,1,533
Bibb,Howard 5,State Senate,,Dem,Chris Benton,259,145,29,0,85
Bibb,Howard 7,State Senate,,Dem,Chris Benton,665,358,61,0,246
Bibb,Rutland 1,State Senate,,Dem,Chris Benton,1444,898,109,3,434
Bibb,Warrior 1,State Senate,,Dem,Chris Benton,540,304,47,0,189
Bibb,Warrior 2,State Senate,,Dem,Chris Benton,711,444,68,0,199
Bibb,East Macon 3,State Senate,,Rep,"Ricky """"Rick"""" Williams",465,225,31,0,209
Bibb,Howard 1,State Senate,,Rep,"Ricky """"Rick"""" Williams",8,3,0,0,5
Bibb,Howard 4,State Senate,,Rep,"Ricky """"Rick"""" Williams",454,252,26,0,176
Bibb,Howard 5,State Senate,,Rep,"Ricky """"Rick"""" Williams",347,136,19,0,192
Bibb,Howard 6,State Senate,,Rep,"Ricky """"Rick"""" Williams",702,379,42,0,281
Bibb,Vineville 5,State Senate,,Rep,"Ricky """"Rick"""" Williams",748,344,44,0,360
Bibb,East Macon 3,State Senate,,Dem,Valerie Rodgers,1127,609,125,0,393
Bibb,Howard 1,State Senate,,Dem,Valerie Rodgers,1,1,0,0,0
Bibb,Howard 4,State Senate,,Dem,Valerie Rodgers,467,262,58,0,147
Bibb,Howard 5,State Senate,,Dem,Valerie Rodgers,388,189,21,0,178
Bibb,Howard 6,State Senate,,Dem,Valerie Rodgers,545,307,63,1,174
Bibb,Vineville 5,State Senate,,Dem,Valerie Rodgers,643,363,44,0,236
Bibb,East Macon 1,State Senate,,Dem,"David E. Lucas, Sr. ",613,311,82,2,218
Bibb,East Macon 2,State Senate,,Dem,"David E. Lucas, Sr. ",1582,916,200,1,465
Bibb,East Macon 4,State Senate,,Dem,"David E. Lucas, Sr. ",971,449,129,0,393
Bibb,East Macon 5,State Senate,,Dem,"David E. Lucas, Sr. ",1107,554,129,0,424
Bibb,Godfrey 1,State Senate,,Dem,"David E. Lucas, Sr. ",2124,1226,283,5,610
Bibb,Godfrey 2,State Senate,,Dem,"David E. Lucas, Sr. ",558,255,66,0,237
Bibb,Godfrey 3,State Senate,,Dem,"David E. Lucas, Sr. ",1082,638,101,1,342
Bibb,Godfrey 4,State Senate,,Dem,"David E. Lucas, Sr. ",572,276,79,0,217
Bibb,Godfrey 5,State Senate,,Dem,"David E. Lucas, Sr. ",1747,874,156,1,716
Bibb,Hazzard 1,State Senate,,Dem,"David E. Lucas, Sr. ",1238,652,116,2,468
Bibb,Hazzard 3,State Senate,,Dem,"David E. Lucas, Sr. ",2788,1618,304,5,861
Bibb,Rutland 2,State Senate,,Dem,"David E. Lucas, Sr. ",1237,546,67,0,624
Bibb,Vineville 1,State Senate,,Dem,"David E. Lucas, Sr. ",1231,618,128,0,485
Bibb,Vineville 2,State Senate,,Dem,"David E. Lucas, Sr. ",774,375,81,1,317
Bibb,Vineville 3,State Senate,,Dem,"David E. Lucas, Sr. ",1189,656,131,5,397
Bibb,Vineville 4,State Senate,,Dem,"David E. Lucas, Sr. ",1563,767,193,3,600
Bibb,Vineville 6,State Senate,,Dem,"David E. Lucas, Sr. ",1118,600,55,1,462
Bibb,Godfrey 3,State House,,Dem,Miriam Paris ,1069,628,99,0,342
Bibb,Godfrey 5,State House,,Dem,Miriam Paris ,1731,856,159,1,715
Bibb,Hazzard 1,State House,,Dem,Miriam Paris ,1231,647,118,0,466
Bibb,Hazzard 3,State House,,Dem,Miriam Paris ,2811,1633,318,2,858
Bibb,Howard 1,State House,,Dem,Miriam Paris ,1470,791,138,1,540
Bibb,Howard 4,State House,,Dem,Miriam Paris ,690,385,68,0,237
Bibb,Howard 6,State House,,Dem,Miriam Paris ,868,485,78,0,305
Bibb,Vineville 3,State House,,Dem,Miriam Paris ,1185,651,138,4,392
Bibb,Vineville 4,State House,,Dem,Miriam Paris ,1534,745,192,2,595
Bibb,Vineville 5,State House,,Dem,Miriam Paris ,988,520,56,0,412
Bibb,Vineville 6,State House,,Dem,Miriam Paris ,1159,616,58,0,485
Bibb,Warrior 2,State House,,Dem,Miriam Paris ,984,507,70,1,406
Bibb,East Macon 1,State House,,Dem,James Beverly ,625,314,86,2,223
Bibb,East Macon 2,State House,,Dem,James Beverly ,1589,916,207,3,463
Bibb,East Macon 3,State House,,Dem,James Beverly ,1323,708,131,1,483
Bibb,East Macon 4,State House,,Dem,James Beverly ,968,447,128,0,393
Bibb,East Macon 5,State House,,Dem,James Beverly ,1099,548,131,0,420
Bibb,Godfrey 1,State House,,Dem,James Beverly ,2141,1233,289,5,614
Bibb,Godfrey 2,State House,,Dem,James Beverly ,554,251,70,0,233
Bibb,Godfrey 4,State House,,Dem,James Beverly ,576,276,82,0,218
Bibb,Rutland 1,State House,,Dem,James Beverly ,2371,1233,142,3,993
Bibb,Rutland 2,State House,,Dem,James Beverly ,1240,534,73,0,633
Bibb,Vineville 1,State House,,Dem,James Beverly ,1265,634,132,0,499
Bibb,Vineville 2,State House,,Dem,James Beverly ,780,377,83,2,318
Bibb,Hazzard 2,State House,,Rep,Dale Washburn ,946,291,42,0,613
Bibb,Hazzard 4,State House,,Rep,Dale Washburn ,1913,831,85,3,994
Bibb,Howard 2,State House,,Rep,Dale Washburn ,1622,754,112,1,755
Bibb,Howard 3,State House,,Rep,Dale Washburn ,1998,941,111,2,944
Bibb,Howard 5,State House,,Rep,Dale Washburn ,420,159,32,0,229
Bibb,Howard 7,State House,,Rep,Dale Washburn ,1252,563,51,0,638
Bibb,Hazzard 2,State House,,Dem,Nettie B. Conner,1120,532,65,0,523
Bibb,Hazzard 4,State House,,Dem,Nettie B. Conner,1259,742,87,2,428
Bibb,Howard 2,State House,,Dem,Nettie B. Conner,670,374,81,2,213
Bibb,Howard 3,State House,,Dem,Nettie B. Conner,1518,839,140,1,538
Bibb,Howard 5,State House,,Dem,Nettie B. Conner,637,332,46,0,259
Bibb,Howard 7,State House,,Dem,Nettie B. Conner,656,361,60,0,235
Bibb,Warrior 1,State House,,Rep,Robert Dickey ,1381,416,56,0,909
Bibb,Warrior 2,State House,,Rep,Robert Dickey ,387,142,9,0,236
Bibb,East Macon 3,Special Macon Water Authority,,,Desmond D. Brown,517,279,51,0,187
Bibb,Godfrey 1,Special Macon Water Authority,,,Desmond D. Brown,467,267,67,0,133
Bibb,Godfrey 3,Special Macon Water Authority,,,Desmond D. Brown,408,259,27,0,122
Bibb,Godfrey 5,Special Macon Water Authority,,,Desmond D. Brown,487,269,44,0,174
Bibb,Hazzard 1,Special Macon Water Authority,,,Desmond D. Brown,305,156,27,0,122
Bibb,Vineville 1,Special Macon Water Authority,,,Desmond D. Brown,283,132,21,0,130
Bibb,Vineville 2,Special Macon Water Authority,,,Desmond D. Brown,288,131,31,0,126
Bibb,Vineville 3,Special Macon Water Authority,,,Desmond D. Brown,643,374,59,0,210
Bibb,Vineville 4,Special Macon Water Authority,,,Desmond D. Brown,819,419,92,0,308
Bibb,Vineville 5,Special Macon Water Authority,,,Desmond D. Brown,172,87,3,0,82
Bibb,Vineville 6,Special Macon Water Authority,,,Desmond D. Brown,305,158,14,0,133
Bibb,East Macon 3,Special Macon Water Authority,,,Lindsay D. Holliday,390,214,56,0,120
Bibb,Godfrey 1,Special Macon Water Authority,,,Lindsay D. Holliday,94,54,15,1,24
Bibb,Godfrey 3,Special Macon Water Authority,,,Lindsay D. Holliday,104,64,8,0,32
Bibb,Godfrey 5,Special Macon Water Authority,,,Lindsay D. Holliday,134,77,11,0,46
Bibb,Hazzard 1,Special Macon Water Authority,,,Lindsay D. Holliday,71,38,13,0,20
Bibb,Vineville 1,Special Macon Water Authority,,,Lindsay D. Holliday,268,133,25,0,110
Bibb,Vineville 2,Special Macon Water Authority,,,Lindsay D. Holliday,193,90,20,0,83
Bibb,Vineville 3,Special Macon Water Authority,,,Lindsay D. Holliday,178,104,22,2,50
Bibb,Vineville 4,Special Macon Water Authority,,,Lindsay D. Holliday,217,112,32,0,73
Bibb,Vineville 5,Special Macon Water Authority,,,Lindsay D. Holliday,266,150,16,0,100
Bibb,Vineville 6,Special Macon Water Authority,,,Lindsay D. Holliday,501,264,36,0,201
Bibb,East Macon 3,Special Macon Water Authority,,,Jeff Howell,183,92,7,0,84
Bibb,Godfrey 1,Special Macon Water Authority,,,Jeff Howell,30,17,5,0,8
Bibb,Godfrey 3,Special Macon Water Authority,,,Jeff Howell,37,24,4,0,9
Bibb,Godfrey 5,Special Macon Water Authority,,,Jeff Howell,52,24,3,0,25
Bibb,Hazzard 1,Special Macon Water Authority,,,Jeff Howell,43,28,3,0,12
Bibb,Vineville 1,Special Macon Water Authority,,,Jeff Howell,201,87,3,0,111
Bibb,Vineville 2,Special Macon Water Authority,,,Jeff Howell,162,71,5,0,86
Bibb,Vineville 3,Special Macon Water Authority,,,Jeff Howell,73,47,9,0,17
Bibb,Vineville 4,Special Macon Water Authority,,,Jeff Howell,125,54,16,0,55
Bibb,Vineville 5,Special Macon Water Authority,,,Jeff Howell,163,74,12,0,77
Bibb,Vineville 6,Special Macon Water Authority,,,Jeff Howell,356,180,5,0,171
Bibb,East Macon 3,Special Macon Water Authority,,,Michele Parks,177,93,20,0,64
Bibb,Godfrey 1,Special Macon Water Authority,,,Michele Parks,87,52,15,0,20
Bibb,Godfrey 3,Special Macon Water Authority,,,Michele Parks,110,67,14,0,29
Bibb,Godfrey 5,Special Macon Water Authority,,,Michele Parks,132,71,21,0,40
Bibb,Hazzard 1,Special Macon Water Authority,,,Michele Parks,95,41,18,0,36
Bibb,Vineville 1,Special Macon Water Authority,,,Michele Parks,107,59,8,0,40
Bibb,Vineville 2,Special Macon Water Authority,,,Michele Parks,124,70,19,0,35
Bibb,Vineville 3,Special Macon Water Authority,,,Michele Parks,131,63,22,1,45
Bibb,Vineville 4,Special Macon Water Authority,,,Michele Parks,164,85,25,0,54
Bibb,Vineville 5,Special Macon Water Authority,,,Michele Parks,83,48,5,0,30
Bibb,Vineville 6,Special Macon Water Authority,,,Michele Parks,151,84,6,0,61
Bibb,East Macon 3,Special Macon Water Authority,,,Marshall Talley,197,79,19,0,99
Bibb,Godfrey 1,Special Macon Water Authority,,,Marshall Talley,138,64,27,0,47
Bibb,Godfrey 3,Special Macon Water Authority,,,Marshall Talley,103,44,10,0,49
Bibb,Godfrey 5,Special Macon Water Authority,,,Marshall Talley,181,82,12,0,87
Bibb,Hazzard 1,Special Macon Water Authority,,,Marshall Talley,92,36,10,0,46
Bibb,Vineville 1,Special Macon Water Authority,,,Marshall Talley,87,35,6,0,46
Bibb,Vineville 2,Special Macon Water Authority,,,Marshall Talley,83,42,7,0,34
Bibb,Vineville 3,Special Macon Water Authority,,,Marshall Talley,173,74,22,0,77
Bibb,Vineville 4,Special Macon Water Authority,,,Marshall Talley,259,106,24,1,128
Bibb,Vineville 5,Special Macon Water Authority,,,Marshall Talley,60,17,5,0,38
Bibb,Vineville 6,Special Macon Water Authority,,,Marshall Talley,94,45,8,0,41
Bibb,East Macon 1,Proposed Constitutional Amendment 1,,,Yes,501,251,71,3,176
Bibb,East Macon 2,Proposed Constitutional Amendment 1,,,Yes,1379,809,175,4,391
Bibb,East Macon 3,Proposed Constitutional Amendment 1,,,Yes,1393,734,147,2,510
Bibb,East Macon 4,Proposed Constitutional Amendment 1,,,Yes,849,381,118,0,350
Bibb,East Macon 5,Proposed Constitutional Amendment 1,,,Yes,1075,531,133,0,411
Bibb,Godfrey 1,Proposed Constitutional Amendment 1,,,Yes,1848,1057,238,7,546
Bibb,Godfrey 2,Proposed Constitutional Amendment 1,,,Yes,467,207,55,0,205
Bibb,Godfrey 3,Proposed Constitutional Amendment 1,,,Yes,898,509,92,4,293
Bibb,Godfrey 4,Proposed Constitutional Amendment 1,,,Yes,496,242,70,0,184
Bibb,Godfrey 5,Proposed Constitutional Amendment 1,,,Yes,1516,747,147,1,621
Bibb,Hazzard 1,Proposed Constitutional Amendment 1,,,Yes,1078,553,111,0,414
Bibb,Hazzard 2,Proposed Constitutional Amendment 1,,,Yes,1764,702,100,5,957
Bibb,Hazzard 3,Proposed Constitutional Amendment 1,,,Yes,2885,1647,309,7,922
Bibb,Hazzard 4,Proposed Constitutional Amendment 1,,,Yes,2782,1380,161,8,1233
Bibb,Howard 1,Proposed Constitutional Amendment 1,,,Yes,1965,1020,183,2,760
Bibb,Howard 2,Proposed Constitutional Amendment 1,,,Yes,2029,1002,176,7,844
Bibb,Howard 3,Proposed Constitutional Amendment 1,,,Yes,3096,1577,231,7,1281
Bibb,Howard 4,Proposed Constitutional Amendment 1,,,Yes,818,452,79,0,287
Bibb,Howard 5,Proposed Constitutional Amendment 1,,,Yes,915,428,66,0,421
Bibb,Howard 6,Proposed Constitutional Amendment 1,,,Yes,1087,598,95,1,393
Bibb,Howard 7,Proposed Constitutional Amendment 1,,,Yes,1657,814,101,0,742
Bibb,Rutland 1,Proposed Constitutional Amendment 1,,,Yes,3040,1412,185,3,1440
Bibb,Rutland 2,Proposed Constitutional Amendment 1,,,Yes,1749,699,99,1,950
Bibb,Vineville 1,Proposed Constitutional Amendment 1,,,Yes,1357,640,133,0,584
Bibb,Vineville 2,Proposed Constitutional Amendment 1,,,Yes,791,378,77,2,334
Bibb,Vineville 3,Proposed Constitutional Amendment 1,,,Yes,1008,557,129,5,317
Bibb,Vineville 4,Proposed Constitutional Amendment 1,,,Yes,1393,698,178,3,514
Bibb,Vineville 5,Proposed Constitutional Amendment 1,,,Yes,1213,610,82,1,520
Bibb,Vineville 6,Proposed Constitutional Amendment 1,,,Yes,1415,719,72,0,624
Bibb,Warrior 1,Proposed Constitutional Amendment 1,,,Yes,1448,505,82,1,860
Bibb,Warrior 2,Proposed Constitutional Amendment 1,,,Yes,1762,794,99,1,868
Bibb,East Macon 1,Proposed Constitutional Amendment 1,,,No,125,64,16,0,45
Bibb,East Macon 2,Proposed Constitutional Amendment 1,,,No,263,139,31,1,92
Bibb,East Macon 3,Proposed Constitutional Amendment 1,,,No,192,91,15,0,86
Bibb,East Macon 4,Proposed Constitutional Amendment 1,,,No,143,71,13,0,59
Bibb,East Macon 5,Proposed Constitutional Amendment 1,,,No,172,81,6,0,85
Bibb,Godfrey 1,Proposed Constitutional Amendment 1,,,No,403,226,52,0,125
Bibb,Godfrey 2,Proposed Constitutional Amendment 1,,,No,103,50,12,0,41
Bibb,Godfrey 3,Proposed Constitutional Amendment 1,,,No,213,136,11,2,64
Bibb,Godfrey 4,Proposed Constitutional Amendment 1,,,No,117,55,17,0,45
Bibb,Godfrey 5,Proposed Constitutional Amendment 1,,,No,329,162,28,0,139
Bibb,Hazzard 1,Proposed Constitutional Amendment 1,,,No,229,126,15,2,86
Bibb,Hazzard 2,Proposed Constitutional Amendment 1,,,No,278,103,9,0,166
Bibb,Hazzard 3,Proposed Constitutional Amendment 1,,,No,471,268,38,1,164
Bibb,Hazzard 4,Proposed Constitutional Amendment 1,,,No,349,164,11,0,174
Bibb,Howard 1,Proposed Constitutional Amendment 1,,,No,245,120,19,0,106
Bibb,Howard 2,Proposed Constitutional Amendment 1,,,No,239,108,12,2,117
Bibb,Howard 3,Proposed Constitutional Amendment 1,,,No,381,179,20,0,182
Bibb,Howard 4,Proposed Constitutional Amendment 1,,,No,96,56,6,0,34
Bibb,Howard 5,Proposed Constitutional Amendment 1,,,No,130,61,10,0,59
Bibb,Howard 6,Proposed Constitutional Amendment 1,,,No,151,75,13,0,63
Bibb,Howard 7,Proposed Constitutional Amendment 1,,,No,232,110,8,0,114
Bibb,Rutland 1,Proposed Constitutional Amendment 1,,,No,430,202,16,0,212
Bibb,Rutland 2,Proposed Constitutional Amendment 1,,,No,213,73,11,0,129
Bibb,Vineville 1,Proposed Constitutional Amendment 1,,,No,213,113,13,1,86
Bibb,Vineville 2,Proposed Constitutional Amendment 1,,,No,123,53,8,1,61
Bibb,Vineville 3,Proposed Constitutional Amendment 1,,,No,233,127,16,1,89
Bibb,Vineville 4,Proposed Constitutional Amendment 1,,,No,258,111,20,2,125
Bibb,Vineville 5,Proposed Constitutional Amendment 1,,,No,174,91,10,0,73
Bibb,Vineville 6,Proposed Constitutional Amendment 1,,,No,184,101,5,1,77
Bibb,Warrior 1,Proposed Constitutional Amendment 1,,,No,220,73,9,2,136
Bibb,Warrior 2,Proposed Constitutional Amendment 1,,,No,235,102,13,1,119
Bibb,East Macon 1,Proposed Constitutional Amendment 2,,,Yes,567,286,78,3,200
Bibb,East Macon 2,Proposed Constitutional Amendment 2,,,Yes,1493,856,200,5,432
Bibb,East Macon 3,Proposed Constitutional Amendment 2,,,Yes,1452,758,150,2,542
Bibb,East Macon 4,Proposed Constitutional Amendment 2,,,Yes,919,407,129,0,383
Bibb,East Macon 5,Proposed Constitutional Amendment 2,,,Yes,1151,573,131,0,447
Bibb,Godfrey 1,Proposed Constitutional Amendment 2,,,Yes,2046,1161,277,8,600
Bibb,Godfrey 2,Proposed Constitutional Amendment 2,,,Yes,515,228,66,0,221
Bibb,Godfrey 3,Proposed Constitutional Amendment 2,,,Yes,1006,578,96,5,327
Bibb,Godfrey 4,Proposed Constitutional Amendment 2,,,Yes,563,275,77,0,211
Bibb,Godfrey 5,Proposed Constitutional Amendment 2,,,Yes,1683,823,161,1,698
Bibb,Hazzard 1,Proposed Constitutional Amendment 2,,,Yes,1208,623,122,2,461
Bibb,Hazzard 2,Proposed Constitutional Amendment 2,,,Yes,1882,737,106,4,1035
Bibb,Hazzard 3,Proposed Constitutional Amendment 2,,,Yes,3068,1747,337,7,977
Bibb,Hazzard 4,Proposed Constitutional Amendment 2,,,Yes,2850,1407,162,8,1273
Bibb,Howard 1,Proposed Constitutional Amendment 2,,,Yes,2012,1039,186,2,785
Bibb,Howard 2,Proposed Constitutional Amendment 2,,,Yes,2106,1021,185,8,892
Bibb,Howard 3,Proposed Constitutional Amendment 2,,,Yes,3180,1607,229,7,1337
Bibb,Howard 4,Proposed Constitutional Amendment 2,,,Yes,838,468,80,0,290
Bibb,Howard 5,Proposed Constitutional Amendment 2,,,Yes,956,438,68,0,450
Bibb,Howard 6,Proposed Constitutional Amendment 2,,,Yes,1129,613,100,1,415
Bibb,Howard 7,Proposed Constitutional Amendment 2,,,Yes,1725,856,103,0,766
Bibb,Rutland 1,Proposed Constitutional Amendment 2,,,Yes,3148,1473,191,4,1480
Bibb,Rutland 2,Proposed Constitutional Amendment 2,,,Yes,1780,704,107,1,968
Bibb,Vineville 1,Proposed Constitutional Amendment 2,,,Yes,1449,696,137,1,615
Bibb,Vineville 2,Proposed Constitutional Amendment 2,,,Yes,812,392,80,3,337
Bibb,Vineville 3,Proposed Constitutional Amendment 2,,,Yes,1161,633,139,7,382
Bibb,Vineville 4,Proposed Constitutional Amendment 2,,,Yes,1522,743,189,5,585
Bibb,Vineville 5,Proposed Constitutional Amendment 2,,,Yes,1270,641,85,1,543
Bibb,Vineville 6,Proposed Constitutional Amendment 2,,,Yes,1459,749,75,1,634
Bibb,Warrior 1,Proposed Constitutional Amendment 2,,,Yes,1502,533,85,3,881
Bibb,Warrior 2,Proposed Constitutional Amendment 2,,,Yes,1807,817,106,2,882
Bibb,East Macon 1,Proposed Constitutional Amendment 2,,,No,61,31,7,0,23
Bibb,East Macon 2,Proposed Constitutional Amendment 2,,,No,151,91,10,0,50
Bibb,East Macon 3,Proposed Constitutional Amendment 2,,,No,144,76,10,0,58
Bibb,East Macon 4,Proposed Constitutional Amendment 2,,,No,77,47,4,0,26
Bibb,East Macon 5,Proposed Constitutional Amendment 2,,,No,107,46,8,0,53
Bibb,Godfrey 1,Proposed Constitutional Amendment 2,,,No,215,119,17,0,79
Bibb,Godfrey 2,Proposed Constitutional Amendment 2,,,No,60,31,3,0,26
Bibb,Godfrey 3,Proposed Constitutional Amendment 2,,,No,115,74,7,1,33
Bibb,Godfrey 4,Proposed Constitutional Amendment 2,,,No,54,25,8,0,21
Bibb,Godfrey 5,Proposed Constitutional Amendment 2,,,No,165,86,12,0,67
Bibb,Hazzard 1,Proposed Constitutional Amendment 2,,,No,107,56,6,0,45
Bibb,Hazzard 2,Proposed Constitutional Amendment 2,,,No,176,77,4,1,94
Bibb,Hazzard 3,Proposed Constitutional Amendment 2,,,No,299,170,17,1,111
Bibb,Hazzard 4,Proposed Constitutional Amendment 2,,,No,298,147,12,0,139
Bibb,Howard 1,Proposed Constitutional Amendment 2,,,No,213,110,16,0,87
Bibb,Howard 2,Proposed Constitutional Amendment 2,,,No,180,96,7,1,76
Bibb,Howard 3,Proposed Constitutional Amendment 2,,,No,311,152,24,0,135
Bibb,Howard 4,Proposed Constitutional Amendment 2,,,No,78,42,5,0,31
Bibb,Howard 5,Proposed Constitutional Amendment 2,,,No,92,52,8,0,32
Bibb,Howard 6,Proposed Constitutional Amendment 2,,,No,114,65,8,0,41
Bibb,Howard 7,Proposed Constitutional Amendment 2,,,No,165,66,7,0,92
Bibb,Rutland 1,Proposed Constitutional Amendment 2,,,No,341,151,12,0,178
Bibb,Rutland 2,Proposed Constitutional Amendment 2,,,No,190,72,2,0,116
Bibb,Vineville 1,Proposed Constitutional Amendment 2,,,No,122,57,12,0,53
Bibb,Vineville 2,Proposed Constitutional Amendment 2,,,No,99,40,5,0,54
Bibb,Vineville 3,Proposed Constitutional Amendment 2,,,No,102,61,8,0,33
Bibb,Vineville 4,Proposed Constitutional Amendment 2,,,No,148,73,13,0,62
Bibb,Vineville 5,Proposed Constitutional Amendment 2,,,No,126,64,7,0,55
Bibb,Vineville 6,Proposed Constitutional Amendment 2,,,No,145,75,2,0,68
Bibb,Warrior 1,Proposed Constitutional Amendment 2,,,No,172,49,5,0,118
Bibb,Warrior 2,Proposed Constitutional Amendment 2,,,No,204,88,8,0,108
Bibb,East Macon 1,Statewide Referendum Question 1,,,Yes,375,196,38,3,138
Bibb,East Macon 2,Statewide Referendum Question 1,,,Yes,948,519,115,4,310
Bibb,East Macon 3,Statewide Referendum Question 1,,,Yes,935,474,83,2,376
Bibb,East Macon 4,Statewide Referendum Question 1,,,Yes,570,244,72,0,254
Bibb,East Macon 5,Statewide Referendum Question 1,,,Yes,737,359,61,0,317
Bibb,Godfrey 1,Statewide Referendum Question 1,,,Yes,1312,708,168,3,433
Bibb,Godfrey 2,Statewide Referendum Question 1,,,Yes,392,168,46,0,178
Bibb,Godfrey 3,Statewide Referendum Question 1,,,Yes,714,418,51,5,240
Bibb,Godfrey 4,Statewide Referendum Question 1,,,Yes,390,185,43,0,162
Bibb,Godfrey 5,Statewide Referendum Question 1,,,Yes,1190,555,96,1,538
Bibb,Hazzard 1,Statewide Referendum Question 1,,,Yes,851,426,73,1,351
Bibb,Hazzard 2,Statewide Referendum Question 1,,,Yes,1232,460,49,3,720
Bibb,Hazzard 3,Statewide Referendum Question 1,,,Yes,1950,1083,180,5,682
Bibb,Hazzard 4,Statewide Referendum Question 1,,,Yes,1915,862,90,6,957
Bibb,Howard 1,Statewide Referendum Question 1,,,Yes,1387,698,100,1,588
Bibb,Howard 2,Statewide Referendum Question 1,,,Yes,1364,637,122,4,601
Bibb,Howard 3,Statewide Referendum Question 1,,,Yes,2105,1034,136,5,930
Bibb,Howard 4,Statewide Referendum Question 1,,,Yes,549,313,41,0,195
Bibb,Howard 5,Statewide Referendum Question 1,,,Yes,631,272,45,0,314
Bibb,Howard 6,Statewide Referendum Question 1,,,Yes,745,404,51,0,290
Bibb,Howard 7,Statewide Referendum Question 1,,,Yes,1117,521,53,0,543
Bibb,Rutland 1,Statewide Referendum Question 1,,,Yes,2189,967,98,4,1120
Bibb,Rutland 2,Statewide Referendum Question 1,,,Yes,1257,460,66,1,730
Bibb,Vineville 1,Statewide Referendum Question 1,,,Yes,844,378,73,0,393
Bibb,Vineville 2,Statewide Referendum Question 1,,,Yes,519,237,43,2,237
Bibb,Vineville 3,Statewide Referendum Question 1,,,Yes,804,452,78,5,269
Bibb,Vineville 4,Statewide Referendum Question 1,,,Yes,1079,511,116,2,450
Bibb,Vineville 5,Statewide Referendum Question 1,,,Yes,816,414,43,1,358
Bibb,Vineville 6,Statewide Referendum Question 1,,,Yes,910,443,34,1,432
Bibb,Warrior 1,Statewide Referendum Question 1,,,Yes,1077,358,45,3,671
Bibb,Warrior 2,Statewide Referendum Question 1,,,Yes,1255,525,58,2,670
Bibb,East Macon 1,Statewide Referendum Question 1,,,No,245,117,47,0,81
Bibb,East Macon 2,Statewide Referendum Question 1,,,No,674,420,90,1,163
Bibb,East Macon 3,Statewide Referendum Question 1,,,No,627,340,72,0,215
Bibb,East Macon 4,Statewide Referendum Question 1,,,No,420,208,61,0,151
Bibb,East Macon 5,Statewide Referendum Question 1,,,No,504,246,78,0,180
Bibb,Godfrey 1,Statewide Referendum Question 1,,,No,911,557,118,5,231
Bibb,Godfrey 2,Statewide Referendum Question 1,,,No,173,86,21,0,66
Bibb,Godfrey 3,Statewide Referendum Question 1,,,No,390,225,48,1,116
Bibb,Godfrey 4,Statewide Referendum Question 1,,,No,215,107,42,0,66
Bibb,Godfrey 5,Statewide Referendum Question 1,,,No,632,339,76,0,217
Bibb,Hazzard 1,Statewide Referendum Question 1,,,No,445,244,53,1,147
Bibb,Hazzard 2,Statewide Referendum Question 1,,,No,792,335,59,2,396
Bibb,Hazzard 3,Statewide Referendum Question 1,,,No,1370,807,167,3,393
Bibb,Hazzard 4,Statewide Referendum Question 1,,,No,1197,669,79,2,447
Bibb,Howard 1,Statewide Referendum Question 1,,,No,794,429,94,1,270
Bibb,Howard 2,Statewide Referendum Question 1,,,No,877,463,68,3,343
Bibb,Howard 3,Statewide Referendum Question 1,,,No,1322,696,111,2,513
Bibb,Howard 4,Statewide Referendum Question 1,,,No,354,193,43,0,118
Bibb,Howard 5,Statewide Referendum Question 1,,,No,385,203,30,0,152
Bibb,Howard 6,Statewide Referendum Question 1,,,No,469,263,48,1,157
Bibb,Howard 7,Statewide Referendum Question 1,,,No,750,389,53,0,308
Bibb,Rutland 1,Statewide Referendum Question 1,,,No,1251,634,101,0,516
Bibb,Rutland 2,Statewide Referendum Question 1,,,No,680,304,36,0,340
Bibb,Vineville 1,Statewide Referendum Question 1,,,No,694,366,72,1,255
Bibb,Vineville 2,Statewide Referendum Question 1,,,No,383,189,41,1,152
Bibb,Vineville 3,Statewide Referendum Question 1,,,No,429,230,63,1,135
Bibb,Vineville 4,Statewide Referendum Question 1,,,No,570,296,80,3,191
Bibb,Vineville 5,Statewide Referendum Question 1,,,No,557,281,47,0,229
Bibb,Vineville 6,Statewide Referendum Question 1,,,No,649,362,39,0,248
Bibb,Warrior 1,Statewide Referendum Question 1,,,No,582,214,46,0,322
Bibb,Warrior 2,Statewide Referendum Question 1,,,No,728,370,52,0,306
Bibb,East Macon 1,Statewide Referendum Question 2,,,Yes,415,215,42,3,155
Bibb,East Macon 2,Statewide Referendum Question 2,,,Yes,1083,597,131,4,351
Bibb,East Macon 3,Statewide Referendum Question 2,,,Yes,1179,603,106,2,468
Bibb,East Macon 4,Statewide Referendum Question 2,,,Yes,651,276,71,0,304
Bibb,East Macon 5,Statewide Referendum Question 2,,,Yes,891,444,80,0,367
Bibb,Godfrey 1,Statewide Referendum Question 2,,,Yes,1540,849,195,6,490
Bibb,Godfrey 2,Statewide Referendum Question 2,,,Yes,449,191,54,0,204
Bibb,Godfrey 3,Statewide Referendum Question 2,,,Yes,810,475,59,5,271
Bibb,Godfrey 4,Statewide Referendum Question 2,,,Yes,448,216,49,0,183
Bibb,Godfrey 5,Statewide Referendum Question 2,,,Yes,1366,650,123,1,592
Bibb,Hazzard 1,Statewide Referendum Question 2,,,Yes,954,484,84,1,385
Bibb,Hazzard 2,Statewide Referendum Question 2,,,Yes,1534,580,71,3,880
Bibb,Hazzard 3,Statewide Referendum Question 2,,,Yes,2356,1313,218,5,820
Bibb,Hazzard 4,Statewide Referendum Question 2,,,Yes,2381,1128,109,7,1137
Bibb,Howard 1,Statewide Referendum Question 2,,,Yes,1671,850,127,2,692
Bibb,Howard 2,Statewide Referendum Question 2,,,Yes,1730,829,142,6,753
Bibb,Howard 3,Statewide Referendum Question 2,,,Yes,2624,1291,177,7,1149
Bibb,Howard 4,Statewide Referendum Question 2,,,Yes,687,389,49,0,249
Bibb,Howard 5,Statewide Referendum Question 2,,,Yes,786,360,54,0,372
Bibb,Howard 6,Statewide Referendum Question 2,,,Yes,958,509,66,1,382
Bibb,Howard 7,Statewide Referendum Question 2,,,Yes,1425,683,74,0,668
Bibb,Rutland 1,Statewide Referendum Question 2,,,Yes,2640,1171,127,3,1339
Bibb,Rutland 2,Statewide Referendum Question 2,,,Yes,1545,560,87,1,897
Bibb,Vineville 1,Statewide Referendum Question 2,,,Yes,1133,534,88,0,511
Bibb,Vineville 2,Statewide Referendum Question 2,,,Yes,659,302,54,1,302
Bibb,Vineville 3,Statewide Referendum Question 2,,,Yes,900,496,89,5,310
Bibb,Vineville 4,Statewide Referendum Question 2,,,Yes,1208,571,130,2,505
Bibb,Vineville 5,Statewide Referendum Question 2,,,Yes,1033,524,55,1,453
Bibb,Vineville 6,Statewide Referendum Question 2,,,Yes,1213,600,56,0,557
Bibb,Warrior 1,Statewide Referendum Question 2,,,Yes,1300,425,55,3,817
Bibb,Warrior 2,Statewide Referendum Question 2,,,Yes,1581,675,74,2,830
Bibb,East Macon 1,Statewide Referendum Question 2,,,No,203,98,42,0,63
Bibb,East Macon 2,Statewide Referendum Question 2,,,No,549,346,79,1,123
Bibb,East Macon 3,Statewide Referendum Question 2,,,No,390,211,54,0,125
Bibb,East Macon 4,Statewide Referendum Question 2,,,No,339,176,60,0,103
Bibb,East Macon 5,Statewide Referendum Question 2,,,No,353,165,58,0,130
Bibb,Godfrey 1,Statewide Referendum Question 2,,,No,691,421,92,2,176
Bibb,Godfrey 2,Statewide Referendum Question 2,,,No,117,64,15,0,38
Bibb,Godfrey 3,Statewide Referendum Question 2,,,No,299,170,41,1,87
Bibb,Godfrey 4,Statewide Referendum Question 2,,,No,163,80,37,0,46
Bibb,Godfrey 5,Statewide Referendum Question 2,,,No,469,249,49,0,171
Bibb,Hazzard 1,Statewide Referendum Question 2,,,No,346,189,41,1,115
Bibb,Hazzard 2,Statewide Referendum Question 2,,,No,494,219,37,2,236
Bibb,Hazzard 3,Statewide Referendum Question 2,,,No,966,577,126,3,260
Bibb,Hazzard 4,Statewide Referendum Question 2,,,No,736,406,62,1,267
Bibb,Howard 1,Statewide Referendum Question 2,,,No,506,276,63,0,167
Bibb,Howard 2,Statewide Referendum Question 2,,,No,515,273,42,2,198
Bibb,Howard 3,Statewide Referendum Question 2,,,No,816,448,67,0,301
Bibb,Howard 4,Statewide Referendum Question 2,,,No,223,120,35,0,68
Bibb,Howard 5,Statewide Referendum Question 2,,,No,242,122,22,0,98
Bibb,Howard 6,Statewide Referendum Question 2,,,No,266,159,36,0,71
Bibb,Howard 7,Statewide Referendum Question 2,,,No,445,233,32,0,180
Bibb,Rutland 1,Statewide Referendum Question 2,,,No,810,436,73,1,300
Bibb,Rutland 2,Statewide Referendum Question 2,,,No,404,208,18,0,178
Bibb,Vineville 1,Statewide Referendum Question 2,,,No,410,213,59,1,137
Bibb,Vineville 2,Statewide Referendum Question 2,,,No,242,123,31,2,86
Bibb,Vineville 3,Statewide Referendum Question 2,,,No,339,188,52,1,98
Bibb,Vineville 4,Statewide Referendum Question 2,,,No,444,241,65,3,135
Bibb,Vineville 5,Statewide Referendum Question 2,,,No,343,170,34,0,139
Bibb,Vineville 6,Statewide Referendum Question 2,,,No,360,211,19,1,129
Bibb,Warrior 1,Statewide Referendum Question 2,,,No,350,142,33,0,175
Bibb,Warrior 2,Statewide Referendum Question 2,,,No,412,222,36,0,154
