county,precinct,office,district,party,candidate,votes,advance_voting_votes,absentee_by_mail_votes,provisional_votes,election_day_votes
Liberty,Riceboro,U.S. Senate,,Rep,Herschel Walker,130,70,10,0,50
Liberty,Lyman Hall,U.S. Senate,,Rep,Herschel Walker,343,208,17,0,118
Liberty,Lewis Frasier,U.S. Senate,,Rep,Herschel Walker,369,211,26,0,132
Liberty,Memorial Dr,U.S. Senate,,Rep,Herschel Walker,177,100,3,0,74
Liberty,Performing Arts CTR,U.S. Senate,,Rep,Herschel Walker,270,151,6,0,113
Liberty,Town of Allenhurst,U.S. Senate,,Rep,Herschel Walker,170,85,5,0,80
Liberty,Hinesville,U.S. Senate,,Rep,Herschel Walker,578,352,29,0,197
Liberty,Liberty County Complex,U.S. Senate,,Rep,Herschel Walker,1381,900,47,0,434
Liberty,Victory Baptist,U.S. Senate,,Rep,Herschel Walker,344,168,8,0,168
Liberty,Fleming East,U.S. Senate,,Rep,Herschel Walker,839,427,21,0,391
Liberty,Gum Branch,U.S. Senate,,Rep,Herschel Walker,633,254,19,0,360
Liberty,Progressive Church,U.S. Senate,,Rep,Herschel Walker,256,159,11,0,86
Liberty,Riceboro,U.S. Senate,,Dem,Raphael Warnock ,514,306,66,1,141
Liberty,Lyman Hall,U.S. Senate,,Dem,Raphael Warnock ,1312,883,120,0,309
Liberty,Lewis Frasier,U.S. Senate,,Dem,Raphael Warnock ,730,501,60,0,169
Liberty,Memorial Dr,U.S. Senate,,Dem,Raphael Warnock ,585,391,66,0,128
Liberty,Performing Arts CTR,U.S. Senate,,Dem,Raphael Warnock ,646,413,56,0,177
Liberty,Town of Allenhurst,U.S. Senate,,Dem,Raphael Warnock ,594,393,55,0,146
Liberty,Hinesville,U.S. Senate,,Dem,Raphael Warnock ,877,559,70,0,248
Liberty,Liberty County Complex,U.S. Senate,,Dem,Raphael Warnock ,1307,928,166,1,212
Liberty,Victory Baptist,U.S. Senate,,Dem,Raphael Warnock ,1193,841,79,1,272
Liberty,Fleming East,U.S. Senate,,Dem,Raphael Warnock ,450,255,49,1,145
Liberty,Gum Branch,U.S. Senate,,Dem,Raphael Warnock ,634,409,67,0,158
Liberty,Progressive Church,U.S. Senate,,Dem,Raphael Warnock ,773,529,76,0,168
Liberty,Riceboro,U.S. Senate,,Lib,Chase Oliver,2,1,0,0,1
Liberty,Lyman Hall,U.S. Senate,,Lib,Chase Oliver,31,15,3,0,13
Liberty,Lewis Frasier,U.S. Senate,,Lib,Chase Oliver,25,15,0,0,10
Liberty,Memorial Dr,U.S. Senate,,Lib,Chase Oliver,15,8,2,0,5
Liberty,Performing Arts CTR,U.S. Senate,,Lib,Chase Oliver,18,8,1,0,9
Liberty,Town of Allenhurst,U.S. Senate,,Lib,Chase Oliver,11,8,0,0,3
Liberty,Hinesville,U.S. Senate,,Lib,Chase Oliver,31,17,2,0,12
Liberty,Liberty County Complex,U.S. Senate,,Lib,Chase Oliver,34,20,2,0,12
Liberty,Victory Baptist,U.S. Senate,,Lib,Chase Oliver,21,7,2,0,12
Liberty,Fleming East,U.S. Senate,,Lib,Chase Oliver,31,12,5,0,14
Liberty,Gum Branch,U.S. Senate,,Lib,Chase Oliver,29,8,2,0,19
Liberty,Progressive Church,U.S. Senate,,Lib,Chase Oliver,16,10,1,0,5
Liberty,Riceboro,Governor,,Rep,Brian Kemp ,138,73,10,0,55
Liberty,Lyman Hall,Governor,,Rep,Brian Kemp ,415,255,22,0,138
Liberty,Lewis Frasier,Governor,,Rep,Brian Kemp ,416,241,26,0,149
Liberty,Memorial Dr,Governor,,Rep,Brian Kemp ,209,117,7,0,85
Liberty,Performing Arts CTR,Governor,,Rep,Brian Kemp ,305,168,6,0,131
Liberty,Town of Allenhurst,Governor,,Rep,Brian Kemp ,197,106,8,0,83
Liberty,Hinesville,Governor,,Rep,Brian Kemp ,655,400,32,0,223
Liberty,Liberty County Complex,Governor,,Rep,Brian Kemp ,1468,967,50,0,451
Liberty,Victory Baptist,Governor,,Rep,Brian Kemp ,385,191,12,0,182
Liberty,Fleming East,Governor,,Rep,Brian Kemp ,910,458,30,0,422
Liberty,Gum Branch,Governor,,Rep,Brian Kemp ,683,270,25,0,388
Liberty,Progressive Church,Governor,,Rep,Brian Kemp ,288,173,14,0,101
Liberty,Riceboro,Governor,,Dem,Stacey Abrams,509,303,66,1,139
Liberty,Lyman Hall,Governor,,Dem,Stacey Abrams,1261,848,117,0,296
Liberty,Lewis Frasier,Governor,,Dem,Stacey Abrams,696,476,59,0,161
Liberty,Memorial Dr,Governor,,Dem,Stacey Abrams,570,381,65,0,124
Liberty,Performing Arts CTR,Governor,,Dem,Stacey Abrams,622,403,56,0,163
Liberty,Town of Allenhurst,Governor,,Dem,Stacey Abrams,576,379,53,0,144
Liberty,Hinesville,Governor,,Dem,Stacey Abrams,822,528,67,0,227
Liberty,Liberty County Complex,Governor,,Dem,Stacey Abrams,1244,882,164,1,197
Liberty,Victory Baptist,Governor,,Dem,Stacey Abrams,1169,828,76,1,264
Liberty,Fleming East,Governor,,Dem,Stacey Abrams,410,238,48,1,123
Liberty,Gum Branch,Governor,,Dem,Stacey Abrams,608,398,63,0,147
Liberty,Progressive Church,Governor,,Dem,Stacey Abrams,748,519,73,0,156
Liberty,Riceboro,Governor,,Lib,Shane Hazel,2,2,0,0,0
Liberty,Lyman Hall,Governor,,Lib,Shane Hazel,13,5,2,0,6
Liberty,Lewis Frasier,Governor,,Lib,Shane Hazel,11,8,0,0,3
Liberty,Memorial Dr,Governor,,Lib,Shane Hazel,7,5,0,0,2
Liberty,Performing Arts CTR,Governor,,Lib,Shane Hazel,9,3,1,0,5
Liberty,Town of Allenhurst,Governor,,Lib,Shane Hazel,5,2,0,0,3
Liberty,Hinesville,Governor,,Lib,Shane Hazel,16,3,4,0,9
Liberty,Liberty County Complex,Governor,,Lib,Shane Hazel,16,5,0,0,11
Liberty,Victory Baptist,Governor,,Lib,Shane Hazel,9,1,1,0,7
Liberty,Fleming East,Governor,,Lib,Shane Hazel,8,3,0,0,5
Liberty,Gum Branch,Governor,,Lib,Shane Hazel,6,3,1,0,2
Liberty,Progressive Church,Governor,,Lib,Shane Hazel,9,6,0,0,3
Liberty,Riceboro,Lieutenant Governor,,Rep,Burt Jones,140,77,9,0,54
Liberty,Lyman Hall,Lieutenant Governor,,Rep,Burt Jones,401,244,21,0,136
Liberty,Lewis Frasier,Lieutenant Governor,,Rep,Burt Jones,407,235,25,0,147
Liberty,Memorial Dr,Lieutenant Governor,,Rep,Burt Jones,192,104,6,0,82
Liberty,Performing Arts CTR,Lieutenant Governor,,Rep,Burt Jones,293,160,7,0,126
Liberty,Town of Allenhurst,Lieutenant Governor,,Rep,Burt Jones,193,97,6,0,90
Liberty,Hinesville,Lieutenant Governor,,Rep,Burt Jones,603,372,29,0,202
Liberty,Liberty County Complex,Lieutenant Governor,,Rep,Burt Jones,1429,933,48,1,447
Liberty,Victory Baptist,Lieutenant Governor,,Rep,Burt Jones,369,179,13,0,177
Liberty,Fleming East,Lieutenant Governor,,Rep,Burt Jones,875,449,26,1,399
Liberty,Gum Branch,Lieutenant Governor,,Rep,Burt Jones,651,260,18,0,373
Liberty,Progressive Church,Lieutenant Governor,,Rep,Burt Jones,279,171,12,0,96
Liberty,Riceboro,Lieutenant Governor,,Dem,Charlie Bailey,483,284,66,1,132
Liberty,Lyman Hall,Lieutenant Governor,,Dem,Charlie Bailey,1231,828,115,0,288
Liberty,Lewis Frasier,Lieutenant Governor,,Dem,Charlie Bailey,680,468,58,0,154
Liberty,Memorial Dr,Lieutenant Governor,,Dem,Charlie Bailey,552,372,62,0,118
Liberty,Performing Arts CTR,Lieutenant Governor,,Dem,Charlie Bailey,609,397,54,0,158
Liberty,Town of Allenhurst,Lieutenant Governor,,Dem,Charlie Bailey,551,372,52,0,127
Liberty,Hinesville,Lieutenant Governor,,Dem,Charlie Bailey,829,529,72,0,228
Liberty,Liberty County Complex,Lieutenant Governor,,Dem,Charlie Bailey,1202,859,163,0,180
Liberty,Victory Baptist,Lieutenant Governor,,Dem,Charlie Bailey,1143,810,76,1,256
Liberty,Fleming East,Lieutenant Governor,,Dem,Charlie Bailey,409,233,49,0,127
Liberty,Gum Branch,Lieutenant Governor,,Dem,Charlie Bailey,598,391,66,0,141
Liberty,Progressive Church,Lieutenant Governor,,Dem,Charlie Bailey,731,502,73,0,156
Liberty,Riceboro,Lieutenant Governor,,Lib,Ryan Graham,9,5,0,0,4
Liberty,Lyman Hall,Lieutenant Governor,,Lib,Ryan Graham,42,24,4,0,14
Liberty,Lewis Frasier,Lieutenant Governor,,Lib,Ryan Graham,20,12,0,0,8
Liberty,Memorial Dr,Lieutenant Governor,,Lib,Ryan Graham,26,16,3,0,7
Liberty,Performing Arts CTR,Lieutenant Governor,,Lib,Ryan Graham,23,9,2,0,12
Liberty,Town of Allenhurst,Lieutenant Governor,,Lib,Ryan Graham,13,6,1,0,6
Liberty,Hinesville,Lieutenant Governor,,Lib,Ryan Graham,41,18,2,0,21
Liberty,Liberty County Complex,Lieutenant Governor,,Lib,Ryan Graham,62,36,3,0,23
Liberty,Victory Baptist,Lieutenant Governor,,Lib,Ryan Graham,33,17,0,0,16
Liberty,Fleming East,Lieutenant Governor,,Lib,Ryan Graham,26,9,1,0,16
Liberty,Gum Branch,Lieutenant Governor,,Lib,Ryan Graham,34,13,2,0,19
Liberty,Progressive Church,Lieutenant Governor,,Lib,Ryan Graham,20,11,2,0,7
Liberty,Riceboro,Secretary of State,,Rep,Brad Raffensperger ,139,78,11,0,50
Liberty,Lyman Hall,Secretary of State,,Rep,Brad Raffensperger ,417,262,24,0,131
Liberty,Lewis Frasier,Secretary of State,,Rep,Brad Raffensperger ,424,252,25,0,147
Liberty,Memorial Dr,Secretary of State,,Rep,Brad Raffensperger ,219,124,7,0,88
Liberty,Performing Arts CTR,Secretary of State,,Rep,Brad Raffensperger ,301,160,8,0,133
Liberty,Town of Allenhurst,Secretary of State,,Rep,Brad Raffensperger ,202,108,9,0,85
Liberty,Hinesville,Secretary of State,,Rep,Brad Raffensperger ,634,392,29,0,213
Liberty,Liberty County Complex,Secretary of State,,Rep,Brad Raffensperger ,1439,971,51,0,417
Liberty,Victory Baptist,Secretary of State,,Rep,Brad Raffensperger ,404,210,15,0,179
Liberty,Fleming East,Secretary of State,,Rep,Brad Raffensperger ,879,448,28,0,403
Liberty,Gum Branch,Secretary of State,,Rep,Brad Raffensperger ,665,268,23,0,374
Liberty,Progressive Church,Secretary of State,,Rep,Brad Raffensperger ,290,181,14,0,95
Liberty,Riceboro,Secretary of State,,Dem,Bee Nguyen,485,286,62,1,136
Liberty,Lyman Hall,Secretary of State,,Dem,Bee Nguyen,1216,816,115,0,285
Liberty,Lewis Frasier,Secretary of State,,Dem,Bee Nguyen,666,450,59,0,157
Liberty,Memorial Dr,Secretary of State,,Dem,Bee Nguyen,536,358,65,0,113
Liberty,Performing Arts CTR,Secretary of State,,Dem,Bee Nguyen,603,391,53,0,159
Liberty,Town of Allenhurst,Secretary of State,,Dem,Bee Nguyen,543,367,51,0,125
Liberty,Hinesville,Secretary of State,,Dem,Bee Nguyen,813,515,68,0,230
Liberty,Liberty County Complex,Secretary of State,,Dem,Bee Nguyen,1162,815,159,0,188
Liberty,Victory Baptist,Secretary of State,,Dem,Bee Nguyen,1121,791,72,1,257
Liberty,Fleming East,Secretary of State,,Dem,Bee Nguyen,402,228,48,1,125
Liberty,Gum Branch,Secretary of State,,Dem,Bee Nguyen,586,384,63,0,139
Liberty,Progressive Church,Secretary of State,,Dem,Bee Nguyen,717,492,71,0,154
Liberty,Riceboro,Secretary of State,,Lib,Ted Metz,7,4,0,0,3
Liberty,Lyman Hall,Secretary of State,,Lib,Ted Metz,36,18,1,0,17
Liberty,Lewis Frasier,Secretary of State,,Lib,Ted Metz,21,13,1,0,7
Liberty,Memorial Dr,Secretary of State,,Lib,Ted Metz,16,10,0,0,6
Liberty,Performing Arts CTR,Secretary of State,,Lib,Ted Metz,16,8,2,0,6
Liberty,Town of Allenhurst,Secretary of State,,Lib,Ted Metz,13,4,0,0,9
Liberty,Hinesville,Secretary of State,,Lib,Ted Metz,35,18,5,0,12
Liberty,Liberty County Complex,Secretary of State,,Lib,Ted Metz,90,41,4,1,44
Liberty,Victory Baptist,Secretary of State,,Lib,Ted Metz,25,7,1,0,17
Liberty,Fleming East,Secretary of State,,Lib,Ted Metz,31,14,1,0,16
Liberty,Gum Branch,Secretary of State,,Lib,Ted Metz,35,11,3,0,21
Liberty,Progressive Church,Secretary of State,,Lib,Ted Metz,25,13,2,0,10
Liberty,Riceboro,Attorney General,,Rep,Chris Carr ,128,71,7,0,50
Liberty,Lyman Hall,Attorney General,,Rep,Chris Carr ,379,232,18,0,129
Liberty,Lewis Frasier,Attorney General,,Rep,Chris Carr ,404,232,24,0,148
Liberty,Memorial Dr,Attorney General,,Rep,Chris Carr ,191,106,5,0,80
Liberty,Performing Arts CTR,Attorney General,,Rep,Chris Carr ,293,160,6,0,127
Liberty,Town of Allenhurst,Attorney General,,Rep,Chris Carr ,190,96,6,0,88
Liberty,Hinesville,Attorney General,,Rep,Chris Carr ,620,376,30,0,214
Liberty,Liberty County Complex,Attorney General,,Rep,Chris Carr ,1414,927,48,1,438
Liberty,Victory Baptist,Attorney General,,Rep,Chris Carr ,370,181,12,0,177
Liberty,Fleming East,Attorney General,,Rep,Chris Carr ,871,446,28,0,397
Liberty,Gum Branch,Attorney General,,Rep,Chris Carr ,648,260,20,0,368
Liberty,Progressive Church,Attorney General,,Rep,Chris Carr ,275,171,12,0,92
Liberty,Riceboro,Attorney General,,Dem,"Jennifer """"Jen"""" Jordan",497,296,66,1,134
Liberty,Lyman Hall,Attorney General,,Dem,"Jennifer """"Jen"""" Jordan",1258,843,119,0,296
Liberty,Lewis Frasier,Attorney General,,Dem,"Jennifer """"Jen"""" Jordan",698,479,61,0,158
Liberty,Memorial Dr,Attorney General,,Dem,"Jennifer """"Jen"""" Jordan",565,380,65,0,120
Liberty,Performing Arts CTR,Attorney General,,Dem,"Jennifer """"Jen"""" Jordan",615,395,52,0,168
Liberty,Town of Allenhurst,Attorney General,,Dem,"Jennifer """"Jen"""" Jordan",567,379,55,0,133
Liberty,Hinesville,Attorney General,,Dem,"Jennifer """"Jen"""" Jordan",827,535,71,0,221
Liberty,Liberty County Complex,Attorney General,,Dem,"Jennifer """"Jen"""" Jordan",1258,896,164,0,198
Liberty,Victory Baptist,Attorney General,,Dem,"Jennifer """"Jen"""" Jordan",1156,815,77,1,263
Liberty,Fleming East,Attorney General,,Dem,"Jennifer """"Jen"""" Jordan",427,243,49,1,134
Liberty,Gum Branch,Attorney General,,Dem,"Jennifer """"Jen"""" Jordan",608,393,67,0,148
Liberty,Progressive Church,Attorney General,,Dem,"Jennifer """"Jen"""" Jordan",745,510,72,0,163
Liberty,Riceboro,Attorney General,,Lib,Martin Cowen,6,2,0,0,4
Liberty,Lyman Hall,Attorney General,,Lib,Martin Cowen,37,23,1,0,13
Liberty,Lewis Frasier,Attorney General,,Lib,Martin Cowen,16,11,0,0,5
Liberty,Memorial Dr,Attorney General,,Lib,Martin Cowen,17,8,1,0,8
Liberty,Performing Arts CTR,Attorney General,,Lib,Martin Cowen,18,10,4,0,4
Liberty,Town of Allenhurst,Attorney General,,Lib,Martin Cowen,11,7,0,0,4
Liberty,Hinesville,Attorney General,,Lib,Martin Cowen,34,11,2,0,21
Liberty,Liberty County Complex,Attorney General,,Lib,Martin Cowen,32,10,2,0,20
Liberty,Victory Baptist,Attorney General,,Lib,Martin Cowen,25,12,0,0,13
Liberty,Fleming East,Attorney General,,Lib,Martin Cowen,19,7,0,0,12
Liberty,Gum Branch,Attorney General,,Lib,Martin Cowen,20,5,1,0,14
Liberty,Progressive Church,Attorney General,,Lib,Martin Cowen,14,7,3,0,4
Liberty,Riceboro,Commissioner of Agriculture,,Rep,Tyler Harper,138,74,9,0,55
Liberty,Lyman Hall,Commissioner of Agriculture,,Rep,Tyler Harper,384,238,20,0,126
Liberty,Lewis Frasier,Commissioner of Agriculture,,Rep,Tyler Harper,404,232,24,0,148
Liberty,Memorial Dr,Commissioner of Agriculture,,Rep,Tyler Harper,198,108,6,0,84
Liberty,Performing Arts CTR,Commissioner of Agriculture,,Rep,Tyler Harper,295,165,7,0,123
Liberty,Town of Allenhurst,Commissioner of Agriculture,,Rep,Tyler Harper,190,99,7,0,84
Liberty,Hinesville,Commissioner of Agriculture,,Rep,Tyler Harper,621,375,32,0,214
Liberty,Liberty County Complex,Commissioner of Agriculture,,Rep,Tyler Harper,1438,945,49,0,444
Liberty,Victory Baptist,Commissioner of Agriculture,,Rep,Tyler Harper,363,174,11,0,178
Liberty,Fleming East,Commissioner of Agriculture,,Rep,Tyler Harper,883,448,30,0,405
Liberty,Gum Branch,Commissioner of Agriculture,,Rep,Tyler Harper,652,259,21,0,372
Liberty,Progressive Church,Commissioner of Agriculture,,Rep,Tyler Harper,270,166,11,0,93
Liberty,Riceboro,Commissioner of Agriculture,,Dem,Nakita Hemingway,489,291,64,1,133
Liberty,Lyman Hall,Commissioner of Agriculture,,Dem,Nakita Hemingway,1233,824,116,0,293
Liberty,Lewis Frasier,Commissioner of Agriculture,,Dem,Nakita Hemingway,687,471,57,0,159
Liberty,Memorial Dr,Commissioner of Agriculture,,Dem,Nakita Hemingway,556,374,64,0,118
Liberty,Performing Arts CTR,Commissioner of Agriculture,,Dem,Nakita Hemingway,613,392,54,0,167
Liberty,Town of Allenhurst,Commissioner of Agriculture,,Dem,Nakita Hemingway,564,375,53,0,136
Liberty,Hinesville,Commissioner of Agriculture,,Dem,Nakita Hemingway,818,530,67,0,221
Liberty,Liberty County Complex,Commissioner of Agriculture,,Dem,Nakita Hemingway,1202,852,158,0,192
Liberty,Victory Baptist,Commissioner of Agriculture,,Dem,Nakita Hemingway,1150,812,77,1,260
Liberty,Fleming East,Commissioner of Agriculture,,Dem,Nakita Hemingway,398,233,46,1,118
Liberty,Gum Branch,Commissioner of Agriculture,,Dem,Nakita Hemingway,593,393,63,0,137
Liberty,Progressive Church,Commissioner of Agriculture,,Dem,Nakita Hemingway,728,502,72,0,154
Liberty,Riceboro,Commissioner of Agriculture,,Lib,David Raudabaugh,7,4,0,0,3
Liberty,Lyman Hall,Commissioner of Agriculture,,Lib,David Raudabaugh,53,34,4,0,15
Liberty,Lewis Frasier,Commissioner of Agriculture,,Lib,David Raudabaugh,19,15,1,0,3
Liberty,Memorial Dr,Commissioner of Agriculture,,Lib,David Raudabaugh,23,14,2,0,7
Liberty,Performing Arts CTR,Commissioner of Agriculture,,Lib,David Raudabaugh,16,6,2,0,8
Liberty,Town of Allenhurst,Commissioner of Agriculture,,Lib,David Raudabaugh,15,8,1,0,6
Liberty,Hinesville,Commissioner of Agriculture,,Lib,David Raudabaugh,39,16,2,0,21
Liberty,Liberty County Complex,Commissioner of Agriculture,,Lib,David Raudabaugh,57,34,4,1,18
Liberty,Victory Baptist,Commissioner of Agriculture,,Lib,David Raudabaugh,31,17,0,0,14
Liberty,Fleming East,Commissioner of Agriculture,,Lib,David Raudabaugh,30,10,1,0,19
Liberty,Gum Branch,Commissioner of Agriculture,,Lib,David Raudabaugh,34,9,4,0,21
Liberty,Progressive Church,Commissioner of Agriculture,,Lib,David Raudabaugh,33,18,4,0,11
Liberty,Riceboro,Commissioner of Insurance,,Rep,John King ,136,74,8,0,54
Liberty,Lyman Hall,Commissioner of Insurance,,Rep,John King ,405,250,19,0,136
Liberty,Lewis Frasier,Commissioner of Insurance,,Rep,John King ,411,239,23,0,149
Liberty,Memorial Dr,Commissioner of Insurance,,Rep,John King ,208,110,8,0,90
Liberty,Performing Arts CTR,Commissioner of Insurance,,Rep,John King ,299,162,7,0,130
Liberty,Town of Allenhurst,Commissioner of Insurance,,Rep,John King ,196,100,7,0,89
Liberty,Hinesville,Commissioner of Insurance,,Rep,John King ,641,386,31,0,224
Liberty,Liberty County Complex,Commissioner of Insurance,,Rep,John King ,1467,949,51,1,466
Liberty,Victory Baptist,Commissioner of Insurance,,Rep,John King ,384,181,13,0,190
Liberty,Fleming East,Commissioner of Insurance,,Rep,John King ,893,453,28,0,412
Liberty,Gum Branch,Commissioner of Insurance,,Rep,John King ,672,263,22,0,387
Liberty,Progressive Church,Commissioner of Insurance,,Rep,John King ,277,168,13,0,96
Liberty,Riceboro,Commissioner of Insurance,,Dem,Janice Laws Robinson,494,292,66,1,135
Liberty,Lyman Hall,Commissioner of Insurance,,Dem,Janice Laws Robinson,1258,841,121,0,296
Liberty,Lewis Frasier,Commissioner of Insurance,,Dem,Janice Laws Robinson,699,479,59,0,161
Liberty,Memorial Dr,Commissioner of Insurance,,Dem,Janice Laws Robinson,564,382,63,0,119
Liberty,Performing Arts CTR,Commissioner of Insurance,,Dem,Janice Laws Robinson,626,401,56,0,169
Liberty,Town of Allenhurst,Commissioner of Insurance,,Dem,Janice Laws Robinson,568,380,53,0,135
Liberty,Hinesville,Commissioner of Insurance,,Dem,Janice Laws Robinson,831,531,71,0,229
Liberty,Liberty County Complex,Commissioner of Insurance,,Dem,Janice Laws Robinson,1225,878,161,0,186
Liberty,Victory Baptist,Commissioner of Insurance,,Dem,Janice Laws Robinson,1165,827,76,1,261
Liberty,Fleming East,Commissioner of Insurance,,Dem,Janice Laws Robinson,415,239,49,1,126
Liberty,Gum Branch,Commissioner of Insurance,,Dem,Janice Laws Robinson,605,396,66,0,143
Liberty,Progressive Church,Commissioner of Insurance,,Dem,Janice Laws Robinson,750,518,71,0,161
Liberty,Riceboro,State School Superintendent,,Rep,Richard Woods ,147,82,9,0,56
Liberty,Lyman Hall,State School Superintendent,,Rep,Richard Woods ,416,258,22,0,136
Liberty,Lewis Frasier,State School Superintendent,,Rep,Richard Woods ,411,239,22,0,150
Liberty,Memorial Dr,State School Superintendent,,Rep,Richard Woods ,209,115,9,0,85
Liberty,Performing Arts CTR,State School Superintendent,,Rep,Richard Woods ,305,166,7,0,132
Liberty,Town of Allenhurst,State School Superintendent,,Rep,Richard Woods ,203,102,7,0,94
Liberty,Hinesville,State School Superintendent,,Rep,Richard Woods ,643,384,32,0,227
Liberty,Liberty County Complex,State School Superintendent,,Rep,Richard Woods ,1479,966,50,0,463
Liberty,Victory Baptist,State School Superintendent,,Rep,Richard Woods ,386,189,10,0,187
Liberty,Fleming East,State School Superintendent,,Rep,Richard Woods ,896,455,30,0,411
Liberty,Gum Branch,State School Superintendent,,Rep,Richard Woods ,664,265,22,0,377
Liberty,Progressive Church,State School Superintendent,,Rep,Richard Woods ,285,179,13,0,93
Liberty,Riceboro,State School Superintendent,,Dem,Alisha Thomas Searcy,483,285,63,1,134
Liberty,Lyman Hall,State School Superintendent,,Dem,Alisha Thomas Searcy,1256,841,118,0,297
Liberty,Lewis Frasier,State School Superintendent,,Dem,Alisha Thomas Searcy,700,479,59,0,162
Liberty,Memorial Dr,State School Superintendent,,Dem,Alisha Thomas Searcy,565,380,61,0,124
Liberty,Performing Arts CTR,State School Superintendent,,Dem,Alisha Thomas Searcy,621,398,56,0,167
Liberty,Town of Allenhurst,State School Superintendent,,Dem,Alisha Thomas Searcy,561,377,54,0,130
Liberty,Hinesville,State School Superintendent,,Dem,Alisha Thomas Searcy,832,538,68,0,226
Liberty,Liberty County Complex,State School Superintendent,,Dem,Alisha Thomas Searcy,1211,864,160,1,186
Liberty,Victory Baptist,State School Superintendent,,Dem,Alisha Thomas Searcy,1165,821,77,1,266
Liberty,Fleming East,State School Superintendent,,Dem,Alisha Thomas Searcy,410,234,46,1,129
Liberty,Gum Branch,State School Superintendent,,Dem,Alisha Thomas Searcy,616,397,65,0,154
Liberty,Progressive Church,State School Superintendent,,Dem,Alisha Thomas Searcy,743,507,72,0,164
Liberty,Riceboro,Commissioner of Labor,,Rep,Bruce Thompson,128,74,8,0,46
Liberty,Lyman Hall,Commissioner of Labor,,Rep,Bruce Thompson,394,241,21,0,132
Liberty,Lewis Frasier,Commissioner of Labor,,Rep,Bruce Thompson,394,228,23,0,143
Liberty,Memorial Dr,Commissioner of Labor,,Rep,Bruce Thompson,189,102,5,0,82
Liberty,Performing Arts CTR,Commissioner of Labor,,Rep,Bruce Thompson,284,157,6,0,121
Liberty,Town of Allenhurst,Commissioner of Labor,,Rep,Bruce Thompson,192,98,7,0,87
Liberty,Hinesville,Commissioner of Labor,,Rep,Bruce Thompson,594,364,29,0,201
Liberty,Liberty County Complex,Commissioner of Labor,,Rep,Bruce Thompson,1418,926,48,1,443
Liberty,Victory Baptist,Commissioner of Labor,,Rep,Bruce Thompson,358,174,11,0,173
Liberty,Fleming East,Commissioner of Labor,,Rep,Bruce Thompson,864,439,30,0,395
Liberty,Gum Branch,Commissioner of Labor,,Rep,Bruce Thompson,642,255,20,0,367
Liberty,Progressive Church,Commissioner of Labor,,Rep,Bruce Thompson,273,165,12,0,96
Liberty,Riceboro,Commissioner of Labor,,Dem,"William """"Will"""" Boddie, Jr",487,290,65,1,131
Liberty,Lyman Hall,Commissioner of Labor,,Dem,"William """"Will"""" Boddie, Jr",1225,831,113,0,281
Liberty,Lewis Frasier,Commissioner of Labor,,Dem,"William """"Will"""" Boddie, Jr",685,470,59,0,156
Liberty,Memorial Dr,Commissioner of Labor,,Dem,"William """"Will"""" Boddie, Jr",561,378,63,0,120
Liberty,Performing Arts CTR,Commissioner of Labor,,Dem,"William """"Will"""" Boddie, Jr",613,396,54,0,163
Liberty,Town of Allenhurst,Commissioner of Labor,,Dem,"William """"Will"""" Boddie, Jr",559,373,54,0,132
Liberty,Hinesville,Commissioner of Labor,,Dem,"William """"Will"""" Boddie, Jr",830,533,69,0,228
Liberty,Liberty County Complex,Commissioner of Labor,,Dem,"William """"Will"""" Boddie, Jr",1205,865,158,0,182
Liberty,Victory Baptist,Commissioner of Labor,,Dem,"William """"Will"""" Boddie, Jr",1157,818,76,1,262
Liberty,Fleming East,Commissioner of Labor,,Dem,"William """"Will"""" Boddie, Jr",410,239,46,1,124
Liberty,Gum Branch,Commissioner of Labor,,Dem,"William """"Will"""" Boddie, Jr",589,384,64,0,141
Liberty,Progressive Church,Commissioner of Labor,,Dem,"William """"Will"""" Boddie, Jr",725,503,70,0,152
Liberty,Riceboro,Commissioner of Labor,,Lib,Emily Anderson,13,2,1,0,10
Liberty,Lyman Hall,Commissioner of Labor,,Lib,Emily Anderson,59,29,6,0,24
Liberty,Lewis Frasier,Commissioner of Labor,,Lib,Emily Anderson,28,19,0,0,9
Liberty,Memorial Dr,Commissioner of Labor,,Lib,Emily Anderson,22,14,2,0,6
Liberty,Performing Arts CTR,Commissioner of Labor,,Lib,Emily Anderson,28,12,3,0,13
Liberty,Town of Allenhurst,Commissioner of Labor,,Lib,Emily Anderson,14,10,0,0,4
Liberty,Hinesville,Commissioner of Labor,,Lib,Emily Anderson,47,20,3,0,24
Liberty,Liberty County Complex,Commissioner of Labor,,Lib,Emily Anderson,67,36,6,0,25
Liberty,Victory Baptist,Commissioner of Labor,,Lib,Emily Anderson,34,17,1,0,16
Liberty,Fleming East,Commissioner of Labor,,Lib,Emily Anderson,33,11,1,0,21
Liberty,Gum Branch,Commissioner of Labor,,Lib,Emily Anderson,43,18,4,0,21
Liberty,Progressive Church,Commissioner of Labor,,Lib,Emily Anderson,32,19,3,0,10
Liberty,Riceboro,U.S. House,,Rep,"Earl L. """"Buddy"""" Carter ",136,73,8,0,55
Liberty,Lyman Hall,U.S. House,,Rep,"Earl L. """"Buddy"""" Carter ",417,253,16,0,148
Liberty,Lewis Frasier,U.S. House,,Rep,"Earl L. """"Buddy"""" Carter ",417,238,24,0,155
Liberty,Memorial Dr,U.S. House,,Rep,"Earl L. """"Buddy"""" Carter ",205,111,4,0,90
Liberty,Performing Arts CTR,U.S. House,,Rep,"Earl L. """"Buddy"""" Carter ",306,167,8,0,131
Liberty,Town of Allenhurst,U.S. House,,Rep,"Earl L. """"Buddy"""" Carter ",200,100,7,0,93
Liberty,Hinesville,U.S. House,,Rep,"Earl L. """"Buddy"""" Carter ",653,392,32,0,229
Liberty,Liberty County Complex,U.S. House,,Rep,"Earl L. """"Buddy"""" Carter ",1455,949,51,0,455
Liberty,Victory Baptist,U.S. House,,Rep,"Earl L. """"Buddy"""" Carter ",389,188,13,0,188
Liberty,Fleming East,U.S. House,,Rep,"Earl L. """"Buddy"""" Carter ",893,443,29,0,421
Liberty,Gum Branch,U.S. House,,Rep,"Earl L. """"Buddy"""" Carter ",673,268,21,0,384
Liberty,Progressive Church,U.S. House,,Rep,"Earl L. """"Buddy"""" Carter ",279,170,12,0,97
Liberty,Riceboro,U.S. House,,Dem,Wade Herring,501,297,66,1,137
Liberty,Lyman Hall,U.S. House,,Dem,Wade Herring,1267,854,125,0,288
Liberty,Lewis Frasier,U.S. House,,Dem,Wade Herring,701,483,62,0,156
Liberty,Memorial Dr,U.S. House,,Dem,Wade Herring,571,387,67,0,117
Liberty,Performing Arts CTR,U.S. House,,Dem,Wade Herring,626,403,55,0,168
Liberty,Town of Allenhurst,U.S. House,,Dem,Wade Herring,569,382,54,0,133
Liberty,Hinesville,U.S. House,,Dem,Wade Herring,827,532,70,0,225
Liberty,Liberty County Complex,U.S. House,,Dem,Wade Herring,1258,896,164,1,197
Liberty,Victory Baptist,U.S. House,,Dem,Wade Herring,1160,820,75,1,264
Liberty,Fleming East,U.S. House,,Dem,Wade Herring,430,253,49,1,127
Liberty,Gum Branch,U.S. House,,Dem,Wade Herring,608,392,67,0,149
Liberty,Progressive Church,U.S. House,,Dem,Wade Herring,753,516,75,0,162
Liberty,Riceboro,State Senate,,Rep,Ben Watson ,136,77,8,0,51
Liberty,Lyman Hall,State Senate,,Rep,Ben Watson ,416,256,22,0,138
Liberty,Lewis Frasier,State Senate,,Rep,Ben Watson ,410,236,26,0,148
Liberty,Memorial Dr,State Senate,,Rep,Ben Watson ,208,111,5,0,92
Liberty,Performing Arts CTR,State Senate,,Rep,Ben Watson ,297,162,6,0,129
Liberty,Town of Allenhurst,State Senate,,Rep,Ben Watson ,196,102,7,0,87
Liberty,Hinesville,State Senate,,Rep,Ben Watson ,635,381,33,0,221
Liberty,Liberty County Complex,State Senate,,Rep,Ben Watson ,1470,957,52,1,460
Liberty,Victory Baptist,State Senate,,Rep,Ben Watson ,383,184,13,0,186
Liberty,Fleming East,State Senate,,Rep,Ben Watson ,894,452,30,0,412
Liberty,Gum Branch,State Senate,,Rep,Ben Watson ,670,267,19,0,384
Liberty,Progressive Church,State Senate,,Rep,Ben Watson ,280,171,12,0,97
Liberty,Riceboro,State Senate,,Dem,"James """"Jay"""" Jones",492,288,66,1,137
Liberty,Lyman Hall,State Senate,,Dem,"James """"Jay"""" Jones",1262,845,118,0,299
Liberty,Lewis Frasier,State Senate,,Dem,"James """"Jay"""" Jones",702,481,58,0,163
Liberty,Memorial Dr,State Senate,,Dem,"James """"Jay"""" Jones",562,379,67,0,116
Liberty,Performing Arts CTR,State Senate,,Dem,"James """"Jay"""" Jones",627,401,57,0,169
Liberty,Town of Allenhurst,State Senate,,Dem,"James """"Jay"""" Jones",566,377,53,0,136
Liberty,Hinesville,State Senate,,Dem,"James """"Jay"""" Jones",842,540,70,0,232
Liberty,Liberty County Complex,State Senate,,Dem,"James """"Jay"""" Jones",1225,872,162,0,191
Liberty,Victory Baptist,State Senate,,Dem,"James """"Jay"""" Jones",1167,824,76,1,266
Liberty,Fleming East,State Senate,,Dem,"James """"Jay"""" Jones",421,240,47,1,133
Liberty,Gum Branch,State Senate,,Dem,"James """"Jay"""" Jones",603,388,69,0,146
Liberty,Progressive Church,State Senate,,Dem,"James """"Jay"""" Jones",753,516,75,0,162
Liberty,Memorial Dr,State House,,Rep,Buddy DeLoach ,8,5,1,0,2
Liberty,Performing Arts CTR,State House,,Rep,Buddy DeLoach ,59,28,1,0,30
Liberty,Gum Branch,State House,,Rep,Buddy DeLoach ,1,0,0,0,1
Liberty,Riceboro,State House,,Dem,Al Williams ,562,329,70,1,162
Liberty,Lyman Hall,State House,,Dem,Al Williams ,1464,975,124,0,365
Liberty,Lewis Frasier,State House,,Dem,Al Williams ,893,587,71,0,235
Liberty,Memorial Dr,State House,,Dem,Al Williams ,653,433,65,0,155
Liberty,Performing Arts CTR,State House,,Dem,Al Williams ,700,439,54,0,207
Liberty,Town of Allenhurst,State House,,Dem,Al Williams ,661,427,57,0,177
Liberty,Hinesville,State House,,Dem,Al Williams ,1148,717,78,0,353
Liberty,Liberty County Complex,State House,,Dem,Al Williams ,1919,1321,179,1,418
Liberty,Victory Baptist,State House,,Dem,Al Williams ,1351,901,82,1,367
Liberty,Fleming East,State House,,Dem,Al Williams ,849,466,54,1,328
Liberty,Gum Branch,State House,,Dem,Al Williams ,918,517,74,0,327
Liberty,Progressive Church,State House,,Dem,Al Williams ,896,605,79,0,212
Liberty,Riceboro,District Attorney,,Rep,"Billy Joe Nelson, Jr.",319,170,26,0,123
Liberty,Lyman Hall,District Attorney,,Rep,"Billy Joe Nelson, Jr.",1009,629,69,0,311
Liberty,Lewis Frasier,District Attorney,,Rep,"Billy Joe Nelson, Jr.",753,466,39,0,248
Liberty,Memorial Dr,District Attorney,,Rep,"Billy Joe Nelson, Jr.",480,289,31,0,160
Liberty,Performing Arts CTR,District Attorney,,Rep,"Billy Joe Nelson, Jr.",618,362,27,0,229
Liberty,Town of Allenhurst,District Attorney,,Rep,"Billy Joe Nelson, Jr.",489,293,25,0,171
Liberty,Hinesville,District Attorney,,Rep,"Billy Joe Nelson, Jr.",1081,660,53,0,368
Liberty,Liberty County Complex,District Attorney,,Rep,"Billy Joe Nelson, Jr.",2017,1346,103,0,568
Liberty,Victory Baptist,District Attorney,,Rep,"Billy Joe Nelson, Jr.",995,601,44,1,349
Liberty,Fleming East,District Attorney,,Rep,"Billy Joe Nelson, Jr.",1109,571,45,1,492
Liberty,Gum Branch,District Attorney,,Rep,"Billy Joe Nelson, Jr.",973,468,42,0,463
Liberty,Progressive Church,District Attorney,,Rep,"Billy Joe Nelson, Jr.",643,419,36,0,188
Liberty,Riceboro,County Commissioner,,Dem,"Marion Stevens, Sr. ",531,311,63,1,156
Liberty,Lewis Frasier,County Commissioner,,Dem,"Marion Stevens, Sr. ",420,267,42,0,111
Liberty,Performing Arts CTR,County Commissioner,,Dem,"Marion Stevens, Sr. ",282,182,30,0,70
Liberty,Town of Allenhurst,County Commissioner,,Dem,"Marion Stevens, Sr. ",45,29,2,0,14
Liberty,Hinesville,County Commissioner,,Dem,"Marion Stevens, Sr. ",51,28,2,0,21
Liberty,Liberty County Complex,County Commissioner,,Dem,"Marion Stevens, Sr. ",1559,1092,154,1,312
Liberty,Victory Baptist,County Commissioner,,Dem,"Marion Stevens, Sr. ",375,240,21,0,114
Liberty,Fleming East,County Commissioner,,Dem,"Marion Stevens, Sr. ",5,3,0,0,2
Liberty,Gum Branch,County Commissioner,,Dem,"Marion Stevens, Sr. ",0,0,0,0,0
Liberty,Lyman Hall,County Commissioner,,Rep,Alex Shirah,298,181,17,0,100
Liberty,Memorial Dr,County Commissioner,,Rep,Alex Shirah,10,10,0,0,0
Liberty,Victory Baptist,County Commissioner,,Rep,Alex Shirah,52,25,3,0,24
Liberty,Gum Branch,County Commissioner,,Rep,Alex Shirah,51,25,4,0,22
Liberty,Progressive Church,County Commissioner,,Rep,Alex Shirah,213,131,13,0,69
Liberty,Lyman Hall,County Commissioner,,Dem,Justin L. Frasier ,914,618,90,0,206
Liberty,Memorial Dr,County Commissioner,,Dem,Justin L. Frasier ,18,7,9,0,2
Liberty,Victory Baptist,County Commissioner,,Dem,Justin L. Frasier ,199,140,13,1,45
Liberty,Gum Branch,County Commissioner,,Dem,Justin L. Frasier ,150,99,11,0,40
Liberty,Progressive Church,County Commissioner,,Dem,Justin L. Frasier ,539,356,54,0,129
Liberty,Memorial Dr,County Commissioner,,Dem,Connie Thrift ,17,10,3,0,4
Liberty,Performing Arts CTR,County Commissioner,,Dem,Connie Thrift ,7,3,2,0,2
Liberty,Victory Baptist,County Commissioner,,Dem,Connie Thrift ,413,266,25,0,122
Liberty,Gum Branch,County Commissioner,,Dem,Connie Thrift ,816,437,63,0,316
Liberty,Progressive Church,County Commissioner,,Dem,Connie Thrift ,0,0,0,0,0
Liberty,Riceboro,Board of Education District 1 Special,,,"Lavonia """"Peggy"""" LeCounte",549,323,67,1,158
Liberty,Lewis Frasier,Board of Education District 1 Special,,,"Lavonia """"Peggy"""" LeCounte",383,242,34,0,107
Liberty,Performing Arts CTR,Board of Education District 1 Special,,,"Lavonia """"Peggy"""" LeCounte",275,175,27,0,73
Liberty,Town of Allenhurst,Board of Education District 1 Special,,,"Lavonia """"Peggy"""" LeCounte",41,27,1,0,13
Liberty,Hinesville,Board of Education District 1 Special,,,"Lavonia """"Peggy"""" LeCounte",53,27,3,0,23
Liberty,Liberty County Complex,Board of Education District 1 Special,,,"Lavonia """"Peggy"""" LeCounte",1627,1118,149,1,359
Liberty,Victory Baptist,Board of Education District 1 Special,,,"Lavonia """"Peggy"""" LeCounte",349,215,19,0,115
Liberty,Fleming East,Board of Education District 1 Special,,,"Lavonia """"Peggy"""" LeCounte",6,2,0,0,4
Liberty,Gum Branch,Board of Education District 1 Special,,,"Lavonia """"Peggy"""" LeCounte",2,0,0,0,2
Liberty,Lewis Frasier,Board of Education District 4,,,Natalie M. Hines,32,26,0,0,6
Liberty,Performing Arts CTR,Board of Education District 4,,,Natalie M. Hines,83,43,1,0,39
Liberty,Liberty County Complex,Board of Education District 4,,,Natalie M. Hines,318,212,16,0,90
Liberty,Fleming East,Board of Education District 4,,,Natalie M. Hines,706,381,35,0,290
Liberty,Lewis Frasier,Board of Education District 4,,,Chassidy Oliveira-Grace,18,15,1,0,2
Liberty,Performing Arts CTR,Board of Education District 4,,,Chassidy Oliveira-Grace,51,29,3,0,19
Liberty,Liberty County Complex,Board of Education District 4,,,Chassidy Oliveira-Grace,114,72,8,0,34
Liberty,Fleming East,Board of Education District 4,,,Chassidy Oliveira-Grace,333,158,25,1,149
Liberty,Riceboro,Constitutional Amendment #1,,,Yes,504,295,58,1,150
Liberty,Lyman Hall,Constitutional Amendment #1,,,Yes,1394,918,118,0,358
Liberty,Lewis Frasier,Constitutional Amendment #1,,,Yes,896,573,67,0,256
Liberty,Memorial Dr,Constitutional Amendment #1,,,Yes,647,413,56,0,178
Liberty,Performing Arts CTR,Constitutional Amendment #1,,,Yes,780,484,43,0,253
Liberty,Town of Allenhurst,Constitutional Amendment #1,,,Yes,616,391,46,0,179
Liberty,Hinesville,Constitutional Amendment #1,,,Yes,1258,785,94,0,379
Liberty,Liberty County Complex,Constitutional Amendment #1,,,Yes,2284,1554,179,1,550
Liberty,Victory Baptist,Constitutional Amendment #1,,,Yes,1310,850,66,1,393
Liberty,Fleming East,Constitutional Amendment #1,,,Yes,1099,583,59,1,456
Liberty,Gum Branch,Constitutional Amendment #1,,,Yes,1095,561,74,0,460
Liberty,Progressive Church,Constitutional Amendment #1,,,Yes,858,570,70,0,218
Liberty,Riceboro,Constitutional Amendment #1,,,No,92,52,11,0,29
Liberty,Lyman Hall,Constitutional Amendment #1,,,No,232,146,20,0,66
Liberty,Lewis Frasier,Constitutional Amendment #1,,,No,181,121,16,0,44
Liberty,Memorial Dr,Constitutional Amendment #1,,,No,105,67,10,0,28
Liberty,Performing Arts CTR,Constitutional Amendment #1,,,No,118,65,16,0,37
Liberty,Town of Allenhurst,Constitutional Amendment #1,,,No,133,77,15,0,41
Liberty,Hinesville,Constitutional Amendment #1,,,No,174,111,7,0,56
Liberty,Liberty County Complex,Constitutional Amendment #1,,,No,334,225,28,0,81
Liberty,Victory Baptist,Constitutional Amendment #1,,,No,218,143,22,0,53
Liberty,Fleming East,Constitutional Amendment #1,,,No,181,91,15,0,75
Liberty,Gum Branch,Constitutional Amendment #1,,,No,158,85,9,0,64
Liberty,Progressive Church,Constitutional Amendment #1,,,No,146,97,13,0,36
Liberty,Riceboro,Constitutional Amendment #2,,,Yes,576,341,69,1,165
Liberty,Lyman Hall,Constitutional Amendment #2,,,Yes,1542,998,140,0,404
Liberty,Lewis Frasier,Constitutional Amendment #2,,,Yes,979,635,75,0,269
Liberty,Memorial Dr,Constitutional Amendment #2,,,Yes,706,444,63,0,199
Liberty,Performing Arts CTR,Constitutional Amendment #2,,,Yes,840,521,53,0,266
Liberty,Town of Allenhurst,Constitutional Amendment #2,,,Yes,667,413,53,0,201
Liberty,Hinesville,Constitutional Amendment #2,,,Yes,1341,833,96,0,412
Liberty,Liberty County Complex,Constitutional Amendment #2,,,Yes,2425,1657,193,1,574
Liberty,Victory Baptist,Constitutional Amendment #2,,,Yes,1433,929,85,1,418
Liberty,Fleming East,Constitutional Amendment #2,,,Yes,1188,642,68,1,477
Liberty,Gum Branch,Constitutional Amendment #2,,,Yes,1174,608,82,0,484
Liberty,Progressive Church,Constitutional Amendment #2,,,Yes,948,636,81,0,231
Liberty,Riceboro,Constitutional Amendment #2,,,No,48,29,2,0,17
Liberty,Lyman Hall,Constitutional Amendment #2,,,No,116,87,0,0,29
Liberty,Lewis Frasier,Constitutional Amendment #2,,,No,112,72,7,0,33
Liberty,Memorial Dr,Constitutional Amendment #2,,,No,60,44,6,0,10
Liberty,Performing Arts CTR,Constitutional Amendment #2,,,No,71,37,7,0,27
Liberty,Town of Allenhurst,Constitutional Amendment #2,,,No,87,59,7,0,21
Liberty,Hinesville,Constitutional Amendment #2,,,No,105,71,2,0,32
Liberty,Liberty County Complex,Constitutional Amendment #2,,,No,242,159,15,0,68
Liberty,Victory Baptist,Constitutional Amendment #2,,,No,99,65,3,0,31
Liberty,Fleming East,Constitutional Amendment #2,,,No,105,39,7,0,59
Liberty,Gum Branch,Constitutional Amendment #2,,,No,88,47,3,0,38
Liberty,Progressive Church,Constitutional Amendment #2,,,No,70,44,3,0,23
Liberty,Riceboro,Statewide Referendum A,,,Yes,408,240,38,1,129
Liberty,Lyman Hall,Statewide Referendum A,,,Yes,1037,679,79,0,279
Liberty,Lewis Frasier,Statewide Referendum A,,,Yes,635,414,37,0,184
Liberty,Memorial Dr,Statewide Referendum A,,,Yes,485,297,46,0,142
Liberty,Performing Arts CTR,Statewide Referendum A,,,Yes,605,371,32,0,202
Liberty,Town of Allenhurst,Statewide Referendum A,,,Yes,483,302,37,0,144
Liberty,Hinesville,Statewide Referendum A,,,Yes,862,540,49,0,273
Liberty,Liberty County Complex,Statewide Referendum A,,,Yes,1517,1012,104,1,400
Liberty,Victory Baptist,Statewide Referendum A,,,Yes,925,604,36,1,284
Liberty,Fleming East,Statewide Referendum A,,,Yes,765,404,37,1,323
Liberty,Gum Branch,Statewide Referendum A,,,Yes,789,402,41,0,346
Liberty,Progressive Church,Statewide Referendum A,,,Yes,637,413,49,0,175
Liberty,Riceboro,Statewide Referendum A,,,No,204,122,32,0,50
Liberty,Lyman Hall,Statewide Referendum A,,,No,596,390,59,0,147
Liberty,Lewis Frasier,Statewide Referendum A,,,No,447,287,42,0,118
Liberty,Memorial Dr,Statewide Referendum A,,,No,267,186,20,0,61
Liberty,Performing Arts CTR,Statewide Referendum A,,,No,292,178,28,0,86
Liberty,Town of Allenhurst,Statewide Referendum A,,,No,265,168,23,0,74
Liberty,Hinesville,Statewide Referendum A,,,No,562,356,49,0,157
Liberty,Liberty County Complex,Statewide Referendum A,,,No,1093,762,98,0,233
Liberty,Victory Baptist,Statewide Referendum A,,,No,595,386,49,0,160
Liberty,Fleming East,Statewide Referendum A,,,No,505,261,36,0,208
Liberty,Gum Branch,Statewide Referendum A,,,No,449,232,43,0,174
Liberty,Progressive Church,Statewide Referendum A,,,No,360,255,30,0,75
Liberty,Riceboro,Statewide Referendum B,,,Yes,448,268,45,1,134
Liberty,Lyman Hall,Statewide Referendum B,,,Yes,1215,781,102,0,332
Liberty,Lewis Frasier,Statewide Referendum B,,,Yes,812,526,48,0,238
Liberty,Memorial Dr,Statewide Referendum B,,,Yes,597,376,52,0,169
Liberty,Performing Arts CTR,Statewide Referendum B,,,Yes,708,430,46,0,232
Liberty,Town of Allenhurst,Statewide Referendum B,,,Yes,560,351,46,0,163
Liberty,Hinesville,Statewide Referendum B,,,Yes,1097,687,70,0,340
Liberty,Liberty County Complex,Statewide Referendum B,,,Yes,1997,1339,141,1,516
Liberty,Victory Baptist,Statewide Referendum B,,,Yes,1145,751,56,1,337
Liberty,Fleming East,Statewide Referendum B,,,Yes,1015,530,51,1,433
Liberty,Gum Branch,Statewide Referendum B,,,Yes,991,499,60,0,432
Liberty,Progressive Church,Statewide Referendum B,,,Yes,770,508,59,0,203
Liberty,Riceboro,Statewide Referendum B,,,No,157,89,22,0,46
Liberty,Lyman Hall,Statewide Referendum B,,,No,417,288,33,0,96
Liberty,Lewis Frasier,Statewide Referendum B,,,No,278,179,34,0,65
Liberty,Memorial Dr,Statewide Referendum B,,,No,156,106,15,0,35
Liberty,Performing Arts CTR,Statewide Referendum B,,,No,195,126,14,0,55
Liberty,Town of Allenhurst,Statewide Referendum B,,,No,187,116,15,0,56
Liberty,Hinesville,Statewide Referendum B,,,No,330,215,26,0,89
Liberty,Liberty County Complex,Statewide Referendum B,,,No,618,439,63,0,116
Liberty,Victory Baptist,Statewide Referendum B,,,No,372,235,30,0,107
Liberty,Fleming East,Statewide Referendum B,,,No,253,140,22,0,91
Liberty,Gum Branch,Statewide Referendum B,,,No,257,146,23,0,88
Liberty,Progressive Church,Statewide Referendum B,,,No,238,167,22,0,49
Liberty,Riceboro,SPLOST,,,Yes,428,261,58,1,108
Liberty,Lyman Hall,SPLOST,,,Yes,1052,700,89,0,263
Liberty,Lewis Frasier,SPLOST,,,Yes,671,447,51,0,173
Liberty,Memorial Dr,SPLOST,,,Yes,513,319,58,0,136
Liberty,Performing Arts CTR,SPLOST,,,Yes,558,347,41,0,170
Liberty,Town of Allenhurst,SPLOST,,,Yes,497,312,46,0,139
Liberty,Hinesville,SPLOST,,,Yes,905,580,56,0,269
Liberty,Liberty County Complex,SPLOST,,,Yes,1517,1054,138,0,325
Liberty,Victory Baptist,SPLOST,,,Yes,949,624,57,1,267
Liberty,Fleming East,SPLOST,,,Yes,726,403,40,1,282
Liberty,Gum Branch,SPLOST,,,Yes,766,403,61,0,302
Liberty,Progressive Church,SPLOST,,,Yes,613,403,59,0,151
Liberty,Riceboro,SPLOST,,,No,182,96,13,0,73
Liberty,Lyman Hall,SPLOST,,,No,601,384,49,0,168
Liberty,Lewis Frasier,SPLOST,,,No,421,261,31,0,129
Liberty,Memorial Dr,SPLOST,,,No,249,166,11,0,72
Liberty,Performing Arts CTR,SPLOST,,,No,348,209,19,0,120
Liberty,Town of Allenhurst,SPLOST,,,No,263,162,15,0,86
Liberty,Hinesville,SPLOST,,,No,548,332,43,0,173
Liberty,Liberty County Complex,SPLOST,,,No,1119,741,68,1,309
Liberty,Victory Baptist,SPLOST,,,No,578,370,31,0,177
Liberty,Fleming East,SPLOST,,,No,547,266,35,0,246
Liberty,Gum Branch,SPLOST,,,No,487,245,25,0,217
Liberty,Progressive Church,SPLOST,,,No,396,270,24,0,102
