county,precinct,office,district,party,candidate,votes,advance_voting_votes,absentee_by_mail_votes,provisional_votes,election_day_votes
Ware,100 - City Auditorium,U.S. Senate,,Rep,Herschel Walker,422,269,30,1,122
Ware,200A - Memorial Stadium,U.S. Senate,,Rep,Herschel Walker,1512,1096,86,0,330
Ware,200B - City Auditorium,U.S. Senate,,Rep,Herschel Walker,335,238,32,0,65
Ware,300 - Ware BoE Transportation,U.S. Senate,,Rep,Herschel Walker,1455,851,96,1,507
Ware,304 - Ware BoE Learning Center,U.S. Senate,,Rep,Herschel Walker,379,184,15,0,180
Ware,400 - Second Baptist Church,U.S. Senate,,Rep,Herschel Walker,823,223,8,0,592
Ware,404 - Bickley UM Church,U.S. Senate,,Rep,Herschel Walker,241,64,6,1,170
Ware,405 - Haywood Baptist Church,U.S. Senate,,Rep,Herschel Walker,359,111,6,0,242
Ware,406 - Jamestown Baptist Church,U.S. Senate,,Rep,Herschel Walker,822,380,23,0,419
Ware,407 - Manor Commmunity Center,U.S. Senate,,Rep,Herschel Walker,357,98,12,0,247
Ware,408 - Millwood Baptist Church,U.S. Senate,,Rep,Herschel Walker,285,56,2,1,226
Ware,409 - Waresboro Church of God,U.S. Senate,,Rep,Herschel Walker,577,252,15,0,310
Ware,100 - City Auditorium,U.S. Senate,,Dem,Raphael Warnock ,1464,995,197,0,272
Ware,200A - Memorial Stadium,U.S. Senate,,Dem,Raphael Warnock ,604,409,64,0,131
Ware,200B - City Auditorium,U.S. Senate,,Dem,Raphael Warnock ,152,96,17,0,39
Ware,300 - Ware BoE Transportation,U.S. Senate,,Dem,Raphael Warnock ,419,256,51,0,112
Ware,304 - Ware BoE Learning Center,U.S. Senate,,Dem,Raphael Warnock ,46,23,3,0,20
Ware,400 - Second Baptist Church,U.S. Senate,,Dem,Raphael Warnock ,87,20,8,0,59
Ware,404 - Bickley UM Church,U.S. Senate,,Dem,Raphael Warnock ,28,8,8,0,12
Ware,405 - Haywood Baptist Church,U.S. Senate,,Dem,Raphael Warnock ,16,8,2,0,6
Ware,406 - Jamestown Baptist Church,U.S. Senate,,Dem,Raphael Warnock ,76,44,6,0,26
Ware,407 - Manor Commmunity Center,U.S. Senate,,Dem,Raphael Warnock ,18,5,2,0,11
Ware,408 - Millwood Baptist Church,U.S. Senate,,Dem,Raphael Warnock ,17,5,1,0,11
Ware,409 - Waresboro Church of God,U.S. Senate,,Dem,Raphael Warnock ,49,30,2,0,17
Ware,100 - City Auditorium,U.S. Senate,,L,Chase Oliver,34,18,6,0,10
Ware,200A - Memorial Stadium,U.S. Senate,,L,Chase Oliver,38,27,0,0,11
Ware,200B - City Auditorium,U.S. Senate,,L,Chase Oliver,5,4,1,0,0
Ware,300 - Ware BoE Transportation,U.S. Senate,,L,Chase Oliver,33,17,7,0,9
Ware,304 - Ware BoE Learning Center,U.S. Senate,,L,Chase Oliver,9,4,0,0,5
Ware,400 - Second Baptist Church,U.S. Senate,,L,Chase Oliver,14,4,0,0,10
Ware,404 - Bickley UM Church,U.S. Senate,,L,Chase Oliver,1,0,0,0,1
Ware,405 - Haywood Baptist Church,U.S. Senate,,L,Chase Oliver,3,1,0,0,2
Ware,406 - Jamestown Baptist Church,U.S. Senate,,L,Chase Oliver,17,9,0,0,8
Ware,407 - Manor Commmunity Center,U.S. Senate,,L,Chase Oliver,0,0,0,0,0
Ware,408 - Millwood Baptist Church,U.S. Senate,,L,Chase Oliver,2,0,0,0,2
Ware,409 - Waresboro Church of God,U.S. Senate,,L,Chase Oliver,5,1,0,0,4
Ware,100 - City Auditorium,Governor,,Rep,Brian Kemp ,455,289,35,0,131
Ware,200A - Memorial Stadium,Governor,,Rep,Brian Kemp ,1603,1158,90,0,355
Ware,200B - City Auditorium,Governor,,Rep,Brian Kemp ,346,247,31,0,68
Ware,300 - Ware BoE Transportation,Governor,,Rep,Brian Kemp ,1518,889,102,1,526
Ware,304 - Ware BoE Learning Center,Governor,,Rep,Brian Kemp ,392,189,15,0,188
Ware,400 - Second Baptist Church,Governor,,Rep,Brian Kemp ,840,229,8,0,603
Ware,404 - Bickley UM Church,Governor,,Rep,Brian Kemp ,251,68,9,1,173
Ware,405 - Haywood Baptist Church,Governor,,Rep,Brian Kemp ,364,112,6,0,246
Ware,406 - Jamestown Baptist Church,Governor,,Rep,Brian Kemp ,850,394,23,0,433
Ware,407 - Manor Commmunity Center,Governor,,Rep,Brian Kemp ,360,98,12,0,250
Ware,408 - Millwood Baptist Church,Governor,,Rep,Brian Kemp ,289,56,2,1,230
Ware,409 - Waresboro Church of God,Governor,,Rep,Brian Kemp ,587,257,15,0,315
Ware,100 - City Auditorium,Governor,,Dem,Stacey Abrams,1462,994,198,0,270
Ware,200A - Memorial Stadium,Governor,,Dem,Stacey Abrams,540,370,57,0,113
Ware,200B - City Auditorium,Governor,,Dem,Stacey Abrams,147,90,20,0,37
Ware,300 - Ware BoE Transportation,Governor,,Dem,Stacey Abrams,393,240,52,0,101
Ware,304 - Ware BoE Learning Center,Governor,,Dem,Stacey Abrams,41,21,3,0,17
Ware,400 - Second Baptist Church,Governor,,Dem,Stacey Abrams,78,17,8,0,53
Ware,404 - Bickley UM Church,Governor,,Dem,Stacey Abrams,19,4,5,0,10
Ware,405 - Haywood Baptist Church,Governor,,Dem,Stacey Abrams,14,8,2,0,4
Ware,406 - Jamestown Baptist Church,Governor,,Dem,Stacey Abrams,65,37,6,0,22
Ware,407 - Manor Commmunity Center,Governor,,Dem,Stacey Abrams,16,6,2,0,8
Ware,408 - Millwood Baptist Church,Governor,,Dem,Stacey Abrams,13,5,1,0,7
Ware,409 - Waresboro Church of God,Governor,,Dem,Stacey Abrams,40,24,2,0,14
Ware,100 - City Auditorium,Governor,,L,Shane Hazel,11,5,0,0,6
Ware,200A - Memorial Stadium,Governor,,L,Shane Hazel,21,11,0,0,10
Ware,200B - City Auditorium,Governor,,L,Shane Hazel,0,0,0,0,0
Ware,300 - Ware BoE Transportation,Governor,,L,Shane Hazel,14,8,1,0,5
Ware,304 - Ware BoE Learning Center,Governor,,L,Shane Hazel,4,2,0,0,2
Ware,400 - Second Baptist Church,Governor,,L,Shane Hazel,6,1,0,0,5
Ware,404 - Bickley UM Church,Governor,,L,Shane Hazel,0,0,0,0,0
Ware,405 - Haywood Baptist Church,Governor,,L,Shane Hazel,1,0,0,0,1
Ware,406 - Jamestown Baptist Church,Governor,,L,Shane Hazel,4,4,0,0,0
Ware,407 - Manor Commmunity Center,Governor,,L,Shane Hazel,1,0,0,0,1
Ware,408 - Millwood Baptist Church,Governor,,L,Shane Hazel,2,0,0,0,2
Ware,409 - Waresboro Church of God,Governor,,L,Shane Hazel,5,3,0,0,2
Ware,100 - City Auditorium,Lieutenant Governor,,Rep,Burt Jones,440,281,32,0,127
Ware,200A - Memorial Stadium,Lieutenant Governor,,Rep,Burt Jones,1538,1117,88,0,333
Ware,200B - City Auditorium,Lieutenant Governor,,Rep,Burt Jones,339,243,31,0,65
Ware,300 - Ware BoE Transportation,Lieutenant Governor,,Rep,Burt Jones,1483,877,100,1,505
Ware,304 - Ware BoE Learning Center,Lieutenant Governor,,Rep,Burt Jones,379,184,15,0,180
Ware,400 - Second Baptist Church,Lieutenant Governor,,Rep,Burt Jones,838,231,8,0,599
Ware,404 - Bickley UM Church,Lieutenant Governor,,Rep,Burt Jones,245,68,7,1,169
Ware,405 - Haywood Baptist Church,Lieutenant Governor,,Rep,Burt Jones,358,110,6,0,242
Ware,406 - Jamestown Baptist Church,Lieutenant Governor,,Rep,Burt Jones,826,382,22,0,422
Ware,407 - Manor Commmunity Center,Lieutenant Governor,,Rep,Burt Jones,350,93,12,0,245
Ware,408 - Millwood Baptist Church,Lieutenant Governor,,Rep,Burt Jones,283,56,2,1,224
Ware,409 - Waresboro Church of God,Lieutenant Governor,,Rep,Burt Jones,578,251,15,0,312
Ware,100 - City Auditorium,Lieutenant Governor,,Dem,Charlie Bailey,1388,939,188,1,260
Ware,200A - Memorial Stadium,Lieutenant Governor,,Dem,Charlie Bailey,565,380,60,0,125
Ware,200B - City Auditorium,Lieutenant Governor,,Dem,Charlie Bailey,147,89,19,0,39
Ware,300 - Ware BoE Transportation,Lieutenant Governor,,Dem,Charlie Bailey,394,240,52,0,102
Ware,304 - Ware BoE Learning Center,Lieutenant Governor,,Dem,Charlie Bailey,43,22,3,0,18
Ware,400 - Second Baptist Church,Lieutenant Governor,,Dem,Charlie Bailey,72,16,8,0,48
Ware,404 - Bickley UM Church,Lieutenant Governor,,Dem,Charlie Bailey,23,4,7,0,12
Ware,405 - Haywood Baptist Church,Lieutenant Governor,,Dem,Charlie Bailey,16,9,2,0,5
Ware,406 - Jamestown Baptist Church,Lieutenant Governor,,Dem,Charlie Bailey,72,45,6,0,21
Ware,407 - Manor Commmunity Center,Lieutenant Governor,,Dem,Charlie Bailey,14,6,1,0,7
Ware,408 - Millwood Baptist Church,Lieutenant Governor,,Dem,Charlie Bailey,16,5,1,0,10
Ware,409 - Waresboro Church of God,Lieutenant Governor,,Dem,Charlie Bailey,42,25,1,0,16
Ware,100 - City Auditorium,Lieutenant Governor,,L,Ryan Graham,42,28,3,0,11
Ware,200A - Memorial Stadium,Lieutenant Governor,,L,Ryan Graham,42,26,0,0,16
Ware,200B - City Auditorium,Lieutenant Governor,,L,Ryan Graham,4,4,0,0,0
Ware,300 - Ware BoE Transportation,Lieutenant Governor,,L,Ryan Graham,25,9,3,0,13
Ware,304 - Ware BoE Learning Center,Lieutenant Governor,,L,Ryan Graham,8,4,0,0,4
Ware,400 - Second Baptist Church,Lieutenant Governor,,L,Ryan Graham,12,2,0,0,10
Ware,404 - Bickley UM Church,Lieutenant Governor,,L,Ryan Graham,0,0,0,0,0
Ware,405 - Haywood Baptist Church,Lieutenant Governor,,L,Ryan Graham,1,0,0,0,1
Ware,406 - Jamestown Baptist Church,Lieutenant Governor,,L,Ryan Graham,10,5,0,0,5
Ware,407 - Manor Commmunity Center,Lieutenant Governor,,L,Ryan Graham,5,2,1,0,2
Ware,408 - Millwood Baptist Church,Lieutenant Governor,,L,Ryan Graham,2,0,0,0,2
Ware,409 - Waresboro Church of God,Lieutenant Governor,,L,Ryan Graham,11,7,1,0,3
Ware,100 - City Auditorium,Secretary of State,,Rep,Brad Raffensperger ,481,307,37,0,137
Ware,200A - Memorial Stadium,Secretary of State,,Rep,Brad Raffensperger ,1545,1111,91,0,343
Ware,200B - City Auditorium,Secretary of State,,Rep,Brad Raffensperger ,331,235,29,0,67
Ware,300 - Ware BoE Transportation,Secretary of State,,Rep,Brad Raffensperger ,1489,868,104,1,516
Ware,304 - Ware BoE Learning Center,Secretary of State,,Rep,Brad Raffensperger ,372,177,16,0,179
Ware,400 - Second Baptist Church,Secretary of State,,Rep,Brad Raffensperger ,811,224,11,0,576
Ware,404 - Bickley UM Church,Secretary of State,,Rep,Brad Raffensperger ,236,64,7,1,164
Ware,405 - Haywood Baptist Church,Secretary of State,,Rep,Brad Raffensperger ,348,105,6,0,237
Ware,406 - Jamestown Baptist Church,Secretary of State,,Rep,Brad Raffensperger ,822,384,23,0,415
Ware,407 - Manor Commmunity Center,Secretary of State,,Rep,Brad Raffensperger ,346,92,12,0,242
Ware,408 - Millwood Baptist Church,Secretary of State,,Rep,Brad Raffensperger ,281,56,2,1,222
Ware,409 - Waresboro Church of God,Secretary of State,,Rep,Brad Raffensperger ,571,245,16,0,310
Ware,100 - City Auditorium,Secretary of State,,Dem,Bee Nguyen,1340,907,183,0,250
Ware,200A - Memorial Stadium,Secretary of State,,Dem,Bee Nguyen,509,347,54,0,108
Ware,200B - City Auditorium,Secretary of State,,Dem,Bee Nguyen,138,84,19,0,35
Ware,300 - Ware BoE Transportation,Secretary of State,,Dem,Bee Nguyen,362,225,47,0,90
Ware,304 - Ware BoE Learning Center,Secretary of State,,Dem,Bee Nguyen,43,23,2,0,18
Ware,400 - Second Baptist Church,Secretary of State,,Dem,Bee Nguyen,71,15,5,0,51
Ware,404 - Bickley UM Church,Secretary of State,,Dem,Bee Nguyen,22,5,7,0,10
Ware,405 - Haywood Baptist Church,Secretary of State,,Dem,Bee Nguyen,13,7,2,0,4
Ware,406 - Jamestown Baptist Church,Secretary of State,,Dem,Bee Nguyen,62,37,6,0,19
Ware,407 - Manor Commmunity Center,Secretary of State,,Dem,Bee Nguyen,14,4,2,0,8
Ware,408 - Millwood Baptist Church,Secretary of State,,Dem,Bee Nguyen,10,4,1,0,5
Ware,409 - Waresboro Church of God,Secretary of State,,Dem,Bee Nguyen,41,26,1,0,14
Ware,100 - City Auditorium,Secretary of State,,L,Ted Metz,43,30,4,0,9
Ware,200A - Memorial Stadium,Secretary of State,,L,Ted Metz,82,55,3,0,24
Ware,200B - City Auditorium,Secretary of State,,L,Ted Metz,13,11,0,0,2
Ware,300 - Ware BoE Transportation,Secretary of State,,L,Ted Metz,50,32,2,0,16
Ware,304 - Ware BoE Learning Center,Secretary of State,,L,Ted Metz,15,8,0,0,7
Ware,400 - Second Baptist Church,Secretary of State,,L,Ted Metz,34,8,0,0,26
Ware,404 - Bickley UM Church,Secretary of State,,L,Ted Metz,9,2,0,0,7
Ware,405 - Haywood Baptist Church,Secretary of State,,L,Ted Metz,12,5,0,0,7
Ware,406 - Jamestown Baptist Church,Secretary of State,,L,Ted Metz,25,11,0,0,14
Ware,407 - Manor Commmunity Center,Secretary of State,,L,Ted Metz,9,4,0,0,5
Ware,408 - Millwood Baptist Church,Secretary of State,,L,Ted Metz,6,0,0,0,6
Ware,409 - Waresboro Church of God,Secretary of State,,L,Ted Metz,16,10,0,0,6
Ware,100 - City Auditorium,Attorney General,,Rep,Chris Carr ,458,292,34,1,131
Ware,200A - Memorial Stadium,Attorney General,,Rep,Chris Carr ,1554,1130,91,0,333
Ware,200B - City Auditorium,Attorney General,,Rep,Chris Carr ,336,242,30,0,64
Ware,300 - Ware BoE Transportation,Attorney General,,Rep,Chris Carr ,1487,875,99,1,512
Ware,304 - Ware BoE Learning Center,Attorney General,,Rep,Chris Carr ,381,184,15,0,182
Ware,400 - Second Baptist Church,Attorney General,,Rep,Chris Carr ,832,226,8,0,598
Ware,404 - Bickley UM Church,Attorney General,,Rep,Chris Carr ,243,66,7,1,169
Ware,405 - Haywood Baptist Church,Attorney General,,Rep,Chris Carr ,359,108,6,0,245
Ware,406 - Jamestown Baptist Church,Attorney General,,Rep,Chris Carr ,820,378,23,0,419
Ware,407 - Manor Commmunity Center,Attorney General,,Rep,Chris Carr ,355,96,13,0,246
Ware,408 - Millwood Baptist Church,Attorney General,,Rep,Chris Carr ,289,56,2,1,230
Ware,409 - Waresboro Church of God,Attorney General,,Rep,Chris Carr ,577,255,15,0,307
Ware,100 - City Auditorium,Attorney General,,Dem,"Jennifer """"Jen"""" Jordan",1408,954,190,0,264
Ware,200A - Memorial Stadium,Attorney General,,Dem,"Jennifer """"Jen"""" Jordan",559,382,56,0,121
Ware,200B - City Auditorium,Attorney General,,Dem,"Jennifer """"Jen"""" Jordan",148,92,18,0,38
Ware,300 - Ware BoE Transportation,Attorney General,,Dem,"Jennifer """"Jen"""" Jordan",396,244,51,0,101
Ware,304 - Ware BoE Learning Center,Attorney General,,Dem,"Jennifer """"Jen"""" Jordan",47,23,3,0,21
Ware,400 - Second Baptist Church,Attorney General,,Dem,"Jennifer """"Jen"""" Jordan",81,20,8,0,53
Ware,404 - Bickley UM Church,Attorney General,,Dem,"Jennifer """"Jen"""" Jordan",23,4,7,0,12
Ware,405 - Haywood Baptist Church,Attorney General,,Dem,"Jennifer """"Jen"""" Jordan",16,8,2,0,6
Ware,406 - Jamestown Baptist Church,Attorney General,,Dem,"Jennifer """"Jen"""" Jordan",77,47,6,0,24
Ware,407 - Manor Commmunity Center,Attorney General,,Dem,"Jennifer """"Jen"""" Jordan",14,6,1,0,7
Ware,408 - Millwood Baptist Church,Attorney General,,Dem,"Jennifer """"Jen"""" Jordan",12,5,1,0,6
Ware,409 - Waresboro Church of God,Attorney General,,Dem,"Jennifer """"Jen"""" Jordan",46,27,2,0,17
Ware,100 - City Auditorium,Attorney General,,L,Martin Cowen,27,18,3,0,6
Ware,200A - Memorial Stadium,Attorney General,,L,Martin Cowen,40,17,1,0,22
Ware,200B - City Auditorium,Attorney General,,L,Martin Cowen,2,1,0,0,1
Ware,300 - Ware BoE Transportation,Attorney General,,L,Martin Cowen,27,12,3,0,12
Ware,304 - Ware BoE Learning Center,Attorney General,,L,Martin Cowen,4,3,0,0,1
Ware,400 - Second Baptist Church,Attorney General,,L,Martin Cowen,9,1,0,0,8
Ware,404 - Bickley UM Church,Attorney General,,L,Martin Cowen,1,0,0,0,1
Ware,405 - Haywood Baptist Church,Attorney General,,L,Martin Cowen,2,2,0,0,0
Ware,406 - Jamestown Baptist Church,Attorney General,,L,Martin Cowen,11,4,0,0,7
Ware,407 - Manor Commmunity Center,Attorney General,,L,Martin Cowen,2,0,0,0,2
Ware,408 - Millwood Baptist Church,Attorney General,,L,Martin Cowen,2,0,0,0,2
Ware,409 - Waresboro Church of God,Attorney General,,L,Martin Cowen,5,1,0,0,4
Ware,100 - City Auditorium,Commissioner of Agriculture,,Rep,Tyler Harper,462,291,35,0,136
Ware,200A - Memorial Stadium,Commissioner of Agriculture,,Rep,Tyler Harper,1594,1151,91,0,352
Ware,200B - City Auditorium,Commissioner of Agriculture,,Rep,Tyler Harper,344,247,29,0,68
Ware,300 - Ware BoE Transportation,Commissioner of Agriculture,,Rep,Tyler Harper,1518,890,104,1,523
Ware,304 - Ware BoE Learning Center,Commissioner of Agriculture,,Rep,Tyler Harper,392,189,15,0,188
Ware,400 - Second Baptist Church,Commissioner of Agriculture,,Rep,Tyler Harper,836,228,8,0,600
Ware,404 - Bickley UM Church,Commissioner of Agriculture,,Rep,Tyler Harper,246,67,7,1,171
Ware,405 - Haywood Baptist Church,Commissioner of Agriculture,,Rep,Tyler Harper,365,113,6,0,246
Ware,406 - Jamestown Baptist Church,Commissioner of Agriculture,,Rep,Tyler Harper,836,386,24,0,426
Ware,407 - Manor Commmunity Center,Commissioner of Agriculture,,Rep,Tyler Harper,353,97,13,0,243
Ware,408 - Millwood Baptist Church,Commissioner of Agriculture,,Rep,Tyler Harper,293,56,2,1,234
Ware,409 - Waresboro Church of God,Commissioner of Agriculture,,Rep,Tyler Harper,582,256,15,0,311
Ware,100 - City Auditorium,Commissioner of Agriculture,,Dem,Nakita Hemingway,1397,948,193,0,256
Ware,200A - Memorial Stadium,Commissioner of Agriculture,,Dem,Nakita Hemingway,529,359,56,0,114
Ware,200B - City Auditorium,Commissioner of Agriculture,,Dem,Nakita Hemingway,138,85,18,0,35
Ware,300 - Ware BoE Transportation,Commissioner of Agriculture,,Dem,Nakita Hemingway,373,231,48,0,94
Ware,304 - Ware BoE Learning Center,Commissioner of Agriculture,,Dem,Nakita Hemingway,39,20,3,0,16
Ware,400 - Second Baptist Church,Commissioner of Agriculture,,Dem,Nakita Hemingway,68,18,8,0,42
Ware,404 - Bickley UM Church,Commissioner of Agriculture,,Dem,Nakita Hemingway,20,3,7,0,10
Ware,405 - Haywood Baptist Church,Commissioner of Agriculture,,Dem,Nakita Hemingway,14,8,2,0,4
Ware,406 - Jamestown Baptist Church,Commissioner of Agriculture,,Dem,Nakita Hemingway,68,42,5,0,21
Ware,407 - Manor Commmunity Center,Commissioner of Agriculture,,Dem,Nakita Hemingway,12,4,1,0,7
Ware,408 - Millwood Baptist Church,Commissioner of Agriculture,,Dem,Nakita Hemingway,10,5,1,0,4
Ware,409 - Waresboro Church of God,Commissioner of Agriculture,,Dem,Nakita Hemingway,41,25,1,0,15
Ware,100 - City Auditorium,Commissioner of Agriculture,,L,David Raudabaugh,30,22,1,0,7
Ware,200A - Memorial Stadium,Commissioner of Agriculture,,L,David Raudabaugh,31,21,0,0,10
Ware,200B - City Auditorium,Commissioner of Agriculture,,L,David Raudabaugh,6,4,1,0,1
Ware,300 - Ware BoE Transportation,Commissioner of Agriculture,,L,David Raudabaugh,26,14,3,0,9
Ware,304 - Ware BoE Learning Center,Commissioner of Agriculture,,L,David Raudabaugh,5,3,0,0,2
Ware,400 - Second Baptist Church,Commissioner of Agriculture,,L,David Raudabaugh,16,0,0,0,16
Ware,404 - Bickley UM Church,Commissioner of Agriculture,,L,David Raudabaugh,1,0,0,0,1
Ware,405 - Haywood Baptist Church,Commissioner of Agriculture,,L,David Raudabaugh,1,0,0,0,1
Ware,406 - Jamestown Baptist Church,Commissioner of Agriculture,,L,David Raudabaugh,8,5,0,0,3
Ware,407 - Manor Commmunity Center,Commissioner of Agriculture,,L,David Raudabaugh,4,1,0,0,3
Ware,408 - Millwood Baptist Church,Commissioner of Agriculture,,L,David Raudabaugh,0,0,0,0,0
Ware,409 - Waresboro Church of God,Commissioner of Agriculture,,L,David Raudabaugh,8,3,1,0,4
Ware,100 - City Auditorium,Commissioner of Insurance,,Rep,John King ,463,291,35,0,137
Ware,200A - Memorial Stadium,Commissioner of Insurance,,Rep,John King ,1587,1142,92,0,353
Ware,200B - City Auditorium,Commissioner of Insurance,,Rep,John King ,340,243,29,0,68
Ware,300 - Ware BoE Transportation,Commissioner of Insurance,,Rep,John King ,1505,880,100,1,524
Ware,304 - Ware BoE Learning Center,Commissioner of Insurance,,Rep,John King ,383,186,15,0,182
Ware,400 - Second Baptist Church,Commissioner of Insurance,,Rep,John King ,846,230,8,0,608
Ware,404 - Bickley UM Church,Commissioner of Insurance,,Rep,John King ,245,66,8,1,170
Ware,405 - Haywood Baptist Church,Commissioner of Insurance,,Rep,John King ,361,110,6,0,245
Ware,406 - Jamestown Baptist Church,Commissioner of Insurance,,Rep,John King ,833,383,23,0,427
Ware,407 - Manor Commmunity Center,Commissioner of Insurance,,Rep,John King ,355,95,13,0,247
Ware,408 - Millwood Baptist Church,Commissioner of Insurance,,Rep,John King ,288,56,2,1,229
Ware,409 - Waresboro Church of God,Commissioner of Insurance,,Rep,John King ,583,259,15,0,309
Ware,100 - City Auditorium,Commissioner of Insurance,,Dem,Janice Laws Robinson,1422,968,191,1,262
Ware,200A - Memorial Stadium,Commissioner of Insurance,,Dem,Janice Laws Robinson,561,384,55,0,122
Ware,200B - City Auditorium,Commissioner of Insurance,,Dem,Janice Laws Robinson,146,91,19,0,36
Ware,300 - Ware BoE Transportation,Commissioner of Insurance,,Dem,Janice Laws Robinson,397,248,52,0,97
Ware,304 - Ware BoE Learning Center,Commissioner of Insurance,,Dem,Janice Laws Robinson,48,23,3,0,22
Ware,400 - Second Baptist Church,Commissioner of Insurance,,Dem,Janice Laws Robinson,75,17,8,0,50
Ware,404 - Bickley UM Church,Commissioner of Insurance,,Dem,Janice Laws Robinson,22,4,6,0,12
Ware,405 - Haywood Baptist Church,Commissioner of Insurance,,Dem,Janice Laws Robinson,15,8,2,0,5
Ware,406 - Jamestown Baptist Church,Commissioner of Insurance,,Dem,Janice Laws Robinson,75,46,6,0,23
Ware,407 - Manor Commmunity Center,Commissioner of Insurance,,Dem,Janice Laws Robinson,14,7,1,0,6
Ware,408 - Millwood Baptist Church,Commissioner of Insurance,,Dem,Janice Laws Robinson,14,5,1,0,8
Ware,409 - Waresboro Church of God,Commissioner of Insurance,,Dem,Janice Laws Robinson,45,24,2,0,19
Ware,100 - City Auditorium,State School Superintendent,,Rep,Richard Woods ,460,291,31,0,138
Ware,200A - Memorial Stadium,State School Superintendent,,Rep,Richard Woods ,1603,1157,88,0,358
Ware,200B - City Auditorium,State School Superintendent,,Rep,Richard Woods ,343,246,29,0,68
Ware,300 - Ware BoE Transportation,State School Superintendent,,Rep,Richard Woods ,1522,888,108,1,525
Ware,304 - Ware BoE Learning Center,State School Superintendent,,Rep,Richard Woods ,382,185,15,0,182
Ware,400 - Second Baptist Church,State School Superintendent,,Rep,Richard Woods ,845,228,8,0,609
Ware,404 - Bickley UM Church,State School Superintendent,,Rep,Richard Woods ,246,66,8,1,171
Ware,405 - Haywood Baptist Church,State School Superintendent,,Rep,Richard Woods ,363,112,6,0,245
Ware,406 - Jamestown Baptist Church,State School Superintendent,,Rep,Richard Woods ,836,387,23,0,426
Ware,407 - Manor Commmunity Center,State School Superintendent,,Rep,Richard Woods ,354,97,11,0,246
Ware,408 - Millwood Baptist Church,State School Superintendent,,Rep,Richard Woods ,291,56,2,1,232
Ware,409 - Waresboro Church of God,State School Superintendent,,Rep,Richard Woods ,587,257,16,0,314
Ware,100 - City Auditorium,State School Superintendent,,Dem,Alisha Thomas Searcy,1419,967,191,0,261
Ware,200A - Memorial Stadium,State School Superintendent,,Dem,Alisha Thomas Searcy,546,369,59,0,118
Ware,200B - City Auditorium,State School Superintendent,,Dem,Alisha Thomas Searcy,143,89,19,0,35
Ware,300 - Ware BoE Transportation,State School Superintendent,,Dem,Alisha Thomas Searcy,389,241,47,0,101
Ware,304 - Ware BoE Learning Center,State School Superintendent,,Dem,Alisha Thomas Searcy,47,23,3,0,21
Ware,400 - Second Baptist Church,State School Superintendent,,Dem,Alisha Thomas Searcy,75,20,8,0,47
Ware,404 - Bickley UM Church,State School Superintendent,,Dem,Alisha Thomas Searcy,21,4,6,0,11
Ware,405 - Haywood Baptist Church,State School Superintendent,,Dem,Alisha Thomas Searcy,15,8,2,0,5
Ware,406 - Jamestown Baptist Church,State School Superintendent,,Dem,Alisha Thomas Searcy,73,43,6,0,24
Ware,407 - Manor Commmunity Center,State School Superintendent,,Dem,Alisha Thomas Searcy,16,5,2,0,9
Ware,408 - Millwood Baptist Church,State School Superintendent,,Dem,Alisha Thomas Searcy,12,5,1,0,6
Ware,409 - Waresboro Church of God,State School Superintendent,,Dem,Alisha Thomas Searcy,43,26,1,0,16
Ware,100 - City Auditorium,Commissioner of Labor,,Rep,Bruce Thompson,441,282,30,1,128
Ware,200A - Memorial Stadium,Commissioner of Labor,,Rep,Bruce Thompson,1537,1114,89,0,334
Ware,200B - City Auditorium,Commissioner of Labor,,Rep,Bruce Thompson,334,239,29,0,66
Ware,300 - Ware BoE Transportation,Commissioner of Labor,,Rep,Bruce Thompson,1484,872,98,1,513
Ware,304 - Ware BoE Learning Center,Commissioner of Labor,,Rep,Bruce Thompson,378,184,15,0,179
Ware,400 - Second Baptist Church,Commissioner of Labor,,Rep,Bruce Thompson,832,228,8,0,596
Ware,404 - Bickley UM Church,Commissioner of Labor,,Rep,Bruce Thompson,244,66,7,1,170
Ware,405 - Haywood Baptist Church,Commissioner of Labor,,Rep,Bruce Thompson,364,112,6,0,246
Ware,406 - Jamestown Baptist Church,Commissioner of Labor,,Rep,Bruce Thompson,825,381,23,0,421
Ware,407 - Manor Commmunity Center,Commissioner of Labor,,Rep,Bruce Thompson,350,95,12,0,243
Ware,408 - Millwood Baptist Church,Commissioner of Labor,,Rep,Bruce Thompson,286,56,2,1,227
Ware,409 - Waresboro Church of God,Commissioner of Labor,,Rep,Bruce Thompson,581,257,15,0,309
Ware,100 - City Auditorium,Commissioner of Labor,,Dem,"William """"Will"""" Boddie, Jr",1366,926,192,0,248
Ware,200A - Memorial Stadium,Commissioner of Labor,,Dem,"William """"Will"""" Boddie, Jr",549,375,55,0,119
Ware,200B - City Auditorium,Commissioner of Labor,,Dem,"William """"Will"""" Boddie, Jr",141,89,16,0,36
Ware,300 - Ware BoE Transportation,Commissioner of Labor,,Dem,"William """"Will"""" Boddie, Jr",380,234,52,0,94
Ware,304 - Ware BoE Learning Center,Commissioner of Labor,,Dem,"William """"Will"""" Boddie, Jr",45,21,3,0,21
Ware,400 - Second Baptist Church,Commissioner of Labor,,Dem,"William """"Will"""" Boddie, Jr",76,18,8,0,50
Ware,404 - Bickley UM Church,Commissioner of Labor,,Dem,"William """"Will"""" Boddie, Jr",22,3,7,0,12
Ware,405 - Haywood Baptist Church,Commissioner of Labor,,Dem,"William """"Will"""" Boddie, Jr",14,8,2,0,4
Ware,406 - Jamestown Baptist Church,Commissioner of Labor,,Dem,"William """"Will"""" Boddie, Jr",74,45,6,0,23
Ware,407 - Manor Commmunity Center,Commissioner of Labor,,Dem,"William """"Will"""" Boddie, Jr",14,4,2,0,8
Ware,408 - Millwood Baptist Church,Commissioner of Labor,,Dem,"William """"Will"""" Boddie, Jr",13,5,1,0,7
Ware,409 - Waresboro Church of God,Commissioner of Labor,,Dem,"William """"Will"""" Boddie, Jr",42,26,1,0,15
Ware,100 - City Auditorium,Commissioner of Labor,,L,Emily Anderson,92,63,8,0,21
Ware,200A - Memorial Stadium,Commissioner of Labor,,L,Emily Anderson,57,34,1,0,22
Ware,200B - City Auditorium,Commissioner of Labor,,L,Emily Anderson,12,8,3,0,1
Ware,300 - Ware BoE Transportation,Commissioner of Labor,,L,Emily Anderson,43,25,3,0,15
Ware,304 - Ware BoE Learning Center,Commissioner of Labor,,L,Emily Anderson,7,4,0,0,3
Ware,400 - Second Baptist Church,Commissioner of Labor,,L,Emily Anderson,12,0,0,0,12
Ware,404 - Bickley UM Church,Commissioner of Labor,,L,Emily Anderson,1,1,0,0,0
Ware,405 - Haywood Baptist Church,Commissioner of Labor,,L,Emily Anderson,1,0,0,0,1
Ware,406 - Jamestown Baptist Church,Commissioner of Labor,,L,Emily Anderson,12,6,0,0,6
Ware,407 - Manor Commmunity Center,Commissioner of Labor,,L,Emily Anderson,6,3,0,0,3
Ware,408 - Millwood Baptist Church,Commissioner of Labor,,L,Emily Anderson,4,0,0,0,4
Ware,409 - Waresboro Church of God,Commissioner of Labor,,L,Emily Anderson,5,1,1,0,3
Ware,100 - City Auditorium,U.S. House,,Rep,"Earl L. """"Buddy"""" Carter ",499,314,38,0,147
Ware,200A - Memorial Stadium,U.S. House,,Rep,"Earl L. """"Buddy"""" Carter ",1586,1146,90,0,350
Ware,200B - City Auditorium,U.S. House,,Rep,"Earl L. """"Buddy"""" Carter ",342,245,29,0,68
Ware,300 - Ware BoE Transportation,U.S. House,,Rep,"Earl L. """"Buddy"""" Carter ",1517,894,101,1,521
Ware,304 - Ware BoE Learning Center,U.S. House,,Rep,"Earl L. """"Buddy"""" Carter ",390,187,15,0,188
Ware,400 - Second Baptist Church,U.S. House,,Rep,"Earl L. """"Buddy"""" Carter ",843,225,8,0,610
Ware,404 - Bickley UM Church,U.S. House,,Rep,"Earl L. """"Buddy"""" Carter ",243,66,7,1,169
Ware,405 - Haywood Baptist Church,U.S. House,,Rep,"Earl L. """"Buddy"""" Carter ",363,112,6,0,245
Ware,406 - Jamestown Baptist Church,U.S. House,,Rep,"Earl L. """"Buddy"""" Carter ",840,389,23,0,428
Ware,407 - Manor Commmunity Center,U.S. House,,Rep,"Earl L. """"Buddy"""" Carter ",360,98,13,0,249
Ware,408 - Millwood Baptist Church,U.S. House,,Rep,"Earl L. """"Buddy"""" Carter ",288,56,2,1,229
Ware,409 - Waresboro Church of God,U.S. House,,Rep,"Earl L. """"Buddy"""" Carter ",583,256,15,0,312
Ware,100 - City Auditorium,U.S. House,,Dem,Wade Herring,1387,947,191,0,249
Ware,200A - Memorial Stadium,U.S. House,,Dem,Wade Herring,560,377,60,0,123
Ware,200B - City Auditorium,U.S. House,,Dem,Wade Herring,143,89,18,0,36
Ware,300 - Ware BoE Transportation,U.S. House,,Dem,Wade Herring,400,243,53,0,104
Ware,304 - Ware BoE Learning Center,U.S. House,,Dem,Wade Herring,44,22,3,0,19
Ware,400 - Second Baptist Church,U.S. House,,Dem,Wade Herring,77,22,8,0,47
Ware,404 - Bickley UM Church,U.S. House,,Dem,Wade Herring,25,5,7,0,13
Ware,405 - Haywood Baptist Church,U.S. House,,Dem,Wade Herring,15,8,2,0,5
Ware,406 - Jamestown Baptist Church,U.S. House,,Dem,Wade Herring,73,43,6,0,24
Ware,407 - Manor Commmunity Center,U.S. House,,Dem,Wade Herring,14,5,1,0,8
Ware,408 - Millwood Baptist Church,U.S. House,,Dem,Wade Herring,15,5,1,0,9
Ware,409 - Waresboro Church of God,U.S. House,,Dem,Wade Herring,45,28,2,0,15
Ware,100 - City Auditorium,State Senate,,Rep,Mike Hodges,465,294,35,1,135
Ware,200A - Memorial Stadium,State Senate,,Rep,Mike Hodges,569,511,58,0,0
Ware,200B - City Auditorium,State Senate,,Rep,Mike Hodges,391,275,34,0,82
Ware,304 - Ware BoE Learning Center,State Senate,,Rep,Mike Hodges,0,0,0,0,0
Ware,400 - Second Baptist Church,State Senate,,Rep,Mike Hodges,524,229,11,0,284
Ware,100 - City Auditorium,State Senate,,Rep,Russ Goodman ,556,382,48,0,126
Ware,200A - Memorial Stadium,State Senate,,Rep,Russ Goodman ,1238,775,52,0,411
Ware,300 - Ware BoE Transportation,State Senate,,Rep,Russ Goodman ,1664,977,119,1,567
Ware,304 - Ware BoE Learning Center,State Senate,,Rep,Russ Goodman ,410,198,17,0,195
Ware,400 - Second Baptist Church,State Senate,,Rep,Russ Goodman ,362,11,2,0,349
Ware,404 - Bickley UM Church,State Senate,,Rep,Russ Goodman ,248,69,8,1,170
Ware,405 - Haywood Baptist Church,State Senate,,Rep,Russ Goodman ,368,116,5,0,247
Ware,406 - Jamestown Baptist Church,State Senate,,Rep,Russ Goodman ,863,407,25,0,431
Ware,407 - Manor Commmunity Center,State Senate,,Rep,Russ Goodman ,362,99,11,0,252
Ware,408 - Millwood Baptist Church,State Senate,,Rep,Russ Goodman ,294,57,2,1,234
Ware,409 - Waresboro Church of God,State Senate,,Rep,Russ Goodman ,598,268,15,0,315
Ware,100 - City Auditorium,State House,,Rep,John L. Corbett ,457,293,34,0,130
Ware,200B - City Auditorium,State House,,Rep,John L. Corbett ,392,278,33,0,81
Ware,304 - Ware BoE Learning Center,State House,,Rep,John L. Corbett ,0,0,0,0,0
Ware,400 - Second Baptist Church,State House,,Rep,John L. Corbett ,515,225,11,0,279
Ware,407 - Manor Commmunity Center,State House,,Rep,John L. Corbett ,308,69,11,0,228
Ware,100 - City Auditorium,State House,,Rep,James Burchett ,561,380,51,0,130
Ware,200A - Memorial Stadium,State House,,Rep,James Burchett ,1795,1273,105,0,417
Ware,300 - Ware BoE Transportation,State House,,Rep,James Burchett ,1655,976,115,1,563
Ware,304 - Ware BoE Learning Center,State House,,Rep,James Burchett ,405,195,16,0,194
Ware,400 - Second Baptist Church,State House,,Rep,James Burchett ,360,11,2,0,347
Ware,404 - Bickley UM Church,State House,,Rep,James Burchett ,245,68,8,1,168
Ware,405 - Haywood Baptist Church,State House,,Rep,James Burchett ,364,117,5,0,242
Ware,406 - Jamestown Baptist Church,State House,,Rep,James Burchett ,855,403,24,0,428
Ware,407 - Manor Commmunity Center,State House,,Rep,James Burchett ,52,31,0,0,21
Ware,408 - Millwood Baptist Church,State House,,Rep,James Burchett ,287,57,3,1,226
Ware,409 - Waresboro Church of God,State House,,Rep,James Burchett ,595,267,15,0,313
Ware,100 - City Auditorium,District Attorney,,Rep,Marilyn Bennett,1065,699,98,0,268
Ware,200A - Memorial Stadium,District Attorney,,Rep,Marilyn Bennett,1837,1301,113,0,423
Ware,200B - City Auditorium,District Attorney,,Rep,Marilyn Bennett,402,282,36,0,84
Ware,300 - Ware BoE Transportation,District Attorney,,Rep,Marilyn Bennett,1679,981,119,1,578
Ware,304 - Ware BoE Learning Center,District Attorney,,Rep,Marilyn Bennett,408,196,16,0,196
Ware,400 - Second Baptist Church,District Attorney,,Rep,Marilyn Bennett,878,234,12,0,632
Ware,404 - Bickley UM Church,District Attorney,,Rep,Marilyn Bennett,246,70,7,1,168
Ware,405 - Haywood Baptist Church,District Attorney,,Rep,Marilyn Bennett,367,116,5,0,246
Ware,406 - Jamestown Baptist Church,District Attorney,,Rep,Marilyn Bennett,862,409,23,0,430
Ware,407 - Manor Commmunity Center,District Attorney,,Rep,Marilyn Bennett,367,100,13,0,254
Ware,408 - Millwood Baptist Church,District Attorney,,Rep,Marilyn Bennett,296,58,3,1,234
Ware,409 - Waresboro Church of God,District Attorney,,Rep,Marilyn Bennett,604,269,14,0,321
Ware,100 - City Auditorium,Solicitor General,,Rep,Joseph R. Johnson,1042,691,91,0,260
Ware,200A - Memorial Stadium,Solicitor General,,Rep,Joseph R. Johnson,1824,1298,114,0,412
Ware,200B - City Auditorium,Solicitor General,,Rep,Joseph R. Johnson,397,281,34,0,82
Ware,300 - Ware BoE Transportation,Solicitor General,,Rep,Joseph R. Johnson,1680,987,120,1,572
Ware,304 - Ware BoE Learning Center,Solicitor General,,Rep,Joseph R. Johnson,408,196,16,0,196
Ware,400 - Second Baptist Church,Solicitor General,,Rep,Joseph R. Johnson,876,236,13,0,627
Ware,404 - Bickley UM Church,Solicitor General,,Rep,Joseph R. Johnson,247,69,8,1,169
Ware,405 - Haywood Baptist Church,Solicitor General,,Rep,Joseph R. Johnson,368,115,5,0,248
Ware,406 - Jamestown Baptist Church,Solicitor General,,Rep,Joseph R. Johnson,863,409,25,0,429
Ware,407 - Manor Commmunity Center,Solicitor General,,Rep,Joseph R. Johnson,365,100,13,0,252
Ware,408 - Millwood Baptist Church,Solicitor General,,Rep,Joseph R. Johnson,293,58,2,1,232
Ware,409 - Waresboro Church of God,Solicitor General,,Rep,Joseph R. Johnson,596,269,14,0,313
Ware,100 - City Auditorium,County Commission D1,,Dem,Leonard Burse Jr.,1634,1111,191,1,331
Ware,300 - Ware BoE Transportation,County Commission D3,,Rep,"Timothy """"Timmy"""" Lucas",1680,988,119,1,572
Ware,304 - Ware BoE Learning Center,County Commission D3,,Rep,"Timothy """"Timmy"""" Lucas",397,193,16,0,188
Ware,100 - City Auditorium,Constitutional Amendment #1,,,Yes,1528,1030,167,1,330
Ware,200A - Memorial Stadium,Constitutional Amendment #1,,,Yes,1836,1313,130,0,393
Ware,200B - City Auditorium,Constitutional Amendment #1,,,Yes,409,280,42,0,87
Ware,300 - Ware BoE Transportation,Constitutional Amendment #1,,,Yes,1585,949,104,0,532
Ware,304 - Ware BoE Learning Center,Constitutional Amendment #1,,,Yes,353,175,15,0,163
Ware,400 - Second Baptist Church,Constitutional Amendment #1,,,Yes,774,206,15,0,553
Ware,404 - Bickley UM Church,Constitutional Amendment #1,,,Yes,227,55,13,1,158
Ware,405 - Haywood Baptist Church,Constitutional Amendment #1,,,Yes,318,103,8,0,207
Ware,406 - Jamestown Baptist Church,Constitutional Amendment #1,,,Yes,759,356,28,0,375
Ware,407 - Manor Commmunity Center,Constitutional Amendment #1,,,Yes,317,88,10,0,219
Ware,408 - Millwood Baptist Church,Constitutional Amendment #1,,,Yes,244,52,2,0,190
Ware,409 - Waresboro Church of God,Constitutional Amendment #1,,,Yes,532,246,14,0,272
Ware,100 - City Auditorium,Constitutional Amendment #1,,,No,276,182,36,0,58
Ware,200A - Memorial Stadium,Constitutional Amendment #1,,,No,264,178,16,0,70
Ware,200B - City Auditorium,Constitutional Amendment #1,,,No,62,45,4,0,13
Ware,300 - Ware BoE Transportation,Constitutional Amendment #1,,,No,244,137,32,0,75
Ware,304 - Ware BoE Learning Center,Constitutional Amendment #1,,,No,67,27,2,0,38
Ware,400 - Second Baptist Church,Constitutional Amendment #1,,,No,118,27,2,0,89
Ware,404 - Bickley UM Church,Constitutional Amendment #1,,,No,31,11,1,0,19
Ware,405 - Haywood Baptist Church,Constitutional Amendment #1,,,No,49,13,0,0,36
Ware,406 - Jamestown Baptist Church,Constitutional Amendment #1,,,No,113,60,1,0,52
Ware,407 - Manor Commmunity Center,Constitutional Amendment #1,,,No,39,11,4,0,24
Ware,408 - Millwood Baptist Church,Constitutional Amendment #1,,,No,50,7,1,0,42
Ware,409 - Waresboro Church of God,Constitutional Amendment #1,,,No,80,29,1,0,50
Ware,100 - City Auditorium,Constitutional Amendment #2,,,Yes,1661,1108,190,0,363
Ware,200A - Memorial Stadium,Constitutional Amendment #2,,,Yes,1873,1341,132,0,400
Ware,200B - City Auditorium,Constitutional Amendment #2,,,Yes,423,286,46,0,91
Ware,300 - Ware BoE Transportation,Constitutional Amendment #2,,,Yes,1637,980,135,1,521
Ware,304 - Ware BoE Learning Center,Constitutional Amendment #2,,,Yes,381,185,17,0,179
Ware,400 - Second Baptist Church,Constitutional Amendment #2,,,Yes,778,204,15,0,559
Ware,404 - Bickley UM Church,Constitutional Amendment #2,,,Yes,223,58,13,1,151
Ware,405 - Haywood Baptist Church,Constitutional Amendment #2,,,Yes,298,96,8,0,194
Ware,406 - Jamestown Baptist Church,Constitutional Amendment #2,,,Yes,746,355,25,0,366
Ware,407 - Manor Commmunity Center,Constitutional Amendment #2,,,Yes,312,85,10,0,217
Ware,408 - Millwood Baptist Church,Constitutional Amendment #2,,,Yes,245,50,3,1,191
Ware,409 - Waresboro Church of God,Constitutional Amendment #2,,,Yes,519,237,15,0,267
Ware,100 - City Auditorium,Constitutional Amendment #2,,,No,186,133,18,0,35
Ware,200A - Memorial Stadium,Constitutional Amendment #2,,,No,245,168,15,0,62
Ware,200B - City Auditorium,Constitutional Amendment #2,,,No,55,43,2,0,10
Ware,300 - Ware BoE Transportation,Constitutional Amendment #2,,,No,222,130,6,0,86
Ware,304 - Ware BoE Learning Center,Constitutional Amendment #2,,,No,44,21,0,0,23
Ware,400 - Second Baptist Church,Constitutional Amendment #2,,,No,118,34,1,0,83
Ware,404 - Bickley UM Church,Constitutional Amendment #2,,,No,37,11,1,0,25
Ware,405 - Haywood Baptist Church,Constitutional Amendment #2,,,No,72,21,0,0,51
Ware,406 - Jamestown Baptist Church,Constitutional Amendment #2,,,No,136,63,3,0,70
Ware,407 - Manor Commmunity Center,Constitutional Amendment #2,,,No,48,13,4,0,31
Ware,408 - Millwood Baptist Church,Constitutional Amendment #2,,,No,51,8,0,0,43
Ware,409 - Waresboro Church of God,Constitutional Amendment #2,,,No,97,38,0,0,59
Ware,100 - City Auditorium,Statewide Referendum A,,,Yes,1092,742,105,1,244
Ware,200A - Memorial Stadium,Statewide Referendum A,,,Yes,1238,863,81,0,294
Ware,200B - City Auditorium,Statewide Referendum A,,,Yes,276,198,19,0,59
Ware,300 - Ware BoE Transportation,Statewide Referendum A,,,Yes,1095,646,86,1,362
Ware,304 - Ware BoE Learning Center,Statewide Referendum A,,,Yes,263,134,8,0,121
Ware,400 - Second Baptist Church,Statewide Referendum A,,,Yes,555,138,9,0,408
Ware,404 - Bickley UM Church,Statewide Referendum A,,,Yes,200,52,6,1,141
Ware,405 - Haywood Baptist Church,Statewide Referendum A,,,Yes,239,79,6,0,154
Ware,406 - Jamestown Baptist Church,Statewide Referendum A,,,Yes,540,251,14,0,275
Ware,407 - Manor Commmunity Center,Statewide Referendum A,,,Yes,241,54,2,0,185
Ware,408 - Millwood Baptist Church,Statewide Referendum A,,,Yes,193,43,2,0,148
Ware,409 - Waresboro Church of God,Statewide Referendum A,,,Yes,377,161,10,0,206
Ware,100 - City Auditorium,Statewide Referendum A,,,No,718,481,96,0,141
Ware,200A - Memorial Stadium,Statewide Referendum A,,,No,847,621,62,0,164
Ware,200B - City Auditorium,Statewide Referendum A,,,No,191,124,26,0,41
Ware,300 - Ware BoE Transportation,Statewide Referendum A,,,No,718,439,46,0,233
Ware,304 - Ware BoE Learning Center,Statewide Referendum A,,,No,150,66,9,0,75
Ware,400 - Second Baptist Church,Statewide Referendum A,,,No,332,97,7,0,228
Ware,404 - Bickley UM Church,Statewide Referendum A,,,No,60,16,8,0,36
Ware,405 - Haywood Baptist Church,Statewide Referendum A,,,No,131,37,2,0,92
Ware,406 - Jamestown Baptist Church,Statewide Referendum A,,,No,330,168,13,0,149
Ware,407 - Manor Commmunity Center,Statewide Referendum A,,,No,122,45,12,0,65
Ware,408 - Millwood Baptist Church,Statewide Referendum A,,,No,98,16,1,0,81
Ware,409 - Waresboro Church of God,Statewide Referendum A,,,No,234,110,5,0,119
Ware,100 - City Auditorium,Statewide Referendum B,,,Yes,1293,883,116,0,294
Ware,200A - Memorial Stadium,Statewide Referendum B,,,Yes,1483,1041,94,0,348
Ware,200B - City Auditorium,Statewide Referendum B,,,Yes,337,233,25,0,79
Ware,300 - Ware BoE Transportation,Statewide Referendum B,,,Yes,1346,807,94,1,444
Ware,304 - Ware BoE Learning Center,Statewide Referendum B,,,Yes,329,152,12,0,165
Ware,400 - Second Baptist Church,Statewide Referendum B,,,Yes,690,181,10,0,499
Ware,404 - Bickley UM Church,Statewide Referendum B,,,Yes,215,55,6,1,153
Ware,405 - Haywood Baptist Church,Statewide Referendum B,,,Yes,276,87,7,0,182
Ware,406 - Jamestown Baptist Church,Statewide Referendum B,,,Yes,657,299,18,0,340
Ware,407 - Manor Commmunity Center,Statewide Referendum B,,,Yes,279,69,5,0,205
Ware,408 - Millwood Baptist Church,Statewide Referendum B,,,Yes,233,51,2,0,180
Ware,409 - Waresboro Church of God,Statewide Referendum B,,,Yes,445,191,13,0,241
Ware,100 - City Auditorium,Statewide Referendum B,,,No,528,343,91,0,94
Ware,200A - Memorial Stadium,Statewide Referendum B,,,No,605,441,50,0,114
Ware,200B - City Auditorium,Statewide Referendum B,,,No,135,90,22,0,23
Ware,300 - Ware BoE Transportation,Statewide Referendum B,,,No,483,288,38,0,157
Ware,304 - Ware BoE Learning Center,Statewide Referendum B,,,No,91,49,5,0,37
Ware,400 - Second Baptist Church,Statewide Referendum B,,,No,197,53,6,0,138
Ware,404 - Bickley UM Church,Statewide Referendum B,,,No,46,13,8,0,25
Ware,405 - Haywood Baptist Church,Statewide Referendum B,,,No,93,30,1,0,62
Ware,406 - Jamestown Baptist Church,Statewide Referendum B,,,No,212,118,9,0,85
Ware,407 - Manor Commmunity Center,Statewide Referendum B,,,No,84,30,9,0,45
Ware,408 - Millwood Baptist Church,Statewide Referendum B,,,No,58,8,1,0,49
Ware,409 - Waresboro Church of God,Statewide Referendum B,,,No,166,80,2,0,84
Ware,100 - City Auditorium,Ware County 1 Percent Sales Tax,,,Yes,1225,817,160,0,248
Ware,200A - Memorial Stadium,Ware County 1 Percent Sales Tax,,,Yes,1244,872,107,0,265
Ware,200B - City Auditorium,Ware County 1 Percent Sales Tax,,,Yes,241,166,24,0,51
Ware,300 - Ware BoE Transportation,Ware County 1 Percent Sales Tax,,,Yes,984,591,93,0,300
Ware,304 - Ware BoE Learning Center,Ware County 1 Percent Sales Tax,,,Yes,201,100,13,0,88
Ware,400 - Second Baptist Church,Ware County 1 Percent Sales Tax,,,Yes,437,121,11,0,305
Ware,404 - Bickley UM Church,Ware County 1 Percent Sales Tax,,,Yes,138,36,8,1,93
Ware,405 - Haywood Baptist Church,Ware County 1 Percent Sales Tax,,,Yes,145,53,4,0,88
Ware,406 - Jamestown Baptist Church,Ware County 1 Percent Sales Tax,,,Yes,420,214,18,0,188
Ware,407 - Manor Commmunity Center,Ware County 1 Percent Sales Tax,,,Yes,186,54,4,0,128
Ware,408 - Millwood Baptist Church,Ware County 1 Percent Sales Tax,,,Yes,125,33,2,0,90
Ware,409 - Waresboro Church of God,Ware County 1 Percent Sales Tax,,,Yes,274,127,6,0,141
Ware,100 - City Auditorium,Ware County 1 Percent Sales Tax,,,No,641,437,55,0,149
Ware,200A - Memorial Stadium,Ware County 1 Percent Sales Tax,,,No,896,653,40,0,203
Ware,200B - City Auditorium,Ware County 1 Percent Sales Tax,,,No,241,170,22,0,49
Ware,300 - Ware BoE Transportation,Ware County 1 Percent Sales Tax,,,No,899,529,47,1,322
Ware,304 - Ware BoE Learning Center,Ware County 1 Percent Sales Tax,,,No,231,109,4,0,118
Ware,400 - Second Baptist Church,Ware County 1 Percent Sales Tax,,,No,476,122,5,0,349
Ware,404 - Bickley UM Church,Ware County 1 Percent Sales Tax,,,No,127,35,6,0,86
Ware,405 - Haywood Baptist Church,Ware County 1 Percent Sales Tax,,,No,232,66,4,0,162
Ware,406 - Jamestown Baptist Church,Ware County 1 Percent Sales Tax,,,No,486,216,10,0,260
Ware,407 - Manor Commmunity Center,Ware County 1 Percent Sales Tax,,,No,186,49,10,0,127
Ware,408 - Millwood Baptist Church,Ware County 1 Percent Sales Tax,,,No,175,27,1,1,146
Ware,409 - Waresboro Church of God,Ware County 1 Percent Sales Tax,,,No,348,152,9,0,187
