county,precinct,office,district,party,candidate,votes,absentee_by_mail,election_day,advance_in_person,provisional
Laurens,,President of the United States,,R,MITT ROMNEY,11950,693,6968,4287,2
Laurens,Family Life Center,President of the United States,,R,MITT ROMNEY,1901,173,703,1024,1
Laurens,Calhoun Park,President of the United States,,R,MITT ROMNEY,789,78,348,363,0
Laurens,Fire Dept Sta #5,President of the United States,,R,MITT ROMNEY,1739,113,732,894,0
Laurens,Bailey,President of the United States,,R,MITT ROMNEY,642,31,422,189,0
Laurens,Buckeye,President of the United States,,R,MITT ROMNEY,290,10,208,72,0
Laurens,Burch,President of the United States,,R,MITT ROMNEY,180,6,156,18,0
Laurens,Burgamy,President of the United States,,R,MITT ROMNEY,282,18,190,74,0
Laurens,Cadwell,President of the United States,,R,MITT ROMNEY,408,14,292,102,0
Laurens,Brewton,President of the United States,,R,MITT ROMNEY,677,27,481,169,0
Laurens,Dudley,President of the United States,,R,MITT ROMNEY,593,33,392,168,0
Laurens,Hampton Mill,President of the United States,,R,MITT ROMNEY,885,35,663,187,0
Laurens,Harvard,President of the United States,,R,MITT ROMNEY,95,1,79,15,0
Laurens,Minter,President of the United States,,R,MITT ROMNEY,489,20,367,102,0
Laurens,Rural Fire Sta #17,President of the United States,,R,MITT ROMNEY,876,46,559,270,1
Laurens,Reedy Springs,President of the United States,,R,MITT ROMNEY,447,14,366,67,0
Laurens,Smith,President of the United States,,R,MITT ROMNEY,915,41,600,274,0
Laurens,West Laurens,President of the United States,,R,MITT ROMNEY,742,33,410,299,0
Laurens,,President of the United States,,(D,BARACK OBAMA (I),7513,587,3776,3149,1
Laurens,Family Life Center,President of the United States,,(D,BARACK OBAMA (I),756,48,306,402,0
Laurens,Calhoun Park,President of the United States,,(D,BARACK OBAMA (I),2665,248,1237,1180,0
Laurens,Fire Dept Sta #5,President of the United States,,(D,BARACK OBAMA (I),568,38,224,306,0
Laurens,Bailey,President of the United States,,(D,BARACK OBAMA (I),153,18,74,61,0
Laurens,Buckeye,President of the United States,,(D,BARACK OBAMA (I),331,25,182,124,0
Laurens,Burch,President of the United States,,(D,BARACK OBAMA (I),68,5,45,18,0
Laurens,Burgamy,President of the United States,,(D,BARACK OBAMA (I),335,44,180,111,0
Laurens,Cadwell,President of the United States,,(D,BARACK OBAMA (I),77,4,55,18,0
Laurens,Brewton,President of the United States,,(D,BARACK OBAMA (I),238,15,133,90,0
Laurens,Dudley,President of the United States,,(D,BARACK OBAMA (I),164,14,96,54,0
Laurens,Hampton Mill,President of the United States,,(D,BARACK OBAMA (I),168,12,129,27,0
Laurens,Harvard,President of the United States,,(D,BARACK OBAMA (I),139,8,106,25,0
Laurens,Minter,President of the United States,,(D,BARACK OBAMA (I),35,3,22,9,1
Laurens,Rural Fire Sta #17,President of the United States,,(D,BARACK OBAMA (I),355,16,215,124,0
Laurens,Reedy Springs,President of the United States,,(D,BARACK OBAMA (I),91,4,61,26,0
Laurens,Smith,President of the United States,,(D,BARACK OBAMA (I),913,53,511,349,0
Laurens,West Laurens,President of the United States,,(D,BARACK OBAMA (I),457,32,200,225,0
Laurens,,President of the United States,,L,GARY JOHNSON,136,11,86,39,0
Laurens,Family Life Center,President of the United States,,L,GARY JOHNSON,23,2,14,7,0
Laurens,Calhoun Park,President of the United States,,L,GARY JOHNSON,18,1,10,7,0
Laurens,Fire Dept Sta #5,President of the United States,,L,GARY JOHNSON,17,0,9,8,0
Laurens,Bailey,President of the United States,,L,GARY JOHNSON,11,2,7,2,0
Laurens,Buckeye,President of the United States,,L,GARY JOHNSON,3,0,2,1,0
Laurens,Burch,President of the United States,,L,GARY JOHNSON,2,0,1,1,0
Laurens,Burgamy,President of the United States,,L,GARY JOHNSON,3,0,2,1,0
Laurens,Cadwell,President of the United States,,L,GARY JOHNSON,2,1,1,0,0
Laurens,Brewton,President of the United States,,L,GARY JOHNSON,11,1,7,3,0
Laurens,Dudley,President of the United States,,L,GARY JOHNSON,2,0,2,0,0
Laurens,Hampton Mill,President of the United States,,L,GARY JOHNSON,4,2,1,1,0
Laurens,Harvard,President of the United States,,L,GARY JOHNSON,1,0,0,1,0
Laurens,Minter,President of the United States,,L,GARY JOHNSON,3,0,3,0,0
Laurens,Rural Fire Sta #17,President of the United States,,L,GARY JOHNSON,13,0,11,2,0
Laurens,Reedy Springs,President of the United States,,L,GARY JOHNSON,0,0,0,0,0
Laurens,Smith,President of the United States,,L,GARY JOHNSON,7,1,5,1,0
Laurens,West Laurens,President of the United States,,L,GARY JOHNSON,16,1,11,4,0
Laurens,,"Public Service Commission, District 3",3,R,CHUCK EATON (I),10138,645,5759,3732,2
Laurens,Family Life Center,"Public Service Commission, District 3",3,R,CHUCK EATON (I),1669,164,613,891,1
Laurens,Calhoun Park,"Public Service Commission, District 3",3,R,CHUCK EATON (I),716,70,308,338,0
Laurens,Fire Dept Sta #5,"Public Service Commission, District 3",3,R,CHUCK EATON (I),1513,104,638,771,0
Laurens,Bailey,"Public Service Commission, District 3",3,R,CHUCK EATON (I),559,32,356,171,0
Laurens,Buckeye,"Public Service Commission, District 3",3,R,CHUCK EATON (I),240,10,165,65,0
Laurens,Burch,"Public Service Commission, District 3",3,R,CHUCK EATON (I),145,6,125,14,0
Laurens,Burgamy,"Public Service Commission, District 3",3,R,CHUCK EATON (I),245,17,161,67,0
Laurens,Cadwell,"Public Service Commission, District 3",3,R,CHUCK EATON (I),330,13,226,91,0
Laurens,Brewton,"Public Service Commission, District 3",3,R,CHUCK EATON (I),548,22,377,149,0
Laurens,Dudley,"Public Service Commission, District 3",3,R,CHUCK EATON (I),502,30,316,156,0
Laurens,Hampton Mill,"Public Service Commission, District 3",3,R,CHUCK EATON (I),732,32,536,164,0
Laurens,Harvard,"Public Service Commission, District 3",3,R,CHUCK EATON (I),79,1,68,10,0
Laurens,Minter,"Public Service Commission, District 3",3,R,CHUCK EATON (I),388,19,293,76,0
Laurens,Rural Fire Sta #17,"Public Service Commission, District 3",3,R,CHUCK EATON (I),733,43,455,234,1
Laurens,Reedy Springs,"Public Service Commission, District 3",3,R,CHUCK EATON (I),374,13,304,57,0
Laurens,Smith,"Public Service Commission, District 3",3,R,CHUCK EATON (I),737,38,471,228,0
Laurens,West Laurens,"Public Service Commission, District 3",3,R,CHUCK EATON (I),628,31,347,250,0
Laurens,,"Public Service Commission, District 3",3,D,STEPHEN OPPENHEIMER,7023,588,3698,2736,1
Laurens,Family Life Center,"Public Service Commission, District 3",3,D,STEPHEN OPPENHEIMER,743,48,312,383,0
Laurens,Calhoun Park,"Public Service Commission, District 3",3,D,STEPHEN OPPENHEIMER,2206,251,1021,934,0
Laurens,Fire Dept Sta #5,"Public Service Commission, District 3",3,D,STEPHEN OPPENHEIMER,551,37,222,292,0
Laurens,Bailey,"Public Service Commission, District 3",3,D,STEPHEN OPPENHEIMER,163,15,90,58,0
Laurens,Buckeye,"Public Service Commission, District 3",3,D,STEPHEN OPPENHEIMER,293,27,167,99,0
Laurens,Burch,"Public Service Commission, District 3",3,D,STEPHEN OPPENHEIMER,80,6,58,16,0
Laurens,Burgamy,"Public Service Commission, District 3",3,D,STEPHEN OPPENHEIMER,301,44,161,96,0
Laurens,Cadwell,"Public Service Commission, District 3",3,D,STEPHEN OPPENHEIMER,109,5,86,18,0
Laurens,Brewton,"Public Service Commission, District 3",3,D,STEPHEN OPPENHEIMER,267,19,159,89,0
Laurens,Dudley,"Public Service Commission, District 3",3,D,STEPHEN OPPENHEIMER,160,12,102,46,0
Laurens,Hampton Mill,"Public Service Commission, District 3",3,D,STEPHEN OPPENHEIMER,212,10,177,25,0
Laurens,Harvard,"Public Service Commission, District 3",3,D,STEPHEN OPPENHEIMER,122,8,92,22,0
Laurens,Minter,"Public Service Commission, District 3",3,D,STEPHEN OPPENHEIMER,78,4,52,21,1
Laurens,Rural Fire Sta #17,"Public Service Commission, District 3",3,D,STEPHEN OPPENHEIMER,346,19,219,108,0
Laurens,Reedy Springs,"Public Service Commission, District 3",3,D,STEPHEN OPPENHEIMER,121,3,91,27,0
Laurens,Smith,"Public Service Commission, District 3",3,D,STEPHEN OPPENHEIMER,833,49,482,302,0
Laurens,West Laurens,"Public Service Commission, District 3",3,D,STEPHEN OPPENHEIMER,438,31,207,200,0
Laurens,,"Public Service Commission, District 3",3,L,BRAD PLOEGER,524,32,301,191,0
Laurens,Family Life Center,"Public Service Commission, District 3",3,L,BRAD PLOEGER,80,7,26,47,0
Laurens,Calhoun Park,"Public Service Commission, District 3",3,L,BRAD PLOEGER,72,7,36,29,0
Laurens,Fire Dept Sta #5,"Public Service Commission, District 3",3,L,BRAD PLOEGER,68,4,23,41,0
Laurens,Bailey,"Public Service Commission, District 3",3,L,BRAD PLOEGER,25,4,13,8,0
Laurens,Buckeye,"Public Service Commission, District 3",3,L,BRAD PLOEGER,18,0,12,6,0
Laurens,Burch,"Public Service Commission, District 3",3,L,BRAD PLOEGER,6,0,5,1,0
Laurens,Burgamy,"Public Service Commission, District 3",3,L,BRAD PLOEGER,12,0,8,4,0
Laurens,Cadwell,"Public Service Commission, District 3",3,L,BRAD PLOEGER,10,0,9,1,0
Laurens,Brewton,"Public Service Commission, District 3",3,L,BRAD PLOEGER,38,1,30,7,0
Laurens,Dudley,"Public Service Commission, District 3",3,L,BRAD PLOEGER,23,1,21,1,0
Laurens,Hampton Mill,"Public Service Commission, District 3",3,L,BRAD PLOEGER,20,5,13,2,0
Laurens,Harvard,"Public Service Commission, District 3",3,L,BRAD PLOEGER,9,0,7,2,0
Laurens,Minter,"Public Service Commission, District 3",3,L,BRAD PLOEGER,12,0,12,0,0
Laurens,Rural Fire Sta #17,"Public Service Commission, District 3",3,L,BRAD PLOEGER,37,0,22,15,0
Laurens,Reedy Springs,"Public Service Commission, District 3",3,L,BRAD PLOEGER,11,1,8,2,0
Laurens,Smith,"Public Service Commission, District 3",3,L,BRAD PLOEGER,40,1,27,12,0
Laurens,West Laurens,"Public Service Commission, District 3",3,L,BRAD PLOEGER,43,1,29,13,0
Laurens,,"Public Service Commission, District 5",5,(R,STAN WISE (I),11468,747,6546,4172,3
Laurens,Family Life Center,"Public Service Commission, District 5",5,(R,STAN WISE (I),1822,175,693,953,1
Laurens,Calhoun Park,"Public Service Commission, District 5",5,(R,STAN WISE (I),1049,99,461,489,0
Laurens,Fire Dept Sta #5,"Public Service Commission, District 5",5,(R,STAN WISE (I),1591,105,682,804,0
Laurens,Bailey,"Public Service Commission, District 5",5,(R,STAN WISE (I),588,35,379,174,0
Laurens,Buckeye,"Public Service Commission, District 5",5,(R,STAN WISE (I),280,15,181,84,0
Laurens,Burch,"Public Service Commission, District 5",5,(R,STAN WISE (I),159,9,135,15,0
Laurens,Burgamy,"Public Service Commission, District 5",5,(R,STAN WISE (I),300,29,192,79,0
Laurens,Cadwell,"Public Service Commission, District 5",5,(R,STAN WISE (I),362,15,253,94,0
Laurens,Brewton,"Public Service Commission, District 5",5,(R,STAN WISE (I),607,24,419,164,0
Laurens,Dudley,"Public Service Commission, District 5",5,(R,STAN WISE (I),537,33,345,159,0
Laurens,Hampton Mill,"Public Service Commission, District 5",5,(R,STAN WISE (I),801,36,598,167,0
Laurens,Harvard,"Public Service Commission, District 5",5,(R,STAN WISE (I),109,2,93,14,0
Laurens,Minter,"Public Service Commission, District 5",5,(R,STAN WISE (I),407,21,306,79,1
Laurens,Rural Fire Sta #17,"Public Service Commission, District 5",5,(R,STAN WISE (I),814,49,516,248,1
Laurens,Reedy Springs,"Public Service Commission, District 5",5,(R,STAN WISE (I),402,13,328,61,0
Laurens,Smith,"Public Service Commission, District 5",5,(R,STAN WISE (I),903,50,566,287,0
Laurens,West Laurens,"Public Service Commission, District 5",5,(R,STAN WISE (I),737,37,399,301,0
Laurens,,"Public Service Commission, District 5",5,L,DAVID STAPLES,4035,251,2247,1537,0
Laurens,Family Life Center,"Public Service Commission, District 5",5,L,DAVID STAPLES,480,33,180,267,0
Laurens,Calhoun Park,"Public Service Commission, District 5",5,L,DAVID STAPLES,1190,99,625,466,0
Laurens,Fire Dept Sta #5,"Public Service Commission, District 5",5,L,DAVID STAPLES,354,21,133,200,0
Laurens,Bailey,"Public Service Commission, District 5",5,L,DAVID STAPLES,109,14,60,35,0
Laurens,Buckeye,"Public Service Commission, District 5",5,L,DAVID STAPLES,160,7,106,47,0
Laurens,Burch,"Public Service Commission, District 5",5,L,DAVID STAPLES,45,1,33,11,0
Laurens,Burgamy,"Public Service Commission, District 5",5,L,DAVID STAPLES,145,10,87,48,0
Laurens,Cadwell,"Public Service Commission, District 5",5,L,DAVID STAPLES,71,1,56,14,0
Laurens,Brewton,"Public Service Commission, District 5",5,L,DAVID STAPLES,161,11,103,47,0
Laurens,Dudley,"Public Service Commission, District 5",5,L,DAVID STAPLES,106,8,64,34,0
Laurens,Hampton Mill,"Public Service Commission, District 5",5,L,DAVID STAPLES,137,7,108,22,0
Laurens,Harvard,"Public Service Commission, District 5",5,L,DAVID STAPLES,69,4,53,12,0
Laurens,Minter,"Public Service Commission, District 5",5,L,DAVID STAPLES,49,0,39,10,0
Laurens,Rural Fire Sta #17,"Public Service Commission, District 5",5,L,DAVID STAPLES,196,4,131,61,0
Laurens,Reedy Springs,"Public Service Commission, District 5",5,L,DAVID STAPLES,71,1,51,19,0
Laurens,Smith,"Public Service Commission, District 5",5,L,DAVID STAPLES,460,16,292,152,0
Laurens,West Laurens,"Public Service Commission, District 5",5,L,DAVID STAPLES,232,14,126,92,0
Laurens,,U.S. Representative,12,R,LEE ANDERSON,9465,572,5662,3229,2
Laurens,Family Life Center,U.S. Representative,12,R,LEE ANDERSON,1494,154,583,756,1
Laurens,Calhoun Park,U.S. Representative,12,R,LEE ANDERSON,659,67,303,289,0
Laurens,Fire Dept Sta #5,U.S. Representative,12,R,LEE ANDERSON,1373,91,609,673,0
Laurens,Bailey,U.S. Representative,12,R,LEE ANDERSON,550,27,370,153,0
Laurens,Buckeye,U.S. Representative,12,R,LEE ANDERSON,229,5,167,57,0
Laurens,Burch,U.S. Representative,12,R,LEE ANDERSON,150,4,130,16,0
Laurens,Burgamy,U.S. Representative,12,R,LEE ANDERSON,231,16,156,59,0
Laurens,Cadwell,U.S. Representative,12,R,LEE ANDERSON,307,12,222,73,0
Laurens,Brewton,U.S. Representative,12,R,LEE ANDERSON,527,21,381,125,0
Laurens,Dudley,U.S. Representative,12,R,LEE ANDERSON,487,29,322,136,0
Laurens,Hampton Mill,U.S. Representative,12,R,LEE ANDERSON,700,29,537,134,0
Laurens,Harvard,U.S. Representative,12,R,LEE ANDERSON,80,1,70,9,0
Laurens,Minter,U.S. Representative,12,R,LEE ANDERSON,369,17,280,72,0
Laurens,Rural Fire Sta #17,U.S. Representative,12,R,LEE ANDERSON,673,36,438,198,1
Laurens,Reedy Springs,U.S. Representative,12,R,LEE ANDERSON,357,12,296,49,0
Laurens,Smith,U.S. Representative,12,R,LEE ANDERSON,694,26,462,206,0
Laurens,West Laurens,U.S. Representative,12,R,LEE ANDERSON,585,25,336,224,0
Laurens,,U.S. Representative,12,(D,JOHN BARROW (I),9204,705,4736,3762,1
Laurens,Family Life Center,U.S. Representative,12,(D,JOHN BARROW (I),1072,68,402,602,0
Laurens,Calhoun Park,U.S. Representative,12,(D,JOHN BARROW (I),2540,268,1181,1091,0
Laurens,Fire Dept Sta #5,U.S. Representative,12,(D,JOHN BARROW (I),869,58,324,487,0
Laurens,Bailey,U.S. Representative,12,(D,JOHN BARROW (I),230,22,118,90,0
Laurens,Buckeye,U.S. Representative,12,(D,JOHN BARROW (I),366,30,213,123,0
Laurens,Burch,U.S. Representative,12,(D,JOHN BARROW (I),93,8,66,19,0
Laurens,Burgamy,U.S. Representative,12,(D,JOHN BARROW (I),347,43,194,110,0
Laurens,Cadwell,U.S. Representative,12,(D,JOHN BARROW (I),168,7,119,42,0
Laurens,Brewton,U.S. Representative,12,(D,JOHN BARROW (I),369,20,222,127,0
Laurens,Dudley,U.S. Representative,12,(D,JOHN BARROW (I),239,16,146,77,0
Laurens,Hampton Mill,U.S. Representative,12,(D,JOHN BARROW (I),330,18,241,71,0
Laurens,Harvard,U.S. Representative,12,(D,JOHN BARROW (I),145,8,109,28,0
Laurens,Minter,U.S. Representative,12,(D,JOHN BARROW (I),135,5,97,32,1
Laurens,Rural Fire Sta #17,U.S. Representative,12,(D,JOHN BARROW (I),521,28,311,182,0
Laurens,Reedy Springs,U.S. Representative,12,(D,JOHN BARROW (I),165,5,122,38,0
Laurens,Smith,U.S. Representative,12,(D,JOHN BARROW (I),1039,64,603,372,0
Laurens,West Laurens,U.S. Representative,12,(D,JOHN BARROW (I),576,37,268,271,0
Laurens,,State Senator,20,(R,ROSS TOLLESON (I),13612,873,7782,4954,3
Laurens,Family Life Center,State Senator,20,(R,ROSS TOLLESON (I),2097,195,781,1120,1
Laurens,Calhoun Park,State Senator,20,(R,ROSS TOLLESON (I),1636,158,794,684,0
Laurens,Fire Dept Sta #5,State Senator,20,(R,ROSS TOLLESON (I),1828,116,774,938,0
Laurens,Bailey,State Senator,20,(R,ROSS TOLLESON (I),645,42,406,197,0
Laurens,Buckeye,State Senator,20,(R,ROSS TOLLESON (I),351,14,238,99,0
Laurens,Burch,State Senator,20,(R,ROSS TOLLESON (I),178,9,152,17,0
Laurens,Burgamy,State Senator,20,(R,ROSS TOLLESON (I),381,31,244,106,0
Laurens,Cadwell,State Senator,20,(R,ROSS TOLLESON (I),403,13,283,107,0
Laurens,Brewton,State Senator,20,(R,ROSS TOLLESON (I),680,30,468,182,0
Laurens,Dudley,State Senator,20,(R,ROSS TOLLESON (I),611,36,400,175,0
Laurens,Hampton Mill,State Senator,20,(R,ROSS TOLLESON (I),870,38,656,176,0
Laurens,Harvard,State Senator,20,(R,ROSS TOLLESON (I),142,5,116,21,0
Laurens,Minter,State Senator,20,(R,ROSS TOLLESON (I),428,21,321,85,1
Laurens,Rural Fire Sta #17,State Senator,20,(R,ROSS TOLLESON (I),938,49,595,293,1
Laurens,Reedy Springs,State Senator,20,(R,ROSS TOLLESON (I),444,13,364,67,0
Laurens,Smith,State Senator,20,(R,ROSS TOLLESON (I),1135,61,719,355,0
Laurens,West Laurens,State Senator,20,(R,ROSS TOLLESON (I),845,42,471,332,0
Laurens,,State Representative,144,(R,JAMES EPPS (I),976,52,650,274,0
Laurens,Bailey,State Representative,144,(R,JAMES EPPS (I),612,34,396,182,0
Laurens,Burgamy,State Representative,144,(R,JAMES EPPS (I),271,17,177,77,0
Laurens,Harvard,State Representative,144,(R,JAMES EPPS (I),93,1,77,15,0
Laurens,,State Representative,144,D,MARY  WHIPPLE-LUE,582,70,333,179,0
Laurens,Bailey,State Representative,144,D,MARY  WHIPPLE-LUE,147,16,70,61,0
Laurens,Burgamy,State Representative,144,D,MARY  WHIPPLE-LUE,310,46,166,98,0
Laurens,Harvard,State Representative,144,D,MARY  WHIPPLE-LUE,125,8,97,20,0
Laurens,,State Representative,149,(R,JIMMY PRUETT (I),587,21,441,125,0
Laurens,Burch,State Representative,149,(R,JIMMY PRUETT (I),180,9,151,20,0
Laurens,Cadwell,State Representative,149,(R,JIMMY PRUETT (I),407,12,290,105,0
Laurens,,State Representative,150,(R,MATT HATCHETT (I),10807,667,6061,4076,3
Laurens,Family Life Center,State Representative,150,(R,MATT HATCHETT (I),1997,180,753,1063,1
Laurens,Calhoun Park,State Representative,150,(R,MATT HATCHETT (I),1003,98,449,456,0
Laurens,Fire Dept Sta #5,State Representative,150,(R,MATT HATCHETT (I),1766,117,746,903,0
Laurens,Buckeye,State Representative,150,(R,MATT HATCHETT (I),306,11,215,80,0
Laurens,Brewton,State Representative,150,(R,MATT HATCHETT (I),673,24,480,169,0
Laurens,Dudley,State Representative,150,(R,MATT HATCHETT (I),604,35,396,173,0
Laurens,Hampton Mill,State Representative,150,(R,MATT HATCHETT (I),886,38,663,185,0
Laurens,Minter,State Representative,150,(R,MATT HATCHETT (I),472,20,355,96,1
Laurens,Rural Fire Sta #17,State Representative,150,(R,MATT HATCHETT (I),908,46,579,282,1
Laurens,Reedy Springs,State Representative,150,(R,MATT HATCHETT (I),456,13,376,67,0
Laurens,Smith,State Representative,150,(R,MATT HATCHETT (I),968,46,627,295,0
Laurens,West Laurens,State Representative,150,(R,MATT HATCHETT (I),768,39,422,307,0
Laurens,,State Representative,150,D,SHEIKH RAHMAN,5543,463,2697,2383,0
Laurens,Family Life Center,State Representative,150,D,SHEIKH RAHMAN,591,41,235,315,0
Laurens,Calhoun Park,State Representative,150,D,SHEIKH RAHMAN,2187,233,1013,941,0
Laurens,Fire Dept Sta #5,State Representative,150,D,SHEIKH RAHMAN,469,31,173,265,0
Laurens,Buckeye,State Representative,150,D,SHEIKH RAHMAN,277,26,152,99,0
Laurens,Brewton,State Representative,150,D,SHEIKH RAHMAN,221,17,119,85,0
Laurens,Dudley,State Representative,150,D,SHEIKH RAHMAN,125,9,77,39,0
Laurens,Hampton Mill,State Representative,150,D,SHEIKH RAHMAN,137,10,107,20,0
Laurens,Minter,State Representative,150,D,SHEIKH RAHMAN,33,3,19,11,0
Laurens,Rural Fire Sta #17,State Representative,150,D,SHEIKH RAHMAN,280,17,162,101,0
Laurens,Reedy Springs,State Representative,150,D,SHEIKH RAHMAN,70,3,42,25,0
Laurens,Smith,State Representative,150,D,SHEIKH RAHMAN,758,49,418,291,0
Laurens,West Laurens,State Representative,150,D,SHEIKH RAHMAN,395,24,180,191,0
Laurens,,District Attorney, Dublin Circuit,(D,CRAIG FRASER (I),16318,1126,9053,6138,1
Laurens,Family Life Center,District Attorney, Dublin Circuit,(D,CRAIG FRASER (I),2235,188,847,1200,0
Laurens,Calhoun Park,District Attorney, Dublin Circuit,(D,CRAIG FRASER (I),2883,304,1348,1231,0
Laurens,Fire Dept Sta #5,District Attorney, Dublin Circuit,(D,CRAIG FRASER (I),1946,127,814,1005,0
Laurens,Bailey,District Attorney, Dublin Circuit,(D,CRAIG FRASER (I),616,40,376,200,0
Laurens,Buckeye,District Attorney, Dublin Circuit,(D,CRAIG FRASER (I),520,33,318,169,0
Laurens,Burch,District Attorney, Dublin Circuit,(D,CRAIG FRASER (I),199,12,161,26,0
Laurens,Burgamy,District Attorney, Dublin Circuit,(D,CRAIG FRASER (I),527,52,318,157,0
Laurens,Cadwell,District Attorney, Dublin Circuit,(D,CRAIG FRASER (I),407,15,289,103,0
Laurens,Brewton,District Attorney, Dublin Circuit,(D,CRAIG FRASER (I),760,36,522,202,0
Laurens,Dudley,District Attorney, Dublin Circuit,(D,CRAIG FRASER (I),627,43,405,179,0
Laurens,Hampton Mill,District Attorney, Dublin Circuit,(D,CRAIG FRASER (I),873,40,652,181,0
Laurens,Harvard,District Attorney, Dublin Circuit,(D,CRAIG FRASER (I),189,8,150,31,0
Laurens,Minter,District Attorney, Dublin Circuit,(D,CRAIG FRASER (I),437,21,327,88,1
Laurens,Rural Fire Sta #17,District Attorney, Dublin Circuit,(D,CRAIG FRASER (I),1039,51,649,339,0
Laurens,Reedy Springs,District Attorney, Dublin Circuit,(D,CRAIG FRASER (I),470,16,379,75,0
Laurens,Smith,District Attorney, Dublin Circuit,(D,CRAIG FRASER (I),1563,83,954,526,0
Laurens,West Laurens,District Attorney, Dublin Circuit,(D,CRAIG FRASER (I),1027,57,544,426,0
Laurens,,Superior Court Clerk,,(D,JACKIE DALTON (I),15879,1102,8756,6019,2
Laurens,Family Life Center,Superior Court Clerk,,(D,JACKIE DALTON (I),2170,188,830,1151,1
Laurens,Calhoun Park,Superior Court Clerk,,(D,JACKIE DALTON (I),2859,295,1323,1241,0
Laurens,Fire Dept Sta #5,Superior Court Clerk,,(D,JACKIE DALTON (I),1878,125,780,973,0
Laurens,Bailey,Superior Court Clerk,,(D,JACKIE DALTON (I),597,37,368,192,0
Laurens,Buckeye,Superior Court Clerk,,(D,JACKIE DALTON (I),508,32,314,162,0
Laurens,Burch,Superior Court Clerk,,(D,JACKIE DALTON (I),183,12,146,25,0
Laurens,Burgamy,Superior Court Clerk,,(D,JACKIE DALTON (I),507,50,308,149,0
Laurens,Cadwell,Superior Court Clerk,,(D,JACKIE DALTON (I),392,15,279,98,0
Laurens,Brewton,Superior Court Clerk,,(D,JACKIE DALTON (I),757,38,510,209,0
Laurens,Dudley,Superior Court Clerk,,(D,JACKIE DALTON (I),602,41,379,182,0
Laurens,Hampton Mill,Superior Court Clerk,,(D,JACKIE DALTON (I),844,35,638,171,0
Laurens,Harvard,Superior Court Clerk,,(D,JACKIE DALTON (I),190,8,146,36,0
Laurens,Minter,Superior Court Clerk,,(D,JACKIE DALTON (I),409,21,299,88,1
Laurens,Rural Fire Sta #17,Superior Court Clerk,,(D,JACKIE DALTON (I),1003,49,621,333,0
Laurens,Reedy Springs,Superior Court Clerk,,(D,JACKIE DALTON (I),455,16,364,75,0
Laurens,Smith,Superior Court Clerk,,(D,JACKIE DALTON (I),1510,84,920,506,0
Laurens,West Laurens,Superior Court Clerk,,(D,JACKIE DALTON (I),1015,56,531,428,0
Laurens,,Sheriff,,(D,W. A. HARRELL (I),16660,1137,9197,6324,2
Laurens,Family Life Center,Sheriff,,(D,W. A. HARRELL (I),2290,196,869,1224,1
Laurens,Calhoun Park,Sheriff,,(D,W. A. HARRELL (I),2970,310,1365,1295,0
Laurens,Fire Dept Sta #5,Sheriff,,(D,W. A. HARRELL (I),1989,129,831,1029,0
Laurens,Bailey,Sheriff,,(D,W. A. HARRELL (I),628,39,385,204,0
Laurens,Buckeye,Sheriff,,(D,W. A. HARRELL (I),537,32,330,175,0
Laurens,Burch,Sheriff,,(D,W. A. HARRELL (I),202,12,160,30,0
Laurens,Burgamy,Sheriff,,(D,W. A. HARRELL (I),533,51,327,155,0
Laurens,Cadwell,Sheriff,,(D,W. A. HARRELL (I),407,15,289,103,0
Laurens,Brewton,Sheriff,,(D,W. A. HARRELL (I),805,39,544,222,0
Laurens,Dudley,Sheriff,,(D,W. A. HARRELL (I),627,42,397,188,0
Laurens,Hampton Mill,Sheriff,,(D,W. A. HARRELL (I),898,41,677,180,0
Laurens,Harvard,Sheriff,,(D,W. A. HARRELL (I),197,8,154,35,0
Laurens,Minter,Sheriff,,(D,W. A. HARRELL (I),431,21,319,90,1
Laurens,Rural Fire Sta #17,Sheriff,,(D,W. A. HARRELL (I),1075,52,675,348,0
Laurens,Reedy Springs,Sheriff,,(D,W. A. HARRELL (I),472,16,382,74,0
Laurens,Smith,Sheriff,,(D,W. A. HARRELL (I),1566,80,955,531,0
Laurens,West Laurens,Sheriff,,(D,W. A. HARRELL (I),1033,54,538,441,0
Laurens,,Tax Commissioner,,(R,RALPH JACKSON (I),14727,943,8375,5407,2
Laurens,Family Life Center,Tax Commissioner,,(R,RALPH JACKSON (I),2203,195,838,1169,1
Laurens,Calhoun Park,Tax Commissioner,,(R,RALPH JACKSON (I),1979,185,947,847,0
Laurens,Fire Dept Sta #5,Tax Commissioner,,(R,RALPH JACKSON (I),1905,125,798,982,0
Laurens,Bailey,Tax Commissioner,,(R,RALPH JACKSON (I),643,39,405,199,0
Laurens,Buckeye,Tax Commissioner,,(R,RALPH JACKSON (I),422,24,269,129,0
Laurens,Burch,Tax Commissioner,,(R,RALPH JACKSON (I),180,9,153,18,0
Laurens,Burgamy,Tax Commissioner,,(R,RALPH JACKSON (I),423,44,258,121,0
Laurens,Cadwell,Tax Commissioner,,(R,RALPH JACKSON (I),416,14,296,106,0
Laurens,Brewton,Tax Commissioner,,(R,RALPH JACKSON (I),739,31,515,193,0
Laurens,Dudley,Tax Commissioner,,(R,RALPH JACKSON (I),623,38,407,178,0
Laurens,Hampton Mill,Tax Commissioner,,(R,RALPH JACKSON (I),905,41,676,188,0
Laurens,Harvard,Tax Commissioner,,(R,RALPH JACKSON (I),167,5,133,29,0
Laurens,Minter,Tax Commissioner,,(R,RALPH JACKSON (I),452,20,338,93,1
Laurens,Rural Fire Sta #17,Tax Commissioner,,(R,RALPH JACKSON (I),994,48,642,304,0
Laurens,Reedy Springs,Tax Commissioner,,(R,RALPH JACKSON (I),463,14,380,69,0
Laurens,Smith,Tax Commissioner,,(R,RALPH JACKSON (I),1290,64,814,412,0
Laurens,West Laurens,Tax Commissioner,,(R,RALPH JACKSON (I),923,47,506,370,0
Laurens,,Coroner,,D,R. STANLEY III (I),16362,1103,9039,6218,2
Laurens,Family Life Center,Coroner,,D,R. STANLEY III (I),2234,192,853,1188,1
Laurens,Calhoun Park,Coroner,,D,R. STANLEY III (I),2945,295,1359,1291,0
Laurens,Fire Dept Sta #5,Coroner,,D,R. STANLEY III (I),1945,129,809,1007,0
Laurens,Bailey,Coroner,,D,R. STANLEY III (I),628,37,387,204,0
Laurens,Buckeye,Coroner,,D,R. STANLEY III (I),533,30,325,178,0
Laurens,Burch,Coroner,,D,R. STANLEY III (I),189,11,154,24,0
Laurens,Burgamy,Coroner,,D,R. STANLEY III (I),527,49,320,158,0
Laurens,Cadwell,Coroner,,D,R. STANLEY III (I),389,15,279,95,0
Laurens,Brewton,Coroner,,D,R. STANLEY III (I),797,41,535,221,0
Laurens,Dudley,Coroner,,D,R. STANLEY III (I),614,43,381,190,0
Laurens,Hampton Mill,Coroner,,D,R. STANLEY III (I),869,35,657,177,0
Laurens,Harvard,Coroner,,D,R. STANLEY III (I),200,8,155,37,0
Laurens,Minter,Coroner,,D,R. STANLEY III (I),423,20,316,86,1
Laurens,Rural Fire Sta #17,Coroner,,D,R. STANLEY III (I),1048,53,661,334,0
Laurens,Reedy Springs,Coroner,,D,R. STANLEY III (I),466,15,375,76,0
Laurens,Smith,Coroner,,D,R. STANLEY III (I),1540,77,942,521,0
Laurens,West Laurens,Coroner,,D,R. STANLEY III (I),1015,53,531,431,0
Laurens,,County Comm 2,,R,JON MARTIN,2204,102,1508,594,0
Laurens,Burch,County Comm 2,,R,JON MARTIN,78,4,67,7,0
Laurens,Cadwell,County Comm 2,,R,JON MARTIN,241,8,170,63,0
Laurens,Hampton Mill,County Comm 2,,R,JON MARTIN,630,27,467,136,0
Laurens,Rural Fire Sta #17,County Comm 2,,R,JON MARTIN,611,38,396,177,0
Laurens,Reedy Springs,County Comm 2,,R,JON MARTIN,251,6,194,51,0
Laurens,West Laurens,County Comm 2,,R,JON MARTIN,393,19,214,160,0
Laurens,,County Comm 2,,(D,D. M. MULLIS (I),2005,98,1369,537,1
Laurens,Burch,County Comm 2,,(D,D. M. MULLIS (I),162,7,128,27,0
Laurens,Cadwell,County Comm 2,,(D,D. M. MULLIS (I),236,11,171,54,0
Laurens,Hampton Mill,County Comm 2,,(D,D. M. MULLIS (I),403,21,311,71,0
Laurens,Rural Fire Sta #17,County Comm 2,,(D,D. M. MULLIS (I),592,26,366,199,1
Laurens,Reedy Springs,County Comm 2,,(D,D. M. MULLIS (I),287,12,231,44,0
Laurens,West Laurens,County Comm 2,,(D,D. M. MULLIS (I),325,21,162,142,0
Laurens,,County Comm 3,,(R,BUDDY ADAMS (I),3903,309,1654,1939,1
Laurens,Family Life Center,County Comm 3,,(R,BUDDY ADAMS (I),2127,186,809,1131,1
Laurens,Fire Dept Sta #5,County Comm 3,,(R,BUDDY ADAMS (I),1255,87,505,663,0
Laurens,Dudley,County Comm 3,,(R,BUDDY ADAMS (I),506,36,330,140,0
Laurens,Harvard,County Comm 3,,(R,BUDDY ADAMS (I),15,0,10,5,0
Laurens,,Constitutional Amendment #1<br>Shall the Constitution be amended to allow state or local approval of public charter schools upon the request of local communities?,,,YES,6924,510,3609,2804,1
Laurens,Family Life Center,Constitutional Amendment #1<br>Shall the Constitution be amended to allow state or local approval of public charter schools upon the request of local communities?,,,YES,1040,99,418,522,1
Laurens,Calhoun Park,Constitutional Amendment #1<br>Shall the Constitution be amended to allow state or local approval of public charter schools upon the request of local communities?,,,YES,1547,124,781,642,0
Laurens,Fire Dept Sta #5,Constitutional Amendment #1<br>Shall the Constitution be amended to allow state or local approval of public charter schools upon the request of local communities?,,,YES,792,61,288,443,0
Laurens,Bailey,Constitutional Amendment #1<br>Shall the Constitution be amended to allow state or local approval of public charter schools upon the request of local communities?,,,YES,227,23,115,89,0
Laurens,Buckeye,Constitutional Amendment #1<br>Shall the Constitution be amended to allow state or local approval of public charter schools upon the request of local communities?,,,YES,199,17,116,66,0
Laurens,Burch,Constitutional Amendment #1<br>Shall the Constitution be amended to allow state or local approval of public charter schools upon the request of local communities?,,,YES,64,2,49,13,0
Laurens,Burgamy,Constitutional Amendment #1<br>Shall the Constitution be amended to allow state or local approval of public charter schools upon the request of local communities?,,,YES,215,19,118,78,0
Laurens,Cadwell,Constitutional Amendment #1<br>Shall the Constitution be amended to allow state or local approval of public charter schools upon the request of local communities?,,,YES,120,4,68,48,0
Laurens,Brewton,Constitutional Amendment #1<br>Shall the Constitution be amended to allow state or local approval of public charter schools upon the request of local communities?,,,YES,296,19,179,98,0
Laurens,Dudley,Constitutional Amendment #1<br>Shall the Constitution be amended to allow state or local approval of public charter schools upon the request of local communities?,,,YES,205,14,128,63,0
Laurens,Hampton Mill,Constitutional Amendment #1<br>Shall the Constitution be amended to allow state or local approval of public charter schools upon the request of local communities?,,,YES,302,18,210,74,0
Laurens,Harvard,Constitutional Amendment #1<br>Shall the Constitution be amended to allow state or local approval of public charter schools upon the request of local communities?,,,YES,84,5,59,20,0
Laurens,Minter,Constitutional Amendment #1<br>Shall the Constitution be amended to allow state or local approval of public charter schools upon the request of local communities?,,,YES,153,10,105,38,0
Laurens,Rural Fire Sta #17,Constitutional Amendment #1<br>Shall the Constitution be amended to allow state or local approval of public charter schools upon the request of local communities?,,,YES,395,27,227,141,0
Laurens,Reedy Springs,Constitutional Amendment #1<br>Shall the Constitution be amended to allow state or local approval of public charter schools upon the request of local communities?,,,YES,157,4,115,38,0
Laurens,Smith,Constitutional Amendment #1<br>Shall the Constitution be amended to allow state or local approval of public charter schools upon the request of local communities?,,,YES,685,38,405,242,0
Laurens,West Laurens,Constitutional Amendment #1<br>Shall the Constitution be amended to allow state or local approval of public charter schools upon the request of local communities?,,,YES,443,26,228,189,0
Laurens,,Constitutional Amendment #1<br>Shall the Constitution be amended to allow state or local approval of public charter schools upon the request of local communities?,,,NO,11193,718,6440,4033,2
Laurens,Family Life Center,Constitutional Amendment #1<br>Shall the Constitution be amended to allow state or local approval of public charter schools upon the request of local communities?,,,NO,1473,110,549,814,0
Laurens,Calhoun Park,Constitutional Amendment #1<br>Shall the Constitution be amended to allow state or local approval of public charter schools upon the request of local communities?,,,NO,1572,192,654,726,0
Laurens,Fire Dept Sta #5,Constitutional Amendment #1<br>Shall the Constitution be amended to allow state or local approval of public charter schools upon the request of local communities?,,,NO,1409,88,616,705,0
Laurens,Bailey,Constitutional Amendment #1<br>Shall the Constitution be amended to allow state or local approval of public charter schools upon the request of local communities?,,,NO,527,27,356,144,0
Laurens,Buckeye,Constitutional Amendment #1<br>Shall the Constitution be amended to allow state or local approval of public charter schools upon the request of local communities?,,,NO,364,14,245,105,0
Laurens,Burch,Constitutional Amendment #1<br>Shall the Constitution be amended to allow state or local approval of public charter schools upon the request of local communities?,,,NO,166,10,138,18,0
Laurens,Burgamy,Constitutional Amendment #1<br>Shall the Constitution be amended to allow state or local approval of public charter schools upon the request of local communities?,,,NO,353,41,224,88,0
Laurens,Cadwell,Constitutional Amendment #1<br>Shall the Constitution be amended to allow state or local approval of public charter schools upon the request of local communities?,,,NO,334,15,254,65,0
Laurens,Brewton,Constitutional Amendment #1<br>Shall the Constitution be amended to allow state or local approval of public charter schools upon the request of local communities?,,,NO,557,20,399,138,0
Laurens,Dudley,Constitutional Amendment #1<br>Shall the Constitution be amended to allow state or local approval of public charter schools upon the request of local communities?,,,NO,506,28,332,146,0
Laurens,Hampton Mill,Constitutional Amendment #1<br>Shall the Constitution be amended to allow state or local approval of public charter schools upon the request of local communities?,,,NO,693,27,539,127,0
Laurens,Harvard,Constitutional Amendment #1<br>Shall the Constitution be amended to allow state or local approval of public charter schools upon the request of local communities?,,,NO,140,4,117,19,0
Laurens,Minter,Constitutional Amendment #1<br>Shall the Constitution be amended to allow state or local approval of public charter schools upon the request of local communities?,,,NO,333,10,259,63,1
Laurens,Rural Fire Sta #17,Constitutional Amendment #1<br>Shall the Constitution be amended to allow state or local approval of public charter schools upon the request of local communities?,,,NO,766,28,510,227,1
Laurens,Reedy Springs,Constitutional Amendment #1<br>Shall the Constitution be amended to allow state or local approval of public charter schools upon the request of local communities?,,,NO,341,14,278,49,0
Laurens,Smith,Constitutional Amendment #1<br>Shall the Constitution be amended to allow state or local approval of public charter schools upon the request of local communities?,,,NO,978,51,605,322,0
Laurens,West Laurens,Constitutional Amendment #1<br>Shall the Constitution be amended to allow state or local approval of public charter schools upon the request of local communities?,,,NO,681,39,365,277,0
Laurens,,Constitutional Amendment #2<br>Shall the Constitution be amended so as to provide for a reduction in the state's operating costs by allowing the General Assembly to authorize certain state agencies to enter into multiyear rental agreements?,,,YES,8783,581,4840,3361,1
Laurens,Family Life Center,Constitutional Amendment #2<br>Shall the Constitution be amended so as to provide for a reduction in the state's operating costs by allowing the General Assembly to authorize certain state agencies to enter into multiyear rental agreements?,,,YES,1327,111,556,660,0
Laurens,Calhoun Park,Constitutional Amendment #2<br>Shall the Constitution be amended so as to provide for a reduction in the state's operating costs by allowing the General Assembly to authorize certain state agencies to enter into multiyear rental agreements?,,,YES,1600,128,805,667,0
Laurens,Fire Dept Sta #5,Constitutional Amendment #2<br>Shall the Constitution be amended so as to provide for a reduction in the state's operating costs by allowing the General Assembly to authorize certain state agencies to enter into multiyear rental agreements?,,,YES,1104,91,448,565,0
Laurens,Bailey,Constitutional Amendment #2<br>Shall the Constitution be amended so as to provide for a reduction in the state's operating costs by allowing the General Assembly to authorize certain state agencies to enter into multiyear rental agreements?,,,YES,349,24,213,112,0
Laurens,Buckeye,Constitutional Amendment #2<br>Shall the Constitution be amended so as to provide for a reduction in the state's operating costs by allowing the General Assembly to authorize certain state agencies to enter into multiyear rental agreements?,,,YES,250,16,145,89,0
Laurens,Burch,Constitutional Amendment #2<br>Shall the Constitution be amended so as to provide for a reduction in the state's operating costs by allowing the General Assembly to authorize certain state agencies to enter into multiyear rental agreements?,,,YES,101,5,79,17,0
Laurens,Burgamy,Constitutional Amendment #2<br>Shall the Constitution be amended so as to provide for a reduction in the state's operating costs by allowing the General Assembly to authorize certain state agencies to enter into multiyear rental agreements?,,,YES,267,19,163,85,0
Laurens,Cadwell,Constitutional Amendment #2<br>Shall the Constitution be amended so as to provide for a reduction in the state's operating costs by allowing the General Assembly to authorize certain state agencies to enter into multiyear rental agreements?,,,YES,215,6,148,61,0
Laurens,Brewton,Constitutional Amendment #2<br>Shall the Constitution be amended so as to provide for a reduction in the state's operating costs by allowing the General Assembly to authorize certain state agencies to enter into multiyear rental agreements?,,,YES,379,22,244,113,0
Laurens,Dudley,Constitutional Amendment #2<br>Shall the Constitution be amended so as to provide for a reduction in the state's operating costs by allowing the General Assembly to authorize certain state agencies to enter into multiyear rental agreements?,,,YES,352,20,231,101,0
Laurens,Hampton Mill,Constitutional Amendment #2<br>Shall the Constitution be amended so as to provide for a reduction in the state's operating costs by allowing the General Assembly to authorize certain state agencies to enter into multiyear rental agreements?,,,YES,431,18,318,95,0
Laurens,Harvard,Constitutional Amendment #2<br>Shall the Constitution be amended so as to provide for a reduction in the state's operating costs by allowing the General Assembly to authorize certain state agencies to enter into multiyear rental agreements?,,,YES,108,6,82,20,0
Laurens,Minter,Constitutional Amendment #2<br>Shall the Constitution be amended so as to provide for a reduction in the state's operating costs by allowing the General Assembly to authorize certain state agencies to enter into multiyear rental agreements?,,,YES,212,12,161,38,1
Laurens,Rural Fire Sta #17,Constitutional Amendment #2<br>Shall the Constitution be amended so as to provide for a reduction in the state's operating costs by allowing the General Assembly to authorize certain state agencies to enter into multiyear rental agreements?,,,YES,545,26,325,194,0
Laurens,Reedy Springs,Constitutional Amendment #2<br>Shall the Constitution be amended so as to provide for a reduction in the state's operating costs by allowing the General Assembly to authorize certain state agencies to enter into multiyear rental agreements?,,,YES,212,12,164,36,0
Laurens,Smith,Constitutional Amendment #2<br>Shall the Constitution be amended so as to provide for a reduction in the state's operating costs by allowing the General Assembly to authorize certain state agencies to enter into multiyear rental agreements?,,,YES,782,39,471,272,0
Laurens,West Laurens,Constitutional Amendment #2<br>Shall the Constitution be amended so as to provide for a reduction in the state's operating costs by allowing the General Assembly to authorize certain state agencies to enter into multiyear rental agreements?,,,YES,549,26,287,236,0
Laurens,,Constitutional Amendment #2<br>Shall the Constitution be amended so as to provide for a reduction in the state's operating costs by allowing the General Assembly to authorize certain state agencies to enter into multiyear rental agreements?,,,NO,9092,586,5092,3412,2
Laurens,Family Life Center,Constitutional Amendment #2<br>Shall the Constitution be amended so as to provide for a reduction in the state's operating costs by allowing the General Assembly to authorize certain state agencies to enter into multiyear rental agreements?,,,NO,1136,84,388,663,1
Laurens,Calhoun Park,Constitutional Amendment #2<br>Shall the Constitution be amended so as to provide for a reduction in the state's operating costs by allowing the General Assembly to authorize certain state agencies to enter into multiyear rental agreements?,,,NO,1530,184,635,711,0
Laurens,Fire Dept Sta #5,Constitutional Amendment #2<br>Shall the Constitution be amended so as to provide for a reduction in the state's operating costs by allowing the General Assembly to authorize certain state agencies to enter into multiyear rental agreements?,,,NO,1037,47,444,546,0
Laurens,Bailey,Constitutional Amendment #2<br>Shall the Constitution be amended so as to provide for a reduction in the state's operating costs by allowing the General Assembly to authorize certain state agencies to enter into multiyear rental agreements?,,,NO,397,24,253,120,0
Laurens,Buckeye,Constitutional Amendment #2<br>Shall the Constitution be amended so as to provide for a reduction in the state's operating costs by allowing the General Assembly to authorize certain state agencies to enter into multiyear rental agreements?,,,NO,303,9,214,80,0
Laurens,Burch,Constitutional Amendment #2<br>Shall the Constitution be amended so as to provide for a reduction in the state's operating costs by allowing the General Assembly to authorize certain state agencies to enter into multiyear rental agreements?,,,NO,128,7,107,14,0
Laurens,Burgamy,Constitutional Amendment #2<br>Shall the Constitution be amended so as to provide for a reduction in the state's operating costs by allowing the General Assembly to authorize certain state agencies to enter into multiyear rental agreements?,,,NO,290,37,172,81,0
Laurens,Cadwell,Constitutional Amendment #2<br>Shall the Constitution be amended so as to provide for a reduction in the state's operating costs by allowing the General Assembly to authorize certain state agencies to enter into multiyear rental agreements?,,,NO,238,12,177,49,0
Laurens,Brewton,Constitutional Amendment #2<br>Shall the Constitution be amended so as to provide for a reduction in the state's operating costs by allowing the General Assembly to authorize certain state agencies to enter into multiyear rental agreements?,,,NO,469,17,327,125,0
Laurens,Dudley,Constitutional Amendment #2<br>Shall the Constitution be amended so as to provide for a reduction in the state's operating costs by allowing the General Assembly to authorize certain state agencies to enter into multiyear rental agreements?,,,NO,338,21,211,106,0
Laurens,Hampton Mill,Constitutional Amendment #2<br>Shall the Constitution be amended so as to provide for a reduction in the state's operating costs by allowing the General Assembly to authorize certain state agencies to enter into multiyear rental agreements?,,,NO,546,26,417,103,0
Laurens,Harvard,Constitutional Amendment #2<br>Shall the Constitution be amended so as to provide for a reduction in the state's operating costs by allowing the General Assembly to authorize certain state agencies to enter into multiyear rental agreements?,,,NO,113,2,93,18,0
Laurens,Minter,Constitutional Amendment #2<br>Shall the Constitution be amended so as to provide for a reduction in the state's operating costs by allowing the General Assembly to authorize certain state agencies to enter into multiyear rental agreements?,,,NO,261,8,194,59,0
Laurens,Rural Fire Sta #17,Constitutional Amendment #2<br>Shall the Constitution be amended so as to provide for a reduction in the state's operating costs by allowing the General Assembly to authorize certain state agencies to enter into multiyear rental agreements?,,,NO,607,27,408,171,1
Laurens,Reedy Springs,Constitutional Amendment #2<br>Shall the Constitution be amended so as to provide for a reduction in the state's operating costs by allowing the General Assembly to authorize certain state agencies to enter into multiyear rental agreements?,,,NO,274,5,220,49,0
Laurens,Smith,Constitutional Amendment #2<br>Shall the Constitution be amended so as to provide for a reduction in the state's operating costs by allowing the General Assembly to authorize certain state agencies to enter into multiyear rental agreements?,,,NO,873,43,537,293,0
Laurens,West Laurens,Constitutional Amendment #2<br>Shall the Constitution be amended so as to provide for a reduction in the state's operating costs by allowing the General Assembly to authorize certain state agencies to enter into multiyear rental agreements?,,,NO,552,33,295,224,0
