county,precinct,office,district,party,candidate,votes,absentee_by_mail,election_day,advance_in_person,provisional
Oglethorpe,,President of the United States,,R,MITT ROMNEY,4251,182,2270,1799,0
Oglethorpe,Beaverdam,President of the United States,,R,MITT ROMNEY,943,44,588,311,0
Oglethorpe,Crawford,President of the United States,,R,MITT ROMNEY,762,25,334,403,0
Oglethorpe,Falling Creek,President of the United States,,R,MITT ROMNEY,279,5,186,88,0
Oglethorpe,Grove Creek,President of the United States,,R,MITT ROMNEY,209,13,142,54,0
Oglethorpe,Glade,President of the United States,,R,MITT ROMNEY,124,8,98,18,0
Oglethorpe,Goosepond,President of the United States,,R,MITT ROMNEY,234,9,140,85,0
Oglethorpe,Lexington,President of the United States,,R,MITT ROMNEY,823,46,253,524,0
Oglethorpe,Pleasant Hill,President of the United States,,R,MITT ROMNEY,427,15,261,151,0
Oglethorpe,Wolfskin,President of the United States,,R,MITT ROMNEY,325,14,191,120,0
Oglethorpe,Woodstock,President of the United States,,R,MITT ROMNEY,125,3,77,45,0
Oglethorpe,,President of the United States,,(D,BARACK OBAMA (I),1914,56,1046,811,1
Oglethorpe,Beaverdam,President of the United States,,(D,BARACK OBAMA (I),332,6,206,120,0
Oglethorpe,Crawford,President of the United States,,(D,BARACK OBAMA (I),420,15,200,205,0
Oglethorpe,Falling Creek,President of the United States,,(D,BARACK OBAMA (I),129,6,66,56,1
Oglethorpe,Grove Creek,President of the United States,,(D,BARACK OBAMA (I),103,2,72,29,0
Oglethorpe,Glade,President of the United States,,(D,BARACK OBAMA (I),107,4,81,22,0
Oglethorpe,Goosepond,President of the United States,,(D,BARACK OBAMA (I),118,3,87,28,0
Oglethorpe,Lexington,President of the United States,,(D,BARACK OBAMA (I),381,11,146,224,0
Oglethorpe,Pleasant Hill,President of the United States,,(D,BARACK OBAMA (I),108,2,71,35,0
Oglethorpe,Wolfskin,President of the United States,,(D,BARACK OBAMA (I),136,5,68,63,0
Oglethorpe,Woodstock,President of the United States,,(D,BARACK OBAMA (I),80,2,49,29,0
Oglethorpe,,President of the United States,,L,GARY JOHNSON,95,3,66,26,0
Oglethorpe,Beaverdam,President of the United States,,L,GARY JOHNSON,19,0,12,7,0
Oglethorpe,Crawford,President of the United States,,L,GARY JOHNSON,19,0,10,9,0
Oglethorpe,Falling Creek,President of the United States,,L,GARY JOHNSON,9,2,5,2,0
Oglethorpe,Grove Creek,President of the United States,,L,GARY JOHNSON,3,0,3,0,0
Oglethorpe,Glade,President of the United States,,L,GARY JOHNSON,4,0,3,1,0
Oglethorpe,Goosepond,President of the United States,,L,GARY JOHNSON,3,0,3,0,0
Oglethorpe,Lexington,President of the United States,,L,GARY JOHNSON,18,0,14,4,0
Oglethorpe,Pleasant Hill,President of the United States,,L,GARY JOHNSON,7,0,5,2,0
Oglethorpe,Wolfskin,President of the United States,,L,GARY JOHNSON,9,1,7,1,0
Oglethorpe,Woodstock,President of the United States,,L,GARY JOHNSON,4,0,4,0,0
Oglethorpe,,"Public Service Commission, District 3",3,(R,CHUCK EATON (I),3791,169,2022,1600,0
Oglethorpe,Beaverdam,"Public Service Commission, District 3",3,(R,CHUCK EATON (I),841,40,519,282,0
Oglethorpe,Crawford,"Public Service Commission, District 3",3,(R,CHUCK EATON (I),691,24,300,367,0
Oglethorpe,Falling Creek,"Public Service Commission, District 3",3,(R,CHUCK EATON (I),238,4,166,68,0
Oglethorpe,Grove Creek,"Public Service Commission, District 3",3,(R,CHUCK EATON (I),183,12,126,45,0
Oglethorpe,Glade,"Public Service Commission, District 3",3,(R,CHUCK EATON (I),112,7,88,17,0
Oglethorpe,Goosepond,"Public Service Commission, District 3",3,(R,CHUCK EATON (I),210,9,125,76,0
Oglethorpe,Lexington,"Public Service Commission, District 3",3,(R,CHUCK EATON (I),741,41,226,474,0
Oglethorpe,Pleasant Hill,"Public Service Commission, District 3",3,(R,CHUCK EATON (I),383,15,239,129,0
Oglethorpe,Wolfskin,"Public Service Commission, District 3",3,(R,CHUCK EATON (I),287,14,169,104,0
Oglethorpe,Woodstock,"Public Service Commission, District 3",3,(R,CHUCK EATON (I),105,3,64,38,0
Oglethorpe,,"Public Service Commission, District 3",3,D,STEPHEN OPPENHEIMER,1636,55,897,683,1
Oglethorpe,Beaverdam,"Public Service Commission, District 3",3,D,STEPHEN OPPENHEIMER,299,7,176,116,0
Oglethorpe,Crawford,"Public Service Commission, District 3",3,D,STEPHEN OPPENHEIMER,364,14,181,169,0
Oglethorpe,Falling Creek,"Public Service Commission, District 3",3,D,STEPHEN OPPENHEIMER,113,7,57,48,1
Oglethorpe,Grove Creek,"Public Service Commission, District 3",3,D,STEPHEN OPPENHEIMER,82,2,58,22,0
Oglethorpe,Glade,"Public Service Commission, District 3",3,D,STEPHEN OPPENHEIMER,90,4,70,16,0
Oglethorpe,Goosepond,"Public Service Commission, District 3",3,D,STEPHEN OPPENHEIMER,86,3,62,21,0
Oglethorpe,Lexington,"Public Service Commission, District 3",3,D,STEPHEN OPPENHEIMER,312,12,124,176,0
Oglethorpe,Pleasant Hill,"Public Service Commission, District 3",3,D,STEPHEN OPPENHEIMER,94,1,60,33,0
Oglethorpe,Wolfskin,"Public Service Commission, District 3",3,D,STEPHEN OPPENHEIMER,124,4,63,57,0
Oglethorpe,Woodstock,"Public Service Commission, District 3",3,D,STEPHEN OPPENHEIMER,72,1,46,25,0
Oglethorpe,,"Public Service Commission, District 3",3,L,BRAD PLOEGER,300,7,182,111,0
Oglethorpe,Beaverdam,"Public Service Commission, District 3",3,L,BRAD PLOEGER,70,2,48,20,0
Oglethorpe,Crawford,"Public Service Commission, District 3",3,L,BRAD PLOEGER,53,1,29,23,0
Oglethorpe,Falling Creek,"Public Service Commission, District 3",3,L,BRAD PLOEGER,28,1,16,11,0
Oglethorpe,Grove Creek,"Public Service Commission, District 3",3,L,BRAD PLOEGER,12,0,8,4,0
Oglethorpe,Glade,"Public Service Commission, District 3",3,L,BRAD PLOEGER,10,0,8,2,0
Oglethorpe,Goosepond,"Public Service Commission, District 3",3,L,BRAD PLOEGER,16,0,12,4,0
Oglethorpe,Lexington,"Public Service Commission, District 3",3,L,BRAD PLOEGER,51,2,19,30,0
Oglethorpe,Pleasant Hill,"Public Service Commission, District 3",3,L,BRAD PLOEGER,26,0,16,10,0
Oglethorpe,Wolfskin,"Public Service Commission, District 3",3,L,BRAD PLOEGER,26,1,18,7,0
Oglethorpe,Woodstock,"Public Service Commission, District 3",3,L,BRAD PLOEGER,8,0,8,0,0
Oglethorpe,,"Public Service Commission, District 5",5,(R,STAN WISE (I),4020,178,2118,1724,0
Oglethorpe,Beaverdam,"Public Service Commission, District 5",5,(R,STAN WISE (I),878,39,543,296,0
Oglethorpe,Crawford,"Public Service Commission, District 5",5,(R,STAN WISE (I),736,25,317,394,0
Oglethorpe,Falling Creek,"Public Service Commission, District 5",5,(R,STAN WISE (I),252,5,172,75,0
Oglethorpe,Grove Creek,"Public Service Commission, District 5",5,(R,STAN WISE (I),194,11,130,53,0
Oglethorpe,Glade,"Public Service Commission, District 5",5,(R,STAN WISE (I),121,8,95,18,0
Oglethorpe,Goosepond,"Public Service Commission, District 5",5,(R,STAN WISE (I),236,11,136,89,0
Oglethorpe,Lexington,"Public Service Commission, District 5",5,(R,STAN WISE (I),786,44,237,505,0
Oglethorpe,Pleasant Hill,"Public Service Commission, District 5",5,(R,STAN WISE (I),394,15,240,139,0
Oglethorpe,Wolfskin,"Public Service Commission, District 5",5,(R,STAN WISE (I),297,17,167,113,0
Oglethorpe,Woodstock,"Public Service Commission, District 5",5,(R,STAN WISE (I),126,3,81,42,0
Oglethorpe,,"Public Service Commission, District 5",5,L,DAVID STAPLES,1309,29,767,512,1
Oglethorpe,Beaverdam,"Public Service Commission, District 5",5,L,DAVID STAPLES,275,8,175,92,0
Oglethorpe,Crawford,"Public Service Commission, District 5",5,L,DAVID STAPLES,263,6,139,118,0
Oglethorpe,Falling Creek,"Public Service Commission, District 5",5,L,DAVID STAPLES,98,2,54,41,1
Oglethorpe,Grove Creek,"Public Service Commission, District 5",5,L,DAVID STAPLES,55,0,46,9,0
Oglethorpe,Glade,"Public Service Commission, District 5",5,L,DAVID STAPLES,61,2,46,13,0
Oglethorpe,Goosepond,"Public Service Commission, District 5",5,L,DAVID STAPLES,65,0,54,11,0
Oglethorpe,Lexington,"Public Service Commission, District 5",5,L,DAVID STAPLES,249,7,110,132,0
Oglethorpe,Pleasant Hill,"Public Service Commission, District 5",5,L,DAVID STAPLES,92,1,61,30,0
Oglethorpe,Wolfskin,"Public Service Commission, District 5",5,L,DAVID STAPLES,112,2,60,50,0
Oglethorpe,Woodstock,"Public Service Commission, District 5",5,L,DAVID STAPLES,39,1,22,16,0
Oglethorpe,,U.S. Representative,10,(R,PAUL BROUN (I),4727,188,2583,1956,0
Oglethorpe,Beaverdam,U.S. Representative,10,(R,PAUL BROUN (I),1007,45,622,340,0
Oglethorpe,Crawford,U.S. Representative,10,(R,PAUL BROUN (I),900,26,419,455,0
Oglethorpe,Falling Creek,U.S. Representative,10,(R,PAUL BROUN (I),307,5,205,97,0
Oglethorpe,Grove Creek,U.S. Representative,10,(R,PAUL BROUN (I),243,13,167,63,0
Oglethorpe,Glade,U.S. Representative,10,(R,PAUL BROUN (I),165,10,128,27,0
Oglethorpe,Goosepond,U.S. Representative,10,(R,PAUL BROUN (I),290,12,179,99,0
Oglethorpe,Lexington,U.S. Representative,10,(R,PAUL BROUN (I),898,45,295,558,0
Oglethorpe,Pleasant Hill,U.S. Representative,10,(R,PAUL BROUN (I),439,15,277,147,0
Oglethorpe,Wolfskin,U.S. Representative,10,(R,PAUL BROUN (I),336,13,197,126,0
Oglethorpe,Woodstock,U.S. Representative,10,(R,PAUL BROUN (I),142,4,94,44,0
Oglethorpe,,State Senator,24,R,WILLIAM JACKSON (I),4723,182,2573,1967,1
Oglethorpe,Beaverdam,State Senator,24,R,WILLIAM JACKSON (I),1020,45,635,340,0
Oglethorpe,Crawford,State Senator,24,R,WILLIAM JACKSON (I),896,26,411,459,0
Oglethorpe,Falling Creek,State Senator,24,R,WILLIAM JACKSON (I),314,6,212,95,1
Oglethorpe,Grove Creek,State Senator,24,R,WILLIAM JACKSON (I),232,12,160,60,0
Oglethorpe,Glade,State Senator,24,R,WILLIAM JACKSON (I),158,9,123,26,0
Oglethorpe,Goosepond,State Senator,24,R,WILLIAM JACKSON (I),270,10,167,93,0
Oglethorpe,Lexington,State Senator,24,R,WILLIAM JACKSON (I),901,43,297,561,0
Oglethorpe,Pleasant Hill,State Senator,24,R,WILLIAM JACKSON (I),446,15,274,157,0
Oglethorpe,Wolfskin,State Senator,24,R,WILLIAM JACKSON (I),352,12,206,134,0
Oglethorpe,Woodstock,State Senator,24,R,WILLIAM JACKSON (I),134,4,88,42,0
Oglethorpe,,State Representative,120,R,MICKEY CHANNELL (I),4854,189,2644,2021,0
Oglethorpe,Beaverdam,State Representative,120,R,MICKEY CHANNELL (I),1041,45,649,347,0
Oglethorpe,Crawford,State Representative,120,R,MICKEY CHANNELL (I),908,29,411,468,0
Oglethorpe,Falling Creek,State Representative,120,R,MICKEY CHANNELL (I),327,6,216,105,0
Oglethorpe,Grove Creek,State Representative,120,R,MICKEY CHANNELL (I),238,13,166,59,0
Oglethorpe,Glade,State Representative,120,R,MICKEY CHANNELL (I),163,10,125,28,0
Oglethorpe,Goosepond,State Representative,120,R,MICKEY CHANNELL (I),278,10,174,94,0
Oglethorpe,Lexington,State Representative,120,R,MICKEY CHANNELL (I),931,44,309,578,0
Oglethorpe,Pleasant Hill,State Representative,120,R,MICKEY CHANNELL (I),451,15,280,156,0
Oglethorpe,Wolfskin,State Representative,120,R,MICKEY CHANNELL (I),365,12,216,137,0
Oglethorpe,Woodstock,State Representative,120,R,MICKEY CHANNELL (I),152,5,98,49,0
Oglethorpe,,District Attorney, Northern Circuit,R,PARKS WHITE,4717,181,2567,1969,0
Oglethorpe,Beaverdam,District Attorney, Northern Circuit,R,PARKS WHITE,1029,45,638,346,0
Oglethorpe,Crawford,District Attorney, Northern Circuit,R,PARKS WHITE,891,25,409,457,0
Oglethorpe,Falling Creek,District Attorney, Northern Circuit,R,PARKS WHITE,317,5,211,101,0
Oglethorpe,Grove Creek,District Attorney, Northern Circuit,R,PARKS WHITE,228,13,155,60,0
Oglethorpe,Glade,District Attorney, Northern Circuit,R,PARKS WHITE,158,10,121,27,0
Oglethorpe,Goosepond,District Attorney, Northern Circuit,R,PARKS WHITE,269,10,165,94,0
Oglethorpe,Lexington,District Attorney, Northern Circuit,R,PARKS WHITE,886,43,295,548,0
Oglethorpe,Pleasant Hill,District Attorney, Northern Circuit,R,PARKS WHITE,445,15,275,155,0
Oglethorpe,Wolfskin,District Attorney, Northern Circuit,R,PARKS WHITE,359,12,210,137,0
Oglethorpe,Woodstock,District Attorney, Northern Circuit,R,PARKS WHITE,135,3,88,44,0
Oglethorpe,,Superior Court Clerk,,R,MARTHA ROBERTS,2263,92,1276,895,0
Oglethorpe,Beaverdam,Superior Court Clerk,,R,MARTHA ROBERTS,615,24,398,193,0
Oglethorpe,Crawford,Superior Court Clerk,,R,MARTHA ROBERTS,407,14,196,197,0
Oglethorpe,Falling Creek,Superior Court Clerk,,R,MARTHA ROBERTS,138,4,99,35,0
Oglethorpe,Grove Creek,Superior Court Clerk,,R,MARTHA ROBERTS,98,5,60,33,0
Oglethorpe,Glade,Superior Court Clerk,,R,MARTHA ROBERTS,65,5,50,10,0
Oglethorpe,Goosepond,Superior Court Clerk,,R,MARTHA ROBERTS,103,7,57,39,0
Oglethorpe,Lexington,Superior Court Clerk,,R,MARTHA ROBERTS,374,18,135,221,0
Oglethorpe,Pleasant Hill,Superior Court Clerk,,R,MARTHA ROBERTS,246,6,152,88,0
Oglethorpe,Wolfskin,Superior Court Clerk,,R,MARTHA ROBERTS,179,8,110,61,0
Oglethorpe,Woodstock,Superior Court Clerk,,R,MARTHA ROBERTS,38,1,19,18,0
Oglethorpe,,Superior Court Clerk,,(D,KELLI SMITH (I),3816,141,2017,1657,1
Oglethorpe,Beaverdam,Superior Court Clerk,,(D,KELLI SMITH (I),644,26,379,239,0
Oglethorpe,Crawford,Superior Court Clerk,,(D,KELLI SMITH (I),755,24,335,396,0
Oglethorpe,Falling Creek,Superior Court Clerk,,(D,KELLI SMITH (I),263,8,153,101,1
Oglethorpe,Grove Creek,Superior Court Clerk,,(D,KELLI SMITH (I),202,9,146,47,0
Oglethorpe,Glade,Superior Court Clerk,,(D,KELLI SMITH (I),163,7,127,29,0
Oglethorpe,Goosepond,Superior Court Clerk,,(D,KELLI SMITH (I),243,5,166,72,0
Oglethorpe,Lexington,Superior Court Clerk,,(D,KELLI SMITH (I),820,37,273,510,0
Oglethorpe,Pleasant Hill,Superior Court Clerk,,(D,KELLI SMITH (I),283,10,177,96,0
Oglethorpe,Wolfskin,Superior Court Clerk,,(D,KELLI SMITH (I),280,12,153,115,0
Oglethorpe,Woodstock,Superior Court Clerk,,(D,KELLI SMITH (I),163,3,108,52,0
Oglethorpe,,Sheriff,,R,KELLY LACOUNT,2851,107,1580,1164,0
Oglethorpe,Beaverdam,Sheriff,,R,KELLY LACOUNT,747,29,482,236,0
Oglethorpe,Crawford,Sheriff,,R,KELLY LACOUNT,561,18,262,281,0
Oglethorpe,Falling Creek,Sheriff,,R,KELLY LACOUNT,140,1,96,43,0
Oglethorpe,Grove Creek,Sheriff,,R,KELLY LACOUNT,136,3,95,38,0
Oglethorpe,Glade,Sheriff,,R,KELLY LACOUNT,74,5,56,13,0
Oglethorpe,Goosepond,Sheriff,,R,KELLY LACOUNT,140,6,78,56,0
Oglethorpe,Lexington,Sheriff,,R,KELLY LACOUNT,479,23,164,292,0
Oglethorpe,Pleasant Hill,Sheriff,,R,KELLY LACOUNT,299,13,180,106,0
Oglethorpe,Wolfskin,Sheriff,,R,KELLY LACOUNT,220,8,132,80,0
Oglethorpe,Woodstock,Sheriff,,R,KELLY LACOUNT,55,1,35,19,0
Oglethorpe,,Sheriff,,(D,MIKE SMITH (I),3330,129,1770,1430,1
Oglethorpe,Beaverdam,Sheriff,,(D,MIKE SMITH (I),531,21,311,199,0
Oglethorpe,Crawford,Sheriff,,(D,MIKE SMITH (I),620,21,277,322,0
Oglethorpe,Falling Creek,Sheriff,,(D,MIKE SMITH (I),271,11,159,100,1
Oglethorpe,Grove Creek,Sheriff,,(D,MIKE SMITH (I),176,12,119,45,0
Oglethorpe,Glade,Sheriff,,(D,MIKE SMITH (I),162,7,128,27,0
Oglethorpe,Goosepond,Sheriff,,(D,MIKE SMITH (I),208,6,148,54,0
Oglethorpe,Lexington,Sheriff,,(D,MIKE SMITH (I),732,32,247,453,0
Oglethorpe,Pleasant Hill,Sheriff,,(D,MIKE SMITH (I),233,3,152,78,0
Oglethorpe,Wolfskin,Sheriff,,(D,MIKE SMITH (I),244,12,133,99,0
Oglethorpe,Woodstock,Sheriff,,(D,MIKE SMITH (I),153,4,96,53,0
Oglethorpe,,Tax Commissioner,,(R,SHEILA ARNOLD (I),5249,197,2857,2195,0
Oglethorpe,Beaverdam,Tax Commissioner,,(R,SHEILA ARNOLD (I),1122,47,699,376,0
Oglethorpe,Crawford,Tax Commissioner,,(R,SHEILA ARNOLD (I),982,30,453,499,0
Oglethorpe,Falling Creek,Tax Commissioner,,(R,SHEILA ARNOLD (I),347,7,222,118,0
Oglethorpe,Grove Creek,Tax Commissioner,,(R,SHEILA ARNOLD (I),267,13,184,70,0
Oglethorpe,Glade,Tax Commissioner,,(R,SHEILA ARNOLD (I),184,11,142,31,0
Oglethorpe,Goosepond,Tax Commissioner,,(R,SHEILA ARNOLD (I),289,10,181,98,0
Oglethorpe,Lexington,Tax Commissioner,,(R,SHEILA ARNOLD (I),1029,49,342,638,0
Oglethorpe,Pleasant Hill,Tax Commissioner,,(R,SHEILA ARNOLD (I),473,13,297,163,0
Oglethorpe,Wolfskin,Tax Commissioner,,(R,SHEILA ARNOLD (I),399,12,237,150,0
Oglethorpe,Woodstock,Tax Commissioner,,(R,SHEILA ARNOLD (I),157,5,100,52,0
Oglethorpe,,Coroner,,(D,JAMES MATHEWS (I),5308,209,2895,2203,1
Oglethorpe,Beaverdam,Coroner,,(D,JAMES MATHEWS (I),1085,48,672,365,0
Oglethorpe,Crawford,Coroner,,(D,JAMES MATHEWS (I),1037,35,477,525,0
Oglethorpe,Falling Creek,Coroner,,(D,JAMES MATHEWS (I),364,12,226,125,1
Oglethorpe,Grove Creek,Coroner,,(D,JAMES MATHEWS (I),257,13,177,67,0
Oglethorpe,Glade,Coroner,,(D,JAMES MATHEWS (I),213,12,164,37,0
Oglethorpe,Goosepond,Coroner,,(D,JAMES MATHEWS (I),301,12,198,91,0
Oglethorpe,Lexington,Coroner,,(D,JAMES MATHEWS (I),1029,47,351,631,0
Oglethorpe,Pleasant Hill,Coroner,,(D,JAMES MATHEWS (I),457,12,290,155,0
Oglethorpe,Wolfskin,Coroner,,(D,JAMES MATHEWS (I),387,13,224,150,0
Oglethorpe,Woodstock,Coroner,,(D,JAMES MATHEWS (I),178,5,116,57,0
Oglethorpe,,County Comm Chair,,(R,BILLY PITTARD (I),4960,184,2701,2075,0
Oglethorpe,Beaverdam,County Comm Chair,,(R,BILLY PITTARD (I),1066,46,664,356,0
Oglethorpe,Crawford,County Comm Chair,,(R,BILLY PITTARD (I),940,30,429,481,0
Oglethorpe,Falling Creek,County Comm Chair,,(R,BILLY PITTARD (I),336,7,218,111,0
Oglethorpe,Grove Creek,County Comm Chair,,(R,BILLY PITTARD (I),250,12,174,64,0
Oglethorpe,Glade,County Comm Chair,,(R,BILLY PITTARD (I),167,10,124,33,0
Oglethorpe,Goosepond,County Comm Chair,,(R,BILLY PITTARD (I),260,9,160,91,0
Oglethorpe,Lexington,County Comm Chair,,(R,BILLY PITTARD (I),954,41,327,586,0
Oglethorpe,Pleasant Hill,County Comm Chair,,(R,BILLY PITTARD (I),450,13,283,154,0
Oglethorpe,Wolfskin,County Comm Chair,,(R,BILLY PITTARD (I),386,12,226,148,0
Oglethorpe,Woodstock,County Comm Chair,,(R,BILLY PITTARD (I),151,4,96,51,0
Oglethorpe,,County Comm 2,,R,ANDY SAXON,794,37,465,292,0
Oglethorpe,Grove Creek,County Comm 2,,R,ANDY SAXON,216,11,149,56,0
Oglethorpe,Glade,County Comm 2,,R,ANDY SAXON,125,6,96,23,0
Oglethorpe,Goosepond,County Comm 2,,R,ANDY SAXON,255,10,159,86,0
Oglethorpe,Lexington,County Comm 2,,R,ANDY SAXON,198,10,61,127,0
Oglethorpe,,County Comm 2,,(D,MARILYN STONE (I),452,18,269,165,0
Oglethorpe,Grove Creek,County Comm 2,,(D,MARILYN STONE (I),90,4,62,24,0
Oglethorpe,Glade,County Comm 2,,(D,MARILYN STONE (I),110,6,87,17,0
Oglethorpe,Goosepond,County Comm 2,,(D,MARILYN STONE (I),93,2,66,25,0
Oglethorpe,Lexington,County Comm 2,,(D,MARILYN STONE (I),159,6,54,99,0
Oglethorpe,,County Comm 4,,R,JOHN D. MEYER,963,22,467,474,0
Oglethorpe,Crawford,County Comm 4,,R,JOHN D. MEYER,598,10,252,336,0
Oglethorpe,Wolfskin,County Comm 4,,R,JOHN D. MEYER,365,12,215,138,0
Oglethorpe,,BOE 1,,R,MELANIE SANDERS (I),873,34,456,383,0
Oglethorpe,Crawford,BOE 1,,R,MELANIE SANDERS (I),149,12,67,70,0
Oglethorpe,Falling Creek,BOE 1,,R,MELANIE SANDERS (I),326,6,214,106,0
Oglethorpe,Lexington,BOE 1,,R,MELANIE SANDERS (I),251,12,81,158,0
Oglethorpe,Woodstock,BOE 1,,R,MELANIE SANDERS (I),147,4,94,49,0
Oglethorpe,,BOE 2,,D,M. HUFF-WALLER (I),1005,46,584,375,0
Oglethorpe,Grove Creek,BOE 2,,D,M. HUFF-WALLER (I),233,13,163,57,0
Oglethorpe,Glade,BOE 2,,D,M. HUFF-WALLER (I),189,10,143,36,0
Oglethorpe,Goosepond,BOE 2,,D,M. HUFF-WALLER (I),266,12,178,76,0
Oglethorpe,Lexington,BOE 2,,D,M. HUFF-WALLER (I),317,11,100,206,0
Oglethorpe,,BOE 4,,(R,RANDY YEARGIN (I),710,17,339,354,0
Oglethorpe,Crawford,BOE 4,,(R,RANDY YEARGIN (I),450,7,190,253,0
Oglethorpe,Wolfskin,BOE 4,,(R,RANDY YEARGIN (I),260,10,149,101,0
Oglethorpe,,BOE 4,,D,DELYNDA TWEEDELL,484,21,233,230,0
Oglethorpe,Crawford,BOE 4,,D,DELYNDA TWEEDELL,292,11,125,156,0
Oglethorpe,Wolfskin,BOE 4,,D,DELYNDA TWEEDELL,192,10,108,74,0
Oglethorpe,,Constitutional Amendment #1<br>Shall the Constitution be amended to allow state or local approval of public charter schools upon the request of local communities?,,,YES,2889,117,1510,1262,0
Oglethorpe,Beaverdam,Constitutional Amendment #1<br>Shall the Constitution be amended to allow state or local approval of public charter schools upon the request of local communities?,,,YES,627,27,361,239,0
Oglethorpe,Crawford,Constitutional Amendment #1<br>Shall the Constitution be amended to allow state or local approval of public charter schools upon the request of local communities?,,,YES,568,16,255,297,0
Oglethorpe,Falling Creek,Constitutional Amendment #1<br>Shall the Constitution be amended to allow state or local approval of public charter schools upon the request of local communities?,,,YES,204,5,130,69,0
Oglethorpe,Grove Creek,Constitutional Amendment #1<br>Shall the Constitution be amended to allow state or local approval of public charter schools upon the request of local communities?,,,YES,152,8,102,42,0
Oglethorpe,Glade,Constitutional Amendment #1<br>Shall the Constitution be amended to allow state or local approval of public charter schools upon the request of local communities?,,,YES,102,7,73,22,0
Oglethorpe,Goosepond,Constitutional Amendment #1<br>Shall the Constitution be amended to allow state or local approval of public charter schools upon the request of local communities?,,,YES,149,5,94,50,0
Oglethorpe,Lexington,Constitutional Amendment #1<br>Shall the Constitution be amended to allow state or local approval of public charter schools upon the request of local communities?,,,YES,532,31,170,331,0
Oglethorpe,Pleasant Hill,Constitutional Amendment #1<br>Shall the Constitution be amended to allow state or local approval of public charter schools upon the request of local communities?,,,YES,274,7,169,98,0
Oglethorpe,Wolfskin,Constitutional Amendment #1<br>Shall the Constitution be amended to allow state or local approval of public charter schools upon the request of local communities?,,,YES,192,10,105,77,0
Oglethorpe,Woodstock,Constitutional Amendment #1<br>Shall the Constitution be amended to allow state or local approval of public charter schools upon the request of local communities?,,,YES,89,1,51,37,0
Oglethorpe,,Constitutional Amendment #1<br>Shall the Constitution be amended to allow state or local approval of public charter schools upon the request of local communities?,,,NO,3087,99,1746,1241,1
Oglethorpe,Beaverdam,Constitutional Amendment #1<br>Shall the Constitution be amended to allow state or local approval of public charter schools upon the request of local communities?,,,NO,612,18,416,178,0
Oglethorpe,Crawford,Constitutional Amendment #1<br>Shall the Constitution be amended to allow state or local approval of public charter schools upon the request of local communities?,,,NO,582,18,272,292,0
Oglethorpe,Falling Creek,Constitutional Amendment #1<br>Shall the Constitution be amended to allow state or local approval of public charter schools upon the request of local communities?,,,NO,198,7,121,69,1
Oglethorpe,Grove Creek,Constitutional Amendment #1<br>Shall the Constitution be amended to allow state or local approval of public charter schools upon the request of local communities?,,,NO,142,4,100,38,0
Oglethorpe,Glade,Constitutional Amendment #1<br>Shall the Constitution be amended to allow state or local approval of public charter schools upon the request of local communities?,,,NO,124,5,102,17,0
Oglethorpe,Goosepond,Constitutional Amendment #1<br>Shall the Constitution be amended to allow state or local approval of public charter schools upon the request of local communities?,,,NO,189,6,125,58,0
Oglethorpe,Lexington,Constitutional Amendment #1<br>Shall the Constitution be amended to allow state or local approval of public charter schools upon the request of local communities?,,,NO,624,22,224,378,0
Oglethorpe,Pleasant Hill,Constitutional Amendment #1<br>Shall the Constitution be amended to allow state or local approval of public charter schools upon the request of local communities?,,,NO,240,5,154,81,0
Oglethorpe,Wolfskin,Constitutional Amendment #1<br>Shall the Constitution be amended to allow state or local approval of public charter schools upon the request of local communities?,,,NO,265,10,156,99,0
Oglethorpe,Woodstock,Constitutional Amendment #1<br>Shall the Constitution be amended to allow state or local approval of public charter schools upon the request of local communities?,,,NO,111,4,76,31,0
Oglethorpe,,Constitutional Amendment #2<br>Shall the Constitution be amended so as to provide for a reduction in the state's operating costs by allowing the General Assembly to authorize certain state agencies to enter into multiyear rental agreements?,,,YES,3226,112,1718,1396,0
Oglethorpe,Beaverdam,Constitutional Amendment #2<br>Shall the Constitution be amended so as to provide for a reduction in the state's operating costs by allowing the General Assembly to authorize certain state agencies to enter into multiyear rental agreements?,,,YES,717,22,442,253,0
Oglethorpe,Crawford,Constitutional Amendment #2<br>Shall the Constitution be amended so as to provide for a reduction in the state's operating costs by allowing the General Assembly to authorize certain state agencies to enter into multiyear rental agreements?,,,YES,626,21,286,319,0
Oglethorpe,Falling Creek,Constitutional Amendment #2<br>Shall the Constitution be amended so as to provide for a reduction in the state's operating costs by allowing the General Assembly to authorize certain state agencies to enter into multiyear rental agreements?,,,YES,227,4,140,83,0
Oglethorpe,Grove Creek,Constitutional Amendment #2<br>Shall the Constitution be amended so as to provide for a reduction in the state's operating costs by allowing the General Assembly to authorize certain state agencies to enter into multiyear rental agreements?,,,YES,151,5,108,38,0
Oglethorpe,Glade,Constitutional Amendment #2<br>Shall the Constitution be amended so as to provide for a reduction in the state's operating costs by allowing the General Assembly to authorize certain state agencies to enter into multiyear rental agreements?,,,YES,113,5,84,24,0
Oglethorpe,Goosepond,Constitutional Amendment #2<br>Shall the Constitution be amended so as to provide for a reduction in the state's operating costs by allowing the General Assembly to authorize certain state agencies to enter into multiyear rental agreements?,,,YES,136,3,82,51,0
Oglethorpe,Lexington,Constitutional Amendment #2<br>Shall the Constitution be amended so as to provide for a reduction in the state's operating costs by allowing the General Assembly to authorize certain state agencies to enter into multiyear rental agreements?,,,YES,614,30,190,394,0
Oglethorpe,Pleasant Hill,Constitutional Amendment #2<br>Shall the Constitution be amended so as to provide for a reduction in the state's operating costs by allowing the General Assembly to authorize certain state agencies to enter into multiyear rental agreements?,,,YES,301,8,188,105,0
Oglethorpe,Wolfskin,Constitutional Amendment #2<br>Shall the Constitution be amended so as to provide for a reduction in the state's operating costs by allowing the General Assembly to authorize certain state agencies to enter into multiyear rental agreements?,,,YES,236,11,135,90,0
Oglethorpe,Woodstock,Constitutional Amendment #2<br>Shall the Constitution be amended so as to provide for a reduction in the state's operating costs by allowing the General Assembly to authorize certain state agencies to enter into multiyear rental agreements?,,,YES,105,3,63,39,0
Oglethorpe,,Constitutional Amendment #2<br>Shall the Constitution be amended so as to provide for a reduction in the state's operating costs by allowing the General Assembly to authorize certain state agencies to enter into multiyear rental agreements?,,,NO,2495,89,1380,1025,1
Oglethorpe,Beaverdam,Constitutional Amendment #2<br>Shall the Constitution be amended so as to provide for a reduction in the state's operating costs by allowing the General Assembly to authorize certain state agencies to enter into multiyear rental agreements?,,,NO,484,22,300,162,0
Oglethorpe,Crawford,Constitutional Amendment #2<br>Shall the Constitution be amended so as to provide for a reduction in the state's operating costs by allowing the General Assembly to authorize certain state agencies to enter into multiyear rental agreements?,,,NO,476,13,218,245,0
Oglethorpe,Falling Creek,Constitutional Amendment #2<br>Shall the Constitution be amended so as to provide for a reduction in the state's operating costs by allowing the General Assembly to authorize certain state agencies to enter into multiyear rental agreements?,,,NO,155,6,102,46,1
Oglethorpe,Grove Creek,Constitutional Amendment #2<br>Shall the Constitution be amended so as to provide for a reduction in the state's operating costs by allowing the General Assembly to authorize certain state agencies to enter into multiyear rental agreements?,,,NO,123,5,82,36,0
Oglethorpe,Glade,Constitutional Amendment #2<br>Shall the Constitution be amended so as to provide for a reduction in the state's operating costs by allowing the General Assembly to authorize certain state agencies to enter into multiyear rental agreements?,,,NO,95,4,79,12,0
Oglethorpe,Goosepond,Constitutional Amendment #2<br>Shall the Constitution be amended so as to provide for a reduction in the state's operating costs by allowing the General Assembly to authorize certain state agencies to enter into multiyear rental agreements?,,,NO,185,8,123,54,0
Oglethorpe,Lexington,Constitutional Amendment #2<br>Shall the Constitution be amended so as to provide for a reduction in the state's operating costs by allowing the General Assembly to authorize certain state agencies to enter into multiyear rental agreements?,,,NO,500,19,187,294,0
Oglethorpe,Pleasant Hill,Constitutional Amendment #2<br>Shall the Constitution be amended so as to provide for a reduction in the state's operating costs by allowing the General Assembly to authorize certain state agencies to enter into multiyear rental agreements?,,,NO,188,3,117,68,0
Oglethorpe,Wolfskin,Constitutional Amendment #2<br>Shall the Constitution be amended so as to provide for a reduction in the state's operating costs by allowing the General Assembly to authorize certain state agencies to enter into multiyear rental agreements?,,,NO,202,8,114,80,0
Oglethorpe,Woodstock,Constitutional Amendment #2<br>Shall the Constitution be amended so as to provide for a reduction in the state's operating costs by allowing the General Assembly to authorize certain state agencies to enter into multiyear rental agreements?,,,NO,87,1,58,28,0
