county,precinct,office,district,party,candidate,votes,absentee_by_mail,election_day,advance_in_person,provisional
Bartow,,President of the United States,,R,MITT ROMNEY,26876,1216,14812,10824,24
Bartow,ADAIRSVILLE,President of the United States,,R,MITT ROMNEY,2466,98,1712,653,3
Bartow,ALLATOONA,President of the United States,,R,MITT ROMNEY,1412,78,977,354,3
Bartow,CARTERSVILLE EAST,President of the United States,,R,MITT ROMNEY,2105,101,802,1202,0
Bartow,CARTERSVILLE WEST,President of the United States,,R,MITT ROMNEY,2769,136,982,1647,4
Bartow,BEAVERS DRIVE,President of the United States,,R,MITT ROMNEY,2225,96,1133,995,1
Bartow,CENTER,President of the United States,,R,MITT ROMNEY,1684,99,946,636,3
Bartow,EMERSON,President of the United States,,R,MITT ROMNEY,1160,64,681,414,1
Bartow,EUHARLEE,President of the United States,,R,MITT ROMNEY,1483,36,923,523,1
Bartow,FOLSOM,President of the United States,,R,MITT ROMNEY,599,17,457,125,0
Bartow,KINGSTON,President of the United States,,R,MITT ROMNEY,1049,38,702,306,3
Bartow,MISSION ROAD,President of the United States,,R,MITT ROMNEY,2251,81,1156,1012,2
Bartow,PINE LOG,President of the United States,,R,MITT ROMNEY,1000,53,701,245,1
Bartow,TAYLORSVILLE,President of the United States,,R,MITT ROMNEY,1284,56,882,344,2
Bartow,WHITE,President of the United States,,R,MITT ROMNEY,1139,48,740,351,0
Bartow,ZENA DRIVE,President of the United States,,R,MITT ROMNEY,1744,98,801,845,0
Bartow,CASSVILLE,President of the United States,,R,MITT ROMNEY,1903,95,901,907,0
Bartow,WOODLAND HIGH,President of the United States,,R,MITT ROMNEY,603,22,316,265,0
Bartow,,President of the United States,,D,BARACK OBAMA (I),8396,390,4530,3464,12
Bartow,ADAIRSVILLE,President of the United States,,D,BARACK OBAMA (I),635,31,448,156,0
Bartow,ALLATOONA,President of the United States,,D,BARACK OBAMA (I),435,22,304,108,1
Bartow,CARTERSVILLE EAST,President of the United States,,D,BARACK OBAMA (I),1078,55,464,554,5
Bartow,CARTERSVILLE WEST,President of the United States,,D,BARACK OBAMA (I),1140,69,478,593,0
Bartow,BEAVERS DRIVE,President of the United States,,D,BARACK OBAMA (I),593,29,316,248,0
Bartow,CENTER,President of the United States,,D,BARACK OBAMA (I),333,22,177,133,1
Bartow,EMERSON,President of the United States,,D,BARACK OBAMA (I),321,18,196,107,0
Bartow,EUHARLEE,President of the United States,,D,BARACK OBAMA (I),409,10,220,178,1
Bartow,FOLSOM,President of the United States,,D,BARACK OBAMA (I),62,2,49,11,0
Bartow,KINGSTON,President of the United States,,D,BARACK OBAMA (I),257,18,184,55,0
Bartow,MISSION ROAD,President of the United States,,D,BARACK OBAMA (I),704,16,347,340,1
Bartow,PINE LOG,President of the United States,,D,BARACK OBAMA (I),182,11,132,38,1
Bartow,TAYLORSVILLE,President of the United States,,D,BARACK OBAMA (I),215,10,152,53,0
Bartow,WHITE,President of the United States,,D,BARACK OBAMA (I),194,12,117,65,0
Bartow,ZENA DRIVE,President of the United States,,D,BARACK OBAMA (I),977,33,501,441,2
Bartow,CASSVILLE,President of the United States,,D,BARACK OBAMA (I),710,26,365,319,0
Bartow,WOODLAND HIGH,President of the United States,,D,BARACK OBAMA (I),151,6,80,65,0
Bartow,,President of the United States,,L,GARY JOHNSON,510,22,369,117,2
Bartow,ADAIRSVILLE,President of the United States,,L,GARY JOHNSON,43,7,33,3,0
Bartow,ALLATOONA,President of the United States,,L,GARY JOHNSON,36,2,30,3,1
Bartow,CARTERSVILLE EAST,President of the United States,,L,GARY JOHNSON,40,1,27,12,0
Bartow,CARTERSVILLE WEST,President of the United States,,L,GARY JOHNSON,50,1,31,18,0
Bartow,BEAVERS DRIVE,President of the United States,,L,GARY JOHNSON,29,0,21,8,0
Bartow,CENTER,President of the United States,,L,GARY JOHNSON,31,0,22,8,1
Bartow,EMERSON,President of the United States,,L,GARY JOHNSON,31,2,17,12,0
Bartow,EUHARLEE,President of the United States,,L,GARY JOHNSON,22,0,20,2,0
Bartow,FOLSOM,President of the United States,,L,GARY JOHNSON,10,1,6,3,0
Bartow,KINGSTON,President of the United States,,L,GARY JOHNSON,17,0,16,1,0
Bartow,MISSION ROAD,President of the United States,,L,GARY JOHNSON,48,1,38,9,0
Bartow,PINE LOG,President of the United States,,L,GARY JOHNSON,23,1,16,6,0
Bartow,TAYLORSVILLE,President of the United States,,L,GARY JOHNSON,14,0,12,2,0
Bartow,WHITE,President of the United States,,L,GARY JOHNSON,31,2,17,12,0
Bartow,ZENA DRIVE,President of the United States,,L,GARY JOHNSON,34,2,26,6,0
Bartow,CASSVILLE,President of the United States,,L,GARY JOHNSON,39,2,27,10,0
Bartow,WOODLAND HIGH,President of the United States,,L,GARY JOHNSON,12,0,10,2,0
Bartow,,"Public Service Commission, District 3",3,R,CHUCK EATON (I),23694,1110,13047,9517,20
Bartow,ADAIRSVILLE,"Public Service Commission, District 3",3,R,CHUCK EATON (I),2144,84,1484,573,3
Bartow,ALLATOONA,"Public Service Commission, District 3",3,R,CHUCK EATON (I),1212,70,823,317,2
Bartow,CARTERSVILLE EAST,"Public Service Commission, District 3",3,R,CHUCK EATON (I),1861,100,715,1046,0
Bartow,CARTERSVILLE WEST,"Public Service Commission, District 3",3,R,CHUCK EATON (I),2492,134,894,1460,4
Bartow,BEAVERS DRIVE,"Public Service Commission, District 3",3,R,CHUCK EATON (I),2018,82,1037,899,0
Bartow,CENTER,"Public Service Commission, District 3",3,R,CHUCK EATON (I),1463,89,823,548,3
Bartow,EMERSON,"Public Service Commission, District 3",3,R,CHUCK EATON (I),1010,55,593,362,0
Bartow,EUHARLEE,"Public Service Commission, District 3",3,R,CHUCK EATON (I),1344,36,827,480,1
Bartow,FOLSOM,"Public Service Commission, District 3",3,R,CHUCK EATON (I),503,13,385,105,0
Bartow,KINGSTON,"Public Service Commission, District 3",3,R,CHUCK EATON (I),907,34,598,272,3
Bartow,MISSION ROAD,"Public Service Commission, District 3",3,R,CHUCK EATON (I),1988,68,1034,885,1
Bartow,PINE LOG,"Public Service Commission, District 3",3,R,CHUCK EATON (I),875,48,621,205,1
Bartow,TAYLORSVILLE,"Public Service Commission, District 3",3,R,CHUCK EATON (I),1137,47,787,301,2
Bartow,WHITE,"Public Service Commission, District 3",3,R,CHUCK EATON (I),978,41,640,297,0
Bartow,ZENA DRIVE,"Public Service Commission, District 3",3,R,CHUCK EATON (I),1542,95,712,735,0
Bartow,CASSVILLE,"Public Service Commission, District 3",3,R,CHUCK EATON (I),1680,91,793,796,0
Bartow,WOODLAND HIGH,"Public Service Commission, District 3",3,R,CHUCK EATON (I),540,23,281,236,0
Bartow,,"Public Service Commission, District 3",3,D,STEPHEN OPPENHEIMER,7503,345,4047,3100,11
Bartow,ADAIRSVILLE,"Public Service Commission, District 3",3,D,STEPHEN OPPENHEIMER,557,30,406,121,0
Bartow,ALLATOONA,"Public Service Commission, District 3",3,D,STEPHEN OPPENHEIMER,390,22,276,92,0
Bartow,CARTERSVILLE EAST,"Public Service Commission, District 3",3,D,STEPHEN OPPENHEIMER,947,42,395,505,5
Bartow,CARTERSVILLE WEST,"Public Service Commission, District 3",3,D,STEPHEN OPPENHEIMER,982,58,407,517,0
Bartow,BEAVERS DRIVE,"Public Service Commission, District 3",3,D,STEPHEN OPPENHEIMER,518,28,271,219,0
Bartow,CENTER,"Public Service Commission, District 3",3,D,STEPHEN OPPENHEIMER,312,21,163,126,2
Bartow,EMERSON,"Public Service Commission, District 3",3,D,STEPHEN OPPENHEIMER,274,20,171,83,0
Bartow,EUHARLEE,"Public Service Commission, District 3",3,D,STEPHEN OPPENHEIMER,362,9,189,163,1
Bartow,FOLSOM,"Public Service Commission, District 3",3,D,STEPHEN OPPENHEIMER,75,4,59,12,0
Bartow,KINGSTON,"Public Service Commission, District 3",3,D,STEPHEN OPPENHEIMER,250,15,185,50,0
Bartow,MISSION ROAD,"Public Service Commission, District 3",3,D,STEPHEN OPPENHEIMER,641,16,315,308,2
Bartow,PINE LOG,"Public Service Commission, District 3",3,D,STEPHEN OPPENHEIMER,165,5,121,39,0
Bartow,TAYLORSVILLE,"Public Service Commission, District 3",3,D,STEPHEN OPPENHEIMER,204,13,139,52,0
Bartow,WHITE,"Public Service Commission, District 3",3,D,STEPHEN OPPENHEIMER,188,13,107,68,0
Bartow,ZENA DRIVE,"Public Service Commission, District 3",3,D,STEPHEN OPPENHEIMER,847,27,432,387,1
Bartow,CASSVILLE,"Public Service Commission, District 3",3,D,STEPHEN OPPENHEIMER,646,18,338,290,0
Bartow,WOODLAND HIGH,"Public Service Commission, District 3",3,D,STEPHEN OPPENHEIMER,145,4,73,68,0
Bartow,,"Public Service Commission, District 3",3,L,BRAD PLOEGER,1969,81,1242,644,2
Bartow,ADAIRSVILLE,"Public Service Commission, District 3",3,L,BRAD PLOEGER,188,11,140,37,0
Bartow,ALLATOONA,"Public Service Commission, District 3",3,L,BRAD PLOEGER,149,6,119,22,2
Bartow,CARTERSVILLE EAST,"Public Service Commission, District 3",3,L,BRAD PLOEGER,162,3,99,60,0
Bartow,CARTERSVILLE WEST,"Public Service Commission, District 3",3,L,BRAD PLOEGER,184,8,91,85,0
Bartow,BEAVERS DRIVE,"Public Service Commission, District 3",3,L,BRAD PLOEGER,134,9,71,54,0
Bartow,CENTER,"Public Service Commission, District 3",3,L,BRAD PLOEGER,131,4,80,47,0
Bartow,EMERSON,"Public Service Commission, District 3",3,L,BRAD PLOEGER,107,6,65,36,0
Bartow,EUHARLEE,"Public Service Commission, District 3",3,L,BRAD PLOEGER,101,1,74,26,0
Bartow,FOLSOM,"Public Service Commission, District 3",3,L,BRAD PLOEGER,33,2,22,9,0
Bartow,KINGSTON,"Public Service Commission, District 3",3,L,BRAD PLOEGER,61,3,43,15,0
Bartow,MISSION ROAD,"Public Service Commission, District 3",3,L,BRAD PLOEGER,157,8,92,57,0
Bartow,PINE LOG,"Public Service Commission, District 3",3,L,BRAD PLOEGER,75,5,52,18,0
Bartow,TAYLORSVILLE,"Public Service Commission, District 3",3,L,BRAD PLOEGER,72,1,55,16,0
Bartow,WHITE,"Public Service Commission, District 3",3,L,BRAD PLOEGER,105,5,66,34,0
Bartow,ZENA DRIVE,"Public Service Commission, District 3",3,L,BRAD PLOEGER,125,2,69,54,0
Bartow,CASSVILLE,"Public Service Commission, District 3",3,L,BRAD PLOEGER,142,6,78,58,0
Bartow,WOODLAND HIGH,"Public Service Commission, District 3",3,L,BRAD PLOEGER,43,1,26,16,0
Bartow,,"Public Service Commission, District 5",5,R,STAN WISE (I),24966,1184,13769,9991,22
Bartow,ADAIRSVILLE,"Public Service Commission, District 5",5,R,STAN WISE (I),2241,93,1568,577,3
Bartow,ALLATOONA,"Public Service Commission, District 5",5,R,STAN WISE (I),1285,77,886,320,2
Bartow,CARTERSVILLE EAST,"Public Service Commission, District 5",5,R,STAN WISE (I),2034,111,790,1132,1
Bartow,CARTERSVILLE WEST,"Public Service Commission, District 5",5,R,STAN WISE (I),2654,141,967,1542,4
Bartow,BEAVERS DRIVE,"Public Service Commission, District 5",5,R,STAN WISE (I),2098,86,1087,925,0
Bartow,CENTER,"Public Service Commission, District 5",5,R,STAN WISE (I),1510,89,848,570,3
Bartow,EMERSON,"Public Service Commission, District 5",5,R,STAN WISE (I),1045,57,613,375,0
Bartow,EUHARLEE,"Public Service Commission, District 5",5,R,STAN WISE (I),1404,34,873,496,1
Bartow,FOLSOM,"Public Service Commission, District 5",5,R,STAN WISE (I),513,14,390,109,0
Bartow,KINGSTON,"Public Service Commission, District 5",5,R,STAN WISE (I),938,38,618,279,3
Bartow,MISSION ROAD,"Public Service Commission, District 5",5,R,STAN WISE (I),2124,78,1103,941,2
Bartow,PINE LOG,"Public Service Commission, District 5",5,R,STAN WISE (I),900,48,646,205,1
Bartow,TAYLORSVILLE,"Public Service Commission, District 5",5,R,STAN WISE (I),1151,53,787,309,2
Bartow,WHITE,"Public Service Commission, District 5",5,R,STAN WISE (I),1005,45,649,311,0
Bartow,ZENA DRIVE,"Public Service Commission, District 5",5,R,STAN WISE (I),1687,103,788,796,0
Bartow,CASSVILLE,"Public Service Commission, District 5",5,R,STAN WISE (I),1808,95,856,857,0
Bartow,WOODLAND HIGH,"Public Service Commission, District 5",5,R,STAN WISE (I),569,22,300,247,0
Bartow,,"Public Service Commission, District 5",5,L,DAVID STAPLES,6764,249,3957,2549,9
Bartow,ADAIRSVILLE,"Public Service Commission, District 5",5,L,DAVID STAPLES,548,25,403,120,0
Bartow,ALLATOONA,"Public Service Commission, District 5",5,L,DAVID STAPLES,413,11,313,87,2
Bartow,CARTERSVILLE EAST,"Public Service Commission, District 5",5,L,DAVID STAPLES,745,22,364,357,2
Bartow,CARTERSVILLE WEST,"Public Service Commission, District 5",5,L,DAVID STAPLES,787,41,353,393,0
Bartow,BEAVERS DRIVE,"Public Service Commission, District 5",5,L,DAVID STAPLES,463,21,254,188,0
Bartow,CENTER,"Public Service Commission, District 5",5,L,DAVID STAPLES,344,15,199,128,2
Bartow,EMERSON,"Public Service Commission, District 5",5,L,DAVID STAPLES,286,20,180,86,0
Bartow,EUHARLEE,"Public Service Commission, District 5",5,L,DAVID STAPLES,333,8,191,133,1
Bartow,FOLSOM,"Public Service Commission, District 5",5,L,DAVID STAPLES,91,5,69,17,0
Bartow,KINGSTON,"Public Service Commission, District 5",5,L,DAVID STAPLES,222,9,162,51,0
Bartow,MISSION ROAD,"Public Service Commission, District 5",5,L,DAVID STAPLES,550,13,295,241,1
Bartow,PINE LOG,"Public Service Commission, District 5",5,L,DAVID STAPLES,196,7,139,50,0
Bartow,TAYLORSVILLE,"Public Service Commission, District 5",5,L,DAVID STAPLES,231,6,175,50,0
Bartow,WHITE,"Public Service Commission, District 5",5,L,DAVID STAPLES,226,10,144,72,0
Bartow,ZENA DRIVE,"Public Service Commission, District 5",5,L,DAVID STAPLES,649,15,337,296,1
Bartow,CASSVILLE,"Public Service Commission, District 5",5,L,DAVID STAPLES,543,15,305,223,0
Bartow,WOODLAND HIGH,"Public Service Commission, District 5",5,L,DAVID STAPLES,137,6,74,57,0
Bartow,,U.S. Representative,11,R,PHIL GINGREY (I),26197,1218,14406,10552,21
Bartow,ADAIRSVILLE,U.S. Representative,11,R,PHIL GINGREY (I),2362,102,1631,626,3
Bartow,ALLATOONA,U.S. Representative,11,R,PHIL GINGREY (I),1358,80,934,342,2
Bartow,CARTERSVILLE EAST,U.S. Representative,11,R,PHIL GINGREY (I),2078,108,810,1160,0
Bartow,CARTERSVILLE WEST,U.S. Representative,11,R,PHIL GINGREY (I),2756,141,990,1621,4
Bartow,BEAVERS DRIVE,U.S. Representative,11,R,PHIL GINGREY (I),2197,92,1116,988,1
Bartow,CENTER,U.S. Representative,11,R,PHIL GINGREY (I),1640,96,928,614,2
Bartow,EMERSON,U.S. Representative,11,R,PHIL GINGREY (I),1130,64,658,408,0
Bartow,EUHARLEE,U.S. Representative,11,R,PHIL GINGREY (I),1442,40,891,510,1
Bartow,FOLSOM,U.S. Representative,11,R,PHIL GINGREY (I),561,16,425,120,0
Bartow,KINGSTON,U.S. Representative,11,R,PHIL GINGREY (I),1001,35,671,292,3
Bartow,MISSION ROAD,U.S. Representative,11,R,PHIL GINGREY (I),2215,79,1147,987,2
Bartow,PINE LOG,U.S. Representative,11,R,PHIL GINGREY (I),964,52,678,233,1
Bartow,TAYLORSVILLE,U.S. Representative,11,R,PHIL GINGREY (I),1236,53,849,332,2
Bartow,WHITE,U.S. Representative,11,R,PHIL GINGREY (I),1091,44,712,335,0
Bartow,ZENA DRIVE,U.S. Representative,11,R,PHIL GINGREY (I),1705,100,778,827,0
Bartow,CASSVILLE,U.S. Representative,11,R,PHIL GINGREY (I),1858,94,872,892,0
Bartow,WOODLAND HIGH,U.S. Representative,11,R,PHIL GINGREY (I),603,22,316,265,0
Bartow,,U.S. Representative,11,D,PATRICK THOMPSON,8209,374,4471,3351,13
Bartow,ADAIRSVILLE,U.S. Representative,11,D,PATRICK THOMPSON,635,31,461,143,0
Bartow,ALLATOONA,U.S. Representative,11,D,PATRICK THOMPSON,431,22,303,104,2
Bartow,CARTERSVILLE EAST,U.S. Representative,11,D,PATRICK THOMPSON,1027,44,440,538,5
Bartow,CARTERSVILLE WEST,U.S. Representative,11,D,PATRICK THOMPSON,1068,62,447,559,0
Bartow,BEAVERS DRIVE,U.S. Representative,11,D,PATRICK THOMPSON,553,29,299,225,0
Bartow,CENTER,U.S. Representative,11,D,PATRICK THOMPSON,346,19,183,141,3
Bartow,EMERSON,U.S. Representative,11,D,PATRICK THOMPSON,317,20,194,103,0
Bartow,EUHARLEE,U.S. Representative,11,D,PATRICK THOMPSON,401,8,219,173,1
Bartow,FOLSOM,U.S. Representative,11,D,PATRICK THOMPSON,73,4,57,12,0
Bartow,KINGSTON,U.S. Representative,11,D,PATRICK THOMPSON,262,20,185,57,0
Bartow,MISSION ROAD,U.S. Representative,11,D,PATRICK THOMPSON,682,16,338,327,1
Bartow,PINE LOG,U.S. Representative,11,D,PATRICK THOMPSON,208,12,149,47,0
Bartow,TAYLORSVILLE,U.S. Representative,11,D,PATRICK THOMPSON,222,11,157,54,0
Bartow,WHITE,U.S. Representative,11,D,PATRICK THOMPSON,222,16,124,82,0
Bartow,ZENA DRIVE,U.S. Representative,11,D,PATRICK THOMPSON,919,30,476,412,1
Bartow,CASSVILLE,U.S. Representative,11,D,PATRICK THOMPSON,691,24,358,309,0
Bartow,WOODLAND HIGH,U.S. Representative,11,D,PATRICK THOMPSON,152,6,81,65,0
Bartow,,State Senator,14,R,B. LOUDERMILK (I),17355,821,9835,6686,13
Bartow,ADAIRSVILLE,State Senator,14,R,B. LOUDERMILK (I),1911,83,1342,484,2
Bartow,ALLATOONA,State Senator,14,R,B. LOUDERMILK (I),1546,87,1083,373,3
Bartow,CARTERSVILLE EAST,State Senator,14,R,B. LOUDERMILK (I),2553,123,1044,1383,3
Bartow,BEAVERS DRIVE,State Senator,14,R,B. LOUDERMILK (I),2441,102,1284,1055,0
Bartow,CENTER,State Senator,14,R,B. LOUDERMILK (I),1767,97,1010,657,3
Bartow,FOLSOM,State Senator,14,R,B. LOUDERMILK (I),593,14,458,121,0
Bartow,PINE LOG,State Senator,14,R,B. LOUDERMILK (I),1034,50,737,246,1
Bartow,WHITE,State Senator,14,R,B. LOUDERMILK (I),1187,52,768,367,0
Bartow,ZENA DRIVE,State Senator,14,R,B. LOUDERMILK (I),2108,112,1014,981,1
Bartow,CASSVILLE,State Senator,14,R,B. LOUDERMILK (I),2215,101,1095,1019,0
Bartow,,State Senator,52,R,CHUCK HUFSTETLER,12245,483,6764,4986,12
Bartow,ADAIRSVILLE,State Senator,52,R,CHUCK HUFSTETLER,746,21,537,187,1
Bartow,CARTERSVILLE WEST,State Senator,52,R,CHUCK HUFSTETLER,3087,150,1184,1750,3
Bartow,EMERSON,State Senator,52,R,CHUCK HUFSTETLER,1235,67,733,435,0
Bartow,EUHARLEE,State Senator,52,R,CHUCK HUFSTETLER,1613,43,1001,568,1
Bartow,KINGSTON,State Senator,52,R,CHUCK HUFSTETLER,1092,41,736,312,3
Bartow,MISSION ROAD,State Senator,52,R,CHUCK HUFSTETLER,2471,81,1289,1099,2
Bartow,TAYLORSVILLE,State Senator,52,R,CHUCK HUFSTETLER,1330,55,930,343,2
Bartow,WOODLAND HIGH,State Senator,52,R,CHUCK HUFSTETLER,671,25,354,292,0
Bartow,,State Representative,14,R,C. COOMER (I),11542,477,7146,3911,8
Bartow,ADAIRSVILLE,State Representative,14,R,C. COOMER (I),2656,102,1887,664,3
Bartow,CARTERSVILLE EAST,State Representative,14,R,C. COOMER (I),42,4,13,25,0
Bartow,BEAVERS DRIVE,State Representative,14,R,C. COOMER (I),2386,103,1250,1032,1
Bartow,CENTER,State Representative,14,R,C. COOMER (I),426,17,259,150,0
Bartow,FOLSOM,State Representative,14,R,C. COOMER (I),585,13,450,122,0
Bartow,KINGSTON,State Representative,14,R,C. COOMER (I),1098,40,741,314,3
Bartow,PINE LOG,State Representative,14,R,C. COOMER (I),1018,50,726,241,1
Bartow,WHITE,State Representative,14,R,C. COOMER (I),1167,52,754,361,0
Bartow,CASSVILLE,State Representative,14,R,C. COOMER (I),2164,96,1066,1002,0
Bartow,,State Representative,15,R,PAUL R. BATTLES (I),13526,681,6595,6239,11
Bartow,ALLATOONA,State Representative,15,R,PAUL R. BATTLES (I),1346,78,926,340,2
Bartow,CARTERSVILLE EAST,State Representative,15,R,PAUL R. BATTLES (I),2099,106,822,1170,1
Bartow,CARTERSVILLE WEST,State Representative,15,R,PAUL R. BATTLES (I),2784,149,1004,1627,4
Bartow,CENTER,State Representative,15,R,PAUL R. BATTLES (I),1257,83,698,473,3
Bartow,EMERSON,State Representative,15,R,PAUL R. BATTLES (I),1141,64,661,416,0
Bartow,EUHARLEE,State Representative,15,R,PAUL R. BATTLES (I),314,6,197,111,0
Bartow,MISSION ROAD,State Representative,15,R,PAUL R. BATTLES (I),2252,73,1173,1005,1
Bartow,ZENA DRIVE,State Representative,15,R,PAUL R. BATTLES (I),1731,102,792,837,0
Bartow,WOODLAND HIGH,State Representative,15,R,PAUL R. BATTLES (I),602,20,322,260,0
Bartow,,State Representative,15,D,LELIA BENHAM,4707,205,2347,2143,12
Bartow,ALLATOONA,State Representative,15,D,LELIA BENHAM,424,23,297,102,2
Bartow,CARTERSVILLE EAST,State Representative,15,D,LELIA BENHAM,941,41,405,491,4
Bartow,CARTERSVILLE WEST,State Representative,15,D,LELIA BENHAM,1027,55,434,538,0
Bartow,CENTER,State Representative,15,D,LELIA BENHAM,249,14,122,111,2
Bartow,EMERSON,State Representative,15,D,LELIA BENHAM,305,19,190,96,0
Bartow,EUHARLEE,State Representative,15,D,LELIA BENHAM,88,3,55,29,1
Bartow,MISSION ROAD,State Representative,15,D,LELIA BENHAM,642,18,312,310,2
Bartow,ZENA DRIVE,State Representative,15,D,LELIA BENHAM,886,25,462,398,1
Bartow,WOODLAND HIGH,State Representative,15,D,LELIA BENHAM,145,7,70,68,0
Bartow,,State Representative,16,,TREY KELLEY,2245,82,1476,684,3
Bartow,EUHARLEE,State Representative,16,,TREY KELLEY,1057,29,655,372,1
Bartow,TAYLORSVILLE,State Representative,16,,TREY KELLEY,1188,53,821,312,2
Bartow,,State Representative,16,D,RICK CRAWFORD (I),624,20,382,222,0
Bartow,EUHARLEE,State Representative,16,D,RICK CRAWFORD (I),369,8,202,159,0
Bartow,TAYLORSVILLE,State Representative,16,D,RICK CRAWFORD (I),255,12,180,63,0
Bartow,,District Attorney, Cherokee Circuit,R,ROSEMARY GREENE,29618,1297,16544,11750,27
Bartow,ADAIRSVILLE,District Attorney, Cherokee Circuit,R,ROSEMARY GREENE,2630,100,1862,665,3
Bartow,ALLATOONA,District Attorney, Cherokee Circuit,R,ROSEMARY GREENE,1533,88,1069,373,3
Bartow,CARTERSVILLE EAST,District Attorney, Cherokee Circuit,R,ROSEMARY GREENE,2593,126,1058,1406,3
Bartow,CARTERSVILLE WEST,District Attorney, Cherokee Circuit,R,ROSEMARY GREENE,3175,154,1208,1810,3
Bartow,BEAVERS DRIVE,District Attorney, Cherokee Circuit,R,ROSEMARY GREENE,2418,100,1267,1050,1
Bartow,CENTER,District Attorney, Cherokee Circuit,R,ROSEMARY GREENE,1755,95,999,657,4
Bartow,EMERSON,District Attorney, Cherokee Circuit,R,ROSEMARY GREENE,1249,69,738,441,1
Bartow,EUHARLEE,District Attorney, Cherokee Circuit,R,ROSEMARY GREENE,1619,43,1007,568,1
Bartow,FOLSOM,District Attorney, Cherokee Circuit,R,ROSEMARY GREENE,583,14,449,120,0
Bartow,KINGSTON,District Attorney, Cherokee Circuit,R,ROSEMARY GREENE,1087,40,733,311,3
Bartow,MISSION ROAD,District Attorney, Cherokee Circuit,R,ROSEMARY GREENE,2498,78,1308,1110,2
Bartow,PINE LOG,District Attorney, Cherokee Circuit,R,ROSEMARY GREENE,1023,51,726,245,1
Bartow,TAYLORSVILLE,District Attorney, Cherokee Circuit,R,ROSEMARY GREENE,1326,54,922,348,2
Bartow,WHITE,District Attorney, Cherokee Circuit,R,ROSEMARY GREENE,1163,51,751,361,0
Bartow,ZENA DRIVE,District Attorney, Cherokee Circuit,R,ROSEMARY GREENE,2102,108,1013,981,0
Bartow,CASSVILLE,District Attorney, Cherokee Circuit,R,ROSEMARY GREENE,2188,101,1078,1009,0
Bartow,WOODLAND HIGH,District Attorney, Cherokee Circuit,R,ROSEMARY GREENE,676,25,356,295,0
Bartow,,CLERK, SUPERIOR COURT,R,MELBA SCOGGINS,30160,1327,16832,11971,30
Bartow,ADAIRSVILLE,CLERK, SUPERIOR COURT,R,MELBA SCOGGINS,2705,101,1912,689,3
Bartow,ALLATOONA,CLERK, SUPERIOR COURT,R,MELBA SCOGGINS,1559,88,1089,379,3
Bartow,CARTERSVILLE EAST,CLERK, SUPERIOR COURT,R,MELBA SCOGGINS,2645,129,1075,1437,4
Bartow,CARTERSVILLE WEST,CLERK, SUPERIOR COURT,R,MELBA SCOGGINS,3181,160,1198,1820,3
Bartow,BEAVERS DRIVE,CLERK, SUPERIOR COURT,R,MELBA SCOGGINS,2444,105,1279,1059,1
Bartow,CENTER,CLERK, SUPERIOR COURT,R,MELBA SCOGGINS,1762,91,1008,659,4
Bartow,EMERSON,CLERK, SUPERIOR COURT,R,MELBA SCOGGINS,1269,67,753,448,1
Bartow,EUHARLEE,CLERK, SUPERIOR COURT,R,MELBA SCOGGINS,1663,41,1034,586,2
Bartow,FOLSOM,CLERK, SUPERIOR COURT,R,MELBA SCOGGINS,599,15,461,123,0
Bartow,KINGSTON,CLERK, SUPERIOR COURT,R,MELBA SCOGGINS,1114,43,756,312,3
Bartow,MISSION ROAD,CLERK, SUPERIOR COURT,R,MELBA SCOGGINS,2574,81,1330,1161,2
Bartow,PINE LOG,CLERK, SUPERIOR COURT,R,MELBA SCOGGINS,1064,55,757,251,1
Bartow,TAYLORSVILLE,CLERK, SUPERIOR COURT,R,MELBA SCOGGINS,1367,54,947,364,2
Bartow,WHITE,CLERK, SUPERIOR COURT,R,MELBA SCOGGINS,1187,55,768,364,0
Bartow,ZENA DRIVE,CLERK, SUPERIOR COURT,R,MELBA SCOGGINS,2157,115,1039,1002,1
Bartow,CASSVILLE,CLERK, SUPERIOR COURT,R,MELBA SCOGGINS,2190,102,1067,1021,0
Bartow,WOODLAND HIGH,CLERK, SUPERIOR COURT,R,MELBA SCOGGINS,680,25,359,296,0
Bartow,,SHERIFF,,R,CLARK MILLSAP (I),29958,1307,16652,11969,30
Bartow,ADAIRSVILLE,SHERIFF,,R,CLARK MILLSAP (I),2637,96,1879,659,3
Bartow,ALLATOONA,SHERIFF,,R,CLARK MILLSAP (I),1569,88,1088,390,3
Bartow,CARTERSVILLE EAST,SHERIFF,,R,CLARK MILLSAP (I),2673,131,1062,1476,4
Bartow,CARTERSVILLE WEST,SHERIFF,,R,CLARK MILLSAP (I),3282,159,1239,1881,3
Bartow,BEAVERS DRIVE,SHERIFF,,R,CLARK MILLSAP (I),2400,102,1247,1050,1
Bartow,CENTER,SHERIFF,,R,CLARK MILLSAP (I),1748,92,997,654,5
Bartow,EMERSON,SHERIFF,,R,CLARK MILLSAP (I),1263,66,750,446,1
Bartow,EUHARLEE,SHERIFF,,R,CLARK MILLSAP (I),1655,41,1033,580,1
Bartow,FOLSOM,SHERIFF,,R,CLARK MILLSAP (I),578,14,446,118,0
Bartow,KINGSTON,SHERIFF,,R,CLARK MILLSAP (I),1103,40,754,306,3
Bartow,MISSION ROAD,SHERIFF,,R,CLARK MILLSAP (I),2543,85,1308,1148,2
Bartow,PINE LOG,SHERIFF,,R,CLARK MILLSAP (I),1023,53,730,239,1
Bartow,TAYLORSVILLE,SHERIFF,,R,CLARK MILLSAP (I),1335,53,921,359,2
Bartow,WHITE,SHERIFF,,R,CLARK MILLSAP (I),1157,53,748,356,0
Bartow,ZENA DRIVE,SHERIFF,,R,CLARK MILLSAP (I),2132,111,1022,998,1
Bartow,CASSVILLE,SHERIFF,,R,CLARK MILLSAP (I),2191,99,1071,1021,0
Bartow,WOODLAND HIGH,SHERIFF,,R,CLARK MILLSAP (I),669,24,357,288,0
Bartow,,TAX COMMISSIONER,,R,STEVE STEWART,29982,1316,16704,11935,27
Bartow,ADAIRSVILLE,TAX COMMISSIONER,,R,STEVE STEWART,2670,103,1894,670,3
Bartow,ALLATOONA,TAX COMMISSIONER,,R,STEVE STEWART,1547,88,1081,375,3
Bartow,CARTERSVILLE EAST,TAX COMMISSIONER,,R,STEVE STEWART,2647,133,1068,1443,3
Bartow,CARTERSVILLE WEST,TAX COMMISSIONER,,R,STEVE STEWART,3219,157,1214,1845,3
Bartow,BEAVERS DRIVE,TAX COMMISSIONER,,R,STEVE STEWART,2437,101,1270,1066,0
Bartow,CENTER,TAX COMMISSIONER,,R,STEVE STEWART,1746,91,998,653,4
Bartow,EMERSON,TAX COMMISSIONER,,R,STEVE STEWART,1267,69,755,443,0
Bartow,EUHARLEE,TAX COMMISSIONER,,R,STEVE STEWART,1651,44,1018,587,2
Bartow,FOLSOM,TAX COMMISSIONER,,R,STEVE STEWART,593,15,454,124,0
Bartow,KINGSTON,TAX COMMISSIONER,,R,STEVE STEWART,1105,40,746,316,3
Bartow,MISSION ROAD,TAX COMMISSIONER,,R,STEVE STEWART,2549,78,1328,1141,2
Bartow,PINE LOG,TAX COMMISSIONER,,R,STEVE STEWART,1037,53,737,246,1
Bartow,TAYLORSVILLE,TAX COMMISSIONER,,R,STEVE STEWART,1350,53,931,364,2
Bartow,WHITE,TAX COMMISSIONER,,R,STEVE STEWART,1183,55,766,362,0
Bartow,ZENA DRIVE,TAX COMMISSIONER,,R,STEVE STEWART,2133,111,1022,999,1
Bartow,CASSVILLE,TAX COMMISSIONER,,R,STEVE STEWART,2175,102,1066,1007,0
Bartow,WOODLAND HIGH,TAX COMMISSIONER,,R,STEVE STEWART,673,23,356,294,0
Bartow,,SURVEYOR,,R,DANIEL BAKER (I),29353,1305,16424,11597,27
Bartow,ADAIRSVILLE,SURVEYOR,,R,DANIEL BAKER (I),2613,100,1854,656,3
Bartow,ALLATOONA,SURVEYOR,,R,DANIEL BAKER (I),1543,87,1077,376,3
Bartow,CARTERSVILLE EAST,SURVEYOR,,R,DANIEL BAKER (I),2581,127,1054,1397,3
Bartow,CARTERSVILLE WEST,SURVEYOR,,R,DANIEL BAKER (I),3131,156,1191,1781,3
Bartow,BEAVERS DRIVE,SURVEYOR,,R,DANIEL BAKER (I),2378,101,1240,1037,0
Bartow,CENTER,SURVEYOR,,R,DANIEL BAKER (I),1732,95,992,641,4
Bartow,EMERSON,SURVEYOR,,R,DANIEL BAKER (I),1242,70,740,432,0
Bartow,EUHARLEE,SURVEYOR,,R,DANIEL BAKER (I),1619,41,1009,567,2
Bartow,FOLSOM,SURVEYOR,,R,DANIEL BAKER (I),585,15,449,121,0
Bartow,KINGSTON,SURVEYOR,,R,DANIEL BAKER (I),1080,40,731,306,3
Bartow,MISSION ROAD,SURVEYOR,,R,DANIEL BAKER (I),2475,80,1295,1098,2
Bartow,PINE LOG,SURVEYOR,,R,DANIEL BAKER (I),1007,51,721,234,1
Bartow,TAYLORSVILLE,SURVEYOR,,R,DANIEL BAKER (I),1319,55,915,347,2
Bartow,WHITE,SURVEYOR,,R,DANIEL BAKER (I),1150,52,741,357,0
Bartow,ZENA DRIVE,SURVEYOR,,R,DANIEL BAKER (I),2084,110,1010,963,1
Bartow,CASSVILLE,SURVEYOR,,R,DANIEL BAKER (I),2145,100,1053,992,0
Bartow,WOODLAND HIGH,SURVEYOR,,R,DANIEL BAKER (I),669,25,352,292,0
Bartow,,CORONER,,R,JOEL T. GUYTON (I),29726,1315,16624,11758,29
Bartow,ADAIRSVILLE,CORONER,,R,JOEL T. GUYTON (I),2625,99,1863,660,3
Bartow,ALLATOONA,CORONER,,R,JOEL T. GUYTON (I),1542,87,1083,369,3
Bartow,CARTERSVILLE EAST,CORONER,,R,JOEL T. GUYTON (I),2630,129,1067,1430,4
Bartow,CARTERSVILLE WEST,CORONER,,R,JOEL T. GUYTON (I),3184,161,1211,1809,3
Bartow,BEAVERS DRIVE,CORONER,,R,JOEL T. GUYTON (I),2401,99,1257,1045,0
Bartow,CENTER,CORONER,,R,JOEL T. GUYTON (I),1744,96,1001,643,4
Bartow,EMERSON,CORONER,,R,JOEL T. GUYTON (I),1262,69,751,441,1
Bartow,EUHARLEE,CORONER,,R,JOEL T. GUYTON (I),1632,42,1012,576,2
Bartow,FOLSOM,CORONER,,R,JOEL T. GUYTON (I),583,15,449,119,0
Bartow,KINGSTON,CORONER,,R,JOEL T. GUYTON (I),1101,40,747,311,3
Bartow,MISSION ROAD,CORONER,,R,JOEL T. GUYTON (I),2523,79,1316,1126,2
Bartow,PINE LOG,CORONER,,R,JOEL T. GUYTON (I),1013,51,726,235,1
Bartow,TAYLORSVILLE,CORONER,,R,JOEL T. GUYTON (I),1344,56,932,354,2
Bartow,WHITE,CORONER,,R,JOEL T. GUYTON (I),1166,51,752,363,0
Bartow,ZENA DRIVE,CORONER,,R,JOEL T. GUYTON (I),2119,114,1021,983,1
Bartow,CASSVILLE,CORONER,,R,JOEL T. GUYTON (I),2185,102,1079,1004,0
Bartow,WOODLAND HIGH,CORONER,,R,JOEL T. GUYTON (I),672,25,357,290,0
Bartow,,CHIEF MAGISTRATE,,R,THOMAS MOSELEY (I),25548,1183,14033,10310,22
Bartow,ADAIRSVILLE,CHIEF MAGISTRATE,,R,THOMAS MOSELEY (I),2289,88,1590,608,3
Bartow,ALLATOONA,CHIEF MAGISTRATE,,R,THOMAS MOSELEY (I),1337,77,921,337,2
Bartow,CARTERSVILLE EAST,CHIEF MAGISTRATE,,R,THOMAS MOSELEY (I),2076,100,807,1169,0
Bartow,CARTERSVILLE WEST,CHIEF MAGISTRATE,,R,THOMAS MOSELEY (I),2763,144,1002,1613,4
Bartow,BEAVERS DRIVE,CHIEF MAGISTRATE,,R,THOMAS MOSELEY (I),2099,86,1078,934,1
Bartow,CENTER,CHIEF MAGISTRATE,,R,THOMAS MOSELEY (I),1591,90,894,603,4
Bartow,EMERSON,CHIEF MAGISTRATE,,R,THOMAS MOSELEY (I),1106,65,643,398,0
Bartow,EUHARLEE,CHIEF MAGISTRATE,,R,THOMAS MOSELEY (I),1408,40,880,488,0
Bartow,FOLSOM,CHIEF MAGISTRATE,,R,THOMAS MOSELEY (I),520,14,386,120,0
Bartow,KINGSTON,CHIEF MAGISTRATE,,R,THOMAS MOSELEY (I),967,40,639,285,3
Bartow,MISSION ROAD,CHIEF MAGISTRATE,,R,THOMAS MOSELEY (I),2175,75,1120,978,2
Bartow,PINE LOG,CHIEF MAGISTRATE,,R,THOMAS MOSELEY (I),913,52,642,218,1
Bartow,TAYLORSVILLE,CHIEF MAGISTRATE,,R,THOMAS MOSELEY (I),1217,50,837,328,2
Bartow,WHITE,CHIEF MAGISTRATE,,R,THOMAS MOSELEY (I),1058,45,685,328,0
Bartow,ZENA DRIVE,CHIEF MAGISTRATE,,R,THOMAS MOSELEY (I),1674,102,769,803,0
Bartow,CASSVILLE,CHIEF MAGISTRATE,,R,THOMAS MOSELEY (I),1786,93,840,853,0
Bartow,WOODLAND HIGH,CHIEF MAGISTRATE,,R,THOMAS MOSELEY (I),569,22,300,247,0
Bartow,,CHIEF MAGISTRATE,,D,PAUL L. NALLY,8051,360,4416,3265,10
Bartow,ADAIRSVILLE,CHIEF MAGISTRATE,,D,PAUL L. NALLY,631,39,443,149,0
Bartow,ALLATOONA,CHIEF MAGISTRATE,,D,PAUL L. NALLY,422,22,298,101,1
Bartow,CARTERSVILLE EAST,CHIEF MAGISTRATE,,D,PAUL L. NALLY,965,51,418,492,4
Bartow,CARTERSVILLE WEST,CHIEF MAGISTRATE,,D,PAUL L. NALLY,958,55,393,510,0
Bartow,BEAVERS DRIVE,CHIEF MAGISTRATE,,D,PAUL L. NALLY,586,30,309,247,0
Bartow,CENTER,CHIEF MAGISTRATE,,D,PAUL L. NALLY,337,21,178,137,1
Bartow,EMERSON,CHIEF MAGISTRATE,,D,PAUL L. NALLY,303,16,190,97,0
Bartow,EUHARLEE,CHIEF MAGISTRATE,,D,PAUL L. NALLY,393,8,211,172,2
Bartow,FOLSOM,CHIEF MAGISTRATE,,D,PAUL L. NALLY,95,5,79,11,0
Bartow,KINGSTON,CHIEF MAGISTRATE,,D,PAUL L. NALLY,268,12,196,60,0
Bartow,MISSION ROAD,CHIEF MAGISTRATE,,D,PAUL L. NALLY,669,16,329,323,1
Bartow,PINE LOG,CHIEF MAGISTRATE,,D,PAUL L. NALLY,216,9,159,48,0
Bartow,TAYLORSVILLE,CHIEF MAGISTRATE,,D,PAUL L. NALLY,215,12,151,52,0
Bartow,WHITE,CHIEF MAGISTRATE,,D,PAUL L. NALLY,228,15,136,77,0
Bartow,ZENA DRIVE,CHIEF MAGISTRATE,,D,PAUL L. NALLY,896,26,463,406,1
Bartow,CASSVILLE,CHIEF MAGISTRATE,,D,PAUL L. NALLY,708,18,380,310,0
Bartow,WOODLAND HIGH,CHIEF MAGISTRATE,,D,PAUL L. NALLY,161,5,83,73,0
Bartow,,CC, SOLE,R,STEVE TAYLOR,30101,1308,16786,11977,30
Bartow,ADAIRSVILLE,CC, SOLE,R,STEVE TAYLOR,2660,104,1888,665,3
Bartow,ALLATOONA,CC, SOLE,R,STEVE TAYLOR,1537,84,1081,369,3
Bartow,CARTERSVILLE EAST,CC, SOLE,R,STEVE TAYLOR,2662,131,1072,1456,3
Bartow,CARTERSVILLE WEST,CC, SOLE,R,STEVE TAYLOR,3235,156,1218,1858,3
Bartow,BEAVERS DRIVE,CC, SOLE,R,STEVE TAYLOR,2430,102,1272,1055,1
Bartow,CENTER,CC, SOLE,R,STEVE TAYLOR,1769,90,1013,662,4
Bartow,EMERSON,CC, SOLE,R,STEVE TAYLOR,1278,69,753,455,1
Bartow,EUHARLEE,CC, SOLE,R,STEVE TAYLOR,1646,42,1024,578,2
Bartow,FOLSOM,CC, SOLE,R,STEVE TAYLOR,597,14,457,126,0
Bartow,KINGSTON,CC, SOLE,R,STEVE TAYLOR,1122,42,759,318,3
Bartow,MISSION ROAD,CC, SOLE,R,STEVE TAYLOR,2557,79,1327,1148,3
Bartow,PINE LOG,CC, SOLE,R,STEVE TAYLOR,1051,55,749,246,1
Bartow,TAYLORSVILLE,CC, SOLE,R,STEVE TAYLOR,1365,54,944,365,2
Bartow,WHITE,CC, SOLE,R,STEVE TAYLOR,1194,53,771,370,0
Bartow,ZENA DRIVE,CC, SOLE,R,STEVE TAYLOR,2132,108,1025,998,1
Bartow,CASSVILLE,CC, SOLE,R,STEVE TAYLOR,2191,101,1076,1014,0
Bartow,WOODLAND HIGH,CC, SOLE,R,STEVE TAYLOR,675,24,357,294,0
Bartow,,BOE D4,,R,FRED KITTLE,3439,121,2003,1312,3
Bartow,EUHARLEE,BOE D4,,R,FRED KITTLE,1004,31,614,358,1
Bartow,MISSION ROAD,BOE D4,,R,FRED KITTLE,1587,59,815,711,2
Bartow,TAYLORSVILLE,BOE D4,,R,FRED KITTLE,794,28,551,215,0
Bartow,ZENA DRIVE,BOE D4,,R,FRED KITTLE,54,3,23,28,0
Bartow,,BOE D4,,IN,WANDA C. GRAY (I),2630,69,1592,965,4
Bartow,EUHARLEE,BOE D4,,IN,WANDA C. GRAY (I),818,14,499,304,1
Bartow,MISSION ROAD,BOE D4,,IN,WANDA C. GRAY (I),1166,25,635,505,1
Bartow,TAYLORSVILLE,BOE D4,,IN,WANDA C. GRAY (I),564,29,408,126,1
Bartow,ZENA DRIVE,BOE D4,,IN,WANDA C. GRAY (I),82,1,50,30,1
Bartow,,BOE D5,,R,ANNA SULLIVAN (I),4328,159,3067,1096,6
Bartow,ADAIRSVILLE,BOE D5,,R,ANNA SULLIVAN (I),2674,103,1896,672,3
Bartow,FOLSOM,BOE D5,,R,ANNA SULLIVAN (I),576,15,439,122,0
Bartow,KINGSTON,BOE D5,,R,ANNA SULLIVAN (I),1078,41,732,302,3
Bartow,,Constitutional Amendment #1<br>Shall the Constitution be amended to allow state or local approval of public charter schools upon the request of local communities?,,,YES,18855,912,10091,7838,14
Bartow,ADAIRSVILLE,Constitutional Amendment #1<br>Shall the Constitution be amended to allow state or local approval of public charter schools upon the request of local communities?,,,YES,1335,63,889,380,3
Bartow,ALLATOONA,Constitutional Amendment #1<br>Shall the Constitution be amended to allow state or local approval of public charter schools upon the request of local communities?,,,YES,1213,64,841,306,2
Bartow,CARTERSVILLE EAST,Constitutional Amendment #1<br>Shall the Constitution be amended to allow state or local approval of public charter schools upon the request of local communities?,,,YES,1656,81,679,895,1
Bartow,CARTERSVILLE WEST,Constitutional Amendment #1<br>Shall the Constitution be amended to allow state or local approval of public charter schools upon the request of local communities?,,,YES,1926,121,706,1099,0
Bartow,BEAVERS DRIVE,Constitutional Amendment #1<br>Shall the Constitution be amended to allow state or local approval of public charter schools upon the request of local communities?,,,YES,1471,75,713,683,0
Bartow,CENTER,Constitutional Amendment #1<br>Shall the Constitution be amended to allow state or local approval of public charter schools upon the request of local communities?,,,YES,1225,70,642,509,4
Bartow,EMERSON,Constitutional Amendment #1<br>Shall the Constitution be amended to allow state or local approval of public charter schools upon the request of local communities?,,,YES,837,49,495,293,0
Bartow,EUHARLEE,Constitutional Amendment #1<br>Shall the Constitution be amended to allow state or local approval of public charter schools upon the request of local communities?,,,YES,1046,26,620,400,0
Bartow,FOLSOM,Constitutional Amendment #1<br>Shall the Constitution be amended to allow state or local approval of public charter schools upon the request of local communities?,,,YES,300,13,206,81,0
Bartow,KINGSTON,Constitutional Amendment #1<br>Shall the Constitution be amended to allow state or local approval of public charter schools upon the request of local communities?,,,YES,716,23,476,215,2
Bartow,MISSION ROAD,Constitutional Amendment #1<br>Shall the Constitution be amended to allow state or local approval of public charter schools upon the request of local communities?,,,YES,1595,62,778,754,1
Bartow,PINE LOG,Constitutional Amendment #1<br>Shall the Constitution be amended to allow state or local approval of public charter schools upon the request of local communities?,,,YES,565,32,381,152,0
Bartow,TAYLORSVILLE,Constitutional Amendment #1<br>Shall the Constitution be amended to allow state or local approval of public charter schools upon the request of local communities?,,,YES,784,39,536,209,0
Bartow,WHITE,Constitutional Amendment #1<br>Shall the Constitution be amended to allow state or local approval of public charter schools upon the request of local communities?,,,YES,695,26,433,236,0
Bartow,ZENA DRIVE,Constitutional Amendment #1<br>Shall the Constitution be amended to allow state or local approval of public charter schools upon the request of local communities?,,,YES,1564,76,764,723,1
Bartow,CASSVILLE,Constitutional Amendment #1<br>Shall the Constitution be amended to allow state or local approval of public charter schools upon the request of local communities?,,,YES,1491,73,727,691,0
Bartow,WOODLAND HIGH,Constitutional Amendment #1<br>Shall the Constitution be amended to allow state or local approval of public charter schools upon the request of local communities?,,,YES,436,19,205,212,0
Bartow,,Constitutional Amendment #1<br>Shall the Constitution be amended to allow state or local approval of public charter schools upon the request of local communities?,,,NO,15691,608,9067,5998,18
Bartow,ADAIRSVILLE,Constitutional Amendment #1<br>Shall the Constitution be amended to allow state or local approval of public charter schools upon the request of local communities?,,,NO,1687,67,1236,384,0
Bartow,ALLATOONA,Constitutional Amendment #1<br>Shall the Constitution be amended to allow state or local approval of public charter schools upon the request of local communities?,,,NO,597,30,423,142,2
Bartow,CARTERSVILLE EAST,Constitutional Amendment #1<br>Shall the Constitution be amended to allow state or local approval of public charter schools upon the request of local communities?,,,NO,1450,65,574,808,3
Bartow,CARTERSVILLE WEST,Constitutional Amendment #1<br>Shall the Constitution be amended to allow state or local approval of public charter schools upon the request of local communities?,,,NO,1906,77,760,1066,3
Bartow,BEAVERS DRIVE,Constitutional Amendment #1<br>Shall the Constitution be amended to allow state or local approval of public charter schools upon the request of local communities?,,,NO,1294,39,726,529,0
Bartow,CENTER,Constitutional Amendment #1<br>Shall the Constitution be amended to allow state or local approval of public charter schools upon the request of local communities?,,,NO,752,38,468,245,1
Bartow,EMERSON,Constitutional Amendment #1<br>Shall the Constitution be amended to allow state or local approval of public charter schools upon the request of local communities?,,,NO,631,27,378,225,1
Bartow,EUHARLEE,Constitutional Amendment #1<br>Shall the Constitution be amended to allow state or local approval of public charter schools upon the request of local communities?,,,NO,811,22,507,280,2
Bartow,FOLSOM,Constitutional Amendment #1<br>Shall the Constitution be amended to allow state or local approval of public charter schools upon the request of local communities?,,,NO,336,7,281,48,0
Bartow,KINGSTON,Constitutional Amendment #1<br>Shall the Constitution be amended to allow state or local approval of public charter schools upon the request of local communities?,,,NO,551,30,386,134,1
Bartow,MISSION ROAD,Constitutional Amendment #1<br>Shall the Constitution be amended to allow state or local approval of public charter schools upon the request of local communities?,,,NO,1310,30,726,553,1
Bartow,PINE LOG,Constitutional Amendment #1<br>Shall the Constitution be amended to allow state or local approval of public charter schools upon the request of local communities?,,,NO,600,28,448,122,2
Bartow,TAYLORSVILLE,Constitutional Amendment #1<br>Shall the Constitution be amended to allow state or local approval of public charter schools upon the request of local communities?,,,NO,688,25,491,170,2
Bartow,WHITE,Constitutional Amendment #1<br>Shall the Constitution be amended to allow state or local approval of public charter schools upon the request of local communities?,,,NO,627,32,420,175,0
Bartow,ZENA DRIVE,Constitutional Amendment #1<br>Shall the Constitution be amended to allow state or local approval of public charter schools upon the request of local communities?,,,NO,1067,47,517,503,0
Bartow,CASSVILLE,Constitutional Amendment #1<br>Shall the Constitution be amended to allow state or local approval of public charter schools upon the request of local communities?,,,NO,1076,37,537,502,0
Bartow,WOODLAND HIGH,Constitutional Amendment #1<br>Shall the Constitution be amended to allow state or local approval of public charter schools upon the request of local communities?,,,NO,308,7,189,112,0
Bartow,,Constitutional Amendment #2<br>Shall the Constitution be amended so as to provide for a reduction in the state's operating costs by allowing the General Assembly to authorize certain state agencies to enter into multiyear rental agreements?,,,YES,20290,978,10873,8417,22
Bartow,ADAIRSVILLE,Constitutional Amendment #2<br>Shall the Constitution be amended so as to provide for a reduction in the state's operating costs by allowing the General Assembly to authorize certain state agencies to enter into multiyear rental agreements?,,,YES,1582,76,1068,436,2
Bartow,ALLATOONA,Constitutional Amendment #2<br>Shall the Constitution be amended so as to provide for a reduction in the state's operating costs by allowing the General Assembly to authorize certain state agencies to enter into multiyear rental agreements?,,,YES,1127,62,780,282,3
Bartow,CARTERSVILLE EAST,Constitutional Amendment #2<br>Shall the Constitution be amended so as to provide for a reduction in the state's operating costs by allowing the General Assembly to authorize certain state agencies to enter into multiyear rental agreements?,,,YES,1872,100,734,1035,3
Bartow,CARTERSVILLE WEST,Constitutional Amendment #2<br>Shall the Constitution be amended so as to provide for a reduction in the state's operating costs by allowing the General Assembly to authorize certain state agencies to enter into multiyear rental agreements?,,,YES,2323,139,863,1320,1
Bartow,BEAVERS DRIVE,Constitutional Amendment #2<br>Shall the Constitution be amended so as to provide for a reduction in the state's operating costs by allowing the General Assembly to authorize certain state agencies to enter into multiyear rental agreements?,,,YES,1628,73,834,721,0
Bartow,CENTER,Constitutional Amendment #2<br>Shall the Constitution be amended so as to provide for a reduction in the state's operating costs by allowing the General Assembly to authorize certain state agencies to enter into multiyear rental agreements?,,,YES,1221,72,651,494,4
Bartow,EMERSON,Constitutional Amendment #2<br>Shall the Constitution be amended so as to provide for a reduction in the state's operating costs by allowing the General Assembly to authorize certain state agencies to enter into multiyear rental agreements?,,,YES,892,57,499,336,0
Bartow,EUHARLEE,Constitutional Amendment #2<br>Shall the Constitution be amended so as to provide for a reduction in the state's operating costs by allowing the General Assembly to authorize certain state agencies to enter into multiyear rental agreements?,,,YES,1096,22,667,405,2
Bartow,FOLSOM,Constitutional Amendment #2<br>Shall the Constitution be amended so as to provide for a reduction in the state's operating costs by allowing the General Assembly to authorize certain state agencies to enter into multiyear rental agreements?,,,YES,319,13,239,67,0
Bartow,KINGSTON,Constitutional Amendment #2<br>Shall the Constitution be amended so as to provide for a reduction in the state's operating costs by allowing the General Assembly to authorize certain state agencies to enter into multiyear rental agreements?,,,YES,723,33,467,220,3
Bartow,MISSION ROAD,Constitutional Amendment #2<br>Shall the Constitution be amended so as to provide for a reduction in the state's operating costs by allowing the General Assembly to authorize certain state agencies to enter into multiyear rental agreements?,,,YES,1730,61,865,803,1
Bartow,PINE LOG,Constitutional Amendment #2<br>Shall the Constitution be amended so as to provide for a reduction in the state's operating costs by allowing the General Assembly to authorize certain state agencies to enter into multiyear rental agreements?,,,YES,625,36,424,163,2
Bartow,TAYLORSVILLE,Constitutional Amendment #2<br>Shall the Constitution be amended so as to provide for a reduction in the state's operating costs by allowing the General Assembly to authorize certain state agencies to enter into multiyear rental agreements?,,,YES,862,37,581,243,1
Bartow,WHITE,Constitutional Amendment #2<br>Shall the Constitution be amended so as to provide for a reduction in the state's operating costs by allowing the General Assembly to authorize certain state agencies to enter into multiyear rental agreements?,,,YES,775,33,484,258,0
Bartow,ZENA DRIVE,Constitutional Amendment #2<br>Shall the Constitution be amended so as to provide for a reduction in the state's operating costs by allowing the General Assembly to authorize certain state agencies to enter into multiyear rental agreements?,,,YES,1547,70,756,721,0
Bartow,CASSVILLE,Constitutional Amendment #2<br>Shall the Constitution be amended so as to provide for a reduction in the state's operating costs by allowing the General Assembly to authorize certain state agencies to enter into multiyear rental agreements?,,,YES,1510,75,730,705,0
Bartow,WOODLAND HIGH,Constitutional Amendment #2<br>Shall the Constitution be amended so as to provide for a reduction in the state's operating costs by allowing the General Assembly to authorize certain state agencies to enter into multiyear rental agreements?,,,YES,458,19,231,208,0
Bartow,,Constitutional Amendment #2<br>Shall the Constitution be amended so as to provide for a reduction in the state's operating costs by allowing the General Assembly to authorize certain state agencies to enter into multiyear rental agreements?,,,NO,12629,489,7327,4805,8
Bartow,ADAIRSVILLE,Constitutional Amendment #2<br>Shall the Constitution be amended so as to provide for a reduction in the state's operating costs by allowing the General Assembly to authorize certain state agencies to enter into multiyear rental agreements?,,,NO,1274,46,935,292,1
Bartow,ALLATOONA,Constitutional Amendment #2<br>Shall the Constitution be amended so as to provide for a reduction in the state's operating costs by allowing the General Assembly to authorize certain state agencies to enter into multiyear rental agreements?,,,NO,621,26,444,150,1
Bartow,CARTERSVILLE EAST,Constitutional Amendment #2<br>Shall the Constitution be amended so as to provide for a reduction in the state's operating costs by allowing the General Assembly to authorize certain state agencies to enter into multiyear rental agreements?,,,NO,1086,42,458,585,1
Bartow,CARTERSVILLE WEST,Constitutional Amendment #2<br>Shall the Constitution be amended so as to provide for a reduction in the state's operating costs by allowing the General Assembly to authorize certain state agencies to enter into multiyear rental agreements?,,,NO,1294,48,508,737,1
Bartow,BEAVERS DRIVE,Constitutional Amendment #2<br>Shall the Constitution be amended so as to provide for a reduction in the state's operating costs by allowing the General Assembly to authorize certain state agencies to enter into multiyear rental agreements?,,,NO,990,33,522,435,0
Bartow,CENTER,Constitutional Amendment #2<br>Shall the Constitution be amended so as to provide for a reduction in the state's operating costs by allowing the General Assembly to authorize certain state agencies to enter into multiyear rental agreements?,,,NO,659,33,397,228,1
Bartow,EMERSON,Constitutional Amendment #2<br>Shall the Constitution be amended so as to provide for a reduction in the state's operating costs by allowing the General Assembly to authorize certain state agencies to enter into multiyear rental agreements?,,,NO,510,19,329,162,0
Bartow,EUHARLEE,Constitutional Amendment #2<br>Shall the Constitution be amended so as to provide for a reduction in the state's operating costs by allowing the General Assembly to authorize certain state agencies to enter into multiyear rental agreements?,,,NO,678,24,408,246,0
Bartow,FOLSOM,Constitutional Amendment #2<br>Shall the Constitution be amended so as to provide for a reduction in the state's operating costs by allowing the General Assembly to authorize certain state agencies to enter into multiyear rental agreements?,,,NO,289,7,228,54,0
Bartow,KINGSTON,Constitutional Amendment #2<br>Shall the Constitution be amended so as to provide for a reduction in the state's operating costs by allowing the General Assembly to authorize certain state agencies to enter into multiyear rental agreements?,,,NO,485,17,356,112,0
Bartow,MISSION ROAD,Constitutional Amendment #2<br>Shall the Constitution be amended so as to provide for a reduction in the state's operating costs by allowing the General Assembly to authorize certain state agencies to enter into multiyear rental agreements?,,,NO,1068,30,580,457,1
Bartow,PINE LOG,Constitutional Amendment #2<br>Shall the Constitution be amended so as to provide for a reduction in the state's operating costs by allowing the General Assembly to authorize certain state agencies to enter into multiyear rental agreements?,,,NO,488,25,355,108,0
Bartow,TAYLORSVILLE,Constitutional Amendment #2<br>Shall the Constitution be amended so as to provide for a reduction in the state's operating costs by allowing the General Assembly to authorize certain state agencies to enter into multiyear rental agreements?,,,NO,557,20,405,131,1
Bartow,WHITE,Constitutional Amendment #2<br>Shall the Constitution be amended so as to provide for a reduction in the state's operating costs by allowing the General Assembly to authorize certain state agencies to enter into multiyear rental agreements?,,,NO,479,27,317,135,0
Bartow,ZENA DRIVE,Constitutional Amendment #2<br>Shall the Constitution be amended so as to provide for a reduction in the state's operating costs by allowing the General Assembly to authorize certain state agencies to enter into multiyear rental agreements?,,,NO,971,51,476,443,1
Bartow,CASSVILLE,Constitutional Amendment #2<br>Shall the Constitution be amended so as to provide for a reduction in the state's operating costs by allowing the General Assembly to authorize certain state agencies to enter into multiyear rental agreements?,,,NO,933,34,472,427,0
Bartow,WOODLAND HIGH,Constitutional Amendment #2<br>Shall the Constitution be amended so as to provide for a reduction in the state's operating costs by allowing the General Assembly to authorize certain state agencies to enter into multiyear rental agreements?,,,NO,247,7,137,103,0
Bartow,,CITY OF EMERSON FREEPORT REFERENDUM #1,,,YES,127,0,39,88,0
Bartow,EMERSON - CITY,CITY OF EMERSON FREEPORT REFERENDUM #1,,,YES,127,0,39,88,0
Bartow,,CITY OF EMERSON FREEPORT REFERENDUM #1,,,NO,67,0,25,42,0
Bartow,EMERSON - CITY,CITY OF EMERSON FREEPORT REFERENDUM #1,,,NO,67,0,25,42,0
Bartow,,CITY OF EMERSON FREEPORT REFERENDUM #2,,,YES,119,0,40,79,0
Bartow,EMERSON - CITY,CITY OF EMERSON FREEPORT REFERENDUM #2,,,YES,119,0,40,79,0
Bartow,,CITY OF EMERSON FREEPORT REFERENDUM #2,,,NO,69,0,23,46,0
Bartow,EMERSON - CITY,CITY OF EMERSON FREEPORT REFERENDUM #2,,,NO,69,0,23,46,0
Bartow,,CITY OF EMERSON FREEPORT REFERENDUM #3,,,YES,99,0,31,68,0
Bartow,EMERSON - CITY,CITY OF EMERSON FREEPORT REFERENDUM #3,,,YES,99,0,31,68,0
Bartow,,CITY OF EMERSON FREEPORT REFERENDUM #3,,,NO,89,0,32,57,0
Bartow,EMERSON - CITY,CITY OF EMERSON FREEPORT REFERENDUM #3,,,NO,89,0,32,57,0
Bartow,,CITY OF EMERSON SUNDAY SALES BY THE DRINK,,,YES,133,0,37,96,0
Bartow,EMERSON - CITY,CITY OF EMERSON SUNDAY SALES BY THE DRINK,,,YES,133,0,37,96,0
Bartow,,CITY OF EMERSON SUNDAY SALES BY THE DRINK,,,NO,63,0,26,37,0
Bartow,EMERSON - CITY,CITY OF EMERSON SUNDAY SALES BY THE DRINK,,,NO,63,0,26,37,0
Bartow,,CITY OF EMERSON SUNDAY PACKAGE SALES,,,YES,136,0,36,100,0
Bartow,EMERSON - CITY,CITY OF EMERSON SUNDAY PACKAGE SALES,,,YES,136,0,36,100,0
Bartow,,CITY OF EMERSON SUNDAY PACKAGE SALES,,,NO,61,0,27,34,0
Bartow,EMERSON - CITY,CITY OF EMERSON SUNDAY PACKAGE SALES,,,NO,61,0,27,34,0
Bartow,,CITY OF TAYLORSVILLE,,,MITCHELL BAGLEY,57,4,39,12,2
Bartow,TAYLORSVILLE,CITY OF TAYLORSVILLE,,,MITCHELL BAGLEY,57,4,39,12,2
Bartow,,CITY OF TAYLORSVILLE,,,HUBERT CANTRELL,19,1,17,1,0
Bartow,TAYLORSVILLE,CITY OF TAYLORSVILLE,,,HUBERT CANTRELL,19,1,17,1,0
Bartow,,CITY OF TAYLORSVILLE,,,EDDIE NEWMAN,22,0,18,4,0
Bartow,TAYLORSVILLE,CITY OF TAYLORSVILLE,,,EDDIE NEWMAN,22,0,18,4,0
Bartow,,CITY OF TAYLORSVILLE,,,MICHAEL OWEN,7,0,5,2,0
Bartow,TAYLORSVILLE,CITY OF TAYLORSVILLE,,,MICHAEL OWEN,7,0,5,2,0
Bartow,,CITY OF TAYLORSVILLE,,,JAMES ROSS,15,1,13,1,0
Bartow,TAYLORSVILLE,CITY OF TAYLORSVILLE,,,JAMES ROSS,15,1,13,1,0
