county,precinct,office,district,party,candidate,votes,absentee_by_mail,election_day,advance_in_person,provisional
Newton,,President of the United States,,R,MITT ROMNEY,20982,984,9701,10296,1
Newton,City Pond,President of the United States,,R,MITT ROMNEY,266,12,117,137,0
Newton,Town,President of the United States,,R,MITT ROMNEY,473,34,174,265,0
Newton,Almon,President of the United States,,R,MITT ROMNEY,723,38,289,396,0
Newton,Alcovy,President of the United States,,R,MITT ROMNEY,1436,81,466,889,0
Newton,Covington Mills,President of the United States,,R,MITT ROMNEY,779,41,319,419,0
Newton,Brewers,President of the United States,,R,MITT ROMNEY,1423,55,830,538,0
Newton,Brick Store,President of the United States,,R,MITT ROMNEY,1293,66,576,651,0
Newton,Cedar Shoals,President of the United States,,R,MITT ROMNEY,692,26,337,329,0
Newton,Livingston,President of the United States,,R,MITT ROMNEY,749,26,326,397,0
Newton,Downs,President of the United States,,R,MITT ROMNEY,1987,80,882,1025,0
Newton,Gum Creek,President of the United States,,R,MITT ROMNEY,2018,95,892,1031,0
Newton,Beaverdam,President of the United States,,R,MITT ROMNEY,643,36,258,349,0
Newton,Leguinn,President of the United States,,R,MITT ROMNEY,972,34,460,478,0
Newton,Mansfield,President of the United States,,R,MITT ROMNEY,835,36,555,244,0
Newton,Newborn,President of the United States,,R,MITT ROMNEY,417,22,302,93,0
Newton,Oxford,President of the United States,,R,MITT ROMNEY,997,40,467,490,0
Newton,Rocky Plains,President of the United States,,R,MITT ROMNEY,1055,35,606,413,1
Newton,Buck Creek,President of the United States,,R,MITT ROMNEY,1458,66,645,747,0
Newton,Stansells,President of the United States,,R,MITT ROMNEY,841,55,328,458,0
Newton,Fairview,President of the United States,,R,MITT ROMNEY,241,20,96,125,0
Newton,Crowell,President of the United States,,R,MITT ROMNEY,357,12,159,186,0
Newton,Hub,President of the United States,,R,MITT ROMNEY,1327,74,617,636,0
Newton,,President of the United States,,(D,BARACK OBAMA (I),21851,843,7893,13111,4
Newton,City Pond,President of the United States,,(D,BARACK OBAMA (I),654,32,237,385,0
Newton,Town,President of the United States,,(D,BARACK OBAMA (I),1900,157,604,1139,0
Newton,Almon,President of the United States,,(D,BARACK OBAMA (I),1685,68,526,1091,0
Newton,Alcovy,President of the United States,,(D,BARACK OBAMA (I),1004,33,328,642,1
Newton,Covington Mills,President of the United States,,(D,BARACK OBAMA (I),761,24,266,471,0
Newton,Brewers,President of the United States,,(D,BARACK OBAMA (I),534,17,271,245,1
Newton,Brick Store,President of the United States,,(D,BARACK OBAMA (I),384,29,162,193,0
Newton,Cedar Shoals,President of the United States,,(D,BARACK OBAMA (I),647,16,263,368,0
Newton,Livingston,President of the United States,,(D,BARACK OBAMA (I),1763,64,563,1135,1
Newton,Downs,President of the United States,,(D,BARACK OBAMA (I),1541,45,580,916,0
Newton,Gum Creek,President of the United States,,(D,BARACK OBAMA (I),687,18,241,428,0
Newton,Beaverdam,President of the United States,,(D,BARACK OBAMA (I),2137,66,748,1323,0
Newton,Leguinn,President of the United States,,(D,BARACK OBAMA (I),308,16,121,171,0
Newton,Mansfield,President of the United States,,(D,BARACK OBAMA (I),148,9,90,49,0
Newton,Newborn,President of the United States,,(D,BARACK OBAMA (I),98,0,71,27,0
Newton,Oxford,President of the United States,,(D,BARACK OBAMA (I),457,20,203,234,0
Newton,Rocky Plains,President of the United States,,(D,BARACK OBAMA (I),827,20,372,435,0
Newton,Buck Creek,President of the United States,,(D,BARACK OBAMA (I),1311,58,455,798,0
Newton,Stansells,President of the United States,,(D,BARACK OBAMA (I),1654,48,554,1051,1
Newton,Fairview,President of the United States,,(D,BARACK OBAMA (I),1070,40,428,602,0
Newton,Crowell,President of the United States,,(D,BARACK OBAMA (I),2048,45,701,1302,0
Newton,Hub,President of the United States,,(D,BARACK OBAMA (I),233,18,109,106,0
Newton,,President of the United States,,L,GARY JOHNSON,393,9,270,114,0
Newton,City Pond,President of the United States,,L,GARY JOHNSON,10,0,7,3,0
Newton,Town,President of the United States,,L,GARY JOHNSON,8,0,8,0,0
Newton,Almon,President of the United States,,L,GARY JOHNSON,10,0,6,4,0
Newton,Alcovy,President of the United States,,L,GARY JOHNSON,28,0,16,12,0
Newton,Covington Mills,President of the United States,,L,GARY JOHNSON,18,0,15,3,0
Newton,Brewers,President of the United States,,L,GARY JOHNSON,25,0,17,8,0
Newton,Brick Store,President of the United States,,L,GARY JOHNSON,17,0,11,6,0
Newton,Cedar Shoals,President of the United States,,L,GARY JOHNSON,23,0,19,4,0
Newton,Livingston,President of the United States,,L,GARY JOHNSON,15,1,9,5,0
Newton,Downs,President of the United States,,L,GARY JOHNSON,36,0,24,12,0
Newton,Gum Creek,President of the United States,,L,GARY JOHNSON,34,2,27,5,0
Newton,Beaverdam,President of the United States,,L,GARY JOHNSON,20,1,15,4,0
Newton,Leguinn,President of the United States,,L,GARY JOHNSON,18,0,16,2,0
Newton,Mansfield,President of the United States,,L,GARY JOHNSON,11,0,7,4,0
Newton,Newborn,President of the United States,,L,GARY JOHNSON,11,0,6,5,0
Newton,Oxford,President of the United States,,L,GARY JOHNSON,26,1,15,10,0
Newton,Rocky Plains,President of the United States,,L,GARY JOHNSON,15,0,9,6,0
Newton,Buck Creek,President of the United States,,L,GARY JOHNSON,28,3,17,8,0
Newton,Stansells,President of the United States,,L,GARY JOHNSON,10,0,4,6,0
Newton,Fairview,President of the United States,,L,GARY JOHNSON,11,0,8,3,0
Newton,Crowell,President of the United States,,L,GARY JOHNSON,8,1,4,3,0
Newton,Hub,President of the United States,,L,GARY JOHNSON,11,0,10,1,0
Newton,,"Public Service Commission, District 3",3,(R,CHUCK EATON (I),19423,925,8932,9565,1
Newton,City Pond,"Public Service Commission, District 3",3,(R,CHUCK EATON (I),259,12,110,137,0
Newton,Town,"Public Service Commission, District 3",3,(R,CHUCK EATON (I),472,33,160,279,0
Newton,Almon,"Public Service Commission, District 3",3,(R,CHUCK EATON (I),686,36,261,389,0
Newton,Alcovy,"Public Service Commission, District 3",3,(R,CHUCK EATON (I),1318,75,432,811,0
Newton,Covington Mills,"Public Service Commission, District 3",3,(R,CHUCK EATON (I),727,40,292,395,0
Newton,Brewers,"Public Service Commission, District 3",3,(R,CHUCK EATON (I),1306,54,759,493,0
Newton,Brick Store,"Public Service Commission, District 3",3,(R,CHUCK EATON (I),1198,62,540,596,0
Newton,Cedar Shoals,"Public Service Commission, District 3",3,(R,CHUCK EATON (I),627,27,301,299,0
Newton,Livingston,"Public Service Commission, District 3",3,(R,CHUCK EATON (I),731,26,322,383,0
Newton,Downs,"Public Service Commission, District 3",3,(R,CHUCK EATON (I),1795,75,783,937,0
Newton,Gum Creek,"Public Service Commission, District 3",3,(R,CHUCK EATON (I),1833,84,810,939,0
Newton,Beaverdam,"Public Service Commission, District 3",3,(R,CHUCK EATON (I),620,34,250,336,0
Newton,Leguinn,"Public Service Commission, District 3",3,(R,CHUCK EATON (I),895,33,433,429,0
Newton,Mansfield,"Public Service Commission, District 3",3,(R,CHUCK EATON (I),740,31,494,215,0
Newton,Newborn,"Public Service Commission, District 3",3,(R,CHUCK EATON (I),389,22,284,83,0
Newton,Oxford,"Public Service Commission, District 3",3,(R,CHUCK EATON (I),910,35,428,447,0
Newton,Rocky Plains,"Public Service Commission, District 3",3,(R,CHUCK EATON (I),970,33,556,380,1
Newton,Buck Creek,"Public Service Commission, District 3",3,(R,CHUCK EATON (I),1329,65,583,681,0
Newton,Stansells,"Public Service Commission, District 3",3,(R,CHUCK EATON (I),782,51,304,427,0
Newton,Fairview,"Public Service Commission, District 3",3,(R,CHUCK EATON (I),239,17,97,125,0
Newton,Crowell,"Public Service Commission, District 3",3,(R,CHUCK EATON (I),359,9,158,192,0
Newton,Hub,"Public Service Commission, District 3",3,(R,CHUCK EATON (I),1238,71,575,592,0
Newton,,"Public Service Commission, District 3",3,D,STEPHEN OPPENHEIMER,19390,781,6906,11700,3
Newton,City Pond,"Public Service Commission, District 3",3,D,STEPHEN OPPENHEIMER,560,30,204,326,0
Newton,Town,"Public Service Commission, District 3",3,D,STEPHEN OPPENHEIMER,1593,145,509,939,0
Newton,Almon,"Public Service Commission, District 3",3,D,STEPHEN OPPENHEIMER,1506,62,481,963,0
Newton,Alcovy,"Public Service Commission, District 3",3,D,STEPHEN OPPENHEIMER,892,35,279,577,1
Newton,Covington Mills,"Public Service Commission, District 3",3,D,STEPHEN OPPENHEIMER,677,23,229,425,0
Newton,Brewers,"Public Service Commission, District 3",3,D,STEPHEN OPPENHEIMER,483,15,233,235,0
Newton,Brick Store,"Public Service Commission, District 3",3,D,STEPHEN OPPENHEIMER,326,28,136,162,0
Newton,Cedar Shoals,"Public Service Commission, District 3",3,D,STEPHEN OPPENHEIMER,587,16,233,338,0
Newton,Livingston,"Public Service Commission, District 3",3,D,STEPHEN OPPENHEIMER,1549,59,473,1016,1
Newton,Downs,"Public Service Commission, District 3",3,D,STEPHEN OPPENHEIMER,1409,44,520,845,0
Newton,Gum Creek,"Public Service Commission, District 3",3,D,STEPHEN OPPENHEIMER,601,18,207,376,0
Newton,Beaverdam,"Public Service Commission, District 3",3,D,STEPHEN OPPENHEIMER,1932,62,666,1204,0
Newton,Leguinn,"Public Service Commission, District 3",3,D,STEPHEN OPPENHEIMER,259,14,93,152,0
Newton,Mansfield,"Public Service Commission, District 3",3,D,STEPHEN OPPENHEIMER,134,8,81,45,0
Newton,Newborn,"Public Service Commission, District 3",3,D,STEPHEN OPPENHEIMER,79,0,53,26,0
Newton,Oxford,"Public Service Commission, District 3",3,D,STEPHEN OPPENHEIMER,395,22,178,195,0
Newton,Rocky Plains,"Public Service Commission, District 3",3,D,STEPHEN OPPENHEIMER,721,16,312,393,0
Newton,Buck Creek,"Public Service Commission, District 3",3,D,STEPHEN OPPENHEIMER,1170,53,422,695,0
Newton,Stansells,"Public Service Commission, District 3",3,D,STEPHEN OPPENHEIMER,1490,39,495,955,1
Newton,Fairview,"Public Service Commission, District 3",3,D,STEPHEN OPPENHEIMER,964,40,384,540,0
Newton,Crowell,"Public Service Commission, District 3",3,D,STEPHEN OPPENHEIMER,1853,42,616,1195,0
Newton,Hub,"Public Service Commission, District 3",3,D,STEPHEN OPPENHEIMER,210,10,102,98,0
Newton,,"Public Service Commission, District 3",3,L,BRAD PLOEGER,1510,48,816,646,0
Newton,City Pond,"Public Service Commission, District 3",3,L,BRAD PLOEGER,21,1,12,8,0
Newton,Town,"Public Service Commission, District 3",3,L,BRAD PLOEGER,58,6,30,22,0
Newton,Almon,"Public Service Commission, District 3",3,L,BRAD PLOEGER,52,1,28,23,0
Newton,Alcovy,"Public Service Commission, District 3",3,L,BRAD PLOEGER,105,3,50,52,0
Newton,Covington Mills,"Public Service Commission, District 3",3,L,BRAD PLOEGER,58,0,32,26,0
Newton,Brewers,"Public Service Commission, District 3",3,L,BRAD PLOEGER,88,1,71,16,0
Newton,Brick Store,"Public Service Commission, District 3",3,L,BRAD PLOEGER,69,1,38,30,0
Newton,Cedar Shoals,"Public Service Commission, District 3",3,L,BRAD PLOEGER,58,0,35,23,0
Newton,Livingston,"Public Service Commission, District 3",3,L,BRAD PLOEGER,62,3,24,35,0
Newton,Downs,"Public Service Commission, District 3",3,L,BRAD PLOEGER,146,2,75,69,0
Newton,Gum Creek,"Public Service Commission, District 3",3,L,BRAD PLOEGER,139,5,79,55,0
Newton,Beaverdam,"Public Service Commission, District 3",3,L,BRAD PLOEGER,66,2,31,33,0
Newton,Leguinn,"Public Service Commission, District 3",3,L,BRAD PLOEGER,43,0,25,18,0
Newton,Mansfield,"Public Service Commission, District 3",3,L,BRAD PLOEGER,57,3,37,17,0
Newton,Newborn,"Public Service Commission, District 3",3,L,BRAD PLOEGER,27,0,18,9,0
Newton,Oxford,"Public Service Commission, District 3",3,L,BRAD PLOEGER,68,1,31,36,0
Newton,Rocky Plains,"Public Service Commission, District 3",3,L,BRAD PLOEGER,83,3,52,28,0
Newton,Buck Creek,"Public Service Commission, District 3",3,L,BRAD PLOEGER,110,4,49,57,0
Newton,Stansells,"Public Service Commission, District 3",3,L,BRAD PLOEGER,66,6,27,33,0
Newton,Fairview,"Public Service Commission, District 3",3,L,BRAD PLOEGER,28,0,17,11,0
Newton,Crowell,"Public Service Commission, District 3",3,L,BRAD PLOEGER,40,3,22,15,0
Newton,Hub,"Public Service Commission, District 3",3,L,BRAD PLOEGER,66,3,33,30,0
Newton,,"Public Service Commission, District 5",5,(R,STAN WISE (I),22400,1082,10041,11275,2
Newton,City Pond,"Public Service Commission, District 5",5,(R,STAN WISE (I),352,18,146,188,0
Newton,Town,"Public Service Commission, District 5",5,(R,STAN WISE (I),687,49,234,404,0
Newton,Almon,"Public Service Commission, District 5",5,(R,STAN WISE (I),908,48,337,523,0
Newton,Alcovy,"Public Service Commission, District 5",5,(R,STAN WISE (I),1451,83,472,895,1
Newton,Covington Mills,"Public Service Commission, District 5",5,(R,STAN WISE (I),847,44,332,471,0
Newton,Brewers,"Public Service Commission, District 5",5,(R,STAN WISE (I),1408,56,815,537,0
Newton,Brick Store,"Public Service Commission, District 5",5,(R,STAN WISE (I),1240,66,540,634,0
Newton,Cedar Shoals,"Public Service Commission, District 5",5,(R,STAN WISE (I),731,28,355,348,0
Newton,Livingston,"Public Service Commission, District 5",5,(R,STAN WISE (I),949,34,394,521,0
Newton,Downs,"Public Service Commission, District 5",5,(R,STAN WISE (I),2032,89,878,1065,0
Newton,Gum Creek,"Public Service Commission, District 5",5,(R,STAN WISE (I),1950,88,856,1006,0
Newton,Beaverdam,"Public Service Commission, District 5",5,(R,STAN WISE (I),948,55,372,521,0
Newton,Leguinn,"Public Service Commission, District 5",5,(R,STAN WISE (I),921,37,435,449,0
Newton,Mansfield,"Public Service Commission, District 5",5,(R,STAN WISE (I),778,34,516,228,0
Newton,Newborn,"Public Service Commission, District 5",5,(R,STAN WISE (I),394,21,281,92,0
Newton,Oxford,"Public Service Commission, District 5",5,(R,STAN WISE (I),985,43,466,476,0
Newton,Rocky Plains,"Public Service Commission, District 5",5,(R,STAN WISE (I),1081,37,607,436,1
Newton,Buck Creek,"Public Service Commission, District 5",5,(R,STAN WISE (I),1500,80,645,775,0
Newton,Stansells,"Public Service Commission, District 5",5,(R,STAN WISE (I),999,64,371,564,0
Newton,Fairview,"Public Service Commission, District 5",5,(R,STAN WISE (I),374,26,154,194,0
Newton,Crowell,"Public Service Commission, District 5",5,(R,STAN WISE (I),619,15,253,351,0
Newton,Hub,"Public Service Commission, District 5",5,(R,STAN WISE (I),1246,67,582,597,0
Newton,,"Public Service Commission, District 5",5,L,DAVID STAPLES,12720,416,5023,7279,2
Newton,City Pond,"Public Service Commission, District 5",5,L,DAVID STAPLES,330,16,135,179,0
Newton,Town,"Public Service Commission, District 5",5,L,DAVID STAPLES,918,67,313,538,0
Newton,Almon,"Public Service Commission, District 5",5,L,DAVID STAPLES,915,34,306,575,0
Newton,Alcovy,"Public Service Commission, District 5",5,L,DAVID STAPLES,637,20,239,378,0
Newton,Covington Mills,"Public Service Commission, District 5",5,L,DAVID STAPLES,452,13,176,263,0
Newton,Brewers,"Public Service Commission, District 5",5,L,DAVID STAPLES,364,12,207,145,0
Newton,Brick Store,"Public Service Commission, District 5",5,L,DAVID STAPLES,282,18,139,125,0
Newton,Cedar Shoals,"Public Service Commission, District 5",5,L,DAVID STAPLES,376,7,169,200,0
Newton,Livingston,"Public Service Commission, District 5",5,L,DAVID STAPLES,951,30,309,611,1
Newton,Downs,"Public Service Commission, District 5",5,L,DAVID STAPLES,960,21,402,537,0
Newton,Gum Creek,"Public Service Commission, District 5",5,L,DAVID STAPLES,496,17,207,272,0
Newton,Beaverdam,"Public Service Commission, District 5",5,L,DAVID STAPLES,1168,25,403,740,0
Newton,Leguinn,"Public Service Commission, District 5",5,L,DAVID STAPLES,219,6,110,103,0
Newton,Mansfield,"Public Service Commission, District 5",5,L,DAVID STAPLES,137,5,94,38,0
Newton,Newborn,"Public Service Commission, District 5",5,L,DAVID STAPLES,72,1,53,18,0
Newton,Oxford,"Public Service Commission, District 5",5,L,DAVID STAPLES,309,11,147,151,0
Newton,Rocky Plains,"Public Service Commission, District 5",5,L,DAVID STAPLES,527,13,257,257,0
Newton,Buck Creek,"Public Service Commission, District 5",5,L,DAVID STAPLES,830,26,306,498,0
Newton,Stansells,"Public Service Commission, District 5",5,L,DAVID STAPLES,902,23,318,560,1
Newton,Fairview,"Public Service Commission, District 5",5,L,DAVID STAPLES,580,19,244,317,0
Newton,Crowell,"Public Service Commission, District 5",5,L,DAVID STAPLES,1066,18,376,672,0
Newton,Hub,"Public Service Commission, District 5",5,L,DAVID STAPLES,229,14,113,102,0
Newton,,U.S. Representative,4,R,J. CHRIS VAUGHN,12966,642,5483,6841,0
Newton,City Pond,U.S. Representative,4,R,J. CHRIS VAUGHN,251,10,113,128,0
Newton,Town,U.S. Representative,4,R,J. CHRIS VAUGHN,476,34,177,265,0
Newton,Almon,U.S. Representative,4,R,J. CHRIS VAUGHN,688,35,272,381,0
Newton,Alcovy,U.S. Representative,4,R,J. CHRIS VAUGHN,1158,70,366,722,0
Newton,Covington Mills,U.S. Representative,4,R,J. CHRIS VAUGHN,742,40,305,397,0
Newton,Cedar Shoals,U.S. Representative,4,R,J. CHRIS VAUGHN,642,26,312,304,0
Newton,Livingston,U.S. Representative,4,R,J. CHRIS VAUGHN,705,27,306,372,0
Newton,Downs,U.S. Representative,4,R,J. CHRIS VAUGHN,1904,78,847,979,0
Newton,Gum Creek,U.S. Representative,4,R,J. CHRIS VAUGHN,1950,92,871,987,0
Newton,Beaverdam,U.S. Representative,4,R,J. CHRIS VAUGHN,614,35,241,338,0
Newton,Oxford,U.S. Representative,4,R,J. CHRIS VAUGHN,920,36,428,456,0
Newton,Rocky Plains,U.S. Representative,4,R,J. CHRIS VAUGHN,111,8,52,51,0
Newton,Buck Creek,U.S. Representative,4,R,J. CHRIS VAUGHN,1406,64,616,726,0
Newton,Stansells,U.S. Representative,4,R,J. CHRIS VAUGHN,802,54,318,430,0
Newton,Fairview,U.S. Representative,4,R,J. CHRIS VAUGHN,239,18,102,119,0
Newton,Crowell,U.S. Representative,4,R,J. CHRIS VAUGHN,358,15,157,186,0
Newton,Hub,U.S. Representative,4,R,J. CHRIS VAUGHN,0,0,0,0,0
Newton,,U.S. Representative,4,(D,H. JOHNSON JR. (I),18761,737,6561,11460,3
Newton,City Pond,U.S. Representative,4,(D,H. JOHNSON JR. (I),627,32,235,360,0
Newton,Town,U.S. Representative,4,(D,H. JOHNSON JR. (I),1740,156,542,1042,0
Newton,Almon,U.S. Representative,4,(D,H. JOHNSON JR. (I),1611,69,502,1040,0
Newton,Alcovy,U.S. Representative,4,(D,H. JOHNSON JR. (I),938,34,303,600,1
Newton,Covington Mills,U.S. Representative,4,(D,H. JOHNSON JR. (I),743,24,261,458,0
Newton,Cedar Shoals,U.S. Representative,4,(D,H. JOHNSON JR. (I),653,18,271,364,0
Newton,Livingston,U.S. Representative,4,(D,H. JOHNSON JR. (I),1698,63,535,1099,1
Newton,Downs,U.S. Representative,4,(D,H. JOHNSON JR. (I),1531,45,584,902,0
Newton,Gum Creek,U.S. Representative,4,(D,H. JOHNSON JR. (I),686,16,250,420,0
Newton,Beaverdam,U.S. Representative,4,(D,H. JOHNSON JR. (I),2066,66,736,1264,0
Newton,Oxford,U.S. Representative,4,(D,H. JOHNSON JR. (I),493,25,227,241,0
Newton,Rocky Plains,U.S. Representative,4,(D,H. JOHNSON JR. (I),137,5,62,70,0
Newton,Buck Creek,U.S. Representative,4,(D,H. JOHNSON JR. (I),1271,59,457,755,0
Newton,Stansells,U.S. Representative,4,(D,H. JOHNSON JR. (I),1600,45,525,1029,1
Newton,Fairview,U.S. Representative,4,(D,H. JOHNSON JR. (I),1023,40,411,572,0
Newton,Crowell,U.S. Representative,4,(D,H. JOHNSON JR. (I),1944,40,660,1244,0
Newton,Hub,U.S. Representative,4,(D,H. JOHNSON JR. (I),0,0,0,0,0
Newton,,U.S. Representative,10,(R,PAUL BROUN (I),8200,347,4400,3453,0
Newton,Alcovy,U.S. Representative,10,(R,PAUL BROUN (I),222,7,86,129,0
Newton,Brewers,U.S. Representative,10,(R,PAUL BROUN (I),1615,62,941,612,0
Newton,Brick Store,U.S. Representative,10,(R,PAUL BROUN (I),1386,73,614,699,0
Newton,Leguinn,U.S. Representative,10,(R,PAUL BROUN (I),1063,38,509,516,0
Newton,Mansfield,U.S. Representative,10,(R,PAUL BROUN (I),852,37,574,241,0
Newton,Newborn,U.S. Representative,10,(R,PAUL BROUN (I),451,22,328,101,0
Newton,Rocky Plains,U.S. Representative,10,(R,PAUL BROUN (I),1210,31,687,492,0
Newton,Hub,U.S. Representative,10,(R,PAUL BROUN (I),1401,77,661,663,0
Newton,,State Senator,17,(R,RICK JEFFARES (I),11445,508,5594,5343,0
Newton,Alcovy,State Senator,17,(R,RICK JEFFARES (I),1437,76,477,884,0
Newton,Covington Mills,State Senator,17,(R,RICK JEFFARES (I),789,41,326,422,0
Newton,Brewers,State Senator,17,(R,RICK JEFFARES (I),1408,56,819,533,0
Newton,Brick Store,State Senator,17,(R,RICK JEFFARES (I),1295,65,582,648,0
Newton,Downs,State Senator,17,(R,RICK JEFFARES (I),1972,77,882,1013,0
Newton,Leguinn,State Senator,17,(R,RICK JEFFARES (I),964,30,464,470,0
Newton,Mansfield,State Senator,17,(R,RICK JEFFARES (I),802,34,533,235,0
Newton,Newborn,State Senator,17,(R,RICK JEFFARES (I),421,22,302,97,0
Newton,Rocky Plains,State Senator,17,(R,RICK JEFFARES (I),1047,35,603,409,0
Newton,Hub,State Senator,17,(R,RICK JEFFARES (I),1310,72,606,632,0
Newton,,State Senator,17,D,NELVA LEE,5313,187,2133,2992,1
Newton,Alcovy,State Senator,17,D,NELVA LEE,895,32,290,572,1
Newton,Covington Mills,State Senator,17,D,NELVA LEE,689,22,238,429,0
Newton,Brewers,State Senator,17,D,NELVA LEE,476,14,233,229,0
Newton,Brick Store,State Senator,17,D,NELVA LEE,321,26,135,160,0
Newton,Downs,State Senator,17,D,NELVA LEE,1458,45,538,875,0
Newton,Leguinn,State Senator,17,D,NELVA LEE,267,14,105,148,0
Newton,Mansfield,State Senator,17,D,NELVA LEE,140,8,83,49,0
Newton,Newborn,State Senator,17,D,NELVA LEE,81,0,59,22,0
Newton,Rocky Plains,State Senator,17,D,NELVA LEE,770,16,344,410,0
Newton,Hub,State Senator,17,D,NELVA LEE,216,10,108,98,0
Newton,,State Senator,43,(D,R. RAMSEY SR. (I),20096,832,7525,11738,1
Newton,City Pond,State Senator,43,(D,R. RAMSEY SR. (I),750,38,280,432,0
Newton,Town,State Senator,43,(D,R. RAMSEY SR. (I),1936,165,636,1135,0
Newton,Almon,State Senator,43,(D,R. RAMSEY SR. (I),1981,79,662,1240,0
Newton,Cedar Shoals,State Senator,43,(D,R. RAMSEY SR. (I),1009,30,447,532,0
Newton,Livingston,State Senator,43,(D,R. RAMSEY SR. (I),2036,71,704,1261,0
Newton,Gum Creek,State Senator,43,(D,R. RAMSEY SR. (I),1692,64,733,895,0
Newton,Beaverdam,State Senator,43,(D,R. RAMSEY SR. (I),2378,84,848,1446,0
Newton,Oxford,State Senator,43,(D,R. RAMSEY SR. (I),1011,40,489,482,0
Newton,Buck Creek,State Senator,43,(D,R. RAMSEY SR. (I),2024,96,805,1123,0
Newton,Stansells,State Senator,43,(D,R. RAMSEY SR. (I),1997,73,705,1218,1
Newton,Fairview,State Senator,43,(D,R. RAMSEY SR. (I),1149,46,463,640,0
Newton,Crowell,State Senator,43,(D,R. RAMSEY SR. (I),2133,46,753,1334,0
Newton,,State Representative,109,R,DALE RUTLEDGE,3299,126,1440,1733,0
Newton,Livingston,State Representative,109,R,DALE RUTLEDGE,695,30,286,379,0
Newton,Downs,State Representative,109,R,DALE RUTLEDGE,2604,96,1154,1354,0
Newton,,State Representative,110,(R,ANDY WELCH (I),1707,64,942,701,0
Newton,Brewers,State Representative,110,(R,ANDY WELCH (I),340,23,182,135,0
Newton,Rocky Plains,State Representative,110,(R,ANDY WELCH (I),1367,41,760,566,0
Newton,,State Representative,112,(R,DOUG HOLT (I),13046,578,6214,6253,1
Newton,City Pond,State Representative,112,(R,DOUG HOLT (I),520,26,228,266,0
Newton,Alcovy,State Representative,112,(R,DOUG HOLT (I),1806,92,624,1089,1
Newton,Covington Mills,State Representative,112,(R,DOUG HOLT (I),904,39,364,501,0
Newton,Brewers,State Representative,112,(R,DOUG HOLT (I),1282,40,762,480,0
Newton,Brick Store,State Representative,112,(R,DOUG HOLT (I),1392,72,624,696,0
Newton,Gum Creek,State Representative,112,(R,DOUG HOLT (I),2207,93,979,1135,0
Newton,Leguinn,State Representative,112,(R,DOUG HOLT (I),1062,36,509,517,0
Newton,Mansfield,State Representative,112,(R,DOUG HOLT (I),865,38,585,242,0
Newton,Newborn,State Representative,112,(R,DOUG HOLT (I),456,22,330,104,0
Newton,Oxford,State Representative,112,(R,DOUG HOLT (I),1156,47,550,559,0
Newton,Hub,State Representative,112,(R,DOUG HOLT (I),1396,73,659,664,0
Newton,,State Representative,113,(D,PAM DICKERSON (I),16129,674,5813,9641,1
Newton,Town,State Representative,113,(D,PAM DICKERSON (I),1999,164,661,1174,0
Newton,Almon,State Representative,113,(D,PAM DICKERSON (I),1994,81,660,1253,0
Newton,Covington Mills,State Representative,113,(D,PAM DICKERSON (I),287,10,108,169,0
Newton,Cedar Shoals,State Representative,113,(D,PAM DICKERSON (I),1010,31,444,535,0
Newton,Livingston,State Representative,113,(D,PAM DICKERSON (I),1140,44,366,730,0
Newton,Beaverdam,State Representative,113,(D,PAM DICKERSON (I),2376,84,846,1446,0
Newton,Buck Creek,State Representative,113,(D,PAM DICKERSON (I),2031,94,805,1132,0
Newton,Stansells,State Representative,113,(D,PAM DICKERSON (I),1994,74,699,1220,1
Newton,Fairview,State Representative,113,(D,PAM DICKERSON (I),1150,46,470,634,0
Newton,Crowell,State Representative,113,(D,PAM DICKERSON (I),2148,46,754,1348,0
Newton,,District Attorney, Alcovy Circuit,(R,LAYLA H. ZON (I),29462,1257,13059,15142,4
Newton,City Pond,District Attorney, Alcovy Circuit,(R,LAYLA H. ZON (I),526,24,233,269,0
Newton,Town,District Attorney, Alcovy Circuit,(R,LAYLA H. ZON (I),1206,74,428,704,0
Newton,Almon,District Attorney, Alcovy Circuit,(R,LAYLA H. ZON (I),1420,62,520,838,0
Newton,Alcovy,District Attorney, Alcovy Circuit,(R,LAYLA H. ZON (I),1835,95,627,1112,1
Newton,Covington Mills,District Attorney, Alcovy Circuit,(R,LAYLA H. ZON (I),1120,43,450,627,0
Newton,Brewers,District Attorney, Alcovy Circuit,(R,LAYLA H. ZON (I),1610,62,931,617,0
Newton,Brick Store,District Attorney, Alcovy Circuit,(R,LAYLA H. ZON (I),1404,77,624,703,0
Newton,Cedar Shoals,District Attorney, Alcovy Circuit,(R,LAYLA H. ZON (I),962,31,471,460,0
Newton,Livingston,District Attorney, Alcovy Circuit,(R,LAYLA H. ZON (I),1478,50,594,833,1
Newton,Downs,District Attorney, Alcovy Circuit,(R,LAYLA H. ZON (I),2553,98,1114,1341,0
Newton,Gum Creek,District Attorney, Alcovy Circuit,(R,LAYLA H. ZON (I),2222,91,981,1150,0
Newton,Beaverdam,District Attorney, Alcovy Circuit,(R,LAYLA H. ZON (I),1553,72,592,889,0
Newton,Leguinn,District Attorney, Alcovy Circuit,(R,LAYLA H. ZON (I),1051,39,502,510,0
Newton,Mansfield,District Attorney, Alcovy Circuit,(R,LAYLA H. ZON (I),851,37,575,239,0
Newton,Newborn,District Attorney, Alcovy Circuit,(R,LAYLA H. ZON (I),449,21,325,103,0
Newton,Oxford,District Attorney, Alcovy Circuit,(R,LAYLA H. ZON (I),1152,44,549,559,0
Newton,Rocky Plains,District Attorney, Alcovy Circuit,(R,LAYLA H. ZON (I),1377,43,760,573,1
Newton,Buck Creek,District Attorney, Alcovy Circuit,(R,LAYLA H. ZON (I),1956,84,824,1048,0
Newton,Stansells,District Attorney, Alcovy Circuit,(R,LAYLA H. ZON (I),1456,73,537,845,1
Newton,Fairview,District Attorney, Alcovy Circuit,(R,LAYLA H. ZON (I),691,37,290,364,0
Newton,Crowell,District Attorney, Alcovy Circuit,(R,LAYLA H. ZON (I),1198,24,478,696,0
Newton,Hub,District Attorney, Alcovy Circuit,(R,LAYLA H. ZON (I),1392,76,654,662,0
Newton,,Probate Judge,,(D,HENRY A. BAKER (I),35051,1428,14313,19307,3
Newton,City Pond,Probate Judge,,(D,HENRY A. BAKER (I),798,39,312,447,0
Newton,Town,Probate Judge,,(D,HENRY A. BAKER (I),2083,174,679,1230,0
Newton,Almon,Probate Judge,,(D,HENRY A. BAKER (I),2080,81,694,1305,0
Newton,Alcovy,Probate Judge,,(D,HENRY A. BAKER (I),2036,92,670,1273,1
Newton,Covington Mills,Probate Judge,,(D,HENRY A. BAKER (I),1315,49,504,762,0
Newton,Brewers,Probate Judge,,(D,HENRY A. BAKER (I),1561,51,890,620,0
Newton,Brick Store,Probate Judge,,(D,HENRY A. BAKER (I),1325,68,583,674,0
Newton,Cedar Shoals,Probate Judge,,(D,HENRY A. BAKER (I),1109,36,496,577,0
Newton,Livingston,Probate Judge,,(D,HENRY A. BAKER (I),2135,78,744,1312,1
Newton,Downs,Probate Judge,,(D,HENRY A. BAKER (I),2768,101,1145,1522,0
Newton,Gum Creek,Probate Judge,,(D,HENRY A. BAKER (I),1879,73,821,985,0
Newton,Beaverdam,Probate Judge,,(D,HENRY A. BAKER (I),2461,84,882,1495,0
Newton,Leguinn,Probate Judge,,(D,HENRY A. BAKER (I),1017,35,466,516,0
Newton,Mansfield,Probate Judge,,(D,HENRY A. BAKER (I),742,37,487,218,0
Newton,Newborn,Probate Judge,,(D,HENRY A. BAKER (I),393,19,283,91,0
Newton,Oxford,Probate Judge,,(D,HENRY A. BAKER (I),1165,42,547,576,0
Newton,Rocky Plains,Probate Judge,,(D,HENRY A. BAKER (I),1485,38,760,687,0
Newton,Buck Creek,Probate Judge,,(D,HENRY A. BAKER (I),2137,99,847,1191,0
Newton,Stansells,Probate Judge,,(D,HENRY A. BAKER (I),2076,78,719,1278,1
Newton,Fairview,Probate Judge,,(D,HENRY A. BAKER (I),1156,47,469,640,0
Newton,Crowell,Probate Judge,,(D,HENRY A. BAKER (I),2175,47,765,1363,0
Newton,Hub,Probate Judge,,(D,HENRY A. BAKER (I),1155,60,550,545,0
Newton,,Superior Court Clerk,,(R,LINDA D. HAYS (I),30351,1321,13385,15642,3
Newton,City Pond,Superior Court Clerk,,(R,LINDA D. HAYS (I),593,35,244,314,0
Newton,Town,Superior Court Clerk,,(R,LINDA D. HAYS (I),1330,98,453,779,0
Newton,Almon,Superior Court Clerk,,(R,LINDA D. HAYS (I),1474,68,530,876,0
Newton,Alcovy,Superior Court Clerk,,(R,LINDA D. HAYS (I),1903,97,644,1161,1
Newton,Covington Mills,Superior Court Clerk,,(R,LINDA D. HAYS (I),1123,49,459,615,0
Newton,Brewers,Superior Court Clerk,,(R,LINDA D. HAYS (I),1649,64,954,631,0
Newton,Brick Store,Superior Court Clerk,,(R,LINDA D. HAYS (I),1441,81,636,724,0
Newton,Cedar Shoals,Superior Court Clerk,,(R,LINDA D. HAYS (I),987,33,484,470,0
Newton,Livingston,Superior Court Clerk,,(R,LINDA D. HAYS (I),1534,51,594,889,0
Newton,Downs,Superior Court Clerk,,(R,LINDA D. HAYS (I),2611,97,1134,1380,0
Newton,Gum Creek,Superior Court Clerk,,(R,LINDA D. HAYS (I),2259,93,998,1168,0
Newton,Beaverdam,Superior Court Clerk,,(R,LINDA D. HAYS (I),1571,74,600,897,0
Newton,Leguinn,Superior Court Clerk,,(R,LINDA D. HAYS (I),1097,36,531,530,0
Newton,Mansfield,Superior Court Clerk,,(R,LINDA D. HAYS (I),889,38,594,257,0
Newton,Newborn,Superior Court Clerk,,(R,LINDA D. HAYS (I),454,21,326,107,0
Newton,Oxford,Superior Court Clerk,,(R,LINDA D. HAYS (I),1213,49,574,590,0
Newton,Rocky Plains,Superior Court Clerk,,(R,LINDA D. HAYS (I),1383,39,769,574,1
Newton,Buck Creek,Superior Court Clerk,,(R,LINDA D. HAYS (I),2017,85,851,1081,0
Newton,Stansells,Superior Court Clerk,,(R,LINDA D. HAYS (I),1511,75,556,879,1
Newton,Fairview,Superior Court Clerk,,(R,LINDA D. HAYS (I),693,37,295,361,0
Newton,Crowell,Superior Court Clerk,,(R,LINDA D. HAYS (I),1208,24,486,698,0
Newton,Hub,Superior Court Clerk,,(R,LINDA D. HAYS (I),1411,77,673,661,0
Newton,,Sheriff,,R,PHILIP BRADFORD,18513,886,8596,9030,1
Newton,City Pond,Sheriff,,R,PHILIP BRADFORD,223,13,98,112,0
Newton,Town,Sheriff,,R,PHILIP BRADFORD,415,29,152,234,0
Newton,Almon,Sheriff,,R,PHILIP BRADFORD,637,29,262,346,0
Newton,Alcovy,Sheriff,,R,PHILIP BRADFORD,1267,73,414,780,0
Newton,Covington Mills,Sheriff,,R,PHILIP BRADFORD,671,30,278,363,0
Newton,Brewers,Sheriff,,R,PHILIP BRADFORD,1233,55,721,457,0
Newton,Brick Store,Sheriff,,R,PHILIP BRADFORD,1128,61,496,571,0
Newton,Cedar Shoals,Sheriff,,R,PHILIP BRADFORD,577,20,284,273,0
Newton,Livingston,Sheriff,,R,PHILIP BRADFORD,697,26,292,379,0
Newton,Downs,Sheriff,,R,PHILIP BRADFORD,1758,73,790,895,0
Newton,Gum Creek,Sheriff,,R,PHILIP BRADFORD,1813,85,829,899,0
Newton,Beaverdam,Sheriff,,R,PHILIP BRADFORD,597,39,245,313,0
Newton,Leguinn,Sheriff,,R,PHILIP BRADFORD,844,31,413,400,0
Newton,Mansfield,Sheriff,,R,PHILIP BRADFORD,690,31,443,216,0
Newton,Newborn,Sheriff,,R,PHILIP BRADFORD,358,19,256,83,0
Newton,Oxford,Sheriff,,R,PHILIP BRADFORD,861,41,391,429,0
Newton,Rocky Plains,Sheriff,,R,PHILIP BRADFORD,959,30,563,365,1
Newton,Buck Creek,Sheriff,,R,PHILIP BRADFORD,1332,66,585,681,0
Newton,Stansells,Sheriff,,R,PHILIP BRADFORD,760,45,313,402,0
Newton,Fairview,Sheriff,,R,PHILIP BRADFORD,201,16,86,99,0
Newton,Crowell,Sheriff,,R,PHILIP BRADFORD,333,9,148,176,0
Newton,Hub,Sheriff,,R,PHILIP BRADFORD,1159,65,537,557,0
Newton,,Sheriff,,(D,EZELL BROWN (I),23769,885,8875,14005,4
Newton,City Pond,Sheriff,,(D,EZELL BROWN (I),701,30,260,411,0
Newton,Town,Sheriff,,(D,EZELL BROWN (I),1932,157,624,1151,0
Newton,Almon,Sheriff,,(D,EZELL BROWN (I),1718,70,534,1114,0
Newton,Alcovy,Sheriff,,(D,EZELL BROWN (I),1152,39,381,731,1
Newton,Covington Mills,Sheriff,,(D,EZELL BROWN (I),860,34,311,515,0
Newton,Brewers,Sheriff,,(D,EZELL BROWN (I),717,17,380,319,1
Newton,Brick Store,Sheriff,,(D,EZELL BROWN (I),541,32,243,266,0
Newton,Cedar Shoals,Sheriff,,(D,EZELL BROWN (I),760,23,319,418,0
Newton,Livingston,Sheriff,,(D,EZELL BROWN (I),1781,64,578,1138,1
Newton,Downs,Sheriff,,(D,EZELL BROWN (I),1710,49,654,1007,0
Newton,Gum Creek,Sheriff,,(D,EZELL BROWN (I),857,24,306,527,0
Newton,Beaverdam,Sheriff,,(D,EZELL BROWN (I),2134,59,748,1327,0
Newton,Leguinn,Sheriff,,(D,EZELL BROWN (I),431,15,180,236,0
Newton,Mansfield,Sheriff,,(D,EZELL BROWN (I),283,10,195,78,0
Newton,Newborn,Sheriff,,(D,EZELL BROWN (I),161,3,120,38,0
Newton,Oxford,Sheriff,,(D,EZELL BROWN (I),594,20,286,288,0
Newton,Rocky Plains,Sheriff,,(D,EZELL BROWN (I),893,20,398,475,0
Newton,Buck Creek,Sheriff,,(D,EZELL BROWN (I),1395,57,505,833,0
Newton,Stansells,Sheriff,,(D,EZELL BROWN (I),1680,56,548,1075,1
Newton,Fairview,Sheriff,,(D,EZELL BROWN (I),1066,40,427,599,0
Newton,Crowell,Sheriff,,(D,EZELL BROWN (I),2016,45,688,1283,0
Newton,Hub,Sheriff,,(D,EZELL BROWN (I),387,21,190,176,0
Newton,,Tax Commissioner,,R,BARBARA DINGLER (I),30962,1359,13591,16008,4
Newton,City Pond,Tax Commissioner,,R,BARBARA DINGLER (I),586,36,243,307,0
Newton,Town,Tax Commissioner,,R,BARBARA DINGLER (I),1337,100,454,783,0
Newton,Almon,Tax Commissioner,,R,BARBARA DINGLER (I),1501,69,534,898,0
Newton,Alcovy,Tax Commissioner,,R,BARBARA DINGLER (I),1931,97,653,1180,1
Newton,Covington Mills,Tax Commissioner,,R,BARBARA DINGLER (I),1184,48,471,665,0
Newton,Brewers,Tax Commissioner,,R,BARBARA DINGLER (I),1681,65,967,649,0
Newton,Brick Store,Tax Commissioner,,R,BARBARA DINGLER (I),1467,82,647,738,0
Newton,Cedar Shoals,Tax Commissioner,,R,BARBARA DINGLER (I),1008,35,496,477,0
Newton,Livingston,Tax Commissioner,,R,BARBARA DINGLER (I),1571,53,610,907,1
Newton,Downs,Tax Commissioner,,R,BARBARA DINGLER (I),2661,98,1154,1409,0
Newton,Gum Creek,Tax Commissioner,,R,BARBARA DINGLER (I),2299,94,1007,1198,0
Newton,Beaverdam,Tax Commissioner,,R,BARBARA DINGLER (I),1641,73,617,951,0
Newton,Leguinn,Tax Commissioner,,R,BARBARA DINGLER (I),1096,39,532,525,0
Newton,Mansfield,Tax Commissioner,,R,BARBARA DINGLER (I),895,38,599,258,0
Newton,Newborn,Tax Commissioner,,R,BARBARA DINGLER (I),469,22,338,109,0
Newton,Oxford,Tax Commissioner,,R,BARBARA DINGLER (I),1216,49,578,589,0
Newton,Rocky Plains,Tax Commissioner,,R,BARBARA DINGLER (I),1414,41,788,584,1
Newton,Buck Creek,Tax Commissioner,,R,BARBARA DINGLER (I),2064,92,860,1112,0
Newton,Stansells,Tax Commissioner,,R,BARBARA DINGLER (I),1554,79,573,901,1
Newton,Fairview,Tax Commissioner,,R,BARBARA DINGLER (I),698,40,295,363,0
Newton,Crowell,Tax Commissioner,,R,BARBARA DINGLER (I),1259,27,497,735,0
Newton,Hub,Tax Commissioner,,R,BARBARA DINGLER (I),1430,82,678,670,0
Newton,,Coroner,,(R,TOMMY DAVIS (I),21678,1005,10061,10611,1
Newton,City Pond,Coroner,,(R,TOMMY DAVIS (I),304,13,136,155,0
Newton,Town,Coroner,,(R,TOMMY DAVIS (I),585,41,212,332,0
Newton,Almon,Coroner,,(R,TOMMY DAVIS (I),768,39,304,425,0
Newton,Alcovy,Coroner,,(R,TOMMY DAVIS (I),1542,80,521,941,0
Newton,Covington Mills,Coroner,,(R,TOMMY DAVIS (I),837,42,346,449,0
Newton,Brewers,Coroner,,(R,TOMMY DAVIS (I),1442,58,845,539,0
Newton,Brick Store,Coroner,,(R,TOMMY DAVIS (I),1321,68,596,657,0
Newton,Cedar Shoals,Coroner,,(R,TOMMY DAVIS (I),713,27,360,326,0
Newton,Livingston,Coroner,,(R,TOMMY DAVIS (I),788,34,336,418,0
Newton,Downs,Coroner,,(R,TOMMY DAVIS (I),1991,80,877,1034,0
Newton,Gum Creek,Coroner,,(R,TOMMY DAVIS (I),2022,93,901,1028,0
Newton,Beaverdam,Coroner,,(R,TOMMY DAVIS (I),716,41,290,385,0
Newton,Leguinn,Coroner,,(R,TOMMY DAVIS (I),975,33,482,460,0
Newton,Mansfield,Coroner,,(R,TOMMY DAVIS (I),817,34,544,239,0
Newton,Newborn,Coroner,,(R,TOMMY DAVIS (I),429,22,306,101,0
Newton,Oxford,Coroner,,(R,TOMMY DAVIS (I),1027,38,488,501,0
Newton,Rocky Plains,Coroner,,(R,TOMMY DAVIS (I),1036,32,600,403,1
Newton,Buck Creek,Coroner,,(R,TOMMY DAVIS (I),1467,66,645,756,0
Newton,Stansells,Coroner,,(R,TOMMY DAVIS (I),862,60,336,466,0
Newton,Fairview,Coroner,,(R,TOMMY DAVIS (I),274,18,118,138,0
Newton,Crowell,Coroner,,(R,TOMMY DAVIS (I),428,13,192,223,0
Newton,Hub,Coroner,,(R,TOMMY DAVIS (I),1334,73,626,635,0
Newton,,Coroner,,D,ROBERT BRADLEY SR,19594,748,6929,11914,3
Newton,City Pond,Coroner,,D,ROBERT BRADLEY SR,563,31,201,331,0
Newton,Town,Coroner,,D,ROBERT BRADLEY SR,1638,146,515,977,0
Newton,Almon,Coroner,,D,ROBERT BRADLEY SR,1542,57,469,1016,0
Newton,Alcovy,Coroner,,D,ROBERT BRADLEY SR,831,29,262,539,1
Newton,Covington Mills,Coroner,,D,ROBERT BRADLEY SR,661,22,219,420,0
Newton,Brewers,Coroner,,D,ROBERT BRADLEY SR,461,12,225,224,0
Newton,Brick Store,Coroner,,D,ROBERT BRADLEY SR,308,24,128,156,0
Newton,Cedar Shoals,Coroner,,D,ROBERT BRADLEY SR,593,17,231,345,0
Newton,Livingston,Coroner,,D,ROBERT BRADLEY SR,1609,56,500,1052,1
Newton,Downs,Coroner,,D,ROBERT BRADLEY SR,1435,42,540,853,0
Newton,Gum Creek,Coroner,,D,ROBERT BRADLEY SR,604,17,215,372,0
Newton,Beaverdam,Coroner,,D,ROBERT BRADLEY SR,1949,57,677,1215,0
Newton,Leguinn,Coroner,,D,ROBERT BRADLEY SR,258,14,94,150,0
Newton,Mansfield,Coroner,,D,ROBERT BRADLEY SR,139,7,81,51,0
Newton,Newborn,Coroner,,D,ROBERT BRADLEY SR,73,0,52,21,0
Newton,Oxford,Coroner,,D,ROBERT BRADLEY SR,386,17,164,205,0
Newton,Rocky Plains,Coroner,,D,ROBERT BRADLEY SR,784,17,344,423,0
Newton,Buck Creek,Coroner,,D,ROBERT BRADLEY SR,1192,53,415,724,0
Newton,Stansells,Coroner,,D,ROBERT BRADLEY SR,1522,39,494,988,1
Newton,Fairview,Coroner,,D,ROBERT BRADLEY SR,974,39,379,556,0
Newton,Crowell,Coroner,,D,ROBERT BRADLEY SR,1880,42,631,1207,0
Newton,Hub,Coroner,,D,ROBERT BRADLEY SR,192,10,93,89,0
Newton,,County Comm Chair,,R,KEITH ELLIS,21146,986,9852,10307,1
Newton,City Pond,County Comm Chair,,R,KEITH ELLIS,291,13,134,144,0
Newton,Town,County Comm Chair,,R,KEITH ELLIS,527,37,197,293,0
Newton,Almon,County Comm Chair,,R,KEITH ELLIS,720,39,284,397,0
Newton,Alcovy,County Comm Chair,,R,KEITH ELLIS,1480,80,493,907,0
Newton,Covington Mills,County Comm Chair,,R,KEITH ELLIS,795,40,339,416,0
Newton,Brewers,County Comm Chair,,R,KEITH ELLIS,1411,59,826,526,0
Newton,Brick Store,County Comm Chair,,R,KEITH ELLIS,1322,69,596,657,0
Newton,Cedar Shoals,County Comm Chair,,R,KEITH ELLIS,675,26,327,322,0
Newton,Livingston,County Comm Chair,,R,KEITH ELLIS,750,29,326,395,0
Newton,Downs,County Comm Chair,,R,KEITH ELLIS,1973,81,881,1011,0
Newton,Gum Creek,County Comm Chair,,R,KEITH ELLIS,2029,91,916,1022,0
Newton,Beaverdam,County Comm Chair,,R,KEITH ELLIS,661,38,270,353,0
Newton,Leguinn,County Comm Chair,,R,KEITH ELLIS,966,31,472,463,0
Newton,Mansfield,County Comm Chair,,R,KEITH ELLIS,823,35,551,237,0
Newton,Newborn,County Comm Chair,,R,KEITH ELLIS,426,22,306,98,0
Newton,Oxford,County Comm Chair,,R,KEITH ELLIS,1014,39,477,498,0
Newton,Rocky Plains,County Comm Chair,,R,KEITH ELLIS,1031,35,595,400,1
Newton,Buck Creek,County Comm Chair,,R,KEITH ELLIS,1472,67,646,759,0
Newton,Stansells,County Comm Chair,,R,KEITH ELLIS,829,53,329,447,0
Newton,Fairview,County Comm Chair,,R,KEITH ELLIS,245,17,109,119,0
Newton,Crowell,County Comm Chair,,R,KEITH ELLIS,386,14,167,205,0
Newton,Hub,County Comm Chair,,R,KEITH ELLIS,1320,71,611,638,0
Newton,,County Comm Chair,,D,MARCUS JORDAN,20408,769,7278,12358,3
Newton,City Pond,County Comm Chair,,D,MARCUS JORDAN,594,30,209,355,0
Newton,Town,County Comm Chair,,D,MARCUS JORDAN,1747,150,551,1046,0
Newton,Almon,County Comm Chair,,D,MARCUS JORDAN,1594,58,498,1038,0
Newton,Alcovy,County Comm Chair,,D,MARCUS JORDAN,899,32,290,576,1
Newton,Covington Mills,County Comm Chair,,D,MARCUS JORDAN,705,24,231,450,0
Newton,Brewers,County Comm Chair,,D,MARCUS JORDAN,500,12,244,244,0
Newton,Brick Store,County Comm Chair,,D,MARCUS JORDAN,321,23,130,168,0
Newton,Cedar Shoals,County Comm Chair,,D,MARCUS JORDAN,636,18,259,359,0
Newton,Livingston,County Comm Chair,,D,MARCUS JORDAN,1678,59,531,1087,1
Newton,Downs,County Comm Chair,,D,MARCUS JORDAN,1465,42,543,880,0
Newton,Gum Creek,County Comm Chair,,D,MARCUS JORDAN,616,19,213,384,0
Newton,Beaverdam,County Comm Chair,,D,MARCUS JORDAN,2027,60,707,1260,0
Newton,Leguinn,County Comm Chair,,D,MARCUS JORDAN,280,15,103,162,0
Newton,Mansfield,County Comm Chair,,D,MARCUS JORDAN,135,6,78,51,0
Newton,Newborn,County Comm Chair,,D,MARCUS JORDAN,83,0,61,22,0
Newton,Oxford,County Comm Chair,,D,MARCUS JORDAN,413,17,182,214,0
Newton,Rocky Plains,County Comm Chair,,D,MARCUS JORDAN,790,17,352,421,0
Newton,Buck Creek,County Comm Chair,,D,MARCUS JORDAN,1206,51,425,730,0
Newton,Stansells,County Comm Chair,,D,MARCUS JORDAN,1571,45,513,1012,1
Newton,Fairview,County Comm Chair,,D,MARCUS JORDAN,1004,39,395,570,0
Newton,Crowell,County Comm Chair,,D,MARCUS JORDAN,1933,40,656,1237,0
Newton,Hub,County Comm Chair,,D,MARCUS JORDAN,211,12,107,92,0
Newton,,County Comm 1,,R,JOHN DOUGLAS,7287,309,3989,2989,0
Newton,Brewers,County Comm 1,,R,JOHN DOUGLAS,1502,59,884,559,0
Newton,Brick Store,County Comm 1,,R,JOHN DOUGLAS,1391,69,619,703,0
Newton,Downs,County Comm 1,,R,JOHN DOUGLAS,847,42,381,424,0
Newton,Mansfield,County Comm 1,,R,JOHN DOUGLAS,816,34,549,233,0
Newton,Newborn,County Comm 1,,R,JOHN DOUGLAS,452,22,328,102,0
Newton,Rocky Plains,County Comm 1,,R,JOHN DOUGLAS,1374,42,764,568,0
Newton,Hub,County Comm 1,,R,JOHN DOUGLAS,905,41,464,400,0
Newton,,County Comm 3,,R,KEVIN WADE,2667,139,1193,1335,0
Newton,Almon,County Comm 3,,R,KEVIN WADE,568,33,232,303,0
Newton,Gum Creek,County Comm 3,,R,KEVIN WADE,1448,69,678,701,0
Newton,Beaverdam,County Comm 3,,R,KEVIN WADE,221,12,100,109,0
Newton,Stansells,County Comm 3,,R,KEVIN WADE,40,3,22,15,0
Newton,Fairview,County Comm 3,,R,KEVIN WADE,220,16,93,111,0
Newton,Crowell,County Comm 3,,R,KEVIN WADE,170,6,68,96,0
Newton,,County Comm 3,,(D,NANCY SCHULZ (I),6399,212,2220,3967,0
Newton,Almon,County Comm 3,,(D,NANCY SCHULZ (I),1739,62,543,1134,0
Newton,Gum Creek,County Comm 3,,(D,NANCY SCHULZ (I),850,22,340,488,0
Newton,Beaverdam,County Comm 3,,(D,NANCY SCHULZ (I),1186,45,388,753,0
Newton,Stansells,County Comm 3,,(D,NANCY SCHULZ (I),55,6,22,27,0
Newton,Fairview,County Comm 3,,(D,NANCY SCHULZ (I),1039,40,418,581,0
Newton,Crowell,County Comm 3,,(D,NANCY SCHULZ (I),1530,37,509,984,0
Newton,,County Comm 5,,R,LEVIE A. MADDOX,5352,226,2249,2877,0
Newton,City Pond,County Comm 5,,R,LEVIE A. MADDOX,15,0,6,9,0
Newton,Alcovy,County Comm 5,,R,LEVIE A. MADDOX,1459,79,483,897,0
Newton,Covington Mills,County Comm 5,,R,LEVIE A. MADDOX,684,34,287,363,0
Newton,Brewers,County Comm 5,,R,LEVIE A. MADDOX,98,0,54,44,0
Newton,Cedar Shoals,County Comm 5,,R,LEVIE A. MADDOX,304,5,170,129,0
Newton,Livingston,County Comm 5,,R,LEVIE A. MADDOX,311,8,131,172,0
Newton,Gum Creek,County Comm 5,,R,LEVIE A. MADDOX,231,13,85,133,0
Newton,Leguinn,County Comm 5,,R,LEVIE A. MADDOX,958,30,475,453,0
Newton,Mansfield,County Comm 5,,R,LEVIE A. MADDOX,26,0,13,13,0
Newton,Oxford,County Comm 5,,R,LEVIE A. MADDOX,823,29,371,423,0
Newton,Hub,County Comm 5,,R,LEVIE A. MADDOX,443,28,174,241,0
Newton,,County Comm 5,,D,MARCELLO BANES,3406,140,1160,2104,2
Newton,City Pond,County Comm 5,,D,MARCELLO BANES,45,8,11,26,0
Newton,Alcovy,County Comm 5,,D,MARCELLO BANES,910,31,299,579,1
Newton,Covington Mills,County Comm 5,,D,MARCELLO BANES,480,16,157,307,0
Newton,Brewers,County Comm 5,,D,MARCELLO BANES,43,1,15,27,0
Newton,Cedar Shoals,County Comm 5,,D,MARCELLO BANES,244,7,132,105,0
Newton,Livingston,County Comm 5,,D,MARCELLO BANES,996,39,295,661,1
Newton,Gum Creek,County Comm 5,,D,MARCELLO BANES,108,5,19,84,0
Newton,Leguinn,County Comm 5,,D,MARCELLO BANES,295,14,110,171,0
Newton,Mansfield,County Comm 5,,D,MARCELLO BANES,4,0,0,4,0
Newton,Oxford,County Comm 5,,D,MARCELLO BANES,163,11,70,82,0
Newton,Hub,County Comm 5,,D,MARCELLO BANES,118,8,52,58,0
Newton,,BOE 2,,R,RICKY CORLEY,3887,176,1673,2038,0
Newton,Livingston,BOE 2,,R,RICKY CORLEY,437,23,186,228,0
Newton,Downs,BOE 2,,R,RICKY CORLEY,1249,40,556,653,0
Newton,Buck Creek,BOE 2,,R,RICKY CORLEY,1428,64,630,734,0
Newton,Stansells,BOE 2,,R,RICKY CORLEY,773,49,301,423,0
Newton,,BOE 2,,(D,EDDIE JOHNSON (I),4610,137,1629,2844,0
Newton,Livingston,BOE 2,,(D,EDDIE JOHNSON (I),708,18,248,442,0
Newton,Downs,BOE 2,,(D,EDDIE JOHNSON (I),1083,22,421,640,0
Newton,Buck Creek,BOE 2,,(D,EDDIE JOHNSON (I),1274,57,453,764,0
Newton,Stansells,BOE 2,,(D,EDDIE JOHNSON (I),1545,40,507,998,0
Newton,,BOE 4,,(D,ALMOND TURNER (I),5908,289,2183,3436,0
Newton,City Pond,BOE 4,,(D,ALMOND TURNER (I),743,32,287,424,0
Newton,Town,BOE 4,,(D,ALMOND TURNER (I),2096,171,692,1233,0
Newton,Almon,BOE 4,,(D,ALMOND TURNER (I),23,2,7,14,0
Newton,Covington Mills,BOE 4,,(D,ALMOND TURNER (I),307,11,110,186,0
Newton,Cedar Shoals,BOE 4,,(D,ALMOND TURNER (I),625,20,229,376,0
Newton,Beaverdam,BOE 4,,(D,ALMOND TURNER (I),1161,32,445,684,0
Newton,Oxford,BOE 4,,(D,ALMOND TURNER (I),377,13,188,176,0
Newton,Crowell,BOE 4,,(D,ALMOND TURNER (I),576,8,225,343,0
Newton,,Constitutional Amendment #1<br>Shall the Constitution be amended to allow state or local approval of public charter schools upon the request of local communities?,,,YES,28611,1162,11394,16051,4
Newton,City Pond,Constitutional Amendment #1<br>Shall the Constitution be amended to allow state or local approval of public charter schools upon the request of local communities?,,,YES,595,28,219,348,0
Newton,Town,Constitutional Amendment #1<br>Shall the Constitution be amended to allow state or local approval of public charter schools upon the request of local communities?,,,YES,1588,88,528,972,0
Newton,Almon,Constitutional Amendment #1<br>Shall the Constitution be amended to allow state or local approval of public charter schools upon the request of local communities?,,,YES,1638,73,538,1027,0
Newton,Alcovy,Constitutional Amendment #1<br>Shall the Constitution be amended to allow state or local approval of public charter schools upon the request of local communities?,,,YES,1562,74,496,991,1
Newton,Covington Mills,Constitutional Amendment #1<br>Shall the Constitution be amended to allow state or local approval of public charter schools upon the request of local communities?,,,YES,960,31,350,579,0
Newton,Brewers,Constitutional Amendment #1<br>Shall the Constitution be amended to allow state or local approval of public charter schools upon the request of local communities?,,,YES,1258,52,673,533,0
Newton,Brick Store,Constitutional Amendment #1<br>Shall the Constitution be amended to allow state or local approval of public charter schools upon the request of local communities?,,,YES,1072,59,454,559,0
Newton,Cedar Shoals,Constitutional Amendment #1<br>Shall the Constitution be amended to allow state or local approval of public charter schools upon the request of local communities?,,,YES,928,25,411,492,0
Newton,Livingston,Constitutional Amendment #1<br>Shall the Constitution be amended to allow state or local approval of public charter schools upon the request of local communities?,,,YES,1718,63,602,1052,1
Newton,Downs,Constitutional Amendment #1<br>Shall the Constitution be amended to allow state or local approval of public charter schools upon the request of local communities?,,,YES,2385,83,976,1326,0
Newton,Gum Creek,Constitutional Amendment #1<br>Shall the Constitution be amended to allow state or local approval of public charter schools upon the request of local communities?,,,YES,1774,78,746,950,0
Newton,Beaverdam,Constitutional Amendment #1<br>Shall the Constitution be amended to allow state or local approval of public charter schools upon the request of local communities?,,,YES,1915,64,669,1182,0
Newton,Leguinn,Constitutional Amendment #1<br>Shall the Constitution be amended to allow state or local approval of public charter schools upon the request of local communities?,,,YES,816,34,354,428,0
Newton,Mansfield,Constitutional Amendment #1<br>Shall the Constitution be amended to allow state or local approval of public charter schools upon the request of local communities?,,,YES,605,27,370,208,0
Newton,Newborn,Constitutional Amendment #1<br>Shall the Constitution be amended to allow state or local approval of public charter schools upon the request of local communities?,,,YES,330,14,236,80,0
Newton,Oxford,Constitutional Amendment #1<br>Shall the Constitution be amended to allow state or local approval of public charter schools upon the request of local communities?,,,YES,890,38,375,477,0
Newton,Rocky Plains,Constitutional Amendment #1<br>Shall the Constitution be amended to allow state or local approval of public charter schools upon the request of local communities?,,,YES,1324,37,680,606,1
Newton,Buck Creek,Constitutional Amendment #1<br>Shall the Constitution be amended to allow state or local approval of public charter schools upon the request of local communities?,,,YES,1914,80,739,1095,0
Newton,Stansells,Constitutional Amendment #1<br>Shall the Constitution be amended to allow state or local approval of public charter schools upon the request of local communities?,,,YES,1732,75,594,1062,1
Newton,Fairview,Constitutional Amendment #1<br>Shall the Constitution be amended to allow state or local approval of public charter schools upon the request of local communities?,,,YES,903,37,349,517,0
Newton,Crowell,Constitutional Amendment #1<br>Shall the Constitution be amended to allow state or local approval of public charter schools upon the request of local communities?,,,YES,1685,32,593,1060,0
Newton,Hub,Constitutional Amendment #1<br>Shall the Constitution be amended to allow state or local approval of public charter schools upon the request of local communities?,,,YES,1019,70,442,507,0
Newton,,Constitutional Amendment #1<br>Shall the Constitution be amended to allow state or local approval of public charter schools upon the request of local communities?,,,NO,12808,541,5835,6432,0
Newton,City Pond,Constitutional Amendment #1<br>Shall the Constitution be amended to allow state or local approval of public charter schools upon the request of local communities?,,,NO,277,13,120,144,0
Newton,Town,Constitutional Amendment #1<br>Shall the Constitution be amended to allow state or local approval of public charter schools upon the request of local communities?,,,NO,636,82,218,336,0
Newton,Almon,Constitutional Amendment #1<br>Shall the Constitution be amended to allow state or local approval of public charter schools upon the request of local communities?,,,NO,703,23,265,415,0
Newton,Alcovy,Constitutional Amendment #1<br>Shall the Constitution be amended to allow state or local approval of public charter schools upon the request of local communities?,,,NO,817,35,289,493,0
Newton,Covington Mills,Constitutional Amendment #1<br>Shall the Constitution be amended to allow state or local approval of public charter schools upon the request of local communities?,,,NO,535,28,223,284,0
Newton,Brewers,Constitutional Amendment #1<br>Shall the Constitution be amended to allow state or local approval of public charter schools upon the request of local communities?,,,NO,645,16,407,222,0
Newton,Brick Store,Constitutional Amendment #1<br>Shall the Constitution be amended to allow state or local approval of public charter schools upon the request of local communities?,,,NO,564,30,276,258,0
Newton,Cedar Shoals,Constitutional Amendment #1<br>Shall the Constitution be amended to allow state or local approval of public charter schools upon the request of local communities?,,,NO,379,17,185,177,0
Newton,Livingston,Constitutional Amendment #1<br>Shall the Constitution be amended to allow state or local approval of public charter schools upon the request of local communities?,,,NO,684,20,246,418,0
Newton,Downs,Constitutional Amendment #1<br>Shall the Constitution be amended to allow state or local approval of public charter schools upon the request of local communities?,,,NO,1058,39,460,559,0
Newton,Gum Creek,Constitutional Amendment #1<br>Shall the Constitution be amended to allow state or local approval of public charter schools upon the request of local communities?,,,NO,847,29,380,438,0
Newton,Beaverdam,Constitutional Amendment #1<br>Shall the Constitution be amended to allow state or local approval of public charter schools upon the request of local communities?,,,NO,764,32,306,426,0
Newton,Leguinn,Constitutional Amendment #1<br>Shall the Constitution be amended to allow state or local approval of public charter schools upon the request of local communities?,,,NO,417,13,222,182,0
Newton,Mansfield,Constitutional Amendment #1<br>Shall the Constitution be amended to allow state or local approval of public charter schools upon the request of local communities?,,,NO,354,15,263,76,0
Newton,Newborn,Constitutional Amendment #1<br>Shall the Constitution be amended to allow state or local approval of public charter schools upon the request of local communities?,,,NO,171,8,123,40,0
Newton,Oxford,Constitutional Amendment #1<br>Shall the Constitution be amended to allow state or local approval of public charter schools upon the request of local communities?,,,NO,542,19,296,227,0
Newton,Rocky Plains,Constitutional Amendment #1<br>Shall the Constitution be amended to allow state or local approval of public charter schools upon the request of local communities?,,,NO,502,10,275,217,0
Newton,Buck Creek,Constitutional Amendment #1<br>Shall the Constitution be amended to allow state or local approval of public charter schools upon the request of local communities?,,,NO,775,39,347,389,0
Newton,Stansells,Constitutional Amendment #1<br>Shall the Constitution be amended to allow state or local approval of public charter schools upon the request of local communities?,,,NO,658,23,259,376,0
Newton,Fairview,Constitutional Amendment #1<br>Shall the Constitution be amended to allow state or local approval of public charter schools upon the request of local communities?,,,NO,358,16,168,174,0
Newton,Crowell,Constitutional Amendment #1<br>Shall the Constitution be amended to allow state or local approval of public charter schools upon the request of local communities?,,,NO,616,20,231,365,0
Newton,Hub,Constitutional Amendment #1<br>Shall the Constitution be amended to allow state or local approval of public charter schools upon the request of local communities?,,,NO,506,14,276,216,0
Newton,,Constitutional Amendment #2<br>Shall the Constitution be amended so as to provide for a reduction in the state's operating costs by allowing the General Assembly to authorize certain state agencies to enter into multiyear rental agreements?,,,YES,25450,1006,10436,14007,1
Newton,City Pond,Constitutional Amendment #2<br>Shall the Constitution be amended so as to provide for a reduction in the state's operating costs by allowing the General Assembly to authorize certain state agencies to enter into multiyear rental agreements?,,,YES,531,19,207,305,0
Newton,Town,Constitutional Amendment #2<br>Shall the Constitution be amended so as to provide for a reduction in the state's operating costs by allowing the General Assembly to authorize certain state agencies to enter into multiyear rental agreements?,,,YES,1307,74,451,782,0
Newton,Almon,Constitutional Amendment #2<br>Shall the Constitution be amended so as to provide for a reduction in the state's operating costs by allowing the General Assembly to authorize certain state agencies to enter into multiyear rental agreements?,,,YES,1481,59,498,924,0
Newton,Alcovy,Constitutional Amendment #2<br>Shall the Constitution be amended so as to provide for a reduction in the state's operating costs by allowing the General Assembly to authorize certain state agencies to enter into multiyear rental agreements?,,,YES,1479,60,485,934,0
Newton,Covington Mills,Constitutional Amendment #2<br>Shall the Constitution be amended so as to provide for a reduction in the state's operating costs by allowing the General Assembly to authorize certain state agencies to enter into multiyear rental agreements?,,,YES,948,40,348,560,0
Newton,Brewers,Constitutional Amendment #2<br>Shall the Constitution be amended so as to provide for a reduction in the state's operating costs by allowing the General Assembly to authorize certain state agencies to enter into multiyear rental agreements?,,,YES,1165,40,645,480,0
Newton,Brick Store,Constitutional Amendment #2<br>Shall the Constitution be amended so as to provide for a reduction in the state's operating costs by allowing the General Assembly to authorize certain state agencies to enter into multiyear rental agreements?,,,YES,1046,47,447,552,0
Newton,Cedar Shoals,Constitutional Amendment #2<br>Shall the Constitution be amended so as to provide for a reduction in the state's operating costs by allowing the General Assembly to authorize certain state agencies to enter into multiyear rental agreements?,,,YES,803,24,368,411,0
Newton,Livingston,Constitutional Amendment #2<br>Shall the Constitution be amended so as to provide for a reduction in the state's operating costs by allowing the General Assembly to authorize certain state agencies to enter into multiyear rental agreements?,,,YES,1489,53,518,917,1
Newton,Downs,Constitutional Amendment #2<br>Shall the Constitution be amended so as to provide for a reduction in the state's operating costs by allowing the General Assembly to authorize certain state agencies to enter into multiyear rental agreements?,,,YES,2016,79,832,1105,0
Newton,Gum Creek,Constitutional Amendment #2<br>Shall the Constitution be amended so as to provide for a reduction in the state's operating costs by allowing the General Assembly to authorize certain state agencies to enter into multiyear rental agreements?,,,YES,1632,80,676,876,0
Newton,Beaverdam,Constitutional Amendment #2<br>Shall the Constitution be amended so as to provide for a reduction in the state's operating costs by allowing the General Assembly to authorize certain state agencies to enter into multiyear rental agreements?,,,YES,1649,64,573,1012,0
Newton,Leguinn,Constitutional Amendment #2<br>Shall the Constitution be amended so as to provide for a reduction in the state's operating costs by allowing the General Assembly to authorize certain state agencies to enter into multiyear rental agreements?,,,YES,763,26,356,381,0
Newton,Mansfield,Constitutional Amendment #2<br>Shall the Constitution be amended so as to provide for a reduction in the state's operating costs by allowing the General Assembly to authorize certain state agencies to enter into multiyear rental agreements?,,,YES,570,24,370,176,0
Newton,Newborn,Constitutional Amendment #2<br>Shall the Constitution be amended so as to provide for a reduction in the state's operating costs by allowing the General Assembly to authorize certain state agencies to enter into multiyear rental agreements?,,,YES,299,16,209,74,0
Newton,Oxford,Constitutional Amendment #2<br>Shall the Constitution be amended so as to provide for a reduction in the state's operating costs by allowing the General Assembly to authorize certain state agencies to enter into multiyear rental agreements?,,,YES,863,35,404,424,0
Newton,Rocky Plains,Constitutional Amendment #2<br>Shall the Constitution be amended so as to provide for a reduction in the state's operating costs by allowing the General Assembly to authorize certain state agencies to enter into multiyear rental agreements?,,,YES,1101,28,586,487,0
Newton,Buck Creek,Constitutional Amendment #2<br>Shall the Constitution be amended so as to provide for a reduction in the state's operating costs by allowing the General Assembly to authorize certain state agencies to enter into multiyear rental agreements?,,,YES,1635,67,658,910,0
Newton,Stansells,Constitutional Amendment #2<br>Shall the Constitution be amended so as to provide for a reduction in the state's operating costs by allowing the General Assembly to authorize certain state agencies to enter into multiyear rental agreements?,,,YES,1479,65,502,912,0
Newton,Fairview,Constitutional Amendment #2<br>Shall the Constitution be amended so as to provide for a reduction in the state's operating costs by allowing the General Assembly to authorize certain state agencies to enter into multiyear rental agreements?,,,YES,793,28,334,431,0
Newton,Crowell,Constitutional Amendment #2<br>Shall the Constitution be amended so as to provide for a reduction in the state's operating costs by allowing the General Assembly to authorize certain state agencies to enter into multiyear rental agreements?,,,YES,1457,26,536,895,0
Newton,Hub,Constitutional Amendment #2<br>Shall the Constitution be amended so as to provide for a reduction in the state's operating costs by allowing the General Assembly to authorize certain state agencies to enter into multiyear rental agreements?,,,YES,944,52,433,459,0
Newton,,Constitutional Amendment #2<br>Shall the Constitution be amended so as to provide for a reduction in the state's operating costs by allowing the General Assembly to authorize certain state agencies to enter into multiyear rental agreements?,,,NO,13694,614,5784,7293,3
Newton,City Pond,Constitutional Amendment #2<br>Shall the Constitution be amended so as to provide for a reduction in the state's operating costs by allowing the General Assembly to authorize certain state agencies to enter into multiyear rental agreements?,,,NO,297,16,116,165,0
Newton,Town,Constitutional Amendment #2<br>Shall the Constitution be amended so as to provide for a reduction in the state's operating costs by allowing the General Assembly to authorize certain state agencies to enter into multiyear rental agreements?,,,NO,762,83,232,447,0
Newton,Almon,Constitutional Amendment #2<br>Shall the Constitution be amended so as to provide for a reduction in the state's operating costs by allowing the General Assembly to authorize certain state agencies to enter into multiyear rental agreements?,,,NO,725,33,252,440,0
Newton,Alcovy,Constitutional Amendment #2<br>Shall the Constitution be amended so as to provide for a reduction in the state's operating costs by allowing the General Assembly to authorize certain state agencies to enter into multiyear rental agreements?,,,NO,772,43,263,465,1
Newton,Covington Mills,Constitutional Amendment #2<br>Shall the Constitution be amended so as to provide for a reduction in the state's operating costs by allowing the General Assembly to authorize certain state agencies to enter into multiyear rental agreements?,,,NO,472,16,189,267,0
Newton,Brewers,Constitutional Amendment #2<br>Shall the Constitution be amended so as to provide for a reduction in the state's operating costs by allowing the General Assembly to authorize certain state agencies to enter into multiyear rental agreements?,,,NO,664,27,394,243,0
Newton,Brick Store,Constitutional Amendment #2<br>Shall the Constitution be amended so as to provide for a reduction in the state's operating costs by allowing the General Assembly to authorize certain state agencies to enter into multiyear rental agreements?,,,NO,494,32,231,231,0
Newton,Cedar Shoals,Constitutional Amendment #2<br>Shall the Constitution be amended so as to provide for a reduction in the state's operating costs by allowing the General Assembly to authorize certain state agencies to enter into multiyear rental agreements?,,,NO,427,12,193,222,0
Newton,Livingston,Constitutional Amendment #2<br>Shall the Constitution be amended so as to provide for a reduction in the state's operating costs by allowing the General Assembly to authorize certain state agencies to enter into multiyear rental agreements?,,,NO,819,32,300,487,0
Newton,Downs,Constitutional Amendment #2<br>Shall the Constitution be amended so as to provide for a reduction in the state's operating costs by allowing the General Assembly to authorize certain state agencies to enter into multiyear rental agreements?,,,NO,1213,40,503,670,0
Newton,Gum Creek,Constitutional Amendment #2<br>Shall the Constitution be amended so as to provide for a reduction in the state's operating costs by allowing the General Assembly to authorize certain state agencies to enter into multiyear rental agreements?,,,NO,832,23,379,430,0
Newton,Beaverdam,Constitutional Amendment #2<br>Shall the Constitution be amended so as to provide for a reduction in the state's operating costs by allowing the General Assembly to authorize certain state agencies to enter into multiyear rental agreements?,,,NO,897,27,348,522,0
Newton,Leguinn,Constitutional Amendment #2<br>Shall the Constitution be amended so as to provide for a reduction in the state's operating costs by allowing the General Assembly to authorize certain state agencies to enter into multiyear rental agreements?,,,NO,396,19,184,193,0
Newton,Mansfield,Constitutional Amendment #2<br>Shall the Constitution be amended so as to provide for a reduction in the state's operating costs by allowing the General Assembly to authorize certain state agencies to enter into multiyear rental agreements?,,,NO,328,15,216,97,0
Newton,Newborn,Constitutional Amendment #2<br>Shall the Constitution be amended so as to provide for a reduction in the state's operating costs by allowing the General Assembly to authorize certain state agencies to enter into multiyear rental agreements?,,,NO,180,6,136,38,0
Newton,Oxford,Constitutional Amendment #2<br>Shall the Constitution be amended so as to provide for a reduction in the state's operating costs by allowing the General Assembly to authorize certain state agencies to enter into multiyear rental agreements?,,,NO,471,19,218,234,0
Newton,Rocky Plains,Constitutional Amendment #2<br>Shall the Constitution be amended so as to provide for a reduction in the state's operating costs by allowing the General Assembly to authorize certain state agencies to enter into multiyear rental agreements?,,,NO,625,17,321,286,1
Newton,Buck Creek,Constitutional Amendment #2<br>Shall the Constitution be amended so as to provide for a reduction in the state's operating costs by allowing the General Assembly to authorize certain state agencies to enter into multiyear rental agreements?,,,NO,890,48,354,488,0
Newton,Stansells,Constitutional Amendment #2<br>Shall the Constitution be amended so as to provide for a reduction in the state's operating costs by allowing the General Assembly to authorize certain state agencies to enter into multiyear rental agreements?,,,NO,797,29,300,467,1
Newton,Fairview,Constitutional Amendment #2<br>Shall the Constitution be amended so as to provide for a reduction in the state's operating costs by allowing the General Assembly to authorize certain state agencies to enter into multiyear rental agreements?,,,NO,406,23,165,218,0
Newton,Crowell,Constitutional Amendment #2<br>Shall the Constitution be amended so as to provide for a reduction in the state's operating costs by allowing the General Assembly to authorize certain state agencies to enter into multiyear rental agreements?,,,NO,739,25,252,462,0
Newton,Hub,Constitutional Amendment #2<br>Shall the Constitution be amended so as to provide for a reduction in the state's operating costs by allowing the General Assembly to authorize certain state agencies to enter into multiyear rental agreements?,,,NO,488,29,238,221,0
Newton,,Special,,,YES,27285,958,11657,14667,3
Newton,City Pond,Special,,,YES,605,22,243,340,0
Newton,Town,Special,,,YES,1530,82,552,896,0
Newton,Almon,Special,,,YES,1607,57,559,991,0
Newton,Alcovy,Special,,,YES,1582,64,559,958,1
Newton,Covington Mills,Special,,,YES,1030,34,406,590,0
Newton,Brewers,Special,,,YES,1224,44,711,469,0
Newton,Brick Store,Special,,,YES,1035,54,486,495,0
Newton,Cedar Shoals,Special,,,YES,828,21,385,422,0
Newton,Livingston,Special,,,YES,1642,53,597,991,1
Newton,Downs,Special,,,YES,2185,67,958,1160,0
Newton,Gum Creek,Special,,,YES,1670,62,737,871,0
Newton,Beaverdam,Special,,,YES,1836,57,707,1072,0
Newton,Leguinn,Special,,,YES,738,24,349,365,0
Newton,Mansfield,Special,,,YES,551,18,370,163,0
Newton,Newborn,Special,,,YES,299,11,211,77,0
Newton,Oxford,Special,,,YES,880,35,423,422,0
Newton,Rocky Plains,Special,,,YES,1193,31,644,518,0
Newton,Buck Creek,Special,,,YES,1816,59,778,979,0
Newton,Stansells,Special,,,YES,1655,54,597,1003,1
Newton,Fairview,Special,,,YES,870,39,371,460,0
Newton,Crowell,Special,,,YES,1614,29,585,1000,0
Newton,Hub,Special,,,YES,895,41,429,425,0
Newton,,Special,,,NO,14828,793,5796,8238,1
Newton,City Pond,Special,,,NO,293,21,104,168,0
Newton,Town,Special,,,NO,743,99,206,438,0
Newton,Almon,Special,,,NO,750,38,238,474,0
Newton,Alcovy,Special,,,NO,836,43,242,551,0
Newton,Covington Mills,Special,,,NO,499,28,177,294,0
Newton,Brewers,Special,,,NO,716,27,387,302,0
Newton,Brick Store,Special,,,NO,628,40,252,336,0
Newton,Cedar Shoals,Special,,,NO,515,21,224,270,0
Newton,Livingston,Special,,,NO,827,35,286,506,0
Newton,Downs,Special,,,NO,1280,54,481,745,0
Newton,Gum Creek,Special,,,NO,998,46,399,553,0
Newton,Beaverdam,Special,,,NO,887,43,288,556,0
Newton,Leguinn,Special,,,NO,532,26,236,270,0
Newton,Mansfield,Special,,,NO,424,23,271,130,0
Newton,Newborn,Special,,,NO,214,11,161,42,0
Newton,Oxford,Special,,,NO,580,25,253,302,0
Newton,Rocky Plains,Special,,,NO,649,17,321,310,1
Newton,Buck Creek,Special,,,NO,898,61,308,529,0
Newton,Stansells,Special,,,NO,777,47,262,468,0
Newton,Fairview,Special,,,NO,406,18,146,242,0
Newton,Crowell,Special,,,NO,726,24,252,450,0
Newton,Hub,Special,,,NO,650,46,302,302,0
