county,precinct,office,district,party,candidate,votes,absentee_by_mail,election_day,advance_in_person,provisional
White,,President of the United States,,R,MITT ROMNEY,8651,540,4343,3764,4
White,Blue Creek,President of the United States,,R,MITT ROMNEY,1090,50,571,465,4
White,Blue Ridge,President of the United States,,R,MITT ROMNEY,414,20,248,146,0
White,Helen,President of the United States,,R,MITT ROMNEY,226,16,133,77,0
White,Mossy Creek,President of the United States,,R,MITT ROMNEY,1286,93,681,512,0
White,Mt. Yonah,President of the United States,,R,MITT ROMNEY,1816,125,686,1005,0
White,Nacoochee,President of the United States,,R,MITT ROMNEY,698,56,324,318,0
White,Robertstown,President of the United States,,R,MITT ROMNEY,167,13,116,38,0
White,Shoal Creek,President of the United States,,R,MITT ROMNEY,952,49,518,385,0
White,Tesnatee,President of the United States,,R,MITT ROMNEY,535,29,243,263,0
White,Town Creek,President of the United States,,R,MITT ROMNEY,668,43,345,280,0
White,White Creek,President of the United States,,R,MITT ROMNEY,799,46,478,275,0
White,,President of the United States,,(D,BARACK OBAMA (I),1671,112,829,729,1
White,Blue Creek,President of the United States,,(D,BARACK OBAMA (I),231,12,122,97,0
White,Blue Ridge,President of the United States,,(D,BARACK OBAMA (I),76,1,35,40,0
White,Helen,President of the United States,,(D,BARACK OBAMA (I),71,2,43,26,0
White,Mossy Creek,President of the United States,,(D,BARACK OBAMA (I),175,15,84,76,0
White,Mt. Yonah,President of the United States,,(D,BARACK OBAMA (I),352,34,133,185,0
White,Nacoochee,President of the United States,,(D,BARACK OBAMA (I),252,18,114,119,1
White,Robertstown,President of the United States,,(D,BARACK OBAMA (I),50,2,32,16,0
White,Shoal Creek,President of the United States,,(D,BARACK OBAMA (I),171,9,108,54,0
White,Tesnatee,President of the United States,,(D,BARACK OBAMA (I),86,5,37,44,0
White,Town Creek,President of the United States,,(D,BARACK OBAMA (I),113,8,67,38,0
White,White Creek,President of the United States,,(D,BARACK OBAMA (I),94,6,54,34,0
White,,President of the United States,,L,GARY JOHNSON,154,12,106,36,0
White,Blue Creek,President of the United States,,L,GARY JOHNSON,18,1,14,3,0
White,Blue Ridge,President of the United States,,L,GARY JOHNSON,3,0,3,0,0
White,Helen,President of the United States,,L,GARY JOHNSON,9,1,6,2,0
White,Mossy Creek,President of the United States,,L,GARY JOHNSON,24,3,14,7,0
White,Mt. Yonah,President of the United States,,L,GARY JOHNSON,28,1,17,10,0
White,Nacoochee,President of the United States,,L,GARY JOHNSON,11,1,9,1,0
White,Robertstown,President of the United States,,L,GARY JOHNSON,5,1,4,0,0
White,Shoal Creek,President of the United States,,L,GARY JOHNSON,20,3,14,3,0
White,Tesnatee,President of the United States,,L,GARY JOHNSON,5,1,3,1,0
White,Town Creek,President of the United States,,L,GARY JOHNSON,22,0,14,8,0
White,White Creek,President of the United States,,L,GARY JOHNSON,9,0,8,1,0
White,,"Public Service Commission, District 3",3,(R,CHUCK EATON (I),7677,476,3873,3325,3
White,Blue Creek,"Public Service Commission, District 3",3,(R,CHUCK EATON (I),936,43,493,397,3
White,Blue Ridge,"Public Service Commission, District 3",3,(R,CHUCK EATON (I),362,20,222,120,0
White,Helen,"Public Service Commission, District 3",3,(R,CHUCK EATON (I),195,15,120,60,0
White,Mossy Creek,"Public Service Commission, District 3",3,(R,CHUCK EATON (I),1143,74,619,450,0
White,Mt. Yonah,"Public Service Commission, District 3",3,(R,CHUCK EATON (I),1640,109,630,901,0
White,Nacoochee,"Public Service Commission, District 3",3,(R,CHUCK EATON (I),614,49,280,285,0
White,Robertstown,"Public Service Commission, District 3",3,(R,CHUCK EATON (I),155,13,105,37,0
White,Shoal Creek,"Public Service Commission, District 3",3,(R,CHUCK EATON (I),843,44,462,337,0
White,Tesnatee,"Public Service Commission, District 3",3,(R,CHUCK EATON (I),475,28,207,240,0
White,Town Creek,"Public Service Commission, District 3",3,(R,CHUCK EATON (I),603,40,307,256,0
White,White Creek,"Public Service Commission, District 3",3,(R,CHUCK EATON (I),711,41,428,242,0
White,,"Public Service Commission, District 3",3,D,STEPHEN OPPENHEIMER,1581,112,781,687,1
White,Blue Creek,"Public Service Commission, District 3",3,D,STEPHEN OPPENHEIMER,231,13,120,98,0
White,Blue Ridge,"Public Service Commission, District 3",3,D,STEPHEN OPPENHEIMER,69,0,36,33,0
White,Helen,"Public Service Commission, District 3",3,D,STEPHEN OPPENHEIMER,65,2,39,24,0
White,Mossy Creek,"Public Service Commission, District 3",3,D,STEPHEN OPPENHEIMER,168,15,74,79,0
White,Mt. Yonah,"Public Service Commission, District 3",3,D,STEPHEN OPPENHEIMER,319,37,111,171,0
White,Nacoochee,"Public Service Commission, District 3",3,D,STEPHEN OPPENHEIMER,241,19,110,111,1
White,Robertstown,"Public Service Commission, District 3",3,D,STEPHEN OPPENHEIMER,46,3,31,12,0
White,Shoal Creek,"Public Service Commission, District 3",3,D,STEPHEN OPPENHEIMER,152,6,102,44,0
White,Tesnatee,"Public Service Commission, District 3",3,D,STEPHEN OPPENHEIMER,87,5,36,46,0
White,Town Creek,"Public Service Commission, District 3",3,D,STEPHEN OPPENHEIMER,108,8,64,36,0
White,White Creek,"Public Service Commission, District 3",3,D,STEPHEN OPPENHEIMER,95,4,58,33,0
White,,"Public Service Commission, District 3",3,L,BRAD PLOEGER,591,32,335,224,0
White,Blue Creek,"Public Service Commission, District 3",3,L,BRAD PLOEGER,92,1,55,36,0
White,Blue Ridge,"Public Service Commission, District 3",3,L,BRAD PLOEGER,35,1,14,20,0
White,Helen,"Public Service Commission, District 3",3,L,BRAD PLOEGER,23,2,12,9,0
White,Mossy Creek,"Public Service Commission, District 3",3,L,BRAD PLOEGER,90,8,52,30,0
White,Mt. Yonah,"Public Service Commission, District 3",3,L,BRAD PLOEGER,104,3,52,49,0
White,Nacoochee,"Public Service Commission, District 3",3,L,BRAD PLOEGER,44,4,28,12,0
White,Robertstown,"Public Service Commission, District 3",3,L,BRAD PLOEGER,10,0,9,1,0
White,Shoal Creek,"Public Service Commission, District 3",3,L,BRAD PLOEGER,77,7,44,26,0
White,Tesnatee,"Public Service Commission, District 3",3,L,BRAD PLOEGER,31,2,21,8,0
White,Town Creek,"Public Service Commission, District 3",3,L,BRAD PLOEGER,50,2,30,18,0
White,White Creek,"Public Service Commission, District 3",3,L,BRAD PLOEGER,35,2,18,15,0
White,,"Public Service Commission, District 5",5,(R,STAN WISE (I),7997,490,4025,3479,3
White,Blue Creek,"Public Service Commission, District 5",5,(R,STAN WISE (I),978,45,521,409,3
White,Blue Ridge,"Public Service Commission, District 5",5,(R,STAN WISE (I),372,19,224,129,0
White,Helen,"Public Service Commission, District 5",5,(R,STAN WISE (I),196,14,121,61,0
White,Mossy Creek,"Public Service Commission, District 5",5,(R,STAN WISE (I),1186,78,633,475,0
White,Mt. Yonah,"Public Service Commission, District 5",5,(R,STAN WISE (I),1705,110,658,937,0
White,Nacoochee,"Public Service Commission, District 5",5,(R,STAN WISE (I),678,57,313,308,0
White,Robertstown,"Public Service Commission, District 5",5,(R,STAN WISE (I),165,14,109,42,0
White,Shoal Creek,"Public Service Commission, District 5",5,(R,STAN WISE (I),884,44,487,353,0
White,Tesnatee,"Public Service Commission, District 5",5,(R,STAN WISE (I),492,29,217,246,0
White,Town Creek,"Public Service Commission, District 5",5,(R,STAN WISE (I),614,39,312,263,0
White,White Creek,"Public Service Commission, District 5",5,(R,STAN WISE (I),727,41,430,256,0
White,,"Public Service Commission, District 5",5,L,DAVID STAPLES,1644,101,888,655,0
White,Blue Creek,"Public Service Commission, District 5",5,L,DAVID STAPLES,247,9,132,106,0
White,Blue Ridge,"Public Service Commission, District 5",5,L,DAVID STAPLES,91,2,49,40,0
White,Helen,"Public Service Commission, District 5",5,L,DAVID STAPLES,72,3,41,28,0
White,Mossy Creek,"Public Service Commission, District 5",5,L,DAVID STAPLES,198,16,108,74,0
White,Mt. Yonah,"Public Service Commission, District 5",5,L,DAVID STAPLES,305,31,123,151,0
White,Nacoochee,"Public Service Commission, District 5",5,L,DAVID STAPLES,172,13,86,73,0
White,Robertstown,"Public Service Commission, District 5",5,L,DAVID STAPLES,44,1,35,8,0
White,Shoal Creek,"Public Service Commission, District 5",5,L,DAVID STAPLES,176,9,113,54,0
White,Tesnatee,"Public Service Commission, District 5",5,L,DAVID STAPLES,88,4,44,40,0
White,Town Creek,"Public Service Commission, District 5",5,L,DAVID STAPLES,146,9,89,48,0
White,White Creek,"Public Service Commission, District 5",5,L,DAVID STAPLES,105,4,68,33,0
White,,U.S. Representative,9,R,DOUG COLLINS,8039,508,4027,3501,3
White,Blue Creek,U.S. Representative,9,R,DOUG COLLINS,992,43,515,431,3
White,Blue Ridge,U.S. Representative,9,R,DOUG COLLINS,376,20,230,126,0
White,Helen,U.S. Representative,9,R,DOUG COLLINS,202,18,116,68,0
White,Mossy Creek,U.S. Representative,9,R,DOUG COLLINS,1207,84,641,482,0
White,Mt. Yonah,U.S. Representative,9,R,DOUG COLLINS,1704,111,654,939,0
White,Nacoochee,U.S. Representative,9,R,DOUG COLLINS,638,53,294,291,0
White,Robertstown,U.S. Representative,9,R,DOUG COLLINS,156,13,103,40,0
White,Shoal Creek,U.S. Representative,9,R,DOUG COLLINS,915,50,505,360,0
White,Tesnatee,U.S. Representative,9,R,DOUG COLLINS,493,28,220,245,0
White,Town Creek,U.S. Representative,9,R,DOUG COLLINS,628,41,320,267,0
White,White Creek,U.S. Representative,9,R,DOUG COLLINS,728,47,429,252,0
White,,U.S. Representative,9,D,JODY COOLEY,2102,129,1106,866,1
White,Blue Creek,U.S. Representative,9,D,JODY COOLEY,302,14,172,116,0
White,Blue Ridge,U.S. Representative,9,D,JODY COOLEY,102,1,51,50,0
White,Helen,U.S. Representative,9,D,JODY COOLEY,92,2,63,27,0
White,Mossy Creek,U.S. Representative,9,D,JODY COOLEY,237,17,123,97,0
White,Mt. Yonah,U.S. Representative,9,D,JODY COOLEY,407,41,155,211,0
White,Nacoochee,U.S. Representative,9,D,JODY COOLEY,288,21,134,132,1
White,Robertstown,U.S. Representative,9,D,JODY COOLEY,61,3,47,11,0
White,Shoal Creek,U.S. Representative,9,D,JODY COOLEY,199,11,124,64,0
White,Tesnatee,U.S. Representative,9,D,JODY COOLEY,117,7,54,56,0
White,Town Creek,U.S. Representative,9,D,JODY COOLEY,156,8,94,54,0
White,White Creek,U.S. Representative,9,D,JODY COOLEY,141,4,89,48,0
White,,State Senator,51,(R,STEVE GOOCH (I),9052,539,4609,3901,3
White,Blue Creek,State Senator,51,(R,STEVE GOOCH (I),1125,43,604,475,3
White,Blue Ridge,State Senator,51,(R,STEVE GOOCH (I),429,21,257,151,0
White,Helen,State Senator,51,(R,STEVE GOOCH (I),236,15,145,76,0
White,Mossy Creek,State Senator,51,(R,STEVE GOOCH (I),1324,89,707,528,0
White,Mt. Yonah,State Senator,51,(R,STEVE GOOCH (I),1933,133,758,1042,0
White,Nacoochee,State Senator,51,(R,STEVE GOOCH (I),761,59,354,348,0
White,Robertstown,State Senator,51,(R,STEVE GOOCH (I),183,14,125,44,0
White,Shoal Creek,State Senator,51,(R,STEVE GOOCH (I),1010,51,567,392,0
White,Tesnatee,State Senator,51,(R,STEVE GOOCH (I),553,30,253,270,0
White,Town Creek,State Senator,51,(R,STEVE GOOCH (I),693,42,355,296,0
White,White Creek,State Senator,51,(R,STEVE GOOCH (I),805,42,484,279,0
White,,State Representative,8,R,STEPHEN ALLISON (I),1866,119,994,753,0
White,Blue Ridge,State Representative,8,R,STEPHEN ALLISON (I),380,20,228,132,0
White,Helen,State Representative,8,R,STEPHEN ALLISON (I),200,16,120,64,0
White,Robertstown,State Representative,8,R,STEPHEN ALLISON (I),160,13,110,37,0
White,Tesnatee,State Representative,8,R,STEPHEN ALLISON (I),489,30,214,245,0
White,Town Creek,State Representative,8,R,STEPHEN ALLISON (I),637,40,322,275,0
White,,State Representative,8,D,JANA HILL,492,21,290,181,0
White,Blue Ridge,State Representative,8,D,JANA HILL,92,1,48,43,0
White,Helen,State Representative,8,D,JANA HILL,92,3,57,32,0
White,Robertstown,State Representative,8,D,JANA HILL,56,3,38,15,0
White,Tesnatee,State Representative,8,D,JANA HILL,114,5,56,53,0
White,Town Creek,State Representative,8,D,JANA HILL,138,9,91,38,0
White,,State Representative,10,(R,TERRY ROGERS (I),6347,400,3119,2825,3
White,Blue Creek,State Representative,10,(R,TERRY ROGERS (I),1118,42,596,477,3
White,Mossy Creek,State Representative,10,(R,TERRY ROGERS (I),1324,90,710,524,0
White,Mt. Yonah,State Representative,10,(R,TERRY ROGERS (I),1935,132,759,1044,0
White,Nacoochee,State Representative,10,(R,TERRY ROGERS (I),758,60,356,342,0
White,Shoal Creek,State Representative,10,(R,TERRY ROGERS (I),407,30,216,161,0
White,White Creek,State Representative,10,(R,TERRY ROGERS (I),805,46,482,277,0
White,,State Representative,27,R,LEE HAWKINS,598,22,353,223,0
White,Shoal Creek,State Representative,27,R,LEE HAWKINS,598,22,353,223,0
White,,Probate Judge,,(R,GARRISON BAKER (I),9526,587,4825,4111,3
White,Blue Creek,Probate Judge,,(R,GARRISON BAKER (I),1182,43,630,506,3
White,Blue Ridge,Probate Judge,,(R,GARRISON BAKER (I),452,21,266,165,0
White,Helen,Probate Judge,,(R,GARRISON BAKER (I),261,17,159,85,0
White,Mossy Creek,Probate Judge,,(R,GARRISON BAKER (I),1378,95,731,552,0
White,Mt. Yonah,Probate Judge,,(R,GARRISON BAKER (I),2031,147,784,1100,0
White,Nacoochee,Probate Judge,,(R,GARRISON BAKER (I),832,70,388,374,0
White,Robertstown,Probate Judge,,(R,GARRISON BAKER (I),203,16,139,48,0
White,Shoal Creek,Probate Judge,,(R,GARRISON BAKER (I),1045,53,591,401,0
White,Tesnatee,Probate Judge,,(R,GARRISON BAKER (I),580,32,263,285,0
White,Town Creek,Probate Judge,,(R,GARRISON BAKER (I),726,45,377,304,0
White,White Creek,Probate Judge,,(R,GARRISON BAKER (I),836,48,497,291,0
White,,Superior Court Clerk,,(R,DENA M. ADAMS (I),9402,571,4786,4042,3
White,Blue Creek,Superior Court Clerk,,(R,DENA M. ADAMS (I),1174,44,633,494,3
White,Blue Ridge,Superior Court Clerk,,(R,DENA M. ADAMS (I),449,20,266,163,0
White,Helen,Superior Court Clerk,,(R,DENA M. ADAMS (I),262,17,161,84,0
White,Mossy Creek,Superior Court Clerk,,(R,DENA M. ADAMS (I),1358,94,718,546,0
White,Mt. Yonah,Superior Court Clerk,,(R,DENA M. ADAMS (I),1996,139,774,1083,0
White,Nacoochee,Superior Court Clerk,,(R,DENA M. ADAMS (I),815,67,385,363,0
White,Robertstown,Superior Court Clerk,,(R,DENA M. ADAMS (I),200,14,137,49,0
White,Shoal Creek,Superior Court Clerk,,(R,DENA M. ADAMS (I),1036,51,589,396,0
White,Tesnatee,Superior Court Clerk,,(R,DENA M. ADAMS (I),572,31,262,279,0
White,Town Creek,Superior Court Clerk,,(R,DENA M. ADAMS (I),718,47,372,299,0
White,White Creek,Superior Court Clerk,,(R,DENA M. ADAMS (I),822,47,489,286,0
White,,Sheriff,,(R,NEAL WALDEN (I),9355,574,4731,4047,3
White,Blue Creek,Sheriff,,(R,NEAL WALDEN (I),1176,44,628,501,3
White,Blue Ridge,Sheriff,,(R,NEAL WALDEN (I),442,20,260,162,0
White,Helen,Sheriff,,(R,NEAL WALDEN (I),250,13,158,79,0
White,Mossy Creek,Sheriff,,(R,NEAL WALDEN (I),1352,95,712,545,0
White,Mt. Yonah,Sheriff,,(R,NEAL WALDEN (I),1999,143,757,1099,0
White,Nacoochee,Sheriff,,(R,NEAL WALDEN (I),841,70,395,376,0
White,Robertstown,Sheriff,,(R,NEAL WALDEN (I),200,16,137,47,0
White,Shoal Creek,Sheriff,,(R,NEAL WALDEN (I),1019,52,577,390,0
White,Tesnatee,Sheriff,,(R,NEAL WALDEN (I),558,30,258,270,0
White,Town Creek,Sheriff,,(R,NEAL WALDEN (I),714,45,376,293,0
White,White Creek,Sheriff,,(R,NEAL WALDEN (I),804,46,473,285,0
White,,Tax Commissioner,,(R,CINDY CANNON (I),9390,576,4775,4036,3
White,Blue Creek,Tax Commissioner,,(R,CINDY CANNON (I),1164,44,624,493,3
White,Blue Ridge,Tax Commissioner,,(R,CINDY CANNON (I),445,21,266,158,0
White,Helen,Tax Commissioner,,(R,CINDY CANNON (I),255,15,160,80,0
White,Mossy Creek,Tax Commissioner,,(R,CINDY CANNON (I),1352,93,723,536,0
White,Mt. Yonah,Tax Commissioner,,(R,CINDY CANNON (I),2006,142,775,1089,0
White,Nacoochee,Tax Commissioner,,(R,CINDY CANNON (I),828,68,387,373,0
White,Robertstown,Tax Commissioner,,(R,CINDY CANNON (I),195,16,132,47,0
White,Shoal Creek,Tax Commissioner,,(R,CINDY CANNON (I),1036,53,586,397,0
White,Tesnatee,Tax Commissioner,,(R,CINDY CANNON (I),568,31,256,281,0
White,Town Creek,Tax Commissioner,,(R,CINDY CANNON (I),717,46,375,296,0
White,White Creek,Tax Commissioner,,(R,CINDY CANNON (I),824,47,491,286,0
White,,Surveyor,,(R,EDDIE C. HOOD (I),9290,559,4733,3995,3
White,Blue Creek,Surveyor,,(R,EDDIE C. HOOD (I),1143,43,615,482,3
White,Blue Ridge,Surveyor,,(R,EDDIE C. HOOD (I),445,21,263,161,0
White,Helen,Surveyor,,(R,EDDIE C. HOOD (I),258,17,161,80,0
White,Mossy Creek,Surveyor,,(R,EDDIE C. HOOD (I),1345,86,723,536,0
White,Mt. Yonah,Surveyor,,(R,EDDIE C. HOOD (I),1976,141,760,1075,0
White,Nacoochee,Surveyor,,(R,EDDIE C. HOOD (I),806,63,385,358,0
White,Robertstown,Surveyor,,(R,EDDIE C. HOOD (I),196,14,133,49,0
White,Shoal Creek,Surveyor,,(R,EDDIE C. HOOD (I),1025,52,579,394,0
White,Tesnatee,Surveyor,,(R,EDDIE C. HOOD (I),566,30,257,279,0
White,Town Creek,Surveyor,,(R,EDDIE C. HOOD (I),712,46,369,297,0
White,White Creek,Surveyor,,(R,EDDIE C. HOOD (I),818,46,488,284,0
White,,Coroner,,(R,RICKY BARRETT (I),9425,571,4783,4068,3
White,Blue Creek,Coroner,,(R,RICKY BARRETT (I),1176,45,631,497,3
White,Blue Ridge,Coroner,,(R,RICKY BARRETT (I),450,21,266,163,0
White,Helen,Coroner,,(R,RICKY BARRETT (I),257,17,158,82,0
White,Mossy Creek,Coroner,,(R,RICKY BARRETT (I),1361,89,726,546,0
White,Mt. Yonah,Coroner,,(R,RICKY BARRETT (I),2002,142,764,1096,0
White,Nacoochee,Coroner,,(R,RICKY BARRETT (I),823,67,386,370,0
White,Robertstown,Coroner,,(R,RICKY BARRETT (I),196,16,134,46,0
White,Shoal Creek,Coroner,,(R,RICKY BARRETT (I),1045,51,592,402,0
White,Tesnatee,Coroner,,(R,RICKY BARRETT (I),576,32,262,282,0
White,Town Creek,Coroner,,(R,RICKY BARRETT (I),721,45,377,299,0
White,White Creek,Coroner,,(R,RICKY BARRETT (I),818,46,487,285,0
White,,County Comm Chair,,(R,TRAVIS TURNER (I),9189,553,4675,3958,3
White,Blue Creek,County Comm Chair,,(R,TRAVIS TURNER (I),1132,43,605,481,3
White,Blue Ridge,County Comm Chair,,(R,TRAVIS TURNER (I),440,20,264,156,0
White,Helen,County Comm Chair,,(R,TRAVIS TURNER (I),240,14,148,78,0
White,Mossy Creek,County Comm Chair,,(R,TRAVIS TURNER (I),1344,92,717,535,0
White,Mt. Yonah,County Comm Chair,,(R,TRAVIS TURNER (I),1955,135,760,1060,0
White,Nacoochee,County Comm Chair,,(R,TRAVIS TURNER (I),799,63,372,364,0
White,Robertstown,County Comm Chair,,(R,TRAVIS TURNER (I),190,14,130,46,0
White,Shoal Creek,County Comm Chair,,(R,TRAVIS TURNER (I),1010,51,571,388,0
White,Tesnatee,County Comm Chair,,(R,TRAVIS TURNER (I),565,32,255,278,0
White,Town Creek,County Comm Chair,,(R,TRAVIS TURNER (I),703,43,368,292,0
White,White Creek,County Comm Chair,,(R,TRAVIS TURNER (I),811,46,485,280,0
White,,County Comm 1,,(R,TERRY GOODGER (I),2062,147,813,1102,0
White,Mt. Yonah,County Comm 1,,(R,TERRY GOODGER (I),1871,131,723,1017,0
White,Shoal Creek,County Comm 1,,(R,TERRY GOODGER (I),9,3,3,3,0
White,Tesnatee,County Comm 1,,(R,TERRY GOODGER (I),182,13,87,82,0
White,,County Comm 4,,(R,CRAIG BRYANT (I),2691,154,1405,1129,3
White,Blue Creek,County Comm 4,,(R,CRAIG BRYANT (I),1115,43,602,467,3
White,Helen,County Comm 4,,(R,CRAIG BRYANT (I),241,14,148,79,0
White,Mt. Yonah,County Comm 4,,(R,CRAIG BRYANT (I),49,3,20,26,0
White,Nacoochee,County Comm 4,,(R,CRAIG BRYANT (I),787,65,364,358,0
White,Robertstown,County Comm 4,,(R,CRAIG BRYANT (I),194,16,132,46,0
White,Tesnatee,County Comm 4,,(R,CRAIG BRYANT (I),305,13,139,153,0
White,,BOE Chair,,(R,KENDYL HUNTER (I),8931,532,4570,3826,3
White,Blue Creek,BOE Chair,,(R,KENDYL HUNTER (I),1097,41,588,465,3
White,Blue Ridge,BOE Chair,,(R,KENDYL HUNTER (I),434,19,257,158,0
White,Helen,BOE Chair,,(R,KENDYL HUNTER (I),245,16,150,79,0
White,Mossy Creek,BOE Chair,,(R,KENDYL HUNTER (I),1311,87,702,522,0
White,Mt. Yonah,BOE Chair,,(R,KENDYL HUNTER (I),1880,130,746,1004,0
White,Nacoochee,BOE Chair,,(R,KENDYL HUNTER (I),774,63,362,349,0
White,Robertstown,BOE Chair,,(R,KENDYL HUNTER (I),184,15,127,42,0
White,Shoal Creek,BOE Chair,,(R,KENDYL HUNTER (I),996,48,564,384,0
White,Tesnatee,BOE Chair,,(R,KENDYL HUNTER (I),546,31,249,266,0
White,Town Creek,BOE Chair,,(R,KENDYL HUNTER (I),683,42,357,284,0
White,White Creek,BOE Chair,,(R,KENDYL HUNTER (I),781,40,468,273,0
White,,BOE 1,,R,JAY WESTMORELAND (I),9115,536,4676,3900,3
White,Blue Creek,BOE 1,,R,JAY WESTMORELAND (I),1107,42,597,465,3
White,Blue Ridge,BOE 1,,R,JAY WESTMORELAND (I),434,20,262,152,0
White,Helen,BOE 1,,R,JAY WESTMORELAND (I),243,16,149,78,0
White,Mossy Creek,BOE 1,,R,JAY WESTMORELAND (I),1331,87,715,529,0
White,Mt. Yonah,BOE 1,,R,JAY WESTMORELAND (I),1928,130,762,1036,0
White,Nacoochee,BOE 1,,R,JAY WESTMORELAND (I),794,64,377,353,0
White,Robertstown,BOE 1,,R,JAY WESTMORELAND (I),192,13,133,46,0
White,Shoal Creek,BOE 1,,R,JAY WESTMORELAND (I),1014,50,574,390,0
White,Tesnatee,BOE 1,,R,JAY WESTMORELAND (I),569,31,257,281,0
White,Town Creek,BOE 1,,R,JAY WESTMORELAND (I),701,42,366,293,0
White,White Creek,BOE 1,,R,JAY WESTMORELAND (I),802,41,484,277,0
White,,BOE 3,,(R,C. THOMAS JR. (I),9085,538,4660,3884,3
White,Blue Creek,BOE 3,,(R,C. THOMAS JR. (I),1113,42,602,466,3
White,Blue Ridge,BOE 3,,(R,C. THOMAS JR. (I),429,20,258,151,0
White,Helen,BOE 3,,(R,C. THOMAS JR. (I),239,13,148,78,0
White,Mossy Creek,BOE 3,,(R,C. THOMAS JR. (I),1325,87,716,522,0
White,Mt. Yonah,BOE 3,,(R,C. THOMAS JR. (I),1930,134,759,1037,0
White,Nacoochee,BOE 3,,(R,C. THOMAS JR. (I),782,63,367,352,0
White,Robertstown,BOE 3,,(R,C. THOMAS JR. (I),190,13,133,44,0
White,Shoal Creek,BOE 3,,(R,C. THOMAS JR. (I),1006,48,572,386,0
White,Tesnatee,BOE 3,,(R,C. THOMAS JR. (I),559,31,253,275,0
White,Town Creek,BOE 3,,(R,C. THOMAS JR. (I),707,42,372,293,0
White,White Creek,BOE 3,,(R,C. THOMAS JR. (I),805,45,480,280,0
White,,Constitutional Amendment #1<br>Shall the Constitution be amended to allow state or local approval of public charter schools upon the request of local communities?,,,YES,4883,320,2345,2215,3
White,Blue Creek,Constitutional Amendment #1<br>Shall the Constitution be amended to allow state or local approval of public charter schools upon the request of local communities?,,,YES,649,32,337,277,3
White,Blue Ridge,Constitutional Amendment #1<br>Shall the Constitution be amended to allow state or local approval of public charter schools upon the request of local communities?,,,YES,241,11,129,101,0
White,Helen,Constitutional Amendment #1<br>Shall the Constitution be amended to allow state or local approval of public charter schools upon the request of local communities?,,,YES,150,11,80,59,0
White,Mossy Creek,Constitutional Amendment #1<br>Shall the Constitution be amended to allow state or local approval of public charter schools upon the request of local communities?,,,YES,672,53,337,282,0
White,Mt. Yonah,Constitutional Amendment #1<br>Shall the Constitution be amended to allow state or local approval of public charter schools upon the request of local communities?,,,YES,1048,74,414,560,0
White,Nacoochee,Constitutional Amendment #1<br>Shall the Constitution be amended to allow state or local approval of public charter schools upon the request of local communities?,,,YES,395,36,173,186,0
White,Robertstown,Constitutional Amendment #1<br>Shall the Constitution be amended to allow state or local approval of public charter schools upon the request of local communities?,,,YES,87,9,55,23,0
White,Shoal Creek,Constitutional Amendment #1<br>Shall the Constitution be amended to allow state or local approval of public charter schools upon the request of local communities?,,,YES,563,27,291,245,0
White,Tesnatee,Constitutional Amendment #1<br>Shall the Constitution be amended to allow state or local approval of public charter schools upon the request of local communities?,,,YES,285,17,116,152,0
White,Town Creek,Constitutional Amendment #1<br>Shall the Constitution be amended to allow state or local approval of public charter schools upon the request of local communities?,,,YES,395,26,194,175,0
White,White Creek,Constitutional Amendment #1<br>Shall the Constitution be amended to allow state or local approval of public charter schools upon the request of local communities?,,,YES,398,24,219,155,0
White,,Constitutional Amendment #1<br>Shall the Constitution be amended to allow state or local approval of public charter schools upon the request of local communities?,,,NO,5299,297,2826,2175,1
White,Blue Creek,Constitutional Amendment #1<br>Shall the Constitution be amended to allow state or local approval of public charter schools upon the request of local communities?,,,NO,654,25,357,272,0
White,Blue Ridge,Constitutional Amendment #1<br>Shall the Constitution be amended to allow state or local approval of public charter schools upon the request of local communities?,,,NO,243,10,153,80,0
White,Helen,Constitutional Amendment #1<br>Shall the Constitution be amended to allow state or local approval of public charter schools upon the request of local communities?,,,NO,143,7,98,38,0
White,Mossy Creek,Constitutional Amendment #1<br>Shall the Constitution be amended to allow state or local approval of public charter schools upon the request of local communities?,,,NO,771,49,425,297,0
White,Mt. Yonah,Constitutional Amendment #1<br>Shall the Constitution be amended to allow state or local approval of public charter schools upon the request of local communities?,,,NO,1076,78,403,595,0
White,Nacoochee,Constitutional Amendment #1<br>Shall the Constitution be amended to allow state or local approval of public charter schools upon the request of local communities?,,,NO,538,36,258,243,1
White,Robertstown,Constitutional Amendment #1<br>Shall the Constitution be amended to allow state or local approval of public charter schools upon the request of local communities?,,,NO,129,5,94,30,0
White,Shoal Creek,Constitutional Amendment #1<br>Shall the Constitution be amended to allow state or local approval of public charter schools upon the request of local communities?,,,NO,550,22,344,184,0
White,Tesnatee,Constitutional Amendment #1<br>Shall the Constitution be amended to allow state or local approval of public charter schools upon the request of local communities?,,,NO,329,18,162,149,0
White,Town Creek,Constitutional Amendment #1<br>Shall the Constitution be amended to allow state or local approval of public charter schools upon the request of local communities?,,,NO,396,22,228,146,0
White,White Creek,Constitutional Amendment #1<br>Shall the Constitution be amended to allow state or local approval of public charter schools upon the request of local communities?,,,NO,470,25,304,141,0
White,,Constitutional Amendment #2<br>Shall the Constitution be amended so as to provide for a reduction in the state's operating costs by allowing the General Assembly to authorize certain state agencies to enter into multiyear rental agreements?,,,YES,5707,350,2796,2557,4
White,Blue Creek,Constitutional Amendment #2<br>Shall the Constitution be amended so as to provide for a reduction in the state's operating costs by allowing the General Assembly to authorize certain state agencies to enter into multiyear rental agreements?,,,YES,740,32,395,310,3
White,Blue Ridge,Constitutional Amendment #2<br>Shall the Constitution be amended so as to provide for a reduction in the state's operating costs by allowing the General Assembly to authorize certain state agencies to enter into multiyear rental agreements?,,,YES,274,11,145,118,0
White,Helen,Constitutional Amendment #2<br>Shall the Constitution be amended so as to provide for a reduction in the state's operating costs by allowing the General Assembly to authorize certain state agencies to enter into multiyear rental agreements?,,,YES,179,14,96,69,0
White,Mossy Creek,Constitutional Amendment #2<br>Shall the Constitution be amended so as to provide for a reduction in the state's operating costs by allowing the General Assembly to authorize certain state agencies to enter into multiyear rental agreements?,,,YES,795,50,418,327,0
White,Mt. Yonah,Constitutional Amendment #2<br>Shall the Constitution be amended so as to provide for a reduction in the state's operating costs by allowing the General Assembly to authorize certain state agencies to enter into multiyear rental agreements?,,,YES,1220,81,473,666,0
White,Nacoochee,Constitutional Amendment #2<br>Shall the Constitution be amended so as to provide for a reduction in the state's operating costs by allowing the General Assembly to authorize certain state agencies to enter into multiyear rental agreements?,,,YES,531,49,228,253,1
White,Robertstown,Constitutional Amendment #2<br>Shall the Constitution be amended so as to provide for a reduction in the state's operating costs by allowing the General Assembly to authorize certain state agencies to enter into multiyear rental agreements?,,,YES,97,8,60,29,0
White,Shoal Creek,Constitutional Amendment #2<br>Shall the Constitution be amended so as to provide for a reduction in the state's operating costs by allowing the General Assembly to authorize certain state agencies to enter into multiyear rental agreements?,,,YES,604,30,324,250,0
White,Tesnatee,Constitutional Amendment #2<br>Shall the Constitution be amended so as to provide for a reduction in the state's operating costs by allowing the General Assembly to authorize certain state agencies to enter into multiyear rental agreements?,,,YES,333,19,149,165,0
White,Town Creek,Constitutional Amendment #2<br>Shall the Constitution be amended so as to provide for a reduction in the state's operating costs by allowing the General Assembly to authorize certain state agencies to enter into multiyear rental agreements?,,,YES,459,28,234,197,0
White,White Creek,Constitutional Amendment #2<br>Shall the Constitution be amended so as to provide for a reduction in the state's operating costs by allowing the General Assembly to authorize certain state agencies to enter into multiyear rental agreements?,,,YES,475,28,274,173,0
White,,Constitutional Amendment #2<br>Shall the Constitution be amended so as to provide for a reduction in the state's operating costs by allowing the General Assembly to authorize certain state agencies to enter into multiyear rental agreements?,,,NO,4012,229,2130,1653,0
White,Blue Creek,Constitutional Amendment #2<br>Shall the Constitution be amended so as to provide for a reduction in the state's operating costs by allowing the General Assembly to authorize certain state agencies to enter into multiyear rental agreements?,,,NO,506,21,272,213,0
White,Blue Ridge,Constitutional Amendment #2<br>Shall the Constitution be amended so as to provide for a reduction in the state's operating costs by allowing the General Assembly to authorize certain state agencies to enter into multiyear rental agreements?,,,NO,182,5,122,55,0
White,Helen,Constitutional Amendment #2<br>Shall the Constitution be amended so as to provide for a reduction in the state's operating costs by allowing the General Assembly to authorize certain state agencies to enter into multiyear rental agreements?,,,NO,104,3,74,27,0
White,Mossy Creek,Constitutional Amendment #2<br>Shall the Constitution be amended so as to provide for a reduction in the state's operating costs by allowing the General Assembly to authorize certain state agencies to enter into multiyear rental agreements?,,,NO,582,45,313,224,0
White,Mt. Yonah,Constitutional Amendment #2<br>Shall the Constitution be amended so as to provide for a reduction in the state's operating costs by allowing the General Assembly to authorize certain state agencies to enter into multiyear rental agreements?,,,NO,812,59,302,451,0
White,Nacoochee,Constitutional Amendment #2<br>Shall the Constitution be amended so as to provide for a reduction in the state's operating costs by allowing the General Assembly to authorize certain state agencies to enter into multiyear rental agreements?,,,NO,353,20,179,154,0
White,Robertstown,Constitutional Amendment #2<br>Shall the Constitution be amended so as to provide for a reduction in the state's operating costs by allowing the General Assembly to authorize certain state agencies to enter into multiyear rental agreements?,,,NO,112,6,84,22,0
White,Shoal Creek,Constitutional Amendment #2<br>Shall the Constitution be amended so as to provide for a reduction in the state's operating costs by allowing the General Assembly to authorize certain state agencies to enter into multiyear rental agreements?,,,NO,452,19,272,161,0
White,Tesnatee,Constitutional Amendment #2<br>Shall the Constitution be amended so as to provide for a reduction in the state's operating costs by allowing the General Assembly to authorize certain state agencies to enter into multiyear rental agreements?,,,NO,261,14,118,129,0
White,Town Creek,Constitutional Amendment #2<br>Shall the Constitution be amended so as to provide for a reduction in the state's operating costs by allowing the General Assembly to authorize certain state agencies to enter into multiyear rental agreements?,,,NO,295,18,170,107,0
White,White Creek,Constitutional Amendment #2<br>Shall the Constitution be amended so as to provide for a reduction in the state's operating costs by allowing the General Assembly to authorize certain state agencies to enter into multiyear rental agreements?,,,NO,353,19,224,110,0
White,,Freeport,,,YES,5790,328,2890,2568,4
White,Blue Creek,Freeport,,,YES,748,29,400,316,3
White,Blue Ridge,Freeport,,,YES,291,11,162,118,0
White,Helen,Freeport,,,YES,166,8,95,63,0
White,Mossy Creek,Freeport,,,YES,824,48,443,333,0
White,Mt. Yonah,Freeport,,,YES,1215,79,460,676,0
White,Nacoochee,Freeport,,,YES,529,38,234,256,1
White,Robertstown,Freeport,,,YES,110,9,70,31,0
White,Shoal Creek,Freeport,,,YES,617,24,344,249,0
White,Tesnatee,Freeport,,,YES,346,25,147,174,0
White,Town Creek,Freeport,,,YES,463,31,245,187,0
White,White Creek,Freeport,,,YES,481,26,290,165,0
White,,Freeport,,,NO,3631,240,1893,1498,0
White,Blue Creek,Freeport,,,NO,442,18,238,186,0
White,Blue Ridge,Freeport,,,NO,156,7,99,50,0
White,Helen,Freeport,,,NO,100,7,66,27,0
White,Mossy Creek,Freeport,,,NO,524,42,276,206,0
White,Mt. Yonah,Freeport,,,NO,760,60,292,408,0
White,Nacoochee,Freeport,,,NO,321,27,156,138,0
White,Robertstown,Freeport,,,NO,95,5,71,19,0
White,Shoal Creek,Freeport,,,NO,405,27,236,142,0
White,Tesnatee,Freeport,,,NO,227,10,114,103,0
White,Town Creek,Freeport,,,NO,275,15,151,109,0
White,White Creek,Freeport,,,NO,326,22,194,110,0
