county,precinct,office,district,party,candidate,votes,absentee_by_mail,election_day,advance_in_person,provisional
Grady,,President of the United States,,R,MITT ROMNEY,5924,220,2951,2751,2
Grady,Blowing Cave,President of the United States,,R,MITT ROMNEY,391,5,241,145,0
Grady,Cairo 4th District,President of the United States,,R,MITT ROMNEY,263,14,69,180,0
Grady,Cairo 5th District,President of the United States,,R,MITT ROMNEY,886,41,347,498,0
Grady,Duncanville,President of the United States,,R,MITT ROMNEY,196,1,143,52,0
Grady,Higdon,President of the United States,,R,MITT ROMNEY,361,21,242,98,0
Grady,Limesink,President of the United States,,R,MITT ROMNEY,162,8,99,55,0
Grady,Midway,President of the United States,,R,MITT ROMNEY,657,29,303,325,0
Grady,Pine Park,President of the United States,,R,MITT ROMNEY,342,12,190,140,0
Grady,Ragan,President of the United States,,R,MITT ROMNEY,246,10,157,79,0
Grady,Spence,President of the United States,,R,MITT ROMNEY,394,12,238,143,1
Grady,Spring Hill,President of the United States,,R,MITT ROMNEY,329,3,217,109,0
Grady,Whigham,President of the United States,,R,MITT ROMNEY,517,19,277,221,0
Grady,Woodland,President of the United States,,R,MITT ROMNEY,1180,45,428,706,1
Grady,,President of the United States,,D,BARACK OBAMA (I),3419,103,1563,1753,0
Grady,Blowing Cave,President of the United States,,D,BARACK OBAMA (I),69,0,34,35,0
Grady,Cairo 4th District,President of the United States,,D,BARACK OBAMA (I),1308,40,507,761,0
Grady,Cairo 5th District,President of the United States,,D,BARACK OBAMA (I),666,15,281,370,0
Grady,Duncanville,President of the United States,,D,BARACK OBAMA (I),131,0,95,36,0
Grady,Higdon,President of the United States,,D,BARACK OBAMA (I),199,5,134,60,0
Grady,Limesink,President of the United States,,D,BARACK OBAMA (I),42,1,15,26,0
Grady,Midway,President of the United States,,D,BARACK OBAMA (I),184,6,73,105,0
Grady,Pine Park,President of the United States,,D,BARACK OBAMA (I),167,6,90,71,0
Grady,Ragan,President of the United States,,D,BARACK OBAMA (I),122,3,66,53,0
Grady,Spence,President of the United States,,D,BARACK OBAMA (I),54,2,36,16,0
Grady,Spring Hill,President of the United States,,D,BARACK OBAMA (I),45,3,20,22,0
Grady,Whigham,President of the United States,,D,BARACK OBAMA (I),202,8,113,81,0
Grady,Woodland,President of the United States,,D,BARACK OBAMA (I),230,14,99,117,0
Grady,,President of the United States,,LIB,GARY JOHNSON,50,2,30,18,0
Grady,Blowing Cave,President of the United States,,LIB,GARY JOHNSON,3,0,1,2,0
Grady,Cairo 4th District,President of the United States,,LIB,GARY JOHNSON,8,0,5,3,0
Grady,Cairo 5th District,President of the United States,,LIB,GARY JOHNSON,4,0,3,1,0
Grady,Duncanville,President of the United States,,LIB,GARY JOHNSON,0,0,0,0,0
Grady,Higdon,President of the United States,,LIB,GARY JOHNSON,2,0,1,1,0
Grady,Limesink,President of the United States,,LIB,GARY JOHNSON,1,0,0,1,0
Grady,Midway,President of the United States,,LIB,GARY JOHNSON,4,0,2,2,0
Grady,Pine Park,President of the United States,,LIB,GARY JOHNSON,0,0,0,0,0
Grady,Ragan,President of the United States,,LIB,GARY JOHNSON,2,0,1,1,0
Grady,Spence,President of the United States,,LIB,GARY JOHNSON,6,0,5,1,0
Grady,Spring Hill,President of the United States,,LIB,GARY JOHNSON,3,0,2,1,0
Grady,Whigham,President of the United States,,LIB,GARY JOHNSON,4,1,3,0,0
Grady,Woodland,President of the United States,,LIB,GARY JOHNSON,13,1,7,5,0
Grady,,"Public Service Commission, District 3",3,R,CHUCK EATON (I),5142,200,2488,2452,2
Grady,Blowing Cave,"Public Service Commission, District 3",3,R,CHUCK EATON (I),329,4,201,124,0
Grady,Cairo 4th District,"Public Service Commission, District 3",3,R,CHUCK EATON (I),288,11,75,202,0
Grady,Cairo 5th District,"Public Service Commission, District 3",3,R,CHUCK EATON (I),786,39,303,444,0
Grady,Duncanville,"Public Service Commission, District 3",3,R,CHUCK EATON (I),173,1,127,45,0
Grady,Higdon,"Public Service Commission, District 3",3,R,CHUCK EATON (I),308,21,197,90,0
Grady,Limesink,"Public Service Commission, District 3",3,R,CHUCK EATON (I),145,8,86,51,0
Grady,Midway,"Public Service Commission, District 3",3,R,CHUCK EATON (I),561,29,252,280,0
Grady,Pine Park,"Public Service Commission, District 3",3,R,CHUCK EATON (I),283,14,151,118,0
Grady,Ragan,"Public Service Commission, District 3",3,R,CHUCK EATON (I),201,7,124,70,0
Grady,Spence,"Public Service Commission, District 3",3,R,CHUCK EATON (I),347,11,211,124,1
Grady,Spring Hill,"Public Service Commission, District 3",3,R,CHUCK EATON (I),274,2,168,104,0
Grady,Whigham,"Public Service Commission, District 3",3,R,CHUCK EATON (I),426,14,224,188,0
Grady,Woodland,"Public Service Commission, District 3",3,R,CHUCK EATON (I),1021,39,369,612,1
Grady,,"Public Service Commission, District 3",3,D,STEPHEN OPPENHEIMER,2975,86,1378,1511,0
Grady,Blowing Cave,"Public Service Commission, District 3",3,D,STEPHEN OPPENHEIMER,76,1,44,31,0
Grady,Cairo 4th District,"Public Service Commission, District 3",3,D,STEPHEN OPPENHEIMER,1045,34,412,599,0
Grady,Cairo 5th District,"Public Service Commission, District 3",3,D,STEPHEN OPPENHEIMER,589,11,241,337,0
Grady,Duncanville,"Public Service Commission, District 3",3,D,STEPHEN OPPENHEIMER,115,0,79,36,0
Grady,Higdon,"Public Service Commission, District 3",3,D,STEPHEN OPPENHEIMER,170,4,126,40,0
Grady,Limesink,"Public Service Commission, District 3",3,D,STEPHEN OPPENHEIMER,33,1,14,18,0
Grady,Midway,"Public Service Commission, District 3",3,D,STEPHEN OPPENHEIMER,168,3,64,101,0
Grady,Pine Park,"Public Service Commission, District 3",3,D,STEPHEN OPPENHEIMER,151,4,82,65,0
Grady,Ragan,"Public Service Commission, District 3",3,D,STEPHEN OPPENHEIMER,114,4,61,49,0
Grady,Spence,"Public Service Commission, District 3",3,D,STEPHEN OPPENHEIMER,63,1,44,18,0
Grady,Spring Hill,"Public Service Commission, District 3",3,D,STEPHEN OPPENHEIMER,52,3,30,19,0
Grady,Whigham,"Public Service Commission, District 3",3,D,STEPHEN OPPENHEIMER,187,7,98,82,0
Grady,Woodland,"Public Service Commission, District 3",3,D,STEPHEN OPPENHEIMER,212,13,83,116,0
Grady,,"Public Service Commission, District 3",3,L,BRAD PLOEGER,215,11,114,90,0
Grady,Blowing Cave,"Public Service Commission, District 3",3,L,BRAD PLOEGER,13,0,6,7,0
Grady,Cairo 4th District,"Public Service Commission, District 3",3,L,BRAD PLOEGER,17,1,8,8,0
Grady,Cairo 5th District,"Public Service Commission, District 3",3,L,BRAD PLOEGER,32,2,17,13,0
Grady,Duncanville,"Public Service Commission, District 3",3,L,BRAD PLOEGER,5,0,2,3,0
Grady,Higdon,"Public Service Commission, District 3",3,L,BRAD PLOEGER,16,0,10,6,0
Grady,Limesink,"Public Service Commission, District 3",3,L,BRAD PLOEGER,3,0,2,1,0
Grady,Midway,"Public Service Commission, District 3",3,L,BRAD PLOEGER,22,2,12,8,0
Grady,Pine Park,"Public Service Commission, District 3",3,L,BRAD PLOEGER,11,0,4,7,0
Grady,Ragan,"Public Service Commission, District 3",3,L,BRAD PLOEGER,11,1,9,1,0
Grady,Spence,"Public Service Commission, District 3",3,L,BRAD PLOEGER,14,2,9,3,0
Grady,Spring Hill,"Public Service Commission, District 3",3,L,BRAD PLOEGER,10,1,7,2,0
Grady,Whigham,"Public Service Commission, District 3",3,L,BRAD PLOEGER,13,0,8,5,0
Grady,Woodland,"Public Service Commission, District 3",3,L,BRAD PLOEGER,48,2,20,26,0
Grady,,"Public Service Commission, District 5",5,R,STAN WISE (I),5668,219,2819,2628,2
Grady,Blowing Cave,"Public Service Commission, District 5",5,R,STAN WISE (I),351,5,219,127,0
Grady,Cairo 4th District,"Public Service Commission, District 5",5,R,STAN WISE (I),414,18,140,256,0
Grady,Cairo 5th District,"Public Service Commission, District 5",5,R,STAN WISE (I),901,42,368,491,0
Grady,Duncanville,"Public Service Commission, District 5",5,R,STAN WISE (I),196,1,145,50,0
Grady,Higdon,"Public Service Commission, District 5",5,R,STAN WISE (I),343,22,232,89,0
Grady,Limesink,"Public Service Commission, District 5",5,R,STAN WISE (I),154,7,93,54,0
Grady,Midway,"Public Service Commission, District 5",5,R,STAN WISE (I),608,29,280,299,0
Grady,Pine Park,"Public Service Commission, District 5",5,R,STAN WISE (I),317,15,176,126,0
Grady,Ragan,"Public Service Commission, District 5",5,R,STAN WISE (I),213,8,130,75,0
Grady,Spence,"Public Service Commission, District 5",5,R,STAN WISE (I),366,11,226,128,1
Grady,Spring Hill,"Public Service Commission, District 5",5,R,STAN WISE (I),289,4,178,107,0
Grady,Whigham,"Public Service Commission, District 5",5,R,STAN WISE (I),465,16,255,194,0
Grady,Woodland,"Public Service Commission, District 5",5,R,STAN WISE (I),1051,41,377,632,1
Grady,,"Public Service Commission, District 5",5,L,DAVID STAPLES,1881,53,913,915,0
Grady,Blowing Cave,"Public Service Commission, District 5",5,L,DAVID STAPLES,63,0,36,27,0
Grady,Cairo 4th District,"Public Service Commission, District 5",5,L,DAVID STAPLES,594,13,252,329,0
Grady,Cairo 5th District,"Public Service Commission, District 5",5,L,DAVID STAPLES,351,9,143,199,0
Grady,Duncanville,"Public Service Commission, District 5",5,L,DAVID STAPLES,72,0,45,27,0
Grady,Higdon,"Public Service Commission, District 5",5,L,DAVID STAPLES,100,3,70,27,0
Grady,Limesink,"Public Service Commission, District 5",5,L,DAVID STAPLES,21,1,9,11,0
Grady,Midway,"Public Service Commission, District 5",5,L,DAVID STAPLES,110,3,46,61,0
Grady,Pine Park,"Public Service Commission, District 5",5,L,DAVID STAPLES,86,3,44,39,0
Grady,Ragan,"Public Service Commission, District 5",5,L,DAVID STAPLES,84,3,49,32,0
Grady,Spence,"Public Service Commission, District 5",5,L,DAVID STAPLES,56,3,38,15,0
Grady,Spring Hill,"Public Service Commission, District 5",5,L,DAVID STAPLES,40,2,25,13,0
Grady,Whigham,"Public Service Commission, District 5",5,L,DAVID STAPLES,116,2,64,50,0
Grady,Woodland,"Public Service Commission, District 5",5,L,DAVID STAPLES,188,11,92,85,0
Grady,,U.S. Representative,2,R,JOHN HOUSE,4852,185,2374,2292,1
Grady,Blowing Cave,U.S. Representative,2,R,JOHN HOUSE,302,2,188,112,0
Grady,Cairo 4th District,U.S. Representative,2,R,JOHN HOUSE,228,10,53,165,0
Grady,Cairo 5th District,U.S. Representative,2,R,JOHN HOUSE,738,36,282,420,0
Grady,Duncanville,U.S. Representative,2,R,JOHN HOUSE,169,0,126,43,0
Grady,Higdon,U.S. Representative,2,R,JOHN HOUSE,292,20,190,82,0
Grady,Limesink,U.S. Representative,2,R,JOHN HOUSE,125,7,73,45,0
Grady,Midway,U.S. Representative,2,R,JOHN HOUSE,537,26,242,269,0
Grady,Pine Park,U.S. Representative,2,R,JOHN HOUSE,293,13,152,128,0
Grady,Ragan,U.S. Representative,2,R,JOHN HOUSE,199,9,124,66,0
Grady,Spence,U.S. Representative,2,R,JOHN HOUSE,333,12,203,118,0
Grady,Spring Hill,U.S. Representative,2,R,JOHN HOUSE,259,4,165,90,0
Grady,Whigham,U.S. Representative,2,R,JOHN HOUSE,400,9,220,171,0
Grady,Woodland,U.S. Representative,2,R,JOHN HOUSE,977,37,356,583,1
Grady,,U.S. Representative,2,D,SANFORD BISHOP (I),4271,130,2027,2113,1
Grady,Blowing Cave,U.S. Representative,2,D,SANFORD BISHOP (I),147,3,80,64,0
Grady,Cairo 4th District,U.S. Representative,2,D,SANFORD BISHOP (I),1315,43,518,754,0
Grady,Cairo 5th District,U.S. Representative,2,D,SANFORD BISHOP (I),776,19,326,431,0
Grady,Duncanville,U.S. Representative,2,D,SANFORD BISHOP (I),149,1,106,42,0
Grady,Higdon,U.S. Representative,2,D,SANFORD BISHOP (I),245,5,168,72,0
Grady,Limesink,U.S. Representative,2,D,SANFORD BISHOP (I),75,2,38,35,0
Grady,Midway,U.S. Representative,2,D,SANFORD BISHOP (I),285,8,125,152,0
Grady,Pine Park,U.S. Representative,2,D,SANFORD BISHOP (I),197,5,115,77,0
Grady,Ragan,U.S. Representative,2,D,SANFORD BISHOP (I),161,4,94,63,0
Grady,Spence,U.S. Representative,2,D,SANFORD BISHOP (I),112,2,70,39,1
Grady,Spring Hill,U.S. Representative,2,D,SANFORD BISHOP (I),109,2,66,41,0
Grady,Whigham,U.S. Representative,2,D,SANFORD BISHOP (I),295,16,160,119,0
Grady,Woodland,U.S. Representative,2,D,SANFORD BISHOP (I),405,20,161,224,0
Grady,,State Senator,11,R,JOHN BULLOCH (I),7001,256,3507,3236,2
Grady,Blowing Cave,State Senator,11,R,JOHN BULLOCH (I),405,4,246,155,0
Grady,Cairo 4th District,State Senator,11,R,JOHN BULLOCH (I),767,26,295,446,0
Grady,Cairo 5th District,State Senator,11,R,JOHN BULLOCH (I),1126,48,469,609,0
Grady,Duncanville,State Senator,11,R,JOHN BULLOCH (I),244,1,178,65,0
Grady,Higdon,State Senator,11,R,JOHN BULLOCH (I),417,22,282,113,0
Grady,Limesink,State Senator,11,R,JOHN BULLOCH (I),178,6,105,67,0
Grady,Midway,State Senator,11,R,JOHN BULLOCH (I),688,33,317,338,0
Grady,Pine Park,State Senator,11,R,JOHN BULLOCH (I),384,16,213,155,0
Grady,Ragan,State Senator,11,R,JOHN BULLOCH (I),273,9,167,97,0
Grady,Spence,State Senator,11,R,JOHN BULLOCH (I),416,13,260,142,1
Grady,Spring Hill,State Senator,11,R,JOHN BULLOCH (I),326,6,205,115,0
Grady,Whigham,State Senator,11,R,JOHN BULLOCH (I),545,20,300,225,0
Grady,Woodland,State Senator,11,R,JOHN BULLOCH (I),1232,52,470,709,1
Grady,,State Representative,173,R,DARLENE K TAYLOR (I),5837,219,2882,2734,2
Grady,Blowing Cave,State Representative,173,R,DARLENE K TAYLOR (I),375,5,232,138,0
Grady,Cairo 4th District,State Representative,173,R,DARLENE K TAYLOR (I),349,15,103,231,0
Grady,Cairo 5th District,State Representative,173,R,DARLENE K TAYLOR (I),904,43,359,502,0
Grady,Duncanville,State Representative,173,R,DARLENE K TAYLOR (I),186,0,137,49,0
Grady,Higdon,State Representative,173,R,DARLENE K TAYLOR (I),350,20,233,97,0
Grady,Limesink,State Representative,173,R,DARLENE K TAYLOR (I),159,8,94,57,0
Grady,Midway,State Representative,173,R,DARLENE K TAYLOR (I),640,31,294,315,0
Grady,Pine Park,State Representative,173,R,DARLENE K TAYLOR (I),327,14,179,134,0
Grady,Ragan,State Representative,173,R,DARLENE K TAYLOR (I),236,10,147,79,0
Grady,Spence,State Representative,173,R,DARLENE K TAYLOR (I),383,12,229,141,1
Grady,Spring Hill,State Representative,173,R,DARLENE K TAYLOR (I),310,3,200,107,0
Grady,Whigham,State Representative,173,R,DARLENE K TAYLOR (I),488,16,261,211,0
Grady,Woodland,State Representative,173,R,DARLENE K TAYLOR (I),1130,42,414,673,1
Grady,,State Representative,173,D,HALEY SHANK,3012,81,1393,1538,0
Grady,Blowing Cave,State Representative,173,D,HALEY SHANK,71,0,37,34,0
Grady,Cairo 4th District,State Representative,173,D,HALEY SHANK,1079,29,427,623,0
Grady,Cairo 5th District,State Representative,173,D,HALEY SHANK,580,12,236,332,0
Grady,Duncanville,State Representative,173,D,HALEY SHANK,127,1,91,35,0
Grady,Higdon,State Representative,173,D,HALEY SHANK,171,5,120,46,0
Grady,Limesink,State Representative,173,D,HALEY SHANK,36,1,15,20,0
Grady,Midway,State Representative,173,D,HALEY SHANK,163,1,60,102,0
Grady,Pine Park,State Representative,173,D,HALEY SHANK,156,4,85,67,0
Grady,Ragan,State Representative,173,D,HALEY SHANK,113,3,64,46,0
Grady,Spence,State Representative,173,D,HALEY SHANK,56,2,42,12,0
Grady,Spring Hill,State Representative,173,D,HALEY SHANK,46,3,21,22,0
Grady,Whigham,State Representative,173,D,HALEY SHANK,181,6,100,75,0
Grady,Woodland,State Representative,173,D,HALEY SHANK,233,14,95,124,0
Grady,,District Attorney, South Georgia Circuit,D,JOE MULHOLLAND (I),7250,263,3530,3456,1
Grady,Blowing Cave,District Attorney, South Georgia Circuit,D,JOE MULHOLLAND (I),360,3,218,139,0
Grady,Cairo 4th District,District Attorney, South Georgia Circuit,D,JOE MULHOLLAND (I),1290,42,484,764,0
Grady,Cairo 5th District,District Attorney, South Georgia Circuit,D,JOE MULHOLLAND (I),1227,49,495,683,0
Grady,Duncanville,District Attorney, South Georgia Circuit,D,JOE MULHOLLAND (I),243,1,173,69,0
Grady,Higdon,District Attorney, South Georgia Circuit,D,JOE MULHOLLAND (I),418,24,281,113,0
Grady,Limesink,District Attorney, South Georgia Circuit,D,JOE MULHOLLAND (I),166,6,96,64,0
Grady,Midway,District Attorney, South Georgia Circuit,D,JOE MULHOLLAND (I),634,30,290,314,0
Grady,Pine Park,District Attorney, South Georgia Circuit,D,JOE MULHOLLAND (I),363,16,205,142,0
Grady,Ragan,District Attorney, South Georgia Circuit,D,JOE MULHOLLAND (I),286,10,172,104,0
Grady,Spence,District Attorney, South Georgia Circuit,D,JOE MULHOLLAND (I),358,12,222,123,1
Grady,Spring Hill,District Attorney, South Georgia Circuit,D,JOE MULHOLLAND (I),291,5,178,108,0
Grady,Whigham,District Attorney, South Georgia Circuit,D,JOE MULHOLLAND (I),553,22,301,230,0
Grady,Woodland,District Attorney, South Georgia Circuit,D,JOE MULHOLLAND (I),1061,43,415,603,0
Grady,,CLERK, SUPERIOR COURT,D,DEBBIE KINES (I),7921,272,3832,3815,2
Grady,Blowing Cave,CLERK, SUPERIOR COURT,D,DEBBIE KINES (I),392,3,235,154,0
Grady,Cairo 4th District,CLERK, SUPERIOR COURT,D,DEBBIE KINES (I),1360,41,509,810,0
Grady,Cairo 5th District,CLERK, SUPERIOR COURT,D,DEBBIE KINES (I),1350,52,549,749,0
Grady,Duncanville,CLERK, SUPERIOR COURT,D,DEBBIE KINES (I),252,1,181,70,0
Grady,Higdon,CLERK, SUPERIOR COURT,D,DEBBIE KINES (I),454,24,305,125,0
Grady,Limesink,CLERK, SUPERIOR COURT,D,DEBBIE KINES (I),176,5,102,69,0
Grady,Midway,CLERK, SUPERIOR COURT,D,DEBBIE KINES (I),708,29,322,357,0
Grady,Pine Park,CLERK, SUPERIOR COURT,D,DEBBIE KINES (I),403,15,219,169,0
Grady,Ragan,CLERK, SUPERIOR COURT,D,DEBBIE KINES (I),317,12,191,114,0
Grady,Spence,CLERK, SUPERIOR COURT,D,DEBBIE KINES (I),381,12,236,132,1
Grady,Spring Hill,CLERK, SUPERIOR COURT,D,DEBBIE KINES (I),310,5,188,117,0
Grady,Whigham,CLERK, SUPERIOR COURT,D,DEBBIE KINES (I),606,23,328,255,0
Grady,Woodland,CLERK, SUPERIOR COURT,D,DEBBIE KINES (I),1212,50,467,694,1
Grady,,SHERIFF,,R,EARL STUCKEY,2666,95,1469,1101,1
Grady,Blowing Cave,SHERIFF,,R,EARL STUCKEY,163,3,105,55,0
Grady,Cairo 4th District,SHERIFF,,R,EARL STUCKEY,163,3,75,85,0
Grady,Cairo 5th District,SHERIFF,,R,EARL STUCKEY,345,16,162,167,0
Grady,Duncanville,SHERIFF,,R,EARL STUCKEY,88,0,66,22,0
Grady,Higdon,SHERIFF,,R,EARL STUCKEY,247,7,181,59,0
Grady,Limesink,SHERIFF,,R,EARL STUCKEY,77,4,52,21,0
Grady,Midway,SHERIFF,,R,EARL STUCKEY,282,15,130,137,0
Grady,Pine Park,SHERIFF,,R,EARL STUCKEY,134,11,60,63,0
Grady,Ragan,SHERIFF,,R,EARL STUCKEY,118,7,84,27,0
Grady,Spence,SHERIFF,,R,EARL STUCKEY,175,2,110,63,0
Grady,Spring Hill,SHERIFF,,R,EARL STUCKEY,149,1,101,47,0
Grady,Whigham,SHERIFF,,R,EARL STUCKEY,288,8,165,115,0
Grady,Woodland,SHERIFF,,R,EARL STUCKEY,437,18,178,240,1
Grady,,SHERIFF,,D,HARRY C. YOUNG (I),6482,211,2977,3293,1
Grady,Blowing Cave,SHERIFF,,D,HARRY C. YOUNG (I),301,2,173,126,0
Grady,Cairo 4th District,SHERIFF,,D,HARRY C. YOUNG (I),1323,43,478,802,0
Grady,Cairo 5th District,SHERIFF,,D,HARRY C. YOUNG (I),1166,39,451,676,0
Grady,Duncanville,SHERIFF,,D,HARRY C. YOUNG (I),227,1,163,63,0
Grady,Higdon,SHERIFF,,D,HARRY C. YOUNG (I),304,19,189,96,0
Grady,Limesink,SHERIFF,,D,HARRY C. YOUNG (I),127,5,61,61,0
Grady,Midway,SHERIFF,,D,HARRY C. YOUNG (I),549,18,243,288,0
Grady,Pine Park,SHERIFF,,D,HARRY C. YOUNG (I),355,7,206,142,0
Grady,Ragan,SHERIFF,,D,HARRY C. YOUNG (I),246,6,137,103,0
Grady,Spence,SHERIFF,,D,HARRY C. YOUNG (I),277,12,168,96,1
Grady,Spring Hill,SHERIFF,,D,HARRY C. YOUNG (I),228,5,138,85,0
Grady,Whigham,SHERIFF,,D,HARRY C. YOUNG (I),419,15,225,179,0
Grady,Woodland,SHERIFF,,D,HARRY C. YOUNG (I),960,39,345,576,0
Grady,,TAX COMMISSIONER,,D,PHYLLIS GAINOUS (I),8115,277,3935,3902,1
Grady,Blowing Cave,TAX COMMISSIONER,,D,PHYLLIS GAINOUS (I),407,3,243,161,0
Grady,Cairo 4th District,TAX COMMISSIONER,,D,PHYLLIS GAINOUS (I),1389,43,520,826,0
Grady,Cairo 5th District,TAX COMMISSIONER,,D,PHYLLIS GAINOUS (I),1365,52,556,757,0
Grady,Duncanville,TAX COMMISSIONER,,D,PHYLLIS GAINOUS (I),261,1,186,74,0
Grady,Higdon,TAX COMMISSIONER,,D,PHYLLIS GAINOUS (I),478,23,322,133,0
Grady,Limesink,TAX COMMISSIONER,,D,PHYLLIS GAINOUS (I),183,6,102,75,0
Grady,Midway,TAX COMMISSIONER,,D,PHYLLIS GAINOUS (I),724,30,328,366,0
Grady,Pine Park,TAX COMMISSIONER,,D,PHYLLIS GAINOUS (I),422,16,231,175,0
Grady,Ragan,TAX COMMISSIONER,,D,PHYLLIS GAINOUS (I),321,12,189,120,0
Grady,Spence,TAX COMMISSIONER,,D,PHYLLIS GAINOUS (I),395,13,243,138,1
Grady,Spring Hill,TAX COMMISSIONER,,D,PHYLLIS GAINOUS (I),320,6,198,116,0
Grady,Whigham,TAX COMMISSIONER,,D,PHYLLIS GAINOUS (I),629,23,346,260,0
Grady,Woodland,TAX COMMISSIONER,,D,PHYLLIS GAINOUS (I),1221,49,471,701,0
Grady,,CORONER,,D,RUSTY POWE,7750,271,3733,3744,2
Grady,Blowing Cave,CORONER,,D,RUSTY POWE,400,3,243,154,0
Grady,Cairo 4th District,CORONER,,D,RUSTY POWE,1323,42,490,791,0
Grady,Cairo 5th District,CORONER,,D,RUSTY POWE,1317,53,532,732,0
Grady,Duncanville,CORONER,,D,RUSTY POWE,244,1,176,67,0
Grady,Higdon,CORONER,,D,RUSTY POWE,449,23,304,122,0
Grady,Limesink,CORONER,,D,RUSTY POWE,173,6,95,72,0
Grady,Midway,CORONER,,D,RUSTY POWE,701,30,315,356,0
Grady,Pine Park,CORONER,,D,RUSTY POWE,396,16,211,169,0
Grady,Ragan,CORONER,,D,RUSTY POWE,306,12,178,116,0
Grady,Spence,CORONER,,D,RUSTY POWE,377,12,232,132,1
Grady,Spring Hill,CORONER,,D,RUSTY POWE,302,6,184,112,0
Grady,Whigham,CORONER,,D,RUSTY POWE,599,23,323,253,0
Grady,Woodland,CORONER,,D,RUSTY POWE,1163,44,450,668,1
Grady,,CHIEF MAGISTRATE,,D,LARRY BEARDEN (I),7711,265,3730,3715,1
Grady,Blowing Cave,CHIEF MAGISTRATE,,D,LARRY BEARDEN (I),384,3,233,148,0
Grady,Cairo 4th District,CHIEF MAGISTRATE,,D,LARRY BEARDEN (I),1360,42,509,809,0
Grady,Cairo 5th District,CHIEF MAGISTRATE,,D,LARRY BEARDEN (I),1311,50,531,730,0
Grady,Duncanville,CHIEF MAGISTRATE,,D,LARRY BEARDEN (I),244,1,175,68,0
Grady,Higdon,CHIEF MAGISTRATE,,D,LARRY BEARDEN (I),446,20,305,121,0
Grady,Limesink,CHIEF MAGISTRATE,,D,LARRY BEARDEN (I),166,5,95,66,0
Grady,Midway,CHIEF MAGISTRATE,,D,LARRY BEARDEN (I),682,27,315,340,0
Grady,Pine Park,CHIEF MAGISTRATE,,D,LARRY BEARDEN (I),394,15,212,167,0
Grady,Ragan,CHIEF MAGISTRATE,,D,LARRY BEARDEN (I),311,12,182,117,0
Grady,Spence,CHIEF MAGISTRATE,,D,LARRY BEARDEN (I),372,12,229,130,1
Grady,Spring Hill,CHIEF MAGISTRATE,,D,LARRY BEARDEN (I),301,6,182,113,0
Grady,Whigham,CHIEF MAGISTRATE,,D,LARRY BEARDEN (I),586,25,311,250,0
Grady,Woodland,CHIEF MAGISTRATE,,D,LARRY BEARDEN (I),1154,47,451,656,0
Grady,,CC, D1,R,ELWYN H. CHILDS (I),1491,43,867,581,0
Grady,Blowing Cave,CC, D1,R,ELWYN H. CHILDS (I),387,4,238,145,0
Grady,Higdon,CC, D1,R,ELWYN H. CHILDS (I),39,3,19,17,0
Grady,Limesink,CC, D1,R,ELWYN H. CHILDS (I),173,6,99,68,0
Grady,Ragan,CC, D1,R,ELWYN H. CHILDS (I),24,2,16,6,0
Grady,Spring Hill,CC, D1,R,ELWYN H. CHILDS (I),326,6,205,115,0
Grady,Whigham,CC, D1,R,ELWYN H. CHILDS (I),542,22,290,230,0
Grady,,CC, D3,R,CHARLES D NORTON (I),1604,54,935,615,0
Grady,Cairo 5th District,CC, D3,R,CHARLES D NORTON (I),20,1,11,8,0
Grady,Duncanville,CC, D3,R,CHARLES D NORTON (I),230,1,165,64,0
Grady,Higdon,CC, D3,R,CHARLES D NORTON (I),374,18,265,91,0
Grady,Midway,CC, D3,R,CHARLES D NORTON (I),683,25,316,342,0
Grady,Pine Park,CC, D3,R,CHARLES D NORTON (I),38,0,21,17,0
Grady,Ragan,CC, D3,R,CHARLES D NORTON (I),259,9,157,93,0
Grady,,CC, D4,D,CHERYL L COPELAND,1573,61,568,944,0
Grady,Cairo 4th District,CC, D4,D,CHERYL L COPELAND,1345,43,511,791,0
Grady,Woodland,CC, D4,D,CHERYL L COPELAND,228,18,57,153,0
Grady,,BOE, D1,R,JEFF WORSHAM,1268,35,748,485,0
Grady,Blowing Cave,BOE, D1,R,JEFF WORSHAM,328,4,205,119,0
Grady,Higdon,BOE, D1,R,JEFF WORSHAM,37,3,20,14,0
Grady,Limesink,BOE, D1,R,JEFF WORSHAM,141,6,85,50,0
Grady,Ragan,BOE, D1,R,JEFF WORSHAM,23,2,15,6,0
Grady,Spring Hill,BOE, D1,R,JEFF WORSHAM,274,3,173,98,0
Grady,Whigham,BOE, D1,R,JEFF WORSHAM,465,17,250,198,0
Grady,,BOE, D1,D,MIKE RUSSELL,507,14,265,228,0
Grady,Blowing Cave,BOE, D1,D,MIKE RUSSELL,115,1,58,56,0
Grady,Higdon,BOE, D1,D,MIKE RUSSELL,15,0,5,10,0
Grady,Limesink,BOE, D1,D,MIKE RUSSELL,56,3,24,29,0
Grady,Ragan,BOE, D1,D,MIKE RUSSELL,12,0,7,5,0
Grady,Spring Hill,BOE, D1,D,MIKE RUSSELL,89,3,55,31,0
Grady,Whigham,BOE, D1,D,MIKE RUSSELL,220,7,116,97,0
Grady,,BOE, D3,R,ALLEN JENKINS,1182,40,701,441,0
Grady,Cairo 5th District,BOE, D3,R,ALLEN JENKINS,12,0,6,6,0
Grady,Duncanville,BOE, D3,R,ALLEN JENKINS,169,0,124,45,0
Grady,Higdon,BOE, D3,R,ALLEN JENKINS,274,13,190,71,0
Grady,Midway,BOE, D3,R,ALLEN JENKINS,504,20,237,247,0
Grady,Pine Park,BOE, D3,R,ALLEN JENKINS,28,0,16,12,0
Grady,Ragan,BOE, D3,R,ALLEN JENKINS,195,7,128,60,0
Grady,,BOE, D3,D,MARTY CANNINGTON,812,24,443,345,0
Grady,Cairo 5th District,BOE, D3,D,MARTY CANNINGTON,10,1,5,4,0
Grady,Duncanville,BOE, D3,D,MARTY CANNINGTON,141,1,100,40,0
Grady,Higdon,BOE, D3,D,MARTY CANNINGTON,207,9,141,57,0
Grady,Midway,BOE, D3,D,MARTY CANNINGTON,305,10,121,174,0
Grady,Pine Park,BOE, D3,D,MARTY CANNINGTON,20,0,9,11,0
Grady,Ragan,BOE, D3,D,MARTY CANNINGTON,129,3,67,59,0
Grady,,BOE, D4,D,TERESA HARRIS (I),1661,61,611,989,0
Grady,Cairo 4th District,BOE, D4,D,TERESA HARRIS (I),1416,43,543,830,0
Grady,Woodland,BOE, D4,D,TERESA HARRIS (I),245,18,68,159,0
Grady,,Constitutional Amendment #1<br>Shall the Constitution be amended to allow state or local approval of public charter schools upon the request of local communities?,,,YES,3984,138,1938,1907,1
Grady,Blowing Cave,Constitutional Amendment #1<br>Shall the Constitution be amended to allow state or local approval of public charter schools upon the request of local communities?,,,YES,157,4,85,68,0
Grady,Cairo 4th District,Constitutional Amendment #1<br>Shall the Constitution be amended to allow state or local approval of public charter schools upon the request of local communities?,,,YES,722,17,297,408,0
Grady,Cairo 5th District,Constitutional Amendment #1<br>Shall the Constitution be amended to allow state or local approval of public charter schools upon the request of local communities?,,,YES,706,34,288,384,0
Grady,Duncanville,Constitutional Amendment #1<br>Shall the Constitution be amended to allow state or local approval of public charter schools upon the request of local communities?,,,YES,143,0,108,35,0
Grady,Higdon,Constitutional Amendment #1<br>Shall the Constitution be amended to allow state or local approval of public charter schools upon the request of local communities?,,,YES,260,7,179,74,0
Grady,Limesink,Constitutional Amendment #1<br>Shall the Constitution be amended to allow state or local approval of public charter schools upon the request of local communities?,,,YES,85,2,49,34,0
Grady,Midway,Constitutional Amendment #1<br>Shall the Constitution be amended to allow state or local approval of public charter schools upon the request of local communities?,,,YES,364,18,158,188,0
Grady,Pine Park,Constitutional Amendment #1<br>Shall the Constitution be amended to allow state or local approval of public charter schools upon the request of local communities?,,,YES,240,10,121,109,0
Grady,Ragan,Constitutional Amendment #1<br>Shall the Constitution be amended to allow state or local approval of public charter schools upon the request of local communities?,,,YES,171,5,94,72,0
Grady,Spence,Constitutional Amendment #1<br>Shall the Constitution be amended to allow state or local approval of public charter schools upon the request of local communities?,,,YES,164,5,96,62,1
Grady,Spring Hill,Constitutional Amendment #1<br>Shall the Constitution be amended to allow state or local approval of public charter schools upon the request of local communities?,,,YES,136,1,91,44,0
Grady,Whigham,Constitutional Amendment #1<br>Shall the Constitution be amended to allow state or local approval of public charter schools upon the request of local communities?,,,YES,294,11,155,128,0
Grady,Woodland,Constitutional Amendment #1<br>Shall the Constitution be amended to allow state or local approval of public charter schools upon the request of local communities?,,,YES,542,24,217,301,0
Grady,,Constitutional Amendment #1<br>Shall the Constitution be amended to allow state or local approval of public charter schools upon the request of local communities?,,,NO,4891,159,2380,2352,0
Grady,Blowing Cave,Constitutional Amendment #1<br>Shall the Constitution be amended to allow state or local approval of public charter schools upon the request of local communities?,,,NO,293,1,185,107,0
Grady,Cairo 4th District,Constitutional Amendment #1<br>Shall the Constitution be amended to allow state or local approval of public charter schools upon the request of local communities?,,,NO,700,25,244,431,0
Grady,Cairo 5th District,Constitutional Amendment #1<br>Shall the Constitution be amended to allow state or local approval of public charter schools upon the request of local communities?,,,NO,775,20,307,448,0
Grady,Duncanville,Constitutional Amendment #1<br>Shall the Constitution be amended to allow state or local approval of public charter schools upon the request of local communities?,,,NO,173,1,123,49,0
Grady,Higdon,Constitutional Amendment #1<br>Shall the Constitution be amended to allow state or local approval of public charter schools upon the request of local communities?,,,NO,272,18,179,75,0
Grady,Limesink,Constitutional Amendment #1<br>Shall the Constitution be amended to allow state or local approval of public charter schools upon the request of local communities?,,,NO,113,7,61,45,0
Grady,Midway,Constitutional Amendment #1<br>Shall the Constitution be amended to allow state or local approval of public charter schools upon the request of local communities?,,,NO,447,16,204,227,0
Grady,Pine Park,Constitutional Amendment #1<br>Shall the Constitution be amended to allow state or local approval of public charter schools upon the request of local communities?,,,NO,243,7,140,96,0
Grady,Ragan,Constitutional Amendment #1<br>Shall the Constitution be amended to allow state or local approval of public charter schools upon the request of local communities?,,,NO,179,7,117,55,0
Grady,Spence,Constitutional Amendment #1<br>Shall the Constitution be amended to allow state or local approval of public charter schools upon the request of local communities?,,,NO,284,9,182,93,0
Grady,Spring Hill,Constitutional Amendment #1<br>Shall the Constitution be amended to allow state or local approval of public charter schools upon the request of local communities?,,,NO,223,5,134,84,0
Grady,Whigham,Constitutional Amendment #1<br>Shall the Constitution be amended to allow state or local approval of public charter schools upon the request of local communities?,,,NO,371,11,210,150,0
Grady,Woodland,Constitutional Amendment #1<br>Shall the Constitution be amended to allow state or local approval of public charter schools upon the request of local communities?,,,NO,818,32,294,492,0
Grady,,Constitutional Amendment #2<br>Shall the Constitution be amended so as to provide for a reduction in the state's operating costs by allowing the General Assembly to authorize certain state agencies to enter into multiyear rental agreements?,,,YES,4356,170,2085,2100,1
Grady,Blowing Cave,Constitutional Amendment #2<br>Shall the Constitution be amended so as to provide for a reduction in the state's operating costs by allowing the General Assembly to authorize certain state agencies to enter into multiyear rental agreements?,,,YES,215,4,126,85,0
Grady,Cairo 4th District,Constitutional Amendment #2<br>Shall the Constitution be amended so as to provide for a reduction in the state's operating costs by allowing the General Assembly to authorize certain state agencies to enter into multiyear rental agreements?,,,YES,701,15,284,402,0
Grady,Cairo 5th District,Constitutional Amendment #2<br>Shall the Constitution be amended so as to provide for a reduction in the state's operating costs by allowing the General Assembly to authorize certain state agencies to enter into multiyear rental agreements?,,,YES,761,34,307,420,0
Grady,Duncanville,Constitutional Amendment #2<br>Shall the Constitution be amended so as to provide for a reduction in the state's operating costs by allowing the General Assembly to authorize certain state agencies to enter into multiyear rental agreements?,,,YES,152,1,112,39,0
Grady,Higdon,Constitutional Amendment #2<br>Shall the Constitution be amended so as to provide for a reduction in the state's operating costs by allowing the General Assembly to authorize certain state agencies to enter into multiyear rental agreements?,,,YES,260,13,168,79,0
Grady,Limesink,Constitutional Amendment #2<br>Shall the Constitution be amended so as to provide for a reduction in the state's operating costs by allowing the General Assembly to authorize certain state agencies to enter into multiyear rental agreements?,,,YES,104,5,50,49,0
Grady,Midway,Constitutional Amendment #2<br>Shall the Constitution be amended so as to provide for a reduction in the state's operating costs by allowing the General Assembly to authorize certain state agencies to enter into multiyear rental agreements?,,,YES,422,22,185,215,0
Grady,Pine Park,Constitutional Amendment #2<br>Shall the Constitution be amended so as to provide for a reduction in the state's operating costs by allowing the General Assembly to authorize certain state agencies to enter into multiyear rental agreements?,,,YES,255,11,129,115,0
Grady,Ragan,Constitutional Amendment #2<br>Shall the Constitution be amended so as to provide for a reduction in the state's operating costs by allowing the General Assembly to authorize certain state agencies to enter into multiyear rental agreements?,,,YES,162,7,85,70,0
Grady,Spence,Constitutional Amendment #2<br>Shall the Constitution be amended so as to provide for a reduction in the state's operating costs by allowing the General Assembly to authorize certain state agencies to enter into multiyear rental agreements?,,,YES,202,6,119,76,1
Grady,Spring Hill,Constitutional Amendment #2<br>Shall the Constitution be amended so as to provide for a reduction in the state's operating costs by allowing the General Assembly to authorize certain state agencies to enter into multiyear rental agreements?,,,YES,159,3,101,55,0
Grady,Whigham,Constitutional Amendment #2<br>Shall the Constitution be amended so as to provide for a reduction in the state's operating costs by allowing the General Assembly to authorize certain state agencies to enter into multiyear rental agreements?,,,YES,308,13,165,130,0
Grady,Woodland,Constitutional Amendment #2<br>Shall the Constitution be amended so as to provide for a reduction in the state's operating costs by allowing the General Assembly to authorize certain state agencies to enter into multiyear rental agreements?,,,YES,655,36,254,365,0
Grady,,Constitutional Amendment #2<br>Shall the Constitution be amended so as to provide for a reduction in the state's operating costs by allowing the General Assembly to authorize certain state agencies to enter into multiyear rental agreements?,,,NO,4168,115,2076,1977,0
Grady,Blowing Cave,Constitutional Amendment #2<br>Shall the Constitution be amended so as to provide for a reduction in the state's operating costs by allowing the General Assembly to authorize certain state agencies to enter into multiyear rental agreements?,,,NO,219,1,137,81,0
Grady,Cairo 4th District,Constitutional Amendment #2<br>Shall the Constitution be amended so as to provide for a reduction in the state's operating costs by allowing the General Assembly to authorize certain state agencies to enter into multiyear rental agreements?,,,NO,659,25,236,398,0
Grady,Cairo 5th District,Constitutional Amendment #2<br>Shall the Constitution be amended so as to provide for a reduction in the state's operating costs by allowing the General Assembly to authorize certain state agencies to enter into multiyear rental agreements?,,,NO,655,17,264,374,0
Grady,Duncanville,Constitutional Amendment #2<br>Shall the Constitution be amended so as to provide for a reduction in the state's operating costs by allowing the General Assembly to authorize certain state agencies to enter into multiyear rental agreements?,,,NO,152,0,109,43,0
Grady,Higdon,Constitutional Amendment #2<br>Shall the Constitution be amended so as to provide for a reduction in the state's operating costs by allowing the General Assembly to authorize certain state agencies to enter into multiyear rental agreements?,,,NO,249,11,176,62,0
Grady,Limesink,Constitutional Amendment #2<br>Shall the Constitution be amended so as to provide for a reduction in the state's operating costs by allowing the General Assembly to authorize certain state agencies to enter into multiyear rental agreements?,,,NO,87,4,55,28,0
Grady,Midway,Constitutional Amendment #2<br>Shall the Constitution be amended so as to provide for a reduction in the state's operating costs by allowing the General Assembly to authorize certain state agencies to enter into multiyear rental agreements?,,,NO,358,10,166,182,0
Grady,Pine Park,Constitutional Amendment #2<br>Shall the Constitution be amended so as to provide for a reduction in the state's operating costs by allowing the General Assembly to authorize certain state agencies to enter into multiyear rental agreements?,,,NO,202,6,119,77,0
Grady,Ragan,Constitutional Amendment #2<br>Shall the Constitution be amended so as to provide for a reduction in the state's operating costs by allowing the General Assembly to authorize certain state agencies to enter into multiyear rental agreements?,,,NO,177,5,120,52,0
Grady,Spence,Constitutional Amendment #2<br>Shall the Constitution be amended so as to provide for a reduction in the state's operating costs by allowing the General Assembly to authorize certain state agencies to enter into multiyear rental agreements?,,,NO,232,8,151,73,0
Grady,Spring Hill,Constitutional Amendment #2<br>Shall the Constitution be amended so as to provide for a reduction in the state's operating costs by allowing the General Assembly to authorize certain state agencies to enter into multiyear rental agreements?,,,NO,189,3,118,68,0
Grady,Whigham,Constitutional Amendment #2<br>Shall the Constitution be amended so as to provide for a reduction in the state's operating costs by allowing the General Assembly to authorize certain state agencies to enter into multiyear rental agreements?,,,NO,344,7,190,147,0
Grady,Woodland,Constitutional Amendment #2<br>Shall the Constitution be amended so as to provide for a reduction in the state's operating costs by allowing the General Assembly to authorize certain state agencies to enter into multiyear rental agreements?,,,NO,645,18,235,392,0
