county,precinct,office,district,party,candidate,votes,absentee_by_mail,election_day,advance_in_person,provisional
Schley,,President of the United States,,R,MITT ROMNEY,1286,34,458,794,0
Schley,Precinct One,President of the United States,,R,MITT ROMNEY,1286,34,458,794,0
Schley,,President of the United States,,D,BARACK OBAMA (I),448,33,170,245,0
Schley,Precinct One,President of the United States,,D,BARACK OBAMA (I),448,33,170,245,0
Schley,,President of the United States,,LIB,GARY JOHNSON,14,1,6,7,0
Schley,Precinct One,President of the United States,,LIB,GARY JOHNSON,14,1,6,7,0
Schley,,"Public Service Commission, District 3",3,R,CHUCK EATON (I),1101,38,389,674,0
Schley,Precinct One,"Public Service Commission, District 3",3,R,CHUCK EATON (I),1101,38,389,674,0
Schley,,"Public Service Commission, District 3",3,D,STEPHEN OPPENHEIMER,400,25,154,221,0
Schley,Precinct One,"Public Service Commission, District 3",3,D,STEPHEN OPPENHEIMER,400,25,154,221,0
Schley,,"Public Service Commission, District 3",3,L,BRAD PLOEGER,40,1,15,24,0
Schley,Precinct One,"Public Service Commission, District 3",3,L,BRAD PLOEGER,40,1,15,24,0
Schley,,"Public Service Commission, District 5",5,R,STAN WISE (I),1196,37,420,739,0
Schley,Precinct One,"Public Service Commission, District 5",5,R,STAN WISE (I),1196,37,420,739,0
Schley,,"Public Service Commission, District 5",5,L,DAVID STAPLES,254,18,108,128,0
Schley,Precinct One,"Public Service Commission, District 5",5,L,DAVID STAPLES,254,18,108,128,0
Schley,,U.S. Representative,2,R,JOHN HOUSE,1070,30,359,681,0
Schley,Precinct One,U.S. Representative,2,R,JOHN HOUSE,1070,30,359,681,0
Schley,,U.S. Representative,2,D,SANFORD BISHOP (I),640,36,264,340,0
Schley,Precinct One,U.S. Representative,2,D,SANFORD BISHOP (I),640,36,264,340,0
Schley,,State Senator,15,R,DAVID BROWN,1077,33,383,661,0
Schley,Precinct One,State Senator,15,R,DAVID BROWN,1077,33,383,661,0
Schley,,State Senator,15,D,ED HARBISON (I),496,33,188,275,0
Schley,Precinct One,State Senator,15,D,ED HARBISON (I),496,33,188,275,0
Schley,,State Representative,138,R,MIKE CHEOKAS (I),1225,35,440,750,0
Schley,Precinct One,State Representative,138,R,MIKE CHEOKAS (I),1225,35,440,750,0
Schley,,State Representative,138,D,KEVIN T. BROWN,459,31,174,254,0
Schley,Precinct One,State Representative,138,D,KEVIN T. BROWN,459,31,174,254,0
Schley,,District Attorney, Southwestern Circuit,R,PLEZ H. HARDIN (I),1382,46,503,833,0
Schley,Precinct One,District Attorney, Southwestern Circuit,R,PLEZ H. HARDIN (I),1382,46,503,833,0
Schley,,JUDGE, PROBATE COURT,R,MITZI E. WAY (I),1508,53,546,909,0
Schley,Precinct One,JUDGE, PROBATE COURT,R,MITZI E. WAY (I),1508,53,546,909,0
Schley,,CLERK, SUPERIOR COURT,R,KATHY S. ROYAL (I),1459,49,529,881,0
Schley,Precinct One,CLERK, SUPERIOR COURT,R,KATHY S. ROYAL (I),1459,49,529,881,0
Schley,,SHERIFF,,R,SHANE TONDEE (I),1519,53,549,917,0
Schley,Precinct One,SHERIFF,,R,SHANE TONDEE (I),1519,53,549,917,0
Schley,,TAX COMMISSIONER,,R,PAM G. REGISTER (I),1479,57,520,902,0
Schley,Precinct One,TAX COMMISSIONER,,R,PAM G. REGISTER (I),1479,57,520,902,0
Schley,,CORONER,,D,JOHNNY WALL (I),1463,59,525,879,0
Schley,Precinct One,CORONER,,D,JOHNNY WALL (I),1463,59,525,879,0
Schley,,CHIEF MAGISTRATE,,R,LARRY WALL (I),1486,51,537,898,0
Schley,Precinct One,CHIEF MAGISTRATE,,R,LARRY WALL (I),1486,51,537,898,0
Schley,,COUNTY COMM AT LARGE,,R,GREG BARINEAU (I),1319,41,472,806,0
Schley,Precinct One,COUNTY COMM AT LARGE,,R,GREG BARINEAU (I),1319,41,472,806,0
Schley,,CC, D2,D,ANGELI S SMITH (I),243,10,86,147,0
Schley,Precinct One,CC, D2,D,ANGELI S SMITH (I),243,10,86,147,0
Schley,,CC, D3,D,SANDRA KAY ROYAL (I),375,13,137,225,0
Schley,Precinct One,CC, D3,D,SANDRA KAY ROYAL (I),375,13,137,225,0
Schley,,BOE AT LARGE,,R,TOMMY PILCHER,884,30,326,528,0
Schley,Precinct One,BOE AT LARGE,,R,TOMMY PILCHER,884,30,326,528,0
Schley,,BOE AT LARGE,,D,DAVID L. BYRD SR (I),827,37,292,498,0
Schley,Precinct One,BOE AT LARGE,,D,DAVID L. BYRD SR (I),827,37,292,498,0
Schley,,BOE D2,,D,JOAN W. PERKINS (I),248,10,86,152,0
Schley,Precinct One,BOE D2,,D,JOAN W. PERKINS (I),248,10,86,152,0
Schley,,BOE D3,,R,MARIA G. CLOER (I),358,7,134,217,0
Schley,Precinct One,BOE D3,,R,MARIA G. CLOER (I),358,7,134,217,0
Schley,,Constitutional Amendment #1<br>Shall the Constitution be amended to allow state or local approval of public charter schools upon the request of local communities?,,,YES,746,25,272,449,0
Schley,Precinct One,Constitutional Amendment #1<br>Shall the Constitution be amended to allow state or local approval of public charter schools upon the request of local communities?,,,YES,746,25,272,449,0
Schley,,Constitutional Amendment #1<br>Shall the Constitution be amended to allow state or local approval of public charter schools upon the request of local communities?,,,NO,837,38,306,493,0
Schley,Precinct One,Constitutional Amendment #1<br>Shall the Constitution be amended to allow state or local approval of public charter schools upon the request of local communities?,,,NO,837,38,306,493,0
Schley,,Constitutional Amendment #2<br>Shall the Constitution be amended so as to provide for a reduction in the state's operating costs by allowing the General Assembly to authorize certain state agencies to enter into multiyear rental agreements?,,,YES,868,32,320,516,0
Schley,Precinct One,Constitutional Amendment #2<br>Shall the Constitution be amended so as to provide for a reduction in the state's operating costs by allowing the General Assembly to authorize certain state agencies to enter into multiyear rental agreements?,,,YES,868,32,320,516,0
Schley,,Constitutional Amendment #2<br>Shall the Constitution be amended so as to provide for a reduction in the state's operating costs by allowing the General Assembly to authorize certain state agencies to enter into multiyear rental agreements?,,,NO,668,27,244,397,0
Schley,Precinct One,Constitutional Amendment #2<br>Shall the Constitution be amended so as to provide for a reduction in the state's operating costs by allowing the General Assembly to authorize certain state agencies to enter into multiyear rental agreements?,,,NO,668,27,244,397,0
Schley,,SPLOST,,,YES,979,38,338,603,0
Schley,Precinct One,SPLOST,,,YES,979,38,338,603,0
Schley,,SPLOST,,,NO,673,25,253,395,0
Schley,Precinct One,SPLOST,,,NO,673,25,253,395,0
