county,precinct,office,district,party,candidate,votes,absentee_by_mail,election_day,advance_in_person,provisional
Wheeler,,President of the United States,,R,MITT ROMNEY,1366,96,951,310,9
Wheeler,Alamo,President of the United States,,R,MITT ROMNEY,771,48,529,191,3
Wheeler,Glenwood,President of the United States,,R,MITT ROMNEY,595,48,422,119,6
Wheeler,,President of the United States,,D,BARACK OBAMA (I),772,82,464,225,1
Wheeler,Alamo,President of the United States,,D,BARACK OBAMA (I),506,56,287,162,1
Wheeler,Glenwood,President of the United States,,D,BARACK OBAMA (I),266,26,177,63,0
Wheeler,,President of the United States,,LIB,GARY JOHNSON,22,3,15,4,0
Wheeler,Alamo,President of the United States,,LIB,GARY JOHNSON,10,1,8,1,0
Wheeler,Glenwood,President of the United States,,LIB,GARY JOHNSON,12,2,7,3,0
Wheeler,,"Public Service Commission, District 3",3,R,CHUCK EATON (I),1027,80,716,224,7
Wheeler,Alamo,"Public Service Commission, District 3",3,R,CHUCK EATON (I),572,38,393,139,2
Wheeler,Glenwood,"Public Service Commission, District 3",3,R,CHUCK EATON (I),455,42,323,85,5
Wheeler,,"Public Service Commission, District 3",3,D,STEPHEN OPPENHEIMER,688,75,432,179,2
Wheeler,Alamo,"Public Service Commission, District 3",3,D,STEPHEN OPPENHEIMER,455,53,268,132,2
Wheeler,Glenwood,"Public Service Commission, District 3",3,D,STEPHEN OPPENHEIMER,233,22,164,47,0
Wheeler,,"Public Service Commission, District 3",3,L,BRAD PLOEGER,53,4,35,14,0
Wheeler,Alamo,"Public Service Commission, District 3",3,L,BRAD PLOEGER,29,2,19,8,0
Wheeler,Glenwood,"Public Service Commission, District 3",3,L,BRAD PLOEGER,24,2,16,6,0
Wheeler,,"Public Service Commission, District 5",5,R,STAN WISE (I),1191,96,835,251,9
Wheeler,Alamo,"Public Service Commission, District 5",5,R,STAN WISE (I),671,45,466,156,4
Wheeler,Glenwood,"Public Service Commission, District 5",5,R,STAN WISE (I),520,51,369,95,5
Wheeler,,"Public Service Commission, District 5",5,L,DAVID STAPLES,366,30,244,92,0
Wheeler,Alamo,"Public Service Commission, District 5",5,L,DAVID STAPLES,229,20,144,65,0
Wheeler,Glenwood,"Public Service Commission, District 5",5,L,DAVID STAPLES,137,10,100,27,0
Wheeler,,U.S. Representative,12,R,LEE ANDERSON,974,66,689,214,5
Wheeler,Alamo,U.S. Representative,12,R,LEE ANDERSON,542,34,380,126,2
Wheeler,Glenwood,U.S. Representative,12,R,LEE ANDERSON,432,32,309,88,3
Wheeler,,U.S. Representative,12,D,JOHN BARROW (I),1016,106,672,233,5
Wheeler,Alamo,U.S. Representative,12,D,JOHN BARROW (I),629,68,399,160,2
Wheeler,Glenwood,U.S. Representative,12,D,JOHN BARROW (I),387,38,273,73,3
Wheeler,,State Senator,19,R,TOMMIE WILLIAMS (I),1404,101,978,318,7
Wheeler,Alamo,State Senator,19,R,TOMMIE WILLIAMS (I),796,55,547,192,2
Wheeler,Glenwood,State Senator,19,R,TOMMIE WILLIAMS (I),608,46,431,126,5
Wheeler,,State Representative,149,R,JIMMY PRUETT (I),1361,94,952,307,8
Wheeler,Alamo,State Representative,149,R,JIMMY PRUETT (I),784,53,539,189,3
Wheeler,Glenwood,State Representative,149,R,JIMMY PRUETT (I),577,41,413,118,5
Wheeler,,District Attorney, Oconee Circuit,D,TIMOTHY G VAUGHN (I),1515,126,1043,338,8
Wheeler,Alamo,District Attorney, Oconee Circuit,D,TIMOTHY G VAUGHN (I),910,78,609,220,3
Wheeler,Glenwood,District Attorney, Oconee Circuit,D,TIMOTHY G VAUGHN (I),605,48,434,118,5
Wheeler,,JUDGE, PROBATE COURT,D,ROY BRASWELL (I),1702,138,1176,380,8
Wheeler,Alamo,JUDGE, PROBATE COURT,D,ROY BRASWELL (I),1013,87,687,236,3
Wheeler,Glenwood,JUDGE, PROBATE COURT,D,ROY BRASWELL (I),689,51,489,144,5
Wheeler,,CLERK, SUPERIOR COURT,D,CAROL W. BRAGG (I),1628,130,1124,365,9
Wheeler,Alamo,CLERK, SUPERIOR COURT,D,CAROL W. BRAGG (I),966,84,650,229,3
Wheeler,Glenwood,CLERK, SUPERIOR COURT,D,CAROL W. BRAGG (I),662,46,474,136,6
Wheeler,,SHERIFF,,D,MAURICE JOHNSON,1595,123,1109,355,8
Wheeler,Alamo,SHERIFF,,D,MAURICE JOHNSON,950,77,650,220,3
Wheeler,Glenwood,SHERIFF,,D,MAURICE JOHNSON,645,46,459,135,5
Wheeler,,TAX COMMISSIONER,,D,JANICE A. NOBLES (I),1659,137,1137,376,9
Wheeler,Alamo,TAX COMMISSIONER,,D,JANICE A. NOBLES (I),968,86,650,229,3
Wheeler,Glenwood,TAX COMMISSIONER,,D,JANICE A. NOBLES (I),691,51,487,147,6
Wheeler,,CORONER,,D,TED A. MERCER (I),1579,124,1102,345,8
Wheeler,Alamo,CORONER,,D,TED A. MERCER (I),917,76,631,207,3
Wheeler,Glenwood,CORONER,,D,TED A. MERCER (I),662,48,471,138,5
Wheeler,,CC, D1,D,ISAAC CULVER JR (I),405,42,277,85,1
Wheeler,Alamo,CC, D1,D,ISAAC CULVER JR (I),258,37,166,54,1
Wheeler,Glenwood,CC, D1,D,ISAAC CULVER JR (I),147,5,111,31,0
Wheeler,,CC, D2,R,BILLY CARTWRIGHT,390,39,248,99,4
Wheeler,Alamo,CC, D2,R,BILLY CARTWRIGHT,57,10,27,18,2
Wheeler,Glenwood,CC, D2,R,BILLY CARTWRIGHT,333,29,221,81,2
Wheeler,,CC, D2,D,DANNY CLARK (I),370,51,258,57,4
Wheeler,Alamo,CC, D2,D,DANNY CLARK (I),49,11,33,5,0
Wheeler,Glenwood,CC, D2,D,DANNY CLARK (I),321,40,225,52,4
Wheeler,,CC, D3,D,KEITH MCNEAL (I),607,29,433,144,1
Wheeler,Alamo,CC, D3,D,KEITH MCNEAL (I),596,29,427,139,1
Wheeler,Glenwood,CC, D3,D,KEITH MCNEAL (I),11,0,6,5,0
Wheeler,,Constitutional Amendment #1<br>Shall the Constitution be amended to allow state or local approval of public charter schools upon the request of local communities?,,,YES,740,69,482,186,3
Wheeler,Alamo,Constitutional Amendment #1<br>Shall the Constitution be amended to allow state or local approval of public charter schools upon the request of local communities?,,,YES,453,40,293,120,0
Wheeler,Glenwood,Constitutional Amendment #1<br>Shall the Constitution be amended to allow state or local approval of public charter schools upon the request of local communities?,,,YES,287,29,189,66,3
Wheeler,,Constitutional Amendment #1<br>Shall the Constitution be amended to allow state or local approval of public charter schools upon the request of local communities?,,,NO,1218,79,831,301,7
Wheeler,Alamo,Constitutional Amendment #1<br>Shall the Constitution be amended to allow state or local approval of public charter schools upon the request of local communities?,,,NO,717,51,457,205,4
Wheeler,Glenwood,Constitutional Amendment #1<br>Shall the Constitution be amended to allow state or local approval of public charter schools upon the request of local communities?,,,NO,501,28,374,96,3
Wheeler,,Constitutional Amendment #2<br>Shall the Constitution be amended so as to provide for a reduction in the state's operating costs by allowing the General Assembly to authorize certain state agencies to enter into multiyear rental agreements?,,,YES,893,67,614,207,5
Wheeler,Alamo,Constitutional Amendment #2<br>Shall the Constitution be amended so as to provide for a reduction in the state's operating costs by allowing the General Assembly to authorize certain state agencies to enter into multiyear rental agreements?,,,YES,517,33,352,132,0
Wheeler,Glenwood,Constitutional Amendment #2<br>Shall the Constitution be amended so as to provide for a reduction in the state's operating costs by allowing the General Assembly to authorize certain state agencies to enter into multiyear rental agreements?,,,YES,376,34,262,75,5
Wheeler,,Constitutional Amendment #2<br>Shall the Constitution be amended so as to provide for a reduction in the state's operating costs by allowing the General Assembly to authorize certain state agencies to enter into multiyear rental agreements?,,,NO,938,67,616,250,5
Wheeler,Alamo,Constitutional Amendment #2<br>Shall the Constitution be amended so as to provide for a reduction in the state's operating costs by allowing the General Assembly to authorize certain state agencies to enter into multiyear rental agreements?,,,NO,578,51,356,167,4
Wheeler,Glenwood,Constitutional Amendment #2<br>Shall the Constitution be amended so as to provide for a reduction in the state's operating costs by allowing the General Assembly to authorize certain state agencies to enter into multiyear rental agreements?,,,NO,360,16,260,83,1
