county,precinct,office,district,party,candidate,votes,absentee_by_mail,election_day,advance_in_person,provisional
Carroll,,President of the United States,,R,MITT ROMNEY,28280,967,15135,12152,26
Carroll,KANSAS (1006),President of the United States,,R,MITT ROMNEY,530,20,423,87,0
Carroll,BOWDON (1111),President of the United States,,R,MITT ROMNEY,1142,33,787,320,2
Carroll,SANDHILL (1122),President of the United States,,R,MITT ROMNEY,1575,70,697,807,1
Carroll,CENTER POINT (1152),President of the United States,,R,MITT ROMNEY,852,23,519,309,1
Carroll,LOWELL (1163),President of the United States,,R,MITT ROMNEY,692,13,458,221,0
Carroll,MT ZION (1240),President of the United States,,R,MITT ROMNEY,748,12,551,182,3
Carroll,BURWELL (1371),President of the United States,,R,MITT ROMNEY,617,11,428,178,0
Carroll,CLEM (1483),President of the United States,,R,MITT ROMNEY,1594,40,734,818,2
Carroll,BOWDON JUNCTION (1496),President of the United States,,R,MITT ROMNEY,468,9,326,131,2
Carroll,TYUS (1533),President of the United States,,R,MITT ROMNEY,857,21,615,219,2
Carroll,FAIRFIELD (1540),President of the United States,,R,MITT ROMNEY,1612,76,957,578,1
Carroll,HULETT (1542),President of the United States,,R,MITT ROMNEY,1013,32,559,422,0
Carroll,BETHANY (501),President of the United States,,R,MITT ROMNEY,1273,36,584,652,1
Carroll,V R COUNTY SOUTH (640),President of the United States,,R,MITT ROMNEY,1184,35,488,661,0
Carroll,V R COUNTY NORTH (641),President of the United States,,R,MITT ROMNEY,1773,79,693,998,3
Carroll,VILLA RICA CITY (642),President of the United States,,R,MITT ROMNEY,1498,65,567,864,2
Carroll,TEMPLE COUNTY (649),President of the United States,,R,MITT ROMNEY,1520,49,833,638,0
Carroll,TEMPLE CITY (650),President of the United States,,R,MITT ROMNEY,1059,50,654,355,0
Carroll,WHITESBURG (682),President of the United States,,R,MITT ROMNEY,889,27,603,258,1
Carroll,ROOPVILLE (713),President of the United States,,R,MITT ROMNEY,729,19,517,193,0
Carroll,WEST CARROLLTON (714A1),President of the United States,,R,MITT ROMNEY,310,12,140,156,2
Carroll,EAST CARROLLTON REC (714A2),President of the United States,,R,MITT ROMNEY,531,23,234,274,0
Carroll,BONNER (714A3),President of the United States,,R,MITT ROMNEY,1170,38,463,669,0
Carroll,UNIVERSITY OF W. GA (714A4),President of the United States,,R,MITT ROMNEY,763,25,324,414,0
Carroll,COUNTY ADMIN BLDG (714A5),President of the United States,,R,MITT ROMNEY,725,32,246,447,0
Carroll,TABERNACLE CHURCH (714A6),President of the United States,,R,MITT ROMNEY,523,32,236,255,0
Carroll,EMC (714BN),President of the United States,,R,MITT ROMNEY,511,20,234,257,0
Carroll,OLD CAMP CHURCH (714BW),President of the United States,,R,MITT ROMNEY,1029,28,569,432,0
Carroll,OAK GROVE (715),President of the United States,,R,MITT ROMNEY,683,21,414,248,0
Carroll,NEW HOPE (716),President of the United States,,R,MITT ROMNEY,410,16,282,109,3
Carroll,,President of the United States,,D,BARACK OBAMA (I),12688,349,6168,6129,42
Carroll,KANSAS (1006),President of the United States,,D,BARACK OBAMA (I),64,2,50,12,0
Carroll,BOWDON (1111),President of the United States,,D,BARACK OBAMA (I),444,16,301,123,4
Carroll,SANDHILL (1122),President of the United States,,D,BARACK OBAMA (I),571,14,227,329,1
Carroll,CENTER POINT (1152),President of the United States,,D,BARACK OBAMA (I),118,1,68,49,0
Carroll,LOWELL (1163),President of the United States,,D,BARACK OBAMA (I),116,6,66,44,0
Carroll,MT ZION (1240),President of the United States,,D,BARACK OBAMA (I),173,1,119,52,1
Carroll,BURWELL (1371),President of the United States,,D,BARACK OBAMA (I),151,4,101,46,0
Carroll,CLEM (1483),President of the United States,,D,BARACK OBAMA (I),437,9,186,240,2
Carroll,BOWDON JUNCTION (1496),President of the United States,,D,BARACK OBAMA (I),203,4,103,94,2
Carroll,TYUS (1533),President of the United States,,D,BARACK OBAMA (I),163,2,117,43,1
Carroll,FAIRFIELD (1540),President of the United States,,D,BARACK OBAMA (I),588,19,309,259,1
Carroll,HULETT (1542),President of the United States,,D,BARACK OBAMA (I),206,4,109,93,0
Carroll,BETHANY (501),President of the United States,,D,BARACK OBAMA (I),884,13,355,512,4
Carroll,V R COUNTY SOUTH (640),President of the United States,,D,BARACK OBAMA (I),299,12,142,144,1
Carroll,V R COUNTY NORTH (641),President of the United States,,D,BARACK OBAMA (I),742,23,325,392,2
Carroll,VILLA RICA CITY (642),President of the United States,,D,BARACK OBAMA (I),1319,44,499,773,3
Carroll,TEMPLE COUNTY (649),President of the United States,,D,BARACK OBAMA (I),403,12,190,200,1
Carroll,TEMPLE CITY (650),President of the United States,,D,BARACK OBAMA (I),506,14,282,208,2
Carroll,WHITESBURG (682),President of the United States,,D,BARACK OBAMA (I),190,11,106,73,0
Carroll,ROOPVILLE (713),President of the United States,,D,BARACK OBAMA (I),150,8,97,45,0
Carroll,WEST CARROLLTON (714A1),President of the United States,,D,BARACK OBAMA (I),1262,25,567,666,4
Carroll,EAST CARROLLTON REC (714A2),President of the United States,,D,BARACK OBAMA (I),335,12,131,190,2
Carroll,BONNER (714A3),President of the United States,,D,BARACK OBAMA (I),705,30,287,384,4
Carroll,UNIVERSITY OF W. GA (714A4),President of the United States,,D,BARACK OBAMA (I),894,16,581,294,3
Carroll,COUNTY ADMIN BLDG (714A5),President of the United States,,D,BARACK OBAMA (I),513,15,226,270,2
Carroll,TABERNACLE CHURCH (714A6),President of the United States,,D,BARACK OBAMA (I),271,11,137,123,0
Carroll,EMC (714BN),President of the United States,,D,BARACK OBAMA (I),296,6,125,164,1
Carroll,OLD CAMP CHURCH (714BW),President of the United States,,D,BARACK OBAMA (I),328,9,169,149,1
Carroll,OAK GROVE (715),President of the United States,,D,BARACK OBAMA (I),189,1,101,87,0
Carroll,NEW HOPE (716),President of the United States,,D,BARACK OBAMA (I),168,5,92,71,0
Carroll,,President of the United States,,L,GARY JOHNSON,563,17,388,156,2
Carroll,KANSAS (1006),President of the United States,,L,GARY JOHNSON,8,1,4,3,0
Carroll,BOWDON (1111),President of the United States,,L,GARY JOHNSON,19,1,14,4,0
Carroll,SANDHILL (1122),President of the United States,,L,GARY JOHNSON,29,3,13,13,0
Carroll,CENTER POINT (1152),President of the United States,,L,GARY JOHNSON,6,0,5,1,0
Carroll,LOWELL (1163),President of the United States,,L,GARY JOHNSON,6,0,2,4,0
Carroll,MT ZION (1240),President of the United States,,L,GARY JOHNSON,22,0,21,1,0
Carroll,BURWELL (1371),President of the United States,,L,GARY JOHNSON,8,0,7,1,0
Carroll,CLEM (1483),President of the United States,,L,GARY JOHNSON,36,1,28,7,0
Carroll,BOWDON JUNCTION (1496),President of the United States,,L,GARY JOHNSON,14,0,13,1,0
Carroll,TYUS (1533),President of the United States,,L,GARY JOHNSON,13,0,10,3,0
Carroll,FAIRFIELD (1540),President of the United States,,L,GARY JOHNSON,20,1,15,4,0
Carroll,HULETT (1542),President of the United States,,L,GARY JOHNSON,16,0,10,6,0
Carroll,BETHANY (501),President of the United States,,L,GARY JOHNSON,33,0,20,12,1
Carroll,V R COUNTY SOUTH (640),President of the United States,,L,GARY JOHNSON,15,0,9,6,0
Carroll,V R COUNTY NORTH (641),President of the United States,,L,GARY JOHNSON,34,1,20,13,0
Carroll,VILLA RICA CITY (642),President of the United States,,L,GARY JOHNSON,35,0,19,16,0
Carroll,TEMPLE COUNTY (649),President of the United States,,L,GARY JOHNSON,30,0,23,7,0
Carroll,TEMPLE CITY (650),President of the United States,,L,GARY JOHNSON,21,0,18,3,0
Carroll,WHITESBURG (682),President of the United States,,L,GARY JOHNSON,12,0,10,2,0
Carroll,ROOPVILLE (713),President of the United States,,L,GARY JOHNSON,12,2,9,1,0
Carroll,WEST CARROLLTON (714A1),President of the United States,,L,GARY JOHNSON,12,1,10,1,0
Carroll,EAST CARROLLTON REC (714A2),President of the United States,,L,GARY JOHNSON,15,0,8,7,0
Carroll,BONNER (714A3),President of the United States,,L,GARY JOHNSON,32,1,16,14,1
Carroll,UNIVERSITY OF W. GA (714A4),President of the United States,,L,GARY JOHNSON,42,2,34,6,0
Carroll,COUNTY ADMIN BLDG (714A5),President of the United States,,L,GARY JOHNSON,26,1,17,8,0
Carroll,TABERNACLE CHURCH (714A6),President of the United States,,L,GARY JOHNSON,12,1,9,2,0
Carroll,EMC (714BN),President of the United States,,L,GARY JOHNSON,5,1,2,2,0
Carroll,OLD CAMP CHURCH (714BW),President of the United States,,L,GARY JOHNSON,18,0,15,3,0
Carroll,OAK GROVE (715),President of the United States,,L,GARY JOHNSON,8,0,4,4,0
Carroll,NEW HOPE (716),President of the United States,,L,GARY JOHNSON,4,0,3,1,0
Carroll,,"Public Service Commission, District 3",3,R,CHUCK EATON (I),25543,871,13645,11006,21
Carroll,KANSAS (1006),"Public Service Commission, District 3",3,R,CHUCK EATON (I),463,17,363,83,0
Carroll,BOWDON (1111),"Public Service Commission, District 3",3,R,CHUCK EATON (I),1011,31,688,290,2
Carroll,SANDHILL (1122),"Public Service Commission, District 3",3,R,CHUCK EATON (I),1397,64,616,717,0
Carroll,CENTER POINT (1152),"Public Service Commission, District 3",3,R,CHUCK EATON (I),763,19,461,283,0
Carroll,LOWELL (1163),"Public Service Commission, District 3",3,R,CHUCK EATON (I),618,13,405,200,0
Carroll,MT ZION (1240),"Public Service Commission, District 3",3,R,CHUCK EATON (I),670,8,492,167,3
Carroll,BURWELL (1371),"Public Service Commission, District 3",3,R,CHUCK EATON (I),516,10,363,143,0
Carroll,CLEM (1483),"Public Service Commission, District 3",3,R,CHUCK EATON (I),1455,38,666,749,2
Carroll,BOWDON JUNCTION (1496),"Public Service Commission, District 3",3,R,CHUCK EATON (I),442,6,310,125,1
Carroll,TYUS (1533),"Public Service Commission, District 3",3,R,CHUCK EATON (I),745,21,534,188,2
Carroll,FAIRFIELD (1540),"Public Service Commission, District 3",3,R,CHUCK EATON (I),1427,64,842,520,1
Carroll,HULETT (1542),"Public Service Commission, District 3",3,R,CHUCK EATON (I),893,29,500,364,0
Carroll,BETHANY (501),"Public Service Commission, District 3",3,R,CHUCK EATON (I),1149,32,544,572,1
Carroll,V R COUNTY SOUTH (640),"Public Service Commission, District 3",3,R,CHUCK EATON (I),1044,33,437,574,0
Carroll,V R COUNTY NORTH (641),"Public Service Commission, District 3",3,R,CHUCK EATON (I),1626,74,627,923,2
Carroll,VILLA RICA CITY (642),"Public Service Commission, District 3",3,R,CHUCK EATON (I),1387,63,508,814,2
Carroll,TEMPLE COUNTY (649),"Public Service Commission, District 3",3,R,CHUCK EATON (I),1342,44,731,567,0
Carroll,TEMPLE CITY (650),"Public Service Commission, District 3",3,R,CHUCK EATON (I),951,40,581,330,0
Carroll,WHITESBURG (682),"Public Service Commission, District 3",3,R,CHUCK EATON (I),803,26,539,237,1
Carroll,ROOPVILLE (713),"Public Service Commission, District 3",3,R,CHUCK EATON (I),655,16,464,175,0
Carroll,WEST CARROLLTON (714A1),"Public Service Commission, District 3",3,R,CHUCK EATON (I),305,10,143,151,1
Carroll,EAST CARROLLTON REC (714A2),"Public Service Commission, District 3",3,R,CHUCK EATON (I),492,19,214,259,0
Carroll,BONNER (714A3),"Public Service Commission, District 3",3,R,CHUCK EATON (I),1092,34,447,611,0
Carroll,UNIVERSITY OF W. GA (714A4),"Public Service Commission, District 3",3,R,CHUCK EATON (I),762,23,352,387,0
Carroll,COUNTY ADMIN BLDG (714A5),"Public Service Commission, District 3",3,R,CHUCK EATON (I),671,26,228,417,0
Carroll,TABERNACLE CHURCH (714A6),"Public Service Commission, District 3",3,R,CHUCK EATON (I),482,31,220,231,0
Carroll,EMC (714BN),"Public Service Commission, District 3",3,R,CHUCK EATON (I),446,15,203,228,0
Carroll,OLD CAMP CHURCH (714BW),"Public Service Commission, District 3",3,R,CHUCK EATON (I),951,29,528,394,0
Carroll,OAK GROVE (715),"Public Service Commission, District 3",3,R,CHUCK EATON (I),617,19,382,216,0
Carroll,NEW HOPE (716),"Public Service Commission, District 3",3,R,CHUCK EATON (I),368,17,257,91,3
Carroll,,"Public Service Commission, District 3",3,D,STEPHEN OPPENHEIMER,11030,311,5305,5375,39
Carroll,KANSAS (1006),"Public Service Commission, District 3",3,D,STEPHEN OPPENHEIMER,57,1,47,9,0
Carroll,BOWDON (1111),"Public Service Commission, District 3",3,D,STEPHEN OPPENHEIMER,361,14,242,102,3
Carroll,SANDHILL (1122),"Public Service Commission, District 3",3,D,STEPHEN OPPENHEIMER,537,20,211,304,2
Carroll,CENTER POINT (1152),"Public Service Commission, District 3",3,D,STEPHEN OPPENHEIMER,114,2,67,45,0
Carroll,LOWELL (1163),"Public Service Commission, District 3",3,D,STEPHEN OPPENHEIMER,110,4,65,41,0
Carroll,MT ZION (1240),"Public Service Commission, District 3",3,D,STEPHEN OPPENHEIMER,176,1,129,46,0
Carroll,BURWELL (1371),"Public Service Commission, District 3",3,D,STEPHEN OPPENHEIMER,145,3,96,46,0
Carroll,CLEM (1483),"Public Service Commission, District 3",3,D,STEPHEN OPPENHEIMER,393,10,167,214,2
Carroll,BOWDON JUNCTION (1496),"Public Service Commission, District 3",3,D,STEPHEN OPPENHEIMER,164,6,77,78,3
Carroll,TYUS (1533),"Public Service Commission, District 3",3,D,STEPHEN OPPENHEIMER,146,0,106,40,0
Carroll,FAIRFIELD (1540),"Public Service Commission, District 3",3,D,STEPHEN OPPENHEIMER,518,20,266,231,1
Carroll,HULETT (1542),"Public Service Commission, District 3",3,D,STEPHEN OPPENHEIMER,182,4,99,79,0
Carroll,BETHANY (501),"Public Service Commission, District 3",3,D,STEPHEN OPPENHEIMER,774,12,309,449,4
Carroll,V R COUNTY SOUTH (640),"Public Service Commission, District 3",3,D,STEPHEN OPPENHEIMER,276,12,130,133,1
Carroll,V R COUNTY NORTH (641),"Public Service Commission, District 3",3,D,STEPHEN OPPENHEIMER,651,23,272,353,3
Carroll,VILLA RICA CITY (642),"Public Service Commission, District 3",3,D,STEPHEN OPPENHEIMER,1140,34,433,671,2
Carroll,TEMPLE COUNTY (649),"Public Service Commission, District 3",3,D,STEPHEN OPPENHEIMER,371,10,171,189,1
Carroll,TEMPLE CITY (650),"Public Service Commission, District 3",3,D,STEPHEN OPPENHEIMER,444,12,244,186,2
Carroll,WHITESBURG (682),"Public Service Commission, District 3",3,D,STEPHEN OPPENHEIMER,172,10,95,67,0
Carroll,ROOPVILLE (713),"Public Service Commission, District 3",3,D,STEPHEN OPPENHEIMER,136,6,90,40,0
Carroll,WEST CARROLLTON (714A1),"Public Service Commission, District 3",3,D,STEPHEN OPPENHEIMER,1062,21,488,549,4
Carroll,EAST CARROLLTON REC (714A2),"Public Service Commission, District 3",3,D,STEPHEN OPPENHEIMER,295,8,119,166,2
Carroll,BONNER (714A3),"Public Service Commission, District 3",3,D,STEPHEN OPPENHEIMER,583,30,220,329,4
Carroll,UNIVERSITY OF W. GA (714A4),"Public Service Commission, District 3",3,D,STEPHEN OPPENHEIMER,749,11,478,258,2
Carroll,COUNTY ADMIN BLDG (714A5),"Public Service Commission, District 3",3,D,STEPHEN OPPENHEIMER,425,11,182,231,1
Carroll,TABERNACLE CHURCH (714A6),"Public Service Commission, District 3",3,D,STEPHEN OPPENHEIMER,222,10,114,98,0
Carroll,EMC (714BN),"Public Service Commission, District 3",3,D,STEPHEN OPPENHEIMER,247,6,98,142,1
Carroll,OLD CAMP CHURCH (714BW),"Public Service Commission, District 3",3,D,STEPHEN OPPENHEIMER,268,6,129,132,1
Carroll,OAK GROVE (715),"Public Service Commission, District 3",3,D,STEPHEN OPPENHEIMER,159,2,79,78,0
Carroll,NEW HOPE (716),"Public Service Commission, District 3",3,D,STEPHEN OPPENHEIMER,153,2,82,69,0
Carroll,,"Public Service Commission, District 3",3,L,BRAD PLOEGER,1993,72,1187,730,4
Carroll,KANSAS (1006),"Public Service Commission, District 3",3,L,BRAD PLOEGER,28,0,23,5,0
Carroll,BOWDON (1111),"Public Service Commission, District 3",3,L,BRAD PLOEGER,66,4,47,15,0
Carroll,SANDHILL (1122),"Public Service Commission, District 3",3,L,BRAD PLOEGER,107,2,48,57,0
Carroll,CENTER POINT (1152),"Public Service Commission, District 3",3,L,BRAD PLOEGER,49,2,31,16,0
Carroll,LOWELL (1163),"Public Service Commission, District 3",3,L,BRAD PLOEGER,35,1,24,10,0
Carroll,MT ZION (1240),"Public Service Commission, District 3",3,L,BRAD PLOEGER,53,2,36,14,1
Carroll,BURWELL (1371),"Public Service Commission, District 3",3,L,BRAD PLOEGER,47,0,28,19,0
Carroll,CLEM (1483),"Public Service Commission, District 3",3,L,BRAD PLOEGER,101,1,61,39,0
Carroll,BOWDON JUNCTION (1496),"Public Service Commission, District 3",3,L,BRAD PLOEGER,28,0,25,3,0
Carroll,TYUS (1533),"Public Service Commission, District 3",3,L,BRAD PLOEGER,53,0,37,16,0
Carroll,FAIRFIELD (1540),"Public Service Commission, District 3",3,L,BRAD PLOEGER,104,10,74,20,0
Carroll,HULETT (1542),"Public Service Commission, District 3",3,L,BRAD PLOEGER,58,2,33,23,0
Carroll,BETHANY (501),"Public Service Commission, District 3",3,L,BRAD PLOEGER,88,1,44,42,1
Carroll,V R COUNTY SOUTH (640),"Public Service Commission, District 3",3,L,BRAD PLOEGER,77,3,37,37,0
Carroll,V R COUNTY NORTH (641),"Public Service Commission, District 3",3,L,BRAD PLOEGER,131,1,76,54,0
Carroll,VILLA RICA CITY (642),"Public Service Commission, District 3",3,L,BRAD PLOEGER,126,4,64,58,0
Carroll,TEMPLE COUNTY (649),"Public Service Commission, District 3",3,L,BRAD PLOEGER,93,1,57,35,0
Carroll,TEMPLE CITY (650),"Public Service Commission, District 3",3,L,BRAD PLOEGER,82,5,56,21,0
Carroll,WHITESBURG (682),"Public Service Commission, District 3",3,L,BRAD PLOEGER,51,1,34,16,0
Carroll,ROOPVILLE (713),"Public Service Commission, District 3",3,L,BRAD PLOEGER,41,5,27,9,0
Carroll,WEST CARROLLTON (714A1),"Public Service Commission, District 3",3,L,BRAD PLOEGER,47,4,23,20,0
Carroll,EAST CARROLLTON REC (714A2),"Public Service Commission, District 3",3,L,BRAD PLOEGER,38,3,21,14,0
Carroll,BONNER (714A3),"Public Service Commission, District 3",3,L,BRAD PLOEGER,89,4,40,44,1
Carroll,UNIVERSITY OF W. GA (714A4),"Public Service Commission, District 3",3,L,BRAD PLOEGER,93,4,55,34,0
Carroll,COUNTY ADMIN BLDG (714A5),"Public Service Commission, District 3",3,L,BRAD PLOEGER,85,6,45,33,1
Carroll,TABERNACLE CHURCH (714A6),"Public Service Commission, District 3",3,L,BRAD PLOEGER,51,3,29,19,0
Carroll,EMC (714BN),"Public Service Commission, District 3",3,L,BRAD PLOEGER,38,2,21,15,0
Carroll,OLD CAMP CHURCH (714BW),"Public Service Commission, District 3",3,L,BRAD PLOEGER,79,1,55,23,0
Carroll,OAK GROVE (715),"Public Service Commission, District 3",3,L,BRAD PLOEGER,34,0,22,12,0
Carroll,NEW HOPE (716),"Public Service Commission, District 3",3,L,BRAD PLOEGER,21,0,14,7,0
Carroll,,"Public Service Commission, District 5",5,R,STAN WISE (I),27198,926,14411,11838,23
Carroll,KANSAS (1006),"Public Service Commission, District 5",5,R,STAN WISE (I),457,17,360,80,0
Carroll,BOWDON (1111),"Public Service Commission, District 5",5,R,STAN WISE (I),1053,32,722,297,2
Carroll,SANDHILL (1122),"Public Service Commission, District 5",5,R,STAN WISE (I),1485,71,655,759,0
Carroll,CENTER POINT (1152),"Public Service Commission, District 5",5,R,STAN WISE (I),790,19,479,292,0
Carroll,LOWELL (1163),"Public Service Commission, District 5",5,R,STAN WISE (I),632,15,416,201,0
Carroll,MT ZION (1240),"Public Service Commission, District 5",5,R,STAN WISE (I),678,9,496,171,2
Carroll,BURWELL (1371),"Public Service Commission, District 5",5,R,STAN WISE (I),543,11,382,150,0
Carroll,CLEM (1483),"Public Service Commission, District 5",5,R,STAN WISE (I),1508,42,696,768,2
Carroll,BOWDON JUNCTION (1496),"Public Service Commission, District 5",5,R,STAN WISE (I),460,6,322,130,2
Carroll,TYUS (1533),"Public Service Commission, District 5",5,R,STAN WISE (I),778,21,552,204,1
Carroll,FAIRFIELD (1540),"Public Service Commission, District 5",5,R,STAN WISE (I),1472,68,876,527,1
Carroll,HULETT (1542),"Public Service Commission, District 5",5,R,STAN WISE (I),923,31,501,391,0
Carroll,BETHANY (501),"Public Service Commission, District 5",5,R,STAN WISE (I),1301,33,596,669,3
Carroll,V R COUNTY SOUTH (640),"Public Service Commission, District 5",5,R,STAN WISE (I),1079,33,450,596,0
Carroll,V R COUNTY NORTH (641),"Public Service Commission, District 5",5,R,STAN WISE (I),1701,74,647,977,3
Carroll,VILLA RICA CITY (642),"Public Service Commission, District 5",5,R,STAN WISE (I),1556,65,590,899,2
Carroll,TEMPLE COUNTY (649),"Public Service Commission, District 5",5,R,STAN WISE (I),1393,45,754,594,0
Carroll,TEMPLE CITY (650),"Public Service Commission, District 5",5,R,STAN WISE (I),1005,41,595,369,0
Carroll,WHITESBURG (682),"Public Service Commission, District 5",5,R,STAN WISE (I),847,26,568,252,1
Carroll,ROOPVILLE (713),"Public Service Commission, District 5",5,R,STAN WISE (I),674,17,478,179,0
Carroll,WEST CARROLLTON (714A1),"Public Service Commission, District 5",5,R,STAN WISE (I),493,14,224,254,1
Carroll,EAST CARROLLTON REC (714A2),"Public Service Commission, District 5",5,R,STAN WISE (I),540,24,228,288,0
Carroll,BONNER (714A3),"Public Service Commission, District 5",5,R,STAN WISE (I),1158,41,460,657,0
Carroll,UNIVERSITY OF W. GA (714A4),"Public Service Commission, District 5",5,R,STAN WISE (I),916,26,454,436,0
Carroll,COUNTY ADMIN BLDG (714A5),"Public Service Commission, District 5",5,R,STAN WISE (I),749,32,270,447,0
Carroll,TABERNACLE CHURCH (714A6),"Public Service Commission, District 5",5,R,STAN WISE (I),517,35,233,249,0
Carroll,EMC (714BN),"Public Service Commission, District 5",5,R,STAN WISE (I),482,15,218,249,0
Carroll,OLD CAMP CHURCH (714BW),"Public Service Commission, District 5",5,R,STAN WISE (I),981,30,533,418,0
Carroll,OAK GROVE (715),"Public Service Commission, District 5",5,R,STAN WISE (I),622,16,380,226,0
Carroll,NEW HOPE (716),"Public Service Commission, District 5",5,R,STAN WISE (I),405,17,276,109,3
Carroll,,"Public Service Commission, District 5",5,L,DAVID STAPLES,9179,259,4808,4076,36
Carroll,KANSAS (1006),"Public Service Commission, District 5",5,L,DAVID STAPLES,81,1,67,13,0
Carroll,BOWDON (1111),"Public Service Commission, District 5",5,L,DAVID STAPLES,304,11,205,86,2
Carroll,SANDHILL (1122),"Public Service Commission, District 5",5,L,DAVID STAPLES,451,12,197,240,2
Carroll,CENTER POINT (1152),"Public Service Commission, District 5",5,L,DAVID STAPLES,125,4,79,42,0
Carroll,LOWELL (1163),"Public Service Commission, District 5",5,L,DAVID STAPLES,110,3,71,36,0
Carroll,MT ZION (1240),"Public Service Commission, District 5",5,L,DAVID STAPLES,192,1,142,47,2
Carroll,BURWELL (1371),"Public Service Commission, District 5",5,L,DAVID STAPLES,160,1,102,57,0
Carroll,CLEM (1483),"Public Service Commission, District 5",5,L,DAVID STAPLES,352,5,164,181,2
Carroll,BOWDON JUNCTION (1496),"Public Service Commission, District 5",5,L,DAVID STAPLES,137,5,82,49,1
Carroll,TYUS (1533),"Public Service Commission, District 5",5,L,DAVID STAPLES,145,0,107,37,1
Carroll,FAIRFIELD (1540),"Public Service Commission, District 5",5,L,DAVID STAPLES,438,21,258,159,0
Carroll,HULETT (1542),"Public Service Commission, District 5",5,L,DAVID STAPLES,189,2,110,77,0
Carroll,BETHANY (501),"Public Service Commission, District 5",5,L,DAVID STAPLES,583,9,272,299,3
Carroll,V R COUNTY SOUTH (640),"Public Service Commission, District 5",5,L,DAVID STAPLES,278,14,118,145,1
Carroll,V R COUNTY NORTH (641),"Public Service Commission, District 5",5,L,DAVID STAPLES,582,15,278,287,2
Carroll,VILLA RICA CITY (642),"Public Service Commission, District 5",5,L,DAVID STAPLES,822,30,329,461,2
Carroll,TEMPLE COUNTY (649),"Public Service Commission, District 5",5,L,DAVID STAPLES,365,10,193,161,1
Carroll,TEMPLE CITY (650),"Public Service Commission, District 5",5,L,DAVID STAPLES,363,16,224,121,2
Carroll,WHITESBURG (682),"Public Service Commission, District 5",5,L,DAVID STAPLES,160,6,97,57,0
Carroll,ROOPVILLE (713),"Public Service Commission, District 5",5,L,DAVID STAPLES,137,10,90,37,0
Carroll,WEST CARROLLTON (714A1),"Public Service Commission, District 5",5,L,DAVID STAPLES,706,15,328,360,3
Carroll,EAST CARROLLTON REC (714A2),"Public Service Commission, District 5",5,L,DAVID STAPLES,218,5,98,113,2
Carroll,BONNER (714A3),"Public Service Commission, District 5",5,L,DAVID STAPLES,445,18,198,224,5
Carroll,UNIVERSITY OF W. GA (714A4),"Public Service Commission, District 5",5,L,DAVID STAPLES,547,11,334,200,2
Carroll,COUNTY ADMIN BLDG (714A5),"Public Service Commission, District 5",5,L,DAVID STAPLES,362,12,155,194,1
Carroll,TABERNACLE CHURCH (714A6),"Public Service Commission, District 5",5,L,DAVID STAPLES,178,5,106,67,0
Carroll,EMC (714BN),"Public Service Commission, District 5",5,L,DAVID STAPLES,204,6,86,111,1
Carroll,OLD CAMP CHURCH (714BW),"Public Service Commission, District 5",5,L,DAVID STAPLES,266,6,155,104,1
Carroll,OAK GROVE (715),"Public Service Commission, District 5",5,L,DAVID STAPLES,163,5,91,67,0
Carroll,NEW HOPE (716),"Public Service Commission, District 5",5,L,DAVID STAPLES,116,0,72,44,0
Carroll,,U.S. Representative,3,R,LYNN WESTMORELAND (I),33134,1071,17660,14353,50
Carroll,KANSAS (1006),U.S. Representative,3,R,LYNN WESTMORELAND (I),508,17,406,85,0
Carroll,BOWDON (1111),U.S. Representative,3,R,LYNN WESTMORELAND (I),1261,41,869,349,2
Carroll,SANDHILL (1122),U.S. Representative,3,R,LYNN WESTMORELAND (I),1794,77,797,918,2
Carroll,CENTER POINT (1152),U.S. Representative,3,R,LYNN WESTMORELAND (I),880,23,538,319,0
Carroll,LOWELL (1163),U.S. Representative,3,R,LYNN WESTMORELAND (I),712,16,466,230,0
Carroll,MT ZION (1240),U.S. Representative,3,R,LYNN WESTMORELAND (I),818,9,601,204,4
Carroll,BURWELL (1371),U.S. Representative,3,R,LYNN WESTMORELAND (I),643,13,441,189,0
Carroll,CLEM (1483),U.S. Representative,3,R,LYNN WESTMORELAND (I),1740,42,815,879,4
Carroll,BOWDON JUNCTION (1496),U.S. Representative,3,R,LYNN WESTMORELAND (I),550,9,378,160,3
Carroll,TYUS (1533),U.S. Representative,3,R,LYNN WESTMORELAND (I),864,20,621,220,3
Carroll,FAIRFIELD (1540),U.S. Representative,3,R,LYNN WESTMORELAND (I),1741,77,1040,623,1
Carroll,HULETT (1542),U.S. Representative,3,R,LYNN WESTMORELAND (I),1050,35,578,437,0
Carroll,BETHANY (501),U.S. Representative,3,R,LYNN WESTMORELAND (I),1680,39,767,869,5
Carroll,V R COUNTY SOUTH (640),U.S. Representative,3,R,LYNN WESTMORELAND (I),1268,35,536,696,1
Carroll,V R COUNTY NORTH (641),U.S. Representative,3,R,LYNN WESTMORELAND (I),2041,76,828,1133,4
Carroll,VILLA RICA CITY (642),U.S. Representative,3,R,LYNN WESTMORELAND (I),2078,87,803,1184,4
Carroll,TEMPLE COUNTY (649),U.S. Representative,3,R,LYNN WESTMORELAND (I),1631,53,891,686,1
Carroll,TEMPLE CITY (650),U.S. Representative,3,R,LYNN WESTMORELAND (I),1239,51,746,441,1
Carroll,WHITESBURG (682),U.S. Representative,3,R,LYNN WESTMORELAND (I),957,31,642,283,1
Carroll,ROOPVILLE (713),U.S. Representative,3,R,LYNN WESTMORELAND (I),768,28,537,203,0
Carroll,WEST CARROLLTON (714A1),U.S. Representative,3,R,LYNN WESTMORELAND (I),928,23,432,469,4
Carroll,EAST CARROLLTON REC (714A2),U.S. Representative,3,R,LYNN WESTMORELAND (I),678,28,300,350,0
Carroll,BONNER (714A3),U.S. Representative,3,R,LYNN WESTMORELAND (I),1472,50,598,820,4
Carroll,UNIVERSITY OF W. GA (714A4),U.S. Representative,3,R,LYNN WESTMORELAND (I),1299,27,696,575,1
Carroll,COUNTY ADMIN BLDG (714A5),U.S. Representative,3,R,LYNN WESTMORELAND (I),947,37,355,554,1
Carroll,TABERNACLE CHURCH (714A6),U.S. Representative,3,R,LYNN WESTMORELAND (I),625,36,304,285,0
Carroll,EMC (714BN),U.S. Representative,3,R,LYNN WESTMORELAND (I),617,21,280,316,0
Carroll,OLD CAMP CHURCH (714BW),U.S. Representative,3,R,LYNN WESTMORELAND (I),1143,33,637,472,1
Carroll,OAK GROVE (715),U.S. Representative,3,R,LYNN WESTMORELAND (I),722,19,434,269,0
Carroll,NEW HOPE (716),U.S. Representative,3,R,LYNN WESTMORELAND (I),480,18,324,135,3
Carroll,,State Senator,28,R,MIKE CRANE (I),4392,157,2683,1550,2
Carroll,LOWELL (1163),State Senator,28,R,MIKE CRANE (I),696,14,457,225,0
Carroll,FAIRFIELD (1540),State Senator,28,R,MIKE CRANE (I),1713,79,1028,605,1
Carroll,HULETT (1542),State Senator,28,R,MIKE CRANE (I),1033,35,564,434,0
Carroll,WHITESBURG (682),State Senator,28,R,MIKE CRANE (I),950,29,634,286,1
Carroll,,State Senator,30 (Special Republican Primary),,MIKE DUGAN,9716,216,5734,3754,12
Carroll,KANSAS (1006),State Senator,30 (Special Republican Primary),,MIKE DUGAN,190,0,167,23,0
Carroll,BOWDON (1111),State Senator,30 (Special Republican Primary),,MIKE DUGAN,570,10,431,128,1
Carroll,SANDHILL (1122),State Senator,30 (Special Republican Primary),,MIKE DUGAN,553,14,299,240,0
Carroll,CENTER POINT (1152),State Senator,30 (Special Republican Primary),,MIKE DUGAN,233,5,158,70,0
Carroll,MT ZION (1240),State Senator,30 (Special Republican Primary),,MIKE DUGAN,234,3,167,64,0
Carroll,BURWELL (1371),State Senator,30 (Special Republican Primary),,MIKE DUGAN,311,3,242,66,0
Carroll,CLEM (1483),State Senator,30 (Special Republican Primary),,MIKE DUGAN,611,18,304,288,1
Carroll,BOWDON JUNCTION (1496),State Senator,30 (Special Republican Primary),,MIKE DUGAN,184,0,134,49,1
Carroll,TYUS (1533),State Senator,30 (Special Republican Primary),,MIKE DUGAN,318,4,237,77,0
Carroll,BETHANY (501),State Senator,30 (Special Republican Primary),,MIKE DUGAN,637,6,351,280,0
Carroll,V R COUNTY SOUTH (640),State Senator,30 (Special Republican Primary),,MIKE DUGAN,293,4,158,130,1
Carroll,V R COUNTY NORTH (641),State Senator,30 (Special Republican Primary),,MIKE DUGAN,483,14,241,226,2
Carroll,VILLA RICA CITY (642),State Senator,30 (Special Republican Primary),,MIKE DUGAN,475,19,235,220,1
Carroll,TEMPLE COUNTY (649),State Senator,30 (Special Republican Primary),,MIKE DUGAN,408,9,267,132,0
Carroll,TEMPLE CITY (650),State Senator,30 (Special Republican Primary),,MIKE DUGAN,355,10,245,100,0
Carroll,ROOPVILLE (713),State Senator,30 (Special Republican Primary),,MIKE DUGAN,307,8,236,63,0
Carroll,WEST CARROLLTON (714A1),State Senator,30 (Special Republican Primary),,MIKE DUGAN,339,2,164,172,1
Carroll,EAST CARROLLTON REC (714A2),State Senator,30 (Special Republican Primary),,MIKE DUGAN,229,8,115,106,0
Carroll,BONNER (714A3),State Senator,30 (Special Republican Primary),,MIKE DUGAN,723,21,313,388,1
Carroll,UNIVERSITY OF W. GA (714A4),State Senator,30 (Special Republican Primary),,MIKE DUGAN,581,13,318,250,0
Carroll,COUNTY ADMIN BLDG (714A5),State Senator,30 (Special Republican Primary),,MIKE DUGAN,336,7,136,192,1
Carroll,TABERNACLE CHURCH (714A6),State Senator,30 (Special Republican Primary),,MIKE DUGAN,244,13,130,101,0
Carroll,EMC (714BN),State Senator,30 (Special Republican Primary),,MIKE DUGAN,210,7,117,86,0
Carroll,OLD CAMP CHURCH (714BW),State Senator,30 (Special Republican Primary),,MIKE DUGAN,436,11,264,161,0
Carroll,OAK GROVE (715),State Senator,30 (Special Republican Primary),,MIKE DUGAN,266,2,176,88,0
Carroll,NEW HOPE (716),State Senator,30 (Special Republican Primary),,MIKE DUGAN,190,5,129,54,2
Carroll,,State Senator,30 (Special Republican Primary),,BILL HEMBREE,12190,454,5759,5961,16
Carroll,KANSAS (1006),State Senator,30 (Special Republican Primary),,BILL HEMBREE,186,15,137,34,0
Carroll,BOWDON (1111),State Senator,30 (Special Republican Primary),,BILL HEMBREE,428,18,279,131,0
Carroll,SANDHILL (1122),State Senator,30 (Special Republican Primary),,BILL HEMBREE,837,43,339,453,2
Carroll,CENTER POINT (1152),State Senator,30 (Special Republican Primary),,BILL HEMBREE,448,13,252,183,0
Carroll,MT ZION (1240),State Senator,30 (Special Republican Primary),,BILL HEMBREE,351,4,258,86,3
Carroll,BURWELL (1371),State Senator,30 (Special Republican Primary),,BILL HEMBREE,219,4,138,77,0
Carroll,CLEM (1483),State Senator,30 (Special Republican Primary),,BILL HEMBREE,722,20,283,417,2
Carroll,BOWDON JUNCTION (1496),State Senator,30 (Special Republican Primary),,BILL HEMBREE,244,6,155,83,0
Carroll,TYUS (1533),State Senator,30 (Special Republican Primary),,BILL HEMBREE,315,7,220,88,0
Carroll,BETHANY (501),State Senator,30 (Special Republican Primary),,BILL HEMBREE,673,18,288,365,2
Carroll,V R COUNTY SOUTH (640),State Senator,30 (Special Republican Primary),,BILL HEMBREE,692,22,271,399,0
Carroll,V R COUNTY NORTH (641),State Senator,30 (Special Republican Primary),,BILL HEMBREE,1085,46,394,644,1
Carroll,VILLA RICA CITY (642),State Senator,30 (Special Republican Primary),,BILL HEMBREE,1122,44,407,669,2
Carroll,TEMPLE COUNTY (649),State Senator,30 (Special Republican Primary),,BILL HEMBREE,836,27,405,404,0
Carroll,TEMPLE CITY (650),State Senator,30 (Special Republican Primary),,BILL HEMBREE,618,32,351,233,2
Carroll,ROOPVILLE (713),State Senator,30 (Special Republican Primary),,BILL HEMBREE,307,12,203,92,0
Carroll,WEST CARROLLTON (714A1),State Senator,30 (Special Republican Primary),,BILL HEMBREE,365,9,155,201,0
Carroll,EAST CARROLLTON REC (714A2),State Senator,30 (Special Republican Primary),,BILL HEMBREE,282,10,117,155,0
Carroll,BONNER (714A3),State Senator,30 (Special Republican Primary),,BILL HEMBREE,461,16,172,272,1
Carroll,UNIVERSITY OF W. GA (714A4),State Senator,30 (Special Republican Primary),,BILL HEMBREE,250,11,123,116,0
Carroll,COUNTY ADMIN BLDG (714A5),State Senator,30 (Special Republican Primary),,BILL HEMBREE,387,21,132,234,0
Carroll,TABERNACLE CHURCH (714A6),State Senator,30 (Special Republican Primary),,BILL HEMBREE,211,14,95,102,0
Carroll,EMC (714BN),State Senator,30 (Special Republican Primary),,BILL HEMBREE,300,9,125,166,0
Carroll,OLD CAMP CHURCH (714BW),State Senator,30 (Special Republican Primary),,BILL HEMBREE,416,14,214,188,0
Carroll,OAK GROVE (715),State Senator,30 (Special Republican Primary),,BILL HEMBREE,267,11,146,110,0
Carroll,NEW HOPE (716),State Senator,30 (Special Republican Primary),,BILL HEMBREE,168,8,100,59,1
Carroll,,State Senator,30 (Special Republican Primary),,JIM NAUGHTON,5103,136,2589,2366,12
Carroll,KANSAS (1006),State Senator,30 (Special Republican Primary),,JIM NAUGHTON,89,2,63,24,0
Carroll,BOWDON (1111),State Senator,30 (Special Republican Primary),,JIM NAUGHTON,239,7,156,76,0
Carroll,SANDHILL (1122),State Senator,30 (Special Republican Primary),,JIM NAUGHTON,248,14,89,145,0
Carroll,CENTER POINT (1152),State Senator,30 (Special Republican Primary),,JIM NAUGHTON,125,4,72,49,0
Carroll,MT ZION (1240),State Senator,30 (Special Republican Primary),,JIM NAUGHTON,191,2,149,40,0
Carroll,BURWELL (1371),State Senator,30 (Special Republican Primary),,JIM NAUGHTON,128,3,87,38,0
Carroll,CLEM (1483),State Senator,30 (Special Republican Primary),,JIM NAUGHTON,370,6,176,187,1
Carroll,BOWDON JUNCTION (1496),State Senator,30 (Special Republican Primary),,JIM NAUGHTON,78,2,50,25,1
Carroll,TYUS (1533),State Senator,30 (Special Republican Primary),,JIM NAUGHTON,176,4,118,53,1
Carroll,BETHANY (501),State Senator,30 (Special Republican Primary),,JIM NAUGHTON,298,7,104,186,1
Carroll,V R COUNTY SOUTH (640),State Senator,30 (Special Republican Primary),,JIM NAUGHTON,123,8,47,68,0
Carroll,V R COUNTY NORTH (641),State Senator,30 (Special Republican Primary),,JIM NAUGHTON,215,14,92,109,0
Carroll,VILLA RICA CITY (642),State Senator,30 (Special Republican Primary),,JIM NAUGHTON,226,4,77,145,0
Carroll,TEMPLE COUNTY (649),State Senator,30 (Special Republican Primary),,JIM NAUGHTON,175,5,98,71,1
Carroll,TEMPLE CITY (650),State Senator,30 (Special Republican Primary),,JIM NAUGHTON,144,5,85,54,0
Carroll,ROOPVILLE (713),State Senator,30 (Special Republican Primary),,JIM NAUGHTON,126,2,86,38,0
Carroll,WEST CARROLLTON (714A1),State Senator,30 (Special Republican Primary),,JIM NAUGHTON,204,6,101,95,2
Carroll,EAST CARROLLTON REC (714A2),State Senator,30 (Special Republican Primary),,JIM NAUGHTON,158,3,65,90,0
Carroll,BONNER (714A3),State Senator,30 (Special Republican Primary),,JIM NAUGHTON,291,9,119,162,1
Carroll,UNIVERSITY OF W. GA (714A4),State Senator,30 (Special Republican Primary),,JIM NAUGHTON,429,7,211,210,1
Carroll,COUNTY ADMIN BLDG (714A5),State Senator,30 (Special Republican Primary),,JIM NAUGHTON,221,6,92,122,1
Carroll,TABERNACLE CHURCH (714A6),State Senator,30 (Special Republican Primary),,JIM NAUGHTON,170,7,72,91,0
Carroll,EMC (714BN),State Senator,30 (Special Republican Primary),,JIM NAUGHTON,95,1,40,53,1
Carroll,OLD CAMP CHURCH (714BW),State Senator,30 (Special Republican Primary),,JIM NAUGHTON,317,3,171,142,1
Carroll,OAK GROVE (715),State Senator,30 (Special Republican Primary),,JIM NAUGHTON,174,4,101,69,0
Carroll,NEW HOPE (716),State Senator,30 (Special Republican Primary),,JIM NAUGHTON,93,1,68,24,0
Carroll,,State Senator,30 (Special Republican Primary),,GLENN RICHARDSON,3638,130,1851,1648,9
Carroll,KANSAS (1006),State Senator,30 (Special Republican Primary),,GLENN RICHARDSON,63,2,53,8,0
Carroll,BOWDON (1111),State Senator,30 (Special Republican Primary),,GLENN RICHARDSON,116,3,75,36,2
Carroll,SANDHILL (1122),State Senator,30 (Special Republican Primary),,GLENN RICHARDSON,233,4,106,123,0
Carroll,CENTER POINT (1152),State Senator,30 (Special Republican Primary),,GLENN RICHARDSON,80,1,54,25,0
Carroll,MT ZION (1240),State Senator,30 (Special Republican Primary),,GLENN RICHARDSON,80,1,54,24,1
Carroll,BURWELL (1371),State Senator,30 (Special Republican Primary),,GLENN RICHARDSON,50,1,33,16,0
Carroll,CLEM (1483),State Senator,30 (Special Republican Primary),,GLENN RICHARDSON,125,3,73,49,0
Carroll,BOWDON JUNCTION (1496),State Senator,30 (Special Republican Primary),,GLENN RICHARDSON,68,1,49,17,1
Carroll,TYUS (1533),State Senator,30 (Special Republican Primary),,GLENN RICHARDSON,119,5,86,27,1
Carroll,BETHANY (501),State Senator,30 (Special Republican Primary),,GLENN RICHARDSON,235,7,107,119,2
Carroll,V R COUNTY SOUTH (640),State Senator,30 (Special Republican Primary),,GLENN RICHARDSON,217,6,96,115,0
Carroll,V R COUNTY NORTH (641),State Senator,30 (Special Republican Primary),,GLENN RICHARDSON,371,14,149,208,0
Carroll,VILLA RICA CITY (642),State Senator,30 (Special Republican Primary),,GLENN RICHARDSON,386,21,122,242,1
Carroll,TEMPLE COUNTY (649),State Senator,30 (Special Republican Primary),,GLENN RICHARDSON,250,11,137,102,0
Carroll,TEMPLE CITY (650),State Senator,30 (Special Republican Primary),,GLENN RICHARDSON,179,8,95,76,0
Carroll,ROOPVILLE (713),State Senator,30 (Special Republican Primary),,GLENN RICHARDSON,62,2,39,21,0
Carroll,WEST CARROLLTON (714A1),State Senator,30 (Special Republican Primary),,GLENN RICHARDSON,189,8,93,87,1
Carroll,EAST CARROLLTON REC (714A2),State Senator,30 (Special Republican Primary),,GLENN RICHARDSON,70,9,27,34,0
Carroll,BONNER (714A3),State Senator,30 (Special Republican Primary),,GLENN RICHARDSON,129,3,47,79,0
Carroll,UNIVERSITY OF W. GA (714A4),State Senator,30 (Special Republican Primary),,GLENN RICHARDSON,182,2,127,53,0
Carroll,COUNTY ADMIN BLDG (714A5),State Senator,30 (Special Republican Primary),,GLENN RICHARDSON,100,1,43,56,0
Carroll,TABERNACLE CHURCH (714A6),State Senator,30 (Special Republican Primary),,GLENN RICHARDSON,68,5,37,26,0
Carroll,EMC (714BN),State Senator,30 (Special Republican Primary),,GLENN RICHARDSON,71,4,23,44,0
Carroll,OLD CAMP CHURCH (714BW),State Senator,30 (Special Republican Primary),,GLENN RICHARDSON,71,6,38,27,0
Carroll,OAK GROVE (715),State Senator,30 (Special Republican Primary),,GLENN RICHARDSON,64,2,41,21,0
Carroll,NEW HOPE (716),State Senator,30 (Special Republican Primary),,GLENN RICHARDSON,60,0,47,13,0
Carroll,,State Representative,18,R,KEVIN COOKE (I),5760,189,3028,2534,9
Carroll,KANSAS (1006),State Representative,18,R,KEVIN COOKE (I),494,20,389,85,0
Carroll,MT ZION (1240),State Representative,18,R,KEVIN COOKE (I),714,9,524,178,3
Carroll,CLEM (1483),State Representative,18,R,KEVIN COOKE (I),70,5,34,31,0
Carroll,BOWDON JUNCTION (1496),State Representative,18,R,KEVIN COOKE (I),458,7,317,132,2
Carroll,BETHANY (501),State Representative,18,R,KEVIN COOKE (I),341,9,148,183,1
Carroll,WEST CARROLLTON (714A1),State Representative,18,R,KEVIN COOKE (I),351,11,160,179,1
Carroll,EAST CARROLLTON REC (714A2),State Representative,18,R,KEVIN COOKE (I),530,23,234,273,0
Carroll,BONNER (714A3),State Representative,18,R,KEVIN COOKE (I),1172,39,471,662,0
Carroll,COUNTY ADMIN BLDG (714A5),State Representative,18,R,KEVIN COOKE (I),731,30,255,446,0
Carroll,EMC (714BN),State Representative,18,R,KEVIN COOKE (I),502,19,224,259,0
Carroll,NEW HOPE (716),State Representative,18,R,KEVIN COOKE (I),397,17,272,106,2
Carroll,,State Representative,18,D,PAT RHUDY,3548,96,1622,1819,11
Carroll,KANSAS (1006),State Representative,18,D,PAT RHUDY,66,2,52,12,0
Carroll,MT ZION (1240),State Representative,18,D,PAT RHUDY,186,2,131,52,1
Carroll,CLEM (1483),State Representative,18,D,PAT RHUDY,31,0,12,18,1
Carroll,BOWDON JUNCTION (1496),State Representative,18,D,PAT RHUDY,185,5,99,80,1
Carroll,BETHANY (501),State Representative,18,D,PAT RHUDY,202,3,80,119,0
Carroll,WEST CARROLLTON (714A1),State Representative,18,D,PAT RHUDY,1098,24,504,567,3
Carroll,EAST CARROLLTON REC (714A2),State Representative,18,D,PAT RHUDY,298,8,116,174,0
Carroll,BONNER (714A3),State Representative,18,D,PAT RHUDY,613,29,235,347,2
Carroll,COUNTY ADMIN BLDG (714A5),State Representative,18,D,PAT RHUDY,467,16,204,245,2
Carroll,EMC (714BN),State Representative,18,D,PAT RHUDY,251,5,107,138,1
Carroll,NEW HOPE (716),State Representative,18,D,PAT RHUDY,151,2,82,67,0
Carroll,,State Representative,68,R,D. HIGHTOWER (I),14865,541,7277,7037,10
Carroll,SANDHILL (1122),State Representative,68,R,D. HIGHTOWER (I),1783,77,795,909,2
Carroll,CENTER POINT (1152),State Representative,68,R,D. HIGHTOWER (I),880,23,534,323,0
Carroll,FAIRFIELD (1540),State Representative,68,R,D. HIGHTOWER (I),1768,82,1051,634,1
Carroll,HULETT (1542),State Representative,68,R,D. HIGHTOWER (I),1049,36,565,448,0
Carroll,BETHANY (501),State Representative,68,R,D. HIGHTOWER (I),1246,25,583,637,1
Carroll,V R COUNTY SOUTH (640),State Representative,68,R,D. HIGHTOWER (I),1241,35,529,677,0
Carroll,V R COUNTY NORTH (641),State Representative,68,R,D. HIGHTOWER (I),2021,81,814,1123,3
Carroll,VILLA RICA CITY (642),State Representative,68,R,D. HIGHTOWER (I),2064,80,806,1175,3
Carroll,TEMPLE COUNTY (649),State Representative,68,R,D. HIGHTOWER (I),1598,52,873,673,0
Carroll,TEMPLE CITY (650),State Representative,68,R,D. HIGHTOWER (I),1215,50,727,438,0
Carroll,,State Representative,69,R,RANDY NIX (I),8131,242,4797,3091,1
Carroll,BOWDON (1111),State Representative,69,R,RANDY NIX (I),1045,34,708,302,1
Carroll,LOWELL (1163),State Representative,69,R,RANDY NIX (I),652,14,428,210,0
Carroll,BURWELL (1371),State Representative,69,R,RANDY NIX (I),571,10,398,163,0
Carroll,CLEM (1483),State Representative,69,R,RANDY NIX (I),1439,35,666,738,0
Carroll,TYUS (1533),State Representative,69,R,RANDY NIX (I),788,20,563,205,0
Carroll,ROOPVILLE (713),State Representative,69,R,RANDY NIX (I),692,19,490,183,0
Carroll,UNIVERSITY OF W. GA (714A4),State Representative,69,R,RANDY NIX (I),818,27,367,424,0
Carroll,TABERNACLE CHURCH (714A6),State Representative,69,R,RANDY NIX (I),505,33,243,229,0
Carroll,OLD CAMP CHURCH (714BW),State Representative,69,R,RANDY NIX (I),994,30,551,413,0
Carroll,OAK GROVE (715),State Representative,69,R,RANDY NIX (I),627,20,383,224,0
Carroll,,State Representative,69,D,HERBERT GILES,2862,67,1705,1087,3
Carroll,BOWDON (1111),State Representative,69,D,HERBERT GILES,395,13,275,106,1
Carroll,LOWELL (1163),State Representative,69,D,HERBERT GILES,117,4,67,46,0
Carroll,BURWELL (1371),State Representative,69,D,HERBERT GILES,157,3,107,47,0
Carroll,CLEM (1483),State Representative,69,D,HERBERT GILES,393,8,179,206,0
Carroll,TYUS (1533),State Representative,69,D,HERBERT GILES,172,1,128,42,1
Carroll,ROOPVILLE (713),State Representative,69,D,HERBERT GILES,144,8,94,42,0
Carroll,UNIVERSITY OF W. GA (714A4),State Representative,69,D,HERBERT GILES,762,10,491,261,0
Carroll,TABERNACLE CHURCH (714A6),State Representative,69,D,HERBERT GILES,234,12,117,105,0
Carroll,OLD CAMP CHURCH (714BW),State Representative,69,D,HERBERT GILES,306,6,154,145,1
Carroll,OAK GROVE (715),State Representative,69,D,HERBERT GILES,182,2,93,87,0
Carroll,,State Representative,70,R,LYNN R. SMITH (I),947,29,634,283,1
Carroll,WHITESBURG (682),State Representative,70,R,LYNN R. SMITH (I),947,29,634,283,1
Carroll,,District Attorney, Coweta Circuit,R,P. SKANDALAKIS (I),33024,1063,17535,14376,50
Carroll,KANSAS (1006),District Attorney, Coweta Circuit,R,P. SKANDALAKIS (I),504,17,405,82,0
Carroll,BOWDON (1111),District Attorney, Coweta Circuit,R,P. SKANDALAKIS (I),1256,37,868,348,3
Carroll,SANDHILL (1122),District Attorney, Coweta Circuit,R,P. SKANDALAKIS (I),1757,76,771,908,2
Carroll,CENTER POINT (1152),District Attorney, Coweta Circuit,R,P. SKANDALAKIS (I),860,23,522,315,0
Carroll,LOWELL (1163),District Attorney, Coweta Circuit,R,P. SKANDALAKIS (I),707,16,460,231,0
Carroll,MT ZION (1240),District Attorney, Coweta Circuit,R,P. SKANDALAKIS (I),820,9,600,207,4
Carroll,BURWELL (1371),District Attorney, Coweta Circuit,R,P. SKANDALAKIS (I),632,13,437,182,0
Carroll,CLEM (1483),District Attorney, Coweta Circuit,R,P. SKANDALAKIS (I),1754,44,816,890,4
Carroll,BOWDON JUNCTION (1496),District Attorney, Coweta Circuit,R,P. SKANDALAKIS (I),554,10,377,165,2
Carroll,TYUS (1533),District Attorney, Coweta Circuit,R,P. SKANDALAKIS (I),869,20,621,226,2
Carroll,FAIRFIELD (1540),District Attorney, Coweta Circuit,R,P. SKANDALAKIS (I),1724,81,1029,613,1
Carroll,HULETT (1542),District Attorney, Coweta Circuit,R,P. SKANDALAKIS (I),1029,36,568,425,0
Carroll,BETHANY (501),District Attorney, Coweta Circuit,R,P. SKANDALAKIS (I),1690,39,775,872,4
Carroll,V R COUNTY SOUTH (640),District Attorney, Coweta Circuit,R,P. SKANDALAKIS (I),1227,37,524,665,1
Carroll,V R COUNTY NORTH (641),District Attorney, Coweta Circuit,R,P. SKANDALAKIS (I),2002,78,803,1117,4
Carroll,VILLA RICA CITY (642),District Attorney, Coweta Circuit,R,P. SKANDALAKIS (I),2060,84,792,1180,4
Carroll,TEMPLE COUNTY (649),District Attorney, Coweta Circuit,R,P. SKANDALAKIS (I),1590,51,867,671,1
Carroll,TEMPLE CITY (650),District Attorney, Coweta Circuit,R,P. SKANDALAKIS (I),1206,51,717,437,1
Carroll,WHITESBURG (682),District Attorney, Coweta Circuit,R,P. SKANDALAKIS (I),947,28,634,284,1
Carroll,ROOPVILLE (713),District Attorney, Coweta Circuit,R,P. SKANDALAKIS (I),759,24,528,207,0
Carroll,WEST CARROLLTON (714A1),District Attorney, Coweta Circuit,R,P. SKANDALAKIS (I),966,23,453,486,4
Carroll,EAST CARROLLTON REC (714A2),District Attorney, Coweta Circuit,R,P. SKANDALAKIS (I),683,27,299,356,1
Carroll,BONNER (714A3),District Attorney, Coweta Circuit,R,P. SKANDALAKIS (I),1482,46,594,837,5
Carroll,UNIVERSITY OF W. GA (714A4),District Attorney, Coweta Circuit,R,P. SKANDALAKIS (I),1335,30,715,589,1
Carroll,COUNTY ADMIN BLDG (714A5),District Attorney, Coweta Circuit,R,P. SKANDALAKIS (I),966,36,370,559,1
Carroll,TABERNACLE CHURCH (714A6),District Attorney, Coweta Circuit,R,P. SKANDALAKIS (I),643,37,308,298,0
Carroll,EMC (714BN),District Attorney, Coweta Circuit,R,P. SKANDALAKIS (I),622,20,277,325,0
Carroll,OLD CAMP CHURCH (714BW),District Attorney, Coweta Circuit,R,P. SKANDALAKIS (I),1166,34,638,493,1
Carroll,OAK GROVE (715),District Attorney, Coweta Circuit,R,P. SKANDALAKIS (I),722,18,434,270,0
Carroll,NEW HOPE (716),District Attorney, Coweta Circuit,R,P. SKANDALAKIS (I),492,18,333,138,3
Carroll,,CLERK SUPERIOR CT,,R,ALAN J. LEE (I),33290,1083,17725,14432,50
Carroll,KANSAS (1006),CLERK SUPERIOR CT,,R,ALAN J. LEE (I),503,16,402,85,0
Carroll,BOWDON (1111),CLERK SUPERIOR CT,,R,ALAN J. LEE (I),1281,43,884,352,2
Carroll,SANDHILL (1122),CLERK SUPERIOR CT,,R,ALAN J. LEE (I),1780,81,783,914,2
Carroll,CENTER POINT (1152),CLERK SUPERIOR CT,,R,ALAN J. LEE (I),863,21,523,319,0
Carroll,LOWELL (1163),CLERK SUPERIOR CT,,R,ALAN J. LEE (I),719,16,468,235,0
Carroll,MT ZION (1240),CLERK SUPERIOR CT,,R,ALAN J. LEE (I),817,9,602,202,4
Carroll,BURWELL (1371),CLERK SUPERIOR CT,,R,ALAN J. LEE (I),644,12,451,181,0
Carroll,CLEM (1483),CLERK SUPERIOR CT,,R,ALAN J. LEE (I),1763,43,823,893,4
Carroll,BOWDON JUNCTION (1496),CLERK SUPERIOR CT,,R,ALAN J. LEE (I),571,9,389,170,3
Carroll,TYUS (1533),CLERK SUPERIOR CT,,R,ALAN J. LEE (I),876,20,630,224,2
Carroll,FAIRFIELD (1540),CLERK SUPERIOR CT,,R,ALAN J. LEE (I),1725,82,1032,610,1
Carroll,HULETT (1542),CLERK SUPERIOR CT,,R,ALAN J. LEE (I),1038,35,570,433,0
Carroll,BETHANY (501),CLERK SUPERIOR CT,,R,ALAN J. LEE (I),1708,39,784,880,5
Carroll,V R COUNTY SOUTH (640),CLERK SUPERIOR CT,,R,ALAN J. LEE (I),1240,37,535,667,1
Carroll,V R COUNTY NORTH (641),CLERK SUPERIOR CT,,R,ALAN J. LEE (I),2021,80,814,1123,4
Carroll,VILLA RICA CITY (642),CLERK SUPERIOR CT,,R,ALAN J. LEE (I),2053,84,791,1174,4
Carroll,TEMPLE COUNTY (649),CLERK SUPERIOR CT,,R,ALAN J. LEE (I),1609,52,877,679,1
Carroll,TEMPLE CITY (650),CLERK SUPERIOR CT,,R,ALAN J. LEE (I),1224,54,726,443,1
Carroll,WHITESBURG (682),CLERK SUPERIOR CT,,R,ALAN J. LEE (I),952,30,638,283,1
Carroll,ROOPVILLE (713),CLERK SUPERIOR CT,,R,ALAN J. LEE (I),773,26,538,209,0
Carroll,WEST CARROLLTON (714A1),CLERK SUPERIOR CT,,R,ALAN J. LEE (I),963,23,454,482,4
Carroll,EAST CARROLLTON REC (714A2),CLERK SUPERIOR CT,,R,ALAN J. LEE (I),691,28,302,360,1
Carroll,BONNER (714A3),CLERK SUPERIOR CT,,R,ALAN J. LEE (I),1496,49,603,839,5
Carroll,UNIVERSITY OF W. GA (714A4),CLERK SUPERIOR CT,,R,ALAN J. LEE (I),1335,31,715,589,0
Carroll,COUNTY ADMIN BLDG (714A5),CLERK SUPERIOR CT,,R,ALAN J. LEE (I),969,36,365,567,1
Carroll,TABERNACLE CHURCH (714A6),CLERK SUPERIOR CT,,R,ALAN J. LEE (I),638,39,305,294,0
Carroll,EMC (714BN),CLERK SUPERIOR CT,,R,ALAN J. LEE (I),622,19,283,320,0
Carroll,OLD CAMP CHURCH (714BW),CLERK SUPERIOR CT,,R,ALAN J. LEE (I),1192,34,658,499,1
Carroll,OAK GROVE (715),CLERK SUPERIOR CT,,R,ALAN J. LEE (I),735,17,445,273,0
Carroll,NEW HOPE (716),CLERK SUPERIOR CT,,R,ALAN J. LEE (I),489,18,335,133,3
Carroll,,SHERIFF,,R,TERRY LANGLEY (I),34675,1095,18434,15095,51
Carroll,KANSAS (1006),SHERIFF,,R,TERRY LANGLEY (I),535,17,428,90,0
Carroll,BOWDON (1111),SHERIFF,,R,TERRY LANGLEY (I),1388,44,963,379,2
Carroll,SANDHILL (1122),SHERIFF,,R,TERRY LANGLEY (I),1852,79,809,962,2
Carroll,CENTER POINT (1152),SHERIFF,,R,TERRY LANGLEY (I),881,24,530,327,0
Carroll,LOWELL (1163),SHERIFF,,R,TERRY LANGLEY (I),744,16,492,236,0
Carroll,MT ZION (1240),SHERIFF,,R,TERRY LANGLEY (I),840,10,615,211,4
Carroll,BURWELL (1371),SHERIFF,,R,TERRY LANGLEY (I),684,12,477,195,0
Carroll,CLEM (1483),SHERIFF,,R,TERRY LANGLEY (I),1826,43,852,927,4
Carroll,BOWDON JUNCTION (1496),SHERIFF,,R,TERRY LANGLEY (I),587,10,399,175,3
Carroll,TYUS (1533),SHERIFF,,R,TERRY LANGLEY (I),934,19,673,239,3
Carroll,FAIRFIELD (1540),SHERIFF,,R,TERRY LANGLEY (I),1830,86,1082,661,1
Carroll,HULETT (1542),SHERIFF,,R,TERRY LANGLEY (I),1082,36,593,453,0
Carroll,BETHANY (501),SHERIFF,,R,TERRY LANGLEY (I),1780,35,811,929,5
Carroll,V R COUNTY SOUTH (640),SHERIFF,,R,TERRY LANGLEY (I),1273,35,548,689,1
Carroll,V R COUNTY NORTH (641),SHERIFF,,R,TERRY LANGLEY (I),2059,82,835,1138,4
Carroll,VILLA RICA CITY (642),SHERIFF,,R,TERRY LANGLEY (I),2140,85,815,1236,4
Carroll,TEMPLE COUNTY (649),SHERIFF,,R,TERRY LANGLEY (I),1649,51,898,699,1
Carroll,TEMPLE CITY (650),SHERIFF,,R,TERRY LANGLEY (I),1251,54,753,443,1
Carroll,WHITESBURG (682),SHERIFF,,R,TERRY LANGLEY (I),984,31,656,296,1
Carroll,ROOPVILLE (713),SHERIFF,,R,TERRY LANGLEY (I),803,26,560,217,0
Carroll,WEST CARROLLTON (714A1),SHERIFF,,R,TERRY LANGLEY (I),1028,25,474,525,4
Carroll,EAST CARROLLTON REC (714A2),SHERIFF,,R,TERRY LANGLEY (I),709,29,310,369,1
Carroll,BONNER (714A3),SHERIFF,,R,TERRY LANGLEY (I),1587,51,635,896,5
Carroll,UNIVERSITY OF W. GA (714A4),SHERIFF,,R,TERRY LANGLEY (I),1364,31,726,607,0
Carroll,COUNTY ADMIN BLDG (714A5),SHERIFF,,R,TERRY LANGLEY (I),1014,38,385,590,1
Carroll,TABERNACLE CHURCH (714A6),SHERIFF,,R,TERRY LANGLEY (I),669,38,318,313,0
Carroll,EMC (714BN),SHERIFF,,R,TERRY LANGLEY (I),666,20,307,339,0
Carroll,OLD CAMP CHURCH (714BW),SHERIFF,,R,TERRY LANGLEY (I),1230,32,680,517,1
Carroll,OAK GROVE (715),SHERIFF,,R,TERRY LANGLEY (I),775,18,468,289,0
Carroll,NEW HOPE (716),SHERIFF,,R,TERRY LANGLEY (I),511,18,342,148,3
Carroll,,TAX COMMISSIONER,,R,VICKIE BEARDEN (I),34081,1083,18082,14866,50
Carroll,KANSAS (1006),TAX COMMISSIONER,,R,VICKIE BEARDEN (I),525,17,417,91,0
Carroll,BOWDON (1111),TAX COMMISSIONER,,R,VICKIE BEARDEN (I),1308,43,901,362,2
Carroll,SANDHILL (1122),TAX COMMISSIONER,,R,VICKIE BEARDEN (I),1823,78,798,945,2
Carroll,CENTER POINT (1152),TAX COMMISSIONER,,R,VICKIE BEARDEN (I),879,21,537,321,0
Carroll,LOWELL (1163),TAX COMMISSIONER,,R,VICKIE BEARDEN (I),722,16,474,232,0
Carroll,MT ZION (1240),TAX COMMISSIONER,,R,VICKIE BEARDEN (I),832,10,612,207,3
Carroll,BURWELL (1371),TAX COMMISSIONER,,R,VICKIE BEARDEN (I),661,12,455,194,0
Carroll,CLEM (1483),TAX COMMISSIONER,,R,VICKIE BEARDEN (I),1806,43,844,915,4
Carroll,BOWDON JUNCTION (1496),TAX COMMISSIONER,,R,VICKIE BEARDEN (I),573,10,386,174,3
Carroll,TYUS (1533),TAX COMMISSIONER,,R,VICKIE BEARDEN (I),890,19,635,233,3
Carroll,FAIRFIELD (1540),TAX COMMISSIONER,,R,VICKIE BEARDEN (I),1805,86,1074,644,1
Carroll,HULETT (1542),TAX COMMISSIONER,,R,VICKIE BEARDEN (I),1066,36,581,449,0
Carroll,BETHANY (501),TAX COMMISSIONER,,R,VICKIE BEARDEN (I),1761,39,803,914,5
Carroll,V R COUNTY SOUTH (640),TAX COMMISSIONER,,R,VICKIE BEARDEN (I),1273,35,548,689,1
Carroll,V R COUNTY NORTH (641),TAX COMMISSIONER,,R,VICKIE BEARDEN (I),2042,81,823,1134,4
Carroll,VILLA RICA CITY (642),TAX COMMISSIONER,,R,VICKIE BEARDEN (I),2116,85,799,1228,4
Carroll,TEMPLE COUNTY (649),TAX COMMISSIONER,,R,VICKIE BEARDEN (I),1651,51,905,694,1
Carroll,TEMPLE CITY (650),TAX COMMISSIONER,,R,VICKIE BEARDEN (I),1250,53,747,449,1
Carroll,WHITESBURG (682),TAX COMMISSIONER,,R,VICKIE BEARDEN (I),973,28,649,295,1
Carroll,ROOPVILLE (713),TAX COMMISSIONER,,R,VICKIE BEARDEN (I),786,24,551,211,0
Carroll,WEST CARROLLTON (714A1),TAX COMMISSIONER,,R,VICKIE BEARDEN (I),995,24,464,503,4
Carroll,EAST CARROLLTON REC (714A2),TAX COMMISSIONER,,R,VICKIE BEARDEN (I),700,28,305,367,0
Carroll,BONNER (714A3),TAX COMMISSIONER,,R,VICKIE BEARDEN (I),1531,48,614,864,5
Carroll,UNIVERSITY OF W. GA (714A4),TAX COMMISSIONER,,R,VICKIE BEARDEN (I),1345,31,720,593,1
Carroll,COUNTY ADMIN BLDG (714A5),TAX COMMISSIONER,,R,VICKIE BEARDEN (I),996,36,378,581,1
Carroll,TABERNACLE CHURCH (714A6),TAX COMMISSIONER,,R,VICKIE BEARDEN (I),655,39,308,308,0
Carroll,EMC (714BN),TAX COMMISSIONER,,R,VICKIE BEARDEN (I),655,21,294,340,0
Carroll,OLD CAMP CHURCH (714BW),TAX COMMISSIONER,,R,VICKIE BEARDEN (I),1207,34,665,507,1
Carroll,OAK GROVE (715),TAX COMMISSIONER,,R,VICKIE BEARDEN (I),752,18,455,279,0
Carroll,NEW HOPE (716),TAX COMMISSIONER,,R,VICKIE BEARDEN (I),503,17,340,143,3
Carroll,,SURVEYOR,,R,MICHAEL CRAWFORD,32819,1062,17476,14232,49
Carroll,KANSAS (1006),SURVEYOR,,R,MICHAEL CRAWFORD,511,16,408,87,0
Carroll,BOWDON (1111),SURVEYOR,,R,MICHAEL CRAWFORD,1261,39,868,352,2
Carroll,SANDHILL (1122),SURVEYOR,,R,MICHAEL CRAWFORD,1750,79,775,894,2
Carroll,CENTER POINT (1152),SURVEYOR,,R,MICHAEL CRAWFORD,856,21,523,312,0
Carroll,LOWELL (1163),SURVEYOR,,R,MICHAEL CRAWFORD,705,16,466,223,0
Carroll,MT ZION (1240),SURVEYOR,,R,MICHAEL CRAWFORD,801,9,588,200,4
Carroll,BURWELL (1371),SURVEYOR,,R,MICHAEL CRAWFORD,632,12,435,185,0
Carroll,CLEM (1483),SURVEYOR,,R,MICHAEL CRAWFORD,1739,43,811,881,4
Carroll,BOWDON JUNCTION (1496),SURVEYOR,,R,MICHAEL CRAWFORD,552,9,378,162,3
Carroll,TYUS (1533),SURVEYOR,,R,MICHAEL CRAWFORD,856,18,615,221,2
Carroll,FAIRFIELD (1540),SURVEYOR,,R,MICHAEL CRAWFORD,1719,79,1031,608,1
Carroll,HULETT (1542),SURVEYOR,,R,MICHAEL CRAWFORD,1031,35,560,436,0
Carroll,BETHANY (501),SURVEYOR,,R,MICHAEL CRAWFORD,1664,40,759,860,5
Carroll,V R COUNTY SOUTH (640),SURVEYOR,,R,MICHAEL CRAWFORD,1233,34,529,669,1
Carroll,V R COUNTY NORTH (641),SURVEYOR,,R,MICHAEL CRAWFORD,2010,79,813,1114,4
Carroll,VILLA RICA CITY (642),SURVEYOR,,R,MICHAEL CRAWFORD,2019,81,774,1160,4
Carroll,TEMPLE COUNTY (649),SURVEYOR,,R,MICHAEL CRAWFORD,1593,52,873,668,0
Carroll,TEMPLE CITY (650),SURVEYOR,,R,MICHAEL CRAWFORD,1211,52,725,433,1
Carroll,WHITESBURG (682),SURVEYOR,,R,MICHAEL CRAWFORD,958,28,640,289,1
Carroll,ROOPVILLE (713),SURVEYOR,,R,MICHAEL CRAWFORD,758,26,527,205,0
Carroll,WEST CARROLLTON (714A1),SURVEYOR,,R,MICHAEL CRAWFORD,931,23,435,469,4
Carroll,EAST CARROLLTON REC (714A2),SURVEYOR,,R,MICHAEL CRAWFORD,677,27,302,348,0
Carroll,BONNER (714A3),SURVEYOR,,R,MICHAEL CRAWFORD,1466,49,587,825,5
Carroll,UNIVERSITY OF W. GA (714A4),SURVEYOR,,R,MICHAEL CRAWFORD,1314,31,702,580,1
Carroll,COUNTY ADMIN BLDG (714A5),SURVEYOR,,R,MICHAEL CRAWFORD,963,36,362,564,1
Carroll,TABERNACLE CHURCH (714A6),SURVEYOR,,R,MICHAEL CRAWFORD,623,38,296,289,0
Carroll,EMC (714BN),SURVEYOR,,R,MICHAEL CRAWFORD,623,21,282,320,0
Carroll,OLD CAMP CHURCH (714BW),SURVEYOR,,R,MICHAEL CRAWFORD,1155,34,641,479,1
Carroll,OAK GROVE (715),SURVEYOR,,R,MICHAEL CRAWFORD,724,18,437,269,0
Carroll,NEW HOPE (716),SURVEYOR,,R,MICHAEL CRAWFORD,484,17,334,130,3
Carroll,,CORONER,,R,SAMMY EADY (I),27537,930,14627,11960,20
Carroll,KANSAS (1006),CORONER,,R,SAMMY EADY (I),470,16,377,77,0
Carroll,BOWDON (1111),CORONER,,R,SAMMY EADY (I),1024,28,696,298,2
Carroll,SANDHILL (1122),CORONER,,R,SAMMY EADY (I),1493,71,658,764,0
Carroll,CENTER POINT (1152),CORONER,,R,SAMMY EADY (I),812,22,487,302,1
Carroll,LOWELL (1163),CORONER,,R,SAMMY EADY (I),656,14,440,202,0
Carroll,MT ZION (1240),CORONER,,R,SAMMY EADY (I),728,9,531,185,3
Carroll,BURWELL (1371),CORONER,,R,SAMMY EADY (I),583,10,405,168,0
Carroll,CLEM (1483),CORONER,,R,SAMMY EADY (I),1561,44,715,801,1
Carroll,BOWDON JUNCTION (1496),CORONER,,R,SAMMY EADY (I),465,7,327,130,1
Carroll,TYUS (1533),CORONER,,R,SAMMY EADY (I),766,19,549,197,1
Carroll,FAIRFIELD (1540),CORONER,,R,SAMMY EADY (I),1578,73,933,571,1
Carroll,HULETT (1542),CORONER,,R,SAMMY EADY (I),949,32,519,398,0
Carroll,BETHANY (501),CORONER,,R,SAMMY EADY (I),1258,34,571,652,1
Carroll,V R COUNTY SOUTH (640),CORONER,,R,SAMMY EADY (I),1133,35,475,623,0
Carroll,V R COUNTY NORTH (641),CORONER,,R,SAMMY EADY (I),1699,70,659,968,2
Carroll,VILLA RICA CITY (642),CORONER,,R,SAMMY EADY (I),1512,67,556,887,2
Carroll,TEMPLE COUNTY (649),CORONER,,R,SAMMY EADY (I),1431,42,776,613,0
Carroll,TEMPLE CITY (650),CORONER,,R,SAMMY EADY (I),1018,47,623,348,0
Carroll,WHITESBURG (682),CORONER,,R,SAMMY EADY (I),862,26,584,251,1
Carroll,ROOPVILLE (713),CORONER,,R,SAMMY EADY (I),713,20,501,192,0
Carroll,WEST CARROLLTON (714A1),CORONER,,R,SAMMY EADY (I),365,12,163,190,0
Carroll,EAST CARROLLTON REC (714A2),CORONER,,R,SAMMY EADY (I),543,22,239,282,0
Carroll,BONNER (714A3),CORONER,,R,SAMMY EADY (I),1184,39,465,679,1
Carroll,UNIVERSITY OF W. GA (714A4),CORONER,,R,SAMMY EADY (I),834,22,385,427,0
Carroll,COUNTY ADMIN BLDG (714A5),CORONER,,R,SAMMY EADY (I),747,36,263,448,0
Carroll,TABERNACLE CHURCH (714A6),CORONER,,R,SAMMY EADY (I),568,37,260,271,0
Carroll,EMC (714BN),CORONER,,R,SAMMY EADY (I),499,18,221,260,0
Carroll,OLD CAMP CHURCH (714BW),CORONER,,R,SAMMY EADY (I),1044,26,585,433,0
Carroll,OAK GROVE (715),CORONER,,R,SAMMY EADY (I),637,16,388,233,0
Carroll,NEW HOPE (716),CORONER,,R,SAMMY EADY (I),405,16,276,110,3
Carroll,,CORONER,,D,LADONNA  FRYAR,11662,323,5743,5554,42
Carroll,KANSAS (1006),CORONER,,D,LADONNA  FRYAR,90,5,64,21,0
Carroll,BOWDON (1111),CORONER,,D,LADONNA  FRYAR,477,17,326,130,4
Carroll,SANDHILL (1122),CORONER,,D,LADONNA  FRYAR,564,14,231,317,2
Carroll,CENTER POINT (1152),CORONER,,D,LADONNA  FRYAR,126,2,75,49,0
Carroll,LOWELL (1163),CORONER,,D,LADONNA  FRYAR,131,4,71,56,0
Carroll,MT ZION (1240),CORONER,,D,LADONNA  FRYAR,182,2,134,46,0
Carroll,BURWELL (1371),CORONER,,D,LADONNA  FRYAR,166,4,111,51,0
Carroll,CLEM (1483),CORONER,,D,LADONNA  FRYAR,424,5,191,227,1
Carroll,BOWDON JUNCTION (1496),CORONER,,D,LADONNA  FRYAR,185,6,96,80,3
Carroll,TYUS (1533),CORONER,,D,LADONNA  FRYAR,223,1,158,63,1
Carroll,FAIRFIELD (1540),CORONER,,D,LADONNA  FRYAR,513,20,267,225,1
Carroll,HULETT (1542),CORONER,,D,LADONNA  FRYAR,220,4,119,97,0
Carroll,BETHANY (501),CORONER,,D,LADONNA  FRYAR,814,11,337,461,5
Carroll,V R COUNTY SOUTH (640),CORONER,,D,LADONNA  FRYAR,262,10,120,131,1
Carroll,V R COUNTY NORTH (641),CORONER,,D,LADONNA  FRYAR,683,25,295,360,3
Carroll,VILLA RICA CITY (642),CORONER,,D,LADONNA  FRYAR,1099,36,418,643,2
Carroll,TEMPLE COUNTY (649),CORONER,,D,LADONNA  FRYAR,387,14,193,179,1
Carroll,TEMPLE CITY (650),CORONER,,D,LADONNA  FRYAR,433,10,235,186,2
Carroll,WHITESBURG (682),CORONER,,D,LADONNA  FRYAR,187,11,105,71,0
Carroll,ROOPVILLE (713),CORONER,,D,LADONNA  FRYAR,139,7,92,40,0
Carroll,WEST CARROLLTON (714A1),CORONER,,D,LADONNA  FRYAR,1112,23,503,581,5
Carroll,EAST CARROLLTON REC (714A2),CORONER,,D,LADONNA  FRYAR,287,9,110,166,2
Carroll,BONNER (714A3),CORONER,,D,LADONNA  FRYAR,616,31,237,344,4
Carroll,UNIVERSITY OF W. GA (714A4),CORONER,,D,LADONNA  FRYAR,766,13,490,262,1
Carroll,COUNTY ADMIN BLDG (714A5),CORONER,,D,LADONNA  FRYAR,466,10,202,252,2
Carroll,TABERNACLE CHURCH (714A6),CORONER,,D,LADONNA  FRYAR,201,8,103,90,0
Carroll,EMC (714BN),CORONER,,D,LADONNA  FRYAR,265,5,116,143,1
Carroll,OLD CAMP CHURCH (714BW),CORONER,,D,LADONNA  FRYAR,285,9,138,137,1
Carroll,OAK GROVE (715),CORONER,,D,LADONNA  FRYAR,201,4,114,83,0
Carroll,NEW HOPE (716),CORONER,,D,LADONNA  FRYAR,158,3,92,63,0
Carroll,,CHAIR COMMISSIONER,,R,MARTY SMITH,33131,1052,17640,14398,41
Carroll,KANSAS (1006),CHAIR COMMISSIONER,,R,MARTY SMITH,510,17,408,85,0
Carroll,BOWDON (1111),CHAIR COMMISSIONER,,R,MARTY SMITH,1279,38,887,352,2
Carroll,SANDHILL (1122),CHAIR COMMISSIONER,,R,MARTY SMITH,1763,77,777,907,2
Carroll,CENTER POINT (1152),CHAIR COMMISSIONER,,R,MARTY SMITH,856,20,519,317,0
Carroll,LOWELL (1163),CHAIR COMMISSIONER,,R,MARTY SMITH,700,16,458,226,0
Carroll,MT ZION (1240),CHAIR COMMISSIONER,,R,MARTY SMITH,816,9,601,204,2
Carroll,BURWELL (1371),CHAIR COMMISSIONER,,R,MARTY SMITH,642,12,444,186,0
Carroll,CLEM (1483),CHAIR COMMISSIONER,,R,MARTY SMITH,1737,42,812,881,2
Carroll,BOWDON JUNCTION (1496),CHAIR COMMISSIONER,,R,MARTY SMITH,551,9,378,161,3
Carroll,TYUS (1533),CHAIR COMMISSIONER,,R,MARTY SMITH,869,20,622,226,1
Carroll,FAIRFIELD (1540),CHAIR COMMISSIONER,,R,MARTY SMITH,1746,78,1040,627,1
Carroll,HULETT (1542),CHAIR COMMISSIONER,,R,MARTY SMITH,1035,34,570,431,0
Carroll,BETHANY (501),CHAIR COMMISSIONER,,R,MARTY SMITH,1677,39,776,858,4
Carroll,V R COUNTY SOUTH (640),CHAIR COMMISSIONER,,R,MARTY SMITH,1247,36,537,673,1
Carroll,V R COUNTY NORTH (641),CHAIR COMMISSIONER,,R,MARTY SMITH,2013,78,811,1121,3
Carroll,VILLA RICA CITY (642),CHAIR COMMISSIONER,,R,MARTY SMITH,2058,84,781,1189,4
Carroll,TEMPLE COUNTY (649),CHAIR COMMISSIONER,,R,MARTY SMITH,1613,52,876,684,1
Carroll,TEMPLE CITY (650),CHAIR COMMISSIONER,,R,MARTY SMITH,1225,51,735,438,1
Carroll,WHITESBURG (682),CHAIR COMMISSIONER,,R,MARTY SMITH,951,29,635,286,1
Carroll,ROOPVILLE (713),CHAIR COMMISSIONER,,R,MARTY SMITH,763,24,534,205,0
Carroll,WEST CARROLLTON (714A1),CHAIR COMMISSIONER,,R,MARTY SMITH,947,21,442,480,4
Carroll,EAST CARROLLTON REC (714A2),CHAIR COMMISSIONER,,R,MARTY SMITH,689,27,306,356,0
Carroll,BONNER (714A3),CHAIR COMMISSIONER,,R,MARTY SMITH,1504,51,616,835,2
Carroll,UNIVERSITY OF W. GA (714A4),CHAIR COMMISSIONER,,R,MARTY SMITH,1332,29,712,590,1
Carroll,COUNTY ADMIN BLDG (714A5),CHAIR COMMISSIONER,,R,MARTY SMITH,962,36,362,562,2
Carroll,TABERNACLE CHURCH (714A6),CHAIR COMMISSIONER,,R,MARTY SMITH,633,33,297,303,0
Carroll,EMC (714BN),CHAIR COMMISSIONER,,R,MARTY SMITH,622,20,280,322,0
Carroll,OLD CAMP CHURCH (714BW),CHAIR COMMISSIONER,,R,MARTY SMITH,1175,34,650,490,1
Carroll,OAK GROVE (715),CHAIR COMMISSIONER,,R,MARTY SMITH,727,19,442,266,0
Carroll,NEW HOPE (716),CHAIR COMMISSIONER,,R,MARTY SMITH,489,17,332,137,3
Carroll,,CC D1,,D,TRENT NORTH (I),4955,122,2374,2454,5
Carroll,SANDHILL (1122),CC D1,,D,TRENT NORTH (I),281,3,121,156,1
Carroll,BETHANY (501),CC D1,,D,TRENT NORTH (I),685,11,294,379,1
Carroll,WEST CARROLLTON (714A1),CC D1,,D,TRENT NORTH (I),1350,32,614,701,3
Carroll,EAST CARROLLTON REC (714A2),CC D1,,D,TRENT NORTH (I),674,28,283,363,0
Carroll,BONNER (714A3),CC D1,,D,TRENT NORTH (I),688,24,298,366,0
Carroll,UNIVERSITY OF W. GA (714A4),CC D1,,D,TRENT NORTH (I),833,10,557,266,0
Carroll,EMC (714BN),CC D1,,D,TRENT NORTH (I),441,12,207,222,0
Carroll,NEW HOPE (716),CC D1,,D,TRENT NORTH (I),3,2,0,1,0
Carroll,,CC D3,,R,TOMMY LEE,5605,199,2907,2498,1
Carroll,SANDHILL (1122),CC D3,,R,TOMMY LEE,508,30,189,289,0
Carroll,CENTER POINT (1152),CC D3,,R,TOMMY LEE,600,18,346,236,0
Carroll,BETHANY (501),CC D3,,R,TOMMY LEE,92,1,51,40,0
Carroll,V R COUNTY SOUTH (640),CC D3,,R,TOMMY LEE,757,23,342,392,0
Carroll,V R COUNTY NORTH (641),CC D3,,R,TOMMY LEE,663,25,287,350,1
Carroll,VILLA RICA CITY (642),CC D3,,R,TOMMY LEE,2,0,0,2,0
Carroll,TEMPLE COUNTY (649),CC D3,,R,TOMMY LEE,1618,51,882,685,0
Carroll,TEMPLE CITY (650),CC D3,,R,TOMMY LEE,1214,50,737,427,0
Carroll,EMC (714BN),CC D3,,R,TOMMY LEE,151,1,73,77,0
Carroll,,CC D5,,R,KEVIN JACKSON (I),6269,192,3523,2552,2
Carroll,SANDHILL (1122),CC D5,,R,KEVIN JACKSON (I),932,41,432,459,0
Carroll,LOWELL (1163),CC D5,,R,KEVIN JACKSON (I),614,15,400,199,0
Carroll,CLEM (1483),CC D5,,R,KEVIN JACKSON (I),698,19,343,336,0
Carroll,HULETT (1542),CC D5,,R,KEVIN JACKSON (I),1032,35,565,432,0
Carroll,BETHANY (501),CC D5,,R,KEVIN JACKSON (I),938,23,437,477,1
Carroll,WHITESBURG (682),CC D5,,R,KEVIN JACKSON (I),942,29,631,281,1
Carroll,ROOPVILLE (713),CC D5,,R,KEVIN JACKSON (I),738,22,518,198,0
Carroll,BONNER (714A3),CC D5,,R,KEVIN JACKSON (I),78,3,31,44,0
Carroll,OLD CAMP CHURCH (714BW),CC D5,,R,KEVIN JACKSON (I),297,5,166,126,0
Carroll,,Constitutional Amendment #1<br>Shall the Constitution be amended to allow state or local approval of public charter schools upon the request of local communities?,,,YES,21044,769,10420,9816,39
Carroll,KANSAS (1006),Constitutional Amendment #1<br>Shall the Constitution be amended to allow state or local approval of public charter schools upon the request of local communities?,,,YES,245,12,186,47,0
Carroll,BOWDON (1111),Constitutional Amendment #1<br>Shall the Constitution be amended to allow state or local approval of public charter schools upon the request of local communities?,,,YES,653,25,437,188,3
Carroll,SANDHILL (1122),Constitutional Amendment #1<br>Shall the Constitution be amended to allow state or local approval of public charter schools upon the request of local communities?,,,YES,1148,53,479,614,2
Carroll,CENTER POINT (1152),Constitutional Amendment #1<br>Shall the Constitution be amended to allow state or local approval of public charter schools upon the request of local communities?,,,YES,477,17,271,189,0
Carroll,LOWELL (1163),Constitutional Amendment #1<br>Shall the Constitution be amended to allow state or local approval of public charter schools upon the request of local communities?,,,YES,369,15,236,118,0
Carroll,MT ZION (1240),Constitutional Amendment #1<br>Shall the Constitution be amended to allow state or local approval of public charter schools upon the request of local communities?,,,YES,358,3,244,110,1
Carroll,BURWELL (1371),Constitutional Amendment #1<br>Shall the Constitution be amended to allow state or local approval of public charter schools upon the request of local communities?,,,YES,315,9,200,106,0
Carroll,CLEM (1483),Constitutional Amendment #1<br>Shall the Constitution be amended to allow state or local approval of public charter schools upon the request of local communities?,,,YES,924,24,418,482,0
Carroll,BOWDON JUNCTION (1496),Constitutional Amendment #1<br>Shall the Constitution be amended to allow state or local approval of public charter schools upon the request of local communities?,,,YES,299,6,173,118,2
Carroll,TYUS (1533),Constitutional Amendment #1<br>Shall the Constitution be amended to allow state or local approval of public charter schools upon the request of local communities?,,,YES,452,16,314,120,2
Carroll,FAIRFIELD (1540),Constitutional Amendment #1<br>Shall the Constitution be amended to allow state or local approval of public charter schools upon the request of local communities?,,,YES,1201,57,676,467,1
Carroll,HULETT (1542),Constitutional Amendment #1<br>Shall the Constitution be amended to allow state or local approval of public charter schools upon the request of local communities?,,,YES,663,27,335,301,0
Carroll,BETHANY (501),Constitutional Amendment #1<br>Shall the Constitution be amended to allow state or local approval of public charter schools upon the request of local communities?,,,YES,1166,27,498,636,5
Carroll,V R COUNTY SOUTH (640),Constitutional Amendment #1<br>Shall the Constitution be amended to allow state or local approval of public charter schools upon the request of local communities?,,,YES,823,32,335,455,1
Carroll,V R COUNTY NORTH (641),Constitutional Amendment #1<br>Shall the Constitution be amended to allow state or local approval of public charter schools upon the request of local communities?,,,YES,1546,60,626,857,3
Carroll,VILLA RICA CITY (642),Constitutional Amendment #1<br>Shall the Constitution be amended to allow state or local approval of public charter schools upon the request of local communities?,,,YES,1756,67,676,1009,4
Carroll,TEMPLE COUNTY (649),Constitutional Amendment #1<br>Shall the Constitution be amended to allow state or local approval of public charter schools upon the request of local communities?,,,YES,1092,38,546,507,1
Carroll,TEMPLE CITY (650),Constitutional Amendment #1<br>Shall the Constitution be amended to allow state or local approval of public charter schools upon the request of local communities?,,,YES,897,33,504,359,1
Carroll,WHITESBURG (682),Constitutional Amendment #1<br>Shall the Constitution be amended to allow state or local approval of public charter schools upon the request of local communities?,,,YES,569,23,360,185,1
Carroll,ROOPVILLE (713),Constitutional Amendment #1<br>Shall the Constitution be amended to allow state or local approval of public charter schools upon the request of local communities?,,,YES,375,16,244,115,0
Carroll,WEST CARROLLTON (714A1),Constitutional Amendment #1<br>Shall the Constitution be amended to allow state or local approval of public charter schools upon the request of local communities?,,,YES,931,24,407,496,4
Carroll,EAST CARROLLTON REC (714A2),Constitutional Amendment #1<br>Shall the Constitution be amended to allow state or local approval of public charter schools upon the request of local communities?,,,YES,400,12,161,226,1
Carroll,BONNER (714A3),Constitutional Amendment #1<br>Shall the Constitution be amended to allow state or local approval of public charter schools upon the request of local communities?,,,YES,881,39,376,464,2
Carroll,UNIVERSITY OF W. GA (714A4),Constitutional Amendment #1<br>Shall the Constitution be amended to allow state or local approval of public charter schools upon the request of local communities?,,,YES,945,24,520,400,1
Carroll,COUNTY ADMIN BLDG (714A5),Constitutional Amendment #1<br>Shall the Constitution be amended to allow state or local approval of public charter schools upon the request of local communities?,,,YES,630,28,232,368,2
Carroll,TABERNACLE CHURCH (714A6),Constitutional Amendment #1<br>Shall the Constitution be amended to allow state or local approval of public charter schools upon the request of local communities?,,,YES,354,20,168,166,0
Carroll,EMC (714BN),Constitutional Amendment #1<br>Shall the Constitution be amended to allow state or local approval of public charter schools upon the request of local communities?,,,YES,377,19,149,208,1
Carroll,OLD CAMP CHURCH (714BW),Constitutional Amendment #1<br>Shall the Constitution be amended to allow state or local approval of public charter schools upon the request of local communities?,,,YES,539,20,269,250,0
Carroll,OAK GROVE (715),Constitutional Amendment #1<br>Shall the Constitution be amended to allow state or local approval of public charter schools upon the request of local communities?,,,YES,376,8,216,152,0
Carroll,NEW HOPE (716),Constitutional Amendment #1<br>Shall the Constitution be amended to allow state or local approval of public charter schools upon the request of local communities?,,,YES,283,15,164,103,1
Carroll,,Constitutional Amendment #1<br>Shall the Constitution be amended to allow state or local approval of public charter schools upon the request of local communities?,,,NO,18717,494,10438,7773,12
Carroll,KANSAS (1006),Constitutional Amendment #1<br>Shall the Constitution be amended to allow state or local approval of public charter schools upon the request of local communities?,,,NO,332,8,274,50,0
Carroll,BOWDON (1111),Constitutional Amendment #1<br>Shall the Constitution be amended to allow state or local approval of public charter schools upon the request of local communities?,,,NO,871,19,614,238,0
Carroll,SANDHILL (1122),Constitutional Amendment #1<br>Shall the Constitution be amended to allow state or local approval of public charter schools upon the request of local communities?,,,NO,924,34,408,482,0
Carroll,CENTER POINT (1152),Constitutional Amendment #1<br>Shall the Constitution be amended to allow state or local approval of public charter schools upon the request of local communities?,,,NO,463,7,301,155,0
Carroll,LOWELL (1163),Constitutional Amendment #1<br>Shall the Constitution be amended to allow state or local approval of public charter schools upon the request of local communities?,,,NO,413,3,274,136,0
Carroll,MT ZION (1240),Constitutional Amendment #1<br>Shall the Constitution be amended to allow state or local approval of public charter schools upon the request of local communities?,,,NO,558,8,427,121,2
Carroll,BURWELL (1371),Constitutional Amendment #1<br>Shall the Constitution be amended to allow state or local approval of public charter schools upon the request of local communities?,,,NO,435,6,318,111,0
Carroll,CLEM (1483),Constitutional Amendment #1<br>Shall the Constitution be amended to allow state or local approval of public charter schools upon the request of local communities?,,,NO,1085,26,505,552,2
Carroll,BOWDON JUNCTION (1496),Constitutional Amendment #1<br>Shall the Constitution be amended to allow state or local approval of public charter schools upon the request of local communities?,,,NO,350,4,256,89,1
Carroll,TYUS (1533),Constitutional Amendment #1<br>Shall the Constitution be amended to allow state or local approval of public charter schools upon the request of local communities?,,,NO,534,6,399,129,0
Carroll,FAIRFIELD (1540),Constitutional Amendment #1<br>Shall the Constitution be amended to allow state or local approval of public charter schools upon the request of local communities?,,,NO,930,33,566,331,0
Carroll,HULETT (1542),Constitutional Amendment #1<br>Shall the Constitution be amended to allow state or local approval of public charter schools upon the request of local communities?,,,NO,518,8,315,195,0
Carroll,BETHANY (501),Constitutional Amendment #1<br>Shall the Constitution be amended to allow state or local approval of public charter schools upon the request of local communities?,,,NO,911,19,422,470,0
Carroll,V R COUNTY SOUTH (640),Constitutional Amendment #1<br>Shall the Constitution be amended to allow state or local approval of public charter schools upon the request of local communities?,,,NO,618,15,283,320,0
Carroll,V R COUNTY NORTH (641),Constitutional Amendment #1<br>Shall the Constitution be amended to allow state or local approval of public charter schools upon the request of local communities?,,,NO,888,32,371,484,1
Carroll,VILLA RICA CITY (642),Constitutional Amendment #1<br>Shall the Constitution be amended to allow state or local approval of public charter schools upon the request of local communities?,,,NO,974,38,359,577,0
Carroll,TEMPLE COUNTY (649),Constitutional Amendment #1<br>Shall the Constitution be amended to allow state or local approval of public charter schools upon the request of local communities?,,,NO,758,18,441,299,0
Carroll,TEMPLE CITY (650),Constitutional Amendment #1<br>Shall the Constitution be amended to allow state or local approval of public charter schools upon the request of local communities?,,,NO,611,28,405,177,1
Carroll,WHITESBURG (682),Constitutional Amendment #1<br>Shall the Constitution be amended to allow state or local approval of public charter schools upon the request of local communities?,,,NO,496,14,342,140,0
Carroll,ROOPVILLE (713),Constitutional Amendment #1<br>Shall the Constitution be amended to allow state or local approval of public charter schools upon the request of local communities?,,,NO,489,12,363,114,0
Carroll,WEST CARROLLTON (714A1),Constitutional Amendment #1<br>Shall the Constitution be amended to allow state or local approval of public charter schools upon the request of local communities?,,,NO,532,13,262,257,0
Carroll,EAST CARROLLTON REC (714A2),Constitutional Amendment #1<br>Shall the Constitution be amended to allow state or local approval of public charter schools upon the request of local communities?,,,NO,429,19,195,215,0
Carroll,BONNER (714A3),Constitutional Amendment #1<br>Shall the Constitution be amended to allow state or local approval of public charter schools upon the request of local communities?,,,NO,948,30,361,555,2
Carroll,UNIVERSITY OF W. GA (714A4),Constitutional Amendment #1<br>Shall the Constitution be amended to allow state or local approval of public charter schools upon the request of local communities?,,,NO,689,14,382,293,0
Carroll,COUNTY ADMIN BLDG (714A5),Constitutional Amendment #1<br>Shall the Constitution be amended to allow state or local approval of public charter schools upon the request of local communities?,,,NO,600,19,239,342,0
Carroll,TABERNACLE CHURCH (714A6),Constitutional Amendment #1<br>Shall the Constitution be amended to allow state or local approval of public charter schools upon the request of local communities?,,,NO,431,22,211,198,0
Carroll,EMC (714BN),Constitutional Amendment #1<br>Shall the Constitution be amended to allow state or local approval of public charter schools upon the request of local communities?,,,NO,385,5,194,186,0
Carroll,OLD CAMP CHURCH (714BW),Constitutional Amendment #1<br>Shall the Constitution be amended to allow state or local approval of public charter schools upon the request of local communities?,,,NO,792,16,456,319,1
Carroll,OAK GROVE (715),Constitutional Amendment #1<br>Shall the Constitution be amended to allow state or local approval of public charter schools upon the request of local communities?,,,NO,472,13,291,168,0
Carroll,NEW HOPE (716),Constitutional Amendment #1<br>Shall the Constitution be amended to allow state or local approval of public charter schools upon the request of local communities?,,,NO,281,5,204,70,2
Carroll,,Constitutional Amendment #2<br>Shall the Constitution be amended so as to provide for a reduction in the state's operating costs by allowing the General Assembly to authorize certain state agencies to enter into multiyear rental agreements?,,,YES,22661,811,11482,10338,30
Carroll,KANSAS (1006),Constitutional Amendment #2<br>Shall the Constitution be amended so as to provide for a reduction in the state's operating costs by allowing the General Assembly to authorize certain state agencies to enter into multiyear rental agreements?,,,YES,283,12,215,56,0
Carroll,BOWDON (1111),Constitutional Amendment #2<br>Shall the Constitution be amended so as to provide for a reduction in the state's operating costs by allowing the General Assembly to authorize certain state agencies to enter into multiyear rental agreements?,,,YES,741,25,504,209,3
Carroll,SANDHILL (1122),Constitutional Amendment #2<br>Shall the Constitution be amended so as to provide for a reduction in the state's operating costs by allowing the General Assembly to authorize certain state agencies to enter into multiyear rental agreements?,,,YES,1185,56,501,626,2
Carroll,CENTER POINT (1152),Constitutional Amendment #2<br>Shall the Constitution be amended so as to provide for a reduction in the state's operating costs by allowing the General Assembly to authorize certain state agencies to enter into multiyear rental agreements?,,,YES,532,12,309,211,0
Carroll,LOWELL (1163),Constitutional Amendment #2<br>Shall the Constitution be amended so as to provide for a reduction in the state's operating costs by allowing the General Assembly to authorize certain state agencies to enter into multiyear rental agreements?,,,YES,427,10,266,151,0
Carroll,MT ZION (1240),Constitutional Amendment #2<br>Shall the Constitution be amended so as to provide for a reduction in the state's operating costs by allowing the General Assembly to authorize certain state agencies to enter into multiyear rental agreements?,,,YES,461,6,318,136,1
Carroll,BURWELL (1371),Constitutional Amendment #2<br>Shall the Constitution be amended so as to provide for a reduction in the state's operating costs by allowing the General Assembly to authorize certain state agencies to enter into multiyear rental agreements?,,,YES,370,12,246,112,0
Carroll,CLEM (1483),Constitutional Amendment #2<br>Shall the Constitution be amended so as to provide for a reduction in the state's operating costs by allowing the General Assembly to authorize certain state agencies to enter into multiyear rental agreements?,,,YES,1118,36,485,595,2
Carroll,BOWDON JUNCTION (1496),Constitutional Amendment #2<br>Shall the Constitution be amended so as to provide for a reduction in the state's operating costs by allowing the General Assembly to authorize certain state agencies to enter into multiyear rental agreements?,,,YES,355,9,211,133,2
Carroll,TYUS (1533),Constitutional Amendment #2<br>Shall the Constitution be amended so as to provide for a reduction in the state's operating costs by allowing the General Assembly to authorize certain state agencies to enter into multiyear rental agreements?,,,YES,503,17,343,141,2
Carroll,FAIRFIELD (1540),Constitutional Amendment #2<br>Shall the Constitution be amended so as to provide for a reduction in the state's operating costs by allowing the General Assembly to authorize certain state agencies to enter into multiyear rental agreements?,,,YES,1334,68,752,514,0
Carroll,HULETT (1542),Constitutional Amendment #2<br>Shall the Constitution be amended so as to provide for a reduction in the state's operating costs by allowing the General Assembly to authorize certain state agencies to enter into multiyear rental agreements?,,,YES,665,27,342,296,0
Carroll,BETHANY (501),Constitutional Amendment #2<br>Shall the Constitution be amended so as to provide for a reduction in the state's operating costs by allowing the General Assembly to authorize certain state agencies to enter into multiyear rental agreements?,,,YES,1203,24,531,647,1
Carroll,V R COUNTY SOUTH (640),Constitutional Amendment #2<br>Shall the Constitution be amended so as to provide for a reduction in the state's operating costs by allowing the General Assembly to authorize certain state agencies to enter into multiyear rental agreements?,,,YES,836,34,350,451,1
Carroll,V R COUNTY NORTH (641),Constitutional Amendment #2<br>Shall the Constitution be amended so as to provide for a reduction in the state's operating costs by allowing the General Assembly to authorize certain state agencies to enter into multiyear rental agreements?,,,YES,1441,48,565,826,2
Carroll,VILLA RICA CITY (642),Constitutional Amendment #2<br>Shall the Constitution be amended so as to provide for a reduction in the state's operating costs by allowing the General Assembly to authorize certain state agencies to enter into multiyear rental agreements?,,,YES,1716,71,645,997,3
Carroll,TEMPLE COUNTY (649),Constitutional Amendment #2<br>Shall the Constitution be amended so as to provide for a reduction in the state's operating costs by allowing the General Assembly to authorize certain state agencies to enter into multiyear rental agreements?,,,YES,1078,38,566,474,0
Carroll,TEMPLE CITY (650),Constitutional Amendment #2<br>Shall the Constitution be amended so as to provide for a reduction in the state's operating costs by allowing the General Assembly to authorize certain state agencies to enter into multiyear rental agreements?,,,YES,911,41,543,325,2
Carroll,WHITESBURG (682),Constitutional Amendment #2<br>Shall the Constitution be amended so as to provide for a reduction in the state's operating costs by allowing the General Assembly to authorize certain state agencies to enter into multiyear rental agreements?,,,YES,565,19,355,190,1
Carroll,ROOPVILLE (713),Constitutional Amendment #2<br>Shall the Constitution be amended so as to provide for a reduction in the state's operating costs by allowing the General Assembly to authorize certain state agencies to enter into multiyear rental agreements?,,,YES,450,17,300,133,0
Carroll,WEST CARROLLTON (714A1),Constitutional Amendment #2<br>Shall the Constitution be amended so as to provide for a reduction in the state's operating costs by allowing the General Assembly to authorize certain state agencies to enter into multiyear rental agreements?,,,YES,835,24,393,415,3
Carroll,EAST CARROLLTON REC (714A2),Constitutional Amendment #2<br>Shall the Constitution be amended so as to provide for a reduction in the state's operating costs by allowing the General Assembly to authorize certain state agencies to enter into multiyear rental agreements?,,,YES,494,17,220,256,1
Carroll,BONNER (714A3),Constitutional Amendment #2<br>Shall the Constitution be amended so as to provide for a reduction in the state's operating costs by allowing the General Assembly to authorize certain state agencies to enter into multiyear rental agreements?,,,YES,1071,46,433,590,2
Carroll,UNIVERSITY OF W. GA (714A4),Constitutional Amendment #2<br>Shall the Constitution be amended so as to provide for a reduction in the state's operating costs by allowing the General Assembly to authorize certain state agencies to enter into multiyear rental agreements?,,,YES,1044,30,573,441,0
Carroll,COUNTY ADMIN BLDG (714A5),Constitutional Amendment #2<br>Shall the Constitution be amended so as to provide for a reduction in the state's operating costs by allowing the General Assembly to authorize certain state agencies to enter into multiyear rental agreements?,,,YES,726,25,292,409,0
Carroll,TABERNACLE CHURCH (714A6),Constitutional Amendment #2<br>Shall the Constitution be amended so as to provide for a reduction in the state's operating costs by allowing the General Assembly to authorize certain state agencies to enter into multiyear rental agreements?,,,YES,427,25,201,201,0
Carroll,EMC (714BN),Constitutional Amendment #2<br>Shall the Constitution be amended so as to provide for a reduction in the state's operating costs by allowing the General Assembly to authorize certain state agencies to enter into multiyear rental agreements?,,,YES,434,17,202,214,1
Carroll,OLD CAMP CHURCH (714BW),Constitutional Amendment #2<br>Shall the Constitution be amended so as to provide for a reduction in the state's operating costs by allowing the General Assembly to authorize certain state agencies to enter into multiyear rental agreements?,,,YES,707,19,367,321,0
Carroll,OAK GROVE (715),Constitutional Amendment #2<br>Shall the Constitution be amended so as to provide for a reduction in the state's operating costs by allowing the General Assembly to authorize certain state agencies to enter into multiyear rental agreements?,,,YES,441,14,264,163,0
Carroll,NEW HOPE (716),Constitutional Amendment #2<br>Shall the Constitution be amended so as to provide for a reduction in the state's operating costs by allowing the General Assembly to authorize certain state agencies to enter into multiyear rental agreements?,,,YES,308,12,190,105,1
Carroll,,Constitutional Amendment #2<br>Shall the Constitution be amended so as to provide for a reduction in the state's operating costs by allowing the General Assembly to authorize certain state agencies to enter into multiyear rental agreements?,,,NO,15025,397,8201,6407,20
Carroll,KANSAS (1006),Constitutional Amendment #2<br>Shall the Constitution be amended so as to provide for a reduction in the state's operating costs by allowing the General Assembly to authorize certain state agencies to enter into multiyear rental agreements?,,,NO,250,8,206,36,0
Carroll,BOWDON (1111),Constitutional Amendment #2<br>Shall the Constitution be amended so as to provide for a reduction in the state's operating costs by allowing the General Assembly to authorize certain state agencies to enter into multiyear rental agreements?,,,NO,682,20,467,195,0
Carroll,SANDHILL (1122),Constitutional Amendment #2<br>Shall the Constitution be amended so as to provide for a reduction in the state's operating costs by allowing the General Assembly to authorize certain state agencies to enter into multiyear rental agreements?,,,NO,800,29,346,425,0
Carroll,CENTER POINT (1152),Constitutional Amendment #2<br>Shall the Constitution be amended so as to provide for a reduction in the state's operating costs by allowing the General Assembly to authorize certain state agencies to enter into multiyear rental agreements?,,,NO,373,10,239,124,0
Carroll,LOWELL (1163),Constitutional Amendment #2<br>Shall the Constitution be amended so as to provide for a reduction in the state's operating costs by allowing the General Assembly to authorize certain state agencies to enter into multiyear rental agreements?,,,NO,315,8,215,92,0
Carroll,MT ZION (1240),Constitutional Amendment #2<br>Shall the Constitution be amended so as to provide for a reduction in the state's operating costs by allowing the General Assembly to authorize certain state agencies to enter into multiyear rental agreements?,,,NO,415,4,324,85,2
Carroll,BURWELL (1371),Constitutional Amendment #2<br>Shall the Constitution be amended so as to provide for a reduction in the state's operating costs by allowing the General Assembly to authorize certain state agencies to enter into multiyear rental agreements?,,,NO,350,2,249,99,0
Carroll,CLEM (1483),Constitutional Amendment #2<br>Shall the Constitution be amended so as to provide for a reduction in the state's operating costs by allowing the General Assembly to authorize certain state agencies to enter into multiyear rental agreements?,,,NO,800,13,389,398,0
Carroll,BOWDON JUNCTION (1496),Constitutional Amendment #2<br>Shall the Constitution be amended so as to provide for a reduction in the state's operating costs by allowing the General Assembly to authorize certain state agencies to enter into multiyear rental agreements?,,,NO,254,1,183,69,1
Carroll,TYUS (1533),Constitutional Amendment #2<br>Shall the Constitution be amended so as to provide for a reduction in the state's operating costs by allowing the General Assembly to authorize certain state agencies to enter into multiyear rental agreements?,,,NO,429,5,323,101,0
Carroll,FAIRFIELD (1540),Constitutional Amendment #2<br>Shall the Constitution be amended so as to provide for a reduction in the state's operating costs by allowing the General Assembly to authorize certain state agencies to enter into multiyear rental agreements?,,,NO,665,20,399,245,1
Carroll,HULETT (1542),Constitutional Amendment #2<br>Shall the Constitution be amended so as to provide for a reduction in the state's operating costs by allowing the General Assembly to authorize certain state agencies to enter into multiyear rental agreements?,,,NO,443,7,264,172,0
Carroll,BETHANY (501),Constitutional Amendment #2<br>Shall the Constitution be amended so as to provide for a reduction in the state's operating costs by allowing the General Assembly to authorize certain state agencies to enter into multiyear rental agreements?,,,NO,801,20,361,416,4
Carroll,V R COUNTY SOUTH (640),Constitutional Amendment #2<br>Shall the Constitution be amended so as to provide for a reduction in the state's operating costs by allowing the General Assembly to authorize certain state agencies to enter into multiyear rental agreements?,,,NO,532,12,245,275,0
Carroll,V R COUNTY NORTH (641),Constitutional Amendment #2<br>Shall the Constitution be amended so as to provide for a reduction in the state's operating costs by allowing the General Assembly to authorize certain state agencies to enter into multiyear rental agreements?,,,NO,905,41,393,469,2
Carroll,VILLA RICA CITY (642),Constitutional Amendment #2<br>Shall the Constitution be amended so as to provide for a reduction in the state's operating costs by allowing the General Assembly to authorize certain state agencies to enter into multiyear rental agreements?,,,NO,872,32,325,515,0
Carroll,TEMPLE COUNTY (649),Constitutional Amendment #2<br>Shall the Constitution be amended so as to provide for a reduction in the state's operating costs by allowing the General Assembly to authorize certain state agencies to enter into multiyear rental agreements?,,,NO,686,16,371,298,1
Carroll,TEMPLE CITY (650),Constitutional Amendment #2<br>Shall the Constitution be amended so as to provide for a reduction in the state's operating costs by allowing the General Assembly to authorize certain state agencies to enter into multiyear rental agreements?,,,NO,530,17,321,192,0
Carroll,WHITESBURG (682),Constitutional Amendment #2<br>Shall the Constitution be amended so as to provide for a reduction in the state's operating costs by allowing the General Assembly to authorize certain state agencies to enter into multiyear rental agreements?,,,NO,443,10,315,118,0
Carroll,ROOPVILLE (713),Constitutional Amendment #2<br>Shall the Constitution be amended so as to provide for a reduction in the state's operating costs by allowing the General Assembly to authorize certain state agencies to enter into multiyear rental agreements?,,,NO,370,11,270,89,0
Carroll,WEST CARROLLTON (714A1),Constitutional Amendment #2<br>Shall the Constitution be amended so as to provide for a reduction in the state's operating costs by allowing the General Assembly to authorize certain state agencies to enter into multiyear rental agreements?,,,NO,522,11,225,285,1
Carroll,EAST CARROLLTON REC (714A2),Constitutional Amendment #2<br>Shall the Constitution be amended so as to provide for a reduction in the state's operating costs by allowing the General Assembly to authorize certain state agencies to enter into multiyear rental agreements?,,,NO,290,9,116,165,0
Carroll,BONNER (714A3),Constitutional Amendment #2<br>Shall the Constitution be amended so as to provide for a reduction in the state's operating costs by allowing the General Assembly to authorize certain state agencies to enter into multiyear rental agreements?,,,NO,640,19,255,364,2
Carroll,UNIVERSITY OF W. GA (714A4),Constitutional Amendment #2<br>Shall the Constitution be amended so as to provide for a reduction in the state's operating costs by allowing the General Assembly to authorize certain state agencies to enter into multiyear rental agreements?,,,NO,511,6,279,225,1
Carroll,COUNTY ADMIN BLDG (714A5),Constitutional Amendment #2<br>Shall the Constitution be amended so as to provide for a reduction in the state's operating costs by allowing the General Assembly to authorize certain state agencies to enter into multiyear rental agreements?,,,NO,423,21,150,250,2
Carroll,TABERNACLE CHURCH (714A6),Constitutional Amendment #2<br>Shall the Constitution be amended so as to provide for a reduction in the state's operating costs by allowing the General Assembly to authorize certain state agencies to enter into multiyear rental agreements?,,,NO,303,14,154,135,0
Carroll,EMC (714BN),Constitutional Amendment #2<br>Shall the Constitution be amended so as to provide for a reduction in the state's operating costs by allowing the General Assembly to authorize certain state agencies to enter into multiyear rental agreements?,,,NO,291,6,120,165,0
Carroll,OLD CAMP CHURCH (714BW),Constitutional Amendment #2<br>Shall the Constitution be amended so as to provide for a reduction in the state's operating costs by allowing the General Assembly to authorize certain state agencies to enter into multiyear rental agreements?,,,NO,550,15,319,215,1
Carroll,OAK GROVE (715),Constitutional Amendment #2<br>Shall the Constitution be amended so as to provide for a reduction in the state's operating costs by allowing the General Assembly to authorize certain state agencies to enter into multiyear rental agreements?,,,NO,357,7,217,133,0
Carroll,NEW HOPE (716),Constitutional Amendment #2<br>Shall the Constitution be amended so as to provide for a reduction in the state's operating costs by allowing the General Assembly to authorize certain state agencies to enter into multiyear rental agreements?,,,NO,223,3,161,57,2
Carroll,,TOWN OF ROOPVILLE ALCOHOL QUESTION,,,YES,42,1,24,17,0
Carroll,ROOPVILLE (713),TOWN OF ROOPVILLE ALCOHOL QUESTION,,,YES,42,1,24,17,0
Carroll,,TOWN OF ROOPVILLE ALCOHOL QUESTION,,,NO,46,2,31,13,0
Carroll,ROOPVILLE (713),TOWN OF ROOPVILLE ALCOHOL QUESTION,,,NO,46,2,31,13,0
Carroll,,CITY OF TEMPLE ALCOHOL QUESTION,,,YES,961,31,602,327,1
Carroll,TEMPLE CITY (650),CITY OF TEMPLE ALCOHOL QUESTION,,,YES,961,31,602,327,1
Carroll,,CITY OF TEMPLE ALCOHOL QUESTION,,,NO,604,30,340,233,1
Carroll,TEMPLE CITY (650),CITY OF TEMPLE ALCOHOL QUESTION,,,NO,604,30,340,233,1
