county,precinct,office,district,party,candidate,votes,absentee_by_mail,election_day,advance_in_person,provisional
Bulloch,,President of the United States,,R,MITT ROMNEY,14174,702,7464,6002,6
Bulloch,Lockhart,President of the United States,,R,MITT ROMNEY,245,5,191,49,0
Bulloch,Emit,President of the United States,,R,MITT ROMNEY,1044,62,610,372,0
Bulloch,Statesboro,President of the United States,,R,MITT ROMNEY,1448,84,528,835,1
Bulloch,Portal,President of the United States,,R,MITT ROMNEY,589,14,398,177,0
Bulloch,Fair,President of the United States,,R,MITT ROMNEY,2208,112,821,1274,1
Bulloch,Church,President of the United States,,R,MITT ROMNEY,1628,109,628,890,1
Bulloch,Pittman Park,President of the United States,,R,MITT ROMNEY,1265,97,498,670,0
Bulloch,Leefield,President of the United States,,R,MITT ROMNEY,399,19,302,78,0
Bulloch,Blitch,President of the United States,,R,MITT ROMNEY,929,37,519,373,0
Bulloch,Hagin,President of the United States,,R,MITT ROMNEY,779,33,453,292,1
Bulloch,Brooklet,President of the United States,,R,MITT ROMNEY,1119,37,690,392,0
Bulloch,Stilson,President of the United States,,R,MITT ROMNEY,778,24,578,176,0
Bulloch,Bay,President of the United States,,R,MITT ROMNEY,726,35,532,159,0
Bulloch,Nevils,President of the United States,,R,MITT ROMNEY,461,12,327,122,0
Bulloch,Sinkhole,President of the United States,,R,MITT ROMNEY,253,12,177,62,2
Bulloch,Register,President of the United States,,R,MITT ROMNEY,303,10,212,81,0
Bulloch,,President of the United States,,(D,BARACK OBAMA (I),9593,410,4426,4751,6
Bulloch,Lockhart,President of the United States,,(D,BARACK OBAMA (I),120,4,79,36,1
Bulloch,Emit,President of the United States,,(D,BARACK OBAMA (I),434,10,215,208,1
Bulloch,Statesboro,President of the United States,,(D,BARACK OBAMA (I),1813,105,751,956,1
Bulloch,Portal,President of the United States,,(D,BARACK OBAMA (I),353,9,236,108,0
Bulloch,Fair,President of the United States,,(D,BARACK OBAMA (I),1186,67,469,649,1
Bulloch,Church,President of the United States,,(D,BARACK OBAMA (I),1659,73,709,876,1
Bulloch,Pittman Park,President of the United States,,(D,BARACK OBAMA (I),2021,77,730,1213,1
Bulloch,Leefield,President of the United States,,(D,BARACK OBAMA (I),96,2,76,18,0
Bulloch,Blitch,President of the United States,,(D,BARACK OBAMA (I),270,8,140,122,0
Bulloch,Hagin,President of the United States,,(D,BARACK OBAMA (I),535,27,277,231,0
Bulloch,Brooklet,President of the United States,,(D,BARACK OBAMA (I),347,4,214,129,0
Bulloch,Stilson,President of the United States,,(D,BARACK OBAMA (I),206,10,139,57,0
Bulloch,Bay,President of the United States,,(D,BARACK OBAMA (I),131,6,85,40,0
Bulloch,Nevils,President of the United States,,(D,BARACK OBAMA (I),164,1,124,39,0
Bulloch,Sinkhole,President of the United States,,(D,BARACK OBAMA (I),41,4,30,7,0
Bulloch,Register,President of the United States,,(D,BARACK OBAMA (I),217,3,152,62,0
Bulloch,,President of the United States,,L,GARY JOHNSON,302,13,172,117,0
Bulloch,Lockhart,President of the United States,,L,GARY JOHNSON,4,0,3,1,0
Bulloch,Emit,President of the United States,,L,GARY JOHNSON,17,1,10,6,0
Bulloch,Statesboro,President of the United States,,L,GARY JOHNSON,28,0,15,13,0
Bulloch,Portal,President of the United States,,L,GARY JOHNSON,5,0,3,2,0
Bulloch,Fair,President of the United States,,L,GARY JOHNSON,39,1,21,17,0
Bulloch,Church,President of the United States,,L,GARY JOHNSON,46,3,22,21,0
Bulloch,Pittman Park,President of the United States,,L,GARY JOHNSON,80,1,37,42,0
Bulloch,Leefield,President of the United States,,L,GARY JOHNSON,14,1,12,1,0
Bulloch,Blitch,President of the United States,,L,GARY JOHNSON,6,0,3,3,0
Bulloch,Hagin,President of the United States,,L,GARY JOHNSON,14,4,6,4,0
Bulloch,Brooklet,President of the United States,,L,GARY JOHNSON,11,0,9,2,0
Bulloch,Stilson,President of the United States,,L,GARY JOHNSON,17,1,14,2,0
Bulloch,Bay,President of the United States,,L,GARY JOHNSON,6,0,6,0,0
Bulloch,Nevils,President of the United States,,L,GARY JOHNSON,5,0,4,1,0
Bulloch,Sinkhole,President of the United States,,L,GARY JOHNSON,1,1,0,0,0
Bulloch,Register,President of the United States,,L,GARY JOHNSON,9,0,7,2,0
Bulloch,,"Public Service Commission, District 3",3,(R,CHUCK EATON (I),13183,658,6895,5623,7
Bulloch,Lockhart,"Public Service Commission, District 3",3,(R,CHUCK EATON (I),213,4,162,47,0
Bulloch,Emit,"Public Service Commission, District 3",3,(R,CHUCK EATON (I),973,52,565,355,1
Bulloch,Statesboro,"Public Service Commission, District 3",3,(R,CHUCK EATON (I),1390,79,505,805,1
Bulloch,Portal,"Public Service Commission, District 3",3,(R,CHUCK EATON (I),543,15,368,160,0
Bulloch,Fair,"Public Service Commission, District 3",3,(R,CHUCK EATON (I),2054,103,768,1182,1
Bulloch,Church,"Public Service Commission, District 3",3,(R,CHUCK EATON (I),1548,107,596,844,1
Bulloch,Pittman Park,"Public Service Commission, District 3",3,(R,CHUCK EATON (I),1247,92,501,654,0
Bulloch,Leefield,"Public Service Commission, District 3",3,(R,CHUCK EATON (I),345,15,270,60,0
Bulloch,Blitch,"Public Service Commission, District 3",3,(R,CHUCK EATON (I),855,35,479,341,0
Bulloch,Hagin,"Public Service Commission, District 3",3,(R,CHUCK EATON (I),727,32,430,264,1
Bulloch,Brooklet,"Public Service Commission, District 3",3,(R,CHUCK EATON (I),1021,35,626,360,0
Bulloch,Stilson,"Public Service Commission, District 3",3,(R,CHUCK EATON (I),679,22,497,160,0
Bulloch,Bay,"Public Service Commission, District 3",3,(R,CHUCK EATON (I),655,34,479,142,0
Bulloch,Nevils,"Public Service Commission, District 3",3,(R,CHUCK EATON (I),421,11,294,116,0
Bulloch,Sinkhole,"Public Service Commission, District 3",3,(R,CHUCK EATON (I),229,11,163,53,2
Bulloch,Register,"Public Service Commission, District 3",3,(R,CHUCK EATON (I),283,11,192,80,0
Bulloch,,"Public Service Commission, District 3",3,D,STEPHEN OPPENHEIMER,8112,360,3685,4063,4
Bulloch,Lockhart,"Public Service Commission, District 3",3,D,STEPHEN OPPENHEIMER,109,4,73,31,1
Bulloch,Emit,"Public Service Commission, District 3",3,D,STEPHEN OPPENHEIMER,363,12,172,179,0
Bulloch,Statesboro,"Public Service Commission, District 3",3,D,STEPHEN OPPENHEIMER,1480,92,614,773,1
Bulloch,Portal,"Public Service Commission, District 3",3,D,STEPHEN OPPENHEIMER,293,8,188,97,0
Bulloch,Fair,"Public Service Commission, District 3",3,D,STEPHEN OPPENHEIMER,1012,56,390,565,1
Bulloch,Church,"Public Service Commission, District 3",3,D,STEPHEN OPPENHEIMER,1366,64,575,726,1
Bulloch,Pittman Park,"Public Service Commission, District 3",3,D,STEPHEN OPPENHEIMER,1757,63,622,1072,0
Bulloch,Leefield,"Public Service Commission, District 3",3,D,STEPHEN OPPENHEIMER,101,4,77,20,0
Bulloch,Blitch,"Public Service Commission, District 3",3,D,STEPHEN OPPENHEIMER,220,7,110,103,0
Bulloch,Hagin,"Public Service Commission, District 3",3,D,STEPHEN OPPENHEIMER,457,26,229,202,0
Bulloch,Brooklet,"Public Service Commission, District 3",3,D,STEPHEN OPPENHEIMER,285,3,169,113,0
Bulloch,Stilson,"Public Service Commission, District 3",3,D,STEPHEN OPPENHEIMER,191,11,127,53,0
Bulloch,Bay,"Public Service Commission, District 3",3,D,STEPHEN OPPENHEIMER,109,4,67,38,0
Bulloch,Nevils,"Public Service Commission, District 3",3,D,STEPHEN OPPENHEIMER,145,0,110,35,0
Bulloch,Sinkhole,"Public Service Commission, District 3",3,D,STEPHEN OPPENHEIMER,41,4,29,8,0
Bulloch,Register,"Public Service Commission, District 3",3,D,STEPHEN OPPENHEIMER,183,2,133,48,0
Bulloch,,"Public Service Commission, District 3",3,L,BRAD PLOEGER,852,32,471,348,1
Bulloch,Lockhart,"Public Service Commission, District 3",3,L,BRAD PLOEGER,10,1,6,3,0
Bulloch,Emit,"Public Service Commission, District 3",3,L,BRAD PLOEGER,46,2,32,11,1
Bulloch,Statesboro,"Public Service Commission, District 3",3,L,BRAD PLOEGER,99,3,48,48,0
Bulloch,Portal,"Public Service Commission, District 3",3,L,BRAD PLOEGER,25,1,18,6,0
Bulloch,Fair,"Public Service Commission, District 3",3,L,BRAD PLOEGER,139,8,60,71,0
Bulloch,Church,"Public Service Commission, District 3",3,L,BRAD PLOEGER,102,5,55,42,0
Bulloch,Pittman Park,"Public Service Commission, District 3",3,L,BRAD PLOEGER,184,5,83,96,0
Bulloch,Leefield,"Public Service Commission, District 3",3,L,BRAD PLOEGER,22,0,16,6,0
Bulloch,Blitch,"Public Service Commission, District 3",3,L,BRAD PLOEGER,28,0,13,15,0
Bulloch,Hagin,"Public Service Commission, District 3",3,L,BRAD PLOEGER,42,4,19,19,0
Bulloch,Brooklet,"Public Service Commission, District 3",3,L,BRAD PLOEGER,49,1,38,10,0
Bulloch,Stilson,"Public Service Commission, District 3",3,L,BRAD PLOEGER,47,1,35,11,0
Bulloch,Bay,"Public Service Commission, District 3",3,L,BRAD PLOEGER,20,0,18,2,0
Bulloch,Nevils,"Public Service Commission, District 3",3,L,BRAD PLOEGER,14,0,12,2,0
Bulloch,Sinkhole,"Public Service Commission, District 3",3,L,BRAD PLOEGER,7,1,3,3,0
Bulloch,Register,"Public Service Commission, District 3",3,L,BRAD PLOEGER,18,0,15,3,0
Bulloch,,"Public Service Commission, District 5",5,(R,STAN WISE (I),14822,736,7606,6471,9
Bulloch,Lockhart,"Public Service Commission, District 5",5,(R,STAN WISE (I),239,5,182,51,1
Bulloch,Emit,"Public Service Commission, District 5",5,(R,STAN WISE (I),1032,55,599,377,1
Bulloch,Statesboro,"Public Service Commission, District 5",5,(R,STAN WISE (I),1686,99,626,959,2
Bulloch,Portal,"Public Service Commission, District 5",5,(R,STAN WISE (I),605,16,405,184,0
Bulloch,Fair,"Public Service Commission, District 5",5,(R,STAN WISE (I),2290,123,855,1311,1
Bulloch,Church,"Public Service Commission, District 5",5,(R,STAN WISE (I),1790,113,704,972,1
Bulloch,Pittman Park,"Public Service Commission, District 5",5,(R,STAN WISE (I),1648,107,618,923,0
Bulloch,Leefield,"Public Service Commission, District 5",5,(R,STAN WISE (I),365,17,283,65,0
Bulloch,Blitch,"Public Service Commission, District 5",5,(R,STAN WISE (I),894,37,499,358,0
Bulloch,Hagin,"Public Service Commission, District 5",5,(R,STAN WISE (I),811,36,468,306,1
Bulloch,Brooklet,"Public Service Commission, District 5",5,(R,STAN WISE (I),1080,36,657,387,0
Bulloch,Stilson,"Public Service Commission, District 5",5,(R,STAN WISE (I),711,24,520,167,0
Bulloch,Bay,"Public Service Commission, District 5",5,(R,STAN WISE (I),681,34,494,153,0
Bulloch,Nevils,"Public Service Commission, District 5",5,(R,STAN WISE (I),440,11,306,123,0
Bulloch,Sinkhole,"Public Service Commission, District 5",5,(R,STAN WISE (I),239,12,170,55,2
Bulloch,Register,"Public Service Commission, District 5",5,(R,STAN WISE (I),311,11,220,80,0
Bulloch,,"Public Service Commission, District 5",5,L,DAVID STAPLES,5392,209,2635,2545,3
Bulloch,Lockhart,"Public Service Commission, District 5",5,L,DAVID STAPLES,64,3,41,20,0
Bulloch,Emit,"Public Service Commission, District 5",5,L,DAVID STAPLES,252,7,135,109,1
Bulloch,Statesboro,"Public Service Commission, District 5",5,L,DAVID STAPLES,847,41,377,429,0
Bulloch,Portal,"Public Service Commission, District 5",5,L,DAVID STAPLES,187,4,135,48,0
Bulloch,Fair,"Public Service Commission, District 5",5,L,DAVID STAPLES,710,29,292,388,1
Bulloch,Church,"Public Service Commission, District 5",5,L,DAVID STAPLES,855,41,369,444,1
Bulloch,Pittman Park,"Public Service Commission, District 5",5,L,DAVID STAPLES,1230,42,468,720,0
Bulloch,Leefield,"Public Service Commission, District 5",5,L,DAVID STAPLES,89,1,67,21,0
Bulloch,Blitch,"Public Service Commission, District 5",5,L,DAVID STAPLES,158,3,80,75,0
Bulloch,Hagin,"Public Service Commission, District 5",5,L,DAVID STAPLES,285,18,154,113,0
Bulloch,Brooklet,"Public Service Commission, District 5",5,L,DAVID STAPLES,212,3,145,64,0
Bulloch,Stilson,"Public Service Commission, District 5",5,L,DAVID STAPLES,175,7,126,42,0
Bulloch,Bay,"Public Service Commission, District 5",5,L,DAVID STAPLES,90,3,69,18,0
Bulloch,Nevils,"Public Service Commission, District 5",5,L,DAVID STAPLES,86,0,70,16,0
Bulloch,Sinkhole,"Public Service Commission, District 5",5,L,DAVID STAPLES,26,5,16,5,0
Bulloch,Register,"Public Service Commission, District 5",5,L,DAVID STAPLES,126,2,91,33,0
Bulloch,,U.S. Representative,12,R,LEE ANDERSON,11179,561,5675,4937,6
Bulloch,Lockhart,U.S. Representative,12,R,LEE ANDERSON,183,4,140,39,0
Bulloch,Emit,U.S. Representative,12,R,LEE ANDERSON,815,45,457,312,1
Bulloch,Statesboro,U.S. Representative,12,R,LEE ANDERSON,1182,63,412,706,1
Bulloch,Portal,U.S. Representative,12,R,LEE ANDERSON,442,10,292,140,0
Bulloch,Fair,U.S. Representative,12,R,LEE ANDERSON,1766,89,633,1043,1
Bulloch,Church,U.S. Representative,12,R,LEE ANDERSON,1291,86,474,729,2
Bulloch,Pittman Park,U.S. Representative,12,R,LEE ANDERSON,1086,84,425,577,0
Bulloch,Leefield,U.S. Representative,12,R,LEE ANDERSON,308,12,228,68,0
Bulloch,Blitch,U.S. Representative,12,R,LEE ANDERSON,702,27,370,305,0
Bulloch,Hagin,U.S. Representative,12,R,LEE ANDERSON,631,28,369,233,1
Bulloch,Brooklet,U.S. Representative,12,R,LEE ANDERSON,868,28,527,313,0
Bulloch,Stilson,U.S. Representative,12,R,LEE ANDERSON,582,24,415,143,0
Bulloch,Bay,U.S. Representative,12,R,LEE ANDERSON,538,28,395,115,0
Bulloch,Nevils,U.S. Representative,12,R,LEE ANDERSON,343,11,238,94,0
Bulloch,Sinkhole,U.S. Representative,12,R,LEE ANDERSON,208,13,141,54,0
Bulloch,Register,U.S. Representative,12,R,LEE ANDERSON,234,9,159,66,0
Bulloch,,U.S. Representative,12,(D,JOHN BARROW (I),12268,526,6064,5672,6
Bulloch,Lockhart,U.S. Representative,12,(D,JOHN BARROW (I),184,5,133,45,1
Bulloch,Emit,U.S. Representative,12,(D,JOHN BARROW (I),645,24,363,257,1
Bulloch,Statesboro,U.S. Representative,12,(D,JOHN BARROW (I),2026,120,839,1066,1
Bulloch,Portal,U.S. Representative,12,(D,JOHN BARROW (I),485,14,333,138,0
Bulloch,Fair,U.S. Representative,12,(D,JOHN BARROW (I),1565,83,633,848,1
Bulloch,Church,U.S. Representative,12,(D,JOHN BARROW (I),1935,96,826,1013,0
Bulloch,Pittman Park,U.S. Representative,12,(D,JOHN BARROW (I),2157,79,802,1276,0
Bulloch,Leefield,U.S. Representative,12,(D,JOHN BARROW (I),193,10,156,27,0
Bulloch,Blitch,U.S. Representative,12,(D,JOHN BARROW (I),485,17,279,189,0
Bulloch,Hagin,U.S. Representative,12,(D,JOHN BARROW (I),669,33,352,284,0
Bulloch,Brooklet,U.S. Representative,12,(D,JOHN BARROW (I),573,12,362,199,0
Bulloch,Stilson,U.S. Representative,12,(D,JOHN BARROW (I),396,11,293,92,0
Bulloch,Bay,U.S. Representative,12,(D,JOHN BARROW (I),315,13,221,81,0
Bulloch,Nevils,U.S. Representative,12,(D,JOHN BARROW (I),270,1,203,66,0
Bulloch,Sinkhole,U.S. Representative,12,(D,JOHN BARROW (I),85,4,65,14,2
Bulloch,Register,U.S. Representative,12,(D,JOHN BARROW (I),285,4,204,77,0
Bulloch,,State Senator,4,(R,JACK HILL (I),18967,861,9694,8400,12
Bulloch,Lockhart,State Senator,4,(R,JACK HILL (I),295,7,221,66,1
Bulloch,Emit,State Senator,4,(R,JACK HILL (I),1244,59,712,471,2
Bulloch,Statesboro,State Senator,4,(R,JACK HILL (I),2350,127,929,1292,2
Bulloch,Portal,State Senator,4,(R,JACK HILL (I),772,16,537,219,0
Bulloch,Fair,State Senator,4,(R,JACK HILL (I),2821,141,1071,1608,1
Bulloch,Church,State Senator,4,(R,JACK HILL (I),2396,139,965,1290,2
Bulloch,Pittman Park,State Senator,4,(R,JACK HILL (I),2507,132,942,1432,1
Bulloch,Leefield,State Senator,4,(R,JACK HILL (I),440,20,342,78,0
Bulloch,Blitch,State Senator,4,(R,JACK HILL (I),1018,37,555,426,0
Bulloch,Hagin,State Senator,4,(R,JACK HILL (I),1052,46,602,403,1
Bulloch,Brooklet,State Senator,4,(R,JACK HILL (I),1268,35,785,448,0
Bulloch,Stilson,State Senator,4,(R,JACK HILL (I),852,30,624,198,0
Bulloch,Bay,State Senator,4,(R,JACK HILL (I),776,37,570,169,0
Bulloch,Nevils,State Senator,4,(R,JACK HILL (I),516,11,371,134,0
Bulloch,Sinkhole,State Senator,4,(R,JACK HILL (I),261,11,189,59,2
Bulloch,Register,State Senator,4,(R,JACK HILL (I),399,13,279,107,0
Bulloch,,State Representative,158,(R,BUTCH PARRISH (I),3118,141,1494,1481,2
Bulloch,Statesboro,State Representative,158,(R,BUTCH PARRISH (I),2209,116,879,1212,2
Bulloch,Portal,State Representative,158,(R,BUTCH PARRISH (I),734,16,501,217,0
Bulloch,Register,State Representative,158,(R,BUTCH PARRISH (I),175,9,114,52,0
Bulloch,,State Representative,159,(R,JON G. BURNS (I),4204,205,2053,1943,3
Bulloch,Lockhart,State Representative,159,(R,JON G. BURNS (I),278,7,206,64,1
Bulloch,Church,State Representative,159,(R,JON G. BURNS (I),2277,130,938,1208,1
Bulloch,Blitch,State Representative,159,(R,JON G. BURNS (I),983,39,532,412,0
Bulloch,Hagin,State Representative,159,(R,JON G. BURNS (I),666,29,377,259,1
Bulloch,,State Representative,160,(R,JAN TANKERSLEY (I),8802,418,4790,3590,4
Bulloch,Emit,State Representative,160,(R,JAN TANKERSLEY (I),1039,54,596,389,0
Bulloch,Statesboro,State Representative,160,(R,JAN TANKERSLEY (I),2,0,1,1,0
Bulloch,Fair,State Representative,160,(R,JAN TANKERSLEY (I),2305,121,861,1322,1
Bulloch,Pittman Park,State Representative,160,(R,JAN TANKERSLEY (I),1418,101,559,757,1
Bulloch,Leefield,State Representative,160,(R,JAN TANKERSLEY (I),358,16,267,75,0
Bulloch,Hagin,State Representative,160,(R,JAN TANKERSLEY (I),258,8,151,99,0
Bulloch,Brooklet,State Representative,160,(R,JAN TANKERSLEY (I),1134,36,696,402,0
Bulloch,Stilson,State Representative,160,(R,JAN TANKERSLEY (I),733,24,538,171,0
Bulloch,Bay,State Representative,160,(R,JAN TANKERSLEY (I),695,33,509,153,0
Bulloch,Nevils,State Representative,160,(R,JAN TANKERSLEY (I),453,11,322,120,0
Bulloch,Sinkhole,State Representative,160,(R,JAN TANKERSLEY (I),238,11,165,60,2
Bulloch,Register,State Representative,160,(R,JAN TANKERSLEY (I),169,3,125,41,0
Bulloch,,State Representative,160,D,MARC SILVER,4380,160,2065,2153,2
Bulloch,Emit,State Representative,160,D,MARC SILVER,384,15,194,174,1
Bulloch,Statesboro,State Representative,160,D,MARC SILVER,0,0,0,0,0
Bulloch,Fair,State Representative,160,D,MARC SILVER,1015,49,403,562,1
Bulloch,Pittman Park,State Representative,160,D,MARC SILVER,1798,61,655,1082,0
Bulloch,Leefield,State Representative,160,D,MARC SILVER,131,4,109,18,0
Bulloch,Hagin,State Representative,160,D,MARC SILVER,139,7,75,57,0
Bulloch,Brooklet,State Representative,160,D,MARC SILVER,280,3,171,106,0
Bulloch,Stilson,State Representative,160,D,MARC SILVER,220,11,152,57,0
Bulloch,Bay,State Representative,160,D,MARC SILVER,130,5,90,35,0
Bulloch,Nevils,State Representative,160,D,MARC SILVER,140,0,107,33,0
Bulloch,Sinkhole,State Representative,160,D,MARC SILVER,41,4,32,5,0
Bulloch,Register,State Representative,160,D,MARC SILVER,102,1,77,24,0
Bulloch,,District Attorney, Ogeechee Circuit,R,RICHARD MALLARD (I),18599,831,9517,8239,12
Bulloch,Lockhart,District Attorney, Ogeechee Circuit,R,RICHARD MALLARD (I),286,7,214,64,1
Bulloch,Emit,District Attorney, Ogeechee Circuit,R,RICHARD MALLARD (I),1237,57,717,461,2
Bulloch,Statesboro,District Attorney, Ogeechee Circuit,R,RICHARD MALLARD (I),2254,119,896,1237,2
Bulloch,Portal,District Attorney, Ogeechee Circuit,R,RICHARD MALLARD (I),742,15,506,221,0
Bulloch,Fair,District Attorney, Ogeechee Circuit,R,RICHARD MALLARD (I),2796,140,1066,1589,1
Bulloch,Church,District Attorney, Ogeechee Circuit,R,RICHARD MALLARD (I),2338,135,959,1242,2
Bulloch,Pittman Park,District Attorney, Ogeechee Circuit,R,RICHARD MALLARD (I),2516,127,950,1438,1
Bulloch,Leefield,District Attorney, Ogeechee Circuit,R,RICHARD MALLARD (I),439,17,338,84,0
Bulloch,Blitch,District Attorney, Ogeechee Circuit,R,RICHARD MALLARD (I),999,37,549,413,0
Bulloch,Hagin,District Attorney, Ogeechee Circuit,R,RICHARD MALLARD (I),1025,45,581,398,1
Bulloch,Brooklet,District Attorney, Ogeechee Circuit,R,RICHARD MALLARD (I),1245,33,775,437,0
Bulloch,Stilson,District Attorney, Ogeechee Circuit,R,RICHARD MALLARD (I),835,30,611,194,0
Bulloch,Bay,District Attorney, Ogeechee Circuit,R,RICHARD MALLARD (I),755,36,552,167,0
Bulloch,Nevils,District Attorney, Ogeechee Circuit,R,RICHARD MALLARD (I),505,10,361,134,0
Bulloch,Sinkhole,District Attorney, Ogeechee Circuit,R,RICHARD MALLARD (I),253,11,182,58,2
Bulloch,Register,District Attorney, Ogeechee Circuit,R,RICHARD MALLARD (I),374,12,260,102,0
Bulloch,,Superior Court Clerk,,(R,TERESA TUCKER (I),14443,698,7532,6205,8
Bulloch,Lockhart,Superior Court Clerk,,(R,TERESA TUCKER (I),234,4,183,47,0
Bulloch,Emit,Superior Court Clerk,,(R,TERESA TUCKER (I),1038,54,614,368,2
Bulloch,Statesboro,Superior Court Clerk,,(R,TERESA TUCKER (I),1541,82,572,886,1
Bulloch,Portal,Superior Court Clerk,,(R,TERESA TUCKER (I),610,13,406,191,0
Bulloch,Fair,Superior Court Clerk,,(R,TERESA TUCKER (I),2227,114,827,1285,1
Bulloch,Church,Superior Court Clerk,,(R,TERESA TUCKER (I),1724,115,655,953,1
Bulloch,Pittman Park,Superior Court Clerk,,(R,TERESA TUCKER (I),1378,100,546,731,1
Bulloch,Leefield,Superior Court Clerk,,(R,TERESA TUCKER (I),381,18,288,75,0
Bulloch,Blitch,Superior Court Clerk,,(R,TERESA TUCKER (I),950,38,527,385,0
Bulloch,Hagin,Superior Court Clerk,,(R,TERESA TUCKER (I),796,33,460,302,1
Bulloch,Brooklet,Superior Court Clerk,,(R,TERESA TUCKER (I),1111,36,684,391,0
Bulloch,Stilson,Superior Court Clerk,,(R,TERESA TUCKER (I),743,24,544,175,0
Bulloch,Bay,Superior Court Clerk,,(R,TERESA TUCKER (I),703,33,519,151,0
Bulloch,Nevils,Superior Court Clerk,,(R,TERESA TUCKER (I),457,11,326,120,0
Bulloch,Sinkhole,Superior Court Clerk,,(R,TERESA TUCKER (I),243,13,166,63,1
Bulloch,Register,Superior Court Clerk,,(R,TERESA TUCKER (I),307,10,215,82,0
Bulloch,,Superior Court Clerk,,D,LIZ JOHNSON,8634,362,4009,4258,5
Bulloch,Lockhart,Superior Court Clerk,,D,LIZ JOHNSON,125,5,83,36,1
Bulloch,Emit,Superior Court Clerk,,D,LIZ JOHNSON,401,15,188,198,0
Bulloch,Statesboro,Superior Court Clerk,,D,LIZ JOHNSON,1614,97,674,842,1
Bulloch,Portal,Superior Court Clerk,,D,LIZ JOHNSON,312,10,211,91,0
Bulloch,Fair,Superior Court Clerk,,D,LIZ JOHNSON,1086,56,437,592,1
Bulloch,Church,Superior Court Clerk,,D,LIZ JOHNSON,1457,61,631,764,1
Bulloch,Pittman Park,Superior Court Clerk,,D,LIZ JOHNSON,1820,59,661,1100,0
Bulloch,Leefield,Superior Court Clerk,,D,LIZ JOHNSON,107,1,87,19,0
Bulloch,Blitch,Superior Court Clerk,,D,LIZ JOHNSON,226,5,118,103,0
Bulloch,Hagin,Superior Court Clerk,,D,LIZ JOHNSON,481,28,243,210,0
Bulloch,Brooklet,Superior Court Clerk,,D,LIZ JOHNSON,308,3,191,114,0
Bulloch,Stilson,Superior Court Clerk,,D,LIZ JOHNSON,195,10,134,51,0
Bulloch,Bay,Superior Court Clerk,,D,LIZ JOHNSON,111,5,70,36,0
Bulloch,Nevils,Superior Court Clerk,,D,LIZ JOHNSON,142,0,103,39,0
Bulloch,Sinkhole,Superior Court Clerk,,D,LIZ JOHNSON,45,4,35,5,1
Bulloch,Register,Superior Court Clerk,,D,LIZ JOHNSON,204,3,143,58,0
Bulloch,,Sheriff,,(R,LYNN ANDERSON (I),19150,843,9807,8489,11
Bulloch,Lockhart,Sheriff,,(R,LYNN ANDERSON (I),291,7,219,64,1
Bulloch,Emit,Sheriff,,(R,LYNN ANDERSON (I),1269,59,736,472,2
Bulloch,Statesboro,Sheriff,,(R,LYNN ANDERSON (I),2438,132,969,1336,1
Bulloch,Portal,Sheriff,,(R,LYNN ANDERSON (I),752,16,514,222,0
Bulloch,Fair,Sheriff,,(R,LYNN ANDERSON (I),2835,148,1078,1608,1
Bulloch,Church,Sheriff,,(R,LYNN ANDERSON (I),2447,132,993,1320,2
Bulloch,Pittman Park,Sheriff,,(R,LYNN ANDERSON (I),2534,125,970,1438,1
Bulloch,Leefield,Sheriff,,(R,LYNN ANDERSON (I),439,17,343,79,0
Bulloch,Blitch,Sheriff,,(R,LYNN ANDERSON (I),1006,33,556,417,0
Bulloch,Hagin,Sheriff,,(R,LYNN ANDERSON (I),1050,44,591,414,1
Bulloch,Brooklet,Sheriff,,(R,LYNN ANDERSON (I),1274,31,798,445,0
Bulloch,Stilson,Sheriff,,(R,LYNN ANDERSON (I),865,30,637,198,0
Bulloch,Bay,Sheriff,,(R,LYNN ANDERSON (I),775,37,569,169,0
Bulloch,Nevils,Sheriff,,(R,LYNN ANDERSON (I),515,8,370,137,0
Bulloch,Sinkhole,Sheriff,,(R,LYNN ANDERSON (I),257,12,185,58,2
Bulloch,Register,Sheriff,,(R,LYNN ANDERSON (I),403,12,279,112,0
Bulloch,,Tax Commissioner,,(R,JAMES W. DEAL (I),19077,849,9780,8437,11
Bulloch,Lockhart,Tax Commissioner,,(R,JAMES W. DEAL (I),294,7,218,68,1
Bulloch,Emit,Tax Commissioner,,(R,JAMES W. DEAL (I),1264,59,731,472,2
Bulloch,Statesboro,Tax Commissioner,,(R,JAMES W. DEAL (I),2369,120,946,1302,1
Bulloch,Portal,Tax Commissioner,,(R,JAMES W. DEAL (I),759,16,524,219,0
Bulloch,Fair,Tax Commissioner,,(R,JAMES W. DEAL (I),2823,149,1072,1601,1
Bulloch,Church,Tax Commissioner,,(R,JAMES W. DEAL (I),2411,138,978,1293,2
Bulloch,Pittman Park,Tax Commissioner,,(R,JAMES W. DEAL (I),2518,127,956,1434,1
Bulloch,Leefield,Tax Commissioner,,(R,JAMES W. DEAL (I),448,17,349,82,0
Bulloch,Blitch,Tax Commissioner,,(R,JAMES W. DEAL (I),1026,38,563,425,0
Bulloch,Hagin,Tax Commissioner,,(R,JAMES W. DEAL (I),1051,43,594,413,1
Bulloch,Brooklet,Tax Commissioner,,(R,JAMES W. DEAL (I),1282,32,799,451,0
Bulloch,Stilson,Tax Commissioner,,(R,JAMES W. DEAL (I),866,32,631,203,0
Bulloch,Bay,Tax Commissioner,,(R,JAMES W. DEAL (I),779,38,574,167,0
Bulloch,Nevils,Tax Commissioner,,(R,JAMES W. DEAL (I),528,9,382,137,0
Bulloch,Sinkhole,Tax Commissioner,,(R,JAMES W. DEAL (I),261,11,189,59,2
Bulloch,Register,Tax Commissioner,,(R,JAMES W. DEAL (I),398,13,274,111,0
Bulloch,,Surveyor,,(R,JOHN A. DOTSON (I),18336,812,9384,8129,11
Bulloch,Lockhart,Surveyor,,(R,JOHN A. DOTSON (I),283,6,210,66,1
Bulloch,Emit,Surveyor,,(R,JOHN A. DOTSON (I),1218,55,704,457,2
Bulloch,Statesboro,Surveyor,,(R,JOHN A. DOTSON (I),2240,121,899,1218,2
Bulloch,Portal,Surveyor,,(R,JOHN A. DOTSON (I),735,16,500,219,0
Bulloch,Fair,Surveyor,,(R,JOHN A. DOTSON (I),2740,139,1038,1562,1
Bulloch,Church,Surveyor,,(R,JOHN A. DOTSON (I),2306,132,941,1232,1
Bulloch,Pittman Park,Surveyor,,(R,JOHN A. DOTSON (I),2477,121,939,1416,1
Bulloch,Leefield,Surveyor,,(R,JOHN A. DOTSON (I),429,16,333,80,0
Bulloch,Blitch,Surveyor,,(R,JOHN A. DOTSON (I),992,37,545,410,0
Bulloch,Hagin,Surveyor,,(R,JOHN A. DOTSON (I),996,41,571,383,1
Bulloch,Brooklet,Surveyor,,(R,JOHN A. DOTSON (I),1225,32,758,435,0
Bulloch,Stilson,Surveyor,,(R,JOHN A. DOTSON (I),829,29,605,195,0
Bulloch,Bay,Surveyor,,(R,JOHN A. DOTSON (I),738,35,541,162,0
Bulloch,Nevils,Surveyor,,(R,JOHN A. DOTSON (I),495,9,357,129,0
Bulloch,Sinkhole,Surveyor,,(R,JOHN A. DOTSON (I),254,11,183,58,2
Bulloch,Register,Surveyor,,(R,JOHN A. DOTSON (I),379,12,260,107,0
Bulloch,,Coroner,,(R,JAKE A. FUTCH (I),18899,838,9662,8388,11
Bulloch,Lockhart,Coroner,,(R,JAKE A. FUTCH (I),288,7,214,66,1
Bulloch,Emit,Coroner,,(R,JAKE A. FUTCH (I),1239,58,713,467,1
Bulloch,Statesboro,Coroner,,(R,JAKE A. FUTCH (I),2339,123,932,1282,2
Bulloch,Portal,Coroner,,(R,JAKE A. FUTCH (I),759,16,520,223,0
Bulloch,Fair,Coroner,,(R,JAKE A. FUTCH (I),2795,141,1056,1597,1
Bulloch,Church,Coroner,,(R,JAKE A. FUTCH (I),2400,135,974,1289,2
Bulloch,Pittman Park,Coroner,,(R,JAKE A. FUTCH (I),2531,127,959,1444,1
Bulloch,Leefield,Coroner,,(R,JAKE A. FUTCH (I),445,16,349,80,0
Bulloch,Blitch,Coroner,,(R,JAKE A. FUTCH (I),1013,38,560,415,0
Bulloch,Hagin,Coroner,,(R,JAKE A. FUTCH (I),1049,47,596,405,1
Bulloch,Brooklet,Coroner,,(R,JAKE A. FUTCH (I),1267,32,787,448,0
Bulloch,Stilson,Coroner,,(R,JAKE A. FUTCH (I),850,30,619,201,0
Bulloch,Bay,Coroner,,(R,JAKE A. FUTCH (I),758,36,555,167,0
Bulloch,Nevils,Coroner,,(R,JAKE A. FUTCH (I),517,9,372,136,0
Bulloch,Sinkhole,Coroner,,(R,JAKE A. FUTCH (I),257,11,185,59,2
Bulloch,Register,Coroner,,(R,JAKE A. FUTCH (I),392,12,271,109,0
Bulloch,,Solicitor,,(R,JOSEPH COWART (I),18398,814,9387,8185,12
Bulloch,Lockhart,Solicitor,,(R,JOSEPH COWART (I),277,7,206,63,1
Bulloch,Emit,Solicitor,,(R,JOSEPH COWART (I),1209,52,699,456,2
Bulloch,Statesboro,Solicitor,,(R,JOSEPH COWART (I),2254,119,902,1231,2
Bulloch,Portal,Solicitor,,(R,JOSEPH COWART (I),729,15,498,216,0
Bulloch,Fair,Solicitor,,(R,JOSEPH COWART (I),2754,138,1036,1579,1
Bulloch,Church,Solicitor,,(R,JOSEPH COWART (I),2321,136,945,1238,2
Bulloch,Pittman Park,Solicitor,,(R,JOSEPH COWART (I),2488,126,932,1429,1
Bulloch,Leefield,Solicitor,,(R,JOSEPH COWART (I),430,16,336,78,0
Bulloch,Blitch,Solicitor,,(R,JOSEPH COWART (I),999,38,545,416,0
Bulloch,Hagin,Solicitor,,(R,JOSEPH COWART (I),1004,42,572,389,1
Bulloch,Brooklet,Solicitor,,(R,JOSEPH COWART (I),1234,31,765,438,0
Bulloch,Stilson,Solicitor,,(R,JOSEPH COWART (I),831,29,608,194,0
Bulloch,Bay,Solicitor,,(R,JOSEPH COWART (I),743,33,545,165,0
Bulloch,Nevils,Solicitor,,(R,JOSEPH COWART (I),500,9,359,132,0
Bulloch,Sinkhole,Solicitor,,(R,JOSEPH COWART (I),252,11,183,56,2
Bulloch,Register,Solicitor,,(R,JOSEPH COWART (I),373,12,256,105,0
Bulloch,,County Comm Chair,,(R,GARRETT NEVIL (I),18448,820,9445,8171,12
Bulloch,Lockhart,County Comm Chair,,(R,GARRETT NEVIL (I),288,7,214,66,1
Bulloch,Emit,County Comm Chair,,(R,GARRETT NEVIL (I),1226,56,705,463,2
Bulloch,Statesboro,County Comm Chair,,(R,GARRETT NEVIL (I),2263,120,905,1236,2
Bulloch,Portal,County Comm Chair,,(R,GARRETT NEVIL (I),736,15,508,213,0
Bulloch,Fair,County Comm Chair,,(R,GARRETT NEVIL (I),2740,139,1042,1558,1
Bulloch,Church,County Comm Chair,,(R,GARRETT NEVIL (I),2314,132,944,1236,2
Bulloch,Pittman Park,County Comm Chair,,(R,GARRETT NEVIL (I),2480,126,938,1415,1
Bulloch,Leefield,County Comm Chair,,(R,GARRETT NEVIL (I),435,17,339,79,0
Bulloch,Blitch,County Comm Chair,,(R,GARRETT NEVIL (I),997,35,549,413,0
Bulloch,Hagin,County Comm Chair,,(R,GARRETT NEVIL (I),1015,44,576,394,1
Bulloch,Brooklet,County Comm Chair,,(R,GARRETT NEVIL (I),1234,31,761,442,0
Bulloch,Stilson,County Comm Chair,,(R,GARRETT NEVIL (I),833,29,607,197,0
Bulloch,Bay,County Comm Chair,,(R,GARRETT NEVIL (I),751,36,551,164,0
Bulloch,Nevils,County Comm Chair,,(R,GARRETT NEVIL (I),510,9,368,133,0
Bulloch,Sinkhole,County Comm Chair,,(R,GARRETT NEVIL (I),248,11,178,57,2
Bulloch,Register,County Comm Chair,,(R,GARRETT NEVIL (I),378,13,260,105,0
Bulloch,,County Comm 1A,,(D,RAY E.MOSLEY (I),5197,224,2484,2486,3
Bulloch,Lockhart,County Comm 1A,,(D,RAY E.MOSLEY (I),125,4,87,34,0
Bulloch,Statesboro,County Comm 1A,,(D,RAY E.MOSLEY (I),1582,85,683,813,1
Bulloch,Portal,County Comm 1A,,(D,RAY E.MOSLEY (I),641,12,446,183,0
Bulloch,Fair,County Comm 1A,,(D,RAY E.MOSLEY (I),133,5,57,70,1
Bulloch,Church,County Comm 1A,,(D,RAY E.MOSLEY (I),1199,57,522,620,0
Bulloch,Pittman Park,County Comm 1A,,(D,RAY E.MOSLEY (I),1076,37,425,614,0
Bulloch,Hagin,County Comm 1A,,(D,RAY E.MOSLEY (I),236,15,125,95,1
Bulloch,Sinkhole,County Comm 1A,,(D,RAY E.MOSLEY (I),11,2,8,1,0
Bulloch,Register,County Comm 1A,,(D,RAY E.MOSLEY (I),194,7,131,56,0
Bulloch,,County Comm 2A,,R,CAROLYN ETHRIDGE (I),14121,623,7316,6173,9
Bulloch,Lockhart,County Comm 2A,,R,CAROLYN ETHRIDGE (I),177,1,135,40,1
Bulloch,Emit,County Comm 2A,,R,CAROLYN ETHRIDGE (I),1194,55,682,455,2
Bulloch,Statesboro,County Comm 2A,,R,CAROLYN ETHRIDGE (I),1076,60,381,634,1
Bulloch,Portal,County Comm 2A,,R,CAROLYN ETHRIDGE (I),98,4,59,35,0
Bulloch,Fair,County Comm 2A,,R,CAROLYN ETHRIDGE (I),2616,134,987,1494,1
Bulloch,Church,County Comm 2A,,R,CAROLYN ETHRIDGE (I),1424,78,570,775,1
Bulloch,Pittman Park,County Comm 2A,,R,CAROLYN ETHRIDGE (I),1596,94,590,911,1
Bulloch,Leefield,County Comm 2A,,R,CAROLYN ETHRIDGE (I),416,16,322,78,0
Bulloch,Blitch,County Comm 2A,,R,CAROLYN ETHRIDGE (I),977,34,534,409,0
Bulloch,Hagin,County Comm 2A,,R,CAROLYN ETHRIDGE (I),823,32,474,317,0
Bulloch,Brooklet,County Comm 2A,,R,CAROLYN ETHRIDGE (I),1212,31,750,431,0
Bulloch,Stilson,County Comm 2A,,R,CAROLYN ETHRIDGE (I),825,29,604,192,0
Bulloch,Bay,County Comm 2A,,R,CAROLYN ETHRIDGE (I),744,34,547,163,0
Bulloch,Nevils,County Comm 2A,,R,CAROLYN ETHRIDGE (I),491,8,356,127,0
Bulloch,Sinkhole,County Comm 2A,,R,CAROLYN ETHRIDGE (I),244,8,178,56,2
Bulloch,Register,County Comm 2A,,R,CAROLYN ETHRIDGE (I),208,5,147,56,0
Bulloch,,County Comm 2C,,(R,ROY THOMPSON (I),14182,631,7372,6169,10
Bulloch,Lockhart,County Comm 2C,,(R,ROY THOMPSON (I),181,2,139,39,1
Bulloch,Emit,County Comm 2C,,(R,ROY THOMPSON (I),1195,55,689,449,2
Bulloch,Statesboro,County Comm 2C,,(R,ROY THOMPSON (I),1082,59,384,638,1
Bulloch,Portal,County Comm 2C,,(R,ROY THOMPSON (I),99,4,59,36,0
Bulloch,Fair,County Comm 2C,,(R,ROY THOMPSON (I),2616,133,992,1490,1
Bulloch,Church,County Comm 2C,,(R,ROY THOMPSON (I),1423,82,565,774,2
Bulloch,Pittman Park,County Comm 2C,,(R,ROY THOMPSON (I),1593,94,588,910,1
Bulloch,Leefield,County Comm 2C,,(R,ROY THOMPSON (I),424,16,330,78,0
Bulloch,Blitch,County Comm 2C,,(R,ROY THOMPSON (I),995,35,550,410,0
Bulloch,Hagin,County Comm 2C,,(R,ROY THOMPSON (I),830,34,478,318,0
Bulloch,Brooklet,County Comm 2C,,(R,ROY THOMPSON (I),1228,31,762,435,0
Bulloch,Stilson,County Comm 2C,,(R,ROY THOMPSON (I),821,29,597,195,0
Bulloch,Bay,County Comm 2C,,(R,ROY THOMPSON (I),748,35,552,161,0
Bulloch,Nevils,County Comm 2C,,(R,ROY THOMPSON (I),495,9,357,129,0
Bulloch,Sinkhole,County Comm 2C,,(R,ROY THOMPSON (I),244,8,179,55,2
Bulloch,Register,County Comm 2C,,(R,ROY THOMPSON (I),208,5,151,52,0
Bulloch,,Constitutional Amendment #1<br>Shall the Constitution be amended to allow state or local approval of public charter schools upon the request of local communities?,,,YES,12932,630,5970,6324,8
Bulloch,Lockhart,Constitutional Amendment #1<br>Shall the Constitution be amended to allow state or local approval of public charter schools upon the request of local communities?,,,YES,162,6,104,51,1
Bulloch,Emit,Constitutional Amendment #1<br>Shall the Constitution be amended to allow state or local approval of public charter schools upon the request of local communities?,,,YES,781,43,412,324,2
Bulloch,Statesboro,Constitutional Amendment #1<br>Shall the Constitution be amended to allow state or local approval of public charter schools upon the request of local communities?,,,YES,1765,101,677,987,0
Bulloch,Portal,Constitutional Amendment #1<br>Shall the Constitution be amended to allow state or local approval of public charter schools upon the request of local communities?,,,YES,425,10,279,136,0
Bulloch,Fair,Constitutional Amendment #1<br>Shall the Constitution be amended to allow state or local approval of public charter schools upon the request of local communities?,,,YES,1955,105,698,1150,2
Bulloch,Church,Constitutional Amendment #1<br>Shall the Constitution be amended to allow state or local approval of public charter schools upon the request of local communities?,,,YES,1874,105,726,1041,2
Bulloch,Pittman Park,Constitutional Amendment #1<br>Shall the Constitution be amended to allow state or local approval of public charter schools upon the request of local communities?,,,YES,2281,100,830,1351,0
Bulloch,Leefield,Constitutional Amendment #1<br>Shall the Constitution be amended to allow state or local approval of public charter schools upon the request of local communities?,,,YES,227,9,168,50,0
Bulloch,Blitch,Constitutional Amendment #1<br>Shall the Constitution be amended to allow state or local approval of public charter schools upon the request of local communities?,,,YES,538,26,291,221,0
Bulloch,Hagin,Constitutional Amendment #1<br>Shall the Constitution be amended to allow state or local approval of public charter schools upon the request of local communities?,,,YES,712,41,360,311,0
Bulloch,Brooklet,Constitutional Amendment #1<br>Shall the Constitution be amended to allow state or local approval of public charter schools upon the request of local communities?,,,YES,700,24,387,289,0
Bulloch,Stilson,Constitutional Amendment #1<br>Shall the Constitution be amended to allow state or local approval of public charter schools upon the request of local communities?,,,YES,478,24,331,123,0
Bulloch,Bay,Constitutional Amendment #1<br>Shall the Constitution be amended to allow state or local approval of public charter schools upon the request of local communities?,,,YES,370,20,256,94,0
Bulloch,Nevils,Constitutional Amendment #1<br>Shall the Constitution be amended to allow state or local approval of public charter schools upon the request of local communities?,,,YES,269,7,188,74,0
Bulloch,Sinkhole,Constitutional Amendment #1<br>Shall the Constitution be amended to allow state or local approval of public charter schools upon the request of local communities?,,,YES,133,5,89,38,1
Bulloch,Register,Constitutional Amendment #1<br>Shall the Constitution be amended to allow state or local approval of public charter schools upon the request of local communities?,,,YES,262,4,174,84,0
Bulloch,,Constitutional Amendment #1<br>Shall the Constitution be amended to allow state or local approval of public charter schools upon the request of local communities?,,,NO,10094,408,5636,4045,5
Bulloch,Lockhart,Constitutional Amendment #1<br>Shall the Constitution be amended to allow state or local approval of public charter schools upon the request of local communities?,,,NO,189,2,160,27,0
Bulloch,Emit,Constitutional Amendment #1<br>Shall the Constitution be amended to allow state or local approval of public charter schools upon the request of local communities?,,,NO,657,24,391,242,0
Bulloch,Statesboro,Constitutional Amendment #1<br>Shall the Constitution be amended to allow state or local approval of public charter schools upon the request of local communities?,,,NO,1307,73,541,691,2
Bulloch,Portal,Constitutional Amendment #1<br>Shall the Constitution be amended to allow state or local approval of public charter schools upon the request of local communities?,,,NO,477,13,331,133,0
Bulloch,Fair,Constitutional Amendment #1<br>Shall the Constitution be amended to allow state or local approval of public charter schools upon the request of local communities?,,,NO,1373,61,585,727,0
Bulloch,Church,Constitutional Amendment #1<br>Shall the Constitution be amended to allow state or local approval of public charter schools upon the request of local communities?,,,NO,1285,70,560,655,0
Bulloch,Pittman Park,Constitutional Amendment #1<br>Shall the Constitution be amended to allow state or local approval of public charter schools upon the request of local communities?,,,NO,960,58,390,511,1
Bulloch,Leefield,Constitutional Amendment #1<br>Shall the Constitution be amended to allow state or local approval of public charter schools upon the request of local communities?,,,NO,266,9,215,42,0
Bulloch,Blitch,Constitutional Amendment #1<br>Shall the Constitution be amended to allow state or local approval of public charter schools upon the request of local communities?,,,NO,630,17,352,261,0
Bulloch,Hagin,Constitutional Amendment #1<br>Shall the Constitution be amended to allow state or local approval of public charter schools upon the request of local communities?,,,NO,544,17,343,183,1
Bulloch,Brooklet,Constitutional Amendment #1<br>Shall the Constitution be amended to allow state or local approval of public charter schools upon the request of local communities?,,,NO,732,16,503,213,0
Bulloch,Stilson,Constitutional Amendment #1<br>Shall the Constitution be amended to allow state or local approval of public charter schools upon the request of local communities?,,,NO,493,9,374,110,0
Bulloch,Bay,Constitutional Amendment #1<br>Shall the Constitution be amended to allow state or local approval of public charter schools upon the request of local communities?,,,NO,457,18,350,89,0
Bulloch,Nevils,Constitutional Amendment #1<br>Shall the Constitution be amended to allow state or local approval of public charter schools upon the request of local communities?,,,NO,328,1,248,79,0
Bulloch,Sinkhole,Constitutional Amendment #1<br>Shall the Constitution be amended to allow state or local approval of public charter schools upon the request of local communities?,,,NO,149,11,108,29,1
Bulloch,Register,Constitutional Amendment #1<br>Shall the Constitution be amended to allow state or local approval of public charter schools upon the request of local communities?,,,NO,247,9,185,53,0
Bulloch,,Constitutional Amendment #2<br>Shall the Constitution be amended so as to provide for a reduction in the state's operating costs by allowing the General Assembly to authorize certain state agencies to enter into multiyear rental agreements?,,,YES,14150,668,6808,6664,10
Bulloch,Lockhart,Constitutional Amendment #2<br>Shall the Constitution be amended so as to provide for a reduction in the state's operating costs by allowing the General Assembly to authorize certain state agencies to enter into multiyear rental agreements?,,,YES,192,3,142,46,1
Bulloch,Emit,Constitutional Amendment #2<br>Shall the Constitution be amended so as to provide for a reduction in the state's operating costs by allowing the General Assembly to authorize certain state agencies to enter into multiyear rental agreements?,,,YES,885,45,493,346,1
Bulloch,Statesboro,Constitutional Amendment #2<br>Shall the Constitution be amended so as to provide for a reduction in the state's operating costs by allowing the General Assembly to authorize certain state agencies to enter into multiyear rental agreements?,,,YES,1865,110,715,1039,1
Bulloch,Portal,Constitutional Amendment #2<br>Shall the Constitution be amended so as to provide for a reduction in the state's operating costs by allowing the General Assembly to authorize certain state agencies to enter into multiyear rental agreements?,,,YES,457,13,295,149,0
Bulloch,Fair,Constitutional Amendment #2<br>Shall the Constitution be amended so as to provide for a reduction in the state's operating costs by allowing the General Assembly to authorize certain state agencies to enter into multiyear rental agreements?,,,YES,2233,107,818,1307,1
Bulloch,Church,Constitutional Amendment #2<br>Shall the Constitution be amended so as to provide for a reduction in the state's operating costs by allowing the General Assembly to authorize certain state agencies to enter into multiyear rental agreements?,,,YES,2012,112,792,1106,2
Bulloch,Pittman Park,Constitutional Amendment #2<br>Shall the Constitution be amended so as to provide for a reduction in the state's operating costs by allowing the General Assembly to authorize certain state agencies to enter into multiyear rental agreements?,,,YES,2121,98,798,1224,1
Bulloch,Leefield,Constitutional Amendment #2<br>Shall the Constitution be amended so as to provide for a reduction in the state's operating costs by allowing the General Assembly to authorize certain state agencies to enter into multiyear rental agreements?,,,YES,279,12,210,57,0
Bulloch,Blitch,Constitutional Amendment #2<br>Shall the Constitution be amended so as to provide for a reduction in the state's operating costs by allowing the General Assembly to authorize certain state agencies to enter into multiyear rental agreements?,,,YES,688,30,370,288,0
Bulloch,Hagin,Constitutional Amendment #2<br>Shall the Constitution be amended so as to provide for a reduction in the state's operating costs by allowing the General Assembly to authorize certain state agencies to enter into multiyear rental agreements?,,,YES,730,41,388,300,1
Bulloch,Brooklet,Constitutional Amendment #2<br>Shall the Constitution be amended so as to provide for a reduction in the state's operating costs by allowing the General Assembly to authorize certain state agencies to enter into multiyear rental agreements?,,,YES,859,28,515,316,0
Bulloch,Stilson,Constitutional Amendment #2<br>Shall the Constitution be amended so as to provide for a reduction in the state's operating costs by allowing the General Assembly to authorize certain state agencies to enter into multiyear rental agreements?,,,YES,582,23,408,151,0
Bulloch,Bay,Constitutional Amendment #2<br>Shall the Constitution be amended so as to provide for a reduction in the state's operating costs by allowing the General Assembly to authorize certain state agencies to enter into multiyear rental agreements?,,,YES,471,25,323,123,0
Bulloch,Nevils,Constitutional Amendment #2<br>Shall the Constitution be amended so as to provide for a reduction in the state's operating costs by allowing the General Assembly to authorize certain state agencies to enter into multiyear rental agreements?,,,YES,333,7,235,91,0
Bulloch,Sinkhole,Constitutional Amendment #2<br>Shall the Constitution be amended so as to provide for a reduction in the state's operating costs by allowing the General Assembly to authorize certain state agencies to enter into multiyear rental agreements?,,,YES,167,10,114,41,2
Bulloch,Register,Constitutional Amendment #2<br>Shall the Constitution be amended so as to provide for a reduction in the state's operating costs by allowing the General Assembly to authorize certain state agencies to enter into multiyear rental agreements?,,,YES,276,4,192,80,0
Bulloch,,Constitutional Amendment #2<br>Shall the Constitution be amended so as to provide for a reduction in the state's operating costs by allowing the General Assembly to authorize certain state agencies to enter into multiyear rental agreements?,,,NO,8029,329,4366,3331,3
Bulloch,Lockhart,Constitutional Amendment #2<br>Shall the Constitution be amended so as to provide for a reduction in the state's operating costs by allowing the General Assembly to authorize certain state agencies to enter into multiyear rental agreements?,,,NO,149,5,117,27,0
Bulloch,Emit,Constitutional Amendment #2<br>Shall the Constitution be amended so as to provide for a reduction in the state's operating costs by allowing the General Assembly to authorize certain state agencies to enter into multiyear rental agreements?,,,NO,502,19,286,196,1
Bulloch,Statesboro,Constitutional Amendment #2<br>Shall the Constitution be amended so as to provide for a reduction in the state's operating costs by allowing the General Assembly to authorize certain state agencies to enter into multiyear rental agreements?,,,NO,1052,55,427,569,1
Bulloch,Portal,Constitutional Amendment #2<br>Shall the Constitution be amended so as to provide for a reduction in the state's operating costs by allowing the General Assembly to authorize certain state agencies to enter into multiyear rental agreements?,,,NO,403,7,292,104,0
Bulloch,Fair,Constitutional Amendment #2<br>Shall the Constitution be amended so as to provide for a reduction in the state's operating costs by allowing the General Assembly to authorize certain state agencies to enter into multiyear rental agreements?,,,NO,1002,51,420,530,1
Bulloch,Church,Constitutional Amendment #2<br>Shall the Constitution be amended so as to provide for a reduction in the state's operating costs by allowing the General Assembly to authorize certain state agencies to enter into multiyear rental agreements?,,,NO,1011,58,436,517,0
Bulloch,Pittman Park,Constitutional Amendment #2<br>Shall the Constitution be amended so as to provide for a reduction in the state's operating costs by allowing the General Assembly to authorize certain state agencies to enter into multiyear rental agreements?,,,NO,993,54,374,565,0
Bulloch,Leefield,Constitutional Amendment #2<br>Shall the Constitution be amended so as to provide for a reduction in the state's operating costs by allowing the General Assembly to authorize certain state agencies to enter into multiyear rental agreements?,,,NO,195,7,156,32,0
Bulloch,Blitch,Constitutional Amendment #2<br>Shall the Constitution be amended so as to provide for a reduction in the state's operating costs by allowing the General Assembly to authorize certain state agencies to enter into multiyear rental agreements?,,,NO,442,9,253,180,0
Bulloch,Hagin,Constitutional Amendment #2<br>Shall the Constitution be amended so as to provide for a reduction in the state's operating costs by allowing the General Assembly to authorize certain state agencies to enter into multiyear rental agreements?,,,NO,491,17,294,180,0
Bulloch,Brooklet,Constitutional Amendment #2<br>Shall the Constitution be amended so as to provide for a reduction in the state's operating costs by allowing the General Assembly to authorize certain state agencies to enter into multiyear rental agreements?,,,NO,522,11,335,176,0
Bulloch,Stilson,Constitutional Amendment #2<br>Shall the Constitution be amended so as to provide for a reduction in the state's operating costs by allowing the General Assembly to authorize certain state agencies to enter into multiyear rental agreements?,,,NO,360,8,281,71,0
Bulloch,Bay,Constitutional Amendment #2<br>Shall the Constitution be amended so as to provide for a reduction in the state's operating costs by allowing the General Assembly to authorize certain state agencies to enter into multiyear rental agreements?,,,NO,342,13,274,55,0
Bulloch,Nevils,Constitutional Amendment #2<br>Shall the Constitution be amended so as to provide for a reduction in the state's operating costs by allowing the General Assembly to authorize certain state agencies to enter into multiyear rental agreements?,,,NO,253,1,192,60,0
Bulloch,Sinkhole,Constitutional Amendment #2<br>Shall the Constitution be amended so as to provide for a reduction in the state's operating costs by allowing the General Assembly to authorize certain state agencies to enter into multiyear rental agreements?,,,NO,107,5,80,22,0
Bulloch,Register,Constitutional Amendment #2<br>Shall the Constitution be amended so as to provide for a reduction in the state's operating costs by allowing the General Assembly to authorize certain state agencies to enter into multiyear rental agreements?,,,NO,205,9,149,47,0
