county,precinct,office,district,party,candidate,votes,absentee_by_mail,election_day,advance_in_person,provisional
Paulding,,President of the United States,,R,MITT ROMNEY,40846,2276,12969,25587,14
Paulding,SAMMY MCCLURE MID SC,President of the United States,,R,MITT ROMNEY,4874,281,1240,3350,3
Paulding,NORTHSIDE ELEM SCH,President of the United States,,R,MITT ROMNEY,1172,53,456,663,0
Paulding,MOSES MIDDLE SCHOOL,President of the United States,,R,MITT ROMNEY,2241,87,781,1372,1
Paulding,RUSSOM ELEM SCH,President of the United States,,R,MITT ROMNEY,4192,272,1386,2532,2
Paulding,MT TABOR PARK,President of the United States,,R,MITT ROMNEY,3950,196,1152,2600,2
Paulding,WATSON GOVT COMPLEX,President of the United States,,R,MITT ROMNEY,2164,142,581,1441,0
Paulding,HOPE CHURCH,President of the United States,,R,MITT ROMNEY,2320,159,790,1369,2
Paulding,SARA RAGSDALE ELM SC,President of the United States,,R,MITT ROMNEY,3122,166,1176,1780,0
Paulding,PAULDING CO HIGH SC,President of the United States,,R,MITT ROMNEY,2067,130,730,1207,0
Paulding,HIRAM HIGH SCHOOL,President of the United States,,R,MITT ROMNEY,2089,122,629,1337,1
Paulding,TAYLOR FARM PARK,President of the United States,,R,MITT ROMNEY,3482,231,896,2353,2
Paulding,AUSTIN MIDDLE SCHOOL,President of the United States,,R,MITT ROMNEY,3578,190,1116,2272,0
Paulding,NEBO ELEMENTARY SCH,President of the United States,,R,MITT ROMNEY,3430,165,1156,2108,1
Paulding,CARL SCOGGINS MID SC,President of the United States,,R,MITT ROMNEY,2165,82,880,1203,0
Paulding,,President of the United States,,D,BARACK OBAMA (I),15825,645,5530,9638,12
Paulding,SAMMY MCCLURE MID SC,President of the United States,,D,BARACK OBAMA (I),948,43,285,620,0
Paulding,NORTHSIDE ELEM SCH,President of the United States,,D,BARACK OBAMA (I),316,11,128,177,0
Paulding,MOSES MIDDLE SCHOOL,President of the United States,,D,BARACK OBAMA (I),721,17,258,446,0
Paulding,RUSSOM ELEM SCH,President of the United States,,D,BARACK OBAMA (I),1266,50,471,745,0
Paulding,MT TABOR PARK,President of the United States,,D,BARACK OBAMA (I),1222,64,395,762,1
Paulding,WATSON GOVT COMPLEX,President of the United States,,D,BARACK OBAMA (I),1283,54,427,801,1
Paulding,HOPE CHURCH,President of the United States,,D,BARACK OBAMA (I),1617,60,536,1018,3
Paulding,SARA RAGSDALE ELM SC,President of the United States,,D,BARACK OBAMA (I),1027,40,365,622,0
Paulding,PAULDING CO HIGH SC,President of the United States,,D,BARACK OBAMA (I),879,27,354,496,2
Paulding,HIRAM HIGH SCHOOL,President of the United States,,D,BARACK OBAMA (I),1426,57,507,861,1
Paulding,TAYLOR FARM PARK,President of the United States,,D,BARACK OBAMA (I),2222,92,702,1426,2
Paulding,AUSTIN MIDDLE SCHOOL,President of the United States,,D,BARACK OBAMA (I),1447,77,494,876,0
Paulding,NEBO ELEMENTARY SCH,President of the United States,,D,BARACK OBAMA (I),1060,34,408,617,1
Paulding,CARL SCOGGINS MID SC,President of the United States,,D,BARACK OBAMA (I),391,19,200,171,1
Paulding,,President of the United States,,L,GARY JOHNSON,704,38,387,279,0
Paulding,SAMMY MCCLURE MID SC,President of the United States,,L,GARY JOHNSON,56,3,29,24,0
Paulding,NORTHSIDE ELEM SCH,President of the United States,,L,GARY JOHNSON,23,0,18,5,0
Paulding,MOSES MIDDLE SCHOOL,President of the United States,,L,GARY JOHNSON,30,3,18,9,0
Paulding,RUSSOM ELEM SCH,President of the United States,,L,GARY JOHNSON,69,4,32,33,0
Paulding,MT TABOR PARK,President of the United States,,L,GARY JOHNSON,66,3,42,21,0
Paulding,WATSON GOVT COMPLEX,President of the United States,,L,GARY JOHNSON,33,5,19,9,0
Paulding,HOPE CHURCH,President of the United States,,L,GARY JOHNSON,47,0,25,22,0
Paulding,SARA RAGSDALE ELM SC,President of the United States,,L,GARY JOHNSON,55,5,28,22,0
Paulding,PAULDING CO HIGH SC,President of the United States,,L,GARY JOHNSON,42,0,29,13,0
Paulding,HIRAM HIGH SCHOOL,President of the United States,,L,GARY JOHNSON,49,2,25,22,0
Paulding,TAYLOR FARM PARK,President of the United States,,L,GARY JOHNSON,52,3,29,20,0
Paulding,AUSTIN MIDDLE SCHOOL,President of the United States,,L,GARY JOHNSON,63,5,29,29,0
Paulding,NEBO ELEMENTARY SCH,President of the United States,,L,GARY JOHNSON,83,5,46,32,0
Paulding,CARL SCOGGINS MID SC,President of the United States,,L,GARY JOHNSON,36,0,18,18,0
Paulding,,"Public Service Commission, District 3",3,R,CHUCK EATON (I),36358,2048,11476,22822,12
Paulding,SAMMY MCCLURE MID SC,"Public Service Commission, District 3",3,R,CHUCK EATON (I),4363,249,1100,3012,2
Paulding,NORTHSIDE ELEM SCH,"Public Service Commission, District 3",3,R,CHUCK EATON (I),1014,43,408,563,0
Paulding,MOSES MIDDLE SCHOOL,"Public Service Commission, District 3",3,R,CHUCK EATON (I),1983,81,678,1223,1
Paulding,RUSSOM ELEM SCH,"Public Service Commission, District 3",3,R,CHUCK EATON (I),3745,245,1249,2250,1
Paulding,MT TABOR PARK,"Public Service Commission, District 3",3,R,CHUCK EATON (I),3477,169,1017,2289,2
Paulding,WATSON GOVT COMPLEX,"Public Service Commission, District 3",3,R,CHUCK EATON (I),1882,119,493,1270,0
Paulding,HOPE CHURCH,"Public Service Commission, District 3",3,R,CHUCK EATON (I),2074,139,693,1240,2
Paulding,SARA RAGSDALE ELM SC,"Public Service Commission, District 3",3,R,CHUCK EATON (I),2746,140,1035,1571,0
Paulding,PAULDING CO HIGH SC,"Public Service Commission, District 3",3,R,CHUCK EATON (I),1851,115,644,1092,0
Paulding,HIRAM HIGH SCHOOL,"Public Service Commission, District 3",3,R,CHUCK EATON (I),1856,122,551,1181,2
Paulding,TAYLOR FARM PARK,"Public Service Commission, District 3",3,R,CHUCK EATON (I),3160,207,831,2121,1
Paulding,AUSTIN MIDDLE SCHOOL,"Public Service Commission, District 3",3,R,CHUCK EATON (I),3207,183,986,2038,0
Paulding,NEBO ELEMENTARY SCH,"Public Service Commission, District 3",3,R,CHUCK EATON (I),3057,156,1018,1882,1
Paulding,CARL SCOGGINS MID SC,"Public Service Commission, District 3",3,R,CHUCK EATON (I),1943,80,773,1090,0
Paulding,,"Public Service Commission, District 3",3,D,STEPHEN OPPENHEIMER,14202,563,4846,8781,12
Paulding,SAMMY MCCLURE MID SC,"Public Service Commission, District 3",3,D,STEPHEN OPPENHEIMER,837,36,249,551,1
Paulding,NORTHSIDE ELEM SCH,"Public Service Commission, District 3",3,D,STEPHEN OPPENHEIMER,286,6,107,173,0
Paulding,MOSES MIDDLE SCHOOL,"Public Service Commission, District 3",3,D,STEPHEN OPPENHEIMER,635,15,225,395,0
Paulding,RUSSOM ELEM SCH,"Public Service Commission, District 3",3,D,STEPHEN OPPENHEIMER,1116,46,407,663,0
Paulding,MT TABOR PARK,"Public Service Commission, District 3",3,D,STEPHEN OPPENHEIMER,1104,47,341,715,1
Paulding,WATSON GOVT COMPLEX,"Public Service Commission, District 3",3,D,STEPHEN OPPENHEIMER,1137,47,370,719,1
Paulding,HOPE CHURCH,"Public Service Commission, District 3",3,D,STEPHEN OPPENHEIMER,1452,54,471,924,3
Paulding,SARA RAGSDALE ELM SC,"Public Service Commission, District 3",3,D,STEPHEN OPPENHEIMER,922,38,325,559,0
Paulding,PAULDING CO HIGH SC,"Public Service Commission, District 3",3,D,STEPHEN OPPENHEIMER,800,25,314,459,2
Paulding,HIRAM HIGH SCHOOL,"Public Service Commission, District 3",3,D,STEPHEN OPPENHEIMER,1286,49,448,789,0
Paulding,TAYLOR FARM PARK,"Public Service Commission, District 3",3,D,STEPHEN OPPENHEIMER,1984,81,600,1300,3
Paulding,AUSTIN MIDDLE SCHOOL,"Public Service Commission, District 3",3,D,STEPHEN OPPENHEIMER,1304,69,427,808,0
Paulding,NEBO ELEMENTARY SCH,"Public Service Commission, District 3",3,D,STEPHEN OPPENHEIMER,972,33,369,570,0
Paulding,CARL SCOGGINS MID SC,"Public Service Commission, District 3",3,D,STEPHEN OPPENHEIMER,367,17,193,156,1
Paulding,,"Public Service Commission, District 3",3,L,BRAD PLOEGER,3300,171,1359,1768,2
Paulding,SAMMY MCCLURE MID SC,"Public Service Commission, District 3",3,L,BRAD PLOEGER,364,22,119,223,0
Paulding,NORTHSIDE ELEM SCH,"Public Service Commission, District 3",3,L,BRAD PLOEGER,99,1,48,50,0
Paulding,MOSES MIDDLE SCHOOL,"Public Service Commission, District 3",3,L,BRAD PLOEGER,173,3,75,95,0
Paulding,RUSSOM ELEM SCH,"Public Service Commission, District 3",3,L,BRAD PLOEGER,341,22,118,200,1
Paulding,MT TABOR PARK,"Public Service Commission, District 3",3,L,BRAD PLOEGER,323,20,126,177,0
Paulding,WATSON GOVT COMPLEX,"Public Service Commission, District 3",3,L,BRAD PLOEGER,204,13,91,100,0
Paulding,HOPE CHURCH,"Public Service Commission, District 3",3,L,BRAD PLOEGER,183,10,96,77,0
Paulding,SARA RAGSDALE ELM SC,"Public Service Commission, District 3",3,L,BRAD PLOEGER,264,18,116,130,0
Paulding,PAULDING CO HIGH SC,"Public Service Commission, District 3",3,L,BRAD PLOEGER,173,4,85,84,0
Paulding,HIRAM HIGH SCHOOL,"Public Service Commission, District 3",3,L,BRAD PLOEGER,203,7,84,112,0
Paulding,TAYLOR FARM PARK,"Public Service Commission, District 3",3,L,BRAD PLOEGER,289,23,97,169,0
Paulding,AUSTIN MIDDLE SCHOOL,"Public Service Commission, District 3",3,L,BRAD PLOEGER,261,14,109,138,0
Paulding,NEBO ELEMENTARY SCH,"Public Service Commission, District 3",3,L,BRAD PLOEGER,282,11,124,146,1
Paulding,CARL SCOGGINS MID SC,"Public Service Commission, District 3",3,L,BRAD PLOEGER,141,3,71,67,0
Paulding,,"Public Service Commission, District 5",5,R,STAN WISE (I),38100,2119,12139,23826,16
Paulding,SAMMY MCCLURE MID SC,"Public Service Commission, District 5",5,R,STAN WISE (I),4477,239,1144,3092,2
Paulding,NORTHSIDE ELEM SCH,"Public Service Commission, District 5",5,R,STAN WISE (I),1032,45,400,587,0
Paulding,MOSES MIDDLE SCHOOL,"Public Service Commission, District 5",5,R,STAN WISE (I),2053,83,715,1254,1
Paulding,RUSSOM ELEM SCH,"Public Service Commission, District 5",5,R,STAN WISE (I),3885,250,1319,2315,1
Paulding,MT TABOR PARK,"Public Service Commission, District 5",5,R,STAN WISE (I),3596,182,1045,2366,3
Paulding,WATSON GOVT COMPLEX,"Public Service Commission, District 5",5,R,STAN WISE (I),2049,130,543,1376,0
Paulding,HOPE CHURCH,"Public Service Commission, District 5",5,R,STAN WISE (I),2235,148,739,1346,2
Paulding,SARA RAGSDALE ELM SC,"Public Service Commission, District 5",5,R,STAN WISE (I),2877,148,1084,1645,0
Paulding,PAULDING CO HIGH SC,"Public Service Commission, District 5",5,R,STAN WISE (I),1955,119,696,1139,1
Paulding,HIRAM HIGH SCHOOL,"Public Service Commission, District 5",5,R,STAN WISE (I),2057,124,625,1307,1
Paulding,TAYLOR FARM PARK,"Public Service Commission, District 5",5,R,STAN WISE (I),3395,215,912,2265,3
Paulding,AUSTIN MIDDLE SCHOOL,"Public Service Commission, District 5",5,R,STAN WISE (I),3347,191,1045,2111,0
Paulding,NEBO ELEMENTARY SCH,"Public Service Commission, District 5",5,R,STAN WISE (I),3158,164,1058,1934,2
Paulding,CARL SCOGGINS MID SC,"Public Service Commission, District 5",5,R,STAN WISE (I),1984,81,814,1089,0
Paulding,,"Public Service Commission, District 5",5,L,DAVID STAPLES,12466,486,4694,7277,9
Paulding,SAMMY MCCLURE MID SC,"Public Service Commission, District 5",5,L,DAVID STAPLES,921,53,284,583,1
Paulding,NORTHSIDE ELEM SCH,"Public Service Commission, District 5",5,L,DAVID STAPLES,309,3,156,150,0
Paulding,MOSES MIDDLE SCHOOL,"Public Service Commission, District 5",5,L,DAVID STAPLES,588,10,231,347,0
Paulding,RUSSOM ELEM SCH,"Public Service Commission, District 5",5,L,DAVID STAPLES,1077,55,384,637,1
Paulding,MT TABOR PARK,"Public Service Commission, District 5",5,L,DAVID STAPLES,1056,44,378,634,0
Paulding,WATSON GOVT COMPLEX,"Public Service Commission, District 5",5,L,DAVID STAPLES,889,34,342,512,1
Paulding,HOPE CHURCH,"Public Service Commission, District 5",5,L,DAVID STAPLES,1059,33,397,627,2
Paulding,SARA RAGSDALE ELM SC,"Public Service Commission, District 5",5,L,DAVID STAPLES,840,35,335,470,0
Paulding,PAULDING CO HIGH SC,"Public Service Commission, District 5",5,L,DAVID STAPLES,687,18,292,376,1
Paulding,HIRAM HIGH SCHOOL,"Public Service Commission, District 5",5,L,DAVID STAPLES,1001,39,380,581,1
Paulding,TAYLOR FARM PARK,"Public Service Commission, District 5",5,L,DAVID STAPLES,1578,73,506,998,1
Paulding,AUSTIN MIDDLE SCHOOL,"Public Service Commission, District 5",5,L,DAVID STAPLES,1127,50,413,664,0
Paulding,NEBO ELEMENTARY SCH,"Public Service Commission, District 5",5,L,DAVID STAPLES,943,25,395,523,0
Paulding,CARL SCOGGINS MID SC,"Public Service Commission, District 5",5,L,DAVID STAPLES,391,14,201,175,1
Paulding,,U.S. Representative,14,R,TOM GRAVES (I),39029,2195,12516,24305,13
Paulding,SAMMY MCCLURE MID SC,U.S. Representative,14,R,TOM GRAVES (I),4691,271,1197,3221,2
Paulding,NORTHSIDE ELEM SCH,U.S. Representative,14,R,TOM GRAVES (I),1097,47,442,608,0
Paulding,MOSES MIDDLE SCHOOL,U.S. Representative,14,R,TOM GRAVES (I),2114,84,737,1292,1
Paulding,RUSSOM ELEM SCH,U.S. Representative,14,R,TOM GRAVES (I),4047,266,1357,2422,2
Paulding,MT TABOR PARK,U.S. Representative,14,R,TOM GRAVES (I),3724,186,1103,2433,2
Paulding,WATSON GOVT COMPLEX,U.S. Representative,14,R,TOM GRAVES (I),2048,129,556,1363,0
Paulding,HOPE CHURCH,U.S. Representative,14,R,TOM GRAVES (I),2205,150,757,1296,2
Paulding,SARA RAGSDALE ELM SC,U.S. Representative,14,R,TOM GRAVES (I),2957,156,1114,1687,0
Paulding,PAULDING CO HIGH SC,U.S. Representative,14,R,TOM GRAVES (I),1979,124,709,1146,0
Paulding,HIRAM HIGH SCHOOL,U.S. Representative,14,R,TOM GRAVES (I),1998,122,613,1262,1
Paulding,TAYLOR FARM PARK,U.S. Representative,14,R,TOM GRAVES (I),3379,226,888,2263,2
Paulding,AUSTIN MIDDLE SCHOOL,U.S. Representative,14,R,TOM GRAVES (I),3478,194,1096,2188,0
Paulding,NEBO ELEMENTARY SCH,U.S. Representative,14,R,TOM GRAVES (I),3278,162,1115,2000,1
Paulding,CARL SCOGGINS MID SC,U.S. Representative,14,R,TOM GRAVES (I),2034,78,832,1124,0
Paulding,,U.S. Representative,14,D,DANIEL GRANT,15495,624,5408,9450,13
Paulding,SAMMY MCCLURE MID SC,U.S. Representative,14,D,DANIEL GRANT,942,37,284,620,1
Paulding,NORTHSIDE ELEM SCH,U.S. Representative,14,D,DANIEL GRANT,326,6,133,187,0
Paulding,MOSES MIDDLE SCHOOL,U.S. Representative,14,D,DANIEL GRANT,704,17,253,434,0
Paulding,RUSSOM ELEM SCH,U.S. Representative,14,D,DANIEL GRANT,1233,54,441,738,0
Paulding,MT TABOR PARK,U.S. Representative,14,D,DANIEL GRANT,1208,53,401,753,1
Paulding,WATSON GOVT COMPLEX,U.S. Representative,14,D,DANIEL GRANT,1221,52,408,760,1
Paulding,HOPE CHURCH,U.S. Representative,14,D,DANIEL GRANT,1549,60,512,974,3
Paulding,SARA RAGSDALE ELM SC,U.S. Representative,14,D,DANIEL GRANT,1024,44,377,603,0
Paulding,PAULDING CO HIGH SC,U.S. Representative,14,D,DANIEL GRANT,857,26,342,487,2
Paulding,HIRAM HIGH SCHOOL,U.S. Representative,14,D,DANIEL GRANT,1394,55,491,847,1
Paulding,TAYLOR FARM PARK,U.S. Representative,14,D,DANIEL GRANT,2145,91,671,1381,2
Paulding,AUSTIN MIDDLE SCHOOL,U.S. Representative,14,D,DANIEL GRANT,1383,72,463,848,0
Paulding,NEBO ELEMENTARY SCH,U.S. Representative,14,D,DANIEL GRANT,1086,37,416,632,1
Paulding,CARL SCOGGINS MID SC,U.S. Representative,14,D,DANIEL GRANT,423,20,216,186,1
Paulding,,State Senator,30 (Special Republican Primary),,MIKE DUGAN,2600,130,1048,1422,0
Paulding,TAYLOR FARM PARK,State Senator,30 (Special Republican Primary),,MIKE DUGAN,867,44,296,527,0
Paulding,AUSTIN MIDDLE SCHOOL,State Senator,30 (Special Republican Primary),,MIKE DUGAN,865,52,337,476,0
Paulding,NEBO ELEMENTARY SCH,State Senator,30 (Special Republican Primary),,MIKE DUGAN,408,14,184,210,0
Paulding,CARL SCOGGINS MID SC,State Senator,30 (Special Republican Primary),,MIKE DUGAN,460,20,231,209,0
Paulding,,State Senator,30 (Special Republican Primary),,BILL HEMBREE,5922,325,1894,3702,1
Paulding,TAYLOR FARM PARK,State Senator,30 (Special Republican Primary),,BILL HEMBREE,1983,131,534,1317,1
Paulding,AUSTIN MIDDLE SCHOOL,State Senator,30 (Special Republican Primary),,BILL HEMBREE,2058,106,655,1297,0
Paulding,NEBO ELEMENTARY SCH,State Senator,30 (Special Republican Primary),,BILL HEMBREE,915,53,315,547,0
Paulding,CARL SCOGGINS MID SC,State Senator,30 (Special Republican Primary),,BILL HEMBREE,966,35,390,541,0
Paulding,,State Senator,30 (Special Republican Primary),,JIM NAUGHTON,1013,75,313,625,0
Paulding,TAYLOR FARM PARK,State Senator,30 (Special Republican Primary),,JIM NAUGHTON,384,36,94,254,0
Paulding,AUSTIN MIDDLE SCHOOL,State Senator,30 (Special Republican Primary),,JIM NAUGHTON,301,23,90,188,0
Paulding,NEBO ELEMENTARY SCH,State Senator,30 (Special Republican Primary),,JIM NAUGHTON,151,10,58,83,0
Paulding,CARL SCOGGINS MID SC,State Senator,30 (Special Republican Primary),,JIM NAUGHTON,177,6,71,100,0
Paulding,,State Senator,30 (Special Republican Primary),,GLENN RICHARDSON,3287,144,1040,2103,0
Paulding,TAYLOR FARM PARK,State Senator,30 (Special Republican Primary),,GLENN RICHARDSON,1215,55,327,833,0
Paulding,AUSTIN MIDDLE SCHOOL,State Senator,30 (Special Republican Primary),,GLENN RICHARDSON,927,42,281,604,0
Paulding,NEBO ELEMENTARY SCH,State Senator,30 (Special Republican Primary),,GLENN RICHARDSON,510,20,173,317,0
Paulding,CARL SCOGGINS MID SC,State Senator,30 (Special Republican Primary),,GLENN RICHARDSON,635,27,259,349,0
Paulding,,State Senator,31,R,BILL HEATH (I),32963,1664,10946,20336,17
Paulding,SAMMY MCCLURE MID SC,State Senator,31,R,BILL HEATH (I),5082,270,1339,3470,3
Paulding,NORTHSIDE ELEM SCH,State Senator,31,R,BILL HEATH (I),1221,41,512,668,0
Paulding,MOSES MIDDLE SCHOOL,State Senator,31,R,BILL HEATH (I),2396,87,869,1439,1
Paulding,RUSSOM ELEM SCH,State Senator,31,R,BILL HEATH (I),4539,270,1583,2684,2
Paulding,MT TABOR PARK,State Senator,31,R,BILL HEATH (I),4229,194,1302,2731,2
Paulding,WATSON GOVT COMPLEX,State Senator,31,R,BILL HEATH (I),2562,144,761,1656,1
Paulding,HOPE CHURCH,State Senator,31,R,BILL HEATH (I),2820,158,992,1666,4
Paulding,SARA RAGSDALE ELM SC,State Senator,31,R,BILL HEATH (I),3415,166,1298,1951,0
Paulding,PAULDING CO HIGH SC,State Senator,31,R,BILL HEATH (I),2335,132,872,1329,2
Paulding,HIRAM HIGH SCHOOL,State Senator,31,R,BILL HEATH (I),2580,131,835,1612,2
Paulding,NEBO ELEMENTARY SCH,State Senator,31,R,BILL HEATH (I),1784,71,583,1130,0
Paulding,,State Representative,17,R,HOWARD MAXWELL (I),17348,840,5872,10630,6
Paulding,SAMMY MCCLURE MID SC,State Representative,17,R,HOWARD MAXWELL (I),5093,270,1335,3485,3
Paulding,NORTHSIDE ELEM SCH,State Representative,17,R,HOWARD MAXWELL (I),1248,46,515,687,0
Paulding,MOSES MIDDLE SCHOOL,State Representative,17,R,HOWARD MAXWELL (I),2401,88,862,1451,0
Paulding,WATSON GOVT COMPLEX,State Representative,17,R,HOWARD MAXWELL (I),2589,148,769,1671,1
Paulding,SARA RAGSDALE ELM SC,State Representative,17,R,HOWARD MAXWELL (I),3425,166,1297,1962,0
Paulding,PAULDING CO HIGH SC,State Representative,17,R,HOWARD MAXWELL (I),1022,58,390,573,1
Paulding,CARL SCOGGINS MID SC,State Representative,17,R,HOWARD MAXWELL (I),1570,64,704,801,1
Paulding,,State Representative,19,R,P. BRADDOCK (I),17013,899,5728,10381,5
Paulding,RUSSOM ELEM SCH,State Representative,19,R,P. BRADDOCK (I),4475,270,1570,2633,2
Paulding,MT TABOR PARK,State Representative,19,R,P. BRADDOCK (I),4169,195,1291,2682,1
Paulding,HOPE CHURCH,State Representative,19,R,P. BRADDOCK (I),2775,158,990,1625,2
Paulding,PAULDING CO HIGH SC,State Representative,19,R,P. BRADDOCK (I),1308,71,477,760,0
Paulding,HIRAM HIGH SCHOOL,State Representative,19,R,P. BRADDOCK (I),2548,134,832,1582,0
Paulding,NEBO ELEMENTARY SCH,State Representative,19,R,P. BRADDOCK (I),1738,71,568,1099,0
Paulding,,State Representative,66,R,B. SNELLING,3390,217,886,2287,0
Paulding,TAYLOR FARM PARK,State Representative,66,R,B. SNELLING,3390,217,886,2287,0
Paulding,,State Representative,66,D,K. ALEXANDER,2133,94,669,1370,0
Paulding,TAYLOR FARM PARK,State Representative,66,D,K. ALEXANDER,2133,94,669,1370,0
Paulding,,State Representative,67,R,MICAH GRAVLEY,5852,306,1941,3605,0
Paulding,AUSTIN MIDDLE SCHOOL,State Representative,67,R,MICAH GRAVLEY,3506,194,1103,2209,0
Paulding,NEBO ELEMENTARY SCH,State Representative,67,R,MICAH GRAVLEY,1735,95,620,1020,0
Paulding,CARL SCOGGINS MID SC,State Representative,67,R,MICAH GRAVLEY,611,17,218,376,0
Paulding,,State Representative,67,D,LEIGH MCMUTRY,2073,88,756,1229,0
Paulding,AUSTIN MIDDLE SCHOOL,State Representative,67,D,LEIGH MCMUTRY,1374,69,463,842,0
Paulding,NEBO ELEMENTARY SCH,State Representative,67,D,LEIGH MCMUTRY,570,10,238,322,0
Paulding,CARL SCOGGINS MID SC,State Representative,67,D,LEIGH MCMUTRY,129,9,55,65,0
Paulding,,JUDGE PROBATE,,R,D. ANDERSEN (I),45958,2362,15274,28300,22
Paulding,SAMMY MCCLURE MID SC,JUDGE PROBATE,,R,D. ANDERSEN (I),5114,270,1345,3496,3
Paulding,NORTHSIDE ELEM SCH,JUDGE PROBATE,,R,D. ANDERSEN (I),1268,48,520,700,0
Paulding,MOSES MIDDLE SCHOOL,JUDGE PROBATE,,R,D. ANDERSEN (I),2418,89,864,1464,1
Paulding,RUSSOM ELEM SCH,JUDGE PROBATE,,R,D. ANDERSEN (I),4544,274,1581,2687,2
Paulding,MT TABOR PARK,JUDGE PROBATE,,R,D. ANDERSEN (I),4285,203,1293,2787,2
Paulding,WATSON GOVT COMPLEX,JUDGE PROBATE,,R,D. ANDERSEN (I),2652,150,779,1722,1
Paulding,HOPE CHURCH,JUDGE PROBATE,,R,D. ANDERSEN (I),2856,164,1005,1683,4
Paulding,SARA RAGSDALE ELM SC,JUDGE PROBATE,,R,D. ANDERSEN (I),3435,165,1305,1965,0
Paulding,PAULDING CO HIGH SC,JUDGE PROBATE,,R,D. ANDERSEN (I),2364,132,879,1351,2
Paulding,HIRAM HIGH SCHOOL,JUDGE PROBATE,,R,D. ANDERSEN (I),2612,137,850,1623,2
Paulding,TAYLOR FARM PARK,JUDGE PROBATE,,R,D. ANDERSEN (I),4315,250,1219,2843,3
Paulding,AUSTIN MIDDLE SCHOOL,JUDGE PROBATE,,R,D. ANDERSEN (I),4094,222,1353,2519,0
Paulding,NEBO ELEMENTARY SCH,JUDGE PROBATE,,R,D. ANDERSEN (I),3753,172,1325,2255,1
Paulding,CARL SCOGGINS MID SC,JUDGE PROBATE,,R,D. ANDERSEN (I),2248,86,956,1205,1
Paulding,,CLERK SUPERIOR CT,,R,TREVA SHELTON (I),46036,2353,15291,28369,23
Paulding,SAMMY MCCLURE MID SC,CLERK SUPERIOR CT,,R,TREVA SHELTON (I),5124,268,1360,3493,3
Paulding,NORTHSIDE ELEM SCH,CLERK SUPERIOR CT,,R,TREVA SHELTON (I),1264,53,518,693,0
Paulding,MOSES MIDDLE SCHOOL,CLERK SUPERIOR CT,,R,TREVA SHELTON (I),2428,89,860,1478,1
Paulding,RUSSOM ELEM SCH,CLERK SUPERIOR CT,,R,TREVA SHELTON (I),4545,277,1581,2685,2
Paulding,MT TABOR PARK,CLERK SUPERIOR CT,,R,TREVA SHELTON (I),4289,201,1301,2785,2
Paulding,WATSON GOVT COMPLEX,CLERK SUPERIOR CT,,R,TREVA SHELTON (I),2630,146,784,1699,1
Paulding,HOPE CHURCH,CLERK SUPERIOR CT,,R,TREVA SHELTON (I),2867,164,999,1700,4
Paulding,SARA RAGSDALE ELM SC,CLERK SUPERIOR CT,,R,TREVA SHELTON (I),3457,167,1317,1973,0
Paulding,PAULDING CO HIGH SC,CLERK SUPERIOR CT,,R,TREVA SHELTON (I),2386,132,886,1366,2
Paulding,HIRAM HIGH SCHOOL,CLERK SUPERIOR CT,,R,TREVA SHELTON (I),2617,136,856,1623,2
Paulding,TAYLOR FARM PARK,CLERK SUPERIOR CT,,R,TREVA SHELTON (I),4310,248,1206,2853,3
Paulding,AUSTIN MIDDLE SCHOOL,CLERK SUPERIOR CT,,R,TREVA SHELTON (I),4086,218,1343,2525,0
Paulding,NEBO ELEMENTARY SCH,CLERK SUPERIOR CT,,R,TREVA SHELTON (I),3776,169,1319,2286,2
Paulding,CARL SCOGGINS MID SC,CLERK SUPERIOR CT,,R,TREVA SHELTON (I),2257,85,961,1210,1
Paulding,,SHERIFF,,R,GARY GULLEDGE (I),46437,2368,15378,28668,23
Paulding,SAMMY MCCLURE MID SC,SHERIFF,,R,GARY GULLEDGE (I),5134,272,1365,3494,3
Paulding,NORTHSIDE ELEM SCH,SHERIFF,,R,GARY GULLEDGE (I),1277,51,520,706,0
Paulding,MOSES MIDDLE SCHOOL,SHERIFF,,R,GARY GULLEDGE (I),2461,89,866,1505,1
Paulding,RUSSOM ELEM SCH,SHERIFF,,R,GARY GULLEDGE (I),4569,281,1586,2700,2
Paulding,MT TABOR PARK,SHERIFF,,R,GARY GULLEDGE (I),4326,203,1298,2823,2
Paulding,WATSON GOVT COMPLEX,SHERIFF,,R,GARY GULLEDGE (I),2654,149,786,1718,1
Paulding,HOPE CHURCH,SHERIFF,,R,GARY GULLEDGE (I),2894,163,1004,1723,4
Paulding,SARA RAGSDALE ELM SC,SHERIFF,,R,GARY GULLEDGE (I),3481,165,1330,1986,0
Paulding,PAULDING CO HIGH SC,SHERIFF,,R,GARY GULLEDGE (I),2428,129,897,1400,2
Paulding,HIRAM HIGH SCHOOL,SHERIFF,,R,GARY GULLEDGE (I),2650,134,864,1650,2
Paulding,TAYLOR FARM PARK,SHERIFF,,R,GARY GULLEDGE (I),4345,257,1209,2875,4
Paulding,AUSTIN MIDDLE SCHOOL,SHERIFF,,R,GARY GULLEDGE (I),4115,218,1349,2548,0
Paulding,NEBO ELEMENTARY SCH,SHERIFF,,R,GARY GULLEDGE (I),3824,174,1339,2310,1
Paulding,CARL SCOGGINS MID SC,SHERIFF,,R,GARY GULLEDGE (I),2279,83,965,1230,1
Paulding,,TAX COMMISSIONER,,R,J.W. WATSON III (I),46508,2380,15384,28721,23
Paulding,SAMMY MCCLURE MID SC,TAX COMMISSIONER,,R,J.W. WATSON III (I),5130,269,1356,3502,3
Paulding,NORTHSIDE ELEM SCH,TAX COMMISSIONER,,R,J.W. WATSON III (I),1275,50,520,705,0
Paulding,MOSES MIDDLE SCHOOL,TAX COMMISSIONER,,R,J.W. WATSON III (I),2445,89,862,1493,1
Paulding,RUSSOM ELEM SCH,TAX COMMISSIONER,,R,J.W. WATSON III (I),4562,275,1586,2699,2
Paulding,MT TABOR PARK,TAX COMMISSIONER,,R,J.W. WATSON III (I),4323,207,1306,2808,2
Paulding,WATSON GOVT COMPLEX,TAX COMMISSIONER,,R,J.W. WATSON III (I),2666,149,791,1725,1
Paulding,HOPE CHURCH,TAX COMMISSIONER,,R,J.W. WATSON III (I),2918,166,1009,1739,4
Paulding,SARA RAGSDALE ELM SC,TAX COMMISSIONER,,R,J.W. WATSON III (I),3505,166,1332,2007,0
Paulding,PAULDING CO HIGH SC,TAX COMMISSIONER,,R,J.W. WATSON III (I),2422,130,894,1396,2
Paulding,HIRAM HIGH SCHOOL,TAX COMMISSIONER,,R,J.W. WATSON III (I),2642,137,858,1645,2
Paulding,TAYLOR FARM PARK,TAX COMMISSIONER,,R,J.W. WATSON III (I),4356,257,1209,2887,3
Paulding,AUSTIN MIDDLE SCHOOL,TAX COMMISSIONER,,R,J.W. WATSON III (I),4136,224,1349,2563,0
Paulding,NEBO ELEMENTARY SCH,TAX COMMISSIONER,,R,J.W. WATSON III (I),3828,173,1337,2316,2
Paulding,CARL SCOGGINS MID SC,TAX COMMISSIONER,,R,J.W. WATSON III (I),2300,88,975,1236,1
Paulding,,SURVEYOR,,R,W. RAKESTRAW JR (I),45589,2341,15152,28073,23
Paulding,SAMMY MCCLURE MID SC,SURVEYOR,,R,W. RAKESTRAW JR (I),5066,267,1341,3455,3
Paulding,NORTHSIDE ELEM SCH,SURVEYOR,,R,W. RAKESTRAW JR (I),1235,47,505,683,0
Paulding,MOSES MIDDLE SCHOOL,SURVEYOR,,R,W. RAKESTRAW JR (I),2413,88,864,1460,1
Paulding,RUSSOM ELEM SCH,SURVEYOR,,R,W. RAKESTRAW JR (I),4482,275,1562,2643,2
Paulding,MT TABOR PARK,SURVEYOR,,R,W. RAKESTRAW JR (I),4242,197,1300,2743,2
Paulding,WATSON GOVT COMPLEX,SURVEYOR,,R,W. RAKESTRAW JR (I),2600,142,770,1687,1
Paulding,HOPE CHURCH,SURVEYOR,,R,W. RAKESTRAW JR (I),2850,164,981,1701,4
Paulding,SARA RAGSDALE ELM SC,SURVEYOR,,R,W. RAKESTRAW JR (I),3434,167,1308,1959,0
Paulding,PAULDING CO HIGH SC,SURVEYOR,,R,W. RAKESTRAW JR (I),2364,128,876,1358,2
Paulding,HIRAM HIGH SCHOOL,SURVEYOR,,R,W. RAKESTRAW JR (I),2591,138,845,1606,2
Paulding,TAYLOR FARM PARK,SURVEYOR,,R,W. RAKESTRAW JR (I),4276,254,1202,2817,3
Paulding,AUSTIN MIDDLE SCHOOL,SURVEYOR,,R,W. RAKESTRAW JR (I),4045,217,1336,2492,0
Paulding,NEBO ELEMENTARY SCH,SURVEYOR,,R,W. RAKESTRAW JR (I),3753,172,1314,2265,2
Paulding,CARL SCOGGINS MID SC,SURVEYOR,,R,W. RAKESTRAW JR (I),2238,85,948,1204,1
Paulding,,CORONER,,R,SAM CLARK (I),45805,2336,15197,28249,23
Paulding,SAMMY MCCLURE MID SC,CORONER,,R,SAM CLARK (I),5090,267,1355,3465,3
Paulding,NORTHSIDE ELEM SCH,CORONER,,R,SAM CLARK (I),1237,45,512,680,0
Paulding,MOSES MIDDLE SCHOOL,CORONER,,R,SAM CLARK (I),2405,87,863,1454,1
Paulding,RUSSOM ELEM SCH,CORONER,,R,SAM CLARK (I),4514,278,1556,2678,2
Paulding,MT TABOR PARK,CORONER,,R,SAM CLARK (I),4294,207,1305,2780,2
Paulding,WATSON GOVT COMPLEX,CORONER,,R,SAM CLARK (I),2622,145,778,1698,1
Paulding,HOPE CHURCH,CORONER,,R,SAM CLARK (I),2857,162,989,1702,4
Paulding,SARA RAGSDALE ELM SC,CORONER,,R,SAM CLARK (I),3461,165,1305,1991,0
Paulding,PAULDING CO HIGH SC,CORONER,,R,SAM CLARK (I),2366,130,881,1353,2
Paulding,HIRAM HIGH SCHOOL,CORONER,,R,SAM CLARK (I),2604,132,841,1629,2
Paulding,TAYLOR FARM PARK,CORONER,,R,SAM CLARK (I),4295,251,1206,2835,3
Paulding,AUSTIN MIDDLE SCHOOL,CORONER,,R,SAM CLARK (I),4068,217,1335,2516,0
Paulding,NEBO ELEMENTARY SCH,CORONER,,R,SAM CLARK (I),3770,169,1321,2278,2
Paulding,CARL SCOGGINS MID SC,CORONER,,R,SAM CLARK (I),2222,81,950,1190,1
Paulding,,MAGISTRATE JUDGE,,R,MARTIN VALBUENA (I),45097,2273,15043,27760,21
Paulding,SAMMY MCCLURE MID SC,MAGISTRATE JUDGE,,R,MARTIN VALBUENA (I),5037,262,1339,3433,3
Paulding,NORTHSIDE ELEM SCH,MAGISTRATE JUDGE,,R,MARTIN VALBUENA (I),1195,41,502,652,0
Paulding,MOSES MIDDLE SCHOOL,MAGISTRATE JUDGE,,R,MARTIN VALBUENA (I),2383,86,851,1445,1
Paulding,RUSSOM ELEM SCH,MAGISTRATE JUDGE,,R,MARTIN VALBUENA (I),4471,267,1560,2643,1
Paulding,MT TABOR PARK,MAGISTRATE JUDGE,,R,MARTIN VALBUENA (I),4196,201,1274,2719,2
Paulding,WATSON GOVT COMPLEX,MAGISTRATE JUDGE,,R,MARTIN VALBUENA (I),2551,137,766,1647,1
Paulding,HOPE CHURCH,MAGISTRATE JUDGE,,R,MARTIN VALBUENA (I),2800,158,977,1661,4
Paulding,SARA RAGSDALE ELM SC,MAGISTRATE JUDGE,,R,MARTIN VALBUENA (I),3374,155,1294,1925,0
Paulding,PAULDING CO HIGH SC,MAGISTRATE JUDGE,,R,MARTIN VALBUENA (I),2344,128,871,1343,2
Paulding,HIRAM HIGH SCHOOL,MAGISTRATE JUDGE,,R,MARTIN VALBUENA (I),2559,131,838,1588,2
Paulding,TAYLOR FARM PARK,MAGISTRATE JUDGE,,R,MARTIN VALBUENA (I),4245,250,1199,2793,3
Paulding,AUSTIN MIDDLE SCHOOL,MAGISTRATE JUDGE,,R,MARTIN VALBUENA (I),4014,209,1327,2478,0
Paulding,NEBO ELEMENTARY SCH,MAGISTRATE JUDGE,,R,MARTIN VALBUENA (I),3718,164,1309,2244,1
Paulding,CARL SCOGGINS MID SC,MAGISTRATE JUDGE,,R,MARTIN VALBUENA (I),2210,84,936,1189,1
Paulding,,CHAIR COMMISSIONER,,R,DAVID A. AUSTIN (I),45245,2316,15096,27811,22
Paulding,SAMMY MCCLURE MID SC,CHAIR COMMISSIONER,,R,DAVID A. AUSTIN (I),5031,266,1340,3422,3
Paulding,NORTHSIDE ELEM SCH,CHAIR COMMISSIONER,,R,DAVID A. AUSTIN (I),1206,44,504,658,0
Paulding,MOSES MIDDLE SCHOOL,CHAIR COMMISSIONER,,R,DAVID A. AUSTIN (I),2368,88,853,1426,1
Paulding,RUSSOM ELEM SCH,CHAIR COMMISSIONER,,R,DAVID A. AUSTIN (I),4490,277,1562,2650,1
Paulding,MT TABOR PARK,CHAIR COMMISSIONER,,R,DAVID A. AUSTIN (I),4238,194,1289,2753,2
Paulding,WATSON GOVT COMPLEX,CHAIR COMMISSIONER,,R,DAVID A. AUSTIN (I),2600,148,776,1675,1
Paulding,HOPE CHURCH,CHAIR COMMISSIONER,,R,DAVID A. AUSTIN (I),2816,161,976,1675,4
Paulding,SARA RAGSDALE ELM SC,CHAIR COMMISSIONER,,R,DAVID A. AUSTIN (I),3375,160,1289,1926,0
Paulding,PAULDING CO HIGH SC,CHAIR COMMISSIONER,,R,DAVID A. AUSTIN (I),2344,130,874,1338,2
Paulding,HIRAM HIGH SCHOOL,CHAIR COMMISSIONER,,R,DAVID A. AUSTIN (I),2587,137,846,1602,2
Paulding,TAYLOR FARM PARK,CHAIR COMMISSIONER,,R,DAVID A. AUSTIN (I),4257,242,1203,2809,3
Paulding,AUSTIN MIDDLE SCHOOL,CHAIR COMMISSIONER,,R,DAVID A. AUSTIN (I),4017,216,1330,2471,0
Paulding,NEBO ELEMENTARY SCH,CHAIR COMMISSIONER,,R,DAVID A. AUSTIN (I),3717,171,1319,2225,2
Paulding,CARL SCOGGINS MID SC,CHAIR COMMISSIONER,,R,DAVID A. AUSTIN (I),2199,82,935,1181,1
Paulding,,CC P1,,R,DAVE CARMICHAEL (I),10855,587,3550,6716,2
Paulding,RUSSOM ELEM SCH,CC P1,,R,DAVE CARMICHAEL (I),1525,94,498,933,0
Paulding,MT TABOR PARK,CC P1,,R,DAVE CARMICHAEL (I),4184,194,1283,2706,1
Paulding,WATSON GOVT COMPLEX,CC P1,,R,DAVE CARMICHAEL (I),503,39,137,327,0
Paulding,HOPE CHURCH,CC P1,,R,DAVE CARMICHAEL (I),2234,143,772,1318,1
Paulding,PAULDING CO HIGH SC,CC P1,,R,DAVE CARMICHAEL (I),1325,68,476,781,0
Paulding,HIRAM HIGH SCHOOL,CC P1,,R,DAVE CARMICHAEL (I),740,40,268,432,0
Paulding,NEBO ELEMENTARY SCH,CC P1,,R,DAVE CARMICHAEL (I),344,9,116,219,0
Paulding,,BOE AT LARGE,,R,JOE S WATSON JR (I),45278,2291,15081,27885,21
Paulding,SAMMY MCCLURE MID SC,BOE AT LARGE,,R,JOE S WATSON JR (I),5029,259,1335,3432,3
Paulding,NORTHSIDE ELEM SCH,BOE AT LARGE,,R,JOE S WATSON JR (I),1223,43,504,676,0
Paulding,MOSES MIDDLE SCHOOL,BOE AT LARGE,,R,JOE S WATSON JR (I),2386,86,846,1453,1
Paulding,RUSSOM ELEM SCH,BOE AT LARGE,,R,JOE S WATSON JR (I),4456,272,1560,2623,1
Paulding,MT TABOR PARK,BOE AT LARGE,,R,JOE S WATSON JR (I),4187,190,1288,2707,2
Paulding,WATSON GOVT COMPLEX,BOE AT LARGE,,R,JOE S WATSON JR (I),2580,139,772,1668,1
Paulding,HOPE CHURCH,BOE AT LARGE,,R,JOE S WATSON JR (I),2829,162,984,1679,4
Paulding,SARA RAGSDALE ELM SC,BOE AT LARGE,,R,JOE S WATSON JR (I),3404,161,1296,1947,0
Paulding,PAULDING CO HIGH SC,BOE AT LARGE,,R,JOE S WATSON JR (I),2362,127,869,1364,2
Paulding,HIRAM HIGH SCHOOL,BOE AT LARGE,,R,JOE S WATSON JR (I),2574,137,849,1586,2
Paulding,TAYLOR FARM PARK,BOE AT LARGE,,R,JOE S WATSON JR (I),4237,248,1193,2793,3
Paulding,AUSTIN MIDDLE SCHOOL,BOE AT LARGE,,R,JOE S WATSON JR (I),4032,214,1316,2502,0
Paulding,NEBO ELEMENTARY SCH,BOE AT LARGE,,R,JOE S WATSON JR (I),3728,168,1312,2247,1
Paulding,CARL SCOGGINS MID SC,BOE AT LARGE,,R,JOE S WATSON JR (I),2251,85,957,1208,1
Paulding,,BOE D1,,R,THERESA LYONS (I),44859,2260,14978,27599,22
Paulding,SAMMY MCCLURE MID SC,BOE D1,,R,THERESA LYONS (I),5000,261,1324,3412,3
Paulding,NORTHSIDE ELEM SCH,BOE D1,,R,THERESA LYONS (I),1197,42,498,657,0
Paulding,MOSES MIDDLE SCHOOL,BOE D1,,R,THERESA LYONS (I),2363,85,850,1427,1
Paulding,RUSSOM ELEM SCH,BOE D1,,R,THERESA LYONS (I),4433,271,1549,2612,1
Paulding,MT TABOR PARK,BOE D1,,R,THERESA LYONS (I),4149,187,1279,2681,2
Paulding,WATSON GOVT COMPLEX,BOE D1,,R,THERESA LYONS (I),2538,137,757,1643,1
Paulding,HOPE CHURCH,BOE D1,,R,THERESA LYONS (I),2807,159,986,1658,4
Paulding,SARA RAGSDALE ELM SC,BOE D1,,R,THERESA LYONS (I),3380,160,1287,1933,0
Paulding,PAULDING CO HIGH SC,BOE D1,,R,THERESA LYONS (I),2329,127,860,1340,2
Paulding,HIRAM HIGH SCHOOL,BOE D1,,R,THERESA LYONS (I),2564,133,843,1586,2
Paulding,TAYLOR FARM PARK,BOE D1,,R,THERESA LYONS (I),4217,247,1191,2776,3
Paulding,AUSTIN MIDDLE SCHOOL,BOE D1,,R,THERESA LYONS (I),3997,210,1320,2467,0
Paulding,NEBO ELEMENTARY SCH,BOE D1,,R,THERESA LYONS (I),3682,160,1299,2221,2
Paulding,CARL SCOGGINS MID SC,BOE D1,,R,THERESA LYONS (I),2203,81,935,1186,1
Paulding,,BOE D3,,R,KIM COBB (I),45154,2263,15081,27788,22
Paulding,SAMMY MCCLURE MID SC,BOE D3,,R,KIM COBB (I),5019,263,1324,3429,3
Paulding,NORTHSIDE ELEM SCH,BOE D3,,R,KIM COBB (I),1206,41,499,666,0
Paulding,MOSES MIDDLE SCHOOL,BOE D3,,R,KIM COBB (I),2386,85,855,1445,1
Paulding,RUSSOM ELEM SCH,BOE D3,,R,KIM COBB (I),4458,270,1562,2625,1
Paulding,MT TABOR PARK,BOE D3,,R,KIM COBB (I),4162,181,1285,2694,2
Paulding,WATSON GOVT COMPLEX,BOE D3,,R,KIM COBB (I),2566,134,772,1659,1
Paulding,HOPE CHURCH,BOE D3,,R,KIM COBB (I),2838,166,986,1682,4
Paulding,SARA RAGSDALE ELM SC,BOE D3,,R,KIM COBB (I),3387,160,1288,1939,0
Paulding,PAULDING CO HIGH SC,BOE D3,,R,KIM COBB (I),2343,127,865,1349,2
Paulding,HIRAM HIGH SCHOOL,BOE D3,,R,KIM COBB (I),2590,131,860,1597,2
Paulding,TAYLOR FARM PARK,BOE D3,,R,KIM COBB (I),4244,247,1203,2791,3
Paulding,AUSTIN MIDDLE SCHOOL,BOE D3,,R,KIM COBB (I),4025,212,1325,2488,0
Paulding,NEBO ELEMENTARY SCH,BOE D3,,R,KIM COBB (I),3707,162,1310,2233,2
Paulding,CARL SCOGGINS MID SC,BOE D3,,R,KIM COBB (I),2223,84,947,1191,1
Paulding,,BOE D4,,R,RICHARD MANOUS,44485,2255,14852,27357,21
Paulding,SAMMY MCCLURE MID SC,BOE D4,,R,RICHARD MANOUS,4974,264,1314,3393,3
Paulding,NORTHSIDE ELEM SCH,BOE D4,,R,RICHARD MANOUS,1189,43,496,650,0
Paulding,MOSES MIDDLE SCHOOL,BOE D4,,R,RICHARD MANOUS,2342,86,839,1416,1
Paulding,RUSSOM ELEM SCH,BOE D4,,R,RICHARD MANOUS,4424,269,1545,2609,1
Paulding,MT TABOR PARK,BOE D4,,R,RICHARD MANOUS,4107,182,1261,2662,2
Paulding,WATSON GOVT COMPLEX,BOE D4,,R,RICHARD MANOUS,2510,134,754,1621,1
Paulding,HOPE CHURCH,BOE D4,,R,RICHARD MANOUS,2761,161,965,1631,4
Paulding,SARA RAGSDALE ELM SC,BOE D4,,R,RICHARD MANOUS,3350,160,1275,1915,0
Paulding,PAULDING CO HIGH SC,BOE D4,,R,RICHARD MANOUS,2299,129,847,1321,2
Paulding,HIRAM HIGH SCHOOL,BOE D4,,R,RICHARD MANOUS,2521,130,833,1556,2
Paulding,TAYLOR FARM PARK,BOE D4,,R,RICHARD MANOUS,4175,243,1185,2744,3
Paulding,AUSTIN MIDDLE SCHOOL,BOE D4,,R,RICHARD MANOUS,3967,210,1309,2448,0
Paulding,NEBO ELEMENTARY SCH,BOE D4,,R,RICHARD MANOUS,3663,159,1290,2213,1
Paulding,CARL SCOGGINS MID SC,BOE D4,,R,RICHARD MANOUS,2203,85,939,1178,1
Paulding,,SOIL AND WATER,,,CHARLES E RUTLAND SR,43664,2232,14585,26826,21
Paulding,SAMMY MCCLURE MID SC,SOIL AND WATER,,,CHARLES E RUTLAND SR,4720,250,1258,3209,3
Paulding,NORTHSIDE ELEM SCH,SOIL AND WATER,,,CHARLES E RUTLAND SR,1176,42,486,648,0
Paulding,MOSES MIDDLE SCHOOL,SOIL AND WATER,,,CHARLES E RUTLAND SR,2260,84,821,1354,1
Paulding,RUSSOM ELEM SCH,SOIL AND WATER,,,CHARLES E RUTLAND SR,4240,257,1479,2503,1
Paulding,MT TABOR PARK,SOIL AND WATER,,,CHARLES E RUTLAND SR,4046,188,1248,2608,2
Paulding,WATSON GOVT COMPLEX,SOIL AND WATER,,,CHARLES E RUTLAND SR,2554,144,752,1657,1
Paulding,HOPE CHURCH,SOIL AND WATER,,,CHARLES E RUTLAND SR,2807,157,983,1664,3
Paulding,SARA RAGSDALE ELM SC,SOIL AND WATER,,,CHARLES E RUTLAND SR,3308,157,1262,1889,0
Paulding,PAULDING CO HIGH SC,SOIL AND WATER,,,CHARLES E RUTLAND SR,2294,126,845,1321,2
Paulding,HIRAM HIGH SCHOOL,SOIL AND WATER,,,CHARLES E RUTLAND SR,2574,135,850,1587,2
Paulding,TAYLOR FARM PARK,SOIL AND WATER,,,CHARLES E RUTLAND SR,4148,245,1184,2716,3
Paulding,AUSTIN MIDDLE SCHOOL,SOIL AND WATER,,,CHARLES E RUTLAND SR,3875,207,1270,2398,0
Paulding,NEBO ELEMENTARY SCH,SOIL AND WATER,,,CHARLES E RUTLAND SR,3568,159,1257,2150,2
Paulding,CARL SCOGGINS MID SC,SOIL AND WATER,,,CHARLES E RUTLAND SR,2094,81,890,1122,1
Paulding,,Constitutional Amendment #1<br>Shall the Constitution be amended to allow state or local approval of public charter schools upon the request of local communities?,,,YES,34256,1774,11059,21404,19
Paulding,SAMMY MCCLURE MID SC,Constitutional Amendment #1<br>Shall the Constitution be amended to allow state or local approval of public charter schools upon the request of local communities?,,,YES,3443,215,879,2347,2
Paulding,NORTHSIDE ELEM SCH,Constitutional Amendment #1<br>Shall the Constitution be amended to allow state or local approval of public charter schools upon the request of local communities?,,,YES,818,30,334,454,0
Paulding,MOSES MIDDLE SCHOOL,Constitutional Amendment #1<br>Shall the Constitution be amended to allow state or local approval of public charter schools upon the request of local communities?,,,YES,1637,71,575,990,1
Paulding,RUSSOM ELEM SCH,Constitutional Amendment #1<br>Shall the Constitution be amended to allow state or local approval of public charter schools upon the request of local communities?,,,YES,3348,214,1119,2014,1
Paulding,MT TABOR PARK,Constitutional Amendment #1<br>Shall the Constitution be amended to allow state or local approval of public charter schools upon the request of local communities?,,,YES,2986,144,896,1943,3
Paulding,WATSON GOVT COMPLEX,Constitutional Amendment #1<br>Shall the Constitution be amended to allow state or local approval of public charter schools upon the request of local communities?,,,YES,2085,104,637,1344,0
Paulding,HOPE CHURCH,Constitutional Amendment #1<br>Shall the Constitution be amended to allow state or local approval of public charter schools upon the request of local communities?,,,YES,2498,130,821,1543,4
Paulding,SARA RAGSDALE ELM SC,Constitutional Amendment #1<br>Shall the Constitution be amended to allow state or local approval of public charter schools upon the request of local communities?,,,YES,2421,117,891,1413,0
Paulding,PAULDING CO HIGH SC,Constitutional Amendment #1<br>Shall the Constitution be amended to allow state or local approval of public charter schools upon the request of local communities?,,,YES,1793,88,677,1026,2
Paulding,HIRAM HIGH SCHOOL,Constitutional Amendment #1<br>Shall the Constitution be amended to allow state or local approval of public charter schools upon the request of local communities?,,,YES,2259,99,753,1406,1
Paulding,TAYLOR FARM PARK,Constitutional Amendment #1<br>Shall the Constitution be amended to allow state or local approval of public charter schools upon the request of local communities?,,,YES,3634,209,970,2453,2
Paulding,AUSTIN MIDDLE SCHOOL,Constitutional Amendment #1<br>Shall the Constitution be amended to allow state or local approval of public charter schools upon the request of local communities?,,,YES,3168,177,1007,1984,0
Paulding,NEBO ELEMENTARY SCH,Constitutional Amendment #1<br>Shall the Constitution be amended to allow state or local approval of public charter schools upon the request of local communities?,,,YES,2779,125,951,1701,2
Paulding,CARL SCOGGINS MID SC,Constitutional Amendment #1<br>Shall the Constitution be amended to allow state or local approval of public charter schools upon the request of local communities?,,,YES,1387,51,549,786,1
Paulding,,Constitutional Amendment #1<br>Shall the Constitution be amended to allow state or local approval of public charter schools upon the request of local communities?,,,NO,21163,975,7287,12895,6
Paulding,SAMMY MCCLURE MID SC,Constitutional Amendment #1<br>Shall the Constitution be amended to allow state or local approval of public charter schools upon the request of local communities?,,,NO,2267,87,636,1543,1
Paulding,NORTHSIDE ELEM SCH,Constitutional Amendment #1<br>Shall the Constitution be amended to allow state or local approval of public charter schools upon the request of local communities?,,,NO,633,24,253,356,0
Paulding,MOSES MIDDLE SCHOOL,Constitutional Amendment #1<br>Shall the Constitution be amended to allow state or local approval of public charter schools upon the request of local communities?,,,NO,1261,30,453,778,0
Paulding,RUSSOM ELEM SCH,Constitutional Amendment #1<br>Shall the Constitution be amended to allow state or local approval of public charter schools upon the request of local communities?,,,NO,2013,95,719,1198,1
Paulding,MT TABOR PARK,Constitutional Amendment #1<br>Shall the Constitution be amended to allow state or local approval of public charter schools upon the request of local communities?,,,NO,2053,94,635,1324,0
Paulding,WATSON GOVT COMPLEX,Constitutional Amendment #1<br>Shall the Constitution be amended to allow state or local approval of public charter schools upon the request of local communities?,,,NO,1268,73,367,827,1
Paulding,HOPE CHURCH,Constitutional Amendment #1<br>Shall the Constitution be amended to allow state or local approval of public charter schools upon the request of local communities?,,,NO,1325,72,485,768,0
Paulding,SARA RAGSDALE ELM SC,Constitutional Amendment #1<br>Shall the Constitution be amended to allow state or local approval of public charter schools upon the request of local communities?,,,NO,1630,80,641,909,0
Paulding,PAULDING CO HIGH SC,Constitutional Amendment #1<br>Shall the Constitution be amended to allow state or local approval of public charter schools upon the request of local communities?,,,NO,1084,55,400,629,0
Paulding,HIRAM HIGH SCHOOL,Constitutional Amendment #1<br>Shall the Constitution be amended to allow state or local approval of public charter schools upon the request of local communities?,,,NO,1177,69,376,731,1
Paulding,TAYLOR FARM PARK,Constitutional Amendment #1<br>Shall the Constitution be amended to allow state or local approval of public charter schools upon the request of local communities?,,,NO,1899,97,601,1199,2
Paulding,AUSTIN MIDDLE SCHOOL,Constitutional Amendment #1<br>Shall the Constitution be amended to allow state or local approval of public charter schools upon the request of local communities?,,,NO,1776,84,595,1097,0
Paulding,NEBO ELEMENTARY SCH,Constitutional Amendment #1<br>Shall the Constitution be amended to allow state or local approval of public charter schools upon the request of local communities?,,,NO,1671,69,609,993,0
Paulding,CARL SCOGGINS MID SC,Constitutional Amendment #1<br>Shall the Constitution be amended to allow state or local approval of public charter schools upon the request of local communities?,,,NO,1106,46,517,543,0
Paulding,,Constitutional Amendment #2<br>Shall the Constitution be amended so as to provide for a reduction in the state's operating costs by allowing the General Assembly to authorize certain state agencies to enter into multiyear rental agreements?,,,YES,33312,1766,10970,20561,15
Paulding,SAMMY MCCLURE MID SC,Constitutional Amendment #2<br>Shall the Constitution be amended so as to provide for a reduction in the state's operating costs by allowing the General Assembly to authorize certain state agencies to enter into multiyear rental agreements?,,,YES,3646,209,950,2485,2
Paulding,NORTHSIDE ELEM SCH,Constitutional Amendment #2<br>Shall the Constitution be amended so as to provide for a reduction in the state's operating costs by allowing the General Assembly to authorize certain state agencies to enter into multiyear rental agreements?,,,YES,806,32,352,422,0
Paulding,MOSES MIDDLE SCHOOL,Constitutional Amendment #2<br>Shall the Constitution be amended so as to provide for a reduction in the state's operating costs by allowing the General Assembly to authorize certain state agencies to enter into multiyear rental agreements?,,,YES,1718,63,598,1056,1
Paulding,RUSSOM ELEM SCH,Constitutional Amendment #2<br>Shall the Constitution be amended so as to provide for a reduction in the state's operating costs by allowing the General Assembly to authorize certain state agencies to enter into multiyear rental agreements?,,,YES,3422,222,1189,2010,1
Paulding,MT TABOR PARK,Constitutional Amendment #2<br>Shall the Constitution be amended so as to provide for a reduction in the state's operating costs by allowing the General Assembly to authorize certain state agencies to enter into multiyear rental agreements?,,,YES,2999,158,935,1904,2
Paulding,WATSON GOVT COMPLEX,Constitutional Amendment #2<br>Shall the Constitution be amended so as to provide for a reduction in the state's operating costs by allowing the General Assembly to authorize certain state agencies to enter into multiyear rental agreements?,,,YES,1955,93,597,1265,0
Paulding,HOPE CHURCH,Constitutional Amendment #2<br>Shall the Constitution be amended so as to provide for a reduction in the state's operating costs by allowing the General Assembly to authorize certain state agencies to enter into multiyear rental agreements?,,,YES,2358,130,796,1429,3
Paulding,SARA RAGSDALE ELM SC,Constitutional Amendment #2<br>Shall the Constitution be amended so as to provide for a reduction in the state's operating costs by allowing the General Assembly to authorize certain state agencies to enter into multiyear rental agreements?,,,YES,2226,111,812,1303,0
Paulding,PAULDING CO HIGH SC,Constitutional Amendment #2<br>Shall the Constitution be amended so as to provide for a reduction in the state's operating costs by allowing the General Assembly to authorize certain state agencies to enter into multiyear rental agreements?,,,YES,1706,88,638,979,1
Paulding,HIRAM HIGH SCHOOL,Constitutional Amendment #2<br>Shall the Constitution be amended so as to provide for a reduction in the state's operating costs by allowing the General Assembly to authorize certain state agencies to enter into multiyear rental agreements?,,,YES,2080,103,683,1293,1
Paulding,TAYLOR FARM PARK,Constitutional Amendment #2<br>Shall the Constitution be amended so as to provide for a reduction in the state's operating costs by allowing the General Assembly to authorize certain state agencies to enter into multiyear rental agreements?,,,YES,3393,191,952,2247,3
Paulding,AUSTIN MIDDLE SCHOOL,Constitutional Amendment #2<br>Shall the Constitution be amended so as to provide for a reduction in the state's operating costs by allowing the General Assembly to authorize certain state agencies to enter into multiyear rental agreements?,,,YES,2997,183,941,1873,0
Paulding,NEBO ELEMENTARY SCH,Constitutional Amendment #2<br>Shall the Constitution be amended so as to provide for a reduction in the state's operating costs by allowing the General Assembly to authorize certain state agencies to enter into multiyear rental agreements?,,,YES,2650,123,947,1579,1
Paulding,CARL SCOGGINS MID SC,Constitutional Amendment #2<br>Shall the Constitution be amended so as to provide for a reduction in the state's operating costs by allowing the General Assembly to authorize certain state agencies to enter into multiyear rental agreements?,,,YES,1356,60,580,716,0
Paulding,,Constitutional Amendment #2<br>Shall the Constitution be amended so as to provide for a reduction in the state's operating costs by allowing the General Assembly to authorize certain state agencies to enter into multiyear rental agreements?,,,NO,19579,900,6567,12103,9
Paulding,SAMMY MCCLURE MID SC,Constitutional Amendment #2<br>Shall the Constitution be amended so as to provide for a reduction in the state's operating costs by allowing the General Assembly to authorize certain state agencies to enter into multiyear rental agreements?,,,NO,1811,87,493,1230,1
Paulding,NORTHSIDE ELEM SCH,Constitutional Amendment #2<br>Shall the Constitution be amended so as to provide for a reduction in the state's operating costs by allowing the General Assembly to authorize certain state agencies to enter into multiyear rental agreements?,,,NO,561,18,202,341,0
Paulding,MOSES MIDDLE SCHOOL,Constitutional Amendment #2<br>Shall the Constitution be amended so as to provide for a reduction in the state's operating costs by allowing the General Assembly to authorize certain state agencies to enter into multiyear rental agreements?,,,NO,1064,36,390,638,0
Paulding,RUSSOM ELEM SCH,Constitutional Amendment #2<br>Shall the Constitution be amended so as to provide for a reduction in the state's operating costs by allowing the General Assembly to authorize certain state agencies to enter into multiyear rental agreements?,,,NO,1696,80,575,1041,0
Paulding,MT TABOR PARK,Constitutional Amendment #2<br>Shall the Constitution be amended so as to provide for a reduction in the state's operating costs by allowing the General Assembly to authorize certain state agencies to enter into multiyear rental agreements?,,,NO,1812,75,528,1208,1
Paulding,WATSON GOVT COMPLEX,Constitutional Amendment #2<br>Shall the Constitution be amended so as to provide for a reduction in the state's operating costs by allowing the General Assembly to authorize certain state agencies to enter into multiyear rental agreements?,,,NO,1230,76,352,801,1
Paulding,HOPE CHURCH,Constitutional Amendment #2<br>Shall the Constitution be amended so as to provide for a reduction in the state's operating costs by allowing the General Assembly to authorize certain state agencies to enter into multiyear rental agreements?,,,NO,1269,65,441,762,1
Paulding,SARA RAGSDALE ELM SC,Constitutional Amendment #2<br>Shall the Constitution be amended so as to provide for a reduction in the state's operating costs by allowing the General Assembly to authorize certain state agencies to enter into multiyear rental agreements?,,,NO,1648,78,653,917,0
Paulding,PAULDING CO HIGH SC,Constitutional Amendment #2<br>Shall the Constitution be amended so as to provide for a reduction in the state's operating costs by allowing the General Assembly to authorize certain state agencies to enter into multiyear rental agreements?,,,NO,1046,47,392,606,1
Paulding,HIRAM HIGH SCHOOL,Constitutional Amendment #2<br>Shall the Constitution be amended so as to provide for a reduction in the state's operating costs by allowing the General Assembly to authorize certain state agencies to enter into multiyear rental agreements?,,,NO,1189,58,401,729,1
Paulding,TAYLOR FARM PARK,Constitutional Amendment #2<br>Shall the Constitution be amended so as to provide for a reduction in the state's operating costs by allowing the General Assembly to authorize certain state agencies to enter into multiyear rental agreements?,,,NO,1897,112,558,1226,1
Paulding,AUSTIN MIDDLE SCHOOL,Constitutional Amendment #2<br>Shall the Constitution be amended so as to provide for a reduction in the state's operating costs by allowing the General Assembly to authorize certain state agencies to enter into multiyear rental agreements?,,,NO,1716,68,586,1062,0
Paulding,NEBO ELEMENTARY SCH,Constitutional Amendment #2<br>Shall the Constitution be amended so as to provide for a reduction in the state's operating costs by allowing the General Assembly to authorize certain state agencies to enter into multiyear rental agreements?,,,NO,1610,64,557,988,1
Paulding,CARL SCOGGINS MID SC,Constitutional Amendment #2<br>Shall the Constitution be amended so as to provide for a reduction in the state's operating costs by allowing the General Assembly to authorize certain state agencies to enter into multiyear rental agreements?,,,NO,1030,36,439,554,1
