county,precinct,office,district,party,candidate,votes,absentee_by_mail,election_day,advance_in_person,provisional
Troup,,President of the United States,,R,MITT ROMNEY,15179,837,7597,6737,8
Troup,HOLLIS HAND,President of the United States,,R,MITT ROMNEY,1959,169,699,1091,0
Troup,ADMINISTRATION BLDG,President of the United States,,R,MITT ROMNEY,442,42,198,202,0
Troup,HAMMETT RD,President of the United States,,R,MITT ROMNEY,922,72,438,411,1
Troup,GRIGGS CENTER,President of the United States,,R,MITT ROMNEY,44,4,18,22,0
Troup,WEST POINT,President of the United States,,R,MITT ROMNEY,379,16,258,104,1
Troup,HOGANSVILLE,President of the United States,,R,MITT ROMNEY,976,56,635,285,0
Troup,EAST VERNON,President of the United States,,R,MITT ROMNEY,1536,63,740,732,1
Troup,ROSEMONT,President of the United States,,R,MITT ROMNEY,1758,87,924,747,0
Troup,MOUNTVILLE,President of the United States,,R,MITT ROMNEY,703,26,392,285,0
Troup,MCLENDON,President of the United States,,R,MITT ROMNEY,1700,71,847,781,1
Troup,LONG CANE,President of the United States,,R,MITT ROMNEY,1335,49,753,533,0
Troup,GARDNER NEWMAN,President of the United States,,R,MITT ROMNEY,779,37,401,341,0
Troup,GRAY HILL,President of the United States,,R,MITT ROMNEY,704,21,479,203,1
Troup,LEES CROSSING,President of the United States,,R,MITT ROMNEY,445,33,209,202,1
Troup,HIGHLAND,President of the United States,,R,MITT ROMNEY,441,35,198,207,1
Troup,NORTHSIDE,President of the United States,,R,MITT ROMNEY,1056,56,408,591,1
Troup,,President of the United States,,D,BARACK OBAMA (I),10547,555,5631,4359,2
Troup,HOLLIS HAND,President of the United States,,D,BARACK OBAMA (I),538,47,251,240,0
Troup,ADMINISTRATION BLDG,President of the United States,,D,BARACK OBAMA (I),1264,69,673,521,1
Troup,HAMMETT RD,President of the United States,,D,BARACK OBAMA (I),1247,40,584,623,0
Troup,GRIGGS CENTER,President of the United States,,D,BARACK OBAMA (I),1384,73,771,539,1
Troup,WEST POINT,President of the United States,,D,BARACK OBAMA (I),894,89,649,156,0
Troup,HOGANSVILLE,President of the United States,,D,BARACK OBAMA (I),704,42,470,192,0
Troup,EAST VERNON,President of the United States,,D,BARACK OBAMA (I),413,17,207,189,0
Troup,ROSEMONT,President of the United States,,D,BARACK OBAMA (I),405,11,222,172,0
Troup,MOUNTVILLE,President of the United States,,D,BARACK OBAMA (I),394,15,196,183,0
Troup,MCLENDON,President of the United States,,D,BARACK OBAMA (I),504,25,241,238,0
Troup,LONG CANE,President of the United States,,D,BARACK OBAMA (I),459,27,197,235,0
Troup,GARDNER NEWMAN,President of the United States,,D,BARACK OBAMA (I),513,17,240,256,0
Troup,GRAY HILL,President of the United States,,D,BARACK OBAMA (I),345,13,196,136,0
Troup,LEES CROSSING,President of the United States,,D,BARACK OBAMA (I),356,21,187,148,0
Troup,HIGHLAND,President of the United States,,D,BARACK OBAMA (I),517,18,222,277,0
Troup,NORTHSIDE,President of the United States,,D,BARACK OBAMA (I),610,31,325,254,0
Troup,,President of the United States,,L,GARY JOHNSON,260,13,168,79,0
Troup,HOLLIS HAND,President of the United States,,L,GARY JOHNSON,27,2,14,11,0
Troup,ADMINISTRATION BLDG,President of the United States,,L,GARY JOHNSON,11,2,5,4,0
Troup,HAMMETT RD,President of the United States,,L,GARY JOHNSON,13,0,11,2,0
Troup,GRIGGS CENTER,President of the United States,,L,GARY JOHNSON,5,0,1,4,0
Troup,WEST POINT,President of the United States,,L,GARY JOHNSON,8,0,6,2,0
Troup,HOGANSVILLE,President of the United States,,L,GARY JOHNSON,16,1,14,1,0
Troup,EAST VERNON,President of the United States,,L,GARY JOHNSON,37,0,17,20,0
Troup,ROSEMONT,President of the United States,,L,GARY JOHNSON,10,0,6,4,0
Troup,MOUNTVILLE,President of the United States,,L,GARY JOHNSON,9,0,8,1,0
Troup,MCLENDON,President of the United States,,L,GARY JOHNSON,26,2,16,8,0
Troup,LONG CANE,President of the United States,,L,GARY JOHNSON,16,0,14,2,0
Troup,GARDNER NEWMAN,President of the United States,,L,GARY JOHNSON,20,2,12,6,0
Troup,GRAY HILL,President of the United States,,L,GARY JOHNSON,26,0,26,0,0
Troup,LEES CROSSING,President of the United States,,L,GARY JOHNSON,9,0,7,2,0
Troup,HIGHLAND,President of the United States,,L,GARY JOHNSON,4,2,1,1,0
Troup,NORTHSIDE,President of the United States,,L,GARY JOHNSON,23,2,10,11,0
Troup,,"Public Service Commission, District 3",3,R,CHUCK EATON (I),13860,762,6924,6166,8
Troup,HOLLIS HAND,"Public Service Commission, District 3",3,R,CHUCK EATON (I),1799,157,647,995,0
Troup,ADMINISTRATION BLDG,"Public Service Commission, District 3",3,R,CHUCK EATON (I),453,38,210,205,0
Troup,HAMMETT RD,"Public Service Commission, District 3",3,R,CHUCK EATON (I),844,62,399,382,1
Troup,GRIGGS CENTER,"Public Service Commission, District 3",3,R,CHUCK EATON (I),80,2,40,38,0
Troup,WEST POINT,"Public Service Commission, District 3",3,R,CHUCK EATON (I),330,15,219,95,1
Troup,HOGANSVILLE,"Public Service Commission, District 3",3,R,CHUCK EATON (I),917,55,591,271,0
Troup,EAST VERNON,"Public Service Commission, District 3",3,R,CHUCK EATON (I),1376,56,657,662,1
Troup,ROSEMONT,"Public Service Commission, District 3",3,R,CHUCK EATON (I),1580,76,830,674,0
Troup,MOUNTVILLE,"Public Service Commission, District 3",3,R,CHUCK EATON (I),612,22,336,254,0
Troup,MCLENDON,"Public Service Commission, District 3",3,R,CHUCK EATON (I),1535,71,749,714,1
Troup,LONG CANE,"Public Service Commission, District 3",3,R,CHUCK EATON (I),1211,48,673,490,0
Troup,GARDNER NEWMAN,"Public Service Commission, District 3",3,R,CHUCK EATON (I),720,35,368,317,0
Troup,GRAY HILL,"Public Service Commission, District 3",3,R,CHUCK EATON (I),629,21,431,176,1
Troup,LEES CROSSING,"Public Service Commission, District 3",3,R,CHUCK EATON (I),393,26,201,165,1
Troup,HIGHLAND,"Public Service Commission, District 3",3,R,CHUCK EATON (I),399,31,184,183,1
Troup,NORTHSIDE,"Public Service Commission, District 3",3,R,CHUCK EATON (I),982,47,389,545,1
Troup,,"Public Service Commission, District 3",3,D,STEPHEN OPPENHEIMER,8924,494,4741,3689,0
Troup,HOLLIS HAND,"Public Service Commission, District 3",3,D,STEPHEN OPPENHEIMER,425,35,197,193,0
Troup,ADMINISTRATION BLDG,"Public Service Commission, District 3",3,D,STEPHEN OPPENHEIMER,1010,66,526,418,0
Troup,HAMMETT RD,"Public Service Commission, District 3",3,D,STEPHEN OPPENHEIMER,1068,33,505,530,0
Troup,GRIGGS CENTER,"Public Service Commission, District 3",3,D,STEPHEN OPPENHEIMER,1075,65,591,419,0
Troup,WEST POINT,"Public Service Commission, District 3",3,D,STEPHEN OPPENHEIMER,762,82,536,144,0
Troup,HOGANSVILLE,"Public Service Commission, District 3",3,D,STEPHEN OPPENHEIMER,592,38,388,166,0
Troup,EAST VERNON,"Public Service Commission, District 3",3,D,STEPHEN OPPENHEIMER,343,15,168,160,0
Troup,ROSEMONT,"Public Service Commission, District 3",3,D,STEPHEN OPPENHEIMER,363,14,200,149,0
Troup,MOUNTVILLE,"Public Service Commission, District 3",3,D,STEPHEN OPPENHEIMER,357,13,184,160,0
Troup,MCLENDON,"Public Service Commission, District 3",3,D,STEPHEN OPPENHEIMER,469,21,230,218,0
Troup,LONG CANE,"Public Service Commission, District 3",3,D,STEPHEN OPPENHEIMER,404,20,184,200,0
Troup,GARDNER NEWMAN,"Public Service Commission, District 3",3,D,STEPHEN OPPENHEIMER,453,15,217,221,0
Troup,GRAY HILL,"Public Service Commission, District 3",3,D,STEPHEN OPPENHEIMER,314,11,177,126,0
Troup,LEES CROSSING,"Public Service Commission, District 3",3,D,STEPHEN OPPENHEIMER,313,18,166,129,0
Troup,HIGHLAND,"Public Service Commission, District 3",3,D,STEPHEN OPPENHEIMER,450,20,197,233,0
Troup,NORTHSIDE,"Public Service Commission, District 3",3,D,STEPHEN OPPENHEIMER,526,28,275,223,0
Troup,,"Public Service Commission, District 3",3,L,BRAD PLOEGER,894,51,499,344,0
Troup,HOLLIS HAND,"Public Service Commission, District 3",3,L,BRAD PLOEGER,121,8,55,58,0
Troup,ADMINISTRATION BLDG,"Public Service Commission, District 3",3,L,BRAD PLOEGER,42,2,25,15,0
Troup,HAMMETT RD,"Public Service Commission, District 3",3,L,BRAD PLOEGER,59,5,37,17,0
Troup,GRIGGS CENTER,"Public Service Commission, District 3",3,L,BRAD PLOEGER,28,4,12,12,0
Troup,WEST POINT,"Public Service Commission, District 3",3,L,BRAD PLOEGER,15,0,14,1,0
Troup,HOGANSVILLE,"Public Service Commission, District 3",3,L,BRAD PLOEGER,56,1,45,10,0
Troup,EAST VERNON,"Public Service Commission, District 3",3,L,BRAD PLOEGER,94,4,38,52,0
Troup,ROSEMONT,"Public Service Commission, District 3",3,L,BRAD PLOEGER,96,5,52,39,0
Troup,MOUNTVILLE,"Public Service Commission, District 3",3,L,BRAD PLOEGER,31,3,20,8,0
Troup,MCLENDON,"Public Service Commission, District 3",3,L,BRAD PLOEGER,98,4,53,41,0
Troup,LONG CANE,"Public Service Commission, District 3",3,L,BRAD PLOEGER,65,2,43,20,0
Troup,GARDNER NEWMAN,"Public Service Commission, District 3",3,L,BRAD PLOEGER,37,4,24,9,0
Troup,GRAY HILL,"Public Service Commission, District 3",3,L,BRAD PLOEGER,45,2,39,4,0
Troup,LEES CROSSING,"Public Service Commission, District 3",3,L,BRAD PLOEGER,23,3,4,16,0
Troup,HIGHLAND,"Public Service Commission, District 3",3,L,BRAD PLOEGER,28,2,12,14,0
Troup,NORTHSIDE,"Public Service Commission, District 3",3,L,BRAD PLOEGER,56,2,26,28,0
Troup,,"Public Service Commission, District 5",5,R,STAN WISE (I),15319,863,7677,6772,7
Troup,HOLLIS HAND,"Public Service Commission, District 5",5,R,STAN WISE (I),1878,164,685,1029,0
Troup,ADMINISTRATION BLDG,"Public Service Commission, District 5",5,R,STAN WISE (I),627,49,301,277,0
Troup,HAMMETT RD,"Public Service Commission, District 5",5,R,STAN WISE (I),1023,65,489,468,1
Troup,GRIGGS CENTER,"Public Service Commission, District 5",5,R,STAN WISE (I),233,9,110,114,0
Troup,WEST POINT,"Public Service Commission, District 5",5,R,STAN WISE (I),436,26,299,110,1
Troup,HOGANSVILLE,"Public Service Commission, District 5",5,R,STAN WISE (I),998,70,641,287,0
Troup,EAST VERNON,"Public Service Commission, District 5",5,R,STAN WISE (I),1412,65,669,677,1
Troup,ROSEMONT,"Public Service Commission, District 5",5,R,STAN WISE (I),1638,82,848,708,0
Troup,MOUNTVILLE,"Public Service Commission, District 5",5,R,STAN WISE (I),680,24,372,284,0
Troup,MCLENDON,"Public Service Commission, District 5",5,R,STAN WISE (I),1628,72,802,753,1
Troup,LONG CANE,"Public Service Commission, District 5",5,R,STAN WISE (I),1303,53,711,539,0
Troup,GARDNER NEWMAN,"Public Service Commission, District 5",5,R,STAN WISE (I),804,40,414,350,0
Troup,GRAY HILL,"Public Service Commission, District 5",5,R,STAN WISE (I),675,23,455,196,1
Troup,LEES CROSSING,"Public Service Commission, District 5",5,R,STAN WISE (I),448,33,233,181,1
Troup,HIGHLAND,"Public Service Commission, District 5",5,R,STAN WISE (I),469,34,218,216,1
Troup,NORTHSIDE,"Public Service Commission, District 5",5,R,STAN WISE (I),1067,54,430,583,0
Troup,,"Public Service Commission, District 5",5,L,DAVID STAPLES,6228,268,3440,2520,0
Troup,HOLLIS HAND,"Public Service Commission, District 5",5,L,DAVID STAPLES,381,21,181,179,0
Troup,ADMINISTRATION BLDG,"Public Service Commission, District 5",5,L,DAVID STAPLES,622,36,349,237,0
Troup,HAMMETT RD,"Public Service Commission, District 5",5,L,DAVID STAPLES,715,23,354,338,0
Troup,GRIGGS CENTER,"Public Service Commission, District 5",5,L,DAVID STAPLES,631,35,351,245,0
Troup,WEST POINT,"Public Service Commission, District 5",5,L,DAVID STAPLES,406,25,295,86,0
Troup,HOGANSVILLE,"Public Service Commission, District 5",5,L,DAVID STAPLES,474,18,325,131,0
Troup,EAST VERNON,"Public Service Commission, District 5",5,L,DAVID STAPLES,329,9,165,155,0
Troup,ROSEMONT,"Public Service Commission, District 5",5,L,DAVID STAPLES,354,10,210,134,0
Troup,MOUNTVILLE,"Public Service Commission, District 5",5,L,DAVID STAPLES,248,12,138,98,0
Troup,MCLENDON,"Public Service Commission, District 5",5,L,DAVID STAPLES,383,20,195,168,0
Troup,LONG CANE,"Public Service Commission, District 5",5,L,DAVID STAPLES,275,11,154,110,0
Troup,GARDNER NEWMAN,"Public Service Commission, District 5",5,L,DAVID STAPLES,317,10,153,154,0
Troup,GRAY HILL,"Public Service Commission, District 5",5,L,DAVID STAPLES,242,7,158,77,0
Troup,LEES CROSSING,"Public Service Commission, District 5",5,L,DAVID STAPLES,217,8,109,100,0
Troup,HIGHLAND,"Public Service Commission, District 5",5,L,DAVID STAPLES,282,13,118,151,0
Troup,NORTHSIDE,"Public Service Commission, District 5",5,L,DAVID STAPLES,352,10,185,157,0
Troup,,U.S. Representative,3,R,L. WESTMORELAND (I),19903,1046,10286,8563,8
Troup,HOLLIS HAND,U.S. Representative,3,R,L. WESTMORELAND (I),2173,180,824,1169,0
Troup,ADMINISTRATION BLDG,U.S. Representative,3,R,L. WESTMORELAND (I),1057,73,553,431,0
Troup,HAMMETT RD,U.S. Representative,3,R,L. WESTMORELAND (I),1565,87,781,696,1
Troup,GRIGGS CENTER,U.S. Representative,3,R,L. WESTMORELAND (I),636,25,338,273,0
Troup,WEST POINT,U.S. Representative,3,R,L. WESTMORELAND (I),684,39,487,157,1
Troup,HOGANSVILLE,U.S. Representative,3,R,L. WESTMORELAND (I),1328,83,870,375,0
Troup,EAST VERNON,U.S. Representative,3,R,L. WESTMORELAND (I),1685,71,817,796,1
Troup,ROSEMONT,U.S. Representative,3,R,L. WESTMORELAND (I),1929,89,1024,816,0
Troup,MOUNTVILLE,U.S. Representative,3,R,L. WESTMORELAND (I),872,30,483,359,0
Troup,MCLENDON,U.S. Representative,3,R,L. WESTMORELAND (I),1939,83,975,880,1
Troup,LONG CANE,U.S. Representative,3,R,L. WESTMORELAND (I),1505,58,826,621,0
Troup,GARDNER NEWMAN,U.S. Representative,3,R,L. WESTMORELAND (I),1028,47,528,453,0
Troup,GRAY HILL,U.S. Representative,3,R,L. WESTMORELAND (I),866,29,579,257,1
Troup,LEES CROSSING,U.S. Representative,3,R,L. WESTMORELAND (I),617,41,316,259,1
Troup,HIGHLAND,U.S. Representative,3,R,L. WESTMORELAND (I),678,44,306,327,1
Troup,NORTHSIDE,U.S. Representative,3,R,L. WESTMORELAND (I),1341,67,579,694,1
Troup,,State Senator,28,R,MIKE CRANE (I),6656,306,3579,2769,2
Troup,HOGANSVILLE,State Senator,28,R,MIKE CRANE (I),1299,81,857,361,0
Troup,EAST VERNON,State Senator,28,R,MIKE CRANE (I),1629,70,786,772,1
Troup,MOUNTVILLE,State Senator,28,R,MIKE CRANE (I),845,30,475,340,0
Troup,MCLENDON,State Senator,28,R,MIKE CRANE (I),1888,81,947,859,1
Troup,GARDNER NEWMAN,State Senator,28,R,MIKE CRANE (I),995,44,514,437,0
Troup,,State Senator,29,R,JOSH MCKOON (I),12613,692,6405,5510,6
Troup,HOLLIS HAND,State Senator,29,R,JOSH MCKOON (I),2133,168,804,1161,0
Troup,ADMINISTRATION BLDG,State Senator,29,R,JOSH MCKOON (I),1023,71,534,418,0
Troup,HAMMETT RD,State Senator,29,R,JOSH MCKOON (I),1490,83,741,665,1
Troup,GRIGGS CENTER,State Senator,29,R,JOSH MCKOON (I),602,25,328,249,0
Troup,WEST POINT,State Senator,29,R,JOSH MCKOON (I),652,37,462,152,1
Troup,ROSEMONT,State Senator,29,R,JOSH MCKOON (I),1885,89,1001,795,0
Troup,LONG CANE,State Senator,29,R,JOSH MCKOON (I),1456,51,803,602,0
Troup,GRAY HILL,State Senator,29,R,JOSH MCKOON (I),838,28,569,240,1
Troup,LEES CROSSING,State Senator,29,R,JOSH MCKOON (I),590,41,300,248,1
Troup,HIGHLAND,State Senator,29,R,JOSH MCKOON (I),651,41,299,310,1
Troup,NORTHSIDE,State Senator,29,R,JOSH MCKOON (I),1293,58,564,670,1
Troup,,State Representative,69,R,RANDY NIX (I),4224,185,2001,2036,2
Troup,EAST VERNON,State Representative,69,R,RANDY NIX (I),1499,60,733,705,1
Troup,MCLENDON,State Representative,69,R,RANDY NIX (I),1693,73,856,763,1
Troup,NORTHSIDE,State Representative,69,R,RANDY NIX (I),1032,52,412,568,0
Troup,,State Representative,69,D,HERBERT GILES,1191,53,560,578,0
Troup,EAST VERNON,State Representative,69,D,HERBERT GILES,356,15,161,180,0
Troup,MCLENDON,State Representative,69,D,HERBERT GILES,438,25,195,218,0
Troup,NORTHSIDE,State Representative,69,D,HERBERT GILES,397,13,204,180,0
Troup,,State Representative,132,R,GENE KING,3992,238,2129,1623,2
Troup,ADMINISTRATION BLDG,State Representative,132,R,GENE KING,409,38,185,186,0
Troup,HAMMETT RD,State Representative,132,R,GENE KING,842,59,399,383,1
Troup,GRIGGS CENTER,State Representative,132,R,GENE KING,57,4,24,29,0
Troup,HOGANSVILLE,State Representative,132,R,GENE KING,921,54,600,267,0
Troup,MOUNTVILLE,State Representative,132,R,GENE KING,639,21,359,259,0
Troup,GARDNER NEWMAN,State Representative,132,R,GENE KING,730,32,383,315,0
Troup,HIGHLAND,State Representative,132,R,GENE KING,394,30,179,184,1
Troup,,State Representative,132,D,CARL VON EPPS (I),5994,303,3128,2562,1
Troup,ADMINISTRATION BLDG,State Representative,132,D,CARL VON EPPS (I),1232,73,641,517,1
Troup,HAMMETT RD,State Representative,132,D,CARL VON EPPS (I),1259,50,599,610,0
Troup,GRIGGS CENTER,State Representative,132,D,CARL VON EPPS (I),1292,68,723,501,0
Troup,HOGANSVILLE,State Representative,132,D,CARL VON EPPS (I),706,45,465,196,0
Troup,MOUNTVILLE,State Representative,132,D,CARL VON EPPS (I),435,20,222,193,0
Troup,GARDNER NEWMAN,State Representative,132,D,CARL VON EPPS (I),540,22,250,268,0
Troup,HIGHLAND,State Representative,132,D,CARL VON EPPS (I),530,25,228,277,0
Troup,,State Representative,133,R,JOHN PEZOLD,7636,416,3993,3223,4
Troup,HOLLIS HAND,State Representative,133,R,JOHN PEZOLD,2126,167,809,1150,0
Troup,WEST POINT,State Representative,133,R,JOHN PEZOLD,645,36,453,155,1
Troup,ROSEMONT,State Representative,133,R,JOHN PEZOLD,1895,88,1006,801,0
Troup,LONG CANE,State Representative,133,R,JOHN PEZOLD,1445,53,798,594,0
Troup,GRAY HILL,State Representative,133,R,JOHN PEZOLD,834,28,566,239,1
Troup,LEES CROSSING,State Representative,133,R,JOHN PEZOLD,598,41,309,247,1
Troup,NORTHSIDE,State Representative,133,R,JOHN PEZOLD,93,3,52,37,1
Troup,,District Attorney, Coweta Circuit,R,P. SKANDALAKIS (I),20140,1063,10360,8709,8
Troup,HOLLIS HAND,District Attorney, Coweta Circuit,R,P. SKANDALAKIS (I),2224,185,833,1206,0
Troup,ADMINISTRATION BLDG,District Attorney, Coweta Circuit,R,P. SKANDALAKIS (I),1103,73,564,465,1
Troup,HAMMETT RD,District Attorney, Coweta Circuit,R,P. SKANDALAKIS (I),1602,88,793,720,1
Troup,GRIGGS CENTER,District Attorney, Coweta Circuit,R,P. SKANDALAKIS (I),709,33,375,301,0
Troup,WEST POINT,District Attorney, Coweta Circuit,R,P. SKANDALAKIS (I),693,42,489,161,1
Troup,HOGANSVILLE,District Attorney, Coweta Circuit,R,P. SKANDALAKIS (I),1342,85,892,365,0
Troup,EAST VERNON,District Attorney, Coweta Circuit,R,P. SKANDALAKIS (I),1703,71,814,817,1
Troup,ROSEMONT,District Attorney, Coweta Circuit,R,P. SKANDALAKIS (I),1920,91,1018,811,0
Troup,MOUNTVILLE,District Attorney, Coweta Circuit,R,P. SKANDALAKIS (I),861,30,479,352,0
Troup,MCLENDON,District Attorney, Coweta Circuit,R,P. SKANDALAKIS (I),1928,82,968,877,1
Troup,LONG CANE,District Attorney, Coweta Circuit,R,P. SKANDALAKIS (I),1496,57,824,615,0
Troup,GARDNER NEWMAN,District Attorney, Coweta Circuit,R,P. SKANDALAKIS (I),1031,48,517,466,0
Troup,GRAY HILL,District Attorney, Coweta Circuit,R,P. SKANDALAKIS (I),861,30,576,254,1
Troup,LEES CROSSING,District Attorney, Coweta Circuit,R,P. SKANDALAKIS (I),626,43,320,262,1
Troup,HIGHLAND,District Attorney, Coweta Circuit,R,P. SKANDALAKIS (I),682,40,309,333,0
Troup,NORTHSIDE,District Attorney, Coweta Circuit,R,P. SKANDALAKIS (I),1359,65,589,704,1
Troup,,CLERK, SUPERIOR COURT,R,JACKIE TAYLOR (I),20212,1041,10435,8727,9
Troup,HOLLIS HAND,CLERK, SUPERIOR COURT,R,JACKIE TAYLOR (I),2198,176,825,1197,0
Troup,ADMINISTRATION BLDG,CLERK, SUPERIOR COURT,R,JACKIE TAYLOR (I),1122,73,588,460,1
Troup,HAMMETT RD,CLERK, SUPERIOR COURT,R,JACKIE TAYLOR (I),1610,86,793,730,1
Troup,GRIGGS CENTER,CLERK, SUPERIOR COURT,R,JACKIE TAYLOR (I),705,23,383,299,0
Troup,WEST POINT,CLERK, SUPERIOR COURT,R,JACKIE TAYLOR (I),698,43,492,162,1
Troup,HOGANSVILLE,CLERK, SUPERIOR COURT,R,JACKIE TAYLOR (I),1337,86,882,369,0
Troup,EAST VERNON,CLERK, SUPERIOR COURT,R,JACKIE TAYLOR (I),1700,68,824,807,1
Troup,ROSEMONT,CLERK, SUPERIOR COURT,R,JACKIE TAYLOR (I),1942,89,1030,823,0
Troup,MOUNTVILLE,CLERK, SUPERIOR COURT,R,JACKIE TAYLOR (I),876,30,488,358,0
Troup,MCLENDON,CLERK, SUPERIOR COURT,R,JACKIE TAYLOR (I),1933,83,969,880,1
Troup,LONG CANE,CLERK, SUPERIOR COURT,R,JACKIE TAYLOR (I),1504,58,838,608,0
Troup,GARDNER NEWMAN,CLERK, SUPERIOR COURT,R,JACKIE TAYLOR (I),1046,50,524,472,0
Troup,GRAY HILL,CLERK, SUPERIOR COURT,R,JACKIE TAYLOR (I),872,29,590,252,1
Troup,LEES CROSSING,CLERK, SUPERIOR COURT,R,JACKIE TAYLOR (I),635,40,322,272,1
Troup,HIGHLAND,CLERK, SUPERIOR COURT,R,JACKIE TAYLOR (I),685,44,307,333,1
Troup,NORTHSIDE,CLERK, SUPERIOR COURT,R,JACKIE TAYLOR (I),1349,63,580,705,1
Troup,,SHERIFF,,R,JAMES WOODRUFF,11027,612,5488,4922,5
Troup,HOLLIS HAND,SHERIFF,,R,JAMES WOODRUFF,1410,124,491,795,0
Troup,ADMINISTRATION BLDG,SHERIFF,,R,JAMES WOODRUFF,403,35,192,176,0
Troup,HAMMETT RD,SHERIFF,,R,JAMES WOODRUFF,734,54,351,329,0
Troup,GRIGGS CENTER,SHERIFF,,R,JAMES WOODRUFF,62,5,27,30,0
Troup,WEST POINT,SHERIFF,,R,JAMES WOODRUFF,306,14,211,80,1
Troup,HOGANSVILLE,SHERIFF,,R,JAMES WOODRUFF,611,30,394,187,0
Troup,EAST VERNON,SHERIFF,,R,JAMES WOODRUFF,1102,46,519,537,0
Troup,ROSEMONT,SHERIFF,,R,JAMES WOODRUFF,1369,56,729,584,0
Troup,MOUNTVILLE,SHERIFF,,R,JAMES WOODRUFF,563,20,314,229,0
Troup,MCLENDON,SHERIFF,,R,JAMES WOODRUFF,1077,47,529,501,0
Troup,LONG CANE,SHERIFF,,R,JAMES WOODRUFF,914,45,501,368,0
Troup,GARDNER NEWMAN,SHERIFF,,R,JAMES WOODRUFF,613,33,314,266,0
Troup,GRAY HILL,SHERIFF,,R,JAMES WOODRUFF,498,18,340,139,1
Troup,LEES CROSSING,SHERIFF,,R,JAMES WOODRUFF,309,21,147,140,1
Troup,HIGHLAND,SHERIFF,,R,JAMES WOODRUFF,320,31,131,157,1
Troup,NORTHSIDE,SHERIFF,,R,JAMES WOODRUFF,736,33,298,404,1
Troup,,SHERIFF,,D,RUBEN H. HAIRSTON,9271,491,4806,3973,1
Troup,HOLLIS HAND,SHERIFF,,D,RUBEN H. HAIRSTON,386,32,167,187,0
Troup,ADMINISTRATION BLDG,SHERIFF,,D,RUBEN H. HAIRSTON,1121,67,584,469,1
Troup,HAMMETT RD,SHERIFF,,D,RUBEN H. HAIRSTON,1101,36,512,553,0
Troup,GRIGGS CENTER,SHERIFF,,D,RUBEN H. HAIRSTON,1289,72,718,499,0
Troup,WEST POINT,SHERIFF,,D,RUBEN H. HAIRSTON,824,87,590,147,0
Troup,HOGANSVILLE,SHERIFF,,D,RUBEN H. HAIRSTON,514,30,318,166,0
Troup,EAST VERNON,SHERIFF,,D,RUBEN H. HAIRSTON,392,19,189,184,0
Troup,ROSEMONT,SHERIFF,,D,RUBEN H. HAIRSTON,331,11,165,155,0
Troup,MOUNTVILLE,SHERIFF,,D,RUBEN H. HAIRSTON,345,15,170,160,0
Troup,MCLENDON,SHERIFF,,D,RUBEN H. HAIRSTON,398,19,176,203,0
Troup,LONG CANE,SHERIFF,,D,RUBEN H. HAIRSTON,457,15,206,236,0
Troup,GARDNER NEWMAN,SHERIFF,,D,RUBEN H. HAIRSTON,451,16,199,236,0
Troup,GRAY HILL,SHERIFF,,D,RUBEN H. HAIRSTON,345,14,188,143,0
Troup,LEES CROSSING,SHERIFF,,D,RUBEN H. HAIRSTON,322,19,161,142,0
Troup,HIGHLAND,SHERIFF,,D,RUBEN H. HAIRSTON,472,17,200,255,0
Troup,NORTHSIDE,SHERIFF,,D,RUBEN H. HAIRSTON,523,22,263,238,0
Troup,,SHERIFF,,IND,CLAY BRYANT,5195,260,2832,2100,3
Troup,HOLLIS HAND,SHERIFF,,IND,CLAY BRYANT,666,50,283,333,0
Troup,ADMINISTRATION BLDG,SHERIFF,,IND,CLAY BRYANT,142,7,69,66,0
Troup,HAMMETT RD,SHERIFF,,IND,CLAY BRYANT,326,19,161,145,1
Troup,GRIGGS CENTER,SHERIFF,,IND,CLAY BRYANT,33,0,19,14,0
Troup,WEST POINT,SHERIFF,,IND,CLAY BRYANT,103,3,73,27,0
Troup,HOGANSVILLE,SHERIFF,,IND,CLAY BRYANT,544,39,387,118,0
Troup,EAST VERNON,SHERIFF,,IND,CLAY BRYANT,465,12,242,210,1
Troup,ROSEMONT,SHERIFF,,IND,CLAY BRYANT,449,27,241,181,0
Troup,MOUNTVILLE,SHERIFF,,IND,CLAY BRYANT,186,6,105,75,0
Troup,MCLENDON,SHERIFF,,IND,CLAY BRYANT,720,32,380,307,1
Troup,LONG CANE,SHERIFF,,IND,CLAY BRYANT,417,13,242,162,0
Troup,GARDNER NEWMAN,SHERIFF,,IND,CLAY BRYANT,230,6,130,94,0
Troup,GRAY HILL,SHERIFF,,IND,CLAY BRYANT,214,2,159,53,0
Troup,LEES CROSSING,SHERIFF,,IND,CLAY BRYANT,168,9,91,68,0
Troup,HIGHLAND,SHERIFF,,IND,CLAY BRYANT,155,8,86,61,0
Troup,NORTHSIDE,SHERIFF,,IND,CLAY BRYANT,377,27,164,186,0
Troup,,TAX COMMISSIONER,,R,GARY S. WOOD (I),20296,1035,10518,8735,8
Troup,HOLLIS HAND,TAX COMMISSIONER,,R,GARY S. WOOD (I),2146,178,815,1153,0
Troup,ADMINISTRATION BLDG,TAX COMMISSIONER,,R,GARY S. WOOD (I),1142,76,597,469,0
Troup,HAMMETT RD,TAX COMMISSIONER,,R,GARY S. WOOD (I),1633,82,797,753,1
Troup,GRIGGS CENTER,TAX COMMISSIONER,,R,GARY S. WOOD (I),740,29,398,313,0
Troup,WEST POINT,TAX COMMISSIONER,,R,GARY S. WOOD (I),735,42,529,163,1
Troup,HOGANSVILLE,TAX COMMISSIONER,,R,GARY S. WOOD (I),1367,86,902,379,0
Troup,EAST VERNON,TAX COMMISSIONER,,R,GARY S. WOOD (I),1697,63,827,806,1
Troup,ROSEMONT,TAX COMMISSIONER,,R,GARY S. WOOD (I),1917,88,1013,816,0
Troup,MOUNTVILLE,TAX COMMISSIONER,,R,GARY S. WOOD (I),877,31,485,361,0
Troup,MCLENDON,TAX COMMISSIONER,,R,GARY S. WOOD (I),1920,77,969,873,1
Troup,LONG CANE,TAX COMMISSIONER,,R,GARY S. WOOD (I),1507,56,839,612,0
Troup,GARDNER NEWMAN,TAX COMMISSIONER,,R,GARY S. WOOD (I),1045,49,528,468,0
Troup,GRAY HILL,TAX COMMISSIONER,,R,GARY S. WOOD (I),867,30,578,258,1
Troup,LEES CROSSING,TAX COMMISSIONER,,R,GARY S. WOOD (I),638,43,326,268,1
Troup,HIGHLAND,TAX COMMISSIONER,,R,GARY S. WOOD (I),703,41,320,341,1
Troup,NORTHSIDE,TAX COMMISSIONER,,R,GARY S. WOOD (I),1362,64,595,702,1
Troup,,CORONER,,R,JEFF COOK (I),20158,1048,10389,8713,8
Troup,HOLLIS HAND,CORONER,,R,JEFF COOK (I),2186,178,823,1185,0
Troup,ADMINISTRATION BLDG,CORONER,,R,JEFF COOK (I),1102,73,581,448,0
Troup,HAMMETT RD,CORONER,,R,JEFF COOK (I),1602,84,777,740,1
Troup,GRIGGS CENTER,CORONER,,R,JEFF COOK (I),711,28,384,299,0
Troup,WEST POINT,CORONER,,R,JEFF COOK (I),700,43,497,159,1
Troup,HOGANSVILLE,CORONER,,R,JEFF COOK (I),1338,84,878,376,0
Troup,EAST VERNON,CORONER,,R,JEFF COOK (I),1689,67,813,808,1
Troup,ROSEMONT,CORONER,,R,JEFF COOK (I),1941,90,1027,824,0
Troup,MOUNTVILLE,CORONER,,R,JEFF COOK (I),876,32,485,359,0
Troup,MCLENDON,CORONER,,R,JEFF COOK (I),1936,83,969,883,1
Troup,LONG CANE,CORONER,,R,JEFF COOK (I),1511,56,846,609,0
Troup,GARDNER NEWMAN,CORONER,,R,JEFF COOK (I),1039,50,520,469,0
Troup,GRAY HILL,CORONER,,R,JEFF COOK (I),863,29,577,256,1
Troup,LEES CROSSING,CORONER,,R,JEFF COOK (I),627,42,320,264,1
Troup,HIGHLAND,CORONER,,R,JEFF COOK (I),703,43,320,339,1
Troup,NORTHSIDE,CORONER,,R,JEFF COOK (I),1334,66,572,695,1
Troup,,SOLICITOR GENERAL,,R,NINA M. BAKER (I),19434,980,10030,8417,7
Troup,HOLLIS HAND,SOLICITOR GENERAL,,R,NINA M. BAKER (I),2162,172,820,1170,0
Troup,ADMINISTRATION BLDG,SOLICITOR GENERAL,,R,NINA M. BAKER (I),1065,72,552,441,0
Troup,HAMMETT RD,SOLICITOR GENERAL,,R,NINA M. BAKER (I),1543,84,762,696,1
Troup,GRIGGS CENTER,SOLICITOR GENERAL,,R,NINA M. BAKER (I),652,23,355,274,0
Troup,WEST POINT,SOLICITOR GENERAL,,R,NINA M. BAKER (I),659,39,460,159,1
Troup,HOGANSVILLE,SOLICITOR GENERAL,,R,NINA M. BAKER (I),1269,76,837,356,0
Troup,EAST VERNON,SOLICITOR GENERAL,,R,NINA M. BAKER (I),1636,69,792,774,1
Troup,ROSEMONT,SOLICITOR GENERAL,,R,NINA M. BAKER (I),1877,84,999,794,0
Troup,MOUNTVILLE,SOLICITOR GENERAL,,R,NINA M. BAKER (I),840,28,459,353,0
Troup,MCLENDON,SOLICITOR GENERAL,,R,NINA M. BAKER (I),1869,81,938,849,1
Troup,LONG CANE,SOLICITOR GENERAL,,R,NINA M. BAKER (I),1454,50,805,599,0
Troup,GARDNER NEWMAN,SOLICITOR GENERAL,,R,NINA M. BAKER (I),1010,42,513,455,0
Troup,GRAY HILL,SOLICITOR GENERAL,,R,NINA M. BAKER (I),821,27,560,234,0
Troup,LEES CROSSING,SOLICITOR GENERAL,,R,NINA M. BAKER (I),587,38,303,245,1
Troup,HIGHLAND,SOLICITOR GENERAL,,R,NINA M. BAKER (I),670,41,302,326,1
Troup,NORTHSIDE,SOLICITOR GENERAL,,R,NINA M. BAKER (I),1320,54,573,692,1
Troup,,CC D2,,R,BUCK DAVIS (I),4846,236,2646,1964,0
Troup,HAMMETT RD,CC D2,,R,BUCK DAVIS (I),243,9,119,115,0
Troup,HOGANSVILLE,CC D2,,R,BUCK DAVIS (I),927,62,595,270,0
Troup,ROSEMONT,CC D2,,R,BUCK DAVIS (I),1543,79,804,660,0
Troup,MOUNTVILLE,CC D2,,R,BUCK DAVIS (I),631,20,348,263,0
Troup,MCLENDON,CC D2,,R,BUCK DAVIS (I),913,40,488,385,0
Troup,GARDNER NEWMAN,CC D2,,R,BUCK DAVIS (I),578,26,289,263,0
Troup,HIGHLAND,CC D2,,R,BUCK DAVIS (I),11,0,3,8,0
Troup,,CC D2,,D,WILLIAM HERNDON,2157,88,1207,862,0
Troup,HAMMETT RD,CC D2,,D,WILLIAM HERNDON,112,4,48,60,0
Troup,HOGANSVILLE,CC D2,,D,WILLIAM HERNDON,677,36,451,190,0
Troup,ROSEMONT,CC D2,,D,WILLIAM HERNDON,446,12,245,189,0
Troup,MOUNTVILLE,CC D2,,D,WILLIAM HERNDON,416,17,225,174,0
Troup,MCLENDON,CC D2,,D,WILLIAM HERNDON,257,12,129,116,0
Troup,GARDNER NEWMAN,CC D2,,D,WILLIAM HERNDON,246,7,109,130,0
Troup,HIGHLAND,CC D2,,D,WILLIAM HERNDON,3,0,0,3,0
Troup,,CC D3,,R,TRIPP FOSTER,4171,156,2304,1709,2
Troup,HOLLIS HAND,CC D3,,R,TRIPP FOSTER,145,7,61,77,0
Troup,WEST POINT,CC D3,,R,TRIPP FOSTER,315,12,222,81,0
Troup,EAST VERNON,CC D3,,R,TRIPP FOSTER,1344,51,662,630,1
Troup,MCLENDON,CC D3,,R,TRIPP FOSTER,253,4,124,125,0
Troup,LONG CANE,CC D3,,R,TRIPP FOSTER,1161,46,642,473,0
Troup,GRAY HILL,CC D3,,R,TRIPP FOSTER,637,21,431,185,0
Troup,LEES CROSSING,CC D3,,R,TRIPP FOSTER,316,15,162,138,1
Troup,,CC D3,,D,DEEDEE WILLIAMS,2750,165,1573,1011,1
Troup,HOLLIS HAND,CC D3,,D,DEEDEE WILLIAMS,53,3,27,23,0
Troup,WEST POINT,CC D3,,D,DEEDEE WILLIAMS,903,94,640,168,1
Troup,EAST VERNON,CC D3,,D,DEEDEE WILLIAMS,567,22,262,283,0
Troup,MCLENDON,CC D3,,D,DEEDEE WILLIAMS,132,3,60,69,0
Troup,LONG CANE,CC D3,,D,DEEDEE WILLIAMS,581,25,288,268,0
Troup,GRAY HILL,CC D3,,D,DEEDEE WILLIAMS,397,12,242,143,0
Troup,LEES CROSSING,CC D3,,D,DEEDEE WILLIAMS,117,6,54,57,0
Troup,,CC D4,,R,MORRIS JONES (I),5261,352,2254,2653,2
Troup,HOLLIS HAND,CC D4,,R,MORRIS JONES (I),1969,165,726,1078,0
Troup,ADMINISTRATION BLDG,CC D4,,R,MORRIS JONES (I),172,16,80,76,0
Troup,HAMMETT RD,CC D4,,R,MORRIS JONES (I),1055,68,518,469,0
Troup,MCLENDON,CC D4,,R,MORRIS JONES (I),497,28,224,244,1
Troup,GARDNER NEWMAN,CC D4,,R,MORRIS JONES (I),299,17,161,121,0
Troup,NORTHSIDE,CC D4,,R,MORRIS JONES (I),1269,58,545,665,1
Troup,,SOIL AND WATER,,,MARCUS JONES (I),19717,1033,10180,8497,7
Troup,HOLLIS HAND,SOIL AND WATER,,,MARCUS JONES (I),2126,173,806,1147,0
Troup,ADMINISTRATION BLDG,SOIL AND WATER,,,MARCUS JONES (I),1133,75,587,471,0
Troup,HAMMETT RD,SOIL AND WATER,,,MARCUS JONES (I),1585,84,779,721,1
Troup,GRIGGS CENTER,SOIL AND WATER,,,MARCUS JONES (I),772,39,414,319,0
Troup,WEST POINT,SOIL AND WATER,,,MARCUS JONES (I),728,44,523,160,1
Troup,HOGANSVILLE,SOIL AND WATER,,,MARCUS JONES (I),1316,85,855,376,0
Troup,EAST VERNON,SOIL AND WATER,,,MARCUS JONES (I),1610,68,774,767,1
Troup,ROSEMONT,SOIL AND WATER,,,MARCUS JONES (I),1845,81,986,778,0
Troup,MOUNTVILLE,SOIL AND WATER,,,MARCUS JONES (I),848,31,470,347,0
Troup,MCLENDON,SOIL AND WATER,,,MARCUS JONES (I),1855,80,937,837,1
Troup,LONG CANE,SOIL AND WATER,,,MARCUS JONES (I),1457,56,800,601,0
Troup,GARDNER NEWMAN,SOIL AND WATER,,,MARCUS JONES (I),1025,44,515,466,0
Troup,GRAY HILL,SOIL AND WATER,,,MARCUS JONES (I),817,29,542,246,0
Troup,LEES CROSSING,SOIL AND WATER,,,MARCUS JONES (I),613,41,318,253,1
Troup,HIGHLAND,SOIL AND WATER,,,MARCUS JONES (I),690,43,311,335,1
Troup,NORTHSIDE,SOIL AND WATER,,,MARCUS JONES (I),1297,60,563,673,1
Troup,,BOE D1 SPECIAL,,,DEBORAH A. SANTIAGO,1153,48,752,353,0
Troup,ADMINISTRATION BLDG,BOE D1 SPECIAL,,,DEBORAH A. SANTIAGO,317,14,183,120,0
Troup,GRIGGS CENTER,BOE D1 SPECIAL,,,DEBORAH A. SANTIAGO,47,2,27,18,0
Troup,WEST POINT,BOE D1 SPECIAL,,,DEBORAH A. SANTIAGO,268,17,200,51,0
Troup,LONG CANE,BOE D1 SPECIAL,,,DEBORAH A. SANTIAGO,171,1,100,70,0
Troup,GRAY HILL,BOE D1 SPECIAL,,,DEBORAH A. SANTIAGO,308,11,215,82,0
Troup,LEES CROSSING,BOE D1 SPECIAL,,,DEBORAH A. SANTIAGO,42,3,27,12,0
Troup,,BOE D1 SPECIAL,,,ALLEN L. SIMPSON (I),1417,103,798,514,2
Troup,ADMINISTRATION BLDG,BOE D1 SPECIAL,,,ALLEN L. SIMPSON (I),427,28,212,187,0
Troup,GRIGGS CENTER,BOE D1 SPECIAL,,,ALLEN L. SIMPSON (I),112,8,70,34,0
Troup,WEST POINT,BOE D1 SPECIAL,,,ALLEN L. SIMPSON (I),331,39,226,65,1
Troup,LONG CANE,BOE D1 SPECIAL,,,ALLEN L. SIMPSON (I),199,8,100,91,0
Troup,GRAY HILL,BOE D1 SPECIAL,,,ALLEN L. SIMPSON (I),272,13,159,100,0
Troup,LEES CROSSING,BOE D1 SPECIAL,,,ALLEN L. SIMPSON (I),76,7,31,37,1
Troup,,Constitutional Amendment #1<br>Shall the Constitution be amended to allow state or local approval of public charter schools upon the request of local communities?,,,YES,14714,755,7478,6475,6
Troup,HOLLIS HAND,Constitutional Amendment #1<br>Shall the Constitution be amended to allow state or local approval of public charter schools upon the request of local communities?,,,YES,1229,103,432,694,0
Troup,ADMINISTRATION BLDG,Constitutional Amendment #1<br>Shall the Constitution be amended to allow state or local approval of public charter schools upon the request of local communities?,,,YES,1136,69,600,467,0
Troup,HAMMETT RD,Constitutional Amendment #1<br>Shall the Constitution be amended to allow state or local approval of public charter schools upon the request of local communities?,,,YES,1272,59,591,621,1
Troup,GRIGGS CENTER,Constitutional Amendment #1<br>Shall the Constitution be amended to allow state or local approval of public charter schools upon the request of local communities?,,,YES,897,36,516,345,0
Troup,WEST POINT,Constitutional Amendment #1<br>Shall the Constitution be amended to allow state or local approval of public charter schools upon the request of local communities?,,,YES,727,39,529,158,1
Troup,HOGANSVILLE,Constitutional Amendment #1<br>Shall the Constitution be amended to allow state or local approval of public charter schools upon the request of local communities?,,,YES,1007,51,636,320,0
Troup,EAST VERNON,Constitutional Amendment #1<br>Shall the Constitution be amended to allow state or local approval of public charter schools upon the request of local communities?,,,YES,1124,60,510,553,1
Troup,ROSEMONT,Constitutional Amendment #1<br>Shall the Constitution be amended to allow state or local approval of public charter schools upon the request of local communities?,,,YES,1149,49,594,506,0
Troup,MOUNTVILLE,Constitutional Amendment #1<br>Shall the Constitution be amended to allow state or local approval of public charter schools upon the request of local communities?,,,YES,605,18,320,267,0
Troup,MCLENDON,Constitutional Amendment #1<br>Shall the Constitution be amended to allow state or local approval of public charter schools upon the request of local communities?,,,YES,1257,72,592,593,0
Troup,LONG CANE,Constitutional Amendment #1<br>Shall the Constitution be amended to allow state or local approval of public charter schools upon the request of local communities?,,,YES,958,40,499,419,0
Troup,GARDNER NEWMAN,Constitutional Amendment #1<br>Shall the Constitution be amended to allow state or local approval of public charter schools upon the request of local communities?,,,YES,745,33,357,355,0
Troup,GRAY HILL,Constitutional Amendment #1<br>Shall the Constitution be amended to allow state or local approval of public charter schools upon the request of local communities?,,,YES,569,15,355,199,0
Troup,LEES CROSSING,Constitutional Amendment #1<br>Shall the Constitution be amended to allow state or local approval of public charter schools upon the request of local communities?,,,YES,500,29,255,215,1
Troup,HIGHLAND,Constitutional Amendment #1<br>Shall the Constitution be amended to allow state or local approval of public charter schools upon the request of local communities?,,,YES,576,34,259,282,1
Troup,NORTHSIDE,Constitutional Amendment #1<br>Shall the Constitution be amended to allow state or local approval of public charter schools upon the request of local communities?,,,YES,963,48,433,481,1
Troup,,Constitutional Amendment #1<br>Shall the Constitution be amended to allow state or local approval of public charter schools upon the request of local communities?,,,NO,9950,512,5314,4123,1
Troup,HOLLIS HAND,Constitutional Amendment #1<br>Shall the Constitution be amended to allow state or local approval of public charter schools upon the request of local communities?,,,NO,1187,93,494,600,0
Troup,ADMINISTRATION BLDG,Constitutional Amendment #1<br>Shall the Constitution be amended to allow state or local approval of public charter schools upon the request of local communities?,,,NO,457,37,222,198,0
Troup,HAMMETT RD,Constitutional Amendment #1<br>Shall the Constitution be amended to allow state or local approval of public charter schools upon the request of local communities?,,,NO,811,41,412,358,0
Troup,GRIGGS CENTER,Constitutional Amendment #1<br>Shall the Constitution be amended to allow state or local approval of public charter schools upon the request of local communities?,,,NO,390,29,195,166,0
Troup,WEST POINT,Constitutional Amendment #1<br>Shall the Constitution be amended to allow state or local approval of public charter schools upon the request of local communities?,,,NO,418,36,301,81,0
Troup,HOGANSVILLE,Constitutional Amendment #1<br>Shall the Constitution be amended to allow state or local approval of public charter schools upon the request of local communities?,,,NO,630,44,445,141,0
Troup,EAST VERNON,Constitutional Amendment #1<br>Shall the Constitution be amended to allow state or local approval of public charter schools upon the request of local communities?,,,NO,777,15,412,350,0
Troup,ROSEMONT,Constitutional Amendment #1<br>Shall the Constitution be amended to allow state or local approval of public charter schools upon the request of local communities?,,,NO,951,42,522,387,0
Troup,MOUNTVILLE,Constitutional Amendment #1<br>Shall the Constitution be amended to allow state or local approval of public charter schools upon the request of local communities?,,,NO,458,23,257,178,0
Troup,MCLENDON,Constitutional Amendment #1<br>Shall the Constitution be amended to allow state or local approval of public charter schools upon the request of local communities?,,,NO,891,23,476,391,1
Troup,LONG CANE,Constitutional Amendment #1<br>Shall the Constitution be amended to allow state or local approval of public charter schools upon the request of local communities?,,,NO,763,27,426,310,0
Troup,GARDNER NEWMAN,Constitutional Amendment #1<br>Shall the Constitution be amended to allow state or local approval of public charter schools upon the request of local communities?,,,NO,502,19,271,212,0
Troup,GRAY HILL,Constitutional Amendment #1<br>Shall the Constitution be amended to allow state or local approval of public charter schools upon the request of local communities?,,,NO,448,15,310,123,0
Troup,LEES CROSSING,Constitutional Amendment #1<br>Shall the Constitution be amended to allow state or local approval of public charter schools upon the request of local communities?,,,NO,265,22,135,108,0
Troup,HIGHLAND,Constitutional Amendment #1<br>Shall the Constitution be amended to allow state or local approval of public charter schools upon the request of local communities?,,,NO,340,18,147,175,0
Troup,NORTHSIDE,Constitutional Amendment #1<br>Shall the Constitution be amended to allow state or local approval of public charter schools upon the request of local communities?,,,NO,662,28,289,345,0
Troup,,Constitutional Amendment #2<br>Shall the Constitution be amended so as to provide for a reduction in the state's operating costs by allowing the General Assembly to authorize certain state agencies to enter into multiyear rental agreements?,,,YES,14507,743,7393,6365,6
Troup,HOLLIS HAND,Constitutional Amendment #2<br>Shall the Constitution be amended so as to provide for a reduction in the state's operating costs by allowing the General Assembly to authorize certain state agencies to enter into multiyear rental agreements?,,,YES,1503,118,555,830,0
Troup,ADMINISTRATION BLDG,Constitutional Amendment #2<br>Shall the Constitution be amended so as to provide for a reduction in the state's operating costs by allowing the General Assembly to authorize certain state agencies to enter into multiyear rental agreements?,,,YES,996,59,520,417,0
Troup,HAMMETT RD,Constitutional Amendment #2<br>Shall the Constitution be amended so as to provide for a reduction in the state's operating costs by allowing the General Assembly to authorize certain state agencies to enter into multiyear rental agreements?,,,YES,1193,51,589,552,1
Troup,GRIGGS CENTER,Constitutional Amendment #2<br>Shall the Constitution be amended so as to provide for a reduction in the state's operating costs by allowing the General Assembly to authorize certain state agencies to enter into multiyear rental agreements?,,,YES,761,33,441,287,0
Troup,WEST POINT,Constitutional Amendment #2<br>Shall the Constitution be amended so as to provide for a reduction in the state's operating costs by allowing the General Assembly to authorize certain state agencies to enter into multiyear rental agreements?,,,YES,671,42,484,144,1
Troup,HOGANSVILLE,Constitutional Amendment #2<br>Shall the Constitution be amended so as to provide for a reduction in the state's operating costs by allowing the General Assembly to authorize certain state agencies to enter into multiyear rental agreements?,,,YES,963,59,630,274,0
Troup,EAST VERNON,Constitutional Amendment #2<br>Shall the Constitution be amended so as to provide for a reduction in the state's operating costs by allowing the General Assembly to authorize certain state agencies to enter into multiyear rental agreements?,,,YES,1126,43,518,564,1
Troup,ROSEMONT,Constitutional Amendment #2<br>Shall the Constitution be amended so as to provide for a reduction in the state's operating costs by allowing the General Assembly to authorize certain state agencies to enter into multiyear rental agreements?,,,YES,1205,63,629,513,0
Troup,MOUNTVILLE,Constitutional Amendment #2<br>Shall the Constitution be amended so as to provide for a reduction in the state's operating costs by allowing the General Assembly to authorize certain state agencies to enter into multiyear rental agreements?,,,YES,581,18,312,251,0
Troup,MCLENDON,Constitutional Amendment #2<br>Shall the Constitution be amended so as to provide for a reduction in the state's operating costs by allowing the General Assembly to authorize certain state agencies to enter into multiyear rental agreements?,,,YES,1256,65,613,577,1
Troup,LONG CANE,Constitutional Amendment #2<br>Shall the Constitution be amended so as to provide for a reduction in the state's operating costs by allowing the General Assembly to authorize certain state agencies to enter into multiyear rental agreements?,,,YES,1013,42,519,452,0
Troup,GARDNER NEWMAN,Constitutional Amendment #2<br>Shall the Constitution be amended so as to provide for a reduction in the state's operating costs by allowing the General Assembly to authorize certain state agencies to enter into multiyear rental agreements?,,,YES,744,36,367,341,0
Troup,GRAY HILL,Constitutional Amendment #2<br>Shall the Constitution be amended so as to provide for a reduction in the state's operating costs by allowing the General Assembly to authorize certain state agencies to enter into multiyear rental agreements?,,,YES,548,19,351,178,0
Troup,LEES CROSSING,Constitutional Amendment #2<br>Shall the Constitution be amended so as to provide for a reduction in the state's operating costs by allowing the General Assembly to authorize certain state agencies to enter into multiyear rental agreements?,,,YES,432,25,209,197,1
Troup,HIGHLAND,Constitutional Amendment #2<br>Shall the Constitution be amended so as to provide for a reduction in the state's operating costs by allowing the General Assembly to authorize certain state agencies to enter into multiyear rental agreements?,,,YES,509,25,233,251,0
Troup,NORTHSIDE,Constitutional Amendment #2<br>Shall the Constitution be amended so as to provide for a reduction in the state's operating costs by allowing the General Assembly to authorize certain state agencies to enter into multiyear rental agreements?,,,YES,1006,45,423,537,1
Troup,,Constitutional Amendment #2<br>Shall the Constitution be amended so as to provide for a reduction in the state's operating costs by allowing the General Assembly to authorize certain state agencies to enter into multiyear rental agreements?,,,NO,9103,473,4824,3805,1
Troup,HOLLIS HAND,Constitutional Amendment #2<br>Shall the Constitution be amended so as to provide for a reduction in the state's operating costs by allowing the General Assembly to authorize certain state agencies to enter into multiyear rental agreements?,,,NO,823,72,336,415,0
Troup,ADMINISTRATION BLDG,Constitutional Amendment #2<br>Shall the Constitution be amended so as to provide for a reduction in the state's operating costs by allowing the General Assembly to authorize certain state agencies to enter into multiyear rental agreements?,,,NO,525,43,264,218,0
Troup,HAMMETT RD,Constitutional Amendment #2<br>Shall the Constitution be amended so as to provide for a reduction in the state's operating costs by allowing the General Assembly to authorize certain state agencies to enter into multiyear rental agreements?,,,NO,815,43,377,395,0
Troup,GRIGGS CENTER,Constitutional Amendment #2<br>Shall the Constitution be amended so as to provide for a reduction in the state's operating costs by allowing the General Assembly to authorize certain state agencies to enter into multiyear rental agreements?,,,NO,423,28,204,191,0
Troup,WEST POINT,Constitutional Amendment #2<br>Shall the Constitution be amended so as to provide for a reduction in the state's operating costs by allowing the General Assembly to authorize certain state agencies to enter into multiyear rental agreements?,,,NO,413,27,303,83,0
Troup,HOGANSVILLE,Constitutional Amendment #2<br>Shall the Constitution be amended so as to provide for a reduction in the state's operating costs by allowing the General Assembly to authorize certain state agencies to enter into multiyear rental agreements?,,,NO,610,32,405,173,0
Troup,EAST VERNON,Constitutional Amendment #2<br>Shall the Constitution be amended so as to provide for a reduction in the state's operating costs by allowing the General Assembly to authorize certain state agencies to enter into multiyear rental agreements?,,,NO,700,29,360,311,0
Troup,ROSEMONT,Constitutional Amendment #2<br>Shall the Constitution be amended so as to provide for a reduction in the state's operating costs by allowing the General Assembly to authorize certain state agencies to enter into multiyear rental agreements?,,,NO,815,25,446,344,0
Troup,MOUNTVILLE,Constitutional Amendment #2<br>Shall the Constitution be amended so as to provide for a reduction in the state's operating costs by allowing the General Assembly to authorize certain state agencies to enter into multiyear rental agreements?,,,NO,429,22,236,171,0
Troup,MCLENDON,Constitutional Amendment #2<br>Shall the Constitution be amended so as to provide for a reduction in the state's operating costs by allowing the General Assembly to authorize certain state agencies to enter into multiyear rental agreements?,,,NO,792,24,408,360,0
Troup,LONG CANE,Constitutional Amendment #2<br>Shall the Constitution be amended so as to provide for a reduction in the state's operating costs by allowing the General Assembly to authorize certain state agencies to enter into multiyear rental agreements?,,,NO,644,21,376,247,0
Troup,GARDNER NEWMAN,Constitutional Amendment #2<br>Shall the Constitution be amended so as to provide for a reduction in the state's operating costs by allowing the General Assembly to authorize certain state agencies to enter into multiyear rental agreements?,,,NO,458,13,238,207,0
Troup,GRAY HILL,Constitutional Amendment #2<br>Shall the Constitution be amended so as to provide for a reduction in the state's operating costs by allowing the General Assembly to authorize certain state agencies to enter into multiyear rental agreements?,,,NO,446,13,301,132,0
Troup,LEES CROSSING,Constitutional Amendment #2<br>Shall the Constitution be amended so as to provide for a reduction in the state's operating costs by allowing the General Assembly to authorize certain state agencies to enter into multiyear rental agreements?,,,NO,304,26,163,115,0
Troup,HIGHLAND,Constitutional Amendment #2<br>Shall the Constitution be amended so as to provide for a reduction in the state's operating costs by allowing the General Assembly to authorize certain state agencies to enter into multiyear rental agreements?,,,NO,365,26,156,182,1
Troup,NORTHSIDE,Constitutional Amendment #2<br>Shall the Constitution be amended so as to provide for a reduction in the state's operating costs by allowing the General Assembly to authorize certain state agencies to enter into multiyear rental agreements?,,,NO,541,29,251,261,0
Troup,,SUNDAY ALCOHOL SALES BY DRINK,,,YES,697,25,486,186,0
Troup,HOGANSVILLE,SUNDAY ALCOHOL SALES BY DRINK,,,YES,697,25,486,186,0
Troup,,SUNDAY ALCOHOL SALES BY DRINK,,,NO,412,42,257,113,0
Troup,HOGANSVILLE,SUNDAY ALCOHOL SALES BY DRINK,,,NO,412,42,257,113,0
Troup,,SUNDAY PACKAGE SALES,,,YES,700,27,482,191,0
Troup,HOGANSVILLE,SUNDAY PACKAGE SALES,,,YES,700,27,482,191,0
Troup,,SUNDAY PACKAGE SALES,,,NO,398,39,252,107,0
Troup,HOGANSVILLE,SUNDAY PACKAGE SALES,,,NO,398,39,252,107,0
