county,precinct,office,district,party,candidate,votes,absentee_by_mail,election_day,advance_in_person,provisional
Haralson,,President of the United States,,R,MITT ROMNEY,8446,305,4909,3227,5
Haralson,BREMEN,President of the United States,,R,MITT ROMNEY,2625,124,1307,1193,1
Haralson,BUCHANAN,President of the United States,,R,MITT ROMNEY,1050,43,424,582,1
Haralson,BUNCOMBE,President of the United States,,R,MITT ROMNEY,424,9,346,67,2
Haralson,CORINTH,President of the United States,,R,MITT ROMNEY,687,22,440,225,0
Haralson,TWENTIETH,President of the United States,,R,MITT ROMNEY,341,7,252,82,0
Haralson,FELTON,President of the United States,,R,MITT ROMNEY,137,3,110,24,0
Haralson,LITTLE CREEK,President of the United States,,R,MITT ROMNEY,326,7,252,67,0
Haralson,MT VIEW,President of the United States,,R,MITT ROMNEY,163,1,141,21,0
Haralson,SEVENTH,President of the United States,,R,MITT ROMNEY,714,26,452,236,0
Haralson,BEREA-STEADMAN,President of the United States,,R,MITT ROMNEY,282,15,186,81,0
Haralson,TALLAPOOSA,President of the United States,,R,MITT ROMNEY,1248,39,691,517,1
Haralson,WACO,President of the United States,,R,MITT ROMNEY,449,9,308,132,0
Haralson,,President of the United States,,D,BARACK OBAMA (I),1789,86,1087,616,0
Haralson,BREMEN,President of the United States,,D,BARACK OBAMA (I),611,32,341,238,0
Haralson,BUCHANAN,President of the United States,,D,BARACK OBAMA (I),203,7,92,104,0
Haralson,BUNCOMBE,President of the United States,,D,BARACK OBAMA (I),84,2,62,20,0
Haralson,CORINTH,President of the United States,,D,BARACK OBAMA (I),125,4,78,43,0
Haralson,TWENTIETH,President of the United States,,D,BARACK OBAMA (I),56,2,38,16,0
Haralson,FELTON,President of the United States,,D,BARACK OBAMA (I),24,0,22,2,0
Haralson,LITTLE CREEK,President of the United States,,D,BARACK OBAMA (I),46,0,40,6,0
Haralson,MT VIEW,President of the United States,,D,BARACK OBAMA (I),14,0,11,3,0
Haralson,SEVENTH,President of the United States,,D,BARACK OBAMA (I),179,8,110,61,0
Haralson,BEREA-STEADMAN,President of the United States,,D,BARACK OBAMA (I),33,2,23,8,0
Haralson,TALLAPOOSA,President of the United States,,D,BARACK OBAMA (I),321,25,203,93,0
Haralson,WACO,President of the United States,,D,BARACK OBAMA (I),93,4,67,22,0
Haralson,,President of the United States,,L,GARY JOHNSON,137,10,107,19,1
Haralson,BREMEN,President of the United States,,L,GARY JOHNSON,36,3,27,6,0
Haralson,BUCHANAN,President of the United States,,L,GARY JOHNSON,11,0,8,3,0
Haralson,BUNCOMBE,President of the United States,,L,GARY JOHNSON,8,0,7,0,1
Haralson,CORINTH,President of the United States,,L,GARY JOHNSON,11,0,11,0,0
Haralson,TWENTIETH,President of the United States,,L,GARY JOHNSON,8,2,6,0,0
Haralson,FELTON,President of the United States,,L,GARY JOHNSON,3,0,3,0,0
Haralson,LITTLE CREEK,President of the United States,,L,GARY JOHNSON,3,0,3,0,0
Haralson,MT VIEW,President of the United States,,L,GARY JOHNSON,2,0,2,0,0
Haralson,SEVENTH,President of the United States,,L,GARY JOHNSON,10,1,6,3,0
Haralson,BEREA-STEADMAN,President of the United States,,L,GARY JOHNSON,3,0,2,1,0
Haralson,TALLAPOOSA,President of the United States,,L,GARY JOHNSON,28,3,21,4,0
Haralson,WACO,President of the United States,,L,GARY JOHNSON,14,1,11,2,0
Haralson,,"Public Service Commission, District 3",3,R,CHUCK EATON (I),7389,282,4290,2812,5
Haralson,BREMEN,"Public Service Commission, District 3",3,R,CHUCK EATON (I),2390,118,1197,1074,1
Haralson,BUCHANAN,"Public Service Commission, District 3",3,R,CHUCK EATON (I),906,38,359,508,1
Haralson,BUNCOMBE,"Public Service Commission, District 3",3,R,CHUCK EATON (I),370,8,301,59,2
Haralson,CORINTH,"Public Service Commission, District 3",3,R,CHUCK EATON (I),618,21,402,195,0
Haralson,TWENTIETH,"Public Service Commission, District 3",3,R,CHUCK EATON (I),303,8,228,67,0
Haralson,FELTON,"Public Service Commission, District 3",3,R,CHUCK EATON (I),115,2,93,20,0
Haralson,LITTLE CREEK,"Public Service Commission, District 3",3,R,CHUCK EATON (I),269,6,211,52,0
Haralson,MT VIEW,"Public Service Commission, District 3",3,R,CHUCK EATON (I),150,1,131,18,0
Haralson,SEVENTH,"Public Service Commission, District 3",3,R,CHUCK EATON (I),627,24,391,212,0
Haralson,BEREA-STEADMAN,"Public Service Commission, District 3",3,R,CHUCK EATON (I),226,13,146,67,0
Haralson,TALLAPOOSA,"Public Service Commission, District 3",3,R,CHUCK EATON (I),1039,36,579,423,1
Haralson,WACO,"Public Service Commission, District 3",3,R,CHUCK EATON (I),376,7,252,117,0
Haralson,,"Public Service Commission, District 3",3,D,STEPHEN OPPENHEIMER,1703,74,1057,572,0
Haralson,BREMEN,"Public Service Commission, District 3",3,D,STEPHEN OPPENHEIMER,533,28,294,211,0
Haralson,BUCHANAN,"Public Service Commission, District 3",3,D,STEPHEN OPPENHEIMER,201,4,94,103,0
Haralson,BUNCOMBE,"Public Service Commission, District 3",3,D,STEPHEN OPPENHEIMER,84,1,65,18,0
Haralson,CORINTH,"Public Service Commission, District 3",3,D,STEPHEN OPPENHEIMER,111,4,72,35,0
Haralson,TWENTIETH,"Public Service Commission, District 3",3,D,STEPHEN OPPENHEIMER,46,2,32,12,0
Haralson,FELTON,"Public Service Commission, District 3",3,D,STEPHEN OPPENHEIMER,21,0,18,3,0
Haralson,LITTLE CREEK,"Public Service Commission, District 3",3,D,STEPHEN OPPENHEIMER,56,0,44,12,0
Haralson,MT VIEW,"Public Service Commission, District 3",3,D,STEPHEN OPPENHEIMER,15,0,12,3,0
Haralson,SEVENTH,"Public Service Commission, District 3",3,D,STEPHEN OPPENHEIMER,171,10,114,47,0
Haralson,BEREA-STEADMAN,"Public Service Commission, District 3",3,D,STEPHEN OPPENHEIMER,48,1,36,11,0
Haralson,TALLAPOOSA,"Public Service Commission, District 3",3,D,STEPHEN OPPENHEIMER,323,21,204,98,0
Haralson,WACO,"Public Service Commission, District 3",3,D,STEPHEN OPPENHEIMER,94,3,72,19,0
Haralson,,"Public Service Commission, District 3",3,L,BRAD PLOEGER,486,25,311,149,1
Haralson,BREMEN,"Public Service Commission, District 3",3,L,BRAD PLOEGER,132,9,72,51,0
Haralson,BUCHANAN,"Public Service Commission, District 3",3,L,BRAD PLOEGER,62,8,30,24,0
Haralson,BUNCOMBE,"Public Service Commission, District 3",3,L,BRAD PLOEGER,19,0,17,1,1
Haralson,CORINTH,"Public Service Commission, District 3",3,L,BRAD PLOEGER,36,2,22,12,0
Haralson,TWENTIETH,"Public Service Commission, District 3",3,L,BRAD PLOEGER,21,1,17,3,0
Haralson,FELTON,"Public Service Commission, District 3",3,L,BRAD PLOEGER,13,0,12,1,0
Haralson,LITTLE CREEK,"Public Service Commission, District 3",3,L,BRAD PLOEGER,14,1,10,3,0
Haralson,MT VIEW,"Public Service Commission, District 3",3,L,BRAD PLOEGER,7,0,6,1,0
Haralson,SEVENTH,"Public Service Commission, District 3",3,L,BRAD PLOEGER,43,1,29,13,0
Haralson,BEREA-STEADMAN,"Public Service Commission, District 3",3,L,BRAD PLOEGER,12,1,9,2,0
Haralson,TALLAPOOSA,"Public Service Commission, District 3",3,L,BRAD PLOEGER,83,2,52,29,0
Haralson,WACO,"Public Service Commission, District 3",3,L,BRAD PLOEGER,44,0,35,9,0
Haralson,,"Public Service Commission, District 5",5,R,STAN WISE (I),7682,304,4462,2911,5
Haralson,BREMEN,"Public Service Commission, District 5",5,R,STAN WISE (I),2459,126,1228,1104,1
Haralson,BUCHANAN,"Public Service Commission, District 5",5,R,STAN WISE (I),946,41,377,527,1
Haralson,BUNCOMBE,"Public Service Commission, District 5",5,R,STAN WISE (I),369,8,302,57,2
Haralson,CORINTH,"Public Service Commission, District 5",5,R,STAN WISE (I),645,22,412,211,0
Haralson,TWENTIETH,"Public Service Commission, District 5",5,R,STAN WISE (I),306,8,230,68,0
Haralson,FELTON,"Public Service Commission, District 5",5,R,STAN WISE (I),128,2,106,20,0
Haralson,LITTLE CREEK,"Public Service Commission, District 5",5,R,STAN WISE (I),287,5,222,60,0
Haralson,MT VIEW,"Public Service Commission, District 5",5,R,STAN WISE (I),152,1,131,20,0
Haralson,SEVENTH,"Public Service Commission, District 5",5,R,STAN WISE (I),651,27,410,214,0
Haralson,BEREA-STEADMAN,"Public Service Commission, District 5",5,R,STAN WISE (I),227,11,148,68,0
Haralson,TALLAPOOSA,"Public Service Commission, District 5",5,R,STAN WISE (I),1116,45,628,442,1
Haralson,WACO,"Public Service Commission, District 5",5,R,STAN WISE (I),396,8,268,120,0
Haralson,,"Public Service Commission, District 5",5,L,DAVID STAPLES,1727,60,1122,544,1
Haralson,BREMEN,"Public Service Commission, District 5",5,L,DAVID STAPLES,535,23,314,198,0
Haralson,BUCHANAN,"Public Service Commission, District 5",5,L,DAVID STAPLES,198,8,97,93,0
Haralson,BUNCOMBE,"Public Service Commission, District 5",5,L,DAVID STAPLES,100,1,82,16,1
Haralson,CORINTH,"Public Service Commission, District 5",5,L,DAVID STAPLES,123,5,83,35,0
Haralson,TWENTIETH,"Public Service Commission, District 5",5,L,DAVID STAPLES,63,2,45,16,0
Haralson,FELTON,"Public Service Commission, District 5",5,L,DAVID STAPLES,23,0,19,4,0
Haralson,LITTLE CREEK,"Public Service Commission, District 5",5,L,DAVID STAPLES,48,2,39,7,0
Haralson,MT VIEW,"Public Service Commission, District 5",5,L,DAVID STAPLES,19,0,16,3,0
Haralson,SEVENTH,"Public Service Commission, District 5",5,L,DAVID STAPLES,164,4,112,48,0
Haralson,BEREA-STEADMAN,"Public Service Commission, District 5",5,L,DAVID STAPLES,45,3,32,10,0
Haralson,TALLAPOOSA,"Public Service Commission, District 5",5,L,DAVID STAPLES,290,12,186,92,0
Haralson,WACO,"Public Service Commission, District 5",5,L,DAVID STAPLES,119,0,97,22,0
Haralson,,U.S. Representative,14,R,TOM GRAVES (I),7761,304,4507,2944,6
Haralson,BREMEN,U.S. Representative,14,R,TOM GRAVES (I),2494,128,1245,1120,1
Haralson,BUCHANAN,U.S. Representative,14,R,TOM GRAVES (I),957,44,383,529,1
Haralson,BUNCOMBE,U.S. Representative,14,R,TOM GRAVES (I),384,7,320,54,3
Haralson,CORINTH,U.S. Representative,14,R,TOM GRAVES (I),644,24,407,213,0
Haralson,TWENTIETH,U.S. Representative,14,R,TOM GRAVES (I),314,9,232,73,0
Haralson,FELTON,U.S. Representative,14,R,TOM GRAVES (I),132,2,108,22,0
Haralson,LITTLE CREEK,U.S. Representative,14,R,TOM GRAVES (I),285,7,224,54,0
Haralson,MT VIEW,U.S. Representative,14,R,TOM GRAVES (I),148,1,129,18,0
Haralson,SEVENTH,U.S. Representative,14,R,TOM GRAVES (I),657,24,414,219,0
Haralson,BEREA-STEADMAN,U.S. Representative,14,R,TOM GRAVES (I),222,11,143,68,0
Haralson,TALLAPOOSA,U.S. Representative,14,R,TOM GRAVES (I),1107,41,617,448,1
Haralson,WACO,U.S. Representative,14,R,TOM GRAVES (I),417,6,285,126,0
Haralson,,U.S. Representative,14,D,DANIEL GRANT,1954,79,1229,646,0
Haralson,BREMEN,U.S. Representative,14,D,DANIEL GRANT,598,27,337,234,0
Haralson,BUCHANAN,U.S. Representative,14,D,DANIEL GRANT,220,6,103,111,0
Haralson,BUNCOMBE,U.S. Representative,14,D,DANIEL GRANT,96,2,71,23,0
Haralson,CORINTH,U.S. Representative,14,D,DANIEL GRANT,134,3,91,40,0
Haralson,TWENTIETH,U.S. Representative,14,D,DANIEL GRANT,63,2,47,14,0
Haralson,FELTON,U.S. Representative,14,D,DANIEL GRANT,24,0,22,2,0
Haralson,LITTLE CREEK,U.S. Representative,14,D,DANIEL GRANT,56,0,44,12,0
Haralson,MT VIEW,U.S. Representative,14,D,DANIEL GRANT,22,0,18,4,0
Haralson,SEVENTH,U.S. Representative,14,D,DANIEL GRANT,202,11,129,62,0
Haralson,BEREA-STEADMAN,U.S. Representative,14,D,DANIEL GRANT,62,2,48,12,0
Haralson,TALLAPOOSA,U.S. Representative,14,D,DANIEL GRANT,366,21,233,112,0
Haralson,WACO,U.S. Representative,14,D,DANIEL GRANT,111,5,86,20,0
Haralson,,State Senator,31,R,BILL HEATH (I),8195,294,4956,2939,6
Haralson,BREMEN,State Senator,31,R,BILL HEATH (I),2634,127,1383,1123,1
Haralson,BUCHANAN,State Senator,31,R,BILL HEATH (I),1018,40,441,536,1
Haralson,BUNCOMBE,State Senator,31,R,BILL HEATH (I),411,6,348,54,3
Haralson,CORINTH,State Senator,31,R,BILL HEATH (I),684,23,442,219,0
Haralson,TWENTIETH,State Senator,31,R,BILL HEATH (I),346,11,254,81,0
Haralson,FELTON,State Senator,31,R,BILL HEATH (I),134,2,111,21,0
Haralson,LITTLE CREEK,State Senator,31,R,BILL HEATH (I),275,6,213,56,0
Haralson,MT VIEW,State Senator,31,R,BILL HEATH (I),157,0,142,15,0
Haralson,SEVENTH,State Senator,31,R,BILL HEATH (I),735,25,481,229,0
Haralson,BEREA-STEADMAN,State Senator,31,R,BILL HEATH (I),227,7,160,60,0
Haralson,TALLAPOOSA,State Senator,31,R,BILL HEATH (I),1145,41,673,430,1
Haralson,WACO,State Senator,31,R,BILL HEATH (I),429,6,308,115,0
Haralson,,State Representative,16,R,TREY KELLEY,1552,42,1129,381,0
Haralson,CORINTH,State Representative,16,R,TREY KELLEY,655,25,423,207,0
Haralson,TWENTIETH,State Representative,16,R,TREY KELLEY,322,8,240,74,0
Haralson,FELTON,State Representative,16,R,TREY KELLEY,132,2,106,24,0
Haralson,LITTLE CREEK,State Representative,16,R,TREY KELLEY,292,6,230,56,0
Haralson,MT VIEW,State Representative,16,R,TREY KELLEY,151,1,130,20,0
Haralson,,State Representative,16,D,RICK CRAWFORD (I),316,7,227,82,0
Haralson,CORINTH,State Representative,16,D,RICK CRAWFORD (I),132,3,82,47,0
Haralson,TWENTIETH,State Representative,16,D,RICK CRAWFORD (I),67,3,48,16,0
Haralson,FELTON,State Representative,16,D,RICK CRAWFORD (I),28,0,27,1,0
Haralson,LITTLE CREEK,State Representative,16,D,RICK CRAWFORD (I),67,1,51,15,0
Haralson,MT VIEW,State Representative,16,D,RICK CRAWFORD (I),22,0,19,3,0
Haralson,,State Representative,18,R,KEVIN COOKE (I),6421,264,3513,2639,5
Haralson,BREMEN,State Representative,18,R,KEVIN COOKE (I),2552,123,1278,1150,1
Haralson,BUCHANAN,State Representative,18,R,KEVIN COOKE (I),974,42,391,540,1
Haralson,BUNCOMBE,State Representative,18,R,KEVIN COOKE (I),399,9,328,59,3
Haralson,SEVENTH,State Representative,18,R,KEVIN COOKE (I),679,26,429,224,0
Haralson,BEREA-STEADMAN,State Representative,18,R,KEVIN COOKE (I),240,13,151,76,0
Haralson,TALLAPOOSA,State Representative,18,R,KEVIN COOKE (I),1150,43,644,463,0
Haralson,WACO,State Representative,18,R,KEVIN COOKE (I),427,8,292,127,0
Haralson,,State Representative,18,D,PAT RHUDY,1472,69,888,515,0
Haralson,BREMEN,State Representative,18,D,PAT RHUDY,554,31,304,219,0
Haralson,BUCHANAN,State Representative,18,D,PAT RHUDY,206,6,95,105,0
Haralson,BUNCOMBE,State Representative,18,D,PAT RHUDY,84,2,61,21,0
Haralson,SEVENTH,State Representative,18,D,PAT RHUDY,169,8,112,49,0
Haralson,BEREA-STEADMAN,State Representative,18,D,PAT RHUDY,43,0,36,7,0
Haralson,TALLAPOOSA,State Representative,18,D,PAT RHUDY,313,19,201,93,0
Haralson,WACO,State Representative,18,D,PAT RHUDY,103,3,79,21,0
Haralson,,District Attorney, Tallapoosa Circuit,R,JACK BROWNING,9103,336,5399,3362,6
Haralson,BREMEN,District Attorney, Tallapoosa Circuit,R,JACK BROWNING,2886,137,1484,1264,1
Haralson,BUCHANAN,District Attorney, Tallapoosa Circuit,R,JACK BROWNING,1107,42,461,603,1
Haralson,BUNCOMBE,District Attorney, Tallapoosa Circuit,R,JACK BROWNING,455,9,374,69,3
Haralson,CORINTH,District Attorney, Tallapoosa Circuit,R,JACK BROWNING,737,28,469,240,0
Haralson,TWENTIETH,District Attorney, Tallapoosa Circuit,R,JACK BROWNING,350,9,261,80,0
Haralson,FELTON,District Attorney, Tallapoosa Circuit,R,JACK BROWNING,145,2,120,23,0
Haralson,LITTLE CREEK,District Attorney, Tallapoosa Circuit,R,JACK BROWNING,319,7,248,64,0
Haralson,MT VIEW,District Attorney, Tallapoosa Circuit,R,JACK BROWNING,170,0,147,23,0
Haralson,SEVENTH,District Attorney, Tallapoosa Circuit,R,JACK BROWNING,786,26,507,253,0
Haralson,BEREA-STEADMAN,District Attorney, Tallapoosa Circuit,R,JACK BROWNING,271,13,183,75,0
Haralson,TALLAPOOSA,District Attorney, Tallapoosa Circuit,R,JACK BROWNING,1376,54,794,527,1
Haralson,WACO,District Attorney, Tallapoosa Circuit,R,JACK BROWNING,501,9,351,141,0
Haralson,,JUDGE PROBATE COURT,,D,JAMES HULSEY JR (I),8454,326,5017,3105,6
Haralson,BREMEN,JUDGE PROBATE COURT,,D,JAMES HULSEY JR (I),2646,128,1373,1144,1
Haralson,BUCHANAN,JUDGE PROBATE COURT,,D,JAMES HULSEY JR (I),1038,42,430,565,1
Haralson,BUNCOMBE,JUDGE PROBATE COURT,,D,JAMES HULSEY JR (I),434,7,355,69,3
Haralson,CORINTH,JUDGE PROBATE COURT,,D,JAMES HULSEY JR (I),651,22,422,207,0
Haralson,TWENTIETH,JUDGE PROBATE COURT,,D,JAMES HULSEY JR (I),307,9,227,71,0
Haralson,FELTON,JUDGE PROBATE COURT,,D,JAMES HULSEY JR (I),125,2,105,18,0
Haralson,LITTLE CREEK,JUDGE PROBATE COURT,,D,JAMES HULSEY JR (I),308,3,243,62,0
Haralson,MT VIEW,JUDGE PROBATE COURT,,D,JAMES HULSEY JR (I),141,0,123,18,0
Haralson,SEVENTH,JUDGE PROBATE COURT,,D,JAMES HULSEY JR (I),724,27,462,235,0
Haralson,BEREA-STEADMAN,JUDGE PROBATE COURT,,D,JAMES HULSEY JR (I),270,15,179,76,0
Haralson,TALLAPOOSA,JUDGE PROBATE COURT,,D,JAMES HULSEY JR (I),1364,60,777,526,1
Haralson,WACO,JUDGE PROBATE COURT,,D,JAMES HULSEY JR (I),446,11,321,114,0
Haralson,,CLERK SUPERIOR COURT,,R,BECKY ROBINSON (I),9085,339,5368,3373,5
Haralson,BREMEN,CLERK SUPERIOR COURT,,R,BECKY ROBINSON (I),2885,138,1478,1268,1
Haralson,BUCHANAN,CLERK SUPERIOR COURT,,R,BECKY ROBINSON (I),1101,45,456,599,1
Haralson,BUNCOMBE,CLERK SUPERIOR COURT,,R,BECKY ROBINSON (I),455,8,379,66,2
Haralson,CORINTH,CLERK SUPERIOR COURT,,R,BECKY ROBINSON (I),733,26,471,236,0
Haralson,TWENTIETH,CLERK SUPERIOR COURT,,R,BECKY ROBINSON (I),356,10,262,84,0
Haralson,FELTON,CLERK SUPERIOR COURT,,R,BECKY ROBINSON (I),136,2,114,20,0
Haralson,LITTLE CREEK,CLERK SUPERIOR COURT,,R,BECKY ROBINSON (I),321,7,248,66,0
Haralson,MT VIEW,CLERK SUPERIOR COURT,,R,BECKY ROBINSON (I),160,0,140,20,0
Haralson,SEVENTH,CLERK SUPERIOR COURT,,R,BECKY ROBINSON (I),786,27,507,252,0
Haralson,BEREA-STEADMAN,CLERK SUPERIOR COURT,,R,BECKY ROBINSON (I),275,14,184,77,0
Haralson,TALLAPOOSA,CLERK SUPERIOR COURT,,R,BECKY ROBINSON (I),1388,54,788,545,1
Haralson,WACO,CLERK SUPERIOR COURT,,R,BECKY ROBINSON (I),489,8,341,140,0
Haralson,,SHERIFF,,R,EDDIE MIXON (I),9221,338,5471,3406,6
Haralson,BREMEN,SHERIFF,,R,EDDIE MIXON (I),2881,133,1489,1258,1
Haralson,BUCHANAN,SHERIFF,,R,EDDIE MIXON (I),1123,45,466,611,1
Haralson,BUNCOMBE,SHERIFF,,R,EDDIE MIXON (I),474,9,390,72,3
Haralson,CORINTH,SHERIFF,,R,EDDIE MIXON (I),750,26,482,242,0
Haralson,TWENTIETH,SHERIFF,,R,EDDIE MIXON (I),358,11,267,80,0
Haralson,FELTON,SHERIFF,,R,EDDIE MIXON (I),140,2,114,24,0
Haralson,LITTLE CREEK,SHERIFF,,R,EDDIE MIXON (I),342,7,267,68,0
Haralson,MT VIEW,SHERIFF,,R,EDDIE MIXON (I),165,0,144,21,0
Haralson,SEVENTH,SHERIFF,,R,EDDIE MIXON (I),788,27,505,256,0
Haralson,BEREA-STEADMAN,SHERIFF,,R,EDDIE MIXON (I),285,16,188,81,0
Haralson,TALLAPOOSA,SHERIFF,,R,EDDIE MIXON (I),1420,54,814,551,1
Haralson,WACO,SHERIFF,,R,EDDIE MIXON (I),495,8,345,142,0
Haralson,,TAX COMMISSIONER,,R,BARBARA RIDLEY (I),9286,347,5484,3449,6
Haralson,BREMEN,TAX COMMISSIONER,,R,BARBARA RIDLEY (I),2927,139,1507,1280,1
Haralson,BUCHANAN,TAX COMMISSIONER,,R,BARBARA RIDLEY (I),1130,46,464,619,1
Haralson,BUNCOMBE,TAX COMMISSIONER,,R,BARBARA RIDLEY (I),468,9,386,70,3
Haralson,CORINTH,TAX COMMISSIONER,,R,BARBARA RIDLEY (I),743,25,476,242,0
Haralson,TWENTIETH,TAX COMMISSIONER,,R,BARBARA RIDLEY (I),371,11,273,87,0
Haralson,FELTON,TAX COMMISSIONER,,R,BARBARA RIDLEY (I),145,2,120,23,0
Haralson,LITTLE CREEK,TAX COMMISSIONER,,R,BARBARA RIDLEY (I),339,7,264,68,0
Haralson,MT VIEW,TAX COMMISSIONER,,R,BARBARA RIDLEY (I),167,0,145,22,0
Haralson,SEVENTH,TAX COMMISSIONER,,R,BARBARA RIDLEY (I),800,26,513,261,0
Haralson,BEREA-STEADMAN,TAX COMMISSIONER,,R,BARBARA RIDLEY (I),282,16,186,80,0
Haralson,TALLAPOOSA,TAX COMMISSIONER,,R,BARBARA RIDLEY (I),1414,58,803,552,1
Haralson,WACO,TAX COMMISSIONER,,R,BARBARA RIDLEY (I),500,8,347,145,0
Haralson,,SURVEYOR,,R,G. DEWBERRY (I),9003,337,5324,3336,6
Haralson,BREMEN,SURVEYOR,,R,G. DEWBERRY (I),2865,137,1478,1249,1
Haralson,BUCHANAN,SURVEYOR,,R,G. DEWBERRY (I),1095,46,452,596,1
Haralson,BUNCOMBE,SURVEYOR,,R,G. DEWBERRY (I),444,9,371,61,3
Haralson,CORINTH,SURVEYOR,,R,G. DEWBERRY (I),732,26,468,238,0
Haralson,TWENTIETH,SURVEYOR,,R,G. DEWBERRY (I),354,9,263,82,0
Haralson,FELTON,SURVEYOR,,R,G. DEWBERRY (I),140,2,114,24,0
Haralson,LITTLE CREEK,SURVEYOR,,R,G. DEWBERRY (I),313,7,240,66,0
Haralson,MT VIEW,SURVEYOR,,R,G. DEWBERRY (I),160,0,140,20,0
Haralson,SEVENTH,SURVEYOR,,R,G. DEWBERRY (I),780,25,498,257,0
Haralson,BEREA-STEADMAN,SURVEYOR,,R,G. DEWBERRY (I),271,13,183,75,0
Haralson,TALLAPOOSA,SURVEYOR,,R,G. DEWBERRY (I),1362,56,777,528,1
Haralson,WACO,SURVEYOR,,R,G. DEWBERRY (I),487,7,340,140,0
Haralson,,CORONER,,R,DANNY HUTCHESON (I),9229,336,5484,3403,6
Haralson,BREMEN,CORONER,,R,DANNY HUTCHESON (I),2883,135,1494,1253,1
Haralson,BUCHANAN,CORONER,,R,DANNY HUTCHESON (I),1132,45,468,618,1
Haralson,BUNCOMBE,CORONER,,R,DANNY HUTCHESON (I),462,9,385,65,3
Haralson,CORINTH,CORONER,,R,DANNY HUTCHESON (I),745,25,482,238,0
Haralson,TWENTIETH,CORONER,,R,DANNY HUTCHESON (I),377,10,278,89,0
Haralson,FELTON,CORONER,,R,DANNY HUTCHESON (I),144,0,122,22,0
Haralson,LITTLE CREEK,CORONER,,R,DANNY HUTCHESON (I),329,6,256,67,0
Haralson,MT VIEW,CORONER,,R,DANNY HUTCHESON (I),169,0,148,21,0
Haralson,SEVENTH,CORONER,,R,DANNY HUTCHESON (I),791,27,506,258,0
Haralson,BEREA-STEADMAN,CORONER,,R,DANNY HUTCHESON (I),286,15,190,81,0
Haralson,TALLAPOOSA,CORONER,,R,DANNY HUTCHESON (I),1411,56,806,548,1
Haralson,WACO,CORONER,,R,DANNY HUTCHESON (I),500,8,349,143,0
Haralson,,CHIEF MAGISTRATE,,R,BRANDON HEATH (I),7669,295,4520,2849,5
Haralson,BREMEN,CHIEF MAGISTRATE,,R,BRANDON HEATH (I),2415,120,1228,1066,1
Haralson,BUCHANAN,CHIEF MAGISTRATE,,R,BRANDON HEATH (I),984,38,400,545,1
Haralson,BUNCOMBE,CHIEF MAGISTRATE,,R,BRANDON HEATH (I),382,10,320,50,2
Haralson,CORINTH,CHIEF MAGISTRATE,,R,BRANDON HEATH (I),638,23,403,212,0
Haralson,TWENTIETH,CHIEF MAGISTRATE,,R,BRANDON HEATH (I),315,8,241,66,0
Haralson,FELTON,CHIEF MAGISTRATE,,R,BRANDON HEATH (I),126,0,106,20,0
Haralson,LITTLE CREEK,CHIEF MAGISTRATE,,R,BRANDON HEATH (I),293,7,225,61,0
Haralson,MT VIEW,CHIEF MAGISTRATE,,R,BRANDON HEATH (I),142,1,126,15,0
Haralson,SEVENTH,CHIEF MAGISTRATE,,R,BRANDON HEATH (I),653,25,413,215,0
Haralson,BEREA-STEADMAN,CHIEF MAGISTRATE,,R,BRANDON HEATH (I),219,11,148,60,0
Haralson,TALLAPOOSA,CHIEF MAGISTRATE,,R,BRANDON HEATH (I),1102,45,635,421,1
Haralson,WACO,CHIEF MAGISTRATE,,R,BRANDON HEATH (I),400,7,275,118,0
Haralson,,CHIEF MAGISTRATE,,IND,STEVE STOVALL,2079,71,1262,745,1
Haralson,BREMEN,CHIEF MAGISTRATE,,IND,STEVE STOVALL,649,26,348,275,0
Haralson,BUCHANAN,CHIEF MAGISTRATE,,IND,STEVE STOVALL,211,11,96,104,0
Haralson,BUNCOMBE,CHIEF MAGISTRATE,,IND,STEVE STOVALL,106,1,78,26,1
Haralson,CORINTH,CHIEF MAGISTRATE,,IND,STEVE STOVALL,150,4,107,39,0
Haralson,TWENTIETH,CHIEF MAGISTRATE,,IND,STEVE STOVALL,63,2,41,20,0
Haralson,FELTON,CHIEF MAGISTRATE,,IND,STEVE STOVALL,26,0,22,4,0
Haralson,LITTLE CREEK,CHIEF MAGISTRATE,,IND,STEVE STOVALL,60,0,51,9,0
Haralson,MT VIEW,CHIEF MAGISTRATE,,IND,STEVE STOVALL,24,0,20,4,0
Haralson,SEVENTH,CHIEF MAGISTRATE,,IND,STEVE STOVALL,190,5,126,59,0
Haralson,BEREA-STEADMAN,CHIEF MAGISTRATE,,IND,STEVE STOVALL,78,3,53,22,0
Haralson,TALLAPOOSA,CHIEF MAGISTRATE,,IND,STEVE STOVALL,390,16,224,150,0
Haralson,WACO,CHIEF MAGISTRATE,,IND,STEVE STOVALL,132,3,96,33,0
Haralson,,CC CHAIRMAN,,R,ALLEN POOLE (I),8952,333,5300,3313,6
Haralson,BREMEN,CC CHAIRMAN,,R,ALLEN POOLE (I),2861,134,1479,1247,1
Haralson,BUCHANAN,CC CHAIRMAN,,R,ALLEN POOLE (I),1086,45,446,594,1
Haralson,BUNCOMBE,CC CHAIRMAN,,R,ALLEN POOLE (I),444,9,364,68,3
Haralson,CORINTH,CC CHAIRMAN,,R,ALLEN POOLE (I),739,25,467,247,0
Haralson,TWENTIETH,CC CHAIRMAN,,R,ALLEN POOLE (I),354,10,267,77,0
Haralson,FELTON,CC CHAIRMAN,,R,ALLEN POOLE (I),132,0,108,24,0
Haralson,LITTLE CREEK,CC CHAIRMAN,,R,ALLEN POOLE (I),313,7,240,66,0
Haralson,MT VIEW,CC CHAIRMAN,,R,ALLEN POOLE (I),162,0,142,20,0
Haralson,SEVENTH,CC CHAIRMAN,,R,ALLEN POOLE (I),760,26,496,238,0
Haralson,BEREA-STEADMAN,CC CHAIRMAN,,R,ALLEN POOLE (I),261,14,179,68,0
Haralson,TALLAPOOSA,CC CHAIRMAN,,R,ALLEN POOLE (I),1370,54,788,527,1
Haralson,WACO,CC CHAIRMAN,,R,ALLEN POOLE (I),470,9,324,137,0
Haralson,,CC D1,,R,KENNETH SMITH,2610,122,1360,1127,1
Haralson,BREMEN,CC D1,,R,KENNETH SMITH,2610,122,1360,1127,1
Haralson,,CC D3,,R,JOHN DOBBS,1450,46,826,578,0
Haralson,BREMEN,CC D3,,R,JOHN DOBBS,167,8,77,82,0
Haralson,BUCHANAN,CC D3,,R,JOHN DOBBS,590,22,258,310,0
Haralson,LITTLE CREEK,CC D3,,R,JOHN DOBBS,249,6,192,51,0
Haralson,BEREA-STEADMAN,CC D3,,R,JOHN DOBBS,188,5,128,55,0
Haralson,WACO,CC D3,,R,JOHN DOBBS,256,5,171,80,0
Haralson,,CC D3,,D,VANCE POSEY (I),1188,50,603,534,1
Haralson,BREMEN,CC D3,,D,VANCE POSEY (I),117,6,52,59,0
Haralson,BUCHANAN,CC D3,,D,VANCE POSEY (I),646,27,248,370,1
Haralson,LITTLE CREEK,CC D3,,D,VANCE POSEY (I),112,1,89,22,0
Haralson,BEREA-STEADMAN,CC D3,,D,VANCE POSEY (I),116,11,75,30,0
Haralson,WACO,CC D3,,D,VANCE POSEY (I),197,5,139,53,0
Haralson,,BOE D1,,R,GAIL RAY,1242,45,746,451,0
Haralson,LITTLE CREEK,BOE D1,,R,GAIL RAY,264,4,201,59,0
Haralson,BEREA-STEADMAN,BOE D1,,R,GAIL RAY,263,12,173,78,0
Haralson,TALLAPOOSA,BOE D1,,R,GAIL RAY,715,29,372,314,0
Haralson,,BOE D1,,D,ROBBIE JORDAN,335,11,231,93,0
Haralson,LITTLE CREEK,BOE D1,,D,ROBBIE JORDAN,99,3,83,13,0
Haralson,BEREA-STEADMAN,BOE D1,,D,ROBBIE JORDAN,46,1,35,10,0
Haralson,TALLAPOOSA,BOE D1,,D,ROBBIE JORDAN,190,7,113,70,0
Haralson,,BOE D4,,R,MARTHA G. SMITH (I),1428,49,828,551,0
Haralson,BREMEN,BOE D4,,R,MARTHA G. SMITH (I),137,9,56,72,0
Haralson,BUCHANAN,BOE D4,,R,MARTHA G. SMITH (I),385,16,175,194,0
Haralson,CORINTH,BOE D4,,R,MARTHA G. SMITH (I),543,16,356,171,0
Haralson,SEVENTH,BOE D4,,R,MARTHA G. SMITH (I),295,8,197,90,0
Haralson,WACO,BOE D4,,R,MARTHA G. SMITH (I),68,0,44,24,0
Haralson,,Constitutional Amendment #1<br>Shall the Constitution be amended to allow state or local approval of public charter schools upon the request of local communities?,,,YES,4391,185,2581,1624,1
Haralson,BREMEN,Constitutional Amendment #1<br>Shall the Constitution be amended to allow state or local approval of public charter schools upon the request of local communities?,,,YES,1181,70,616,495,0
Haralson,BUCHANAN,Constitutional Amendment #1<br>Shall the Constitution be amended to allow state or local approval of public charter schools upon the request of local communities?,,,YES,576,22,221,332,1
Haralson,BUNCOMBE,Constitutional Amendment #1<br>Shall the Constitution be amended to allow state or local approval of public charter schools upon the request of local communities?,,,YES,219,6,179,34,0
Haralson,CORINTH,Constitutional Amendment #1<br>Shall the Constitution be amended to allow state or local approval of public charter schools upon the request of local communities?,,,YES,421,16,273,132,0
Haralson,TWENTIETH,Constitutional Amendment #1<br>Shall the Constitution be amended to allow state or local approval of public charter schools upon the request of local communities?,,,YES,183,8,124,51,0
Haralson,FELTON,Constitutional Amendment #1<br>Shall the Constitution be amended to allow state or local approval of public charter schools upon the request of local communities?,,,YES,80,0,62,18,0
Haralson,LITTLE CREEK,Constitutional Amendment #1<br>Shall the Constitution be amended to allow state or local approval of public charter schools upon the request of local communities?,,,YES,157,3,112,42,0
Haralson,MT VIEW,Constitutional Amendment #1<br>Shall the Constitution be amended to allow state or local approval of public charter schools upon the request of local communities?,,,YES,83,1,72,10,0
Haralson,SEVENTH,Constitutional Amendment #1<br>Shall the Constitution be amended to allow state or local approval of public charter schools upon the request of local communities?,,,YES,433,19,279,135,0
Haralson,BEREA-STEADMAN,Constitutional Amendment #1<br>Shall the Constitution be amended to allow state or local approval of public charter schools upon the request of local communities?,,,YES,133,9,86,38,0
Haralson,TALLAPOOSA,Constitutional Amendment #1<br>Shall the Constitution be amended to allow state or local approval of public charter schools upon the request of local communities?,,,YES,663,27,374,262,0
Haralson,WACO,Constitutional Amendment #1<br>Shall the Constitution be amended to allow state or local approval of public charter schools upon the request of local communities?,,,YES,262,4,183,75,0
Haralson,,Constitutional Amendment #1<br>Shall the Constitution be amended to allow state or local approval of public charter schools upon the request of local communities?,,,NO,5616,189,3335,2088,4
Haralson,BREMEN,Constitutional Amendment #1<br>Shall the Constitution be amended to allow state or local approval of public charter schools upon the request of local communities?,,,NO,2000,76,1019,904,1
Haralson,BUCHANAN,Constitutional Amendment #1<br>Shall the Constitution be amended to allow state or local approval of public charter schools upon the request of local communities?,,,NO,634,29,281,324,0
Haralson,BUNCOMBE,Constitutional Amendment #1<br>Shall the Constitution be amended to allow state or local approval of public charter schools upon the request of local communities?,,,NO,276,3,224,47,2
Haralson,CORINTH,Constitutional Amendment #1<br>Shall the Constitution be amended to allow state or local approval of public charter schools upon the request of local communities?,,,NO,379,12,239,128,0
Haralson,TWENTIETH,Constitutional Amendment #1<br>Shall the Constitution be amended to allow state or local approval of public charter schools upon the request of local communities?,,,NO,211,2,167,42,0
Haralson,FELTON,Constitutional Amendment #1<br>Shall the Constitution be amended to allow state or local approval of public charter schools upon the request of local communities?,,,NO,73,0,66,7,0
Haralson,LITTLE CREEK,Constitutional Amendment #1<br>Shall the Constitution be amended to allow state or local approval of public charter schools upon the request of local communities?,,,NO,197,4,167,26,0
Haralson,MT VIEW,Constitutional Amendment #1<br>Shall the Constitution be amended to allow state or local approval of public charter schools upon the request of local communities?,,,NO,89,0,76,13,0
Haralson,SEVENTH,Constitutional Amendment #1<br>Shall the Constitution be amended to allow state or local approval of public charter schools upon the request of local communities?,,,NO,441,16,273,152,0
Haralson,BEREA-STEADMAN,Constitutional Amendment #1<br>Shall the Constitution be amended to allow state or local approval of public charter schools upon the request of local communities?,,,NO,167,7,113,47,0
Haralson,TALLAPOOSA,Constitutional Amendment #1<br>Shall the Constitution be amended to allow state or local approval of public charter schools upon the request of local communities?,,,NO,871,32,515,323,1
Haralson,WACO,Constitutional Amendment #1<br>Shall the Constitution be amended to allow state or local approval of public charter schools upon the request of local communities?,,,NO,278,8,195,75,0
Haralson,,Constitutional Amendment #2<br>Shall the Constitution be amended so as to provide for a reduction in the state's operating costs by allowing the General Assembly to authorize certain state agencies to enter into multiyear rental agreements?,,,YES,5133,227,2963,1940,3
Haralson,BREMEN,Constitutional Amendment #2<br>Shall the Constitution be amended so as to provide for a reduction in the state's operating costs by allowing the General Assembly to authorize certain state agencies to enter into multiyear rental agreements?,,,YES,1678,93,859,726,0
Haralson,BUCHANAN,Constitutional Amendment #2<br>Shall the Constitution be amended so as to provide for a reduction in the state's operating costs by allowing the General Assembly to authorize certain state agencies to enter into multiyear rental agreements?,,,YES,625,25,267,332,1
Haralson,BUNCOMBE,Constitutional Amendment #2<br>Shall the Constitution be amended so as to provide for a reduction in the state's operating costs by allowing the General Assembly to authorize certain state agencies to enter into multiyear rental agreements?,,,YES,247,6,198,41,2
Haralson,CORINTH,Constitutional Amendment #2<br>Shall the Constitution be amended so as to provide for a reduction in the state's operating costs by allowing the General Assembly to authorize certain state agencies to enter into multiyear rental agreements?,,,YES,422,18,256,148,0
Haralson,TWENTIETH,Constitutional Amendment #2<br>Shall the Constitution be amended so as to provide for a reduction in the state's operating costs by allowing the General Assembly to authorize certain state agencies to enter into multiyear rental agreements?,,,YES,206,9,146,51,0
Haralson,FELTON,Constitutional Amendment #2<br>Shall the Constitution be amended so as to provide for a reduction in the state's operating costs by allowing the General Assembly to authorize certain state agencies to enter into multiyear rental agreements?,,,YES,74,0,58,16,0
Haralson,LITTLE CREEK,Constitutional Amendment #2<br>Shall the Constitution be amended so as to provide for a reduction in the state's operating costs by allowing the General Assembly to authorize certain state agencies to enter into multiyear rental agreements?,,,YES,177,3,134,40,0
Haralson,MT VIEW,Constitutional Amendment #2<br>Shall the Constitution be amended so as to provide for a reduction in the state's operating costs by allowing the General Assembly to authorize certain state agencies to enter into multiyear rental agreements?,,,YES,71,1,62,8,0
Haralson,SEVENTH,Constitutional Amendment #2<br>Shall the Constitution be amended so as to provide for a reduction in the state's operating costs by allowing the General Assembly to authorize certain state agencies to enter into multiyear rental agreements?,,,YES,444,20,272,152,0
Haralson,BEREA-STEADMAN,Constitutional Amendment #2<br>Shall the Constitution be amended so as to provide for a reduction in the state's operating costs by allowing the General Assembly to authorize certain state agencies to enter into multiyear rental agreements?,,,YES,131,9,89,33,0
Haralson,TALLAPOOSA,Constitutional Amendment #2<br>Shall the Constitution be amended so as to provide for a reduction in the state's operating costs by allowing the General Assembly to authorize certain state agencies to enter into multiyear rental agreements?,,,YES,772,36,428,308,0
Haralson,WACO,Constitutional Amendment #2<br>Shall the Constitution be amended so as to provide for a reduction in the state's operating costs by allowing the General Assembly to authorize certain state agencies to enter into multiyear rental agreements?,,,YES,286,7,194,85,0
Haralson,,Constitutional Amendment #2<br>Shall the Constitution be amended so as to provide for a reduction in the state's operating costs by allowing the General Assembly to authorize certain state agencies to enter into multiyear rental agreements?,,,NO,4435,138,2703,1592,2
Haralson,BREMEN,Constitutional Amendment #2<br>Shall the Constitution be amended so as to provide for a reduction in the state's operating costs by allowing the General Assembly to authorize certain state agencies to enter into multiyear rental agreements?,,,NO,1358,50,711,596,1
Haralson,BUCHANAN,Constitutional Amendment #2<br>Shall the Constitution be amended so as to provide for a reduction in the state's operating costs by allowing the General Assembly to authorize certain state agencies to enter into multiyear rental agreements?,,,NO,546,25,219,302,0
Haralson,BUNCOMBE,Constitutional Amendment #2<br>Shall the Constitution be amended so as to provide for a reduction in the state's operating costs by allowing the General Assembly to authorize certain state agencies to enter into multiyear rental agreements?,,,NO,227,2,189,36,0
Haralson,CORINTH,Constitutional Amendment #2<br>Shall the Constitution be amended so as to provide for a reduction in the state's operating costs by allowing the General Assembly to authorize certain state agencies to enter into multiyear rental agreements?,,,NO,337,10,229,98,0
Haralson,TWENTIETH,Constitutional Amendment #2<br>Shall the Constitution be amended so as to provide for a reduction in the state's operating costs by allowing the General Assembly to authorize certain state agencies to enter into multiyear rental agreements?,,,NO,163,1,128,34,0
Haralson,FELTON,Constitutional Amendment #2<br>Shall the Constitution be amended so as to provide for a reduction in the state's operating costs by allowing the General Assembly to authorize certain state agencies to enter into multiyear rental agreements?,,,NO,71,0,65,6,0
Haralson,LITTLE CREEK,Constitutional Amendment #2<br>Shall the Constitution be amended so as to provide for a reduction in the state's operating costs by allowing the General Assembly to authorize certain state agencies to enter into multiyear rental agreements?,,,NO,169,2,142,25,0
Haralson,MT VIEW,Constitutional Amendment #2<br>Shall the Constitution be amended so as to provide for a reduction in the state's operating costs by allowing the General Assembly to authorize certain state agencies to enter into multiyear rental agreements?,,,NO,98,0,84,14,0
Haralson,SEVENTH,Constitutional Amendment #2<br>Shall the Constitution be amended so as to provide for a reduction in the state's operating costs by allowing the General Assembly to authorize certain state agencies to enter into multiyear rental agreements?,,,NO,403,15,262,126,0
Haralson,BEREA-STEADMAN,Constitutional Amendment #2<br>Shall the Constitution be amended so as to provide for a reduction in the state's operating costs by allowing the General Assembly to authorize certain state agencies to enter into multiyear rental agreements?,,,NO,149,6,93,50,0
Haralson,TALLAPOOSA,Constitutional Amendment #2<br>Shall the Constitution be amended so as to provide for a reduction in the state's operating costs by allowing the General Assembly to authorize certain state agencies to enter into multiyear rental agreements?,,,NO,685,22,415,247,1
Haralson,WACO,Constitutional Amendment #2<br>Shall the Constitution be amended so as to provide for a reduction in the state's operating costs by allowing the General Assembly to authorize certain state agencies to enter into multiyear rental agreements?,,,NO,229,5,166,58,0
