county,precinct,office,district,party,candidate,votes,absentee_by_mail,election_day,advance_in_person,provisional
Forsyth,,President of the United States,,R,MITT ROMNEY,65908,2547,25536,37797,28
Forsyth,01 Big Creek,President of the United States,,R,MITT ROMNEY,4021,185,1437,2399,0
Forsyth,02 Brandywine,President of the United States,,R,MITT ROMNEY,1555,62,957,534,2
Forsyth,03 Browns Bridge,President of the United States,,R,MITT ROMNEY,3544,144,1392,2006,2
Forsyth,04 Chestatee,President of the United States,,R,MITT ROMNEY,2771,91,1189,1489,2
Forsyth,05 Coal Mountain,President of the United States,,R,MITT ROMNEY,2237,69,834,1333,1
Forsyth,06 Crossroads,President of the United States,,R,MITT ROMNEY,1932,51,609,1271,1
Forsyth,07 Cumming,President of the United States,,R,MITT ROMNEY,1209,91,266,852,0
Forsyth,08 Mashburn,President of the United States,,R,MITT ROMNEY,2843,118,955,1768,2
Forsyth,09 Matt,President of the United States,,R,MITT ROMNEY,2735,73,1063,1598,1
Forsyth,10 Midway,President of the United States,,R,MITT ROMNEY,5847,163,1942,3739,3
Forsyth,11 Sawnee,President of the United States,,R,MITT ROMNEY,2332,73,831,1428,0
Forsyth,12 Pleasant Grove,President of the United States,,R,MITT ROMNEY,893,50,514,329,0
Forsyth,15 Heardsville,President of the United States,,R,MITT ROMNEY,1843,47,799,996,1
Forsyth,16 Otwell,President of the United States,,R,MITT ROMNEY,3643,150,1229,2263,1
Forsyth,17 Johns Creek,President of the United States,,R,MITT ROMNEY,2301,142,929,1228,2
Forsyth,19 Old Atlanta,President of the United States,,R,MITT ROMNEY,2897,145,1300,1452,0
Forsyth,20 Piney Grove,President of the United States,,R,MITT ROMNEY,1519,54,650,814,1
Forsyth,21 South Forsyth,President of the United States,,R,MITT ROMNEY,2915,134,878,1903,0
Forsyth,22 Vickery,President of the United States,,R,MITT ROMNEY,2521,121,829,1570,1
Forsyth,24 Sharon Forks,President of the United States,,R,MITT ROMNEY,2878,117,1017,1744,0
Forsyth,25 Windermere,President of the United States,,R,MITT ROMNEY,4470,178,1860,2430,2
Forsyth,27 Concord,President of the United States,,R,MITT ROMNEY,3092,99,1270,1722,1
Forsyth,29 Polo,President of the United States,,R,MITT ROMNEY,3114,131,1214,1765,4
Forsyth,30 Riverclub,President of the United States,,R,MITT ROMNEY,1282,29,739,514,0
Forsyth,33 Keith Bridge,President of the United States,,R,MITT ROMNEY,1514,30,833,650,1
Forsyth,,President of the United States,,(D,BARACK OBAMA (I),14571,616,6907,7036,12
Forsyth,01 Big Creek,President of the United States,,(D,BARACK OBAMA (I),1148,54,542,551,1
Forsyth,02 Brandywine,President of the United States,,(D,BARACK OBAMA (I),947,31,596,318,2
Forsyth,03 Browns Bridge,President of the United States,,(D,BARACK OBAMA (I),639,29,282,328,0
Forsyth,04 Chestatee,President of the United States,,(D,BARACK OBAMA (I),428,16,214,198,0
Forsyth,05 Coal Mountain,President of the United States,,(D,BARACK OBAMA (I),361,11,177,173,0
Forsyth,06 Crossroads,President of the United States,,(D,BARACK OBAMA (I),279,5,127,147,0
Forsyth,07 Cumming,President of the United States,,(D,BARACK OBAMA (I),318,26,113,179,0
Forsyth,08 Mashburn,President of the United States,,(D,BARACK OBAMA (I),556,26,231,299,0
Forsyth,09 Matt,President of the United States,,(D,BARACK OBAMA (I),411,20,182,209,0
Forsyth,10 Midway,President of the United States,,(D,BARACK OBAMA (I),1383,43,529,808,3
Forsyth,11 Sawnee,President of the United States,,(D,BARACK OBAMA (I),453,19,214,220,0
Forsyth,12 Pleasant Grove,President of the United States,,(D,BARACK OBAMA (I),117,2,86,29,0
Forsyth,15 Heardsville,President of the United States,,(D,BARACK OBAMA (I),260,11,124,125,0
Forsyth,16 Otwell,President of the United States,,(D,BARACK OBAMA (I),844,33,366,444,1
Forsyth,17 Johns Creek,President of the United States,,(D,BARACK OBAMA (I),704,35,321,348,0
Forsyth,19 Old Atlanta,President of the United States,,(D,BARACK OBAMA (I),702,46,364,292,0
Forsyth,20 Piney Grove,President of the United States,,(D,BARACK OBAMA (I),589,17,278,292,2
Forsyth,21 South Forsyth,President of the United States,,(D,BARACK OBAMA (I),594,21,267,305,1
Forsyth,22 Vickery,President of the United States,,(D,BARACK OBAMA (I),429,28,185,216,0
Forsyth,24 Sharon Forks,President of the United States,,(D,BARACK OBAMA (I),677,20,323,334,0
Forsyth,25 Windermere,President of the United States,,(D,BARACK OBAMA (I),1057,45,511,501,0
Forsyth,27 Concord,President of the United States,,(D,BARACK OBAMA (I),456,20,250,184,2
Forsyth,29 Polo,President of the United States,,(D,BARACK OBAMA (I),759,35,344,380,0
Forsyth,30 Riverclub,President of the United States,,(D,BARACK OBAMA (I),257,8,166,83,0
Forsyth,33 Keith Bridge,President of the United States,,(D,BARACK OBAMA (I),203,15,115,73,0
Forsyth,,President of the United States,,L,GARY JOHNSON,1203,47,758,398,0
Forsyth,01 Big Creek,President of the United States,,L,GARY JOHNSON,73,3,46,24,0
Forsyth,02 Brandywine,President of the United States,,L,GARY JOHNSON,49,3,39,7,0
Forsyth,03 Browns Bridge,President of the United States,,L,GARY JOHNSON,79,2,52,25,0
Forsyth,04 Chestatee,President of the United States,,L,GARY JOHNSON,65,0,40,25,0
Forsyth,05 Coal Mountain,President of the United States,,L,GARY JOHNSON,29,0,19,10,0
Forsyth,06 Crossroads,President of the United States,,L,GARY JOHNSON,28,0,17,11,0
Forsyth,07 Cumming,President of the United States,,L,GARY JOHNSON,17,0,7,10,0
Forsyth,08 Mashburn,President of the United States,,L,GARY JOHNSON,42,1,28,13,0
Forsyth,09 Matt,President of the United States,,L,GARY JOHNSON,47,3,27,17,0
Forsyth,10 Midway,President of the United States,,L,GARY JOHNSON,109,4,72,33,0
Forsyth,11 Sawnee,President of the United States,,L,GARY JOHNSON,46,2,26,18,0
Forsyth,12 Pleasant Grove,President of the United States,,L,GARY JOHNSON,12,0,8,4,0
Forsyth,15 Heardsville,President of the United States,,L,GARY JOHNSON,39,1,26,12,0
Forsyth,16 Otwell,President of the United States,,L,GARY JOHNSON,91,4,54,33,0
Forsyth,17 Johns Creek,President of the United States,,L,GARY JOHNSON,41,9,23,9,0
Forsyth,19 Old Atlanta,President of the United States,,L,GARY JOHNSON,36,3,23,10,0
Forsyth,20 Piney Grove,President of the United States,,L,GARY JOHNSON,22,0,15,7,0
Forsyth,21 South Forsyth,President of the United States,,L,GARY JOHNSON,40,3,18,19,0
Forsyth,22 Vickery,President of the United States,,L,GARY JOHNSON,64,4,35,25,0
Forsyth,24 Sharon Forks,President of the United States,,L,GARY JOHNSON,48,0,31,17,0
Forsyth,25 Windermere,President of the United States,,L,GARY JOHNSON,59,3,38,18,0
Forsyth,27 Concord,President of the United States,,L,GARY JOHNSON,58,0,35,23,0
Forsyth,29 Polo,President of the United States,,L,GARY JOHNSON,49,1,34,14,0
Forsyth,30 Riverclub,President of the United States,,L,GARY JOHNSON,19,1,14,4,0
Forsyth,33 Keith Bridge,President of the United States,,L,GARY JOHNSON,41,0,31,10,0
Forsyth,,"Public Service Commission, District 3",3,R,CHUCK EATON (I),58910,2276,22745,33868,21
Forsyth,01 Big Creek,"Public Service Commission, District 3",3,R,CHUCK EATON (I),3667,168,1323,2176,0
Forsyth,02 Brandywine,"Public Service Commission, District 3",3,R,CHUCK EATON (I),1387,50,845,490,2
Forsyth,03 Browns Bridge,"Public Service Commission, District 3",3,R,CHUCK EATON (I),3057,129,1202,1725,1
Forsyth,04 Chestatee,"Public Service Commission, District 3",3,R,CHUCK EATON (I),2398,83,1002,1312,1
Forsyth,05 Coal Mountain,"Public Service Commission, District 3",3,R,CHUCK EATON (I),1992,59,748,1185,0
Forsyth,06 Crossroads,"Public Service Commission, District 3",3,R,CHUCK EATON (I),1725,45,544,1135,1
Forsyth,07 Cumming,"Public Service Commission, District 3",3,R,CHUCK EATON (I),1045,74,238,733,0
Forsyth,08 Mashburn,"Public Service Commission, District 3",3,R,CHUCK EATON (I),2502,107,843,1550,2
Forsyth,09 Matt,"Public Service Commission, District 3",3,R,CHUCK EATON (I),2434,69,956,1408,1
Forsyth,10 Midway,"Public Service Commission, District 3",3,R,CHUCK EATON (I),5308,142,1746,3415,5
Forsyth,11 Sawnee,"Public Service Commission, District 3",3,R,CHUCK EATON (I),2070,69,747,1254,0
Forsyth,12 Pleasant Grove,"Public Service Commission, District 3",3,R,CHUCK EATON (I),777,46,447,284,0
Forsyth,15 Heardsville,"Public Service Commission, District 3",3,R,CHUCK EATON (I),1595,42,691,861,1
Forsyth,16 Otwell,"Public Service Commission, District 3",3,R,CHUCK EATON (I),3197,133,1087,1976,1
Forsyth,17 Johns Creek,"Public Service Commission, District 3",3,R,CHUCK EATON (I),2089,126,829,1133,1
Forsyth,19 Old Atlanta,"Public Service Commission, District 3",3,R,CHUCK EATON (I),2660,130,1182,1348,0
Forsyth,20 Piney Grove,"Public Service Commission, District 3",3,R,CHUCK EATON (I),1373,48,578,746,1
Forsyth,21 South Forsyth,"Public Service Commission, District 3",3,R,CHUCK EATON (I),2685,121,796,1768,0
Forsyth,22 Vickery,"Public Service Commission, District 3",3,R,CHUCK EATON (I),2235,110,741,1384,0
Forsyth,24 Sharon Forks,"Public Service Commission, District 3",3,R,CHUCK EATON (I),2624,102,915,1607,0
Forsyth,25 Windermere,"Public Service Commission, District 3",3,R,CHUCK EATON (I),4042,164,1686,2192,0
Forsyth,27 Concord,"Public Service Commission, District 3",3,R,CHUCK EATON (I),2763,87,1134,1541,1
Forsyth,29 Polo,"Public Service Commission, District 3",3,R,CHUCK EATON (I),2818,118,1085,1613,2
Forsyth,30 Riverclub,"Public Service Commission, District 3",3,R,CHUCK EATON (I),1151,25,664,462,0
Forsyth,33 Keith Bridge,"Public Service Commission, District 3",3,R,CHUCK EATON (I),1316,29,716,570,1
Forsyth,,"Public Service Commission, District 3",3,D,STEPHEN OPPENHEIMER,12321,502,5705,6103,11
Forsyth,01 Big Creek,"Public Service Commission, District 3",3,D,STEPHEN OPPENHEIMER,936,50,429,456,1
Forsyth,02 Brandywine,"Public Service Commission, District 3",3,D,STEPHEN OPPENHEIMER,847,26,530,289,2
Forsyth,03 Browns Bridge,"Public Service Commission, District 3",3,D,STEPHEN OPPENHEIMER,598,21,270,307,0
Forsyth,04 Chestatee,"Public Service Commission, District 3",3,D,STEPHEN OPPENHEIMER,398,12,199,187,0
Forsyth,05 Coal Mountain,"Public Service Commission, District 3",3,D,STEPHEN OPPENHEIMER,308,10,135,162,1
Forsyth,06 Crossroads,"Public Service Commission, District 3",3,D,STEPHEN OPPENHEIMER,228,3,92,133,0
Forsyth,07 Cumming,"Public Service Commission, District 3",3,D,STEPHEN OPPENHEIMER,265,18,86,161,0
Forsyth,08 Mashburn,"Public Service Commission, District 3",3,D,STEPHEN OPPENHEIMER,463,19,189,255,0
Forsyth,09 Matt,"Public Service Commission, District 3",3,D,STEPHEN OPPENHEIMER,320,16,139,165,0
Forsyth,10 Midway,"Public Service Commission, District 3",3,D,STEPHEN OPPENHEIMER,1143,34,429,679,1
Forsyth,11 Sawnee,"Public Service Commission, District 3",3,D,STEPHEN OPPENHEIMER,393,13,179,201,0
Forsyth,12 Pleasant Grove,"Public Service Commission, District 3",3,D,STEPHEN OPPENHEIMER,100,2,65,33,0
Forsyth,15 Heardsville,"Public Service Commission, District 3",3,D,STEPHEN OPPENHEIMER,229,8,106,115,0
Forsyth,16 Otwell,"Public Service Commission, District 3",3,D,STEPHEN OPPENHEIMER,717,29,298,389,1
Forsyth,17 Johns Creek,"Public Service Commission, District 3",3,D,STEPHEN OPPENHEIMER,575,28,251,296,0
Forsyth,19 Old Atlanta,"Public Service Commission, District 3",3,D,STEPHEN OPPENHEIMER,605,41,300,264,0
Forsyth,20 Piney Grove,"Public Service Commission, District 3",3,D,STEPHEN OPPENHEIMER,506,14,243,247,2
Forsyth,21 South Forsyth,"Public Service Commission, District 3",3,D,STEPHEN OPPENHEIMER,484,17,206,260,1
Forsyth,22 Vickery,"Public Service Commission, District 3",3,D,STEPHEN OPPENHEIMER,376,22,160,194,0
Forsyth,24 Sharon Forks,"Public Service Commission, District 3",3,D,STEPHEN OPPENHEIMER,552,15,266,271,0
Forsyth,25 Windermere,"Public Service Commission, District 3",3,D,STEPHEN OPPENHEIMER,846,35,398,412,1
Forsyth,27 Concord,"Public Service Commission, District 3",3,D,STEPHEN OPPENHEIMER,391,21,213,156,1
Forsyth,29 Polo,"Public Service Commission, District 3",3,D,STEPHEN OPPENHEIMER,629,34,281,314,0
Forsyth,30 Riverclub,"Public Service Commission, District 3",3,D,STEPHEN OPPENHEIMER,219,5,131,83,0
Forsyth,33 Keith Bridge,"Public Service Commission, District 3",3,D,STEPHEN OPPENHEIMER,193,9,110,74,0
Forsyth,,"Public Service Commission, District 3",3,L,BRAD PLOEGER,5705,208,2687,2803,7
Forsyth,01 Big Creek,"Public Service Commission, District 3",3,L,BRAD PLOEGER,327,11,143,173,0
Forsyth,02 Brandywine,"Public Service Commission, District 3",3,L,BRAD PLOEGER,163,9,115,39,0
Forsyth,03 Browns Bridge,"Public Service Commission, District 3",3,L,BRAD PLOEGER,371,15,175,180,1
Forsyth,04 Chestatee,"Public Service Commission, District 3",3,L,BRAD PLOEGER,280,6,148,125,1
Forsyth,05 Coal Mountain,"Public Service Commission, District 3",3,L,BRAD PLOEGER,170,7,80,83,0
Forsyth,06 Crossroads,"Public Service Commission, District 3",3,L,BRAD PLOEGER,134,3,69,62,0
Forsyth,07 Cumming,"Public Service Commission, District 3",3,L,BRAD PLOEGER,108,4,40,64,0
Forsyth,08 Mashburn,"Public Service Commission, District 3",3,L,BRAD PLOEGER,281,9,111,161,0
Forsyth,09 Matt,"Public Service Commission, District 3",3,L,BRAD PLOEGER,239,6,99,134,0
Forsyth,10 Midway,"Public Service Commission, District 3",3,L,BRAD PLOEGER,481,13,207,261,0
Forsyth,11 Sawnee,"Public Service Commission, District 3",3,L,BRAD PLOEGER,215,8,81,126,0
Forsyth,12 Pleasant Grove,"Public Service Commission, District 3",3,L,BRAD PLOEGER,83,2,51,30,0
Forsyth,15 Heardsville,"Public Service Commission, District 3",3,L,BRAD PLOEGER,187,5,94,88,0
Forsyth,16 Otwell,"Public Service Commission, District 3",3,L,BRAD PLOEGER,373,12,164,197,0
Forsyth,17 Johns Creek,"Public Service Commission, District 3",3,L,BRAD PLOEGER,177,17,83,76,1
Forsyth,19 Old Atlanta,"Public Service Commission, District 3",3,L,BRAD PLOEGER,197,14,90,93,0
Forsyth,20 Piney Grove,"Public Service Commission, District 3",3,L,BRAD PLOEGER,106,3,55,48,0
Forsyth,21 South Forsyth,"Public Service Commission, District 3",3,L,BRAD PLOEGER,199,8,84,107,0
Forsyth,22 Vickery,"Public Service Commission, District 3",3,L,BRAD PLOEGER,262,11,102,149,0
Forsyth,24 Sharon Forks,"Public Service Commission, District 3",3,L,BRAD PLOEGER,246,8,115,123,0
Forsyth,25 Windermere,"Public Service Commission, District 3",3,L,BRAD PLOEGER,356,11,176,168,1
Forsyth,27 Concord,"Public Service Commission, District 3",3,L,BRAD PLOEGER,229,7,114,107,1
Forsyth,29 Polo,"Public Service Commission, District 3",3,L,BRAD PLOEGER,272,12,133,125,2
Forsyth,30 Riverclub,"Public Service Commission, District 3",3,L,BRAD PLOEGER,99,5,63,31,0
Forsyth,33 Keith Bridge,"Public Service Commission, District 3",3,L,BRAD PLOEGER,150,2,95,53,0
Forsyth,,"Public Service Commission, District 5",5,(R,STAN WISE (I),60971,2345,23738,34868,20
Forsyth,01 Big Creek,"Public Service Commission, District 5",5,(R,STAN WISE (I),3881,173,1418,2290,0
Forsyth,02 Brandywine,"Public Service Commission, District 5",5,(R,STAN WISE (I),1534,52,940,540,2
Forsyth,03 Browns Bridge,"Public Service Commission, District 5",5,(R,STAN WISE (I),3154,133,1247,1772,2
Forsyth,04 Chestatee,"Public Service Commission, District 5",5,(R,STAN WISE (I),2449,85,1028,1335,1
Forsyth,05 Coal Mountain,"Public Service Commission, District 5",5,(R,STAN WISE (I),2060,61,786,1213,0
Forsyth,06 Crossroads,"Public Service Commission, District 5",5,(R,STAN WISE (I),1747,47,548,1151,1
Forsyth,07 Cumming,"Public Service Commission, District 5",5,(R,STAN WISE (I),1108,78,254,776,0
Forsyth,08 Mashburn,"Public Service Commission, District 5",5,(R,STAN WISE (I),2538,109,838,1589,2
Forsyth,09 Matt,"Public Service Commission, District 5",5,(R,STAN WISE (I),2476,73,976,1426,1
Forsyth,10 Midway,"Public Service Commission, District 5",5,(R,STAN WISE (I),5507,148,1819,3535,5
Forsyth,11 Sawnee,"Public Service Commission, District 5",5,(R,STAN WISE (I),2155,74,782,1299,0
Forsyth,12 Pleasant Grove,"Public Service Commission, District 5",5,(R,STAN WISE (I),777,46,450,281,0
Forsyth,15 Heardsville,"Public Service Commission, District 5",5,(R,STAN WISE (I),1618,41,704,872,1
Forsyth,16 Otwell,"Public Service Commission, District 5",5,(R,STAN WISE (I),3299,143,1131,2025,0
Forsyth,17 Johns Creek,"Public Service Commission, District 5",5,(R,STAN WISE (I),2211,130,911,1170,0
Forsyth,19 Old Atlanta,"Public Service Commission, District 5",5,(R,STAN WISE (I),2745,137,1230,1378,0
Forsyth,20 Piney Grove,"Public Service Commission, District 5",5,(R,STAN WISE (I),1488,53,630,804,1
Forsyth,21 South Forsyth,"Public Service Commission, District 5",5,(R,STAN WISE (I),2779,121,837,1821,0
Forsyth,22 Vickery,"Public Service Commission, District 5",5,(R,STAN WISE (I),2281,105,758,1418,0
Forsyth,24 Sharon Forks,"Public Service Commission, District 5",5,(R,STAN WISE (I),2706,106,962,1638,0
Forsyth,25 Windermere,"Public Service Commission, District 5",5,(R,STAN WISE (I),4215,165,1773,2277,0
Forsyth,27 Concord,"Public Service Commission, District 5",5,(R,STAN WISE (I),2811,89,1159,1562,1
Forsyth,29 Polo,"Public Service Commission, District 5",5,(R,STAN WISE (I),2912,121,1128,1661,2
Forsyth,30 Riverclub,"Public Service Commission, District 5",5,(R,STAN WISE (I),1191,26,699,466,0
Forsyth,33 Keith Bridge,"Public Service Commission, District 5",5,(R,STAN WISE (I),1329,29,730,569,1
Forsyth,,"Public Service Commission, District 5",5,L,DAVID STAPLES,13942,497,6578,6850,17
Forsyth,01 Big Creek,"Public Service Commission, District 5",5,L,DAVID STAPLES,893,37,425,430,1
Forsyth,02 Brandywine,"Public Service Commission, District 5",5,L,DAVID STAPLES,690,21,450,218,1
Forsyth,03 Browns Bridge,"Public Service Commission, District 5",5,L,DAVID STAPLES,814,30,369,415,0
Forsyth,04 Chestatee,"Public Service Commission, District 5",5,L,DAVID STAPLES,581,16,295,269,1
Forsyth,05 Coal Mountain,"Public Service Commission, District 5",5,L,DAVID STAPLES,368,12,158,197,1
Forsyth,06 Crossroads,"Public Service Commission, District 5",5,L,DAVID STAPLES,319,4,143,172,0
Forsyth,07 Cumming,"Public Service Commission, District 5",5,L,DAVID STAPLES,283,15,105,163,0
Forsyth,08 Mashburn,"Public Service Commission, District 5",5,L,DAVID STAPLES,617,17,274,326,0
Forsyth,09 Matt,"Public Service Commission, District 5",5,L,DAVID STAPLES,507,17,214,276,0
Forsyth,10 Midway,"Public Service Commission, District 5",5,L,DAVID STAPLES,1188,31,470,686,1
Forsyth,11 Sawnee,"Public Service Commission, District 5",5,L,DAVID STAPLES,476,15,199,262,0
Forsyth,12 Pleasant Grove,"Public Service Commission, District 5",5,L,DAVID STAPLES,163,3,103,57,0
Forsyth,15 Heardsville,"Public Service Commission, District 5",5,L,DAVID STAPLES,375,13,181,181,0
Forsyth,16 Otwell,"Public Service Commission, District 5",5,L,DAVID STAPLES,885,24,386,474,1
Forsyth,17 Johns Creek,"Public Service Commission, District 5",5,L,DAVID STAPLES,512,29,233,248,2
Forsyth,19 Old Atlanta,"Public Service Commission, District 5",5,L,DAVID STAPLES,594,39,299,256,0
Forsyth,20 Piney Grove,"Public Service Commission, District 5",5,L,DAVID STAPLES,401,8,204,187,2
Forsyth,21 South Forsyth,"Public Service Commission, District 5",5,L,DAVID STAPLES,491,13,217,260,1
Forsyth,22 Vickery,"Public Service Commission, District 5",5,L,DAVID STAPLES,518,26,222,270,0
Forsyth,24 Sharon Forks,"Public Service Commission, District 5",5,L,DAVID STAPLES,593,14,275,304,0
Forsyth,25 Windermere,"Public Service Commission, District 5",5,L,DAVID STAPLES,896,39,426,429,2
Forsyth,27 Concord,"Public Service Commission, District 5",5,L,DAVID STAPLES,535,22,283,228,2
Forsyth,29 Polo,"Public Service Commission, District 5",5,L,DAVID STAPLES,691,35,319,335,2
Forsyth,30 Riverclub,"Public Service Commission, District 5",5,L,DAVID STAPLES,237,7,142,88,0
Forsyth,33 Keith Bridge,"Public Service Commission, District 5",5,L,DAVID STAPLES,315,10,186,119,0
Forsyth,,U.S. Representative,7,(R,ROB WOODALL (I),45125,1856,17076,26172,21
Forsyth,01 Big Creek,U.S. Representative,7,(R,ROB WOODALL (I),3931,173,1435,2323,0
Forsyth,02 Brandywine,U.S. Representative,7,(R,ROB WOODALL (I),1522,57,933,530,2
Forsyth,03 Browns Bridge,U.S. Representative,7,(R,ROB WOODALL (I),1952,74,780,1096,2
Forsyth,07 Cumming,U.S. Representative,7,(R,ROB WOODALL (I),1152,90,268,794,0
Forsyth,08 Mashburn,U.S. Representative,7,(R,ROB WOODALL (I),2746,117,919,1708,2
Forsyth,10 Midway,U.S. Representative,7,(R,ROB WOODALL (I),5735,153,1904,3673,5
Forsyth,11 Sawnee,U.S. Representative,7,(R,ROB WOODALL (I),1212,37,422,753,0
Forsyth,16 Otwell,U.S. Representative,7,(R,ROB WOODALL (I),3420,140,1172,2107,1
Forsyth,17 Johns Creek,U.S. Representative,7,(R,ROB WOODALL (I),2268,138,923,1206,1
Forsyth,19 Old Atlanta,U.S. Representative,7,(R,ROB WOODALL (I),2858,146,1266,1446,0
Forsyth,20 Piney Grove,U.S. Representative,7,(R,ROB WOODALL (I),1485,51,622,810,2
Forsyth,21 South Forsyth,U.S. Representative,7,(R,ROB WOODALL (I),2886,130,870,1885,1
Forsyth,22 Vickery,U.S. Representative,7,(R,ROB WOODALL (I),2456,115,810,1531,0
Forsyth,24 Sharon Forks,U.S. Representative,7,(R,ROB WOODALL (I),2827,106,1001,1720,0
Forsyth,25 Windermere,U.S. Representative,7,(R,ROB WOODALL (I),4347,173,1822,2351,1
Forsyth,29 Polo,U.S. Representative,7,(R,ROB WOODALL (I),3060,127,1195,1734,4
Forsyth,30 Riverclub,U.S. Representative,7,(R,ROB WOODALL (I),1268,29,734,505,0
Forsyth,,U.S. Representative,7,D,STEVE REILLY,10906,469,5097,5335,5
Forsyth,01 Big Creek,U.S. Representative,7,D,STEVE REILLY,1070,58,498,514,0
Forsyth,02 Brandywine,U.S. Representative,7,D,STEVE REILLY,896,28,570,296,2
Forsyth,03 Browns Bridge,U.S. Representative,7,D,STEVE REILLY,469,17,218,234,0
Forsyth,07 Cumming,U.S. Representative,7,D,STEVE REILLY,306,22,103,181,0
Forsyth,08 Mashburn,U.S. Representative,7,D,STEVE REILLY,542,22,230,290,0
Forsyth,10 Midway,U.S. Representative,7,D,STEVE REILLY,1246,37,490,718,1
Forsyth,11 Sawnee,U.S. Representative,7,D,STEVE REILLY,304,11,129,164,0
Forsyth,16 Otwell,U.S. Representative,7,D,STEVE REILLY,796,35,336,424,1
Forsyth,17 Johns Creek,U.S. Representative,7,D,STEVE REILLY,626,35,273,318,0
Forsyth,19 Old Atlanta,U.S. Representative,7,D,STEVE REILLY,656,43,344,269,0
Forsyth,20 Piney Grove,U.S. Representative,7,D,STEVE REILLY,534,14,263,256,1
Forsyth,21 South Forsyth,U.S. Representative,7,D,STEVE REILLY,518,19,228,271,0
Forsyth,22 Vickery,U.S. Representative,7,D,STEVE REILLY,436,27,191,218,0
Forsyth,24 Sharon Forks,U.S. Representative,7,D,STEVE REILLY,616,21,302,293,0
Forsyth,25 Windermere,U.S. Representative,7,D,STEVE REILLY,966,37,466,463,0
Forsyth,29 Polo,U.S. Representative,7,D,STEVE REILLY,695,37,313,345,0
Forsyth,30 Riverclub,U.S. Representative,7,D,STEVE REILLY,230,6,143,81,0
Forsyth,,U.S. Representative,9,R,DOUG COLLINS,18789,595,7756,10432,6
Forsyth,03 Browns Bridge,U.S. Representative,9,R,DOUG COLLINS,1440,67,576,797,0
Forsyth,04 Chestatee,U.S. Representative,9,R,DOUG COLLINS,2631,90,1121,1418,2
Forsyth,05 Coal Mountain,U.S. Representative,9,R,DOUG COLLINS,2132,64,805,1263,0
Forsyth,06 Crossroads,U.S. Representative,9,R,DOUG COLLINS,1852,47,592,1212,1
Forsyth,09 Matt,U.S. Representative,9,R,DOUG COLLINS,2635,71,1022,1541,1
Forsyth,11 Sawnee,U.S. Representative,9,R,DOUG COLLINS,1019,37,369,613,0
Forsyth,12 Pleasant Grove,U.S. Representative,9,R,DOUG COLLINS,839,49,480,310,0
Forsyth,15 Heardsville,U.S. Representative,9,R,DOUG COLLINS,1764,46,773,944,1
Forsyth,16 Otwell,U.S. Representative,9,R,DOUG COLLINS,97,4,35,58,0
Forsyth,27 Concord,U.S. Representative,9,R,DOUG COLLINS,2946,94,1198,1654,0
Forsyth,33 Keith Bridge,U.S. Representative,9,R,DOUG COLLINS,1434,26,785,622,1
Forsyth,,U.S. Representative,9,D,JODY COOLEY,3083,115,1557,1409,2
Forsyth,03 Browns Bridge,U.S. Representative,9,D,JODY COOLEY,211,9,82,120,0
Forsyth,04 Chestatee,U.S. Representative,9,D,JODY COOLEY,484,13,239,232,0
Forsyth,05 Coal Mountain,U.S. Representative,9,D,JODY COOLEY,362,12,170,180,0
Forsyth,06 Crossroads,U.S. Representative,9,D,JODY COOLEY,291,4,128,159,0
Forsyth,09 Matt,U.S. Representative,9,D,JODY COOLEY,407,21,188,198,0
Forsyth,11 Sawnee,U.S. Representative,9,D,JODY COOLEY,166,7,82,77,0
Forsyth,12 Pleasant Grove,U.S. Representative,9,D,JODY COOLEY,123,2,89,32,0
Forsyth,15 Heardsville,U.S. Representative,9,D,JODY COOLEY,277,10,135,132,0
Forsyth,16 Otwell,U.S. Representative,9,D,JODY COOLEY,27,1,15,11,0
Forsyth,27 Concord,U.S. Representative,9,D,JODY COOLEY,479,21,275,181,2
Forsyth,33 Keith Bridge,U.S. Representative,9,D,JODY COOLEY,256,15,154,87,0
Forsyth,,State Senator,27,(R,JACK MURPHY (I),69154,2566,27859,38698,31
Forsyth,01 Big Creek,State Senator,27,(R,JACK MURPHY (I),4454,188,1726,2540,0
Forsyth,02 Brandywine,State Senator,27,(R,JACK MURPHY (I),1934,63,1216,653,2
Forsyth,03 Browns Bridge,State Senator,27,(R,JACK MURPHY (I),3655,144,1488,2021,2
Forsyth,04 Chestatee,State Senator,27,(R,JACK MURPHY (I),2830,95,1243,1490,2
Forsyth,05 Coal Mountain,State Senator,27,(R,JACK MURPHY (I),2299,66,894,1338,1
Forsyth,06 Crossroads,State Senator,27,(R,JACK MURPHY (I),1961,48,649,1263,1
Forsyth,07 Cumming,State Senator,27,(R,JACK MURPHY (I),1281,85,318,878,0
Forsyth,08 Mashburn,State Senator,27,(R,JACK MURPHY (I),2891,116,1021,1752,2
Forsyth,09 Matt,State Senator,27,(R,JACK MURPHY (I),2816,76,1134,1605,1
Forsyth,10 Midway,State Senator,27,(R,JACK MURPHY (I),6308,161,2162,3979,6
Forsyth,11 Sawnee,State Senator,27,(R,JACK MURPHY (I),2449,82,909,1458,0
Forsyth,12 Pleasant Grove,State Senator,27,(R,JACK MURPHY (I),895,50,523,322,0
Forsyth,15 Heardsville,State Senator,27,(R,JACK MURPHY (I),1898,45,842,1010,1
Forsyth,16 Otwell,State Senator,27,(R,JACK MURPHY (I),3836,156,1386,2293,1
Forsyth,17 Johns Creek,State Senator,27,(R,JACK MURPHY (I),2517,146,1061,1309,1
Forsyth,19 Old Atlanta,State Senator,27,(R,JACK MURPHY (I),3148,166,1445,1537,0
Forsyth,20 Piney Grove,State Senator,27,(R,JACK MURPHY (I),1753,54,766,931,2
Forsyth,21 South Forsyth,State Senator,27,(R,JACK MURPHY (I),3085,126,995,1963,1
Forsyth,22 Vickery,State Senator,27,(R,JACK MURPHY (I),2613,118,907,1588,0
Forsyth,24 Sharon Forks,State Senator,27,(R,JACK MURPHY (I),3121,117,1163,1841,0
Forsyth,25 Windermere,State Senator,27,(R,JACK MURPHY (I),4791,183,2057,2549,2
Forsyth,27 Concord,State Senator,27,(R,JACK MURPHY (I),3149,100,1349,1697,3
Forsyth,29 Polo,State Senator,27,(R,JACK MURPHY (I),3309,141,1340,1825,3
Forsyth,30 Riverclub,State Senator,27,(R,JACK MURPHY (I),1329,28,789,512,0
Forsyth,33 Keith Bridge,State Senator,27,(R,JACK MURPHY (I),832,12,476,344,0
Forsyth,,State Senator,51,(R,STEVE GOOCH (I),729,19,398,312,0
Forsyth,33 Keith Bridge,State Senator,51,(R,STEVE GOOCH (I),729,19,398,312,0
Forsyth,,State Representative,9,R,KEVIN K. TANNER,1406,34,548,824,0
Forsyth,09 Matt,State Representative,9,R,KEVIN K. TANNER,1406,34,548,824,0
Forsyth,,State Representative,22,(R,CALVIN HILL (I),5840,236,2708,2894,2
Forsyth,02 Brandywine,State Representative,22,(R,CALVIN HILL (I),1937,64,1215,656,2
Forsyth,22 Vickery,State Representative,22,(R,CALVIN HILL (I),2620,116,905,1599,0
Forsyth,29 Polo,State Representative,22,(R,CALVIN HILL (I),1283,56,588,639,0
Forsyth,,State Representative,24,(R,MARK HAMILTON (I),21466,718,7821,12916,11
Forsyth,05 Coal Mountain,State Representative,24,(R,MARK HAMILTON (I),1454,40,515,899,0
Forsyth,07 Cumming,State Representative,24,(R,MARK HAMILTON (I),1280,85,318,877,0
Forsyth,09 Matt,State Representative,24,(R,MARK HAMILTON (I),1415,44,581,790,0
Forsyth,10 Midway,State Representative,24,(R,MARK HAMILTON (I),6323,162,2164,3991,6
Forsyth,11 Sawnee,State Representative,24,(R,MARK HAMILTON (I),2444,83,909,1452,0
Forsyth,15 Heardsville,State Representative,24,(R,MARK HAMILTON (I),1891,44,838,1009,0
Forsyth,16 Otwell,State Representative,24,(R,MARK HAMILTON (I),3434,141,1215,2078,0
Forsyth,20 Piney Grove,State Representative,24,(R,MARK HAMILTON (I),1154,34,507,611,2
Forsyth,29 Polo,State Representative,24,(R,MARK HAMILTON (I),2071,85,774,1209,3
Forsyth,,State Representative,25,(R,MIKE DUDGEON (I),19680,857,7668,11153,2
Forsyth,01 Big Creek,State Representative,25,(R,MIKE DUDGEON (I),4467,189,1729,2549,0
Forsyth,07 Cumming,State Representative,25,(R,MIKE DUDGEON (I),7,0,0,7,0
Forsyth,08 Mashburn,State Representative,25,(R,MIKE DUDGEON (I),707,30,218,459,0
Forsyth,17 Johns Creek,State Representative,25,(R,MIKE DUDGEON (I),2539,147,1063,1329,0
Forsyth,19 Old Atlanta,State Representative,25,(R,MIKE DUDGEON (I),3171,160,1453,1558,0
Forsyth,20 Piney Grove,State Representative,25,(R,MIKE DUDGEON (I),600,20,266,314,0
Forsyth,21 South Forsyth,State Representative,25,(R,MIKE DUDGEON (I),3110,123,995,1991,1
Forsyth,24 Sharon Forks,State Representative,25,(R,MIKE DUDGEON (I),3136,115,1166,1855,0
Forsyth,25 Windermere,State Representative,25,(R,MIKE DUDGEON (I),1943,73,778,1091,1
Forsyth,,State Representative,26,R,GEOFF L. DUNCAN,21824,717,9575,11522,10
Forsyth,03 Browns Bridge,State Representative,26,R,GEOFF L. DUNCAN,3651,139,1495,2017,0
Forsyth,04 Chestatee,State Representative,26,R,GEOFF L. DUNCAN,2832,91,1235,1504,2
Forsyth,05 Coal Mountain,State Representative,26,R,GEOFF L. DUNCAN,852,26,372,454,0
Forsyth,06 Crossroads,State Representative,26,R,GEOFF L. DUNCAN,1984,47,664,1272,1
Forsyth,08 Mashburn,State Representative,26,R,GEOFF L. DUNCAN,2253,89,810,1352,2
Forsyth,12 Pleasant Grove,State Representative,26,R,GEOFF L. DUNCAN,891,51,518,322,0
Forsyth,16 Otwell,State Representative,26,R,GEOFF L. DUNCAN,438,13,178,247,0
Forsyth,25 Windermere,State Representative,26,R,GEOFF L. DUNCAN,2856,108,1280,1467,1
Forsyth,27 Concord,State Representative,26,R,GEOFF L. DUNCAN,3176,96,1357,1720,3
Forsyth,30 Riverclub,State Representative,26,R,GEOFF L. DUNCAN,1333,26,793,514,0
Forsyth,33 Keith Bridge,State Representative,26,R,GEOFF L. DUNCAN,1558,31,873,653,1
Forsyth,,District Attorney, Bell Forsyth Circuit,(R,PENNY A. PENN (I),70100,2534,28248,39286,32
Forsyth,01 Big Creek,District Attorney, Bell Forsyth Circuit,(R,PENNY A. PENN (I),4457,183,1728,2546,0
Forsyth,02 Brandywine,District Attorney, Bell Forsyth Circuit,(R,PENNY A. PENN (I),1948,63,1215,667,3
Forsyth,03 Browns Bridge,District Attorney, Bell Forsyth Circuit,(R,PENNY A. PENN (I),3655,133,1490,2030,2
Forsyth,04 Chestatee,District Attorney, Bell Forsyth Circuit,(R,PENNY A. PENN (I),2824,91,1240,1491,2
Forsyth,05 Coal Mountain,District Attorney, Bell Forsyth Circuit,(R,PENNY A. PENN (I),2300,65,885,1349,1
Forsyth,06 Crossroads,District Attorney, Bell Forsyth Circuit,(R,PENNY A. PENN (I),1958,47,651,1259,1
Forsyth,07 Cumming,District Attorney, Bell Forsyth Circuit,(R,PENNY A. PENN (I),1291,85,313,893,0
Forsyth,08 Mashburn,District Attorney, Bell Forsyth Circuit,(R,PENNY A. PENN (I),2946,121,1025,1798,2
Forsyth,09 Matt,District Attorney, Bell Forsyth Circuit,(R,PENNY A. PENN (I),2817,76,1134,1606,1
Forsyth,10 Midway,District Attorney, Bell Forsyth Circuit,(R,PENNY A. PENN (I),6300,163,2154,3978,5
Forsyth,11 Sawnee,District Attorney, Bell Forsyth Circuit,(R,PENNY A. PENN (I),2459,81,910,1468,0
Forsyth,12 Pleasant Grove,District Attorney, Bell Forsyth Circuit,(R,PENNY A. PENN (I),900,50,526,324,0
Forsyth,15 Heardsville,District Attorney, Bell Forsyth Circuit,(R,PENNY A. PENN (I),1883,47,830,1005,1
Forsyth,16 Otwell,District Attorney, Bell Forsyth Circuit,(R,PENNY A. PENN (I),3862,153,1386,2322,1
Forsyth,17 Johns Creek,District Attorney, Bell Forsyth Circuit,(R,PENNY A. PENN (I),2510,146,1052,1311,1
Forsyth,19 Old Atlanta,District Attorney, Bell Forsyth Circuit,(R,PENNY A. PENN (I),3149,158,1450,1541,0
Forsyth,20 Piney Grove,District Attorney, Bell Forsyth Circuit,(R,PENNY A. PENN (I),1766,52,774,938,2
Forsyth,21 South Forsyth,District Attorney, Bell Forsyth Circuit,(R,PENNY A. PENN (I),3099,122,988,1988,1
Forsyth,22 Vickery,District Attorney, Bell Forsyth Circuit,(R,PENNY A. PENN (I),2626,113,904,1609,0
Forsyth,24 Sharon Forks,District Attorney, Bell Forsyth Circuit,(R,PENNY A. PENN (I),3119,112,1164,1843,0
Forsyth,25 Windermere,District Attorney, Bell Forsyth Circuit,(R,PENNY A. PENN (I),4799,177,2060,2560,2
Forsyth,27 Concord,District Attorney, Bell Forsyth Circuit,(R,PENNY A. PENN (I),3172,99,1355,1715,3
Forsyth,29 Polo,District Attorney, Bell Forsyth Circuit,(R,PENNY A. PENN (I),3373,141,1358,1871,3
Forsyth,30 Riverclub,District Attorney, Bell Forsyth Circuit,(R,PENNY A. PENN (I),1338,25,794,519,0
Forsyth,33 Keith Bridge,District Attorney, Bell Forsyth Circuit,(R,PENNY A. PENN (I),1549,31,862,655,1
Forsyth,,Probate Judge,,(R,LYNWOOD JORDAN (I),69542,2528,28016,38965,33
Forsyth,01 Big Creek,Probate Judge,,(R,LYNWOOD JORDAN (I),4401,185,1704,2512,0
Forsyth,02 Brandywine,Probate Judge,,(R,LYNWOOD JORDAN (I),1925,64,1202,656,3
Forsyth,03 Browns Bridge,Probate Judge,,(R,LYNWOOD JORDAN (I),3642,134,1482,2024,2
Forsyth,04 Chestatee,Probate Judge,,(R,LYNWOOD JORDAN (I),2799,90,1218,1489,2
Forsyth,05 Coal Mountain,Probate Judge,,(R,LYNWOOD JORDAN (I),2290,67,883,1339,1
Forsyth,06 Crossroads,Probate Judge,,(R,LYNWOOD JORDAN (I),1947,46,647,1253,1
Forsyth,07 Cumming,Probate Judge,,(R,LYNWOOD JORDAN (I),1296,81,315,900,0
Forsyth,08 Mashburn,Probate Judge,,(R,LYNWOOD JORDAN (I),2927,119,1022,1784,2
Forsyth,09 Matt,Probate Judge,,(R,LYNWOOD JORDAN (I),2808,75,1126,1606,1
Forsyth,10 Midway,Probate Judge,,(R,LYNWOOD JORDAN (I),6284,161,2153,3964,6
Forsyth,11 Sawnee,Probate Judge,,(R,LYNWOOD JORDAN (I),2443,81,905,1457,0
Forsyth,12 Pleasant Grove,Probate Judge,,(R,LYNWOOD JORDAN (I),876,46,518,312,0
Forsyth,15 Heardsville,Probate Judge,,(R,LYNWOOD JORDAN (I),1875,47,827,1000,1
Forsyth,16 Otwell,Probate Judge,,(R,LYNWOOD JORDAN (I),3865,154,1395,2315,1
Forsyth,17 Johns Creek,Probate Judge,,(R,LYNWOOD JORDAN (I),2475,145,1041,1288,1
Forsyth,19 Old Atlanta,Probate Judge,,(R,LYNWOOD JORDAN (I),3117,159,1427,1531,0
Forsyth,20 Piney Grove,Probate Judge,,(R,LYNWOOD JORDAN (I),1747,53,763,929,2
Forsyth,21 South Forsyth,Probate Judge,,(R,LYNWOOD JORDAN (I),3056,123,977,1955,1
Forsyth,22 Vickery,Probate Judge,,(R,LYNWOOD JORDAN (I),2607,112,904,1591,0
Forsyth,24 Sharon Forks,Probate Judge,,(R,LYNWOOD JORDAN (I),3077,112,1140,1825,0
Forsyth,25 Windermere,Probate Judge,,(R,LYNWOOD JORDAN (I),4746,180,2036,2528,2
Forsyth,27 Concord,Probate Judge,,(R,LYNWOOD JORDAN (I),3156,98,1350,1705,3
Forsyth,29 Polo,Probate Judge,,(R,LYNWOOD JORDAN (I),3329,140,1342,1844,3
Forsyth,30 Riverclub,Probate Judge,,(R,LYNWOOD JORDAN (I),1307,25,773,509,0
Forsyth,33 Keith Bridge,Probate Judge,,(R,LYNWOOD JORDAN (I),1547,31,866,649,1
Forsyth,,Superior Court Clerk,,(R,GREG G. ALLEN (I),69477,2540,27972,38933,32
Forsyth,01 Big Creek,Superior Court Clerk,,(R,GREG G. ALLEN (I),4392,186,1693,2513,0
Forsyth,02 Brandywine,Superior Court Clerk,,(R,GREG G. ALLEN (I),1926,64,1201,658,3
Forsyth,03 Browns Bridge,Superior Court Clerk,,(R,GREG G. ALLEN (I),3646,137,1483,2024,2
Forsyth,04 Chestatee,Superior Court Clerk,,(R,GREG G. ALLEN (I),2799,89,1222,1486,2
Forsyth,05 Coal Mountain,Superior Court Clerk,,(R,GREG G. ALLEN (I),2284,67,880,1336,1
Forsyth,06 Crossroads,Superior Court Clerk,,(R,GREG G. ALLEN (I),1934,47,642,1244,1
Forsyth,07 Cumming,Superior Court Clerk,,(R,GREG G. ALLEN (I),1289,81,314,894,0
Forsyth,08 Mashburn,Superior Court Clerk,,(R,GREG G. ALLEN (I),2934,117,1022,1793,2
Forsyth,09 Matt,Superior Court Clerk,,(R,GREG G. ALLEN (I),2800,76,1120,1603,1
Forsyth,10 Midway,Superior Court Clerk,,(R,GREG G. ALLEN (I),6256,161,2140,3950,5
Forsyth,11 Sawnee,Superior Court Clerk,,(R,GREG G. ALLEN (I),2456,82,919,1455,0
Forsyth,12 Pleasant Grove,Superior Court Clerk,,(R,GREG G. ALLEN (I),878,50,517,311,0
Forsyth,15 Heardsville,Superior Court Clerk,,(R,GREG G. ALLEN (I),1884,47,834,1002,1
Forsyth,16 Otwell,Superior Court Clerk,,(R,GREG G. ALLEN (I),3875,154,1394,2326,1
Forsyth,17 Johns Creek,Superior Court Clerk,,(R,GREG G. ALLEN (I),2472,147,1045,1279,1
Forsyth,19 Old Atlanta,Superior Court Clerk,,(R,GREG G. ALLEN (I),3114,159,1425,1530,0
Forsyth,20 Piney Grove,Superior Court Clerk,,(R,GREG G. ALLEN (I),1739,54,759,924,2
Forsyth,21 South Forsyth,Superior Court Clerk,,(R,GREG G. ALLEN (I),3062,122,979,1960,1
Forsyth,22 Vickery,Superior Court Clerk,,(R,GREG G. ALLEN (I),2603,114,898,1591,0
Forsyth,24 Sharon Forks,Superior Court Clerk,,(R,GREG G. ALLEN (I),3080,111,1142,1827,0
Forsyth,25 Windermere,Superior Court Clerk,,(R,GREG G. ALLEN (I),4736,180,2027,2527,2
Forsyth,27 Concord,Superior Court Clerk,,(R,GREG G. ALLEN (I),3160,99,1349,1709,3
Forsyth,29 Polo,Superior Court Clerk,,(R,GREG G. ALLEN (I),3323,140,1336,1844,3
Forsyth,30 Riverclub,Superior Court Clerk,,(R,GREG G. ALLEN (I),1302,25,770,507,0
Forsyth,33 Keith Bridge,Superior Court Clerk,,(R,GREG G. ALLEN (I),1533,31,861,640,1
Forsyth,,Sheriff,,R,DUANE K. PIPER,62451,2394,25589,34440,28
Forsyth,01 Big Creek,Sheriff,,R,DUANE K. PIPER,4107,178,1610,2319,0
Forsyth,02 Brandywine,Sheriff,,R,DUANE K. PIPER,1870,61,1172,634,3
Forsyth,03 Browns Bridge,Sheriff,,R,DUANE K. PIPER,3166,130,1317,1717,2
Forsyth,04 Chestatee,Sheriff,,R,DUANE K. PIPER,2403,85,1061,1255,2
Forsyth,05 Coal Mountain,Sheriff,,R,DUANE K. PIPER,1987,61,783,1142,1
Forsyth,06 Crossroads,Sheriff,,R,DUANE K. PIPER,1578,38,529,1010,1
Forsyth,07 Cumming,Sheriff,,R,DUANE K. PIPER,1081,72,271,738,0
Forsyth,08 Mashburn,Sheriff,,R,DUANE K. PIPER,2596,112,928,1554,2
Forsyth,09 Matt,Sheriff,,R,DUANE K. PIPER,2425,68,987,1370,0
Forsyth,10 Midway,Sheriff,,R,DUANE K. PIPER,5772,155,2027,3585,5
Forsyth,11 Sawnee,Sheriff,,R,DUANE K. PIPER,2168,77,805,1286,0
Forsyth,12 Pleasant Grove,Sheriff,,R,DUANE K. PIPER,787,46,474,267,0
Forsyth,15 Heardsville,Sheriff,,R,DUANE K. PIPER,1647,42,732,872,1
Forsyth,16 Otwell,Sheriff,,R,DUANE K. PIPER,3367,147,1228,1991,1
Forsyth,17 Johns Creek,Sheriff,,R,DUANE K. PIPER,2358,135,1001,1222,0
Forsyth,19 Old Atlanta,Sheriff,,R,DUANE K. PIPER,2924,154,1345,1425,0
Forsyth,20 Piney Grove,Sheriff,,R,DUANE K. PIPER,1589,52,716,820,1
Forsyth,21 South Forsyth,Sheriff,,R,DUANE K. PIPER,2834,123,909,1801,1
Forsyth,22 Vickery,Sheriff,,R,DUANE K. PIPER,2325,102,829,1394,0
Forsyth,24 Sharon Forks,Sheriff,,R,DUANE K. PIPER,2890,109,1083,1698,0
Forsyth,25 Windermere,Sheriff,,R,DUANE K. PIPER,4418,176,1930,2310,2
Forsyth,27 Concord,Sheriff,,R,DUANE K. PIPER,2687,84,1162,1438,3
Forsyth,29 Polo,Sheriff,,R,DUANE K. PIPER,2935,134,1225,1573,3
Forsyth,30 Riverclub,Sheriff,,R,DUANE K. PIPER,1201,24,719,458,0
Forsyth,33 Keith Bridge,Sheriff,,R,DUANE K. PIPER,1336,29,746,561,0
Forsyth,,Tax Commissioner,,(R,M. LEDBETTER (I),70439,2563,28343,39501,32
Forsyth,01 Big Creek,Tax Commissioner,,(R,M. LEDBETTER (I),4458,185,1721,2552,0
Forsyth,02 Brandywine,Tax Commissioner,,(R,M. LEDBETTER (I),1947,63,1212,668,4
Forsyth,03 Browns Bridge,Tax Commissioner,,(R,M. LEDBETTER (I),3681,137,1512,2030,2
Forsyth,04 Chestatee,Tax Commissioner,,(R,M. LEDBETTER (I),2823,92,1241,1488,2
Forsyth,05 Coal Mountain,Tax Commissioner,,(R,M. LEDBETTER (I),2323,66,897,1359,1
Forsyth,06 Crossroads,Tax Commissioner,,(R,M. LEDBETTER (I),1976,47,651,1277,1
Forsyth,07 Cumming,Tax Commissioner,,(R,M. LEDBETTER (I),1308,87,319,902,0
Forsyth,08 Mashburn,Tax Commissioner,,(R,M. LEDBETTER (I),2964,122,1036,1804,2
Forsyth,09 Matt,Tax Commissioner,,(R,M. LEDBETTER (I),2855,75,1142,1637,1
Forsyth,10 Midway,Tax Commissioner,,(R,M. LEDBETTER (I),6337,164,2162,4006,5
Forsyth,11 Sawnee,Tax Commissioner,,(R,M. LEDBETTER (I),2495,82,924,1489,0
Forsyth,12 Pleasant Grove,Tax Commissioner,,(R,M. LEDBETTER (I),888,49,522,317,0
Forsyth,15 Heardsville,Tax Commissioner,,(R,M. LEDBETTER (I),1909,47,847,1014,1
Forsyth,16 Otwell,Tax Commissioner,,(R,M. LEDBETTER (I),3950,158,1413,2378,1
Forsyth,17 Johns Creek,Tax Commissioner,,(R,M. LEDBETTER (I),2528,144,1058,1325,1
Forsyth,19 Old Atlanta,Tax Commissioner,,(R,M. LEDBETTER (I),3144,159,1442,1543,0
Forsyth,20 Piney Grove,Tax Commissioner,,(R,M. LEDBETTER (I),1772,55,773,942,2
Forsyth,21 South Forsyth,Tax Commissioner,,(R,M. LEDBETTER (I),3102,124,989,1988,1
Forsyth,22 Vickery,Tax Commissioner,,(R,M. LEDBETTER (I),2625,112,904,1609,0
Forsyth,24 Sharon Forks,Tax Commissioner,,(R,M. LEDBETTER (I),3112,112,1152,1848,0
Forsyth,25 Windermere,Tax Commissioner,,(R,M. LEDBETTER (I),4806,184,2060,2560,2
Forsyth,27 Concord,Tax Commissioner,,(R,M. LEDBETTER (I),3190,99,1359,1729,3
Forsyth,29 Polo,Tax Commissioner,,(R,M. LEDBETTER (I),3376,142,1353,1878,3
Forsyth,30 Riverclub,Tax Commissioner,,(R,M. LEDBETTER (I),1311,25,782,504,0
Forsyth,33 Keith Bridge,Tax Commissioner,,(R,M. LEDBETTER (I),1559,33,872,654,0
Forsyth,,Coroner,,R,MARY BETH PAIS,69562,2537,27991,39003,31
Forsyth,01 Big Creek,Coroner,,R,MARY BETH PAIS,4402,185,1692,2525,0
Forsyth,02 Brandywine,Coroner,,R,MARY BETH PAIS,1929,62,1201,663,3
Forsyth,03 Browns Bridge,Coroner,,R,MARY BETH PAIS,3641,136,1485,2018,2
Forsyth,04 Chestatee,Coroner,,R,MARY BETH PAIS,2795,91,1224,1478,2
Forsyth,05 Coal Mountain,Coroner,,R,MARY BETH PAIS,2272,66,875,1331,0
Forsyth,06 Crossroads,Coroner,,R,MARY BETH PAIS,1952,47,646,1258,1
Forsyth,07 Cumming,Coroner,,R,MARY BETH PAIS,1284,83,309,892,0
Forsyth,08 Mashburn,Coroner,,R,MARY BETH PAIS,2939,120,1026,1791,2
Forsyth,09 Matt,Coroner,,R,MARY BETH PAIS,2821,75,1134,1611,1
Forsyth,10 Midway,Coroner,,R,MARY BETH PAIS,6304,165,2155,3979,5
Forsyth,11 Sawnee,Coroner,,R,MARY BETH PAIS,2468,81,919,1468,0
Forsyth,12 Pleasant Grove,Coroner,,R,MARY BETH PAIS,876,48,514,314,0
Forsyth,15 Heardsville,Coroner,,R,MARY BETH PAIS,1875,47,828,999,1
Forsyth,16 Otwell,Coroner,,R,MARY BETH PAIS,3859,154,1391,2313,1
Forsyth,17 Johns Creek,Coroner,,R,MARY BETH PAIS,2488,147,1049,1291,1
Forsyth,19 Old Atlanta,Coroner,,R,MARY BETH PAIS,3097,158,1417,1522,0
Forsyth,20 Piney Grove,Coroner,,R,MARY BETH PAIS,1748,52,767,927,2
Forsyth,21 South Forsyth,Coroner,,R,MARY BETH PAIS,3049,122,972,1954,1
Forsyth,22 Vickery,Coroner,,R,MARY BETH PAIS,2611,112,903,1596,0
Forsyth,24 Sharon Forks,Coroner,,R,MARY BETH PAIS,3085,113,1145,1827,0
Forsyth,25 Windermere,Coroner,,R,MARY BETH PAIS,4740,181,2018,2539,2
Forsyth,27 Concord,Coroner,,R,MARY BETH PAIS,3153,97,1346,1707,3
Forsyth,29 Polo,Coroner,,R,MARY BETH PAIS,3343,140,1347,1853,3
Forsyth,30 Riverclub,Coroner,,R,MARY BETH PAIS,1299,25,769,505,0
Forsyth,33 Keith Bridge,Coroner,,R,MARY BETH PAIS,1532,30,859,642,1
Forsyth,,Solicitor,,(R,L. ABERNATHY (I),69007,2527,27754,38693,33
Forsyth,01 Big Creek,Solicitor,,(R,L. ABERNATHY (I),4379,188,1687,2504,0
Forsyth,02 Brandywine,Solicitor,,(R,L. ABERNATHY (I),1910,65,1184,658,3
Forsyth,03 Browns Bridge,Solicitor,,(R,L. ABERNATHY (I),3613,134,1474,2003,2
Forsyth,04 Chestatee,Solicitor,,(R,L. ABERNATHY (I),2770,91,1209,1468,2
Forsyth,05 Coal Mountain,Solicitor,,(R,L. ABERNATHY (I),2260,66,864,1329,1
Forsyth,06 Crossroads,Solicitor,,(R,L. ABERNATHY (I),1918,47,640,1230,1
Forsyth,07 Cumming,Solicitor,,(R,L. ABERNATHY (I),1283,84,309,890,0
Forsyth,08 Mashburn,Solicitor,,(R,L. ABERNATHY (I),2888,119,1010,1757,2
Forsyth,09 Matt,Solicitor,,(R,L. ABERNATHY (I),2795,75,1117,1602,1
Forsyth,10 Midway,Solicitor,,(R,L. ABERNATHY (I),6251,163,2138,3944,6
Forsyth,11 Sawnee,Solicitor,,(R,L. ABERNATHY (I),2446,80,911,1455,0
Forsyth,12 Pleasant Grove,Solicitor,,(R,L. ABERNATHY (I),871,49,510,312,0
Forsyth,15 Heardsville,Solicitor,,(R,L. ABERNATHY (I),1876,47,824,1004,1
Forsyth,16 Otwell,Solicitor,,(R,L. ABERNATHY (I),3842,149,1386,2306,1
Forsyth,17 Johns Creek,Solicitor,,(R,L. ABERNATHY (I),2459,144,1039,1275,1
Forsyth,19 Old Atlanta,Solicitor,,(R,L. ABERNATHY (I),3081,156,1406,1519,0
Forsyth,20 Piney Grove,Solicitor,,(R,L. ABERNATHY (I),1731,53,759,917,2
Forsyth,21 South Forsyth,Solicitor,,(R,L. ABERNATHY (I),3035,121,964,1949,1
Forsyth,22 Vickery,Solicitor,,(R,L. ABERNATHY (I),2586,114,894,1578,0
Forsyth,24 Sharon Forks,Solicitor,,(R,L. ABERNATHY (I),3047,111,1128,1808,0
Forsyth,25 Windermere,Solicitor,,(R,L. ABERNATHY (I),4710,176,2014,2518,2
Forsyth,27 Concord,Solicitor,,(R,L. ABERNATHY (I),3142,99,1343,1697,3
Forsyth,29 Polo,Solicitor,,(R,L. ABERNATHY (I),3298,141,1322,1832,3
Forsyth,30 Riverclub,Solicitor,,(R,L. ABERNATHY (I),1290,24,766,500,0
Forsyth,33 Keith Bridge,Solicitor,,(R,L. ABERNATHY (I),1526,31,856,638,1
Forsyth,,County Comm 2,,(R,BRIAN R. TAM (I),14598,678,5727,8191,2
Forsyth,01 Big Creek,County Comm 2,,(R,BRIAN R. TAM (I),4299,176,1673,2450,0
Forsyth,02 Brandywine,County Comm 2,,(R,BRIAN R. TAM (I),59,6,22,31,0
Forsyth,17 Johns Creek,County Comm 2,,(R,BRIAN R. TAM (I),2480,143,1043,1294,0
Forsyth,19 Old Atlanta,County Comm 2,,(R,BRIAN R. TAM (I),2960,150,1366,1444,0
Forsyth,21 South Forsyth,County Comm 2,,(R,BRIAN R. TAM (I),2996,121,969,1905,1
Forsyth,24 Sharon Forks,County Comm 2,,(R,BRIAN R. TAM (I),616,29,228,359,0
Forsyth,25 Windermere,County Comm 2,,(R,BRIAN R. TAM (I),1188,53,426,708,1
Forsyth,,County Comm 4,,R,CINDY JONES MILLS,13025,374,5583,7063,5
Forsyth,03 Browns Bridge,County Comm 4,,R,CINDY JONES MILLS,21,0,5,16,0
Forsyth,04 Chestatee,County Comm 4,,R,CINDY JONES MILLS,2056,67,904,1084,1
Forsyth,05 Coal Mountain,County Comm 4,,R,CINDY JONES MILLS,2258,66,885,1307,0
Forsyth,06 Crossroads,County Comm 4,,R,CINDY JONES MILLS,1950,45,654,1250,1
Forsyth,09 Matt,County Comm 4,,R,CINDY JONES MILLS,1634,44,657,932,1
Forsyth,12 Pleasant Grove,County Comm 4,,R,CINDY JONES MILLS,429,23,269,137,0
Forsyth,27 Concord,County Comm 4,,R,CINDY JONES MILLS,3154,99,1353,1701,1
Forsyth,33 Keith Bridge,County Comm 4,,R,CINDY JONES MILLS,1523,30,856,636,1
Forsyth,,County Comm 5,,(R,JIM BOFF (I),14841,536,6254,8047,4
Forsyth,03 Browns Bridge,County Comm 5,,(R,JIM BOFF (I),3420,133,1387,1899,1
Forsyth,04 Chestatee,County Comm 5,,(R,JIM BOFF (I),708,23,317,367,1
Forsyth,08 Mashburn,County Comm 5,,(R,JIM BOFF (I),2918,116,1013,1787,2
Forsyth,12 Pleasant Grove,County Comm 5,,(R,JIM BOFF (I),440,25,241,174,0
Forsyth,16 Otwell,County Comm 5,,(R,JIM BOFF (I),107,6,47,54,0
Forsyth,19 Old Atlanta,County Comm 5,,(R,JIM BOFF (I),123,7,37,79,0
Forsyth,24 Sharon Forks,County Comm 5,,(R,JIM BOFF (I),2443,82,907,1454,0
Forsyth,25 Windermere,County Comm 5,,(R,JIM BOFF (I),3392,120,1538,1734,0
Forsyth,30 Riverclub,County Comm 5,,(R,JIM BOFF (I),1290,24,767,499,0
Forsyth,,BOE 3,,(R,TOM CLEVELAND (I),13834,486,5639,7699,10
Forsyth,02 Brandywine,BOE 3,,(R,TOM CLEVELAND (I),1849,56,1168,622,3
Forsyth,10 Midway,BOE 3,,(R,TOM CLEVELAND (I),4224,116,1426,2679,3
Forsyth,20 Piney Grove,BOE 3,,(R,TOM CLEVELAND (I),1728,54,757,916,1
Forsyth,22 Vickery,BOE 3,,(R,TOM CLEVELAND (I),2590,113,894,1583,0
Forsyth,25 Windermere,BOE 3,,(R,TOM CLEVELAND (I),121,6,56,59,0
Forsyth,29 Polo,BOE 3,,(R,TOM CLEVELAND (I),3322,141,1338,1840,3
Forsyth,,BOE 4,,(R,DARLA S. LIGHT (I),13025,371,5563,7086,5
Forsyth,03 Browns Bridge,BOE 4,,(R,DARLA S. LIGHT (I),22,0,5,17,0
Forsyth,04 Chestatee,BOE 4,,(R,DARLA S. LIGHT (I),2065,67,902,1095,1
Forsyth,05 Coal Mountain,BOE 4,,(R,DARLA S. LIGHT (I),2274,65,879,1330,0
Forsyth,06 Crossroads,BOE 4,,(R,DARLA S. LIGHT (I),1919,45,634,1239,1
Forsyth,09 Matt,BOE 4,,(R,DARLA S. LIGHT (I),1636,41,664,930,1
Forsyth,12 Pleasant Grove,BOE 4,,(R,DARLA S. LIGHT (I),432,24,270,138,0
Forsyth,27 Concord,BOE 4,,(R,DARLA S. LIGHT (I),3151,98,1350,1702,1
Forsyth,33 Keith Bridge,BOE 4,,(R,DARLA S. LIGHT (I),1526,31,859,635,1
Forsyth,,BOE 5,,(R,NANCY ROCHE (I),14846,533,6272,8037,4
Forsyth,03 Browns Bridge,BOE 5,,(R,NANCY ROCHE (I),3415,131,1389,1894,1
Forsyth,04 Chestatee,BOE 5,,(R,NANCY ROCHE (I),708,25,311,371,1
Forsyth,08 Mashburn,BOE 5,,(R,NANCY ROCHE (I),2895,116,1013,1764,2
Forsyth,12 Pleasant Grove,BOE 5,,(R,NANCY ROCHE (I),440,24,242,174,0
Forsyth,16 Otwell,BOE 5,,(R,NANCY ROCHE (I),109,6,48,55,0
Forsyth,19 Old Atlanta,BOE 5,,(R,NANCY ROCHE (I),125,7,38,80,0
Forsyth,24 Sharon Forks,BOE 5,,(R,NANCY ROCHE (I),2459,81,915,1463,0
Forsyth,25 Windermere,BOE 5,,(R,NANCY ROCHE (I),3402,118,1549,1735,0
Forsyth,30 Riverclub,BOE 5,,(R,NANCY ROCHE (I),1293,25,767,501,0
Forsyth,,Constitutional Amendment #1<br>Shall the Constitution be amended to allow state or local approval of public charter schools upon the request of local communities?,,,YES,52021,2131,20391,29474,25
Forsyth,01 Big Creek,Constitutional Amendment #1<br>Shall the Constitution be amended to allow state or local approval of public charter schools upon the request of local communities?,,,YES,3476,158,1320,1998,0
Forsyth,02 Brandywine,Constitutional Amendment #1<br>Shall the Constitution be amended to allow state or local approval of public charter schools upon the request of local communities?,,,YES,1726,70,1027,626,3
Forsyth,03 Browns Bridge,Constitutional Amendment #1<br>Shall the Constitution be amended to allow state or local approval of public charter schools upon the request of local communities?,,,YES,2759,109,1067,1583,0
Forsyth,04 Chestatee,Constitutional Amendment #1<br>Shall the Constitution be amended to allow state or local approval of public charter schools upon the request of local communities?,,,YES,2044,81,861,1100,2
Forsyth,05 Coal Mountain,Constitutional Amendment #1<br>Shall the Constitution be amended to allow state or local approval of public charter schools upon the request of local communities?,,,YES,1551,52,605,894,0
Forsyth,06 Crossroads,Constitutional Amendment #1<br>Shall the Constitution be amended to allow state or local approval of public charter schools upon the request of local communities?,,,YES,1327,34,441,851,1
Forsyth,07 Cumming,Constitutional Amendment #1<br>Shall the Constitution be amended to allow state or local approval of public charter schools upon the request of local communities?,,,YES,922,60,229,633,0
Forsyth,08 Mashburn,Constitutional Amendment #1<br>Shall the Constitution be amended to allow state or local approval of public charter schools upon the request of local communities?,,,YES,2233,96,769,1368,0
Forsyth,09 Matt,Constitutional Amendment #1<br>Shall the Constitution be amended to allow state or local approval of public charter schools upon the request of local communities?,,,YES,1947,66,757,1124,0
Forsyth,10 Midway,Constitutional Amendment #1<br>Shall the Constitution be amended to allow state or local approval of public charter schools upon the request of local communities?,,,YES,4740,146,1506,3083,5
Forsyth,11 Sawnee,Constitutional Amendment #1<br>Shall the Constitution be amended to allow state or local approval of public charter schools upon the request of local communities?,,,YES,1714,68,623,1023,0
Forsyth,12 Pleasant Grove,Constitutional Amendment #1<br>Shall the Constitution be amended to allow state or local approval of public charter schools upon the request of local communities?,,,YES,652,37,386,229,0
Forsyth,15 Heardsville,Constitutional Amendment #1<br>Shall the Constitution be amended to allow state or local approval of public charter schools upon the request of local communities?,,,YES,1276,31,543,702,0
Forsyth,16 Otwell,Constitutional Amendment #1<br>Shall the Constitution be amended to allow state or local approval of public charter schools upon the request of local communities?,,,YES,2817,118,981,1718,0
Forsyth,17 Johns Creek,Constitutional Amendment #1<br>Shall the Constitution be amended to allow state or local approval of public charter schools upon the request of local communities?,,,YES,1974,121,821,1030,2
Forsyth,19 Old Atlanta,Constitutional Amendment #1<br>Shall the Constitution be amended to allow state or local approval of public charter schools upon the request of local communities?,,,YES,2405,137,1094,1174,0
Forsyth,20 Piney Grove,Constitutional Amendment #1<br>Shall the Constitution be amended to allow state or local approval of public charter schools upon the request of local communities?,,,YES,1376,52,584,737,3
Forsyth,21 South Forsyth,Constitutional Amendment #1<br>Shall the Constitution be amended to allow state or local approval of public charter schools upon the request of local communities?,,,YES,2388,109,731,1548,0
Forsyth,22 Vickery,Constitutional Amendment #1<br>Shall the Constitution be amended to allow state or local approval of public charter schools upon the request of local communities?,,,YES,1931,94,650,1186,1
Forsyth,24 Sharon Forks,Constitutional Amendment #1<br>Shall the Constitution be amended to allow state or local approval of public charter schools upon the request of local communities?,,,YES,2273,95,823,1355,0
Forsyth,25 Windermere,Constitutional Amendment #1<br>Shall the Constitution be amended to allow state or local approval of public charter schools upon the request of local communities?,,,YES,3717,149,1547,2019,2
Forsyth,27 Concord,Constitutional Amendment #1<br>Shall the Constitution be amended to allow state or local approval of public charter schools upon the request of local communities?,,,YES,2083,80,838,1162,3
Forsyth,29 Polo,Constitutional Amendment #1<br>Shall the Constitution be amended to allow state or local approval of public charter schools upon the request of local communities?,,,YES,2611,115,1020,1474,2
Forsyth,30 Riverclub,Constitutional Amendment #1<br>Shall the Constitution be amended to allow state or local approval of public charter schools upon the request of local communities?,,,YES,979,23,578,378,0
Forsyth,33 Keith Bridge,Constitutional Amendment #1<br>Shall the Constitution be amended to allow state or local approval of public charter schools upon the request of local communities?,,,YES,1100,30,590,479,1
Forsyth,,Constitutional Amendment #1<br>Shall the Constitution be amended to allow state or local approval of public charter schools upon the request of local communities?,,,NO,26751,831,11730,14178,12
Forsyth,01 Big Creek,Constitutional Amendment #1<br>Shall the Constitution be amended to allow state or local approval of public charter schools upon the request of local communities?,,,NO,1583,60,647,875,1
Forsyth,02 Brandywine,Constitutional Amendment #1<br>Shall the Constitution be amended to allow state or local approval of public charter schools upon the request of local communities?,,,NO,735,21,511,203,0
Forsyth,03 Browns Bridge,Constitutional Amendment #1<br>Shall the Constitution be amended to allow state or local approval of public charter schools upon the request of local communities?,,,NO,1363,55,617,689,2
Forsyth,04 Chestatee,Constitutional Amendment #1<br>Shall the Constitution be amended to allow state or local approval of public charter schools upon the request of local communities?,,,NO,1118,23,532,563,0
Forsyth,05 Coal Mountain,Constitutional Amendment #1<br>Shall the Constitution be amended to allow state or local approval of public charter schools upon the request of local communities?,,,NO,974,22,400,551,1
Forsyth,06 Crossroads,Constitutional Amendment #1<br>Shall the Constitution be amended to allow state or local approval of public charter schools upon the request of local communities?,,,NO,819,16,287,516,0
Forsyth,07 Cumming,Constitutional Amendment #1<br>Shall the Constitution be amended to allow state or local approval of public charter schools upon the request of local communities?,,,NO,538,35,147,356,0
Forsyth,08 Mashburn,Constitutional Amendment #1<br>Shall the Constitution be amended to allow state or local approval of public charter schools upon the request of local communities?,,,NO,1095,39,411,643,2
Forsyth,09 Matt,Constitutional Amendment #1<br>Shall the Constitution be amended to allow state or local approval of public charter schools upon the request of local communities?,,,NO,1146,24,478,643,1
Forsyth,10 Midway,Constitutional Amendment #1<br>Shall the Constitution be amended to allow state or local approval of public charter schools upon the request of local communities?,,,NO,2317,37,931,1349,0
Forsyth,11 Sawnee,Constitutional Amendment #1<br>Shall the Constitution be amended to allow state or local approval of public charter schools upon the request of local communities?,,,NO,1013,22,413,578,0
Forsyth,12 Pleasant Grove,Constitutional Amendment #1<br>Shall the Constitution be amended to allow state or local approval of public charter schools upon the request of local communities?,,,NO,332,13,201,118,0
Forsyth,15 Heardsville,Constitutional Amendment #1<br>Shall the Constitution be amended to allow state or local approval of public charter schools upon the request of local communities?,,,NO,794,25,381,387,1
Forsyth,16 Otwell,Constitutional Amendment #1<br>Shall the Constitution be amended to allow state or local approval of public charter schools upon the request of local communities?,,,NO,1597,56,625,915,1
Forsyth,17 Johns Creek,Constitutional Amendment #1<br>Shall the Constitution be amended to allow state or local approval of public charter schools upon the request of local communities?,,,NO,962,50,406,506,0
Forsyth,19 Old Atlanta,Constitutional Amendment #1<br>Shall the Constitution be amended to allow state or local approval of public charter schools upon the request of local communities?,,,NO,1103,51,527,525,0
Forsyth,20 Piney Grove,Constitutional Amendment #1<br>Shall the Constitution be amended to allow state or local approval of public charter schools upon the request of local communities?,,,NO,678,16,322,340,0
Forsyth,21 South Forsyth,Constitutional Amendment #1<br>Shall the Constitution be amended to allow state or local approval of public charter schools upon the request of local communities?,,,NO,1029,32,386,610,1
Forsyth,22 Vickery,Constitutional Amendment #1<br>Shall the Constitution be amended to allow state or local approval of public charter schools upon the request of local communities?,,,NO,977,42,370,565,0
Forsyth,24 Sharon Forks,Constitutional Amendment #1<br>Shall the Constitution be amended to allow state or local approval of public charter schools upon the request of local communities?,,,NO,1211,30,511,670,0
Forsyth,25 Windermere,Constitutional Amendment #1<br>Shall the Constitution be amended to allow state or local approval of public charter schools upon the request of local communities?,,,NO,1651,61,780,810,0
Forsyth,27 Concord,Constitutional Amendment #1<br>Shall the Constitution be amended to allow state or local approval of public charter schools upon the request of local communities?,,,NO,1406,38,669,699,0
Forsyth,29 Polo,Constitutional Amendment #1<br>Shall the Constitution be amended to allow state or local approval of public charter schools upon the request of local communities?,,,NO,1188,43,510,633,2
Forsyth,30 Riverclub,Constitutional Amendment #1<br>Shall the Constitution be amended to allow state or local approval of public charter schools upon the request of local communities?,,,NO,527,12,314,201,0
Forsyth,33 Keith Bridge,Constitutional Amendment #1<br>Shall the Constitution be amended to allow state or local approval of public charter schools upon the request of local communities?,,,NO,595,8,354,233,0
Forsyth,,Constitutional Amendment #2<br>Shall the Constitution be amended so as to provide for a reduction in the state's operating costs by allowing the General Assembly to authorize certain state agencies to enter into multiyear rental agreements?,,,YES,53484,2106,21310,30047,21
Forsyth,01 Big Creek,Constitutional Amendment #2<br>Shall the Constitution be amended so as to provide for a reduction in the state's operating costs by allowing the General Assembly to authorize certain state agencies to enter into multiyear rental agreements?,,,YES,3605,165,1394,2046,0
Forsyth,02 Brandywine,Constitutional Amendment #2<br>Shall the Constitution be amended so as to provide for a reduction in the state's operating costs by allowing the General Assembly to authorize certain state agencies to enter into multiyear rental agreements?,,,YES,1681,65,1037,577,2
Forsyth,03 Browns Bridge,Constitutional Amendment #2<br>Shall the Constitution be amended so as to provide for a reduction in the state's operating costs by allowing the General Assembly to authorize certain state agencies to enter into multiyear rental agreements?,,,YES,2796,111,1094,1591,0
Forsyth,04 Chestatee,Constitutional Amendment #2<br>Shall the Constitution be amended so as to provide for a reduction in the state's operating costs by allowing the General Assembly to authorize certain state agencies to enter into multiyear rental agreements?,,,YES,2037,63,856,1117,1
Forsyth,05 Coal Mountain,Constitutional Amendment #2<br>Shall the Constitution be amended so as to provide for a reduction in the state's operating costs by allowing the General Assembly to authorize certain state agencies to enter into multiyear rental agreements?,,,YES,1622,46,637,938,1
Forsyth,06 Crossroads,Constitutional Amendment #2<br>Shall the Constitution be amended so as to provide for a reduction in the state's operating costs by allowing the General Assembly to authorize certain state agencies to enter into multiyear rental agreements?,,,YES,1359,37,458,863,1
Forsyth,07 Cumming,Constitutional Amendment #2<br>Shall the Constitution be amended so as to provide for a reduction in the state's operating costs by allowing the General Assembly to authorize certain state agencies to enter into multiyear rental agreements?,,,YES,931,62,243,626,0
Forsyth,08 Mashburn,Constitutional Amendment #2<br>Shall the Constitution be amended so as to provide for a reduction in the state's operating costs by allowing the General Assembly to authorize certain state agencies to enter into multiyear rental agreements?,,,YES,2288,97,806,1383,2
Forsyth,09 Matt,Constitutional Amendment #2<br>Shall the Constitution be amended so as to provide for a reduction in the state's operating costs by allowing the General Assembly to authorize certain state agencies to enter into multiyear rental agreements?,,,YES,1999,57,789,1153,0
Forsyth,10 Midway,Constitutional Amendment #2<br>Shall the Constitution be amended so as to provide for a reduction in the state's operating costs by allowing the General Assembly to authorize certain state agencies to enter into multiyear rental agreements?,,,YES,4872,128,1630,3109,5
Forsyth,11 Sawnee,Constitutional Amendment #2<br>Shall the Constitution be amended so as to provide for a reduction in the state's operating costs by allowing the General Assembly to authorize certain state agencies to enter into multiyear rental agreements?,,,YES,1781,69,658,1054,0
Forsyth,12 Pleasant Grove,Constitutional Amendment #2<br>Shall the Constitution be amended so as to provide for a reduction in the state's operating costs by allowing the General Assembly to authorize certain state agencies to enter into multiyear rental agreements?,,,YES,665,38,394,233,0
Forsyth,15 Heardsville,Constitutional Amendment #2<br>Shall the Constitution be amended so as to provide for a reduction in the state's operating costs by allowing the General Assembly to authorize certain state agencies to enter into multiyear rental agreements?,,,YES,1322,38,573,711,0
Forsyth,16 Otwell,Constitutional Amendment #2<br>Shall the Constitution be amended so as to provide for a reduction in the state's operating costs by allowing the General Assembly to authorize certain state agencies to enter into multiyear rental agreements?,,,YES,2903,124,1026,1752,1
Forsyth,17 Johns Creek,Constitutional Amendment #2<br>Shall the Constitution be amended so as to provide for a reduction in the state's operating costs by allowing the General Assembly to authorize certain state agencies to enter into multiyear rental agreements?,,,YES,2063,126,861,1074,2
Forsyth,19 Old Atlanta,Constitutional Amendment #2<br>Shall the Constitution be amended so as to provide for a reduction in the state's operating costs by allowing the General Assembly to authorize certain state agencies to enter into multiyear rental agreements?,,,YES,2474,141,1113,1220,0
Forsyth,20 Piney Grove,Constitutional Amendment #2<br>Shall the Constitution be amended so as to provide for a reduction in the state's operating costs by allowing the General Assembly to authorize certain state agencies to enter into multiyear rental agreements?,,,YES,1387,43,607,735,2
Forsyth,21 South Forsyth,Constitutional Amendment #2<br>Shall the Constitution be amended so as to provide for a reduction in the state's operating costs by allowing the General Assembly to authorize certain state agencies to enter into multiyear rental agreements?,,,YES,2525,107,794,1624,0
Forsyth,22 Vickery,Constitutional Amendment #2<br>Shall the Constitution be amended so as to provide for a reduction in the state's operating costs by allowing the General Assembly to authorize certain state agencies to enter into multiyear rental agreements?,,,YES,2032,97,707,1228,0
Forsyth,24 Sharon Forks,Constitutional Amendment #2<br>Shall the Constitution be amended so as to provide for a reduction in the state's operating costs by allowing the General Assembly to authorize certain state agencies to enter into multiyear rental agreements?,,,YES,2444,84,933,1427,0
Forsyth,25 Windermere,Constitutional Amendment #2<br>Shall the Constitution be amended so as to provide for a reduction in the state's operating costs by allowing the General Assembly to authorize certain state agencies to enter into multiyear rental agreements?,,,YES,3752,166,1575,2009,2
Forsyth,27 Concord,Constitutional Amendment #2<br>Shall the Constitution be amended so as to provide for a reduction in the state's operating costs by allowing the General Assembly to authorize certain state agencies to enter into multiyear rental agreements?,,,YES,2181,70,903,1207,1
Forsyth,29 Polo,Constitutional Amendment #2<br>Shall the Constitution be amended so as to provide for a reduction in the state's operating costs by allowing the General Assembly to authorize certain state agencies to enter into multiyear rental agreements?,,,YES,2631,117,1032,1481,1
Forsyth,30 Riverclub,Constitutional Amendment #2<br>Shall the Constitution be amended so as to provide for a reduction in the state's operating costs by allowing the General Assembly to authorize certain state agencies to enter into multiyear rental agreements?,,,YES,1049,28,611,410,0
Forsyth,33 Keith Bridge,Constitutional Amendment #2<br>Shall the Constitution be amended so as to provide for a reduction in the state's operating costs by allowing the General Assembly to authorize certain state agencies to enter into multiyear rental agreements?,,,YES,1085,27,579,479,0
Forsyth,,Constitutional Amendment #2<br>Shall the Constitution be amended so as to provide for a reduction in the state's operating costs by allowing the General Assembly to authorize certain state agencies to enter into multiyear rental agreements?,,,NO,22047,740,9408,11883,16
Forsyth,01 Big Creek,Constitutional Amendment #2<br>Shall the Constitution be amended so as to provide for a reduction in the state's operating costs by allowing the General Assembly to authorize certain state agencies to enter into multiyear rental agreements?,,,NO,1229,51,480,697,1
Forsyth,02 Brandywine,Constitutional Amendment #2<br>Shall the Constitution be amended so as to provide for a reduction in the state's operating costs by allowing the General Assembly to authorize certain state agencies to enter into multiyear rental agreements?,,,NO,675,20,439,214,2
Forsyth,03 Browns Bridge,Constitutional Amendment #2<br>Shall the Constitution be amended so as to provide for a reduction in the state's operating costs by allowing the General Assembly to authorize certain state agencies to enter into multiyear rental agreements?,,,NO,1192,49,534,607,2
Forsyth,04 Chestatee,Constitutional Amendment #2<br>Shall the Constitution be amended so as to provide for a reduction in the state's operating costs by allowing the General Assembly to authorize certain state agencies to enter into multiyear rental agreements?,,,NO,995,33,468,493,1
Forsyth,05 Coal Mountain,Constitutional Amendment #2<br>Shall the Constitution be amended so as to provide for a reduction in the state's operating costs by allowing the General Assembly to authorize certain state agencies to enter into multiyear rental agreements?,,,NO,781,25,312,444,0
Forsyth,06 Crossroads,Constitutional Amendment #2<br>Shall the Constitution be amended so as to provide for a reduction in the state's operating costs by allowing the General Assembly to authorize certain state agencies to enter into multiyear rental agreements?,,,NO,691,12,238,441,0
Forsyth,07 Cumming,Constitutional Amendment #2<br>Shall the Constitution be amended so as to provide for a reduction in the state's operating costs by allowing the General Assembly to authorize certain state agencies to enter into multiyear rental agreements?,,,NO,488,30,121,337,0
Forsyth,08 Mashburn,Constitutional Amendment #2<br>Shall the Constitution be amended so as to provide for a reduction in the state's operating costs by allowing the General Assembly to authorize certain state agencies to enter into multiyear rental agreements?,,,NO,916,32,329,555,0
Forsyth,09 Matt,Constitutional Amendment #2<br>Shall the Constitution be amended so as to provide for a reduction in the state's operating costs by allowing the General Assembly to authorize certain state agencies to enter into multiyear rental agreements?,,,NO,974,23,397,553,1
Forsyth,10 Midway,Constitutional Amendment #2<br>Shall the Constitution be amended so as to provide for a reduction in the state's operating costs by allowing the General Assembly to authorize certain state agencies to enter into multiyear rental agreements?,,,NO,1879,52,709,1118,0
Forsyth,11 Sawnee,Constitutional Amendment #2<br>Shall the Constitution be amended so as to provide for a reduction in the state's operating costs by allowing the General Assembly to authorize certain state agencies to enter into multiyear rental agreements?,,,NO,858,21,348,489,0
Forsyth,12 Pleasant Grove,Constitutional Amendment #2<br>Shall the Constitution be amended so as to provide for a reduction in the state's operating costs by allowing the General Assembly to authorize certain state agencies to enter into multiyear rental agreements?,,,NO,276,10,164,102,0
Forsyth,15 Heardsville,Constitutional Amendment #2<br>Shall the Constitution be amended so as to provide for a reduction in the state's operating costs by allowing the General Assembly to authorize certain state agencies to enter into multiyear rental agreements?,,,NO,658,13,309,335,1
Forsyth,16 Otwell,Constitutional Amendment #2<br>Shall the Constitution be amended so as to provide for a reduction in the state's operating costs by allowing the General Assembly to authorize certain state agencies to enter into multiyear rental agreements?,,,NO,1315,41,502,772,0
Forsyth,17 Johns Creek,Constitutional Amendment #2<br>Shall the Constitution be amended so as to provide for a reduction in the state's operating costs by allowing the General Assembly to authorize certain state agencies to enter into multiyear rental agreements?,,,NO,718,36,298,384,0
Forsyth,19 Old Atlanta,Constitutional Amendment #2<br>Shall the Constitution be amended so as to provide for a reduction in the state's operating costs by allowing the General Assembly to authorize certain state agencies to enter into multiyear rental agreements?,,,NO,873,41,419,413,0
Forsyth,20 Piney Grove,Constitutional Amendment #2<br>Shall the Constitution be amended so as to provide for a reduction in the state's operating costs by allowing the General Assembly to authorize certain state agencies to enter into multiyear rental agreements?,,,NO,584,22,265,296,1
Forsyth,21 South Forsyth,Constitutional Amendment #2<br>Shall the Constitution be amended so as to provide for a reduction in the state's operating costs by allowing the General Assembly to authorize certain state agencies to enter into multiyear rental agreements?,,,NO,758,30,275,452,1
Forsyth,22 Vickery,Constitutional Amendment #2<br>Shall the Constitution be amended so as to provide for a reduction in the state's operating costs by allowing the General Assembly to authorize certain state agencies to enter into multiyear rental agreements?,,,NO,766,34,274,458,0
Forsyth,24 Sharon Forks,Constitutional Amendment #2<br>Shall the Constitution be amended so as to provide for a reduction in the state's operating costs by allowing the General Assembly to authorize certain state agencies to enter into multiyear rental agreements?,,,NO,886,34,339,513,0
Forsyth,25 Windermere,Constitutional Amendment #2<br>Shall the Constitution be amended so as to provide for a reduction in the state's operating costs by allowing the General Assembly to authorize certain state agencies to enter into multiyear rental agreements?,,,NO,1389,35,641,713,0
Forsyth,27 Concord,Constitutional Amendment #2<br>Shall the Constitution be amended so as to provide for a reduction in the state's operating costs by allowing the General Assembly to authorize certain state agencies to enter into multiyear rental agreements?,,,NO,1161,43,543,573,2
Forsyth,29 Polo,Constitutional Amendment #2<br>Shall the Constitution be amended so as to provide for a reduction in the state's operating costs by allowing the General Assembly to authorize certain state agencies to enter into multiyear rental agreements?,,,NO,1017,36,430,548,3
Forsyth,30 Riverclub,Constitutional Amendment #2<br>Shall the Constitution be amended so as to provide for a reduction in the state's operating costs by allowing the General Assembly to authorize certain state agencies to enter into multiyear rental agreements?,,,NO,415,6,246,163,0
Forsyth,33 Keith Bridge,Constitutional Amendment #2<br>Shall the Constitution be amended so as to provide for a reduction in the state's operating costs by allowing the General Assembly to authorize certain state agencies to enter into multiyear rental agreements?,,,NO,553,11,328,213,1
