county,precinct,office,district,party,candidate,votes,absentee_by_mail,election_day,advance_in_person,provisional
Gordon,,President of the United States,,R,MITT ROMNEY,13197,389,7282,5506,20
Gordon,SUGAR VALLEY,President of the United States,,R,MITT ROMNEY,610,8,398,204,0
Gordon,PLAINVILLE,President of the United States,,R,MITT ROMNEY,769,22,490,255,2
Gordon,SONORAVILLE,President of the United States,,R,MITT ROMNEY,2245,52,1272,918,3
Gordon,RANGER,President of the United States,,R,MITT ROMNEY,315,5,224,86,0
Gordon,PINE CHAPEL,President of the United States,,R,MITT ROMNEY,423,10,288,125,0
Gordon,OOSTANAULA,President of the United States,,R,MITT ROMNEY,281,15,186,80,0
Gordon,OAKMAN,President of the United States,,R,MITT ROMNEY,320,8,242,70,0
Gordon,GORDON COUNTY,President of the United States,,R,MITT ROMNEY,2276,75,1116,1083,2
Gordon,CALHOUN CITY,President of the United States,,R,MITT ROMNEY,2840,119,1054,1659,8
Gordon,LILY POND,President of the United States,,R,MITT ROMNEY,792,18,417,357,0
Gordon,FAIRMOUNT,President of the United States,,R,MITT ROMNEY,623,19,500,103,1
Gordon,RED BUD,President of the United States,,R,MITT ROMNEY,1135,20,697,415,3
Gordon,RESACA,President of the United States,,R,MITT ROMNEY,568,18,398,151,1
Gordon,,President of the United States,,D,BARACK OBAMA (I),3440,146,1887,1403,4
Gordon,SUGAR VALLEY,President of the United States,,D,BARACK OBAMA (I),104,3,71,30,0
Gordon,PLAINVILLE,President of the United States,,D,BARACK OBAMA (I),157,6,109,42,0
Gordon,SONORAVILLE,President of the United States,,D,BARACK OBAMA (I),492,12,265,215,0
Gordon,RANGER,President of the United States,,D,BARACK OBAMA (I),63,0,47,16,0
Gordon,PINE CHAPEL,President of the United States,,D,BARACK OBAMA (I),78,9,43,26,0
Gordon,OOSTANAULA,President of the United States,,D,BARACK OBAMA (I),105,4,66,34,1
Gordon,OAKMAN,President of the United States,,D,BARACK OBAMA (I),111,3,84,24,0
Gordon,GORDON COUNTY,President of the United States,,D,BARACK OBAMA (I),626,25,331,269,1
Gordon,CALHOUN CITY,President of the United States,,D,BARACK OBAMA (I),1084,66,475,543,0
Gordon,LILY POND,President of the United States,,D,BARACK OBAMA (I),166,9,89,68,0
Gordon,FAIRMOUNT,President of the United States,,D,BARACK OBAMA (I),113,3,92,17,1
Gordon,RED BUD,President of the United States,,D,BARACK OBAMA (I),227,4,122,100,1
Gordon,RESACA,President of the United States,,D,BARACK OBAMA (I),114,2,93,19,0
Gordon,,President of the United States,,L,GARY JOHNSON,249,10,170,67,2
Gordon,SUGAR VALLEY,President of the United States,,L,GARY JOHNSON,21,0,20,1,0
Gordon,PLAINVILLE,President of the United States,,L,GARY JOHNSON,14,0,8,6,0
Gordon,SONORAVILLE,President of the United States,,L,GARY JOHNSON,40,2,27,10,1
Gordon,RANGER,President of the United States,,L,GARY JOHNSON,7,0,5,2,0
Gordon,PINE CHAPEL,President of the United States,,L,GARY JOHNSON,4,0,4,0,0
Gordon,OOSTANAULA,President of the United States,,L,GARY JOHNSON,4,0,4,0,0
Gordon,OAKMAN,President of the United States,,L,GARY JOHNSON,11,0,10,1,0
Gordon,GORDON COUNTY,President of the United States,,L,GARY JOHNSON,43,1,25,16,1
Gordon,CALHOUN CITY,President of the United States,,L,GARY JOHNSON,53,2,32,19,0
Gordon,LILY POND,President of the United States,,L,GARY JOHNSON,9,1,5,3,0
Gordon,FAIRMOUNT,President of the United States,,L,GARY JOHNSON,15,2,13,0,0
Gordon,RED BUD,President of the United States,,L,GARY JOHNSON,15,0,7,8,0
Gordon,RESACA,President of the United States,,L,GARY JOHNSON,13,2,10,1,0
Gordon,,"Public Service Commission, District 3",3,R,CHUCK EATON (I),11153,346,6133,4657,17
Gordon,SUGAR VALLEY,"Public Service Commission, District 3",3,R,CHUCK EATON (I),501,8,323,170,0
Gordon,PLAINVILLE,"Public Service Commission, District 3",3,R,CHUCK EATON (I),623,18,394,209,2
Gordon,SONORAVILLE,"Public Service Commission, District 3",3,R,CHUCK EATON (I),1891,45,1079,765,2
Gordon,RANGER,"Public Service Commission, District 3",3,R,CHUCK EATON (I),259,4,187,68,0
Gordon,PINE CHAPEL,"Public Service Commission, District 3",3,R,CHUCK EATON (I),364,13,247,104,0
Gordon,OOSTANAULA,"Public Service Commission, District 3",3,R,CHUCK EATON (I),220,13,141,66,0
Gordon,OAKMAN,"Public Service Commission, District 3",3,R,CHUCK EATON (I),274,7,204,63,0
Gordon,GORDON COUNTY,"Public Service Commission, District 3",3,R,CHUCK EATON (I),1953,62,971,918,2
Gordon,CALHOUN CITY,"Public Service Commission, District 3",3,R,CHUCK EATON (I),2439,111,912,1409,7
Gordon,LILY POND,"Public Service Commission, District 3",3,R,CHUCK EATON (I),687,19,360,308,0
Gordon,FAIRMOUNT,"Public Service Commission, District 3",3,R,CHUCK EATON (I),512,17,414,81,0
Gordon,RED BUD,"Public Service Commission, District 3",3,R,CHUCK EATON (I),960,15,581,360,4
Gordon,RESACA,"Public Service Commission, District 3",3,R,CHUCK EATON (I),470,14,320,136,0
Gordon,,"Public Service Commission, District 3",3,D,STEPHEN OPPENHEIMER,3018,116,1664,1234,4
Gordon,SUGAR VALLEY,"Public Service Commission, District 3",3,D,STEPHEN OPPENHEIMER,103,2,73,28,0
Gordon,PLAINVILLE,"Public Service Commission, District 3",3,D,STEPHEN OPPENHEIMER,162,4,107,51,0
Gordon,SONORAVILLE,"Public Service Commission, District 3",3,D,STEPHEN OPPENHEIMER,435,12,240,183,0
Gordon,RANGER,"Public Service Commission, District 3",3,D,STEPHEN OPPENHEIMER,49,2,34,13,0
Gordon,PINE CHAPEL,"Public Service Commission, District 3",3,D,STEPHEN OPPENHEIMER,75,5,45,25,0
Gordon,OOSTANAULA,"Public Service Commission, District 3",3,D,STEPHEN OPPENHEIMER,100,4,66,29,1
Gordon,OAKMAN,"Public Service Commission, District 3",3,D,STEPHEN OPPENHEIMER,94,3,74,17,0
Gordon,GORDON COUNTY,"Public Service Commission, District 3",3,D,STEPHEN OPPENHEIMER,544,22,284,237,1
Gordon,CALHOUN CITY,"Public Service Commission, District 3",3,D,STEPHEN OPPENHEIMER,879,45,381,453,0
Gordon,LILY POND,"Public Service Commission, District 3",3,D,STEPHEN OPPENHEIMER,143,4,74,65,0
Gordon,FAIRMOUNT,"Public Service Commission, District 3",3,D,STEPHEN OPPENHEIMER,103,5,78,19,1
Gordon,RED BUD,"Public Service Commission, District 3",3,D,STEPHEN OPPENHEIMER,221,5,119,97,0
Gordon,RESACA,"Public Service Commission, District 3",3,D,STEPHEN OPPENHEIMER,110,3,89,17,1
Gordon,,"Public Service Commission, District 3",3,L,BRAD PLOEGER,841,25,518,295,3
Gordon,SUGAR VALLEY,"Public Service Commission, District 3",3,L,BRAD PLOEGER,41,0,33,8,0
Gordon,PLAINVILLE,"Public Service Commission, District 3",3,L,BRAD PLOEGER,53,3,34,16,0
Gordon,SONORAVILLE,"Public Service Commission, District 3",3,L,BRAD PLOEGER,146,1,84,60,1
Gordon,RANGER,"Public Service Commission, District 3",3,L,BRAD PLOEGER,34,0,27,7,0
Gordon,PINE CHAPEL,"Public Service Commission, District 3",3,L,BRAD PLOEGER,17,0,9,8,0
Gordon,OOSTANAULA,"Public Service Commission, District 3",3,L,BRAD PLOEGER,22,0,18,4,0
Gordon,OAKMAN,"Public Service Commission, District 3",3,L,BRAD PLOEGER,27,1,22,4,0
Gordon,GORDON COUNTY,"Public Service Commission, District 3",3,L,BRAD PLOEGER,125,5,67,52,1
Gordon,CALHOUN CITY,"Public Service Commission, District 3",3,L,BRAD PLOEGER,178,8,83,86,1
Gordon,LILY POND,"Public Service Commission, District 3",3,L,BRAD PLOEGER,48,2,28,18,0
Gordon,FAIRMOUNT,"Public Service Commission, District 3",3,L,BRAD PLOEGER,49,2,42,5,0
Gordon,RED BUD,"Public Service Commission, District 3",3,L,BRAD PLOEGER,58,0,37,21,0
Gordon,RESACA,"Public Service Commission, District 3",3,L,BRAD PLOEGER,43,3,34,6,0
Gordon,,"Public Service Commission, District 5",5,R,STAN WISE (I),11772,368,6465,4923,16
Gordon,SUGAR VALLEY,"Public Service Commission, District 5",5,R,STAN WISE (I),524,7,342,175,0
Gordon,PLAINVILLE,"Public Service Commission, District 5",5,R,STAN WISE (I),667,18,422,225,2
Gordon,SONORAVILLE,"Public Service Commission, District 5",5,R,STAN WISE (I),1980,50,1114,815,1
Gordon,RANGER,"Public Service Commission, District 5",5,R,STAN WISE (I),250,4,179,67,0
Gordon,PINE CHAPEL,"Public Service Commission, District 5",5,R,STAN WISE (I),373,12,251,110,0
Gordon,OOSTANAULA,"Public Service Commission, District 5",5,R,STAN WISE (I),247,13,161,72,1
Gordon,OAKMAN,"Public Service Commission, District 5",5,R,STAN WISE (I),282,7,209,66,0
Gordon,GORDON COUNTY,"Public Service Commission, District 5",5,R,STAN WISE (I),2061,66,1020,973,2
Gordon,CALHOUN CITY,"Public Service Commission, District 5",5,R,STAN WISE (I),2649,125,1007,1511,6
Gordon,LILY POND,"Public Service Commission, District 5",5,R,STAN WISE (I),704,19,372,313,0
Gordon,FAIRMOUNT,"Public Service Commission, District 5",5,R,STAN WISE (I),518,15,423,80,0
Gordon,RED BUD,"Public Service Commission, District 5",5,R,STAN WISE (I),1015,17,612,383,3
Gordon,RESACA,"Public Service Commission, District 5",5,R,STAN WISE (I),502,15,353,133,1
Gordon,,"Public Service Commission, District 5",5,L,DAVID STAPLES,2774,91,1624,1054,5
Gordon,SUGAR VALLEY,"Public Service Commission, District 5",5,L,DAVID STAPLES,120,2,87,31,0
Gordon,PLAINVILLE,"Public Service Commission, District 5",5,L,DAVID STAPLES,140,4,97,39,0
Gordon,SONORAVILLE,"Public Service Commission, District 5",5,L,DAVID STAPLES,444,8,251,183,2
Gordon,RANGER,"Public Service Commission, District 5",5,L,DAVID STAPLES,81,1,58,22,0
Gordon,PINE CHAPEL,"Public Service Commission, District 5",5,L,DAVID STAPLES,64,4,40,20,0
Gordon,OOSTANAULA,"Public Service Commission, District 5",5,L,DAVID STAPLES,84,1,59,24,0
Gordon,OAKMAN,"Public Service Commission, District 5",5,L,DAVID STAPLES,105,3,85,17,0
Gordon,GORDON COUNTY,"Public Service Commission, District 5",5,L,DAVID STAPLES,491,19,272,200,0
Gordon,CALHOUN CITY,"Public Service Commission, District 5",5,L,DAVID STAPLES,679,30,309,339,1
Gordon,LILY POND,"Public Service Commission, District 5",5,L,DAVID STAPLES,133,5,71,57,0
Gordon,FAIRMOUNT,"Public Service Commission, District 5",5,L,DAVID STAPLES,130,7,103,19,1
Gordon,RED BUD,"Public Service Commission, District 5",5,L,DAVID STAPLES,195,2,113,79,1
Gordon,RESACA,"Public Service Commission, District 5",5,L,DAVID STAPLES,108,5,79,24,0
Gordon,,U.S. Representative,14,R,TOM GRAVES (I),11998,371,6663,4942,22
Gordon,SUGAR VALLEY,U.S. Representative,14,R,TOM GRAVES (I),561,8,377,176,0
Gordon,PLAINVILLE,U.S. Representative,14,R,TOM GRAVES (I),699,21,442,234,2
Gordon,SONORAVILLE,U.S. Representative,14,R,TOM GRAVES (I),2057,49,1166,839,3
Gordon,RANGER,U.S. Representative,14,R,TOM GRAVES (I),281,4,203,74,0
Gordon,PINE CHAPEL,U.S. Representative,14,R,TOM GRAVES (I),381,6,259,116,0
Gordon,OOSTANAULA,U.S. Representative,14,R,TOM GRAVES (I),244,15,164,65,0
Gordon,OAKMAN,U.S. Representative,14,R,TOM GRAVES (I),294,6,221,67,0
Gordon,GORDON COUNTY,U.S. Representative,14,R,TOM GRAVES (I),2056,64,1027,963,2
Gordon,CALHOUN CITY,U.S. Representative,14,R,TOM GRAVES (I),2556,122,945,1480,9
Gordon,LILY POND,U.S. Representative,14,R,TOM GRAVES (I),746,17,396,333,0
Gordon,FAIRMOUNT,U.S. Representative,14,R,TOM GRAVES (I),563,19,461,82,1
Gordon,RED BUD,U.S. Representative,14,R,TOM GRAVES (I),1032,19,632,377,4
Gordon,RESACA,U.S. Representative,14,R,TOM GRAVES (I),528,21,370,136,1
Gordon,,U.S. Representative,14,D,DANIEL GRANT,3952,144,2191,1614,3
Gordon,SUGAR VALLEY,U.S. Representative,14,D,DANIEL GRANT,134,2,89,43,0
Gordon,PLAINVILLE,U.S. Representative,14,D,DANIEL GRANT,197,6,138,53,0
Gordon,SONORAVILLE,U.S. Representative,14,D,DANIEL GRANT,580,14,321,245,0
Gordon,RANGER,U.S. Representative,14,D,DANIEL GRANT,83,2,61,20,0
Gordon,PINE CHAPEL,U.S. Representative,14,D,DANIEL GRANT,101,13,60,28,0
Gordon,OOSTANAULA,U.S. Representative,14,D,DANIEL GRANT,128,4,83,40,1
Gordon,OAKMAN,U.S. Representative,14,D,DANIEL GRANT,131,4,101,26,0
Gordon,GORDON COUNTY,U.S. Representative,14,D,DANIEL GRANT,710,31,371,306,2
Gordon,CALHOUN CITY,U.S. Representative,14,D,DANIEL GRANT,1155,49,506,600,0
Gordon,LILY POND,U.S. Representative,14,D,DANIEL GRANT,176,8,94,74,0
Gordon,FAIRMOUNT,U.S. Representative,14,D,DANIEL GRANT,145,5,110,30,0
Gordon,RED BUD,U.S. Representative,14,D,DANIEL GRANT,278,5,153,120,0
Gordon,RESACA,U.S. Representative,14,D,DANIEL GRANT,134,1,104,29,0
Gordon,,State Senator,52,R,CHUCK HUFSTETLER,7801,261,3920,3607,13
Gordon,SUGAR VALLEY,State Senator,52,R,CHUCK HUFSTETLER,594,8,398,188,0
Gordon,PLAINVILLE,State Senator,52,R,CHUCK HUFSTETLER,753,17,490,244,2
Gordon,OOSTANAULA,State Senator,52,R,CHUCK HUFSTETLER,299,15,202,81,1
Gordon,GORDON COUNTY,State Senator,52,R,CHUCK HUFSTETLER,2322,69,1187,1064,2
Gordon,CALHOUN CITY,State Senator,52,R,CHUCK HUFSTETLER,3008,133,1186,1682,7
Gordon,LILY POND,State Senator,52,R,CHUCK HUFSTETLER,788,19,428,341,0
Gordon,RESACA,State Senator,52,R,CHUCK HUFSTETLER,37,0,29,7,1
Gordon,,State Senator,54,R,CHARLIE BETHEL (I),5456,126,3499,1825,6
Gordon,SONORAVILLE,State Senator,54,R,CHARLIE BETHEL (I),2197,50,1244,901,2
Gordon,RANGER,State Senator,54,R,CHARLIE BETHEL (I),294,4,218,72,0
Gordon,PINE CHAPEL,State Senator,54,R,CHARLIE BETHEL (I),389,13,258,118,0
Gordon,OAKMAN,State Senator,54,R,CHARLIE BETHEL (I),337,7,257,73,0
Gordon,FAIRMOUNT,State Senator,54,R,CHARLIE BETHEL (I),592,19,479,93,1
Gordon,RED BUD,State Senator,54,R,CHARLIE BETHEL (I),1127,18,673,433,3
Gordon,RESACA,State Senator,54,R,CHARLIE BETHEL (I),520,15,370,135,0
Gordon,,State Representative,5,R,JOHN MEADOWS (I),10365,335,5479,4535,16
Gordon,SUGAR VALLEY,State Representative,5,R,JOHN MEADOWS (I),563,8,376,179,0
Gordon,PLAINVILLE,State Representative,5,R,JOHN MEADOWS (I),696,18,452,224,2
Gordon,SONORAVILLE,State Representative,5,R,JOHN MEADOWS (I),1198,33,701,463,1
Gordon,PINE CHAPEL,State Representative,5,R,JOHN MEADOWS (I),396,12,268,116,0
Gordon,OOSTANAULA,State Representative,5,R,JOHN MEADOWS (I),256,15,168,73,0
Gordon,GORDON COUNTY,State Representative,5,R,JOHN MEADOWS (I),2132,65,1060,1005,2
Gordon,CALHOUN CITY,State Representative,5,R,JOHN MEADOWS (I),2795,125,1041,1622,7
Gordon,LILY POND,State Representative,5,R,JOHN MEADOWS (I),749,21,401,327,0
Gordon,RED BUD,State Representative,5,R,JOHN MEADOWS (I),1061,19,648,391,3
Gordon,RESACA,State Representative,5,R,JOHN MEADOWS (I),519,19,364,135,1
Gordon,,State Representative,5,D,HOWARD JOHNSON,2923,104,1576,1238,5
Gordon,SUGAR VALLEY,State Representative,5,D,HOWARD JOHNSON,127,2,83,42,0
Gordon,PLAINVILLE,State Representative,5,D,HOWARD JOHNSON,187,5,121,61,0
Gordon,SONORAVILLE,State Representative,5,D,HOWARD JOHNSON,319,8,177,134,0
Gordon,PINE CHAPEL,State Representative,5,D,HOWARD JOHNSON,84,6,47,31,0
Gordon,OOSTANAULA,State Representative,5,D,HOWARD JOHNSON,111,4,74,32,1
Gordon,GORDON COUNTY,State Representative,5,D,HOWARD JOHNSON,619,25,324,268,2
Gordon,CALHOUN CITY,State Representative,5,D,HOWARD JOHNSON,939,44,425,469,1
Gordon,LILY POND,State Representative,5,D,HOWARD JOHNSON,163,5,86,72,0
Gordon,RED BUD,State Representative,5,D,HOWARD JOHNSON,242,4,135,102,1
Gordon,RESACA,State Representative,5,D,HOWARD JOHNSON,132,1,104,27,0
Gordon,,State Representative,11,R,RICK JASPERSE (I),2191,51,1479,660,1
Gordon,SONORAVILLE,State Representative,11,R,RICK JASPERSE (I),935,21,497,417,0
Gordon,RANGER,State Representative,11,R,RICK JASPERSE (I),301,3,224,74,0
Gordon,OAKMAN,State Representative,11,R,RICK JASPERSE (I),338,7,262,69,0
Gordon,FAIRMOUNT,State Representative,11,R,RICK JASPERSE (I),617,20,496,100,1
Gordon,,District Attorney, Cherokee Circuit,R,ROSEMARY GREENE,13359,383,7472,5481,23
Gordon,SUGAR VALLEY,District Attorney, Cherokee Circuit,R,ROSEMARY GREENE,591,8,391,192,0
Gordon,PLAINVILLE,District Attorney, Cherokee Circuit,R,ROSEMARY GREENE,738,16,474,246,2
Gordon,SONORAVILLE,District Attorney, Cherokee Circuit,R,ROSEMARY GREENE,2235,52,1265,915,3
Gordon,RANGER,District Attorney, Cherokee Circuit,R,ROSEMARY GREENE,298,2,222,74,0
Gordon,PINE CHAPEL,District Attorney, Cherokee Circuit,R,ROSEMARY GREENE,402,13,266,123,0
Gordon,OOSTANAULA,District Attorney, Cherokee Circuit,R,ROSEMARY GREENE,289,14,193,81,1
Gordon,OAKMAN,District Attorney, Cherokee Circuit,R,ROSEMARY GREENE,343,8,260,75,0
Gordon,GORDON COUNTY,District Attorney, Cherokee Circuit,R,ROSEMARY GREENE,2320,68,1193,1056,3
Gordon,CALHOUN CITY,District Attorney, Cherokee Circuit,R,ROSEMARY GREENE,3070,133,1224,1706,7
Gordon,LILY POND,District Attorney, Cherokee Circuit,R,ROSEMARY GREENE,775,19,418,338,0
Gordon,FAIRMOUNT,District Attorney, Cherokee Circuit,R,ROSEMARY GREENE,607,19,489,97,2
Gordon,RED BUD,District Attorney, Cherokee Circuit,R,ROSEMARY GREENE,1131,16,675,436,4
Gordon,RESACA,District Attorney, Cherokee Circuit,R,ROSEMARY GREENE,560,15,402,142,1
Gordon,,CLERK SUPERIOR COURT,,R,GRANT WALRAVEN,14174,403,7922,5827,22
Gordon,SUGAR VALLEY,CLERK SUPERIOR COURT,,R,GRANT WALRAVEN,623,7,414,202,0
Gordon,PLAINVILLE,CLERK SUPERIOR COURT,,R,GRANT WALRAVEN,783,15,508,258,2
Gordon,SONORAVILLE,CLERK SUPERIOR COURT,,R,GRANT WALRAVEN,2351,53,1332,963,3
Gordon,RANGER,CLERK SUPERIOR COURT,,R,GRANT WALRAVEN,320,2,239,79,0
Gordon,PINE CHAPEL,CLERK SUPERIOR COURT,,R,GRANT WALRAVEN,439,13,296,130,0
Gordon,OOSTANAULA,CLERK SUPERIOR COURT,,R,GRANT WALRAVEN,318,14,212,91,1
Gordon,OAKMAN,CLERK SUPERIOR COURT,,R,GRANT WALRAVEN,353,8,269,76,0
Gordon,GORDON COUNTY,CLERK SUPERIOR COURT,,R,GRANT WALRAVEN,2469,73,1258,1136,2
Gordon,CALHOUN CITY,CLERK SUPERIOR COURT,,R,GRANT WALRAVEN,3277,142,1304,1823,8
Gordon,LILY POND,CLERK SUPERIOR COURT,,R,GRANT WALRAVEN,825,22,442,361,0
Gordon,FAIRMOUNT,CLERK SUPERIOR COURT,,R,GRANT WALRAVEN,620,20,504,95,1
Gordon,RED BUD,CLERK SUPERIOR COURT,,R,GRANT WALRAVEN,1194,16,713,461,4
Gordon,RESACA,CLERK SUPERIOR COURT,,R,GRANT WALRAVEN,602,18,431,152,1
Gordon,,SHERIFF,,R,MITCH RALSTON (I),14271,410,8015,5826,20
Gordon,SUGAR VALLEY,SHERIFF,,R,MITCH RALSTON (I),613,8,408,197,0
Gordon,PLAINVILLE,SHERIFF,,R,MITCH RALSTON (I),778,16,504,256,2
Gordon,SONORAVILLE,SHERIFF,,R,MITCH RALSTON (I),2377,55,1367,952,3
Gordon,RANGER,SHERIFF,,R,MITCH RALSTON (I),318,3,236,79,0
Gordon,PINE CHAPEL,SHERIFF,,R,MITCH RALSTON (I),441,13,297,131,0
Gordon,OOSTANAULA,SHERIFF,,R,MITCH RALSTON (I),322,14,214,93,1
Gordon,OAKMAN,SHERIFF,,R,MITCH RALSTON (I),365,8,278,79,0
Gordon,GORDON COUNTY,SHERIFF,,R,MITCH RALSTON (I),2471,74,1273,1122,2
Gordon,CALHOUN CITY,SHERIFF,,R,MITCH RALSTON (I),3328,139,1322,1860,7
Gordon,LILY POND,SHERIFF,,R,MITCH RALSTON (I),832,23,446,363,0
Gordon,FAIRMOUNT,SHERIFF,,R,MITCH RALSTON (I),631,21,510,99,1
Gordon,RED BUD,SHERIFF,,R,MITCH RALSTON (I),1185,18,713,451,3
Gordon,RESACA,SHERIFF,,R,MITCH RALSTON (I),610,18,447,144,1
Gordon,,TAX COMMISSIONER,,R,T. S. CLEMENTS (I),14146,405,7923,5796,22
Gordon,SUGAR VALLEY,TAX COMMISSIONER,,R,T. S. CLEMENTS (I),628,8,417,203,0
Gordon,PLAINVILLE,TAX COMMISSIONER,,R,T. S. CLEMENTS (I),780,16,503,259,2
Gordon,SONORAVILLE,TAX COMMISSIONER,,R,T. S. CLEMENTS (I),2371,58,1355,955,3
Gordon,RANGER,TAX COMMISSIONER,,R,T. S. CLEMENTS (I),319,2,237,80,0
Gordon,PINE CHAPEL,TAX COMMISSIONER,,R,T. S. CLEMENTS (I),438,15,298,125,0
Gordon,OOSTANAULA,TAX COMMISSIONER,,R,T. S. CLEMENTS (I),320,15,213,91,1
Gordon,OAKMAN,TAX COMMISSIONER,,R,T. S. CLEMENTS (I),349,7,266,76,0
Gordon,GORDON COUNTY,TAX COMMISSIONER,,R,T. S. CLEMENTS (I),2459,74,1250,1133,2
Gordon,CALHOUN CITY,TAX COMMISSIONER,,R,T. S. CLEMENTS (I),3249,138,1287,1816,8
Gordon,LILY POND,TAX COMMISSIONER,,R,T. S. CLEMENTS (I),810,20,433,357,0
Gordon,FAIRMOUNT,TAX COMMISSIONER,,R,T. S. CLEMENTS (I),625,20,504,100,1
Gordon,RED BUD,TAX COMMISSIONER,,R,T. S. CLEMENTS (I),1191,16,721,450,4
Gordon,RESACA,TAX COMMISSIONER,,R,T. S. CLEMENTS (I),607,16,439,151,1
Gordon,,CORONER,,R,JAMES CARVER (I),14018,403,7871,5722,22
Gordon,SUGAR VALLEY,CORONER,,R,JAMES CARVER (I),615,8,406,201,0
Gordon,PLAINVILLE,CORONER,,R,JAMES CARVER (I),766,16,495,253,2
Gordon,SONORAVILLE,CORONER,,R,JAMES CARVER (I),2357,56,1350,947,4
Gordon,RANGER,CORONER,,R,JAMES CARVER (I),323,3,240,80,0
Gordon,PINE CHAPEL,CORONER,,R,JAMES CARVER (I),434,15,296,123,0
Gordon,OOSTANAULA,CORONER,,R,JAMES CARVER (I),308,13,208,86,1
Gordon,OAKMAN,CORONER,,R,JAMES CARVER (I),351,8,267,76,0
Gordon,GORDON COUNTY,CORONER,,R,JAMES CARVER (I),2432,71,1245,1114,2
Gordon,CALHOUN CITY,CORONER,,R,JAMES CARVER (I),3205,139,1266,1793,7
Gordon,LILY POND,CORONER,,R,JAMES CARVER (I),808,19,430,359,0
Gordon,FAIRMOUNT,CORONER,,R,JAMES CARVER (I),633,20,514,98,1
Gordon,RED BUD,CORONER,,R,JAMES CARVER (I),1177,18,710,445,4
Gordon,RESACA,CORONER,,R,JAMES CARVER (I),609,17,444,147,1
Gordon,,CHIEF MAGISTRATE,,R,RICKY SILVERS,12015,365,6662,4970,18
Gordon,SUGAR VALLEY,CHIEF MAGISTRATE,,R,RICKY SILVERS,548,8,357,183,0
Gordon,PLAINVILLE,CHIEF MAGISTRATE,,R,RICKY SILVERS,685,19,436,228,2
Gordon,SONORAVILLE,CHIEF MAGISTRATE,,R,RICKY SILVERS,2024,46,1141,833,4
Gordon,RANGER,CHIEF MAGISTRATE,,R,RICKY SILVERS,287,4,207,76,0
Gordon,PINE CHAPEL,CHIEF MAGISTRATE,,R,RICKY SILVERS,389,9,266,114,0
Gordon,OOSTANAULA,CHIEF MAGISTRATE,,R,RICKY SILVERS,254,10,175,69,0
Gordon,OAKMAN,CHIEF MAGISTRATE,,R,RICKY SILVERS,301,8,226,67,0
Gordon,GORDON COUNTY,CHIEF MAGISTRATE,,R,RICKY SILVERS,2054,64,1017,972,1
Gordon,CALHOUN CITY,CHIEF MAGISTRATE,,R,RICKY SILVERS,2599,121,975,1495,8
Gordon,LILY POND,CHIEF MAGISTRATE,,R,RICKY SILVERS,733,21,387,325,0
Gordon,FAIRMOUNT,CHIEF MAGISTRATE,,R,RICKY SILVERS,556,20,450,86,0
Gordon,RED BUD,CHIEF MAGISTRATE,,R,RICKY SILVERS,1048,19,646,381,2
Gordon,RESACA,CHIEF MAGISTRATE,,R,RICKY SILVERS,537,16,379,141,1
Gordon,,CHIEF MAGISTRATE,,D,SCOTT HAYNES,3713,129,2077,1501,6
Gordon,SUGAR VALLEY,CHIEF MAGISTRATE,,D,SCOTT HAYNES,136,2,96,38,0
Gordon,PLAINVILLE,CHIEF MAGISTRATE,,D,SCOTT HAYNES,180,4,122,54,0
Gordon,SONORAVILLE,CHIEF MAGISTRATE,,D,SCOTT HAYNES,557,16,318,223,0
Gordon,RANGER,CHIEF MAGISTRATE,,D,SCOTT HAYNES,77,2,56,19,0
Gordon,PINE CHAPEL,CHIEF MAGISTRATE,,D,SCOTT HAYNES,88,10,49,29,0
Gordon,OOSTANAULA,CHIEF MAGISTRATE,,D,SCOTT HAYNES,104,5,67,31,1
Gordon,OAKMAN,CHIEF MAGISTRATE,,D,SCOTT HAYNES,117,3,90,24,0
Gordon,GORDON COUNTY,CHIEF MAGISTRATE,,D,SCOTT HAYNES,699,25,373,299,2
Gordon,CALHOUN CITY,CHIEF MAGISTRATE,,D,SCOTT HAYNES,1065,47,465,552,1
Gordon,LILY POND,CHIEF MAGISTRATE,,D,SCOTT HAYNES,174,5,96,73,0
Gordon,FAIRMOUNT,CHIEF MAGISTRATE,,D,SCOTT HAYNES,145,3,115,26,1
Gordon,RED BUD,CHIEF MAGISTRATE,,D,SCOTT HAYNES,255,5,137,112,1
Gordon,RESACA,CHIEF MAGISTRATE,,D,SCOTT HAYNES,116,2,93,21,0
Gordon,,CC D1,,R,JEFF GAZAWAY,13573,384,7623,5546,20
Gordon,SUGAR VALLEY,CC D1,,R,JEFF GAZAWAY,602,9,398,195,0
Gordon,PLAINVILLE,CC D1,,R,JEFF GAZAWAY,766,14,501,249,2
Gordon,SONORAVILLE,CC D1,,R,JEFF GAZAWAY,2278,53,1297,925,3
Gordon,RANGER,CC D1,,R,JEFF GAZAWAY,310,4,232,74,0
Gordon,PINE CHAPEL,CC D1,,R,JEFF GAZAWAY,412,13,277,122,0
Gordon,OOSTANAULA,CC D1,,R,JEFF GAZAWAY,304,12,207,84,1
Gordon,OAKMAN,CC D1,,R,JEFF GAZAWAY,345,8,264,73,0
Gordon,GORDON COUNTY,CC D1,,R,JEFF GAZAWAY,2352,69,1203,1078,2
Gordon,CALHOUN CITY,CC D1,,R,JEFF GAZAWAY,3095,132,1231,1725,7
Gordon,LILY POND,CC D1,,R,JEFF GAZAWAY,794,21,424,349,0
Gordon,FAIRMOUNT,CC D1,,R,JEFF GAZAWAY,602,20,487,94,1
Gordon,RED BUD,CC D1,,R,JEFF GAZAWAY,1131,14,682,432,3
Gordon,RESACA,CC D1,,R,JEFF GAZAWAY,582,15,420,146,1
Gordon,,CC D3,,R,NORRIS SEXTON,13548,390,7630,5508,20
Gordon,SUGAR VALLEY,CC D3,,R,NORRIS SEXTON,600,9,398,193,0
Gordon,PLAINVILLE,CC D3,,R,NORRIS SEXTON,739,13,486,238,2
Gordon,SONORAVILLE,CC D3,,R,NORRIS SEXTON,2285,53,1309,920,3
Gordon,RANGER,CC D3,,R,NORRIS SEXTON,308,4,233,71,0
Gordon,PINE CHAPEL,CC D3,,R,NORRIS SEXTON,418,14,283,121,0
Gordon,OOSTANAULA,CC D3,,R,NORRIS SEXTON,301,13,205,82,1
Gordon,OAKMAN,CC D3,,R,NORRIS SEXTON,339,8,260,71,0
Gordon,GORDON COUNTY,CC D3,,R,NORRIS SEXTON,2367,73,1200,1092,2
Gordon,CALHOUN CITY,CC D3,,R,NORRIS SEXTON,3072,131,1224,1710,7
Gordon,LILY POND,CC D3,,R,NORRIS SEXTON,791,20,424,347,0
Gordon,FAIRMOUNT,CC D3,,R,NORRIS SEXTON,603,20,490,92,1
Gordon,RED BUD,CC D3,,R,NORRIS SEXTON,1138,15,691,429,3
Gordon,RESACA,CC D3,,R,NORRIS SEXTON,587,17,427,142,1
Gordon,,CC D5,,R,KEVIN CUNNINGHAM,13426,383,7544,5479,20
Gordon,SUGAR VALLEY,CC D5,,R,KEVIN CUNNINGHAM,596,9,395,192,0
Gordon,PLAINVILLE,CC D5,,R,KEVIN CUNNINGHAM,746,15,490,239,2
Gordon,SONORAVILLE,CC D5,,R,KEVIN CUNNINGHAM,2244,53,1281,907,3
Gordon,RANGER,CC D5,,R,KEVIN CUNNINGHAM,306,3,232,71,0
Gordon,PINE CHAPEL,CC D5,,R,KEVIN CUNNINGHAM,399,13,265,121,0
Gordon,OOSTANAULA,CC D5,,R,KEVIN CUNNINGHAM,303,13,206,83,1
Gordon,OAKMAN,CC D5,,R,KEVIN CUNNINGHAM,335,8,257,70,0
Gordon,GORDON COUNTY,CC D5,,R,KEVIN CUNNINGHAM,2320,68,1182,1068,2
Gordon,CALHOUN CITY,CC D5,,R,KEVIN CUNNINGHAM,3075,127,1225,1716,7
Gordon,LILY POND,CC D5,,R,KEVIN CUNNINGHAM,784,22,422,340,0
Gordon,FAIRMOUNT,CC D5,,R,KEVIN CUNNINGHAM,618,21,498,98,1
Gordon,RED BUD,CC D5,,R,KEVIN CUNNINGHAM,1130,15,684,428,3
Gordon,RESACA,CC D5,,R,KEVIN CUNNINGHAM,570,16,407,146,1
Gordon,,BOE P2,,R,BRENDA L. NULL (I),9759,239,5935,3573,12
Gordon,SUGAR VALLEY,BOE P2,,R,BRENDA L. NULL (I),528,8,346,174,0
Gordon,PLAINVILLE,BOE P2,,R,BRENDA L. NULL (I),699,11,462,225,1
Gordon,SONORAVILLE,BOE P2,,R,BRENDA L. NULL (I),2116,47,1196,870,3
Gordon,RANGER,BOE P2,,R,BRENDA L. NULL (I),290,4,220,66,0
Gordon,PINE CHAPEL,BOE P2,,R,BRENDA L. NULL (I),380,13,254,113,0
Gordon,OOSTANAULA,BOE P2,,R,BRENDA L. NULL (I),286,12,191,82,1
Gordon,OAKMAN,BOE P2,,R,BRENDA L. NULL (I),320,8,247,65,0
Gordon,GORDON COUNTY,BOE P2,,R,BRENDA L. NULL (I),2241,66,1153,1020,2
Gordon,LILY POND,BOE P2,,R,BRENDA L. NULL (I),755,21,399,335,0
Gordon,FAIRMOUNT,BOE P2,,R,BRENDA L. NULL (I),575,20,466,88,1
Gordon,RED BUD,BOE P2,,R,BRENDA L. NULL (I),1051,12,635,401,3
Gordon,RESACA,BOE P2,,R,BRENDA L. NULL (I),518,17,366,134,1
Gordon,,BOE P4,,R,SCOTT WILLIAMS (I),10187,253,6214,3708,12
Gordon,SUGAR VALLEY,BOE P4,,R,SCOTT WILLIAMS (I),586,9,389,188,0
Gordon,PLAINVILLE,BOE P4,,R,SCOTT WILLIAMS (I),740,12,489,238,1
Gordon,SONORAVILLE,BOE P4,,R,SCOTT WILLIAMS (I),2199,54,1241,901,3
Gordon,RANGER,BOE P4,,R,SCOTT WILLIAMS (I),303,4,228,71,0
Gordon,PINE CHAPEL,BOE P4,,R,SCOTT WILLIAMS (I),403,13,272,118,0
Gordon,OOSTANAULA,BOE P4,,R,SCOTT WILLIAMS (I),293,12,200,80,1
Gordon,OAKMAN,BOE P4,,R,SCOTT WILLIAMS (I),332,8,255,69,0
Gordon,GORDON COUNTY,BOE P4,,R,SCOTT WILLIAMS (I),2297,69,1177,1049,2
Gordon,LILY POND,BOE P4,,R,SCOTT WILLIAMS (I),778,21,414,343,0
Gordon,FAIRMOUNT,BOE P4,,R,SCOTT WILLIAMS (I),596,20,482,93,1
Gordon,RED BUD,BOE P4,,R,SCOTT WILLIAMS (I),1092,15,658,416,3
Gordon,RESACA,BOE P4,,R,SCOTT WILLIAMS (I),568,16,409,142,1
Gordon,,BOE P6,,R,CHRIS JOHNSON (I),10115,250,6171,3682,12
Gordon,SUGAR VALLEY,BOE P6,,R,CHRIS JOHNSON (I),578,8,380,190,0
Gordon,PLAINVILLE,BOE P6,,R,CHRIS JOHNSON (I),735,14,483,237,1
Gordon,SONORAVILLE,BOE P6,,R,CHRIS JOHNSON (I),2181,52,1238,888,3
Gordon,RANGER,BOE P6,,R,CHRIS JOHNSON (I),296,4,221,71,0
Gordon,PINE CHAPEL,BOE P6,,R,CHRIS JOHNSON (I),401,13,268,120,0
Gordon,OOSTANAULA,BOE P6,,R,CHRIS JOHNSON (I),288,12,197,78,1
Gordon,OAKMAN,BOE P6,,R,CHRIS JOHNSON (I),334,8,257,69,0
Gordon,GORDON COUNTY,BOE P6,,R,CHRIS JOHNSON (I),2279,68,1163,1046,2
Gordon,LILY POND,BOE P6,,R,CHRIS JOHNSON (I),764,20,411,333,0
Gordon,FAIRMOUNT,BOE P6,,R,CHRIS JOHNSON (I),612,20,497,94,1
Gordon,RED BUD,BOE P6,,R,CHRIS JOHNSON (I),1089,15,654,417,3
Gordon,RESACA,BOE P6,,R,CHRIS JOHNSON (I),558,16,402,139,1
Gordon,,SOIL AND WATER,,,SAM PAYNE (I),13208,400,7402,5388,18
Gordon,SUGAR VALLEY,SOIL AND WATER,,,SAM PAYNE (I),584,11,387,186,0
Gordon,PLAINVILLE,SOIL AND WATER,,,SAM PAYNE (I),739,17,481,240,1
Gordon,SONORAVILLE,SOIL AND WATER,,,SAM PAYNE (I),2186,55,1245,883,3
Gordon,RANGER,SOIL AND WATER,,,SAM PAYNE (I),300,4,224,72,0
Gordon,PINE CHAPEL,SOIL AND WATER,,,SAM PAYNE (I),400,13,272,115,0
Gordon,OOSTANAULA,SOIL AND WATER,,,SAM PAYNE (I),295,15,194,85,1
Gordon,OAKMAN,SOIL AND WATER,,,SAM PAYNE (I),329,8,254,67,0
Gordon,GORDON COUNTY,SOIL AND WATER,,,SAM PAYNE (I),2300,71,1177,1051,1
Gordon,CALHOUN CITY,SOIL AND WATER,,,SAM PAYNE (I),3082,136,1236,1703,7
Gordon,LILY POND,SOIL AND WATER,,,SAM PAYNE (I),766,23,407,336,0
Gordon,FAIRMOUNT,SOIL AND WATER,,,SAM PAYNE (I),583,20,471,91,1
Gordon,RED BUD,SOIL AND WATER,,,SAM PAYNE (I),1090,12,655,420,3
Gordon,RESACA,SOIL AND WATER,,,SAM PAYNE (I),554,15,399,139,1
Gordon,,Constitutional Amendment #1<br>Shall the Constitution be amended to allow state or local approval of public charter schools upon the request of local communities?,,,YES,5638,244,2809,2576,9
Gordon,SUGAR VALLEY,Constitutional Amendment #1<br>Shall the Constitution be amended to allow state or local approval of public charter schools upon the request of local communities?,,,YES,230,7,132,91,0
Gordon,PLAINVILLE,Constitutional Amendment #1<br>Shall the Constitution be amended to allow state or local approval of public charter schools upon the request of local communities?,,,YES,351,13,217,120,1
Gordon,SONORAVILLE,Constitutional Amendment #1<br>Shall the Constitution be amended to allow state or local approval of public charter schools upon the request of local communities?,,,YES,843,33,394,415,1
Gordon,RANGER,Constitutional Amendment #1<br>Shall the Constitution be amended to allow state or local approval of public charter schools upon the request of local communities?,,,YES,152,3,100,49,0
Gordon,PINE CHAPEL,Constitutional Amendment #1<br>Shall the Constitution be amended to allow state or local approval of public charter schools upon the request of local communities?,,,YES,188,11,108,69,0
Gordon,OOSTANAULA,Constitutional Amendment #1<br>Shall the Constitution be amended to allow state or local approval of public charter schools upon the request of local communities?,,,YES,141,9,76,55,1
Gordon,OAKMAN,Constitutional Amendment #1<br>Shall the Constitution be amended to allow state or local approval of public charter schools upon the request of local communities?,,,YES,178,5,127,46,0
Gordon,GORDON COUNTY,Constitutional Amendment #1<br>Shall the Constitution be amended to allow state or local approval of public charter schools upon the request of local communities?,,,YES,985,45,465,474,1
Gordon,CALHOUN CITY,Constitutional Amendment #1<br>Shall the Constitution be amended to allow state or local approval of public charter schools upon the request of local communities?,,,YES,1332,84,467,778,3
Gordon,LILY POND,Constitutional Amendment #1<br>Shall the Constitution be amended to allow state or local approval of public charter schools upon the request of local communities?,,,YES,359,7,166,186,0
Gordon,FAIRMOUNT,Constitutional Amendment #1<br>Shall the Constitution be amended to allow state or local approval of public charter schools upon the request of local communities?,,,YES,213,9,163,41,0
Gordon,RED BUD,Constitutional Amendment #1<br>Shall the Constitution be amended to allow state or local approval of public charter schools upon the request of local communities?,,,YES,418,11,224,182,1
Gordon,RESACA,Constitutional Amendment #1<br>Shall the Constitution be amended to allow state or local approval of public charter schools upon the request of local communities?,,,YES,248,7,170,70,1
Gordon,,Constitutional Amendment #1<br>Shall the Constitution be amended to allow state or local approval of public charter schools upon the request of local communities?,,,NO,10569,258,6261,4037,13
Gordon,SUGAR VALLEY,Constitutional Amendment #1<br>Shall the Constitution be amended to allow state or local approval of public charter schools upon the request of local communities?,,,NO,483,5,346,132,0
Gordon,PLAINVILLE,Constitutional Amendment #1<br>Shall the Constitution be amended to allow state or local approval of public charter schools upon the request of local communities?,,,NO,548,13,372,162,1
Gordon,SONORAVILLE,Constitutional Amendment #1<br>Shall the Constitution be amended to allow state or local approval of public charter schools upon the request of local communities?,,,NO,1846,27,1140,677,2
Gordon,RANGER,Constitutional Amendment #1<br>Shall the Constitution be amended to allow state or local approval of public charter schools upon the request of local communities?,,,NO,219,2,168,49,0
Gordon,PINE CHAPEL,Constitutional Amendment #1<br>Shall the Constitution be amended to allow state or local approval of public charter schools upon the request of local communities?,,,NO,289,6,213,70,0
Gordon,OOSTANAULA,Constitutional Amendment #1<br>Shall the Constitution be amended to allow state or local approval of public charter schools upon the request of local communities?,,,NO,237,9,175,53,0
Gordon,OAKMAN,Constitutional Amendment #1<br>Shall the Constitution be amended to allow state or local approval of public charter schools upon the request of local communities?,,,NO,244,4,194,46,0
Gordon,GORDON COUNTY,Constitutional Amendment #1<br>Shall the Constitution be amended to allow state or local approval of public charter schools upon the request of local communities?,,,NO,1820,52,960,806,2
Gordon,CALHOUN CITY,Constitutional Amendment #1<br>Shall the Constitution be amended to allow state or local approval of public charter schools upon the request of local communities?,,,NO,2467,82,1049,1331,5
Gordon,LILY POND,Constitutional Amendment #1<br>Shall the Constitution be amended to allow state or local approval of public charter schools upon the request of local communities?,,,NO,575,20,330,225,0
Gordon,FAIRMOUNT,Constitutional Amendment #1<br>Shall the Constitution be amended to allow state or local approval of public charter schools upon the request of local communities?,,,NO,506,13,420,72,1
Gordon,RED BUD,Constitutional Amendment #1<br>Shall the Constitution be amended to allow state or local approval of public charter schools upon the request of local communities?,,,NO,906,12,576,316,2
Gordon,RESACA,Constitutional Amendment #1<br>Shall the Constitution be amended to allow state or local approval of public charter schools upon the request of local communities?,,,NO,429,13,318,98,0
Gordon,,Constitutional Amendment #2<br>Shall the Constitution be amended so as to provide for a reduction in the state's operating costs by allowing the General Assembly to authorize certain state agencies to enter into multiyear rental agreements?,,,YES,7843,255,4122,3458,8
Gordon,SUGAR VALLEY,Constitutional Amendment #2<br>Shall the Constitution be amended so as to provide for a reduction in the state's operating costs by allowing the General Assembly to authorize certain state agencies to enter into multiyear rental agreements?,,,YES,329,7,207,115,0
Gordon,PLAINVILLE,Constitutional Amendment #2<br>Shall the Constitution be amended so as to provide for a reduction in the state's operating costs by allowing the General Assembly to authorize certain state agencies to enter into multiyear rental agreements?,,,YES,408,14,254,140,0
Gordon,SONORAVILLE,Constitutional Amendment #2<br>Shall the Constitution be amended so as to provide for a reduction in the state's operating costs by allowing the General Assembly to authorize certain state agencies to enter into multiyear rental agreements?,,,YES,1240,37,630,572,1
Gordon,RANGER,Constitutional Amendment #2<br>Shall the Constitution be amended so as to provide for a reduction in the state's operating costs by allowing the General Assembly to authorize certain state agencies to enter into multiyear rental agreements?,,,YES,190,5,129,56,0
Gordon,PINE CHAPEL,Constitutional Amendment #2<br>Shall the Constitution be amended so as to provide for a reduction in the state's operating costs by allowing the General Assembly to authorize certain state agencies to enter into multiyear rental agreements?,,,YES,240,11,146,83,0
Gordon,OOSTANAULA,Constitutional Amendment #2<br>Shall the Constitution be amended so as to provide for a reduction in the state's operating costs by allowing the General Assembly to authorize certain state agencies to enter into multiyear rental agreements?,,,YES,181,11,107,62,1
Gordon,OAKMAN,Constitutional Amendment #2<br>Shall the Constitution be amended so as to provide for a reduction in the state's operating costs by allowing the General Assembly to authorize certain state agencies to enter into multiyear rental agreements?,,,YES,206,4,154,48,0
Gordon,GORDON COUNTY,Constitutional Amendment #2<br>Shall the Constitution be amended so as to provide for a reduction in the state's operating costs by allowing the General Assembly to authorize certain state agencies to enter into multiyear rental agreements?,,,YES,1352,42,667,643,0
Gordon,CALHOUN CITY,Constitutional Amendment #2<br>Shall the Constitution be amended so as to provide for a reduction in the state's operating costs by allowing the General Assembly to authorize certain state agencies to enter into multiyear rental agreements?,,,YES,1979,79,767,1129,4
Gordon,LILY POND,Constitutional Amendment #2<br>Shall the Constitution be amended so as to provide for a reduction in the state's operating costs by allowing the General Assembly to authorize certain state agencies to enter into multiyear rental agreements?,,,YES,490,16,254,220,0
Gordon,FAIRMOUNT,Constitutional Amendment #2<br>Shall the Constitution be amended so as to provide for a reduction in the state's operating costs by allowing the General Assembly to authorize certain state agencies to enter into multiyear rental agreements?,,,YES,276,13,211,51,1
Gordon,RED BUD,Constitutional Amendment #2<br>Shall the Constitution be amended so as to provide for a reduction in the state's operating costs by allowing the General Assembly to authorize certain state agencies to enter into multiyear rental agreements?,,,YES,643,11,373,259,0
Gordon,RESACA,Constitutional Amendment #2<br>Shall the Constitution be amended so as to provide for a reduction in the state's operating costs by allowing the General Assembly to authorize certain state agencies to enter into multiyear rental agreements?,,,YES,309,5,223,80,1
Gordon,,Constitutional Amendment #2<br>Shall the Constitution be amended so as to provide for a reduction in the state's operating costs by allowing the General Assembly to authorize certain state agencies to enter into multiyear rental agreements?,,,NO,7255,206,4271,2766,12
Gordon,SUGAR VALLEY,Constitutional Amendment #2<br>Shall the Constitution be amended so as to provide for a reduction in the state's operating costs by allowing the General Assembly to authorize certain state agencies to enter into multiyear rental agreements?,,,NO,334,4,232,98,0
Gordon,PLAINVILLE,Constitutional Amendment #2<br>Shall the Constitution be amended so as to provide for a reduction in the state's operating costs by allowing the General Assembly to authorize certain state agencies to enter into multiyear rental agreements?,,,NO,433,10,290,131,2
Gordon,SONORAVILLE,Constitutional Amendment #2<br>Shall the Constitution be amended so as to provide for a reduction in the state's operating costs by allowing the General Assembly to authorize certain state agencies to enter into multiyear rental agreements?,,,NO,1259,23,767,467,2
Gordon,RANGER,Constitutional Amendment #2<br>Shall the Constitution be amended so as to provide for a reduction in the state's operating costs by allowing the General Assembly to authorize certain state agencies to enter into multiyear rental agreements?,,,NO,152,0,117,35,0
Gordon,PINE CHAPEL,Constitutional Amendment #2<br>Shall the Constitution be amended so as to provide for a reduction in the state's operating costs by allowing the General Assembly to authorize certain state agencies to enter into multiyear rental agreements?,,,NO,210,7,152,51,0
Gordon,OOSTANAULA,Constitutional Amendment #2<br>Shall the Constitution be amended so as to provide for a reduction in the state's operating costs by allowing the General Assembly to authorize certain state agencies to enter into multiyear rental agreements?,,,NO,165,7,122,36,0
Gordon,OAKMAN,Constitutional Amendment #2<br>Shall the Constitution be amended so as to provide for a reduction in the state's operating costs by allowing the General Assembly to authorize certain state agencies to enter into multiyear rental agreements?,,,NO,192,5,149,38,0
Gordon,GORDON COUNTY,Constitutional Amendment #2<br>Shall the Constitution be amended so as to provide for a reduction in the state's operating costs by allowing the General Assembly to authorize certain state agencies to enter into multiyear rental agreements?,,,NO,1284,47,670,565,2
Gordon,CALHOUN CITY,Constitutional Amendment #2<br>Shall the Constitution be amended so as to provide for a reduction in the state's operating costs by allowing the General Assembly to authorize certain state agencies to enter into multiyear rental agreements?,,,NO,1558,63,644,848,3
Gordon,LILY POND,Constitutional Amendment #2<br>Shall the Constitution be amended so as to provide for a reduction in the state's operating costs by allowing the General Assembly to authorize certain state agencies to enter into multiyear rental agreements?,,,NO,371,9,206,156,0
Gordon,FAIRMOUNT,Constitutional Amendment #2<br>Shall the Constitution be amended so as to provide for a reduction in the state's operating costs by allowing the General Assembly to authorize certain state agencies to enter into multiyear rental agreements?,,,NO,405,9,337,59,0
Gordon,RED BUD,Constitutional Amendment #2<br>Shall the Constitution be amended so as to provide for a reduction in the state's operating costs by allowing the General Assembly to authorize certain state agencies to enter into multiyear rental agreements?,,,NO,584,9,365,207,3
Gordon,RESACA,Constitutional Amendment #2<br>Shall the Constitution be amended so as to provide for a reduction in the state's operating costs by allowing the General Assembly to authorize certain state agencies to enter into multiyear rental agreements?,,,NO,308,13,220,75,0
