county,precinct,office,district,party,candidate,votes,absentee_by_mail,election_day,advance_in_person,provisional
Catoosa,,President of the United States,,R,MITT ROMNEY,17858,498,7486,9871,3
Catoosa,BLACKSTOCK,President of the United States,,R,MITT ROMNEY,689,16,369,304,0
Catoosa,BOYNTON,President of the United States,,R,MITT ROMNEY,2610,57,1093,1460,0
Catoosa,CATOOSA KEITH,President of the United States,,R,MITT ROMNEY,1024,24,519,480,1
Catoosa,CHAMBERS,President of the United States,,R,MITT ROMNEY,1154,31,554,568,1
Catoosa,DUNCAN PARK,President of the United States,,R,MITT ROMNEY,880,23,378,479,0
Catoosa,FORT OGLETHORPE,President of the United States,,R,MITT ROMNEY,1508,51,668,789,0
Catoosa,GRAYSVILLE,President of the United States,,R,MITT ROMNEY,1652,39,758,855,0
Catoosa,LAKEVIEW,President of the United States,,R,MITT ROMNEY,1218,53,540,625,0
Catoosa,POPLAR SPRINGS,President of the United States,,R,MITT ROMNEY,1774,49,718,1007,0
Catoosa,RINGGOLD,President of the United States,,R,MITT ROMNEY,2953,91,834,2027,1
Catoosa,WESTSIDE,President of the United States,,R,MITT ROMNEY,1149,40,374,735,0
Catoosa,WOODSTATION,President of the United States,,R,MITT ROMNEY,1247,24,681,542,0
Catoosa,,President of the United States,,D,BARACK OBAMA (I),5365,170,2628,2563,4
Catoosa,BLACKSTOCK,President of the United States,,D,BARACK OBAMA (I),183,2,112,68,1
Catoosa,BOYNTON,President of the United States,,D,BARACK OBAMA (I),722,14,346,362,0
Catoosa,CATOOSA KEITH,President of the United States,,D,BARACK OBAMA (I),302,2,165,134,1
Catoosa,CHAMBERS,President of the United States,,D,BARACK OBAMA (I),289,8,169,112,0
Catoosa,DUNCAN PARK,President of the United States,,D,BARACK OBAMA (I),295,8,153,134,0
Catoosa,FORT OGLETHORPE,President of the United States,,D,BARACK OBAMA (I),539,27,273,239,0
Catoosa,GRAYSVILLE,President of the United States,,D,BARACK OBAMA (I),463,17,271,175,0
Catoosa,LAKEVIEW,President of the United States,,D,BARACK OBAMA (I),455,21,256,178,0
Catoosa,POPLAR SPRINGS,President of the United States,,D,BARACK OBAMA (I),460,16,185,258,1
Catoosa,RINGGOLD,President of the United States,,D,BARACK OBAMA (I),916,35,334,547,0
Catoosa,WESTSIDE,President of the United States,,D,BARACK OBAMA (I),382,11,164,206,1
Catoosa,WOODSTATION,President of the United States,,D,BARACK OBAMA (I),359,9,200,150,0
Catoosa,,President of the United States,,L,GARY JOHNSON,434,11,274,149,0
Catoosa,BLACKSTOCK,President of the United States,,L,GARY JOHNSON,12,0,10,2,0
Catoosa,BOYNTON,President of the United States,,L,GARY JOHNSON,61,0,38,23,0
Catoosa,CATOOSA KEITH,President of the United States,,L,GARY JOHNSON,31,0,26,5,0
Catoosa,CHAMBERS,President of the United States,,L,GARY JOHNSON,25,1,16,8,0
Catoosa,DUNCAN PARK,President of the United States,,L,GARY JOHNSON,28,0,17,11,0
Catoosa,FORT OGLETHORPE,President of the United States,,L,GARY JOHNSON,33,1,16,16,0
Catoosa,GRAYSVILLE,President of the United States,,L,GARY JOHNSON,43,2,29,12,0
Catoosa,LAKEVIEW,President of the United States,,L,GARY JOHNSON,41,0,24,17,0
Catoosa,POPLAR SPRINGS,President of the United States,,L,GARY JOHNSON,46,0,33,13,0
Catoosa,RINGGOLD,President of the United States,,L,GARY JOHNSON,65,5,32,28,0
Catoosa,WESTSIDE,President of the United States,,L,GARY JOHNSON,19,0,12,7,0
Catoosa,WOODSTATION,President of the United States,,L,GARY JOHNSON,30,2,21,7,0
Catoosa,,"Public Service Commission, District 3",3,R,CHUCK EATON (I),16067,454,6841,8771,1
Catoosa,BLACKSTOCK,"Public Service Commission, District 3",3,R,CHUCK EATON (I),604,14,323,267,0
Catoosa,BOYNTON,"Public Service Commission, District 3",3,R,CHUCK EATON (I),2411,53,1023,1335,0
Catoosa,CATOOSA KEITH,"Public Service Commission, District 3",3,R,CHUCK EATON (I),932,22,479,431,0
Catoosa,CHAMBERS,"Public Service Commission, District 3",3,R,CHUCK EATON (I),1028,27,499,502,0
Catoosa,DUNCAN PARK,"Public Service Commission, District 3",3,R,CHUCK EATON (I),767,21,337,409,0
Catoosa,FORT OGLETHORPE,"Public Service Commission, District 3",3,R,CHUCK EATON (I),1356,47,603,706,0
Catoosa,GRAYSVILLE,"Public Service Commission, District 3",3,R,CHUCK EATON (I),1456,34,679,743,0
Catoosa,LAKEVIEW,"Public Service Commission, District 3",3,R,CHUCK EATON (I),1055,49,470,536,0
Catoosa,POPLAR SPRINGS,"Public Service Commission, District 3",3,R,CHUCK EATON (I),1623,45,678,900,0
Catoosa,RINGGOLD,"Public Service Commission, District 3",3,R,CHUCK EATON (I),2661,85,784,1791,1
Catoosa,WESTSIDE,"Public Service Commission, District 3",3,R,CHUCK EATON (I),1015,36,333,646,0
Catoosa,WOODSTATION,"Public Service Commission, District 3",3,R,CHUCK EATON (I),1159,21,633,505,0
Catoosa,,"Public Service Commission, District 3",3,D,STEPHEN OPPENHEIMER,4473,155,2140,2175,3
Catoosa,BLACKSTOCK,"Public Service Commission, District 3",3,D,STEPHEN OPPENHEIMER,155,3,100,52,0
Catoosa,BOYNTON,"Public Service Commission, District 3",3,D,STEPHEN OPPENHEIMER,585,8,265,312,0
Catoosa,CATOOSA KEITH,"Public Service Commission, District 3",3,D,STEPHEN OPPENHEIMER,253,0,134,118,1
Catoosa,CHAMBERS,"Public Service Commission, District 3",3,D,STEPHEN OPPENHEIMER,242,9,135,98,0
Catoosa,DUNCAN PARK,"Public Service Commission, District 3",3,D,STEPHEN OPPENHEIMER,262,9,131,122,0
Catoosa,FORT OGLETHORPE,"Public Service Commission, District 3",3,D,STEPHEN OPPENHEIMER,451,27,220,204,0
Catoosa,GRAYSVILLE,"Public Service Commission, District 3",3,D,STEPHEN OPPENHEIMER,402,16,224,162,0
Catoosa,LAKEVIEW,"Public Service Commission, District 3",3,D,STEPHEN OPPENHEIMER,383,21,203,159,0
Catoosa,POPLAR SPRINGS,"Public Service Commission, District 3",3,D,STEPHEN OPPENHEIMER,394,15,157,221,1
Catoosa,RINGGOLD,"Public Service Commission, District 3",3,D,STEPHEN OPPENHEIMER,725,35,262,428,0
Catoosa,WESTSIDE,"Public Service Commission, District 3",3,D,STEPHEN OPPENHEIMER,330,8,144,177,1
Catoosa,WOODSTATION,"Public Service Commission, District 3",3,D,STEPHEN OPPENHEIMER,291,4,165,122,0
Catoosa,,"Public Service Commission, District 3",3,L,BRAD PLOEGER,1077,15,576,486,0
Catoosa,BLACKSTOCK,"Public Service Commission, District 3",3,L,BRAD PLOEGER,40,0,24,16,0
Catoosa,BOYNTON,"Public Service Commission, District 3",3,L,BRAD PLOEGER,139,0,81,58,0
Catoosa,CATOOSA KEITH,"Public Service Commission, District 3",3,L,BRAD PLOEGER,68,1,44,23,0
Catoosa,CHAMBERS,"Public Service Commission, District 3",3,L,BRAD PLOEGER,79,1,47,31,0
Catoosa,DUNCAN PARK,"Public Service Commission, District 3",3,L,BRAD PLOEGER,52,0,29,23,0
Catoosa,FORT OGLETHORPE,"Public Service Commission, District 3",3,L,BRAD PLOEGER,84,1,43,40,0
Catoosa,GRAYSVILLE,"Public Service Commission, District 3",3,L,BRAD PLOEGER,104,4,59,41,0
Catoosa,LAKEVIEW,"Public Service Commission, District 3",3,L,BRAD PLOEGER,105,0,71,34,0
Catoosa,POPLAR SPRINGS,"Public Service Commission, District 3",3,L,BRAD PLOEGER,95,1,46,48,0
Catoosa,RINGGOLD,"Public Service Commission, District 3",3,L,BRAD PLOEGER,187,6,65,116,0
Catoosa,WESTSIDE,"Public Service Commission, District 3",3,L,BRAD PLOEGER,53,0,24,29,0
Catoosa,WOODSTATION,"Public Service Commission, District 3",3,L,BRAD PLOEGER,71,1,43,27,0
Catoosa,,"Public Service Commission, District 5",5,R,STAN WISE (I),17169,480,7356,9330,3
Catoosa,BLACKSTOCK,"Public Service Commission, District 5",5,R,STAN WISE (I),630,15,342,273,0
Catoosa,BOYNTON,"Public Service Commission, District 5",5,R,STAN WISE (I),2569,56,1094,1419,0
Catoosa,CATOOSA KEITH,"Public Service Commission, District 5",5,R,STAN WISE (I),973,20,502,450,1
Catoosa,CHAMBERS,"Public Service Commission, District 5",5,R,STAN WISE (I),1077,30,516,531,0
Catoosa,DUNCAN PARK,"Public Service Commission, District 5",5,R,STAN WISE (I),823,24,359,440,0
Catoosa,FORT OGLETHORPE,"Public Service Commission, District 5",5,R,STAN WISE (I),1477,55,653,769,0
Catoosa,GRAYSVILLE,"Public Service Commission, District 5",5,R,STAN WISE (I),1563,36,754,773,0
Catoosa,LAKEVIEW,"Public Service Commission, District 5",5,R,STAN WISE (I),1155,56,511,588,0
Catoosa,POPLAR SPRINGS,"Public Service Commission, District 5",5,R,STAN WISE (I),1718,44,719,955,0
Catoosa,RINGGOLD,"Public Service Commission, District 5",5,R,STAN WISE (I),2837,83,854,1899,1
Catoosa,WESTSIDE,"Public Service Commission, District 5",5,R,STAN WISE (I),1138,40,391,706,1
Catoosa,WOODSTATION,"Public Service Commission, District 5",5,R,STAN WISE (I),1209,21,661,527,0
Catoosa,,"Public Service Commission, District 5",5,L,DAVID STAPLES,3783,99,1935,1748,1
Catoosa,BLACKSTOCK,"Public Service Commission, District 5",5,L,DAVID STAPLES,148,2,97,49,0
Catoosa,BOYNTON,"Public Service Commission, District 5",5,L,DAVID STAPLES,488,0,249,239,0
Catoosa,CATOOSA KEITH,"Public Service Commission, District 5",5,L,DAVID STAPLES,221,3,125,93,0
Catoosa,CHAMBERS,"Public Service Commission, District 5",5,L,DAVID STAPLES,223,6,129,88,0
Catoosa,DUNCAN PARK,"Public Service Commission, District 5",5,L,DAVID STAPLES,214,3,121,90,0
Catoosa,FORT OGLETHORPE,"Public Service Commission, District 5",5,L,DAVID STAPLES,361,17,203,141,0
Catoosa,GRAYSVILLE,"Public Service Commission, District 5",5,L,DAVID STAPLES,332,10,183,139,0
Catoosa,LAKEVIEW,"Public Service Commission, District 5",5,L,DAVID STAPLES,347,12,209,126,0
Catoosa,POPLAR SPRINGS,"Public Service Commission, District 5",5,L,DAVID STAPLES,334,7,152,174,1
Catoosa,RINGGOLD,"Public Service Commission, District 5",5,L,DAVID STAPLES,622,33,211,378,0
Catoosa,WESTSIDE,"Public Service Commission, District 5",5,L,DAVID STAPLES,236,3,100,133,0
Catoosa,WOODSTATION,"Public Service Commission, District 5",5,L,DAVID STAPLES,257,3,156,98,0
Catoosa,,U.S. Representative,14,R,TOM GRAVES (I),16926,473,7161,9292,0
Catoosa,BLACKSTOCK,U.S. Representative,14,R,TOM GRAVES (I),647,15,355,277,0
Catoosa,BOYNTON,U.S. Representative,14,R,TOM GRAVES (I),2457,51,1029,1377,0
Catoosa,CATOOSA KEITH,U.S. Representative,14,R,TOM GRAVES (I),998,21,524,453,0
Catoosa,CHAMBERS,U.S. Representative,14,R,TOM GRAVES (I),1060,26,512,522,0
Catoosa,DUNCAN PARK,U.S. Representative,14,R,TOM GRAVES (I),816,23,352,441,0
Catoosa,FORT OGLETHORPE,U.S. Representative,14,R,TOM GRAVES (I),1441,56,634,751,0
Catoosa,GRAYSVILLE,U.S. Representative,14,R,TOM GRAVES (I),1543,37,722,784,0
Catoosa,LAKEVIEW,U.S. Representative,14,R,TOM GRAVES (I),1161,52,510,599,0
Catoosa,POPLAR SPRINGS,U.S. Representative,14,R,TOM GRAVES (I),1687,47,689,951,0
Catoosa,RINGGOLD,U.S. Representative,14,R,TOM GRAVES (I),2843,88,823,1932,0
Catoosa,WESTSIDE,U.S. Representative,14,R,TOM GRAVES (I),1085,35,362,688,0
Catoosa,WOODSTATION,U.S. Representative,14,R,TOM GRAVES (I),1188,22,649,517,0
Catoosa,,U.S. Representative,14,D,"DANIEL ""DANNY"" GRANT",5495,172,2695,2625,3
Catoosa,BLACKSTOCK,U.S. Representative,14,D,"DANIEL ""DANNY"" GRANT",178,2,109,67,0
Catoosa,BOYNTON,U.S. Representative,14,D,"DANIEL ""DANNY"" GRANT",778,13,379,386,0
Catoosa,CATOOSA KEITH,U.S. Representative,14,D,"DANIEL ""DANNY"" GRANT",294,3,154,136,1
Catoosa,CHAMBERS,U.S. Representative,14,D,"DANIEL ""DANNY"" GRANT",331,11,188,132,0
Catoosa,DUNCAN PARK,U.S. Representative,14,D,"DANIEL ""DANNY"" GRANT",310,8,163,139,0
Catoosa,FORT OGLETHORPE,U.S. Representative,14,D,"DANIEL ""DANNY"" GRANT",534,24,266,244,0
Catoosa,GRAYSVILLE,U.S. Representative,14,D,"DANIEL ""DANNY"" GRANT",495,17,280,198,0
Catoosa,LAKEVIEW,U.S. Representative,14,D,"DANIEL ""DANNY"" GRANT",438,21,247,170,0
Catoosa,POPLAR SPRINGS,U.S. Representative,14,D,"DANIEL ""DANNY"" GRANT",488,15,214,258,1
Catoosa,RINGGOLD,U.S. Representative,14,D,"DANIEL ""DANNY"" GRANT",883,38,317,528,0
Catoosa,WESTSIDE,U.S. Representative,14,D,"DANIEL ""DANNY"" GRANT",386,13,161,211,1
Catoosa,WOODSTATION,U.S. Representative,14,D,"DANIEL ""DANNY"" GRANT",380,7,217,156,0
Catoosa,,State Senator,53,R,JEFF MULLIS (I),19977,538,8821,10616,2
Catoosa,BLACKSTOCK,State Senator,53,R,JEFF MULLIS (I),735,13,413,309,0
Catoosa,BOYNTON,State Senator,53,R,JEFF MULLIS (I),2907,56,1283,1568,0
Catoosa,CATOOSA KEITH,State Senator,53,R,JEFF MULLIS (I),1120,24,597,498,1
Catoosa,CHAMBERS,State Senator,53,R,JEFF MULLIS (I),1254,35,619,600,0
Catoosa,DUNCAN PARK,State Senator,53,R,JEFF MULLIS (I),991,23,453,515,0
Catoosa,FORT OGLETHORPE,State Senator,53,R,JEFF MULLIS (I),1768,70,815,883,0
Catoosa,GRAYSVILLE,State Senator,53,R,JEFF MULLIS (I),1809,44,884,881,0
Catoosa,LAKEVIEW,State Senator,53,R,JEFF MULLIS (I),1423,64,673,686,0
Catoosa,POPLAR SPRINGS,State Senator,53,R,JEFF MULLIS (I),1958,53,823,1082,0
Catoosa,RINGGOLD,State Senator,53,R,JEFF MULLIS (I),3313,96,1021,2196,0
Catoosa,WESTSIDE,State Senator,53,R,JEFF MULLIS (I),1298,38,455,804,1
Catoosa,WOODSTATION,State Senator,53,R,JEFF MULLIS (I),1401,22,785,594,0
Catoosa,,State Representative,2,R,JAY NEAL (I),3390,67,1831,1492,0
Catoosa,BLACKSTOCK,State Representative,2,R,JAY NEAL (I),738,13,418,307,0
Catoosa,CHAMBERS,State Representative,2,R,JAY NEAL (I),1250,32,622,596,0
Catoosa,WOODSTATION,State Representative,2,R,JAY NEAL (I),1402,22,791,589,0
Catoosa,,State Representative,3,R,TOM WELDON (I),16494,459,6968,9066,1
Catoosa,BOYNTON,State Representative,3,R,TOM WELDON (I),2918,56,1284,1578,0
Catoosa,CATOOSA KEITH,State Representative,3,R,TOM WELDON (I),1109,21,593,494,1
Catoosa,DUNCAN PARK,State Representative,3,R,TOM WELDON (I),971,23,441,507,0
Catoosa,FORT OGLETHORPE,State Representative,3,R,TOM WELDON (I),1726,64,801,861,0
Catoosa,GRAYSVILLE,State Representative,3,R,TOM WELDON (I),1808,41,882,885,0
Catoosa,LAKEVIEW,State Representative,3,R,TOM WELDON (I),1397,64,662,671,0
Catoosa,POPLAR SPRINGS,State Representative,3,R,TOM WELDON (I),1962,53,822,1087,0
Catoosa,RINGGOLD,State Representative,3,R,TOM WELDON (I),3315,97,1026,2192,0
Catoosa,WESTSIDE,State Representative,3,R,TOM WELDON (I),1288,40,457,791,0
Catoosa,,District Attorney, Lookout Mountain Circuit,,HERBERT FRANKLIN (I),19131,513,8526,10089,3
Catoosa,BLACKSTOCK,District Attorney, Lookout Mountain Circuit,,HERBERT FRANKLIN (I),720,13,414,293,0
Catoosa,BOYNTON,District Attorney, Lookout Mountain Circuit,,HERBERT FRANKLIN (I),2796,57,1243,1496,0
Catoosa,CATOOSA KEITH,District Attorney, Lookout Mountain Circuit,,HERBERT FRANKLIN (I),1062,20,571,470,1
Catoosa,CHAMBERS,District Attorney, Lookout Mountain Circuit,,HERBERT FRANKLIN (I),1156,31,577,548,0
Catoosa,DUNCAN PARK,District Attorney, Lookout Mountain Circuit,,HERBERT FRANKLIN (I),948,22,437,489,0
Catoosa,FORT OGLETHORPE,District Attorney, Lookout Mountain Circuit,,HERBERT FRANKLIN (I),1676,66,782,828,0
Catoosa,GRAYSVILLE,District Attorney, Lookout Mountain Circuit,,HERBERT FRANKLIN (I),1729,36,853,840,0
Catoosa,LAKEVIEW,District Attorney, Lookout Mountain Circuit,,HERBERT FRANKLIN (I),1384,65,667,652,0
Catoosa,POPLAR SPRINGS,District Attorney, Lookout Mountain Circuit,,HERBERT FRANKLIN (I),1894,51,799,1043,1
Catoosa,RINGGOLD,District Attorney, Lookout Mountain Circuit,,HERBERT FRANKLIN (I),3169,96,981,2092,0
Catoosa,WESTSIDE,District Attorney, Lookout Mountain Circuit,,HERBERT FRANKLIN (I),1244,36,440,767,1
Catoosa,WOODSTATION,District Attorney, Lookout Mountain Circuit,,HERBERT FRANKLIN (I),1353,20,762,571,0
Catoosa,,JUDGE PROBATE CT,,R,GENE LOWERY (I),20666,561,9105,10997,3
Catoosa,BLACKSTOCK,JUDGE PROBATE CT,,R,GENE LOWERY (I),781,16,433,332,0
Catoosa,BOYNTON,JUDGE PROBATE CT,,R,GENE LOWERY (I),3028,57,1334,1637,0
Catoosa,CATOOSA KEITH,JUDGE PROBATE CT,,R,GENE LOWERY (I),1164,23,631,509,1
Catoosa,CHAMBERS,JUDGE PROBATE CT,,R,GENE LOWERY (I),1305,38,649,618,0
Catoosa,DUNCAN PARK,JUDGE PROBATE CT,,R,GENE LOWERY (I),1002,25,452,525,0
Catoosa,FORT OGLETHORPE,JUDGE PROBATE CT,,R,GENE LOWERY (I),1787,73,824,890,0
Catoosa,GRAYSVILLE,JUDGE PROBATE CT,,R,GENE LOWERY (I),1863,43,913,907,0
Catoosa,LAKEVIEW,JUDGE PROBATE CT,,R,GENE LOWERY (I),1449,65,682,702,0
Catoosa,POPLAR SPRINGS,JUDGE PROBATE CT,,R,GENE LOWERY (I),2036,55,841,1140,0
Catoosa,RINGGOLD,JUDGE PROBATE CT,,R,GENE LOWERY (I),3456,101,1060,2294,1
Catoosa,WESTSIDE,JUDGE PROBATE CT,,R,GENE LOWERY (I),1342,43,473,825,1
Catoosa,WOODSTATION,JUDGE PROBATE CT,,R,GENE LOWERY (I),1453,22,813,618,0
Catoosa,,CLERK SUPERIOR CT,,R,TRACY H. BROWN,20178,537,8895,10742,4
Catoosa,BLACKSTOCK,CLERK SUPERIOR CT,,R,TRACY H. BROWN,747,15,420,312,0
Catoosa,BOYNTON,CLERK SUPERIOR CT,,R,TRACY H. BROWN,2960,59,1304,1597,0
Catoosa,CATOOSA KEITH,CLERK SUPERIOR CT,,R,TRACY H. BROWN,1146,21,615,509,1
Catoosa,CHAMBERS,CLERK SUPERIOR CT,,R,TRACY H. BROWN,1271,35,635,601,0
Catoosa,DUNCAN PARK,CLERK SUPERIOR CT,,R,TRACY H. BROWN,987,25,445,517,0
Catoosa,FORT OGLETHORPE,CLERK SUPERIOR CT,,R,TRACY H. BROWN,1738,67,804,867,0
Catoosa,GRAYSVILLE,CLERK SUPERIOR CT,,R,TRACY H. BROWN,1819,42,888,889,0
Catoosa,LAKEVIEW,CLERK SUPERIOR CT,,R,TRACY H. BROWN,1417,64,666,687,0
Catoosa,POPLAR SPRINGS,CLERK SUPERIOR CT,,R,TRACY H. BROWN,1999,52,833,1113,1
Catoosa,RINGGOLD,CLERK SUPERIOR CT,,R,TRACY H. BROWN,3367,93,1032,2241,1
Catoosa,WESTSIDE,CLERK SUPERIOR CT,,R,TRACY H. BROWN,1317,42,466,808,1
Catoosa,WOODSTATION,CLERK SUPERIOR CT,,R,TRACY H. BROWN,1410,22,787,601,0
Catoosa,,SHERIFF,,R,GARY R. SISK,19621,530,8645,10442,4
Catoosa,BLACKSTOCK,SHERIFF,,R,GARY R. SISK,699,13,405,281,0
Catoosa,BOYNTON,SHERIFF,,R,GARY R. SISK,2876,56,1261,1559,0
Catoosa,CATOOSA KEITH,SHERIFF,,R,GARY R. SISK,1102,19,584,498,1
Catoosa,CHAMBERS,SHERIFF,,R,GARY R. SISK,1240,33,618,589,0
Catoosa,DUNCAN PARK,SHERIFF,,R,GARY R. SISK,983,25,445,513,0
Catoosa,FORT OGLETHORPE,SHERIFF,,R,GARY R. SISK,1703,69,772,862,0
Catoosa,GRAYSVILLE,SHERIFF,,R,GARY R. SISK,1812,43,904,865,0
Catoosa,LAKEVIEW,SHERIFF,,R,GARY R. SISK,1348,62,633,653,0
Catoosa,POPLAR SPRINGS,SHERIFF,,R,GARY R. SISK,1927,53,800,1073,1
Catoosa,RINGGOLD,SHERIFF,,R,GARY R. SISK,3250,95,1007,2147,1
Catoosa,WESTSIDE,SHERIFF,,R,GARY R. SISK,1293,39,438,815,1
Catoosa,WOODSTATION,SHERIFF,,R,GARY R. SISK,1388,23,778,587,0
Catoosa,,TAX COMMISSIONER,,R,SANDRA SELF (I),20959,576,9238,11141,4
Catoosa,BLACKSTOCK,TAX COMMISSIONER,,R,SANDRA SELF (I),768,14,426,328,0
Catoosa,BOYNTON,TAX COMMISSIONER,,R,SANDRA SELF (I),3042,59,1344,1639,0
Catoosa,CATOOSA KEITH,TAX COMMISSIONER,,R,SANDRA SELF (I),1189,23,632,533,1
Catoosa,CHAMBERS,TAX COMMISSIONER,,R,SANDRA SELF (I),1310,38,656,616,0
Catoosa,DUNCAN PARK,TAX COMMISSIONER,,R,SANDRA SELF (I),1052,26,477,549,0
Catoosa,FORT OGLETHORPE,TAX COMMISSIONER,,R,SANDRA SELF (I),1835,77,837,921,0
Catoosa,GRAYSVILLE,TAX COMMISSIONER,,R,SANDRA SELF (I),1912,45,936,931,0
Catoosa,LAKEVIEW,TAX COMMISSIONER,,R,SANDRA SELF (I),1501,67,716,718,0
Catoosa,POPLAR SPRINGS,TAX COMMISSIONER,,R,SANDRA SELF (I),2039,55,847,1136,1
Catoosa,RINGGOLD,TAX COMMISSIONER,,R,SANDRA SELF (I),3469,104,1072,2292,1
Catoosa,WESTSIDE,TAX COMMISSIONER,,R,SANDRA SELF (I),1384,46,483,854,1
Catoosa,WOODSTATION,TAX COMMISSIONER,,R,SANDRA SELF (I),1458,22,812,624,0
Catoosa,,CORONER,,,VANITA HULLANDER (I),20291,553,8937,10798,3
Catoosa,BLACKSTOCK,CORONER,,,VANITA HULLANDER (I),752,15,420,317,0
Catoosa,BOYNTON,CORONER,,,VANITA HULLANDER (I),2958,59,1299,1600,0
Catoosa,CATOOSA KEITH,CORONER,,,VANITA HULLANDER (I),1155,21,622,511,1
Catoosa,CHAMBERS,CORONER,,,VANITA HULLANDER (I),1271,36,630,605,0
Catoosa,DUNCAN PARK,CORONER,,,VANITA HULLANDER (I),997,25,455,517,0
Catoosa,FORT OGLETHORPE,CORONER,,,VANITA HULLANDER (I),1772,74,820,878,0
Catoosa,GRAYSVILLE,CORONER,,,VANITA HULLANDER (I),1847,44,904,899,0
Catoosa,LAKEVIEW,CORONER,,,VANITA HULLANDER (I),1454,66,683,705,0
Catoosa,POPLAR SPRINGS,CORONER,,,VANITA HULLANDER (I),2001,53,826,1121,1
Catoosa,RINGGOLD,CORONER,,,VANITA HULLANDER (I),3356,96,1023,2237,0
Catoosa,WESTSIDE,CORONER,,,VANITA HULLANDER (I),1315,42,466,806,1
Catoosa,WOODSTATION,CORONER,,,VANITA HULLANDER (I),1413,22,789,602,0
Catoosa,,CHIEF MAGISTRATE,,R,JOHNNY GASS (I),19974,534,8816,10621,3
Catoosa,BLACKSTOCK,CHIEF MAGISTRATE,,R,JOHNNY GASS (I),741,15,418,308,0
Catoosa,BOYNTON,CHIEF MAGISTRATE,,R,JOHNNY GASS (I),2914,59,1279,1576,0
Catoosa,CATOOSA KEITH,CHIEF MAGISTRATE,,R,JOHNNY GASS (I),1124,20,599,504,1
Catoosa,CHAMBERS,CHIEF MAGISTRATE,,R,JOHNNY GASS (I),1241,34,615,592,0
Catoosa,DUNCAN PARK,CHIEF MAGISTRATE,,R,JOHNNY GASS (I),977,23,446,508,0
Catoosa,FORT OGLETHORPE,CHIEF MAGISTRATE,,R,JOHNNY GASS (I),1746,70,803,873,0
Catoosa,GRAYSVILLE,CHIEF MAGISTRATE,,R,JOHNNY GASS (I),1797,42,885,870,0
Catoosa,LAKEVIEW,CHIEF MAGISTRATE,,R,JOHNNY GASS (I),1413,61,671,681,0
Catoosa,POPLAR SPRINGS,CHIEF MAGISTRATE,,R,JOHNNY GASS (I),1981,51,828,1101,1
Catoosa,RINGGOLD,CHIEF MAGISTRATE,,R,JOHNNY GASS (I),3344,96,1035,2213,0
Catoosa,WESTSIDE,CHIEF MAGISTRATE,,R,JOHNNY GASS (I),1302,41,455,805,1
Catoosa,WOODSTATION,CHIEF MAGISTRATE,,R,JOHNNY GASS (I),1394,22,782,590,0
Catoosa,,CHAIR COMMISSIONER,,R,KEITH GREENE (I),19691,525,8700,10463,3
Catoosa,BLACKSTOCK,CHAIR COMMISSIONER,,R,KEITH GREENE (I),725,13,407,305,0
Catoosa,BOYNTON,CHAIR COMMISSIONER,,R,KEITH GREENE (I),2884,58,1271,1555,0
Catoosa,CATOOSA KEITH,CHAIR COMMISSIONER,,R,KEITH GREENE (I),1102,20,592,489,1
Catoosa,CHAMBERS,CHAIR COMMISSIONER,,R,KEITH GREENE (I),1225,30,607,588,0
Catoosa,DUNCAN PARK,CHAIR COMMISSIONER,,R,KEITH GREENE (I),980,25,447,508,0
Catoosa,FORT OGLETHORPE,CHAIR COMMISSIONER,,R,KEITH GREENE (I),1726,67,797,862,0
Catoosa,GRAYSVILLE,CHAIR COMMISSIONER,,R,KEITH GREENE (I),1775,40,871,864,0
Catoosa,LAKEVIEW,CHAIR COMMISSIONER,,R,KEITH GREENE (I),1400,64,662,674,0
Catoosa,POPLAR SPRINGS,CHAIR COMMISSIONER,,R,KEITH GREENE (I),1956,55,808,1092,1
Catoosa,RINGGOLD,CHAIR COMMISSIONER,,R,KEITH GREENE (I),3233,91,1004,2138,0
Catoosa,WESTSIDE,CHAIR COMMISSIONER,,R,KEITH GREENE (I),1284,40,454,789,1
Catoosa,WOODSTATION,CHAIR COMMISSIONER,,R,KEITH GREENE (I),1401,22,780,599,0
Catoosa,,CC D1,,R,JEFF LONG (I),4519,170,2151,2198,0
Catoosa,CHAMBERS,CC D1,,R,JEFF LONG (I),1225,33,606,586,0
Catoosa,FORT OGLETHORPE,CC D1,,R,JEFF LONG (I),1749,68,804,877,0
Catoosa,LAKEVIEW,CC D1,,R,JEFF LONG (I),1437,64,678,695,0
Catoosa,WOODSTATION,CC D1,,R,JEFF LONG (I),108,5,63,40,0
Catoosa,,CC D3,,R,JIM CUTLER (I),4986,131,1857,2997,1
Catoosa,GRAYSVILLE,CC D3,,R,JIM CUTLER (I),1746,41,855,850,0
Catoosa,RINGGOLD,CC D3,,R,JIM CUTLER (I),3240,90,1002,2147,1
Catoosa,,SOIL AND WATER,,,FRANK K. BONNELL (I),16138,492,7017,8627,2
Catoosa,BLACKSTOCK,SOIL AND WATER,,,FRANK K. BONNELL (I),544,12,295,237,0
Catoosa,BOYNTON,SOIL AND WATER,,,FRANK K. BONNELL (I),2383,52,1048,1283,0
Catoosa,CATOOSA KEITH,SOIL AND WATER,,,FRANK K. BONNELL (I),912,20,478,413,1
Catoosa,CHAMBERS,SOIL AND WATER,,,FRANK K. BONNELL (I),985,29,476,480,0
Catoosa,DUNCAN PARK,SOIL AND WATER,,,FRANK K. BONNELL (I),802,24,362,416,0
Catoosa,FORT OGLETHORPE,SOIL AND WATER,,,FRANK K. BONNELL (I),1389,58,632,699,0
Catoosa,GRAYSVILLE,SOIL AND WATER,,,FRANK K. BONNELL (I),1485,39,727,719,0
Catoosa,LAKEVIEW,SOIL AND WATER,,,FRANK K. BONNELL (I),1139,56,534,549,0
Catoosa,POPLAR SPRINGS,SOIL AND WATER,,,FRANK K. BONNELL (I),1602,49,658,895,0
Catoosa,RINGGOLD,SOIL AND WATER,,,FRANK K. BONNELL (I),2728,93,832,1802,1
Catoosa,WESTSIDE,SOIL AND WATER,,,FRANK K. BONNELL (I),1059,39,360,660,0
Catoosa,WOODSTATION,SOIL AND WATER,,,FRANK K. BONNELL (I),1110,21,615,474,0
Catoosa,,SOIL AND WATER,,,ROGER BOWMAN JR (I),15245,490,6725,8027,3
Catoosa,BLACKSTOCK,SOIL AND WATER,,,ROGER BOWMAN JR (I),542,15,298,229,0
Catoosa,BOYNTON,SOIL AND WATER,,,ROGER BOWMAN JR (I),2268,51,984,1233,0
Catoosa,CATOOSA KEITH,SOIL AND WATER,,,ROGER BOWMAN JR (I),845,20,436,388,1
Catoosa,CHAMBERS,SOIL AND WATER,,,ROGER BOWMAN JR (I),980,29,480,471,0
Catoosa,DUNCAN PARK,SOIL AND WATER,,,ROGER BOWMAN JR (I),774,24,358,392,0
Catoosa,FORT OGLETHORPE,SOIL AND WATER,,,ROGER BOWMAN JR (I),1290,55,596,639,0
Catoosa,GRAYSVILLE,SOIL AND WATER,,,ROGER BOWMAN JR (I),1412,43,706,663,0
Catoosa,LAKEVIEW,SOIL AND WATER,,,ROGER BOWMAN JR (I),1066,57,515,494,0
Catoosa,POPLAR SPRINGS,SOIL AND WATER,,,ROGER BOWMAN JR (I),1524,49,626,848,1
Catoosa,RINGGOLD,SOIL AND WATER,,,ROGER BOWMAN JR (I),2526,91,795,1640,0
Catoosa,WESTSIDE,SOIL AND WATER,,,ROGER BOWMAN JR (I),961,35,333,592,1
Catoosa,WOODSTATION,SOIL AND WATER,,,ROGER BOWMAN JR (I),1057,21,598,438,0
Catoosa,,Constitutional Amendment #1<br>Shall the Constitution be amended to allow state or local approval of public charter schools upon the request of local communities?,,,YES,13172,407,5442,7319,4
Catoosa,BLACKSTOCK,Constitutional Amendment #1<br>Shall the Constitution be amended to allow state or local approval of public charter schools upon the request of local communities?,,,YES,443,11,220,212,0
Catoosa,BOYNTON,Constitutional Amendment #1<br>Shall the Constitution be amended to allow state or local approval of public charter schools upon the request of local communities?,,,YES,1800,34,717,1049,0
Catoosa,CATOOSA KEITH,Constitutional Amendment #1<br>Shall the Constitution be amended to allow state or local approval of public charter schools upon the request of local communities?,,,YES,737,16,364,356,1
Catoosa,CHAMBERS,Constitutional Amendment #1<br>Shall the Constitution be amended to allow state or local approval of public charter schools upon the request of local communities?,,,YES,700,26,332,342,0
Catoosa,DUNCAN PARK,Constitutional Amendment #1<br>Shall the Constitution be amended to allow state or local approval of public charter schools upon the request of local communities?,,,YES,766,18,321,427,0
Catoosa,FORT OGLETHORPE,Constitutional Amendment #1<br>Shall the Constitution be amended to allow state or local approval of public charter schools upon the request of local communities?,,,YES,1225,48,561,616,0
Catoosa,GRAYSVILLE,Constitutional Amendment #1<br>Shall the Constitution be amended to allow state or local approval of public charter schools upon the request of local communities?,,,YES,1271,33,586,652,0
Catoosa,LAKEVIEW,Constitutional Amendment #1<br>Shall the Constitution be amended to allow state or local approval of public charter schools upon the request of local communities?,,,YES,997,51,463,483,0
Catoosa,POPLAR SPRINGS,Constitutional Amendment #1<br>Shall the Constitution be amended to allow state or local approval of public charter schools upon the request of local communities?,,,YES,1232,41,457,733,1
Catoosa,RINGGOLD,Constitutional Amendment #1<br>Shall the Constitution be amended to allow state or local approval of public charter schools upon the request of local communities?,,,YES,2237,83,641,1512,1
Catoosa,WESTSIDE,Constitutional Amendment #1<br>Shall the Constitution be amended to allow state or local approval of public charter schools upon the request of local communities?,,,YES,956,28,349,578,1
Catoosa,WOODSTATION,Constitutional Amendment #1<br>Shall the Constitution be amended to allow state or local approval of public charter schools upon the request of local communities?,,,YES,808,18,431,359,0
Catoosa,,Constitutional Amendment #1<br>Shall the Constitution be amended to allow state or local approval of public charter schools upon the request of local communities?,,,NO,9012,182,4434,4396,0
Catoosa,BLACKSTOCK,Constitutional Amendment #1<br>Shall the Constitution be amended to allow state or local approval of public charter schools upon the request of local communities?,,,NO,368,6,231,131,0
Catoosa,BOYNTON,Constitutional Amendment #1<br>Shall the Constitution be amended to allow state or local approval of public charter schools upon the request of local communities?,,,NO,1407,24,688,695,0
Catoosa,CATOOSA KEITH,Constitutional Amendment #1<br>Shall the Constitution be amended to allow state or local approval of public charter schools upon the request of local communities?,,,NO,555,7,321,227,0
Catoosa,CHAMBERS,Constitutional Amendment #1<br>Shall the Constitution be amended to allow state or local approval of public charter schools upon the request of local communities?,,,NO,690,10,372,308,0
Catoosa,DUNCAN PARK,Constitutional Amendment #1<br>Shall the Constitution be amended to allow state or local approval of public charter schools upon the request of local communities?,,,NO,339,7,184,148,0
Catoosa,FORT OGLETHORPE,Constitutional Amendment #1<br>Shall the Constitution be amended to allow state or local approval of public charter schools upon the request of local communities?,,,NO,713,21,342,350,0
Catoosa,GRAYSVILLE,Constitutional Amendment #1<br>Shall the Constitution be amended to allow state or local approval of public charter schools upon the request of local communities?,,,NO,739,14,422,303,0
Catoosa,LAKEVIEW,Constitutional Amendment #1<br>Shall the Constitution be amended to allow state or local approval of public charter schools upon the request of local communities?,,,NO,582,17,305,260,0
Catoosa,POPLAR SPRINGS,Constitutional Amendment #1<br>Shall the Constitution be amended to allow state or local approval of public charter schools upon the request of local communities?,,,NO,922,13,443,466,0
Catoosa,RINGGOLD,Constitutional Amendment #1<br>Shall the Constitution be amended to allow state or local approval of public charter schools upon the request of local communities?,,,NO,1448,35,497,916,0
Catoosa,WESTSIDE,Constitutional Amendment #1<br>Shall the Constitution be amended to allow state or local approval of public charter schools upon the request of local communities?,,,NO,491,19,180,292,0
Catoosa,WOODSTATION,Constitutional Amendment #1<br>Shall the Constitution be amended to allow state or local approval of public charter schools upon the request of local communities?,,,NO,758,9,449,300,0
Catoosa,,Constitutional Amendment #2<br>Shall the Constitution be amended so as to provide for a reduction in the state's operating costs by allowing the General Assembly to authorize certain state agencies to enter into multiyear rental agreements?,,,YES,13909,391,5929,7587,2
Catoosa,BLACKSTOCK,Constitutional Amendment #2<br>Shall the Constitution be amended so as to provide for a reduction in the state's operating costs by allowing the General Assembly to authorize certain state agencies to enter into multiyear rental agreements?,,,YES,480,11,253,216,0
Catoosa,BOYNTON,Constitutional Amendment #2<br>Shall the Constitution be amended so as to provide for a reduction in the state's operating costs by allowing the General Assembly to authorize certain state agencies to enter into multiyear rental agreements?,,,YES,2040,33,852,1155,0
Catoosa,CATOOSA KEITH,Constitutional Amendment #2<br>Shall the Constitution be amended so as to provide for a reduction in the state's operating costs by allowing the General Assembly to authorize certain state agencies to enter into multiyear rental agreements?,,,YES,795,15,395,384,1
Catoosa,CHAMBERS,Constitutional Amendment #2<br>Shall the Constitution be amended so as to provide for a reduction in the state's operating costs by allowing the General Assembly to authorize certain state agencies to enter into multiyear rental agreements?,,,YES,823,24,400,399,0
Catoosa,DUNCAN PARK,Constitutional Amendment #2<br>Shall the Constitution be amended so as to provide for a reduction in the state's operating costs by allowing the General Assembly to authorize certain state agencies to enter into multiyear rental agreements?,,,YES,740,19,316,405,0
Catoosa,FORT OGLETHORPE,Constitutional Amendment #2<br>Shall the Constitution be amended so as to provide for a reduction in the state's operating costs by allowing the General Assembly to authorize certain state agencies to enter into multiyear rental agreements?,,,YES,1258,52,552,654,0
Catoosa,GRAYSVILLE,Constitutional Amendment #2<br>Shall the Constitution be amended so as to provide for a reduction in the state's operating costs by allowing the General Assembly to authorize certain state agencies to enter into multiyear rental agreements?,,,YES,1275,37,605,633,0
Catoosa,LAKEVIEW,Constitutional Amendment #2<br>Shall the Constitution be amended so as to provide for a reduction in the state's operating costs by allowing the General Assembly to authorize certain state agencies to enter into multiyear rental agreements?,,,YES,963,42,477,444,0
Catoosa,POPLAR SPRINGS,Constitutional Amendment #2<br>Shall the Constitution be amended so as to provide for a reduction in the state's operating costs by allowing the General Assembly to authorize certain state agencies to enter into multiyear rental agreements?,,,YES,1338,29,551,758,0
Catoosa,RINGGOLD,Constitutional Amendment #2<br>Shall the Constitution be amended so as to provide for a reduction in the state's operating costs by allowing the General Assembly to authorize certain state agencies to enter into multiyear rental agreements?,,,YES,2384,84,704,1596,0
Catoosa,WESTSIDE,Constitutional Amendment #2<br>Shall the Constitution be amended so as to provide for a reduction in the state's operating costs by allowing the General Assembly to authorize certain state agencies to enter into multiyear rental agreements?,,,YES,904,27,325,551,1
Catoosa,WOODSTATION,Constitutional Amendment #2<br>Shall the Constitution be amended so as to provide for a reduction in the state's operating costs by allowing the General Assembly to authorize certain state agencies to enter into multiyear rental agreements?,,,YES,909,18,499,392,0
Catoosa,,Constitutional Amendment #2<br>Shall the Constitution be amended so as to provide for a reduction in the state's operating costs by allowing the General Assembly to authorize certain state agencies to enter into multiyear rental agreements?,,,NO,7022,166,3399,3456,1
Catoosa,BLACKSTOCK,Constitutional Amendment #2<br>Shall the Constitution be amended so as to provide for a reduction in the state's operating costs by allowing the General Assembly to authorize certain state agencies to enter into multiyear rental agreements?,,,NO,295,2,181,112,0
Catoosa,BOYNTON,Constitutional Amendment #2<br>Shall the Constitution be amended so as to provide for a reduction in the state's operating costs by allowing the General Assembly to authorize certain state agencies to enter into multiyear rental agreements?,,,NO,986,24,482,480,0
Catoosa,CATOOSA KEITH,Constitutional Amendment #2<br>Shall the Constitution be amended so as to provide for a reduction in the state's operating costs by allowing the General Assembly to authorize certain state agencies to enter into multiyear rental agreements?,,,NO,412,3,244,165,0
Catoosa,CHAMBERS,Constitutional Amendment #2<br>Shall the Constitution be amended so as to provide for a reduction in the state's operating costs by allowing the General Assembly to authorize certain state agencies to enter into multiyear rental agreements?,,,NO,477,10,248,219,0
Catoosa,DUNCAN PARK,Constitutional Amendment #2<br>Shall the Constitution be amended so as to provide for a reduction in the state's operating costs by allowing the General Assembly to authorize certain state agencies to enter into multiyear rental agreements?,,,NO,306,5,164,137,0
Catoosa,FORT OGLETHORPE,Constitutional Amendment #2<br>Shall the Constitution be amended so as to provide for a reduction in the state's operating costs by allowing the General Assembly to authorize certain state agencies to enter into multiyear rental agreements?,,,NO,579,15,299,265,0
Catoosa,GRAYSVILLE,Constitutional Amendment #2<br>Shall the Constitution be amended so as to provide for a reduction in the state's operating costs by allowing the General Assembly to authorize certain state agencies to enter into multiyear rental agreements?,,,NO,622,11,344,267,0
Catoosa,LAKEVIEW,Constitutional Amendment #2<br>Shall the Constitution be amended so as to provide for a reduction in the state's operating costs by allowing the General Assembly to authorize certain state agencies to enter into multiyear rental agreements?,,,NO,529,22,256,251,0
Catoosa,POPLAR SPRINGS,Constitutional Amendment #2<br>Shall the Constitution be amended so as to provide for a reduction in the state's operating costs by allowing the General Assembly to authorize certain state agencies to enter into multiyear rental agreements?,,,NO,693,19,309,364,1
Catoosa,RINGGOLD,Constitutional Amendment #2<br>Shall the Constitution be amended so as to provide for a reduction in the state's operating costs by allowing the General Assembly to authorize certain state agencies to enter into multiyear rental agreements?,,,NO,1098,34,369,695,0
Catoosa,WESTSIDE,Constitutional Amendment #2<br>Shall the Constitution be amended so as to provide for a reduction in the state's operating costs by allowing the General Assembly to authorize certain state agencies to enter into multiyear rental agreements?,,,NO,474,14,184,276,0
Catoosa,WOODSTATION,Constitutional Amendment #2<br>Shall the Constitution be amended so as to provide for a reduction in the state's operating costs by allowing the General Assembly to authorize certain state agencies to enter into multiyear rental agreements?,,,NO,551,7,319,225,0
Catoosa,,COUNTY SALE OF DISTILLED SPIRITS ON PREMISES,,,YES,13422,318,6323,6780,1
Catoosa,BLACKSTOCK,COUNTY SALE OF DISTILLED SPIRITS ON PREMISES,,,YES,443,7,240,196,0
Catoosa,BOYNTON,COUNTY SALE OF DISTILLED SPIRITS ON PREMISES,,,YES,1960,34,930,996,0
Catoosa,CATOOSA KEITH,COUNTY SALE OF DISTILLED SPIRITS ON PREMISES,,,YES,754,8,403,342,1
Catoosa,CHAMBERS,COUNTY SALE OF DISTILLED SPIRITS ON PREMISES,,,YES,785,26,411,348,0
Catoosa,DUNCAN PARK,COUNTY SALE OF DISTILLED SPIRITS ON PREMISES,,,YES,674,11,339,324,0
Catoosa,FORT OGLETHORPE,COUNTY SALE OF DISTILLED SPIRITS ON PREMISES,,,YES,1182,35,574,573,0
Catoosa,GRAYSVILLE,COUNTY SALE OF DISTILLED SPIRITS ON PREMISES,,,YES,1235,34,658,543,0
Catoosa,LAKEVIEW,COUNTY SALE OF DISTILLED SPIRITS ON PREMISES,,,YES,950,32,520,398,0
Catoosa,POPLAR SPRINGS,COUNTY SALE OF DISTILLED SPIRITS ON PREMISES,,,YES,1320,33,581,706,0
Catoosa,RINGGOLD,COUNTY SALE OF DISTILLED SPIRITS ON PREMISES,,,YES,2329,68,773,1488,0
Catoosa,WESTSIDE,COUNTY SALE OF DISTILLED SPIRITS ON PREMISES,,,YES,835,16,339,480,0
Catoosa,WOODSTATION,COUNTY SALE OF DISTILLED SPIRITS ON PREMISES,,,YES,955,14,555,386,0
Catoosa,,COUNTY SALE OF DISTILLED SPIRITS ON PREMISES,,,NO,9157,308,3679,5167,3
Catoosa,BLACKSTOCK,COUNTY SALE OF DISTILLED SPIRITS ON PREMISES,,,NO,396,10,226,160,0
Catoosa,BOYNTON,COUNTY SALE OF DISTILLED SPIRITS ON PREMISES,,,NO,1292,32,496,764,0
Catoosa,CATOOSA KEITH,COUNTY SALE OF DISTILLED SPIRITS ON PREMISES,,,NO,551,14,289,248,0
Catoosa,CHAMBERS,COUNTY SALE OF DISTILLED SPIRITS ON PREMISES,,,NO,614,12,294,308,0
Catoosa,DUNCAN PARK,COUNTY SALE OF DISTILLED SPIRITS ON PREMISES,,,NO,458,14,182,262,0
Catoosa,FORT OGLETHORPE,COUNTY SALE OF DISTILLED SPIRITS ON PREMISES,,,NO,796,39,343,414,0
Catoosa,GRAYSVILLE,COUNTY SALE OF DISTILLED SPIRITS ON PREMISES,,,NO,826,21,363,442,0
Catoosa,LAKEVIEW,COUNTY SALE OF DISTILLED SPIRITS ON PREMISES,,,NO,663,39,267,357,0
Catoosa,POPLAR SPRINGS,COUNTY SALE OF DISTILLED SPIRITS ON PREMISES,,,NO,863,28,323,511,1
Catoosa,RINGGOLD,COUNTY SALE OF DISTILLED SPIRITS ON PREMISES,,,NO,1425,59,383,982,1
Catoosa,WESTSIDE,COUNTY SALE OF DISTILLED SPIRITS ON PREMISES,,,NO,653,28,193,431,1
Catoosa,WOODSTATION,COUNTY SALE OF DISTILLED SPIRITS ON PREMISES,,,NO,620,12,320,288,0
Catoosa,,COUNTY SUNDAY SALES BY RETAILERS,,,YES,11998,281,5709,6007,1
Catoosa,BLACKSTOCK,COUNTY SUNDAY SALES BY RETAILERS,,,YES,400,3,226,171,0
Catoosa,BOYNTON,COUNTY SUNDAY SALES BY RETAILERS,,,YES,1716,25,833,858,0
Catoosa,CATOOSA KEITH,COUNTY SUNDAY SALES BY RETAILERS,,,YES,711,9,368,333,1
Catoosa,CHAMBERS,COUNTY SUNDAY SALES BY RETAILERS,,,YES,716,25,375,316,0
Catoosa,DUNCAN PARK,COUNTY SUNDAY SALES BY RETAILERS,,,YES,594,8,299,287,0
Catoosa,FORT OGLETHORPE,COUNTY SUNDAY SALES BY RETAILERS,,,YES,1014,30,510,474,0
Catoosa,GRAYSVILLE,COUNTY SUNDAY SALES BY RETAILERS,,,YES,1123,23,608,492,0
Catoosa,LAKEVIEW,COUNTY SUNDAY SALES BY RETAILERS,,,YES,846,29,462,355,0
Catoosa,POPLAR SPRINGS,COUNTY SUNDAY SALES BY RETAILERS,,,YES,1181,31,524,626,0
Catoosa,RINGGOLD,COUNTY SUNDAY SALES BY RETAILERS,,,YES,2118,66,700,1352,0
Catoosa,WESTSIDE,COUNTY SUNDAY SALES BY RETAILERS,,,YES,728,18,297,413,0
Catoosa,WOODSTATION,COUNTY SUNDAY SALES BY RETAILERS,,,YES,851,14,507,330,0
Catoosa,,COUNTY SUNDAY SALES BY RETAILERS,,,NO,10955,358,4459,6136,2
Catoosa,BLACKSTOCK,COUNTY SUNDAY SALES BY RETAILERS,,,NO,450,14,245,191,0
Catoosa,BOYNTON,COUNTY SUNDAY SALES BY RETAILERS,,,NO,1586,41,616,929,0
Catoosa,CATOOSA KEITH,COUNTY SUNDAY SALES BY RETAILERS,,,NO,606,14,327,265,0
Catoosa,CHAMBERS,COUNTY SUNDAY SALES BY RETAILERS,,,NO,710,14,347,349,0
Catoosa,DUNCAN PARK,COUNTY SUNDAY SALES BY RETAILERS,,,NO,554,18,230,306,0
Catoosa,FORT OGLETHORPE,COUNTY SUNDAY SALES BY RETAILERS,,,NO,1018,46,432,540,0
Catoosa,GRAYSVILLE,COUNTY SUNDAY SALES BY RETAILERS,,,NO,978,32,429,517,0
Catoosa,LAKEVIEW,COUNTY SUNDAY SALES BY RETAILERS,,,NO,795,43,336,416,0
Catoosa,POPLAR SPRINGS,COUNTY SUNDAY SALES BY RETAILERS,,,NO,1034,33,395,605,1
Catoosa,RINGGOLD,COUNTY SUNDAY SALES BY RETAILERS,,,NO,1702,63,477,1162,0
Catoosa,WESTSIDE,COUNTY SUNDAY SALES BY RETAILERS,,,NO,778,28,243,506,1
Catoosa,WOODSTATION,COUNTY SUNDAY SALES BY RETAILERS,,,NO,744,12,382,350,0
Catoosa,,COUNTY SUNDAY SALES BY THE DRINK,,,YES,12187,284,5725,6176,2
Catoosa,BLACKSTOCK,COUNTY SUNDAY SALES BY THE DRINK,,,YES,410,4,229,177,0
Catoosa,BOYNTON,COUNTY SUNDAY SALES BY THE DRINK,,,YES,1739,26,822,891,0
Catoosa,CATOOSA KEITH,COUNTY SUNDAY SALES BY THE DRINK,,,YES,724,10,379,334,1
Catoosa,CHAMBERS,COUNTY SUNDAY SALES BY THE DRINK,,,YES,711,20,364,327,0
Catoosa,DUNCAN PARK,COUNTY SUNDAY SALES BY THE DRINK,,,YES,615,9,305,301,0
Catoosa,FORT OGLETHORPE,COUNTY SUNDAY SALES BY THE DRINK,,,YES,1027,30,515,482,0
Catoosa,GRAYSVILLE,COUNTY SUNDAY SALES BY THE DRINK,,,YES,1120,26,592,502,0
Catoosa,LAKEVIEW,COUNTY SUNDAY SALES BY THE DRINK,,,YES,865,28,467,370,0
Catoosa,POPLAR SPRINGS,COUNTY SUNDAY SALES BY THE DRINK,,,YES,1216,34,532,650,0
Catoosa,RINGGOLD,COUNTY SUNDAY SALES BY THE DRINK,,,YES,2155,65,714,1376,0
Catoosa,WESTSIDE,COUNTY SUNDAY SALES BY THE DRINK,,,YES,742,19,301,421,1
Catoosa,WOODSTATION,COUNTY SUNDAY SALES BY THE DRINK,,,YES,863,13,505,345,0
Catoosa,,COUNTY SUNDAY SALES BY THE DRINK,,,NO,10974,354,4525,6094,1
Catoosa,BLACKSTOCK,COUNTY SUNDAY SALES BY THE DRINK,,,NO,453,13,251,189,0
Catoosa,BOYNTON,COUNTY SUNDAY SALES BY THE DRINK,,,NO,1571,41,628,902,0
Catoosa,CATOOSA KEITH,COUNTY SUNDAY SALES BY THE DRINK,,,NO,602,14,324,264,0
Catoosa,CHAMBERS,COUNTY SUNDAY SALES BY THE DRINK,,,NO,729,19,362,348,0
Catoosa,DUNCAN PARK,COUNTY SUNDAY SALES BY THE DRINK,,,NO,555,17,232,306,0
Catoosa,FORT OGLETHORPE,COUNTY SUNDAY SALES BY THE DRINK,,,NO,1017,44,435,538,0
Catoosa,GRAYSVILLE,COUNTY SUNDAY SALES BY THE DRINK,,,NO,1002,29,452,521,0
Catoosa,LAKEVIEW,COUNTY SUNDAY SALES BY THE DRINK,,,NO,812,44,344,424,0
Catoosa,POPLAR SPRINGS,COUNTY SUNDAY SALES BY THE DRINK,,,NO,1017,30,391,595,1
Catoosa,RINGGOLD,COUNTY SUNDAY SALES BY THE DRINK,,,NO,1691,62,471,1158,0
Catoosa,WESTSIDE,COUNTY SUNDAY SALES BY THE DRINK,,,NO,787,28,250,509,0
Catoosa,WOODSTATION,COUNTY SUNDAY SALES BY THE DRINK,,,NO,738,13,385,340,0
Catoosa,,CITY OF RINGGOLD SUNDAY SALES BY RETAILERS,,,YES,548,21,198,329,0
Catoosa,POPLAR SPRINGS,CITY OF RINGGOLD SUNDAY SALES BY RETAILERS,,,YES,32,1,14,17,0
Catoosa,RINGGOLD,CITY OF RINGGOLD SUNDAY SALES BY RETAILERS,,,YES,516,20,184,312,0
Catoosa,,CITY OF RINGGOLD SUNDAY SALES BY RETAILERS,,,NO,397,17,130,250,0
Catoosa,POPLAR SPRINGS,CITY OF RINGGOLD SUNDAY SALES BY RETAILERS,,,NO,29,1,14,14,0
Catoosa,RINGGOLD,CITY OF RINGGOLD SUNDAY SALES BY RETAILERS,,,NO,368,16,116,236,0
Catoosa,,CITY OF RINGGOLD SUNDAY SALES BY THE DRINK,,,YES,544,21,197,326,0
Catoosa,POPLAR SPRINGS,CITY OF RINGGOLD SUNDAY SALES BY THE DRINK,,,YES,34,1,15,18,0
Catoosa,RINGGOLD,CITY OF RINGGOLD SUNDAY SALES BY THE DRINK,,,YES,510,20,182,308,0
Catoosa,,CITY OF RINGGOLD SUNDAY SALES BY THE DRINK,,,NO,396,18,129,249,0
Catoosa,POPLAR SPRINGS,CITY OF RINGGOLD SUNDAY SALES BY THE DRINK,,,NO,27,1,13,13,0
Catoosa,RINGGOLD,CITY OF RINGGOLD SUNDAY SALES BY THE DRINK,,,NO,369,17,116,236,0
