county,precinct,office,district,party,candidate,votes,absentee_by_mail,election_day,advance_in_person,provisional
Brooks,,President of the United States,,R,MITT ROMNEY,3554,135,1988,1399,32
Brooks,Grooverville,President of the United States,,R,MITT ROMNEY,123,4,68,51,0
Brooks,Quitman,President of the United States,,R,MITT ROMNEY,833,43,275,497,18
Brooks,Barwick/Drylake,President of the United States,,R,MITT ROMNEY,143,3,117,22,1
Brooks,Dixie,President of the United States,,R,MITT ROMNEY,199,11,115,73,0
Brooks,Barney,President of the United States,,R,MITT ROMNEY,298,6,226,65,1
Brooks,E.Brooks/Briggs,President of the United States,,R,MITT ROMNEY,998,40,585,366,7
Brooks,Pavo/Williams,President of the United States,,R,MITT ROMNEY,211,5,174,31,1
Brooks,S.Brooks/Nankin,President of the United States,,R,MITT ROMNEY,352,7,192,151,2
Brooks,Morven,President of the United States,,R,MITT ROMNEY,397,16,236,143,2
Brooks,,President of the United States,,D,BARACK OBAMA (I),3138,1067,1151,883,37
Brooks,Grooverville,President of the United States,,D,BARACK OBAMA (I),162,47,78,37,0
Brooks,Quitman,President of the United States,,D,BARACK OBAMA (I),1739,820,405,494,20
Brooks,Barwick/Drylake,President of the United States,,D,BARACK OBAMA (I),64,4,41,17,2
Brooks,Dixie,President of the United States,,D,BARACK OBAMA (I),271,84,112,73,2
Brooks,Barney,President of the United States,,D,BARACK OBAMA (I),129,20,82,25,2
Brooks,E.Brooks/Briggs,President of the United States,,D,BARACK OBAMA (I),244,17,127,94,6
Brooks,Pavo/Williams,President of the United States,,D,BARACK OBAMA (I),114,1,95,16,2
Brooks,S.Brooks/Nankin,President of the United States,,D,BARACK OBAMA (I),77,3,34,39,1
Brooks,Morven,President of the United States,,D,BARACK OBAMA (I),338,71,177,88,2
Brooks,,President of the United States,,LIB,GARY JOHNSON,50,0,33,15,2
Brooks,Grooverville,President of the United States,,LIB,GARY JOHNSON,2,0,2,0,0
Brooks,Quitman,President of the United States,,LIB,GARY JOHNSON,18,0,6,10,2
Brooks,Barwick/Drylake,President of the United States,,LIB,GARY JOHNSON,3,0,2,1,0
Brooks,Dixie,President of the United States,,LIB,GARY JOHNSON,1,0,1,0,0
Brooks,Barney,President of the United States,,LIB,GARY JOHNSON,4,0,4,0,0
Brooks,E.Brooks/Briggs,President of the United States,,LIB,GARY JOHNSON,13,0,10,3,0
Brooks,Pavo/Williams,President of the United States,,LIB,GARY JOHNSON,1,0,1,0,0
Brooks,S.Brooks/Nankin,President of the United States,,LIB,GARY JOHNSON,2,0,1,1,0
Brooks,Morven,President of the United States,,LIB,GARY JOHNSON,6,0,6,0,0
Brooks,,"Public Service Commission, District 3",3,R,CHUCK EATON (I),3054,141,1679,1208,26
Brooks,Grooverville,"Public Service Commission, District 3",3,R,CHUCK EATON (I),115,4,62,49,0
Brooks,Quitman,"Public Service Commission, District 3",3,R,CHUCK EATON (I),744,54,244,435,11
Brooks,Barwick/Drylake,"Public Service Commission, District 3",3,R,CHUCK EATON (I),122,2,97,21,2
Brooks,Dixie,"Public Service Commission, District 3",3,R,CHUCK EATON (I),164,9,94,61,0
Brooks,Barney,"Public Service Commission, District 3",3,R,CHUCK EATON (I),251,5,188,56,2
Brooks,E.Brooks/Briggs,"Public Service Commission, District 3",3,R,CHUCK EATON (I),846,38,490,312,6
Brooks,Pavo/Williams,"Public Service Commission, District 3",3,R,CHUCK EATON (I),177,5,149,22,1
Brooks,S.Brooks/Nankin,"Public Service Commission, District 3",3,R,CHUCK EATON (I),283,6,153,122,2
Brooks,Morven,"Public Service Commission, District 3",3,R,CHUCK EATON (I),352,18,202,130,2
Brooks,,"Public Service Commission, District 3",3,D,STEPHEN OPPENHEIMER,2544,919,920,683,22
Brooks,Grooverville,"Public Service Commission, District 3",3,D,STEPHEN OPPENHEIMER,132,45,57,30,0
Brooks,Quitman,"Public Service Commission, District 3",3,D,STEPHEN OPPENHEIMER,1397,697,323,368,9
Brooks,Barwick/Drylake,"Public Service Commission, District 3",3,D,STEPHEN OPPENHEIMER,59,4,41,13,1
Brooks,Dixie,"Public Service Commission, District 3",3,D,STEPHEN OPPENHEIMER,210,76,78,54,2
Brooks,Barney,"Public Service Commission, District 3",3,D,STEPHEN OPPENHEIMER,104,18,64,21,1
Brooks,E.Brooks/Briggs,"Public Service Commission, District 3",3,D,STEPHEN OPPENHEIMER,215,11,113,86,5
Brooks,Pavo/Williams,"Public Service Commission, District 3",3,D,STEPHEN OPPENHEIMER,85,1,68,14,2
Brooks,S.Brooks/Nankin,"Public Service Commission, District 3",3,D,STEPHEN OPPENHEIMER,63,3,29,30,1
Brooks,Morven,"Public Service Commission, District 3",3,D,STEPHEN OPPENHEIMER,279,64,147,67,1
Brooks,,"Public Service Commission, District 3",3,L,BRAD PLOEGER,170,8,101,60,1
Brooks,Grooverville,"Public Service Commission, District 3",3,L,BRAD PLOEGER,4,0,4,0,0
Brooks,Quitman,"Public Service Commission, District 3",3,L,BRAD PLOEGER,39,3,15,20,1
Brooks,Barwick/Drylake,"Public Service Commission, District 3",3,L,BRAD PLOEGER,7,0,6,1,0
Brooks,Dixie,"Public Service Commission, District 3",3,L,BRAD PLOEGER,6,1,3,2,0
Brooks,Barney,"Public Service Commission, District 3",3,L,BRAD PLOEGER,19,2,14,3,0
Brooks,E.Brooks/Briggs,"Public Service Commission, District 3",3,L,BRAD PLOEGER,43,1,27,15,0
Brooks,Pavo/Williams,"Public Service Commission, District 3",3,L,BRAD PLOEGER,13,0,12,1,0
Brooks,S.Brooks/Nankin,"Public Service Commission, District 3",3,L,BRAD PLOEGER,17,0,5,12,0
Brooks,Morven,"Public Service Commission, District 3",3,L,BRAD PLOEGER,22,1,15,6,0
Brooks,,"Public Service Commission, District 5",5,R,STAN WISE (I),3629,370,1874,1356,29
Brooks,Grooverville,"Public Service Commission, District 5",5,R,STAN WISE (I),159,34,71,54,0
Brooks,Quitman,"Public Service Commission, District 5",5,R,STAN WISE (I),1024,220,283,509,12
Brooks,Barwick/Drylake,"Public Service Commission, District 5",5,R,STAN WISE (I),133,5,102,25,1
Brooks,Dixie,"Public Service Commission, District 5",5,R,STAN WISE (I),208,27,112,69,0
Brooks,Barney,"Public Service Commission, District 5",5,R,STAN WISE (I),279,10,202,64,3
Brooks,E.Brooks/Briggs,"Public Service Commission, District 5",5,R,STAN WISE (I),913,36,536,335,6
Brooks,Pavo/Williams,"Public Service Commission, District 5",5,R,STAN WISE (I),193,5,162,24,2
Brooks,S.Brooks/Nankin,"Public Service Commission, District 5",5,R,STAN WISE (I),314,7,167,138,2
Brooks,Morven,"Public Service Commission, District 5",5,R,STAN WISE (I),406,26,239,138,3
Brooks,,"Public Service Commission, District 5",5,L,DAVID STAPLES,1324,258,644,409,13
Brooks,Grooverville,"Public Service Commission, District 5",5,L,DAVID STAPLES,51,5,34,12,0
Brooks,Quitman,"Public Service Commission, District 5",5,L,DAVID STAPLES,607,191,211,199,6
Brooks,Barwick/Drylake,"Public Service Commission, District 5",5,L,DAVID STAPLES,47,1,36,10,0
Brooks,Dixie,"Public Service Commission, District 5",5,L,DAVID STAPLES,94,15,43,35,1
Brooks,Barney,"Public Service Commission, District 5",5,L,DAVID STAPLES,85,10,64,11,0
Brooks,E.Brooks/Briggs,"Public Service Commission, District 5",5,L,DAVID STAPLES,169,12,96,56,5
Brooks,Pavo/Williams,"Public Service Commission, District 5",5,L,DAVID STAPLES,61,1,47,13,0
Brooks,S.Brooks/Nankin,"Public Service Commission, District 5",5,L,DAVID STAPLES,47,1,20,26,0
Brooks,Morven,"Public Service Commission, District 5",5,L,DAVID STAPLES,163,22,93,47,1
Brooks,,U.S. Representative,8,R,AUSTIN SCOTT (I),4297,467,2225,1560,45
Brooks,Grooverville,U.S. Representative,8,R,AUSTIN SCOTT (I),173,23,95,55,0
Brooks,Quitman,U.S. Representative,8,R,AUSTIN SCOTT (I),1336,302,404,607,23
Brooks,Barwick/Drylake,U.S. Representative,8,R,AUSTIN SCOTT (I),158,5,122,29,2
Brooks,Dixie,U.S. Representative,8,R,AUSTIN SCOTT (I),251,36,126,89,0
Brooks,Barney,U.S. Representative,8,R,AUSTIN SCOTT (I),334,17,244,70,3
Brooks,E.Brooks/Briggs,U.S. Representative,8,R,AUSTIN SCOTT (I),1001,43,585,364,9
Brooks,Pavo/Williams,U.S. Representative,8,R,AUSTIN SCOTT (I),230,6,189,33,2
Brooks,S.Brooks/Nankin,U.S. Representative,8,R,AUSTIN SCOTT (I),333,7,173,150,3
Brooks,Morven,U.S. Representative,8,R,AUSTIN SCOTT (I),481,28,287,163,3
Brooks,,State Senator,8,R,TIM GOLDEN (I),3707,186,2023,1471,27
Brooks,Grooverville,State Senator,8,R,TIM GOLDEN (I),132,6,71,55,0
Brooks,Quitman,State Senator,8,R,TIM GOLDEN (I),961,84,311,554,12
Brooks,Barwick/Drylake,State Senator,8,R,TIM GOLDEN (I),147,2,118,26,1
Brooks,Dixie,State Senator,8,R,TIM GOLDEN (I),217,14,126,77,0
Brooks,Barney,State Senator,8,R,TIM GOLDEN (I),313,10,235,65,3
Brooks,E.Brooks/Briggs,State Senator,8,R,TIM GOLDEN (I),984,40,567,371,6
Brooks,Pavo/Williams,State Senator,8,R,TIM GOLDEN (I),206,5,170,30,1
Brooks,S.Brooks/Nankin,State Senator,8,R,TIM GOLDEN (I),330,7,169,152,2
Brooks,Morven,State Senator,8,R,TIM GOLDEN (I),417,18,256,141,2
Brooks,,State Senator,8,D,BIKRAM MOHANTY,2653,963,950,721,19
Brooks,Grooverville,State Senator,8,D,BIKRAM MOHANTY,138,44,62,32,0
Brooks,Quitman,State Senator,8,D,BIKRAM MOHANTY,1460,739,325,388,8
Brooks,Barwick/Drylake,State Senator,8,D,BIKRAM MOHANTY,55,4,38,12,1
Brooks,Dixie,State Senator,8,D,BIKRAM MOHANTY,214,75,80,57,2
Brooks,Barney,State Senator,8,D,BIKRAM MOHANTY,101,17,64,20,0
Brooks,E.Brooks/Briggs,State Senator,8,D,BIKRAM MOHANTY,226,14,123,84,5
Brooks,Pavo/Williams,State Senator,8,D,BIKRAM MOHANTY,92,1,76,14,1
Brooks,S.Brooks/Nankin,State Senator,8,D,BIKRAM MOHANTY,76,2,42,31,1
Brooks,Morven,State Senator,8,D,BIKRAM MOHANTY,291,67,140,83,1
Brooks,,State Representative,175,R,AMY CARTER (I),3686,158,2036,1463,29
Brooks,Grooverville,State Representative,175,R,AMY CARTER (I),130,5,74,51,0
Brooks,Quitman,State Representative,175,R,AMY CARTER (I),941,61,317,550,13
Brooks,Barwick/Drylake,State Representative,175,R,AMY CARTER (I),140,2,112,25,1
Brooks,Dixie,State Representative,175,R,AMY CARTER (I),206,13,125,68,0
Brooks,Barney,State Representative,175,R,AMY CARTER (I),303,7,230,64,2
Brooks,E.Brooks/Briggs,State Representative,175,R,AMY CARTER (I),994,41,575,371,7
Brooks,Pavo/Williams,State Representative,175,R,AMY CARTER (I),206,5,169,30,2
Brooks,S.Brooks/Nankin,State Representative,175,R,AMY CARTER (I),346,7,182,155,2
Brooks,Morven,State Representative,175,R,AMY CARTER (I),420,17,252,149,2
Brooks,,State Representative,175,D,JC CUNNINGHAM,2732,996,971,745,20
Brooks,Grooverville,State Representative,175,D,JC CUNNINGHAM,146,46,65,35,0
Brooks,Quitman,State Representative,175,D,JC CUNNINGHAM,1498,764,329,396,9
Brooks,Barwick/Drylake,State Representative,175,D,JC CUNNINGHAM,62,4,42,15,1
Brooks,Dixie,State Representative,175,D,JC CUNNINGHAM,235,78,85,70,2
Brooks,Barney,State Representative,175,D,JC CUNNINGHAM,107,19,66,21,1
Brooks,E.Brooks/Briggs,State Representative,175,D,JC CUNNINGHAM,222,14,118,85,5
Brooks,Pavo/Williams,State Representative,175,D,JC CUNNINGHAM,97,1,81,15,0
Brooks,S.Brooks/Nankin,State Representative,175,D,JC CUNNINGHAM,70,2,35,32,1
Brooks,Morven,State Representative,175,D,JC CUNNINGHAM,295,68,150,76,1
Brooks,,District Attorney, Southern Circuit,R,J. DAVID MILLER (I),4355,413,2299,1608,35
Brooks,Grooverville,District Attorney, Southern Circuit,R,J. DAVID MILLER (I),165,14,95,56,0
Brooks,Quitman,District Attorney, Southern Circuit,R,J. DAVID MILLER (I),1328,248,436,629,15
Brooks,Barwick/Drylake,District Attorney, Southern Circuit,R,J. DAVID MILLER (I),163,5,128,28,2
Brooks,Dixie,District Attorney, Southern Circuit,R,J. DAVID MILLER (I),248,34,130,84,0
Brooks,Barney,District Attorney, Southern Circuit,R,J. DAVID MILLER (I),349,20,251,75,3
Brooks,E.Brooks/Briggs,District Attorney, Southern Circuit,R,J. DAVID MILLER (I),1034,45,597,384,8
Brooks,Pavo/Williams,District Attorney, Southern Circuit,R,J. DAVID MILLER (I),229,6,187,34,2
Brooks,S.Brooks/Nankin,District Attorney, Southern Circuit,R,J. DAVID MILLER (I),345,7,183,152,3
Brooks,Morven,District Attorney, Southern Circuit,R,J. DAVID MILLER (I),494,34,292,166,2
Brooks,,CLERK, SUPERIOR COURT,D,GINGER S. SHIVER (I),5254,904,2454,1856,40
Brooks,Grooverville,CLERK, SUPERIOR COURT,D,GINGER S. SHIVER (I),219,32,114,73,0
Brooks,Quitman,CLERK, SUPERIOR COURT,D,GINGER S. SHIVER (I),2055,634,576,826,19
Brooks,Barwick/Drylake,CLERK, SUPERIOR COURT,D,GINGER S. SHIVER (I),176,5,133,37,1
Brooks,Dixie,CLERK, SUPERIOR COURT,D,GINGER S. SHIVER (I),378,79,174,123,2
Brooks,Barney,CLERK, SUPERIOR COURT,D,GINGER S. SHIVER (I),334,24,234,73,3
Brooks,E.Brooks/Briggs,CLERK, SUPERIOR COURT,D,GINGER S. SHIVER (I),908,43,511,347,7
Brooks,Pavo/Williams,CLERK, SUPERIOR COURT,D,GINGER S. SHIVER (I),248,5,204,37,2
Brooks,S.Brooks/Nankin,CLERK, SUPERIOR COURT,D,GINGER S. SHIVER (I),350,8,184,155,3
Brooks,Morven,CLERK, SUPERIOR COURT,D,GINGER S. SHIVER (I),586,74,324,185,3
Brooks,,SHERIFF,,R,MATT ELSBERRY,1926,105,1102,705,14
Brooks,Grooverville,SHERIFF,,R,MATT ELSBERRY,56,5,26,25,0
Brooks,Quitman,SHERIFF,,R,MATT ELSBERRY,429,48,155,222,4
Brooks,Barwick/Drylake,SHERIFF,,R,MATT ELSBERRY,74,0,61,11,2
Brooks,Dixie,SHERIFF,,R,MATT ELSBERRY,91,6,49,36,0
Brooks,Barney,SHERIFF,,R,MATT ELSBERRY,191,5,150,35,1
Brooks,E.Brooks/Briggs,SHERIFF,,R,MATT ELSBERRY,629,23,380,222,4
Brooks,Pavo/Williams,SHERIFF,,R,MATT ELSBERRY,117,2,97,18,0
Brooks,S.Brooks/Nankin,SHERIFF,,R,MATT ELSBERRY,107,2,43,60,2
Brooks,Morven,SHERIFF,,R,MATT ELSBERRY,232,14,141,76,1
Brooks,,SHERIFF,,D,MIKE DEWEY (I),4490,1014,1934,1507,35
Brooks,Grooverville,SHERIFF,,D,MIKE DEWEY (I),215,40,112,63,0
Brooks,Quitman,SHERIFF,,D,MIKE DEWEY (I),2002,761,499,725,17
Brooks,Barwick/Drylake,SHERIFF,,D,MIKE DEWEY (I),124,3,92,28,1
Brooks,Dixie,SHERIFF,,D,MIKE DEWEY (I),347,76,167,102,2
Brooks,Barney,SHERIFF,,D,MIKE DEWEY (I),225,22,148,53,2
Brooks,E.Brooks/Briggs,SHERIFF,,D,MIKE DEWEY (I),594,32,321,233,8
Brooks,Pavo/Williams,SHERIFF,,D,MIKE DEWEY (I),183,4,151,26,2
Brooks,S.Brooks/Nankin,SHERIFF,,D,MIKE DEWEY (I),312,6,178,127,1
Brooks,Morven,SHERIFF,,D,MIKE DEWEY (I),488,70,266,150,2
Brooks,,TAX COMMISSIONER,,D,JERRI L. DUKES (I),5530,931,2607,1953,39
Brooks,Grooverville,TAX COMMISSIONER,,D,JERRI L. DUKES (I),229,35,121,73,0
Brooks,Quitman,TAX COMMISSIONER,,D,JERRI L. DUKES (I),2119,646,599,855,19
Brooks,Barwick/Drylake,TAX COMMISSIONER,,D,JERRI L. DUKES (I),179,5,136,37,1
Brooks,Dixie,TAX COMMISSIONER,,D,JERRI L. DUKES (I),389,81,180,126,2
Brooks,Barney,TAX COMMISSIONER,,D,JERRI L. DUKES (I),364,27,256,78,3
Brooks,E.Brooks/Briggs,TAX COMMISSIONER,,D,JERRI L. DUKES (I),981,45,552,378,6
Brooks,Pavo/Williams,TAX COMMISSIONER,,D,JERRI L. DUKES (I),273,6,225,40,2
Brooks,S.Brooks/Nankin,TAX COMMISSIONER,,D,JERRI L. DUKES (I),364,9,188,164,3
Brooks,Morven,TAX COMMISSIONER,,D,JERRI L. DUKES (I),632,77,350,202,3
Brooks,,SURVEYOR,,D,BEN DEVANE (I),5237,894,2441,1863,39
Brooks,Grooverville,SURVEYOR,,D,BEN DEVANE (I),226,32,122,72,0
Brooks,Quitman,SURVEYOR,,D,BEN DEVANE (I),2040,626,568,828,18
Brooks,Barwick/Drylake,SURVEYOR,,D,BEN DEVANE (I),169,5,130,33,1
Brooks,Dixie,SURVEYOR,,D,BEN DEVANE (I),364,76,167,119,2
Brooks,Barney,SURVEYOR,,D,BEN DEVANE (I),344,26,241,74,3
Brooks,E.Brooks/Briggs,SURVEYOR,,D,BEN DEVANE (I),901,42,504,348,7
Brooks,Pavo/Williams,SURVEYOR,,D,BEN DEVANE (I),243,5,202,34,2
Brooks,S.Brooks/Nankin,SURVEYOR,,D,BEN DEVANE (I),350,8,179,160,3
Brooks,Morven,SURVEYOR,,D,BEN DEVANE (I),600,74,328,195,3
Brooks,,CORONER,,D,MIKE MILLER (I),5352,911,2511,1891,39
Brooks,Grooverville,CORONER,,D,MIKE MILLER (I),227,31,122,74,0
Brooks,Quitman,CORONER,,D,MIKE MILLER (I),2085,638,589,839,19
Brooks,Barwick/Drylake,CORONER,,D,MIKE MILLER (I),178,4,136,37,1
Brooks,Dixie,CORONER,,D,MIKE MILLER (I),390,81,184,124,1
Brooks,Barney,CORONER,,D,MIKE MILLER (I),344,25,242,74,3
Brooks,E.Brooks/Briggs,CORONER,,D,MIKE MILLER (I),913,43,509,354,7
Brooks,Pavo/Williams,CORONER,,D,MIKE MILLER (I),250,5,207,36,2
Brooks,S.Brooks/Nankin,CORONER,,D,MIKE MILLER (I),354,8,186,157,3
Brooks,Morven,CORONER,,D,MIKE MILLER (I),611,76,336,196,3
Brooks,,CHIEF MAGISTRATE,,D,JOYCE W MISKIEL (I),5204,874,2465,1825,40
Brooks,Grooverville,CHIEF MAGISTRATE,,D,JOYCE W MISKIEL (I),216,29,121,66,0
Brooks,Quitman,CHIEF MAGISTRATE,,D,JOYCE W MISKIEL (I),2044,617,588,821,18
Brooks,Barwick/Drylake,CHIEF MAGISTRATE,,D,JOYCE W MISKIEL (I),172,5,131,35,1
Brooks,Dixie,CHIEF MAGISTRATE,,D,JOYCE W MISKIEL (I),370,77,172,119,2
Brooks,Barney,CHIEF MAGISTRATE,,D,JOYCE W MISKIEL (I),338,25,239,71,3
Brooks,E.Brooks/Briggs,CHIEF MAGISTRATE,,D,JOYCE W MISKIEL (I),887,41,500,339,7
Brooks,Pavo/Williams,CHIEF MAGISTRATE,,D,JOYCE W MISKIEL (I),244,5,200,36,3
Brooks,S.Brooks/Nankin,CHIEF MAGISTRATE,,D,JOYCE W MISKIEL (I),335,8,179,145,3
Brooks,Morven,CHIEF MAGISTRATE,,D,JOYCE W MISKIEL (I),598,67,335,193,3
Brooks,,CC, D4,R,MYRA EXUM,971,45,579,338,9
Brooks,Quitman,CC, D4,R,MYRA EXUM,78,2,33,41,2
Brooks,Barney,CC, D4,R,MYRA EXUM,3,0,2,0,1
Brooks,E.Brooks/Briggs,CC, D4,R,MYRA EXUM,435,13,267,150,5
Brooks,Morven,CC, D4,R,MYRA EXUM,455,30,277,147,1
Brooks,,CC, D5,R,STEPHEN BURTON,387,19,174,189,5
Brooks,Grooverville,CC, D5,R,STEPHEN BURTON,134,3,79,52,0
Brooks,Quitman,CC, D5,R,STEPHEN BURTON,150,14,55,77,4
Brooks,Dixie,CC, D5,R,STEPHEN BURTON,30,0,13,17,0
Brooks,S.Brooks/Nankin,CC, D5,R,STEPHEN BURTON,73,2,27,43,1
Brooks,,CC, D5,D,JAMES MAXWELL (I),919,424,241,252,2
Brooks,Grooverville,CC, D5,D,JAMES MAXWELL (I),140,48,58,34,0
Brooks,Quitman,CC, D5,D,JAMES MAXWELL (I),724,360,164,199,1
Brooks,Dixie,CC, D5,D,JAMES MAXWELL (I),37,13,16,8,0
Brooks,S.Brooks/Nankin,CC, D5,D,JAMES MAXWELL (I),18,3,3,11,1
Brooks,,BOE, AT LARGE,R,WAYNE CARROLL JR (I),4415,387,2340,1655,33
Brooks,Grooverville,BOE, AT LARGE,R,WAYNE CARROLL JR (I),172,13,99,60,0
Brooks,Quitman,BOE, AT LARGE,R,WAYNE CARROLL JR (I),1356,237,450,655,14
Brooks,Barwick/Drylake,BOE, AT LARGE,R,WAYNE CARROLL JR (I),163,5,131,26,1
Brooks,Dixie,BOE, AT LARGE,R,WAYNE CARROLL JR (I),255,21,143,91,0
Brooks,Barney,BOE, AT LARGE,R,WAYNE CARROLL JR (I),344,19,249,73,3
Brooks,E.Brooks/Briggs,BOE, AT LARGE,R,WAYNE CARROLL JR (I),1034,46,592,387,9
Brooks,Pavo/Williams,BOE, AT LARGE,R,WAYNE CARROLL JR (I),233,6,194,31,2
Brooks,S.Brooks/Nankin,BOE, AT LARGE,R,WAYNE CARROLL JR (I),358,7,185,164,2
Brooks,Morven,BOE, AT LARGE,R,WAYNE CARROLL JR (I),500,33,297,168,2
Brooks,,BOE, D1,R,BRAD SHEALY (I),991,39,642,302,8
Brooks,Quitman,BOE, D1,R,BRAD SHEALY (I),260,12,95,151,2
Brooks,Barwick/Drylake,BOE, D1,R,BRAD SHEALY (I),113,1,90,21,1
Brooks,Barney,BOE, D1,R,BRAD SHEALY (I),340,19,245,74,2
Brooks,Pavo/Williams,BOE, D1,R,BRAD SHEALY (I),232,6,191,33,2
Brooks,Morven,BOE, D1,R,BRAD SHEALY (I),46,1,21,23,1
Brooks,,BOE, D3,R,LUKE MITCHELL (I),532,27,238,264,3
Brooks,Quitman,BOE, D3,R,LUKE MITCHELL (I),323,16,102,202,3
Brooks,Barwick/Drylake,BOE, D3,R,LUKE MITCHELL (I),33,1,28,4,0
Brooks,Dixie,BOE, D3,R,LUKE MITCHELL (I),176,10,108,58,0
Brooks,,BOE, D3,D,NANCY DENNARD,948,494,231,219,4
Brooks,Quitman,BOE, D3,D,NANCY DENNARD,727,422,145,158,2
Brooks,Barwick/Drylake,BOE, D3,D,NANCY DENNARD,22,4,12,6,0
Brooks,Dixie,BOE, D3,D,NANCY DENNARD,199,68,74,55,2
Brooks,,BOE, D5,R,DENISE MONROE,386,29,171,181,5
Brooks,Grooverville,BOE, D5,R,DENISE MONROE,121,4,65,52,0
Brooks,Quitman,BOE, D5,R,DENISE MONROE,171,24,67,76,4
Brooks,Dixie,BOE, D5,R,DENISE MONROE,30,0,13,17,0
Brooks,S.Brooks/Nankin,BOE, D5,R,DENISE MONROE,64,1,26,36,1
Brooks,,BOE, D5,D,FRANK L. THOMAS (I),916,414,244,256,2
Brooks,Grooverville,BOE, D5,D,FRANK L. THOMAS (I),152,47,69,36,0
Brooks,Quitman,BOE, D5,D,FRANK L. THOMAS (I),705,350,157,197,1
Brooks,Dixie,BOE, D5,D,FRANK L. THOMAS (I),36,14,15,7,0
Brooks,S.Brooks/Nankin,BOE, D5,D,FRANK L. THOMAS (I),23,3,3,16,1
Brooks,,SOIL AND WATER CONSERVATION,,,DAN NIEWOEHNER (I),4346,555,2179,1576,36
Brooks,Grooverville,SOIL AND WATER CONSERVATION,,,DAN NIEWOEHNER (I),176,26,95,55,0
Brooks,Quitman,SOIL AND WATER CONSERVATION,,,DAN NIEWOEHNER (I),1508,374,461,658,15
Brooks,Barwick/Drylake,SOIL AND WATER CONSERVATION,,,DAN NIEWOEHNER (I),166,4,132,30,0
Brooks,Dixie,SOIL AND WATER CONSERVATION,,,DAN NIEWOEHNER (I),267,38,135,94,0
Brooks,Barney,SOIL AND WATER CONSERVATION,,,DAN NIEWOEHNER (I),321,20,232,66,3
Brooks,E.Brooks/Briggs,SOIL AND WATER CONSERVATION,,,DAN NIEWOEHNER (I),888,42,499,337,10
Brooks,Pavo/Williams,SOIL AND WATER CONSERVATION,,,DAN NIEWOEHNER (I),224,6,180,36,2
Brooks,S.Brooks/Nankin,SOIL AND WATER CONSERVATION,,,DAN NIEWOEHNER (I),310,8,164,135,3
Brooks,Morven,SOIL AND WATER CONSERVATION,,,DAN NIEWOEHNER (I),486,37,281,165,3
Brooks,,Constitutional Amendment #1<br>Shall the Constitution be amended to allow state or local approval of public charter schools upon the request of local communities?,,,YES,2903,313,1537,1019,34
Brooks,Grooverville,Constitutional Amendment #1<br>Shall the Constitution be amended to allow state or local approval of public charter schools upon the request of local communities?,,,YES,118,8,69,41,0
Brooks,Quitman,Constitutional Amendment #1<br>Shall the Constitution be amended to allow state or local approval of public charter schools upon the request of local communities?,,,YES,1011,214,351,431,15
Brooks,Barwick/Drylake,Constitutional Amendment #1<br>Shall the Constitution be amended to allow state or local approval of public charter schools upon the request of local communities?,,,YES,90,1,72,15,2
Brooks,Dixie,Constitutional Amendment #1<br>Shall the Constitution be amended to allow state or local approval of public charter schools upon the request of local communities?,,,YES,179,20,100,58,1
Brooks,Barney,Constitutional Amendment #1<br>Shall the Constitution be amended to allow state or local approval of public charter schools upon the request of local communities?,,,YES,188,12,146,27,3
Brooks,E.Brooks/Briggs,Constitutional Amendment #1<br>Shall the Constitution be amended to allow state or local approval of public charter schools upon the request of local communities?,,,YES,634,26,374,227,7
Brooks,Pavo/Williams,Constitutional Amendment #1<br>Shall the Constitution be amended to allow state or local approval of public charter schools upon the request of local communities?,,,YES,151,3,120,26,2
Brooks,S.Brooks/Nankin,Constitutional Amendment #1<br>Shall the Constitution be amended to allow state or local approval of public charter schools upon the request of local communities?,,,YES,224,5,115,102,2
Brooks,Morven,Constitutional Amendment #1<br>Shall the Constitution be amended to allow state or local approval of public charter schools upon the request of local communities?,,,YES,308,24,190,92,2
Brooks,,Constitutional Amendment #1<br>Shall the Constitution be amended to allow state or local approval of public charter schools upon the request of local communities?,,,NO,3215,791,1350,1061,13
Brooks,Grooverville,Constitutional Amendment #1<br>Shall the Constitution be amended to allow state or local approval of public charter schools upon the request of local communities?,,,NO,142,43,58,41,0
Brooks,Quitman,Constitutional Amendment #1<br>Shall the Constitution be amended to allow state or local approval of public charter schools upon the request of local communities?,,,NO,1283,571,261,445,6
Brooks,Barwick/Drylake,Constitutional Amendment #1<br>Shall the Constitution be amended to allow state or local approval of public charter schools upon the request of local communities?,,,NO,111,5,83,23,0
Brooks,Dixie,Constitutional Amendment #1<br>Shall the Constitution be amended to allow state or local approval of public charter schools upon the request of local communities?,,,NO,245,67,99,78,1
Brooks,Barney,Constitutional Amendment #1<br>Shall the Constitution be amended to allow state or local approval of public charter schools upon the request of local communities?,,,NO,202,12,136,54,0
Brooks,E.Brooks/Briggs,Constitutional Amendment #1<br>Shall the Constitution be amended to allow state or local approval of public charter schools upon the request of local communities?,,,NO,522,27,289,202,4
Brooks,Pavo/Williams,Constitutional Amendment #1<br>Shall the Constitution be amended to allow state or local approval of public charter schools upon the request of local communities?,,,NO,146,3,127,16,0
Brooks,S.Brooks/Nankin,Constitutional Amendment #1<br>Shall the Constitution be amended to allow state or local approval of public charter schools upon the request of local communities?,,,NO,178,4,95,78,1
Brooks,Morven,Constitutional Amendment #1<br>Shall the Constitution be amended to allow state or local approval of public charter schools upon the request of local communities?,,,NO,386,59,202,124,1
Brooks,,Constitutional Amendment #2<br>Shall the Constitution be amended so as to provide for a reduction in the state's operating costs by allowing the General Assembly to authorize certain state agencies to enter into multiyear rental agreements?,,,YES,2934,272,1517,1112,33
Brooks,Grooverville,Constitutional Amendment #2<br>Shall the Constitution be amended so as to provide for a reduction in the state's operating costs by allowing the General Assembly to authorize certain state agencies to enter into multiyear rental agreements?,,,YES,93,4,58,31,0
Brooks,Quitman,Constitutional Amendment #2<br>Shall the Constitution be amended so as to provide for a reduction in the state's operating costs by allowing the General Assembly to authorize certain state agencies to enter into multiyear rental agreements?,,,YES,1001,175,344,469,13
Brooks,Barwick/Drylake,Constitutional Amendment #2<br>Shall the Constitution be amended so as to provide for a reduction in the state's operating costs by allowing the General Assembly to authorize certain state agencies to enter into multiyear rental agreements?,,,YES,96,0,78,17,1
Brooks,Dixie,Constitutional Amendment #2<br>Shall the Constitution be amended so as to provide for a reduction in the state's operating costs by allowing the General Assembly to authorize certain state agencies to enter into multiyear rental agreements?,,,YES,158,13,86,58,1
Brooks,Barney,Constitutional Amendment #2<br>Shall the Constitution be amended so as to provide for a reduction in the state's operating costs by allowing the General Assembly to authorize certain state agencies to enter into multiyear rental agreements?,,,YES,207,8,146,50,3
Brooks,E.Brooks/Briggs,Constitutional Amendment #2<br>Shall the Constitution be amended so as to provide for a reduction in the state's operating costs by allowing the General Assembly to authorize certain state agencies to enter into multiyear rental agreements?,,,YES,659,30,370,251,8
Brooks,Pavo/Williams,Constitutional Amendment #2<br>Shall the Constitution be amended so as to provide for a reduction in the state's operating costs by allowing the General Assembly to authorize certain state agencies to enter into multiyear rental agreements?,,,YES,179,5,144,28,2
Brooks,S.Brooks/Nankin,Constitutional Amendment #2<br>Shall the Constitution be amended so as to provide for a reduction in the state's operating costs by allowing the General Assembly to authorize certain state agencies to enter into multiyear rental agreements?,,,YES,215,5,110,97,3
Brooks,Morven,Constitutional Amendment #2<br>Shall the Constitution be amended so as to provide for a reduction in the state's operating costs by allowing the General Assembly to authorize certain state agencies to enter into multiyear rental agreements?,,,YES,326,32,181,111,2
Brooks,,Constitutional Amendment #2<br>Shall the Constitution be amended so as to provide for a reduction in the state's operating costs by allowing the General Assembly to authorize certain state agencies to enter into multiyear rental agreements?,,,NO,2977,797,1252,916,12
Brooks,Grooverville,Constitutional Amendment #2<br>Shall the Constitution be amended so as to provide for a reduction in the state's operating costs by allowing the General Assembly to authorize certain state agencies to enter into multiyear rental agreements?,,,NO,162,47,68,47,0
Brooks,Quitman,Constitutional Amendment #2<br>Shall the Constitution be amended so as to provide for a reduction in the state's operating costs by allowing the General Assembly to authorize certain state agencies to enter into multiyear rental agreements?,,,NO,1224,582,253,382,7
Brooks,Barwick/Drylake,Constitutional Amendment #2<br>Shall the Constitution be amended so as to provide for a reduction in the state's operating costs by allowing the General Assembly to authorize certain state agencies to enter into multiyear rental agreements?,,,NO,94,6,70,18,0
Brooks,Dixie,Constitutional Amendment #2<br>Shall the Constitution be amended so as to provide for a reduction in the state's operating costs by allowing the General Assembly to authorize certain state agencies to enter into multiyear rental agreements?,,,NO,239,71,97,70,1
Brooks,Barney,Constitutional Amendment #2<br>Shall the Constitution be amended so as to provide for a reduction in the state's operating costs by allowing the General Assembly to authorize certain state agencies to enter into multiyear rental agreements?,,,NO,168,16,121,31,0
Brooks,E.Brooks/Briggs,Constitutional Amendment #2<br>Shall the Constitution be amended so as to provide for a reduction in the state's operating costs by allowing the General Assembly to authorize certain state agencies to enter into multiyear rental agreements?,,,NO,452,22,256,172,2
Brooks,Pavo/Williams,Constitutional Amendment #2<br>Shall the Constitution be amended so as to provide for a reduction in the state's operating costs by allowing the General Assembly to authorize certain state agencies to enter into multiyear rental agreements?,,,NO,114,1,98,14,1
Brooks,S.Brooks/Nankin,Constitutional Amendment #2<br>Shall the Constitution be amended so as to provide for a reduction in the state's operating costs by allowing the General Assembly to authorize certain state agencies to enter into multiyear rental agreements?,,,NO,178,4,92,82,0
Brooks,Morven,Constitutional Amendment #2<br>Shall the Constitution be amended so as to provide for a reduction in the state's operating costs by allowing the General Assembly to authorize certain state agencies to enter into multiyear rental agreements?,,,NO,346,48,197,100,1
Brooks,,SCHOOL SPLOST,,,YES,3933,899,1656,1345,33
Brooks,Grooverville,SCHOOL SPLOST,,,YES,155,44,70,41,0
Brooks,Quitman,SCHOOL SPLOST,,,YES,1716,663,416,619,18
Brooks,Barwick/Drylake,SCHOOL SPLOST,,,YES,106,4,80,21,1
Brooks,Dixie,SCHOOL SPLOST,,,YES,272,70,117,85,0
Brooks,Barney,SCHOOL SPLOST,,,YES,240,18,162,58,2
Brooks,E.Brooks/Briggs,SCHOOL SPLOST,,,YES,615,33,329,244,9
Brooks,Pavo/Williams,SCHOOL SPLOST,,,YES,173,1,146,25,1
Brooks,S.Brooks/Nankin,SCHOOL SPLOST,,,YES,240,6,127,105,2
Brooks,Morven,SCHOOL SPLOST,,,YES,416,60,209,147,0
Brooks,,SCHOOL SPLOST,,,NO,2262,203,1256,790,13
Brooks,Grooverville,SCHOOL SPLOST,,,NO,109,7,60,42,0
Brooks,Quitman,SCHOOL SPLOST,,,NO,615,121,205,286,3
Brooks,Barwick/Drylake,SCHOOL SPLOST,,,NO,96,2,76,18,0
Brooks,Dixie,SCHOOL SPLOST,,,NO,156,18,83,53,2
Brooks,Barney,SCHOOL SPLOST,,,NO,152,7,121,23,1
Brooks,E.Brooks/Briggs,SCHOOL SPLOST,,,NO,562,19,343,198,2
Brooks,Pavo/Williams,SCHOOL SPLOST,,,NO,124,5,102,16,1
Brooks,S.Brooks/Nankin,SCHOOL SPLOST,,,NO,168,3,85,79,1
Brooks,Morven,SCHOOL SPLOST,,,NO,280,21,181,75,3
Brooks,,SUNDAY ALCOHOL SALES,,,YES,3508,745,1687,1051,25
Brooks,Grooverville,SUNDAY ALCOHOL SALES,,,YES,143,41,73,29,0
Brooks,Quitman,SUNDAY ALCOHOL SALES,,,YES,1439,541,408,478,12
Brooks,Barwick/Drylake,SUNDAY ALCOHOL SALES,,,YES,90,1,68,20,1
Brooks,Dixie,SUNDAY ALCOHOL SALES,,,YES,234,55,114,64,1
Brooks,Barney,SUNDAY ALCOHOL SALES,,,YES,214,20,156,37,1
Brooks,E.Brooks/Briggs,SUNDAY ALCOHOL SALES,,,YES,603,30,355,211,7
Brooks,Pavo/Williams,SUNDAY ALCOHOL SALES,,,YES,169,4,146,18,1
Brooks,S.Brooks/Nankin,SUNDAY ALCOHOL SALES,,,YES,220,2,126,91,1
Brooks,Morven,SUNDAY ALCOHOL SALES,,,YES,396,51,241,103,1
Brooks,,SUNDAY ALCOHOL SALES,,,NO,3103,427,1440,1211,25
Brooks,Grooverville,SUNDAY ALCOHOL SALES,,,NO,133,10,65,58,0
Brooks,Quitman,SUNDAY ALCOHOL SALES,,,NO,1078,296,272,499,11
Brooks,Barwick/Drylake,SUNDAY ALCOHOL SALES,,,NO,122,6,93,21,2
Brooks,Dixie,SUNDAY ALCOHOL SALES,,,NO,222,37,105,79,1
Brooks,Barney,SUNDAY ALCOHOL SALES,,,NO,206,7,147,50,2
Brooks,E.Brooks/Briggs,SUNDAY ALCOHOL SALES,,,NO,631,26,353,248,4
Brooks,Pavo/Williams,SUNDAY ALCOHOL SALES,,,NO,154,2,123,28,1
Brooks,S.Brooks/Nankin,SUNDAY ALCOHOL SALES,,,NO,214,8,102,102,2
Brooks,Morven,SUNDAY ALCOHOL SALES,,,NO,343,35,180,126,2
