county,precinct,office,district,party,candidate,votes,absentee_by_mail,election_day,advance_in_person,provisional
Whitfield,,President of the United States,,R,MITT ROMNEY,19305,725,10857,7710,13
Whitfield,ANTIOCH,President of the United States,,R,MITT ROMNEY,428,6,321,101,0
Whitfield,CARBONDALE,President of the United States,,R,MITT ROMNEY,644,16,502,126,0
Whitfield,COHUTTA,President of the United States,,R,MITT ROMNEY,549,13,416,119,1
Whitfield,DUG GAP,President of the United States,,R,MITT ROMNEY,1317,54,692,571,0
Whitfield,EASTSIDE,President of the United States,,R,MITT ROMNEY,474,14,309,150,1
Whitfield,FINCHER,President of the United States,,R,MITT ROMNEY,733,10,498,224,1
Whitfield,GROVE LEVEL,President of the United States,,R,MITT ROMNEY,717,37,382,297,1
Whitfield,LOWER TENTH,President of the United States,,R,MITT ROMNEY,541,18,317,206,0
Whitfield,MILL CREEK,President of the United States,,R,MITT ROMNEY,684,15,465,204,0
Whitfield,NINTH,President of the United States,,R,MITT ROMNEY,990,20,602,368,0
Whitfield,PLEASANT GROVE,President of the United States,,R,MITT ROMNEY,1829,68,831,928,2
Whitfield,TUNNEL HILL,President of the United States,,R,MITT ROMNEY,1440,41,904,494,1
Whitfield,TILTON,President of the United States,,R,MITT ROMNEY,282,7,216,59,0
Whitfield,TRICHUM,President of the United States,,R,MITT ROMNEY,660,30,432,197,1
Whitfield,UPPER TENTH,President of the United States,,R,MITT ROMNEY,423,7,311,104,1
Whitfield,VARNELL,President of the United States,,R,MITT ROMNEY,2244,65,1200,978,1
Whitfield,WESTSIDE,President of the United States,,R,MITT ROMNEY,1160,41,622,495,2
Whitfield,1A,President of the United States,,R,MITT ROMNEY,511,55,253,202,1
Whitfield,2A,President of the United States,,R,MITT ROMNEY,1250,76,479,695,0
Whitfield,3A,President of the United States,,R,MITT ROMNEY,906,49,416,441,0
Whitfield,4A,President of the United States,,R,MITT ROMNEY,1134,66,463,605,0
Whitfield,5A,President of the United States,,R,MITT ROMNEY,220,7,146,67,0
Whitfield,6A,President of the United States,,R,MITT ROMNEY,169,10,80,79,0
Whitfield,,President of the United States,,D,BARACK OBAMA (I),7210,252,4432,2510,16
Whitfield,ANTIOCH,President of the United States,,D,BARACK OBAMA (I),326,12,227,87,0
Whitfield,CARBONDALE,President of the United States,,D,BARACK OBAMA (I),175,11,126,38,0
Whitfield,COHUTTA,President of the United States,,D,BARACK OBAMA (I),161,8,120,33,0
Whitfield,DUG GAP,President of the United States,,D,BARACK OBAMA (I),447,11,283,151,2
Whitfield,EASTSIDE,President of the United States,,D,BARACK OBAMA (I),234,5,158,71,0
Whitfield,FINCHER,President of the United States,,D,BARACK OBAMA (I),288,3,190,94,1
Whitfield,GROVE LEVEL,President of the United States,,D,BARACK OBAMA (I),315,16,203,93,3
Whitfield,LOWER TENTH,President of the United States,,D,BARACK OBAMA (I),75,3,34,38,0
Whitfield,MILL CREEK,President of the United States,,D,BARACK OBAMA (I),156,4,117,35,0
Whitfield,NINTH,President of the United States,,D,BARACK OBAMA (I),229,4,142,81,2
Whitfield,PLEASANT GROVE,President of the United States,,D,BARACK OBAMA (I),620,24,363,231,2
Whitfield,TUNNEL HILL,President of the United States,,D,BARACK OBAMA (I),434,15,248,170,1
Whitfield,TILTON,President of the United States,,D,BARACK OBAMA (I),74,1,68,5,0
Whitfield,TRICHUM,President of the United States,,D,BARACK OBAMA (I),121,0,85,36,0
Whitfield,UPPER TENTH,President of the United States,,D,BARACK OBAMA (I),105,6,78,21,0
Whitfield,VARNELL,President of the United States,,D,BARACK OBAMA (I),585,22,356,207,0
Whitfield,WESTSIDE,President of the United States,,D,BARACK OBAMA (I),361,17,190,153,1
Whitfield,1A,President of the United States,,D,BARACK OBAMA (I),434,16,277,141,0
Whitfield,2A,President of the United States,,D,BARACK OBAMA (I),483,15,258,209,1
Whitfield,3A,President of the United States,,D,BARACK OBAMA (I),350,14,190,146,0
Whitfield,4A,President of the United States,,D,BARACK OBAMA (I),385,18,171,196,0
Whitfield,5A,President of the United States,,D,BARACK OBAMA (I),487,15,312,157,3
Whitfield,6A,President of the United States,,D,BARACK OBAMA (I),365,12,236,117,0
Whitfield,,President of the United States,,L,GARY JOHNSON,346,9,265,71,1
Whitfield,ANTIOCH,President of the United States,,L,GARY JOHNSON,7,0,6,1,0
Whitfield,CARBONDALE,President of the United States,,L,GARY JOHNSON,5,0,5,0,0
Whitfield,COHUTTA,President of the United States,,L,GARY JOHNSON,21,1,19,1,0
Whitfield,DUG GAP,President of the United States,,L,GARY JOHNSON,24,0,17,7,0
Whitfield,EASTSIDE,President of the United States,,L,GARY JOHNSON,7,1,3,3,0
Whitfield,FINCHER,President of the United States,,L,GARY JOHNSON,16,0,15,1,0
Whitfield,GROVE LEVEL,President of the United States,,L,GARY JOHNSON,12,0,8,4,0
Whitfield,LOWER TENTH,President of the United States,,L,GARY JOHNSON,5,0,4,1,0
Whitfield,MILL CREEK,President of the United States,,L,GARY JOHNSON,14,0,10,4,0
Whitfield,NINTH,President of the United States,,L,GARY JOHNSON,14,0,13,1,0
Whitfield,PLEASANT GROVE,President of the United States,,L,GARY JOHNSON,20,0,17,3,0
Whitfield,TUNNEL HILL,President of the United States,,L,GARY JOHNSON,36,2,28,5,1
Whitfield,TILTON,President of the United States,,L,GARY JOHNSON,6,0,6,0,0
Whitfield,TRICHUM,President of the United States,,L,GARY JOHNSON,8,2,5,1,0
Whitfield,UPPER TENTH,President of the United States,,L,GARY JOHNSON,10,0,9,1,0
Whitfield,VARNELL,President of the United States,,L,GARY JOHNSON,39,0,28,11,0
Whitfield,WESTSIDE,President of the United States,,L,GARY JOHNSON,30,2,20,8,0
Whitfield,1A,President of the United States,,L,GARY JOHNSON,13,0,12,1,0
Whitfield,2A,President of the United States,,L,GARY JOHNSON,28,0,21,7,0
Whitfield,3A,President of the United States,,L,GARY JOHNSON,11,0,8,3,0
Whitfield,4A,President of the United States,,L,GARY JOHNSON,11,0,7,4,0
Whitfield,5A,President of the United States,,L,GARY JOHNSON,8,1,4,3,0
Whitfield,6A,President of the United States,,L,GARY JOHNSON,1,0,0,1,0
Whitfield,,"Public Service Commission, District 3",3,R,CHUCK EATON (I),16931,671,9529,6719,12
Whitfield,ANTIOCH,"Public Service Commission, District 3",3,R,CHUCK EATON (I),377,10,283,84,0
Whitfield,CARBONDALE,"Public Service Commission, District 3",3,R,CHUCK EATON (I),556,17,427,112,0
Whitfield,COHUTTA,"Public Service Commission, District 3",3,R,CHUCK EATON (I),491,12,372,106,1
Whitfield,DUG GAP,"Public Service Commission, District 3",3,R,CHUCK EATON (I),1176,58,626,492,0
Whitfield,EASTSIDE,"Public Service Commission, District 3",3,R,CHUCK EATON (I),420,14,276,130,0
Whitfield,FINCHER,"Public Service Commission, District 3",3,R,CHUCK EATON (I),627,8,428,190,1
Whitfield,GROVE LEVEL,"Public Service Commission, District 3",3,R,CHUCK EATON (I),616,38,320,257,1
Whitfield,LOWER TENTH,"Public Service Commission, District 3",3,R,CHUCK EATON (I),463,14,274,175,0
Whitfield,MILL CREEK,"Public Service Commission, District 3",3,R,CHUCK EATON (I),583,9,393,181,0
Whitfield,NINTH,"Public Service Commission, District 3",3,R,CHUCK EATON (I),860,20,521,319,0
Whitfield,PLEASANT GROVE,"Public Service Commission, District 3",3,R,CHUCK EATON (I),1624,59,767,796,2
Whitfield,TUNNEL HILL,"Public Service Commission, District 3",3,R,CHUCK EATON (I),1250,39,779,431,1
Whitfield,TILTON,"Public Service Commission, District 3",3,R,CHUCK EATON (I),245,6,186,53,0
Whitfield,TRICHUM,"Public Service Commission, District 3",3,R,CHUCK EATON (I),556,28,355,172,1
Whitfield,UPPER TENTH,"Public Service Commission, District 3",3,R,CHUCK EATON (I),367,7,267,92,1
Whitfield,VARNELL,"Public Service Commission, District 3",3,R,CHUCK EATON (I),1973,53,1073,846,1
Whitfield,WESTSIDE,"Public Service Commission, District 3",3,R,CHUCK EATON (I),1015,35,538,440,2
Whitfield,1A,"Public Service Commission, District 3",3,R,CHUCK EATON (I),461,51,230,179,1
Whitfield,2A,"Public Service Commission, District 3",3,R,CHUCK EATON (I),1120,70,432,618,0
Whitfield,3A,"Public Service Commission, District 3",3,R,CHUCK EATON (I),807,47,369,391,0
Whitfield,4A,"Public Service Commission, District 3",3,R,CHUCK EATON (I),1005,62,415,528,0
Whitfield,5A,"Public Service Commission, District 3",3,R,CHUCK EATON (I),194,6,130,58,0
Whitfield,6A,"Public Service Commission, District 3",3,R,CHUCK EATON (I),145,8,68,69,0
Whitfield,,"Public Service Commission, District 3",3,D,STEPHEN OPPENHEIMER,6099,211,3765,2109,14
Whitfield,ANTIOCH,"Public Service Commission, District 3",3,D,STEPHEN OPPENHEIMER,264,6,192,66,0
Whitfield,CARBONDALE,"Public Service Commission, District 3",3,D,STEPHEN OPPENHEIMER,145,8,108,29,0
Whitfield,COHUTTA,"Public Service Commission, District 3",3,D,STEPHEN OPPENHEIMER,141,8,102,31,0
Whitfield,DUG GAP,"Public Service Commission, District 3",3,D,STEPHEN OPPENHEIMER,396,8,242,145,1
Whitfield,EASTSIDE,"Public Service Commission, District 3",3,D,STEPHEN OPPENHEIMER,190,5,127,58,0
Whitfield,FINCHER,"Public Service Commission, District 3",3,D,STEPHEN OPPENHEIMER,246,4,169,72,1
Whitfield,GROVE LEVEL,"Public Service Commission, District 3",3,D,STEPHEN OPPENHEIMER,265,11,177,74,3
Whitfield,LOWER TENTH,"Public Service Commission, District 3",3,D,STEPHEN OPPENHEIMER,70,3,34,33,0
Whitfield,MILL CREEK,"Public Service Commission, District 3",3,D,STEPHEN OPPENHEIMER,131,4,95,32,0
Whitfield,NINTH,"Public Service Commission, District 3",3,D,STEPHEN OPPENHEIMER,234,3,147,82,2
Whitfield,PLEASANT GROVE,"Public Service Commission, District 3",3,D,STEPHEN OPPENHEIMER,533,20,315,197,1
Whitfield,TUNNEL HILL,"Public Service Commission, District 3",3,D,STEPHEN OPPENHEIMER,391,17,225,148,1
Whitfield,TILTON,"Public Service Commission, District 3",3,D,STEPHEN OPPENHEIMER,80,1,73,6,0
Whitfield,TRICHUM,"Public Service Commission, District 3",3,D,STEPHEN OPPENHEIMER,117,1,85,31,0
Whitfield,UPPER TENTH,"Public Service Commission, District 3",3,D,STEPHEN OPPENHEIMER,104,5,75,24,0
Whitfield,VARNELL,"Public Service Commission, District 3",3,D,STEPHEN OPPENHEIMER,521,20,302,199,0
Whitfield,WESTSIDE,"Public Service Commission, District 3",3,D,STEPHEN OPPENHEIMER,307,13,165,128,1
Whitfield,1A,"Public Service Commission, District 3",3,D,STEPHEN OPPENHEIMER,352,11,224,117,0
Whitfield,2A,"Public Service Commission, District 3",3,D,STEPHEN OPPENHEIMER,370,17,204,148,1
Whitfield,3A,"Public Service Commission, District 3",3,D,STEPHEN OPPENHEIMER,274,9,151,114,0
Whitfield,4A,"Public Service Commission, District 3",3,D,STEPHEN OPPENHEIMER,321,14,146,161,0
Whitfield,5A,"Public Service Commission, District 3",3,D,STEPHEN OPPENHEIMER,381,16,237,125,3
Whitfield,6A,"Public Service Commission, District 3",3,D,STEPHEN OPPENHEIMER,266,7,170,89,0
Whitfield,,"Public Service Commission, District 3",3,L,BRAD PLOEGER,1156,36,708,412,0
Whitfield,ANTIOCH,"Public Service Commission, District 3",3,L,BRAD PLOEGER,25,0,16,9,0
Whitfield,CARBONDALE,"Public Service Commission, District 3",3,L,BRAD PLOEGER,32,1,27,4,0
Whitfield,COHUTTA,"Public Service Commission, District 3",3,L,BRAD PLOEGER,42,1,35,6,0
Whitfield,DUG GAP,"Public Service Commission, District 3",3,L,BRAD PLOEGER,58,1,31,26,0
Whitfield,EASTSIDE,"Public Service Commission, District 3",3,L,BRAD PLOEGER,23,2,10,11,0
Whitfield,FINCHER,"Public Service Commission, District 3",3,L,BRAD PLOEGER,44,1,30,13,0
Whitfield,GROVE LEVEL,"Public Service Commission, District 3",3,L,BRAD PLOEGER,48,0,28,20,0
Whitfield,LOWER TENTH,"Public Service Commission, District 3",3,L,BRAD PLOEGER,24,2,12,10,0
Whitfield,MILL CREEK,"Public Service Commission, District 3",3,L,BRAD PLOEGER,40,1,33,6,0
Whitfield,NINTH,"Public Service Commission, District 3",3,L,BRAD PLOEGER,38,1,26,11,0
Whitfield,PLEASANT GROVE,"Public Service Commission, District 3",3,L,BRAD PLOEGER,85,4,39,42,0
Whitfield,TUNNEL HILL,"Public Service Commission, District 3",3,L,BRAD PLOEGER,97,2,67,28,0
Whitfield,TILTON,"Public Service Commission, District 3",3,L,BRAD PLOEGER,15,0,15,0,0
Whitfield,TRICHUM,"Public Service Commission, District 3",3,L,BRAD PLOEGER,29,1,21,7,0
Whitfield,UPPER TENTH,"Public Service Commission, District 3",3,L,BRAD PLOEGER,26,0,22,4,0
Whitfield,VARNELL,"Public Service Commission, District 3",3,L,BRAD PLOEGER,124,6,69,49,0
Whitfield,WESTSIDE,"Public Service Commission, District 3",3,L,BRAD PLOEGER,82,3,50,29,0
Whitfield,1A,"Public Service Commission, District 3",3,L,BRAD PLOEGER,52,2,36,14,0
Whitfield,2A,"Public Service Commission, District 3",3,L,BRAD PLOEGER,93,1,45,47,0
Whitfield,3A,"Public Service Commission, District 3",3,L,BRAD PLOEGER,59,1,33,25,0
Whitfield,4A,"Public Service Commission, District 3",3,L,BRAD PLOEGER,77,4,38,35,0
Whitfield,5A,"Public Service Commission, District 3",3,L,BRAD PLOEGER,27,2,15,10,0
Whitfield,6A,"Public Service Commission, District 3",3,L,BRAD PLOEGER,16,0,10,6,0
Whitfield,,"Public Service Commission, District 5",5,R,STAN WISE (I),18003,704,10186,7098,15
Whitfield,ANTIOCH,"Public Service Commission, District 5",5,R,STAN WISE (I),436,11,322,103,0
Whitfield,CARBONDALE,"Public Service Commission, District 5",5,R,STAN WISE (I),582,19,443,120,0
Whitfield,COHUTTA,"Public Service Commission, District 5",5,R,STAN WISE (I),495,12,370,112,1
Whitfield,DUG GAP,"Public Service Commission, District 5",5,R,STAN WISE (I),1239,55,667,517,0
Whitfield,EASTSIDE,"Public Service Commission, District 5",5,R,STAN WISE (I),460,17,297,146,0
Whitfield,FINCHER,"Public Service Commission, District 5",5,R,STAN WISE (I),664,10,450,202,2
Whitfield,GROVE LEVEL,"Public Service Commission, District 5",5,R,STAN WISE (I),673,38,362,272,1
Whitfield,LOWER TENTH,"Public Service Commission, District 5",5,R,STAN WISE (I),476,14,281,181,0
Whitfield,MILL CREEK,"Public Service Commission, District 5",5,R,STAN WISE (I),588,9,403,176,0
Whitfield,NINTH,"Public Service Commission, District 5",5,R,STAN WISE (I),911,22,554,335,0
Whitfield,PLEASANT GROVE,"Public Service Commission, District 5",5,R,STAN WISE (I),1717,68,818,828,3
Whitfield,TUNNEL HILL,"Public Service Commission, District 5",5,R,STAN WISE (I),1310,42,810,458,0
Whitfield,TILTON,"Public Service Commission, District 5",5,R,STAN WISE (I),258,7,198,53,0
Whitfield,TRICHUM,"Public Service Commission, District 5",5,R,STAN WISE (I),576,27,368,180,1
Whitfield,UPPER TENTH,"Public Service Commission, District 5",5,R,STAN WISE (I),384,8,277,98,1
Whitfield,VARNELL,"Public Service Commission, District 5",5,R,STAN WISE (I),2091,53,1146,891,1
Whitfield,WESTSIDE,"Public Service Commission, District 5",5,R,STAN WISE (I),1069,34,567,465,3
Whitfield,1A,"Public Service Commission, District 5",5,R,STAN WISE (I),510,55,261,193,1
Whitfield,2A,"Public Service Commission, District 5",5,R,STAN WISE (I),1189,76,468,645,0
Whitfield,3A,"Public Service Commission, District 5",5,R,STAN WISE (I),842,45,405,392,0
Whitfield,4A,"Public Service Commission, District 5",5,R,STAN WISE (I),1093,61,460,572,0
Whitfield,5A,"Public Service Commission, District 5",5,R,STAN WISE (I),257,11,170,75,1
Whitfield,6A,"Public Service Commission, District 5",5,R,STAN WISE (I),183,10,89,84,0
Whitfield,,"Public Service Commission, District 5",5,L,DAVID STAPLES,5112,160,3243,1704,5
Whitfield,ANTIOCH,"Public Service Commission, District 5",5,L,DAVID STAPLES,198,1,143,54,0
Whitfield,CARBONDALE,"Public Service Commission, District 5",5,L,DAVID STAPLES,129,5,94,30,0
Whitfield,COHUTTA,"Public Service Commission, District 5",5,L,DAVID STAPLES,162,4,128,30,0
Whitfield,DUG GAP,"Public Service Commission, District 5",5,L,DAVID STAPLES,327,9,193,124,1
Whitfield,EASTSIDE,"Public Service Commission, District 5",5,L,DAVID STAPLES,141,3,98,40,0
Whitfield,FINCHER,"Public Service Commission, District 5",5,L,DAVID STAPLES,205,3,142,60,0
Whitfield,GROVE LEVEL,"Public Service Commission, District 5",5,L,DAVID STAPLES,215,7,141,65,2
Whitfield,LOWER TENTH,"Public Service Commission, District 5",5,L,DAVID STAPLES,73,3,46,24,0
Whitfield,MILL CREEK,"Public Service Commission, District 5",5,L,DAVID STAPLES,133,3,97,33,0
Whitfield,NINTH,"Public Service Commission, District 5",5,L,DAVID STAPLES,183,2,119,62,0
Whitfield,PLEASANT GROVE,"Public Service Commission, District 5",5,L,DAVID STAPLES,428,12,252,164,0
Whitfield,TUNNEL HILL,"Public Service Commission, District 5",5,L,DAVID STAPLES,370,11,239,119,1
Whitfield,TILTON,"Public Service Commission, District 5",5,L,DAVID STAPLES,70,1,65,4,0
Whitfield,TRICHUM,"Public Service Commission, District 5",5,L,DAVID STAPLES,124,3,90,31,0
Whitfield,UPPER TENTH,"Public Service Commission, District 5",5,L,DAVID STAPLES,95,3,72,20,0
Whitfield,VARNELL,"Public Service Commission, District 5",5,L,DAVID STAPLES,449,25,254,170,0
Whitfield,WESTSIDE,"Public Service Commission, District 5",5,L,DAVID STAPLES,280,17,166,97,0
Whitfield,1A,"Public Service Commission, District 5",5,L,DAVID STAPLES,288,5,193,90,0
Whitfield,2A,"Public Service Commission, District 5",5,L,DAVID STAPLES,328,8,182,137,1
Whitfield,3A,"Public Service Commission, District 5",5,L,DAVID STAPLES,222,9,126,87,0
Whitfield,4A,"Public Service Commission, District 5",5,L,DAVID STAPLES,248,13,116,119,0
Whitfield,5A,"Public Service Commission, District 5",5,L,DAVID STAPLES,254,10,162,82,0
Whitfield,6A,"Public Service Commission, District 5",5,L,DAVID STAPLES,190,3,125,62,0
Whitfield,,U.S. Representative,14,R,TOM GRAVES (I),18358,711,10353,7282,12
Whitfield,ANTIOCH,U.S. Representative,14,R,TOM GRAVES (I),430,9,321,100,0
Whitfield,CARBONDALE,U.S. Representative,14,R,TOM GRAVES (I),585,19,453,113,0
Whitfield,COHUTTA,U.S. Representative,14,R,TOM GRAVES (I),526,11,401,113,1
Whitfield,DUG GAP,U.S. Representative,14,R,TOM GRAVES (I),1262,58,672,531,1
Whitfield,EASTSIDE,U.S. Representative,14,R,TOM GRAVES (I),451,14,297,140,0
Whitfield,FINCHER,U.S. Representative,14,R,TOM GRAVES (I),684,9,464,210,1
Whitfield,GROVE LEVEL,U.S. Representative,14,R,TOM GRAVES (I),671,38,352,280,1
Whitfield,LOWER TENTH,U.S. Representative,14,R,TOM GRAVES (I),500,15,287,198,0
Whitfield,MILL CREEK,U.S. Representative,14,R,TOM GRAVES (I),641,9,438,194,0
Whitfield,NINTH,U.S. Representative,14,R,TOM GRAVES (I),924,21,563,340,0
Whitfield,PLEASANT GROVE,U.S. Representative,14,R,TOM GRAVES (I),1736,64,814,857,1
Whitfield,TUNNEL HILL,U.S. Representative,14,R,TOM GRAVES (I),1375,41,845,488,1
Whitfield,TILTON,U.S. Representative,14,R,TOM GRAVES (I),271,7,207,57,0
Whitfield,TRICHUM,U.S. Representative,14,R,TOM GRAVES (I),609,31,392,185,1
Whitfield,UPPER TENTH,U.S. Representative,14,R,TOM GRAVES (I),390,7,289,93,1
Whitfield,VARNELL,U.S. Representative,14,R,TOM GRAVES (I),2135,64,1156,914,1
Whitfield,WESTSIDE,U.S. Representative,14,R,TOM GRAVES (I),1105,39,600,464,2
Whitfield,1A,U.S. Representative,14,R,TOM GRAVES (I),507,51,259,196,1
Whitfield,2A,U.S. Representative,14,R,TOM GRAVES (I),1206,73,474,659,0
Whitfield,3A,U.S. Representative,14,R,TOM GRAVES (I),844,50,384,410,0
Whitfield,4A,U.S. Representative,14,R,TOM GRAVES (I),1107,64,452,591,0
Whitfield,5A,U.S. Representative,14,R,TOM GRAVES (I),224,9,151,64,0
Whitfield,6A,U.S. Representative,14,R,TOM GRAVES (I),175,8,82,85,0
Whitfield,,U.S. Representative,14,D,DANIEL GRANT,6992,236,4305,2436,15
Whitfield,ANTIOCH,U.S. Representative,14,D,DANIEL GRANT,283,8,196,79,0
Whitfield,CARBONDALE,U.S. Representative,14,D,DANIEL GRANT,184,7,135,42,0
Whitfield,COHUTTA,U.S. Representative,14,D,DANIEL GRANT,178,9,134,35,0
Whitfield,DUG GAP,U.S. Representative,14,D,DANIEL GRANT,448,9,267,171,1
Whitfield,EASTSIDE,U.S. Representative,14,D,DANIEL GRANT,216,8,140,68,0
Whitfield,FINCHER,U.S. Representative,14,D,DANIEL GRANT,280,5,191,83,1
Whitfield,GROVE LEVEL,U.S. Representative,14,D,DANIEL GRANT,310,11,203,93,3
Whitfield,LOWER TENTH,U.S. Representative,14,D,DANIEL GRANT,85,5,47,33,0
Whitfield,MILL CREEK,U.S. Representative,14,D,DANIEL GRANT,152,6,113,33,0
Whitfield,NINTH,U.S. Representative,14,D,DANIEL GRANT,264,4,162,96,2
Whitfield,PLEASANT GROVE,U.S. Representative,14,D,DANIEL GRANT,597,22,345,229,1
Whitfield,TUNNEL HILL,U.S. Representative,14,D,DANIEL GRANT,442,17,264,159,2
Whitfield,TILTON,U.S. Representative,14,D,DANIEL GRANT,85,2,77,6,0
Whitfield,TRICHUM,U.S. Representative,14,D,DANIEL GRANT,144,2,104,38,0
Whitfield,UPPER TENTH,U.S. Representative,14,D,DANIEL GRANT,117,5,84,28,0
Whitfield,VARNELL,U.S. Representative,14,D,DANIEL GRANT,581,20,337,224,0
Whitfield,WESTSIDE,U.S. Representative,14,D,DANIEL GRANT,357,14,189,153,1
Whitfield,1A,U.S. Representative,14,D,DANIEL GRANT,392,15,250,127,0
Whitfield,2A,U.S. Representative,14,D,DANIEL GRANT,443,17,239,186,1
Whitfield,3A,U.S. Representative,14,D,DANIEL GRANT,341,9,191,141,0
Whitfield,4A,U.S. Representative,14,D,DANIEL GRANT,374,18,173,183,0
Whitfield,5A,U.S. Representative,14,D,DANIEL GRANT,415,13,266,133,3
Whitfield,6A,U.S. Representative,14,D,DANIEL GRANT,304,10,198,96,0
Whitfield,,State Senator,54,R,CHARLIE BETHEL (I),21771,782,12594,8377,18
Whitfield,ANTIOCH,State Senator,54,R,CHARLIE BETHEL (I),576,10,427,139,0
Whitfield,CARBONDALE,State Senator,54,R,CHARLIE BETHEL (I),671,16,525,130,0
Whitfield,COHUTTA,State Senator,54,R,CHARLIE BETHEL (I),597,13,455,128,1
Whitfield,DUG GAP,State Senator,54,R,CHARLIE BETHEL (I),1477,60,816,600,1
Whitfield,EASTSIDE,State Senator,54,R,CHARLIE BETHEL (I),575,19,370,186,0
Whitfield,FINCHER,State Senator,54,R,CHARLIE BETHEL (I),808,10,554,243,1
Whitfield,GROVE LEVEL,State Senator,54,R,CHARLIE BETHEL (I),835,41,470,320,4
Whitfield,LOWER TENTH,State Senator,54,R,CHARLIE BETHEL (I),520,16,306,198,0
Whitfield,MILL CREEK,State Senator,54,R,CHARLIE BETHEL (I),695,11,476,208,0
Whitfield,NINTH,State Senator,54,R,CHARLIE BETHEL (I),1045,24,635,386,0
Whitfield,PLEASANT GROVE,State Senator,54,R,CHARLIE BETHEL (I),2042,74,1001,965,2
Whitfield,TUNNEL HILL,State Senator,54,R,CHARLIE BETHEL (I),1580,51,981,547,1
Whitfield,TILTON,State Senator,54,R,CHARLIE BETHEL (I),307,5,249,53,0
Whitfield,TRICHUM,State Senator,54,R,CHARLIE BETHEL (I),658,31,439,187,1
Whitfield,UPPER TENTH,State Senator,54,R,CHARLIE BETHEL (I),436,7,317,111,1
Whitfield,VARNELL,State Senator,54,R,CHARLIE BETHEL (I),2417,68,1335,1013,1
Whitfield,WESTSIDE,State Senator,54,R,CHARLIE BETHEL (I),1280,42,696,539,3
Whitfield,1A,State Senator,54,R,CHARLIE BETHEL (I),726,57,409,259,1
Whitfield,2A,State Senator,54,R,CHARLIE BETHEL (I),1440,82,605,752,1
Whitfield,3A,State Senator,54,R,CHARLIE BETHEL (I),1056,50,514,492,0
Whitfield,4A,State Senator,54,R,CHARLIE BETHEL (I),1281,69,549,663,0
Whitfield,5A,State Senator,54,R,CHARLIE BETHEL (I),436,17,287,132,0
Whitfield,6A,State Senator,54,R,CHARLIE BETHEL (I),313,9,178,126,0
Whitfield,,State Representative,2,R,JAY NEAL (I),3456,117,2087,1249,3
Whitfield,TUNNEL HILL,State Representative,2,R,JAY NEAL (I),1560,49,972,539,0
Whitfield,TRICHUM,State Representative,2,R,JAY NEAL (I),651,29,433,189,0
Whitfield,WESTSIDE,State Representative,2,R,JAY NEAL (I),1245,39,682,521,3
Whitfield,,State Representative,4,R,BRUCE BROADRICK,9807,394,5632,3776,5
Whitfield,ANTIOCH,State Representative,4,R,BRUCE BROADRICK,586,10,428,148,0
Whitfield,CARBONDALE,State Representative,4,R,BRUCE BROADRICK,699,17,545,137,0
Whitfield,DUG GAP,State Representative,4,R,BRUCE BROADRICK,1541,62,850,627,2
Whitfield,FINCHER,State Representative,4,R,BRUCE BROADRICK,818,11,558,248,1
Whitfield,MILL CREEK,State Representative,4,R,BRUCE BROADRICK,700,11,483,206,0
Whitfield,TILTON,State Representative,4,R,BRUCE BROADRICK,321,6,262,53,0
Whitfield,1A,State Representative,4,R,BRUCE BROADRICK,723,56,404,262,1
Whitfield,2A,State Representative,4,R,BRUCE BROADRICK,1282,73,541,667,1
Whitfield,3A,State Representative,4,R,BRUCE BROADRICK,1055,49,518,488,0
Whitfield,4A,State Representative,4,R,BRUCE BROADRICK,1333,73,578,682,0
Whitfield,5A,State Representative,4,R,BRUCE BROADRICK,438,17,289,132,0
Whitfield,6A,State Representative,4,R,BRUCE BROADRICK,311,9,176,126,0
Whitfield,,State Representative,6,R,TOM DICKSON (I),8554,269,4923,3354,8
Whitfield,COHUTTA,State Representative,6,R,TOM DICKSON (I),600,13,456,130,1
Whitfield,EASTSIDE,State Representative,6,R,TOM DICKSON (I),561,19,363,179,0
Whitfield,GROVE LEVEL,State Representative,6,R,TOM DICKSON (I),823,41,465,314,3
Whitfield,LOWER TENTH,State Representative,6,R,TOM DICKSON (I),532,16,313,203,0
Whitfield,NINTH,State Representative,6,R,TOM DICKSON (I),1027,22,626,379,0
Whitfield,PLEASANT GROVE,State Representative,6,R,TOM DICKSON (I),2010,74,993,941,2
Whitfield,UPPER TENTH,State Representative,6,R,TOM DICKSON (I),451,7,330,113,1
Whitfield,VARNELL,State Representative,6,R,TOM DICKSON (I),2388,66,1317,1004,1
Whitfield,2A,State Representative,6,R,TOM DICKSON (I),162,11,60,91,0
Whitfield,,District Attorney, Conasauga Circuit,R,BERT POSTON (I),21348,767,12366,8195,20
Whitfield,ANTIOCH,District Attorney, Conasauga Circuit,R,BERT POSTON (I),575,11,426,138,0
Whitfield,CARBONDALE,District Attorney, Conasauga Circuit,R,BERT POSTON (I),658,15,512,131,0
Whitfield,COHUTTA,District Attorney, Conasauga Circuit,R,BERT POSTON (I),590,14,447,128,1
Whitfield,DUG GAP,District Attorney, Conasauga Circuit,R,BERT POSTON (I),1453,62,805,584,2
Whitfield,EASTSIDE,District Attorney, Conasauga Circuit,R,BERT POSTON (I),565,19,362,184,0
Whitfield,FINCHER,District Attorney, Conasauga Circuit,R,BERT POSTON (I),788,11,542,234,1
Whitfield,GROVE LEVEL,District Attorney, Conasauga Circuit,R,BERT POSTON (I),820,40,458,318,4
Whitfield,LOWER TENTH,District Attorney, Conasauga Circuit,R,BERT POSTON (I),519,16,308,195,0
Whitfield,MILL CREEK,District Attorney, Conasauga Circuit,R,BERT POSTON (I),687,11,472,204,0
Whitfield,NINTH,District Attorney, Conasauga Circuit,R,BERT POSTON (I),1031,22,632,377,0
Whitfield,PLEASANT GROVE,District Attorney, Conasauga Circuit,R,BERT POSTON (I),2002,72,988,940,2
Whitfield,TUNNEL HILL,District Attorney, Conasauga Circuit,R,BERT POSTON (I),1555,50,971,532,2
Whitfield,TILTON,District Attorney, Conasauga Circuit,R,BERT POSTON (I),298,5,241,52,0
Whitfield,TRICHUM,District Attorney, Conasauga Circuit,R,BERT POSTON (I),649,29,429,190,1
Whitfield,UPPER TENTH,District Attorney, Conasauga Circuit,R,BERT POSTON (I),440,6,323,110,1
Whitfield,VARNELL,District Attorney, Conasauga Circuit,R,BERT POSTON (I),2385,66,1316,1002,1
Whitfield,WESTSIDE,District Attorney, Conasauga Circuit,R,BERT POSTON (I),1236,39,679,515,3
Whitfield,1A,District Attorney, Conasauga Circuit,R,BERT POSTON (I),699,55,390,253,1
Whitfield,2A,District Attorney, Conasauga Circuit,R,BERT POSTON (I),1410,81,587,741,1
Whitfield,3A,District Attorney, Conasauga Circuit,R,BERT POSTON (I),1011,47,494,470,0
Whitfield,4A,District Attorney, Conasauga Circuit,R,BERT POSTON (I),1243,69,532,642,0
Whitfield,5A,District Attorney, Conasauga Circuit,R,BERT POSTON (I),432,17,284,131,0
Whitfield,6A,District Attorney, Conasauga Circuit,R,BERT POSTON (I),302,10,168,124,0
Whitfield,,JUDGE, PROBATE COURT,R,SHERI BLEVINS (I),21285,785,12342,8137,21
Whitfield,ANTIOCH,JUDGE, PROBATE COURT,R,SHERI BLEVINS (I),582,10,428,144,0
Whitfield,CARBONDALE,JUDGE, PROBATE COURT,R,SHERI BLEVINS (I),662,19,510,133,0
Whitfield,COHUTTA,JUDGE, PROBATE COURT,R,SHERI BLEVINS (I),594,15,450,128,1
Whitfield,DUG GAP,JUDGE, PROBATE COURT,R,SHERI BLEVINS (I),1439,60,796,581,2
Whitfield,EASTSIDE,JUDGE, PROBATE COURT,R,SHERI BLEVINS (I),562,19,367,176,0
Whitfield,FINCHER,JUDGE, PROBATE COURT,R,SHERI BLEVINS (I),791,11,541,238,1
Whitfield,GROVE LEVEL,JUDGE, PROBATE COURT,R,SHERI BLEVINS (I),812,42,452,314,4
Whitfield,LOWER TENTH,JUDGE, PROBATE COURT,R,SHERI BLEVINS (I),522,15,307,200,0
Whitfield,MILL CREEK,JUDGE, PROBATE COURT,R,SHERI BLEVINS (I),682,11,471,200,0
Whitfield,NINTH,JUDGE, PROBATE COURT,R,SHERI BLEVINS (I),1016,22,622,372,0
Whitfield,PLEASANT GROVE,JUDGE, PROBATE COURT,R,SHERI BLEVINS (I),1994,75,989,928,2
Whitfield,TUNNEL HILL,JUDGE, PROBATE COURT,R,SHERI BLEVINS (I),1530,49,957,522,2
Whitfield,TILTON,JUDGE, PROBATE COURT,R,SHERI BLEVINS (I),301,5,242,54,0
Whitfield,TRICHUM,JUDGE, PROBATE COURT,R,SHERI BLEVINS (I),637,29,418,189,1
Whitfield,UPPER TENTH,JUDGE, PROBATE COURT,R,SHERI BLEVINS (I),442,7,321,113,1
Whitfield,VARNELL,JUDGE, PROBATE COURT,R,SHERI BLEVINS (I),2391,66,1324,1000,1
Whitfield,WESTSIDE,JUDGE, PROBATE COURT,R,SHERI BLEVINS (I),1251,41,689,518,3
Whitfield,1A,JUDGE, PROBATE COURT,R,SHERI BLEVINS (I),701,57,393,250,1
Whitfield,2A,JUDGE, PROBATE COURT,R,SHERI BLEVINS (I),1415,85,589,740,1
Whitfield,3A,JUDGE, PROBATE COURT,R,SHERI BLEVINS (I),981,51,480,450,0
Whitfield,4A,JUDGE, PROBATE COURT,R,SHERI BLEVINS (I),1234,69,534,631,0
Whitfield,5A,JUDGE, PROBATE COURT,R,SHERI BLEVINS (I),443,18,290,134,1
Whitfield,6A,JUDGE, PROBATE COURT,R,SHERI BLEVINS (I),303,9,172,122,0
Whitfield,,CLERK, SUPERIOR COURT,R,MELICA KENDRICK (I),21484,759,12474,8231,20
Whitfield,ANTIOCH,CLERK, SUPERIOR COURT,R,MELICA KENDRICK (I),594,10,438,146,0
Whitfield,CARBONDALE,CLERK, SUPERIOR COURT,R,MELICA KENDRICK (I),666,15,518,133,0
Whitfield,COHUTTA,CLERK, SUPERIOR COURT,R,MELICA KENDRICK (I),604,14,457,132,1
Whitfield,DUG GAP,CLERK, SUPERIOR COURT,R,MELICA KENDRICK (I),1454,55,807,590,2
Whitfield,EASTSIDE,CLERK, SUPERIOR COURT,R,MELICA KENDRICK (I),569,19,370,180,0
Whitfield,FINCHER,CLERK, SUPERIOR COURT,R,MELICA KENDRICK (I),809,10,560,238,1
Whitfield,GROVE LEVEL,CLERK, SUPERIOR COURT,R,MELICA KENDRICK (I),813,42,450,317,4
Whitfield,LOWER TENTH,CLERK, SUPERIOR COURT,R,MELICA KENDRICK (I),521,17,303,201,0
Whitfield,MILL CREEK,CLERK, SUPERIOR COURT,R,MELICA KENDRICK (I),696,11,478,207,0
Whitfield,NINTH,CLERK, SUPERIOR COURT,R,MELICA KENDRICK (I),1025,21,628,376,0
Whitfield,PLEASANT GROVE,CLERK, SUPERIOR COURT,R,MELICA KENDRICK (I),2007,70,996,939,2
Whitfield,TUNNEL HILL,CLERK, SUPERIOR COURT,R,MELICA KENDRICK (I),1545,49,966,528,2
Whitfield,TILTON,CLERK, SUPERIOR COURT,R,MELICA KENDRICK (I),306,5,247,54,0
Whitfield,TRICHUM,CLERK, SUPERIOR COURT,R,MELICA KENDRICK (I),641,26,422,192,1
Whitfield,UPPER TENTH,CLERK, SUPERIOR COURT,R,MELICA KENDRICK (I),449,7,326,115,1
Whitfield,VARNELL,CLERK, SUPERIOR COURT,R,MELICA KENDRICK (I),2379,64,1316,998,1
Whitfield,WESTSIDE,CLERK, SUPERIOR COURT,R,MELICA KENDRICK (I),1281,43,704,531,3
Whitfield,1A,CLERK, SUPERIOR COURT,R,MELICA KENDRICK (I),712,56,400,255,1
Whitfield,2A,CLERK, SUPERIOR COURT,R,MELICA KENDRICK (I),1407,79,591,736,1
Whitfield,3A,CLERK, SUPERIOR COURT,R,MELICA KENDRICK (I),1000,48,481,471,0
Whitfield,4A,CLERK, SUPERIOR COURT,R,MELICA KENDRICK (I),1253,71,540,642,0
Whitfield,5A,CLERK, SUPERIOR COURT,R,MELICA KENDRICK (I),442,17,294,131,0
Whitfield,6A,CLERK, SUPERIOR COURT,R,MELICA KENDRICK (I),311,10,182,119,0
Whitfield,,SHERIFF,,R,JIM STAFFORD,9923,337,6051,3527,8
Whitfield,ANTIOCH,SHERIFF,,R,JIM STAFFORD,269,8,191,70,0
Whitfield,CARBONDALE,SHERIFF,,R,JIM STAFFORD,416,12,311,93,0
Whitfield,COHUTTA,SHERIFF,,R,JIM STAFFORD,326,3,263,59,1
Whitfield,DUG GAP,SHERIFF,,R,JIM STAFFORD,650,27,353,270,0
Whitfield,EASTSIDE,SHERIFF,,R,JIM STAFFORD,266,8,182,76,0
Whitfield,FINCHER,SHERIFF,,R,JIM STAFFORD,414,4,302,108,0
Whitfield,GROVE LEVEL,SHERIFF,,R,JIM STAFFORD,367,20,210,135,2
Whitfield,LOWER TENTH,SHERIFF,,R,JIM STAFFORD,276,5,187,84,0
Whitfield,MILL CREEK,SHERIFF,,R,JIM STAFFORD,362,7,271,84,0
Whitfield,NINTH,SHERIFF,,R,JIM STAFFORD,547,12,361,174,0
Whitfield,PLEASANT GROVE,SHERIFF,,R,JIM STAFFORD,865,24,429,411,1
Whitfield,TUNNEL HILL,SHERIFF,,R,JIM STAFFORD,813,29,520,263,1
Whitfield,TILTON,SHERIFF,,R,JIM STAFFORD,158,5,122,31,0
Whitfield,TRICHUM,SHERIFF,,R,JIM STAFFORD,362,13,250,98,1
Whitfield,UPPER TENTH,SHERIFF,,R,JIM STAFFORD,245,5,188,51,1
Whitfield,VARNELL,SHERIFF,,R,JIM STAFFORD,1193,39,679,474,1
Whitfield,WESTSIDE,SHERIFF,,R,JIM STAFFORD,609,25,347,237,0
Whitfield,1A,SHERIFF,,R,JIM STAFFORD,291,25,156,110,0
Whitfield,2A,SHERIFF,,R,JIM STAFFORD,495,28,228,239,0
Whitfield,3A,SHERIFF,,R,JIM STAFFORD,333,14,148,171,0
Whitfield,4A,SHERIFF,,R,JIM STAFFORD,403,13,180,210,0
Whitfield,5A,SHERIFF,,R,JIM STAFFORD,145,6,106,33,0
Whitfield,6A,SHERIFF,,R,JIM STAFFORD,118,5,67,46,0
Whitfield,,SHERIFF,,D,SCOTT CHITWOOD,16346,623,9158,6546,19
Whitfield,ANTIOCH,SHERIFF,,D,SCOTT CHITWOOD,471,10,347,114,0
Whitfield,CARBONDALE,SHERIFF,,D,SCOTT CHITWOOD,391,15,310,66,0
Whitfield,COHUTTA,SHERIFF,,D,SCOTT CHITWOOD,394,15,290,89,0
Whitfield,DUG GAP,SHERIFF,,D,SCOTT CHITWOOD,1114,40,626,446,2
Whitfield,EASTSIDE,SHERIFF,,D,SCOTT CHITWOOD,436,14,277,145,0
Whitfield,FINCHER,SHERIFF,,D,SCOTT CHITWOOD,592,10,380,200,2
Whitfield,GROVE LEVEL,SHERIFF,,D,SCOTT CHITWOOD,657,33,372,250,2
Whitfield,LOWER TENTH,SHERIFF,,D,SCOTT CHITWOOD,332,16,162,154,0
Whitfield,MILL CREEK,SHERIFF,,D,SCOTT CHITWOOD,472,8,309,155,0
Whitfield,NINTH,SHERIFF,,D,SCOTT CHITWOOD,672,13,387,270,2
Whitfield,PLEASANT GROVE,SHERIFF,,D,SCOTT CHITWOOD,1562,64,764,733,1
Whitfield,TUNNEL HILL,SHERIFF,,D,SCOTT CHITWOOD,1072,29,642,399,2
Whitfield,TILTON,SHERIFF,,D,SCOTT CHITWOOD,205,3,169,33,0
Whitfield,TRICHUM,SHERIFF,,D,SCOTT CHITWOOD,412,20,259,133,0
Whitfield,UPPER TENTH,SHERIFF,,D,SCOTT CHITWOOD,285,7,205,73,0
Whitfield,VARNELL,SHERIFF,,D,SCOTT CHITWOOD,1612,44,862,706,0
Whitfield,WESTSIDE,SHERIFF,,D,SCOTT CHITWOOD,915,34,473,405,3
Whitfield,1A,SHERIFF,,D,SCOTT CHITWOOD,632,43,360,228,1
Whitfield,2A,SHERIFF,,D,SCOTT CHITWOOD,1220,62,514,643,1
Whitfield,3A,SHERIFF,,D,SCOTT CHITWOOD,893,46,447,400,0
Whitfield,4A,SHERIFF,,D,SCOTT CHITWOOD,1100,68,454,578,0
Whitfield,5A,SHERIFF,,D,SCOTT CHITWOOD,525,18,324,180,3
Whitfield,6A,SHERIFF,,D,SCOTT CHITWOOD,382,11,225,146,0
Whitfield,,TAX COMMISSIONER,,R,DANNY W. SANE (I),22221,806,12874,8519,22
Whitfield,ANTIOCH,TAX COMMISSIONER,,R,DANNY W. SANE (I),618,12,454,152,0
Whitfield,CARBONDALE,TAX COMMISSIONER,,R,DANNY W. SANE (I),709,17,552,140,0
Whitfield,COHUTTA,TAX COMMISSIONER,,R,DANNY W. SANE (I),609,16,458,134,1
Whitfield,DUG GAP,TAX COMMISSIONER,,R,DANNY W. SANE (I),1506,61,837,606,2
Whitfield,EASTSIDE,TAX COMMISSIONER,,R,DANNY W. SANE (I),601,20,392,189,0
Whitfield,FINCHER,TAX COMMISSIONER,,R,DANNY W. SANE (I),831,12,567,251,1
Whitfield,GROVE LEVEL,TAX COMMISSIONER,,R,DANNY W. SANE (I),842,43,469,326,4
Whitfield,LOWER TENTH,TAX COMMISSIONER,,R,DANNY W. SANE (I),535,17,305,213,0
Whitfield,MILL CREEK,TAX COMMISSIONER,,R,DANNY W. SANE (I),700,11,487,202,0
Whitfield,NINTH,TAX COMMISSIONER,,R,DANNY W. SANE (I),1063,21,659,383,0
Whitfield,PLEASANT GROVE,TAX COMMISSIONER,,R,DANNY W. SANE (I),2069,73,1010,984,2
Whitfield,TUNNEL HILL,TAX COMMISSIONER,,R,DANNY W. SANE (I),1620,50,1002,566,2
Whitfield,TILTON,TAX COMMISSIONER,,R,DANNY W. SANE (I),315,6,255,54,0
Whitfield,TRICHUM,TAX COMMISSIONER,,R,DANNY W. SANE (I),669,32,441,195,1
Whitfield,UPPER TENTH,TAX COMMISSIONER,,R,DANNY W. SANE (I),461,9,337,114,1
Whitfield,VARNELL,TAX COMMISSIONER,,R,DANNY W. SANE (I),2459,67,1365,1026,1
Whitfield,WESTSIDE,TAX COMMISSIONER,,R,DANNY W. SANE (I),1309,47,707,552,3
Whitfield,1A,TAX COMMISSIONER,,R,DANNY W. SANE (I),730,57,406,266,1
Whitfield,2A,TAX COMMISSIONER,,R,DANNY W. SANE (I),1457,84,610,762,1
Whitfield,3A,TAX COMMISSIONER,,R,DANNY W. SANE (I),1030,51,497,482,0
Whitfield,4A,TAX COMMISSIONER,,R,DANNY W. SANE (I),1282,72,554,656,0
Whitfield,5A,TAX COMMISSIONER,,R,DANNY W. SANE (I),479,19,322,136,2
Whitfield,6A,TAX COMMISSIONER,,R,DANNY W. SANE (I),327,9,188,130,0
Whitfield,,SURVEYOR,,R,JOSEPH R. EVANS (I),21123,771,12226,8106,20
Whitfield,ANTIOCH,SURVEYOR,,R,JOSEPH R. EVANS (I),583,12,429,142,0
Whitfield,CARBONDALE,SURVEYOR,,R,JOSEPH R. EVANS (I),663,16,513,134,0
Whitfield,COHUTTA,SURVEYOR,,R,JOSEPH R. EVANS (I),588,14,451,122,1
Whitfield,DUG GAP,SURVEYOR,,R,JOSEPH R. EVANS (I),1455,61,799,594,1
Whitfield,EASTSIDE,SURVEYOR,,R,JOSEPH R. EVANS (I),551,20,353,178,0
Whitfield,FINCHER,SURVEYOR,,R,JOSEPH R. EVANS (I),778,10,536,231,1
Whitfield,GROVE LEVEL,SURVEYOR,,R,JOSEPH R. EVANS (I),792,42,441,305,4
Whitfield,LOWER TENTH,SURVEYOR,,R,JOSEPH R. EVANS (I),515,16,301,198,0
Whitfield,MILL CREEK,SURVEYOR,,R,JOSEPH R. EVANS (I),672,10,463,199,0
Whitfield,NINTH,SURVEYOR,,R,JOSEPH R. EVANS (I),1013,22,623,368,0
Whitfield,PLEASANT GROVE,SURVEYOR,,R,JOSEPH R. EVANS (I),1954,72,972,908,2
Whitfield,TUNNEL HILL,SURVEYOR,,R,JOSEPH R. EVANS (I),1539,49,962,526,2
Whitfield,TILTON,SURVEYOR,,R,JOSEPH R. EVANS (I),302,5,246,51,0
Whitfield,TRICHUM,SURVEYOR,,R,JOSEPH R. EVANS (I),635,28,422,184,1
Whitfield,UPPER TENTH,SURVEYOR,,R,JOSEPH R. EVANS (I),438,7,322,108,1
Whitfield,VARNELL,SURVEYOR,,R,JOSEPH R. EVANS (I),2349,65,1287,996,1
Whitfield,WESTSIDE,SURVEYOR,,R,JOSEPH R. EVANS (I),1241,42,680,516,3
Whitfield,1A,SURVEYOR,,R,JOSEPH R. EVANS (I),690,56,384,249,1
Whitfield,2A,SURVEYOR,,R,JOSEPH R. EVANS (I),1403,80,581,741,1
Whitfield,3A,SURVEYOR,,R,JOSEPH R. EVANS (I),988,48,482,458,0
Whitfield,4A,SURVEYOR,,R,JOSEPH R. EVANS (I),1245,69,532,644,0
Whitfield,5A,SURVEYOR,,R,JOSEPH R. EVANS (I),435,17,281,136,1
Whitfield,6A,SURVEYOR,,R,JOSEPH R. EVANS (I),294,10,166,118,0
Whitfield,,CORONER,,D,BOBBIE J. DIXON (I),21707,744,12698,8244,21
Whitfield,ANTIOCH,CORONER,,D,BOBBIE J. DIXON (I),641,11,463,167,0
Whitfield,CARBONDALE,CORONER,,D,BOBBIE J. DIXON (I),649,18,506,125,0
Whitfield,COHUTTA,CORONER,,D,BOBBIE J. DIXON (I),608,18,458,131,1
Whitfield,DUG GAP,CORONER,,D,BOBBIE J. DIXON (I),1444,53,808,581,2
Whitfield,EASTSIDE,CORONER,,D,BOBBIE J. DIXON (I),588,17,388,183,0
Whitfield,FINCHER,CORONER,,D,BOBBIE J. DIXON (I),863,13,584,265,1
Whitfield,GROVE LEVEL,CORONER,,D,BOBBIE J. DIXON (I),849,41,481,324,3
Whitfield,LOWER TENTH,CORONER,,D,BOBBIE J. DIXON (I),498,19,283,196,0
Whitfield,MILL CREEK,CORONER,,D,BOBBIE J. DIXON (I),666,11,466,189,0
Whitfield,NINTH,CORONER,,D,BOBBIE J. DIXON (I),1012,20,630,360,2
Whitfield,PLEASANT GROVE,CORONER,,D,BOBBIE J. DIXON (I),1999,69,1023,905,2
Whitfield,TUNNEL HILL,CORONER,,D,BOBBIE J. DIXON (I),1544,43,956,542,3
Whitfield,TILTON,CORONER,,D,BOBBIE J. DIXON (I),293,4,241,48,0
Whitfield,TRICHUM,CORONER,,D,BOBBIE J. DIXON (I),599,30,393,176,0
Whitfield,UPPER TENTH,CORONER,,D,BOBBIE J. DIXON (I),441,8,327,105,1
Whitfield,VARNELL,CORONER,,D,BOBBIE J. DIXON (I),2322,61,1288,972,1
Whitfield,WESTSIDE,CORONER,,D,BOBBIE J. DIXON (I),1227,31,679,515,2
Whitfield,1A,CORONER,,D,BOBBIE J. DIXON (I),789,52,452,284,1
Whitfield,2A,CORONER,,D,BOBBIE J. DIXON (I),1416,75,630,710,1
Whitfield,3A,CORONER,,D,BOBBIE J. DIXON (I),1011,46,502,463,0
Whitfield,4A,CORONER,,D,BOBBIE J. DIXON (I),1245,67,529,649,0
Whitfield,5A,CORONER,,D,BOBBIE J. DIXON (I),590,22,378,189,1
Whitfield,6A,CORONER,,D,BOBBIE J. DIXON (I),413,15,233,165,0
Whitfield,,CC, CHAIRMAN AT LARGE,R,MIKE BABB (I),20331,714,11909,7688,20
Whitfield,ANTIOCH,CC, CHAIRMAN AT LARGE,R,MIKE BABB (I),567,10,419,138,0
Whitfield,CARBONDALE,CC, CHAIRMAN AT LARGE,R,MIKE BABB (I),638,14,504,120,0
Whitfield,COHUTTA,CC, CHAIRMAN AT LARGE,R,MIKE BABB (I),578,11,444,122,1
Whitfield,DUG GAP,CC, CHAIRMAN AT LARGE,R,MIKE BABB (I),1390,50,787,551,2
Whitfield,EASTSIDE,CC, CHAIRMAN AT LARGE,R,MIKE BABB (I),533,18,353,162,0
Whitfield,FINCHER,CC, CHAIRMAN AT LARGE,R,MIKE BABB (I),758,12,524,221,1
Whitfield,GROVE LEVEL,CC, CHAIRMAN AT LARGE,R,MIKE BABB (I),778,40,438,297,3
Whitfield,LOWER TENTH,CC, CHAIRMAN AT LARGE,R,MIKE BABB (I),483,15,280,188,0
Whitfield,MILL CREEK,CC, CHAIRMAN AT LARGE,R,MIKE BABB (I),628,10,442,176,0
Whitfield,NINTH,CC, CHAIRMAN AT LARGE,R,MIKE BABB (I),961,20,593,348,0
Whitfield,PLEASANT GROVE,CC, CHAIRMAN AT LARGE,R,MIKE BABB (I),1881,67,946,866,2
Whitfield,TUNNEL HILL,CC, CHAIRMAN AT LARGE,R,MIKE BABB (I),1466,43,915,506,2
Whitfield,TILTON,CC, CHAIRMAN AT LARGE,R,MIKE BABB (I),292,5,236,51,0
Whitfield,TRICHUM,CC, CHAIRMAN AT LARGE,R,MIKE BABB (I),585,24,388,172,1
Whitfield,UPPER TENTH,CC, CHAIRMAN AT LARGE,R,MIKE BABB (I),424,7,313,103,1
Whitfield,VARNELL,CC, CHAIRMAN AT LARGE,R,MIKE BABB (I),2272,57,1256,958,1
Whitfield,WESTSIDE,CC, CHAIRMAN AT LARGE,R,MIKE BABB (I),1188,39,665,481,3
Whitfield,1A,CC, CHAIRMAN AT LARGE,R,MIKE BABB (I),668,54,374,239,1
Whitfield,2A,CC, CHAIRMAN AT LARGE,R,MIKE BABB (I),1356,79,580,696,1
Whitfield,3A,CC, CHAIRMAN AT LARGE,R,MIKE BABB (I),971,46,480,445,0
Whitfield,4A,CC, CHAIRMAN AT LARGE,R,MIKE BABB (I),1196,69,519,608,0
Whitfield,5A,CC, CHAIRMAN AT LARGE,R,MIKE BABB (I),421,16,282,122,1
Whitfield,6A,CC, CHAIRMAN AT LARGE,R,MIKE BABB (I),297,8,171,118,0
Whitfield,,CC, D2,R,HAROLD BROOKER (I),20326,728,11924,7654,20
Whitfield,ANTIOCH,CC, D2,R,HAROLD BROOKER (I),558,10,408,140,0
Whitfield,CARBONDALE,CC, D2,R,HAROLD BROOKER (I),642,15,500,127,0
Whitfield,COHUTTA,CC, D2,R,HAROLD BROOKER (I),592,10,457,124,1
Whitfield,DUG GAP,CC, D2,R,HAROLD BROOKER (I),1368,49,776,541,2
Whitfield,EASTSIDE,CC, D2,R,HAROLD BROOKER (I),537,19,351,167,0
Whitfield,FINCHER,CC, D2,R,HAROLD BROOKER (I),758,11,526,220,1
Whitfield,GROVE LEVEL,CC, D2,R,HAROLD BROOKER (I),787,42,439,303,3
Whitfield,LOWER TENTH,CC, D2,R,HAROLD BROOKER (I),482,15,284,183,0
Whitfield,MILL CREEK,CC, D2,R,HAROLD BROOKER (I),652,10,449,193,0
Whitfield,NINTH,CC, D2,R,HAROLD BROOKER (I),961,20,591,350,0
Whitfield,PLEASANT GROVE,CC, D2,R,HAROLD BROOKER (I),1902,71,962,867,2
Whitfield,TUNNEL HILL,CC, D2,R,HAROLD BROOKER (I),1469,46,916,505,2
Whitfield,TILTON,CC, D2,R,HAROLD BROOKER (I),289,5,234,50,0
Whitfield,TRICHUM,CC, D2,R,HAROLD BROOKER (I),597,27,398,171,1
Whitfield,UPPER TENTH,CC, D2,R,HAROLD BROOKER (I),434,7,319,107,1
Whitfield,VARNELL,CC, D2,R,HAROLD BROOKER (I),2270,62,1273,934,1
Whitfield,WESTSIDE,CC, D2,R,HAROLD BROOKER (I),1177,34,655,485,3
Whitfield,1A,CC, D2,R,HAROLD BROOKER (I),672,56,379,236,1
Whitfield,2A,CC, D2,R,HAROLD BROOKER (I),1342,79,571,691,1
Whitfield,3A,CC, D2,R,HAROLD BROOKER (I),929,45,464,420,0
Whitfield,4A,CC, D2,R,HAROLD BROOKER (I),1166,68,509,589,0
Whitfield,5A,CC, D2,R,HAROLD BROOKER (I),436,17,290,128,1
Whitfield,6A,CC, D2,R,HAROLD BROOKER (I),306,10,173,123,0
Whitfield,,CC, D4,R,LYNN LAUGHTER,20755,735,12035,7965,20
Whitfield,ANTIOCH,CC, D4,R,LYNN LAUGHTER,562,10,411,141,0
Whitfield,CARBONDALE,CC, D4,R,LYNN LAUGHTER,643,16,500,127,0
Whitfield,COHUTTA,CC, D4,R,LYNN LAUGHTER,573,13,435,124,1
Whitfield,DUG GAP,CC, D4,R,LYNN LAUGHTER,1409,54,784,569,2
Whitfield,EASTSIDE,CC, D4,R,LYNN LAUGHTER,548,19,359,170,0
Whitfield,FINCHER,CC, D4,R,LYNN LAUGHTER,761,11,525,224,1
Whitfield,GROVE LEVEL,CC, D4,R,LYNN LAUGHTER,782,39,439,301,3
Whitfield,LOWER TENTH,CC, D4,R,LYNN LAUGHTER,489,14,290,185,0
Whitfield,MILL CREEK,CC, D4,R,LYNN LAUGHTER,662,11,456,195,0
Whitfield,NINTH,CC, D4,R,LYNN LAUGHTER,983,21,608,354,0
Whitfield,PLEASANT GROVE,CC, D4,R,LYNN LAUGHTER,1935,65,955,913,2
Whitfield,TUNNEL HILL,CC, D4,R,LYNN LAUGHTER,1505,49,951,503,2
Whitfield,TILTON,CC, D4,R,LYNN LAUGHTER,290,6,232,52,0
Whitfield,TRICHUM,CC, D4,R,LYNN LAUGHTER,606,25,404,176,1
Whitfield,UPPER TENTH,CC, D4,R,LYNN LAUGHTER,433,6,318,108,1
Whitfield,VARNELL,CC, D4,R,LYNN LAUGHTER,2302,62,1264,975,1
Whitfield,WESTSIDE,CC, D4,R,LYNN LAUGHTER,1220,39,669,509,3
Whitfield,1A,CC, D4,R,LYNN LAUGHTER,679,59,379,240,1
Whitfield,2A,CC, D4,R,LYNN LAUGHTER,1390,75,578,736,1
Whitfield,3A,CC, D4,R,LYNN LAUGHTER,1009,50,484,475,0
Whitfield,4A,CC, D4,R,LYNN LAUGHTER,1243,67,536,640,0
Whitfield,5A,CC, D4,R,LYNN LAUGHTER,429,15,285,128,1
Whitfield,6A,CC, D4,R,LYNN LAUGHTER,302,9,173,120,0
Whitfield,,BOE D1,,R,THOMAS BARTON (I),12488,371,7557,4551,9
Whitfield,ANTIOCH,BOE D1,,R,THOMAS BARTON (I),364,5,277,82,0
Whitfield,CARBONDALE,BOE D1,,R,THOMAS BARTON (I),533,17,409,107,0
Whitfield,COHUTTA,BOE D1,,R,THOMAS BARTON (I),497,12,374,110,1
Whitfield,DUG GAP,BOE D1,,R,THOMAS BARTON (I),1046,53,553,440,0
Whitfield,EASTSIDE,BOE D1,,R,THOMAS BARTON (I),396,14,262,120,0
Whitfield,FINCHER,BOE D1,,R,THOMAS BARTON (I),584,8,391,185,0
Whitfield,GROVE LEVEL,BOE D1,,R,THOMAS BARTON (I),544,32,298,214,0
Whitfield,LOWER TENTH,BOE D1,,R,THOMAS BARTON (I),453,12,272,169,0
Whitfield,MILL CREEK,BOE D1,,R,THOMAS BARTON (I),550,7,376,167,0
Whitfield,NINTH,BOE D1,,R,THOMAS BARTON (I),825,20,504,301,0
Whitfield,PLEASANT GROVE,BOE D1,,R,THOMAS BARTON (I),1235,30,637,566,2
Whitfield,TUNNEL HILL,BOE D1,,R,THOMAS BARTON (I),1243,40,762,440,1
Whitfield,TILTON,BOE D1,,R,THOMAS BARTON (I),226,6,171,49,0
Whitfield,TRICHUM,BOE D1,,R,THOMAS BARTON (I),522,20,343,158,1
Whitfield,UPPER TENTH,BOE D1,,R,THOMAS BARTON (I),362,7,264,90,1
Whitfield,VARNELL,BOE D1,,R,THOMAS BARTON (I),1921,52,1050,818,1
Whitfield,WESTSIDE,BOE D1,,R,THOMAS BARTON (I),980,28,542,408,2
Whitfield,1A,BOE D1,,R,THOMAS BARTON (I),13,1,4,8,0
Whitfield,2A,BOE D1,,R,THOMAS BARTON (I),143,6,50,87,0
Whitfield,4A,BOE D1,,R,THOMAS BARTON (I),40,1,15,24,0
Whitfield,6A,BOE D1,,R,THOMAS BARTON (I),11,0,3,8,0
Whitfield,,BOE D1,,D,NICKY P. STARLING,5381,179,3386,1808,8
Whitfield,ANTIOCH,BOE D1,,D,NICKY P. STARLING,231,7,161,63,0
Whitfield,CARBONDALE,BOE D1,,D,NICKY P. STARLING,209,7,158,44,0
Whitfield,COHUTTA,BOE D1,,D,NICKY P. STARLING,195,8,148,39,0
Whitfield,DUG GAP,BOE D1,,D,NICKY P. STARLING,462,12,270,179,1
Whitfield,EASTSIDE,BOE D1,,D,NICKY P. STARLING,261,7,173,81,0
Whitfield,FINCHER,BOE D1,,D,NICKY P. STARLING,363,5,251,105,2
Whitfield,GROVE LEVEL,BOE D1,,D,NICKY P. STARLING,277,14,179,84,0
Whitfield,LOWER TENTH,BOE D1,,D,NICKY P. STARLING,110,6,54,50,0
Whitfield,MILL CREEK,BOE D1,,D,NICKY P. STARLING,212,6,155,51,0
Whitfield,NINTH,BOE D1,,D,NICKY P. STARLING,316,4,201,109,2
Whitfield,PLEASANT GROVE,BOE D1,,D,NICKY P. STARLING,549,14,320,215,0
Whitfield,TUNNEL HILL,BOE D1,,D,NICKY P. STARLING,522,16,325,179,2
Whitfield,TILTON,BOE D1,,D,NICKY P. STARLING,115,1,103,11,0
Whitfield,TRICHUM,BOE D1,,D,NICKY P. STARLING,194,10,132,52,0
Whitfield,UPPER TENTH,BOE D1,,D,NICKY P. STARLING,138,5,105,28,0
Whitfield,VARNELL,BOE D1,,D,NICKY P. STARLING,711,27,393,291,0
Whitfield,WESTSIDE,BOE D1,,D,NICKY P. STARLING,437,23,224,189,1
Whitfield,1A,BOE D1,,D,NICKY P. STARLING,3,0,0,3,0
Whitfield,2A,BOE D1,,D,NICKY P. STARLING,57,4,29,24,0
Whitfield,4A,BOE D1,,D,NICKY P. STARLING,13,3,4,6,0
Whitfield,6A,BOE D1,,D,NICKY P. STARLING,6,0,1,5,0
Whitfield,,BOE D3,,R,TONY STANLEY,15087,429,9317,5328,13
Whitfield,ANTIOCH,BOE D3,,R,TONY STANLEY,501,6,376,119,0
Whitfield,CARBONDALE,BOE D3,,R,TONY STANLEY,642,14,496,132,0
Whitfield,COHUTTA,BOE D3,,R,TONY STANLEY,572,12,436,123,1
Whitfield,DUG GAP,BOE D3,,R,TONY STANLEY,1258,56,693,508,1
Whitfield,EASTSIDE,BOE D3,,R,TONY STANLEY,542,19,353,170,0
Whitfield,FINCHER,BOE D3,,R,TONY STANLEY,756,10,523,222,1
Whitfield,GROVE LEVEL,BOE D3,,R,TONY STANLEY,665,38,386,241,0
Whitfield,LOWER TENTH,BOE D3,,R,TONY STANLEY,493,16,289,188,0
Whitfield,MILL CREEK,BOE D3,,R,TONY STANLEY,650,11,449,190,0
Whitfield,NINTH,BOE D3,,R,TONY STANLEY,979,22,603,354,0
Whitfield,PLEASANT GROVE,BOE D3,,R,TONY STANLEY,1499,35,807,655,2
Whitfield,TUNNEL HILL,BOE D3,,R,TONY STANLEY,1509,46,954,507,2
Whitfield,TILTON,BOE D3,,R,TONY STANLEY,290,5,232,53,0
Whitfield,TRICHUM,BOE D3,,R,TONY STANLEY,607,25,400,181,1
Whitfield,UPPER TENTH,BOE D3,,R,TONY STANLEY,428,7,315,105,1
Whitfield,VARNELL,BOE D3,,R,TONY STANLEY,2261,59,1251,950,1
Whitfield,WESTSIDE,BOE D3,,R,TONY STANLEY,1189,37,661,488,3
Whitfield,1A,BOE D3,,R,TONY STANLEY,13,1,4,8,0
Whitfield,2A,BOE D3,,R,TONY STANLEY,173,6,67,100,0
Whitfield,4A,BOE D3,,R,TONY STANLEY,47,4,18,25,0
Whitfield,6A,BOE D3,,R,TONY STANLEY,13,0,4,9,0
Whitfield,,SOIL AND WATER,,,WES FOGLE,18799,708,11015,7057,19
Whitfield,ANTIOCH,SOIL AND WATER,,,WES FOGLE,529,10,383,136,0
Whitfield,CARBONDALE,SOIL AND WATER,,,WES FOGLE,574,15,442,117,0
Whitfield,COHUTTA,SOIL AND WATER,,,WES FOGLE,539,13,416,109,1
Whitfield,DUG GAP,SOIL AND WATER,,,WES FOGLE,1281,51,720,508,2
Whitfield,EASTSIDE,SOIL AND WATER,,,WES FOGLE,497,18,324,155,0
Whitfield,FINCHER,SOIL AND WATER,,,WES FOGLE,695,12,490,192,1
Whitfield,GROVE LEVEL,SOIL AND WATER,,,WES FOGLE,704,34,400,267,3
Whitfield,LOWER TENTH,SOIL AND WATER,,,WES FOGLE,439,16,260,163,0
Whitfield,MILL CREEK,SOIL AND WATER,,,WES FOGLE,597,11,415,171,0
Whitfield,NINTH,SOIL AND WATER,,,WES FOGLE,885,20,554,311,0
Whitfield,PLEASANT GROVE,SOIL AND WATER,,,WES FOGLE,1749,62,887,798,2
Whitfield,TUNNEL HILL,SOIL AND WATER,,,WES FOGLE,1360,46,851,461,2
Whitfield,TILTON,SOIL AND WATER,,,WES FOGLE,259,5,212,42,0
Whitfield,TRICHUM,SOIL AND WATER,,,WES FOGLE,518,25,342,150,1
Whitfield,UPPER TENTH,SOIL AND WATER,,,WES FOGLE,395,7,287,100,1
Whitfield,VARNELL,SOIL AND WATER,,,WES FOGLE,2103,67,1151,884,1
Whitfield,WESTSIDE,SOIL AND WATER,,,WES FOGLE,1081,34,602,443,2
Whitfield,1A,SOIL AND WATER,,,WES FOGLE,658,48,376,233,1
Whitfield,2A,SOIL AND WATER,,,WES FOGLE,1242,73,531,637,1
Whitfield,3A,SOIL AND WATER,,,WES FOGLE,872,49,434,389,0
Whitfield,4A,SOIL AND WATER,,,WES FOGLE,1099,65,484,550,0
Whitfield,5A,SOIL AND WATER,,,WES FOGLE,425,15,283,126,1
Whitfield,6A,SOIL AND WATER,,,WES FOGLE,298,12,171,115,0
Whitfield,,Constitutional Amendment #1<br>Shall the Constitution be amended to allow state or local approval of public charter schools upon the request of local communities?,,,YES,10191,449,5376,4354,12
Whitfield,ANTIOCH,Constitutional Amendment #1<br>Shall the Constitution be amended to allow state or local approval of public charter schools upon the request of local communities?,,,YES,304,5,204,95,0
Whitfield,CARBONDALE,Constitutional Amendment #1<br>Shall the Constitution be amended to allow state or local approval of public charter schools upon the request of local communities?,,,YES,302,10,218,74,0
Whitfield,COHUTTA,Constitutional Amendment #1<br>Shall the Constitution be amended to allow state or local approval of public charter schools upon the request of local communities?,,,YES,277,11,194,71,1
Whitfield,DUG GAP,Constitutional Amendment #1<br>Shall the Constitution be amended to allow state or local approval of public charter schools upon the request of local communities?,,,YES,667,28,340,299,0
Whitfield,EASTSIDE,Constitutional Amendment #1<br>Shall the Constitution be amended to allow state or local approval of public charter schools upon the request of local communities?,,,YES,294,11,166,117,0
Whitfield,FINCHER,Constitutional Amendment #1<br>Shall the Constitution be amended to allow state or local approval of public charter schools upon the request of local communities?,,,YES,359,8,216,134,1
Whitfield,GROVE LEVEL,Constitutional Amendment #1<br>Shall the Constitution be amended to allow state or local approval of public charter schools upon the request of local communities?,,,YES,366,18,200,147,1
Whitfield,LOWER TENTH,Constitutional Amendment #1<br>Shall the Constitution be amended to allow state or local approval of public charter schools upon the request of local communities?,,,YES,204,4,103,97,0
Whitfield,MILL CREEK,Constitutional Amendment #1<br>Shall the Constitution be amended to allow state or local approval of public charter schools upon the request of local communities?,,,YES,297,7,183,107,0
Whitfield,NINTH,Constitutional Amendment #1<br>Shall the Constitution be amended to allow state or local approval of public charter schools upon the request of local communities?,,,YES,416,11,224,181,0
Whitfield,PLEASANT GROVE,Constitutional Amendment #1<br>Shall the Constitution be amended to allow state or local approval of public charter schools upon the request of local communities?,,,YES,890,40,375,473,2
Whitfield,TUNNEL HILL,Constitutional Amendment #1<br>Shall the Constitution be amended to allow state or local approval of public charter schools upon the request of local communities?,,,YES,728,27,417,283,1
Whitfield,TILTON,Constitutional Amendment #1<br>Shall the Constitution be amended to allow state or local approval of public charter schools upon the request of local communities?,,,YES,143,4,108,31,0
Whitfield,TRICHUM,Constitutional Amendment #1<br>Shall the Constitution be amended to allow state or local approval of public charter schools upon the request of local communities?,,,YES,292,20,173,98,1
Whitfield,UPPER TENTH,Constitutional Amendment #1<br>Shall the Constitution be amended to allow state or local approval of public charter schools upon the request of local communities?,,,YES,185,4,119,62,0
Whitfield,VARNELL,Constitutional Amendment #1<br>Shall the Constitution be amended to allow state or local approval of public charter schools upon the request of local communities?,,,YES,1109,47,538,524,0
Whitfield,WESTSIDE,Constitutional Amendment #1<br>Shall the Constitution be amended to allow state or local approval of public charter schools upon the request of local communities?,,,YES,525,25,273,225,2
Whitfield,1A,Constitutional Amendment #1<br>Shall the Constitution be amended to allow state or local approval of public charter schools upon the request of local communities?,,,YES,437,36,232,168,1
Whitfield,2A,Constitutional Amendment #1<br>Shall the Constitution be amended to allow state or local approval of public charter schools upon the request of local communities?,,,YES,746,48,296,401,1
Whitfield,3A,Constitutional Amendment #1<br>Shall the Constitution be amended to allow state or local approval of public charter schools upon the request of local communities?,,,YES,501,34,225,242,0
Whitfield,4A,Constitutional Amendment #1<br>Shall the Constitution be amended to allow state or local approval of public charter schools upon the request of local communities?,,,YES,593,33,235,325,0
Whitfield,5A,Constitutional Amendment #1<br>Shall the Constitution be amended to allow state or local approval of public charter schools upon the request of local communities?,,,YES,320,13,206,100,1
Whitfield,6A,Constitutional Amendment #1<br>Shall the Constitution be amended to allow state or local approval of public charter schools upon the request of local communities?,,,YES,236,5,131,100,0
Whitfield,,Constitutional Amendment #1<br>Shall the Constitution be amended to allow state or local approval of public charter schools upon the request of local communities?,,,NO,15281,458,9536,5273,14
Whitfield,ANTIOCH,Constitutional Amendment #1<br>Shall the Constitution be amended to allow state or local approval of public charter schools upon the request of local communities?,,,NO,410,13,325,72,0
Whitfield,CARBONDALE,Constitutional Amendment #1<br>Shall the Constitution be amended to allow state or local approval of public charter schools upon the request of local communities?,,,NO,479,16,385,78,0
Whitfield,COHUTTA,Constitutional Amendment #1<br>Shall the Constitution be amended to allow state or local approval of public charter schools upon the request of local communities?,,,NO,434,8,349,77,0
Whitfield,DUG GAP,Constitutional Amendment #1<br>Shall the Constitution be amended to allow state or local approval of public charter schools upon the request of local communities?,,,NO,1071,34,631,404,2
Whitfield,EASTSIDE,Constitutional Amendment #1<br>Shall the Constitution be amended to allow state or local approval of public charter schools upon the request of local communities?,,,NO,394,9,287,98,0
Whitfield,FINCHER,Constitutional Amendment #1<br>Shall the Constitution be amended to allow state or local approval of public charter schools upon the request of local communities?,,,NO,606,5,449,151,1
Whitfield,GROVE LEVEL,Constitutional Amendment #1<br>Shall the Constitution be amended to allow state or local approval of public charter schools upon the request of local communities?,,,NO,618,28,374,214,2
Whitfield,LOWER TENTH,Constitutional Amendment #1<br>Shall the Constitution be amended to allow state or local approval of public charter schools upon the request of local communities?,,,NO,391,16,245,130,0
Whitfield,MILL CREEK,Constitutional Amendment #1<br>Shall the Constitution be amended to allow state or local approval of public charter schools upon the request of local communities?,,,NO,518,10,385,123,0
Whitfield,NINTH,Constitutional Amendment #1<br>Shall the Constitution be amended to allow state or local approval of public charter schools upon the request of local communities?,,,NO,762,12,506,242,2
Whitfield,PLEASANT GROVE,Constitutional Amendment #1<br>Shall the Constitution be amended to allow state or local approval of public charter schools upon the request of local communities?,,,NO,1447,49,797,601,0
Whitfield,TUNNEL HILL,Constitutional Amendment #1<br>Shall the Constitution be amended to allow state or local approval of public charter schools upon the request of local communities?,,,NO,1090,28,713,347,2
Whitfield,TILTON,Constitutional Amendment #1<br>Shall the Constitution be amended to allow state or local approval of public charter schools upon the request of local communities?,,,NO,209,2,175,32,0
Whitfield,TRICHUM,Constitutional Amendment #1<br>Shall the Constitution be amended to allow state or local approval of public charter schools upon the request of local communities?,,,NO,458,11,328,119,0
Whitfield,UPPER TENTH,Constitutional Amendment #1<br>Shall the Constitution be amended to allow state or local approval of public charter schools upon the request of local communities?,,,NO,323,8,258,56,1
Whitfield,VARNELL,Constitutional Amendment #1<br>Shall the Constitution be amended to allow state or local approval of public charter schools upon the request of local communities?,,,NO,1633,32,985,615,1
Whitfield,WESTSIDE,Constitutional Amendment #1<br>Shall the Constitution be amended to allow state or local approval of public charter schools upon the request of local communities?,,,NO,958,31,539,387,1
Whitfield,1A,Constitutional Amendment #1<br>Shall the Constitution be amended to allow state or local approval of public charter schools upon the request of local communities?,,,NO,457,30,281,146,0
Whitfield,2A,Constitutional Amendment #1<br>Shall the Constitution be amended to allow state or local approval of public charter schools upon the request of local communities?,,,NO,922,34,428,460,0
Whitfield,3A,Constitutional Amendment #1<br>Shall the Constitution be amended to allow state or local approval of public charter schools upon the request of local communities?,,,NO,697,23,362,312,0
Whitfield,4A,Constitutional Amendment #1<br>Shall the Constitution be amended to allow state or local approval of public charter schools upon the request of local communities?,,,NO,872,40,396,436,0
Whitfield,5A,Constitutional Amendment #1<br>Shall the Constitution be amended to allow state or local approval of public charter schools upon the request of local communities?,,,NO,301,10,196,93,2
Whitfield,6A,Constitutional Amendment #1<br>Shall the Constitution be amended to allow state or local approval of public charter schools upon the request of local communities?,,,NO,231,9,142,80,0
Whitfield,,Constitutional Amendment #2<br>Shall the Constitution be amended so as to provide for a reduction in the state's operating costs by allowing the General Assembly to authorize certain state agencies to enter into multiyear rental agreements?,,,YES,13567,562,7468,5523,14
Whitfield,ANTIOCH,Constitutional Amendment #2<br>Shall the Constitution be amended so as to provide for a reduction in the state's operating costs by allowing the General Assembly to authorize certain state agencies to enter into multiyear rental agreements?,,,YES,348,8,239,101,0
Whitfield,CARBONDALE,Constitutional Amendment #2<br>Shall the Constitution be amended so as to provide for a reduction in the state's operating costs by allowing the General Assembly to authorize certain state agencies to enter into multiyear rental agreements?,,,YES,376,14,283,79,0
Whitfield,COHUTTA,Constitutional Amendment #2<br>Shall the Constitution be amended so as to provide for a reduction in the state's operating costs by allowing the General Assembly to authorize certain state agencies to enter into multiyear rental agreements?,,,YES,359,14,260,84,1
Whitfield,DUG GAP,Constitutional Amendment #2<br>Shall the Constitution be amended so as to provide for a reduction in the state's operating costs by allowing the General Assembly to authorize certain state agencies to enter into multiyear rental agreements?,,,YES,952,42,526,384,0
Whitfield,EASTSIDE,Constitutional Amendment #2<br>Shall the Constitution be amended so as to provide for a reduction in the state's operating costs by allowing the General Assembly to authorize certain state agencies to enter into multiyear rental agreements?,,,YES,339,15,211,113,0
Whitfield,FINCHER,Constitutional Amendment #2<br>Shall the Constitution be amended so as to provide for a reduction in the state's operating costs by allowing the General Assembly to authorize certain state agencies to enter into multiyear rental agreements?,,,YES,466,7,306,152,1
Whitfield,GROVE LEVEL,Constitutional Amendment #2<br>Shall the Constitution be amended so as to provide for a reduction in the state's operating costs by allowing the General Assembly to authorize certain state agencies to enter into multiyear rental agreements?,,,YES,489,28,261,197,3
Whitfield,LOWER TENTH,Constitutional Amendment #2<br>Shall the Constitution be amended so as to provide for a reduction in the state's operating costs by allowing the General Assembly to authorize certain state agencies to enter into multiyear rental agreements?,,,YES,279,4,154,121,0
Whitfield,MILL CREEK,Constitutional Amendment #2<br>Shall the Constitution be amended so as to provide for a reduction in the state's operating costs by allowing the General Assembly to authorize certain state agencies to enter into multiyear rental agreements?,,,YES,435,10,291,134,0
Whitfield,NINTH,Constitutional Amendment #2<br>Shall the Constitution be amended so as to provide for a reduction in the state's operating costs by allowing the General Assembly to authorize certain state agencies to enter into multiyear rental agreements?,,,YES,558,14,332,211,1
Whitfield,PLEASANT GROVE,Constitutional Amendment #2<br>Shall the Constitution be amended so as to provide for a reduction in the state's operating costs by allowing the General Assembly to authorize certain state agencies to enter into multiyear rental agreements?,,,YES,1253,56,571,625,1
Whitfield,TUNNEL HILL,Constitutional Amendment #2<br>Shall the Constitution be amended so as to provide for a reduction in the state's operating costs by allowing the General Assembly to authorize certain state agencies to enter into multiyear rental agreements?,,,YES,960,35,584,339,2
Whitfield,TILTON,Constitutional Amendment #2<br>Shall the Constitution be amended so as to provide for a reduction in the state's operating costs by allowing the General Assembly to authorize certain state agencies to enter into multiyear rental agreements?,,,YES,163,6,125,32,0
Whitfield,TRICHUM,Constitutional Amendment #2<br>Shall the Constitution be amended so as to provide for a reduction in the state's operating costs by allowing the General Assembly to authorize certain state agencies to enter into multiyear rental agreements?,,,YES,359,19,212,128,0
Whitfield,UPPER TENTH,Constitutional Amendment #2<br>Shall the Constitution be amended so as to provide for a reduction in the state's operating costs by allowing the General Assembly to authorize certain state agencies to enter into multiyear rental agreements?,,,YES,267,4,194,69,0
Whitfield,VARNELL,Constitutional Amendment #2<br>Shall the Constitution be amended so as to provide for a reduction in the state's operating costs by allowing the General Assembly to authorize certain state agencies to enter into multiyear rental agreements?,,,YES,1510,56,785,668,1
Whitfield,WESTSIDE,Constitutional Amendment #2<br>Shall the Constitution be amended so as to provide for a reduction in the state's operating costs by allowing the General Assembly to authorize certain state agencies to enter into multiyear rental agreements?,,,YES,780,32,406,340,2
Whitfield,1A,Constitutional Amendment #2<br>Shall the Constitution be amended so as to provide for a reduction in the state's operating costs by allowing the General Assembly to authorize certain state agencies to enter into multiyear rental agreements?,,,YES,523,40,273,210,0
Whitfield,2A,Constitutional Amendment #2<br>Shall the Constitution be amended so as to provide for a reduction in the state's operating costs by allowing the General Assembly to authorize certain state agencies to enter into multiyear rental agreements?,,,YES,992,55,407,529,1
Whitfield,3A,Constitutional Amendment #2<br>Shall the Constitution be amended so as to provide for a reduction in the state's operating costs by allowing the General Assembly to authorize certain state agencies to enter into multiyear rental agreements?,,,YES,690,41,333,316,0
Whitfield,4A,Constitutional Amendment #2<br>Shall the Constitution be amended so as to provide for a reduction in the state's operating costs by allowing the General Assembly to authorize certain state agencies to enter into multiyear rental agreements?,,,YES,886,49,346,491,0
Whitfield,5A,Constitutional Amendment #2<br>Shall the Constitution be amended so as to provide for a reduction in the state's operating costs by allowing the General Assembly to authorize certain state agencies to enter into multiyear rental agreements?,,,YES,339,7,222,109,1
Whitfield,6A,Constitutional Amendment #2<br>Shall the Constitution be amended so as to provide for a reduction in the state's operating costs by allowing the General Assembly to authorize certain state agencies to enter into multiyear rental agreements?,,,YES,244,6,147,91,0
Whitfield,,Constitutional Amendment #2<br>Shall the Constitution be amended so as to provide for a reduction in the state's operating costs by allowing the General Assembly to authorize certain state agencies to enter into multiyear rental agreements?,,,NO,10672,301,6683,3678,10
Whitfield,ANTIOCH,Constitutional Amendment #2<br>Shall the Constitution be amended so as to provide for a reduction in the state's operating costs by allowing the General Assembly to authorize certain state agencies to enter into multiyear rental agreements?,,,NO,333,9,259,65,0
Whitfield,CARBONDALE,Constitutional Amendment #2<br>Shall the Constitution be amended so as to provide for a reduction in the state's operating costs by allowing the General Assembly to authorize certain state agencies to enter into multiyear rental agreements?,,,NO,367,14,289,64,0
Whitfield,COHUTTA,Constitutional Amendment #2<br>Shall the Constitution be amended so as to provide for a reduction in the state's operating costs by allowing the General Assembly to authorize certain state agencies to enter into multiyear rental agreements?,,,NO,318,4,261,53,0
Whitfield,DUG GAP,Constitutional Amendment #2<br>Shall the Constitution be amended so as to provide for a reduction in the state's operating costs by allowing the General Assembly to authorize certain state agencies to enter into multiyear rental agreements?,,,NO,692,16,396,279,1
Whitfield,EASTSIDE,Constitutional Amendment #2<br>Shall the Constitution be amended so as to provide for a reduction in the state's operating costs by allowing the General Assembly to authorize certain state agencies to enter into multiyear rental agreements?,,,NO,297,4,201,92,0
Whitfield,FINCHER,Constitutional Amendment #2<br>Shall the Constitution be amended so as to provide for a reduction in the state's operating costs by allowing the General Assembly to authorize certain state agencies to enter into multiyear rental agreements?,,,NO,462,6,330,125,1
Whitfield,GROVE LEVEL,Constitutional Amendment #2<br>Shall the Constitution be amended so as to provide for a reduction in the state's operating costs by allowing the General Assembly to authorize certain state agencies to enter into multiyear rental agreements?,,,NO,444,13,284,147,0
Whitfield,LOWER TENTH,Constitutional Amendment #2<br>Shall the Constitution be amended so as to provide for a reduction in the state's operating costs by allowing the General Assembly to authorize certain state agencies to enter into multiyear rental agreements?,,,NO,274,14,170,90,0
Whitfield,MILL CREEK,Constitutional Amendment #2<br>Shall the Constitution be amended so as to provide for a reduction in the state's operating costs by allowing the General Assembly to authorize certain state agencies to enter into multiyear rental agreements?,,,NO,333,5,249,79,0
Whitfield,NINTH,Constitutional Amendment #2<br>Shall the Constitution be amended so as to provide for a reduction in the state's operating costs by allowing the General Assembly to authorize certain state agencies to enter into multiyear rental agreements?,,,NO,530,9,345,175,1
Whitfield,PLEASANT GROVE,Constitutional Amendment #2<br>Shall the Constitution be amended so as to provide for a reduction in the state's operating costs by allowing the General Assembly to authorize certain state agencies to enter into multiyear rental agreements?,,,NO,981,26,537,417,1
Whitfield,TUNNEL HILL,Constitutional Amendment #2<br>Shall the Constitution be amended so as to provide for a reduction in the state's operating costs by allowing the General Assembly to authorize certain state agencies to enter into multiyear rental agreements?,,,NO,771,19,480,271,1
Whitfield,TILTON,Constitutional Amendment #2<br>Shall the Constitution be amended so as to provide for a reduction in the state's operating costs by allowing the General Assembly to authorize certain state agencies to enter into multiyear rental agreements?,,,NO,169,2,140,27,0
Whitfield,TRICHUM,Constitutional Amendment #2<br>Shall the Constitution be amended so as to provide for a reduction in the state's operating costs by allowing the General Assembly to authorize certain state agencies to enter into multiyear rental agreements?,,,NO,337,5,251,80,1
Whitfield,UPPER TENTH,Constitutional Amendment #2<br>Shall the Constitution be amended so as to provide for a reduction in the state's operating costs by allowing the General Assembly to authorize certain state agencies to enter into multiyear rental agreements?,,,NO,221,7,168,45,1
Whitfield,VARNELL,Constitutional Amendment #2<br>Shall the Constitution be amended so as to provide for a reduction in the state's operating costs by allowing the General Assembly to authorize certain state agencies to enter into multiyear rental agreements?,,,NO,1075,21,647,407,0
Whitfield,WESTSIDE,Constitutional Amendment #2<br>Shall the Constitution be amended so as to provide for a reduction in the state's operating costs by allowing the General Assembly to authorize certain state agencies to enter into multiyear rental agreements?,,,NO,625,22,361,241,1
Whitfield,1A,Constitutional Amendment #2<br>Shall the Constitution be amended so as to provide for a reduction in the state's operating costs by allowing the General Assembly to authorize certain state agencies to enter into multiyear rental agreements?,,,NO,351,21,229,100,1
Whitfield,2A,Constitutional Amendment #2<br>Shall the Constitution be amended so as to provide for a reduction in the state's operating costs by allowing the General Assembly to authorize certain state agencies to enter into multiyear rental agreements?,,,NO,620,26,293,301,0
Whitfield,3A,Constitutional Amendment #2<br>Shall the Constitution be amended so as to provide for a reduction in the state's operating costs by allowing the General Assembly to authorize certain state agencies to enter into multiyear rental agreements?,,,NO,451,13,228,210,0
Whitfield,4A,Constitutional Amendment #2<br>Shall the Constitution be amended so as to provide for a reduction in the state's operating costs by allowing the General Assembly to authorize certain state agencies to enter into multiyear rental agreements?,,,NO,512,23,249,240,0
Whitfield,5A,Constitutional Amendment #2<br>Shall the Constitution be amended so as to provide for a reduction in the state's operating costs by allowing the General Assembly to authorize certain state agencies to enter into multiyear rental agreements?,,,NO,300,15,194,90,1
Whitfield,6A,Constitutional Amendment #2<br>Shall the Constitution be amended so as to provide for a reduction in the state's operating costs by allowing the General Assembly to authorize certain state agencies to enter into multiyear rental agreements?,,,NO,209,7,122,80,0
