county,precinct,office,district,party,candidate,votes,absentee_by_mail,election_day,advance_in_person,provisional
Franklin,,President of the United States,,R,MITT ROMNEY,6114,290,3773,2049,2
Franklin,Carnesville,President of the United States,,R,MITT ROMNEY,765,36,346,382,1
Franklin,Ashland,President of the United States,,R,MITT ROMNEY,131,6,81,44,0
Franklin,Strange,President of the United States,,R,MITT ROMNEY,364,11,240,113,0
Franklin,Flintsville,President of the United States,,R,MITT ROMNEY,310,6,224,80,0
Franklin,Red Hill,President of the United States,,R,MITT ROMNEY,281,19,174,88,0
Franklin,Welborn,President of the United States,,R,MITT ROMNEY,432,10,341,81,0
Franklin,Gumlog,President of the United States,,R,MITT ROMNEY,689,62,385,242,0
Franklin,Lavonia,President of the United States,,R,MITT ROMNEY,778,47,424,307,0
Franklin,Canon,President of the United States,,R,MITT ROMNEY,507,12,360,134,1
Franklin,Royston,President of the United States,,R,MITT ROMNEY,825,41,463,321,0
Franklin,Middle River,President of the United States,,R,MITT ROMNEY,551,24,397,130,0
Franklin,Dooley,President of the United States,,R,MITT ROMNEY,219,7,144,68,0
Franklin,Gunnells,President of the United States,,R,MITT ROMNEY,262,9,194,59,0
Franklin,,President of the United States,,(D,BARACK OBAMA (I),1499,77,1011,411,0
Franklin,Carnesville,President of the United States,,(D,BARACK OBAMA (I),160,5,76,79,0
Franklin,Ashland,President of the United States,,(D,BARACK OBAMA (I),19,0,7,12,0
Franklin,Strange,President of the United States,,(D,BARACK OBAMA (I),52,3,42,7,0
Franklin,Flintsville,President of the United States,,(D,BARACK OBAMA (I),63,2,53,8,0
Franklin,Red Hill,President of the United States,,(D,BARACK OBAMA (I),32,2,27,3,0
Franklin,Welborn,President of the United States,,(D,BARACK OBAMA (I),87,5,66,16,0
Franklin,Gumlog,President of the United States,,(D,BARACK OBAMA (I),183,11,119,53,0
Franklin,Lavonia,President of the United States,,(D,BARACK OBAMA (I),332,23,209,100,0
Franklin,Canon,President of the United States,,(D,BARACK OBAMA (I),140,10,111,19,0
Franklin,Royston,President of the United States,,(D,BARACK OBAMA (I),262,10,177,75,0
Franklin,Middle River,President of the United States,,(D,BARACK OBAMA (I),76,4,50,22,0
Franklin,Dooley,President of the United States,,(D,BARACK OBAMA (I),31,1,24,6,0
Franklin,Gunnells,President of the United States,,(D,BARACK OBAMA (I),62,1,50,11,0
Franklin,,President of the United States,,L,GARY JOHNSON,146,6,110,30,0
Franklin,Carnesville,President of the United States,,L,GARY JOHNSON,18,0,9,9,0
Franklin,Ashland,President of the United States,,L,GARY JOHNSON,3,0,3,0,0
Franklin,Strange,President of the United States,,L,GARY JOHNSON,12,0,11,1,0
Franklin,Flintsville,President of the United States,,L,GARY JOHNSON,10,1,7,2,0
Franklin,Red Hill,President of the United States,,L,GARY JOHNSON,4,2,1,1,0
Franklin,Welborn,President of the United States,,L,GARY JOHNSON,15,2,12,1,0
Franklin,Gumlog,President of the United States,,L,GARY JOHNSON,9,0,7,2,0
Franklin,Lavonia,President of the United States,,L,GARY JOHNSON,15,0,12,3,0
Franklin,Canon,President of the United States,,L,GARY JOHNSON,9,0,7,2,0
Franklin,Royston,President of the United States,,L,GARY JOHNSON,18,1,12,5,0
Franklin,Middle River,President of the United States,,L,GARY JOHNSON,15,0,13,2,0
Franklin,Dooley,President of the United States,,L,GARY JOHNSON,10,0,9,1,0
Franklin,Gunnells,President of the United States,,L,GARY JOHNSON,8,0,7,1,0
Franklin,,"Public Service Commission, District 3",3,R,CHUCK EATON (I),5451,257,3383,1809,2
Franklin,Carnesville,"Public Service Commission, District 3",3,R,CHUCK EATON (I),672,34,304,333,1
Franklin,Ashland,"Public Service Commission, District 3",3,R,CHUCK EATON (I),123,6,78,39,0
Franklin,Strange,"Public Service Commission, District 3",3,R,CHUCK EATON (I),311,12,199,100,0
Franklin,Flintsville,"Public Service Commission, District 3",3,R,CHUCK EATON (I),255,6,181,68,0
Franklin,Red Hill,"Public Service Commission, District 3",3,R,CHUCK EATON (I),243,17,158,68,0
Franklin,Welborn,"Public Service Commission, District 3",3,R,CHUCK EATON (I),398,10,317,71,0
Franklin,Gumlog,"Public Service Commission, District 3",3,R,CHUCK EATON (I),609,56,346,207,0
Franklin,Lavonia,"Public Service Commission, District 3",3,R,CHUCK EATON (I),707,35,394,278,0
Franklin,Canon,"Public Service Commission, District 3",3,R,CHUCK EATON (I),458,11,323,123,1
Franklin,Royston,"Public Service Commission, District 3",3,R,CHUCK EATON (I),747,35,418,294,0
Franklin,Middle River,"Public Service Commission, District 3",3,R,CHUCK EATON (I),492,22,355,115,0
Franklin,Dooley,"Public Service Commission, District 3",3,R,CHUCK EATON (I),195,7,127,61,0
Franklin,Gunnells,"Public Service Commission, District 3",3,R,CHUCK EATON (I),241,6,183,52,0
Franklin,,"Public Service Commission, District 3",3,D,STEPHEN OPPENHEIMER,1368,75,906,387,0
Franklin,Carnesville,"Public Service Commission, District 3",3,D,STEPHEN OPPENHEIMER,159,6,74,79,0
Franklin,Ashland,"Public Service Commission, District 3",3,D,STEPHEN OPPENHEIMER,23,0,9,14,0
Franklin,Strange,"Public Service Commission, District 3",3,D,STEPHEN OPPENHEIMER,52,2,45,5,0
Franklin,Flintsville,"Public Service Commission, District 3",3,D,STEPHEN OPPENHEIMER,70,3,56,11,0
Franklin,Red Hill,"Public Service Commission, District 3",3,D,STEPHEN OPPENHEIMER,38,3,26,9,0
Franklin,Welborn,"Public Service Commission, District 3",3,D,STEPHEN OPPENHEIMER,82,5,61,16,0
Franklin,Gumlog,"Public Service Commission, District 3",3,D,STEPHEN OPPENHEIMER,164,8,106,50,0
Franklin,Lavonia,"Public Service Commission, District 3",3,D,STEPHEN OPPENHEIMER,275,22,164,89,0
Franklin,Canon,"Public Service Commission, District 3",3,D,STEPHEN OPPENHEIMER,122,7,96,19,0
Franklin,Royston,"Public Service Commission, District 3",3,D,STEPHEN OPPENHEIMER,215,11,148,56,0
Franklin,Middle River,"Public Service Commission, District 3",3,D,STEPHEN OPPENHEIMER,78,3,54,21,0
Franklin,Dooley,"Public Service Commission, District 3",3,D,STEPHEN OPPENHEIMER,31,1,23,7,0
Franklin,Gunnells,"Public Service Commission, District 3",3,D,STEPHEN OPPENHEIMER,59,4,44,11,0
Franklin,,"Public Service Commission, District 3",3,L,BRAD PLOEGER,410,22,276,112,0
Franklin,Carnesville,"Public Service Commission, District 3",3,L,BRAD PLOEGER,50,1,28,21,0
Franklin,Ashland,"Public Service Commission, District 3",3,L,BRAD PLOEGER,1,0,0,1,0
Franklin,Strange,"Public Service Commission, District 3",3,L,BRAD PLOEGER,30,0,25,5,0
Franklin,Flintsville,"Public Service Commission, District 3",3,L,BRAD PLOEGER,22,0,19,3,0
Franklin,Red Hill,"Public Service Commission, District 3",3,L,BRAD PLOEGER,15,2,7,6,0
Franklin,Welborn,"Public Service Commission, District 3",3,L,BRAD PLOEGER,23,2,17,4,0
Franklin,Gumlog,"Public Service Commission, District 3",3,L,BRAD PLOEGER,60,4,33,23,0
Franklin,Lavonia,"Public Service Commission, District 3",3,L,BRAD PLOEGER,56,7,36,13,0
Franklin,Canon,"Public Service Commission, District 3",3,L,BRAD PLOEGER,27,1,19,7,0
Franklin,Royston,"Public Service Commission, District 3",3,L,BRAD PLOEGER,55,4,34,17,0
Franklin,Middle River,"Public Service Commission, District 3",3,L,BRAD PLOEGER,38,1,29,8,0
Franklin,Dooley,"Public Service Commission, District 3",3,L,BRAD PLOEGER,18,0,17,1,0
Franklin,Gunnells,"Public Service Commission, District 3",3,L,BRAD PLOEGER,15,0,12,3,0
Franklin,,"Public Service Commission, District 5",5,(R,STAN WISE (I),5759,267,3580,1910,2
Franklin,Carnesville,"Public Service Commission, District 5",5,(R,STAN WISE (I),725,35,335,354,1
Franklin,Ashland,"Public Service Commission, District 5",5,(R,STAN WISE (I),127,6,76,45,0
Franklin,Strange,"Public Service Commission, District 5",5,(R,STAN WISE (I),326,12,214,100,0
Franklin,Flintsville,"Public Service Commission, District 5",5,(R,STAN WISE (I),276,7,192,77,0
Franklin,Red Hill,"Public Service Commission, District 5",5,(R,STAN WISE (I),255,18,163,74,0
Franklin,Welborn,"Public Service Commission, District 5",5,(R,STAN WISE (I),410,10,326,74,0
Franklin,Gumlog,"Public Service Commission, District 5",5,(R,STAN WISE (I),631,54,367,210,0
Franklin,Lavonia,"Public Service Commission, District 5",5,(R,STAN WISE (I),762,41,418,303,0
Franklin,Canon,"Public Service Commission, District 5",5,(R,STAN WISE (I),491,11,353,126,1
Franklin,Royston,"Public Service Commission, District 5",5,(R,STAN WISE (I),806,36,457,313,0
Franklin,Middle River,"Public Service Commission, District 5",5,(R,STAN WISE (I),510,23,369,118,0
Franklin,Dooley,"Public Service Commission, District 5",5,(R,STAN WISE (I),193,7,123,63,0
Franklin,Gunnells,"Public Service Commission, District 5",5,(R,STAN WISE (I),247,7,187,53,0
Franklin,,"Public Service Commission, District 5",5,L,DAVID STAPLES,1253,65,860,328,0
Franklin,Carnesville,"Public Service Commission, District 5",5,L,DAVID STAPLES,134,5,65,64,0
Franklin,Ashland,"Public Service Commission, District 5",5,L,DAVID STAPLES,15,0,9,6,0
Franklin,Strange,"Public Service Commission, District 5",5,L,DAVID STAPLES,66,2,54,10,0
Franklin,Flintsville,"Public Service Commission, District 5",5,L,DAVID STAPLES,70,1,62,7,0
Franklin,Red Hill,"Public Service Commission, District 5",5,L,DAVID STAPLES,41,4,26,11,0
Franklin,Welborn,"Public Service Commission, District 5",5,L,DAVID STAPLES,79,6,57,16,0
Franklin,Gumlog,"Public Service Commission, District 5",5,L,DAVID STAPLES,173,12,104,57,0
Franklin,Lavonia,"Public Service Commission, District 5",5,L,DAVID STAPLES,212,16,147,49,0
Franklin,Canon,"Public Service Commission, District 5",5,L,DAVID STAPLES,99,5,75,19,0
Franklin,Royston,"Public Service Commission, District 5",5,L,DAVID STAPLES,175,8,120,47,0
Franklin,Middle River,"Public Service Commission, District 5",5,L,DAVID STAPLES,94,2,65,27,0
Franklin,Dooley,"Public Service Commission, District 5",5,L,DAVID STAPLES,43,1,35,7,0
Franklin,Gunnells,"Public Service Commission, District 5",5,L,DAVID STAPLES,52,3,41,8,0
Franklin,,U.S. Representative,9,R,DOUG COLLINS,5627,271,3440,1915,1
Franklin,Carnesville,U.S. Representative,9,R,DOUG COLLINS,704,33,316,355,0
Franklin,Ashland,U.S. Representative,9,R,DOUG COLLINS,122,6,75,41,0
Franklin,Strange,U.S. Representative,9,R,DOUG COLLINS,333,11,220,102,0
Franklin,Flintsville,U.S. Representative,9,R,DOUG COLLINS,267,6,186,75,0
Franklin,Red Hill,U.S. Representative,9,R,DOUG COLLINS,243,17,149,77,0
Franklin,Welborn,U.S. Representative,9,R,DOUG COLLINS,410,11,327,72,0
Franklin,Gumlog,U.S. Representative,9,R,DOUG COLLINS,626,59,347,220,0
Franklin,Lavonia,U.S. Representative,9,R,DOUG COLLINS,746,43,406,297,0
Franklin,Canon,U.S. Representative,9,R,DOUG COLLINS,449,10,311,127,1
Franklin,Royston,U.S. Representative,9,R,DOUG COLLINS,790,39,433,318,0
Franklin,Middle River,U.S. Representative,9,R,DOUG COLLINS,497,23,357,117,0
Franklin,Dooley,U.S. Representative,9,R,DOUG COLLINS,200,7,129,64,0
Franklin,Gunnells,U.S. Representative,9,R,DOUG COLLINS,240,6,184,50,0
Franklin,,U.S. Representative,9,D,JODY COOLEY,1773,90,1217,465,1
Franklin,Carnesville,U.S. Representative,9,D,JODY COOLEY,189,8,94,86,1
Franklin,Ashland,U.S. Representative,9,D,JODY COOLEY,28,0,14,14,0
Franklin,Strange,U.S. Representative,9,D,JODY COOLEY,72,3,60,9,0
Franklin,Flintsville,U.S. Representative,9,D,JODY COOLEY,97,3,81,13,0
Franklin,Red Hill,U.S. Representative,9,D,JODY COOLEY,56,5,43,8,0
Franklin,Welborn,U.S. Representative,9,D,JODY COOLEY,106,6,78,22,0
Franklin,Gumlog,U.S. Representative,9,D,JODY COOLEY,219,10,143,66,0
Franklin,Lavonia,U.S. Representative,9,D,JODY COOLEY,331,23,205,103,0
Franklin,Canon,U.S. Representative,9,D,JODY COOLEY,167,9,135,23,0
Franklin,Royston,U.S. Representative,9,D,JODY COOLEY,260,13,182,65,0
Franklin,Middle River,U.S. Representative,9,D,JODY COOLEY,115,5,83,27,0
Franklin,Dooley,U.S. Representative,9,D,JODY COOLEY,49,1,39,9,0
Franklin,Gunnells,U.S. Representative,9,D,JODY COOLEY,84,4,60,20,0
Franklin,,State Senator,50,(R,JOHN WILKINSON (I),6605,304,4178,2121,2
Franklin,Carnesville,State Senator,50,(R,JOHN WILKINSON (I),808,37,378,392,1
Franklin,Ashland,State Senator,50,(R,JOHN WILKINSON (I),137,6,82,49,0
Franklin,Strange,State Senator,50,(R,JOHN WILKINSON (I),387,12,265,110,0
Franklin,Flintsville,State Senator,50,(R,JOHN WILKINSON (I),322,9,231,82,0
Franklin,Red Hill,State Senator,50,(R,JOHN WILKINSON (I),283,20,182,81,0
Franklin,Welborn,State Senator,50,(R,JOHN WILKINSON (I),463,14,364,85,0
Franklin,Gumlog,State Senator,50,(R,JOHN WILKINSON (I),752,62,440,250,0
Franklin,Lavonia,State Senator,50,(R,JOHN WILKINSON (I),901,48,518,335,0
Franklin,Canon,State Senator,50,(R,JOHN WILKINSON (I),561,17,405,138,1
Franklin,Royston,State Senator,50,(R,JOHN WILKINSON (I),914,39,533,342,0
Franklin,Middle River,State Senator,50,(R,JOHN WILKINSON (I),561,24,407,130,0
Franklin,Dooley,State Senator,50,(R,JOHN WILKINSON (I),229,7,156,66,0
Franklin,Gunnells,State Senator,50,(R,JOHN WILKINSON (I),287,9,217,61,0
Franklin,,State Representative,32,(R,ALAN POWELL (I),6154,299,3850,2003,2
Franklin,Carnesville,State Representative,32,(R,ALAN POWELL (I),757,33,350,373,1
Franklin,Ashland,State Representative,32,(R,ALAN POWELL (I),125,6,79,40,0
Franklin,Strange,State Representative,32,(R,ALAN POWELL (I),356,11,239,106,0
Franklin,Flintsville,State Representative,32,(R,ALAN POWELL (I),288,4,211,73,0
Franklin,Red Hill,State Representative,32,(R,ALAN POWELL (I),272,20,171,81,0
Franklin,Welborn,State Representative,32,(R,ALAN POWELL (I),429,13,341,75,0
Franklin,Gumlog,State Representative,32,(R,ALAN POWELL (I),663,63,372,228,0
Franklin,Lavonia,State Representative,32,(R,ALAN POWELL (I),841,52,471,318,0
Franklin,Canon,State Representative,32,(R,ALAN POWELL (I),537,15,393,128,1
Franklin,Royston,State Representative,32,(R,ALAN POWELL (I),866,44,494,328,0
Franklin,Middle River,State Representative,32,(R,ALAN POWELL (I),537,22,386,129,0
Franklin,Dooley,State Representative,32,(R,ALAN POWELL (I),215,7,145,63,0
Franklin,Gunnells,State Representative,32,(R,ALAN POWELL (I),268,9,198,61,0
Franklin,,State Representative,32,D,MARY BETH FOCER,1328,64,868,396,0
Franklin,Carnesville,State Representative,32,D,MARY BETH FOCER,150,8,65,77,0
Franklin,Ashland,State Representative,32,D,MARY BETH FOCER,23,0,9,14,0
Franklin,Strange,State Representative,32,D,MARY BETH FOCER,54,3,43,8,0
Franklin,Flintsville,State Representative,32,D,MARY BETH FOCER,79,5,60,14,0
Franklin,Red Hill,State Representative,32,D,MARY BETH FOCER,32,2,24,6,0
Franklin,Welborn,State Representative,32,D,MARY BETH FOCER,87,4,65,18,0
Franklin,Gumlog,State Representative,32,D,MARY BETH FOCER,181,5,117,59,0
Franklin,Lavonia,State Representative,32,D,MARY BETH FOCER,248,15,148,85,0
Franklin,Canon,State Representative,32,D,MARY BETH FOCER,100,5,72,23,0
Franklin,Royston,State Representative,32,D,MARY BETH FOCER,199,9,133,57,0
Franklin,Middle River,State Representative,32,D,MARY BETH FOCER,83,6,61,16,0
Franklin,Dooley,State Representative,32,D,MARY BETH FOCER,36,1,24,11,0
Franklin,Gunnells,State Representative,32,D,MARY BETH FOCER,56,1,47,8,0
Franklin,,District Attorney, Northern Circuit,R,PARKS WHITE,6593,302,4173,2116,2
Franklin,Carnesville,District Attorney, Northern Circuit,R,PARKS WHITE,794,33,370,390,1
Franklin,Ashland,District Attorney, Northern Circuit,R,PARKS WHITE,139,6,85,48,0
Franklin,Strange,District Attorney, Northern Circuit,R,PARKS WHITE,367,12,250,105,0
Franklin,Flintsville,District Attorney, Northern Circuit,R,PARKS WHITE,312,9,227,76,0
Franklin,Red Hill,District Attorney, Northern Circuit,R,PARKS WHITE,282,19,182,81,0
Franklin,Welborn,District Attorney, Northern Circuit,R,PARKS WHITE,470,13,370,87,0
Franklin,Gumlog,District Attorney, Northern Circuit,R,PARKS WHITE,749,63,437,249,0
Franklin,Lavonia,District Attorney, Northern Circuit,R,PARKS WHITE,911,48,532,331,0
Franklin,Canon,District Attorney, Northern Circuit,R,PARKS WHITE,559,16,403,139,1
Franklin,Royston,District Attorney, Northern Circuit,R,PARKS WHITE,930,42,539,349,0
Franklin,Middle River,District Attorney, Northern Circuit,R,PARKS WHITE,564,25,406,133,0
Franklin,Dooley,District Attorney, Northern Circuit,R,PARKS WHITE,228,7,154,67,0
Franklin,Gunnells,District Attorney, Northern Circuit,R,PARKS WHITE,288,9,218,61,0
Franklin,,Superior Court Clerk,,R,MELISSA HOLBROOK (I),6901,312,4370,2217,2
Franklin,Carnesville,Superior Court Clerk,,R,MELISSA HOLBROOK (I),833,34,393,405,1
Franklin,Ashland,Superior Court Clerk,,R,MELISSA HOLBROOK (I),143,6,86,51,0
Franklin,Strange,Superior Court Clerk,,R,MELISSA HOLBROOK (I),384,12,264,108,0
Franklin,Flintsville,Superior Court Clerk,,R,MELISSA HOLBROOK (I),331,8,242,81,0
Franklin,Red Hill,Superior Court Clerk,,R,MELISSA HOLBROOK (I),285,17,187,81,0
Franklin,Welborn,Superior Court Clerk,,R,MELISSA HOLBROOK (I),477,14,371,92,0
Franklin,Gumlog,Superior Court Clerk,,R,MELISSA HOLBROOK (I),783,63,457,263,0
Franklin,Lavonia,Superior Court Clerk,,R,MELISSA HOLBROOK (I),986,53,570,363,0
Franklin,Canon,Superior Court Clerk,,R,MELISSA HOLBROOK (I),592,18,429,144,1
Franklin,Royston,Superior Court Clerk,,R,MELISSA HOLBROOK (I),973,44,565,364,0
Franklin,Middle River,Superior Court Clerk,,R,MELISSA HOLBROOK (I),585,26,425,134,0
Franklin,Dooley,Superior Court Clerk,,R,MELISSA HOLBROOK (I),232,8,155,69,0
Franklin,Gunnells,Superior Court Clerk,,R,MELISSA HOLBROOK (I),297,9,226,62,0
Franklin,,Sheriff,,(R,STEVIE THOMAS (I),6150,302,3843,2003,2
Franklin,Carnesville,Sheriff,,(R,STEVIE THOMAS (I),748,32,354,361,1
Franklin,Ashland,Sheriff,,(R,STEVIE THOMAS (I),127,6,78,43,0
Franklin,Strange,Sheriff,,(R,STEVIE THOMAS (I),342,10,237,95,0
Franklin,Flintsville,Sheriff,,(R,STEVIE THOMAS (I),247,7,170,70,0
Franklin,Red Hill,Sheriff,,(R,STEVIE THOMAS (I),247,15,156,76,0
Franklin,Welborn,Sheriff,,(R,STEVIE THOMAS (I),430,11,337,82,0
Franklin,Gumlog,Sheriff,,(R,STEVIE THOMAS (I),664,60,377,227,0
Franklin,Lavonia,Sheriff,,(R,STEVIE THOMAS (I),877,56,495,326,0
Franklin,Canon,Sheriff,,(R,STEVIE THOMAS (I),558,19,400,138,1
Franklin,Royston,Sheriff,,(R,STEVIE THOMAS (I),897,48,506,343,0
Franklin,Middle River,Sheriff,,(R,STEVIE THOMAS (I),504,22,365,117,0
Franklin,Dooley,Sheriff,,(R,STEVIE THOMAS (I),230,7,157,66,0
Franklin,Gunnells,Sheriff,,(R,STEVIE THOMAS (I),279,9,211,59,0
Franklin,,Sheriff,,D,RONALD HART,1428,62,952,414,0
Franklin,Carnesville,Sheriff,,D,RONALD HART,172,11,77,84,0
Franklin,Ashland,Sheriff,,D,RONALD HART,24,0,12,12,0
Franklin,Strange,Sheriff,,D,RONALD HART,77,2,55,20,0
Franklin,Flintsville,Sheriff,,D,RONALD HART,125,2,104,19,0
Franklin,Red Hill,Sheriff,,D,RONALD HART,58,6,41,11,0
Franklin,Welborn,Sheriff,,D,RONALD HART,90,5,71,14,0
Franklin,Gumlog,Sheriff,,D,RONALD HART,195,9,122,64,0
Franklin,Lavonia,Sheriff,,D,RONALD HART,223,10,135,78,0
Franklin,Canon,Sheriff,,D,RONALD HART,87,1,71,15,0
Franklin,Royston,Sheriff,,D,RONALD HART,180,7,125,48,0
Franklin,Middle River,Sheriff,,D,RONALD HART,125,7,86,32,0
Franklin,Dooley,Sheriff,,D,RONALD HART,23,1,14,8,0
Franklin,Gunnells,Sheriff,,D,RONALD HART,49,1,39,9,0
Franklin,,Tax Commissioner,,(R,BOBBY MARTIN (I),6770,311,4283,2174,2
Franklin,Carnesville,Tax Commissioner,,(R,BOBBY MARTIN (I),820,38,379,402,1
Franklin,Ashland,Tax Commissioner,,(R,BOBBY MARTIN (I),140,6,87,47,0
Franklin,Strange,Tax Commissioner,,(R,BOBBY MARTIN (I),388,13,267,108,0
Franklin,Flintsville,Tax Commissioner,,(R,BOBBY MARTIN (I),323,9,234,80,0
Franklin,Red Hill,Tax Commissioner,,(R,BOBBY MARTIN (I),278,19,179,80,0
Franklin,Welborn,Tax Commissioner,,(R,BOBBY MARTIN (I),471,13,365,93,0
Franklin,Gumlog,Tax Commissioner,,(R,BOBBY MARTIN (I),763,61,449,253,0
Franklin,Lavonia,Tax Commissioner,,(R,BOBBY MARTIN (I),953,50,554,349,0
Franklin,Canon,Tax Commissioner,,(R,BOBBY MARTIN (I),565,17,411,136,1
Franklin,Royston,Tax Commissioner,,(R,BOBBY MARTIN (I),956,43,557,356,0
Franklin,Middle River,Tax Commissioner,,(R,BOBBY MARTIN (I),577,25,417,135,0
Franklin,Dooley,Tax Commissioner,,(R,BOBBY MARTIN (I),235,7,160,68,0
Franklin,Gunnells,Tax Commissioner,,(R,BOBBY MARTIN (I),301,10,224,67,0
Franklin,,Coroner,,(R,DAVID PRESSLEY (I),6749,308,4270,2169,2
Franklin,Carnesville,Coroner,,(R,DAVID PRESSLEY (I),820,38,379,402,1
Franklin,Ashland,Coroner,,(R,DAVID PRESSLEY (I),141,6,85,50,0
Franklin,Strange,Coroner,,(R,DAVID PRESSLEY (I),378,12,261,105,0
Franklin,Flintsville,Coroner,,(R,DAVID PRESSLEY (I),325,9,234,82,0
Franklin,Red Hill,Coroner,,(R,DAVID PRESSLEY (I),281,19,184,78,0
Franklin,Welborn,Coroner,,(R,DAVID PRESSLEY (I),469,13,368,88,0
Franklin,Gumlog,Coroner,,(R,DAVID PRESSLEY (I),761,59,445,257,0
Franklin,Lavonia,Coroner,,(R,DAVID PRESSLEY (I),938,49,542,347,0
Franklin,Canon,Coroner,,(R,DAVID PRESSLEY (I),574,19,416,138,1
Franklin,Royston,Coroner,,(R,DAVID PRESSLEY (I),960,43,558,359,0
Franklin,Middle River,Coroner,,(R,DAVID PRESSLEY (I),577,24,418,135,0
Franklin,Dooley,Coroner,,(R,DAVID PRESSLEY (I),231,7,157,67,0
Franklin,Gunnells,Coroner,,(R,DAVID PRESSLEY (I),294,10,223,61,0
Franklin,,County Comm Chair,,R,J. THOMAS BRIDGES,6658,302,4220,2134,2
Franklin,Carnesville,County Comm Chair,,R,J. THOMAS BRIDGES,817,37,382,397,1
Franklin,Ashland,County Comm Chair,,R,J. THOMAS BRIDGES,138,6,82,50,0
Franklin,Strange,County Comm Chair,,R,J. THOMAS BRIDGES,365,13,250,102,0
Franklin,Flintsville,County Comm Chair,,R,J. THOMAS BRIDGES,315,8,230,77,0
Franklin,Red Hill,County Comm Chair,,R,J. THOMAS BRIDGES,278,19,179,80,0
Franklin,Welborn,County Comm Chair,,R,J. THOMAS BRIDGES,465,13,364,88,0
Franklin,Gumlog,County Comm Chair,,R,J. THOMAS BRIDGES,753,59,445,249,0
Franklin,Lavonia,County Comm Chair,,R,J. THOMAS BRIDGES,927,48,537,342,0
Franklin,Canon,County Comm Chair,,R,J. THOMAS BRIDGES,573,15,415,142,1
Franklin,Royston,County Comm Chair,,R,J. THOMAS BRIDGES,925,42,541,342,0
Franklin,Middle River,County Comm Chair,,R,J. THOMAS BRIDGES,568,25,411,132,0
Franklin,Dooley,County Comm Chair,,R,J. THOMAS BRIDGES,234,7,158,69,0
Franklin,Gunnells,County Comm Chair,,R,J. THOMAS BRIDGES,300,10,226,64,0
Franklin,,County Comm 1,,R,ROBERT FRANKLIN,6656,298,4208,2148,2
Franklin,Carnesville,County Comm 1,,R,ROBERT FRANKLIN,823,37,383,402,1
Franklin,Ashland,County Comm 1,,R,ROBERT FRANKLIN,144,6,86,52,0
Franklin,Strange,County Comm 1,,R,ROBERT FRANKLIN,372,12,256,104,0
Franklin,Flintsville,County Comm 1,,R,ROBERT FRANKLIN,317,7,231,79,0
Franklin,Red Hill,County Comm 1,,R,ROBERT FRANKLIN,284,20,182,82,0
Franklin,Welborn,County Comm 1,,R,ROBERT FRANKLIN,467,12,365,90,0
Franklin,Gumlog,County Comm 1,,R,ROBERT FRANKLIN,754,60,439,255,0
Franklin,Lavonia,County Comm 1,,R,ROBERT FRANKLIN,921,51,527,343,0
Franklin,Canon,County Comm 1,,R,ROBERT FRANKLIN,561,15,409,136,1
Franklin,Royston,County Comm 1,,R,ROBERT FRANKLIN,923,37,543,343,0
Franklin,Middle River,County Comm 1,,R,ROBERT FRANKLIN,565,25,409,131,0
Franklin,Dooley,County Comm 1,,R,ROBERT FRANKLIN,236,7,160,69,0
Franklin,Gunnells,County Comm 1,,R,ROBERT FRANKLIN,289,9,218,62,0
Franklin,,County Comm 2,,R,D. STRICKLAND,6563,293,4156,2112,2
Franklin,Carnesville,County Comm 2,,R,D. STRICKLAND,806,36,371,398,1
Franklin,Ashland,County Comm 2,,R,D. STRICKLAND,140,6,84,50,0
Franklin,Strange,County Comm 2,,R,D. STRICKLAND,367,12,252,103,0
Franklin,Flintsville,County Comm 2,,R,D. STRICKLAND,312,7,227,78,0
Franklin,Red Hill,County Comm 2,,R,D. STRICKLAND,279,20,178,81,0
Franklin,Welborn,County Comm 2,,R,D. STRICKLAND,471,13,366,92,0
Franklin,Gumlog,County Comm 2,,R,D. STRICKLAND,750,59,440,251,0
Franklin,Lavonia,County Comm 2,,R,D. STRICKLAND,905,47,515,343,0
Franklin,Canon,County Comm 2,,R,D. STRICKLAND,559,14,409,135,1
Franklin,Royston,County Comm 2,,R,D. STRICKLAND,912,39,541,332,0
Franklin,Middle River,County Comm 2,,R,D. STRICKLAND,552,24,405,123,0
Franklin,Dooley,County Comm 2,,R,D. STRICKLAND,225,7,152,66,0
Franklin,Gunnells,County Comm 2,,R,D. STRICKLAND,285,9,216,60,0
Franklin,,BOE 1,,(R,JOE GREENE (I),6554,293,4145,2114,2
Franklin,Carnesville,BOE 1,,(R,JOE GREENE (I),804,34,377,392,1
Franklin,Ashland,BOE 1,,(R,JOE GREENE (I),139,6,83,50,0
Franklin,Strange,BOE 1,,(R,JOE GREENE (I),368,12,252,104,0
Franklin,Flintsville,BOE 1,,(R,JOE GREENE (I),312,8,225,79,0
Franklin,Red Hill,BOE 1,,(R,JOE GREENE (I),270,20,174,76,0
Franklin,Welborn,BOE 1,,(R,JOE GREENE (I),463,12,362,89,0
Franklin,Gumlog,BOE 1,,(R,JOE GREENE (I),746,60,439,247,0
Franklin,Lavonia,BOE 1,,(R,JOE GREENE (I),914,47,529,338,0
Franklin,Canon,BOE 1,,(R,JOE GREENE (I),548,15,399,133,1
Franklin,Royston,BOE 1,,(R,JOE GREENE (I),916,39,530,347,0
Franklin,Middle River,BOE 1,,(R,JOE GREENE (I),561,25,404,132,0
Franklin,Dooley,BOE 1,,(R,JOE GREENE (I),222,7,152,63,0
Franklin,Gunnells,BOE 1,,(R,JOE GREENE (I),291,8,219,64,0
Franklin,,BOE 2,,(R,PAM STONE (I),6574,304,4149,2119,2
Franklin,Carnesville,BOE 2,,(R,PAM STONE (I),799,36,370,392,1
Franklin,Ashland,BOE 2,,(R,PAM STONE (I),138,6,82,50,0
Franklin,Strange,BOE 2,,(R,PAM STONE (I),371,13,253,105,0
Franklin,Flintsville,BOE 2,,(R,PAM STONE (I),309,9,221,79,0
Franklin,Red Hill,BOE 2,,(R,PAM STONE (I),270,19,175,76,0
Franklin,Welborn,BOE 2,,(R,PAM STONE (I),467,13,366,88,0
Franklin,Gumlog,BOE 2,,(R,PAM STONE (I),754,63,441,250,0
Franklin,Lavonia,BOE 2,,(R,PAM STONE (I),941,48,549,344,0
Franklin,Canon,BOE 2,,(R,PAM STONE (I),549,16,397,135,1
Franklin,Royston,BOE 2,,(R,PAM STONE (I),913,41,531,341,0
Franklin,Middle River,BOE 2,,(R,PAM STONE (I),557,24,401,132,0
Franklin,Dooley,BOE 2,,(R,PAM STONE (I),217,7,146,64,0
Franklin,Gunnells,BOE 2,,(R,PAM STONE (I),289,9,217,63,0
Franklin,,Constitutional Amendment #1<br>Shall the Constitution be amended to allow state or local approval of public charter schools upon the request of local communities?,,,YES,3659,167,2299,1191,2
Franklin,Carnesville,Constitutional Amendment #1<br>Shall the Constitution be amended to allow state or local approval of public charter schools upon the request of local communities?,,,YES,427,21,207,198,1
Franklin,Ashland,Constitutional Amendment #1<br>Shall the Constitution be amended to allow state or local approval of public charter schools upon the request of local communities?,,,YES,78,3,48,27,0
Franklin,Strange,Constitutional Amendment #1<br>Shall the Constitution be amended to allow state or local approval of public charter schools upon the request of local communities?,,,YES,212,8,141,63,0
Franklin,Flintsville,Constitutional Amendment #1<br>Shall the Constitution be amended to allow state or local approval of public charter schools upon the request of local communities?,,,YES,170,2,132,36,0
Franklin,Red Hill,Constitutional Amendment #1<br>Shall the Constitution be amended to allow state or local approval of public charter schools upon the request of local communities?,,,YES,131,8,72,51,0
Franklin,Welborn,Constitutional Amendment #1<br>Shall the Constitution be amended to allow state or local approval of public charter schools upon the request of local communities?,,,YES,252,7,184,61,0
Franklin,Gumlog,Constitutional Amendment #1<br>Shall the Constitution be amended to allow state or local approval of public charter schools upon the request of local communities?,,,YES,472,30,265,177,0
Franklin,Lavonia,Constitutional Amendment #1<br>Shall the Constitution be amended to allow state or local approval of public charter schools upon the request of local communities?,,,YES,496,30,287,179,0
Franklin,Canon,Constitutional Amendment #1<br>Shall the Constitution be amended to allow state or local approval of public charter schools upon the request of local communities?,,,YES,298,6,219,72,1
Franklin,Royston,Constitutional Amendment #1<br>Shall the Constitution be amended to allow state or local approval of public charter schools upon the request of local communities?,,,YES,540,28,323,189,0
Franklin,Middle River,Constitutional Amendment #1<br>Shall the Constitution be amended to allow state or local approval of public charter schools upon the request of local communities?,,,YES,275,14,200,61,0
Franklin,Dooley,Constitutional Amendment #1<br>Shall the Constitution be amended to allow state or local approval of public charter schools upon the request of local communities?,,,YES,134,4,89,41,0
Franklin,Gunnells,Constitutional Amendment #1<br>Shall the Constitution be amended to allow state or local approval of public charter schools upon the request of local communities?,,,YES,174,6,132,36,0
Franklin,,Constitutional Amendment #1<br>Shall the Constitution be amended to allow state or local approval of public charter schools upon the request of local communities?,,,NO,3749,180,2390,1179,0
Franklin,Carnesville,Constitutional Amendment #1<br>Shall the Constitution be amended to allow state or local approval of public charter schools upon the request of local communities?,,,NO,451,16,195,240,0
Franklin,Ashland,Constitutional Amendment #1<br>Shall the Constitution be amended to allow state or local approval of public charter schools upon the request of local communities?,,,NO,65,3,37,25,0
Franklin,Strange,Constitutional Amendment #1<br>Shall the Constitution be amended to allow state or local approval of public charter schools upon the request of local communities?,,,NO,195,4,138,53,0
Franklin,Flintsville,Constitutional Amendment #1<br>Shall the Constitution be amended to allow state or local approval of public charter schools upon the request of local communities?,,,NO,200,7,140,53,0
Franklin,Red Hill,Constitutional Amendment #1<br>Shall the Constitution be amended to allow state or local approval of public charter schools upon the request of local communities?,,,NO,175,12,128,35,0
Franklin,Welborn,Constitutional Amendment #1<br>Shall the Constitution be amended to allow state or local approval of public charter schools upon the request of local communities?,,,NO,263,9,221,33,0
Franklin,Gumlog,Constitutional Amendment #1<br>Shall the Constitution be amended to allow state or local approval of public charter schools upon the request of local communities?,,,NO,374,40,223,111,0
Franklin,Lavonia,Constitutional Amendment #1<br>Shall the Constitution be amended to allow state or local approval of public charter schools upon the request of local communities?,,,NO,568,34,329,205,0
Franklin,Canon,Constitutional Amendment #1<br>Shall the Constitution be amended to allow state or local approval of public charter schools upon the request of local communities?,,,NO,329,15,237,77,0
Franklin,Royston,Constitutional Amendment #1<br>Shall the Constitution be amended to allow state or local approval of public charter schools upon the request of local communities?,,,NO,522,23,300,199,0
Franklin,Middle River,Constitutional Amendment #1<br>Shall the Constitution be amended to allow state or local approval of public charter schools upon the request of local communities?,,,NO,342,11,249,82,0
Franklin,Dooley,Constitutional Amendment #1<br>Shall the Constitution be amended to allow state or local approval of public charter schools upon the request of local communities?,,,NO,113,3,78,32,0
Franklin,Gunnells,Constitutional Amendment #1<br>Shall the Constitution be amended to allow state or local approval of public charter schools upon the request of local communities?,,,NO,152,3,115,34,0
Franklin,,Constitutional Amendment #2<br>Shall the Constitution be amended so as to provide for a reduction in the state's operating costs by allowing the General Assembly to authorize certain state agencies to enter into multiyear rental agreements?,,,YES,4048,208,2511,1327,2
Franklin,Carnesville,Constitutional Amendment #2<br>Shall the Constitution be amended so as to provide for a reduction in the state's operating costs by allowing the General Assembly to authorize certain state agencies to enter into multiyear rental agreements?,,,YES,471,21,227,222,1
Franklin,Ashland,Constitutional Amendment #2<br>Shall the Constitution be amended so as to provide for a reduction in the state's operating costs by allowing the General Assembly to authorize certain state agencies to enter into multiyear rental agreements?,,,YES,79,2,51,26,0
Franklin,Strange,Constitutional Amendment #2<br>Shall the Constitution be amended so as to provide for a reduction in the state's operating costs by allowing the General Assembly to authorize certain state agencies to enter into multiyear rental agreements?,,,YES,200,6,132,62,0
Franklin,Flintsville,Constitutional Amendment #2<br>Shall the Constitution be amended so as to provide for a reduction in the state's operating costs by allowing the General Assembly to authorize certain state agencies to enter into multiyear rental agreements?,,,YES,186,3,133,50,0
Franklin,Red Hill,Constitutional Amendment #2<br>Shall the Constitution be amended so as to provide for a reduction in the state's operating costs by allowing the General Assembly to authorize certain state agencies to enter into multiyear rental agreements?,,,YES,156,8,99,49,0
Franklin,Welborn,Constitutional Amendment #2<br>Shall the Constitution be amended so as to provide for a reduction in the state's operating costs by allowing the General Assembly to authorize certain state agencies to enter into multiyear rental agreements?,,,YES,254,6,192,56,0
Franklin,Gumlog,Constitutional Amendment #2<br>Shall the Constitution be amended so as to provide for a reduction in the state's operating costs by allowing the General Assembly to authorize certain state agencies to enter into multiyear rental agreements?,,,YES,503,47,283,173,0
Franklin,Lavonia,Constitutional Amendment #2<br>Shall the Constitution be amended so as to provide for a reduction in the state's operating costs by allowing the General Assembly to authorize certain state agencies to enter into multiyear rental agreements?,,,YES,590,42,330,218,0
Franklin,Canon,Constitutional Amendment #2<br>Shall the Constitution be amended so as to provide for a reduction in the state's operating costs by allowing the General Assembly to authorize certain state agencies to enter into multiyear rental agreements?,,,YES,348,12,246,89,1
Franklin,Royston,Constitutional Amendment #2<br>Shall the Constitution be amended so as to provide for a reduction in the state's operating costs by allowing the General Assembly to authorize certain state agencies to enter into multiyear rental agreements?,,,YES,597,31,352,214,0
Franklin,Middle River,Constitutional Amendment #2<br>Shall the Constitution be amended so as to provide for a reduction in the state's operating costs by allowing the General Assembly to authorize certain state agencies to enter into multiyear rental agreements?,,,YES,325,16,233,76,0
Franklin,Dooley,Constitutional Amendment #2<br>Shall the Constitution be amended so as to provide for a reduction in the state's operating costs by allowing the General Assembly to authorize certain state agencies to enter into multiyear rental agreements?,,,YES,148,6,91,51,0
Franklin,Gunnells,Constitutional Amendment #2<br>Shall the Constitution be amended so as to provide for a reduction in the state's operating costs by allowing the General Assembly to authorize certain state agencies to enter into multiyear rental agreements?,,,YES,191,8,142,41,0
Franklin,,Constitutional Amendment #2<br>Shall the Constitution be amended so as to provide for a reduction in the state's operating costs by allowing the General Assembly to authorize certain state agencies to enter into multiyear rental agreements?,,,NO,3192,130,2075,987,0
Franklin,Carnesville,Constitutional Amendment #2<br>Shall the Constitution be amended so as to provide for a reduction in the state's operating costs by allowing the General Assembly to authorize certain state agencies to enter into multiyear rental agreements?,,,NO,387,17,166,204,0
Franklin,Ashland,Constitutional Amendment #2<br>Shall the Constitution be amended so as to provide for a reduction in the state's operating costs by allowing the General Assembly to authorize certain state agencies to enter into multiyear rental agreements?,,,NO,61,4,32,25,0
Franklin,Strange,Constitutional Amendment #2<br>Shall the Constitution be amended so as to provide for a reduction in the state's operating costs by allowing the General Assembly to authorize certain state agencies to enter into multiyear rental agreements?,,,NO,198,7,142,49,0
Franklin,Flintsville,Constitutional Amendment #2<br>Shall the Constitution be amended so as to provide for a reduction in the state's operating costs by allowing the General Assembly to authorize certain state agencies to enter into multiyear rental agreements?,,,NO,170,6,130,34,0
Franklin,Red Hill,Constitutional Amendment #2<br>Shall the Constitution be amended so as to provide for a reduction in the state's operating costs by allowing the General Assembly to authorize certain state agencies to enter into multiyear rental agreements?,,,NO,140,10,95,35,0
Franklin,Welborn,Constitutional Amendment #2<br>Shall the Constitution be amended so as to provide for a reduction in the state's operating costs by allowing the General Assembly to authorize certain state agencies to enter into multiyear rental agreements?,,,NO,246,7,201,38,0
Franklin,Gumlog,Constitutional Amendment #2<br>Shall the Constitution be amended so as to provide for a reduction in the state's operating costs by allowing the General Assembly to authorize certain state agencies to enter into multiyear rental agreements?,,,NO,336,22,210,104,0
Franklin,Lavonia,Constitutional Amendment #2<br>Shall the Constitution be amended so as to provide for a reduction in the state's operating costs by allowing the General Assembly to authorize certain state agencies to enter into multiyear rental agreements?,,,NO,467,23,279,165,0
Franklin,Canon,Constitutional Amendment #2<br>Shall the Constitution be amended so as to provide for a reduction in the state's operating costs by allowing the General Assembly to authorize certain state agencies to enter into multiyear rental agreements?,,,NO,260,7,197,56,0
Franklin,Royston,Constitutional Amendment #2<br>Shall the Constitution be amended so as to provide for a reduction in the state's operating costs by allowing the General Assembly to authorize certain state agencies to enter into multiyear rental agreements?,,,NO,431,18,251,162,0
Franklin,Middle River,Constitutional Amendment #2<br>Shall the Constitution be amended so as to provide for a reduction in the state's operating costs by allowing the General Assembly to authorize certain state agencies to enter into multiyear rental agreements?,,,NO,281,7,206,68,0
Franklin,Dooley,Constitutional Amendment #2<br>Shall the Constitution be amended so as to provide for a reduction in the state's operating costs by allowing the General Assembly to authorize certain state agencies to enter into multiyear rental agreements?,,,NO,99,1,76,22,0
Franklin,Gunnells,Constitutional Amendment #2<br>Shall the Constitution be amended so as to provide for a reduction in the state's operating costs by allowing the General Assembly to authorize certain state agencies to enter into multiyear rental agreements?,,,NO,116,1,90,25,0
