county,precinct,office,district,party,candidate,votes,absentee_by_mail,election_day,advance_in_person,provisional
Dougherty,,President of the United States,,R,MITT ROMNEY,11449,634,6858,3951,6
Dougherty,Palmyra Rd Meth Church,President of the United States,,R,MITT ROMNEY,809,42,485,280,2
Dougherty,Sherwood Elem School,President of the United States,,R,MITT ROMNEY,842,70,482,289,1
Dougherty,Covenant Pres Church,President of the United States,,R,MITT ROMNEY,865,41,556,268,0
Dougherty,Beattie Rd Church,President of the United States,,R,MITT ROMNEY,1661,88,970,603,0
Dougherty,Westover High School,President of the United States,,R,MITT ROMNEY,1199,88,643,468,0
Dougherty,Merry Acres Middle,President of the United States,,R,MITT ROMNEY,1063,52,608,403,0
Dougherty,Darton College,President of the United States,,R,MITT ROMNEY,616,38,300,278,0
Dougherty,Westtown Elem School,President of the United States,,R,MITT ROMNEY,94,5,46,43,0
Dougherty,Second Mt. Zion,President of the United States,,R,MITT ROMNEY,536,21,377,138,0
Dougherty,Mt. Zion Center,President of the United States,,R,MITT ROMNEY,15,1,11,3,0
Dougherty,Alice Coachman Elem,President of the United States,,R,MITT ROMNEY,10,0,9,1,0
Dougherty,Carver Teen Center,President of the United States,,R,MITT ROMNEY,6,0,3,3,0
Dougherty,Shiloh Baptist Church,President of the United States,,R,MITT ROMNEY,10,1,2,7,0
Dougherty,Litman Cathedral,President of the United States,,R,MITT ROMNEY,35,7,19,9,0
Dougherty,Phoebe Edu. Bldg,President of the United States,,R,MITT ROMNEY,125,4,69,52,0
Dougherty,Turner Elem School,President of the United States,,R,MITT ROMNEY,23,2,16,5,0
Dougherty,Jackson Heights Elem,President of the United States,,R,MITT ROMNEY,10,0,5,5,0
Dougherty,Bill Miller Center,President of the United States,,R,MITT ROMNEY,103,4,62,37,0
Dougherty,Radium Middle School,President of the United States,,R,MITT ROMNEY,152,7,102,43,0
Dougherty,Putney 1st Bapt Church,President of the United States,,R,MITT ROMNEY,787,36,573,177,1
Dougherty,International Studie,President of the United States,,R,MITT ROMNEY,147,3,104,40,0
Dougherty,Phoebe East,President of the United States,,R,MITT ROMNEY,177,7,107,63,0
Dougherty,Pine Bluff Bapt Church,President of the United States,,R,MITT ROMNEY,438,24,290,123,1
Dougherty,Albany Middle School,President of the United States,,R,MITT ROMNEY,55,2,35,18,0
Dougherty,Christ Church,President of the United States,,R,MITT ROMNEY,910,41,560,308,1
Dougherty,Lamar Reese Elem School,President of the United States,,R,MITT ROMNEY,21,0,13,8,0
Dougherty,First Christian Church,President of the United States,,R,MITT ROMNEY,727,50,405,272,0
Dougherty,A S U HPER GYM,President of the United States,,R,MITT ROMNEY,13,0,6,7,0
Dougherty,,President of the United States,,D,BARACK OBAMA (I),26295,1032,13438,11752,73
Dougherty,Palmyra Rd Meth Church,President of the United States,,D,BARACK OBAMA (I),612,38,337,236,1
Dougherty,Sherwood Elem School,President of the United States,,D,BARACK OBAMA (I),1081,32,542,505,2
Dougherty,Covenant Pres Church,President of the United States,,D,BARACK OBAMA (I),610,14,320,274,2
Dougherty,Beattie Rd Church,President of the United States,,D,BARACK OBAMA (I),1138,44,485,608,1
Dougherty,Westover High School,President of the United States,,D,BARACK OBAMA (I),1128,37,498,593,0
Dougherty,Merry Acres Middle,President of the United States,,D,BARACK OBAMA (I),557,28,285,244,0
Dougherty,Darton College,President of the United States,,D,BARACK OBAMA (I),1814,61,727,1022,4
Dougherty,Westtown Elem School,President of the United States,,D,BARACK OBAMA (I),2057,92,903,1059,3
Dougherty,Second Mt. Zion,President of the United States,,D,BARACK OBAMA (I),439,21,226,192,0
Dougherty,Mt. Zion Center,President of the United States,,D,BARACK OBAMA (I),2110,109,1070,926,5
Dougherty,Alice Coachman Elem,President of the United States,,D,BARACK OBAMA (I),578,25,301,252,0
Dougherty,Carver Teen Center,President of the United States,,D,BARACK OBAMA (I),897,41,523,321,12
Dougherty,Shiloh Baptist Church,President of the United States,,D,BARACK OBAMA (I),795,49,435,304,7
Dougherty,Litman Cathedral,President of the United States,,D,BARACK OBAMA (I),744,11,462,271,0
Dougherty,Phoebe Edu. Bldg,President of the United States,,D,BARACK OBAMA (I),649,32,369,247,1
Dougherty,Turner Elem School,President of the United States,,D,BARACK OBAMA (I),500,15,308,167,10
Dougherty,Jackson Heights Elem,President of the United States,,D,BARACK OBAMA (I),1522,103,851,563,5
Dougherty,Bill Miller Center,President of the United States,,D,BARACK OBAMA (I),1221,22,659,537,3
Dougherty,Radium Middle School,President of the United States,,D,BARACK OBAMA (I),309,9,169,131,0
Dougherty,Putney 1st Bapt Church,President of the United States,,D,BARACK OBAMA (I),919,31,411,476,1
Dougherty,International Studie,President of the United States,,D,BARACK OBAMA (I),432,19,167,246,0
Dougherty,Phoebe East,President of the United States,,D,BARACK OBAMA (I),1436,43,761,629,3
Dougherty,Pine Bluff Bapt Church,President of the United States,,D,BARACK OBAMA (I),868,35,407,424,2
Dougherty,Albany Middle School,President of the United States,,D,BARACK OBAMA (I),1014,35,581,392,6
Dougherty,Christ Church,President of the United States,,D,BARACK OBAMA (I),417,15,149,253,0
Dougherty,Lamar Reese Elem School,President of the United States,,D,BARACK OBAMA (I),713,24,327,361,1
Dougherty,First Christian Church,President of the United States,,D,BARACK OBAMA (I),370,22,171,177,0
Dougherty,A S U HPER GYM,President of the United States,,D,BARACK OBAMA (I),1365,25,994,342,4
Dougherty,,President of the United States,,LIB,GARY JOHNSON,172,2,119,51,0
Dougherty,Palmyra Rd Meth Church,President of the United States,,LIB,GARY JOHNSON,13,0,12,1,0
Dougherty,Sherwood Elem School,President of the United States,,LIB,GARY JOHNSON,14,0,7,7,0
Dougherty,Covenant Pres Church,President of the United States,,LIB,GARY JOHNSON,8,0,4,4,0
Dougherty,Beattie Rd Church,President of the United States,,LIB,GARY JOHNSON,12,0,8,4,0
Dougherty,Westover High School,President of the United States,,LIB,GARY JOHNSON,9,0,9,0,0
Dougherty,Merry Acres Middle,President of the United States,,LIB,GARY JOHNSON,22,0,14,8,0
Dougherty,Darton College,President of the United States,,LIB,GARY JOHNSON,9,1,6,2,0
Dougherty,Westtown Elem School,President of the United States,,LIB,GARY JOHNSON,5,0,0,5,0
Dougherty,Second Mt. Zion,President of the United States,,LIB,GARY JOHNSON,6,0,5,1,0
Dougherty,Mt. Zion Center,President of the United States,,LIB,GARY JOHNSON,3,0,1,2,0
Dougherty,Alice Coachman Elem,President of the United States,,LIB,GARY JOHNSON,0,0,0,0,0
Dougherty,Carver Teen Center,President of the United States,,LIB,GARY JOHNSON,0,0,0,0,0
Dougherty,Shiloh Baptist Church,President of the United States,,LIB,GARY JOHNSON,1,0,1,0,0
Dougherty,Litman Cathedral,President of the United States,,LIB,GARY JOHNSON,3,0,2,1,0
Dougherty,Phoebe Edu. Bldg,President of the United States,,LIB,GARY JOHNSON,6,1,4,1,0
Dougherty,Turner Elem School,President of the United States,,LIB,GARY JOHNSON,0,0,0,0,0
Dougherty,Jackson Heights Elem,President of the United States,,LIB,GARY JOHNSON,0,0,0,0,0
Dougherty,Bill Miller Center,President of the United States,,LIB,GARY JOHNSON,4,0,3,1,0
Dougherty,Radium Middle School,President of the United States,,LIB,GARY JOHNSON,3,0,3,0,0
Dougherty,Putney 1st Bapt Church,President of the United States,,LIB,GARY JOHNSON,7,0,6,1,0
Dougherty,International Studie,President of the United States,,LIB,GARY JOHNSON,1,0,1,0,0
Dougherty,Phoebe East,President of the United States,,LIB,GARY JOHNSON,3,0,2,1,0
Dougherty,Pine Bluff Bapt Church,President of the United States,,LIB,GARY JOHNSON,8,0,7,1,0
Dougherty,Albany Middle School,President of the United States,,LIB,GARY JOHNSON,4,0,3,1,0
Dougherty,Christ Church,President of the United States,,LIB,GARY JOHNSON,10,0,7,3,0
Dougherty,Lamar Reese Elem School,President of the United States,,LIB,GARY JOHNSON,1,0,1,0,0
Dougherty,First Christian Church,President of the United States,,LIB,GARY JOHNSON,18,0,12,6,0
Dougherty,A S U HPER GYM,President of the United States,,LIB,GARY JOHNSON,2,0,1,1,0
Dougherty,,"Public Service Commission, District 3",3,R,CHUCK EATON (I),10275,600,5932,3733,10
Dougherty,Palmyra Rd Meth Church,"Public Service Commission, District 3",3,R,CHUCK EATON (I),660,36,388,236,0
Dougherty,Sherwood Elem School,"Public Service Commission, District 3",3,R,CHUCK EATON (I),679,62,382,234,1
Dougherty,Covenant Pres Church,"Public Service Commission, District 3",3,R,CHUCK EATON (I),712,37,446,228,1
Dougherty,Beattie Rd Church,"Public Service Commission, District 3",3,R,CHUCK EATON (I),1475,82,836,556,1
Dougherty,Westover High School,"Public Service Commission, District 3",3,R,CHUCK EATON (I),1049,79,534,436,0
Dougherty,Merry Acres Middle,"Public Service Commission, District 3",3,R,CHUCK EATON (I),886,49,484,353,0
Dougherty,Darton College,"Public Service Commission, District 3",3,R,CHUCK EATON (I),571,35,271,265,0
Dougherty,Westtown Elem School,"Public Service Commission, District 3",3,R,CHUCK EATON (I),152,9,75,68,0
Dougherty,Second Mt. Zion,"Public Service Commission, District 3",3,R,CHUCK EATON (I),416,23,283,110,0
Dougherty,Mt. Zion Center,"Public Service Commission, District 3",3,R,CHUCK EATON (I),141,4,88,47,2
Dougherty,Alice Coachman Elem,"Public Service Commission, District 3",3,R,CHUCK EATON (I),30,2,19,9,0
Dougherty,Carver Teen Center,"Public Service Commission, District 3",3,R,CHUCK EATON (I),36,0,20,14,2
Dougherty,Shiloh Baptist Church,"Public Service Commission, District 3",3,R,CHUCK EATON (I),34,1,17,16,0
Dougherty,Litman Cathedral,"Public Service Commission, District 3",3,R,CHUCK EATON (I),51,5,32,14,0
Dougherty,Phoebe Edu. Bldg,"Public Service Commission, District 3",3,R,CHUCK EATON (I),132,6,71,55,0
Dougherty,Turner Elem School,"Public Service Commission, District 3",3,R,CHUCK EATON (I),40,1,30,8,1
Dougherty,Jackson Heights Elem,"Public Service Commission, District 3",3,R,CHUCK EATON (I),61,3,31,27,0
Dougherty,Bill Miller Center,"Public Service Commission, District 3",3,R,CHUCK EATON (I),126,4,73,49,0
Dougherty,Radium Middle School,"Public Service Commission, District 3",3,R,CHUCK EATON (I),133,4,88,41,0
Dougherty,Putney 1st Bapt Church,"Public Service Commission, District 3",3,R,CHUCK EATON (I),615,33,424,157,1
Dougherty,International Studie,"Public Service Commission, District 3",3,R,CHUCK EATON (I),133,5,89,39,0
Dougherty,Phoebe East,"Public Service Commission, District 3",3,R,CHUCK EATON (I),200,10,110,79,1
Dougherty,Pine Bluff Bapt Church,"Public Service Commission, District 3",3,R,CHUCK EATON (I),345,21,224,100,0
Dougherty,Albany Middle School,"Public Service Commission, District 3",3,R,CHUCK EATON (I),63,2,43,18,0
Dougherty,Christ Church,"Public Service Commission, District 3",3,R,CHUCK EATON (I),798,37,476,285,0
Dougherty,Lamar Reese Elem School,"Public Service Commission, District 3",3,R,CHUCK EATON (I),47,1,25,21,0
Dougherty,First Christian Church,"Public Service Commission, District 3",3,R,CHUCK EATON (I),642,48,337,257,0
Dougherty,A S U HPER GYM,"Public Service Commission, District 3",3,R,CHUCK EATON (I),48,1,36,11,0
Dougherty,,"Public Service Commission, District 3",3,D,STEPHEN OPPENHEIMER,22703,940,11746,9960,57
Dougherty,Palmyra Rd Meth Church,"Public Service Commission, District 3",3,D,STEPHEN OPPENHEIMER,581,26,336,219,0
Dougherty,Sherwood Elem School,"Public Service Commission, District 3",3,D,STEPHEN OPPENHEIMER,1036,35,535,464,2
Dougherty,Covenant Pres Church,"Public Service Commission, District 3",3,D,STEPHEN OPPENHEIMER,581,10,320,250,1
Dougherty,Beattie Rd Church,"Public Service Commission, District 3",3,D,STEPHEN OPPENHEIMER,1083,37,494,552,0
Dougherty,Westover High School,"Public Service Commission, District 3",3,D,STEPHEN OPPENHEIMER,1044,32,476,536,0
Dougherty,Merry Acres Middle,"Public Service Commission, District 3",3,D,STEPHEN OPPENHEIMER,547,22,307,218,0
Dougherty,Darton College,"Public Service Commission, District 3",3,D,STEPHEN OPPENHEIMER,1609,61,648,896,4
Dougherty,Westtown Elem School,"Public Service Commission, District 3",3,D,STEPHEN OPPENHEIMER,1734,83,754,894,3
Dougherty,Second Mt. Zion,"Public Service Commission, District 3",3,D,STEPHEN OPPENHEIMER,432,19,244,169,0
Dougherty,Mt. Zion Center,"Public Service Commission, District 3",3,D,STEPHEN OPPENHEIMER,1608,104,777,724,3
Dougherty,Alice Coachman Elem,"Public Service Commission, District 3",3,D,STEPHEN OPPENHEIMER,476,21,252,203,0
Dougherty,Carver Teen Center,"Public Service Commission, District 3",3,D,STEPHEN OPPENHEIMER,686,40,388,250,8
Dougherty,Shiloh Baptist Church,"Public Service Commission, District 3",3,D,STEPHEN OPPENHEIMER,638,47,363,221,7
Dougherty,Litman Cathedral,"Public Service Commission, District 3",3,D,STEPHEN OPPENHEIMER,596,9,368,219,0
Dougherty,Phoebe Edu. Bldg,"Public Service Commission, District 3",3,D,STEPHEN OPPENHEIMER,500,27,283,189,1
Dougherty,Turner Elem School,"Public Service Commission, District 3",3,D,STEPHEN OPPENHEIMER,395,16,239,132,8
Dougherty,Jackson Heights Elem,"Public Service Commission, District 3",3,D,STEPHEN OPPENHEIMER,1247,93,712,437,5
Dougherty,Bill Miller Center,"Public Service Commission, District 3",3,D,STEPHEN OPPENHEIMER,1027,22,548,456,1
Dougherty,Radium Middle School,"Public Service Commission, District 3",3,D,STEPHEN OPPENHEIMER,282,11,156,115,0
Dougherty,Putney 1st Bapt Church,"Public Service Commission, District 3",3,D,STEPHEN OPPENHEIMER,893,29,434,430,0
Dougherty,International Studie,"Public Service Commission, District 3",3,D,STEPHEN OPPENHEIMER,377,15,152,210,0
Dougherty,Phoebe East,"Public Service Commission, District 3",3,D,STEPHEN OPPENHEIMER,1229,37,664,526,2
Dougherty,Pine Bluff Bapt Church,"Public Service Commission, District 3",3,D,STEPHEN OPPENHEIMER,768,33,361,371,3
Dougherty,Albany Middle School,"Public Service Commission, District 3",3,D,STEPHEN OPPENHEIMER,815,35,454,320,6
Dougherty,Christ Church,"Public Service Commission, District 3",3,D,STEPHEN OPPENHEIMER,392,14,156,222,0
Dougherty,Lamar Reese Elem School,"Public Service Commission, District 3",3,D,STEPHEN OPPENHEIMER,561,23,261,277,0
Dougherty,First Christian Church,"Public Service Commission, District 3",3,D,STEPHEN OPPENHEIMER,344,18,172,154,0
Dougherty,A S U HPER GYM,"Public Service Commission, District 3",3,D,STEPHEN OPPENHEIMER,1222,21,892,306,3
Dougherty,,"Public Service Commission, District 3",3,L,BRAD PLOEGER,638,23,401,212,2
Dougherty,Palmyra Rd Meth Church,"Public Service Commission, District 3",3,L,BRAD PLOEGER,42,2,24,15,1
Dougherty,Sherwood Elem School,"Public Service Commission, District 3",3,L,BRAD PLOEGER,42,1,23,18,0
Dougherty,Covenant Pres Church,"Public Service Commission, District 3",3,L,BRAD PLOEGER,37,2,25,10,0
Dougherty,Beattie Rd Church,"Public Service Commission, District 3",3,L,BRAD PLOEGER,43,1,25,17,0
Dougherty,Westover High School,"Public Service Commission, District 3",3,L,BRAD PLOEGER,53,2,35,16,0
Dougherty,Merry Acres Middle,"Public Service Commission, District 3",3,L,BRAD PLOEGER,37,2,24,11,0
Dougherty,Darton College,"Public Service Commission, District 3",3,L,BRAD PLOEGER,31,0,19,12,0
Dougherty,Westtown Elem School,"Public Service Commission, District 3",3,L,BRAD PLOEGER,18,2,6,10,0
Dougherty,Second Mt. Zion,"Public Service Commission, District 3",3,L,BRAD PLOEGER,21,0,14,7,0
Dougherty,Mt. Zion Center,"Public Service Commission, District 3",3,L,BRAD PLOEGER,22,0,11,11,0
Dougherty,Alice Coachman Elem,"Public Service Commission, District 3",3,L,BRAD PLOEGER,4,0,2,2,0
Dougherty,Carver Teen Center,"Public Service Commission, District 3",3,L,BRAD PLOEGER,9,0,6,2,1
Dougherty,Shiloh Baptist Church,"Public Service Commission, District 3",3,L,BRAD PLOEGER,10,1,7,2,0
Dougherty,Litman Cathedral,"Public Service Commission, District 3",3,L,BRAD PLOEGER,17,2,9,6,0
Dougherty,Phoebe Edu. Bldg,"Public Service Commission, District 3",3,L,BRAD PLOEGER,20,1,14,5,0
Dougherty,Turner Elem School,"Public Service Commission, District 3",3,L,BRAD PLOEGER,13,0,9,4,0
Dougherty,Jackson Heights Elem,"Public Service Commission, District 3",3,L,BRAD PLOEGER,16,0,12,4,0
Dougherty,Bill Miller Center,"Public Service Commission, District 3",3,L,BRAD PLOEGER,12,0,10,2,0
Dougherty,Radium Middle School,"Public Service Commission, District 3",3,L,BRAD PLOEGER,8,0,6,2,0
Dougherty,Putney 1st Bapt Church,"Public Service Commission, District 3",3,L,BRAD PLOEGER,40,1,30,9,0
Dougherty,International Studie,"Public Service Commission, District 3",3,L,BRAD PLOEGER,7,0,3,4,0
Dougherty,Phoebe East,"Public Service Commission, District 3",3,L,BRAD PLOEGER,23,2,11,10,0
Dougherty,Pine Bluff Bapt Church,"Public Service Commission, District 3",3,L,BRAD PLOEGER,21,1,17,3,0
Dougherty,Albany Middle School,"Public Service Commission, District 3",3,L,BRAD PLOEGER,10,0,8,2,0
Dougherty,Christ Church,"Public Service Commission, District 3",3,L,BRAD PLOEGER,30,2,14,14,0
Dougherty,Lamar Reese Elem School,"Public Service Commission, District 3",3,L,BRAD PLOEGER,8,0,4,4,0
Dougherty,First Christian Church,"Public Service Commission, District 3",3,L,BRAD PLOEGER,27,1,19,7,0
Dougherty,A S U HPER GYM,"Public Service Commission, District 3",3,L,BRAD PLOEGER,17,0,14,3,0
Dougherty,,"Public Service Commission, District 5",5,R,STAN WISE (I),15008,785,8510,5692,21
Dougherty,Palmyra Rd Meth Church,"Public Service Commission, District 5",5,R,STAN WISE (I),829,38,487,303,1
Dougherty,Sherwood Elem School,"Public Service Commission, District 5",5,R,STAN WISE (I),926,69,507,349,1
Dougherty,Covenant Pres Church,"Public Service Commission, District 5",5,R,STAN WISE (I),881,38,560,282,1
Dougherty,Beattie Rd Church,"Public Service Commission, District 5",5,R,STAN WISE (I),1821,93,1000,727,1
Dougherty,Westover High School,"Public Service Commission, District 5",5,R,STAN WISE (I),1334,84,676,574,0
Dougherty,Merry Acres Middle,"Public Service Commission, District 5",5,R,STAN WISE (I),1062,59,596,407,0
Dougherty,Darton College,"Public Service Commission, District 5",5,R,STAN WISE (I),895,50,426,417,2
Dougherty,Westtown Elem School,"Public Service Commission, District 5",5,R,STAN WISE (I),469,26,208,235,0
Dougherty,Second Mt. Zion,"Public Service Commission, District 5",5,R,STAN WISE (I),519,28,350,141,0
Dougherty,Mt. Zion Center,"Public Service Commission, District 5",5,R,STAN WISE (I),406,19,209,176,2
Dougherty,Alice Coachman Elem,"Public Service Commission, District 5",5,R,STAN WISE (I),123,5,76,42,0
Dougherty,Carver Teen Center,"Public Service Commission, District 5",5,R,STAN WISE (I),150,18,78,50,4
Dougherty,Shiloh Baptist Church,"Public Service Commission, District 5",5,R,STAN WISE (I),116,10,52,52,2
Dougherty,Litman Cathedral,"Public Service Commission, District 5",5,R,STAN WISE (I),151,8,98,45,0
Dougherty,Phoebe Edu. Bldg,"Public Service Commission, District 5",5,R,STAN WISE (I),213,9,111,93,0
Dougherty,Turner Elem School,"Public Service Commission, District 5",5,R,STAN WISE (I),110,3,79,28,0
Dougherty,Jackson Heights Elem,"Public Service Commission, District 5",5,R,STAN WISE (I),216,18,118,79,1
Dougherty,Bill Miller Center,"Public Service Commission, District 5",5,R,STAN WISE (I),308,6,176,126,0
Dougherty,Radium Middle School,"Public Service Commission, District 5",5,R,STAN WISE (I),184,7,117,60,0
Dougherty,Putney 1st Bapt Church,"Public Service Commission, District 5",5,R,STAN WISE (I),834,35,567,231,1
Dougherty,International Studie,"Public Service Commission, District 5",5,R,STAN WISE (I),247,11,147,89,0
Dougherty,Phoebe East,"Public Service Commission, District 5",5,R,STAN WISE (I),428,15,250,162,1
Dougherty,Pine Bluff Bapt Church,"Public Service Commission, District 5",5,R,STAN WISE (I),506,23,314,168,1
Dougherty,Albany Middle School,"Public Service Commission, District 5",5,R,STAN WISE (I),202,9,114,76,3
Dougherty,Christ Church,"Public Service Commission, District 5",5,R,STAN WISE (I),920,43,535,342,0
Dougherty,Lamar Reese Elem School,"Public Service Commission, District 5",5,R,STAN WISE (I),141,6,65,70,0
Dougherty,First Christian Church,"Public Service Commission, District 5",5,R,STAN WISE (I),734,49,390,295,0
Dougherty,A S U HPER GYM,"Public Service Commission, District 5",5,R,STAN WISE (I),283,6,204,73,0
Dougherty,,"Public Service Commission, District 5",5,L,DAVID STAPLES,14148,528,7538,6049,33
Dougherty,Palmyra Rd Meth Church,"Public Service Commission, District 5",5,L,DAVID STAPLES,365,20,213,132,0
Dougherty,Sherwood Elem School,"Public Service Commission, District 5",5,L,DAVID STAPLES,655,17,357,280,1
Dougherty,Covenant Pres Church,"Public Service Commission, District 5",5,L,DAVID STAPLES,374,10,193,171,0
Dougherty,Beattie Rd Church,"Public Service Commission, District 5",5,L,DAVID STAPLES,599,25,289,285,0
Dougherty,Westover High School,"Public Service Commission, District 5",5,L,DAVID STAPLES,625,24,292,309,0
Dougherty,Merry Acres Middle,"Public Service Commission, District 5",5,L,DAVID STAPLES,362,10,199,153,0
Dougherty,Darton College,"Public Service Commission, District 5",5,L,DAVID STAPLES,978,26,407,545,0
Dougherty,Westtown Elem School,"Public Service Commission, District 5",5,L,DAVID STAPLES,1046,43,484,516,3
Dougherty,Second Mt. Zion,"Public Service Commission, District 5",5,L,DAVID STAPLES,264,11,148,105,0
Dougherty,Mt. Zion Center,"Public Service Commission, District 5",5,L,DAVID STAPLES,998,58,499,439,2
Dougherty,Alice Coachman Elem,"Public Service Commission, District 5",5,L,DAVID STAPLES,288,15,163,110,0
Dougherty,Carver Teen Center,"Public Service Commission, District 5",5,L,DAVID STAPLES,439,16,267,150,6
Dougherty,Shiloh Baptist Church,"Public Service Commission, District 5",5,L,DAVID STAPLES,427,26,256,140,5
Dougherty,Litman Cathedral,"Public Service Commission, District 5",5,L,DAVID STAPLES,381,8,238,135,0
Dougherty,Phoebe Edu. Bldg,"Public Service Commission, District 5",5,L,DAVID STAPLES,362,19,207,135,1
Dougherty,Turner Elem School,"Public Service Commission, District 5",5,L,DAVID STAPLES,271,8,167,89,7
Dougherty,Jackson Heights Elem,"Public Service Commission, District 5",5,L,DAVID STAPLES,697,43,374,278,2
Dougherty,Bill Miller Center,"Public Service Commission, District 5",5,L,DAVID STAPLES,672,12,382,278,0
Dougherty,Radium Middle School,"Public Service Commission, District 5",5,L,DAVID STAPLES,187,5,110,72,0
Dougherty,Putney 1st Bapt Church,"Public Service Commission, District 5",5,L,DAVID STAPLES,558,18,272,268,0
Dougherty,International Studie,"Public Service Commission, District 5",5,L,DAVID STAPLES,187,7,69,111,0
Dougherty,Phoebe East,"Public Service Commission, District 5",5,L,DAVID STAPLES,772,26,409,336,1
Dougherty,Pine Bluff Bapt Church,"Public Service Commission, District 5",5,L,DAVID STAPLES,468,24,230,213,1
Dougherty,Albany Middle School,"Public Service Commission, District 5",5,L,DAVID STAPLES,542,17,319,204,2
Dougherty,Christ Church,"Public Service Commission, District 5",5,L,DAVID STAPLES,221,9,89,123,0
Dougherty,Lamar Reese Elem School,"Public Service Commission, District 5",5,L,DAVID STAPLES,339,11,153,175,0
Dougherty,First Christian Church,"Public Service Commission, District 5",5,L,DAVID STAPLES,212,8,111,93,0
Dougherty,A S U HPER GYM,"Public Service Commission, District 5",5,L,DAVID STAPLES,859,12,641,204,2
Dougherty,,U.S. Representative,2,R,JOHN HOUSE,9915,583,5750,3575,7
Dougherty,Palmyra Rd Meth Church,U.S. Representative,2,R,JOHN HOUSE,681,36,388,255,2
Dougherty,Sherwood Elem School,U.S. Representative,2,R,JOHN HOUSE,716,65,394,256,1
Dougherty,Covenant Pres Church,U.S. Representative,2,R,JOHN HOUSE,732,33,465,234,0
Dougherty,Beattie Rd Church,U.S. Representative,2,R,JOHN HOUSE,1485,78,855,552,0
Dougherty,Westover High School,U.S. Representative,2,R,JOHN HOUSE,1032,77,537,418,0
Dougherty,Merry Acres Middle,U.S. Representative,2,R,JOHN HOUSE,904,51,503,350,0
Dougherty,Darton College,U.S. Representative,2,R,JOHN HOUSE,556,35,269,252,0
Dougherty,Westtown Elem School,U.S. Representative,2,R,JOHN HOUSE,73,5,28,40,0
Dougherty,Second Mt. Zion,U.S. Representative,2,R,JOHN HOUSE,433,20,292,121,0
Dougherty,Mt. Zion Center,U.S. Representative,2,R,JOHN HOUSE,29,2,16,11,0
Dougherty,Alice Coachman Elem,U.S. Representative,2,R,JOHN HOUSE,19,1,14,4,0
Dougherty,Carver Teen Center,U.S. Representative,2,R,JOHN HOUSE,9,0,4,5,0
Dougherty,Shiloh Baptist Church,U.S. Representative,2,R,JOHN HOUSE,15,1,5,9,0
Dougherty,Litman Cathedral,U.S. Representative,2,R,JOHN HOUSE,38,6,23,9,0
Dougherty,Phoebe Edu. Bldg,U.S. Representative,2,R,JOHN HOUSE,113,5,62,46,0
Dougherty,Turner Elem School,U.S. Representative,2,R,JOHN HOUSE,32,2,18,11,1
Dougherty,Jackson Heights Elem,U.S. Representative,2,R,JOHN HOUSE,14,0,5,9,0
Dougherty,Bill Miller Center,U.S. Representative,2,R,JOHN HOUSE,97,3,57,37,0
Dougherty,Radium Middle School,U.S. Representative,2,R,JOHN HOUSE,125,6,84,35,0
Dougherty,Putney 1st Bapt Church,U.S. Representative,2,R,JOHN HOUSE,644,35,454,155,0
Dougherty,International Studie,U.S. Representative,2,R,JOHN HOUSE,121,3,82,36,0
Dougherty,Phoebe East,U.S. Representative,2,R,JOHN HOUSE,150,9,86,55,0
Dougherty,Pine Bluff Bapt Church,U.S. Representative,2,R,JOHN HOUSE,344,22,218,103,1
Dougherty,Albany Middle School,U.S. Representative,2,R,JOHN HOUSE,56,3,34,19,0
Dougherty,Christ Church,U.S. Representative,2,R,JOHN HOUSE,797,38,475,283,1
Dougherty,Lamar Reese Elem School,U.S. Representative,2,R,JOHN HOUSE,19,0,11,8,0
Dougherty,First Christian Church,U.S. Representative,2,R,JOHN HOUSE,647,47,351,249,0
Dougherty,A S U HPER GYM,U.S. Representative,2,R,JOHN HOUSE,34,0,20,13,1
Dougherty,,U.S. Representative,2,D,SANFORD BISHOP (I),27263,1062,14247,11886,68
Dougherty,Palmyra Rd Meth Church,U.S. Representative,2,D,SANFORD BISHOP (I),720,39,426,254,1
Dougherty,Sherwood Elem School,U.S. Representative,2,D,SANFORD BISHOP (I),1172,37,612,521,2
Dougherty,Covenant Pres Church,U.S. Representative,2,D,SANFORD BISHOP (I),709,20,387,300,2
Dougherty,Beattie Rd Church,U.S. Representative,2,D,SANFORD BISHOP (I),1280,52,582,645,1
Dougherty,Westover High School,U.S. Representative,2,D,SANFORD BISHOP (I),1266,46,591,629,0
Dougherty,Merry Acres Middle,U.S. Representative,2,D,SANFORD BISHOP (I),696,25,387,284,0
Dougherty,Darton College,U.S. Representative,2,D,SANFORD BISHOP (I),1854,64,750,1036,4
Dougherty,Westtown Elem School,U.S. Representative,2,D,SANFORD BISHOP (I),2043,91,899,1050,3
Dougherty,Second Mt. Zion,U.S. Representative,2,D,SANFORD BISHOP (I),517,22,298,197,0
Dougherty,Mt. Zion Center,U.S. Representative,2,D,SANFORD BISHOP (I),2078,108,1056,909,5
Dougherty,Alice Coachman Elem,U.S. Representative,2,D,SANFORD BISHOP (I),569,25,295,249,0
Dougherty,Carver Teen Center,U.S. Representative,2,D,SANFORD BISHOP (I),880,40,513,315,12
Dougherty,Shiloh Baptist Church,U.S. Representative,2,D,SANFORD BISHOP (I),781,49,430,295,7
Dougherty,Litman Cathedral,U.S. Representative,2,D,SANFORD BISHOP (I),728,11,451,266,0
Dougherty,Phoebe Edu. Bldg,U.S. Representative,2,D,SANFORD BISHOP (I),643,32,371,239,1
Dougherty,Turner Elem School,U.S. Representative,2,D,SANFORD BISHOP (I),472,14,294,155,9
Dougherty,Jackson Heights Elem,U.S. Representative,2,D,SANFORD BISHOP (I),1491,103,838,545,5
Dougherty,Bill Miller Center,U.S. Representative,2,D,SANFORD BISHOP (I),1204,23,653,526,2
Dougherty,Radium Middle School,U.S. Representative,2,D,SANFORD BISHOP (I),332,9,189,134,0
Dougherty,Putney 1st Bapt Church,U.S. Representative,2,D,SANFORD BISHOP (I),1041,32,521,487,1
Dougherty,International Studie,U.S. Representative,2,D,SANFORD BISHOP (I),443,19,183,241,0
Dougherty,Phoebe East,U.S. Representative,2,D,SANFORD BISHOP (I),1446,41,771,631,3
Dougherty,Pine Bluff Bapt Church,U.S. Representative,2,D,SANFORD BISHOP (I),940,37,472,429,2
Dougherty,Albany Middle School,U.S. Representative,2,D,SANFORD BISHOP (I),992,35,569,382,6
Dougherty,Christ Church,U.S. Representative,2,D,SANFORD BISHOP (I),516,16,222,278,0
Dougherty,Lamar Reese Elem School,U.S. Representative,2,D,SANFORD BISHOP (I),702,24,321,356,1
Dougherty,First Christian Church,U.S. Representative,2,D,SANFORD BISHOP (I),453,25,226,202,0
Dougherty,A S U HPER GYM,U.S. Representative,2,D,SANFORD BISHOP (I),1295,23,940,331,1
Dougherty,,State Senator,12,D,FREDDIE P SIMS (I),31662,1388,16777,13433,64
Dougherty,Palmyra Rd Meth Church,State Senator,12,D,FREDDIE P SIMS (I),1083,50,628,404,1
Dougherty,Sherwood Elem School,State Senator,12,D,FREDDIE P SIMS (I),1587,78,840,667,2
Dougherty,Covenant Pres Church,State Senator,12,D,FREDDIE P SIMS (I),1150,41,668,439,2
Dougherty,Beattie Rd Church,State Senator,12,D,FREDDIE P SIMS (I),2128,97,1077,953,1
Dougherty,Westover High School,State Senator,12,D,FREDDIE P SIMS (I),1838,103,864,871,0
Dougherty,Merry Acres Middle,State Senator,12,D,FREDDIE P SIMS (I),1256,65,674,517,0
Dougherty,Darton College,State Senator,12,D,FREDDIE P SIMS (I),2097,83,869,1142,3
Dougherty,Westtown Elem School,State Senator,12,D,FREDDIE P SIMS (I),1961,92,856,1010,3
Dougherty,Second Mt. Zion,State Senator,12,D,FREDDIE P SIMS (I),718,29,441,248,0
Dougherty,Mt. Zion Center,State Senator,12,D,FREDDIE P SIMS (I),1945,103,993,845,4
Dougherty,Alice Coachman Elem,State Senator,12,D,FREDDIE P SIMS (I),542,22,293,227,0
Dougherty,Carver Teen Center,State Senator,12,D,FREDDIE P SIMS (I),789,40,457,281,11
Dougherty,Shiloh Baptist Church,State Senator,12,D,FREDDIE P SIMS (I),717,46,400,265,6
Dougherty,Litman Cathedral,State Senator,12,D,FREDDIE P SIMS (I),686,16,421,249,0
Dougherty,Phoebe Edu. Bldg,State Senator,12,D,FREDDIE P SIMS (I),659,33,365,260,1
Dougherty,Turner Elem School,State Senator,12,D,FREDDIE P SIMS (I),459,15,287,148,9
Dougherty,Jackson Heights Elem,State Senator,12,D,FREDDIE P SIMS (I),1376,98,763,510,5
Dougherty,Bill Miller Center,State Senator,12,D,FREDDIE P SIMS (I),1205,26,648,530,1
Dougherty,Radium Middle School,State Senator,12,D,FREDDIE P SIMS (I),402,13,236,153,0
Dougherty,Putney 1st Bapt Church,State Senator,12,D,FREDDIE P SIMS (I),1348,56,732,559,1
Dougherty,International Studie,State Senator,12,D,FREDDIE P SIMS (I),480,20,213,247,0
Dougherty,Phoebe East,State Senator,12,D,FREDDIE P SIMS (I),1459,48,772,636,3
Dougherty,Pine Bluff Bapt Church,State Senator,12,D,FREDDIE P SIMS (I),1095,45,578,469,3
Dougherty,Albany Middle School,State Senator,12,D,FREDDIE P SIMS (I),962,35,550,371,6
Dougherty,Christ Church,State Senator,12,D,FREDDIE P SIMS (I),955,38,488,429,0
Dougherty,Lamar Reese Elem School,State Senator,12,D,FREDDIE P SIMS (I),666,22,306,338,0
Dougherty,First Christian Church,State Senator,12,D,FREDDIE P SIMS (I),803,52,416,335,0
Dougherty,A S U HPER GYM,State Senator,12,D,FREDDIE P SIMS (I),1296,22,942,330,2
Dougherty,,State Representative,151,R,GERALD E. GREENE (I),1804,78,931,795,0
Dougherty,Darton College,State Representative,151,R,GERALD E. GREENE (I),788,33,352,403,0
Dougherty,Christ Church,State Representative,151,R,GERALD E. GREENE (I),1016,45,579,392,0
Dougherty,,State Representative,153,D,CAROL FULLERTON (I),17235,713,9621,6872,29
Dougherty,Palmyra Rd Meth Church,State Representative,153,D,CAROL FULLERTON (I),1158,54,680,423,1
Dougherty,Sherwood Elem School,State Representative,153,D,CAROL FULLERTON (I),1621,78,855,685,3
Dougherty,Covenant Pres Church,State Representative,153,D,CAROL FULLERTON (I),1208,42,704,460,2
Dougherty,Beattie Rd Church,State Representative,153,D,CAROL FULLERTON (I),2306,103,1189,1014,0
Dougherty,Merry Acres Middle,State Representative,153,D,CAROL FULLERTON (I),1360,72,741,547,0
Dougherty,Phoebe Edu. Bldg,State Representative,153,D,CAROL FULLERTON (I),647,32,356,259,0
Dougherty,Turner Elem School,State Representative,153,D,CAROL FULLERTON (I),445,15,274,147,9
Dougherty,Jackson Heights Elem,State Representative,153,D,CAROL FULLERTON (I),1239,69,701,466,3
Dougherty,Bill Miller Center,State Representative,153,D,CAROL FULLERTON (I),1176,25,646,503,2
Dougherty,International Studie,State Representative,153,D,CAROL FULLERTON (I),473,20,208,245,0
Dougherty,Phoebe East,State Representative,153,D,CAROL FULLERTON (I),1426,47,759,617,3
Dougherty,Pine Bluff Bapt Church,State Representative,153,D,CAROL FULLERTON (I),1084,45,578,460,1
Dougherty,Albany Middle School,State Representative,153,D,CAROL FULLERTON (I),911,33,527,348,3
Dougherty,First Christian Church,State Representative,153,D,CAROL FULLERTON (I),902,57,466,379,0
Dougherty,A S U HPER GYM,State Representative,153,D,CAROL FULLERTON (I),1279,21,937,319,2
Dougherty,,State Representative,154,D,WINFRED DUKES (I),12507,570,6351,5561,25
Dougherty,Westover High School,State Representative,154,D,WINFRED DUKES (I),1767,97,833,837,0
Dougherty,Darton College,State Representative,154,D,WINFRED DUKES (I),968,43,405,518,2
Dougherty,Westtown Elem School,State Representative,154,D,WINFRED DUKES (I),1996,90,866,1037,3
Dougherty,Second Mt. Zion,State Representative,154,D,WINFRED DUKES (I),701,28,431,242,0
Dougherty,Mt. Zion Center,State Representative,154,D,WINFRED DUKES (I),1956,104,987,861,4
Dougherty,Alice Coachman Elem,State Representative,154,D,WINFRED DUKES (I),549,20,290,239,0
Dougherty,Carver Teen Center,State Representative,154,D,WINFRED DUKES (I),788,39,458,281,10
Dougherty,Shiloh Baptist Church,State Representative,154,D,WINFRED DUKES (I),716,45,401,265,5
Dougherty,Litman Cathedral,State Representative,154,D,WINFRED DUKES (I),681,14,417,250,0
Dougherty,Radium Middle School,State Representative,154,D,WINFRED DUKES (I),388,14,229,145,0
Dougherty,Putney 1st Bapt Church,State Representative,154,D,WINFRED DUKES (I),1328,53,726,548,1
Dougherty,Lamar Reese Elem School,State Representative,154,D,WINFRED DUKES (I),669,23,308,338,0
Dougherty,,District Attorney, Dougherty Circuit,D,GREGORY EDWARDS (I),32420,1382,17299,13679,60
Dougherty,Palmyra Rd Meth Church,District Attorney, Dougherty Circuit,D,GREGORY EDWARDS (I),1152,54,669,428,1
Dougherty,Sherwood Elem School,District Attorney, Dougherty Circuit,D,GREGORY EDWARDS (I),1644,87,867,688,2
Dougherty,Covenant Pres Church,District Attorney, Dougherty Circuit,D,GREGORY EDWARDS (I),1209,42,707,458,2
Dougherty,Beattie Rd Church,District Attorney, Dougherty Circuit,D,GREGORY EDWARDS (I),2264,98,1156,1009,1
Dougherty,Westover High School,District Attorney, Dougherty Circuit,D,GREGORY EDWARDS (I),1894,102,908,884,0
Dougherty,Merry Acres Middle,District Attorney, Dougherty Circuit,D,GREGORY EDWARDS (I),1332,66,734,532,0
Dougherty,Darton College,District Attorney, Dougherty Circuit,D,GREGORY EDWARDS (I),2148,86,896,1163,3
Dougherty,Westtown Elem School,District Attorney, Dougherty Circuit,D,GREGORY EDWARDS (I),1977,91,868,1015,3
Dougherty,Second Mt. Zion,District Attorney, Dougherty Circuit,D,GREGORY EDWARDS (I),748,30,457,261,0
Dougherty,Mt. Zion Center,District Attorney, Dougherty Circuit,D,GREGORY EDWARDS (I),1942,102,986,849,5
Dougherty,Alice Coachman Elem,District Attorney, Dougherty Circuit,D,GREGORY EDWARDS (I),536,22,290,224,0
Dougherty,Carver Teen Center,District Attorney, Dougherty Circuit,D,GREGORY EDWARDS (I),794,39,460,285,10
Dougherty,Shiloh Baptist Church,District Attorney, Dougherty Circuit,D,GREGORY EDWARDS (I),720,47,405,262,6
Dougherty,Litman Cathedral,District Attorney, Dougherty Circuit,D,GREGORY EDWARDS (I),691,16,423,252,0
Dougherty,Phoebe Edu. Bldg,District Attorney, Dougherty Circuit,D,GREGORY EDWARDS (I),669,33,374,261,1
Dougherty,Turner Elem School,District Attorney, Dougherty Circuit,D,GREGORY EDWARDS (I),468,16,290,153,9
Dougherty,Jackson Heights Elem,District Attorney, Dougherty Circuit,D,GREGORY EDWARDS (I),1326,72,744,507,3
Dougherty,Bill Miller Center,District Attorney, Dougherty Circuit,D,GREGORY EDWARDS (I),1217,24,666,525,2
Dougherty,Radium Middle School,District Attorney, Dougherty Circuit,D,GREGORY EDWARDS (I),406,14,238,154,0
Dougherty,Putney 1st Bapt Church,District Attorney, Dougherty Circuit,D,GREGORY EDWARDS (I),1420,54,794,571,1
Dougherty,International Studie,District Attorney, Dougherty Circuit,D,GREGORY EDWARDS (I),493,20,217,256,0
Dougherty,Phoebe East,District Attorney, Dougherty Circuit,D,GREGORY EDWARDS (I),1471,47,789,632,3
Dougherty,Pine Bluff Bapt Church,District Attorney, Dougherty Circuit,D,GREGORY EDWARDS (I),1107,49,582,474,2
Dougherty,Albany Middle School,District Attorney, Dougherty Circuit,D,GREGORY EDWARDS (I),942,34,543,361,4
Dougherty,Christ Church,District Attorney, Dougherty Circuit,D,GREGORY EDWARDS (I),1007,39,522,446,0
Dougherty,Lamar Reese Elem School,District Attorney, Dougherty Circuit,D,GREGORY EDWARDS (I),662,22,306,334,0
Dougherty,First Christian Church,District Attorney, Dougherty Circuit,D,GREGORY EDWARDS (I),876,54,457,365,0
Dougherty,A S U HPER GYM,District Attorney, Dougherty Circuit,D,GREGORY EDWARDS (I),1305,22,951,330,2
Dougherty,,CLERK, SUPERIOR COURT,D,EVONNE S. MULL (I),31709,1392,16908,13349,60
Dougherty,Palmyra Rd Meth Church,CLERK, SUPERIOR COURT,D,EVONNE S. MULL (I),1129,53,662,413,1
Dougherty,Sherwood Elem School,CLERK, SUPERIOR COURT,D,EVONNE S. MULL (I),1609,81,854,672,2
Dougherty,Covenant Pres Church,CLERK, SUPERIOR COURT,D,EVONNE S. MULL (I),1192,40,704,446,2
Dougherty,Beattie Rd Church,CLERK, SUPERIOR COURT,D,EVONNE S. MULL (I),2231,98,1123,1009,1
Dougherty,Westover High School,CLERK, SUPERIOR COURT,D,EVONNE S. MULL (I),1925,106,913,906,0
Dougherty,Merry Acres Middle,CLERK, SUPERIOR COURT,D,EVONNE S. MULL (I),1304,70,711,523,0
Dougherty,Darton College,CLERK, SUPERIOR COURT,D,EVONNE S. MULL (I),2098,87,875,1132,4
Dougherty,Westtown Elem School,CLERK, SUPERIOR COURT,D,EVONNE S. MULL (I),1920,90,841,986,3
Dougherty,Second Mt. Zion,CLERK, SUPERIOR COURT,D,EVONNE S. MULL (I),737,31,448,258,0
Dougherty,Mt. Zion Center,CLERK, SUPERIOR COURT,D,EVONNE S. MULL (I),1881,100,962,815,4
Dougherty,Alice Coachman Elem,CLERK, SUPERIOR COURT,D,EVONNE S. MULL (I),516,22,278,216,0
Dougherty,Carver Teen Center,CLERK, SUPERIOR COURT,D,EVONNE S. MULL (I),759,40,439,270,10
Dougherty,Shiloh Baptist Church,CLERK, SUPERIOR COURT,D,EVONNE S. MULL (I),697,47,390,253,7
Dougherty,Litman Cathedral,CLERK, SUPERIOR COURT,D,EVONNE S. MULL (I),662,15,406,241,0
Dougherty,Phoebe Edu. Bldg,CLERK, SUPERIOR COURT,D,EVONNE S. MULL (I),636,32,352,251,1
Dougherty,Turner Elem School,CLERK, SUPERIOR COURT,D,EVONNE S. MULL (I),450,16,280,145,9
Dougherty,Jackson Heights Elem,CLERK, SUPERIOR COURT,D,EVONNE S. MULL (I),1316,97,740,476,3
Dougherty,Bill Miller Center,CLERK, SUPERIOR COURT,D,EVONNE S. MULL (I),1180,24,645,509,2
Dougherty,Radium Middle School,CLERK, SUPERIOR COURT,D,EVONNE S. MULL (I),403,14,238,151,0
Dougherty,Putney 1st Bapt Church,CLERK, SUPERIOR COURT,D,EVONNE S. MULL (I),1391,51,773,566,1
Dougherty,International Studie,CLERK, SUPERIOR COURT,D,EVONNE S. MULL (I),478,18,207,253,0
Dougherty,Phoebe East,CLERK, SUPERIOR COURT,D,EVONNE S. MULL (I),1420,47,752,618,3
Dougherty,Pine Bluff Bapt Church,CLERK, SUPERIOR COURT,D,EVONNE S. MULL (I),1086,46,577,461,2
Dougherty,Albany Middle School,CLERK, SUPERIOR COURT,D,EVONNE S. MULL (I),901,33,522,343,3
Dougherty,Christ Church,CLERK, SUPERIOR COURT,D,EVONNE S. MULL (I),1000,39,529,432,0
Dougherty,Lamar Reese Elem School,CLERK, SUPERIOR COURT,D,EVONNE S. MULL (I),636,21,298,317,0
Dougherty,First Christian Church,CLERK, SUPERIOR COURT,D,EVONNE S. MULL (I),857,52,444,361,0
Dougherty,A S U HPER GYM,CLERK, SUPERIOR COURT,D,EVONNE S. MULL (I),1295,22,945,326,2
Dougherty,,SHERIFF,,D,KEVIN R. SPROUL (I),33971,1475,18197,14238,61
Dougherty,Palmyra Rd Meth Church,SHERIFF,,D,KEVIN R. SPROUL (I),1247,56,738,452,1
Dougherty,Sherwood Elem School,SHERIFF,,D,KEVIN R. SPROUL (I),1737,92,913,730,2
Dougherty,Covenant Pres Church,SHERIFF,,D,KEVIN R. SPROUL (I),1327,46,789,490,2
Dougherty,Beattie Rd Church,SHERIFF,,D,KEVIN R. SPROUL (I),2483,108,1275,1099,1
Dougherty,Westover High School,SHERIFF,,D,KEVIN R. SPROUL (I),2107,112,1013,982,0
Dougherty,Merry Acres Middle,SHERIFF,,D,KEVIN R. SPROUL (I),1464,71,800,593,0
Dougherty,Darton College,SHERIFF,,D,KEVIN R. SPROUL (I),2220,90,931,1195,4
Dougherty,Westtown Elem School,SHERIFF,,D,KEVIN R. SPROUL (I),1984,90,868,1023,3
Dougherty,Second Mt. Zion,SHERIFF,,D,KEVIN R. SPROUL (I),839,34,523,282,0
Dougherty,Mt. Zion Center,SHERIFF,,D,KEVIN R. SPROUL (I),1942,102,990,845,5
Dougherty,Alice Coachman Elem,SHERIFF,,D,KEVIN R. SPROUL (I),539,24,284,231,0
Dougherty,Carver Teen Center,SHERIFF,,D,KEVIN R. SPROUL (I),798,37,473,278,10
Dougherty,Shiloh Baptist Church,SHERIFF,,D,KEVIN R. SPROUL (I),717,47,402,261,7
Dougherty,Litman Cathedral,SHERIFF,,D,KEVIN R. SPROUL (I),686,16,421,249,0
Dougherty,Phoebe Edu. Bldg,SHERIFF,,D,KEVIN R. SPROUL (I),686,34,382,269,1
Dougherty,Turner Elem School,SHERIFF,,D,KEVIN R. SPROUL (I),459,17,287,147,8
Dougherty,Jackson Heights Elem,SHERIFF,,D,KEVIN R. SPROUL (I),1386,97,776,510,3
Dougherty,Bill Miller Center,SHERIFF,,D,KEVIN R. SPROUL (I),1218,25,668,524,1
Dougherty,Radium Middle School,SHERIFF,,D,KEVIN R. SPROUL (I),427,15,251,161,0
Dougherty,Putney 1st Bapt Church,SHERIFF,,D,KEVIN R. SPROUL (I),1534,62,867,604,1
Dougherty,International Studie,SHERIFF,,D,KEVIN R. SPROUL (I),512,20,227,265,0
Dougherty,Phoebe East,SHERIFF,,D,KEVIN R. SPROUL (I),1483,46,797,637,3
Dougherty,Pine Bluff Bapt Church,SHERIFF,,D,KEVIN R. SPROUL (I),1146,47,614,483,2
Dougherty,Albany Middle School,SHERIFF,,D,KEVIN R. SPROUL (I),956,36,556,360,4
Dougherty,Christ Church,SHERIFF,,D,KEVIN R. SPROUL (I),1146,45,603,498,0
Dougherty,Lamar Reese Elem School,SHERIFF,,D,KEVIN R. SPROUL (I),660,22,305,333,0
Dougherty,First Christian Church,SHERIFF,,D,KEVIN R. SPROUL (I),972,62,499,411,0
Dougherty,A S U HPER GYM,SHERIFF,,D,KEVIN R. SPROUL (I),1296,22,945,326,3
Dougherty,,CORONER,,D,MICHAEL L. FOWLER,32413,1387,17263,13706,57
Dougherty,Palmyra Rd Meth Church,CORONER,,D,MICHAEL L. FOWLER,1131,53,666,411,1
Dougherty,Sherwood Elem School,CORONER,,D,MICHAEL L. FOWLER,1624,79,861,682,2
Dougherty,Covenant Pres Church,CORONER,,D,MICHAEL L. FOWLER,1206,39,711,454,2
Dougherty,Beattie Rd Church,CORONER,,D,MICHAEL L. FOWLER,2246,97,1126,1022,1
Dougherty,Westover High School,CORONER,,D,MICHAEL L. FOWLER,1937,98,929,910,0
Dougherty,Merry Acres Middle,CORONER,,D,MICHAEL L. FOWLER,1326,64,720,542,0
Dougherty,Darton College,CORONER,,D,MICHAEL L. FOWLER,2144,87,888,1166,3
Dougherty,Westtown Elem School,CORONER,,D,MICHAEL L. FOWLER,1959,92,857,1007,3
Dougherty,Second Mt. Zion,CORONER,,D,MICHAEL L. FOWLER,766,32,470,264,0
Dougherty,Mt. Zion Center,CORONER,,D,MICHAEL L. FOWLER,1930,100,992,833,5
Dougherty,Alice Coachman Elem,CORONER,,D,MICHAEL L. FOWLER,542,22,289,231,0
Dougherty,Carver Teen Center,CORONER,,D,MICHAEL L. FOWLER,791,37,462,282,10
Dougherty,Shiloh Baptist Church,CORONER,,D,MICHAEL L. FOWLER,708,47,395,259,7
Dougherty,Litman Cathedral,CORONER,,D,MICHAEL L. FOWLER,673,16,416,241,0
Dougherty,Phoebe Edu. Bldg,CORONER,,D,MICHAEL L. FOWLER,664,31,367,265,1
Dougherty,Turner Elem School,CORONER,,D,MICHAEL L. FOWLER,456,17,287,145,7
Dougherty,Jackson Heights Elem,CORONER,,D,MICHAEL L. FOWLER,1385,97,780,505,3
Dougherty,Bill Miller Center,CORONER,,D,MICHAEL L. FOWLER,1215,26,654,534,1
Dougherty,Radium Middle School,CORONER,,D,MICHAEL L. FOWLER,406,14,243,149,0
Dougherty,Putney 1st Bapt Church,CORONER,,D,MICHAEL L. FOWLER,1433,53,800,579,1
Dougherty,International Studie,CORONER,,D,MICHAEL L. FOWLER,495,20,215,260,0
Dougherty,Phoebe East,CORONER,,D,MICHAEL L. FOWLER,1471,48,785,635,3
Dougherty,Pine Bluff Bapt Church,CORONER,,D,MICHAEL L. FOWLER,1115,47,587,479,2
Dougherty,Albany Middle School,CORONER,,D,MICHAEL L. FOWLER,959,36,550,370,3
Dougherty,Christ Church,CORONER,,D,MICHAEL L. FOWLER,996,37,508,451,0
Dougherty,Lamar Reese Elem School,CORONER,,D,MICHAEL L. FOWLER,660,22,304,334,0
Dougherty,First Christian Church,CORONER,,D,MICHAEL L. FOWLER,879,54,452,373,0
Dougherty,A S U HPER GYM,CORONER,,D,MICHAEL L. FOWLER,1296,22,949,323,2
Dougherty,,CC, D1,R,LAMAR HUDGINS (I),6566,344,3440,2781,1
Dougherty,Beattie Rd Church,CC, D1,R,LAMAR HUDGINS (I),2207,104,1187,916,0
Dougherty,Westover High School,CC, D1,R,LAMAR HUDGINS (I),1744,104,875,765,0
Dougherty,Darton College,CC, D1,R,LAMAR HUDGINS (I),667,33,301,332,1
Dougherty,Christ Church,CC, D1,R,LAMAR HUDGINS (I),1056,48,600,408,0
Dougherty,First Christian Church,CC, D1,R,LAMAR HUDGINS (I),892,55,477,360,0
Dougherty,,CC, D3,D,CLINTON JOHNSON,4695,202,2877,1602,14
Dougherty,Shiloh Baptist Church,CC, D3,D,CLINTON JOHNSON,317,19,179,119,0
Dougherty,Phoebe Edu. Bldg,CC, D3,D,CLINTON JOHNSON,629,31,356,242,0
Dougherty,Turner Elem School,CC, D3,D,CLINTON JOHNSON,188,10,104,69,5
Dougherty,Jackson Heights Elem,CC, D3,D,CLINTON JOHNSON,1342,87,759,493,3
Dougherty,Albany Middle School,CC, D3,D,CLINTON JOHNSON,930,33,536,357,4
Dougherty,A S U HPER GYM,CC, D3,D,CLINTON JOHNSON,1289,22,943,322,2
Dougherty,,CC, D5,D,GLORIA GAINES (I),5784,249,2897,2622,16
Dougherty,Darton College,CC, D5,D,GLORIA GAINES (I),1298,50,534,713,1
Dougherty,Westtown Elem School,CC, D5,D,GLORIA GAINES (I),1962,91,855,1014,2
Dougherty,Second Mt. Zion,CC, D5,D,GLORIA GAINES (I),732,31,447,254,0
Dougherty,Carver Teen Center,CC, D5,D,GLORIA GAINES (I),711,34,416,254,7
Dougherty,Shiloh Baptist Church,CC, D5,D,GLORIA GAINES (I),392,28,224,134,6
Dougherty,Litman Cathedral,CC, D5,D,GLORIA GAINES (I),689,15,421,253,0
Dougherty,,BOE, AT LARGE,D,LANE PRICE,27114,1245,14997,10817,55
Dougherty,Palmyra Rd Meth Church,BOE, AT LARGE,D,LANE PRICE,1152,56,695,400,1
Dougherty,Sherwood Elem School,BOE, AT LARGE,D,LANE PRICE,1465,89,794,579,3
Dougherty,Covenant Pres Church,BOE, AT LARGE,D,LANE PRICE,1236,46,741,447,2
Dougherty,Beattie Rd Church,BOE, AT LARGE,D,LANE PRICE,2308,108,1256,943,1
Dougherty,Westover High School,BOE, AT LARGE,D,LANE PRICE,1899,104,961,834,0
Dougherty,Merry Acres Middle,BOE, AT LARGE,D,LANE PRICE,1405,73,776,556,0
Dougherty,Darton College,BOE, AT LARGE,D,LANE PRICE,1684,85,729,867,3
Dougherty,Westtown Elem School,BOE, AT LARGE,D,LANE PRICE,1335,73,610,650,2
Dougherty,Second Mt. Zion,BOE, AT LARGE,D,LANE PRICE,768,31,500,237,0
Dougherty,Mt. Zion Center,BOE, AT LARGE,D,LANE PRICE,1197,69,579,546,3
Dougherty,Alice Coachman Elem,BOE, AT LARGE,D,LANE PRICE,357,17,200,140,0
Dougherty,Carver Teen Center,BOE, AT LARGE,D,LANE PRICE,578,29,340,200,9
Dougherty,Shiloh Baptist Church,BOE, AT LARGE,D,LANE PRICE,450,34,226,186,4
Dougherty,Litman Cathedral,BOE, AT LARGE,D,LANE PRICE,522,11,338,173,0
Dougherty,Phoebe Edu. Bldg,BOE, AT LARGE,D,LANE PRICE,557,27,310,219,1
Dougherty,Turner Elem School,BOE, AT LARGE,D,LANE PRICE,346,11,218,109,8
Dougherty,Jackson Heights Elem,BOE, AT LARGE,D,LANE PRICE,701,37,383,277,4
Dougherty,Bill Miller Center,BOE, AT LARGE,D,LANE PRICE,848,20,484,342,2
Dougherty,Radium Middle School,BOE, AT LARGE,D,LANE PRICE,350,9,203,138,0
Dougherty,Putney 1st Bapt Church,BOE, AT LARGE,D,LANE PRICE,1290,52,771,466,1
Dougherty,International Studie,BOE, AT LARGE,D,LANE PRICE,374,16,189,169,0
Dougherty,Phoebe East,BOE, AT LARGE,D,LANE PRICE,1144,40,630,471,3
Dougherty,Pine Bluff Bapt Church,BOE, AT LARGE,D,LANE PRICE,885,44,498,341,2
Dougherty,Albany Middle School,BOE, AT LARGE,D,LANE PRICE,587,22,351,210,4
Dougherty,Christ Church,BOE, AT LARGE,D,LANE PRICE,1115,42,631,442,0
Dougherty,Lamar Reese Elem School,BOE, AT LARGE,D,LANE PRICE,431,16,208,207,0
Dougherty,First Christian Church,BOE, AT LARGE,D,LANE PRICE,962,65,518,379,0
Dougherty,A S U HPER GYM,BOE, AT LARGE,D,LANE PRICE,1168,19,858,289,2
Dougherty,,BOE, D1,D,ROBERT YOUNGBLOOD,6827,333,3354,3139,1
Dougherty,Beattie Rd Church,BOE, D1,D,ROBERT YOUNGBLOOD,2185,94,1105,986,0
Dougherty,Westover High School,BOE, D1,D,ROBERT YOUNGBLOOD,1954,104,932,918,0
Dougherty,Darton College,BOE, D1,D,ROBERT YOUNGBLOOD,809,33,343,432,1
Dougherty,Christ Church,BOE, D1,D,ROBERT YOUNGBLOOD,987,41,514,432,0
Dougherty,First Christian Church,BOE, D1,D,ROBERT YOUNGBLOOD,892,61,460,371,0
Dougherty,,BOE, D3,D,V EDWARDSRIGGINS (I),4466,196,2763,1494,13
Dougherty,Shiloh Baptist Church,BOE, D3,D,V EDWARDSRIGGINS (I),313,18,178,117,0
Dougherty,Phoebe Edu. Bldg,BOE, D3,D,V EDWARDSRIGGINS (I),566,29,329,208,0
Dougherty,Turner Elem School,BOE, D3,D,V EDWARDSRIGGINS (I),173,7,98,64,4
Dougherty,Jackson Heights Elem,BOE, D3,D,V EDWARDSRIGGINS (I),1282,88,729,462,3
Dougherty,Albany Middle School,BOE, D3,D,V EDWARDSRIGGINS (I),867,33,500,330,4
Dougherty,A S U HPER GYM,BOE, D3,D,V EDWARDSRIGGINS (I),1265,21,929,313,2
Dougherty,,BOE, D5,D,JAMES C. BUSH (I),5595,236,2821,2523,15
Dougherty,Darton College,BOE, D5,D,JAMES C. BUSH (I),1259,48,513,697,1
Dougherty,Westtown Elem School,BOE, D5,D,JAMES C. BUSH (I),1925,86,848,989,2
Dougherty,Second Mt. Zion,BOE, D5,D,JAMES C. BUSH (I),670,26,418,226,0
Dougherty,Carver Teen Center,BOE, D5,D,JAMES C. BUSH (I),696,34,412,243,7
Dougherty,Shiloh Baptist Church,BOE, D5,D,JAMES C. BUSH (I),369,27,212,125,5
Dougherty,Litman Cathedral,BOE, D5,D,JAMES C. BUSH (I),676,15,418,243,0
Dougherty,,SOIL AND WATER,,,RICHARD R. THOMAS (I),28926,1279,15644,11952,51
Dougherty,Palmyra Rd Meth Church,SOIL AND WATER,,,RICHARD R. THOMAS (I),1112,50,661,400,1
Dougherty,Sherwood Elem School,SOIL AND WATER,,,RICHARD R. THOMAS (I),1499,79,810,608,2
Dougherty,Covenant Pres Church,SOIL AND WATER,,,RICHARD R. THOMAS (I),1153,41,682,428,2
Dougherty,Beattie Rd Church,SOIL AND WATER,,,RICHARD R. THOMAS (I),2192,101,1143,947,1
Dougherty,Westover High School,SOIL AND WATER,,,RICHARD R. THOMAS (I),1811,104,884,823,0
Dougherty,Merry Acres Middle,SOIL AND WATER,,,RICHARD R. THOMAS (I),1313,68,716,529,0
Dougherty,Darton College,SOIL AND WATER,,,RICHARD R. THOMAS (I),1872,75,795,1000,2
Dougherty,Westtown Elem School,SOIL AND WATER,,,RICHARD R. THOMAS (I),1669,80,744,842,3
Dougherty,Second Mt. Zion,SOIL AND WATER,,,RICHARD R. THOMAS (I),721,33,446,242,0
Dougherty,Mt. Zion Center,SOIL AND WATER,,,RICHARD R. THOMAS (I),1534,90,761,679,4
Dougherty,Alice Coachman Elem,SOIL AND WATER,,,RICHARD R. THOMAS (I),433,18,245,170,0
Dougherty,Carver Teen Center,SOIL AND WATER,,,RICHARD R. THOMAS (I),655,39,384,222,10
Dougherty,Shiloh Baptist Church,SOIL AND WATER,,,RICHARD R. THOMAS (I),580,42,331,201,6
Dougherty,Litman Cathedral,SOIL AND WATER,,,RICHARD R. THOMAS (I),588,15,365,208,0
Dougherty,Phoebe Edu. Bldg,SOIL AND WATER,,,RICHARD R. THOMAS (I),577,30,318,229,0
Dougherty,Turner Elem School,SOIL AND WATER,,,RICHARD R. THOMAS (I),390,13,243,128,6
Dougherty,Jackson Heights Elem,SOIL AND WATER,,,RICHARD R. THOMAS (I),1044,59,578,405,2
Dougherty,Bill Miller Center,SOIL AND WATER,,,RICHARD R. THOMAS (I),1045,19,586,440,0
Dougherty,Radium Middle School,SOIL AND WATER,,,RICHARD R. THOMAS (I),377,11,226,140,0
Dougherty,Putney 1st Bapt Church,SOIL AND WATER,,,RICHARD R. THOMAS (I),1345,54,774,516,1
Dougherty,International Studie,SOIL AND WATER,,,RICHARD R. THOMAS (I),418,15,186,217,0
Dougherty,Phoebe East,SOIL AND WATER,,,RICHARD R. THOMAS (I),1263,41,682,538,2
Dougherty,Pine Bluff Bapt Church,SOIL AND WATER,,,RICHARD R. THOMAS (I),974,42,532,398,2
Dougherty,Albany Middle School,SOIL AND WATER,,,RICHARD R. THOMAS (I),809,28,472,304,5
Dougherty,Christ Church,SOIL AND WATER,,,RICHARD R. THOMAS (I),1023,42,552,429,0
Dougherty,Lamar Reese Elem School,SOIL AND WATER,,,RICHARD R. THOMAS (I),526,17,245,264,0
Dougherty,First Christian Church,SOIL AND WATER,,,RICHARD R. THOMAS (I),852,53,449,350,0
Dougherty,A S U HPER GYM,SOIL AND WATER,,,RICHARD R. THOMAS (I),1151,20,834,295,2
Dougherty,,Constitutional Amendment #1<br>Shall the Constitution be amended to allow state or local approval of public charter schools upon the request of local communities?,,,YES,19361,852,10459,8014,36
Dougherty,Palmyra Rd Meth Church,Constitutional Amendment #1<br>Shall the Constitution be amended to allow state or local approval of public charter schools upon the request of local communities?,,,YES,846,51,471,323,1
Dougherty,Sherwood Elem School,Constitutional Amendment #1<br>Shall the Constitution be amended to allow state or local approval of public charter schools upon the request of local communities?,,,YES,1081,57,571,451,2
Dougherty,Covenant Pres Church,Constitutional Amendment #1<br>Shall the Constitution be amended to allow state or local approval of public charter schools upon the request of local communities?,,,YES,864,33,504,325,2
Dougherty,Beattie Rd Church,Constitutional Amendment #1<br>Shall the Constitution be amended to allow state or local approval of public charter schools upon the request of local communities?,,,YES,1607,78,840,689,0
Dougherty,Westover High School,Constitutional Amendment #1<br>Shall the Constitution be amended to allow state or local approval of public charter schools upon the request of local communities?,,,YES,1303,82,642,579,0
Dougherty,Merry Acres Middle,Constitutional Amendment #1<br>Shall the Constitution be amended to allow state or local approval of public charter schools upon the request of local communities?,,,YES,943,40,488,415,0
Dougherty,Darton College,Constitutional Amendment #1<br>Shall the Constitution be amended to allow state or local approval of public charter schools upon the request of local communities?,,,YES,1239,58,555,625,1
Dougherty,Westtown Elem School,Constitutional Amendment #1<br>Shall the Constitution be amended to allow state or local approval of public charter schools upon the request of local communities?,,,YES,856,37,389,429,1
Dougherty,Second Mt. Zion,Constitutional Amendment #1<br>Shall the Constitution be amended to allow state or local approval of public charter schools upon the request of local communities?,,,YES,528,25,337,166,0
Dougherty,Mt. Zion Center,Constitutional Amendment #1<br>Shall the Constitution be amended to allow state or local approval of public charter schools upon the request of local communities?,,,YES,801,30,361,407,3
Dougherty,Alice Coachman Elem,Constitutional Amendment #1<br>Shall the Constitution be amended to allow state or local approval of public charter schools upon the request of local communities?,,,YES,207,6,115,86,0
Dougherty,Carver Teen Center,Constitutional Amendment #1<br>Shall the Constitution be amended to allow state or local approval of public charter schools upon the request of local communities?,,,YES,415,14,242,155,4
Dougherty,Shiloh Baptist Church,Constitutional Amendment #1<br>Shall the Constitution be amended to allow state or local approval of public charter schools upon the request of local communities?,,,YES,329,19,160,149,1
Dougherty,Litman Cathedral,Constitutional Amendment #1<br>Shall the Constitution be amended to allow state or local approval of public charter schools upon the request of local communities?,,,YES,389,9,244,136,0
Dougherty,Phoebe Edu. Bldg,Constitutional Amendment #1<br>Shall the Constitution be amended to allow state or local approval of public charter schools upon the request of local communities?,,,YES,439,19,239,180,1
Dougherty,Turner Elem School,Constitutional Amendment #1<br>Shall the Constitution be amended to allow state or local approval of public charter schools upon the request of local communities?,,,YES,284,8,173,96,7
Dougherty,Jackson Heights Elem,Constitutional Amendment #1<br>Shall the Constitution be amended to allow state or local approval of public charter schools upon the request of local communities?,,,YES,584,31,296,254,3
Dougherty,Bill Miller Center,Constitutional Amendment #1<br>Shall the Constitution be amended to allow state or local approval of public charter schools upon the request of local communities?,,,YES,652,12,381,258,1
Dougherty,Radium Middle School,Constitutional Amendment #1<br>Shall the Constitution be amended to allow state or local approval of public charter schools upon the request of local communities?,,,YES,231,5,137,89,0
Dougherty,Putney 1st Bapt Church,Constitutional Amendment #1<br>Shall the Constitution be amended to allow state or local approval of public charter schools upon the request of local communities?,,,YES,929,42,542,344,1
Dougherty,International Studie,Constitutional Amendment #1<br>Shall the Constitution be amended to allow state or local approval of public charter schools upon the request of local communities?,,,YES,257,9,138,110,0
Dougherty,Phoebe East,Constitutional Amendment #1<br>Shall the Constitution be amended to allow state or local approval of public charter schools upon the request of local communities?,,,YES,835,32,462,339,2
Dougherty,Pine Bluff Bapt Church,Constitutional Amendment #1<br>Shall the Constitution be amended to allow state or local approval of public charter schools upon the request of local communities?,,,YES,626,37,328,260,1
Dougherty,Albany Middle School,Constitutional Amendment #1<br>Shall the Constitution be amended to allow state or local approval of public charter schools upon the request of local communities?,,,YES,504,17,304,179,4
Dougherty,Christ Church,Constitutional Amendment #1<br>Shall the Constitution be amended to allow state or local approval of public charter schools upon the request of local communities?,,,YES,837,40,465,332,0
Dougherty,Lamar Reese Elem School,Constitutional Amendment #1<br>Shall the Constitution be amended to allow state or local approval of public charter schools upon the request of local communities?,,,YES,240,7,108,125,0
Dougherty,First Christian Church,Constitutional Amendment #1<br>Shall the Constitution be amended to allow state or local approval of public charter schools upon the request of local communities?,,,YES,707,41,359,307,0
Dougherty,A S U HPER GYM,Constitutional Amendment #1<br>Shall the Constitution be amended to allow state or local approval of public charter schools upon the request of local communities?,,,YES,828,13,608,206,1
Dougherty,,Constitutional Amendment #1<br>Shall the Constitution be amended to allow state or local approval of public charter schools upon the request of local communities?,,,NO,16788,701,9077,6980,30
Dougherty,Palmyra Rd Meth Church,Constitutional Amendment #1<br>Shall the Constitution be amended to allow state or local approval of public charter schools upon the request of local communities?,,,NO,487,9,316,162,0
Dougherty,Sherwood Elem School,Constitutional Amendment #1<br>Shall the Constitution be amended to allow state or local approval of public charter schools upon the request of local communities?,,,NO,757,36,416,304,1
Dougherty,Covenant Pres Church,Constitutional Amendment #1<br>Shall the Constitution be amended to allow state or local approval of public charter schools upon the request of local communities?,,,NO,546,17,340,189,0
Dougherty,Beattie Rd Church,Constitutional Amendment #1<br>Shall the Constitution be amended to allow state or local approval of public charter schools upon the request of local communities?,,,NO,1113,46,576,490,1
Dougherty,Westover High School,Constitutional Amendment #1<br>Shall the Constitution be amended to allow state or local approval of public charter schools upon the request of local communities?,,,NO,976,37,481,458,0
Dougherty,Merry Acres Middle,Constitutional Amendment #1<br>Shall the Constitution be amended to allow state or local approval of public charter schools upon the request of local communities?,,,NO,601,32,368,201,0
Dougherty,Darton College,Constitutional Amendment #1<br>Shall the Constitution be amended to allow state or local approval of public charter schools upon the request of local communities?,,,NO,1150,39,464,644,3
Dougherty,Westtown Elem School,Constitutional Amendment #1<br>Shall the Constitution be amended to allow state or local approval of public charter schools upon the request of local communities?,,,NO,1230,57,529,642,2
Dougherty,Second Mt. Zion,Constitutional Amendment #1<br>Shall the Constitution be amended to allow state or local approval of public charter schools upon the request of local communities?,,,NO,414,16,247,151,0
Dougherty,Mt. Zion Center,Constitutional Amendment #1<br>Shall the Constitution be amended to allow state or local approval of public charter schools upon the request of local communities?,,,NO,1154,74,641,437,2
Dougherty,Alice Coachman Elem,Constitutional Amendment #1<br>Shall the Constitution be amended to allow state or local approval of public charter schools upon the request of local communities?,,,NO,354,16,186,152,0
Dougherty,Carver Teen Center,Constitutional Amendment #1<br>Shall the Constitution be amended to allow state or local approval of public charter schools upon the request of local communities?,,,NO,434,26,262,140,6
Dougherty,Shiloh Baptist Church,Constitutional Amendment #1<br>Shall the Constitution be amended to allow state or local approval of public charter schools upon the request of local communities?,,,NO,442,28,269,139,6
Dougherty,Litman Cathedral,Constitutional Amendment #1<br>Shall the Constitution be amended to allow state or local approval of public charter schools upon the request of local communities?,,,NO,343,6,209,128,0
Dougherty,Phoebe Edu. Bldg,Constitutional Amendment #1<br>Shall the Constitution be amended to allow state or local approval of public charter schools upon the request of local communities?,,,NO,310,14,183,113,0
Dougherty,Turner Elem School,Constitutional Amendment #1<br>Shall the Constitution be amended to allow state or local approval of public charter schools upon the request of local communities?,,,NO,204,9,133,62,0
Dougherty,Jackson Heights Elem,Constitutional Amendment #1<br>Shall the Constitution be amended to allow state or local approval of public charter schools upon the request of local communities?,,,NO,891,68,534,288,1
Dougherty,Bill Miller Center,Constitutional Amendment #1<br>Shall the Constitution be amended to allow state or local approval of public charter schools upon the request of local communities?,,,NO,610,13,312,284,1
Dougherty,Radium Middle School,Constitutional Amendment #1<br>Shall the Constitution be amended to allow state or local approval of public charter schools upon the request of local communities?,,,NO,207,10,123,74,0
Dougherty,Putney 1st Bapt Church,Constitutional Amendment #1<br>Shall the Constitution be amended to allow state or local approval of public charter schools upon the request of local communities?,,,NO,700,19,398,283,0
Dougherty,International Studie,Constitutional Amendment #1<br>Shall the Constitution be amended to allow state or local approval of public charter schools upon the request of local communities?,,,NO,286,13,118,155,0
Dougherty,Phoebe East,Constitutional Amendment #1<br>Shall the Constitution be amended to allow state or local approval of public charter schools upon the request of local communities?,,,NO,685,18,361,305,1
Dougherty,Pine Bluff Bapt Church,Constitutional Amendment #1<br>Shall the Constitution be amended to allow state or local approval of public charter schools upon the request of local communities?,,,NO,597,20,321,255,1
Dougherty,Albany Middle School,Constitutional Amendment #1<br>Shall the Constitution be amended to allow state or local approval of public charter schools upon the request of local communities?,,,NO,523,17,286,218,2
Dougherty,Christ Church,Constitutional Amendment #1<br>Shall the Constitution be amended to allow state or local approval of public charter schools upon the request of local communities?,,,NO,463,14,228,221,0
Dougherty,Lamar Reese Elem School,Constitutional Amendment #1<br>Shall the Constitution be amended to allow state or local approval of public charter schools upon the request of local communities?,,,NO,433,15,211,207,0
Dougherty,First Christian Church,Constitutional Amendment #1<br>Shall the Constitution be amended to allow state or local approval of public charter schools upon the request of local communities?,,,NO,370,24,203,143,0
Dougherty,A S U HPER GYM,Constitutional Amendment #1<br>Shall the Constitution be amended to allow state or local approval of public charter schools upon the request of local communities?,,,NO,508,8,362,135,3
Dougherty,,Constitutional Amendment #2<br>Shall the Constitution be amended so as to provide for a reduction in the state's operating costs by allowing the General Assembly to authorize certain state agencies to enter into multiyear rental agreements?,,,YES,20630,880,11087,8635,28
Dougherty,Palmyra Rd Meth Church,Constitutional Amendment #2<br>Shall the Constitution be amended so as to provide for a reduction in the state's operating costs by allowing the General Assembly to authorize certain state agencies to enter into multiyear rental agreements?,,,YES,864,46,495,323,0
Dougherty,Sherwood Elem School,Constitutional Amendment #2<br>Shall the Constitution be amended so as to provide for a reduction in the state's operating costs by allowing the General Assembly to authorize certain state agencies to enter into multiyear rental agreements?,,,YES,1102,55,600,445,2
Dougherty,Covenant Pres Church,Constitutional Amendment #2<br>Shall the Constitution be amended so as to provide for a reduction in the state's operating costs by allowing the General Assembly to authorize certain state agencies to enter into multiyear rental agreements?,,,YES,872,26,526,318,2
Dougherty,Beattie Rd Church,Constitutional Amendment #2<br>Shall the Constitution be amended so as to provide for a reduction in the state's operating costs by allowing the General Assembly to authorize certain state agencies to enter into multiyear rental agreements?,,,YES,1739,77,912,749,1
Dougherty,Westover High School,Constitutional Amendment #2<br>Shall the Constitution be amended so as to provide for a reduction in the state's operating costs by allowing the General Assembly to authorize certain state agencies to enter into multiyear rental agreements?,,,YES,1372,85,662,625,0
Dougherty,Merry Acres Middle,Constitutional Amendment #2<br>Shall the Constitution be amended so as to provide for a reduction in the state's operating costs by allowing the General Assembly to authorize certain state agencies to enter into multiyear rental agreements?,,,YES,1019,49,534,436,0
Dougherty,Darton College,Constitutional Amendment #2<br>Shall the Constitution be amended so as to provide for a reduction in the state's operating costs by allowing the General Assembly to authorize certain state agencies to enter into multiyear rental agreements?,,,YES,1306,59,573,674,0
Dougherty,Westtown Elem School,Constitutional Amendment #2<br>Shall the Constitution be amended so as to provide for a reduction in the state's operating costs by allowing the General Assembly to authorize certain state agencies to enter into multiyear rental agreements?,,,YES,1025,51,465,508,1
Dougherty,Second Mt. Zion,Constitutional Amendment #2<br>Shall the Constitution be amended so as to provide for a reduction in the state's operating costs by allowing the General Assembly to authorize certain state agencies to enter into multiyear rental agreements?,,,YES,527,26,325,176,0
Dougherty,Mt. Zion Center,Constitutional Amendment #2<br>Shall the Constitution be amended so as to provide for a reduction in the state's operating costs by allowing the General Assembly to authorize certain state agencies to enter into multiyear rental agreements?,,,YES,935,36,432,465,2
Dougherty,Alice Coachman Elem,Constitutional Amendment #2<br>Shall the Constitution be amended so as to provide for a reduction in the state's operating costs by allowing the General Assembly to authorize certain state agencies to enter into multiyear rental agreements?,,,YES,275,12,151,112,0
Dougherty,Carver Teen Center,Constitutional Amendment #2<br>Shall the Constitution be amended so as to provide for a reduction in the state's operating costs by allowing the General Assembly to authorize certain state agencies to enter into multiyear rental agreements?,,,YES,439,15,259,161,4
Dougherty,Shiloh Baptist Church,Constitutional Amendment #2<br>Shall the Constitution be amended so as to provide for a reduction in the state's operating costs by allowing the General Assembly to authorize certain state agencies to enter into multiyear rental agreements?,,,YES,355,24,178,152,1
Dougherty,Litman Cathedral,Constitutional Amendment #2<br>Shall the Constitution be amended so as to provide for a reduction in the state's operating costs by allowing the General Assembly to authorize certain state agencies to enter into multiyear rental agreements?,,,YES,401,8,251,142,0
Dougherty,Phoebe Edu. Bldg,Constitutional Amendment #2<br>Shall the Constitution be amended so as to provide for a reduction in the state's operating costs by allowing the General Assembly to authorize certain state agencies to enter into multiyear rental agreements?,,,YES,435,20,244,171,0
Dougherty,Turner Elem School,Constitutional Amendment #2<br>Shall the Constitution be amended so as to provide for a reduction in the state's operating costs by allowing the General Assembly to authorize certain state agencies to enter into multiyear rental agreements?,,,YES,307,12,186,106,3
Dougherty,Jackson Heights Elem,Constitutional Amendment #2<br>Shall the Constitution be amended so as to provide for a reduction in the state's operating costs by allowing the General Assembly to authorize certain state agencies to enter into multiyear rental agreements?,,,YES,636,34,318,281,3
Dougherty,Bill Miller Center,Constitutional Amendment #2<br>Shall the Constitution be amended so as to provide for a reduction in the state's operating costs by allowing the General Assembly to authorize certain state agencies to enter into multiyear rental agreements?,,,YES,745,17,430,298,0
Dougherty,Radium Middle School,Constitutional Amendment #2<br>Shall the Constitution be amended so as to provide for a reduction in the state's operating costs by allowing the General Assembly to authorize certain state agencies to enter into multiyear rental agreements?,,,YES,252,5,155,92,0
Dougherty,Putney 1st Bapt Church,Constitutional Amendment #2<br>Shall the Constitution be amended so as to provide for a reduction in the state's operating costs by allowing the General Assembly to authorize certain state agencies to enter into multiyear rental agreements?,,,YES,898,43,493,361,1
Dougherty,International Studie,Constitutional Amendment #2<br>Shall the Constitution be amended so as to provide for a reduction in the state's operating costs by allowing the General Assembly to authorize certain state agencies to enter into multiyear rental agreements?,,,YES,303,8,146,149,0
Dougherty,Phoebe East,Constitutional Amendment #2<br>Shall the Constitution be amended so as to provide for a reduction in the state's operating costs by allowing the General Assembly to authorize certain state agencies to enter into multiyear rental agreements?,,,YES,919,25,508,384,2
Dougherty,Pine Bluff Bapt Church,Constitutional Amendment #2<br>Shall the Constitution be amended so as to provide for a reduction in the state's operating costs by allowing the General Assembly to authorize certain state agencies to enter into multiyear rental agreements?,,,YES,707,32,393,281,1
Dougherty,Albany Middle School,Constitutional Amendment #2<br>Shall the Constitution be amended so as to provide for a reduction in the state's operating costs by allowing the General Assembly to authorize certain state agencies to enter into multiyear rental agreements?,,,YES,538,17,299,218,4
Dougherty,Christ Church,Constitutional Amendment #2<br>Shall the Constitution be amended so as to provide for a reduction in the state's operating costs by allowing the General Assembly to authorize certain state agencies to enter into multiyear rental agreements?,,,YES,815,41,443,331,0
Dougherty,Lamar Reese Elem School,Constitutional Amendment #2<br>Shall the Constitution be amended so as to provide for a reduction in the state's operating costs by allowing the General Assembly to authorize certain state agencies to enter into multiyear rental agreements?,,,YES,355,10,163,182,0
Dougherty,First Christian Church,Constitutional Amendment #2<br>Shall the Constitution be amended so as to provide for a reduction in the state's operating costs by allowing the General Assembly to authorize certain state agencies to enter into multiyear rental agreements?,,,YES,683,36,350,297,0
Dougherty,A S U HPER GYM,Constitutional Amendment #2<br>Shall the Constitution be amended so as to provide for a reduction in the state's operating costs by allowing the General Assembly to authorize certain state agencies to enter into multiyear rental agreements?,,,YES,806,11,596,198,1
Dougherty,,Constitutional Amendment #2<br>Shall the Constitution be amended so as to provide for a reduction in the state's operating costs by allowing the General Assembly to authorize certain state agencies to enter into multiyear rental agreements?,,,NO,14538,589,7884,6031,34
Dougherty,Palmyra Rd Meth Church,Constitutional Amendment #2<br>Shall the Constitution be amended so as to provide for a reduction in the state's operating costs by allowing the General Assembly to authorize certain state agencies to enter into multiyear rental agreements?,,,NO,431,10,269,151,1
Dougherty,Sherwood Elem School,Constitutional Amendment #2<br>Shall the Constitution be amended so as to provide for a reduction in the state's operating costs by allowing the General Assembly to authorize certain state agencies to enter into multiyear rental agreements?,,,NO,698,30,366,301,1
Dougherty,Covenant Pres Church,Constitutional Amendment #2<br>Shall the Constitution be amended so as to provide for a reduction in the state's operating costs by allowing the General Assembly to authorize certain state agencies to enter into multiyear rental agreements?,,,NO,505,19,292,194,0
Dougherty,Beattie Rd Church,Constitutional Amendment #2<br>Shall the Constitution be amended so as to provide for a reduction in the state's operating costs by allowing the General Assembly to authorize certain state agencies to enter into multiyear rental agreements?,,,NO,846,38,427,381,0
Dougherty,Westover High School,Constitutional Amendment #2<br>Shall the Constitution be amended so as to provide for a reduction in the state's operating costs by allowing the General Assembly to authorize certain state agencies to enter into multiyear rental agreements?,,,NO,788,26,397,365,0
Dougherty,Merry Acres Middle,Constitutional Amendment #2<br>Shall the Constitution be amended so as to provide for a reduction in the state's operating costs by allowing the General Assembly to authorize certain state agencies to enter into multiyear rental agreements?,,,NO,494,20,299,175,0
Dougherty,Darton College,Constitutional Amendment #2<br>Shall the Constitution be amended so as to provide for a reduction in the state's operating costs by allowing the General Assembly to authorize certain state agencies to enter into multiyear rental agreements?,,,NO,980,34,391,552,3
Dougherty,Westtown Elem School,Constitutional Amendment #2<br>Shall the Constitution be amended so as to provide for a reduction in the state's operating costs by allowing the General Assembly to authorize certain state agencies to enter into multiyear rental agreements?,,,NO,991,42,423,524,2
Dougherty,Second Mt. Zion,Constitutional Amendment #2<br>Shall the Constitution be amended so as to provide for a reduction in the state's operating costs by allowing the General Assembly to authorize certain state agencies to enter into multiyear rental agreements?,,,NO,368,11,223,134,0
Dougherty,Mt. Zion Center,Constitutional Amendment #2<br>Shall the Constitution be amended so as to provide for a reduction in the state's operating costs by allowing the General Assembly to authorize certain state agencies to enter into multiyear rental agreements?,,,NO,1080,67,603,407,3
Dougherty,Alice Coachman Elem,Constitutional Amendment #2<br>Shall the Constitution be amended so as to provide for a reduction in the state's operating costs by allowing the General Assembly to authorize certain state agencies to enter into multiyear rental agreements?,,,NO,278,8,151,119,0
Dougherty,Carver Teen Center,Constitutional Amendment #2<br>Shall the Constitution be amended so as to provide for a reduction in the state's operating costs by allowing the General Assembly to authorize certain state agencies to enter into multiyear rental agreements?,,,NO,380,23,220,131,6
Dougherty,Shiloh Baptist Church,Constitutional Amendment #2<br>Shall the Constitution be amended so as to provide for a reduction in the state's operating costs by allowing the General Assembly to authorize certain state agencies to enter into multiyear rental agreements?,,,NO,378,23,234,115,6
Dougherty,Litman Cathedral,Constitutional Amendment #2<br>Shall the Constitution be amended so as to provide for a reduction in the state's operating costs by allowing the General Assembly to authorize certain state agencies to enter into multiyear rental agreements?,,,NO,298,7,182,109,0
Dougherty,Phoebe Edu. Bldg,Constitutional Amendment #2<br>Shall the Constitution be amended so as to provide for a reduction in the state's operating costs by allowing the General Assembly to authorize certain state agencies to enter into multiyear rental agreements?,,,NO,272,12,150,110,0
Dougherty,Turner Elem School,Constitutional Amendment #2<br>Shall the Constitution be amended so as to provide for a reduction in the state's operating costs by allowing the General Assembly to authorize certain state agencies to enter into multiyear rental agreements?,,,NO,179,5,120,50,4
Dougherty,Jackson Heights Elem,Constitutional Amendment #2<br>Shall the Constitution be amended so as to provide for a reduction in the state's operating costs by allowing the General Assembly to authorize certain state agencies to enter into multiyear rental agreements?,,,NO,782,61,482,238,1
Dougherty,Bill Miller Center,Constitutional Amendment #2<br>Shall the Constitution be amended so as to provide for a reduction in the state's operating costs by allowing the General Assembly to authorize certain state agencies to enter into multiyear rental agreements?,,,NO,517,7,262,246,2
Dougherty,Radium Middle School,Constitutional Amendment #2<br>Shall the Constitution be amended so as to provide for a reduction in the state's operating costs by allowing the General Assembly to authorize certain state agencies to enter into multiyear rental agreements?,,,NO,180,10,104,66,0
Dougherty,Putney 1st Bapt Church,Constitutional Amendment #2<br>Shall the Constitution be amended so as to provide for a reduction in the state's operating costs by allowing the General Assembly to authorize certain state agencies to enter into multiyear rental agreements?,,,NO,706,17,433,256,0
Dougherty,International Studie,Constitutional Amendment #2<br>Shall the Constitution be amended so as to provide for a reduction in the state's operating costs by allowing the General Assembly to authorize certain state agencies to enter into multiyear rental agreements?,,,NO,257,14,116,127,0
Dougherty,Phoebe East,Constitutional Amendment #2<br>Shall the Constitution be amended so as to provide for a reduction in the state's operating costs by allowing the General Assembly to authorize certain state agencies to enter into multiyear rental agreements?,,,NO,610,20,325,264,1
Dougherty,Pine Bluff Bapt Church,Constitutional Amendment #2<br>Shall the Constitution be amended so as to provide for a reduction in the state's operating costs by allowing the General Assembly to authorize certain state agencies to enter into multiyear rental agreements?,,,NO,518,20,262,235,1
Dougherty,Albany Middle School,Constitutional Amendment #2<br>Shall the Constitution be amended so as to provide for a reduction in the state's operating costs by allowing the General Assembly to authorize certain state agencies to enter into multiyear rental agreements?,,,NO,434,14,263,155,2
Dougherty,Christ Church,Constitutional Amendment #2<br>Shall the Constitution be amended so as to provide for a reduction in the state's operating costs by allowing the General Assembly to authorize certain state agencies to enter into multiyear rental agreements?,,,NO,417,9,211,197,0
Dougherty,Lamar Reese Elem School,Constitutional Amendment #2<br>Shall the Constitution be amended so as to provide for a reduction in the state's operating costs by allowing the General Assembly to authorize certain state agencies to enter into multiyear rental agreements?,,,NO,323,12,147,164,0
Dougherty,First Christian Church,Constitutional Amendment #2<br>Shall the Constitution be amended so as to provide for a reduction in the state's operating costs by allowing the General Assembly to authorize certain state agencies to enter into multiyear rental agreements?,,,NO,337,21,185,131,0
Dougherty,A S U HPER GYM,Constitutional Amendment #2<br>Shall the Constitution be amended so as to provide for a reduction in the state's operating costs by allowing the General Assembly to authorize certain state agencies to enter into multiyear rental agreements?,,,NO,491,9,347,134,1
