county,precinct,office,district,party,candidate,votes,absentee_by_mail,election_day,advance_in_person,provisional
Walker,,President of the United States,,R,MITT ROMNEY,16247,675,7862,7709,1
Walker,LAFAYETTE,President of the United States,,R,MITT ROMNEY,2044,112,860,1072,0
Walker,CENTER POST,President of the United States,,R,MITT ROMNEY,941,27,501,412,1
Walker,ROCK SPRING,President of the United States,,R,MITT ROMNEY,2683,81,1054,1548,0
Walker,ARMUCHEE VALLEY,President of the United States,,R,MITT ROMNEY,541,17,438,86,0
Walker,MOUNTAIN,President of the United States,,R,MITT ROMNEY,491,15,388,88,0
Walker,CHATTANOOGA VALLEY,President of the United States,,R,MITT ROMNEY,2516,111,1457,948,0
Walker,KENSINGTON,President of the United States,,R,MITT ROMNEY,563,20,400,143,0
Walker,ROSSVILLE,President of the United States,,R,MITT ROMNEY,1940,107,727,1106,0
Walker,CHICKAMAUGA,President of the United States,,R,MITT ROMNEY,2825,85,1075,1665,0
Walker,FAIRYLAND,President of the United States,,R,MITT ROMNEY,687,37,349,301,0
Walker,FAIRVIEW,President of the United States,,R,MITT ROMNEY,1016,63,613,340,0
Walker,,President of the United States,,D,BARACK OBAMA (I),5274,290,2597,2384,3
Walker,LAFAYETTE,President of the United States,,D,BARACK OBAMA (I),804,57,341,406,0
Walker,CENTER POST,President of the United States,,D,BARACK OBAMA (I),242,18,124,100,0
Walker,ROCK SPRING,President of the United States,,D,BARACK OBAMA (I),733,40,288,405,0
Walker,ARMUCHEE VALLEY,President of the United States,,D,BARACK OBAMA (I),139,5,100,34,0
Walker,MOUNTAIN,President of the United States,,D,BARACK OBAMA (I),121,4,85,32,0
Walker,CHATTANOOGA VALLEY,President of the United States,,D,BARACK OBAMA (I),830,45,462,323,0
Walker,KENSINGTON,President of the United States,,D,BARACK OBAMA (I),224,6,142,76,0
Walker,ROSSVILLE,President of the United States,,D,BARACK OBAMA (I),792,42,366,383,1
Walker,CHICKAMAUGA,President of the United States,,D,BARACK OBAMA (I),781,43,340,398,0
Walker,FAIRYLAND,President of the United States,,D,BARACK OBAMA (I),192,11,85,96,0
Walker,FAIRVIEW,President of the United States,,D,BARACK OBAMA (I),416,19,264,131,2
Walker,,President of the United States,,L,GARY JOHNSON,365,28,218,119,0
Walker,LAFAYETTE,President of the United States,,L,GARY JOHNSON,60,8,29,23,0
Walker,CENTER POST,President of the United States,,L,GARY JOHNSON,16,0,9,7,0
Walker,ROCK SPRING,President of the United States,,L,GARY JOHNSON,35,1,21,13,0
Walker,ARMUCHEE VALLEY,President of the United States,,L,GARY JOHNSON,7,1,5,1,0
Walker,MOUNTAIN,President of the United States,,L,GARY JOHNSON,15,4,10,1,0
Walker,CHATTANOOGA VALLEY,President of the United States,,L,GARY JOHNSON,58,5,36,17,0
Walker,KENSINGTON,President of the United States,,L,GARY JOHNSON,18,1,16,1,0
Walker,ROSSVILLE,President of the United States,,L,GARY JOHNSON,51,2,32,17,0
Walker,CHICKAMAUGA,President of the United States,,L,GARY JOHNSON,76,4,39,33,0
Walker,FAIRYLAND,President of the United States,,L,GARY JOHNSON,8,1,6,1,0
Walker,FAIRVIEW,President of the United States,,L,GARY JOHNSON,21,1,15,5,0
Walker,,"Public Service Commission, District 3",3,R,CHUCK EATON (I),14417,630,6993,6791,3
Walker,LAFAYETTE,"Public Service Commission, District 3",3,R,CHUCK EATON (I),1814,102,757,955,0
Walker,CENTER POST,"Public Service Commission, District 3",3,R,CHUCK EATON (I),818,30,441,346,1
Walker,ROCK SPRING,"Public Service Commission, District 3",3,R,CHUCK EATON (I),2394,66,958,1370,0
Walker,ARMUCHEE VALLEY,"Public Service Commission, District 3",3,R,CHUCK EATON (I),471,17,379,75,0
Walker,MOUNTAIN,"Public Service Commission, District 3",3,R,CHUCK EATON (I),408,13,313,82,0
Walker,CHATTANOOGA VALLEY,"Public Service Commission, District 3",3,R,CHUCK EATON (I),2249,103,1297,849,0
Walker,KENSINGTON,"Public Service Commission, District 3",3,R,CHUCK EATON (I),481,18,336,127,0
Walker,ROSSVILLE,"Public Service Commission, District 3",3,R,CHUCK EATON (I),1713,102,641,970,0
Walker,CHICKAMAUGA,"Public Service Commission, District 3",3,R,CHUCK EATON (I),2525,81,994,1450,0
Walker,FAIRYLAND,"Public Service Commission, District 3",3,R,CHUCK EATON (I),642,37,329,276,0
Walker,FAIRVIEW,"Public Service Commission, District 3",3,R,CHUCK EATON (I),902,61,548,291,2
Walker,,"Public Service Commission, District 3",3,D,STEPHEN OPPENHEIMER,4437,246,2212,1978,1
Walker,LAFAYETTE,"Public Service Commission, District 3",3,D,STEPHEN OPPENHEIMER,643,47,287,309,0
Walker,CENTER POST,"Public Service Commission, District 3",3,D,STEPHEN OPPENHEIMER,209,13,115,81,0
Walker,ROCK SPRING,"Public Service Commission, District 3",3,D,STEPHEN OPPENHEIMER,593,35,232,326,0
Walker,ARMUCHEE VALLEY,"Public Service Commission, District 3",3,D,STEPHEN OPPENHEIMER,115,4,82,29,0
Walker,MOUNTAIN,"Public Service Commission, District 3",3,D,STEPHEN OPPENHEIMER,114,4,84,26,0
Walker,CHATTANOOGA VALLEY,"Public Service Commission, District 3",3,D,STEPHEN OPPENHEIMER,726,38,409,279,0
Walker,KENSINGTON,"Public Service Commission, District 3",3,D,STEPHEN OPPENHEIMER,188,7,121,60,0
Walker,ROSSVILLE,"Public Service Commission, District 3",3,D,STEPHEN OPPENHEIMER,690,39,322,328,1
Walker,CHICKAMAUGA,"Public Service Commission, District 3",3,D,STEPHEN OPPENHEIMER,665,34,276,355,0
Walker,FAIRYLAND,"Public Service Commission, District 3",3,D,STEPHEN OPPENHEIMER,154,8,67,79,0
Walker,FAIRVIEW,"Public Service Commission, District 3",3,D,STEPHEN OPPENHEIMER,340,17,217,106,0
Walker,,"Public Service Commission, District 3",3,L,BRAD PLOEGER,940,36,535,369,0
Walker,LAFAYETTE,"Public Service Commission, District 3",3,L,BRAD PLOEGER,140,10,64,66,0
Walker,CENTER POST,"Public Service Commission, District 3",3,L,BRAD PLOEGER,56,0,31,25,0
Walker,ROCK SPRING,"Public Service Commission, District 3",3,L,BRAD PLOEGER,124,7,53,64,0
Walker,ARMUCHEE VALLEY,"Public Service Commission, District 3",3,L,BRAD PLOEGER,28,1,24,3,0
Walker,MOUNTAIN,"Public Service Commission, District 3",3,L,BRAD PLOEGER,43,3,32,8,0
Walker,CHATTANOOGA VALLEY,"Public Service Commission, District 3",3,L,BRAD PLOEGER,136,9,91,36,0
Walker,KENSINGTON,"Public Service Commission, District 3",3,L,BRAD PLOEGER,42,0,37,5,0
Walker,ROSSVILLE,"Public Service Commission, District 3",3,L,BRAD PLOEGER,128,1,69,58,0
Walker,CHICKAMAUGA,"Public Service Commission, District 3",3,L,BRAD PLOEGER,151,3,72,76,0
Walker,FAIRYLAND,"Public Service Commission, District 3",3,L,BRAD PLOEGER,38,0,22,16,0
Walker,FAIRVIEW,"Public Service Commission, District 3",3,L,BRAD PLOEGER,54,2,40,12,0
Walker,,"Public Service Commission, District 5",5,R,STAN WISE (I),15263,685,7387,7188,3
Walker,LAFAYETTE,"Public Service Commission, District 5",5,R,STAN WISE (I),1897,114,795,988,0
Walker,CENTER POST,"Public Service Commission, District 5",5,R,STAN WISE (I),860,33,459,367,1
Walker,ROCK SPRING,"Public Service Commission, District 5",5,R,STAN WISE (I),2468,73,974,1421,0
Walker,ARMUCHEE VALLEY,"Public Service Commission, District 5",5,R,STAN WISE (I),484,19,380,85,0
Walker,MOUNTAIN,"Public Service Commission, District 5",5,R,STAN WISE (I),426,17,326,83,0
Walker,CHATTANOOGA VALLEY,"Public Service Commission, District 5",5,R,STAN WISE (I),2441,109,1417,915,0
Walker,KENSINGTON,"Public Service Commission, District 5",5,R,STAN WISE (I),505,20,350,135,0
Walker,ROSSVILLE,"Public Service Commission, District 5",5,R,STAN WISE (I),1889,110,730,1049,0
Walker,CHICKAMAUGA,"Public Service Commission, District 5",5,R,STAN WISE (I),2639,91,1025,1523,0
Walker,FAIRYLAND,"Public Service Commission, District 5",5,R,STAN WISE (I),683,33,346,304,0
Walker,FAIRVIEW,"Public Service Commission, District 5",5,R,STAN WISE (I),971,66,585,318,2
Walker,,"Public Service Commission, District 5",5,L,DAVID STAPLES,3827,171,2080,1575,1
Walker,LAFAYETTE,"Public Service Commission, District 5",5,L,DAVID STAPLES,614,29,295,290,0
Walker,CENTER POST,"Public Service Commission, District 5",5,L,DAVID STAPLES,196,6,113,77,0
Walker,ROCK SPRING,"Public Service Commission, District 5",5,L,DAVID STAPLES,544,32,225,287,0
Walker,ARMUCHEE VALLEY,"Public Service Commission, District 5",5,L,DAVID STAPLES,110,2,91,17,0
Walker,MOUNTAIN,"Public Service Commission, District 5",5,L,DAVID STAPLES,116,4,90,22,0
Walker,CHATTANOOGA VALLEY,"Public Service Commission, District 5",5,L,DAVID STAPLES,576,28,353,195,0
Walker,KENSINGTON,"Public Service Commission, District 5",5,L,DAVID STAPLES,168,5,128,35,0
Walker,ROSSVILLE,"Public Service Commission, District 5",5,L,DAVID STAPLES,552,25,277,249,1
Walker,CHICKAMAUGA,"Public Service Commission, District 5",5,L,DAVID STAPLES,573,19,274,280,0
Walker,FAIRYLAND,"Public Service Commission, District 5",5,L,DAVID STAPLES,109,8,50,51,0
Walker,FAIRVIEW,"Public Service Commission, District 5",5,L,DAVID STAPLES,269,13,184,72,0
Walker,,U.S. Representative,14,R,TOM GRAVES (I),15474,676,7504,7291,3
Walker,LAFAYETTE,U.S. Representative,14,R,TOM GRAVES (I),1973,119,815,1039,0
Walker,CENTER POST,U.S. Representative,14,R,TOM GRAVES (I),893,31,480,381,1
Walker,ROCK SPRING,U.S. Representative,14,R,TOM GRAVES (I),2529,78,997,1454,0
Walker,ARMUCHEE VALLEY,U.S. Representative,14,R,TOM GRAVES (I),508,18,410,80,0
Walker,MOUNTAIN,U.S. Representative,14,R,TOM GRAVES (I),453,14,349,90,0
Walker,CHATTANOOGA VALLEY,U.S. Representative,14,R,TOM GRAVES (I),2418,106,1401,911,0
Walker,KENSINGTON,U.S. Representative,14,R,TOM GRAVES (I),531,19,374,138,0
Walker,ROSSVILLE,U.S. Representative,14,R,TOM GRAVES (I),1872,102,719,1051,0
Walker,CHICKAMAUGA,U.S. Representative,14,R,TOM GRAVES (I),2657,86,1031,1540,0
Walker,FAIRYLAND,U.S. Representative,14,R,TOM GRAVES (I),676,39,347,290,0
Walker,FAIRVIEW,U.S. Representative,14,R,TOM GRAVES (I),964,64,581,317,2
Walker,,U.S. Representative,14,D,DANIEL GRANT,5025,264,2519,2241,1
Walker,LAFAYETTE,U.S. Representative,14,D,DANIEL GRANT,722,41,326,355,0
Walker,CENTER POST,U.S. Representative,14,D,DANIEL GRANT,234,13,127,94,0
Walker,ROCK SPRING,U.S. Representative,14,D,DANIEL GRANT,700,37,278,385,0
Walker,ARMUCHEE VALLEY,U.S. Representative,14,D,DANIEL GRANT,132,5,94,33,0
Walker,MOUNTAIN,U.S. Representative,14,D,DANIEL GRANT,134,7,99,28,0
Walker,CHATTANOOGA VALLEY,U.S. Representative,14,D,DANIEL GRANT,798,46,453,299,0
Walker,KENSINGTON,U.S. Representative,14,D,DANIEL GRANT,210,6,143,61,0
Walker,ROSSVILLE,U.S. Representative,14,D,DANIEL GRANT,754,45,341,367,1
Walker,CHICKAMAUGA,U.S. Representative,14,D,DANIEL GRANT,785,34,343,408,0
Walker,FAIRYLAND,U.S. Representative,14,D,DANIEL GRANT,168,9,73,86,0
Walker,FAIRVIEW,U.S. Representative,14,D,DANIEL GRANT,388,21,242,125,0
Walker,,State Senator,53,R,JEFF MULLIS (I),18100,754,9033,8309,4
Walker,LAFAYETTE,State Senator,53,R,JEFF MULLIS (I),2307,123,1025,1159,0
Walker,CENTER POST,State Senator,53,R,JEFF MULLIS (I),959,35,523,400,1
Walker,ROCK SPRING,State Senator,53,R,JEFF MULLIS (I),2849,92,1164,1593,0
Walker,ARMUCHEE VALLEY,State Senator,53,R,JEFF MULLIS (I),552,19,449,84,0
Walker,MOUNTAIN,State Senator,53,R,JEFF MULLIS (I),509,20,388,101,0
Walker,CHATTANOOGA VALLEY,State Senator,53,R,JEFF MULLIS (I),2869,115,1693,1061,0
Walker,KENSINGTON,State Senator,53,R,JEFF MULLIS (I),640,20,450,170,0
Walker,ROSSVILLE,State Senator,53,R,JEFF MULLIS (I),2311,115,949,1246,1
Walker,CHICKAMAUGA,State Senator,53,R,JEFF MULLIS (I),3151,108,1272,1771,0
Walker,FAIRYLAND,State Senator,53,R,JEFF MULLIS (I),764,39,383,342,0
Walker,FAIRVIEW,State Senator,53,R,JEFF MULLIS (I),1189,68,737,382,2
Walker,,State Representative,1,R,JOHN DEFFENBAUGH,7579,357,4061,3159,2
Walker,CENTER POST,State Representative,1,R,JOHN DEFFENBAUGH,283,6,200,77,0
Walker,MOUNTAIN,State Representative,1,R,JOHN DEFFENBAUGH,431,15,329,87,0
Walker,CHATTANOOGA VALLEY,State Representative,1,R,JOHN DEFFENBAUGH,2278,103,1326,849,0
Walker,KENSINGTON,State Representative,1,R,JOHN DEFFENBAUGH,471,18,333,120,0
Walker,ROSSVILLE,State Representative,1,R,JOHN DEFFENBAUGH,1774,96,690,988,0
Walker,CHICKAMAUGA,State Representative,1,R,JOHN DEFFENBAUGH,748,19,284,445,0
Walker,FAIRYLAND,State Representative,1,R,JOHN DEFFENBAUGH,680,37,351,292,0
Walker,FAIRVIEW,State Representative,1,R,JOHN DEFFENBAUGH,914,63,548,301,2
Walker,,State Representative,1,D,THOMAS MCMAHAN,3156,151,1723,1281,1
Walker,CENTER POST,State Representative,1,D,THOMAS MCMAHAN,95,8,59,28,0
Walker,MOUNTAIN,State Representative,1,D,THOMAS MCMAHAN,153,6,118,29,0
Walker,CHATTANOOGA VALLEY,State Representative,1,D,THOMAS MCMAHAN,919,44,524,351,0
Walker,KENSINGTON,State Representative,1,D,THOMAS MCMAHAN,266,6,183,77,0
Walker,ROSSVILLE,State Representative,1,D,THOMAS MCMAHAN,835,47,365,422,1
Walker,CHICKAMAUGA,State Representative,1,D,THOMAS MCMAHAN,309,12,139,158,0
Walker,FAIRYLAND,State Representative,1,D,THOMAS MCMAHAN,160,9,65,86,0
Walker,FAIRVIEW,State Representative,1,D,THOMAS MCMAHAN,419,19,270,130,0
Walker,,State Representative,2,R,JAY NEAL (I),8766,351,3910,4504,1
Walker,LAFAYETTE,State Representative,2,R,JAY NEAL (I),2407,125,1055,1227,0
Walker,CENTER POST,State Representative,2,R,JAY NEAL (I),662,28,314,319,1
Walker,ROCK SPRING,State Representative,2,R,JAY NEAL (I),2949,98,1187,1664,0
Walker,ARMUCHEE VALLEY,State Representative,2,R,JAY NEAL (I),582,21,464,97,0
Walker,CHICKAMAUGA,State Representative,2,R,JAY NEAL (I),2166,79,890,1197,0
Walker,,District Attorney, Lookout Mountain Circuit,R,H. FRANKLIN (I),17771,749,8862,8156,4
Walker,LAFAYETTE,District Attorney, Lookout Mountain Circuit,R,H. FRANKLIN (I),2337,130,1026,1181,0
Walker,CENTER POST,District Attorney, Lookout Mountain Circuit,R,H. FRANKLIN (I),1012,36,556,419,1
Walker,ROCK SPRING,District Attorney, Lookout Mountain Circuit,R,H. FRANKLIN (I),2812,87,1137,1588,0
Walker,ARMUCHEE VALLEY,District Attorney, Lookout Mountain Circuit,R,H. FRANKLIN (I),552,20,442,90,0
Walker,MOUNTAIN,District Attorney, Lookout Mountain Circuit,R,H. FRANKLIN (I),516,20,393,103,0
Walker,CHATTANOOGA VALLEY,District Attorney, Lookout Mountain Circuit,R,H. FRANKLIN (I),2807,116,1649,1042,0
Walker,KENSINGTON,District Attorney, Lookout Mountain Circuit,R,H. FRANKLIN (I),621,18,437,166,0
Walker,ROSSVILLE,District Attorney, Lookout Mountain Circuit,R,H. FRANKLIN (I),2239,114,921,1203,1
Walker,CHICKAMAUGA,District Attorney, Lookout Mountain Circuit,R,H. FRANKLIN (I),2978,101,1205,1672,0
Walker,FAIRYLAND,District Attorney, Lookout Mountain Circuit,R,H. FRANKLIN (I),770,39,391,340,0
Walker,FAIRVIEW,District Attorney, Lookout Mountain Circuit,R,H. FRANKLIN (I),1127,68,705,352,2
Walker,,JUDGE, PROBATE COURT,R,C. ANDERSON (I),18386,798,9052,8532,4
Walker,LAFAYETTE,JUDGE, PROBATE COURT,R,C. ANDERSON (I),2484,144,1070,1270,0
Walker,CENTER POST,JUDGE, PROBATE COURT,R,C. ANDERSON (I),1063,36,569,457,1
Walker,ROCK SPRING,JUDGE, PROBATE COURT,R,C. ANDERSON (I),2947,97,1167,1683,0
Walker,ARMUCHEE VALLEY,JUDGE, PROBATE COURT,R,C. ANDERSON (I),568,21,452,95,0
Walker,MOUNTAIN,JUDGE, PROBATE COURT,R,C. ANDERSON (I),512,21,393,98,0
Walker,CHATTANOOGA VALLEY,JUDGE, PROBATE COURT,R,C. ANDERSON (I),2854,122,1666,1066,0
Walker,KENSINGTON,JUDGE, PROBATE COURT,R,C. ANDERSON (I),651,21,451,179,0
Walker,ROSSVILLE,JUDGE, PROBATE COURT,R,C. ANDERSON (I),2294,118,935,1240,1
Walker,CHICKAMAUGA,JUDGE, PROBATE COURT,R,C. ANDERSON (I),3082,109,1238,1735,0
Walker,FAIRYLAND,JUDGE, PROBATE COURT,R,C. ANDERSON (I),761,39,386,336,0
Walker,FAIRVIEW,JUDGE, PROBATE COURT,R,C. ANDERSON (I),1170,70,725,373,2
Walker,,CLERK, SUPERIOR COURT,R,CARTER BROWN (I),18167,773,8959,8431,4
Walker,LAFAYETTE,CLERK, SUPERIOR COURT,R,CARTER BROWN (I),2417,134,1035,1248,0
Walker,CENTER POST,CLERK, SUPERIOR COURT,R,CARTER BROWN (I),1053,36,566,450,1
Walker,ROCK SPRING,CLERK, SUPERIOR COURT,R,CARTER BROWN (I),2903,93,1160,1650,0
Walker,ARMUCHEE VALLEY,CLERK, SUPERIOR COURT,R,CARTER BROWN (I),568,21,452,95,0
Walker,MOUNTAIN,CLERK, SUPERIOR COURT,R,CARTER BROWN (I),506,21,385,100,0
Walker,CHATTANOOGA VALLEY,CLERK, SUPERIOR COURT,R,CARTER BROWN (I),2827,116,1662,1049,0
Walker,KENSINGTON,CLERK, SUPERIOR COURT,R,CARTER BROWN (I),637,23,439,175,0
Walker,ROSSVILLE,CLERK, SUPERIOR COURT,R,CARTER BROWN (I),2277,119,929,1228,1
Walker,CHICKAMAUGA,CLERK, SUPERIOR COURT,R,CARTER BROWN (I),3060,104,1230,1726,0
Walker,FAIRYLAND,CLERK, SUPERIOR COURT,R,CARTER BROWN (I),765,37,388,340,0
Walker,FAIRVIEW,CLERK, SUPERIOR COURT,R,CARTER BROWN (I),1154,69,713,370,2
Walker,,SHERIFF,,R,STEVE WILSON (I),17281,796,8341,8140,4
Walker,LAFAYETTE,SHERIFF,,R,STEVE WILSON (I),2175,138,882,1155,0
Walker,CENTER POST,SHERIFF,,R,STEVE WILSON (I),945,32,513,399,1
Walker,ROCK SPRING,SHERIFF,,R,STEVE WILSON (I),2689,91,1036,1562,0
Walker,ARMUCHEE VALLEY,SHERIFF,,R,STEVE WILSON (I),545,21,434,90,0
Walker,MOUNTAIN,SHERIFF,,R,STEVE WILSON (I),520,19,406,95,0
Walker,CHATTANOOGA VALLEY,SHERIFF,,R,STEVE WILSON (I),2756,128,1598,1030,0
Walker,KENSINGTON,SHERIFF,,R,STEVE WILSON (I),598,23,404,171,0
Walker,ROSSVILLE,SHERIFF,,R,STEVE WILSON (I),2183,128,836,1218,1
Walker,CHICKAMAUGA,SHERIFF,,R,STEVE WILSON (I),2996,109,1161,1726,0
Walker,FAIRYLAND,SHERIFF,,R,STEVE WILSON (I),732,39,375,318,0
Walker,FAIRVIEW,SHERIFF,,R,STEVE WILSON (I),1142,68,696,376,2
Walker,,SHERIFF,,D,TIM A. WESTBROOK,4167,169,2109,1889,0
Walker,LAFAYETTE,SHERIFF,,D,TIM A. WESTBROOK,662,35,315,312,0
Walker,CENTER POST,SHERIFF,,D,TIM A. WESTBROOK,243,13,116,114,0
Walker,ROCK SPRING,SHERIFF,,D,TIM A. WESTBROOK,693,25,291,377,0
Walker,ARMUCHEE VALLEY,SHERIFF,,D,TIM A. WESTBROOK,129,3,98,28,0
Walker,MOUNTAIN,SHERIFF,,D,TIM A. WESTBROOK,95,2,68,25,0
Walker,CHATTANOOGA VALLEY,SHERIFF,,D,TIM A. WESTBROOK,605,30,333,242,0
Walker,KENSINGTON,SHERIFF,,D,TIM A. WESTBROOK,188,4,140,44,0
Walker,ROSSVILLE,SHERIFF,,D,TIM A. WESTBROOK,542,19,260,263,0
Walker,CHICKAMAUGA,SHERIFF,,D,TIM A. WESTBROOK,624,18,270,336,0
Walker,FAIRYLAND,SHERIFF,,D,TIM A. WESTBROOK,114,5,47,62,0
Walker,FAIRVIEW,SHERIFF,,D,TIM A. WESTBROOK,272,15,171,86,0
Walker,,TAX COMMISSIONER,,R,CAROLYN WALKER (I),18911,821,9326,8760,4
Walker,LAFAYETTE,TAX COMMISSIONER,,R,CAROLYN WALKER (I),2456,141,1063,1252,0
Walker,CENTER POST,TAX COMMISSIONER,,R,CAROLYN WALKER (I),1032,34,559,438,1
Walker,ROCK SPRING,TAX COMMISSIONER,,R,CAROLYN WALKER (I),2973,97,1183,1693,0
Walker,ARMUCHEE VALLEY,TAX COMMISSIONER,,R,CAROLYN WALKER (I),595,21,471,103,0
Walker,MOUNTAIN,TAX COMMISSIONER,,R,CAROLYN WALKER (I),550,20,425,105,0
Walker,CHATTANOOGA VALLEY,TAX COMMISSIONER,,R,CAROLYN WALKER (I),2975,128,1741,1106,0
Walker,KENSINGTON,TAX COMMISSIONER,,R,CAROLYN WALKER (I),670,23,464,183,0
Walker,ROSSVILLE,TAX COMMISSIONER,,R,CAROLYN WALKER (I),2416,133,977,1305,1
Walker,CHICKAMAUGA,TAX COMMISSIONER,,R,CAROLYN WALKER (I),3197,109,1274,1814,0
Walker,FAIRYLAND,TAX COMMISSIONER,,R,CAROLYN WALKER (I),796,40,399,357,0
Walker,FAIRVIEW,TAX COMMISSIONER,,R,CAROLYN WALKER (I),1251,75,770,404,2
Walker,,SURVEYOR,,R,CHARLES WARDLAW (I),18228,784,9013,8427,4
Walker,LAFAYETTE,SURVEYOR,,R,CHARLES WARDLAW (I),2413,141,1050,1222,0
Walker,CENTER POST,SURVEYOR,,R,CHARLES WARDLAW (I),1048,36,570,441,1
Walker,ROCK SPRING,SURVEYOR,,R,CHARLES WARDLAW (I),2926,94,1164,1668,0
Walker,ARMUCHEE VALLEY,SURVEYOR,,R,CHARLES WARDLAW (I),567,21,446,100,0
Walker,MOUNTAIN,SURVEYOR,,R,CHARLES WARDLAW (I),511,21,393,97,0
Walker,CHATTANOOGA VALLEY,SURVEYOR,,R,CHARLES WARDLAW (I),2819,116,1660,1043,0
Walker,KENSINGTON,SURVEYOR,,R,CHARLES WARDLAW (I),650,21,453,176,0
Walker,ROSSVILLE,SURVEYOR,,R,CHARLES WARDLAW (I),2275,120,923,1231,1
Walker,CHICKAMAUGA,SURVEYOR,,R,CHARLES WARDLAW (I),3081,106,1246,1729,0
Walker,FAIRYLAND,SURVEYOR,,R,CHARLES WARDLAW (I),768,39,387,342,0
Walker,FAIRVIEW,SURVEYOR,,R,CHARLES WARDLAW (I),1170,69,721,378,2
Walker,,CORONER,,R,W. D. WILSON (I),18107,744,9028,8331,4
Walker,LAFAYETTE,CORONER,,R,W. D. WILSON (I),2358,124,1037,1197,0
Walker,CENTER POST,CORONER,,R,W. D. WILSON (I),1027,35,568,423,1
Walker,ROCK SPRING,CORONER,,R,W. D. WILSON (I),2869,91,1164,1614,0
Walker,ARMUCHEE VALLEY,CORONER,,R,W. D. WILSON (I),571,20,458,93,0
Walker,MOUNTAIN,CORONER,,R,W. D. WILSON (I),521,20,399,102,0
Walker,CHATTANOOGA VALLEY,CORONER,,R,W. D. WILSON (I),2851,119,1671,1061,0
Walker,KENSINGTON,CORONER,,R,W. D. WILSON (I),637,19,442,176,0
Walker,ROSSVILLE,CORONER,,R,W. D. WILSON (I),2277,111,938,1227,1
Walker,CHICKAMAUGA,CORONER,,R,W. D. WILSON (I),3044,102,1229,1713,0
Walker,FAIRYLAND,CORONER,,R,W. D. WILSON (I),760,36,385,339,0
Walker,FAIRVIEW,CORONER,,R,W. D. WILSON (I),1192,67,737,386,2
Walker,,CHIEF MAGISTRATE,,R,SHELIA THOMPSON (I),18301,770,9065,8463,3
Walker,LAFAYETTE,CHIEF MAGISTRATE,,R,SHELIA THOMPSON (I),2434,131,1064,1239,0
Walker,CENTER POST,CHIEF MAGISTRATE,,R,SHELIA THOMPSON (I),1044,36,564,443,1
Walker,ROCK SPRING,CHIEF MAGISTRATE,,R,SHELIA THOMPSON (I),2967,99,1176,1692,0
Walker,ARMUCHEE VALLEY,CHIEF MAGISTRATE,,R,SHELIA THOMPSON (I),571,20,458,93,0
Walker,MOUNTAIN,CHIEF MAGISTRATE,,R,SHELIA THOMPSON (I),506,20,386,100,0
Walker,CHATTANOOGA VALLEY,CHIEF MAGISTRATE,,R,SHELIA THOMPSON (I),2831,118,1668,1045,0
Walker,KENSINGTON,CHIEF MAGISTRATE,,R,SHELIA THOMPSON (I),645,21,447,177,0
Walker,ROSSVILLE,CHIEF MAGISTRATE,,R,SHELIA THOMPSON (I),2275,112,934,1228,1
Walker,CHICKAMAUGA,CHIEF MAGISTRATE,,R,SHELIA THOMPSON (I),3097,105,1258,1734,0
Walker,FAIRYLAND,CHIEF MAGISTRATE,,R,SHELIA THOMPSON (I),757,37,385,335,0
Walker,FAIRVIEW,CHIEF MAGISTRATE,,R,SHELIA THOMPSON (I),1174,71,725,377,1
Walker,,CC, SOLE,R,BEBE HEISKELL (I),13383,675,6380,6326,2
Walker,LAFAYETTE,CC, SOLE,R,BEBE HEISKELL (I),1288,103,479,706,0
Walker,CENTER POST,CC, SOLE,R,BEBE HEISKELL (I),532,23,273,235,1
Walker,ROCK SPRING,CC, SOLE,R,BEBE HEISKELL (I),1879,73,743,1063,0
Walker,ARMUCHEE VALLEY,CC, SOLE,R,BEBE HEISKELL (I),387,13,308,66,0
Walker,MOUNTAIN,CC, SOLE,R,BEBE HEISKELL (I),324,13,245,66,0
Walker,CHATTANOOGA VALLEY,CC, SOLE,R,BEBE HEISKELL (I),2272,113,1300,859,0
Walker,KENSINGTON,CC, SOLE,R,BEBE HEISKELL (I),439,18,284,137,0
Walker,ROSSVILLE,CC, SOLE,R,BEBE HEISKELL (I),2021,109,786,1125,1
Walker,CHICKAMAUGA,CC, SOLE,R,BEBE HEISKELL (I),2441,104,941,1396,0
Walker,FAIRYLAND,CC, SOLE,R,BEBE HEISKELL (I),731,37,370,324,0
Walker,FAIRVIEW,CC, SOLE,R,BEBE HEISKELL (I),1069,69,651,349,0
Walker,,BOE P1,,R,KAREN C. STOKER,16802,731,8432,7635,4
Walker,LAFAYETTE,BOE P1,,R,KAREN C. STOKER,2332,132,1011,1189,0
Walker,CENTER POST,BOE P1,,R,KAREN C. STOKER,1029,37,567,424,1
Walker,ROCK SPRING,BOE P1,,R,KAREN C. STOKER,2839,93,1129,1617,0
Walker,ARMUCHEE VALLEY,BOE P1,,R,KAREN C. STOKER,554,19,443,92,0
Walker,MOUNTAIN,BOE P1,,R,KAREN C. STOKER,502,20,381,101,0
Walker,CHATTANOOGA VALLEY,BOE P1,,R,KAREN C. STOKER,2788,119,1646,1023,0
Walker,KENSINGTON,BOE P1,,R,KAREN C. STOKER,640,20,446,174,0
Walker,ROSSVILLE,BOE P1,,R,KAREN C. STOKER,2217,109,916,1191,1
Walker,CHICKAMAUGA,BOE P1,,R,KAREN C. STOKER,1987,74,791,1122,0
Walker,FAIRYLAND,BOE P1,,R,KAREN C. STOKER,749,37,374,338,0
Walker,FAIRVIEW,BOE P1,,R,KAREN C. STOKER,1165,71,728,364,2
Walker,,BOE P4,,R,DALE WILSON,16894,665,8491,7737,1
Walker,LAFAYETTE,BOE P4,,R,DALE WILSON,2440,125,1053,1262,0
Walker,CENTER POST,BOE P4,,R,DALE WILSON,1051,35,571,444,1
Walker,ROCK SPRING,BOE P4,,R,DALE WILSON,2862,81,1153,1628,0
Walker,ARMUCHEE VALLEY,BOE P4,,R,DALE WILSON,560,19,451,90,0
Walker,MOUNTAIN,BOE P4,,R,DALE WILSON,501,15,386,100,0
Walker,CHATTANOOGA VALLEY,BOE P4,,R,DALE WILSON,2754,106,1639,1009,0
Walker,KENSINGTON,BOE P4,,R,DALE WILSON,646,22,452,172,0
Walker,ROSSVILLE,BOE P4,,R,DALE WILSON,2227,101,914,1212,0
Walker,CHICKAMAUGA,BOE P4,,R,DALE WILSON,1963,64,778,1121,0
Walker,FAIRYLAND,BOE P4,,R,DALE WILSON,742,34,376,332,0
Walker,FAIRVIEW,BOE P4,,R,DALE WILSON,1148,63,718,367,0
Walker,,BOE P5,,R,PHYLLIS HUNTER (I),16642,721,8342,7576,3
Walker,LAFAYETTE,BOE P5,,R,PHYLLIS HUNTER (I),2349,132,1028,1189,0
Walker,CENTER POST,BOE P5,,R,PHYLLIS HUNTER (I),1004,36,549,418,1
Walker,ROCK SPRING,BOE P5,,R,PHYLLIS HUNTER (I),2834,92,1131,1611,0
Walker,ARMUCHEE VALLEY,BOE P5,,R,PHYLLIS HUNTER (I),550,19,439,92,0
Walker,MOUNTAIN,BOE P5,,R,PHYLLIS HUNTER (I),493,20,374,99,0
Walker,CHATTANOOGA VALLEY,BOE P5,,R,PHYLLIS HUNTER (I),2745,116,1622,1007,0
Walker,KENSINGTON,BOE P5,,R,PHYLLIS HUNTER (I),619,20,433,166,0
Walker,ROSSVILLE,BOE P5,,R,PHYLLIS HUNTER (I),2225,111,907,1206,1
Walker,CHICKAMAUGA,BOE P5,,R,PHYLLIS HUNTER (I),1934,69,775,1090,0
Walker,FAIRYLAND,BOE P5,,R,PHYLLIS HUNTER (I),746,37,375,334,0
Walker,FAIRVIEW,BOE P5,,R,PHYLLIS HUNTER (I),1143,69,709,364,1
Walker,,Constitutional Amendment #1<br>Shall the Constitution be amended to allow state or local approval of public charter schools upon the request of local communities?,,,YES,11367,552,5458,5356,1
Walker,LAFAYETTE,Constitutional Amendment #1<br>Shall the Constitution be amended to allow state or local approval of public charter schools upon the request of local communities?,,,YES,1436,98,585,753,0
Walker,CENTER POST,Constitutional Amendment #1<br>Shall the Constitution be amended to allow state or local approval of public charter schools upon the request of local communities?,,,YES,560,34,261,265,0
Walker,ROCK SPRING,Constitutional Amendment #1<br>Shall the Constitution be amended to allow state or local approval of public charter schools upon the request of local communities?,,,YES,1687,54,674,959,0
Walker,ARMUCHEE VALLEY,Constitutional Amendment #1<br>Shall the Constitution be amended to allow state or local approval of public charter schools upon the request of local communities?,,,YES,309,10,230,69,0
Walker,MOUNTAIN,Constitutional Amendment #1<br>Shall the Constitution be amended to allow state or local approval of public charter schools upon the request of local communities?,,,YES,309,15,221,73,0
Walker,CHATTANOOGA VALLEY,Constitutional Amendment #1<br>Shall the Constitution be amended to allow state or local approval of public charter schools upon the request of local communities?,,,YES,1851,95,1026,730,0
Walker,KENSINGTON,Constitutional Amendment #1<br>Shall the Constitution be amended to allow state or local approval of public charter schools upon the request of local communities?,,,YES,385,13,267,105,0
Walker,ROSSVILLE,Constitutional Amendment #1<br>Shall the Constitution be amended to allow state or local approval of public charter schools upon the request of local communities?,,,YES,1608,86,670,851,1
Walker,CHICKAMAUGA,Constitutional Amendment #1<br>Shall the Constitution be amended to allow state or local approval of public charter schools upon the request of local communities?,,,YES,1806,64,725,1017,0
Walker,FAIRYLAND,Constitutional Amendment #1<br>Shall the Constitution be amended to allow state or local approval of public charter schools upon the request of local communities?,,,YES,644,36,317,291,0
Walker,FAIRVIEW,Constitutional Amendment #1<br>Shall the Constitution be amended to allow state or local approval of public charter schools upon the request of local communities?,,,YES,772,47,482,243,0
Walker,,Constitutional Amendment #1<br>Shall the Constitution be amended to allow state or local approval of public charter schools upon the request of local communities?,,,NO,8922,331,4557,4031,3
Walker,LAFAYETTE,Constitutional Amendment #1<br>Shall the Constitution be amended to allow state or local approval of public charter schools upon the request of local communities?,,,NO,1251,62,568,621,0
Walker,CENTER POST,Constitutional Amendment #1<br>Shall the Constitution be amended to allow state or local approval of public charter schools upon the request of local communities?,,,NO,573,12,348,212,1
Walker,ROCK SPRING,Constitutional Amendment #1<br>Shall the Constitution be amended to allow state or local approval of public charter schools upon the request of local communities?,,,NO,1539,50,615,874,0
Walker,ARMUCHEE VALLEY,Constitutional Amendment #1<br>Shall the Constitution be amended to allow state or local approval of public charter schools upon the request of local communities?,,,NO,336,11,281,44,0
Walker,MOUNTAIN,Constitutional Amendment #1<br>Shall the Constitution be amended to allow state or local approval of public charter schools upon the request of local communities?,,,NO,266,5,222,39,0
Walker,CHATTANOOGA VALLEY,Constitutional Amendment #1<br>Shall the Constitution be amended to allow state or local approval of public charter schools upon the request of local communities?,,,NO,1317,47,807,463,0
Walker,KENSINGTON,Constitutional Amendment #1<br>Shall the Constitution be amended to allow state or local approval of public charter schools upon the request of local communities?,,,NO,340,12,241,87,0
Walker,ROSSVILLE,Constitutional Amendment #1<br>Shall the Constitution be amended to allow state or local approval of public charter schools upon the request of local communities?,,,NO,953,50,383,520,0
Walker,CHICKAMAUGA,Constitutional Amendment #1<br>Shall the Constitution be amended to allow state or local approval of public charter schools upon the request of local communities?,,,NO,1617,45,665,907,0
Walker,FAIRYLAND,Constitutional Amendment #1<br>Shall the Constitution be amended to allow state or local approval of public charter schools upon the request of local communities?,,,NO,184,7,92,85,0
Walker,FAIRVIEW,Constitutional Amendment #1<br>Shall the Constitution be amended to allow state or local approval of public charter schools upon the request of local communities?,,,NO,546,30,335,179,2
Walker,,Constitutional Amendment #2<br>Shall the Constitution be amended so as to provide for a reduction in the state's operating costs by allowing the General Assembly to authorize certain state agencies to enter into multiyear rental agreements?,,,YES,11772,569,5633,5567,3
Walker,LAFAYETTE,Constitutional Amendment #2<br>Shall the Constitution be amended so as to provide for a reduction in the state's operating costs by allowing the General Assembly to authorize certain state agencies to enter into multiyear rental agreements?,,,YES,1520,90,655,775,0
Walker,CENTER POST,Constitutional Amendment #2<br>Shall the Constitution be amended so as to provide for a reduction in the state's operating costs by allowing the General Assembly to authorize certain state agencies to enter into multiyear rental agreements?,,,YES,593,31,286,276,0
Walker,ROCK SPRING,Constitutional Amendment #2<br>Shall the Constitution be amended so as to provide for a reduction in the state's operating costs by allowing the General Assembly to authorize certain state agencies to enter into multiyear rental agreements?,,,YES,1843,61,707,1075,0
Walker,ARMUCHEE VALLEY,Constitutional Amendment #2<br>Shall the Constitution be amended so as to provide for a reduction in the state's operating costs by allowing the General Assembly to authorize certain state agencies to enter into multiyear rental agreements?,,,YES,351,15,264,72,0
Walker,MOUNTAIN,Constitutional Amendment #2<br>Shall the Constitution be amended so as to provide for a reduction in the state's operating costs by allowing the General Assembly to authorize certain state agencies to enter into multiyear rental agreements?,,,YES,300,18,207,75,0
Walker,CHATTANOOGA VALLEY,Constitutional Amendment #2<br>Shall the Constitution be amended so as to provide for a reduction in the state's operating costs by allowing the General Assembly to authorize certain state agencies to enter into multiyear rental agreements?,,,YES,1906,98,1073,735,0
Walker,KENSINGTON,Constitutional Amendment #2<br>Shall the Constitution be amended so as to provide for a reduction in the state's operating costs by allowing the General Assembly to authorize certain state agencies to enter into multiyear rental agreements?,,,YES,380,14,255,111,0
Walker,ROSSVILLE,Constitutional Amendment #2<br>Shall the Constitution be amended so as to provide for a reduction in the state's operating costs by allowing the General Assembly to authorize certain state agencies to enter into multiyear rental agreements?,,,YES,1571,93,637,840,1
Walker,CHICKAMAUGA,Constitutional Amendment #2<br>Shall the Constitution be amended so as to provide for a reduction in the state's operating costs by allowing the General Assembly to authorize certain state agencies to enter into multiyear rental agreements?,,,YES,1924,59,790,1075,0
Walker,FAIRYLAND,Constitutional Amendment #2<br>Shall the Constitution be amended so as to provide for a reduction in the state's operating costs by allowing the General Assembly to authorize certain state agencies to enter into multiyear rental agreements?,,,YES,644,40,307,297,0
Walker,FAIRVIEW,Constitutional Amendment #2<br>Shall the Constitution be amended so as to provide for a reduction in the state's operating costs by allowing the General Assembly to authorize certain state agencies to enter into multiyear rental agreements?,,,YES,740,50,452,236,2
Walker,,Constitutional Amendment #2<br>Shall the Constitution be amended so as to provide for a reduction in the state's operating costs by allowing the General Assembly to authorize certain state agencies to enter into multiyear rental agreements?,,,NO,8064,287,4156,3620,1
Walker,LAFAYETTE,Constitutional Amendment #2<br>Shall the Constitution be amended so as to provide for a reduction in the state's operating costs by allowing the General Assembly to authorize certain state agencies to enter into multiyear rental agreements?,,,NO,1136,63,487,586,0
Walker,CENTER POST,Constitutional Amendment #2<br>Shall the Constitution be amended so as to provide for a reduction in the state's operating costs by allowing the General Assembly to authorize certain state agencies to enter into multiyear rental agreements?,,,NO,514,14,308,191,1
Walker,ROCK SPRING,Constitutional Amendment #2<br>Shall the Constitution be amended so as to provide for a reduction in the state's operating costs by allowing the General Assembly to authorize certain state agencies to enter into multiyear rental agreements?,,,NO,1294,36,544,714,0
Walker,ARMUCHEE VALLEY,Constitutional Amendment #2<br>Shall the Constitution be amended so as to provide for a reduction in the state's operating costs by allowing the General Assembly to authorize certain state agencies to enter into multiyear rental agreements?,,,NO,274,7,228,39,0
Walker,MOUNTAIN,Constitutional Amendment #2<br>Shall the Constitution be amended so as to provide for a reduction in the state's operating costs by allowing the General Assembly to authorize certain state agencies to enter into multiyear rental agreements?,,,NO,245,5,204,36,0
Walker,CHATTANOOGA VALLEY,Constitutional Amendment #2<br>Shall the Constitution be amended so as to provide for a reduction in the state's operating costs by allowing the General Assembly to authorize certain state agencies to enter into multiyear rental agreements?,,,NO,1221,43,748,430,0
Walker,KENSINGTON,Constitutional Amendment #2<br>Shall the Constitution be amended so as to provide for a reduction in the state's operating costs by allowing the General Assembly to authorize certain state agencies to enter into multiyear rental agreements?,,,NO,351,11,253,87,0
Walker,ROSSVILLE,Constitutional Amendment #2<br>Shall the Constitution be amended so as to provide for a reduction in the state's operating costs by allowing the General Assembly to authorize certain state agencies to enter into multiyear rental agreements?,,,NO,948,36,407,505,0
Walker,CHICKAMAUGA,Constitutional Amendment #2<br>Shall the Constitution be amended so as to provide for a reduction in the state's operating costs by allowing the General Assembly to authorize certain state agencies to enter into multiyear rental agreements?,,,NO,1375,44,535,796,0
Walker,FAIRYLAND,Constitutional Amendment #2<br>Shall the Constitution be amended so as to provide for a reduction in the state's operating costs by allowing the General Assembly to authorize certain state agencies to enter into multiyear rental agreements?,,,NO,142,4,80,58,0
Walker,FAIRVIEW,Constitutional Amendment #2<br>Shall the Constitution be amended so as to provide for a reduction in the state's operating costs by allowing the General Assembly to authorize certain state agencies to enter into multiyear rental agreements?,,,NO,564,24,362,178,0
