county,precinct,office,district,party,candidate,votes,absentee_by_mail,election_day,advance_in_person,provisional
Habersham,,President of the United States,,R,MITT ROMNEY,12166,806,4440,6906,14
Habersham,Clarkesville,President of the United States,,R,MITT ROMNEY,1842,135,380,1320,7
Habersham,Cornelia,President of the United States,,R,MITT ROMNEY,641,50,315,275,1
Habersham,Demorest,President of the United States,,R,MITT ROMNEY,888,75,371,441,1
Habersham,Center Hill,President of the United States,,R,MITT ROMNEY,1764,106,571,1087,0
Habersham,Mud Creek,President of the United States,,R,MITT ROMNEY,1018,72,479,467,0
Habersham,Glade Creek,President of the United States,,R,MITT ROMNEY,767,49,274,442,2
Habersham,Deep Creek,President of the United States,,R,MITT ROMNEY,668,23,271,372,2
Habersham,Fork,President of the United States,,R,MITT ROMNEY,908,46,367,495,0
Habersham,Baldwin,President of the United States,,R,MITT ROMNEY,465,47,223,195,0
Habersham,View,President of the United States,,R,MITT ROMNEY,1019,69,402,547,1
Habersham,Falling Water,President of the United States,,R,MITT ROMNEY,456,18,172,266,0
Habersham,Batesville,President of the United States,,R,MITT ROMNEY,284,24,160,100,0
Habersham,Fair Play,President of the United States,,R,MITT ROMNEY,910,62,210,638,0
Habersham,Cool Springs,President of the United States,,R,MITT ROMNEY,536,30,245,261,0
Habersham,,President of the United States,,(D,BARACK OBAMA (I),2301,194,966,1137,4
Habersham,Clarkesville,President of the United States,,(D,BARACK OBAMA (I),399,47,98,254,0
Habersham,Cornelia,President of the United States,,(D,BARACK OBAMA (I),321,29,156,133,3
Habersham,Demorest,President of the United States,,(D,BARACK OBAMA (I),178,17,74,87,0
Habersham,Center Hill,President of the United States,,(D,BARACK OBAMA (I),264,27,110,126,1
Habersham,Mud Creek,President of the United States,,(D,BARACK OBAMA (I),188,11,99,78,0
Habersham,Glade Creek,President of the United States,,(D,BARACK OBAMA (I),112,10,51,51,0
Habersham,Deep Creek,President of the United States,,(D,BARACK OBAMA (I),110,7,53,50,0
Habersham,Fork,President of the United States,,(D,BARACK OBAMA (I),120,7,55,58,0
Habersham,Baldwin,President of the United States,,(D,BARACK OBAMA (I),104,5,63,36,0
Habersham,View,President of the United States,,(D,BARACK OBAMA (I),138,6,66,66,0
Habersham,Falling Water,President of the United States,,(D,BARACK OBAMA (I),53,3,27,23,0
Habersham,Batesville,President of the United States,,(D,BARACK OBAMA (I),50,7,28,15,0
Habersham,Fair Play,President of the United States,,(D,BARACK OBAMA (I),146,9,41,96,0
Habersham,Cool Springs,President of the United States,,(D,BARACK OBAMA (I),118,9,45,64,0
Habersham,,President of the United States,,L,GARY JOHNSON,155,9,99,47,0
Habersham,Clarkesville,President of the United States,,L,GARY JOHNSON,27,0,16,11,0
Habersham,Cornelia,President of the United States,,L,GARY JOHNSON,9,0,8,1,0
Habersham,Demorest,President of the United States,,L,GARY JOHNSON,15,2,12,1,0
Habersham,Center Hill,President of the United States,,L,GARY JOHNSON,14,4,5,5,0
Habersham,Mud Creek,President of the United States,,L,GARY JOHNSON,7,1,4,2,0
Habersham,Glade Creek,President of the United States,,L,GARY JOHNSON,13,2,8,3,0
Habersham,Deep Creek,President of the United States,,L,GARY JOHNSON,15,0,12,3,0
Habersham,Fork,President of the United States,,L,GARY JOHNSON,8,0,6,2,0
Habersham,Baldwin,President of the United States,,L,GARY JOHNSON,7,0,4,3,0
Habersham,View,President of the United States,,L,GARY JOHNSON,11,0,8,3,0
Habersham,Falling Water,President of the United States,,L,GARY JOHNSON,6,0,4,2,0
Habersham,Batesville,President of the United States,,L,GARY JOHNSON,2,0,2,0,0
Habersham,Fair Play,President of the United States,,L,GARY JOHNSON,10,0,5,5,0
Habersham,Cool Springs,President of the United States,,L,GARY JOHNSON,11,0,5,6,0
Habersham,,"Public Service Commission, District 3",3,(R,CHUCK EATON (I),10549,699,3837,6004,9
Habersham,Clarkesville,"Public Service Commission, District 3",3,(R,CHUCK EATON (I),1622,119,338,1159,6
Habersham,Cornelia,"Public Service Commission, District 3",3,(R,CHUCK EATON (I),555,43,277,234,1
Habersham,Demorest,"Public Service Commission, District 3",3,(R,CHUCK EATON (I),773,72,320,380,1
Habersham,Center Hill,"Public Service Commission, District 3",3,(R,CHUCK EATON (I),1540,89,507,944,0
Habersham,Mud Creek,"Public Service Commission, District 3",3,(R,CHUCK EATON (I),861,57,410,394,0
Habersham,Glade Creek,"Public Service Commission, District 3",3,(R,CHUCK EATON (I),645,39,236,369,1
Habersham,Deep Creek,"Public Service Commission, District 3",3,(R,CHUCK EATON (I),574,21,232,321,0
Habersham,Fork,"Public Service Commission, District 3",3,(R,CHUCK EATON (I),776,39,305,432,0
Habersham,Baldwin,"Public Service Commission, District 3",3,(R,CHUCK EATON (I),403,42,191,170,0
Habersham,View,"Public Service Commission, District 3",3,(R,CHUCK EATON (I),874,60,352,462,0
Habersham,Falling Water,"Public Service Commission, District 3",3,(R,CHUCK EATON (I),416,17,156,243,0
Habersham,Batesville,"Public Service Commission, District 3",3,(R,CHUCK EATON (I),245,21,141,83,0
Habersham,Fair Play,"Public Service Commission, District 3",3,(R,CHUCK EATON (I),801,52,175,574,0
Habersham,Cool Springs,"Public Service Commission, District 3",3,(R,CHUCK EATON (I),464,28,197,239,0
Habersham,,"Public Service Commission, District 3",3,D,STEPHEN OPPENHEIMER,2223,191,897,1131,4
Habersham,Clarkesville,"Public Service Commission, District 3",3,D,STEPHEN OPPENHEIMER,377,43,85,249,0
Habersham,Cornelia,"Public Service Commission, District 3",3,D,STEPHEN OPPENHEIMER,254,25,117,110,2
Habersham,Demorest,"Public Service Commission, District 3",3,D,STEPHEN OPPENHEIMER,182,18,70,94,0
Habersham,Center Hill,"Public Service Commission, District 3",3,D,STEPHEN OPPENHEIMER,261,26,97,137,1
Habersham,Mud Creek,"Public Service Commission, District 3",3,D,STEPHEN OPPENHEIMER,196,15,93,88,0
Habersham,Glade Creek,"Public Service Commission, District 3",3,D,STEPHEN OPPENHEIMER,124,12,56,56,0
Habersham,Deep Creek,"Public Service Commission, District 3",3,D,STEPHEN OPPENHEIMER,114,5,59,49,1
Habersham,Fork,"Public Service Commission, District 3",3,D,STEPHEN OPPENHEIMER,120,11,52,57,0
Habersham,Baldwin,"Public Service Commission, District 3",3,D,STEPHEN OPPENHEIMER,85,2,57,26,0
Habersham,View,"Public Service Commission, District 3",3,D,STEPHEN OPPENHEIMER,153,7,68,78,0
Habersham,Falling Water,"Public Service Commission, District 3",3,D,STEPHEN OPPENHEIMER,52,3,25,24,0
Habersham,Batesville,"Public Service Commission, District 3",3,D,STEPHEN OPPENHEIMER,48,7,27,14,0
Habersham,Fair Play,"Public Service Commission, District 3",3,D,STEPHEN OPPENHEIMER,142,8,44,90,0
Habersham,Cool Springs,"Public Service Commission, District 3",3,D,STEPHEN OPPENHEIMER,115,9,47,59,0
Habersham,,"Public Service Commission, District 3",3,L,BRAD PLOEGER,724,52,315,357,0
Habersham,Clarkesville,"Public Service Commission, District 3",3,L,BRAD PLOEGER,112,6,33,73,0
Habersham,Cornelia,"Public Service Commission, District 3",3,L,BRAD PLOEGER,57,3,30,24,0
Habersham,Demorest,"Public Service Commission, District 3",3,L,BRAD PLOEGER,46,1,35,10,0
Habersham,Center Hill,"Public Service Commission, District 3",3,L,BRAD PLOEGER,79,13,32,34,0
Habersham,Mud Creek,"Public Service Commission, District 3",3,L,BRAD PLOEGER,64,7,31,26,0
Habersham,Glade Creek,"Public Service Commission, District 3",3,L,BRAD PLOEGER,43,6,11,26,0
Habersham,Deep Creek,"Public Service Commission, District 3",3,L,BRAD PLOEGER,41,1,14,26,0
Habersham,Fork,"Public Service Commission, District 3",3,L,BRAD PLOEGER,54,1,28,25,0
Habersham,Baldwin,"Public Service Commission, District 3",3,L,BRAD PLOEGER,25,2,13,10,0
Habersham,View,"Public Service Commission, District 3",3,L,BRAD PLOEGER,64,4,28,32,0
Habersham,Falling Water,"Public Service Commission, District 3",3,L,BRAD PLOEGER,13,0,6,7,0
Habersham,Batesville,"Public Service Commission, District 3",3,L,BRAD PLOEGER,20,1,11,8,0
Habersham,Fair Play,"Public Service Commission, District 3",3,L,BRAD PLOEGER,59,6,16,37,0
Habersham,Cool Springs,"Public Service Commission, District 3",3,L,BRAD PLOEGER,47,1,27,19,0
Habersham,,"Public Service Commission, District 5",5,(R,STAN WISE (I),10837,711,3943,6173,10
Habersham,Clarkesville,"Public Service Commission, District 5",5,(R,STAN WISE (I),1657,119,341,1191,6
Habersham,Cornelia,"Public Service Commission, District 5",5,(R,STAN WISE (I),587,50,289,246,2
Habersham,Demorest,"Public Service Commission, District 5",5,(R,STAN WISE (I),820,73,340,406,1
Habersham,Center Hill,"Public Service Commission, District 5",5,(R,STAN WISE (I),1560,94,502,964,0
Habersham,Mud Creek,"Public Service Commission, District 5",5,(R,STAN WISE (I),895,57,429,409,0
Habersham,Glade Creek,"Public Service Commission, District 5",5,(R,STAN WISE (I),696,42,258,395,1
Habersham,Deep Creek,"Public Service Commission, District 5",5,(R,STAN WISE (I),578,22,233,323,0
Habersham,Fork,"Public Service Commission, District 5",5,(R,STAN WISE (I),785,39,308,438,0
Habersham,Baldwin,"Public Service Commission, District 5",5,(R,STAN WISE (I),406,39,198,169,0
Habersham,View,"Public Service Commission, District 5",5,(R,STAN WISE (I),899,60,358,481,0
Habersham,Falling Water,"Public Service Commission, District 5",5,(R,STAN WISE (I),423,17,157,249,0
Habersham,Batesville,"Public Service Commission, District 5",5,(R,STAN WISE (I),242,19,140,83,0
Habersham,Fair Play,"Public Service Commission, District 5",5,(R,STAN WISE (I),800,51,174,575,0
Habersham,Cool Springs,"Public Service Commission, District 5",5,(R,STAN WISE (I),489,29,216,244,0
Habersham,,"Public Service Commission, District 5",5,L,DAVID STAPLES,2298,169,1010,1116,3
Habersham,Clarkesville,"Public Service Commission, District 5",5,L,DAVID STAPLES,358,30,103,225,0
Habersham,Cornelia,"Public Service Commission, District 5",5,L,DAVID STAPLES,227,14,118,94,1
Habersham,Demorest,"Public Service Commission, District 5",5,L,DAVID STAPLES,167,9,81,77,0
Habersham,Center Hill,"Public Service Commission, District 5",5,L,DAVID STAPLES,281,30,115,135,1
Habersham,Mud Creek,"Public Service Commission, District 5",5,L,DAVID STAPLES,198,16,99,83,0
Habersham,Glade Creek,"Public Service Commission, District 5",5,L,DAVID STAPLES,114,13,52,49,0
Habersham,Deep Creek,"Public Service Commission, District 5",5,L,DAVID STAPLES,134,4,67,62,1
Habersham,Fork,"Public Service Commission, District 5",5,L,DAVID STAPLES,151,10,74,67,0
Habersham,Baldwin,"Public Service Commission, District 5",5,L,DAVID STAPLES,95,4,57,34,0
Habersham,View,"Public Service Commission, District 5",5,L,DAVID STAPLES,179,9,85,85,0
Habersham,Falling Water,"Public Service Commission, District 5",5,L,DAVID STAPLES,57,4,26,27,0
Habersham,Batesville,"Public Service Commission, District 5",5,L,DAVID STAPLES,55,6,32,17,0
Habersham,Fair Play,"Public Service Commission, District 5",5,L,DAVID STAPLES,165,12,51,102,0
Habersham,Cool Springs,"Public Service Commission, District 5",5,L,DAVID STAPLES,117,8,50,59,0
Habersham,,U.S. Representative,9,R,DOUG COLLINS,10947,737,3860,6339,11
Habersham,Clarkesville,U.S. Representative,9,R,DOUG COLLINS,1691,129,340,1215,7
Habersham,Cornelia,U.S. Representative,9,R,DOUG COLLINS,575,46,278,250,1
Habersham,Demorest,U.S. Representative,9,R,DOUG COLLINS,797,67,329,400,1
Habersham,Center Hill,U.S. Representative,9,R,DOUG COLLINS,1570,91,493,986,0
Habersham,Mud Creek,U.S. Representative,9,R,DOUG COLLINS,879,65,397,417,0
Habersham,Glade Creek,U.S. Representative,9,R,DOUG COLLINS,686,46,234,404,2
Habersham,Deep Creek,U.S. Representative,9,R,DOUG COLLINS,602,22,234,346,0
Habersham,Fork,U.S. Representative,9,R,DOUG COLLINS,804,33,315,456,0
Habersham,Baldwin,U.S. Representative,9,R,DOUG COLLINS,418,42,197,179,0
Habersham,View,U.S. Representative,9,R,DOUG COLLINS,916,67,353,496,0
Habersham,Falling Water,U.S. Representative,9,R,DOUG COLLINS,419,17,155,247,0
Habersham,Batesville,U.S. Representative,9,R,DOUG COLLINS,249,23,136,90,0
Habersham,Fair Play,U.S. Representative,9,R,DOUG COLLINS,840,59,173,608,0
Habersham,Cool Springs,U.S. Representative,9,R,DOUG COLLINS,501,30,226,245,0
Habersham,,U.S. Representative,9,D,JODY COOLEY,3014,224,1358,1427,5
Habersham,Clarkesville,U.S. Representative,9,D,JODY COOLEY,483,47,130,306,0
Habersham,Cornelia,U.S. Representative,9,D,JODY COOLEY,322,26,163,131,2
Habersham,Demorest,U.S. Representative,9,D,JODY COOLEY,240,24,106,110,0
Habersham,Center Hill,U.S. Representative,9,D,JODY COOLEY,371,40,151,179,1
Habersham,Mud Creek,U.S. Representative,9,D,JODY COOLEY,281,15,157,109,0
Habersham,Glade Creek,U.S. Representative,9,D,JODY COOLEY,171,14,86,71,0
Habersham,Deep Creek,U.S. Representative,9,D,JODY COOLEY,147,6,83,57,1
Habersham,Fork,U.S. Representative,9,D,JODY COOLEY,191,19,94,78,0
Habersham,Baldwin,U.S. Representative,9,D,JODY COOLEY,117,3,74,40,0
Habersham,View,U.S. Representative,9,D,JODY COOLEY,207,5,106,95,1
Habersham,Falling Water,U.S. Representative,9,D,JODY COOLEY,82,4,41,37,0
Habersham,Batesville,U.S. Representative,9,D,JODY COOLEY,73,6,46,21,0
Habersham,Fair Play,U.S. Representative,9,D,JODY COOLEY,186,9,62,115,0
Habersham,Cool Springs,U.S. Representative,9,D,JODY COOLEY,143,6,59,78,0
Habersham,,State Senator,50,(R,JOHN WILKINSON (I),12345,790,4637,6907,11
Habersham,Clarkesville,State Senator,50,(R,JOHN WILKINSON (I),1890,132,405,1346,7
Habersham,Cornelia,State Senator,50,(R,JOHN WILKINSON (I),755,55,377,322,1
Habersham,Demorest,State Senator,50,(R,JOHN WILKINSON (I),909,76,392,440,1
Habersham,Center Hill,State Senator,50,(R,JOHN WILKINSON (I),1777,112,597,1067,1
Habersham,Mud Creek,State Senator,50,(R,JOHN WILKINSON (I),1036,70,499,467,0
Habersham,Glade Creek,State Senator,50,(R,JOHN WILKINSON (I),765,52,289,424,0
Habersham,Deep Creek,State Senator,50,(R,JOHN WILKINSON (I),667,21,281,364,1
Habersham,Fork,State Senator,50,(R,JOHN WILKINSON (I),881,45,360,476,0
Habersham,Baldwin,State Senator,50,(R,JOHN WILKINSON (I),484,40,248,196,0
Habersham,View,State Senator,50,(R,JOHN WILKINSON (I),1004,60,409,535,0
Habersham,Falling Water,State Senator,50,(R,JOHN WILKINSON (I),454,17,172,265,0
Habersham,Batesville,State Senator,50,(R,JOHN WILKINSON (I),274,20,157,97,0
Habersham,Fair Play,State Senator,50,(R,JOHN WILKINSON (I),905,60,208,637,0
Habersham,Cool Springs,State Senator,50,(R,JOHN WILKINSON (I),544,30,243,271,0
Habersham,,State Representative,10,(R,TERRY ROGERS (I),9430,610,3586,5223,11
Habersham,Clarkesville,State Representative,10,(R,TERRY ROGERS (I),1898,131,412,1348,7
Habersham,Cornelia,State Representative,10,(R,TERRY ROGERS (I),768,56,385,326,1
Habersham,Demorest,State Representative,10,(R,TERRY ROGERS (I),907,70,388,448,1
Habersham,Mud Creek,State Representative,10,(R,TERRY ROGERS (I),1029,68,496,465,0
Habersham,Deep Creek,State Representative,10,(R,TERRY ROGERS (I),239,6,94,138,1
Habersham,Fork,State Representative,10,(R,TERRY ROGERS (I),895,47,367,481,0
Habersham,Baldwin,State Representative,10,(R,TERRY ROGERS (I),474,40,243,191,0
Habersham,View,State Representative,10,(R,TERRY ROGERS (I),1012,63,410,538,1
Habersham,Falling Water,State Representative,10,(R,TERRY ROGERS (I),454,17,172,265,0
Habersham,Batesville,State Representative,10,(R,TERRY ROGERS (I),279,21,161,97,0
Habersham,Fair Play,State Representative,10,(R,TERRY ROGERS (I),922,61,210,651,0
Habersham,Cool Springs,State Representative,10,(R,TERRY ROGERS (I),553,30,248,275,0
Habersham,,State Representative,28,R,DAN GASAWAY,2923,176,1045,1702,0
Habersham,Center Hill,State Representative,28,R,DAN GASAWAY,1742,108,583,1051,0
Habersham,Glade Creek,State Representative,28,R,DAN GASAWAY,757,51,284,422,0
Habersham,Deep Creek,State Representative,28,R,DAN GASAWAY,424,17,178,229,0
Habersham,,District Attorney, Mountain Circuit,(R,BRIAN RICKMAN (I),12231,795,4590,6832,14
Habersham,Clarkesville,District Attorney, Mountain Circuit,(R,BRIAN RICKMAN (I),1869,136,399,1327,7
Habersham,Cornelia,District Attorney, Mountain Circuit,(R,BRIAN RICKMAN (I),756,57,373,324,2
Habersham,Demorest,District Attorney, Mountain Circuit,(R,BRIAN RICKMAN (I),902,74,387,440,1
Habersham,Center Hill,District Attorney, Mountain Circuit,(R,BRIAN RICKMAN (I),1732,110,583,1038,1
Habersham,Mud Creek,District Attorney, Mountain Circuit,(R,BRIAN RICKMAN (I),1026,70,495,461,0
Habersham,Glade Creek,District Attorney, Mountain Circuit,(R,BRIAN RICKMAN (I),759,52,285,421,1
Habersham,Deep Creek,District Attorney, Mountain Circuit,(R,BRIAN RICKMAN (I),667,21,278,367,1
Habersham,Fork,District Attorney, Mountain Circuit,(R,BRIAN RICKMAN (I),885,47,363,475,0
Habersham,Baldwin,District Attorney, Mountain Circuit,(R,BRIAN RICKMAN (I),475,40,244,191,0
Habersham,View,District Attorney, Mountain Circuit,(R,BRIAN RICKMAN (I),1001,61,413,526,1
Habersham,Falling Water,District Attorney, Mountain Circuit,(R,BRIAN RICKMAN (I),448,15,168,265,0
Habersham,Batesville,District Attorney, Mountain Circuit,(R,BRIAN RICKMAN (I),275,21,157,97,0
Habersham,Fair Play,District Attorney, Mountain Circuit,(R,BRIAN RICKMAN (I),899,61,209,629,0
Habersham,Cool Springs,District Attorney, Mountain Circuit,(R,BRIAN RICKMAN (I),537,30,236,271,0
Habersham,,Probate Judge,,(R,PAMELA WOOLEY (I),12271,789,4630,6838,14
Habersham,Clarkesville,Probate Judge,,(R,PAMELA WOOLEY (I),1877,133,395,1342,7
Habersham,Cornelia,Probate Judge,,(R,PAMELA WOOLEY (I),764,55,384,323,2
Habersham,Demorest,Probate Judge,,(R,PAMELA WOOLEY (I),900,75,388,436,1
Habersham,Center Hill,Probate Judge,,(R,PAMELA WOOLEY (I),1749,111,588,1049,1
Habersham,Mud Creek,Probate Judge,,(R,PAMELA WOOLEY (I),1032,69,505,458,0
Habersham,Glade Creek,Probate Judge,,(R,PAMELA WOOLEY (I),761,50,288,421,2
Habersham,Deep Creek,Probate Judge,,(R,PAMELA WOOLEY (I),657,20,275,361,1
Habersham,Fork,Probate Judge,,(R,PAMELA WOOLEY (I),884,46,357,481,0
Habersham,Baldwin,Probate Judge,,(R,PAMELA WOOLEY (I),476,43,242,191,0
Habersham,View,Probate Judge,,(R,PAMELA WOOLEY (I),1001,59,416,526,0
Habersham,Falling Water,Probate Judge,,(R,PAMELA WOOLEY (I),467,15,182,270,0
Habersham,Batesville,Probate Judge,,(R,PAMELA WOOLEY (I),269,20,158,91,0
Habersham,Fair Play,Probate Judge,,(R,PAMELA WOOLEY (I),887,62,209,616,0
Habersham,Cool Springs,Probate Judge,,(R,PAMELA WOOLEY (I),547,31,243,273,0
Habersham,,Superior Court Clerk,,(R,DAVID C. WALL (I),12526,818,4706,6990,12
Habersham,Clarkesville,Superior Court Clerk,,(R,DAVID C. WALL (I),1920,139,403,1372,6
Habersham,Cornelia,Superior Court Clerk,,(R,DAVID C. WALL (I),781,59,387,333,2
Habersham,Demorest,Superior Court Clerk,,(R,DAVID C. WALL (I),906,76,389,441,0
Habersham,Center Hill,Superior Court Clerk,,(R,DAVID C. WALL (I),1784,115,593,1075,1
Habersham,Mud Creek,Superior Court Clerk,,(R,DAVID C. WALL (I),1047,71,507,469,0
Habersham,Glade Creek,Superior Court Clerk,,(R,DAVID C. WALL (I),772,51,287,433,1
Habersham,Deep Creek,Superior Court Clerk,,(R,DAVID C. WALL (I),677,21,286,369,1
Habersham,Fork,Superior Court Clerk,,(R,DAVID C. WALL (I),903,45,365,493,0
Habersham,Baldwin,Superior Court Clerk,,(R,DAVID C. WALL (I),482,42,249,191,0
Habersham,View,Superior Court Clerk,,(R,DAVID C. WALL (I),1020,61,423,535,1
Habersham,Falling Water,Superior Court Clerk,,(R,DAVID C. WALL (I),478,17,187,274,0
Habersham,Batesville,Superior Court Clerk,,(R,DAVID C. WALL (I),289,24,166,99,0
Habersham,Fair Play,Superior Court Clerk,,(R,DAVID C. WALL (I),911,63,216,632,0
Habersham,Cool Springs,Superior Court Clerk,,(R,DAVID C. WALL (I),556,34,248,274,0
Habersham,,Sheriff,,(R,JOEY TERRELL (I),12622,817,4711,7081,13
Habersham,Clarkesville,Sheriff,,(R,JOEY TERRELL (I),1947,141,412,1389,5
Habersham,Cornelia,Sheriff,,(R,JOEY TERRELL (I),801,59,387,353,2
Habersham,Demorest,Sheriff,,(R,JOEY TERRELL (I),914,75,390,448,1
Habersham,Center Hill,Sheriff,,(R,JOEY TERRELL (I),1779,113,594,1071,1
Habersham,Mud Creek,Sheriff,,(R,JOEY TERRELL (I),1070,74,516,480,0
Habersham,Glade Creek,Sheriff,,(R,JOEY TERRELL (I),786,52,291,441,2
Habersham,Deep Creek,Sheriff,,(R,JOEY TERRELL (I),685,23,283,378,1
Habersham,Fork,Sheriff,,(R,JOEY TERRELL (I),907,45,370,492,0
Habersham,Baldwin,Sheriff,,(R,JOEY TERRELL (I),480,39,242,199,0
Habersham,View,Sheriff,,(R,JOEY TERRELL (I),1029,62,414,552,1
Habersham,Falling Water,Sheriff,,(R,JOEY TERRELL (I),468,16,180,272,0
Habersham,Batesville,Sheriff,,(R,JOEY TERRELL (I),287,23,167,97,0
Habersham,Fair Play,Sheriff,,(R,JOEY TERRELL (I),911,64,213,634,0
Habersham,Cool Springs,Sheriff,,(R,JOEY TERRELL (I),558,31,252,275,0
Habersham,,Tax Commissioner,,(R,JUNE M. BLACK (I),12559,814,4707,7024,14
Habersham,Clarkesville,Tax Commissioner,,(R,JUNE M. BLACK (I),1914,136,399,1373,6
Habersham,Cornelia,Tax Commissioner,,(R,JUNE M. BLACK (I),802,56,400,343,3
Habersham,Demorest,Tax Commissioner,,(R,JUNE M. BLACK (I),915,74,392,448,1
Habersham,Center Hill,Tax Commissioner,,(R,JUNE M. BLACK (I),1793,118,598,1076,1
Habersham,Mud Creek,Tax Commissioner,,(R,JUNE M. BLACK (I),1057,74,515,468,0
Habersham,Glade Creek,Tax Commissioner,,(R,JUNE M. BLACK (I),780,53,283,443,1
Habersham,Deep Creek,Tax Commissioner,,(R,JUNE M. BLACK (I),678,24,280,372,2
Habersham,Fork,Tax Commissioner,,(R,JUNE M. BLACK (I),891,45,362,484,0
Habersham,Baldwin,Tax Commissioner,,(R,JUNE M. BLACK (I),486,43,244,199,0
Habersham,View,Tax Commissioner,,(R,JUNE M. BLACK (I),1022,59,416,547,0
Habersham,Falling Water,Tax Commissioner,,(R,JUNE M. BLACK (I),459,16,176,267,0
Habersham,Batesville,Tax Commissioner,,(R,JUNE M. BLACK (I),288,21,167,100,0
Habersham,Fair Play,Tax Commissioner,,(R,JUNE M. BLACK (I),910,63,217,630,0
Habersham,Cool Springs,Tax Commissioner,,(R,JUNE M. BLACK (I),564,32,258,274,0
Habersham,,Coroner,,(R,KASEY MCENTIRE (I),12468,807,4691,6955,15
Habersham,Clarkesville,Coroner,,(R,KASEY MCENTIRE (I),1910,137,406,1360,7
Habersham,Cornelia,Coroner,,(R,KASEY MCENTIRE (I),771,56,387,326,2
Habersham,Demorest,Coroner,,(R,KASEY MCENTIRE (I),918,79,389,449,1
Habersham,Center Hill,Coroner,,(R,KASEY MCENTIRE (I),1778,112,593,1072,1
Habersham,Mud Creek,Coroner,,(R,KASEY MCENTIRE (I),1047,69,511,467,0
Habersham,Glade Creek,Coroner,,(R,KASEY MCENTIRE (I),774,52,285,436,1
Habersham,Deep Creek,Coroner,,(R,KASEY MCENTIRE (I),671,23,279,367,2
Habersham,Fork,Coroner,,(R,KASEY MCENTIRE (I),910,46,369,495,0
Habersham,Baldwin,Coroner,,(R,KASEY MCENTIRE (I),483,41,248,194,0
Habersham,View,Coroner,,(R,KASEY MCENTIRE (I),1016,60,419,536,1
Habersham,Falling Water,Coroner,,(R,KASEY MCENTIRE (I),468,15,185,268,0
Habersham,Batesville,Coroner,,(R,KASEY MCENTIRE (I),277,22,163,92,0
Habersham,Fair Play,Coroner,,(R,KASEY MCENTIRE (I),892,62,208,622,0
Habersham,Cool Springs,Coroner,,(R,KASEY MCENTIRE (I),553,33,249,271,0
Habersham,,Magistrate Judge,,(R,J. BUTTERWORTH (I),12114,753,4591,6756,14
Habersham,Clarkesville,Magistrate Judge,,(R,J. BUTTERWORTH (I),1814,124,403,1281,6
Habersham,Cornelia,Magistrate Judge,,(R,J. BUTTERWORTH (I),776,56,377,340,3
Habersham,Demorest,Magistrate Judge,,(R,J. BUTTERWORTH (I),898,79,386,432,1
Habersham,Center Hill,Magistrate Judge,,(R,J. BUTTERWORTH (I),1740,105,587,1048,0
Habersham,Mud Creek,Magistrate Judge,,(R,J. BUTTERWORTH (I),1020,66,499,455,0
Habersham,Glade Creek,Magistrate Judge,,(R,J. BUTTERWORTH (I),747,48,276,421,2
Habersham,Deep Creek,Magistrate Judge,,(R,J. BUTTERWORTH (I),649,20,267,361,1
Habersham,Fork,Magistrate Judge,,(R,J. BUTTERWORTH (I),870,39,357,474,0
Habersham,Baldwin,Magistrate Judge,,(R,J. BUTTERWORTH (I),472,40,245,187,0
Habersham,View,Magistrate Judge,,(R,J. BUTTERWORTH (I),989,55,405,528,1
Habersham,Falling Water,Magistrate Judge,,(R,J. BUTTERWORTH (I),454,15,177,262,0
Habersham,Batesville,Magistrate Judge,,(R,J. BUTTERWORTH (I),275,20,159,96,0
Habersham,Fair Play,Magistrate Judge,,(R,J. BUTTERWORTH (I),867,57,207,603,0
Habersham,Cool Springs,Magistrate Judge,,(R,J. BUTTERWORTH (I),543,29,246,268,0
Habersham,,Solicitor,,(R,W. OLIVER (I),12149,786,4575,6775,13
Habersham,Clarkesville,Solicitor,,(R,W. OLIVER (I),1874,141,396,1331,6
Habersham,Cornelia,Solicitor,,(R,W. OLIVER (I),764,57,380,325,2
Habersham,Demorest,Solicitor,,(R,W. OLIVER (I),887,73,381,432,1
Habersham,Center Hill,Solicitor,,(R,W. OLIVER (I),1729,108,581,1039,1
Habersham,Mud Creek,Solicitor,,(R,W. OLIVER (I),1022,68,496,458,0
Habersham,Glade Creek,Solicitor,,(R,W. OLIVER (I),744,46,282,414,2
Habersham,Deep Creek,Solicitor,,(R,W. OLIVER (I),651,20,277,353,1
Habersham,Fork,Solicitor,,(R,W. OLIVER (I),885,44,359,482,0
Habersham,Baldwin,Solicitor,,(R,W. OLIVER (I),463,40,239,184,0
Habersham,View,Solicitor,,(R,W. OLIVER (I),998,63,408,527,0
Habersham,Falling Water,Solicitor,,(R,W. OLIVER (I),452,14,176,262,0
Habersham,Batesville,Solicitor,,(R,W. OLIVER (I),275,22,159,94,0
Habersham,Fair Play,Solicitor,,(R,W. OLIVER (I),871,60,205,606,0
Habersham,Cool Springs,Solicitor,,(R,W. OLIVER (I),534,30,236,268,0
Habersham,,County Comm 1,,(R,G. L. JAMES (I),10702,712,3914,6065,11
Habersham,Clarkesville,County Comm 1,,(R,G. L. JAMES (I),1637,126,337,1168,6
Habersham,Cornelia,County Comm 1,,(R,G. L. JAMES (I),601,48,299,253,1
Habersham,Demorest,County Comm 1,,(R,G. L. JAMES (I),806,65,343,397,1
Habersham,Center Hill,County Comm 1,,(R,G. L. JAMES (I),1538,93,494,951,0
Habersham,Mud Creek,County Comm 1,,(R,G. L. JAMES (I),900,67,421,412,0
Habersham,Glade Creek,County Comm 1,,(R,G. L. JAMES (I),661,41,244,375,1
Habersham,Deep Creek,County Comm 1,,(R,G. L. JAMES (I),574,20,229,324,1
Habersham,Fork,County Comm 1,,(R,G. L. JAMES (I),789,31,319,439,0
Habersham,Baldwin,County Comm 1,,(R,G. L. JAMES (I),406,39,205,162,0
Habersham,View,County Comm 1,,(R,G. L. JAMES (I),880,61,350,468,1
Habersham,Falling Water,County Comm 1,,(R,G. L. JAMES (I),411,16,154,241,0
Habersham,Batesville,County Comm 1,,(R,G. L. JAMES (I),246,20,144,82,0
Habersham,Fair Play,County Comm 1,,(R,G. L. JAMES (I),782,56,164,562,0
Habersham,Cool Springs,County Comm 1,,(R,G. L. JAMES (I),471,29,211,231,0
Habersham,,County Comm 1,,D,BETTYLEE MARTIN,2944,224,1178,1539,3
Habersham,Clarkesville,County Comm 1,,D,BETTYLEE MARTIN,494,44,118,332,0
Habersham,Cornelia,County Comm 1,,D,BETTYLEE MARTIN,289,21,139,127,2
Habersham,Demorest,County Comm 1,,D,BETTYLEE MARTIN,215,25,86,104,0
Habersham,Center Hill,County Comm 1,,D,BETTYLEE MARTIN,366,35,134,196,1
Habersham,Mud Creek,County Comm 1,,D,BETTYLEE MARTIN,236,15,123,98,0
Habersham,Glade Creek,County Comm 1,,D,BETTYLEE MARTIN,166,18,60,88,0
Habersham,Deep Creek,County Comm 1,,D,BETTYLEE MARTIN,156,8,72,76,0
Habersham,Fork,County Comm 1,,D,BETTYLEE MARTIN,174,17,76,81,0
Habersham,Baldwin,County Comm 1,,D,BETTYLEE MARTIN,111,4,62,45,0
Habersham,View,County Comm 1,,D,BETTYLEE MARTIN,210,7,96,107,0
Habersham,Falling Water,County Comm 1,,D,BETTYLEE MARTIN,79,4,37,38,0
Habersham,Batesville,County Comm 1,,D,BETTYLEE MARTIN,70,9,36,25,0
Habersham,Fair Play,County Comm 1,,D,BETTYLEE MARTIN,222,9,72,141,0
Habersham,Cool Springs,County Comm 1,,D,BETTYLEE MARTIN,156,8,67,81,0
Habersham,,County Comm 4,,R,NATALIE CRAWFORD,11925,758,4487,6670,10
Habersham,Clarkesville,County Comm 4,,R,NATALIE CRAWFORD,1829,127,388,1308,6
Habersham,Cornelia,County Comm 4,,R,NATALIE CRAWFORD,751,52,375,322,2
Habersham,Demorest,County Comm 4,,R,NATALIE CRAWFORD,875,69,378,427,1
Habersham,Center Hill,County Comm 4,,R,NATALIE CRAWFORD,1692,106,566,1020,0
Habersham,Mud Creek,County Comm 4,,R,NATALIE CRAWFORD,1013,65,493,455,0
Habersham,Glade Creek,County Comm 4,,R,NATALIE CRAWFORD,724,47,273,404,0
Habersham,Deep Creek,County Comm 4,,R,NATALIE CRAWFORD,642,20,266,355,1
Habersham,Fork,County Comm 4,,R,NATALIE CRAWFORD,863,41,355,467,0
Habersham,Baldwin,County Comm 4,,R,NATALIE CRAWFORD,463,41,239,183,0
Habersham,View,County Comm 4,,R,NATALIE CRAWFORD,975,58,403,514,0
Habersham,Falling Water,County Comm 4,,R,NATALIE CRAWFORD,431,15,163,253,0
Habersham,Batesville,County Comm 4,,R,NATALIE CRAWFORD,266,21,153,92,0
Habersham,Fair Play,County Comm 4,,R,NATALIE CRAWFORD,872,62,201,609,0
Habersham,Cool Springs,County Comm 4,,R,NATALIE CRAWFORD,529,34,234,261,0
Habersham,,County Comm 5,,R,ED NICHOLS,11972,768,4480,6713,11
Habersham,Clarkesville,County Comm 5,,R,ED NICHOLS,1843,134,387,1316,6
Habersham,Cornelia,County Comm 5,,R,ED NICHOLS,750,51,370,327,2
Habersham,Demorest,County Comm 5,,R,ED NICHOLS,879,67,373,438,1
Habersham,Center Hill,County Comm 5,,R,ED NICHOLS,1700,107,565,1028,0
Habersham,Mud Creek,County Comm 5,,R,ED NICHOLS,1003,67,488,448,0
Habersham,Glade Creek,County Comm 5,,R,ED NICHOLS,732,48,276,408,0
Habersham,Deep Creek,County Comm 5,,R,ED NICHOLS,647,21,266,359,1
Habersham,Fork,County Comm 5,,R,ED NICHOLS,865,41,355,469,0
Habersham,Baldwin,County Comm 5,,R,ED NICHOLS,458,39,236,183,0
Habersham,View,County Comm 5,,R,ED NICHOLS,975,60,401,513,1
Habersham,Falling Water,County Comm 5,,R,ED NICHOLS,439,15,167,257,0
Habersham,Batesville,County Comm 5,,R,ED NICHOLS,274,22,158,94,0
Habersham,Fair Play,County Comm 5,,R,ED NICHOLS,879,63,202,614,0
Habersham,Cool Springs,County Comm 5,,R,ED NICHOLS,528,33,236,259,0
Habersham,,BOE 1,,R,DON CORBETT,11756,753,4415,6577,11
Habersham,Clarkesville,BOE 1,,R,DON CORBETT,1795,127,383,1279,6
Habersham,Cornelia,BOE 1,,R,DON CORBETT,736,51,367,316,2
Habersham,Demorest,BOE 1,,R,DON CORBETT,871,74,367,429,1
Habersham,Center Hill,BOE 1,,R,DON CORBETT,1681,101,565,1014,1
Habersham,Mud Creek,BOE 1,,R,DON CORBETT,1000,66,484,450,0
Habersham,Glade Creek,BOE 1,,R,DON CORBETT,715,47,265,403,0
Habersham,Deep Creek,BOE 1,,R,DON CORBETT,631,19,258,353,1
Habersham,Fork,BOE 1,,R,DON CORBETT,858,40,350,468,0
Habersham,Baldwin,BOE 1,,R,DON CORBETT,459,41,236,182,0
Habersham,View,BOE 1,,R,DON CORBETT,957,58,394,505,0
Habersham,Falling Water,BOE 1,,R,DON CORBETT,426,15,162,249,0
Habersham,Batesville,BOE 1,,R,DON CORBETT,262,21,154,87,0
Habersham,Fair Play,BOE 1,,R,DON CORBETT,849,63,197,589,0
Habersham,Cool Springs,BOE 1,,R,DON CORBETT,516,30,233,253,0
Habersham,,BOE 2,,(R,ROBERT BARRON (I),11812,751,4472,6579,10
Habersham,Clarkesville,BOE 2,,(R,ROBERT BARRON (I),1803,130,380,1287,6
Habersham,Cornelia,BOE 2,,(R,ROBERT BARRON (I),749,54,366,328,1
Habersham,Demorest,BOE 2,,(R,ROBERT BARRON (I),876,73,376,426,1
Habersham,Center Hill,BOE 2,,(R,ROBERT BARRON (I),1692,99,569,1023,1
Habersham,Mud Creek,BOE 2,,(R,ROBERT BARRON (I),997,60,495,442,0
Habersham,Glade Creek,BOE 2,,(R,ROBERT BARRON (I),713,47,269,397,0
Habersham,Deep Creek,BOE 2,,(R,ROBERT BARRON (I),647,24,265,357,1
Habersham,Fork,BOE 2,,(R,ROBERT BARRON (I),856,41,353,462,0
Habersham,Baldwin,BOE 2,,(R,ROBERT BARRON (I),456,41,236,179,0
Habersham,View,BOE 2,,(R,ROBERT BARRON (I),962,57,397,508,0
Habersham,Falling Water,BOE 2,,(R,ROBERT BARRON (I),427,15,167,245,0
Habersham,Batesville,BOE 2,,(R,ROBERT BARRON (I),265,20,158,87,0
Habersham,Fair Play,BOE 2,,(R,ROBERT BARRON (I),843,60,201,582,0
Habersham,Cool Springs,BOE 2,,(R,ROBERT BARRON (I),526,30,240,256,0
Habersham,,Constitutional Amendment #1<br>Shall the Constitution be amended to allow state or local approval of public charter schools upon the request of local communities?,,,YES,7354,476,2873,3998,7
Habersham,Clarkesville,Constitutional Amendment #1<br>Shall the Constitution be amended to allow state or local approval of public charter schools upon the request of local communities?,,,YES,1161,86,279,793,3
Habersham,Cornelia,Constitutional Amendment #1<br>Shall the Constitution be amended to allow state or local approval of public charter schools upon the request of local communities?,,,YES,501,34,255,210,2
Habersham,Demorest,Constitutional Amendment #1<br>Shall the Constitution be amended to allow state or local approval of public charter schools upon the request of local communities?,,,YES,574,49,245,280,0
Habersham,Center Hill,Constitutional Amendment #1<br>Shall the Constitution be amended to allow state or local approval of public charter schools upon the request of local communities?,,,YES,971,63,364,544,0
Habersham,Mud Creek,Constitutional Amendment #1<br>Shall the Constitution be amended to allow state or local approval of public charter schools upon the request of local communities?,,,YES,631,42,303,286,0
Habersham,Glade Creek,Constitutional Amendment #1<br>Shall the Constitution be amended to allow state or local approval of public charter schools upon the request of local communities?,,,YES,434,28,162,242,2
Habersham,Deep Creek,Constitutional Amendment #1<br>Shall the Constitution be amended to allow state or local approval of public charter schools upon the request of local communities?,,,YES,414,16,187,211,0
Habersham,Fork,Constitutional Amendment #1<br>Shall the Constitution be amended to allow state or local approval of public charter schools upon the request of local communities?,,,YES,476,14,202,260,0
Habersham,Baldwin,Constitutional Amendment #1<br>Shall the Constitution be amended to allow state or local approval of public charter schools upon the request of local communities?,,,YES,283,26,149,108,0
Habersham,View,Constitutional Amendment #1<br>Shall the Constitution be amended to allow state or local approval of public charter schools upon the request of local communities?,,,YES,566,34,239,293,0
Habersham,Falling Water,Constitutional Amendment #1<br>Shall the Constitution be amended to allow state or local approval of public charter schools upon the request of local communities?,,,YES,255,11,99,145,0
Habersham,Batesville,Constitutional Amendment #1<br>Shall the Constitution be amended to allow state or local approval of public charter schools upon the request of local communities?,,,YES,173,15,93,65,0
Habersham,Fair Play,Constitutional Amendment #1<br>Shall the Constitution be amended to allow state or local approval of public charter schools upon the request of local communities?,,,YES,576,39,139,398,0
Habersham,Cool Springs,Constitutional Amendment #1<br>Shall the Constitution be amended to allow state or local approval of public charter schools upon the request of local communities?,,,YES,339,19,157,163,0
Habersham,,Constitutional Amendment #1<br>Shall the Constitution be amended to allow state or local approval of public charter schools upon the request of local communities?,,,NO,6607,451,2383,3768,5
Habersham,Clarkesville,Constitutional Amendment #1<br>Shall the Constitution be amended to allow state or local approval of public charter schools upon the request of local communities?,,,NO,1006,74,197,733,2
Habersham,Cornelia,Constitutional Amendment #1<br>Shall the Constitution be amended to allow state or local approval of public charter schools upon the request of local communities?,,,NO,413,34,200,179,0
Habersham,Demorest,Constitutional Amendment #1<br>Shall the Constitution be amended to allow state or local approval of public charter schools upon the request of local communities?,,,NO,459,38,190,230,1
Habersham,Center Hill,Constitutional Amendment #1<br>Shall the Constitution be amended to allow state or local approval of public charter schools upon the request of local communities?,,,NO,971,65,283,622,1
Habersham,Mud Creek,Constitutional Amendment #1<br>Shall the Constitution be amended to allow state or local approval of public charter schools upon the request of local communities?,,,NO,525,37,253,235,0
Habersham,Glade Creek,Constitutional Amendment #1<br>Shall the Constitution be amended to allow state or local approval of public charter schools upon the request of local communities?,,,NO,424,28,160,236,0
Habersham,Deep Creek,Constitutional Amendment #1<br>Shall the Constitution be amended to allow state or local approval of public charter schools upon the request of local communities?,,,NO,328,10,129,188,1
Habersham,Fork,Constitutional Amendment #1<br>Shall the Constitution be amended to allow state or local approval of public charter schools upon the request of local communities?,,,NO,516,34,212,270,0
Habersham,Baldwin,Constitutional Amendment #1<br>Shall the Constitution be amended to allow state or local approval of public charter schools upon the request of local communities?,,,NO,253,23,119,111,0
Habersham,View,Constitutional Amendment #1<br>Shall the Constitution be amended to allow state or local approval of public charter schools upon the request of local communities?,,,NO,559,37,221,301,0
Habersham,Falling Water,Constitutional Amendment #1<br>Shall the Constitution be amended to allow state or local approval of public charter schools upon the request of local communities?,,,NO,235,9,92,134,0
Habersham,Batesville,Constitutional Amendment #1<br>Shall the Constitution be amended to allow state or local approval of public charter schools upon the request of local communities?,,,NO,155,15,92,48,0
Habersham,Fair Play,Constitutional Amendment #1<br>Shall the Constitution be amended to allow state or local approval of public charter schools upon the request of local communities?,,,NO,454,27,106,321,0
Habersham,Cool Springs,Constitutional Amendment #1<br>Shall the Constitution be amended to allow state or local approval of public charter schools upon the request of local communities?,,,NO,309,20,129,160,0
Habersham,,Constitutional Amendment #2<br>Shall the Constitution be amended so as to provide for a reduction in the state's operating costs by allowing the General Assembly to authorize certain state agencies to enter into multiyear rental agreements?,,,YES,7464,513,2778,4169,4
Habersham,Clarkesville,Constitutional Amendment #2<br>Shall the Constitution be amended so as to provide for a reduction in the state's operating costs by allowing the General Assembly to authorize certain state agencies to enter into multiyear rental agreements?,,,YES,1224,91,292,839,2
Habersham,Cornelia,Constitutional Amendment #2<br>Shall the Constitution be amended so as to provide for a reduction in the state's operating costs by allowing the General Assembly to authorize certain state agencies to enter into multiyear rental agreements?,,,YES,476,28,252,196,0
Habersham,Demorest,Constitutional Amendment #2<br>Shall the Constitution be amended so as to provide for a reduction in the state's operating costs by allowing the General Assembly to authorize certain state agencies to enter into multiyear rental agreements?,,,YES,552,49,237,266,0
Habersham,Center Hill,Constitutional Amendment #2<br>Shall the Constitution be amended so as to provide for a reduction in the state's operating costs by allowing the General Assembly to authorize certain state agencies to enter into multiyear rental agreements?,,,YES,1026,80,324,622,0
Habersham,Mud Creek,Constitutional Amendment #2<br>Shall the Constitution be amended so as to provide for a reduction in the state's operating costs by allowing the General Assembly to authorize certain state agencies to enter into multiyear rental agreements?,,,YES,634,52,282,300,0
Habersham,Glade Creek,Constitutional Amendment #2<br>Shall the Constitution be amended so as to provide for a reduction in the state's operating costs by allowing the General Assembly to authorize certain state agencies to enter into multiyear rental agreements?,,,YES,464,31,166,266,1
Habersham,Deep Creek,Constitutional Amendment #2<br>Shall the Constitution be amended so as to provide for a reduction in the state's operating costs by allowing the General Assembly to authorize certain state agencies to enter into multiyear rental agreements?,,,YES,379,15,157,206,1
Habersham,Fork,Constitutional Amendment #2<br>Shall the Constitution be amended so as to provide for a reduction in the state's operating costs by allowing the General Assembly to authorize certain state agencies to enter into multiyear rental agreements?,,,YES,497,20,209,268,0
Habersham,Baldwin,Constitutional Amendment #2<br>Shall the Constitution be amended so as to provide for a reduction in the state's operating costs by allowing the General Assembly to authorize certain state agencies to enter into multiyear rental agreements?,,,YES,282,25,138,119,0
Habersham,View,Constitutional Amendment #2<br>Shall the Constitution be amended so as to provide for a reduction in the state's operating costs by allowing the General Assembly to authorize certain state agencies to enter into multiyear rental agreements?,,,YES,591,33,240,318,0
Habersham,Falling Water,Constitutional Amendment #2<br>Shall the Constitution be amended so as to provide for a reduction in the state's operating costs by allowing the General Assembly to authorize certain state agencies to enter into multiyear rental agreements?,,,YES,262,12,102,148,0
Habersham,Batesville,Constitutional Amendment #2<br>Shall the Constitution be amended so as to provide for a reduction in the state's operating costs by allowing the General Assembly to authorize certain state agencies to enter into multiyear rental agreements?,,,YES,169,15,97,57,0
Habersham,Fair Play,Constitutional Amendment #2<br>Shall the Constitution be amended so as to provide for a reduction in the state's operating costs by allowing the General Assembly to authorize certain state agencies to enter into multiyear rental agreements?,,,YES,577,40,136,401,0
Habersham,Cool Springs,Constitutional Amendment #2<br>Shall the Constitution be amended so as to provide for a reduction in the state's operating costs by allowing the General Assembly to authorize certain state agencies to enter into multiyear rental agreements?,,,YES,331,22,146,163,0
Habersham,,Constitutional Amendment #2<br>Shall the Constitution be amended so as to provide for a reduction in the state's operating costs by allowing the General Assembly to authorize certain state agencies to enter into multiyear rental agreements?,,,NO,5891,377,2214,3294,6
Habersham,Clarkesville,Constitutional Amendment #2<br>Shall the Constitution be amended so as to provide for a reduction in the state's operating costs by allowing the General Assembly to authorize certain state agencies to enter into multiyear rental agreements?,,,NO,856,67,159,626,4
Habersham,Cornelia,Constitutional Amendment #2<br>Shall the Constitution be amended so as to provide for a reduction in the state's operating costs by allowing the General Assembly to authorize certain state agencies to enter into multiyear rental agreements?,,,NO,385,33,178,173,1
Habersham,Demorest,Constitutional Amendment #2<br>Shall the Constitution be amended so as to provide for a reduction in the state's operating costs by allowing the General Assembly to authorize certain state agencies to enter into multiyear rental agreements?,,,NO,443,36,181,226,0
Habersham,Center Hill,Constitutional Amendment #2<br>Shall the Constitution be amended so as to provide for a reduction in the state's operating costs by allowing the General Assembly to authorize certain state agencies to enter into multiyear rental agreements?,,,NO,833,43,295,494,1
Habersham,Mud Creek,Constitutional Amendment #2<br>Shall the Constitution be amended so as to provide for a reduction in the state's operating costs by allowing the General Assembly to authorize certain state agencies to enter into multiyear rental agreements?,,,NO,488,25,256,207,0
Habersham,Glade Creek,Constitutional Amendment #2<br>Shall the Constitution be amended so as to provide for a reduction in the state's operating costs by allowing the General Assembly to authorize certain state agencies to enter into multiyear rental agreements?,,,NO,356,23,141,192,0
Habersham,Deep Creek,Constitutional Amendment #2<br>Shall the Constitution be amended so as to provide for a reduction in the state's operating costs by allowing the General Assembly to authorize certain state agencies to enter into multiyear rental agreements?,,,NO,330,12,136,182,0
Habersham,Fork,Constitutional Amendment #2<br>Shall the Constitution be amended so as to provide for a reduction in the state's operating costs by allowing the General Assembly to authorize certain state agencies to enter into multiyear rental agreements?,,,NO,454,25,181,248,0
Habersham,Baldwin,Constitutional Amendment #2<br>Shall the Constitution be amended so as to provide for a reduction in the state's operating costs by allowing the General Assembly to authorize certain state agencies to enter into multiyear rental agreements?,,,NO,223,18,111,94,0
Habersham,View,Constitutional Amendment #2<br>Shall the Constitution be amended so as to provide for a reduction in the state's operating costs by allowing the General Assembly to authorize certain state agencies to enter into multiyear rental agreements?,,,NO,494,37,202,255,0
Habersham,Falling Water,Constitutional Amendment #2<br>Shall the Constitution be amended so as to provide for a reduction in the state's operating costs by allowing the General Assembly to authorize certain state agencies to enter into multiyear rental agreements?,,,NO,211,7,81,123,0
Habersham,Batesville,Constitutional Amendment #2<br>Shall the Constitution be amended so as to provide for a reduction in the state's operating costs by allowing the General Assembly to authorize certain state agencies to enter into multiyear rental agreements?,,,NO,137,14,78,45,0
Habersham,Fair Play,Constitutional Amendment #2<br>Shall the Constitution be amended so as to provide for a reduction in the state's operating costs by allowing the General Assembly to authorize certain state agencies to enter into multiyear rental agreements?,,,NO,397,22,91,284,0
Habersham,Cool Springs,Constitutional Amendment #2<br>Shall the Constitution be amended so as to provide for a reduction in the state's operating costs by allowing the General Assembly to authorize certain state agencies to enter into multiyear rental agreements?,,,NO,284,15,124,145,0
