county,precinct,office,district,party,candidate,votes,absentee_by_mail,election_day,advance_in_person,provisional
Baldwin,,President of the United States,,R,MITT ROMNEY,7589,391,3432,3762,4
Baldwin,South Milledgeville,President of the United States,,R,MITT ROMNEY,213,18,101,94,0
Baldwin,City Hall Annex,President of the United States,,R,MITT ROMNEY,133,23,56,54,0
Baldwin,Boddie,President of the United States,,R,MITT ROMNEY,136,4,55,77,0
Baldwin,Courthouse,President of the United States,,R,MITT ROMNEY,234,18,117,99,0
Baldwin,Fire Dept,President of the United States,,R,MITT ROMNEY,208,17,61,130,0
Baldwin,North Milledgeville,President of the United States,,R,MITT ROMNEY,634,49,254,331,0
Baldwin,Meriwether,President of the United States,,R,MITT ROMNEY,1065,42,451,572,0
Baldwin,East Baldwin,President of the United States,,R,MITT ROMNEY,1267,55,538,673,1
Baldwin,Scottsboro,President of the United States,,R,MITT ROMNEY,374,12,232,130,0
Baldwin,North Baldwin,President of the United States,,R,MITT ROMNEY,1614,76,694,842,2
Baldwin,West Baldwin,President of the United States,,R,MITT ROMNEY,573,24,272,276,1
Baldwin,East Hardwick,President of the United States,,R,MITT ROMNEY,112,4,52,56,0
Baldwin,West Hardwick,President of the United States,,R,MITT ROMNEY,382,28,147,207,0
Baldwin,Coopers,President of the United States,,R,MITT ROMNEY,644,21,402,221,0
Baldwin,,President of the United States,,(D,BARACK OBAMA ,8483,515,3960,3996,12
Baldwin,South Milledgeville,President of the United States,,(D,BARACK OBAMA ,751,55,316,379,1
Baldwin,City Hall Annex,President of the United States,,(D,BARACK OBAMA ,284,23,137,122,2
Baldwin,Boddie,President of the United States,,(D,BARACK OBAMA ,333,54,178,101,0
Baldwin,Courthouse,President of the United States,,(D,BARACK OBAMA ,248,21,100,127,0
Baldwin,Fire Dept,President of the United States,,(D,BARACK OBAMA ,611,75,229,307,0
Baldwin,North Milledgeville,President of the United States,,(D,BARACK OBAMA ,668,36,306,323,3
Baldwin,Meriwether,President of the United States,,(D,BARACK OBAMA ,624,25,257,342,0
Baldwin,East Baldwin,President of the United States,,(D,BARACK OBAMA ,1067,45,482,540,0
Baldwin,Scottsboro,President of the United States,,(D,BARACK OBAMA ,253,8,156,89,0
Baldwin,North Baldwin,President of the United States,,(D,BARACK OBAMA ,636,37,240,359,0
Baldwin,West Baldwin,President of the United States,,(D,BARACK OBAMA ,615,24,297,292,2
Baldwin,East Hardwick,President of the United States,,(D,BARACK OBAMA ,577,39,323,215,0
Baldwin,West Hardwick,President of the United States,,(D,BARACK OBAMA ,1515,63,768,681,3
Baldwin,Coopers,President of the United States,,(D,BARACK OBAMA ,301,10,171,119,1
Baldwin,,President of the United States,,L,GARY JOHNSON,160,9,91,60,0
Baldwin,South Milledgeville,President of the United States,,L,GARY JOHNSON,6,1,4,1,0
Baldwin,City Hall Annex,President of the United States,,L,GARY JOHNSON,6,1,4,1,0
Baldwin,Boddie,President of the United States,,L,GARY JOHNSON,4,1,3,0,0
Baldwin,Courthouse,President of the United States,,L,GARY JOHNSON,14,0,10,4,0
Baldwin,Fire Dept,President of the United States,,L,GARY JOHNSON,8,0,5,3,0
Baldwin,North Milledgeville,President of the United States,,L,GARY JOHNSON,17,2,9,6,0
Baldwin,Meriwether,President of the United States,,L,GARY JOHNSON,11,0,7,4,0
Baldwin,East Baldwin,President of the United States,,L,GARY JOHNSON,26,1,17,8,0
Baldwin,Scottsboro,President of the United States,,L,GARY JOHNSON,9,0,6,3,0
Baldwin,North Baldwin,President of the United States,,L,GARY JOHNSON,18,1,5,12,0
Baldwin,West Baldwin,President of the United States,,L,GARY JOHNSON,12,0,8,4,0
Baldwin,East Hardwick,President of the United States,,L,GARY JOHNSON,6,0,3,3,0
Baldwin,West Hardwick,President of the United States,,L,GARY JOHNSON,11,1,5,5,0
Baldwin,Coopers,President of the United States,,L,GARY JOHNSON,12,1,5,6,0
Baldwin,,"Public Service Commission, District 3",3,(R,CHUCK EATON ,6708,351,2950,3402,5
Baldwin,South Milledgeville,"Public Service Commission, District 3",3,(R,CHUCK EATON ,205,12,94,99,0
Baldwin,City Hall Annex,"Public Service Commission, District 3",3,(R,CHUCK EATON ,107,16,48,42,1
Baldwin,Boddie,"Public Service Commission, District 3",3,(R,CHUCK EATON ,115,7,53,55,0
Baldwin,Courthouse,"Public Service Commission, District 3",3,(R,CHUCK EATON ,225,18,111,96,0
Baldwin,Fire Dept,"Public Service Commission, District 3",3,(R,CHUCK EATON ,197,14,55,128,0
Baldwin,North Milledgeville,"Public Service Commission, District 3",3,(R,CHUCK EATON ,582,49,224,309,0
Baldwin,Meriwether,"Public Service Commission, District 3",3,(R,CHUCK EATON ,921,31,378,512,0
Baldwin,East Baldwin,"Public Service Commission, District 3",3,(R,CHUCK EATON ,1080,51,443,585,1
Baldwin,Scottsboro,"Public Service Commission, District 3",3,(R,CHUCK EATON ,304,7,184,113,0
Baldwin,North Baldwin,"Public Service Commission, District 3",3,(R,CHUCK EATON ,1457,75,609,771,2
Baldwin,West Baldwin,"Public Service Commission, District 3",3,(R,CHUCK EATON ,502,22,235,244,1
Baldwin,East Hardwick,"Public Service Commission, District 3",3,(R,CHUCK EATON ,97,3,46,48,0
Baldwin,West Hardwick,"Public Service Commission, District 3",3,(R,CHUCK EATON ,370,29,140,201,0
Baldwin,Coopers,"Public Service Commission, District 3",3,(R,CHUCK EATON ,546,17,330,199,0
Baldwin,,"Public Service Commission, District 3",3,D,STEPHEN OPPENHEIMER,7346,490,3460,3385,11
Baldwin,South Milledgeville,"Public Service Commission, District 3",3,D,STEPHEN OPPENHEIMER,622,57,252,312,1
Baldwin,City Hall Annex,"Public Service Commission, District 3",3,D,STEPHEN OPPENHEIMER,244,22,117,104,1
Baldwin,Boddie,"Public Service Commission, District 3",3,D,STEPHEN OPPENHEIMER,254,49,126,79,0
Baldwin,Courthouse,"Public Service Commission, District 3",3,D,STEPHEN OPPENHEIMER,188,19,83,86,0
Baldwin,Fire Dept,"Public Service Commission, District 3",3,D,STEPHEN OPPENHEIMER,520,73,191,256,0
Baldwin,North Milledgeville,"Public Service Commission, District 3",3,D,STEPHEN OPPENHEIMER,595,33,279,280,3
Baldwin,Meriwether,"Public Service Commission, District 3",3,D,STEPHEN OPPENHEIMER,597,24,255,318,0
Baldwin,East Baldwin,"Public Service Commission, District 3",3,D,STEPHEN OPPENHEIMER,943,43,445,455,0
Baldwin,Scottsboro,"Public Service Commission, District 3",3,D,STEPHEN OPPENHEIMER,234,8,153,73,0
Baldwin,North Baldwin,"Public Service Commission, District 3",3,D,STEPHEN OPPENHEIMER,600,34,235,331,0
Baldwin,West Baldwin,"Public Service Commission, District 3",3,D,STEPHEN OPPENHEIMER,527,23,251,251,2
Baldwin,East Hardwick,"Public Service Commission, District 3",3,D,STEPHEN OPPENHEIMER,497,40,282,175,0
Baldwin,West Hardwick,"Public Service Commission, District 3",3,D,STEPHEN OPPENHEIMER,1230,57,611,559,3
Baldwin,Coopers,"Public Service Commission, District 3",3,D,STEPHEN OPPENHEIMER,295,8,180,106,1
Baldwin,,"Public Service Commission, District 3",3,L,BRAD PLOEGER,547,30,282,235,0
Baldwin,South Milledgeville,"Public Service Commission, District 3",3,L,BRAD PLOEGER,23,2,17,4,0
Baldwin,City Hall Annex,"Public Service Commission, District 3",3,L,BRAD PLOEGER,17,2,7,8,0
Baldwin,Boddie,"Public Service Commission, District 3",3,L,BRAD PLOEGER,20,3,8,9,0
Baldwin,Courthouse,"Public Service Commission, District 3",3,L,BRAD PLOEGER,37,1,21,15,0
Baldwin,Fire Dept,"Public Service Commission, District 3",3,L,BRAD PLOEGER,17,1,9,7,0
Baldwin,North Milledgeville,"Public Service Commission, District 3",3,L,BRAD PLOEGER,43,2,25,16,0
Baldwin,Meriwether,"Public Service Commission, District 3",3,L,BRAD PLOEGER,61,7,29,25,0
Baldwin,East Baldwin,"Public Service Commission, District 3",3,L,BRAD PLOEGER,99,3,47,49,0
Baldwin,Scottsboro,"Public Service Commission, District 3",3,L,BRAD PLOEGER,23,1,17,5,0
Baldwin,North Baldwin,"Public Service Commission, District 3",3,L,BRAD PLOEGER,74,2,33,39,0
Baldwin,West Baldwin,"Public Service Commission, District 3",3,L,BRAD PLOEGER,44,1,27,16,0
Baldwin,East Hardwick,"Public Service Commission, District 3",3,L,BRAD PLOEGER,10,0,4,6,0
Baldwin,West Hardwick,"Public Service Commission, District 3",3,L,BRAD PLOEGER,38,0,18,20,0
Baldwin,Coopers,"Public Service Commission, District 3",3,L,BRAD PLOEGER,41,5,20,16,0
Baldwin,,"Public Service Commission, District 5",5,(R,STAN WISE ,7880,418,3559,3897,6
Baldwin,South Milledgeville,"Public Service Commission, District 5",5,(R,STAN WISE ,296,23,130,143,0
Baldwin,City Hall Annex,"Public Service Commission, District 5",5,(R,STAN WISE ,146,22,60,63,1
Baldwin,Boddie,"Public Service Commission, District 5",5,(R,STAN WISE ,147,9,70,68,0
Baldwin,Courthouse,"Public Service Commission, District 5",5,(R,STAN WISE ,251,22,119,110,0
Baldwin,Fire Dept,"Public Service Commission, District 5",5,(R,STAN WISE ,272,23,92,157,0
Baldwin,North Milledgeville,"Public Service Commission, District 5",5,(R,STAN WISE ,697,55,292,350,0
Baldwin,Meriwether,"Public Service Commission, District 5",5,(R,STAN WISE ,1054,40,446,568,0
Baldwin,East Baldwin,"Public Service Commission, District 5",5,(R,STAN WISE ,1251,54,550,646,1
Baldwin,Scottsboro,"Public Service Commission, District 5",5,(R,STAN WISE ,349,11,211,127,0
Baldwin,North Baldwin,"Public Service Commission, District 5",5,(R,STAN WISE ,1569,76,646,845,2
Baldwin,West Baldwin,"Public Service Commission, District 5",5,(R,STAN WISE ,583,24,275,282,2
Baldwin,East Hardwick,"Public Service Commission, District 5",5,(R,STAN WISE ,154,9,71,74,0
Baldwin,West Hardwick,"Public Service Commission, District 5",5,(R,STAN WISE ,511,34,223,254,0
Baldwin,Coopers,"Public Service Commission, District 5",5,(R,STAN WISE ,600,16,374,210,0
Baldwin,,"Public Service Commission, District 5",5,L,DAVID STAPLES,4543,302,2207,2026,8
Baldwin,South Milledgeville,"Public Service Commission, District 5",5,L,DAVID STAPLES,392,36,173,182,1
Baldwin,City Hall Annex,"Public Service Commission, District 5",5,L,DAVID STAPLES,151,10,81,59,1
Baldwin,Boddie,"Public Service Commission, District 5",5,L,DAVID STAPLES,168,32,78,58,0
Baldwin,Courthouse,"Public Service Commission, District 5",5,L,DAVID STAPLES,150,9,75,66,0
Baldwin,Fire Dept,"Public Service Commission, District 5",5,L,DAVID STAPLES,289,41,113,135,0
Baldwin,North Milledgeville,"Public Service Commission, District 5",5,L,DAVID STAPLES,360,19,180,159,2
Baldwin,Meriwether,"Public Service Commission, District 5",5,L,DAVID STAPLES,373,16,157,200,0
Baldwin,East Baldwin,"Public Service Commission, District 5",5,L,DAVID STAPLES,619,30,295,294,0
Baldwin,Scottsboro,"Public Service Commission, District 5",5,L,DAVID STAPLES,153,4,107,42,0
Baldwin,North Baldwin,"Public Service Commission, District 5",5,L,DAVID STAPLES,396,31,168,197,0
Baldwin,West Baldwin,"Public Service Commission, District 5",5,L,DAVID STAPLES,328,14,169,144,1
Baldwin,East Hardwick,"Public Service Commission, District 5",5,L,DAVID STAPLES,280,16,163,101,0
Baldwin,West Hardwick,"Public Service Commission, District 5",5,L,DAVID STAPLES,686,36,336,312,2
Baldwin,Coopers,"Public Service Commission, District 5",5,L,DAVID STAPLES,198,8,112,77,1
Baldwin,,U.S. Representative,10,(R,PAUL C. BROUN ,10064,532,4711,4811,10
Baldwin,South Milledgeville,U.S. Representative,10,(R,PAUL C. BROUN ,497,36,219,242,0
Baldwin,City Hall Annex,U.S. Representative,10,(R,PAUL C. BROUN ,206,23,100,82,1
Baldwin,Boddie,U.S. Representative,10,(R,PAUL C. BROUN ,232,22,112,98,0
Baldwin,Courthouse,U.S. Representative,10,(R,PAUL C. BROUN ,322,28,162,132,0
Baldwin,Fire Dept,U.S. Representative,10,(R,PAUL C. BROUN ,375,33,141,201,0
Baldwin,North Milledgeville,U.S. Representative,10,(R,PAUL C. BROUN ,879,63,397,418,1
Baldwin,Meriwether,U.S. Representative,10,(R,PAUL C. BROUN ,1236,46,538,652,0
Baldwin,East Baldwin,U.S. Representative,10,(R,PAUL C. BROUN ,1566,72,703,790,1
Baldwin,Scottsboro,U.S. Representative,10,(R,PAUL C. BROUN ,423,12,266,145,0
Baldwin,North Baldwin,U.S. Representative,10,(R,PAUL C. BROUN ,1747,86,731,928,2
Baldwin,West Baldwin,U.S. Representative,10,(R,PAUL C. BROUN ,734,31,354,346,3
Baldwin,East Hardwick,U.S. Representative,10,(R,PAUL C. BROUN ,311,16,163,132,0
Baldwin,West Hardwick,U.S. Representative,10,(R,PAUL C. BROUN ,839,43,397,398,1
Baldwin,Coopers,U.S. Representative,10,(R,PAUL C. BROUN ,697,21,428,247,1
Baldwin,,State Senator,25,R,BURT JONES,6860,360,3070,3424,6
Baldwin,South Milledgeville,State Senator,25,R,BURT JONES,189,16,88,85,0
Baldwin,City Hall Annex,State Senator,25,R,BURT JONES,120,15,54,50,1
Baldwin,Boddie,State Senator,25,R,BURT JONES,123,7,49,67,0
Baldwin,Courthouse,State Senator,25,R,BURT JONES,223,20,113,90,0
Baldwin,Fire Dept,State Senator,25,R,BURT JONES,198,16,56,126,0
Baldwin,North Milledgeville,State Senator,25,R,BURT JONES,589,50,243,296,0
Baldwin,Meriwether,State Senator,25,R,BURT JONES,980,33,417,530,0
Baldwin,East Baldwin,State Senator,25,R,BURT JONES,1133,49,481,602,1
Baldwin,Scottsboro,State Senator,25,R,BURT JONES,308,8,185,115,0
Baldwin,North Baldwin,State Senator,25,R,BURT JONES,1484,72,617,793,2
Baldwin,West Baldwin,State Senator,25,R,BURT JONES,514,21,248,244,1
Baldwin,East Hardwick,State Senator,25,R,BURT JONES,105,2,54,49,0
Baldwin,West Hardwick,State Senator,25,R,BURT JONES,356,30,138,187,1
Baldwin,Coopers,State Senator,25,R,BURT JONES,538,21,327,190,0
Baldwin,,State Senator,25,D,DARRELL BLACK,8364,530,3890,3934,10
Baldwin,South Milledgeville,State Senator,25,D,DARRELL BLACK,700,56,288,355,1
Baldwin,City Hall Annex,State Senator,25,D,DARRELL BLACK,265,25,125,114,1
Baldwin,Boddie,State Senator,25,D,DARRELL BLACK,294,51,148,95,0
Baldwin,Courthouse,State Senator,25,D,DARRELL BLACK,231,18,98,115,0
Baldwin,Fire Dept,State Senator,25,D,DARRELL BLACK,592,74,222,296,0
Baldwin,North Milledgeville,State Senator,25,D,DARRELL BLACK,673,36,306,328,3
Baldwin,Meriwether,State Senator,25,D,DARRELL BLACK,652,30,266,356,0
Baldwin,East Baldwin,State Senator,25,D,DARRELL BLACK,1089,50,498,541,0
Baldwin,Scottsboro,State Senator,25,D,DARRELL BLACK,278,10,182,86,0
Baldwin,North Baldwin,State Senator,25,D,DARRELL BLACK,692,40,273,379,0
Baldwin,West Baldwin,State Senator,25,D,DARRELL BLACK,615,27,291,295,2
Baldwin,East Hardwick,State Senator,25,D,DARRELL BLACK,526,41,290,195,0
Baldwin,West Hardwick,State Senator,25,D,DARRELL BLACK,1388,62,687,637,2
Baldwin,Coopers,State Senator,25,D,DARRELL BLACK,369,10,216,142,1
Baldwin,,State Representative,145,D,QUENTIN T. HOWELL,7477,446,3579,3438,14
Baldwin,South Milledgeville,State Representative,145,D,QUENTIN T. HOWELL,651,49,286,315,1
Baldwin,City Hall Annex,State Representative,145,D,QUENTIN T. HOWELL,256,23,123,108,2
Baldwin,Boddie,State Representative,145,D,QUENTIN T. HOWELL,317,51,170,96,0
Baldwin,Courthouse,State Representative,145,D,QUENTIN T. HOWELL,198,18,79,101,0
Baldwin,Fire Dept,State Representative,145,D,QUENTIN T. HOWELL,515,56,196,263,0
Baldwin,North Milledgeville,State Representative,145,D,QUENTIN T. HOWELL,532,30,253,246,3
Baldwin,Meriwether,State Representative,145,D,QUENTIN T. HOWELL,568,16,263,289,0
Baldwin,East Baldwin,State Representative,145,D,QUENTIN T. HOWELL,956,41,428,487,0
Baldwin,Scottsboro,State Representative,145,D,QUENTIN T. HOWELL,234,9,138,87,0
Baldwin,North Baldwin,State Representative,145,D,QUENTIN T. HOWELL,525,30,211,283,1
Baldwin,West Baldwin,State Representative,145,D,QUENTIN T. HOWELL,560,18,275,264,3
Baldwin,East Hardwick,State Representative,145,D,QUENTIN T. HOWELL,531,39,296,196,0
Baldwin,West Hardwick,State Representative,145,D,QUENTIN T. HOWELL,1336,55,687,591,3
Baldwin,Coopers,State Representative,145,D,QUENTIN T. HOWELL,298,11,174,112,1
Baldwin,,State Representative,145,I,E. CULVER KIDD,8036,437,3583,4014,2
Baldwin,South Milledgeville,State Representative,145,I,E. CULVER KIDD,269,21,116,132,0
Baldwin,City Hall Annex,State Representative,145,I,E. CULVER KIDD,151,19,68,64,0
Baldwin,Boddie,State Representative,145,I,E. CULVER KIDD,137,7,56,74,0
Baldwin,Courthouse,State Representative,145,I,E. CULVER KIDD,259,20,129,110,0
Baldwin,Fire Dept,State Representative,145,I,E. CULVER KIDD,285,34,90,161,0
Baldwin,North Milledgeville,State Representative,145,I,E. CULVER KIDD,751,55,302,394,0
Baldwin,Meriwether,State Representative,145,I,E. CULVER KIDD,1050,50,422,578,0
Baldwin,East Baldwin,State Representative,145,I,E. CULVER KIDD,1310,58,578,673,1
Baldwin,Scottsboro,State Representative,145,I,E. CULVER KIDD,368,8,238,122,0
Baldwin,North Baldwin,State Representative,145,I,E. CULVER KIDD,1646,81,681,883,1
Baldwin,West Baldwin,State Representative,145,I,E. CULVER KIDD,568,25,270,273,0
Baldwin,East Hardwick,State Representative,145,I,E. CULVER KIDD,138,5,68,65,0
Baldwin,West Hardwick,State Representative,145,I,E. CULVER KIDD,492,35,195,262,0
Baldwin,Coopers,State Representative,145,I,E. CULVER KIDD,612,19,370,223,0
Baldwin,,District Attorney, Ocmulgee Circuit,(D,FRED BRIGHT ,13545,766,6202,6562,15
Baldwin,South Milledgeville,District Attorney, Ocmulgee Circuit,(D,FRED BRIGHT ,824,65,349,409,1
Baldwin,City Hall Annex,District Attorney, Ocmulgee Circuit,(D,FRED BRIGHT ,344,30,162,150,2
Baldwin,Boddie,District Attorney, Ocmulgee Circuit,(D,FRED BRIGHT ,378,52,185,141,0
Baldwin,Courthouse,District Attorney, Ocmulgee Circuit,(D,FRED BRIGHT ,402,35,177,190,0
Baldwin,Fire Dept,District Attorney, Ocmulgee Circuit,(D,FRED BRIGHT ,699,84,238,377,0
Baldwin,North Milledgeville,District Attorney, Ocmulgee Circuit,(D,FRED BRIGHT ,1133,73,504,554,2
Baldwin,Meriwether,District Attorney, Ocmulgee Circuit,(D,FRED BRIGHT ,1401,58,584,759,0
Baldwin,East Baldwin,District Attorney, Ocmulgee Circuit,(D,FRED BRIGHT ,1946,79,871,995,1
Baldwin,Scottsboro,District Attorney, Ocmulgee Circuit,(D,FRED BRIGHT ,510,15,321,174,0
Baldwin,North Baldwin,District Attorney, Ocmulgee Circuit,(D,FRED BRIGHT ,1922,95,784,1041,2
Baldwin,West Baldwin,District Attorney, Ocmulgee Circuit,(D,FRED BRIGHT ,993,41,468,481,3
Baldwin,East Hardwick,District Attorney, Ocmulgee Circuit,(D,FRED BRIGHT ,602,35,333,234,0
Baldwin,West Hardwick,District Attorney, Ocmulgee Circuit,(D,FRED BRIGHT ,1614,81,761,769,3
Baldwin,Coopers,District Attorney, Ocmulgee Circuit,(D,FRED BRIGHT ,777,23,465,288,1
Baldwin,,Superior Court Clerk,,(D,R. F. PHILLIPS,13516,764,6167,6570,15
Baldwin,South Milledgeville,Superior Court Clerk,,(D,R. F. PHILLIPS,818,66,354,397,1
Baldwin,City Hall Annex,Superior Court Clerk,,(D,R. F. PHILLIPS,349,30,169,148,2
Baldwin,Boddie,Superior Court Clerk,,(D,R. F. PHILLIPS,383,53,184,146,0
Baldwin,Courthouse,Superior Court Clerk,,(D,R. F. PHILLIPS,398,34,178,186,0
Baldwin,Fire Dept,Superior Court Clerk,,(D,R. F. PHILLIPS,703,83,237,383,0
Baldwin,North Milledgeville,Superior Court Clerk,,(D,R. F. PHILLIPS,1134,75,501,556,2
Baldwin,Meriwether,Superior Court Clerk,,(D,R. F. PHILLIPS,1404,59,583,762,0
Baldwin,East Baldwin,Superior Court Clerk,,(D,R. F. PHILLIPS,1931,80,863,987,1
Baldwin,Scottsboro,Superior Court Clerk,,(D,R. F. PHILLIPS,508,14,317,177,0
Baldwin,North Baldwin,Superior Court Clerk,,(D,R. F. PHILLIPS,1920,95,785,1038,2
Baldwin,West Baldwin,Superior Court Clerk,,(D,R. F. PHILLIPS,1001,40,469,489,3
Baldwin,East Hardwick,Superior Court Clerk,,(D,R. F. PHILLIPS,597,32,330,235,0
Baldwin,West Hardwick,Superior Court Clerk,,(D,R. F. PHILLIPS,1594,82,737,772,3
Baldwin,Coopers,Superior Court Clerk,,(D,R. F. PHILLIPS,776,21,460,294,1
Baldwin,,Sheriff,,(D,W. MASSEE JR. ,14193,773,6507,6898,15
Baldwin,South Milledgeville,Sheriff,,(D,W. MASSEE JR. ,866,67,378,420,1
Baldwin,City Hall Annex,Sheriff,,(D,W. MASSEE JR. ,354,28,168,156,2
Baldwin,Boddie,Sheriff,,(D,W. MASSEE JR. ,406,52,197,157,0
Baldwin,Courthouse,Sheriff,,(D,W. MASSEE JR. ,414,34,183,197,0
Baldwin,Fire Dept,Sheriff,,(D,W. MASSEE JR. ,730,82,255,393,0
Baldwin,North Milledgeville,Sheriff,,(D,W. MASSEE JR. ,1173,75,514,582,2
Baldwin,Meriwether,Sheriff,,(D,W. MASSEE JR. ,1475,56,621,798,0
Baldwin,East Baldwin,Sheriff,,(D,W. MASSEE JR. ,2063,85,923,1054,1
Baldwin,Scottsboro,Sheriff,,(D,W. MASSEE JR. ,544,14,343,187,0
Baldwin,North Baldwin,Sheriff,,(D,W. MASSEE JR. ,2015,100,815,1098,2
Baldwin,West Baldwin,Sheriff,,(D,W. MASSEE JR. ,1048,43,499,503,3
Baldwin,East Hardwick,Sheriff,,(D,W. MASSEE JR. ,614,31,335,248,0
Baldwin,West Hardwick,Sheriff,,(D,W. MASSEE JR. ,1677,83,784,807,3
Baldwin,Coopers,Sheriff,,(D,W. MASSEE JR. ,814,23,492,298,1
Baldwin,,Tax Commissioner,,(D,CATHY SETTLE,13809,770,6340,6686,13
Baldwin,South Milledgeville,Tax Commissioner,,(D,CATHY SETTLE,847,67,363,417,0
Baldwin,City Hall Annex,Tax Commissioner,,(D,CATHY SETTLE,348,30,166,150,2
Baldwin,Boddie,Tax Commissioner,,(D,CATHY SETTLE,395,52,191,152,0
Baldwin,Courthouse,Tax Commissioner,,(D,CATHY SETTLE,406,34,179,193,0
Baldwin,Fire Dept,Tax Commissioner,,(D,CATHY SETTLE,721,88,243,390,0
Baldwin,North Milledgeville,Tax Commissioner,,(D,CATHY SETTLE,1144,76,508,558,2
Baldwin,Meriwether,Tax Commissioner,,(D,CATHY SETTLE,1446,61,603,782,0
Baldwin,East Baldwin,Tax Commissioner,,(D,CATHY SETTLE,1984,82,893,1008,1
Baldwin,Scottsboro,Tax Commissioner,,(D,CATHY SETTLE,523,12,329,182,0
Baldwin,North Baldwin,Tax Commissioner,,(D,CATHY SETTLE,1929,93,784,1050,2
Baldwin,West Baldwin,Tax Commissioner,,(D,CATHY SETTLE,1026,41,488,495,2
Baldwin,East Hardwick,Tax Commissioner,,(D,CATHY SETTLE,608,33,337,238,0
Baldwin,West Hardwick,Tax Commissioner,,(D,CATHY SETTLE,1644,80,781,780,3
Baldwin,Coopers,Tax Commissioner,,(D,CATHY SETTLE,788,21,475,291,1
Baldwin,,Surveyor,,(R,J. SMITH JR. ,10566,573,4931,5051,11
Baldwin,South Milledgeville,Surveyor,,(R,J. SMITH JR. ,554,47,247,260,0
Baldwin,City Hall Annex,Surveyor,,(R,J. SMITH JR. ,236,22,114,99,1
Baldwin,Boddie,Surveyor,,(R,J. SMITH JR. ,258,33,123,102,0
Baldwin,Courthouse,Surveyor,,(R,J. SMITH JR. ,335,25,164,146,0
Baldwin,Fire Dept,Surveyor,,(R,J. SMITH JR. ,428,43,160,225,0
Baldwin,North Milledgeville,Surveyor,,(R,J. SMITH JR. ,936,65,423,447,1
Baldwin,Meriwether,Surveyor,,(R,J. SMITH JR. ,1282,50,553,679,0
Baldwin,East Baldwin,Surveyor,,(R,J. SMITH JR. ,1632,68,744,819,1
Baldwin,Scottsboro,Surveyor,,(R,J. SMITH JR. ,434,13,268,153,0
Baldwin,North Baldwin,Surveyor,,(R,J. SMITH JR. ,1802,90,759,951,2
Baldwin,West Baldwin,Surveyor,,(R,J. SMITH JR. ,744,31,354,356,3
Baldwin,East Hardwick,Surveyor,,(R,J. SMITH JR. ,322,16,166,140,0
Baldwin,West Hardwick,Surveyor,,(R,J. SMITH JR. ,904,50,426,426,2
Baldwin,Coopers,Surveyor,,(R,J. SMITH JR. ,699,20,430,248,1
Baldwin,,Coroner,,(D,JOHN GONZALEZ ,13102,757,6027,6304,14
Baldwin,South Milledgeville,Coroner,,(D,JOHN GONZALEZ ,815,64,349,401,1
Baldwin,City Hall Annex,Coroner,,(D,JOHN GONZALEZ ,330,28,161,139,2
Baldwin,Boddie,Coroner,,(D,JOHN GONZALEZ ,366,53,177,136,0
Baldwin,Courthouse,Coroner,,(D,JOHN GONZALEZ ,389,34,178,177,0
Baldwin,Fire Dept,Coroner,,(D,JOHN GONZALEZ ,679,83,231,365,0
Baldwin,North Milledgeville,Coroner,,(D,JOHN GONZALEZ ,1106,71,492,541,2
Baldwin,Meriwether,Coroner,,(D,JOHN GONZALEZ ,1363,60,566,737,0
Baldwin,East Baldwin,Coroner,,(D,JOHN GONZALEZ ,1863,78,847,938,0
Baldwin,Scottsboro,Coroner,,(D,JOHN GONZALEZ ,484,14,306,164,0
Baldwin,North Baldwin,Coroner,,(D,JOHN GONZALEZ ,1836,98,741,995,2
Baldwin,West Baldwin,Coroner,,(D,JOHN GONZALEZ ,980,39,472,466,3
Baldwin,East Hardwick,Coroner,,(D,JOHN GONZALEZ ,579,32,324,223,0
Baldwin,West Hardwick,Coroner,,(D,JOHN GONZALEZ ,1561,82,737,739,3
Baldwin,Coopers,Coroner,,(D,JOHN GONZALEZ ,751,21,446,283,1
Baldwin,,Chief Magistrate,,(D,SHANE GEETER ,12873,713,5932,6213,15
Baldwin,South Milledgeville,Chief Magistrate,,(D,SHANE GEETER ,793,62,339,391,1
Baldwin,City Hall Annex,Chief Magistrate,,(D,SHANE GEETER ,332,28,156,146,2
Baldwin,Boddie,Chief Magistrate,,(D,SHANE GEETER ,366,50,178,138,0
Baldwin,Courthouse,Chief Magistrate,,(D,SHANE GEETER ,386,33,175,178,0
Baldwin,Fire Dept,Chief Magistrate,,(D,SHANE GEETER ,668,76,229,363,0
Baldwin,North Milledgeville,Chief Magistrate,,(D,SHANE GEETER ,1081,70,479,530,2
Baldwin,Meriwether,Chief Magistrate,,(D,SHANE GEETER ,1344,53,569,722,0
Baldwin,East Baldwin,Chief Magistrate,,(D,SHANE GEETER ,1845,73,829,942,1
Baldwin,Scottsboro,Chief Magistrate,,(D,SHANE GEETER ,482,13,313,156,0
Baldwin,North Baldwin,Chief Magistrate,,(D,SHANE GEETER ,1769,89,721,957,2
Baldwin,West Baldwin,Chief Magistrate,,(D,SHANE GEETER ,951,36,455,457,3
Baldwin,East Hardwick,Chief Magistrate,,(D,SHANE GEETER ,583,31,326,226,0
Baldwin,West Hardwick,Chief Magistrate,,(D,SHANE GEETER ,1547,77,734,733,3
Baldwin,Coopers,Chief Magistrate,,(D,SHANE GEETER ,726,22,429,274,1
Baldwin,,County Comm 1,,R,LAWSON LAWRENCE,804,72,327,405,0
Baldwin,South Milledgeville,County Comm 1,,R,LAWSON LAWRENCE,73,9,31,33,0
Baldwin,City Hall Annex,County Comm 1,,R,LAWSON LAWRENCE,75,10,32,33,0
Baldwin,Boddie,County Comm 1,,R,LAWSON LAWRENCE,118,6,48,64,0
Baldwin,Courthouse,County Comm 1,,R,LAWSON LAWRENCE,11,1,6,4,0
Baldwin,Fire Dept,County Comm 1,,R,LAWSON LAWRENCE,127,12,42,73,0
Baldwin,North Milledgeville,County Comm 1,,R,LAWSON LAWRENCE,185,20,72,93,0
Baldwin,Meriwether,County Comm 1,,R,LAWSON LAWRENCE,60,7,22,31,0
Baldwin,East Baldwin,County Comm 1,,R,LAWSON LAWRENCE,62,2,34,26,0
Baldwin,North Baldwin,County Comm 1,,R,LAWSON LAWRENCE,29,3,12,14,0
Baldwin,East Hardwick,County Comm 1,,R,LAWSON LAWRENCE,64,2,28,34,0
Baldwin,,County Comm 1,,(D,EMILY C. DAVIS,2098,220,936,937,5
Baldwin,South Milledgeville,County Comm 1,,(D,EMILY C. DAVIS,279,17,96,166,0
Baldwin,City Hall Annex,County Comm 1,,(D,EMILY C. DAVIS,161,3,85,71,2
Baldwin,Boddie,County Comm 1,,(D,EMILY C. DAVIS,307,52,161,94,0
Baldwin,Courthouse,County Comm 1,,(D,EMILY C. DAVIS,19,2,11,6,0
Baldwin,Fire Dept,County Comm 1,,(D,EMILY C. DAVIS,482,67,194,221,0
Baldwin,North Milledgeville,County Comm 1,,(D,EMILY C. DAVIS,315,23,150,139,3
Baldwin,Meriwether,County Comm 1,,(D,EMILY C. DAVIS,30,2,10,18,0
Baldwin,East Baldwin,County Comm 1,,(D,EMILY C. DAVIS,91,7,34,50,0
Baldwin,North Baldwin,County Comm 1,,(D,EMILY C. DAVIS,71,13,24,34,0
Baldwin,East Hardwick,County Comm 1,,(D,EMILY C. DAVIS,343,34,171,138,0
Baldwin,,County Comm 2,,D,TOMMY FRENCH JR.,2590,138,1324,1123,5
Baldwin,South Milledgeville,County Comm 2,,D,TOMMY FRENCH JR.,244,27,112,104,1
Baldwin,City Hall Annex,County Comm 2,,D,TOMMY FRENCH JR.,90,4,40,46,0
Baldwin,Courthouse,County Comm 2,,D,TOMMY FRENCH JR.,192,17,88,87,0
Baldwin,Scottsboro,County Comm 2,,D,TOMMY FRENCH JR.,99,4,59,36,0
Baldwin,East Hardwick,County Comm 2,,D,TOMMY FRENCH JR.,230,6,147,77,0
Baldwin,West Hardwick,County Comm 2,,D,TOMMY FRENCH JR.,1559,77,749,730,3
Baldwin,Coopers,County Comm 2,,D,TOMMY FRENCH JR.,176,3,129,43,1
Baldwin,,County Comm 3,,(R,SAMMY HALL ,1737,60,951,724,2
Baldwin,South Milledgeville,County Comm 3,,(R,SAMMY HALL ,156,9,80,67,0
Baldwin,City Hall Annex,County Comm 3,,(R,SAMMY HALL ,8,0,5,3,0
Baldwin,Boddie,County Comm 3,,(R,SAMMY HALL ,19,0,8,11,0
Baldwin,Courthouse,County Comm 3,,(R,SAMMY HALL ,162,12,74,76,0
Baldwin,Meriwether,County Comm 3,,(R,SAMMY HALL ,32,1,11,20,0
Baldwin,Scottsboro,County Comm 3,,(R,SAMMY HALL ,216,6,150,60,0
Baldwin,West Baldwin,County Comm 3,,(R,SAMMY HALL ,524,13,268,241,2
Baldwin,West Hardwick,County Comm 3,,(R,SAMMY HALL ,56,2,24,30,0
Baldwin,Coopers,County Comm 3,,(R,SAMMY HALL ,564,17,331,216,0
Baldwin,,County Comm 4,,R,HENRY R. CRAIG,1807,92,757,957,1
Baldwin,South Milledgeville,County Comm 4,,R,HENRY R. CRAIG,0,0,0,0,0
Baldwin,City Hall Annex,County Comm 4,,R,HENRY R. CRAIG,19,3,10,6,0
Baldwin,East Baldwin,County Comm 4,,R,HENRY R. CRAIG,964,50,384,529,1
Baldwin,Scottsboro,County Comm 4,,R,HENRY R. CRAIG,123,4,64,55,0
Baldwin,North Baldwin,County Comm 4,,R,HENRY R. CRAIG,696,35,295,366,0
Baldwin,East Hardwick,County Comm 4,,R,HENRY R. CRAIG,5,0,4,1,0
Baldwin,,County Comm 4,,(D,FAYE SMITH ,1542,66,723,753,0
Baldwin,South Milledgeville,County Comm 4,,(D,FAYE SMITH ,3,0,1,2,0
Baldwin,City Hall Annex,County Comm 4,,(D,FAYE SMITH ,33,16,12,5,0
Baldwin,East Baldwin,County Comm 4,,(D,FAYE SMITH ,1179,37,559,583,0
Baldwin,Scottsboro,County Comm 4,,(D,FAYE SMITH ,99,3,61,35,0
Baldwin,North Baldwin,County Comm 4,,(D,FAYE SMITH ,227,10,90,127,0
Baldwin,East Hardwick,County Comm 4,,(D,FAYE SMITH ,1,0,0,1,0
Baldwin,,County Comm 5,,R,JOHN WESTMORELAND,2449,114,1018,1315,2
Baldwin,South Milledgeville,County Comm 5,,R,JOHN WESTMORELAND,27,3,13,11,0
Baldwin,Fire Dept,County Comm 5,,R,JOHN WESTMORELAND,89,4,26,59,0
Baldwin,North Milledgeville,County Comm 5,,R,JOHN WESTMORELAND,428,28,180,220,0
Baldwin,Meriwether,County Comm 5,,R,JOHN WESTMORELAND,923,28,399,496,0
Baldwin,North Baldwin,County Comm 5,,R,JOHN WESTMORELAND,794,36,334,422,2
Baldwin,West Baldwin,County Comm 5,,R,JOHN WESTMORELAND,188,15,66,107,0
Baldwin,,County Comm 5,,D,DWAYNE SENTELL,1606,66,653,887,0
Baldwin,South Milledgeville,County Comm 5,,D,DWAYNE SENTELL,59,0,27,32,0
Baldwin,Fire Dept,County Comm 5,,D,DWAYNE SENTELL,100,6,24,70,0
Baldwin,North Milledgeville,County Comm 5,,D,DWAYNE SENTELL,338,12,145,181,0
Baldwin,Meriwether,County Comm 5,,D,DWAYNE SENTELL,567,25,238,304,0
Baldwin,North Baldwin,County Comm 5,,D,DWAYNE SENTELL,391,15,151,225,0
Baldwin,West Baldwin,County Comm 5,,D,DWAYNE SENTELL,151,8,68,75,0
Baldwin,,Constitutional Amendment #1<br>Shall the Constitution be amended to allow state or local approval of public charter schools upon the request of local communities?,,,YES,8672,454,4076,4131,11
Baldwin,South Milledgeville,Constitutional Amendment #1<br>Shall the Constitution be amended to allow state or local approval of public charter schools upon the request of local communities?,,,YES,523,31,245,247,0
Baldwin,City Hall Annex,Constitutional Amendment #1<br>Shall the Constitution be amended to allow state or local approval of public charter schools upon the request of local communities?,,,YES,236,27,115,92,2
Baldwin,Boddie,Constitutional Amendment #1<br>Shall the Constitution be amended to allow state or local approval of public charter schools upon the request of local communities?,,,YES,268,25,141,102,0
Baldwin,Courthouse,Constitutional Amendment #1<br>Shall the Constitution be amended to allow state or local approval of public charter schools upon the request of local communities?,,,YES,292,22,132,138,0
Baldwin,Fire Dept,Constitutional Amendment #1<br>Shall the Constitution be amended to allow state or local approval of public charter schools upon the request of local communities?,,,YES,420,37,173,210,0
Baldwin,North Milledgeville,Constitutional Amendment #1<br>Shall the Constitution be amended to allow state or local approval of public charter schools upon the request of local communities?,,,YES,691,53,322,315,1
Baldwin,Meriwether,Constitutional Amendment #1<br>Shall the Constitution be amended to allow state or local approval of public charter schools upon the request of local communities?,,,YES,864,38,368,458,0
Baldwin,East Baldwin,Constitutional Amendment #1<br>Shall the Constitution be amended to allow state or local approval of public charter schools upon the request of local communities?,,,YES,1251,49,571,630,1
Baldwin,Scottsboro,Constitutional Amendment #1<br>Shall the Constitution be amended to allow state or local approval of public charter schools upon the request of local communities?,,,YES,354,10,208,136,0
Baldwin,North Baldwin,Constitutional Amendment #1<br>Shall the Constitution be amended to allow state or local approval of public charter schools upon the request of local communities?,,,YES,1202,58,472,670,2
Baldwin,West Baldwin,Constitutional Amendment #1<br>Shall the Constitution be amended to allow state or local approval of public charter schools upon the request of local communities?,,,YES,650,29,304,315,2
Baldwin,East Hardwick,Constitutional Amendment #1<br>Shall the Constitution be amended to allow state or local approval of public charter schools upon the request of local communities?,,,YES,404,17,221,166,0
Baldwin,West Hardwick,Constitutional Amendment #1<br>Shall the Constitution be amended to allow state or local approval of public charter schools upon the request of local communities?,,,YES,991,34,490,465,2
Baldwin,Coopers,Constitutional Amendment #1<br>Shall the Constitution be amended to allow state or local approval of public charter schools upon the request of local communities?,,,YES,526,24,314,187,1
Baldwin,,Constitutional Amendment #1<br>Shall the Constitution be amended to allow state or local approval of public charter schools upon the request of local communities?,,,NO,6561,412,2933,3212,4
Baldwin,South Milledgeville,Constitutional Amendment #1<br>Shall the Constitution be amended to allow state or local approval of public charter schools upon the request of local communities?,,,NO,373,39,139,195,0
Baldwin,City Hall Annex,Constitutional Amendment #1<br>Shall the Constitution be amended to allow state or local approval of public charter schools upon the request of local communities?,,,NO,140,11,65,64,0
Baldwin,Boddie,Constitutional Amendment #1<br>Shall the Constitution be amended to allow state or local approval of public charter schools upon the request of local communities?,,,NO,156,33,64,59,0
Baldwin,Courthouse,Constitutional Amendment #1<br>Shall the Constitution be amended to allow state or local approval of public charter schools upon the request of local communities?,,,NO,176,15,83,78,0
Baldwin,Fire Dept,Constitutional Amendment #1<br>Shall the Constitution be amended to allow state or local approval of public charter schools upon the request of local communities?,,,NO,343,52,96,195,0
Baldwin,North Milledgeville,Constitutional Amendment #1<br>Shall the Constitution be amended to allow state or local approval of public charter schools upon the request of local communities?,,,NO,560,30,228,300,2
Baldwin,Meriwether,Constitutional Amendment #1<br>Shall the Constitution be amended to allow state or local approval of public charter schools upon the request of local communities?,,,NO,758,24,317,417,0
Baldwin,East Baldwin,Constitutional Amendment #1<br>Shall the Constitution be amended to allow state or local approval of public charter schools upon the request of local communities?,,,NO,951,44,409,498,0
Baldwin,Scottsboro,Constitutional Amendment #1<br>Shall the Constitution be amended to allow state or local approval of public charter schools upon the request of local communities?,,,NO,239,7,167,65,0
Baldwin,North Baldwin,Constitutional Amendment #1<br>Shall the Constitution be amended to allow state or local approval of public charter schools upon the request of local communities?,,,NO,982,54,431,497,0
Baldwin,West Baldwin,Constitutional Amendment #1<br>Shall the Constitution be amended to allow state or local approval of public charter schools upon the request of local communities?,,,NO,471,18,229,223,1
Baldwin,East Hardwick,Constitutional Amendment #1<br>Shall the Constitution be amended to allow state or local approval of public charter schools upon the request of local communities?,,,NO,234,26,119,89,0
Baldwin,West Hardwick,Constitutional Amendment #1<br>Shall the Constitution be amended to allow state or local approval of public charter schools upon the request of local communities?,,,NO,783,51,351,380,1
Baldwin,Coopers,Constitutional Amendment #1<br>Shall the Constitution be amended to allow state or local approval of public charter schools upon the request of local communities?,,,NO,395,8,235,152,0
Baldwin,,Constitutional Amendment #2<br>Shall the Constitution be amended so as to provide for a reduction in the state's operating costs by allowing the General Assembly to authorize certain state agencies to enter into multiyear rental agreements?,,,YES,9491,489,4390,4600,12
Baldwin,South Milledgeville,Constitutional Amendment #2<br>Shall the Constitution be amended so as to provide for a reduction in the state's operating costs by allowing the General Assembly to authorize certain state agencies to enter into multiyear rental agreements?,,,YES,576,36,258,282,0
Baldwin,City Hall Annex,Constitutional Amendment #2<br>Shall the Constitution be amended so as to provide for a reduction in the state's operating costs by allowing the General Assembly to authorize certain state agencies to enter into multiyear rental agreements?,,,YES,242,20,119,101,2
Baldwin,Boddie,Constitutional Amendment #2<br>Shall the Constitution be amended so as to provide for a reduction in the state's operating costs by allowing the General Assembly to authorize certain state agencies to enter into multiyear rental agreements?,,,YES,284,35,145,104,0
Baldwin,Courthouse,Constitutional Amendment #2<br>Shall the Constitution be amended so as to provide for a reduction in the state's operating costs by allowing the General Assembly to authorize certain state agencies to enter into multiyear rental agreements?,,,YES,292,21,135,136,0
Baldwin,Fire Dept,Constitutional Amendment #2<br>Shall the Constitution be amended so as to provide for a reduction in the state's operating costs by allowing the General Assembly to authorize certain state agencies to enter into multiyear rental agreements?,,,YES,437,35,175,227,0
Baldwin,North Milledgeville,Constitutional Amendment #2<br>Shall the Constitution be amended so as to provide for a reduction in the state's operating costs by allowing the General Assembly to authorize certain state agencies to enter into multiyear rental agreements?,,,YES,828,61,370,394,3
Baldwin,Meriwether,Constitutional Amendment #2<br>Shall the Constitution be amended so as to provide for a reduction in the state's operating costs by allowing the General Assembly to authorize certain state agencies to enter into multiyear rental agreements?,,,YES,1061,39,443,579,0
Baldwin,East Baldwin,Constitutional Amendment #2<br>Shall the Constitution be amended so as to provide for a reduction in the state's operating costs by allowing the General Assembly to authorize certain state agencies to enter into multiyear rental agreements?,,,YES,1336,55,585,695,1
Baldwin,Scottsboro,Constitutional Amendment #2<br>Shall the Constitution be amended so as to provide for a reduction in the state's operating costs by allowing the General Assembly to authorize certain state agencies to enter into multiyear rental agreements?,,,YES,346,9,225,112,0
Baldwin,North Baldwin,Constitutional Amendment #2<br>Shall the Constitution be amended so as to provide for a reduction in the state's operating costs by allowing the General Assembly to authorize certain state agencies to enter into multiyear rental agreements?,,,YES,1473,68,610,793,2
Baldwin,West Baldwin,Constitutional Amendment #2<br>Shall the Constitution be amended so as to provide for a reduction in the state's operating costs by allowing the General Assembly to authorize certain state agencies to enter into multiyear rental agreements?,,,YES,693,25,315,351,2
Baldwin,East Hardwick,Constitutional Amendment #2<br>Shall the Constitution be amended so as to provide for a reduction in the state's operating costs by allowing the General Assembly to authorize certain state agencies to enter into multiyear rental agreements?,,,YES,370,29,202,139,0
Baldwin,West Hardwick,Constitutional Amendment #2<br>Shall the Constitution be amended so as to provide for a reduction in the state's operating costs by allowing the General Assembly to authorize certain state agencies to enter into multiyear rental agreements?,,,YES,986,38,464,483,1
Baldwin,Coopers,Constitutional Amendment #2<br>Shall the Constitution be amended so as to provide for a reduction in the state's operating costs by allowing the General Assembly to authorize certain state agencies to enter into multiyear rental agreements?,,,YES,567,18,344,204,1
Baldwin,,Constitutional Amendment #2<br>Shall the Constitution be amended so as to provide for a reduction in the state's operating costs by allowing the General Assembly to authorize certain state agencies to enter into multiyear rental agreements?,,,NO,4965,331,2255,2376,3
Baldwin,South Milledgeville,Constitutional Amendment #2<br>Shall the Constitution be amended so as to provide for a reduction in the state's operating costs by allowing the General Assembly to authorize certain state agencies to enter into multiyear rental agreements?,,,NO,268,31,106,130,1
Baldwin,City Hall Annex,Constitutional Amendment #2<br>Shall the Constitution be amended so as to provide for a reduction in the state's operating costs by allowing the General Assembly to authorize certain state agencies to enter into multiyear rental agreements?,,,NO,109,11,54,44,0
Baldwin,Boddie,Constitutional Amendment #2<br>Shall the Constitution be amended so as to provide for a reduction in the state's operating costs by allowing the General Assembly to authorize certain state agencies to enter into multiyear rental agreements?,,,NO,122,22,47,53,0
Baldwin,Courthouse,Constitutional Amendment #2<br>Shall the Constitution be amended so as to provide for a reduction in the state's operating costs by allowing the General Assembly to authorize certain state agencies to enter into multiyear rental agreements?,,,NO,145,13,72,60,0
Baldwin,Fire Dept,Constitutional Amendment #2<br>Shall the Constitution be amended so as to provide for a reduction in the state's operating costs by allowing the General Assembly to authorize certain state agencies to enter into multiyear rental agreements?,,,NO,273,48,78,147,0
Baldwin,North Milledgeville,Constitutional Amendment #2<br>Shall the Constitution be amended so as to provide for a reduction in the state's operating costs by allowing the General Assembly to authorize certain state agencies to enter into multiyear rental agreements?,,,NO,385,18,156,211,0
Baldwin,Meriwether,Constitutional Amendment #2<br>Shall the Constitution be amended so as to provide for a reduction in the state's operating costs by allowing the General Assembly to authorize certain state agencies to enter into multiyear rental agreements?,,,NO,489,22,210,257,0
Baldwin,East Baldwin,Constitutional Amendment #2<br>Shall the Constitution be amended so as to provide for a reduction in the state's operating costs by allowing the General Assembly to authorize certain state agencies to enter into multiyear rental agreements?,,,NO,736,33,331,372,0
Baldwin,Scottsboro,Constitutional Amendment #2<br>Shall the Constitution be amended so as to provide for a reduction in the state's operating costs by allowing the General Assembly to authorize certain state agencies to enter into multiyear rental agreements?,,,NO,214,8,132,74,0
Baldwin,North Baldwin,Constitutional Amendment #2<br>Shall the Constitution be amended so as to provide for a reduction in the state's operating costs by allowing the General Assembly to authorize certain state agencies to enter into multiyear rental agreements?,,,NO,614,36,245,333,0
Baldwin,West Baldwin,Constitutional Amendment #2<br>Shall the Constitution be amended so as to provide for a reduction in the state's operating costs by allowing the General Assembly to authorize certain state agencies to enter into multiyear rental agreements?,,,NO,378,19,192,166,1
Baldwin,East Hardwick,Constitutional Amendment #2<br>Shall the Constitution be amended so as to provide for a reduction in the state's operating costs by allowing the General Assembly to authorize certain state agencies to enter into multiyear rental agreements?,,,NO,239,15,122,102,0
Baldwin,West Hardwick,Constitutional Amendment #2<br>Shall the Constitution be amended so as to provide for a reduction in the state's operating costs by allowing the General Assembly to authorize certain state agencies to enter into multiyear rental agreements?,,,NO,681,41,329,310,1
Baldwin,Coopers,Constitutional Amendment #2<br>Shall the Constitution be amended so as to provide for a reduction in the state's operating costs by allowing the General Assembly to authorize certain state agencies to enter into multiyear rental agreements?,,,NO,312,14,181,117,0
Baldwin,,Sunday Sales,,,YES,2855,211,1358,1283,3
Baldwin,South Milledgeville,Sunday Sales,,,YES,583,33,285,265,0
Baldwin,City Hall Annex,Sunday Sales,,,YES,266,28,132,104,2
Baldwin,Boddie,Sunday Sales,,,YES,283,20,160,103,0
Baldwin,Courthouse,Sunday Sales,,,YES,350,29,178,143,0
Baldwin,Fire Dept,Sunday Sales,,,YES,521,45,209,267,0
Baldwin,North Milledgeville,Sunday Sales,,,YES,852,56,394,401,1
Baldwin,Meriwether,Sunday Sales,,,YES,1072,34,461,577,0
Baldwin,East Baldwin,Sunday Sales,,,YES,1396,37,660,698,1
Baldwin,Scottsboro,Sunday Sales,,,YES,343,2,222,119,0
Baldwin,North Baldwin,Sunday Sales,,,YES,1445,66,613,765,1
Baldwin,West Baldwin,Sunday Sales,,,YES,731,28,365,335,3
Baldwin,East Hardwick,Sunday Sales,,,YES,437,21,257,159,0
Baldwin,West Hardwick,Sunday Sales,,,YES,1138,42,575,519,2
Baldwin,Coopers,Sunday Sales,,,YES,513,9,319,184,1
Baldwin,,Sunday Sales,,,NO,1494,173,531,787,3
Baldwin,South Milledgeville,Sunday Sales,,,NO,346,38,121,186,1
Baldwin,City Hall Annex,Sunday Sales,,,NO,133,16,58,59,0
Baldwin,Boddie,Sunday Sales,,,NO,167,39,63,65,0
Baldwin,Courthouse,Sunday Sales,,,NO,133,8,45,80,0
Baldwin,Fire Dept,Sunday Sales,,,NO,273,42,74,157,0
Baldwin,North Milledgeville,Sunday Sales,,,NO,442,30,170,240,2
Baldwin,Meriwether,Sunday Sales,,,NO,595,31,243,321,0
Baldwin,East Baldwin,Sunday Sales,,,NO,915,60,366,489,0
Baldwin,Scottsboro,Sunday Sales,,,NO,281,16,169,96,0
Baldwin,North Baldwin,Sunday Sales,,,NO,808,47,319,441,1
Baldwin,West Baldwin,Sunday Sales,,,NO,439,18,197,224,0
Baldwin,East Hardwick,Sunday Sales,,,NO,236,23,105,108,0
Baldwin,West Hardwick,Sunday Sales,,,NO,714,46,312,355,1
Baldwin,Coopers,Sunday Sales,,,NO,430,23,248,159,0
