county,precinct,office,district,party,candidate,votes,absentee_by_mail,election_day,advance_in_person,provisional
Camden,,President of the United States,,R,MITT ROMNEY,11343,720,5827,4783,13
Camden,Tarboro,President of the United States,,R,MITT ROMNEY,381,22,232,126,1
Camden,Waverly,President of the United States,,R,MITT ROMNEY,521,44,302,172,3
Camden,Woodbine,President of the United States,,R,MITT ROMNEY,662,27,294,341,0
Camden,Browntown,President of the United States,,R,MITT ROMNEY,327,27,229,71,0
Camden,Harrietts Bluff,President of the United States,,R,MITT ROMNEY,895,58,532,305,0
Camden,West Kingsland,President of the United States,,R,MITT ROMNEY,1009,60,521,428,0
Camden,North Kingsland,President of the United States,,R,MITT ROMNEY,558,16,280,260,2
Camden,Kingsland,President of the United States,,R,MITT ROMNEY,677,34,309,332,2
Camden,East Kingsland,President of the United States,,R,MITT ROMNEY,1829,111,830,888,0
Camden,North St Marys,President of the United States,,R,MITT ROMNEY,378,28,208,141,1
Camden,Mary Lee Clark,President of the United States,,R,MITT ROMNEY,950,56,591,301,2
Camden,South St Marys,President of the United States,,R,MITT ROMNEY,726,45,332,348,1
Camden,Mush Bluff,President of the United States,,R,MITT ROMNEY,914,45,586,283,0
Camden,West Saint Marys,President of the United States,,R,MITT ROMNEY,1516,147,581,787,1
Camden,,President of the United States,,D,BARACK OBAMA (I),6377,456,2988,2920,13
Camden,Tarboro,President of the United States,,D,BARACK OBAMA (I),216,29,109,76,2
Camden,Waverly,President of the United States,,D,BARACK OBAMA (I),317,31,155,128,3
Camden,Woodbine,President of the United States,,D,BARACK OBAMA (I),599,67,216,314,2
Camden,Browntown,President of the United States,,D,BARACK OBAMA (I),85,9,61,14,1
Camden,Harrietts Bluff,President of the United States,,D,BARACK OBAMA (I),268,29,146,92,1
Camden,West Kingsland,President of the United States,,D,BARACK OBAMA (I),388,21,193,174,0
Camden,North Kingsland,President of the United States,,D,BARACK OBAMA (I),744,53,317,374,0
Camden,Kingsland,President of the United States,,D,BARACK OBAMA (I),421,13,189,217,2
Camden,East Kingsland,President of the United States,,D,BARACK OBAMA (I),968,55,413,500,0
Camden,North St Marys,President of the United States,,D,BARACK OBAMA (I),369,15,230,124,0
Camden,Mary Lee Clark,President of the United States,,D,BARACK OBAMA (I),610,35,336,238,1
Camden,South St Marys,President of the United States,,D,BARACK OBAMA (I),483,40,200,243,0
Camden,Mush Bluff,President of the United States,,D,BARACK OBAMA (I),452,25,260,166,1
Camden,West Saint Marys,President of the United States,,D,BARACK OBAMA (I),457,34,163,260,0
Camden,,President of the United States,,LIB,GARY JOHNSON,263,17,171,74,1
Camden,Tarboro,President of the United States,,LIB,GARY JOHNSON,3,0,2,1,0
Camden,Waverly,President of the United States,,LIB,GARY JOHNSON,11,0,8,3,0
Camden,Woodbine,President of the United States,,LIB,GARY JOHNSON,16,0,7,9,0
Camden,Browntown,President of the United States,,LIB,GARY JOHNSON,4,1,3,0,0
Camden,Harrietts Bluff,President of the United States,,LIB,GARY JOHNSON,23,1,18,3,1
Camden,West Kingsland,President of the United States,,LIB,GARY JOHNSON,34,0,23,11,0
Camden,North Kingsland,President of the United States,,LIB,GARY JOHNSON,13,0,10,3,0
Camden,Kingsland,President of the United States,,LIB,GARY JOHNSON,20,2,17,1,0
Camden,East Kingsland,President of the United States,,LIB,GARY JOHNSON,27,0,17,10,0
Camden,North St Marys,President of the United States,,LIB,GARY JOHNSON,13,1,6,6,0
Camden,Mary Lee Clark,President of the United States,,LIB,GARY JOHNSON,35,4,23,8,0
Camden,South St Marys,President of the United States,,LIB,GARY JOHNSON,17,1,10,6,0
Camden,Mush Bluff,President of the United States,,LIB,GARY JOHNSON,25,2,20,3,0
Camden,West Saint Marys,President of the United States,,LIB,GARY JOHNSON,22,5,7,10,0
Camden,,"Public Service Commission, District 3",3,R,CHUCK EATON (I),10140,676,5203,4249,12
Camden,Tarboro,"Public Service Commission, District 3",3,R,CHUCK EATON (I),324,20,203,100,1
Camden,Waverly,"Public Service Commission, District 3",3,R,CHUCK EATON (I),473,45,276,149,3
Camden,Woodbine,"Public Service Commission, District 3",3,R,CHUCK EATON (I),584,32,256,296,0
Camden,Browntown,"Public Service Commission, District 3",3,R,CHUCK EATON (I),248,25,167,56,0
Camden,Harrietts Bluff,"Public Service Commission, District 3",3,R,CHUCK EATON (I),812,54,482,276,0
Camden,West Kingsland,"Public Service Commission, District 3",3,R,CHUCK EATON (I),889,53,452,384,0
Camden,North Kingsland,"Public Service Commission, District 3",3,R,CHUCK EATON (I),538,19,274,243,2
Camden,Kingsland,"Public Service Commission, District 3",3,R,CHUCK EATON (I),612,35,280,296,1
Camden,East Kingsland,"Public Service Commission, District 3",3,R,CHUCK EATON (I),1619,98,744,777,0
Camden,North St Marys,"Public Service Commission, District 3",3,R,CHUCK EATON (I),346,23,197,125,1
Camden,Mary Lee Clark,"Public Service Commission, District 3",3,R,CHUCK EATON (I),857,53,527,275,2
Camden,South St Marys,"Public Service Commission, District 3",3,R,CHUCK EATON (I),655,42,296,316,1
Camden,Mush Bluff,"Public Service Commission, District 3",3,R,CHUCK EATON (I),836,45,530,261,0
Camden,West Saint Marys,"Public Service Commission, District 3",3,R,CHUCK EATON (I),1347,132,519,695,1
Camden,,"Public Service Commission, District 3",3,D,STEPHEN OPPENHEIMER,5010,397,2280,2324,9
Camden,Tarboro,"Public Service Commission, District 3",3,D,STEPHEN OPPENHEIMER,148,27,69,51,1
Camden,Waverly,"Public Service Commission, District 3",3,D,STEPHEN OPPENHEIMER,242,26,114,99,3
Camden,Woodbine,"Public Service Commission, District 3",3,D,STEPHEN OPPENHEIMER,451,50,158,242,1
Camden,Browntown,"Public Service Commission, District 3",3,D,STEPHEN OPPENHEIMER,84,6,64,13,1
Camden,Harrietts Bluff,"Public Service Commission, District 3",3,D,STEPHEN OPPENHEIMER,195,24,92,78,1
Camden,West Kingsland,"Public Service Commission, District 3",3,D,STEPHEN OPPENHEIMER,313,21,157,135,0
Camden,North Kingsland,"Public Service Commission, District 3",3,D,STEPHEN OPPENHEIMER,552,46,216,290,0
Camden,Kingsland,"Public Service Commission, District 3",3,D,STEPHEN OPPENHEIMER,324,10,143,171,0
Camden,East Kingsland,"Public Service Commission, District 3",3,D,STEPHEN OPPENHEIMER,784,49,320,415,0
Camden,North St Marys,"Public Service Commission, District 3",3,D,STEPHEN OPPENHEIMER,292,16,173,103,0
Camden,Mary Lee Clark,"Public Service Commission, District 3",3,D,STEPHEN OPPENHEIMER,516,34,280,201,1
Camden,South St Marys,"Public Service Commission, District 3",3,D,STEPHEN OPPENHEIMER,389,40,163,186,0
Camden,Mush Bluff,"Public Service Commission, District 3",3,D,STEPHEN OPPENHEIMER,361,19,205,136,1
Camden,West Saint Marys,"Public Service Commission, District 3",3,D,STEPHEN OPPENHEIMER,359,29,126,204,0
Camden,,"Public Service Commission, District 3",3,L,BRAD PLOEGER,860,52,501,305,2
Camden,Tarboro,"Public Service Commission, District 3",3,L,BRAD PLOEGER,17,1,7,9,0
Camden,Waverly,"Public Service Commission, District 3",3,L,BRAD PLOEGER,36,3,20,13,0
Camden,Woodbine,"Public Service Commission, District 3",3,L,BRAD PLOEGER,54,3,27,23,1
Camden,Browntown,"Public Service Commission, District 3",3,L,BRAD PLOEGER,20,3,13,4,0
Camden,Harrietts Bluff,"Public Service Commission, District 3",3,L,BRAD PLOEGER,72,2,56,13,1
Camden,West Kingsland,"Public Service Commission, District 3",3,L,BRAD PLOEGER,69,3,45,21,0
Camden,North Kingsland,"Public Service Commission, District 3",3,L,BRAD PLOEGER,48,2,27,19,0
Camden,Kingsland,"Public Service Commission, District 3",3,L,BRAD PLOEGER,59,1,38,20,0
Camden,East Kingsland,"Public Service Commission, District 3",3,L,BRAD PLOEGER,128,12,56,60,0
Camden,North St Marys,"Public Service Commission, District 3",3,L,BRAD PLOEGER,42,4,21,17,0
Camden,Mary Lee Clark,"Public Service Commission, District 3",3,L,BRAD PLOEGER,66,3,49,14,0
Camden,South St Marys,"Public Service Commission, District 3",3,L,BRAD PLOEGER,72,1,39,32,0
Camden,Mush Bluff,"Public Service Commission, District 3",3,L,BRAD PLOEGER,81,3,57,21,0
Camden,West Saint Marys,"Public Service Commission, District 3",3,L,BRAD PLOEGER,96,11,46,39,0
Camden,,"Public Service Commission, District 5",5,R,STAN WISE (I),11520,761,5832,4915,12
Camden,Tarboro,"Public Service Commission, District 5",5,R,STAN WISE (I),375,24,227,124,0
Camden,Waverly,"Public Service Commission, District 5",5,R,STAN WISE (I),530,49,301,177,3
Camden,Woodbine,"Public Service Commission, District 5",5,R,STAN WISE (I),697,40,309,347,1
Camden,Browntown,"Public Service Commission, District 5",5,R,STAN WISE (I),289,24,199,66,0
Camden,Harrietts Bluff,"Public Service Commission, District 5",5,R,STAN WISE (I),880,60,514,306,0
Camden,West Kingsland,"Public Service Commission, District 5",5,R,STAN WISE (I),1004,58,529,417,0
Camden,North Kingsland,"Public Service Commission, District 5",5,R,STAN WISE (I),688,32,310,344,2
Camden,Kingsland,"Public Service Commission, District 5",5,R,STAN WISE (I),704,35,319,349,1
Camden,East Kingsland,"Public Service Commission, District 5",5,R,STAN WISE (I),1851,110,837,904,0
Camden,North St Marys,"Public Service Commission, District 5",5,R,STAN WISE (I),403,27,235,140,1
Camden,Mary Lee Clark,"Public Service Commission, District 5",5,R,STAN WISE (I),975,62,592,319,2
Camden,South St Marys,"Public Service Commission, District 5",5,R,STAN WISE (I),744,51,328,364,1
Camden,Mush Bluff,"Public Service Commission, District 5",5,R,STAN WISE (I),920,48,579,293,0
Camden,West Saint Marys,"Public Service Commission, District 5",5,R,STAN WISE (I),1460,141,553,765,1
Camden,,"Public Service Commission, District 5",5,L,DAVID STAPLES,3715,247,1919,1543,6
Camden,Tarboro,"Public Service Commission, District 5",5,L,DAVID STAPLES,96,11,52,31,2
Camden,Waverly,"Public Service Commission, District 5",5,L,DAVID STAPLES,163,15,82,66,0
Camden,Woodbine,"Public Service Commission, District 5",5,L,DAVID STAPLES,278,24,112,141,1
Camden,Browntown,"Public Service Commission, District 5",5,L,DAVID STAPLES,70,9,52,8,1
Camden,Harrietts Bluff,"Public Service Commission, District 5",5,L,DAVID STAPLES,188,15,119,52,2
Camden,West Kingsland,"Public Service Commission, District 5",5,L,DAVID STAPLES,247,16,118,113,0
Camden,North Kingsland,"Public Service Commission, District 5",5,L,DAVID STAPLES,318,14,179,125,0
Camden,Kingsland,"Public Service Commission, District 5",5,L,DAVID STAPLES,270,10,142,118,0
Camden,East Kingsland,"Public Service Commission, District 5",5,L,DAVID STAPLES,557,32,236,289,0
Camden,North St Marys,"Public Service Commission, District 5",5,L,DAVID STAPLES,221,11,132,78,0
Camden,Mary Lee Clark,"Public Service Commission, District 5",5,L,DAVID STAPLES,388,21,229,138,0
Camden,South St Marys,"Public Service Commission, District 5",5,L,DAVID STAPLES,299,22,142,135,0
Camden,Mush Bluff,"Public Service Commission, District 5",5,L,DAVID STAPLES,314,14,200,100,0
Camden,West Saint Marys,"Public Service Commission, District 5",5,L,DAVID STAPLES,306,33,124,149,0
Camden,,U.S. Representative,1,R,JACK KINGSTON (I),11760,754,6003,4990,13
Camden,Tarboro,U.S. Representative,1,R,JACK KINGSTON (I),392,25,239,127,1
Camden,Waverly,U.S. Representative,1,R,JACK KINGSTON (I),559,49,323,184,3
Camden,Woodbine,U.S. Representative,1,R,JACK KINGSTON (I),700,28,303,369,0
Camden,Browntown,U.S. Representative,1,R,JACK KINGSTON (I),313,29,212,71,1
Camden,Harrietts Bluff,U.S. Representative,1,R,JACK KINGSTON (I),925,58,558,309,0
Camden,West Kingsland,U.S. Representative,1,R,JACK KINGSTON (I),1050,61,541,448,0
Camden,North Kingsland,U.S. Representative,1,R,JACK KINGSTON (I),638,24,313,299,2
Camden,Kingsland,U.S. Representative,1,R,JACK KINGSTON (I),720,39,327,353,1
Camden,East Kingsland,U.S. Representative,1,R,JACK KINGSTON (I),1846,115,826,905,0
Camden,North St Marys,U.S. Representative,1,R,JACK KINGSTON (I),402,27,232,142,1
Camden,Mary Lee Clark,U.S. Representative,1,R,JACK KINGSTON (I),975,61,589,323,2
Camden,South St Marys,U.S. Representative,1,R,JACK KINGSTON (I),764,48,348,367,1
Camden,Mush Bluff,U.S. Representative,1,R,JACK KINGSTON (I),949,48,604,297,0
Camden,West Saint Marys,U.S. Representative,1,R,JACK KINGSTON (I),1527,142,588,796,1
Camden,,U.S. Representative,1,D,LESLI MESSINGER,5387,410,2515,2452,10
Camden,Tarboro,U.S. Representative,1,D,LESLI MESSINGER,160,23,81,55,1
Camden,Waverly,U.S. Representative,1,D,LESLI MESSINGER,250,26,124,97,3
Camden,Woodbine,U.S. Representative,1,D,LESLI MESSINGER,470,62,160,246,2
Camden,Browntown,U.S. Representative,1,D,LESLI MESSINGER,83,7,63,13,0
Camden,Harrietts Bluff,U.S. Representative,1,D,LESLI MESSINGER,228,28,118,80,2
Camden,West Kingsland,U.S. Representative,1,D,LESLI MESSINGER,324,18,164,142,0
Camden,North Kingsland,U.S. Representative,1,D,LESLI MESSINGER,587,45,244,298,0
Camden,Kingsland,U.S. Representative,1,D,LESLI MESSINGER,358,8,169,181,0
Camden,East Kingsland,U.S. Representative,1,D,LESLI MESSINGER,848,46,363,439,0
Camden,North St Marys,U.S. Representative,1,D,LESLI MESSINGER,319,17,183,119,0
Camden,Mary Lee Clark,U.S. Representative,1,D,LESLI MESSINGER,550,32,310,207,1
Camden,South St Marys,U.S. Representative,1,D,LESLI MESSINGER,418,37,178,203,0
Camden,Mush Bluff,U.S. Representative,1,D,LESLI MESSINGER,384,23,219,141,1
Camden,West Saint Marys,U.S. Representative,1,D,LESLI MESSINGER,408,38,139,231,0
Camden,,State Senator,3,R,WILLIAM T. LIGON (I),13751,894,7088,5755,14
Camden,Tarboro,State Senator,3,R,WILLIAM T. LIGON (I),431,31,257,142,1
Camden,Waverly,State Senator,3,R,WILLIAM T. LIGON (I),657,58,369,227,3
Camden,Woodbine,State Senator,3,R,WILLIAM T. LIGON (I),829,53,360,416,0
Camden,Browntown,State Senator,3,R,WILLIAM T. LIGON (I),327,29,229,68,1
Camden,Harrietts Bluff,State Senator,3,R,WILLIAM T. LIGON (I),1005,66,600,338,1
Camden,West Kingsland,State Senator,3,R,WILLIAM T. LIGON (I),1153,69,601,483,0
Camden,North Kingsland,State Senator,3,R,WILLIAM T. LIGON (I),857,37,422,396,2
Camden,Kingsland,State Senator,3,R,WILLIAM T. LIGON (I),865,41,414,409,1
Camden,East Kingsland,State Senator,3,R,WILLIAM T. LIGON (I),2189,124,985,1080,0
Camden,North St Marys,State Senator,3,R,WILLIAM T. LIGON (I),544,33,323,187,1
Camden,Mary Lee Clark,State Senator,3,R,WILLIAM T. LIGON (I),1211,72,756,381,2
Camden,South St Marys,State Senator,3,R,WILLIAM T. LIGON (I),928,65,429,433,1
Camden,Mush Bluff,State Senator,3,R,WILLIAM T. LIGON (I),1115,59,706,350,0
Camden,West Saint Marys,State Senator,3,R,WILLIAM T. LIGON (I),1640,157,637,845,1
Camden,,State Representative,174,R,ELLIS BLACK (I),1930,118,1004,807,1
Camden,Browntown,State Representative,174,R,ELLIS BLACK (I),284,28,194,62,0
Camden,West Kingsland,State Representative,174,R,ELLIS BLACK (I),981,56,500,425,0
Camden,Kingsland,State Representative,174,R,ELLIS BLACK (I),665,34,310,320,1
Camden,,State Representative,174,D,TERESA LAWRENCE,822,37,423,361,1
Camden,Browntown,State Representative,174,D,TERESA LAWRENCE,88,7,68,12,1
Camden,West Kingsland,State Representative,174,D,TERESA LAWRENCE,355,20,182,153,0
Camden,Kingsland,State Representative,174,D,TERESA LAWRENCE,379,10,173,196,0
Camden,,State Representative,180,R,JASON SPENCER (I),11246,717,5802,4715,12
Camden,Tarboro,State Representative,180,R,JASON SPENCER (I),431,26,258,146,1
Camden,Waverly,State Representative,180,R,JASON SPENCER (I),632,59,350,220,3
Camden,Woodbine,State Representative,180,R,JASON SPENCER (I),800,45,350,405,0
Camden,Harrietts Bluff,State Representative,180,R,JASON SPENCER (I),991,68,592,329,2
Camden,North Kingsland,State Representative,180,R,JASON SPENCER (I),862,36,423,401,2
Camden,East Kingsland,State Representative,180,R,JASON SPENCER (I),2171,118,995,1058,0
Camden,North St Marys,State Representative,180,R,JASON SPENCER (I),554,32,326,195,1
Camden,Mary Lee Clark,State Representative,180,R,JASON SPENCER (I),1219,72,762,383,2
Camden,South St Marys,State Representative,180,R,JASON SPENCER (I),913,65,423,424,1
Camden,Mush Bluff,State Representative,180,R,JASON SPENCER (I),1126,55,717,354,0
Camden,West Saint Marys,State Representative,180,R,JASON SPENCER (I),1547,141,606,800,0
Camden,,District Attorney, Brunswick Circuit,R,JACKIE JOHNSON (I),14000,890,7192,5903,15
Camden,Tarboro,District Attorney, Brunswick Circuit,R,JACKIE JOHNSON (I),441,27,260,152,2
Camden,Waverly,District Attorney, Brunswick Circuit,R,JACKIE JOHNSON (I),660,59,362,236,3
Camden,Woodbine,District Attorney, Brunswick Circuit,R,JACKIE JOHNSON (I),877,54,371,452,0
Camden,Browntown,District Attorney, Brunswick Circuit,R,JACKIE JOHNSON (I),340,27,235,77,1
Camden,Harrietts Bluff,District Attorney, Brunswick Circuit,R,JACKIE JOHNSON (I),1005,64,604,335,2
Camden,West Kingsland,District Attorney, Brunswick Circuit,R,JACKIE JOHNSON (I),1166,70,600,496,0
Camden,North Kingsland,District Attorney, Brunswick Circuit,R,JACKIE JOHNSON (I),894,39,439,414,2
Camden,Kingsland,District Attorney, Brunswick Circuit,R,JACKIE JOHNSON (I),883,42,423,417,1
Camden,East Kingsland,District Attorney, Brunswick Circuit,R,JACKIE JOHNSON (I),2191,119,991,1081,0
Camden,North St Marys,District Attorney, Brunswick Circuit,R,JACKIE JOHNSON (I),556,35,329,191,1
Camden,Mary Lee Clark,District Attorney, Brunswick Circuit,R,JACKIE JOHNSON (I),1231,71,768,390,2
Camden,South St Marys,District Attorney, Brunswick Circuit,R,JACKIE JOHNSON (I),947,70,433,443,1
Camden,Mush Bluff,District Attorney, Brunswick Circuit,R,JACKIE JOHNSON (I),1148,59,730,359,0
Camden,West Saint Marys,District Attorney, Brunswick Circuit,R,JACKIE JOHNSON (I),1661,154,647,860,0
Camden,,CLERK, SUPERIOR COURT,R,JOY LYNN TURNER,14146,889,7228,6016,13
Camden,Tarboro,CLERK, SUPERIOR COURT,R,JOY LYNN TURNER,443,29,261,152,1
Camden,Waverly,CLERK, SUPERIOR COURT,R,JOY LYNN TURNER,644,60,354,227,3
Camden,Woodbine,CLERK, SUPERIOR COURT,R,JOY LYNN TURNER,911,54,381,476,0
Camden,Browntown,CLERK, SUPERIOR COURT,R,JOY LYNN TURNER,343,26,241,75,1
Camden,Harrietts Bluff,CLERK, SUPERIOR COURT,R,JOY LYNN TURNER,1019,65,606,346,2
Camden,West Kingsland,CLERK, SUPERIOR COURT,R,JOY LYNN TURNER,1193,69,613,511,0
Camden,North Kingsland,CLERK, SUPERIOR COURT,R,JOY LYNN TURNER,902,37,440,424,1
Camden,Kingsland,CLERK, SUPERIOR COURT,R,JOY LYNN TURNER,907,41,428,437,1
Camden,East Kingsland,CLERK, SUPERIOR COURT,R,JOY LYNN TURNER,2208,122,993,1093,0
Camden,North St Marys,CLERK, SUPERIOR COURT,R,JOY LYNN TURNER,565,34,332,198,1
Camden,Mary Lee Clark,CLERK, SUPERIOR COURT,R,JOY LYNN TURNER,1238,73,768,395,2
Camden,South St Marys,CLERK, SUPERIOR COURT,R,JOY LYNN TURNER,947,68,432,446,1
Camden,Mush Bluff,CLERK, SUPERIOR COURT,R,JOY LYNN TURNER,1148,57,728,363,0
Camden,West Saint Marys,CLERK, SUPERIOR COURT,R,JOY LYNN TURNER,1678,154,651,873,0
Camden,,SHERIFF,,R,TOMMY GREGORY (I),8008,580,4028,3394,6
Camden,Tarboro,SHERIFF,,R,TOMMY GREGORY (I),221,19,126,75,1
Camden,Waverly,SHERIFF,,R,TOMMY GREGORY (I),385,42,214,129,0
Camden,Woodbine,SHERIFF,,R,TOMMY GREGORY (I),294,15,124,154,1
Camden,Browntown,SHERIFF,,R,TOMMY GREGORY (I),154,18,109,27,0
Camden,Harrietts Bluff,SHERIFF,,R,TOMMY GREGORY (I),597,49,355,193,0
Camden,West Kingsland,SHERIFF,,R,TOMMY GREGORY (I),596,44,303,249,0
Camden,North Kingsland,SHERIFF,,R,TOMMY GREGORY (I),497,21,243,233,0
Camden,Kingsland,SHERIFF,,R,TOMMY GREGORY (I),468,27,234,205,2
Camden,East Kingsland,SHERIFF,,R,TOMMY GREGORY (I),1395,83,609,703,0
Camden,North St Marys,SHERIFF,,R,TOMMY GREGORY (I),310,24,181,104,1
Camden,Mary Lee Clark,SHERIFF,,R,TOMMY GREGORY (I),746,36,471,238,1
Camden,South St Marys,SHERIFF,,R,TOMMY GREGORY (I),524,39,232,253,0
Camden,Mush Bluff,SHERIFF,,R,TOMMY GREGORY (I),661,46,415,200,0
Camden,West Saint Marys,SHERIFF,,R,TOMMY GREGORY (I),1160,117,412,631,0
Camden,,SHERIFF,,IND,JIM PROCTOR,9302,556,4665,4064,17
Camden,Tarboro,SHERIFF,,IND,JIM PROCTOR,369,28,215,124,2
Camden,Waverly,SHERIFF,,IND,JIM PROCTOR,430,31,230,164,5
Camden,Woodbine,SHERIFF,,IND,JIM PROCTOR,953,74,383,495,1
Camden,Browntown,SHERIFF,,IND,JIM PROCTOR,255,16,180,58,1
Camden,Harrietts Bluff,SHERIFF,,IND,JIM PROCTOR,570,32,337,199,2
Camden,West Kingsland,SHERIFF,,IND,JIM PROCTOR,794,36,411,347,0
Camden,North Kingsland,SHERIFF,,IND,JIM PROCTOR,740,45,332,361,2
Camden,Kingsland,SHERIFF,,IND,JIM PROCTOR,615,18,270,326,1
Camden,East Kingsland,SHERIFF,,IND,JIM PROCTOR,1276,72,582,622,0
Camden,North St Marys,SHERIFF,,IND,JIM PROCTOR,399,18,234,147,0
Camden,Mary Lee Clark,SHERIFF,,IND,JIM PROCTOR,761,56,436,268,1
Camden,South St Marys,SHERIFF,,IND,JIM PROCTOR,664,43,297,323,1
Camden,Mush Bluff,SHERIFF,,IND,JIM PROCTOR,685,24,428,233,0
Camden,West Saint Marys,SHERIFF,,IND,JIM PROCTOR,791,63,330,397,1
Camden,,TAX COMMISSIONER,,R,BETH SOLES (I),14661,936,7438,6271,16
Camden,Tarboro,TAX COMMISSIONER,,R,BETH SOLES (I),456,26,271,157,2
Camden,Waverly,TAX COMMISSIONER,,R,BETH SOLES (I),684,63,378,240,3
Camden,Woodbine,TAX COMMISSIONER,,R,BETH SOLES (I),938,61,388,489,0
Camden,Browntown,TAX COMMISSIONER,,R,BETH SOLES (I),364,31,256,76,1
Camden,Harrietts Bluff,TAX COMMISSIONER,,R,BETH SOLES (I),1044,70,622,350,2
Camden,West Kingsland,TAX COMMISSIONER,,R,BETH SOLES (I),1212,71,626,515,0
Camden,North Kingsland,TAX COMMISSIONER,,R,BETH SOLES (I),962,41,461,458,2
Camden,Kingsland,TAX COMMISSIONER,,R,BETH SOLES (I),922,41,429,450,2
Camden,East Kingsland,TAX COMMISSIONER,,R,BETH SOLES (I),2299,132,1028,1139,0
Camden,North St Marys,TAX COMMISSIONER,,R,BETH SOLES (I),588,37,341,209,1
Camden,Mary Lee Clark,TAX COMMISSIONER,,R,BETH SOLES (I),1283,75,784,422,2
Camden,South St Marys,TAX COMMISSIONER,,R,BETH SOLES (I),999,72,446,480,1
Camden,Mush Bluff,TAX COMMISSIONER,,R,BETH SOLES (I),1182,61,747,374,0
Camden,West Saint Marys,TAX COMMISSIONER,,R,BETH SOLES (I),1728,155,661,912,0
Camden,,SURVEYOR,,R,MATTHEW M. JORDAN,13708,879,7074,5740,15
Camden,Tarboro,SURVEYOR,,R,MATTHEW M. JORDAN,411,26,247,136,2
Camden,Waverly,SURVEYOR,,R,MATTHEW M. JORDAN,625,57,346,219,3
Camden,Woodbine,SURVEYOR,,R,MATTHEW M. JORDAN,828,55,362,411,0
Camden,Browntown,SURVEYOR,,R,MATTHEW M. JORDAN,330,29,231,69,1
Camden,Harrietts Bluff,SURVEYOR,,R,MATTHEW M. JORDAN,996,67,595,332,2
Camden,West Kingsland,SURVEYOR,,R,MATTHEW M. JORDAN,1155,67,606,482,0
Camden,North Kingsland,SURVEYOR,,R,MATTHEW M. JORDAN,868,37,425,404,2
Camden,Kingsland,SURVEYOR,,R,MATTHEW M. JORDAN,885,41,423,420,1
Camden,East Kingsland,SURVEYOR,,R,MATTHEW M. JORDAN,2176,118,984,1074,0
Camden,North St Marys,SURVEYOR,,R,MATTHEW M. JORDAN,553,35,329,188,1
Camden,Mary Lee Clark,SURVEYOR,,R,MATTHEW M. JORDAN,1203,70,754,377,2
Camden,South St Marys,SURVEYOR,,R,MATTHEW M. JORDAN,927,66,421,439,1
Camden,Mush Bluff,SURVEYOR,,R,MATTHEW M. JORDAN,1129,59,720,350,0
Camden,West Saint Marys,SURVEYOR,,R,MATTHEW M. JORDAN,1622,152,631,839,0
Camden,,CORONER,,R,L. W. BRUCE (I),14146,901,7247,5983,15
Camden,Tarboro,CORONER,,R,L. W. BRUCE (I),437,27,255,153,2
Camden,Waverly,CORONER,,R,L. W. BRUCE (I),649,61,356,229,3
Camden,Woodbine,CORONER,,R,L. W. BRUCE (I),875,55,375,445,0
Camden,Browntown,CORONER,,R,L. W. BRUCE (I),342,27,240,74,1
Camden,Harrietts Bluff,CORONER,,R,L. W. BRUCE (I),1022,67,610,343,2
Camden,West Kingsland,CORONER,,R,L. W. BRUCE (I),1192,67,619,506,0
Camden,North Kingsland,CORONER,,R,L. W. BRUCE (I),915,41,445,427,2
Camden,Kingsland,CORONER,,R,L. W. BRUCE (I),905,41,428,435,1
Camden,East Kingsland,CORONER,,R,L. W. BRUCE (I),2217,116,1000,1101,0
Camden,North St Marys,CORONER,,R,L. W. BRUCE (I),563,36,330,196,1
Camden,Mary Lee Clark,CORONER,,R,L. W. BRUCE (I),1245,75,770,398,2
Camden,South St Marys,CORONER,,R,L. W. BRUCE (I),968,73,439,455,1
Camden,Mush Bluff,CORONER,,R,L. W. BRUCE (I),1150,61,732,357,0
Camden,West Saint Marys,CORONER,,R,L. W. BRUCE (I),1666,154,648,864,0
Camden,,CC, D1,R,WILLIS KEENE (I),2031,104,1070,851,6
Camden,Tarboro,CC, D1,R,WILLIS KEENE (I),338,21,203,113,1
Camden,Waverly,CC, D1,R,WILLIS KEENE (I),494,42,288,162,2
Camden,Woodbine,CC, D1,R,WILLIS KEENE (I),623,24,290,308,1
Camden,North Kingsland,CC, D1,R,WILLIS KEENE (I),576,17,289,268,2
Camden,,CC, D1,D,PRESTON RHODES,1754,173,724,851,6
Camden,Tarboro,CC, D1,D,PRESTON RHODES,234,28,126,78,2
Camden,Waverly,CC, D1,D,PRESTON RHODES,305,32,146,123,4
Camden,Woodbine,CC, D1,D,PRESTON RHODES,577,64,189,324,0
Camden,North Kingsland,CC, D1,D,PRESTON RHODES,638,49,263,326,0
Camden,,CC, D3,R,JIMMY STARLINE (I),981,58,603,319,1
Camden,North St Marys,CC, D3,R,JIMMY STARLINE (I),552,36,328,187,1
Camden,Mush Bluff,CC, D3,R,JIMMY STARLINE (I),429,22,275,132,0
Camden,,CC, D5,R,TONY SHEPPARD,2743,176,1391,1174,2
Camden,Browntown,CC, D5,R,TONY SHEPPARD,343,27,242,73,1
Camden,West Kingsland,CC, D5,R,TONY SHEPPARD,1186,67,623,496,0
Camden,Kingsland,CC, D5,R,TONY SHEPPARD,897,41,426,429,1
Camden,West Saint Marys,CC, D5,R,TONY SHEPPARD,317,41,100,176,0
Camden,,Constitutional Amendment #1<br>Shall the Constitution be amended to allow state or local approval of public charter schools upon the request of local communities?,,,YES,7653,564,3881,3196,12
Camden,Tarboro,Constitutional Amendment #1<br>Shall the Constitution be amended to allow state or local approval of public charter schools upon the request of local communities?,,,YES,213,19,111,81,2
Camden,Waverly,Constitutional Amendment #1<br>Shall the Constitution be amended to allow state or local approval of public charter schools upon the request of local communities?,,,YES,346,38,182,122,4
Camden,Woodbine,Constitutional Amendment #1<br>Shall the Constitution be amended to allow state or local approval of public charter schools upon the request of local communities?,,,YES,515,31,216,267,1
Camden,Browntown,Constitutional Amendment #1<br>Shall the Constitution be amended to allow state or local approval of public charter schools upon the request of local communities?,,,YES,176,20,120,35,1
Camden,Harrietts Bluff,Constitutional Amendment #1<br>Shall the Constitution be amended to allow state or local approval of public charter schools upon the request of local communities?,,,YES,440,45,237,158,0
Camden,West Kingsland,Constitutional Amendment #1<br>Shall the Constitution be amended to allow state or local approval of public charter schools upon the request of local communities?,,,YES,615,31,331,253,0
Camden,North Kingsland,Constitutional Amendment #1<br>Shall the Constitution be amended to allow state or local approval of public charter schools upon the request of local communities?,,,YES,622,27,313,280,2
Camden,Kingsland,Constitutional Amendment #1<br>Shall the Constitution be amended to allow state or local approval of public charter schools upon the request of local communities?,,,YES,490,26,231,232,1
Camden,East Kingsland,Constitutional Amendment #1<br>Shall the Constitution be amended to allow state or local approval of public charter schools upon the request of local communities?,,,YES,1257,92,572,593,0
Camden,North St Marys,Constitutional Amendment #1<br>Shall the Constitution be amended to allow state or local approval of public charter schools upon the request of local communities?,,,YES,384,20,240,124,0
Camden,Mary Lee Clark,Constitutional Amendment #1<br>Shall the Constitution be amended to allow state or local approval of public charter schools upon the request of local communities?,,,YES,715,45,431,238,1
Camden,South St Marys,Constitutional Amendment #1<br>Shall the Constitution be amended to allow state or local approval of public charter schools upon the request of local communities?,,,YES,451,41,226,184,0
Camden,Mush Bluff,Constitutional Amendment #1<br>Shall the Constitution be amended to allow state or local approval of public charter schools upon the request of local communities?,,,YES,609,33,373,203,0
Camden,West Saint Marys,Constitutional Amendment #1<br>Shall the Constitution be amended to allow state or local approval of public charter schools upon the request of local communities?,,,YES,820,96,298,426,0
Camden,,Constitutional Amendment #1<br>Shall the Constitution be amended to allow state or local approval of public charter schools upon the request of local communities?,,,NO,9568,538,4770,4251,9
Camden,Tarboro,Constitutional Amendment #1<br>Shall the Constitution be amended to allow state or local approval of public charter schools upon the request of local communities?,,,NO,347,24,220,103,0
Camden,Waverly,Constitutional Amendment #1<br>Shall the Constitution be amended to allow state or local approval of public charter schools upon the request of local communities?,,,NO,460,29,270,160,1
Camden,Woodbine,Constitutional Amendment #1<br>Shall the Constitution be amended to allow state or local approval of public charter schools upon the request of local communities?,,,NO,677,53,274,349,1
Camden,Browntown,Constitutional Amendment #1<br>Shall the Constitution be amended to allow state or local approval of public charter schools upon the request of local communities?,,,NO,214,14,156,44,0
Camden,Harrietts Bluff,Constitutional Amendment #1<br>Shall the Constitution be amended to allow state or local approval of public charter schools upon the request of local communities?,,,NO,710,33,445,230,2
Camden,West Kingsland,Constitutional Amendment #1<br>Shall the Constitution be amended to allow state or local approval of public charter schools upon the request of local communities?,,,NO,757,40,374,343,0
Camden,North Kingsland,Constitutional Amendment #1<br>Shall the Constitution be amended to allow state or local approval of public charter schools upon the request of local communities?,,,NO,611,32,260,319,0
Camden,Kingsland,Constitutional Amendment #1<br>Shall the Constitution be amended to allow state or local approval of public charter schools upon the request of local communities?,,,NO,583,18,265,299,1
Camden,East Kingsland,Constitutional Amendment #1<br>Shall the Constitution be amended to allow state or local approval of public charter schools upon the request of local communities?,,,NO,1447,63,631,753,0
Camden,North St Marys,Constitutional Amendment #1<br>Shall the Constitution be amended to allow state or local approval of public charter schools upon the request of local communities?,,,NO,344,23,178,142,1
Camden,Mary Lee Clark,Constitutional Amendment #1<br>Shall the Constitution be amended to allow state or local approval of public charter schools upon the request of local communities?,,,NO,825,47,491,286,1
Camden,South St Marys,Constitutional Amendment #1<br>Shall the Constitution be amended to allow state or local approval of public charter schools upon the request of local communities?,,,NO,735,41,307,386,1
Camden,Mush Bluff,Constitutional Amendment #1<br>Shall the Constitution be amended to allow state or local approval of public charter schools upon the request of local communities?,,,NO,744,37,469,238,0
Camden,West Saint Marys,Constitutional Amendment #1<br>Shall the Constitution be amended to allow state or local approval of public charter schools upon the request of local communities?,,,NO,1114,84,430,599,1
Camden,,Constitutional Amendment #2<br>Shall the Constitution be amended so as to provide for a reduction in the state's operating costs by allowing the General Assembly to authorize certain state agencies to enter into multiyear rental agreements?,,,YES,9197,630,4558,4000,9
Camden,Tarboro,Constitutional Amendment #2<br>Shall the Constitution be amended so as to provide for a reduction in the state's operating costs by allowing the General Assembly to authorize certain state agencies to enter into multiyear rental agreements?,,,YES,257,19,143,95,0
Camden,Waverly,Constitutional Amendment #2<br>Shall the Constitution be amended so as to provide for a reduction in the state's operating costs by allowing the General Assembly to authorize certain state agencies to enter into multiyear rental agreements?,,,YES,401,29,223,146,3
Camden,Woodbine,Constitutional Amendment #2<br>Shall the Constitution be amended so as to provide for a reduction in the state's operating costs by allowing the General Assembly to authorize certain state agencies to enter into multiyear rental agreements?,,,YES,584,27,257,299,1
Camden,Browntown,Constitutional Amendment #2<br>Shall the Constitution be amended so as to provide for a reduction in the state's operating costs by allowing the General Assembly to authorize certain state agencies to enter into multiyear rental agreements?,,,YES,168,19,103,46,0
Camden,Harrietts Bluff,Constitutional Amendment #2<br>Shall the Constitution be amended so as to provide for a reduction in the state's operating costs by allowing the General Assembly to authorize certain state agencies to enter into multiyear rental agreements?,,,YES,573,48,315,210,0
Camden,West Kingsland,Constitutional Amendment #2<br>Shall the Constitution be amended so as to provide for a reduction in the state's operating costs by allowing the General Assembly to authorize certain state agencies to enter into multiyear rental agreements?,,,YES,673,42,349,282,0
Camden,North Kingsland,Constitutional Amendment #2<br>Shall the Constitution be amended so as to provide for a reduction in the state's operating costs by allowing the General Assembly to authorize certain state agencies to enter into multiyear rental agreements?,,,YES,629,31,310,287,1
Camden,Kingsland,Constitutional Amendment #2<br>Shall the Constitution be amended so as to provide for a reduction in the state's operating costs by allowing the General Assembly to authorize certain state agencies to enter into multiyear rental agreements?,,,YES,568,27,269,271,1
Camden,East Kingsland,Constitutional Amendment #2<br>Shall the Constitution be amended so as to provide for a reduction in the state's operating costs by allowing the General Assembly to authorize certain state agencies to enter into multiyear rental agreements?,,,YES,1548,106,663,779,0
Camden,North St Marys,Constitutional Amendment #2<br>Shall the Constitution be amended so as to provide for a reduction in the state's operating costs by allowing the General Assembly to authorize certain state agencies to enter into multiyear rental agreements?,,,YES,370,21,221,128,0
Camden,Mary Lee Clark,Constitutional Amendment #2<br>Shall the Constitution be amended so as to provide for a reduction in the state's operating costs by allowing the General Assembly to authorize certain state agencies to enter into multiyear rental agreements?,,,YES,872,50,524,297,1
Camden,South St Marys,Constitutional Amendment #2<br>Shall the Constitution be amended so as to provide for a reduction in the state's operating costs by allowing the General Assembly to authorize certain state agencies to enter into multiyear rental agreements?,,,YES,632,46,288,297,1
Camden,Mush Bluff,Constitutional Amendment #2<br>Shall the Constitution be amended so as to provide for a reduction in the state's operating costs by allowing the General Assembly to authorize certain state agencies to enter into multiyear rental agreements?,,,YES,764,41,478,245,0
Camden,West Saint Marys,Constitutional Amendment #2<br>Shall the Constitution be amended so as to provide for a reduction in the state's operating costs by allowing the General Assembly to authorize certain state agencies to enter into multiyear rental agreements?,,,YES,1158,124,415,618,1
Camden,,Constitutional Amendment #2<br>Shall the Constitution be amended so as to provide for a reduction in the state's operating costs by allowing the General Assembly to authorize certain state agencies to enter into multiyear rental agreements?,,,NO,7390,431,3792,3157,10
Camden,Tarboro,Constitutional Amendment #2<br>Shall the Constitution be amended so as to provide for a reduction in the state's operating costs by allowing the General Assembly to authorize certain state agencies to enter into multiyear rental agreements?,,,NO,284,23,178,82,1
Camden,Waverly,Constitutional Amendment #2<br>Shall the Constitution be amended so as to provide for a reduction in the state's operating costs by allowing the General Assembly to authorize certain state agencies to enter into multiyear rental agreements?,,,NO,369,31,205,132,1
Camden,Woodbine,Constitutional Amendment #2<br>Shall the Constitution be amended so as to provide for a reduction in the state's operating costs by allowing the General Assembly to authorize certain state agencies to enter into multiyear rental agreements?,,,NO,540,48,208,283,1
Camden,Browntown,Constitutional Amendment #2<br>Shall the Constitution be amended so as to provide for a reduction in the state's operating costs by allowing the General Assembly to authorize certain state agencies to enter into multiyear rental agreements?,,,NO,207,15,159,32,1
Camden,Harrietts Bluff,Constitutional Amendment #2<br>Shall the Constitution be amended so as to provide for a reduction in the state's operating costs by allowing the General Assembly to authorize certain state agencies to enter into multiyear rental agreements?,,,NO,542,28,342,170,2
Camden,West Kingsland,Constitutional Amendment #2<br>Shall the Constitution be amended so as to provide for a reduction in the state's operating costs by allowing the General Assembly to authorize certain state agencies to enter into multiyear rental agreements?,,,NO,653,27,331,295,0
Camden,North Kingsland,Constitutional Amendment #2<br>Shall the Constitution be amended so as to provide for a reduction in the state's operating costs by allowing the General Assembly to authorize certain state agencies to enter into multiyear rental agreements?,,,NO,557,28,245,283,1
Camden,Kingsland,Constitutional Amendment #2<br>Shall the Constitution be amended so as to provide for a reduction in the state's operating costs by allowing the General Assembly to authorize certain state agencies to enter into multiyear rental agreements?,,,NO,468,14,214,239,1
Camden,East Kingsland,Constitutional Amendment #2<br>Shall the Constitution be amended so as to provide for a reduction in the state's operating costs by allowing the General Assembly to authorize certain state agencies to enter into multiyear rental agreements?,,,NO,1072,46,509,517,0
Camden,North St Marys,Constitutional Amendment #2<br>Shall the Constitution be amended so as to provide for a reduction in the state's operating costs by allowing the General Assembly to authorize certain state agencies to enter into multiyear rental agreements?,,,NO,330,20,182,127,1
Camden,Mary Lee Clark,Constitutional Amendment #2<br>Shall the Constitution be amended so as to provide for a reduction in the state's operating costs by allowing the General Assembly to authorize certain state agencies to enter into multiyear rental agreements?,,,NO,604,40,360,203,1
Camden,South St Marys,Constitutional Amendment #2<br>Shall the Constitution be amended so as to provide for a reduction in the state's operating costs by allowing the General Assembly to authorize certain state agencies to enter into multiyear rental agreements?,,,NO,507,34,225,248,0
Camden,Mush Bluff,Constitutional Amendment #2<br>Shall the Constitution be amended so as to provide for a reduction in the state's operating costs by allowing the General Assembly to authorize certain state agencies to enter into multiyear rental agreements?,,,NO,551,28,345,178,0
Camden,West Saint Marys,Constitutional Amendment #2<br>Shall the Constitution be amended so as to provide for a reduction in the state's operating costs by allowing the General Assembly to authorize certain state agencies to enter into multiyear rental agreements?,,,NO,706,49,289,368,0
