county,precinct,office,district,party,candidate,votes,absentee_by_mail,election_day,advance_in_person,provisional
Coweta,,President of the United States,,R,MITT ROMNEY,39653,2190,23025,14426,12
Coweta,SENOIA,President of the United States,,R,MITT ROMNEY,2139,96,1339,702,2
Coweta,MORELAND,President of the United States,,R,MITT ROMNEY,1194,64,796,334,0
Coweta,PINE ROAD,President of the United States,,R,MITT ROMNEY,942,46,621,274,1
Coweta,DRESDEN,President of the United States,,R,MITT ROMNEY,413,20,337,55,1
Coweta,NEWNAN,President of the United States,,R,MITT ROMNEY,731,55,382,294,0
Coweta,SHARPSBURG,President of the United States,,R,MITT ROMNEY,2170,115,1337,718,0
Coweta,FISCHER ROAD,President of the United States,,R,MITT ROMNEY,1818,115,1022,681,0
Coweta,CEDAR CREEK,President of the United States,,R,MITT ROMNEY,2431,141,1228,1061,1
Coweta,GRANTVILLE,President of the United States,,R,MITT ROMNEY,872,29,640,203,0
Coweta,HARALSON,President of the United States,,R,MITT ROMNEY,983,28,725,230,0
Coweta,WELCOME,President of the United States,,R,MITT ROMNEY,1492,59,1047,385,1
Coweta,PANTHER CREEK,President of the United States,,R,MITT ROMNEY,1260,65,887,307,1
Coweta,RAYMOND,President of the United States,,R,MITT ROMNEY,1128,62,713,353,0
Coweta,TURIN,President of the United States,,R,MITT ROMNEY,1614,77,1069,468,0
Coweta,SMOKEY ROAD,President of the United States,,R,MITT ROMNEY,724,34,436,254,0
Coweta,TURKEY CREEK,President of the United States,,R,MITT ROMNEY,294,13,173,108,0
Coweta,CENTRAL,President of the United States,,R,MITT ROMNEY,293,13,144,135,1
Coweta,ARTS CENTRE,President of the United States,,R,MITT ROMNEY,5011,272,2242,2496,1
Coweta,GREENTOP,President of the United States,,R,MITT ROMNEY,1093,111,583,399,0
Coweta,EXPO CENTER,President of the United States,,R,MITT ROMNEY,892,69,522,301,0
Coweta,WHITE OAK,President of the United States,,R,MITT ROMNEY,2152,101,1193,858,0
Coweta,MADRAS,President of the United States,,R,MITT ROMNEY,1758,112,905,739,2
Coweta,CANNONGATE,President of the United States,,R,MITT ROMNEY,2031,126,1120,784,1
Coweta,WESTSIDE,President of the United States,,R,MITT ROMNEY,148,15,96,37,0
Coweta,NORTHSIDE,President of the United States,,R,MITT ROMNEY,1002,47,665,290,0
Coweta,THOMAS CROSSROADS,President of the United States,,R,MITT ROMNEY,2550,141,1477,932,0
Coweta,EBENEZER CHURCH ROAD,President of the United States,,R,MITT ROMNEY,855,38,519,298,0
Coweta,JEFFERSON PARKWAY,President of the United States,,R,MITT ROMNEY,1663,126,807,730,0
Coweta,,President of the United States,,D,BARACK OBAMA (I),15168,710,8326,6122,10
Coweta,SENOIA,President of the United States,,D,BARACK OBAMA (I),617,32,350,235,0
Coweta,MORELAND,President of the United States,,D,BARACK OBAMA (I),239,10,145,84,0
Coweta,PINE ROAD,President of the United States,,D,BARACK OBAMA (I),159,7,102,49,1
Coweta,DRESDEN,President of the United States,,D,BARACK OBAMA (I),103,3,75,24,1
Coweta,NEWNAN,President of the United States,,D,BARACK OBAMA (I),1129,72,585,472,0
Coweta,SHARPSBURG,President of the United States,,D,BARACK OBAMA (I),481,22,298,161,0
Coweta,FISCHER ROAD,President of the United States,,D,BARACK OBAMA (I),527,21,280,226,0
Coweta,CEDAR CREEK,President of the United States,,D,BARACK OBAMA (I),519,28,248,243,0
Coweta,GRANTVILLE,President of the United States,,D,BARACK OBAMA (I),431,16,288,127,0
Coweta,HARALSON,President of the United States,,D,BARACK OBAMA (I),231,14,165,52,0
Coweta,WELCOME,President of the United States,,D,BARACK OBAMA (I),368,9,240,119,0
Coweta,PANTHER CREEK,President of the United States,,D,BARACK OBAMA (I),386,19,234,133,0
Coweta,RAYMOND,President of the United States,,D,BARACK OBAMA (I),241,6,134,101,0
Coweta,TURIN,President of the United States,,D,BARACK OBAMA (I),469,18,278,173,0
Coweta,SMOKEY ROAD,President of the United States,,D,BARACK OBAMA (I),630,28,379,223,0
Coweta,TURKEY CREEK,President of the United States,,D,BARACK OBAMA (I),245,2,142,101,0
Coweta,CENTRAL,President of the United States,,D,BARACK OBAMA (I),1040,44,587,407,2
Coweta,ARTS CENTRE,President of the United States,,D,BARACK OBAMA (I),1720,92,738,890,0
Coweta,GREENTOP,President of the United States,,D,BARACK OBAMA (I),502,29,259,214,0
Coweta,EXPO CENTER,President of the United States,,D,BARACK OBAMA (I),259,13,159,87,0
Coweta,WHITE OAK,President of the United States,,D,BARACK OBAMA (I),715,36,387,291,1
Coweta,MADRAS,President of the United States,,D,BARACK OBAMA (I),621,33,296,291,1
Coweta,CANNONGATE,President of the United States,,D,BARACK OBAMA (I),372,23,228,120,1
Coweta,WESTSIDE,President of the United States,,D,BARACK OBAMA (I),386,10,242,134,0
Coweta,NORTHSIDE,President of the United States,,D,BARACK OBAMA (I),462,12,295,155,0
Coweta,THOMAS CROSSROADS,President of the United States,,D,BARACK OBAMA (I),610,32,347,230,1
Coweta,EBENEZER CHURCH ROAD,President of the United States,,D,BARACK OBAMA (I),177,7,106,64,0
Coweta,JEFFERSON PARKWAY,President of the United States,,D,BARACK OBAMA (I),1529,72,739,716,2
Coweta,,President of the United States,,L,GARY JOHNSON,723,40,542,141,0
Coweta,SENOIA,President of the United States,,L,GARY JOHNSON,41,0,34,7,0
Coweta,MORELAND,President of the United States,,L,GARY JOHNSON,20,1,14,5,0
Coweta,PINE ROAD,President of the United States,,L,GARY JOHNSON,12,0,12,0,0
Coweta,DRESDEN,President of the United States,,L,GARY JOHNSON,6,0,5,1,0
Coweta,NEWNAN,President of the United States,,L,GARY JOHNSON,20,2,13,5,0
Coweta,SHARPSBURG,President of the United States,,L,GARY JOHNSON,43,1,31,11,0
Coweta,FISCHER ROAD,President of the United States,,L,GARY JOHNSON,21,3,13,5,0
Coweta,CEDAR CREEK,President of the United States,,L,GARY JOHNSON,47,5,33,9,0
Coweta,GRANTVILLE,President of the United States,,L,GARY JOHNSON,18,1,15,2,0
Coweta,HARALSON,President of the United States,,L,GARY JOHNSON,17,1,13,3,0
Coweta,WELCOME,President of the United States,,L,GARY JOHNSON,23,0,19,4,0
Coweta,PANTHER CREEK,President of the United States,,L,GARY JOHNSON,24,0,20,4,0
Coweta,RAYMOND,President of the United States,,L,GARY JOHNSON,27,0,24,3,0
Coweta,TURIN,President of the United States,,L,GARY JOHNSON,30,2,25,3,0
Coweta,SMOKEY ROAD,President of the United States,,L,GARY JOHNSON,14,1,10,3,0
Coweta,TURKEY CREEK,President of the United States,,L,GARY JOHNSON,5,0,5,0,0
Coweta,CENTRAL,President of the United States,,L,GARY JOHNSON,20,1,17,2,0
Coweta,ARTS CENTRE,President of the United States,,L,GARY JOHNSON,84,4,51,29,0
Coweta,GREENTOP,President of the United States,,L,GARY JOHNSON,16,3,12,1,0
Coweta,EXPO CENTER,President of the United States,,L,GARY JOHNSON,16,2,13,1,0
Coweta,WHITE OAK,President of the United States,,L,GARY JOHNSON,35,3,23,9,0
Coweta,MADRAS,President of the United States,,L,GARY JOHNSON,34,1,27,6,0
Coweta,CANNONGATE,President of the United States,,L,GARY JOHNSON,32,0,24,8,0
Coweta,WESTSIDE,President of the United States,,L,GARY JOHNSON,9,0,7,2,0
Coweta,NORTHSIDE,President of the United States,,L,GARY JOHNSON,15,2,12,1,0
Coweta,THOMAS CROSSROADS,President of the United States,,L,GARY JOHNSON,40,3,32,5,0
Coweta,EBENEZER CHURCH ROAD,President of the United States,,L,GARY JOHNSON,10,1,7,2,0
Coweta,JEFFERSON PARKWAY,President of the United States,,L,GARY JOHNSON,44,3,31,10,0
Coweta,,"Public Service Commission, District 3",3,R,CHUCK EATON (I),35604,2007,20590,12997,10
Coweta,SENOIA,"Public Service Commission, District 3",3,R,CHUCK EATON (I),1931,90,1200,639,2
Coweta,MORELAND,"Public Service Commission, District 3",3,R,CHUCK EATON (I),1066,53,714,299,0
Coweta,PINE ROAD,"Public Service Commission, District 3",3,R,CHUCK EATON (I),824,42,536,246,0
Coweta,DRESDEN,"Public Service Commission, District 3",3,R,CHUCK EATON (I),372,17,303,51,1
Coweta,NEWNAN,"Public Service Commission, District 3",3,R,CHUCK EATON (I),688,50,346,292,0
Coweta,SHARPSBURG,"Public Service Commission, District 3",3,R,CHUCK EATON (I),1914,110,1160,644,0
Coweta,FISCHER ROAD,"Public Service Commission, District 3",3,R,CHUCK EATON (I),1638,106,912,620,0
Coweta,CEDAR CREEK,"Public Service Commission, District 3",3,R,CHUCK EATON (I),2185,129,1104,951,1
Coweta,GRANTVILLE,"Public Service Commission, District 3",3,R,CHUCK EATON (I),802,26,583,193,0
Coweta,HARALSON,"Public Service Commission, District 3",3,R,CHUCK EATON (I),898,28,657,213,0
Coweta,WELCOME,"Public Service Commission, District 3",3,R,CHUCK EATON (I),1356,55,947,353,1
Coweta,PANTHER CREEK,"Public Service Commission, District 3",3,R,CHUCK EATON (I),1098,57,770,270,1
Coweta,RAYMOND,"Public Service Commission, District 3",3,R,CHUCK EATON (I),1002,56,636,310,0
Coweta,TURIN,"Public Service Commission, District 3",3,R,CHUCK EATON (I),1407,72,917,418,0
Coweta,SMOKEY ROAD,"Public Service Commission, District 3",3,R,CHUCK EATON (I),626,34,383,209,0
Coweta,TURKEY CREEK,"Public Service Commission, District 3",3,R,CHUCK EATON (I),256,12,146,98,0
Coweta,CENTRAL,"Public Service Commission, District 3",3,R,CHUCK EATON (I),282,12,159,111,0
Coweta,ARTS CENTRE,"Public Service Commission, District 3",3,R,CHUCK EATON (I),4546,251,2038,2256,1
Coweta,GREENTOP,"Public Service Commission, District 3",3,R,CHUCK EATON (I),979,100,527,352,0
Coweta,EXPO CENTER,"Public Service Commission, District 3",3,R,CHUCK EATON (I),776,61,453,262,0
Coweta,WHITE OAK,"Public Service Commission, District 3",3,R,CHUCK EATON (I),1938,90,1066,782,0
Coweta,MADRAS,"Public Service Commission, District 3",3,R,CHUCK EATON (I),1574,103,803,666,2
Coweta,CANNONGATE,"Public Service Commission, District 3",3,R,CHUCK EATON (I),1846,120,1020,706,0
Coweta,WESTSIDE,"Public Service Commission, District 3",3,R,CHUCK EATON (I),136,14,87,35,0
Coweta,NORTHSIDE,"Public Service Commission, District 3",3,R,CHUCK EATON (I),912,37,606,269,0
Coweta,THOMAS CROSSROADS,"Public Service Commission, District 3",3,R,CHUCK EATON (I),2286,134,1323,828,1
Coweta,EBENEZER CHURCH ROAD,"Public Service Commission, District 3",3,R,CHUCK EATON (I),755,38,457,260,0
Coweta,JEFFERSON PARKWAY,"Public Service Commission, District 3",3,R,CHUCK EATON (I),1511,110,737,664,0
Coweta,,"Public Service Commission, District 3",3,D,STEPHEN OPPENHEIMER,13104,629,7099,5367,9
Coweta,SENOIA,"Public Service Commission, District 3",3,D,STEPHEN OPPENHEIMER,504,23,286,195,0
Coweta,MORELAND,"Public Service Commission, District 3",3,D,STEPHEN OPPENHEIMER,213,14,125,74,0
Coweta,PINE ROAD,"Public Service Commission, District 3",3,D,STEPHEN OPPENHEIMER,153,8,97,47,1
Coweta,DRESDEN,"Public Service Commission, District 3",3,D,STEPHEN OPPENHEIMER,91,3,69,18,1
Coweta,NEWNAN,"Public Service Commission, District 3",3,D,STEPHEN OPPENHEIMER,908,65,475,368,0
Coweta,SHARPSBURG,"Public Service Commission, District 3",3,D,STEPHEN OPPENHEIMER,417,20,253,144,0
Coweta,FISCHER ROAD,"Public Service Commission, District 3",3,D,STEPHEN OPPENHEIMER,458,21,230,207,0
Coweta,CEDAR CREEK,"Public Service Commission, District 3",3,D,STEPHEN OPPENHEIMER,462,29,206,227,0
Coweta,GRANTVILLE,"Public Service Commission, District 3",3,D,STEPHEN OPPENHEIMER,381,15,254,112,0
Coweta,HARALSON,"Public Service Commission, District 3",3,D,STEPHEN OPPENHEIMER,202,11,142,49,0
Coweta,WELCOME,"Public Service Commission, District 3",3,D,STEPHEN OPPENHEIMER,326,8,202,116,0
Coweta,PANTHER CREEK,"Public Service Commission, District 3",3,D,STEPHEN OPPENHEIMER,345,16,219,110,0
Coweta,RAYMOND,"Public Service Commission, District 3",3,D,STEPHEN OPPENHEIMER,220,6,119,95,0
Coweta,TURIN,"Public Service Commission, District 3",3,D,STEPHEN OPPENHEIMER,409,16,247,146,0
Coweta,SMOKEY ROAD,"Public Service Commission, District 3",3,D,STEPHEN OPPENHEIMER,550,22,316,212,0
Coweta,TURKEY CREEK,"Public Service Commission, District 3",3,D,STEPHEN OPPENHEIMER,223,2,129,92,0
Coweta,CENTRAL,"Public Service Commission, District 3",3,D,STEPHEN OPPENHEIMER,873,37,477,357,2
Coweta,ARTS CENTRE,"Public Service Commission, District 3",3,D,STEPHEN OPPENHEIMER,1526,83,632,811,0
Coweta,GREENTOP,"Public Service Commission, District 3",3,D,STEPHEN OPPENHEIMER,443,28,223,192,0
Coweta,EXPO CENTER,"Public Service Commission, District 3",3,D,STEPHEN OPPENHEIMER,224,13,134,77,0
Coweta,WHITE OAK,"Public Service Commission, District 3",3,D,STEPHEN OPPENHEIMER,608,34,322,251,1
Coweta,MADRAS,"Public Service Commission, District 3",3,D,STEPHEN OPPENHEIMER,529,26,259,243,1
Coweta,CANNONGATE,"Public Service Commission, District 3",3,D,STEPHEN OPPENHEIMER,318,16,198,103,1
Coweta,WESTSIDE,"Public Service Commission, District 3",3,D,STEPHEN OPPENHEIMER,318,11,198,109,0
Coweta,NORTHSIDE,"Public Service Commission, District 3",3,D,STEPHEN OPPENHEIMER,385,12,249,124,0
Coweta,THOMAS CROSSROADS,"Public Service Commission, District 3",3,D,STEPHEN OPPENHEIMER,542,21,314,207,0
Coweta,EBENEZER CHURCH ROAD,"Public Service Commission, District 3",3,D,STEPHEN OPPENHEIMER,154,6,88,60,0
Coweta,JEFFERSON PARKWAY,"Public Service Commission, District 3",3,D,STEPHEN OPPENHEIMER,1322,63,636,621,2
Coweta,,"Public Service Commission, District 3",3,L,BRAD PLOEGER,3078,144,1964,967,3
Coweta,SENOIA,"Public Service Commission, District 3",3,L,BRAD PLOEGER,170,7,118,45,0
Coweta,MORELAND,"Public Service Commission, District 3",3,L,BRAD PLOEGER,81,4,56,21,0
Coweta,PINE ROAD,"Public Service Commission, District 3",3,L,BRAD PLOEGER,74,3,56,15,0
Coweta,DRESDEN,"Public Service Commission, District 3",3,L,BRAD PLOEGER,33,0,28,5,0
Coweta,NEWNAN,"Public Service Commission, District 3",3,L,BRAD PLOEGER,70,4,43,23,0
Coweta,SHARPSBURG,"Public Service Commission, District 3",3,L,BRAD PLOEGER,194,2,134,58,0
Coweta,FISCHER ROAD,"Public Service Commission, District 3",3,L,BRAD PLOEGER,128,6,78,44,0
Coweta,CEDAR CREEK,"Public Service Commission, District 3",3,L,BRAD PLOEGER,186,11,104,71,0
Coweta,GRANTVILLE,"Public Service Commission, District 3",3,L,BRAD PLOEGER,48,5,34,9,0
Coweta,HARALSON,"Public Service Commission, District 3",3,L,BRAD PLOEGER,57,1,46,10,0
Coweta,WELCOME,"Public Service Commission, District 3",3,L,BRAD PLOEGER,103,0,89,14,0
Coweta,PANTHER CREEK,"Public Service Commission, District 3",3,L,BRAD PLOEGER,109,4,82,23,0
Coweta,RAYMOND,"Public Service Commission, District 3",3,L,BRAD PLOEGER,72,3,50,19,0
Coweta,TURIN,"Public Service Commission, District 3",3,L,BRAD PLOEGER,128,4,97,27,0
Coweta,SMOKEY ROAD,"Public Service Commission, District 3",3,L,BRAD PLOEGER,70,4,43,23,0
Coweta,TURKEY CREEK,"Public Service Commission, District 3",3,L,BRAD PLOEGER,19,0,15,4,0
Coweta,CENTRAL,"Public Service Commission, District 3",3,L,BRAD PLOEGER,67,6,36,23,2
Coweta,ARTS CENTRE,"Public Service Commission, District 3",3,L,BRAD PLOEGER,347,17,176,154,0
Coweta,GREENTOP,"Public Service Commission, District 3",3,L,BRAD PLOEGER,63,5,41,17,0
Coweta,EXPO CENTER,"Public Service Commission, District 3",3,L,BRAD PLOEGER,70,5,48,17,0
Coweta,WHITE OAK,"Public Service Commission, District 3",3,L,BRAD PLOEGER,177,13,102,62,0
Coweta,MADRAS,"Public Service Commission, District 3",3,L,BRAD PLOEGER,159,8,94,57,0
Coweta,CANNONGATE,"Public Service Commission, District 3",3,L,BRAD PLOEGER,135,6,76,52,1
Coweta,WESTSIDE,"Public Service Commission, District 3",3,L,BRAD PLOEGER,24,0,16,8,0
Coweta,NORTHSIDE,"Public Service Commission, District 3",3,L,BRAD PLOEGER,74,7,49,18,0
Coweta,THOMAS CROSSROADS,"Public Service Commission, District 3",3,L,BRAD PLOEGER,188,9,121,58,0
Coweta,EBENEZER CHURCH ROAD,"Public Service Commission, District 3",3,L,BRAD PLOEGER,76,3,46,27,0
Coweta,JEFFERSON PARKWAY,"Public Service Commission, District 3",3,L,BRAD PLOEGER,156,7,86,63,0
Coweta,,"Public Service Commission, District 5",5,R,STAN WISE (I),37765,2085,21830,13836,14
Coweta,SENOIA,"Public Service Commission, District 5",5,R,STAN WISE (I),2015,94,1254,665,2
Coweta,MORELAND,"Public Service Commission, District 5",5,R,STAN WISE (I),1118,59,746,313,0
Coweta,PINE ROAD,"Public Service Commission, District 5",5,R,STAN WISE (I),840,42,545,251,2
Coweta,DRESDEN,"Public Service Commission, District 5",5,R,STAN WISE (I),377,16,305,55,1
Coweta,NEWNAN,"Public Service Commission, District 5",5,R,STAN WISE (I),818,55,428,335,0
Coweta,SHARPSBURG,"Public Service Commission, District 5",5,R,STAN WISE (I),1974,109,1211,654,0
Coweta,FISCHER ROAD,"Public Service Commission, District 5",5,R,STAN WISE (I),1698,105,949,644,0
Coweta,CEDAR CREEK,"Public Service Commission, District 5",5,R,STAN WISE (I),2238,128,1119,990,1
Coweta,GRANTVILLE,"Public Service Commission, District 5",5,R,STAN WISE (I),847,27,616,204,0
Coweta,HARALSON,"Public Service Commission, District 5",5,R,STAN WISE (I),922,28,675,219,0
Coweta,WELCOME,"Public Service Commission, District 5",5,R,STAN WISE (I),1398,55,975,367,1
Coweta,PANTHER CREEK,"Public Service Commission, District 5",5,R,STAN WISE (I),1175,60,820,294,1
Coweta,RAYMOND,"Public Service Commission, District 5",5,R,STAN WISE (I),1037,59,659,319,0
Coweta,TURIN,"Public Service Commission, District 5",5,R,STAN WISE (I),1510,73,1003,434,0
Coweta,SMOKEY ROAD,"Public Service Commission, District 5",5,R,STAN WISE (I),715,41,432,242,0
Coweta,TURKEY CREEK,"Public Service Commission, District 5",5,R,STAN WISE (I),283,13,166,104,0
Coweta,CENTRAL,"Public Service Commission, District 5",5,R,STAN WISE (I),421,23,229,168,1
Coweta,ARTS CENTRE,"Public Service Commission, District 5",5,R,STAN WISE (I),4854,255,2172,2426,1
Coweta,GREENTOP,"Public Service Commission, District 5",5,R,STAN WISE (I),1081,109,582,390,0
Coweta,EXPO CENTER,"Public Service Commission, District 5",5,R,STAN WISE (I),826,67,487,272,0
Coweta,WHITE OAK,"Public Service Commission, District 5",5,R,STAN WISE (I),2046,94,1124,828,0
Coweta,MADRAS,"Public Service Commission, District 5",5,R,STAN WISE (I),1638,104,838,694,2
Coweta,CANNONGATE,"Public Service Commission, District 5",5,R,STAN WISE (I),1887,124,1049,714,0
Coweta,WESTSIDE,"Public Service Commission, District 5",5,R,STAN WISE (I),206,18,129,59,0
Coweta,NORTHSIDE,"Public Service Commission, District 5",5,R,STAN WISE (I),972,38,640,294,0
Coweta,THOMAS CROSSROADS,"Public Service Commission, District 5",5,R,STAN WISE (I),2340,132,1353,854,1
Coweta,EBENEZER CHURCH ROAD,"Public Service Commission, District 5",5,R,STAN WISE (I),782,38,474,270,0
Coweta,JEFFERSON PARKWAY,"Public Service Commission, District 5",5,R,STAN WISE (I),1747,119,850,777,1
Coweta,,"Public Service Commission, District 5",5,L,DAVID STAPLES,11392,496,6651,4238,7
Coweta,SENOIA,"Public Service Commission, District 5",5,L,DAVID STAPLES,498,21,305,172,0
Coweta,MORELAND,"Public Service Commission, District 5",5,L,DAVID STAPLES,215,12,139,64,0
Coweta,PINE ROAD,"Public Service Commission, District 5",5,L,DAVID STAPLES,189,9,133,47,0
Coweta,DRESDEN,"Public Service Commission, District 5",5,L,DAVID STAPLES,97,3,79,14,1
Coweta,NEWNAN,"Public Service Commission, District 5",5,L,DAVID STAPLES,608,37,335,236,0
Coweta,SHARPSBURG,"Public Service Commission, District 5",5,L,DAVID STAPLES,488,16,319,153,0
Coweta,FISCHER ROAD,"Public Service Commission, District 5",5,L,DAVID STAPLES,453,20,246,187,0
Coweta,CEDAR CREEK,"Public Service Commission, District 5",5,L,DAVID STAPLES,519,30,273,216,0
Coweta,GRANTVILLE,"Public Service Commission, District 5",5,L,DAVID STAPLES,302,13,212,77,0
Coweta,HARALSON,"Public Service Commission, District 5",5,L,DAVID STAPLES,211,7,157,47,0
Coweta,WELCOME,"Public Service Commission, District 5",5,L,DAVID STAPLES,326,6,227,93,0
Coweta,PANTHER CREEK,"Public Service Commission, District 5",5,L,DAVID STAPLES,312,14,212,86,0
Coweta,RAYMOND,"Public Service Commission, District 5",5,L,DAVID STAPLES,220,6,136,78,0
Coweta,TURIN,"Public Service Commission, District 5",5,L,DAVID STAPLES,376,18,241,117,0
Coweta,SMOKEY ROAD,"Public Service Commission, District 5",5,L,DAVID STAPLES,406,13,247,146,0
Coweta,TURKEY CREEK,"Public Service Commission, District 5",5,L,DAVID STAPLES,163,0,100,63,0
Coweta,CENTRAL,"Public Service Commission, District 5",5,L,DAVID STAPLES,562,18,333,209,2
Coweta,ARTS CENTRE,"Public Service Commission, District 5",5,L,DAVID STAPLES,1227,63,550,614,0
Coweta,GREENTOP,"Public Service Commission, District 5",5,L,DAVID STAPLES,337,21,176,140,0
Coweta,EXPO CENTER,"Public Service Commission, District 5",5,L,DAVID STAPLES,229,9,146,74,0
Coweta,WHITE OAK,"Public Service Commission, District 5",5,L,DAVID STAPLES,555,32,314,208,1
Coweta,MADRAS,"Public Service Commission, District 5",5,L,DAVID STAPLES,525,25,278,221,1
Coweta,CANNONGATE,"Public Service Commission, District 5",5,L,DAVID STAPLES,370,13,224,131,2
Coweta,WESTSIDE,"Public Service Commission, District 5",5,L,DAVID STAPLES,194,2,130,62,0
Coweta,NORTHSIDE,"Public Service Commission, District 5",5,L,DAVID STAPLES,313,16,213,84,0
Coweta,THOMAS CROSSROADS,"Public Service Commission, District 5",5,L,DAVID STAPLES,552,27,326,199,0
Coweta,EBENEZER CHURCH ROAD,"Public Service Commission, District 5",5,L,DAVID STAPLES,179,7,107,65,0
Coweta,JEFFERSON PARKWAY,"Public Service Commission, District 5",5,L,DAVID STAPLES,966,38,493,435,0
Coweta,,U.S. Representative,3,R,L. WESTMORELAND (I),45601,2373,26670,16538,20
Coweta,SENOIA,U.S. Representative,3,R,L. WESTMORELAND (I),2357,105,1483,767,2
Coweta,MORELAND,U.S. Representative,3,R,L. WESTMORELAND (I),1280,69,866,345,0
Coweta,PINE ROAD,U.S. Representative,3,R,L. WESTMORELAND (I),983,43,651,287,2
Coweta,DRESDEN,U.S. Representative,3,R,L. WESTMORELAND (I),446,19,361,64,2
Coweta,NEWNAN,U.S. Representative,3,R,L. WESTMORELAND (I),1207,81,632,494,0
Coweta,SHARPSBURG,U.S. Representative,3,R,L. WESTMORELAND (I),2356,123,1466,767,0
Coweta,FISCHER ROAD,U.S. Representative,3,R,L. WESTMORELAND (I),2012,114,1146,752,0
Coweta,CEDAR CREEK,U.S. Representative,3,R,L. WESTMORELAND (I),2572,140,1322,1109,1
Coweta,GRANTVILLE,U.S. Representative,3,R,L. WESTMORELAND (I),1075,37,773,265,0
Coweta,HARALSON,U.S. Representative,3,R,L. WESTMORELAND (I),1075,30,798,247,0
Coweta,WELCOME,U.S. Representative,3,R,L. WESTMORELAND (I),1624,57,1148,418,1
Coweta,PANTHER CREEK,U.S. Representative,3,R,L. WESTMORELAND (I),1411,69,990,351,1
Coweta,RAYMOND,U.S. Representative,3,R,L. WESTMORELAND (I),1215,61,778,376,0
Coweta,TURIN,U.S. Representative,3,R,L. WESTMORELAND (I),1797,84,1195,518,0
Coweta,SMOKEY ROAD,U.S. Representative,3,R,L. WESTMORELAND (I),1000,48,611,341,0
Coweta,TURKEY CREEK,U.S. Representative,3,R,L. WESTMORELAND (I),389,13,234,142,0
Coweta,CENTRAL,U.S. Representative,3,R,L. WESTMORELAND (I),772,39,439,291,3
Coweta,ARTS CENTRE,U.S. Representative,3,R,L. WESTMORELAND (I),5635,284,2542,2808,1
Coweta,GREENTOP,U.S. Representative,3,R,L. WESTMORELAND (I),1295,118,696,481,0
Coweta,EXPO CENTER,U.S. Representative,3,R,L. WESTMORELAND (I),969,72,580,317,0
Coweta,WHITE OAK,U.S. Representative,3,R,L. WESTMORELAND (I),2445,121,1368,956,0
Coweta,MADRAS,U.S. Representative,3,R,L. WESTMORELAND (I),1986,116,1031,836,3
Coweta,CANNONGATE,U.S. Representative,3,R,L. WESTMORELAND (I),2164,130,1220,812,2
Coweta,WESTSIDE,U.S. Representative,3,R,L. WESTMORELAND (I),333,20,211,102,0
Coweta,NORTHSIDE,U.S. Representative,3,R,L. WESTMORELAND (I),1184,46,790,348,0
Coweta,THOMAS CROSSROADS,U.S. Representative,3,R,L. WESTMORELAND (I),2748,151,1601,995,1
Coweta,EBENEZER CHURCH ROAD,U.S. Representative,3,R,L. WESTMORELAND (I),902,40,548,314,0
Coweta,JEFFERSON PARKWAY,U.S. Representative,3,R,L. WESTMORELAND (I),2369,143,1190,1035,1
Coweta,,State Senator,28,R,MIKE CRANE (I),44869,2344,26232,16274,19
Coweta,SENOIA,State Senator,28,R,MIKE CRANE (I),2334,103,1459,770,2
Coweta,MORELAND,State Senator,28,R,MIKE CRANE (I),1251,65,842,344,0
Coweta,PINE ROAD,State Senator,28,R,MIKE CRANE (I),959,43,635,279,2
Coweta,DRESDEN,State Senator,28,R,MIKE CRANE (I),438,18,360,58,2
Coweta,NEWNAN,State Senator,28,R,MIKE CRANE (I),1170,75,611,484,0
Coweta,SHARPSBURG,State Senator,28,R,MIKE CRANE (I),2317,120,1441,756,0
Coweta,FISCHER ROAD,State Senator,28,R,MIKE CRANE (I),1981,112,1128,741,0
Coweta,CEDAR CREEK,State Senator,28,R,MIKE CRANE (I),2551,141,1309,1100,1
Coweta,GRANTVILLE,State Senator,28,R,MIKE CRANE (I),1043,37,751,255,0
Coweta,HARALSON,State Senator,28,R,MIKE CRANE (I),1063,30,787,246,0
Coweta,WELCOME,State Senator,28,R,MIKE CRANE (I),1601,54,1134,412,1
Coweta,PANTHER CREEK,State Senator,28,R,MIKE CRANE (I),1399,70,974,354,1
Coweta,RAYMOND,State Senator,28,R,MIKE CRANE (I),1191,61,767,363,0
Coweta,TURIN,State Senator,28,R,MIKE CRANE (I),1753,84,1166,503,0
Coweta,SMOKEY ROAD,State Senator,28,R,MIKE CRANE (I),970,46,591,333,0
Coweta,TURKEY CREEK,State Senator,28,R,MIKE CRANE (I),383,13,236,134,0
Coweta,CENTRAL,State Senator,28,R,MIKE CRANE (I),739,37,428,272,2
Coweta,ARTS CENTRE,State Senator,28,R,MIKE CRANE (I),5601,285,2520,2795,1
Coweta,GREENTOP,State Senator,28,R,MIKE CRANE (I),1272,120,677,475,0
Coweta,EXPO CENTER,State Senator,28,R,MIKE CRANE (I),947,70,577,300,0
Coweta,WHITE OAK,State Senator,28,R,MIKE CRANE (I),2408,122,1356,930,0
Coweta,MADRAS,State Senator,28,R,MIKE CRANE (I),1961,113,1023,822,3
Coweta,CANNONGATE,State Senator,28,R,MIKE CRANE (I),2125,129,1197,797,2
Coweta,WESTSIDE,State Senator,28,R,MIKE CRANE (I),330,20,208,102,0
Coweta,NORTHSIDE,State Senator,28,R,MIKE CRANE (I),1166,48,772,346,0
Coweta,THOMAS CROSSROADS,State Senator,28,R,MIKE CRANE (I),2693,144,1568,980,1
Coweta,EBENEZER CHURCH ROAD,State Senator,28,R,MIKE CRANE (I),887,40,539,308,0
Coweta,JEFFERSON PARKWAY,State Senator,28,R,MIKE CRANE (I),2336,144,1176,1015,1
Coweta,,State Representative,70,R,LYNN R. SMITH (I),17403,968,9741,6687,7
Coweta,DRESDEN,State Representative,70,R,LYNN R. SMITH (I),436,18,354,62,2
Coweta,NEWNAN,State Representative,70,R,LYNN R. SMITH (I),1237,83,656,498,0
Coweta,CEDAR CREEK,State Representative,70,R,LYNN R. SMITH (I),2565,133,1321,1110,1
Coweta,WELCOME,State Representative,70,R,LYNN R. SMITH (I),1604,54,1133,416,1
Coweta,PANTHER CREEK,State Representative,70,R,LYNN R. SMITH (I),1388,67,973,347,1
Coweta,TURKEY CREEK,State Representative,70,R,LYNN R. SMITH (I),393,13,240,140,0
Coweta,ARTS CENTRE,State Representative,70,R,LYNN R. SMITH (I),3613,198,1598,1816,1
Coweta,GREENTOP,State Representative,70,R,LYNN R. SMITH (I),1301,117,697,487,0
Coweta,EXPO CENTER,State Representative,70,R,LYNN R. SMITH (I),994,73,595,326,0
Coweta,WESTSIDE,State Representative,70,R,LYNN R. SMITH (I),332,20,210,102,0
Coweta,NORTHSIDE,State Representative,70,R,LYNN R. SMITH (I),1192,50,791,351,0
Coweta,JEFFERSON PARKWAY,State Representative,70,R,LYNN R. SMITH (I),2348,142,1173,1032,1
Coweta,,State Representative,71,R,ROBERT STOKELY,19705,1064,11353,7282,6
Coweta,MORELAND,State Representative,71,R,ROBERT STOKELY,1247,63,841,343,0
Coweta,SHARPSBURG,State Representative,71,R,ROBERT STOKELY,2314,119,1441,754,0
Coweta,FISCHER ROAD,State Representative,71,R,ROBERT STOKELY,1991,116,1132,743,0
Coweta,RAYMOND,State Representative,71,R,ROBERT STOKELY,1176,57,754,365,0
Coweta,TURIN,State Representative,71,R,ROBERT STOKELY,871,66,553,252,0
Coweta,ARTS CENTRE,State Representative,71,R,ROBERT STOKELY,2008,89,936,983,0
Coweta,WHITE OAK,State Representative,71,R,ROBERT STOKELY,2423,121,1366,936,0
Coweta,MADRAS,State Representative,71,R,ROBERT STOKELY,1956,115,1021,817,3
Coweta,CANNONGATE,State Representative,71,R,ROBERT STOKELY,2132,130,1202,798,2
Coweta,THOMAS CROSSROADS,State Representative,71,R,ROBERT STOKELY,2704,148,1573,982,1
Coweta,EBENEZER CHURCH ROAD,State Representative,71,R,ROBERT STOKELY,883,40,534,309,0
Coweta,,State Representative,72,R,MATT RAMSEY (I),4272,151,2858,1261,2
Coweta,SENOIA,State Representative,72,R,MATT RAMSEY (I),2330,102,1462,764,2
Coweta,HARALSON,State Representative,72,R,MATT RAMSEY (I),1059,30,783,246,0
Coweta,TURIN,State Representative,72,R,MATT RAMSEY (I),883,19,613,251,0
Coweta,,State Representative,132,R,GENE KING,2753,122,1800,831,0
Coweta,PINE ROAD,State Representative,132,R,GENE KING,906,45,596,265,0
Coweta,GRANTVILLE,State Representative,132,R,GENE KING,840,32,614,194,0
Coweta,SMOKEY ROAD,State Representative,132,R,GENE KING,701,34,423,244,0
Coweta,CENTRAL,State Representative,132,R,GENE KING,306,11,167,128,0
Coweta,,State Representative,132,D,CARL VON EPPS (I),2129,92,1274,759,4
Coweta,PINE ROAD,State Representative,132,D,CARL VON EPPS (I),168,7,110,50,1
Coweta,GRANTVILLE,State Representative,132,D,CARL VON EPPS (I),427,14,287,126,0
Coweta,SMOKEY ROAD,State Representative,132,D,CARL VON EPPS (I),595,27,354,214,0
Coweta,CENTRAL,State Representative,132,D,CARL VON EPPS (I),939,44,523,369,3
Coweta,,District Attorney, Coweta Circuit,R,P. SKANDALAKIS (I),45065,2359,26362,16326,18
Coweta,SENOIA,District Attorney, Coweta Circuit,R,P. SKANDALAKIS (I),2324,105,1454,763,2
Coweta,MORELAND,District Attorney, Coweta Circuit,R,P. SKANDALAKIS (I),1254,66,833,355,0
Coweta,PINE ROAD,District Attorney, Coweta Circuit,R,P. SKANDALAKIS (I),950,43,629,277,1
Coweta,DRESDEN,District Attorney, Coweta Circuit,R,P. SKANDALAKIS (I),446,18,362,64,2
Coweta,NEWNAN,District Attorney, Coweta Circuit,R,P. SKANDALAKIS (I),1205,79,639,487,0
Coweta,SHARPSBURG,District Attorney, Coweta Circuit,R,P. SKANDALAKIS (I),2314,121,1438,755,0
Coweta,FISCHER ROAD,District Attorney, Coweta Circuit,R,P. SKANDALAKIS (I),1986,114,1133,739,0
Coweta,CEDAR CREEK,District Attorney, Coweta Circuit,R,P. SKANDALAKIS (I),2564,134,1321,1108,1
Coweta,GRANTVILLE,District Attorney, Coweta Circuit,R,P. SKANDALAKIS (I),1055,35,760,260,0
Coweta,HARALSON,District Attorney, Coweta Circuit,R,P. SKANDALAKIS (I),1068,32,789,247,0
Coweta,WELCOME,District Attorney, Coweta Circuit,R,P. SKANDALAKIS (I),1597,55,1129,412,1
Coweta,PANTHER CREEK,District Attorney, Coweta Circuit,R,P. SKANDALAKIS (I),1388,67,973,347,1
Coweta,RAYMOND,District Attorney, Coweta Circuit,R,P. SKANDALAKIS (I),1188,61,766,361,0
Coweta,TURIN,District Attorney, Coweta Circuit,R,P. SKANDALAKIS (I),1760,84,1173,503,0
Coweta,SMOKEY ROAD,District Attorney, Coweta Circuit,R,P. SKANDALAKIS (I),979,46,601,332,0
Coweta,TURKEY CREEK,District Attorney, Coweta Circuit,R,P. SKANDALAKIS (I),385,12,235,138,0
Coweta,CENTRAL,District Attorney, Coweta Circuit,R,P. SKANDALAKIS (I),764,37,441,284,2
Coweta,ARTS CENTRE,District Attorney, Coweta Circuit,R,P. SKANDALAKIS (I),5592,287,2524,2780,1
Coweta,GREENTOP,District Attorney, Coweta Circuit,R,P. SKANDALAKIS (I),1298,123,696,479,0
Coweta,EXPO CENTER,District Attorney, Coweta Circuit,R,P. SKANDALAKIS (I),996,75,600,321,0
Coweta,WHITE OAK,District Attorney, Coweta Circuit,R,P. SKANDALAKIS (I),2433,127,1366,939,1
Coweta,MADRAS,District Attorney, Coweta Circuit,R,P. SKANDALAKIS (I),1968,114,1028,824,2
Coweta,CANNONGATE,District Attorney, Coweta Circuit,R,P. SKANDALAKIS (I),2121,129,1195,795,2
Coweta,WESTSIDE,District Attorney, Coweta Circuit,R,P. SKANDALAKIS (I),335,20,214,101,0
Coweta,NORTHSIDE,District Attorney, Coweta Circuit,R,P. SKANDALAKIS (I),1186,49,791,346,0
Coweta,THOMAS CROSSROADS,District Attorney, Coweta Circuit,R,P. SKANDALAKIS (I),2681,149,1556,975,1
Coweta,EBENEZER CHURCH ROAD,District Attorney, Coweta Circuit,R,P. SKANDALAKIS (I),893,39,542,312,0
Coweta,JEFFERSON PARKWAY,District Attorney, Coweta Circuit,R,P. SKANDALAKIS (I),2335,138,1174,1022,1
Coweta,,CLERK SUPERIOR CT,,R,CINDY G. BROWN (I),45653,2378,26677,16581,17
Coweta,SENOIA,CLERK SUPERIOR CT,,R,CINDY G. BROWN (I),2362,107,1476,777,2
Coweta,MORELAND,CLERK SUPERIOR CT,,R,CINDY G. BROWN (I),1276,65,857,354,0
Coweta,PINE ROAD,CLERK SUPERIOR CT,,R,CINDY G. BROWN (I),967,42,643,281,1
Coweta,DRESDEN,CLERK SUPERIOR CT,,R,CINDY G. BROWN (I),454,20,367,65,2
Coweta,NEWNAN,CLERK SUPERIOR CT,,R,CINDY G. BROWN (I),1278,82,687,509,0
Coweta,SHARPSBURG,CLERK SUPERIOR CT,,R,CINDY G. BROWN (I),2324,121,1444,759,0
Coweta,FISCHER ROAD,CLERK SUPERIOR CT,,R,CINDY G. BROWN (I),1999,117,1134,748,0
Coweta,CEDAR CREEK,CLERK SUPERIOR CT,,R,CINDY G. BROWN (I),2588,136,1328,1123,1
Coweta,GRANTVILLE,CLERK SUPERIOR CT,,R,CINDY G. BROWN (I),1061,38,763,260,0
Coweta,HARALSON,CLERK SUPERIOR CT,,R,CINDY G. BROWN (I),1078,31,795,252,0
Coweta,WELCOME,CLERK SUPERIOR CT,,R,CINDY G. BROWN (I),1622,57,1144,420,1
Coweta,PANTHER CREEK,CLERK SUPERIOR CT,,R,CINDY G. BROWN (I),1425,68,991,365,1
Coweta,RAYMOND,CLERK SUPERIOR CT,,R,CINDY G. BROWN (I),1195,62,770,363,0
Coweta,TURIN,CLERK SUPERIOR CT,,R,CINDY G. BROWN (I),1777,81,1184,512,0
Coweta,SMOKEY ROAD,CLERK SUPERIOR CT,,R,CINDY G. BROWN (I),998,49,601,348,0
Coweta,TURKEY CREEK,CLERK SUPERIOR CT,,R,CINDY G. BROWN (I),390,13,240,137,0
Coweta,CENTRAL,CLERK SUPERIOR CT,,R,CINDY G. BROWN (I),793,39,451,301,2
Coweta,ARTS CENTRE,CLERK SUPERIOR CT,,R,CINDY G. BROWN (I),5634,286,2550,2797,1
Coweta,GREENTOP,CLERK SUPERIOR CT,,R,CINDY G. BROWN (I),1319,124,705,490,0
Coweta,EXPO CENTER,CLERK SUPERIOR CT,,R,CINDY G. BROWN (I),1002,75,601,326,0
Coweta,WHITE OAK,CLERK SUPERIOR CT,,R,CINDY G. BROWN (I),2438,123,1372,943,0
Coweta,MADRAS,CLERK SUPERIOR CT,,R,CINDY G. BROWN (I),1990,111,1036,841,2
Coweta,CANNONGATE,CLERK SUPERIOR CT,,R,CINDY G. BROWN (I),2136,130,1204,800,2
Coweta,WESTSIDE,CLERK SUPERIOR CT,,R,CINDY G. BROWN (I),347,20,220,107,0
Coweta,NORTHSIDE,CLERK SUPERIOR CT,,R,CINDY G. BROWN (I),1210,51,803,356,0
Coweta,THOMAS CROSSROADS,CLERK SUPERIOR CT,,R,CINDY G. BROWN (I),2715,148,1577,989,1
Coweta,EBENEZER CHURCH ROAD,CLERK SUPERIOR CT,,R,CINDY G. BROWN (I),895,41,545,309,0
Coweta,JEFFERSON PARKWAY,CLERK SUPERIOR CT,,R,CINDY G. BROWN (I),2380,141,1189,1049,1
Coweta,,SHERIFF,,R,MIKE YEAGER (I),46887,2426,27311,17133,17
Coweta,SENOIA,SHERIFF,,R,MIKE YEAGER (I),2397,109,1502,784,2
Coweta,MORELAND,SHERIFF,,R,MIKE YEAGER (I),1333,73,887,373,0
Coweta,PINE ROAD,SHERIFF,,R,MIKE YEAGER (I),983,46,652,284,1
Coweta,DRESDEN,SHERIFF,,R,MIKE YEAGER (I),467,19,377,69,2
Coweta,NEWNAN,SHERIFF,,R,MIKE YEAGER (I),1404,92,740,572,0
Coweta,SHARPSBURG,SHERIFF,,R,MIKE YEAGER (I),2374,121,1472,781,0
Coweta,FISCHER ROAD,SHERIFF,,R,MIKE YEAGER (I),2045,119,1164,762,0
Coweta,CEDAR CREEK,SHERIFF,,R,MIKE YEAGER (I),2614,139,1325,1149,1
Coweta,GRANTVILLE,SHERIFF,,R,MIKE YEAGER (I),1122,40,807,275,0
Coweta,HARALSON,SHERIFF,,R,MIKE YEAGER (I),1094,32,806,256,0
Coweta,WELCOME,SHERIFF,,R,MIKE YEAGER (I),1649,57,1159,432,1
Coweta,PANTHER CREEK,SHERIFF,,R,MIKE YEAGER (I),1453,66,1015,371,1
Coweta,RAYMOND,SHERIFF,,R,MIKE YEAGER (I),1257,63,802,392,0
Coweta,TURIN,SHERIFF,,R,MIKE YEAGER (I),1826,84,1203,539,0
Coweta,SMOKEY ROAD,SHERIFF,,R,MIKE YEAGER (I),1061,51,644,366,0
Coweta,TURKEY CREEK,SHERIFF,,R,MIKE YEAGER (I),411,13,252,146,0
Coweta,CENTRAL,SHERIFF,,R,MIKE YEAGER (I),903,42,516,343,2
Coweta,ARTS CENTRE,SHERIFF,,R,MIKE YEAGER (I),5714,284,2577,2852,1
Coweta,GREENTOP,SHERIFF,,R,MIKE YEAGER (I),1356,123,723,510,0
Coweta,EXPO CENTER,SHERIFF,,R,MIKE YEAGER (I),1018,75,605,338,0
Coweta,WHITE OAK,SHERIFF,,R,MIKE YEAGER (I),2484,130,1379,975,0
Coweta,MADRAS,SHERIFF,,R,MIKE YEAGER (I),2021,113,1047,859,2
Coweta,CANNONGATE,SHERIFF,,R,MIKE YEAGER (I),2158,129,1215,812,2
Coweta,WESTSIDE,SHERIFF,,R,MIKE YEAGER (I),392,20,256,116,0
Coweta,NORTHSIDE,SHERIFF,,R,MIKE YEAGER (I),1259,52,836,371,0
Coweta,THOMAS CROSSROADS,SHERIFF,,R,MIKE YEAGER (I),2731,151,1584,995,1
Coweta,EBENEZER CHURCH ROAD,SHERIFF,,R,MIKE YEAGER (I),907,40,548,319,0
Coweta,JEFFERSON PARKWAY,SHERIFF,,R,MIKE YEAGER (I),2454,143,1218,1092,1
Coweta,,TAX COMMISSIONER,,R,TOMMY FERRELL (I),45635,2378,26596,16643,18
Coweta,SENOIA,TAX COMMISSIONER,,R,TOMMY FERRELL (I),2366,107,1476,781,2
Coweta,MORELAND,TAX COMMISSIONER,,R,TOMMY FERRELL (I),1281,69,852,360,0
Coweta,PINE ROAD,TAX COMMISSIONER,,R,TOMMY FERRELL (I),962,45,637,279,1
Coweta,DRESDEN,TAX COMMISSIONER,,R,TOMMY FERRELL (I),449,18,364,65,2
Coweta,NEWNAN,TAX COMMISSIONER,,R,TOMMY FERRELL (I),1267,83,665,519,0
Coweta,SHARPSBURG,TAX COMMISSIONER,,R,TOMMY FERRELL (I),2308,121,1431,756,0
Coweta,FISCHER ROAD,TAX COMMISSIONER,,R,TOMMY FERRELL (I),1990,115,1128,747,0
Coweta,CEDAR CREEK,TAX COMMISSIONER,,R,TOMMY FERRELL (I),2579,134,1316,1128,1
Coweta,GRANTVILLE,TAX COMMISSIONER,,R,TOMMY FERRELL (I),1084,37,779,268,0
Coweta,HARALSON,TAX COMMISSIONER,,R,TOMMY FERRELL (I),1084,32,793,259,0
Coweta,WELCOME,TAX COMMISSIONER,,R,TOMMY FERRELL (I),1633,56,1154,422,1
Coweta,PANTHER CREEK,TAX COMMISSIONER,,R,TOMMY FERRELL (I),1437,67,1003,366,1
Coweta,RAYMOND,TAX COMMISSIONER,,R,TOMMY FERRELL (I),1217,61,781,375,0
Coweta,TURIN,TAX COMMISSIONER,,R,TOMMY FERRELL (I),1783,80,1183,520,0
Coweta,SMOKEY ROAD,TAX COMMISSIONER,,R,TOMMY FERRELL (I),995,49,609,337,0
Coweta,TURKEY CREEK,TAX COMMISSIONER,,R,TOMMY FERRELL (I),396,13,244,139,0
Coweta,CENTRAL,TAX COMMISSIONER,,R,TOMMY FERRELL (I),785,40,443,300,2
Coweta,ARTS CENTRE,TAX COMMISSIONER,,R,TOMMY FERRELL (I),5615,285,2523,2806,1
Coweta,GREENTOP,TAX COMMISSIONER,,R,TOMMY FERRELL (I),1314,121,695,498,0
Coweta,EXPO CENTER,TAX COMMISSIONER,,R,TOMMY FERRELL (I),1001,74,600,327,0
Coweta,WHITE OAK,TAX COMMISSIONER,,R,TOMMY FERRELL (I),2435,124,1359,951,1
Coweta,MADRAS,TAX COMMISSIONER,,R,TOMMY FERRELL (I),1992,114,1034,842,2
Coweta,CANNONGATE,TAX COMMISSIONER,,R,TOMMY FERRELL (I),2125,129,1196,798,2
Coweta,WESTSIDE,TAX COMMISSIONER,,R,TOMMY FERRELL (I),364,19,238,107,0
Coweta,NORTHSIDE,TAX COMMISSIONER,,R,TOMMY FERRELL (I),1218,53,808,357,0
Coweta,THOMAS CROSSROADS,TAX COMMISSIONER,,R,TOMMY FERRELL (I),2695,150,1569,975,1
Coweta,EBENEZER CHURCH ROAD,TAX COMMISSIONER,,R,TOMMY FERRELL (I),882,39,534,309,0
Coweta,JEFFERSON PARKWAY,TAX COMMISSIONER,,R,TOMMY FERRELL (I),2378,143,1182,1052,1
Coweta,,SURVEYOR,,R,C. W. ROBERTSON,44864,2313,26228,16306,17
Coweta,SENOIA,SURVEYOR,,R,C. W. ROBERTSON,2328,103,1458,765,2
Coweta,MORELAND,SURVEYOR,,R,C. W. ROBERTSON,1268,66,847,355,0
Coweta,PINE ROAD,SURVEYOR,,R,C. W. ROBERTSON,958,42,637,278,1
Coweta,DRESDEN,SURVEYOR,,R,C. W. ROBERTSON,445,17,362,64,2
Coweta,NEWNAN,SURVEYOR,,R,C. W. ROBERTSON,1200,78,633,489,0
Coweta,SHARPSBURG,SURVEYOR,,R,C. W. ROBERTSON,2306,121,1428,757,0
Coweta,FISCHER ROAD,SURVEYOR,,R,C. W. ROBERTSON,1975,111,1123,741,0
Coweta,CEDAR CREEK,SURVEYOR,,R,C. W. ROBERTSON,2559,136,1306,1116,1
Coweta,GRANTVILLE,SURVEYOR,,R,C. W. ROBERTSON,1053,35,761,257,0
Coweta,HARALSON,SURVEYOR,,R,C. W. ROBERTSON,1058,30,783,245,0
Coweta,WELCOME,SURVEYOR,,R,C. W. ROBERTSON,1601,55,1130,415,1
Coweta,PANTHER CREEK,SURVEYOR,,R,C. W. ROBERTSON,1393,67,971,354,1
Coweta,RAYMOND,SURVEYOR,,R,C. W. ROBERTSON,1201,58,773,370,0
Coweta,TURIN,SURVEYOR,,R,C. W. ROBERTSON,1754,80,1172,502,0
Coweta,SMOKEY ROAD,SURVEYOR,,R,C. W. ROBERTSON,972,46,597,329,0
Coweta,TURKEY CREEK,SURVEYOR,,R,C. W. ROBERTSON,385,13,240,132,0
Coweta,CENTRAL,SURVEYOR,,R,C. W. ROBERTSON,751,38,420,291,2
Coweta,ARTS CENTRE,SURVEYOR,,R,C. W. ROBERTSON,5552,280,2507,2764,1
Coweta,GREENTOP,SURVEYOR,,R,C. W. ROBERTSON,1286,117,685,484,0
Coweta,EXPO CENTER,SURVEYOR,,R,C. W. ROBERTSON,983,72,592,319,0
Coweta,WHITE OAK,SURVEYOR,,R,C. W. ROBERTSON,2398,121,1348,929,0
Coweta,MADRAS,SURVEYOR,,R,C. W. ROBERTSON,1960,111,1023,824,2
Coweta,CANNONGATE,SURVEYOR,,R,C. W. ROBERTSON,2105,125,1187,791,2
Coweta,WESTSIDE,SURVEYOR,,R,C. W. ROBERTSON,342,19,221,102,0
Coweta,NORTHSIDE,SURVEYOR,,R,C. W. ROBERTSON,1170,50,781,339,0
Coweta,THOMAS CROSSROADS,SURVEYOR,,R,C. W. ROBERTSON,2660,148,1547,964,1
Coweta,EBENEZER CHURCH ROAD,SURVEYOR,,R,C. W. ROBERTSON,873,39,530,304,0
Coweta,JEFFERSON PARKWAY,SURVEYOR,,R,C. W. ROBERTSON,2328,135,1166,1026,1
Coweta,,CORONER,,R,RICHARD HAWK,44820,2325,26189,16288,18
Coweta,SENOIA,CORONER,,R,RICHARD HAWK,2324,103,1456,763,2
Coweta,MORELAND,CORONER,,R,RICHARD HAWK,1250,64,839,347,0
Coweta,PINE ROAD,CORONER,,R,RICHARD HAWK,957,43,634,279,1
Coweta,DRESDEN,CORONER,,R,RICHARD HAWK,443,17,361,63,2
Coweta,NEWNAN,CORONER,,R,RICHARD HAWK,1199,76,634,489,0
Coweta,SHARPSBURG,CORONER,,R,RICHARD HAWK,2287,121,1415,751,0
Coweta,FISCHER ROAD,CORONER,,R,RICHARD HAWK,1973,114,1119,740,0
Coweta,CEDAR CREEK,CORONER,,R,RICHARD HAWK,2551,136,1305,1109,1
Coweta,GRANTVILLE,CORONER,,R,RICHARD HAWK,1048,37,755,256,0
Coweta,HARALSON,CORONER,,R,RICHARD HAWK,1056,31,778,247,0
Coweta,WELCOME,CORONER,,R,RICHARD HAWK,1600,53,1133,413,1
Coweta,PANTHER CREEK,CORONER,,R,RICHARD HAWK,1387,66,970,350,1
Coweta,RAYMOND,CORONER,,R,RICHARD HAWK,1190,58,764,368,0
Coweta,TURIN,CORONER,,R,RICHARD HAWK,1746,82,1163,501,0
Coweta,SMOKEY ROAD,CORONER,,R,RICHARD HAWK,979,48,599,332,0
Coweta,TURKEY CREEK,CORONER,,R,RICHARD HAWK,385,13,239,133,0
Coweta,CENTRAL,CORONER,,R,RICHARD HAWK,766,39,430,295,2
Coweta,ARTS CENTRE,CORONER,,R,RICHARD HAWK,5574,283,2508,2782,1
Coweta,GREENTOP,CORONER,,R,RICHARD HAWK,1276,114,678,484,0
Coweta,EXPO CENTER,CORONER,,R,RICHARD HAWK,975,70,591,314,0
Coweta,WHITE OAK,CORONER,,R,RICHARD HAWK,2405,122,1350,932,1
Coweta,MADRAS,CORONER,,R,RICHARD HAWK,1963,113,1024,824,2
Coweta,CANNONGATE,CORONER,,R,RICHARD HAWK,2106,127,1193,784,2
Coweta,WESTSIDE,CORONER,,R,RICHARD HAWK,340,19,220,101,0
Coweta,NORTHSIDE,CORONER,,R,RICHARD HAWK,1170,50,783,337,0
Coweta,THOMAS CROSSROADS,CORONER,,R,RICHARD HAWK,2661,148,1550,962,1
Coweta,EBENEZER CHURCH ROAD,CORONER,,R,RICHARD HAWK,876,38,532,306,0
Coweta,JEFFERSON PARKWAY,CORONER,,R,RICHARD HAWK,2333,140,1166,1026,1
Coweta,,SOLICITOR,,R,SANDY WISENBAKER,44411,2303,25974,16117,17
Coweta,SENOIA,SOLICITOR,,R,SANDY WISENBAKER,2307,103,1442,760,2
Coweta,MORELAND,SOLICITOR,,R,SANDY WISENBAKER,1243,63,834,346,0
Coweta,PINE ROAD,SOLICITOR,,R,SANDY WISENBAKER,950,42,630,277,1
Coweta,DRESDEN,SOLICITOR,,R,SANDY WISENBAKER,435,17,354,62,2
Coweta,NEWNAN,SOLICITOR,,R,SANDY WISENBAKER,1151,76,609,466,0
Coweta,SHARPSBURG,SOLICITOR,,R,SANDY WISENBAKER,2286,121,1416,749,0
Coweta,FISCHER ROAD,SOLICITOR,,R,SANDY WISENBAKER,1971,115,1118,738,0
Coweta,CEDAR CREEK,SOLICITOR,,R,SANDY WISENBAKER,2523,129,1293,1100,1
Coweta,GRANTVILLE,SOLICITOR,,R,SANDY WISENBAKER,1042,36,753,253,0
Coweta,HARALSON,SOLICITOR,,R,SANDY WISENBAKER,1047,31,770,246,0
Coweta,WELCOME,SOLICITOR,,R,SANDY WISENBAKER,1577,53,1111,412,1
Coweta,PANTHER CREEK,SOLICITOR,,R,SANDY WISENBAKER,1380,66,966,347,1
Coweta,RAYMOND,SOLICITOR,,R,SANDY WISENBAKER,1179,58,759,362,0
Coweta,TURIN,SOLICITOR,,R,SANDY WISENBAKER,1726,80,1153,493,0
Coweta,SMOKEY ROAD,SOLICITOR,,R,SANDY WISENBAKER,959,46,588,325,0
Coweta,TURKEY CREEK,SOLICITOR,,R,SANDY WISENBAKER,383,13,238,132,0
Coweta,CENTRAL,SOLICITOR,,R,SANDY WISENBAKER,739,38,417,282,2
Coweta,ARTS CENTRE,SOLICITOR,,R,SANDY WISENBAKER,5536,279,2509,2747,1
Coweta,GREENTOP,SOLICITOR,,R,SANDY WISENBAKER,1257,114,672,471,0
Coweta,EXPO CENTER,SOLICITOR,,R,SANDY WISENBAKER,971,72,589,310,0
Coweta,WHITE OAK,SOLICITOR,,R,SANDY WISENBAKER,2380,121,1336,923,0
Coweta,MADRAS,SOLICITOR,,R,SANDY WISENBAKER,1956,111,1020,823,2
Coweta,CANNONGATE,SOLICITOR,,R,SANDY WISENBAKER,2101,127,1184,788,2
Coweta,WESTSIDE,SOLICITOR,,R,SANDY WISENBAKER,323,19,211,93,0
Coweta,NORTHSIDE,SOLICITOR,,R,SANDY WISENBAKER,1155,48,774,333,0
Coweta,THOMAS CROSSROADS,SOLICITOR,,R,SANDY WISENBAKER,2652,145,1547,959,1
Coweta,EBENEZER CHURCH ROAD,SOLICITOR,,R,SANDY WISENBAKER,873,42,526,305,0
Coweta,JEFFERSON PARKWAY,SOLICITOR,,R,SANDY WISENBAKER,2309,138,1155,1015,1
Coweta,,CC D1,,R,P. KEITH POOLE (I),10548,477,6399,3669,3
Coweta,SENOIA,CC D1,,R,P. KEITH POOLE (I),2316,103,1447,764,2
Coweta,SHARPSBURG,CC D1,,R,P. KEITH POOLE (I),2278,120,1416,742,0
Coweta,HARALSON,CC D1,,R,P. KEITH POOLE (I),1055,31,776,248,0
Coweta,TURIN,CC D1,,R,P. KEITH POOLE (I),1734,84,1155,495,0
Coweta,ARTS CENTRE,CC D1,,R,P. KEITH POOLE (I),2300,101,1076,1122,1
Coweta,EBENEZER CHURCH ROAD,CC D1,,R,P. KEITH POOLE (I),865,38,529,298,0
Coweta,,CC D4,,R,RODNEY BROOKS (I),10679,612,5739,4325,3
Coweta,FISCHER ROAD,CC D4,,R,RODNEY BROOKS (I),1572,105,870,597,0
Coweta,ARTS CENTRE,CC D4,,R,RODNEY BROOKS (I),1984,116,807,1061,0
Coweta,WHITE OAK,CC D4,,R,RODNEY BROOKS (I),2381,116,1341,924,0
Coweta,CANNONGATE,CC D4,,R,RODNEY BROOKS (I),2097,128,1183,784,2
Coweta,THOMAS CROSSROADS,CC D4,,R,RODNEY BROOKS (I),2645,147,1538,959,1
Coweta,,CC D5,,R,HAYDEN MARLOWE,3530,223,1800,1506,1
Coweta,NEWNAN,CC D5,,R,HAYDEN MARLOWE,685,52,352,281,0
Coweta,SMOKEY ROAD,CC D5,,R,HAYDEN MARLOWE,89,8,47,34,0
Coweta,TURKEY CREEK,CC D5,,R,HAYDEN MARLOWE,136,6,75,55,0
Coweta,CENTRAL,CC D5,,R,HAYDEN MARLOWE,300,11,156,132,1
Coweta,ARTS CENTRE,CC D5,,R,HAYDEN MARLOWE,990,53,490,447,0
Coweta,WESTSIDE,CC D5,,R,HAYDEN MARLOWE,148,15,98,35,0
Coweta,JEFFERSON PARKWAY,CC D5,,R,HAYDEN MARLOWE,1182,78,582,522,0
Coweta,,CC D5,,D,AL SMITH (I),4130,199,2132,1795,4
Coweta,NEWNAN,CC D5,,D,AL SMITH (I),1024,71,535,418,0
Coweta,SMOKEY ROAD,CC D5,,D,AL SMITH (I),162,6,94,62,0
Coweta,TURKEY CREEK,CC D5,,D,AL SMITH (I),154,1,79,74,0
Coweta,CENTRAL,CC D5,,D,AL SMITH (I),945,44,517,382,2
Coweta,ARTS CENTRE,CC D5,,D,AL SMITH (I),483,21,219,243,0
Coweta,WESTSIDE,CC D5,,D,AL SMITH (I),349,9,213,127,0
Coweta,JEFFERSON PARKWAY,CC D5,,D,AL SMITH (I),1013,47,475,489,2
Coweta,,SOIL AND WATER,,,LISLE R. BOWERS (I),44117,2274,25728,16098,17
Coweta,SENOIA,SOIL AND WATER,,,LISLE R. BOWERS (I),2286,102,1426,756,2
Coweta,MORELAND,SOIL AND WATER,,,LISLE R. BOWERS (I),1230,61,822,347,0
Coweta,PINE ROAD,SOIL AND WATER,,,LISLE R. BOWERS (I),937,44,618,274,1
Coweta,DRESDEN,SOIL AND WATER,,,LISLE R. BOWERS (I),434,15,356,61,2
Coweta,NEWNAN,SOIL AND WATER,,,LISLE R. BOWERS (I),1256,83,664,509,0
Coweta,SHARPSBURG,SOIL AND WATER,,,LISLE R. BOWERS (I),2221,117,1377,727,0
Coweta,FISCHER ROAD,SOIL AND WATER,,,LISLE R. BOWERS (I),1944,109,1093,742,0
Coweta,CEDAR CREEK,SOIL AND WATER,,,LISLE R. BOWERS (I),2490,135,1255,1099,1
Coweta,GRANTVILLE,SOIL AND WATER,,,LISLE R. BOWERS (I),1050,39,753,258,0
Coweta,HARALSON,SOIL AND WATER,,,LISLE R. BOWERS (I),1021,30,756,235,0
Coweta,WELCOME,SOIL AND WATER,,,LISLE R. BOWERS (I),1585,54,1111,419,1
Coweta,PANTHER CREEK,SOIL AND WATER,,,LISLE R. BOWERS (I),1373,66,961,345,1
Coweta,RAYMOND,SOIL AND WATER,,,LISLE R. BOWERS (I),1150,57,736,357,0
Coweta,TURIN,SOIL AND WATER,,,LISLE R. BOWERS (I),1704,81,1126,497,0
Coweta,SMOKEY ROAD,SOIL AND WATER,,,LISLE R. BOWERS (I),1008,51,605,352,0
Coweta,TURKEY CREEK,SOIL AND WATER,,,LISLE R. BOWERS (I),383,14,229,140,0
Coweta,CENTRAL,SOIL AND WATER,,,LISLE R. BOWERS (I),826,39,471,314,2
Coweta,ARTS CENTRE,SOIL AND WATER,,,LISLE R. BOWERS (I),5432,276,2452,2703,1
Coweta,GREENTOP,SOIL AND WATER,,,LISLE R. BOWERS (I),1290,117,679,494,0
Coweta,EXPO CENTER,SOIL AND WATER,,,LISLE R. BOWERS (I),971,70,579,322,0
Coweta,WHITE OAK,SOIL AND WATER,,,LISLE R. BOWERS (I),2308,117,1298,892,1
Coweta,MADRAS,SOIL AND WATER,,,LISLE R. BOWERS (I),1907,101,1004,801,1
Coweta,CANNONGATE,SOIL AND WATER,,,LISLE R. BOWERS (I),2006,111,1151,742,2
Coweta,WESTSIDE,SOIL AND WATER,,,LISLE R. BOWERS (I),355,19,234,102,0
Coweta,NORTHSIDE,SOIL AND WATER,,,LISLE R. BOWERS (I),1177,48,782,347,0
Coweta,THOMAS CROSSROADS,SOIL AND WATER,,,LISLE R. BOWERS (I),2557,139,1492,925,1
Coweta,EBENEZER CHURCH ROAD,SOIL AND WATER,,,LISLE R. BOWERS (I),853,39,519,295,0
Coweta,JEFFERSON PARKWAY,SOIL AND WATER,,,LISLE R. BOWERS (I),2363,140,1179,1043,1
Coweta,,Constitutional Amendment #1<br>Shall the Constitution be amended to allow state or local approval of public charter schools upon the request of local communities?,,,YES,35419,1827,19577,14003,12
Coweta,SENOIA,Constitutional Amendment #1<br>Shall the Constitution be amended to allow state or local approval of public charter schools upon the request of local communities?,,,YES,1834,77,1126,629,2
Coweta,MORELAND,Constitutional Amendment #1<br>Shall the Constitution be amended to allow state or local approval of public charter schools upon the request of local communities?,,,YES,868,45,554,269,0
Coweta,PINE ROAD,Constitutional Amendment #1<br>Shall the Constitution be amended to allow state or local approval of public charter schools upon the request of local communities?,,,YES,695,32,442,221,0
Coweta,DRESDEN,Constitutional Amendment #1<br>Shall the Constitution be amended to allow state or local approval of public charter schools upon the request of local communities?,,,YES,319,11,253,53,2
Coweta,NEWNAN,Constitutional Amendment #1<br>Shall the Constitution be amended to allow state or local approval of public charter schools upon the request of local communities?,,,YES,1181,73,608,500,0
Coweta,SHARPSBURG,Constitutional Amendment #1<br>Shall the Constitution be amended to allow state or local approval of public charter schools upon the request of local communities?,,,YES,1675,86,993,596,0
Coweta,FISCHER ROAD,Constitutional Amendment #1<br>Shall the Constitution be amended to allow state or local approval of public charter schools upon the request of local communities?,,,YES,1547,100,847,600,0
Coweta,CEDAR CREEK,Constitutional Amendment #1<br>Shall the Constitution be amended to allow state or local approval of public charter schools upon the request of local communities?,,,YES,1888,114,887,887,0
Coweta,GRANTVILLE,Constitutional Amendment #1<br>Shall the Constitution be amended to allow state or local approval of public charter schools upon the request of local communities?,,,YES,883,30,626,227,0
Coweta,HARALSON,Constitutional Amendment #1<br>Shall the Constitution be amended to allow state or local approval of public charter schools upon the request of local communities?,,,YES,812,26,576,210,0
Coweta,WELCOME,Constitutional Amendment #1<br>Shall the Constitution be amended to allow state or local approval of public charter schools upon the request of local communities?,,,YES,1145,44,772,328,1
Coweta,PANTHER CREEK,Constitutional Amendment #1<br>Shall the Constitution be amended to allow state or local approval of public charter schools upon the request of local communities?,,,YES,1042,53,686,302,1
Coweta,RAYMOND,Constitutional Amendment #1<br>Shall the Constitution be amended to allow state or local approval of public charter schools upon the request of local communities?,,,YES,866,29,520,317,0
Coweta,TURIN,Constitutional Amendment #1<br>Shall the Constitution be amended to allow state or local approval of public charter schools upon the request of local communities?,,,YES,1380,62,873,445,0
Coweta,SMOKEY ROAD,Constitutional Amendment #1<br>Shall the Constitution be amended to allow state or local approval of public charter schools upon the request of local communities?,,,YES,868,41,517,310,0
Coweta,TURKEY CREEK,Constitutional Amendment #1<br>Shall the Constitution be amended to allow state or local approval of public charter schools upon the request of local communities?,,,YES,379,8,218,153,0
Coweta,CENTRAL,Constitutional Amendment #1<br>Shall the Constitution be amended to allow state or local approval of public charter schools upon the request of local communities?,,,YES,926,31,512,382,1
Coweta,ARTS CENTRE,Constitutional Amendment #1<br>Shall the Constitution be amended to allow state or local approval of public charter schools upon the request of local communities?,,,YES,4541,227,1886,2428,0
Coweta,GREENTOP,Constitutional Amendment #1<br>Shall the Constitution be amended to allow state or local approval of public charter schools upon the request of local communities?,,,YES,913,86,461,366,0
Coweta,EXPO CENTER,Constitutional Amendment #1<br>Shall the Constitution be amended to allow state or local approval of public charter schools upon the request of local communities?,,,YES,623,47,363,213,0
Coweta,WHITE OAK,Constitutional Amendment #1<br>Shall the Constitution be amended to allow state or local approval of public charter schools upon the request of local communities?,,,YES,1841,95,994,751,1
Coweta,MADRAS,Constitutional Amendment #1<br>Shall the Constitution be amended to allow state or local approval of public charter schools upon the request of local communities?,,,YES,1541,98,752,691,0
Coweta,CANNONGATE,Constitutional Amendment #1<br>Shall the Constitution be amended to allow state or local approval of public charter schools upon the request of local communities?,,,YES,1528,92,835,599,2
Coweta,WESTSIDE,Constitutional Amendment #1<br>Shall the Constitution be amended to allow state or local approval of public charter schools upon the request of local communities?,,,YES,357,18,210,129,0
Coweta,NORTHSIDE,Constitutional Amendment #1<br>Shall the Constitution be amended to allow state or local approval of public charter schools upon the request of local communities?,,,YES,881,23,561,297,0
Coweta,THOMAS CROSSROADS,Constitutional Amendment #1<br>Shall the Constitution be amended to allow state or local approval of public charter schools upon the request of local communities?,,,YES,2021,120,1107,794,0
Coweta,EBENEZER CHURCH ROAD,Constitutional Amendment #1<br>Shall the Constitution be amended to allow state or local approval of public charter schools upon the request of local communities?,,,YES,679,37,395,247,0
Coweta,JEFFERSON PARKWAY,Constitutional Amendment #1<br>Shall the Constitution be amended to allow state or local approval of public charter schools upon the request of local communities?,,,YES,2186,122,1003,1059,2
Coweta,,Constitutional Amendment #1<br>Shall the Constitution be amended to allow state or local approval of public charter schools upon the request of local communities?,,,NO,18373,936,11510,5916,11
Coweta,SENOIA,Constitutional Amendment #1<br>Shall the Constitution be amended to allow state or local approval of public charter schools upon the request of local communities?,,,NO,886,44,556,286,0
Coweta,MORELAND,Constitutional Amendment #1<br>Shall the Constitution be amended to allow state or local approval of public charter schools upon the request of local communities?,,,NO,542,29,377,136,0
Coweta,PINE ROAD,Constitutional Amendment #1<br>Shall the Constitution be amended to allow state or local approval of public charter schools upon the request of local communities?,,,NO,397,20,282,93,2
Coweta,DRESDEN,Constitutional Amendment #1<br>Shall the Constitution be amended to allow state or local approval of public charter schools upon the request of local communities?,,,NO,192,9,159,24,0
Coweta,NEWNAN,Constitutional Amendment #1<br>Shall the Constitution be amended to allow state or local approval of public charter schools upon the request of local communities?,,,NO,584,46,320,218,0
Coweta,SHARPSBURG,Constitutional Amendment #1<br>Shall the Constitution be amended to allow state or local approval of public charter schools upon the request of local communities?,,,NO,949,43,641,265,0
Coweta,FISCHER ROAD,Constitutional Amendment #1<br>Shall the Constitution be amended to allow state or local approval of public charter schools upon the request of local communities?,,,NO,753,35,434,284,0
Coweta,CEDAR CREEK,Constitutional Amendment #1<br>Shall the Constitution be amended to allow state or local approval of public charter schools upon the request of local communities?,,,NO,1035,52,583,399,1
Coweta,GRANTVILLE,Constitutional Amendment #1<br>Shall the Constitution be amended to allow state or local approval of public charter schools upon the request of local communities?,,,NO,397,12,289,96,0
Coweta,HARALSON,Constitutional Amendment #1<br>Shall the Constitution be amended to allow state or local approval of public charter schools upon the request of local communities?,,,NO,376,11,297,68,0
Coweta,WELCOME,Constitutional Amendment #1<br>Shall the Constitution be amended to allow state or local approval of public charter schools upon the request of local communities?,,,NO,684,21,505,158,0
Coweta,PANTHER CREEK,Constitutional Amendment #1<br>Shall the Constitution be amended to allow state or local approval of public charter schools upon the request of local communities?,,,NO,566,27,417,122,0
Coweta,RAYMOND,Constitutional Amendment #1<br>Shall the Constitution be amended to allow state or local approval of public charter schools upon the request of local communities?,,,NO,490,34,334,122,0
Coweta,TURIN,Constitutional Amendment #1<br>Shall the Constitution be amended to allow state or local approval of public charter schools upon the request of local communities?,,,NO,674,30,473,171,0
Coweta,SMOKEY ROAD,Constitutional Amendment #1<br>Shall the Constitution be amended to allow state or local approval of public charter schools upon the request of local communities?,,,NO,455,20,281,154,0
Coweta,TURKEY CREEK,Constitutional Amendment #1<br>Shall the Constitution be amended to allow state or local approval of public charter schools upon the request of local communities?,,,NO,138,7,87,44,0
Coweta,CENTRAL,Constitutional Amendment #1<br>Shall the Constitution be amended to allow state or local approval of public charter schools upon the request of local communities?,,,NO,355,24,205,123,3
Coweta,ARTS CENTRE,Constitutional Amendment #1<br>Shall the Constitution be amended to allow state or local approval of public charter schools upon the request of local communities?,,,NO,2101,126,1084,890,1
Coweta,GREENTOP,Constitutional Amendment #1<br>Shall the Constitution be amended to allow state or local approval of public charter schools upon the request of local communities?,,,NO,652,48,379,225,0
Coweta,EXPO CENTER,Constitutional Amendment #1<br>Shall the Constitution be amended to allow state or local approval of public charter schools upon the request of local communities?,,,NO,507,30,310,167,0
Coweta,WHITE OAK,Constitutional Amendment #1<br>Shall the Constitution be amended to allow state or local approval of public charter schools upon the request of local communities?,,,NO,959,34,561,364,0
Coweta,MADRAS,Constitutional Amendment #1<br>Shall the Constitution be amended to allow state or local approval of public charter schools upon the request of local communities?,,,NO,787,41,446,297,3
Coweta,CANNONGATE,Constitutional Amendment #1<br>Shall the Constitution be amended to allow state or local approval of public charter schools upon the request of local communities?,,,NO,832,47,508,277,0
Coweta,WESTSIDE,Constitutional Amendment #1<br>Shall the Constitution be amended to allow state or local approval of public charter schools upon the request of local communities?,,,NO,167,5,128,34,0
Coweta,NORTHSIDE,Constitutional Amendment #1<br>Shall the Constitution be amended to allow state or local approval of public charter schools upon the request of local communities?,,,NO,547,32,384,131,0
Coweta,THOMAS CROSSROADS,Constitutional Amendment #1<br>Shall the Constitution be amended to allow state or local approval of public charter schools upon the request of local communities?,,,NO,1073,45,702,325,1
Coweta,EBENEZER CHURCH ROAD,Constitutional Amendment #1<br>Shall the Constitution be amended to allow state or local approval of public charter schools upon the request of local communities?,,,NO,341,5,231,105,0
Coweta,JEFFERSON PARKWAY,Constitutional Amendment #1<br>Shall the Constitution be amended to allow state or local approval of public charter schools upon the request of local communities?,,,NO,934,59,537,338,0
Coweta,,Constitutional Amendment #2<br>Shall the Constitution be amended so as to provide for a reduction in the state's operating costs by allowing the General Assembly to authorize certain state agencies to enter into multiyear rental agreements?,,,YES,34590,1825,19476,13276,13
Coweta,SENOIA,Constitutional Amendment #2<br>Shall the Constitution be amended so as to provide for a reduction in the state's operating costs by allowing the General Assembly to authorize certain state agencies to enter into multiyear rental agreements?,,,YES,1771,87,1075,608,1
Coweta,MORELAND,Constitutional Amendment #2<br>Shall the Constitution be amended so as to provide for a reduction in the state's operating costs by allowing the General Assembly to authorize certain state agencies to enter into multiyear rental agreements?,,,YES,846,44,536,266,0
Coweta,PINE ROAD,Constitutional Amendment #2<br>Shall the Constitution be amended so as to provide for a reduction in the state's operating costs by allowing the General Assembly to authorize certain state agencies to enter into multiyear rental agreements?,,,YES,709,35,464,209,1
Coweta,DRESDEN,Constitutional Amendment #2<br>Shall the Constitution be amended so as to provide for a reduction in the state's operating costs by allowing the General Assembly to authorize certain state agencies to enter into multiyear rental agreements?,,,YES,323,9,260,52,2
Coweta,NEWNAN,Constitutional Amendment #2<br>Shall the Constitution be amended so as to provide for a reduction in the state's operating costs by allowing the General Assembly to authorize certain state agencies to enter into multiyear rental agreements?,,,YES,1125,65,599,461,0
Coweta,SHARPSBURG,Constitutional Amendment #2<br>Shall the Constitution be amended so as to provide for a reduction in the state's operating costs by allowing the General Assembly to authorize certain state agencies to enter into multiyear rental agreements?,,,YES,1694,76,1049,569,0
Coweta,FISCHER ROAD,Constitutional Amendment #2<br>Shall the Constitution be amended so as to provide for a reduction in the state's operating costs by allowing the General Assembly to authorize certain state agencies to enter into multiyear rental agreements?,,,YES,1538,98,823,617,0
Coweta,CEDAR CREEK,Constitutional Amendment #2<br>Shall the Constitution be amended so as to provide for a reduction in the state's operating costs by allowing the General Assembly to authorize certain state agencies to enter into multiyear rental agreements?,,,YES,1868,110,895,863,0
Coweta,GRANTVILLE,Constitutional Amendment #2<br>Shall the Constitution be amended so as to provide for a reduction in the state's operating costs by allowing the General Assembly to authorize certain state agencies to enter into multiyear rental agreements?,,,YES,774,31,545,198,0
Coweta,HARALSON,Constitutional Amendment #2<br>Shall the Constitution be amended so as to provide for a reduction in the state's operating costs by allowing the General Assembly to authorize certain state agencies to enter into multiyear rental agreements?,,,YES,717,19,518,180,0
Coweta,WELCOME,Constitutional Amendment #2<br>Shall the Constitution be amended so as to provide for a reduction in the state's operating costs by allowing the General Assembly to authorize certain state agencies to enter into multiyear rental agreements?,,,YES,1118,43,743,331,1
Coweta,PANTHER CREEK,Constitutional Amendment #2<br>Shall the Constitution be amended so as to provide for a reduction in the state's operating costs by allowing the General Assembly to authorize certain state agencies to enter into multiyear rental agreements?,,,YES,983,50,660,272,1
Coweta,RAYMOND,Constitutional Amendment #2<br>Shall the Constitution be amended so as to provide for a reduction in the state's operating costs by allowing the General Assembly to authorize certain state agencies to enter into multiyear rental agreements?,,,YES,869,37,543,289,0
Coweta,TURIN,Constitutional Amendment #2<br>Shall the Constitution be amended so as to provide for a reduction in the state's operating costs by allowing the General Assembly to authorize certain state agencies to enter into multiyear rental agreements?,,,YES,1229,62,777,390,0
Coweta,SMOKEY ROAD,Constitutional Amendment #2<br>Shall the Constitution be amended so as to provide for a reduction in the state's operating costs by allowing the General Assembly to authorize certain state agencies to enter into multiyear rental agreements?,,,YES,801,36,473,292,0
Coweta,TURKEY CREEK,Constitutional Amendment #2<br>Shall the Constitution be amended so as to provide for a reduction in the state's operating costs by allowing the General Assembly to authorize certain state agencies to enter into multiyear rental agreements?,,,YES,333,7,201,125,0
Coweta,CENTRAL,Constitutional Amendment #2<br>Shall the Constitution be amended so as to provide for a reduction in the state's operating costs by allowing the General Assembly to authorize certain state agencies to enter into multiyear rental agreements?,,,YES,816,33,446,335,2
Coweta,ARTS CENTRE,Constitutional Amendment #2<br>Shall the Constitution be amended so as to provide for a reduction in the state's operating costs by allowing the General Assembly to authorize certain state agencies to enter into multiyear rental agreements?,,,YES,4582,258,2012,2311,1
Coweta,GREENTOP,Constitutional Amendment #2<br>Shall the Constitution be amended so as to provide for a reduction in the state's operating costs by allowing the General Assembly to authorize certain state agencies to enter into multiyear rental agreements?,,,YES,982,89,517,376,0
Coweta,EXPO CENTER,Constitutional Amendment #2<br>Shall the Constitution be amended so as to provide for a reduction in the state's operating costs by allowing the General Assembly to authorize certain state agencies to enter into multiyear rental agreements?,,,YES,719,55,409,255,0
Coweta,WHITE OAK,Constitutional Amendment #2<br>Shall the Constitution be amended so as to provide for a reduction in the state's operating costs by allowing the General Assembly to authorize certain state agencies to enter into multiyear rental agreements?,,,YES,1770,85,974,710,1
Coweta,MADRAS,Constitutional Amendment #2<br>Shall the Constitution be amended so as to provide for a reduction in the state's operating costs by allowing the General Assembly to authorize certain state agencies to enter into multiyear rental agreements?,,,YES,1555,88,777,690,0
Coweta,CANNONGATE,Constitutional Amendment #2<br>Shall the Constitution be amended so as to provide for a reduction in the state's operating costs by allowing the General Assembly to authorize certain state agencies to enter into multiyear rental agreements?,,,YES,1553,86,885,580,2
Coweta,WESTSIDE,Constitutional Amendment #2<br>Shall the Constitution be amended so as to provide for a reduction in the state's operating costs by allowing the General Assembly to authorize certain state agencies to enter into multiyear rental agreements?,,,YES,329,16,211,102,0
Coweta,NORTHSIDE,Constitutional Amendment #2<br>Shall the Constitution be amended so as to provide for a reduction in the state's operating costs by allowing the General Assembly to authorize certain state agencies to enter into multiyear rental agreements?,,,YES,886,35,588,263,0
Coweta,THOMAS CROSSROADS,Constitutional Amendment #2<br>Shall the Constitution be amended so as to provide for a reduction in the state's operating costs by allowing the General Assembly to authorize certain state agencies to enter into multiyear rental agreements?,,,YES,2005,120,1142,743,0
Coweta,EBENEZER CHURCH ROAD,Constitutional Amendment #2<br>Shall the Constitution be amended so as to provide for a reduction in the state's operating costs by allowing the General Assembly to authorize certain state agencies to enter into multiyear rental agreements?,,,YES,647,28,393,226,0
Coweta,JEFFERSON PARKWAY,Constitutional Amendment #2<br>Shall the Constitution be amended so as to provide for a reduction in the state's operating costs by allowing the General Assembly to authorize certain state agencies to enter into multiyear rental agreements?,,,YES,2048,123,961,963,1
Coweta,,Constitutional Amendment #2<br>Shall the Constitution be amended so as to provide for a reduction in the state's operating costs by allowing the General Assembly to authorize certain state agencies to enter into multiyear rental agreements?,,,NO,16482,818,9921,5736,7
Coweta,SENOIA,Constitutional Amendment #2<br>Shall the Constitution be amended so as to provide for a reduction in the state's operating costs by allowing the General Assembly to authorize certain state agencies to enter into multiyear rental agreements?,,,NO,792,29,502,260,1
Coweta,MORELAND,Constitutional Amendment #2<br>Shall the Constitution be amended so as to provide for a reduction in the state's operating costs by allowing the General Assembly to authorize certain state agencies to enter into multiyear rental agreements?,,,NO,490,28,343,119,0
Coweta,PINE ROAD,Constitutional Amendment #2<br>Shall the Constitution be amended so as to provide for a reduction in the state's operating costs by allowing the General Assembly to authorize certain state agencies to enter into multiyear rental agreements?,,,NO,328,16,227,85,0
Coweta,DRESDEN,Constitutional Amendment #2<br>Shall the Constitution be amended so as to provide for a reduction in the state's operating costs by allowing the General Assembly to authorize certain state agencies to enter into multiyear rental agreements?,,,NO,169,8,139,22,0
Coweta,NEWNAN,Constitutional Amendment #2<br>Shall the Constitution be amended so as to provide for a reduction in the state's operating costs by allowing the General Assembly to authorize certain state agencies to enter into multiyear rental agreements?,,,NO,534,47,269,218,0
Coweta,SHARPSBURG,Constitutional Amendment #2<br>Shall the Constitution be amended so as to provide for a reduction in the state's operating costs by allowing the General Assembly to authorize certain state agencies to enter into multiyear rental agreements?,,,NO,796,49,493,254,0
Coweta,FISCHER ROAD,Constitutional Amendment #2<br>Shall the Constitution be amended so as to provide for a reduction in the state's operating costs by allowing the General Assembly to authorize certain state agencies to enter into multiyear rental agreements?,,,NO,677,35,390,252,0
Coweta,CEDAR CREEK,Constitutional Amendment #2<br>Shall the Constitution be amended so as to provide for a reduction in the state's operating costs by allowing the General Assembly to authorize certain state agencies to enter into multiyear rental agreements?,,,NO,920,49,499,371,1
Coweta,GRANTVILLE,Constitutional Amendment #2<br>Shall the Constitution be amended so as to provide for a reduction in the state's operating costs by allowing the General Assembly to authorize certain state agencies to enter into multiyear rental agreements?,,,NO,445,12,327,106,0
Coweta,HARALSON,Constitutional Amendment #2<br>Shall the Constitution be amended so as to provide for a reduction in the state's operating costs by allowing the General Assembly to authorize certain state agencies to enter into multiyear rental agreements?,,,NO,401,15,298,88,0
Coweta,WELCOME,Constitutional Amendment #2<br>Shall the Constitution be amended so as to provide for a reduction in the state's operating costs by allowing the General Assembly to authorize certain state agencies to enter into multiyear rental agreements?,,,NO,632,17,471,144,0
Coweta,PANTHER CREEK,Constitutional Amendment #2<br>Shall the Constitution be amended so as to provide for a reduction in the state's operating costs by allowing the General Assembly to authorize certain state agencies to enter into multiyear rental agreements?,,,NO,547,28,390,129,0
Coweta,RAYMOND,Constitutional Amendment #2<br>Shall the Constitution be amended so as to provide for a reduction in the state's operating costs by allowing the General Assembly to authorize certain state agencies to enter into multiyear rental agreements?,,,NO,415,22,263,130,0
Coweta,TURIN,Constitutional Amendment #2<br>Shall the Constitution be amended so as to provide for a reduction in the state's operating costs by allowing the General Assembly to authorize certain state agencies to enter into multiyear rental agreements?,,,NO,670,25,470,175,0
Coweta,SMOKEY ROAD,Constitutional Amendment #2<br>Shall the Constitution be amended so as to provide for a reduction in the state's operating costs by allowing the General Assembly to authorize certain state agencies to enter into multiyear rental agreements?,,,NO,460,23,281,156,0
Coweta,TURKEY CREEK,Constitutional Amendment #2<br>Shall the Constitution be amended so as to provide for a reduction in the state's operating costs by allowing the General Assembly to authorize certain state agencies to enter into multiyear rental agreements?,,,NO,157,8,92,57,0
Coweta,CENTRAL,Constitutional Amendment #2<br>Shall the Constitution be amended so as to provide for a reduction in the state's operating costs by allowing the General Assembly to authorize certain state agencies to enter into multiyear rental agreements?,,,NO,386,20,220,145,1
Coweta,ARTS CENTRE,Constitutional Amendment #2<br>Shall the Constitution be amended so as to provide for a reduction in the state's operating costs by allowing the General Assembly to authorize certain state agencies to enter into multiyear rental agreements?,,,NO,1748,77,800,871,0
Coweta,GREENTOP,Constitutional Amendment #2<br>Shall the Constitution be amended so as to provide for a reduction in the state's operating costs by allowing the General Assembly to authorize certain state agencies to enter into multiyear rental agreements?,,,NO,502,38,277,187,0
Coweta,EXPO CENTER,Constitutional Amendment #2<br>Shall the Constitution be amended so as to provide for a reduction in the state's operating costs by allowing the General Assembly to authorize certain state agencies to enter into multiyear rental agreements?,,,NO,352,21,228,103,0
Coweta,WHITE OAK,Constitutional Amendment #2<br>Shall the Constitution be amended so as to provide for a reduction in the state's operating costs by allowing the General Assembly to authorize certain state agencies to enter into multiyear rental agreements?,,,NO,871,41,492,338,0
Coweta,MADRAS,Constitutional Amendment #2<br>Shall the Constitution be amended so as to provide for a reduction in the state's operating costs by allowing the General Assembly to authorize certain state agencies to enter into multiyear rental agreements?,,,NO,686,51,370,263,2
Coweta,CANNONGATE,Constitutional Amendment #2<br>Shall the Constitution be amended so as to provide for a reduction in the state's operating costs by allowing the General Assembly to authorize certain state agencies to enter into multiyear rental agreements?,,,NO,704,38,403,263,0
Coweta,WESTSIDE,Constitutional Amendment #2<br>Shall the Constitution be amended so as to provide for a reduction in the state's operating costs by allowing the General Assembly to authorize certain state agencies to enter into multiyear rental agreements?,,,NO,161,7,109,45,0
Coweta,NORTHSIDE,Constitutional Amendment #2<br>Shall the Constitution be amended so as to provide for a reduction in the state's operating costs by allowing the General Assembly to authorize certain state agencies to enter into multiyear rental agreements?,,,NO,461,17,305,139,0
Coweta,THOMAS CROSSROADS,Constitutional Amendment #2<br>Shall the Constitution be amended so as to provide for a reduction in the state's operating costs by allowing the General Assembly to authorize certain state agencies to enter into multiyear rental agreements?,,,NO,928,37,567,323,1
Coweta,EBENEZER CHURCH ROAD,Constitutional Amendment #2<br>Shall the Constitution be amended so as to provide for a reduction in the state's operating costs by allowing the General Assembly to authorize certain state agencies to enter into multiyear rental agreements?,,,NO,318,14,192,112,0
Coweta,JEFFERSON PARKWAY,Constitutional Amendment #2<br>Shall the Constitution be amended so as to provide for a reduction in the state's operating costs by allowing the General Assembly to authorize certain state agencies to enter into multiyear rental agreements?,,,NO,932,46,504,381,1
