county,precinct,office,district,party,candidate,votes,absentee_by_mail,election_day,advance_in_person,provisional
Clarke,,President of the United States,,R,MITT ROMNEY,13815,1123,7367,5320,5
Clarke,1A Wville Train Depot,President of the United States,,R,MITT ROMNEY,664,55,398,211,0
Clarke,1B E. Athens Baptist,President of the United States,,R,MITT ROMNEY,825,60,479,284,2
Clarke,1C Barnett Shls School,President of the United States,,R,MITT ROMNEY,608,35,369,204,0
Clarke,1D Whit Davis School,President of the United States,,R,MITT ROMNEY,829,54,443,332,0
Clarke,2A Judia J. Harris Sch,President of the United States,,R,MITT ROMNEY,289,17,142,130,0
Clarke,2B Howard Stroud School,President of the United States,,R,MITT ROMNEY,196,16,117,63,0
Clarke,3A Clarke Central High,President of the United States,,R,MITT ROMNEY,101,5,61,35,0
Clarke,3B Thomas N. Lay Park,President of the United States,,R,MITT ROMNEY,620,52,349,219,0
Clarke,4A Athens Transit Ctr,President of the United States,,R,MITT ROMNEY,206,28,100,78,0
Clarke,4B Memorial Park,President of the United States,,R,MITT ROMNEY,723,63,418,242,0
Clarke,5A Oglethorpe School,President of the United States,,R,MITT ROMNEY,700,57,332,311,0
Clarke,5B Whitehead Rd School,President of the United States,,R,MITT ROMNEY,566,31,275,260,0
Clarke,5C Chase Street School,President of the United States,,R,MITT ROMNEY,181,12,109,60,0
Clarke,5D ACC Fleet Mgt Bldg,President of the United States,,R,MITT ROMNEY,350,21,174,155,0
Clarke,6A Cleveland Rd School,President of the United States,,R,MITT ROMNEY,849,53,500,296,0
Clarke,6B Board Of Education,President of the United States,,R,MITT ROMNEY,953,84,404,465,0
Clarke,6C Timothy Rd Elem Schl,President of the United States,,R,MITT ROMNEY,881,62,476,343,0
Clarke,6D Firestation #4,President of the United States,,R,MITT ROMNEY,350,17,222,111,0
Clarke,7A Timothy Bptst Church,President of the United States,,R,MITT ROMNEY,761,85,345,331,0
Clarke,7B Alps Elem. School,President of the United States,,R,MITT ROMNEY,721,117,322,281,1
Clarke,7C Firestation #3,President of the United States,,R,MITT ROMNEY,733,57,374,302,0
Clarke,8A Gaines School,President of the United States,,R,MITT ROMNEY,642,52,354,234,2
Clarke,8B Cedar Shls High Sch,President of the United States,,R,MITT ROMNEY,458,54,226,178,0
Clarke,8C Firestation #7,President of the United States,,R,MITT ROMNEY,609,36,378,195,0
Clarke,,President of the United States,,(D,BARACK OBAMA (I),25431,1313,12561,11531,26
Clarke,1A Wville Train Depot,President of the United States,,(D,BARACK OBAMA (I),897,38,474,383,2
Clarke,1B E. Athens Baptist,President of the United States,,(D,BARACK OBAMA (I),1273,57,635,579,2
Clarke,1C Barnett Shls School,President of the United States,,(D,BARACK OBAMA (I),797,49,413,334,1
Clarke,1D Whit Davis School,President of the United States,,(D,BARACK OBAMA (I),1100,58,525,517,0
Clarke,2A Judia J. Harris Sch,President of the United States,,(D,BARACK OBAMA (I),1593,55,734,802,2
Clarke,2B Howard Stroud School,President of the United States,,(D,BARACK OBAMA (I),1969,73,957,939,0
Clarke,3A Clarke Central High,President of the United States,,(D,BARACK OBAMA (I),1046,64,482,499,1
Clarke,3B Thomas N. Lay Park,President of the United States,,(D,BARACK OBAMA (I),1659,86,847,725,1
Clarke,4A Athens Transit Ctr,President of the United States,,(D,BARACK OBAMA (I),510,16,238,255,1
Clarke,4B Memorial Park,President of the United States,,(D,BARACK OBAMA (I),1320,89,662,568,1
Clarke,5A Oglethorpe School,President of the United States,,(D,BARACK OBAMA (I),1001,35,478,487,1
Clarke,5B Whitehead Rd School,President of the United States,,(D,BARACK OBAMA (I),1125,64,525,534,2
Clarke,5C Chase Street School,President of the United States,,(D,BARACK OBAMA (I),1014,37,572,405,0
Clarke,5D ACC Fleet Mgt Bldg,President of the United States,,(D,BARACK OBAMA (I),1071,47,537,484,3
Clarke,6A Cleveland Rd School,President of the United States,,(D,BARACK OBAMA (I),905,52,472,381,0
Clarke,6B Board Of Education,President of the United States,,(D,BARACK OBAMA (I),1307,66,583,656,2
Clarke,6C Timothy Rd Elem Schl,President of the United States,,(D,BARACK OBAMA (I),839,35,393,411,0
Clarke,6D Firestation #4,President of the United States,,(D,BARACK OBAMA (I),646,29,362,255,0
Clarke,7A Timothy Bptst Church,President of the United States,,(D,BARACK OBAMA (I),837,64,417,355,1
Clarke,7B Alps Elem. School,President of the United States,,(D,BARACK OBAMA (I),910,80,438,390,2
Clarke,7C Firestation #3,President of the United States,,(D,BARACK OBAMA (I),734,53,344,337,0
Clarke,8A Gaines School,President of the United States,,(D,BARACK OBAMA (I),1107,74,560,470,3
Clarke,8B Cedar Shls High Sch,President of the United States,,(D,BARACK OBAMA (I),744,35,375,334,0
Clarke,8C Firestation #7,President of the United States,,(D,BARACK OBAMA (I),1027,57,538,431,1
Clarke,,President of the United States,,L,GARY JOHNSON,950,56,694,199,1
Clarke,1A Wville Train Depot,President of the United States,,L,GARY JOHNSON,26,1,21,3,1
Clarke,1B E. Athens Baptist,President of the United States,,L,GARY JOHNSON,46,3,31,12,0
Clarke,1C Barnett Shls School,President of the United States,,L,GARY JOHNSON,33,1,24,8,0
Clarke,1D Whit Davis School,President of the United States,,L,GARY JOHNSON,43,2,34,7,0
Clarke,2A Judia J. Harris Sch,President of the United States,,L,GARY JOHNSON,22,3,12,7,0
Clarke,2B Howard Stroud School,President of the United States,,L,GARY JOHNSON,26,3,12,11,0
Clarke,3A Clarke Central High,President of the United States,,L,GARY JOHNSON,13,2,8,3,0
Clarke,3B Thomas N. Lay Park,President of the United States,,L,GARY JOHNSON,93,7,74,12,0
Clarke,4A Athens Transit Ctr,President of the United States,,L,GARY JOHNSON,35,1,27,7,0
Clarke,4B Memorial Park,President of the United States,,L,GARY JOHNSON,86,2,71,13,0
Clarke,5A Oglethorpe School,President of the United States,,L,GARY JOHNSON,47,1,38,8,0
Clarke,5B Whitehead Rd School,President of the United States,,L,GARY JOHNSON,36,2,24,10,0
Clarke,5C Chase Street School,President of the United States,,L,GARY JOHNSON,48,4,30,14,0
Clarke,5D ACC Fleet Mgt Bldg,President of the United States,,L,GARY JOHNSON,17,3,10,4,0
Clarke,6A Cleveland Rd School,President of the United States,,L,GARY JOHNSON,37,3,29,5,0
Clarke,6B Board Of Education,President of the United States,,L,GARY JOHNSON,34,4,24,6,0
Clarke,6C Timothy Rd Elem Schl,President of the United States,,L,GARY JOHNSON,43,2,29,12,0
Clarke,6D Firestation #4,President of the United States,,L,GARY JOHNSON,23,0,18,5,0
Clarke,7A Timothy Bptst Church,President of the United States,,L,GARY JOHNSON,29,0,23,6,0
Clarke,7B Alps Elem. School,President of the United States,,L,GARY JOHNSON,38,1,30,7,0
Clarke,7C Firestation #3,President of the United States,,L,GARY JOHNSON,35,4,26,5,0
Clarke,8A Gaines School,President of the United States,,L,GARY JOHNSON,45,0,33,12,0
Clarke,8B Cedar Shls High Sch,President of the United States,,L,GARY JOHNSON,33,4,20,9,0
Clarke,8C Firestation #7,President of the United States,,L,GARY JOHNSON,62,3,46,13,0
Clarke,,"Public Service Commission, District 3",3,(R,CHUCK EATON (I),12721,1041,6761,4914,5
Clarke,1A Wville Train Depot,"Public Service Commission, District 3",3,(R,CHUCK EATON (I),592,48,349,195,0
Clarke,1B E. Athens Baptist,"Public Service Commission, District 3",3,(R,CHUCK EATON (I),770,54,445,270,1
Clarke,1C Barnett Shls School,"Public Service Commission, District 3",3,(R,CHUCK EATON (I),558,34,343,181,0
Clarke,1D Whit Davis School,"Public Service Commission, District 3",3,(R,CHUCK EATON (I),736,53,402,281,0
Clarke,2A Judia J. Harris Sch,"Public Service Commission, District 3",3,(R,CHUCK EATON (I),290,16,147,127,0
Clarke,2B Howard Stroud School,"Public Service Commission, District 3",3,(R,CHUCK EATON (I),225,14,141,70,0
Clarke,3A Clarke Central High,"Public Service Commission, District 3",3,(R,CHUCK EATON (I),109,6,65,38,0
Clarke,3B Thomas N. Lay Park,"Public Service Commission, District 3",3,(R,CHUCK EATON (I),614,47,356,211,0
Clarke,4A Athens Transit Ctr,"Public Service Commission, District 3",3,(R,CHUCK EATON (I),188,23,93,72,0
Clarke,4B Memorial Park,"Public Service Commission, District 3",3,(R,CHUCK EATON (I),643,50,386,207,0
Clarke,5A Oglethorpe School,"Public Service Commission, District 3",3,(R,CHUCK EATON (I),629,52,293,284,0
Clarke,5B Whitehead Rd School,"Public Service Commission, District 3",3,(R,CHUCK EATON (I),525,30,249,246,0
Clarke,5C Chase Street School,"Public Service Commission, District 3",3,(R,CHUCK EATON (I),166,13,97,56,0
Clarke,5D ACC Fleet Mgt Bldg,"Public Service Commission, District 3",3,(R,CHUCK EATON (I),326,22,159,145,0
Clarke,6A Cleveland Rd School,"Public Service Commission, District 3",3,(R,CHUCK EATON (I),759,50,440,269,0
Clarke,6B Board Of Education,"Public Service Commission, District 3",3,(R,CHUCK EATON (I),862,77,361,423,1
Clarke,6C Timothy Rd Elem Schl,"Public Service Commission, District 3",3,(R,CHUCK EATON (I),815,58,428,329,0
Clarke,6D Firestation #4,"Public Service Commission, District 3",3,(R,CHUCK EATON (I),308,17,187,104,0
Clarke,7A Timothy Bptst Church,"Public Service Commission, District 3",3,(R,CHUCK EATON (I),672,81,297,294,0
Clarke,7B Alps Elem. School,"Public Service Commission, District 3",3,(R,CHUCK EATON (I),676,108,302,265,1
Clarke,7C Firestation #3,"Public Service Commission, District 3",3,(R,CHUCK EATON (I),676,56,343,277,0
Clarke,8A Gaines School,"Public Service Commission, District 3",3,(R,CHUCK EATON (I),583,45,318,218,2
Clarke,8B Cedar Shls High Sch,"Public Service Commission, District 3",3,(R,CHUCK EATON (I),437,51,213,173,0
Clarke,8C Firestation #7,"Public Service Commission, District 3",3,(R,CHUCK EATON (I),562,36,347,179,0
Clarke,,"Public Service Commission, District 3",3,D,STEPHEN OPPENHEIMER,21899,1126,10657,10094,22
Clarke,1A Wville Train Depot,"Public Service Commission, District 3",3,D,STEPHEN OPPENHEIMER,773,41,406,325,1
Clarke,1B E. Athens Baptist,"Public Service Commission, District 3",3,D,STEPHEN OPPENHEIMER,1084,48,537,496,3
Clarke,1C Barnett Shls School,"Public Service Commission, District 3",3,D,STEPHEN OPPENHEIMER,700,40,358,301,1
Clarke,1D Whit Davis School,"Public Service Commission, District 3",3,D,STEPHEN OPPENHEIMER,994,51,451,492,0
Clarke,2A Judia J. Harris Sch,"Public Service Commission, District 3",3,D,STEPHEN OPPENHEIMER,1359,52,633,672,2
Clarke,2B Howard Stroud School,"Public Service Commission, District 3",3,D,STEPHEN OPPENHEIMER,1601,64,769,768,0
Clarke,3A Clarke Central High,"Public Service Commission, District 3",3,D,STEPHEN OPPENHEIMER,835,55,373,406,1
Clarke,3B Thomas N. Lay Park,"Public Service Commission, District 3",3,D,STEPHEN OPPENHEIMER,1420,72,719,629,0
Clarke,4A Athens Transit Ctr,"Public Service Commission, District 3",3,D,STEPHEN OPPENHEIMER,429,17,198,213,1
Clarke,4B Memorial Park,"Public Service Commission, District 3",3,D,STEPHEN OPPENHEIMER,1136,74,553,508,1
Clarke,5A Oglethorpe School,"Public Service Commission, District 3",3,D,STEPHEN OPPENHEIMER,870,32,408,430,0
Clarke,5B Whitehead Rd School,"Public Service Commission, District 3",3,D,STEPHEN OPPENHEIMER,962,52,438,470,2
Clarke,5C Chase Street School,"Public Service Commission, District 3",3,D,STEPHEN OPPENHEIMER,914,32,498,384,0
Clarke,5D ACC Fleet Mgt Bldg,"Public Service Commission, District 3",3,D,STEPHEN OPPENHEIMER,941,46,462,430,3
Clarke,6A Cleveland Rd School,"Public Service Commission, District 3",3,D,STEPHEN OPPENHEIMER,788,42,410,336,0
Clarke,6B Board Of Education,"Public Service Commission, District 3",3,D,STEPHEN OPPENHEIMER,1138,49,496,592,1
Clarke,6C Timothy Rd Elem Schl,"Public Service Commission, District 3",3,D,STEPHEN OPPENHEIMER,725,28,341,356,0
Clarke,6D Firestation #4,"Public Service Commission, District 3",3,D,STEPHEN OPPENHEIMER,566,23,325,218,0
Clarke,7A Timothy Bptst Church,"Public Service Commission, District 3",3,D,STEPHEN OPPENHEIMER,741,56,361,323,1
Clarke,7B Alps Elem. School,"Public Service Commission, District 3",3,D,STEPHEN OPPENHEIMER,792,66,376,349,1
Clarke,7C Firestation #3,"Public Service Commission, District 3",3,D,STEPHEN OPPENHEIMER,617,38,284,295,0
Clarke,8A Gaines School,"Public Service Commission, District 3",3,D,STEPHEN OPPENHEIMER,1001,68,491,439,3
Clarke,8B Cedar Shls High Sch,"Public Service Commission, District 3",3,D,STEPHEN OPPENHEIMER,632,30,320,282,0
Clarke,8C Firestation #7,"Public Service Commission, District 3",3,D,STEPHEN OPPENHEIMER,881,50,450,380,1
Clarke,,"Public Service Commission, District 3",3,L,BRAD PLOEGER,2373,118,1533,720,2
Clarke,1A Wville Train Depot,"Public Service Commission, District 3",3,L,BRAD PLOEGER,81,2,60,18,1
Clarke,1B E. Athens Baptist,"Public Service Commission, District 3",3,L,BRAD PLOEGER,120,7,74,39,0
Clarke,1C Barnett Shls School,"Public Service Commission, District 3",3,L,BRAD PLOEGER,100,5,63,32,0
Clarke,1D Whit Davis School,"Public Service Commission, District 3",3,L,BRAD PLOEGER,118,2,79,37,0
Clarke,2A Judia J. Harris Sch,"Public Service Commission, District 3",3,L,BRAD PLOEGER,49,4,25,20,0
Clarke,2B Howard Stroud School,"Public Service Commission, District 3",3,L,BRAD PLOEGER,73,4,45,24,0
Clarke,3A Clarke Central High,"Public Service Commission, District 3",3,L,BRAD PLOEGER,57,1,35,21,0
Clarke,3B Thomas N. Lay Park,"Public Service Commission, District 3",3,L,BRAD PLOEGER,157,12,105,39,1
Clarke,4A Athens Transit Ctr,"Public Service Commission, District 3",3,L,BRAD PLOEGER,57,1,39,17,0
Clarke,4B Memorial Park,"Public Service Commission, District 3",3,L,BRAD PLOEGER,199,17,123,59,0
Clarke,5A Oglethorpe School,"Public Service Commission, District 3",3,L,BRAD PLOEGER,121,1,83,37,0
Clarke,5B Whitehead Rd School,"Public Service Commission, District 3",3,L,BRAD PLOEGER,103,6,65,32,0
Clarke,5C Chase Street School,"Public Service Commission, District 3",3,L,BRAD PLOEGER,110,4,72,34,0
Clarke,5D ACC Fleet Mgt Bldg,"Public Service Commission, District 3",3,L,BRAD PLOEGER,60,1,41,18,0
Clarke,6A Cleveland Rd School,"Public Service Commission, District 3",3,L,BRAD PLOEGER,100,5,67,28,0
Clarke,6B Board Of Education,"Public Service Commission, District 3",3,L,BRAD PLOEGER,113,11,65,37,0
Clarke,6C Timothy Rd Elem Schl,"Public Service Commission, District 3",3,L,BRAD PLOEGER,92,7,58,27,0
Clarke,6D Firestation #4,"Public Service Commission, District 3",3,L,BRAD PLOEGER,60,2,39,19,0
Clarke,7A Timothy Bptst Church,"Public Service Commission, District 3",3,L,BRAD PLOEGER,91,2,56,33,0
Clarke,7B Alps Elem. School,"Public Service Commission, District 3",3,L,BRAD PLOEGER,96,7,59,30,0
Clarke,7C Firestation #3,"Public Service Commission, District 3",3,L,BRAD PLOEGER,109,8,68,33,0
Clarke,8A Gaines School,"Public Service Commission, District 3",3,L,BRAD PLOEGER,100,4,67,29,0
Clarke,8B Cedar Shls High Sch,"Public Service Commission, District 3",3,L,BRAD PLOEGER,73,3,45,25,0
Clarke,8C Firestation #7,"Public Service Commission, District 3",3,L,BRAD PLOEGER,134,2,100,32,0
Clarke,,"Public Service Commission, District 5",5,(R,STAN WISE (I),15618,1190,8223,6195,10
Clarke,1A Wville Train Depot,"Public Service Commission, District 5",5,(R,STAN WISE (I),695,56,392,246,1
Clarke,1B E. Athens Baptist,"Public Service Commission, District 5",5,(R,STAN WISE (I),887,59,509,318,1
Clarke,1C Barnett Shls School,"Public Service Commission, District 5",5,(R,STAN WISE (I),653,36,391,226,0
Clarke,1D Whit Davis School,"Public Service Commission, District 5",5,(R,STAN WISE (I),873,54,466,353,0
Clarke,2A Judia J. Harris Sch,"Public Service Commission, District 5",5,(R,STAN WISE (I),444,19,226,198,1
Clarke,2B Howard Stroud School,"Public Service Commission, District 5",5,(R,STAN WISE (I),415,22,234,159,0
Clarke,3A Clarke Central High,"Public Service Commission, District 5",5,(R,STAN WISE (I),212,11,117,84,0
Clarke,3B Thomas N. Lay Park,"Public Service Commission, District 5",5,(R,STAN WISE (I),823,66,468,289,0
Clarke,4A Athens Transit Ctr,"Public Service Commission, District 5",5,(R,STAN WISE (I),240,26,125,89,0
Clarke,4B Memorial Park,"Public Service Commission, District 5",5,(R,STAN WISE (I),843,63,489,291,0
Clarke,5A Oglethorpe School,"Public Service Commission, District 5",5,(R,STAN WISE (I),714,57,332,325,0
Clarke,5B Whitehead Rd School,"Public Service Commission, District 5",5,(R,STAN WISE (I),637,38,311,288,0
Clarke,5C Chase Street School,"Public Service Commission, District 5",5,(R,STAN WISE (I),259,17,149,93,0
Clarke,5D ACC Fleet Mgt Bldg,"Public Service Commission, District 5",5,(R,STAN WISE (I),434,24,212,197,1
Clarke,6A Cleveland Rd School,"Public Service Commission, District 5",5,(R,STAN WISE (I),875,56,505,314,0
Clarke,6B Board Of Education,"Public Service Commission, District 5",5,(R,STAN WISE (I),1052,83,445,522,2
Clarke,6C Timothy Rd Elem Schl,"Public Service Commission, District 5",5,(R,STAN WISE (I),928,64,477,387,0
Clarke,6D Firestation #4,"Public Service Commission, District 5",5,(R,STAN WISE (I),388,22,229,137,0
Clarke,7A Timothy Bptst Church,"Public Service Commission, District 5",5,(R,STAN WISE (I),800,88,364,348,0
Clarke,7B Alps Elem. School,"Public Service Commission, District 5",5,(R,STAN WISE (I),773,118,345,309,1
Clarke,7C Firestation #3,"Public Service Commission, District 5",5,(R,STAN WISE (I),764,65,372,327,0
Clarke,8A Gaines School,"Public Service Commission, District 5",5,(R,STAN WISE (I),710,52,390,265,3
Clarke,8B Cedar Shls High Sch,"Public Service Commission, District 5",5,(R,STAN WISE (I),496,47,250,199,0
Clarke,8C Firestation #7,"Public Service Commission, District 5",5,(R,STAN WISE (I),703,47,425,231,0
Clarke,,"Public Service Commission, District 5",5,L,DAVID STAPLES,15089,710,8168,6198,13
Clarke,1A Wville Train Depot,"Public Service Commission, District 5",5,L,DAVID STAPLES,571,26,343,201,1
Clarke,1B E. Athens Baptist,"Public Service Commission, District 5",5,L,DAVID STAPLES,781,28,419,333,1
Clarke,1C Barnett Shls School,"Public Service Commission, District 5",5,L,DAVID STAPLES,519,34,299,185,1
Clarke,1D Whit Davis School,"Public Service Commission, District 5",5,L,DAVID STAPLES,687,32,347,308,0
Clarke,2A Judia J. Harris Sch,"Public Service Commission, District 5",5,L,DAVID STAPLES,839,42,417,380,0
Clarke,2B Howard Stroud School,"Public Service Commission, District 5",5,L,DAVID STAPLES,950,31,500,419,0
Clarke,3A Clarke Central High,"Public Service Commission, District 5",5,L,DAVID STAPLES,487,24,242,220,1
Clarke,3B Thomas N. Lay Park,"Public Service Commission, District 5",5,L,DAVID STAPLES,941,44,530,366,1
Clarke,4A Athens Transit Ctr,"Public Service Commission, District 5",5,L,DAVID STAPLES,305,10,159,136,0
Clarke,4B Memorial Park,"Public Service Commission, District 5",5,L,DAVID STAPLES,846,60,453,332,1
Clarke,5A Oglethorpe School,"Public Service Commission, District 5",5,L,DAVID STAPLES,665,22,358,285,0
Clarke,5B Whitehead Rd School,"Public Service Commission, District 5",5,L,DAVID STAPLES,678,37,341,298,2
Clarke,5C Chase Street School,"Public Service Commission, District 5",5,L,DAVID STAPLES,624,16,358,250,0
Clarke,5D ACC Fleet Mgt Bldg,"Public Service Commission, District 5",5,L,DAVID STAPLES,644,33,345,264,2
Clarke,6A Cleveland Rd School,"Public Service Commission, District 5",5,L,DAVID STAPLES,540,27,317,196,0
Clarke,6B Board Of Education,"Public Service Commission, District 5",5,L,DAVID STAPLES,747,35,359,353,0
Clarke,6C Timothy Rd Elem Schl,"Public Service Commission, District 5",5,L,DAVID STAPLES,507,18,268,221,0
Clarke,6D Firestation #4,"Public Service Commission, District 5",5,L,DAVID STAPLES,391,12,246,133,0
Clarke,7A Timothy Bptst Church,"Public Service Commission, District 5",5,L,DAVID STAPLES,524,27,290,206,1
Clarke,7B Alps Elem. School,"Public Service Commission, District 5",5,L,DAVID STAPLES,568,37,300,230,1
Clarke,7C Firestation #3,"Public Service Commission, District 5",5,L,DAVID STAPLES,435,24,237,174,0
Clarke,8A Gaines School,"Public Service Commission, District 5",5,L,DAVID STAPLES,710,48,380,281,1
Clarke,8B Cedar Shls High Sch,"Public Service Commission, District 5",5,L,DAVID STAPLES,466,24,267,175,0
Clarke,8C Firestation #7,"Public Service Commission, District 5",5,L,DAVID STAPLES,664,19,393,252,0
Clarke,,U.S. Representative,9,R,DOUG COLLINS,1305,89,718,497,1
Clarke,1A Wville Train Depot,U.S. Representative,9,R,DOUG COLLINS,637,50,387,199,1
Clarke,2A Judia J. Harris Sch,U.S. Representative,9,R,DOUG COLLINS,315,17,156,142,0
Clarke,5D ACC Fleet Mgt Bldg,U.S. Representative,9,R,DOUG COLLINS,353,22,175,156,0
Clarke,8C Firestation #7,U.S. Representative,9,R,DOUG COLLINS,0,0,0,0,0
Clarke,,U.S. Representative,9,D,JODY COOLEY,3296,146,1620,1525,5
Clarke,1A Wville Train Depot,U.S. Representative,9,D,JODY COOLEY,849,42,446,360,1
Clarke,2A Judia J. Harris Sch,U.S. Representative,9,D,JODY COOLEY,1437,56,669,711,1
Clarke,5D ACC Fleet Mgt Bldg,U.S. Representative,9,D,JODY COOLEY,1009,48,505,453,3
Clarke,8C Firestation #7,U.S. Representative,9,D,JODY COOLEY,1,0,0,1,0
Clarke,,U.S. Representative,10,(R,PAUL BROUN (I),16996,1211,9407,6364,14
Clarke,1B E. Athens Baptist,U.S. Representative,10,(R,PAUL BROUN (I),1108,64,632,410,2
Clarke,1C Barnett Shls School,U.S. Representative,10,(R,PAUL BROUN (I),694,42,432,219,1
Clarke,1D Whit Davis School,U.S. Representative,10,(R,PAUL BROUN (I),954,58,527,369,0
Clarke,2B Howard Stroud School,U.S. Representative,10,(R,PAUL BROUN (I),839,37,493,309,0
Clarke,3A Clarke Central High,U.S. Representative,10,(R,PAUL BROUN (I),429,23,233,172,1
Clarke,3B Thomas N. Lay Park,U.S. Representative,10,(R,PAUL BROUN (I),1130,83,652,394,1
Clarke,4A Athens Transit Ctr,U.S. Representative,10,(R,PAUL BROUN (I),352,26,186,139,1
Clarke,4B Memorial Park,U.S. Representative,10,(R,PAUL BROUN (I),1034,82,607,345,0
Clarke,5A Oglethorpe School,U.S. Representative,10,(R,PAUL BROUN (I),804,56,410,338,0
Clarke,5B Whitehead Rd School,U.S. Representative,10,(R,PAUL BROUN (I),831,49,431,350,1
Clarke,5C Chase Street School,U.S. Representative,10,(R,PAUL BROUN (I),270,16,157,97,0
Clarke,6A Cleveland Rd School,U.S. Representative,10,(R,PAUL BROUN (I),1077,66,650,361,0
Clarke,6B Board Of Education,U.S. Representative,10,(R,PAUL BROUN (I),1179,78,546,553,2
Clarke,6C Timothy Rd Elem Schl,U.S. Representative,10,(R,PAUL BROUN (I),1019,71,563,385,0
Clarke,6D Firestation #4,U.S. Representative,10,(R,PAUL BROUN (I),467,21,287,159,0
Clarke,7A Timothy Bptst Church,U.S. Representative,10,(R,PAUL BROUN (I),917,79,467,370,1
Clarke,7B Alps Elem. School,U.S. Representative,10,(R,PAUL BROUN (I),811,127,382,301,1
Clarke,7C Firestation #3,U.S. Representative,10,(R,PAUL BROUN (I),737,62,389,286,0
Clarke,8A Gaines School,U.S. Representative,10,(R,PAUL BROUN (I),860,61,491,305,3
Clarke,8B Cedar Shls High Sch,U.S. Representative,10,(R,PAUL BROUN (I),587,61,312,214,0
Clarke,8C Firestation #7,U.S. Representative,10,(R,PAUL BROUN (I),897,49,560,288,0
Clarke,,State Senator,46,(R,BILL COWSERT (I),13545,944,7188,5407,6
Clarke,2B Howard Stroud School,State Senator,46,(R,BILL COWSERT (I),850,40,499,311,0
Clarke,3A Clarke Central High,State Senator,46,(R,BILL COWSERT (I),428,23,233,171,1
Clarke,3B Thomas N. Lay Park,State Senator,46,(R,BILL COWSERT (I),1269,85,727,456,1
Clarke,4B Memorial Park,State Senator,46,(R,BILL COWSERT (I),1293,97,735,461,0
Clarke,5A Oglethorpe School,State Senator,46,(R,BILL COWSERT (I),997,64,500,433,0
Clarke,5B Whitehead Rd School,State Senator,46,(R,BILL COWSERT (I),912,54,459,398,1
Clarke,5C Chase Street School,State Senator,46,(R,BILL COWSERT (I),424,17,246,161,0
Clarke,6A Cleveland Rd School,State Senator,46,(R,BILL COWSERT (I),1159,66,693,400,0
Clarke,6B Board Of Education,State Senator,46,(R,BILL COWSERT (I),1388,95,627,665,1
Clarke,6C Timothy Rd Elem Schl,State Senator,46,(R,BILL COWSERT (I),1154,74,612,468,0
Clarke,6D Firestation #4,State Senator,46,(R,BILL COWSERT (I),545,23,331,191,0
Clarke,7A Timothy Bptst Church,State Senator,46,(R,BILL COWSERT (I),1080,95,533,452,0
Clarke,7B Alps Elem. School,State Senator,46,(R,BILL COWSERT (I),1050,135,491,422,2
Clarke,7C Firestation #3,State Senator,46,(R,BILL COWSERT (I),996,76,502,418,0
Clarke,,State Senator,47,(R,FRANK GINN (I),5465,393,3090,1976,6
Clarke,1A Wville Train Depot,State Senator,47,(R,FRANK GINN (I),653,51,396,205,1
Clarke,1B E. Athens Baptist,State Senator,47,(R,FRANK GINN (I),816,57,474,283,2
Clarke,1C Barnett Shls School,State Senator,47,(R,FRANK GINN (I),598,33,363,202,0
Clarke,1D Whit Davis School,State Senator,47,(R,FRANK GINN (I),796,50,429,317,0
Clarke,2A Judia J. Harris Sch,State Senator,47,(R,FRANK GINN (I),324,18,173,133,0
Clarke,4A Athens Transit Ctr,State Senator,47,(R,FRANK GINN (I),211,25,111,75,0
Clarke,5D ACC Fleet Mgt Bldg,State Senator,47,(R,FRANK GINN (I),346,23,167,155,1
Clarke,8A Gaines School,State Senator,47,(R,FRANK GINN (I),629,49,347,231,2
Clarke,8B Cedar Shls High Sch,State Senator,47,(R,FRANK GINN (I),453,49,228,176,0
Clarke,8C Firestation #7,State Senator,47,(R,FRANK GINN (I),639,38,402,199,0
Clarke,,State Senator,47,D,TIM RILEY,9470,461,4729,4269,11
Clarke,1A Wville Train Depot,State Senator,47,D,TIM RILEY,832,42,437,352,1
Clarke,1B E. Athens Baptist,State Senator,47,D,TIM RILEY,1187,51,598,536,2
Clarke,1C Barnett Shls School,State Senator,47,D,TIM RILEY,766,46,397,322,1
Clarke,1D Whit Davis School,State Senator,47,D,TIM RILEY,1065,55,513,497,0
Clarke,2A Judia J. Harris Sch,State Senator,47,D,TIM RILEY,1412,54,651,705,2
Clarke,4A Athens Transit Ctr,State Senator,47,D,TIM RILEY,466,16,214,236,0
Clarke,5D ACC Fleet Mgt Bldg,State Senator,47,D,TIM RILEY,1005,45,507,451,2
Clarke,8A Gaines School,State Senator,47,D,TIM RILEY,1085,69,556,458,2
Clarke,8B Cedar Shls High Sch,State Senator,47,D,TIM RILEY,696,34,353,309,0
Clarke,8C Firestation #7,State Senator,47,D,TIM RILEY,956,49,503,403,1
Clarke,,State Representative,117,R,REGINA QUICK,7589,546,3870,3169,4
Clarke,3A Clarke Central High,State Representative,117,R,REGINA QUICK,452,25,238,188,1
Clarke,4B Memorial Park,State Representative,117,R,REGINA QUICK,728,43,398,287,0
Clarke,6A Cleveland Rd School,State Representative,117,R,REGINA QUICK,1171,62,690,419,0
Clarke,6B Board Of Education,State Representative,117,R,REGINA QUICK,1417,97,638,681,1
Clarke,6C Timothy Rd Elem Schl,State Representative,117,R,REGINA QUICK,1206,74,626,506,0
Clarke,6D Firestation #4,State Representative,117,R,REGINA QUICK,577,27,345,205,0
Clarke,7A Timothy Bptst Church,State Representative,117,R,REGINA QUICK,915,83,417,415,0
Clarke,7B Alps Elem. School,State Representative,117,R,REGINA QUICK,1123,135,518,468,2
Clarke,,State Representative,118,R,C. KESSLER,5090,338,2849,1896,7
Clarke,1A Wville Train Depot,State Representative,118,R,C. KESSLER,631,48,369,213,1
Clarke,1B E. Athens Baptist,State Representative,118,R,C. KESSLER,808,54,479,273,2
Clarke,2A Judia J. Harris Sch,State Representative,118,R,C. KESSLER,352,19,181,152,0
Clarke,2B Howard Stroud School,State Representative,118,R,C. KESSLER,310,16,186,108,0
Clarke,3B Thomas N. Lay Park,State Representative,118,R,C. KESSLER,656,46,399,210,1
Clarke,5A Oglethorpe School,State Representative,118,R,C. KESSLER,641,46,321,274,0
Clarke,5B Whitehead Rd School,State Representative,118,R,C. KESSLER,553,31,282,239,1
Clarke,5C Chase Street School,State Representative,118,R,C. KESSLER,174,14,109,51,0
Clarke,5D ACC Fleet Mgt Bldg,State Representative,118,R,C. KESSLER,377,21,195,160,1
Clarke,8A Gaines School,State Representative,118,R,C. KESSLER,588,43,328,216,1
Clarke,,State Representative,118,D,S. FRYE,12117,566,6031,5511,9
Clarke,1A Wville Train Depot,State Representative,118,D,S. FRYE,876,42,479,353,2
Clarke,1B E. Athens Baptist,State Representative,118,D,S. FRYE,1233,54,617,560,2
Clarke,2A Judia J. Harris Sch,State Representative,118,D,S. FRYE,1439,54,660,724,1
Clarke,2B Howard Stroud School,State Representative,118,D,S. FRYE,1699,66,828,805,0
Clarke,3B Thomas N. Lay Park,State Representative,118,D,S. FRYE,1557,83,798,676,0
Clarke,5A Oglethorpe School,State Representative,118,D,S. FRYE,1034,42,494,498,0
Clarke,5B Whitehead Rd School,State Representative,118,D,S. FRYE,1096,60,502,534,0
Clarke,5C Chase Street School,State Representative,118,D,S. FRYE,1044,37,586,421,0
Clarke,5D ACC Fleet Mgt Bldg,State Representative,118,D,S. FRYE,996,49,489,456,2
Clarke,8A Gaines School,State Representative,118,D,S. FRYE,1143,79,578,484,2
Clarke,,State Representative,119,(R,CHUCK WILLIAMS (I),5736,375,3250,2110,1
Clarke,1C Barnett Shls School,State Representative,119,(R,CHUCK WILLIAMS (I),833,48,501,283,1
Clarke,1D Whit Davis School,State Representative,119,(R,CHUCK WILLIAMS (I),1141,63,620,458,0
Clarke,4A Athens Transit Ctr,State Representative,119,(R,CHUCK WILLIAMS (I),375,25,204,146,0
Clarke,4B Memorial Park,State Representative,119,(R,CHUCK WILLIAMS (I),603,52,354,197,0
Clarke,7A Timothy Bptst Church,State Representative,119,(R,CHUCK WILLIAMS (I),163,7,104,52,0
Clarke,7C Firestation #3,State Representative,119,(R,CHUCK WILLIAMS (I),932,68,474,390,0
Clarke,8B Cedar Shls High Sch,State Representative,119,(R,CHUCK WILLIAMS (I),680,56,371,253,0
Clarke,8C Firestation #7,State Representative,119,(R,CHUCK WILLIAMS (I),1009,56,622,331,0
Clarke,,District Attorney, Western Circuit,(D,KEN MAULDIN (I),31491,1804,16034,13628,25
Clarke,1A Wville Train Depot,District Attorney, Western Circuit,(D,KEN MAULDIN (I),1246,71,694,478,3
Clarke,1B E. Athens Baptist,District Attorney, Western Circuit,(D,KEN MAULDIN (I),1674,81,886,704,3
Clarke,1C Barnett Shls School,District Attorney, Western Circuit,(D,KEN MAULDIN (I),1087,59,612,415,1
Clarke,1D Whit Davis School,District Attorney, Western Circuit,(D,KEN MAULDIN (I),1535,87,764,684,0
Clarke,2A Judia J. Harris Sch,District Attorney, Western Circuit,(D,KEN MAULDIN (I),1584,60,748,774,2
Clarke,2B Howard Stroud School,District Attorney, Western Circuit,(D,KEN MAULDIN (I),1766,73,896,797,0
Clarke,3A Clarke Central High,District Attorney, Western Circuit,(D,KEN MAULDIN (I),958,63,451,443,1
Clarke,3B Thomas N. Lay Park,District Attorney, Western Circuit,(D,KEN MAULDIN (I),1883,110,1013,759,1
Clarke,4A Athens Transit Ctr,District Attorney, Western Circuit,(D,KEN MAULDIN (I),566,29,267,269,1
Clarke,4B Memorial Park,District Attorney, Western Circuit,(D,KEN MAULDIN (I),1643,107,866,669,1
Clarke,5A Oglethorpe School,District Attorney, Western Circuit,(D,KEN MAULDIN (I),1352,71,653,628,0
Clarke,5B Whitehead Rd School,District Attorney, Western Circuit,(D,KEN MAULDIN (I),1356,75,642,638,1
Clarke,5C Chase Street School,District Attorney, Western Circuit,(D,KEN MAULDIN (I),1020,39,577,404,0
Clarke,5D ACC Fleet Mgt Bldg,District Attorney, Western Circuit,(D,KEN MAULDIN (I),1221,62,604,552,3
Clarke,6A Cleveland Rd School,District Attorney, Western Circuit,(D,KEN MAULDIN (I),1319,74,719,526,0
Clarke,6B Board Of Education,District Attorney, Western Circuit,(D,KEN MAULDIN (I),1789,106,777,904,2
Clarke,6C Timothy Rd Elem Schl,District Attorney, Western Circuit,(D,KEN MAULDIN (I),1296,73,642,581,0
Clarke,6D Firestation #4,District Attorney, Western Circuit,(D,KEN MAULDIN (I),800,36,463,301,0
Clarke,7A Timothy Bptst Church,District Attorney, Western Circuit,(D,KEN MAULDIN (I),1257,102,602,552,1
Clarke,7B Alps Elem. School,District Attorney, Western Circuit,(D,KEN MAULDIN (I),1276,131,612,531,2
Clarke,7C Firestation #3,District Attorney, Western Circuit,(D,KEN MAULDIN (I),1147,73,571,503,0
Clarke,8A Gaines School,District Attorney, Western Circuit,(D,KEN MAULDIN (I),1436,98,750,586,2
Clarke,8B Cedar Shls High Sch,District Attorney, Western Circuit,(D,KEN MAULDIN (I),958,54,493,411,0
Clarke,8C Firestation #7,District Attorney, Western Circuit,(D,KEN MAULDIN (I),1322,70,732,519,1
Clarke,,Probate Judge,,(D,SUSAN P. TATE (I),31751,1807,16201,13716,27
Clarke,1A Wville Train Depot,Probate Judge,,(D,SUSAN P. TATE (I),1261,70,708,480,3
Clarke,1B E. Athens Baptist,Probate Judge,,(D,SUSAN P. TATE (I),1677,83,886,705,3
Clarke,1C Barnett Shls School,Probate Judge,,(D,SUSAN P. TATE (I),1122,59,636,426,1
Clarke,1D Whit Davis School,Probate Judge,,(D,SUSAN P. TATE (I),1535,89,767,679,0
Clarke,2A Judia J. Harris Sch,Probate Judge,,(D,SUSAN P. TATE (I),1594,59,761,772,2
Clarke,2B Howard Stroud School,Probate Judge,,(D,SUSAN P. TATE (I),1816,72,916,828,0
Clarke,3A Clarke Central High,Probate Judge,,(D,SUSAN P. TATE (I),965,62,458,444,1
Clarke,3B Thomas N. Lay Park,Probate Judge,,(D,SUSAN P. TATE (I),1915,111,1029,774,1
Clarke,4A Athens Transit Ctr,Probate Judge,,(D,SUSAN P. TATE (I),577,29,275,272,1
Clarke,4B Memorial Park,Probate Judge,,(D,SUSAN P. TATE (I),1655,107,876,671,1
Clarke,5A Oglethorpe School,Probate Judge,,(D,SUSAN P. TATE (I),1345,70,647,628,0
Clarke,5B Whitehead Rd School,Probate Judge,,(D,SUSAN P. TATE (I),1367,71,647,648,1
Clarke,5C Chase Street School,Probate Judge,,(D,SUSAN P. TATE (I),1048,36,593,419,0
Clarke,5D ACC Fleet Mgt Bldg,Probate Judge,,(D,SUSAN P. TATE (I),1218,64,613,538,3
Clarke,6A Cleveland Rd School,Probate Judge,,(D,SUSAN P. TATE (I),1314,74,716,524,0
Clarke,6B Board Of Education,Probate Judge,,(D,SUSAN P. TATE (I),1770,108,772,888,2
Clarke,6C Timothy Rd Elem Schl,Probate Judge,,(D,SUSAN P. TATE (I),1294,76,644,574,0
Clarke,6D Firestation #4,Probate Judge,,(D,SUSAN P. TATE (I),803,34,469,300,0
Clarke,7A Timothy Bptst Church,Probate Judge,,(D,SUSAN P. TATE (I),1254,101,603,549,1
Clarke,7B Alps Elem. School,Probate Judge,,(D,SUSAN P. TATE (I),1304,132,617,552,3
Clarke,7C Firestation #3,Probate Judge,,(D,SUSAN P. TATE (I),1185,73,583,529,0
Clarke,8A Gaines School,Probate Judge,,(D,SUSAN P. TATE (I),1434,99,753,579,3
Clarke,8B Cedar Shls High Sch,Probate Judge,,(D,SUSAN P. TATE (I),969,57,500,412,0
Clarke,8C Firestation #7,Probate Judge,,(D,SUSAN P. TATE (I),1329,71,732,525,1
Clarke,,Superior Court Clerk,,(D,BEVERLY LOGAN (I),32329,1840,16375,14089,25
Clarke,1A Wville Train Depot,Superior Court Clerk,,(D,BEVERLY LOGAN (I),1288,72,722,491,3
Clarke,1B E. Athens Baptist,Superior Court Clerk,,(D,BEVERLY LOGAN (I),1702,82,893,724,3
Clarke,1C Barnett Shls School,Superior Court Clerk,,(D,BEVERLY LOGAN (I),1128,60,641,427,0
Clarke,1D Whit Davis School,Superior Court Clerk,,(D,BEVERLY LOGAN (I),1559,91,771,697,0
Clarke,2A Judia J. Harris Sch,Superior Court Clerk,,(D,BEVERLY LOGAN (I),1642,62,774,804,2
Clarke,2B Howard Stroud School,Superior Court Clerk,,(D,BEVERLY LOGAN (I),1852,72,913,867,0
Clarke,3A Clarke Central High,Superior Court Clerk,,(D,BEVERLY LOGAN (I),998,61,472,464,1
Clarke,3B Thomas N. Lay Park,Superior Court Clerk,,(D,BEVERLY LOGAN (I),1905,110,1016,778,1
Clarke,4A Athens Transit Ctr,Superior Court Clerk,,(D,BEVERLY LOGAN (I),581,28,275,277,1
Clarke,4B Memorial Park,Superior Court Clerk,,(D,BEVERLY LOGAN (I),1647,109,871,666,1
Clarke,5A Oglethorpe School,Superior Court Clerk,,(D,BEVERLY LOGAN (I),1398,73,671,654,0
Clarke,5B Whitehead Rd School,Superior Court Clerk,,(D,BEVERLY LOGAN (I),1426,75,677,672,2
Clarke,5C Chase Street School,Superior Court Clerk,,(D,BEVERLY LOGAN (I),1037,36,591,410,0
Clarke,5D ACC Fleet Mgt Bldg,Superior Court Clerk,,(D,BEVERLY LOGAN (I),1256,67,631,555,3
Clarke,6A Cleveland Rd School,Superior Court Clerk,,(D,BEVERLY LOGAN (I),1350,77,724,549,0
Clarke,6B Board Of Education,Superior Court Clerk,,(D,BEVERLY LOGAN (I),1826,110,783,931,2
Clarke,6C Timothy Rd Elem Schl,Superior Court Clerk,,(D,BEVERLY LOGAN (I),1344,76,665,603,0
Clarke,6D Firestation #4,Superior Court Clerk,,(D,BEVERLY LOGAN (I),825,36,478,311,0
Clarke,7A Timothy Bptst Church,Superior Court Clerk,,(D,BEVERLY LOGAN (I),1282,104,610,567,1
Clarke,7B Alps Elem. School,Superior Court Clerk,,(D,BEVERLY LOGAN (I),1315,136,622,555,2
Clarke,7C Firestation #3,Superior Court Clerk,,(D,BEVERLY LOGAN (I),1187,72,577,538,0
Clarke,8A Gaines School,Superior Court Clerk,,(D,BEVERLY LOGAN (I),1460,103,761,594,2
Clarke,8B Cedar Shls High Sch,Superior Court Clerk,,(D,BEVERLY LOGAN (I),984,58,508,418,0
Clarke,8C Firestation #7,Superior Court Clerk,,(D,BEVERLY LOGAN (I),1337,70,729,537,1
Clarke,,Sheriff,,D,I. EDWARDS JR. (I),31622,1758,16129,13708,27
Clarke,1A Wville Train Depot,Sheriff,,D,I. EDWARDS JR. (I),1246,70,698,475,3
Clarke,1B E. Athens Baptist,Sheriff,,D,I. EDWARDS JR. (I),1668,85,877,703,3
Clarke,1C Barnett Shls School,Sheriff,,D,I. EDWARDS JR. (I),1086,55,623,407,1
Clarke,1D Whit Davis School,Sheriff,,D,I. EDWARDS JR. (I),1509,82,754,673,0
Clarke,2A Judia J. Harris Sch,Sheriff,,D,I. EDWARDS JR. (I),1608,55,771,780,2
Clarke,2B Howard Stroud School,Sheriff,,D,I. EDWARDS JR. (I),1887,74,948,865,0
Clarke,3A Clarke Central High,Sheriff,,D,I. EDWARDS JR. (I),1007,63,470,473,1
Clarke,3B Thomas N. Lay Park,Sheriff,,D,I. EDWARDS JR. (I),1901,108,1017,775,1
Clarke,4A Athens Transit Ctr,Sheriff,,D,I. EDWARDS JR. (I),583,29,272,281,1
Clarke,4B Memorial Park,Sheriff,,D,I. EDWARDS JR. (I),1626,103,871,651,1
Clarke,5A Oglethorpe School,Sheriff,,D,I. EDWARDS JR. (I),1332,71,642,619,0
Clarke,5B Whitehead Rd School,Sheriff,,D,I. EDWARDS JR. (I),1379,69,655,653,2
Clarke,5C Chase Street School,Sheriff,,D,I. EDWARDS JR. (I),1005,36,567,402,0
Clarke,5D ACC Fleet Mgt Bldg,Sheriff,,D,I. EDWARDS JR. (I),1241,63,617,558,3
Clarke,6A Cleveland Rd School,Sheriff,,D,I. EDWARDS JR. (I),1329,73,720,536,0
Clarke,6B Board Of Education,Sheriff,,D,I. EDWARDS JR. (I),1770,98,777,893,2
Clarke,6C Timothy Rd Elem Schl,Sheriff,,D,I. EDWARDS JR. (I),1301,70,649,582,0
Clarke,6D Firestation #4,Sheriff,,D,I. EDWARDS JR. (I),800,34,461,305,0
Clarke,7A Timothy Bptst Church,Sheriff,,D,I. EDWARDS JR. (I),1244,99,602,542,1
Clarke,7B Alps Elem. School,Sheriff,,D,I. EDWARDS JR. (I),1262,125,604,531,2
Clarke,7C Firestation #3,Sheriff,,D,I. EDWARDS JR. (I),1140,75,563,502,0
Clarke,8A Gaines School,Sheriff,,D,I. EDWARDS JR. (I),1435,98,756,578,3
Clarke,8B Cedar Shls High Sch,Sheriff,,D,I. EDWARDS JR. (I),950,53,496,401,0
Clarke,8C Firestation #7,Sheriff,,D,I. EDWARDS JR. (I),1313,70,719,523,1
Clarke,,Tax Commissioner,,(D,MITCH SCHRADER (I),31528,1801,16003,13698,26
Clarke,1A Wville Train Depot,Tax Commissioner,,(D,MITCH SCHRADER (I),1246,74,703,466,3
Clarke,1B E. Athens Baptist,Tax Commissioner,,(D,MITCH SCHRADER (I),1681,84,876,718,3
Clarke,1C Barnett Shls School,Tax Commissioner,,(D,MITCH SCHRADER (I),1123,61,635,426,1
Clarke,1D Whit Davis School,Tax Commissioner,,(D,MITCH SCHRADER (I),1525,85,757,683,0
Clarke,2A Judia J. Harris Sch,Tax Commissioner,,(D,MITCH SCHRADER (I),1575,60,754,759,2
Clarke,2B Howard Stroud School,Tax Commissioner,,(D,MITCH SCHRADER (I),1785,70,895,820,0
Clarke,3A Clarke Central High,Tax Commissioner,,(D,MITCH SCHRADER (I),976,62,461,452,1
Clarke,3B Thomas N. Lay Park,Tax Commissioner,,(D,MITCH SCHRADER (I),1873,110,1003,759,1
Clarke,4A Athens Transit Ctr,Tax Commissioner,,(D,MITCH SCHRADER (I),579,29,273,276,1
Clarke,4B Memorial Park,Tax Commissioner,,(D,MITCH SCHRADER (I),1616,103,856,656,1
Clarke,5A Oglethorpe School,Tax Commissioner,,(D,MITCH SCHRADER (I),1348,69,637,642,0
Clarke,5B Whitehead Rd School,Tax Commissioner,,(D,MITCH SCHRADER (I),1380,69,651,659,1
Clarke,5C Chase Street School,Tax Commissioner,,(D,MITCH SCHRADER (I),1017,36,577,404,0
Clarke,5D ACC Fleet Mgt Bldg,Tax Commissioner,,(D,MITCH SCHRADER (I),1202,62,600,537,3
Clarke,6A Cleveland Rd School,Tax Commissioner,,(D,MITCH SCHRADER (I),1294,75,699,520,0
Clarke,6B Board Of Education,Tax Commissioner,,(D,MITCH SCHRADER (I),1768,104,774,888,2
Clarke,6C Timothy Rd Elem Schl,Tax Commissioner,,(D,MITCH SCHRADER (I),1311,75,652,584,0
Clarke,6D Firestation #4,Tax Commissioner,,(D,MITCH SCHRADER (I),810,36,467,307,0
Clarke,7A Timothy Bptst Church,Tax Commissioner,,(D,MITCH SCHRADER (I),1254,104,604,545,1
Clarke,7B Alps Elem. School,Tax Commissioner,,(D,MITCH SCHRADER (I),1272,126,609,534,3
Clarke,7C Firestation #3,Tax Commissioner,,(D,MITCH SCHRADER (I),1158,73,562,523,0
Clarke,8A Gaines School,Tax Commissioner,,(D,MITCH SCHRADER (I),1449,107,747,593,2
Clarke,8B Cedar Shls High Sch,Tax Commissioner,,(D,MITCH SCHRADER (I),965,56,493,416,0
Clarke,8C Firestation #7,Tax Commissioner,,(D,MITCH SCHRADER (I),1321,71,718,531,1
Clarke,,Coroner,,(D,SONNY WILSON (I),31600,1796,16126,13655,23
Clarke,1A Wville Train Depot,Coroner,,(D,SONNY WILSON (I),1248,75,702,468,3
Clarke,1B E. Athens Baptist,Coroner,,(D,SONNY WILSON (I),1660,81,875,701,3
Clarke,1C Barnett Shls School,Coroner,,(D,SONNY WILSON (I),1127,64,634,429,0
Clarke,1D Whit Davis School,Coroner,,(D,SONNY WILSON (I),1507,83,756,668,0
Clarke,2A Judia J. Harris Sch,Coroner,,(D,SONNY WILSON (I),1568,59,747,761,1
Clarke,2B Howard Stroud School,Coroner,,(D,SONNY WILSON (I),1784,70,899,815,0
Clarke,3A Clarke Central High,Coroner,,(D,SONNY WILSON (I),970,62,461,446,1
Clarke,3B Thomas N. Lay Park,Coroner,,(D,SONNY WILSON (I),1881,107,1008,765,1
Clarke,4A Athens Transit Ctr,Coroner,,(D,SONNY WILSON (I),577,30,276,270,1
Clarke,4B Memorial Park,Coroner,,(D,SONNY WILSON (I),1622,101,870,650,1
Clarke,5A Oglethorpe School,Coroner,,(D,SONNY WILSON (I),1349,68,643,638,0
Clarke,5B Whitehead Rd School,Coroner,,(D,SONNY WILSON (I),1383,69,646,667,1
Clarke,5C Chase Street School,Coroner,,(D,SONNY WILSON (I),1011,36,576,399,0
Clarke,5D ACC Fleet Mgt Bldg,Coroner,,(D,SONNY WILSON (I),1232,65,616,549,2
Clarke,6A Cleveland Rd School,Coroner,,(D,SONNY WILSON (I),1331,77,724,530,0
Clarke,6B Board Of Education,Coroner,,(D,SONNY WILSON (I),1780,105,781,892,2
Clarke,6C Timothy Rd Elem Schl,Coroner,,(D,SONNY WILSON (I),1323,73,662,588,0
Clarke,6D Firestation #4,Coroner,,(D,SONNY WILSON (I),807,34,470,303,0
Clarke,7A Timothy Bptst Church,Coroner,,(D,SONNY WILSON (I),1268,105,612,550,1
Clarke,7B Alps Elem. School,Coroner,,(D,SONNY WILSON (I),1284,133,615,533,3
Clarke,7C Firestation #3,Coroner,,(D,SONNY WILSON (I),1172,74,580,518,0
Clarke,8A Gaines School,Coroner,,(D,SONNY WILSON (I),1432,101,749,580,2
Clarke,8B Cedar Shls High Sch,Coroner,,(D,SONNY WILSON (I),958,53,501,404,0
Clarke,8C Firestation #7,Coroner,,(D,SONNY WILSON (I),1326,71,723,531,1
Clarke,,Chief Magistrate,,D,PATRICIA BARRON (I),31063,1739,15837,13462,25
Clarke,1A Wville Train Depot,Chief Magistrate,,D,PATRICIA BARRON (I),1230,70,688,469,3
Clarke,1B E. Athens Baptist,Chief Magistrate,,D,PATRICIA BARRON (I),1654,83,866,702,3
Clarke,1C Barnett Shls School,Chief Magistrate,,D,PATRICIA BARRON (I),1097,61,622,413,1
Clarke,1D Whit Davis School,Chief Magistrate,,D,PATRICIA BARRON (I),1484,84,745,655,0
Clarke,2A Judia J. Harris Sch,Chief Magistrate,,D,PATRICIA BARRON (I),1579,57,753,767,2
Clarke,2B Howard Stroud School,Chief Magistrate,,D,PATRICIA BARRON (I),1818,74,909,835,0
Clarke,3A Clarke Central High,Chief Magistrate,,D,PATRICIA BARRON (I),981,62,463,455,1
Clarke,3B Thomas N. Lay Park,Chief Magistrate,,D,PATRICIA BARRON (I),1871,106,1003,761,1
Clarke,4A Athens Transit Ctr,Chief Magistrate,,D,PATRICIA BARRON (I),575,28,271,275,1
Clarke,4B Memorial Park,Chief Magistrate,,D,PATRICIA BARRON (I),1600,100,845,654,1
Clarke,5A Oglethorpe School,Chief Magistrate,,D,PATRICIA BARRON (I),1308,65,628,615,0
Clarke,5B Whitehead Rd School,Chief Magistrate,,D,PATRICIA BARRON (I),1345,66,640,638,1
Clarke,5C Chase Street School,Chief Magistrate,,D,PATRICIA BARRON (I),999,36,564,399,0
Clarke,5D ACC Fleet Mgt Bldg,Chief Magistrate,,D,PATRICIA BARRON (I),1203,62,603,535,3
Clarke,6A Cleveland Rd School,Chief Magistrate,,D,PATRICIA BARRON (I),1295,73,707,515,0
Clarke,6B Board Of Education,Chief Magistrate,,D,PATRICIA BARRON (I),1719,100,749,868,2
Clarke,6C Timothy Rd Elem Schl,Chief Magistrate,,D,PATRICIA BARRON (I),1284,69,643,572,0
Clarke,6D Firestation #4,Chief Magistrate,,D,PATRICIA BARRON (I),793,34,459,300,0
Clarke,7A Timothy Bptst Church,Chief Magistrate,,D,PATRICIA BARRON (I),1217,99,593,524,1
Clarke,7B Alps Elem. School,Chief Magistrate,,D,PATRICIA BARRON (I),1249,123,603,521,2
Clarke,7C Firestation #3,Chief Magistrate,,D,PATRICIA BARRON (I),1111,70,552,489,0
Clarke,8A Gaines School,Chief Magistrate,,D,PATRICIA BARRON (I),1415,97,739,577,2
Clarke,8B Cedar Shls High Sch,Chief Magistrate,,D,PATRICIA BARRON (I),935,53,481,401,0
Clarke,8C Firestation #7,Chief Magistrate,,D,PATRICIA BARRON (I),1301,67,711,522,1
Clarke,,Constitutional Amendment #1<br>Shall the Constitution be amended to allow state or local approval of public charter schools upon the request of local communities?,,,YES,17639,1190,9204,7232,13
Clarke,1A Wville Train Depot,Constitutional Amendment #1<br>Shall the Constitution be amended to allow state or local approval of public charter schools upon the request of local communities?,,,YES,742,49,406,286,1
Clarke,1B E. Athens Baptist,Constitutional Amendment #1<br>Shall the Constitution be amended to allow state or local approval of public charter schools upon the request of local communities?,,,YES,1008,68,525,412,3
Clarke,1C Barnett Shls School,Constitutional Amendment #1<br>Shall the Constitution be amended to allow state or local approval of public charter schools upon the request of local communities?,,,YES,559,40,340,179,0
Clarke,1D Whit Davis School,Constitutional Amendment #1<br>Shall the Constitution be amended to allow state or local approval of public charter schools upon the request of local communities?,,,YES,751,54,401,296,0
Clarke,2A Judia J. Harris Sch,Constitutional Amendment #1<br>Shall the Constitution be amended to allow state or local approval of public charter schools upon the request of local communities?,,,YES,973,39,469,464,1
Clarke,2B Howard Stroud School,Constitutional Amendment #1<br>Shall the Constitution be amended to allow state or local approval of public charter schools upon the request of local communities?,,,YES,1062,39,590,433,0
Clarke,3A Clarke Central High,Constitutional Amendment #1<br>Shall the Constitution be amended to allow state or local approval of public charter schools upon the request of local communities?,,,YES,517,20,273,223,1
Clarke,3B Thomas N. Lay Park,Constitutional Amendment #1<br>Shall the Constitution be amended to allow state or local approval of public charter schools upon the request of local communities?,,,YES,1071,84,559,428,0
Clarke,4A Athens Transit Ctr,Constitutional Amendment #1<br>Shall the Constitution be amended to allow state or local approval of public charter schools upon the request of local communities?,,,YES,413,26,186,200,1
Clarke,4B Memorial Park,Constitutional Amendment #1<br>Shall the Constitution be amended to allow state or local approval of public charter schools upon the request of local communities?,,,YES,885,75,479,331,0
Clarke,5A Oglethorpe School,Constitutional Amendment #1<br>Shall the Constitution be amended to allow state or local approval of public charter schools upon the request of local communities?,,,YES,638,35,313,290,0
Clarke,5B Whitehead Rd School,Constitutional Amendment #1<br>Shall the Constitution be amended to allow state or local approval of public charter schools upon the request of local communities?,,,YES,798,43,401,354,0
Clarke,5C Chase Street School,Constitutional Amendment #1<br>Shall the Constitution be amended to allow state or local approval of public charter schools upon the request of local communities?,,,YES,242,13,137,92,0
Clarke,5D ACC Fleet Mgt Bldg,Constitutional Amendment #1<br>Shall the Constitution be amended to allow state or local approval of public charter schools upon the request of local communities?,,,YES,696,38,355,301,2
Clarke,6A Cleveland Rd School,Constitutional Amendment #1<br>Shall the Constitution be amended to allow state or local approval of public charter schools upon the request of local communities?,,,YES,884,55,506,323,0
Clarke,6B Board Of Education,Constitutional Amendment #1<br>Shall the Constitution be amended to allow state or local approval of public charter schools upon the request of local communities?,,,YES,1104,73,510,520,1
Clarke,6C Timothy Rd Elem Schl,Constitutional Amendment #1<br>Shall the Constitution be amended to allow state or local approval of public charter schools upon the request of local communities?,,,YES,797,53,405,339,0
Clarke,6D Firestation #4,Constitutional Amendment #1<br>Shall the Constitution be amended to allow state or local approval of public charter schools upon the request of local communities?,,,YES,406,19,241,146,0
Clarke,7A Timothy Bptst Church,Constitutional Amendment #1<br>Shall the Constitution be amended to allow state or local approval of public charter schools upon the request of local communities?,,,YES,818,72,391,354,1
Clarke,7B Alps Elem. School,Constitutional Amendment #1<br>Shall the Constitution be amended to allow state or local approval of public charter schools upon the request of local communities?,,,YES,665,89,323,253,0
Clarke,7C Firestation #3,Constitutional Amendment #1<br>Shall the Constitution be amended to allow state or local approval of public charter schools upon the request of local communities?,,,YES,592,57,287,248,0
Clarke,8A Gaines School,Constitutional Amendment #1<br>Shall the Constitution be amended to allow state or local approval of public charter schools upon the request of local communities?,,,YES,755,63,405,285,2
Clarke,8B Cedar Shls High Sch,Constitutional Amendment #1<br>Shall the Constitution be amended to allow state or local approval of public charter schools upon the request of local communities?,,,YES,492,44,273,175,0
Clarke,8C Firestation #7,Constitutional Amendment #1<br>Shall the Constitution be amended to allow state or local approval of public charter schools upon the request of local communities?,,,YES,771,42,429,300,0
Clarke,,Constitutional Amendment #1<br>Shall the Constitution be amended to allow state or local approval of public charter schools upon the request of local communities?,,,NO,20895,1032,10733,9115,15
Clarke,1A Wville Train Depot,Constitutional Amendment #1<br>Shall the Constitution be amended to allow state or local approval of public charter schools upon the request of local communities?,,,NO,775,38,458,277,2
Clarke,1B E. Athens Baptist,Constitutional Amendment #1<br>Shall the Constitution be amended to allow state or local approval of public charter schools upon the request of local communities?,,,NO,1045,37,576,431,1
Clarke,1C Barnett Shls School,Constitutional Amendment #1<br>Shall the Constitution be amended to allow state or local approval of public charter schools upon the request of local communities?,,,NO,834,40,443,351,0
Clarke,1D Whit Davis School,Constitutional Amendment #1<br>Shall the Constitution be amended to allow state or local approval of public charter schools upon the request of local communities?,,,NO,1162,55,573,534,0
Clarke,2A Judia J. Harris Sch,Constitutional Amendment #1<br>Shall the Constitution be amended to allow state or local approval of public charter schools upon the request of local communities?,,,NO,822,27,388,406,1
Clarke,2B Howard Stroud School,Constitutional Amendment #1<br>Shall the Constitution be amended to allow state or local approval of public charter schools upon the request of local communities?,,,NO,977,39,455,483,0
Clarke,3A Clarke Central High,Constitutional Amendment #1<br>Shall the Constitution be amended to allow state or local approval of public charter schools upon the request of local communities?,,,NO,571,39,252,280,0
Clarke,3B Thomas N. Lay Park,Constitutional Amendment #1<br>Shall the Constitution be amended to allow state or local approval of public charter schools upon the request of local communities?,,,NO,1181,48,663,469,1
Clarke,4A Athens Transit Ctr,Constitutional Amendment #1<br>Shall the Constitution be amended to allow state or local approval of public charter schools upon the request of local communities?,,,NO,282,11,154,117,0
Clarke,4B Memorial Park,Constitutional Amendment #1<br>Shall the Constitution be amended to allow state or local approval of public charter schools upon the request of local communities?,,,NO,1159,58,631,469,1
Clarke,5A Oglethorpe School,Constitutional Amendment #1<br>Shall the Constitution be amended to allow state or local approval of public charter schools upon the request of local communities?,,,NO,1041,46,508,487,0
Clarke,5B Whitehead Rd School,Constitutional Amendment #1<br>Shall the Constitution be amended to allow state or local approval of public charter schools upon the request of local communities?,,,NO,860,42,395,421,2
Clarke,5C Chase Street School,Constitutional Amendment #1<br>Shall the Constitution be amended to allow state or local approval of public charter schools upon the request of local communities?,,,NO,977,37,550,390,0
Clarke,5D ACC Fleet Mgt Bldg,Constitutional Amendment #1<br>Shall the Constitution be amended to allow state or local approval of public charter schools upon the request of local communities?,,,NO,689,28,341,319,1
Clarke,6A Cleveland Rd School,Constitutional Amendment #1<br>Shall the Constitution be amended to allow state or local approval of public charter schools upon the request of local communities?,,,NO,827,43,455,329,0
Clarke,6B Board Of Education,Constitutional Amendment #1<br>Shall the Constitution be amended to allow state or local approval of public charter schools upon the request of local communities?,,,NO,1105,64,469,571,1
Clarke,6C Timothy Rd Elem Schl,Constitutional Amendment #1<br>Shall the Constitution be amended to allow state or local approval of public charter schools upon the request of local communities?,,,NO,885,38,448,399,0
Clarke,6D Firestation #4,Constitutional Amendment #1<br>Shall the Constitution be amended to allow state or local approval of public charter schools upon the request of local communities?,,,NO,577,20,348,209,0
Clarke,7A Timothy Bptst Church,Constitutional Amendment #1<br>Shall the Constitution be amended to allow state or local approval of public charter schools upon the request of local communities?,,,NO,760,61,381,318,0
Clarke,7B Alps Elem. School,Constitutional Amendment #1<br>Shall the Constitution be amended to allow state or local approval of public charter schools upon the request of local communities?,,,NO,939,89,438,409,3
Clarke,7C Firestation #3,Constitutional Amendment #1<br>Shall the Constitution be amended to allow state or local approval of public charter schools upon the request of local communities?,,,NO,859,41,438,380,0
Clarke,8A Gaines School,Constitutional Amendment #1<br>Shall the Constitution be amended to allow state or local approval of public charter schools upon the request of local communities?,,,NO,1003,56,522,424,1
Clarke,8B Cedar Shls High Sch,Constitutional Amendment #1<br>Shall the Constitution be amended to allow state or local approval of public charter schools upon the request of local communities?,,,NO,712,38,346,328,0
Clarke,8C Firestation #7,Constitutional Amendment #1<br>Shall the Constitution be amended to allow state or local approval of public charter schools upon the request of local communities?,,,NO,853,37,501,314,1
Clarke,,Constitutional Amendment #2<br>Shall the Constitution be amended so as to provide for a reduction in the state's operating costs by allowing the General Assembly to authorize certain state agencies to enter into multiyear rental agreements?,,,YES,21864,1326,11391,9132,15
Clarke,1A Wville Train Depot,Constitutional Amendment #2<br>Shall the Constitution be amended so as to provide for a reduction in the state's operating costs by allowing the General Assembly to authorize certain state agencies to enter into multiyear rental agreements?,,,YES,847,50,478,318,1
Clarke,1B E. Athens Baptist,Constitutional Amendment #2<br>Shall the Constitution be amended so as to provide for a reduction in the state's operating costs by allowing the General Assembly to authorize certain state agencies to enter into multiyear rental agreements?,,,YES,1195,70,622,500,3
Clarke,1C Barnett Shls School,Constitutional Amendment #2<br>Shall the Constitution be amended so as to provide for a reduction in the state's operating costs by allowing the General Assembly to authorize certain state agencies to enter into multiyear rental agreements?,,,YES,841,48,477,315,1
Clarke,1D Whit Davis School,Constitutional Amendment #2<br>Shall the Constitution be amended so as to provide for a reduction in the state's operating costs by allowing the General Assembly to authorize certain state agencies to enter into multiyear rental agreements?,,,YES,1104,64,575,465,0
Clarke,2A Judia J. Harris Sch,Constitutional Amendment #2<br>Shall the Constitution be amended so as to provide for a reduction in the state's operating costs by allowing the General Assembly to authorize certain state agencies to enter into multiyear rental agreements?,,,YES,956,38,466,451,1
Clarke,2B Howard Stroud School,Constitutional Amendment #2<br>Shall the Constitution be amended so as to provide for a reduction in the state's operating costs by allowing the General Assembly to authorize certain state agencies to enter into multiyear rental agreements?,,,YES,1045,36,568,441,0
Clarke,3A Clarke Central High,Constitutional Amendment #2<br>Shall the Constitution be amended so as to provide for a reduction in the state's operating costs by allowing the General Assembly to authorize certain state agencies to enter into multiyear rental agreements?,,,YES,540,22,291,226,1
Clarke,3B Thomas N. Lay Park,Constitutional Amendment #2<br>Shall the Constitution be amended so as to provide for a reduction in the state's operating costs by allowing the General Assembly to authorize certain state agencies to enter into multiyear rental agreements?,,,YES,1228,77,657,493,1
Clarke,4A Athens Transit Ctr,Constitutional Amendment #2<br>Shall the Constitution be amended so as to provide for a reduction in the state's operating costs by allowing the General Assembly to authorize certain state agencies to enter into multiyear rental agreements?,,,YES,424,22,198,204,0
Clarke,4B Memorial Park,Constitutional Amendment #2<br>Shall the Constitution be amended so as to provide for a reduction in the state's operating costs by allowing the General Assembly to authorize certain state agencies to enter into multiyear rental agreements?,,,YES,1199,85,656,458,0
Clarke,5A Oglethorpe School,Constitutional Amendment #2<br>Shall the Constitution be amended so as to provide for a reduction in the state's operating costs by allowing the General Assembly to authorize certain state agencies to enter into multiyear rental agreements?,,,YES,939,50,454,435,0
Clarke,5B Whitehead Rd School,Constitutional Amendment #2<br>Shall the Constitution be amended so as to provide for a reduction in the state's operating costs by allowing the General Assembly to authorize certain state agencies to enter into multiyear rental agreements?,,,YES,908,38,445,423,2
Clarke,5C Chase Street School,Constitutional Amendment #2<br>Shall the Constitution be amended so as to provide for a reduction in the state's operating costs by allowing the General Assembly to authorize certain state agencies to enter into multiyear rental agreements?,,,YES,524,20,286,218,0
Clarke,5D ACC Fleet Mgt Bldg,Constitutional Amendment #2<br>Shall the Constitution be amended so as to provide for a reduction in the state's operating costs by allowing the General Assembly to authorize certain state agencies to enter into multiyear rental agreements?,,,YES,783,40,413,329,1
Clarke,6A Cleveland Rd School,Constitutional Amendment #2<br>Shall the Constitution be amended so as to provide for a reduction in the state's operating costs by allowing the General Assembly to authorize certain state agencies to enter into multiyear rental agreements?,,,YES,1007,63,589,355,0
Clarke,6B Board Of Education,Constitutional Amendment #2<br>Shall the Constitution be amended so as to provide for a reduction in the state's operating costs by allowing the General Assembly to authorize certain state agencies to enter into multiyear rental agreements?,,,YES,1335,93,587,653,2
Clarke,6C Timothy Rd Elem Schl,Constitutional Amendment #2<br>Shall the Constitution be amended so as to provide for a reduction in the state's operating costs by allowing the General Assembly to authorize certain state agencies to enter into multiyear rental agreements?,,,YES,1027,53,520,454,0
Clarke,6D Firestation #4,Constitutional Amendment #2<br>Shall the Constitution be amended so as to provide for a reduction in the state's operating costs by allowing the General Assembly to authorize certain state agencies to enter into multiyear rental agreements?,,,YES,507,22,304,181,0
Clarke,7A Timothy Bptst Church,Constitutional Amendment #2<br>Shall the Constitution be amended so as to provide for a reduction in the state's operating costs by allowing the General Assembly to authorize certain state agencies to enter into multiyear rental agreements?,,,YES,970,86,477,407,0
Clarke,7B Alps Elem. School,Constitutional Amendment #2<br>Shall the Constitution be amended so as to provide for a reduction in the state's operating costs by allowing the General Assembly to authorize certain state agencies to enter into multiyear rental agreements?,,,YES,949,108,451,389,1
Clarke,7C Firestation #3,Constitutional Amendment #2<br>Shall the Constitution be amended so as to provide for a reduction in the state's operating costs by allowing the General Assembly to authorize certain state agencies to enter into multiyear rental agreements?,,,YES,883,72,435,376,0
Clarke,8A Gaines School,Constitutional Amendment #2<br>Shall the Constitution be amended so as to provide for a reduction in the state's operating costs by allowing the General Assembly to authorize certain state agencies to enter into multiyear rental agreements?,,,YES,1025,67,541,416,1
Clarke,8B Cedar Shls High Sch,Constitutional Amendment #2<br>Shall the Constitution be amended so as to provide for a reduction in the state's operating costs by allowing the General Assembly to authorize certain state agencies to enter into multiyear rental agreements?,,,YES,672,51,352,269,0
Clarke,8C Firestation #7,Constitutional Amendment #2<br>Shall the Constitution be amended so as to provide for a reduction in the state's operating costs by allowing the General Assembly to authorize certain state agencies to enter into multiyear rental agreements?,,,YES,956,51,549,356,0
Clarke,,Constitutional Amendment #2<br>Shall the Constitution be amended so as to provide for a reduction in the state's operating costs by allowing the General Assembly to authorize certain state agencies to enter into multiyear rental agreements?,,,NO,14120,755,7103,6253,9
Clarke,1A Wville Train Depot,Constitutional Amendment #2<br>Shall the Constitution be amended so as to provide for a reduction in the state's operating costs by allowing the General Assembly to authorize certain state agencies to enter into multiyear rental agreements?,,,NO,584,34,338,211,1
Clarke,1B E. Athens Baptist,Constitutional Amendment #2<br>Shall the Constitution be amended so as to provide for a reduction in the state's operating costs by allowing the General Assembly to authorize certain state agencies to enter into multiyear rental agreements?,,,NO,765,31,417,316,1
Clarke,1C Barnett Shls School,Constitutional Amendment #2<br>Shall the Constitution be amended so as to provide for a reduction in the state's operating costs by allowing the General Assembly to authorize certain state agencies to enter into multiyear rental agreements?,,,NO,456,30,243,183,0
Clarke,1D Whit Davis School,Constitutional Amendment #2<br>Shall the Constitution be amended so as to provide for a reduction in the state's operating costs by allowing the General Assembly to authorize certain state agencies to enter into multiyear rental agreements?,,,NO,691,35,342,314,0
Clarke,2A Judia J. Harris Sch,Constitutional Amendment #2<br>Shall the Constitution be amended so as to provide for a reduction in the state's operating costs by allowing the General Assembly to authorize certain state agencies to enter into multiyear rental agreements?,,,NO,721,25,336,359,1
Clarke,2B Howard Stroud School,Constitutional Amendment #2<br>Shall the Constitution be amended so as to provide for a reduction in the state's operating costs by allowing the General Assembly to authorize certain state agencies to enter into multiyear rental agreements?,,,NO,836,36,387,413,0
Clarke,3A Clarke Central High,Constitutional Amendment #2<br>Shall the Constitution be amended so as to provide for a reduction in the state's operating costs by allowing the General Assembly to authorize certain state agencies to enter into multiyear rental agreements?,,,NO,462,26,191,245,0
Clarke,3B Thomas N. Lay Park,Constitutional Amendment #2<br>Shall the Constitution be amended so as to provide for a reduction in the state's operating costs by allowing the General Assembly to authorize certain state agencies to enter into multiyear rental agreements?,,,NO,815,40,437,338,0
Clarke,4A Athens Transit Ctr,Constitutional Amendment #2<br>Shall the Constitution be amended so as to provide for a reduction in the state's operating costs by allowing the General Assembly to authorize certain state agencies to enter into multiyear rental agreements?,,,NO,220,15,105,99,1
Clarke,4B Memorial Park,Constitutional Amendment #2<br>Shall the Constitution be amended so as to provide for a reduction in the state's operating costs by allowing the General Assembly to authorize certain state agencies to enter into multiyear rental agreements?,,,NO,672,32,356,283,1
Clarke,5A Oglethorpe School,Constitutional Amendment #2<br>Shall the Constitution be amended so as to provide for a reduction in the state's operating costs by allowing the General Assembly to authorize certain state agencies to enter into multiyear rental agreements?,,,NO,625,28,299,298,0
Clarke,5B Whitehead Rd School,Constitutional Amendment #2<br>Shall the Constitution be amended so as to provide for a reduction in the state's operating costs by allowing the General Assembly to authorize certain state agencies to enter into multiyear rental agreements?,,,NO,628,42,281,305,0
Clarke,5C Chase Street School,Constitutional Amendment #2<br>Shall the Constitution be amended so as to provide for a reduction in the state's operating costs by allowing the General Assembly to authorize certain state agencies to enter into multiyear rental agreements?,,,NO,573,27,331,215,0
Clarke,5D ACC Fleet Mgt Bldg,Constitutional Amendment #2<br>Shall the Constitution be amended so as to provide for a reduction in the state's operating costs by allowing the General Assembly to authorize certain state agencies to enter into multiyear rental agreements?,,,NO,535,24,250,260,1
Clarke,6A Cleveland Rd School,Constitutional Amendment #2<br>Shall the Constitution be amended so as to provide for a reduction in the state's operating costs by allowing the General Assembly to authorize certain state agencies to enter into multiyear rental agreements?,,,NO,618,30,331,257,0
Clarke,6B Board Of Education,Constitutional Amendment #2<br>Shall the Constitution be amended so as to provide for a reduction in the state's operating costs by allowing the General Assembly to authorize certain state agencies to enter into multiyear rental agreements?,,,NO,762,37,335,390,0
Clarke,6C Timothy Rd Elem Schl,Constitutional Amendment #2<br>Shall the Constitution be amended so as to provide for a reduction in the state's operating costs by allowing the General Assembly to authorize certain state agencies to enter into multiyear rental agreements?,,,NO,559,30,281,248,0
Clarke,6D Firestation #4,Constitutional Amendment #2<br>Shall the Constitution be amended so as to provide for a reduction in the state's operating costs by allowing the General Assembly to authorize certain state agencies to enter into multiyear rental agreements?,,,NO,408,16,237,155,0
Clarke,7A Timothy Bptst Church,Constitutional Amendment #2<br>Shall the Constitution be amended so as to provide for a reduction in the state's operating costs by allowing the General Assembly to authorize certain state agencies to enter into multiyear rental agreements?,,,NO,507,42,237,228,0
Clarke,7B Alps Elem. School,Constitutional Amendment #2<br>Shall the Constitution be amended so as to provide for a reduction in the state's operating costs by allowing the General Assembly to authorize certain state agencies to enter into multiyear rental agreements?,,,NO,549,60,256,231,2
Clarke,7C Firestation #3,Constitutional Amendment #2<br>Shall the Constitution be amended so as to provide for a reduction in the state's operating costs by allowing the General Assembly to authorize certain state agencies to enter into multiyear rental agreements?,,,NO,474,22,236,216,0
Clarke,8A Gaines School,Constitutional Amendment #2<br>Shall the Constitution be amended so as to provide for a reduction in the state's operating costs by allowing the General Assembly to authorize certain state agencies to enter into multiyear rental agreements?,,,NO,630,43,329,257,1
Clarke,8B Cedar Shls High Sch,Constitutional Amendment #2<br>Shall the Constitution be amended so as to provide for a reduction in the state's operating costs by allowing the General Assembly to authorize certain state agencies to enter into multiyear rental agreements?,,,NO,458,28,223,207,0
Clarke,8C Firestation #7,Constitutional Amendment #2<br>Shall the Constitution be amended so as to provide for a reduction in the state's operating costs by allowing the General Assembly to authorize certain state agencies to enter into multiyear rental agreements?,,,NO,572,22,325,225,0
