county,precinct,office,district,party,candidate,votes,absentee_by_mail,election_day,advance_in_person,provisional
Effingham,,President of the United States,,R,MITT ROMNEY,15596,460,8509,6623,4
Effingham,1A,President of the United States,,R,MITT ROMNEY,617,17,298,302,0
Effingham,1B,President of the United States,,R,MITT ROMNEY,1167,30,560,577,0
Effingham,1C,President of the United States,,R,MITT ROMNEY,563,20,388,155,0
Effingham,1D,President of the United States,,R,MITT ROMNEY,832,14,540,278,0
Effingham,2A,President of the United States,,R,MITT ROMNEY,1096,26,642,428,0
Effingham,2B,President of the United States,,R,MITT ROMNEY,1279,34,797,448,0
Effingham,2C,President of the United States,,R,MITT ROMNEY,1308,39,757,511,1
Effingham,3A,President of the United States,,R,MITT ROMNEY,503,17,293,193,0
Effingham,3B,President of the United States,,R,MITT ROMNEY,508,12,266,229,1
Effingham,3C,President of the United States,,R,MITT ROMNEY,732,22,300,409,1
Effingham,3D,President of the United States,,R,MITT ROMNEY,909,41,436,431,1
Effingham,4A,President of the United States,,R,MITT ROMNEY,1291,51,564,676,0
Effingham,4B,President of the United States,,R,MITT ROMNEY,589,18,289,282,0
Effingham,4C,President of the United States,,R,MITT ROMNEY,959,39,484,436,0
Effingham,5A,President of the United States,,R,MITT ROMNEY,1251,24,679,548,0
Effingham,5B,President of the United States,,R,MITT ROMNEY,1274,37,782,455,0
Effingham,5C,President of the United States,,R,MITT ROMNEY,718,19,434,265,0
Effingham,,President of the United States,,(D,BARACK OBAMA (I),4947,192,2716,2036,3
Effingham,1A,President of the United States,,(D,BARACK OBAMA (I),118,3,59,56,0
Effingham,1B,President of the United States,,(D,BARACK OBAMA (I),253,6,132,115,0
Effingham,1C,President of the United States,,(D,BARACK OBAMA (I),151,8,111,32,0
Effingham,1D,President of the United States,,(D,BARACK OBAMA (I),166,1,103,62,0
Effingham,2A,President of the United States,,(D,BARACK OBAMA (I),183,3,116,64,0
Effingham,2B,President of the United States,,(D,BARACK OBAMA (I),393,14,240,139,0
Effingham,2C,President of the United States,,(D,BARACK OBAMA (I),292,11,169,112,0
Effingham,3A,President of the United States,,(D,BARACK OBAMA (I),204,13,107,84,0
Effingham,3B,President of the United States,,(D,BARACK OBAMA (I),413,23,250,140,0
Effingham,3C,President of the United States,,(D,BARACK OBAMA (I),302,19,138,144,1
Effingham,3D,President of the United States,,(D,BARACK OBAMA (I),489,10,267,212,0
Effingham,4A,President of the United States,,(D,BARACK OBAMA (I),351,8,167,176,0
Effingham,4B,President of the United States,,(D,BARACK OBAMA (I),341,12,156,173,0
Effingham,4C,President of the United States,,(D,BARACK OBAMA (I),218,14,110,94,0
Effingham,5A,President of the United States,,(D,BARACK OBAMA (I),282,12,163,107,0
Effingham,5B,President of the United States,,(D,BARACK OBAMA (I),590,25,337,227,1
Effingham,5C,President of the United States,,(D,BARACK OBAMA (I),201,10,91,99,1
Effingham,,President of the United States,,L,GARY JOHNSON,248,10,187,50,1
Effingham,1A,President of the United States,,L,GARY JOHNSON,10,1,8,1,0
Effingham,1B,President of the United States,,L,GARY JOHNSON,25,2,15,8,0
Effingham,1C,President of the United States,,L,GARY JOHNSON,9,1,8,0,0
Effingham,1D,President of the United States,,L,GARY JOHNSON,17,0,15,1,1
Effingham,2A,President of the United States,,L,GARY JOHNSON,13,1,9,3,0
Effingham,2B,President of the United States,,L,GARY JOHNSON,23,1,17,5,0
Effingham,2C,President of the United States,,L,GARY JOHNSON,18,2,10,6,0
Effingham,3A,President of the United States,,L,GARY JOHNSON,9,0,7,2,0
Effingham,3B,President of the United States,,L,GARY JOHNSON,11,1,10,0,0
Effingham,3C,President of the United States,,L,GARY JOHNSON,19,0,14,5,0
Effingham,3D,President of the United States,,L,GARY JOHNSON,16,1,10,5,0
Effingham,4A,President of the United States,,L,GARY JOHNSON,13,0,11,2,0
Effingham,4B,President of the United States,,L,GARY JOHNSON,9,0,7,2,0
Effingham,4C,President of the United States,,L,GARY JOHNSON,16,0,12,4,0
Effingham,5A,President of the United States,,L,GARY JOHNSON,18,0,15,3,0
Effingham,5B,President of the United States,,L,GARY JOHNSON,12,0,12,0,0
Effingham,5C,President of the United States,,L,GARY JOHNSON,10,0,7,3,0
Effingham,,"Public Service Commission, District 3",3,R,CHUCK EATON (I),13978,419,7632,5923,4
Effingham,1A,"Public Service Commission, District 3",3,R,CHUCK EATON (I),563,15,268,280,0
Effingham,1B,"Public Service Commission, District 3",3,R,CHUCK EATON (I),1007,28,480,499,0
Effingham,1C,"Public Service Commission, District 3",3,R,CHUCK EATON (I),489,18,339,132,0
Effingham,1D,"Public Service Commission, District 3",3,R,CHUCK EATON (I),748,12,490,246,0
Effingham,2A,"Public Service Commission, District 3",3,R,CHUCK EATON (I),1016,24,605,387,0
Effingham,2B,"Public Service Commission, District 3",3,R,CHUCK EATON (I),1139,31,712,396,0
Effingham,2C,"Public Service Commission, District 3",3,R,CHUCK EATON (I),1188,38,681,468,1
Effingham,3A,"Public Service Commission, District 3",3,R,CHUCK EATON (I),444,14,260,170,0
Effingham,3B,"Public Service Commission, District 3",3,R,CHUCK EATON (I),463,14,247,201,1
Effingham,3C,"Public Service Commission, District 3",3,R,CHUCK EATON (I),666,20,273,372,1
Effingham,3D,"Public Service Commission, District 3",3,R,CHUCK EATON (I),813,31,396,385,1
Effingham,4A,"Public Service Commission, District 3",3,R,CHUCK EATON (I),1160,48,510,602,0
Effingham,4B,"Public Service Commission, District 3",3,R,CHUCK EATON (I),522,17,252,253,0
Effingham,4C,"Public Service Commission, District 3",3,R,CHUCK EATON (I),847,38,429,380,0
Effingham,5A,"Public Service Commission, District 3",3,R,CHUCK EATON (I),1122,23,604,495,0
Effingham,5B,"Public Service Commission, District 3",3,R,CHUCK EATON (I),1153,31,702,420,0
Effingham,5C,"Public Service Commission, District 3",3,R,CHUCK EATON (I),638,17,384,237,0
Effingham,,"Public Service Commission, District 3",3,D,STEPHEN OPPENHEIMER,4279,165,2347,1763,4
Effingham,1A,"Public Service Commission, District 3",3,D,STEPHEN OPPENHEIMER,106,3,56,47,0
Effingham,1B,"Public Service Commission, District 3",3,D,STEPHEN OPPENHEIMER,226,6,108,112,0
Effingham,1C,"Public Service Commission, District 3",3,D,STEPHEN OPPENHEIMER,136,5,96,35,0
Effingham,1D,"Public Service Commission, District 3",3,D,STEPHEN OPPENHEIMER,160,2,100,57,1
Effingham,2A,"Public Service Commission, District 3",3,D,STEPHEN OPPENHEIMER,160,5,100,55,0
Effingham,2B,"Public Service Commission, District 3",3,D,STEPHEN OPPENHEIMER,341,12,200,129,0
Effingham,2C,"Public Service Commission, District 3",3,D,STEPHEN OPPENHEIMER,257,7,155,95,0
Effingham,3A,"Public Service Commission, District 3",3,D,STEPHEN OPPENHEIMER,143,9,76,58,0
Effingham,3B,"Public Service Commission, District 3",3,D,STEPHEN OPPENHEIMER,328,18,204,106,0
Effingham,3C,"Public Service Commission, District 3",3,D,STEPHEN OPPENHEIMER,239,16,113,109,1
Effingham,3D,"Public Service Commission, District 3",3,D,STEPHEN OPPENHEIMER,389,9,213,167,0
Effingham,4A,"Public Service Commission, District 3",3,D,STEPHEN OPPENHEIMER,302,8,139,155,0
Effingham,4B,"Public Service Commission, District 3",3,D,STEPHEN OPPENHEIMER,304,10,142,152,0
Effingham,4C,"Public Service Commission, District 3",3,D,STEPHEN OPPENHEIMER,213,12,110,91,0
Effingham,5A,"Public Service Commission, District 3",3,D,STEPHEN OPPENHEIMER,252,12,141,99,0
Effingham,5B,"Public Service Commission, District 3",3,D,STEPHEN OPPENHEIMER,540,23,309,207,1
Effingham,5C,"Public Service Commission, District 3",3,D,STEPHEN OPPENHEIMER,183,8,85,89,1
Effingham,,"Public Service Commission, District 3",3,L,BRAD PLOEGER,894,28,558,308,0
Effingham,1A,"Public Service Commission, District 3",3,L,BRAD PLOEGER,36,1,22,13,0
Effingham,1B,"Public Service Commission, District 3",3,L,BRAD PLOEGER,61,3,36,22,0
Effingham,1C,"Public Service Commission, District 3",3,L,BRAD PLOEGER,36,1,26,9,0
Effingham,1D,"Public Service Commission, District 3",3,L,BRAD PLOEGER,40,0,29,11,0
Effingham,2A,"Public Service Commission, District 3",3,L,BRAD PLOEGER,41,1,24,16,0
Effingham,2B,"Public Service Commission, District 3",3,L,BRAD PLOEGER,95,2,65,28,0
Effingham,2C,"Public Service Commission, District 3",3,L,BRAD PLOEGER,70,3,45,22,0
Effingham,3A,"Public Service Commission, District 3",3,L,BRAD PLOEGER,25,4,11,10,0
Effingham,3B,"Public Service Commission, District 3",3,L,BRAD PLOEGER,33,1,19,13,0
Effingham,3C,"Public Service Commission, District 3",3,L,BRAD PLOEGER,43,1,27,15,0
Effingham,3D,"Public Service Commission, District 3",3,L,BRAD PLOEGER,60,6,30,24,0
Effingham,4A,"Public Service Commission, District 3",3,L,BRAD PLOEGER,58,0,36,22,0
Effingham,4B,"Public Service Commission, District 3",3,L,BRAD PLOEGER,36,1,22,13,0
Effingham,4C,"Public Service Commission, District 3",3,L,BRAD PLOEGER,53,1,29,23,0
Effingham,5A,"Public Service Commission, District 3",3,L,BRAD PLOEGER,84,0,56,28,0
Effingham,5B,"Public Service Commission, District 3",3,L,BRAD PLOEGER,79,3,54,22,0
Effingham,5C,"Public Service Commission, District 3",3,L,BRAD PLOEGER,44,0,27,17,0
Effingham,,"Public Service Commission, District 5",5,(R,STAN WISE (I),14790,445,8142,6199,4
Effingham,1A,"Public Service Commission, District 5",5,(R,STAN WISE (I),583,15,277,291,0
Effingham,1B,"Public Service Commission, District 5",5,(R,STAN WISE (I),1059,26,511,522,0
Effingham,1C,"Public Service Commission, District 5",5,(R,STAN WISE (I),518,19,358,141,0
Effingham,1D,"Public Service Commission, District 5",5,(R,STAN WISE (I),784,13,514,256,1
Effingham,2A,"Public Service Commission, District 5",5,(R,STAN WISE (I),1045,28,616,401,0
Effingham,2B,"Public Service Commission, District 5",5,(R,STAN WISE (I),1212,32,758,422,0
Effingham,2C,"Public Service Commission, District 5",5,(R,STAN WISE (I),1221,38,717,465,1
Effingham,3A,"Public Service Commission, District 5",5,(R,STAN WISE (I),478,14,285,179,0
Effingham,3B,"Public Service Commission, District 5",5,(R,STAN WISE (I),531,15,292,223,1
Effingham,3C,"Public Service Commission, District 5",5,(R,STAN WISE (I),719,24,301,393,1
Effingham,3D,"Public Service Commission, District 5",5,(R,STAN WISE (I),906,33,440,433,0
Effingham,4A,"Public Service Commission, District 5",5,(R,STAN WISE (I),1214,50,546,618,0
Effingham,4B,"Public Service Commission, District 5",5,(R,STAN WISE (I),560,17,266,277,0
Effingham,4C,"Public Service Commission, District 5",5,(R,STAN WISE (I),885,38,454,393,0
Effingham,5A,"Public Service Commission, District 5",5,(R,STAN WISE (I),1162,26,639,497,0
Effingham,5B,"Public Service Commission, District 5",5,(R,STAN WISE (I),1243,38,764,441,0
Effingham,5C,"Public Service Commission, District 5",5,(R,STAN WISE (I),670,19,404,247,0
Effingham,,"Public Service Commission, District 5",5,L,DAVID STAPLES,3397,113,1955,1328,1
Effingham,1A,"Public Service Commission, District 5",5,L,DAVID STAPLES,106,2,58,46,0
Effingham,1B,"Public Service Commission, District 5",5,L,DAVID STAPLES,213,10,116,87,0
Effingham,1C,"Public Service Commission, District 5",5,L,DAVID STAPLES,125,3,91,31,0
Effingham,1D,"Public Service Commission, District 5",5,L,DAVID STAPLES,123,1,82,40,0
Effingham,2A,"Public Service Commission, District 5",5,L,DAVID STAPLES,142,2,93,47,0
Effingham,2B,"Public Service Commission, District 5",5,L,DAVID STAPLES,311,10,197,104,0
Effingham,2C,"Public Service Commission, District 5",5,L,DAVID STAPLES,224,9,124,91,0
Effingham,3A,"Public Service Commission, District 5",5,L,DAVID STAPLES,96,11,46,39,0
Effingham,3B,"Public Service Commission, District 5",5,L,DAVID STAPLES,200,7,131,62,0
Effingham,3C,"Public Service Commission, District 5",5,L,DAVID STAPLES,174,9,100,65,0
Effingham,3D,"Public Service Commission, District 5",5,L,DAVID STAPLES,263,10,150,102,1
Effingham,4A,"Public Service Commission, District 5",5,L,DAVID STAPLES,237,4,113,120,0
Effingham,4B,"Public Service Commission, District 5",5,L,DAVID STAPLES,207,8,116,83,0
Effingham,4C,"Public Service Commission, District 5",5,L,DAVID STAPLES,193,8,93,92,0
Effingham,5A,"Public Service Commission, District 5",5,L,DAVID STAPLES,243,5,140,98,0
Effingham,5B,"Public Service Commission, District 5",5,L,DAVID STAPLES,388,10,228,150,0
Effingham,5C,"Public Service Commission, District 5",5,L,DAVID STAPLES,152,4,77,71,0
Effingham,,U.S. Representative,1,(R,JACK KINGSTON (I),10101,251,6026,3822,2
Effingham,1A,U.S. Representative,1,(R,JACK KINGSTON (I),640,16,307,317,0
Effingham,1B,U.S. Representative,1,(R,JACK KINGSTON (I),721,11,419,291,0
Effingham,1C,U.S. Representative,1,(R,JACK KINGSTON (I),589,21,407,161,0
Effingham,1D,U.S. Representative,1,(R,JACK KINGSTON (I),860,13,566,280,1
Effingham,2A,U.S. Representative,1,(R,JACK KINGSTON (I),1105,26,656,423,0
Effingham,2B,U.S. Representative,1,(R,JACK KINGSTON (I),1327,34,837,456,0
Effingham,2C,U.S. Representative,1,(R,JACK KINGSTON (I),1335,43,771,520,1
Effingham,4B,U.S. Representative,1,(R,JACK KINGSTON (I),214,2,131,81,0
Effingham,5A,U.S. Representative,1,(R,JACK KINGSTON (I),1272,27,696,549,0
Effingham,5B,U.S. Representative,1,(R,JACK KINGSTON (I),1298,39,789,470,0
Effingham,5C,U.S. Representative,1,(R,JACK KINGSTON (I),740,19,447,274,0
Effingham,,U.S. Representative,1,D,LESLI MESSINGER,2305,85,1307,911,2
Effingham,1A,U.S. Representative,1,D,LESLI MESSINGER,93,3,50,40,0
Effingham,1B,U.S. Representative,1,D,LESLI MESSINGER,126,6,64,56,0
Effingham,1C,U.S. Representative,1,D,LESLI MESSINGER,112,5,84,23,0
Effingham,1D,U.S. Representative,1,D,LESLI MESSINGER,132,2,80,50,0
Effingham,2A,U.S. Representative,1,D,LESLI MESSINGER,152,4,91,57,0
Effingham,2B,U.S. Representative,1,D,LESLI MESSINGER,332,13,195,124,0
Effingham,2C,U.S. Representative,1,D,LESLI MESSINGER,247,7,142,98,0
Effingham,4B,U.S. Representative,1,D,LESLI MESSINGER,185,6,83,96,0
Effingham,5A,U.S. Representative,1,D,LESLI MESSINGER,242,9,140,93,0
Effingham,5B,U.S. Representative,1,D,LESLI MESSINGER,524,23,307,193,1
Effingham,5C,U.S. Representative,1,D,LESLI MESSINGER,160,7,71,81,1
Effingham,,U.S. Representative,12,R,LEE ANDERSON,4492,162,2014,2316,0
Effingham,1B,U.S. Representative,12,R,LEE ANDERSON,365,15,139,211,0
Effingham,3A,U.S. Representative,12,R,LEE ANDERSON,382,15,216,151,0
Effingham,3B,U.S. Representative,12,R,LEE ANDERSON,392,9,195,188,0
Effingham,3C,U.S. Representative,12,R,LEE ANDERSON,580,12,217,351,0
Effingham,3D,U.S. Representative,12,R,LEE ANDERSON,692,25,322,345,0
Effingham,4A,U.S. Representative,12,R,LEE ANDERSON,1047,39,443,565,0
Effingham,4B,U.S. Representative,12,R,LEE ANDERSON,295,12,117,166,0
Effingham,4C,U.S. Representative,12,R,LEE ANDERSON,739,35,365,339,0
Effingham,5C,U.S. Representative,12,R,LEE ANDERSON,0,0,0,0,0
Effingham,,U.S. Representative,12,(D,JOHN BARROW (I),3355,146,1753,1454,2
Effingham,1B,U.S. Representative,12,(D,JOHN BARROW (I),199,5,68,126,0
Effingham,3A,U.S. Representative,12,(D,JOHN BARROW (I),320,15,183,122,0
Effingham,3B,U.S. Representative,12,(D,JOHN BARROW (I),510,27,312,170,1
Effingham,3C,U.S. Representative,12,(D,JOHN BARROW (I),436,27,213,195,1
Effingham,3D,U.S. Representative,12,(D,JOHN BARROW (I),682,23,372,287,0
Effingham,4A,U.S. Representative,12,(D,JOHN BARROW (I),570,19,281,270,0
Effingham,4B,U.S. Representative,12,(D,JOHN BARROW (I),216,10,105,101,0
Effingham,4C,U.S. Representative,12,(D,JOHN BARROW (I),420,18,219,183,0
Effingham,5C,U.S. Representative,12,(D,JOHN BARROW (I),2,2,0,0,0
Effingham,,State Senator,4,(R,JACK HILL (I),17499,529,9672,7294,4
Effingham,1A,State Senator,4,(R,JACK HILL (I),670,17,317,336,0
Effingham,1B,State Senator,4,(R,JACK HILL (I),1242,32,610,600,0
Effingham,1C,State Senator,4,(R,JACK HILL (I),606,20,420,166,0
Effingham,1D,State Senator,4,(R,JACK HILL (I),883,14,584,284,1
Effingham,2A,State Senator,4,(R,JACK HILL (I),1144,28,678,438,0
Effingham,2B,State Senator,4,(R,JACK HILL (I),1451,35,912,504,0
Effingham,2C,State Senator,4,(R,JACK HILL (I),1401,46,821,533,1
Effingham,3A,State Senator,4,(R,JACK HILL (I),574,25,335,214,0
Effingham,3B,State Senator,4,(R,JACK HILL (I),673,22,378,272,1
Effingham,3C,State Senator,4,(R,JACK HILL (I),891,33,383,474,1
Effingham,3D,State Senator,4,(R,JACK HILL (I),1148,45,566,537,0
Effingham,4A,State Senator,4,(R,JACK HILL (I),1400,51,637,712,0
Effingham,4B,State Senator,4,(R,JACK HILL (I),707,25,344,338,0
Effingham,4C,State Senator,4,(R,JACK HILL (I),1045,45,532,468,0
Effingham,5A,State Senator,4,(R,JACK HILL (I),1368,29,759,580,0
Effingham,5B,State Senator,4,(R,JACK HILL (I),1506,42,932,532,0
Effingham,5C,State Senator,4,(R,JACK HILL (I),790,20,464,306,0
Effingham,,State Representative,159,(R,JON G. BURNS (I),7350,264,3605,3480,1
Effingham,1B,State Representative,159,(R,JON G. BURNS (I),1229,30,600,599,0
Effingham,3A,State Representative,159,(R,JON G. BURNS (I),575,23,336,216,0
Effingham,3B,State Representative,159,(R,JON G. BURNS (I),675,22,375,277,1
Effingham,3C,State Representative,159,(R,JON G. BURNS (I),876,32,380,464,0
Effingham,3D,State Representative,159,(R,JON G. BURNS (I),1128,44,558,526,0
Effingham,4A,State Representative,159,(R,JON G. BURNS (I),1397,50,637,710,0
Effingham,4B,State Representative,159,(R,JON G. BURNS (I),435,18,192,225,0
Effingham,4C,State Representative,159,(R,JON G. BURNS (I),1035,45,527,463,0
Effingham,,State Representative,161,R,BILL HITCHENS,9958,251,5990,3715,2
Effingham,1A,State Representative,161,R,BILL HITCHENS,652,15,316,321,0
Effingham,1C,State Representative,161,R,BILL HITCHENS,594,18,414,162,0
Effingham,1D,State Representative,161,R,BILL HITCHENS,871,14,574,282,1
Effingham,2A,State Representative,161,R,BILL HITCHENS,1131,25,678,428,0
Effingham,2B,State Representative,161,R,BILL HITCHENS,1432,35,896,501,0
Effingham,2C,State Representative,161,R,BILL HITCHENS,1395,45,819,530,1
Effingham,4B,State Representative,161,R,BILL HITCHENS,265,6,154,105,0
Effingham,5A,State Representative,161,R,BILL HITCHENS,1354,30,754,570,0
Effingham,5B,State Representative,161,R,BILL HITCHENS,1492,43,926,523,0
Effingham,5C,State Representative,161,R,BILL HITCHENS,772,20,459,293,0
Effingham,,District Attorney, Ogeechee Circuit,R,RICHARD MALLARD (I),17014,503,9470,7037,4
Effingham,1A,District Attorney, Ogeechee Circuit,R,RICHARD MALLARD (I),652,16,313,323,0
Effingham,1B,District Attorney, Ogeechee Circuit,R,RICHARD MALLARD (I),1213,33,594,586,0
Effingham,1C,District Attorney, Ogeechee Circuit,R,RICHARD MALLARD (I),607,18,426,163,0
Effingham,1D,District Attorney, Ogeechee Circuit,R,RICHARD MALLARD (I),861,13,571,276,1
Effingham,2A,District Attorney, Ogeechee Circuit,R,RICHARD MALLARD (I),1130,23,678,429,0
Effingham,2B,District Attorney, Ogeechee Circuit,R,RICHARD MALLARD (I),1426,35,893,498,0
Effingham,2C,District Attorney, Ogeechee Circuit,R,RICHARD MALLARD (I),1366,46,801,518,1
Effingham,3A,District Attorney, Ogeechee Circuit,R,RICHARD MALLARD (I),537,20,318,199,0
Effingham,3B,District Attorney, Ogeechee Circuit,R,RICHARD MALLARD (I),650,24,371,254,1
Effingham,3C,District Attorney, Ogeechee Circuit,R,RICHARD MALLARD (I),838,29,372,436,1
Effingham,3D,District Attorney, Ogeechee Circuit,R,RICHARD MALLARD (I),1095,42,541,512,0
Effingham,4A,District Attorney, Ogeechee Circuit,R,RICHARD MALLARD (I),1350,47,622,681,0
Effingham,4B,District Attorney, Ogeechee Circuit,R,RICHARD MALLARD (I),693,24,347,322,0
Effingham,4C,District Attorney, Ogeechee Circuit,R,RICHARD MALLARD (I),1022,44,516,462,0
Effingham,5A,District Attorney, Ogeechee Circuit,R,RICHARD MALLARD (I),1325,28,737,560,0
Effingham,5B,District Attorney, Ogeechee Circuit,R,RICHARD MALLARD (I),1476,42,914,520,0
Effingham,5C,District Attorney, Ogeechee Circuit,R,RICHARD MALLARD (I),773,19,456,298,0
Effingham,,Superior Court Clerk,,D,ELIZABETH HURSEY (I),15335,460,8478,6390,7
Effingham,1A,Superior Court Clerk,,D,ELIZABETH HURSEY (I),530,10,260,260,0
Effingham,1B,Superior Court Clerk,,D,ELIZABETH HURSEY (I),1046,29,518,499,0
Effingham,1C,Superior Court Clerk,,D,ELIZABETH HURSEY (I),525,20,364,141,0
Effingham,1D,Superior Court Clerk,,D,ELIZABETH HURSEY (I),703,8,467,227,1
Effingham,2A,Superior Court Clerk,,D,ELIZABETH HURSEY (I),884,18,548,318,0
Effingham,2B,Superior Court Clerk,,D,ELIZABETH HURSEY (I),1214,31,750,433,0
Effingham,2C,Superior Court Clerk,,D,ELIZABETH HURSEY (I),1141,37,663,440,1
Effingham,3A,Superior Court Clerk,,D,ELIZABETH HURSEY (I),546,25,304,217,0
Effingham,3B,Superior Court Clerk,,D,ELIZABETH HURSEY (I),763,28,434,300,1
Effingham,3C,Superior Court Clerk,,D,ELIZABETH HURSEY (I),869,29,382,456,2
Effingham,3D,Superior Court Clerk,,D,ELIZABETH HURSEY (I),1067,29,553,485,0
Effingham,4A,Superior Court Clerk,,D,ELIZABETH HURSEY (I),1260,43,582,635,0
Effingham,4B,Superior Court Clerk,,D,ELIZABETH HURSEY (I),747,23,361,363,0
Effingham,4C,Superior Court Clerk,,D,ELIZABETH HURSEY (I),865,38,448,379,0
Effingham,5A,Superior Court Clerk,,D,ELIZABETH HURSEY (I),1156,32,654,470,0
Effingham,5B,Superior Court Clerk,,D,ELIZABETH HURSEY (I),1369,41,835,492,1
Effingham,5C,Superior Court Clerk,,D,ELIZABETH HURSEY (I),650,19,355,275,1
Effingham,,Sheriff,,(R,JIMMY MCDUFFIE (I),17874,535,9892,7443,4
Effingham,1A,Sheriff,,(R,JIMMY MCDUFFIE (I),652,17,313,322,0
Effingham,1B,Sheriff,,(R,JIMMY MCDUFFIE (I),1268,33,627,608,0
Effingham,1C,Sheriff,,(R,JIMMY MCDUFFIE (I),612,21,427,164,0
Effingham,1D,Sheriff,,(R,JIMMY MCDUFFIE (I),899,13,594,291,1
Effingham,2A,Sheriff,,(R,JIMMY MCDUFFIE (I),1155,23,695,437,0
Effingham,2B,Sheriff,,(R,JIMMY MCDUFFIE (I),1466,36,915,515,0
Effingham,2C,Sheriff,,(R,JIMMY MCDUFFIE (I),1395,45,818,531,1
Effingham,3A,Sheriff,,(R,JIMMY MCDUFFIE (I),605,22,347,236,0
Effingham,3B,Sheriff,,(R,JIMMY MCDUFFIE (I),747,26,426,294,1
Effingham,3C,Sheriff,,(R,JIMMY MCDUFFIE (I),912,33,395,483,1
Effingham,3D,Sheriff,,(R,JIMMY MCDUFFIE (I),1191,44,600,547,0
Effingham,4A,Sheriff,,(R,JIMMY MCDUFFIE (I),1451,53,652,746,0
Effingham,4B,Sheriff,,(R,JIMMY MCDUFFIE (I),762,25,375,362,0
Effingham,4C,Sheriff,,(R,JIMMY MCDUFFIE (I),1057,48,540,469,0
Effingham,5A,Sheriff,,(R,JIMMY MCDUFFIE (I),1367,29,759,579,0
Effingham,5B,Sheriff,,(R,JIMMY MCDUFFIE (I),1539,46,948,545,0
Effingham,5C,Sheriff,,(R,JIMMY MCDUFFIE (I),796,21,461,314,0
Effingham,,Tax Commissioner,,(R,LINDA MCDANIEL (I),17582,520,9726,7332,4
Effingham,1A,Tax Commissioner,,(R,LINDA MCDANIEL (I),655,17,314,324,0
Effingham,1B,Tax Commissioner,,(R,LINDA MCDANIEL (I),1264,31,622,611,0
Effingham,1C,Tax Commissioner,,(R,LINDA MCDANIEL (I),618,23,429,166,0
Effingham,1D,Tax Commissioner,,(R,LINDA MCDANIEL (I),891,14,582,294,1
Effingham,2A,Tax Commissioner,,(R,LINDA MCDANIEL (I),1155,24,692,439,0
Effingham,2B,Tax Commissioner,,(R,LINDA MCDANIEL (I),1445,36,907,502,0
Effingham,2C,Tax Commissioner,,(R,LINDA MCDANIEL (I),1393,46,814,532,1
Effingham,3A,Tax Commissioner,,(R,LINDA MCDANIEL (I),585,23,335,227,0
Effingham,3B,Tax Commissioner,,(R,LINDA MCDANIEL (I),700,27,398,274,1
Effingham,3C,Tax Commissioner,,(R,LINDA MCDANIEL (I),888,30,388,469,1
Effingham,3D,Tax Commissioner,,(R,LINDA MCDANIEL (I),1163,38,586,539,0
Effingham,4A,Tax Commissioner,,(R,LINDA MCDANIEL (I),1406,49,640,717,0
Effingham,4B,Tax Commissioner,,(R,LINDA MCDANIEL (I),722,24,344,354,0
Effingham,4C,Tax Commissioner,,(R,LINDA MCDANIEL (I),1043,43,537,463,0
Effingham,5A,Tax Commissioner,,(R,LINDA MCDANIEL (I),1360,29,748,583,0
Effingham,5B,Tax Commissioner,,(R,LINDA MCDANIEL (I),1506,46,929,531,0
Effingham,5C,Tax Commissioner,,(R,LINDA MCDANIEL (I),788,20,461,307,0
Effingham,,Coroner,,(R,DAVID EXLEY (I),17581,516,9714,7347,4
Effingham,1A,Coroner,,(R,DAVID EXLEY (I),654,16,318,320,0
Effingham,1B,Coroner,,(R,DAVID EXLEY (I),1235,33,604,598,0
Effingham,1C,Coroner,,(R,DAVID EXLEY (I),616,21,425,170,0
Effingham,1D,Coroner,,(R,DAVID EXLEY (I),889,14,580,294,1
Effingham,2A,Coroner,,(R,DAVID EXLEY (I),1150,24,688,438,0
Effingham,2B,Coroner,,(R,DAVID EXLEY (I),1436,34,898,504,0
Effingham,2C,Coroner,,(R,DAVID EXLEY (I),1392,46,807,538,1
Effingham,3A,Coroner,,(R,DAVID EXLEY (I),583,23,332,228,0
Effingham,3B,Coroner,,(R,DAVID EXLEY (I),716,25,410,280,1
Effingham,3C,Coroner,,(R,DAVID EXLEY (I),908,33,392,482,1
Effingham,3D,Coroner,,(R,DAVID EXLEY (I),1146,42,570,534,0
Effingham,4A,Coroner,,(R,DAVID EXLEY (I),1424,50,646,728,0
Effingham,4B,Coroner,,(R,DAVID EXLEY (I),725,24,354,347,0
Effingham,4C,Coroner,,(R,DAVID EXLEY (I),1038,42,534,462,0
Effingham,5A,Coroner,,(R,DAVID EXLEY (I),1365,27,751,587,0
Effingham,5B,Coroner,,(R,DAVID EXLEY (I),1519,44,944,531,0
Effingham,5C,Coroner,,(R,DAVID EXLEY (I),785,18,461,306,0
Effingham,,County Comm At Large,,R,WENDALL KESSLER,12670,374,7059,5236,1
Effingham,1A,County Comm At Large,,R,WENDALL KESSLER,506,14,254,238,0
Effingham,1B,County Comm At Large,,R,WENDALL KESSLER,951,28,455,468,0
Effingham,1C,County Comm At Large,,R,WENDALL KESSLER,421,11,294,116,0
Effingham,1D,County Comm At Large,,R,WENDALL KESSLER,723,11,477,235,0
Effingham,2A,County Comm At Large,,R,WENDALL KESSLER,966,22,567,377,0
Effingham,2B,County Comm At Large,,R,WENDALL KESSLER,1125,30,709,386,0
Effingham,2C,County Comm At Large,,R,WENDALL KESSLER,1129,40,652,437,0
Effingham,3A,County Comm At Large,,R,WENDALL KESSLER,371,13,217,141,0
Effingham,3B,County Comm At Large,,R,WENDALL KESSLER,367,12,204,151,0
Effingham,3C,County Comm At Large,,R,WENDALL KESSLER,506,14,215,276,1
Effingham,3D,County Comm At Large,,R,WENDALL KESSLER,689,33,332,324,0
Effingham,4A,County Comm At Large,,R,WENDALL KESSLER,974,35,443,496,0
Effingham,4B,County Comm At Large,,R,WENDALL KESSLER,475,19,243,213,0
Effingham,4C,County Comm At Large,,R,WENDALL KESSLER,795,26,408,361,0
Effingham,5A,County Comm At Large,,R,WENDALL KESSLER,1039,19,580,440,0
Effingham,5B,County Comm At Large,,R,WENDALL KESSLER,1044,30,650,364,0
Effingham,5C,County Comm At Large,,R,WENDALL KESSLER,589,17,359,213,0
Effingham,,County Comm At Large,,D,FRANKLIN GOLDWIRE,7316,255,3857,3198,6
Effingham,1A,County Comm At Large,,D,FRANKLIN GOLDWIRE,217,5,99,113,0
Effingham,1B,County Comm At Large,,D,FRANKLIN GOLDWIRE,424,9,206,209,0
Effingham,1C,County Comm At Large,,D,FRANKLIN GOLDWIRE,264,11,184,69,0
Effingham,1D,County Comm At Large,,D,FRANKLIN GOLDWIRE,246,4,151,90,1
Effingham,2A,County Comm At Large,,D,FRANKLIN GOLDWIRE,274,4,171,99,0
Effingham,2B,County Comm At Large,,D,FRANKLIN GOLDWIRE,499,17,296,186,0
Effingham,2C,County Comm At Large,,D,FRANKLIN GOLDWIRE,412,10,233,168,1
Effingham,3A,County Comm At Large,,D,FRANKLIN GOLDWIRE,324,17,178,129,0
Effingham,3B,County Comm At Large,,D,FRANKLIN GOLDWIRE,543,23,307,212,1
Effingham,3C,County Comm At Large,,D,FRANKLIN GOLDWIRE,524,27,227,269,1
Effingham,3D,County Comm At Large,,D,FRANKLIN GOLDWIRE,676,13,354,309,0
Effingham,4A,County Comm At Large,,D,FRANKLIN GOLDWIRE,617,22,271,324,0
Effingham,4B,County Comm At Large,,D,FRANKLIN GOLDWIRE,429,11,188,230,0
Effingham,4C,County Comm At Large,,D,FRANKLIN GOLDWIRE,351,27,168,156,0
Effingham,5A,County Comm At Large,,D,FRANKLIN GOLDWIRE,457,16,243,198,0
Effingham,5B,County Comm At Large,,D,FRANKLIN GOLDWIRE,762,32,435,294,1
Effingham,5C,County Comm At Large,,D,FRANKLIN GOLDWIRE,297,7,146,143,1
Effingham,,County Comm 1,,R,FORREST FLOYD,2806,70,1579,1157,0
Effingham,1A,County Comm 1,,R,FORREST FLOYD,566,12,286,268,0
Effingham,1B,County Comm 1,,R,FORREST FLOYD,1022,30,491,501,0
Effingham,1C,County Comm 1,,R,FORREST FLOYD,482,16,329,137,0
Effingham,1D,County Comm 1,,R,FORREST FLOYD,736,12,473,251,0
Effingham,,County Comm 1,,D,ROBERT BRANTLEY (I),904,24,519,361,0
Effingham,1A,County Comm 1,,D,ROBERT BRANTLEY (I),149,6,62,81,0
Effingham,1B,County Comm 1,,D,ROBERT BRANTLEY (I),321,7,154,160,0
Effingham,1C,County Comm 1,,D,ROBERT BRANTLEY (I),199,8,147,44,0
Effingham,1D,County Comm 1,,D,ROBERT BRANTLEY (I),235,3,156,76,0
Effingham,,County Comm 4,,(R,REGGIE LOPER (I),3011,110,1459,1442,0
Effingham,4A,County Comm 4,,(R,REGGIE LOPER (I),1344,45,617,682,0
Effingham,4B,County Comm 4,,(R,REGGIE LOPER (I),664,23,323,318,0
Effingham,4C,County Comm 4,,(R,REGGIE LOPER (I),1003,42,519,442,0
Effingham,,Constitutional Amendment #1<br>Shall the Constitution be amended to allow state or local approval of public charter schools upon the request of local communities?,,,YES,10649,387,5557,4700,5
Effingham,1A,Constitutional Amendment #1<br>Shall the Constitution be amended to allow state or local approval of public charter schools upon the request of local communities?,,,YES,395,13,185,197,0
Effingham,1B,Constitutional Amendment #1<br>Shall the Constitution be amended to allow state or local approval of public charter schools upon the request of local communities?,,,YES,757,23,353,381,0
Effingham,1C,Constitutional Amendment #1<br>Shall the Constitution be amended to allow state or local approval of public charter schools upon the request of local communities?,,,YES,379,19,247,113,0
Effingham,1D,Constitutional Amendment #1<br>Shall the Constitution be amended to allow state or local approval of public charter schools upon the request of local communities?,,,YES,547,10,351,186,0
Effingham,2A,Constitutional Amendment #1<br>Shall the Constitution be amended to allow state or local approval of public charter schools upon the request of local communities?,,,YES,657,21,374,262,0
Effingham,2B,Constitutional Amendment #1<br>Shall the Constitution be amended to allow state or local approval of public charter schools upon the request of local communities?,,,YES,872,26,539,307,0
Effingham,2C,Constitutional Amendment #1<br>Shall the Constitution be amended to allow state or local approval of public charter schools upon the request of local communities?,,,YES,837,31,458,347,1
Effingham,3A,Constitutional Amendment #1<br>Shall the Constitution be amended to allow state or local approval of public charter schools upon the request of local communities?,,,YES,345,21,176,148,0
Effingham,3B,Constitutional Amendment #1<br>Shall the Constitution be amended to allow state or local approval of public charter schools upon the request of local communities?,,,YES,416,14,212,189,1
Effingham,3C,Constitutional Amendment #1<br>Shall the Constitution be amended to allow state or local approval of public charter schools upon the request of local communities?,,,YES,464,18,189,256,1
Effingham,3D,Constitutional Amendment #1<br>Shall the Constitution be amended to allow state or local approval of public charter schools upon the request of local communities?,,,YES,683,22,332,328,1
Effingham,4A,Constitutional Amendment #1<br>Shall the Constitution be amended to allow state or local approval of public charter schools upon the request of local communities?,,,YES,844,32,361,451,0
Effingham,4B,Constitutional Amendment #1<br>Shall the Constitution be amended to allow state or local approval of public charter schools upon the request of local communities?,,,YES,445,17,209,219,0
Effingham,4C,Constitutional Amendment #1<br>Shall the Constitution be amended to allow state or local approval of public charter schools upon the request of local communities?,,,YES,676,33,306,337,0
Effingham,5A,Constitutional Amendment #1<br>Shall the Constitution be amended to allow state or local approval of public charter schools upon the request of local communities?,,,YES,818,24,415,379,0
Effingham,5B,Constitutional Amendment #1<br>Shall the Constitution be amended to allow state or local approval of public charter schools upon the request of local communities?,,,YES,1040,44,593,402,1
Effingham,5C,Constitutional Amendment #1<br>Shall the Constitution be amended to allow state or local approval of public charter schools upon the request of local communities?,,,YES,474,19,257,198,0
Effingham,,Constitutional Amendment #1<br>Shall the Constitution be amended to allow state or local approval of public charter schools upon the request of local communities?,,,NO,9187,222,5382,3581,2
Effingham,1A,Constitutional Amendment #1<br>Shall the Constitution be amended to allow state or local approval of public charter schools upon the request of local communities?,,,NO,330,7,171,152,0
Effingham,1B,Constitutional Amendment #1<br>Shall the Constitution be amended to allow state or local approval of public charter schools upon the request of local communities?,,,NO,614,14,326,274,0
Effingham,1C,Constitutional Amendment #1<br>Shall the Constitution be amended to allow state or local approval of public charter schools upon the request of local communities?,,,NO,314,5,239,70,0
Effingham,1D,Constitutional Amendment #1<br>Shall the Constitution be amended to allow state or local approval of public charter schools upon the request of local communities?,,,NO,426,5,278,142,1
Effingham,2A,Constitutional Amendment #1<br>Shall the Constitution be amended to allow state or local approval of public charter schools upon the request of local communities?,,,NO,580,8,360,212,0
Effingham,2B,Constitutional Amendment #1<br>Shall the Constitution be amended to allow state or local approval of public charter schools upon the request of local communities?,,,NO,758,20,480,258,0
Effingham,2C,Constitutional Amendment #1<br>Shall the Constitution be amended to allow state or local approval of public charter schools upon the request of local communities?,,,NO,706,19,440,247,0
Effingham,3A,Constitutional Amendment #1<br>Shall the Constitution be amended to allow state or local approval of public charter schools upon the request of local communities?,,,NO,329,6,207,116,0
Effingham,3B,Constitutional Amendment #1<br>Shall the Constitution be amended to allow state or local approval of public charter schools upon the request of local communities?,,,NO,453,19,281,153,0
Effingham,3C,Constitutional Amendment #1<br>Shall the Constitution be amended to allow state or local approval of public charter schools upon the request of local communities?,,,NO,537,22,243,271,1
Effingham,3D,Constitutional Amendment #1<br>Shall the Constitution be amended to allow state or local approval of public charter schools upon the request of local communities?,,,NO,647,23,344,280,0
Effingham,4A,Constitutional Amendment #1<br>Shall the Constitution be amended to allow state or local approval of public charter schools upon the request of local communities?,,,NO,734,20,354,360,0
Effingham,4B,Constitutional Amendment #1<br>Shall the Constitution be amended to allow state or local approval of public charter schools upon the request of local communities?,,,NO,439,8,224,207,0
Effingham,4C,Constitutional Amendment #1<br>Shall the Constitution be amended to allow state or local approval of public charter schools upon the request of local communities?,,,NO,471,17,279,175,0
Effingham,5A,Constitutional Amendment #1<br>Shall the Constitution be amended to allow state or local approval of public charter schools upon the request of local communities?,,,NO,674,9,410,255,0
Effingham,5B,Constitutional Amendment #1<br>Shall the Constitution be amended to allow state or local approval of public charter schools upon the request of local communities?,,,NO,767,16,495,256,0
Effingham,5C,Constitutional Amendment #1<br>Shall the Constitution be amended to allow state or local approval of public charter schools upon the request of local communities?,,,NO,408,4,251,153,0
Effingham,,Constitutional Amendment #2<br>Shall the Constitution be amended so as to provide for a reduction in the state's operating costs by allowing the General Assembly to authorize certain state agencies to enter into multiyear rental agreements?,,,YES,12192,385,6622,5181,4
Effingham,1A,Constitutional Amendment #2<br>Shall the Constitution be amended so as to provide for a reduction in the state's operating costs by allowing the General Assembly to authorize certain state agencies to enter into multiyear rental agreements?,,,YES,483,14,237,232,0
Effingham,1B,Constitutional Amendment #2<br>Shall the Constitution be amended so as to provide for a reduction in the state's operating costs by allowing the General Assembly to authorize certain state agencies to enter into multiyear rental agreements?,,,YES,824,26,403,395,0
Effingham,1C,Constitutional Amendment #2<br>Shall the Constitution be amended so as to provide for a reduction in the state's operating costs by allowing the General Assembly to authorize certain state agencies to enter into multiyear rental agreements?,,,YES,424,14,285,125,0
Effingham,1D,Constitutional Amendment #2<br>Shall the Constitution be amended so as to provide for a reduction in the state's operating costs by allowing the General Assembly to authorize certain state agencies to enter into multiyear rental agreements?,,,YES,585,10,374,200,1
Effingham,2A,Constitutional Amendment #2<br>Shall the Constitution be amended so as to provide for a reduction in the state's operating costs by allowing the General Assembly to authorize certain state agencies to enter into multiyear rental agreements?,,,YES,813,18,483,312,0
Effingham,2B,Constitutional Amendment #2<br>Shall the Constitution be amended so as to provide for a reduction in the state's operating costs by allowing the General Assembly to authorize certain state agencies to enter into multiyear rental agreements?,,,YES,1031,28,641,362,0
Effingham,2C,Constitutional Amendment #2<br>Shall the Constitution be amended so as to provide for a reduction in the state's operating costs by allowing the General Assembly to authorize certain state agencies to enter into multiyear rental agreements?,,,YES,956,38,536,381,1
Effingham,3A,Constitutional Amendment #2<br>Shall the Constitution be amended so as to provide for a reduction in the state's operating costs by allowing the General Assembly to authorize certain state agencies to enter into multiyear rental agreements?,,,YES,360,17,208,135,0
Effingham,3B,Constitutional Amendment #2<br>Shall the Constitution be amended so as to provide for a reduction in the state's operating costs by allowing the General Assembly to authorize certain state agencies to enter into multiyear rental agreements?,,,YES,481,16,257,208,0
Effingham,3C,Constitutional Amendment #2<br>Shall the Constitution be amended so as to provide for a reduction in the state's operating costs by allowing the General Assembly to authorize certain state agencies to enter into multiyear rental agreements?,,,YES,583,18,258,307,0
Effingham,3D,Constitutional Amendment #2<br>Shall the Constitution be amended so as to provide for a reduction in the state's operating costs by allowing the General Assembly to authorize certain state agencies to enter into multiyear rental agreements?,,,YES,762,27,373,361,1
Effingham,4A,Constitutional Amendment #2<br>Shall the Constitution be amended so as to provide for a reduction in the state's operating costs by allowing the General Assembly to authorize certain state agencies to enter into multiyear rental agreements?,,,YES,956,24,424,508,0
Effingham,4B,Constitutional Amendment #2<br>Shall the Constitution be amended so as to provide for a reduction in the state's operating costs by allowing the General Assembly to authorize certain state agencies to enter into multiyear rental agreements?,,,YES,554,12,279,263,0
Effingham,4C,Constitutional Amendment #2<br>Shall the Constitution be amended so as to provide for a reduction in the state's operating costs by allowing the General Assembly to authorize certain state agencies to enter into multiyear rental agreements?,,,YES,709,33,348,328,0
Effingham,5A,Constitutional Amendment #2<br>Shall the Constitution be amended so as to provide for a reduction in the state's operating costs by allowing the General Assembly to authorize certain state agencies to enter into multiyear rental agreements?,,,YES,917,25,483,409,0
Effingham,5B,Constitutional Amendment #2<br>Shall the Constitution be amended so as to provide for a reduction in the state's operating costs by allowing the General Assembly to authorize certain state agencies to enter into multiyear rental agreements?,,,YES,1169,47,691,430,1
Effingham,5C,Constitutional Amendment #2<br>Shall the Constitution be amended so as to provide for a reduction in the state's operating costs by allowing the General Assembly to authorize certain state agencies to enter into multiyear rental agreements?,,,YES,585,18,342,225,0
Effingham,,Constitutional Amendment #2<br>Shall the Constitution be amended so as to provide for a reduction in the state's operating costs by allowing the General Assembly to authorize certain state agencies to enter into multiyear rental agreements?,,,NO,6713,204,3795,2711,3
Effingham,1A,Constitutional Amendment #2<br>Shall the Constitution be amended so as to provide for a reduction in the state's operating costs by allowing the General Assembly to authorize certain state agencies to enter into multiyear rental agreements?,,,NO,216,6,103,107,0
Effingham,1B,Constitutional Amendment #2<br>Shall the Constitution be amended so as to provide for a reduction in the state's operating costs by allowing the General Assembly to authorize certain state agencies to enter into multiyear rental agreements?,,,NO,486,12,238,236,0
Effingham,1C,Constitutional Amendment #2<br>Shall the Constitution be amended so as to provide for a reduction in the state's operating costs by allowing the General Assembly to authorize certain state agencies to enter into multiyear rental agreements?,,,NO,244,10,180,54,0
Effingham,1D,Constitutional Amendment #2<br>Shall the Constitution be amended so as to provide for a reduction in the state's operating costs by allowing the General Assembly to authorize certain state agencies to enter into multiyear rental agreements?,,,NO,336,2,231,103,0
Effingham,2A,Constitutional Amendment #2<br>Shall the Constitution be amended so as to provide for a reduction in the state's operating costs by allowing the General Assembly to authorize certain state agencies to enter into multiyear rental agreements?,,,NO,360,9,220,131,0
Effingham,2B,Constitutional Amendment #2<br>Shall the Constitution be amended so as to provide for a reduction in the state's operating costs by allowing the General Assembly to authorize certain state agencies to enter into multiyear rental agreements?,,,NO,531,17,330,184,0
Effingham,2C,Constitutional Amendment #2<br>Shall the Constitution be amended so as to provide for a reduction in the state's operating costs by allowing the General Assembly to authorize certain state agencies to enter into multiyear rental agreements?,,,NO,510,9,319,182,0
Effingham,3A,Constitutional Amendment #2<br>Shall the Constitution be amended so as to provide for a reduction in the state's operating costs by allowing the General Assembly to authorize certain state agencies to enter into multiyear rental agreements?,,,NO,255,9,147,99,0
Effingham,3B,Constitutional Amendment #2<br>Shall the Constitution be amended so as to provide for a reduction in the state's operating costs by allowing the General Assembly to authorize certain state agencies to enter into multiyear rental agreements?,,,NO,340,17,212,110,1
Effingham,3C,Constitutional Amendment #2<br>Shall the Constitution be amended so as to provide for a reduction in the state's operating costs by allowing the General Assembly to authorize certain state agencies to enter into multiyear rental agreements?,,,NO,370,20,148,200,2
Effingham,3D,Constitutional Amendment #2<br>Shall the Constitution be amended so as to provide for a reduction in the state's operating costs by allowing the General Assembly to authorize certain state agencies to enter into multiyear rental agreements?,,,NO,508,18,277,213,0
Effingham,4A,Constitutional Amendment #2<br>Shall the Constitution be amended so as to provide for a reduction in the state's operating costs by allowing the General Assembly to authorize certain state agencies to enter into multiyear rental agreements?,,,NO,543,24,247,272,0
Effingham,4B,Constitutional Amendment #2<br>Shall the Constitution be amended so as to provide for a reduction in the state's operating costs by allowing the General Assembly to authorize certain state agencies to enter into multiyear rental agreements?,,,NO,286,12,132,142,0
Effingham,4C,Constitutional Amendment #2<br>Shall the Constitution be amended so as to provide for a reduction in the state's operating costs by allowing the General Assembly to authorize certain state agencies to enter into multiyear rental agreements?,,,NO,396,16,213,167,0
Effingham,5A,Constitutional Amendment #2<br>Shall the Constitution be amended so as to provide for a reduction in the state's operating costs by allowing the General Assembly to authorize certain state agencies to enter into multiyear rental agreements?,,,NO,506,8,298,200,0
Effingham,5B,Constitutional Amendment #2<br>Shall the Constitution be amended so as to provide for a reduction in the state's operating costs by allowing the General Assembly to authorize certain state agencies to enter into multiyear rental agreements?,,,NO,571,11,357,203,0
Effingham,5C,Constitutional Amendment #2<br>Shall the Constitution be amended so as to provide for a reduction in the state's operating costs by allowing the General Assembly to authorize certain state agencies to enter into multiyear rental agreements?,,,NO,255,4,143,108,0
