county,precinct,office,district,party,candidate,votes,absentee_by_mail,election_day,advance_in_person,provisional
Randolph,,President of the United States,,R,MITT ROMNEY,1271,56,647,546,22
Randolph,Coleman,President of the United States,,R,MITT ROMNEY,88,5,57,24,2
Randolph,Shellman,President of the United States,,R,MITT ROMNEY,178,7,132,37,2
Randolph,Benevolence,President of the United States,,R,MITT ROMNEY,160,18,72,66,4
Randolph,Cuthbert/Courthouse,President of the United States,,R,MITT ROMNEY,423,18,99,302,4
Randolph,Cuthbert,President of the United States,,R,MITT ROMNEY,12,2,2,8,0
Randolph,Carnegie,President of the United States,,R,MITT ROMNEY,214,2,155,54,3
Randolph,Fountain Bridge-5th,President of the United States,,R,MITT ROMNEY,71,1,54,15,1
Randolph,Springvale,President of the United States,,R,MITT ROMNEY,63,2,31,28,2
Randolph,4th District,President of the United States,,R,MITT ROMNEY,62,1,45,12,4
Randolph,,President of the United States,,D,BARACK OBAMA (I),1770,155,816,778,21
Randolph,Coleman,President of the United States,,D,BARACK OBAMA (I),67,2,46,15,4
Randolph,Shellman,President of the United States,,D,BARACK OBAMA (I),337,64,219,46,8
Randolph,Benevolence,President of the United States,,D,BARACK OBAMA (I),96,5,67,24,0
Randolph,Cuthbert/Courthouse,President of the United States,,D,BARACK OBAMA (I),825,46,287,487,5
Randolph,Cuthbert,President of the United States,,D,BARACK OBAMA (I),267,27,119,118,3
Randolph,Carnegie,President of the United States,,D,BARACK OBAMA (I),25,0,10,14,1
Randolph,Fountain Bridge-5th,President of the United States,,D,BARACK OBAMA (I),13,0,12,1,0
Randolph,Springvale,President of the United States,,D,BARACK OBAMA (I),127,9,46,72,0
Randolph,4th District,President of the United States,,D,BARACK OBAMA (I),13,2,10,1,0
Randolph,,President of the United States,,LIB,GARY JOHNSON,17,2,10,5,0
Randolph,Coleman,President of the United States,,LIB,GARY JOHNSON,2,0,2,0,0
Randolph,Shellman,President of the United States,,LIB,GARY JOHNSON,2,0,2,0,0
Randolph,Benevolence,President of the United States,,LIB,GARY JOHNSON,0,0,0,0,0
Randolph,Cuthbert/Courthouse,President of the United States,,LIB,GARY JOHNSON,7,1,3,3,0
Randolph,Cuthbert,President of the United States,,LIB,GARY JOHNSON,3,1,1,1,0
Randolph,Carnegie,President of the United States,,LIB,GARY JOHNSON,2,0,2,0,0
Randolph,Fountain Bridge-5th,President of the United States,,LIB,GARY JOHNSON,0,0,0,0,0
Randolph,Springvale,President of the United States,,LIB,GARY JOHNSON,1,0,0,1,0
Randolph,4th District,President of the United States,,LIB,GARY JOHNSON,0,0,0,0,0
Randolph,,"Public Service Commission, District 3",3,R,CHUCK EATON (I),1058,56,526,453,23
Randolph,Coleman,"Public Service Commission, District 3",3,R,CHUCK EATON (I),72,5,42,21,4
Randolph,Shellman,"Public Service Commission, District 3",3,R,CHUCK EATON (I),145,9,101,32,3
Randolph,Benevolence,"Public Service Commission, District 3",3,R,CHUCK EATON (I),141,16,60,61,4
Randolph,Cuthbert/Courthouse,"Public Service Commission, District 3",3,R,CHUCK EATON (I),359,18,95,243,3
Randolph,Cuthbert,"Public Service Commission, District 3",3,R,CHUCK EATON (I),22,3,8,11,0
Randolph,Carnegie,"Public Service Commission, District 3",3,R,CHUCK EATON (I),158,2,113,41,2
Randolph,Fountain Bridge-5th,"Public Service Commission, District 3",3,R,CHUCK EATON (I),56,1,44,10,1
Randolph,Springvale,"Public Service Commission, District 3",3,R,CHUCK EATON (I),58,2,28,26,2
Randolph,4th District,"Public Service Commission, District 3",3,R,CHUCK EATON (I),47,0,35,8,4
Randolph,,"Public Service Commission, District 3",3,D,STEPHEN OPPENHEIMER,1414,136,664,596,18
Randolph,Coleman,"Public Service Commission, District 3",3,D,STEPHEN OPPENHEIMER,55,1,40,12,2
Randolph,Shellman,"Public Service Commission, District 3",3,D,STEPHEN OPPENHEIMER,268,58,168,36,6
Randolph,Benevolence,"Public Service Commission, District 3",3,D,STEPHEN OPPENHEIMER,74,4,53,17,0
Randolph,Cuthbert/Courthouse,"Public Service Commission, District 3",3,D,STEPHEN OPPENHEIMER,641,40,226,370,5
Randolph,Cuthbert,"Public Service Commission, District 3",3,D,STEPHEN OPPENHEIMER,208,23,89,93,3
Randolph,Carnegie,"Public Service Commission, District 3",3,D,STEPHEN OPPENHEIMER,38,0,21,15,2
Randolph,Fountain Bridge-5th,"Public Service Commission, District 3",3,D,STEPHEN OPPENHEIMER,13,0,13,0,0
Randolph,Springvale,"Public Service Commission, District 3",3,D,STEPHEN OPPENHEIMER,98,8,39,51,0
Randolph,4th District,"Public Service Commission, District 3",3,D,STEPHEN OPPENHEIMER,19,2,15,2,0
Randolph,,"Public Service Commission, District 3",3,L,BRAD PLOEGER,41,0,24,17,0
Randolph,Coleman,"Public Service Commission, District 3",3,L,BRAD PLOEGER,4,0,4,0,0
Randolph,Shellman,"Public Service Commission, District 3",3,L,BRAD PLOEGER,9,0,6,3,0
Randolph,Benevolence,"Public Service Commission, District 3",3,L,BRAD PLOEGER,5,0,3,2,0
Randolph,Cuthbert/Courthouse,"Public Service Commission, District 3",3,L,BRAD PLOEGER,15,0,6,9,0
Randolph,Cuthbert,"Public Service Commission, District 3",3,L,BRAD PLOEGER,1,0,1,0,0
Randolph,Carnegie,"Public Service Commission, District 3",3,L,BRAD PLOEGER,4,0,3,1,0
Randolph,Fountain Bridge-5th,"Public Service Commission, District 3",3,L,BRAD PLOEGER,1,0,1,0,0
Randolph,Springvale,"Public Service Commission, District 3",3,L,BRAD PLOEGER,2,0,0,2,0
Randolph,4th District,"Public Service Commission, District 3",3,L,BRAD PLOEGER,0,0,0,0,0
Randolph,,"Public Service Commission, District 5",5,R,STAN WISE (I),1316,67,662,566,21
Randolph,Coleman,"Public Service Commission, District 5",5,R,STAN WISE (I),82,5,53,21,3
Randolph,Shellman,"Public Service Commission, District 5",5,R,STAN WISE (I),183,10,132,38,3
Randolph,Benevolence,"Public Service Commission, District 5",5,R,STAN WISE (I),156,15,74,64,3
Randolph,Cuthbert/Courthouse,"Public Service Commission, District 5",5,R,STAN WISE (I),462,25,130,303,4
Randolph,Cuthbert,"Public Service Commission, District 5",5,R,STAN WISE (I),66,5,21,40,0
Randolph,Carnegie,"Public Service Commission, District 5",5,R,STAN WISE (I),178,2,130,44,2
Randolph,Fountain Bridge-5th,"Public Service Commission, District 5",5,R,STAN WISE (I),65,1,52,11,1
Randolph,Springvale,"Public Service Commission, District 5",5,R,STAN WISE (I),71,4,30,35,2
Randolph,4th District,"Public Service Commission, District 5",5,R,STAN WISE (I),53,0,40,10,3
Randolph,,"Public Service Commission, District 5",5,L,DAVID STAPLES,765,47,394,308,16
Randolph,Coleman,"Public Service Commission, District 5",5,L,DAVID STAPLES,36,1,22,10,3
Randolph,Shellman,"Public Service Commission, District 5",5,L,DAVID STAPLES,140,14,95,27,4
Randolph,Benevolence,"Public Service Commission, District 5",5,L,DAVID STAPLES,45,4,32,9,0
Randolph,Cuthbert/Courthouse,"Public Service Commission, District 5",5,L,DAVID STAPLES,370,16,154,196,4
Randolph,Cuthbert,"Public Service Commission, District 5",5,L,DAVID STAPLES,90,8,50,29,3
Randolph,Carnegie,"Public Service Commission, District 5",5,L,DAVID STAPLES,17,0,6,9,2
Randolph,Fountain Bridge-5th,"Public Service Commission, District 5",5,L,DAVID STAPLES,5,0,5,0,0
Randolph,Springvale,"Public Service Commission, District 5",5,L,DAVID STAPLES,55,3,24,28,0
Randolph,4th District,"Public Service Commission, District 5",5,L,DAVID STAPLES,7,1,6,0,0
Randolph,,U.S. Representative,2,R,JOHN HOUSE,1019,49,496,461,13
Randolph,Coleman,U.S. Representative,2,R,JOHN HOUSE,73,5,48,19,1
Randolph,Shellman,U.S. Representative,2,R,JOHN HOUSE,130,7,93,30,0
Randolph,Benevolence,U.S. Representative,2,R,JOHN HOUSE,134,16,56,59,3
Randolph,Cuthbert/Courthouse,U.S. Representative,2,R,JOHN HOUSE,344,15,77,249,3
Randolph,Cuthbert,U.S. Representative,2,R,JOHN HOUSE,16,2,5,9,0
Randolph,Carnegie,U.S. Representative,2,R,JOHN HOUSE,159,2,114,42,1
Randolph,Fountain Bridge-5th,U.S. Representative,2,R,JOHN HOUSE,63,1,48,13,1
Randolph,Springvale,U.S. Representative,2,R,JOHN HOUSE,63,1,28,33,1
Randolph,4th District,U.S. Representative,2,R,JOHN HOUSE,37,0,27,7,3
Randolph,,U.S. Representative,2,D,SANFORD BISHOP (I),1960,156,941,834,29
Randolph,Coleman,U.S. Representative,2,D,SANFORD BISHOP (I),78,2,52,19,5
Randolph,Shellman,U.S. Representative,2,D,SANFORD BISHOP (I),374,61,250,53,10
Randolph,Benevolence,U.S. Representative,2,D,SANFORD BISHOP (I),117,6,82,28,1
Randolph,Cuthbert/Courthouse,U.S. Representative,2,D,SANFORD BISHOP (I),880,49,302,523,6
Randolph,Cuthbert,U.S. Representative,2,D,SANFORD BISHOP (I),255,26,113,113,3
Randolph,Carnegie,U.S. Representative,2,D,SANFORD BISHOP (I),75,0,48,24,3
Randolph,Fountain Bridge-5th,U.S. Representative,2,D,SANFORD BISHOP (I),21,0,18,3,0
Randolph,Springvale,U.S. Representative,2,D,SANFORD BISHOP (I),124,9,48,66,1
Randolph,4th District,U.S. Representative,2,D,SANFORD BISHOP (I),36,3,28,5,0
Randolph,,State Senator,12,D,FREDDIE POWELL (I),2191,167,1034,957,33
Randolph,Coleman,State Senator,12,D,FREDDIE POWELL (I),115,5,76,30,4
Randolph,Shellman,State Senator,12,D,FREDDIE POWELL (I),388,63,256,61,8
Randolph,Benevolence,State Senator,12,D,FREDDIE POWELL (I),164,13,89,58,4
Randolph,Cuthbert/Courthouse,State Senator,12,D,FREDDIE POWELL (I),918,47,291,572,8
Randolph,Cuthbert,State Senator,12,D,FREDDIE POWELL (I),221,24,90,104,3
Randolph,Carnegie,State Senator,12,D,FREDDIE POWELL (I),143,2,96,42,3
Randolph,Fountain Bridge-5th,State Senator,12,D,FREDDIE POWELL (I),55,1,44,9,1
Randolph,Springvale,State Senator,12,D,FREDDIE POWELL (I),140,10,55,74,1
Randolph,4th District,State Senator,12,D,FREDDIE POWELL (I),47,2,37,7,1
Randolph,,State Representative,151,R,GERALD E. GREENE (I),2250,131,1132,953,34
Randolph,Coleman,State Representative,151,R,GERALD E. GREENE (I),122,6,83,29,4
Randolph,Shellman,State Representative,151,R,GERALD E. GREENE (I),367,44,252,64,7
Randolph,Benevolence,State Representative,151,R,GERALD E. GREENE (I),205,15,109,77,4
Randolph,Cuthbert/Courthouse,State Representative,151,R,GERALD E. GREENE (I),902,40,290,565,7
Randolph,Cuthbert,State Representative,151,R,GERALD E. GREENE (I),177,16,86,72,3
Randolph,Carnegie,State Representative,151,R,GERALD E. GREENE (I),207,2,149,53,3
Randolph,Fountain Bridge-5th,State Representative,151,R,GERALD E. GREENE (I),72,1,56,14,1
Randolph,Springvale,State Representative,151,R,GERALD E. GREENE (I),135,6,58,70,1
Randolph,4th District,State Representative,151,R,GERALD E. GREENE (I),63,1,49,9,4
Randolph,,District Attorney, Pataula Circuit,D,T. CRAIG EARNEST (I),2295,162,1098,999,36
Randolph,Coleman,District Attorney, Pataula Circuit,D,T. CRAIG EARNEST (I),119,4,80,30,5
Randolph,Shellman,District Attorney, Pataula Circuit,D,T. CRAIG EARNEST (I),382,62,250,61,9
Randolph,Benevolence,District Attorney, Pataula Circuit,D,T. CRAIG EARNEST (I),180,12,102,62,4
Randolph,Cuthbert/Courthouse,District Attorney, Pataula Circuit,D,T. CRAIG EARNEST (I),951,42,310,590,9
Randolph,Cuthbert,District Attorney, Pataula Circuit,D,T. CRAIG EARNEST (I),225,26,91,106,2
Randolph,Carnegie,District Attorney, Pataula Circuit,D,T. CRAIG EARNEST (I),171,2,116,50,3
Randolph,Fountain Bridge-5th,District Attorney, Pataula Circuit,D,T. CRAIG EARNEST (I),65,1,51,12,1
Randolph,Springvale,District Attorney, Pataula Circuit,D,T. CRAIG EARNEST (I),149,10,57,81,1
Randolph,4th District,District Attorney, Pataula Circuit,D,T. CRAIG EARNEST (I),53,3,41,7,2
Randolph,,CLERK, SUPERIOR COURT,D,KAY ARNOLD (I),2537,178,1219,1103,37
Randolph,Coleman,CLERK, SUPERIOR COURT,D,KAY ARNOLD (I),132,6,88,32,6
Randolph,Shellman,CLERK, SUPERIOR COURT,D,KAY ARNOLD (I),430,67,288,67,8
Randolph,Benevolence,CLERK, SUPERIOR COURT,D,KAY ARNOLD (I),203,14,115,70,4
Randolph,Cuthbert/Courthouse,CLERK, SUPERIOR COURT,D,KAY ARNOLD (I),1054,48,331,666,9
Randolph,Cuthbert,CLERK, SUPERIOR COURT,D,KAY ARNOLD (I),234,27,97,108,2
Randolph,Carnegie,CLERK, SUPERIOR COURT,D,KAY ARNOLD (I),195,2,135,55,3
Randolph,Fountain Bridge-5th,CLERK, SUPERIOR COURT,D,KAY ARNOLD (I),72,1,55,15,1
Randolph,Springvale,CLERK, SUPERIOR COURT,D,KAY ARNOLD (I),156,10,64,81,1
Randolph,4th District,CLERK, SUPERIOR COURT,D,KAY ARNOLD (I),61,3,46,9,3
Randolph,,SHERIFF,,D,GARY YOCHUM SR. (I),2611,178,1252,1144,37
Randolph,Coleman,SHERIFF,,D,GARY YOCHUM SR. (I),132,5,92,29,6
Randolph,Shellman,SHERIFF,,D,GARY YOCHUM SR. (I),446,66,299,73,8
Randolph,Benevolence,SHERIFF,,D,GARY YOCHUM SR. (I),206,15,118,69,4
Randolph,Cuthbert/Courthouse,SHERIFF,,D,GARY YOCHUM SR. (I),1093,49,339,696,9
Randolph,Cuthbert,SHERIFF,,D,GARY YOCHUM SR. (I),246,27,104,112,3
Randolph,Carnegie,SHERIFF,,D,GARY YOCHUM SR. (I),198,2,136,57,3
Randolph,Fountain Bridge-5th,SHERIFF,,D,GARY YOCHUM SR. (I),69,1,54,13,1
Randolph,Springvale,SHERIFF,,D,GARY YOCHUM SR. (I),163,10,65,87,1
Randolph,4th District,SHERIFF,,D,GARY YOCHUM SR. (I),58,3,45,8,2
Randolph,,TAX COMMISSIONER,,D,PERRY E. TURNER,2466,171,1184,1076,35
Randolph,Coleman,TAX COMMISSIONER,,D,PERRY E. TURNER,122,6,79,31,6
Randolph,Shellman,TAX COMMISSIONER,,D,PERRY E. TURNER,422,67,282,66,7
Randolph,Benevolence,TAX COMMISSIONER,,D,PERRY E. TURNER,191,13,106,68,4
Randolph,Cuthbert/Courthouse,TAX COMMISSIONER,,D,PERRY E. TURNER,1031,43,324,655,9
Randolph,Cuthbert,TAX COMMISSIONER,,D,PERRY E. TURNER,225,26,95,102,2
Randolph,Carnegie,TAX COMMISSIONER,,D,PERRY E. TURNER,194,2,136,53,3
Randolph,Fountain Bridge-5th,TAX COMMISSIONER,,D,PERRY E. TURNER,68,1,54,12,1
Randolph,Springvale,TAX COMMISSIONER,,D,PERRY E. TURNER,152,10,62,79,1
Randolph,4th District,TAX COMMISSIONER,,D,PERRY E. TURNER,61,3,46,10,2
Randolph,,SURVEYOR,,D,BRYSON LANGFORD (I),2457,167,1186,1071,33
Randolph,Coleman,SURVEYOR,,D,BRYSON LANGFORD (I),126,4,84,32,6
Randolph,Shellman,SURVEYOR,,D,BRYSON LANGFORD (I),430,66,288,69,7
Randolph,Benevolence,SURVEYOR,,D,BRYSON LANGFORD (I),200,14,111,71,4
Randolph,Cuthbert/Courthouse,SURVEYOR,,D,BRYSON LANGFORD (I),1008,45,314,641,8
Randolph,Cuthbert,SURVEYOR,,D,BRYSON LANGFORD (I),219,24,88,105,2
Randolph,Carnegie,SURVEYOR,,D,BRYSON LANGFORD (I),197,1,139,54,3
Randolph,Fountain Bridge-5th,SURVEYOR,,D,BRYSON LANGFORD (I),68,1,54,12,1
Randolph,Springvale,SURVEYOR,,D,BRYSON LANGFORD (I),148,9,61,78,0
Randolph,4th District,SURVEYOR,,D,BRYSON LANGFORD (I),61,3,47,9,2
Randolph,,CORONER,,D,RUSTY CHAPMAN (I),2469,165,1175,1093,36
Randolph,Coleman,CORONER,,D,RUSTY CHAPMAN (I),124,4,84,30,6
Randolph,Shellman,CORONER,,D,RUSTY CHAPMAN (I),411,64,272,68,7
Randolph,Benevolence,CORONER,,D,RUSTY CHAPMAN (I),198,12,113,69,4
Randolph,Cuthbert/Courthouse,CORONER,,D,RUSTY CHAPMAN (I),1038,45,325,659,9
Randolph,Cuthbert,CORONER,,D,RUSTY CHAPMAN (I),224,26,88,108,2
Randolph,Carnegie,CORONER,,D,RUSTY CHAPMAN (I),193,2,133,55,3
Randolph,Fountain Bridge-5th,CORONER,,D,RUSTY CHAPMAN (I),70,1,54,14,1
Randolph,Springvale,CORONER,,D,RUSTY CHAPMAN (I),155,10,63,81,1
Randolph,4th District,CORONER,,D,RUSTY CHAPMAN (I),56,1,43,9,3
Randolph,,CHIEF MAGISTRATE,,D,LINDA B PALUMBO (I),2370,162,1145,1030,33
Randolph,Coleman,CHIEF MAGISTRATE,,D,LINDA B PALUMBO (I),120,4,82,28,6
Randolph,Shellman,CHIEF MAGISTRATE,,D,LINDA B PALUMBO (I),405,64,271,63,7
Randolph,Benevolence,CHIEF MAGISTRATE,,D,LINDA B PALUMBO (I),189,13,107,66,3
Randolph,Cuthbert/Courthouse,CHIEF MAGISTRATE,,D,LINDA B PALUMBO (I),988,43,319,618,8
Randolph,Cuthbert,CHIEF MAGISTRATE,,D,LINDA B PALUMBO (I),220,24,88,106,2
Randolph,Carnegie,CHIEF MAGISTRATE,,D,LINDA B PALUMBO (I),185,2,127,53,3
Randolph,Fountain Bridge-5th,CHIEF MAGISTRATE,,D,LINDA B PALUMBO (I),63,1,50,11,1
Randolph,Springvale,CHIEF MAGISTRATE,,D,LINDA B PALUMBO (I),151,10,62,78,1
Randolph,4th District,CHIEF MAGISTRATE,,D,LINDA B PALUMBO (I),49,1,39,7,2
Randolph,,CC, D2,D,JIMMY P. BRADLEY (I),535,27,221,277,10
Randolph,Shellman,CC, D2,D,JIMMY P. BRADLEY (I),47,9,30,7,1
Randolph,Benevolence,CC, D2,D,JIMMY P. BRADLEY (I),193,13,111,65,4
Randolph,Cuthbert/Courthouse,CC, D2,D,JIMMY P. BRADLEY (I),295,5,80,205,5
Randolph,,CC, D3,R,BILLY STARLING,66,5,18,43,0
Randolph,Cuthbert/Courthouse,CC, D3,R,BILLY STARLING,52,5,9,38,0
Randolph,Cuthbert,CC, D3,R,BILLY STARLING,14,0,9,5,0
Randolph,,CC, D3,D,WESLEY L WILLIAMS,387,31,147,205,4
Randolph,Cuthbert/Courthouse,CC, D3,D,WESLEY L WILLIAMS,192,19,47,124,2
Randolph,Cuthbert,CC, D3,D,WESLEY L WILLIAMS,195,12,100,81,2
Randolph,,CC, D4,R,LAMAR H. WHITE,541,18,350,173,0
Randolph,Coleman,CC, D4,R,LAMAR H. WHITE,91,5,59,27,0
Randolph,Shellman,CC, D4,R,LAMAR H. WHITE,46,6,28,12,0
Randolph,Cuthbert/Courthouse,CC, D4,R,LAMAR H. WHITE,85,4,24,57,0
Randolph,Carnegie,CC, D4,R,LAMAR H. WHITE,200,2,144,54,0
Randolph,Fountain Bridge-5th,CC, D4,R,LAMAR H. WHITE,67,0,53,14,0
Randolph,4th District,CC, D4,R,LAMAR H. WHITE,52,1,42,9,0
Randolph,,CC, D4,D,C. EVANS SIMMONS (I),153,9,100,44,0
Randolph,Coleman,CC, D4,D,C. EVANS SIMMONS (I),37,1,28,8,0
Randolph,Shellman,CC, D4,D,C. EVANS SIMMONS (I),47,4,33,10,0
Randolph,Cuthbert/Courthouse,CC, D4,D,C. EVANS SIMMONS (I),26,3,9,14,0
Randolph,Carnegie,CC, D4,D,C. EVANS SIMMONS (I),22,0,14,8,0
Randolph,Fountain Bridge-5th,CC, D4,D,C. EVANS SIMMONS (I),9,0,8,1,0
Randolph,4th District,CC, D4,D,C. EVANS SIMMONS (I),12,1,8,3,0
Randolph,,Constitutional Amendment #1<br>Shall the Constitution be amended to allow state or local approval of public charter schools upon the request of local communities?,,,YES,1470,75,681,688,26
Randolph,Coleman,Constitutional Amendment #1<br>Shall the Constitution be amended to allow state or local approval of public charter schools upon the request of local communities?,,,YES,107,6,65,31,5
Randolph,Shellman,Constitutional Amendment #1<br>Shall the Constitution be amended to allow state or local approval of public charter schools upon the request of local communities?,,,YES,199,15,131,49,4
Randolph,Benevolence,Constitutional Amendment #1<br>Shall the Constitution be amended to allow state or local approval of public charter schools upon the request of local communities?,,,YES,120,12,57,47,4
Randolph,Cuthbert/Courthouse,Constitutional Amendment #1<br>Shall the Constitution be amended to allow state or local approval of public charter schools upon the request of local communities?,,,YES,613,28,175,405,5
Randolph,Cuthbert,Constitutional Amendment #1<br>Shall the Constitution be amended to allow state or local approval of public charter schools upon the request of local communities?,,,YES,83,5,29,48,1
Randolph,Carnegie,Constitutional Amendment #1<br>Shall the Constitution be amended to allow state or local approval of public charter schools upon the request of local communities?,,,YES,188,2,131,52,3
Randolph,Fountain Bridge-5th,Constitutional Amendment #1<br>Shall the Constitution be amended to allow state or local approval of public charter schools upon the request of local communities?,,,YES,46,0,39,6,1
Randolph,Springvale,Constitutional Amendment #1<br>Shall the Constitution be amended to allow state or local approval of public charter schools upon the request of local communities?,,,YES,87,6,36,43,2
Randolph,4th District,Constitutional Amendment #1<br>Shall the Constitution be amended to allow state or local approval of public charter schools upon the request of local communities?,,,YES,27,1,18,7,1
Randolph,,Constitutional Amendment #1<br>Shall the Constitution be amended to allow state or local approval of public charter schools upon the request of local communities?,,,NO,1471,115,750,589,17
Randolph,Coleman,Constitutional Amendment #1<br>Shall the Constitution be amended to allow state or local approval of public charter schools upon the request of local communities?,,,NO,47,1,37,8,1
Randolph,Shellman,Constitutional Amendment #1<br>Shall the Constitution be amended to allow state or local approval of public charter schools upon the request of local communities?,,,NO,298,52,210,30,6
Randolph,Benevolence,Constitutional Amendment #1<br>Shall the Constitution be amended to allow state or local approval of public charter schools upon the request of local communities?,,,NO,128,8,78,42,0
Randolph,Cuthbert/Courthouse,Constitutional Amendment #1<br>Shall the Constitution be amended to allow state or local approval of public charter schools upon the request of local communities?,,,NO,594,29,206,355,4
Randolph,Cuthbert,Constitutional Amendment #1<br>Shall the Constitution be amended to allow state or local approval of public charter schools upon the request of local communities?,,,NO,181,20,85,74,2
Randolph,Carnegie,Constitutional Amendment #1<br>Shall the Constitution be amended to allow state or local approval of public charter schools upon the request of local communities?,,,NO,50,0,34,15,1
Randolph,Fountain Bridge-5th,Constitutional Amendment #1<br>Shall the Constitution be amended to allow state or local approval of public charter schools upon the request of local communities?,,,NO,36,1,26,9,0
Randolph,Springvale,Constitutional Amendment #1<br>Shall the Constitution be amended to allow state or local approval of public charter schools upon the request of local communities?,,,NO,91,2,38,51,0
Randolph,4th District,Constitutional Amendment #1<br>Shall the Constitution be amended to allow state or local approval of public charter schools upon the request of local communities?,,,NO,46,2,36,5,3
Randolph,,Constitutional Amendment #2<br>Shall the Constitution be amended so as to provide for a reduction in the state's operating costs by allowing the General Assembly to authorize certain state agencies to enter into multiyear rental agreements?,,,YES,1474,62,691,699,22
Randolph,Coleman,Constitutional Amendment #2<br>Shall the Constitution be amended so as to provide for a reduction in the state's operating costs by allowing the General Assembly to authorize certain state agencies to enter into multiyear rental agreements?,,,YES,96,2,58,31,5
Randolph,Shellman,Constitutional Amendment #2<br>Shall the Constitution be amended so as to provide for a reduction in the state's operating costs by allowing the General Assembly to authorize certain state agencies to enter into multiyear rental agreements?,,,YES,199,12,136,48,3
Randolph,Benevolence,Constitutional Amendment #2<br>Shall the Constitution be amended so as to provide for a reduction in the state's operating costs by allowing the General Assembly to authorize certain state agencies to enter into multiyear rental agreements?,,,YES,110,7,56,45,2
Randolph,Cuthbert/Courthouse,Constitutional Amendment #2<br>Shall the Constitution be amended so as to provide for a reduction in the state's operating costs by allowing the General Assembly to authorize certain state agencies to enter into multiyear rental agreements?,,,YES,638,21,204,408,5
Randolph,Cuthbert,Constitutional Amendment #2<br>Shall the Constitution be amended so as to provide for a reduction in the state's operating costs by allowing the General Assembly to authorize certain state agencies to enter into multiyear rental agreements?,,,YES,117,9,42,63,3
Randolph,Carnegie,Constitutional Amendment #2<br>Shall the Constitution be amended so as to provide for a reduction in the state's operating costs by allowing the General Assembly to authorize certain state agencies to enter into multiyear rental agreements?,,,YES,149,2,102,43,2
Randolph,Fountain Bridge-5th,Constitutional Amendment #2<br>Shall the Constitution be amended so as to provide for a reduction in the state's operating costs by allowing the General Assembly to authorize certain state agencies to enter into multiyear rental agreements?,,,YES,41,1,32,8,0
Randolph,Springvale,Constitutional Amendment #2<br>Shall the Constitution be amended so as to provide for a reduction in the state's operating costs by allowing the General Assembly to authorize certain state agencies to enter into multiyear rental agreements?,,,YES,91,6,37,46,2
Randolph,4th District,Constitutional Amendment #2<br>Shall the Constitution be amended so as to provide for a reduction in the state's operating costs by allowing the General Assembly to authorize certain state agencies to enter into multiyear rental agreements?,,,YES,33,2,24,7,0
Randolph,,Constitutional Amendment #2<br>Shall the Constitution be amended so as to provide for a reduction in the state's operating costs by allowing the General Assembly to authorize certain state agencies to enter into multiyear rental agreements?,,,NO,1181,114,597,452,18
Randolph,Coleman,Constitutional Amendment #2<br>Shall the Constitution be amended so as to provide for a reduction in the state's operating costs by allowing the General Assembly to authorize certain state agencies to enter into multiyear rental agreements?,,,NO,47,4,35,7,1
Randolph,Shellman,Constitutional Amendment #2<br>Shall the Constitution be amended so as to provide for a reduction in the state's operating costs by allowing the General Assembly to authorize certain state agencies to enter into multiyear rental agreements?,,,NO,252,52,165,30,5
Randolph,Benevolence,Constitutional Amendment #2<br>Shall the Constitution be amended so as to provide for a reduction in the state's operating costs by allowing the General Assembly to authorize certain state agencies to enter into multiyear rental agreements?,,,NO,111,12,63,34,2
Randolph,Cuthbert/Courthouse,Constitutional Amendment #2<br>Shall the Constitution be amended so as to provide for a reduction in the state's operating costs by allowing the General Assembly to authorize certain state agencies to enter into multiyear rental agreements?,,,NO,444,26,144,270,4
Randolph,Cuthbert,Constitutional Amendment #2<br>Shall the Constitution be amended so as to provide for a reduction in the state's operating costs by allowing the General Assembly to authorize certain state agencies to enter into multiyear rental agreements?,,,NO,128,17,60,51,0
Randolph,Carnegie,Constitutional Amendment #2<br>Shall the Constitution be amended so as to provide for a reduction in the state's operating costs by allowing the General Assembly to authorize certain state agencies to enter into multiyear rental agreements?,,,NO,60,0,42,17,1
Randolph,Fountain Bridge-5th,Constitutional Amendment #2<br>Shall the Constitution be amended so as to provide for a reduction in the state's operating costs by allowing the General Assembly to authorize certain state agencies to enter into multiyear rental agreements?,,,NO,30,0,26,3,1
Randolph,Springvale,Constitutional Amendment #2<br>Shall the Constitution be amended so as to provide for a reduction in the state's operating costs by allowing the General Assembly to authorize certain state agencies to enter into multiyear rental agreements?,,,NO,77,2,37,38,0
Randolph,4th District,Constitutional Amendment #2<br>Shall the Constitution be amended so as to provide for a reduction in the state's operating costs by allowing the General Assembly to authorize certain state agencies to enter into multiyear rental agreements?,,,NO,32,1,25,2,4
