county,precinct,office,district,party,candidate,votes,absentee_by_mail,election_day,advance_in_person,provisional
Rockdale,,President of the United States,,R,MITT ROMNEY,15716,787,4688,10225,16
Rockdale,Barksdale,President of the United States,,R,MITT ROMNEY,1717,71,508,1138,0
Rockdale,Bethel,President of the United States,,R,MITT ROMNEY,705,15,340,349,1
Rockdale,Conyers,President of the United States,,R,MITT ROMNEY,488,18,155,314,1
Rockdale,Fieldstone,President of the United States,,R,MITT ROMNEY,487,26,118,343,0
Rockdale,Flat Shoals,President of the United States,,R,MITT ROMNEY,803,56,176,571,0
Rockdale,Honey Creek,President of the United States,,R,MITT ROMNEY,1077,56,286,735,0
Rockdale,Hightower,President of the United States,,R,MITT ROMNEY,836,34,298,501,3
Rockdale,The Lakes,President of the United States,,R,MITT ROMNEY,396,24,133,238,1
Rockdale,Lorraine,President of the United States,,R,MITT ROMNEY,1372,56,513,802,1
Rockdale,Magnet,President of the United States,,R,MITT ROMNEY,1301,52,486,762,1
Rockdale,Milstead,President of the United States,,R,MITT ROMNEY,588,38,194,356,0
Rockdale,Olde Towne,President of the United States,,R,MITT ROMNEY,541,56,142,341,2
Rockdale,Rockdale,President of the United States,,R,MITT ROMNEY,987,61,233,692,1
Rockdale,Salem,President of the United States,,R,MITT ROMNEY,812,58,201,553,0
Rockdale,Sheffield,President of the United States,,R,MITT ROMNEY,998,31,372,595,0
Rockdale,Smyrna,President of the United States,,R,MITT ROMNEY,967,56,184,725,2
Rockdale,St. Pius,President of the United States,,R,MITT ROMNEY,417,20,71,326,0
Rockdale,Stanton,President of the United States,,R,MITT ROMNEY,1224,59,278,884,3
Rockdale,,President of the United States,,(D,BARACK OBAMA (I),22023,809,6393,14767,54
Rockdale,Barksdale,President of the United States,,(D,BARACK OBAMA (I),1430,46,416,966,2
Rockdale,Bethel,President of the United States,,(D,BARACK OBAMA (I),271,24,90,156,1
Rockdale,Conyers,President of the United States,,(D,BARACK OBAMA (I),1203,41,399,760,3
Rockdale,Fieldstone,President of the United States,,(D,BARACK OBAMA (I),1934,79,560,1283,12
Rockdale,Flat Shoals,President of the United States,,(D,BARACK OBAMA (I),1637,60,457,1116,4
Rockdale,Honey Creek,President of the United States,,(D,BARACK OBAMA (I),566,30,166,369,1
Rockdale,Hightower,President of the United States,,(D,BARACK OBAMA (I),1072,35,316,720,1
Rockdale,The Lakes,President of the United States,,(D,BARACK OBAMA (I),652,22,233,396,1
Rockdale,Lorraine,President of the United States,,(D,BARACK OBAMA (I),1275,46,374,853,2
Rockdale,Magnet,President of the United States,,(D,BARACK OBAMA (I),723,33,235,455,0
Rockdale,Milstead,President of the United States,,(D,BARACK OBAMA (I),1453,55,451,944,3
Rockdale,Olde Towne,President of the United States,,(D,BARACK OBAMA (I),2459,81,747,1619,12
Rockdale,Rockdale,President of the United States,,(D,BARACK OBAMA (I),1697,63,452,1181,1
Rockdale,Salem,President of the United States,,(D,BARACK OBAMA (I),1288,40,373,875,0
Rockdale,Sheffield,President of the United States,,(D,BARACK OBAMA (I),506,22,189,293,2
Rockdale,Smyrna,President of the United States,,(D,BARACK OBAMA (I),1796,65,425,1301,5
Rockdale,St. Pius,President of the United States,,(D,BARACK OBAMA (I),1150,30,235,883,2
Rockdale,Stanton,President of the United States,,(D,BARACK OBAMA (I),911,37,275,597,2
Rockdale,,President of the United States,,L,GARY JOHNSON,330,12,161,157,0
Rockdale,Barksdale,President of the United States,,L,GARY JOHNSON,29,3,16,10,0
Rockdale,Bethel,President of the United States,,L,GARY JOHNSON,11,0,3,8,0
Rockdale,Conyers,President of the United States,,L,GARY JOHNSON,12,0,3,9,0
Rockdale,Fieldstone,President of the United States,,L,GARY JOHNSON,13,0,7,6,0
Rockdale,Flat Shoals,President of the United States,,L,GARY JOHNSON,13,0,1,12,0
Rockdale,Honey Creek,President of the United States,,L,GARY JOHNSON,23,0,13,10,0
Rockdale,Hightower,President of the United States,,L,GARY JOHNSON,20,0,12,8,0
Rockdale,The Lakes,President of the United States,,L,GARY JOHNSON,11,0,5,6,0
Rockdale,Lorraine,President of the United States,,L,GARY JOHNSON,17,0,11,6,0
Rockdale,Magnet,President of the United States,,L,GARY JOHNSON,31,1,17,13,0
Rockdale,Milstead,President of the United States,,L,GARY JOHNSON,15,1,8,6,0
Rockdale,Olde Towne,President of the United States,,L,GARY JOHNSON,23,3,13,7,0
Rockdale,Rockdale,President of the United States,,L,GARY JOHNSON,20,0,11,9,0
Rockdale,Salem,President of the United States,,L,GARY JOHNSON,21,3,6,12,0
Rockdale,Sheffield,President of the United States,,L,GARY JOHNSON,20,0,12,8,0
Rockdale,Smyrna,President of the United States,,L,GARY JOHNSON,21,0,10,11,0
Rockdale,St. Pius,President of the United States,,L,GARY JOHNSON,10,0,5,5,0
Rockdale,Stanton,President of the United States,,L,GARY JOHNSON,20,1,8,11,0
Rockdale,,"Public Service Commission, District 3",3,R,CHUCK EATON (I),15428,781,4528,10099,20
Rockdale,Barksdale,"Public Service Commission, District 3",3,R,CHUCK EATON (I),1682,67,476,1139,0
Rockdale,Bethel,"Public Service Commission, District 3",3,R,CHUCK EATON (I),654,11,312,329,2
Rockdale,Conyers,"Public Service Commission, District 3",3,R,CHUCK EATON (I),472,19,146,305,2
Rockdale,Fieldstone,"Public Service Commission, District 3",3,R,CHUCK EATON (I),504,29,127,348,0
Rockdale,Flat Shoals,"Public Service Commission, District 3",3,R,CHUCK EATON (I),805,64,182,558,1
Rockdale,Honey Creek,"Public Service Commission, District 3",3,R,CHUCK EATON (I),1049,51,280,718,0
Rockdale,Hightower,"Public Service Commission, District 3",3,R,CHUCK EATON (I),795,31,274,488,2
Rockdale,The Lakes,"Public Service Commission, District 3",3,R,CHUCK EATON (I),399,24,134,240,1
Rockdale,Lorraine,"Public Service Commission, District 3",3,R,CHUCK EATON (I),1328,49,488,790,1
Rockdale,Magnet,"Public Service Commission, District 3",3,R,CHUCK EATON (I),1251,51,457,742,1
Rockdale,Milstead,"Public Service Commission, District 3",3,R,CHUCK EATON (I),558,39,174,345,0
Rockdale,Olde Towne,"Public Service Commission, District 3",3,R,CHUCK EATON (I),564,58,149,355,2
Rockdale,Rockdale,"Public Service Commission, District 3",3,R,CHUCK EATON (I),984,56,241,686,1
Rockdale,Salem,"Public Service Commission, District 3",3,R,CHUCK EATON (I),805,59,195,551,0
Rockdale,Sheffield,"Public Service Commission, District 3",3,R,CHUCK EATON (I),956,38,351,566,1
Rockdale,Smyrna,"Public Service Commission, District 3",3,R,CHUCK EATON (I),995,58,190,744,3
Rockdale,St. Pius,"Public Service Commission, District 3",3,R,CHUCK EATON (I),448,22,78,348,0
Rockdale,Stanton,"Public Service Commission, District 3",3,R,CHUCK EATON (I),1179,55,274,847,3
Rockdale,,"Public Service Commission, District 3",3,D,STEPHEN OPPENHEIMER,19521,694,5615,13168,44
Rockdale,Barksdale,"Public Service Commission, District 3",3,D,STEPHEN OPPENHEIMER,1258,40,366,850,2
Rockdale,Bethel,"Public Service Commission, District 3",3,D,STEPHEN OPPENHEIMER,252,21,82,148,1
Rockdale,Conyers,"Public Service Commission, District 3",3,D,STEPHEN OPPENHEIMER,1053,37,341,673,2
Rockdale,Fieldstone,"Public Service Commission, District 3",3,D,STEPHEN OPPENHEIMER,1757,68,511,1167,11
Rockdale,Flat Shoals,"Public Service Commission, District 3",3,D,STEPHEN OPPENHEIMER,1448,45,397,1004,2
Rockdale,Honey Creek,"Public Service Commission, District 3",3,D,STEPHEN OPPENHEIMER,464,26,126,312,0
Rockdale,Hightower,"Public Service Commission, District 3",3,D,STEPHEN OPPENHEIMER,986,33,283,669,1
Rockdale,The Lakes,"Public Service Commission, District 3",3,D,STEPHEN OPPENHEIMER,549,19,188,341,1
Rockdale,Lorraine,"Public Service Commission, District 3",3,D,STEPHEN OPPENHEIMER,1138,45,332,760,1
Rockdale,Magnet,"Public Service Commission, District 3",3,D,STEPHEN OPPENHEIMER,638,29,201,408,0
Rockdale,Milstead,"Public Service Commission, District 3",3,D,STEPHEN OPPENHEIMER,1325,50,422,850,3
Rockdale,Olde Towne,"Public Service Commission, District 3",3,D,STEPHEN OPPENHEIMER,2204,65,673,1455,11
Rockdale,Rockdale,"Public Service Commission, District 3",3,D,STEPHEN OPPENHEIMER,1500,58,398,1043,1
Rockdale,Salem,"Public Service Commission, District 3",3,D,STEPHEN OPPENHEIMER,1132,32,321,779,0
Rockdale,Sheffield,"Public Service Commission, District 3",3,D,STEPHEN OPPENHEIMER,429,15,161,253,0
Rockdale,Smyrna,"Public Service Commission, District 3",3,D,STEPHEN OPPENHEIMER,1573,54,372,1143,4
Rockdale,St. Pius,"Public Service Commission, District 3",3,D,STEPHEN OPPENHEIMER,1014,25,204,783,2
Rockdale,Stanton,"Public Service Commission, District 3",3,D,STEPHEN OPPENHEIMER,801,32,237,530,2
Rockdale,,"Public Service Commission, District 3",3,L,BRAD PLOEGER,1149,57,475,614,3
Rockdale,Barksdale,"Public Service Commission, District 3",3,L,BRAD PLOEGER,87,7,43,37,0
Rockdale,Bethel,"Public Service Commission, District 3",3,L,BRAD PLOEGER,39,3,22,14,0
Rockdale,Conyers,"Public Service Commission, District 3",3,L,BRAD PLOEGER,66,2,28,36,0
Rockdale,Fieldstone,"Public Service Commission, District 3",3,L,BRAD PLOEGER,51,4,12,35,0
Rockdale,Flat Shoals,"Public Service Commission, District 3",3,L,BRAD PLOEGER,68,1,17,49,1
Rockdale,Honey Creek,"Public Service Commission, District 3",3,L,BRAD PLOEGER,75,4,31,39,1
Rockdale,Hightower,"Public Service Commission, District 3",3,L,BRAD PLOEGER,59,2,30,27,0
Rockdale,The Lakes,"Public Service Commission, District 3",3,L,BRAD PLOEGER,39,0,21,18,0
Rockdale,Lorraine,"Public Service Commission, District 3",3,L,BRAD PLOEGER,78,7,44,26,1
Rockdale,Magnet,"Public Service Commission, District 3",3,L,BRAD PLOEGER,74,5,37,32,0
Rockdale,Milstead,"Public Service Commission, District 3",3,L,BRAD PLOEGER,76,0,33,43,0
Rockdale,Olde Towne,"Public Service Commission, District 3",3,L,BRAD PLOEGER,65,5,29,31,0
Rockdale,Rockdale,"Public Service Commission, District 3",3,L,BRAD PLOEGER,75,4,23,48,0
Rockdale,Salem,"Public Service Commission, District 3",3,L,BRAD PLOEGER,70,5,22,43,0
Rockdale,Sheffield,"Public Service Commission, District 3",3,L,BRAD PLOEGER,55,0,25,30,0
Rockdale,Smyrna,"Public Service Commission, District 3",3,L,BRAD PLOEGER,70,4,24,42,0
Rockdale,St. Pius,"Public Service Commission, District 3",3,L,BRAD PLOEGER,36,0,13,23,0
Rockdale,Stanton,"Public Service Commission, District 3",3,L,BRAD PLOEGER,66,4,21,41,0
Rockdale,,"Public Service Commission, District 5",5,(R,STAN WISE (I),18823,887,5555,12357,24
Rockdale,Barksdale,"Public Service Commission, District 5",5,(R,STAN WISE (I),1899,74,549,1275,1
Rockdale,Bethel,"Public Service Commission, District 5",5,(R,STAN WISE (I),708,16,338,352,2
Rockdale,Conyers,"Public Service Commission, District 5",5,(R,STAN WISE (I),667,31,216,418,2
Rockdale,Fieldstone,"Public Service Commission, District 5",5,(R,STAN WISE (I),800,43,217,538,2
Rockdale,Flat Shoals,"Public Service Commission, District 5",5,(R,STAN WISE (I),1074,65,243,765,1
Rockdale,Honey Creek,"Public Service Commission, District 5",5,(R,STAN WISE (I),1128,58,299,770,1
Rockdale,Hightower,"Public Service Commission, District 5",5,(R,STAN WISE (I),947,34,316,595,2
Rockdale,The Lakes,"Public Service Commission, District 5",5,(R,STAN WISE (I),505,28,179,297,1
Rockdale,Lorraine,"Public Service Commission, District 5",5,(R,STAN WISE (I),1510,54,561,894,1
Rockdale,Magnet,"Public Service Commission, District 5",5,(R,STAN WISE (I),1369,55,502,811,1
Rockdale,Milstead,"Public Service Commission, District 5",5,(R,STAN WISE (I),780,49,250,481,0
Rockdale,Olde Towne,"Public Service Commission, District 5",5,(R,STAN WISE (I),897,67,284,544,2
Rockdale,Rockdale,"Public Service Commission, District 5",5,(R,STAN WISE (I),1255,67,313,875,0
Rockdale,Salem,"Public Service Commission, District 5",5,(R,STAN WISE (I),1013,56,249,708,0
Rockdale,Sheffield,"Public Service Commission, District 5",5,(R,STAN WISE (I),1009,39,368,601,1
Rockdale,Smyrna,"Public Service Commission, District 5",5,(R,STAN WISE (I),1275,63,241,967,4
Rockdale,St. Pius,"Public Service Commission, District 5",5,(R,STAN WISE (I),638,25,109,504,0
Rockdale,Stanton,"Public Service Commission, District 5",5,(R,STAN WISE (I),1349,63,321,962,3
Rockdale,,"Public Service Commission, District 5",5,L,DAVID STAPLES,12670,426,3958,8252,34
Rockdale,Barksdale,"Public Service Commission, District 5",5,L,DAVID STAPLES,835,28,261,545,1
Rockdale,Bethel,"Public Service Commission, District 5",5,L,DAVID STAPLES,175,11,64,99,1
Rockdale,Conyers,"Public Service Commission, District 5",5,L,DAVID STAPLES,657,13,230,413,1
Rockdale,Fieldstone,"Public Service Commission, District 5",5,L,DAVID STAPLES,1058,43,337,672,6
Rockdale,Flat Shoals,"Public Service Commission, District 5",5,L,DAVID STAPLES,862,24,249,586,3
Rockdale,Honey Creek,"Public Service Commission, District 5",5,L,DAVID STAPLES,367,14,120,233,0
Rockdale,Hightower,"Public Service Commission, District 5",5,L,DAVID STAPLES,636,17,228,390,1
Rockdale,The Lakes,"Public Service Commission, District 5",5,L,DAVID STAPLES,370,11,129,229,1
Rockdale,Lorraine,"Public Service Commission, District 5",5,L,DAVID STAPLES,793,33,247,511,2
Rockdale,Magnet,"Public Service Commission, District 5",5,L,DAVID STAPLES,428,21,156,251,0
Rockdale,Milstead,"Public Service Commission, District 5",5,L,DAVID STAPLES,859,28,271,558,2
Rockdale,Olde Towne,"Public Service Commission, District 5",5,L,DAVID STAPLES,1388,35,428,916,9
Rockdale,Rockdale,"Public Service Commission, District 5",5,L,DAVID STAPLES,981,34,287,658,2
Rockdale,Salem,"Public Service Commission, District 5",5,L,DAVID STAPLES,775,33,225,517,0
Rockdale,Sheffield,"Public Service Commission, District 5",5,L,DAVID STAPLES,356,9,150,197,0
Rockdale,Smyrna,"Public Service Commission, District 5",5,L,DAVID STAPLES,966,34,260,670,2
Rockdale,St. Pius,"Public Service Commission, District 5",5,L,DAVID STAPLES,616,19,140,456,1
Rockdale,Stanton,"Public Service Commission, District 5",5,L,DAVID STAPLES,548,19,176,351,2
Rockdale,,U.S. Representative,4,R,J. CHRIS VAUGHN,15845,792,4738,10299,16
Rockdale,Barksdale,U.S. Representative,4,R,J. CHRIS VAUGHN,1716,72,499,1144,1
Rockdale,Bethel,U.S. Representative,4,R,J. CHRIS VAUGHN,700,15,334,350,1
Rockdale,Conyers,U.S. Representative,4,R,J. CHRIS VAUGHN,497,17,157,322,1
Rockdale,Fieldstone,U.S. Representative,4,R,J. CHRIS VAUGHN,498,26,128,344,0
Rockdale,Flat Shoals,U.S. Representative,4,R,J. CHRIS VAUGHN,824,56,184,584,0
Rockdale,Honey Creek,U.S. Representative,4,R,J. CHRIS VAUGHN,1098,54,290,754,0
Rockdale,Hightower,U.S. Representative,4,R,J. CHRIS VAUGHN,823,32,291,498,2
Rockdale,The Lakes,U.S. Representative,4,R,J. CHRIS VAUGHN,409,24,137,247,1
Rockdale,Lorraine,U.S. Representative,4,R,J. CHRIS VAUGHN,1370,59,513,797,1
Rockdale,Magnet,U.S. Representative,4,R,J. CHRIS VAUGHN,1326,55,501,769,1
Rockdale,Milstead,U.S. Representative,4,R,J. CHRIS VAUGHN,586,36,191,359,0
Rockdale,Olde Towne,U.S. Representative,4,R,J. CHRIS VAUGHN,584,56,161,365,2
Rockdale,Rockdale,U.S. Representative,4,R,J. CHRIS VAUGHN,996,60,245,691,0
Rockdale,Salem,U.S. Representative,4,R,J. CHRIS VAUGHN,803,59,202,542,0
Rockdale,Sheffield,U.S. Representative,4,R,J. CHRIS VAUGHN,982,33,360,589,0
Rockdale,Smyrna,U.S. Representative,4,R,J. CHRIS VAUGHN,974,57,180,734,3
Rockdale,St. Pius,U.S. Representative,4,R,J. CHRIS VAUGHN,450,22,81,347,0
Rockdale,Stanton,U.S. Representative,4,R,J. CHRIS VAUGHN,1209,59,284,863,3
Rockdale,,U.S. Representative,4,D,H. JOHNSON JR. (I),21139,774,6129,14184,52
Rockdale,Barksdale,U.S. Representative,4,D,H. JOHNSON JR. (I),1364,43,400,920,1
Rockdale,Bethel,U.S. Representative,4,D,H. JOHNSON JR. (I),265,22,87,154,2
Rockdale,Conyers,U.S. Representative,4,D,H. JOHNSON JR. (I),1147,41,375,728,3
Rockdale,Fieldstone,U.S. Representative,4,D,H. JOHNSON JR. (I),1863,79,535,1239,10
Rockdale,Flat Shoals,U.S. Representative,4,D,H. JOHNSON JR. (I),1584,57,437,1086,4
Rockdale,Honey Creek,U.S. Representative,4,D,H. JOHNSON JR. (I),525,28,158,338,1
Rockdale,Hightower,U.S. Representative,4,D,H. JOHNSON JR. (I),1048,35,315,696,2
Rockdale,The Lakes,U.S. Representative,4,D,H. JOHNSON JR. (I),613,21,218,373,1
Rockdale,Lorraine,U.S. Representative,4,D,H. JOHNSON JR. (I),1229,43,366,818,2
Rockdale,Magnet,U.S. Representative,4,D,H. JOHNSON JR. (I),689,30,218,441,0
Rockdale,Milstead,U.S. Representative,4,D,H. JOHNSON JR. (I),1406,54,442,907,3
Rockdale,Olde Towne,U.S. Representative,4,D,H. JOHNSON JR. (I),2331,75,711,1533,12
Rockdale,Rockdale,U.S. Representative,4,D,H. JOHNSON JR. (I),1633,60,427,1144,2
Rockdale,Salem,U.S. Representative,4,D,H. JOHNSON JR. (I),1264,39,361,864,0
Rockdale,Sheffield,U.S. Representative,4,D,H. JOHNSON JR. (I),490,22,182,285,1
Rockdale,Smyrna,U.S. Representative,4,D,H. JOHNSON JR. (I),1716,63,415,1234,4
Rockdale,St. Pius,U.S. Representative,4,D,H. JOHNSON JR. (I),1090,27,218,843,2
Rockdale,Stanton,U.S. Representative,4,D,H. JOHNSON JR. (I),882,35,264,581,2
Rockdale,,State Senator,17,(R,RICK JEFFARES (I),5684,240,1895,3547,2
Rockdale,Barksdale,State Senator,17,(R,RICK JEFFARES (I),1768,72,524,1172,0
Rockdale,Honey Creek,State Senator,17,(R,RICK JEFFARES (I),1148,55,319,774,0
Rockdale,Lorraine,State Senator,17,(R,RICK JEFFARES (I),1417,58,540,818,1
Rockdale,Magnet,State Senator,17,(R,RICK JEFFARES (I),1351,55,512,783,1
Rockdale,,State Senator,17,D,NELVA LEE,3579,140,1041,2396,2
Rockdale,Barksdale,State Senator,17,D,NELVA LEE,1317,42,376,898,1
Rockdale,Honey Creek,State Senator,17,D,NELVA LEE,459,26,129,303,1
Rockdale,Lorraine,State Senator,17,D,NELVA LEE,1160,42,334,784,0
Rockdale,Magnet,State Senator,17,D,NELVA LEE,643,30,202,411,0
Rockdale,,State Senator,43,(D,R. RAMSEY SR. (I),21764,826,6438,14447,53
Rockdale,Bethel,State Senator,43,(D,R. RAMSEY SR. (I),584,26,237,318,3
Rockdale,Conyers,State Senator,43,(D,R. RAMSEY SR. (I),1363,49,459,851,4
Rockdale,Fieldstone,State Senator,43,(D,R. RAMSEY SR. (I),2063,84,600,1369,10
Rockdale,Flat Shoals,State Senator,43,(D,R. RAMSEY SR. (I),1867,73,513,1277,4
Rockdale,Hightower,State Senator,43,(D,R. RAMSEY SR. (I),1411,46,450,913,2
Rockdale,The Lakes,State Senator,43,(D,R. RAMSEY SR. (I),754,28,278,446,2
Rockdale,Milstead,State Senator,43,(D,R. RAMSEY SR. (I),1671,71,537,1061,2
Rockdale,Olde Towne,State Senator,43,(D,R. RAMSEY SR. (I),2575,94,797,1672,12
Rockdale,Rockdale,State Senator,43,(D,R. RAMSEY SR. (I),2038,80,567,1389,2
Rockdale,Salem,State Senator,43,(D,R. RAMSEY SR. (I),1649,67,462,1120,0
Rockdale,Sheffield,State Senator,43,(D,R. RAMSEY SR. (I),938,29,366,543,0
Rockdale,Smyrna,State Senator,43,(D,R. RAMSEY SR. (I),2149,87,499,1556,7
Rockdale,St. Pius,State Senator,43,(D,R. RAMSEY SR. (I),1285,34,263,986,2
Rockdale,Stanton,State Senator,43,(D,R. RAMSEY SR. (I),1417,58,410,946,3
Rockdale,,State Representative,90,(D,PAM STEPHENSON (I),1836,63,601,1171,1
Rockdale,Lorraine,State Representative,90,(D,PAM STEPHENSON (I),1836,63,601,1171,1
Rockdale,,State Representative,91,(D,D. D-HAIGLER (I),12116,466,3225,8411,14
Rockdale,Flat Shoals,State Representative,91,(D,D. D-HAIGLER (I),1508,62,370,1075,1
Rockdale,Honey Creek,State Representative,91,(D,D. D-HAIGLER (I),961,39,303,618,1
Rockdale,Magnet,State Representative,91,(D,D. D-HAIGLER (I),721,40,245,436,0
Rockdale,Olde Towne,State Representative,91,(D,D. D-HAIGLER (I),532,14,144,373,1
Rockdale,Rockdale,State Representative,91,(D,D. D-HAIGLER (I),2000,75,549,1374,2
Rockdale,Salem,State Representative,91,(D,D. D-HAIGLER (I),1610,64,457,1089,0
Rockdale,Smyrna,State Representative,91,(D,D. D-HAIGLER (I),2118,85,487,1541,5
Rockdale,St. Pius,State Representative,91,(D,D. D-HAIGLER (I),1270,32,266,971,1
Rockdale,Stanton,State Representative,91,(D,D. D-HAIGLER (I),1396,55,404,934,3
Rockdale,,State Representative,92,D,TONYA P. ANDERSON,7354,265,2479,4594,16
Rockdale,Conyers,State Representative,92,D,TONYA P. ANDERSON,1339,51,450,835,3
Rockdale,Flat Shoals,State Representative,92,D,TONYA P. ANDERSON,357,10,147,199,1
Rockdale,Hightower,State Representative,92,D,TONYA P. ANDERSON,507,10,129,367,1
Rockdale,The Lakes,State Representative,92,D,TONYA P. ANDERSON,748,27,280,440,1
Rockdale,Milstead,State Representative,92,D,TONYA P. ANDERSON,1658,69,533,1055,1
Rockdale,Olde Towne,State Representative,92,D,TONYA P. ANDERSON,1848,71,586,1183,8
Rockdale,Sheffield,State Representative,92,D,TONYA P. ANDERSON,897,27,354,515,1
Rockdale,,State Representative,109,R,DALE RUTLEDGE,2986,112,953,1921,0
Rockdale,Barksdale,State Representative,109,R,DALE RUTLEDGE,2289,86,685,1518,0
Rockdale,Magnet,State Representative,109,R,DALE RUTLEDGE,697,26,268,403,0
Rockdale,,State Representative,113,(D,PAM DICKERSON (I),2070,86,608,1372,4
Rockdale,Fieldstone,State Representative,113,(D,PAM DICKERSON (I),2070,86,608,1372,4
Rockdale,,State Representative,114,(R,TOM KIRBY (I),1830,65,740,1023,2
Rockdale,Bethel,State Representative,114,(R,TOM KIRBY (I),800,24,370,404,2
Rockdale,Hightower,State Representative,114,(R,TOM KIRBY (I),934,40,332,562,0
Rockdale,Olde Towne,State Representative,114,(R,TOM KIRBY (I),96,1,38,57,0
Rockdale,,Probate Judge,,(R,LILLIS BROWN (I),17813,891,5314,11591,17
Rockdale,Barksdale,Probate Judge,,(R,LILLIS BROWN (I),1858,79,537,1242,0
Rockdale,Bethel,Probate Judge,,(R,LILLIS BROWN (I),744,19,357,366,2
Rockdale,Conyers,Probate Judge,,(R,LILLIS BROWN (I),635,29,203,402,1
Rockdale,Fieldstone,Probate Judge,,(R,LILLIS BROWN (I),599,33,141,425,0
Rockdale,Flat Shoals,Probate Judge,,(R,LILLIS BROWN (I),938,66,204,668,0
Rockdale,Honey Creek,Probate Judge,,(R,LILLIS BROWN (I),1182,55,325,802,0
Rockdale,Hightower,Probate Judge,,(R,LILLIS BROWN (I),911,36,320,553,2
Rockdale,The Lakes,Probate Judge,,(R,LILLIS BROWN (I),533,29,188,315,1
Rockdale,Lorraine,Probate Judge,,(R,LILLIS BROWN (I),1471,60,540,870,1
Rockdale,Magnet,Probate Judge,,(R,LILLIS BROWN (I),1394,58,527,808,1
Rockdale,Milstead,Probate Judge,,(R,LILLIS BROWN (I),688,45,210,433,0
Rockdale,Olde Towne,Probate Judge,,(R,LILLIS BROWN (I),715,62,196,455,2
Rockdale,Rockdale,Probate Judge,,(R,LILLIS BROWN (I),1143,66,288,789,0
Rockdale,Salem,Probate Judge,,(R,LILLIS BROWN (I),919,62,234,623,0
Rockdale,Sheffield,Probate Judge,,(R,LILLIS BROWN (I),1037,38,390,608,1
Rockdale,Smyrna,Probate Judge,,(R,LILLIS BROWN (I),1151,62,228,858,3
Rockdale,St. Pius,Probate Judge,,(R,LILLIS BROWN (I),532,22,100,410,0
Rockdale,Stanton,Probate Judge,,(R,LILLIS BROWN (I),1363,70,326,964,3
Rockdale,,Probate Judge,,D,CHARLES MAYS,19142,635,5562,12896,49
Rockdale,Barksdale,Probate Judge,,D,CHARLES MAYS,1237,35,365,835,2
Rockdale,Bethel,Probate Judge,,D,CHARLES MAYS,223,17,66,139,1
Rockdale,Conyers,Probate Judge,,D,CHARLES MAYS,1017,30,331,653,3
Rockdale,Fieldstone,Probate Judge,,D,CHARLES MAYS,1753,66,520,1156,11
Rockdale,Flat Shoals,Probate Judge,,D,CHARLES MAYS,1432,42,403,984,3
Rockdale,Honey Creek,Probate Judge,,D,CHARLES MAYS,438,26,125,286,1
Rockdale,Hightower,Probate Judge,,D,CHARLES MAYS,973,30,294,648,1
Rockdale,The Lakes,Probate Judge,,D,CHARLES MAYS,486,15,168,302,1
Rockdale,Lorraine,Probate Judge,,D,CHARLES MAYS,1119,40,333,744,2
Rockdale,Magnet,Probate Judge,,D,CHARLES MAYS,609,26,191,392,0
Rockdale,Milstead,Probate Judge,,D,CHARLES MAYS,1301,45,418,835,3
Rockdale,Olde Towne,Probate Judge,,D,CHARLES MAYS,2204,67,674,1452,11
Rockdale,Rockdale,Probate Judge,,D,CHARLES MAYS,1488,51,388,1047,2
Rockdale,Salem,Probate Judge,,D,CHARLES MAYS,1141,34,323,784,0
Rockdale,Sheffield,Probate Judge,,D,CHARLES MAYS,431,14,161,256,0
Rockdale,Smyrna,Probate Judge,,D,CHARLES MAYS,1556,52,376,1124,4
Rockdale,St. Pius,Probate Judge,,D,CHARLES MAYS,1004,25,204,773,2
Rockdale,Stanton,Probate Judge,,D,CHARLES MAYS,730,20,222,486,2
Rockdale,,Superior Court Clerk,,R,HOLLY BOWIE,15546,779,4594,10158,15
Rockdale,Barksdale,Superior Court Clerk,,R,HOLLY BOWIE,1647,68,473,1105,1
Rockdale,Bethel,Superior Court Clerk,,R,HOLLY BOWIE,692,14,332,345,1
Rockdale,Conyers,Superior Court Clerk,,R,HOLLY BOWIE,522,19,163,339,1
Rockdale,Fieldstone,Superior Court Clerk,,R,HOLLY BOWIE,509,31,122,356,0
Rockdale,Flat Shoals,Superior Court Clerk,,R,HOLLY BOWIE,793,51,182,559,1
Rockdale,Honey Creek,Superior Court Clerk,,R,HOLLY BOWIE,1072,52,290,730,0
Rockdale,Hightower,Superior Court Clerk,,R,HOLLY BOWIE,797,32,279,484,2
Rockdale,The Lakes,Superior Court Clerk,,R,HOLLY BOWIE,419,26,144,248,1
Rockdale,Lorraine,Superior Court Clerk,,R,HOLLY BOWIE,1329,57,494,777,1
Rockdale,Magnet,Superior Court Clerk,,R,HOLLY BOWIE,1281,56,472,753,0
Rockdale,Milstead,Superior Court Clerk,,R,HOLLY BOWIE,593,33,188,372,0
Rockdale,Olde Towne,Superior Court Clerk,,R,HOLLY BOWIE,610,58,161,389,2
Rockdale,Rockdale,Superior Court Clerk,,R,HOLLY BOWIE,981,62,240,679,0
Rockdale,Salem,Superior Court Clerk,,R,HOLLY BOWIE,772,52,183,537,0
Rockdale,Sheffield,Superior Court Clerk,,R,HOLLY BOWIE,971,35,346,590,0
Rockdale,Smyrna,Superior Court Clerk,,R,HOLLY BOWIE,930,55,168,705,2
Rockdale,St. Pius,Superior Court Clerk,,R,HOLLY BOWIE,432,21,78,333,0
Rockdale,Stanton,Superior Court Clerk,,R,HOLLY BOWIE,1196,57,279,857,3
Rockdale,,Superior Court Clerk,,(D,RUTH A. WILSON (I),21350,740,6253,14306,51
Rockdale,Barksdale,Superior Court Clerk,,(D,RUTH A. WILSON (I),1431,45,426,959,1
Rockdale,Bethel,Superior Court Clerk,,(D,RUTH A. WILSON (I),274,21,93,158,2
Rockdale,Conyers,Superior Court Clerk,,(D,RUTH A. WILSON (I),1134,38,372,721,3
Rockdale,Fieldstone,Superior Court Clerk,,(D,RUTH A. WILSON (I),1851,66,544,1230,11
Rockdale,Flat Shoals,Superior Court Clerk,,(D,RUTH A. WILSON (I),1585,58,432,1093,2
Rockdale,Honey Creek,Superior Court Clerk,,(D,RUTH A. WILSON (I),549,28,159,361,1
Rockdale,Hightower,Superior Court Clerk,,(D,RUTH A. WILSON (I),1086,32,333,719,2
Rockdale,The Lakes,Superior Court Clerk,,(D,RUTH A. WILSON (I),601,19,215,366,1
Rockdale,Lorraine,Superior Court Clerk,,(D,RUTH A. WILSON (I),1248,44,374,828,2
Rockdale,Magnet,Superior Court Clerk,,(D,RUTH A. WILSON (I),721,27,243,450,1
Rockdale,Milstead,Superior Court Clerk,,(D,RUTH A. WILSON (I),1393,56,439,896,2
Rockdale,Olde Towne,Superior Court Clerk,,(D,RUTH A. WILSON (I),2302,70,705,1516,11
Rockdale,Rockdale,Superior Court Clerk,,(D,RUTH A. WILSON (I),1651,55,436,1158,2
Rockdale,Salem,Superior Court Clerk,,(D,RUTH A. WILSON (I),1287,44,373,870,0
Rockdale,Sheffield,Superior Court Clerk,,(D,RUTH A. WILSON (I),496,19,198,278,1
Rockdale,Smyrna,Superior Court Clerk,,(D,RUTH A. WILSON (I),1743,58,422,1258,5
Rockdale,St. Pius,Superior Court Clerk,,(D,RUTH A. WILSON (I),1105,26,225,852,2
Rockdale,Stanton,Superior Court Clerk,,(D,RUTH A. WILSON (I),893,34,264,593,2
Rockdale,,Sheriff,,(R,JEFF WIGINGTON (I),18726,945,5549,12209,23
Rockdale,Barksdale,Sheriff,,(R,JEFF WIGINGTON (I),1934,84,558,1291,1
Rockdale,Bethel,Sheriff,,(R,JEFF WIGINGTON (I),743,22,352,367,2
Rockdale,Conyers,Sheriff,,(R,JEFF WIGINGTON (I),648,30,208,409,1
Rockdale,Fieldstone,Sheriff,,(R,JEFF WIGINGTON (I),673,35,169,468,1
Rockdale,Flat Shoals,Sheriff,,(R,JEFF WIGINGTON (I),1059,72,234,753,0
Rockdale,Honey Creek,Sheriff,,(R,JEFF WIGINGTON (I),1230,62,335,833,0
Rockdale,Hightower,Sheriff,,(R,JEFF WIGINGTON (I),908,30,325,550,3
Rockdale,The Lakes,Sheriff,,(R,JEFF WIGINGTON (I),502,27,172,302,1
Rockdale,Lorraine,Sheriff,,(R,JEFF WIGINGTON (I),1592,65,588,937,2
Rockdale,Magnet,Sheriff,,(R,JEFF WIGINGTON (I),1439,64,543,831,1
Rockdale,Milstead,Sheriff,,(R,JEFF WIGINGTON (I),724,48,221,455,0
Rockdale,Olde Towne,Sheriff,,(R,JEFF WIGINGTON (I),749,72,200,475,2
Rockdale,Rockdale,Sheriff,,(R,JEFF WIGINGTON (I),1219,69,302,847,1
Rockdale,Salem,Sheriff,,(R,JEFF WIGINGTON (I),985,65,243,677,0
Rockdale,Sheffield,Sheriff,,(R,JEFF WIGINGTON (I),1068,39,406,622,1
Rockdale,Smyrna,Sheriff,,(R,JEFF WIGINGTON (I),1239,67,257,912,3
Rockdale,St. Pius,Sheriff,,(R,JEFF WIGINGTON (I),610,26,110,474,0
Rockdale,Stanton,Sheriff,,(R,JEFF WIGINGTON (I),1404,68,326,1006,4
Rockdale,,Sheriff,,D,ERIC LEVETT,18760,597,5500,12619,44
Rockdale,Barksdale,Sheriff,,D,ERIC LEVETT,1202,32,360,809,1
Rockdale,Bethel,Sheriff,,D,ERIC LEVETT,237,15,78,143,1
Rockdale,Conyers,Sheriff,,D,ERIC LEVETT,1034,27,338,666,3
Rockdale,Fieldstone,Sheriff,,D,ERIC LEVETT,1707,64,503,1129,11
Rockdale,Flat Shoals,Sheriff,,D,ERIC LEVETT,1350,39,386,922,3
Rockdale,Honey Creek,Sheriff,,D,ERIC LEVETT,416,20,123,272,1
Rockdale,Hightower,Sheriff,,D,ERIC LEVETT,990,33,291,665,1
Rockdale,The Lakes,Sheriff,,D,ERIC LEVETT,535,18,192,324,1
Rockdale,Lorraine,Sheriff,,D,ERIC LEVETT,1043,37,306,699,1
Rockdale,Magnet,Sheriff,,D,ERIC LEVETT,587,21,180,386,0
Rockdale,Milstead,Sheriff,,D,ERIC LEVETT,1290,43,415,830,2
Rockdale,Olde Towne,Sheriff,,D,ERIC LEVETT,2206,57,685,1453,11
Rockdale,Rockdale,Sheriff,,D,ERIC LEVETT,1454,48,387,1018,1
Rockdale,Salem,Sheriff,,D,ERIC LEVETT,1104,32,327,745,0
Rockdale,Sheffield,Sheriff,,D,ERIC LEVETT,432,15,154,263,0
Rockdale,Smyrna,Sheriff,,D,ERIC LEVETT,1493,49,353,1087,4
Rockdale,St. Pius,Sheriff,,D,ERIC LEVETT,953,22,197,732,2
Rockdale,Stanton,Sheriff,,D,ERIC LEVETT,727,25,225,476,1
Rockdale,,Tax Commissioner,,(R,DAN RAY (I),18320,908,5467,11928,17
Rockdale,Barksdale,Tax Commissioner,,(R,DAN RAY (I),1927,79,569,1279,0
Rockdale,Bethel,Tax Commissioner,,(R,DAN RAY (I),746,19,358,367,2
Rockdale,Conyers,Tax Commissioner,,(R,DAN RAY (I),631,28,199,403,1
Rockdale,Fieldstone,Tax Commissioner,,(R,DAN RAY (I),632,34,159,439,0
Rockdale,Flat Shoals,Tax Commissioner,,(R,DAN RAY (I),1000,64,229,707,0
Rockdale,Honey Creek,Tax Commissioner,,(R,DAN RAY (I),1214,57,329,828,0
Rockdale,Hightower,Tax Commissioner,,(R,DAN RAY (I),923,37,322,561,3
Rockdale,The Lakes,Tax Commissioner,,(R,DAN RAY (I),532,30,191,310,1
Rockdale,Lorraine,Tax Commissioner,,(R,DAN RAY (I),1560,65,581,913,1
Rockdale,Magnet,Tax Commissioner,,(R,DAN RAY (I),1434,57,537,840,0
Rockdale,Milstead,Tax Commissioner,,(R,DAN RAY (I),701,48,218,435,0
Rockdale,Olde Towne,Tax Commissioner,,(R,DAN RAY (I),724,67,198,457,2
Rockdale,Rockdale,Tax Commissioner,,(R,DAN RAY (I),1162,66,283,812,1
Rockdale,Salem,Tax Commissioner,,(R,DAN RAY (I),951,63,230,658,0
Rockdale,Sheffield,Tax Commissioner,,(R,DAN RAY (I),1075,39,405,631,0
Rockdale,Smyrna,Tax Commissioner,,(R,DAN RAY (I),1178,63,233,879,3
Rockdale,St. Pius,Tax Commissioner,,(R,DAN RAY (I),549,25,101,423,0
Rockdale,Stanton,Tax Commissioner,,(R,DAN RAY (I),1381,67,325,986,3
Rockdale,,Tax Commissioner,,D,RAKEIM HADLEY,18733,609,5441,12634,49
Rockdale,Barksdale,Tax Commissioner,,D,RAKEIM HADLEY,1180,36,343,799,2
Rockdale,Bethel,Tax Commissioner,,D,RAKEIM HADLEY,219,15,64,139,1
Rockdale,Conyers,Tax Commissioner,,D,RAKEIM HADLEY,1015,28,331,653,3
Rockdale,Fieldstone,Tax Commissioner,,D,RAKEIM HADLEY,1734,66,505,1152,11
Rockdale,Flat Shoals,Tax Commissioner,,D,RAKEIM HADLEY,1386,43,392,948,3
Rockdale,Honey Creek,Tax Commissioner,,D,RAKEIM HADLEY,418,21,124,272,1
Rockdale,Hightower,Tax Commissioner,,D,RAKEIM HADLEY,960,29,289,641,1
Rockdale,The Lakes,Tax Commissioner,,D,RAKEIM HADLEY,492,13,169,309,1
Rockdale,Lorraine,Tax Commissioner,,D,RAKEIM HADLEY,1043,36,299,706,2
Rockdale,Magnet,Tax Commissioner,,D,RAKEIM HADLEY,580,26,182,371,1
Rockdale,Milstead,Tax Commissioner,,D,RAKEIM HADLEY,1299,43,411,843,2
Rockdale,Olde Towne,Tax Commissioner,,D,RAKEIM HADLEY,2190,58,676,1445,11
Rockdale,Rockdale,Tax Commissioner,,D,RAKEIM HADLEY,1472,50,393,1028,1
Rockdale,Salem,Tax Commissioner,,D,RAKEIM HADLEY,1110,33,324,753,0
Rockdale,Sheffield,Tax Commissioner,,D,RAKEIM HADLEY,400,14,146,239,1
Rockdale,Smyrna,Tax Commissioner,,D,RAKEIM HADLEY,1523,52,374,1093,4
Rockdale,St. Pius,Tax Commissioner,,D,RAKEIM HADLEY,986,22,199,763,2
Rockdale,Stanton,Tax Commissioner,,D,RAKEIM HADLEY,726,24,220,480,2
Rockdale,,Coroner,,R,JO COGGINS,15980,798,4744,10420,18
Rockdale,Barksdale,Coroner,,R,JO COGGINS,1711,73,486,1151,1
Rockdale,Bethel,Coroner,,R,JO COGGINS,692,15,332,343,2
Rockdale,Conyers,Coroner,,R,JO COGGINS,510,21,174,314,1
Rockdale,Fieldstone,Coroner,,R,JO COGGINS,506,32,121,353,0
Rockdale,Flat Shoals,Coroner,,R,JO COGGINS,819,57,187,575,0
Rockdale,Honey Creek,Coroner,,R,JO COGGINS,1119,55,301,763,0
Rockdale,Hightower,Coroner,,R,JO COGGINS,819,29,288,500,2
Rockdale,The Lakes,Coroner,,R,JO COGGINS,410,26,129,254,1
Rockdale,Lorraine,Coroner,,R,JO COGGINS,1362,59,510,792,1
Rockdale,Magnet,Coroner,,R,JO COGGINS,1325,53,492,779,1
Rockdale,Milstead,Coroner,,R,JO COGGINS,592,36,191,365,0
Rockdale,Olde Towne,Coroner,,R,JO COGGINS,589,54,174,359,2
Rockdale,Rockdale,Coroner,,R,JO COGGINS,1021,60,245,715,1
Rockdale,Salem,Coroner,,R,JO COGGINS,834,61,206,567,0
Rockdale,Sheffield,Coroner,,R,JO COGGINS,988,36,362,589,1
Rockdale,Smyrna,Coroner,,R,JO COGGINS,988,52,186,747,3
Rockdale,St. Pius,Coroner,,R,JO COGGINS,456,19,84,353,0
Rockdale,Stanton,Coroner,,R,JO COGGINS,1239,60,276,901,2
Rockdale,,Coroner,,D,GEORGE LEVETT JR.,20865,711,6074,14032,48
Rockdale,Barksdale,Coroner,,D,GEORGE LEVETT JR.,1362,42,405,914,1
Rockdale,Bethel,Coroner,,D,GEORGE LEVETT JR.,268,19,89,159,1
Rockdale,Conyers,Coroner,,D,GEORGE LEVETT JR.,1157,36,366,752,3
Rockdale,Fieldstone,Coroner,,D,GEORGE LEVETT JR.,1856,68,542,1234,12
Rockdale,Flat Shoals,Coroner,,D,GEORGE LEVETT JR.,1545,49,426,1067,3
Rockdale,Honey Creek,Coroner,,D,GEORGE LEVETT JR.,489,24,144,320,1
Rockdale,Hightower,Coroner,,D,GEORGE LEVETT JR.,1051,36,317,696,2
Rockdale,The Lakes,Coroner,,D,GEORGE LEVETT JR.,612,18,225,368,1
Rockdale,Lorraine,Coroner,,D,GEORGE LEVETT JR.,1213,42,358,811,2
Rockdale,Magnet,Coroner,,D,GEORGE LEVETT JR.,668,28,217,423,0
Rockdale,Milstead,Coroner,,D,GEORGE LEVETT JR.,1405,54,436,913,2
Rockdale,Olde Towne,Coroner,,D,GEORGE LEVETT JR.,2330,71,698,1550,11
Rockdale,Rockdale,Coroner,,D,GEORGE LEVETT JR.,1614,56,434,1123,1
Rockdale,Salem,Coroner,,D,GEORGE LEVETT JR.,1221,34,350,837,0
Rockdale,Sheffield,Coroner,,D,GEORGE LEVETT JR.,467,17,176,274,0
Rockdale,Smyrna,Coroner,,D,GEORGE LEVETT JR.,1693,61,411,1217,4
Rockdale,St. Pius,Coroner,,D,GEORGE LEVETT JR.,1075,28,215,830,2
Rockdale,Stanton,Coroner,,D,GEORGE LEVETT JR.,839,28,265,544,2
Rockdale,,Chief Magistrate,,(R,RUDY HORNE (I),17349,872,5206,11252,19
Rockdale,Barksdale,Chief Magistrate,,(R,RUDY HORNE (I),1855,76,540,1238,1
Rockdale,Bethel,Chief Magistrate,,(R,RUDY HORNE (I),729,19,345,363,2
Rockdale,Conyers,Chief Magistrate,,(R,RUDY HORNE (I),579,23,198,357,1
Rockdale,Fieldstone,Chief Magistrate,,(R,RUDY HORNE (I),566,33,142,391,0
Rockdale,Flat Shoals,Chief Magistrate,,(R,RUDY HORNE (I),927,64,214,649,0
Rockdale,Honey Creek,Chief Magistrate,,(R,RUDY HORNE (I),1169,55,324,790,0
Rockdale,Hightower,Chief Magistrate,,(R,RUDY HORNE (I),885,36,311,535,3
Rockdale,The Lakes,Chief Magistrate,,(R,RUDY HORNE (I),471,28,164,278,1
Rockdale,Lorraine,Chief Magistrate,,(R,RUDY HORNE (I),1469,60,554,854,1
Rockdale,Magnet,Chief Magistrate,,(R,RUDY HORNE (I),1401,54,523,823,1
Rockdale,Milstead,Chief Magistrate,,(R,RUDY HORNE (I),649,43,204,402,0
Rockdale,Olde Towne,Chief Magistrate,,(R,RUDY HORNE (I),672,66,185,419,2
Rockdale,Rockdale,Chief Magistrate,,(R,RUDY HORNE (I),1110,63,267,779,1
Rockdale,Salem,Chief Magistrate,,(R,RUDY HORNE (I),895,62,219,614,0
Rockdale,Sheffield,Chief Magistrate,,(R,RUDY HORNE (I),1039,38,393,608,0
Rockdale,Smyrna,Chief Magistrate,,(R,RUDY HORNE (I),1107,60,216,828,3
Rockdale,St. Pius,Chief Magistrate,,(R,RUDY HORNE (I),493,23,94,376,0
Rockdale,Stanton,Chief Magistrate,,(R,RUDY HORNE (I),1333,69,313,948,3
Rockdale,,Chief Magistrate,,D,PHINIA ATEN,19606,646,5663,13247,50
Rockdale,Barksdale,Chief Magistrate,,D,PHINIA ATEN,1236,39,363,833,1
Rockdale,Bethel,Chief Magistrate,,D,PHINIA ATEN,228,16,73,138,1
Rockdale,Conyers,Chief Magistrate,,D,PHINIA ATEN,1075,34,338,700,3
Rockdale,Fieldstone,Chief Magistrate,,D,PHINIA ATEN,1800,66,523,1199,12
Rockdale,Flat Shoals,Chief Magistrate,,D,PHINIA ATEN,1456,44,404,1005,3
Rockdale,Honey Creek,Chief Magistrate,,D,PHINIA ATEN,449,24,127,297,1
Rockdale,Hightower,Chief Magistrate,,D,PHINIA ATEN,998,29,299,669,1
Rockdale,The Lakes,Chief Magistrate,,D,PHINIA ATEN,549,16,193,339,1
Rockdale,Lorraine,Chief Magistrate,,D,PHINIA ATEN,1119,40,317,760,2
Rockdale,Magnet,Chief Magistrate,,D,PHINIA ATEN,598,27,188,383,0
Rockdale,Milstead,Chief Magistrate,,D,PHINIA ATEN,1345,47,426,869,3
Rockdale,Olde Towne,Chief Magistrate,,D,PHINIA ATEN,2238,59,686,1481,12
Rockdale,Rockdale,Chief Magistrate,,D,PHINIA ATEN,1515,54,402,1058,1
Rockdale,Salem,Chief Magistrate,,D,PHINIA ATEN,1169,34,340,795,0
Rockdale,Sheffield,Chief Magistrate,,D,PHINIA ATEN,427,15,154,257,1
Rockdale,Smyrna,Chief Magistrate,,D,PHINIA ATEN,1586,55,384,1143,4
Rockdale,St. Pius,Chief Magistrate,,D,PHINIA ATEN,1052,24,213,813,2
Rockdale,Stanton,Chief Magistrate,,D,PHINIA ATEN,766,23,233,508,2
Rockdale,,County Comm Chair,,R,JASON HILL,17065,857,5069,11120,19
Rockdale,Barksdale,County Comm Chair,,R,JASON HILL,1797,79,520,1198,0
Rockdale,Bethel,County Comm Chair,,R,JASON HILL,730,17,348,363,2
Rockdale,Conyers,County Comm Chair,,R,JASON HILL,590,24,184,381,1
Rockdale,Fieldstone,County Comm Chair,,R,JASON HILL,559,30,134,395,0
Rockdale,Flat Shoals,County Comm Chair,,R,JASON HILL,894,62,200,631,1
Rockdale,Honey Creek,County Comm Chair,,R,JASON HILL,1153,53,314,786,0
Rockdale,Hightower,County Comm Chair,,R,JASON HILL,859,35,306,515,3
Rockdale,The Lakes,County Comm Chair,,R,JASON HILL,466,25,160,280,1
Rockdale,Lorraine,County Comm Chair,,R,JASON HILL,1427,58,536,832,1
Rockdale,Magnet,County Comm Chair,,R,JASON HILL,1371,56,514,800,1
Rockdale,Milstead,County Comm Chair,,R,JASON HILL,662,43,209,410,0
Rockdale,Olde Towne,County Comm Chair,,R,JASON HILL,660,63,181,414,2
Rockdale,Rockdale,County Comm Chair,,R,JASON HILL,1092,64,275,753,0
Rockdale,Salem,County Comm Chair,,R,JASON HILL,872,59,204,609,0
Rockdale,Sheffield,County Comm Chair,,R,JASON HILL,1038,39,382,616,1
Rockdale,Smyrna,County Comm Chair,,R,JASON HILL,1083,61,204,815,3
Rockdale,St. Pius,County Comm Chair,,R,JASON HILL,491,22,89,380,0
Rockdale,Stanton,County Comm Chair,,R,JASON HILL,1321,67,309,942,3
Rockdale,,County Comm Chair,,(D,RICHARD ODEN (I),19916,673,5802,13391,50
Rockdale,Barksdale,County Comm Chair,,(D,RICHARD ODEN (I),1288,36,375,875,2
Rockdale,Bethel,County Comm Chair,,(D,RICHARD ODEN (I),230,18,72,139,1
Rockdale,Conyers,County Comm Chair,,(D,RICHARD ODEN (I),1064,35,346,680,3
Rockdale,Fieldstone,County Comm Chair,,(D,RICHARD ODEN (I),1796,71,527,1186,12
Rockdale,Flat Shoals,County Comm Chair,,(D,RICHARD ODEN (I),1491,48,420,1021,2
Rockdale,Honey Creek,County Comm Chair,,(D,RICHARD ODEN (I),470,26,135,308,1
Rockdale,Hightower,County Comm Chair,,(D,RICHARD ODEN (I),1018,30,305,682,1
Rockdale,The Lakes,County Comm Chair,,(D,RICHARD ODEN (I),559,19,200,339,1
Rockdale,Lorraine,County Comm Chair,,(D,RICHARD ODEN (I),1166,44,335,785,2
Rockdale,Magnet,County Comm Chair,,(D,RICHARD ODEN (I),634,28,199,407,0
Rockdale,Milstead,County Comm Chair,,(D,RICHARD ODEN (I),1330,47,421,859,3
Rockdale,Olde Towne,County Comm Chair,,(D,RICHARD ODEN (I),2249,64,690,1483,12
Rockdale,Rockdale,County Comm Chair,,(D,RICHARD ODEN (I),1550,53,404,1091,2
Rockdale,Salem,County Comm Chair,,(D,RICHARD ODEN (I),1194,37,356,801,0
Rockdale,Sheffield,County Comm Chair,,(D,RICHARD ODEN (I),437,15,164,258,0
Rockdale,Smyrna,County Comm Chair,,(D,RICHARD ODEN (I),1613,54,397,1158,4
Rockdale,St. Pius,County Comm Chair,,(D,RICHARD ODEN (I),1044,25,213,804,2
Rockdale,Stanton,County Comm Chair,,(D,RICHARD ODEN (I),783,23,243,515,2
Rockdale,,County Comm 1,,R,TOM HARRISON,16758,851,4956,10932,19
Rockdale,Barksdale,County Comm 1,,R,TOM HARRISON,1770,76,505,1188,1
Rockdale,Bethel,County Comm 1,,R,TOM HARRISON,719,17,341,359,2
Rockdale,Conyers,County Comm 1,,R,TOM HARRISON,571,22,189,359,1
Rockdale,Fieldstone,County Comm 1,,R,TOM HARRISON,555,32,136,387,0
Rockdale,Flat Shoals,County Comm 1,,R,TOM HARRISON,863,59,192,611,1
Rockdale,Honey Creek,County Comm 1,,R,TOM HARRISON,1142,55,308,778,1
Rockdale,Hightower,County Comm 1,,R,TOM HARRISON,853,35,308,508,2
Rockdale,The Lakes,County Comm 1,,R,TOM HARRISON,450,27,154,268,1
Rockdale,Lorraine,County Comm 1,,R,TOM HARRISON,1414,59,526,828,1
Rockdale,Magnet,County Comm 1,,R,TOM HARRISON,1378,58,511,808,1
Rockdale,Milstead,County Comm 1,,R,TOM HARRISON,650,39,217,394,0
Rockdale,Olde Towne,County Comm 1,,R,TOM HARRISON,636,62,168,404,2
Rockdale,Rockdale,County Comm 1,,R,TOM HARRISON,1046,64,246,736,0
Rockdale,Salem,County Comm 1,,R,TOM HARRISON,864,59,204,601,0
Rockdale,Sheffield,County Comm 1,,R,TOM HARRISON,1021,40,379,602,0
Rockdale,Smyrna,County Comm 1,,R,TOM HARRISON,1056,60,188,805,3
Rockdale,St. Pius,County Comm 1,,R,TOM HARRISON,490,22,89,379,0
Rockdale,Stanton,County Comm 1,,R,TOM HARRISON,1280,65,295,917,3
Rockdale,,County Comm 1,,(D,OZ NESBITT (I),20193,673,5921,13550,49
Rockdale,Barksdale,County Comm 1,,(D,OZ NESBITT (I),1311,39,398,873,1
Rockdale,Bethel,County Comm 1,,(D,OZ NESBITT (I),245,17,83,144,1
Rockdale,Conyers,County Comm 1,,(D,OZ NESBITT (I),1084,36,345,700,3
Rockdale,Fieldstone,County Comm 1,,(D,OZ NESBITT (I),1810,68,535,1195,12
Rockdale,Flat Shoals,County Comm 1,,(D,OZ NESBITT (I),1523,47,426,1048,2
Rockdale,Honey Creek,County Comm 1,,(D,OZ NESBITT (I),480,25,143,312,0
Rockdale,Hightower,County Comm 1,,(D,OZ NESBITT (I),1021,30,300,689,2
Rockdale,The Lakes,County Comm 1,,(D,OZ NESBITT (I),568,17,198,352,1
Rockdale,Lorraine,County Comm 1,,(D,OZ NESBITT (I),1179,43,350,784,2
Rockdale,Magnet,County Comm 1,,(D,OZ NESBITT (I),624,26,204,394,0
Rockdale,Milstead,County Comm 1,,(D,OZ NESBITT (I),1341,51,413,874,3
Rockdale,Olde Towne,County Comm 1,,(D,OZ NESBITT (I),2288,65,705,1507,11
Rockdale,Rockdale,County Comm 1,,(D,OZ NESBITT (I),1583,53,427,1101,2
Rockdale,Salem,County Comm 1,,(D,OZ NESBITT (I),1204,37,357,810,0
Rockdale,Sheffield,County Comm 1,,(D,OZ NESBITT (I),447,14,169,263,1
Rockdale,Smyrna,County Comm 1,,(D,OZ NESBITT (I),1621,54,404,1159,4
Rockdale,St. Pius,County Comm 1,,(D,OZ NESBITT (I),1052,26,214,810,2
Rockdale,Stanton,County Comm 1,,(D,OZ NESBITT (I),812,25,250,535,2
Rockdale,,Constitutional Amendment #1<br>Shall the Constitution be amended to allow state or local approval of public charter schools upon the request of local communities?,,,YES,23615,953,7059,15560,43
Rockdale,Barksdale,Constitutional Amendment #1<br>Shall the Constitution be amended to allow state or local approval of public charter schools upon the request of local communities?,,,YES,1934,78,549,1305,2
Rockdale,Bethel,Constitutional Amendment #1<br>Shall the Constitution be amended to allow state or local approval of public charter schools upon the request of local communities?,,,YES,582,16,275,290,1
Rockdale,Conyers,Constitutional Amendment #1<br>Shall the Constitution be amended to allow state or local approval of public charter schools upon the request of local communities?,,,YES,1075,36,359,678,2
Rockdale,Fieldstone,Constitutional Amendment #1<br>Shall the Constitution be amended to allow state or local approval of public charter schools upon the request of local communities?,,,YES,1608,64,461,1073,10
Rockdale,Flat Shoals,Constitutional Amendment #1<br>Shall the Constitution be amended to allow state or local approval of public charter schools upon the request of local communities?,,,YES,1542,72,412,1057,1
Rockdale,Honey Creek,Constitutional Amendment #1<br>Shall the Constitution be amended to allow state or local approval of public charter schools upon the request of local communities?,,,YES,983,47,278,657,1
Rockdale,Hightower,Constitutional Amendment #1<br>Shall the Constitution be amended to allow state or local approval of public charter schools upon the request of local communities?,,,YES,1240,48,382,808,2
Rockdale,The Lakes,Constitutional Amendment #1<br>Shall the Constitution be amended to allow state or local approval of public charter schools upon the request of local communities?,,,YES,630,21,224,383,2
Rockdale,Lorraine,Constitutional Amendment #1<br>Shall the Constitution be amended to allow state or local approval of public charter schools upon the request of local communities?,,,YES,1534,66,506,961,1
Rockdale,Magnet,Constitutional Amendment #1<br>Shall the Constitution be amended to allow state or local approval of public charter schools upon the request of local communities?,,,YES,1232,51,442,739,0
Rockdale,Milstead,Constitutional Amendment #1<br>Shall the Constitution be amended to allow state or local approval of public charter schools upon the request of local communities?,,,YES,1349,61,433,854,1
Rockdale,Olde Towne,Constitutional Amendment #1<br>Shall the Constitution be amended to allow state or local approval of public charter schools upon the request of local communities?,,,YES,2046,75,644,1318,9
Rockdale,Rockdale,Constitutional Amendment #1<br>Shall the Constitution be amended to allow state or local approval of public charter schools upon the request of local communities?,,,YES,1683,73,435,1173,2
Rockdale,Salem,Constitutional Amendment #1<br>Shall the Constitution be amended to allow state or local approval of public charter schools upon the request of local communities?,,,YES,1360,60,378,922,0
Rockdale,Sheffield,Constitutional Amendment #1<br>Shall the Constitution be amended to allow state or local approval of public charter schools upon the request of local communities?,,,YES,889,32,345,512,0
Rockdale,Smyrna,Constitutional Amendment #1<br>Shall the Constitution be amended to allow state or local approval of public charter schools upon the request of local communities?,,,YES,1677,77,383,1213,4
Rockdale,St. Pius,Constitutional Amendment #1<br>Shall the Constitution be amended to allow state or local approval of public charter schools upon the request of local communities?,,,YES,954,31,197,724,2
Rockdale,Stanton,Constitutional Amendment #1<br>Shall the Constitution be amended to allow state or local approval of public charter schools upon the request of local communities?,,,YES,1297,45,356,893,3
Rockdale,,Constitutional Amendment #1<br>Shall the Constitution be amended to allow state or local approval of public charter schools upon the request of local communities?,,,NO,13119,518,3856,8724,21
Rockdale,Barksdale,Constitutional Amendment #1<br>Shall the Constitution be amended to allow state or local approval of public charter schools upon the request of local communities?,,,NO,1142,35,351,756,0
Rockdale,Bethel,Constitutional Amendment #1<br>Shall the Constitution be amended to allow state or local approval of public charter schools upon the request of local communities?,,,NO,373,16,150,206,1
Rockdale,Conyers,Constitutional Amendment #1<br>Shall the Constitution be amended to allow state or local approval of public charter schools upon the request of local communities?,,,NO,562,21,177,362,2
Rockdale,Fieldstone,Constitutional Amendment #1<br>Shall the Constitution be amended to allow state or local approval of public charter schools upon the request of local communities?,,,NO,741,32,208,499,2
Rockdale,Flat Shoals,Constitutional Amendment #1<br>Shall the Constitution be amended to allow state or local approval of public charter schools upon the request of local communities?,,,NO,827,30,209,586,2
Rockdale,Honey Creek,Constitutional Amendment #1<br>Shall the Constitution be amended to allow state or local approval of public charter schools upon the request of local communities?,,,NO,623,26,177,420,0
Rockdale,Hightower,Constitutional Amendment #1<br>Shall the Constitution be amended to allow state or local approval of public charter schools upon the request of local communities?,,,NO,613,10,225,376,2
Rockdale,The Lakes,Constitutional Amendment #1<br>Shall the Constitution be amended to allow state or local approval of public charter schools upon the request of local communities?,,,NO,383,20,132,231,0
Rockdale,Lorraine,Constitutional Amendment #1<br>Shall the Constitution be amended to allow state or local approval of public charter schools upon the request of local communities?,,,NO,1055,34,373,646,2
Rockdale,Magnet,Constitutional Amendment #1<br>Shall the Constitution be amended to allow state or local approval of public charter schools upon the request of local communities?,,,NO,753,32,275,445,1
Rockdale,Milstead,Constitutional Amendment #1<br>Shall the Constitution be amended to allow state or local approval of public charter schools upon the request of local communities?,,,NO,631,28,193,409,1
Rockdale,Olde Towne,Constitutional Amendment #1<br>Shall the Constitution be amended to allow state or local approval of public charter schools upon the request of local communities?,,,NO,853,44,237,568,4
Rockdale,Rockdale,Constitutional Amendment #1<br>Shall the Constitution be amended to allow state or local approval of public charter schools upon the request of local communities?,,,NO,941,40,249,652,0
Rockdale,Salem,Constitutional Amendment #1<br>Shall the Constitution be amended to allow state or local approval of public charter schools upon the request of local communities?,,,NO,708,36,182,490,0
Rockdale,Sheffield,Constitutional Amendment #1<br>Shall the Constitution be amended to allow state or local approval of public charter schools upon the request of local communities?,,,NO,573,20,208,345,0
Rockdale,Smyrna,Constitutional Amendment #1<br>Shall the Constitution be amended to allow state or local approval of public charter schools upon the request of local communities?,,,NO,989,38,215,734,2
Rockdale,St. Pius,Constitutional Amendment #1<br>Shall the Constitution be amended to allow state or local approval of public charter schools upon the request of local communities?,,,NO,570,16,107,447,0
Rockdale,Stanton,Constitutional Amendment #1<br>Shall the Constitution be amended to allow state or local approval of public charter schools upon the request of local communities?,,,NO,782,40,188,552,2
Rockdale,,Constitutional Amendment #2<br>Shall the Constitution be amended so as to provide for a reduction in the state's operating costs by allowing the General Assembly to authorize certain state agencies to enter into multiyear rental agreements?,,,YES,22065,897,6611,14520,37
Rockdale,Barksdale,Constitutional Amendment #2<br>Shall the Constitution be amended so as to provide for a reduction in the state's operating costs by allowing the General Assembly to authorize certain state agencies to enter into multiyear rental agreements?,,,YES,1868,74,533,1259,2
Rockdale,Bethel,Constitutional Amendment #2<br>Shall the Constitution be amended so as to provide for a reduction in the state's operating costs by allowing the General Assembly to authorize certain state agencies to enter into multiyear rental agreements?,,,YES,549,16,247,286,0
Rockdale,Conyers,Constitutional Amendment #2<br>Shall the Constitution be amended so as to provide for a reduction in the state's operating costs by allowing the General Assembly to authorize certain state agencies to enter into multiyear rental agreements?,,,YES,999,30,346,622,1
Rockdale,Fieldstone,Constitutional Amendment #2<br>Shall the Constitution be amended so as to provide for a reduction in the state's operating costs by allowing the General Assembly to authorize certain state agencies to enter into multiyear rental agreements?,,,YES,1453,57,418,970,8
Rockdale,Flat Shoals,Constitutional Amendment #2<br>Shall the Constitution be amended so as to provide for a reduction in the state's operating costs by allowing the General Assembly to authorize certain state agencies to enter into multiyear rental agreements?,,,YES,1389,71,361,955,2
Rockdale,Honey Creek,Constitutional Amendment #2<br>Shall the Constitution be amended so as to provide for a reduction in the state's operating costs by allowing the General Assembly to authorize certain state agencies to enter into multiyear rental agreements?,,,YES,1012,46,283,682,1
Rockdale,Hightower,Constitutional Amendment #2<br>Shall the Constitution be amended so as to provide for a reduction in the state's operating costs by allowing the General Assembly to authorize certain state agencies to enter into multiyear rental agreements?,,,YES,1113,35,358,719,1
Rockdale,The Lakes,Constitutional Amendment #2<br>Shall the Constitution be amended so as to provide for a reduction in the state's operating costs by allowing the General Assembly to authorize certain state agencies to enter into multiyear rental agreements?,,,YES,593,25,213,353,2
Rockdale,Lorraine,Constitutional Amendment #2<br>Shall the Constitution be amended so as to provide for a reduction in the state's operating costs by allowing the General Assembly to authorize certain state agencies to enter into multiyear rental agreements?,,,YES,1482,67,502,912,1
Rockdale,Magnet,Constitutional Amendment #2<br>Shall the Constitution be amended so as to provide for a reduction in the state's operating costs by allowing the General Assembly to authorize certain state agencies to enter into multiyear rental agreements?,,,YES,1181,48,431,702,0
Rockdale,Milstead,Constitutional Amendment #2<br>Shall the Constitution be amended so as to provide for a reduction in the state's operating costs by allowing the General Assembly to authorize certain state agencies to enter into multiyear rental agreements?,,,YES,1186,52,381,753,0
Rockdale,Olde Towne,Constitutional Amendment #2<br>Shall the Constitution be amended so as to provide for a reduction in the state's operating costs by allowing the General Assembly to authorize certain state agencies to enter into multiyear rental agreements?,,,YES,1847,67,580,1190,10
Rockdale,Rockdale,Constitutional Amendment #2<br>Shall the Constitution be amended so as to provide for a reduction in the state's operating costs by allowing the General Assembly to authorize certain state agencies to enter into multiyear rental agreements?,,,YES,1536,67,418,1050,1
Rockdale,Salem,Constitutional Amendment #2<br>Shall the Constitution be amended so as to provide for a reduction in the state's operating costs by allowing the General Assembly to authorize certain state agencies to enter into multiyear rental agreements?,,,YES,1219,55,340,824,0
Rockdale,Sheffield,Constitutional Amendment #2<br>Shall the Constitution be amended so as to provide for a reduction in the state's operating costs by allowing the General Assembly to authorize certain state agencies to enter into multiyear rental agreements?,,,YES,838,26,318,494,0
Rockdale,Smyrna,Constitutional Amendment #2<br>Shall the Constitution be amended so as to provide for a reduction in the state's operating costs by allowing the General Assembly to authorize certain state agencies to enter into multiyear rental agreements?,,,YES,1609,77,362,1167,3
Rockdale,St. Pius,Constitutional Amendment #2<br>Shall the Constitution be amended so as to provide for a reduction in the state's operating costs by allowing the General Assembly to authorize certain state agencies to enter into multiyear rental agreements?,,,YES,922,32,181,707,2
Rockdale,Stanton,Constitutional Amendment #2<br>Shall the Constitution be amended so as to provide for a reduction in the state's operating costs by allowing the General Assembly to authorize certain state agencies to enter into multiyear rental agreements?,,,YES,1269,52,339,875,3
Rockdale,,Constitutional Amendment #2<br>Shall the Constitution be amended so as to provide for a reduction in the state's operating costs by allowing the General Assembly to authorize certain state agencies to enter into multiyear rental agreements?,,,NO,13466,525,3907,9010,24
Rockdale,Barksdale,Constitutional Amendment #2<br>Shall the Constitution be amended so as to provide for a reduction in the state's operating costs by allowing the General Assembly to authorize certain state agencies to enter into multiyear rental agreements?,,,NO,1098,37,333,728,0
Rockdale,Bethel,Constitutional Amendment #2<br>Shall the Constitution be amended so as to provide for a reduction in the state's operating costs by allowing the General Assembly to authorize certain state agencies to enter into multiyear rental agreements?,,,NO,373,16,160,195,2
Rockdale,Conyers,Constitutional Amendment #2<br>Shall the Constitution be amended so as to provide for a reduction in the state's operating costs by allowing the General Assembly to authorize certain state agencies to enter into multiyear rental agreements?,,,NO,575,22,172,378,3
Rockdale,Fieldstone,Constitutional Amendment #2<br>Shall the Constitution be amended so as to provide for a reduction in the state's operating costs by allowing the General Assembly to authorize certain state agencies to enter into multiyear rental agreements?,,,NO,841,39,232,568,2
Rockdale,Flat Shoals,Constitutional Amendment #2<br>Shall the Constitution be amended so as to provide for a reduction in the state's operating costs by allowing the General Assembly to authorize certain state agencies to enter into multiyear rental agreements?,,,NO,894,28,241,624,1
Rockdale,Honey Creek,Constitutional Amendment #2<br>Shall the Constitution be amended so as to provide for a reduction in the state's operating costs by allowing the General Assembly to authorize certain state agencies to enter into multiyear rental agreements?,,,NO,549,26,151,372,0
Rockdale,Hightower,Constitutional Amendment #2<br>Shall the Constitution be amended so as to provide for a reduction in the state's operating costs by allowing the General Assembly to authorize certain state agencies to enter into multiyear rental agreements?,,,NO,679,19,228,430,2
Rockdale,The Lakes,Constitutional Amendment #2<br>Shall the Constitution be amended so as to provide for a reduction in the state's operating costs by allowing the General Assembly to authorize certain state agencies to enter into multiyear rental agreements?,,,NO,386,15,129,242,0
Rockdale,Lorraine,Constitutional Amendment #2<br>Shall the Constitution be amended so as to provide for a reduction in the state's operating costs by allowing the General Assembly to authorize certain state agencies to enter into multiyear rental agreements?,,,NO,1029,30,352,645,2
Rockdale,Magnet,Constitutional Amendment #2<br>Shall the Constitution be amended so as to provide for a reduction in the state's operating costs by allowing the General Assembly to authorize certain state agencies to enter into multiyear rental agreements?,,,NO,728,32,253,442,1
Rockdale,Milstead,Constitutional Amendment #2<br>Shall the Constitution be amended so as to provide for a reduction in the state's operating costs by allowing the General Assembly to authorize certain state agencies to enter into multiyear rental agreements?,,,NO,718,33,213,470,2
Rockdale,Olde Towne,Constitutional Amendment #2<br>Shall the Constitution be amended so as to provide for a reduction in the state's operating costs by allowing the General Assembly to authorize certain state agencies to enter into multiyear rental agreements?,,,NO,939,43,269,624,3
Rockdale,Rockdale,Constitutional Amendment #2<br>Shall the Constitution be amended so as to provide for a reduction in the state's operating costs by allowing the General Assembly to authorize certain state agencies to enter into multiyear rental agreements?,,,NO,1014,46,245,722,1
Rockdale,Salem,Constitutional Amendment #2<br>Shall the Constitution be amended so as to provide for a reduction in the state's operating costs by allowing the General Assembly to authorize certain state agencies to enter into multiyear rental agreements?,,,NO,791,35,199,557,0
Rockdale,Sheffield,Constitutional Amendment #2<br>Shall the Constitution be amended so as to provide for a reduction in the state's operating costs by allowing the General Assembly to authorize certain state agencies to enter into multiyear rental agreements?,,,NO,575,22,216,337,0
Rockdale,Smyrna,Constitutional Amendment #2<br>Shall the Constitution be amended so as to provide for a reduction in the state's operating costs by allowing the General Assembly to authorize certain state agencies to enter into multiyear rental agreements?,,,NO,969,34,216,716,3
Rockdale,St. Pius,Constitutional Amendment #2<br>Shall the Constitution be amended so as to provide for a reduction in the state's operating costs by allowing the General Assembly to authorize certain state agencies to enter into multiyear rental agreements?,,,NO,557,15,110,432,0
Rockdale,Stanton,Constitutional Amendment #2<br>Shall the Constitution be amended so as to provide for a reduction in the state's operating costs by allowing the General Assembly to authorize certain state agencies to enter into multiyear rental agreements?,,,NO,751,33,188,528,2
