county,precinct,office,district,party,candidate,votes,absentee_by_mail,election_day,advance_in_person,provisional
Barrow,,President of the United States,,R,MITT ROMNEY,18725,730,9056,8935,4
Barrow,01 Bethlehem Community Center,President of the United States,,R,MITT ROMNEY,1220,27,675,518,0
Barrow,02 Bethabra Baptist Church,President of the United States,,R,MITT ROMNEY,1557,88,656,812,1
Barrow,03 Bramlett Elementary School,President of the United States,,R,MITT ROMNEY,1252,40,732,479,1
Barrow,04 Westside Middle School,President of the United States,,R,MITT ROMNEY,1008,31,442,535,0
Barrow,05 Fire Station 1 (Statham),President of the United States,,R,MITT ROMNEY,1722,62,904,756,0
Barrow,06 Winder Barrow High School,President of the United States,,R,MITT ROMNEY,850,28,360,462,0
Barrow,07 Statham Elementary School,President of the United States,,R,MITT ROMNEY,946,44,517,384,1
Barrow,08 Holsenbeck Elementary School,President of the United States,,R,MITT ROMNEY,1217,22,560,635,0
Barrow,09 Lions Club,President of the United States,,R,MITT ROMNEY,1407,58,497,851,1
Barrow,10 Leisure Services Center,President of the United States,,R,MITT ROMNEY,670,46,280,344,0
Barrow,11 Apalachee High School,President of the United States,,R,MITT ROMNEY,1051,34,634,383,0
Barrow,12 Midway United Methodist Church,President of the United States,,R,MITT ROMNEY,1189,52,658,479,0
Barrow,13 Winder Community Center,President of the United States,,R,MITT ROMNEY,912,53,345,514,0
Barrow,14 Cedar Creek Baptist Church,President of the United States,,R,MITT ROMNEY,565,19,292,254,0
Barrow,15 County Line Elementary School,President of the United States,,R,MITT ROMNEY,1390,61,631,698,0
Barrow,16 Bethlehem First Baptist Church,President of the United States,,R,MITT ROMNEY,1769,65,873,831,0
Barrow,,President of the United States,,(D,BARACK OBAMA (I),6028,218,2839,2968,3
Barrow,01 Bethlehem Community Center,President of the United States,,(D,BARACK OBAMA (I),339,4,214,121,0
Barrow,02 Bethabra Baptist Church,President of the United States,,(D,BARACK OBAMA (I),275,16,139,120,0
Barrow,03 Bramlett Elementary School,President of the United States,,(D,BARACK OBAMA (I),279,11,168,100,0
Barrow,04 Westside Middle School,President of the United States,,(D,BARACK OBAMA (I),262,12,130,119,1
Barrow,05 Fire Station 1 (Statham),President of the United States,,(D,BARACK OBAMA (I),620,21,303,296,0
Barrow,06 Winder Barrow High School,President of the United States,,(D,BARACK OBAMA (I),266,6,109,151,0
Barrow,07 Statham Elementary School,President of the United States,,(D,BARACK OBAMA (I),474,20,192,262,0
Barrow,08 Holsenbeck Elementary School,President of the United States,,(D,BARACK OBAMA (I),288,11,145,132,0
Barrow,09 Lions Club,President of the United States,,(D,BARACK OBAMA (I),370,7,150,213,0
Barrow,10 Leisure Services Center,President of the United States,,(D,BARACK OBAMA (I),622,11,238,373,0
Barrow,11 Apalachee High School,President of the United States,,(D,BARACK OBAMA (I),402,21,190,191,0
Barrow,12 Midway United Methodist Church,President of the United States,,(D,BARACK OBAMA (I),249,14,149,86,0
Barrow,13 Winder Community Center,President of the United States,,(D,BARACK OBAMA (I),332,12,141,179,0
Barrow,14 Cedar Creek Baptist Church,President of the United States,,(D,BARACK OBAMA (I),123,4,65,53,1
Barrow,15 County Line Elementary School,President of the United States,,(D,BARACK OBAMA (I),259,9,123,127,0
Barrow,16 Bethlehem First Baptist Church,President of the United States,,(D,BARACK OBAMA (I),868,39,383,445,1
Barrow,,President of the United States,,L,GARY JOHNSON,433,13,296,124,0
Barrow,01 Bethlehem Community Center,President of the United States,,L,GARY JOHNSON,31,0,21,10,0
Barrow,02 Bethabra Baptist Church,President of the United States,,L,GARY JOHNSON,18,1,14,3,0
Barrow,03 Bramlett Elementary School,President of the United States,,L,GARY JOHNSON,33,1,24,8,0
Barrow,04 Westside Middle School,President of the United States,,L,GARY JOHNSON,23,1,15,7,0
Barrow,05 Fire Station 1 (Statham),President of the United States,,L,GARY JOHNSON,27,0,19,8,0
Barrow,06 Winder Barrow High School,President of the United States,,L,GARY JOHNSON,15,0,9,6,0
Barrow,07 Statham Elementary School,President of the United States,,L,GARY JOHNSON,25,1,17,7,0
Barrow,08 Holsenbeck Elementary School,President of the United States,,L,GARY JOHNSON,35,1,27,7,0
Barrow,09 Lions Club,President of the United States,,L,GARY JOHNSON,25,0,16,9,0
Barrow,10 Leisure Services Center,President of the United States,,L,GARY JOHNSON,25,2,11,12,0
Barrow,11 Apalachee High School,President of the United States,,L,GARY JOHNSON,24,1,14,9,0
Barrow,12 Midway United Methodist Church,President of the United States,,L,GARY JOHNSON,26,1,20,5,0
Barrow,13 Winder Community Center,President of the United States,,L,GARY JOHNSON,33,0,20,13,0
Barrow,14 Cedar Creek Baptist Church,President of the United States,,L,GARY JOHNSON,15,0,12,3,0
Barrow,15 County Line Elementary School,President of the United States,,L,GARY JOHNSON,19,3,9,7,0
Barrow,16 Bethlehem First Baptist Church,President of the United States,,L,GARY JOHNSON,59,1,48,10,0
Barrow,,"Public Service Commission, District 3",3,R,CHUCK EATON (I),16603,662,8039,7900,2
Barrow,01 Bethlehem Community Center,"Public Service Commission, District 3",3,R,CHUCK EATON (I),1077,26,602,449,0
Barrow,02 Bethabra Baptist Church,"Public Service Commission, District 3",3,R,CHUCK EATON (I),1409,75,599,734,1
Barrow,03 Bramlett Elementary School,"Public Service Commission, District 3",3,R,CHUCK EATON (I),1091,35,647,409,0
Barrow,04 Westside Middle School,"Public Service Commission, District 3",3,R,CHUCK EATON (I),879,28,375,476,0
Barrow,05 Fire Station 1 (Statham),"Public Service Commission, District 3",3,R,CHUCK EATON (I),1560,56,806,698,0
Barrow,06 Winder Barrow High School,"Public Service Commission, District 3",3,R,CHUCK EATON (I),755,26,319,410,0
Barrow,07 Statham Elementary School,"Public Service Commission, District 3",3,R,CHUCK EATON (I),835,38,449,347,1
Barrow,08 Holsenbeck Elementary School,"Public Service Commission, District 3",3,R,CHUCK EATON (I),1076,21,493,562,0
Barrow,09 Lions Club,"Public Service Commission, District 3",3,R,CHUCK EATON (I),1248,58,449,741,0
Barrow,10 Leisure Services Center,"Public Service Commission, District 3",3,R,CHUCK EATON (I),626,38,266,322,0
Barrow,11 Apalachee High School,"Public Service Commission, District 3",3,R,CHUCK EATON (I),934,26,573,335,0
Barrow,12 Midway United Methodist Church,"Public Service Commission, District 3",3,R,CHUCK EATON (I),1028,49,577,402,0
Barrow,13 Winder Community Center,"Public Service Commission, District 3",3,R,CHUCK EATON (I),808,52,308,448,0
Barrow,14 Cedar Creek Baptist Church,"Public Service Commission, District 3",3,R,CHUCK EATON (I),493,18,259,216,0
Barrow,15 County Line Elementary School,"Public Service Commission, District 3",3,R,CHUCK EATON (I),1213,59,554,600,0
Barrow,16 Bethlehem First Baptist Church,"Public Service Commission, District 3",3,R,CHUCK EATON (I),1571,57,763,751,0
Barrow,,"Public Service Commission, District 3",3,D,STEPHEN OPPENHEIMER,5261,178,2465,2616,2
Barrow,01 Bethlehem Community Center,"Public Service Commission, District 3",3,D,STEPHEN OPPENHEIMER,304,4,188,112,0
Barrow,02 Bethabra Baptist Church,"Public Service Commission, District 3",3,D,STEPHEN OPPENHEIMER,267,17,134,116,0
Barrow,03 Bramlett Elementary School,"Public Service Commission, District 3",3,D,STEPHEN OPPENHEIMER,241,11,140,90,0
Barrow,04 Westside Middle School,"Public Service Commission, District 3",3,D,STEPHEN OPPENHEIMER,240,9,125,105,1
Barrow,05 Fire Station 1 (Statham),"Public Service Commission, District 3",3,D,STEPHEN OPPENHEIMER,536,12,260,264,0
Barrow,06 Winder Barrow High School,"Public Service Commission, District 3",3,D,STEPHEN OPPENHEIMER,238,4,100,134,0
Barrow,07 Statham Elementary School,"Public Service Commission, District 3",3,D,STEPHEN OPPENHEIMER,406,16,170,220,0
Barrow,08 Holsenbeck Elementary School,"Public Service Commission, District 3",3,D,STEPHEN OPPENHEIMER,266,10,142,114,0
Barrow,09 Lions Club,"Public Service Commission, District 3",3,D,STEPHEN OPPENHEIMER,312,6,122,184,0
Barrow,10 Leisure Services Center,"Public Service Commission, District 3",3,D,STEPHEN OPPENHEIMER,516,13,194,309,0
Barrow,11 Apalachee High School,"Public Service Commission, District 3",3,D,STEPHEN OPPENHEIMER,360,17,159,184,0
Barrow,12 Midway United Methodist Church,"Public Service Commission, District 3",3,D,STEPHEN OPPENHEIMER,222,10,132,80,0
Barrow,13 Winder Community Center,"Public Service Commission, District 3",3,D,STEPHEN OPPENHEIMER,284,12,120,152,0
Barrow,14 Cedar Creek Baptist Church,"Public Service Commission, District 3",3,D,STEPHEN OPPENHEIMER,107,1,54,51,1
Barrow,15 County Line Elementary School,"Public Service Commission, District 3",3,D,STEPHEN OPPENHEIMER,230,8,100,122,0
Barrow,16 Bethlehem First Baptist Church,"Public Service Commission, District 3",3,D,STEPHEN OPPENHEIMER,732,28,325,379,0
Barrow,,"Public Service Commission, District 3",3,L,BRAD PLOEGER,1657,56,934,667,0
Barrow,01 Bethlehem Community Center,"Public Service Commission, District 3",3,L,BRAD PLOEGER,110,1,69,40,0
Barrow,02 Bethabra Baptist Church,"Public Service Commission, District 3",3,L,BRAD PLOEGER,92,5,46,41,0
Barrow,03 Bramlett Elementary School,"Public Service Commission, District 3",3,L,BRAD PLOEGER,130,3,79,48,0
Barrow,04 Westside Middle School,"Public Service Commission, District 3",3,L,BRAD PLOEGER,89,5,50,34,0
Barrow,05 Fire Station 1 (Statham),"Public Service Commission, District 3",3,L,BRAD PLOEGER,121,3,82,36,0
Barrow,06 Winder Barrow High School,"Public Service Commission, District 3",3,L,BRAD PLOEGER,61,3,28,30,0
Barrow,07 Statham Elementary School,"Public Service Commission, District 3",3,L,BRAD PLOEGER,92,4,58,30,0
Barrow,08 Holsenbeck Elementary School,"Public Service Commission, District 3",3,L,BRAD PLOEGER,98,2,52,44,0
Barrow,09 Lions Club,"Public Service Commission, District 3",3,L,BRAD PLOEGER,132,0,50,82,0
Barrow,10 Leisure Services Center,"Public Service Commission, District 3",3,L,BRAD PLOEGER,61,3,34,24,0
Barrow,11 Apalachee High School,"Public Service Commission, District 3",3,L,BRAD PLOEGER,93,5,57,31,0
Barrow,12 Midway United Methodist Church,"Public Service Commission, District 3",3,L,BRAD PLOEGER,118,3,71,44,0
Barrow,13 Winder Community Center,"Public Service Commission, District 3",3,L,BRAD PLOEGER,94,0,47,47,0
Barrow,14 Cedar Creek Baptist Church,"Public Service Commission, District 3",3,L,BRAD PLOEGER,53,2,37,14,0
Barrow,15 County Line Elementary School,"Public Service Commission, District 3",3,L,BRAD PLOEGER,118,6,61,51,0
Barrow,16 Bethlehem First Baptist Church,"Public Service Commission, District 3",3,L,BRAD PLOEGER,195,11,113,71,0
Barrow,,"Public Service Commission, District 5",5,(R,STAN WISE (I),17368,686,8398,8281,3
Barrow,01 Bethlehem Community Center,"Public Service Commission, District 5",5,(R,STAN WISE (I),1154,29,646,479,0
Barrow,02 Bethabra Baptist Church,"Public Service Commission, District 5",5,(R,STAN WISE (I),1429,75,614,739,1
Barrow,03 Bramlett Elementary School,"Public Service Commission, District 5",5,(R,STAN WISE (I),1128,30,665,433,0
Barrow,04 Westside Middle School,"Public Service Commission, District 5",5,(R,STAN WISE (I),898,31,382,485,0
Barrow,05 Fire Station 1 (Statham),"Public Service Commission, District 5",5,(R,STAN WISE (I),1660,60,838,762,0
Barrow,06 Winder Barrow High School,"Public Service Commission, District 5",5,(R,STAN WISE (I),778,25,333,420,0
Barrow,07 Statham Elementary School,"Public Service Commission, District 5",5,(R,STAN WISE (I),897,39,465,392,1
Barrow,08 Holsenbeck Elementary School,"Public Service Commission, District 5",5,(R,STAN WISE (I),1099,26,506,567,0
Barrow,09 Lions Club,"Public Service Commission, District 5",5,(R,STAN WISE (I),1299,54,475,770,0
Barrow,10 Leisure Services Center,"Public Service Commission, District 5",5,(R,STAN WISE (I),688,43,286,359,0
Barrow,11 Apalachee High School,"Public Service Commission, District 5",5,(R,STAN WISE (I),1004,28,611,365,0
Barrow,12 Midway United Methodist Church,"Public Service Commission, District 5",5,(R,STAN WISE (I),1050,49,593,408,0
Barrow,13 Winder Community Center,"Public Service Commission, District 5",5,(R,STAN WISE (I),843,54,318,471,0
Barrow,14 Cedar Creek Baptist Church,"Public Service Commission, District 5",5,(R,STAN WISE (I),514,18,268,227,1
Barrow,15 County Line Elementary School,"Public Service Commission, District 5",5,(R,STAN WISE (I),1234,60,567,607,0
Barrow,16 Bethlehem First Baptist Church,"Public Service Commission, District 5",5,(R,STAN WISE (I),1693,65,831,797,0
Barrow,,"Public Service Commission, District 5",5,L,DAVID STAPLES,5113,157,2680,2275,1
Barrow,01 Bethlehem Community Center,"Public Service Commission, District 5",5,L,DAVID STAPLES,295,1,191,103,0
Barrow,02 Bethabra Baptist Church,"Public Service Commission, District 5",5,L,DAVID STAPLES,289,17,149,123,0
Barrow,03 Bramlett Elementary School,"Public Service Commission, District 5",5,L,DAVID STAPLES,321,19,199,103,0
Barrow,04 Westside Middle School,"Public Service Commission, District 5",5,L,DAVID STAPLES,272,9,149,113,1
Barrow,05 Fire Station 1 (Statham),"Public Service Commission, District 5",5,L,DAVID STAPLES,445,9,256,180,0
Barrow,06 Winder Barrow High School,"Public Service Commission, District 5",5,L,DAVID STAPLES,218,8,93,117,0
Barrow,07 Statham Elementary School,"Public Service Commission, District 5",5,L,DAVID STAPLES,327,8,175,144,0
Barrow,08 Holsenbeck Elementary School,"Public Service Commission, District 5",5,L,DAVID STAPLES,298,5,163,130,0
Barrow,09 Lions Club,"Public Service Commission, District 5",5,L,DAVID STAPLES,336,5,126,205,0
Barrow,10 Leisure Services Center,"Public Service Commission, District 5",5,L,DAVID STAPLES,378,8,162,208,0
Barrow,11 Apalachee High School,"Public Service Commission, District 5",5,L,DAVID STAPLES,300,16,157,127,0
Barrow,12 Midway United Methodist Church,"Public Service Commission, District 5",5,L,DAVID STAPLES,276,8,169,99,0
Barrow,13 Winder Community Center,"Public Service Commission, District 5",5,L,DAVID STAPLES,276,9,131,136,0
Barrow,14 Cedar Creek Baptist Church,"Public Service Commission, District 5",5,L,DAVID STAPLES,130,3,77,50,0
Barrow,15 County Line Elementary School,"Public Service Commission, District 5",5,L,DAVID STAPLES,306,13,153,140,0
Barrow,16 Bethlehem First Baptist Church,"Public Service Commission, District 5",5,L,DAVID STAPLES,646,19,330,297,0
Barrow,,U.S. Representative,10,(R,PAUL C. BROUN (I),20666,783,10217,9662,4
Barrow,01 Bethlehem Community Center,U.S. Representative,10,(R,PAUL C. BROUN (I),1356,28,781,547,0
Barrow,02 Bethabra Baptist Church,U.S. Representative,10,(R,PAUL C. BROUN (I),1617,87,703,826,1
Barrow,03 Bramlett Elementary School,U.S. Representative,10,(R,PAUL C. BROUN (I),1345,38,811,496,0
Barrow,04 Westside Middle School,U.S. Representative,10,(R,PAUL C. BROUN (I),1091,40,495,555,1
Barrow,05 Fire Station 1 (Statham),U.S. Representative,10,(R,PAUL C. BROUN (I),1903,67,1000,836,0
Barrow,06 Winder Barrow High School,U.S. Representative,10,(R,PAUL C. BROUN (I),929,31,402,496,0
Barrow,07 Statham Elementary School,U.S. Representative,10,(R,PAUL C. BROUN (I),1090,51,575,463,1
Barrow,08 Holsenbeck Elementary School,U.S. Representative,10,(R,PAUL C. BROUN (I),1298,27,621,650,0
Barrow,09 Lions Club,U.S. Representative,10,(R,PAUL C. BROUN (I),1536,59,573,904,0
Barrow,10 Leisure Services Center,U.S. Representative,10,(R,PAUL C. BROUN (I),937,50,408,479,0
Barrow,11 Apalachee High School,U.S. Representative,10,(R,PAUL C. BROUN (I),1165,37,701,427,0
Barrow,12 Midway United Methodist Church,U.S. Representative,10,(R,PAUL C. BROUN (I),1255,56,716,483,0
Barrow,13 Winder Community Center,U.S. Representative,10,(R,PAUL C. BROUN (I),1028,55,415,558,0
Barrow,14 Cedar Creek Baptist Church,U.S. Representative,10,(R,PAUL C. BROUN (I),598,20,319,258,1
Barrow,15 County Line Elementary School,U.S. Representative,10,(R,PAUL C. BROUN (I),1450,65,670,715,0
Barrow,16 Bethlehem First Baptist Church,U.S. Representative,10,(R,PAUL C. BROUN (I),2068,72,1027,969,0
Barrow,,State Senator,47,(R,FRANK GINN (I),18105,707,8768,8628,2
Barrow,01 Bethlehem Community Center,State Senator,47,(R,FRANK GINN (I),1188,26,669,493,0
Barrow,02 Bethabra Baptist Church,State Senator,47,(R,FRANK GINN (I),1491,80,633,777,1
Barrow,03 Bramlett Elementary School,State Senator,47,(R,FRANK GINN (I),1196,40,698,458,0
Barrow,04 Westside Middle School,State Senator,47,(R,FRANK GINN (I),962,31,421,510,0
Barrow,05 Fire Station 1 (Statham),State Senator,47,(R,FRANK GINN (I),1669,59,864,746,0
Barrow,06 Winder Barrow High School,State Senator,47,(R,FRANK GINN (I),812,28,343,441,0
Barrow,07 Statham Elementary School,State Senator,47,(R,FRANK GINN (I),912,42,485,384,1
Barrow,08 Holsenbeck Elementary School,State Senator,47,(R,FRANK GINN (I),1172,24,542,606,0
Barrow,09 Lions Club,State Senator,47,(R,FRANK GINN (I),1381,60,490,831,0
Barrow,10 Leisure Services Center,State Senator,47,(R,FRANK GINN (I),666,41,273,352,0
Barrow,11 Apalachee High School,State Senator,47,(R,FRANK GINN (I),1009,32,615,362,0
Barrow,12 Midway United Methodist Church,State Senator,47,(R,FRANK GINN (I),1123,47,630,446,0
Barrow,13 Winder Community Center,State Senator,47,(R,FRANK GINN (I),919,51,352,516,0
Barrow,14 Cedar Creek Baptist Church,State Senator,47,(R,FRANK GINN (I),546,19,288,239,0
Barrow,15 County Line Elementary School,State Senator,47,(R,FRANK GINN (I),1330,65,609,656,0
Barrow,16 Bethlehem First Baptist Church,State Senator,47,(R,FRANK GINN (I),1729,62,856,811,0
Barrow,,State Senator,47,D,TIM RILEY,5874,202,2807,2863,2
Barrow,01 Bethlehem Community Center,State Senator,47,D,TIM RILEY,333,5,206,122,0
Barrow,02 Bethabra Baptist Church,State Senator,47,D,TIM RILEY,294,17,150,127,0
Barrow,03 Bramlett Elementary School,State Senator,47,D,TIM RILEY,294,9,184,101,0
Barrow,04 Westside Middle School,State Senator,47,D,TIM RILEY,257,11,121,124,1
Barrow,05 Fire Station 1 (Statham),State Senator,47,D,TIM RILEY,585,15,294,276,0
Barrow,06 Winder Barrow High School,State Senator,47,D,TIM RILEY,265,4,111,150,0
Barrow,07 Statham Elementary School,State Senator,47,D,TIM RILEY,451,18,194,239,0
Barrow,08 Holsenbeck Elementary School,State Senator,47,D,TIM RILEY,306,10,160,136,0
Barrow,09 Lions Club,State Senator,47,D,TIM RILEY,361,5,146,210,0
Barrow,10 Leisure Services Center,State Senator,47,D,TIM RILEY,562,16,222,324,0
Barrow,11 Apalachee High School,State Senator,47,D,TIM RILEY,403,18,185,200,0
Barrow,12 Midway United Methodist Church,State Senator,47,D,TIM RILEY,261,15,155,91,0
Barrow,13 Winder Community Center,State Senator,47,D,TIM RILEY,298,13,126,159,0
Barrow,14 Cedar Creek Baptist Church,State Senator,47,D,TIM RILEY,122,2,62,57,1
Barrow,15 County Line Elementary School,State Senator,47,D,TIM RILEY,268,9,128,131,0
Barrow,16 Bethlehem First Baptist Church,State Senator,47,D,TIM RILEY,814,35,363,416,0
Barrow,,State Representative,114,(R,TOM KIRBY (I),2942,82,1645,1215,0
Barrow,01 Bethlehem Community Center,State Representative,114,(R,TOM KIRBY (I),244,5,148,91,0
Barrow,11 Apalachee High School,State Representative,114,(R,TOM KIRBY (I),1182,38,707,437,0
Barrow,16 Bethlehem First Baptist Church,State Representative,114,(R,TOM KIRBY (I),1516,39,790,687,0
Barrow,,State Representative,116,(R,TERRY ENGLAND (I),16490,641,7899,7947,3
Barrow,01 Bethlehem Community Center,State Representative,116,(R,TERRY ENGLAND (I),1125,23,646,456,0
Barrow,02 Bethabra Baptist Church,State Representative,116,(R,TERRY ENGLAND (I),1624,89,702,832,1
Barrow,03 Bramlett Elementary School,State Representative,116,(R,TERRY ENGLAND (I),1357,41,814,502,0
Barrow,04 Westside Middle School,State Representative,116,(R,TERRY ENGLAND (I),1102,38,503,560,1
Barrow,05 Fire Station 1 (Statham),State Representative,116,(R,TERRY ENGLAND (I),1953,64,1028,861,0
Barrow,06 Winder Barrow High School,State Representative,116,(R,TERRY ENGLAND (I),952,31,408,513,0
Barrow,08 Holsenbeck Elementary School,State Representative,116,(R,TERRY ENGLAND (I),883,21,428,434,0
Barrow,09 Lions Club,State Representative,116,(R,TERRY ENGLAND (I),1571,60,580,931,0
Barrow,10 Leisure Services Center,State Representative,116,(R,TERRY ENGLAND (I),957,49,409,499,0
Barrow,12 Midway United Methodist Church,State Representative,116,(R,TERRY ENGLAND (I),1260,55,717,488,0
Barrow,13 Winder Community Center,State Representative,116,(R,TERRY ENGLAND (I),1066,56,422,588,0
Barrow,14 Cedar Creek Baptist Church,State Representative,116,(R,TERRY ENGLAND (I),605,20,319,265,1
Barrow,15 County Line Elementary School,State Representative,116,(R,TERRY ENGLAND (I),1467,64,671,732,0
Barrow,16 Bethlehem First Baptist Church,State Representative,116,(R,TERRY ENGLAND (I),568,30,252,286,0
Barrow,,State Representative,117,R,REGINA QUICK,1509,55,774,680,0
Barrow,07 Statham Elementary School,State Representative,117,R,REGINA QUICK,1084,47,579,458,0
Barrow,08 Holsenbeck Elementary School,State Representative,117,R,REGINA QUICK,425,8,195,222,0
Barrow,,District Attorney, Piedmont Circuit,(R,BRAD SMITH (I),20915,775,10357,9779,4
Barrow,01 Bethlehem Community Center,District Attorney, Piedmont Circuit,(R,BRAD SMITH (I),1374,28,803,543,0
Barrow,02 Bethabra Baptist Church,District Attorney, Piedmont Circuit,(R,BRAD SMITH (I),1624,85,711,827,1
Barrow,03 Bramlett Elementary School,District Attorney, Piedmont Circuit,(R,BRAD SMITH (I),1349,40,807,502,0
Barrow,04 Westside Middle School,District Attorney, Piedmont Circuit,(R,BRAD SMITH (I),1095,38,499,557,1
Barrow,05 Fire Station 1 (Statham),District Attorney, Piedmont Circuit,(R,BRAD SMITH (I),1956,63,1028,865,0
Barrow,06 Winder Barrow High School,District Attorney, Piedmont Circuit,(R,BRAD SMITH (I),941,31,410,500,0
Barrow,07 Statham Elementary School,District Attorney, Piedmont Circuit,(R,BRAD SMITH (I),1113,47,594,471,1
Barrow,08 Holsenbeck Elementary School,District Attorney, Piedmont Circuit,(R,BRAD SMITH (I),1295,27,623,645,0
Barrow,09 Lions Club,District Attorney, Piedmont Circuit,(R,BRAD SMITH (I),1560,61,581,918,0
Barrow,10 Leisure Services Center,District Attorney, Piedmont Circuit,(R,BRAD SMITH (I),951,48,411,492,0
Barrow,11 Apalachee High School,District Attorney, Piedmont Circuit,(R,BRAD SMITH (I),1185,38,706,441,0
Barrow,12 Midway United Methodist Church,District Attorney, Piedmont Circuit,(R,BRAD SMITH (I),1252,54,717,481,0
Barrow,13 Winder Community Center,District Attorney, Piedmont Circuit,(R,BRAD SMITH (I),1072,56,429,587,0
Barrow,14 Cedar Creek Baptist Church,District Attorney, Piedmont Circuit,(R,BRAD SMITH (I),608,20,321,266,1
Barrow,15 County Line Elementary School,District Attorney, Piedmont Circuit,(R,BRAD SMITH (I),1447,65,673,709,0
Barrow,16 Bethlehem First Baptist Church,District Attorney, Piedmont Circuit,(R,BRAD SMITH (I),2093,74,1044,975,0
Barrow,,Probate Judge,,(R,TAMMY S. BROWN (I),21086,790,10368,9924,4
Barrow,01 Bethlehem Community Center,Probate Judge,,(R,TAMMY S. BROWN (I),1393,28,804,561,0
Barrow,02 Bethabra Baptist Church,Probate Judge,,(R,TAMMY S. BROWN (I),1632,89,711,831,1
Barrow,03 Bramlett Elementary School,Probate Judge,,(R,TAMMY S. BROWN (I),1349,38,810,501,0
Barrow,04 Westside Middle School,Probate Judge,,(R,TAMMY S. BROWN (I),1101,37,500,563,1
Barrow,05 Fire Station 1 (Statham),Probate Judge,,(R,TAMMY S. BROWN (I),1958,66,1027,865,0
Barrow,06 Winder Barrow High School,Probate Judge,,(R,TAMMY S. BROWN (I),957,32,409,516,0
Barrow,07 Statham Elementary School,Probate Judge,,(R,TAMMY S. BROWN (I),1124,47,594,482,1
Barrow,08 Holsenbeck Elementary School,Probate Judge,,(R,TAMMY S. BROWN (I),1325,29,627,669,0
Barrow,09 Lions Club,Probate Judge,,(R,TAMMY S. BROWN (I),1574,60,582,932,0
Barrow,10 Leisure Services Center,Probate Judge,,(R,TAMMY S. BROWN (I),963,49,407,507,0
Barrow,11 Apalachee High School,Probate Judge,,(R,TAMMY S. BROWN (I),1193,37,710,446,0
Barrow,12 Midway United Methodist Church,Probate Judge,,(R,TAMMY S. BROWN (I),1250,54,719,477,0
Barrow,13 Winder Community Center,Probate Judge,,(R,TAMMY S. BROWN (I),1083,60,425,598,0
Barrow,14 Cedar Creek Baptist Church,Probate Judge,,(R,TAMMY S. BROWN (I),617,20,329,267,1
Barrow,15 County Line Elementary School,Probate Judge,,(R,TAMMY S. BROWN (I),1475,70,681,724,0
Barrow,16 Bethlehem First Baptist Church,Probate Judge,,(R,TAMMY S. BROWN (I),2092,74,1033,985,0
Barrow,,Superior Court Clerk,,R,REGINA MCINTYRE (I),20869,784,10277,9804,4
Barrow,01 Bethlehem Community Center,Superior Court Clerk,,R,REGINA MCINTYRE (I),1370,27,795,548,0
Barrow,02 Bethabra Baptist Church,Superior Court Clerk,,R,REGINA MCINTYRE (I),1627,88,706,832,1
Barrow,03 Bramlett Elementary School,Superior Court Clerk,,R,REGINA MCINTYRE (I),1352,40,812,500,0
Barrow,04 Westside Middle School,Superior Court Clerk,,R,REGINA MCINTYRE (I),1091,39,496,555,1
Barrow,05 Fire Station 1 (Statham),Superior Court Clerk,,R,REGINA MCINTYRE (I),1941,64,1012,865,0
Barrow,06 Winder Barrow High School,Superior Court Clerk,,R,REGINA MCINTYRE (I),948,31,405,512,0
Barrow,07 Statham Elementary School,Superior Court Clerk,,R,REGINA MCINTYRE (I),1109,48,589,471,1
Barrow,08 Holsenbeck Elementary School,Superior Court Clerk,,R,REGINA MCINTYRE (I),1300,28,618,654,0
Barrow,09 Lions Club,Superior Court Clerk,,R,REGINA MCINTYRE (I),1545,60,572,913,0
Barrow,10 Leisure Services Center,Superior Court Clerk,,R,REGINA MCINTYRE (I),954,49,406,499,0
Barrow,11 Apalachee High School,Superior Court Clerk,,R,REGINA MCINTYRE (I),1177,37,704,436,0
Barrow,12 Midway United Methodist Church,Superior Court Clerk,,R,REGINA MCINTYRE (I),1249,54,715,480,0
Barrow,13 Winder Community Center,Superior Court Clerk,,R,REGINA MCINTYRE (I),1071,59,424,588,0
Barrow,14 Cedar Creek Baptist Church,Superior Court Clerk,,R,REGINA MCINTYRE (I),609,20,327,261,1
Barrow,15 County Line Elementary School,Superior Court Clerk,,R,REGINA MCINTYRE (I),1451,65,672,714,0
Barrow,16 Bethlehem First Baptist Church,Superior Court Clerk,,R,REGINA MCINTYRE (I),2075,75,1024,976,0
Barrow,,Sheriff,,(R,JUD SMITH (I),19104,745,9344,9012,3
Barrow,01 Bethlehem Community Center,Sheriff,,(R,JUD SMITH (I),1251,24,712,515,0
Barrow,02 Bethabra Baptist Church,Sheriff,,(R,JUD SMITH (I),1505,81,638,785,1
Barrow,03 Bramlett Elementary School,Sheriff,,(R,JUD SMITH (I),1219,38,716,465,0
Barrow,04 Westside Middle School,Sheriff,,(R,JUD SMITH (I),991,32,451,507,1
Barrow,05 Fire Station 1 (Statham),Sheriff,,(R,JUD SMITH (I),1769,62,930,777,0
Barrow,06 Winder Barrow High School,Sheriff,,(R,JUD SMITH (I),873,27,374,472,0
Barrow,07 Statham Elementary School,Sheriff,,(R,JUD SMITH (I),975,46,527,401,1
Barrow,08 Holsenbeck Elementary School,Sheriff,,(R,JUD SMITH (I),1222,27,581,614,0
Barrow,09 Lions Club,Sheriff,,(R,JUD SMITH (I),1457,57,530,870,0
Barrow,10 Leisure Services Center,Sheriff,,(R,JUD SMITH (I),816,50,340,426,0
Barrow,11 Apalachee High School,Sheriff,,(R,JUD SMITH (I),1073,33,650,390,0
Barrow,12 Midway United Methodist Church,Sheriff,,(R,JUD SMITH (I),1170,53,658,459,0
Barrow,13 Winder Community Center,Sheriff,,(R,JUD SMITH (I),992,57,392,543,0
Barrow,14 Cedar Creek Baptist Church,Sheriff,,(R,JUD SMITH (I),577,18,310,249,0
Barrow,15 County Line Elementary School,Sheriff,,(R,JUD SMITH (I),1361,65,627,669,0
Barrow,16 Bethlehem First Baptist Church,Sheriff,,(R,JUD SMITH (I),1853,75,908,870,0
Barrow,,Sheriff,,D,JAMES SCOTT SR.,5239,166,2420,2651,2
Barrow,01 Bethlehem Community Center,Sheriff,,D,JAMES SCOTT SR.,292,5,169,118,0
Barrow,02 Bethabra Baptist Church,Sheriff,,D,JAMES SCOTT SR.,289,18,148,123,0
Barrow,03 Bramlett Elementary School,Sheriff,,D,JAMES SCOTT SR.,289,10,176,103,0
Barrow,04 Westside Middle School,Sheriff,,D,JAMES SCOTT SR.,250,10,106,134,0
Barrow,05 Fire Station 1 (Statham),Sheriff,,D,JAMES SCOTT SR.,520,12,251,257,0
Barrow,06 Winder Barrow High School,Sheriff,,D,JAMES SCOTT SR.,205,4,80,121,0
Barrow,07 Statham Elementary School,Sheriff,,D,JAMES SCOTT SR.,423,14,174,235,0
Barrow,08 Holsenbeck Elementary School,Sheriff,,D,JAMES SCOTT SR.,280,6,140,134,0
Barrow,09 Lions Club,Sheriff,,D,JAMES SCOTT SR.,314,9,119,186,0
Barrow,10 Leisure Services Center,Sheriff,,D,JAMES SCOTT SR.,462,8,173,281,0
Barrow,11 Apalachee High School,Sheriff,,D,JAMES SCOTT SR.,348,17,153,178,0
Barrow,12 Midway United Methodist Church,Sheriff,,D,JAMES SCOTT SR.,235,11,140,84,0
Barrow,13 Winder Community Center,Sheriff,,D,JAMES SCOTT SR.,241,8,95,138,0
Barrow,14 Cedar Creek Baptist Church,Sheriff,,D,JAMES SCOTT SR.,104,3,50,50,1
Barrow,15 County Line Elementary School,Sheriff,,D,JAMES SCOTT SR.,259,8,117,134,0
Barrow,16 Bethlehem First Baptist Church,Sheriff,,D,JAMES SCOTT SR.,728,23,329,375,1
Barrow,,Tax Commissioner,,R,MELINDA WILLIAMS (I),21256,793,10454,10005,4
Barrow,01 Bethlehem Community Center,Tax Commissioner,,R,MELINDA WILLIAMS (I),1397,28,813,556,0
Barrow,02 Bethabra Baptist Church,Tax Commissioner,,R,MELINDA WILLIAMS (I),1637,85,714,837,1
Barrow,03 Bramlett Elementary School,Tax Commissioner,,R,MELINDA WILLIAMS (I),1366,40,819,507,0
Barrow,04 Westside Middle School,Tax Commissioner,,R,MELINDA WILLIAMS (I),1103,40,501,561,1
Barrow,05 Fire Station 1 (Statham),Tax Commissioner,,R,MELINDA WILLIAMS (I),1978,63,1036,879,0
Barrow,06 Winder Barrow High School,Tax Commissioner,,R,MELINDA WILLIAMS (I),964,31,417,516,0
Barrow,07 Statham Elementary School,Tax Commissioner,,R,MELINDA WILLIAMS (I),1135,51,596,487,1
Barrow,08 Holsenbeck Elementary School,Tax Commissioner,,R,MELINDA WILLIAMS (I),1328,29,630,669,0
Barrow,09 Lions Club,Tax Commissioner,,R,MELINDA WILLIAMS (I),1584,60,582,942,0
Barrow,10 Leisure Services Center,Tax Commissioner,,R,MELINDA WILLIAMS (I),985,49,418,518,0
Barrow,11 Apalachee High School,Tax Commissioner,,R,MELINDA WILLIAMS (I),1216,39,723,454,0
Barrow,12 Midway United Methodist Church,Tax Commissioner,,R,MELINDA WILLIAMS (I),1261,55,721,485,0
Barrow,13 Winder Community Center,Tax Commissioner,,R,MELINDA WILLIAMS (I),1082,60,426,596,0
Barrow,14 Cedar Creek Baptist Church,Tax Commissioner,,R,MELINDA WILLIAMS (I),620,20,331,268,1
Barrow,15 County Line Elementary School,Tax Commissioner,,R,MELINDA WILLIAMS (I),1475,67,682,726,0
Barrow,16 Bethlehem First Baptist Church,Tax Commissioner,,R,MELINDA WILLIAMS (I),2125,76,1045,1004,0
Barrow,,Coroner,,R,DAVID M. CROSBY (I),20958,779,10326,9849,4
Barrow,01 Bethlehem Community Center,Coroner,,R,DAVID M. CROSBY (I),1385,28,799,558,0
Barrow,02 Bethabra Baptist Church,Coroner,,R,DAVID M. CROSBY (I),1620,86,703,830,1
Barrow,03 Bramlett Elementary School,Coroner,,R,DAVID M. CROSBY (I),1366,40,821,505,0
Barrow,04 Westside Middle School,Coroner,,R,DAVID M. CROSBY (I),1099,39,497,562,1
Barrow,05 Fire Station 1 (Statham),Coroner,,R,DAVID M. CROSBY (I),1945,63,1015,867,0
Barrow,06 Winder Barrow High School,Coroner,,R,DAVID M. CROSBY (I),952,31,410,511,0
Barrow,07 Statham Elementary School,Coroner,,R,DAVID M. CROSBY (I),1110,49,589,471,1
Barrow,08 Holsenbeck Elementary School,Coroner,,R,DAVID M. CROSBY (I),1314,28,624,662,0
Barrow,09 Lions Club,Coroner,,R,DAVID M. CROSBY (I),1560,60,574,926,0
Barrow,10 Leisure Services Center,Coroner,,R,DAVID M. CROSBY (I),964,47,409,508,0
Barrow,11 Apalachee High School,Coroner,,R,DAVID M. CROSBY (I),1187,36,711,440,0
Barrow,12 Midway United Methodist Church,Coroner,,R,DAVID M. CROSBY (I),1250,52,720,478,0
Barrow,13 Winder Community Center,Coroner,,R,DAVID M. CROSBY (I),1070,58,428,584,0
Barrow,14 Cedar Creek Baptist Church,Coroner,,R,DAVID M. CROSBY (I),613,20,329,263,1
Barrow,15 County Line Elementary School,Coroner,,R,DAVID M. CROSBY (I),1448,66,671,711,0
Barrow,16 Bethlehem First Baptist Church,Coroner,,R,DAVID M. CROSBY (I),2075,76,1026,973,0
Barrow,,Chief Magistrate,,(R,JUNE DAVIS (I),20924,751,10321,9848,4
Barrow,01 Bethlehem Community Center,Chief Magistrate,,(R,JUNE DAVIS (I),1371,28,801,542,0
Barrow,02 Bethabra Baptist Church,Chief Magistrate,,(R,JUNE DAVIS (I),1624,85,713,825,1
Barrow,03 Bramlett Elementary School,Chief Magistrate,,(R,JUNE DAVIS (I),1350,38,818,494,0
Barrow,04 Westside Middle School,Chief Magistrate,,(R,JUNE DAVIS (I),1093,36,502,554,1
Barrow,05 Fire Station 1 (Statham),Chief Magistrate,,(R,JUNE DAVIS (I),1944,61,1022,861,0
Barrow,06 Winder Barrow High School,Chief Magistrate,,(R,JUNE DAVIS (I),949,29,410,510,0
Barrow,07 Statham Elementary School,Chief Magistrate,,(R,JUNE DAVIS (I),1108,43,592,472,1
Barrow,08 Holsenbeck Elementary School,Chief Magistrate,,(R,JUNE DAVIS (I),1295,27,616,652,0
Barrow,09 Lions Club,Chief Magistrate,,(R,JUNE DAVIS (I),1560,56,573,931,0
Barrow,10 Leisure Services Center,Chief Magistrate,,(R,JUNE DAVIS (I),996,49,418,529,0
Barrow,11 Apalachee High School,Chief Magistrate,,(R,JUNE DAVIS (I),1186,37,704,445,0
Barrow,12 Midway United Methodist Church,Chief Magistrate,,(R,JUNE DAVIS (I),1243,51,717,475,0
Barrow,13 Winder Community Center,Chief Magistrate,,(R,JUNE DAVIS (I),1083,56,431,596,0
Barrow,14 Cedar Creek Baptist Church,Chief Magistrate,,(R,JUNE DAVIS (I),607,19,324,263,1
Barrow,15 County Line Elementary School,Chief Magistrate,,(R,JUNE DAVIS (I),1442,64,664,714,0
Barrow,16 Bethlehem First Baptist Church,Chief Magistrate,,(R,JUNE DAVIS (I),2073,72,1016,985,0
Barrow,,County Comm Chair,,R,PAT GRAHAM,20763,754,10232,9773,4
Barrow,01 Bethlehem Community Center,County Comm Chair,,R,PAT GRAHAM,1371,27,792,552,0
Barrow,02 Bethabra Baptist Church,County Comm Chair,,R,PAT GRAHAM,1612,84,699,828,1
Barrow,03 Bramlett Elementary School,County Comm Chair,,R,PAT GRAHAM,1343,40,809,494,0
Barrow,04 Westside Middle School,County Comm Chair,,R,PAT GRAHAM,1086,35,498,552,1
Barrow,05 Fire Station 1 (Statham),County Comm Chair,,R,PAT GRAHAM,1929,62,1011,856,0
Barrow,06 Winder Barrow High School,County Comm Chair,,R,PAT GRAHAM,936,30,401,505,0
Barrow,07 Statham Elementary School,County Comm Chair,,R,PAT GRAHAM,1102,43,585,473,1
Barrow,08 Holsenbeck Elementary School,County Comm Chair,,R,PAT GRAHAM,1293,29,613,651,0
Barrow,09 Lions Club,County Comm Chair,,R,PAT GRAHAM,1557,58,573,926,0
Barrow,10 Leisure Services Center,County Comm Chair,,R,PAT GRAHAM,957,47,403,507,0
Barrow,11 Apalachee High School,County Comm Chair,,R,PAT GRAHAM,1180,36,708,436,0
Barrow,12 Midway United Methodist Church,County Comm Chair,,R,PAT GRAHAM,1238,52,712,474,0
Barrow,13 Winder Community Center,County Comm Chair,,R,PAT GRAHAM,1068,56,423,589,0
Barrow,14 Cedar Creek Baptist Church,County Comm Chair,,R,PAT GRAHAM,603,19,320,263,1
Barrow,15 County Line Elementary School,County Comm Chair,,R,PAT GRAHAM,1439,66,674,699,0
Barrow,16 Bethlehem First Baptist Church,County Comm Chair,,R,PAT GRAHAM,2049,70,1011,968,0
Barrow,,County Comm 1,,R,JOE GOODMAN,3437,117,1780,1539,1
Barrow,01 Bethlehem Community Center,County Comm 1,,R,JOE GOODMAN,140,5,57,78,0
Barrow,05 Fire Station 1 (Statham),County Comm 1,,R,JOE GOODMAN,1914,62,1003,849,0
Barrow,07 Statham Elementary School,County Comm 1,,R,JOE GOODMAN,1097,46,581,469,1
Barrow,08 Holsenbeck Elementary School,County Comm 1,,R,JOE GOODMAN,286,4,139,143,0
Barrow,,County Comm 2,,R,KENNY SHOOK,3645,102,1709,1834,0
Barrow,01 Bethlehem Community Center,County Comm 2,,R,KENNY SHOOK,1085,21,650,414,0
Barrow,08 Holsenbeck Elementary School,County Comm 2,,R,KENNY SHOOK,993,25,468,500,0
Barrow,09 Lions Club,County Comm 2,,R,KENNY SHOOK,1432,52,532,848,0
Barrow,16 Bethlehem First Baptist Church,County Comm 2,,R,KENNY SHOOK,135,4,59,72,0
Barrow,,County Comm 3,,(R,STEVE WORLEY (I),2048,80,1018,950,0
Barrow,01 Bethlehem Community Center,County Comm 3,,(R,STEVE WORLEY (I),106,3,61,42,0
Barrow,09 Lions Club,County Comm 3,,(R,STEVE WORLEY (I),32,2,15,15,0
Barrow,10 Leisure Services Center,County Comm 3,,(R,STEVE WORLEY (I),218,10,88,120,0
Barrow,11 Apalachee High School,County Comm 3,,(R,STEVE WORLEY (I),15,0,11,4,0
Barrow,13 Winder Community Center,County Comm 3,,(R,STEVE WORLEY (I),104,7,53,44,0
Barrow,16 Bethlehem First Baptist Church,County Comm 3,,(R,STEVE WORLEY (I),1573,58,790,725,0
Barrow,,County Comm 3,,D,JOHNNY C. SMITH,1339,47,561,731,0
Barrow,01 Bethlehem Community Center,County Comm 3,,D,JOHNNY C. SMITH,42,0,26,16,0
Barrow,09 Lions Club,County Comm 3,,D,JOHNNY C. SMITH,28,0,12,16,0
Barrow,10 Leisure Services Center,County Comm 3,,D,JOHNNY C. SMITH,353,13,123,217,0
Barrow,11 Apalachee High School,County Comm 3,,D,JOHNNY C. SMITH,3,0,2,1,0
Barrow,13 Winder Community Center,County Comm 3,,D,JOHNNY C. SMITH,106,5,39,62,0
Barrow,16 Bethlehem First Baptist Church,County Comm 3,,D,JOHNNY C. SMITH,807,29,359,419,0
Barrow,,BOE 2,,R,GAREY H. HUFF SR.,3778,107,1758,1913,0
Barrow,01 Bethlehem Community Center,BOE 2,,R,GAREY H. HUFF SR.,1103,20,661,422,0
Barrow,08 Holsenbeck Elementary School,BOE 2,,R,GAREY H. HUFF SR.,1016,25,480,511,0
Barrow,09 Lions Club,BOE 2,,R,GAREY H. HUFF SR.,1515,57,555,903,0
Barrow,16 Bethlehem First Baptist Church,BOE 2,,R,GAREY H. HUFF SR.,144,5,62,77,0
Barrow,,BOE 5,,(R,LYNN STEVENS (I),4005,182,2099,1723,1
Barrow,02 Bethabra Baptist Church,BOE 5,,(R,LYNN STEVENS (I),1578,82,690,805,1
Barrow,03 Bramlett Elementary School,BOE 5,,(R,LYNN STEVENS (I),851,27,516,308,0
Barrow,04 Westside Middle School,BOE 5,,(R,LYNN STEVENS (I),11,2,3,6,0
Barrow,12 Midway United Methodist Church,BOE 5,,(R,LYNN STEVENS (I),1215,54,706,455,0
Barrow,15 County Line Elementary School,BOE 5,,(R,LYNN STEVENS (I),350,17,184,149,0
Barrow,,BOE 6,,(R,RICKEY BAILEY (I),3464,150,1485,1829,0
Barrow,02 Bethabra Baptist Church,BOE 6,,(R,RICKEY BAILEY (I),18,2,9,7,0
Barrow,06 Winder Barrow High School,BOE 6,,(R,RICKEY BAILEY (I),945,31,410,504,0
Barrow,10 Leisure Services Center,BOE 6,,(R,RICKEY BAILEY (I),500,28,222,250,0
Barrow,13 Winder Community Center,BOE 6,,(R,RICKEY BAILEY (I),906,45,354,507,0
Barrow,14 Cedar Creek Baptist Church,BOE 6,,(R,RICKEY BAILEY (I),114,3,56,55,0
Barrow,15 County Line Elementary School,BOE 6,,(R,RICKEY BAILEY (I),981,41,434,506,0
Barrow,,BOE 8,,R,MITCH CHURCHILL (I),20502,753,10114,9631,4
Barrow,01 Bethlehem Community Center,BOE 8,,R,MITCH CHURCHILL (I),1347,28,775,544,0
Barrow,02 Bethabra Baptist Church,BOE 8,,R,MITCH CHURCHILL (I),1597,83,700,813,1
Barrow,03 Bramlett Elementary School,BOE 8,,R,MITCH CHURCHILL (I),1326,40,802,484,0
Barrow,04 Westside Middle School,BOE 8,,R,MITCH CHURCHILL (I),1075,37,486,551,1
Barrow,05 Fire Station 1 (Statham),BOE 8,,R,MITCH CHURCHILL (I),1888,59,985,844,0
Barrow,06 Winder Barrow High School,BOE 8,,R,MITCH CHURCHILL (I),932,31,402,499,0
Barrow,07 Statham Elementary School,BOE 8,,R,MITCH CHURCHILL (I),1080,45,574,460,1
Barrow,08 Holsenbeck Elementary School,BOE 8,,R,MITCH CHURCHILL (I),1279,29,607,643,0
Barrow,09 Lions Club,BOE 8,,R,MITCH CHURCHILL (I),1518,56,564,898,0
Barrow,10 Leisure Services Center,BOE 8,,R,MITCH CHURCHILL (I),946,48,401,497,0
Barrow,11 Apalachee High School,BOE 8,,R,MITCH CHURCHILL (I),1170,35,702,433,0
Barrow,12 Midway United Methodist Church,BOE 8,,R,MITCH CHURCHILL (I),1224,53,707,464,0
Barrow,13 Winder Community Center,BOE 8,,R,MITCH CHURCHILL (I),1036,56,408,572,0
Barrow,14 Cedar Creek Baptist Church,BOE 8,,R,MITCH CHURCHILL (I),607,19,326,261,1
Barrow,15 County Line Elementary School,BOE 8,,R,MITCH CHURCHILL (I),1416,64,660,692,0
Barrow,16 Bethlehem First Baptist Church,BOE 8,,R,MITCH CHURCHILL (I),2061,70,1015,976,0
Barrow,,Constitutional Amendment #1<br>Shall the Constitution be amended to allow state or local approval of public charter schools upon the request of local communities?,,,YES,15458,577,7322,7557,2
Barrow,01 Bethlehem Community Center,Constitutional Amendment #1<br>Shall the Constitution be amended to allow state or local approval of public charter schools upon the request of local communities?,,,YES,945,14,520,411,0
Barrow,02 Bethabra Baptist Church,Constitutional Amendment #1<br>Shall the Constitution be amended to allow state or local approval of public charter schools upon the request of local communities?,,,YES,1197,55,499,643,0
Barrow,03 Bramlett Elementary School,Constitutional Amendment #1<br>Shall the Constitution be amended to allow state or local approval of public charter schools upon the request of local communities?,,,YES,1009,27,590,391,1
Barrow,04 Westside Middle School,Constitutional Amendment #1<br>Shall the Constitution be amended to allow state or local approval of public charter schools upon the request of local communities?,,,YES,832,27,384,421,0
Barrow,05 Fire Station 1 (Statham),Constitutional Amendment #1<br>Shall the Constitution be amended to allow state or local approval of public charter schools upon the request of local communities?,,,YES,1397,48,698,651,0
Barrow,06 Winder Barrow High School,Constitutional Amendment #1<br>Shall the Constitution be amended to allow state or local approval of public charter schools upon the request of local communities?,,,YES,671,22,277,372,0
Barrow,07 Statham Elementary School,Constitutional Amendment #1<br>Shall the Constitution be amended to allow state or local approval of public charter schools upon the request of local communities?,,,YES,879,34,451,393,1
Barrow,08 Holsenbeck Elementary School,Constitutional Amendment #1<br>Shall the Constitution be amended to allow state or local approval of public charter schools upon the request of local communities?,,,YES,927,18,434,475,0
Barrow,09 Lions Club,Constitutional Amendment #1<br>Shall the Constitution be amended to allow state or local approval of public charter schools upon the request of local communities?,,,YES,1042,42,362,638,0
Barrow,10 Leisure Services Center,Constitutional Amendment #1<br>Shall the Constitution be amended to allow state or local approval of public charter schools upon the request of local communities?,,,YES,824,39,335,450,0
Barrow,11 Apalachee High School,Constitutional Amendment #1<br>Shall the Constitution be amended to allow state or local approval of public charter schools upon the request of local communities?,,,YES,930,38,517,375,0
Barrow,12 Midway United Methodist Church,Constitutional Amendment #1<br>Shall the Constitution be amended to allow state or local approval of public charter schools upon the request of local communities?,,,YES,926,43,522,361,0
Barrow,13 Winder Community Center,Constitutional Amendment #1<br>Shall the Constitution be amended to allow state or local approval of public charter schools upon the request of local communities?,,,YES,719,37,278,404,0
Barrow,14 Cedar Creek Baptist Church,Constitutional Amendment #1<br>Shall the Constitution be amended to allow state or local approval of public charter schools upon the request of local communities?,,,YES,435,16,229,190,0
Barrow,15 County Line Elementary School,Constitutional Amendment #1<br>Shall the Constitution be amended to allow state or local approval of public charter schools upon the request of local communities?,,,YES,1034,50,457,527,0
Barrow,16 Bethlehem First Baptist Church,Constitutional Amendment #1<br>Shall the Constitution be amended to allow state or local approval of public charter schools upon the request of local communities?,,,YES,1691,67,769,855,0
Barrow,,Constitutional Amendment #1<br>Shall the Constitution be amended to allow state or local approval of public charter schools upon the request of local communities?,,,NO,8643,315,4432,3892,4
Barrow,01 Bethlehem Community Center,Constitutional Amendment #1<br>Shall the Constitution be amended to allow state or local approval of public charter schools upon the request of local communities?,,,NO,584,18,358,208,0
Barrow,02 Bethabra Baptist Church,Constitutional Amendment #1<br>Shall the Constitution be amended to allow state or local approval of public charter schools upon the request of local communities?,,,NO,591,35,294,261,1
Barrow,03 Bramlett Elementary School,Constitutional Amendment #1<br>Shall the Constitution be amended to allow state or local approval of public charter schools upon the request of local communities?,,,NO,507,21,313,173,0
Barrow,04 Westside Middle School,Constitutional Amendment #1<br>Shall the Constitution be amended to allow state or local approval of public charter schools upon the request of local communities?,,,NO,417,16,179,221,1
Barrow,05 Fire Station 1 (Statham),Constitutional Amendment #1<br>Shall the Constitution be amended to allow state or local approval of public charter schools upon the request of local communities?,,,NO,866,26,480,360,0
Barrow,06 Winder Barrow High School,Constitutional Amendment #1<br>Shall the Constitution be amended to allow state or local approval of public charter schools upon the request of local communities?,,,NO,407,11,185,211,0
Barrow,07 Statham Elementary School,Constitutional Amendment #1<br>Shall the Constitution be amended to allow state or local approval of public charter schools upon the request of local communities?,,,NO,489,22,249,218,0
Barrow,08 Holsenbeck Elementary School,Constitutional Amendment #1<br>Shall the Constitution be amended to allow state or local approval of public charter schools upon the request of local communities?,,,NO,538,15,265,258,0
Barrow,09 Lions Club,Constitutional Amendment #1<br>Shall the Constitution be amended to allow state or local approval of public charter schools upon the request of local communities?,,,NO,686,18,280,387,1
Barrow,10 Leisure Services Center,Constitutional Amendment #1<br>Shall the Constitution be amended to allow state or local approval of public charter schools upon the request of local communities?,,,NO,419,15,177,227,0
Barrow,11 Apalachee High School,Constitutional Amendment #1<br>Shall the Constitution be amended to allow state or local approval of public charter schools upon the request of local communities?,,,NO,495,12,287,196,0
Barrow,12 Midway United Methodist Church,Constitutional Amendment #1<br>Shall the Constitution be amended to allow state or local approval of public charter schools upon the request of local communities?,,,NO,465,21,272,172,0
Barrow,13 Winder Community Center,Constitutional Amendment #1<br>Shall the Constitution be amended to allow state or local approval of public charter schools upon the request of local communities?,,,NO,495,28,200,267,0
Barrow,14 Cedar Creek Baptist Church,Constitutional Amendment #1<br>Shall the Constitution be amended to allow state or local approval of public charter schools upon the request of local communities?,,,NO,241,6,131,103,1
Barrow,15 County Line Elementary School,Constitutional Amendment #1<br>Shall the Constitution be amended to allow state or local approval of public charter schools upon the request of local communities?,,,NO,580,21,292,267,0
Barrow,16 Bethlehem First Baptist Church,Constitutional Amendment #1<br>Shall the Constitution be amended to allow state or local approval of public charter schools upon the request of local communities?,,,NO,863,30,470,363,0
Barrow,,Constitutional Amendment #2<br>Shall the Constitution be amended so as to provide for a reduction in the state's operating costs by allowing the General Assembly to authorize certain state agencies to enter into multiyear rental agreements?,,,YES,15096,536,7235,7322,3
Barrow,01 Bethlehem Community Center,Constitutional Amendment #2<br>Shall the Constitution be amended so as to provide for a reduction in the state's operating costs by allowing the General Assembly to authorize certain state agencies to enter into multiyear rental agreements?,,,YES,924,13,512,399,0
Barrow,02 Bethabra Baptist Church,Constitutional Amendment #2<br>Shall the Constitution be amended so as to provide for a reduction in the state's operating costs by allowing the General Assembly to authorize certain state agencies to enter into multiyear rental agreements?,,,YES,1180,58,513,608,1
Barrow,03 Bramlett Elementary School,Constitutional Amendment #2<br>Shall the Constitution be amended so as to provide for a reduction in the state's operating costs by allowing the General Assembly to authorize certain state agencies to enter into multiyear rental agreements?,,,YES,947,23,557,367,0
Barrow,04 Westside Middle School,Constitutional Amendment #2<br>Shall the Constitution be amended so as to provide for a reduction in the state's operating costs by allowing the General Assembly to authorize certain state agencies to enter into multiyear rental agreements?,,,YES,757,18,344,394,1
Barrow,05 Fire Station 1 (Statham),Constitutional Amendment #2<br>Shall the Constitution be amended so as to provide for a reduction in the state's operating costs by allowing the General Assembly to authorize certain state agencies to enter into multiyear rental agreements?,,,YES,1432,52,718,662,0
Barrow,06 Winder Barrow High School,Constitutional Amendment #2<br>Shall the Constitution be amended so as to provide for a reduction in the state's operating costs by allowing the General Assembly to authorize certain state agencies to enter into multiyear rental agreements?,,,YES,660,17,281,362,0
Barrow,07 Statham Elementary School,Constitutional Amendment #2<br>Shall the Constitution be amended so as to provide for a reduction in the state's operating costs by allowing the General Assembly to authorize certain state agencies to enter into multiyear rental agreements?,,,YES,840,26,444,369,1
Barrow,08 Holsenbeck Elementary School,Constitutional Amendment #2<br>Shall the Constitution be amended so as to provide for a reduction in the state's operating costs by allowing the General Assembly to authorize certain state agencies to enter into multiyear rental agreements?,,,YES,904,18,426,460,0
Barrow,09 Lions Club,Constitutional Amendment #2<br>Shall the Constitution be amended so as to provide for a reduction in the state's operating costs by allowing the General Assembly to authorize certain state agencies to enter into multiyear rental agreements?,,,YES,1103,45,388,670,0
Barrow,10 Leisure Services Center,Constitutional Amendment #2<br>Shall the Constitution be amended so as to provide for a reduction in the state's operating costs by allowing the General Assembly to authorize certain state agencies to enter into multiyear rental agreements?,,,YES,797,31,329,437,0
Barrow,11 Apalachee High School,Constitutional Amendment #2<br>Shall the Constitution be amended so as to provide for a reduction in the state's operating costs by allowing the General Assembly to authorize certain state agencies to enter into multiyear rental agreements?,,,YES,858,31,476,351,0
Barrow,12 Midway United Methodist Church,Constitutional Amendment #2<br>Shall the Constitution be amended so as to provide for a reduction in the state's operating costs by allowing the General Assembly to authorize certain state agencies to enter into multiyear rental agreements?,,,YES,872,38,503,331,0
Barrow,13 Winder Community Center,Constitutional Amendment #2<br>Shall the Constitution be amended so as to provide for a reduction in the state's operating costs by allowing the General Assembly to authorize certain state agencies to enter into multiyear rental agreements?,,,YES,760,39,296,425,0
Barrow,14 Cedar Creek Baptist Church,Constitutional Amendment #2<br>Shall the Constitution be amended so as to provide for a reduction in the state's operating costs by allowing the General Assembly to authorize certain state agencies to enter into multiyear rental agreements?,,,YES,423,14,223,186,0
Barrow,15 County Line Elementary School,Constitutional Amendment #2<br>Shall the Constitution be amended so as to provide for a reduction in the state's operating costs by allowing the General Assembly to authorize certain state agencies to enter into multiyear rental agreements?,,,YES,1044,47,471,526,0
Barrow,16 Bethlehem First Baptist Church,Constitutional Amendment #2<br>Shall the Constitution be amended so as to provide for a reduction in the state's operating costs by allowing the General Assembly to authorize certain state agencies to enter into multiyear rental agreements?,,,YES,1595,66,754,775,0
Barrow,,Constitutional Amendment #2<br>Shall the Constitution be amended so as to provide for a reduction in the state's operating costs by allowing the General Assembly to authorize certain state agencies to enter into multiyear rental agreements?,,,NO,8282,324,4113,3843,2
Barrow,01 Bethlehem Community Center,Constitutional Amendment #2<br>Shall the Constitution be amended so as to provide for a reduction in the state's operating costs by allowing the General Assembly to authorize certain state agencies to enter into multiyear rental agreements?,,,NO,573,19,350,204,0
Barrow,02 Bethabra Baptist Church,Constitutional Amendment #2<br>Shall the Constitution be amended so as to provide for a reduction in the state's operating costs by allowing the General Assembly to authorize certain state agencies to enter into multiyear rental agreements?,,,NO,565,32,252,281,0
Barrow,03 Bramlett Elementary School,Constitutional Amendment #2<br>Shall the Constitution be amended so as to provide for a reduction in the state's operating costs by allowing the General Assembly to authorize certain state agencies to enter into multiyear rental agreements?,,,NO,507,21,312,173,1
Barrow,04 Westside Middle School,Constitutional Amendment #2<br>Shall the Constitution be amended so as to provide for a reduction in the state's operating costs by allowing the General Assembly to authorize certain state agencies to enter into multiyear rental agreements?,,,NO,441,22,187,232,0
Barrow,05 Fire Station 1 (Statham),Constitutional Amendment #2<br>Shall the Constitution be amended so as to provide for a reduction in the state's operating costs by allowing the General Assembly to authorize certain state agencies to enter into multiyear rental agreements?,,,NO,742,18,417,307,0
Barrow,06 Winder Barrow High School,Constitutional Amendment #2<br>Shall the Constitution be amended so as to provide for a reduction in the state's operating costs by allowing the General Assembly to authorize certain state agencies to enter into multiyear rental agreements?,,,NO,391,13,173,205,0
Barrow,07 Statham Elementary School,Constitutional Amendment #2<br>Shall the Constitution be amended so as to provide for a reduction in the state's operating costs by allowing the General Assembly to authorize certain state agencies to enter into multiyear rental agreements?,,,NO,483,29,221,233,0
Barrow,08 Holsenbeck Elementary School,Constitutional Amendment #2<br>Shall the Constitution be amended so as to provide for a reduction in the state's operating costs by allowing the General Assembly to authorize certain state agencies to enter into multiyear rental agreements?,,,NO,509,15,249,245,0
Barrow,09 Lions Club,Constitutional Amendment #2<br>Shall the Constitution be amended so as to provide for a reduction in the state's operating costs by allowing the General Assembly to authorize certain state agencies to enter into multiyear rental agreements?,,,NO,583,14,229,340,0
Barrow,10 Leisure Services Center,Constitutional Amendment #2<br>Shall the Constitution be amended so as to provide for a reduction in the state's operating costs by allowing the General Assembly to authorize certain state agencies to enter into multiyear rental agreements?,,,NO,428,23,168,237,0
Barrow,11 Apalachee High School,Constitutional Amendment #2<br>Shall the Constitution be amended so as to provide for a reduction in the state's operating costs by allowing the General Assembly to authorize certain state agencies to enter into multiyear rental agreements?,,,NO,512,18,293,201,0
Barrow,12 Midway United Methodist Church,Constitutional Amendment #2<br>Shall the Constitution be amended so as to provide for a reduction in the state's operating costs by allowing the General Assembly to authorize certain state agencies to enter into multiyear rental agreements?,,,NO,477,24,270,183,0
Barrow,13 Winder Community Center,Constitutional Amendment #2<br>Shall the Constitution be amended so as to provide for a reduction in the state's operating costs by allowing the General Assembly to authorize certain state agencies to enter into multiyear rental agreements?,,,NO,419,18,165,236,0
Barrow,14 Cedar Creek Baptist Church,Constitutional Amendment #2<br>Shall the Constitution be amended so as to provide for a reduction in the state's operating costs by allowing the General Assembly to authorize certain state agencies to enter into multiyear rental agreements?,,,NO,230,7,122,100,1
Barrow,15 County Line Elementary School,Constitutional Amendment #2<br>Shall the Constitution be amended so as to provide for a reduction in the state's operating costs by allowing the General Assembly to authorize certain state agencies to enter into multiyear rental agreements?,,,NO,529,23,256,250,0
Barrow,16 Bethlehem First Baptist Church,Constitutional Amendment #2<br>Shall the Constitution be amended so as to provide for a reduction in the state's operating costs by allowing the General Assembly to authorize certain state agencies to enter into multiyear rental agreements?,,,NO,893,28,449,416,0
