county,precinct,office,district,party,candidate,votes,absentee_by_mail,election_day,advance_in_person,provisional
Elbert,,President of the United States,,R,MITT ROMNEY,4859,289,2105,2463,2
Elbert,Elberton,President of the United States,,R,MITT ROMNEY,1162,128,199,835,0
Elbert,Longstreet,President of the United States,,R,MITT ROMNEY,291,12,132,146,1
Elbert,Eliam,President of the United States,,R,MITT ROMNEY,417,19,196,202,0
Elbert,Petersburg,President of the United States,,R,MITT ROMNEY,175,10,130,35,0
Elbert,Wyche,President of the United States,,R,MITT ROMNEY,535,27,177,331,0
Elbert,Moss-Ruckersville,President of the United States,,R,MITT ROMNEY,168,7,86,75,0
Elbert,Pike,President of the United States,,R,MITT ROMNEY,562,26,271,265,0
Elbert,Gaines,President of the United States,,R,MITT ROMNEY,246,12,159,75,0
Elbert,Goshen,President of the United States,,R,MITT ROMNEY,665,27,420,217,1
Elbert,Webbsboro,President of the United States,,R,MITT ROMNEY,196,5,102,89,0
Elbert,Centerville,President of the United States,,R,MITT ROMNEY,442,16,233,193,0
Elbert,,President of the United States,,(D,BARACK OBAMA (I),3181,191,1201,1787,2
Elbert,Elberton,President of the United States,,(D,BARACK OBAMA (I),1367,84,377,905,1
Elbert,Longstreet,President of the United States,,(D,BARACK OBAMA (I),141,10,62,69,0
Elbert,Eliam,President of the United States,,(D,BARACK OBAMA (I),153,6,67,80,0
Elbert,Petersburg,President of the United States,,(D,BARACK OBAMA (I),61,4,39,18,0
Elbert,Wyche,President of the United States,,(D,BARACK OBAMA (I),260,15,94,151,0
Elbert,Moss-Ruckersville,President of the United States,,(D,BARACK OBAMA (I),92,6,49,37,0
Elbert,Pike,President of the United States,,(D,BARACK OBAMA (I),495,40,155,299,1
Elbert,Gaines,President of the United States,,(D,BARACK OBAMA (I),66,4,50,12,0
Elbert,Goshen,President of the United States,,(D,BARACK OBAMA (I),285,11,169,105,0
Elbert,Webbsboro,President of the United States,,(D,BARACK OBAMA (I),84,0,47,37,0
Elbert,Centerville,President of the United States,,(D,BARACK OBAMA (I),177,11,92,74,0
Elbert,,President of the United States,,L,GARY JOHNSON,103,9,58,36,0
Elbert,Elberton,President of the United States,,L,GARY JOHNSON,24,6,4,14,0
Elbert,Longstreet,President of the United States,,L,GARY JOHNSON,5,0,3,2,0
Elbert,Eliam,President of the United States,,L,GARY JOHNSON,5,0,2,3,0
Elbert,Petersburg,President of the United States,,L,GARY JOHNSON,4,0,3,1,0
Elbert,Wyche,President of the United States,,L,GARY JOHNSON,5,1,3,1,0
Elbert,Moss-Ruckersville,President of the United States,,L,GARY JOHNSON,8,1,6,1,0
Elbert,Pike,President of the United States,,L,GARY JOHNSON,14,0,13,1,0
Elbert,Gaines,President of the United States,,L,GARY JOHNSON,5,0,4,1,0
Elbert,Goshen,President of the United States,,L,GARY JOHNSON,14,0,10,4,0
Elbert,Webbsboro,President of the United States,,L,GARY JOHNSON,5,0,3,2,0
Elbert,Centerville,President of the United States,,L,GARY JOHNSON,14,1,7,6,0
Elbert,,"Public Service Commission, District 3",3,R,CHUCK EATON (I),4402,261,1878,2262,1
Elbert,Elberton,"Public Service Commission, District 3",3,R,CHUCK EATON (I),1101,114,188,799,0
Elbert,Longstreet,"Public Service Commission, District 3",3,R,CHUCK EATON (I),258,12,115,131,0
Elbert,Eliam,"Public Service Commission, District 3",3,R,CHUCK EATON (I),384,15,176,193,0
Elbert,Petersburg,"Public Service Commission, District 3",3,R,CHUCK EATON (I),151,9,109,33,0
Elbert,Wyche,"Public Service Commission, District 3",3,R,CHUCK EATON (I),490,29,160,301,0
Elbert,Moss-Ruckersville,"Public Service Commission, District 3",3,R,CHUCK EATON (I),153,2,84,67,0
Elbert,Pike,"Public Service Commission, District 3",3,R,CHUCK EATON (I),511,26,239,246,0
Elbert,Gaines,"Public Service Commission, District 3",3,R,CHUCK EATON (I),207,12,134,61,0
Elbert,Goshen,"Public Service Commission, District 3",3,R,CHUCK EATON (I),590,24,376,189,1
Elbert,Webbsboro,"Public Service Commission, District 3",3,R,CHUCK EATON (I),175,4,95,76,0
Elbert,Centerville,"Public Service Commission, District 3",3,R,CHUCK EATON (I),382,14,202,166,0
Elbert,,"Public Service Commission, District 3",3,D,STEPHEN OPPENHEIMER,2662,179,987,1495,1
Elbert,Elberton,"Public Service Commission, District 3",3,D,STEPHEN OPPENHEIMER,1107,80,287,739,1
Elbert,Longstreet,"Public Service Commission, District 3",3,D,STEPHEN OPPENHEIMER,109,9,52,48,0
Elbert,Eliam,"Public Service Commission, District 3",3,D,STEPHEN OPPENHEIMER,118,8,51,59,0
Elbert,Petersburg,"Public Service Commission, District 3",3,D,STEPHEN OPPENHEIMER,56,5,35,16,0
Elbert,Wyche,"Public Service Commission, District 3",3,D,STEPHEN OPPENHEIMER,204,8,70,126,0
Elbert,Moss-Ruckersville,"Public Service Commission, District 3",3,D,STEPHEN OPPENHEIMER,88,7,42,39,0
Elbert,Pike,"Public Service Commission, District 3",3,D,STEPHEN OPPENHEIMER,426,34,136,256,0
Elbert,Gaines,"Public Service Commission, District 3",3,D,STEPHEN OPPENHEIMER,59,3,42,14,0
Elbert,Goshen,"Public Service Commission, District 3",3,D,STEPHEN OPPENHEIMER,256,10,150,96,0
Elbert,Webbsboro,"Public Service Commission, District 3",3,D,STEPHEN OPPENHEIMER,76,1,36,39,0
Elbert,Centerville,"Public Service Commission, District 3",3,D,STEPHEN OPPENHEIMER,163,14,86,63,0
Elbert,,"Public Service Commission, District 3",3,L,BRAD PLOEGER,248,21,109,117,1
Elbert,Elberton,"Public Service Commission, District 3",3,L,BRAD PLOEGER,50,11,7,32,0
Elbert,Longstreet,"Public Service Commission, District 3",3,L,BRAD PLOEGER,9,1,0,7,1
Elbert,Eliam,"Public Service Commission, District 3",3,L,BRAD PLOEGER,20,1,7,12,0
Elbert,Petersburg,"Public Service Commission, District 3",3,L,BRAD PLOEGER,8,0,6,2,0
Elbert,Wyche,"Public Service Commission, District 3",3,L,BRAD PLOEGER,27,3,13,11,0
Elbert,Moss-Ruckersville,"Public Service Commission, District 3",3,L,BRAD PLOEGER,7,1,5,1,0
Elbert,Pike,"Public Service Commission, District 3",3,L,BRAD PLOEGER,39,2,19,18,0
Elbert,Gaines,"Public Service Commission, District 3",3,L,BRAD PLOEGER,10,0,6,4,0
Elbert,Goshen,"Public Service Commission, District 3",3,L,BRAD PLOEGER,37,1,27,9,0
Elbert,Webbsboro,"Public Service Commission, District 3",3,L,BRAD PLOEGER,11,0,3,8,0
Elbert,Centerville,"Public Service Commission, District 3",3,L,BRAD PLOEGER,30,1,16,13,0
Elbert,,"Public Service Commission, District 5",5,(R,STAN WISE (I),4878,313,2051,2513,1
Elbert,Elberton,"Public Service Commission, District 5",5,(R,STAN WISE (I),1295,133,243,919,0
Elbert,Longstreet,"Public Service Commission, District 5",5,(R,STAN WISE (I),275,16,124,135,0
Elbert,Eliam,"Public Service Commission, District 5",5,(R,STAN WISE (I),405,18,188,199,0
Elbert,Petersburg,"Public Service Commission, District 5",5,(R,STAN WISE (I),163,11,117,35,0
Elbert,Wyche,"Public Service Commission, District 5",5,(R,STAN WISE (I),540,35,175,330,0
Elbert,Moss-Ruckersville,"Public Service Commission, District 5",5,(R,STAN WISE (I),151,5,77,69,0
Elbert,Pike,"Public Service Commission, District 5",5,(R,STAN WISE (I),593,33,270,290,0
Elbert,Gaines,"Public Service Commission, District 5",5,(R,STAN WISE (I),220,13,140,67,0
Elbert,Goshen,"Public Service Commission, District 5",5,(R,STAN WISE (I),636,30,402,203,1
Elbert,Webbsboro,"Public Service Commission, District 5",5,(R,STAN WISE (I),186,4,98,84,0
Elbert,Centerville,"Public Service Commission, District 5",5,(R,STAN WISE (I),414,15,217,182,0
Elbert,,"Public Service Commission, District 5",5,L,DAVID STAPLES,1778,97,731,948,2
Elbert,Elberton,"Public Service Commission, District 5",5,L,DAVID STAPLES,644,48,162,433,1
Elbert,Longstreet,"Public Service Commission, District 5",5,L,DAVID STAPLES,75,1,39,34,1
Elbert,Eliam,"Public Service Commission, District 5",5,L,DAVID STAPLES,102,5,46,51,0
Elbert,Petersburg,"Public Service Commission, District 5",5,L,DAVID STAPLES,44,3,29,12,0
Elbert,Wyche,"Public Service Commission, District 5",5,L,DAVID STAPLES,149,4,61,84,0
Elbert,Moss-Ruckersville,"Public Service Commission, District 5",5,L,DAVID STAPLES,69,3,38,28,0
Elbert,Pike,"Public Service Commission, District 5",5,L,DAVID STAPLES,262,17,92,153,0
Elbert,Gaines,"Public Service Commission, District 5",5,L,DAVID STAPLES,50,1,38,11,0
Elbert,Goshen,"Public Service Commission, District 5",5,L,DAVID STAPLES,196,5,129,62,0
Elbert,Webbsboro,"Public Service Commission, District 5",5,L,DAVID STAPLES,62,1,31,30,0
Elbert,Centerville,"Public Service Commission, District 5",5,L,DAVID STAPLES,125,9,66,50,0
Elbert,,U.S. Representative,9,R,DOUG COLLINS,4455,281,1862,2311,1
Elbert,Elberton,U.S. Representative,9,R,DOUG COLLINS,1118,125,187,806,0
Elbert,Longstreet,U.S. Representative,9,R,DOUG COLLINS,267,13,118,135,1
Elbert,Eliam,U.S. Representative,9,R,DOUG COLLINS,401,18,187,196,0
Elbert,Petersburg,U.S. Representative,9,R,DOUG COLLINS,157,8,114,35,0
Elbert,Wyche,U.S. Representative,9,R,DOUG COLLINS,498,30,161,307,0
Elbert,Moss-Ruckersville,U.S. Representative,9,R,DOUG COLLINS,145,7,71,67,0
Elbert,Pike,U.S. Representative,9,R,DOUG COLLINS,521,24,242,255,0
Elbert,Gaines,U.S. Representative,9,R,DOUG COLLINS,206,11,131,64,0
Elbert,Goshen,U.S. Representative,9,R,DOUG COLLINS,588,26,367,195,0
Elbert,Webbsboro,U.S. Representative,9,R,DOUG COLLINS,168,4,84,80,0
Elbert,Centerville,U.S. Representative,9,R,DOUG COLLINS,386,15,200,171,0
Elbert,,U.S. Representative,9,D,JODY COOLEY,3131,192,1243,1694,2
Elbert,Elberton,U.S. Representative,9,D,JODY COOLEY,1232,87,322,822,1
Elbert,Longstreet,U.S. Representative,9,D,JODY COOLEY,132,9,61,62,0
Elbert,Eliam,U.S. Representative,9,D,JODY COOLEY,150,7,66,77,0
Elbert,Petersburg,U.S. Representative,9,D,JODY COOLEY,67,6,42,19,0
Elbert,Wyche,U.S. Representative,9,D,JODY COOLEY,255,8,98,149,0
Elbert,Moss-Ruckersville,U.S. Representative,9,D,JODY COOLEY,104,7,57,40,0
Elbert,Pike,U.S. Representative,9,D,JODY COOLEY,478,39,165,274,0
Elbert,Gaines,U.S. Representative,9,D,JODY COOLEY,85,5,61,19,0
Elbert,Goshen,U.S. Representative,9,D,JODY COOLEY,327,9,204,113,1
Elbert,Webbsboro,U.S. Representative,9,D,JODY COOLEY,105,1,58,46,0
Elbert,Centerville,U.S. Representative,9,D,JODY COOLEY,196,14,109,73,0
Elbert,,State Senator,24,R,WILLIAM  JACKSON (I),5824,343,2473,3005,3
Elbert,Elberton,State Senator,24,R,WILLIAM  JACKSON (I),1651,147,345,1158,1
Elbert,Longstreet,State Senator,24,R,WILLIAM  JACKSON (I),320,16,144,159,1
Elbert,Eliam,State Senator,24,R,WILLIAM  JACKSON (I),440,20,205,215,0
Elbert,Petersburg,State Senator,24,R,WILLIAM  JACKSON (I),186,12,132,42,0
Elbert,Wyche,State Senator,24,R,WILLIAM  JACKSON (I),612,33,210,369,0
Elbert,Moss-Ruckersville,State Senator,24,R,WILLIAM  JACKSON (I),185,5,100,80,0
Elbert,Pike,State Senator,24,R,WILLIAM  JACKSON (I),729,41,322,366,0
Elbert,Gaines,State Senator,24,R,WILLIAM  JACKSON (I),251,14,163,74,0
Elbert,Goshen,State Senator,24,R,WILLIAM  JACKSON (I),743,33,471,238,1
Elbert,Webbsboro,State Senator,24,R,WILLIAM  JACKSON (I),222,4,120,98,0
Elbert,Centerville,State Senator,24,R,WILLIAM  JACKSON (I),485,18,261,206,0
Elbert,,State Representative,33,(R,TOM MCCALL (I),5520,345,2342,2831,2
Elbert,Elberton,State Representative,33,(R,TOM MCCALL (I),1477,151,276,1050,0
Elbert,Longstreet,State Representative,33,(R,TOM MCCALL (I),321,15,143,162,1
Elbert,Eliam,State Representative,33,(R,TOM MCCALL (I),464,21,224,219,0
Elbert,Petersburg,State Representative,33,(R,TOM MCCALL (I),187,9,138,40,0
Elbert,Wyche,State Representative,33,(R,TOM MCCALL (I),598,36,200,362,0
Elbert,Moss-Ruckersville,State Representative,33,(R,TOM MCCALL (I),184,10,95,79,0
Elbert,Pike,State Representative,33,(R,TOM MCCALL (I),667,36,312,319,0
Elbert,Gaines,State Representative,33,(R,TOM MCCALL (I),264,14,171,79,0
Elbert,Goshen,State Representative,33,(R,TOM MCCALL (I),691,30,430,230,1
Elbert,Webbsboro,State Representative,33,(R,TOM MCCALL (I),207,4,111,92,0
Elbert,Centerville,State Representative,33,(R,TOM MCCALL (I),460,19,242,199,0
Elbert,,State Representative,33,D,DAVID VOGEL,2366,142,894,1329,1
Elbert,Elberton,State Representative,33,D,DAVID VOGEL,962,65,250,646,1
Elbert,Longstreet,State Representative,33,D,DAVID VOGEL,101,6,48,47,0
Elbert,Eliam,State Representative,33,D,DAVID VOGEL,106,5,40,61,0
Elbert,Petersburg,State Representative,33,D,DAVID VOGEL,48,5,31,12,0
Elbert,Wyche,State Representative,33,D,DAVID VOGEL,187,6,70,111,0
Elbert,Moss-Ruckersville,State Representative,33,D,DAVID VOGEL,75,4,39,32,0
Elbert,Pike,State Representative,33,D,DAVID VOGEL,368,31,111,226,0
Elbert,Gaines,State Representative,33,D,DAVID VOGEL,50,2,37,11,0
Elbert,Goshen,State Representative,33,D,DAVID VOGEL,245,7,152,86,0
Elbert,Webbsboro,State Representative,33,D,DAVID VOGEL,73,1,37,35,0
Elbert,Centerville,State Representative,33,D,DAVID VOGEL,151,10,79,62,0
Elbert,,District Attorney, Northern Circuit,R,PARKS WHITE,5911,344,2505,3060,2
Elbert,Elberton,District Attorney, Northern Circuit,R,PARKS WHITE,1669,146,349,1173,1
Elbert,Longstreet,District Attorney, Northern Circuit,R,PARKS WHITE,325,14,155,156,0
Elbert,Eliam,District Attorney, Northern Circuit,R,PARKS WHITE,447,23,204,220,0
Elbert,Petersburg,District Attorney, Northern Circuit,R,PARKS WHITE,191,12,132,47,0
Elbert,Wyche,District Attorney, Northern Circuit,R,PARKS WHITE,627,36,211,380,0
Elbert,Moss-Ruckersville,District Attorney, Northern Circuit,R,PARKS WHITE,195,7,104,84,0
Elbert,Pike,District Attorney, Northern Circuit,R,PARKS WHITE,739,39,326,374,0
Elbert,Gaines,District Attorney, Northern Circuit,R,PARKS WHITE,257,14,167,76,0
Elbert,Goshen,District Attorney, Northern Circuit,R,PARKS WHITE,738,33,469,235,1
Elbert,Webbsboro,District Attorney, Northern Circuit,R,PARKS WHITE,227,2,119,106,0
Elbert,Centerville,District Attorney, Northern Circuit,R,PARKS WHITE,496,18,269,209,0
Elbert,,Superior Court Clerk,,(R,PAT ANDERSON (I),6422,377,2693,3350,2
Elbert,Elberton,Superior Court Clerk,,(R,PAT ANDERSON (I),1866,167,383,1315,1
Elbert,Longstreet,Superior Court Clerk,,(R,PAT ANDERSON (I),353,16,164,173,0
Elbert,Eliam,Superior Court Clerk,,(R,PAT ANDERSON (I),481,23,227,231,0
Elbert,Petersburg,Superior Court Clerk,,(R,PAT ANDERSON (I),202,11,144,47,0
Elbert,Wyche,Superior Court Clerk,,(R,PAT ANDERSON (I),666,37,224,405,0
Elbert,Moss-Ruckersville,Superior Court Clerk,,(R,PAT ANDERSON (I),220,11,116,93,0
Elbert,Pike,Superior Court Clerk,,(R,PAT ANDERSON (I),811,44,342,425,0
Elbert,Gaines,Superior Court Clerk,,(R,PAT ANDERSON (I),265,14,176,75,0
Elbert,Goshen,Superior Court Clerk,,(R,PAT ANDERSON (I),775,33,496,245,1
Elbert,Webbsboro,Superior Court Clerk,,(R,PAT ANDERSON (I),249,2,129,118,0
Elbert,Centerville,Superior Court Clerk,,(R,PAT ANDERSON (I),534,19,292,223,0
Elbert,,Sheriff,,(R,B. HASTON (I),3874,259,1486,2129,0
Elbert,Elberton,Sheriff,,(R,B. HASTON (I),1191,130,229,832,0
Elbert,Longstreet,Sheriff,,(R,B. HASTON (I),206,12,86,108,0
Elbert,Eliam,Sheriff,,(R,B. HASTON (I),285,9,111,165,0
Elbert,Petersburg,Sheriff,,(R,B. HASTON (I),119,6,86,27,0
Elbert,Wyche,Sheriff,,(R,B. HASTON (I),416,19,127,270,0
Elbert,Moss-Ruckersville,Sheriff,,(R,B. HASTON (I),139,7,72,60,0
Elbert,Pike,Sheriff,,(R,B. HASTON (I),455,30,167,258,0
Elbert,Gaines,Sheriff,,(R,B. HASTON (I),207,13,132,62,0
Elbert,Goshen,Sheriff,,(R,B. HASTON (I),401,15,248,138,0
Elbert,Webbsboro,Sheriff,,(R,B. HASTON (I),158,4,79,75,0
Elbert,Centerville,Sheriff,,(R,B. HASTON (I),297,14,149,134,0
Elbert,,Sheriff,,D,M. ANDREWS,4157,229,1832,2093,3
Elbert,Elberton,Sheriff,,D,M. ANDREWS,1308,87,327,893,1
Elbert,Longstreet,Sheriff,,D,M. ANDREWS,228,10,111,106,1
Elbert,Eliam,Sheriff,,D,M. ANDREWS,290,17,155,118,0
Elbert,Petersburg,Sheriff,,D,M. ANDREWS,119,8,85,26,0
Elbert,Wyche,Sheriff,,D,M. ANDREWS,379,25,147,207,0
Elbert,Moss-Ruckersville,Sheriff,,D,M. ANDREWS,127,7,68,52,0
Elbert,Pike,Sheriff,,D,M. ANDREWS,596,35,270,291,0
Elbert,Gaines,Sheriff,,D,M. ANDREWS,109,3,79,27,0
Elbert,Goshen,Sheriff,,D,M. ANDREWS,548,23,340,184,1
Elbert,Webbsboro,Sheriff,,D,M. ANDREWS,126,1,72,53,0
Elbert,Centerville,Sheriff,,D,M. ANDREWS,327,13,178,136,0
Elbert,,Tax Commissioner,,(R,L HIGGINBOTHAM (I),6675,380,2808,3485,2
Elbert,Elberton,Tax Commissioner,,(R,L HIGGINBOTHAM (I),1962,167,420,1374,1
Elbert,Longstreet,Tax Commissioner,,(R,L HIGGINBOTHAM (I),365,16,169,180,0
Elbert,Eliam,Tax Commissioner,,(R,L HIGGINBOTHAM (I),494,24,227,243,0
Elbert,Petersburg,Tax Commissioner,,(R,L HIGGINBOTHAM (I),207,11,150,46,0
Elbert,Wyche,Tax Commissioner,,(R,L HIGGINBOTHAM (I),676,33,231,412,0
Elbert,Moss-Ruckersville,Tax Commissioner,,(R,L HIGGINBOTHAM (I),225,10,120,95,0
Elbert,Pike,Tax Commissioner,,(R,L HIGGINBOTHAM (I),868,48,367,453,0
Elbert,Gaines,Tax Commissioner,,(R,L HIGGINBOTHAM (I),278,14,186,78,0
Elbert,Goshen,Tax Commissioner,,(R,L HIGGINBOTHAM (I),801,33,510,257,1
Elbert,Webbsboro,Tax Commissioner,,(R,L HIGGINBOTHAM (I),251,3,131,117,0
Elbert,Centerville,Tax Commissioner,,(R,L HIGGINBOTHAM (I),548,21,297,230,0
Elbert,,Coroner,,(R,CHARLES ALMOND (I),6330,365,2670,3292,3
Elbert,Elberton,Coroner,,(R,CHARLES ALMOND (I),1838,158,382,1297,1
Elbert,Longstreet,Coroner,,(R,CHARLES ALMOND (I),345,16,160,168,1
Elbert,Eliam,Coroner,,(R,CHARLES ALMOND (I),479,22,220,237,0
Elbert,Petersburg,Coroner,,(R,CHARLES ALMOND (I),198,11,141,46,0
Elbert,Wyche,Coroner,,(R,CHARLES ALMOND (I),655,36,226,393,0
Elbert,Moss-Ruckersville,Coroner,,(R,CHARLES ALMOND (I),210,10,110,90,0
Elbert,Pike,Coroner,,(R,CHARLES ALMOND (I),811,43,347,421,0
Elbert,Gaines,Coroner,,(R,CHARLES ALMOND (I),262,14,174,74,0
Elbert,Goshen,Coroner,,(R,CHARLES ALMOND (I),770,33,495,241,1
Elbert,Webbsboro,Coroner,,(R,CHARLES ALMOND (I),245,3,130,112,0
Elbert,Centerville,Coroner,,(R,CHARLES ALMOND (I),517,19,285,213,0
Elbert,,Solicitor,,(R,GARY L. ASTON (I),6111,342,2571,3195,3
Elbert,Elberton,Solicitor,,(R,GARY L. ASTON (I),1791,152,375,1263,1
Elbert,Longstreet,Solicitor,,(R,GARY L. ASTON (I),327,14,152,160,1
Elbert,Eliam,Solicitor,,(R,GARY L. ASTON (I),457,20,209,228,0
Elbert,Petersburg,Solicitor,,(R,GARY L. ASTON (I),187,11,131,45,0
Elbert,Wyche,Solicitor,,(R,GARY L. ASTON (I),637,33,216,388,0
Elbert,Moss-Ruckersville,Solicitor,,(R,GARY L. ASTON (I),207,8,112,87,0
Elbert,Pike,Solicitor,,(R,GARY L. ASTON (I),765,43,325,397,0
Elbert,Gaines,Solicitor,,(R,GARY L. ASTON (I),249,11,169,69,0
Elbert,Goshen,Solicitor,,(R,GARY L. ASTON (I),752,32,487,232,1
Elbert,Webbsboro,Solicitor,,(R,GARY L. ASTON (I),237,3,124,110,0
Elbert,Centerville,Solicitor,,(R,GARY L. ASTON (I),502,15,271,216,0
Elbert,,County Comm 1,,(R,HORACE HARPER (I),828,89,144,595,0
Elbert,Elberton,County Comm 1,,(R,HORACE HARPER (I),828,89,144,595,0
Elbert,,County Comm 1,,D,GARY BENNETT,667,54,147,466,0
Elbert,Elberton,County Comm 1,,D,GARY BENNETT,667,54,147,466,0
Elbert,,County Comm 3,,R,CHRIS ALEXANDER,1023,44,545,434,0
Elbert,Longstreet,County Comm 3,,R,CHRIS ALEXANDER,250,11,106,133,0
Elbert,Moss-Ruckersville,County Comm 3,,R,CHRIS ALEXANDER,145,8,73,64,0
Elbert,Gaines,County Comm 3,,R,CHRIS ALEXANDER,255,8,173,74,0
Elbert,Centerville,County Comm 3,,R,CHRIS ALEXANDER,373,17,193,163,0
Elbert,,County Comm 3,,D,TIM CASE,581,35,313,232,1
Elbert,Longstreet,County Comm 3,,D,TIM CASE,161,10,82,68,1
Elbert,Moss-Ruckersville,County Comm 3,,D,TIM CASE,115,5,61,49,0
Elbert,Gaines,County Comm 3,,D,TIM CASE,67,8,42,17,0
Elbert,Centerville,County Comm 3,,D,TIM CASE,238,12,128,98,0
Elbert,,BOE 1,,R,KEITH HARPER,1203,112,226,865,0
Elbert,Elberton,BOE 1,,R,KEITH HARPER,1203,112,226,865,0
Elbert,,BOE 4,,(R,JEFFREY BURDEN (I),1344,58,742,543,1
Elbert,Pike,BOE 4,,(R,JEFFREY BURDEN (I),499,25,207,267,0
Elbert,Goshen,BOE 4,,(R,JEFFREY BURDEN (I),754,32,492,229,1
Elbert,Webbsboro,BOE 4,,(R,JEFFREY BURDEN (I),91,1,43,47,0
Elbert,,Constitutional Amendment #1<br>Shall the Constitution be amended to allow state or local approval of public charter schools upon the request of local communities?,,,YES,4309,250,1832,2225,2
Elbert,Elberton,Constitutional Amendment #1<br>Shall the Constitution be amended to allow state or local approval of public charter schools upon the request of local communities?,,,YES,1339,116,324,898,1
Elbert,Longstreet,Constitutional Amendment #1<br>Shall the Constitution be amended to allow state or local approval of public charter schools upon the request of local communities?,,,YES,224,10,101,112,1
Elbert,Eliam,Constitutional Amendment #1<br>Shall the Constitution be amended to allow state or local approval of public charter schools upon the request of local communities?,,,YES,315,16,133,166,0
Elbert,Petersburg,Constitutional Amendment #1<br>Shall the Constitution be amended to allow state or local approval of public charter schools upon the request of local communities?,,,YES,121,6,85,30,0
Elbert,Wyche,Constitutional Amendment #1<br>Shall the Constitution be amended to allow state or local approval of public charter schools upon the request of local communities?,,,YES,394,19,142,233,0
Elbert,Moss-Ruckersville,Constitutional Amendment #1<br>Shall the Constitution be amended to allow state or local approval of public charter schools upon the request of local communities?,,,YES,143,4,74,65,0
Elbert,Pike,Constitutional Amendment #1<br>Shall the Constitution be amended to allow state or local approval of public charter schools upon the request of local communities?,,,YES,564,32,266,266,0
Elbert,Gaines,Constitutional Amendment #1<br>Shall the Constitution be amended to allow state or local approval of public charter schools upon the request of local communities?,,,YES,159,10,107,42,0
Elbert,Goshen,Constitutional Amendment #1<br>Shall the Constitution be amended to allow state or local approval of public charter schools upon the request of local communities?,,,YES,519,18,318,183,0
Elbert,Webbsboro,Constitutional Amendment #1<br>Shall the Constitution be amended to allow state or local approval of public charter schools upon the request of local communities?,,,YES,172,5,86,81,0
Elbert,Centerville,Constitutional Amendment #1<br>Shall the Constitution be amended to allow state or local approval of public charter schools upon the request of local communities?,,,YES,359,14,196,149,0
Elbert,,Constitutional Amendment #1<br>Shall the Constitution be amended to allow state or local approval of public charter schools upon the request of local communities?,,,NO,3304,202,1314,1787,1
Elbert,Elberton,Constitutional Amendment #1<br>Shall the Constitution be amended to allow state or local approval of public charter schools upon the request of local communities?,,,NO,1006,87,187,732,0
Elbert,Longstreet,Constitutional Amendment #1<br>Shall the Constitution be amended to allow state or local approval of public charter schools upon the request of local communities?,,,NO,173,7,81,85,0
Elbert,Eliam,Constitutional Amendment #1<br>Shall the Constitution be amended to allow state or local approval of public charter schools upon the request of local communities?,,,NO,235,10,122,103,0
Elbert,Petersburg,Constitutional Amendment #1<br>Shall the Constitution be amended to allow state or local approval of public charter schools upon the request of local communities?,,,NO,107,5,79,23,0
Elbert,Wyche,Constitutional Amendment #1<br>Shall the Constitution be amended to allow state or local approval of public charter schools upon the request of local communities?,,,NO,369,22,119,228,0
Elbert,Moss-Ruckersville,Constitutional Amendment #1<br>Shall the Constitution be amended to allow state or local approval of public charter schools upon the request of local communities?,,,NO,106,10,57,39,0
Elbert,Pike,Constitutional Amendment #1<br>Shall the Constitution be amended to allow state or local approval of public charter schools upon the request of local communities?,,,NO,436,27,147,262,0
Elbert,Gaines,Constitutional Amendment #1<br>Shall the Constitution be amended to allow state or local approval of public charter schools upon the request of local communities?,,,NO,134,3,88,43,0
Elbert,Goshen,Constitutional Amendment #1<br>Shall the Constitution be amended to allow state or local approval of public charter schools upon the request of local communities?,,,NO,398,17,259,121,1
Elbert,Webbsboro,Constitutional Amendment #1<br>Shall the Constitution be amended to allow state or local approval of public charter schools upon the request of local communities?,,,NO,103,0,59,44,0
Elbert,Centerville,Constitutional Amendment #1<br>Shall the Constitution be amended to allow state or local approval of public charter schools upon the request of local communities?,,,NO,237,14,116,107,0
Elbert,,Constitutional Amendment #2<br>Shall the Constitution be amended so as to provide for a reduction in the state's operating costs by allowing the General Assembly to authorize certain state agencies to enter into multiyear rental agreements?,,,YES,4255,238,1732,2284,1
Elbert,Elberton,Constitutional Amendment #2<br>Shall the Constitution be amended so as to provide for a reduction in the state's operating costs by allowing the General Assembly to authorize certain state agencies to enter into multiyear rental agreements?,,,YES,1335,116,301,918,0
Elbert,Longstreet,Constitutional Amendment #2<br>Shall the Constitution be amended so as to provide for a reduction in the state's operating costs by allowing the General Assembly to authorize certain state agencies to enter into multiyear rental agreements?,,,YES,234,10,100,124,0
Elbert,Eliam,Constitutional Amendment #2<br>Shall the Constitution be amended so as to provide for a reduction in the state's operating costs by allowing the General Assembly to authorize certain state agencies to enter into multiyear rental agreements?,,,YES,301,13,128,160,0
Elbert,Petersburg,Constitutional Amendment #2<br>Shall the Constitution be amended so as to provide for a reduction in the state's operating costs by allowing the General Assembly to authorize certain state agencies to enter into multiyear rental agreements?,,,YES,122,5,90,27,0
Elbert,Wyche,Constitutional Amendment #2<br>Shall the Constitution be amended so as to provide for a reduction in the state's operating costs by allowing the General Assembly to authorize certain state agencies to enter into multiyear rental agreements?,,,YES,425,19,133,273,0
Elbert,Moss-Ruckersville,Constitutional Amendment #2<br>Shall the Constitution be amended so as to provide for a reduction in the state's operating costs by allowing the General Assembly to authorize certain state agencies to enter into multiyear rental agreements?,,,YES,140,5,71,64,0
Elbert,Pike,Constitutional Amendment #2<br>Shall the Constitution be amended so as to provide for a reduction in the state's operating costs by allowing the General Assembly to authorize certain state agencies to enter into multiyear rental agreements?,,,YES,511,20,225,266,0
Elbert,Gaines,Constitutional Amendment #2<br>Shall the Constitution be amended so as to provide for a reduction in the state's operating costs by allowing the General Assembly to authorize certain state agencies to enter into multiyear rental agreements?,,,YES,168,9,105,54,0
Elbert,Goshen,Constitutional Amendment #2<br>Shall the Constitution be amended so as to provide for a reduction in the state's operating costs by allowing the General Assembly to authorize certain state agencies to enter into multiyear rental agreements?,,,YES,508,26,296,185,1
Elbert,Webbsboro,Constitutional Amendment #2<br>Shall the Constitution be amended so as to provide for a reduction in the state's operating costs by allowing the General Assembly to authorize certain state agencies to enter into multiyear rental agreements?,,,YES,180,3,99,78,0
Elbert,Centerville,Constitutional Amendment #2<br>Shall the Constitution be amended so as to provide for a reduction in the state's operating costs by allowing the General Assembly to authorize certain state agencies to enter into multiyear rental agreements?,,,YES,331,12,184,135,0
Elbert,,Constitutional Amendment #2<br>Shall the Constitution be amended so as to provide for a reduction in the state's operating costs by allowing the General Assembly to authorize certain state agencies to enter into multiyear rental agreements?,,,NO,3023,186,1258,1577,2
Elbert,Elberton,Constitutional Amendment #2<br>Shall the Constitution be amended so as to provide for a reduction in the state's operating costs by allowing the General Assembly to authorize certain state agencies to enter into multiyear rental agreements?,,,NO,899,72,174,652,1
Elbert,Longstreet,Constitutional Amendment #2<br>Shall the Constitution be amended so as to provide for a reduction in the state's operating costs by allowing the General Assembly to authorize certain state agencies to enter into multiyear rental agreements?,,,NO,140,7,69,63,1
Elbert,Eliam,Constitutional Amendment #2<br>Shall the Constitution be amended so as to provide for a reduction in the state's operating costs by allowing the General Assembly to authorize certain state agencies to enter into multiyear rental agreements?,,,NO,221,11,114,96,0
Elbert,Petersburg,Constitutional Amendment #2<br>Shall the Constitution be amended so as to provide for a reduction in the state's operating costs by allowing the General Assembly to authorize certain state agencies to enter into multiyear rental agreements?,,,NO,95,5,65,25,0
Elbert,Wyche,Constitutional Amendment #2<br>Shall the Constitution be amended so as to provide for a reduction in the state's operating costs by allowing the General Assembly to authorize certain state agencies to enter into multiyear rental agreements?,,,NO,300,19,117,164,0
Elbert,Moss-Ruckersville,Constitutional Amendment #2<br>Shall the Constitution be amended so as to provide for a reduction in the state's operating costs by allowing the General Assembly to authorize certain state agencies to enter into multiyear rental agreements?,,,NO,95,7,52,36,0
Elbert,Pike,Constitutional Amendment #2<br>Shall the Constitution be amended so as to provide for a reduction in the state's operating costs by allowing the General Assembly to authorize certain state agencies to enter into multiyear rental agreements?,,,NO,438,33,161,244,0
Elbert,Gaines,Constitutional Amendment #2<br>Shall the Constitution be amended so as to provide for a reduction in the state's operating costs by allowing the General Assembly to authorize certain state agencies to enter into multiyear rental agreements?,,,NO,124,5,90,29,0
Elbert,Goshen,Constitutional Amendment #2<br>Shall the Constitution be amended so as to provide for a reduction in the state's operating costs by allowing the General Assembly to authorize certain state agencies to enter into multiyear rental agreements?,,,NO,376,9,255,112,0
Elbert,Webbsboro,Constitutional Amendment #2<br>Shall the Constitution be amended so as to provide for a reduction in the state's operating costs by allowing the General Assembly to authorize certain state agencies to enter into multiyear rental agreements?,,,NO,87,2,42,43,0
Elbert,Centerville,Constitutional Amendment #2<br>Shall the Constitution be amended so as to provide for a reduction in the state's operating costs by allowing the General Assembly to authorize certain state agencies to enter into multiyear rental agreements?,,,NO,248,16,119,113,0
