county,precinct,office,district,party,candidate,votes,absentee_by_mail,election_day,advance_in_person,provisional
Floyd,,President of the United States,,R,MITT ROMNEY,22733,1036,11674,9929,94
Floyd,ALTO PARK,President of the United States,,R,MITT ROMNEY,1470,106,549,808,7
Floyd,ARMUCHEE,President of the United States,,R,MITT ROMNEY,560,14,357,189,0
Floyd,BARKERS,President of the United States,,R,MITT ROMNEY,1055,33,532,471,19
Floyd,CAVE SPRING,President of the United States,,R,MITT ROMNEY,648,29,521,97,1
Floyd,CHULIO,President of the United States,,R,MITT ROMNEY,525,10,318,192,5
Floyd,ETOWAH,President of the United States,,R,MITT ROMNEY,2236,94,882,1253,7
Floyd,EVERETT SPRINGS,President of the United States,,R,MITT ROMNEY,200,3,166,30,1
Floyd,FLOYD SPRINGS,President of the United States,,R,MITT ROMNEY,922,26,605,289,2
Floyd,FOSTERS MILL,President of the United States,,R,MITT ROMNEY,450,24,314,112,0
Floyd,GARDEN LAKES,President of the United States,,R,MITT ROMNEY,870,30,439,400,1
Floyd,GLENWOOD,President of the United States,,R,MITT ROMNEY,1316,46,758,496,16
Floyd,HOWELL,President of the United States,,R,MITT ROMNEY,690,24,465,199,2
Floyd,EAST LINDALE,President of the United States,,R,MITT ROMNEY,1487,61,715,709,2
Floyd,MT ALTO NORTH,President of the United States,,R,MITT ROMNEY,1301,81,566,652,2
Floyd,MT ALTO SOUTH,President of the United States,,R,MITT ROMNEY,1351,61,645,641,4
Floyd,NORTH CAROLINA,President of the United States,,R,MITT ROMNEY,757,38,481,237,1
Floyd,RIVERSIDE,President of the United States,,R,MITT ROMNEY,309,14,184,111,0
Floyd,EAST ROME,President of the United States,,R,MITT ROMNEY,1273,97,504,670,2
Floyd,NORTH ROME,President of the United States,,R,MITT ROMNEY,912,59,278,574,1
Floyd,SOUTH ROME,President of the United States,,R,MITT ROMNEY,137,11,68,58,0
Floyd,TEXAS VALLEY,President of the United States,,R,MITT ROMNEY,428,12,292,113,11
Floyd,VANNS VALLEY,President of the United States,,R,MITT ROMNEY,284,10,192,82,0
Floyd,WATTERS,President of the United States,,R,MITT ROMNEY,1545,60,876,606,3
Floyd,WEST LINDALE,President of the United States,,R,MITT ROMNEY,1108,42,661,401,4
Floyd,TOWN ROME,President of the United States,,R,MITT ROMNEY,899,51,306,539,3
Floyd,,President of the United States,,D,BARACK OBAMA (I),9640,522,4825,4250,43
Floyd,ALTO PARK,President of the United States,,D,BARACK OBAMA (I),410,32,189,184,5
Floyd,ARMUCHEE,President of the United States,,D,BARACK OBAMA (I),109,4,65,40,0
Floyd,BARKERS,President of the United States,,D,BARACK OBAMA (I),223,7,130,80,6
Floyd,CAVE SPRING,President of the United States,,D,BARACK OBAMA (I),251,5,196,49,1
Floyd,CHULIO,President of the United States,,D,BARACK OBAMA (I),144,1,97,46,0
Floyd,ETOWAH,President of the United States,,D,BARACK OBAMA (I),663,62,242,358,1
Floyd,EVERETT SPRINGS,President of the United States,,D,BARACK OBAMA (I),43,5,32,6,0
Floyd,FLOYD SPRINGS,President of the United States,,D,BARACK OBAMA (I),140,4,96,40,0
Floyd,FOSTERS MILL,President of the United States,,D,BARACK OBAMA (I),106,5,68,33,0
Floyd,GARDEN LAKES,President of the United States,,D,BARACK OBAMA (I),335,26,199,108,2
Floyd,GLENWOOD,President of the United States,,D,BARACK OBAMA (I),410,33,216,156,5
Floyd,HOWELL,President of the United States,,D,BARACK OBAMA (I),114,1,69,44,0
Floyd,EAST LINDALE,President of the United States,,D,BARACK OBAMA (I),490,24,240,226,0
Floyd,MT ALTO NORTH,President of the United States,,D,BARACK OBAMA (I),991,62,458,466,5
Floyd,MT ALTO SOUTH,President of the United States,,D,BARACK OBAMA (I),821,36,417,362,6
Floyd,NORTH CAROLINA,President of the United States,,D,BARACK OBAMA (I),233,5,148,79,1
Floyd,RIVERSIDE,President of the United States,,D,BARACK OBAMA (I),108,1,71,36,0
Floyd,EAST ROME,President of the United States,,D,BARACK OBAMA (I),1043,63,476,503,1
Floyd,NORTH ROME,President of the United States,,D,BARACK OBAMA (I),993,48,350,593,2
Floyd,SOUTH ROME,President of the United States,,D,BARACK OBAMA (I),608,35,318,254,1
Floyd,TEXAS VALLEY,President of the United States,,D,BARACK OBAMA (I),75,3,53,17,2
Floyd,VANNS VALLEY,President of the United States,,D,BARACK OBAMA (I),85,2,60,22,1
Floyd,WATTERS,President of the United States,,D,BARACK OBAMA (I),281,12,172,95,2
Floyd,WEST LINDALE,President of the United States,,D,BARACK OBAMA (I),344,12,214,116,2
Floyd,TOWN ROME,President of the United States,,D,BARACK OBAMA (I),620,34,249,337,0
Floyd,,President of the United States,,L,GARY JOHNSON,456,14,317,123,2
Floyd,ALTO PARK,President of the United States,,L,GARY JOHNSON,23,2,13,8,0
Floyd,ARMUCHEE,President of the United States,,L,GARY JOHNSON,3,0,1,2,0
Floyd,BARKERS,President of the United States,,L,GARY JOHNSON,17,0,13,4,0
Floyd,CAVE SPRING,President of the United States,,L,GARY JOHNSON,20,0,18,1,1
Floyd,CHULIO,President of the United States,,L,GARY JOHNSON,9,0,6,3,0
Floyd,ETOWAH,President of the United States,,L,GARY JOHNSON,41,2,23,15,1
Floyd,EVERETT SPRINGS,President of the United States,,L,GARY JOHNSON,8,0,8,0,0
Floyd,FLOYD SPRINGS,President of the United States,,L,GARY JOHNSON,9,0,6,3,0
Floyd,FOSTERS MILL,President of the United States,,L,GARY JOHNSON,3,0,3,0,0
Floyd,GARDEN LAKES,President of the United States,,L,GARY JOHNSON,18,3,12,3,0
Floyd,GLENWOOD,President of the United States,,L,GARY JOHNSON,23,0,19,4,0
Floyd,HOWELL,President of the United States,,L,GARY JOHNSON,18,0,15,3,0
Floyd,EAST LINDALE,President of the United States,,L,GARY JOHNSON,33,1,20,12,0
Floyd,MT ALTO NORTH,President of the United States,,L,GARY JOHNSON,38,1,19,18,0
Floyd,MT ALTO SOUTH,President of the United States,,L,GARY JOHNSON,35,1,25,9,0
Floyd,NORTH CAROLINA,President of the United States,,L,GARY JOHNSON,15,0,13,2,0
Floyd,RIVERSIDE,President of the United States,,L,GARY JOHNSON,9,0,7,2,0
Floyd,EAST ROME,President of the United States,,L,GARY JOHNSON,22,1,13,8,0
Floyd,NORTH ROME,President of the United States,,L,GARY JOHNSON,21,1,14,6,0
Floyd,SOUTH ROME,President of the United States,,L,GARY JOHNSON,9,1,3,5,0
Floyd,TEXAS VALLEY,President of the United States,,L,GARY JOHNSON,1,0,1,0,0
Floyd,VANNS VALLEY,President of the United States,,L,GARY JOHNSON,2,0,1,1,0
Floyd,WATTERS,President of the United States,,L,GARY JOHNSON,32,1,27,4,0
Floyd,WEST LINDALE,President of the United States,,L,GARY JOHNSON,33,0,25,8,0
Floyd,TOWN ROME,President of the United States,,L,GARY JOHNSON,14,0,12,2,0
Floyd,,"Public Service Commission, District 3",3,R,CHUCK EATON (I),19862,923,10179,8682,78
Floyd,ALTO PARK,"Public Service Commission, District 3",3,R,CHUCK EATON (I),1298,102,469,720,7
Floyd,ARMUCHEE,"Public Service Commission, District 3",3,R,CHUCK EATON (I),470,13,298,159,0
Floyd,BARKERS,"Public Service Commission, District 3",3,R,CHUCK EATON (I),885,28,449,393,15
Floyd,CAVE SPRING,"Public Service Commission, District 3",3,R,CHUCK EATON (I),561,28,449,82,2
Floyd,CHULIO,"Public Service Commission, District 3",3,R,CHUCK EATON (I),453,8,284,157,4
Floyd,ETOWAH,"Public Service Commission, District 3",3,R,CHUCK EATON (I),1937,85,754,1091,7
Floyd,EVERETT SPRINGS,"Public Service Commission, District 3",3,R,CHUCK EATON (I),185,3,153,28,1
Floyd,FLOYD SPRINGS,"Public Service Commission, District 3",3,R,CHUCK EATON (I),795,23,526,245,1
Floyd,FOSTERS MILL,"Public Service Commission, District 3",3,R,CHUCK EATON (I),374,17,265,92,0
Floyd,GARDEN LAKES,"Public Service Commission, District 3",3,R,CHUCK EATON (I),760,34,383,343,0
Floyd,GLENWOOD,"Public Service Commission, District 3",3,R,CHUCK EATON (I),1148,39,670,425,14
Floyd,HOWELL,"Public Service Commission, District 3",3,R,CHUCK EATON (I),603,20,410,172,1
Floyd,EAST LINDALE,"Public Service Commission, District 3",3,R,CHUCK EATON (I),1307,57,615,633,2
Floyd,MT ALTO NORTH,"Public Service Commission, District 3",3,R,CHUCK EATON (I),1168,71,515,580,2
Floyd,MT ALTO SOUTH,"Public Service Commission, District 3",3,R,CHUCK EATON (I),1196,54,563,575,4
Floyd,NORTH CAROLINA,"Public Service Commission, District 3",3,R,CHUCK EATON (I),637,33,405,198,1
Floyd,RIVERSIDE,"Public Service Commission, District 3",3,R,CHUCK EATON (I),263,10,161,92,0
Floyd,EAST ROME,"Public Service Commission, District 3",3,R,CHUCK EATON (I),1133,81,460,591,1
Floyd,NORTH ROME,"Public Service Commission, District 3",3,R,CHUCK EATON (I),809,51,256,500,2
Floyd,SOUTH ROME,"Public Service Commission, District 3",3,R,CHUCK EATON (I),129,10,66,53,0
Floyd,TEXAS VALLEY,"Public Service Commission, District 3",3,R,CHUCK EATON (I),386,11,268,98,9
Floyd,VANNS VALLEY,"Public Service Commission, District 3",3,R,CHUCK EATON (I),245,9,161,75,0
Floyd,WATTERS,"Public Service Commission, District 3",3,R,CHUCK EATON (I),1317,54,726,535,2
Floyd,WEST LINDALE,"Public Service Commission, District 3",3,R,CHUCK EATON (I),969,35,574,359,1
Floyd,TOWN ROME,"Public Service Commission, District 3",3,R,CHUCK EATON (I),834,47,299,486,2
Floyd,,"Public Service Commission, District 3",3,D,STEPHEN OPPENHEIMER,8855,489,4439,3889,38
Floyd,ALTO PARK,"Public Service Commission, District 3",3,D,STEPHEN OPPENHEIMER,370,23,180,164,3
Floyd,ARMUCHEE,"Public Service Commission, District 3",3,D,STEPHEN OPPENHEIMER,118,3,72,43,0
Floyd,BARKERS,"Public Service Commission, District 3",3,D,STEPHEN OPPENHEIMER,245,10,132,97,6
Floyd,CAVE SPRING,"Public Service Commission, District 3",3,D,STEPHEN OPPENHEIMER,243,5,193,44,1
Floyd,CHULIO,"Public Service Commission, District 3",3,D,STEPHEN OPPENHEIMER,131,1,82,48,0
Floyd,ETOWAH,"Public Service Commission, District 3",3,D,STEPHEN OPPENHEIMER,630,55,238,336,1
Floyd,EVERETT SPRINGS,"Public Service Commission, District 3",3,D,STEPHEN OPPENHEIMER,37,5,28,4,0
Floyd,FLOYD SPRINGS,"Public Service Commission, District 3",3,D,STEPHEN OPPENHEIMER,138,4,94,39,1
Floyd,FOSTERS MILL,"Public Service Commission, District 3",3,D,STEPHEN OPPENHEIMER,121,11,77,33,0
Floyd,GARDEN LAKES,"Public Service Commission, District 3",3,D,STEPHEN OPPENHEIMER,333,21,194,116,2
Floyd,GLENWOOD,"Public Service Commission, District 3",3,D,STEPHEN OPPENHEIMER,380,30,201,145,4
Floyd,HOWELL,"Public Service Commission, District 3",3,D,STEPHEN OPPENHEIMER,119,4,71,44,0
Floyd,EAST LINDALE,"Public Service Commission, District 3",3,D,STEPHEN OPPENHEIMER,477,22,238,217,0
Floyd,MT ALTO NORTH,"Public Service Commission, District 3",3,D,STEPHEN OPPENHEIMER,899,58,413,424,4
Floyd,MT ALTO SOUTH,"Public Service Commission, District 3",3,D,STEPHEN OPPENHEIMER,744,37,379,323,5
Floyd,NORTH CAROLINA,"Public Service Commission, District 3",3,D,STEPHEN OPPENHEIMER,217,7,135,74,1
Floyd,RIVERSIDE,"Public Service Commission, District 3",3,D,STEPHEN OPPENHEIMER,109,4,64,41,0
Floyd,EAST ROME,"Public Service Commission, District 3",3,D,STEPHEN OPPENHEIMER,870,52,379,438,1
Floyd,NORTH ROME,"Public Service Commission, District 3",3,D,STEPHEN OPPENHEIMER,879,45,314,519,1
Floyd,SOUTH ROME,"Public Service Commission, District 3",3,D,STEPHEN OPPENHEIMER,504,32,262,209,1
Floyd,TEXAS VALLEY,"Public Service Commission, District 3",3,D,STEPHEN OPPENHEIMER,70,3,51,15,1
Floyd,VANNS VALLEY,"Public Service Commission, District 3",3,D,STEPHEN OPPENHEIMER,85,3,61,20,1
Floyd,WATTERS,"Public Service Commission, District 3",3,D,STEPHEN OPPENHEIMER,316,13,194,107,2
Floyd,WEST LINDALE,"Public Service Commission, District 3",3,D,STEPHEN OPPENHEIMER,312,13,191,106,2
Floyd,TOWN ROME,"Public Service Commission, District 3",3,D,STEPHEN OPPENHEIMER,508,28,196,283,1
Floyd,,"Public Service Commission, District 3",3,L,BRAD PLOEGER,1455,46,856,546,7
Floyd,ALTO PARK,"Public Service Commission, District 3",3,L,BRAD PLOEGER,82,4,44,34,0
Floyd,ARMUCHEE,"Public Service Commission, District 3",3,L,BRAD PLOEGER,32,1,18,13,0
Floyd,BARKERS,"Public Service Commission, District 3",3,L,BRAD PLOEGER,55,2,33,18,2
Floyd,CAVE SPRING,"Public Service Commission, District 3",3,L,BRAD PLOEGER,44,0,36,8,0
Floyd,CHULIO,"Public Service Commission, District 3",3,L,BRAD PLOEGER,35,2,20,13,0
Floyd,ETOWAH,"Public Service Commission, District 3",3,L,BRAD PLOEGER,125,4,59,61,1
Floyd,EVERETT SPRINGS,"Public Service Commission, District 3",3,L,BRAD PLOEGER,13,0,10,3,0
Floyd,FLOYD SPRINGS,"Public Service Commission, District 3",3,L,BRAD PLOEGER,53,3,32,18,0
Floyd,FOSTERS MILL,"Public Service Commission, District 3",3,L,BRAD PLOEGER,26,1,19,6,0
Floyd,GARDEN LAKES,"Public Service Commission, District 3",3,L,BRAD PLOEGER,45,0,29,16,0
Floyd,GLENWOOD,"Public Service Commission, District 3",3,L,BRAD PLOEGER,71,3,44,24,0
Floyd,HOWELL,"Public Service Commission, District 3",3,L,BRAD PLOEGER,32,0,20,11,1
Floyd,EAST LINDALE,"Public Service Commission, District 3",3,L,BRAD PLOEGER,95,1,61,33,0
Floyd,MT ALTO NORTH,"Public Service Commission, District 3",3,L,BRAD PLOEGER,99,5,45,49,0
Floyd,MT ALTO SOUTH,"Public Service Commission, District 3",3,L,BRAD PLOEGER,93,3,63,26,1
Floyd,NORTH CAROLINA,"Public Service Commission, District 3",3,L,BRAD PLOEGER,45,3,31,11,0
Floyd,RIVERSIDE,"Public Service Commission, District 3",3,L,BRAD PLOEGER,26,0,17,9,0
Floyd,EAST ROME,"Public Service Commission, District 3",3,L,BRAD PLOEGER,101,4,46,51,0
Floyd,NORTH ROME,"Public Service Commission, District 3",3,L,BRAD PLOEGER,74,2,28,44,0
Floyd,SOUTH ROME,"Public Service Commission, District 3",3,L,BRAD PLOEGER,32,1,17,14,0
Floyd,TEXAS VALLEY,"Public Service Commission, District 3",3,L,BRAD PLOEGER,19,0,12,6,1
Floyd,VANNS VALLEY,"Public Service Commission, District 3",3,L,BRAD PLOEGER,13,0,8,5,0
Floyd,WATTERS,"Public Service Commission, District 3",3,L,BRAD PLOEGER,99,5,71,23,0
Floyd,WEST LINDALE,"Public Service Commission, District 3",3,L,BRAD PLOEGER,81,1,57,22,1
Floyd,TOWN ROME,"Public Service Commission, District 3",3,L,BRAD PLOEGER,65,1,36,28,0
Floyd,,"Public Service Commission, District 5",5,R,STAN WISE (I),21811,1023,11143,9557,88
Floyd,ALTO PARK,"Public Service Commission, District 5",5,R,STAN WISE (I),1391,110,514,758,9
Floyd,ARMUCHEE,"Public Service Commission, District 5",5,R,STAN WISE (I),502,13,316,173,0
Floyd,BARKERS,"Public Service Commission, District 5",5,R,STAN WISE (I),954,33,479,422,20
Floyd,CAVE SPRING,"Public Service Commission, District 5",5,R,STAN WISE (I),640,32,506,100,2
Floyd,CHULIO,"Public Service Commission, District 5",5,R,STAN WISE (I),479,8,301,167,3
Floyd,ETOWAH,"Public Service Commission, District 5",5,R,STAN WISE (I),2081,97,802,1176,6
Floyd,EVERETT SPRINGS,"Public Service Commission, District 5",5,R,STAN WISE (I),192,4,159,28,1
Floyd,FLOYD SPRINGS,"Public Service Commission, District 5",5,R,STAN WISE (I),827,22,544,260,1
Floyd,FOSTERS MILL,"Public Service Commission, District 5",5,R,STAN WISE (I),401,19,286,96,0
Floyd,GARDEN LAKES,"Public Service Commission, District 5",5,R,STAN WISE (I),835,33,429,373,0
Floyd,GLENWOOD,"Public Service Commission, District 5",5,R,STAN WISE (I),1250,48,715,472,15
Floyd,HOWELL,"Public Service Commission, District 5",5,R,STAN WISE (I),634,21,430,181,2
Floyd,EAST LINDALE,"Public Service Commission, District 5",5,R,STAN WISE (I),1409,59,676,672,2
Floyd,MT ALTO NORTH,"Public Service Commission, District 5",5,R,STAN WISE (I),1350,78,596,674,2
Floyd,MT ALTO SOUTH,"Public Service Commission, District 5",5,R,STAN WISE (I),1378,64,652,656,6
Floyd,NORTH CAROLINA,"Public Service Commission, District 5",5,R,STAN WISE (I),683,36,424,222,1
Floyd,RIVERSIDE,"Public Service Commission, District 5",5,R,STAN WISE (I),299,14,176,109,0
Floyd,EAST ROME,"Public Service Commission, District 5",5,R,STAN WISE (I),1321,95,550,675,1
Floyd,NORTH ROME,"Public Service Commission, District 5",5,R,STAN WISE (I),975,59,321,593,2
Floyd,SOUTH ROME,"Public Service Commission, District 5",5,R,STAN WISE (I),193,12,96,85,0
Floyd,TEXAS VALLEY,"Public Service Commission, District 5",5,R,STAN WISE (I),401,12,278,102,9
Floyd,VANNS VALLEY,"Public Service Commission, District 5",5,R,STAN WISE (I),261,11,172,78,0
Floyd,WATTERS,"Public Service Commission, District 5",5,R,STAN WISE (I),1389,53,776,557,3
Floyd,WEST LINDALE,"Public Service Commission, District 5",5,R,STAN WISE (I),1053,39,634,379,1
Floyd,TOWN ROME,"Public Service Commission, District 5",5,R,STAN WISE (I),913,51,311,549,2
Floyd,,"Public Service Commission, District 5",5,L,DAVID STAPLES,6426,275,3609,2516,26
Floyd,ALTO PARK,"Public Service Commission, District 5",5,L,DAVID STAPLES,272,13,147,111,1
Floyd,ARMUCHEE,"Public Service Commission, District 5",5,L,DAVID STAPLES,103,4,64,35,0
Floyd,BARKERS,"Public Service Commission, District 5",5,L,DAVID STAPLES,208,6,120,79,3
Floyd,CAVE SPRING,"Public Service Commission, District 5",5,L,DAVID STAPLES,181,0,152,28,1
Floyd,CHULIO,"Public Service Commission, District 5",5,L,DAVID STAPLES,117,2,77,37,1
Floyd,ETOWAH,"Public Service Commission, District 5",5,L,DAVID STAPLES,474,26,211,235,2
Floyd,EVERETT SPRINGS,"Public Service Commission, District 5",5,L,DAVID STAPLES,34,1,28,5,0
Floyd,FLOYD SPRINGS,"Public Service Commission, District 5",5,L,DAVID STAPLES,135,6,91,37,1
Floyd,FOSTERS MILL,"Public Service Commission, District 5",5,L,DAVID STAPLES,102,8,70,24,0
Floyd,GARDEN LAKES,"Public Service Commission, District 5",5,L,DAVID STAPLES,230,10,146,72,2
Floyd,GLENWOOD,"Public Service Commission, District 5",5,L,DAVID STAPLES,294,20,171,101,2
Floyd,HOWELL,"Public Service Commission, District 5",5,L,DAVID STAPLES,108,3,64,41,0
Floyd,EAST LINDALE,"Public Service Commission, District 5",5,L,DAVID STAPLES,350,13,196,141,0
Floyd,MT ALTO NORTH,"Public Service Commission, District 5",5,L,DAVID STAPLES,607,37,296,271,3
Floyd,MT ALTO SOUTH,"Public Service Commission, District 5",5,L,DAVID STAPLES,486,16,288,180,2
Floyd,NORTH CAROLINA,"Public Service Commission, District 5",5,L,DAVID STAPLES,193,5,140,47,1
Floyd,RIVERSIDE,"Public Service Commission, District 5",5,L,DAVID STAPLES,84,0,58,26,0
Floyd,EAST ROME,"Public Service Commission, District 5",5,L,DAVID STAPLES,552,24,256,272,0
Floyd,NORTH ROME,"Public Service Commission, District 5",5,L,DAVID STAPLES,506,21,204,280,1
Floyd,SOUTH ROME,"Public Service Commission, District 5",5,L,DAVID STAPLES,322,17,179,125,1
Floyd,TEXAS VALLEY,"Public Service Commission, District 5",5,L,DAVID STAPLES,60,2,43,13,2
Floyd,VANNS VALLEY,"Public Service Commission, District 5",5,L,DAVID STAPLES,73,1,53,19,0
Floyd,WATTERS,"Public Service Commission, District 5",5,L,DAVID STAPLES,304,17,201,86,0
Floyd,WEST LINDALE,"Public Service Commission, District 5",5,L,DAVID STAPLES,277,5,180,90,2
Floyd,TOWN ROME,"Public Service Commission, District 5",5,L,DAVID STAPLES,354,18,174,161,1
Floyd,,U.S. Representative,14,R,TOM GRAVES (I),21240,971,10907,9286,76
Floyd,ALTO PARK,U.S. Representative,14,R,TOM GRAVES (I),1386,106,518,756,6
Floyd,ARMUCHEE,U.S. Representative,14,R,TOM GRAVES (I),511,14,318,179,0
Floyd,BARKERS,U.S. Representative,14,R,TOM GRAVES (I),967,28,495,427,17
Floyd,CAVE SPRING,U.S. Representative,14,R,TOM GRAVES (I),611,27,489,95,0
Floyd,CHULIO,U.S. Representative,14,R,TOM GRAVES (I),487,10,302,171,4
Floyd,ETOWAH,U.S. Representative,14,R,TOM GRAVES (I),2055,92,787,1170,6
Floyd,EVERETT SPRINGS,U.S. Representative,14,R,TOM GRAVES (I),187,3,157,26,1
Floyd,FLOYD SPRINGS,U.S. Representative,14,R,TOM GRAVES (I),832,24,546,261,1
Floyd,FOSTERS MILL,U.S. Representative,14,R,TOM GRAVES (I),398,16,284,98,0
Floyd,GARDEN LAKES,U.S. Representative,14,R,TOM GRAVES (I),802,36,408,358,0
Floyd,GLENWOOD,U.S. Representative,14,R,TOM GRAVES (I),1250,43,723,469,15
Floyd,HOWELL,U.S. Representative,14,R,TOM GRAVES (I),637,21,429,185,2
Floyd,EAST LINDALE,U.S. Representative,14,R,TOM GRAVES (I),1408,59,678,669,2
Floyd,MT ALTO NORTH,U.S. Representative,14,R,TOM GRAVES (I),1249,73,552,622,2
Floyd,MT ALTO SOUTH,U.S. Representative,14,R,TOM GRAVES (I),1272,56,604,609,3
Floyd,NORTH CAROLINA,U.S. Representative,14,R,TOM GRAVES (I),665,36,416,212,1
Floyd,RIVERSIDE,U.S. Representative,14,R,TOM GRAVES (I),280,11,171,98,0
Floyd,EAST ROME,U.S. Representative,14,R,TOM GRAVES (I),1209,87,488,633,1
Floyd,NORTH ROME,U.S. Representative,14,R,TOM GRAVES (I),904,54,290,558,2
Floyd,SOUTH ROME,U.S. Representative,14,R,TOM GRAVES (I),148,9,75,64,0
Floyd,TEXAS VALLEY,U.S. Representative,14,R,TOM GRAVES (I),406,11,281,106,8
Floyd,VANNS VALLEY,U.S. Representative,14,R,TOM GRAVES (I),262,8,176,78,0
Floyd,WATTERS,U.S. Representative,14,R,TOM GRAVES (I),1394,57,785,551,1
Floyd,WEST LINDALE,U.S. Representative,14,R,TOM GRAVES (I),1053,40,633,378,2
Floyd,TOWN ROME,U.S. Representative,14,R,TOM GRAVES (I),867,50,302,513,2
Floyd,,U.S. Representative,14,D,DANIEL GRANT,9650,522,4874,4204,50
Floyd,ALTO PARK,U.S. Representative,14,D,DANIEL GRANT,417,27,197,188,5
Floyd,ARMUCHEE,U.S. Representative,14,D,DANIEL GRANT,124,3,79,42,0
Floyd,BARKERS,U.S. Representative,14,D,DANIEL GRANT,245,12,131,96,6
Floyd,CAVE SPRING,U.S. Representative,14,D,DANIEL GRANT,259,5,203,48,3
Floyd,CHULIO,U.S. Representative,14,D,DANIEL GRANT,149,1,92,56,0
Floyd,ETOWAH,U.S. Representative,14,D,DANIEL GRANT,712,58,287,365,2
Floyd,EVERETT SPRINGS,U.S. Representative,14,D,DANIEL GRANT,47,5,35,7,0
Floyd,FLOYD SPRINGS,U.S. Representative,14,D,DANIEL GRANT,167,6,114,46,1
Floyd,FOSTERS MILL,U.S. Representative,14,D,DANIEL GRANT,128,10,83,35,0
Floyd,GARDEN LAKES,U.S. Representative,14,D,DANIEL GRANT,356,17,211,125,3
Floyd,GLENWOOD,U.S. Representative,14,D,DANIEL GRANT,392,29,209,150,4
Floyd,HOWELL,U.S. Representative,14,D,DANIEL GRANT,136,3,84,49,0
Floyd,EAST LINDALE,U.S. Representative,14,D,DANIEL GRANT,491,22,240,229,0
Floyd,MT ALTO NORTH,U.S. Representative,14,D,DANIEL GRANT,959,63,439,453,4
Floyd,MT ALTO SOUTH,U.S. Representative,14,D,DANIEL GRANT,822,39,423,353,7
Floyd,NORTH CAROLINA,U.S. Representative,14,D,DANIEL GRANT,257,6,168,82,1
Floyd,RIVERSIDE,U.S. Representative,14,D,DANIEL GRANT,115,3,68,44,0
Floyd,EAST ROME,U.S. Representative,14,D,DANIEL GRANT,971,64,423,483,1
Floyd,NORTH ROME,U.S. Representative,14,D,DANIEL GRANT,907,48,323,535,1
Floyd,SOUTH ROME,U.S. Representative,14,D,DANIEL GRANT,552,35,290,226,1
Floyd,TEXAS VALLEY,U.S. Representative,14,D,DANIEL GRANT,71,3,48,17,3
Floyd,VANNS VALLEY,U.S. Representative,14,D,DANIEL GRANT,87,4,59,23,1
Floyd,WATTERS,U.S. Representative,14,D,DANIEL GRANT,357,13,219,121,4
Floyd,WEST LINDALE,U.S. Representative,14,D,DANIEL GRANT,345,12,215,116,2
Floyd,TOWN ROME,U.S. Representative,14,D,DANIEL GRANT,584,34,234,315,1
Floyd,,State Senator,52,R,CHUCK HUFSTETLER,26228,1160,13731,11229,108
Floyd,ALTO PARK,State Senator,52,R,CHUCK HUFSTETLER,1579,115,622,832,10
Floyd,ARMUCHEE,State Senator,52,R,CHUCK HUFSTETLER,563,12,368,183,0
Floyd,BARKERS,State Senator,52,R,CHUCK HUFSTETLER,1104,37,566,477,24
Floyd,CAVE SPRING,State Senator,52,R,CHUCK HUFSTETLER,751,29,599,120,3
Floyd,CHULIO,State Senator,52,R,CHUCK HUFSTETLER,560,10,348,199,3
Floyd,ETOWAH,State Senator,52,R,CHUCK HUFSTETLER,2456,105,985,1358,8
Floyd,EVERETT SPRINGS,State Senator,52,R,CHUCK HUFSTETLER,214,4,177,32,1
Floyd,FLOYD SPRINGS,State Senator,52,R,CHUCK HUFSTETLER,927,24,628,274,1
Floyd,FOSTERS MILL,State Senator,52,R,CHUCK HUFSTETLER,489,26,339,124,0
Floyd,GARDEN LAKES,State Senator,52,R,CHUCK HUFSTETLER,1006,45,539,422,0
Floyd,GLENWOOD,State Senator,52,R,CHUCK HUFSTETLER,1466,54,847,548,17
Floyd,HOWELL,State Senator,52,R,CHUCK HUFSTETLER,710,22,474,212,2
Floyd,EAST LINDALE,State Senator,52,R,CHUCK HUFSTETLER,1670,65,820,783,2
Floyd,MT ALTO NORTH,State Senator,52,R,CHUCK HUFSTETLER,1770,101,811,853,5
Floyd,MT ALTO SOUTH,State Senator,52,R,CHUCK HUFSTETLER,1687,68,834,777,8
Floyd,NORTH CAROLINA,State Senator,52,R,CHUCK HUFSTETLER,814,36,523,254,1
Floyd,RIVERSIDE,State Senator,52,R,CHUCK HUFSTETLER,354,14,217,123,0
Floyd,EAST ROME,State Senator,52,R,CHUCK HUFSTETLER,1646,110,712,823,1
Floyd,NORTH ROME,State Senator,52,R,CHUCK HUFSTETLER,1306,74,471,759,2
Floyd,SOUTH ROME,State Senator,52,R,CHUCK HUFSTETLER,372,18,192,162,0
Floyd,TEXAS VALLEY,State Senator,52,R,CHUCK HUFSTETLER,435,11,309,105,10
Floyd,VANNS VALLEY,State Senator,52,R,CHUCK HUFSTETLER,315,12,218,85,0
Floyd,WATTERS,State Senator,52,R,CHUCK HUFSTETLER,1619,64,939,613,3
Floyd,WEST LINDALE,State Senator,52,R,CHUCK HUFSTETLER,1269,46,768,451,4
Floyd,TOWN ROME,State Senator,52,R,CHUCK HUFSTETLER,1146,58,425,660,3
Floyd,,State Representative,12,R,EDDIE LUMSDEN,5524,223,3340,1949,12
Floyd,ARMUCHEE,State Representative,12,R,EDDIE LUMSDEN,386,8,248,130,0
Floyd,CAVE SPRING,State Representative,12,R,EDDIE LUMSDEN,514,23,408,83,0
Floyd,EVERETT SPRINGS,State Representative,12,R,EDDIE LUMSDEN,157,3,124,29,1
Floyd,FLOYD SPRINGS,State Representative,12,R,EDDIE LUMSDEN,630,17,413,199,1
Floyd,FOSTERS MILL,State Representative,12,R,EDDIE LUMSDEN,320,14,224,82,0
Floyd,GARDEN LAKES,State Representative,12,R,EDDIE LUMSDEN,653,24,330,299,0
Floyd,MT ALTO NORTH,State Representative,12,R,EDDIE LUMSDEN,675,37,312,325,1
Floyd,NORTH CAROLINA,State Representative,12,R,EDDIE LUMSDEN,570,35,351,183,1
Floyd,TEXAS VALLEY,State Representative,12,R,EDDIE LUMSDEN,318,9,220,81,8
Floyd,WATTERS,State Representative,12,R,EDDIE LUMSDEN,1229,47,694,488,0
Floyd,TOWN ROME,State Representative,12,R,EDDIE LUMSDEN,72,6,16,50,0
Floyd,,State Representative,12,D,BARBARA M REECE (I),3812,163,2342,1290,17
Floyd,ARMUCHEE,State Representative,12,D,BARBARA M REECE (I),272,8,168,96,0
Floyd,CAVE SPRING,State Representative,12,D,BARBARA M REECE (I),387,11,313,60,3
Floyd,EVERETT SPRINGS,State Representative,12,D,BARBARA M REECE (I),84,5,73,6,0
Floyd,FLOYD SPRINGS,State Representative,12,D,BARBARA M REECE (I),411,14,273,123,1
Floyd,FOSTERS MILL,State Representative,12,D,BARBARA M REECE (I),226,15,151,60,0
Floyd,GARDEN LAKES,State Representative,12,D,BARBARA M REECE (I),532,31,303,196,2
Floyd,MT ALTO NORTH,State Representative,12,D,BARBARA M REECE (I),723,40,325,357,1
Floyd,NORTH CAROLINA,State Representative,12,D,BARBARA M REECE (I),394,8,266,119,1
Floyd,TEXAS VALLEY,State Representative,12,D,BARBARA M REECE (I),178,5,125,44,4
Floyd,WATTERS,State Representative,12,D,BARBARA M REECE (I),578,24,342,207,5
Floyd,TOWN ROME,State Representative,12,D,BARBARA M REECE (I),27,2,3,22,0
Floyd,,State Representative,13,R,KATIE M DEMPSEY (I),13232,673,6386,6125,48
Floyd,ALTO PARK,State Representative,13,R,KATIE M DEMPSEY (I),1580,115,620,835,10
Floyd,GLENWOOD,State Representative,13,R,KATIE M DEMPSEY (I),1469,56,852,544,17
Floyd,EAST LINDALE,State Representative,13,R,KATIE M DEMPSEY (I),1665,63,820,780,2
Floyd,MT ALTO NORTH,State Representative,13,R,KATIE M DEMPSEY (I),630,43,288,296,3
Floyd,MT ALTO SOUTH,State Representative,13,R,KATIE M DEMPSEY (I),1672,71,830,763,8
Floyd,RIVERSIDE,State Representative,13,R,KATIE M DEMPSEY (I),366,15,225,126,0
Floyd,EAST ROME,State Representative,13,R,KATIE M DEMPSEY (I),1666,113,730,822,1
Floyd,NORTH ROME,State Representative,13,R,KATIE M DEMPSEY (I),1157,69,408,680,0
Floyd,SOUTH ROME,State Representative,13,R,KATIE M DEMPSEY (I),389,19,206,164,0
Floyd,VANNS VALLEY,State Representative,13,R,KATIE M DEMPSEY (I),318,12,220,86,0
Floyd,WEST LINDALE,State Representative,13,R,KATIE M DEMPSEY (I),1254,45,772,433,4
Floyd,TOWN ROME,State Representative,13,R,KATIE M DEMPSEY (I),1066,52,415,596,3
Floyd,,State Representative,14,R,C. COOMER (I),4806,168,2349,2250,39
Floyd,BARKERS,State Representative,14,R,C. COOMER (I),1073,35,551,465,22
Floyd,CHULIO,State Representative,14,R,C. COOMER (I),548,10,345,189,4
Floyd,ETOWAH,State Representative,14,R,C. COOMER (I),2376,102,945,1321,8
Floyd,HOWELL,State Representative,14,R,C. COOMER (I),679,19,457,201,2
Floyd,NORTH ROME,State Representative,14,R,C. COOMER (I),130,2,51,74,3
Floyd,,District Attorney, Rome Circuit,D,LEIGH PATTERSON (I),26365,1213,13496,11551,105
Floyd,ALTO PARK,District Attorney, Rome Circuit,D,LEIGH PATTERSON (I),1458,112,569,767,10
Floyd,ARMUCHEE,District Attorney, Rome Circuit,D,LEIGH PATTERSON (I),524,10,330,184,0
Floyd,BARKERS,District Attorney, Rome Circuit,D,LEIGH PATTERSON (I),1011,39,521,433,18
Floyd,CAVE SPRING,District Attorney, Rome Circuit,D,LEIGH PATTERSON (I),744,21,601,119,3
Floyd,CHULIO,District Attorney, Rome Circuit,D,LEIGH PATTERSON (I),538,9,329,196,4
Floyd,ETOWAH,District Attorney, Rome Circuit,D,LEIGH PATTERSON (I),2354,116,932,1298,8
Floyd,EVERETT SPRINGS,District Attorney, Rome Circuit,D,LEIGH PATTERSON (I),184,6,151,26,1
Floyd,FLOYD SPRINGS,District Attorney, Rome Circuit,D,LEIGH PATTERSON (I),845,25,561,257,2
Floyd,FOSTERS MILL,District Attorney, Rome Circuit,D,LEIGH PATTERSON (I),447,23,312,112,0
Floyd,GARDEN LAKES,District Attorney, Rome Circuit,D,LEIGH PATTERSON (I),1002,50,542,408,2
Floyd,GLENWOOD,District Attorney, Rome Circuit,D,LEIGH PATTERSON (I),1386,56,785,532,13
Floyd,HOWELL,District Attorney, Rome Circuit,D,LEIGH PATTERSON (I),621,15,412,193,1
Floyd,EAST LINDALE,District Attorney, Rome Circuit,D,LEIGH PATTERSON (I),1611,60,798,751,2
Floyd,MT ALTO NORTH,District Attorney, Rome Circuit,D,LEIGH PATTERSON (I),1977,115,880,976,6
Floyd,MT ALTO SOUTH,District Attorney, Rome Circuit,D,LEIGH PATTERSON (I),1816,77,885,844,10
Floyd,NORTH CAROLINA,District Attorney, Rome Circuit,D,LEIGH PATTERSON (I),808,32,511,263,2
Floyd,RIVERSIDE,District Attorney, Rome Circuit,D,LEIGH PATTERSON (I),361,14,218,129,0
Floyd,EAST ROME,District Attorney, Rome Circuit,D,LEIGH PATTERSON (I),1865,120,783,960,2
Floyd,NORTH ROME,District Attorney, Rome Circuit,D,LEIGH PATTERSON (I),1595,85,540,968,2
Floyd,SOUTH ROME,District Attorney, Rome Circuit,D,LEIGH PATTERSON (I),637,42,324,270,1
Floyd,TEXAS VALLEY,District Attorney, Rome Circuit,D,LEIGH PATTERSON (I),400,11,279,103,7
Floyd,VANNS VALLEY,District Attorney, Rome Circuit,D,LEIGH PATTERSON (I),299,12,197,89,1
Floyd,WATTERS,District Attorney, Rome Circuit,D,LEIGH PATTERSON (I),1452,54,833,561,4
Floyd,WEST LINDALE,District Attorney, Rome Circuit,D,LEIGH PATTERSON (I),1210,44,739,423,4
Floyd,TOWN ROME,District Attorney, Rome Circuit,D,LEIGH PATTERSON (I),1220,65,464,689,2
Floyd,,CLERK SUPERIOR CT,,R,MARK MCALLISTER,15553,719,8020,6745,69
Floyd,ALTO PARK,CLERK SUPERIOR CT,,R,MARK MCALLISTER,984,67,378,534,5
Floyd,ARMUCHEE,CLERK SUPERIOR CT,,R,MARK MCALLISTER,393,9,241,143,0
Floyd,BARKERS,CLERK SUPERIOR CT,,R,MARK MCALLISTER,737,27,372,322,16
Floyd,CAVE SPRING,CLERK SUPERIOR CT,,R,MARK MCALLISTER,441,19,352,69,1
Floyd,CHULIO,CLERK SUPERIOR CT,,R,MARK MCALLISTER,350,7,213,127,3
Floyd,ETOWAH,CLERK SUPERIOR CT,,R,MARK MCALLISTER,1497,64,590,840,3
Floyd,EVERETT SPRINGS,CLERK SUPERIOR CT,,R,MARK MCALLISTER,143,3,112,27,1
Floyd,FLOYD SPRINGS,CLERK SUPERIOR CT,,R,MARK MCALLISTER,659,20,436,202,1
Floyd,FOSTERS MILL,CLERK SUPERIOR CT,,R,MARK MCALLISTER,308,17,208,83,0
Floyd,GARDEN LAKES,CLERK SUPERIOR CT,,R,MARK MCALLISTER,532,26,267,239,0
Floyd,GLENWOOD,CLERK SUPERIOR CT,,R,MARK MCALLISTER,968,36,558,362,12
Floyd,HOWELL,CLERK SUPERIOR CT,,R,MARK MCALLISTER,501,20,327,152,2
Floyd,EAST LINDALE,CLERK SUPERIOR CT,,R,MARK MCALLISTER,1054,40,506,506,2
Floyd,MT ALTO NORTH,CLERK SUPERIOR CT,,R,MARK MCALLISTER,873,50,407,414,2
Floyd,MT ALTO SOUTH,CLERK SUPERIOR CT,,R,MARK MCALLISTER,879,40,421,416,2
Floyd,NORTH CAROLINA,CLERK SUPERIOR CT,,R,MARK MCALLISTER,484,28,298,156,2
Floyd,RIVERSIDE,CLERK SUPERIOR CT,,R,MARK MCALLISTER,219,9,132,78,0
Floyd,EAST ROME,CLERK SUPERIOR CT,,R,MARK MCALLISTER,907,72,357,477,1
Floyd,NORTH ROME,CLERK SUPERIOR CT,,R,MARK MCALLISTER,595,42,187,363,3
Floyd,SOUTH ROME,CLERK SUPERIOR CT,,R,MARK MCALLISTER,97,6,51,40,0
Floyd,TEXAS VALLEY,CLERK SUPERIOR CT,,R,MARK MCALLISTER,293,9,204,72,8
Floyd,VANNS VALLEY,CLERK SUPERIOR CT,,R,MARK MCALLISTER,199,7,135,57,0
Floyd,WATTERS,CLERK SUPERIOR CT,,R,MARK MCALLISTER,1083,40,619,423,1
Floyd,WEST LINDALE,CLERK SUPERIOR CT,,R,MARK MCALLISTER,731,23,428,278,2
Floyd,TOWN ROME,CLERK SUPERIOR CT,,R,MARK MCALLISTER,626,38,221,365,2
Floyd,,CLERK SUPERIOR CT,,D,BARBARA PENSON (I),15578,760,7931,6826,61
Floyd,ALTO PARK,CLERK SUPERIOR CT,,D,BARBARA PENSON (I),824,64,333,420,7
Floyd,ARMUCHEE,CLERK SUPERIOR CT,,D,BARBARA PENSON (I),246,8,159,79,0
Floyd,BARKERS,CLERK SUPERIOR CT,,D,BARBARA PENSON (I),482,13,262,200,7
Floyd,CAVE SPRING,CLERK SUPERIOR CT,,D,BARBARA PENSON (I),443,14,352,75,2
Floyd,CHULIO,CLERK SUPERIOR CT,,D,BARBARA PENSON (I),297,4,191,101,1
Floyd,ETOWAH,CLERK SUPERIOR CT,,D,BARBARA PENSON (I),1300,83,495,716,6
Floyd,EVERETT SPRINGS,CLERK SUPERIOR CT,,D,BARBARA PENSON (I),95,5,82,8,0
Floyd,FLOYD SPRINGS,CLERK SUPERIOR CT,,D,BARBARA PENSON (I),345,9,229,106,1
Floyd,FOSTERS MILL,CLERK SUPERIOR CT,,D,BARBARA PENSON (I),235,12,168,55,0
Floyd,GARDEN LAKES,CLERK SUPERIOR CT,,D,BARBARA PENSON (I),637,31,359,244,3
Floyd,GLENWOOD,CLERK SUPERIOR CT,,D,BARBARA PENSON (I),693,38,383,266,6
Floyd,HOWELL,CLERK SUPERIOR CT,,D,BARBARA PENSON (I),277,4,188,85,0
Floyd,EAST LINDALE,CLERK SUPERIOR CT,,D,BARBARA PENSON (I),871,40,430,401,0
Floyd,MT ALTO NORTH,CLERK SUPERIOR CT,,D,BARBARA PENSON (I),1346,88,588,666,4
Floyd,MT ALTO SOUTH,CLERK SUPERIOR CT,,D,BARBARA PENSON (I),1221,49,615,549,8
Floyd,NORTH CAROLINA,CLERK SUPERIOR CT,,D,BARBARA PENSON (I),460,14,306,140,0
Floyd,RIVERSIDE,CLERK SUPERIOR CT,,D,BARBARA PENSON (I),189,5,113,71,0
Floyd,EAST ROME,CLERK SUPERIOR CT,,D,BARBARA PENSON (I),1265,73,548,642,2
Floyd,NORTH ROME,CLERK SUPERIOR CT,,D,BARBARA PENSON (I),1206,60,418,728,0
Floyd,SOUTH ROME,CLERK SUPERIOR CT,,D,BARBARA PENSON (I),595,38,315,241,1
Floyd,TEXAS VALLEY,CLERK SUPERIOR CT,,D,BARBARA PENSON (I),192,6,133,49,4
Floyd,VANNS VALLEY,CLERK SUPERIOR CT,,D,BARBARA PENSON (I),159,5,108,45,1
Floyd,WATTERS,CLERK SUPERIOR CT,,D,BARBARA PENSON (I),708,31,408,265,4
Floyd,WEST LINDALE,CLERK SUPERIOR CT,,D,BARBARA PENSON (I),683,29,435,216,3
Floyd,TOWN ROME,CLERK SUPERIOR CT,,D,BARBARA PENSON (I),809,37,313,458,1
Floyd,,SHERIFF,,R,C. COOPER,10517,476,5618,4388,35
Floyd,ALTO PARK,SHERIFF,,R,C. COOPER,702,43,290,369,0
Floyd,ARMUCHEE,SHERIFF,,R,C. COOPER,261,6,163,92,0
Floyd,BARKERS,SHERIFF,,R,C. COOPER,412,18,205,181,8
Floyd,CAVE SPRING,SHERIFF,,R,C. COOPER,288,11,230,47,0
Floyd,CHULIO,SHERIFF,,R,C. COOPER,235,4,155,73,3
Floyd,ETOWAH,SHERIFF,,R,C. COOPER,1071,46,454,570,1
Floyd,EVERETT SPRINGS,SHERIFF,,R,C. COOPER,93,2,72,19,0
Floyd,FLOYD SPRINGS,SHERIFF,,R,C. COOPER,432,16,295,119,2
Floyd,FOSTERS MILL,SHERIFF,,R,C. COOPER,213,10,149,54,0
Floyd,GARDEN LAKES,SHERIFF,,R,C. COOPER,358,20,183,155,0
Floyd,GLENWOOD,SHERIFF,,R,C. COOPER,643,26,381,229,7
Floyd,HOWELL,SHERIFF,,R,C. COOPER,328,15,214,98,1
Floyd,EAST LINDALE,SHERIFF,,R,C. COOPER,641,20,321,299,1
Floyd,MT ALTO NORTH,SHERIFF,,R,C. COOPER,626,29,322,273,2
Floyd,MT ALTO SOUTH,SHERIFF,,R,C. COOPER,608,28,303,277,0
Floyd,NORTH CAROLINA,SHERIFF,,R,C. COOPER,343,22,224,96,1
Floyd,RIVERSIDE,SHERIFF,,R,C. COOPER,133,6,82,45,0
Floyd,EAST ROME,SHERIFF,,R,C. COOPER,610,46,266,298,0
Floyd,NORTH ROME,SHERIFF,,R,C. COOPER,434,32,131,270,1
Floyd,SOUTH ROME,SHERIFF,,R,C. COOPER,91,6,47,38,0
Floyd,TEXAS VALLEY,SHERIFF,,R,C. COOPER,210,5,144,55,6
Floyd,VANNS VALLEY,SHERIFF,,R,C. COOPER,133,1,95,37,0
Floyd,WATTERS,SHERIFF,,R,C. COOPER,784,32,463,289,0
Floyd,WEST LINDALE,SHERIFF,,R,C. COOPER,449,12,285,151,1
Floyd,TOWN ROME,SHERIFF,,R,C. COOPER,419,20,144,254,1
Floyd,,SHERIFF,,D,T BURKHALTER (I),21108,1015,10594,9407,92
Floyd,ALTO PARK,SHERIFF,,D,T BURKHALTER (I),1128,89,429,598,12
Floyd,ARMUCHEE,SHERIFF,,D,T BURKHALTER (I),384,11,241,132,0
Floyd,BARKERS,SHERIFF,,D,T BURKHALTER (I),847,21,454,356,16
Floyd,CAVE SPRING,SHERIFF,,D,T BURKHALTER (I),614,23,491,97,3
Floyd,CHULIO,SHERIFF,,D,T BURKHALTER (I),425,6,256,162,1
Floyd,ETOWAH,SHERIFF,,D,T BURKHALTER (I),1762,103,653,998,8
Floyd,EVERETT SPRINGS,SHERIFF,,D,T BURKHALTER (I),144,5,123,15,1
Floyd,FLOYD SPRINGS,SHERIFF,,D,T BURKHALTER (I),599,14,391,194,0
Floyd,FOSTERS MILL,SHERIFF,,D,T BURKHALTER (I),340,19,234,87,0
Floyd,GARDEN LAKES,SHERIFF,,D,T BURKHALTER (I),833,37,454,339,3
Floyd,GLENWOOD,SHERIFF,,D,T BURKHALTER (I),1044,46,573,415,10
Floyd,HOWELL,SHERIFF,,D,T BURKHALTER (I),472,9,321,141,1
Floyd,EAST LINDALE,SHERIFF,,D,T BURKHALTER (I),1317,59,626,631,1
Floyd,MT ALTO NORTH,SHERIFF,,D,T BURKHALTER (I),1630,109,689,828,4
Floyd,MT ALTO SOUTH,SHERIFF,,D,T BURKHALTER (I),1521,64,739,710,8
Floyd,NORTH CAROLINA,SHERIFF,,D,T BURKHALTER (I),620,21,390,208,1
Floyd,RIVERSIDE,SHERIFF,,D,T BURKHALTER (I),280,8,168,104,0
Floyd,EAST ROME,SHERIFF,,D,T BURKHALTER (I),1598,105,657,833,3
Floyd,NORTH ROME,SHERIFF,,D,T BURKHALTER (I),1391,69,479,841,2
Floyd,SOUTH ROME,SHERIFF,,D,T BURKHALTER (I),600,39,314,246,1
Floyd,TEXAS VALLEY,SHERIFF,,D,T BURKHALTER (I),284,10,197,71,6
Floyd,VANNS VALLEY,SHERIFF,,D,T BURKHALTER (I),225,11,150,63,1
Floyd,WATTERS,SHERIFF,,D,T BURKHALTER (I),1026,38,576,407,5
Floyd,WEST LINDALE,SHERIFF,,D,T BURKHALTER (I),997,43,596,355,3
Floyd,TOWN ROME,SHERIFF,,D,T BURKHALTER (I),1027,56,393,576,2
Floyd,,TAX COMMISSIONER,,R,KEVIN PAYNE (I),26557,1167,13890,11390,110
Floyd,ALTO PARK,TAX COMMISSIONER,,R,KEVIN PAYNE (I),1601,114,635,841,11
Floyd,ARMUCHEE,TAX COMMISSIONER,,R,KEVIN PAYNE (I),576,11,373,192,0
Floyd,BARKERS,TAX COMMISSIONER,,R,KEVIN PAYNE (I),1119,38,575,483,23
Floyd,CAVE SPRING,TAX COMMISSIONER,,R,KEVIN PAYNE (I),778,31,625,119,3
Floyd,CHULIO,TAX COMMISSIONER,,R,KEVIN PAYNE (I),566,10,352,199,5
Floyd,ETOWAH,TAX COMMISSIONER,,R,KEVIN PAYNE (I),2441,105,975,1353,8
Floyd,EVERETT SPRINGS,TAX COMMISSIONER,,R,KEVIN PAYNE (I),212,4,176,31,1
Floyd,FLOYD SPRINGS,TAX COMMISSIONER,,R,KEVIN PAYNE (I),933,22,618,292,1
Floyd,FOSTERS MILL,TAX COMMISSIONER,,R,KEVIN PAYNE (I),497,26,348,123,0
Floyd,GARDEN LAKES,TAX COMMISSIONER,,R,KEVIN PAYNE (I),1021,43,550,428,0
Floyd,GLENWOOD,TAX COMMISSIONER,,R,KEVIN PAYNE (I),1466,56,855,539,16
Floyd,HOWELL,TAX COMMISSIONER,,R,KEVIN PAYNE (I),709,21,474,212,2
Floyd,EAST LINDALE,TAX COMMISSIONER,,R,KEVIN PAYNE (I),1683,64,821,796,2
Floyd,MT ALTO NORTH,TAX COMMISSIONER,,R,KEVIN PAYNE (I),1785,104,817,858,6
Floyd,MT ALTO SOUTH,TAX COMMISSIONER,,R,KEVIN PAYNE (I),1710,69,849,784,8
Floyd,NORTH CAROLINA,TAX COMMISSIONER,,R,KEVIN PAYNE (I),829,37,534,256,2
Floyd,RIVERSIDE,TAX COMMISSIONER,,R,KEVIN PAYNE (I),365,15,223,127,0
Floyd,EAST ROME,TAX COMMISSIONER,,R,KEVIN PAYNE (I),1720,115,734,870,1
Floyd,NORTH ROME,TAX COMMISSIONER,,R,KEVIN PAYNE (I),1329,77,466,784,2
Floyd,SOUTH ROME,TAX COMMISSIONER,,R,KEVIN PAYNE (I),386,18,205,163,0
Floyd,TEXAS VALLEY,TAX COMMISSIONER,,R,KEVIN PAYNE (I),437,13,309,105,10
Floyd,VANNS VALLEY,TAX COMMISSIONER,,R,KEVIN PAYNE (I),325,12,227,86,0
Floyd,WATTERS,TAX COMMISSIONER,,R,KEVIN PAYNE (I),1633,61,942,627,3
Floyd,WEST LINDALE,TAX COMMISSIONER,,R,KEVIN PAYNE (I),1267,42,777,444,4
Floyd,TOWN ROME,TAX COMMISSIONER,,R,KEVIN PAYNE (I),1169,59,430,678,2
Floyd,,CORONER,,D,BARRY HENDERSON (I),27037,1249,13909,11772,107
Floyd,ALTO PARK,CORONER,,D,BARRY HENDERSON (I),1494,113,583,787,11
Floyd,ARMUCHEE,CORONER,,D,BARRY HENDERSON (I),528,12,332,184,0
Floyd,BARKERS,CORONER,,D,BARRY HENDERSON (I),1121,37,588,478,18
Floyd,CAVE SPRING,CORONER,,D,BARRY HENDERSON (I),766,28,610,125,3
Floyd,CHULIO,CORONER,,D,BARRY HENDERSON (I),583,10,360,209,4
Floyd,ETOWAH,CORONER,,D,BARRY HENDERSON (I),2396,117,943,1329,7
Floyd,EVERETT SPRINGS,CORONER,,D,BARRY HENDERSON (I),193,7,161,24,1
Floyd,FLOYD SPRINGS,CORONER,,D,BARRY HENDERSON (I),857,27,565,263,2
Floyd,FOSTERS MILL,CORONER,,D,BARRY HENDERSON (I),469,21,321,127,0
Floyd,GARDEN LAKES,CORONER,,D,BARRY HENDERSON (I),1030,49,568,411,2
Floyd,GLENWOOD,CORONER,,D,BARRY HENDERSON (I),1382,56,790,519,17
Floyd,HOWELL,CORONER,,D,BARRY HENDERSON (I),683,18,458,206,1
Floyd,EAST LINDALE,CORONER,,D,BARRY HENDERSON (I),1710,66,834,808,2
Floyd,MT ALTO NORTH,CORONER,,D,BARRY HENDERSON (I),1982,110,889,977,6
Floyd,MT ALTO SOUTH,CORONER,,D,BARRY HENDERSON (I),1799,79,888,822,10
Floyd,NORTH CAROLINA,CORONER,,D,BARRY HENDERSON (I),816,34,509,272,1
Floyd,RIVERSIDE,CORONER,,D,BARRY HENDERSON (I),357,14,212,131,0
Floyd,EAST ROME,CORONER,,D,BARRY HENDERSON (I),1916,122,818,974,2
Floyd,NORTH ROME,CORONER,,D,BARRY HENDERSON (I),1603,90,552,960,1
Floyd,SOUTH ROME,CORONER,,D,BARRY HENDERSON (I),644,41,327,275,1
Floyd,TEXAS VALLEY,CORONER,,D,BARRY HENDERSON (I),391,12,273,98,8
Floyd,VANNS VALLEY,CORONER,,D,BARRY HENDERSON (I),315,12,211,91,1
Floyd,WATTERS,CORONER,,D,BARRY HENDERSON (I),1484,58,859,564,3
Floyd,WEST LINDALE,CORONER,,D,BARRY HENDERSON (I),1313,49,800,460,4
Floyd,TOWN ROME,CORONER,,D,BARRY HENDERSON (I),1205,67,458,678,2
Floyd,,CC P2,,R,GARRY E. FRICKS (I),20209,929,10581,8623,76
Floyd,ALTO PARK,CC P2,,R,GARRY E. FRICKS (I),1291,94,483,707,7
Floyd,ARMUCHEE,CC P2,,R,GARRY E. FRICKS (I),479,10,313,156,0
Floyd,BARKERS,CC P2,,R,GARRY E. FRICKS (I),925,30,482,401,12
Floyd,CAVE SPRING,CC P2,,R,GARRY E. FRICKS (I),584,25,473,86,0
Floyd,CHULIO,CC P2,,R,GARRY E. FRICKS (I),466,10,290,162,4
Floyd,ETOWAH,CC P2,,R,GARRY E. FRICKS (I),1959,92,775,1085,7
Floyd,EVERETT SPRINGS,CC P2,,R,GARRY E. FRICKS (I),190,3,156,30,1
Floyd,FLOYD SPRINGS,CC P2,,R,GARRY E. FRICKS (I),784,22,525,236,1
Floyd,FOSTERS MILL,CC P2,,R,GARRY E. FRICKS (I),375,21,268,86,0
Floyd,GARDEN LAKES,CC P2,,R,GARRY E. FRICKS (I),768,33,403,332,0
Floyd,GLENWOOD,CC P2,,R,GARRY E. FRICKS (I),1197,44,695,444,14
Floyd,HOWELL,CC P2,,R,GARRY E. FRICKS (I),598,18,398,180,2
Floyd,EAST LINDALE,CC P2,,R,GARRY E. FRICKS (I),1320,53,647,618,2
Floyd,MT ALTO NORTH,CC P2,,R,GARRY E. FRICKS (I),1227,78,550,597,2
Floyd,MT ALTO SOUTH,CC P2,,R,GARRY E. FRICKS (I),1215,51,588,572,4
Floyd,NORTH CAROLINA,CC P2,,R,GARRY E. FRICKS (I),635,32,407,195,1
Floyd,RIVERSIDE,CC P2,,R,GARRY E. FRICKS (I),281,13,168,100,0
Floyd,EAST ROME,CC P2,,R,GARRY E. FRICKS (I),1147,78,500,567,2
Floyd,NORTH ROME,CC P2,,R,GARRY E. FRICKS (I),858,54,280,522,2
Floyd,SOUTH ROME,CC P2,,R,GARRY E. FRICKS (I),157,12,81,64,0
Floyd,TEXAS VALLEY,CC P2,,R,GARRY E. FRICKS (I),363,10,257,88,8
Floyd,VANNS VALLEY,CC P2,,R,GARRY E. FRICKS (I),254,9,173,72,0
Floyd,WATTERS,CC P2,,R,GARRY E. FRICKS (I),1318,50,757,508,3
Floyd,WEST LINDALE,CC P2,,R,GARRY E. FRICKS (I),1006,38,621,345,2
Floyd,TOWN ROME,CC P2,,R,GARRY E. FRICKS (I),812,49,291,470,2
Floyd,,CC P2,,D,GARY D. HARRELL,10706,539,5256,4860,51
Floyd,ALTO PARK,CC P2,,D,GARY D. HARRELL,505,34,228,239,4
Floyd,ARMUCHEE,CC P2,,D,GARY D. HARRELL,149,6,84,59,0
Floyd,BARKERS,CC P2,,D,GARY D. HARRELL,296,10,154,122,10
Floyd,CAVE SPRING,CC P2,,D,GARY D. HARRELL,291,9,222,57,3
Floyd,CHULIO,CC P2,,D,GARY D. HARRELL,171,1,106,63,1
Floyd,ETOWAH,CC P2,,D,GARY D. HARRELL,820,56,308,454,2
Floyd,EVERETT SPRINGS,CC P2,,D,GARY D. HARRELL,49,5,39,5,0
Floyd,FLOYD SPRINGS,CC P2,,D,GARY D. HARRELL,228,8,140,79,1
Floyd,FOSTERS MILL,CC P2,,D,GARY D. HARRELL,157,6,99,52,0
Floyd,GARDEN LAKES,CC P2,,D,GARY D. HARRELL,395,22,221,150,2
Floyd,GLENWOOD,CC P2,,D,GARY D. HARRELL,440,27,237,172,4
Floyd,HOWELL,CC P2,,D,GARY D. HARRELL,167,5,107,55,0
Floyd,EAST LINDALE,CC P2,,D,GARY D. HARRELL,578,25,272,281,0
Floyd,MT ALTO NORTH,CC P2,,D,GARY D. HARRELL,992,59,446,482,5
Floyd,MT ALTO SOUTH,CC P2,,D,GARY D. HARRELL,875,41,442,386,6
Floyd,NORTH CAROLINA,CC P2,,D,GARY D. HARRELL,296,10,186,99,1
Floyd,RIVERSIDE,CC P2,,D,GARY D. HARRELL,120,2,75,43,0
Floyd,EAST ROME,CC P2,,D,GARY D. HARRELL,1029,63,422,543,1
Floyd,NORTH ROME,CC P2,,D,GARY D. HARRELL,938,47,320,570,1
Floyd,SOUTH ROME,CC P2,,D,GARY D. HARRELL,535,34,279,221,1
Floyd,TEXAS VALLEY,CC P2,,D,GARY D. HARRELL,116,4,77,32,3
Floyd,VANNS VALLEY,CC P2,,D,GARY D. HARRELL,101,3,66,31,1
Floyd,WATTERS,CC P2,,D,GARY D. HARRELL,447,20,253,172,2
Floyd,WEST LINDALE,CC P2,,D,GARY D. HARRELL,399,15,238,144,2
Floyd,TOWN ROME,CC P2,,D,GARY D. HARRELL,612,27,235,349,1
Floyd,,CC P3,,R,IRWIN BAGWELL (I),20429,940,10534,8880,75
Floyd,ALTO PARK,CC P3,,R,IRWIN BAGWELL (I),1338,100,492,739,7
Floyd,ARMUCHEE,CC P3,,R,IRWIN BAGWELL (I),489,13,313,163,0
Floyd,BARKERS,CC P3,,R,IRWIN BAGWELL (I),934,31,475,414,14
Floyd,CAVE SPRING,CC P3,,R,IRWIN BAGWELL (I),594,27,476,90,1
Floyd,CHULIO,CC P3,,R,IRWIN BAGWELL (I),474,10,295,166,3
Floyd,ETOWAH,CC P3,,R,IRWIN BAGWELL (I),1960,93,751,1110,6
Floyd,EVERETT SPRINGS,CC P3,,R,IRWIN BAGWELL (I),182,2,152,27,1
Floyd,FLOYD SPRINGS,CC P3,,R,IRWIN BAGWELL (I),790,23,526,240,1
Floyd,FOSTERS MILL,CC P3,,R,IRWIN BAGWELL (I),388,19,271,98,0
Floyd,GARDEN LAKES,CC P3,,R,IRWIN BAGWELL (I),754,28,391,335,0
Floyd,GLENWOOD,CC P3,,R,IRWIN BAGWELL (I),1205,44,694,453,14
Floyd,HOWELL,CC P3,,R,IRWIN BAGWELL (I),601,18,408,173,2
Floyd,EAST LINDALE,CC P3,,R,IRWIN BAGWELL (I),1373,54,666,651,2
Floyd,MT ALTO NORTH,CC P3,,R,IRWIN BAGWELL (I),1217,77,533,606,1
Floyd,MT ALTO SOUTH,CC P3,,R,IRWIN BAGWELL (I),1231,57,592,579,3
Floyd,NORTH CAROLINA,CC P3,,R,IRWIN BAGWELL (I),631,33,398,199,1
Floyd,RIVERSIDE,CC P3,,R,IRWIN BAGWELL (I),267,8,158,101,0
Floyd,EAST ROME,CC P3,,R,IRWIN BAGWELL (I),1190,83,496,609,2
Floyd,NORTH ROME,CC P3,,R,IRWIN BAGWELL (I),858,47,266,544,1
Floyd,SOUTH ROME,CC P3,,R,IRWIN BAGWELL (I),141,11,69,61,0
Floyd,TEXAS VALLEY,CC P3,,R,IRWIN BAGWELL (I),392,12,274,97,9
Floyd,VANNS VALLEY,CC P3,,R,IRWIN BAGWELL (I),261,10,180,71,0
Floyd,WATTERS,CC P3,,R,IRWIN BAGWELL (I),1334,55,753,523,3
Floyd,WEST LINDALE,CC P3,,R,IRWIN BAGWELL (I),999,37,606,354,2
Floyd,TOWN ROME,CC P3,,R,IRWIN BAGWELL (I),826,48,299,477,2
Floyd,,CC P3,,D,RICHARD GARRETT,10375,525,5220,4580,50
Floyd,ALTO PARK,CC P3,,D,RICHARD GARRETT,444,27,209,204,4
Floyd,ARMUCHEE,CC P3,,D,RICHARD GARRETT,137,4,81,52,0
Floyd,BARKERS,CC P3,,D,RICHARD GARRETT,283,8,155,112,8
Floyd,CAVE SPRING,CC P3,,D,RICHARD GARRETT,290,7,229,52,2
Floyd,CHULIO,CC P3,,D,RICHARD GARRETT,161,1,97,62,1
Floyd,ETOWAH,CC P3,,D,RICHARD GARRETT,797,51,328,416,2
Floyd,EVERETT SPRINGS,CC P3,,D,RICHARD GARRETT,49,6,38,5,0
Floyd,FLOYD SPRINGS,CC P3,,D,RICHARD GARRETT,210,6,132,71,1
Floyd,FOSTERS MILL,CC P3,,D,RICHARD GARRETT,145,10,98,37,0
Floyd,GARDEN LAKES,CC P3,,D,RICHARD GARRETT,401,25,231,143,2
Floyd,GLENWOOD,CC P3,,D,RICHARD GARRETT,427,29,231,163,4
Floyd,HOWELL,CC P3,,D,RICHARD GARRETT,166,5,102,59,0
Floyd,EAST LINDALE,CC P3,,D,RICHARD GARRETT,530,24,255,251,0
Floyd,MT ALTO NORTH,CC P3,,D,RICHARD GARRETT,993,60,456,472,5
Floyd,MT ALTO SOUTH,CC P3,,D,RICHARD GARRETT,846,37,430,372,7
Floyd,NORTH CAROLINA,CC P3,,D,RICHARD GARRETT,294,10,189,94,1
Floyd,RIVERSIDE,CC P3,,D,RICHARD GARRETT,133,6,81,46,0
Floyd,EAST ROME,CC P3,,D,RICHARD GARRETT,987,62,407,517,1
Floyd,NORTH ROME,CC P3,,D,RICHARD GARRETT,940,50,335,553,2
Floyd,SOUTH ROME,CC P3,,D,RICHARD GARRETT,544,35,289,219,1
Floyd,TEXAS VALLEY,CC P3,,D,RICHARD GARRETT,90,2,61,24,3
Floyd,VANNS VALLEY,CC P3,,D,RICHARD GARRETT,96,2,61,32,1
Floyd,WATTERS,CC P3,,D,RICHARD GARRETT,427,15,251,159,2
Floyd,WEST LINDALE,CC P3,,D,RICHARD GARRETT,400,15,246,137,2
Floyd,TOWN ROME,CC P3,,D,RICHARD GARRETT,585,28,228,328,1
Floyd,,BOE D2,,R,DAVID COX (I),14508,604,7977,5866,61
Floyd,ALTO PARK,BOE D2,,R,DAVID COX (I),1301,100,478,716,7
Floyd,ARMUCHEE,BOE D2,,R,DAVID COX (I),466,10,295,161,0
Floyd,BARKERS,BOE D2,,R,DAVID COX (I),926,32,479,400,15
Floyd,CAVE SPRING,BOE D2,,R,DAVID COX (I),572,27,452,92,1
Floyd,CHULIO,BOE D2,,R,DAVID COX (I),447,10,274,158,5
Floyd,ETOWAH,BOE D2,,R,DAVID COX (I),1928,92,723,1108,5
Floyd,EVERETT SPRINGS,BOE D2,,R,DAVID COX (I),168,3,138,26,1
Floyd,FLOYD SPRINGS,BOE D2,,R,DAVID COX (I),747,17,493,236,1
Floyd,FOSTERS MILL,BOE D2,,R,DAVID COX (I),386,19,271,96,0
Floyd,GARDEN LAKES,BOE D2,,R,DAVID COX (I),703,29,357,317,0
Floyd,GLENWOOD,BOE D2,,R,DAVID COX (I),1128,40,650,425,13
Floyd,HOWELL,BOE D2,,R,DAVID COX (I),585,19,389,176,1
Floyd,EAST LINDALE,BOE D2,,R,DAVID COX (I),1362,54,666,640,2
Floyd,NORTH CAROLINA,BOE D2,,R,DAVID COX (I),607,31,385,191,0
Floyd,RIVERSIDE,BOE D2,,R,DAVID COX (I),274,11,157,106,0
Floyd,TEXAS VALLEY,BOE D2,,R,DAVID COX (I),362,10,255,90,7
Floyd,VANNS VALLEY,BOE D2,,R,DAVID COX (I),246,8,168,70,0
Floyd,WATTERS,BOE D2,,R,DAVID COX (I),1317,56,743,517,1
Floyd,WEST LINDALE,BOE D2,,R,DAVID COX (I),983,36,604,341,2
Floyd,,BOE D2,,D,EVERETT BALLARD,6244,272,3567,2365,40
Floyd,ALTO PARK,BOE D2,,D,EVERETT BALLARD,499,28,235,232,4
Floyd,ARMUCHEE,BOE D2,,D,EVERETT BALLARD,179,6,113,60,0
Floyd,BARKERS,BOE D2,,D,EVERETT BALLARD,292,7,157,122,6
Floyd,CAVE SPRING,BOE D2,,D,EVERETT BALLARD,315,7,255,51,2
Floyd,CHULIO,BOE D2,,D,EVERETT BALLARD,205,1,129,75,0
Floyd,ETOWAH,BOE D2,,D,EVERETT BALLARD,872,53,366,449,4
Floyd,EVERETT SPRINGS,BOE D2,,D,EVERETT BALLARD,69,5,56,8,0
Floyd,FLOYD SPRINGS,BOE D2,,D,EVERETT BALLARD,283,13,187,82,1
Floyd,FOSTERS MILL,BOE D2,,D,EVERETT BALLARD,152,9,102,41,0
Floyd,GARDEN LAKES,BOE D2,,D,EVERETT BALLARD,467,25,271,169,2
Floyd,GLENWOOD,BOE D2,,D,EVERETT BALLARD,529,33,286,205,5
Floyd,HOWELL,BOE D2,,D,EVERETT BALLARD,193,4,128,60,1
Floyd,EAST LINDALE,BOE D2,,D,EVERETT BALLARD,563,26,266,271,0
Floyd,NORTH CAROLINA,BOE D2,,D,EVERETT BALLARD,341,12,219,108,2
Floyd,RIVERSIDE,BOE D2,,D,EVERETT BALLARD,130,3,85,42,0
Floyd,TEXAS VALLEY,BOE D2,,D,EVERETT BALLARD,129,4,86,34,5
Floyd,VANNS VALLEY,BOE D2,,D,EVERETT BALLARD,111,4,74,32,1
Floyd,WATTERS,BOE D2,,D,EVERETT BALLARD,477,14,291,168,4
Floyd,WEST LINDALE,BOE D2,,D,EVERETT BALLARD,438,18,261,156,3
Floyd,,BOE D3,,R,BRIAN BARCOMB (I),17810,683,10057,6986,84
Floyd,ALTO PARK,BOE D3,,R,BRIAN BARCOMB (I),1522,102,603,807,10
Floyd,ARMUCHEE,BOE D3,,R,BRIAN BARCOMB (I),552,11,356,185,0
Floyd,BARKERS,BOE D3,,R,BRIAN BARCOMB (I),1074,35,545,476,18
Floyd,CAVE SPRING,BOE D3,,R,BRIAN BARCOMB (I),739,28,595,113,3
Floyd,CHULIO,BOE D3,,R,BRIAN BARCOMB (I),549,10,345,190,4
Floyd,ETOWAH,BOE D3,,R,BRIAN BARCOMB (I),2369,99,960,1302,8
Floyd,EVERETT SPRINGS,BOE D3,,R,BRIAN BARCOMB (I),203,5,168,29,1
Floyd,FLOYD SPRINGS,BOE D3,,R,BRIAN BARCOMB (I),886,21,590,274,1
Floyd,FOSTERS MILL,BOE D3,,R,BRIAN BARCOMB (I),471,21,335,115,0
Floyd,GARDEN LAKES,BOE D3,,R,BRIAN BARCOMB (I),982,41,533,408,0
Floyd,GLENWOOD,BOE D3,,R,BRIAN BARCOMB (I),1442,53,841,531,17
Floyd,HOWELL,BOE D3,,R,BRIAN BARCOMB (I),691,20,463,206,2
Floyd,EAST LINDALE,BOE D3,,R,BRIAN BARCOMB (I),1624,63,803,756,2
Floyd,NORTH CAROLINA,BOE D3,,R,BRIAN BARCOMB (I),802,37,513,250,2
Floyd,RIVERSIDE,BOE D3,,R,BRIAN BARCOMB (I),356,12,220,124,0
Floyd,TEXAS VALLEY,BOE D3,,R,BRIAN BARCOMB (I),421,12,298,101,10
Floyd,VANNS VALLEY,BOE D3,,R,BRIAN BARCOMB (I),306,12,213,81,0
Floyd,WATTERS,BOE D3,,R,BRIAN BARCOMB (I),1598,60,925,610,3
Floyd,WEST LINDALE,BOE D3,,R,BRIAN BARCOMB (I),1223,41,751,428,3
Floyd,,BOE D5,,D,GEORGE BEVELS (I),16476,652,9273,6472,79
Floyd,ALTO PARK,BOE D5,,D,GEORGE BEVELS (I),1341,95,537,699,10
Floyd,ARMUCHEE,BOE D5,,D,GEORGE BEVELS (I),484,11,308,165,0
Floyd,BARKERS,BOE D5,,D,GEORGE BEVELS (I),1010,34,528,431,17
Floyd,CAVE SPRING,BOE D5,,D,GEORGE BEVELS (I),741,24,592,122,3
Floyd,CHULIO,BOE D5,,D,GEORGE BEVELS (I),528,9,330,185,4
Floyd,ETOWAH,BOE D5,,D,GEORGE BEVELS (I),2229,105,884,1233,7
Floyd,EVERETT SPRINGS,BOE D5,,D,GEORGE BEVELS (I),177,6,145,25,1
Floyd,FLOYD SPRINGS,BOE D5,,D,GEORGE BEVELS (I),782,21,522,238,1
Floyd,FOSTERS MILL,BOE D5,,D,GEORGE BEVELS (I),428,17,301,110,0
Floyd,GARDEN LAKES,BOE D5,,D,GEORGE BEVELS (I),960,47,535,376,2
Floyd,GLENWOOD,BOE D5,,D,GEORGE BEVELS (I),1302,53,741,493,15
Floyd,HOWELL,BOE D5,,D,GEORGE BEVELS (I),604,15,405,183,1
Floyd,EAST LINDALE,BOE D5,,D,GEORGE BEVELS (I),1571,60,780,729,2
Floyd,NORTH CAROLINA,BOE D5,,D,GEORGE BEVELS (I),766,32,475,257,2
Floyd,RIVERSIDE,BOE D5,,D,GEORGE BEVELS (I),320,11,193,116,0
Floyd,TEXAS VALLEY,BOE D5,,D,GEORGE BEVELS (I),360,10,259,84,7
Floyd,VANNS VALLEY,BOE D5,,D,GEORGE BEVELS (I),295,11,196,87,1
Floyd,WATTERS,BOE D5,,D,GEORGE BEVELS (I),1373,50,802,519,2
Floyd,WEST LINDALE,BOE D5,,D,GEORGE BEVELS (I),1205,41,740,420,4
Floyd,,Constitutional Amendment #1<br>Shall the Constitution be amended to allow state or local approval of public charter schools upon the request of local communities?,,,YES,12952,704,6459,5716,73
Floyd,ALTO PARK,Constitutional Amendment #1<br>Shall the Constitution be amended to allow state or local approval of public charter schools upon the request of local communities?,,,YES,820,68,310,434,8
Floyd,ARMUCHEE,Constitutional Amendment #1<br>Shall the Constitution be amended to allow state or local approval of public charter schools upon the request of local communities?,,,YES,238,7,136,95,0
Floyd,BARKERS,Constitutional Amendment #1<br>Shall the Constitution be amended to allow state or local approval of public charter schools upon the request of local communities?,,,YES,471,21,239,200,11
Floyd,CAVE SPRING,Constitutional Amendment #1<br>Shall the Constitution be amended to allow state or local approval of public charter schools upon the request of local communities?,,,YES,322,16,241,63,2
Floyd,CHULIO,Constitutional Amendment #1<br>Shall the Constitution be amended to allow state or local approval of public charter schools upon the request of local communities?,,,YES,261,2,163,95,1
Floyd,ETOWAH,Constitutional Amendment #1<br>Shall the Constitution be amended to allow state or local approval of public charter schools upon the request of local communities?,,,YES,1155,65,434,651,5
Floyd,EVERETT SPRINGS,Constitutional Amendment #1<br>Shall the Constitution be amended to allow state or local approval of public charter schools upon the request of local communities?,,,YES,79,3,54,22,0
Floyd,FLOYD SPRINGS,Constitutional Amendment #1<br>Shall the Constitution be amended to allow state or local approval of public charter schools upon the request of local communities?,,,YES,362,14,227,119,2
Floyd,FOSTERS MILL,Constitutional Amendment #1<br>Shall the Constitution be amended to allow state or local approval of public charter schools upon the request of local communities?,,,YES,203,16,130,57,0
Floyd,GARDEN LAKES,Constitutional Amendment #1<br>Shall the Constitution be amended to allow state or local approval of public charter schools upon the request of local communities?,,,YES,437,20,231,184,2
Floyd,GLENWOOD,Constitutional Amendment #1<br>Shall the Constitution be amended to allow state or local approval of public charter schools upon the request of local communities?,,,YES,662,31,338,281,12
Floyd,HOWELL,Constitutional Amendment #1<br>Shall the Constitution be amended to allow state or local approval of public charter schools upon the request of local communities?,,,YES,318,13,205,100,0
Floyd,EAST LINDALE,Constitutional Amendment #1<br>Shall the Constitution be amended to allow state or local approval of public charter schools upon the request of local communities?,,,YES,764,35,362,366,1
Floyd,MT ALTO NORTH,Constitutional Amendment #1<br>Shall the Constitution be amended to allow state or local approval of public charter schools upon the request of local communities?,,,YES,1006,70,467,464,5
Floyd,MT ALTO SOUTH,Constitutional Amendment #1<br>Shall the Constitution be amended to allow state or local approval of public charter schools upon the request of local communities?,,,YES,851,40,431,375,5
Floyd,NORTH CAROLINA,Constitutional Amendment #1<br>Shall the Constitution be amended to allow state or local approval of public charter schools upon the request of local communities?,,,YES,373,22,213,137,1
Floyd,RIVERSIDE,Constitutional Amendment #1<br>Shall the Constitution be amended to allow state or local approval of public charter schools upon the request of local communities?,,,YES,164,10,93,61,0
Floyd,EAST ROME,Constitutional Amendment #1<br>Shall the Constitution be amended to allow state or local approval of public charter schools upon the request of local communities?,,,YES,977,65,460,452,0
Floyd,NORTH ROME,Constitutional Amendment #1<br>Shall the Constitution be amended to allow state or local approval of public charter schools upon the request of local communities?,,,YES,838,45,317,473,3
Floyd,SOUTH ROME,Constitutional Amendment #1<br>Shall the Constitution be amended to allow state or local approval of public charter schools upon the request of local communities?,,,YES,378,23,200,154,1
Floyd,TEXAS VALLEY,Constitutional Amendment #1<br>Shall the Constitution be amended to allow state or local approval of public charter schools upon the request of local communities?,,,YES,173,8,104,55,6
Floyd,VANNS VALLEY,Constitutional Amendment #1<br>Shall the Constitution be amended to allow state or local approval of public charter schools upon the request of local communities?,,,YES,160,5,107,48,0
Floyd,WATTERS,Constitutional Amendment #1<br>Shall the Constitution be amended to allow state or local approval of public charter schools upon the request of local communities?,,,YES,728,41,422,263,2
Floyd,WEST LINDALE,Constitutional Amendment #1<br>Shall the Constitution be amended to allow state or local approval of public charter schools upon the request of local communities?,,,YES,540,24,324,189,3
Floyd,TOWN ROME,Constitutional Amendment #1<br>Shall the Constitution be amended to allow state or local approval of public charter schools upon the request of local communities?,,,YES,672,40,251,378,3
Floyd,,Constitutional Amendment #1<br>Shall the Constitution be amended to allow state or local approval of public charter schools upon the request of local communities?,,,NO,18644,745,9807,8040,52
Floyd,ALTO PARK,Constitutional Amendment #1<br>Shall the Constitution be amended to allow state or local approval of public charter schools upon the request of local communities?,,,NO,997,60,409,525,3
Floyd,ARMUCHEE,Constitutional Amendment #1<br>Shall the Constitution be amended to allow state or local approval of public charter schools upon the request of local communities?,,,NO,415,9,275,131,0
Floyd,BARKERS,Constitutional Amendment #1<br>Shall the Constitution be amended to allow state or local approval of public charter schools upon the request of local communities?,,,NO,773,18,412,333,10
Floyd,CAVE SPRING,Constitutional Amendment #1<br>Shall the Constitution be amended to allow state or local approval of public charter schools upon the request of local communities?,,,NO,576,17,476,82,1
Floyd,CHULIO,Constitutional Amendment #1<br>Shall the Constitution be amended to allow state or local approval of public charter schools upon the request of local communities?,,,NO,393,8,244,138,3
Floyd,ETOWAH,Constitutional Amendment #1<br>Shall the Constitution be amended to allow state or local approval of public charter schools upon the request of local communities?,,,NO,1673,86,665,918,4
Floyd,EVERETT SPRINGS,Constitutional Amendment #1<br>Shall the Constitution be amended to allow state or local approval of public charter schools upon the request of local communities?,,,NO,162,5,143,13,1
Floyd,FLOYD SPRINGS,Constitutional Amendment #1<br>Shall the Constitution be amended to allow state or local approval of public charter schools upon the request of local communities?,,,NO,671,14,464,193,0
Floyd,FOSTERS MILL,Constitutional Amendment #1<br>Shall the Constitution be amended to allow state or local approval of public charter schools upon the request of local communities?,,,NO,338,10,251,77,0
Floyd,GARDEN LAKES,Constitutional Amendment #1<br>Shall the Constitution be amended to allow state or local approval of public charter schools upon the request of local communities?,,,NO,733,34,401,298,0
Floyd,GLENWOOD,Constitutional Amendment #1<br>Shall the Constitution be amended to allow state or local approval of public charter schools upon the request of local communities?,,,NO,1025,40,624,355,6
Floyd,HOWELL,Constitutional Amendment #1<br>Shall the Constitution be amended to allow state or local approval of public charter schools upon the request of local communities?,,,NO,473,11,323,137,2
Floyd,EAST LINDALE,Constitutional Amendment #1<br>Shall the Constitution be amended to allow state or local approval of public charter schools upon the request of local communities?,,,NO,1175,48,579,547,1
Floyd,MT ALTO NORTH,Constitutional Amendment #1<br>Shall the Constitution be amended to allow state or local approval of public charter schools upon the request of local communities?,,,NO,1261,64,560,636,1
Floyd,MT ALTO SOUTH,Constitutional Amendment #1<br>Shall the Constitution be amended to allow state or local approval of public charter schools upon the request of local communities?,,,NO,1278,48,626,599,5
Floyd,NORTH CAROLINA,Constitutional Amendment #1<br>Shall the Constitution be amended to allow state or local approval of public charter schools upon the request of local communities?,,,NO,581,18,396,166,1
Floyd,RIVERSIDE,Constitutional Amendment #1<br>Shall the Constitution be amended to allow state or local approval of public charter schools upon the request of local communities?,,,NO,247,4,158,85,0
Floyd,EAST ROME,Constitutional Amendment #1<br>Shall the Constitution be amended to allow state or local approval of public charter schools upon the request of local communities?,,,NO,1279,75,505,696,3
Floyd,NORTH ROME,Constitutional Amendment #1<br>Shall the Constitution be amended to allow state or local approval of public charter schools upon the request of local communities?,,,NO,1008,53,307,648,0
Floyd,SOUTH ROME,Constitutional Amendment #1<br>Shall the Constitution be amended to allow state or local approval of public charter schools upon the request of local communities?,,,NO,335,18,172,145,0
Floyd,TEXAS VALLEY,Constitutional Amendment #1<br>Shall the Constitution be amended to allow state or local approval of public charter schools upon the request of local communities?,,,NO,318,6,235,71,6
Floyd,VANNS VALLEY,Constitutional Amendment #1<br>Shall the Constitution be amended to allow state or local approval of public charter schools upon the request of local communities?,,,NO,198,8,138,52,0
Floyd,WATTERS,Constitutional Amendment #1<br>Shall the Constitution be amended to allow state or local approval of public charter schools upon the request of local communities?,,,NO,1052,28,607,414,3
Floyd,WEST LINDALE,Constitutional Amendment #1<br>Shall the Constitution be amended to allow state or local approval of public charter schools upon the request of local communities?,,,NO,886,29,539,316,2
Floyd,TOWN ROME,Constitutional Amendment #1<br>Shall the Constitution be amended to allow state or local approval of public charter schools upon the request of local communities?,,,NO,797,34,298,465,0
Floyd,,Constitutional Amendment #2<br>Shall the Constitution be amended so as to provide for a reduction in the state's operating costs by allowing the General Assembly to authorize certain state agencies to enter into multiyear rental agreements?,,,YES,17141,842,8645,7585,69
Floyd,ALTO PARK,Constitutional Amendment #2<br>Shall the Constitution be amended so as to provide for a reduction in the state's operating costs by allowing the General Assembly to authorize certain state agencies to enter into multiyear rental agreements?,,,YES,1065,82,398,580,5
Floyd,ARMUCHEE,Constitutional Amendment #2<br>Shall the Constitution be amended so as to provide for a reduction in the state's operating costs by allowing the General Assembly to authorize certain state agencies to enter into multiyear rental agreements?,,,YES,336,10,204,122,0
Floyd,BARKERS,Constitutional Amendment #2<br>Shall the Constitution be amended so as to provide for a reduction in the state's operating costs by allowing the General Assembly to authorize certain state agencies to enter into multiyear rental agreements?,,,YES,634,22,313,286,13
Floyd,CAVE SPRING,Constitutional Amendment #2<br>Shall the Constitution be amended so as to provide for a reduction in the state's operating costs by allowing the General Assembly to authorize certain state agencies to enter into multiyear rental agreements?,,,YES,448,17,353,75,3
Floyd,CHULIO,Constitutional Amendment #2<br>Shall the Constitution be amended so as to provide for a reduction in the state's operating costs by allowing the General Assembly to authorize certain state agencies to enter into multiyear rental agreements?,,,YES,338,4,212,121,1
Floyd,ETOWAH,Constitutional Amendment #2<br>Shall the Constitution be amended so as to provide for a reduction in the state's operating costs by allowing the General Assembly to authorize certain state agencies to enter into multiyear rental agreements?,,,YES,1486,79,561,840,6
Floyd,EVERETT SPRINGS,Constitutional Amendment #2<br>Shall the Constitution be amended so as to provide for a reduction in the state's operating costs by allowing the General Assembly to authorize certain state agencies to enter into multiyear rental agreements?,,,YES,117,1,96,20,0
Floyd,FLOYD SPRINGS,Constitutional Amendment #2<br>Shall the Constitution be amended so as to provide for a reduction in the state's operating costs by allowing the General Assembly to authorize certain state agencies to enter into multiyear rental agreements?,,,YES,538,15,351,170,2
Floyd,FOSTERS MILL,Constitutional Amendment #2<br>Shall the Constitution be amended so as to provide for a reduction in the state's operating costs by allowing the General Assembly to authorize certain state agencies to enter into multiyear rental agreements?,,,YES,269,16,186,67,0
Floyd,GARDEN LAKES,Constitutional Amendment #2<br>Shall the Constitution be amended so as to provide for a reduction in the state's operating costs by allowing the General Assembly to authorize certain state agencies to enter into multiyear rental agreements?,,,YES,584,29,322,233,0
Floyd,GLENWOOD,Constitutional Amendment #2<br>Shall the Constitution be amended so as to provide for a reduction in the state's operating costs by allowing the General Assembly to authorize certain state agencies to enter into multiyear rental agreements?,,,YES,932,42,508,371,11
Floyd,HOWELL,Constitutional Amendment #2<br>Shall the Constitution be amended so as to provide for a reduction in the state's operating costs by allowing the General Assembly to authorize certain state agencies to enter into multiyear rental agreements?,,,YES,352,9,242,101,0
Floyd,EAST LINDALE,Constitutional Amendment #2<br>Shall the Constitution be amended so as to provide for a reduction in the state's operating costs by allowing the General Assembly to authorize certain state agencies to enter into multiyear rental agreements?,,,YES,1079,43,522,513,1
Floyd,MT ALTO NORTH,Constitutional Amendment #2<br>Shall the Constitution be amended so as to provide for a reduction in the state's operating costs by allowing the General Assembly to authorize certain state agencies to enter into multiyear rental agreements?,,,YES,1289,77,585,622,5
Floyd,MT ALTO SOUTH,Constitutional Amendment #2<br>Shall the Constitution be amended so as to provide for a reduction in the state's operating costs by allowing the General Assembly to authorize certain state agencies to enter into multiyear rental agreements?,,,YES,1242,55,602,579,6
Floyd,NORTH CAROLINA,Constitutional Amendment #2<br>Shall the Constitution be amended so as to provide for a reduction in the state's operating costs by allowing the General Assembly to authorize certain state agencies to enter into multiyear rental agreements?,,,YES,500,24,316,159,1
Floyd,RIVERSIDE,Constitutional Amendment #2<br>Shall the Constitution be amended so as to provide for a reduction in the state's operating costs by allowing the General Assembly to authorize certain state agencies to enter into multiyear rental agreements?,,,YES,234,11,136,87,0
Floyd,EAST ROME,Constitutional Amendment #2<br>Shall the Constitution be amended so as to provide for a reduction in the state's operating costs by allowing the General Assembly to authorize certain state agencies to enter into multiyear rental agreements?,,,YES,1302,87,554,660,1
Floyd,NORTH ROME,Constitutional Amendment #2<br>Shall the Constitution be amended so as to provide for a reduction in the state's operating costs by allowing the General Assembly to authorize certain state agencies to enter into multiyear rental agreements?,,,YES,1032,59,360,612,1
Floyd,SOUTH ROME,Constitutional Amendment #2<br>Shall the Constitution be amended so as to provide for a reduction in the state's operating costs by allowing the General Assembly to authorize certain state agencies to enter into multiyear rental agreements?,,,YES,389,23,201,164,1
Floyd,TEXAS VALLEY,Constitutional Amendment #2<br>Shall the Constitution be amended so as to provide for a reduction in the state's operating costs by allowing the General Assembly to authorize certain state agencies to enter into multiyear rental agreements?,,,YES,251,13,170,63,5
Floyd,VANNS VALLEY,Constitutional Amendment #2<br>Shall the Constitution be amended so as to provide for a reduction in the state's operating costs by allowing the General Assembly to authorize certain state agencies to enter into multiyear rental agreements?,,,YES,197,9,132,56,0
Floyd,WATTERS,Constitutional Amendment #2<br>Shall the Constitution be amended so as to provide for a reduction in the state's operating costs by allowing the General Assembly to authorize certain state agencies to enter into multiyear rental agreements?,,,YES,922,34,549,336,3
Floyd,WEST LINDALE,Constitutional Amendment #2<br>Shall the Constitution be amended so as to provide for a reduction in the state's operating costs by allowing the General Assembly to authorize certain state agencies to enter into multiyear rental agreements?,,,YES,709,31,436,240,2
Floyd,TOWN ROME,Constitutional Amendment #2<br>Shall the Constitution be amended so as to provide for a reduction in the state's operating costs by allowing the General Assembly to authorize certain state agencies to enter into multiyear rental agreements?,,,YES,896,50,336,508,2
Floyd,,Constitutional Amendment #2<br>Shall the Constitution be amended so as to provide for a reduction in the state's operating costs by allowing the General Assembly to authorize certain state agencies to enter into multiyear rental agreements?,,,NO,13176,527,6992,5606,51
Floyd,ALTO PARK,Constitutional Amendment #2<br>Shall the Constitution be amended so as to provide for a reduction in the state's operating costs by allowing the General Assembly to authorize certain state agencies to enter into multiyear rental agreements?,,,NO,683,32,298,347,6
Floyd,ARMUCHEE,Constitutional Amendment #2<br>Shall the Constitution be amended so as to provide for a reduction in the state's operating costs by allowing the General Assembly to authorize certain state agencies to enter into multiyear rental agreements?,,,NO,293,6,191,96,0
Floyd,BARKERS,Constitutional Amendment #2<br>Shall the Constitution be amended so as to provide for a reduction in the state's operating costs by allowing the General Assembly to authorize certain state agencies to enter into multiyear rental agreements?,,,NO,565,17,312,228,8
Floyd,CAVE SPRING,Constitutional Amendment #2<br>Shall the Constitution be amended so as to provide for a reduction in the state's operating costs by allowing the General Assembly to authorize certain state agencies to enter into multiyear rental agreements?,,,NO,427,14,350,63,0
Floyd,CHULIO,Constitutional Amendment #2<br>Shall the Constitution be amended so as to provide for a reduction in the state's operating costs by allowing the General Assembly to authorize certain state agencies to enter into multiyear rental agreements?,,,NO,291,7,183,98,3
Floyd,ETOWAH,Constitutional Amendment #2<br>Shall the Constitution be amended so as to provide for a reduction in the state's operating costs by allowing the General Assembly to authorize certain state agencies to enter into multiyear rental agreements?,,,NO,1237,66,502,667,2
Floyd,EVERETT SPRINGS,Constitutional Amendment #2<br>Shall the Constitution be amended so as to provide for a reduction in the state's operating costs by allowing the General Assembly to authorize certain state agencies to enter into multiyear rental agreements?,,,NO,115,5,95,14,1
Floyd,FLOYD SPRINGS,Constitutional Amendment #2<br>Shall the Constitution be amended so as to provide for a reduction in the state's operating costs by allowing the General Assembly to authorize certain state agencies to enter into multiyear rental agreements?,,,NO,454,10,312,132,0
Floyd,FOSTERS MILL,Constitutional Amendment #2<br>Shall the Constitution be amended so as to provide for a reduction in the state's operating costs by allowing the General Assembly to authorize certain state agencies to enter into multiyear rental agreements?,,,NO,261,7,186,68,0
Floyd,GARDEN LAKES,Constitutional Amendment #2<br>Shall the Constitution be amended so as to provide for a reduction in the state's operating costs by allowing the General Assembly to authorize certain state agencies to enter into multiyear rental agreements?,,,NO,544,18,285,239,2
Floyd,GLENWOOD,Constitutional Amendment #2<br>Shall the Constitution be amended so as to provide for a reduction in the state's operating costs by allowing the General Assembly to authorize certain state agencies to enter into multiyear rental agreements?,,,NO,694,28,420,240,6
Floyd,HOWELL,Constitutional Amendment #2<br>Shall the Constitution be amended so as to provide for a reduction in the state's operating costs by allowing the General Assembly to authorize certain state agencies to enter into multiyear rental agreements?,,,NO,419,12,276,129,2
Floyd,EAST LINDALE,Constitutional Amendment #2<br>Shall the Constitution be amended so as to provide for a reduction in the state's operating costs by allowing the General Assembly to authorize certain state agencies to enter into multiyear rental agreements?,,,NO,795,34,394,366,1
Floyd,MT ALTO NORTH,Constitutional Amendment #2<br>Shall the Constitution be amended so as to provide for a reduction in the state's operating costs by allowing the General Assembly to authorize certain state agencies to enter into multiyear rental agreements?,,,NO,849,46,384,418,1
Floyd,MT ALTO SOUTH,Constitutional Amendment #2<br>Shall the Constitution be amended so as to provide for a reduction in the state's operating costs by allowing the General Assembly to authorize certain state agencies to enter into multiyear rental agreements?,,,NO,797,28,417,349,3
Floyd,NORTH CAROLINA,Constitutional Amendment #2<br>Shall the Constitution be amended so as to provide for a reduction in the state's operating costs by allowing the General Assembly to authorize certain state agencies to enter into multiyear rental agreements?,,,NO,414,16,266,131,1
Floyd,RIVERSIDE,Constitutional Amendment #2<br>Shall the Constitution be amended so as to provide for a reduction in the state's operating costs by allowing the General Assembly to authorize certain state agencies to enter into multiyear rental agreements?,,,NO,157,2,103,52,0
Floyd,EAST ROME,Constitutional Amendment #2<br>Shall the Constitution be amended so as to provide for a reduction in the state's operating costs by allowing the General Assembly to authorize certain state agencies to enter into multiyear rental agreements?,,,NO,843,50,347,445,1
Floyd,NORTH ROME,Constitutional Amendment #2<br>Shall the Constitution be amended so as to provide for a reduction in the state's operating costs by allowing the General Assembly to authorize certain state agencies to enter into multiyear rental agreements?,,,NO,720,34,227,457,2
Floyd,SOUTH ROME,Constitutional Amendment #2<br>Shall the Constitution be amended so as to provide for a reduction in the state's operating costs by allowing the General Assembly to authorize certain state agencies to enter into multiyear rental agreements?,,,NO,281,16,152,113,0
Floyd,TEXAS VALLEY,Constitutional Amendment #2<br>Shall the Constitution be amended so as to provide for a reduction in the state's operating costs by allowing the General Assembly to authorize certain state agencies to enter into multiyear rental agreements?,,,NO,218,1,158,53,6
Floyd,VANNS VALLEY,Constitutional Amendment #2<br>Shall the Constitution be amended so as to provide for a reduction in the state's operating costs by allowing the General Assembly to authorize certain state agencies to enter into multiyear rental agreements?,,,NO,143,4,99,40,0
Floyd,WATTERS,Constitutional Amendment #2<br>Shall the Constitution be amended so as to provide for a reduction in the state's operating costs by allowing the General Assembly to authorize certain state agencies to enter into multiyear rental agreements?,,,NO,792,31,445,314,2
Floyd,WEST LINDALE,Constitutional Amendment #2<br>Shall the Constitution be amended so as to provide for a reduction in the state's operating costs by allowing the General Assembly to authorize certain state agencies to enter into multiyear rental agreements?,,,NO,662,20,395,244,3
Floyd,TOWN ROME,Constitutional Amendment #2<br>Shall the Constitution be amended so as to provide for a reduction in the state's operating costs by allowing the General Assembly to authorize certain state agencies to enter into multiyear rental agreements?,,,NO,522,23,195,303,1
