county,precinct,office,district,party,candidate,votes,absentee_by_mail,election_day,advance_in_person,provisional
Worth,,President of the United States,,R,MITT ROMNEY,5869,180,3743,1941,5
Worth,Sylvester,President of the United States,,R,MITT ROMNEY,545,20,232,293,0
Worth,Scooterville,President of the United States,,R,MITT ROMNEY,307,6,238,63,0
Worth,Minton,President of the United States,,R,MITT ROMNEY,267,3,200,64,0
Worth,Bridgeboro,President of the United States,,R,MITT ROMNEY,593,15,416,161,1
Worth,County Line,President of the United States,,R,MITT ROMNEY,345,6,242,97,0
Worth,Isabella,President of the United States,,R,MITT ROMNEY,820,19,471,330,0
Worth,Piney Woods,President of the United States,,R,MITT ROMNEY,95,5,62,28,0
Worth,Sylver East,President of the United States,,R,MITT ROMNEY,685,25,327,333,0
Worth,Poulan,President of the United States,,R,MITT ROMNEY,431,18,269,144,0
Worth,Sumner,President of the United States,,R,MITT ROMNEY,363,7,248,108,0
Worth,Shingler,President of the United States,,R,MITT ROMNEY,330,7,240,83,0
Worth,Red Rock,President of the United States,,R,MITT ROMNEY,467,21,325,120,1
Worth,Doles,President of the United States,,R,MITT ROMNEY,258,9,188,58,3
Worth,Oakfield,President of the United States,,R,MITT ROMNEY,79,3,69,7,0
Worth,Warwick,President of the United States,,R,MITT ROMNEY,284,16,216,52,0
Worth,,President of the United States,,D,BARACK OBAMA (I),2487,113,1451,922,1
Worth,Sylvester,President of the United States,,D,BARACK OBAMA (I),1116,47,573,496,0
Worth,Scooterville,President of the United States,,D,BARACK OBAMA (I),31,0,20,11,0
Worth,Minton,President of the United States,,D,BARACK OBAMA (I),48,7,33,8,0
Worth,Bridgeboro,President of the United States,,D,BARACK OBAMA (I),151,1,91,59,0
Worth,County Line,President of the United States,,D,BARACK OBAMA (I),73,5,37,31,0
Worth,Isabella,President of the United States,,D,BARACK OBAMA (I),125,5,61,59,0
Worth,Piney Woods,President of the United States,,D,BARACK OBAMA (I),68,1,41,26,0
Worth,Sylver East,President of the United States,,D,BARACK OBAMA (I),168,6,94,68,0
Worth,Poulan,President of the United States,,D,BARACK OBAMA (I),123,1,88,34,0
Worth,Sumner,President of the United States,,D,BARACK OBAMA (I),92,2,51,39,0
Worth,Shingler,President of the United States,,D,BARACK OBAMA (I),45,1,30,14,0
Worth,Red Rock,President of the United States,,D,BARACK OBAMA (I),180,3,129,48,0
Worth,Doles,President of the United States,,D,BARACK OBAMA (I),39,0,29,10,0
Worth,Oakfield,President of the United States,,D,BARACK OBAMA (I),64,2,50,11,1
Worth,Warwick,President of the United States,,D,BARACK OBAMA (I),164,32,124,8,0
Worth,,President of the United States,,LIB,GARY JOHNSON,60,2,46,12,0
Worth,Sylvester,President of the United States,,LIB,GARY JOHNSON,4,0,4,0,0
Worth,Scooterville,President of the United States,,LIB,GARY JOHNSON,4,0,3,1,0
Worth,Minton,President of the United States,,LIB,GARY JOHNSON,0,0,0,0,0
Worth,Bridgeboro,President of the United States,,LIB,GARY JOHNSON,8,0,5,3,0
Worth,County Line,President of the United States,,LIB,GARY JOHNSON,4,0,2,2,0
Worth,Isabella,President of the United States,,LIB,GARY JOHNSON,10,0,8,2,0
Worth,Piney Woods,President of the United States,,LIB,GARY JOHNSON,0,0,0,0,0
Worth,Sylver East,President of the United States,,LIB,GARY JOHNSON,7,2,5,0,0
Worth,Poulan,President of the United States,,LIB,GARY JOHNSON,3,0,2,1,0
Worth,Sumner,President of the United States,,LIB,GARY JOHNSON,2,0,1,1,0
Worth,Shingler,President of the United States,,LIB,GARY JOHNSON,4,0,4,0,0
Worth,Red Rock,President of the United States,,LIB,GARY JOHNSON,6,0,6,0,0
Worth,Doles,President of the United States,,LIB,GARY JOHNSON,3,0,3,0,0
Worth,Oakfield,President of the United States,,LIB,GARY JOHNSON,2,0,2,0,0
Worth,Warwick,President of the United States,,LIB,GARY JOHNSON,3,0,1,2,0
Worth,,"Public Service Commission, District 3",3,R,CHUCK EATON (I),4753,161,2970,1617,5
Worth,Sylvester,"Public Service Commission, District 3",3,R,CHUCK EATON (I),482,17,206,259,0
Worth,Scooterville,"Public Service Commission, District 3",3,R,CHUCK EATON (I),250,6,191,53,0
Worth,Minton,"Public Service Commission, District 3",3,R,CHUCK EATON (I),197,2,146,49,0
Worth,Bridgeboro,"Public Service Commission, District 3",3,R,CHUCK EATON (I),474,12,325,136,1
Worth,County Line,"Public Service Commission, District 3",3,R,CHUCK EATON (I),274,6,188,80,0
Worth,Isabella,"Public Service Commission, District 3",3,R,CHUCK EATON (I),699,18,399,282,0
Worth,Piney Woods,"Public Service Commission, District 3",3,R,CHUCK EATON (I),77,4,50,23,0
Worth,Sylver East,"Public Service Commission, District 3",3,R,CHUCK EATON (I),564,22,278,264,0
Worth,Poulan,"Public Service Commission, District 3",3,R,CHUCK EATON (I),324,18,197,109,0
Worth,Sumner,"Public Service Commission, District 3",3,R,CHUCK EATON (I),298,5,204,89,0
Worth,Shingler,"Public Service Commission, District 3",3,R,CHUCK EATON (I),251,7,173,71,0
Worth,Red Rock,"Public Service Commission, District 3",3,R,CHUCK EATON (I),381,21,260,100,0
Worth,Doles,"Public Service Commission, District 3",3,R,CHUCK EATON (I),203,8,142,50,3
Worth,Oakfield,"Public Service Commission, District 3",3,R,CHUCK EATON (I),64,2,54,7,1
Worth,Warwick,"Public Service Commission, District 3",3,R,CHUCK EATON (I),215,13,157,45,0
Worth,,"Public Service Commission, District 3",3,D,STEPHEN OPPENHEIMER,2529,106,1582,841,0
Worth,Sylvester,"Public Service Commission, District 3",3,D,STEPHEN OPPENHEIMER,884,40,446,398,0
Worth,Scooterville,"Public Service Commission, District 3",3,D,STEPHEN OPPENHEIMER,57,0,43,14,0
Worth,Minton,"Public Service Commission, District 3",3,D,STEPHEN OPPENHEIMER,65,6,53,6,0
Worth,Bridgeboro,"Public Service Commission, District 3",3,D,STEPHEN OPPENHEIMER,192,1,128,63,0
Worth,County Line,"Public Service Commission, District 3",3,D,STEPHEN OPPENHEIMER,97,4,59,34,0
Worth,Isabella,"Public Service Commission, District 3",3,D,STEPHEN OPPENHEIMER,158,3,90,65,0
Worth,Piney Woods,"Public Service Commission, District 3",3,D,STEPHEN OPPENHEIMER,68,1,46,21,0
Worth,Sylver East,"Public Service Commission, District 3",3,D,STEPHEN OPPENHEIMER,189,8,102,79,0
Worth,Poulan,"Public Service Commission, District 3",3,D,STEPHEN OPPENHEIMER,146,1,105,40,0
Worth,Sumner,"Public Service Commission, District 3",3,D,STEPHEN OPPENHEIMER,109,3,69,37,0
Worth,Shingler,"Public Service Commission, District 3",3,D,STEPHEN OPPENHEIMER,84,1,63,20,0
Worth,Red Rock,"Public Service Commission, District 3",3,D,STEPHEN OPPENHEIMER,196,3,150,43,0
Worth,Doles,"Public Service Commission, District 3",3,D,STEPHEN OPPENHEIMER,54,0,50,4,0
Worth,Oakfield,"Public Service Commission, District 3",3,D,STEPHEN OPPENHEIMER,59,2,47,10,0
Worth,Warwick,"Public Service Commission, District 3",3,D,STEPHEN OPPENHEIMER,171,33,131,7,0
Worth,,"Public Service Commission, District 3",3,L,BRAD PLOEGER,202,14,127,61,0
Worth,Sylvester,"Public Service Commission, District 3",3,L,BRAD PLOEGER,41,3,23,15,0
Worth,Scooterville,"Public Service Commission, District 3",3,L,BRAD PLOEGER,6,0,5,1,0
Worth,Minton,"Public Service Commission, District 3",3,L,BRAD PLOEGER,8,1,5,2,0
Worth,Bridgeboro,"Public Service Commission, District 3",3,L,BRAD PLOEGER,22,2,14,6,0
Worth,County Line,"Public Service Commission, District 3",3,L,BRAD PLOEGER,10,0,9,1,0
Worth,Isabella,"Public Service Commission, District 3",3,L,BRAD PLOEGER,11,1,6,4,0
Worth,Piney Woods,"Public Service Commission, District 3",3,L,BRAD PLOEGER,3,1,0,2,0
Worth,Sylver East,"Public Service Commission, District 3",3,L,BRAD PLOEGER,29,1,13,15,0
Worth,Poulan,"Public Service Commission, District 3",3,L,BRAD PLOEGER,13,1,8,4,0
Worth,Sumner,"Public Service Commission, District 3",3,L,BRAD PLOEGER,12,2,5,5,0
Worth,Shingler,"Public Service Commission, District 3",3,L,BRAD PLOEGER,9,0,9,0,0
Worth,Red Rock,"Public Service Commission, District 3",3,L,BRAD PLOEGER,14,0,10,4,0
Worth,Doles,"Public Service Commission, District 3",3,L,BRAD PLOEGER,5,0,5,0,0
Worth,Oakfield,"Public Service Commission, District 3",3,L,BRAD PLOEGER,5,1,4,0,0
Worth,Warwick,"Public Service Commission, District 3",3,L,BRAD PLOEGER,14,1,11,2,0
Worth,,"Public Service Commission, District 5",5,R,STAN WISE (I),5568,181,3520,1862,5
Worth,Sylvester,"Public Service Commission, District 5",5,R,STAN WISE (I),659,27,294,338,0
Worth,Scooterville,"Public Service Commission, District 5",5,R,STAN WISE (I),279,6,216,57,0
Worth,Minton,"Public Service Commission, District 5",5,R,STAN WISE (I),236,1,181,54,0
Worth,Bridgeboro,"Public Service Commission, District 5",5,R,STAN WISE (I),555,13,376,165,1
Worth,County Line,"Public Service Commission, District 5",5,R,STAN WISE (I),316,6,220,90,0
Worth,Isabella,"Public Service Commission, District 5",5,R,STAN WISE (I),752,20,426,306,0
Worth,Piney Woods,"Public Service Commission, District 5",5,R,STAN WISE (I),98,4,66,28,0
Worth,Sylver East,"Public Service Commission, District 5",5,R,STAN WISE (I),626,25,309,292,0
Worth,Poulan,"Public Service Commission, District 5",5,R,STAN WISE (I),391,16,247,128,0
Worth,Sumner,"Public Service Commission, District 5",5,R,STAN WISE (I),335,7,225,103,0
Worth,Shingler,"Public Service Commission, District 5",5,R,STAN WISE (I),287,7,204,76,0
Worth,Red Rock,"Public Service Commission, District 5",5,R,STAN WISE (I),463,20,330,113,0
Worth,Doles,"Public Service Commission, District 5",5,R,STAN WISE (I),227,8,164,52,3
Worth,Oakfield,"Public Service Commission, District 5",5,R,STAN WISE (I),70,3,57,9,1
Worth,Warwick,"Public Service Commission, District 5",5,R,STAN WISE (I),274,18,205,51,0
Worth,,"Public Service Commission, District 5",5,L,DAVID STAPLES,1477,74,920,483,0
Worth,Sylvester,"Public Service Commission, District 5",5,L,DAVID STAPLES,513,24,274,215,0
Worth,Scooterville,"Public Service Commission, District 5",5,L,DAVID STAPLES,32,0,22,10,0
Worth,Minton,"Public Service Commission, District 5",5,L,DAVID STAPLES,32,4,23,5,0
Worth,Bridgeboro,"Public Service Commission, District 5",5,L,DAVID STAPLES,109,2,80,27,0
Worth,County Line,"Public Service Commission, District 5",5,L,DAVID STAPLES,55,2,37,16,0
Worth,Isabella,"Public Service Commission, District 5",5,L,DAVID STAPLES,97,2,57,38,0
Worth,Piney Woods,"Public Service Commission, District 5",5,L,DAVID STAPLES,37,2,20,15,0
Worth,Sylver East,"Public Service Commission, District 5",5,L,DAVID STAPLES,120,4,55,61,0
Worth,Poulan,"Public Service Commission, District 5",5,L,DAVID STAPLES,88,3,61,24,0
Worth,Sumner,"Public Service Commission, District 5",5,L,DAVID STAPLES,67,1,39,27,0
Worth,Shingler,"Public Service Commission, District 5",5,L,DAVID STAPLES,46,1,34,11,0
Worth,Red Rock,"Public Service Commission, District 5",5,L,DAVID STAPLES,101,2,77,22,0
Worth,Doles,"Public Service Commission, District 5",5,L,DAVID STAPLES,34,0,31,3,0
Worth,Oakfield,"Public Service Commission, District 5",5,L,DAVID STAPLES,34,2,29,3,0
Worth,Warwick,"Public Service Commission, District 5",5,L,DAVID STAPLES,112,25,81,6,0
Worth,,U.S. Representative,8,R,AUSTIN SCOTT (I),6678,222,4253,2198,5
Worth,Sylvester,U.S. Representative,8,R,AUSTIN SCOTT (I),973,41,464,468,0
Worth,Scooterville,U.S. Representative,8,R,AUSTIN SCOTT (I),311,5,240,66,0
Worth,Minton,U.S. Representative,8,R,AUSTIN SCOTT (I),274,4,205,65,0
Worth,Bridgeboro,U.S. Representative,8,R,AUSTIN SCOTT (I),665,15,458,191,1
Worth,County Line,U.S. Representative,8,R,AUSTIN SCOTT (I),360,6,250,104,0
Worth,Isabella,U.S. Representative,8,R,AUSTIN SCOTT (I),831,20,481,330,0
Worth,Piney Woods,U.S. Representative,8,R,AUSTIN SCOTT (I),119,6,77,36,0
Worth,Sylver East,U.S. Representative,8,R,AUSTIN SCOTT (I),730,30,357,343,0
Worth,Poulan,U.S. Representative,8,R,AUSTIN SCOTT (I),464,19,298,147,0
Worth,Sumner,U.S. Representative,8,R,AUSTIN SCOTT (I),398,7,267,124,0
Worth,Shingler,U.S. Representative,8,R,AUSTIN SCOTT (I),342,8,248,86,0
Worth,Red Rock,U.S. Representative,8,R,AUSTIN SCOTT (I),525,22,380,123,0
Worth,Doles,U.S. Representative,8,R,AUSTIN SCOTT (I),256,9,189,55,3
Worth,Oakfield,U.S. Representative,8,R,AUSTIN SCOTT (I),94,4,78,11,1
Worth,Warwick,U.S. Representative,8,R,AUSTIN SCOTT (I),336,26,261,49,0
Worth,,State Senator,13,R,JOHN D CROSBY (I),6508,220,4143,2140,5
Worth,Sylvester,State Senator,13,R,JOHN D CROSBY (I),953,42,458,453,0
Worth,Scooterville,State Senator,13,R,JOHN D CROSBY (I),303,5,234,64,0
Worth,Minton,State Senator,13,R,JOHN D CROSBY (I),266,4,200,62,0
Worth,Bridgeboro,State Senator,13,R,JOHN D CROSBY (I),635,15,434,185,1
Worth,County Line,State Senator,13,R,JOHN D CROSBY (I),354,6,243,105,0
Worth,Isabella,State Senator,13,R,JOHN D CROSBY (I),811,22,464,325,0
Worth,Piney Woods,State Senator,13,R,JOHN D CROSBY (I),117,6,75,36,0
Worth,Sylver East,State Senator,13,R,JOHN D CROSBY (I),711,28,349,334,0
Worth,Poulan,State Senator,13,R,JOHN D CROSBY (I),447,18,289,140,0
Worth,Sumner,State Senator,13,R,JOHN D CROSBY (I),387,8,260,119,0
Worth,Shingler,State Senator,13,R,JOHN D CROSBY (I),332,8,243,81,0
Worth,Red Rock,State Senator,13,R,JOHN D CROSBY (I),522,22,379,121,0
Worth,Doles,State Senator,13,R,JOHN D CROSBY (I),256,9,189,55,3
Worth,Oakfield,State Senator,13,R,JOHN D CROSBY (I),92,4,76,11,1
Worth,Warwick,State Senator,13,R,JOHN D CROSBY (I),322,23,250,49,0
Worth,,State Representative,152,R,ED RYNDERS (I),6564,217,4167,2175,5
Worth,Sylvester,State Representative,152,R,ED RYNDERS (I),961,41,462,458,0
Worth,Scooterville,State Representative,152,R,ED RYNDERS (I),305,5,236,64,0
Worth,Minton,State Representative,152,R,ED RYNDERS (I),273,4,204,65,0
Worth,Bridgeboro,State Representative,152,R,ED RYNDERS (I),644,14,441,188,1
Worth,County Line,State Representative,152,R,ED RYNDERS (I),353,6,243,104,0
Worth,Isabella,State Representative,152,R,ED RYNDERS (I),821,21,473,327,0
Worth,Piney Woods,State Representative,152,R,ED RYNDERS (I),122,6,76,40,0
Worth,Sylver East,State Representative,152,R,ED RYNDERS (I),720,28,354,338,0
Worth,Poulan,State Representative,152,R,ED RYNDERS (I),450,19,286,145,0
Worth,Sumner,State Representative,152,R,ED RYNDERS (I),383,7,257,119,0
Worth,Shingler,State Representative,152,R,ED RYNDERS (I),326,8,236,82,0
Worth,Red Rock,State Representative,152,R,ED RYNDERS (I),526,22,378,126,0
Worth,Doles,State Representative,152,R,ED RYNDERS (I),262,9,192,58,3
Worth,Oakfield,State Representative,152,R,ED RYNDERS (I),91,4,75,11,1
Worth,Warwick,State Representative,152,R,ED RYNDERS (I),327,23,254,50,0
Worth,,District Attorney, Tifton Circuit,R,PAUL BOWDEN (I),6529,221,4145,2158,5
Worth,Sylvester,District Attorney, Tifton Circuit,R,PAUL BOWDEN (I),966,42,466,458,0
Worth,Scooterville,District Attorney, Tifton Circuit,R,PAUL BOWDEN (I),301,4,232,65,0
Worth,Minton,District Attorney, Tifton Circuit,R,PAUL BOWDEN (I),263,4,199,60,0
Worth,Bridgeboro,District Attorney, Tifton Circuit,R,PAUL BOWDEN (I),635,15,432,187,1
Worth,County Line,District Attorney, Tifton Circuit,R,PAUL BOWDEN (I),356,6,246,104,0
Worth,Isabella,District Attorney, Tifton Circuit,R,PAUL BOWDEN (I),820,22,470,328,0
Worth,Piney Woods,District Attorney, Tifton Circuit,R,PAUL BOWDEN (I),119,6,77,36,0
Worth,Sylver East,District Attorney, Tifton Circuit,R,PAUL BOWDEN (I),710,29,351,330,0
Worth,Poulan,District Attorney, Tifton Circuit,R,PAUL BOWDEN (I),447,19,285,143,0
Worth,Sumner,District Attorney, Tifton Circuit,R,PAUL BOWDEN (I),385,8,255,122,0
Worth,Shingler,District Attorney, Tifton Circuit,R,PAUL BOWDEN (I),329,8,238,83,0
Worth,Red Rock,District Attorney, Tifton Circuit,R,PAUL BOWDEN (I),522,22,377,123,0
Worth,Doles,District Attorney, Tifton Circuit,R,PAUL BOWDEN (I),256,9,189,55,3
Worth,Oakfield,District Attorney, Tifton Circuit,R,PAUL BOWDEN (I),94,4,77,12,1
Worth,Warwick,District Attorney, Tifton Circuit,R,PAUL BOWDEN (I),326,23,251,52,0
Worth,,JUDGE, PROBATE COURT,R,VIRGINIA ACORD,5844,183,3744,1912,5
Worth,Sylvester,JUDGE, PROBATE COURT,R,VIRGINIA ACORD,611,25,278,308,0
Worth,Scooterville,JUDGE, PROBATE COURT,R,VIRGINIA ACORD,298,6,233,59,0
Worth,Minton,JUDGE, PROBATE COURT,R,VIRGINIA ACORD,270,4,204,62,0
Worth,Bridgeboro,JUDGE, PROBATE COURT,R,VIRGINIA ACORD,585,12,412,160,1
Worth,County Line,JUDGE, PROBATE COURT,R,VIRGINIA ACORD,338,6,236,96,0
Worth,Isabella,JUDGE, PROBATE COURT,R,VIRGINIA ACORD,787,20,447,320,0
Worth,Piney Woods,JUDGE, PROBATE COURT,R,VIRGINIA ACORD,102,4,67,31,0
Worth,Sylver East,JUDGE, PROBATE COURT,R,VIRGINIA ACORD,677,27,330,320,0
Worth,Poulan,JUDGE, PROBATE COURT,R,VIRGINIA ACORD,421,19,261,141,0
Worth,Sumner,JUDGE, PROBATE COURT,R,VIRGINIA ACORD,361,7,246,108,0
Worth,Shingler,JUDGE, PROBATE COURT,R,VIRGINIA ACORD,312,7,227,78,0
Worth,Red Rock,JUDGE, PROBATE COURT,R,VIRGINIA ACORD,475,21,339,115,0
Worth,Doles,JUDGE, PROBATE COURT,R,VIRGINIA ACORD,248,8,182,55,3
Worth,Oakfield,JUDGE, PROBATE COURT,R,VIRGINIA ACORD,80,3,70,6,1
Worth,Warwick,JUDGE, PROBATE COURT,R,VIRGINIA ACORD,279,14,212,53,0
Worth,,JUDGE, PROBATE COURT,D,FIDILA GRIFFIN,2203,107,1257,839,0
Worth,Sylvester,JUDGE, PROBATE COURT,D,FIDILA GRIFFIN,944,38,475,431,0
Worth,Scooterville,JUDGE, PROBATE COURT,D,FIDILA GRIFFIN,34,0,21,13,0
Worth,Minton,JUDGE, PROBATE COURT,D,FIDILA GRIFFIN,35,6,21,8,0
Worth,Bridgeboro,JUDGE, PROBATE COURT,D,FIDILA GRIFFIN,139,4,77,58,0
Worth,County Line,JUDGE, PROBATE COURT,D,FIDILA GRIFFIN,62,5,31,26,0
Worth,Isabella,JUDGE, PROBATE COURT,D,FIDILA GRIFFIN,141,2,80,59,0
Worth,Piney Woods,JUDGE, PROBATE COURT,D,FIDILA GRIFFIN,54,2,31,21,0
Worth,Sylver East,JUDGE, PROBATE COURT,D,FIDILA GRIFFIN,154,6,80,68,0
Worth,Poulan,JUDGE, PROBATE COURT,D,FIDILA GRIFFIN,117,1,84,32,0
Worth,Sumner,JUDGE, PROBATE COURT,D,FIDILA GRIFFIN,88,3,48,37,0
Worth,Shingler,JUDGE, PROBATE COURT,D,FIDILA GRIFFIN,52,1,33,18,0
Worth,Red Rock,JUDGE, PROBATE COURT,D,FIDILA GRIFFIN,151,3,107,41,0
Worth,Doles,JUDGE, PROBATE COURT,D,FIDILA GRIFFIN,33,0,23,10,0
Worth,Oakfield,JUDGE, PROBATE COURT,D,FIDILA GRIFFIN,50,2,37,11,0
Worth,Warwick,JUDGE, PROBATE COURT,D,FIDILA GRIFFIN,149,34,109,6,0
Worth,,CLERK, SUPERIOR COURT,D,BRENDA W. HICKS (I),6673,241,4165,2262,5
Worth,Sylvester,CLERK, SUPERIOR COURT,D,BRENDA W. HICKS (I),1414,59,685,670,0
Worth,Scooterville,CLERK, SUPERIOR COURT,D,BRENDA W. HICKS (I),262,4,194,64,0
Worth,Minton,CLERK, SUPERIOR COURT,D,BRENDA W. HICKS (I),245,10,182,53,0
Worth,Bridgeboro,CLERK, SUPERIOR COURT,D,BRENDA W. HICKS (I),574,11,391,171,1
Worth,County Line,CLERK, SUPERIOR COURT,D,BRENDA W. HICKS (I),325,11,217,97,0
Worth,Isabella,CLERK, SUPERIOR COURT,D,BRENDA W. HICKS (I),746,18,427,301,0
Worth,Piney Woods,CLERK, SUPERIOR COURT,D,BRENDA W. HICKS (I),131,4,80,47,0
Worth,Sylver East,CLERK, SUPERIOR COURT,D,BRENDA W. HICKS (I),693,27,343,323,0
Worth,Poulan,CLERK, SUPERIOR COURT,D,BRENDA W. HICKS (I),428,13,281,134,0
Worth,Sumner,CLERK, SUPERIOR COURT,D,BRENDA W. HICKS (I),359,7,239,113,0
Worth,Shingler,CLERK, SUPERIOR COURT,D,BRENDA W. HICKS (I),299,7,219,73,0
Worth,Red Rock,CLERK, SUPERIOR COURT,D,BRENDA W. HICKS (I),504,16,368,120,0
Worth,Doles,CLERK, SUPERIOR COURT,D,BRENDA W. HICKS (I),225,7,176,39,3
Worth,Oakfield,CLERK, SUPERIOR COURT,D,BRENDA W. HICKS (I),113,5,91,16,1
Worth,Warwick,CLERK, SUPERIOR COURT,D,BRENDA W. HICKS (I),355,42,272,41,0
Worth,,SHERIFF,,R,JEFF HOBBY,4338,159,2777,1398,4
Worth,Sylvester,SHERIFF,,R,JEFF HOBBY,448,16,192,240,0
Worth,Scooterville,SHERIFF,,R,JEFF HOBBY,245,5,194,46,0
Worth,Minton,SHERIFF,,R,JEFF HOBBY,227,2,172,53,0
Worth,Bridgeboro,SHERIFF,,R,JEFF HOBBY,483,14,329,139,1
Worth,County Line,SHERIFF,,R,JEFF HOBBY,239,5,163,71,0
Worth,Isabella,SHERIFF,,R,JEFF HOBBY,506,13,276,217,0
Worth,Piney Woods,SHERIFF,,R,JEFF HOBBY,67,5,48,14,0
Worth,Sylver East,SHERIFF,,R,JEFF HOBBY,442,23,210,209,0
Worth,Poulan,SHERIFF,,R,JEFF HOBBY,303,17,196,90,0
Worth,Sumner,SHERIFF,,R,JEFF HOBBY,284,7,200,77,0
Worth,Shingler,SHERIFF,,R,JEFF HOBBY,249,7,182,60,0
Worth,Red Rock,SHERIFF,,R,JEFF HOBBY,375,21,254,99,1
Worth,Doles,SHERIFF,,R,JEFF HOBBY,174,7,130,35,2
Worth,Oakfield,SHERIFF,,R,JEFF HOBBY,65,2,57,6,0
Worth,Warwick,SHERIFF,,R,JEFF HOBBY,231,15,174,42,0
Worth,,SHERIFF,,D,"JOHN ""JD"" DANIEL",3971,133,2408,1428,2
Worth,Sylvester,SHERIFF,,D,"JOHN ""JD"" DANIEL",1177,47,597,533,0
Worth,Scooterville,SHERIFF,,D,"JOHN ""JD"" DANIEL",97,1,68,28,0
Worth,Minton,SHERIFF,,D,"JOHN ""JD"" DANIEL",84,8,59,17,0
Worth,Bridgeboro,SHERIFF,,D,"JOHN ""JD"" DANIEL",264,2,180,82,0
Worth,County Line,SHERIFF,,D,"JOHN ""JD"" DANIEL",176,6,114,56,0
Worth,Isabella,SHERIFF,,D,"JOHN ""JD"" DANIEL",437,10,259,168,0
Worth,Piney Woods,SHERIFF,,D,"JOHN ""JD"" DANIEL",94,1,53,40,0
Worth,Sylver East,SHERIFF,,D,"JOHN ""JD"" DANIEL",413,10,213,190,0
Worth,Poulan,SHERIFF,,D,"JOHN ""JD"" DANIEL",243,3,159,81,0
Worth,Sumner,SHERIFF,,D,"JOHN ""JD"" DANIEL",171,3,100,68,0
Worth,Shingler,SHERIFF,,D,"JOHN ""JD"" DANIEL",126,1,88,37,0
Worth,Red Rock,SHERIFF,,D,"JOHN ""JD"" DANIEL",271,3,204,64,0
Worth,Doles,SHERIFF,,D,"JOHN ""JD"" DANIEL",123,2,87,33,1
Worth,Oakfield,SHERIFF,,D,"JOHN ""JD"" DANIEL",79,3,64,11,1
Worth,Warwick,SHERIFF,,D,"JOHN ""JD"" DANIEL",216,33,163,20,0
Worth,,TAX COMMISSIONER,,D,TABETHA DUPRIEST (I),6912,259,4290,2358,5
Worth,Sylvester,TAX COMMISSIONER,,D,TABETHA DUPRIEST (I),1407,62,674,671,0
Worth,Scooterville,TAX COMMISSIONER,,D,TABETHA DUPRIEST (I),281,4,211,66,0
Worth,Minton,TAX COMMISSIONER,,D,TABETHA DUPRIEST (I),259,10,192,57,0
Worth,Bridgeboro,TAX COMMISSIONER,,D,TABETHA DUPRIEST (I),609,13,414,181,1
Worth,County Line,TAX COMMISSIONER,,D,TABETHA DUPRIEST (I),339,10,226,103,0
Worth,Isabella,TAX COMMISSIONER,,D,TABETHA DUPRIEST (I),765,18,437,310,0
Worth,Piney Woods,TAX COMMISSIONER,,D,TABETHA DUPRIEST (I),133,6,80,47,0
Worth,Sylver East,TAX COMMISSIONER,,D,TABETHA DUPRIEST (I),731,28,357,346,0
Worth,Poulan,TAX COMMISSIONER,,D,TABETHA DUPRIEST (I),464,18,303,143,0
Worth,Sumner,TAX COMMISSIONER,,D,TABETHA DUPRIEST (I),371,8,248,115,0
Worth,Shingler,TAX COMMISSIONER,,D,TABETHA DUPRIEST (I),313,6,227,80,0
Worth,Red Rock,TAX COMMISSIONER,,D,TABETHA DUPRIEST (I),531,18,387,126,0
Worth,Doles,TAX COMMISSIONER,,D,TABETHA DUPRIEST (I),233,9,172,49,3
Worth,Oakfield,TAX COMMISSIONER,,D,TABETHA DUPRIEST (I),116,5,93,17,1
Worth,Warwick,TAX COMMISSIONER,,D,TABETHA DUPRIEST (I),360,44,269,47,0
Worth,,SURVEYOR,,R,ROGER A. MEDDERS (I),6500,214,4136,2145,5
Worth,Sylvester,SURVEYOR,,R,ROGER A. MEDDERS (I),987,42,469,476,0
Worth,Scooterville,SURVEYOR,,R,ROGER A. MEDDERS (I),293,4,226,63,0
Worth,Minton,SURVEYOR,,R,ROGER A. MEDDERS (I),263,4,198,61,0
Worth,Bridgeboro,SURVEYOR,,R,ROGER A. MEDDERS (I),638,14,437,186,1
Worth,County Line,SURVEYOR,,R,ROGER A. MEDDERS (I),355,5,243,107,0
Worth,Isabella,SURVEYOR,,R,ROGER A. MEDDERS (I),793,20,459,314,0
Worth,Piney Woods,SURVEYOR,,R,ROGER A. MEDDERS (I),114,6,74,34,0
Worth,Sylver East,SURVEYOR,,R,ROGER A. MEDDERS (I),723,30,355,338,0
Worth,Poulan,SURVEYOR,,R,ROGER A. MEDDERS (I),448,17,293,138,0
Worth,Sumner,SURVEYOR,,R,ROGER A. MEDDERS (I),377,7,253,117,0
Worth,Shingler,SURVEYOR,,R,ROGER A. MEDDERS (I),324,8,241,75,0
Worth,Red Rock,SURVEYOR,,R,ROGER A. MEDDERS (I),514,21,373,120,0
Worth,Doles,SURVEYOR,,R,ROGER A. MEDDERS (I),251,9,183,56,3
Worth,Oakfield,SURVEYOR,,R,ROGER A. MEDDERS (I),99,4,82,12,1
Worth,Warwick,SURVEYOR,,R,ROGER A. MEDDERS (I),321,23,250,48,0
Worth,,CORONER,,R,JOHN M. JOHNSON (I),6525,221,4152,2147,5
Worth,Sylvester,CORONER,,R,JOHN M. JOHNSON (I),983,42,470,471,0
Worth,Scooterville,CORONER,,R,JOHN M. JOHNSON (I),300,4,232,64,0
Worth,Minton,CORONER,,R,JOHN M. JOHNSON (I),261,4,195,62,0
Worth,Bridgeboro,CORONER,,R,JOHN M. JOHNSON (I),628,15,425,187,1
Worth,County Line,CORONER,,R,JOHN M. JOHNSON (I),360,5,246,109,0
Worth,Isabella,CORONER,,R,JOHN M. JOHNSON (I),804,22,465,317,0
Worth,Piney Woods,CORONER,,R,JOHN M. JOHNSON (I),118,6,74,38,0
Worth,Sylver East,CORONER,,R,JOHN M. JOHNSON (I),712,30,353,329,0
Worth,Poulan,CORONER,,R,JOHN M. JOHNSON (I),445,17,287,141,0
Worth,Sumner,CORONER,,R,JOHN M. JOHNSON (I),380,8,253,119,0
Worth,Shingler,CORONER,,R,JOHN M. JOHNSON (I),322,8,237,77,0
Worth,Red Rock,CORONER,,R,JOHN M. JOHNSON (I),519,22,377,120,0
Worth,Doles,CORONER,,R,JOHN M. JOHNSON (I),247,9,181,54,3
Worth,Oakfield,CORONER,,R,JOHN M. JOHNSON (I),100,4,84,11,1
Worth,Warwick,CORONER,,R,JOHN M. JOHNSON (I),346,25,273,48,0
Worth,,CHIEF MAGISTRATE,,R,TONY STRENTH (I),6697,225,4236,2231,5
Worth,Sylvester,CHIEF MAGISTRATE,,R,TONY STRENTH (I),1069,45,511,513,0
Worth,Scooterville,CHIEF MAGISTRATE,,R,TONY STRENTH (I),304,4,236,64,0
Worth,Minton,CHIEF MAGISTRATE,,R,TONY STRENTH (I),276,4,205,67,0
Worth,Bridgeboro,CHIEF MAGISTRATE,,R,TONY STRENTH (I),642,15,435,191,1
Worth,County Line,CHIEF MAGISTRATE,,R,TONY STRENTH (I),365,6,251,108,0
Worth,Isabella,CHIEF MAGISTRATE,,R,TONY STRENTH (I),822,22,474,326,0
Worth,Piney Woods,CHIEF MAGISTRATE,,R,TONY STRENTH (I),121,6,76,39,0
Worth,Sylver East,CHIEF MAGISTRATE,,R,TONY STRENTH (I),732,31,360,341,0
Worth,Poulan,CHIEF MAGISTRATE,,R,TONY STRENTH (I),452,19,292,141,0
Worth,Sumner,CHIEF MAGISTRATE,,R,TONY STRENTH (I),379,7,252,120,0
Worth,Shingler,CHIEF MAGISTRATE,,R,TONY STRENTH (I),334,8,244,82,0
Worth,Red Rock,CHIEF MAGISTRATE,,R,TONY STRENTH (I),531,22,386,123,0
Worth,Doles,CHIEF MAGISTRATE,,R,TONY STRENTH (I),253,9,186,55,3
Worth,Oakfield,CHIEF MAGISTRATE,,R,TONY STRENTH (I),94,4,79,10,1
Worth,Warwick,CHIEF MAGISTRATE,,R,TONY STRENTH (I),323,23,249,51,0
Worth,,SOLICITOR,,R,BRYCE JOHNSON (I),6465,216,4098,2146,5
Worth,Sylvester,SOLICITOR,,R,BRYCE JOHNSON (I),974,41,460,473,0
Worth,Scooterville,SOLICITOR,,R,BRYCE JOHNSON (I),297,4,228,65,0
Worth,Minton,SOLICITOR,,R,BRYCE JOHNSON (I),268,4,202,62,0
Worth,Bridgeboro,SOLICITOR,,R,BRYCE JOHNSON (I),635,14,431,189,1
Worth,County Line,SOLICITOR,,R,BRYCE JOHNSON (I),351,6,242,103,0
Worth,Isabella,SOLICITOR,,R,BRYCE JOHNSON (I),812,22,469,321,0
Worth,Piney Woods,SOLICITOR,,R,BRYCE JOHNSON (I),112,6,71,35,0
Worth,Sylver East,SOLICITOR,,R,BRYCE JOHNSON (I),714,30,353,331,0
Worth,Poulan,SOLICITOR,,R,BRYCE JOHNSON (I),438,18,282,138,0
Worth,Sumner,SOLICITOR,,R,BRYCE JOHNSON (I),375,7,252,116,0
Worth,Shingler,SOLICITOR,,R,BRYCE JOHNSON (I),325,8,238,79,0
Worth,Red Rock,SOLICITOR,,R,BRYCE JOHNSON (I),505,21,364,120,0
Worth,Doles,SOLICITOR,,R,BRYCE JOHNSON (I),245,8,180,54,3
Worth,Oakfield,SOLICITOR,,R,BRYCE JOHNSON (I),95,4,78,12,1
Worth,Warwick,SOLICITOR,,R,BRYCE JOHNSON (I),319,23,248,48,0
Worth,,CHAIR CC,,R,JOHN M. COSBY,4459,142,2847,1467,3
Worth,Sylvester,CHAIR CC,,R,JOHN M. COSBY,480,16,222,242,0
Worth,Scooterville,CHAIR CC,,R,JOHN M. COSBY,256,5,202,49,0
Worth,Minton,CHAIR CC,,R,JOHN M. COSBY,214,3,163,48,0
Worth,Bridgeboro,CHAIR CC,,R,JOHN M. COSBY,476,14,332,129,1
Worth,County Line,CHAIR CC,,R,JOHN M. COSBY,274,5,197,72,0
Worth,Isabella,CHAIR CC,,R,JOHN M. COSBY,552,13,307,232,0
Worth,Piney Woods,CHAIR CC,,R,JOHN M. COSBY,85,5,59,21,0
Worth,Sylver East,CHAIR CC,,R,JOHN M. COSBY,485,19,232,234,0
Worth,Poulan,CHAIR CC,,R,JOHN M. COSBY,315,11,186,118,0
Worth,Sumner,CHAIR CC,,R,JOHN M. COSBY,292,7,200,85,0
Worth,Shingler,CHAIR CC,,R,JOHN M. COSBY,235,4,172,59,0
Worth,Red Rock,CHAIR CC,,R,JOHN M. COSBY,373,18,259,96,0
Worth,Doles,CHAIR CC,,R,JOHN M. COSBY,162,8,111,41,2
Worth,Oakfield,CHAIR CC,,R,JOHN M. COSBY,56,2,50,4,0
Worth,Warwick,CHAIR CC,,R,JOHN M. COSBY,204,12,155,37,0
Worth,,CHAIR CC,,D,MATT MEDDERS (I),3532,147,2124,1259,2
Worth,Sylvester,CHAIR CC,,D,MATT MEDDERS (I),1036,46,505,485,0
Worth,Scooterville,CHAIR CC,,D,MATT MEDDERS (I),74,1,48,25,0
Worth,Minton,CHAIR CC,,D,MATT MEDDERS (I),90,7,63,20,0
Worth,Bridgeboro,CHAIR CC,,D,MATT MEDDERS (I),251,1,163,87,0
Worth,County Line,CHAIR CC,,D,MATT MEDDERS (I),125,6,71,48,0
Worth,Isabella,CHAIR CC,,D,MATT MEDDERS (I),371,10,217,144,0
Worth,Piney Woods,CHAIR CC,,D,MATT MEDDERS (I),70,1,39,30,0
Worth,Sylver East,CHAIR CC,,D,MATT MEDDERS (I),350,14,176,160,0
Worth,Poulan,CHAIR CC,,D,MATT MEDDERS (I),214,8,154,52,0
Worth,Sumner,CHAIR CC,,D,MATT MEDDERS (I),149,3,91,55,0
Worth,Shingler,CHAIR CC,,D,MATT MEDDERS (I),130,4,89,37,0
Worth,Red Rock,CHAIR CC,,D,MATT MEDDERS (I),249,6,184,59,0
Worth,Doles,CHAIR CC,,D,MATT MEDDERS (I),117,1,92,23,1
Worth,Oakfield,CHAIR CC,,D,MATT MEDDERS (I),78,3,61,13,1
Worth,Warwick,CHAIR CC,,D,MATT MEDDERS (I),228,36,171,21,0
Worth,,CC, D1,D,JOE GAINES,1535,57,768,710,0
Worth,Sylvester,CC, D1,D,JOE GAINES,1404,53,690,661,0
Worth,Piney Woods,CC, D1,D,JOE GAINES,131,4,78,49,0
Worth,,BOE, D2,R,JERRY E. JONES (I),1877,63,1138,676,0
Worth,Sylver East,BOE, D2,R,JERRY E. JONES (I),723,30,353,340,0
Worth,Poulan,BOE, D2,R,JERRY E. JONES (I),447,18,291,138,0
Worth,Sumner,BOE, D2,R,JERRY E. JONES (I),380,7,255,118,0
Worth,Shingler,BOE, D2,R,JERRY E. JONES (I),327,8,239,80,0
Worth,,BOE, D3,R,BILLY R. OLIVER,1257,53,836,368,0
Worth,Isabella,BOE, D3,R,BILLY R. OLIVER,521,15,302,204,0
Worth,Red Rock,BOE, D3,R,BILLY R. OLIVER,372,20,258,94,0
Worth,Doles,BOE, D3,R,BILLY R. OLIVER,134,6,89,39,0
Worth,Oakfield,BOE, D3,R,BILLY R. OLIVER,53,2,47,4,0
Worth,Warwick,BOE, D3,R,BILLY R. OLIVER,177,10,140,27,0
Worth,,BOE, D3,D,MIKE D. ROBERTS (I),1132,55,772,301,4
Worth,Isabella,BOE, D3,D,MIKE D. ROBERTS (I),390,7,212,171,0
Worth,Red Rock,BOE, D3,D,MIKE D. ROBERTS (I),252,4,187,61,0
Worth,Doles,BOE, D3,D,MIKE D. ROBERTS (I),149,3,118,25,3
Worth,Oakfield,BOE, D3,D,MIKE D. ROBERTS (I),86,3,69,13,1
Worth,Warwick,BOE, D3,D,MIKE D. ROBERTS (I),255,38,186,31,0
Worth,,Constitutional Amendment #1<br>Shall the Constitution be amended to allow state or local approval of public charter schools upon the request of local communities?,,,YES,3969,139,2339,1489,2
Worth,Sylvester,Constitutional Amendment #1<br>Shall the Constitution be amended to allow state or local approval of public charter schools upon the request of local communities?,,,YES,819,29,381,409,0
Worth,Scooterville,Constitutional Amendment #1<br>Shall the Constitution be amended to allow state or local approval of public charter schools upon the request of local communities?,,,YES,150,3,110,37,0
Worth,Minton,Constitutional Amendment #1<br>Shall the Constitution be amended to allow state or local approval of public charter schools upon the request of local communities?,,,YES,106,0,78,28,0
Worth,Bridgeboro,Constitutional Amendment #1<br>Shall the Constitution be amended to allow state or local approval of public charter schools upon the request of local communities?,,,YES,393,11,249,132,1
Worth,County Line,Constitutional Amendment #1<br>Shall the Constitution be amended to allow state or local approval of public charter schools upon the request of local communities?,,,YES,236,4,152,80,0
Worth,Isabella,Constitutional Amendment #1<br>Shall the Constitution be amended to allow state or local approval of public charter schools upon the request of local communities?,,,YES,426,13,218,195,0
Worth,Piney Woods,Constitutional Amendment #1<br>Shall the Constitution be amended to allow state or local approval of public charter schools upon the request of local communities?,,,YES,91,4,56,31,0
Worth,Sylver East,Constitutional Amendment #1<br>Shall the Constitution be amended to allow state or local approval of public charter schools upon the request of local communities?,,,YES,380,16,158,206,0
Worth,Poulan,Constitutional Amendment #1<br>Shall the Constitution be amended to allow state or local approval of public charter schools upon the request of local communities?,,,YES,266,14,168,84,0
Worth,Sumner,Constitutional Amendment #1<br>Shall the Constitution be amended to allow state or local approval of public charter schools upon the request of local communities?,,,YES,207,9,121,77,0
Worth,Shingler,Constitutional Amendment #1<br>Shall the Constitution be amended to allow state or local approval of public charter schools upon the request of local communities?,,,YES,148,4,99,45,0
Worth,Red Rock,Constitutional Amendment #1<br>Shall the Constitution be amended to allow state or local approval of public charter schools upon the request of local communities?,,,YES,337,16,239,82,0
Worth,Doles,Constitutional Amendment #1<br>Shall the Constitution be amended to allow state or local approval of public charter schools upon the request of local communities?,,,YES,133,3,92,38,0
Worth,Oakfield,Constitutional Amendment #1<br>Shall the Constitution be amended to allow state or local approval of public charter schools upon the request of local communities?,,,YES,65,3,52,9,1
Worth,Warwick,Constitutional Amendment #1<br>Shall the Constitution be amended to allow state or local approval of public charter schools upon the request of local communities?,,,YES,212,10,166,36,0
Worth,,Constitutional Amendment #1<br>Shall the Constitution be amended to allow state or local approval of public charter schools upon the request of local communities?,,,NO,4016,133,2670,1210,3
Worth,Sylvester,Constitutional Amendment #1<br>Shall the Constitution be amended to allow state or local approval of public charter schools upon the request of local communities?,,,NO,703,31,360,312,0
Worth,Scooterville,Constitutional Amendment #1<br>Shall the Constitution be amended to allow state or local approval of public charter schools upon the request of local communities?,,,NO,184,3,147,34,0
Worth,Minton,Constitutional Amendment #1<br>Shall the Constitution be amended to allow state or local approval of public charter schools upon the request of local communities?,,,NO,190,5,147,38,0
Worth,Bridgeboro,Constitutional Amendment #1<br>Shall the Constitution be amended to allow state or local approval of public charter schools upon the request of local communities?,,,NO,335,4,245,86,0
Worth,County Line,Constitutional Amendment #1<br>Shall the Constitution be amended to allow state or local approval of public charter schools upon the request of local communities?,,,NO,167,4,118,45,0
Worth,Isabella,Constitutional Amendment #1<br>Shall the Constitution be amended to allow state or local approval of public charter schools upon the request of local communities?,,,NO,495,11,307,177,0
Worth,Piney Woods,Constitutional Amendment #1<br>Shall the Constitution be amended to allow state or local approval of public charter schools upon the request of local communities?,,,NO,65,2,43,20,0
Worth,Sylver East,Constitutional Amendment #1<br>Shall the Constitution be amended to allow state or local approval of public charter schools upon the request of local communities?,,,NO,451,17,255,179,0
Worth,Poulan,Constitutional Amendment #1<br>Shall the Constitution be amended to allow state or local approval of public charter schools upon the request of local communities?,,,NO,256,4,173,79,0
Worth,Sumner,Constitutional Amendment #1<br>Shall the Constitution be amended to allow state or local approval of public charter schools upon the request of local communities?,,,NO,237,1,171,65,0
Worth,Shingler,Constitutional Amendment #1<br>Shall the Constitution be amended to allow state or local approval of public charter schools upon the request of local communities?,,,NO,216,4,163,49,0
Worth,Red Rock,Constitutional Amendment #1<br>Shall the Constitution be amended to allow state or local approval of public charter schools upon the request of local communities?,,,NO,285,6,209,70,0
Worth,Doles,Constitutional Amendment #1<br>Shall the Constitution be amended to allow state or local approval of public charter schools upon the request of local communities?,,,NO,150,5,118,24,3
Worth,Oakfield,Constitutional Amendment #1<br>Shall the Constitution be amended to allow state or local approval of public charter schools upon the request of local communities?,,,NO,67,2,56,9,0
Worth,Warwick,Constitutional Amendment #1<br>Shall the Constitution be amended to allow state or local approval of public charter schools upon the request of local communities?,,,NO,215,34,158,23,0
Worth,,Constitutional Amendment #2<br>Shall the Constitution be amended so as to provide for a reduction in the state's operating costs by allowing the General Assembly to authorize certain state agencies to enter into multiyear rental agreements?,,,YES,4201,141,2549,1509,2
Worth,Sylvester,Constitutional Amendment #2<br>Shall the Constitution be amended so as to provide for a reduction in the state's operating costs by allowing the General Assembly to authorize certain state agencies to enter into multiyear rental agreements?,,,YES,860,32,420,408,0
Worth,Scooterville,Constitutional Amendment #2<br>Shall the Constitution be amended so as to provide for a reduction in the state's operating costs by allowing the General Assembly to authorize certain state agencies to enter into multiyear rental agreements?,,,YES,160,2,118,40,0
Worth,Minton,Constitutional Amendment #2<br>Shall the Constitution be amended so as to provide for a reduction in the state's operating costs by allowing the General Assembly to authorize certain state agencies to enter into multiyear rental agreements?,,,YES,125,0,90,35,0
Worth,Bridgeboro,Constitutional Amendment #2<br>Shall the Constitution be amended so as to provide for a reduction in the state's operating costs by allowing the General Assembly to authorize certain state agencies to enter into multiyear rental agreements?,,,YES,364,10,236,117,1
Worth,County Line,Constitutional Amendment #2<br>Shall the Constitution be amended so as to provide for a reduction in the state's operating costs by allowing the General Assembly to authorize certain state agencies to enter into multiyear rental agreements?,,,YES,220,6,140,74,0
Worth,Isabella,Constitutional Amendment #2<br>Shall the Constitution be amended so as to provide for a reduction in the state's operating costs by allowing the General Assembly to authorize certain state agencies to enter into multiyear rental agreements?,,,YES,496,16,264,216,0
Worth,Piney Woods,Constitutional Amendment #2<br>Shall the Constitution be amended so as to provide for a reduction in the state's operating costs by allowing the General Assembly to authorize certain state agencies to enter into multiyear rental agreements?,,,YES,97,3,60,34,0
Worth,Sylver East,Constitutional Amendment #2<br>Shall the Constitution be amended so as to provide for a reduction in the state's operating costs by allowing the General Assembly to authorize certain state agencies to enter into multiyear rental agreements?,,,YES,445,19,218,208,0
Worth,Poulan,Constitutional Amendment #2<br>Shall the Constitution be amended so as to provide for a reduction in the state's operating costs by allowing the General Assembly to authorize certain state agencies to enter into multiyear rental agreements?,,,YES,254,12,164,78,0
Worth,Sumner,Constitutional Amendment #2<br>Shall the Constitution be amended so as to provide for a reduction in the state's operating costs by allowing the General Assembly to authorize certain state agencies to enter into multiyear rental agreements?,,,YES,230,7,144,79,0
Worth,Shingler,Constitutional Amendment #2<br>Shall the Constitution be amended so as to provide for a reduction in the state's operating costs by allowing the General Assembly to authorize certain state agencies to enter into multiyear rental agreements?,,,YES,175,5,118,52,0
Worth,Red Rock,Constitutional Amendment #2<br>Shall the Constitution be amended so as to provide for a reduction in the state's operating costs by allowing the General Assembly to authorize certain state agencies to enter into multiyear rental agreements?,,,YES,356,17,245,94,0
Worth,Doles,Constitutional Amendment #2<br>Shall the Constitution be amended so as to provide for a reduction in the state's operating costs by allowing the General Assembly to authorize certain state agencies to enter into multiyear rental agreements?,,,YES,137,1,105,30,1
Worth,Oakfield,Constitutional Amendment #2<br>Shall the Constitution be amended so as to provide for a reduction in the state's operating costs by allowing the General Assembly to authorize certain state agencies to enter into multiyear rental agreements?,,,YES,80,2,65,13,0
Worth,Warwick,Constitutional Amendment #2<br>Shall the Constitution be amended so as to provide for a reduction in the state's operating costs by allowing the General Assembly to authorize certain state agencies to enter into multiyear rental agreements?,,,YES,202,9,162,31,0
Worth,,Constitutional Amendment #2<br>Shall the Constitution be amended so as to provide for a reduction in the state's operating costs by allowing the General Assembly to authorize certain state agencies to enter into multiyear rental agreements?,,,NO,3472,126,2271,1073,2
Worth,Sylvester,Constitutional Amendment #2<br>Shall the Constitution be amended so as to provide for a reduction in the state's operating costs by allowing the General Assembly to authorize certain state agencies to enter into multiyear rental agreements?,,,NO,615,26,296,293,0
Worth,Scooterville,Constitutional Amendment #2<br>Shall the Constitution be amended so as to provide for a reduction in the state's operating costs by allowing the General Assembly to authorize certain state agencies to enter into multiyear rental agreements?,,,NO,160,4,128,28,0
Worth,Minton,Constitutional Amendment #2<br>Shall the Constitution be amended so as to provide for a reduction in the state's operating costs by allowing the General Assembly to authorize certain state agencies to enter into multiyear rental agreements?,,,NO,156,5,125,26,0
Worth,Bridgeboro,Constitutional Amendment #2<br>Shall the Constitution be amended so as to provide for a reduction in the state's operating costs by allowing the General Assembly to authorize certain state agencies to enter into multiyear rental agreements?,,,NO,327,5,235,87,0
Worth,County Line,Constitutional Amendment #2<br>Shall the Constitution be amended so as to provide for a reduction in the state's operating costs by allowing the General Assembly to authorize certain state agencies to enter into multiyear rental agreements?,,,NO,171,2,123,46,0
Worth,Isabella,Constitutional Amendment #2<br>Shall the Constitution be amended so as to provide for a reduction in the state's operating costs by allowing the General Assembly to authorize certain state agencies to enter into multiyear rental agreements?,,,NO,399,7,247,145,0
Worth,Piney Woods,Constitutional Amendment #2<br>Shall the Constitution be amended so as to provide for a reduction in the state's operating costs by allowing the General Assembly to authorize certain state agencies to enter into multiyear rental agreements?,,,NO,55,3,35,17,0
Worth,Sylver East,Constitutional Amendment #2<br>Shall the Constitution be amended so as to provide for a reduction in the state's operating costs by allowing the General Assembly to authorize certain state agencies to enter into multiyear rental agreements?,,,NO,329,13,167,149,0
Worth,Poulan,Constitutional Amendment #2<br>Shall the Constitution be amended so as to provide for a reduction in the state's operating costs by allowing the General Assembly to authorize certain state agencies to enter into multiyear rental agreements?,,,NO,247,6,165,76,0
Worth,Sumner,Constitutional Amendment #2<br>Shall the Constitution be amended so as to provide for a reduction in the state's operating costs by allowing the General Assembly to authorize certain state agencies to enter into multiyear rental agreements?,,,NO,197,3,138,56,0
Worth,Shingler,Constitutional Amendment #2<br>Shall the Constitution be amended so as to provide for a reduction in the state's operating costs by allowing the General Assembly to authorize certain state agencies to enter into multiyear rental agreements?,,,NO,169,2,129,38,0
Worth,Red Rock,Constitutional Amendment #2<br>Shall the Constitution be amended so as to provide for a reduction in the state's operating costs by allowing the General Assembly to authorize certain state agencies to enter into multiyear rental agreements?,,,NO,257,5,196,56,0
Worth,Doles,Constitutional Amendment #2<br>Shall the Constitution be amended so as to provide for a reduction in the state's operating costs by allowing the General Assembly to authorize certain state agencies to enter into multiyear rental agreements?,,,NO,137,7,98,30,2
Worth,Oakfield,Constitutional Amendment #2<br>Shall the Constitution be amended so as to provide for a reduction in the state's operating costs by allowing the General Assembly to authorize certain state agencies to enter into multiyear rental agreements?,,,NO,49,3,43,3,0
Worth,Warwick,Constitutional Amendment #2<br>Shall the Constitution be amended so as to provide for a reduction in the state's operating costs by allowing the General Assembly to authorize certain state agencies to enter into multiyear rental agreements?,,,NO,204,35,146,23,0
