county,precinct,office,district,party,candidate,votes,absentee_by_mail,election_day,advance_in_person,provisional
Burke,,President of the United States,,R,MITT ROMNEY,4301,330,2425,1546,0
Burke,Alexander,President of the United States,,R,MITT ROMNEY,122,2,82,38,0
Burke,Four Points,President of the United States,,R,MITT ROMNEY,736,36,501,199,0
Burke,Girard,President of the United States,,R,MITT ROMNEY,173,11,138,24,0
Burke,Gough,President of the United States,,R,MITT ROMNEY,83,2,61,20,0
Burke,Greenscut,President of the United States,,R,MITT ROMNEY,333,18,211,104,0
Burke,Keysville,President of the United States,,R,MITT ROMNEY,84,6,66,12,0
Burke,Midville,President of the United States,,R,MITT ROMNEY,126,14,100,12,0
Burke,Munnerlyn,President of the United States,,R,MITT ROMNEY,77,6,55,16,0
Burke,Sardis,President of the United States,,R,MITT ROMNEY,324,22,248,54,0
Burke,Scotts Crossroads,President of the United States,,R,MITT ROMNEY,53,1,40,12,0
Burke,Telfair,President of the United States,,R,MITT ROMNEY,243,18,169,56,0
Burke,St. Clair,President of the United States,,R,MITT ROMNEY,126,6,72,48,0
Burke,Vidette,President of the United States,,R,MITT ROMNEY,91,5,66,20,0
Burke,North Waynesboro,President of the United States,,R,MITT ROMNEY,400,29,189,182,0
Burke,South Waynesboro,President of the United States,,R,MITT ROMNEY,1198,148,380,670,0
Burke,Blakeney,President of the United States,,R,MITT ROMNEY,132,6,47,79,0
Burke,,President of the United States,,(D,BARACK OBAMA (I),5405,786,3056,1563,0
Burke,Alexander,President of the United States,,(D,BARACK OBAMA (I),126,18,87,21,0
Burke,Four Points,President of the United States,,(D,BARACK OBAMA (I),455,42,280,133,0
Burke,Girard,President of the United States,,(D,BARACK OBAMA (I),277,36,191,50,0
Burke,Gough,President of the United States,,(D,BARACK OBAMA (I),201,13,152,36,0
Burke,Greenscut,President of the United States,,(D,BARACK OBAMA (I),305,53,159,93,0
Burke,Keysville,President of the United States,,(D,BARACK OBAMA (I),146,8,120,18,0
Burke,Midville,President of the United States,,(D,BARACK OBAMA (I),177,8,149,20,0
Burke,Munnerlyn,President of the United States,,(D,BARACK OBAMA (I),96,16,54,26,0
Burke,Sardis,President of the United States,,(D,BARACK OBAMA (I),303,20,239,44,0
Burke,Scotts Crossroads,President of the United States,,(D,BARACK OBAMA (I),133,4,97,32,0
Burke,Telfair,President of the United States,,(D,BARACK OBAMA (I),327,52,160,115,0
Burke,St. Clair,President of the United States,,(D,BARACK OBAMA (I),151,18,84,49,0
Burke,Vidette,President of the United States,,(D,BARACK OBAMA (I),124,7,88,29,0
Burke,North Waynesboro,President of the United States,,(D,BARACK OBAMA (I),1466,288,669,509,0
Burke,South Waynesboro,President of the United States,,(D,BARACK OBAMA (I),915,167,414,334,0
Burke,Blakeney,President of the United States,,(D,BARACK OBAMA (I),203,36,113,54,0
Burke,,President of the United States,,L,GARY JOHNSON,72,6,46,20,0
Burke,Alexander,President of the United States,,L,GARY JOHNSON,2,0,1,1,0
Burke,Four Points,President of the United States,,L,GARY JOHNSON,14,2,8,4,0
Burke,Girard,President of the United States,,L,GARY JOHNSON,3,0,2,1,0
Burke,Gough,President of the United States,,L,GARY JOHNSON,4,0,3,1,0
Burke,Greenscut,President of the United States,,L,GARY JOHNSON,1,0,0,1,0
Burke,Keysville,President of the United States,,L,GARY JOHNSON,1,0,1,0,0
Burke,Midville,President of the United States,,L,GARY JOHNSON,1,0,1,0,0
Burke,Munnerlyn,President of the United States,,L,GARY JOHNSON,2,0,1,1,0
Burke,Sardis,President of the United States,,L,GARY JOHNSON,2,0,2,0,0
Burke,Scotts Crossroads,President of the United States,,L,GARY JOHNSON,1,0,1,0,0
Burke,Telfair,President of the United States,,L,GARY JOHNSON,11,0,9,2,0
Burke,St. Clair,President of the United States,,L,GARY JOHNSON,0,0,0,0,0
Burke,Vidette,President of the United States,,L,GARY JOHNSON,1,0,0,1,0
Burke,North Waynesboro,President of the United States,,L,GARY JOHNSON,7,0,5,2,0
Burke,South Waynesboro,President of the United States,,L,GARY JOHNSON,20,4,10,6,0
Burke,Blakeney,President of the United States,,L,GARY JOHNSON,2,0,2,0,0
Burke,,"Public Service Commission, District 3",3,R,CHUCK EATON (I),3880,320,2176,1384,0
Burke,Alexander,"Public Service Commission, District 3",3,R,CHUCK EATON (I),108,2,70,36,0
Burke,Four Points,"Public Service Commission, District 3",3,R,CHUCK EATON (I),648,33,436,179,0
Burke,Girard,"Public Service Commission, District 3",3,R,CHUCK EATON (I),142,12,110,20,0
Burke,Gough,"Public Service Commission, District 3",3,R,CHUCK EATON (I),81,2,56,23,0
Burke,Greenscut,"Public Service Commission, District 3",3,R,CHUCK EATON (I),297,13,191,93,0
Burke,Keysville,"Public Service Commission, District 3",3,R,CHUCK EATON (I),76,6,61,9,0
Burke,Midville,"Public Service Commission, District 3",3,R,CHUCK EATON (I),117,12,92,13,0
Burke,Munnerlyn,"Public Service Commission, District 3",3,R,CHUCK EATON (I),67,8,46,13,0
Burke,Sardis,"Public Service Commission, District 3",3,R,CHUCK EATON (I),258,17,195,46,0
Burke,Scotts Crossroads,"Public Service Commission, District 3",3,R,CHUCK EATON (I),55,2,42,11,0
Burke,Telfair,"Public Service Commission, District 3",3,R,CHUCK EATON (I),223,18,156,49,0
Burke,St. Clair,"Public Service Commission, District 3",3,R,CHUCK EATON (I),121,6,68,47,0
Burke,Vidette,"Public Service Commission, District 3",3,R,CHUCK EATON (I),85,5,62,18,0
Burke,North Waynesboro,"Public Service Commission, District 3",3,R,CHUCK EATON (I),380,33,186,161,0
Burke,South Waynesboro,"Public Service Commission, District 3",3,R,CHUCK EATON (I),1090,145,355,590,0
Burke,Blakeney,"Public Service Commission, District 3",3,R,CHUCK EATON (I),132,6,50,76,0
Burke,,"Public Service Commission, District 3",3,D,STEPHEN OPPENHEIMER,4525,730,2513,1282,0
Burke,Alexander,"Public Service Commission, District 3",3,D,STEPHEN OPPENHEIMER,98,17,71,10,0
Burke,Four Points,"Public Service Commission, District 3",3,D,STEPHEN OPPENHEIMER,414,38,251,125,0
Burke,Girard,"Public Service Commission, District 3",3,D,STEPHEN OPPENHEIMER,237,34,160,43,0
Burke,Gough,"Public Service Commission, District 3",3,D,STEPHEN OPPENHEIMER,154,12,113,29,0
Burke,Greenscut,"Public Service Commission, District 3",3,D,STEPHEN OPPENHEIMER,271,53,135,83,0
Burke,Keysville,"Public Service Commission, District 3",3,D,STEPHEN OPPENHEIMER,136,7,111,18,0
Burke,Midville,"Public Service Commission, District 3",3,D,STEPHEN OPPENHEIMER,147,8,120,19,0
Burke,Munnerlyn,"Public Service Commission, District 3",3,D,STEPHEN OPPENHEIMER,80,13,47,20,0
Burke,Sardis,"Public Service Commission, District 3",3,D,STEPHEN OPPENHEIMER,253,20,201,32,0
Burke,Scotts Crossroads,"Public Service Commission, District 3",3,D,STEPHEN OPPENHEIMER,97,3,70,24,0
Burke,Telfair,"Public Service Commission, District 3",3,D,STEPHEN OPPENHEIMER,274,48,128,98,0
Burke,St. Clair,"Public Service Commission, District 3",3,D,STEPHEN OPPENHEIMER,111,16,60,35,0
Burke,Vidette,"Public Service Commission, District 3",3,D,STEPHEN OPPENHEIMER,89,5,62,22,0
Burke,North Waynesboro,"Public Service Commission, District 3",3,D,STEPHEN OPPENHEIMER,1204,264,546,394,0
Burke,South Waynesboro,"Public Service Commission, District 3",3,D,STEPHEN OPPENHEIMER,784,159,341,284,0
Burke,Blakeney,"Public Service Commission, District 3",3,D,STEPHEN OPPENHEIMER,176,33,97,46,0
Burke,,"Public Service Commission, District 3",3,L,BRAD PLOEGER,247,17,152,78,0
Burke,Alexander,"Public Service Commission, District 3",3,L,BRAD PLOEGER,6,0,4,2,0
Burke,Four Points,"Public Service Commission, District 3",3,L,BRAD PLOEGER,36,2,23,11,0
Burke,Girard,"Public Service Commission, District 3",3,L,BRAD PLOEGER,4,0,3,1,0
Burke,Gough,"Public Service Commission, District 3",3,L,BRAD PLOEGER,4,0,4,0,0
Burke,Greenscut,"Public Service Commission, District 3",3,L,BRAD PLOEGER,22,4,13,5,0
Burke,Keysville,"Public Service Commission, District 3",3,L,BRAD PLOEGER,6,0,4,2,0
Burke,Midville,"Public Service Commission, District 3",3,L,BRAD PLOEGER,8,0,8,0,0
Burke,Munnerlyn,"Public Service Commission, District 3",3,L,BRAD PLOEGER,4,1,2,1,0
Burke,Sardis,"Public Service Commission, District 3",3,L,BRAD PLOEGER,18,1,16,1,0
Burke,Scotts Crossroads,"Public Service Commission, District 3",3,L,BRAD PLOEGER,2,0,2,0,0
Burke,Telfair,"Public Service Commission, District 3",3,L,BRAD PLOEGER,28,2,23,3,0
Burke,St. Clair,"Public Service Commission, District 3",3,L,BRAD PLOEGER,7,0,6,1,0
Burke,Vidette,"Public Service Commission, District 3",3,L,BRAD PLOEGER,8,1,2,5,0
Burke,North Waynesboro,"Public Service Commission, District 3",3,L,BRAD PLOEGER,31,2,18,11,0
Burke,South Waynesboro,"Public Service Commission, District 3",3,L,BRAD PLOEGER,58,4,23,31,0
Burke,Blakeney,"Public Service Commission, District 3",3,L,BRAD PLOEGER,5,0,1,4,0
Burke,,"Public Service Commission, District 5",5,(R,STAN WISE (I),4378,401,2459,1518,0
Burke,Alexander,"Public Service Commission, District 5",5,(R,STAN WISE (I),118,4,80,34,0
Burke,Four Points,"Public Service Commission, District 5",5,(R,STAN WISE (I),720,39,485,196,0
Burke,Girard,"Public Service Commission, District 5",5,(R,STAN WISE (I),173,17,131,25,0
Burke,Gough,"Public Service Commission, District 5",5,(R,STAN WISE (I),94,4,67,23,0
Burke,Greenscut,"Public Service Commission, District 5",5,(R,STAN WISE (I),353,27,224,102,0
Burke,Keysville,"Public Service Commission, District 5",5,(R,STAN WISE (I),91,9,70,12,0
Burke,Midville,"Public Service Commission, District 5",5,(R,STAN WISE (I),129,13,102,14,0
Burke,Munnerlyn,"Public Service Commission, District 5",5,(R,STAN WISE (I),73,9,48,16,0
Burke,Sardis,"Public Service Commission, District 5",5,(R,STAN WISE (I),291,22,216,53,0
Burke,Scotts Crossroads,"Public Service Commission, District 5",5,(R,STAN WISE (I),60,3,46,11,0
Burke,Telfair,"Public Service Commission, District 5",5,(R,STAN WISE (I),249,21,176,52,0
Burke,St. Clair,"Public Service Commission, District 5",5,(R,STAN WISE (I),127,7,73,47,0
Burke,Vidette,"Public Service Commission, District 5",5,(R,STAN WISE (I),93,7,67,19,0
Burke,North Waynesboro,"Public Service Commission, District 5",5,(R,STAN WISE (I),488,53,232,203,0
Burke,South Waynesboro,"Public Service Commission, District 5",5,(R,STAN WISE (I),1173,158,386,629,0
Burke,Blakeney,"Public Service Commission, District 5",5,(R,STAN WISE (I),146,8,56,82,0
Burke,,"Public Service Commission, District 5",5,L,DAVID STAPLES,2850,436,1672,742,0
Burke,Alexander,"Public Service Commission, District 5",5,L,DAVID STAPLES,51,6,39,6,0
Burke,Four Points,"Public Service Commission, District 5",5,L,DAVID STAPLES,287,25,186,76,0
Burke,Girard,"Public Service Commission, District 5",5,L,DAVID STAPLES,138,21,95,22,0
Burke,Gough,"Public Service Commission, District 5",5,L,DAVID STAPLES,87,7,61,19,0
Burke,Greenscut,"Public Service Commission, District 5",5,L,DAVID STAPLES,158,29,80,49,0
Burke,Keysville,"Public Service Commission, District 5",5,L,DAVID STAPLES,103,3,88,12,0
Burke,Midville,"Public Service Commission, District 5",5,L,DAVID STAPLES,100,5,88,7,0
Burke,Munnerlyn,"Public Service Commission, District 5",5,L,DAVID STAPLES,53,6,33,14,0
Burke,Sardis,"Public Service Commission, District 5",5,L,DAVID STAPLES,158,7,129,22,0
Burke,Scotts Crossroads,"Public Service Commission, District 5",5,L,DAVID STAPLES,59,1,46,12,0
Burke,Telfair,"Public Service Commission, District 5",5,L,DAVID STAPLES,163,15,96,52,0
Burke,St. Clair,"Public Service Commission, District 5",5,L,DAVID STAPLES,67,10,41,16,0
Burke,Vidette,"Public Service Commission, District 5",5,L,DAVID STAPLES,58,2,38,18,0
Burke,North Waynesboro,"Public Service Commission, District 5",5,L,DAVID STAPLES,731,171,352,208,0
Burke,South Waynesboro,"Public Service Commission, District 5",5,L,DAVID STAPLES,525,109,234,182,0
Burke,Blakeney,"Public Service Commission, District 5",5,L,DAVID STAPLES,112,19,66,27,0
Burke,,U.S. Representative,12,R,LEE ANDERSON,3365,262,1890,1213,0
Burke,Alexander,U.S. Representative,12,R,LEE ANDERSON,91,1,61,29,0
Burke,Four Points,U.S. Representative,12,R,LEE ANDERSON,599,30,407,162,0
Burke,Girard,U.S. Representative,12,R,LEE ANDERSON,134,10,103,21,0
Burke,Gough,U.S. Representative,12,R,LEE ANDERSON,68,2,49,17,0
Burke,Greenscut,U.S. Representative,12,R,LEE ANDERSON,261,15,168,78,0
Burke,Keysville,U.S. Representative,12,R,LEE ANDERSON,67,4,53,10,0
Burke,Midville,U.S. Representative,12,R,LEE ANDERSON,94,11,71,12,0
Burke,Munnerlyn,U.S. Representative,12,R,LEE ANDERSON,60,5,37,18,0
Burke,Sardis,U.S. Representative,12,R,LEE ANDERSON,225,14,167,44,0
Burke,Scotts Crossroads,U.S. Representative,12,R,LEE ANDERSON,46,0,35,11,0
Burke,Telfair,U.S. Representative,12,R,LEE ANDERSON,194,12,131,51,0
Burke,St. Clair,U.S. Representative,12,R,LEE ANDERSON,99,5,57,37,0
Burke,Vidette,U.S. Representative,12,R,LEE ANDERSON,76,5,56,15,0
Burke,North Waynesboro,U.S. Representative,12,R,LEE ANDERSON,325,26,151,148,0
Burke,South Waynesboro,U.S. Representative,12,R,LEE ANDERSON,918,117,301,500,0
Burke,Blakeney,U.S. Representative,12,R,LEE ANDERSON,108,5,43,60,0
Burke,,U.S. Representative,12,(D,JOHN BARROW (I),6185,826,3521,1838,0
Burke,Alexander,U.S. Representative,12,(D,JOHN BARROW (I),154,19,105,30,0
Burke,Four Points,U.S. Representative,12,(D,JOHN BARROW (I),580,48,364,168,0
Burke,Girard,U.S. Representative,12,(D,JOHN BARROW (I),309,37,220,52,0
Burke,Gough,U.S. Representative,12,(D,JOHN BARROW (I),209,12,159,38,0
Burke,Greenscut,U.S. Representative,12,(D,JOHN BARROW (I),373,57,201,115,0
Burke,Keysville,U.S. Representative,12,(D,JOHN BARROW (I),156,9,128,19,0
Burke,Midville,U.S. Representative,12,(D,JOHN BARROW (I),207,9,178,20,0
Burke,Munnerlyn,U.S. Representative,12,(D,JOHN BARROW (I),113,17,72,24,0
Burke,Sardis,U.S. Representative,12,(D,JOHN BARROW (I),383,26,306,51,0
Burke,Scotts Crossroads,U.S. Representative,12,(D,JOHN BARROW (I),134,5,98,31,0
Burke,Telfair,U.S. Representative,12,(D,JOHN BARROW (I),372,52,200,120,0
Burke,St. Clair,U.S. Representative,12,(D,JOHN BARROW (I),172,19,97,56,0
Burke,Vidette,U.S. Representative,12,(D,JOHN BARROW (I),135,6,97,32,0
Burke,North Waynesboro,U.S. Representative,12,(D,JOHN BARROW (I),1493,280,688,525,0
Burke,South Waynesboro,U.S. Representative,12,(D,JOHN BARROW (I),1175,194,492,489,0
Burke,Blakeney,U.S. Representative,12,(D,JOHN BARROW (I),220,36,116,68,0
Burke,,State Senator,23,(R,JESSE STONE (I),4813,447,2671,1695,0
Burke,Alexander,State Senator,23,(R,JESSE STONE (I),129,2,87,40,0
Burke,Four Points,State Senator,23,(R,JESSE STONE (I),732,35,495,202,0
Burke,Girard,State Senator,23,(R,JESSE STONE (I),171,12,131,28,0
Burke,Gough,State Senator,23,(R,JESSE STONE (I),102,3,76,23,0
Burke,Greenscut,State Senator,23,(R,JESSE STONE (I),360,27,226,107,0
Burke,Keysville,State Senator,23,(R,JESSE STONE (I),86,6,69,11,0
Burke,Midville,State Senator,23,(R,JESSE STONE (I),135,15,107,13,0
Burke,Munnerlyn,State Senator,23,(R,JESSE STONE (I),85,9,55,21,0
Burke,Sardis,State Senator,23,(R,JESSE STONE (I),322,24,243,55,0
Burke,Scotts Crossroads,State Senator,23,(R,JESSE STONE (I),66,2,52,12,0
Burke,Telfair,State Senator,23,(R,JESSE STONE (I),269,21,189,59,0
Burke,St. Clair,State Senator,23,(R,JESSE STONE (I),153,8,89,56,0
Burke,Vidette,State Senator,23,(R,JESSE STONE (I),105,6,76,23,0
Burke,North Waynesboro,State Senator,23,(R,JESSE STONE (I),591,82,254,255,0
Burke,South Waynesboro,State Senator,23,(R,JESSE STONE (I),1347,187,458,702,0
Burke,Blakeney,State Senator,23,(R,JESSE STONE (I),160,8,64,88,0
Burke,,State Senator,23,D,ROBERT INGHAM,4377,641,2469,1267,0
Burke,Alexander,State Senator,23,D,ROBERT INGHAM,101,18,72,11,0
Burke,Four Points,State Senator,23,D,ROBERT INGHAM,418,40,253,125,0
Burke,Girard,State Senator,23,D,ROBERT INGHAM,248,34,170,44,0
Burke,Gough,State Senator,23,D,ROBERT INGHAM,154,12,111,31,0
Burke,Greenscut,State Senator,23,D,ROBERT INGHAM,254,43,125,86,0
Burke,Keysville,State Senator,23,D,ROBERT INGHAM,136,7,111,18,0
Burke,Midville,State Senator,23,D,ROBERT INGHAM,146,7,122,17,0
Burke,Munnerlyn,State Senator,23,D,ROBERT INGHAM,81,12,50,19,0
Burke,Sardis,State Senator,23,D,ROBERT INGHAM,257,17,204,36,0
Burke,Scotts Crossroads,State Senator,23,D,ROBERT INGHAM,102,3,71,28,0
Burke,Telfair,State Senator,23,D,ROBERT INGHAM,273,47,126,100,0
Burke,St. Clair,State Senator,23,D,ROBERT INGHAM,108,16,57,35,0
Burke,Vidette,State Senator,23,D,ROBERT INGHAM,92,5,63,24,0
Burke,North Waynesboro,State Senator,23,D,ROBERT INGHAM,1144,220,542,382,0
Burke,South Waynesboro,State Senator,23,D,ROBERT INGHAM,706,129,309,268,0
Burke,Blakeney,State Senator,23,D,ROBERT INGHAM,157,31,83,43,0
Burke,,State Representative,126,(D,GLORIA FRAZIER (I),7213,918,4083,2212,0
Burke,Alexander,State Representative,126,(D,GLORIA FRAZIER (I),176,17,119,40,0
Burke,Four Points,State Representative,126,(D,GLORIA FRAZIER (I),858,63,569,226,0
Burke,Girard,State Representative,126,(D,GLORIA FRAZIER (I),327,40,232,55,0
Burke,Gough,State Representative,126,(D,GLORIA FRAZIER (I),216,14,158,44,0
Burke,Greenscut,State Representative,126,(D,GLORIA FRAZIER (I),463,65,263,135,0
Burke,Keysville,State Representative,126,(D,GLORIA FRAZIER (I),174,13,136,25,0
Burke,Midville,State Representative,126,(D,GLORIA FRAZIER (I),215,11,182,22,0
Burke,Munnerlyn,State Representative,126,(D,GLORIA FRAZIER (I),129,18,83,28,0
Burke,Sardis,State Representative,126,(D,GLORIA FRAZIER (I),443,29,352,62,0
Burke,Scotts Crossroads,State Representative,126,(D,GLORIA FRAZIER (I),136,5,94,37,0
Burke,Telfair,State Representative,126,(D,GLORIA FRAZIER (I),429,57,247,125,0
Burke,St. Clair,State Representative,126,(D,GLORIA FRAZIER (I),202,20,116,66,0
Burke,Vidette,State Representative,126,(D,GLORIA FRAZIER (I),144,8,99,37,0
Burke,North Waynesboro,State Representative,126,(D,GLORIA FRAZIER (I),1534,289,701,544,0
Burke,South Waynesboro,State Representative,126,(D,GLORIA FRAZIER (I),1509,234,601,674,0
Burke,Blakeney,State Representative,126,(D,GLORIA FRAZIER (I),258,35,131,92,0
Burke,,District Attorney, Augusta Circuit,(R,ASHLEY WRIGHT (I),4621,355,2650,1616,0
Burke,Alexander,District Attorney, Augusta Circuit,(R,ASHLEY WRIGHT (I),131,3,88,40,0
Burke,Four Points,District Attorney, Augusta Circuit,(R,ASHLEY WRIGHT (I),777,40,531,206,0
Burke,Girard,District Attorney, Augusta Circuit,(R,ASHLEY WRIGHT (I),185,15,141,29,0
Burke,Gough,District Attorney, Augusta Circuit,(R,ASHLEY WRIGHT (I),94,2,72,20,0
Burke,Greenscut,District Attorney, Augusta Circuit,(R,ASHLEY WRIGHT (I),355,19,230,106,0
Burke,Keysville,District Attorney, Augusta Circuit,(R,ASHLEY WRIGHT (I),85,6,68,11,0
Burke,Midville,District Attorney, Augusta Circuit,(R,ASHLEY WRIGHT (I),128,12,104,12,0
Burke,Munnerlyn,District Attorney, Augusta Circuit,(R,ASHLEY WRIGHT (I),82,9,57,16,0
Burke,Sardis,District Attorney, Augusta Circuit,(R,ASHLEY WRIGHT (I),313,22,240,51,0
Burke,Scotts Crossroads,District Attorney, Augusta Circuit,(R,ASHLEY WRIGHT (I),63,2,50,11,0
Burke,Telfair,District Attorney, Augusta Circuit,(R,ASHLEY WRIGHT (I),267,16,189,62,0
Burke,St. Clair,District Attorney, Augusta Circuit,(R,ASHLEY WRIGHT (I),131,7,73,51,0
Burke,Vidette,District Attorney, Augusta Circuit,(R,ASHLEY WRIGHT (I),99,6,70,23,0
Burke,North Waynesboro,District Attorney, Augusta Circuit,(R,ASHLEY WRIGHT (I),474,38,229,207,0
Burke,South Waynesboro,District Attorney, Augusta Circuit,(R,ASHLEY WRIGHT (I),1293,153,449,691,0
Burke,Blakeney,District Attorney, Augusta Circuit,(R,ASHLEY WRIGHT (I),144,5,59,80,0
Burke,,District Attorney, Augusta Circuit,D,EVITA A. PASCHALL,4665,740,2571,1354,0
Burke,Alexander,District Attorney, Augusta Circuit,D,EVITA A. PASCHALL,101,17,70,14,0
Burke,Four Points,District Attorney, Augusta Circuit,D,EVITA A. PASCHALL,387,36,230,121,0
Burke,Girard,District Attorney, Augusta Circuit,D,EVITA A. PASCHALL,245,32,172,41,0
Burke,Gough,District Attorney, Augusta Circuit,D,EVITA A. PASCHALL,181,13,132,36,0
Burke,Greenscut,District Attorney, Augusta Circuit,D,EVITA A. PASCHALL,266,53,127,86,0
Burke,Keysville,District Attorney, Augusta Circuit,D,EVITA A. PASCHALL,134,7,109,18,0
Burke,Midville,District Attorney, Augusta Circuit,D,EVITA A. PASCHALL,156,8,128,20,0
Burke,Munnerlyn,District Attorney, Augusta Circuit,D,EVITA A. PASCHALL,83,13,46,24,0
Burke,Sardis,District Attorney, Augusta Circuit,D,EVITA A. PASCHALL,267,20,209,38,0
Burke,Scotts Crossroads,District Attorney, Augusta Circuit,D,EVITA A. PASCHALL,103,3,73,27,0
Burke,Telfair,District Attorney, Augusta Circuit,D,EVITA A. PASCHALL,278,52,128,98,0
Burke,St. Clair,District Attorney, Augusta Circuit,D,EVITA A. PASCHALL,127,16,72,39,0
Burke,Vidette,District Attorney, Augusta Circuit,D,EVITA A. PASCHALL,106,5,75,26,0
Burke,North Waynesboro,District Attorney, Augusta Circuit,D,EVITA A. PASCHALL,1286,272,579,435,0
Burke,South Waynesboro,District Attorney, Augusta Circuit,D,EVITA A. PASCHALL,770,159,327,284,0
Burke,Blakeney,District Attorney, Augusta Circuit,D,EVITA A. PASCHALL,175,34,94,47,0
Burke,,Probate Judge,,(D,PRESTON LEWIS (I),8092,980,4532,2580,0
Burke,Alexander,Probate Judge,,(D,PRESTON LEWIS (I),197,13,142,42,0
Burke,Four Points,Probate Judge,,(D,PRESTON LEWIS (I),951,65,621,265,0
Burke,Girard,Probate Judge,,(D,PRESTON LEWIS (I),383,44,275,64,0
Burke,Gough,Probate Judge,,(D,PRESTON LEWIS (I),225,14,165,46,0
Burke,Greenscut,Probate Judge,,(D,PRESTON LEWIS (I),536,65,301,170,0
Burke,Keysville,Probate Judge,,(D,PRESTON LEWIS (I),163,13,126,24,0
Burke,Midville,Probate Judge,,(D,PRESTON LEWIS (I),237,11,202,24,0
Burke,Munnerlyn,Probate Judge,,(D,PRESTON LEWIS (I),141,19,89,33,0
Burke,Sardis,Probate Judge,,(D,PRESTON LEWIS (I),511,32,403,76,0
Burke,Scotts Crossroads,Probate Judge,,(D,PRESTON LEWIS (I),157,5,115,37,0
Burke,Telfair,Probate Judge,,(D,PRESTON LEWIS (I),473,61,277,135,0
Burke,St. Clair,Probate Judge,,(D,PRESTON LEWIS (I),223,21,128,74,0
Burke,Vidette,Probate Judge,,(D,PRESTON LEWIS (I),169,10,119,40,0
Burke,North Waynesboro,Probate Judge,,(D,PRESTON LEWIS (I),1607,294,738,575,0
Burke,South Waynesboro,Probate Judge,,(D,PRESTON LEWIS (I),1829,276,688,865,0
Burke,Blakeney,Probate Judge,,(D,PRESTON LEWIS (I),290,37,143,110,0
Burke,,Superior Court Clerk,,(D,SHERRI COCHRAN (I),8006,952,4497,2557,0
Burke,Alexander,Superior Court Clerk,,(D,SHERRI COCHRAN (I),190,12,137,41,0
Burke,Four Points,Superior Court Clerk,,(D,SHERRI COCHRAN (I),941,64,618,259,0
Burke,Girard,Superior Court Clerk,,(D,SHERRI COCHRAN (I),378,44,270,64,0
Burke,Gough,Superior Court Clerk,,(D,SHERRI COCHRAN (I),229,14,167,48,0
Burke,Greenscut,Superior Court Clerk,,(D,SHERRI COCHRAN (I),528,61,304,163,0
Burke,Keysville,Superior Court Clerk,,(D,SHERRI COCHRAN (I),164,13,127,24,0
Burke,Midville,Superior Court Clerk,,(D,SHERRI COCHRAN (I),241,11,207,23,0
Burke,Munnerlyn,Superior Court Clerk,,(D,SHERRI COCHRAN (I),143,19,94,30,0
Burke,Sardis,Superior Court Clerk,,(D,SHERRI COCHRAN (I),500,32,397,71,0
Burke,Scotts Crossroads,Superior Court Clerk,,(D,SHERRI COCHRAN (I),151,5,109,37,0
Burke,Telfair,Superior Court Clerk,,(D,SHERRI COCHRAN (I),467,61,272,134,0
Burke,St. Clair,Superior Court Clerk,,(D,SHERRI COCHRAN (I),222,20,125,77,0
Burke,Vidette,Superior Court Clerk,,(D,SHERRI COCHRAN (I),169,9,119,41,0
Burke,North Waynesboro,Superior Court Clerk,,(D,SHERRI COCHRAN (I),1590,287,737,566,0
Burke,South Waynesboro,Superior Court Clerk,,(D,SHERRI COCHRAN (I),1805,263,673,869,0
Burke,Blakeney,Superior Court Clerk,,(D,SHERRI COCHRAN (I),288,37,141,110,0
Burke,,Sheriff,,D,GREGORY COURSEY (I),8139,984,4590,2565,0
Burke,Alexander,Sheriff,,D,GREGORY COURSEY (I),197,14,142,41,0
Burke,Four Points,Sheriff,,D,GREGORY COURSEY (I),963,65,639,259,0
Burke,Girard,Sheriff,,D,GREGORY COURSEY (I),383,43,276,64,0
Burke,Gough,Sheriff,,D,GREGORY COURSEY (I),229,14,165,50,0
Burke,Greenscut,Sheriff,,D,GREGORY COURSEY (I),534,67,302,165,0
Burke,Keysville,Sheriff,,D,GREGORY COURSEY (I),167,13,127,27,0
Burke,Midville,Sheriff,,D,GREGORY COURSEY (I),249,14,211,24,0
Burke,Munnerlyn,Sheriff,,D,GREGORY COURSEY (I),138,20,88,30,0
Burke,Sardis,Sheriff,,D,GREGORY COURSEY (I),517,33,406,78,0
Burke,Scotts Crossroads,Sheriff,,D,GREGORY COURSEY (I),153,5,113,35,0
Burke,Telfair,Sheriff,,D,GREGORY COURSEY (I),473,63,271,139,0
Burke,St. Clair,Sheriff,,D,GREGORY COURSEY (I),224,21,129,74,0
Burke,Vidette,Sheriff,,D,GREGORY COURSEY (I),167,11,121,35,0
Burke,North Waynesboro,Sheriff,,D,GREGORY COURSEY (I),1636,298,763,575,0
Burke,South Waynesboro,Sheriff,,D,GREGORY COURSEY (I),1814,267,691,856,0
Burke,Blakeney,Sheriff,,D,GREGORY COURSEY (I),295,36,146,113,0
Burke,,Tax Commissioner,,D,MARIAN S. JACKSON,7623,926,4316,2381,0
Burke,Alexander,Tax Commissioner,,D,MARIAN S. JACKSON,188,17,129,42,0
Burke,Four Points,Tax Commissioner,,D,MARIAN S. JACKSON,889,60,587,242,0
Burke,Girard,Tax Commissioner,,D,MARIAN S. JACKSON,340,40,244,56,0
Burke,Gough,Tax Commissioner,,D,MARIAN S. JACKSON,220,14,159,47,0
Burke,Greenscut,Tax Commissioner,,D,MARIAN S. JACKSON,505,64,286,155,0
Burke,Keysville,Tax Commissioner,,D,MARIAN S. JACKSON,158,12,123,23,0
Burke,Midville,Tax Commissioner,,D,MARIAN S. JACKSON,237,12,200,25,0
Burke,Munnerlyn,Tax Commissioner,,D,MARIAN S. JACKSON,136,17,88,31,0
Burke,Sardis,Tax Commissioner,,D,MARIAN S. JACKSON,469,32,368,69,0
Burke,Scotts Crossroads,Tax Commissioner,,D,MARIAN S. JACKSON,145,5,103,37,0
Burke,Telfair,Tax Commissioner,,D,MARIAN S. JACKSON,447,56,257,134,0
Burke,St. Clair,Tax Commissioner,,D,MARIAN S. JACKSON,208,18,121,69,0
Burke,Vidette,Tax Commissioner,,D,MARIAN S. JACKSON,157,9,111,37,0
Burke,North Waynesboro,Tax Commissioner,,D,MARIAN S. JACKSON,1589,291,732,566,0
Burke,South Waynesboro,Tax Commissioner,,D,MARIAN S. JACKSON,1659,242,669,748,0
Burke,Blakeney,Tax Commissioner,,D,MARIAN S. JACKSON,276,37,139,100,0
Burke,,Coroner,,D,SUSAN B. SALEMI,7893,951,4437,2505,0
Burke,Alexander,Coroner,,D,SUSAN B. SALEMI,187,13,135,39,0
Burke,Four Points,Coroner,,D,SUSAN B. SALEMI,936,62,616,258,0
Burke,Girard,Coroner,,D,SUSAN B. SALEMI,367,43,258,66,0
Burke,Gough,Coroner,,D,SUSAN B. SALEMI,219,14,161,44,0
Burke,Greenscut,Coroner,,D,SUSAN B. SALEMI,534,64,307,163,0
Burke,Keysville,Coroner,,D,SUSAN B. SALEMI,159,13,124,22,0
Burke,Midville,Coroner,,D,SUSAN B. SALEMI,231,12,195,24,0
Burke,Munnerlyn,Coroner,,D,SUSAN B. SALEMI,137,19,87,31,0
Burke,Sardis,Coroner,,D,SUSAN B. SALEMI,496,31,391,74,0
Burke,Scotts Crossroads,Coroner,,D,SUSAN B. SALEMI,147,5,106,36,0
Burke,Telfair,Coroner,,D,SUSAN B. SALEMI,466,56,272,138,0
Burke,St. Clair,Coroner,,D,SUSAN B. SALEMI,219,21,124,74,0
Burke,Vidette,Coroner,,D,SUSAN B. SALEMI,161,9,113,39,0
Burke,North Waynesboro,Coroner,,D,SUSAN B. SALEMI,1577,290,731,556,0
Burke,South Waynesboro,Coroner,,D,SUSAN B. SALEMI,1773,263,679,831,0
Burke,Blakeney,Coroner,,D,SUSAN B. SALEMI,284,36,138,110,0
Burke,,Chief Magistrate,,(D,S. WIMBERLY (I),7578,918,4285,2375,0
Burke,Alexander,Chief Magistrate,,(D,S. WIMBERLY (I),191,17,131,43,0
Burke,Four Points,Chief Magistrate,,(D,S. WIMBERLY (I),888,61,587,240,0
Burke,Girard,Chief Magistrate,,(D,S. WIMBERLY (I),342,39,244,59,0
Burke,Gough,Chief Magistrate,,(D,S. WIMBERLY (I),224,14,160,50,0
Burke,Greenscut,Chief Magistrate,,(D,S. WIMBERLY (I),498,61,287,150,0
Burke,Keysville,Chief Magistrate,,(D,S. WIMBERLY (I),157,13,121,23,0
Burke,Midville,Chief Magistrate,,(D,S. WIMBERLY (I),228,11,193,24,0
Burke,Munnerlyn,Chief Magistrate,,(D,S. WIMBERLY (I),134,18,88,28,0
Burke,Sardis,Chief Magistrate,,(D,S. WIMBERLY (I),467,32,369,66,0
Burke,Scotts Crossroads,Chief Magistrate,,(D,S. WIMBERLY (I),144,5,105,34,0
Burke,Telfair,Chief Magistrate,,(D,S. WIMBERLY (I),452,58,259,135,0
Burke,St. Clair,Chief Magistrate,,(D,S. WIMBERLY (I),209,20,120,69,0
Burke,Vidette,Chief Magistrate,,(D,S. WIMBERLY (I),150,9,106,35,0
Burke,North Waynesboro,Chief Magistrate,,(D,S. WIMBERLY (I),1576,286,725,565,0
Burke,South Waynesboro,Chief Magistrate,,(D,S. WIMBERLY (I),1648,239,655,754,0
Burke,Blakeney,Chief Magistrate,,(D,S. WIMBERLY (I),270,35,135,100,0
Burke,,County Comm 1,,(D,L. ABRAMS JR. (I),1580,130,1071,379,0
Burke,Gough,County Comm 1,,(D,L. ABRAMS JR. (I),231,14,169,48,0
Burke,Keysville,County Comm 1,,(D,L. ABRAMS JR. (I),157,13,121,23,0
Burke,Midville,County Comm 1,,(D,L. ABRAMS JR. (I),231,11,196,24,0
Burke,Munnerlyn,County Comm 1,,(D,L. ABRAMS JR. (I),138,19,89,30,0
Burke,Scotts Crossroads,County Comm 1,,(D,L. ABRAMS JR. (I),152,5,110,37,0
Burke,St. Clair,County Comm 1,,(D,L. ABRAMS JR. (I),218,21,122,75,0
Burke,Vidette,County Comm 1,,(D,L. ABRAMS JR. (I),171,10,122,39,0
Burke,Blakeney,County Comm 1,,(D,L. ABRAMS JR. (I),282,37,142,103,0
Burke,,County Comm 2,,(D,TERRI L. KELLY (I),1559,288,727,544,0
Burke,North Waynesboro,County Comm 2,,(D,TERRI L. KELLY (I),1559,288,727,544,0
Burke,,County Comm 3,,(R,WAYNE CROCKETT (I),1075,65,708,302,0
Burke,Four Points,County Comm 3,,(R,WAYNE CROCKETT (I),734,43,493,198,0
Burke,Greenscut,County Comm 3,,(R,WAYNE CROCKETT (I),341,22,215,104,0
Burke,,County Comm 3,,D,R. STOKES-JOHNSON,707,82,412,213,0
Burke,Four Points,County Comm 3,,D,R. STOKES-JOHNSON,424,32,268,124,0
Burke,Greenscut,County Comm 3,,D,R. STOKES-JOHNSON,283,50,144,89,0
Burke,,County Comm 4,,R,ALLEN  DELAIGLE (I),1213,81,895,237,0
Burke,Alexander,County Comm 4,,R,ALLEN  DELAIGLE (I),162,6,113,43,0
Burke,Girard,County Comm 4,,R,ALLEN  DELAIGLE (I),267,23,203,41,0
Burke,Sardis,County Comm 4,,R,ALLEN  DELAIGLE (I),399,22,314,63,0
Burke,Telfair,County Comm 4,,R,ALLEN  DELAIGLE (I),385,30,265,90,0
Burke,,County Comm 5,,R,G. L. DELOACH,1214,149,387,678,0
Burke,South Waynesboro,County Comm 5,,R,G. L. DELOACH,1214,149,387,678,0
Burke,,County Comm 5,,D,D. SMITH,886,168,398,320,0
Burke,South Waynesboro,County Comm 5,,D,D. SMITH,886,168,398,320,0
Burke,,Constitutional Amendment #1<br>Shall the Constitution be amended to allow state or local approval of public charter schools upon the request of local communities?,,,YES,4445,431,2533,1481,0
Burke,Alexander,Constitutional Amendment #1<br>Shall the Constitution be amended to allow state or local approval of public charter schools upon the request of local communities?,,,YES,98,5,62,31,0
Burke,Four Points,Constitutional Amendment #1<br>Shall the Constitution be amended to allow state or local approval of public charter schools upon the request of local communities?,,,YES,614,40,404,170,0
Burke,Girard,Constitutional Amendment #1<br>Shall the Constitution be amended to allow state or local approval of public charter schools upon the request of local communities?,,,YES,185,20,138,27,0
Burke,Gough,Constitutional Amendment #1<br>Shall the Constitution be amended to allow state or local approval of public charter schools upon the request of local communities?,,,YES,106,11,67,28,0
Burke,Greenscut,Constitutional Amendment #1<br>Shall the Constitution be amended to allow state or local approval of public charter schools upon the request of local communities?,,,YES,293,29,172,92,0
Burke,Keysville,Constitutional Amendment #1<br>Shall the Constitution be amended to allow state or local approval of public charter schools upon the request of local communities?,,,YES,112,8,87,17,0
Burke,Midville,Constitutional Amendment #1<br>Shall the Constitution be amended to allow state or local approval of public charter schools upon the request of local communities?,,,YES,156,16,119,21,0
Burke,Munnerlyn,Constitutional Amendment #1<br>Shall the Constitution be amended to allow state or local approval of public charter schools upon the request of local communities?,,,YES,77,14,42,21,0
Burke,Sardis,Constitutional Amendment #1<br>Shall the Constitution be amended to allow state or local approval of public charter schools upon the request of local communities?,,,YES,282,13,231,38,0
Burke,Scotts Crossroads,Constitutional Amendment #1<br>Shall the Constitution be amended to allow state or local approval of public charter schools upon the request of local communities?,,,YES,89,2,69,18,0
Burke,Telfair,Constitutional Amendment #1<br>Shall the Constitution be amended to allow state or local approval of public charter schools upon the request of local communities?,,,YES,293,21,188,84,0
Burke,St. Clair,Constitutional Amendment #1<br>Shall the Constitution be amended to allow state or local approval of public charter schools upon the request of local communities?,,,YES,119,10,58,51,0
Burke,Vidette,Constitutional Amendment #1<br>Shall the Constitution be amended to allow state or local approval of public charter schools upon the request of local communities?,,,YES,90,7,56,27,0
Burke,North Waynesboro,Constitutional Amendment #1<br>Shall the Constitution be amended to allow state or local approval of public charter schools upon the request of local communities?,,,YES,853,113,396,344,0
Burke,South Waynesboro,Constitutional Amendment #1<br>Shall the Constitution be amended to allow state or local approval of public charter schools upon the request of local communities?,,,YES,913,106,359,448,0
Burke,Blakeney,Constitutional Amendment #1<br>Shall the Constitution be amended to allow state or local approval of public charter schools upon the request of local communities?,,,YES,165,16,85,64,0
Burke,,Constitutional Amendment #1<br>Shall the Constitution be amended to allow state or local approval of public charter schools upon the request of local communities?,,,NO,4674,615,2641,1418,0
Burke,Alexander,Constitutional Amendment #1<br>Shall the Constitution be amended to allow state or local approval of public charter schools upon the request of local communities?,,,NO,126,11,92,23,0
Burke,Four Points,Constitutional Amendment #1<br>Shall the Constitution be amended to allow state or local approval of public charter schools upon the request of local communities?,,,NO,522,39,342,141,0
Burke,Girard,Constitutional Amendment #1<br>Shall the Constitution be amended to allow state or local approval of public charter schools upon the request of local communities?,,,NO,236,25,169,42,0
Burke,Gough,Constitutional Amendment #1<br>Shall the Constitution be amended to allow state or local approval of public charter schools upon the request of local communities?,,,NO,167,3,137,27,0
Burke,Greenscut,Constitutional Amendment #1<br>Shall the Constitution be amended to allow state or local approval of public charter schools upon the request of local communities?,,,NO,314,39,185,90,0
Burke,Keysville,Constitutional Amendment #1<br>Shall the Constitution be amended to allow state or local approval of public charter schools upon the request of local communities?,,,NO,105,5,88,12,0
Burke,Midville,Constitutional Amendment #1<br>Shall the Constitution be amended to allow state or local approval of public charter schools upon the request of local communities?,,,NO,130,4,116,10,0
Burke,Munnerlyn,Constitutional Amendment #1<br>Shall the Constitution be amended to allow state or local approval of public charter schools upon the request of local communities?,,,NO,87,7,61,19,0
Burke,Sardis,Constitutional Amendment #1<br>Shall the Constitution be amended to allow state or local approval of public charter schools upon the request of local communities?,,,NO,295,23,219,53,0
Burke,Scotts Crossroads,Constitutional Amendment #1<br>Shall the Constitution be amended to allow state or local approval of public charter schools upon the request of local communities?,,,NO,72,3,48,21,0
Burke,Telfair,Constitutional Amendment #1<br>Shall the Constitution be amended to allow state or local approval of public charter schools upon the request of local communities?,,,NO,242,38,137,67,0
Burke,St. Clair,Constitutional Amendment #1<br>Shall the Constitution be amended to allow state or local approval of public charter schools upon the request of local communities?,,,NO,137,14,85,38,0
Burke,Vidette,Constitutional Amendment #1<br>Shall the Constitution be amended to allow state or local approval of public charter schools upon the request of local communities?,,,NO,106,4,82,20,0
Burke,North Waynesboro,Constitutional Amendment #1<br>Shall the Constitution be amended to allow state or local approval of public charter schools upon the request of local communities?,,,NO,888,186,411,291,0
Burke,South Waynesboro,Constitutional Amendment #1<br>Shall the Constitution be amended to allow state or local approval of public charter schools upon the request of local communities?,,,NO,1092,194,399,499,0
Burke,Blakeney,Constitutional Amendment #1<br>Shall the Constitution be amended to allow state or local approval of public charter schools upon the request of local communities?,,,NO,155,20,70,65,0
Burke,,Constitutional Amendment #2<br>Shall the Constitution be amended so as to provide for a reduction in the state's operating costs by allowing the General Assembly to authorize certain state agencies to enter into multiyear rental agreements?,,,YES,4866,526,2737,1603,0
Burke,Alexander,Constitutional Amendment #2<br>Shall the Constitution be amended so as to provide for a reduction in the state's operating costs by allowing the General Assembly to authorize certain state agencies to enter into multiyear rental agreements?,,,YES,127,7,82,38,0
Burke,Four Points,Constitutional Amendment #2<br>Shall the Constitution be amended so as to provide for a reduction in the state's operating costs by allowing the General Assembly to authorize certain state agencies to enter into multiyear rental agreements?,,,YES,609,48,394,167,0
Burke,Girard,Constitutional Amendment #2<br>Shall the Constitution be amended so as to provide for a reduction in the state's operating costs by allowing the General Assembly to authorize certain state agencies to enter into multiyear rental agreements?,,,YES,192,19,135,38,0
Burke,Gough,Constitutional Amendment #2<br>Shall the Constitution be amended so as to provide for a reduction in the state's operating costs by allowing the General Assembly to authorize certain state agencies to enter into multiyear rental agreements?,,,YES,132,10,90,32,0
Burke,Greenscut,Constitutional Amendment #2<br>Shall the Constitution be amended so as to provide for a reduction in the state's operating costs by allowing the General Assembly to authorize certain state agencies to enter into multiyear rental agreements?,,,YES,343,39,204,100,0
Burke,Keysville,Constitutional Amendment #2<br>Shall the Constitution be amended so as to provide for a reduction in the state's operating costs by allowing the General Assembly to authorize certain state agencies to enter into multiyear rental agreements?,,,YES,104,10,78,16,0
Burke,Midville,Constitutional Amendment #2<br>Shall the Constitution be amended so as to provide for a reduction in the state's operating costs by allowing the General Assembly to authorize certain state agencies to enter into multiyear rental agreements?,,,YES,148,11,117,20,0
Burke,Munnerlyn,Constitutional Amendment #2<br>Shall the Constitution be amended so as to provide for a reduction in the state's operating costs by allowing the General Assembly to authorize certain state agencies to enter into multiyear rental agreements?,,,YES,85,15,56,14,0
Burke,Sardis,Constitutional Amendment #2<br>Shall the Constitution be amended so as to provide for a reduction in the state's operating costs by allowing the General Assembly to authorize certain state agencies to enter into multiyear rental agreements?,,,YES,307,15,242,50,0
Burke,Scotts Crossroads,Constitutional Amendment #2<br>Shall the Constitution be amended so as to provide for a reduction in the state's operating costs by allowing the General Assembly to authorize certain state agencies to enter into multiyear rental agreements?,,,YES,89,4,64,21,0
Burke,Telfair,Constitutional Amendment #2<br>Shall the Constitution be amended so as to provide for a reduction in the state's operating costs by allowing the General Assembly to authorize certain state agencies to enter into multiyear rental agreements?,,,YES,288,30,180,78,0
Burke,St. Clair,Constitutional Amendment #2<br>Shall the Constitution be amended so as to provide for a reduction in the state's operating costs by allowing the General Assembly to authorize certain state agencies to enter into multiyear rental agreements?,,,YES,125,9,66,50,0
Burke,Vidette,Constitutional Amendment #2<br>Shall the Constitution be amended so as to provide for a reduction in the state's operating costs by allowing the General Assembly to authorize certain state agencies to enter into multiyear rental agreements?,,,YES,100,4,65,31,0
Burke,North Waynesboro,Constitutional Amendment #2<br>Shall the Constitution be amended so as to provide for a reduction in the state's operating costs by allowing the General Assembly to authorize certain state agencies to enter into multiyear rental agreements?,,,YES,931,134,449,348,0
Burke,South Waynesboro,Constitutional Amendment #2<br>Shall the Constitution be amended so as to provide for a reduction in the state's operating costs by allowing the General Assembly to authorize certain state agencies to enter into multiyear rental agreements?,,,YES,1110,157,418,535,0
Burke,Blakeney,Constitutional Amendment #2<br>Shall the Constitution be amended so as to provide for a reduction in the state's operating costs by allowing the General Assembly to authorize certain state agencies to enter into multiyear rental agreements?,,,YES,176,14,97,65,0
Burke,,Constitutional Amendment #2<br>Shall the Constitution be amended so as to provide for a reduction in the state's operating costs by allowing the General Assembly to authorize certain state agencies to enter into multiyear rental agreements?,,,NO,3563,459,2054,1050,0
Burke,Alexander,Constitutional Amendment #2<br>Shall the Constitution be amended so as to provide for a reduction in the state's operating costs by allowing the General Assembly to authorize certain state agencies to enter into multiyear rental agreements?,,,NO,76,9,60,7,0
Burke,Four Points,Constitutional Amendment #2<br>Shall the Constitution be amended so as to provide for a reduction in the state's operating costs by allowing the General Assembly to authorize certain state agencies to enter into multiyear rental agreements?,,,NO,457,25,305,127,0
Burke,Girard,Constitutional Amendment #2<br>Shall the Constitution be amended so as to provide for a reduction in the state's operating costs by allowing the General Assembly to authorize certain state agencies to enter into multiyear rental agreements?,,,NO,192,22,148,22,0
Burke,Gough,Constitutional Amendment #2<br>Shall the Constitution be amended so as to provide for a reduction in the state's operating costs by allowing the General Assembly to authorize certain state agencies to enter into multiyear rental agreements?,,,NO,104,4,79,21,0
Burke,Greenscut,Constitutional Amendment #2<br>Shall the Constitution be amended so as to provide for a reduction in the state's operating costs by allowing the General Assembly to authorize certain state agencies to enter into multiyear rental agreements?,,,NO,233,30,136,67,0
Burke,Keysville,Constitutional Amendment #2<br>Shall the Constitution be amended so as to provide for a reduction in the state's operating costs by allowing the General Assembly to authorize certain state agencies to enter into multiyear rental agreements?,,,NO,101,3,87,11,0
Burke,Midville,Constitutional Amendment #2<br>Shall the Constitution be amended so as to provide for a reduction in the state's operating costs by allowing the General Assembly to authorize certain state agencies to enter into multiyear rental agreements?,,,NO,114,7,100,7,0
Burke,Munnerlyn,Constitutional Amendment #2<br>Shall the Constitution be amended so as to provide for a reduction in the state's operating costs by allowing the General Assembly to authorize certain state agencies to enter into multiyear rental agreements?,,,NO,58,6,35,17,0
Burke,Sardis,Constitutional Amendment #2<br>Shall the Constitution be amended so as to provide for a reduction in the state's operating costs by allowing the General Assembly to authorize certain state agencies to enter into multiyear rental agreements?,,,NO,211,15,162,34,0
Burke,Scotts Crossroads,Constitutional Amendment #2<br>Shall the Constitution be amended so as to provide for a reduction in the state's operating costs by allowing the General Assembly to authorize certain state agencies to enter into multiyear rental agreements?,,,NO,58,1,44,13,0
Burke,Telfair,Constitutional Amendment #2<br>Shall the Constitution be amended so as to provide for a reduction in the state's operating costs by allowing the General Assembly to authorize certain state agencies to enter into multiyear rental agreements?,,,NO,208,23,118,67,0
Burke,St. Clair,Constitutional Amendment #2<br>Shall the Constitution be amended so as to provide for a reduction in the state's operating costs by allowing the General Assembly to authorize certain state agencies to enter into multiyear rental agreements?,,,NO,111,13,69,29,0
Burke,Vidette,Constitutional Amendment #2<br>Shall the Constitution be amended so as to provide for a reduction in the state's operating costs by allowing the General Assembly to authorize certain state agencies to enter into multiyear rental agreements?,,,NO,80,4,61,15,0
Burke,North Waynesboro,Constitutional Amendment #2<br>Shall the Constitution be amended so as to provide for a reduction in the state's operating costs by allowing the General Assembly to authorize certain state agencies to enter into multiyear rental agreements?,,,NO,695,153,314,228,0
Burke,South Waynesboro,Constitutional Amendment #2<br>Shall the Constitution be amended so as to provide for a reduction in the state's operating costs by allowing the General Assembly to authorize certain state agencies to enter into multiyear rental agreements?,,,NO,750,128,287,335,0
Burke,Blakeney,Constitutional Amendment #2<br>Shall the Constitution be amended so as to provide for a reduction in the state's operating costs by allowing the General Assembly to authorize certain state agencies to enter into multiyear rental agreements?,,,NO,115,16,49,50,0
Burke,,County,,,YES,5396,562,3136,1698,0
Burke,Alexander,County,,,YES,117,8,75,34,0
Burke,Four Points,County,,,YES,659,41,436,182,0
Burke,Girard,County,,,YES,214,17,159,38,0
Burke,Gough,County,,,YES,157,7,114,36,0
Burke,Greenscut,County,,,YES,362,38,219,105,0
Burke,Keysville,County,,,YES,122,5,104,13,0
Burke,Midville,County,,,YES,134,7,112,15,0
Burke,Munnerlyn,County,,,YES,103,14,70,19,0
Burke,Sardis,County,,,YES,321,16,267,38,0
Burke,Scotts Crossroads,County,,,YES,100,2,77,21,0
Burke,Telfair,County,,,YES,332,31,213,88,0
Burke,St. Clair,County,,,YES,154,12,91,51,0
Burke,Vidette,County,,,YES,120,4,76,40,0
Burke,North Waynesboro,County,,,YES,1133,190,545,398,0
Burke,South Waynesboro,County,,,YES,1162,147,477,538,0
Burke,Blakeney,County,,,YES,206,23,101,82,0
Burke,,County,,,NO,3973,527,2152,1294,0
Burke,Alexander,County,,,NO,122,12,88,22,0
Burke,Four Points,County,,,NO,504,37,327,140,0
Burke,Girard,County,,,NO,211,30,147,34,0
Burke,Gough,County,,,NO,118,8,89,21,0
Burke,Greenscut,County,,,NO,257,30,143,84,0
Burke,Keysville,County,,,NO,101,8,77,16,0
Burke,Midville,County,,,NO,157,13,128,16,0
Burke,Munnerlyn,County,,,NO,64,7,36,21,0
Burke,Sardis,County,,,NO,274,25,196,53,0
Burke,Scotts Crossroads,County,,,NO,73,3,50,20,0
Burke,Telfair,County,,,NO,221,36,113,72,0
Burke,St. Clair,County,,,NO,105,11,55,39,0
Burke,Vidette,County,,,NO,86,8,70,8,0
Burke,North Waynesboro,County,,,NO,647,115,277,255,0
Burke,South Waynesboro,County,,,NO,913,168,302,443,0
Burke,Blakeney,County,,,NO,120,16,54,50,0
Burke,,City,,,YES,1353,253,611,489,0
Burke,North Waynesboro,City,,,YES,780,158,378,244,0
Burke,South Waynesboro,City,,,YES,481,80,175,226,0
Burke,Blakeney,City,,,YES,92,15,58,19,0
Burke,,City,,,NO,904,184,337,383,0
Burke,North Waynesboro,City,,,NO,425,90,195,140,0
Burke,South Waynesboro,City,,,NO,428,83,111,234,0
Burke,Blakeney,City,,,NO,51,11,31,9,0
