county,precinct,office,district,party,candidate,votes,absentee_by_mail,election_day,advance_in_person,provisional
Upson,,President of the United States,,R,MITT ROMNEY,7230,326,3258,3645,1
Upson,THE JUG,President of the United States,,R,MITT ROMNEY,163,2,108,53,0
Upson,REDBONE,President of the United States,,R,MITT ROMNEY,1962,69,728,1165,0
Upson,LINCOLN PARK,President of the United States,,R,MITT ROMNEY,38,4,9,25,0
Upson,YATESVILLE,President of the United States,,R,MITT ROMNEY,458,14,350,94,0
Upson,SALEM,President of the United States,,R,MITT ROMNEY,32,2,16,14,0
Upson,REEVES,President of the United States,,R,MITT ROMNEY,1044,39,619,386,0
Upson,THE ROCK,President of the United States,,R,MITT ROMNEY,205,1,144,60,0
Upson,ATWATER,President of the United States,,R,MITT ROMNEY,700,34,382,283,1
Upson,TOWN,President of the United States,,R,MITT ROMNEY,2628,161,902,1565,0
Upson,,President of the United States,,D,BARACK OBAMA (I),3959,136,1830,1989,4
Upson,THE JUG,President of the United States,,D,BARACK OBAMA (I),149,3,105,41,0
Upson,REDBONE,President of the United States,,D,BARACK OBAMA (I),821,26,288,507,0
Upson,LINCOLN PARK,President of the United States,,D,BARACK OBAMA (I),442,10,216,214,2
Upson,YATESVILLE,President of the United States,,D,BARACK OBAMA (I),105,3,79,22,1
Upson,SALEM,President of the United States,,D,BARACK OBAMA (I),270,19,183,68,0
Upson,REEVES,President of the United States,,D,BARACK OBAMA (I),156,7,100,49,0
Upson,THE ROCK,President of the United States,,D,BARACK OBAMA (I),40,1,21,18,0
Upson,ATWATER,President of the United States,,D,BARACK OBAMA (I),143,6,80,57,0
Upson,TOWN,President of the United States,,D,BARACK OBAMA (I),1833,61,758,1013,1
Upson,,President of the United States,,L,GARY JOHNSON,74,3,45,25,1
Upson,THE JUG,President of the United States,,L,GARY JOHNSON,4,0,3,1,0
Upson,REDBONE,President of the United States,,L,GARY JOHNSON,17,2,8,7,0
Upson,LINCOLN PARK,President of the United States,,L,GARY JOHNSON,0,0,0,0,0
Upson,YATESVILLE,President of the United States,,L,GARY JOHNSON,5,0,4,1,0
Upson,SALEM,President of the United States,,L,GARY JOHNSON,1,0,1,0,0
Upson,REEVES,President of the United States,,L,GARY JOHNSON,7,0,5,2,0
Upson,THE ROCK,President of the United States,,L,GARY JOHNSON,4,0,2,1,1
Upson,ATWATER,President of the United States,,L,GARY JOHNSON,7,0,5,2,0
Upson,TOWN,President of the United States,,L,GARY JOHNSON,29,1,17,11,0
Upson,,"Public Service Commission, District 3",3,R,CHUCK EATON (I),6587,307,2983,3295,2
Upson,THE JUG,"Public Service Commission, District 3",3,R,CHUCK EATON (I),153,0,104,49,0
Upson,REDBONE,"Public Service Commission, District 3",3,R,CHUCK EATON (I),1745,63,633,1049,0
Upson,LINCOLN PARK,"Public Service Commission, District 3",3,R,CHUCK EATON (I),59,5,23,30,1
Upson,YATESVILLE,"Public Service Commission, District 3",3,R,CHUCK EATON (I),425,12,331,82,0
Upson,SALEM,"Public Service Commission, District 3",3,R,CHUCK EATON (I),46,2,28,16,0
Upson,REEVES,"Public Service Commission, District 3",3,R,CHUCK EATON (I),924,33,551,340,0
Upson,THE ROCK,"Public Service Commission, District 3",3,R,CHUCK EATON (I),194,1,136,57,0
Upson,ATWATER,"Public Service Commission, District 3",3,R,CHUCK EATON (I),622,30,332,259,1
Upson,TOWN,"Public Service Commission, District 3",3,R,CHUCK EATON (I),2419,161,845,1413,0
Upson,,"Public Service Commission, District 3",3,D,STEPHEN OPPENHEIMER,3242,116,1515,1609,2
Upson,THE JUG,"Public Service Commission, District 3",3,D,STEPHEN OPPENHEIMER,116,3,85,28,0
Upson,REDBONE,"Public Service Commission, District 3",3,D,STEPHEN OPPENHEIMER,729,23,277,429,0
Upson,LINCOLN PARK,"Public Service Commission, District 3",3,D,STEPHEN OPPENHEIMER,323,9,163,151,0
Upson,YATESVILLE,"Public Service Commission, District 3",3,D,STEPHEN OPPENHEIMER,94,2,69,22,1
Upson,SALEM,"Public Service Commission, District 3",3,D,STEPHEN OPPENHEIMER,195,18,122,55,0
Upson,REEVES,"Public Service Commission, District 3",3,D,STEPHEN OPPENHEIMER,141,7,86,48,0
Upson,THE ROCK,"Public Service Commission, District 3",3,D,STEPHEN OPPENHEIMER,34,1,21,12,0
Upson,ATWATER,"Public Service Commission, District 3",3,D,STEPHEN OPPENHEIMER,134,6,75,53,0
Upson,TOWN,"Public Service Commission, District 3",3,D,STEPHEN OPPENHEIMER,1476,47,617,811,1
Upson,,"Public Service Commission, District 3",3,L,BRAD PLOEGER,332,19,160,151,2
Upson,THE JUG,"Public Service Commission, District 3",3,L,BRAD PLOEGER,12,2,4,6,0
Upson,REDBONE,"Public Service Commission, District 3",3,L,BRAD PLOEGER,85,2,42,41,0
Upson,LINCOLN PARK,"Public Service Commission, District 3",3,L,BRAD PLOEGER,7,0,1,5,1
Upson,YATESVILLE,"Public Service Commission, District 3",3,L,BRAD PLOEGER,18,2,11,5,0
Upson,SALEM,"Public Service Commission, District 3",3,L,BRAD PLOEGER,9,1,5,3,0
Upson,REEVES,"Public Service Commission, District 3",3,L,BRAD PLOEGER,41,5,27,9,0
Upson,THE ROCK,"Public Service Commission, District 3",3,L,BRAD PLOEGER,7,0,2,4,1
Upson,ATWATER,"Public Service Commission, District 3",3,L,BRAD PLOEGER,28,2,12,14,0
Upson,TOWN,"Public Service Commission, District 3",3,L,BRAD PLOEGER,125,5,56,64,0
Upson,,"Public Service Commission, District 5",5,R,STAN WISE (I),7249,330,3294,3623,2
Upson,THE JUG,"Public Service Commission, District 5",5,R,STAN WISE (I),192,2,134,56,0
Upson,REDBONE,"Public Service Commission, District 5",5,R,STAN WISE (I),1924,68,712,1144,0
Upson,LINCOLN PARK,"Public Service Commission, District 5",5,R,STAN WISE (I),104,7,44,52,1
Upson,YATESVILLE,"Public Service Commission, District 5",5,R,STAN WISE (I),439,14,343,82,0
Upson,SALEM,"Public Service Commission, District 5",5,R,STAN WISE (I),93,4,65,24,0
Upson,REEVES,"Public Service Commission, District 5",5,R,STAN WISE (I),963,37,570,356,0
Upson,THE ROCK,"Public Service Commission, District 5",5,R,STAN WISE (I),193,1,132,60,0
Upson,ATWATER,"Public Service Commission, District 5",5,R,STAN WISE (I),653,33,348,271,1
Upson,TOWN,"Public Service Commission, District 5",5,R,STAN WISE (I),2688,164,946,1578,0
Upson,,"Public Service Commission, District 5",5,L,DAVID STAPLES,2137,78,1029,1027,3
Upson,THE JUG,"Public Service Commission, District 5",5,L,DAVID STAPLES,62,2,40,20,0
Upson,REDBONE,"Public Service Commission, District 5",5,L,DAVID STAPLES,487,18,191,278,0
Upson,LINCOLN PARK,"Public Service Commission, District 5",5,L,DAVID STAPLES,161,4,75,81,1
Upson,YATESVILLE,"Public Service Commission, District 5",5,L,DAVID STAPLES,74,2,52,20,0
Upson,SALEM,"Public Service Commission, District 5",5,L,DAVID STAPLES,117,12,61,44,0
Upson,REEVES,"Public Service Commission, District 5",5,L,DAVID STAPLES,131,7,82,42,0
Upson,THE ROCK,"Public Service Commission, District 5",5,L,DAVID STAPLES,28,0,17,10,1
Upson,ATWATER,"Public Service Commission, District 5",5,L,DAVID STAPLES,114,3,69,42,0
Upson,TOWN,"Public Service Commission, District 5",5,L,DAVID STAPLES,963,30,442,490,1
Upson,,U.S. Representative,3,R,L. WESTMORELAND (I),8888,367,4093,4423,5
Upson,THE JUG,U.S. Representative,3,R,L. WESTMORELAND (I),234,3,162,69,0
Upson,REDBONE,U.S. Representative,3,R,L. WESTMORELAND (I),2303,74,853,1376,0
Upson,LINCOLN PARK,U.S. Representative,3,R,L. WESTMORELAND (I),216,8,96,110,2
Upson,YATESVILLE,U.S. Representative,3,R,L. WESTMORELAND (I),493,14,378,101,0
Upson,SALEM,U.S. Representative,3,R,L. WESTMORELAND (I),168,9,105,54,0
Upson,REEVES,U.S. Representative,3,R,L. WESTMORELAND (I),1078,40,644,394,0
Upson,THE ROCK,U.S. Representative,3,R,L. WESTMORELAND (I),219,1,148,69,1
Upson,ATWATER,U.S. Representative,3,R,L. WESTMORELAND (I),761,38,417,305,1
Upson,TOWN,U.S. Representative,3,R,L. WESTMORELAND (I),3416,180,1290,1945,1
Upson,,State Senator,18,R,CECIL STATON (I),8513,350,3944,4215,4
Upson,THE JUG,State Senator,18,R,CECIL STATON (I),220,3,151,66,0
Upson,REDBONE,State Senator,18,R,CECIL STATON (I),2201,69,825,1307,0
Upson,LINCOLN PARK,State Senator,18,R,CECIL STATON (I),209,7,89,111,2
Upson,YATESVILLE,State Senator,18,R,CECIL STATON (I),485,14,373,98,0
Upson,SALEM,State Senator,18,R,CECIL STATON (I),162,9,102,51,0
Upson,REEVES,State Senator,18,R,CECIL STATON (I),1037,39,619,379,0
Upson,THE ROCK,State Senator,18,R,CECIL STATON (I),210,1,143,65,1
Upson,ATWATER,State Senator,18,R,CECIL STATON (I),725,35,400,289,1
Upson,TOWN,State Senator,18,R,CECIL STATON (I),3264,173,1242,1849,0
Upson,,State Representative,131,R,JOHNNIE CALDWELL,8557,350,4010,4193,4
Upson,THE JUG,State Representative,131,R,JOHNNIE CALDWELL,236,3,164,69,0
Upson,REDBONE,State Representative,131,R,JOHNNIE CALDWELL,2225,71,851,1303,0
Upson,LINCOLN PARK,State Representative,131,R,JOHNNIE CALDWELL,227,9,96,120,2
Upson,YATESVILLE,State Representative,131,R,JOHNNIE CALDWELL,480,14,377,89,0
Upson,SALEM,State Representative,131,R,JOHNNIE CALDWELL,170,10,107,53,0
Upson,REEVES,State Representative,131,R,JOHNNIE CALDWELL,1004,39,606,359,0
Upson,THE ROCK,State Representative,131,R,JOHNNIE CALDWELL,208,1,142,64,1
Upson,ATWATER,State Representative,131,R,JOHNNIE CALDWELL,705,35,386,283,1
Upson,TOWN,State Representative,131,R,JOHNNIE CALDWELL,3302,168,1281,1853,0
Upson,,District Attorney, Griffin Circuit,R,SCOTT BALLARD (I),8641,364,3988,4285,4
Upson,THE JUG,District Attorney, Griffin Circuit,R,SCOTT BALLARD (I),227,3,155,69,0
Upson,REDBONE,District Attorney, Griffin Circuit,R,SCOTT BALLARD (I),2247,75,841,1331,0
Upson,LINCOLN PARK,District Attorney, Griffin Circuit,R,SCOTT BALLARD (I),197,10,81,104,2
Upson,YATESVILLE,District Attorney, Griffin Circuit,R,SCOTT BALLARD (I),486,14,376,96,0
Upson,SALEM,District Attorney, Griffin Circuit,R,SCOTT BALLARD (I),160,9,98,53,0
Upson,REEVES,District Attorney, Griffin Circuit,R,SCOTT BALLARD (I),1042,39,623,380,0
Upson,THE ROCK,District Attorney, Griffin Circuit,R,SCOTT BALLARD (I),216,1,147,67,1
Upson,ATWATER,District Attorney, Griffin Circuit,R,SCOTT BALLARD (I),735,38,398,298,1
Upson,TOWN,District Attorney, Griffin Circuit,R,SCOTT BALLARD (I),3331,175,1269,1887,0
Upson,,CLERK SUPERIOR,,R,TERESA HARPER (I),6915,303,3185,3423,4
Upson,THE JUG,CLERK SUPERIOR,,R,TERESA HARPER (I),184,3,127,54,0
Upson,REDBONE,CLERK SUPERIOR,,R,TERESA HARPER (I),1830,68,682,1080,0
Upson,LINCOLN PARK,CLERK SUPERIOR,,R,TERESA HARPER (I),125,3,43,77,2
Upson,YATESVILLE,CLERK SUPERIOR,,R,TERESA HARPER (I),438,15,336,87,0
Upson,SALEM,CLERK SUPERIOR,,R,TERESA HARPER (I),94,4,60,30,0
Upson,REEVES,CLERK SUPERIOR,,R,TERESA HARPER (I),953,32,572,349,0
Upson,THE ROCK,CLERK SUPERIOR,,R,TERESA HARPER (I),186,1,124,60,1
Upson,ATWATER,CLERK SUPERIOR,,R,TERESA HARPER (I),605,27,327,250,1
Upson,TOWN,CLERK SUPERIOR,,R,TERESA HARPER (I),2500,150,914,1436,0
Upson,,CLERK SUPERIOR,,D,RUSS BRIDGES,3924,154,1764,2004,2
Upson,THE JUG,CLERK SUPERIOR,,D,RUSS BRIDGES,115,2,77,36,0
Upson,REDBONE,CLERK SUPERIOR,,D,RUSS BRIDGES,885,26,316,543,0
Upson,LINCOLN PARK,CLERK SUPERIOR,,D,RUSS BRIDGES,311,11,160,140,0
Upson,YATESVILLE,CLERK SUPERIOR,,D,RUSS BRIDGES,124,3,94,26,1
Upson,SALEM,CLERK SUPERIOR,,D,RUSS BRIDGES,176,17,111,48,0
Upson,REEVES,CLERK SUPERIOR,,D,RUSS BRIDGES,232,16,138,78,0
Upson,THE ROCK,CLERK SUPERIOR,,D,RUSS BRIDGES,55,1,37,17,0
Upson,ATWATER,CLERK SUPERIOR,,D,RUSS BRIDGES,223,12,129,82,0
Upson,TOWN,CLERK SUPERIOR,,D,RUSS BRIDGES,1803,66,702,1034,1
Upson,,SHERIFF,,R,DAN KILGORE,7467,342,3358,3765,2
Upson,THE JUG,SHERIFF,,R,DAN KILGORE,182,2,122,58,0
Upson,REDBONE,SHERIFF,,R,DAN KILGORE,2000,70,733,1197,0
Upson,LINCOLN PARK,SHERIFF,,R,DAN KILGORE,67,6,18,43,0
Upson,YATESVILLE,SHERIFF,,R,DAN KILGORE,474,15,369,90,0
Upson,SALEM,SHERIFF,,R,DAN KILGORE,43,3,22,18,0
Upson,REEVES,SHERIFF,,R,DAN KILGORE,1050,43,626,381,0
Upson,THE ROCK,SHERIFF,,R,DAN KILGORE,217,1,149,66,1
Upson,ATWATER,SHERIFF,,R,DAN KILGORE,717,34,392,290,1
Upson,TOWN,SHERIFF,,R,DAN KILGORE,2717,168,927,1622,0
Upson,,SHERIFF,,D,JEFFERY LITTLE,3656,120,1715,1817,4
Upson,THE JUG,SHERIFF,,D,JEFFERY LITTLE,125,3,91,31,0
Upson,REDBONE,SHERIFF,,D,JEFFERY LITTLE,771,26,276,469,0
Upson,LINCOLN PARK,SHERIFF,,D,JEFFERY LITTLE,412,8,208,194,2
Upson,YATESVILLE,SHERIFF,,D,JEFFERY LITTLE,90,3,62,24,1
Upson,SALEM,SHERIFF,,D,JEFFERY LITTLE,252,19,172,61,0
Upson,REEVES,SHERIFF,,D,JEFFERY LITTLE,134,5,82,47,0
Upson,THE ROCK,SHERIFF,,D,JEFFERY LITTLE,29,1,17,11,0
Upson,ATWATER,SHERIFF,,D,JEFFERY LITTLE,124,6,68,50,0
Upson,TOWN,SHERIFF,,D,JEFFERY LITTLE,1719,49,739,930,1
Upson,,TAX COMMISSIONER,,R,J. BERRY COOK (I),9246,380,4266,4595,5
Upson,THE JUG,TAX COMMISSIONER,,R,J. BERRY COOK (I),251,3,176,72,0
Upson,REDBONE,TAX COMMISSIONER,,R,J. BERRY COOK (I),2374,77,886,1411,0
Upson,LINCOLN PARK,TAX COMMISSIONER,,R,J. BERRY COOK (I),248,11,104,131,2
Upson,YATESVILLE,TAX COMMISSIONER,,R,J. BERRY COOK (I),509,15,395,99,0
Upson,SALEM,TAX COMMISSIONER,,R,J. BERRY COOK (I),191,9,126,56,0
Upson,REEVES,TAX COMMISSIONER,,R,J. BERRY COOK (I),1093,42,661,390,0
Upson,THE ROCK,TAX COMMISSIONER,,R,J. BERRY COOK (I),224,1,150,72,1
Upson,ATWATER,TAX COMMISSIONER,,R,J. BERRY COOK (I),777,38,420,318,1
Upson,TOWN,TAX COMMISSIONER,,R,J. BERRY COOK (I),3579,184,1348,2046,1
Upson,,CORONER,,R,JAMES M. GEORGE (I),8933,361,4139,4428,5
Upson,THE JUG,CORONER,,R,JAMES M. GEORGE (I),242,3,168,71,0
Upson,REDBONE,CORONER,,R,JAMES M. GEORGE (I),2327,75,876,1376,0
Upson,LINCOLN PARK,CORONER,,R,JAMES M. GEORGE (I),221,10,91,118,2
Upson,YATESVILLE,CORONER,,R,JAMES M. GEORGE (I),496,15,382,99,0
Upson,SALEM,CORONER,,R,JAMES M. GEORGE (I),166,7,109,50,0
Upson,REEVES,CORONER,,R,JAMES M. GEORGE (I),1070,39,645,386,0
Upson,THE ROCK,CORONER,,R,JAMES M. GEORGE (I),214,1,144,68,1
Upson,ATWATER,CORONER,,R,JAMES M. GEORGE (I),755,36,415,303,1
Upson,TOWN,CORONER,,R,JAMES M. GEORGE (I),3442,175,1309,1957,1
Upson,,CHAIR COMMISSIONER,,R,RUSTY BLACKSTON,5670,249,2636,2784,1
Upson,THE JUG,CHAIR COMMISSIONER,,R,RUSTY BLACKSTON,139,2,91,46,0
Upson,REDBONE,CHAIR COMMISSIONER,,R,RUSTY BLACKSTON,1567,52,590,925,0
Upson,LINCOLN PARK,CHAIR COMMISSIONER,,R,RUSTY BLACKSTON,42,1,18,23,0
Upson,YATESVILLE,CHAIR COMMISSIONER,,R,RUSTY BLACKSTON,379,14,291,74,0
Upson,SALEM,CHAIR COMMISSIONER,,R,RUSTY BLACKSTON,24,2,13,9,0
Upson,REEVES,CHAIR COMMISSIONER,,R,RUSTY BLACKSTON,775,33,471,271,0
Upson,THE ROCK,CHAIR COMMISSIONER,,R,RUSTY BLACKSTON,177,1,127,48,1
Upson,ATWATER,CHAIR COMMISSIONER,,R,RUSTY BLACKSTON,530,28,304,198,0
Upson,TOWN,CHAIR COMMISSIONER,,R,RUSTY BLACKSTON,2037,116,731,1190,0
Upson,,CHAIR COMMISSIONER,,D,MAURICE RAINES (I),5267,204,2347,2711,5
Upson,THE JUG,CHAIR COMMISSIONER,,D,MAURICE RAINES (I),165,3,116,46,0
Upson,REDBONE,CHAIR COMMISSIONER,,D,MAURICE RAINES (I),1176,39,408,729,0
Upson,LINCOLN PARK,CHAIR COMMISSIONER,,D,MAURICE RAINES (I),406,13,194,197,2
Upson,YATESVILLE,CHAIR COMMISSIONER,,D,MAURICE RAINES (I),182,4,137,40,1
Upson,SALEM,CHAIR COMMISSIONER,,D,MAURICE RAINES (I),271,20,178,73,0
Upson,REEVES,CHAIR COMMISSIONER,,D,MAURICE RAINES (I),387,15,228,144,0
Upson,THE ROCK,CHAIR COMMISSIONER,,D,MAURICE RAINES (I),67,1,39,27,0
Upson,ATWATER,CHAIR COMMISSIONER,,D,MAURICE RAINES (I),306,11,154,140,1
Upson,TOWN,CHAIR COMMISSIONER,,D,MAURICE RAINES (I),2307,98,893,1315,1
Upson,,CC D1,,D,LORENZO WILDER,2324,78,1146,1096,4
Upson,THE JUG,CC D1,,D,LORENZO WILDER,252,4,174,74,0
Upson,LINCOLN PARK,CC D1,,D,LORENZO WILDER,422,13,204,203,2
Upson,YATESVILLE,CC D1,,D,LORENZO WILDER,7,1,5,0,1
Upson,SALEM,CC D1,,D,LORENZO WILDER,269,21,175,73,0
Upson,TOWN,CC D1,,D,LORENZO WILDER,1374,39,588,746,1
Upson,,CC D2,,R,STEVE HUDSON (I),2659,129,1312,1217,1
Upson,REEVES,CC D2,,R,STEVE HUDSON (I),1023,39,612,372,0
Upson,ATWATER,CC D2,,R,STEVE HUDSON (I),733,34,401,297,1
Upson,TOWN,CC D2,,R,STEVE HUDSON (I),903,56,299,548,0
Upson,,SOIL AND WATER,,,SIDNEY L. BEACH (I),8682,355,4050,4272,5
Upson,THE JUG,SOIL AND WATER,,,SIDNEY L. BEACH (I),232,3,162,67,0
Upson,REDBONE,SOIL AND WATER,,,SIDNEY L. BEACH (I),2229,71,843,1315,0
Upson,LINCOLN PARK,SOIL AND WATER,,,SIDNEY L. BEACH (I),299,11,145,141,2
Upson,YATESVILLE,SOIL AND WATER,,,SIDNEY L. BEACH (I),456,13,355,88,0
Upson,SALEM,SOIL AND WATER,,,SIDNEY L. BEACH (I),188,12,116,60,0
Upson,REEVES,SOIL AND WATER,,,SIDNEY L. BEACH (I),997,35,609,353,0
Upson,THE ROCK,SOIL AND WATER,,,SIDNEY L. BEACH (I),204,1,140,62,1
Upson,ATWATER,SOIL AND WATER,,,SIDNEY L. BEACH (I),720,36,396,287,1
Upson,TOWN,SOIL AND WATER,,,SIDNEY L. BEACH (I),3357,173,1284,1899,1
Upson,,Constitutional Amendment #1<br>Shall the Constitution be amended to allow state or local approval of public charter schools upon the request of local communities?,,,YES,5684,237,2555,2888,4
Upson,THE JUG,Constitutional Amendment #1<br>Shall the Constitution be amended to allow state or local approval of public charter schools upon the request of local communities?,,,YES,140,2,94,44,0
Upson,REDBONE,Constitutional Amendment #1<br>Shall the Constitution be amended to allow state or local approval of public charter schools upon the request of local communities?,,,YES,1429,45,536,848,0
Upson,LINCOLN PARK,Constitutional Amendment #1<br>Shall the Constitution be amended to allow state or local approval of public charter schools upon the request of local communities?,,,YES,257,8,115,132,2
Upson,YATESVILLE,Constitutional Amendment #1<br>Shall the Constitution be amended to allow state or local approval of public charter schools upon the request of local communities?,,,YES,270,12,193,64,1
Upson,SALEM,Constitutional Amendment #1<br>Shall the Constitution be amended to allow state or local approval of public charter schools upon the request of local communities?,,,YES,129,7,76,46,0
Upson,REEVES,Constitutional Amendment #1<br>Shall the Constitution be amended to allow state or local approval of public charter schools upon the request of local communities?,,,YES,599,28,357,214,0
Upson,THE ROCK,Constitutional Amendment #1<br>Shall the Constitution be amended to allow state or local approval of public charter schools upon the request of local communities?,,,YES,118,2,73,42,1
Upson,ATWATER,Constitutional Amendment #1<br>Shall the Constitution be amended to allow state or local approval of public charter schools upon the request of local communities?,,,YES,397,19,212,166,0
Upson,TOWN,Constitutional Amendment #1<br>Shall the Constitution be amended to allow state or local approval of public charter schools upon the request of local communities?,,,YES,2345,114,899,1332,0
Upson,,Constitutional Amendment #1<br>Shall the Constitution be amended to allow state or local approval of public charter schools upon the request of local communities?,,,NO,4979,195,2341,2441,2
Upson,THE JUG,Constitutional Amendment #1<br>Shall the Constitution be amended to allow state or local approval of public charter schools upon the request of local communities?,,,NO,157,3,111,43,0
Upson,REDBONE,Constitutional Amendment #1<br>Shall the Constitution be amended to allow state or local approval of public charter schools upon the request of local communities?,,,NO,1241,39,447,755,0
Upson,LINCOLN PARK,Constitutional Amendment #1<br>Shall the Constitution be amended to allow state or local approval of public charter schools upon the request of local communities?,,,NO,161,3,87,71,0
Upson,YATESVILLE,Constitutional Amendment #1<br>Shall the Constitution be amended to allow state or local approval of public charter schools upon the request of local communities?,,,NO,283,5,231,47,0
Upson,SALEM,Constitutional Amendment #1<br>Shall the Constitution be amended to allow state or local approval of public charter schools upon the request of local communities?,,,NO,146,13,105,28,0
Upson,REEVES,Constitutional Amendment #1<br>Shall the Constitution be amended to allow state or local approval of public charter schools upon the request of local communities?,,,NO,560,18,338,204,0
Upson,THE ROCK,Constitutional Amendment #1<br>Shall the Constitution be amended to allow state or local approval of public charter schools upon the request of local communities?,,,NO,122,0,89,33,0
Upson,ATWATER,Constitutional Amendment #1<br>Shall the Constitution be amended to allow state or local approval of public charter schools upon the request of local communities?,,,NO,425,19,238,167,1
Upson,TOWN,Constitutional Amendment #1<br>Shall the Constitution be amended to allow state or local approval of public charter schools upon the request of local communities?,,,NO,1884,95,695,1093,1
Upson,,Constitutional Amendment #2<br>Shall the Constitution be amended so as to provide for a reduction in the state's operating costs by allowing the General Assembly to authorize certain state agencies to enter into multiyear rental agreements?,,,YES,6115,260,2786,3065,4
Upson,THE JUG,Constitutional Amendment #2<br>Shall the Constitution be amended so as to provide for a reduction in the state's operating costs by allowing the General Assembly to authorize certain state agencies to enter into multiyear rental agreements?,,,YES,150,1,107,42,0
Upson,REDBONE,Constitutional Amendment #2<br>Shall the Constitution be amended so as to provide for a reduction in the state's operating costs by allowing the General Assembly to authorize certain state agencies to enter into multiyear rental agreements?,,,YES,1506,49,545,912,0
Upson,LINCOLN PARK,Constitutional Amendment #2<br>Shall the Constitution be amended so as to provide for a reduction in the state's operating costs by allowing the General Assembly to authorize certain state agencies to enter into multiyear rental agreements?,,,YES,259,4,139,115,1
Upson,YATESVILLE,Constitutional Amendment #2<br>Shall the Constitution be amended so as to provide for a reduction in the state's operating costs by allowing the General Assembly to authorize certain state agencies to enter into multiyear rental agreements?,,,YES,293,9,223,60,1
Upson,SALEM,Constitutional Amendment #2<br>Shall the Constitution be amended so as to provide for a reduction in the state's operating costs by allowing the General Assembly to authorize certain state agencies to enter into multiyear rental agreements?,,,YES,144,16,83,45,0
Upson,REEVES,Constitutional Amendment #2<br>Shall the Constitution be amended so as to provide for a reduction in the state's operating costs by allowing the General Assembly to authorize certain state agencies to enter into multiyear rental agreements?,,,YES,665,24,402,239,0
Upson,THE ROCK,Constitutional Amendment #2<br>Shall the Constitution be amended so as to provide for a reduction in the state's operating costs by allowing the General Assembly to authorize certain state agencies to enter into multiyear rental agreements?,,,YES,140,2,99,38,1
Upson,ATWATER,Constitutional Amendment #2<br>Shall the Constitution be amended so as to provide for a reduction in the state's operating costs by allowing the General Assembly to authorize certain state agencies to enter into multiyear rental agreements?,,,YES,474,22,255,196,1
Upson,TOWN,Constitutional Amendment #2<br>Shall the Constitution be amended so as to provide for a reduction in the state's operating costs by allowing the General Assembly to authorize certain state agencies to enter into multiyear rental agreements?,,,YES,2484,133,933,1418,0
Upson,,Constitutional Amendment #2<br>Shall the Constitution be amended so as to provide for a reduction in the state's operating costs by allowing the General Assembly to authorize certain state agencies to enter into multiyear rental agreements?,,,NO,3967,149,1851,1965,2
Upson,THE JUG,Constitutional Amendment #2<br>Shall the Constitution be amended so as to provide for a reduction in the state's operating costs by allowing the General Assembly to authorize certain state agencies to enter into multiyear rental agreements?,,,NO,124,3,86,35,0
Upson,REDBONE,Constitutional Amendment #2<br>Shall the Constitution be amended so as to provide for a reduction in the state's operating costs by allowing the General Assembly to authorize certain state agencies to enter into multiyear rental agreements?,,,NO,1016,32,392,592,0
Upson,LINCOLN PARK,Constitutional Amendment #2<br>Shall the Constitution be amended so as to provide for a reduction in the state's operating costs by allowing the General Assembly to authorize certain state agencies to enter into multiyear rental agreements?,,,NO,133,7,49,76,1
Upson,YATESVILLE,Constitutional Amendment #2<br>Shall the Constitution be amended so as to provide for a reduction in the state's operating costs by allowing the General Assembly to authorize certain state agencies to enter into multiyear rental agreements?,,,NO,234,5,183,46,0
Upson,SALEM,Constitutional Amendment #2<br>Shall the Constitution be amended so as to provide for a reduction in the state's operating costs by allowing the General Assembly to authorize certain state agencies to enter into multiyear rental agreements?,,,NO,105,4,74,27,0
Upson,REEVES,Constitutional Amendment #2<br>Shall the Constitution be amended so as to provide for a reduction in the state's operating costs by allowing the General Assembly to authorize certain state agencies to enter into multiyear rental agreements?,,,NO,445,21,261,163,0
Upson,THE ROCK,Constitutional Amendment #2<br>Shall the Constitution be amended so as to provide for a reduction in the state's operating costs by allowing the General Assembly to authorize certain state agencies to enter into multiyear rental agreements?,,,NO,83,0,52,31,0
Upson,ATWATER,Constitutional Amendment #2<br>Shall the Constitution be amended so as to provide for a reduction in the state's operating costs by allowing the General Assembly to authorize certain state agencies to enter into multiyear rental agreements?,,,NO,305,15,172,118,0
Upson,TOWN,Constitutional Amendment #2<br>Shall the Constitution be amended so as to provide for a reduction in the state's operating costs by allowing the General Assembly to authorize certain state agencies to enter into multiyear rental agreements?,,,NO,1522,62,582,877,1
