county,precinct,office,district,party,candidate,votes,absentee_by_mail,election_day,advance_in_person,provisional
Sumter,,President of the United States,,R,MITT ROMNEY,5378,358,2458,2556,6
Sumter,C1-27,President of the United States,,R,MITT ROMNEY,416,39,134,243,0
Sumter,C2-27,President of the United States,,R,MITT ROMNEY,1140,122,483,530,5
Sumter,C3-27,President of the United States,,R,MITT ROMNEY,250,21,70,159,0
Sumter,E-27,President of the United States,,R,MITT ROMNEY,702,39,234,428,1
Sumter,N-26,President of the United States,,R,MITT ROMNEY,222,9,162,51,0
Sumter,O-26,President of the United States,,R,MITT ROMNEY,363,26,207,130,0
Sumter,W-27,President of the United States,,R,MITT ROMNEY,750,26,274,450,0
Sumter,15,President of the United States,,R,MITT ROMNEY,680,37,400,243,0
Sumter,17,President of the United States,,R,MITT ROMNEY,232,18,141,73,0
Sumter,28,President of the United States,,R,MITT ROMNEY,424,14,220,190,0
Sumter,29,President of the United States,,R,MITT ROMNEY,199,7,133,59,0
Sumter,,President of the United States,,D,BARACK OBAMA (I),6375,475,2604,3291,5
Sumter,C1-27,President of the United States,,D,BARACK OBAMA (I),1324,113,507,704,0
Sumter,C2-27,President of the United States,,D,BARACK OBAMA (I),859,53,347,457,2
Sumter,C3-27,President of the United States,,D,BARACK OBAMA (I),1531,108,569,852,2
Sumter,E-27,President of the United States,,D,BARACK OBAMA (I),544,22,184,338,0
Sumter,N-26,President of the United States,,D,BARACK OBAMA (I),43,0,22,21,0
Sumter,O-26,President of the United States,,D,BARACK OBAMA (I),428,78,237,113,0
Sumter,W-27,President of the United States,,D,BARACK OBAMA (I),570,34,187,348,1
Sumter,15,President of the United States,,D,BARACK OBAMA (I),488,33,275,180,0
Sumter,17,President of the United States,,D,BARACK OBAMA (I),250,13,138,99,0
Sumter,28,President of the United States,,D,BARACK OBAMA (I),254,15,89,150,0
Sumter,29,President of the United States,,D,BARACK OBAMA (I),84,6,49,29,0
Sumter,,President of the United States,,LIB,GARY JOHNSON,78,4,41,33,0
Sumter,C1-27,President of the United States,,LIB,GARY JOHNSON,9,0,2,7,0
Sumter,C2-27,President of the United States,,LIB,GARY JOHNSON,26,2,15,9,0
Sumter,C3-27,President of the United States,,LIB,GARY JOHNSON,12,0,6,6,0
Sumter,E-27,President of the United States,,LIB,GARY JOHNSON,6,1,3,2,0
Sumter,N-26,President of the United States,,LIB,GARY JOHNSON,3,0,3,0,0
Sumter,O-26,President of the United States,,LIB,GARY JOHNSON,4,0,3,1,0
Sumter,W-27,President of the United States,,LIB,GARY JOHNSON,8,0,2,6,0
Sumter,15,President of the United States,,LIB,GARY JOHNSON,5,0,3,2,0
Sumter,17,President of the United States,,LIB,GARY JOHNSON,3,0,3,0,0
Sumter,28,President of the United States,,LIB,GARY JOHNSON,1,1,0,0,0
Sumter,29,President of the United States,,LIB,GARY JOHNSON,1,0,1,0,0
Sumter,,"Public Service Commission, District 3",3,R,CHUCK EATON (I),4709,332,2086,2286,5
Sumter,C1-27,"Public Service Commission, District 3",3,R,CHUCK EATON (I),373,31,123,219,0
Sumter,C2-27,"Public Service Commission, District 3",3,R,CHUCK EATON (I),987,119,409,455,4
Sumter,C3-27,"Public Service Commission, District 3",3,R,CHUCK EATON (I),266,18,84,164,0
Sumter,E-27,"Public Service Commission, District 3",3,R,CHUCK EATON (I),622,38,203,380,1
Sumter,N-26,"Public Service Commission, District 3",3,R,CHUCK EATON (I),194,9,137,48,0
Sumter,O-26,"Public Service Commission, District 3",3,R,CHUCK EATON (I),303,25,163,115,0
Sumter,W-27,"Public Service Commission, District 3",3,R,CHUCK EATON (I),651,26,231,394,0
Sumter,15,"Public Service Commission, District 3",3,R,CHUCK EATON (I),574,30,333,211,0
Sumter,17,"Public Service Commission, District 3",3,R,CHUCK EATON (I),195,18,109,68,0
Sumter,28,"Public Service Commission, District 3",3,R,CHUCK EATON (I),371,13,180,178,0
Sumter,29,"Public Service Commission, District 3",3,R,CHUCK EATON (I),173,5,114,54,0
Sumter,,"Public Service Commission, District 3",3,D,STEPHEN OPPENHEIMER,5474,442,2256,2772,4
Sumter,C1-27,"Public Service Commission, District 3",3,D,STEPHEN OPPENHEIMER,1101,110,423,568,0
Sumter,C2-27,"Public Service Commission, District 3",3,D,STEPHEN OPPENHEIMER,763,52,305,405,1
Sumter,C3-27,"Public Service Commission, District 3",3,D,STEPHEN OPPENHEIMER,1264,98,477,687,2
Sumter,E-27,"Public Service Commission, District 3",3,D,STEPHEN OPPENHEIMER,489,19,165,305,0
Sumter,N-26,"Public Service Commission, District 3",3,D,STEPHEN OPPENHEIMER,40,0,24,16,0
Sumter,O-26,"Public Service Commission, District 3",3,D,STEPHEN OPPENHEIMER,380,63,215,102,0
Sumter,W-27,"Public Service Commission, District 3",3,D,STEPHEN OPPENHEIMER,511,32,168,310,1
Sumter,15,"Public Service Commission, District 3",3,D,STEPHEN OPPENHEIMER,425,36,226,163,0
Sumter,17,"Public Service Commission, District 3",3,D,STEPHEN OPPENHEIMER,212,13,126,73,0
Sumter,28,"Public Service Commission, District 3",3,D,STEPHEN OPPENHEIMER,214,13,81,120,0
Sumter,29,"Public Service Commission, District 3",3,D,STEPHEN OPPENHEIMER,75,6,46,23,0
Sumter,,"Public Service Commission, District 3",3,L,BRAD PLOEGER,266,17,147,102,0
Sumter,C1-27,"Public Service Commission, District 3",3,L,BRAD PLOEGER,41,3,15,23,0
Sumter,C2-27,"Public Service Commission, District 3",3,L,BRAD PLOEGER,69,3,41,25,0
Sumter,C3-27,"Public Service Commission, District 3",3,L,BRAD PLOEGER,33,3,12,18,0
Sumter,E-27,"Public Service Commission, District 3",3,L,BRAD PLOEGER,20,1,13,6,0
Sumter,N-26,"Public Service Commission, District 3",3,L,BRAD PLOEGER,6,0,5,1,0
Sumter,O-26,"Public Service Commission, District 3",3,L,BRAD PLOEGER,9,0,7,2,0
Sumter,W-27,"Public Service Commission, District 3",3,L,BRAD PLOEGER,29,1,13,15,0
Sumter,15,"Public Service Commission, District 3",3,L,BRAD PLOEGER,21,1,14,6,0
Sumter,17,"Public Service Commission, District 3",3,L,BRAD PLOEGER,16,0,15,1,0
Sumter,28,"Public Service Commission, District 3",3,L,BRAD PLOEGER,12,2,7,3,0
Sumter,29,"Public Service Commission, District 3",3,L,BRAD PLOEGER,10,3,5,2,0
Sumter,,"Public Service Commission, District 5",5,R,STAN WISE (I),5881,405,2645,2825,6
Sumter,C1-27,"Public Service Commission, District 5",5,R,STAN WISE (I),581,46,209,326,0
Sumter,C2-27,"Public Service Commission, District 5",5,R,STAN WISE (I),1194,131,497,562,4
Sumter,C3-27,"Public Service Commission, District 5",5,R,STAN WISE (I),470,34,168,267,1
Sumter,E-27,"Public Service Commission, District 5",5,R,STAN WISE (I),714,43,240,430,1
Sumter,N-26,"Public Service Commission, District 5",5,R,STAN WISE (I),225,9,160,56,0
Sumter,O-26,"Public Service Commission, District 5",5,R,STAN WISE (I),391,31,231,129,0
Sumter,W-27,"Public Service Commission, District 5",5,R,STAN WISE (I),776,31,267,478,0
Sumter,15,"Public Service Commission, District 5",5,R,STAN WISE (I),659,37,390,232,0
Sumter,17,"Public Service Commission, District 5",5,R,STAN WISE (I),249,20,144,85,0
Sumter,28,"Public Service Commission, District 5",5,R,STAN WISE (I),423,15,210,198,0
Sumter,29,"Public Service Commission, District 5",5,R,STAN WISE (I),199,8,129,62,0
Sumter,,"Public Service Commission, District 5",5,L,DAVID STAPLES,3145,239,1344,1559,3
Sumter,C1-27,"Public Service Commission, District 5",5,L,DAVID STAPLES,649,58,254,337,0
Sumter,C2-27,"Public Service Commission, District 5",5,L,DAVID STAPLES,468,29,204,234,1
Sumter,C3-27,"Public Service Commission, District 5",5,L,DAVID STAPLES,713,55,278,379,1
Sumter,E-27,"Public Service Commission, District 5",5,L,DAVID STAPLES,289,12,102,175,0
Sumter,N-26,"Public Service Commission, District 5",5,L,DAVID STAPLES,19,0,10,9,0
Sumter,O-26,"Public Service Commission, District 5",5,L,DAVID STAPLES,214,42,111,61,0
Sumter,W-27,"Public Service Commission, District 5",5,L,DAVID STAPLES,294,12,114,167,1
Sumter,15,"Public Service Commission, District 5",5,L,DAVID STAPLES,217,14,124,79,0
Sumter,17,"Public Service Commission, District 5",5,L,DAVID STAPLES,124,5,78,41,0
Sumter,28,"Public Service Commission, District 5",5,L,DAVID STAPLES,116,7,44,65,0
Sumter,29,"Public Service Commission, District 5",5,L,DAVID STAPLES,42,5,25,12,0
Sumter,,U.S. Representative,2,R,JOHN HOUSE,4679,310,2077,2289,3
Sumter,C1-27,U.S. Representative,2,R,JOHN HOUSE,364,34,116,214,0
Sumter,C2-27,U.S. Representative,2,R,JOHN HOUSE,1003,105,428,467,3
Sumter,C3-27,U.S. Representative,2,R,JOHN HOUSE,248,20,78,150,0
Sumter,E-27,U.S. Representative,2,R,JOHN HOUSE,604,33,190,381,0
Sumter,N-26,U.S. Representative,2,R,JOHN HOUSE,190,9,133,48,0
Sumter,O-26,U.S. Representative,2,R,JOHN HOUSE,306,20,169,117,0
Sumter,W-27,U.S. Representative,2,R,JOHN HOUSE,671,23,236,412,0
Sumter,15,U.S. Representative,2,R,JOHN HOUSE,577,30,326,221,0
Sumter,17,U.S. Representative,2,R,JOHN HOUSE,198,18,112,68,0
Sumter,28,U.S. Representative,2,R,JOHN HOUSE,354,10,182,162,0
Sumter,29,U.S. Representative,2,R,JOHN HOUSE,164,8,107,49,0
Sumter,,U.S. Representative,2,D,SANFORD BISHOP (I),6938,507,2930,3494,7
Sumter,C1-27,U.S. Representative,2,D,SANFORD BISHOP (I),1341,116,512,713,0
Sumter,C2-27,U.S. Representative,2,D,SANFORD BISHOP (I),979,69,397,510,3
Sumter,C3-27,U.S. Representative,2,D,SANFORD BISHOP (I),1510,109,554,845,2
Sumter,E-27,U.S. Representative,2,D,SANFORD BISHOP (I),632,28,220,383,1
Sumter,N-26,U.S. Representative,2,D,SANFORD BISHOP (I),76,0,51,25,0
Sumter,O-26,U.S. Representative,2,D,SANFORD BISHOP (I),465,72,270,123,0
Sumter,W-27,U.S. Representative,2,D,SANFORD BISHOP (I),640,36,219,384,1
Sumter,15,U.S. Representative,2,D,SANFORD BISHOP (I),582,39,345,198,0
Sumter,17,U.S. Representative,2,D,SANFORD BISHOP (I),277,13,165,99,0
Sumter,28,U.S. Representative,2,D,SANFORD BISHOP (I),314,19,120,175,0
Sumter,29,U.S. Representative,2,D,SANFORD BISHOP (I),122,6,77,39,0
Sumter,,State Senator,12,D,FREDDIE P SIMS (I),6171,494,2531,3140,6
Sumter,C1-27,State Senator,12,D,FREDDIE P SIMS (I),1374,122,505,747,0
Sumter,C2-27,State Senator,12,D,FREDDIE P SIMS (I),1415,120,570,722,3
Sumter,C3-27,State Senator,12,D,FREDDIE P SIMS (I),1444,105,528,809,2
Sumter,N-26,State Senator,12,D,FREDDIE P SIMS (I),147,6,103,38,0
Sumter,O-26,State Senator,12,D,FREDDIE P SIMS (I),570,76,316,178,0
Sumter,W-27,State Senator,12,D,FREDDIE P SIMS (I),882,41,306,534,1
Sumter,17,State Senator,12,D,FREDDIE P SIMS (I),339,24,203,112,0
Sumter,,State Senator,13,R,JOHN D CROSBY (I),2269,115,1090,1063,1
Sumter,C1-27,State Senator,13,R,JOHN D CROSBY (I),5,2,0,3,0
Sumter,C2-27,State Senator,13,R,JOHN D CROSBY (I),1,0,0,1,0
Sumter,E-27,State Senator,13,R,JOHN D CROSBY (I),826,43,278,504,1
Sumter,15,State Senator,13,R,JOHN D CROSBY (I),763,43,455,265,0
Sumter,28,State Senator,13,R,JOHN D CROSBY (I),460,18,218,224,0
Sumter,29,State Senator,13,R,JOHN D CROSBY (I),214,9,139,66,0
Sumter,,State Representative,138,R,MIKE CHEOKAS (I),4697,315,2032,2343,7
Sumter,C1-27,State Representative,138,R,MIKE CHEOKAS (I),491,38,175,278,0
Sumter,C2-27,State Representative,138,R,MIKE CHEOKAS (I),1196,118,524,548,6
Sumter,C3-27,State Representative,138,R,MIKE CHEOKAS (I),345,26,107,212,0
Sumter,E-27,State Representative,138,R,MIKE CHEOKAS (I),707,44,235,427,1
Sumter,N-26,State Representative,138,R,MIKE CHEOKAS (I),212,9,155,48,0
Sumter,O-26,State Representative,138,R,MIKE CHEOKAS (I),372,31,216,125,0
Sumter,W-27,State Representative,138,R,MIKE CHEOKAS (I),764,24,282,458,0
Sumter,28,State Representative,138,R,MIKE CHEOKAS (I),411,16,206,189,0
Sumter,29,State Representative,138,R,MIKE CHEOKAS (I),199,9,132,58,0
Sumter,,State Representative,138,D,KEVIN T. BROWN,5153,391,1976,2782,4
Sumter,C1-27,State Representative,138,D,KEVIN T. BROWN,1193,109,440,644,0
Sumter,C2-27,State Representative,138,D,KEVIN T. BROWN,767,53,292,421,1
Sumter,C3-27,State Representative,138,D,KEVIN T. BROWN,1392,98,520,772,2
Sumter,E-27,State Representative,138,D,KEVIN T. BROWN,512,18,174,320,0
Sumter,N-26,State Representative,138,D,KEVIN T. BROWN,44,0,24,20,0
Sumter,O-26,State Representative,138,D,KEVIN T. BROWN,395,62,220,113,0
Sumter,W-27,State Representative,138,D,KEVIN T. BROWN,531,34,170,326,1
Sumter,28,State Representative,138,D,KEVIN T. BROWN,239,12,88,139,0
Sumter,29,State Representative,138,D,KEVIN T. BROWN,80,5,48,27,0
Sumter,,State Representative,152,R,ED RYNDERS (I),1045,65,625,355,0
Sumter,15,State Representative,152,R,ED RYNDERS (I),753,44,445,264,0
Sumter,17,State Representative,152,R,ED RYNDERS (I),292,21,180,91,0
Sumter,,District Attorney, Southwestern Circuit,R,PLEZ H. HARDIN (I),8039,550,3593,3887,9
Sumter,C1-27,District Attorney, Southwestern Circuit,R,PLEZ H. HARDIN (I),1057,80,395,582,0
Sumter,C2-27,District Attorney, Southwestern Circuit,R,PLEZ H. HARDIN (I),1536,143,657,731,5
Sumter,C3-27,District Attorney, Southwestern Circuit,R,PLEZ H. HARDIN (I),992,77,371,542,2
Sumter,E-27,District Attorney, Southwestern Circuit,R,PLEZ H. HARDIN (I),887,42,312,532,1
Sumter,N-26,District Attorney, Southwestern Circuit,R,PLEZ H. HARDIN (I),224,8,158,58,0
Sumter,O-26,District Attorney, Southwestern Circuit,R,PLEZ H. HARDIN (I),552,59,307,186,0
Sumter,W-27,District Attorney, Southwestern Circuit,R,PLEZ H. HARDIN (I),946,36,342,567,1
Sumter,15,District Attorney, Southwestern Circuit,R,PLEZ H. HARDIN (I),821,57,471,293,0
Sumter,17,District Attorney, Southwestern Circuit,R,PLEZ H. HARDIN (I),309,20,194,95,0
Sumter,28,District Attorney, Southwestern Circuit,R,PLEZ H. HARDIN (I),493,18,240,235,0
Sumter,29,District Attorney, Southwestern Circuit,R,PLEZ H. HARDIN (I),222,10,146,66,0
Sumter,,CLERK, SUPERIOR COURT,D,NANCY C. SMITH (I),9939,699,4215,5016,9
Sumter,C1-27,CLERK, SUPERIOR COURT,D,NANCY C. SMITH (I),1519,135,550,834,0
Sumter,C2-27,CLERK, SUPERIOR COURT,D,NANCY C. SMITH (I),1694,141,692,856,5
Sumter,C3-27,CLERK, SUPERIOR COURT,D,NANCY C. SMITH (I),1587,113,571,901,2
Sumter,E-27,CLERK, SUPERIOR COURT,D,NANCY C. SMITH (I),1069,52,359,657,1
Sumter,N-26,CLERK, SUPERIOR COURT,D,NANCY C. SMITH (I),202,6,139,57,0
Sumter,O-26,CLERK, SUPERIOR COURT,D,NANCY C. SMITH (I),672,77,386,209,0
Sumter,W-27,CLERK, SUPERIOR COURT,D,NANCY C. SMITH (I),1076,46,366,663,1
Sumter,15,CLERK, SUPERIOR COURT,D,NANCY C. SMITH (I),932,63,529,340,0
Sumter,17,CLERK, SUPERIOR COURT,D,NANCY C. SMITH (I),389,27,226,136,0
Sumter,28,CLERK, SUPERIOR COURT,D,NANCY C. SMITH (I),576,26,251,299,0
Sumter,29,CLERK, SUPERIOR COURT,D,NANCY C. SMITH (I),223,13,146,64,0
Sumter,,SHERIFF,,R,PETE P SMITH (I),8982,622,3931,4421,8
Sumter,C1-27,SHERIFF,,R,PETE P SMITH (I),1241,106,454,681,0
Sumter,C2-27,SHERIFF,,R,PETE P SMITH (I),1648,147,702,794,5
Sumter,C3-27,SHERIFF,,R,PETE P SMITH (I),1144,82,410,651,1
Sumter,E-27,SHERIFF,,R,PETE P SMITH (I),997,53,344,599,1
Sumter,N-26,SHERIFF,,R,PETE P SMITH (I),240,6,166,68,0
Sumter,O-26,SHERIFF,,R,PETE P SMITH (I),595,68,333,194,0
Sumter,W-27,SHERIFF,,R,PETE P SMITH (I),1071,45,373,652,1
Sumter,15,SHERIFF,,R,PETE P SMITH (I),882,58,506,318,0
Sumter,17,SHERIFF,,R,PETE P SMITH (I),366,24,222,120,0
Sumter,28,SHERIFF,,R,PETE P SMITH (I),564,23,269,272,0
Sumter,29,SHERIFF,,R,PETE P SMITH (I),234,10,152,72,0
Sumter,,TAX COMMISSIONER,,D,ADAM  SMITH,9784,683,4159,4935,7
Sumter,C1-27,TAX COMMISSIONER,,D,ADAM  SMITH,1490,134,540,816,0
Sumter,C2-27,TAX COMMISSIONER,,D,ADAM  SMITH,1709,135,706,865,3
Sumter,C3-27,TAX COMMISSIONER,,D,ADAM  SMITH,1530,109,559,860,2
Sumter,E-27,TAX COMMISSIONER,,D,ADAM  SMITH,1068,54,349,664,1
Sumter,N-26,TAX COMMISSIONER,,D,ADAM  SMITH,203,7,142,54,0
Sumter,O-26,TAX COMMISSIONER,,D,ADAM  SMITH,653,77,370,206,0
Sumter,W-27,TAX COMMISSIONER,,D,ADAM  SMITH,1064,43,360,660,1
Sumter,15,TAX COMMISSIONER,,D,ADAM  SMITH,900,61,511,328,0
Sumter,17,TAX COMMISSIONER,,D,ADAM  SMITH,386,27,228,131,0
Sumter,28,TAX COMMISSIONER,,D,ADAM  SMITH,560,25,246,289,0
Sumter,29,TAX COMMISSIONER,,D,ADAM  SMITH,221,11,148,62,0
Sumter,,CORONER,,D,GREG HANCOCK (I),10161,698,4349,5107,7
Sumter,C1-27,CORONER,,D,GREG HANCOCK (I),1560,134,564,862,0
Sumter,C2-27,CORONER,,D,GREG HANCOCK (I),1737,137,720,877,3
Sumter,C3-27,CORONER,,D,GREG HANCOCK (I),1574,111,570,891,2
Sumter,E-27,CORONER,,D,GREG HANCOCK (I),1106,57,372,676,1
Sumter,N-26,CORONER,,D,GREG HANCOCK (I),205,7,146,52,0
Sumter,O-26,CORONER,,D,GREG HANCOCK (I),680,77,391,212,0
Sumter,W-27,CORONER,,D,GREG HANCOCK (I),1118,46,389,682,1
Sumter,15,CORONER,,D,GREG HANCOCK (I),954,63,540,351,0
Sumter,17,CORONER,,D,GREG HANCOCK (I),405,26,241,138,0
Sumter,28,CORONER,,D,GREG HANCOCK (I),591,27,264,300,0
Sumter,29,CORONER,,D,GREG HANCOCK (I),231,13,152,66,0
Sumter,,CHIEF MAGISTRATE,,R,SHERRY W RATLIFF,3784,261,1790,1730,3
Sumter,C1-27,CHIEF MAGISTRATE,,R,SHERRY W RATLIFF,313,31,121,161,0
Sumter,C2-27,CHIEF MAGISTRATE,,R,SHERRY W RATLIFF,758,82,340,334,2
Sumter,C3-27,CHIEF MAGISTRATE,,R,SHERRY W RATLIFF,242,18,83,141,0
Sumter,E-27,CHIEF MAGISTRATE,,R,SHERRY W RATLIFF,455,26,160,268,1
Sumter,N-26,CHIEF MAGISTRATE,,R,SHERRY W RATLIFF,156,8,111,37,0
Sumter,O-26,CHIEF MAGISTRATE,,R,SHERRY W RATLIFF,307,25,175,107,0
Sumter,W-27,CHIEF MAGISTRATE,,R,SHERRY W RATLIFF,504,14,190,300,0
Sumter,15,CHIEF MAGISTRATE,,R,SHERRY W RATLIFF,450,28,276,146,0
Sumter,17,CHIEF MAGISTRATE,,R,SHERRY W RATLIFF,188,17,107,64,0
Sumter,28,CHIEF MAGISTRATE,,R,SHERRY W RATLIFF,287,5,150,132,0
Sumter,29,CHIEF MAGISTRATE,,R,SHERRY W RATLIFF,124,7,77,40,0
Sumter,,CHIEF MAGISTRATE,,D,SHIRLEY DUKE (I),7401,537,3012,3846,6
Sumter,C1-27,CHIEF MAGISTRATE,,D,SHIRLEY DUKE (I),1336,118,482,736,0
Sumter,C2-27,CHIEF MAGISTRATE,,D,SHIRLEY DUKE (I),1157,87,454,613,3
Sumter,C3-27,CHIEF MAGISTRATE,,D,SHIRLEY DUKE (I),1437,105,521,809,2
Sumter,E-27,CHIEF MAGISTRATE,,D,SHIRLEY DUKE (I),733,32,239,462,0
Sumter,N-26,CHIEF MAGISTRATE,,D,SHIRLEY DUKE (I),104,1,69,34,0
Sumter,O-26,CHIEF MAGISTRATE,,D,SHIRLEY DUKE (I),458,65,259,134,0
Sumter,W-27,CHIEF MAGISTRATE,,D,SHIRLEY DUKE (I),767,46,251,469,1
Sumter,15,CHIEF MAGISTRATE,,D,SHIRLEY DUKE (I),631,40,336,255,0
Sumter,17,CHIEF MAGISTRATE,,D,SHIRLEY DUKE (I),265,13,153,99,0
Sumter,28,CHIEF MAGISTRATE,,D,SHIRLEY DUKE (I),361,23,148,190,0
Sumter,29,CHIEF MAGISTRATE,,D,SHIRLEY DUKE (I),152,7,100,45,0
Sumter,,CC, D1,R,HARVEY CLAIBORNE,680,27,332,321,0
Sumter,C1-27,CC, D1,R,HARVEY CLAIBORNE,73,5,29,39,0
Sumter,C2-27,CC, D1,R,HARVEY CLAIBORNE,1,0,0,1,0
Sumter,C3-27,CC, D1,R,HARVEY CLAIBORNE,31,0,13,18,0
Sumter,E-27,CC, D1,R,HARVEY CLAIBORNE,11,0,4,7,0
Sumter,W-27,CC, D1,R,HARVEY CLAIBORNE,117,7,48,62,0
Sumter,28,CC, D1,R,HARVEY CLAIBORNE,297,8,148,141,0
Sumter,29,CC, D1,R,HARVEY CLAIBORNE,150,7,90,53,0
Sumter,,CC, D1,D,CLAY JONES,1553,135,601,815,2
Sumter,C1-27,CC, D1,D,CLAY JONES,731,92,240,399,0
Sumter,C2-27,CC, D1,D,CLAY JONES,0,0,0,0,0
Sumter,C3-27,CC, D1,D,CLAY JONES,213,8,95,110,0
Sumter,E-27,CC, D1,D,CLAY JONES,45,3,10,31,1
Sumter,W-27,CC, D1,D,CLAY JONES,118,6,40,71,1
Sumter,28,CC, D1,D,CLAY JONES,325,19,132,174,0
Sumter,29,CC, D1,D,CLAY JONES,121,7,84,30,0
Sumter,,CC, D3,R,GEORGE R. TORBERT,1457,89,757,611,0
Sumter,C2-27,CC, D3,R,GEORGE R. TORBERT,105,15,42,48,0
Sumter,E-27,CC, D3,R,GEORGE R. TORBERT,176,10,45,121,0
Sumter,N-26,CC, D3,R,GEORGE R. TORBERT,221,9,156,56,0
Sumter,O-26,CC, D3,R,GEORGE R. TORBERT,377,26,222,129,0
Sumter,W-27,CC, D3,R,GEORGE R. TORBERT,289,10,118,161,0
Sumter,15,CC, D3,R,GEORGE R. TORBERT,52,1,26,25,0
Sumter,17,CC, D3,R,GEORGE R. TORBERT,237,18,148,71,0
Sumter,,CC, D3,D,TANGALIA ROBINSON,1046,110,493,442,1
Sumter,C2-27,CC, D3,D,TANGALIA ROBINSON,212,18,62,131,1
Sumter,E-27,CC, D3,D,TANGALIA ROBINSON,3,0,1,2,0
Sumter,N-26,CC, D3,D,TANGALIA ROBINSON,35,0,20,15,0
Sumter,O-26,CC, D3,D,TANGALIA ROBINSON,388,64,216,108,0
Sumter,W-27,CC, D3,D,TANGALIA ROBINSON,160,12,60,88,0
Sumter,15,CC, D3,D,TANGALIA ROBINSON,29,3,15,11,0
Sumter,17,CC, D3,D,TANGALIA ROBINSON,219,13,119,87,0
Sumter,,CC, D5,R,CAREY G HARBUCK,528,27,168,333,0
Sumter,C2-27,CC, D5,R,CAREY G HARBUCK,20,1,11,8,0
Sumter,C3-27,CC, D5,R,CAREY G HARBUCK,197,15,55,127,0
Sumter,W-27,CC, D5,R,CAREY G HARBUCK,311,11,102,198,0
Sumter,,CC, D5,D,ANDREA F BROOK (I),1444,106,495,841,2
Sumter,C2-27,CC, D5,D,ANDREA F BROOK (I),34,7,14,13,0
Sumter,C3-27,CC, D5,D,ANDREA F BROOK (I),1134,87,406,639,2
Sumter,W-27,CC, D5,D,ANDREA F BROOK (I),276,12,75,189,0
Sumter,,SOIL AND WATER,,,JAMES REID (I),8160,567,3583,4003,7
Sumter,C1-27,SOIL AND WATER,,,JAMES REID (I),1156,102,422,632,0
Sumter,C2-27,SOIL AND WATER,,,JAMES REID (I),1493,131,624,735,3
Sumter,C3-27,SOIL AND WATER,,,JAMES REID (I),1130,87,429,612,2
Sumter,E-27,SOIL AND WATER,,,JAMES REID (I),896,46,303,546,1
Sumter,N-26,SOIL AND WATER,,,JAMES REID (I),206,6,143,57,0
Sumter,O-26,SOIL AND WATER,,,JAMES REID (I),557,66,309,182,0
Sumter,W-27,SOIL AND WATER,,,JAMES REID (I),910,30,328,551,1
Sumter,15,SOIL AND WATER,,,JAMES REID (I),796,48,465,283,0
Sumter,17,SOIL AND WATER,,,JAMES REID (I),315,19,192,104,0
Sumter,28,SOIL AND WATER,,,JAMES REID (I),499,21,231,247,0
Sumter,29,SOIL AND WATER,,,JAMES REID (I),202,11,137,54,0
Sumter,,Constitutional Amendment #1<br>Shall the Constitution be amended to allow state or local approval of public charter schools upon the request of local communities?,,,YES,5919,371,2566,2975,7
Sumter,C1-27,Constitutional Amendment #1<br>Shall the Constitution be amended to allow state or local approval of public charter schools upon the request of local communities?,,,YES,892,67,353,472,0
Sumter,C2-27,Constitutional Amendment #1<br>Shall the Constitution be amended to allow state or local approval of public charter schools upon the request of local communities?,,,YES,1061,94,453,509,5
Sumter,C3-27,Constitutional Amendment #1<br>Shall the Constitution be amended to allow state or local approval of public charter schools upon the request of local communities?,,,YES,900,47,351,501,1
Sumter,E-27,Constitutional Amendment #1<br>Shall the Constitution be amended to allow state or local approval of public charter schools upon the request of local communities?,,,YES,626,30,207,389,0
Sumter,N-26,Constitutional Amendment #1<br>Shall the Constitution be amended to allow state or local approval of public charter schools upon the request of local communities?,,,YES,105,2,72,31,0
Sumter,O-26,Constitutional Amendment #1<br>Shall the Constitution be amended to allow state or local approval of public charter schools upon the request of local communities?,,,YES,349,30,202,117,0
Sumter,W-27,Constitutional Amendment #1<br>Shall the Constitution be amended to allow state or local approval of public charter schools upon the request of local communities?,,,YES,678,26,242,409,1
Sumter,15,Constitutional Amendment #1<br>Shall the Constitution be amended to allow state or local approval of public charter schools upon the request of local communities?,,,YES,575,39,310,226,0
Sumter,17,Constitutional Amendment #1<br>Shall the Constitution be amended to allow state or local approval of public charter schools upon the request of local communities?,,,YES,251,16,138,97,0
Sumter,28,Constitutional Amendment #1<br>Shall the Constitution be amended to allow state or local approval of public charter schools upon the request of local communities?,,,YES,314,13,134,167,0
Sumter,29,Constitutional Amendment #1<br>Shall the Constitution be amended to allow state or local approval of public charter schools upon the request of local communities?,,,YES,168,7,104,57,0
Sumter,,Constitutional Amendment #1<br>Shall the Constitution be amended to allow state or local approval of public charter schools upon the request of local communities?,,,NO,5405,402,2333,2667,3
Sumter,C1-27,Constitutional Amendment #1<br>Shall the Constitution be amended to allow state or local approval of public charter schools upon the request of local communities?,,,NO,775,73,267,435,0
Sumter,C2-27,Constitutional Amendment #1<br>Shall the Constitution be amended to allow state or local approval of public charter schools upon the request of local communities?,,,NO,889,70,370,448,1
Sumter,C3-27,Constitutional Amendment #1<br>Shall the Constitution be amended to allow state or local approval of public charter schools upon the request of local communities?,,,NO,805,71,259,474,1
Sumter,E-27,Constitutional Amendment #1<br>Shall the Constitution be amended to allow state or local approval of public charter schools upon the request of local communities?,,,NO,587,30,196,360,1
Sumter,N-26,Constitutional Amendment #1<br>Shall the Constitution be amended to allow state or local approval of public charter schools upon the request of local communities?,,,NO,155,7,109,39,0
Sumter,O-26,Constitutional Amendment #1<br>Shall the Constitution be amended to allow state or local approval of public charter schools upon the request of local communities?,,,NO,406,58,230,118,0
Sumter,W-27,Constitutional Amendment #1<br>Shall the Constitution be amended to allow state or local approval of public charter schools upon the request of local communities?,,,NO,599,32,201,366,0
Sumter,15,Constitutional Amendment #1<br>Shall the Constitution be amended to allow state or local approval of public charter schools upon the request of local communities?,,,NO,541,29,336,176,0
Sumter,17,Constitutional Amendment #1<br>Shall the Constitution be amended to allow state or local approval of public charter schools upon the request of local communities?,,,NO,215,14,134,67,0
Sumter,28,Constitutional Amendment #1<br>Shall the Constitution be amended to allow state or local approval of public charter schools upon the request of local communities?,,,NO,334,14,161,159,0
Sumter,29,Constitutional Amendment #1<br>Shall the Constitution be amended to allow state or local approval of public charter schools upon the request of local communities?,,,NO,99,4,70,25,0
Sumter,,Constitutional Amendment #2<br>Shall the Constitution be amended so as to provide for a reduction in the state's operating costs by allowing the General Assembly to authorize certain state agencies to enter into multiyear rental agreements?,,,YES,6443,405,2812,3221,5
Sumter,C1-27,Constitutional Amendment #2<br>Shall the Constitution be amended so as to provide for a reduction in the state's operating costs by allowing the General Assembly to authorize certain state agencies to enter into multiyear rental agreements?,,,YES,969,66,378,525,0
Sumter,C2-27,Constitutional Amendment #2<br>Shall the Constitution be amended so as to provide for a reduction in the state's operating costs by allowing the General Assembly to authorize certain state agencies to enter into multiyear rental agreements?,,,YES,1224,108,527,586,3
Sumter,C3-27,Constitutional Amendment #2<br>Shall the Constitution be amended so as to provide for a reduction in the state's operating costs by allowing the General Assembly to authorize certain state agencies to enter into multiyear rental agreements?,,,YES,972,58,378,534,2
Sumter,E-27,Constitutional Amendment #2<br>Shall the Constitution be amended so as to provide for a reduction in the state's operating costs by allowing the General Assembly to authorize certain state agencies to enter into multiyear rental agreements?,,,YES,745,38,248,459,0
Sumter,N-26,Constitutional Amendment #2<br>Shall the Constitution be amended so as to provide for a reduction in the state's operating costs by allowing the General Assembly to authorize certain state agencies to enter into multiyear rental agreements?,,,YES,124,7,86,31,0
Sumter,O-26,Constitutional Amendment #2<br>Shall the Constitution be amended so as to provide for a reduction in the state's operating costs by allowing the General Assembly to authorize certain state agencies to enter into multiyear rental agreements?,,,YES,364,34,215,115,0
Sumter,W-27,Constitutional Amendment #2<br>Shall the Constitution be amended so as to provide for a reduction in the state's operating costs by allowing the General Assembly to authorize certain state agencies to enter into multiyear rental agreements?,,,YES,705,27,250,428,0
Sumter,15,Constitutional Amendment #2<br>Shall the Constitution be amended so as to provide for a reduction in the state's operating costs by allowing the General Assembly to authorize certain state agencies to enter into multiyear rental agreements?,,,YES,585,33,328,224,0
Sumter,17,Constitutional Amendment #2<br>Shall the Constitution be amended so as to provide for a reduction in the state's operating costs by allowing the General Assembly to authorize certain state agencies to enter into multiyear rental agreements?,,,YES,248,10,149,89,0
Sumter,28,Constitutional Amendment #2<br>Shall the Constitution be amended so as to provide for a reduction in the state's operating costs by allowing the General Assembly to authorize certain state agencies to enter into multiyear rental agreements?,,,YES,350,17,150,183,0
Sumter,29,Constitutional Amendment #2<br>Shall the Constitution be amended so as to provide for a reduction in the state's operating costs by allowing the General Assembly to authorize certain state agencies to enter into multiyear rental agreements?,,,YES,157,7,103,47,0
Sumter,,Constitutional Amendment #2<br>Shall the Constitution be amended so as to provide for a reduction in the state's operating costs by allowing the General Assembly to authorize certain state agencies to enter into multiyear rental agreements?,,,NO,4186,324,1761,2098,3
Sumter,C1-27,Constitutional Amendment #2<br>Shall the Constitution be amended so as to provide for a reduction in the state's operating costs by allowing the General Assembly to authorize certain state agencies to enter into multiyear rental agreements?,,,NO,600,65,204,331,0
Sumter,C2-27,Constitutional Amendment #2<br>Shall the Constitution be amended so as to provide for a reduction in the state's operating costs by allowing the General Assembly to authorize certain state agencies to enter into multiyear rental agreements?,,,NO,623,48,250,324,1
Sumter,C3-27,Constitutional Amendment #2<br>Shall the Constitution be amended so as to provide for a reduction in the state's operating costs by allowing the General Assembly to authorize certain state agencies to enter into multiyear rental agreements?,,,NO,642,55,207,380,0
Sumter,E-27,Constitutional Amendment #2<br>Shall the Constitution be amended so as to provide for a reduction in the state's operating costs by allowing the General Assembly to authorize certain state agencies to enter into multiyear rental agreements?,,,NO,399,21,132,245,1
Sumter,N-26,Constitutional Amendment #2<br>Shall the Constitution be amended so as to provide for a reduction in the state's operating costs by allowing the General Assembly to authorize certain state agencies to enter into multiyear rental agreements?,,,NO,121,2,88,31,0
Sumter,O-26,Constitutional Amendment #2<br>Shall the Constitution be amended so as to provide for a reduction in the state's operating costs by allowing the General Assembly to authorize certain state agencies to enter into multiyear rental agreements?,,,NO,352,48,195,109,0
Sumter,W-27,Constitutional Amendment #2<br>Shall the Constitution be amended so as to provide for a reduction in the state's operating costs by allowing the General Assembly to authorize certain state agencies to enter into multiyear rental agreements?,,,NO,501,25,164,311,1
Sumter,15,Constitutional Amendment #2<br>Shall the Constitution be amended so as to provide for a reduction in the state's operating costs by allowing the General Assembly to authorize certain state agencies to enter into multiyear rental agreements?,,,NO,435,30,252,153,0
Sumter,17,Constitutional Amendment #2<br>Shall the Constitution be amended so as to provide for a reduction in the state's operating costs by allowing the General Assembly to authorize certain state agencies to enter into multiyear rental agreements?,,,NO,184,18,102,64,0
Sumter,28,Constitutional Amendment #2<br>Shall the Constitution be amended so as to provide for a reduction in the state's operating costs by allowing the General Assembly to authorize certain state agencies to enter into multiyear rental agreements?,,,NO,241,8,113,120,0
Sumter,29,Constitutional Amendment #2<br>Shall the Constitution be amended so as to provide for a reduction in the state's operating costs by allowing the General Assembly to authorize certain state agencies to enter into multiyear rental agreements?,,,NO,88,4,54,30,0
Sumter,,SPECIAL,,,YES,3130,176,1312,1634,8
Sumter,C1-27,SPECIAL,,,YES,949,67,380,502,0
Sumter,C2-27,SPECIAL,,,YES,1175,61,519,589,6
Sumter,C3-27,SPECIAL,,,YES,1006,48,413,543,2
Sumter,,SPECIAL,,,NO,2332,264,795,1273,0
Sumter,C1-27,SPECIAL,,,NO,759,81,255,423,0
Sumter,C2-27,SPECIAL,,,NO,822,110,321,391,0
Sumter,C3-27,SPECIAL,,,NO,751,73,219,459,0
