county,precinct,office,district,party,candidate,votes,absentee_by_mail,election_day,advance_in_person,provisional
Oconee,,President of the United States,,R,MITT ROMNEY,13098,575,5483,7039,1
Oconee,Annex,President of the United States,,R,MITT ROMNEY,1090,45,346,699,0
Oconee,Colham Ferry,President of the United States,,R,MITT ROMNEY,810,37,288,485,0
Oconee,Antioch,President of the United States,,R,MITT ROMNEY,675,11,354,310,0
Oconee,Farmington,President of the United States,,R,MITT ROMNEY,300,4,231,65,0
Oconee,Bishop,President of the United States,,R,MITT ROMNEY,744,18,375,351,0
Oconee,High Shoals,President of the United States,,R,MITT ROMNEY,934,26,467,441,0
Oconee,North Oconee,President of the United States,,R,MITT ROMNEY,505,22,231,252,0
Oconee,Dark Corner,President of the United States,,R,MITT ROMNEY,1225,41,679,505,0
Oconee,Bogart,President of the United States,,R,MITT ROMNEY,1019,32,529,458,0
Oconee,Malcom Bridge,President of the United States,,R,MITT ROMNEY,1771,138,594,1038,1
Oconee,Athens Academy,President of the United States,,R,MITT ROMNEY,1250,79,411,760,0
Oconee,Civic Center,President of the United States,,R,MITT ROMNEY,1997,96,651,1250,0
Oconee,City Hall,President of the United States,,R,MITT ROMNEY,778,26,327,425,0
Oconee,,President of the United States,,(D,BARACK OBAMA (I),4421,215,1988,2218,0
Oconee,Annex,President of the United States,,(D,BARACK OBAMA (I),448,15,151,282,0
Oconee,Colham Ferry,President of the United States,,(D,BARACK OBAMA (I),288,5,104,179,0
Oconee,Antioch,President of the United States,,(D,BARACK OBAMA (I),178,10,97,71,0
Oconee,Farmington,President of the United States,,(D,BARACK OBAMA (I),111,3,78,30,0
Oconee,Bishop,President of the United States,,(D,BARACK OBAMA (I),246,12,140,94,0
Oconee,High Shoals,President of the United States,,(D,BARACK OBAMA (I),241,13,132,96,0
Oconee,North Oconee,President of the United States,,(D,BARACK OBAMA (I),105,2,61,42,0
Oconee,Dark Corner,President of the United States,,(D,BARACK OBAMA (I),224,7,134,83,0
Oconee,Bogart,President of the United States,,(D,BARACK OBAMA (I),321,9,202,110,0
Oconee,Malcom Bridge,President of the United States,,(D,BARACK OBAMA (I),606,52,217,337,0
Oconee,Athens Academy,President of the United States,,(D,BARACK OBAMA (I),519,24,213,282,0
Oconee,Civic Center,President of the United States,,(D,BARACK OBAMA (I),720,33,282,405,0
Oconee,City Hall,President of the United States,,(D,BARACK OBAMA (I),414,30,177,207,0
Oconee,,President of the United States,,L,GARY JOHNSON,288,9,169,110,0
Oconee,Annex,President of the United States,,L,GARY JOHNSON,25,1,17,7,0
Oconee,Colham Ferry,President of the United States,,L,GARY JOHNSON,20,0,14,6,0
Oconee,Antioch,President of the United States,,L,GARY JOHNSON,15,0,10,5,0
Oconee,Farmington,President of the United States,,L,GARY JOHNSON,4,0,4,0,0
Oconee,Bishop,President of the United States,,L,GARY JOHNSON,17,0,14,3,0
Oconee,High Shoals,President of the United States,,L,GARY JOHNSON,13,1,6,6,0
Oconee,North Oconee,President of the United States,,L,GARY JOHNSON,12,2,4,6,0
Oconee,Dark Corner,President of the United States,,L,GARY JOHNSON,28,1,14,13,0
Oconee,Bogart,President of the United States,,L,GARY JOHNSON,23,0,13,10,0
Oconee,Malcom Bridge,President of the United States,,L,GARY JOHNSON,31,0,14,17,0
Oconee,Athens Academy,President of the United States,,L,GARY JOHNSON,27,1,15,11,0
Oconee,Civic Center,President of the United States,,L,GARY JOHNSON,52,3,34,15,0
Oconee,City Hall,President of the United States,,L,GARY JOHNSON,21,0,10,11,0
Oconee,,"Public Service Commission, District 3",3,(R,CHUCK EATON (I),12127,525,5074,6527,1
Oconee,Annex,"Public Service Commission, District 3",3,(R,CHUCK EATON (I),1023,42,329,652,0
Oconee,Colham Ferry,"Public Service Commission, District 3",3,(R,CHUCK EATON (I),730,32,261,437,0
Oconee,Antioch,"Public Service Commission, District 3",3,(R,CHUCK EATON (I),607,9,323,275,0
Oconee,Farmington,"Public Service Commission, District 3",3,(R,CHUCK EATON (I),284,5,218,61,0
Oconee,Bishop,"Public Service Commission, District 3",3,(R,CHUCK EATON (I),684,20,339,325,0
Oconee,High Shoals,"Public Service Commission, District 3",3,(R,CHUCK EATON (I),879,24,440,415,0
Oconee,North Oconee,"Public Service Commission, District 3",3,(R,CHUCK EATON (I),451,18,212,221,0
Oconee,Dark Corner,"Public Service Commission, District 3",3,(R,CHUCK EATON (I),1144,33,637,474,0
Oconee,Bogart,"Public Service Commission, District 3",3,(R,CHUCK EATON (I),943,31,476,436,0
Oconee,Malcom Bridge,"Public Service Commission, District 3",3,(R,CHUCK EATON (I),1664,132,560,971,1
Oconee,Athens Academy,"Public Service Commission, District 3",3,(R,CHUCK EATON (I),1148,73,362,713,0
Oconee,Civic Center,"Public Service Commission, District 3",3,(R,CHUCK EATON (I),1855,79,619,1157,0
Oconee,City Hall,"Public Service Commission, District 3",3,(R,CHUCK EATON (I),715,27,298,390,0
Oconee,,"Public Service Commission, District 3",3,D,STEPHEN OPPENHEIMER,3480,149,1531,1800,0
Oconee,Annex,"Public Service Commission, District 3",3,D,STEPHEN OPPENHEIMER,364,11,128,225,0
Oconee,Colham Ferry,"Public Service Commission, District 3",3,D,STEPHEN OPPENHEIMER,240,5,81,154,0
Oconee,Antioch,"Public Service Commission, District 3",3,D,STEPHEN OPPENHEIMER,137,8,67,62,0
Oconee,Farmington,"Public Service Commission, District 3",3,D,STEPHEN OPPENHEIMER,83,1,60,22,0
Oconee,Bishop,"Public Service Commission, District 3",3,D,STEPHEN OPPENHEIMER,187,7,107,73,0
Oconee,High Shoals,"Public Service Commission, District 3",3,D,STEPHEN OPPENHEIMER,178,5,97,76,0
Oconee,North Oconee,"Public Service Commission, District 3",3,D,STEPHEN OPPENHEIMER,78,3,36,39,0
Oconee,Dark Corner,"Public Service Commission, District 3",3,D,STEPHEN OPPENHEIMER,173,6,103,64,0
Oconee,Bogart,"Public Service Commission, District 3",3,D,STEPHEN OPPENHEIMER,258,5,164,89,0
Oconee,Malcom Bridge,"Public Service Commission, District 3",3,D,STEPHEN OPPENHEIMER,483,40,167,276,0
Oconee,Athens Academy,"Public Service Commission, District 3",3,D,STEPHEN OPPENHEIMER,411,20,175,216,0
Oconee,Civic Center,"Public Service Commission, District 3",3,D,STEPHEN OPPENHEIMER,558,28,205,325,0
Oconee,City Hall,"Public Service Commission, District 3",3,D,STEPHEN OPPENHEIMER,330,10,141,179,0
Oconee,,"Public Service Commission, District 3",3,L,BRAD PLOEGER,1001,40,514,447,0
Oconee,Annex,"Public Service Commission, District 3",3,L,BRAD PLOEGER,77,3,34,40,0
Oconee,Colham Ferry,"Public Service Commission, District 3",3,L,BRAD PLOEGER,67,1,33,33,0
Oconee,Antioch,"Public Service Commission, District 3",3,L,BRAD PLOEGER,56,1,36,19,0
Oconee,Farmington,"Public Service Commission, District 3",3,L,BRAD PLOEGER,15,0,13,2,0
Oconee,Bishop,"Public Service Commission, District 3",3,L,BRAD PLOEGER,61,2,41,18,0
Oconee,High Shoals,"Public Service Commission, District 3",3,L,BRAD PLOEGER,51,3,26,22,0
Oconee,North Oconee,"Public Service Commission, District 3",3,L,BRAD PLOEGER,41,3,19,19,0
Oconee,Dark Corner,"Public Service Commission, District 3",3,L,BRAD PLOEGER,82,6,50,26,0
Oconee,Bogart,"Public Service Commission, District 3",3,L,BRAD PLOEGER,76,2,47,27,0
Oconee,Malcom Bridge,"Public Service Commission, District 3",3,L,BRAD PLOEGER,120,6,47,67,0
Oconee,Athens Academy,"Public Service Commission, District 3",3,L,BRAD PLOEGER,110,3,50,57,0
Oconee,Civic Center,"Public Service Commission, District 3",3,L,BRAD PLOEGER,159,9,75,75,0
Oconee,City Hall,"Public Service Commission, District 3",3,L,BRAD PLOEGER,86,1,43,42,0
Oconee,,"Public Service Commission, District 5",5,(R,STAN WISE (I),12421,543,5155,6722,1
Oconee,Annex,"Public Service Commission, District 5",5,(R,STAN WISE (I),1064,44,346,674,0
Oconee,Colham Ferry,"Public Service Commission, District 5",5,(R,STAN WISE (I),744,32,255,457,0
Oconee,Antioch,"Public Service Commission, District 5",5,(R,STAN WISE (I),604,8,320,276,0
Oconee,Farmington,"Public Service Commission, District 5",5,(R,STAN WISE (I),289,5,222,62,0
Oconee,Bishop,"Public Service Commission, District 5",5,(R,STAN WISE (I),682,21,352,309,0
Oconee,High Shoals,"Public Service Commission, District 5",5,(R,STAN WISE (I),873,25,426,422,0
Oconee,North Oconee,"Public Service Commission, District 5",5,(R,STAN WISE (I),452,16,206,230,0
Oconee,Dark Corner,"Public Service Commission, District 5",5,(R,STAN WISE (I),1143,36,633,474,0
Oconee,Bogart,"Public Service Commission, District 5",5,(R,STAN WISE (I),957,31,487,439,0
Oconee,Malcom Bridge,"Public Service Commission, District 5",5,(R,STAN WISE (I),1722,134,572,1015,1
Oconee,Athens Academy,"Public Service Commission, District 5",5,(R,STAN WISE (I),1181,77,381,723,0
Oconee,Civic Center,"Public Service Commission, District 5",5,(R,STAN WISE (I),1943,86,633,1224,0
Oconee,City Hall,"Public Service Commission, District 5",5,(R,STAN WISE (I),767,28,322,417,0
Oconee,,"Public Service Commission, District 5",5,L,DAVID STAPLES,3244,117,1615,1512,0
Oconee,Annex,"Public Service Commission, District 5",5,L,DAVID STAPLES,279,7,102,170,0
Oconee,Colham Ferry,"Public Service Commission, District 5",5,L,DAVID STAPLES,217,4,95,118,0
Oconee,Antioch,"Public Service Commission, District 5",5,L,DAVID STAPLES,161,5,85,71,0
Oconee,Farmington,"Public Service Commission, District 5",5,L,DAVID STAPLES,71,1,58,12,0
Oconee,Bishop,"Public Service Commission, District 5",5,L,DAVID STAPLES,194,5,116,73,0
Oconee,High Shoals,"Public Service Commission, District 5",5,L,DAVID STAPLES,190,6,105,79,0
Oconee,North Oconee,"Public Service Commission, District 5",5,L,DAVID STAPLES,102,7,59,36,0
Oconee,Dark Corner,"Public Service Commission, District 5",5,L,DAVID STAPLES,215,7,136,72,0
Oconee,Bogart,"Public Service Commission, District 5",5,L,DAVID STAPLES,254,5,158,91,0
Oconee,Malcom Bridge,"Public Service Commission, District 5",5,L,DAVID STAPLES,387,25,159,203,0
Oconee,Athens Academy,"Public Service Commission, District 5",5,L,DAVID STAPLES,369,15,173,181,0
Oconee,Civic Center,"Public Service Commission, District 5",5,L,DAVID STAPLES,506,26,228,252,0
Oconee,City Hall,"Public Service Commission, District 5",5,L,DAVID STAPLES,299,4,141,154,0
Oconee,,U.S. Representative,10,(R,PAUL BROUN (I),13132,569,5690,6872,1
Oconee,Annex,U.S. Representative,10,(R,PAUL BROUN (I),1072,44,365,663,0
Oconee,Colham Ferry,U.S. Representative,10,(R,PAUL BROUN (I),794,37,291,466,0
Oconee,Antioch,U.S. Representative,10,(R,PAUL BROUN (I),668,10,364,294,0
Oconee,Farmington,U.S. Representative,10,(R,PAUL BROUN (I),308,5,239,64,0
Oconee,Bishop,U.S. Representative,10,(R,PAUL BROUN (I),757,23,390,344,0
Oconee,High Shoals,U.S. Representative,10,(R,PAUL BROUN (I),930,29,469,432,0
Oconee,North Oconee,U.S. Representative,10,(R,PAUL BROUN (I),483,17,223,243,0
Oconee,Dark Corner,U.S. Representative,10,(R,PAUL BROUN (I),1220,39,685,496,0
Oconee,Bogart,U.S. Representative,10,(R,PAUL BROUN (I),1038,31,542,465,0
Oconee,Malcom Bridge,U.S. Representative,10,(R,PAUL BROUN (I),1785,141,637,1006,1
Oconee,Athens Academy,U.S. Representative,10,(R,PAUL BROUN (I),1198,71,413,714,0
Oconee,Civic Center,U.S. Representative,10,(R,PAUL BROUN (I),2054,96,717,1241,0
Oconee,City Hall,U.S. Representative,10,(R,PAUL BROUN (I),825,26,355,444,0
Oconee,,State Senator,46,(R,BILL COWSERT (I),14330,592,6149,7588,1
Oconee,Annex,State Senator,46,(R,BILL COWSERT (I),1218,45,410,763,0
Oconee,Colham Ferry,State Senator,46,(R,BILL COWSERT (I),866,36,314,516,0
Oconee,Antioch,State Senator,46,(R,BILL COWSERT (I),698,12,374,312,0
Oconee,Farmington,State Senator,46,(R,BILL COWSERT (I),321,5,249,67,0
Oconee,Bishop,State Senator,46,(R,BILL COWSERT (I),812,26,424,362,0
Oconee,High Shoals,State Senator,46,(R,BILL COWSERT (I),991,26,496,469,0
Oconee,North Oconee,State Senator,46,(R,BILL COWSERT (I),518,18,241,259,0
Oconee,Dark Corner,State Senator,46,(R,BILL COWSERT (I),1273,39,712,522,0
Oconee,Bogart,State Senator,46,(R,BILL COWSERT (I),1092,30,580,482,0
Oconee,Malcom Bridge,State Senator,46,(R,BILL COWSERT (I),1964,147,683,1133,1
Oconee,Athens Academy,State Senator,46,(R,BILL COWSERT (I),1426,84,495,847,0
Oconee,Civic Center,State Senator,46,(R,BILL COWSERT (I),2236,97,772,1367,0
Oconee,City Hall,State Senator,46,(R,BILL COWSERT (I),915,27,399,489,0
Oconee,,State Representative,117,R,REGINA QUICK,4396,251,1718,2426,1
Oconee,Bogart,State Representative,117,R,REGINA QUICK,1083,31,580,472,0
Oconee,Malcom Bridge,State Representative,117,R,REGINA QUICK,1945,142,665,1137,1
Oconee,Athens Academy,State Representative,117,R,REGINA QUICK,1368,78,473,817,0
Oconee,,State Representative,119,(R,CHUCK WILLIAMS (I),9877,329,4413,5135,0
Oconee,Annex,State Representative,119,(R,CHUCK WILLIAMS (I),1215,46,407,762,0
Oconee,Colham Ferry,State Representative,119,(R,CHUCK WILLIAMS (I),865,35,314,516,0
Oconee,Antioch,State Representative,119,(R,CHUCK WILLIAMS (I),709,13,378,318,0
Oconee,Farmington,State Representative,119,(R,CHUCK WILLIAMS (I),326,5,253,68,0
Oconee,Bishop,State Representative,119,(R,CHUCK WILLIAMS (I),824,27,433,364,0
Oconee,High Shoals,State Representative,119,(R,CHUCK WILLIAMS (I),996,25,499,472,0
Oconee,North Oconee,State Representative,119,(R,CHUCK WILLIAMS (I),515,18,239,258,0
Oconee,Dark Corner,State Representative,119,(R,CHUCK WILLIAMS (I),1261,37,711,513,0
Oconee,Civic Center,State Representative,119,(R,CHUCK WILLIAMS (I),2229,95,770,1364,0
Oconee,City Hall,State Representative,119,(R,CHUCK WILLIAMS (I),937,28,409,500,0
Oconee,,District Attorney, Western Circuit,(D,KEN MAULDIN (I),12587,502,5446,6639,0
Oconee,Annex,District Attorney, Western Circuit,(D,KEN MAULDIN (I),1126,34,398,694,0
Oconee,Colham Ferry,District Attorney, Western Circuit,(D,KEN MAULDIN (I),777,28,267,482,0
Oconee,Antioch,District Attorney, Western Circuit,(D,KEN MAULDIN (I),621,17,332,272,0
Oconee,Farmington,District Attorney, Western Circuit,(D,KEN MAULDIN (I),278,5,207,66,0
Oconee,Bishop,District Attorney, Western Circuit,(D,KEN MAULDIN (I),690,20,369,301,0
Oconee,High Shoals,District Attorney, Western Circuit,(D,KEN MAULDIN (I),802,18,406,378,0
Oconee,North Oconee,District Attorney, Western Circuit,(D,KEN MAULDIN (I),435,16,210,209,0
Oconee,Dark Corner,District Attorney, Western Circuit,(D,KEN MAULDIN (I),1024,28,593,403,0
Oconee,Bogart,District Attorney, Western Circuit,(D,KEN MAULDIN (I),966,22,537,407,0
Oconee,Malcom Bridge,District Attorney, Western Circuit,(D,KEN MAULDIN (I),1713,130,583,1000,0
Oconee,Athens Academy,District Attorney, Western Circuit,(D,KEN MAULDIN (I),1297,70,476,751,0
Oconee,Civic Center,District Attorney, Western Circuit,(D,KEN MAULDIN (I),1988,85,698,1205,0
Oconee,City Hall,District Attorney, Western Circuit,(D,KEN MAULDIN (I),870,29,370,471,0
Oconee,,Superior Court Clerk,,(R,ANGELA WATSON (I),14724,580,6319,7824,1
Oconee,Annex,Superior Court Clerk,,(R,ANGELA WATSON (I),1261,44,420,797,0
Oconee,Colham Ferry,Superior Court Clerk,,(R,ANGELA WATSON (I),903,36,326,541,0
Oconee,Antioch,Superior Court Clerk,,(R,ANGELA WATSON (I),737,14,390,333,0
Oconee,Farmington,Superior Court Clerk,,(R,ANGELA WATSON (I),342,6,261,75,0
Oconee,Bishop,Superior Court Clerk,,(R,ANGELA WATSON (I),832,25,433,374,0
Oconee,High Shoals,Superior Court Clerk,,(R,ANGELA WATSON (I),1011,25,504,482,0
Oconee,North Oconee,Superior Court Clerk,,(R,ANGELA WATSON (I),528,17,250,261,0
Oconee,Dark Corner,Superior Court Clerk,,(R,ANGELA WATSON (I),1291,38,729,524,0
Oconee,Bogart,Superior Court Clerk,,(R,ANGELA WATSON (I),1112,29,591,492,0
Oconee,Malcom Bridge,Superior Court Clerk,,(R,ANGELA WATSON (I),1976,139,694,1142,1
Oconee,Athens Academy,Superior Court Clerk,,(R,ANGELA WATSON (I),1442,82,501,859,0
Oconee,Civic Center,Superior Court Clerk,,(R,ANGELA WATSON (I),2335,99,804,1432,0
Oconee,City Hall,Superior Court Clerk,,(R,ANGELA WATSON (I),954,26,416,512,0
Oconee,,Sheriff,,(R,SCOTT R. BERRY (I),14704,595,6206,7902,1
Oconee,Annex,Sheriff,,(R,SCOTT R. BERRY (I),1268,44,407,817,0
Oconee,Colham Ferry,Sheriff,,(R,SCOTT R. BERRY (I),901,36,328,537,0
Oconee,Antioch,Sheriff,,(R,SCOTT R. BERRY (I),691,12,367,312,0
Oconee,Farmington,Sheriff,,(R,SCOTT R. BERRY (I),314,7,240,67,0
Oconee,Bishop,Sheriff,,(R,SCOTT R. BERRY (I),824,25,418,381,0
Oconee,High Shoals,Sheriff,,(R,SCOTT R. BERRY (I),995,27,494,474,0
Oconee,North Oconee,Sheriff,,(R,SCOTT R. BERRY (I),508,19,234,255,0
Oconee,Dark Corner,Sheriff,,(R,SCOTT R. BERRY (I),1272,39,702,531,0
Oconee,Bogart,Sheriff,,(R,SCOTT R. BERRY (I),1111,28,591,492,0
Oconee,Malcom Bridge,Sheriff,,(R,SCOTT R. BERRY (I),2041,150,697,1193,1
Oconee,Athens Academy,Sheriff,,(R,SCOTT R. BERRY (I),1485,84,514,887,0
Oconee,Civic Center,Sheriff,,(R,SCOTT R. BERRY (I),2340,100,809,1431,0
Oconee,City Hall,Sheriff,,(R,SCOTT R. BERRY (I),954,24,405,525,0
Oconee,,Tax Commissioner,,R,JENNIFER RIDDLE,14549,580,6220,7748,1
Oconee,Annex,Tax Commissioner,,R,JENNIFER RIDDLE,1238,46,409,783,0
Oconee,Colham Ferry,Tax Commissioner,,R,JENNIFER RIDDLE,919,37,335,547,0
Oconee,Antioch,Tax Commissioner,,R,JENNIFER RIDDLE,720,13,384,323,0
Oconee,Farmington,Tax Commissioner,,R,JENNIFER RIDDLE,332,6,257,69,0
Oconee,Bishop,Tax Commissioner,,R,JENNIFER RIDDLE,822,26,425,371,0
Oconee,High Shoals,Tax Commissioner,,R,JENNIFER RIDDLE,1002,26,501,475,0
Oconee,North Oconee,Tax Commissioner,,R,JENNIFER RIDDLE,514,17,244,253,0
Oconee,Dark Corner,Tax Commissioner,,R,JENNIFER RIDDLE,1284,37,718,529,0
Oconee,Bogart,Tax Commissioner,,R,JENNIFER RIDDLE,1104,28,581,495,0
Oconee,Malcom Bridge,Tax Commissioner,,R,JENNIFER RIDDLE,1984,140,690,1153,1
Oconee,Athens Academy,Tax Commissioner,,R,JENNIFER RIDDLE,1405,78,491,836,0
Oconee,Civic Center,Tax Commissioner,,R,JENNIFER RIDDLE,2284,100,779,1405,0
Oconee,City Hall,Tax Commissioner,,R,JENNIFER RIDDLE,941,26,406,509,0
Oconee,,Coroner,,(R,ED CARSON (I),14371,578,6154,7638,1
Oconee,Annex,Coroner,,(R,ED CARSON (I),1229,43,416,770,0
Oconee,Colham Ferry,Coroner,,(R,ED CARSON (I),869,36,322,511,0
Oconee,Antioch,Coroner,,(R,ED CARSON (I),702,13,372,317,0
Oconee,Farmington,Coroner,,(R,ED CARSON (I),326,6,250,70,0
Oconee,Bishop,Coroner,,(R,ED CARSON (I),809,25,418,366,0
Oconee,High Shoals,Coroner,,(R,ED CARSON (I),999,24,500,475,0
Oconee,North Oconee,Coroner,,(R,ED CARSON (I),503,17,234,252,0
Oconee,Dark Corner,Coroner,,(R,ED CARSON (I),1270,38,710,522,0
Oconee,Bogart,Coroner,,(R,ED CARSON (I),1098,29,582,487,0
Oconee,Malcom Bridge,Coroner,,(R,ED CARSON (I),1967,139,683,1144,1
Oconee,Athens Academy,Coroner,,(R,ED CARSON (I),1413,80,492,841,0
Oconee,Civic Center,Coroner,,(R,ED CARSON (I),2248,102,768,1378,0
Oconee,City Hall,Coroner,,(R,ED CARSON (I),938,26,407,505,0
Oconee,,County Comm Chair,,(R,MELVIN DAVIS (I),14088,571,6019,7497,1
Oconee,Annex,County Comm Chair,,(R,MELVIN DAVIS (I),1202,43,398,761,0
Oconee,Colham Ferry,County Comm Chair,,(R,MELVIN DAVIS (I),840,34,306,500,0
Oconee,Antioch,County Comm Chair,,(R,MELVIN DAVIS (I),679,13,364,302,0
Oconee,Farmington,County Comm Chair,,(R,MELVIN DAVIS (I),307,5,236,66,0
Oconee,Bishop,County Comm Chair,,(R,MELVIN DAVIS (I),791,23,404,364,0
Oconee,High Shoals,County Comm Chair,,(R,MELVIN DAVIS (I),974,25,486,463,0
Oconee,North Oconee,County Comm Chair,,(R,MELVIN DAVIS (I),500,18,236,246,0
Oconee,Dark Corner,County Comm Chair,,(R,MELVIN DAVIS (I),1249,36,708,505,0
Oconee,Bogart,County Comm Chair,,(R,MELVIN DAVIS (I),1090,29,579,482,0
Oconee,Malcom Bridge,County Comm Chair,,(R,MELVIN DAVIS (I),1943,143,668,1131,1
Oconee,Athens Academy,County Comm Chair,,(R,MELVIN DAVIS (I),1403,82,481,840,0
Oconee,Civic Center,County Comm Chair,,(R,MELVIN DAVIS (I),2190,95,750,1345,0
Oconee,City Hall,County Comm Chair,,(R,MELVIN DAVIS (I),920,25,403,492,0
Oconee,,County Comm 1,,(R,JIM LUKE (I),14039,569,6007,7462,1
Oconee,Annex,County Comm 1,,(R,JIM LUKE (I),1206,42,404,760,0
Oconee,Colham Ferry,County Comm 1,,(R,JIM LUKE (I),829,33,308,488,0
Oconee,Antioch,County Comm 1,,(R,JIM LUKE (I),667,13,361,293,0
Oconee,Farmington,County Comm 1,,(R,JIM LUKE (I),321,6,251,64,0
Oconee,Bishop,County Comm 1,,(R,JIM LUKE (I),799,25,414,360,0
Oconee,High Shoals,County Comm 1,,(R,JIM LUKE (I),973,23,485,465,0
Oconee,North Oconee,County Comm 1,,(R,JIM LUKE (I),484,17,229,238,0
Oconee,Dark Corner,County Comm 1,,(R,JIM LUKE (I),1234,37,680,517,0
Oconee,Bogart,County Comm 1,,(R,JIM LUKE (I),1073,30,565,478,0
Oconee,Malcom Bridge,County Comm 1,,(R,JIM LUKE (I),1958,143,674,1140,1
Oconee,Athens Academy,County Comm 1,,(R,JIM LUKE (I),1376,81,474,821,0
Oconee,Civic Center,County Comm 1,,(R,JIM LUKE (I),2188,94,760,1334,0
Oconee,City Hall,County Comm 1,,(R,JIM LUKE (I),931,25,402,504,0
Oconee,,County Comm 4,,R,MARK SAXON,14134,559,6066,7508,1
Oconee,Annex,County Comm 4,,R,MARK SAXON,1192,44,402,746,0
Oconee,Colham Ferry,County Comm 4,,R,MARK SAXON,865,35,319,511,0
Oconee,Antioch,County Comm 4,,R,MARK SAXON,691,13,362,316,0
Oconee,Farmington,County Comm 4,,R,MARK SAXON,322,6,248,68,0
Oconee,Bishop,County Comm 4,,R,MARK SAXON,801,24,413,364,0
Oconee,High Shoals,County Comm 4,,R,MARK SAXON,976,24,493,459,0
Oconee,North Oconee,County Comm 4,,R,MARK SAXON,494,18,235,241,0
Oconee,Dark Corner,County Comm 4,,R,MARK SAXON,1252,36,699,517,0
Oconee,Bogart,County Comm 4,,R,MARK SAXON,1100,28,583,489,0
Oconee,Malcom Bridge,County Comm 4,,R,MARK SAXON,1954,137,678,1138,1
Oconee,Athens Academy,County Comm 4,,R,MARK SAXON,1368,79,468,821,0
Oconee,Civic Center,County Comm 4,,R,MARK SAXON,2202,89,769,1344,0
Oconee,City Hall,County Comm 4,,R,MARK SAXON,917,26,397,494,0
Oconee,,BOE Chair,,R,TOM ODOM,14287,577,6119,7590,1
Oconee,Annex,BOE Chair,,R,TOM ODOM,1204,40,397,767,0
Oconee,Colham Ferry,BOE Chair,,R,TOM ODOM,872,35,314,523,0
Oconee,Antioch,BOE Chair,,R,TOM ODOM,685,13,362,310,0
Oconee,Farmington,BOE Chair,,R,TOM ODOM,327,6,252,69,0
Oconee,Bishop,BOE Chair,,R,TOM ODOM,804,25,415,364,0
Oconee,High Shoals,BOE Chair,,R,TOM ODOM,985,25,491,469,0
Oconee,North Oconee,BOE Chair,,R,TOM ODOM,503,19,239,245,0
Oconee,Dark Corner,BOE Chair,,R,TOM ODOM,1247,38,694,515,0
Oconee,Bogart,BOE Chair,,R,TOM ODOM,1104,31,585,488,0
Oconee,Malcom Bridge,BOE Chair,,R,TOM ODOM,1988,145,696,1146,1
Oconee,Athens Academy,BOE Chair,,R,TOM ODOM,1403,82,486,835,0
Oconee,Civic Center,BOE Chair,,R,TOM ODOM,2232,93,776,1363,0
Oconee,City Hall,BOE Chair,,R,TOM ODOM,933,25,412,496,0
Oconee,,BOE 4,,R,MIKE BURNETTE,14029,555,6030,7443,1
Oconee,Annex,BOE 4,,R,MIKE BURNETTE,1193,42,397,754,0
Oconee,Colham Ferry,BOE 4,,R,MIKE BURNETTE,844,35,311,498,0
Oconee,Antioch,BOE 4,,R,MIKE BURNETTE,686,13,367,306,0
Oconee,Farmington,BOE 4,,R,MIKE BURNETTE,317,6,246,65,0
Oconee,Bishop,BOE 4,,R,MIKE BURNETTE,802,23,417,362,0
Oconee,High Shoals,BOE 4,,R,MIKE BURNETTE,971,23,486,462,0
Oconee,North Oconee,BOE 4,,R,MIKE BURNETTE,492,16,232,244,0
Oconee,Dark Corner,BOE 4,,R,MIKE BURNETTE,1242,37,695,510,0
Oconee,Bogart,BOE 4,,R,MIKE BURNETTE,1082,28,572,482,0
Oconee,Malcom Bridge,BOE 4,,R,MIKE BURNETTE,1936,137,671,1127,1
Oconee,Athens Academy,BOE 4,,R,MIKE BURNETTE,1366,80,471,815,0
Oconee,Civic Center,BOE 4,,R,MIKE BURNETTE,2189,91,764,1334,0
Oconee,City Hall,BOE 4,,R,MIKE BURNETTE,909,24,401,484,0
Oconee,,BOE 5,,(R,WAYNE BAGLEY (I),13854,548,5943,7362,1
Oconee,Annex,BOE 5,,(R,WAYNE BAGLEY (I),1178,43,400,735,0
Oconee,Colham Ferry,BOE 5,,(R,WAYNE BAGLEY (I),839,34,307,498,0
Oconee,Antioch,BOE 5,,(R,WAYNE BAGLEY (I),665,13,353,299,0
Oconee,Farmington,BOE 5,,(R,WAYNE BAGLEY (I),310,6,238,66,0
Oconee,Bishop,BOE 5,,(R,WAYNE BAGLEY (I),778,22,404,352,0
Oconee,High Shoals,BOE 5,,(R,WAYNE BAGLEY (I),968,23,482,463,0
Oconee,North Oconee,BOE 5,,(R,WAYNE BAGLEY (I),491,16,235,240,0
Oconee,Dark Corner,BOE 5,,(R,WAYNE BAGLEY (I),1235,37,692,506,0
Oconee,Bogart,BOE 5,,(R,WAYNE BAGLEY (I),1067,27,562,478,0
Oconee,Malcom Bridge,BOE 5,,(R,WAYNE BAGLEY (I),1906,134,664,1107,1
Oconee,Athens Academy,BOE 5,,(R,WAYNE BAGLEY (I),1363,79,476,808,0
Oconee,Civic Center,BOE 5,,(R,WAYNE BAGLEY (I),2155,89,741,1325,0
Oconee,City Hall,BOE 5,,(R,WAYNE BAGLEY (I),899,25,389,485,0
Oconee,,Constitutional Amendment #1<br>Shall the Constitution be amended to allow state or local approval of public charter schools upon the request of local communities?,,,YES,8160,415,3390,4354,1
Oconee,Annex,Constitutional Amendment #1<br>Shall the Constitution be amended to allow state or local approval of public charter schools upon the request of local communities?,,,YES,698,33,207,458,0
Oconee,Colham Ferry,Constitutional Amendment #1<br>Shall the Constitution be amended to allow state or local approval of public charter schools upon the request of local communities?,,,YES,473,20,173,280,0
Oconee,Antioch,Constitutional Amendment #1<br>Shall the Constitution be amended to allow state or local approval of public charter schools upon the request of local communities?,,,YES,407,10,232,165,0
Oconee,Farmington,Constitutional Amendment #1<br>Shall the Constitution be amended to allow state or local approval of public charter schools upon the request of local communities?,,,YES,165,1,115,49,0
Oconee,Bishop,Constitutional Amendment #1<br>Shall the Constitution be amended to allow state or local approval of public charter schools upon the request of local communities?,,,YES,476,17,231,228,0
Oconee,High Shoals,Constitutional Amendment #1<br>Shall the Constitution be amended to allow state or local approval of public charter schools upon the request of local communities?,,,YES,536,18,260,258,0
Oconee,North Oconee,Constitutional Amendment #1<br>Shall the Constitution be amended to allow state or local approval of public charter schools upon the request of local communities?,,,YES,281,15,134,132,0
Oconee,Dark Corner,Constitutional Amendment #1<br>Shall the Constitution be amended to allow state or local approval of public charter schools upon the request of local communities?,,,YES,682,23,375,284,0
Oconee,Bogart,Constitutional Amendment #1<br>Shall the Constitution be amended to allow state or local approval of public charter schools upon the request of local communities?,,,YES,691,24,349,318,0
Oconee,Malcom Bridge,Constitutional Amendment #1<br>Shall the Constitution be amended to allow state or local approval of public charter schools upon the request of local communities?,,,YES,1150,106,370,673,1
Oconee,Athens Academy,Constitutional Amendment #1<br>Shall the Constitution be amended to allow state or local approval of public charter schools upon the request of local communities?,,,YES,881,67,311,503,0
Oconee,Civic Center,Constitutional Amendment #1<br>Shall the Constitution be amended to allow state or local approval of public charter schools upon the request of local communities?,,,YES,1199,66,407,726,0
Oconee,City Hall,Constitutional Amendment #1<br>Shall the Constitution be amended to allow state or local approval of public charter schools upon the request of local communities?,,,YES,521,15,226,280,0
Oconee,,Constitutional Amendment #1<br>Shall the Constitution be amended to allow state or local approval of public charter schools upon the request of local communities?,,,NO,8825,274,3964,4587,0
Oconee,Annex,Constitutional Amendment #1<br>Shall the Constitution be amended to allow state or local approval of public charter schools upon the request of local communities?,,,NO,793,21,288,484,0
Oconee,Colham Ferry,Constitutional Amendment #1<br>Shall the Constitution be amended to allow state or local approval of public charter schools upon the request of local communities?,,,NO,587,14,214,359,0
Oconee,Antioch,Constitutional Amendment #1<br>Shall the Constitution be amended to allow state or local approval of public charter schools upon the request of local communities?,,,NO,426,8,218,200,0
Oconee,Farmington,Constitutional Amendment #1<br>Shall the Constitution be amended to allow state or local approval of public charter schools upon the request of local communities?,,,NO,224,5,180,39,0
Oconee,Bishop,Constitutional Amendment #1<br>Shall the Constitution be amended to allow state or local approval of public charter schools upon the request of local communities?,,,NO,481,12,272,197,0
Oconee,High Shoals,Constitutional Amendment #1<br>Shall the Constitution be amended to allow state or local approval of public charter schools upon the request of local communities?,,,NO,595,16,317,262,0
Oconee,North Oconee,Constitutional Amendment #1<br>Shall the Constitution be amended to allow state or local approval of public charter schools upon the request of local communities?,,,NO,310,10,146,154,0
Oconee,Dark Corner,Constitutional Amendment #1<br>Shall the Constitution be amended to allow state or local approval of public charter schools upon the request of local communities?,,,NO,724,18,420,286,0
Oconee,Bogart,Constitutional Amendment #1<br>Shall the Constitution be amended to allow state or local approval of public charter schools upon the request of local communities?,,,NO,614,13,368,233,0
Oconee,Malcom Bridge,Constitutional Amendment #1<br>Shall the Constitution be amended to allow state or local approval of public charter schools upon the request of local communities?,,,NO,1137,66,421,650,0
Oconee,Athens Academy,Constitutional Amendment #1<br>Shall the Constitution be amended to allow state or local approval of public charter schools upon the request of local communities?,,,NO,846,24,311,511,0
Oconee,Civic Center,Constitutional Amendment #1<br>Shall the Constitution be amended to allow state or local approval of public charter schools upon the request of local communities?,,,NO,1462,50,536,876,0
Oconee,City Hall,Constitutional Amendment #1<br>Shall the Constitution be amended to allow state or local approval of public charter schools upon the request of local communities?,,,NO,626,17,273,336,0
Oconee,,Constitutional Amendment #2<br>Shall the Constitution be amended so as to provide for a reduction in the state's operating costs by allowing the General Assembly to authorize certain state agencies to enter into multiyear rental agreements?,,,YES,10488,472,4356,5660,0
Oconee,Annex,Constitutional Amendment #2<br>Shall the Constitution be amended so as to provide for a reduction in the state's operating costs by allowing the General Assembly to authorize certain state agencies to enter into multiyear rental agreements?,,,YES,933,34,302,597,0
Oconee,Colham Ferry,Constitutional Amendment #2<br>Shall the Constitution be amended so as to provide for a reduction in the state's operating costs by allowing the General Assembly to authorize certain state agencies to enter into multiyear rental agreements?,,,YES,607,19,216,372,0
Oconee,Antioch,Constitutional Amendment #2<br>Shall the Constitution be amended so as to provide for a reduction in the state's operating costs by allowing the General Assembly to authorize certain state agencies to enter into multiyear rental agreements?,,,YES,469,8,239,222,0
Oconee,Farmington,Constitutional Amendment #2<br>Shall the Constitution be amended so as to provide for a reduction in the state's operating costs by allowing the General Assembly to authorize certain state agencies to enter into multiyear rental agreements?,,,YES,181,0,136,45,0
Oconee,Bishop,Constitutional Amendment #2<br>Shall the Constitution be amended so as to provide for a reduction in the state's operating costs by allowing the General Assembly to authorize certain state agencies to enter into multiyear rental agreements?,,,YES,582,20,284,278,0
Oconee,High Shoals,Constitutional Amendment #2<br>Shall the Constitution be amended so as to provide for a reduction in the state's operating costs by allowing the General Assembly to authorize certain state agencies to enter into multiyear rental agreements?,,,YES,708,19,357,332,0
Oconee,North Oconee,Constitutional Amendment #2<br>Shall the Constitution be amended so as to provide for a reduction in the state's operating costs by allowing the General Assembly to authorize certain state agencies to enter into multiyear rental agreements?,,,YES,376,22,166,188,0
Oconee,Dark Corner,Constitutional Amendment #2<br>Shall the Constitution be amended so as to provide for a reduction in the state's operating costs by allowing the General Assembly to authorize certain state agencies to enter into multiyear rental agreements?,,,YES,851,26,476,349,0
Oconee,Bogart,Constitutional Amendment #2<br>Shall the Constitution be amended so as to provide for a reduction in the state's operating costs by allowing the General Assembly to authorize certain state agencies to enter into multiyear rental agreements?,,,YES,818,25,426,367,0
Oconee,Malcom Bridge,Constitutional Amendment #2<br>Shall the Constitution be amended so as to provide for a reduction in the state's operating costs by allowing the General Assembly to authorize certain state agencies to enter into multiyear rental agreements?,,,YES,1488,124,480,884,0
Oconee,Athens Academy,Constitutional Amendment #2<br>Shall the Constitution be amended so as to provide for a reduction in the state's operating costs by allowing the General Assembly to authorize certain state agencies to enter into multiyear rental agreements?,,,YES,1130,74,401,655,0
Oconee,Civic Center,Constitutional Amendment #2<br>Shall the Constitution be amended so as to provide for a reduction in the state's operating costs by allowing the General Assembly to authorize certain state agencies to enter into multiyear rental agreements?,,,YES,1657,80,577,1000,0
Oconee,City Hall,Constitutional Amendment #2<br>Shall the Constitution be amended so as to provide for a reduction in the state's operating costs by allowing the General Assembly to authorize certain state agencies to enter into multiyear rental agreements?,,,YES,688,21,296,371,0
Oconee,,Constitutional Amendment #2<br>Shall the Constitution be amended so as to provide for a reduction in the state's operating costs by allowing the General Assembly to authorize certain state agencies to enter into multiyear rental agreements?,,,NO,5522,186,2532,2803,1
Oconee,Annex,Constitutional Amendment #2<br>Shall the Constitution be amended so as to provide for a reduction in the state's operating costs by allowing the General Assembly to authorize certain state agencies to enter into multiyear rental agreements?,,,NO,471,17,167,287,0
Oconee,Colham Ferry,Constitutional Amendment #2<br>Shall the Constitution be amended so as to provide for a reduction in the state's operating costs by allowing the General Assembly to authorize certain state agencies to enter into multiyear rental agreements?,,,NO,394,14,149,231,0
Oconee,Antioch,Constitutional Amendment #2<br>Shall the Constitution be amended so as to provide for a reduction in the state's operating costs by allowing the General Assembly to authorize certain state agencies to enter into multiyear rental agreements?,,,NO,303,9,170,124,0
Oconee,Farmington,Constitutional Amendment #2<br>Shall the Constitution be amended so as to provide for a reduction in the state's operating costs by allowing the General Assembly to authorize certain state agencies to enter into multiyear rental agreements?,,,NO,182,6,143,33,0
Oconee,Bishop,Constitutional Amendment #2<br>Shall the Constitution be amended so as to provide for a reduction in the state's operating costs by allowing the General Assembly to authorize certain state agencies to enter into multiyear rental agreements?,,,NO,315,7,181,127,0
Oconee,High Shoals,Constitutional Amendment #2<br>Shall the Constitution be amended so as to provide for a reduction in the state's operating costs by allowing the General Assembly to authorize certain state agencies to enter into multiyear rental agreements?,,,NO,352,14,167,171,0
Oconee,North Oconee,Constitutional Amendment #2<br>Shall the Constitution be amended so as to provide for a reduction in the state's operating costs by allowing the General Assembly to authorize certain state agencies to enter into multiyear rental agreements?,,,NO,190,3,103,84,0
Oconee,Dark Corner,Constitutional Amendment #2<br>Shall the Constitution be amended so as to provide for a reduction in the state's operating costs by allowing the General Assembly to authorize certain state agencies to enter into multiyear rental agreements?,,,NO,467,10,273,184,0
Oconee,Bogart,Constitutional Amendment #2<br>Shall the Constitution be amended so as to provide for a reduction in the state's operating costs by allowing the General Assembly to authorize certain state agencies to enter into multiyear rental agreements?,,,NO,407,8,248,151,0
Oconee,Malcom Bridge,Constitutional Amendment #2<br>Shall the Constitution be amended so as to provide for a reduction in the state's operating costs by allowing the General Assembly to authorize certain state agencies to enter into multiyear rental agreements?,,,NO,686,37,266,382,1
Oconee,Athens Academy,Constitutional Amendment #2<br>Shall the Constitution be amended so as to provide for a reduction in the state's operating costs by allowing the General Assembly to authorize certain state agencies to enter into multiyear rental agreements?,,,NO,500,16,179,305,0
Oconee,Civic Center,Constitutional Amendment #2<br>Shall the Constitution be amended so as to provide for a reduction in the state's operating costs by allowing the General Assembly to authorize certain state agencies to enter into multiyear rental agreements?,,,NO,870,33,323,514,0
Oconee,City Hall,Constitutional Amendment #2<br>Shall the Constitution be amended so as to provide for a reduction in the state's operating costs by allowing the General Assembly to authorize certain state agencies to enter into multiyear rental agreements?,,,NO,385,12,163,210,0
