county,precinct,office,district,party,candidate,votes,absentee_by_mail,election_day,advance_in_person,provisional
Douglas,,President of the United States,,R,MITT ROMNEY,26241,1452,9678,15108,3
Douglas,MIRROR LAKE ELEMENTA,President of the United States,,R,MITT ROMNEY,1794,79,869,846,0
Douglas,WINSTON,President of the United States,,R,MITT ROMNEY,463,16,188,259,0
Douglas,FAIRPLAY M S,President of the United States,,R,MITT ROMNEY,2276,103,713,1460,0
Douglas,COLONIAL HILLS,President of the United States,,R,MITT ROMNEY,171,13,81,77,0
Douglas,EPHESUS BAPTIST CHUR,President of the United States,,R,MITT ROMNEY,2121,103,880,1138,0
Douglas,BILL ARP,President of the United States,,R,MITT ROMNEY,2213,138,618,1456,1
Douglas,TURNER,President of the United States,,R,MITT ROMNEY,1099,58,476,565,0
Douglas,ANNETTE WINN SCHOOL,President of the United States,,R,MITT ROMNEY,678,56,256,366,0
Douglas,LITHIA HIGH SCHOOL,President of the United States,,R,MITT ROMNEY,716,45,247,424,0
Douglas,DEER LICK,President of the United States,,R,MITT ROMNEY,812,23,265,524,0
Douglas,GOLDEN METHODIST CH,President of the United States,,R,MITT ROMNEY,364,16,141,207,0
Douglas,DOUGLASVILLE,President of the United States,,R,MITT ROMNEY,1119,78,279,762,0
Douglas,BEULAH,President of the United States,,R,MITT ROMNEY,1259,84,517,658,0
Douglas,STEWART,President of the United States,,R,MITT ROMNEY,196,7,67,122,0
Douglas,ARBOR STATION,President of the United States,,R,MITT ROMNEY,751,43,334,374,0
Douglas,BRIGHT STAR,President of the United States,,R,MITT ROMNEY,957,42,427,488,0
Douglas,DORSETT SHOALS,President of the United States,,R,MITT ROMNEY,1435,88,591,755,1
Douglas,CHAPEL HILL,President of the United States,,R,MITT ROMNEY,890,59,336,495,0
Douglas,HOLLY SPRINGS,President of the United States,,R,MITT ROMNEY,1576,101,524,950,1
Douglas,CHESTNUT LOG,President of the United States,,R,MITT ROMNEY,750,40,261,449,0
Douglas,ST JULIANS EPISCOPAL,President of the United States,,R,MITT ROMNEY,893,49,428,416,0
Douglas,LUTHERAN CHURCH - GS,President of the United States,,R,MITT ROMNEY,1447,90,483,874,0
Douglas,FIRST BAPTIST CHURCH,President of the United States,,R,MITT ROMNEY,909,57,277,575,0
Douglas,FACTORY SHOALS,President of the United States,,R,MITT ROMNEY,905,43,288,574,0
Douglas,BOUNDARY WATERS,President of the United States,,R,MITT ROMNEY,447,21,132,294,0
Douglas,,President of the United States,,D,BARACK OBAMA (I),28441,885,11215,16331,10
Douglas,MIRROR LAKE ELEMENTA,President of the United States,,D,BARACK OBAMA (I),1532,46,694,792,0
Douglas,WINSTON,President of the United States,,D,BARACK OBAMA (I),569,13,274,280,2
Douglas,FAIRPLAY M S,President of the United States,,D,BARACK OBAMA (I),558,22,173,363,0
Douglas,COLONIAL HILLS,President of the United States,,D,BARACK OBAMA (I),1592,26,842,722,2
Douglas,EPHESUS BAPTIST CHUR,President of the United States,,D,BARACK OBAMA (I),475,17,179,279,0
Douglas,BILL ARP,President of the United States,,D,BARACK OBAMA (I),1076,39,425,612,0
Douglas,TURNER,President of the United States,,D,BARACK OBAMA (I),1030,32,466,532,0
Douglas,ANNETTE WINN SCHOOL,President of the United States,,D,BARACK OBAMA (I),391,28,167,196,0
Douglas,LITHIA HIGH SCHOOL,President of the United States,,D,BARACK OBAMA (I),2534,80,921,1532,1
Douglas,DEER LICK,President of the United States,,D,BARACK OBAMA (I),800,14,308,478,0
Douglas,GOLDEN METHODIST CH,President of the United States,,D,BARACK OBAMA (I),2067,37,903,1127,0
Douglas,DOUGLASVILLE,President of the United States,,D,BARACK OBAMA (I),1509,46,564,898,1
Douglas,BEULAH,President of the United States,,D,BARACK OBAMA (I),745,23,334,388,0
Douglas,STEWART,President of the United States,,D,BARACK OBAMA (I),1458,40,617,800,1
Douglas,ARBOR STATION,President of the United States,,D,BARACK OBAMA (I),858,33,342,483,0
Douglas,BRIGHT STAR,President of the United States,,D,BARACK OBAMA (I),569,14,276,279,0
Douglas,DORSETT SHOALS,President of the United States,,D,BARACK OBAMA (I),683,46,288,349,0
Douglas,CHAPEL HILL,President of the United States,,D,BARACK OBAMA (I),1374,50,465,858,1
Douglas,HOLLY SPRINGS,President of the United States,,D,BARACK OBAMA (I),2055,51,669,1335,0
Douglas,CHESTNUT LOG,President of the United States,,D,BARACK OBAMA (I),1239,28,456,755,0
Douglas,ST JULIANS EPISCOPAL,President of the United States,,D,BARACK OBAMA (I),444,13,233,197,1
Douglas,LUTHERAN CHURCH - GS,President of the United States,,D,BARACK OBAMA (I),1074,46,399,629,0
Douglas,FIRST BAPTIST CHURCH,President of the United States,,D,BARACK OBAMA (I),482,33,166,283,0
Douglas,FACTORY SHOALS,President of the United States,,D,BARACK OBAMA (I),1412,53,455,904,0
Douglas,BOUNDARY WATERS,President of the United States,,D,BARACK OBAMA (I),1915,55,599,1260,1
Douglas,,President of the United States,,L,GARY JOHNSON,565,21,357,187,0
Douglas,MIRROR LAKE ELEMENTA,President of the United States,,L,GARY JOHNSON,46,2,33,11,0
Douglas,WINSTON,President of the United States,,L,GARY JOHNSON,9,0,4,5,0
Douglas,FAIRPLAY M S,President of the United States,,L,GARY JOHNSON,32,0,15,17,0
Douglas,COLONIAL HILLS,President of the United States,,L,GARY JOHNSON,5,0,4,1,0
Douglas,EPHESUS BAPTIST CHUR,President of the United States,,L,GARY JOHNSON,28,3,17,8,0
Douglas,BILL ARP,President of the United States,,L,GARY JOHNSON,40,0,27,13,0
Douglas,TURNER,President of the United States,,L,GARY JOHNSON,31,0,23,8,0
Douglas,ANNETTE WINN SCHOOL,President of the United States,,L,GARY JOHNSON,17,0,14,3,0
Douglas,LITHIA HIGH SCHOOL,President of the United States,,L,GARY JOHNSON,26,0,19,7,0
Douglas,DEER LICK,President of the United States,,L,GARY JOHNSON,22,0,13,9,0
Douglas,GOLDEN METHODIST CH,President of the United States,,L,GARY JOHNSON,7,1,4,2,0
Douglas,DOUGLASVILLE,President of the United States,,L,GARY JOHNSON,29,0,16,13,0
Douglas,BEULAH,President of the United States,,L,GARY JOHNSON,24,0,18,6,0
Douglas,STEWART,President of the United States,,L,GARY JOHNSON,5,0,2,3,0
Douglas,ARBOR STATION,President of the United States,,L,GARY JOHNSON,16,2,9,5,0
Douglas,BRIGHT STAR,President of the United States,,L,GARY JOHNSON,18,0,16,2,0
Douglas,DORSETT SHOALS,President of the United States,,L,GARY JOHNSON,36,3,22,11,0
Douglas,CHAPEL HILL,President of the United States,,L,GARY JOHNSON,28,3,17,8,0
Douglas,HOLLY SPRINGS,President of the United States,,L,GARY JOHNSON,32,4,11,17,0
Douglas,CHESTNUT LOG,President of the United States,,L,GARY JOHNSON,13,0,11,2,0
Douglas,ST JULIANS EPISCOPAL,President of the United States,,L,GARY JOHNSON,24,2,16,6,0
Douglas,LUTHERAN CHURCH - GS,President of the United States,,L,GARY JOHNSON,26,0,15,11,0
Douglas,FIRST BAPTIST CHURCH,President of the United States,,L,GARY JOHNSON,12,1,9,2,0
Douglas,FACTORY SHOALS,President of the United States,,L,GARY JOHNSON,31,0,18,13,0
Douglas,BOUNDARY WATERS,President of the United States,,L,GARY JOHNSON,8,0,4,4,0
Douglas,,"Public Service Commission, District 3",3,R,CHUCK EATON (I),24586,1356,9029,14198,3
Douglas,MIRROR LAKE ELEMENTA,"Public Service Commission, District 3",3,R,CHUCK EATON (I),1653,72,782,799,0
Douglas,WINSTON,"Public Service Commission, District 3",3,R,CHUCK EATON (I),435,15,183,236,1
Douglas,FAIRPLAY M S,"Public Service Commission, District 3",3,R,CHUCK EATON (I),2092,92,655,1345,0
Douglas,COLONIAL HILLS,"Public Service Commission, District 3",3,R,CHUCK EATON (I),195,12,95,88,0
Douglas,EPHESUS BAPTIST CHUR,"Public Service Commission, District 3",3,R,CHUCK EATON (I),1933,95,796,1042,0
Douglas,BILL ARP,"Public Service Commission, District 3",3,R,CHUCK EATON (I),2081,130,586,1365,0
Douglas,TURNER,"Public Service Commission, District 3",3,R,CHUCK EATON (I),1025,60,433,532,0
Douglas,ANNETTE WINN SCHOOL,"Public Service Commission, District 3",3,R,CHUCK EATON (I),616,51,221,344,0
Douglas,LITHIA HIGH SCHOOL,"Public Service Commission, District 3",3,R,CHUCK EATON (I),693,45,240,408,0
Douglas,DEER LICK,"Public Service Commission, District 3",3,R,CHUCK EATON (I),767,21,254,492,0
Douglas,GOLDEN METHODIST CH,"Public Service Commission, District 3",3,R,CHUCK EATON (I),381,17,157,207,0
Douglas,DOUGLASVILLE,"Public Service Commission, District 3",3,R,CHUCK EATON (I),1039,69,268,702,0
Douglas,BEULAH,"Public Service Commission, District 3",3,R,CHUCK EATON (I),1158,77,476,605,0
Douglas,STEWART,"Public Service Commission, District 3",3,R,CHUCK EATON (I),220,11,85,124,0
Douglas,ARBOR STATION,"Public Service Commission, District 3",3,R,CHUCK EATON (I),734,43,327,364,0
Douglas,BRIGHT STAR,"Public Service Commission, District 3",3,R,CHUCK EATON (I),886,36,393,457,0
Douglas,DORSETT SHOALS,"Public Service Commission, District 3",3,R,CHUCK EATON (I),1297,75,531,690,1
Douglas,CHAPEL HILL,"Public Service Commission, District 3",3,R,CHUCK EATON (I),866,56,317,493,0
Douglas,HOLLY SPRINGS,"Public Service Commission, District 3",3,R,CHUCK EATON (I),1496,101,482,912,1
Douglas,CHESTNUT LOG,"Public Service Commission, District 3",3,R,CHUCK EATON (I),721,39,246,436,0
Douglas,ST JULIANS EPISCOPAL,"Public Service Commission, District 3",3,R,CHUCK EATON (I),805,43,393,369,0
Douglas,LUTHERAN CHURCH - GS,"Public Service Commission, District 3",3,R,CHUCK EATON (I),1375,82,462,831,0
Douglas,FIRST BAPTIST CHURCH,"Public Service Commission, District 3",3,R,CHUCK EATON (I),834,56,256,522,0
Douglas,FACTORY SHOALS,"Public Service Commission, District 3",3,R,CHUCK EATON (I),857,39,274,544,0
Douglas,BOUNDARY WATERS,"Public Service Commission, District 3",3,R,CHUCK EATON (I),427,19,117,291,0
Douglas,,"Public Service Commission, District 3",3,D,STEPHEN OPPENHEIMER,25501,768,9797,14928,8
Douglas,MIRROR LAKE ELEMENTA,"Public Service Commission, District 3",3,D,STEPHEN OPPENHEIMER,1363,44,599,720,0
Douglas,WINSTON,"Public Service Commission, District 3",3,D,STEPHEN OPPENHEIMER,508,8,243,256,1
Douglas,FAIRPLAY M S,"Public Service Commission, District 3",3,D,STEPHEN OPPENHEIMER,496,25,147,324,0
Douglas,COLONIAL HILLS,"Public Service Commission, District 3",3,D,STEPHEN OPPENHEIMER,1438,20,758,658,2
Douglas,EPHESUS BAPTIST CHUR,"Public Service Commission, District 3",3,D,STEPHEN OPPENHEIMER,412,15,148,249,0
Douglas,BILL ARP,"Public Service Commission, District 3",3,D,STEPHEN OPPENHEIMER,938,30,358,550,0
Douglas,TURNER,"Public Service Commission, District 3",3,D,STEPHEN OPPENHEIMER,920,29,411,480,0
Douglas,ANNETTE WINN SCHOOL,"Public Service Commission, District 3",3,D,STEPHEN OPPENHEIMER,345,23,147,175,0
Douglas,LITHIA HIGH SCHOOL,"Public Service Commission, District 3",3,D,STEPHEN OPPENHEIMER,2315,64,828,1422,1
Douglas,DEER LICK,"Public Service Commission, District 3",3,D,STEPHEN OPPENHEIMER,723,13,270,440,0
Douglas,GOLDEN METHODIST CH,"Public Service Commission, District 3",3,D,STEPHEN OPPENHEIMER,1799,31,762,1006,0
Douglas,DOUGLASVILLE,"Public Service Commission, District 3",3,D,STEPHEN OPPENHEIMER,1335,40,490,804,1
Douglas,BEULAH,"Public Service Commission, District 3",3,D,STEPHEN OPPENHEIMER,680,20,303,357,0
Douglas,STEWART,"Public Service Commission, District 3",3,D,STEPHEN OPPENHEIMER,1323,35,537,750,1
Douglas,ARBOR STATION,"Public Service Commission, District 3",3,D,STEPHEN OPPENHEIMER,758,29,296,433,0
Douglas,BRIGHT STAR,"Public Service Commission, District 3",3,D,STEPHEN OPPENHEIMER,494,13,235,246,0
Douglas,DORSETT SHOALS,"Public Service Commission, District 3",3,D,STEPHEN OPPENHEIMER,600,36,247,317,0
Douglas,CHAPEL HILL,"Public Service Commission, District 3",3,D,STEPHEN OPPENHEIMER,1247,42,407,798,0
Douglas,HOLLY SPRINGS,"Public Service Commission, District 3",3,D,STEPHEN OPPENHEIMER,1874,48,598,1228,0
Douglas,CHESTNUT LOG,"Public Service Commission, District 3",3,D,STEPHEN OPPENHEIMER,1113,25,398,690,0
Douglas,ST JULIANS EPISCOPAL,"Public Service Commission, District 3",3,D,STEPHEN OPPENHEIMER,390,16,197,176,1
Douglas,LUTHERAN CHURCH - GS,"Public Service Commission, District 3",3,D,STEPHEN OPPENHEIMER,981,44,346,591,0
Douglas,FIRST BAPTIST CHURCH,"Public Service Commission, District 3",3,D,STEPHEN OPPENHEIMER,427,24,142,261,0
Douglas,FACTORY SHOALS,"Public Service Commission, District 3",3,D,STEPHEN OPPENHEIMER,1268,47,395,826,0
Douglas,BOUNDARY WATERS,"Public Service Commission, District 3",3,D,STEPHEN OPPENHEIMER,1754,47,535,1171,1
Douglas,,"Public Service Commission, District 3",3,L,BRAD PLOEGER,2074,101,1029,944,0
Douglas,MIRROR LAKE ELEMENTA,"Public Service Commission, District 3",3,L,BRAD PLOEGER,150,9,91,50,0
Douglas,WINSTON,"Public Service Commission, District 3",3,L,BRAD PLOEGER,32,2,16,14,0
Douglas,FAIRPLAY M S,"Public Service Commission, District 3",3,L,BRAD PLOEGER,136,4,55,77,0
Douglas,COLONIAL HILLS,"Public Service Commission, District 3",3,L,BRAD PLOEGER,31,3,14,14,0
Douglas,EPHESUS BAPTIST CHUR,"Public Service Commission, District 3",3,L,BRAD PLOEGER,127,8,62,57,0
Douglas,BILL ARP,"Public Service Commission, District 3",3,L,BRAD PLOEGER,140,11,63,66,0
Douglas,TURNER,"Public Service Commission, District 3",3,L,BRAD PLOEGER,94,3,50,41,0
Douglas,ANNETTE WINN SCHOOL,"Public Service Commission, District 3",3,L,BRAD PLOEGER,54,4,32,18,0
Douglas,LITHIA HIGH SCHOOL,"Public Service Commission, District 3",3,L,BRAD PLOEGER,83,6,45,32,0
Douglas,DEER LICK,"Public Service Commission, District 3",3,L,BRAD PLOEGER,54,1,24,29,0
Douglas,GOLDEN METHODIST CH,"Public Service Commission, District 3",3,L,BRAD PLOEGER,59,2,31,26,0
Douglas,DOUGLASVILLE,"Public Service Commission, District 3",3,L,BRAD PLOEGER,99,4,43,52,0
Douglas,BEULAH,"Public Service Commission, District 3",3,L,BRAD PLOEGER,82,3,41,38,0
Douglas,STEWART,"Public Service Commission, District 3",3,L,BRAD PLOEGER,20,1,5,14,0
Douglas,ARBOR STATION,"Public Service Commission, District 3",3,L,BRAD PLOEGER,56,3,27,26,0
Douglas,BRIGHT STAR,"Public Service Commission, District 3",3,L,BRAD PLOEGER,78,2,48,28,0
Douglas,DORSETT SHOALS,"Public Service Commission, District 3",3,L,BRAD PLOEGER,125,5,63,57,0
Douglas,CHAPEL HILL,"Public Service Commission, District 3",3,L,BRAD PLOEGER,84,5,44,35,0
Douglas,HOLLY SPRINGS,"Public Service Commission, District 3",3,L,BRAD PLOEGER,131,4,61,66,0
Douglas,CHESTNUT LOG,"Public Service Commission, District 3",3,L,BRAD PLOEGER,70,1,40,29,0
Douglas,ST JULIANS EPISCOPAL,"Public Service Commission, District 3",3,L,BRAD PLOEGER,66,3,36,27,0
Douglas,LUTHERAN CHURCH - GS,"Public Service Commission, District 3",3,L,BRAD PLOEGER,85,7,40,38,0
Douglas,FIRST BAPTIST CHURCH,"Public Service Commission, District 3",3,L,BRAD PLOEGER,52,4,18,30,0
Douglas,FACTORY SHOALS,"Public Service Commission, District 3",3,L,BRAD PLOEGER,107,5,47,55,0
Douglas,BOUNDARY WATERS,"Public Service Commission, District 3",3,L,BRAD PLOEGER,59,1,33,25,0
Douglas,,"Public Service Commission, District 5",5,R,STAN WISE (I),28691,1487,10573,16626,5
Douglas,MIRROR LAKE ELEMENTA,"Public Service Commission, District 5",5,R,STAN WISE (I),1852,79,874,899,0
Douglas,WINSTON,"Public Service Commission, District 5",5,R,STAN WISE (I),524,15,225,283,1
Douglas,FAIRPLAY M S,"Public Service Commission, District 5",5,R,STAN WISE (I),2177,95,687,1395,0
Douglas,COLONIAL HILLS,"Public Service Commission, District 5",5,R,STAN WISE (I),399,14,190,195,0
Douglas,EPHESUS BAPTIST CHUR,"Public Service Commission, District 5",5,R,STAN WISE (I),1981,94,803,1084,0
Douglas,BILL ARP,"Public Service Commission, District 5",5,R,STAN WISE (I),2246,136,652,1458,0
Douglas,TURNER,"Public Service Commission, District 5",5,R,STAN WISE (I),1163,64,505,594,0
Douglas,ANNETTE WINN SCHOOL,"Public Service Commission, District 5",5,R,STAN WISE (I),663,53,248,362,0
Douglas,LITHIA HIGH SCHOOL,"Public Service Commission, District 5",5,R,STAN WISE (I),1069,61,387,620,1
Douglas,DEER LICK,"Public Service Commission, District 5",5,R,STAN WISE (I),900,24,298,578,0
Douglas,GOLDEN METHODIST CH,"Public Service Commission, District 5",5,R,STAN WISE (I),637,17,266,354,0
Douglas,DOUGLASVILLE,"Public Service Commission, District 5",5,R,STAN WISE (I),1265,74,344,847,0
Douglas,BEULAH,"Public Service Commission, District 5",5,R,STAN WISE (I),1264,83,524,657,0
Douglas,STEWART,"Public Service Commission, District 5",5,R,STAN WISE (I),396,15,156,225,0
Douglas,ARBOR STATION,"Public Service Commission, District 5",5,R,STAN WISE (I),862,52,388,422,0
Douglas,BRIGHT STAR,"Public Service Commission, District 5",5,R,STAN WISE (I),962,39,432,491,0
Douglas,DORSETT SHOALS,"Public Service Commission, District 5",5,R,STAN WISE (I),1382,83,557,741,1
Douglas,CHAPEL HILL,"Public Service Commission, District 5",5,R,STAN WISE (I),1095,65,384,646,0
Douglas,HOLLY SPRINGS,"Public Service Commission, District 5",5,R,STAN WISE (I),1824,115,577,1131,1
Douglas,CHESTNUT LOG,"Public Service Commission, District 5",5,R,STAN WISE (I),881,42,299,540,0
Douglas,ST JULIANS EPISCOPAL,"Public Service Commission, District 5",5,R,STAN WISE (I),892,51,429,411,1
Douglas,LUTHERAN CHURCH - GS,"Public Service Commission, District 5",5,R,STAN WISE (I),1550,88,528,934,0
Douglas,FIRST BAPTIST CHURCH,"Public Service Commission, District 5",5,R,STAN WISE (I),931,57,285,589,0
Douglas,FACTORY SHOALS,"Public Service Commission, District 5",5,R,STAN WISE (I),1089,43,337,709,0
Douglas,BOUNDARY WATERS,"Public Service Commission, District 5",5,R,STAN WISE (I),687,28,198,461,0
Douglas,,"Public Service Commission, District 5",5,L,DAVID STAPLES,17255,510,7220,9522,3
Douglas,MIRROR LAKE ELEMENTA,"Public Service Commission, District 5",5,L,DAVID STAPLES,1024,37,506,481,0
Douglas,WINSTON,"Public Service Commission, District 5",5,L,DAVID STAPLES,315,9,158,148,0
Douglas,FAIRPLAY M S,"Public Service Commission, District 5",5,L,DAVID STAPLES,451,16,146,289,0
Douglas,COLONIAL HILLS,"Public Service Commission, District 5",5,L,DAVID STAPLES,958,17,544,396,1
Douglas,EPHESUS BAPTIST CHUR,"Public Service Commission, District 5",5,L,DAVID STAPLES,400,19,179,202,0
Douglas,BILL ARP,"Public Service Commission, District 5",5,L,DAVID STAPLES,702,24,293,385,0
Douglas,TURNER,"Public Service Commission, District 5",5,L,DAVID STAPLES,655,11,311,333,0
Douglas,ANNETTE WINN SCHOOL,"Public Service Commission, District 5",5,L,DAVID STAPLES,272,16,130,126,0
Douglas,LITHIA HIGH SCHOOL,"Public Service Commission, District 5",5,L,DAVID STAPLES,1460,38,568,854,0
Douglas,DEER LICK,"Public Service Commission, District 5",5,L,DAVID STAPLES,492,8,198,286,0
Douglas,GOLDEN METHODIST CH,"Public Service Commission, District 5",5,L,DAVID STAPLES,1093,18,449,626,0
Douglas,DOUGLASVILLE,"Public Service Commission, District 5",5,L,DAVID STAPLES,890,25,357,507,1
Douglas,BEULAH,"Public Service Commission, District 5",5,L,DAVID STAPLES,482,13,231,238,0
Douglas,STEWART,"Public Service Commission, District 5",5,L,DAVID STAPLES,788,22,335,431,0
Douglas,ARBOR STATION,"Public Service Commission, District 5",5,L,DAVID STAPLES,488,17,199,272,0
Douglas,BRIGHT STAR,"Public Service Commission, District 5",5,L,DAVID STAPLES,378,9,196,173,0
Douglas,DORSETT SHOALS,"Public Service Commission, District 5",5,L,DAVID STAPLES,544,25,246,273,0
Douglas,CHAPEL HILL,"Public Service Commission, District 5",5,L,DAVID STAPLES,787,28,290,469,0
Douglas,HOLLY SPRINGS,"Public Service Commission, District 5",5,L,DAVID STAPLES,1218,30,436,752,0
Douglas,CHESTNUT LOG,"Public Service Commission, District 5",5,L,DAVID STAPLES,743,18,286,439,0
Douglas,ST JULIANS EPISCOPAL,"Public Service Commission, District 5",5,L,DAVID STAPLES,288,10,166,112,0
Douglas,LUTHERAN CHURCH - GS,"Public Service Commission, District 5",5,L,DAVID STAPLES,634,28,243,363,0
Douglas,FIRST BAPTIST CHURCH,"Public Service Commission, District 5",5,L,DAVID STAPLES,281,16,106,159,0
Douglas,FACTORY SHOALS,"Public Service Commission, District 5",5,L,DAVID STAPLES,853,31,305,517,0
Douglas,BOUNDARY WATERS,"Public Service Commission, District 5",5,L,DAVID STAPLES,1059,25,342,691,1
Douglas,,U.S. Representative,13,R,S. MALIK,23594,1284,8677,13630,3
Douglas,MIRROR LAKE ELEMENTA,U.S. Representative,13,R,S. MALIK,1674,81,792,801,0
Douglas,WINSTON,U.S. Representative,13,R,S. MALIK,417,15,181,220,1
Douglas,FAIRPLAY M S,U.S. Representative,13,R,S. MALIK,2048,87,646,1315,0
Douglas,COLONIAL HILLS,U.S. Representative,13,R,S. MALIK,177,14,83,80,0
Douglas,EPHESUS BAPTIST CHUR,U.S. Representative,13,R,S. MALIK,1901,96,785,1020,0
Douglas,BILL ARP,U.S. Representative,13,R,S. MALIK,2008,121,565,1322,0
Douglas,TURNER,U.S. Representative,13,R,S. MALIK,944,54,392,498,0
Douglas,ANNETTE WINN SCHOOL,U.S. Representative,13,R,S. MALIK,593,48,226,319,0
Douglas,LITHIA HIGH SCHOOL,U.S. Representative,13,R,S. MALIK,646,43,227,376,0
Douglas,DEER LICK,U.S. Representative,13,R,S. MALIK,705,20,230,455,0
Douglas,GOLDEN METHODIST CH,U.S. Representative,13,R,S. MALIK,331,11,137,183,0
Douglas,DOUGLASVILLE,U.S. Representative,13,R,S. MALIK,985,61,250,674,0
Douglas,BEULAH,U.S. Representative,13,R,S. MALIK,1125,76,453,596,0
Douglas,STEWART,U.S. Representative,13,R,S. MALIK,193,9,66,118,0
Douglas,ARBOR STATION,U.S. Representative,13,R,S. MALIK,685,37,298,350,0
Douglas,BRIGHT STAR,U.S. Representative,13,R,S. MALIK,838,37,374,427,0
Douglas,DORSETT SHOALS,U.S. Representative,13,R,S. MALIK,1282,72,521,688,1
Douglas,CHAPEL HILL,U.S. Representative,13,R,S. MALIK,810,55,291,464,0
Douglas,HOLLY SPRINGS,U.S. Representative,13,R,S. MALIK,1467,92,491,883,1
Douglas,CHESTNUT LOG,U.S. Representative,13,R,S. MALIK,659,35,235,389,0
Douglas,ST JULIANS EPISCOPAL,U.S. Representative,13,R,S. MALIK,783,36,383,364,0
Douglas,LUTHERAN CHURCH - GS,U.S. Representative,13,R,S. MALIK,1294,75,432,787,0
Douglas,FIRST BAPTIST CHURCH,U.S. Representative,13,R,S. MALIK,810,54,245,511,0
Douglas,FACTORY SHOALS,U.S. Representative,13,R,S. MALIK,819,35,260,524,0
Douglas,BOUNDARY WATERS,U.S. Representative,13,R,S. MALIK,400,20,114,266,0
Douglas,,U.S. Representative,13,D,DAVID SCOTT (I),29689,963,11668,17050,8
Douglas,MIRROR LAKE ELEMENTA,U.S. Representative,13,D,DAVID SCOTT (I),1569,44,721,804,0
Douglas,WINSTON,U.S. Representative,13,D,DAVID SCOTT (I),576,10,267,298,1
Douglas,FAIRPLAY M S,U.S. Representative,13,D,DAVID SCOTT (I),700,34,206,460,0
Douglas,COLONIAL HILLS,U.S. Representative,13,D,DAVID SCOTT (I),1544,21,818,703,2
Douglas,EPHESUS BAPTIST CHUR,U.S. Representative,13,D,DAVID SCOTT (I),609,23,233,353,0
Douglas,BILL ARP,U.S. Representative,13,D,DAVID SCOTT (I),1181,50,449,682,0
Douglas,TURNER,U.S. Representative,13,D,DAVID SCOTT (I),1133,35,524,574,0
Douglas,ANNETTE WINN SCHOOL,U.S. Representative,13,D,DAVID SCOTT (I),442,34,190,218,0
Douglas,LITHIA HIGH SCHOOL,U.S. Representative,13,D,DAVID SCOTT (I),2523,74,916,1532,1
Douglas,DEER LICK,U.S. Representative,13,D,DAVID SCOTT (I),864,15,329,520,0
Douglas,GOLDEN METHODIST CH,U.S. Representative,13,D,DAVID SCOTT (I),2032,43,879,1110,0
Douglas,DOUGLASVILLE,U.S. Representative,13,D,DAVID SCOTT (I),1567,55,575,936,1
Douglas,BEULAH,U.S. Representative,13,D,DAVID SCOTT (I),822,26,382,414,0
Douglas,STEWART,U.S. Representative,13,D,DAVID SCOTT (I),1427,40,598,788,1
Douglas,ARBOR STATION,U.S. Representative,13,D,DAVID SCOTT (I),895,41,362,492,0
Douglas,BRIGHT STAR,U.S. Representative,13,D,DAVID SCOTT (I),640,14,310,316,0
Douglas,DORSETT SHOALS,U.S. Representative,13,D,DAVID SCOTT (I),785,47,340,398,0
Douglas,CHAPEL HILL,U.S. Representative,13,D,DAVID SCOTT (I),1403,47,485,871,0
Douglas,HOLLY SPRINGS,U.S. Representative,13,D,DAVID SCOTT (I),2107,56,676,1375,0
Douglas,CHESTNUT LOG,U.S. Representative,13,D,DAVID SCOTT (I),1289,31,470,788,0
Douglas,ST JULIANS EPISCOPAL,U.S. Representative,13,D,DAVID SCOTT (I),511,27,264,219,1
Douglas,LUTHERAN CHURCH - GS,U.S. Representative,13,D,DAVID SCOTT (I),1166,55,425,686,0
Douglas,FIRST BAPTIST CHURCH,U.S. Representative,13,D,DAVID SCOTT (I),546,33,186,327,0
Douglas,FACTORY SHOALS,U.S. Representative,13,D,DAVID SCOTT (I),1459,58,472,929,0
Douglas,BOUNDARY WATERS,U.S. Representative,13,D,DAVID SCOTT (I),1899,50,591,1257,1
Douglas,,State Senator,30 (Special Republican Primary),,MIKE DUGAN,1546,43,816,687,0
Douglas,MIRROR LAKE ELEMENTA,State Senator,30 (Special Republican Primary),,MIKE DUGAN,387,7,224,156,0
Douglas,FAIRPLAY M S,State Senator,30 (Special Republican Primary),,MIKE DUGAN,275,10,128,137,0
Douglas,EPHESUS BAPTIST CHUR,State Senator,30 (Special Republican Primary),,MIKE DUGAN,233,6,136,91,0
Douglas,BILL ARP,State Senator,30 (Special Republican Primary),,MIKE DUGAN,287,15,120,152,0
Douglas,BRIGHT STAR,State Senator,30 (Special Republican Primary),,MIKE DUGAN,122,2,68,52,0
Douglas,DORSETT SHOALS,State Senator,30 (Special Republican Primary),,MIKE DUGAN,242,3,140,99,0
Douglas,,State Senator,30 (Special Republican Primary),,BILL HEMBREE,9479,486,3472,5520,1
Douglas,MIRROR LAKE ELEMENTA,State Senator,30 (Special Republican Primary),,BILL HEMBREE,1569,71,710,788,0
Douglas,FAIRPLAY M S,State Senator,30 (Special Republican Primary),,BILL HEMBREE,1863,82,551,1230,0
Douglas,EPHESUS BAPTIST CHUR,State Senator,30 (Special Republican Primary),,BILL HEMBREE,1735,85,677,973,0
Douglas,BILL ARP,State Senator,30 (Special Republican Primary),,BILL HEMBREE,2078,128,603,1347,0
Douglas,BRIGHT STAR,State Senator,30 (Special Republican Primary),,BILL HEMBREE,945,35,424,486,0
Douglas,DORSETT SHOALS,State Senator,30 (Special Republican Primary),,BILL HEMBREE,1289,85,507,696,1
Douglas,,State Senator,30 (Special Republican Primary),,JIM NAUGHTON,939,33,382,524,0
Douglas,MIRROR LAKE ELEMENTA,State Senator,30 (Special Republican Primary),,JIM NAUGHTON,233,10,120,103,0
Douglas,FAIRPLAY M S,State Senator,30 (Special Republican Primary),,JIM NAUGHTON,193,3,51,139,0
Douglas,EPHESUS BAPTIST CHUR,State Senator,30 (Special Republican Primary),,JIM NAUGHTON,128,7,59,62,0
Douglas,BILL ARP,State Senator,30 (Special Republican Primary),,JIM NAUGHTON,184,5,69,110,0
Douglas,BRIGHT STAR,State Senator,30 (Special Republican Primary),,JIM NAUGHTON,79,3,38,38,0
Douglas,DORSETT SHOALS,State Senator,30 (Special Republican Primary),,JIM NAUGHTON,122,5,45,72,0
Douglas,,State Senator,30 (Special Republican Primary),,GLENN RICHARDSON,1562,64,662,836,0
Douglas,MIRROR LAKE ELEMENTA,State Senator,30 (Special Republican Primary),,GLENN RICHARDSON,502,14,231,257,0
Douglas,FAIRPLAY M S,State Senator,30 (Special Republican Primary),,GLENN RICHARDSON,195,12,73,110,0
Douglas,EPHESUS BAPTIST CHUR,State Senator,30 (Special Republican Primary),,GLENN RICHARDSON,259,12,105,142,0
Douglas,BILL ARP,State Senator,30 (Special Republican Primary),,GLENN RICHARDSON,284,12,107,165,0
Douglas,BRIGHT STAR,State Senator,30 (Special Republican Primary),,GLENN RICHARDSON,147,4,72,71,0
Douglas,DORSETT SHOALS,State Senator,30 (Special Republican Primary),,GLENN RICHARDSON,175,10,74,91,0
Douglas,,State Senator,35,D,DONZELLA JAMES (I),29111,994,11373,16735,9
Douglas,WINSTON,State Senator,35,D,DONZELLA JAMES (I),717,17,344,354,2
Douglas,COLONIAL HILLS,State Senator,35,D,DONZELLA JAMES (I),1606,22,857,725,2
Douglas,TURNER,State Senator,35,D,DONZELLA JAMES (I),1467,59,673,735,0
Douglas,ANNETTE WINN SCHOOL,State Senator,35,D,DONZELLA JAMES (I),668,53,294,321,0
Douglas,LITHIA HIGH SCHOOL,State Senator,35,D,DONZELLA JAMES (I),2795,87,1025,1682,1
Douglas,DEER LICK,State Senator,35,D,DONZELLA JAMES (I),1135,18,433,684,0
Douglas,GOLDEN METHODIST CH,State Senator,35,D,DONZELLA JAMES (I),2121,42,915,1164,0
Douglas,DOUGLASVILLE,State Senator,35,D,DONZELLA JAMES (I),1876,68,671,1136,1
Douglas,BEULAH,State Senator,35,D,DONZELLA JAMES (I),1260,52,570,638,0
Douglas,STEWART,State Senator,35,D,DONZELLA JAMES (I),1475,44,606,824,1
Douglas,ARBOR STATION,State Senator,35,D,DONZELLA JAMES (I),1164,51,483,630,0
Douglas,CHAPEL HILL,State Senator,35,D,DONZELLA JAMES (I),1721,72,618,1031,0
Douglas,HOLLY SPRINGS,State Senator,35,D,DONZELLA JAMES (I),2654,88,883,1682,1
Douglas,CHESTNUT LOG,State Senator,35,D,DONZELLA JAMES (I),1520,42,558,920,0
Douglas,ST JULIANS EPISCOPAL,State Senator,35,D,DONZELLA JAMES (I),799,36,411,352,0
Douglas,LUTHERAN CHURCH - GS,State Senator,35,D,DONZELLA JAMES (I),1582,69,567,946,0
Douglas,FIRST BAPTIST CHURCH,State Senator,35,D,DONZELLA JAMES (I),780,46,264,470,0
Douglas,FACTORY SHOALS,State Senator,35,D,DONZELLA JAMES (I),1743,76,558,1109,0
Douglas,BOUNDARY WATERS,State Senator,35,D,DONZELLA JAMES (I),2028,52,643,1332,1
Douglas,,State Representative,61,D,ROGER BRUCE (I),6528,223,2817,3486,2
Douglas,COLONIAL HILLS,State Representative,61,D,ROGER BRUCE (I),1602,23,847,730,2
Douglas,TURNER,State Representative,61,D,ROGER BRUCE (I),1470,59,663,748,0
Douglas,ANNETTE WINN SCHOOL,State Representative,61,D,ROGER BRUCE (I),672,54,290,328,0
Douglas,LITHIA HIGH SCHOOL,State Representative,61,D,ROGER BRUCE (I),2784,87,1017,1680,0
Douglas,,State Representative,62,D,LADAWN JONES,6379,204,2283,3892,0
Douglas,DEER LICK,State Representative,62,D,LADAWN JONES,1116,16,426,674,0
Douglas,BEULAH,State Representative,62,D,LADAWN JONES,1244,51,566,627,0
Douglas,CHESTNUT LOG,State Representative,62,D,LADAWN JONES,263,12,90,161,0
Douglas,FACTORY SHOALS,State Representative,62,D,LADAWN JONES,1741,73,564,1104,0
Douglas,BOUNDARY WATERS,State Representative,62,D,LADAWN JONES,2015,52,637,1326,0
Douglas,,State Representative,65,D,S BEASLEY-TEAGUE (I),2654,87,887,1680,0
Douglas,HOLLY SPRINGS,State Representative,65,D,S BEASLEY-TEAGUE (I),2654,87,887,1680,0
Douglas,,State Representative,66,R,B. SNELLING,7362,434,2712,4216,0
Douglas,GOLDEN METHODIST CH,State Representative,66,R,B. SNELLING,406,17,170,219,0
Douglas,DOUGLASVILLE,State Representative,66,R,B. SNELLING,1183,79,316,788,0
Douglas,STEWART,State Representative,66,R,B. SNELLING,228,11,84,133,0
Douglas,ARBOR STATION,State Representative,66,R,B. SNELLING,794,46,351,397,0
Douglas,CHAPEL HILL,State Representative,66,R,B. SNELLING,932,56,362,514,0
Douglas,CHESTNUT LOG,State Representative,66,R,B. SNELLING,528,25,203,300,0
Douglas,ST JULIANS EPISCOPAL,State Representative,66,R,B. SNELLING,905,50,442,413,0
Douglas,LUTHERAN CHURCH - GS,State Representative,66,R,B. SNELLING,1465,89,502,874,0
Douglas,FIRST BAPTIST CHURCH,State Representative,66,R,B. SNELLING,921,61,282,578,0
Douglas,,State Representative,66,D,K. ALEXANDER,9687,289,3785,5611,2
Douglas,GOLDEN METHODIST CH,State Representative,66,D,K. ALEXANDER,1947,33,844,1070,0
Douglas,DOUGLASVILLE,State Representative,66,D,K. ALEXANDER,1386,37,514,834,1
Douglas,STEWART,State Representative,66,D,K. ALEXANDER,1389,39,578,771,1
Douglas,ARBOR STATION,State Representative,66,D,K. ALEXANDER,791,30,316,445,0
Douglas,CHAPEL HILL,State Representative,66,D,K. ALEXANDER,1301,45,436,820,0
Douglas,CHESTNUT LOG,State Representative,66,D,K. ALEXANDER,1013,21,370,622,0
Douglas,ST JULIANS EPISCOPAL,State Representative,66,D,K. ALEXANDER,410,13,215,182,0
Douglas,LUTHERAN CHURCH - GS,State Representative,66,D,K. ALEXANDER,1011,45,361,605,0
Douglas,FIRST BAPTIST CHURCH,State Representative,66,D,K. ALEXANDER,439,26,151,262,0
Douglas,,State Representative,67,R,MICAH GRAVLEY,8561,446,3421,4693,1
Douglas,MIRROR LAKE ELEMENTA,State Representative,67,R,MICAH GRAVLEY,1704,81,813,810,0
Douglas,WINSTON,State Representative,67,R,MICAH GRAVLEY,434,15,178,241,0
Douglas,EPHESUS BAPTIST CHUR,State Representative,67,R,MICAH GRAVLEY,2020,100,836,1084,0
Douglas,BILL ARP,State Representative,67,R,MICAH GRAVLEY,2129,135,611,1383,0
Douglas,BRIGHT STAR,State Representative,67,R,MICAH GRAVLEY,906,39,411,456,0
Douglas,DORSETT SHOALS,State Representative,67,R,MICAH GRAVLEY,1368,76,572,719,1
Douglas,,State Representative,67,D,LEIGH MCMUTRY,4782,145,2070,2567,0
Douglas,MIRROR LAKE ELEMENTA,State Representative,67,D,LEIGH MCMUTRY,1505,41,684,780,0
Douglas,WINSTON,State Representative,67,D,LEIGH MCMUTRY,548,9,266,273,0
Douglas,EPHESUS BAPTIST CHUR,State Representative,67,D,LEIGH MCMUTRY,483,16,180,287,0
Douglas,BILL ARP,State Representative,67,D,LEIGH MCMUTRY,1027,32,394,601,0
Douglas,BRIGHT STAR,State Representative,67,D,LEIGH MCMUTRY,543,10,261,272,0
Douglas,DORSETT SHOALS,State Representative,67,D,LEIGH MCMUTRY,676,37,285,354,0
Douglas,,State Representative,68,R,D. HIGHTOWER (I),2398,100,763,1535,0
Douglas,FAIRPLAY M S,State Representative,68,R,D. HIGHTOWER (I),2398,100,763,1535,0
Douglas,,JUDGE PROBATE,,R,HAL E. HAMRICK (I),39539,1773,15347,22410,9
Douglas,MIRROR LAKE ELEMENTA,JUDGE PROBATE,,R,HAL E. HAMRICK (I),2505,100,1213,1192,0
Douglas,WINSTON,JUDGE PROBATE,,R,HAL E. HAMRICK (I),743,19,341,381,2
Douglas,FAIRPLAY M S,JUDGE PROBATE,,R,HAL E. HAMRICK (I),2477,100,787,1590,0
Douglas,COLONIAL HILLS,JUDGE PROBATE,,R,HAL E. HAMRICK (I),950,22,521,406,1
Douglas,EPHESUS BAPTIST CHUR,JUDGE PROBATE,,R,HAL E. HAMRICK (I),2306,107,960,1239,0
Douglas,BILL ARP,JUDGE PROBATE,,R,HAL E. HAMRICK (I),2731,155,859,1717,0
Douglas,TURNER,JUDGE PROBATE,,R,HAL E. HAMRICK (I),1529,71,690,768,0
Douglas,ANNETTE WINN SCHOOL,JUDGE PROBATE,,R,HAL E. HAMRICK (I),820,60,329,431,0
Douglas,LITHIA HIGH SCHOOL,JUDGE PROBATE,,R,HAL E. HAMRICK (I),1934,82,743,1108,1
Douglas,DEER LICK,JUDGE PROBATE,,R,HAL E. HAMRICK (I),1215,32,427,756,0
Douglas,GOLDEN METHODIST CH,JUDGE PROBATE,,R,HAL E. HAMRICK (I),1292,29,543,720,0
Douglas,DOUGLASVILLE,JUDGE PROBATE,,R,HAL E. HAMRICK (I),1838,84,565,1188,1
Douglas,BEULAH,JUDGE PROBATE,,R,HAL E. HAMRICK (I),1574,89,692,793,0
Douglas,STEWART,JUDGE PROBATE,,R,HAL E. HAMRICK (I),891,29,360,502,0
Douglas,ARBOR STATION,JUDGE PROBATE,,R,HAL E. HAMRICK (I),1185,64,524,597,0
Douglas,BRIGHT STAR,JUDGE PROBATE,,R,HAL E. HAMRICK (I),1233,43,591,599,0
Douglas,DORSETT SHOALS,JUDGE PROBATE,,R,HAL E. HAMRICK (I),1771,100,744,926,1
Douglas,CHAPEL HILL,JUDGE PROBATE,,R,HAL E. HAMRICK (I),1568,81,575,912,0
Douglas,HOLLY SPRINGS,JUDGE PROBATE,,R,HAL E. HAMRICK (I),2560,128,874,1557,1
Douglas,CHESTNUT LOG,JUDGE PROBATE,,R,HAL E. HAMRICK (I),1312,50,470,792,0
Douglas,ST JULIANS EPISCOPAL,JUDGE PROBATE,,R,HAL E. HAMRICK (I),1069,51,537,480,1
Douglas,LUTHERAN CHURCH - GS,JUDGE PROBATE,,R,HAL E. HAMRICK (I),1954,103,696,1155,0
Douglas,FIRST BAPTIST CHURCH,JUDGE PROBATE,,R,HAL E. HAMRICK (I),1127,67,360,700,0
Douglas,FACTORY SHOALS,JUDGE PROBATE,,R,HAL E. HAMRICK (I),1626,67,526,1033,0
Douglas,BOUNDARY WATERS,JUDGE PROBATE,,R,HAL E. HAMRICK (I),1329,40,420,868,1
Douglas,,CLERK SUPERIOR CT,,R,RHONDA G. PAYNE (I),39336,1760,15263,22304,9
Douglas,MIRROR LAKE ELEMENTA,CLERK SUPERIOR CT,,R,RHONDA G. PAYNE (I),2490,99,1209,1182,0
Douglas,WINSTON,CLERK SUPERIOR CT,,R,RHONDA G. PAYNE (I),737,23,336,376,2
Douglas,FAIRPLAY M S,CLERK SUPERIOR CT,,R,RHONDA G. PAYNE (I),2466,99,783,1584,0
Douglas,COLONIAL HILLS,CLERK SUPERIOR CT,,R,RHONDA G. PAYNE (I),961,22,526,412,1
Douglas,EPHESUS BAPTIST CHUR,CLERK SUPERIOR CT,,R,RHONDA G. PAYNE (I),2289,104,950,1235,0
Douglas,BILL ARP,CLERK SUPERIOR CT,,R,RHONDA G. PAYNE (I),2709,153,852,1704,0
Douglas,TURNER,CLERK SUPERIOR CT,,R,RHONDA G. PAYNE (I),1533,72,684,777,0
Douglas,ANNETTE WINN SCHOOL,CLERK SUPERIOR CT,,R,RHONDA G. PAYNE (I),809,60,328,421,0
Douglas,LITHIA HIGH SCHOOL,CLERK SUPERIOR CT,,R,RHONDA G. PAYNE (I),1933,85,738,1109,1
Douglas,DEER LICK,CLERK SUPERIOR CT,,R,RHONDA G. PAYNE (I),1196,31,419,746,0
Douglas,GOLDEN METHODIST CH,CLERK SUPERIOR CT,,R,RHONDA G. PAYNE (I),1269,31,533,705,0
Douglas,DOUGLASVILLE,CLERK SUPERIOR CT,,R,RHONDA G. PAYNE (I),1837,85,581,1170,1
Douglas,BEULAH,CLERK SUPERIOR CT,,R,RHONDA G. PAYNE (I),1551,89,679,783,0
Douglas,STEWART,CLERK SUPERIOR CT,,R,RHONDA G. PAYNE (I),909,29,369,511,0
Douglas,ARBOR STATION,CLERK SUPERIOR CT,,R,RHONDA G. PAYNE (I),1166,64,510,592,0
Douglas,BRIGHT STAR,CLERK SUPERIOR CT,,R,RHONDA G. PAYNE (I),1213,40,575,598,0
Douglas,DORSETT SHOALS,CLERK SUPERIOR CT,,R,RHONDA G. PAYNE (I),1759,98,748,912,1
Douglas,CHAPEL HILL,CLERK SUPERIOR CT,,R,RHONDA G. PAYNE (I),1563,78,568,917,0
Douglas,HOLLY SPRINGS,CLERK SUPERIOR CT,,R,RHONDA G. PAYNE (I),2564,126,868,1569,1
Douglas,CHESTNUT LOG,CLERK SUPERIOR CT,,R,RHONDA G. PAYNE (I),1322,49,475,798,0
Douglas,ST JULIANS EPISCOPAL,CLERK SUPERIOR CT,,R,RHONDA G. PAYNE (I),1075,50,542,482,1
Douglas,LUTHERAN CHURCH - GS,CLERK SUPERIOR CT,,R,RHONDA G. PAYNE (I),1931,101,694,1136,0
Douglas,FIRST BAPTIST CHURCH,CLERK SUPERIOR CT,,R,RHONDA G. PAYNE (I),1090,66,352,672,0
Douglas,FACTORY SHOALS,CLERK SUPERIOR CT,,R,RHONDA G. PAYNE (I),1636,65,528,1043,0
Douglas,BOUNDARY WATERS,CLERK SUPERIOR CT,,R,RHONDA G. PAYNE (I),1328,41,416,870,1
Douglas,,SHERIFF,,R,PHIL MILLER (I),30047,1605,11360,17075,7
Douglas,MIRROR LAKE ELEMENTA,SHERIFF,,R,PHIL MILLER (I),1951,84,935,932,0
Douglas,WINSTON,SHERIFF,,R,PHIL MILLER (I),560,20,230,308,2
Douglas,FAIRPLAY M S,SHERIFF,,R,PHIL MILLER (I),2380,102,759,1519,0
Douglas,COLONIAL HILLS,SHERIFF,,R,PHIL MILLER (I),266,15,129,122,0
Douglas,EPHESUS BAPTIST CHUR,SHERIFF,,R,PHIL MILLER (I),2217,105,912,1200,0
Douglas,BILL ARP,SHERIFF,,R,PHIL MILLER (I),2474,153,730,1590,1
Douglas,TURNER,SHERIFF,,R,PHIL MILLER (I),1208,70,521,617,0
Douglas,ANNETTE WINN SCHOOL,SHERIFF,,R,PHIL MILLER (I),741,66,293,382,0
Douglas,LITHIA HIGH SCHOOL,SHERIFF,,R,PHIL MILLER (I),941,56,345,540,0
Douglas,DEER LICK,SHERIFF,,R,PHIL MILLER (I),970,28,343,599,0
Douglas,GOLDEN METHODIST CH,SHERIFF,,R,PHIL MILLER (I),589,19,261,309,0
Douglas,DOUGLASVILLE,SHERIFF,,R,PHIL MILLER (I),1345,87,370,887,1
Douglas,BEULAH,SHERIFF,,R,PHIL MILLER (I),1374,90,577,707,0
Douglas,STEWART,SHERIFF,,R,PHIL MILLER (I),344,17,136,191,0
Douglas,ARBOR STATION,SHERIFF,,R,PHIL MILLER (I),885,49,393,443,0
Douglas,BRIGHT STAR,SHERIFF,,R,PHIL MILLER (I),1085,44,497,544,0
Douglas,DORSETT SHOALS,SHERIFF,,R,PHIL MILLER (I),1582,89,670,822,1
Douglas,CHAPEL HILL,SHERIFF,,R,PHIL MILLER (I),1073,65,417,591,0
Douglas,HOLLY SPRINGS,SHERIFF,,R,PHIL MILLER (I),1847,108,621,1117,1
Douglas,CHESTNUT LOG,SHERIFF,,R,PHIL MILLER (I),894,47,323,524,0
Douglas,ST JULIANS EPISCOPAL,SHERIFF,,R,PHIL MILLER (I),975,55,476,443,1
Douglas,LUTHERAN CHURCH - GS,SHERIFF,,R,PHIL MILLER (I),1609,94,553,962,0
Douglas,FIRST BAPTIST CHURCH,SHERIFF,,R,PHIL MILLER (I),1005,65,316,624,0
Douglas,FACTORY SHOALS,SHERIFF,,R,PHIL MILLER (I),1134,55,370,709,0
Douglas,BOUNDARY WATERS,SHERIFF,,R,PHIL MILLER (I),598,22,183,393,0
Douglas,,SHERIFF,,D,D. BROUGHTON,24026,661,9342,14018,5
Douglas,MIRROR LAKE ELEMENTA,SHERIFF,,D,D. BROUGHTON,1320,40,603,677,0
Douglas,WINSTON,SHERIFF,,D,D. BROUGHTON,453,6,221,226,0
Douglas,FAIRPLAY M S,SHERIFF,,D,D. BROUGHTON,440,20,125,295,0
Douglas,COLONIAL HILLS,SHERIFF,,D,D. BROUGHTON,1458,20,771,665,2
Douglas,EPHESUS BAPTIST CHUR,SHERIFF,,D,D. BROUGHTON,368,14,145,209,0
Douglas,BILL ARP,SHERIFF,,D,D. BROUGHTON,791,23,311,457,0
Douglas,TURNER,SHERIFF,,D,D. BROUGHTON,908,21,413,474,0
Douglas,ANNETTE WINN SCHOOL,SHERIFF,,D,D. BROUGHTON,320,13,139,168,0
Douglas,LITHIA HIGH SCHOOL,SHERIFF,,D,D. BROUGHTON,2257,64,808,1384,1
Douglas,DEER LICK,SHERIFF,,D,D. BROUGHTON,645,8,236,401,0
Douglas,GOLDEN METHODIST CH,SHERIFF,,D,D. BROUGHTON,1790,32,763,995,0
Douglas,DOUGLASVILLE,SHERIFF,,D,D. BROUGHTON,1250,29,465,756,0
Douglas,BEULAH,SHERIFF,,D,D. BROUGHTON,624,16,282,326,0
Douglas,STEWART,SHERIFF,,D,D. BROUGHTON,1284,33,530,720,1
Douglas,ARBOR STATION,SHERIFF,,D,D. BROUGHTON,709,28,274,407,0
Douglas,BRIGHT STAR,SHERIFF,,D,D. BROUGHTON,422,9,201,212,0
Douglas,DORSETT SHOALS,SHERIFF,,D,D. BROUGHTON,524,31,213,280,0
Douglas,CHAPEL HILL,SHERIFF,,D,D. BROUGHTON,1170,40,380,750,0
Douglas,HOLLY SPRINGS,SHERIFF,,D,D. BROUGHTON,1753,43,555,1155,0
Douglas,CHESTNUT LOG,SHERIFF,,D,D. BROUGHTON,1072,18,392,662,0
Douglas,ST JULIANS EPISCOPAL,SHERIFF,,D,D. BROUGHTON,349,8,180,161,0
Douglas,LUTHERAN CHURCH - GS,SHERIFF,,D,D. BROUGHTON,896,39,322,535,0
Douglas,FIRST BAPTIST CHURCH,SHERIFF,,D,D. BROUGHTON,364,22,118,224,0
Douglas,FACTORY SHOALS,SHERIFF,,D,D. BROUGHTON,1156,38,375,743,0
Douglas,BOUNDARY WATERS,SHERIFF,,D,D. BROUGHTON,1703,46,520,1136,1
Douglas,,TAX COMMISSIONER,,R,TODD COWAN (I),27531,1494,10258,15774,5
Douglas,MIRROR LAKE ELEMENTA,TAX COMMISSIONER,,R,TODD COWAN (I),1833,82,883,868,0
Douglas,WINSTON,TAX COMMISSIONER,,R,TODD COWAN (I),483,16,208,257,2
Douglas,FAIRPLAY M S,TAX COMMISSIONER,,R,TODD COWAN (I),2283,100,714,1469,0
Douglas,COLONIAL HILLS,TAX COMMISSIONER,,R,TODD COWAN (I),245,15,125,105,0
Douglas,EPHESUS BAPTIST CHUR,TAX COMMISSIONER,,R,TODD COWAN (I),2156,103,889,1164,0
Douglas,BILL ARP,TAX COMMISSIONER,,R,TODD COWAN (I),2295,144,665,1486,0
Douglas,TURNER,TAX COMMISSIONER,,R,TODD COWAN (I),1138,63,491,584,0
Douglas,ANNETTE WINN SCHOOL,TAX COMMISSIONER,,R,TODD COWAN (I),690,56,261,373,0
Douglas,LITHIA HIGH SCHOOL,TAX COMMISSIONER,,R,TODD COWAN (I),804,49,289,466,0
Douglas,DEER LICK,TAX COMMISSIONER,,R,TODD COWAN (I),855,23,296,536,0
Douglas,GOLDEN METHODIST CH,TAX COMMISSIONER,,R,TODD COWAN (I),448,18,183,247,0
Douglas,DOUGLASVILLE,TAX COMMISSIONER,,R,TODD COWAN (I),1205,80,310,815,0
Douglas,BEULAH,TAX COMMISSIONER,,R,TODD COWAN (I),1269,86,531,652,0
Douglas,STEWART,TAX COMMISSIONER,,R,TODD COWAN (I),259,13,94,152,0
Douglas,ARBOR STATION,TAX COMMISSIONER,,R,TODD COWAN (I),798,48,357,393,0
Douglas,BRIGHT STAR,TAX COMMISSIONER,,R,TODD COWAN (I),982,36,441,505,0
Douglas,DORSETT SHOALS,TAX COMMISSIONER,,R,TODD COWAN (I),1462,86,593,782,1
Douglas,CHAPEL HILL,TAX COMMISSIONER,,R,TODD COWAN (I),976,57,366,553,0
Douglas,HOLLY SPRINGS,TAX COMMISSIONER,,R,TODD COWAN (I),1703,109,558,1035,1
Douglas,CHESTNUT LOG,TAX COMMISSIONER,,R,TODD COWAN (I),806,43,287,476,0
Douglas,ST JULIANS EPISCOPAL,TAX COMMISSIONER,,R,TODD COWAN (I),912,50,447,414,1
Douglas,LUTHERAN CHURCH - GS,TAX COMMISSIONER,,R,TODD COWAN (I),1534,92,528,914,0
Douglas,FIRST BAPTIST CHURCH,TAX COMMISSIONER,,R,TODD COWAN (I),926,60,286,580,0
Douglas,FACTORY SHOALS,TAX COMMISSIONER,,R,TODD COWAN (I),970,44,315,611,0
Douglas,BOUNDARY WATERS,TAX COMMISSIONER,,R,TODD COWAN (I),499,21,141,337,0
Douglas,,TAX COMMISSIONER,,D,GREG BAKER,25625,731,10030,14858,6
Douglas,MIRROR LAKE ELEMENTA,TAX COMMISSIONER,,D,GREG BAKER,1400,43,635,722,0
Douglas,WINSTON,TAX COMMISSIONER,,D,GREG BAKER,508,9,237,262,0
Douglas,FAIRPLAY M S,TAX COMMISSIONER,,D,GREG BAKER,486,21,150,315,0
Douglas,COLONIAL HILLS,TAX COMMISSIONER,,D,GREG BAKER,1457,21,768,666,2
Douglas,EPHESUS BAPTIST CHUR,TAX COMMISSIONER,,D,GREG BAKER,389,14,150,225,0
Douglas,BILL ARP,TAX COMMISSIONER,,D,GREG BAKER,898,27,347,524,0
Douglas,TURNER,TAX COMMISSIONER,,D,GREG BAKER,937,26,423,488,0
Douglas,ANNETTE WINN SCHOOL,TAX COMMISSIONER,,D,GREG BAKER,346,22,149,175,0
Douglas,LITHIA HIGH SCHOOL,TAX COMMISSIONER,,D,GREG BAKER,2350,68,850,1431,1
Douglas,DEER LICK,TAX COMMISSIONER,,D,GREG BAKER,714,13,260,441,0
Douglas,GOLDEN METHODIST CH,TAX COMMISSIONER,,D,GREG BAKER,1889,31,819,1039,0
Douglas,DOUGLASVILLE,TAX COMMISSIONER,,D,GREG BAKER,1346,35,508,802,1
Douglas,BEULAH,TAX COMMISSIONER,,D,GREG BAKER,683,17,306,360,0
Douglas,STEWART,TAX COMMISSIONER,,D,GREG BAKER,1330,36,556,737,1
Douglas,ARBOR STATION,TAX COMMISSIONER,,D,GREG BAKER,762,28,294,440,0
Douglas,BRIGHT STAR,TAX COMMISSIONER,,D,GREG BAKER,487,12,240,235,0
Douglas,DORSETT SHOALS,TAX COMMISSIONER,,D,GREG BAKER,600,32,262,306,0
Douglas,CHAPEL HILL,TAX COMMISSIONER,,D,GREG BAKER,1237,44,419,774,0
Douglas,HOLLY SPRINGS,TAX COMMISSIONER,,D,GREG BAKER,1859,43,605,1211,0
Douglas,CHESTNUT LOG,TAX COMMISSIONER,,D,GREG BAKER,1129,21,413,695,0
Douglas,ST JULIANS EPISCOPAL,TAX COMMISSIONER,,D,GREG BAKER,380,12,195,173,0
Douglas,LUTHERAN CHURCH - GS,TAX COMMISSIONER,,D,GREG BAKER,936,40,334,562,0
Douglas,FIRST BAPTIST CHURCH,TAX COMMISSIONER,,D,GREG BAKER,421,25,139,257,0
Douglas,FACTORY SHOALS,TAX COMMISSIONER,,D,GREG BAKER,1293,46,412,835,0
Douglas,BOUNDARY WATERS,TAX COMMISSIONER,,D,GREG BAKER,1788,45,559,1183,1
Douglas,,CORONER,,R,RANDY DANIEL (I),39635,1792,15340,22494,9
Douglas,MIRROR LAKE ELEMENTA,CORONER,,R,RANDY DANIEL (I),2516,98,1218,1200,0
Douglas,WINSTON,CORONER,,R,RANDY DANIEL (I),757,23,342,390,2
Douglas,FAIRPLAY M S,CORONER,,R,RANDY DANIEL (I),2490,106,792,1592,0
Douglas,COLONIAL HILLS,CORONER,,R,RANDY DANIEL (I),949,22,519,407,1
Douglas,EPHESUS BAPTIST CHUR,CORONER,,R,RANDY DANIEL (I),2302,107,958,1237,0
Douglas,BILL ARP,CORONER,,R,RANDY DANIEL (I),2711,155,846,1710,0
Douglas,TURNER,CORONER,,R,RANDY DANIEL (I),1537,73,688,776,0
Douglas,ANNETTE WINN SCHOOL,CORONER,,R,RANDY DANIEL (I),824,61,334,429,0
Douglas,LITHIA HIGH SCHOOL,CORONER,,R,RANDY DANIEL (I),1945,86,751,1107,1
Douglas,DEER LICK,CORONER,,R,RANDY DANIEL (I),1208,31,424,753,0
Douglas,GOLDEN METHODIST CH,CORONER,,R,RANDY DANIEL (I),1300,28,543,729,0
Douglas,DOUGLASVILLE,CORONER,,R,RANDY DANIEL (I),1851,83,576,1191,1
Douglas,BEULAH,CORONER,,R,RANDY DANIEL (I),1573,90,678,805,0
Douglas,STEWART,CORONER,,R,RANDY DANIEL (I),912,29,363,520,0
Douglas,ARBOR STATION,CORONER,,R,RANDY DANIEL (I),1171,64,503,604,0
Douglas,BRIGHT STAR,CORONER,,R,RANDY DANIEL (I),1218,48,579,591,0
Douglas,DORSETT SHOALS,CORONER,,R,RANDY DANIEL (I),1787,103,759,924,1
Douglas,CHAPEL HILL,CORONER,,R,RANDY DANIEL (I),1561,78,569,914,0
Douglas,HOLLY SPRINGS,CORONER,,R,RANDY DANIEL (I),2578,126,868,1583,1
Douglas,CHESTNUT LOG,CORONER,,R,RANDY DANIEL (I),1331,52,478,801,0
Douglas,ST JULIANS EPISCOPAL,CORONER,,R,RANDY DANIEL (I),1092,51,551,489,1
Douglas,LUTHERAN CHURCH - GS,CORONER,,R,RANDY DANIEL (I),1947,103,702,1142,0
Douglas,FIRST BAPTIST CHURCH,CORONER,,R,RANDY DANIEL (I),1110,68,355,687,0
Douglas,FACTORY SHOALS,CORONER,,R,RANDY DANIEL (I),1634,66,527,1041,0
Douglas,BOUNDARY WATERS,CORONER,,R,RANDY DANIEL (I),1331,41,417,872,1
Douglas,,CHAIR COMMISSIONER,,R,TOM WORTHAN (I),27583,1517,10292,15771,3
Douglas,MIRROR LAKE ELEMENTA,CHAIR COMMISSIONER,,R,TOM WORTHAN (I),1844,81,896,867,0
Douglas,WINSTON,CHAIR COMMISSIONER,,R,TOM WORTHAN (I),475,17,201,256,1
Douglas,FAIRPLAY M S,CHAIR COMMISSIONER,,R,TOM WORTHAN (I),2280,101,717,1462,0
Douglas,COLONIAL HILLS,CHAIR COMMISSIONER,,R,TOM WORTHAN (I),220,14,107,99,0
Douglas,EPHESUS BAPTIST CHUR,CHAIR COMMISSIONER,,R,TOM WORTHAN (I),2140,104,886,1150,0
Douglas,BILL ARP,CHAIR COMMISSIONER,,R,TOM WORTHAN (I),2325,146,683,1496,0
Douglas,TURNER,CHAIR COMMISSIONER,,R,TOM WORTHAN (I),1150,65,496,589,0
Douglas,ANNETTE WINN SCHOOL,CHAIR COMMISSIONER,,R,TOM WORTHAN (I),695,58,259,378,0
Douglas,LITHIA HIGH SCHOOL,CHAIR COMMISSIONER,,R,TOM WORTHAN (I),809,52,294,463,0
Douglas,DEER LICK,CHAIR COMMISSIONER,,R,TOM WORTHAN (I),864,26,304,534,0
Douglas,GOLDEN METHODIST CH,CHAIR COMMISSIONER,,R,TOM WORTHAN (I),443,19,186,238,0
Douglas,DOUGLASVILLE,CHAIR COMMISSIONER,,R,TOM WORTHAN (I),1227,78,314,835,0
Douglas,BEULAH,CHAIR COMMISSIONER,,R,TOM WORTHAN (I),1281,84,540,657,0
Douglas,STEWART,CHAIR COMMISSIONER,,R,TOM WORTHAN (I),259,15,93,151,0
Douglas,ARBOR STATION,CHAIR COMMISSIONER,,R,TOM WORTHAN (I),793,47,347,399,0
Douglas,BRIGHT STAR,CHAIR COMMISSIONER,,R,TOM WORTHAN (I),999,39,450,510,0
Douglas,DORSETT SHOALS,CHAIR COMMISSIONER,,R,TOM WORTHAN (I),1484,81,611,791,1
Douglas,CHAPEL HILL,CHAIR COMMISSIONER,,R,TOM WORTHAN (I),959,61,363,535,0
Douglas,HOLLY SPRINGS,CHAIR COMMISSIONER,,R,TOM WORTHAN (I),1681,105,557,1018,1
Douglas,CHESTNUT LOG,CHAIR COMMISSIONER,,R,TOM WORTHAN (I),821,46,298,477,0
Douglas,ST JULIANS EPISCOPAL,CHAIR COMMISSIONER,,R,TOM WORTHAN (I),936,55,446,435,0
Douglas,LUTHERAN CHURCH - GS,CHAIR COMMISSIONER,,R,TOM WORTHAN (I),1518,92,519,907,0
Douglas,FIRST BAPTIST CHURCH,CHAIR COMMISSIONER,,R,TOM WORTHAN (I),939,61,286,592,0
Douglas,FACTORY SHOALS,CHAIR COMMISSIONER,,R,TOM WORTHAN (I),978,48,312,618,0
Douglas,BOUNDARY WATERS,CHAIR COMMISSIONER,,R,TOM WORTHAN (I),463,22,127,314,0
Douglas,,CHAIR COMMISSIONER,,D,ROMONA J. JONES,25830,727,10051,15044,8
Douglas,MIRROR LAKE ELEMENTA,CHAIR COMMISSIONER,,D,ROMONA J. JONES,1395,44,620,731,0
Douglas,WINSTON,CHAIR COMMISSIONER,,D,ROMONA J. JONES,521,8,248,264,1
Douglas,FAIRPLAY M S,CHAIR COMMISSIONER,,D,ROMONA J. JONES,501,19,150,332,0
Douglas,COLONIAL HILLS,CHAIR COMMISSIONER,,D,ROMONA J. JONES,1486,21,786,677,2
Douglas,EPHESUS BAPTIST CHUR,CHAIR COMMISSIONER,,D,ROMONA J. JONES,410,14,148,248,0
Douglas,BILL ARP,CHAIR COMMISSIONER,,D,ROMONA J. JONES,892,26,340,526,0
Douglas,TURNER,CHAIR COMMISSIONER,,D,ROMONA J. JONES,929,25,415,489,0
Douglas,ANNETTE WINN SCHOOL,CHAIR COMMISSIONER,,D,ROMONA J. JONES,340,21,148,171,0
Douglas,LITHIA HIGH SCHOOL,CHAIR COMMISSIONER,,D,ROMONA J. JONES,2357,67,849,1440,1
Douglas,DEER LICK,CHAIR COMMISSIONER,,D,ROMONA J. JONES,722,10,261,451,0
Douglas,GOLDEN METHODIST CH,CHAIR COMMISSIONER,,D,ROMONA J. JONES,1914,32,822,1060,0
Douglas,DOUGLASVILLE,CHAIR COMMISSIONER,,D,ROMONA J. JONES,1334,37,505,791,1
Douglas,BEULAH,CHAIR COMMISSIONER,,D,ROMONA J. JONES,687,20,302,365,0
Douglas,STEWART,CHAIR COMMISSIONER,,D,ROMONA J. JONES,1355,34,566,754,1
Douglas,ARBOR STATION,CHAIR COMMISSIONER,,D,ROMONA J. JONES,784,30,309,445,0
Douglas,BRIGHT STAR,CHAIR COMMISSIONER,,D,ROMONA J. JONES,485,12,233,240,0
Douglas,DORSETT SHOALS,CHAIR COMMISSIONER,,D,ROMONA J. JONES,589,35,251,303,0
Douglas,CHAPEL HILL,CHAIR COMMISSIONER,,D,ROMONA J. JONES,1265,41,424,800,0
Douglas,HOLLY SPRINGS,CHAIR COMMISSIONER,,D,ROMONA J. JONES,1892,48,612,1232,0
Douglas,CHESTNUT LOG,CHAIR COMMISSIONER,,D,ROMONA J. JONES,1129,20,404,705,0
Douglas,ST JULIANS EPISCOPAL,CHAIR COMMISSIONER,,D,ROMONA J. JONES,370,9,196,164,1
Douglas,LUTHERAN CHURCH - GS,CHAIR COMMISSIONER,,D,ROMONA J. JONES,947,40,337,570,0
Douglas,FIRST BAPTIST CHURCH,CHAIR COMMISSIONER,,D,ROMONA J. JONES,411,26,138,247,0
Douglas,FACTORY SHOALS,CHAIR COMMISSIONER,,D,ROMONA J. JONES,1290,43,413,834,0
Douglas,BOUNDARY WATERS,CHAIR COMMISSIONER,,D,ROMONA J. JONES,1825,45,574,1205,1
Douglas,,CC D2,,D,KELLY ROBINSON (I),10760,303,4051,6403,3
Douglas,COLONIAL HILLS,CC D2,,D,KELLY ROBINSON (I),1575,24,838,711,2
Douglas,LITHIA HIGH SCHOOL,CC D2,,D,KELLY ROBINSON (I),2772,89,1016,1667,0
Douglas,DEER LICK,CC D2,,D,KELLY ROBINSON (I),1167,20,450,697,0
Douglas,CHESTNUT LOG,CC D2,,D,KELLY ROBINSON (I),1518,44,554,920,0
Douglas,FACTORY SHOALS,CC D2,,D,KELLY ROBINSON (I),1743,74,565,1104,0
Douglas,BOUNDARY WATERS,CC D2,,D,KELLY ROBINSON (I),1985,52,628,1304,1
Douglas,,BOE D1,,R,CAROL LINDSTROM,7326,306,2594,4425,1
Douglas,LITHIA HIGH SCHOOL,BOE D1,,R,CAROL LINDSTROM,558,30,202,326,0
Douglas,DEER LICK,BOE D1,,R,CAROL LINDSTROM,1189,28,419,742,0
Douglas,DOUGLASVILLE,BOE D1,,R,CAROL LINDSTROM,1770,78,550,1141,1
Douglas,BEULAH,BOE D1,,R,CAROL LINDSTROM,618,33,270,315,0
Douglas,STEWART,BOE D1,,R,CAROL LINDSTROM,110,7,57,46,0
Douglas,CHESTNUT LOG,BOE D1,,R,CAROL LINDSTROM,1331,51,479,801,0
Douglas,LUTHERAN CHURCH - GS,BOE D1,,R,CAROL LINDSTROM,305,8,134,163,0
Douglas,FIRST BAPTIST CHURCH,BOE D1,,R,CAROL LINDSTROM,1079,61,350,668,0
Douglas,FACTORY SHOALS,BOE D1,,R,CAROL LINDSTROM,366,10,133,223,0
Douglas,,BOE D5,,R,JEFF L. MORRIS (I),10194,507,3748,5939,0
Douglas,MIRROR LAKE ELEMENTA,BOE D5,,R,JEFF L. MORRIS (I),385,8,195,182,0
Douglas,WINSTON,BOE D5,,R,JEFF L. MORRIS (I),66,1,28,37,0
Douglas,FAIRPLAY M S,BOE D5,,R,JEFF L. MORRIS (I),2451,102,786,1563,0
Douglas,EPHESUS BAPTIST CHUR,BOE D5,,R,JEFF L. MORRIS (I),2271,104,948,1219,0
Douglas,BILL ARP,BOE D5,,R,JEFF L. MORRIS (I),2699,152,857,1690,0
Douglas,DORSETT SHOALS,BOE D5,,R,JEFF L. MORRIS (I),1745,96,741,908,0
Douglas,CHAPEL HILL,BOE D5,,R,JEFF L. MORRIS (I),87,8,25,54,0
Douglas,HOLLY SPRINGS,BOE D5,,R,JEFF L. MORRIS (I),309,32,80,197,0
Douglas,ST JULIANS EPISCOPAL,BOE D5,,R,JEFF L. MORRIS (I),176,4,87,85,0
Douglas,BOUNDARY WATERS,BOE D5,,R,JEFF L. MORRIS (I),5,0,1,4,0
Douglas,,SOIL AND WATER,,,TOMMY E. WALDROP (I),41527,1758,16000,23759,10
Douglas,MIRROR LAKE ELEMENTA,SOIL AND WATER,,,TOMMY E. WALDROP (I),2607,98,1258,1251,0
Douglas,WINSTON,SOIL AND WATER,,,TOMMY E. WALDROP (I),771,22,356,391,2
Douglas,FAIRPLAY M S,SOIL AND WATER,,,TOMMY E. WALDROP (I),2429,103,784,1542,0
Douglas,COLONIAL HILLS,SOIL AND WATER,,,TOMMY E. WALDROP (I),1216,24,642,548,2
Douglas,EPHESUS BAPTIST CHUR,SOIL AND WATER,,,TOMMY E. WALDROP (I),2274,93,944,1237,0
Douglas,BILL ARP,SOIL AND WATER,,,TOMMY E. WALDROP (I),2778,156,884,1738,0
Douglas,TURNER,SOIL AND WATER,,,TOMMY E. WALDROP (I),1585,69,712,804,0
Douglas,ANNETTE WINN SCHOOL,SOIL AND WATER,,,TOMMY E. WALDROP (I),808,62,328,418,0
Douglas,LITHIA HIGH SCHOOL,SOIL AND WATER,,,TOMMY E. WALDROP (I),2291,88,861,1341,1
Douglas,DEER LICK,SOIL AND WATER,,,TOMMY E. WALDROP (I),1232,24,440,768,0
Douglas,GOLDEN METHODIST CH,SOIL AND WATER,,,TOMMY E. WALDROP (I),1446,33,601,812,0
Douglas,DOUGLASVILLE,SOIL AND WATER,,,TOMMY E. WALDROP (I),1967,82,618,1266,1
Douglas,BEULAH,SOIL AND WATER,,,TOMMY E. WALDROP (I),1565,90,677,798,0
Douglas,STEWART,SOIL AND WATER,,,TOMMY E. WALDROP (I),1054,30,430,594,0
Douglas,ARBOR STATION,SOIL AND WATER,,,TOMMY E. WALDROP (I),1196,65,509,622,0
Douglas,BRIGHT STAR,SOIL AND WATER,,,TOMMY E. WALDROP (I),1243,45,578,620,0
Douglas,DORSETT SHOALS,SOIL AND WATER,,,TOMMY E. WALDROP (I),1789,98,756,934,1
Douglas,CHAPEL HILL,SOIL AND WATER,,,TOMMY E. WALDROP (I),1645,76,582,987,0
Douglas,HOLLY SPRINGS,SOIL AND WATER,,,TOMMY E. WALDROP (I),2649,120,870,1658,1
Douglas,CHESTNUT LOG,SOIL AND WATER,,,TOMMY E. WALDROP (I),1472,51,531,890,0
Douglas,ST JULIANS EPISCOPAL,SOIL AND WATER,,,TOMMY E. WALDROP (I),1073,49,531,492,1
Douglas,LUTHERAN CHURCH - GS,SOIL AND WATER,,,TOMMY E. WALDROP (I),1929,100,682,1147,0
Douglas,FIRST BAPTIST CHURCH,SOIL AND WATER,,,TOMMY E. WALDROP (I),1110,66,350,694,0
Douglas,FACTORY SHOALS,SOIL AND WATER,,,TOMMY E. WALDROP (I),1770,72,568,1130,0
Douglas,BOUNDARY WATERS,SOIL AND WATER,,,TOMMY E. WALDROP (I),1628,42,508,1077,1
Douglas,,Constitutional Amendment #1<br>Shall the Constitution be amended to allow state or local approval of public charter schools upon the request of local communities?,,,YES,35832,1469,13598,20757,8
Douglas,MIRROR LAKE ELEMENTA,Constitutional Amendment #1<br>Shall the Constitution be amended to allow state or local approval of public charter schools upon the request of local communities?,,,YES,2083,80,971,1032,0
Douglas,WINSTON,Constitutional Amendment #1<br>Shall the Constitution be amended to allow state or local approval of public charter schools upon the request of local communities?,,,YES,649,12,276,359,2
Douglas,FAIRPLAY M S,Constitutional Amendment #1<br>Shall the Constitution be amended to allow state or local approval of public charter schools upon the request of local communities?,,,YES,1726,76,527,1123,0
Douglas,COLONIAL HILLS,Constitutional Amendment #1<br>Shall the Constitution be amended to allow state or local approval of public charter schools upon the request of local communities?,,,YES,1307,30,674,601,2
Douglas,EPHESUS BAPTIST CHUR,Constitutional Amendment #1<br>Shall the Constitution be amended to allow state or local approval of public charter schools upon the request of local communities?,,,YES,1462,72,581,809,0
Douglas,BILL ARP,Constitutional Amendment #1<br>Shall the Constitution be amended to allow state or local approval of public charter schools upon the request of local communities?,,,YES,2109,116,682,1311,0
Douglas,TURNER,Constitutional Amendment #1<br>Shall the Constitution be amended to allow state or local approval of public charter schools upon the request of local communities?,,,YES,1413,58,620,735,0
Douglas,ANNETTE WINN SCHOOL,Constitutional Amendment #1<br>Shall the Constitution be amended to allow state or local approval of public charter schools upon the request of local communities?,,,YES,643,52,265,326,0
Douglas,LITHIA HIGH SCHOOL,Constitutional Amendment #1<br>Shall the Constitution be amended to allow state or local approval of public charter schools upon the request of local communities?,,,YES,2269,86,822,1360,1
Douglas,DEER LICK,Constitutional Amendment #1<br>Shall the Constitution be amended to allow state or local approval of public charter schools upon the request of local communities?,,,YES,1080,25,383,672,0
Douglas,GOLDEN METHODIST CH,Constitutional Amendment #1<br>Shall the Constitution be amended to allow state or local approval of public charter schools upon the request of local communities?,,,YES,1686,28,719,939,0
Douglas,DOUGLASVILLE,Constitutional Amendment #1<br>Shall the Constitution be amended to allow state or local approval of public charter schools upon the request of local communities?,,,YES,1766,77,574,1115,0
Douglas,BEULAH,Constitutional Amendment #1<br>Shall the Constitution be amended to allow state or local approval of public charter schools upon the request of local communities?,,,YES,1324,64,548,712,0
Douglas,STEWART,Constitutional Amendment #1<br>Shall the Constitution be amended to allow state or local approval of public charter schools upon the request of local communities?,,,YES,1164,33,483,648,0
Douglas,ARBOR STATION,Constitutional Amendment #1<br>Shall the Constitution be amended to allow state or local approval of public charter schools upon the request of local communities?,,,YES,1070,52,440,578,0
Douglas,BRIGHT STAR,Constitutional Amendment #1<br>Shall the Constitution be amended to allow state or local approval of public charter schools upon the request of local communities?,,,YES,989,25,456,508,0
Douglas,DORSETT SHOALS,Constitutional Amendment #1<br>Shall the Constitution be amended to allow state or local approval of public charter schools upon the request of local communities?,,,YES,1392,81,581,729,1
Douglas,CHAPEL HILL,Constitutional Amendment #1<br>Shall the Constitution be amended to allow state or local approval of public charter schools upon the request of local communities?,,,YES,1514,64,519,931,0
Douglas,HOLLY SPRINGS,Constitutional Amendment #1<br>Shall the Constitution be amended to allow state or local approval of public charter schools upon the request of local communities?,,,YES,2423,123,767,1533,0
Douglas,CHESTNUT LOG,Constitutional Amendment #1<br>Shall the Constitution be amended to allow state or local approval of public charter schools upon the request of local communities?,,,YES,1298,34,466,798,0
Douglas,ST JULIANS EPISCOPAL,Constitutional Amendment #1<br>Shall the Constitution be amended to allow state or local approval of public charter schools upon the request of local communities?,,,YES,828,39,405,383,1
Douglas,LUTHERAN CHURCH - GS,Constitutional Amendment #1<br>Shall the Constitution be amended to allow state or local approval of public charter schools upon the request of local communities?,,,YES,1582,85,535,962,0
Douglas,FIRST BAPTIST CHURCH,Constitutional Amendment #1<br>Shall the Constitution be amended to allow state or local approval of public charter schools upon the request of local communities?,,,YES,879,51,300,528,0
Douglas,FACTORY SHOALS,Constitutional Amendment #1<br>Shall the Constitution be amended to allow state or local approval of public charter schools upon the request of local communities?,,,YES,1526,56,506,964,0
Douglas,BOUNDARY WATERS,Constitutional Amendment #1<br>Shall the Constitution be amended to allow state or local approval of public charter schools upon the request of local communities?,,,YES,1650,50,498,1101,1
Douglas,,Constitutional Amendment #1<br>Shall the Constitution be amended to allow state or local approval of public charter schools upon the request of local communities?,,,NO,17618,708,6977,9930,3
Douglas,MIRROR LAKE ELEMENTA,Constitutional Amendment #1<br>Shall the Constitution be amended to allow state or local approval of public charter schools upon the request of local communities?,,,NO,1177,38,573,566,0
Douglas,WINSTON,Constitutional Amendment #1<br>Shall the Constitution be amended to allow state or local approval of public charter schools upon the request of local communities?,,,NO,348,13,172,163,0
Douglas,FAIRPLAY M S,Constitutional Amendment #1<br>Shall the Constitution be amended to allow state or local approval of public charter schools upon the request of local communities?,,,NO,1066,44,353,669,0
Douglas,COLONIAL HILLS,Constitutional Amendment #1<br>Shall the Constitution be amended to allow state or local approval of public charter schools upon the request of local communities?,,,NO,391,6,216,169,0
Douglas,EPHESUS BAPTIST CHUR,Constitutional Amendment #1<br>Shall the Constitution be amended to allow state or local approval of public charter schools upon the request of local communities?,,,NO,1086,47,464,575,0
Douglas,BILL ARP,Constitutional Amendment #1<br>Shall the Constitution be amended to allow state or local approval of public charter schools upon the request of local communities?,,,NO,1124,52,361,710,1
Douglas,TURNER,Constitutional Amendment #1<br>Shall the Constitution be amended to allow state or local approval of public charter schools upon the request of local communities?,,,NO,683,33,312,338,0
Douglas,ANNETTE WINN SCHOOL,Constitutional Amendment #1<br>Shall the Constitution be amended to allow state or local approval of public charter schools upon the request of local communities?,,,NO,406,26,154,226,0
Douglas,LITHIA HIGH SCHOOL,Constitutional Amendment #1<br>Shall the Constitution be amended to allow state or local approval of public charter schools upon the request of local communities?,,,NO,903,33,331,539,0
Douglas,DEER LICK,Constitutional Amendment #1<br>Shall the Constitution be amended to allow state or local approval of public charter schools upon the request of local communities?,,,NO,516,11,185,320,0
Douglas,GOLDEN METHODIST CH,Constitutional Amendment #1<br>Shall the Constitution be amended to allow state or local approval of public charter schools upon the request of local communities?,,,NO,662,22,293,347,0
Douglas,DOUGLASVILLE,Constitutional Amendment #1<br>Shall the Constitution be amended to allow state or local approval of public charter schools upon the request of local communities?,,,NO,771,31,257,482,1
Douglas,BEULAH,Constitutional Amendment #1<br>Shall the Constitution be amended to allow state or local approval of public charter schools upon the request of local communities?,,,NO,621,25,299,297,0
Douglas,STEWART,Constitutional Amendment #1<br>Shall the Constitution be amended to allow state or local approval of public charter schools upon the request of local communities?,,,NO,432,14,170,248,0
Douglas,ARBOR STATION,Constitutional Amendment #1<br>Shall the Constitution be amended to allow state or local approval of public charter schools upon the request of local communities?,,,NO,514,23,229,262,0
Douglas,BRIGHT STAR,Constitutional Amendment #1<br>Shall the Constitution be amended to allow state or local approval of public charter schools upon the request of local communities?,,,NO,502,25,241,236,0
Douglas,DORSETT SHOALS,Constitutional Amendment #1<br>Shall the Constitution be amended to allow state or local approval of public charter schools upon the request of local communities?,,,NO,684,36,293,355,0
Douglas,CHAPEL HILL,Constitutional Amendment #1<br>Shall the Constitution be amended to allow state or local approval of public charter schools upon the request of local communities?,,,NO,715,32,278,405,0
Douglas,HOLLY SPRINGS,Constitutional Amendment #1<br>Shall the Constitution be amended to allow state or local approval of public charter schools upon the request of local communities?,,,NO,1132,25,394,712,1
Douglas,CHESTNUT LOG,Constitutional Amendment #1<br>Shall the Constitution be amended to allow state or local approval of public charter schools upon the request of local communities?,,,NO,654,30,240,384,0
Douglas,ST JULIANS EPISCOPAL,Constitutional Amendment #1<br>Shall the Constitution be amended to allow state or local approval of public charter schools upon the request of local communities?,,,NO,477,19,250,208,0
Douglas,LUTHERAN CHURCH - GS,Constitutional Amendment #1<br>Shall the Constitution be amended to allow state or local approval of public charter schools upon the request of local communities?,,,NO,892,42,336,514,0
Douglas,FIRST BAPTIST CHURCH,Constitutional Amendment #1<br>Shall the Constitution be amended to allow state or local approval of public charter schools upon the request of local communities?,,,NO,480,32,139,309,0
Douglas,FACTORY SHOALS,Constitutional Amendment #1<br>Shall the Constitution be amended to allow state or local approval of public charter schools upon the request of local communities?,,,NO,761,35,234,492,0
Douglas,BOUNDARY WATERS,Constitutional Amendment #1<br>Shall the Constitution be amended to allow state or local approval of public charter schools upon the request of local communities?,,,NO,621,14,203,404,0
Douglas,,Constitutional Amendment #2<br>Shall the Constitution be amended so as to provide for a reduction in the state's operating costs by allowing the General Assembly to authorize certain state agencies to enter into multiyear rental agreements?,,,YES,32877,1398,12590,18883,6
Douglas,MIRROR LAKE ELEMENTA,Constitutional Amendment #2<br>Shall the Constitution be amended so as to provide for a reduction in the state's operating costs by allowing the General Assembly to authorize certain state agencies to enter into multiyear rental agreements?,,,YES,2013,72,945,996,0
Douglas,WINSTON,Constitutional Amendment #2<br>Shall the Constitution be amended so as to provide for a reduction in the state's operating costs by allowing the General Assembly to authorize certain state agencies to enter into multiyear rental agreements?,,,YES,595,14,276,303,2
Douglas,FAIRPLAY M S,Constitutional Amendment #2<br>Shall the Constitution be amended so as to provide for a reduction in the state's operating costs by allowing the General Assembly to authorize certain state agencies to enter into multiyear rental agreements?,,,YES,1680,78,515,1087,0
Douglas,COLONIAL HILLS,Constitutional Amendment #2<br>Shall the Constitution be amended so as to provide for a reduction in the state's operating costs by allowing the General Assembly to authorize certain state agencies to enter into multiyear rental agreements?,,,YES,1134,21,596,516,1
Douglas,EPHESUS BAPTIST CHUR,Constitutional Amendment #2<br>Shall the Constitution be amended so as to provide for a reduction in the state's operating costs by allowing the General Assembly to authorize certain state agencies to enter into multiyear rental agreements?,,,YES,1495,78,591,826,0
Douglas,BILL ARP,Constitutional Amendment #2<br>Shall the Constitution be amended so as to provide for a reduction in the state's operating costs by allowing the General Assembly to authorize certain state agencies to enter into multiyear rental agreements?,,,YES,1985,117,638,1230,0
Douglas,TURNER,Constitutional Amendment #2<br>Shall the Constitution be amended so as to provide for a reduction in the state's operating costs by allowing the General Assembly to authorize certain state agencies to enter into multiyear rental agreements?,,,YES,1230,58,548,624,0
Douglas,ANNETTE WINN SCHOOL,Constitutional Amendment #2<br>Shall the Constitution be amended so as to provide for a reduction in the state's operating costs by allowing the General Assembly to authorize certain state agencies to enter into multiyear rental agreements?,,,YES,615,47,250,318,0
Douglas,LITHIA HIGH SCHOOL,Constitutional Amendment #2<br>Shall the Constitution be amended so as to provide for a reduction in the state's operating costs by allowing the General Assembly to authorize certain state agencies to enter into multiyear rental agreements?,,,YES,1960,83,721,1156,0
Douglas,DEER LICK,Constitutional Amendment #2<br>Shall the Constitution be amended so as to provide for a reduction in the state's operating costs by allowing the General Assembly to authorize certain state agencies to enter into multiyear rental agreements?,,,YES,945,27,355,563,0
Douglas,GOLDEN METHODIST CH,Constitutional Amendment #2<br>Shall the Constitution be amended so as to provide for a reduction in the state's operating costs by allowing the General Assembly to authorize certain state agencies to enter into multiyear rental agreements?,,,YES,1434,29,607,798,0
Douglas,DOUGLASVILLE,Constitutional Amendment #2<br>Shall the Constitution be amended so as to provide for a reduction in the state's operating costs by allowing the General Assembly to authorize certain state agencies to enter into multiyear rental agreements?,,,YES,1591,63,552,976,0
Douglas,BEULAH,Constitutional Amendment #2<br>Shall the Constitution be amended so as to provide for a reduction in the state's operating costs by allowing the General Assembly to authorize certain state agencies to enter into multiyear rental agreements?,,,YES,1163,60,494,609,0
Douglas,STEWART,Constitutional Amendment #2<br>Shall the Constitution be amended so as to provide for a reduction in the state's operating costs by allowing the General Assembly to authorize certain state agencies to enter into multiyear rental agreements?,,,YES,1007,31,398,577,1
Douglas,ARBOR STATION,Constitutional Amendment #2<br>Shall the Constitution be amended so as to provide for a reduction in the state's operating costs by allowing the General Assembly to authorize certain state agencies to enter into multiyear rental agreements?,,,YES,1021,53,409,559,0
Douglas,BRIGHT STAR,Constitutional Amendment #2<br>Shall the Constitution be amended so as to provide for a reduction in the state's operating costs by allowing the General Assembly to authorize certain state agencies to enter into multiyear rental agreements?,,,YES,862,33,396,433,0
Douglas,DORSETT SHOALS,Constitutional Amendment #2<br>Shall the Constitution be amended so as to provide for a reduction in the state's operating costs by allowing the General Assembly to authorize certain state agencies to enter into multiyear rental agreements?,,,YES,1252,77,509,665,1
Douglas,CHAPEL HILL,Constitutional Amendment #2<br>Shall the Constitution be amended so as to provide for a reduction in the state's operating costs by allowing the General Assembly to authorize certain state agencies to enter into multiyear rental agreements?,,,YES,1426,63,518,845,0
Douglas,HOLLY SPRINGS,Constitutional Amendment #2<br>Shall the Constitution be amended so as to provide for a reduction in the state's operating costs by allowing the General Assembly to authorize certain state agencies to enter into multiyear rental agreements?,,,YES,2237,101,731,1405,0
Douglas,CHESTNUT LOG,Constitutional Amendment #2<br>Shall the Constitution be amended so as to provide for a reduction in the state's operating costs by allowing the General Assembly to authorize certain state agencies to enter into multiyear rental agreements?,,,YES,1165,38,407,720,0
Douglas,ST JULIANS EPISCOPAL,Constitutional Amendment #2<br>Shall the Constitution be amended so as to provide for a reduction in the state's operating costs by allowing the General Assembly to authorize certain state agencies to enter into multiyear rental agreements?,,,YES,763,32,384,347,0
Douglas,LUTHERAN CHURCH - GS,Constitutional Amendment #2<br>Shall the Constitution be amended so as to provide for a reduction in the state's operating costs by allowing the General Assembly to authorize certain state agencies to enter into multiyear rental agreements?,,,YES,1553,83,529,941,0
Douglas,FIRST BAPTIST CHURCH,Constitutional Amendment #2<br>Shall the Constitution be amended so as to provide for a reduction in the state's operating costs by allowing the General Assembly to authorize certain state agencies to enter into multiyear rental agreements?,,,YES,845,51,289,505,0
Douglas,FACTORY SHOALS,Constitutional Amendment #2<br>Shall the Constitution be amended so as to provide for a reduction in the state's operating costs by allowing the General Assembly to authorize certain state agencies to enter into multiyear rental agreements?,,,YES,1472,55,479,938,0
Douglas,BOUNDARY WATERS,Constitutional Amendment #2<br>Shall the Constitution be amended so as to provide for a reduction in the state's operating costs by allowing the General Assembly to authorize certain state agencies to enter into multiyear rental agreements?,,,YES,1434,34,453,946,1
Douglas,,Constitutional Amendment #2<br>Shall the Constitution be amended so as to provide for a reduction in the state's operating costs by allowing the General Assembly to authorize certain state agencies to enter into multiyear rental agreements?,,,NO,17668,684,6795,10184,5
Douglas,MIRROR LAKE ELEMENTA,Constitutional Amendment #2<br>Shall the Constitution be amended so as to provide for a reduction in the state's operating costs by allowing the General Assembly to authorize certain state agencies to enter into multiyear rental agreements?,,,NO,1059,42,495,522,0
Douglas,WINSTON,Constitutional Amendment #2<br>Shall the Constitution be amended so as to provide for a reduction in the state's operating costs by allowing the General Assembly to authorize certain state agencies to enter into multiyear rental agreements?,,,NO,349,12,148,189,0
Douglas,FAIRPLAY M S,Constitutional Amendment #2<br>Shall the Constitution be amended so as to provide for a reduction in the state's operating costs by allowing the General Assembly to authorize certain state agencies to enter into multiyear rental agreements?,,,NO,950,40,304,606,0
Douglas,COLONIAL HILLS,Constitutional Amendment #2<br>Shall the Constitution be amended so as to provide for a reduction in the state's operating costs by allowing the General Assembly to authorize certain state agencies to enter into multiyear rental agreements?,,,NO,482,12,255,214,1
Douglas,EPHESUS BAPTIST CHUR,Constitutional Amendment #2<br>Shall the Constitution be amended so as to provide for a reduction in the state's operating costs by allowing the General Assembly to authorize certain state agencies to enter into multiyear rental agreements?,,,NO,907,36,395,476,0
Douglas,BILL ARP,Constitutional Amendment #2<br>Shall the Constitution be amended so as to provide for a reduction in the state's operating costs by allowing the General Assembly to authorize certain state agencies to enter into multiyear rental agreements?,,,NO,1067,45,334,688,0
Douglas,TURNER,Constitutional Amendment #2<br>Shall the Constitution be amended so as to provide for a reduction in the state's operating costs by allowing the General Assembly to authorize certain state agencies to enter into multiyear rental agreements?,,,NO,734,25,317,392,0
Douglas,ANNETTE WINN SCHOOL,Constitutional Amendment #2<br>Shall the Constitution be amended so as to provide for a reduction in the state's operating costs by allowing the General Assembly to authorize certain state agencies to enter into multiyear rental agreements?,,,NO,368,24,141,203,0
Douglas,LITHIA HIGH SCHOOL,Constitutional Amendment #2<br>Shall the Constitution be amended so as to provide for a reduction in the state's operating costs by allowing the General Assembly to authorize certain state agencies to enter into multiyear rental agreements?,,,NO,1038,28,377,632,1
Douglas,DEER LICK,Constitutional Amendment #2<br>Shall the Constitution be amended so as to provide for a reduction in the state's operating costs by allowing the General Assembly to authorize certain state agencies to enter into multiyear rental agreements?,,,NO,547,7,179,361,0
Douglas,GOLDEN METHODIST CH,Constitutional Amendment #2<br>Shall the Constitution be amended so as to provide for a reduction in the state's operating costs by allowing the General Assembly to authorize certain state agencies to enter into multiyear rental agreements?,,,NO,800,18,350,432,0
Douglas,DOUGLASVILLE,Constitutional Amendment #2<br>Shall the Constitution be amended so as to provide for a reduction in the state's operating costs by allowing the General Assembly to authorize certain state agencies to enter into multiyear rental agreements?,,,NO,797,43,237,516,1
Douglas,BEULAH,Constitutional Amendment #2<br>Shall the Constitution be amended so as to provide for a reduction in the state's operating costs by allowing the General Assembly to authorize certain state agencies to enter into multiyear rental agreements?,,,NO,681,28,302,351,0
Douglas,STEWART,Constitutional Amendment #2<br>Shall the Constitution be amended so as to provide for a reduction in the state's operating costs by allowing the General Assembly to authorize certain state agencies to enter into multiyear rental agreements?,,,NO,497,12,216,269,0
Douglas,ARBOR STATION,Constitutional Amendment #2<br>Shall the Constitution be amended so as to provide for a reduction in the state's operating costs by allowing the General Assembly to authorize certain state agencies to enter into multiyear rental agreements?,,,NO,487,22,218,247,0
Douglas,BRIGHT STAR,Constitutional Amendment #2<br>Shall the Constitution be amended so as to provide for a reduction in the state's operating costs by allowing the General Assembly to authorize certain state agencies to enter into multiyear rental agreements?,,,NO,541,17,264,260,0
Douglas,DORSETT SHOALS,Constitutional Amendment #2<br>Shall the Constitution be amended so as to provide for a reduction in the state's operating costs by allowing the General Assembly to authorize certain state agencies to enter into multiyear rental agreements?,,,NO,726,32,324,370,0
Douglas,CHAPEL HILL,Constitutional Amendment #2<br>Shall the Constitution be amended so as to provide for a reduction in the state's operating costs by allowing the General Assembly to authorize certain state agencies to enter into multiyear rental agreements?,,,NO,694,32,238,424,0
Douglas,HOLLY SPRINGS,Constitutional Amendment #2<br>Shall the Constitution be amended so as to provide for a reduction in the state's operating costs by allowing the General Assembly to authorize certain state agencies to enter into multiyear rental agreements?,,,NO,1148,41,379,727,1
Douglas,CHESTNUT LOG,Constitutional Amendment #2<br>Shall the Constitution be amended so as to provide for a reduction in the state's operating costs by allowing the General Assembly to authorize certain state agencies to enter into multiyear rental agreements?,,,NO,680,21,253,406,0
Douglas,ST JULIANS EPISCOPAL,Constitutional Amendment #2<br>Shall the Constitution be amended so as to provide for a reduction in the state's operating costs by allowing the General Assembly to authorize certain state agencies to enter into multiyear rental agreements?,,,NO,477,25,229,222,1
Douglas,LUTHERAN CHURCH - GS,Constitutional Amendment #2<br>Shall the Constitution be amended so as to provide for a reduction in the state's operating costs by allowing the General Assembly to authorize certain state agencies to enter into multiyear rental agreements?,,,NO,797,39,295,463,0
Douglas,FIRST BAPTIST CHURCH,Constitutional Amendment #2<br>Shall the Constitution be amended so as to provide for a reduction in the state's operating costs by allowing the General Assembly to authorize certain state agencies to enter into multiyear rental agreements?,,,NO,443,28,124,291,0
Douglas,FACTORY SHOALS,Constitutional Amendment #2<br>Shall the Constitution be amended so as to provide for a reduction in the state's operating costs by allowing the General Assembly to authorize certain state agencies to enter into multiyear rental agreements?,,,NO,700,34,217,449,0
Douglas,BOUNDARY WATERS,Constitutional Amendment #2<br>Shall the Constitution be amended so as to provide for a reduction in the state's operating costs by allowing the General Assembly to authorize certain state agencies to enter into multiyear rental agreements?,,,NO,699,21,204,474,0
Douglas,,SUNDAY SALES BY RETAILERS,,,YES,34321,1200,13958,19157,6
Douglas,MIRROR LAKE ELEMENTA,SUNDAY SALES BY RETAILERS,,,YES,2122,71,1044,1007,0
Douglas,WINSTON,SUNDAY SALES BY RETAILERS,,,YES,603,8,292,302,1
Douglas,FAIRPLAY M S,SUNDAY SALES BY RETAILERS,,,YES,1621,80,542,999,0
Douglas,COLONIAL HILLS,SUNDAY SALES BY RETAILERS,,,YES,1268,22,682,563,1
Douglas,EPHESUS BAPTIST CHUR,SUNDAY SALES BY RETAILERS,,,YES,1370,53,597,720,0
Douglas,BILL ARP,SUNDAY SALES BY RETAILERS,,,YES,1891,80,671,1140,0
Douglas,TURNER,SUNDAY SALES BY RETAILERS,,,YES,1265,39,624,602,0
Douglas,ANNETTE WINN SCHOOL,SUNDAY SALES BY RETAILERS,,,YES,586,33,263,290,0
Douglas,LITHIA HIGH SCHOOL,SUNDAY SALES BY RETAILERS,,,YES,2250,73,850,1327,0
Douglas,DEER LICK,SUNDAY SALES BY RETAILERS,,,YES,1008,15,405,588,0
Douglas,GOLDEN METHODIST CH,SUNDAY SALES BY RETAILERS,,,YES,1544,25,666,853,0
Douglas,DOUGLASVILLE,SUNDAY SALES BY RETAILERS,,,YES,1645,58,598,988,1
Douglas,BEULAH,SUNDAY SALES BY RETAILERS,,,YES,1182,51,549,582,0
Douglas,STEWART,SUNDAY SALES BY RETAILERS,,,YES,1092,24,483,585,0
Douglas,ARBOR STATION,SUNDAY SALES BY RETAILERS,,,YES,1112,51,474,587,0
Douglas,BRIGHT STAR,SUNDAY SALES BY RETAILERS,,,YES,870,18,448,404,0
Douglas,DORSETT SHOALS,SUNDAY SALES BY RETAILERS,,,YES,1300,59,581,659,1
Douglas,CHAPEL HILL,SUNDAY SALES BY RETAILERS,,,YES,1462,60,558,843,1
Douglas,HOLLY SPRINGS,SUNDAY SALES BY RETAILERS,,,YES,2335,84,804,1447,0
Douglas,CHESTNUT LOG,SUNDAY SALES BY RETAILERS,,,YES,1316,36,478,802,0
Douglas,ST JULIANS EPISCOPAL,SUNDAY SALES BY RETAILERS,,,YES,781,36,405,340,0
Douglas,LUTHERAN CHURCH - GS,SUNDAY SALES BY RETAILERS,,,YES,1660,79,600,981,0
Douglas,FIRST BAPTIST CHURCH,SUNDAY SALES BY RETAILERS,,,YES,849,46,293,510,0
Douglas,FACTORY SHOALS,SUNDAY SALES BY RETAILERS,,,YES,1604,64,536,1004,0
Douglas,BOUNDARY WATERS,SUNDAY SALES BY RETAILERS,,,YES,1585,35,515,1034,1
Douglas,,SUNDAY SALES BY RETAILERS,,,NO,19766,1060,6856,11843,7
Douglas,MIRROR LAKE ELEMENTA,SUNDAY SALES BY RETAILERS,,,NO,1165,53,504,608,0
Douglas,WINSTON,SUNDAY SALES BY RETAILERS,,,NO,408,18,161,228,1
Douglas,FAIRPLAY M S,SUNDAY SALES BY RETAILERS,,,NO,1201,44,348,809,0
Douglas,COLONIAL HILLS,SUNDAY SALES BY RETAILERS,,,NO,447,17,213,216,1
Douglas,EPHESUS BAPTIST CHUR,SUNDAY SALES BY RETAILERS,,,NO,1208,68,453,687,0
Douglas,BILL ARP,SUNDAY SALES BY RETAILERS,,,NO,1388,93,383,911,1
Douglas,TURNER,SUNDAY SALES BY RETAILERS,,,NO,839,51,311,477,0
Douglas,ANNETTE WINN SCHOOL,SUNDAY SALES BY RETAILERS,,,NO,472,47,167,258,0
Douglas,LITHIA HIGH SCHOOL,SUNDAY SALES BY RETAILERS,,,NO,945,48,310,586,1
Douglas,DEER LICK,SUNDAY SALES BY RETAILERS,,,NO,602,21,176,405,0
Douglas,GOLDEN METHODIST CH,SUNDAY SALES BY RETAILERS,,,NO,836,29,356,451,0
Douglas,DOUGLASVILLE,SUNDAY SALES BY RETAILERS,,,NO,929,56,244,629,0
Douglas,BEULAH,SUNDAY SALES BY RETAILERS,,,NO,801,50,307,444,0
Douglas,STEWART,SUNDAY SALES BY RETAILERS,,,NO,528,25,184,318,1
Douglas,ARBOR STATION,SUNDAY SALES BY RETAILERS,,,NO,488,24,202,262,0
Douglas,BRIGHT STAR,SUNDAY SALES BY RETAILERS,,,NO,631,30,258,343,0
Douglas,DORSETT SHOALS,SUNDAY SALES BY RETAILERS,,,NO,815,65,314,436,0
Douglas,CHAPEL HILL,SUNDAY SALES BY RETAILERS,,,NO,791,44,247,500,0
Douglas,HOLLY SPRINGS,SUNDAY SALES BY RETAILERS,,,NO,1254,70,376,807,1
Douglas,CHESTNUT LOG,SUNDAY SALES BY RETAILERS,,,NO,659,30,237,392,0
Douglas,ST JULIANS EPISCOPAL,SUNDAY SALES BY RETAILERS,,,NO,553,26,258,268,1
Douglas,LUTHERAN CHURCH - GS,SUNDAY SALES BY RETAILERS,,,NO,846,55,278,513,0
Douglas,FIRST BAPTIST CHURCH,SUNDAY SALES BY RETAILERS,,,NO,527,40,154,333,0
Douglas,FACTORY SHOALS,SUNDAY SALES BY RETAILERS,,,NO,721,27,218,476,0
Douglas,BOUNDARY WATERS,SUNDAY SALES BY RETAILERS,,,NO,712,29,197,486,0
Douglas,,SUNDAY ALCOHOL BY THE DRINK,,,YES,34370,1190,13856,19318,6
Douglas,MIRROR LAKE ELEMENTA,SUNDAY ALCOHOL BY THE DRINK,,,YES,2130,73,1050,1007,0
Douglas,WINSTON,SUNDAY ALCOHOL BY THE DRINK,,,YES,599,10,272,316,1
Douglas,FAIRPLAY M S,SUNDAY ALCOHOL BY THE DRINK,,,YES,1664,74,562,1028,0
Douglas,COLONIAL HILLS,SUNDAY ALCOHOL BY THE DRINK,,,YES,1251,22,658,570,1
Douglas,EPHESUS BAPTIST CHUR,SUNDAY ALCOHOL BY THE DRINK,,,YES,1406,53,611,742,0
Douglas,BILL ARP,SUNDAY ALCOHOL BY THE DRINK,,,YES,1919,80,669,1170,0
Douglas,TURNER,SUNDAY ALCOHOL BY THE DRINK,,,YES,1280,40,619,621,0
Douglas,ANNETTE WINN SCHOOL,SUNDAY ALCOHOL BY THE DRINK,,,YES,581,32,268,281,0
Douglas,LITHIA HIGH SCHOOL,SUNDAY ALCOHOL BY THE DRINK,,,YES,2194,66,822,1306,0
Douglas,DEER LICK,SUNDAY ALCOHOL BY THE DRINK,,,YES,1013,13,404,596,0
Douglas,GOLDEN METHODIST CH,SUNDAY ALCOHOL BY THE DRINK,,,YES,1538,21,671,846,0
Douglas,DOUGLASVILLE,SUNDAY ALCOHOL BY THE DRINK,,,YES,1650,60,593,996,1
Douglas,BEULAH,SUNDAY ALCOHOL BY THE DRINK,,,YES,1193,50,551,592,0
Douglas,STEWART,SUNDAY ALCOHOL BY THE DRINK,,,YES,1091,24,479,588,0
Douglas,ARBOR STATION,SUNDAY ALCOHOL BY THE DRINK,,,YES,1122,50,479,593,0
Douglas,BRIGHT STAR,SUNDAY ALCOHOL BY THE DRINK,,,YES,879,16,441,422,0
Douglas,DORSETT SHOALS,SUNDAY ALCOHOL BY THE DRINK,,,YES,1302,56,576,669,1
Douglas,CHAPEL HILL,SUNDAY ALCOHOL BY THE DRINK,,,YES,1420,62,521,836,1
Douglas,HOLLY SPRINGS,SUNDAY ALCOHOL BY THE DRINK,,,YES,2337,86,790,1461,0
Douglas,CHESTNUT LOG,SUNDAY ALCOHOL BY THE DRINK,,,YES,1292,36,472,784,0
Douglas,ST JULIANS EPISCOPAL,SUNDAY ALCOHOL BY THE DRINK,,,YES,802,37,415,350,0
Douglas,LUTHERAN CHURCH - GS,SUNDAY ALCOHOL BY THE DRINK,,,YES,1682,83,600,999,0
Douglas,FIRST BAPTIST CHURCH,SUNDAY ALCOHOL BY THE DRINK,,,YES,886,45,304,537,0
Douglas,FACTORY SHOALS,SUNDAY ALCOHOL BY THE DRINK,,,YES,1573,63,522,988,0
Douglas,BOUNDARY WATERS,SUNDAY ALCOHOL BY THE DRINK,,,YES,1566,38,507,1020,1
Douglas,,SUNDAY ALCOHOL BY THE DRINK,,,NO,20016,1066,7092,11851,7
Douglas,MIRROR LAKE ELEMENTA,SUNDAY ALCOHOL BY THE DRINK,,,NO,1191,51,519,621,0
Douglas,WINSTON,SUNDAY ALCOHOL BY THE DRINK,,,NO,426,16,186,223,1
Douglas,FAIRPLAY M S,SUNDAY ALCOHOL BY THE DRINK,,,NO,1156,47,329,780,0
Douglas,COLONIAL HILLS,SUNDAY ALCOHOL BY THE DRINK,,,NO,495,17,257,220,1
Douglas,EPHESUS BAPTIST CHUR,SUNDAY ALCOHOL BY THE DRINK,,,NO,1171,68,435,668,0
Douglas,BILL ARP,SUNDAY ALCOHOL BY THE DRINK,,,NO,1354,92,384,877,1
Douglas,TURNER,SUNDAY ALCOHOL BY THE DRINK,,,NO,851,49,332,470,0
Douglas,ANNETTE WINN SCHOOL,SUNDAY ALCOHOL BY THE DRINK,,,NO,482,48,162,272,0
Douglas,LITHIA HIGH SCHOOL,SUNDAY ALCOHOL BY THE DRINK,,,NO,1025,55,341,628,1
Douglas,DEER LICK,SUNDAY ALCOHOL BY THE DRINK,,,NO,599,23,177,399,0
Douglas,GOLDEN METHODIST CH,SUNDAY ALCOHOL BY THE DRINK,,,NO,872,33,369,470,0
Douglas,DOUGLASVILLE,SUNDAY ALCOHOL BY THE DRINK,,,NO,954,54,254,646,0
Douglas,BEULAH,SUNDAY ALCOHOL BY THE DRINK,,,NO,804,51,314,439,0
Douglas,STEWART,SUNDAY ALCOHOL BY THE DRINK,,,NO,551,24,199,327,1
Douglas,ARBOR STATION,SUNDAY ALCOHOL BY THE DRINK,,,NO,486,27,201,258,0
Douglas,BRIGHT STAR,SUNDAY ALCOHOL BY THE DRINK,,,NO,634,32,270,332,0
Douglas,DORSETT SHOALS,SUNDAY ALCOHOL BY THE DRINK,,,NO,810,69,318,423,0
Douglas,CHAPEL HILL,SUNDAY ALCOHOL BY THE DRINK,,,NO,840,40,286,514,0
Douglas,HOLLY SPRINGS,SUNDAY ALCOHOL BY THE DRINK,,,NO,1278,68,400,809,1
Douglas,CHESTNUT LOG,SUNDAY ALCOHOL BY THE DRINK,,,NO,678,30,243,405,0
Douglas,ST JULIANS EPISCOPAL,SUNDAY ALCOHOL BY THE DRINK,,,NO,535,25,248,261,1
Douglas,LUTHERAN CHURCH - GS,SUNDAY ALCOHOL BY THE DRINK,,,NO,835,51,286,498,0
Douglas,FIRST BAPTIST CHURCH,SUNDAY ALCOHOL BY THE DRINK,,,NO,492,40,144,308,0
Douglas,FACTORY SHOALS,SUNDAY ALCOHOL BY THE DRINK,,,NO,745,27,226,492,0
Douglas,BOUNDARY WATERS,SUNDAY ALCOHOL BY THE DRINK,,,NO,752,29,212,511,0
