county,precinct,office,district,party,candidate,votes,absentee_by_mail,election_day,advance_in_person,provisional
Tattnall,,President of the United States,,R,MITT ROMNEY,4706,252,2316,2134,4
Tattnall,Cobbtown,President of the United States,,R,MITT ROMNEY,332,14,159,159,0
Tattnall,Longview,President of the United States,,R,MITT ROMNEY,138,9,112,17,0
Tattnall,Collins,President of the United States,,R,MITT ROMNEY,503,31,283,189,0
Tattnall,Manassas,President of the United States,,R,MITT ROMNEY,110,2,93,15,0
Tattnall,District II,President of the United States,,R,MITT ROMNEY,854,40,336,478,0
Tattnall,Birdford,President of the United States,,R,MITT ROMNEY,311,13,216,82,0
Tattnall,East Glennville,President of the United States,,R,MITT ROMNEY,790,54,353,382,1
Tattnall,District IV,President of the United States,,R,MITT ROMNEY,987,51,424,511,1
Tattnall,District V,President of the United States,,R,MITT ROMNEY,681,38,340,301,2
Tattnall,,President of the United States,,D,BARACK OBAMA (I),1897,106,908,880,3
Tattnall,Cobbtown,President of the United States,,D,BARACK OBAMA (I),99,5,46,48,0
Tattnall,Longview,President of the United States,,D,BARACK OBAMA (I),15,1,5,9,0
Tattnall,Collins,President of the United States,,D,BARACK OBAMA (I),205,13,124,68,0
Tattnall,Manassas,President of the United States,,D,BARACK OBAMA (I),44,1,34,9,0
Tattnall,District II,President of the United States,,D,BARACK OBAMA (I),510,26,196,288,0
Tattnall,Birdford,President of the United States,,D,BARACK OBAMA (I),55,3,36,16,0
Tattnall,East Glennville,President of the United States,,D,BARACK OBAMA (I),235,14,130,91,0
Tattnall,District IV,President of the United States,,D,BARACK OBAMA (I),504,32,244,228,0
Tattnall,District V,President of the United States,,D,BARACK OBAMA (I),230,11,93,123,3
Tattnall,,President of the United States,,LIB,GARY JOHNSON,62,2,44,16,0
Tattnall,Cobbtown,President of the United States,,LIB,GARY JOHNSON,6,0,5,1,0
Tattnall,Longview,President of the United States,,LIB,GARY JOHNSON,2,0,1,1,0
Tattnall,Collins,President of the United States,,LIB,GARY JOHNSON,5,0,3,2,0
Tattnall,Manassas,President of the United States,,LIB,GARY JOHNSON,6,0,6,0,0
Tattnall,District II,President of the United States,,LIB,GARY JOHNSON,11,0,8,3,0
Tattnall,Birdford,President of the United States,,LIB,GARY JOHNSON,5,0,3,2,0
Tattnall,East Glennville,President of the United States,,LIB,GARY JOHNSON,10,0,8,2,0
Tattnall,District IV,President of the United States,,LIB,GARY JOHNSON,9,2,6,1,0
Tattnall,District V,President of the United States,,LIB,GARY JOHNSON,8,0,4,4,0
Tattnall,,"Public Service Commission, District 3",3,R,CHUCK EATON (I),3797,218,1856,1718,5
Tattnall,Cobbtown,"Public Service Commission, District 3",3,R,CHUCK EATON (I),246,11,120,115,0
Tattnall,Longview,"Public Service Commission, District 3",3,R,CHUCK EATON (I),112,9,88,15,0
Tattnall,Collins,"Public Service Commission, District 3",3,R,CHUCK EATON (I),390,23,207,160,0
Tattnall,Manassas,"Public Service Commission, District 3",3,R,CHUCK EATON (I),86,3,72,11,0
Tattnall,District II,"Public Service Commission, District 3",3,R,CHUCK EATON (I),709,37,290,382,0
Tattnall,Birdford,"Public Service Commission, District 3",3,R,CHUCK EATON (I),236,13,157,66,0
Tattnall,East Glennville,"Public Service Commission, District 3",3,R,CHUCK EATON (I),646,45,288,312,1
Tattnall,District IV,"Public Service Commission, District 3",3,R,CHUCK EATON (I),836,45,364,426,1
Tattnall,District V,"Public Service Commission, District 3",3,R,CHUCK EATON (I),536,32,270,231,3
Tattnall,,"Public Service Commission, District 3",3,D,STEPHEN OPPENHEIMER,1544,96,739,708,1
Tattnall,Cobbtown,"Public Service Commission, District 3",3,D,STEPHEN OPPENHEIMER,95,5,42,48,0
Tattnall,Longview,"Public Service Commission, District 3",3,D,STEPHEN OPPENHEIMER,19,1,10,8,0
Tattnall,Collins,"Public Service Commission, District 3",3,D,STEPHEN OPPENHEIMER,165,12,100,53,0
Tattnall,Manassas,"Public Service Commission, District 3",3,D,STEPHEN OPPENHEIMER,41,0,34,7,0
Tattnall,District II,"Public Service Commission, District 3",3,D,STEPHEN OPPENHEIMER,403,22,161,220,0
Tattnall,Birdford,"Public Service Commission, District 3",3,D,STEPHEN OPPENHEIMER,56,3,34,19,0
Tattnall,East Glennville,"Public Service Commission, District 3",3,D,STEPHEN OPPENHEIMER,192,12,99,81,0
Tattnall,District IV,"Public Service Commission, District 3",3,D,STEPHEN OPPENHEIMER,376,31,178,167,0
Tattnall,District V,"Public Service Commission, District 3",3,D,STEPHEN OPPENHEIMER,197,10,81,105,1
Tattnall,,"Public Service Commission, District 3",3,L,BRAD PLOEGER,193,6,118,69,0
Tattnall,Cobbtown,"Public Service Commission, District 3",3,L,BRAD PLOEGER,20,1,12,7,0
Tattnall,Longview,"Public Service Commission, District 3",3,L,BRAD PLOEGER,2,0,2,0,0
Tattnall,Collins,"Public Service Commission, District 3",3,L,BRAD PLOEGER,19,1,13,5,0
Tattnall,Manassas,"Public Service Commission, District 3",3,L,BRAD PLOEGER,6,0,6,0,0
Tattnall,District II,"Public Service Commission, District 3",3,L,BRAD PLOEGER,35,1,14,20,0
Tattnall,Birdford,"Public Service Commission, District 3",3,L,BRAD PLOEGER,15,0,12,3,0
Tattnall,East Glennville,"Public Service Commission, District 3",3,L,BRAD PLOEGER,31,0,23,8,0
Tattnall,District IV,"Public Service Commission, District 3",3,L,BRAD PLOEGER,30,2,18,10,0
Tattnall,District V,"Public Service Commission, District 3",3,L,BRAD PLOEGER,35,1,18,16,0
Tattnall,,"Public Service Commission, District 5",5,R,STAN WISE (I),4058,232,2004,1817,5
Tattnall,Cobbtown,"Public Service Commission, District 5",5,R,STAN WISE (I),276,14,135,127,0
Tattnall,Longview,"Public Service Commission, District 5",5,R,STAN WISE (I),123,9,98,16,0
Tattnall,Collins,"Public Service Commission, District 5",5,R,STAN WISE (I),413,20,230,163,0
Tattnall,Manassas,"Public Service Commission, District 5",5,R,STAN WISE (I),95,3,80,12,0
Tattnall,District II,"Public Service Commission, District 5",5,R,STAN WISE (I),768,39,319,410,0
Tattnall,Birdford,"Public Service Commission, District 5",5,R,STAN WISE (I),261,14,172,75,0
Tattnall,East Glennville,"Public Service Commission, District 5",5,R,STAN WISE (I),676,45,311,319,1
Tattnall,District IV,"Public Service Commission, District 5",5,R,STAN WISE (I),875,54,375,445,1
Tattnall,District V,"Public Service Commission, District 5",5,R,STAN WISE (I),571,34,284,250,3
Tattnall,,"Public Service Commission, District 5",5,L,DAVID STAPLES,1083,56,575,451,1
Tattnall,Cobbtown,"Public Service Commission, District 5",5,L,DAVID STAPLES,68,3,35,30,0
Tattnall,Longview,"Public Service Commission, District 5",5,L,DAVID STAPLES,14,1,8,5,0
Tattnall,Collins,"Public Service Commission, District 5",5,L,DAVID STAPLES,111,6,64,41,0
Tattnall,Manassas,"Public Service Commission, District 5",5,L,DAVID STAPLES,32,0,27,5,0
Tattnall,District II,"Public Service Commission, District 5",5,L,DAVID STAPLES,268,13,119,136,0
Tattnall,Birdford,"Public Service Commission, District 5",5,L,DAVID STAPLES,47,2,32,13,0
Tattnall,East Glennville,"Public Service Commission, District 5",5,L,DAVID STAPLES,155,9,88,58,0
Tattnall,District IV,"Public Service Commission, District 5",5,L,DAVID STAPLES,243,17,131,95,0
Tattnall,District V,"Public Service Commission, District 5",5,L,DAVID STAPLES,145,5,71,68,1
Tattnall,,U.S. Representative,12,R,LEE ANDERSON,3287,167,1580,1538,2
Tattnall,Cobbtown,U.S. Representative,12,R,LEE ANDERSON,231,9,106,116,0
Tattnall,Longview,U.S. Representative,12,R,LEE ANDERSON,95,6,80,9,0
Tattnall,Collins,U.S. Representative,12,R,LEE ANDERSON,337,17,184,136,0
Tattnall,Manassas,U.S. Representative,12,R,LEE ANDERSON,89,1,73,15,0
Tattnall,District II,U.S. Representative,12,R,LEE ANDERSON,624,28,234,362,0
Tattnall,Birdford,U.S. Representative,12,R,LEE ANDERSON,208,9,141,58,0
Tattnall,East Glennville,U.S. Representative,12,R,LEE ANDERSON,527,35,234,257,1
Tattnall,District IV,U.S. Representative,12,R,LEE ANDERSON,714,37,296,381,0
Tattnall,District V,U.S. Representative,12,R,LEE ANDERSON,462,25,232,204,1
Tattnall,,U.S. Representative,12,D,JOHN BARROW (I),3167,183,1576,1403,5
Tattnall,Cobbtown,U.S. Representative,12,D,JOHN BARROW (I),191,10,93,88,0
Tattnall,Longview,U.S. Representative,12,D,JOHN BARROW (I),53,4,32,17,0
Tattnall,Collins,U.S. Representative,12,D,JOHN BARROW (I),342,24,205,113,0
Tattnall,Manassas,U.S. Representative,12,D,JOHN BARROW (I),67,2,57,8,0
Tattnall,District II,U.S. Representative,12,D,JOHN BARROW (I),702,38,291,373,0
Tattnall,Birdford,U.S. Representative,12,D,JOHN BARROW (I),149,6,105,38,0
Tattnall,East Glennville,U.S. Representative,12,D,JOHN BARROW (I),487,31,248,208,0
Tattnall,District IV,U.S. Representative,12,D,JOHN BARROW (I),738,45,349,343,1
Tattnall,District V,U.S. Representative,12,D,JOHN BARROW (I),438,23,196,215,4
Tattnall,,State Senator,4,R,JACK HILL (I),2297,115,1163,1019,0
Tattnall,Cobbtown,State Senator,4,R,JACK HILL (I),365,17,174,174,0
Tattnall,Longview,State Senator,4,R,JACK HILL (I),138,10,105,23,0
Tattnall,Collins,State Senator,4,R,JACK HILL (I),575,33,323,219,0
Tattnall,Manassas,State Senator,4,R,JACK HILL (I),126,2,108,16,0
Tattnall,District II,State Senator,4,R,JACK HILL (I),1093,53,453,587,0
Tattnall,,State Senator,19,R,TOMMIE WILLIAMS (I),2792,165,1377,1247,3
Tattnall,Birdford,State Senator,19,R,TOMMIE WILLIAMS (I),286,13,194,79,0
Tattnall,East Glennville,State Senator,19,R,TOMMIE WILLIAMS (I),793,53,377,362,1
Tattnall,District IV,State Senator,19,R,TOMMIE WILLIAMS (I),1051,60,474,516,1
Tattnall,District V,State Senator,19,R,TOMMIE WILLIAMS (I),662,39,332,290,1
Tattnall,,State Representative,157,R,DELVIS DUTTON (I),4879,270,2448,2154,7
Tattnall,Cobbtown,State Representative,157,R,DELVIS DUTTON (I),325,15,157,153,0
Tattnall,Longview,State Representative,157,R,DELVIS DUTTON (I),129,8,101,20,0
Tattnall,Collins,State Representative,157,R,DELVIS DUTTON (I),504,32,274,198,0
Tattnall,Manassas,State Representative,157,R,DELVIS DUTTON (I),116,2,100,14,0
Tattnall,District II,State Representative,157,R,DELVIS DUTTON (I),967,47,405,515,0
Tattnall,Birdford,State Representative,157,R,DELVIS DUTTON (I),300,13,204,83,0
Tattnall,East Glennville,State Representative,157,R,DELVIS DUTTON (I),810,54,389,366,1
Tattnall,District IV,State Representative,157,R,DELVIS DUTTON (I),1071,65,488,517,1
Tattnall,District V,State Representative,157,R,DELVIS DUTTON (I),657,34,330,288,5
Tattnall,,CLERK, SUPERIOR COURT,D,DEBBIE CREWS (I),5333,283,2594,2450,6
Tattnall,Cobbtown,CLERK, SUPERIOR COURT,D,DEBBIE CREWS (I),332,13,156,163,0
Tattnall,Longview,CLERK, SUPERIOR COURT,D,DEBBIE CREWS (I),115,7,86,22,0
Tattnall,Collins,CLERK, SUPERIOR COURT,D,DEBBIE CREWS (I),582,38,325,219,0
Tattnall,Manassas,CLERK, SUPERIOR COURT,D,DEBBIE CREWS (I),132,2,115,15,0
Tattnall,District II,CLERK, SUPERIOR COURT,D,DEBBIE CREWS (I),1128,50,442,636,0
Tattnall,Birdford,CLERK, SUPERIOR COURT,D,DEBBIE CREWS (I),292,13,196,83,0
Tattnall,East Glennville,CLERK, SUPERIOR COURT,D,DEBBIE CREWS (I),816,54,386,376,0
Tattnall,District IV,CLERK, SUPERIOR COURT,D,DEBBIE CREWS (I),1205,70,541,593,1
Tattnall,District V,CLERK, SUPERIOR COURT,D,DEBBIE CREWS (I),731,36,347,343,5
Tattnall,,SHERIFF,,R,QUINTON RUSH (I),5293,271,2642,2373,7
Tattnall,Cobbtown,SHERIFF,,R,QUINTON RUSH (I),365,14,178,173,0
Tattnall,Longview,SHERIFF,,R,QUINTON RUSH (I),131,10,98,23,0
Tattnall,Collins,SHERIFF,,R,QUINTON RUSH (I),562,28,323,211,0
Tattnall,Manassas,SHERIFF,,R,QUINTON RUSH (I),125,1,107,17,0
Tattnall,District II,SHERIFF,,R,QUINTON RUSH (I),1075,46,438,591,0
Tattnall,Birdford,SHERIFF,,R,QUINTON RUSH (I),297,13,201,83,0
Tattnall,East Glennville,SHERIFF,,R,QUINTON RUSH (I),836,52,399,384,1
Tattnall,District IV,SHERIFF,,R,QUINTON RUSH (I),1192,68,538,585,1
Tattnall,District V,SHERIFF,,R,QUINTON RUSH (I),710,39,360,306,5
Tattnall,,TAX COMMISSIONER,,D,DALE P. DUTTON (I),5411,295,2638,2471,7
Tattnall,Cobbtown,TAX COMMISSIONER,,D,DALE P. DUTTON (I),337,15,161,161,0
Tattnall,Longview,TAX COMMISSIONER,,D,DALE P. DUTTON (I),121,9,87,25,0
Tattnall,Collins,TAX COMMISSIONER,,D,DALE P. DUTTON (I),566,39,315,212,0
Tattnall,Manassas,TAX COMMISSIONER,,D,DALE P. DUTTON (I),135,2,115,18,0
Tattnall,District II,TAX COMMISSIONER,,D,DALE P. DUTTON (I),1105,49,436,620,0
Tattnall,Birdford,TAX COMMISSIONER,,D,DALE P. DUTTON (I),305,16,199,90,0
Tattnall,East Glennville,TAX COMMISSIONER,,D,DALE P. DUTTON (I),850,57,407,385,1
Tattnall,District IV,TAX COMMISSIONER,,D,DALE P. DUTTON (I),1250,76,557,616,1
Tattnall,District V,TAX COMMISSIONER,,D,DALE P. DUTTON (I),742,32,361,344,5
Tattnall,,CORONER,,D,BOBBY J. BRANNEN (I),5350,289,2617,2437,7
Tattnall,Cobbtown,CORONER,,D,BOBBY J. BRANNEN (I),323,15,152,156,0
Tattnall,Longview,CORONER,,D,BOBBY J. BRANNEN (I),116,9,84,23,0
Tattnall,Collins,CORONER,,D,BOBBY J. BRANNEN (I),554,35,310,209,0
Tattnall,Manassas,CORONER,,D,BOBBY J. BRANNEN (I),128,2,110,16,0
Tattnall,District II,CORONER,,D,BOBBY J. BRANNEN (I),1075,49,430,596,0
Tattnall,Birdford,CORONER,,D,BOBBY J. BRANNEN (I),316,16,208,92,0
Tattnall,East Glennville,CORONER,,D,BOBBY J. BRANNEN (I),849,57,404,387,1
Tattnall,District IV,CORONER,,D,BOBBY J. BRANNEN (I),1252,71,562,618,1
Tattnall,District V,CORONER,,D,BOBBY J. BRANNEN (I),737,35,357,340,5
Tattnall,,CHAIR CC,,R,KEITH DIXON,2856,150,1473,1229,4
Tattnall,Cobbtown,CHAIR CC,,R,KEITH DIXON,186,8,98,80,0
Tattnall,Longview,CHAIR CC,,R,KEITH DIXON,78,4,68,6,0
Tattnall,Collins,CHAIR CC,,R,KEITH DIXON,232,11,127,94,0
Tattnall,Manassas,CHAIR CC,,R,KEITH DIXON,62,1,52,9,0
Tattnall,District II,CHAIR CC,,R,KEITH DIXON,426,19,174,233,0
Tattnall,Birdford,CHAIR CC,,R,KEITH DIXON,202,3,137,62,0
Tattnall,East Glennville,CHAIR CC,,R,KEITH DIXON,536,39,256,240,1
Tattnall,District IV,CHAIR CC,,R,KEITH DIXON,705,41,329,334,1
Tattnall,District V,CHAIR CC,,R,KEITH DIXON,429,24,232,171,2
Tattnall,,CHAIR CC,,IND,FRANK H MURPHY (I),3232,187,1520,1522,3
Tattnall,Cobbtown,CHAIR CC,,IND,FRANK H MURPHY (I),231,11,99,121,0
Tattnall,Longview,CHAIR CC,,IND,FRANK H MURPHY (I),65,6,40,19,0
Tattnall,Collins,CHAIR CC,,IND,FRANK H MURPHY (I),435,32,250,153,0
Tattnall,Manassas,CHAIR CC,,IND,FRANK H MURPHY (I),83,2,70,11,0
Tattnall,District II,CHAIR CC,,IND,FRANK H MURPHY (I),813,42,319,452,0
Tattnall,Birdford,CHAIR CC,,IND,FRANK H MURPHY (I),149,12,103,34,0
Tattnall,East Glennville,CHAIR CC,,IND,FRANK H MURPHY (I),409,23,189,197,0
Tattnall,District IV,CHAIR CC,,IND,FRANK H MURPHY (I),632,36,267,329,0
Tattnall,District V,CHAIR CC,,IND,FRANK H MURPHY (I),415,23,183,206,3
Tattnall,,CC, D1,D,EDWARD KENNEDY (I),1127,58,654,415,0
Tattnall,Cobbtown,CC, D1,D,EDWARD KENNEDY (I),339,15,159,165,0
Tattnall,Longview,CC, D1,D,EDWARD KENNEDY (I),114,9,82,23,0
Tattnall,Collins,CC, D1,D,EDWARD KENNEDY (I),552,33,307,212,0
Tattnall,Manassas,CC, D1,D,EDWARD KENNEDY (I),122,1,106,15,0
Tattnall,,CC, D2,R,J. DANIEL SHUMAN (I),994,50,409,535,0
Tattnall,District II,CC, D2,R,J. DANIEL SHUMAN (I),994,50,409,535,0
Tattnall,,CC, D3,R,GEORGE THOMPSON (I),1066,66,568,431,1
Tattnall,Birdford,CC, D3,R,GEORGE THOMPSON (I),281,13,192,76,0
Tattnall,East Glennville,CC, D3,R,GEORGE THOMPSON (I),785,53,376,355,1
Tattnall,,CC, D4,R,RANDALL BRAY,578,27,283,267,1
Tattnall,District IV,CC, D4,R,RANDALL BRAY,578,27,283,267,1
Tattnall,,CC, D4,D,MOURICE COLLINS (I),858,54,356,448,0
Tattnall,District IV,CC, D4,D,MOURICE COLLINS (I),858,54,356,448,0
Tattnall,,CC, D5,R,H. B. BURKHALTER (I),661,35,335,290,1
Tattnall,District V,CC, D5,R,H. B. BURKHALTER (I),661,35,335,290,1
Tattnall,,SOIL AND WATER,,,ADAIR BRANCH (I),4704,265,2329,2104,6
Tattnall,Cobbtown,SOIL AND WATER,,,ADAIR BRANCH (I),300,14,148,138,0
Tattnall,Longview,SOIL AND WATER,,,ADAIR BRANCH (I),112,9,82,21,0
Tattnall,Collins,SOIL AND WATER,,,ADAIR BRANCH (I),487,32,266,189,0
Tattnall,Manassas,SOIL AND WATER,,,ADAIR BRANCH (I),110,1,99,10,0
Tattnall,District II,SOIL AND WATER,,,ADAIR BRANCH (I),942,49,390,503,0
Tattnall,Birdford,SOIL AND WATER,,,ADAIR BRANCH (I),291,14,192,85,0
Tattnall,East Glennville,SOIL AND WATER,,,ADAIR BRANCH (I),760,51,363,345,1
Tattnall,District IV,SOIL AND WATER,,,ADAIR BRANCH (I),1057,64,467,525,1
Tattnall,District V,SOIL AND WATER,,,ADAIR BRANCH (I),645,31,322,288,4
Tattnall,,Constitutional Amendment #1<br>Shall the Constitution be amended to allow state or local approval of public charter schools upon the request of local communities?,,,YES,2544,178,1257,1108,1
Tattnall,Cobbtown,Constitutional Amendment #1<br>Shall the Constitution be amended to allow state or local approval of public charter schools upon the request of local communities?,,,YES,181,8,84,89,0
Tattnall,Longview,Constitutional Amendment #1<br>Shall the Constitution be amended to allow state or local approval of public charter schools upon the request of local communities?,,,YES,46,3,32,11,0
Tattnall,Collins,Constitutional Amendment #1<br>Shall the Constitution be amended to allow state or local approval of public charter schools upon the request of local communities?,,,YES,243,19,141,83,0
Tattnall,Manassas,Constitutional Amendment #1<br>Shall the Constitution be amended to allow state or local approval of public charter schools upon the request of local communities?,,,YES,62,0,54,8,0
Tattnall,District II,Constitutional Amendment #1<br>Shall the Constitution be amended to allow state or local approval of public charter schools upon the request of local communities?,,,YES,541,36,209,296,0
Tattnall,Birdford,Constitutional Amendment #1<br>Shall the Constitution be amended to allow state or local approval of public charter schools upon the request of local communities?,,,YES,118,8,73,37,0
Tattnall,East Glennville,Constitutional Amendment #1<br>Shall the Constitution be amended to allow state or local approval of public charter schools upon the request of local communities?,,,YES,445,39,224,182,0
Tattnall,District IV,Constitutional Amendment #1<br>Shall the Constitution be amended to allow state or local approval of public charter schools upon the request of local communities?,,,YES,548,42,270,236,0
Tattnall,District V,Constitutional Amendment #1<br>Shall the Constitution be amended to allow state or local approval of public charter schools upon the request of local communities?,,,YES,360,23,170,166,1
Tattnall,,Constitutional Amendment #1<br>Shall the Constitution be amended to allow state or local approval of public charter schools upon the request of local communities?,,,NO,3733,154,1839,1735,5
Tattnall,Cobbtown,Constitutional Amendment #1<br>Shall the Constitution be amended to allow state or local approval of public charter schools upon the request of local communities?,,,NO,230,9,115,106,0
Tattnall,Longview,Constitutional Amendment #1<br>Shall the Constitution be amended to allow state or local approval of public charter schools upon the request of local communities?,,,NO,98,6,76,16,0
Tattnall,Collins,Constitutional Amendment #1<br>Shall the Constitution be amended to allow state or local approval of public charter schools upon the request of local communities?,,,NO,421,19,236,166,0
Tattnall,Manassas,Constitutional Amendment #1<br>Shall the Constitution be amended to allow state or local approval of public charter schools upon the request of local communities?,,,NO,88,3,74,11,0
Tattnall,District II,Constitutional Amendment #1<br>Shall the Constitution be amended to allow state or local approval of public charter schools upon the request of local communities?,,,NO,754,27,310,417,0
Tattnall,Birdford,Constitutional Amendment #1<br>Shall the Constitution be amended to allow state or local approval of public charter schools upon the request of local communities?,,,NO,240,8,173,59,0
Tattnall,East Glennville,Constitutional Amendment #1<br>Shall the Constitution be amended to allow state or local approval of public charter schools upon the request of local communities?,,,NO,526,20,235,271,0
Tattnall,District IV,Constitutional Amendment #1<br>Shall the Constitution be amended to allow state or local approval of public charter schools upon the request of local communities?,,,NO,866,40,363,462,1
Tattnall,District V,Constitutional Amendment #1<br>Shall the Constitution be amended to allow state or local approval of public charter schools upon the request of local communities?,,,NO,510,22,257,227,4
Tattnall,,Constitutional Amendment #2<br>Shall the Constitution be amended so as to provide for a reduction in the state's operating costs by allowing the General Assembly to authorize certain state agencies to enter into multiyear rental agreements?,,,YES,3256,181,1600,1471,4
Tattnall,Cobbtown,Constitutional Amendment #2<br>Shall the Constitution be amended so as to provide for a reduction in the state's operating costs by allowing the General Assembly to authorize certain state agencies to enter into multiyear rental agreements?,,,YES,205,10,85,110,0
Tattnall,Longview,Constitutional Amendment #2<br>Shall the Constitution be amended so as to provide for a reduction in the state's operating costs by allowing the General Assembly to authorize certain state agencies to enter into multiyear rental agreements?,,,YES,73,6,52,15,0
Tattnall,Collins,Constitutional Amendment #2<br>Shall the Constitution be amended so as to provide for a reduction in the state's operating costs by allowing the General Assembly to authorize certain state agencies to enter into multiyear rental agreements?,,,YES,326,17,190,119,0
Tattnall,Manassas,Constitutional Amendment #2<br>Shall the Constitution be amended so as to provide for a reduction in the state's operating costs by allowing the General Assembly to authorize certain state agencies to enter into multiyear rental agreements?,,,YES,79,1,67,11,0
Tattnall,District II,Constitutional Amendment #2<br>Shall the Constitution be amended so as to provide for a reduction in the state's operating costs by allowing the General Assembly to authorize certain state agencies to enter into multiyear rental agreements?,,,YES,665,29,277,359,0
Tattnall,Birdford,Constitutional Amendment #2<br>Shall the Constitution be amended so as to provide for a reduction in the state's operating costs by allowing the General Assembly to authorize certain state agencies to enter into multiyear rental agreements?,,,YES,167,11,116,40,0
Tattnall,East Glennville,Constitutional Amendment #2<br>Shall the Constitution be amended so as to provide for a reduction in the state's operating costs by allowing the General Assembly to authorize certain state agencies to enter into multiyear rental agreements?,,,YES,520,40,251,228,1
Tattnall,District IV,Constitutional Amendment #2<br>Shall the Constitution be amended so as to provide for a reduction in the state's operating costs by allowing the General Assembly to authorize certain state agencies to enter into multiyear rental agreements?,,,YES,754,41,348,365,0
Tattnall,District V,Constitutional Amendment #2<br>Shall the Constitution be amended so as to provide for a reduction in the state's operating costs by allowing the General Assembly to authorize certain state agencies to enter into multiyear rental agreements?,,,YES,467,26,214,224,3
Tattnall,,Constitutional Amendment #2<br>Shall the Constitution be amended so as to provide for a reduction in the state's operating costs by allowing the General Assembly to authorize certain state agencies to enter into multiyear rental agreements?,,,NO,2545,130,1269,1143,3
Tattnall,Cobbtown,Constitutional Amendment #2<br>Shall the Constitution be amended so as to provide for a reduction in the state's operating costs by allowing the General Assembly to authorize certain state agencies to enter into multiyear rental agreements?,,,NO,171,7,95,69,0
Tattnall,Longview,Constitutional Amendment #2<br>Shall the Constitution be amended so as to provide for a reduction in the state's operating costs by allowing the General Assembly to authorize certain state agencies to enter into multiyear rental agreements?,,,NO,60,2,49,9,0
Tattnall,Collins,Constitutional Amendment #2<br>Shall the Constitution be amended so as to provide for a reduction in the state's operating costs by allowing the General Assembly to authorize certain state agencies to enter into multiyear rental agreements?,,,NO,291,19,159,113,0
Tattnall,Manassas,Constitutional Amendment #2<br>Shall the Constitution be amended so as to provide for a reduction in the state's operating costs by allowing the General Assembly to authorize certain state agencies to enter into multiyear rental agreements?,,,NO,68,2,59,7,0
Tattnall,District II,Constitutional Amendment #2<br>Shall the Constitution be amended so as to provide for a reduction in the state's operating costs by allowing the General Assembly to authorize certain state agencies to enter into multiyear rental agreements?,,,NO,531,28,201,302,0
Tattnall,Birdford,Constitutional Amendment #2<br>Shall the Constitution be amended so as to provide for a reduction in the state's operating costs by allowing the General Assembly to authorize certain state agencies to enter into multiyear rental agreements?,,,NO,163,5,110,48,0
Tattnall,East Glennville,Constitutional Amendment #2<br>Shall the Constitution be amended so as to provide for a reduction in the state's operating costs by allowing the General Assembly to authorize certain state agencies to enter into multiyear rental agreements?,,,NO,370,17,173,180,0
Tattnall,District IV,Constitutional Amendment #2<br>Shall the Constitution be amended so as to provide for a reduction in the state's operating costs by allowing the General Assembly to authorize certain state agencies to enter into multiyear rental agreements?,,,NO,542,36,238,267,1
Tattnall,District V,Constitutional Amendment #2<br>Shall the Constitution be amended so as to provide for a reduction in the state's operating costs by allowing the General Assembly to authorize certain state agencies to enter into multiyear rental agreements?,,,NO,349,14,185,148,2
