county,precinct,office,district,party,candidate,votes,absentee_by_mail,election_day,advance_in_person,provisional
Wilkinson,,President of the United States,,R,MITT ROMNEY,2246,117,1511,616,2
Wilkinson,Bloodworth,President of the United States,,R,MITT ROMNEY,207,12,161,34,0
Wilkinson,Griffin,President of the United States,,R,MITT ROMNEY,108,12,86,10,0
Wilkinson,High Hill,President of the United States,,R,MITT ROMNEY,93,5,73,15,0
Wilkinson,Irwinton,President of the United States,,R,MITT ROMNEY,276,12,131,132,1
Wilkinson,Ivey,President of the United States,,R,MITT ROMNEY,476,17,352,106,1
Wilkinson,Lord,President of the United States,,R,MITT ROMNEY,242,10,168,64,0
Wilkinson,Midway,President of the United States,,R,MITT ROMNEY,126,6,60,60,0
Wilkinson,Ramah,President of the United States,,R,MITT ROMNEY,514,36,302,176,0
Wilkinson,Turkey Creek,President of the United States,,R,MITT ROMNEY,204,7,178,19,0
Wilkinson,,President of the United States,,(D,BARACK OBAMA (I),2181,122,1211,847,1
Wilkinson,Bloodworth,President of the United States,,(D,BARACK OBAMA (I),35,3,24,8,0
Wilkinson,Griffin,President of the United States,,(D,BARACK OBAMA (I),30,5,21,4,0
Wilkinson,High Hill,President of the United States,,(D,BARACK OBAMA (I),23,0,18,5,0
Wilkinson,Irwinton,President of the United States,,(D,BARACK OBAMA (I),336,22,135,179,0
Wilkinson,Ivey,President of the United States,,(D,BARACK OBAMA (I),91,7,62,22,0
Wilkinson,Lord,President of the United States,,(D,BARACK OBAMA (I),265,9,152,104,0
Wilkinson,Midway,President of the United States,,(D,BARACK OBAMA (I),600,31,284,285,0
Wilkinson,Ramah,President of the United States,,(D,BARACK OBAMA (I),678,34,430,213,1
Wilkinson,Turkey Creek,President of the United States,,(D,BARACK OBAMA (I),123,11,85,27,0
Wilkinson,,President of the United States,,L,GARY JOHNSON,23,2,17,4,0
Wilkinson,Bloodworth,President of the United States,,L,GARY JOHNSON,2,0,2,0,0
Wilkinson,Griffin,President of the United States,,L,GARY JOHNSON,1,1,0,0,0
Wilkinson,High Hill,President of the United States,,L,GARY JOHNSON,1,0,1,0,0
Wilkinson,Irwinton,President of the United States,,L,GARY JOHNSON,4,1,2,1,0
Wilkinson,Ivey,President of the United States,,L,GARY JOHNSON,4,0,3,1,0
Wilkinson,Lord,President of the United States,,L,GARY JOHNSON,3,0,3,0,0
Wilkinson,Midway,President of the United States,,L,GARY JOHNSON,1,0,0,1,0
Wilkinson,Ramah,President of the United States,,L,GARY JOHNSON,4,0,3,1,0
Wilkinson,Turkey Creek,President of the United States,,L,GARY JOHNSON,3,0,3,0,0
Wilkinson,,"Public Service Commission, District 3",3,(R,CHUCK EATON (I),1908,107,1258,541,2
Wilkinson,Bloodworth,"Public Service Commission, District 3",3,(R,CHUCK EATON (I),172,12,133,27,0
Wilkinson,Griffin,"Public Service Commission, District 3",3,(R,CHUCK EATON (I),88,10,69,9,0
Wilkinson,High Hill,"Public Service Commission, District 3",3,(R,CHUCK EATON (I),85,5,69,11,0
Wilkinson,Irwinton,"Public Service Commission, District 3",3,(R,CHUCK EATON (I),226,12,102,111,1
Wilkinson,Ivey,"Public Service Commission, District 3",3,(R,CHUCK EATON (I),392,13,286,92,1
Wilkinson,Lord,"Public Service Commission, District 3",3,(R,CHUCK EATON (I),209,11,141,57,0
Wilkinson,Midway,"Public Service Commission, District 3",3,(R,CHUCK EATON (I),125,6,60,59,0
Wilkinson,Ramah,"Public Service Commission, District 3",3,(R,CHUCK EATON (I),445,31,257,157,0
Wilkinson,Turkey Creek,"Public Service Commission, District 3",3,(R,CHUCK EATON (I),166,7,141,18,0
Wilkinson,,"Public Service Commission, District 3",3,D,STEPHEN OPPENHEIMER,1943,113,1124,705,1
Wilkinson,Bloodworth,"Public Service Commission, District 3",3,D,STEPHEN OPPENHEIMER,44,2,35,7,0
Wilkinson,Griffin,"Public Service Commission, District 3",3,D,STEPHEN OPPENHEIMER,40,4,32,4,0
Wilkinson,High Hill,"Public Service Commission, District 3",3,D,STEPHEN OPPENHEIMER,23,0,18,5,0
Wilkinson,Irwinton,"Public Service Commission, District 3",3,D,STEPHEN OPPENHEIMER,303,22,125,156,0
Wilkinson,Ivey,"Public Service Commission, District 3",3,D,STEPHEN OPPENHEIMER,111,8,77,26,0
Wilkinson,Lord,"Public Service Commission, District 3",3,D,STEPHEN OPPENHEIMER,238,6,141,91,0
Wilkinson,Midway,"Public Service Commission, District 3",3,D,STEPHEN OPPENHEIMER,487,31,235,221,0
Wilkinson,Ramah,"Public Service Commission, District 3",3,D,STEPHEN OPPENHEIMER,574,29,370,174,1
Wilkinson,Turkey Creek,"Public Service Commission, District 3",3,D,STEPHEN OPPENHEIMER,123,11,91,21,0
Wilkinson,,"Public Service Commission, District 3",3,L,BRAD PLOEGER,84,4,56,24,0
Wilkinson,Bloodworth,"Public Service Commission, District 3",3,L,BRAD PLOEGER,7,1,4,2,0
Wilkinson,Griffin,"Public Service Commission, District 3",3,L,BRAD PLOEGER,2,1,0,1,0
Wilkinson,High Hill,"Public Service Commission, District 3",3,L,BRAD PLOEGER,2,0,2,0,0
Wilkinson,Irwinton,"Public Service Commission, District 3",3,L,BRAD PLOEGER,17,1,9,7,0
Wilkinson,Ivey,"Public Service Commission, District 3",3,L,BRAD PLOEGER,12,0,9,3,0
Wilkinson,Lord,"Public Service Commission, District 3",3,L,BRAD PLOEGER,10,0,8,2,0
Wilkinson,Midway,"Public Service Commission, District 3",3,L,BRAD PLOEGER,8,0,5,3,0
Wilkinson,Ramah,"Public Service Commission, District 3",3,L,BRAD PLOEGER,18,1,12,5,0
Wilkinson,Turkey Creek,"Public Service Commission, District 3",3,L,BRAD PLOEGER,8,0,7,1,0
Wilkinson,,"Public Service Commission, District 5",5,(R,STAN WISE (I),2231,120,1466,643,2
Wilkinson,Bloodworth,"Public Service Commission, District 5",5,(R,STAN WISE (I),179,13,138,28,0
Wilkinson,Griffin,"Public Service Commission, District 5",5,(R,STAN WISE (I),101,10,81,10,0
Wilkinson,High Hill,"Public Service Commission, District 5",5,(R,STAN WISE (I),92,5,74,13,0
Wilkinson,Irwinton,"Public Service Commission, District 5",5,(R,STAN WISE (I),287,17,135,134,1
Wilkinson,Ivey,"Public Service Commission, District 5",5,(R,STAN WISE (I),420,15,305,99,1
Wilkinson,Lord,"Public Service Commission, District 5",5,(R,STAN WISE (I),240,9,164,67,0
Wilkinson,Midway,"Public Service Commission, District 5",5,(R,STAN WISE (I),179,8,90,81,0
Wilkinson,Ramah,"Public Service Commission, District 5",5,(R,STAN WISE (I),535,35,309,191,0
Wilkinson,Turkey Creek,"Public Service Commission, District 5",5,(R,STAN WISE (I),198,8,170,20,0
Wilkinson,,"Public Service Commission, District 5",5,L,DAVID STAPLES,1077,56,643,377,1
Wilkinson,Bloodworth,"Public Service Commission, District 5",5,L,DAVID STAPLES,35,2,28,5,0
Wilkinson,Griffin,"Public Service Commission, District 5",5,L,DAVID STAPLES,14,4,10,0,0
Wilkinson,High Hill,"Public Service Commission, District 5",5,L,DAVID STAPLES,14,0,11,3,0
Wilkinson,Irwinton,"Public Service Commission, District 5",5,L,DAVID STAPLES,159,7,67,85,0
Wilkinson,Ivey,"Public Service Commission, District 5",5,L,DAVID STAPLES,75,4,50,21,0
Wilkinson,Lord,"Public Service Commission, District 5",5,L,DAVID STAPLES,131,4,75,52,0
Wilkinson,Midway,"Public Service Commission, District 5",5,L,DAVID STAPLES,260,16,132,112,0
Wilkinson,Ramah,"Public Service Commission, District 5",5,L,DAVID STAPLES,319,16,217,85,1
Wilkinson,Turkey Creek,"Public Service Commission, District 5",5,L,DAVID STAPLES,70,3,53,14,0
Wilkinson,,U.S. Representative,8,(R,AUSTIN SCOTT (I),2828,131,1855,839,3
Wilkinson,Bloodworth,U.S. Representative,8,(R,AUSTIN SCOTT (I),198,14,154,30,0
Wilkinson,Griffin,U.S. Representative,8,(R,AUSTIN SCOTT (I),111,13,87,11,0
Wilkinson,High Hill,U.S. Representative,8,(R,AUSTIN SCOTT (I),104,4,82,18,0
Wilkinson,Irwinton,U.S. Representative,8,(R,AUSTIN SCOTT (I),363,19,162,181,1
Wilkinson,Ivey,U.S. Representative,8,(R,AUSTIN SCOTT (I),485,16,352,116,1
Wilkinson,Lord,U.S. Representative,8,(R,AUSTIN SCOTT (I),322,11,218,93,0
Wilkinson,Midway,U.S. Representative,8,(R,AUSTIN SCOTT (I),337,12,180,145,0
Wilkinson,Ramah,U.S. Representative,8,(R,AUSTIN SCOTT (I),673,33,419,220,1
Wilkinson,Turkey Creek,U.S. Representative,8,(R,AUSTIN SCOTT (I),235,9,201,25,0
Wilkinson,,State Senator,26,R,BOBBY GALE,2310,117,1535,656,2
Wilkinson,Bloodworth,State Senator,26,R,BOBBY GALE,208,12,164,32,0
Wilkinson,Griffin,State Senator,26,R,BOBBY GALE,111,15,86,10,0
Wilkinson,High Hill,State Senator,26,R,BOBBY GALE,96,5,76,15,0
Wilkinson,Irwinton,State Senator,26,R,BOBBY GALE,302,13,140,148,1
Wilkinson,Ivey,State Senator,26,R,BOBBY GALE,474,18,344,111,1
Wilkinson,Lord,State Senator,26,R,BOBBY GALE,252,8,171,73,0
Wilkinson,Midway,State Senator,26,R,BOBBY GALE,149,6,69,74,0
Wilkinson,Ramah,State Senator,26,R,BOBBY GALE,525,33,316,176,0
Wilkinson,Turkey Creek,State Senator,26,R,BOBBY GALE,193,7,169,17,0
Wilkinson,,State Senator,26,D,DAVID LUCAS SR.,1991,120,1098,772,1
Wilkinson,Bloodworth,State Senator,26,D,DAVID LUCAS SR.,29,3,20,6,0
Wilkinson,Griffin,State Senator,26,D,DAVID LUCAS SR.,27,3,19,5,0
Wilkinson,High Hill,State Senator,26,D,DAVID LUCAS SR.,20,0,15,5,0
Wilkinson,Irwinton,State Senator,26,D,DAVID LUCAS SR.,305,22,125,158,0
Wilkinson,Ivey,State Senator,26,D,DAVID LUCAS SR.,78,5,56,17,0
Wilkinson,Lord,State Senator,26,D,DAVID LUCAS SR.,248,11,145,92,0
Wilkinson,Midway,State Senator,26,D,DAVID LUCAS SR.,550,31,257,262,0
Wilkinson,Ramah,State Senator,26,D,DAVID LUCAS SR.,615,34,380,200,1
Wilkinson,Turkey Creek,State Senator,26,D,DAVID LUCAS SR.,119,11,81,27,0
Wilkinson,,State Representative,144,(R,JAMES EPPS (I),2302,121,1535,644,2
Wilkinson,Bloodworth,State Representative,144,(R,JAMES EPPS (I),210,12,165,33,0
Wilkinson,Griffin,State Representative,144,(R,JAMES EPPS (I),110,12,87,11,0
Wilkinson,High Hill,State Representative,144,(R,JAMES EPPS (I),92,5,72,15,0
Wilkinson,Irwinton,State Representative,144,(R,JAMES EPPS (I),290,12,135,142,1
Wilkinson,Ivey,State Representative,144,(R,JAMES EPPS (I),477,18,351,107,1
Wilkinson,Lord,State Representative,144,(R,JAMES EPPS (I),253,10,174,69,0
Wilkinson,Midway,State Representative,144,(R,JAMES EPPS (I),141,7,63,71,0
Wilkinson,Ramah,State Representative,144,(R,JAMES EPPS (I),526,38,309,179,0
Wilkinson,Turkey Creek,State Representative,144,(R,JAMES EPPS (I),203,7,179,17,0
Wilkinson,,State Representative,144,D,MARY WHIPPLE-LUE,2018,115,1121,781,1
Wilkinson,Bloodworth,State Representative,144,D,MARY WHIPPLE-LUE,29,3,19,7,0
Wilkinson,Griffin,State Representative,144,D,MARY WHIPPLE-LUE,28,5,19,4,0
Wilkinson,High Hill,State Representative,144,D,MARY WHIPPLE-LUE,24,0,20,4,0
Wilkinson,Irwinton,State Representative,144,D,MARY WHIPPLE-LUE,317,22,132,163,0
Wilkinson,Ivey,State Representative,144,D,MARY WHIPPLE-LUE,79,6,52,21,0
Wilkinson,Lord,State Representative,144,D,MARY WHIPPLE-LUE,245,8,139,98,0
Wilkinson,Midway,State Representative,144,D,MARY WHIPPLE-LUE,564,30,273,261,0
Wilkinson,Ramah,State Representative,144,D,MARY WHIPPLE-LUE,619,30,392,196,1
Wilkinson,Turkey Creek,State Representative,144,D,MARY WHIPPLE-LUE,113,11,75,27,0
Wilkinson,,District Attorney, Ocmulgee Circuit,(D,FRED BRIGHT (I),3590,177,2208,1202,3
Wilkinson,Bloodworth,District Attorney, Ocmulgee Circuit,(D,FRED BRIGHT (I),202,12,152,38,0
Wilkinson,Griffin,District Attorney, Ocmulgee Circuit,(D,FRED BRIGHT (I),115,12,91,12,0
Wilkinson,High Hill,District Attorney, Ocmulgee Circuit,(D,FRED BRIGHT (I),95,4,75,16,0
Wilkinson,Irwinton,District Attorney, Ocmulgee Circuit,(D,FRED BRIGHT (I),490,27,219,243,1
Wilkinson,Ivey,District Attorney, Ocmulgee Circuit,(D,FRED BRIGHT (I),472,15,339,117,1
Wilkinson,Lord,District Attorney, Ocmulgee Circuit,(D,FRED BRIGHT (I),412,14,256,142,0
Wilkinson,Midway,District Attorney, Ocmulgee Circuit,(D,FRED BRIGHT (I),587,32,279,276,0
Wilkinson,Ramah,District Attorney, Ocmulgee Circuit,(D,FRED BRIGHT (I),963,46,593,323,1
Wilkinson,Turkey Creek,District Attorney, Ocmulgee Circuit,(D,FRED BRIGHT (I),254,15,204,35,0
Wilkinson,,Probate Judge,,D,VIVIAN CUMMINGS (I),3527,171,2168,1185,3
Wilkinson,Bloodworth,Probate Judge,,D,VIVIAN CUMMINGS (I),174,11,131,32,0
Wilkinson,Griffin,Probate Judge,,D,VIVIAN CUMMINGS (I),108,12,85,11,0
Wilkinson,High Hill,Probate Judge,,D,VIVIAN CUMMINGS (I),87,4,68,15,0
Wilkinson,Irwinton,Probate Judge,,D,VIVIAN CUMMINGS (I),480,28,218,233,1
Wilkinson,Ivey,Probate Judge,,D,VIVIAN CUMMINGS (I),430,13,310,106,1
Wilkinson,Lord,Probate Judge,,D,VIVIAN CUMMINGS (I),428,14,263,151,0
Wilkinson,Midway,Probate Judge,,D,VIVIAN CUMMINGS (I),611,32,290,289,0
Wilkinson,Ramah,Probate Judge,,D,VIVIAN CUMMINGS (I),971,44,614,312,1
Wilkinson,Turkey Creek,Probate Judge,,D,VIVIAN CUMMINGS (I),238,13,189,36,0
Wilkinson,,Superior Court Clerk,,(D,CINDA BRIGHT (I),3601,178,2218,1202,3
Wilkinson,Bloodworth,Superior Court Clerk,,(D,CINDA BRIGHT (I),197,13,147,37,0
Wilkinson,Griffin,Superior Court Clerk,,(D,CINDA BRIGHT (I),117,13,92,12,0
Wilkinson,High Hill,Superior Court Clerk,,(D,CINDA BRIGHT (I),95,3,76,16,0
Wilkinson,Irwinton,Superior Court Clerk,,(D,CINDA BRIGHT (I),487,28,217,241,1
Wilkinson,Ivey,Superior Court Clerk,,(D,CINDA BRIGHT (I),460,15,331,113,1
Wilkinson,Lord,Superior Court Clerk,,(D,CINDA BRIGHT (I),424,14,264,146,0
Wilkinson,Midway,Superior Court Clerk,,(D,CINDA BRIGHT (I),601,33,284,284,0
Wilkinson,Ramah,Superior Court Clerk,,(D,CINDA BRIGHT (I),964,45,601,317,1
Wilkinson,Turkey Creek,Superior Court Clerk,,(D,CINDA BRIGHT (I),256,14,206,36,0
Wilkinson,,Sheriff,,D,RICHARD CHATMAN (I),3660,175,2258,1224,3
Wilkinson,Bloodworth,Sheriff,,D,RICHARD CHATMAN (I),189,13,140,36,0
Wilkinson,Griffin,Sheriff,,D,RICHARD CHATMAN (I),114,14,88,12,0
Wilkinson,High Hill,Sheriff,,D,RICHARD CHATMAN (I),94,3,74,17,0
Wilkinson,Irwinton,Sheriff,,D,RICHARD CHATMAN (I),493,28,225,239,1
Wilkinson,Ivey,Sheriff,,D,RICHARD CHATMAN (I),452,13,329,109,1
Wilkinson,Lord,Sheriff,,D,RICHARD CHATMAN (I),433,12,269,152,0
Wilkinson,Midway,Sheriff,,D,RICHARD CHATMAN (I),622,33,295,294,0
Wilkinson,Ramah,Sheriff,,D,RICHARD CHATMAN (I),1009,44,635,329,1
Wilkinson,Turkey Creek,Sheriff,,D,RICHARD CHATMAN (I),254,15,203,36,0
Wilkinson,,Tax Commissioner,,D,VANESSA FOUNTAIN,3602,180,2215,1205,2
Wilkinson,Bloodworth,Tax Commissioner,,D,VANESSA FOUNTAIN,195,13,146,36,0
Wilkinson,Griffin,Tax Commissioner,,D,VANESSA FOUNTAIN,118,14,91,13,0
Wilkinson,High Hill,Tax Commissioner,,D,VANESSA FOUNTAIN,92,4,72,16,0
Wilkinson,Irwinton,Tax Commissioner,,D,VANESSA FOUNTAIN,482,26,219,237,0
Wilkinson,Ivey,Tax Commissioner,,D,VANESSA FOUNTAIN,467,16,337,113,1
Wilkinson,Lord,Tax Commissioner,,D,VANESSA FOUNTAIN,428,17,263,148,0
Wilkinson,Midway,Tax Commissioner,,D,VANESSA FOUNTAIN,598,33,280,285,0
Wilkinson,Ramah,Tax Commissioner,,D,VANESSA FOUNTAIN,973,44,606,322,1
Wilkinson,Turkey Creek,Tax Commissioner,,D,VANESSA FOUNTAIN,249,13,201,35,0
Wilkinson,,Surveyor,,(D,DONALD BROOKS (I),3397,172,2097,1125,3
Wilkinson,Bloodworth,Surveyor,,(D,DONALD BROOKS (I),184,13,138,33,0
Wilkinson,Griffin,Surveyor,,(D,DONALD BROOKS (I),108,13,84,11,0
Wilkinson,High Hill,Surveyor,,(D,DONALD BROOKS (I),89,4,71,14,0
Wilkinson,Irwinton,Surveyor,,(D,DONALD BROOKS (I),461,25,212,223,1
Wilkinson,Ivey,Surveyor,,(D,DONALD BROOKS (I),457,14,330,112,1
Wilkinson,Lord,Surveyor,,(D,DONALD BROOKS (I),383,12,239,132,0
Wilkinson,Midway,Surveyor,,(D,DONALD BROOKS (I),545,32,261,252,0
Wilkinson,Ramah,Surveyor,,(D,DONALD BROOKS (I),932,46,572,313,1
Wilkinson,Turkey Creek,Surveyor,,(D,DONALD BROOKS (I),238,13,190,35,0
Wilkinson,,Coroner,,D,WILLIAM MATTHEWS (I),3613,179,2221,1210,3
Wilkinson,Bloodworth,Coroner,,D,WILLIAM MATTHEWS (I),200,13,151,36,0
Wilkinson,Griffin,Coroner,,D,WILLIAM MATTHEWS (I),112,13,88,11,0
Wilkinson,High Hill,Coroner,,D,WILLIAM MATTHEWS (I),91,3,73,15,0
Wilkinson,Irwinton,Coroner,,D,WILLIAM MATTHEWS (I),502,28,225,248,1
Wilkinson,Ivey,Coroner,,D,WILLIAM MATTHEWS (I),460,13,336,110,1
Wilkinson,Lord,Coroner,,D,WILLIAM MATTHEWS (I),433,17,269,147,0
Wilkinson,Midway,Coroner,,D,WILLIAM MATTHEWS (I),608,32,287,289,0
Wilkinson,Ramah,Coroner,,D,WILLIAM MATTHEWS (I),966,45,600,320,1
Wilkinson,Turkey Creek,Coroner,,D,WILLIAM MATTHEWS (I),241,15,192,34,0
Wilkinson,,BOE Chair,,(D,MARJO BAISDEN (I),3422,168,2113,1139,2
Wilkinson,Bloodworth,BOE Chair,,(D,MARJO BAISDEN (I),178,12,134,32,0
Wilkinson,Griffin,BOE Chair,,(D,MARJO BAISDEN (I),109,12,84,13,0
Wilkinson,High Hill,BOE Chair,,(D,MARJO BAISDEN (I),86,4,68,14,0
Wilkinson,Irwinton,BOE Chair,,(D,MARJO BAISDEN (I),471,28,213,230,0
Wilkinson,Ivey,BOE Chair,,(D,MARJO BAISDEN (I),431,12,318,100,1
Wilkinson,Lord,BOE Chair,,(D,MARJO BAISDEN (I),397,12,247,138,0
Wilkinson,Midway,BOE Chair,,(D,MARJO BAISDEN (I),568,31,272,265,0
Wilkinson,Ramah,BOE Chair,,(D,MARJO BAISDEN (I),949,44,589,315,1
Wilkinson,Turkey Creek,BOE Chair,,(D,MARJO BAISDEN (I),233,13,188,32,0
Wilkinson,,BOE 3,,R,ROBERT DAVIDSON,534,30,392,112,0
Wilkinson,Griffin,BOE 3,,R,ROBERT DAVIDSON,65,7,51,7,0
Wilkinson,High Hill,BOE 3,,R,ROBERT DAVIDSON,63,4,49,10,0
Wilkinson,Irwinton,BOE 3,,R,ROBERT DAVIDSON,76,1,40,35,0
Wilkinson,Lord,BOE 3,,R,ROBERT DAVIDSON,150,10,95,45,0
Wilkinson,Turkey Creek,BOE 3,,R,ROBERT DAVIDSON,180,8,157,15,0
Wilkinson,,BOE 3,,(D,LEROY STRANGE (I),636,28,423,185,0
Wilkinson,Griffin,BOE 3,,(D,LEROY STRANGE (I),72,9,55,8,0
Wilkinson,High Hill,BOE 3,,(D,LEROY STRANGE (I),38,1,33,4,0
Wilkinson,Irwinton,BOE 3,,(D,LEROY STRANGE (I),64,3,28,33,0
Wilkinson,Lord,BOE 3,,(D,LEROY STRANGE (I),350,9,220,121,0
Wilkinson,Turkey Creek,BOE 3,,(D,LEROY STRANGE (I),112,6,87,19,0
Wilkinson,,BOE 4,,D,CHARLES PITTS,882,52,458,372,0
Wilkinson,Bloodworth,BOE 4,,D,CHARLES PITTS,155,12,119,24,0
Wilkinson,Irwinton,BOE 4,,D,CHARLES PITTS,150,9,62,79,0
Wilkinson,Midway,BOE 4,,D,CHARLES PITTS,577,31,277,269,0
Wilkinson,,Constitutional Amendment #1<br>Shall the Constitution be amended to allow state or local approval of public charter schools upon the request of local communities?,,,YES,2123,106,1306,709,2
Wilkinson,Bloodworth,Constitutional Amendment #1<br>Shall the Constitution be amended to allow state or local approval of public charter schools upon the request of local communities?,,,YES,124,10,95,19,0
Wilkinson,Griffin,Constitutional Amendment #1<br>Shall the Constitution be amended to allow state or local approval of public charter schools upon the request of local communities?,,,YES,34,4,24,6,0
Wilkinson,High Hill,Constitutional Amendment #1<br>Shall the Constitution be amended to allow state or local approval of public charter schools upon the request of local communities?,,,YES,64,3,46,15,0
Wilkinson,Irwinton,Constitutional Amendment #1<br>Shall the Constitution be amended to allow state or local approval of public charter schools upon the request of local communities?,,,YES,301,17,134,150,0
Wilkinson,Ivey,Constitutional Amendment #1<br>Shall the Constitution be amended to allow state or local approval of public charter schools upon the request of local communities?,,,YES,318,10,237,70,1
Wilkinson,Lord,Constitutional Amendment #1<br>Shall the Constitution be amended to allow state or local approval of public charter schools upon the request of local communities?,,,YES,224,13,147,64,0
Wilkinson,Midway,Constitutional Amendment #1<br>Shall the Constitution be amended to allow state or local approval of public charter schools upon the request of local communities?,,,YES,359,18,163,178,0
Wilkinson,Ramah,Constitutional Amendment #1<br>Shall the Constitution be amended to allow state or local approval of public charter schools upon the request of local communities?,,,YES,587,22,376,188,1
Wilkinson,Turkey Creek,Constitutional Amendment #1<br>Shall the Constitution be amended to allow state or local approval of public charter schools upon the request of local communities?,,,YES,112,9,84,19,0
Wilkinson,,Constitutional Amendment #1<br>Shall the Constitution be amended to allow state or local approval of public charter schools upon the request of local communities?,,,NO,2008,114,1257,636,1
Wilkinson,Bloodworth,Constitutional Amendment #1<br>Shall the Constitution be amended to allow state or local approval of public charter schools upon the request of local communities?,,,NO,106,5,84,17,0
Wilkinson,Griffin,Constitutional Amendment #1<br>Shall the Constitution be amended to allow state or local approval of public charter schools upon the request of local communities?,,,NO,92,10,75,7,0
Wilkinson,High Hill,Constitutional Amendment #1<br>Shall the Constitution be amended to allow state or local approval of public charter schools upon the request of local communities?,,,NO,49,2,45,2,0
Wilkinson,Irwinton,Constitutional Amendment #1<br>Shall the Constitution be amended to allow state or local approval of public charter schools upon the request of local communities?,,,NO,276,16,120,139,1
Wilkinson,Ivey,Constitutional Amendment #1<br>Shall the Constitution be amended to allow state or local approval of public charter schools upon the request of local communities?,,,NO,224,13,157,54,0
Wilkinson,Lord,Constitutional Amendment #1<br>Shall the Constitution be amended to allow state or local approval of public charter schools upon the request of local communities?,,,NO,243,5,148,90,0
Wilkinson,Midway,Constitutional Amendment #1<br>Shall the Constitution be amended to allow state or local approval of public charter schools upon the request of local communities?,,,NO,293,17,155,121,0
Wilkinson,Ramah,Constitutional Amendment #1<br>Shall the Constitution be amended to allow state or local approval of public charter schools upon the request of local communities?,,,NO,536,39,315,182,0
Wilkinson,Turkey Creek,Constitutional Amendment #1<br>Shall the Constitution be amended to allow state or local approval of public charter schools upon the request of local communities?,,,NO,189,7,158,24,0
Wilkinson,,Constitutional Amendment #2<br>Shall the Constitution be amended so as to provide for a reduction in the state's operating costs by allowing the General Assembly to authorize certain state agencies to enter into multiyear rental agreements?,,,YES,2168,100,1346,720,2
Wilkinson,Bloodworth,Constitutional Amendment #2<br>Shall the Constitution be amended so as to provide for a reduction in the state's operating costs by allowing the General Assembly to authorize certain state agencies to enter into multiyear rental agreements?,,,YES,130,13,93,24,0
Wilkinson,Griffin,Constitutional Amendment #2<br>Shall the Constitution be amended so as to provide for a reduction in the state's operating costs by allowing the General Assembly to authorize certain state agencies to enter into multiyear rental agreements?,,,YES,63,3,52,8,0
Wilkinson,High Hill,Constitutional Amendment #2<br>Shall the Constitution be amended so as to provide for a reduction in the state's operating costs by allowing the General Assembly to authorize certain state agencies to enter into multiyear rental agreements?,,,YES,58,2,46,10,0
Wilkinson,Irwinton,Constitutional Amendment #2<br>Shall the Constitution be amended so as to provide for a reduction in the state's operating costs by allowing the General Assembly to authorize certain state agencies to enter into multiyear rental agreements?,,,YES,302,18,138,146,0
Wilkinson,Ivey,Constitutional Amendment #2<br>Shall the Constitution be amended so as to provide for a reduction in the state's operating costs by allowing the General Assembly to authorize certain state agencies to enter into multiyear rental agreements?,,,YES,315,7,231,76,1
Wilkinson,Lord,Constitutional Amendment #2<br>Shall the Constitution be amended so as to provide for a reduction in the state's operating costs by allowing the General Assembly to authorize certain state agencies to enter into multiyear rental agreements?,,,YES,245,12,150,83,0
Wilkinson,Midway,Constitutional Amendment #2<br>Shall the Constitution be amended so as to provide for a reduction in the state's operating costs by allowing the General Assembly to authorize certain state agencies to enter into multiyear rental agreements?,,,YES,343,15,163,165,0
Wilkinson,Ramah,Constitutional Amendment #2<br>Shall the Constitution be amended so as to provide for a reduction in the state's operating costs by allowing the General Assembly to authorize certain state agencies to enter into multiyear rental agreements?,,,YES,567,21,356,189,1
Wilkinson,Turkey Creek,Constitutional Amendment #2<br>Shall the Constitution be amended so as to provide for a reduction in the state's operating costs by allowing the General Assembly to authorize certain state agencies to enter into multiyear rental agreements?,,,YES,145,9,117,19,0
Wilkinson,,Constitutional Amendment #2<br>Shall the Constitution be amended so as to provide for a reduction in the state's operating costs by allowing the General Assembly to authorize certain state agencies to enter into multiyear rental agreements?,,,NO,1761,112,1100,548,1
Wilkinson,Bloodworth,Constitutional Amendment #2<br>Shall the Constitution be amended so as to provide for a reduction in the state's operating costs by allowing the General Assembly to authorize certain state agencies to enter into multiyear rental agreements?,,,NO,92,2,79,11,0
Wilkinson,Griffin,Constitutional Amendment #2<br>Shall the Constitution be amended so as to provide for a reduction in the state's operating costs by allowing the General Assembly to authorize certain state agencies to enter into multiyear rental agreements?,,,NO,62,11,46,5,0
Wilkinson,High Hill,Constitutional Amendment #2<br>Shall the Constitution be amended so as to provide for a reduction in the state's operating costs by allowing the General Assembly to authorize certain state agencies to enter into multiyear rental agreements?,,,NO,47,3,40,4,0
Wilkinson,Irwinton,Constitutional Amendment #2<br>Shall the Constitution be amended so as to provide for a reduction in the state's operating costs by allowing the General Assembly to authorize certain state agencies to enter into multiyear rental agreements?,,,NO,235,13,98,123,1
Wilkinson,Ivey,Constitutional Amendment #2<br>Shall the Constitution be amended so as to provide for a reduction in the state's operating costs by allowing the General Assembly to authorize certain state agencies to enter into multiyear rental agreements?,,,NO,205,16,147,42,0
Wilkinson,Lord,Constitutional Amendment #2<br>Shall the Constitution be amended so as to provide for a reduction in the state's operating costs by allowing the General Assembly to authorize certain state agencies to enter into multiyear rental agreements?,,,NO,206,6,134,66,0
Wilkinson,Midway,Constitutional Amendment #2<br>Shall the Constitution be amended so as to provide for a reduction in the state's operating costs by allowing the General Assembly to authorize certain state agencies to enter into multiyear rental agreements?,,,NO,268,19,136,113,0
Wilkinson,Ramah,Constitutional Amendment #2<br>Shall the Constitution be amended so as to provide for a reduction in the state's operating costs by allowing the General Assembly to authorize certain state agencies to enter into multiyear rental agreements?,,,NO,497,35,301,161,0
Wilkinson,Turkey Creek,Constitutional Amendment #2<br>Shall the Constitution be amended so as to provide for a reduction in the state's operating costs by allowing the General Assembly to authorize certain state agencies to enter into multiyear rental agreements?,,,NO,149,7,119,23,0
