county,precinct,office,district,party,candidate,votes,absentee_by_mail,election_day,advance_in_person,provisional
Appling,,President of the United States,,R,MITT ROMNEY,5233,433,3205,1594,1
Appling,1A,President of the United States,,R,MITT ROMNEY,155,13,117,25,0
Appling,1A1,President of the United States,,R,MITT ROMNEY,194,22,130,42,0
Appling,1B,President of the United States,,R,MITT ROMNEY,618,58,369,191,0
Appling,1C,President of the United States,,R,MITT ROMNEY,469,44,282,143,0
Appling,1D,President of the United States,,R,MITT ROMNEY,81,9,64,8,0
Appling,2,President of the United States,,R,MITT ROMNEY,353,34,199,120,0
Appling,3A,President of the United States,,R,MITT ROMNEY,191,10,146,34,1
Appling,3B,President of the United States,,R,MITT ROMNEY,100,10,67,23,0
Appling,3C,President of the United States,,R,MITT ROMNEY,666,74,309,283,0
Appling,4A,President of the United States,,R,MITT ROMNEY,252,9,208,35,0
Appling,4B,President of the United States,,R,MITT ROMNEY,315,25,219,71,0
Appling,4C,President of the United States,,R,MITT ROMNEY,281,12,209,60,0
Appling,4D,President of the United States,,R,MITT ROMNEY,608,46,319,243,0
Appling,5A,President of the United States,,R,MITT ROMNEY,485,38,265,182,0
Appling,5B,President of the United States,,R,MITT ROMNEY,256,13,150,93,0
Appling,5C,President of the United States,,R,MITT ROMNEY,209,16,152,41,0
Appling,,President of the United States,,D,BARACK OBAMA (I),1758,200,951,605,2
Appling,1A,President of the United States,,D,BARACK OBAMA (I),30,3,15,11,1
Appling,1A1,President of the United States,,D,BARACK OBAMA (I),18,0,13,5,0
Appling,1B,President of the United States,,D,BARACK OBAMA (I),111,13,68,30,0
Appling,1C,President of the United States,,D,BARACK OBAMA (I),41,8,24,9,0
Appling,1D,President of the United States,,D,BARACK OBAMA (I),6,1,5,0,0
Appling,2,President of the United States,,D,BARACK OBAMA (I),796,100,385,311,0
Appling,3A,President of the United States,,D,BARACK OBAMA (I),11,0,8,3,0
Appling,3B,President of the United States,,D,BARACK OBAMA (I),125,12,94,19,0
Appling,3C,President of the United States,,D,BARACK OBAMA (I),286,42,133,110,1
Appling,4A,President of the United States,,D,BARACK OBAMA (I),15,1,11,3,0
Appling,4B,President of the United States,,D,BARACK OBAMA (I),9,1,4,4,0
Appling,4C,President of the United States,,D,BARACK OBAMA (I),13,0,9,4,0
Appling,4D,President of the United States,,D,BARACK OBAMA (I),80,3,35,42,0
Appling,5A,President of the United States,,D,BARACK OBAMA (I),86,6,49,31,0
Appling,5B,President of the United States,,D,BARACK OBAMA (I),102,5,79,18,0
Appling,5C,President of the United States,,D,BARACK OBAMA (I),29,5,19,5,0
Appling,,President of the United States,,L,GARY JOHNSON,92,10,60,22,0
Appling,1A,President of the United States,,L,GARY JOHNSON,1,0,0,1,0
Appling,1A1,President of the United States,,L,GARY JOHNSON,7,1,4,2,0
Appling,1B,President of the United States,,L,GARY JOHNSON,9,4,3,2,0
Appling,1C,President of the United States,,L,GARY JOHNSON,12,0,10,2,0
Appling,1D,President of the United States,,L,GARY JOHNSON,2,0,1,1,0
Appling,2,President of the United States,,L,GARY JOHNSON,5,0,4,1,0
Appling,3A,President of the United States,,L,GARY JOHNSON,3,0,1,2,0
Appling,3B,President of the United States,,L,GARY JOHNSON,2,0,2,0,0
Appling,3C,President of the United States,,L,GARY JOHNSON,13,1,10,2,0
Appling,4A,President of the United States,,L,GARY JOHNSON,4,0,4,0,0
Appling,4B,President of the United States,,L,GARY JOHNSON,4,0,4,0,0
Appling,4C,President of the United States,,L,GARY JOHNSON,0,0,0,0,0
Appling,4D,President of the United States,,L,GARY JOHNSON,8,2,4,2,0
Appling,5A,President of the United States,,L,GARY JOHNSON,12,2,6,4,0
Appling,5B,President of the United States,,L,GARY JOHNSON,8,0,5,3,0
Appling,5C,President of the United States,,L,GARY JOHNSON,2,0,2,0,0
Appling,,"Public Service Commission, District 3",3,R,CHUCK EATON (I),4407,361,2684,1360,2
Appling,1A,"Public Service Commission, District 3",3,R,CHUCK EATON (I),131,8,98,25,0
Appling,1A1,"Public Service Commission, District 3",3,R,CHUCK EATON (I),163,19,108,36,0
Appling,1B,"Public Service Commission, District 3",3,R,CHUCK EATON (I),503,47,313,143,0
Appling,1C,"Public Service Commission, District 3",3,R,CHUCK EATON (I),391,34,235,122,0
Appling,1D,"Public Service Commission, District 3",3,R,CHUCK EATON (I),63,9,46,8,0
Appling,2,"Public Service Commission, District 3",3,R,CHUCK EATON (I),324,36,173,115,0
Appling,3A,"Public Service Commission, District 3",3,R,CHUCK EATON (I),152,7,119,25,1
Appling,3B,"Public Service Commission, District 3",3,R,CHUCK EATON (I),90,11,60,19,0
Appling,3C,"Public Service Commission, District 3",3,R,CHUCK EATON (I),583,59,270,253,1
Appling,4A,"Public Service Commission, District 3",3,R,CHUCK EATON (I),218,9,178,31,0
Appling,4B,"Public Service Commission, District 3",3,R,CHUCK EATON (I),264,22,180,62,0
Appling,4C,"Public Service Commission, District 3",3,R,CHUCK EATON (I),226,10,166,50,0
Appling,4D,"Public Service Commission, District 3",3,R,CHUCK EATON (I),519,40,272,207,0
Appling,5A,"Public Service Commission, District 3",3,R,CHUCK EATON (I),395,27,217,151,0
Appling,5B,"Public Service Commission, District 3",3,R,CHUCK EATON (I),214,9,124,81,0
Appling,5C,"Public Service Commission, District 3",3,R,CHUCK EATON (I),171,14,125,32,0
Appling,,"Public Service Commission, District 3",3,D,STEPHEN OPPENHEIMER,1630,202,923,504,1
Appling,1A,"Public Service Commission, District 3",3,D,STEPHEN OPPENHEIMER,35,5,20,9,1
Appling,1A1,"Public Service Commission, District 3",3,D,STEPHEN OPPENHEIMER,28,0,21,7,0
Appling,1B,"Public Service Commission, District 3",3,D,STEPHEN OPPENHEIMER,128,21,73,34,0
Appling,1C,"Public Service Commission, District 3",3,D,STEPHEN OPPENHEIMER,57,10,35,12,0
Appling,1D,"Public Service Commission, District 3",3,D,STEPHEN OPPENHEIMER,10,0,9,1,0
Appling,2,"Public Service Commission, District 3",3,D,STEPHEN OPPENHEIMER,620,85,309,226,0
Appling,3A,"Public Service Commission, District 3",3,D,STEPHEN OPPENHEIMER,18,0,11,7,0
Appling,3B,"Public Service Commission, District 3",3,D,STEPHEN OPPENHEIMER,102,10,75,17,0
Appling,3C,"Public Service Commission, District 3",3,D,STEPHEN OPPENHEIMER,255,43,123,89,0
Appling,4A,"Public Service Commission, District 3",3,D,STEPHEN OPPENHEIMER,25,1,19,5,0
Appling,4B,"Public Service Commission, District 3",3,D,STEPHEN OPPENHEIMER,15,0,12,3,0
Appling,4C,"Public Service Commission, District 3",3,D,STEPHEN OPPENHEIMER,27,2,21,4,0
Appling,4D,"Public Service Commission, District 3",3,D,STEPHEN OPPENHEIMER,95,6,47,42,0
Appling,5A,"Public Service Commission, District 3",3,D,STEPHEN OPPENHEIMER,85,9,51,25,0
Appling,5B,"Public Service Commission, District 3",3,D,STEPHEN OPPENHEIMER,91,5,68,18,0
Appling,5C,"Public Service Commission, District 3",3,D,STEPHEN OPPENHEIMER,39,5,29,5,0
Appling,,"Public Service Commission, District 3",3,L,BRAD PLOEGER,169,15,105,49,0
Appling,1A,"Public Service Commission, District 3",3,L,BRAD PLOEGER,4,0,4,0,0
Appling,1A1,"Public Service Commission, District 3",3,L,BRAD PLOEGER,6,1,3,2,0
Appling,1B,"Public Service Commission, District 3",3,L,BRAD PLOEGER,17,2,10,5,0
Appling,1C,"Public Service Commission, District 3",3,L,BRAD PLOEGER,17,2,10,5,0
Appling,1D,"Public Service Commission, District 3",3,L,BRAD PLOEGER,1,0,1,0,0
Appling,2,"Public Service Commission, District 3",3,L,BRAD PLOEGER,22,0,15,7,0
Appling,3A,"Public Service Commission, District 3",3,L,BRAD PLOEGER,7,0,6,1,0
Appling,3B,"Public Service Commission, District 3",3,L,BRAD PLOEGER,1,0,1,0,0
Appling,3C,"Public Service Commission, District 3",3,L,BRAD PLOEGER,25,2,14,9,0
Appling,4A,"Public Service Commission, District 3",3,L,BRAD PLOEGER,5,0,5,0,0
Appling,4B,"Public Service Commission, District 3",3,L,BRAD PLOEGER,10,1,9,0,0
Appling,4C,"Public Service Commission, District 3",3,L,BRAD PLOEGER,6,0,2,4,0
Appling,4D,"Public Service Commission, District 3",3,L,BRAD PLOEGER,15,2,6,7,0
Appling,5A,"Public Service Commission, District 3",3,L,BRAD PLOEGER,12,2,6,4,0
Appling,5B,"Public Service Commission, District 3",3,L,BRAD PLOEGER,17,3,9,5,0
Appling,5C,"Public Service Commission, District 3",3,L,BRAD PLOEGER,4,0,4,0,0
Appling,,"Public Service Commission, District 5",5,R,STAN WISE (I),4648,405,2833,1407,3
Appling,1A,"Public Service Commission, District 5",5,R,STAN WISE (I),141,7,105,28,1
Appling,1A1,"Public Service Commission, District 5",5,R,STAN WISE (I),169,19,114,36,0
Appling,1B,"Public Service Commission, District 5",5,R,STAN WISE (I),532,52,331,149,0
Appling,1C,"Public Service Commission, District 5",5,R,STAN WISE (I),395,38,234,123,0
Appling,1D,"Public Service Commission, District 5",5,R,STAN WISE (I),68,8,51,9,0
Appling,2,"Public Service Commission, District 5",5,R,STAN WISE (I),412,48,226,138,0
Appling,3A,"Public Service Commission, District 5",5,R,STAN WISE (I),145,6,111,27,1
Appling,3B,"Public Service Commission, District 5",5,R,STAN WISE (I),106,15,69,22,0
Appling,3C,"Public Service Commission, District 5",5,R,STAN WISE (I),627,75,294,257,1
Appling,4A,"Public Service Commission, District 5",5,R,STAN WISE (I),225,9,186,30,0
Appling,4B,"Public Service Commission, District 5",5,R,STAN WISE (I),263,21,182,60,0
Appling,4C,"Public Service Commission, District 5",5,R,STAN WISE (I),224,10,167,47,0
Appling,4D,"Public Service Commission, District 5",5,R,STAN WISE (I),531,42,277,212,0
Appling,5A,"Public Service Commission, District 5",5,R,STAN WISE (I),395,29,217,149,0
Appling,5B,"Public Service Commission, District 5",5,R,STAN WISE (I),233,12,138,83,0
Appling,5C,"Public Service Commission, District 5",5,R,STAN WISE (I),182,14,131,37,0
Appling,,"Public Service Commission, District 5",5,L,DAVID STAPLES,1069,104,640,325,0
Appling,1A,"Public Service Commission, District 5",5,L,DAVID STAPLES,22,4,15,3,0
Appling,1A1,"Public Service Commission, District 5",5,L,DAVID STAPLES,21,1,13,7,0
Appling,1B,"Public Service Commission, District 5",5,L,DAVID STAPLES,90,15,48,27,0
Appling,1C,"Public Service Commission, District 5",5,L,DAVID STAPLES,50,6,31,13,0
Appling,1D,"Public Service Commission, District 5",5,L,DAVID STAPLES,5,1,4,0,0
Appling,2,"Public Service Commission, District 5",5,L,DAVID STAPLES,330,31,182,117,0
Appling,3A,"Public Service Commission, District 5",5,L,DAVID STAPLES,27,0,22,5,0
Appling,3B,"Public Service Commission, District 5",5,L,DAVID STAPLES,36,1,30,5,0
Appling,3C,"Public Service Commission, District 5",5,L,DAVID STAPLES,167,17,88,62,0
Appling,4A,"Public Service Commission, District 5",5,L,DAVID STAPLES,16,1,13,2,0
Appling,4B,"Public Service Commission, District 5",5,L,DAVID STAPLES,25,3,18,4,0
Appling,4C,"Public Service Commission, District 5",5,L,DAVID STAPLES,26,2,18,6,0
Appling,4D,"Public Service Commission, District 5",5,L,DAVID STAPLES,75,5,37,33,0
Appling,5A,"Public Service Commission, District 5",5,L,DAVID STAPLES,78,8,50,20,0
Appling,5B,"Public Service Commission, District 5",5,L,DAVID STAPLES,69,5,46,18,0
Appling,5C,"Public Service Commission, District 5",5,L,DAVID STAPLES,32,4,25,3,0
Appling,,U.S. Representative,12,R,LEE ANDERSON,4339,355,2628,1353,3
Appling,1A,U.S. Representative,12,R,LEE ANDERSON,126,10,92,23,1
Appling,1A1,U.S. Representative,12,R,LEE ANDERSON,169,17,117,35,0
Appling,1B,U.S. Representative,12,R,LEE ANDERSON,506,44,300,162,0
Appling,1C,U.S. Representative,12,R,LEE ANDERSON,402,35,250,117,0
Appling,1D,U.S. Representative,12,R,LEE ANDERSON,58,9,40,9,0
Appling,2,U.S. Representative,12,R,LEE ANDERSON,294,29,155,110,0
Appling,3A,U.S. Representative,12,R,LEE ANDERSON,160,8,125,26,1
Appling,3B,U.S. Representative,12,R,LEE ANDERSON,76,7,51,18,0
Appling,3C,U.S. Representative,12,R,LEE ANDERSON,568,61,267,239,1
Appling,4A,U.S. Representative,12,R,LEE ANDERSON,206,9,169,28,0
Appling,4B,U.S. Representative,12,R,LEE ANDERSON,271,24,186,61,0
Appling,4C,U.S. Representative,12,R,LEE ANDERSON,215,8,152,55,0
Appling,4D,U.S. Representative,12,R,LEE ANDERSON,494,41,251,202,0
Appling,5A,U.S. Representative,12,R,LEE ANDERSON,399,25,216,158,0
Appling,5B,U.S. Representative,12,R,LEE ANDERSON,217,13,126,78,0
Appling,5C,U.S. Representative,12,R,LEE ANDERSON,178,15,131,32,0
Appling,,U.S. Representative,12,D,JOHN BARROW (I),2507,262,1457,788,0
Appling,1A,U.S. Representative,12,D,JOHN BARROW (I),55,5,36,14,0
Appling,1A1,U.S. Representative,12,D,JOHN BARROW (I),46,6,26,14,0
Appling,1B,U.S. Representative,12,D,JOHN BARROW (I),210,28,129,53,0
Appling,1C,U.S. Representative,12,D,JOHN BARROW (I),114,16,64,34,0
Appling,1D,U.S. Representative,12,D,JOHN BARROW (I),28,1,27,0,0
Appling,2,U.S. Representative,12,D,JOHN BARROW (I),797,95,403,299,0
Appling,3A,U.S. Representative,12,D,JOHN BARROW (I),36,1,23,12,0
Appling,3B,U.S. Representative,12,D,JOHN BARROW (I),143,15,106,22,0
Appling,3C,U.S. Representative,12,D,JOHN BARROW (I),366,49,177,140,0
Appling,4A,U.S. Representative,12,D,JOHN BARROW (I),59,1,50,8,0
Appling,4B,U.S. Representative,12,D,JOHN BARROW (I),48,2,33,13,0
Appling,4C,U.S. Representative,12,D,JOHN BARROW (I),71,4,57,10,0
Appling,4D,U.S. Representative,12,D,JOHN BARROW (I),179,10,93,76,0
Appling,5A,U.S. Representative,12,D,JOHN BARROW (I),157,18,90,49,0
Appling,5B,U.S. Representative,12,D,JOHN BARROW (I),137,5,102,30,0
Appling,5C,U.S. Representative,12,D,JOHN BARROW (I),61,6,41,14,0
Appling,,State Senator,19,R,TOMMIE WILLIAMS (I),5534,483,3357,1691,3
Appling,1A,State Senator,19,R,TOMMIE WILLIAMS (I),161,11,119,30,1
Appling,1A1,State Senator,19,R,TOMMIE WILLIAMS (I),160,18,98,44,0
Appling,1B,State Senator,19,R,TOMMIE WILLIAMS (I),612,58,381,173,0
Appling,1C,State Senator,19,R,TOMMIE WILLIAMS (I),454,49,268,137,0
Appling,1D,State Senator,19,R,TOMMIE WILLIAMS (I),78,10,59,9,0
Appling,2,State Senator,19,R,TOMMIE WILLIAMS (I),648,70,350,228,0
Appling,3A,State Senator,19,R,TOMMIE WILLIAMS (I),171,8,128,34,1
Appling,3B,State Senator,19,R,TOMMIE WILLIAMS (I),126,13,86,27,0
Appling,3C,State Senator,19,R,TOMMIE WILLIAMS (I),746,89,356,300,1
Appling,4A,State Senator,19,R,TOMMIE WILLIAMS (I),248,9,205,34,0
Appling,4B,State Senator,19,R,TOMMIE WILLIAMS (I),289,22,203,64,0
Appling,4C,State Senator,19,R,TOMMIE WILLIAMS (I),258,11,188,59,0
Appling,4D,State Senator,19,R,TOMMIE WILLIAMS (I),602,51,313,238,0
Appling,5A,State Senator,19,R,TOMMIE WILLIAMS (I),479,33,267,179,0
Appling,5B,State Senator,19,R,TOMMIE WILLIAMS (I),292,17,178,97,0
Appling,5C,State Senator,19,R,TOMMIE WILLIAMS (I),210,14,158,38,0
Appling,,State Representative,156,R,GREG MORRIS (I),3781,346,2264,1168,3
Appling,1A,State Representative,156,R,GREG MORRIS (I),154,9,114,30,1
Appling,1A1,State Representative,156,R,GREG MORRIS (I),184,17,127,40,0
Appling,1B,State Representative,156,R,GREG MORRIS (I),568,54,360,154,0
Appling,1C,State Representative,156,R,GREG MORRIS (I),431,45,256,130,0
Appling,1D,State Representative,156,R,GREG MORRIS (I),74,9,56,9,0
Appling,2,State Representative,156,R,GREG MORRIS (I),589,64,326,199,0
Appling,3A,State Representative,156,R,GREG MORRIS (I),162,6,123,32,1
Appling,3C,State Representative,156,R,GREG MORRIS (I),714,86,338,289,1
Appling,5A,State Representative,156,R,GREG MORRIS (I),444,29,252,163,0
Appling,5B,State Representative,156,R,GREG MORRIS (I),270,16,165,89,0
Appling,5C,State Representative,156,R,GREG MORRIS (I),191,11,147,33,0
Appling,,State Representative,178,R,CHAD NIMMER (I),1423,101,931,391,0
Appling,3B,State Representative,178,R,CHAD NIMMER (I),114,11,77,26,0
Appling,4A,State Representative,178,R,CHAD NIMMER (I),233,9,196,28,0
Appling,4B,State Representative,178,R,CHAD NIMMER (I),274,23,189,62,0
Appling,4C,State Representative,178,R,CHAD NIMMER (I),238,11,174,53,0
Appling,4D,State Representative,178,R,CHAD NIMMER (I),564,47,295,222,0
Appling,,District Attorney, Brunswick Circuit,R,JACKIE JOHNSON (I),5378,466,3274,1635,3
Appling,1A,District Attorney, Brunswick Circuit,R,JACKIE JOHNSON (I),161,12,116,32,1
Appling,1A1,District Attorney, Brunswick Circuit,R,JACKIE JOHNSON (I),191,18,131,42,0
Appling,1B,District Attorney, Brunswick Circuit,R,JACKIE JOHNSON (I),585,60,362,163,0
Appling,1C,District Attorney, Brunswick Circuit,R,JACKIE JOHNSON (I),443,45,262,136,0
Appling,1D,District Attorney, Brunswick Circuit,R,JACKIE JOHNSON (I),75,10,56,9,0
Appling,2,District Attorney, Brunswick Circuit,R,JACKIE JOHNSON (I),623,67,338,218,0
Appling,3A,District Attorney, Brunswick Circuit,R,JACKIE JOHNSON (I),170,5,131,33,1
Appling,3B,District Attorney, Brunswick Circuit,R,JACKIE JOHNSON (I),124,11,84,29,0
Appling,3C,District Attorney, Brunswick Circuit,R,JACKIE JOHNSON (I),729,89,351,288,1
Appling,4A,District Attorney, Brunswick Circuit,R,JACKIE JOHNSON (I),237,9,197,31,0
Appling,4B,District Attorney, Brunswick Circuit,R,JACKIE JOHNSON (I),275,22,189,64,0
Appling,4C,District Attorney, Brunswick Circuit,R,JACKIE JOHNSON (I),249,12,180,57,0
Appling,4D,District Attorney, Brunswick Circuit,R,JACKIE JOHNSON (I),588,48,304,236,0
Appling,5A,District Attorney, Brunswick Circuit,R,JACKIE JOHNSON (I),459,29,262,168,0
Appling,5B,District Attorney, Brunswick Circuit,R,JACKIE JOHNSON (I),272,16,164,92,0
Appling,5C,District Attorney, Brunswick Circuit,R,JACKIE JOHNSON (I),197,13,147,37,0
Appling,,CLERK, SUPERIOR COURT,D,F. FLOYD HUNTER (I),5956,538,3580,1836,2
Appling,1A,CLERK, SUPERIOR COURT,D,F. FLOYD HUNTER (I),165,13,121,30,1
Appling,1A1,CLERK, SUPERIOR COURT,D,F. FLOYD HUNTER (I),186,18,127,41,0
Appling,1B,CLERK, SUPERIOR COURT,D,F. FLOYD HUNTER (I),613,61,377,175,0
Appling,1C,CLERK, SUPERIOR COURT,D,F. FLOYD HUNTER (I),452,46,271,135,0
Appling,1D,CLERK, SUPERIOR COURT,D,F. FLOYD HUNTER (I),79,10,63,6,0
Appling,2,CLERK, SUPERIOR COURT,D,F. FLOYD HUNTER (I),990,117,504,369,0
Appling,3A,CLERK, SUPERIOR COURT,D,F. FLOYD HUNTER (I),163,7,126,29,1
Appling,3B,CLERK, SUPERIOR COURT,D,F. FLOYD HUNTER (I),182,13,137,32,0
Appling,3C,CLERK, SUPERIOR COURT,D,F. FLOYD HUNTER (I),827,98,390,339,0
Appling,4A,CLERK, SUPERIOR COURT,D,F. FLOYD HUNTER (I),217,8,180,29,0
Appling,4B,CLERK, SUPERIOR COURT,D,F. FLOYD HUNTER (I),260,23,172,65,0
Appling,4C,CLERK, SUPERIOR COURT,D,F. FLOYD HUNTER (I),243,11,175,57,0
Appling,4D,CLERK, SUPERIOR COURT,D,F. FLOYD HUNTER (I),600,45,312,243,0
Appling,5A,CLERK, SUPERIOR COURT,D,F. FLOYD HUNTER (I),472,37,272,163,0
Appling,5B,CLERK, SUPERIOR COURT,D,F. FLOYD HUNTER (I),311,18,207,86,0
Appling,5C,CLERK, SUPERIOR COURT,D,F. FLOYD HUNTER (I),196,13,146,37,0
Appling,,SHERIFF,,R,BENNY DELOACH (I),4504,405,2615,1481,3
Appling,1A,SHERIFF,,R,BENNY DELOACH (I),123,10,88,24,1
Appling,1A1,SHERIFF,,R,BENNY DELOACH (I),176,19,116,41,0
Appling,1B,SHERIFF,,R,BENNY DELOACH (I),490,53,280,157,0
Appling,1C,SHERIFF,,R,BENNY DELOACH (I),357,40,204,113,0
Appling,1D,SHERIFF,,R,BENNY DELOACH (I),46,6,33,7,0
Appling,2,SHERIFF,,R,BENNY DELOACH (I),574,71,272,231,0
Appling,3A,SHERIFF,,R,BENNY DELOACH (I),137,4,102,30,1
Appling,3B,SHERIFF,,R,BENNY DELOACH (I),118,12,78,28,0
Appling,3C,SHERIFF,,R,BENNY DELOACH (I),599,61,281,256,1
Appling,4A,SHERIFF,,R,BENNY DELOACH (I),201,8,168,25,0
Appling,4B,SHERIFF,,R,BENNY DELOACH (I),223,17,150,56,0
Appling,4C,SHERIFF,,R,BENNY DELOACH (I),193,7,138,48,0
Appling,4D,SHERIFF,,R,BENNY DELOACH (I),491,44,241,206,0
Appling,5A,SHERIFF,,R,BENNY DELOACH (I),386,24,211,151,0
Appling,5B,SHERIFF,,R,BENNY DELOACH (I),230,12,142,76,0
Appling,5C,SHERIFF,,R,BENNY DELOACH (I),160,17,111,32,0
Appling,,SHERIFF,,D,ELDON CARTER,2434,227,1532,675,0
Appling,1A,SHERIFF,,D,ELDON CARTER,61,6,42,13,0
Appling,1A1,SHERIFF,,D,ELDON CARTER,42,4,30,8,0
Appling,1B,SHERIFF,,D,ELDON CARTER,237,22,152,63,0
Appling,1C,SHERIFF,,D,ELDON CARTER,154,10,108,36,0
Appling,1D,SHERIFF,,D,ELDON CARTER,42,4,36,2,0
Appling,2,SHERIFF,,D,ELDON CARTER,550,60,307,183,0
Appling,3A,SHERIFF,,D,ELDON CARTER,70,6,54,10,0
Appling,3B,SHERIFF,,D,ELDON CARTER,95,7,78,10,0
Appling,3C,SHERIFF,,D,ELDON CARTER,342,54,161,127,0
Appling,4A,SHERIFF,,D,ELDON CARTER,62,2,49,11,0
Appling,4B,SHERIFF,,D,ELDON CARTER,98,9,71,18,0
Appling,4C,SHERIFF,,D,ELDON CARTER,97,5,75,17,0
Appling,4D,SHERIFF,,D,ELDON CARTER,191,8,110,73,0
Appling,5A,SHERIFF,,D,ELDON CARTER,189,20,109,60,0
Appling,5B,SHERIFF,,D,ELDON CARTER,130,6,92,32,0
Appling,5C,SHERIFF,,D,ELDON CARTER,74,4,58,12,0
Appling,,TAX COMMISSIONER,,R,DEAN COLLINS,2506,185,1510,809,2
Appling,1A,TAX COMMISSIONER,,R,DEAN COLLINS,77,4,57,16,0
Appling,1A1,TAX COMMISSIONER,,R,DEAN COLLINS,133,15,89,29,0
Appling,1B,TAX COMMISSIONER,,R,DEAN COLLINS,247,18,156,73,0
Appling,1C,TAX COMMISSIONER,,R,DEAN COLLINS,215,21,118,76,0
Appling,1D,TAX COMMISSIONER,,R,DEAN COLLINS,30,4,23,3,0
Appling,2,TAX COMMISSIONER,,R,DEAN COLLINS,204,18,106,80,0
Appling,3A,TAX COMMISSIONER,,R,DEAN COLLINS,90,3,65,21,1
Appling,3B,TAX COMMISSIONER,,R,DEAN COLLINS,54,5,33,16,0
Appling,3C,TAX COMMISSIONER,,R,DEAN COLLINS,360,41,164,154,1
Appling,4A,TAX COMMISSIONER,,R,DEAN COLLINS,98,5,79,14,0
Appling,4B,TAX COMMISSIONER,,R,DEAN COLLINS,159,11,116,32,0
Appling,4C,TAX COMMISSIONER,,R,DEAN COLLINS,119,4,91,24,0
Appling,4D,TAX COMMISSIONER,,R,DEAN COLLINS,277,17,146,114,0
Appling,5A,TAX COMMISSIONER,,R,DEAN COLLINS,218,10,125,83,0
Appling,5B,TAX COMMISSIONER,,R,DEAN COLLINS,134,5,76,53,0
Appling,5C,TAX COMMISSIONER,,R,DEAN COLLINS,91,4,66,21,0
Appling,,TAX COMMISSIONER,,D,DEBRA CARTER (I),4433,454,2627,1351,1
Appling,1A,TAX COMMISSIONER,,D,DEBRA CARTER (I),107,12,74,20,1
Appling,1A1,TAX COMMISSIONER,,D,DEBRA CARTER (I),84,7,57,20,0
Appling,1B,TAX COMMISSIONER,,D,DEBRA CARTER (I),485,58,281,146,0
Appling,1C,TAX COMMISSIONER,,D,DEBRA CARTER (I),305,31,198,76,0
Appling,1D,TAX COMMISSIONER,,D,DEBRA CARTER (I),56,6,45,5,0
Appling,2,TAX COMMISSIONER,,D,DEBRA CARTER (I),885,114,450,321,0
Appling,3A,TAX COMMISSIONER,,D,DEBRA CARTER (I),115,7,89,19,0
Appling,3B,TAX COMMISSIONER,,D,DEBRA CARTER (I),166,16,126,24,0
Appling,3C,TAX COMMISSIONER,,D,DEBRA CARTER (I),582,73,277,232,0
Appling,4A,TAX COMMISSIONER,,D,DEBRA CARTER (I),164,5,137,22,0
Appling,4B,TAX COMMISSIONER,,D,DEBRA CARTER (I),166,15,109,42,0
Appling,4C,TAX COMMISSIONER,,D,DEBRA CARTER (I),167,8,118,41,0
Appling,4D,TAX COMMISSIONER,,D,DEBRA CARTER (I),411,35,208,168,0
Appling,5A,TAX COMMISSIONER,,D,DEBRA CARTER (I),366,37,198,131,0
Appling,5B,TAX COMMISSIONER,,D,DEBRA CARTER (I),227,13,155,59,0
Appling,5C,TAX COMMISSIONER,,D,DEBRA CARTER (I),147,17,105,25,0
Appling,,SURVEYOR,,R,M.J. TOMBERLIN (I),5545,488,3383,1672,2
Appling,1A,SURVEYOR,,R,M.J. TOMBERLIN (I),160,12,117,30,1
Appling,1A1,SURVEYOR,,R,M.J. TOMBERLIN (I),187,19,126,42,0
Appling,1B,SURVEYOR,,R,M.J. TOMBERLIN (I),606,56,376,174,0
Appling,1C,SURVEYOR,,R,M.J. TOMBERLIN (I),446,45,269,132,0
Appling,1D,SURVEYOR,,R,M.J. TOMBERLIN (I),75,10,58,7,0
Appling,2,SURVEYOR,,R,M.J. TOMBERLIN (I),701,80,379,242,0
Appling,3A,SURVEYOR,,R,M.J. TOMBERLIN (I),166,7,126,32,1
Appling,3B,SURVEYOR,,R,M.J. TOMBERLIN (I),138,13,97,28,0
Appling,3C,SURVEYOR,,R,M.J. TOMBERLIN (I),743,91,359,293,0
Appling,4A,SURVEYOR,,R,M.J. TOMBERLIN (I),237,9,195,33,0
Appling,4B,SURVEYOR,,R,M.J. TOMBERLIN (I),278,22,193,63,0
Appling,4C,SURVEYOR,,R,M.J. TOMBERLIN (I),247,12,182,53,0
Appling,4D,SURVEYOR,,R,M.J. TOMBERLIN (I),602,50,313,239,0
Appling,5A,SURVEYOR,,R,M.J. TOMBERLIN (I),478,32,272,174,0
Appling,5B,SURVEYOR,,R,M.J. TOMBERLIN (I),288,17,177,94,0
Appling,5C,SURVEYOR,,R,M.J. TOMBERLIN (I),193,13,144,36,0
Appling,,CORONER,,R,JARED MURPHY,5448,456,3354,1636,2
Appling,1A,CORONER,,R,JARED MURPHY,161,11,119,30,1
Appling,1A1,CORONER,,R,JARED MURPHY,201,19,136,46,0
Appling,1B,CORONER,,R,JARED MURPHY,600,57,373,170,0
Appling,1C,CORONER,,R,JARED MURPHY,441,42,267,132,0
Appling,1D,CORONER,,R,JARED MURPHY,73,10,55,8,0
Appling,2,CORONER,,R,JARED MURPHY,635,67,358,210,0
Appling,3A,CORONER,,R,JARED MURPHY,179,7,137,35,0
Appling,3B,CORONER,,R,JARED MURPHY,129,10,91,28,0
Appling,3C,CORONER,,R,JARED MURPHY,732,81,361,289,1
Appling,4A,CORONER,,R,JARED MURPHY,237,9,195,33,0
Appling,4B,CORONER,,R,JARED MURPHY,281,22,193,66,0
Appling,4C,CORONER,,R,JARED MURPHY,247,12,182,53,0
Appling,4D,CORONER,,R,JARED MURPHY,596,47,307,242,0
Appling,5A,CORONER,,R,JARED MURPHY,453,31,262,160,0
Appling,5B,CORONER,,R,JARED MURPHY,284,17,170,97,0
Appling,5C,CORONER,,R,JARED MURPHY,199,14,148,37,0
Appling,,CC, D2,D,T. WILKERSON (I),948,107,492,349,0
Appling,2,CC, D2,D,T. WILKERSON (I),948,107,492,349,0
Appling,,CC, D4,R,RONALD H. RENTZ (I),1302,87,842,373,0
Appling,4A,CC, D4,R,RONALD H. RENTZ (I),230,9,188,33,0
Appling,4B,CC, D4,R,RONALD H. RENTZ (I),263,19,181,63,0
Appling,4C,CC, D4,R,RONALD H. RENTZ (I),239,12,174,53,0
Appling,4D,CC, D4,R,RONALD H. RENTZ (I),570,47,299,224,0
Appling,,CC, D5,R,CHARLIE LEGGETT (I),765,51,456,258,0
Appling,5A,CC, D5,R,CHARLIE LEGGETT (I),401,29,221,151,0
Appling,5B,CC, D5,R,CHARLIE LEGGETT (I),215,12,132,71,0
Appling,5C,CC, D5,R,CHARLIE LEGGETT (I),149,10,103,36,0
Appling,,CC, D5,D,EDNA O. VAUGHN,387,31,262,94,0
Appling,5A,CC, D5,D,EDNA O. VAUGHN,161,16,95,50,0
Appling,5B,CC, D5,D,EDNA O. VAUGHN,138,6,96,36,0
Appling,5C,CC, D5,D,EDNA O. VAUGHN,88,9,71,8,0
Appling,,Constitutional Amendment #1<br>Shall the Constitution be amended to allow state or local approval of public charter schools upon the request of local communities?,,,YES,2259,234,1299,725,1
Appling,1A,Constitutional Amendment #1<br>Shall the Constitution be amended to allow state or local approval of public charter schools upon the request of local communities?,,,YES,61,4,44,13,0
Appling,1A1,Constitutional Amendment #1<br>Shall the Constitution be amended to allow state or local approval of public charter schools upon the request of local communities?,,,YES,66,9,40,17,0
Appling,1B,Constitutional Amendment #1<br>Shall the Constitution be amended to allow state or local approval of public charter schools upon the request of local communities?,,,YES,223,21,137,65,0
Appling,1C,Constitutional Amendment #1<br>Shall the Constitution be amended to allow state or local approval of public charter schools upon the request of local communities?,,,YES,136,18,70,48,0
Appling,1D,Constitutional Amendment #1<br>Shall the Constitution be amended to allow state or local approval of public charter schools upon the request of local communities?,,,YES,25,3,17,5,0
Appling,2,Constitutional Amendment #1<br>Shall the Constitution be amended to allow state or local approval of public charter schools upon the request of local communities?,,,YES,442,49,233,160,0
Appling,3A,Constitutional Amendment #1<br>Shall the Constitution be amended to allow state or local approval of public charter schools upon the request of local communities?,,,YES,63,8,45,10,0
Appling,3B,Constitutional Amendment #1<br>Shall the Constitution be amended to allow state or local approval of public charter schools upon the request of local communities?,,,YES,72,10,44,18,0
Appling,3C,Constitutional Amendment #1<br>Shall the Constitution be amended to allow state or local approval of public charter schools upon the request of local communities?,,,YES,321,49,164,107,1
Appling,4A,Constitutional Amendment #1<br>Shall the Constitution be amended to allow state or local approval of public charter schools upon the request of local communities?,,,YES,66,3,49,14,0
Appling,4B,Constitutional Amendment #1<br>Shall the Constitution be amended to allow state or local approval of public charter schools upon the request of local communities?,,,YES,99,7,67,25,0
Appling,4C,Constitutional Amendment #1<br>Shall the Constitution be amended to allow state or local approval of public charter schools upon the request of local communities?,,,YES,82,9,51,22,0
Appling,4D,Constitutional Amendment #1<br>Shall the Constitution be amended to allow state or local approval of public charter schools upon the request of local communities?,,,YES,207,21,94,92,0
Appling,5A,Constitutional Amendment #1<br>Shall the Constitution be amended to allow state or local approval of public charter schools upon the request of local communities?,,,YES,189,13,97,79,0
Appling,5B,Constitutional Amendment #1<br>Shall the Constitution be amended to allow state or local approval of public charter schools upon the request of local communities?,,,YES,121,3,84,34,0
Appling,5C,Constitutional Amendment #1<br>Shall the Constitution be amended to allow state or local approval of public charter schools upon the request of local communities?,,,YES,86,7,63,16,0
Appling,,Constitutional Amendment #1<br>Shall the Constitution be amended to allow state or local approval of public charter schools upon the request of local communities?,,,NO,4380,333,2700,1346,1
Appling,1A,Constitutional Amendment #1<br>Shall the Constitution be amended to allow state or local approval of public charter schools upon the request of local communities?,,,NO,114,9,81,23,1
Appling,1A1,Constitutional Amendment #1<br>Shall the Constitution be amended to allow state or local approval of public charter schools upon the request of local communities?,,,NO,143,8,103,32,0
Appling,1B,Constitutional Amendment #1<br>Shall the Constitution be amended to allow state or local approval of public charter schools upon the request of local communities?,,,NO,482,47,290,145,0
Appling,1C,Constitutional Amendment #1<br>Shall the Constitution be amended to allow state or local approval of public charter schools upon the request of local communities?,,,NO,366,33,232,101,0
Appling,1D,Constitutional Amendment #1<br>Shall the Constitution be amended to allow state or local approval of public charter schools upon the request of local communities?,,,NO,55,7,45,3,0
Appling,2,Constitutional Amendment #1<br>Shall the Constitution be amended to allow state or local approval of public charter schools upon the request of local communities?,,,NO,623,66,316,241,0
Appling,3A,Constitutional Amendment #1<br>Shall the Constitution be amended to allow state or local approval of public charter schools upon the request of local communities?,,,NO,126,1,100,25,0
Appling,3B,Constitutional Amendment #1<br>Shall the Constitution be amended to allow state or local approval of public charter schools upon the request of local communities?,,,NO,137,9,105,23,0
Appling,3C,Constitutional Amendment #1<br>Shall the Constitution be amended to allow state or local approval of public charter schools upon the request of local communities?,,,NO,571,52,259,260,0
Appling,4A,Constitutional Amendment #1<br>Shall the Constitution be amended to allow state or local approval of public charter schools upon the request of local communities?,,,NO,192,5,168,19,0
Appling,4B,Constitutional Amendment #1<br>Shall the Constitution be amended to allow state or local approval of public charter schools upon the request of local communities?,,,NO,210,18,149,43,0
Appling,4C,Constitutional Amendment #1<br>Shall the Constitution be amended to allow state or local approval of public charter schools upon the request of local communities?,,,NO,206,3,162,41,0
Appling,4D,Constitutional Amendment #1<br>Shall the Constitution be amended to allow state or local approval of public charter schools upon the request of local communities?,,,NO,453,28,246,179,0
Appling,5A,Constitutional Amendment #1<br>Shall the Constitution be amended to allow state or local approval of public charter schools upon the request of local communities?,,,NO,347,23,202,122,0
Appling,5B,Constitutional Amendment #1<br>Shall the Constitution be amended to allow state or local approval of public charter schools upon the request of local communities?,,,NO,220,14,141,65,0
Appling,5C,Constitutional Amendment #1<br>Shall the Constitution be amended to allow state or local approval of public charter schools upon the request of local communities?,,,NO,135,10,101,24,0
Appling,,Constitutional Amendment #2<br>Shall the Constitution be amended so as to provide for a reduction in the state's operating costs by allowing the General Assembly to authorize certain state agencies to enter into multiyear rental agreements?,,,YES,3035,273,1803,957,2
Appling,1A,Constitutional Amendment #2<br>Shall the Constitution be amended so as to provide for a reduction in the state's operating costs by allowing the General Assembly to authorize certain state agencies to enter into multiyear rental agreements?,,,YES,72,5,51,15,1
Appling,1A1,Constitutional Amendment #2<br>Shall the Constitution be amended so as to provide for a reduction in the state's operating costs by allowing the General Assembly to authorize certain state agencies to enter into multiyear rental agreements?,,,YES,95,9,67,19,0
Appling,1B,Constitutional Amendment #2<br>Shall the Constitution be amended so as to provide for a reduction in the state's operating costs by allowing the General Assembly to authorize certain state agencies to enter into multiyear rental agreements?,,,YES,304,35,175,94,0
Appling,1C,Constitutional Amendment #2<br>Shall the Constitution be amended so as to provide for a reduction in the state's operating costs by allowing the General Assembly to authorize certain state agencies to enter into multiyear rental agreements?,,,YES,220,28,125,67,0
Appling,1D,Constitutional Amendment #2<br>Shall the Constitution be amended so as to provide for a reduction in the state's operating costs by allowing the General Assembly to authorize certain state agencies to enter into multiyear rental agreements?,,,YES,33,6,22,5,0
Appling,2,Constitutional Amendment #2<br>Shall the Constitution be amended so as to provide for a reduction in the state's operating costs by allowing the General Assembly to authorize certain state agencies to enter into multiyear rental agreements?,,,YES,461,50,249,162,0
Appling,3A,Constitutional Amendment #2<br>Shall the Constitution be amended so as to provide for a reduction in the state's operating costs by allowing the General Assembly to authorize certain state agencies to enter into multiyear rental agreements?,,,YES,71,4,51,16,0
Appling,3B,Constitutional Amendment #2<br>Shall the Constitution be amended so as to provide for a reduction in the state's operating costs by allowing the General Assembly to authorize certain state agencies to enter into multiyear rental agreements?,,,YES,80,9,51,20,0
Appling,3C,Constitutional Amendment #2<br>Shall the Constitution be amended so as to provide for a reduction in the state's operating costs by allowing the General Assembly to authorize certain state agencies to enter into multiyear rental agreements?,,,YES,472,52,243,176,1
Appling,4A,Constitutional Amendment #2<br>Shall the Constitution be amended so as to provide for a reduction in the state's operating costs by allowing the General Assembly to authorize certain state agencies to enter into multiyear rental agreements?,,,YES,103,4,82,17,0
Appling,4B,Constitutional Amendment #2<br>Shall the Constitution be amended so as to provide for a reduction in the state's operating costs by allowing the General Assembly to authorize certain state agencies to enter into multiyear rental agreements?,,,YES,138,6,102,30,0
Appling,4C,Constitutional Amendment #2<br>Shall the Constitution be amended so as to provide for a reduction in the state's operating costs by allowing the General Assembly to authorize certain state agencies to enter into multiyear rental agreements?,,,YES,131,5,98,28,0
Appling,4D,Constitutional Amendment #2<br>Shall the Constitution be amended so as to provide for a reduction in the state's operating costs by allowing the General Assembly to authorize certain state agencies to enter into multiyear rental agreements?,,,YES,338,25,165,148,0
Appling,5A,Constitutional Amendment #2<br>Shall the Constitution be amended so as to provide for a reduction in the state's operating costs by allowing the General Assembly to authorize certain state agencies to enter into multiyear rental agreements?,,,YES,255,21,141,93,0
Appling,5B,Constitutional Amendment #2<br>Shall the Constitution be amended so as to provide for a reduction in the state's operating costs by allowing the General Assembly to authorize certain state agencies to enter into multiyear rental agreements?,,,YES,150,7,95,48,0
Appling,5C,Constitutional Amendment #2<br>Shall the Constitution be amended so as to provide for a reduction in the state's operating costs by allowing the General Assembly to authorize certain state agencies to enter into multiyear rental agreements?,,,YES,112,7,86,19,0
Appling,,Constitutional Amendment #2<br>Shall the Constitution be amended so as to provide for a reduction in the state's operating costs by allowing the General Assembly to authorize certain state agencies to enter into multiyear rental agreements?,,,NO,3159,260,1942,957,0
Appling,1A,Constitutional Amendment #2<br>Shall the Constitution be amended so as to provide for a reduction in the state's operating costs by allowing the General Assembly to authorize certain state agencies to enter into multiyear rental agreements?,,,NO,93,5,67,21,0
Appling,1A1,Constitutional Amendment #2<br>Shall the Constitution be amended so as to provide for a reduction in the state's operating costs by allowing the General Assembly to authorize certain state agencies to enter into multiyear rental agreements?,,,NO,98,5,65,28,0
Appling,1B,Constitutional Amendment #2<br>Shall the Constitution be amended so as to provide for a reduction in the state's operating costs by allowing the General Assembly to authorize certain state agencies to enter into multiyear rental agreements?,,,NO,341,32,219,90,0
Appling,1C,Constitutional Amendment #2<br>Shall the Constitution be amended so as to provide for a reduction in the state's operating costs by allowing the General Assembly to authorize certain state agencies to enter into multiyear rental agreements?,,,NO,245,20,156,69,0
Appling,1D,Constitutional Amendment #2<br>Shall the Constitution be amended so as to provide for a reduction in the state's operating costs by allowing the General Assembly to authorize certain state agencies to enter into multiyear rental agreements?,,,NO,38,4,32,2,0
Appling,2,Constitutional Amendment #2<br>Shall the Constitution be amended so as to provide for a reduction in the state's operating costs by allowing the General Assembly to authorize certain state agencies to enter into multiyear rental agreements?,,,NO,515,54,269,192,0
Appling,3A,Constitutional Amendment #2<br>Shall the Constitution be amended so as to provide for a reduction in the state's operating costs by allowing the General Assembly to authorize certain state agencies to enter into multiyear rental agreements?,,,NO,109,2,88,19,0
Appling,3B,Constitutional Amendment #2<br>Shall the Constitution be amended so as to provide for a reduction in the state's operating costs by allowing the General Assembly to authorize certain state agencies to enter into multiyear rental agreements?,,,NO,104,10,76,18,0
Appling,3C,Constitutional Amendment #2<br>Shall the Constitution be amended so as to provide for a reduction in the state's operating costs by allowing the General Assembly to authorize certain state agencies to enter into multiyear rental agreements?,,,NO,377,45,162,170,0
Appling,4A,Constitutional Amendment #2<br>Shall the Constitution be amended so as to provide for a reduction in the state's operating costs by allowing the General Assembly to authorize certain state agencies to enter into multiyear rental agreements?,,,NO,135,4,117,14,0
Appling,4B,Constitutional Amendment #2<br>Shall the Constitution be amended so as to provide for a reduction in the state's operating costs by allowing the General Assembly to authorize certain state agencies to enter into multiyear rental agreements?,,,NO,153,17,103,33,0
Appling,4C,Constitutional Amendment #2<br>Shall the Constitution be amended so as to provide for a reduction in the state's operating costs by allowing the General Assembly to authorize certain state agencies to enter into multiyear rental agreements?,,,NO,139,7,102,30,0
Appling,4D,Constitutional Amendment #2<br>Shall the Constitution be amended so as to provide for a reduction in the state's operating costs by allowing the General Assembly to authorize certain state agencies to enter into multiyear rental agreements?,,,NO,283,22,153,108,0
Appling,5A,Constitutional Amendment #2<br>Shall the Constitution be amended so as to provide for a reduction in the state's operating costs by allowing the General Assembly to authorize certain state agencies to enter into multiyear rental agreements?,,,NO,249,14,140,95,0
Appling,5B,Constitutional Amendment #2<br>Shall the Constitution be amended so as to provide for a reduction in the state's operating costs by allowing the General Assembly to authorize certain state agencies to enter into multiyear rental agreements?,,,NO,180,10,120,50,0
Appling,5C,Constitutional Amendment #2<br>Shall the Constitution be amended so as to provide for a reduction in the state's operating costs by allowing the General Assembly to authorize certain state agencies to enter into multiyear rental agreements?,,,NO,100,9,73,18,0
Appling,,SPECIAL ELECTION,,,RALPH CROSBY,42,4,33,5,0
Appling,1D,SPECIAL ELECTION,,,RALPH CROSBY,10,2,8,0,0
Appling,5B,SPECIAL ELECTION,,,RALPH CROSBY,32,2,25,5,0
Appling,,SPECIAL ELECTION,,,DON RENTZ,88,4,78,6,0
Appling,1D,SPECIAL ELECTION,,,DON RENTZ,47,4,40,3,0
Appling,5B,SPECIAL ELECTION,,,DON RENTZ,41,0,38,3,0
