county,precinct,office,district,party,candidate,votes,absentee_by_mail,election_day,advance_in_person,provisional
Calhoun,,President of the United States,,R,MITT ROMNEY,883,70,519,294,0
Calhoun,Leary,President of the United States,,R,MITT ROMNEY,216,14,125,77,0
Calhoun,Morgan,President of the United States,,R,MITT ROMNEY,311,27,157,127,0
Calhoun,Edison,President of the United States,,R,MITT ROMNEY,67,4,53,10,0
Calhoun,Edison-Arlington,President of the United States,,R,MITT ROMNEY,158,11,102,45,0
Calhoun,Arlington,President of the United States,,R,MITT ROMNEY,131,14,82,35,0
Calhoun,,President of the United States,,D,BARACK OBAMA (I),1298,165,842,290,1
Calhoun,Leary,President of the United States,,D,BARACK OBAMA (I),313,18,247,48,0
Calhoun,Morgan,President of the United States,,D,BARACK OBAMA (I),183,24,85,74,0
Calhoun,Edison,President of the United States,,D,BARACK OBAMA (I),234,31,165,38,0
Calhoun,Edison-Arlington,President of the United States,,D,BARACK OBAMA (I),242,17,147,78,0
Calhoun,Arlington,President of the United States,,D,BARACK OBAMA (I),326,75,198,52,1
Calhoun,,President of the United States,,LIB,GARY JOHNSON,7,0,3,4,0
Calhoun,Leary,President of the United States,,LIB,GARY JOHNSON,0,0,0,0,0
Calhoun,Morgan,President of the United States,,LIB,GARY JOHNSON,5,0,3,2,0
Calhoun,Edison,President of the United States,,LIB,GARY JOHNSON,1,0,0,1,0
Calhoun,Edison-Arlington,President of the United States,,LIB,GARY JOHNSON,0,0,0,0,0
Calhoun,Arlington,President of the United States,,LIB,GARY JOHNSON,1,0,0,1,0
Calhoun,,"Public Service Commission, District 3",3,R,CHUCK EATON (I),744,62,432,250,0
Calhoun,Leary,"Public Service Commission, District 3",3,R,CHUCK EATON (I),185,12,110,63,0
Calhoun,Morgan,"Public Service Commission, District 3",3,R,CHUCK EATON (I),243,21,119,103,0
Calhoun,Edison,"Public Service Commission, District 3",3,R,CHUCK EATON (I),57,2,43,12,0
Calhoun,Edison-Arlington,"Public Service Commission, District 3",3,R,CHUCK EATON (I),129,10,82,37,0
Calhoun,Arlington,"Public Service Commission, District 3",3,R,CHUCK EATON (I),130,17,78,35,0
Calhoun,,"Public Service Commission, District 3",3,D,STEPHEN OPPENHEIMER,1103,150,711,241,1
Calhoun,Leary,"Public Service Commission, District 3",3,D,STEPHEN OPPENHEIMER,255,16,200,39,0
Calhoun,Morgan,"Public Service Commission, District 3",3,D,STEPHEN OPPENHEIMER,173,23,81,69,0
Calhoun,Edison,"Public Service Commission, District 3",3,D,STEPHEN OPPENHEIMER,198,29,143,26,0
Calhoun,Edison-Arlington,"Public Service Commission, District 3",3,D,STEPHEN OPPENHEIMER,211,17,130,64,0
Calhoun,Arlington,"Public Service Commission, District 3",3,D,STEPHEN OPPENHEIMER,266,65,157,43,1
Calhoun,,"Public Service Commission, District 3",3,L,BRAD PLOEGER,30,2,21,7,0
Calhoun,Leary,"Public Service Commission, District 3",3,L,BRAD PLOEGER,5,0,5,0,0
Calhoun,Morgan,"Public Service Commission, District 3",3,L,BRAD PLOEGER,10,1,6,3,0
Calhoun,Edison,"Public Service Commission, District 3",3,L,BRAD PLOEGER,6,0,5,1,0
Calhoun,Edison-Arlington,"Public Service Commission, District 3",3,L,BRAD PLOEGER,7,0,4,3,0
Calhoun,Arlington,"Public Service Commission, District 3",3,L,BRAD PLOEGER,2,1,1,0,0
Calhoun,,"Public Service Commission, District 5",5,R,STAN WISE (I),992,82,598,312,0
Calhoun,Leary,"Public Service Commission, District 5",5,R,STAN WISE (I),244,14,162,68,0
Calhoun,Morgan,"Public Service Commission, District 5",5,R,STAN WISE (I),307,28,151,128,0
Calhoun,Edison,"Public Service Commission, District 5",5,R,STAN WISE (I),96,5,75,16,0
Calhoun,Edison-Arlington,"Public Service Commission, District 5",5,R,STAN WISE (I),180,14,110,56,0
Calhoun,Arlington,"Public Service Commission, District 5",5,R,STAN WISE (I),165,21,100,44,0
Calhoun,,"Public Service Commission, District 5",5,L,DAVID STAPLES,621,76,407,137,1
Calhoun,Leary,"Public Service Commission, District 5",5,L,DAVID STAPLES,156,8,124,24,0
Calhoun,Morgan,"Public Service Commission, District 5",5,L,DAVID STAPLES,96,12,45,39,0
Calhoun,Edison,"Public Service Commission, District 5",5,L,DAVID STAPLES,108,11,81,16,0
Calhoun,Edison-Arlington,"Public Service Commission, District 5",5,L,DAVID STAPLES,105,9,63,33,0
Calhoun,Arlington,"Public Service Commission, District 5",5,L,DAVID STAPLES,156,36,94,25,1
Calhoun,,U.S. Representative,2,R,JOHN HOUSE,609,55,339,215,0
Calhoun,Leary,U.S. Representative,2,R,JOHN HOUSE,141,11,78,52,0
Calhoun,Morgan,U.S. Representative,2,R,JOHN HOUSE,208,18,100,90,0
Calhoun,Edison,U.S. Representative,2,R,JOHN HOUSE,54,5,39,10,0
Calhoun,Edison-Arlington,U.S. Representative,2,R,JOHN HOUSE,99,8,63,28,0
Calhoun,Arlington,U.S. Representative,2,R,JOHN HOUSE,107,13,59,35,0
Calhoun,,U.S. Representative,2,D,SANFORD BISHOP (I),1529,177,986,365,1
Calhoun,Leary,U.S. Representative,2,D,SANFORD BISHOP (I),374,20,288,66,0
Calhoun,Morgan,U.S. Representative,2,D,SANFORD BISHOP (I),279,30,136,113,0
Calhoun,Edison,U.S. Representative,2,D,SANFORD BISHOP (I),244,30,175,39,0
Calhoun,Edison-Arlington,U.S. Representative,2,D,SANFORD BISHOP (I),291,20,178,93,0
Calhoun,Arlington,U.S. Representative,2,D,SANFORD BISHOP (I),341,77,209,54,1
Calhoun,,State Senator,12,D,FREDDIE P SIMS (I),1705,191,1071,442,1
Calhoun,Leary,State Senator,12,D,FREDDIE P SIMS (I),404,25,302,77,0
Calhoun,Morgan,State Senator,12,D,FREDDIE P SIMS (I),365,39,176,150,0
Calhoun,Edison,State Senator,12,D,FREDDIE P SIMS (I),246,33,171,42,0
Calhoun,Edison-Arlington,State Senator,12,D,FREDDIE P SIMS (I),323,22,199,102,0
Calhoun,Arlington,State Senator,12,D,FREDDIE P SIMS (I),367,72,223,71,1
Calhoun,,State Representative,151,R,GERALD E. GREENE (I),1439,127,910,401,1
Calhoun,Leary,State Representative,151,R,GERALD E. GREENE (I),340,21,243,76,0
Calhoun,Morgan,State Representative,151,R,GERALD E. GREENE (I),375,35,187,153,0
Calhoun,Edison,State Representative,151,R,GERALD E. GREENE (I),183,12,139,32,0
Calhoun,Edison-Arlington,State Representative,151,R,GERALD E. GREENE (I),260,18,163,79,0
Calhoun,Arlington,State Representative,151,R,GERALD E. GREENE (I),281,41,178,61,1
Calhoun,,District Attorney, South Georgia Circuit,D,JOE MULHOLLAND (I),1745,192,1087,465,1
Calhoun,Leary,District Attorney, South Georgia Circuit,D,JOE MULHOLLAND (I),416,27,307,82,0
Calhoun,Morgan,District Attorney, South Georgia Circuit,D,JOE MULHOLLAND (I),382,41,183,158,0
Calhoun,Edison,District Attorney, South Georgia Circuit,D,JOE MULHOLLAND (I),247,32,173,42,0
Calhoun,Edison-Arlington,District Attorney, South Georgia Circuit,D,JOE MULHOLLAND (I),326,24,197,105,0
Calhoun,Arlington,District Attorney, South Georgia Circuit,D,JOE MULHOLLAND (I),374,68,227,78,1
Calhoun,,CLERK, SUPERIOR COURT,D,KAREN F. TAYLOR (I),1853,197,1162,493,1
Calhoun,Leary,CLERK, SUPERIOR COURT,D,KAREN F. TAYLOR (I),449,28,324,97,0
Calhoun,Morgan,CLERK, SUPERIOR COURT,D,KAREN F. TAYLOR (I),409,42,197,170,0
Calhoun,Edison,CLERK, SUPERIOR COURT,D,KAREN F. TAYLOR (I),262,34,187,41,0
Calhoun,Edison-Arlington,CLERK, SUPERIOR COURT,D,KAREN F. TAYLOR (I),348,24,217,107,0
Calhoun,Arlington,CLERK, SUPERIOR COURT,D,KAREN F. TAYLOR (I),385,69,237,78,1
Calhoun,,SHERIFF,,D,JOSH HILTON (I),1872,192,1173,506,1
Calhoun,Leary,SHERIFF,,D,JOSH HILTON (I),454,27,323,104,0
Calhoun,Morgan,SHERIFF,,D,JOSH HILTON (I),411,39,201,171,0
Calhoun,Edison,SHERIFF,,D,JOSH HILTON (I),269,34,190,45,0
Calhoun,Edison-Arlington,SHERIFF,,D,JOSH HILTON (I),345,24,215,106,0
Calhoun,Arlington,SHERIFF,,D,JOSH HILTON (I),393,68,244,80,1
Calhoun,,TAX COMMISSIONER,,D,JACKIE H. RAY (I),1872,199,1166,506,1
Calhoun,Leary,TAX COMMISSIONER,,D,JACKIE H. RAY (I),460,28,328,104,0
Calhoun,Morgan,TAX COMMISSIONER,,D,JACKIE H. RAY (I),414,42,197,175,0
Calhoun,Edison,TAX COMMISSIONER,,D,JACKIE H. RAY (I),260,34,183,43,0
Calhoun,Edison-Arlington,TAX COMMISSIONER,,D,JACKIE H. RAY (I),340,23,214,103,0
Calhoun,Arlington,TAX COMMISSIONER,,D,JACKIE H. RAY (I),398,72,244,81,1
Calhoun,,CORONER,,D,CHARLIE SHEDRICK (I),1837,198,1151,487,1
Calhoun,Leary,CORONER,,D,CHARLIE SHEDRICK (I),441,28,319,94,0
Calhoun,Morgan,CORONER,,D,CHARLIE SHEDRICK (I),395,41,188,166,0
Calhoun,Edison,CORONER,,D,CHARLIE SHEDRICK (I),269,33,189,47,0
Calhoun,Edison-Arlington,CORONER,,D,CHARLIE SHEDRICK (I),345,23,214,108,0
Calhoun,Arlington,CORONER,,D,CHARLIE SHEDRICK (I),387,73,241,72,1
Calhoun,,CC, P2,D,BRENDA WEATHERSBY,407,43,193,171,0
Calhoun,Morgan,CC, P2,D,BRENDA WEATHERSBY,407,43,193,171,0
Calhoun,,CC, P4,D,RICHARD H. WEST (I),321,19,206,96,0
Calhoun,Edison-Arlington,CC, P4,D,RICHARD H. WEST (I),321,19,206,96,0
Calhoun,,BOE, AT LARGE,D,JULIAN HOLDER (I),1432,175,875,381,1
Calhoun,Leary,BOE, AT LARGE,D,JULIAN HOLDER (I),377,28,274,75,0
Calhoun,Morgan,BOE, AT LARGE,D,JULIAN HOLDER (I),297,31,135,131,0
Calhoun,Edison,BOE, AT LARGE,D,JULIAN HOLDER (I),191,28,125,38,0
Calhoun,Edison-Arlington,BOE, AT LARGE,D,JULIAN HOLDER (I),252,19,154,79,0
Calhoun,Arlington,BOE, AT LARGE,D,JULIAN HOLDER (I),315,69,187,58,1
Calhoun,,BOE, AT LARGE,D,ALVIN WILLIAMS (I),1086,145,641,299,1
Calhoun,Leary,BOE, AT LARGE,D,ALVIN WILLIAMS (I),263,21,192,50,0
Calhoun,Morgan,BOE, AT LARGE,D,ALVIN WILLIAMS (I),229,32,101,96,0
Calhoun,Edison,BOE, AT LARGE,D,ALVIN WILLIAMS (I),165,28,102,35,0
Calhoun,Edison-Arlington,BOE, AT LARGE,D,ALVIN WILLIAMS (I),210,18,116,76,0
Calhoun,Arlington,BOE, AT LARGE,D,ALVIN WILLIAMS (I),219,46,130,42,1
Calhoun,,BOE, P1,D,DAVID LEE BARNES (I),430,29,317,84,0
Calhoun,Leary,BOE, P1,D,DAVID LEE BARNES (I),430,29,317,84,0
Calhoun,,BOE, P2,D,BOBBY E. PAUL (I),395,35,194,166,0
Calhoun,Morgan,BOE, P2,D,BOBBY E. PAUL (I),395,35,194,166,0
Calhoun,,BOE, P3,D,JOHN A. SEVERSON,263,31,186,46,0
Calhoun,Edison,BOE, P3,D,JOHN A. SEVERSON,263,31,186,46,0
Calhoun,,BOE, P4,D,WILLARD DUKES (I),319,20,201,98,0
Calhoun,Edison-Arlington,BOE, P4,D,WILLARD DUKES (I),319,20,201,98,0
Calhoun,,BOE, P5,D,LESTER HUTCHINS (I),372,68,235,68,1
Calhoun,Arlington,BOE, P5,D,LESTER HUTCHINS (I),372,68,235,68,1
Calhoun,,SOIL AND WATER,,,MARTIN L MCLENDON (I),1599,149,1002,447,1
Calhoun,Leary,SOIL AND WATER,,,MARTIN L MCLENDON (I),419,27,299,93,0
Calhoun,Morgan,SOIL AND WATER,,,MARTIN L MCLENDON (I),371,32,180,159,0
Calhoun,Edison,SOIL AND WATER,,,MARTIN L MCLENDON (I),203,21,146,36,0
Calhoun,Edison-Arlington,SOIL AND WATER,,,MARTIN L MCLENDON (I),292,21,179,92,0
Calhoun,Arlington,SOIL AND WATER,,,MARTIN L MCLENDON (I),314,48,198,67,1
Calhoun,,Constitutional Amendment #1<br>Shall the Constitution be amended to allow state or local approval of public charter schools upon the request of local communities?,,,YES,936,82,578,276,0
Calhoun,Leary,Constitutional Amendment #1<br>Shall the Constitution be amended to allow state or local approval of public charter schools upon the request of local communities?,,,YES,210,19,130,61,0
Calhoun,Morgan,Constitutional Amendment #1<br>Shall the Constitution be amended to allow state or local approval of public charter schools upon the request of local communities?,,,YES,293,25,143,125,0
Calhoun,Edison,Constitutional Amendment #1<br>Shall the Constitution be amended to allow state or local approval of public charter schools upon the request of local communities?,,,YES,115,6,90,19,0
Calhoun,Edison-Arlington,Constitutional Amendment #1<br>Shall the Constitution be amended to allow state or local approval of public charter schools upon the request of local communities?,,,YES,172,13,119,40,0
Calhoun,Arlington,Constitutional Amendment #1<br>Shall the Constitution be amended to allow state or local approval of public charter schools upon the request of local communities?,,,YES,146,19,96,31,0
Calhoun,,Constitutional Amendment #1<br>Shall the Constitution be amended to allow state or local approval of public charter schools upon the request of local communities?,,,NO,1192,144,749,298,1
Calhoun,Leary,Constitutional Amendment #1<br>Shall the Constitution be amended to allow state or local approval of public charter schools upon the request of local communities?,,,NO,304,13,237,54,0
Calhoun,Morgan,Constitutional Amendment #1<br>Shall the Constitution be amended to allow state or local approval of public charter schools upon the request of local communities?,,,NO,196,24,93,79,0
Calhoun,Edison,Constitutional Amendment #1<br>Shall the Constitution be amended to allow state or local approval of public charter schools upon the request of local communities?,,,NO,176,23,124,29,0
Calhoun,Edison-Arlington,Constitutional Amendment #1<br>Shall the Constitution be amended to allow state or local approval of public charter schools upon the request of local communities?,,,NO,217,15,123,79,0
Calhoun,Arlington,Constitutional Amendment #1<br>Shall the Constitution be amended to allow state or local approval of public charter schools upon the request of local communities?,,,NO,299,69,172,57,1
Calhoun,,Constitutional Amendment #2<br>Shall the Constitution be amended so as to provide for a reduction in the state's operating costs by allowing the General Assembly to authorize certain state agencies to enter into multiyear rental agreements?,,,YES,1018,93,636,289,0
Calhoun,Leary,Constitutional Amendment #2<br>Shall the Constitution be amended so as to provide for a reduction in the state's operating costs by allowing the General Assembly to authorize certain state agencies to enter into multiyear rental agreements?,,,YES,254,19,172,63,0
Calhoun,Morgan,Constitutional Amendment #2<br>Shall the Constitution be amended so as to provide for a reduction in the state's operating costs by allowing the General Assembly to authorize certain state agencies to enter into multiyear rental agreements?,,,YES,255,27,124,104,0
Calhoun,Edison,Constitutional Amendment #2<br>Shall the Constitution be amended so as to provide for a reduction in the state's operating costs by allowing the General Assembly to authorize certain state agencies to enter into multiyear rental agreements?,,,YES,131,8,99,24,0
Calhoun,Edison-Arlington,Constitutional Amendment #2<br>Shall the Constitution be amended so as to provide for a reduction in the state's operating costs by allowing the General Assembly to authorize certain state agencies to enter into multiyear rental agreements?,,,YES,203,14,132,57,0
Calhoun,Arlington,Constitutional Amendment #2<br>Shall the Constitution be amended so as to provide for a reduction in the state's operating costs by allowing the General Assembly to authorize certain state agencies to enter into multiyear rental agreements?,,,YES,175,25,109,41,0
Calhoun,,Constitutional Amendment #2<br>Shall the Constitution be amended so as to provide for a reduction in the state's operating costs by allowing the General Assembly to authorize certain state agencies to enter into multiyear rental agreements?,,,NO,921,117,575,228,1
Calhoun,Leary,Constitutional Amendment #2<br>Shall the Constitution be amended so as to provide for a reduction in the state's operating costs by allowing the General Assembly to authorize certain state agencies to enter into multiyear rental agreements?,,,NO,222,9,170,43,0
Calhoun,Morgan,Constitutional Amendment #2<br>Shall the Constitution be amended so as to provide for a reduction in the state's operating costs by allowing the General Assembly to authorize certain state agencies to enter into multiyear rental agreements?,,,NO,179,18,84,77,0
Calhoun,Edison,Constitutional Amendment #2<br>Shall the Constitution be amended so as to provide for a reduction in the state's operating costs by allowing the General Assembly to authorize certain state agencies to enter into multiyear rental agreements?,,,NO,139,20,100,19,0
Calhoun,Edison-Arlington,Constitutional Amendment #2<br>Shall the Constitution be amended so as to provide for a reduction in the state's operating costs by allowing the General Assembly to authorize certain state agencies to enter into multiyear rental agreements?,,,NO,145,14,82,49,0
Calhoun,Arlington,Constitutional Amendment #2<br>Shall the Constitution be amended so as to provide for a reduction in the state's operating costs by allowing the General Assembly to authorize certain state agencies to enter into multiyear rental agreements?,,,NO,236,56,139,40,1
Calhoun,,SPLOST,,,YES,1306,170,777,359,0
Calhoun,Leary,SPLOST,,,YES,340,26,236,78,0
Calhoun,Morgan,SPLOST,,,YES,299,32,136,131,0
Calhoun,Edison,SPLOST,,,YES,179,24,121,34,0
Calhoun,Edison-Arlington,SPLOST,,,YES,230,23,138,69,0
Calhoun,Arlington,SPLOST,,,YES,258,65,146,47,0
Calhoun,,SPLOST,,,NO,769,58,508,202,1
Calhoun,Leary,SPLOST,,,NO,159,4,122,33,0
Calhoun,Morgan,SPLOST,,,NO,179,19,93,67,0
Calhoun,Edison,SPLOST,,,NO,107,6,88,13,0
Calhoun,Edison-Arlington,SPLOST,,,NO,143,5,90,48,0
Calhoun,Arlington,SPLOST,,,NO,181,24,115,41,1
