county,precinct,office,district,party,candidate,votes,absentee_by_mail,election_day,advance_in_person,provisional
Gilmer,,President of the United States,,R,MITT ROMNEY,8926,540,4535,3847,4
Gilmer,ELLIJAY SOUTH,President of the United States,,R,MITT ROMNEY,1151,43,505,603,0
Gilmer,CARTECAY,President of the United States,,R,MITT ROMNEY,759,49,427,282,1
Gilmer,TAILS CREEK,President of the United States,,R,MITT ROMNEY,577,20,362,194,1
Gilmer,TOWN CREEK,President of the United States,,R,MITT ROMNEY,458,20,282,156,0
Gilmer,LEACHES,President of the United States,,R,MITT ROMNEY,966,54,477,434,1
Gilmer,CHERRY LOG,President of the United States,,R,MITT ROMNEY,419,35,257,127,0
Gilmer,BOARDTOWN,President of the United States,,R,MITT ROMNEY,631,31,312,288,0
Gilmer,MOUNTAINTOWN,President of the United States,,R,MITT ROMNEY,515,32,297,186,0
Gilmer,EAST ELLIJAY,President of the United States,,R,MITT ROMNEY,722,50,317,355,0
Gilmer,ELLIJAY NORTH,President of the United States,,R,MITT ROMNEY,735,69,348,317,1
Gilmer,YUKON,President of the United States,,R,MITT ROMNEY,550,38,321,191,0
Gilmer,BIG CREEK,President of the United States,,R,MITT ROMNEY,636,46,341,249,0
Gilmer,ELLIJAY NORTHEAST,President of the United States,,R,MITT ROMNEY,807,53,289,465,0
Gilmer,,President of the United States,,D,BARACK OBAMA (I),1958,151,1019,787,1
Gilmer,ELLIJAY SOUTH,President of the United States,,D,BARACK OBAMA (I),274,22,126,126,0
Gilmer,CARTECAY,President of the United States,,D,BARACK OBAMA (I),139,14,66,59,0
Gilmer,TAILS CREEK,President of the United States,,D,BARACK OBAMA (I),134,3,101,30,0
Gilmer,TOWN CREEK,President of the United States,,D,BARACK OBAMA (I),90,7,64,19,0
Gilmer,LEACHES,President of the United States,,D,BARACK OBAMA (I),226,11,125,90,0
Gilmer,CHERRY LOG,President of the United States,,D,BARACK OBAMA (I),104,4,78,22,0
Gilmer,BOARDTOWN,President of the United States,,D,BARACK OBAMA (I),128,11,55,62,0
Gilmer,MOUNTAINTOWN,President of the United States,,D,BARACK OBAMA (I),89,8,52,29,0
Gilmer,EAST ELLIJAY,President of the United States,,D,BARACK OBAMA (I),167,23,60,84,0
Gilmer,ELLIJAY NORTH,President of the United States,,D,BARACK OBAMA (I),156,11,75,70,0
Gilmer,YUKON,President of the United States,,D,BARACK OBAMA (I),104,4,71,28,1
Gilmer,BIG CREEK,President of the United States,,D,BARACK OBAMA (I),146,11,79,56,0
Gilmer,ELLIJAY NORTHEAST,President of the United States,,D,BARACK OBAMA (I),201,22,67,112,0
Gilmer,,President of the United States,,L,GARY JOHNSON,134,2,97,35,0
Gilmer,ELLIJAY SOUTH,President of the United States,,L,GARY JOHNSON,20,1,12,7,0
Gilmer,CARTECAY,President of the United States,,L,GARY JOHNSON,11,0,9,2,0
Gilmer,TAILS CREEK,President of the United States,,L,GARY JOHNSON,11,0,11,0,0
Gilmer,TOWN CREEK,President of the United States,,L,GARY JOHNSON,3,0,2,1,0
Gilmer,LEACHES,President of the United States,,L,GARY JOHNSON,15,0,9,6,0
Gilmer,CHERRY LOG,President of the United States,,L,GARY JOHNSON,6,1,5,0,0
Gilmer,BOARDTOWN,President of the United States,,L,GARY JOHNSON,6,0,4,2,0
Gilmer,MOUNTAINTOWN,President of the United States,,L,GARY JOHNSON,11,0,10,1,0
Gilmer,EAST ELLIJAY,President of the United States,,L,GARY JOHNSON,7,0,4,3,0
Gilmer,ELLIJAY NORTH,President of the United States,,L,GARY JOHNSON,16,0,11,5,0
Gilmer,YUKON,President of the United States,,L,GARY JOHNSON,10,0,9,1,0
Gilmer,BIG CREEK,President of the United States,,L,GARY JOHNSON,13,0,9,4,0
Gilmer,ELLIJAY NORTHEAST,President of the United States,,L,GARY JOHNSON,5,0,2,3,0
Gilmer,,"Public Service Commission, District 3",3,R,CHUCK EATON (I),7606,485,3830,3288,3
Gilmer,ELLIJAY SOUTH,"Public Service Commission, District 3",3,R,CHUCK EATON (I),992,44,427,521,0
Gilmer,CARTECAY,"Public Service Commission, District 3",3,R,CHUCK EATON (I),632,36,362,233,1
Gilmer,TAILS CREEK,"Public Service Commission, District 3",3,R,CHUCK EATON (I),484,18,304,162,0
Gilmer,TOWN CREEK,"Public Service Commission, District 3",3,R,CHUCK EATON (I),375,18,230,127,0
Gilmer,LEACHES,"Public Service Commission, District 3",3,R,CHUCK EATON (I),822,50,410,361,1
Gilmer,CHERRY LOG,"Public Service Commission, District 3",3,R,CHUCK EATON (I),357,30,212,115,0
Gilmer,BOARDTOWN,"Public Service Commission, District 3",3,R,CHUCK EATON (I),545,27,249,269,0
Gilmer,MOUNTAINTOWN,"Public Service Commission, District 3",3,R,CHUCK EATON (I),435,28,255,152,0
Gilmer,EAST ELLIJAY,"Public Service Commission, District 3",3,R,CHUCK EATON (I),622,50,271,301,0
Gilmer,ELLIJAY NORTH,"Public Service Commission, District 3",3,R,CHUCK EATON (I),630,57,313,259,1
Gilmer,YUKON,"Public Service Commission, District 3",3,R,CHUCK EATON (I),460,33,262,165,0
Gilmer,BIG CREEK,"Public Service Commission, District 3",3,R,CHUCK EATON (I),553,41,289,223,0
Gilmer,ELLIJAY NORTHEAST,"Public Service Commission, District 3",3,R,CHUCK EATON (I),699,53,246,400,0
Gilmer,,"Public Service Commission, District 3",3,D,STEPHEN OPPENHEIMER,1770,126,933,709,2
Gilmer,ELLIJAY SOUTH,"Public Service Commission, District 3",3,D,STEPHEN OPPENHEIMER,233,12,111,110,0
Gilmer,CARTECAY,"Public Service Commission, District 3",3,D,STEPHEN OPPENHEIMER,128,12,60,56,0
Gilmer,TAILS CREEK,"Public Service Commission, District 3",3,D,STEPHEN OPPENHEIMER,137,3,102,31,1
Gilmer,TOWN CREEK,"Public Service Commission, District 3",3,D,STEPHEN OPPENHEIMER,90,7,62,21,0
Gilmer,LEACHES,"Public Service Commission, District 3",3,D,STEPHEN OPPENHEIMER,213,11,113,89,0
Gilmer,CHERRY LOG,"Public Service Commission, District 3",3,D,STEPHEN OPPENHEIMER,85,3,65,17,0
Gilmer,BOARDTOWN,"Public Service Commission, District 3",3,D,STEPHEN OPPENHEIMER,114,11,55,48,0
Gilmer,MOUNTAINTOWN,"Public Service Commission, District 3",3,D,STEPHEN OPPENHEIMER,81,7,50,24,0
Gilmer,EAST ELLIJAY,"Public Service Commission, District 3",3,D,STEPHEN OPPENHEIMER,132,15,46,71,0
Gilmer,ELLIJAY NORTH,"Public Service Commission, District 3",3,D,STEPHEN OPPENHEIMER,142,16,58,68,0
Gilmer,YUKON,"Public Service Commission, District 3",3,D,STEPHEN OPPENHEIMER,102,4,72,25,1
Gilmer,BIG CREEK,"Public Service Commission, District 3",3,D,STEPHEN OPPENHEIMER,130,8,76,46,0
Gilmer,ELLIJAY NORTHEAST,"Public Service Commission, District 3",3,D,STEPHEN OPPENHEIMER,183,17,63,103,0
Gilmer,,"Public Service Commission, District 3",3,L,BRAD PLOEGER,638,31,334,273,0
Gilmer,ELLIJAY SOUTH,"Public Service Commission, District 3",3,L,BRAD PLOEGER,96,1,44,51,0
Gilmer,CARTECAY,"Public Service Commission, District 3",3,L,BRAD PLOEGER,55,5,31,19,0
Gilmer,TAILS CREEK,"Public Service Commission, District 3",3,L,BRAD PLOEGER,36,0,27,9,0
Gilmer,TOWN CREEK,"Public Service Commission, District 3",3,L,BRAD PLOEGER,30,1,21,8,0
Gilmer,LEACHES,"Public Service Commission, District 3",3,L,BRAD PLOEGER,77,0,37,40,0
Gilmer,CHERRY LOG,"Public Service Commission, District 3",3,L,BRAD PLOEGER,30,4,17,9,0
Gilmer,BOARDTOWN,"Public Service Commission, District 3",3,L,BRAD PLOEGER,38,0,22,16,0
Gilmer,MOUNTAINTOWN,"Public Service Commission, District 3",3,L,BRAD PLOEGER,50,5,19,26,0
Gilmer,EAST ELLIJAY,"Public Service Commission, District 3",3,L,BRAD PLOEGER,45,2,22,21,0
Gilmer,ELLIJAY NORTH,"Public Service Commission, District 3",3,L,BRAD PLOEGER,55,3,31,21,0
Gilmer,YUKON,"Public Service Commission, District 3",3,L,BRAD PLOEGER,39,2,25,12,0
Gilmer,BIG CREEK,"Public Service Commission, District 3",3,L,BRAD PLOEGER,45,6,23,16,0
Gilmer,ELLIJAY NORTHEAST,"Public Service Commission, District 3",3,L,BRAD PLOEGER,42,2,15,25,0
Gilmer,,"Public Service Commission, District 5",5,R,STAN WISE (I),7793,504,3909,3377,3
Gilmer,ELLIJAY SOUTH,"Public Service Commission, District 5",5,R,STAN WISE (I),1026,44,442,540,0
Gilmer,CARTECAY,"Public Service Commission, District 5",5,R,STAN WISE (I),640,38,362,239,1
Gilmer,TAILS CREEK,"Public Service Commission, District 5",5,R,STAN WISE (I),505,19,322,164,0
Gilmer,TOWN CREEK,"Public Service Commission, District 5",5,R,STAN WISE (I),388,20,233,135,0
Gilmer,LEACHES,"Public Service Commission, District 5",5,R,STAN WISE (I),858,49,426,382,1
Gilmer,CHERRY LOG,"Public Service Commission, District 5",5,R,STAN WISE (I),362,29,216,117,0
Gilmer,BOARDTOWN,"Public Service Commission, District 5",5,R,STAN WISE (I),552,30,259,263,0
Gilmer,MOUNTAINTOWN,"Public Service Commission, District 5",5,R,STAN WISE (I),444,28,253,163,0
Gilmer,EAST ELLIJAY,"Public Service Commission, District 5",5,R,STAN WISE (I),622,55,269,298,0
Gilmer,ELLIJAY NORTH,"Public Service Commission, District 5",5,R,STAN WISE (I),650,62,318,269,1
Gilmer,YUKON,"Public Service Commission, District 5",5,R,STAN WISE (I),466,33,266,167,0
Gilmer,BIG CREEK,"Public Service Commission, District 5",5,R,STAN WISE (I),548,44,279,225,0
Gilmer,ELLIJAY NORTHEAST,"Public Service Commission, District 5",5,R,STAN WISE (I),732,53,264,415,0
Gilmer,,"Public Service Commission, District 5",5,L,DAVID STAPLES,1921,103,1052,764,2
Gilmer,ELLIJAY SOUTH,"Public Service Commission, District 5",5,L,DAVID STAPLES,256,8,130,118,0
Gilmer,CARTECAY,"Public Service Commission, District 5",5,L,DAVID STAPLES,137,10,77,50,0
Gilmer,TAILS CREEK,"Public Service Commission, District 5",5,L,DAVID STAPLES,129,2,91,35,1
Gilmer,TOWN CREEK,"Public Service Commission, District 5",5,L,DAVID STAPLES,98,6,74,18,0
Gilmer,LEACHES,"Public Service Commission, District 5",5,L,DAVID STAPLES,225,11,118,96,0
Gilmer,CHERRY LOG,"Public Service Commission, District 5",5,L,DAVID STAPLES,103,7,73,23,0
Gilmer,BOARDTOWN,"Public Service Commission, District 5",5,L,DAVID STAPLES,117,5,58,54,0
Gilmer,MOUNTAINTOWN,"Public Service Commission, District 5",5,L,DAVID STAPLES,109,8,60,41,0
Gilmer,EAST ELLIJAY,"Public Service Commission, District 5",5,L,DAVID STAPLES,158,9,61,88,0
Gilmer,ELLIJAY NORTH,"Public Service Commission, District 5",5,L,DAVID STAPLES,146,12,73,61,0
Gilmer,YUKON,"Public Service Commission, District 5",5,L,DAVID STAPLES,125,6,86,32,1
Gilmer,BIG CREEK,"Public Service Commission, District 5",5,L,DAVID STAPLES,161,9,99,53,0
Gilmer,ELLIJAY NORTHEAST,"Public Service Commission, District 5",5,L,DAVID STAPLES,157,10,52,95,0
Gilmer,,U.S. Representative,9,R,DOUG COLLINS,8063,512,4010,3538,3
Gilmer,ELLIJAY SOUTH,U.S. Representative,9,R,DOUG COLLINS,1062,43,457,562,0
Gilmer,CARTECAY,U.S. Representative,9,R,DOUG COLLINS,685,44,384,256,1
Gilmer,TAILS CREEK,U.S. Representative,9,R,DOUG COLLINS,495,18,304,173,0
Gilmer,TOWN CREEK,U.S. Representative,9,R,DOUG COLLINS,409,19,253,137,0
Gilmer,LEACHES,U.S. Representative,9,R,DOUG COLLINS,885,50,424,410,1
Gilmer,CHERRY LOG,U.S. Representative,9,R,DOUG COLLINS,368,31,217,120,0
Gilmer,BOARDTOWN,U.S. Representative,9,R,DOUG COLLINS,575,26,278,271,0
Gilmer,MOUNTAINTOWN,U.S. Representative,9,R,DOUG COLLINS,468,31,261,176,0
Gilmer,EAST ELLIJAY,U.S. Representative,9,R,DOUG COLLINS,656,50,282,324,0
Gilmer,ELLIJAY NORTH,U.S. Representative,9,R,DOUG COLLINS,675,62,327,285,1
Gilmer,YUKON,U.S. Representative,9,R,DOUG COLLINS,480,37,266,177,0
Gilmer,BIG CREEK,U.S. Representative,9,R,DOUG COLLINS,580,46,304,230,0
Gilmer,ELLIJAY NORTHEAST,U.S. Representative,9,R,DOUG COLLINS,725,55,253,417,0
Gilmer,,U.S. Representative,9,D,JODY COOLEY,2154,143,1188,821,2
Gilmer,ELLIJAY SOUTH,U.S. Representative,9,D,JODY COOLEY,285,17,138,130,0
Gilmer,CARTECAY,U.S. Representative,9,D,JODY COOLEY,152,15,77,60,0
Gilmer,TAILS CREEK,U.S. Representative,9,D,JODY COOLEY,168,3,127,37,1
Gilmer,TOWN CREEK,U.S. Representative,9,D,JODY COOLEY,103,7,71,25,0
Gilmer,LEACHES,U.S. Representative,9,D,JODY COOLEY,256,11,148,97,0
Gilmer,CHERRY LOG,U.S. Representative,9,D,JODY COOLEY,116,6,90,20,0
Gilmer,BOARDTOWN,U.S. Representative,9,D,JODY COOLEY,140,11,70,59,0
Gilmer,MOUNTAINTOWN,U.S. Representative,9,D,JODY COOLEY,104,9,64,31,0
Gilmer,EAST ELLIJAY,U.S. Representative,9,D,JODY COOLEY,167,18,67,82,0
Gilmer,ELLIJAY NORTH,U.S. Representative,9,D,JODY COOLEY,159,15,71,73,0
Gilmer,YUKON,U.S. Representative,9,D,JODY COOLEY,129,3,98,27,1
Gilmer,BIG CREEK,U.S. Representative,9,D,JODY COOLEY,163,10,92,61,0
Gilmer,ELLIJAY NORTHEAST,U.S. Representative,9,D,JODY COOLEY,212,18,75,119,0
Gilmer,,State Senator,51,R,STEVE GOOCH (I),8931,546,4546,3834,5
Gilmer,ELLIJAY SOUTH,State Senator,51,R,STEVE GOOCH (I),1197,46,532,619,0
Gilmer,CARTECAY,State Senator,51,R,STEVE GOOCH (I),718,41,408,268,1
Gilmer,TAILS CREEK,State Senator,51,R,STEVE GOOCH (I),580,20,375,184,1
Gilmer,TOWN CREEK,State Senator,51,R,STEVE GOOCH (I),452,25,283,144,0
Gilmer,LEACHES,State Senator,51,R,STEVE GOOCH (I),1003,55,498,449,1
Gilmer,CHERRY LOG,State Senator,51,R,STEVE GOOCH (I),420,33,263,124,0
Gilmer,BOARDTOWN,State Senator,51,R,STEVE GOOCH (I),621,31,296,294,0
Gilmer,MOUNTAINTOWN,State Senator,51,R,STEVE GOOCH (I),494,29,277,188,0
Gilmer,EAST ELLIJAY,State Senator,51,R,STEVE GOOCH (I),705,48,306,351,0
Gilmer,ELLIJAY NORTH,State Senator,51,R,STEVE GOOCH (I),737,71,360,305,1
Gilmer,YUKON,State Senator,51,R,STEVE GOOCH (I),552,36,327,188,1
Gilmer,BIG CREEK,State Senator,51,R,STEVE GOOCH (I),626,49,329,248,0
Gilmer,ELLIJAY NORTHEAST,State Senator,51,R,STEVE GOOCH (I),826,62,292,472,0
Gilmer,,State Representative,7,R,DAVID RALSTON (I),9096,547,4685,3859,5
Gilmer,ELLIJAY SOUTH,State Representative,7,R,DAVID RALSTON (I),1222,46,548,628,0
Gilmer,CARTECAY,State Representative,7,R,DAVID RALSTON (I),740,43,424,272,1
Gilmer,TAILS CREEK,State Representative,7,R,DAVID RALSTON (I),588,17,381,189,1
Gilmer,TOWN CREEK,State Representative,7,R,DAVID RALSTON (I),455,25,275,155,0
Gilmer,LEACHES,State Representative,7,R,DAVID RALSTON (I),1026,57,514,454,1
Gilmer,CHERRY LOG,State Representative,7,R,DAVID RALSTON (I),442,33,280,129,0
Gilmer,BOARDTOWN,State Representative,7,R,DAVID RALSTON (I),618,33,300,285,0
Gilmer,MOUNTAINTOWN,State Representative,7,R,DAVID RALSTON (I),492,24,289,179,0
Gilmer,EAST ELLIJAY,State Representative,7,R,DAVID RALSTON (I),718,53,314,351,0
Gilmer,ELLIJAY NORTH,State Representative,7,R,DAVID RALSTON (I),752,70,366,315,1
Gilmer,YUKON,State Representative,7,R,DAVID RALSTON (I),557,37,337,182,1
Gilmer,BIG CREEK,State Representative,7,R,DAVID RALSTON (I),644,45,348,251,0
Gilmer,ELLIJAY NORTHEAST,State Representative,7,R,DAVID RALSTON (I),842,64,309,469,0
Gilmer,,District Attorney, Appalachian Circuit,R,B. ALISON SOSEBEE,9102,533,4663,3901,5
Gilmer,ELLIJAY SOUTH,District Attorney, Appalachian Circuit,R,B. ALISON SOSEBEE,1219,44,533,642,0
Gilmer,CARTECAY,District Attorney, Appalachian Circuit,R,B. ALISON SOSEBEE,731,41,415,274,1
Gilmer,TAILS CREEK,District Attorney, Appalachian Circuit,R,B. ALISON SOSEBEE,588,16,379,192,1
Gilmer,TOWN CREEK,District Attorney, Appalachian Circuit,R,B. ALISON SOSEBEE,460,24,291,145,0
Gilmer,LEACHES,District Attorney, Appalachian Circuit,R,B. ALISON SOSEBEE,1021,54,513,453,1
Gilmer,CHERRY LOG,District Attorney, Appalachian Circuit,R,B. ALISON SOSEBEE,429,32,265,132,0
Gilmer,BOARDTOWN,District Attorney, Appalachian Circuit,R,B. ALISON SOSEBEE,636,32,306,298,0
Gilmer,MOUNTAINTOWN,District Attorney, Appalachian Circuit,R,B. ALISON SOSEBEE,497,24,288,185,0
Gilmer,EAST ELLIJAY,District Attorney, Appalachian Circuit,R,B. ALISON SOSEBEE,720,49,317,354,0
Gilmer,ELLIJAY NORTH,District Attorney, Appalachian Circuit,R,B. ALISON SOSEBEE,741,69,365,306,1
Gilmer,YUKON,District Attorney, Appalachian Circuit,R,B. ALISON SOSEBEE,565,36,339,189,1
Gilmer,BIG CREEK,District Attorney, Appalachian Circuit,R,B. ALISON SOSEBEE,653,50,352,251,0
Gilmer,ELLIJAY NORTHEAST,District Attorney, Appalachian Circuit,R,B. ALISON SOSEBEE,842,62,300,480,0
Gilmer,,JUDGE, PROBATE COURT,R,ANITA MULLINS (I),9147,544,4718,3880,5
Gilmer,ELLIJAY SOUTH,JUDGE, PROBATE COURT,R,ANITA MULLINS (I),1222,46,542,634,0
Gilmer,CARTECAY,JUDGE, PROBATE COURT,R,ANITA MULLINS (I),740,46,418,275,1
Gilmer,TAILS CREEK,JUDGE, PROBATE COURT,R,ANITA MULLINS (I),602,15,397,189,1
Gilmer,TOWN CREEK,JUDGE, PROBATE COURT,R,ANITA MULLINS (I),462,24,292,146,0
Gilmer,LEACHES,JUDGE, PROBATE COURT,R,ANITA MULLINS (I),1023,54,522,446,1
Gilmer,CHERRY LOG,JUDGE, PROBATE COURT,R,ANITA MULLINS (I),438,31,283,124,0
Gilmer,BOARDTOWN,JUDGE, PROBATE COURT,R,ANITA MULLINS (I),631,34,302,295,0
Gilmer,MOUNTAINTOWN,JUDGE, PROBATE COURT,R,ANITA MULLINS (I),503,23,293,187,0
Gilmer,EAST ELLIJAY,JUDGE, PROBATE COURT,R,ANITA MULLINS (I),740,52,321,367,0
Gilmer,ELLIJAY NORTH,JUDGE, PROBATE COURT,R,ANITA MULLINS (I),740,68,363,308,1
Gilmer,YUKON,JUDGE, PROBATE COURT,R,ANITA MULLINS (I),562,35,339,187,1
Gilmer,BIG CREEK,JUDGE, PROBATE COURT,R,ANITA MULLINS (I),642,48,345,249,0
Gilmer,ELLIJAY NORTHEAST,JUDGE, PROBATE COURT,R,ANITA MULLINS (I),842,68,301,473,0
Gilmer,,CLERK, SUPERIOR COURT,R,GLENDA JOHNSON (I),9310,536,4816,3954,4
Gilmer,ELLIJAY SOUTH,CLERK, SUPERIOR COURT,R,GLENDA JOHNSON (I),1234,46,548,640,0
Gilmer,CARTECAY,CLERK, SUPERIOR COURT,R,GLENDA JOHNSON (I),762,45,435,281,1
Gilmer,TAILS CREEK,CLERK, SUPERIOR COURT,R,GLENDA JOHNSON (I),611,16,404,190,1
Gilmer,TOWN CREEK,CLERK, SUPERIOR COURT,R,GLENDA JOHNSON (I),468,23,292,153,0
Gilmer,LEACHES,CLERK, SUPERIOR COURT,R,GLENDA JOHNSON (I),1042,57,530,454,1
Gilmer,CHERRY LOG,CLERK, SUPERIOR COURT,R,GLENDA JOHNSON (I),440,32,280,128,0
Gilmer,BOARDTOWN,CLERK, SUPERIOR COURT,R,GLENDA JOHNSON (I),643,32,307,304,0
Gilmer,MOUNTAINTOWN,CLERK, SUPERIOR COURT,R,GLENDA JOHNSON (I),510,24,303,183,0
Gilmer,EAST ELLIJAY,CLERK, SUPERIOR COURT,R,GLENDA JOHNSON (I),747,50,323,374,0
Gilmer,ELLIJAY NORTH,CLERK, SUPERIOR COURT,R,GLENDA JOHNSON (I),766,68,379,318,1
Gilmer,YUKON,CLERK, SUPERIOR COURT,R,GLENDA JOHNSON (I),571,34,346,191,0
Gilmer,BIG CREEK,CLERK, SUPERIOR COURT,R,GLENDA JOHNSON (I),655,45,355,255,0
Gilmer,ELLIJAY NORTHEAST,CLERK, SUPERIOR COURT,R,GLENDA JOHNSON (I),861,64,314,483,0
Gilmer,,SHERIFF,,R,STACY NICHOLSON (I),9120,538,4651,3927,4
Gilmer,ELLIJAY SOUTH,SHERIFF,,R,STACY NICHOLSON (I),1206,46,529,631,0
Gilmer,CARTECAY,SHERIFF,,R,STACY NICHOLSON (I),738,46,413,278,1
Gilmer,TAILS CREEK,SHERIFF,,R,STACY NICHOLSON (I),582,16,382,183,1
Gilmer,TOWN CREEK,SHERIFF,,R,STACY NICHOLSON (I),459,24,282,153,0
Gilmer,LEACHES,SHERIFF,,R,STACY NICHOLSON (I),1029,58,516,454,1
Gilmer,CHERRY LOG,SHERIFF,,R,STACY NICHOLSON (I),435,33,279,123,0
Gilmer,BOARDTOWN,SHERIFF,,R,STACY NICHOLSON (I),633,31,302,300,0
Gilmer,MOUNTAINTOWN,SHERIFF,,R,STACY NICHOLSON (I),502,24,293,185,0
Gilmer,EAST ELLIJAY,SHERIFF,,R,STACY NICHOLSON (I),724,50,309,365,0
Gilmer,ELLIJAY NORTH,SHERIFF,,R,STACY NICHOLSON (I),756,66,367,322,1
Gilmer,YUKON,SHERIFF,,R,STACY NICHOLSON (I),562,36,337,189,0
Gilmer,BIG CREEK,SHERIFF,,R,STACY NICHOLSON (I),638,49,343,246,0
Gilmer,ELLIJAY NORTHEAST,SHERIFF,,R,STACY NICHOLSON (I),856,59,299,498,0
Gilmer,,TAX COMMISSIONER,,R,R. A. MARSHALL,8988,529,4609,3846,4
Gilmer,ELLIJAY SOUTH,TAX COMMISSIONER,,R,R. A. MARSHALL,1203,43,533,627,0
Gilmer,CARTECAY,TAX COMMISSIONER,,R,R. A. MARSHALL,730,44,418,267,1
Gilmer,TAILS CREEK,TAX COMMISSIONER,,R,R. A. MARSHALL,591,16,388,186,1
Gilmer,TOWN CREEK,TAX COMMISSIONER,,R,R. A. MARSHALL,453,24,282,147,0
Gilmer,LEACHES,TAX COMMISSIONER,,R,R. A. MARSHALL,1000,55,499,445,1
Gilmer,CHERRY LOG,TAX COMMISSIONER,,R,R. A. MARSHALL,429,33,271,125,0
Gilmer,BOARDTOWN,TAX COMMISSIONER,,R,R. A. MARSHALL,612,31,294,287,0
Gilmer,MOUNTAINTOWN,TAX COMMISSIONER,,R,R. A. MARSHALL,502,26,293,183,0
Gilmer,EAST ELLIJAY,TAX COMMISSIONER,,R,R. A. MARSHALL,704,49,305,350,0
Gilmer,ELLIJAY NORTH,TAX COMMISSIONER,,R,R. A. MARSHALL,736,65,356,315,0
Gilmer,YUKON,TAX COMMISSIONER,,R,R. A. MARSHALL,545,36,324,184,1
Gilmer,BIG CREEK,TAX COMMISSIONER,,R,R. A. MARSHALL,642,46,343,253,0
Gilmer,ELLIJAY NORTHEAST,TAX COMMISSIONER,,R,R. A. MARSHALL,841,61,303,477,0
Gilmer,,SURVEYOR,,R,SCOTT CHASTAIN (I),8838,518,4531,3784,5
Gilmer,ELLIJAY SOUTH,SURVEYOR,,R,SCOTT CHASTAIN (I),1190,46,528,616,0
Gilmer,CARTECAY,SURVEYOR,,R,SCOTT CHASTAIN (I),716,38,413,264,1
Gilmer,TAILS CREEK,SURVEYOR,,R,SCOTT CHASTAIN (I),588,16,381,190,1
Gilmer,TOWN CREEK,SURVEYOR,,R,SCOTT CHASTAIN (I),437,23,273,141,0
Gilmer,LEACHES,SURVEYOR,,R,SCOTT CHASTAIN (I),993,56,489,447,1
Gilmer,CHERRY LOG,SURVEYOR,,R,SCOTT CHASTAIN (I),424,30,270,124,0
Gilmer,BOARDTOWN,SURVEYOR,,R,SCOTT CHASTAIN (I),609,31,289,289,0
Gilmer,MOUNTAINTOWN,SURVEYOR,,R,SCOTT CHASTAIN (I),490,24,287,179,0
Gilmer,EAST ELLIJAY,SURVEYOR,,R,SCOTT CHASTAIN (I),708,49,307,352,0
Gilmer,ELLIJAY NORTH,SURVEYOR,,R,SCOTT CHASTAIN (I),702,65,347,289,1
Gilmer,YUKON,SURVEYOR,,R,SCOTT CHASTAIN (I),542,33,325,183,1
Gilmer,BIG CREEK,SURVEYOR,,R,SCOTT CHASTAIN (I),615,45,330,240,0
Gilmer,ELLIJAY NORTHEAST,SURVEYOR,,R,SCOTT CHASTAIN (I),824,62,292,470,0
Gilmer,,CORONER,,R,JERRY B HENSLEY (I),9044,531,4643,3865,5
Gilmer,ELLIJAY SOUTH,CORONER,,R,JERRY B HENSLEY (I),1198,46,531,621,0
Gilmer,CARTECAY,CORONER,,R,JERRY B HENSLEY (I),734,44,414,275,1
Gilmer,TAILS CREEK,CORONER,,R,JERRY B HENSLEY (I),591,16,387,187,1
Gilmer,TOWN CREEK,CORONER,,R,JERRY B HENSLEY (I),447,24,273,150,0
Gilmer,LEACHES,CORONER,,R,JERRY B HENSLEY (I),1011,54,509,447,1
Gilmer,CHERRY LOG,CORONER,,R,JERRY B HENSLEY (I),435,33,275,127,0
Gilmer,BOARDTOWN,CORONER,,R,JERRY B HENSLEY (I),620,29,301,290,0
Gilmer,MOUNTAINTOWN,CORONER,,R,JERRY B HENSLEY (I),497,23,294,180,0
Gilmer,EAST ELLIJAY,CORONER,,R,JERRY B HENSLEY (I),732,53,313,366,0
Gilmer,ELLIJAY NORTH,CORONER,,R,JERRY B HENSLEY (I),749,67,365,316,1
Gilmer,YUKON,CORONER,,R,JERRY B HENSLEY (I),549,34,332,182,1
Gilmer,BIG CREEK,CORONER,,R,JERRY B HENSLEY (I),635,44,343,248,0
Gilmer,ELLIJAY NORTHEAST,CORONER,,R,JERRY B HENSLEY (I),846,64,306,476,0
Gilmer,,CHIEF MAGISTRATE,,R,ROGER KINCAID (I),8944,521,4600,3818,5
Gilmer,ELLIJAY SOUTH,CHIEF MAGISTRATE,,R,ROGER KINCAID (I),1194,42,535,617,0
Gilmer,CARTECAY,CHIEF MAGISTRATE,,R,ROGER KINCAID (I),719,40,408,270,1
Gilmer,TAILS CREEK,CHIEF MAGISTRATE,,R,ROGER KINCAID (I),593,16,387,189,1
Gilmer,TOWN CREEK,CHIEF MAGISTRATE,,R,ROGER KINCAID (I),442,23,273,146,0
Gilmer,LEACHES,CHIEF MAGISTRATE,,R,ROGER KINCAID (I),1000,56,504,439,1
Gilmer,CHERRY LOG,CHIEF MAGISTRATE,,R,ROGER KINCAID (I),425,32,268,125,0
Gilmer,BOARDTOWN,CHIEF MAGISTRATE,,R,ROGER KINCAID (I),616,31,296,289,0
Gilmer,MOUNTAINTOWN,CHIEF MAGISTRATE,,R,ROGER KINCAID (I),496,26,293,177,0
Gilmer,EAST ELLIJAY,CHIEF MAGISTRATE,,R,ROGER KINCAID (I),724,51,315,358,0
Gilmer,ELLIJAY NORTH,CHIEF MAGISTRATE,,R,ROGER KINCAID (I),733,66,355,311,1
Gilmer,YUKON,CHIEF MAGISTRATE,,R,ROGER KINCAID (I),552,34,333,184,1
Gilmer,BIG CREEK,CHIEF MAGISTRATE,,R,ROGER KINCAID (I),621,44,338,239,0
Gilmer,ELLIJAY NORTHEAST,CHIEF MAGISTRATE,,R,ROGER KINCAID (I),829,60,295,474,0
Gilmer,,CC P1,,R,RANDY BELL,8686,514,4456,3711,5
Gilmer,ELLIJAY SOUTH,CC P1,,R,RANDY BELL,1164,44,522,598,0
Gilmer,CARTECAY,CC P1,,R,RANDY BELL,694,39,395,259,1
Gilmer,TAILS CREEK,CC P1,,R,RANDY BELL,578,16,373,188,1
Gilmer,TOWN CREEK,CC P1,,R,RANDY BELL,436,23,268,145,0
Gilmer,LEACHES,CC P1,,R,RANDY BELL,995,56,495,443,1
Gilmer,CHERRY LOG,CC P1,,R,RANDY BELL,417,32,263,122,0
Gilmer,BOARDTOWN,CC P1,,R,RANDY BELL,595,32,287,276,0
Gilmer,MOUNTAINTOWN,CC P1,,R,RANDY BELL,490,25,287,178,0
Gilmer,EAST ELLIJAY,CC P1,,R,RANDY BELL,686,51,300,335,0
Gilmer,ELLIJAY NORTH,CC P1,,R,RANDY BELL,693,61,339,292,1
Gilmer,YUKON,CC P1,,R,RANDY BELL,519,31,309,178,1
Gilmer,BIG CREEK,CC P1,,R,RANDY BELL,614,48,323,243,0
Gilmer,ELLIJAY NORTHEAST,CC P1,,R,RANDY BELL,805,56,295,454,0
Gilmer,,Constitutional Amendment #1<br>Shall the Constitution be amended to allow state or local approval of public charter schools upon the request of local communities?,,,YES,5730,416,2661,2649,4
Gilmer,ELLIJAY SOUTH,Constitutional Amendment #1<br>Shall the Constitution be amended to allow state or local approval of public charter schools upon the request of local communities?,,,YES,749,38,308,403,0
Gilmer,CARTECAY,Constitutional Amendment #1<br>Shall the Constitution be amended to allow state or local approval of public charter schools upon the request of local communities?,,,YES,527,38,288,200,1
Gilmer,TAILS CREEK,Constitutional Amendment #1<br>Shall the Constitution be amended to allow state or local approval of public charter schools upon the request of local communities?,,,YES,344,16,205,122,1
Gilmer,TOWN CREEK,Constitutional Amendment #1<br>Shall the Constitution be amended to allow state or local approval of public charter schools upon the request of local communities?,,,YES,252,15,137,100,0
Gilmer,LEACHES,Constitutional Amendment #1<br>Shall the Constitution be amended to allow state or local approval of public charter schools upon the request of local communities?,,,YES,665,40,293,332,0
Gilmer,CHERRY LOG,Constitutional Amendment #1<br>Shall the Constitution be amended to allow state or local approval of public charter schools upon the request of local communities?,,,YES,263,24,143,96,0
Gilmer,BOARDTOWN,Constitutional Amendment #1<br>Shall the Constitution be amended to allow state or local approval of public charter schools upon the request of local communities?,,,YES,386,29,162,195,0
Gilmer,MOUNTAINTOWN,Constitutional Amendment #1<br>Shall the Constitution be amended to allow state or local approval of public charter schools upon the request of local communities?,,,YES,292,20,163,109,0
Gilmer,EAST ELLIJAY,Constitutional Amendment #1<br>Shall the Constitution be amended to allow state or local approval of public charter schools upon the request of local communities?,,,YES,432,35,160,237,0
Gilmer,ELLIJAY NORTH,Constitutional Amendment #1<br>Shall the Constitution be amended to allow state or local approval of public charter schools upon the request of local communities?,,,YES,425,47,176,201,1
Gilmer,YUKON,Constitutional Amendment #1<br>Shall the Constitution be amended to allow state or local approval of public charter schools upon the request of local communities?,,,YES,306,22,166,117,1
Gilmer,BIG CREEK,Constitutional Amendment #1<br>Shall the Constitution be amended to allow state or local approval of public charter schools upon the request of local communities?,,,YES,512,42,265,205,0
Gilmer,ELLIJAY NORTHEAST,Constitutional Amendment #1<br>Shall the Constitution be amended to allow state or local approval of public charter schools upon the request of local communities?,,,YES,577,50,195,332,0
Gilmer,,Constitutional Amendment #1<br>Shall the Constitution be amended to allow state or local approval of public charter schools upon the request of local communities?,,,NO,4857,223,2806,1828,0
Gilmer,ELLIJAY SOUTH,Constitutional Amendment #1<br>Shall the Constitution be amended to allow state or local approval of public charter schools upon the request of local communities?,,,NO,642,20,314,308,0
Gilmer,CARTECAY,Constitutional Amendment #1<br>Shall the Constitution be amended to allow state or local approval of public charter schools upon the request of local communities?,,,NO,345,23,197,125,0
Gilmer,TAILS CREEK,Constitutional Amendment #1<br>Shall the Constitution be amended to allow state or local approval of public charter schools upon the request of local communities?,,,NO,347,5,254,88,0
Gilmer,TOWN CREEK,Constitutional Amendment #1<br>Shall the Constitution be amended to allow state or local approval of public charter schools upon the request of local communities?,,,NO,276,11,198,67,0
Gilmer,LEACHES,Constitutional Amendment #1<br>Shall the Constitution be amended to allow state or local approval of public charter schools upon the request of local communities?,,,NO,495,16,298,181,0
Gilmer,CHERRY LOG,Constitutional Amendment #1<br>Shall the Constitution be amended to allow state or local approval of public charter schools upon the request of local communities?,,,NO,246,11,185,50,0
Gilmer,BOARDTOWN,Constitutional Amendment #1<br>Shall the Constitution be amended to allow state or local approval of public charter schools upon the request of local communities?,,,NO,353,10,198,145,0
Gilmer,MOUNTAINTOWN,Constitutional Amendment #1<br>Shall the Constitution be amended to allow state or local approval of public charter schools upon the request of local communities?,,,NO,298,18,179,101,0
Gilmer,EAST ELLIJAY,Constitutional Amendment #1<br>Shall the Constitution be amended to allow state or local approval of public charter schools upon the request of local communities?,,,NO,433,31,216,186,0
Gilmer,ELLIJAY NORTH,Constitutional Amendment #1<br>Shall the Constitution be amended to allow state or local approval of public charter schools upon the request of local communities?,,,NO,445,30,250,165,0
Gilmer,YUKON,Constitutional Amendment #1<br>Shall the Constitution be amended to allow state or local approval of public charter schools upon the request of local communities?,,,NO,327,17,215,95,0
Gilmer,BIG CREEK,Constitutional Amendment #1<br>Shall the Constitution be amended to allow state or local approval of public charter schools upon the request of local communities?,,,NO,255,14,147,94,0
Gilmer,ELLIJAY NORTHEAST,Constitutional Amendment #1<br>Shall the Constitution be amended to allow state or local approval of public charter schools upon the request of local communities?,,,NO,395,17,155,223,0
Gilmer,,Constitutional Amendment #2<br>Shall the Constitution be amended so as to provide for a reduction in the state's operating costs by allowing the General Assembly to authorize certain state agencies to enter into multiyear rental agreements?,,,YES,5827,390,2764,2670,3
Gilmer,ELLIJAY SOUTH,Constitutional Amendment #2<br>Shall the Constitution be amended so as to provide for a reduction in the state's operating costs by allowing the General Assembly to authorize certain state agencies to enter into multiyear rental agreements?,,,YES,812,36,345,431,0
Gilmer,CARTECAY,Constitutional Amendment #2<br>Shall the Constitution be amended so as to provide for a reduction in the state's operating costs by allowing the General Assembly to authorize certain state agencies to enter into multiyear rental agreements?,,,YES,475,34,247,193,1
Gilmer,TAILS CREEK,Constitutional Amendment #2<br>Shall the Constitution be amended so as to provide for a reduction in the state's operating costs by allowing the General Assembly to authorize certain state agencies to enter into multiyear rental agreements?,,,YES,340,16,202,122,0
Gilmer,TOWN CREEK,Constitutional Amendment #2<br>Shall the Constitution be amended so as to provide for a reduction in the state's operating costs by allowing the General Assembly to authorize certain state agencies to enter into multiyear rental agreements?,,,YES,293,16,176,101,0
Gilmer,LEACHES,Constitutional Amendment #2<br>Shall the Constitution be amended so as to provide for a reduction in the state's operating costs by allowing the General Assembly to authorize certain state agencies to enter into multiyear rental agreements?,,,YES,669,31,323,315,0
Gilmer,CHERRY LOG,Constitutional Amendment #2<br>Shall the Constitution be amended so as to provide for a reduction in the state's operating costs by allowing the General Assembly to authorize certain state agencies to enter into multiyear rental agreements?,,,YES,280,23,162,95,0
Gilmer,BOARDTOWN,Constitutional Amendment #2<br>Shall the Constitution be amended so as to provide for a reduction in the state's operating costs by allowing the General Assembly to authorize certain state agencies to enter into multiyear rental agreements?,,,YES,413,26,188,199,0
Gilmer,MOUNTAINTOWN,Constitutional Amendment #2<br>Shall the Constitution be amended so as to provide for a reduction in the state's operating costs by allowing the General Assembly to authorize certain state agencies to enter into multiyear rental agreements?,,,YES,314,25,175,114,0
Gilmer,EAST ELLIJAY,Constitutional Amendment #2<br>Shall the Constitution be amended so as to provide for a reduction in the state's operating costs by allowing the General Assembly to authorize certain state agencies to enter into multiyear rental agreements?,,,YES,450,39,173,238,0
Gilmer,ELLIJAY NORTH,Constitutional Amendment #2<br>Shall the Constitution be amended so as to provide for a reduction in the state's operating costs by allowing the General Assembly to authorize certain state agencies to enter into multiyear rental agreements?,,,YES,455,41,191,222,1
Gilmer,YUKON,Constitutional Amendment #2<br>Shall the Constitution be amended so as to provide for a reduction in the state's operating costs by allowing the General Assembly to authorize certain state agencies to enter into multiyear rental agreements?,,,YES,321,20,181,119,1
Gilmer,BIG CREEK,Constitutional Amendment #2<br>Shall the Constitution be amended so as to provide for a reduction in the state's operating costs by allowing the General Assembly to authorize certain state agencies to enter into multiyear rental agreements?,,,YES,448,39,222,187,0
Gilmer,ELLIJAY NORTHEAST,Constitutional Amendment #2<br>Shall the Constitution be amended so as to provide for a reduction in the state's operating costs by allowing the General Assembly to authorize certain state agencies to enter into multiyear rental agreements?,,,YES,557,44,179,334,0
Gilmer,,Constitutional Amendment #2<br>Shall the Constitution be amended so as to provide for a reduction in the state's operating costs by allowing the General Assembly to authorize certain state agencies to enter into multiyear rental agreements?,,,NO,4048,209,2288,1550,1
Gilmer,ELLIJAY SOUTH,Constitutional Amendment #2<br>Shall the Constitution be amended so as to provide for a reduction in the state's operating costs by allowing the General Assembly to authorize certain state agencies to enter into multiyear rental agreements?,,,NO,508,17,246,245,0
Gilmer,CARTECAY,Constitutional Amendment #2<br>Shall the Constitution be amended so as to provide for a reduction in the state's operating costs by allowing the General Assembly to authorize certain state agencies to enter into multiyear rental agreements?,,,NO,324,16,203,105,0
Gilmer,TAILS CREEK,Constitutional Amendment #2<br>Shall the Constitution be amended so as to provide for a reduction in the state's operating costs by allowing the General Assembly to authorize certain state agencies to enter into multiyear rental agreements?,,,NO,309,5,227,76,1
Gilmer,TOWN CREEK,Constitutional Amendment #2<br>Shall the Constitution be amended so as to provide for a reduction in the state's operating costs by allowing the General Assembly to authorize certain state agencies to enter into multiyear rental agreements?,,,NO,200,10,135,55,0
Gilmer,LEACHES,Constitutional Amendment #2<br>Shall the Constitution be amended so as to provide for a reduction in the state's operating costs by allowing the General Assembly to authorize certain state agencies to enter into multiyear rental agreements?,,,NO,440,26,239,175,0
Gilmer,CHERRY LOG,Constitutional Amendment #2<br>Shall the Constitution be amended so as to provide for a reduction in the state's operating costs by allowing the General Assembly to authorize certain state agencies to enter into multiyear rental agreements?,,,NO,195,10,145,40,0
Gilmer,BOARDTOWN,Constitutional Amendment #2<br>Shall the Constitution be amended so as to provide for a reduction in the state's operating costs by allowing the General Assembly to authorize certain state agencies to enter into multiyear rental agreements?,,,NO,272,12,136,124,0
Gilmer,MOUNTAINTOWN,Constitutional Amendment #2<br>Shall the Constitution be amended so as to provide for a reduction in the state's operating costs by allowing the General Assembly to authorize certain state agencies to enter into multiyear rental agreements?,,,NO,238,11,142,85,0
Gilmer,EAST ELLIJAY,Constitutional Amendment #2<br>Shall the Constitution be amended so as to provide for a reduction in the state's operating costs by allowing the General Assembly to authorize certain state agencies to enter into multiyear rental agreements?,,,NO,334,18,159,157,0
Gilmer,ELLIJAY NORTH,Constitutional Amendment #2<br>Shall the Constitution be amended so as to provide for a reduction in the state's operating costs by allowing the General Assembly to authorize certain state agencies to enter into multiyear rental agreements?,,,NO,353,33,196,124,0
Gilmer,YUKON,Constitutional Amendment #2<br>Shall the Constitution be amended so as to provide for a reduction in the state's operating costs by allowing the General Assembly to authorize certain state agencies to enter into multiyear rental agreements?,,,NO,270,17,168,85,0
Gilmer,BIG CREEK,Constitutional Amendment #2<br>Shall the Constitution be amended so as to provide for a reduction in the state's operating costs by allowing the General Assembly to authorize certain state agencies to enter into multiyear rental agreements?,,,NO,261,13,156,92,0
Gilmer,ELLIJAY NORTHEAST,Constitutional Amendment #2<br>Shall the Constitution be amended so as to provide for a reduction in the state's operating costs by allowing the General Assembly to authorize certain state agencies to enter into multiyear rental agreements?,,,NO,344,21,136,187,0
